time,pwma,pwmb,pitch,motor_a_speed,motor_b_speed,target_speed,target_angle,running_success_flag
0,-24,-24,1.99,0,0,0,1.66,1
0.005005,-16,-16,2.02,0,0,0,1.66,1
0.01001,-20,-20,2.05,0,-2,0,1.84,1
0.015015,-26,-26,2.04,0,-2,0,1.84,1
0.02002,-8,-8,1.99,-2,0,0,1.74,1
0.025025,0,0,2.04,-2,0,0,1.74,1
0.03003,-13,-13,2.07,0,-2,0,1.74,1
0.035035,-17,-17,2.02,0,-2,0,1.74,1
0.040039,-7,-7,1.95,0,0,0,1.74,1
0.045044,4,4,1.94,0,0,0,1.74,1
0.050049,1,1,1.97,0,0,0,1.83,1
0.055054,-5,-5,1.96,0,0,0,1.83,1
0.060059,6,6,1.87,0,0,0,1.83,1
0.065064,17,17,1.83,0,0,0,1.83,1
0.070069,18,18,1.85,-2,0,0,1.83,1
0.075074,11,11,1.85,-2,0,0,1.83,1
0.080078,9,9,1.81,0,0,0,1.73,1
0.085083,15,15,1.76,0,0,0,1.73,1
0.090088,11,11,1.77,2,0,0,1.82,1
0.095093,8,8,1.8,2,0,0,1.82,1
0.100098,12,12,1.76,0,0,0,1.92,1
0.105103,19,19,1.71,0,0,0,1.92,1
0.110108,33,33,1.7,0,0,0,1.83,1
0.115113,33,33,1.69,0,0,0,1.83,1
0.120118,26,26,1.66,0,0,0,1.83,1
0.125,30,30,1.56,0,0,0,1.83,1
0.130005,40,40,1.56,2,2,0,1.83,1
0.13501,40,40,1.56,2,2,0,1.83,1
0.140015,40,40,1.5,0,0,0,2.02,1
0.14502,47,47,1.38,0,0,0,2.02,1
0.150025,71,71,1.4,0,0,0,1.83,1
0.15503,67,67,1.38,0,0,0,1.83,1
0.160035,55,55,1.3,0,0,0,1.83,1
0.165039,66,66,1.09,0,0,0,1.83,1
0.170044,82,82,1.09,2,2,0,1.83,1
0.175049,72,72,1.14,2,2,0,1.83,1
0.180054,54,54,1.21,0,2,0,2.02,1
0.185059,43,43,1.09,0,2,0,2.02,1
0.190064,74,74,0.97,2,4,0,1.94,1
0.195069,85,85,0.97,2,4,0,1.94,1
0.200074,67,67,1.09,2,2,0,2.13,1
0.205078,41,41,1,2,2,0,2.13,1
0.210083,60,60,0.98,4,4,0,2.05,1
0.215088,61,61,1.05,4,4,0,2.05,1
0.220093,41,41,1.19,2,2,0,2.25,1
0.225098,19,19,1.21,2,2,0,2.25,1
0.230103,33,33,1.21,2,4,0,2.07,1
0.235108,37,37,1.28,2,4,0,2.07,1
0.240113,16,16,1.44,2,4,0,2.18,1
0.245118,-2,-2,1.48,2,4,0,2.18,1
0.25,5,5,1.5,2,4,0,2.19,1
0.255005,10,10,1.55,2,4,0,2.19,1
0.26001,8,8,1.68,2,2,0,2.2,1
0.265015,-2,-2,1.77,2,2,0,2.2,1
0.27002,-4,-4,1.78,2,2,0,2.12,1
0.275025,5,5,1.77,2,2,0,2.12,1
0.28003,6,6,1.83,2,2,0,2.12,1
0.285035,2,2,1.9,2,2,0,2.12,1
0.290039,-1,-1,1.93,2,0,0,2.13,1
0.295044,2,2,1.91,2,0,0,2.13,1
0.300049,12,12,1.9,2,0,0,2.05,1
0.305054,16,16,1.92,2,0,0,2.05,1
0.310059,9,9,1.93,0,2,0,2.05,1
0.315064,12,12,1.9,0,2,0,2.05,1
0.320069,19,19,1.87,0,0,0,2.05,1
0.325074,24,24,1.82,0,0,0,2.05,1
0.330078,29,29,1.79,0,0,0,1.96,1
0.335083,32,32,1.79,0,0,0,1.96,1
0.340088,23,23,1.76,0,0,0,1.96,1
0.345093,25,25,1.64,0,0,0,1.96,1
0.350098,36,36,1.6,0,0,0,1.96,1
0.355103,34,34,1.67,0,0,0,1.96,1
0.360108,18,18,1.72,0,0,0,1.96,1
0.365113,10,10,1.62,0,0,0,1.96,1
0.370118,23,23,1.55,0,0,0,1.96,1
0.375,30,30,1.59,0,0,0,1.96,1
0.380005,17,17,1.69,2,2,0,1.96,1
0.38501,2,2,1.66,2,2,0,1.96,1
0.390015,9,9,1.59,0,0,0,2.15,1
0.39502,20,20,1.59,0,0,0,2.15,1
0.400025,29,29,1.69,0,0,0,1.97,1
0.40503,12,12,1.73,0,0,0,1.97,1
0.410035,-2,-2,1.68,2,0,0,1.97,1
0.415039,8,8,1.67,2,0,0,1.97,1
0.420044,8,8,1.75,0,0,0,2.07,1
0.425049,-5,-5,1.83,0,0,0,2.07,1
0.430054,-5,-5,1.82,0,0,0,1.97,1
0.435059,1,1,1.81,0,0,0,1.97,1
0.440064,-1,-1,1.85,2,0,0,1.97,1
0.445069,-7,-7,1.91,2,0,0,1.97,1
0.450074,-13,-13,1.91,0,0,0,2.07,1
0.455078,-10,-10,1.89,0,0,0,2.07,1
0.460083,0,0,1.92,-2,0,0,1.98,1
0.465088,-5,-5,2,-2,0,0,1.98,1
0.470093,-21,-21,2.02,0,0,0,1.88,1
0.475098,-21,-21,2,0,0,0,1.88,1
0.480103,-26,-26,2.03,0,0,0,1.97,1
0.485108,-30,-30,2.13,0,0,0,1.97,1
0.490113,-35,-35,2.15,0,0,0,1.97,1
0.495118,-36,-36,2.16,0,0,0,1.97,1
0.5,-37,-37,2.21,0,0,0,1.97,1
0.505005,-42,-42,2.33,0,0,0,1.97,1
0.51001,-53,-53,2.32,-2,-2,0,1.97,1
0.515015,-51,-51,2.34,-2,-2,0,1.97,1
0.52002,-53,-53,2.42,0,0,0,1.78,1
0.525025,-61,-61,2.54,0,0,0,1.78,1
0.53003,-85,-85,2.52,0,-2,0,1.97,1
0.535035,-80,-80,2.54,0,-2,0,1.97,1
0.540039,-69,-69,2.66,0,0,0,1.87,1
0.545044,-82,-82,2.93,0,0,0,1.87,1
0.550049,-107,-107,2.9,-2,-2,0,1.96,1
0.555054,-87,-87,2.8,-2,-2,0,1.96,1
0.560059,-53,-53,2.74,-2,-2,0,1.77,1
0.565064,-40,-40,2.85,-2,-2,0,1.77,1
0.570069,-65,-65,2.81,-4,-4,0,1.76,1
0.575074,-59,-59,2.78,-4,-4,0,1.76,1
0.580078,-49,-49,2.66,-2,-4,0,1.57,1
0.585083,-30,-30,2.7,-2,-4,0,1.57,1
0.590088,-46,-46,2.65,-2,-4,0,1.65,1
0.595093,-42,-42,2.58,-2,-4,0,1.65,1
0.600098,-30,-30,2.48,-2,-2,0,1.63,1
0.605103,-20,-20,2.5,-2,-2,0,1.63,1
0.610108,-25,-25,2.46,-2,-4,0,1.72,1
0.615113,-26,-26,2.41,-2,-4,0,1.72,1
0.620118,-15,-15,2.3,-4,-4,0,1.61,1
0.625,-4,-4,2.26,-4,-4,0,1.61,1
0.630005,-12,-12,2.22,-2,-2,0,1.51,1
0.63501,-14,-14,2.17,-2,-2,0,1.51,1
0.640015,-21,-21,2.09,-2,-2,0,1.68,1
0.64502,-16,-16,2.05,-2,-2,0,1.68,1
0.650025,-5,-5,2.04,-2,-2,0,1.67,1
0.65503,-9,-9,2.01,-2,-2,0,1.67,1
0.660035,-9,-9,1.96,-2,0,0,1.66,1
0.665039,-8,-8,1.96,-2,0,0,1.66,1
0.670044,-13,-13,1.97,-2,0,0,1.75,1
0.675049,-17,-17,1.96,-2,0,0,1.75,1
0.680054,-11,-11,1.93,-2,0,0,1.75,1
0.685059,-9,-9,1.97,-2,0,0,1.75,1
0.690064,-15,-15,1.99,-2,-2,0,1.74,1
0.695069,-19,-19,1.98,-2,-2,0,1.74,1
0.700074,-16,-16,1.96,0,0,0,1.64,1
0.705078,-12,-12,1.99,0,0,0,1.64,1
0.710083,-25,-25,2.03,-2,-2,0,1.83,1
0.715088,-30,-30,2.03,-2,-2,0,1.83,1
0.720093,-13,-13,1.99,0,0,0,1.64,1
0.725098,-6,-6,2.05,0,0,0,1.64,1
0.730103,-26,-26,2.09,0,-2,0,1.82,1
0.735108,-29,-29,2.03,0,-2,0,1.82,1
0.740113,-4,-4,1.96,0,0,0,1.72,1
0.745118,8,8,1.99,0,0,0,1.72,1
0.75,-4,-4,2.04,0,0,0,1.81,1
0.755005,-11,-11,1.99,0,0,0,1.81,1
0.76001,7,7,1.88,0,-2,0,1.81,1
0.765015,23,23,1.82,0,-2,0,1.81,1
0.77002,25,25,1.83,-2,0,0,1.72,1
0.775025,18,18,1.83,-2,0,0,1.72,1
0.78003,8,8,1.77,0,0,0,1.72,1
0.785035,16,16,1.64,0,0,0,1.72,1
0.790039,26,26,1.65,0,2,0,1.81,1
0.795044,19,19,1.72,0,2,0,1.81,1
0.800049,15,15,1.7,0,0,0,1.9,1
0.805054,19,19,1.61,0,0,0,1.9,1
0.810059,39,39,1.59,2,0,0,1.81,1
0.815064,41,41,1.59,2,0,0,1.81,1
0.820069,32,32,1.58,0,2,0,1.91,1
0.825074,34,34,1.46,0,2,0,1.91,1
0.830078,53,53,1.47,2,0,0,1.91,1
0.835083,52,52,1.45,2,0,0,1.91,1
0.840088,55,55,1.38,2,0,0,1.91,1
0.845093,62,62,1.29,2,0,0,1.91,1
0.850098,69,69,1.26,0,2,0,1.92,1
0.855103,69,69,1.26,0,2,0,1.92,1
0.860108,65,65,1.29,2,0,0,1.92,1
0.865113,55,55,1.17,2,0,0,1.92,1
0.870118,62,62,1.17,2,2,0,1.93,1
0.875,61,61,1.16,2,2,0,1.93,1
0.880005,58,58,1.14,2,0,0,2.02,1
0.88501,54,54,1.07,2,0,0,2.02,1
0.890015,63,63,1.08,2,2,0,1.94,1
0.89502,56,56,1.16,2,2,0,1.94,1
0.900025,36,36,1.27,2,2,0,2.04,1
0.90503,24,24,1.16,2,2,0,2.04,1
0.910035,46,46,1.14,2,2,0,2.04,1
0.915039,50,50,1.21,2,2,0,2.04,1
0.920044,36,36,1.33,2,2,0,2.05,1
0.925049,21,21,1.31,2,2,0,2.05,1
0.930054,29,29,1.28,2,2,0,2.06,1
0.935059,35,35,1.34,2,2,0,2.06,1
0.940064,27,27,1.47,2,4,0,2.07,1
0.945069,11,11,1.48,2,4,0,2.07,1
0.950074,16,16,1.42,2,2,0,2.17,1
0.955078,28,28,1.45,2,2,0,2.17,1
0.960083,35,35,1.56,2,2,0,2.09,1
0.965088,22,22,1.59,2,2,0,2.09,1
0.970093,17,17,1.57,2,2,0,2.1,1
0.975098,26,26,1.58,2,2,0,2.1,1
0.980103,28,28,1.63,2,2,0,2.1,1
0.985108,22,22,1.62,2,2,0,2.1,1
0.990113,26,26,1.6,0,0,0,2.11,1
0.995118,32,32,1.61,0,0,0,2.11,1
1,30,30,1.67,2,2,0,1.93,1
1.005005,22,22,1.63,2,2,0,1.93,1
1.01001,15,15,1.59,2,0,0,2.12,1
1.015015,21,21,1.6,2,0,0,2.12,1
1.02002,31,31,1.67,0,2,0,2.03,1
1.025025,20,20,1.67,0,2,0,2.03,1
1.03003,18,18,1.63,0,2,0,2.04,1
1.035035,25,25,1.63,0,2,0,2.04,1
1.040039,24,24,1.69,0,2,0,2.04,1
1.045044,16,16,1.66,0,2,0,2.04,1
1.050049,22,22,1.62,2,2,0,2.05,1
1.055054,30,30,1.62,2,2,0,2.05,1
1.060059,27,27,1.66,0,0,0,2.14,1
1.065064,19,19,1.62,0,0,0,2.14,1
1.070069,32,32,1.58,0,0,0,1.96,1
1.075074,36,36,1.62,0,0,0,1.96,1
1.080078,13,13,1.7,0,0,0,1.96,1
1.085083,1,1,1.65,0,0,0,1.96,1
1.090088,6,6,1.61,0,0,0,1.96,1
1.095093,11,11,1.66,0,0,0,1.96,1
1.100098,1,1,1.77,0,0,0,1.96,1
1.105103,-15,-15,1.83,0,0,0,1.96,1
1.110108,-16,-16,1.8,2,2,0,1.96,1
1.115113,-6,-6,1.79,2,2,0,1.96,1
1.120118,-3,-3,1.87,0,0,0,2.15,1
1.125,-13,-13,1.96,0,0,0,2.15,1
1.130005,-6,-6,1.95,0,0,0,1.97,1
1.13501,2,2,1.89,0,0,0,1.97,1
1.140015,-3,-3,1.91,0,0,0,1.97,1
1.14502,-7,-7,1.97,0,0,0,1.97,1
1.150025,-18,-18,2.01,0,0,0,1.97,1
1.15503,-21,-21,2,0,0,0,1.97,1
1.160035,-18,-18,2,0,0,0,1.97,1
1.165039,-20,-20,2.12,0,0,0,1.97,1
1.170044,-33,-33,2.14,0,0,0,1.97,1
1.175049,-36,-36,2.13,0,0,0,1.97,1
1.180054,-33,-33,2.16,0,-2,0,1.97,1
1.185059,-37,-37,2.27,0,-2,0,1.97,1
1.190064,-49,-49,2.28,-2,-2,0,1.88,1
1.195069,-50,-50,2.3,-2,-2,0,1.88,1
1.200074,-59,-59,2.38,0,0,0,1.78,1
1.205078,-67,-67,2.52,0,0,0,1.78,1
1.210083,-85,-85,2.52,-2,-2,0,1.96,1
1.215088,-82,-82,2.57,-2,-2,0,1.96,1
1.220093,-72,-72,2.66,0,-2,0,1.77,1
1.225098,-77,-77,2.89,0,-2,0,1.77,1
1.230103,-103,-103,2.87,-4,-2,0,1.86,1
1.235108,-90,-90,2.85,-4,-2,0,1.86,1
1.240113,-70,-70,2.79,0,-2,0,1.66,1
1.245118,-58,-58,2.95,0,-2,0,1.66,1
1.25,-86,-86,2.94,-4,-4,0,1.84,1
1.255005,-80,-80,2.87,-4,-4,0,1.84,1
1.26001,-47,-47,2.73,-4,-2,0,1.55,1
1.265015,-25,-25,2.82,-4,-2,0,1.55,1
1.27002,-54,-54,2.73,-2,-4,0,1.63,1
1.275025,-45,-45,2.68,-2,-4,0,1.63,1
1.28003,-30,-30,2.54,-4,-4,0,1.62,1
1.285035,-13,-13,2.46,-4,-4,0,1.62,1
1.290039,-8,-8,2.37,-4,-2,0,1.51,1
1.295044,-3,-3,2.29,-4,-2,0,1.51,1
1.300049,-9,-9,2.2,-4,-2,0,1.59,1
1.305054,-5,-5,2.08,-4,-2,0,1.59,1
1.310059,7,7,2.01,-2,-2,0,1.58,1
1.315064,5,5,1.99,-2,-2,0,1.58,1
1.320069,-3,-3,1.93,-2,-2,0,1.66,1
1.325074,-6,-6,1.87,-2,-2,0,1.66,1
1.330078,-2,-2,1.86,-2,-2,0,1.65,1
1.335083,-8,-8,1.88,-2,-2,0,1.65,1
1.340088,-18,-18,1.89,-2,-2,0,1.64,1
1.345093,-25,-25,1.93,-2,-2,0,1.64,1
1.350098,-33,-33,1.99,0,0,0,1.64,1
1.355103,-41,-41,2,0,0,0,1.64,1
1.360108,-41,-41,2.01,-2,0,0,1.82,1
1.365113,-38,-38,2.15,-2,0,0,1.82,1
1.370118,-37,-37,2.18,-2,-2,0,1.72,1
1.375,-38,-38,2.17,-2,-2,0,1.72,1
1.380005,-36,-36,2.12,-2,0,0,1.62,1
1.38501,-24,-24,2.2,-2,0,0,1.62,1
1.390015,-40,-40,2.26,-2,-2,0,1.71,1
1.39502,-46,-46,2.23,-2,-2,0,1.71,1
1.400025,-30,-30,2.15,0,-2,0,1.61,1
1.40503,-16,-16,2.19,0,-2,0,1.61,1
1.410035,-27,-27,2.23,-2,0,0,1.7,1
1.415039,-31,-31,2.19,-2,0,0,1.7,1
1.420044,-13,-13,2.06,0,-2,0,1.7,1
1.425049,6,6,2.03,0,-2,0,1.7,1
1.430054,8,8,2.04,-2,-2,0,1.69,1
1.435059,2,2,2.01,-2,-2,0,1.69,1
1.440064,5,5,1.89,0,-2,0,1.59,1
1.445069,23,23,1.77,0,-2,0,1.59,1
1.450074,23,23,1.72,0,-2,0,1.68,1
1.455078,20,20,1.75,0,-2,0,1.68,1
1.460083,15,15,1.75,0,0,0,1.68,1
1.465088,12,12,1.62,0,0,0,1.68,1
1.470093,24,24,1.6,0,0,0,1.77,1
1.475098,22,22,1.64,0,0,0,1.77,1
1.480103,19,19,1.65,0,0,0,1.77,1
1.485108,17,17,1.59,0,0,0,1.77,1
1.490113,27,27,1.57,2,0,0,1.77,1
1.495118,32,32,1.55,2,0,0,1.77,1
1.5,34,34,1.54,0,0,0,1.86,1
1.505005,35,35,1.48,0,0,0,1.86,1
1.51001,47,47,1.47,0,0,0,1.77,1
1.515015,49,49,1.46,0,0,0,1.77,1
1.52002,47,47,1.39,0,0,0,1.77,1
1.525025,55,55,1.25,0,0,0,1.77,1
1.53003,64,64,1.24,0,2,0,1.77,1
1.535035,61,61,1.25,0,2,0,1.77,1
1.540039,55,55,1.2,2,2,0,1.87,1
1.545044,57,57,1.06,2,2,0,1.87,1
1.550049,74,74,1.09,2,2,0,1.96,1
1.555054,67,67,1.11,2,2,0,1.96,1
1.560059,68,68,1.11,2,2,0,1.97,1
1.565064,69,69,0.91,2,2,0,1.97,1
1.570069,88,88,0.87,4,2,0,1.98,1
1.575074,85,85,0.95,4,2,0,1.98,1
1.580078,61,61,1.09,0,2,0,2.08,1
1.585083,41,41,1.01,0,2,0,2.08,1
1.590088,61,61,0.97,4,4,0,1.91,1
1.595093,69,69,0.95,4,4,0,1.91,1
1.600098,47,47,1.12,4,2,0,2.19,1
1.605103,20,20,1.13,4,2,0,2.19,1
1.610108,42,42,1.11,4,4,0,2.12,1
1.615113,48,48,1.15,4,4,0,2.12,1
1.620118,40,40,1.28,2,4,0,2.22,1
1.625,24,24,1.31,2,4,0,2.22,1
1.630005,30,30,1.34,2,4,0,2.14,1
1.63501,32,32,1.4,2,4,0,2.14,1
1.640015,21,21,1.51,2,4,0,2.16,1
1.64502,11,11,1.56,2,4,0,2.16,1
1.650025,11,11,1.57,2,2,0,2.17,1
1.65503,17,17,1.6,2,2,0,2.17,1
1.660035,17,17,1.68,2,2,0,2.08,1
1.665039,10,10,1.73,2,2,0,2.08,1
1.670044,2,2,1.75,2,2,0,2.09,1
1.675049,6,6,1.77,2,2,0,2.09,1
1.680054,9,9,1.81,2,2,0,2.1,1
1.685059,7,7,1.84,2,2,0,2.1,1
1.690064,10,10,1.84,0,0,0,2.11,1
1.695069,15,15,1.83,0,0,0,2.11,1
1.700074,20,20,1.84,2,0,0,1.93,1
1.705078,22,22,1.8,2,0,0,1.93,1
1.710083,15,15,1.77,0,0,0,2.02,1
1.715088,19,19,1.78,0,0,0,2.02,1
1.720093,24,24,1.78,2,0,0,1.93,1
1.725098,23,23,1.72,2,0,0,1.93,1
1.730103,24,24,1.68,0,0,0,2.03,1
1.735108,30,30,1.68,0,0,0,2.03,1
1.740113,34,34,1.7,0,0,0,1.93,1
1.745118,29,29,1.61,0,0,0,1.93,1
1.75,32,32,1.54,0,2,0,1.93,1
1.755005,37,37,1.57,0,2,0,1.93,1
1.76001,26,26,1.63,0,0,0,2.03,1
1.765015,16,16,1.53,0,0,0,2.03,1
1.77002,33,33,1.47,0,2,0,1.94,1
1.775025,39,39,1.5,0,2,0,1.94,1
1.78003,21,21,1.6,0,0,0,2.03,1
1.785035,5,5,1.55,0,0,0,2.03,1
1.790039,18,18,1.48,0,2,0,1.94,1
1.795044,26,26,1.52,0,2,0,1.94,1
1.800049,9,9,1.64,0,0,0,2.04,1
1.805054,-11,-11,1.68,0,0,0,2.04,1
1.810059,-5,-5,1.65,0,0,0,1.95,1
1.815064,4,4,1.68,0,0,0,1.95,1
1.820069,-8,-8,1.8,0,0,0,1.95,1
1.825074,-25,-25,1.91,0,0,0,1.95,1
1.830078,-33,-33,1.92,2,0,0,1.95,1
1.835083,-25,-25,1.9,2,0,0,1.95,1
1.840088,-19,-19,1.96,0,0,0,2.04,1
1.845093,-26,-26,2.1,0,0,0,2.04,1
1.850098,-32,-32,2.11,0,0,0,1.95,1
1.855103,-26,-26,2.06,0,0,0,1.95,1
1.860108,-25,-25,2.09,0,0,0,1.95,1
1.865113,-29,-29,2.18,0,0,0,1.95,1
1.870118,-41,-41,2.22,-2,-2,0,1.95,1
1.875,-46,-46,2.24,-2,-2,0,1.95,1
1.880005,-48,-48,2.28,0,-2,0,1.76,1
1.88501,-52,-52,2.42,0,-2,0,1.76,1
1.890015,-78,-78,2.41,0,-2,0,1.85,1
1.89502,-77,-77,2.45,0,-2,0,1.85,1
1.900025,-85,-85,2.55,-2,0,0,1.84,1
1.90503,-104,-104,2.8,-2,0,0,1.84,1
1.910035,-92,-92,2.82,-2,-4,0,1.84,1
1.915039,-75,-75,2.83,-2,-4,0,1.84,1
1.920044,-63,-63,2.79,-2,-2,0,1.65,1
1.925049,-84,-84,2.89,-2,-2,0,1.65,1
1.930054,-77,-77,2.88,-2,-4,0,1.73,1
1.935059,-62,-62,2.85,-2,-4,0,1.73,1
1.940064,-47,-47,2.76,-2,-2,0,1.63,1
1.945069,-60,-60,2.83,-2,-2,0,1.63,1
1.950074,-56,-56,2.8,-4,-4,0,1.71,1
1.955078,-35,-35,2.71,-4,-4,0,1.71,1
1.960083,-18,-18,2.58,-4,-2,0,1.51,1
1.965088,-35,-35,2.58,-4,-2,0,1.51,1
1.970093,-32,-32,2.52,-2,-4,0,1.59,1
1.975098,-24,-24,2.47,-2,-4,0,1.59,1
1.980103,-14,-14,2.36,-2,-2,0,1.58,1
1.985108,-15,-15,2.32,-2,-2,0,1.58,1
1.990113,-16,-16,2.28,-2,-2,0,1.66,1
1.995118,-9,-9,2.24,-2,-2,0,1.66,1
2,-4,-4,2.16,-4,-2,0,1.65,1
2.005005,-5,-5,2.12,-4,-2,0,1.65,1
2.01001,-7,-7,2.08,-2,-2,0,1.55,1
2.015015,-18,-18,2.07,-2,-2,0,1.55,1
2.02002,-17,-17,2.02,-2,-2,0,1.63,1
2.025025,-11,-11,1.98,-2,-2,0,1.63,1
2.03003,-14,-14,1.95,-2,0,0,1.62,1
2.035035,-20,-20,1.95,-2,0,0,1.62,1
2.040039,-24,-24,1.95,-2,0,0,1.71,1
2.045044,-24,-24,1.99,-2,0,0,1.71,1
2.050049,-29,-29,2.02,0,0,0,1.71,1
2.055054,-27,-27,2.01,0,0,0,1.71,1
2.060059,-27,-27,2.01,0,-2,0,1.8,1
2.065064,-30,-30,2.11,0,-2,0,1.8,1
2.070069,-31,-31,2.15,-2,-2,0,1.7,1
2.075074,-26,-26,2.1,-2,-2,0,1.7,1
2.080078,-19,-19,2.06,-2,0,0,1.6,1
2.085083,-34,-34,2.11,-2,0,0,1.6,1
2.090088,-40,-40,2.17,-2,-2,0,1.69,1
2.095093,-25,-25,2.15,-2,-2,0,1.69,1
2.100098,-11,-11,2.07,-2,0,0,1.59,1
2.105103,-26,-26,2.15,-2,0,0,1.59,1
2.110108,-29,-29,2.17,0,-2,0,1.68,1
2.115113,-9,-9,2.11,0,-2,0,1.68,1
2.120118,8,8,2.01,-2,-2,0,1.68,1
2.125,5,5,2,-2,-2,0,1.68,1
2.130005,0,0,2.01,0,0,0,1.58,1
2.13501,-4,-4,2,0,0,0,1.58,1
2.140015,12,12,1.89,0,0,0,1.76,1
2.14502,34,34,1.77,0,0,0,1.76,1
2.150025,29,29,1.75,0,0,0,1.76,1
2.15503,23,23,1.77,0,0,0,1.76,1
2.160035,28,28,1.72,0,0,0,1.76,1
2.165039,42,42,1.57,0,0,0,1.76,1
2.170044,36,36,1.56,0,0,0,1.76,1
2.175049,24,24,1.62,0,0,0,1.76,1
2.180054,25,25,1.61,0,0,0,1.76,1
2.185059,40,40,1.5,0,0,0,1.76,1
2.190064,43,43,1.48,2,2,0,1.76,1
2.195069,43,43,1.47,2,2,0,1.76,1
2.200074,47,47,1.44,0,0,0,1.95,1
2.205078,71,71,1.33,0,0,0,1.95,1
2.210083,71,71,1.34,2,0,0,1.77,1
2.215088,62,62,1.3,2,0,0,1.77,1
2.220093,74,74,1.18,2,0,0,1.86,1
2.225098,90,90,1,2,0,0,1.86,1
2.230103,77,77,1,2,2,0,1.87,1
2.235108,59,59,1.05,2,2,0,1.87,1
2.240113,51,51,1.12,0,2,0,1.96,1
2.245118,76,76,0.99,0,2,0,1.96,1
2.25,83,83,0.92,2,2,0,1.88,1
2.255005,67,67,0.93,2,2,0,1.88,1
2.26001,53,53,0.97,4,2,0,1.98,1
2.265015,65,65,0.88,4,2,0,1.98,1
2.27002,62,62,0.87,4,4,0,2.08,1
2.275025,54,54,0.96,4,4,0,2.08,1
2.28003,35,35,1.09,2,2,0,2.19,1
2.285035,50,50,1.06,2,2,0,2.19,1
2.290039,52,52,1.08,4,2,0,2.01,1
2.295044,32,32,1.15,4,2,0,2.01,1
2.300049,17,17,1.27,2,2,0,2.12,1
2.305054,28,28,1.27,2,2,0,2.12,1
2.310059,32,32,1.27,4,4,0,2.03,1
2.315064,18,18,1.33,4,4,0,2.03,1
2.320069,4,4,1.46,2,4,0,2.23,1
2.325074,25,25,1.48,2,4,0,2.23,1
2.330078,35,35,1.45,2,4,0,2.15,1
2.335083,28,28,1.47,2,4,0,2.15,1
2.340088,17,17,1.57,2,2,0,2.16,1
2.345093,21,21,1.57,2,2,0,2.16,1
2.350098,30,30,1.55,2,2,0,2.08,1
2.355103,21,21,1.57,2,2,0,2.08,1
2.360108,12,12,1.64,2,2,0,2.09,1
2.365113,15,15,1.65,2,2,0,2.09,1
2.370118,22,22,1.63,2,2,0,2.1,1
2.375,22,22,1.63,2,2,0,2.1,1
2.380005,13,13,1.7,2,2,0,2.1,1
2.38501,14,14,1.71,2,2,0,2.1,1
2.390015,20,20,1.7,0,0,0,2.11,1
2.39502,22,22,1.71,0,0,0,2.11,1
2.400025,18,18,1.74,0,2,0,1.93,1
2.40503,8,8,1.72,0,2,0,1.93,1
2.410035,11,11,1.7,0,2,0,2.03,1
2.415039,16,16,1.71,0,2,0,2.03,1
2.420044,10,10,1.75,0,2,0,2.03,1
2.425049,11,11,1.77,0,2,0,2.03,1
2.430054,18,18,1.75,0,0,0,2.03,1
2.435059,20,20,1.74,0,0,0,2.03,1
2.440064,17,17,1.77,0,2,0,1.94,1
2.445069,14,14,1.74,0,2,0,1.94,1
2.450074,18,18,1.72,2,0,0,2.04,1
2.455078,24,24,1.71,2,0,0,2.04,1
2.460083,20,20,1.73,0,0,0,2.04,1
2.465088,24,24,1.71,0,0,0,2.04,1
2.470093,29,29,1.67,0,0,0,1.95,1
2.475098,17,17,1.69,0,0,0,1.95,1
2.480103,11,11,1.72,0,0,0,1.95,1
2.485108,18,18,1.66,0,0,0,1.95,1
2.490113,19,19,1.62,0,2,0,1.95,1
2.495118,6,6,1.69,0,2,0,1.95,1
2.5,-4,-4,1.76,0,0,0,2.05,1
2.505005,8,8,1.76,0,0,0,2.05,1
2.51001,16,16,1.71,0,0,0,1.95,1
2.515015,3,3,1.73,0,0,0,1.95,1
2.52002,-8,-8,1.8,0,0,0,1.95,1
2.525025,-8,-8,1.82,0,0,0,1.95,1
2.53003,-2,-2,1.8,0,0,0,1.95,1
2.535035,-7,-7,1.82,0,0,0,1.95,1
2.540039,-17,-17,1.88,0,0,0,1.95,1
2.545044,-21,-21,1.94,0,0,0,1.95,1
2.550049,-17,-17,1.93,0,0,0,1.95,1
2.555054,-16,-16,1.91,0,0,0,1.95,1
2.560059,-25,-25,1.98,0,0,0,1.95,1
2.565064,-35,-35,2.07,0,0,0,1.95,1
2.570069,-34,-34,2.08,0,0,0,1.95,1
2.575074,-32,-32,2.07,0,0,0,1.95,1
2.580078,-39,-39,2.12,0,0,0,1.95,1
2.585083,-52,-52,2.23,0,0,0,1.95,1
2.590088,-53,-53,2.26,-2,-2,0,1.95,1
2.595093,-54,-54,2.27,-2,-2,0,1.95,1
2.600098,-61,-61,2.35,-2,-2,0,1.76,1
2.605103,-89,-89,2.5,-2,-2,0,1.76,1
2.610108,-86,-86,2.49,-2,-2,0,1.76,1
2.615113,-91,-91,2.55,-2,-2,0,1.76,1
2.620118,-98,-98,2.64,0,0,0,1.75,1
2.625,-113,-113,2.88,0,0,0,1.75,1
2.630005,-104,-104,2.92,-4,-2,0,1.93,1
2.63501,-73,-73,2.92,-4,-2,0,1.93,1
2.640015,-60,-60,2.87,-2,-2,0,1.65,1
2.64502,-91,-91,3.02,-2,-2,0,1.65,1
2.650025,-81,-81,2.98,-2,-4,0,1.73,1
2.65503,-59,-59,2.93,-2,-4,0,1.73,1
2.660035,-39,-39,2.8,-2,-4,0,1.63,1
2.665039,-53,-53,2.87,-2,-4,0,1.63,1
2.670044,-45,-45,2.78,-4,-4,0,1.61,1
2.675049,-34,-34,2.69,-4,-4,0,1.61,1
2.680054,-19,-19,2.58,-2,-4,0,1.51,1
2.685059,-22,-22,2.51,-2,-4,0,1.51,1
2.690064,-18,-18,2.42,-2,-4,0,1.59,1
2.695069,-12,-12,2.35,-2,-4,0,1.59,1
2.700074,-9,-9,2.26,-2,-2,0,1.57,1
2.705078,-9,-9,2.21,-2,-2,0,1.57,1
2.710083,-7,-7,2.15,-2,-4,0,1.66,1
2.715088,-1,-1,2.09,-2,-4,0,1.66,1
2.720093,-4,-4,2.05,-2,-2,0,1.55,1
2.725098,-15,-15,2.03,-2,-2,0,1.55,1
2.730103,-16,-16,2,-2,-2,0,1.64,1
2.735108,-10,-10,1.97,-2,-2,0,1.64,1
2.740113,-13,-13,1.93,-2,-2,0,1.63,1
2.745118,-24,-24,1.98,-2,-2,0,1.63,1
2.75,-29,-29,2.01,-2,0,0,1.62,1
2.755005,-24,-24,1.98,-2,0,0,1.62,1
2.76001,-22,-22,1.95,0,-2,0,1.71,1
2.765015,-26,-26,2.02,0,-2,0,1.71,1
2.77002,-31,-31,2.05,-2,-2,0,1.7,1
2.775025,-27,-27,2.05,-2,-2,0,1.7,1
2.78003,-21,-21,2.02,0,0,0,1.6,1
2.785035,-37,-37,2.1,0,0,0,1.6,1
2.790039,-42,-42,2.16,0,-2,0,1.79,1
2.795044,-15,-15,2.1,0,-2,0,1.79,1
2.800049,-3,-3,2.03,0,0,0,1.69,1
2.805054,-19,-19,2.1,0,0,0,1.69,1
2.810059,-24,-24,2.15,-2,-2,0,1.78,1
2.815064,-6,-6,2.1,-2,-2,0,1.78,1
2.820069,11,11,2.01,0,-2,0,1.59,1
2.825074,-4,-4,1.98,0,-2,0,1.59,1
2.830078,-8,-8,2,-2,0,0,1.68,1
2.835083,1,1,1.98,-2,0,0,1.68,1
2.840088,14,14,1.88,0,-2,0,1.68,1
2.845093,19,19,1.8,0,-2,0,1.68,1
2.850098,13,13,1.79,0,0,0,1.67,1
2.855103,9,9,1.8,0,0,0,1.67,1
2.860108,14,14,1.74,0,0,0,1.76,1
2.865113,29,29,1.63,0,0,0,1.76,1
2.870118,23,23,1.62,0,0,0,1.76,1
2.875,12,12,1.68,0,0,0,1.76,1
2.880005,11,11,1.69,0,0,0,1.76,1
2.88501,21,21,1.64,0,0,0,1.76,1
2.890015,25,25,1.61,0,0,0,1.76,1
2.89502,24,24,1.62,0,0,0,1.76,1
2.900025,25,25,1.6,0,0,0,1.76,1
2.90503,30,30,1.56,0,0,0,1.76,1
2.910035,32,32,1.56,0,0,0,1.76,1
2.915039,36,36,1.54,0,0,0,1.76,1
2.920044,41,41,1.49,0,0,0,1.76,1
2.925049,46,46,1.42,0,0,0,1.76,1
2.930054,45,45,1.43,0,0,0,1.76,1
2.935059,52,52,1.37,0,0,0,1.76,1
2.940064,59,59,1.29,0,0,0,1.76,1
2.945069,66,66,1.15,0,0,0,1.76,1
2.950074,57,57,1.15,0,2,0,1.76,1
2.955078,46,46,1.2,0,2,0,1.76,1
2.960083,45,45,1.21,0,2,0,1.86,1
2.965088,69,69,1.06,0,2,0,1.86,1
2.970093,68,68,1.07,2,2,0,1.86,1
2.975098,60,60,1.11,2,2,0,1.86,1
2.980103,61,61,1.1,0,2,0,1.96,1
2.985108,88,88,0.92,0,2,0,1.96,1
2.990113,85,85,0.86,4,2,0,1.87,1
2.995118,53,53,0.97,4,2,0,1.87,1
3,32,32,1.1,0,2,0,2.07,1
3.005005,61,61,1.01,0,2,0,2.07,1
3.01001,72,72,0.92,4,2,0,1.89,1
3.015015,44,44,0.98,4,2,0,1.89,1
3.02002,16,16,1.14,2,2,0,2.08,1
3.025025,34,34,1.12,2,2,0,2.08,1
3.03003,39,39,1.1,4,4,0,2,1
3.035035,31,31,1.12,4,4,0,2,1
3.040039,11,11,1.25,2,4,0,2.2,1
3.045044,20,20,1.31,2,4,0,2.2,1
3.050049,22,22,1.36,4,2,0,2.12,1
3.055054,19,19,1.4,4,2,0,2.12,1
3.060059,15,15,1.47,4,2,0,2.13,1
3.065064,17,17,1.5,4,2,0,2.13,1
3.070069,18,18,1.53,2,4,0,2.14,1
3.075074,17,17,1.59,2,4,0,2.14,1
3.080078,16,16,1.65,2,0,0,2.16,1
3.085083,25,25,1.63,2,0,0,2.16,1
3.090088,31,31,1.61,2,2,0,1.98,1
3.095093,14,14,1.64,2,2,0,1.98,1
3.100098,10,10,1.69,2,2,0,2.08,1
3.105103,28,28,1.64,2,2,0,2.08,1
3.110108,35,35,1.59,0,2,0,2.08,1
3.115113,26,26,1.63,0,2,0,2.08,1
3.120118,16,16,1.7,0,0,0,2,1
3.125,17,17,1.65,0,0,0,2,1
3.130005,24,24,1.6,2,2,0,1.91,1
3.13501,9,9,1.63,2,2,0,1.91,1
3.140015,-4,-4,1.71,2,0,0,2.1,1
3.14502,13,13,1.72,2,0,0,2.1,1
3.150025,21,21,1.67,2,2,0,2.01,1
3.15503,12,12,1.68,2,2,0,2.01,1
3.160035,1,1,1.76,0,2,0,2.11,1
3.165039,10,10,1.76,0,2,0,2.11,1
3.170044,17,17,1.72,0,2,0,2.02,1
3.175049,8,8,1.74,0,2,0,2.02,1
3.180054,-2,-2,1.81,2,2,0,2.03,1
3.185059,-2,-2,1.83,2,2,0,2.03,1
3.190064,4,4,1.81,0,0,0,2.12,1
3.195069,11,11,1.82,0,0,0,2.12,1
3.200074,4,4,1.88,0,0,0,1.94,1
3.205078,-12,-12,1.93,0,0,0,1.94,1
3.210083,-5,-5,1.91,0,0,0,1.94,1
3.215088,0,0,1.87,0,0,0,1.94,1
3.220093,-3,-3,1.88,0,2,0,1.94,1
3.225098,-10,-10,1.93,0,2,0,1.94,1
3.230103,-11,-11,1.94,0,0,0,2.04,1
3.235108,-1,-1,1.92,0,0,0,2.04,1
3.240113,-4,-4,1.93,0,0,0,1.95,1
3.245118,-18,-18,1.98,0,0,0,1.95,1
3.25,-22,-22,2.01,0,0,0,1.95,1
3.255005,-23,-23,2.02,0,0,0,1.95,1
3.26001,-26,-26,2.04,0,0,0,1.95,1
3.265015,-34,-34,2.12,0,0,0,1.95,1
3.27002,-35,-35,2.13,-2,0,0,1.95,1
3.275025,-38,-38,2.15,-2,0,0,1.95,1
3.28003,-45,-45,2.21,0,-2,0,1.85,1
3.285035,-61,-61,2.32,0,-2,0,1.85,1
3.290039,-59,-59,2.31,-2,-2,0,1.85,1
3.295044,-63,-63,2.34,-2,-2,0,1.85,1
3.300049,-72,-72,2.42,-2,-2,0,1.75,1
3.305054,-94,-94,2.6,-2,-2,0,1.75,1
3.310059,-88,-88,2.61,0,0,0,1.74,1
3.315064,-82,-82,2.61,0,0,0,1.74,1
3.320069,-82,-82,2.66,-2,-2,0,1.92,1
3.325074,-83,-83,2.87,-2,-2,0,1.92,1
3.330078,-75,-75,2.89,-2,-4,0,1.73,1
3.335083,-69,-69,2.84,-2,-4,0,1.73,1
3.340088,-53,-53,2.77,-2,-2,0,1.63,1
3.345093,-66,-66,2.85,-2,-2,0,1.63,1
3.350098,-61,-61,2.82,-2,-2,0,1.71,1
3.355103,-45,-45,2.75,-2,-2,0,1.71,1
3.360108,-31,-31,2.65,-2,-2,0,1.7,1
3.365113,-36,-36,2.69,-2,-2,0,1.7,1
3.370118,-34,-34,2.66,-4,-4,0,1.7,1
3.375,-23,-23,2.56,-4,-4,0,1.7,1
3.380005,-10,-10,2.44,-2,-4,0,1.5,1
3.38501,-26,-26,2.41,-2,-4,0,1.5,1
3.390015,-27,-27,2.35,-2,-4,0,1.58,1
3.39502,-24,-24,2.33,-2,-4,0,1.58,1
3.400025,-21,-21,2.27,-2,-2,0,1.57,1
3.40503,-21,-21,2.25,-2,-2,0,1.57,1
3.410035,-22,-22,2.22,-2,-2,0,1.65,1
3.415039,-14,-14,2.17,-2,-2,0,1.65,1
3.420044,-9,-9,2.11,-2,-2,0,1.64,1
3.425049,-12,-12,2.08,-2,-2,0,1.64,1
3.430054,-17,-17,2.09,-2,-2,0,1.63,1
3.435059,-15,-15,2.06,-2,-2,0,1.63,1
3.440064,-9,-9,2,-2,-2,0,1.62,1
3.445069,-12,-12,1.97,-2,-2,0,1.62,1
3.450074,-18,-18,1.98,-2,-2,0,1.62,1
3.455078,-19,-19,1.97,-2,-2,0,1.62,1
3.460083,-17,-17,1.94,-2,-2,0,1.61,1
3.465088,-23,-23,1.96,-2,-2,0,1.61,1
3.470093,-26,-26,1.97,0,-2,0,1.6,1
3.475098,-27,-27,1.97,0,-2,0,1.6,1
3.480103,-25,-25,1.96,0,-2,0,1.69,1
3.485108,-25,-25,2.03,0,-2,0,1.69,1
3.490113,-27,-27,2.06,0,0,0,1.68,1
3.495118,-18,-18,2.03,0,0,0,1.68,1
3.5,-9,-9,1.97,0,0,0,1.77,1
3.505005,-8,-8,2.01,0,0,0,1.77,1
3.51001,-13,-13,2.05,0,0,0,1.77,1
3.515015,-5,-5,2.02,0,0,0,1.77,1
3.52002,9,9,1.93,0,0,0,1.77,1
3.525025,10,10,1.89,0,0,0,1.77,1
3.53003,2,2,1.92,0,-2,0,1.77,1
3.535035,1,1,1.91,0,-2,0,1.77,1
3.540039,10,10,1.85,-2,0,0,1.68,1
3.545044,9,9,1.77,-2,0,0,1.68,1
3.550049,3,3,1.77,0,0,0,1.68,1
3.555054,-5,-5,1.81,0,0,0,1.68,1
3.560059,-5,-5,1.8,0,0,0,1.77,1
3.565064,8,8,1.77,0,0,0,1.77,1
3.570069,7,7,1.76,0,0,0,1.77,1
3.575074,5,5,1.78,0,0,0,1.77,1
3.580078,6,6,1.78,0,0,0,1.77,1
3.585083,11,11,1.75,0,0,0,1.77,1
3.590088,14,14,1.73,0,0,0,1.77,1
3.595093,15,15,1.73,0,0,0,1.77,1
3.600098,17,17,1.71,0,0,0,1.77,1
3.605103,22,22,1.67,0,0,0,1.77,1
3.610108,24,24,1.65,0,0,0,1.77,1
3.615113,27,27,1.63,0,0,0,1.77,1
3.620118,31,31,1.59,0,0,0,1.77,1
3.625,37,37,1.52,0,0,0,1.77,1
3.630005,37,37,1.52,2,0,0,1.77,1
3.63501,40,40,1.5,2,0,0,1.77,1
3.640015,47,47,1.44,0,0,0,1.86,1
3.64502,60,60,1.37,0,0,0,1.86,1
3.650025,56,56,1.39,0,0,0,1.77,1
3.65503,52,52,1.38,0,0,0,1.77,1
3.660035,62,62,1.29,0,0,0,1.77,1
3.665039,73,73,1.16,0,0,0,1.77,1
3.670044,69,69,1.15,0,2,0,1.77,1
3.675049,67,67,1.13,0,2,0,1.77,1
3.680054,74,74,1.05,2,0,0,1.87,1
3.685059,92,92,0.87,2,0,0,1.87,1
3.690064,84,84,0.87,2,2,0,1.87,1
3.695069,76,76,0.87,2,2,0,1.87,1
3.700074,73,73,0.85,0,0,0,1.97,1
3.705078,85,85,0.71,0,0,0,1.97,1
3.710083,71,71,0.76,2,4,0,1.79,1
3.715088,36,36,0.86,2,4,0,1.79,1
3.720093,19,19,0.99,2,2,0,2.07,1
3.725098,49,49,0.95,2,2,0,2.07,1
3.730103,52,52,0.95,4,4,0,1.99,1
3.735108,38,38,0.99,4,4,0,1.99,1
3.740113,17,17,1.15,4,2,0,2.19,1
3.745118,30,30,1.21,4,2,0,2.19,1
3.75,34,34,1.22,4,4,0,2.11,1
3.755005,18,18,1.32,4,4,0,2.11,1
3.76001,3,3,1.47,4,4,0,2.21,1
3.765015,11,11,1.52,4,4,0,2.21,1
3.77002,18,18,1.53,2,4,0,2.23,1
3.775025,18,18,1.56,2,4,0,2.23,1
3.78003,7,7,1.67,4,2,0,2.15,1
3.785035,-2,-2,1.74,4,2,0,2.15,1
3.790039,3,3,1.76,2,2,0,2.16,1
3.795044,8,8,1.77,2,2,0,2.16,1
3.800049,4,4,1.83,2,2,0,2.08,1
3.805054,-6,-6,1.9,2,2,0,2.08,1
3.810059,-1,-1,1.92,0,2,0,2.09,1
3.815064,9,9,1.9,0,2,0,2.09,1
3.820069,12,12,1.9,0,0,0,2,1
3.825074,5,5,1.93,0,0,0,2,1
3.830078,9,9,1.93,0,0,0,1.91,1
3.835083,8,8,1.9,0,0,0,1.91,1
3.840088,14,14,1.87,0,0,0,1.91,1
3.845093,19,19,1.83,0,0,0,1.91,1
3.850098,20,20,1.8,0,0,0,1.91,1
3.855103,18,18,1.8,0,0,0,1.91,1
3.860108,21,21,1.77,0,0,0,1.91,1
3.865113,26,26,1.69,0,0,0,1.91,1
3.870118,24,24,1.67,2,0,0,1.91,1
3.875,14,14,1.72,2,0,0,1.91,1
3.880005,9,9,1.74,0,0,0,2.01,1
3.88501,27,27,1.66,0,0,0,2.01,1
3.890015,31,31,1.61,0,0,0,1.91,1
3.89502,10,10,1.67,0,0,0,1.91,1
3.900025,0,0,1.74,2,0,0,1.91,1
3.90503,10,10,1.67,2,0,0,1.91,1
3.910035,17,17,1.62,0,2,0,2.01,1
3.915039,10,10,1.67,0,2,0,2.01,1
3.920044,-6,-6,1.78,2,0,0,2.01,1
3.925049,-3,-3,1.8,2,0,0,2.01,1
3.930054,8,8,1.75,0,0,0,2.02,1
3.935059,7,7,1.74,0,0,0,2.02,1
3.940064,-6,-6,1.83,2,0,0,1.93,1
3.945069,-16,-16,1.89,2,0,0,1.93,1
3.950074,-7,-7,1.86,0,0,0,2.02,1
3.955078,2,2,1.84,0,0,0,2.02,1
3.960083,-7,-7,1.9,0,0,0,1.93,1
3.965088,-22,-22,1.97,0,0,0,1.93,1
3.970093,-19,-19,1.97,0,0,0,1.93,1
3.975098,-16,-16,1.95,0,0,0,1.93,1
3.980103,-21,-21,1.98,0,0,0,1.93,1
3.985108,-32,-32,2.06,0,0,0,1.93,1
3.990113,-34,-34,2.09,0,0,0,1.93,1
3.995118,-33,-33,2.09,0,0,0,1.93,1
4,-38,-38,2.13,0,0,0,1.93,1
4.005005,-48,-48,2.24,0,0,0,1.93,1
4.01001,-47,-47,2.24,0,0,0,1.93,1
4.015015,-49,-49,2.26,0,0,0,1.93,1
4.02002,-56,-56,2.33,0,0,0,1.93,1
4.025025,-66,-66,2.46,0,0,0,1.93,1
4.03003,-62,-62,2.45,-2,-2,0,1.93,1
4.035035,-64,-64,2.48,-2,-2,0,1.93,1
4.040039,-69,-69,2.54,0,-2,0,1.74,1
4.045044,-91,-91,2.71,0,-2,0,1.74,1
4.050049,-84,-84,2.72,-2,-2,0,1.83,1
4.055054,-65,-65,2.69,-2,-2,0,1.83,1
4.060059,-57,-57,2.66,-2,0,0,1.73,1
4.065064,-77,-77,2.82,-2,0,0,1.73,1
4.070069,-73,-73,2.83,-4,-2,0,1.82,1
4.075074,-73,-73,2.76,-4,-2,0,1.82,1
4.080078,-34,-34,2.69,-2,-2,0,1.62,1
4.085083,-34,-34,2.76,-2,-2,0,1.62,1
4.090088,-43,-43,2.7,-4,-4,0,1.7,1
4.095093,-43,-43,2.6,-4,-4,0,1.7,1
4.100098,-9,-9,2.49,-2,-2,0,1.51,1
4.105103,-9,-9,2.45,-2,-2,0,1.51,1
4.110108,-22,-22,2.36,-4,-2,0,1.68,1
4.115113,-17,-17,2.29,-4,-2,0,1.68,1
4.120118,-2,-2,2.21,-2,-4,0,1.58,1
4.125,2,2,2.13,-2,-4,0,1.58,1
4.130005,-1,-1,2.06,-4,-2,0,1.57,1
4.13501,0,0,2.01,-4,-2,0,1.57,1
4.140015,-2,-2,1.94,-2,-2,0,1.55,1
4.14502,0,0,1.87,-2,-2,0,1.55,1
4.150025,0,0,1.85,-2,0,0,1.64,1
4.15503,-4,-4,1.85,-2,0,0,1.64,1
4.160035,-3,-3,1.82,0,0,0,1.72,1
4.165039,-3,-3,1.8,0,0,0,1.72,1
4.170044,3,3,1.79,-2,-2,0,1.81,1
4.175049,0,0,1.79,-2,-2,0,1.81,1
4.180054,4,4,1.8,0,0,0,1.62,1
4.185059,1,1,1.79,0,0,0,1.62,1
4.190064,-15,-15,1.8,0,0,0,1.81,1
4.195069,-18,-18,1.82,0,0,0,1.81,1
4.200074,-9,-9,1.85,0,0,0,1.81,1
4.205078,-13,-13,1.92,0,0,0,1.81,1
4.210083,-20,-20,1.95,0,0,0,1.81,1
4.215088,-20,-20,1.91,0,0,0,1.81,1
4.220093,-13,-13,1.91,0,0,0,1.81,1
4.225098,-10,-10,1.98,0,0,0,1.81,1
4.230103,-19,-19,2.03,0,-2,0,1.81,1
4.235108,-22,-22,2,0,-2,0,1.81,1
4.240113,-13,-13,1.94,0,0,0,1.71,1
4.245118,-5,-5,2,0,0,0,1.71,1
4.25,-20,-20,2.06,0,0,0,1.8,1
4.255005,-27,-27,2.04,0,0,0,1.8,1
4.26001,-11,-11,1.96,0,0,0,1.8,1
4.265015,1,1,2,0,0,0,1.8,1
4.27002,-5,-5,2.05,-2,0,0,1.8,1
4.275025,-11,-11,2.02,-2,0,0,1.8,1
4.28003,-2,-2,1.93,0,-2,0,1.71,1
4.285035,12,12,1.88,0,-2,0,1.71,1
4.290039,6,6,1.91,0,0,0,1.7,1
4.295044,-2,-2,1.9,0,0,0,1.7,1
4.300049,-2,-2,1.83,0,0,0,1.79,1
4.305054,8,8,1.77,0,0,0,1.79,1
4.310059,19,19,1.79,0,0,0,1.79,1
4.315064,11,11,1.81,0,0,0,1.79,1
4.320069,8,8,1.78,0,0,0,1.79,1
4.325074,14,14,1.71,0,0,0,1.79,1
4.330078,22,22,1.7,0,0,0,1.79,1
4.335083,20,20,1.73,0,0,0,1.79,1
4.340088,17,17,1.7,0,0,0,1.79,1
4.345093,22,22,1.62,0,0,0,1.79,1
4.350098,31,31,1.61,0,2,0,1.79,1
4.355103,32,32,1.61,0,2,0,1.79,1
4.360108,31,31,1.57,0,0,0,1.89,1
4.365113,36,36,1.47,0,0,0,1.89,1
4.370118,52,52,1.47,0,2,0,1.8,1
4.375,51,51,1.46,0,2,0,1.8,1
4.380005,46,46,1.39,0,0,0,1.89,1
4.38501,53,53,1.3,0,0,0,1.89,1
4.390015,67,67,1.33,0,0,0,1.8,1
4.39502,62,62,1.32,0,0,0,1.8,1
4.400025,57,57,1.2,0,2,0,1.8,1
4.40503,71,71,1.04,0,2,0,1.8,1
4.410035,82,82,1.02,2,2,0,1.9,1
4.415039,73,73,1.05,2,2,0,1.9,1
4.420044,70,70,1.04,0,2,0,2,1
4.425049,67,67,0.84,0,2,0,2,1
4.430054,90,90,0.81,2,2,0,1.91,1
4.435059,83,83,0.93,2,2,0,1.91,1
4.440064,49,49,1.08,2,2,0,2.01,1
4.445069,27,27,1.01,2,2,0,2.01,1
4.450074,45,45,0.97,2,4,0,2.02,1
4.455078,53,53,1.02,2,4,0,2.02,1
4.460083,43,43,1.18,4,2,0,2.12,1
4.465088,18,18,1.2,4,2,0,2.12,1
4.470093,25,25,1.22,2,2,0,2.13,1
4.475098,30,30,1.24,2,2,0,2.13,1
4.480103,31,31,1.35,2,2,0,2.05,1
4.485108,17,17,1.43,2,2,0,2.05,1
4.490113,5,5,1.47,4,2,0,2.06,1
4.495118,8,8,1.5,4,2,0,2.06,1
4.5,12,12,1.57,2,2,0,2.16,1
4.505005,7,7,1.65,2,2,0,2.16,1
4.51001,12,12,1.68,2,2,0,2.08,1
4.515015,16,16,1.68,2,2,0,2.08,1
4.52002,15,15,1.73,2,0,0,2.08,1
4.525025,14,14,1.72,2,0,0,2.08,1
4.53003,19,19,1.71,0,0,0,2,1
4.535035,24,24,1.73,0,0,0,2,1
4.540039,16,16,1.75,0,0,0,1.91,1
4.545044,14,14,1.7,0,0,0,1.91,1
4.550049,13,13,1.67,0,0,0,1.91,1
4.555054,17,17,1.7,0,0,0,1.91,1
4.560059,10,10,1.75,2,0,0,1.91,1
4.565064,3,3,1.73,2,0,0,1.91,1
4.570069,9,9,1.68,0,0,0,2,1
4.575074,17,17,1.68,0,0,0,2,1
4.580078,22,22,1.73,0,0,0,1.91,1
4.585083,15,15,1.71,0,0,0,1.91,1
4.590088,12,12,1.66,0,0,0,1.91,1
4.595093,20,20,1.65,0,0,0,1.91,1
4.600098,18,18,1.7,2,0,0,1.91,1
4.605103,10,10,1.68,2,0,0,1.91,1
4.610108,13,13,1.64,0,0,0,2.01,1
4.615113,18,18,1.67,0,0,0,2.01,1
4.620118,19,19,1.72,0,0,0,1.91,1
4.625,11,11,1.71,0,0,0,1.91,1
4.630005,7,7,1.67,0,0,0,1.91,1
4.63501,12,12,1.7,0,0,0,1.91,1
4.640015,5,5,1.77,0,0,0,1.91,1
4.64502,-4,-4,1.78,0,0,0,1.91,1
4.650025,-2,-2,1.75,0,0,0,1.91,1
4.65503,3,3,1.76,0,0,0,1.91,1
4.660035,-1,-1,1.82,0,0,0,1.91,1
4.665039,-9,-9,1.85,0,0,0,1.91,1
4.670044,-10,-10,1.83,0,0,0,1.91,1
4.675049,-6,-6,1.83,0,0,0,1.91,1
4.680054,-8,-8,1.89,0,0,0,1.91,1
4.685059,-17,-17,1.95,0,0,0,1.91,1
4.690064,-22,-22,1.96,0,0,0,1.91,1
4.695069,-21,-21,1.96,0,0,0,1.91,1
4.700074,-22,-22,2,0,0,0,1.91,1
4.705078,-28,-28,2.07,0,0,0,1.91,1
4.710083,-35,-35,2.09,0,-2,0,1.91,1
4.715088,-36,-36,2.09,0,-2,0,1.91,1
4.720093,-36,-36,2.15,0,0,0,1.82,1
4.725098,-43,-43,2.25,0,0,0,1.82,1
4.730103,-59,-59,2.25,0,-2,0,1.91,1
4.735108,-57,-57,2.27,0,-2,0,1.91,1
4.740113,-53,-53,2.36,0,-2,0,1.82,1
4.745118,-62,-62,2.49,0,-2,0,1.82,1
4.75,-80,-80,2.47,0,-2,0,1.81,1
4.755005,-74,-74,2.53,0,-2,0,1.81,1
4.76001,-79,-79,2.62,-2,-2,0,1.81,1
4.765015,-86,-86,2.85,-2,-2,0,1.81,1
4.77002,-99,-99,2.84,-2,-2,0,1.71,1
4.775025,-85,-85,2.77,-2,-2,0,1.71,1
4.78003,-71,-71,2.72,-2,-4,0,1.7,1
4.785035,-62,-62,2.85,-2,-4,0,1.7,1
4.790039,-74,-74,2.84,-4,-4,0,1.6,1
4.795044,-67,-67,2.76,-4,-4,0,1.6,1
4.800049,-55,-55,2.62,-2,-4,0,1.49,1
4.805054,-34,-34,2.67,-2,-4,0,1.49,1
4.810059,-46,-46,2.63,-4,-2,0,1.57,1
4.815064,-43,-43,2.58,-4,-2,0,1.57,1
4.820069,-34,-34,2.46,-2,-2,0,1.56,1
4.825074,-21,-21,2.43,-2,-2,0,1.56,1
4.830078,-20,-20,2.39,-4,-4,0,1.64,1
4.835083,-19,-19,2.3,-4,-4,0,1.64,1
4.840088,-7,-7,2.2,-2,-2,0,1.44,1
4.845093,1,1,2.13,-2,-2,0,1.44,1
4.850098,-12,-12,2.08,-2,-2,0,1.62,1
4.855103,-13,-13,2.05,-2,-2,0,1.62,1
4.860108,-2,-2,1.98,0,-2,0,1.61,1
4.865113,0,0,1.93,0,-2,0,1.61,1
4.870118,0,0,1.91,-2,-2,0,1.7,1
4.875,-3,-3,1.89,-2,-2,0,1.7,1
4.880005,1,1,1.89,0,0,0,1.6,1
4.88501,-1,-1,1.85,0,0,0,1.6,1
4.890015,-6,-6,1.82,0,0,0,1.78,1
4.89502,-5,-5,1.81,0,0,0,1.78,1
4.900025,7,7,1.8,0,0,0,1.78,1
4.90503,4,4,1.81,0,0,0,1.78,1
4.910035,-1,-1,1.82,0,-2,0,1.78,1
4.915039,-4,-4,1.81,0,-2,0,1.78,1
4.920044,-3,-3,1.81,0,0,0,1.68,1
4.925049,-3,-3,1.83,0,0,0,1.68,1
4.930054,-16,-16,1.86,0,0,0,1.77,1
4.935059,-20,-20,1.87,0,0,0,1.77,1
4.940064,-13,-13,1.88,0,0,0,1.77,1
4.945069,-13,-13,1.95,0,0,0,1.77,1
4.950074,-19,-19,1.98,0,-2,0,1.77,1
4.955078,-18,-18,1.93,0,-2,0,1.77,1
4.960083,-8,-8,1.9,0,0,0,1.68,1
4.965088,-2,-2,1.95,0,0,0,1.68,1
4.970093,-16,-16,1.99,-2,0,0,1.77,1
4.975098,-19,-19,1.95,-2,0,0,1.77,1
4.980103,-2,-2,1.88,0,0,0,1.68,1
4.985108,8,8,1.91,0,0,0,1.68,1
4.990113,-5,-5,1.95,-2,-2,0,1.77,1
4.995118,-9,-9,1.91,-2,-2,0,1.77,1
5,7,7,1.82,0,0,0,1.58,1
5.005005,20,20,1.78,0,0,0,1.58,1
5.01001,4,4,1.81,0,0,0,1.76,1
5.015015,-3,-3,1.8,0,0,0,1.76,1
5.02002,13,13,1.73,0,0,0,1.76,1
5.025025,22,22,1.69,0,0,0,1.76,1
5.03003,24,24,1.7,0,0,0,1.76,1
5.035035,20,20,1.7,0,0,0,1.76,1
5.040039,21,21,1.65,0,0,0,1.76,1
5.045044,29,29,1.57,0,0,0,1.76,1
5.050049,36,36,1.56,0,0,0,1.76,1
5.055054,35,35,1.58,0,0,0,1.76,1
5.060059,34,34,1.52,0,0,0,1.76,1
5.065064,42,42,1.4,0,0,0,1.76,1
5.070069,53,53,1.41,2,0,0,1.76,1
5.075074,51,51,1.41,2,0,0,1.76,1
5.080078,51,51,1.33,0,0,0,1.85,1
5.085083,60,60,1.19,0,0,0,1.85,1
5.090088,79,79,1.2,0,0,0,1.76,1
5.095093,75,75,1.19,0,0,0,1.76,1
5.100098,70,70,1.09,0,2,0,1.76,1
5.105103,82,82,0.84,0,2,0,1.76,1
5.110108,100,100,0.89,2,2,0,1.86,1
5.115113,82,82,0.93,2,2,0,1.86,1
5.120118,72,72,0.94,2,2,0,1.96,1
5.125,70,70,0.75,2,2,0,1.96,1
5.130005,95,95,0.69,2,4,0,1.96,1
5.13501,91,91,0.8,2,4,0,1.96,1
5.140015,63,63,0.96,2,2,0,2.07,1
5.14502,37,37,0.89,2,2,0,2.07,1
5.150025,56,56,0.83,4,4,0,1.98,1
5.15503,66,66,0.86,4,4,0,1.98,1
5.160035,53,53,1.01,2,2,0,2.18,1
5.165039,26,26,1.03,2,2,0,2.18,1
5.170044,37,37,1.04,4,4,0,2.01,1
5.175049,41,41,1.1,4,4,0,2.01,1
5.180054,23,23,1.23,2,4,0,2.21,1
5.185059,9,9,1.26,2,4,0,2.21,1
5.190064,25,25,1.28,4,4,0,2.13,1
5.195069,29,29,1.33,4,4,0,2.13,1
5.200074,21,21,1.46,2,4,0,2.23,1
5.205078,8,8,1.5,2,4,0,2.23,1
5.210083,16,16,1.51,2,4,0,2.16,1
5.215088,22,22,1.56,2,4,0,2.16,1
5.220093,13,13,1.66,2,2,0,2.17,1
5.225098,3,3,1.68,2,2,0,2.17,1
5.230103,8,8,1.67,2,2,0,2.08,1
5.235108,14,14,1.7,2,2,0,2.08,1
5.240113,5,5,1.78,2,2,0,2.09,1
5.245118,-1,-1,1.8,2,2,0,2.09,1
5.25,4,4,1.77,2,0,0,2.1,1
5.255005,11,11,1.8,2,0,0,2.1,1
5.26001,9,9,1.86,2,0,0,2.01,1
5.265015,3,3,1.88,2,0,0,2.01,1
5.27002,-2,-2,1.86,2,0,0,2.02,1
5.275025,5,5,1.86,2,0,0,2.02,1
5.28003,6,6,1.89,0,0,0,2.02,1
5.285035,3,3,1.91,0,0,0,2.02,1
5.290039,3,3,1.9,0,0,0,1.93,1
5.295044,7,7,1.88,0,0,0,1.93,1
5.300049,4,4,1.87,0,0,0,1.93,1
5.305054,4,4,1.87,0,0,0,1.93,1
5.310059,5,5,1.85,0,0,0,1.93,1
5.315064,5,5,1.85,0,0,0,1.93,1
5.320069,4,4,1.85,0,0,0,1.93,1
5.325074,2,2,1.85,0,0,0,1.93,1
5.330078,0,0,1.85,0,0,0,1.93,1
5.335083,-1,-1,1.87,0,0,0,1.93,1
5.340088,-4,-4,1.88,0,0,0,1.93,1
5.345093,-7,-7,1.89,0,0,0,1.93,1
5.350098,-9,-9,1.91,0,0,0,1.93,1
5.355103,-12,-12,1.92,0,0,0,1.93,1
5.360108,-14,-14,1.95,0,0,0,1.93,1
5.365113,-18,-18,1.99,0,0,0,1.93,1
5.370118,-23,-23,2.01,0,-2,0,1.93,1
5.375,-24,-24,2.01,0,-2,0,1.93,1
5.380005,-25,-25,2.05,0,0,0,1.84,1
5.38501,-31,-31,2.12,0,0,0,1.84,1
5.390015,-45,-45,2.14,0,0,0,1.93,1
5.39502,-47,-47,2.15,0,0,0,1.93,1
5.400025,-43,-43,2.21,-2,0,0,1.93,1
5.40503,-50,-50,2.34,-2,0,0,1.93,1
5.410035,-61,-61,2.33,-2,-2,0,1.83,1
5.415039,-58,-58,2.36,-2,-2,0,1.83,1
5.420044,-69,-69,2.45,-2,0,0,1.73,1
5.425049,-79,-79,2.63,-2,0,0,1.73,1
5.430054,-101,-101,2.64,-2,0,0,1.82,1
5.435059,-98,-98,2.68,-2,0,0,1.82,1
5.440064,-88,-88,2.69,-2,-2,0,1.82,1
5.445069,-84,-84,2.95,-2,-2,0,1.82,1
5.450074,-100,-100,2.94,-4,-2,0,1.72,1
5.455078,-89,-89,2.84,-4,-2,0,1.72,1
5.460083,-70,-70,2.77,-2,-2,0,1.61,1
5.465088,-53,-53,2.85,-2,-2,0,1.61,1
5.470093,-67,-67,2.82,-4,-4,0,1.7,1
5.475098,-61,-61,2.73,-4,-4,0,1.7,1
5.480103,-40,-40,2.6,-2,-2,0,1.5,1
5.485108,-20,-20,2.6,-2,-2,0,1.5,1
5.490113,-35,-35,2.56,-4,-4,0,1.67,1
5.495118,-33,-33,2.46,-4,-4,0,1.67,1
5.5,-11,-11,2.34,-4,-4,0,1.47,1
5.505005,0,0,2.3,-4,-4,0,1.47,1
5.51001,-15,-15,2.27,-4,-4,0,1.46,1
5.515015,-18,-18,2.22,-4,-4,0,1.46,1
5.52002,-18,-18,2.13,-2,-2,0,1.44,1
5.525025,-10,-10,2.07,-2,-2,0,1.44,1
5.53003,-9,-9,2,-2,-4,0,1.62,1
5.535035,-8,-8,1.94,-2,-4,0,1.62,1
5.540039,5,5,1.89,-2,-2,0,1.51,1
5.545044,4,4,1.86,-2,-2,0,1.51,1
5.550049,-8,-8,1.84,-2,-2,0,1.6,1
5.555054,-11,-11,1.83,-2,-2,0,1.6,1
5.560059,-8,-8,1.82,-2,-2,0,1.59,1
5.565064,-11,-11,1.83,-2,-2,0,1.59,1
5.570069,-15,-15,1.85,0,0,0,1.58,1
5.575074,-19,-19,1.83,0,0,0,1.58,1
5.580078,-18,-18,1.82,0,-2,0,1.76,1
5.585083,-19,-19,1.89,0,-2,0,1.76,1
5.590088,-14,-14,1.94,0,-2,0,1.67,1
5.595093,-18,-18,1.9,0,-2,0,1.67,1
5.600098,-18,-18,1.87,0,0,0,1.66,1
5.605103,-13,-13,1.93,0,0,0,1.66,1
5.610108,-22,-22,1.98,-2,0,0,1.75,1
5.615113,-27,-27,1.96,-2,0,0,1.75,1
5.620118,-14,-14,1.91,0,-2,0,1.66,1
5.625,-7,-7,1.99,0,-2,0,1.66,1
5.630005,-23,-23,2.05,0,0,0,1.66,1
5.63501,-28,-28,2,0,0,0,1.66,1
5.640015,-15,-15,1.92,0,0,0,1.75,1
5.64502,-3,-3,1.97,0,0,0,1.75,1
5.650025,-5,-5,2.02,-2,0,0,1.75,1
5.65503,-12,-12,1.99,-2,0,0,1.75,1
5.660035,-2,-2,1.89,-2,0,0,1.65,1
5.665039,13,13,1.85,-2,0,0,1.65,1
5.670044,6,6,1.89,0,0,0,1.65,1
5.675049,-3,-3,1.89,0,0,0,1.65,1
5.680054,-3,-3,1.81,0,0,0,1.74,1
5.685059,9,9,1.74,0,0,0,1.74,1
5.690064,20,20,1.75,0,0,0,1.74,1
5.695069,14,14,1.77,0,0,0,1.74,1
5.700074,11,11,1.74,0,0,0,1.74,1
5.705078,16,16,1.67,0,0,0,1.74,1
5.710083,24,24,1.67,0,2,0,1.74,1
5.715088,22,22,1.7,0,2,0,1.74,1
5.720093,20,20,1.66,0,0,0,1.83,1
5.725098,27,27,1.57,0,0,0,1.83,1
5.730103,45,45,1.55,0,0,0,1.74,1
5.735108,45,45,1.54,0,0,0,1.74,1
5.740113,39,39,1.49,0,2,0,1.74,1
5.745118,45,45,1.35,0,2,0,1.74,1
5.75,58,58,1.36,0,2,0,1.84,1
5.755005,56,56,1.34,0,2,0,1.84,1
5.76001,66,66,1.25,0,2,0,1.84,1
5.765015,77,77,1.09,0,2,0,1.84,1
5.77002,89,89,0.99,2,2,0,1.85,1
5.775025,92,92,0.96,2,2,0,1.85,1
5.78003,83,83,1.01,0,0,0,1.94,1
5.785035,69,69,0.86,0,0,0,1.94,1
5.790039,88,88,0.82,2,2,0,1.76,1
5.795044,91,91,0.81,2,2,0,1.76,1
5.800049,70,70,0.8,2,2,0,1.95,1
5.805054,61,61,0.74,2,2,0,1.95,1
5.810059,73,73,0.79,4,2,0,1.96,1
5.815064,60,60,0.9,4,2,0,1.96,1
5.820069,45,45,1.05,2,4,0,2.06,1
5.825074,27,27,1.02,2,4,0,2.06,1
5.830078,43,43,1.02,2,2,0,2.08,1
5.835083,46,46,1.15,2,2,0,2.08,1
5.840088,33,33,1.29,2,2,0,1.99,1
5.845093,17,17,1.33,2,2,0,1.99,1
5.850098,15,15,1.33,2,4,0,2,1
5.855103,22,22,1.37,2,4,0,2,1
5.860108,18,18,1.5,2,2,0,2.1,1
5.865113,2,2,1.58,2,2,0,2.1,1
5.870118,8,8,1.58,2,2,0,2.02,1
5.875,19,19,1.57,2,2,0,2.02,1
5.880005,20,20,1.62,2,2,0,2.03,1
5.88501,17,17,1.62,2,2,0,2.03,1
5.890015,19,19,1.63,2,2,0,2.04,1
5.89502,22,22,1.65,2,2,0,2.04,1
5.900025,22,22,1.68,2,2,0,2.04,1
5.90503,21,21,1.64,2,2,0,2.04,1
5.910035,29,29,1.61,2,2,0,2.05,1
5.915039,35,35,1.63,2,2,0,2.05,1
5.920044,30,30,1.67,2,2,0,2.06,1
5.925049,25,25,1.59,2,2,0,2.06,1
5.930054,36,36,1.53,0,2,0,2.07,1
5.935059,42,42,1.58,0,2,0,2.07,1
5.940064,32,32,1.64,0,0,0,1.98,1
5.945069,22,22,1.54,0,0,0,1.98,1
5.950074,28,28,1.46,2,2,0,1.89,1
5.955078,37,37,1.49,2,2,0,1.89,1
5.960083,17,17,1.6,2,2,0,2.08,1
5.965088,-2,-2,1.59,2,2,0,2.08,1
5.970093,18,18,1.52,2,2,0,2.09,1
5.975098,30,30,1.52,2,2,0,2.09,1
5.980103,25,25,1.63,2,2,0,2.1,1
5.985108,8,8,1.63,2,2,0,2.1,1
5.990113,9,9,1.6,2,0,0,2.1,1
5.995118,17,17,1.65,2,0,0,2.1,1
6,9,9,1.76,0,0,0,2.02,1
6.005005,-6,-6,1.83,0,0,0,2.02,1
6.01001,-16,-16,1.82,0,0,0,1.93,1
6.015015,-8,-8,1.82,0,0,0,1.93,1
6.02002,-13,-13,1.89,0,2,0,1.93,1
6.025025,-22,-22,2,0,2,0,1.93,1
6.03003,-30,-30,2.02,0,0,0,2.02,1
6.035035,-24,-24,1.96,0,0,0,2.02,1
6.040039,-4,-4,1.95,0,0,0,1.93,1
6.045044,-3,-3,2.04,0,0,0,1.93,1
6.050049,-21,-21,2.05,0,-2,0,1.93,1
6.055054,-23,-23,2.03,0,-2,0,1.93,1
6.060059,-19,-19,2.05,0,0,0,1.84,1
6.065064,-22,-22,2.1,0,0,0,1.84,1
6.070069,-37,-37,2.12,-2,0,0,1.93,1
6.075074,-40,-40,2.14,-2,0,0,1.93,1
6.080078,-36,-36,2.17,0,0,0,1.83,1
6.085083,-41,-41,2.29,0,0,0,1.83,1
6.090088,-57,-57,2.29,-2,0,0,1.92,1
6.095093,-57,-57,2.31,-2,0,0,1.92,1
6.100098,-51,-51,2.36,-2,-2,0,1.83,1
6.105103,-54,-54,2.48,-2,-2,0,1.83,1
6.110108,-69,-69,2.5,-2,-2,0,1.73,1
6.115113,-66,-66,2.47,-2,-2,0,1.73,1
6.120118,-65,-65,2.48,-2,0,0,1.72,1
6.125,-61,-61,2.63,-2,0,0,1.72,1
6.130005,-73,-73,2.64,-2,-2,0,1.81,1
6.13501,-67,-67,2.56,-2,-2,0,1.81,1
6.140015,-42,-42,2.5,-2,-2,0,1.71,1
6.14502,-33,-33,2.59,-2,-2,0,1.71,1
6.150025,-52,-52,2.59,-2,-2,0,1.7,1
6.15503,-51,-51,2.52,-2,-2,0,1.7,1
6.160035,-40,-40,2.43,-4,-2,0,1.69,1
6.165039,-27,-27,2.46,-4,-2,0,1.69,1
6.170044,-34,-34,2.45,-2,-2,0,1.59,1
6.175049,-35,-35,2.4,-2,-2,0,1.59,1
6.180054,-39,-39,2.34,-2,-2,0,1.67,1
6.185059,-32,-32,2.36,-2,-2,0,1.67,1
6.190064,-30,-30,2.35,-2,-2,0,1.66,1
6.195069,-32,-32,2.31,-2,-2,0,1.66,1
6.200074,-29,-29,2.24,-2,-2,0,1.66,1
6.205078,-23,-23,2.24,-2,-2,0,1.66,1
6.210083,-28,-28,2.26,-2,-2,0,1.65,1
6.215088,-32,-32,2.2,-2,-2,0,1.65,1
6.220093,-26,-26,2.14,-2,-2,0,1.64,1
6.225098,-19,-19,2.14,-2,-2,0,1.64,1
6.230103,-25,-25,2.18,-2,-2,0,1.63,1
6.235108,-33,-33,2.15,-2,-2,0,1.63,1
6.240113,-29,-29,2.08,0,-2,0,1.62,1
6.245118,-21,-21,2.11,0,-2,0,1.62,1
6.25,-27,-27,2.14,0,-2,0,1.71,1
6.255005,-32,-32,2.12,0,-2,0,1.71,1
6.26001,-22,-22,2.06,-2,0,0,1.71,1
6.265015,-14,-14,2.09,-2,0,0,1.71,1
6.27002,-19,-19,2.11,-4,0,0,1.7,1
6.275025,-24,-24,2.1,-4,0,0,1.7,1
6.28003,-24,-24,2.06,-2,-2,0,1.6,1
6.285035,-18,-18,2.09,-2,-2,0,1.6,1
6.290039,-29,-29,2.1,-2,-2,0,1.6,1
6.295044,-30,-30,2.08,-2,-2,0,1.6,1
6.300049,-25,-25,2.03,0,0,0,1.59,1
6.305054,-20,-20,2.08,0,0,0,1.59,1
6.310059,-28,-28,2.12,-2,-2,0,1.77,1
6.315064,-33,-33,2.06,-2,-2,0,1.77,1
6.320069,-9,-9,2,-2,-2,0,1.58,1
6.325074,1,1,2.04,-2,-2,0,1.58,1
6.330078,-21,-21,2.1,-2,0,0,1.57,1
6.335083,-27,-27,2.03,-2,0,0,1.57,1
6.340088,-15,-15,1.94,-2,-2,0,1.66,1
6.345093,-1,-1,1.93,-2,-2,0,1.66,1
6.350098,2,2,1.96,-2,-2,0,1.56,1
6.355103,-4,-4,1.92,-2,-2,0,1.56,1
6.360108,-4,-4,1.81,-2,0,0,1.55,1
6.365113,11,11,1.71,-2,0,0,1.55,1
6.370118,15,15,1.72,0,-2,0,1.64,1
6.375,6,6,1.75,0,-2,0,1.64,1
6.380005,6,6,1.7,0,0,0,1.64,1
6.38501,11,11,1.62,0,0,0,1.64,1
6.390015,18,18,1.61,0,0,0,1.73,1
6.39502,12,12,1.66,0,0,0,1.73,1
6.400025,10,10,1.68,0,0,0,1.73,1
6.40503,10,10,1.61,0,0,0,1.73,1
6.410035,20,20,1.59,0,0,0,1.73,1
6.415039,24,24,1.6,0,0,0,1.73,1
6.420044,21,21,1.6,0,0,0,1.73,1
6.425049,22,22,1.56,0,0,0,1.73,1
6.430054,28,28,1.54,0,2,0,1.73,1
6.435059,31,31,1.53,0,2,0,1.73,1
6.440064,33,33,1.49,0,0,0,1.82,1
6.445069,37,37,1.44,0,0,0,1.82,1
6.450074,49,49,1.44,2,0,0,1.73,1
6.455078,49,49,1.42,2,0,0,1.73,1
6.460083,46,46,1.35,0,0,0,1.83,1
6.465088,54,54,1.24,0,0,0,1.83,1
6.470093,70,70,1.25,2,2,0,1.73,1
6.475098,65,65,1.2,2,2,0,1.73,1
6.480103,62,62,1.15,2,2,0,1.92,1
6.485108,61,61,1.04,2,2,0,1.92,1
6.490113,77,77,1.09,2,2,0,1.93,1
6.495118,66,66,1.12,2,2,0,1.93,1
6.5,63,63,1.07,0,0,0,1.94,1
6.505005,69,69,0.86,0,0,0,1.94,1
6.51001,87,87,0.86,2,2,0,1.76,1
6.515015,75,75,0.99,2,2,0,1.76,1
6.52002,33,33,1.13,2,4,0,1.95,1
6.525025,17,17,1.03,2,4,0,1.95,1
6.53003,46,46,0.94,2,4,0,2.05,1
6.535035,59,59,1.02,2,4,0,2.05,1
6.540039,50,50,1.17,2,4,0,2.06,1
6.545044,26,26,1.21,2,4,0,2.06,1
6.550049,26,26,1.21,2,4,0,2.08,1
6.555054,32,32,1.26,2,4,0,2.08,1
6.560059,30,30,1.39,2,2,0,2.09,1
6.565064,14,14,1.46,2,2,0,2.09,1
6.570069,11,11,1.46,4,2,0,2,1
6.575074,19,19,1.48,4,2,0,2,1
6.580078,14,14,1.58,2,2,0,2.11,1
6.585083,4,4,1.63,2,2,0,2.11,1
6.590088,12,12,1.63,2,2,0,2.02,1
6.595093,20,20,1.64,2,2,0,2.02,1
6.600098,18,18,1.68,0,2,0,2.03,1
6.605103,16,16,1.66,0,2,0,2.03,1
6.610108,21,21,1.63,2,2,0,1.95,1
6.615113,27,27,1.64,2,2,0,1.95,1
6.620118,19,19,1.68,2,2,0,2.04,1
6.625,14,14,1.62,2,2,0,2.04,1
6.630005,30,30,1.58,0,0,0,2.05,1
6.63501,35,35,1.63,0,0,0,2.05,1
6.640015,28,28,1.67,0,2,0,1.87,1
6.64502,21,21,1.59,0,2,0,1.87,1
6.650025,18,18,1.53,2,2,0,1.97,1
6.65503,24,24,1.6,2,2,0,1.97,1
6.660035,17,17,1.69,2,2,0,2.06,1
6.665039,4,4,1.67,2,2,0,2.06,1
6.670044,19,19,1.61,2,0,0,2.07,1
6.675049,31,31,1.61,2,0,0,2.07,1
6.680054,28,28,1.68,2,0,0,1.99,1
6.685059,15,15,1.66,2,0,0,1.99,1
6.690064,12,12,1.61,2,0,0,1.99,1
6.695069,19,19,1.65,2,0,0,1.99,1
6.700074,12,12,1.73,2,0,0,1.99,1
6.705078,-1,-1,1.75,2,0,0,1.99,1
6.710083,1,1,1.72,2,0,0,2,1
6.715088,10,10,1.71,2,0,0,2,1
6.720093,10,10,1.77,0,0,0,2,1
6.725098,2,2,1.8,0,0,0,2,1
6.730103,1,1,1.78,0,2,0,1.91,1
6.735108,7,7,1.77,0,2,0,1.91,1
6.740113,1,1,1.81,0,0,0,2.01,1
6.745118,-6,-6,1.85,0,0,0,2.01,1
6.75,-1,-1,1.83,0,0,0,1.91,1
6.755005,3,3,1.83,0,0,0,1.91,1
6.76001,-3,-3,1.85,0,0,0,1.91,1
6.765015,-7,-7,1.88,0,0,0,1.91,1
6.77002,-11,-11,1.88,0,0,0,1.91,1
6.775025,-11,-11,1.89,0,0,0,1.91,1
6.78003,-12,-12,1.91,0,0,0,1.91,1
6.785035,-16,-16,1.96,0,0,0,1.91,1
6.790039,-22,-22,1.98,0,0,0,1.91,1
6.795044,-24,-24,1.97,0,0,0,1.91,1
6.800049,-22,-22,2,0,0,0,1.91,1
6.805054,-27,-27,2.08,0,0,0,1.91,1
6.810059,-37,-37,2.1,0,-2,0,1.91,1
6.815064,-39,-39,2.12,0,-2,0,1.91,1
6.820069,-41,-41,2.18,-2,0,0,1.82,1
6.825074,-47,-47,2.29,-2,0,0,1.82,1
6.830078,-64,-64,2.29,-2,-2,0,1.82,1
6.835083,-63,-63,2.32,-2,-2,0,1.82,1
6.840088,-67,-67,2.4,0,-2,0,1.72,1
6.845093,-76,-76,2.6,0,-2,0,1.72,1
6.850098,-99,-99,2.6,-2,-2,0,1.8,1
6.855103,-95,-95,2.61,-2,-2,0,1.8,1
6.860108,-85,-85,2.64,-2,-2,0,1.7,1
6.865113,-81,-81,2.84,-2,-2,0,1.7,1
6.870118,-99,-99,2.84,-4,-2,0,1.7,1
6.875,-89,-89,2.77,-4,-2,0,1.7,1
6.880005,-68,-68,2.68,-2,-2,0,1.59,1
6.88501,-50,-50,2.77,-2,-2,0,1.59,1
6.890015,-65,-65,2.76,-4,-4,0,1.68,1
6.89502,-60,-60,2.67,-4,-4,0,1.68,1
6.900025,-38,-38,2.56,-2,-2,0,1.48,1
6.90503,-21,-21,2.57,-2,-2,0,1.48,1
6.910035,-38,-38,2.54,-4,-4,0,1.65,1
6.915039,-37,-37,2.47,-4,-4,0,1.65,1
6.920044,-18,-18,2.35,-4,-4,0,1.45,1
6.925049,-5,-5,2.32,-4,-4,0,1.45,1
6.930054,-20,-20,2.27,-4,-4,0,1.44,1
6.935059,-20,-20,2.21,-4,-4,0,1.44,1
6.940064,-20,-20,2.11,-2,-4,0,1.42,1
6.945069,-14,-14,2.06,-2,-4,0,1.42,1
6.950074,-15,-15,2.02,-2,-2,0,1.5,1
6.955078,-18,-18,1.98,-2,-2,0,1.5,1
6.960083,-13,-13,1.91,-2,0,0,1.58,1
6.965088,-10,-10,1.89,-2,0,0,1.58,1
6.970093,-8,-8,1.91,-2,0,0,1.67,1
6.975098,-15,-15,1.89,-2,0,0,1.67,1
6.980103,-7,-7,1.83,0,-2,0,1.67,1
6.985108,0,0,1.82,0,-2,0,1.67,1
6.990113,-8,-8,1.84,-2,0,0,1.66,1
6.995118,-10,-10,1.85,-2,0,0,1.66,1
7,-6,-6,1.83,-2,0,0,1.66,1
7.005005,-5,-5,1.81,-2,0,0,1.66,1
7.01001,-9,-9,1.82,-2,0,0,1.66,1
7.015015,-11,-11,1.83,-2,0,0,1.66,1
7.02002,-9,-9,1.81,0,0,0,1.65,1
7.025025,-13,-13,1.82,0,0,0,1.65,1
7.03003,-17,-17,1.84,-2,0,0,1.74,1
7.035035,-11,-11,1.86,-2,0,0,1.74,1
7.040039,-9,-9,1.85,0,-2,0,1.65,1
7.045044,-20,-20,1.89,0,-2,0,1.65,1
7.050049,-23,-23,1.92,-2,0,0,1.64,1
7.055054,-18,-18,1.9,-2,0,0,1.64,1
7.060059,-14,-14,1.88,0,-2,0,1.64,1
7.065064,-21,-21,1.95,0,-2,0,1.64,1
7.070069,-24,-24,1.99,0,0,0,1.64,1
7.075074,-12,-12,1.93,0,0,0,1.64,1
7.080078,-3,-3,1.87,0,0,0,1.73,1
7.085083,-2,-2,1.9,0,0,0,1.73,1
7.090088,-7,-7,1.95,0,-2,0,1.73,1
7.095093,5,5,1.89,0,-2,0,1.73,1
7.100098,19,19,1.79,0,0,0,1.63,1
7.105103,10,10,1.75,0,0,0,1.63,1
7.110108,2,2,1.78,0,-2,0,1.72,1
7.115113,9,9,1.78,0,-2,0,1.72,1
7.120118,17,17,1.73,0,0,0,1.63,1
7.125,13,13,1.68,0,0,0,1.63,1
7.130005,9,9,1.69,0,0,0,1.72,1
7.13501,15,15,1.71,0,0,0,1.72,1
7.140015,23,23,1.66,0,0,0,1.72,1
7.14502,31,31,1.59,0,0,0,1.72,1
7.150025,32,32,1.57,0,2,0,1.72,1
7.15503,31,31,1.57,0,2,0,1.72,1
7.160035,36,36,1.54,0,0,0,1.81,1
7.165039,55,55,1.42,0,0,0,1.81,1
7.170044,56,56,1.4,2,0,0,1.72,1
7.175049,50,50,1.39,2,0,0,1.72,1
7.180054,56,56,1.33,0,0,0,1.82,1
7.185059,72,72,1.23,0,0,0,1.82,1
7.190064,69,69,1.23,2,2,0,1.73,1
7.195069,64,64,1.22,2,2,0,1.73,1
7.200074,77,77,1.11,2,2,0,1.92,1
7.205078,108,108,0.87,2,2,0,1.92,1
7.210083,92,92,0.88,2,2,0,1.92,1
7.215088,67,67,1,2,2,0,1.92,1
7.220093,64,64,1.03,2,2,0,1.93,1
7.225098,90,90,0.82,2,2,0,1.93,1
7.230103,98,98,0.67,2,4,0,1.94,1
7.235108,70,70,0.75,2,4,0,1.94,1
7.240113,37,37,0.91,2,2,0,2.04,1
7.245118,53,53,0.83,2,2,0,2.04,1
7.25,49,49,0.88,4,4,0,1.96,1
7.255005,40,40,0.88,4,4,0,1.96,1
7.26001,15,15,1.02,4,4,0,2.16,1
7.265015,21,21,1.09,4,4,0,2.16,1
7.27002,19,19,1.18,4,4,0,2.17,1
7.275025,20,20,1.24,4,4,0,2.17,1
7.28003,11,11,1.35,4,4,0,2.19,1
7.285035,7,7,1.44,4,4,0,2.19,1
7.290039,9,9,1.5,4,4,0,2.21,1
7.295044,15,15,1.54,4,4,0,2.21,1
7.300049,16,16,1.6,2,2,0,2.22,1
7.305054,18,18,1.65,2,2,0,2.22,1
7.310059,18,18,1.69,2,2,0,2.05,1
7.315064,5,5,1.73,2,2,0,2.05,1
7.320069,7,7,1.77,2,0,0,2.06,1
7.325074,17,17,1.73,2,0,0,2.06,1
7.330078,20,20,1.72,0,2,0,1.97,1
7.335083,6,6,1.77,0,2,0,1.97,1
7.340088,2,2,1.82,0,2,0,1.97,1
7.345093,11,11,1.78,0,2,0,1.97,1
7.350098,18,18,1.74,0,2,0,1.98,1
7.355103,13,13,1.76,0,2,0,1.98,1
7.360108,7,7,1.81,2,2,0,1.98,1
7.365113,15,15,1.78,2,2,0,1.98,1
7.370118,23,23,1.72,0,0,0,2.08,1
7.375,29,29,1.72,0,0,0,2.08,1
7.380005,21,21,1.75,2,0,0,1.9,1
7.38501,12,12,1.71,2,0,0,1.9,1
7.390015,17,17,1.67,0,0,0,1.99,1
7.39502,17,17,1.7,0,0,0,1.99,1
7.400025,8,8,1.76,2,0,0,1.9,1
7.40503,4,4,1.76,2,0,0,1.9,1
7.410035,10,10,1.72,0,2,0,2,1
7.415039,14,14,1.73,0,2,0,2,1
7.420044,5,5,1.79,0,0,0,2,1
7.425049,8,8,1.8,0,0,0,2,1
7.430054,15,15,1.77,0,0,0,1.91,1
7.435059,9,9,1.75,0,0,0,1.91,1
7.440064,4,4,1.78,0,0,0,1.91,1
7.445069,5,5,1.77,0,0,0,1.91,1
7.450074,6,6,1.75,0,0,0,1.91,1
7.455078,0,0,1.78,0,0,0,1.91,1
7.460083,-5,-5,1.82,0,0,0,1.91,1
7.465088,-4,-4,1.82,0,0,0,1.91,1
7.470093,-1,-1,1.8,0,0,0,1.91,1
7.475098,-5,-5,1.81,0,0,0,1.91,1
7.480103,-11,-11,1.86,0,0,0,1.91,1
7.485108,-13,-13,1.88,0,0,0,1.91,1
7.490113,-14,-14,1.89,0,0,0,1.91,1
7.495118,-16,-16,1.9,0,0,0,1.91,1
7.5,-22,-22,1.94,0,0,0,1.91,1
7.505005,-26,-26,1.98,0,0,0,1.91,1
7.51001,-25,-25,2,-2,0,0,1.91,1
7.515015,-26,-26,2,-2,0,0,1.91,1
7.52002,-33,-33,2.05,0,0,0,1.82,1
7.525025,-48,-48,2.12,0,0,0,1.82,1
7.53003,-47,-47,2.13,0,0,0,1.91,1
7.535035,-42,-42,2.15,0,0,0,1.91,1
7.540039,-50,-50,2.21,0,0,0,1.91,1
7.545044,-60,-60,2.33,0,0,0,1.91,1
7.550049,-56,-56,2.31,-2,-2,0,1.91,1
7.555054,-58,-58,2.33,-2,-2,0,1.91,1
7.560059,-69,-69,2.43,-2,-2,0,1.72,1
7.565064,-97,-97,2.61,-2,-2,0,1.72,1
7.570069,-88,-88,2.62,-2,-2,0,1.71,1
7.575074,-78,-78,2.6,-2,-2,0,1.71,1
7.580078,-72,-72,2.6,-2,-2,0,1.7,1
7.585083,-88,-88,2.82,-2,-2,0,1.7,1
7.590088,-77,-77,2.77,-2,-2,0,1.69,1
7.595093,-64,-64,2.75,-2,-2,0,1.69,1
7.600098,-47,-47,2.67,-2,-2,0,1.68,1
7.605103,-54,-54,2.76,-2,-2,0,1.68,1
7.610108,-47,-47,2.72,-4,-2,0,1.68,1
7.615113,-30,-30,2.61,-4,-2,0,1.68,1
7.620118,-13,-13,2.49,-2,-2,0,1.57,1
7.625,-19,-19,2.42,-2,-2,0,1.57,1
7.630005,-20,-20,2.4,-2,-4,0,1.66,1
7.63501,-10,-10,2.33,-2,-4,0,1.66,1
7.640015,0,0,2.22,-2,-2,0,1.55,1
7.64502,-5,-5,2.15,-2,-2,0,1.55,1
7.650025,-7,-7,2.1,-2,-2,0,1.64,1
7.65503,-6,-6,2.09,-2,-2,0,1.64,1
7.660035,-6,-6,2.06,-2,-2,0,1.63,1
7.665039,-4,-4,1.99,-2,-2,0,1.63,1
7.670044,-5,-5,1.95,0,-2,0,1.62,1
7.675049,-11,-11,1.94,0,-2,0,1.62,1
7.680054,-15,-15,1.92,-2,-2,0,1.71,1
7.685059,-14,-14,1.92,-2,-2,0,1.71,1
7.690064,-20,-20,1.94,-2,0,0,1.61,1
7.695069,-30,-30,1.95,-2,0,0,1.61,1
7.700074,-31,-31,1.95,0,-2,0,1.7,1
7.705078,-33,-33,2.03,0,-2,0,1.7,1
7.710083,-35,-35,2.06,0,-2,0,1.69,1
7.715088,-29,-29,2.04,0,-2,0,1.69,1
7.720093,-25,-25,2.02,-2,0,0,1.69,1
7.725098,-37,-37,2.12,-2,0,0,1.69,1
7.730103,-41,-41,2.18,-2,0,0,1.68,1
7.735108,-26,-26,2.1,-2,0,0,1.68,1
7.740113,-16,-16,2.05,-2,0,0,1.68,1
7.745118,-24,-24,2.1,-2,0,0,1.68,1
7.75,-31,-31,2.18,0,-2,0,1.68,1
7.755005,-19,-19,2.12,0,-2,0,1.68,1
7.76001,-2,-2,2.03,-2,0,0,1.67,1
7.765015,-3,-3,2,-2,0,0,1.67,1
7.77002,-10,-10,2.04,-2,-2,0,1.67,1
7.775025,-4,-4,2,-2,-2,0,1.67,1
7.78003,11,11,1.9,0,-2,0,1.57,1
7.785035,7,7,1.83,0,-2,0,1.57,1
7.790039,0,0,1.84,0,-2,0,1.66,1
7.795044,3,3,1.85,0,-2,0,1.66,1
7.800049,11,11,1.8,0,0,0,1.65,1
7.805054,18,18,1.71,0,0,0,1.65,1
7.810059,15,15,1.69,0,-2,0,1.74,1
7.815064,16,16,1.71,0,-2,0,1.74,1
7.820069,17,17,1.69,0,0,0,1.65,1
7.825074,12,12,1.65,0,0,0,1.65,1
7.830078,11,11,1.65,0,2,0,1.74,1
7.835083,15,15,1.68,0,2,0,1.74,1
7.840088,20,20,1.65,0,0,0,1.83,1
7.845093,33,33,1.62,0,0,0,1.83,1
7.850098,33,33,1.61,0,0,0,1.74,1
7.855103,28,28,1.6,0,0,0,1.74,1
7.860108,32,32,1.57,0,0,0,1.74,1
7.865113,41,41,1.5,0,0,0,1.74,1
7.870118,41,41,1.49,0,2,0,1.74,1
7.875,42,42,1.49,0,2,0,1.74,1
7.880005,50,50,1.41,0,0,0,1.84,1
7.88501,66,66,1.31,0,0,0,1.84,1
7.890015,63,63,1.33,2,0,0,1.75,1
7.89502,60,60,1.29,2,0,0,1.75,1
7.900025,70,70,1.2,2,0,0,1.84,1
7.90503,91,91,1,2,0,0,1.84,1
7.910035,80,80,0.99,2,2,0,1.85,1
7.915039,59,59,1.08,2,2,0,1.85,1
7.920044,54,54,1.13,0,0,0,1.94,1
7.925049,87,87,0.93,0,0,0,1.94,1
7.930054,96,96,0.81,2,2,0,1.76,1
7.935059,59,59,0.87,2,2,0,1.76,1
7.940064,28,28,1.01,2,4,0,1.95,1
7.945069,45,45,0.96,2,4,0,1.95,1
7.950074,47,47,0.94,4,4,0,2.06,1
7.955078,45,45,1,4,4,0,2.06,1
7.960083,21,21,1.13,2,4,0,2.16,1
7.965088,22,22,1.21,2,4,0,2.16,1
7.970093,23,23,1.26,4,2,0,2.08,1
7.975098,18,18,1.3,4,2,0,2.08,1
7.980103,9,9,1.42,2,2,0,2.1,1
7.985108,7,7,1.48,2,2,0,2.1,1
7.990113,11,11,1.51,2,2,0,2.01,1
7.995118,2,2,1.58,2,2,0,2.01,1
8,-2,-2,1.67,2,2,0,2.02,1
8.005005,2,2,1.71,2,2,0,2.02,1
8.01001,9,9,1.71,0,2,0,2.03,1
8.015015,13,13,1.72,0,2,0,2.03,1
8.02002,12,12,1.76,2,2,0,1.94,1
8.025025,11,11,1.76,2,2,0,1.94,1
8.03003,16,16,1.75,2,2,0,2.04,1
8.035035,27,27,1.73,2,2,0,2.04,1
8.040039,28,28,1.73,0,0,0,2.05,1
8.045044,35,35,1.7,0,0,0,2.05,1
8.050049,40,40,1.65,0,0,0,1.87,1
8.055054,22,22,1.67,0,0,0,1.87,1
8.060059,20,20,1.68,0,2,0,1.87,1
8.065064,33,33,1.55,0,2,0,1.87,1
8.070069,37,37,1.49,2,2,0,1.96,1
8.075074,27,27,1.57,2,2,0,1.96,1
8.080078,16,16,1.63,0,2,0,2.06,1
8.085083,36,36,1.54,0,2,0,2.06,1
8.090088,46,46,1.46,0,2,0,1.97,1
8.095093,25,25,1.51,0,2,0,1.97,1
8.100098,8,8,1.62,0,2,0,1.98,1
8.105103,20,20,1.53,0,2,0,1.98,1
8.110108,30,30,1.46,2,0,0,1.98,1
8.115113,17,17,1.5,2,0,0,1.98,1
8.120118,-4,-4,1.63,2,2,0,1.99,1
8.125,-3,-3,1.66,2,2,0,1.99,1
8.130005,10,10,1.6,0,2,0,2.08,1
8.13501,15,15,1.6,0,2,0,2.08,1
8.140015,-3,-3,1.72,0,2,0,2,1
8.14502,-16,-16,1.82,0,2,0,2,1
8.150025,-7,-7,1.82,0,2,0,2,1
8.15503,2,2,1.79,0,2,0,2,1
8.160035,-5,-5,1.83,0,0,0,2.01,1
8.165039,-15,-15,1.94,0,0,0,2.01,1
8.170044,-10,-10,1.96,0,0,0,1.91,1
8.175049,-3,-3,1.88,0,0,0,1.91,1
8.180054,-1,-1,1.86,0,0,0,1.91,1
8.185059,-12,-12,1.92,0,0,0,1.91,1
8.190064,-17,-17,1.96,0,0,0,1.91,1
8.195069,-14,-14,1.94,0,0,0,1.91,1
8.200074,-13,-13,1.93,-2,0,0,1.91,1
8.205078,-19,-19,1.97,-2,0,0,1.91,1
8.210083,-25,-25,2,0,0,0,1.82,1
8.215088,-34,-34,2.02,0,0,0,1.82,1
8.220093,-37,-37,2.05,0,0,0,1.91,1
8.225098,-36,-36,2.11,0,0,0,1.91,1
8.230103,-37,-37,2.11,0,0,0,1.91,1
8.235108,-42,-42,2.14,0,0,0,1.91,1
8.240113,-48,-48,2.21,-2,0,0,1.91,1
8.245118,-56,-56,2.31,-2,0,0,1.91,1
8.25,-53,-53,2.29,0,0,0,1.82,1
8.255005,-65,-65,2.33,0,0,0,1.82,1
8.26001,-73,-73,2.41,0,0,0,1.91,1
8.265015,-72,-72,2.51,0,0,0,1.91,1
8.27002,-67,-67,2.53,-2,-2,0,1.91,1
8.275025,-63,-63,2.52,-2,-2,0,1.91,1
8.28003,-64,-64,2.56,-2,-2,0,1.72,1
8.285035,-90,-90,2.71,-2,-2,0,1.72,1
8.290039,-88,-88,2.77,-2,-4,0,1.71,1
8.295044,-70,-70,2.7,-2,-4,0,1.71,1
8.300049,-56,-56,2.64,-2,-2,0,1.61,1
8.305054,-75,-75,2.76,-2,-2,0,1.61,1
8.310059,-75,-75,2.78,-4,-4,0,1.69,1
8.315064,-57,-57,2.73,-4,-4,0,1.69,1
8.320069,-39,-39,2.62,-2,-2,0,1.49,1
8.325074,-58,-58,2.68,-2,-2,0,1.49,1
8.330078,-55,-55,2.65,-4,-4,0,1.66,1
8.335083,-29,-29,2.58,-4,-4,0,1.66,1
8.340088,-12,-12,2.45,-2,-4,0,1.47,1
8.345093,-27,-27,2.44,-2,-4,0,1.47,1
8.350098,-24,-24,2.37,-4,-4,0,1.55,1
8.355103,-12,-12,2.3,-4,-4,0,1.55,1
8.360108,-3,-3,2.2,-4,-4,0,1.44,1
8.365113,-9,-9,2.13,-4,-4,0,1.44,1
8.370118,-10,-10,2.07,-4,-2,0,1.42,1
8.375,-14,-14,2.04,-4,-2,0,1.42,1
8.380005,-15,-15,1.99,-2,0,0,1.5,1
8.38501,-9,-9,1.93,-2,0,0,1.5,1
8.390015,-15,-15,1.92,0,0,0,1.68,1
8.39502,-4,-4,1.92,0,0,0,1.68,1
8.400025,-4,-4,1.89,-2,-2,0,1.77,1
8.40503,1,1,1.89,-2,-2,0,1.77,1
8.410035,-1,-1,1.89,0,-2,0,1.58,1
8.415039,-12,-12,1.85,0,-2,0,1.58,1
8.420044,-12,-12,1.83,0,0,0,1.67,1
8.425049,-8,-8,1.82,0,0,0,1.67,1
8.430054,-12,-12,1.83,0,-2,0,1.76,1
8.435059,-10,-10,1.85,0,-2,0,1.76,1
8.440064,-11,-11,1.86,0,0,0,1.66,1
8.445069,-24,-24,1.9,0,0,0,1.66,1
8.450074,-28,-28,1.94,0,-2,0,1.75,1
8.455078,-17,-17,1.93,0,-2,0,1.75,1
8.460083,-16,-16,1.92,0,0,0,1.66,1
8.465088,-33,-33,2.03,0,0,0,1.66,1
8.470093,-34,-34,2.07,0,0,0,1.75,1
8.475098,-15,-15,2.02,0,0,0,1.75,1
8.480103,-6,-6,1.97,-2,0,0,1.75,1
8.485108,-17,-17,2.05,-2,0,0,1.75,1
8.490113,-22,-22,2.12,0,0,0,1.66,1
8.495118,-8,-8,2.01,0,0,0,1.66,1
8.5,5,5,1.93,0,0,0,1.75,1
8.505005,13,13,1.86,0,0,0,1.75,1
8.51001,3,3,1.92,-2,-2,0,1.75,1
8.515015,4,4,1.93,-2,-2,0,1.75,1
8.52002,21,21,1.82,0,0,0,1.56,1
8.525025,15,15,1.72,0,0,0,1.56,1
8.53003,9,9,1.7,0,0,0,1.74,1
8.535035,14,14,1.75,0,0,0,1.74,1
8.540039,16,16,1.73,0,0,0,1.74,1
8.545044,26,26,1.65,0,0,0,1.74,1
8.550049,27,27,1.63,0,0,0,1.74,1
8.555054,23,23,1.65,0,0,0,1.74,1
8.560059,27,27,1.62,0,0,0,1.74,1
8.565064,38,38,1.53,0,0,0,1.74,1
8.570069,41,41,1.5,0,0,0,1.74,1
8.575074,42,42,1.49,0,0,0,1.74,1
8.580078,47,47,1.44,0,0,0,1.74,1
8.585083,56,56,1.33,0,0,0,1.74,1
8.590088,57,57,1.31,2,0,0,1.74,1
8.595093,61,61,1.29,2,0,0,1.74,1
8.600098,69,69,1.21,0,0,0,1.83,1
8.605103,85,85,1.08,0,0,0,1.83,1
8.610108,83,83,1.04,2,2,0,1.74,1
8.615113,63,63,1.09,2,2,0,1.74,1
8.620118,54,54,1.12,0,0,0,1.93,1
8.625,83,83,0.96,0,0,0,1.93,1
8.630005,87,87,0.9,2,2,0,1.75,1
8.63501,65,65,0.89,2,2,0,1.75,1
8.640015,54,54,0.88,2,2,0,1.94,1
8.64502,70,70,0.77,2,2,0,1.94,1
8.650025,58,58,0.81,4,4,0,1.95,1
8.65503,40,40,0.91,4,4,0,1.95,1
8.660035,20,20,1.06,4,4,0,2.15,1
8.665039,42,42,1.03,4,4,0,2.15,1
8.670044,43,43,1.06,4,2,0,2.16,1
8.675049,33,33,1.16,4,2,0,2.16,1
8.680054,18,18,1.3,4,4,0,2.08,1
8.685059,14,14,1.34,4,4,0,2.08,1
8.690064,21,21,1.33,4,4,0,2.19,1
8.695069,23,23,1.39,4,4,0,2.19,1
8.700074,9,9,1.54,2,2,0,2.21,1
8.705078,9,9,1.63,2,2,0,2.21,1
8.710083,19,19,1.62,2,2,0,2.03,1
8.715088,8,8,1.65,2,2,0,2.03,1
8.720093,3,3,1.7,2,2,0,2.04,1
8.725098,4,4,1.74,2,2,0,2.04,1
8.730103,6,6,1.76,2,0,0,2.05,1
8.735108,6,6,1.79,2,0,0,2.05,1
8.740113,5,5,1.82,0,2,0,1.96,1
8.745118,2,2,1.85,0,2,0,1.96,1
8.75,7,7,1.84,0,2,0,1.97,1
8.755005,9,9,1.84,0,2,0,1.97,1
8.76001,10,10,1.86,2,0,0,1.97,1
8.765015,15,15,1.84,2,0,0,1.97,1
8.77002,23,23,1.81,0,0,0,1.97,1
8.775025,26,26,1.79,0,0,0,1.97,1
8.78003,27,27,1.78,0,0,0,1.88,1
8.785035,30,30,1.69,0,0,0,1.88,1
8.790039,35,35,1.63,0,0,0,1.88,1
8.795044,27,27,1.65,0,0,0,1.88,1
8.800049,24,24,1.67,0,0,0,1.88,1
8.805054,38,38,1.54,0,0,0,1.88,1
8.810059,44,44,1.45,0,2,0,1.88,1
8.815064,27,27,1.52,0,2,0,1.88,1
8.820069,15,15,1.59,0,0,0,1.98,1
8.825074,36,36,1.49,0,0,0,1.98,1
8.830078,45,45,1.39,0,0,0,1.89,1
8.835083,21,21,1.45,0,0,0,1.89,1
8.840088,1,1,1.56,2,0,0,1.89,1
8.845093,7,7,1.52,2,0,0,1.89,1
8.850098,16,16,1.44,0,0,0,1.98,1
8.855103,8,8,1.51,0,0,0,1.98,1
8.860108,-15,-15,1.66,0,2,0,1.89,1
8.865113,-26,-26,1.76,0,2,0,1.89,1
8.870118,-12,-12,1.72,0,2,0,1.99,1
8.875,0,0,1.69,0,2,0,1.99,1
8.880005,-13,-13,1.79,0,0,0,1.99,1
8.88501,-26,-26,1.93,0,0,0,1.99,1
8.890015,-20,-20,1.96,0,0,0,1.9,1
8.89502,-12,-12,1.89,0,0,0,1.9,1
8.900025,-11,-11,1.88,0,0,0,1.9,1
8.90503,-26,-26,2,0,0,0,1.9,1
8.910035,-27,-27,2.01,0,0,0,1.9,1
8.915039,-22,-22,1.98,0,0,0,1.9,1
8.920044,-23,-23,1.99,0,0,0,1.9,1
8.925049,-31,-31,2.04,0,0,0,1.9,1
8.930054,-36,-36,2.08,0,-2,0,1.9,1
8.935059,-38,-38,2.09,0,-2,0,1.9,1
8.940064,-43,-43,2.14,0,0,0,1.8,1
8.945069,-56,-56,2.2,0,0,0,1.8,1
8.950074,-56,-56,2.21,0,0,0,1.89,1
8.955078,-55,-55,2.25,0,0,0,1.89,1
8.960083,-63,-63,2.35,0,0,0,1.89,1
8.965088,-72,-72,2.49,0,0,0,1.89,1
8.970093,-64,-64,2.49,-2,-2,0,1.89,1
8.975098,-57,-57,2.48,-2,-2,0,1.89,1
8.980103,-58,-58,2.52,0,-2,0,1.7,1
8.985108,-85,-85,2.68,0,-2,0,1.7,1
8.990113,-82,-82,2.71,-2,-2,0,1.79,1
8.995118,-60,-60,2.67,-2,-2,0,1.79,1
9,-49,-49,2.61,-2,-2,0,1.69,1
9.005005,-70,-70,2.76,-2,-2,0,1.69,1
9.01001,-67,-67,2.75,-2,-2,0,1.68,1
9.015015,-54,-54,2.71,-2,-2,0,1.68,1
9.02002,-37,-37,2.61,-2,-2,0,1.68,1
9.025025,-39,-39,2.6,-2,-2,0,1.68,1
9.03003,-40,-40,2.61,-2,-4,0,1.67,1
9.035035,-32,-32,2.55,-2,-4,0,1.67,1
9.040039,-17,-17,2.44,-2,-4,0,1.57,1
9.045044,-22,-22,2.37,-2,-4,0,1.57,1
9.050049,-22,-22,2.34,-2,-4,0,1.55,1
9.055054,-22,-22,2.29,-2,-4,0,1.55,1
9.060059,-14,-14,2.2,-4,-2,0,1.54,1
9.065064,-16,-16,2.15,-4,-2,0,1.54,1
9.070069,-20,-20,2.14,-2,-2,0,1.53,1
9.075074,-20,-20,2.09,-2,-2,0,1.53,1
9.080078,-17,-17,2.02,-2,-2,0,1.61,1
9.085083,-15,-15,2.01,-2,-2,0,1.61,1
9.090088,-20,-20,2.02,-2,0,0,1.6,1
9.095093,-18,-18,1.98,-2,0,0,1.6,1
9.100098,-16,-16,1.95,-2,0,0,1.69,1
9.105103,-18,-18,1.99,-2,0,0,1.69,1
9.110108,-22,-22,2.02,-2,-2,0,1.69,1
9.115113,-16,-16,2,-2,-2,0,1.69,1
9.120118,-8,-8,1.94,0,-2,0,1.59,1
9.125,-20,-20,1.95,0,-2,0,1.59,1
9.130005,-30,-30,2.01,0,0,0,1.68,1
9.13501,-20,-20,2,0,0,0,1.68,1
9.140015,-11,-11,1.94,0,-2,0,1.77,1
9.14502,-9,-9,1.98,0,-2,0,1.77,1
9.150025,-15,-15,2.03,-2,0,0,1.67,1
9.15503,-11,-11,1.97,-2,0,0,1.67,1
9.160035,0,0,1.91,-2,0,0,1.67,1
9.165039,0,0,1.89,-2,0,0,1.67,1
9.170044,-9,-9,1.93,-2,0,0,1.66,1
9.175049,-9,-9,1.91,-2,0,0,1.66,1
9.180054,4,4,1.84,0,-2,0,1.66,1
9.185059,4,4,1.82,0,-2,0,1.66,1
9.190064,-4,-4,1.84,0,0,0,1.66,1
9.195069,-4,-4,1.84,0,0,0,1.66,1
9.200074,-4,-4,1.8,0,0,0,1.75,1
9.205078,2,2,1.77,0,0,0,1.75,1
9.210083,10,10,1.78,0,0,0,1.75,1
9.215088,6,6,1.79,0,0,0,1.75,1
9.220093,5,5,1.77,0,0,0,1.75,1
9.225098,8,8,1.74,0,0,0,1.75,1
9.230103,11,11,1.75,0,0,0,1.75,1
9.235108,9,9,1.77,0,0,0,1.75,1
9.240113,8,8,1.74,0,0,0,1.75,1
9.245118,13,13,1.72,0,0,0,1.75,1
9.25,18,18,1.7,0,0,0,1.75,1
9.255005,20,20,1.69,0,0,0,1.75,1
9.26001,22,22,1.66,0,0,0,1.75,1
9.265015,26,26,1.62,0,0,0,1.75,1
9.27002,31,31,1.59,0,0,0,1.75,1
9.275025,34,34,1.57,0,0,0,1.75,1
9.28003,37,37,1.52,0,0,0,1.75,1
9.285035,43,43,1.44,0,0,0,1.75,1
9.290039,49,49,1.44,0,0,0,1.75,1
9.295044,49,49,1.42,0,0,0,1.75,1
9.300049,52,52,1.33,0,0,0,1.75,1
9.305054,61,61,1.22,0,0,0,1.75,1
9.310059,70,70,1.21,2,2,0,1.75,1
9.315064,68,68,1.15,2,2,0,1.75,1
9.320069,72,72,1.09,2,0,0,1.94,1
9.325074,73,73,0.93,2,0,0,1.94,1
9.330078,96,96,0.93,2,2,0,1.85,1
9.335083,88,88,0.99,2,2,0,1.85,1
9.340088,67,67,1.04,2,2,0,1.95,1
9.345093,63,63,0.83,2,2,0,1.95,1
9.350098,94,94,0.73,4,4,0,1.96,1
9.355103,98,98,0.82,4,4,0,1.96,1
9.360108,72,72,0.95,2,2,0,2.15,1
9.365113,45,45,0.9,2,2,0,2.15,1
9.370118,67,67,0.83,4,4,0,1.98,1
9.375,74,74,0.9,4,4,0,1.98,1
9.380005,46,46,1.07,4,2,0,2.18,1
9.38501,16,16,1.08,4,2,0,2.18,1
9.390015,30,30,1.1,4,4,0,2.1,1
9.39502,33,33,1.18,4,4,0,2.1,1
9.400025,19,19,1.33,2,4,0,2.21,1
9.40503,0,0,1.44,2,4,0,2.21,1
9.410035,2,2,1.49,4,4,0,2.13,1
9.415039,7,7,1.48,4,4,0,2.13,1
9.420044,7,7,1.58,4,4,0,2.23,1
9.425049,-2,-2,1.73,4,4,0,2.23,1
9.430054,-6,-6,1.79,2,2,0,2.25,1
9.435059,-5,-5,1.81,2,2,0,2.25,1
9.440064,5,5,1.85,2,2,0,2.08,1
9.445069,8,8,1.93,2,2,0,2.08,1
9.450074,-7,-7,1.96,0,0,0,2.08,1
9.455078,-4,-4,1.95,0,0,0,2.08,1
9.460083,6,6,1.94,0,0,0,1.9,1
9.465088,13,13,1.94,0,0,0,1.9,1
9.470093,2,2,1.95,0,0,0,1.9,1
9.475098,5,5,1.92,0,0,0,1.9,1
9.480103,13,13,1.84,0,0,0,1.9,1
9.485108,24,24,1.79,0,0,0,1.9,1
9.490113,29,29,1.76,0,0,0,1.9,1
9.495118,29,29,1.74,0,0,0,1.9,1
9.5,29,29,1.69,0,0,0,1.9,1
9.505005,32,32,1.57,0,0,0,1.9,1
9.51001,41,41,1.54,0,0,0,1.9,1
9.515015,37,37,1.61,0,0,0,1.9,1
9.52002,22,22,1.65,0,0,0,1.9,1
9.525025,16,16,1.51,0,0,0,1.9,1
9.53003,32,32,1.45,0,0,0,1.9,1
9.535035,36,36,1.52,0,0,0,1.9,1
9.540039,17,17,1.62,2,0,0,1.9,1
9.545044,2,2,1.55,2,0,0,1.9,1
9.550049,13,13,1.47,2,2,0,2,1
9.555054,23,23,1.51,2,2,0,2,1
9.560059,16,16,1.65,0,2,0,2.1,1
9.565064,-5,-5,1.69,0,2,0,2.1,1
9.570069,4,4,1.64,2,0,0,2.01,1
9.575074,16,16,1.65,2,0,0,2.01,1
9.580078,8,8,1.75,0,0,0,2.01,1
9.585083,-8,-8,1.83,0,0,0,2.01,1
9.590088,-15,-15,1.82,2,2,0,1.92,1
9.595093,-8,-8,1.83,2,2,0,1.92,1
9.600098,-13,-13,1.89,0,0,0,2.11,1
9.605103,-22,-22,1.99,0,0,0,2.11,1
9.610108,-15,-15,2.01,0,0,0,1.93,1
9.615113,-10,-10,1.94,0,0,0,1.93,1
9.620118,-13,-13,1.95,0,0,0,1.93,1
9.625,-15,-15,2.03,0,0,0,1.93,1
9.630005,-27,-27,2.07,-2,0,0,1.93,1
9.63501,-32,-32,2.07,-2,0,0,1.93,1
9.640015,-30,-30,2.08,0,0,0,1.84,1
9.64502,-31,-31,2.16,0,0,0,1.84,1
9.650025,-47,-47,2.19,0,0,0,1.93,1
9.65503,-51,-51,2.21,0,0,0,1.93,1
9.660035,-47,-47,2.28,0,0,0,1.93,1
9.665039,-53,-53,2.41,0,0,0,1.93,1
9.670044,-63,-63,2.39,0,-2,0,1.93,1
9.675049,-60,-60,2.42,0,-2,0,1.93,1
9.680054,-64,-64,2.51,0,-2,0,1.83,1
9.685059,-73,-73,2.62,0,-2,0,1.83,1
9.690064,-86,-86,2.67,-2,-2,0,1.83,1
9.695069,-81,-81,2.64,-2,-2,0,1.83,1
9.700074,-69,-69,2.66,-2,-2,0,1.73,1
9.705078,-66,-66,2.83,-2,-2,0,1.73,1
9.710083,-87,-87,2.85,-2,-4,0,1.72,1
9.715088,-82,-82,2.75,-2,-4,0,1.72,1
9.720093,-60,-60,2.68,-2,-2,0,1.62,1
9.725098,-47,-47,2.8,-2,-2,0,1.62,1
9.730103,-67,-67,2.78,-4,-4,0,1.7,1
9.735108,-62,-62,2.67,-4,-4,0,1.7,1
9.740113,-37,-37,2.54,-2,-4,0,1.5,1
9.745118,-18,-18,2.52,-2,-4,0,1.5,1
9.75,-35,-35,2.48,-4,-4,0,1.58,1
9.755005,-35,-35,2.37,-4,-4,0,1.58,1
9.76001,-20,-20,2.19,-2,-4,0,1.47,1
9.765015,-5,-5,2.1,-2,-4,0,1.47,1
9.77002,-15,-15,2.04,-2,-2,0,1.55,1
9.775025,-24,-24,1.98,-2,-2,0,1.55,1
9.78003,-22,-22,1.86,-2,-2,0,1.64,1
9.785035,-21,-21,1.84,-2,-2,0,1.64,1
9.790039,-26,-26,1.84,-4,-2,0,1.63,1
9.795044,-42,-42,1.84,-4,-2,0,1.63,1
9.800049,-53,-53,1.83,0,-2,0,1.53,1
9.805054,-61,-61,1.93,0,-2,0,1.53,1
9.810059,-90,-90,2.05,-4,-2,0,1.7,1
9.815064,-111,-111,2.1,-4,-2,0,1.7,1
9.820069,-106,-106,2.17,-2,-2,0,1.51,1
9.825074,-116,-116,2.57,-2,-2,0,1.51,1
9.830078,-171,-171,2.72,-2,-4,0,1.59,1
9.835083,-181,-181,2.7,-2,-4,0,1.59,1
9.840088,-153,-153,2.68,-4,-4,0,1.49,1
9.845093,-143,-143,2.96,-4,-4,0,1.49,1
9.850098,-183,-183,3.07,-8,-8,0,1.38,1
9.855103,-192,-192,3.24,-8,-8,0,1.38,1
9.860108,-201,-201,3.02,-4,-6,0,0.99,1
9.865113,-163,-163,3.21,-4,-6,0,0.99,1
9.870118,-210,-210,3.17,-8,-8,0,1.24,1
9.875,-214,-214,3.23,-8,-8,0,1.24,1
9.880005,-206,-206,3.13,-6,-8,0,0.93,1
9.88501,-197,-197,3.34,-6,-8,0,0.93,1
9.890015,-245,-245,3.35,-8,-10,0,1,1
9.89502,-252,-252,3.47,-8,-10,0,1,1
9.900025,-250,-250,3.26,-8,-8,0,0.78,1
9.90503,-227,-227,3.47,-8,-8,0,0.78,1
9.910035,-271,-271,3.62,-12,-12,0,0.84,1
9.915039,-295,-295,3.82,-12,-12,0,0.84,1
9.920044,-306,-306,3.64,-8,-10,0,0.43,1
9.925049,-282,-282,3.96,-8,-10,0,0.43,1
9.930054,-342,-342,3.89,-12,-14,0,0.66,1
9.935059,-342,-342,4.09,-12,-14,0,0.66,1
9.940064,-346,-346,4.08,-12,-12,0,0.25,1
9.945069,-342,-342,4.36,-12,-12,0,0.25,1
9.950074,-394,-394,4.65,-16,-16,0,0.29,1
9.955078,-417,-417,4.71,-16,-16,0,0.29,1
9.960083,-403,-403,4.44,-14,-16,0,-0.14,1
9.965088,-362,-362,4.75,-14,-16,0,-0.14,1
9.970093,-420,-420,4.85,-20,-18,0,-0.11,1
9.975098,-429,-429,4.97,-20,-18,0,-0.11,1
9.980103,-426,-426,4.9,-16,-18,0,-0.55,1
9.985108,-399,-399,5.03,-16,-18,0,-0.55,1
9.990113,-430,-430,5.03,-20,-22,0,-0.43,1
9.995118,-425,-425,4.99,-20,-22,0,-0.43,1
10,-404,-404,4.78,-18,-20,0,-0.88,1
10.005005,-374,-374,4.94,-18,-20,0,-0.88,1
10.01001,-420,-420,4.95,-24,-24,0,-0.77,1
10.015015,-423,-423,4.91,-24,-24,0,-0.77,1
10.02002,-408,-408,4.7,-22,-22,0,-1.33,1
10.025025,-380,-380,4.77,-22,-22,0,-1.33,1
10.03003,-421,-421,4.81,-24,-26,0,-1.23,1
10.035035,-427,-427,4.75,-24,-26,0,-1.23,1
10.040039,-407,-407,4.48,-24,-24,0,-1.6,1
10.045044,-370,-370,4.6,-24,-24,0,-1.6,1
10.050049,-408,-408,4.57,-28,-28,0,-1.61,1
10.055054,-412,-412,4.41,-28,-28,0,-1.61,1
10.060059,-397,-397,4.25,-24,-24,0,-2.09,1
10.065064,-387,-387,4.33,-24,-24,0,-2.09,1
10.070069,-434,-434,4.39,-28,-28,0,-1.82,1
10.075074,-438,-438,4.32,-28,-28,0,-1.82,1
10.080078,-399,-399,4.05,-24,-26,0,-2.29,1
10.085083,-362,-362,4.2,-24,-26,0,-2.29,1
10.090088,-409,-409,4.1,-28,-30,0,-2.12,1
10.095093,-403,-403,3.83,-28,-30,0,-2.12,1
10.100098,-365,-365,3.64,-26,-28,0,-2.6,1
10.105103,-360,-360,3.77,-26,-28,0,-2.6,1
10.110108,-422,-422,3.8,-28,-30,0,-2.53,1
10.115113,-426,-426,3.7,-28,-30,0,-2.53,1
10.120118,-403,-403,3.4,-26,-28,0,-2.82,1
10.125,-371,-371,3.53,-26,-28,0,-2.82,1
10.130005,-404,-404,3.49,-28,-30,0,-2.75,1
10.13501,-394,-394,3.16,-28,-30,0,-2.75,1
10.140015,-344,-344,2.92,-26,-28,0,-3.05,1
10.14502,-318,-318,3.01,-26,-28,0,-3.05,1
10.150025,-357,-357,2.85,-28,-32,0,-2.97,1
10.15503,-345,-345,2.56,-28,-32,0,-2.97,1
10.160035,-314,-314,2.3,-24,-28,0,-3.37,1
10.165039,-302,-302,2.44,-24,-28,0,-3.37,1
10.170044,-357,-357,2.3,-28,-28,0,-3.11,1
10.175049,-350,-350,2.24,-28,-28,0,-3.11,1
10.180054,-319,-319,1.87,-26,-26,0,-3.4,1
10.185059,-285,-285,1.95,-26,-26,0,-3.4,1
10.190064,-321,-321,1.86,-28,-30,0,-3.32,1
10.195069,-315,-315,1.66,-28,-30,0,-3.32,1
10.200074,-284,-284,1.38,-24,-26,0,-3.71,1
10.205078,-262,-262,1.54,-24,-26,0,-3.71,1
10.210083,-318,-318,1.34,-26,-28,0,-3.45,1
10.215088,-305,-305,1.25,-26,-28,0,-3.45,1
10.220093,-278,-278,0.99,-22,-24,0,-3.74,1
10.225098,-269,-269,1.12,-22,-24,0,-3.74,1
10.230103,-319,-319,0.92,-24,-28,0,-3.47,1
10.235108,-308,-308,0.88,-24,-28,0,-3.47,1
10.240113,-285,-285,0.71,-22,-24,0,-3.84,1
10.245118,-278,-278,0.92,-22,-24,0,-3.84,1
10.25,-335,-335,0.78,-24,-26,0,-3.66,1
10.255005,-323,-323,0.75,-24,-26,0,-3.66,1
10.26001,-303,-303,0.53,-20,-24,0,-3.94,1
10.265015,-284,-284,0.77,-20,-24,0,-3.94,1
10.27002,-333,-333,0.71,-24,-26,0,-3.76,1
10.275025,-325,-325,0.68,-24,-26,0,-3.76,1
10.28003,-300,-300,0.53,-20,-22,0,-4.13,1
10.285035,-287,-287,0.83,-20,-22,0,-4.13,1
10.290039,-346,-346,0.72,-24,-26,0,-3.85,1
10.295044,-335,-335,0.73,-24,-26,0,-3.85,1
10.300049,-307,-307,0.58,-22,-22,0,-4.32,1
10.305054,-296,-296,0.76,-22,-22,0,-4.32,1
10.310059,-347,-347,0.71,-24,-26,0,-4.13,1
10.315064,-336,-336,0.6,-24,-26,0,-4.13,1
10.320069,-306,-306,0.36,-22,-22,0,-4.5,1
10.325074,-286,-286,0.61,-22,-22,0,-4.5,1
10.330078,-343,-343,0.62,-22,-24,0,-4.32,1
10.335083,-341,-341,0.6,-22,-24,0,-4.32,1
10.340088,-311,-311,0.34,-22,-24,0,-4.5,1
10.345093,-279,-279,0.5,-22,-24,0,-4.5,1
10.350098,-306,-306,0.33,-24,-26,0,-4.59,1
10.355103,-285,-285,0.13,-24,-26,0,-4.59,1
10.360108,-264,-264,-0.16,-20,-24,0,-4.88,1
10.365113,-243,-243,-0.02,-20,-24,0,-4.88,1
10.370118,-287,-287,-0.27,-24,-24,0,-4.69,1
10.375,-266,-266,-0.33,-24,-24,0,-4.69,1
10.380005,-241,-241,-0.53,-20,-20,0,-4.97,1
10.38501,-225,-225,-0.42,-20,-20,0,-4.97,1
10.390015,-262,-262,-0.71,-22,-24,0,-4.69,1
10.39502,-233,-233,-0.86,-22,-24,0,-4.69,1
10.400025,-194,-194,-1.11,-20,-20,0,-5.05,1
10.40503,-181,-181,-0.97,-20,-20,0,-5.05,1
10.410035,-230,-230,-1.28,-22,-22,0,-4.86,1
10.415039,-202,-202,-1.34,-22,-22,0,-4.86,1
10.420044,-179,-179,-1.52,-18,-18,0,-5.13,1
10.425049,-173,-173,-1.35,-18,-18,0,-5.13,1
10.430054,-215,-215,-1.65,-18,-22,0,-4.84,1
10.435059,-186,-186,-1.79,-18,-22,0,-4.84,1
10.440064,-153,-153,-1.9,-16,-18,0,-5.1,1
10.445069,-153,-153,-1.69,-16,-18,0,-5.1,1
10.450074,-201,-201,-1.96,-18,-18,0,-4.89,1
10.455078,-180,-180,-2.03,-18,-18,0,-4.89,1
10.460083,-162,-162,-2.15,-14,-16,0,-5.06,1
10.465088,-162,-162,-1.97,-14,-16,0,-5.06,1
10.470093,-198,-198,-2.15,-16,-16,0,-4.84,1
10.475098,-183,-183,-2.24,-16,-16,0,-4.84,1
10.480103,-161,-161,-2.27,-14,-16,0,-5,1
10.485108,-167,-167,-1.99,-14,-16,0,-5,1
10.490113,-210,-210,-2.18,-14,-16,0,-4.97,1
10.495118,-190,-190,-2.2,-14,-16,0,-4.97,1
10.5,-185,-185,-2.24,-12,-12,0,-5.03,1
10.505005,-190,-190,-1.96,-12,-12,0,-5.03,1
10.51001,-224,-224,-2.14,-14,-16,0,-4.8,1
10.515015,-203,-203,-2.2,-14,-16,0,-4.8,1
10.52002,-178,-178,-2.2,-12,-12,0,-5.13,1
10.525025,-185,-185,-1.88,-12,-12,0,-5.13,1
10.53003,-242,-242,-2.05,-14,-14,0,-4.91,1
10.535035,-214,-214,-2.01,-14,-14,0,-4.91,1
10.540039,-183,-183,-2.17,-12,-14,0,-5.15,1
10.545044,-160,-160,-2.01,-12,-14,0,-5.15,1
10.550049,-184,-184,-2.22,-14,-16,0,-5.11,1
10.555054,-153,-153,-2.33,-14,-16,0,-5.11,1
10.560059,-130,-130,-2.56,-12,-12,0,-5.35,1
10.565064,-105,-105,-2.45,-12,-12,0,-5.35,1
10.570069,-130,-130,-2.74,-12,-16,0,-5.13,1
10.575074,-97,-97,-2.98,-12,-16,0,-5.13,1
10.580078,-58,-58,-3.1,-10,-12,0,-5.36,1
10.585083,-54,-54,-3.1,-10,-12,0,-5.36,1
10.590088,-78,-78,-3.25,-12,-12,0,-5.13,1
10.595093,-64,-64,-3.49,-12,-12,0,-5.13,1
10.600098,-28,-28,-3.64,-8,-10,0,-5.27,1
10.605103,-20,-20,-3.62,-8,-10,0,-5.27,1
10.610108,-38,-38,-3.84,-10,-10,0,-5.04,1
10.615113,-20,-20,-4.06,-10,-10,0,-5.04,1
10.620118,11,11,-4.24,-6,-10,0,-5.17,1
10.625,13,13,-4.35,-6,-10,0,-5.17,1
10.630005,-5,-5,-4.35,-6,-6,0,-5.02,1
10.63501,-18,-18,-4.39,-6,-6,0,-5.02,1
10.640015,-15,-15,-4.43,-6,-6,0,-4.86,1
10.64502,-18,-18,-4.42,-6,-6,0,-4.86,1
10.650025,-13,-13,-4.46,-4,-4,0,-4.88,1
10.65503,-15,-15,-4.45,-4,-4,0,-4.88,1
10.660035,-23,-23,-4.46,-4,-4,0,-4.72,1
10.665039,-27,-27,-4.46,-4,-4,0,-4.72,1
10.670044,-19,-19,-4.45,-4,-4,0,-4.73,1
10.675049,-20,-20,-4.45,-4,-4,0,-4.73,1
10.680054,-21,-21,-4.43,-2,-4,0,-4.75,1
10.685059,-24,-24,-4.4,-2,-4,0,-4.75,1
10.690064,-29,-29,-4.38,-4,-2,0,-4.67,1
10.695069,-30,-30,-4.38,-4,-2,0,-4.67,1
10.700074,-23,-23,-4.36,-2,-4,0,-4.68,1
10.705078,-25,-25,-4.29,-2,-4,0,-4.68,1
10.710083,-33,-33,-4.26,-2,-2,0,-4.69,1
10.715088,-35,-35,-4.28,-2,-2,0,-4.69,1
10.720093,-31,-31,-4.26,-2,-2,0,-4.61,1
10.725098,-30,-30,-4.18,-2,-2,0,-4.61,1
10.730103,-29,-29,-4.12,-2,-2,0,-4.62,1
10.735108,-28,-28,-4.1,-2,-2,0,-4.62,1
10.740113,-18,-18,-4.16,-2,-2,0,-4.63,1
10.745118,1,1,-4.19,-2,-2,0,-4.63,1
10.75,12,12,-4.25,-2,-2,0,-4.64,1
10.755005,23,23,-4.35,-2,-2,0,-4.64,1
10.76001,37,37,-4.44,0,-2,0,-4.64,1
10.765015,49,49,-4.64,0,-2,0,-4.64,1
10.77002,66,66,-4.77,0,0,0,-4.56,1
10.775025,73,73,-4.77,0,0,0,-4.56,1
10.78003,73,73,-4.84,0,0,0,-4.47,1
10.785035,75,75,-5.03,0,0,0,-4.47,1
10.790039,98,98,-5.08,2,2,0,-4.47,1
10.795044,100,100,-5.06,2,2,0,-4.47,1
10.800049,96,96,-5.15,0,2,0,-4.28,1
10.805054,106,106,-5.41,0,2,0,-4.28,1
10.810059,149,149,-5.49,4,2,0,-4.36,1
10.815064,156,156,-5.57,4,2,0,-4.36,1
10.820069,152,152,-5.67,2,4,0,-4.17,1
10.825074,157,157,-6.02,2,4,0,-4.17,1
10.830078,199,199,-6.05,4,6,0,-4.16,1
10.835083,186,186,-6.1,4,6,0,-4.16,1
10.840088,165,165,-5.91,4,4,0,-3.95,1
10.845093,136,136,-6.09,4,4,0,-3.95,1
10.850098,170,170,-6.12,6,8,0,-4.03,1
10.855103,176,176,-6.21,6,8,0,-4.03,1
10.860108,170,170,-6.1,6,6,0,-3.73,1
10.865113,148,148,-6.23,6,6,0,-3.73,1
10.870118,178,178,-6.05,10,8,0,-3.8,1
10.875,163,163,-6.06,10,8,0,-3.8,1
10.880005,155,155,-5.91,8,8,0,-3.49,1
10.88501,137,137,-6.01,8,8,0,-3.49,1
10.890015,172,172,-5.98,10,10,0,-3.55,1
10.89502,174,174,-5.95,10,10,0,-3.55,1
10.900025,168,168,-5.83,8,8,0,-3.32,1
10.90503,156,156,-5.96,8,8,0,-3.32,1
10.910035,190,190,-5.91,10,8,0,-3.47,1
10.915039,191,191,-5.94,10,8,0,-3.47,1
10.920044,185,185,-5.82,10,8,0,-3.35,1
10.925049,175,175,-5.99,10,8,0,-3.35,1
10.930054,207,207,-5.99,12,10,0,-3.31,1
10.935059,211,211,-6.02,12,10,0,-3.31,1
10.940064,211,211,-5.87,8,10,0,-3.08,1
10.945069,194,194,-6.02,8,10,0,-3.08,1
10.950074,229,229,-6.01,12,12,0,-3.23,1
10.955078,235,235,-6.12,12,12,0,-3.23,1
10.960083,229,229,-5.97,10,10,0,-2.91,1
10.965088,208,208,-6.12,10,10,0,-2.91,1
10.970093,246,246,-6.1,12,12,0,-3.05,1
10.975098,250,250,-6.2,12,12,0,-3.05,1
10.980103,246,246,-6.07,10,10,0,-2.82,1
10.985108,229,229,-6.21,10,10,0,-2.82,1
10.990113,264,264,-6.15,14,12,0,-2.96,1
10.995118,268,268,-6.31,14,12,0,-2.96,1
11,269,269,-6.16,12,10,0,-2.64,1
11.005005,250,250,-6.38,12,10,0,-2.64,1
11.01001,290,290,-6.27,14,14,0,-2.78,1
11.015015,283,283,-6.29,14,14,0,-2.78,1
11.02002,269,269,-6.15,12,12,0,-2.45,1
11.025025,254,254,-6.32,12,12,0,-2.45,1
11.03003,299,299,-6.37,18,16,0,-2.58,1
11.035035,309,309,-6.46,18,16,0,-2.58,1
11.040039,299,299,-6.2,14,14,0,-2.06,1
11.045044,263,263,-6.39,14,14,0,-2.06,1
11.050049,316,316,-6.23,18,16,0,-2.28,1
11.055054,311,311,-6.32,18,16,0,-2.28,1
11.060059,310,310,-6.23,16,14,0,-1.93,1
11.065064,298,298,-6.33,16,14,0,-1.93,1
11.070069,327,327,-6.34,20,18,0,-2.06,1
11.075074,328,328,-6.31,20,18,0,-2.06,1
11.080078,308,308,-6.04,16,16,0,-1.62,1
11.085083,279,279,-6.2,16,16,0,-1.62,1
11.090088,334,334,-6.23,20,20,0,-1.83,1
11.095093,345,345,-6.32,20,20,0,-1.83,1
11.100098,332,332,-6.09,18,16,0,-1.38,1
11.105103,303,303,-6.22,18,16,0,-1.38,1
11.110108,348,348,-6.25,20,20,0,-1.59,1
11.115113,358,358,-6.35,20,20,0,-1.59,1
11.120118,345,345,-6.09,20,18,0,-1.23,1
11.125,308,308,-6.18,20,18,0,-1.23,1
11.130005,341,341,-6.07,22,22,0,-1.25,1
11.13501,342,342,-6.08,22,22,0,-1.25,1
11.140015,347,347,-5.95,20,18,0,-0.89,1
11.14502,334,334,-6.06,20,18,0,-0.89,1
11.150025,371,371,-6.12,24,22,0,-1.08,1
11.15503,380,380,-6.15,24,22,0,-1.08,1
11.160035,360,360,-5.84,20,18,0,-0.63,1
11.165039,322,322,-5.91,20,18,0,-0.63,1
11.170044,363,363,-5.79,24,22,0,-0.92,1
11.175049,363,363,-5.8,24,22,0,-0.92,1
11.180054,348,348,-5.67,22,20,0,-0.46,1
11.185059,332,332,-5.72,22,20,0,-0.46,1
11.190064,369,369,-5.73,26,24,0,-0.56,1
11.195069,377,377,-5.67,26,24,0,-0.56,1
11.200074,362,362,-5.42,22,22,0,-0.09,1
11.205078,334,334,-5.43,22,22,0,-0.09,1
11.210083,373,373,-5.44,26,24,0,-0.28,1
11.215088,382,382,-5.52,26,24,0,-0.28,1
11.220093,377,377,-5.26,22,22,0,0.09,1
11.225098,344,344,-5.37,22,22,0,0.09,1
11.230103,385,385,-5.35,26,26,0,-0.09,1
11.235108,396,396,-5.31,26,26,0,-0.09,1
11.240113,378,378,-5.12,22,22,0,0.38,1
11.245118,358,358,-5.23,22,22,0,0.38,1
11.25,407,407,-5.4,26,26,0,0.1,1
11.255005,430,430,-5.41,26,26,0,0.1,1
11.26001,402,402,-5.15,24,22,0,0.57,1
11.265015,358,358,-5.22,24,22,0,0.57,1
11.27002,396,396,-5.22,28,28,0,0.39,1
11.275025,411,411,-5.23,28,28,0,0.39,1
11.28003,398,398,-5.14,26,24,0,0.95,1
11.285035,385,385,-5.18,26,24,0,0.95,1
11.290039,432,432,-5.39,28,28,0,0.78,1
11.295044,457,457,-5.35,28,28,0,0.78,1
11.300049,429,429,-5.04,26,26,0,1.17,1
11.305054,386,386,-5.02,26,26,0,1.17,1
11.310059,416,416,-4.95,30,28,0,1.09,1
11.315064,423,423,-4.9,30,28,0,1.09,1
11.320069,416,416,-4.82,26,26,0,1.48,1
11.325074,402,402,-4.76,26,26,0,1.48,1
11.330078,422,422,-4.81,30,30,0,1.31,1
11.335083,429,429,-4.7,30,30,0,1.31,1
11.340088,402,402,-4.39,28,26,0,1.79,1
11.345093,363,363,-4.38,28,26,0,1.79,1
11.350098,404,404,-4.3,30,30,0,1.63,1
11.355103,410,410,-4.2,30,30,0,1.63,1
11.360108,391,391,-3.99,28,26,0,2.02,1
11.365113,372,372,-4.06,28,26,0,2.02,1
11.370118,412,412,-4.24,32,30,0,1.86,1
11.375,438,438,-4.2,32,30,0,1.86,1
11.380005,414,414,-3.89,28,26,0,2.34,1
11.38501,375,375,-3.93,28,26,0,2.34,1
11.390015,418,418,-3.82,30,30,0,2.09,1
11.39502,426,426,-3.88,30,30,0,2.09,1
11.400025,418,418,-3.75,28,28,0,2.48,1
11.40503,407,407,-3.79,28,28,0,2.48,1
11.410035,443,443,-3.92,32,30,0,2.41,1
11.415039,456,456,-3.83,32,30,0,2.41,1
11.420044,434,434,-3.47,28,28,0,2.81,1
11.425049,388,388,-3.62,28,28,0,2.81,1
11.430054,439,439,-3.53,34,30,0,2.65,1
11.435059,446,446,-3.44,34,30,0,2.65,1
11.440064,430,430,-3.33,30,28,0,3.14,1
11.445069,424,424,-3.39,30,28,0,3.14,1
11.450074,472,472,-3.45,34,32,0,2.98,1
11.455078,478,478,-3.34,34,32,0,2.98,1
11.460083,446,446,-3.1,30,28,0,3.48,1
11.465088,416,416,-3.22,30,28,0,3.48,1
11.470093,470,470,-3.26,32,32,0,3.23,1
11.475098,485,485,-3.07,32,32,0,3.23,1
11.480103,449,449,-2.99,30,30,0,3.63,1
11.485108,445,445,-3.13,30,30,0,3.63,1
11.490113,499,499,-3.33,34,32,0,3.57,1
11.495118,521,521,-3.29,34,32,0,3.57,1
11.5,495,495,-3.01,32,30,0,3.97,1
11.505005,451,451,-3.02,32,30,0,3.97,1
11.51001,482,482,-3,34,34,0,3.92,1
11.515015,493,493,-2.85,34,34,0,3.92,1
11.52002,477,477,-2.7,32,32,0,4.32,1
11.525025,464,464,-2.71,32,32,0,4.32,1
11.53003,494,494,-2.74,36,34,0,4.27,1
11.535035,493,493,-2.6,36,34,0,4.27,1
11.540039,473,473,-2.4,34,30,0,4.68,1
11.545044,451,451,-2.49,34,30,0,4.68,1
11.550049,497,497,-2.58,36,36,0,4.54,1
11.555054,509,509,-2.37,36,36,0,4.54,1
11.560059,473,473,-2.31,34,32,0,5.05,1
11.565064,455,455,-2.48,34,32,0,5.05,1
11.570069,503,503,-2.58,38,34,0,4.91,1
11.575074,504,504,-2.5,38,34,0,4.91,1
11.580078,468,468,-2.37,32,34,0,5.32,1
11.585083,441,441,-2.5,32,34,0,5.32,1
11.590088,469,469,-2.55,38,36,0,5.18,1
11.595093,450,450,-2.33,38,36,0,5.18,1
11.600098,380,380,-1.91,34,32,0,5.69,1
11.605103,299,299,-1.68,34,32,0,5.69,1
11.610108,300,300,-1.61,38,36,0,5.46,1
11.615113,281,281,-1.4,38,36,0,5.46,1
11.620118,222,222,-1,32,32,0,5.97,1
11.625,156,156,-0.74,32,32,0,5.97,1
11.630005,146,146,-0.05,34,32,0,5.65,1
11.63501,69,69,0.43,34,32,0,5.65,1
11.640015,-3,-3,1.08,30,30,0,5.87,1
11.64502,-53,-53,1.6,30,30,0,5.87,1
11.650025,-72,-72,2.07,26,26,0,5.72,1
11.65503,-103,-103,2.76,26,26,0,5.72,1
11.660035,-167,-167,3.33,22,24,0,5.46,1
11.665039,-208,-208,4.04,22,24,0,5.46,1
11.670044,-266,-266,4.58,18,18,0,5.28,1
11.675049,-286,-286,5.02,18,18,0,5.28,1
11.680054,-307,-307,5.51,14,14,0,4.89,1
11.685059,-315,-315,6.11,14,14,0,4.89,1
11.690064,-364,-364,6.4,8,6,0,4.58,1
11.695069,-352,-352,6.72,8,6,0,4.58,1
11.700074,-355,-355,6.78,6,6,0,3.98,1
11.705078,-322,-322,7.16,6,6,0,3.98,1
11.710083,-375,-375,7.31,0,0,0,3.91,1
11.715088,-359,-359,7.4,0,0,0,3.91,1
11.720093,-342,-342,7.4,0,0,0,3.36,1
11.725098,-317,-317,7.58,0,0,0,3.36,1
11.730103,-354,-354,7.65,-4,-6,0,3.36,1
11.735108,-340,-340,7.6,-4,-6,0,3.36,1
11.740113,-314,-314,7.47,-6,-8,0,2.89,1
11.745118,-283,-283,7.7,-6,-8,0,2.89,1
11.75,-322,-322,7.68,-12,-12,0,2.68,1
11.755005,-303,-303,7.6,-12,-12,0,2.68,1
11.76001,-279,-279,7.08,-10,-10,0,2.17,1
11.765015,-200,-200,7.03,-10,-10,0,2.17,1
11.77002,-221,-221,6.71,-14,-14,0,2.32,1
11.775025,-193,-193,6.52,-14,-14,0,2.32,1
11.78003,-158,-158,6.02,-12,-12,0,1.9,1
11.785035,-103,-103,5.9,-12,-12,0,1.9,1
11.790039,-119,-119,5.36,-12,-16,0,2.03,1
11.795044,-79,-79,5.15,-12,-16,0,2.03,1
11.800049,-62,-62,4.86,-10,-12,0,1.79,1
11.805054,-56,-56,4.69,-10,-12,0,1.79,1
11.810059,-75,-75,4.5,-12,-12,0,2.02,1
11.815064,-72,-72,4.16,-12,-12,0,2.02,1
11.820069,-39,-39,3.95,-10,-10,0,1.88,1
11.825074,-36,-36,3.95,-10,-10,0,1.88,1
11.830078,-69,-69,3.78,-10,-12,0,2.02,1
11.835083,-73,-73,3.64,-10,-12,0,2.02,1
11.840088,-63,-63,3.49,-6,-8,0,1.89,1
11.845093,-63,-63,3.55,-6,-8,0,1.89,1
11.850098,-95,-95,3.46,-6,-8,0,2.23,1
11.855103,-100,-100,3.4,-6,-8,0,2.23,1
11.860108,-81,-81,3.39,-6,-8,0,2.2,1
11.865113,-92,-92,3.56,-6,-8,0,2.2,1
11.870118,-121,-121,3.56,-6,-8,0,2.17,1
11.875,-126,-126,3.57,-6,-8,0,2.17,1
11.880005,-130,-130,3.62,-6,-6,0,2.14,1
11.88501,-140,-140,3.89,-6,-6,0,2.14,1
11.890015,-172,-172,3.95,-8,-10,0,2.21,1
11.89502,-176,-176,3.97,-8,-10,0,2.21,1
11.900025,-164,-164,3.97,-6,-8,0,1.9,1
11.90503,-158,-158,4.22,-6,-8,0,1.9,1
11.910035,-205,-205,4.18,-8,-10,0,2.05,1
11.915039,-197,-197,4.24,-8,-10,0,2.05,1
11.920044,-180,-180,4.17,-8,-8,0,1.84,1
11.925049,-169,-169,4.42,-8,-8,0,1.84,1
11.930054,-209,-209,4.4,-10,-10,0,1.89,1
11.935059,-205,-205,4.53,-10,-10,0,1.89,1
11.940064,-199,-199,4.36,-8,-10,0,1.67,1
11.945069,-171,-171,4.51,-8,-10,0,1.67,1
11.950074,-196,-196,4.38,-12,-12,0,1.73,1
11.955078,-182,-182,4.35,-12,-12,0,1.73,1
11.960083,-167,-167,4.16,-10,-10,0,1.41,1
11.965088,-150,-150,4.33,-10,-10,0,1.41,1
11.970093,-195,-195,4.23,-10,-12,0,1.55,1
11.975098,-186,-186,4.23,-10,-12,0,1.55,1
11.980103,-172,-172,4.1,-8,-10,0,1.41,1
11.985108,-156,-156,4.29,-8,-10,0,1.41,1
11.990113,-184,-184,4.22,-12,-12,0,1.56,1
11.995118,-176,-176,4.14,-12,-12,0,1.56,1
12,-152,-152,3.96,-10,-10,0,1.24,1
12.005005,-132,-132,4.14,-10,-10,0,1.24,1
12.01001,-179,-179,4.03,-12,-14,0,1.38,1
12.015015,-170,-170,4.02,-12,-14,0,1.38,1
12.02002,-156,-156,3.85,-10,-10,0,1.06,1
12.025025,-136,-136,4.01,-10,-10,0,1.06,1
12.03003,-177,-177,3.87,-12,-12,0,1.29,1
12.035035,-166,-166,3.81,-12,-12,0,1.29,1
12.040039,-143,-143,3.59,-12,-10,0,1.06,1
12.045044,-126,-126,3.77,-12,-10,0,1.06,1
12.050049,-165,-165,3.71,-10,-12,0,1.11,1
12.055054,-160,-160,3.71,-10,-12,0,1.11,1
12.060059,-148,-148,3.46,-10,-10,0,1.06,1
12.065064,-121,-121,3.62,-10,-10,0,1.06,1
12.070069,-141,-141,3.41,-10,-12,0,1.11,1
12.075074,-124,-124,3.34,-10,-12,0,1.11,1
12.080078,-102,-102,3.2,-10,-10,0,0.98,1
12.085083,-122,-122,3.26,-10,-10,0,0.98,1
12.090088,-119,-119,3.21,-10,-12,0,1.03,1
12.095093,-108,-108,3.1,-10,-12,0,1.03,1
12.100098,-102,-102,2.96,-10,-8,0,0.89,1
12.105103,-133,-133,3.08,-10,-8,0,0.89,1
12.110108,-134,-134,3.03,-10,-10,0,1.04,1
12.115113,-122,-122,2.98,-10,-10,0,1.04,1
12.120118,-122,-122,2.92,-8,-8,0,0.91,1
12.125,-153,-153,3.1,-8,-8,0,0.91,1
12.130005,-151,-151,3.06,-10,-8,0,1.06,1
12.13501,-128,-128,3.02,-10,-8,0,1.06,1
12.140015,-113,-113,2.88,-8,-8,0,0.93,1
12.14502,-144,-144,3.06,-8,-8,0,0.93,1
12.150025,-139,-139,3,-10,-12,0,0.99,1
12.15503,-133,-133,3.02,-10,-12,0,0.99,1
12.160035,-120,-120,2.93,-8,-8,0,0.67,1
12.165039,-157,-157,3.11,-8,-8,0,0.67,1
12.170044,-145,-145,2.97,-10,-10,0,0.91,1
12.175049,-118,-118,2.92,-10,-10,0,0.91,1
12.180054,-114,-114,2.87,-10,-8,0,0.69,1
12.185059,-151,-151,3.02,-10,-8,0,0.69,1
12.190064,-146,-146,2.98,-10,-10,0,0.75,1
12.195069,-130,-130,2.9,-10,-10,0,0.75,1
12.200074,-117,-117,2.78,-8,-6,0,0.62,1
12.205078,-144,-144,2.93,-8,-6,0,0.62,1
12.210083,-132,-132,2.82,-10,-8,0,0.86,1
12.215088,-99,-99,2.73,-10,-8,0,0.86,1
12.220093,-85,-85,2.59,-8,-8,0,0.64,1
12.225098,-114,-114,2.7,-8,-8,0,0.64,1
12.230103,-107,-107,2.63,-10,-8,0,0.7,1
12.235108,-93,-93,2.53,-10,-8,0,0.7,1
12.240113,-83,-83,2.41,-8,-8,0,0.58,1
12.245118,-111,-111,2.52,-8,-8,0,0.58,1
12.25,-114,-114,2.51,-8,-10,0,0.63,1
12.255005,-100,-100,2.43,-8,-10,0,0.63,1
12.26001,-88,-88,2.31,-6,-6,0,0.51,1
12.265015,-118,-118,2.5,-6,-6,0,0.51,1
12.27002,-115,-115,2.46,-8,-8,0,0.76,1
12.275025,-84,-84,2.43,-8,-8,0,0.76,1
12.28003,-67,-67,2.29,-6,-8,0,0.54,1
12.285035,-96,-96,2.42,-6,-8,0,0.54,1
12.290039,-90,-90,2.39,-8,-8,0,0.61,1
12.295044,-72,-72,2.3,-8,-8,0,0.61,1
12.300049,-55,-55,2.16,-6,-6,0,0.48,1
12.305054,-67,-67,2.18,-6,-6,0,0.48,1
12.310059,-60,-60,2.09,-8,-6,0,0.64,1
12.315064,-33,-33,1.94,-8,-6,0,0.64,1
12.320069,-17,-17,1.8,-6,-6,0,0.52,1
12.325074,-23,-23,1.72,-6,-6,0,0.52,1
12.330078,-21,-21,1.66,-6,-6,0,0.59,1
12.335083,-7,-7,1.52,-6,-6,0,0.59,1
12.340088,0,0,1.39,-6,-6,0,0.56,1
12.345093,-4,-4,1.32,-6,-6,0,0.56,1
12.350098,-10,-10,1.29,-6,-4,0,0.54,1
12.355103,-14,-14,1.26,-6,-4,0,0.54,1
12.360108,-13,-13,1.23,-4,-4,0,0.61,1
12.365113,-3,-3,1.16,-4,-4,0,0.61,1
12.370118,2,2,1.09,-4,-4,0,0.69,1
12.375,7,7,1.04,-4,-4,0,0.69,1
12.380005,4,4,0.99,-4,-2,0,0.67,1
12.38501,0,0,0.95,-4,-2,0,0.67,1
12.390015,-5,-5,0.93,-2,-2,0,0.75,1
12.39502,-5,-5,0.95,-2,-2,0,0.75,1
12.400025,-8,-8,0.95,-2,-2,0,0.83,1
12.40503,-5,-5,0.98,-2,-2,0,0.83,1
12.410035,-4,-4,0.97,-2,-2,0,0.82,1
12.415039,0,0,0.94,-2,-2,0,0.82,1
12.420044,-1,-1,0.93,-2,0,0,0.82,1
12.425049,-7,-7,0.96,-2,0,0,0.82,1
12.430054,-11,-11,0.99,0,-2,0,0.9,1
12.435059,-2,-2,0.99,0,-2,0,0.9,1
12.440064,1,1,0.98,0,-2,0,0.9,1
12.445069,-1,-1,1.01,0,-2,0,0.9,1
12.450074,-1,-1,1.03,-2,0,0,0.9,1
12.455078,6,6,1,-2,0,0,0.9,1
12.460083,12,12,0.97,0,-2,0,0.89,1
12.465088,13,13,0.95,0,-2,0,0.89,1
12.470093,12,12,0.95,0,0,0,0.89,1
12.475098,12,12,0.96,0,0,0,0.89,1
12.480103,17,17,0.95,0,0,0,0.98,1
12.485108,32,32,0.89,0,0,0,0.98,1
12.490113,37,37,0.88,0,2,0,0.98,1
12.495118,41,41,0.86,0,2,0,0.98,1
12.5,49,49,0.81,0,0,0,1.07,1
12.505005,71,71,0.69,0,0,0,1.07,1
12.51001,77,77,0.64,0,0,0,0.98,1
12.515015,75,75,0.62,0,0,0,0.98,1
12.52002,88,88,0.53,2,0,0,0.98,1
12.525025,106,106,0.35,2,0,0,0.98,1
12.53003,108,108,0.31,2,2,0,1.08,1
12.535035,126,126,0.18,2,2,0,1.08,1
12.540039,129,129,0.05,0,2,0,1.18,1
12.545044,145,145,-0.18,0,2,0,1.18,1
12.550049,128,128,-0.16,4,4,0,1.09,1
12.555054,107,107,-0.12,4,4,0,1.09,1
12.560059,104,104,-0.1,4,2,0,1.38,1
12.565064,150,150,-0.35,4,2,0,1.38,1
12.570069,143,143,-0.31,4,4,0,1.3,1
12.575074,129,129,-0.32,4,4,0,1.3,1
12.580078,123,123,-0.29,4,2,0,1.41,1
12.585083,146,146,-0.5,4,2,0,1.41,1
12.590088,131,131,-0.43,6,6,0,1.33,1
12.595093,105,105,-0.34,6,6,0,1.33,1
12.600098,80,80,-0.15,6,4,0,1.62,1
12.605103,122,122,-0.29,6,4,0,1.62,1
12.610108,118,118,-0.2,6,8,0,1.55,1
12.615113,115,115,-0.23,6,8,0,1.55,1
12.620118,99,99,-0.11,6,4,0,1.76,1
12.625,119,119,-0.15,6,4,0,1.76,1
12.630005,116,116,-0.1,8,6,0,1.6,1
12.63501,98,98,0,8,6,0,1.6,1
12.640015,93,93,0.1,6,6,0,1.81,1
12.64502,126,126,0,6,6,0,1.81,1
12.650025,130,130,0.01,6,8,0,1.74,1
12.65503,112,112,0.12,6,8,0,1.74,1
12.660035,106,106,0.2,6,6,0,1.86,1
12.665039,140,140,0.04,6,6,0,1.86,1
12.670044,148,148,-0.01,8,8,0,1.8,1
12.675049,131,131,0.02,8,8,0,1.8,1
12.680054,114,114,0.11,8,6,0,2.01,1
12.685059,150,150,-0.07,8,6,0,2.01,1
12.690064,151,151,-0.08,8,8,0,1.95,1
12.695069,137,137,-0.08,8,8,0,1.95,1
12.700074,115,115,0.05,6,8,0,2.07,1
12.705078,142,142,-0.12,6,8,0,2.07,1
12.710083,137,137,-0.05,10,10,0,2.01,1
12.715088,135,135,-0.09,10,10,0,2.01,1
12.720093,123,123,0,6,8,0,2.32,1
12.725098,159,159,-0.14,6,8,0,2.32,1
12.730103,154,154,-0.08,8,8,0,2.08,1
12.735108,125,125,0.02,8,8,0,2.08,1
12.740113,112,112,0.17,6,8,0,2.2,1
12.745118,145,145,0,6,8,0,2.2,1
12.75,146,146,0.01,8,8,0,2.14,1
12.755005,119,119,0.14,8,8,0,2.14,1
12.76001,97,97,0.32,8,6,0,2.26,1
12.765015,125,125,0.19,8,6,0,2.26,1
12.77002,129,129,0.19,10,8,0,2.2,1
12.775025,123,123,0.2,10,8,0,2.2,1
12.78003,106,106,0.33,8,8,0,2.41,1
12.785035,132,132,0.24,8,8,0,2.41,1
12.790039,132,132,0.27,10,10,0,2.35,1
12.795044,124,124,0.33,10,10,0,2.35,1
12.800049,118,118,0.44,6,8,0,2.58,1
12.805054,158,158,0.26,6,8,0,2.58,1
12.810059,164,164,0.23,8,8,0,2.33,1
12.815064,138,138,0.23,8,8,0,2.33,1
12.820069,121,121,0.37,8,8,0,2.45,1
12.825074,151,151,0.21,8,8,0,2.45,1
12.830078,150,150,0.25,10,10,0,2.49,1
12.835083,153,153,0.16,10,10,0,2.49,1
12.840088,130,130,0.3,8,8,0,2.71,1
12.845093,149,149,0.23,8,8,0,2.71,1
12.850098,137,137,0.36,10,10,0,2.56,1
12.855103,117,117,0.47,10,10,0,2.56,1
12.860108,111,111,0.58,8,8,0,2.78,1
12.865113,146,146,0.45,8,8,0,2.78,1
12.870118,142,142,0.5,10,8,0,2.63,1
12.875,116,116,0.63,10,8,0,2.63,1
12.880005,100,100,0.78,8,8,0,2.76,1
12.88501,126,126,0.67,8,8,0,2.76,1
12.890015,122,122,0.74,10,10,0,2.7,1
12.89502,118,118,0.76,10,10,0,2.7,1
12.900025,112,112,0.85,8,8,0,2.92,1
12.90503,144,144,0.72,8,8,0,2.92,1
12.910035,145,145,0.73,8,8,0,2.77,1
12.915039,126,126,0.8,8,8,0,2.77,1
12.920044,125,125,0.85,6,8,0,2.8,1
12.925049,153,153,0.65,6,8,0,2.8,1
12.930054,149,149,0.69,10,8,0,2.74,1
12.935059,131,131,0.71,10,8,0,2.74,1
12.940064,106,106,0.89,8,6,0,2.96,1
12.945069,136,136,0.77,8,6,0,2.96,1
12.950074,130,130,0.85,8,10,0,2.8,1
12.955078,116,116,0.9,8,10,0,2.8,1
12.960083,106,106,0.99,8,8,0,3.02,1
12.965088,132,132,0.89,8,8,0,3.02,1
12.970093,129,129,0.92,10,8,0,2.96,1
12.975098,110,110,1.04,10,8,0,2.96,1
12.980103,97,97,1.18,8,8,0,3.09,1
12.985108,125,125,1.07,8,8,0,3.09,1
12.990113,126,126,1.11,8,8,0,3.03,1
12.995118,107,107,1.2,8,8,0,3.03,1
13,83,83,1.4,6,8,0,3.06,1
13.005005,98,98,1.31,6,8,0,3.06,1
13.01001,94,94,1.4,8,10,0,3,1
13.015015,84,84,1.47,8,10,0,3,1
13.02002,77,77,1.58,8,6,0,3.22,1
13.025025,108,108,1.5,8,6,0,3.22,1
13.03003,114,114,1.48,8,8,0,3.06,1
13.035035,89,89,1.59,8,8,0,3.06,1
13.040039,79,79,1.69,8,6,0,3.19,1
13.045044,107,107,1.56,8,6,0,3.19,1
13.050049,104,104,1.62,8,8,0,3.12,1
13.055054,90,90,1.67,8,8,0,3.12,1
13.060059,76,76,1.79,6,6,0,3.25,1
13.065064,97,97,1.72,6,6,0,3.25,1
13.070069,104,104,1.68,8,6,0,3.09,1
13.075074,81,81,1.76,8,6,0,3.09,1
13.080078,65,65,1.87,6,4,0,3.21,1
13.085083,85,85,1.78,6,4,0,3.21,1
13.090088,87,87,1.78,8,8,0,3.05,1
13.095093,60,60,1.85,8,8,0,3.05,1
13.100098,42,42,1.97,6,6,0,3.35,1
13.105103,69,69,1.93,6,6,0,3.35,1
13.110108,69,69,1.94,8,8,0,3.19,1
13.115113,43,43,2.06,8,8,0,3.19,1
13.120118,31,31,2.16,6,4,0,3.41,1
13.125,52,52,2.16,6,4,0,3.41,1
13.130005,54,54,2.2,6,6,0,3.15,1
13.13501,30,30,2.27,6,6,0,3.15,1
13.140015,20,20,2.37,6,4,0,3.27,1
13.14502,35,35,2.35,6,4,0,3.27,1
13.150025,35,35,2.39,4,4,0,3.2,1
13.15503,22,22,2.48,4,4,0,3.2,1
13.160035,14,14,2.56,4,4,0,3.12,1
13.165039,13,13,2.58,4,4,0,3.12,1
13.170044,18,18,2.59,4,4,0,3.14,1
13.175049,16,16,2.64,4,4,0,3.14,1
13.180054,12,12,2.7,4,4,0,3.15,1
13.185059,16,16,2.74,4,4,0,3.15,1
13.190064,21,21,2.73,2,4,0,3.17,1
13.195069,21,21,2.75,2,4,0,3.17,1
13.200074,20,20,2.78,2,2,0,3.09,1
13.205078,20,20,2.75,2,2,0,3.09,1
13.210083,21,21,2.73,2,4,0,3.01,1
13.215088,9,9,2.76,2,4,0,3.01,1
13.220093,7,7,2.78,2,0,0,3.11,1
13.225098,19,19,2.75,2,0,0,3.11,1
13.230103,18,18,2.74,2,2,0,2.93,1
13.235108,-3,-3,2.79,2,2,0,2.93,1
13.240113,-7,-7,2.84,2,0,0,3.03,1
13.245118,6,6,2.81,2,0,0,3.03,1
13.25,7,7,2.8,2,2,0,2.95,1
13.255005,-9,-9,2.86,2,2,0,2.95,1
13.26001,-17,-17,2.92,2,0,0,3.04,1
13.265015,-8,-8,2.96,2,0,0,3.04,1
13.27002,-5,-5,2.96,0,0,0,2.96,1
13.275025,-11,-11,2.97,0,0,0,2.96,1
13.28003,-14,-14,3,2,0,0,2.87,1
13.285035,-22,-22,3.03,2,0,0,2.87,1
13.290039,-20,-20,3.04,0,0,0,2.96,1
13.295044,-10,-10,3.01,0,0,0,2.96,1
13.300049,-12,-12,3.02,0,0,0,2.87,1
13.305054,-28,-28,3.07,0,0,0,2.87,1
13.310059,-33,-33,3.11,0,-2,0,2.87,1
13.315064,-34,-34,3.11,0,-2,0,2.87,1
13.320069,-39,-39,3.15,0,0,0,2.78,1
13.325074,-54,-54,3.22,0,0,0,2.78,1
13.330078,-57,-57,3.26,0,-2,0,2.87,1
13.335083,-52,-52,3.26,0,-2,0,2.87,1
13.340088,-59,-59,3.31,0,-2,0,2.77,1
13.345093,-82,-82,3.48,0,-2,0,2.77,1
13.350098,-80,-80,3.51,-2,-2,0,2.77,1
13.355103,-77,-77,3.52,-2,-2,0,2.77,1
13.360108,-80,-80,3.58,0,-2,0,2.67,1
13.365113,-103,-103,3.78,0,-2,0,2.67,1
13.370118,-96,-96,3.78,-2,-4,0,2.76,1
13.375,-75,-75,3.76,-2,-4,0,2.76,1
13.380005,-63,-63,3.72,-2,-2,0,2.56,1
13.38501,-91,-91,3.89,-2,-2,0,2.56,1
13.390015,-85,-85,3.9,-4,-4,0,2.64,1
13.39502,-57,-57,3.79,-4,-4,0,2.64,1
13.400025,-40,-40,3.69,-2,-2,0,2.45,1
13.40503,-61,-61,3.73,-2,-2,0,2.45,1
13.410035,-62,-62,3.75,-4,-4,0,2.62,1
13.415039,-36,-36,3.67,-4,-4,0,2.62,1
13.420044,-20,-20,3.56,-4,-4,0,2.42,1
13.425049,-34,-34,3.52,-4,-4,0,2.42,1
13.430054,-31,-31,3.47,-4,-4,0,2.41,1
13.435059,-25,-25,3.35,-4,-4,0,2.41,1
13.440064,-19,-19,3.25,-2,-4,0,2.39,1
13.445069,-20,-20,3.19,-2,-4,0,2.39,1
13.450074,-21,-21,3.15,-4,-2,0,2.47,1
13.455078,-14,-14,3.08,-4,-2,0,2.47,1
13.460083,-13,-13,3.01,-4,-2,0,2.46,1
13.465088,-19,-19,3,-4,-2,0,2.46,1
13.470093,-23,-23,2.99,-2,-2,0,2.45,1
13.475098,-24,-24,2.94,-2,-2,0,2.45,1
13.480103,-26,-26,2.91,-2,-2,0,2.53,1
13.485108,-30,-30,2.94,-2,-2,0,2.53,1
13.490113,-35,-35,2.95,-2,-4,0,2.52,1
13.495118,-36,-36,2.93,-2,-4,0,2.52,1
13.5,-38,-38,2.93,0,-2,0,2.42,1
13.505005,-55,-55,2.98,0,-2,0,2.42,1
13.51001,-61,-61,3.03,0,-4,0,2.6,1
13.515015,-45,-45,3.01,0,-4,0,2.6,1
13.52002,-47,-47,3.02,-2,-2,0,2.5,1
13.525025,-69,-69,3.15,-2,-2,0,2.5,1
13.53003,-74,-74,3.19,-2,-2,0,2.49,1
13.535035,-70,-70,3.18,-2,-2,0,2.49,1
13.540039,-68,-68,3.19,-2,-2,0,2.48,1
13.545044,-86,-86,3.35,-2,-2,0,2.48,1
13.550049,-91,-91,3.4,-2,-4,0,2.47,1
13.555054,-88,-88,3.43,-2,-4,0,2.47,1
13.560059,-73,-73,3.4,-2,-2,0,2.37,1
13.565064,-87,-87,3.54,-2,-2,0,2.37,1
13.570069,-81,-81,3.53,-4,-4,0,2.45,1
13.575074,-64,-64,3.48,-4,-4,0,2.45,1
13.580078,-51,-51,3.4,-4,-4,0,2.25,1
13.585083,-75,-75,3.49,-4,-4,0,2.25,1
13.590088,-76,-76,3.5,-4,-4,0,2.24,1
13.595093,-69,-69,3.46,-4,-4,0,2.24,1
13.600098,-57,-57,3.36,-2,-4,0,2.22,1
13.605103,-62,-62,3.37,-2,-4,0,2.22,1
13.610108,-65,-65,3.4,-4,-4,0,2.3,1
13.615113,-49,-49,3.33,-4,-4,0,2.3,1
13.620118,-38,-38,3.26,-2,-4,0,2.19,1
13.625,-48,-48,3.25,-2,-4,0,2.19,1
13.630005,-50,-50,3.25,-4,-6,0,2.27,1
13.63501,-34,-34,3.17,-4,-6,0,2.27,1
13.640015,-22,-22,3.07,-2,-4,0,2.07,1
13.64502,-37,-37,3.03,-2,-4,0,2.07,1
13.650025,-39,-39,2.99,-2,-4,0,2.24,1
13.65503,-23,-23,2.91,-2,-4,0,2.24,1
13.660035,-21,-21,2.85,-4,-4,0,2.23,1
13.665039,-31,-31,2.9,-4,-4,0,2.23,1
13.670044,-29,-29,2.88,-2,-2,0,2.12,1
13.675049,-28,-28,2.81,-2,-2,0,2.12,1
13.680054,-24,-24,2.75,-2,-4,0,2.3,1
13.685059,-17,-17,2.75,-2,-4,0,2.3,1
13.690064,-23,-23,2.75,-2,-2,0,2.19,1
13.695069,-31,-31,2.72,-2,-2,0,2.19,1
13.700074,-30,-30,2.69,-2,-2,0,2.28,1
13.705078,-32,-32,2.72,-2,-2,0,2.28,1
13.710083,-38,-38,2.74,-2,-4,0,2.27,1
13.715088,-42,-42,2.73,-2,-4,0,2.27,1
13.720093,-48,-48,2.76,-2,-2,0,2.17,1
13.725098,-69,-69,2.87,-2,-2,0,2.17,1
13.730103,-68,-68,2.91,-2,-4,0,2.25,1
13.735108,-47,-47,2.85,-2,-4,0,2.25,1
13.740113,-41,-41,2.81,0,-2,0,2.15,1
13.745118,-63,-63,2.92,0,-2,0,2.15,1
13.75,-73,-73,3.03,-2,-2,0,2.32,1
13.755005,-52,-52,3.03,-2,-2,0,2.32,1
13.76001,-37,-37,2.98,-2,-2,0,2.22,1
13.765015,-51,-51,3.08,-2,-2,0,2.22,1
13.77002,-52,-52,3.1,-2,-4,0,2.22,1
13.775025,-42,-42,3.06,-2,-4,0,2.22,1
13.78003,-25,-25,2.96,-2,-4,0,2.11,1
13.785035,-31,-31,2.95,-2,-4,0,2.11,1
13.790039,-33,-33,2.96,-4,-4,0,2.1,1
13.795044,-28,-28,2.9,-4,-4,0,2.1,1
13.800049,-17,-17,2.82,-2,-2,0,1.99,1
13.805054,-25,-25,2.79,-2,-2,0,1.99,1
13.810059,-27,-27,2.76,-4,-2,0,2.17,1
13.815064,-11,-11,2.71,-4,-2,0,2.17,1
13.820069,-5,-5,2.64,-2,-2,0,2.07,1
13.825074,-13,-13,2.6,-2,-2,0,2.07,1
13.830078,-12,-12,2.58,-2,-2,0,2.15,1
13.835083,3,3,2.5,-2,-2,0,2.15,1
13.840088,9,9,2.44,-2,-2,0,2.14,1
13.845093,8,8,2.39,-2,-2,0,2.14,1
13.850098,5,5,2.36,-2,-2,0,2.13,1
13.855103,3,3,2.34,-2,-2,0,2.13,1
13.860108,1,1,2.32,-2,-2,0,2.12,1
13.865113,1,1,2.27,-2,-2,0,2.12,1
13.870118,-1,-1,2.25,0,0,0,2.12,1
13.875,-9,-9,2.28,0,0,0,2.12,1
13.880005,-14,-14,2.3,-2,-2,0,2.3,1
13.88501,0,0,2.3,-2,-2,0,2.3,1
13.890015,0,0,2.3,0,0,0,2.11,1
13.89502,-17,-17,2.31,0,0,0,2.11,1
13.900025,-20,-20,2.33,0,0,0,2.29,1
13.90503,-8,-8,2.36,0,0,0,2.29,1
13.910035,-5,-5,2.36,0,0,0,2.29,1
13.915039,-3,-3,2.36,0,0,0,2.29,1
13.920044,-3,-3,2.36,0,0,0,2.29,1
13.925049,-2,-2,2.37,0,0,0,2.29,1
13.930054,0,0,2.37,0,0,0,2.29,1
13.935059,4,4,2.35,0,0,0,2.29,1
13.940064,7,7,2.34,0,0,0,2.29,1
13.945069,8,8,2.33,0,0,0,2.29,1
13.950074,9,9,2.33,0,0,0,2.29,1
13.955078,13,13,2.31,0,0,0,2.29,1
13.960083,16,16,2.29,0,0,0,2.29,1
13.965088,20,20,2.26,0,0,0,2.29,1
13.970093,23,23,2.24,0,0,0,2.29,1
13.975098,24,24,2.24,0,0,0,2.29,1
13.980103,30,30,2.2,2,0,0,2.29,1
13.985108,36,36,2.15,2,0,0,2.29,1
13.990113,38,38,2.13,0,0,0,2.39,1
13.995118,49,49,2.11,0,0,0,2.39,1
14,56,56,2.05,0,2,0,2.29,1
14.005005,57,57,1.96,0,2,0,2.29,1
14.01001,57,57,1.95,0,0,0,2.39,1
14.015015,67,67,1.93,0,0,0,2.39,1
14.02002,77,77,1.84,0,0,0,2.3,1
14.025025,86,86,1.66,0,0,0,2.3,1
14.03003,83,83,1.63,2,2,0,2.3,1
14.035035,78,78,1.59,2,2,0,2.3,1
14.040039,71,71,1.58,0,2,0,2.49,1
14.045044,97,97,1.42,0,2,0,2.49,1
14.050049,96,96,1.38,2,2,0,2.4,1
14.055054,80,80,1.4,2,2,0,2.4,1
14.060059,69,69,1.43,2,2,0,2.5,1
14.065064,82,82,1.32,2,2,0,2.5,1
14.070069,75,75,1.32,4,4,0,2.51,1
14.075074,52,52,1.44,4,4,0,2.51,1
14.080078,35,35,1.56,4,4,0,2.71,1
14.085083,56,56,1.55,4,4,0,2.71,1
14.090088,61,61,1.53,4,4,0,2.72,1
14.095093,48,48,1.64,4,4,0,2.72,1
14.100098,28,28,1.8,2,2,0,2.74,1
14.105103,33,33,1.81,2,2,0,2.74,1
14.110108,42,42,1.79,4,2,0,2.56,1
14.115113,24,24,1.84,4,2,0,2.56,1
14.120118,10,10,1.95,4,4,0,2.67,1
14.125,19,19,1.99,4,4,0,2.67,1
14.130005,27,27,1.99,2,2,0,2.77,1
14.13501,34,34,2.02,2,2,0,2.77,1
14.140015,25,25,2.11,2,2,0,2.6,1
14.14502,13,13,2.15,2,2,0,2.6,1
14.150025,20,20,2.15,2,2,0,2.61,1
14.15503,24,24,2.16,2,2,0,2.61,1
14.160035,23,23,2.19,2,2,0,2.62,1
14.165039,26,26,2.21,2,2,0,2.62,1
14.170044,33,33,2.19,2,2,0,2.62,1
14.175049,35,35,2.19,2,2,0,2.62,1
14.180054,34,34,2.21,2,0,0,2.63,1
14.185059,43,43,2.16,2,0,0,2.63,1
14.190064,49,49,2.11,2,2,0,2.55,1
14.195069,36,36,2.14,2,2,0,2.55,1
14.200074,32,32,2.16,0,2,0,2.64,1
14.205078,51,51,2.06,0,2,0,2.64,1
14.210083,55,55,2,2,2,0,2.56,1
14.215088,35,35,2.06,2,2,0,2.56,1
14.220093,25,25,2.12,2,0,0,2.66,1
14.225098,47,47,2.01,2,0,0,2.66,1
14.230103,53,53,1.95,2,2,0,2.57,1
14.235108,32,32,2.01,2,2,0,2.57,1
14.240113,18,18,2.1,2,2,0,2.67,1
14.245118,37,37,2.01,2,2,0,2.67,1
14.25,43,43,1.96,2,2,0,2.68,1
14.255005,43,43,2,2,2,0,2.68,1
14.26001,16,16,2.11,4,2,0,2.68,1
14.265015,16,16,2.14,4,2,0,2.68,1
14.27002,29,29,2.08,2,2,0,2.79,1
14.275025,29,29,2.12,2,2,0,2.79,1
14.28003,15,15,2.22,2,2,0,2.7,1
14.285035,15,15,2.27,2,2,0,2.7,1
14.290039,9,9,2.25,2,2,0,2.71,1
14.295044,16,16,2.28,2,2,0,2.71,1
14.300049,13,13,2.35,2,0,0,2.72,1
14.305054,5,5,2.4,2,0,0,2.72,1
14.310059,4,4,2.4,0,2,0,2.63,1
14.315064,9,9,2.41,0,2,0,2.63,1
14.320069,4,4,2.44,0,2,0,2.64,1
14.325074,1,1,2.48,0,2,0,2.64,1
14.330078,1,1,2.48,0,2,0,2.64,1
14.335083,6,6,2.48,0,2,0,2.64,1
14.340088,9,9,2.48,0,0,0,2.65,1
14.345093,10,10,2.48,0,0,0,2.65,1
14.350098,13,13,2.47,0,0,0,2.55,1
14.355103,16,16,2.46,0,0,0,2.55,1
14.360108,10,10,2.46,0,0,0,2.55,1
14.365113,11,11,2.4,0,0,0,2.55,1
14.370118,16,16,2.38,0,0,0,2.55,1
14.375,17,17,2.41,0,0,0,2.55,1
14.380005,10,10,2.43,0,0,0,2.55,1
14.38501,7,7,2.4,0,0,0,2.55,1
14.390015,11,11,2.36,0,0,0,2.55,1
14.39502,14,14,2.4,0,0,0,2.55,1
14.400025,6,6,2.44,0,2,0,2.55,1
14.40503,0,0,2.44,0,2,0,2.55,1
14.410035,2,2,2.4,0,0,0,2.65,1
14.415039,7,7,2.42,0,0,0,2.65,1
14.420044,9,9,2.47,0,0,0,2.56,1
14.425049,2,2,2.5,0,0,0,2.56,1
14.430054,-6,-6,2.48,0,0,0,2.56,1
14.435059,-1,-1,2.47,0,0,0,2.56,1
14.440064,-2,-2,2.5,2,0,0,2.56,1
14.445069,-8,-8,2.54,2,0,0,2.56,1
14.450074,-12,-12,2.55,0,0,0,2.65,1
14.455078,-12,-12,2.54,0,0,0,2.65,1
14.460083,-5,-5,2.57,0,0,0,2.56,1
14.465088,-9,-9,2.64,0,0,0,2.56,1
14.470093,-23,-23,2.66,0,0,0,2.56,1
14.475098,-24,-24,2.64,0,0,0,2.56,1
14.480103,-21,-21,2.66,0,0,0,2.56,1
14.485108,-23,-23,2.69,0,0,0,2.56,1
14.490113,-29,-29,2.73,0,-2,0,2.56,1
14.495118,-33,-33,2.74,0,-2,0,2.56,1
14.5,-35,-35,2.78,0,0,0,2.47,1
14.505005,-40,-40,2.84,0,0,0,2.47,1
14.51001,-53,-53,2.87,0,-2,0,2.56,1
14.515015,-55,-55,2.88,0,-2,0,2.56,1
14.52002,-49,-49,2.94,0,0,0,2.46,1
14.525025,-56,-56,3.06,0,0,0,2.46,1
14.53003,-73,-73,3.06,-2,-2,0,2.55,1
14.535035,-70,-70,3.08,-2,-2,0,2.55,1
14.540039,-64,-64,3.13,-2,-2,0,2.36,1
14.545044,-66,-66,3.3,-2,-2,0,2.36,1
14.550049,-92,-92,3.28,-2,-4,0,2.36,1
14.555054,-82,-82,3.25,-2,-4,0,2.36,1
14.560059,-69,-69,3.22,-2,-2,0,2.25,1
14.565064,-59,-59,3.36,-2,-2,0,2.25,1
14.570069,-75,-75,3.34,-4,-4,0,2.34,1
14.575074,-66,-66,3.25,-4,-4,0,2.34,1
14.580078,-39,-39,3.14,-2,-2,0,2.14,1
14.585083,-23,-23,3.18,-2,-2,0,2.14,1
14.590088,-45,-45,3.21,-4,-4,0,2.31,1
14.595093,-49,-49,3.14,-4,-4,0,2.31,1
14.600098,-28,-28,3.03,-4,-4,0,2.11,1
14.605103,-14,-14,2.97,-4,-4,0,2.11,1
14.610108,-26,-26,2.95,-4,-4,0,2.1,1
14.615113,-27,-27,2.86,-4,-4,0,2.1,1
14.620118,-20,-20,2.76,-2,-4,0,2.08,1
14.625,-10,-10,2.67,-2,-4,0,2.08,1
14.630005,-8,-8,2.63,-2,-2,0,2.16,1
14.63501,-9,-9,2.6,-2,-2,0,2.16,1
14.640015,-6,-6,2.55,-4,-2,0,2.24,1
14.64502,-6,-6,2.51,-4,-2,0,2.24,1
14.650025,0,0,2.47,-2,-2,0,2.14,1
14.65503,-2,-2,2.46,-2,-2,0,2.14,1
14.660035,-13,-13,2.44,0,-2,0,2.22,1
14.665039,-16,-16,2.42,0,-2,0,2.22,1
14.670044,-13,-13,2.42,0,-2,0,2.31,1
14.675049,-17,-17,2.44,0,-2,0,2.31,1
14.680054,-17,-17,2.46,-2,0,0,2.31,1
14.685059,-22,-22,2.53,-2,0,0,2.31,1
14.690064,-32,-32,2.58,0,-2,0,2.3,1
14.695069,-34,-34,2.56,0,-2,0,2.3,1
14.700074,-29,-29,2.56,0,-2,0,2.3,1
14.705078,-28,-28,2.65,0,-2,0,2.3,1
14.710083,-40,-40,2.72,-2,-2,0,2.3,1
14.715088,-44,-44,2.66,-2,-2,0,2.3,1
14.720093,-32,-32,2.64,0,-2,0,2.2,1
14.725098,-25,-25,2.69,0,-2,0,2.2,1
14.730103,-41,-41,2.78,-2,-2,0,2.28,1
14.735108,-50,-50,2.75,-2,-2,0,2.28,1
14.740113,-33,-33,2.67,-2,0,0,2.18,1
14.745118,-18,-18,2.7,-2,0,0,2.18,1
14.75,-28,-28,2.75,-2,-2,0,2.27,1
14.755005,-34,-34,2.71,-2,-2,0,2.27,1
14.76001,-18,-18,2.63,0,-2,0,2.17,1
14.765015,-3,-3,2.59,0,-2,0,2.17,1
14.77002,-8,-8,2.62,-2,-2,0,2.26,1
14.775025,-13,-13,2.61,-2,-2,0,2.26,1
14.78003,-5,-5,2.53,0,0,0,2.16,1
14.785035,7,7,2.46,0,0,0,2.16,1
14.790039,5,5,2.43,-2,-2,0,2.34,1
14.795044,3,3,2.43,-2,-2,0,2.34,1
14.800049,11,11,2.41,0,-2,0,2.15,1
14.805054,13,13,2.33,0,-2,0,2.15,1
14.810059,5,5,2.28,0,0,0,2.24,1
14.815064,6,6,2.3,0,0,0,2.24,1
14.820069,3,3,2.33,0,0,0,2.33,1
14.825074,-3,-3,2.31,0,0,0,2.33,1
14.830078,5,5,2.3,0,0,0,2.33,1
14.835083,6,6,2.32,0,0,0,2.33,1
14.840088,3,3,2.34,0,0,0,2.33,1
14.845093,1,1,2.34,0,0,0,2.33,1
14.850098,3,3,2.33,0,0,0,2.33,1
14.855103,6,6,2.32,0,0,0,2.33,1
14.860108,8,8,2.32,0,0,0,2.33,1
14.865113,9,9,2.32,0,0,0,2.33,1
14.870118,10,10,2.3,0,0,0,2.33,1
14.875,14,14,2.28,0,0,0,2.33,1
14.880005,17,17,2.26,0,0,0,2.33,1
14.88501,19,19,2.23,0,0,0,2.33,1
14.890015,22,22,2.22,0,0,0,2.33,1
14.89502,24,24,2.2,0,0,0,2.33,1
14.900025,27,27,2.16,0,0,0,2.33,1
14.90503,32,32,2.1,0,0,0,2.33,1
14.910035,37,37,2.09,0,0,0,2.33,1
14.915039,37,37,2.08,0,0,0,2.33,1
14.920044,40,40,2.02,2,0,0,2.33,1
14.925049,46,46,1.98,2,0,0,2.33,1
14.930054,51,51,1.97,2,0,0,2.43,1
14.935059,50,50,1.97,2,0,0,2.43,1
14.940064,58,58,1.89,0,0,0,2.43,1
14.945069,66,66,1.76,0,0,0,2.43,1
14.950074,76,76,1.76,2,2,0,2.34,1
14.955078,69,69,1.78,2,2,0,2.34,1
14.960083,55,55,1.75,0,2,0,2.53,1
14.965088,56,56,1.63,0,2,0,2.53,1
14.970093,80,80,1.6,2,2,0,2.44,1
14.975098,80,80,1.6,2,2,0,2.44,1
14.980103,66,66,1.63,2,2,0,2.54,1
14.985108,56,56,1.49,2,2,0,2.54,1
14.990113,70,70,1.51,2,4,0,2.55,1
14.995118,62,62,1.63,2,4,0,2.55,1
15,38,38,1.75,4,2,0,2.65,1
15.005005,22,22,1.7,4,2,0,2.65,1
15.01001,41,41,1.67,2,2,0,2.66,1
15.015015,45,45,1.78,2,2,0,2.66,1
15.02002,29,29,1.93,4,2,0,2.58,1
15.025025,12,12,1.98,4,2,0,2.58,1
15.03003,9,9,1.95,4,2,0,2.68,1
15.035035,19,19,2.02,4,2,0,2.68,1
15.040039,18,18,2.14,2,2,0,2.7,1
15.045044,3,3,2.25,2,2,0,2.7,1
15.050049,-1,-1,2.25,4,2,0,2.61,1
15.055054,9,9,2.23,4,2,0,2.61,1
15.060059,11,11,2.29,2,0,0,2.72,1
15.065064,5,5,2.38,2,0,0,2.72,1
15.070069,6,6,2.4,2,2,0,2.54,1
15.075074,11,11,2.39,2,2,0,2.54,1
15.080078,4,4,2.39,2,2,0,2.64,1
15.085083,8,8,2.38,2,2,0,2.64,1
15.090088,18,18,2.39,2,0,0,2.64,1
15.095093,19,19,2.4,2,0,0,2.64,1
15.100098,19,19,2.39,0,0,0,2.56,1
15.105103,23,23,2.33,0,0,0,2.56,1
15.110108,25,25,2.3,0,0,0,2.47,1
15.115113,28,28,2.32,0,0,0,2.47,1
15.120118,17,17,2.33,0,0,0,2.47,1
15.125,15,15,2.26,0,0,0,2.47,1
15.130005,24,24,2.19,0,2,0,2.47,1
15.13501,29,29,2.24,0,2,0,2.47,1
15.140015,17,17,2.29,2,0,0,2.56,1
15.14502,9,9,2.24,2,0,0,2.56,1
15.150025,25,25,2.16,0,2,0,2.57,1
15.15503,33,33,2.21,0,2,0,2.57,1
15.160035,22,22,2.28,0,0,0,2.57,1
15.165039,11,11,2.24,0,0,0,2.57,1
15.170044,19,19,2.16,2,0,0,2.48,1
15.175049,28,28,2.19,2,0,0,2.48,1
15.180054,11,11,2.29,0,0,0,2.57,1
15.185059,-5,-5,2.3,0,0,0,2.57,1
15.190064,5,5,2.24,0,0,0,2.48,1
15.195069,14,14,2.26,0,0,0,2.48,1
15.200074,2,2,2.36,0,2,0,2.48,1
15.205078,-12,-12,2.41,0,2,0,2.48,1
15.210083,-14,-14,2.38,2,0,0,2.58,1
15.215088,-5,-5,2.36,2,0,0,2.58,1
15.220093,5,5,2.42,0,0,0,2.58,1
15.225098,-2,-2,2.49,0,0,0,2.58,1
15.230103,-8,-8,2.49,0,0,0,2.49,1
15.235108,-3,-3,2.43,0,0,0,2.49,1
15.240113,0,0,2.44,0,0,0,2.49,1
15.245118,-3,-3,2.49,0,0,0,2.49,1
15.25,-13,-13,2.52,0,0,0,2.49,1
15.255005,-15,-15,2.51,0,0,0,2.49,1
15.26001,-11,-11,2.5,0,0,0,2.49,1
15.265015,-12,-12,2.55,0,0,0,2.49,1
15.27002,-19,-19,2.59,0,0,0,2.49,1
15.275025,-22,-22,2.58,0,0,0,2.49,1
15.28003,-20,-20,2.6,0,0,0,2.49,1
15.285035,-21,-21,2.63,0,0,0,2.49,1
15.290039,-26,-26,2.65,0,0,0,2.49,1
15.295044,-29,-29,2.67,0,0,0,2.49,1
15.300049,-32,-32,2.71,0,0,0,2.49,1
15.305054,-36,-36,2.76,0,0,0,2.49,1
15.310059,-40,-40,2.77,0,0,0,2.49,1
15.315064,-39,-39,2.78,0,0,0,2.49,1
15.320069,-41,-41,2.84,0,0,0,2.49,1
15.325074,-47,-47,2.93,0,0,0,2.49,1
15.330078,-56,-56,2.94,-2,-2,0,2.49,1
15.335083,-55,-55,2.96,-2,-2,0,2.49,1
15.340088,-55,-55,3.02,-2,-2,0,2.3,1
15.345093,-58,-58,3.08,-2,-2,0,2.3,1
15.350098,-78,-78,3.08,-2,-2,0,2.29,1
15.355103,-70,-70,3.04,-2,-2,0,2.29,1
15.360108,-60,-60,3.05,-2,0,0,2.28,1
15.365113,-55,-55,3.12,-2,0,0,2.28,1
15.370118,-58,-58,3.12,-4,-2,0,2.37,1
15.375,-50,-50,3.01,-4,-2,0,2.37,1
15.380005,-23,-23,2.93,-2,-2,0,2.18,1
15.38501,-12,-12,2.93,-2,-2,0,2.18,1
15.390015,-32,-32,2.96,-2,-2,0,2.26,1
15.39502,-37,-37,2.89,-2,-2,0,2.26,1
15.400025,-20,-20,2.8,-2,-4,0,2.25,1
15.40503,-7,-7,2.76,-2,-4,0,2.25,1
15.410035,-8,-8,2.75,-2,-2,0,2.15,1
15.415039,-12,-12,2.71,-2,-2,0,2.15,1
15.420044,-18,-18,2.64,0,-2,0,2.23,1
15.425049,-10,-10,2.55,0,-2,0,2.23,1
15.430054,2,2,2.52,-2,0,0,2.32,1
15.435059,-2,-2,2.52,-2,0,0,2.32,1
15.440064,-1,-1,2.49,0,-2,0,2.32,1
15.445069,-2,-2,2.46,0,-2,0,2.32,1
15.450074,-2,-2,2.44,0,-2,0,2.31,1
15.455078,-6,-6,2.45,0,-2,0,2.31,1
15.460083,-12,-12,2.47,0,0,0,2.31,1
15.465088,-18,-18,2.49,0,0,0,2.31,1
15.470093,-24,-24,2.52,0,0,0,2.4,1
15.475098,-27,-27,2.52,0,0,0,2.4,1
15.480103,-21,-21,2.55,0,0,0,2.4,1
15.485108,-26,-26,2.65,0,0,0,2.4,1
15.490113,-36,-36,2.71,0,0,0,2.4,1
15.495118,-37,-37,2.67,0,0,0,2.4,1
15.5,-26,-26,2.64,-2,-2,0,2.4,1
15.505005,-20,-20,2.75,-2,-2,0,2.4,1
15.51001,-32,-32,2.81,0,-2,0,2.21,1
15.515015,-36,-36,2.76,0,-2,0,2.21,1
15.52002,-35,-35,2.68,0,0,0,2.3,1
15.525025,-21,-21,2.7,0,0,0,2.3,1
15.53003,-20,-20,2.75,0,-2,0,2.39,1
15.535035,-27,-27,2.72,0,-2,0,2.39,1
15.540039,-13,-13,2.64,-2,-2,0,2.29,1
15.545044,1,1,2.62,-2,-2,0,2.29,1
15.550049,-5,-5,2.63,-2,0,0,2.19,1
15.555054,-10,-10,2.64,-2,0,0,2.19,1
15.560059,-17,-17,2.57,-2,0,0,2.28,1
15.565064,-7,-7,2.49,-2,0,0,2.28,1
15.570069,7,7,2.47,0,0,0,2.28,1
15.575074,5,5,2.47,0,0,0,2.28,1
15.580078,2,2,2.43,0,-2,0,2.37,1
15.585083,5,5,2.38,0,-2,0,2.37,1
15.590088,15,15,2.34,0,0,0,2.27,1
15.595093,13,13,2.38,0,0,0,2.27,1
15.600098,-3,-3,2.4,0,0,0,2.36,1
15.605103,-6,-6,2.39,0,0,0,2.36,1
15.610108,4,4,2.37,2,0,0,2.36,1
15.615113,7,7,2.37,2,0,0,2.36,1
15.620118,8,8,2.36,0,0,0,2.46,1
15.625,8,8,2.36,0,0,0,2.46,1
15.630005,16,16,2.36,0,0,0,2.37,1
15.63501,17,17,2.34,0,0,0,2.37,1
15.640015,14,14,2.32,0,0,0,2.37,1
15.64502,17,17,2.29,0,0,0,2.37,1
15.650025,19,19,2.28,0,0,0,2.37,1
15.65503,19,19,2.28,0,0,0,2.37,1
15.660035,21,21,2.24,2,0,0,2.37,1
15.665039,25,25,2.19,2,0,0,2.37,1
15.670044,30,30,2.17,0,2,0,2.46,1
15.675049,31,31,2.16,0,2,0,2.46,1
15.680054,39,39,2.11,0,0,0,2.47,1
15.685059,45,45,2.09,0,0,0,2.47,1
15.690064,48,48,2.07,2,0,0,2.37,1
15.695069,48,48,2.07,2,0,0,2.37,1
15.700074,42,42,2.01,0,2,0,2.47,1
15.705078,49,49,1.94,0,2,0,2.47,1
15.710083,62,62,1.95,0,2,0,2.47,1
15.715088,59,59,1.91,0,2,0,2.47,1
15.720093,62,62,1.85,0,2,0,2.48,1
15.725098,66,66,1.72,0,2,0,2.48,1
15.730103,72,72,1.76,2,2,0,2.48,1
15.735108,58,58,1.83,2,2,0,2.48,1
15.740113,46,46,1.82,2,2,0,2.58,1
15.745118,47,47,1.69,2,2,0,2.58,1
15.75,69,69,1.64,2,2,0,2.59,1
15.755005,67,67,1.73,2,2,0,2.59,1
15.76001,47,47,1.85,2,2,0,2.6,1
15.765015,30,30,1.73,2,2,0,2.6,1
15.77002,46,46,1.67,4,2,0,2.6,1
15.775025,52,52,1.75,4,2,0,2.6,1
15.78003,32,32,1.89,2,2,0,2.71,1
15.785035,11,11,1.99,2,2,0,2.71,1
15.790039,17,17,1.95,4,2,0,2.62,1
15.795044,30,30,1.97,4,2,0,2.62,1
15.800049,22,22,2.1,2,2,0,2.73,1
15.805054,4,4,2.2,2,2,0,2.73,1
15.810059,3,3,2.2,2,4,0,2.64,1
15.815064,10,10,2.23,2,4,0,2.64,1
15.820069,4,4,2.3,2,2,0,2.75,1
15.825074,-5,-5,2.41,2,2,0,2.75,1
15.830078,-3,-3,2.44,2,2,0,2.66,1
15.835083,1,1,2.43,2,2,0,2.66,1
15.840088,2,2,2.45,2,2,0,2.67,1
15.845093,2,2,2.5,2,2,0,2.67,1
15.850098,1,1,2.52,0,0,0,2.68,1
15.855103,3,3,2.51,0,0,0,2.68,1
15.860108,10,10,2.51,0,0,0,2.5,1
15.865113,14,14,2.51,0,0,0,2.5,1
15.870118,2,2,2.51,0,0,0,2.5,1
15.875,4,4,2.49,0,0,0,2.5,1
15.880005,8,8,2.44,0,0,0,2.5,1
15.88501,13,13,2.42,0,0,0,2.5,1
15.890015,13,13,2.41,0,0,0,2.5,1
15.89502,12,12,2.41,0,0,0,2.5,1
15.900025,11,11,2.39,0,0,0,2.5,1
15.90503,13,13,2.37,0,0,0,2.5,1
15.910035,14,14,2.37,0,0,0,2.5,1
15.915039,11,11,2.4,0,0,0,2.5,1
15.920044,6,6,2.39,0,0,0,2.5,1
15.925049,8,8,2.36,0,0,0,2.5,1
15.930054,12,12,2.35,0,0,0,2.5,1
15.935059,10,10,2.38,0,0,0,2.5,1
15.940064,4,4,2.4,0,0,0,2.5,1
15.945069,3,3,2.38,0,0,0,2.5,1
15.950074,7,7,2.36,0,0,0,2.5,1
15.955078,7,7,2.4,0,0,0,2.5,1
15.960083,1,1,2.41,0,0,0,2.5,1
15.965088,-1,-1,2.41,0,0,0,2.5,1
15.970093,1,1,2.4,0,0,0,2.5,1
15.975098,2,2,2.42,0,0,0,2.5,1
15.980103,-2,-2,2.44,0,0,0,2.5,1
15.985108,-6,-6,2.45,0,0,0,2.5,1
15.990113,-5,-5,2.45,0,0,0,2.5,1
15.995118,-5,-5,2.46,0,0,0,2.5,1
16,-8,-8,2.49,0,0,0,2.5,1
16.005005,-12,-12,2.5,0,0,0,2.5,1
16.01001,-13,-13,2.51,0,0,0,2.5,1
16.015015,-13,-13,2.52,0,0,0,2.5,1
16.02002,-14,-14,2.54,0,0,0,2.5,1
16.025025,-18,-18,2.58,0,0,0,2.5,1
16.03003,-22,-22,2.59,0,0,0,2.5,1
16.035035,-22,-22,2.58,0,0,0,2.5,1
16.040039,-21,-21,2.61,0,0,0,2.5,1
16.045044,-25,-25,2.65,0,0,0,2.5,1
16.050049,-30,-30,2.68,0,-2,0,2.5,1
16.055054,-33,-33,2.69,0,-2,0,2.5,1
16.060059,-35,-35,2.73,0,0,0,2.4,1
16.065064,-39,-39,2.8,0,0,0,2.4,1
16.070069,-53,-53,2.81,-2,0,0,2.49,1
16.075074,-52,-52,2.81,-2,0,0,2.49,1
16.080078,-46,-46,2.88,0,-2,0,2.4,1
16.085083,-54,-54,2.99,0,-2,0,2.4,1
16.090088,-71,-71,2.99,-2,-2,0,2.4,1
16.095093,-68,-68,3.02,-2,-2,0,2.4,1
16.100098,-71,-71,3.08,-2,-2,0,2.3,1
16.105103,-75,-75,3.22,-2,-2,0,2.3,1
16.110108,-92,-92,3.22,-2,-2,0,2.29,1
16.115113,-87,-87,3.2,-2,-2,0,2.29,1
16.120118,-81,-81,3.2,-2,-2,0,2.28,1
16.125,-72,-72,3.32,-2,-2,0,2.28,1
16.130005,-75,-75,3.28,-2,-4,0,2.27,1
16.13501,-61,-61,3.16,-2,-4,0,2.27,1
16.140015,-36,-36,3.08,-2,-2,0,2.17,1
16.14502,-24,-24,3.06,-2,-2,0,2.17,1
16.150025,-34,-34,3.08,-2,-4,0,2.25,1
16.15503,-36,-36,2.98,-2,-4,0,2.25,1
16.160035,-15,-15,2.85,-2,-2,0,2.15,1
16.165039,0,0,2.77,-2,-2,0,2.15,1
16.170044,-6,-6,2.78,-2,-4,0,2.23,1
16.175049,-12,-12,2.75,-2,-4,0,2.23,1
16.180054,-6,-6,2.68,-2,-2,0,2.13,1
16.185059,2,2,2.58,-2,-2,0,2.13,1
16.190064,2,2,2.52,-2,-2,0,2.21,1
16.195069,2,2,2.5,-2,-2,0,2.21,1
16.200074,3,3,2.48,-2,-2,0,2.2,1
16.205078,0,0,2.42,-2,-2,0,2.2,1
16.210083,2,2,2.39,-2,0,0,2.2,1
16.215088,1,1,2.38,-2,0,0,2.2,1
16.220093,-4,-4,2.38,0,0,0,2.28,1
16.225098,-8,-8,2.37,0,0,0,2.28,1
16.230103,-4,-4,2.36,0,-2,0,2.37,1
16.235108,-7,-7,2.37,0,-2,0,2.37,1
16.240113,-5,-5,2.4,0,0,0,2.28,1
16.245118,-11,-11,2.44,0,0,0,2.28,1
16.25,-23,-23,2.47,0,0,0,2.37,1
16.255005,-25,-25,2.47,0,0,0,2.37,1
16.26001,-16,-16,2.49,0,0,0,2.37,1
16.265015,-16,-16,2.57,0,0,0,2.37,1
16.27002,-21,-21,2.6,0,0,0,2.37,1
16.275025,-20,-20,2.53,0,0,0,2.37,1
16.28003,-5,-5,2.49,0,0,0,2.37,1
16.285035,0,0,2.55,0,0,0,2.37,1
16.290039,-8,-8,2.59,-2,0,0,2.37,1
16.295044,-12,-12,2.55,-2,0,0,2.37,1
16.300049,-2,-2,2.48,0,0,0,2.28,1
16.305054,9,9,2.46,0,0,0,2.28,1
16.310059,1,1,2.49,0,-2,0,2.37,1
16.315064,-5,-5,2.48,0,-2,0,2.37,1
16.320069,5,5,2.41,0,0,0,2.27,1
16.325074,14,14,2.36,0,0,0,2.27,1
16.330078,9,9,2.38,0,0,0,2.36,1
16.335083,4,4,2.39,0,0,0,2.36,1
16.340088,9,9,2.37,0,0,0,2.36,1
16.345093,14,14,2.32,0,0,0,2.36,1
16.350098,21,21,2.3,0,0,0,2.36,1
16.355103,23,23,2.3,0,0,0,2.36,1
16.360108,21,21,2.29,0,0,0,2.36,1
16.365113,24,24,2.23,0,0,0,2.36,1
16.370118,31,31,2.2,0,2,0,2.36,1
16.375,34,34,2.21,0,2,0,2.36,1
16.380005,33,33,2.17,0,0,0,2.46,1
16.38501,37,37,2.1,0,0,0,2.46,1
16.390015,52,52,2.08,0,2,0,2.37,1
16.39502,53,53,2.07,0,2,0,2.37,1
16.400025,48,48,2,0,0,0,2.46,1
16.40503,55,55,1.89,0,0,0,2.46,1
16.410035,70,70,1.9,0,2,0,2.37,1
16.415039,66,66,1.85,0,2,0,2.37,1
16.420044,64,64,1.74,2,0,0,2.47,1
16.425049,72,72,1.57,2,0,0,2.47,1
16.430054,87,87,1.61,2,2,0,2.47,1
16.435059,72,72,1.65,2,2,0,2.47,1
16.440064,62,62,1.64,2,0,0,2.57,1
16.445069,62,62,1.5,2,0,0,2.57,1
16.450074,82,82,1.43,4,2,0,2.48,1
16.455078,78,78,1.58,4,2,0,2.48,1
16.460083,38,38,1.73,2,2,0,2.68,1
16.465088,14,14,1.72,2,2,0,2.68,1
16.470093,37,37,1.66,2,2,0,2.59,1
16.475098,47,47,1.74,2,2,0,2.59,1
16.480103,26,26,1.91,2,2,0,2.6,1
16.485108,0,0,2.02,2,2,0,2.6,1
16.490113,-7,-7,2,2,2,0,2.61,1
16.495118,3,3,2.01,2,2,0,2.61,1
16.5,7,7,2.12,2,2,0,2.62,1
16.505005,-8,-8,2.28,2,2,0,2.62,1
16.51001,-23,-23,2.37,2,2,0,2.62,1
16.515015,-23,-23,2.37,2,2,0,2.62,1
16.52002,-11,-11,2.4,0,2,0,2.63,1
16.525025,-6,-6,2.53,0,2,0,2.63,1
16.53003,-13,-13,2.59,0,0,0,2.55,1
16.535035,-11,-11,2.54,0,0,0,2.55,1
16.540039,1,1,2.48,0,0,0,2.45,1
16.545044,15,15,2.47,0,0,0,2.45,1
16.550049,10,10,2.48,0,0,0,2.45,1
16.555054,9,9,2.44,0,0,0,2.45,1
16.560059,15,15,2.37,0,0,0,2.45,1
16.565064,23,23,2.31,0,0,0,2.45,1
16.570069,25,25,2.31,0,0,0,2.45,1
16.575074,20,20,2.35,0,0,0,2.45,1
16.580078,13,13,2.32,0,0,0,2.45,1
16.585083,17,17,2.23,0,0,0,2.45,1
16.590088,26,26,2.2,0,0,0,2.45,1
16.595093,24,24,2.26,0,0,0,2.45,1
16.600098,11,11,2.3,0,0,0,2.45,1
16.605103,6,6,2.23,0,0,0,2.45,1
16.610108,17,17,2.16,0,0,0,2.45,1
16.615113,23,23,2.22,0,0,0,2.45,1
16.620118,10,10,2.3,0,0,0,2.45,1
16.625,-2,-2,2.27,0,0,0,2.45,1
16.630005,6,6,2.21,0,2,0,2.45,1
16.63501,14,14,2.23,0,2,0,2.45,1
16.640015,7,7,2.32,0,0,0,2.55,1
16.64502,-5,-5,2.34,0,0,0,2.55,1
16.650025,4,4,2.29,0,0,0,2.46,1
16.65503,13,13,2.29,0,0,0,2.46,1
16.660035,5,5,2.34,0,0,0,2.46,1
16.665039,-3,-3,2.37,0,0,0,2.46,1
16.670044,-5,-5,2.35,0,0,0,2.46,1
16.675049,-1,-1,2.37,0,0,0,2.46,1
16.680054,-4,-4,2.4,0,0,0,2.46,1
16.685059,-9,-9,2.42,0,0,0,2.46,1
16.690064,-11,-11,2.43,0,0,0,2.46,1
16.695069,-10,-10,2.43,0,0,0,2.46,1
16.700074,-11,-11,2.47,0,0,0,2.46,1
16.705078,-17,-17,2.52,0,0,0,2.46,1
16.710083,-22,-22,2.53,0,0,0,2.46,1
16.715088,-21,-21,2.51,0,0,0,2.46,1
16.720093,-18,-18,2.53,0,0,0,2.46,1
16.725098,-22,-22,2.59,0,0,0,2.46,1
16.730103,-30,-30,2.62,-2,0,0,2.46,1
16.735108,-34,-34,2.64,-2,0,0,2.46,1
16.740113,-36,-36,2.68,0,0,0,2.36,1
16.745118,-40,-40,2.76,0,0,0,2.36,1
16.75,-54,-54,2.77,0,0,0,2.45,1
16.755005,-54,-54,2.78,0,0,0,2.45,1
16.76001,-49,-49,2.84,0,0,0,2.45,1
16.765015,-56,-56,2.99,0,0,0,2.45,1
16.77002,-68,-68,3.04,-2,-2,0,2.45,1
16.775025,-69,-69,3.04,-2,-2,0,2.45,1
16.78003,-67,-67,3.11,-2,-2,0,2.26,1
16.785035,-72,-72,3.18,-2,-2,0,2.26,1
16.790039,-92,-92,3.29,-2,-2,0,2.26,1
16.795044,-96,-96,3.28,-2,-2,0,2.26,1
16.800049,-86,-86,3.24,-2,-2,0,2.25,1
16.805054,-72,-72,3.4,-2,-2,0,2.25,1
16.810059,-80,-80,3.38,-4,-4,0,2.24,1
16.815064,-69,-69,3.29,-4,-4,0,2.24,1
16.820069,-46,-46,3.18,-4,-2,0,2.04,1
16.825074,-26,-26,3.13,-4,-2,0,2.04,1
16.830078,-39,-39,3.11,-4,-2,0,2.12,1
16.835083,-38,-38,3.02,-4,-2,0,2.12,1
16.840088,-21,-21,2.85,-4,-4,0,2.11,1
16.845093,-3,-3,2.79,-4,-4,0,2.11,1
16.850098,-2,-2,2.75,-4,-4,0,2,1
16.855103,-3,-3,2.66,-4,-4,0,2,1
16.860108,-4,-4,2.55,-2,-2,0,1.99,1
16.865113,4,4,2.43,-2,-2,0,1.99,1
16.870118,8,8,2.37,0,-2,0,2.16,1
16.875,4,4,2.39,0,-2,0,2.16,1
16.880005,7,7,2.37,-2,-2,0,2.25,1
16.88501,4,4,2.29,-2,-2,0,2.25,1
16.890015,16,16,2.23,-2,0,0,2.15,1
16.89502,16,16,2.24,-2,0,0,2.15,1
16.900025,-1,-1,2.28,0,-2,0,2.24,1
16.90503,-12,-12,2.28,0,-2,0,2.24,1
16.910035,-7,-7,2.26,0,0,0,2.23,1
16.915039,-8,-8,2.32,0,0,0,2.23,1
16.920044,-18,-18,2.39,0,0,0,2.32,1
16.925049,-26,-26,2.42,0,0,0,2.32,1
16.930054,-18,-18,2.42,0,0,0,2.32,1
16.935059,-14,-14,2.4,0,0,0,2.32,1
16.940064,-10,-10,2.43,0,0,0,2.32,1
16.945069,-13,-13,2.49,0,0,0,2.32,1
16.950074,-18,-18,2.5,0,0,0,2.32,1
16.955078,-15,-15,2.46,0,0,0,2.32,1
16.960083,-8,-8,2.45,0,0,0,2.32,1
16.965088,-6,-6,2.49,0,0,0,2.32,1
16.970093,-11,-11,2.52,0,0,0,2.32,1
16.975098,-12,-12,2.48,0,0,0,2.32,1
16.980103,-4,-4,2.44,0,0,0,2.32,1
16.985108,2,2,2.44,0,0,0,2.32,1
16.990113,0,0,2.47,0,0,0,2.32,1
16.995118,-3,-3,2.44,0,0,0,2.32,1
17,2,2,2.4,0,0,0,2.32,1
17.005005,8,8,2.38,0,0,0,2.32,1
17.01001,9,9,2.39,0,0,0,2.32,1
17.015015,6,6,2.39,0,0,0,2.32,1
17.02002,8,8,2.35,0,0,0,2.32,1
17.025025,14,14,2.31,0,0,0,2.32,1
17.03003,18,18,2.3,0,0,0,2.32,1
17.035035,18,18,2.3,0,0,0,2.32,1
17.040039,18,18,2.27,0,0,0,2.32,1
17.045044,22,22,2.22,0,0,0,2.32,1
17.050049,28,28,2.2,0,0,0,2.32,1
17.055054,30,30,2.19,0,0,0,2.32,1
17.060059,30,30,2.15,0,0,0,2.32,1
17.065064,35,35,2.08,0,0,0,2.32,1
17.070069,42,42,2.07,0,0,0,2.32,1
17.075074,42,42,2.06,0,0,0,2.32,1
17.080078,43,43,1.99,0,0,0,2.32,1
17.085083,51,51,1.88,0,0,0,2.32,1
17.090088,59,59,1.89,2,0,0,2.32,1
17.095093,57,57,1.88,2,0,0,2.32,1
17.100098,58,58,1.79,0,0,0,2.42,1
17.105103,68,68,1.69,0,0,0,2.42,1
17.110108,84,84,1.65,2,2,0,2.33,1
17.115113,81,81,1.69,2,2,0,2.33,1
17.120118,63,63,1.65,2,2,0,2.52,1
17.125,65,65,1.41,2,2,0,2.52,1
17.130005,102,102,1.31,4,4,0,2.52,1
17.13501,97,97,1.45,4,4,0,2.52,1
17.140015,59,59,1.6,2,2,0,2.72,1
17.14502,32,32,1.55,2,2,0,2.72,1
17.150025,57,57,1.45,2,4,0,2.55,1
17.15503,70,70,1.47,2,4,0,2.55,1
17.160035,45,45,1.65,4,4,0,2.65,1
17.165039,13,13,1.71,4,4,0,2.65,1
17.170044,14,14,1.77,4,4,0,2.76,1
17.175049,14,14,1.79,4,4,0,2.76,1
17.180054,19,19,1.85,2,4,0,2.77,1
17.185059,7,7,1.99,2,4,0,2.77,1
17.190064,4,4,2.08,2,4,0,2.7,1
17.195069,3,3,2.13,2,4,0,2.7,1
17.200074,6,6,2.18,2,2,0,2.71,1
17.205078,3,3,2.26,2,2,0,2.71,1
17.210083,1,1,2.33,2,2,0,2.62,1
17.215088,-1,-1,2.36,2,2,0,2.62,1
17.220093,6,6,2.37,2,2,0,2.63,1
17.225098,9,9,2.39,2,2,0,2.63,1
17.230103,8,8,2.42,2,2,0,2.64,1
17.235108,11,11,2.43,2,2,0,2.64,1
17.240113,17,17,2.42,0,0,0,2.65,1
17.245118,24,24,2.39,0,0,0,2.65,1
17.25,26,26,2.37,0,0,0,2.47,1
17.255005,11,11,2.38,0,0,0,2.47,1
17.26001,13,13,2.36,0,0,0,2.47,1
17.265015,21,21,2.27,0,0,0,2.47,1
17.27002,19,19,2.23,0,2,0,2.47,1
17.275025,3,3,2.31,0,2,0,2.47,1
17.28003,-4,-4,2.36,0,0,0,2.56,1
17.285035,13,13,2.32,0,0,0,2.56,1
17.290039,19,19,2.26,0,0,0,2.47,1
17.295044,3,3,2.29,0,0,0,2.47,1
17.300049,-8,-8,2.37,0,0,0,2.47,1
17.305054,-4,-4,2.36,0,0,0,2.47,1
17.310059,4,4,2.3,2,2,0,2.47,1
17.315064,-4,-4,2.33,2,2,0,2.47,1
17.320069,-16,-16,2.42,0,0,0,2.66,1
17.325074,-4,-4,2.47,0,0,0,2.66,1
17.330078,2,2,2.45,0,0,0,2.48,1
17.335083,-9,-9,2.43,0,0,0,2.48,1
17.340088,-17,-17,2.48,0,0,0,2.48,1
17.345093,-25,-25,2.54,0,0,0,2.48,1
17.350098,-23,-23,2.55,0,0,0,2.48,1
17.355103,-23,-23,2.55,0,0,0,2.48,1
17.360108,-28,-28,2.58,0,0,0,2.48,1
17.365113,-37,-37,2.66,0,0,0,2.48,1
17.370118,-38,-38,2.69,0,0,0,2.48,1
17.375,-35,-35,2.67,0,0,0,2.48,1
17.380005,-39,-39,2.7,-2,0,0,2.48,1
17.38501,-50,-50,2.8,-2,0,0,2.48,1
17.390015,-53,-53,2.82,0,0,0,2.38,1
17.39502,-62,-62,2.84,0,0,0,2.38,1
17.400025,-69,-69,2.91,0,0,0,2.47,1
17.40503,-73,-73,3.03,0,0,0,2.47,1
17.410035,-71,-71,3.04,-2,-2,0,2.47,1
17.415039,-74,-74,3.08,-2,-2,0,2.47,1
17.420044,-81,-81,3.19,-2,0,0,2.28,1
17.425049,-101,-101,3.3,-2,0,0,2.28,1
17.430054,-94,-94,3.34,-2,-2,0,2.37,1
17.435059,-77,-77,3.34,-2,-2,0,2.37,1
17.440064,-65,-65,3.31,-2,-2,0,2.27,1
17.445069,-77,-77,3.43,-2,-2,0,2.27,1
17.450074,-68,-68,3.43,-4,-4,0,2.26,1
17.455078,-42,-42,3.31,-4,-4,0,2.26,1
17.460083,-25,-25,3.19,-4,-2,0,2.07,1
