time,pwma,pwmb,pitch,motor_a_speed,motor_b_speed,target_speed,target_angle,running_success_flag,angle_error
0,0,0,1.28,0,0,0,0,1,-1.28
0.005005,0,0,1.42,0,0,0,0,1,-1.42
0.01001,0,0,1.56,0,0,0,0,1,-1.56
0.015015,0,0,1.67,0,0,0,0,1,-1.67
0.02002,-181,-181,1.76,0,0,0,0,1,-1.76
0.025025,-182,-182,1.84,0,0,0,0,1,-1.84
0.03003,-183,-183,1.92,0,0,0,0,1,-1.92
0.035035,-184,-184,1.97,0,0,0,0,1,-1.97
0.04004,-185,-185,2.03,0,0,0,0,1,-2.03
0.045044,-187,-187,2.32,0,0,0,0,1,-2.32
0.050049,-204,-204,2.38,0,0,0,0,1,-2.38
0.054993,-184,-184,2.08,-4,-4,0,0,1,-2.08
0.059998,-125,-125,1.86,-4,-4,0,0,1,-1.86
0.065003,-96,-96,2.12,-2,-2,0,-1.08,1,-3.2
0.070008,-216,-216,2.21,-2,-2,0,-1.08,1,-3.29
0.075013,-210,-210,1.71,-6,-6,0,-0.56,1,-2.27
0.080018,-88,-88,1.35,-6,-6,0,-0.56,1,-1.91
0.085022,-46,-46,1.53,-4,-6,0,-1.65,1,-3.18
0.090027,-169,-169,1.68,-4,-6,0,-1.65,1,-3.33
0.095032,-180,-180,1.27,-6,-8,0,-1.4,1,-2.67
0.100037,-84,-84,0.77,-6,-8,0,-1.4,1,-2.17
0.105042,-17,-17,0.85,-6,-8,0,-1.96,1,-2.81
0.110047,-82,-82,0.89,-6,-8,0,-1.96,1,-2.85
0.114991,-86,-86,0.47,-8,-8,0,-1.99,1,-2.46
0.119996,-20,-20,-0.04,-8,-8,0,-1.99,1,-1.95
0.125,46,46,-0.39,-6,-8,0,-2.29,1,-1.9
0.130005,41,41,-0.5,-6,-8,0,-2.29,1,-1.79
0.13501,36,36,-0.78,-8,-8,0,-2.06,1,-1.28
0.140015,78,78,-1.84,-8,-8,0,-2.06,1,-0.22
0.14502,163,163,-2.45,-4,-6,0,-2.36,1,0.0900000000000003
0.150025,187,187,-2.78,-4,-6,0,-2.36,1,0.42
0.15503,183,183,-2.78,-4,-4,0,-1.58,1,1.2
0.160035,214,214,-2.98,-4,-4,0,-1.58,1,1.4
0.16504,217,217,-3.49,-2,-2,0,-1.33,1,2.16
0.170044,268,268,-3.65,-2,-2,0,-1.33,1,2.32
0.175049,249,249,-3.57,0,2,0,-0.81,1,2.76
0.179993,244,244,-3.65,0,2,0,-0.81,1,2.84
0.184998,227,227,-3.8,0,0,0,-0.01,1,3.79
0.190003,279,279,-3.61,0,0,0,-0.01,1,3.6
0.195008,234,234,-3.46,6,4,0,-0.28,1,3.18
0.200013,185,185,-3.35,6,4,0,-0.28,1,3.07
0.205018,170,170,-3.52,6,4,0,1.07,1,4.59
0.210022,281,281,-3.31,6,4,0,1.07,1,4.38
0.215027,240,240,-3.02,8,8,0,1.1,1,4.12
0.220032,195,195,-2.81,8,8,0,1.1,1,3.91
0.225037,171,171,-2.86,8,8,0,1.93,1,4.79
0.230042,237,237,-2.63,8,8,0,1.93,1,4.56
0.235047,200,200,-2.23,12,12,0,1.96,1,4.19
0.239991,146,146,-1.81,12,12,0,1.96,1,3.77
0.244996,104,104,-1.65,8,10,0,3.08,1,4.73
0.25,179,179,-1.33,8,10,0,3.08,1,4.41
0.255005,152,152,-0.87,10,12,0,2.32,1,3.19
0.26001,57,57,-0.51,10,12,0,2.32,1,2.83
0.265015,35,35,-0.42,10,10,0,2.9,1,3.32
0.27002,84,84,-0.17,10,10,0,2.9,1,3.07
0.275025,64,64,0.25,10,12,0,2.67,1,2.42
0.28003,5,5,0.62,10,12,0,2.67,1,2.05
0.285035,-21,-21,1.07,10,10,0,2.99,1,1.92
0.29004,-18,-18,1.25,10,10,0,2.99,1,1.74
0.295044,-16,-16,1.47,10,10,0,2.76,1,1.29
0.300049,-31,-31,1.71,10,10,0,2.76,1,1.05
0.304993,-32,-32,1.83,8,8,0,2.81,1,0.98
0.309998,-20,-20,2,8,8,0,2.81,1,0.81
0.315003,-17,-17,2.05,4,6,0,2.31,1,0.26
0.320008,-43,-43,2.14,4,6,0,2.31,1,0.17
0.325013,-39,-39,2.21,6,6,0,1.53,1,-0.68
0.330018,-92,-92,2.26,6,6,0,1.53,1,-0.73
0.335022,-86,-86,2.26,4,4,0,1.83,1,-0.43
0.340027,-56,-56,2.29,4,4,0,1.83,1,-0.46
0.345032,-51,-51,2.28,2,4,0,1.31,1,-0.97
0.350037,-81,-81,2.29,2,4,0,1.31,1,-0.98
0.355042,-71,-71,2.17,2,2,0,1.06,1,-1.11
0.360047,-73,-73,2.15,2,2,0,1.06,1,-1.09
0.364991,-66,-66,2.08,0,0,0,0.8,1,-1.28
0.369996,-74,-74,2.03,0,0,0,0.8,1,-1.23
0.375,-63,-63,1.89,-2,0,0,0.27,1,-1.62
0.380005,-92,-92,1.86,-2,0,0,0.27,1,-1.59
0.38501,-91,-91,1.81,0,0,0,0,1,-1.81
0.390015,-108,-108,1.77,0,0,0,0,1,-1.77
0.39502,-95,-95,1.55,-2,-2,0,0.27,1,-1.28
0.400025,-49,-49,1.43,-2,-2,0,0.27,1,-1.16
0.40503,-41,-41,1.35,-2,-2,0,-0.27,1,-1.62
0.410035,-85,-85,1.42,-2,-2,0,-0.27,1,-1.69
0.41504,-93,-93,1.23,-4,-2,0,-0.28,1,-1.51
0.420044,-71,-71,1.13,-4,-2,0,-0.28,1,-1.41
0.425049,-56,-56,0.97,-4,-4,0,-0.56,1,-1.53
0.429993,-69,-69,0.98,-4,-4,0,-0.56,1,-1.54
0.434998,-71,-71,0.84,-4,-4,0,-0.84,1,-1.68
0.440003,-80,-80,0.71,-4,-4,0,-0.84,1,-1.55
0.445008,-66,-66,0.56,-4,-4,0,-0.86,1,-1.42
0.450013,-60,-60,0.56,-4,-4,0,-0.86,1,-1.42
0.455018,-62,-62,0.43,-4,-4,0,-0.88,1,-1.31
0.460022,-52,-52,0.31,-4,-4,0,-0.88,1,-1.19
0.465027,-45,-45,0.25,-4,-4,0,-0.9,1,-1.15
0.470032,-49,-49,0.27,-4,-4,0,-0.9,1,-1.17
0.475037,-51,-51,0.13,-4,-4,0,-0.91,1,-1.04
0.480042,-35,-35,0.02,-4,-4,0,-0.91,1,-0.93
0.485047,-25,-25,-0.07,-4,-4,0,-0.93,1,-0.86
0.489991,-28,-28,-0.04,-4,-4,0,-0.93,1,-0.89
0.494996,-34,-34,-0.13,-4,-2,0,-0.95,1,-0.82
0.5,-22,-22,-0.2,-4,-2,0,-0.95,1,-0.75
0.505005,-14,-14,-0.26,-4,-2,0,-0.69,1,-0.43
0.51001,6,6,-0.27,-4,-2,0,-0.69,1,-0.42
0.515015,4,4,-0.34,-2,-4,0,-0.71,1,-0.37
0.52002,13,13,-0.42,-2,-4,0,-0.71,1,-0.29
0.525025,19,19,-0.49,-2,-2,0,-0.72,1,-0.23
0.53003,17,17,-0.54,-2,-2,0,-0.72,1,-0.18
0.535035,12,12,-0.5,0,-2,0,-0.46,1,0.04
0.54004,21,21,-0.49,0,-2,0,-0.46,1,0.03
0.545044,17,17,-0.53,-2,-2,0,-0.2,1,0.33
0.550049,39,39,-0.56,-2,-2,0,-0.2,1,0.36
0.554993,37,37,-0.52,0,0,0,-0.48,1,0.04
0.559998,7,7,-0.47,0,0,0,-0.48,1,-0.01
0.565003,0,0,-0.45,0,0,0,0.06,1,0.51
0.570008,36,36,-0.45,0,0,0,0.06,1,0.51
0.575013,32,32,-0.37,0,0,0,0.06,1,0.43
0.580018,26,26,-0.34,0,0,0,0.06,1,0.4
0.585022,27,27,-0.31,2,0,0,0.06,1,0.37
0.590027,27,27,-0.33,2,0,0,0.06,1,0.39
0.595032,30,30,-0.32,0,0,0,0.33,1,0.65
0.600037,50,50,-0.37,0,0,0,0.33,1,0.7
0.605042,54,54,-0.35,0,2,0,0.06,1,0.41
0.610047,31,31,-0.36,0,2,0,0.06,1,0.42
0.614991,27,27,-0.32,0,0,0,0.33,1,0.65
0.619996,40,40,-0.31,0,0,0,0.33,1,0.64
0.625,37,37,-0.3,2,0,0,0.06,1,0.36
0.630005,16,16,-0.29,2,0,0,0.06,1,0.35
0.63501,13,13,-0.21,2,2,0,0.33,1,0.54
0.640015,25,25,-0.17,2,2,0,0.33,1,0.5
0.64502,23,23,-0.14,0,2,0,0.61,1,0.75
0.650025,47,47,-0.14,0,2,0,0.61,1,0.75
0.65503,50,50,-0.09,0,2,0,0.35,1,0.44
0.660035,25,25,-0.05,0,2,0,0.35,1,0.4
0.66504,22,22,-0.07,0,0,0,0.35,1,0.42
0.670044,27,27,-0.1,0,0,0,0.35,1,0.45
0.675049,25,25,0.04,2,2,0,0.09,1,0.05
0.679993,-14,-14,0.12,2,2,0,0.09,1,-0.03
0.684998,-22,-22,0.16,0,2,0,0.63,1,0.47
0.690003,23,23,0.14,0,2,0,0.63,1,0.49
0.695008,29,29,0.19,0,2,0,0.36,1,0.17
0.700013,4,4,0.22,0,2,0,0.36,1,0.14
0.705018,1,1,0.24,0,2,0,0.37,1,0.13
0.710022,4,4,0.2,0,2,0,0.37,1,0.17
0.715027,10,10,0.27,2,2,0,0.37,1,0.1
0.720032,2,2,0.3,2,2,0,0.37,1,0.07
0.725037,-1,-1,0.3,2,2,0,0.65,1,0.35
0.730042,25,25,0.29,2,2,0,0.65,1,0.36
0.735047,30,30,0.31,0,0,0,0.66,1,0.35
0.739991,29,29,0.32,0,0,0,0.66,1,0.34
0.744996,28,28,0.3,2,0,0,0.12,1,-0.18
0.75,-8,-8,0.25,2,0,0,0.12,1,-0.13
0.755005,-6,-6,0.34,0,0,0,0.39,1,0.05
0.76001,3,3,0.38,0,0,0,0.39,1,0.01
0.765015,0,0,0.36,2,2,0,0.13,1,-0.23
0.77002,-9,-9,0.34,2,2,0,0.13,1,-0.21
0.775025,0,0,0.29,0,0,0,0.67,1,0.38
0.78003,47,47,0.27,0,0,0,0.67,1,0.4
0.785035,48,48,0.27,0,0,0,0.14,1,-0.13
0.79004,9,9,0.23,0,0,0,0.14,1,-0.09
0.795044,15,15,0.19,0,0,0,0.14,1,-0.05
0.800049,19,19,0.15,0,0,0,0.14,1,-0.00999999999999998
0.804993,21,21,0.15,0,0,0,0.14,1,-0.00999999999999998
0.809998,21,21,0.11,0,0,0,0.14,1,0.03
0.815003,24,24,0.11,0,0,0,0.14,1,0.03
0.820008,24,24,0.06,0,0,0,0.14,1,0.08
0.825013,31,31,0,0,0,0,0.14,1,0.14
0.830018,37,37,-0.05,0,0,0,0.14,1,0.19
0.835022,38,38,-0.01,0,0,0,0.14,1,0.15
0.840027,31,31,-0.03,0,0,0,0.14,1,0.17
0.845032,35,35,-0.11,2,0,0,0.14,1,0.25
0.850037,46,46,-0.21,2,0,0,0.14,1,0.35
0.855042,51,51,-0.13,2,0,0,0.41,1,0.54
0.860047,56,56,-0.1,2,0,0,0.41,1,0.51
0.864991,53,53,-0.18,0,2,0,0.41,1,0.59
0.869996,66,66,-0.31,0,2,0,0.41,1,0.72
0.875,73,73,-0.21,2,0,0,0.42,1,0.63
0.880005,54,54,-0.14,2,0,0,0.42,1,0.56
0.88501,45,45,-0.2,2,0,0,0.42,1,0.62
0.890015,58,58,-0.33,2,0,0,0.42,1,0.75
0.89502,66,66,-0.2,2,2,0,0.42,1,0.62
0.900025,42,42,-0.1,2,2,0,0.42,1,0.52
0.90503,26,26,0,2,2,0,0.7,1,0.7
0.910035,47,47,-0.14,2,2,0,0.7,1,0.84
0.91504,63,63,-0.07,4,2,0,0.71,1,0.78
0.920044,51,51,0.03,4,2,0,0.71,1,0.68
0.925049,34,34,0.1,2,2,0,0.99,1,0.89
0.929993,54,54,0.04,2,2,0,0.99,1,0.95
0.934998,62,62,0.15,2,2,0,0.73,1,0.58
0.940003,28,28,0.22,2,2,0,0.73,1,0.51
0.945008,20,20,0.32,4,4,0,0.74,1,0.42
0.950013,20,20,0.24,4,4,0,0.74,1,0.5
0.955018,31,31,0.3,2,2,0,1.29,1,0.99
0.960022,63,63,0.41,2,2,0,1.29,1,0.88
0.965027,50,50,0.54,4,4,0,0.76,1,0.22
0.970032,6,6,0.47,4,4,0,0.76,1,0.29
0.975037,23,23,0.42,2,2,0,1.31,1,0.89
0.980042,75,75,0.46,2,2,0,1.31,1,0.85
0.985047,72,72,0.5,2,2,0,0.79,1,0.29
0.989991,33,33,0.45,2,2,0,0.79,1,0.34
0.994996,43,43,0.42,4,2,0,0.8,1,0.38
1,52,52,0.4,4,2,0,0.8,1,0.4
1.005005,57,57,0.36,0,2,0,1.08,1,0.72
1.01001,84,84,0.28,0,2,0,1.08,1,0.8
1.015015,90,90,0.31,2,2,0,0.55,1,0.24
1.02002,48,48,0.26,2,2,0,0.55,1,0.29
1.025025,54,54,0.15,2,2,0,0.82,1,0.67
1.03003,90,90,-0.02,2,2,0,0.82,1,0.84
1.035035,98,98,0.12,4,2,0,0.83,1,0.71
1.04004,71,71,0.15,4,2,0,0.83,1,0.68
1.045044,60,60,0.13,2,4,0,1.11,1,0.98
1.050049,91,91,-0.01,2,4,0,1.11,1,1.12
1.054993,102,102,0.08,4,4,0,1.12,1,1.04
1.059998,81,81,0.15,4,4,0,1.12,1,0.97
1.065003,65,65,0.25,4,4,0,1.41,1,1.16
1.070008,84,84,0.09,4,4,0,1.41,1,1.32
1.075013,100,100,0.16,4,6,0,1.42,1,1.26
1.080018,88,88,0.28,4,6,0,1.42,1,1.14
1.085022,68,68,0.34,6,4,0,1.71,1,1.37
1.090027,89,89,0.28,6,4,0,1.71,1,1.43
1.095032,98,98,0.36,6,4,0,1.73,1,1.37
1.100037,88,88,0.47,6,4,0,1.73,1,1.26
1.105042,75,75,0.51,4,4,0,1.75,1,1.24
1.110047,84,84,0.49,4,4,0,1.75,1,1.26
1.114991,51,51,0.6,6,4,0,1.51,1,0.91
1.119996,45,45,0.65,6,4,0,1.51,1,0.86
1.125,71,71,0.71,6,4,0,1.79,1,1.08
1.130005,82,82,0.6,6,4,0,1.79,1,1.19
1.13501,70,70,0.71,6,6,0,1.81,1,1.1
1.140015,63,63,0.77,6,6,0,1.81,1,1.04
1.14502,90,90,0.82,4,4,0,2.11,1,1.29
1.150025,99,99,0.74,4,4,0,2.11,1,1.37
1.15503,49,49,0.82,6,6,0,1.59,1,0.77
1.160035,43,43,0.88,6,6,0,1.59,1,0.71
1.16504,91,91,0.92,4,4,0,2.15,1,1.23
1.170044,100,100,0.82,4,4,0,2.15,1,1.33
1.175049,44,44,0.93,4,6,0,1.63,1,0.7
1.179993,31,31,1.02,4,6,0,1.63,1,0.61
1.184998,55,55,1.1,4,4,0,1.92,1,0.82
1.190003,68,68,1,4,4,0,1.92,1,0.92
1.195008,40,40,1.07,6,6,0,1.67,1,0.6
1.200013,28,28,1.16,6,6,0,1.67,1,0.51
1.205018,67,67,1.26,4,6,0,2.23,1,0.97
1.210022,78,78,1.22,4,6,0,2.23,1,1.01
1.215027,62,62,1.25,6,6,0,1.99,1,0.74
1.220032,67,67,1.23,6,6,0,1.99,1,0.76
1.225037,94,94,1.26,4,4,0,2.28,1,1.02
1.230042,103,103,1.14,4,4,0,2.28,1,1.14
1.235047,55,55,1.21,6,6,0,1.76,1,0.55
1.239991,56,56,1.22,6,6,0,1.76,1,0.54
1.244996,56,56,1.22,4,6,0,2.32,1,1.1
1.25,109,109,1.05,4,6,0,2.32,1,1.27
1.255005,127,127,1.08,6,4,0,2.08,1,1
1.26001,100,100,1.09,6,4,0,2.08,1,0.99
1.265015,93,93,1,6,4,0,2.1,1,1.1
1.27002,110,110,0.83,6,4,0,2.1,1,1.27
1.275025,121,121,0.95,8,6,0,2.12,1,1.17
1.28003,99,99,0.98,8,6,0,2.12,1,1.14
1.285035,88,88,1.01,6,6,0,2.68,1,1.67
1.29004,135,135,0.87,6,6,0,2.68,1,1.81
1.295044,153,153,0.83,8,8,0,2.44,1,1.61
1.300049,139,139,0.84,8,8,0,2.44,1,1.6
1.304993,133,133,0.67,6,6,0,3.01,1,2.34
1.309998,190,190,0.57,6,6,0,3.01,1,2.44
1.315003,192,192,0.71,8,6,0,2.5,1,1.79
1.320008,126,126,0.75,8,6,0,2.5,1,1.75
1.325013,115,115,0.72,8,6,0,2.8,1,2.08
1.330018,148,148,0.54,8,6,0,2.8,1,2.26
1.335022,163,163,0.58,10,8,0,2.83,1,2.25
1.340027,151,151,0.65,10,8,0,2.83,1,2.18
1.345032,129,129,0.77,10,8,0,3.4,1,2.63
1.350037,162,162,0.76,10,8,0,3.4,1,2.64
1.355042,163,163,0.91,10,8,0,3.44,1,2.53
1.360047,157,157,0.96,10,8,0,3.44,1,2.48
1.364991,155,155,0.87,8,8,0,3.47,1,2.6
1.369996,172,172,0.79,8,8,0,3.47,1,2.68
1.375,170,170,1.02,10,10,0,3.24,1,2.22
1.380005,118,118,1.16,10,10,0,3.24,1,2.08
1.38501,99,99,1.25,8,8,0,3.82,1,2.57
1.390015,144,144,1.3,8,8,0,3.82,1,2.52
1.39502,146,146,1.38,10,10,0,3.32,1,1.94
1.400025,112,112,1.41,10,10,0,3.32,1,1.91
1.40503,113,113,1.3,8,8,0,3.9,1,2.6
1.410035,168,168,1.32,8,8,0,3.9,1,2.58
1.41504,157,157,1.55,10,12,0,3.4,1,1.85
1.420044,90,90,1.67,10,12,0,3.4,1,1.73
1.425049,83,83,1.75,8,8,0,4.24,1,2.49
1.429993,153,153,1.63,8,8,0,4.24,1,2.61
1.434998,168,168,1.73,10,10,0,3.48,1,1.75
1.440003,98,98,1.8,10,10,0,3.48,1,1.68
1.445008,85,85,1.85,10,8,0,4.05,1,2.2
1.450013,131,131,1.81,10,8,0,4.05,1,2.24
1.455018,135,135,1.99,12,10,0,3.83,1,1.84
1.460022,101,101,2.11,12,10,0,3.83,1,1.72
1.465027,90,90,2.19,10,8,0,4.41,1,2.22
1.470032,137,137,2.14,10,8,0,4.41,1,2.27
1.475037,145,145,2.28,10,10,0,3.91,1,1.63
1.480042,96,96,2.34,10,10,0,3.91,1,1.57
1.485047,93,93,2.3,8,10,0,4.22,1,1.92
1.489991,131,131,2.26,8,10,0,4.22,1,1.96
1.494996,138,138,2.39,10,10,0,4,1,1.61
1.5,108,108,2.44,10,10,0,4,1,1.56
1.505005,103,103,2.42,10,8,0,4.3,1,1.88
1.51001,135,135,2.4,10,8,0,4.3,1,1.9
1.515015,138,138,2.46,10,10,0,4.08,1,1.62
1.52002,116,116,2.5,10,10,0,4.08,1,1.58
1.525025,116,116,2.38,8,8,0,4.39,1,2.01
1.53003,157,157,2.24,8,8,0,4.39,1,2.15
1.535035,168,168,2.35,10,10,0,3.89,1,1.54
1.54004,115,115,2.35,10,10,0,3.89,1,1.54
1.545044,113,113,2.3,8,8,0,4.46,1,2.16
1.550049,167,167,2.27,8,8,0,4.46,1,2.19
1.554993,167,167,2.4,10,10,0,3.97,1,1.57
1.559998,108,108,2.41,10,10,0,3.97,1,1.56
1.565003,103,103,2.36,10,8,0,4.54,1,2.18
1.570008,155,155,2.33,10,8,0,4.54,1,2.21
1.575013,156,156,2.47,12,10,0,4.31,1,1.84
1.580018,121,121,2.53,12,10,0,4.31,1,1.78
1.585022,112,112,2.53,8,10,0,4.89,1,2.36
1.590027,162,162,2.5,8,10,0,4.89,1,2.39
1.595032,163,163,2.61,10,12,0,4.4,1,1.79
1.600037,110,110,2.68,10,12,0,4.4,1,1.72
1.605042,101,101,2.64,10,10,0,4.98,1,2.34
1.610047,154,154,2.58,10,10,0,4.98,1,2.4
1.614991,158,158,2.69,12,12,0,4.76,1,2.07
1.619996,126,126,2.75,12,12,0,4.76,1,2.01
1.625,120,120,2.71,10,10,0,5.34,1,2.63
1.630005,175,175,2.65,10,10,0,5.34,1,2.69
1.63501,179,179,2.77,10,12,0,4.85,1,2.08
1.640015,127,127,2.83,10,12,0,4.85,1,2.02
1.64502,118,118,2.84,10,10,0,5.16,1,2.32
1.650025,145,145,2.78,10,10,0,5.16,1,2.38
1.65503,148,148,2.91,10,10,0,4.94,1,2.03
1.660035,114,114,2.97,10,10,0,4.94,1,1.97
1.66504,102,102,3.08,10,10,0,4.98,1,1.9
1.670044,101,101,3.06,10,10,0,4.98,1,1.92
1.675049,104,104,3.26,12,10,0,5.03,1,1.77
1.679993,91,91,3.35,12,10,0,5.03,1,1.68
1.684998,84,84,3.44,10,10,0,5.34,1,1.9
1.690003,110,110,3.41,10,10,0,5.34,1,1.93
1.695008,117,117,3.53,10,10,0,5.12,1,1.59
1.700013,92,92,3.61,10,10,0,5.12,1,1.51
1.705018,89,89,3.6,8,8,0,5.16,1,1.56
1.710022,104,104,3.57,8,8,0,5.16,1,1.59
1.715027,108,108,3.68,10,10,0,4.66,1,0.98
1.720032,63,63,3.69,10,10,0,4.66,1,0.97
1.725037,65,65,3.66,8,8,0,5.24,1,1.58
1.730042,119,119,3.61,8,8,0,5.24,1,1.63
1.735047,125,125,3.67,8,8,0,4.74,1,1.07
1.739991,84,84,3.63,8,8,0,4.74,1,1.11
1.744996,93,93,3.51,8,8,0,4.77,1,1.26
1.75,114,114,3.37,8,8,0,4.77,1,1.4
1.755005,121,121,3.46,8,8,0,4.81,1,1.35
1.76001,104,104,3.45,8,8,0,4.81,1,1.36
1.765015,101,101,3.5,8,8,0,4.84,1,1.34
1.77002,107,107,3.38,8,8,0,4.84,1,1.46
1.775025,121,121,3.39,8,8,0,4.88,1,1.49
1.78003,126,126,3.39,8,8,0,4.88,1,1.49
1.785035,124,124,3.31,8,6,0,4.91,1,1.6
1.79004,135,135,3.2,8,6,0,4.91,1,1.71
1.795044,139,139,3.35,8,8,0,4.68,1,1.33
1.800049,98,98,3.36,8,8,0,4.68,1,1.32
1.804993,96,96,3.31,8,8,0,4.98,1,1.67
1.809998,131,131,3.2,8,8,0,4.98,1,1.78
1.815003,141,141,3.28,8,8,0,5.01,1,1.73
1.820008,130,130,3.34,8,8,0,5.01,1,1.67
1.825013,116,116,3.27,8,8,0,5.05,1,1.78
1.830018,126,126,3.22,8,8,0,5.05,1,1.83
1.835022,128,128,3.33,8,8,0,5.08,1,1.75
1.840027,117,117,3.36,8,8,0,5.08,1,1.72
1.845032,110,110,3.44,8,8,0,5.11,1,1.67
1.850037,112,112,3.42,8,8,0,5.11,1,1.69
1.855042,114,114,3.56,8,8,0,5.15,1,1.59
1.860047,103,103,3.61,8,8,0,5.15,1,1.54
1.864991,99,99,3.67,8,8,0,5.18,1,1.51
1.869996,104,104,3.55,8,8,0,5.18,1,1.63
1.875,116,116,3.65,8,10,0,5.22,1,1.57
1.880005,106,106,3.67,8,10,0,5.22,1,1.55
1.88501,99,99,3.7,8,8,0,5.52,1,1.82
1.890015,122,122,3.64,8,8,0,5.52,1,1.88
1.89502,126,126,3.71,8,8,0,5.29,1,1.58
1.900025,99,99,3.79,8,8,0,5.29,1,1.5
1.90503,90,90,3.76,8,6,0,5.32,1,1.56
1.910035,101,101,3.71,8,6,0,5.32,1,1.61
1.91504,104,104,3.91,10,8,0,5.09,1,1.18
1.920044,60,60,3.97,10,8,0,5.09,1,1.12
1.925049,52,52,4.03,8,8,0,5.66,1,1.63
1.929993,98,98,4.02,8,8,0,5.66,1,1.64
1.934998,104,104,4.06,8,8,0,5.43,1,1.37
1.940003,91,91,4.02,8,8,0,5.43,1,1.41
1.945008,99,99,4.02,6,8,0,5.46,1,1.44
1.950013,107,107,3.93,6,8,0,5.46,1,1.53
1.955018,112,112,4.06,8,8,0,5.23,1,1.17
1.960022,76,76,4.07,8,8,0,5.23,1,1.16
1.965027,75,75,4.16,6,6,0,5.53,1,1.37
1.970032,97,97,4.06,6,6,0,5.53,1,1.47
1.975037,110,110,4.1,8,8,0,5.02,1,0.92
1.980042,71,71,4.15,8,8,0,5.02,1,0.869999999999999
1.985047,64,64,4.11,6,6,0,5.59,1,1.48
1.989991,112,112,4.03,6,6,0,5.59,1,1.56
1.994996,114,114,4.2,8,6,0,5.08,1,0.88
2,55,55,4.25,8,6,0,5.08,1,0.83
2.005005,49,49,4.22,6,8,0,5.38,1,1.16
2.01001,81,81,4.11,6,8,0,5.38,1,1.27
2.015015,92,92,4.15,6,6,0,5.41,1,1.26
2.02002,86,86,4.22,6,6,0,5.41,1,1.19
2.025025,73,73,4.24,6,8,0,5.17,1,0.93
2.03003,56,56,4.15,6,8,0,5.17,1,1.02
2.035035,61,61,4.24,6,6,0,5.46,1,1.22
2.04004,70,70,4.32,6,6,0,5.46,1,1.14
2.045044,63,63,4.44,6,6,0,5.22,1,0.779999999999999
2.050049,41,41,4.39,6,6,0,5.22,1,0.83
2.054993,50,50,4.43,6,6,0,5.25,1,0.82
2.059998,49,49,4.46,6,6,0,5.25,1,0.79
2.065003,47,47,4.51,6,4,0,5.28,1,0.77
2.070008,50,50,4.44,6,4,0,5.28,1,0.84
2.075013,60,60,4.48,4,6,0,5.03,1,0.55
2.080018,39,39,4.48,4,6,0,5.03,1,0.55
2.085022,42,42,4.47,4,6,0,5.05,1,0.58
2.090027,51,51,4.37,4,6,0,5.05,1,0.68
2.095032,60,60,4.45,4,6,0,5.07,1,0.62
2.100037,50,50,4.47,4,6,0,5.07,1,0.600000000000001
2.105042,47,47,4.51,6,4,0,5.1,1,0.59
2.110047,52,52,4.42,6,4,0,5.1,1,0.68
2.114991,62,62,4.44,4,4,0,5.12,1,0.68
2.119996,58,58,4.47,4,4,0,5.12,1,0.65
2.125,54,54,4.49,4,4,0,4.87,1,0.38
2.130005,37,37,4.42,4,4,0,4.87,1,0.45
2.13501,43,43,4.48,4,4,0,4.89,1,0.409999999999999
2.140015,38,38,4.49,4,4,0,4.89,1,0.399999999999999
2.14502,37,37,4.5,4,4,0,4.9,1,0.4
2.150025,44,44,4.43,4,4,0,4.9,1,0.470000000000001
2.15503,56,56,4.4,4,4,0,4.92,1,0.52
2.160035,61,61,4.37,4,4,0,4.92,1,0.55
2.16504,64,64,4.35,4,4,0,4.94,1,0.590000000000001
2.170044,70,70,4.21,4,4,0,4.94,1,0.73
2.175049,81,81,4.24,4,2,0,4.95,1,0.71
2.179993,75,75,4.22,4,2,0,4.95,1,0.73
2.184998,76,76,4.12,4,2,0,4.7,1,0.58
2.190003,70,70,3.95,4,2,0,4.7,1,0.75
2.195008,80,80,4.03,4,4,0,4.71,1,0.68
2.200013,61,61,4.03,4,4,0,4.71,1,0.68
2.205018,54,54,4.08,2,2,0,5,1,0.92
2.210022,76,76,3.97,2,2,0,5,1,1.03
2.215027,86,86,4.01,4,4,0,4.47,1,0.46
2.220032,38,38,4.07,4,4,0,4.47,1,0.399999999999999
2.225037,28,28,4.08,4,4,0,5.02,1,0.94
2.230042,71,71,4,4,4,0,5.02,1,1.02
2.235047,76,76,4.08,4,4,0,5.04,1,0.96
2.239991,62,62,4.12,4,4,0,5.04,1,0.92
2.244996,54,54,4.16,4,4,0,5.06,1,0.899999999999999
2.25,56,56,4.05,4,4,0,5.06,1,1.01
2.255005,66,66,4.11,4,4,0,5.07,1,0.96
2.26001,60,60,4.12,4,4,0,5.07,1,0.95
2.265015,55,55,4.19,4,4,0,5.09,1,0.899999999999999
2.27002,53,53,4.12,4,4,0,5.09,1,0.97
2.275025,57,57,4.24,4,4,0,5.11,1,0.87
2.28003,44,44,4.29,4,4,0,5.11,1,0.82
2.285035,37,37,4.35,4,4,0,5.13,1,0.78
2.29004,39,39,4.3,4,4,0,5.13,1,0.83
2.295044,45,45,4.39,4,4,0,5.14,1,0.75
2.300049,35,35,4.44,4,4,0,5.14,1,0.699999999999999
2.304993,31,31,4.48,4,2,0,5.16,1,0.68
2.309998,33,33,4.43,4,2,0,5.16,1,0.73
2.315003,39,39,4.49,4,4,0,4.91,1,0.42
2.320008,13,13,4.56,4,4,0,4.91,1,0.350000000000001
2.325013,6,6,4.59,4,4,0,5.19,1,0.600000000000001
2.330018,30,30,4.55,4,4,0,5.19,1,0.640000000000001
2.335022,37,37,4.6,2,4,0,5.21,1,0.61
2.340027,33,33,4.63,2,4,0,5.21,1,0.58
2.345032,32,32,4.62,2,4,0,4.96,1,0.34
2.350037,17,17,4.58,2,4,0,4.96,1,0.38
2.355042,20,20,4.65,2,4,0,4.97,1,0.319999999999999
2.360047,12,12,4.66,2,4,0,4.97,1,0.31
2.364991,13,13,4.67,2,2,0,4.98,1,0.31
2.369996,19,19,4.63,2,2,0,4.98,1,0.350000000000001
2.375,28,28,4.63,2,2,0,4.72,1,0.0899999999999999
2.380005,10,10,4.62,2,2,0,4.72,1,0.0999999999999996
2.38501,11,11,4.62,2,2,0,4.73,1,0.11
2.390015,14,14,4.54,2,2,0,4.73,1,0.19
2.39502,23,23,4.56,4,2,0,4.74,1,0.180000000000001
2.400025,21,21,4.57,4,2,0,4.74,1,0.17
2.40503,20,20,4.53,2,2,0,5.02,1,0.489999999999999
2.410035,48,48,4.47,2,2,0,5.02,1,0.55
2.41504,55,55,4.46,2,2,0,4.76,1,0.3
2.420044,35,35,4.45,2,2,0,4.76,1,0.31
2.425049,35,35,4.39,2,2,0,4.77,1,0.38
2.429993,41,41,4.28,2,2,0,4.77,1,0.489999999999999
2.434998,45,45,4.38,2,2,0,4.78,1,0.4
2.440003,26,26,4.42,2,2,0,4.78,1,0.36
2.445008,19,19,4.44,2,2,0,4.79,1,0.35
2.450013,23,23,4.35,2,2,0,4.79,1,0.44
2.455018,31,31,4.38,2,2,0,4.8,1,0.42
2.460022,22,22,4.41,2,2,0,4.8,1,0.39
2.465027,13,13,4.49,2,2,0,4.81,1,0.319999999999999
2.470032,9,9,4.45,2,2,0,4.81,1,0.359999999999999
2.475037,18,18,4.47,2,2,0,4.81,1,0.34
2.480042,16,16,4.51,2,2,0,4.81,1,0.3
2.485047,12,12,4.54,0,2,0,4.82,1,0.28
2.489991,13,13,4.51,0,2,0,4.82,1,0.31
2.494996,20,20,4.51,2,2,0,4.56,1,0.0499999999999998
2.5,2,2,4.51,2,2,0,4.56,1,0.0499999999999998
2.505005,1,1,4.52,0,2,0,4.84,1,0.32
2.51001,21,21,4.5,0,2,0,4.84,1,0.34
2.515015,24,24,4.53,2,2,0,4.57,1,0.04
2.52002,3,3,4.52,2,2,0,4.57,1,0.0500000000000007
2.525025,7,7,4.49,2,2,0,4.85,1,0.359999999999999
2.53003,33,33,4.42,2,2,0,4.85,1,0.43
2.535035,38,38,4.45,2,2,0,4.86,1,0.41
2.54004,32,32,4.48,2,2,0,4.86,1,0.38
2.545044,28,28,4.44,2,2,0,4.87,1,0.43
2.550049,34,34,4.37,2,2,0,4.87,1,0.5
2.554993,39,39,4.43,2,2,0,4.87,1,0.44
2.559998,28,28,4.49,2,2,0,4.87,1,0.38
2.565003,20,20,4.48,0,0,0,4.88,1,0.399999999999999
2.570008,27,27,4.38,0,0,0,4.88,1,0.5
2.575013,35,35,4.44,2,2,0,4.35,1,-0.0900000000000007
2.580018,-15,-15,4.48,2,2,0,4.35,1,-0.130000000000001
2.585022,-23,-23,4.49,2,2,0,4.89,1,0.399999999999999
2.590027,19,19,4.43,2,2,0,4.89,1,0.46
2.595032,26,26,4.48,0,0,0,4.9,1,0.42
2.600037,19,19,4.52,0,0,0,4.9,1,0.380000000000001
2.605042,13,13,4.56,2,2,0,4.37,1,-0.19
2.610047,-27,-27,4.52,2,2,0,4.37,1,-0.149999999999999
2.614991,-20,-20,4.55,0,2,0,4.91,1,0.36
2.619996,14,14,4.63,0,2,0,4.91,1,0.28
2.625,5,5,4.66,0,2,0,4.65,1,-0.00999999999999979
2.630005,-10,-10,4.7,0,2,0,4.65,1,-0.0499999999999998
2.63501,-2,-2,4.6,0,0,0,4.65,1,0.0500000000000007
2.640015,17,17,4.52,0,0,0,4.65,1,0.130000000000001
2.64502,26,26,4.53,0,0,0,4.39,1,-0.140000000000001
2.650025,3,3,4.5,0,0,0,4.39,1,-0.11
2.65503,4,4,4.46,0,0,0,4.39,1,-0.0700000000000003
2.660035,10,10,4.42,0,0,0,4.39,1,-0.0300000000000002
2.66504,13,13,4.39,0,0,0,4.39,1,0
2.670044,14,14,4.36,0,0,0,4.39,1,0.0299999999999994
2.675049,15,15,4.34,0,0,0,4.39,1,0.0499999999999998
2.679993,15,15,4.28,0,0,0,4.39,1,0.109999999999999
2.684998,19,19,4.26,0,0,0,4.39,1,0.13
2.690003,19,19,4.24,0,0,0,4.39,1,0.149999999999999
2.695008,18,18,4.26,0,0,0,4.39,1,0.13
2.700013,14,14,4.24,0,0,0,4.39,1,0.149999999999999
2.705018,16,16,4.2,0,0,0,4.39,1,0.19
2.710022,21,21,4.15,0,0,0,4.39,1,0.239999999999999
2.715027,22,22,4.2,0,0,0,4.39,1,0.19
2.720032,14,14,4.21,0,0,0,4.39,1,0.18
2.725037,14,14,4.17,0,0,0,4.39,1,0.22
2.730042,21,21,4.1,0,0,0,4.39,1,0.29
2.735047,24,24,4.16,0,0,0,4.39,1,0.23
2.739991,13,13,4.21,0,0,0,4.39,1,0.18
2.744996,8,8,4.18,0,0,0,4.39,1,0.21
2.75,15,15,4.1,0,0,0,4.39,1,0.29
2.755005,21,21,4.15,0,2,0,4.39,1,0.239999999999999
2.76001,11,11,4.21,0,2,0,4.39,1,0.18
2.765015,3,3,4.21,2,0,0,4.66,1,0.45
2.77002,28,28,4.14,2,0,0,4.66,1,0.52
2.775025,35,35,4.19,0,0,0,4.66,1,0.47
2.78003,26,26,4.2,0,0,0,4.66,1,0.46
2.785035,22,22,4.2,2,0,0,4.39,1,0.19
2.79004,4,4,4.12,2,0,0,4.39,1,0.27
2.795044,8,8,4.22,2,0,0,4.66,1,0.44
2.800049,12,12,4.31,2,0,0,4.66,1,0.350000000000001
2.804993,1,1,4.31,0,0,0,4.67,1,0.36
2.809998,7,7,4.3,0,0,0,4.67,1,0.37
2.815003,14,14,4.32,0,0,0,4.4,1,0.0800000000000001
2.820008,-9,-9,4.37,0,0,0,4.4,1,0.0300000000000002
2.825013,-15,-15,4.41,0,0,0,4.4,1,-0.00999999999999979
2.830018,-16,-16,4.38,0,0,0,4.4,1,0.0200000000000005
2.835022,-9,-9,4.41,0,0,0,4.4,1,-0.00999999999999979
2.840027,-11,-11,4.46,0,0,0,4.4,1,-0.0599999999999996
2.845032,-17,-17,4.46,0,0,0,4.4,1,-0.0599999999999996
2.850037,-13,-13,4.46,0,0,0,4.4,1,-0.0599999999999996
2.855042,-8,-8,4.43,-2,0,0,4.4,1,-0.0299999999999994
2.860047,-6,-6,4.43,-2,0,0,4.4,1,-0.0299999999999994
2.864991,-9,-9,4.45,0,0,0,4.13,1,-0.32
2.869996,-32,-32,4.46,0,0,0,4.13,1,-0.33
2.875,-35,-35,4.46,0,0,0,4.4,1,-0.0599999999999996
2.880005,-15,-15,4.52,0,0,0,4.4,1,-0.119999999999999
2.88501,-21,-21,4.47,0,0,0,4.4,1,-0.0699999999999994
2.890015,-15,-15,4.52,0,0,0,4.4,1,-0.119999999999999
2.89502,-19,-19,4.52,0,0,0,4.4,1,-0.119999999999999
2.900025,-21,-21,4.56,0,0,0,4.4,1,-0.159999999999999
2.90503,-24,-24,4.54,0,0,0,4.4,1,-0.14
2.910035,-22,-22,4.55,0,0,0,4.4,1,-0.149999999999999
2.91504,-23,-23,4.57,0,0,0,4.4,1,-0.17
2.920044,-26,-26,4.62,0,0,0,4.4,1,-0.22
2.925049,-32,-32,4.58,-2,-2,0,4.4,1,-0.18
2.929993,-26,-26,4.6,-2,-2,0,4.4,1,-0.199999999999999
2.934998,-26,-26,4.61,0,0,0,3.86,1,-0.75
2.940003,-71,-71,4.67,0,0,0,3.86,1,-0.81
2.945008,-77,-77,4.67,0,0,0,4.39,1,-0.28
2.950013,-35,-35,4.68,0,0,0,4.39,1,-0.29
2.955018,-31,-31,4.66,0,0,0,4.39,1,-0.27
2.960022,-28,-28,4.69,0,0,0,4.39,1,-0.300000000000001
2.965027,-34,-34,4.68,-2,-2,0,4.39,1,-0.29
2.970032,-34,-34,4.7,-2,-2,0,4.39,1,-0.31
2.975037,-34,-34,4.71,-2,0,0,3.85,1,-0.86
2.980042,-77,-77,4.74,-2,0,0,3.85,1,-0.89
2.985047,-81,-81,4.72,0,0,0,4.11,1,-0.609999999999999
2.989991,-59,-59,4.77,0,0,0,4.11,1,-0.659999999999999
2.994996,-61,-61,4.75,0,0,0,4.38,1,-0.37
3,-39,-39,4.81,0,0,0,4.38,1,-0.43
3.005005,-42,-42,4.81,0,-2,0,4.38,1,-0.43
3.01001,-40,-40,4.87,0,-2,0,4.38,1,-0.49
3.015015,-36,-36,4.77,-2,0,0,4.11,1,-0.659999999999999
3.02002,-40,-40,4.75,-2,0,0,4.11,1,-0.64
3.025025,-36,-36,4.74,0,-2,0,4.1,1,-0.640000000000001
3.03003,-36,-36,4.76,0,-2,0,4.1,1,-0.66
3.035035,-36,-36,4.68,-2,-4,0,4.1,1,-0.58
3.04004,-24,-24,4.61,-2,-4,0,4.1,1,-0.510000000000001
3.045044,-17,-17,4.58,0,-2,0,3.55,1,-1.03
3.050049,-59,-59,4.61,0,-2,0,3.55,1,-1.06
3.055054,-62,-62,4.55,-2,0,0,4.08,1,-0.47
3.060059,-14,-14,4.48,-2,0,0,4.08,1,-0.4
3.065064,-8,-8,4.49,-2,-2,0,4.08,1,-0.41
3.070069,-11,-11,4.54,-2,-2,0,4.08,1,-0.46
3.075074,-10,-10,4.38,-2,-2,0,3.8,1,-0.58
3.080079,-8,-8,4.29,-2,-2,0,3.8,1,-0.49
3.084961,2,2,4.22,-2,-2,0,3.79,1,-0.43
3.089966,1,1,4.17,-2,-2,0,3.79,1,-0.38
3.094971,-5,-5,4.19,-2,-2,0,3.79,1,-0.4
3.099976,-13,-13,4.17,-2,-2,0,3.79,1,-0.38
3.104981,-12,-12,4.09,0,-2,0,3.78,1,-0.31
3.109986,-7,-7,4.07,0,-2,0,3.78,1,-0.29
3.114991,-10,-10,4.08,0,-2,0,4.04,1,-0.04
3.119996,3,3,4.1,0,-2,0,4.04,1,-0.0599999999999996
3.125,-1,-1,4.08,0,0,0,4.03,1,-0.0499999999999998
3.130005,0,0,4.07,0,0,0,4.03,1,-0.04
3.13501,1,1,4.04,0,-2,0,4.3,1,0.26
3.140015,21,21,4.05,0,-2,0,4.3,1,0.25
3.14502,17,17,4.09,0,0,0,4.03,1,-0.0599999999999996
3.150025,-10,-10,4.09,0,0,0,4.03,1,-0.0599999999999996
3.15503,-13,-13,4.11,0,0,0,4.3,1,0.19
3.160035,6,6,4.14,0,0,0,4.3,1,0.16
3.16504,4,4,4.14,0,0,0,4.3,1,0.16
3.170044,6,6,4.17,0,0,0,4.3,1,0.13
3.175049,6,6,4.14,0,0,0,4.3,1,0.16
3.180054,9,9,4.14,0,0,0,4.3,1,0.16
3.185059,8,8,4.19,0,0,0,4.3,1,0.109999999999999
3.190064,1,1,4.21,0,0,0,4.3,1,0.0899999999999999
3.195069,-2,-2,4.23,0,0,0,4.3,1,0.0699999999999994
3.200074,-2,-2,4.24,0,0,0,4.3,1,0.0599999999999996
3.205079,0,0,4.23,0,0,0,4.3,1,0.0699999999999994
3.209961,2,2,4.24,0,0,0,4.3,1,0.0599999999999996
3.214966,2,2,4.26,0,0,0,4.3,1,0.04
3.219971,0,0,4.25,0,0,0,4.3,1,0.0499999999999998
3.224976,1,1,4.26,0,0,0,4.3,1,0.04
3.229981,1,1,4.26,0,0,0,4.3,1,0.04
3.234986,1,1,4.27,0,0,0,4.3,1,0.0300000000000002
3.239991,1,1,4.28,0,0,0,4.3,1,0.0199999999999996
3.244996,1,1,4.28,0,0,0,4.3,1,0.0199999999999996
3.25,0,0,4.27,0,0,0,4.3,1,0.0300000000000002
3.255005,2,2,4.28,0,0,0,4.3,1,0.0199999999999996
3.26001,1,1,4.28,0,0,0,4.3,1,0.0199999999999996
3.265015,1,1,4.28,0,0,0,4.3,1,0.0199999999999996
3.27002,2,2,4.28,0,0,0,4.3,1,0.0199999999999996
3.275025,2,2,4.28,0,0,0,4.3,1,0.0199999999999996
3.28003,3,3,4.28,0,0,0,4.3,1,0.0199999999999996
3.285035,3,3,4.28,0,0,0,4.3,1,0.0199999999999996
3.29004,2,2,4.28,0,0,0,4.3,1,0.0199999999999996
3.295044,3,3,4.28,0,0,0,4.3,1,0.0199999999999996
3.300049,4,4,4.27,0,0,0,4.3,1,0.0300000000000002
3.305054,4,4,4.28,0,0,0,4.3,1,0.0199999999999996
3.310059,4,4,4.27,0,0,0,4.3,1,0.0300000000000002
3.315064,5,5,4.27,0,0,0,4.3,1,0.0300000000000002
3.320069,5,5,4.26,0,0,0,4.3,1,0.04
3.325074,7,7,4.26,0,0,0,4.3,1,0.04
3.330079,6,6,4.25,0,0,0,4.3,1,0.0499999999999998
3.334961,7,7,4.25,0,0,0,4.3,1,0.0499999999999998
3.339966,7,7,4.24,0,0,0,4.3,1,0.0599999999999996
3.344971,9,9,4.25,0,0,0,4.3,1,0.0499999999999998
3.349976,8,8,4.23,0,0,0,4.3,1,0.0699999999999994
3.354981,9,9,4.23,0,0,0,4.3,1,0.0699999999999994
3.359986,10,10,4.22,0,0,0,4.3,1,0.0800000000000001
3.364991,11,11,4.22,0,0,0,4.3,1,0.0800000000000001
3.369996,10,10,4.21,0,0,0,4.3,1,0.0899999999999999
3.375,11,11,4.2,0,0,0,4.3,1,0.0999999999999996
3.380005,13,13,4.19,0,0,0,4.3,1,0.109999999999999
3.38501,15,15,4.2,0,0,0,4.3,1,0.0999999999999996
3.390015,13,13,4.19,0,0,0,4.3,1,0.109999999999999
3.39502,13,13,4.18,0,0,0,4.3,1,0.12
3.400025,15,15,4.14,0,0,0,4.3,1,0.16
3.40503,19,19,4.16,0,0,0,4.3,1,0.14
3.410035,16,16,4.15,0,0,0,4.3,1,0.149999999999999
3.41504,17,17,4.14,0,0,0,4.3,1,0.16
3.420044,19,19,4.1,0,0,0,4.3,1,0.2
3.425049,23,23,4.12,0,0,0,4.3,1,0.18
3.430054,20,20,4.11,0,0,0,4.3,1,0.19
3.435059,21,21,4.1,0,2,0,4.3,1,0.2
3.440064,23,23,4.05,0,2,0,4.3,1,0.25
3.445069,28,28,4.08,0,0,0,4.57,1,0.49
3.450074,44,44,4.06,0,0,0,4.57,1,0.510000000000001
3.455079,45,45,4.06,0,2,0,4.3,1,0.24
3.459961,27,27,4.02,0,2,0,4.3,1,0.28
3.464966,31,31,4.07,2,0,0,4.57,1,0.5
3.469971,45,45,4.04,2,0,0,4.57,1,0.53
3.474976,46,46,4.06,2,2,0,4.57,1,0.510000000000001
3.479981,47,47,4.02,2,2,0,4.57,1,0.550000000000001
3.484986,51,51,4.02,0,0,0,4.85,1,0.83
3.489991,69,69,3.99,0,0,0,4.85,1,0.859999999999999
3.494996,66,66,4.02,2,2,0,4.32,1,0.300000000000001
3.5,23,23,3.92,2,2,0,4.32,1,0.4
3.505005,31,31,3.97,0,2,0,4.86,1,0.89
3.51001,64,64,3.9,0,2,0,4.86,1,0.96
3.515015,58,58,4,2,2,0,4.6,1,0.6
3.52002,20,20,4.06,2,2,0,4.6,1,0.54
3.525025,6,6,4.12,2,2,0,4.87,1,0.75
3.53003,20,20,4.15,2,2,0,4.87,1,0.72
3.535035,13,13,4.29,2,4,0,4.88,1,0.59
3.54004,-2,-2,4.39,2,4,0,4.88,1,0.49
3.545044,-12,-12,4.49,2,2,0,5.16,1,0.67
3.550049,7,7,4.55,2,2,0,5.16,1,0.61
3.555054,9,9,4.58,0,2,0,4.9,1,0.32
3.560059,-8,-8,4.63,0,2,0,4.9,1,0.27
3.565064,-9,-9,4.69,2,2,0,4.64,1,-0.0500000000000007
3.570069,-30,-30,4.72,2,2,0,4.64,1,-0.0800000000000001
3.575074,-30,-30,4.76,2,0,0,4.91,1,0.15
3.580079,-10,-10,4.81,2,0,0,4.91,1,0.100000000000001
3.584961,-11,-11,4.83,2,0,0,4.65,1,-0.18
3.589966,-24,-24,4.87,2,0,0,4.65,1,-0.22
3.594971,-16,-16,4.77,0,0,0,4.66,1,-0.109999999999999
3.599976,-2,-2,4.73,0,0,0,4.66,1,-0.0700000000000003
3.604981,4,4,4.71,0,0,0,4.39,1,-0.32
3.609986,-17,-17,4.71,0,0,0,4.39,1,-0.32
3.614991,-21,-21,4.71,0,-2,0,4.39,1,-0.32
3.619996,-22,-22,4.74,0,-2,0,4.39,1,-0.350000000000001
3.625,-24,-24,4.66,0,0,0,4.12,1,-0.54
3.630005,-36,-36,4.65,0,0,0,4.12,1,-0.53
3.63501,-35,-35,4.66,-2,0,0,4.39,1,-0.27
3.640015,-19,-19,4.69,-2,0,0,4.39,1,-0.300000000000001
3.64502,-23,-23,4.62,0,0,0,4.12,1,-0.5
3.650025,-35,-35,4.62,0,0,0,4.12,1,-0.5
3.65503,-34,-34,4.6,-2,-2,0,4.38,1,-0.22
3.660035,-16,-16,4.63,-2,-2,0,4.38,1,-0.25
3.66504,-21,-21,4.59,0,0,0,3.84,1,-0.75
3.670044,-56,-56,4.58,0,0,0,3.84,1,-0.74
3.675049,-53,-53,4.56,0,0,0,4.37,1,-0.19
3.680054,-14,-14,4.58,0,0,0,4.37,1,-0.21
3.685059,-17,-17,4.55,0,0,0,4.37,1,-0.18
3.690064,-12,-12,4.59,0,0,0,4.37,1,-0.22
3.695069,-9,-9,4.53,-2,0,0,4.37,1,-0.16
3.700074,-1,-1,4.53,-2,0,0,4.37,1,-0.16
3.705079,-1,-1,4.55,-2,-2,0,4.1,1,-0.45
3.709961,-23,-23,4.5,-2,-2,0,4.1,1,-0.4
3.714966,-16,-16,4.43,-2,-2,0,3.83,1,-0.6
3.719971,-27,-27,4.42,-2,-2,0,3.83,1,-0.59
3.724976,-28,-28,4.35,-2,-2,0,3.82,1,-0.53
3.729981,-27,-27,4.37,-2,-2,0,3.82,1,-0.55
3.734986,-33,-33,4.36,0,0,0,3.81,1,-0.55
3.739991,-35,-35,4.35,0,0,0,3.81,1,-0.54
3.744996,-33,-33,4.33,-2,0,0,4.34,1,0.00999999999999979
3.75,9,9,4.36,-2,0,0,4.34,1,-0.0200000000000005
3.755005,6,6,4.29,-2,0,0,4.07,1,-0.22
3.76001,-6,-6,4.23,-2,0,0,4.07,1,-0.16
3.765015,-1,-1,4.22,0,0,0,4.07,1,-0.149999999999999
3.77002,-8,-8,4.22,0,0,0,4.07,1,-0.149999999999999
3.775025,-15,-15,4.26,0,0,0,4.33,1,0.0700000000000003
3.78003,-2,-2,4.3,0,0,0,4.33,1,0.0300000000000002
3.785035,-5,-5,4.27,0,-2,0,4.33,1,0.0600000000000005
3.79004,0,0,4.29,0,-2,0,4.33,1,0.04
3.795044,0,0,4.27,0,0,0,4.06,1,-0.21
3.800049,-19,-19,4.28,0,0,0,4.06,1,-0.220000000000001
3.805054,-22,-22,4.32,0,0,0,4.33,1,0.00999999999999979
3.810059,-7,-7,4.34,0,0,0,4.33,1,-0.00999999999999979
3.815064,-8,-8,4.33,0,0,0,4.33,1,0
3.820069,-6,-6,4.36,0,0,0,4.33,1,-0.0300000000000002
3.825074,-8,-8,4.36,0,0,0,4.33,1,-0.0300000000000002
3.830079,-8,-8,4.37,0,0,0,4.33,1,-0.04
3.834961,-9,-9,4.38,0,0,0,4.33,1,-0.0499999999999998
3.839966,-9,-9,4.4,0,0,0,4.33,1,-0.0700000000000003
3.844971,-11,-11,4.41,0,0,0,4.33,1,-0.0800000000000001
3.849976,-12,-12,4.43,0,0,0,4.33,1,-0.0999999999999996
3.854981,-13,-13,4.42,0,0,0,4.33,1,-0.0899999999999999
3.859986,-11,-11,4.44,0,0,0,4.33,1,-0.11
3.864991,-14,-14,4.46,0,0,0,4.33,1,-0.13
3.869996,-15,-15,4.47,0,0,0,4.33,1,-0.14
3.875,-14,-14,4.44,0,0,0,4.33,1,-0.11
3.880005,-9,-9,4.45,0,0,0,4.33,1,-0.12
3.88501,-12,-12,4.48,0,0,0,4.33,1,-0.15
3.890015,-17,-17,4.5,0,0,0,4.33,1,-0.17
3.89502,-17,-17,4.46,0,0,0,4.33,1,-0.13
3.900025,-10,-10,4.45,0,0,0,4.33,1,-0.12
3.90503,-10,-10,4.49,0,0,0,4.33,1,-0.16
3.910035,-16,-16,4.53,0,0,0,4.33,1,-0.2
3.91504,-18,-18,4.47,0,0,0,4.33,1,-0.14
3.920044,-9,-9,4.48,0,0,0,4.33,1,-0.15
3.925049,-10,-10,4.51,0,0,0,4.33,1,-0.18
3.930054,-17,-17,4.55,0,0,0,4.33,1,-0.22
3.935059,-20,-20,4.49,0,0,0,4.33,1,-0.16
3.940064,-10,-10,4.49,0,0,0,4.33,1,-0.16
3.945069,-9,-9,4.52,0,0,0,4.33,1,-0.19
3.950074,-16,-16,4.57,0,0,0,4.33,1,-0.24
3.955079,-20,-20,4.51,0,0,0,4.33,1,-0.18
3.959961,-10,-10,4.49,0,0,0,4.33,1,-0.16
3.964966,-8,-8,4.51,0,-2,0,4.33,1,-0.18
3.969971,-13,-13,4.57,0,-2,0,4.33,1,-0.24
3.974976,-19,-19,4.52,0,0,0,4.06,1,-0.46
3.979981,-31,-31,4.49,0,0,0,4.06,1,-0.430000000000001
3.984986,-27,-27,4.49,0,0,0,4.33,1,-0.16
3.989991,-11,-11,4.54,0,0,0,4.33,1,-0.21
3.994996,-17,-17,4.5,0,0,0,4.33,1,-0.17
4,-9,-9,4.46,0,0,0,4.33,1,-0.13
4.005005,-4,-4,4.45,0,0,0,4.33,1,-0.12
4.01001,-6,-6,4.5,0,0,0,4.33,1,-0.17
4.015015,-13,-13,4.47,0,0,0,4.33,1,-0.14
4.02002,-7,-7,4.44,0,0,0,4.33,1,-0.11
4.025025,-3,-3,4.45,0,0,0,4.33,1,-0.12
4.03003,-7,-7,4.48,0,0,0,4.33,1,-0.15
4.035035,-12,-12,4.46,0,0,0,4.33,1,-0.13
4.04004,-9,-9,4.45,0,0,0,4.33,1,-0.12
4.045044,-6,-6,4.45,0,0,0,4.33,1,-0.12
4.050049,-7,-7,4.47,0,0,0,4.33,1,-0.14
4.055054,-10,-10,4.45,0,0,0,4.33,1,-0.12
4.060059,-6,-6,4.44,0,0,0,4.33,1,-0.11
4.065064,-5,-5,4.45,0,0,0,4.33,1,-0.12
4.070069,-8,-8,4.46,0,0,0,4.33,1,-0.13
4.075074,-9,-9,4.43,0,0,0,4.33,1,-0.0999999999999996
4.080079,-4,-4,4.43,0,0,0,4.33,1,-0.0999999999999996
4.084961,-4,-4,4.43,0,0,0,4.33,1,-0.0999999999999996
4.089966,-6,-6,4.44,0,0,0,4.33,1,-0.11
4.094971,-6,-6,4.41,0,0,0,4.33,1,-0.0800000000000001
4.099976,-2,-2,4.4,0,0,0,4.33,1,-0.0700000000000003
4.104981,-2,-2,4.41,0,0,0,4.33,1,-0.0800000000000001
4.109986,-4,-4,4.42,0,0,0,4.33,1,-0.0899999999999999
4.114991,-5,-5,4.4,0,0,0,4.33,1,-0.0700000000000003
4.119996,-2,-2,4.39,0,0,0,4.33,1,-0.0599999999999996
4.125,-1,-1,4.39,0,0,0,4.33,1,-0.0599999999999996
4.130005,-2,-2,4.39,0,0,0,4.33,1,-0.0599999999999996
4.13501,-2,-2,4.38,0,0,0,4.33,1,-0.0499999999999998
4.140015,0,0,4.37,0,0,0,4.33,1,-0.04
4.14502,1,1,4.36,0,0,0,4.33,1,-0.0300000000000002
4.150025,1,1,4.36,0,0,0,4.33,1,-0.0300000000000002
4.15503,1,1,4.35,0,0,0,4.33,1,-0.0199999999999996
4.160035,2,2,4.34,0,0,0,4.33,1,-0.00999999999999979
4.16504,4,4,4.33,0,0,0,4.33,1,0
4.170044,4,4,4.33,0,0,0,4.33,1,0
4.175049,3,3,4.32,0,0,0,4.33,1,0.00999999999999979
4.180054,4,4,4.31,0,0,0,4.33,1,0.0200000000000005
4.185059,6,6,4.31,0,0,0,4.33,1,0.0200000000000005
4.190064,6,6,4.3,0,0,0,4.33,1,0.0300000000000002
4.195069,6,6,4.3,0,0,0,4.33,1,0.0300000000000002
4.200074,7,7,4.28,0,0,0,4.33,1,0.0499999999999998
4.205079,9,9,4.28,0,0,0,4.33,1,0.0499999999999998
4.209961,8,8,4.27,0,0,0,4.33,1,0.0600000000000005
4.214966,8,8,4.28,0,0,0,4.33,1,0.0499999999999998
4.219971,7,7,4.27,0,0,0,4.33,1,0.0600000000000005
4.224976,9,9,4.26,0,0,0,4.33,1,0.0700000000000003
4.229981,11,11,4.25,0,0,0,4.33,1,0.0800000000000001
4.234986,10,10,4.25,0,0,0,4.33,1,0.0800000000000001
4.239991,9,9,4.23,0,0,0,4.33,1,0.0999999999999996
4.244996,11,11,4.23,0,0,0,4.33,1,0.0999999999999996
4.25,12,12,4.22,0,0,0,4.33,1,0.11
4.255005,13,13,4.22,0,0,0,4.33,1,0.11
4.26001,13,13,4.18,0,0,0,4.33,1,0.15
4.265015,16,16,4.2,0,0,0,4.33,1,0.13
4.27002,13,13,4.19,0,0,0,4.33,1,0.14
4.275025,15,15,4.18,0,2,0,4.33,1,0.15
4.28003,16,16,4.15,0,2,0,4.33,1,0.18
4.285035,19,19,4.17,0,0,0,4.6,1,0.43
4.29004,37,37,4.16,0,0,0,4.6,1,0.44
4.295044,37,37,4.16,0,0,0,4.33,1,0.17
4.300049,18,18,4.13,0,0,0,4.33,1,0.2
4.305054,21,21,4.17,0,2,0,4.33,1,0.16
4.310059,15,15,4.15,0,2,0,4.33,1,0.18
4.315064,15,15,4.17,2,0,0,4.6,1,0.43
4.320069,36,36,4.15,2,0,0,4.6,1,0.449999999999999
4.325074,39,39,4.15,0,0,0,4.6,1,0.449999999999999
4.330079,38,38,4.16,0,0,0,4.6,1,0.44
4.334961,36,36,4.17,0,2,0,4.34,1,0.17
4.339966,17,17,4.08,0,2,0,4.34,1,0.26
4.344971,25,25,4.13,2,0,0,4.61,1,0.48
4.349976,38,38,4.12,2,0,0,4.61,1,0.49
4.354981,37,37,4.14,0,2,0,4.61,1,0.470000000000001
4.359986,37,37,4.09,0,2,0,4.61,1,0.52
4.364991,39,39,4.11,2,2,0,4.62,1,0.51
4.369996,34,34,4.11,2,2,0,4.62,1,0.51
4.375,26,26,4.18,0,2,0,4.89,1,0.71
4.380005,37,37,4.2,0,2,0,4.89,1,0.69
4.38501,35,35,4.23,0,2,0,4.63,1,0.399999999999999
4.390015,15,15,4.24,0,2,0,4.63,1,0.39
4.39502,15,15,4.28,0,2,0,4.63,1,0.35
4.400025,12,12,4.3,0,2,0,4.63,1,0.33
4.40503,12,12,4.33,0,2,0,4.64,1,0.31
4.410035,11,11,4.34,0,2,0,4.64,1,0.3
4.41504,12,12,4.37,2,0,0,4.64,1,0.27
4.420044,11,11,4.38,2,0,0,4.64,1,0.26
4.425049,12,12,4.39,0,0,0,4.65,1,0.260000000000001
4.430054,14,14,4.39,0,0,0,4.65,1,0.260000000000001
4.435059,15,15,4.4,0,0,0,4.38,1,-0.0200000000000005
4.440064,-5,-5,4.38,0,0,0,4.38,1,0
4.445069,-3,-3,4.39,0,2,0,4.38,1,-0.00999999999999979
4.450074,-2,-2,4.37,0,2,0,4.38,1,0.00999999999999979
4.455079,-1,-1,4.4,0,0,0,4.65,1,0.25
4.459961,16,16,4.42,0,0,0,4.65,1,0.23
4.464966,14,14,4.4,0,0,0,4.39,1,-0.0100000000000007
4.469971,-2,-2,4.39,0,0,0,4.39,1,0
4.474976,0,0,4.38,0,0,0,4.39,1,0.00999999999999979
4.479981,1,1,4.37,0,0,0,4.39,1,0.0199999999999996
4.484986,1,1,4.38,0,0,0,4.39,1,0.00999999999999979
4.489991,0,0,4.38,0,0,0,4.39,1,0.00999999999999979
4.494996,0,0,4.37,0,0,0,4.39,1,0.0199999999999996
4.5,1,1,4.37,0,0,0,4.39,1,0.0199999999999996
4.505005,0,0,4.37,0,0,0,4.39,1,0.0199999999999996
4.51001,-1,-1,4.37,0,0,0,4.39,1,0.0199999999999996
4.515015,-1,-1,4.37,0,0,0,4.39,1,0.0199999999999996
4.52002,-2,-2,4.37,0,0,0,4.39,1,0.0199999999999996
4.525025,-1,-1,4.37,0,0,0,4.39,1,0.0199999999999996
4.53003,-2,-2,4.38,0,0,0,4.39,1,0.00999999999999979
4.535035,-3,-3,4.38,0,0,0,4.39,1,0.00999999999999979
4.54004,-4,-4,4.39,0,0,0,4.39,1,0
4.545044,-4,-4,4.39,0,0,0,4.39,1,0
4.550049,-4,-4,4.39,0,0,0,4.39,1,0
4.555054,-4,-4,4.4,0,0,0,4.39,1,-0.0100000000000007
4.560059,-5,-5,4.41,0,0,0,4.39,1,-0.0200000000000005
4.565064,-7,-7,4.41,0,0,0,4.39,1,-0.0200000000000005
4.570069,-6,-6,4.41,0,0,0,4.39,1,-0.0200000000000005
4.575074,-7,-7,4.42,0,0,0,4.39,1,-0.0300000000000002
4.580079,-8,-8,4.44,0,0,0,4.39,1,-0.0500000000000007
4.584961,-10,-10,4.43,0,0,0,4.39,1,-0.04
4.589966,-9,-9,4.44,0,0,0,4.39,1,-0.0500000000000007
4.594971,-10,-10,4.45,0,0,0,4.39,1,-0.0600000000000005
4.599976,-11,-11,4.47,0,0,0,4.39,1,-0.0800000000000001
4.604981,-13,-13,4.46,0,0,0,4.39,1,-0.0700000000000003
4.609986,-11,-11,4.47,0,0,0,4.39,1,-0.0800000000000001
4.614991,-13,-13,4.48,0,0,0,4.39,1,-0.0900000000000007
4.619996,-14,-14,4.5,0,0,0,4.39,1,-0.11
4.625,-15,-15,4.48,0,0,0,4.39,1,-0.0900000000000007
4.630005,-12,-12,4.49,0,0,0,4.39,1,-0.100000000000001
4.63501,-13,-13,4.5,0,0,0,4.39,1,-0.11
4.640015,-16,-16,4.53,0,0,0,4.39,1,-0.140000000000001
4.64502,-19,-19,4.51,0,0,0,4.39,1,-0.12
4.650025,-16,-16,4.52,0,0,0,4.39,1,-0.13
4.65503,-16,-16,4.53,0,0,0,4.39,1,-0.140000000000001
4.660035,-19,-19,4.58,0,0,0,4.39,1,-0.19
4.66504,-22,-22,4.55,0,0,0,4.39,1,-0.16
4.670044,-19,-19,4.57,0,0,0,4.39,1,-0.180000000000001
4.675049,-20,-20,4.57,0,0,0,4.39,1,-0.180000000000001
4.680054,-22,-22,4.62,0,0,0,4.39,1,-0.23
4.685059,-27,-27,4.6,0,0,0,4.39,1,-0.21
4.690064,-23,-23,4.61,0,0,0,4.39,1,-0.220000000000001
4.695069,-23,-23,4.62,0,-2,0,4.39,1,-0.23
4.700074,-25,-25,4.66,0,-2,0,4.39,1,-0.27
4.705079,-29,-29,4.64,0,0,0,4.12,1,-0.52
4.709961,-46,-46,4.66,0,0,0,4.12,1,-0.54
4.714966,-46,-46,4.65,0,0,0,4.38,1,-0.27
4.719971,-28,-28,4.69,0,0,0,4.38,1,-0.31
4.724976,-31,-31,4.63,-2,-2,0,4.38,1,-0.25
4.729981,-23,-23,4.67,-2,-2,0,4.38,1,-0.29
4.734986,-24,-24,4.62,-2,0,0,3.84,1,-0.78
4.739991,-64,-64,4.66,-2,0,0,3.84,1,-0.82
4.744996,-68,-68,4.66,-2,0,0,4.1,1,-0.56
4.75,-47,-47,4.66,-2,0,0,4.1,1,-0.56
4.755005,-43,-43,4.65,-2,0,0,4.1,1,-0.550000000000001
4.76001,-41,-41,4.68,-2,0,0,4.1,1,-0.58
4.765015,-39,-39,4.61,-2,-2,0,4.09,1,-0.52
4.77002,-32,-32,4.64,-2,-2,0,4.09,1,-0.55
4.775025,-32,-32,4.61,0,-2,0,3.82,1,-0.79
4.78003,-50,-50,4.65,0,-2,0,3.82,1,-0.830000000000001
4.785035,-53,-53,4.63,-2,0,0,4.08,1,-0.55
4.79004,-26,-26,4.56,-2,0,0,4.08,1,-0.48
4.795044,-10,-10,4.44,0,0,0,4.08,1,-0.36
4.800049,2,2,4.38,0,0,0,4.08,1,-0.3
4.805054,2,2,4.38,0,0,0,4.34,1,-0.04
4.810059,13,13,4.41,0,0,0,4.34,1,-0.0700000000000003
4.815064,6,6,4.37,0,0,0,4.34,1,-0.0300000000000002
4.820069,12,12,4.3,0,0,0,4.34,1,0.04
4.825074,19,19,4.26,0,-2,0,4.34,1,0.0800000000000001
4.830079,15,15,4.27,0,-2,0,4.34,1,0.0700000000000003
4.834961,6,6,4.32,0,0,0,4.07,1,-0.25
4.839966,-23,-23,4.33,0,0,0,4.07,1,-0.26
4.844971,-23,-23,4.32,0,0,0,4.34,1,0.0199999999999996
4.849976,-1,-1,4.32,0,0,0,4.34,1,0.0199999999999996
4.854981,-3,-3,4.35,0,0,0,4.34,1,-0.00999999999999979
4.859986,-6,-6,4.38,0,0,0,4.34,1,-0.04
4.864991,-8,-8,4.38,0,0,0,4.34,1,-0.04
4.869996,-5,-5,4.38,0,0,0,4.34,1,-0.04
4.875,-3,-3,4.37,0,0,0,4.34,1,-0.0300000000000002
4.880005,-3,-3,4.38,0,0,0,4.34,1,-0.04
4.88501,-5,-5,4.39,0,0,0,4.34,1,-0.0499999999999998
4.890015,-6,-6,4.41,0,0,0,4.34,1,-0.0700000000000003
4.89502,-5,-5,4.4,0,0,0,4.34,1,-0.0600000000000005
4.900025,-4,-4,4.4,0,0,0,4.34,1,-0.0600000000000005
4.90503,-3,-3,4.4,0,0,0,4.34,1,-0.0600000000000005
4.910035,-3,-3,4.4,0,0,0,4.34,1,-0.0600000000000005
4.91504,-2,-2,4.39,0,0,0,4.34,1,-0.0499999999999998
4.920044,-2,-2,4.39,0,0,0,4.34,1,-0.0499999999999998
4.925049,-1,-1,4.39,0,0,0,4.34,1,-0.0499999999999998
4.930054,-1,-1,4.39,0,0,0,4.34,1,-0.0499999999999998
4.935059,-1,-1,4.39,0,0,0,4.34,1,-0.0499999999999998
4.940064,0,0,4.38,0,0,0,4.34,1,-0.04
4.945069,0,0,4.38,0,0,0,4.34,1,-0.04
4.950074,1,1,4.38,0,0,0,4.34,1,-0.04
4.955079,1,1,4.37,0,0,0,4.34,1,-0.0300000000000002
4.959961,2,2,4.37,0,0,0,4.34,1,-0.0300000000000002
4.964966,2,2,4.37,0,0,0,4.34,1,-0.0300000000000002
4.969971,3,3,4.36,0,0,0,4.34,1,-0.0200000000000005
4.974976,4,4,4.35,0,0,0,4.34,1,-0.00999999999999979
4.979981,5,5,4.33,0,0,0,4.34,1,0.00999999999999979
4.984986,6,6,4.33,0,0,0,4.34,1,0.00999999999999979
4.989991,6,6,4.32,0,0,0,4.34,1,0.0199999999999996
4.994996,7,7,4.31,0,0,0,4.34,1,0.0300000000000002
5,8,8,4.29,0,0,0,4.34,1,0.0499999999999998
5.005005,11,11,4.29,0,0,0,4.34,1,0.0499999999999998
5.01001,10,10,4.28,0,0,0,4.34,1,0.0599999999999996
5.015015,10,10,4.28,0,0,0,4.34,1,0.0599999999999996
5.02002,10,10,4.26,0,0,0,4.34,1,0.0800000000000001
5.025025,13,13,4.27,0,0,0,4.34,1,0.0700000000000003
5.03003,12,12,4.25,0,0,0,4.34,1,0.0899999999999999
5.035035,14,14,4.24,0,0,0,4.34,1,0.0999999999999996
5.04004,15,15,4.21,0,0,0,4.34,1,0.13
5.045044,18,18,4.23,0,0,0,4.34,1,0.109999999999999
5.050049,15,15,4.22,0,0,0,4.34,1,0.12
5.055054,16,16,4.21,2,0,0,4.34,1,0.13
5.060059,19,19,4.18,2,0,0,4.34,1,0.16
5.065064,21,21,4.19,0,0,0,4.61,1,0.42
5.070069,39,39,4.18,0,0,0,4.61,1,0.430000000000001
5.075074,40,40,4.17,0,0,0,4.34,1,0.17
5.080079,22,22,4.08,0,0,0,4.34,1,0.26
5.084961,29,29,4.15,0,0,0,4.34,1,0.19
5.089966,21,21,4.11,0,0,0,4.34,1,0.23
5.094971,22,22,4.12,0,0,0,4.34,1,0.22
5.099976,24,24,4.06,0,0,0,4.34,1,0.28
5.104981,30,30,4.07,0,2,0,4.34,1,0.27
5.109986,28,28,4.08,0,2,0,4.34,1,0.26
5.114991,26,26,4.07,2,2,0,4.61,1,0.54
5.119996,47,47,4.01,2,2,0,4.61,1,0.600000000000001
5.125,54,54,4.05,2,0,0,4.89,1,0.84
5.130005,70,70,4.02,2,0,0,4.89,1,0.87
5.13501,71,71,4.02,2,0,0,4.63,1,0.61
5.140015,52,52,3.99,2,0,0,4.63,1,0.64
5.14502,53,53,3.99,2,0,0,4.63,1,0.64
5.150025,47,47,3.98,2,0,0,4.63,1,0.65
5.15503,35,35,4.11,2,2,0,4.63,1,0.52
5.160035,17,17,4.14,2,2,0,4.63,1,0.49
5.16504,10,10,4.21,0,2,0,4.91,1,0.7
5.170044,26,26,4.24,0,2,0,4.91,1,0.67
5.175049,22,22,4.3,2,4,0,4.65,1,0.350000000000001
5.180054,-3,-3,4.31,2,4,0,4.65,1,0.340000000000001
5.185059,-3,-3,4.38,2,2,0,5.19,1,0.81
5.190064,35,35,4.41,2,2,0,5.19,1,0.78
5.195069,32,32,4.49,0,0,0,4.93,1,0.44
5.200074,5,5,4.51,0,0,0,4.93,1,0.42
5.205079,5,5,4.54,0,2,0,4.4,1,-0.14
5.209961,-33,-33,4.52,0,2,0,4.4,1,-0.119999999999999
5.214966,-33,-33,4.62,2,2,0,4.67,1,0.0499999999999998
5.219971,-27,-27,4.73,2,2,0,4.67,1,-0.0600000000000005
5.224976,-37,-37,4.75,0,0,0,4.95,1,0.2
5.229981,-7,-7,4.84,0,0,0,4.95,1,0.11
5.234986,-1,-1,4.76,0,0,0,4.42,1,-0.34
5.239991,-26,-26,4.68,0,0,0,4.42,1,-0.26
5.244996,-17,-17,4.72,0,0,0,4.42,1,-0.3
5.25,-24,-24,4.72,0,0,0,4.42,1,-0.3
5.255005,-28,-28,4.73,0,0,0,4.42,1,-0.31
5.26001,-28,-28,4.74,0,0,0,4.42,1,-0.32
5.265015,-27,-27,4.66,0,0,0,4.42,1,-0.24
5.27002,-18,-18,4.7,0,0,0,4.42,1,-0.28
5.275025,-22,-22,4.71,-2,0,0,4.42,1,-0.29
5.28003,-26,-26,4.74,-2,0,0,4.42,1,-0.32
5.285035,-30,-30,4.71,0,0,0,4.15,1,-0.56
5.29004,-47,-47,4.72,0,0,0,4.15,1,-0.569999999999999
5.295044,-49,-49,4.72,0,0,0,4.41,1,-0.31
5.300049,-32,-32,4.8,0,0,0,4.41,1,-0.39
5.305054,-39,-39,4.72,0,0,0,4.41,1,-0.31
5.310059,-29,-29,4.74,0,0,0,4.41,1,-0.33
5.315064,-29,-29,4.73,0,-2,0,4.41,1,-0.32
5.320069,-32,-32,4.79,0,-2,0,4.41,1,-0.38
5.325074,-39,-39,4.76,0,0,0,4.14,1,-0.62
5.330079,-55,-55,4.77,0,0,0,4.14,1,-0.63
5.334961,-55,-55,4.78,-2,0,0,4.41,1,-0.37
5.339966,-36,-36,4.8,-2,0,0,4.41,1,-0.39
5.344971,-37,-37,4.77,-2,0,0,4.14,1,-0.63
5.349976,-53,-53,4.89,-2,0,0,4.14,1,-0.75
5.354981,-58,-58,4.83,0,0,0,4.13,1,-0.7
5.359986,-41,-41,4.72,0,0,0,4.13,1,-0.59
5.364991,-21,-21,4.67,-2,-2,0,4.4,1,-0.27
5.369996,5,5,4.7,-2,-2,0,4.4,1,-0.3
5.375,4,4,4.57,-2,-2,0,3.86,1,-0.71
5.380005,-20,-20,4.46,-2,-2,0,3.86,1,-0.6
5.38501,-8,-8,4.4,-2,-2,0,3.85,1,-0.55
5.390015,-13,-13,4.35,-2,-2,0,3.85,1,-0.5
5.39502,-20,-20,4.39,-2,-2,0,3.84,1,-0.55
5.400025,-33,-33,4.43,-2,-2,0,3.84,1,-0.59
5.40503,-40,-40,4.37,-2,-2,0,3.83,1,-0.54
5.410035,-34,-34,4.38,-2,-2,0,3.83,1,-0.55
5.41504,-36,-36,4.36,0,0,0,3.82,1,-0.54
5.420044,-37,-37,4.37,0,0,0,3.82,1,-0.55
5.425049,-41,-41,4.41,0,0,0,4.36,1,-0.0499999999999998
5.430054,-4,-4,4.45,0,0,0,4.36,1,-0.0899999999999999
5.435059,-2,-2,4.34,-2,0,0,4.36,1,0.0200000000000005
5.440064,14,14,4.29,-2,0,0,4.36,1,0.0700000000000003
5.445069,19,19,4.3,-2,-2,0,4.09,1,-0.21
5.450074,-10,-10,4.31,-2,-2,0,4.09,1,-0.22
5.455079,-18,-18,4.32,0,0,0,3.81,1,-0.51
5.459961,-39,-39,4.3,0,0,0,3.81,1,-0.49
5.464966,-37,-37,4.29,0,0,0,4.34,1,0.0499999999999998
5.469971,2,2,4.35,0,0,0,4.34,1,-0.00999999999999979
5.474976,-4,-4,4.33,0,0,0,4.34,1,0.00999999999999979
5.479981,-1,-1,4.3,0,0,0,4.34,1,0.04
5.484986,2,2,4.33,-2,0,0,4.34,1,0.00999999999999979
5.489991,-3,-3,4.36,-2,0,0,4.34,1,-0.0200000000000005
5.494996,-9,-9,4.37,0,0,0,4.07,1,-0.3
5.5,-30,-30,4.39,0,0,0,4.07,1,-0.319999999999999
5.505005,-28,-28,4.38,0,0,0,4.34,1,-0.04
5.51001,-6,-6,4.39,0,0,0,4.34,1,-0.0499999999999998
5.515015,-7,-7,4.4,0,0,0,4.34,1,-0.0600000000000005
5.52002,-8,-8,4.42,0,0,0,4.34,1,-0.0800000000000001
5.525025,-9,-9,4.42,0,0,0,4.34,1,-0.0800000000000001
5.53003,-9,-9,4.43,0,0,0,4.34,1,-0.0899999999999999
5.535035,-9,-9,4.42,0,0,0,4.34,1,-0.0800000000000001
5.54004,-7,-7,4.44,0,0,0,4.34,1,-0.100000000000001
5.545044,-9,-9,4.45,0,0,0,4.34,1,-0.11
5.550049,-10,-10,4.46,0,0,0,4.34,1,-0.12
5.555054,-8,-8,4.43,0,0,0,4.34,1,-0.0899999999999999
5.560059,-5,-5,4.44,0,0,0,4.34,1,-0.100000000000001
5.565064,-7,-7,4.45,0,0,0,4.34,1,-0.11
5.570069,-8,-8,4.46,0,0,0,4.34,1,-0.12
5.575074,-8,-8,4.43,0,0,0,4.34,1,-0.0899999999999999
5.580079,-3,-3,4.43,0,0,0,4.34,1,-0.0899999999999999
5.584961,-4,-4,4.44,0,0,0,4.34,1,-0.100000000000001
5.589966,-5,-5,4.44,0,0,0,4.34,1,-0.100000000000001
5.594971,-4,-4,4.41,0,0,0,4.34,1,-0.0700000000000003
5.599976,0,0,4.41,0,0,0,4.34,1,-0.0700000000000003
5.604981,0,0,4.41,0,0,0,4.34,1,-0.0700000000000003
5.609986,-2,-2,4.41,0,0,0,4.34,1,-0.0700000000000003
5.614991,-1,-1,4.39,0,0,0,4.34,1,-0.0499999999999998
5.619996,2,2,4.38,0,0,0,4.34,1,-0.04
5.625,3,3,4.39,0,0,0,4.34,1,-0.0499999999999998
5.630005,2,2,4.38,0,0,0,4.34,1,-0.04
5.63501,2,2,4.37,0,0,0,4.34,1,-0.0300000000000002
5.640015,4,4,4.35,0,0,0,4.34,1,-0.00999999999999979
5.64502,7,7,4.35,0,0,0,4.34,1,-0.00999999999999979
5.650025,7,7,4.34,0,0,0,4.34,1,0
5.65503,7,7,4.34,0,0,0,4.34,1,0
5.660035,8,8,4.31,0,0,0,4.34,1,0.0300000000000002
5.66504,11,11,4.3,0,0,0,4.34,1,0.04
5.670044,11,11,4.29,0,0,0,4.34,1,0.0499999999999998
5.675049,10,10,4.3,0,0,0,4.34,1,0.04
5.680054,9,9,4.29,0,0,0,4.34,1,0.0499999999999998
5.685059,12,12,4.28,0,0,0,4.34,1,0.0599999999999996
5.690064,14,14,4.25,0,0,0,4.34,1,0.0899999999999999
5.695069,16,16,4.24,0,0,0,4.34,1,0.0999999999999996
5.700074,16,16,4.2,0,0,0,4.34,1,0.14
5.705079,20,20,4.22,0,0,0,4.34,1,0.12
5.709961,17,17,4.2,0,0,0,4.34,1,0.14
5.714966,20,20,4.18,0,0,0,4.34,1,0.16
5.719971,22,22,4.12,0,0,0,4.34,1,0.22
5.724976,28,28,4.15,0,0,0,4.34,1,0.19
5.729981,25,25,4.12,0,0,0,4.34,1,0.22
5.734986,25,25,4.12,0,0,0,4.34,1,0.22
5.739991,28,28,4.06,0,0,0,4.34,1,0.28
5.744996,33,33,4.09,0,2,0,4.34,1,0.25
5.75,29,29,4.06,0,2,0,4.34,1,0.28
5.755005,30,30,4.06,0,0,0,4.61,1,0.550000000000001
5.76001,53,53,4.01,0,0,0,4.61,1,0.600000000000001
5.765015,58,58,4.03,0,2,0,4.34,1,0.31
5.77002,34,34,4,0,2,0,4.34,1,0.34
5.775025,34,34,4,2,2,0,4.61,1,0.61
5.78003,57,57,3.96,2,2,0,4.61,1,0.65
5.785035,61,61,3.97,0,2,0,4.89,1,0.919999999999999
5.79004,78,78,3.92,0,2,0,4.89,1,0.97
5.795044,79,79,3.93,2,2,0,4.63,1,0.7
5.800049,57,57,3.85,2,2,0,4.63,1,0.78
5.805054,63,63,3.84,2,2,0,4.9,1,1.06
5.810059,81,81,3.82,2,2,0,4.9,1,1.08
5.815064,67,67,3.94,2,2,0,4.91,1,0.97
5.820069,48,48,3.94,2,2,0,4.91,1,0.97
5.825074,45,45,3.99,2,2,0,4.92,1,0.93
5.830079,40,40,3.99,2,2,0,4.92,1,0.93
5.834961,33,33,4.13,2,2,0,4.93,1,0.8
5.839966,13,13,4.22,2,2,0,4.93,1,0.71
5.844971,3,3,4.31,2,2,0,4.93,1,0.62
5.849976,0,0,4.33,2,2,0,4.93,1,0.6
5.854981,0,0,4.41,2,2,0,4.94,1,0.53
5.859986,-7,-7,4.5,2,2,0,4.94,1,0.44
5.864991,-15,-15,4.59,2,2,0,4.95,1,0.36
5.869996,-17,-17,4.65,2,2,0,4.95,1,0.3
5.875,-16,-16,4.69,0,2,0,4.96,1,0.27
5.880005,-16,-16,4.76,0,2,0,4.96,1,0.2
5.88501,-18,-18,4.83,2,0,0,4.7,1,-0.13
5.890015,-37,-37,4.89,2,0,0,4.7,1,-0.19
5.89502,-32,-32,4.85,0,2,0,4.7,1,-0.149999999999999
5.900025,-20,-20,4.88,0,2,0,4.7,1,-0.18
5.90503,-19,-19,4.83,0,0,0,4.71,1,-0.12
5.910035,-13,-13,4.84,0,0,0,4.71,1,-0.13
5.91504,-11,-11,4.81,0,-2,0,4.44,1,-0.369999999999999
5.920044,-28,-28,4.81,0,-2,0,4.44,1,-0.369999999999999
5.925049,-30,-30,4.8,-2,0,0,4.17,1,-0.63
5.930054,-51,-51,4.8,-2,0,0,4.17,1,-0.63
5.935059,-53,-53,4.8,0,0,0,4.17,1,-0.63
5.940064,-55,-55,4.86,0,0,0,4.17,1,-0.69
5.945069,-61,-61,4.76,0,0,0,4.43,1,-0.33
5.950074,-31,-31,4.81,0,0,0,4.43,1,-0.38
5.955079,-35,-35,4.8,-2,0,0,4.43,1,-0.37
5.959961,-39,-39,4.85,-2,0,0,4.43,1,-0.42
5.964966,-44,-44,4.84,0,0,0,4.16,1,-0.68
5.969971,-62,-62,4.84,0,0,0,4.16,1,-0.68
5.974976,-58,-58,4.81,-2,-2,0,4.43,1,-0.38
5.979981,-37,-37,4.86,-2,-2,0,4.43,1,-0.430000000000001
5.984986,-45,-45,4.86,-2,-2,0,3.89,1,-0.97
5.989991,-85,-85,4.96,-2,-2,0,3.89,1,-1.07
5.994996,-85,-85,4.9,-2,-2,0,3.88,1,-1.02
6,-70,-70,4.85,-2,-2,0,3.88,1,-0.97
6.005005,-56,-56,4.77,0,0,0,3.87,1,-0.899999999999999
6.01001,-46,-46,4.81,0,0,0,3.87,1,-0.94
6.015015,-43,-43,4.68,-2,-4,0,4.4,1,-0.279999999999999
6.02002,16,16,4.62,-2,-4,0,4.4,1,-0.22
6.025025,26,26,4.47,-2,-2,0,3.59,1,-0.88
6.03003,-23,-23,4.46,-2,-2,0,3.59,1,-0.87
6.035035,-26,-26,4.41,-2,-2,0,3.85,1,-0.56
6.04004,-6,-6,4.34,-2,-2,0,3.85,1,-0.49
6.045044,-1,-1,4.26,-2,-2,0,3.84,1,-0.42
6.050049,3,3,4.25,-2,-2,0,3.84,1,-0.41
6.055054,1,1,4.16,-2,-2,0,3.83,1,-0.33
6.060059,7,7,4.08,-2,-2,0,3.83,1,-0.25
6.065064,11,11,4.04,-2,-2,0,3.82,1,-0.22
6.070069,6,6,4,-2,-2,0,3.82,1,-0.18
6.075074,1,1,4.01,-2,0,0,3.82,1,-0.19
6.080079,-6,-6,4.01,-2,0,0,3.82,1,-0.19
6.084961,-9,-9,3.98,0,0,0,4.08,1,0.1
6.089966,9,9,3.98,0,0,0,4.08,1,0.1
6.094971,5,5,4.01,0,0,0,4.34,1,0.33
6.099976,17,17,4.05,0,0,0,4.34,1,0.29
6.104981,11,11,4.08,0,0,0,4.34,1,0.26
6.109986,8,8,4.11,0,0,0,4.34,1,0.23
6.114991,6,6,4.14,0,0,0,4.34,1,0.2
6.119996,3,3,4.15,0,0,0,4.34,1,0.19
6.125,2,2,4.19,0,0,0,4.34,1,0.149999999999999
6.130005,0,0,4.21,0,0,0,4.34,1,0.13
6.13501,-1,-1,4.24,0,0,0,4.34,1,0.0999999999999996
6.140015,-2,-2,4.26,0,0,0,4.34,1,0.0800000000000001
6.14502,-2,-2,4.26,0,2,0,4.34,1,0.0800000000000001
6.150025,0,0,4.28,0,2,0,4.34,1,0.0599999999999996
6.15503,-1,-1,4.29,0,0,0,4.61,1,0.32
6.160035,18,18,4.31,0,0,0,4.61,1,0.300000000000001
6.16504,17,17,4.32,0,0,0,4.35,1,0.0299999999999994
6.170044,-3,-3,4.33,0,0,0,4.35,1,0.0199999999999996
6.175049,-2,-2,4.34,0,0,0,4.35,1,0.00999999999999979
6.180054,-3,-3,4.36,0,0,0,4.35,1,-0.0100000000000007
6.185059,-4,-4,4.36,0,-2,0,4.35,1,-0.0100000000000007
6.190064,-3,-3,4.37,0,-2,0,4.35,1,-0.0200000000000005
6.195069,-3,-3,4.38,0,0,0,4.08,1,-0.3
6.200074,-24,-24,4.38,0,0,0,4.08,1,-0.3
6.205079,-24,-24,4.38,0,0,0,4.34,1,-0.04
6.209961,-4,-4,4.39,0,0,0,4.34,1,-0.0499999999999998
6.214966,-4,-4,4.39,0,0,0,4.34,1,-0.0499999999999998
6.219971,-4,-4,4.4,0,0,0,4.34,1,-0.0600000000000005
6.224976,-3,-3,4.4,0,0,0,4.34,1,-0.0600000000000005
6.229981,-2,-2,4.4,0,0,0,4.34,1,-0.0600000000000005
6.234986,-1,-1,4.39,0,0,0,4.34,1,-0.0499999999999998
6.239991,-1,-1,4.4,0,0,0,4.34,1,-0.0600000000000005
6.244996,-1,-1,4.4,0,0,0,4.34,1,-0.0600000000000005
6.25,0,0,4.39,0,0,0,4.34,1,-0.0499999999999998
6.255005,1,1,4.38,0,0,0,4.34,1,-0.04
6.26001,2,2,4.38,0,0,0,4.34,1,-0.04
6.265015,2,2,4.38,0,0,0,4.34,1,-0.04
6.27002,2,2,4.38,0,0,0,4.34,1,-0.04
6.275025,4,4,4.37,0,0,0,4.34,1,-0.0300000000000002
6.28003,5,5,4.36,0,0,0,4.34,1,-0.0200000000000005
6.285035,5,5,4.36,0,0,0,4.34,1,-0.0200000000000005
6.29004,6,6,4.34,0,0,0,4.34,1,0
6.295044,7,7,4.34,0,0,0,4.34,1,0
6.300049,9,9,4.32,0,0,0,4.34,1,0.0199999999999996
6.305054,8,8,4.32,0,0,0,4.34,1,0.0199999999999996
6.310059,9,9,4.31,0,0,0,4.34,1,0.0300000000000002
6.315064,10,10,4.31,0,0,0,4.34,1,0.0300000000000002
6.320069,14,14,4.28,0,0,0,4.34,1,0.0599999999999996
6.325074,13,13,4.28,0,2,0,4.34,1,0.0599999999999996
6.330079,13,13,4.27,0,2,0,4.34,1,0.0700000000000003
6.334961,36,36,4.26,0,0,0,4.61,1,0.350000000000001
6.339966,39,39,4.22,0,0,0,4.61,1,0.390000000000001
6.344971,17,17,4.24,2,0,0,4.35,1,0.109999999999999
6.349976,19,19,4.22,2,0,0,4.35,1,0.13
6.354981,19,19,4.21,0,0,0,4.62,1,0.41
6.359986,41,41,4.15,0,0,0,4.62,1,0.47
6.364991,46,46,4.18,0,0,0,4.35,1,0.17
6.369996,22,22,4.16,0,0,0,4.35,1,0.19
6.375,24,24,4.15,0,0,0,4.35,1,0.199999999999999
6.380005,26,26,4.1,0,0,0,4.35,1,0.25
6.38501,31,31,4.13,0,0,0,4.35,1,0.22
6.390015,27,27,4.1,0,0,0,4.35,1,0.25
6.39502,28,28,4.1,2,2,0,4.35,1,0.25
6.400025,30,30,4.06,2,2,0,4.35,1,0.29
6.40503,35,35,4.09,0,0,0,4.89,1,0.8
6.410035,71,71,4.07,0,0,0,4.89,1,0.819999999999999
6.41504,71,71,4.07,0,0,0,4.36,1,0.29
6.420044,34,34,4.03,0,0,0,4.36,1,0.33
6.425049,38,38,4.07,2,2,0,4.36,1,0.29
6.430054,32,32,3.96,2,2,0,4.36,1,0.4
6.435059,36,36,3.97,2,2,0,4.9,1,0.93
6.440064,69,69,3.96,2,2,0,4.9,1,0.94
6.445069,57,57,4.06,2,2,0,4.91,1,0.850000000000001
6.450074,44,44,4.07,2,2,0,4.91,1,0.84
6.455079,41,41,4.1,2,0,0,4.92,1,0.82
6.459961,40,40,4.1,2,0,0,4.92,1,0.82
6.464966,40,40,4.17,2,2,0,4.66,1,0.49
6.469971,13,13,4.17,2,2,0,4.66,1,0.49
6.474976,11,11,4.26,2,2,0,4.93,1,0.67
6.479981,21,21,4.33,2,2,0,4.93,1,0.6
6.484986,17,17,4.35,2,2,0,4.94,1,0.590000000000001
6.489991,22,22,4.38,2,2,0,4.94,1,0.56
6.494996,23,23,4.42,2,2,0,4.95,1,0.53
6.5,20,20,4.45,2,2,0,4.95,1,0.5
6.505005,19,19,4.49,2,2,0,4.96,1,0.47
6.51001,20,20,4.46,2,2,0,4.96,1,0.5
6.515015,23,23,4.52,2,2,0,4.96,1,0.44
6.52002,16,16,4.58,2,2,0,4.96,1,0.38
6.525025,12,12,4.57,2,2,0,4.97,1,0.399999999999999
6.53003,18,18,4.54,2,2,0,4.97,1,0.43
6.535035,20,20,4.62,2,2,0,4.98,1,0.36
6.54004,9,9,4.65,2,2,0,4.98,1,0.33
6.545044,6,6,4.65,2,0,0,4.99,1,0.34
6.550049,9,9,4.64,2,0,0,4.99,1,0.350000000000001
6.555054,11,11,4.71,0,0,0,4.73,1,0.0200000000000005
6.560059,-17,-17,4.76,0,0,0,4.73,1,-0.0299999999999994
6.565064,-23,-23,4.78,0,0,0,4.46,1,-0.32
6.570069,-41,-41,4.77,0,0,0,4.46,1,-0.31
6.575074,-36,-36,4.8,0,2,0,4.46,1,-0.34
6.580079,-38,-38,4.88,0,2,0,4.46,1,-0.42
6.584961,-44,-44,4.81,0,0,0,4.73,1,-0.0799999999999992
6.589966,-11,-11,4.83,0,0,0,4.73,1,-0.0999999999999996
6.594971,-7,-7,4.78,-2,0,0,4.47,1,-0.31
6.599976,-24,-24,4.78,-2,0,0,4.47,1,-0.31
6.604981,-27,-27,4.8,0,-2,0,4.2,1,-0.6
6.609986,-53,-53,4.79,0,-2,0,4.2,1,-0.59
6.614991,-53,-53,4.8,0,0,0,4.19,1,-0.609999999999999
6.619996,-55,-55,4.84,0,0,0,4.19,1,-0.649999999999999
6.625,-60,-60,4.76,-2,0,0,4.46,1,-0.3
6.630005,-31,-31,4.82,-2,0,0,4.46,1,-0.36
6.63501,-34,-34,4.79,-2,-2,0,4.19,1,-0.6
6.640015,-56,-56,4.85,-2,-2,0,4.19,1,-0.659999999999999
6.64502,-61,-61,4.82,-2,0,0,3.91,1,-0.91
6.650025,-78,-78,4.85,-2,0,0,3.91,1,-0.94
6.65503,-80,-80,4.87,0,-2,0,4.18,1,-0.69
6.660035,-63,-63,4.95,0,-2,0,4.18,1,-0.77
6.66504,-65,-65,4.84,0,-2,0,4.17,1,-0.67
6.670044,-52,-52,4.96,0,-2,0,4.17,1,-0.79
6.675049,-54,-54,4.91,-2,-4,0,4.17,1,-0.74
6.680054,-45,-45,4.89,-2,-4,0,4.17,1,-0.72
6.685059,-33,-33,4.83,-2,-2,0,3.62,1,-1.21
6.690064,-61,-61,4.77,-2,-2,0,3.62,1,-1.15
6.695069,-49,-49,4.62,-2,-2,0,3.88,1,-0.74
6.700074,-12,-12,4.57,-2,-2,0,3.88,1,-0.69
6.705079,-11,-11,4.52,-2,-2,0,3.87,1,-0.649999999999999
6.709961,-13,-13,4.54,-2,-2,0,3.87,1,-0.67
6.714966,-13,-13,4.39,-2,-2,0,3.86,1,-0.53
6.719971,5,5,4.27,-2,-2,0,3.86,1,-0.41
6.724976,15,15,4.16,-2,-2,0,3.85,1,-0.31
6.729981,16,16,4.12,-2,-2,0,3.85,1,-0.27
6.734986,9,9,4.13,-2,-2,0,3.85,1,-0.28
6.739991,2,2,4.08,-2,-2,0,3.85,1,-0.23
6.744996,5,5,4,-2,-2,0,3.84,1,-0.16
6.75,7,7,3.96,-2,-2,0,3.84,1,-0.12
6.755005,3,3,3.98,0,0,0,3.83,1,-0.15
6.76001,-8,-8,4.01,0,0,0,3.83,1,-0.18
6.765015,-15,-15,4,0,0,0,4.36,1,0.36
6.77002,24,24,3.99,0,0,0,4.36,1,0.37
6.775025,24,24,4.02,0,0,0,4.36,1,0.340000000000001
6.78003,18,18,4.02,0,0,0,4.36,1,0.340000000000001
6.785035,16,16,4.09,0,0,0,4.36,1,0.27
6.79004,9,9,4.1,0,0,0,4.36,1,0.260000000000001
6.795044,8,8,4.14,0,0,0,4.36,1,0.220000000000001
6.800049,6,6,4.16,0,0,0,4.36,1,0.2
6.805054,6,6,4.18,0,0,0,4.36,1,0.180000000000001
6.810059,6,6,4.2,0,0,0,4.36,1,0.16
6.815064,6,6,4.2,0,0,0,4.36,1,0.16
6.820069,7,7,4.2,0,0,0,4.36,1,0.16
6.825074,8,8,4.23,0,0,0,4.36,1,0.13
6.830079,6,6,4.24,0,0,0,4.36,1,0.12
6.834961,6,6,4.25,0,0,0,4.36,1,0.11
6.839966,6,6,4.24,0,0,0,4.36,1,0.12
6.844971,8,8,4.27,0,0,0,4.36,1,0.0900000000000007
6.849976,6,6,4.27,0,0,0,4.36,1,0.0900000000000007
6.854981,7,7,4.27,0,0,0,4.36,1,0.0900000000000007
6.859986,7,7,4.26,0,0,0,4.36,1,0.100000000000001
6.864991,9,9,4.27,0,0,0,4.36,1,0.0900000000000007
6.869996,8,8,4.28,0,0,0,4.36,1,0.0800000000000001
6.875,8,8,4.28,0,0,0,4.36,1,0.0800000000000001
6.880005,10,10,4.26,0,0,0,4.36,1,0.100000000000001
6.88501,12,12,4.27,2,0,0,4.36,1,0.0900000000000007
6.890015,11,11,4.26,2,0,0,4.36,1,0.100000000000001
6.89502,12,12,4.26,0,0,0,4.63,1,0.37
6.900025,34,34,4.23,0,0,0,4.63,1,0.399999999999999
6.90503,37,37,4.25,0,0,0,4.36,1,0.11
6.910035,15,15,4.23,0,0,0,4.36,1,0.13
6.91504,16,16,4.23,0,0,0,4.36,1,0.13
6.920044,18,18,4.2,0,0,0,4.36,1,0.16
6.925049,22,22,4.21,0,0,0,4.36,1,0.15
6.930054,19,19,4.2,0,0,0,4.36,1,0.16
6.935059,19,19,4.2,0,0,0,4.36,1,0.16
6.940064,22,22,4.17,0,0,0,4.36,1,0.19
6.945069,25,25,4.19,0,0,0,4.36,1,0.17
6.950074,22,22,4.17,0,0,0,4.36,1,0.19
6.955079,24,24,4.16,2,0,0,4.36,1,0.2
6.959961,26,26,4.09,2,0,0,4.36,1,0.27
6.964966,33,33,4.12,0,0,0,4.63,1,0.51
6.969971,50,50,4.09,0,0,0,4.63,1,0.54
6.974976,51,51,4.08,0,0,0,4.37,1,0.29
6.979981,34,34,3.98,0,0,0,4.37,1,0.39
6.984986,43,43,4.06,0,0,0,4.37,1,0.31
6.989991,34,34,4.01,0,0,0,4.37,1,0.36
6.994996,36,36,4.02,0,0,0,4.37,1,0.350000000000001
7,38,38,3.89,0,0,0,4.37,1,0.48
7.005005,50,50,3.86,0,0,0,4.37,1,0.51
7.01001,46,46,3.89,0,0,0,4.37,1,0.48
7.015015,31,31,3.97,2,2,0,4.37,1,0.4
7.02002,19,19,3.97,2,2,0,4.37,1,0.4
7.025025,21,21,4,0,2,0,4.91,1,0.91
7.03003,63,63,3.97,0,2,0,4.91,1,0.94
7.035035,66,66,3.99,2,2,0,4.65,1,0.66
7.04004,43,43,4.02,2,2,0,4.65,1,0.630000000000001
7.045044,37,37,4.02,2,2,0,4.92,1,0.9
7.050049,55,55,3.97,2,2,0,4.92,1,0.95
7.055054,52,52,4.12,2,2,0,4.93,1,0.81
7.060059,30,30,4.2,2,2,0,4.93,1,0.73
7.065064,20,20,4.22,2,2,0,4.94,1,0.720000000000001
7.070069,22,22,4.21,2,2,0,4.94,1,0.73
7.075074,22,22,4.34,2,2,0,4.95,1,0.61
7.080079,5,5,4.39,2,2,0,4.95,1,0.56
7.084961,-2,-2,4.5,2,2,0,4.96,1,0.46
7.089966,-5,-5,4.51,2,2,0,4.96,1,0.45
7.094971,1,1,4.55,2,2,0,4.96,1,0.41
7.099976,2,2,4.61,2,2,0,4.96,1,0.35
7.104981,-5,-5,4.69,0,2,0,4.97,1,0.279999999999999
7.109986,-7,-7,4.74,0,2,0,4.97,1,0.23
7.114991,-5,-5,4.75,0,2,0,4.71,1,-0.04
7.119996,-19,-19,4.75,0,2,0,4.71,1,-0.04
7.125,-14,-14,4.78,0,2,0,4.72,1,-0.0600000000000005
7.130005,-14,-14,4.81,0,2,0,4.72,1,-0.0899999999999999
7.13501,-13,-13,4.8,0,0,0,4.72,1,-0.0800000000000001
7.140015,-8,-8,4.78,0,0,0,4.72,1,-0.0600000000000005
7.14502,-5,-5,4.76,0,0,0,4.45,1,-0.31
7.150025,-21,-21,4.75,0,0,0,4.45,1,-0.3
7.15503,-21,-21,4.74,0,0,0,4.45,1,-0.29
7.160035,-22,-22,4.74,0,0,0,4.45,1,-0.29
7.16504,-24,-24,4.7,0,0,0,4.45,1,-0.25
7.170044,-21,-21,4.71,0,0,0,4.45,1,-0.26
7.175049,-22,-22,4.71,-2,-2,0,4.45,1,-0.26
7.180054,-24,-24,4.76,-2,-2,0,4.45,1,-0.31
7.185059,-29,-29,4.73,0,0,0,3.91,1,-0.82
7.190064,-66,-66,4.73,0,0,0,3.91,1,-0.82
7.195069,-67,-67,4.73,0,0,0,4.45,1,-0.28
7.200074,-30,-30,4.8,0,0,0,4.45,1,-0.35
7.205079,-37,-37,4.71,0,-2,0,4.45,1,-0.26
7.209961,-27,-27,4.75,0,-2,0,4.45,1,-0.3
7.214966,-29,-29,4.72,-2,-2,0,4.18,1,-0.54
7.219971,-50,-50,4.82,-2,-2,0,4.18,1,-0.640000000000001
7.224976,-60,-60,4.78,0,-2,0,3.9,1,-0.88
7.229981,-74,-74,4.75,0,-2,0,3.9,1,-0.85
7.234986,-66,-66,4.79,-2,-2,0,4.16,1,-0.63
7.239991,-52,-52,4.83,-2,-2,0,4.16,1,-0.67
7.244996,-56,-56,4.77,-2,-2,0,3.89,1,-0.879999999999999
7.25,-68,-68,4.9,-2,-2,0,3.89,1,-1.01
7.255005,-71,-71,4.82,-2,-2,0,3.88,1,-0.94
7.26001,-55,-55,4.73,-2,-2,0,3.88,1,-0.850000000000001
7.265015,-38,-38,4.7,-2,-2,0,3.87,1,-0.83
7.27002,-33,-33,4.73,-2,-2,0,3.87,1,-0.86
7.275025,-31,-31,4.56,-2,-2,0,3.86,1,-0.7
7.28003,-8,-8,4.51,-2,-2,0,3.86,1,-0.65
7.285035,0,0,4.39,-2,-2,0,3.85,1,-0.54
7.29004,5,5,4.32,-2,-2,0,3.85,1,-0.47
7.295044,5,5,4.3,-2,0,0,3.85,1,-0.45
7.300049,0,0,4.24,-2,0,0,3.85,1,-0.39
7.305054,4,4,4.14,-2,-2,0,4.11,1,-0.0299999999999994
7.310059,30,30,4.06,-2,-2,0,4.11,1,0.0500000000000007
7.315064,31,31,4.06,0,-2,0,3.83,1,-0.23
7.320069,2,2,4.04,0,-2,0,3.83,1,-0.21
7.325074,-3,-3,4.04,0,0,0,4.09,1,0.0499999999999998
7.330079,12,12,3.96,0,0,0,4.09,1,0.13
7.334961,11,11,4,0,0,0,4.36,1,0.36
7.339966,19,19,4.06,0,0,0,4.36,1,0.300000000000001
7.344971,8,8,4.12,0,0,0,4.36,1,0.24
7.349976,1,1,4.16,0,0,0,4.36,1,0.2
7.354981,1,1,4.16,0,0,0,4.36,1,0.2
7.359986,5,5,4.16,0,0,0,4.36,1,0.2
7.364991,8,8,4.19,0,0,0,4.36,1,0.17
7.369996,5,5,4.22,0,0,0,4.36,1,0.140000000000001
7.375,2,2,4.23,0,0,0,4.36,1,0.13
7.380005,2,2,4.24,0,0,0,4.36,1,0.12
7.38501,2,2,4.25,0,0,0,4.36,1,0.11
7.390015,2,2,4.27,0,0,0,4.36,1,0.0900000000000007
7.39502,2,2,4.28,0,0,0,4.36,1,0.0800000000000001
7.400025,2,2,4.29,0,0,0,4.36,1,0.0700000000000003
7.40503,2,2,4.3,0,0,0,4.36,1,0.0600000000000005
7.410035,1,1,4.31,0,0,0,4.36,1,0.0500000000000007
7.41504,1,1,4.32,0,0,0,4.36,1,0.04
7.420044,2,2,4.31,0,0,0,4.36,1,0.0500000000000007
7.425049,3,3,4.31,0,0,0,4.36,1,0.0500000000000007
7.430054,4,4,4.32,0,0,0,4.36,1,0.04
7.435059,3,3,4.32,0,0,0,4.36,1,0.04
7.440064,4,4,4.32,0,0,0,4.36,1,0.04
7.445069,4,4,4.33,0,0,0,4.36,1,0.0300000000000002
7.450074,5,5,4.32,0,0,0,4.36,1,0.04
7.455079,5,5,4.32,0,0,0,4.36,1,0.04
7.459961,6,6,4.31,0,0,0,4.36,1,0.0500000000000007
7.464966,8,8,4.32,0,0,0,4.36,1,0.04
7.469971,8,8,4.3,0,0,0,4.36,1,0.0600000000000005
7.474976,9,9,4.3,0,0,0,4.36,1,0.0600000000000005
7.479981,10,10,4.3,0,0,0,4.36,1,0.0600000000000005
7.484986,11,11,4.31,0,0,0,4.36,1,0.0500000000000007
7.489991,10,10,4.3,0,0,0,4.36,1,0.0600000000000005
7.494996,11,11,4.28,0,0,0,4.36,1,0.0800000000000001
7.5,14,14,4.25,0,0,0,4.36,1,0.11
7.505005,17,17,4.27,0,0,0,4.36,1,0.0900000000000007
7.51001,14,14,4.25,0,0,0,4.36,1,0.11
7.515015,16,16,4.24,0,0,0,4.36,1,0.12
7.52002,18,18,4.19,0,0,0,4.36,1,0.17
7.525025,23,23,4.21,0,0,0,4.36,1,0.15
7.53003,20,20,4.2,0,0,0,4.36,1,0.16
7.535035,22,22,4.19,0,2,0,4.36,1,0.17
7.54004,24,24,4.13,0,2,0,4.36,1,0.23
7.545044,29,29,4.16,0,0,0,4.63,1,0.47
7.550049,46,46,4.14,0,0,0,4.63,1,0.49
7.555054,47,47,4.13,0,0,0,4.36,1,0.23
7.560059,30,30,4.08,0,0,0,4.36,1,0.28
7.565064,35,35,4.14,0,0,0,4.36,1,0.220000000000001
7.570069,27,27,4.09,0,0,0,4.36,1,0.27
7.575074,29,29,4.11,2,2,0,4.36,1,0.25
7.580079,31,31,4.05,2,2,0,4.36,1,0.31
7.584961,37,37,4.06,2,2,0,4.9,1,0.840000000000001
7.589966,75,75,4.07,2,2,0,4.9,1,0.83
7.594971,72,72,4.04,2,2,0,4.91,1,0.87
7.599976,77,77,3.87,2,2,0,4.91,1,1.04
7.604981,91,91,3.93,0,2,0,4.92,1,0.99
7.609986,77,77,3.93,0,2,0,4.92,1,0.99
7.614991,61,61,4.03,2,2,0,4.66,1,0.63
7.619996,27,27,4.02,2,2,0,4.66,1,0.640000000000001
7.625,26,26,4.06,2,2,0,4.93,1,0.87
7.630005,41,41,4.08,2,2,0,4.93,1,0.85
7.63501,31,31,4.22,2,4,0,4.94,1,0.720000000000001
7.640015,13,13,4.28,2,4,0,4.94,1,0.66
7.64502,8,8,4.37,2,4,0,5.22,1,0.85
7.650025,24,24,4.4,2,4,0,5.22,1,0.819999999999999
7.65503,24,24,4.48,2,2,0,5.23,1,0.75
7.660035,18,18,4.55,2,2,0,5.23,1,0.680000000000001
7.66504,13,13,4.63,2,2,0,4.98,1,0.350000000000001
7.670044,-8,-8,4.63,2,2,0,4.98,1,0.350000000000001
7.675049,-6,-6,4.71,2,2,0,4.99,1,0.28
7.680054,-13,-13,4.79,2,2,0,4.99,1,0.2
7.685059,-19,-19,4.84,0,2,0,4.99,1,0.15
7.690064,-15,-15,4.89,0,2,0,4.99,1,0.100000000000001
7.695069,-10,-10,4.89,0,2,0,4.73,1,-0.159999999999999
7.700074,-23,-23,4.9,0,2,0,4.73,1,-0.17
7.705079,-22,-22,4.93,0,0,0,4.74,1,-0.19
7.709961,-22,-22,4.95,0,0,0,4.74,1,-0.21
7.714966,-19,-19,4.9,0,0,0,4.47,1,-0.430000000000001
7.719971,-29,-29,4.89,0,0,0,4.47,1,-0.42
7.724976,-27,-27,4.85,0,0,0,4.47,1,-0.38
7.729981,-26,-26,4.87,0,0,0,4.47,1,-0.4
7.734986,-30,-30,4.86,0,0,0,4.47,1,-0.390000000000001
7.739991,-30,-30,4.89,0,0,0,4.47,1,-0.42
7.744996,-33,-33,4.82,-2,0,0,4.47,1,-0.350000000000001
7.75,-25,-25,4.83,-2,0,0,4.47,1,-0.36
7.755005,-26,-26,4.83,0,-2,0,4.2,1,-0.63
7.76001,-50,-50,4.86,0,-2,0,4.2,1,-0.66
7.765015,-55,-55,4.82,0,0,0,4.2,1,-0.62
7.77002,-51,-51,4.82,0,0,0,4.2,1,-0.62
7.775025,-51,-51,4.82,0,0,0,4.46,1,-0.36
7.78003,-33,-33,4.87,0,0,0,4.46,1,-0.41
7.785035,-39,-39,4.79,-2,-2,0,4.46,1,-0.33
7.79004,-30,-30,4.82,-2,-2,0,4.46,1,-0.36
7.795044,-30,-30,4.81,-2,-2,0,3.92,1,-0.89
7.800049,-73,-73,4.83,-2,-2,0,3.92,1,-0.91
7.805054,-74,-74,4.79,-2,0,0,3.91,1,-0.88
7.810059,-68,-68,4.76,-2,0,0,3.91,1,-0.85
7.815064,-61,-61,4.73,0,-2,0,4.18,1,-0.550000000000001
7.820069,-39,-39,4.8,0,-2,0,4.18,1,-0.62
7.825074,-45,-45,4.78,0,-2,0,4.17,1,-0.61
7.830079,-40,-40,4.8,0,-2,0,4.17,1,-0.63
7.834961,-31,-31,4.65,0,-2,0,4.17,1,-0.48
7.839966,-10,-10,4.62,0,-2,0,4.17,1,-0.45
7.844971,-6,-6,4.55,-2,-2,0,4.16,1,-0.39
7.849976,-4,-4,4.55,-2,-2,0,4.16,1,-0.39
7.854981,-8,-8,4.5,-2,-4,0,3.89,1,-0.61
7.859986,-24,-24,4.43,-2,-4,0,3.89,1,-0.54
7.864991,-17,-17,4.37,-2,0,0,3.61,1,-0.76
7.869996,-37,-37,4.34,-2,0,0,3.61,1,-0.73
7.875,-41,-41,4.34,0,-2,0,4.14,1,-0.2
7.880005,-7,-7,4.36,0,-2,0,4.14,1,-0.220000000000001
7.88501,-12,-12,4.35,0,0,0,4.13,1,-0.22
7.890015,-10,-10,4.38,0,0,0,4.13,1,-0.25
7.89502,-8,-8,4.28,0,-2,0,4.4,1,0.12
7.900025,24,24,4.23,0,-2,0,4.4,1,0.17
7.90503,26,26,4.26,0,0,0,4.13,1,-0.13
7.910035,-3,-3,4.26,0,0,0,4.13,1,-0.13
7.91504,-6,-6,4.2,-2,0,0,4.39,1,0.19
7.920044,20,20,4.2,-2,0,0,4.39,1,0.19
7.925049,18,18,4.21,0,0,0,4.12,1,-0.0899999999999999
7.930054,-8,-8,4.24,0,0,0,4.12,1,-0.12
7.935059,-14,-14,4.25,0,0,0,4.39,1,0.14
7.940064,6,6,4.26,0,0,0,4.39,1,0.13
7.945069,5,5,4.28,0,0,0,4.39,1,0.109999999999999
7.950074,3,3,4.32,0,0,0,4.39,1,0.0699999999999994
7.955079,1,1,4.28,0,0,0,4.39,1,0.109999999999999
7.959961,6,6,4.27,0,0,0,4.39,1,0.12
7.964966,8,8,4.31,0,0,0,4.39,1,0.0800000000000001
7.969971,0,0,4.35,0,0,0,4.39,1,0.04
7.974976,-4,-4,4.35,0,0,0,4.39,1,0.04
7.979981,-1,-1,4.35,0,0,0,4.39,1,0.04
7.984986,2,2,4.34,0,0,0,4.39,1,0.0499999999999998
7.989991,2,2,4.37,0,0,0,4.39,1,0.0199999999999996
7.994996,-1,-1,4.38,0,0,0,4.39,1,0.00999999999999979
8,-2,-2,4.37,0,0,0,4.39,1,0.0199999999999996
8.005005,1,1,4.38,0,0,0,4.39,1,0.00999999999999979
8.01001,1,1,4.39,0,0,0,4.39,1,0
8.015015,0,0,4.4,0,0,0,4.39,1,-0.0100000000000007
8.02002,-1,-1,4.4,0,0,0,4.39,1,-0.0100000000000007
8.025025,1,1,4.39,0,0,0,4.39,1,0
8.03003,2,2,4.39,0,0,0,4.39,1,0
8.035035,2,2,4.4,0,0,0,4.39,1,-0.0100000000000007
8.04004,2,2,4.39,0,0,0,4.39,1,0
8.045044,3,3,4.39,0,0,0,4.39,1,0
8.050049,4,4,4.4,0,0,0,4.39,1,-0.0100000000000007
8.055054,3,3,4.39,0,0,0,4.39,1,0
8.060059,4,4,4.38,0,0,0,4.39,1,0.00999999999999979
8.065064,5,5,4.38,0,0,0,4.39,1,0.00999999999999979
8.070069,6,6,4.37,0,0,0,4.39,1,0.0199999999999996
8.075074,7,7,4.37,0,0,0,4.39,1,0.0199999999999996
8.080079,7,7,4.35,0,0,0,4.39,1,0.04
8.084961,9,9,4.34,0,0,0,4.39,1,0.0499999999999998
8.089966,10,10,4.33,0,0,0,4.39,1,0.0599999999999996
8.094971,10,10,4.34,0,0,0,4.39,1,0.0499999999999998
8.099976,9,9,4.32,0,0,0,4.39,1,0.0699999999999994
8.104981,12,12,4.32,0,0,0,4.39,1,0.0699999999999994
8.109986,12,12,4.3,0,0,0,4.39,1,0.0899999999999999
8.114991,14,14,4.29,0,0,0,4.39,1,0.0999999999999996
8.119996,16,16,4.25,0,0,0,4.39,1,0.14
8.125,19,19,4.27,0,0,0,4.39,1,0.12
8.130005,16,16,4.26,0,0,0,4.39,1,0.13
8.13501,17,17,4.25,0,0,0,4.39,1,0.14
8.140015,20,20,4.19,0,0,0,4.39,1,0.199999999999999
8.14502,25,25,4.21,0,0,0,4.39,1,0.18
8.150025,22,22,4.19,0,0,0,4.39,1,0.199999999999999
8.15503,22,22,4.18,0,0,0,4.39,1,0.21
8.160035,24,24,4.12,0,0,0,4.39,1,0.27
8.16504,30,30,4.15,0,2,0,4.39,1,0.239999999999999
8.170044,26,26,4.13,0,2,0,4.39,1,0.26
8.175049,27,27,4.13,2,0,0,4.66,1,0.53
8.180054,48,48,4.08,2,0,0,4.66,1,0.58
8.185059,53,53,4.11,0,0,0,4.66,1,0.55
8.190064,49,49,4.09,0,0,0,4.66,1,0.57
8.195069,50,50,4.09,0,0,0,4.4,1,0.31
8.200074,32,32,4.04,0,0,0,4.4,1,0.36
8.205079,37,37,4.09,0,2,0,4.4,1,0.31
8.209961,29,29,4.06,0,2,0,4.4,1,0.340000000000001
8.214966,30,30,4.03,0,2,0,4.67,1,0.64
8.219971,56,56,3.91,0,2,0,4.67,1,0.76
8.224976,63,63,3.94,2,0,0,4.67,1,0.73
8.229981,52,52,4.01,2,0,0,4.67,1,0.66
8.234986,36,36,4.09,2,0,0,4.68,1,0.59
8.239991,27,27,4.07,2,0,0,4.68,1,0.609999999999999
8.244996,32,32,4.13,2,0,0,4.68,1,0.55
8.25,32,32,4.07,2,0,0,4.68,1,0.609999999999999
8.255005,38,38,4.1,0,2,0,4.69,1,0.590000000000001
8.26001,33,33,4.09,0,2,0,4.69,1,0.600000000000001
8.265015,30,30,4.13,2,2,0,4.69,1,0.56
8.27002,25,25,4.14,2,2,0,4.69,1,0.550000000000001
8.275025,21,21,4.23,2,2,0,4.96,1,0.73
8.28003,31,31,4.27,2,2,0,4.96,1,0.69
8.285035,29,29,4.29,0,0,0,4.97,1,0.68
8.29004,33,33,4.28,0,0,0,4.97,1,0.69
8.295044,33,33,4.35,2,0,0,4.44,1,0.0900000000000007
8.300049,-15,-15,4.39,2,0,0,4.44,1,0.0500000000000007
8.305054,-18,-18,4.41,2,0,0,4.71,1,0.3
8.310059,3,3,4.38,2,0,0,4.71,1,0.33
8.315064,4,4,4.48,2,2,0,4.72,1,0.239999999999999
8.320069,-10,-10,4.56,2,2,0,4.72,1,0.16
8.325074,-17,-17,4.56,2,2,0,4.99,1,0.430000000000001
8.330079,10,10,4.56,2,2,0,4.99,1,0.430000000000001
8.334961,17,17,4.59,0,0,0,5,1,0.41
8.339966,15,15,4.6,0,0,0,5,1,0.4
8.344971,15,15,4.64,2,0,0,4.47,1,-0.17
8.349976,-26,-26,4.61,2,0,0,4.47,1,-0.140000000000001
8.354981,-22,-22,4.65,0,0,0,4.74,1,0.0899999999999999
8.359986,-6,-6,4.74,0,0,0,4.74,1,0
8.364991,-13,-13,4.69,0,0,0,4.47,1,-0.220000000000001
8.369996,-24,-24,4.7,0,0,0,4.47,1,-0.23
8.375,-20,-20,4.68,-2,0,0,4.47,1,-0.21
8.380005,-19,-19,4.69,-2,0,0,4.47,1,-0.220000000000001
8.38501,-22,-22,4.68,0,0,0,4.2,1,-0.48
8.390015,-44,-44,4.71,0,0,0,4.2,1,-0.51
8.39502,-48,-48,4.71,-2,0,0,4.47,1,-0.24
8.400025,-30,-30,4.76,-2,0,0,4.47,1,-0.29
8.40503,-34,-34,4.7,0,0,0,4.2,1,-0.5
8.410035,-48,-48,4.74,0,0,0,4.2,1,-0.54
8.41504,-50,-50,4.74,0,-2,0,4.46,1,-0.28
8.420044,-33,-33,4.78,0,-2,0,4.46,1,-0.32
8.425049,-38,-38,4.73,0,-2,0,4.19,1,-0.54
8.430054,-50,-50,4.75,0,-2,0,4.19,1,-0.56
8.435059,-51,-51,4.77,-2,-2,0,4.19,1,-0.579999999999999
8.440064,-56,-56,4.88,-2,-2,0,4.19,1,-0.69
8.445069,-64,-64,4.84,-2,-2,0,3.91,1,-0.93
8.450074,-74,-74,4.87,-2,-2,0,3.91,1,-0.96
8.455079,-69,-69,4.85,-2,-2,0,3.91,1,-0.94
8.459961,-64,-64,4.87,-2,-2,0,3.91,1,-0.96
8.464966,-60,-60,4.82,-2,-2,0,3.9,1,-0.92
8.469971,-50,-50,4.81,-2,-2,0,3.9,1,-0.91
8.474976,-39,-39,4.64,-2,-4,0,3.89,1,-0.75
8.479981,-17,-17,4.6,-2,-4,0,3.89,1,-0.71
8.484986,-14,-14,4.52,-2,-2,0,3.61,1,-0.91
8.489991,-32,-32,4.51,-2,-2,0,3.61,1,-0.9
8.494996,-34,-34,4.44,-2,-2,0,3.87,1,-0.57
8.5,-8,-8,4.38,-2,-2,0,3.87,1,-0.51
8.505005,-1,-1,4.3,-2,-2,0,3.86,1,-0.44
8.51001,2,2,4.3,-2,-2,0,3.86,1,-0.44
8.515015,-1,-1,4.21,-2,-2,0,3.85,1,-0.36
8.52002,8,8,4.13,-2,-2,0,3.85,1,-0.28
8.525025,15,15,4.05,0,0,0,3.84,1,-0.21
8.53003,14,14,4.01,0,0,0,3.84,1,-0.17
8.535035,7,7,4.02,0,-2,0,4.37,1,0.350000000000001
8.54004,40,40,3.99,0,-2,0,4.37,1,0.38
8.545044,40,40,3.96,0,-2,0,4.1,1,0.14
8.550049,19,19,3.94,0,-2,0,4.1,1,0.16
8.555054,13,13,3.99,0,0,0,4.1,1,0.109999999999999
8.560059,2,2,4.01,0,0,0,4.1,1,0.0899999999999999
8.565064,-2,-2,4.05,0,0,0,4.36,1,0.31
8.570069,15,15,4.06,0,0,0,4.36,1,0.300000000000001
8.575074,14,14,4.08,0,0,0,4.36,1,0.28
8.580079,12,12,4.09,0,0,0,4.36,1,0.27
8.584961,12,12,4.15,0,0,0,4.36,1,0.21
8.589966,8,8,4.16,0,0,0,4.36,1,0.2
8.594971,9,9,4.17,0,0,0,4.36,1,0.19
8.599976,11,11,4.15,0,0,0,4.36,1,0.21
8.604981,14,14,4.18,0,0,0,4.36,1,0.180000000000001
8.609986,12,12,4.19,0,0,0,4.36,1,0.17
8.614991,11,11,4.2,0,2,0,4.36,1,0.16
8.619996,11,11,4.18,0,2,0,4.36,1,0.180000000000001
8.625,14,14,4.21,0,0,0,4.63,1,0.42
8.630005,32,32,4.21,0,0,0,4.63,1,0.42
8.63501,33,33,4.21,0,0,0,4.37,1,0.16
8.640015,14,14,4.19,0,0,0,4.37,1,0.18
8.64502,17,17,4.26,2,0,0,4.37,1,0.11
8.650025,9,9,4.25,2,0,0,4.37,1,0.12
8.65503,10,10,4.26,0,0,0,4.64,1,0.38
8.660035,33,33,4.23,0,0,0,4.64,1,0.409999999999999
8.66504,36,36,4.22,0,2,0,4.37,1,0.15
8.670044,17,17,4.24,0,2,0,4.37,1,0.13
8.675049,16,16,4.25,0,0,0,4.64,1,0.39
8.680054,36,36,4.19,0,0,0,4.64,1,0.449999999999999
8.685059,42,42,4.22,0,0,0,4.38,1,0.16
8.690064,20,20,4.2,0,0,0,4.38,1,0.18
8.695069,22,22,4.19,0,0,0,4.38,1,0.19
8.700074,25,25,4.15,0,0,0,4.38,1,0.23
8.705079,29,29,4.17,2,0,0,4.38,1,0.21
8.709961,26,26,4.14,2,0,0,4.38,1,0.24
8.714966,28,28,4.14,0,0,0,4.65,1,0.510000000000001
8.719971,51,51,4.09,0,0,0,4.65,1,0.56
8.724976,56,56,4.12,0,0,0,4.38,1,0.26
8.729981,31,31,4.07,0,0,0,4.38,1,0.31
8.734986,35,35,4.06,2,2,0,4.38,1,0.32
8.739991,38,38,4,2,2,0,4.38,1,0.38
8.744996,43,43,3.99,0,0,0,4.92,1,0.93
8.75,80,80,3.99,0,0,0,4.92,1,0.93
8.755005,75,75,4.04,2,0,0,4.39,1,0.35
8.76001,25,25,3.98,2,0,0,4.39,1,0.41
8.765015,30,30,4.01,2,2,0,4.66,1,0.65
8.77002,47,47,3.93,2,2,0,4.66,1,0.73
8.775025,47,47,4.03,2,2,0,4.93,1,0.899999999999999
8.78003,50,50,4.05,2,2,0,4.93,1,0.88
8.785035,42,42,4.1,2,2,0,4.94,1,0.840000000000001
8.79004,38,38,4.13,2,2,0,4.94,1,0.81
8.795044,32,32,4.23,2,2,0,4.95,1,0.72
8.800049,21,21,4.26,2,2,0,4.95,1,0.69
8.805054,19,19,4.32,2,2,0,4.96,1,0.64
8.810059,19,19,4.32,2,2,0,4.96,1,0.64
8.815064,19,19,4.41,2,2,0,4.97,1,0.56
8.820069,11,11,4.48,2,2,0,4.97,1,0.489999999999999
8.825074,6,6,4.54,2,0,0,4.98,1,0.44
8.830079,7,7,4.54,2,0,0,4.98,1,0.44
8.834961,13,13,4.57,2,0,0,4.72,1,0.149999999999999
8.839966,-10,-10,4.63,2,0,0,4.72,1,0.0899999999999999
8.844971,-16,-16,4.68,0,0,0,4.72,1,0.04
8.849976,-16,-16,4.68,0,0,0,4.72,1,0.04
8.854981,-12,-12,4.71,0,0,0,4.45,1,-0.26
8.859986,-33,-33,4.78,0,0,0,4.45,1,-0.33
8.864991,-39,-39,4.78,2,2,0,4.45,1,-0.33
8.869996,-32,-32,4.77,2,2,0,4.45,1,-0.319999999999999
8.875,-22,-22,4.71,0,0,0,4.99,1,0.28
8.880005,28,28,4.71,0,0,0,4.99,1,0.28
8.88501,27,27,4.67,0,0,0,4.46,1,-0.21
8.890015,-11,-11,4.69,0,0,0,4.46,1,-0.23
8.89502,-13,-13,4.67,0,0,0,4.46,1,-0.21
8.900025,-13,-13,4.68,0,0,0,4.46,1,-0.22
8.90503,-13,-13,4.64,-2,0,0,4.46,1,-0.18
8.910035,-10,-10,4.63,-2,0,0,4.46,1,-0.17
8.91504,-11,-11,4.63,0,-2,0,4.19,1,-0.44
8.920044,-34,-34,4.66,0,-2,0,4.19,1,-0.47
8.925049,-38,-38,4.62,0,0,0,4.19,1,-0.43
8.930054,-34,-34,4.62,0,0,0,4.19,1,-0.43
8.935059,-35,-35,4.62,0,0,0,4.45,1,-0.17
8.940064,-18,-18,4.66,0,0,0,4.45,1,-0.21
8.945069,-23,-23,4.6,0,-2,0,4.45,1,-0.149999999999999
8.950074,-14,-14,4.62,0,-2,0,4.45,1,-0.17
8.955079,-16,-16,4.61,0,0,0,4.18,1,-0.430000000000001
8.959961,-40,-40,4.65,0,0,0,4.18,1,-0.470000000000001
8.964966,-44,-44,4.64,-2,-2,0,4.45,1,-0.19
8.969971,-23,-23,4.63,-2,-2,0,4.45,1,-0.18
8.974976,-22,-22,4.63,0,-2,0,3.91,1,-0.72
8.979981,-64,-64,4.71,0,-2,0,3.91,1,-0.8
8.984986,-72,-72,4.68,0,0,0,4.17,1,-0.51
8.989991,-48,-48,4.7,0,0,0,4.17,1,-0.53
8.994996,-50,-50,4.71,0,0,0,4.44,1,-0.27
9,-31,-31,4.76,0,0,0,4.44,1,-0.319999999999999
9.005005,-35,-35,4.74,0,-2,0,4.44,1,-0.3
9.01001,-30,-30,4.79,0,-2,0,4.44,1,-0.35
9.015015,-30,-30,4.72,-2,-2,0,4.17,1,-0.55
9.02002,-43,-43,4.74,-2,-2,0,4.17,1,-0.57
9.025025,-43,-43,4.72,-2,0,0,3.89,1,-0.83
9.03003,-62,-62,4.71,-2,0,0,3.89,1,-0.82
9.035035,-61,-61,4.7,-2,0,0,4.15,1,-0.55
9.04004,-42,-42,4.73,-2,0,0,4.15,1,-0.58
9.045044,-46,-46,4.74,-2,0,0,4.15,1,-0.59
9.050049,-45,-45,4.8,-2,0,0,4.15,1,-0.649999999999999
9.055054,-40,-40,4.64,0,-2,0,4.15,1,-0.489999999999999
9.060059,-17,-17,4.59,0,-2,0,4.15,1,-0.44
9.065064,-10,-10,4.54,-2,-2,0,4.14,1,-0.4
9.070069,-10,-10,4.59,-2,-2,0,4.14,1,-0.45
9.075074,-16,-16,4.5,-2,-2,0,3.87,1,-0.63
9.080079,-24,-24,4.46,-2,-2,0,3.87,1,-0.59
9.084961,-18,-18,4.39,-2,-2,0,3.86,1,-0.53
9.089966,-18,-18,4.39,-2,-2,0,3.86,1,-0.53
9.094971,-25,-25,4.39,0,-2,0,3.85,1,-0.54
9.099976,-29,-29,4.39,0,-2,0,3.85,1,-0.54
9.104981,-27,-27,4.33,0,-2,0,4.11,1,-0.22
9.109986,-2,-2,4.33,0,-2,0,4.11,1,-0.22
9.114991,-3,-3,4.28,0,-2,0,4.11,1,-0.17
9.119996,0,0,4.24,0,-2,0,4.11,1,-0.13
9.125,0,0,4.25,0,0,0,4.1,1,-0.15
9.130005,-8,-8,4.26,0,0,0,4.1,1,-0.16
9.13501,-13,-13,4.25,0,0,0,4.37,1,0.12
9.140015,7,7,4.27,0,0,0,4.37,1,0.100000000000001
9.14502,4,4,4.27,0,-2,0,4.37,1,0.100000000000001
9.150025,0,0,4.32,0,-2,0,4.37,1,0.0499999999999998
9.15503,-4,-4,4.32,0,0,0,4.1,1,-0.220000000000001
9.160035,-23,-23,4.32,0,0,0,4.1,1,-0.220000000000001
9.16504,-23,-23,4.35,0,0,0,4.36,1,0.0100000000000007
9.170044,-7,-7,4.38,0,0,0,4.36,1,-0.0199999999999996
9.175049,-11,-11,4.4,0,0,0,4.36,1,-0.04
9.180054,-11,-11,4.42,0,0,0,4.36,1,-0.0599999999999996
9.185059,-10,-10,4.41,0,0,0,4.36,1,-0.0499999999999998
9.190064,-8,-8,4.43,0,0,0,4.36,1,-0.0699999999999994
9.195069,-8,-8,4.42,0,0,0,4.36,1,-0.0599999999999996
9.200074,-7,-7,4.44,0,0,0,4.36,1,-0.0800000000000001
9.205079,-9,-9,4.46,0,0,0,4.36,1,-0.0999999999999996
9.209961,-10,-10,4.47,0,0,0,4.36,1,-0.109999999999999
9.214966,-10,-10,4.46,0,0,0,4.36,1,-0.0999999999999996
9.219971,-8,-8,4.49,0,0,0,4.36,1,-0.13
9.224976,-10,-10,4.5,0,0,0,4.36,1,-0.14
9.229981,-11,-11,4.5,0,0,0,4.36,1,-0.14
9.234986,-9,-9,4.47,0,0,0,4.36,1,-0.109999999999999
9.239991,-5,-5,4.49,0,0,0,4.36,1,-0.13
9.244996,-7,-7,4.51,-2,0,0,4.36,1,-0.149999999999999
9.25,-10,-10,4.51,-2,0,0,4.36,1,-0.149999999999999
9.255005,-8,-8,4.47,0,0,0,4.09,1,-0.38
9.26001,-24,-24,4.48,0,0,0,4.09,1,-0.390000000000001
9.265015,-25,-25,4.49,0,0,0,4.36,1,-0.13
9.27002,-7,-7,4.5,0,0,0,4.36,1,-0.14
9.275025,-6,-6,4.47,0,0,0,4.36,1,-0.109999999999999
9.28003,-2,-2,4.47,0,0,0,4.36,1,-0.109999999999999
9.285035,-2,-2,4.47,0,0,0,4.36,1,-0.109999999999999
9.29004,-3,-3,4.47,0,0,0,4.36,1,-0.109999999999999
9.295044,-2,-2,4.44,0,0,0,4.36,1,-0.0800000000000001
9.300049,1,1,4.44,0,0,0,4.36,1,-0.0800000000000001
9.305054,2,2,4.44,0,0,0,4.36,1,-0.0800000000000001
9.310059,1,1,4.43,0,0,0,4.36,1,-0.0699999999999994
9.315064,2,2,4.41,0,0,0,4.36,1,-0.0499999999999998
9.320069,4,4,4.39,0,0,0,4.36,1,-0.0299999999999994
9.325074,6,6,4.39,0,0,0,4.36,1,-0.0299999999999994
9.330079,5,5,4.38,0,0,0,4.36,1,-0.0199999999999996
9.334961,7,7,4.36,0,0,0,4.36,1,0
9.339966,10,10,4.33,0,0,0,4.36,1,0.0300000000000002
9.344971,13,13,4.33,0,0,0,4.36,1,0.0300000000000002
9.349976,12,12,4.32,0,0,0,4.36,1,0.04
9.354981,12,12,4.32,0,0,0,4.36,1,0.04
9.359986,12,12,4.28,0,0,0,4.36,1,0.0800000000000001
9.364991,16,16,4.28,0,0,0,4.36,1,0.0800000000000001
9.369996,17,17,4.26,0,0,0,4.36,1,0.100000000000001
9.375,18,18,4.25,0,0,0,4.36,1,0.11
9.380005,19,19,4.21,0,0,0,4.36,1,0.15
9.38501,22,22,4.23,2,0,0,4.36,1,0.13
9.390015,19,19,4.21,2,0,0,4.36,1,0.15
9.39502,21,21,4.19,0,2,0,4.63,1,0.44
9.400025,45,45,4.12,0,2,0,4.63,1,0.51
9.40503,52,52,4.14,0,0,0,4.63,1,0.49
9.410035,48,48,4.12,0,0,0,4.63,1,0.51
9.41504,49,49,4.12,0,2,0,4.37,1,0.25
9.420044,31,31,4,0,2,0,4.37,1,0.37
9.425049,41,41,4.08,0,0,0,4.64,1,0.56
9.430054,51,51,4.04,0,0,0,4.64,1,0.6
9.435059,52,52,4.04,0,0,0,4.37,1,0.33
9.440064,36,36,3.96,0,0,0,4.37,1,0.41
9.445069,44,44,3.96,2,2,0,4.37,1,0.41
9.450074,41,41,3.94,2,2,0,4.37,1,0.43
9.455079,36,36,3.97,0,0,0,4.91,1,0.94
9.459961,71,71,3.88,0,0,0,4.91,1,1.03
9.464966,75,75,3.96,2,2,0,4.38,1,0.42
9.469971,19,19,4,2,2,0,4.38,1,0.38
9.474976,7,7,4.07,2,2,0,4.92,1,0.85
9.479981,41,41,4.12,2,2,0,4.92,1,0.8
9.484986,41,41,4.14,2,0,0,4.93,1,0.79
9.489991,46,46,4.16,2,0,0,4.93,1,0.77
9.494996,51,51,4.16,2,0,0,4.67,1,0.51
9.5,33,33,4.14,2,0,0,4.67,1,0.53
9.505005,36,36,4.18,0,0,0,4.67,1,0.49
9.51001,31,31,4.15,0,0,0,4.67,1,0.52
9.515015,27,27,4.24,2,2,0,4.41,1,0.17
9.52002,-6,-6,4.27,2,2,0,4.41,1,0.140000000000001
9.525025,-10,-10,4.27,2,2,0,4.95,1,0.680000000000001
9.53003,32,32,4.27,2,2,0,4.95,1,0.680000000000001
9.535035,32,32,4.35,2,0,0,4.96,1,0.61
9.54004,24,24,4.35,2,0,0,4.96,1,0.61
9.545044,23,23,4.39,2,2,0,4.69,1,0.300000000000001
9.550049,3,3,4.37,2,2,0,4.69,1,0.32
9.555054,4,4,4.45,0,2,0,4.97,1,0.52
9.560059,14,14,4.53,0,2,0,4.97,1,0.44
9.565064,6,6,4.55,0,0,0,4.71,1,0.16
9.570069,-9,-9,4.56,0,0,0,4.71,1,0.15
9.575074,-4,-4,4.58,0,2,0,4.44,1,-0.14
9.580079,-25,-25,4.62,0,2,0,4.44,1,-0.18
9.584961,-28,-28,4.66,0,0,0,4.71,1,0.0499999999999998
9.589966,-7,-7,4.65,0,0,0,4.71,1,0.0599999999999996
9.594971,0,0,4.62,0,0,0,4.45,1,-0.17
9.599976,-14,-14,4.61,0,0,0,4.45,1,-0.16
9.604981,-14,-14,4.63,0,0,0,4.45,1,-0.18
9.609986,-19,-19,4.63,0,0,0,4.45,1,-0.18
9.614991,-19,-19,4.62,0,0,0,4.45,1,-0.17
9.619996,-17,-17,4.65,0,0,0,4.45,1,-0.2
9.625,-21,-21,4.62,0,0,0,4.45,1,-0.17
9.630005,-18,-18,4.63,0,0,0,4.45,1,-0.18
9.63501,-19,-19,4.63,0,0,0,4.45,1,-0.18
9.640015,-21,-21,4.66,0,0,0,4.45,1,-0.21
9.64502,-23,-23,4.63,0,0,0,4.45,1,-0.18
9.650025,-20,-20,4.64,0,0,0,4.45,1,-0.19
9.65503,-22,-22,4.65,0,0,0,4.45,1,-0.2
9.660035,-26,-26,4.71,0,0,0,4.45,1,-0.26
9.66504,-32,-32,4.67,0,0,0,4.45,1,-0.22
9.670044,-27,-27,4.69,0,0,0,4.45,1,-0.24
9.675049,-28,-28,4.7,0,-2,0,4.45,1,-0.25
9.680054,-32,-32,4.76,0,-2,0,4.45,1,-0.31
9.685059,-38,-38,4.73,0,-2,0,4.18,1,-0.550000000000001
9.690064,-54,-54,4.75,0,-2,0,4.18,1,-0.57
9.695069,-55,-55,4.76,0,0,0,4.17,1,-0.59
9.700074,-59,-59,4.82,0,0,0,4.17,1,-0.65
9.705079,-65,-65,4.78,0,0,0,4.44,1,-0.34
9.709961,-38,-38,4.88,0,0,0,4.44,1,-0.44
9.714966,-44,-44,4.87,-2,-2,0,4.44,1,-0.43
9.719971,-43,-43,4.93,-2,-2,0,4.44,1,-0.489999999999999
9.724976,-46,-46,4.93,-2,-2,0,3.9,1,-1.03
9.729981,-83,-83,4.92,-2,-2,0,3.9,1,-1.02
9.734986,-78,-78,4.87,-2,-2,0,3.89,1,-0.98
9.739991,-70,-70,4.91,-2,-2,0,3.89,1,-1.02
9.744996,-74,-74,4.89,0,-2,0,3.88,1,-1.01
9.75,-72,-72,4.96,0,-2,0,3.88,1,-1.08
9.755005,-68,-68,4.82,-2,-2,0,4.14,1,-0.680000000000001
9.76001,-23,-23,4.77,-2,-2,0,4.14,1,-0.63
9.765015,-12,-12,4.68,-2,-2,0,3.87,1,-0.81
9.77002,-25,-25,4.74,-2,-2,0,3.87,1,-0.87
9.775025,-27,-27,4.59,-2,-4,0,3.86,1,-0.73
9.78003,-8,-8,4.5,-2,-4,0,3.86,1,-0.64
9.785035,4,4,4.35,-2,-2,0,3.58,1,-0.77
9.79004,-9,-9,4.29,-2,-2,0,3.58,1,-0.71
9.795044,-11,-11,4.28,-4,-2,0,3.84,1,-0.44
9.800049,1,1,4.25,-4,-2,0,3.84,1,-0.41
9.805054,1,1,4.16,-2,-2,0,3.56,1,-0.6
9.810059,-15,-15,4.12,-2,-2,0,3.56,1,-0.56
9.815064,-15,-15,4.09,-2,-2,0,3.82,1,-0.27
9.820069,2,2,4.09,-2,-2,0,3.82,1,-0.27
9.825074,-2,-2,4.07,-2,-2,0,3.81,1,-0.26
9.830079,-2,-2,4.04,-2,-2,0,3.81,1,-0.23
9.834961,0,0,3.99,-2,0,0,3.8,1,-0.19
9.839966,3,3,3.96,-2,0,0,3.8,1,-0.16
9.844971,3,3,3.97,0,0,0,4.06,1,0.0899999999999994
9.849976,17,17,3.96,0,0,0,4.06,1,0.0999999999999996
9.854981,14,14,3.94,0,-2,0,4.33,1,0.39
9.859986,35,35,3.91,0,-2,0,4.33,1,0.42
9.864991,34,34,3.95,0,0,0,4.06,1,0.109999999999999
9.869996,7,7,3.96,0,0,0,4.06,1,0.0999999999999996
9.875,3,3,3.99,0,0,0,4.32,1,0.33
9.880005,20,20,4,0,0,0,4.32,1,0.32
9.88501,22,22,3.99,0,0,0,4.32,1,0.33
9.890015,26,26,4,0,0,0,4.32,1,0.32
9.89502,28,28,4,0,0,0,4.32,1,0.32
9.900025,28,28,3.97,0,0,0,4.32,1,0.35
9.90503,32,32,4.03,0,0,0,4.32,1,0.29
9.910035,26,26,4,0,0,0,4.32,1,0.32
9.91504,27,27,4.02,0,0,0,4.32,1,0.300000000000001
9.920044,29,29,4,0,0,0,4.32,1,0.32
9.925049,33,33,4.03,0,0,0,4.32,1,0.29
9.930054,29,29,4.02,0,0,0,4.32,1,0.300000000000001
9.935059,31,31,4.02,2,0,0,4.32,1,0.300000000000001
9.940064,34,34,3.93,2,0,0,4.32,1,0.39
9.945069,42,42,3.97,0,2,0,4.59,1,0.62
9.950074,57,57,3.95,0,2,0,4.59,1,0.64
9.955079,59,59,3.94,0,2,0,4.6,1,0.66
9.959961,64,64,3.83,0,2,0,4.6,1,0.77
9.964966,73,73,3.89,2,2,0,4.6,1,0.71
9.969971,66,66,3.8,2,2,0,4.6,1,0.8
9.974976,70,70,3.8,2,0,0,4.87,1,1.07
9.979981,92,92,3.69,2,0,0,4.87,1,1.18
9.984986,98,98,3.72,0,2,0,4.61,1,0.89
9.989991,64,64,3.69,0,2,0,4.61,1,0.92
9.994996,53,53,3.8,2,2,0,4.62,1,0.82
10,35,35,3.85,2,2,0,4.62,1,0.77
10.005005,27,27,3.92,2,2,0,4.89,1,0.97
10.01001,41,41,3.93,2,2,0,4.89,1,0.96
10.015015,37,37,4.05,4,4,0,4.9,1,0.850000000000001
10.02002,24,24,4.13,4,4,0,4.9,1,0.77
10.025025,20,20,4.21,2,2,0,5.45,1,1.24
10.03003,59,59,4.21,2,2,0,5.45,1,1.24
10.035035,63,63,4.29,2,2,0,4.93,1,0.64
10.04004,15,15,4.29,2,2,0,4.93,1,0.64
10.045044,13,13,4.34,2,4,0,4.93,1,0.59
10.050049,9,9,4.32,2,4,0,4.93,1,0.609999999999999
10.055054,7,7,4.49,2,2,0,5.21,1,0.72
10.060059,5,5,4.61,2,2,0,5.21,1,0.6
10.065064,-7,-7,4.7,2,2,0,4.96,1,0.26
10.070069,-27,-27,4.81,2,2,0,4.96,1,0.15
10.075074,-24,-24,4.81,0,0,0,4.96,1,0.15
10.080079,-15,-15,4.84,0,0,0,4.96,1,0.12
10.084961,-11,-11,4.88,0,2,0,4.43,1,-0.45
10.089966,-50,-50,4.96,0,2,0,4.43,1,-0.53
10.094971,-50,-50,4.94,2,0,0,4.7,1,-0.24
10.099976,-18,-18,4.89,2,0,0,4.7,1,-0.19
10.104981,-5,-5,4.77,-2,0,0,4.71,1,-0.0599999999999996
10.109986,10,10,4.78,-2,0,0,4.71,1,-0.0700000000000003
10.114991,9,9,4.73,-2,-2,0,4.17,1,-0.56
10.119996,-33,-33,4.72,-2,-2,0,4.17,1,-0.55
10.125,-36,-36,4.74,0,0,0,3.9,1,-0.84
10.130005,-61,-61,4.68,0,0,0,3.9,1,-0.78
10.13501,-56,-56,4.66,0,0,0,4.43,1,-0.23
10.140015,-14,-14,4.76,0,0,0,4.43,1,-0.33
10.14502,-24,-24,4.61,0,0,0,4.43,1,-0.180000000000001
10.150025,-9,-9,4.65,0,0,0,4.43,1,-0.220000000000001
10.15503,-10,-10,4.63,-2,-2,0,4.43,1,-0.2
10.160035,-14,-14,4.63,-2,-2,0,4.43,1,-0.2
10.16504,-17,-17,4.68,0,-2,0,3.89,1,-0.79
10.170044,-61,-61,4.65,0,-2,0,3.89,1,-0.76
10.175049,-57,-57,4.6,0,-2,0,4.15,1,-0.449999999999999
10.180054,-30,-30,4.66,0,-2,0,4.15,1,-0.51
10.185059,-37,-37,4.57,0,0,0,4.15,1,-0.42
10.190064,-29,-29,4.64,0,0,0,4.15,1,-0.489999999999999
10.195069,-32,-32,4.6,-2,-2,0,4.41,1,-0.19
10.200074,-10,-10,4.6,-2,-2,0,4.41,1,-0.19
10.205079,-7,-7,4.59,-2,-2,0,3.87,1,-0.72
10.209961,-44,-44,4.58,-2,-2,0,3.87,1,-0.71
10.214966,-38,-38,4.48,-2,-2,0,3.86,1,-0.620000000000001
10.219971,-26,-26,4.46,-2,-2,0,3.86,1,-0.6
10.224976,-26,-26,4.39,-2,0,0,3.85,1,-0.54
10.229981,-24,-24,4.44,-2,0,0,3.85,1,-0.59
10.234986,-28,-28,4.38,-2,-2,0,4.12,1,-0.26
10.239991,-1,-1,4.31,-2,-2,0,4.12,1,-0.19
10.244996,7,7,4.27,-2,0,0,3.84,1,-0.43
10.25,-11,-11,4.27,-2,0,0,3.84,1,-0.43
10.255005,-13,-13,4.19,0,-2,0,4.1,1,-0.0900000000000007
10.26001,14,14,4.16,0,-2,0,4.1,1,-0.0600000000000005
10.265015,16,16,4.14,0,-2,0,4.1,1,-0.04
10.27002,13,13,4.13,0,-2,0,4.1,1,-0.0300000000000002
10.275025,10,10,4.09,0,-2,0,4.09,1,0
10.28003,13,13,4.02,0,-2,0,4.09,1,0.0700000000000003
10.285035,18,18,4.01,0,0,0,4.09,1,0.0800000000000001
10.29004,12,12,4.01,0,0,0,4.09,1,0.0800000000000001
10.295044,3,3,4.05,0,0,0,4.36,1,0.31
10.300049,13,13,4.08,0,0,0,4.36,1,0.28
10.305054,10,10,4.09,0,0,0,4.36,1,0.27
10.310059,11,11,4.11,0,0,0,4.36,1,0.25
10.315064,8,8,4.14,0,0,0,4.36,1,0.220000000000001
10.320069,4,4,4.16,0,0,0,4.36,1,0.2
10.325074,4,4,4.18,0,0,0,4.36,1,0.180000000000001
10.330079,3,3,4.19,0,0,0,4.36,1,0.17
10.334961,3,3,4.2,0,0,0,4.36,1,0.16
10.339966,1,1,4.23,0,0,0,4.36,1,0.13
10.344971,-1,-1,4.25,0,2,0,4.36,1,0.11
10.349976,-2,-2,4.26,0,2,0,4.36,1,0.100000000000001
10.354981,-1,-1,4.27,0,0,0,4.63,1,0.36
10.359986,19,19,4.29,0,0,0,4.63,1,0.34
10.364991,17,17,4.3,0,0,0,4.36,1,0.0600000000000005
10.369996,-4,-4,4.33,0,0,0,4.36,1,0.0300000000000002
10.375,-5,-5,4.34,0,0,0,4.36,1,0.0200000000000005
10.380005,-5,-5,4.35,0,0,0,4.36,1,0.0100000000000007
10.38501,-6,-6,4.35,0,0,0,4.36,1,0.0100000000000007
10.390015,-6,-6,4.37,0,0,0,4.36,1,-0.00999999999999979
10.39502,-7,-7,4.38,0,0,0,4.36,1,-0.0199999999999996
10.400025,-7,-7,4.4,0,0,0,4.36,1,-0.04
10.40503,-9,-9,4.4,0,0,0,4.36,1,-0.04
10.410035,-9,-9,4.41,0,0,0,4.36,1,-0.0499999999999998
10.41504,-8,-8,4.42,0,0,0,4.36,1,-0.0599999999999996
10.420044,-8,-8,4.44,0,0,0,4.36,1,-0.0800000000000001
10.425049,-11,-11,4.45,0,0,0,4.36,1,-0.0899999999999999
10.430054,-12,-12,4.46,0,0,0,4.36,1,-0.0999999999999996
10.435059,-11,-11,4.46,0,0,0,4.36,1,-0.0999999999999996
10.440064,-11,-11,4.48,0,0,0,4.36,1,-0.12
10.445069,-14,-14,4.49,0,0,0,4.36,1,-0.13
10.450074,-14,-14,4.5,0,0,0,4.36,1,-0.14
10.455079,-12,-12,4.48,0,0,0,4.36,1,-0.12
10.459961,-10,-10,4.51,0,0,0,4.36,1,-0.149999999999999
10.464966,-14,-14,4.53,0,0,0,4.36,1,-0.17
10.469971,-16,-16,4.52,0,0,0,4.36,1,-0.159999999999999
10.474976,-14,-14,4.49,0,0,0,4.36,1,-0.13
10.479981,-10,-10,4.52,0,0,0,4.36,1,-0.159999999999999
10.484986,-14,-14,4.55,0,0,0,4.36,1,-0.19
10.489991,-17,-17,4.54,0,0,0,4.36,1,-0.18
10.494996,-14,-14,4.5,0,0,0,4.36,1,-0.14
10.5,-8,-8,4.53,0,0,0,4.36,1,-0.17
10.505005,-13,-13,4.56,0,0,0,4.36,1,-0.199999999999999
10.51001,-18,-18,4.56,0,0,0,4.36,1,-0.199999999999999
10.515015,-15,-15,4.52,0,0,0,4.36,1,-0.159999999999999
10.52002,-9,-9,4.54,0,0,0,4.36,1,-0.18
10.525025,-12,-12,4.57,0,0,0,4.36,1,-0.21
10.53003,-18,-18,4.58,0,0,0,4.36,1,-0.22
10.535035,-16,-16,4.52,0,0,0,4.36,1,-0.159999999999999
10.54004,-8,-8,4.53,0,0,0,4.36,1,-0.17
10.545044,-11,-11,4.56,0,0,0,4.36,1,-0.199999999999999
10.550049,-16,-16,4.57,0,0,0,4.36,1,-0.21
10.555054,-15,-15,4.51,0,0,0,4.36,1,-0.149999999999999
10.560059,-6,-6,4.52,0,0,0,4.36,1,-0.159999999999999
10.565064,-9,-9,4.55,0,0,0,4.36,1,-0.19
10.570069,-15,-15,4.56,0,0,0,4.36,1,-0.199999999999999
10.575074,-14,-14,4.51,0,0,0,4.36,1,-0.149999999999999
10.580079,-6,-6,4.51,0,0,0,4.36,1,-0.149999999999999
10.584961,-7,-7,4.53,0,-2,0,4.36,1,-0.17
10.589966,-12,-12,4.54,0,-2,0,4.36,1,-0.18
10.594971,-12,-12,4.49,0,0,0,4.09,1,-0.4
10.599976,-25,-25,4.49,0,0,0,4.09,1,-0.4
10.604981,-26,-26,4.51,0,0,0,4.36,1,-0.149999999999999
10.609986,-10,-10,4.52,0,0,0,4.36,1,-0.159999999999999
10.614991,-11,-11,4.48,0,0,0,4.36,1,-0.12
10.619996,-5,-5,4.48,0,0,0,4.36,1,-0.12
10.625,-5,-5,4.49,0,0,0,4.36,1,-0.13
10.630005,-8,-8,4.5,0,0,0,4.36,1,-0.14
10.63501,-8,-8,4.46,0,0,0,4.36,1,-0.0999999999999996
10.640015,-3,-3,4.46,0,0,0,4.36,1,-0.0999999999999996
10.64502,-4,-4,4.47,-2,0,0,4.36,1,-0.109999999999999
10.650025,-7,-7,4.48,-2,0,0,4.36,1,-0.12
10.65503,-7,-7,4.45,0,0,0,4.09,1,-0.36
10.660035,-23,-23,4.45,0,0,0,4.09,1,-0.36
10.66504,-23,-23,4.45,0,0,0,4.35,1,-0.100000000000001
10.670044,-5,-5,4.45,0,0,0,4.35,1,-0.100000000000001
10.675049,-4,-4,4.43,0,0,0,4.35,1,-0.0800000000000001
10.680054,-1,-1,4.42,0,0,0,4.35,1,-0.0700000000000003
10.685059,-1,-1,4.43,0,0,0,4.35,1,-0.0800000000000001
10.690064,-2,-2,4.43,0,0,0,4.35,1,-0.0800000000000001
10.695069,-2,-2,4.41,0,0,0,4.35,1,-0.0600000000000005
10.700074,0,0,4.4,0,0,0,4.35,1,-0.0500000000000007
10.705079,1,1,4.4,0,0,0,4.35,1,-0.0500000000000007
10.709961,0,0,4.4,0,0,0,4.35,1,-0.0500000000000007
10.714966,0,0,4.39,0,0,0,4.35,1,-0.04
10.719971,2,2,4.38,0,0,0,4.35,1,-0.0300000000000002
10.724976,3,3,4.38,0,0,0,4.35,1,-0.0300000000000002
10.729981,2,2,4.38,0,0,0,4.35,1,-0.0300000000000002
10.734986,2,2,4.36,0,0,0,4.35,1,-0.0100000000000007
10.739991,4,4,4.34,0,0,0,4.35,1,0.00999999999999979
10.744996,5,5,4.34,0,0,0,4.35,1,0.00999999999999979
10.75,5,5,4.33,0,0,0,4.35,1,0.0199999999999996
10.755005,5,5,4.33,0,0,0,4.35,1,0.0199999999999996
10.76001,6,6,4.31,0,0,0,4.35,1,0.04
10.765015,7,7,4.31,0,0,0,4.35,1,0.04
10.77002,7,7,4.31,0,0,0,4.35,1,0.04
10.775025,7,7,4.31,0,0,0,4.35,1,0.04
10.78003,7,7,4.29,0,0,0,4.35,1,0.0599999999999996
10.785035,9,9,4.28,2,0,0,4.35,1,0.0699999999999994
10.79004,9,9,4.27,2,0,0,4.35,1,0.0800000000000001
10.795044,9,9,4.28,0,0,0,4.62,1,0.34
10.800049,29,29,4.26,0,0,0,4.62,1,0.36
10.805054,31,31,4.27,0,2,0,4.36,1,0.0900000000000007
10.810059,10,10,4.26,0,2,0,4.36,1,0.100000000000001
10.815064,10,10,4.26,0,0,0,4.63,1,0.37
10.820069,31,31,4.24,0,0,0,4.63,1,0.39
10.825074,32,32,4.25,0,0,0,4.36,1,0.11
10.830079,11,11,4.24,0,0,0,4.36,1,0.12
10.834961,12,12,4.24,0,0,0,4.36,1,0.12
10.839966,13,13,4.21,0,0,0,4.36,1,0.15
10.844971,15,15,4.22,0,0,0,4.36,1,0.140000000000001
10.849976,13,13,4.22,0,0,0,4.36,1,0.140000000000001
10.854981,13,13,4.22,0,0,0,4.36,1,0.140000000000001
10.859986,14,14,4.19,0,0,0,4.36,1,0.17
10.864991,16,16,4.21,0,0,0,4.36,1,0.15
10.869996,14,14,4.21,0,0,0,4.36,1,0.15
10.875,14,14,4.21,0,0,0,4.36,1,0.15
10.880005,14,14,4.17,0,0,0,4.36,1,0.19
10.88501,17,17,4.19,0,2,0,4.36,1,0.17
10.890015,15,15,4.19,0,2,0,4.36,1,0.17
10.89502,15,15,4.18,2,0,0,4.63,1,0.45
10.900025,36,36,4.14,2,0,0,4.63,1,0.49
10.90503,40,40,4.17,0,0,0,4.63,1,0.46
10.910035,37,37,4.16,0,0,0,4.63,1,0.47
10.91504,37,37,4.16,0,0,0,4.37,1,0.21
10.920044,18,18,4.09,0,0,0,4.37,1,0.28
10.925049,24,24,4.16,0,0,0,4.37,1,0.21
10.930054,15,15,4.14,0,0,0,4.37,1,0.23
10.935059,15,15,4.16,2,0,0,4.37,1,0.21
10.940064,17,17,4.12,2,0,0,4.37,1,0.25
10.945069,21,21,4.13,0,0,0,4.64,1,0.51
10.950074,39,39,4.14,0,0,0,4.64,1,0.5
10.955079,37,37,4.15,0,2,0,4.37,1,0.22
10.959961,17,17,4.11,0,2,0,4.37,1,0.26
10.964966,21,21,4.19,2,0,0,4.64,1,0.449999999999999
10.969971,32,32,4.16,2,0,0,4.64,1,0.48
10.974976,33,33,4.15,0,0,0,4.65,1,0.5
10.979981,37,37,4.08,0,0,0,4.65,1,0.57
10.984986,43,43,4.13,2,2,0,4.38,1,0.25
10.989991,13,13,4.16,2,2,0,4.38,1,0.22
10.994996,6,6,4.21,2,2,0,4.92,1,0.71
11,43,43,4.21,2,2,0,4.92,1,0.71
11.005005,44,44,4.22,0,2,0,4.93,1,0.71
11.01001,46,46,4.26,0,2,0,4.93,1,0.67
11.015015,45,45,4.27,0,0,0,4.67,1,0.4
11.02002,26,26,4.19,0,0,0,4.67,1,0.48
11.025025,34,34,4.27,0,2,0,4.4,1,0.130000000000001
11.03003,5,5,4.21,0,2,0,4.4,1,0.19
11.035035,7,7,4.25,2,2,0,4.67,1,0.42
11.04004,22,22,4.29,2,2,0,4.67,1,0.38
11.045044,16,16,4.29,0,0,0,4.95,1,0.66
11.050049,38,38,4.32,0,0,0,4.95,1,0.63
11.055054,38,38,4.34,0,0,0,4.42,1,0.0800000000000001
11.060059,-4,-4,4.32,0,0,0,4.42,1,0.0999999999999996
11.065064,-2,-2,4.35,0,2,0,4.42,1,0.0700000000000003
11.070069,-6,-6,4.32,0,2,0,4.42,1,0.0999999999999996
11.075074,-11,-11,4.43,0,0,0,4.69,1,0.260000000000001
11.080079,-4,-4,4.52,0,0,0,4.69,1,0.170000000000001
11.084961,-11,-11,4.5,0,0,0,4.42,1,-0.0800000000000001
11.089966,-21,-21,4.49,0,0,0,4.42,1,-0.0700000000000003
11.094971,-11,-11,4.49,0,0,0,4.42,1,-0.0700000000000003
11.099976,-8,-8,4.49,0,0,0,4.42,1,-0.0700000000000003
11.104981,-9,-9,4.49,0,0,0,4.42,1,-0.0700000000000003
11.109986,-9,-9,4.5,0,0,0,4.42,1,-0.0800000000000001
11.114991,-10,-10,4.49,0,0,0,4.42,1,-0.0700000000000003
11.119996,-9,-9,4.51,0,0,0,4.42,1,-0.0899999999999999
11.125,-11,-11,4.49,0,-2,0,4.42,1,-0.0700000000000003
11.130005,-9,-9,4.5,0,-2,0,4.42,1,-0.0800000000000001
11.13501,-11,-11,4.52,0,0,0,4.15,1,-0.369999999999999
11.140015,-34,-34,4.55,0,0,0,4.15,1,-0.399999999999999
11.14502,-37,-37,4.53,-2,0,0,4.42,1,-0.11
11.150025,-13,-13,4.53,-2,0,0,4.42,1,-0.11
11.15503,-14,-14,4.55,0,0,0,4.15,1,-0.399999999999999
11.160035,-38,-38,4.59,0,0,0,4.15,1,-0.44
11.16504,-41,-41,4.57,0,0,0,4.41,1,-0.16
11.170044,-18,-18,4.58,0,0,0,4.41,1,-0.17
11.175049,-19,-19,4.59,0,0,0,4.41,1,-0.18
11.180054,-22,-22,4.63,0,0,0,4.41,1,-0.22
11.185059,-26,-26,4.61,0,0,0,4.41,1,-0.2
11.190064,-22,-22,4.61,0,0,0,4.41,1,-0.2
11.195069,-22,-22,4.63,0,0,0,4.41,1,-0.22
11.200074,-25,-25,4.69,0,0,0,4.41,1,-0.28
11.205079,-31,-31,4.65,0,0,0,4.41,1,-0.24
11.209961,-26,-26,4.67,0,0,0,4.41,1,-0.26
11.214966,-26,-26,4.67,0,0,0,4.41,1,-0.26
11.219971,-29,-29,4.74,0,0,0,4.41,1,-0.33
11.224976,-35,-35,4.71,0,0,0,4.41,1,-0.3
11.229981,-30,-30,4.72,0,0,0,4.41,1,-0.31
11.234986,-31,-31,4.73,0,-2,0,4.41,1,-0.32
11.239991,-34,-34,4.8,0,-2,0,4.41,1,-0.39
11.244996,-40,-40,4.76,-2,0,0,4.14,1,-0.62
11.25,-55,-55,4.78,-2,0,0,4.14,1,-0.640000000000001
11.255005,-56,-56,4.79,0,-2,0,4.14,1,-0.65
11.26001,-58,-58,4.85,0,-2,0,4.14,1,-0.71
11.265015,-64,-64,4.78,-2,-2,0,4.13,1,-0.65
11.27002,-55,-55,4.85,-2,-2,0,4.13,1,-0.72
11.275025,-57,-57,4.81,-2,-2,0,3.86,1,-0.95
11.28003,-75,-75,4.84,-2,-2,0,3.86,1,-0.98
11.285035,-76,-76,4.86,-2,-2,0,3.85,1,-1.01
11.29004,-74,-74,4.95,-2,-2,0,3.85,1,-1.1
11.295044,-71,-71,4.82,-2,-2,0,3.84,1,-0.98
11.300049,-46,-46,4.79,-2,-2,0,3.84,1,-0.95
11.305054,-32,-32,4.67,-2,-2,0,3.83,1,-0.84
11.310059,-21,-21,4.68,-2,-2,0,3.83,1,-0.85
11.315064,-20,-20,4.57,-2,-4,0,3.82,1,-0.75
11.320069,-11,-11,4.51,-2,-4,0,3.82,1,-0.69
11.325074,-2,-2,4.38,-4,-2,0,3.55,1,-0.83
11.330079,-13,-13,4.26,-4,-2,0,3.55,1,-0.71
11.334961,-17,-17,4.25,-2,-2,0,3.53,1,-0.72
11.339966,-23,-23,4.26,-2,-2,0,3.53,1,-0.73
11.344971,5,5,4.17,-2,0,0,3.79,1,-0.38
11.349976,11,11,4.1,-2,0,0,3.79,1,-0.31
11.354981,34,34,4.02,-2,-2,0,4.05,1,0.0300000000000002
11.359986,33,33,3.97,-2,-2,0,4.05,1,0.0799999999999996
11.364991,7,7,3.96,0,-2,0,3.78,1,-0.18
11.369996,7,7,3.9,0,-2,0,3.78,1,-0.12
11.375,23,23,3.89,0,0,0,4.04,1,0.15
11.380005,20,20,3.9,0,0,0,4.04,1,0.14
11.38501,38,38,3.89,0,0,0,4.3,1,0.41
11.390015,38,38,3.88,0,0,0,4.3,1,0.42
11.39502,38,38,3.89,0,0,0,4.3,1,0.41
11.400025,41,41,3.87,0,0,0,4.3,1,0.43
11.40503,34,34,3.95,0,0,0,4.3,1,0.35
11.410035,36,36,3.92,0,0,0,4.3,1,0.38
11.41504,39,39,3.92,0,2,0,4.3,1,0.38
11.420044,48,48,3.83,0,2,0,4.3,1,0.47
11.425049,62,62,3.88,0,0,0,4.57,1,0.69
11.430054,65,65,3.86,0,0,0,4.57,1,0.71
11.435059,49,49,3.85,0,2,0,4.31,1,0.46
11.440064,60,60,3.73,0,2,0,4.31,1,0.58
11.445069,69,69,3.82,0,2,0,4.58,1,0.76
11.450074,74,74,3.74,0,2,0,4.58,1,0.84
11.455079,72,72,3.78,4,2,0,4.58,1,0.8
11.459961,79,79,3.65,4,2,0,4.58,1,0.93
11.464966,106,106,3.69,2,2,0,5.13,1,1.44
11.469971,106,106,3.68,2,2,0,5.13,1,1.45
11.474976,88,88,3.83,2,4,0,4.87,1,1.04
11.479981,43,43,3.89,2,4,0,4.87,1,0.98
11.484986,34,34,3.96,4,2,0,5.15,1,1.19
11.489991,49,49,3.93,4,2,0,5.15,1,1.22
11.494996,46,46,4.1,2,4,0,5.16,1,1.06
11.5,24,24,4.21,2,4,0,5.16,1,0.95
11.505005,12,12,4.35,2,4,0,5.17,1,0.82
11.51001,5,5,4.42,2,4,0,5.17,1,0.75
11.515015,2,2,4.54,4,2,0,5.19,1,0.65
11.52002,-9,-9,4.66,4,2,0,5.19,1,0.53
11.525025,-19,-19,4.77,2,2,0,5.2,1,0.430000000000001
11.53003,-19,-19,4.87,2,2,0,5.2,1,0.33
11.535035,-16,-16,4.89,2,2,0,4.94,1,0.0500000000000007
11.54004,-28,-28,4.94,2,2,0,4.94,1,0
11.545044,-26,-26,4.97,0,0,0,4.95,1,-0.0199999999999996
11.550049,-22,-22,5.02,0,0,0,4.95,1,-0.0699999999999994
11.555054,-18,-18,5,0,0,0,4.42,1,-0.58
11.560059,-48,-48,4.99,0,0,0,4.42,1,-0.57
11.565064,-42,-42,4.96,0,0,0,4.42,1,-0.54
11.570069,-37,-37,4.96,0,0,0,4.42,1,-0.54
11.575074,-34,-34,4.92,0,0,0,4.42,1,-0.5
11.580079,-29,-29,4.91,0,0,0,4.42,1,-0.49
11.584961,-28,-28,4.81,-2,0,0,4.42,1,-0.39
11.589966,-19,-19,4.83,-2,0,0,4.42,1,-0.41
11.594971,-23,-23,4.81,0,-2,0,4.15,1,-0.659999999999999
11.599976,-47,-47,4.83,0,-2,0,4.15,1,-0.68
11.604981,-51,-51,4.78,0,-2,0,4.15,1,-0.63
11.609986,-45,-45,4.75,0,-2,0,4.15,1,-0.6
11.614991,-44,-44,4.74,-2,0,0,4.14,1,-0.600000000000001
11.619996,-46,-46,4.83,-2,0,0,4.14,1,-0.69
11.625,-55,-55,4.73,-2,0,0,4.14,1,-0.590000000000001
11.630005,-44,-44,4.74,-2,0,0,4.14,1,-0.600000000000001
11.63501,-44,-44,4.77,0,0,0,4.13,1,-0.64
11.640015,-51,-51,4.82,0,0,0,4.13,1,-0.69
11.64502,-56,-56,4.75,0,-2,0,4.4,1,-0.35
11.650025,-23,-23,4.74,0,-2,0,4.4,1,-0.34
11.65503,-18,-18,4.72,-2,-2,0,4.13,1,-0.59
11.660035,-39,-39,4.76,-2,-2,0,4.13,1,-0.63
11.66504,-43,-43,4.74,0,0,0,3.85,1,-0.89
11.670044,-58,-58,4.67,0,0,0,3.85,1,-0.82
11.675049,-47,-47,4.6,0,-2,0,4.39,1,-0.21
11.680054,-1,-1,4.61,0,-2,0,4.39,1,-0.220000000000001
11.685059,-7,-7,4.6,0,0,0,4.12,1,-0.48
11.690064,-29,-29,4.66,0,0,0,4.12,1,-0.54
11.695069,-31,-31,4.55,-2,-2,0,4.38,1,-0.17
11.700074,4,4,4.5,-2,-2,0,4.38,1,-0.12
11.705079,10,10,4.45,-2,-2,0,3.84,1,-0.61
11.709961,-29,-29,4.48,-2,-2,0,3.84,1,-0.640000000000001
11.714966,-35,-35,4.44,-2,-2,0,3.83,1,-0.61
11.719971,-31,-31,4.45,-2,-2,0,3.83,1,-0.62
11.724976,-30,-30,4.42,-2,-2,0,3.82,1,-0.6
11.729981,-28,-28,4.44,-2,-2,0,3.82,1,-0.620000000000001
11.734986,-30,-30,4.36,0,0,0,3.82,1,-0.54
11.739991,-21,-21,4.34,0,0,0,3.82,1,-0.52
11.744996,-19,-19,4.29,-2,-2,0,4.35,1,0.0599999999999996
11.75,23,23,4.29,-2,-2,0,4.35,1,0.0599999999999996
11.755005,20,20,4.23,-2,0,0,3.81,1,-0.42
11.76001,-14,-14,4.1,-2,0,0,3.81,1,-0.29
11.765015,-4,-4,4.11,0,0,0,4.07,1,-0.04
11.77002,6,6,4.07,0,0,0,4.07,1,0
11.775025,-4,-4,4.13,0,0,0,4.33,1,0.2
11.78003,3,3,4.24,0,0,0,4.33,1,0.0899999999999999
11.785035,-9,-9,4.23,0,0,0,4.33,1,0.0999999999999996
11.79004,-5,-5,4.23,0,0,0,4.33,1,0.0999999999999996
11.795044,-1,-1,4.24,0,0,0,4.33,1,0.0899999999999999
11.800049,-3,-3,4.26,0,0,0,4.33,1,0.0700000000000003
11.805054,-7,-7,4.33,0,0,0,4.33,1,0
11.810059,-12,-12,4.35,0,0,0,4.33,1,-0.0199999999999996
11.815064,-11,-11,4.33,0,0,0,4.33,1,0
11.820069,-7,-7,4.36,0,0,0,4.33,1,-0.0300000000000002
11.825074,-10,-10,4.39,0,0,0,4.33,1,-0.0599999999999996
11.830079,-12,-12,4.4,0,0,0,4.33,1,-0.0700000000000003
11.834961,-11,-11,4.39,0,0,0,4.33,1,-0.0599999999999996
11.839966,-8,-8,4.42,0,0,0,4.33,1,-0.0899999999999999
11.844971,-11,-11,4.44,0,0,0,4.33,1,-0.11
11.849976,-14,-14,4.45,0,0,0,4.33,1,-0.12
11.854981,-13,-13,4.42,0,0,0,4.33,1,-0.0899999999999999
11.859986,-8,-8,4.45,0,0,0,4.33,1,-0.12
11.864991,-11,-11,4.48,0,0,0,4.33,1,-0.15
11.869996,-15,-15,4.48,0,0,0,4.33,1,-0.15
11.875,-12,-12,4.43,0,0,0,4.33,1,-0.0999999999999996
11.880005,-5,-5,4.44,0,0,0,4.33,1,-0.11
11.88501,-8,-8,4.48,0,0,0,4.33,1,-0.15
11.890015,-13,-13,4.49,0,0,0,4.33,1,-0.16
11.89502,-12,-12,4.44,0,0,0,4.33,1,-0.11
11.900025,-4,-4,4.44,0,0,0,4.33,1,-0.11
11.90503,-5,-5,4.47,0,0,0,4.33,1,-0.14
11.910035,-10,-10,4.48,0,0,0,4.33,1,-0.15
11.91504,-9,-9,4.43,0,0,0,4.33,1,-0.0999999999999996
11.920044,-2,-2,4.42,0,0,0,4.33,1,-0.0899999999999999
11.925049,-1,-1,4.44,0,0,0,4.33,1,-0.11
11.930054,-6,-6,4.45,0,0,0,4.33,1,-0.12
11.935059,-6,-6,4.4,0,0,0,4.33,1,-0.0700000000000003
11.940064,1,1,4.39,0,0,0,4.33,1,-0.0599999999999996
11.945069,2,2,4.41,0,0,0,4.33,1,-0.0800000000000001
11.950074,-2,-2,4.42,0,0,0,4.33,1,-0.0899999999999999
11.955079,-3,-3,4.39,0,0,0,4.33,1,-0.0599999999999996
11.959961,2,2,4.37,0,0,0,4.33,1,-0.04
11.964966,4,4,4.38,0,0,0,4.33,1,-0.0499999999999998
11.969971,2,2,4.38,0,0,0,4.33,1,-0.0499999999999998
11.974976,2,2,4.36,0,0,0,4.33,1,-0.0300000000000002
11.979981,5,5,4.33,0,0,0,4.33,1,0
11.984986,8,8,4.33,0,0,0,4.33,1,0
11.989991,7,7,4.33,0,0,0,4.33,1,0
11.994996,6,6,4.32,0,0,0,4.33,1,0.00999999999999979
12,9,9,4.29,0,0,0,4.33,1,0.04
12.005005,12,12,4.28,0,0,0,4.33,1,0.0499999999999998
12.01001,12,12,4.28,0,0,0,4.33,1,0.0499999999999998
12.015015,11,11,4.28,0,0,0,4.33,1,0.0499999999999998
12.02002,11,11,4.25,0,0,0,4.33,1,0.0800000000000001
12.025025,15,15,4.24,0,0,0,4.33,1,0.0899999999999999
12.03003,15,15,4.22,0,0,0,4.33,1,0.11
12.035035,16,16,4.21,0,0,0,4.33,1,0.12
12.04004,17,17,4.17,0,0,0,4.33,1,0.16
12.045044,21,21,4.2,0,0,0,4.33,1,0.13
12.050049,18,18,4.17,0,0,0,4.33,1,0.16
12.055054,21,21,4.16,0,0,0,4.33,1,0.17
12.060059,23,23,4.1,0,0,0,4.33,1,0.23
12.065064,28,28,4.13,0,2,0,4.33,1,0.2
12.070069,24,24,4.12,0,2,0,4.33,1,0.21
12.075074,25,25,4.11,0,0,0,4.6,1,0.489999999999999
12.080079,47,47,4.03,0,0,0,4.6,1,0.569999999999999
12.084961,54,54,4.06,0,0,0,4.34,1,0.28
12.089966,30,30,4.04,0,0,0,4.34,1,0.3
12.094971,30,30,4.03,2,2,0,4.34,1,0.31
12.099976,32,32,3.96,2,2,0,4.34,1,0.38
12.104981,39,39,4,0,0,0,4.88,1,0.88
12.109986,74,74,3.98,0,0,0,4.88,1,0.9
12.114991,75,75,3.98,0,0,0,4.35,1,0.37
12.119996,38,38,3.91,0,0,0,4.35,1,0.44
12.125,44,44,3.99,0,0,0,4.35,1,0.359999999999999
12.130005,32,32,3.83,0,0,0,4.35,1,0.52
12.13501,42,42,3.91,2,2,0,4.35,1,0.44
12.140015,28,28,3.92,2,2,0,4.35,1,0.43
12.14502,15,15,4.02,2,2,0,4.89,1,0.87
12.150025,41,41,4.07,2,2,0,4.89,1,0.819999999999999
12.15503,36,36,4.11,2,2,0,4.9,1,0.79
12.160035,35,35,4.06,2,2,0,4.9,1,0.840000000000001
12.16504,41,41,4.13,2,2,0,4.9,1,0.77
12.170044,33,33,4.15,2,2,0,4.9,1,0.75
12.175049,28,28,4.24,2,2,0,4.91,1,0.67
12.180054,18,18,4.27,2,2,0,4.91,1,0.640000000000001
12.185059,15,15,4.31,2,2,0,4.92,1,0.61
12.190064,15,15,4.34,2,2,0,4.92,1,0.58
12.195069,13,13,4.43,0,0,0,4.93,1,0.5
12.200074,3,3,4.49,0,0,0,4.93,1,0.44
12.205079,-1,-1,4.53,2,2,0,4.4,1,-0.13
12.209961,-39,-39,4.56,2,2,0,4.4,1,-0.159999999999999
12.214966,-36,-36,4.61,2,2,0,4.94,1,0.33
12.219971,0,0,4.69,2,2,0,4.94,1,0.25
12.224976,-5,-5,4.68,0,0,0,4.95,1,0.27
12.229981,7,7,4.73,0,0,0,4.95,1,0.22
12.234986,13,13,4.66,0,0,0,4.42,1,-0.24
12.239991,-17,-17,4.59,0,0,0,4.42,1,-0.17
12.244996,-11,-11,4.66,-2,0,0,4.42,1,-0.24
12.25,-21,-21,4.65,-2,0,0,4.42,1,-0.23
12.255005,-25,-25,4.64,0,0,0,4.15,1,-0.489999999999999
12.26001,-43,-43,4.73,0,0,0,4.15,1,-0.58
12.265015,-51,-51,4.64,0,0,0,4.41,1,-0.23
12.27002,-22,-22,4.65,0,0,0,4.41,1,-0.24
12.275025,-23,-23,4.69,0,0,0,4.41,1,-0.28
12.28003,-29,-29,4.72,0,0,0,4.41,1,-0.31
12.285035,-33,-33,4.69,-2,-2,0,4.41,1,-0.28
12.29004,-29,-29,4.71,-2,-2,0,4.41,1,-0.3
12.295044,-31,-31,4.7,0,0,0,3.87,1,-0.83
12.300049,-73,-73,4.78,0,0,0,3.87,1,-0.91
12.305054,-82,-82,4.74,0,-2,0,4.4,1,-0.34
12.310059,-36,-36,4.75,0,-2,0,4.4,1,-0.35
12.315064,-37,-37,4.76,-2,-2,0,4.13,1,-0.63
12.320069,-61,-61,4.84,-2,-2,0,4.13,1,-0.71
12.325074,-69,-69,4.8,-2,0,0,3.86,1,-0.94
12.330079,-84,-84,4.85,-2,0,0,3.86,1,-0.99
12.334961,-87,-87,4.84,-2,0,0,4.12,1,-0.72
12.339966,-69,-69,4.88,-2,0,0,4.12,1,-0.76
12.344971,-72,-72,4.86,-2,0,0,4.12,1,-0.74
12.349976,-64,-64,4.98,-2,0,0,4.12,1,-0.86
12.354981,-67,-67,4.98,-2,-2,0,4.11,1,-0.87
12.359986,-62,-62,4.98,-2,-2,0,4.11,1,-0.87
12.364991,-46,-46,4.86,-2,-2,0,3.84,1,-1.02
12.369996,-44,-44,4.79,-2,-2,0,3.84,1,-0.95
12.375,-32,-32,4.68,-2,-4,0,3.83,1,-0.85
12.380005,-23,-23,4.66,-2,-4,0,3.83,1,-0.83
12.38501,-24,-24,4.58,-2,-2,0,3.55,1,-1.03
12.390015,-40,-40,4.48,-2,-2,0,3.55,1,-0.930000000000001
12.39502,-31,-31,4.37,-2,-4,0,3.81,1,-0.56
12.400025,-3,-3,4.36,-2,-4,0,3.81,1,-0.55
12.40503,-8,-8,4.33,-2,-2,0,3.53,1,-0.8
12.410035,-32,-32,4.32,-2,-2,0,3.53,1,-0.79
12.41504,-30,-30,4.19,-2,-2,0,3.79,1,-0.4
12.420044,2,2,4.15,-2,-2,0,3.79,1,-0.36
12.425049,3,3,4.13,-2,0,0,3.78,1,-0.35
12.430054,-1,-1,4.15,-2,0,0,3.78,1,-0.370000000000001
12.435059,-4,-4,4.05,0,-2,0,4.04,1,-0.00999999999999979
12.440064,28,28,3.97,0,-2,0,4.04,1,0.0699999999999998
12.445069,36,36,3.92,-2,-2,0,4.03,1,0.11
12.450074,34,34,3.91,-2,-2,0,4.03,1,0.12
12.455079,24,24,3.92,-2,-2,0,3.76,1,-0.16
12.459961,-1,-1,3.83,-2,-2,0,3.76,1,-0.0700000000000003
12.464966,9,9,3.84,0,-2,0,3.75,1,-0.0899999999999999
12.469971,5,5,3.82,0,-2,0,3.75,1,-0.0699999999999998
12.474976,-2,-2,3.85,0,0,0,4.01,1,0.16
12.479981,9,9,3.92,0,0,0,4.01,1,0.0899999999999999
12.484986,1,1,3.93,0,0,0,4.28,1,0.35
12.489991,21,21,3.94,0,0,0,4.28,1,0.34
12.494996,27,27,3.92,0,0,0,4.28,1,0.36
12.5,31,31,3.84,0,0,0,4.28,1,0.44
12.505005,38,38,3.93,0,2,0,4.28,1,0.35
12.51001,28,28,3.93,0,2,0,4.28,1,0.35
12.515015,28,28,3.92,0,0,0,4.55,1,0.63
12.52002,52,52,3.87,0,0,0,4.55,1,0.68
12.525025,59,59,3.91,0,0,0,4.28,1,0.37
12.53003,35,35,3.89,0,0,0,4.28,1,0.39
12.535035,37,37,3.91,0,0,0,4.28,1,0.37
12.54004,39,39,3.84,0,0,0,4.28,1,0.44
12.545044,46,46,3.89,0,2,0,4.28,1,0.39
12.550049,40,40,3.87,0,2,0,4.28,1,0.41
12.555054,41,41,3.86,0,2,0,4.55,1,0.69
12.560059,65,65,3.8,0,2,0,4.55,1,0.75
12.565064,72,72,3.84,0,2,0,4.56,1,0.72
12.570069,67,67,3.78,0,2,0,4.56,1,0.78
12.575074,70,70,3.78,2,0,0,4.56,1,0.78
12.580079,71,71,3.61,2,0,0,4.56,1,0.95
12.584961,84,84,3.68,2,2,0,4.57,1,0.89
12.589966,72,72,3.62,2,2,0,4.57,1,0.95
12.594971,65,65,3.69,2,2,0,4.84,1,1.15
12.599976,72,72,3.7,2,2,0,4.84,1,1.14
12.604981,64,64,3.76,4,2,0,4.85,1,1.09
12.609986,56,56,3.75,4,2,0,4.85,1,1.1
12.614991,49,49,3.9,2,2,0,5.13,1,1.23
12.619996,51,51,3.94,2,2,0,5.13,1,1.19
12.625,47,47,4.06,2,2,0,4.87,1,0.81
12.630005,21,21,4.04,2,2,0,4.87,1,0.83
12.63501,26,26,4.12,4,2,0,4.88,1,0.76
12.640015,18,18,4.2,4,2,0,4.88,1,0.68
12.64502,9,9,4.31,2,2,0,5.16,1,0.850000000000001
12.650025,23,23,4.34,2,2,0,5.16,1,0.82
12.65503,26,26,4.39,2,2,0,4.9,1,0.510000000000001
12.660035,5,5,4.43,2,2,0,4.9,1,0.470000000000001
12.66504,3,3,4.52,2,2,0,4.91,1,0.390000000000001
12.670044,-2,-2,4.55,2,2,0,4.91,1,0.36
12.675049,-4,-4,4.64,2,2,0,4.92,1,0.28
12.680054,-10,-10,4.72,2,2,0,4.92,1,0.2
12.685059,-13,-13,4.72,2,2,0,4.93,1,0.21
12.690064,-5,-5,4.74,2,2,0,4.93,1,0.19
12.695069,2,2,4.76,2,2,0,4.93,1,0.17
12.700074,4,4,4.76,2,2,0,4.93,1,0.17
12.705079,5,5,4.79,0,0,0,4.94,1,0.15
12.709961,6,6,4.78,0,0,0,4.94,1,0.16
12.714966,11,11,4.75,0,0,0,4.41,1,-0.34
12.719971,-22,-22,4.71,0,0,0,4.41,1,-0.3
12.724976,-19,-19,4.72,0,0,0,4.41,1,-0.31
12.729981,-22,-22,4.71,0,0,0,4.41,1,-0.3
12.734986,-24,-24,4.72,0,0,0,4.41,1,-0.31
12.739991,-25,-25,4.75,0,0,0,4.41,1,-0.34
12.744996,-26,-26,4.67,0,0,0,4.41,1,-0.26
12.75,-18,-18,4.69,0,0,0,4.41,1,-0.28
12.755005,-20,-20,4.68,-2,-2,0,4.41,1,-0.27
12.76001,-23,-23,4.7,-2,-2,0,4.41,1,-0.29
12.765015,-27,-27,4.68,0,-2,0,3.87,1,-0.81
12.77002,-65,-65,4.68,0,-2,0,3.87,1,-0.81
12.775025,-66,-66,4.67,0,0,0,4.13,1,-0.54
12.78003,-49,-49,4.79,0,0,0,4.13,1,-0.66
12.785035,-59,-59,4.66,-2,-2,0,4.4,1,-0.26
12.79004,-25,-25,4.71,-2,-2,0,4.4,1,-0.31
12.795044,-27,-27,4.69,-2,0,0,3.86,1,-0.830000000000001
12.800049,-71,-71,4.77,-2,0,0,3.86,1,-0.91
12.805054,-81,-81,4.76,-2,-2,0,4.12,1,-0.64
12.810059,-58,-58,4.75,-2,-2,0,4.12,1,-0.63
12.815064,-52,-52,4.73,0,0,0,3.85,1,-0.88
12.820069,-68,-68,4.8,0,0,0,3.85,1,-0.95
12.825074,-76,-76,4.77,-2,-2,0,4.38,1,-0.39
12.830079,-33,-33,4.86,-2,-2,0,4.38,1,-0.48
12.834961,-36,-36,4.81,0,0,0,3.84,1,-0.97
12.839966,-65,-65,4.77,0,0,0,3.84,1,-0.93
12.844971,-52,-52,4.67,-2,-2,0,4.37,1,-0.3
12.849976,-3,-3,4.65,-2,-2,0,4.37,1,-0.28
12.854981,-4,-4,4.61,-2,-2,0,3.83,1,-0.78
12.859986,-44,-44,4.58,-2,-2,0,3.83,1,-0.75
12.864991,-42,-42,4.53,-2,0,0,3.82,1,-0.71
12.869996,-42,-42,4.5,-2,0,0,3.82,1,-0.68
12.875,-45,-45,4.51,-2,0,0,4.08,1,-0.43
12.880005,-31,-31,4.54,-2,0,0,4.08,1,-0.46
12.88501,-37,-37,4.53,-2,0,0,4.08,1,-0.45
12.890015,-35,-35,4.54,-2,0,0,4.08,1,-0.46
12.89502,-28,-28,4.44,0,-2,0,4.07,1,-0.37
12.900025,-13,-13,4.41,0,-2,0,4.07,1,-0.34
12.90503,-12,-12,4.4,0,-2,0,4.07,1,-0.33
12.910035,-17,-17,4.46,0,-2,0,4.07,1,-0.39
12.91504,-28,-28,4.42,-2,0,0,4.06,1,-0.36
12.920044,-22,-22,4.43,-2,0,0,4.06,1,-0.37
12.925049,-17,-17,4.38,-2,0,0,4.06,1,-0.32
12.930054,-16,-16,4.42,-2,0,0,4.06,1,-0.36
12.935059,-21,-21,4.38,0,0,0,4.06,1,-0.32
12.940064,-16,-16,4.36,0,0,0,4.06,1,-0.300000000000001
12.945069,-14,-14,4.35,-2,0,0,4.32,1,-0.0299999999999994
12.950074,3,3,4.39,-2,0,0,4.32,1,-0.0699999999999994
12.955079,-4,-4,4.36,-2,0,0,4.05,1,-0.31
12.959961,-19,-19,4.33,-2,0,0,4.05,1,-0.28
12.964966,-15,-15,4.33,-2,-2,0,4.05,1,-0.28
12.969971,-19,-19,4.35,-2,-2,0,4.05,1,-0.3
12.974976,-27,-27,4.36,0,0,0,3.77,1,-0.59
12.979981,-49,-49,4.39,0,0,0,3.77,1,-0.62
12.984986,-50,-50,4.39,0,0,0,4.3,1,-0.0899999999999999
12.989991,-10,-10,4.45,0,0,0,4.3,1,-0.15
12.994996,-12,-12,4.41,-2,0,0,4.3,1,-0.11
13,-4,-4,4.38,-2,0,0,4.3,1,-0.0800000000000001
13.005005,-1,-1,4.41,0,0,0,4.03,1,-0.38
13.01001,-28,-28,4.44,0,0,0,4.03,1,-0.41
13.015015,-32,-32,4.4,0,0,0,4.3,1,-0.100000000000001
13.02002,-7,-7,4.45,0,0,0,4.3,1,-0.15
13.025025,-10,-10,4.45,0,0,0,4.3,1,-0.15
13.03003,-10,-10,4.49,0,0,0,4.3,1,-0.19
13.035035,-9,-9,4.4,-2,-2,0,4.3,1,-0.100000000000001
13.04004,5,5,4.34,-2,-2,0,4.3,1,-0.04
13.045044,10,10,4.37,0,0,0,3.76,1,-0.61
13.050049,-38,-38,4.4,0,0,0,3.76,1,-0.640000000000001
13.055054,-45,-45,4.37,0,0,0,4.29,1,-0.0800000000000001
13.060059,1,1,4.39,0,0,0,4.29,1,-0.0999999999999996
13.065064,2,2,4.37,0,-2,0,4.29,1,-0.0800000000000001
13.070069,5,5,4.44,0,-2,0,4.29,1,-0.15
13.075074,6,6,4.3,-2,-2,0,4.02,1,-0.28
13.080079,7,7,4.18,-2,-2,0,4.02,1,-0.16
13.084961,19,19,4.17,0,0,0,3.75,1,-0.42
13.089966,-9,-9,4.17,0,0,0,3.75,1,-0.42
13.094971,-18,-18,4.2,0,-2,0,4.28,1,0.0800000000000001
13.099976,18,18,4.21,0,-2,0,4.28,1,0.0700000000000003
13.104981,21,21,4.14,0,0,0,4.01,1,-0.13
13.109986,9,9,4.13,0,0,0,4.01,1,-0.12
13.114991,10,10,4.11,0,0,0,4.27,1,0.159999999999999
13.119996,33,33,4.01,0,0,0,4.27,1,0.26
13.125,42,42,4.02,0,0,0,4.27,1,0.25
13.130005,39,39,4.02,0,0,0,4.27,1,0.25
13.13501,35,35,4,0,0,0,4.27,1,0.27
13.140015,37,37,3.91,0,0,0,4.27,1,0.359999999999999
13.14502,47,47,3.94,0,0,0,4.27,1,0.33
13.150025,43,43,3.88,0,0,0,4.27,1,0.39
13.15503,47,47,3.88,0,2,0,4.27,1,0.39
13.160035,48,48,3.8,0,2,0,4.27,1,0.47
13.16504,55,55,3.85,2,0,0,4.54,1,0.69
13.170044,70,70,3.8,2,0,0,4.54,1,0.74
13.175049,74,74,3.78,2,0,0,4.55,1,0.77
13.180054,80,80,3.68,2,0,0,4.55,1,0.87
13.185059,89,89,3.76,2,2,0,4.55,1,0.79
13.190064,78,78,3.62,2,2,0,4.55,1,0.93
13.195069,87,87,3.61,2,2,0,4.83,1,1.22
13.200074,108,108,3.5,2,2,0,4.83,1,1.33
13.205079,113,113,3.53,4,2,0,4.84,1,1.31
13.209961,98,98,3.48,4,2,0,4.84,1,1.36
13.214966,84,84,3.64,4,2,0,5.11,1,1.47
13.219971,75,75,3.63,4,2,0,5.11,1,1.48
13.224976,67,67,3.8,4,2,0,5.13,1,1.33
13.229981,53,53,3.81,4,2,0,5.13,1,1.32
13.234986,51,51,3.95,2,4,0,5.14,1,1.19
13.239991,34,34,4.01,2,4,0,5.14,1,1.13
13.244996,25,25,4.17,4,2,0,5.15,1,0.98
13.25,15,15,4.2,4,2,0,5.15,1,0.95
13.255005,16,16,4.3,4,2,0,5.17,1,0.87
13.26001,10,10,4.38,4,2,0,5.17,1,0.79
13.265015,1,1,4.53,2,2,0,5.18,1,0.649999999999999
13.27002,-7,-7,4.63,2,2,0,5.18,1,0.55
13.275025,-6,-6,4.64,2,2,0,4.92,1,0.28
13.28003,-18,-18,4.71,2,2,0,4.92,1,0.21
13.285035,-21,-21,4.79,2,2,0,4.93,1,0.14
13.29004,-23,-23,4.87,2,2,0,4.93,1,0.0599999999999996
13.295044,-22,-22,4.87,0,2,0,4.94,1,0.0700000000000003
13.300049,-14,-14,4.88,0,2,0,4.94,1,0.0600000000000005
13.305054,-10,-10,4.9,0,2,0,4.68,1,-0.220000000000001
13.310059,-27,-27,4.93,0,2,0,4.68,1,-0.25
13.315064,-22,-22,4.88,0,0,0,4.68,1,-0.2
13.320069,-10,-10,4.85,0,0,0,4.68,1,-0.17
13.325074,-6,-6,4.79,0,0,0,4.42,1,-0.37
13.330079,-23,-23,4.8,0,0,0,4.42,1,-0.38
13.334961,-27,-27,4.79,-2,0,0,4.42,1,-0.37
13.339966,-29,-29,4.84,-2,0,0,4.42,1,-0.42
13.344971,-33,-33,4.75,0,0,0,4.15,1,-0.6
13.349976,-45,-45,4.75,0,0,0,4.15,1,-0.6
13.354981,-47,-47,4.75,0,0,0,4.41,1,-0.34
13.359986,-32,-32,4.83,0,0,0,4.41,1,-0.42
13.364991,-41,-41,4.74,-2,0,0,4.41,1,-0.33
13.369996,-30,-30,4.77,-2,0,0,4.41,1,-0.359999999999999
13.375,-31,-31,4.75,-2,0,0,4.14,1,-0.61
13.380005,-56,-56,4.82,-2,0,0,4.14,1,-0.680000000000001
13.38501,-65,-65,4.84,-2,0,0,4.14,1,-0.7
13.390015,-65,-65,4.84,-2,0,0,4.14,1,-0.7
13.39502,-62,-62,4.82,0,-2,0,4.13,1,-0.69
13.400025,-57,-57,4.86,0,-2,0,4.13,1,-0.73
13.40503,-62,-62,4.82,0,-2,0,4.13,1,-0.69
13.410035,-57,-57,4.93,0,-2,0,4.13,1,-0.8
13.41504,-62,-62,4.89,-2,-2,0,4.12,1,-0.77
13.420044,-52,-52,4.89,-2,-2,0,4.12,1,-0.77
13.425049,-41,-41,4.81,-2,-2,0,3.85,1,-0.96
13.430054,-48,-48,4.8,-2,-2,0,3.85,1,-0.95
13.435059,-44,-44,4.68,-2,-2,0,3.84,1,-0.84
13.440064,-32,-32,4.68,-2,-2,0,3.84,1,-0.84
13.445069,-33,-33,4.61,-2,-2,0,3.83,1,-0.78
13.450074,-31,-31,4.61,-2,-2,0,3.83,1,-0.78
13.455079,-30,-30,4.51,-2,-2,0,3.82,1,-0.69
13.459961,-20,-20,4.48,-2,-2,0,3.82,1,-0.660000000000001
13.464966,-17,-17,4.37,-2,-4,0,3.82,1,-0.55
13.469971,-14,-14,4.38,-2,-4,0,3.82,1,-0.56
13.474976,-20,-20,4.32,-2,-2,0,3.54,1,-0.78
13.479981,-35,-35,4.28,-2,-2,0,3.54,1,-0.74
13.484986,-31,-31,4.21,-2,0,0,3.79,1,-0.42
13.489991,-12,-12,4.22,-2,0,0,3.79,1,-0.43
13.494996,-19,-19,4.21,-2,-2,0,4.06,1,-0.15
13.5,-2,-2,4.22,-2,-2,0,4.06,1,-0.16
13.505005,-2,-2,4.18,-2,0,0,3.78,1,-0.4
13.51001,-21,-21,4.18,-2,0,0,3.78,1,-0.4
13.515015,-23,-23,4.15,-2,0,0,4.04,1,-0.11
13.52002,-2,-2,4.16,-2,0,0,4.04,1,-0.12
13.525025,-5,-5,4.16,-2,-2,0,4.04,1,-0.12
13.53003,-6,-6,4.18,-2,-2,0,4.04,1,-0.14
13.535035,-5,-5,4.11,-2,-2,0,3.76,1,-0.350000000000001
13.54004,-18,-18,4.08,-2,-2,0,3.76,1,-0.32
13.545044,-16,-16,4.12,0,0,0,3.76,1,-0.36
13.550049,-26,-26,4.14,0,0,0,3.76,1,-0.38
13.555054,-31,-31,4.12,0,0,0,4.29,1,0.17
13.560059,12,12,4.16,0,0,0,4.29,1,0.13
13.565064,8,8,4.17,0,-2,0,4.29,1,0.12
13.570069,7,7,4.23,0,-2,0,4.29,1,0.0599999999999996
13.575074,6,6,4.16,0,0,0,4.02,1,-0.140000000000001
13.580079,-2,-2,4.08,0,0,0,4.02,1,-0.0600000000000005
13.584961,6,6,4.13,0,0,0,4.28,1,0.15
13.589966,14,14,4.16,0,0,0,4.28,1,0.12
13.594971,5,5,4.18,0,0,0,4.28,1,0.100000000000001
13.599976,4,4,4.17,0,0,0,4.28,1,0.11
13.604981,8,8,4.17,0,0,0,4.28,1,0.11
13.609986,8,8,4.19,0,0,0,4.28,1,0.0899999999999999
13.614991,5,5,4.22,0,0,0,4.28,1,0.0600000000000005
13.619996,3,3,4.21,0,0,0,4.28,1,0.0700000000000003
13.625,6,6,4.22,2,0,0,4.28,1,0.0600000000000005
13.630005,8,8,4.22,2,0,0,4.28,1,0.0600000000000005
13.63501,8,8,4.22,0,0,0,4.55,1,0.33
13.640015,29,29,4.2,0,0,0,4.55,1,0.35
13.64502,32,32,4.21,0,0,0,4.29,1,0.0800000000000001
13.650025,13,13,4.2,0,0,0,4.29,1,0.0899999999999999
13.65503,14,14,4.2,0,0,0,4.29,1,0.0899999999999999
13.660035,15,15,4.16,0,0,0,4.29,1,0.13
13.66504,20,20,4.18,0,0,0,4.29,1,0.11
13.670044,19,19,4.16,0,0,0,4.29,1,0.13
13.675049,21,21,4.15,0,0,0,4.29,1,0.14
13.680054,24,24,4.09,0,0,0,4.29,1,0.2
13.685059,29,29,4.11,0,0,0,4.29,1,0.18
13.690064,26,26,4.09,0,0,0,4.29,1,0.2
13.695069,29,29,4.07,2,0,0,4.29,1,0.22
13.700074,32,32,3.99,2,0,0,4.29,1,0.3
13.705079,40,40,4.02,0,0,0,4.56,1,0.54
13.709961,56,56,3.99,0,0,0,4.56,1,0.569999999999999
13.714966,59,59,3.98,0,0,0,4.29,1,0.31
13.719971,42,42,3.9,0,0,0,4.29,1,0.39
13.724976,50,50,3.97,2,2,0,4.29,1,0.32
13.729981,40,40,3.91,2,2,0,4.29,1,0.38
13.734986,43,43,3.92,0,2,0,4.83,1,0.91
13.739991,87,87,3.8,0,2,0,4.83,1,1.03
13.744996,99,99,3.74,2,0,0,4.57,1,0.83
13.75,81,81,3.77,2,0,0,4.57,1,0.8
13.755005,68,68,3.83,2,2,0,4.57,1,0.74
13.76001,56,56,3.74,2,2,0,4.57,1,0.83
13.765015,62,62,3.79,0,2,0,4.85,1,1.06
13.77002,76,76,3.7,0,2,0,4.85,1,1.15
13.775025,76,76,3.8,2,2,0,4.59,1,0.79
13.78003,39,39,3.81,2,2,0,4.59,1,0.78
13.785035,31,31,3.9,2,2,0,4.86,1,0.96
13.79004,41,41,3.84,2,2,0,4.86,1,1.02
13.795044,42,42,3.99,2,2,0,4.87,1,0.88
13.800049,23,23,4.04,2,2,0,4.87,1,0.83
13.805054,13,13,4.2,2,2,0,4.88,1,0.68
13.810059,3,3,4.23,2,2,0,4.88,1,0.649999999999999
13.815064,4,4,4.29,2,2,0,4.89,1,0.6
13.820069,4,4,4.38,2,2,0,4.89,1,0.51
13.825074,-4,-4,4.49,2,2,0,4.9,1,0.41
13.830079,-10,-10,4.57,2,2,0,4.9,1,0.33
13.834961,-8,-8,4.57,2,2,0,4.9,1,0.33
13.839966,0,0,4.6,2,2,0,4.9,1,0.300000000000001
13.844971,3,3,4.63,2,0,0,4.91,1,0.28
13.849976,4,4,4.68,2,0,0,4.91,1,0.23
13.854981,6,6,4.67,0,0,0,4.65,1,-0.0199999999999996
13.859986,-5,-5,4.62,0,0,0,4.65,1,0.0300000000000002
13.864991,4,4,4.61,0,0,0,4.39,1,-0.220000000000001
13.869996,-15,-15,4.61,0,0,0,4.39,1,-0.220000000000001
13.875,-17,-17,4.62,0,2,0,4.39,1,-0.23
13.880005,-17,-17,4.65,0,2,0,4.39,1,-0.260000000000001
13.88501,-18,-18,4.57,0,0,0,4.66,1,0.0899999999999999
13.890015,12,12,4.55,0,0,0,4.66,1,0.11
13.89502,14,14,4.54,0,0,0,4.39,1,-0.15
13.900025,-8,-8,4.5,0,0,0,4.39,1,-0.11
13.90503,-8,-8,4.55,0,0,0,4.39,1,-0.16
13.910035,-15,-15,4.53,0,0,0,4.39,1,-0.140000000000001
13.91504,-14,-14,4.5,0,2,0,4.39,1,-0.11
13.920044,-12,-12,4.56,0,2,0,4.39,1,-0.17
13.925049,-19,-19,4.53,0,0,0,4.66,1,0.13
13.930054,3,3,4.54,0,0,0,4.66,1,0.12
13.935059,3,3,4.54,0,0,0,4.39,1,-0.15
13.940064,-18,-18,4.53,0,0,0,4.39,1,-0.140000000000001
13.945069,-20,-20,4.58,-2,0,0,4.39,1,-0.19
13.950074,-26,-26,4.6,-2,0,0,4.39,1,-0.21
13.955079,-28,-28,4.59,0,0,0,4.12,1,-0.47
13.959961,-48,-48,4.67,0,0,0,4.12,1,-0.55
13.964966,-54,-54,4.61,0,-2,0,4.39,1,-0.220000000000001
13.969971,-28,-28,4.64,0,-2,0,4.39,1,-0.25
13.974976,-32,-32,4.67,0,0,0,4.12,1,-0.55
13.979981,-59,-59,4.74,0,0,0,4.12,1,-0.62
13.984986,-65,-65,4.7,0,0,0,4.39,1,-0.31
13.989991,-38,-38,4.72,0,0,0,4.39,1,-0.33
13.994996,-40,-40,4.74,0,0,0,4.39,1,-0.350000000000001
14,-45,-45,4.84,0,0,0,4.39,1,-0.45
14.005005,-55,-55,4.79,0,0,0,4.39,1,-0.4
14.01001,-47,-47,4.82,0,0,0,4.39,1,-0.430000000000001
14.015015,-49,-49,4.84,-2,-2,0,4.39,1,-0.45
14.02002,-55,-55,4.95,-2,-2,0,4.39,1,-0.56
14.025025,-65,-65,4.96,-2,0,0,3.85,1,-1.11
14.03003,-100,-100,4.99,-2,0,0,3.85,1,-1.14
14.035035,-97,-97,4.96,0,-2,0,4.11,1,-0.85
14.04004,-75,-75,5.03,0,-2,0,4.11,1,-0.92
14.045044,-83,-83,5.11,-2,-4,0,4.1,1,-1.01
14.050049,-83,-83,5.15,-2,-4,0,4.1,1,-1.05
14.055054,-64,-64,4.92,-2,-4,0,3.56,1,-1.36
14.060059,-62,-62,4.87,-2,-4,0,3.56,1,-1.31
14.065064,-47,-47,4.69,-4,-2,0,3.55,1,-1.14
14.070069,-33,-33,4.61,-4,-2,0,3.55,1,-1.06
14.075074,-31,-31,4.51,-4,-4,0,3.53,1,-0.98
14.080079,-28,-28,4.48,-4,-4,0,3.53,1,-0.950000000000001
14.084961,-32,-32,4.36,-2,-2,0,3.25,1,-1.11
14.089966,-51,-51,4.42,-2,-2,0,3.25,1,-1.17
14.094971,-64,-64,4.38,-4,-2,0,3.77,1,-0.61
14.099976,-19,-19,4.35,-4,-2,0,3.77,1,-0.58
14.104981,-7,-7,4.23,-4,-2,0,3.49,1,-0.74
14.109986,-15,-15,4.25,-4,-2,0,3.49,1,-0.76
14.114991,-13,-13,4.1,-4,-4,0,3.48,1,-0.62
14.119996,-1,-1,4.03,-4,-4,0,3.48,1,-0.55
14.125,8,8,3.92,-2,-2,0,3.2,1,-0.72
14.130005,-6,-6,3.81,-2,-2,0,3.2,1,-0.61
14.13501,-5,-5,3.81,-2,-2,0,3.72,1,-0.0899999999999999
14.140015,26,26,3.81,-2,-2,0,3.72,1,-0.0899999999999999
14.14502,21,21,3.74,0,-2,0,3.71,1,-0.0300000000000002
14.150025,26,26,3.69,0,-2,0,3.71,1,0.02
14.15503,27,27,3.66,0,-2,0,3.97,1,0.31
14.160035,43,43,3.63,0,-2,0,3.97,1,0.34
14.16504,42,42,3.66,0,0,0,3.97,1,0.31
14.170044,34,34,3.64,0,0,0,3.97,1,0.33
14.175049,29,29,3.68,0,0,0,4.24,1,0.56
14.180054,39,39,3.69,0,0,0,4.24,1,0.55
14.185059,37,37,3.74,0,2,0,4.24,1,0.5
14.190064,35,35,3.74,0,2,0,4.24,1,0.5
14.195069,37,37,3.75,2,0,0,4.51,1,0.76
14.200074,59,59,3.67,2,0,0,4.51,1,0.84
14.205079,67,67,3.76,0,2,0,4.51,1,0.75
14.209961,58,58,3.76,0,2,0,4.51,1,0.75
14.214966,60,60,3.75,0,2,0,4.51,1,0.76
14.219971,65,65,3.64,0,2,0,4.51,1,0.87
14.224976,76,76,3.74,0,2,0,4.52,1,0.779999999999999
14.229981,64,64,3.72,0,2,0,4.52,1,0.799999999999999
14.234986,65,65,3.68,2,0,0,4.52,1,0.839999999999999
14.239991,73,73,3.6,2,0,0,4.52,1,0.919999999999999
14.244996,80,80,3.62,2,2,0,4.53,1,0.91
14.25,73,73,3.58,2,2,0,4.53,1,0.95
14.255005,66,66,3.63,2,2,0,4.8,1,1.17
14.26001,75,75,3.67,2,2,0,4.8,1,1.13
14.265015,63,63,3.75,2,2,0,4.81,1,1.06
14.27002,49,49,3.79,2,2,0,4.81,1,1.02
14.275025,38,38,3.95,2,2,0,4.82,1,0.87
14.28003,18,18,3.99,2,2,0,4.82,1,0.83
14.285035,17,17,4.1,2,2,0,4.83,1,0.73
14.29004,13,13,4.15,2,2,0,4.83,1,0.68
14.295044,14,14,4.21,4,2,0,4.84,1,0.63
14.300049,12,12,4.26,4,2,0,4.84,1,0.58
14.305054,9,9,4.35,2,2,0,5.11,1,0.760000000000001
14.310059,28,28,4.39,2,2,0,5.11,1,0.720000000000001
14.315064,32,32,4.42,0,2,0,4.86,1,0.44
14.320069,14,14,4.39,0,2,0,4.86,1,0.470000000000001
14.325074,18,18,4.45,2,2,0,4.6,1,0.149999999999999
14.330079,-5,-5,4.45,2,2,0,4.6,1,0.149999999999999
14.334961,-7,-7,4.53,0,0,0,4.87,1,0.34
14.339966,7,7,4.6,0,0,0,4.87,1,0.27
14.344971,4,4,4.57,2,2,0,4.34,1,-0.23
14.349976,-25,-25,4.59,2,2,0,4.34,1,-0.25
14.354981,-19,-19,4.58,0,0,0,4.88,1,0.3
14.359986,24,24,4.59,0,0,0,4.88,1,0.29
14.364991,25,25,4.56,2,2,0,4.35,1,-0.21
14.369996,-6,-6,4.54,2,2,0,4.35,1,-0.19
14.375,2,2,4.47,0,-2,0,4.89,1,0.42
14.380005,50,50,4.42,0,-2,0,4.89,1,0.47
14.38501,52,52,4.43,0,0,0,4.09,1,-0.34
14.390015,-13,-13,4.41,0,0,0,4.09,1,-0.32
14.39502,-13,-13,4.37,0,0,0,4.35,1,-0.0200000000000005
14.400025,11,11,4.36,0,0,0,4.35,1,-0.0100000000000007
14.40503,12,12,4.3,0,0,0,4.35,1,0.0499999999999998
14.410035,17,17,4.27,0,0,0,4.35,1,0.0800000000000001
14.41504,17,17,4.27,0,0,0,4.35,1,0.0800000000000001
14.420044,16,16,4.21,0,0,0,4.35,1,0.14
14.425049,19,19,4.24,0,0,0,4.35,1,0.109999999999999
14.430054,14,14,4.19,0,0,0,4.35,1,0.159999999999999
14.435059,17,17,4.17,2,0,0,4.35,1,0.18
14.440064,17,17,4.17,2,0,0,4.35,1,0.18
14.445069,15,15,4.17,0,2,0,4.62,1,0.45
14.450074,33,33,4.16,0,2,0,4.62,1,0.46
14.455079,33,33,4.19,0,0,0,4.63,1,0.44
14.459961,30,30,4.15,0,0,0,4.63,1,0.48
14.464966,33,33,4.14,0,0,0,4.36,1,0.220000000000001
14.469971,13,13,4.11,0,0,0,4.36,1,0.25
14.474976,11,11,4.19,0,0,0,4.36,1,0.17
14.479981,-1,-1,4.23,0,0,0,4.36,1,0.13
14.484986,-5,-5,4.21,0,0,0,4.36,1,0.15
14.489991,3,3,4.2,0,0,0,4.36,1,0.16
14.494996,7,7,4.25,0,0,0,4.36,1,0.11
14.5,-1,-1,4.26,0,0,0,4.36,1,0.100000000000001
14.505005,-2,-2,4.25,0,0,0,4.36,1,0.11
14.51001,2,2,4.24,0,0,0,4.36,1,0.12
14.515015,6,6,4.25,0,0,0,4.36,1,0.11
14.52002,2,2,4.27,0,0,0,4.36,1,0.0900000000000007
14.525025,-2,-2,4.28,0,0,0,4.36,1,0.0800000000000001
14.53003,-3,-3,4.27,0,0,0,4.36,1,0.0900000000000007
14.535035,-1,-1,4.29,0,0,0,4.36,1,0.0700000000000003
14.54004,-3,-3,4.31,0,0,0,4.36,1,0.0500000000000007
14.545044,-7,-7,4.31,0,0,0,4.36,1,0.0500000000000007
14.550049,-7,-7,4.33,0,0,0,4.36,1,0.0300000000000002
14.555054,-8,-8,4.35,0,0,0,4.36,1,0.0100000000000007
14.560059,-11,-11,4.38,0,0,0,4.36,1,-0.0199999999999996
14.565064,-14,-14,4.39,0,0,0,4.36,1,-0.0299999999999994
14.570069,-14,-14,4.41,0,0,0,4.36,1,-0.0499999999999998
14.575074,-15,-15,4.42,0,0,0,4.36,1,-0.0599999999999996
14.580079,-16,-16,4.45,0,0,0,4.36,1,-0.0899999999999999
14.584961,-20,-20,4.45,0,0,0,4.36,1,-0.0899999999999999
14.589966,-20,-20,4.47,0,0,0,4.36,1,-0.109999999999999
14.594971,-22,-22,4.49,0,0,0,4.36,1,-0.13
14.599976,-25,-25,4.56,0,0,0,4.36,1,-0.199999999999999
14.604981,-31,-31,4.53,-2,0,0,4.36,1,-0.17
14.609986,-27,-27,4.56,-2,0,0,4.36,1,-0.199999999999999
14.614991,-29,-29,4.58,0,0,0,4.09,1,-0.49
14.619996,-53,-53,4.66,0,0,0,4.09,1,-0.57
14.625,-61,-61,4.63,0,-2,0,4.36,1,-0.27
14.630005,-36,-36,4.66,0,-2,0,4.36,1,-0.3
14.63501,-38,-38,4.68,-2,-2,0,4.09,1,-0.59
14.640015,-63,-63,4.77,-2,-2,0,4.09,1,-0.68
14.64502,-71,-71,4.72,0,0,0,3.81,1,-0.91
14.650025,-84,-84,4.77,0,0,0,3.81,1,-0.96
14.65503,-87,-87,4.78,0,-2,0,4.34,1,-0.44
14.660035,-51,-51,4.9,0,-2,0,4.34,1,-0.56
14.66504,-62,-62,4.86,-2,-2,0,4.07,1,-0.79
14.670044,-69,-69,4.96,-2,-2,0,4.07,1,-0.89
14.675049,-66,-66,4.8,-4,-4,0,3.8,1,-1
14.680054,-69,-69,4.84,-4,-4,0,3.8,1,-1.04
14.685059,-71,-71,4.83,-4,-2,0,3.25,1,-1.58
14.690064,-108,-108,4.84,-4,-2,0,3.25,1,-1.59
14.695069,-97,-97,4.7,-2,-2,0,3.5,1,-1.2
14.700074,-51,-51,4.7,-2,-2,0,3.5,1,-1.2
14.705079,-44,-44,4.53,-4,-4,0,3.76,1,-0.77
14.709961,-8,-8,4.57,-4,-4,0,3.76,1,-0.81
14.714966,-4,-4,4.38,-4,-4,0,3.21,1,-1.17
14.719971,-24,-24,4.24,-4,-4,0,3.21,1,-1.03
14.724976,-6,-6,4.13,-2,-2,0,3.19,1,-0.94
14.729981,0,0,3.93,-2,-2,0,3.19,1,-0.74
14.734986,6,6,3.85,-2,-4,0,3.72,1,-0.13
14.739991,41,41,3.82,-2,-4,0,3.72,1,-0.0999999999999996
14.744996,30,30,3.82,-2,-2,0,3.44,1,-0.38
14.75,-1,-1,3.8,-2,-2,0,3.44,1,-0.36
14.755005,1,1,3.7,-2,-2,0,3.7,1,0
14.76001,29,29,3.63,-2,-2,0,3.7,1,0.0700000000000003
14.765015,31,31,3.64,-2,0,0,3.69,1,0.0499999999999998
14.77002,22,22,3.65,-2,0,0,3.69,1,0.04
14.775025,16,16,3.63,0,0,0,3.95,1,0.32
14.78003,36,36,3.56,0,0,0,3.95,1,0.39
14.785035,41,41,3.59,0,0,0,4.21,1,0.62
14.79004,52,52,3.6,0,0,0,4.21,1,0.61
14.795044,47,47,3.63,0,0,0,4.21,1,0.58
14.800049,44,44,3.55,0,0,0,4.21,1,0.66
14.805054,52,52,3.66,0,0,0,4.21,1,0.55
14.810059,43,43,3.63,0,0,0,4.21,1,0.58
14.815064,49,49,3.62,0,0,0,4.21,1,0.59
14.820069,55,55,3.5,0,0,0,4.21,1,0.71
14.825074,67,67,3.58,0,2,0,4.21,1,0.63
14.830079,57,57,3.57,0,2,0,4.21,1,0.64
14.834961,57,57,3.58,2,2,0,4.48,1,0.9
14.839966,80,80,3.44,2,2,0,4.48,1,1.04
14.844971,94,94,3.42,2,2,0,4.76,1,1.34
14.849976,112,112,3.44,2,2,0,4.76,1,1.32
14.854981,99,99,3.5,2,2,0,4.77,1,1.27
14.859986,89,89,3.43,2,2,0,4.77,1,1.34
14.864991,93,93,3.39,2,2,0,4.78,1,1.39
14.869996,89,89,3.36,2,2,0,4.78,1,1.42
14.875,75,75,3.58,2,2,0,4.78,1,1.2
14.880005,41,41,3.64,2,2,0,4.78,1,1.14
14.88501,32,32,3.86,2,2,0,4.79,1,0.93
14.890015,15,15,3.81,2,2,0,4.79,1,0.98
14.89502,24,24,3.86,4,4,0,4.8,1,0.94
14.900025,24,24,3.96,4,4,0,4.8,1,0.84
14.90503,10,10,4.11,4,2,0,5.35,1,1.24
14.910035,38,38,4.21,4,2,0,5.35,1,1.14
14.91504,36,36,4.27,2,2,0,5.1,1,0.83
14.920044,20,20,4.22,2,2,0,5.1,1,0.88
14.925049,29,29,4.34,4,2,0,4.84,1,0.5
14.930054,-2,-2,4.42,4,2,0,4.84,1,0.42
14.935059,-10,-10,4.52,2,2,0,5.12,1,0.600000000000001
14.940064,4,4,4.61,2,2,0,5.12,1,0.51
14.945069,2,2,4.62,2,2,0,4.86,1,0.24
14.950074,-9,-9,4.68,2,2,0,4.86,1,0.180000000000001
14.955079,-5,-5,4.7,2,0,0,4.87,1,0.17
14.959961,-2,-2,4.7,2,0,0,4.87,1,0.17
14.964966,0,0,4.73,2,0,0,4.61,1,-0.12
14.969971,-18,-18,4.75,2,0,0,4.61,1,-0.14
14.974976,-14,-14,4.72,0,2,0,4.61,1,-0.109999999999999
14.979981,-7,-7,4.73,0,2,0,4.61,1,-0.12
14.984986,-5,-5,4.68,0,0,0,4.62,1,-0.0599999999999996
14.989991,1,1,4.67,0,0,0,4.62,1,-0.0499999999999998
14.994996,4,4,4.64,0,0,0,4.35,1,-0.29
15,-14,-14,4.6,0,0,0,4.35,1,-0.25
15.005005,-12,-12,4.6,0,0,0,4.35,1,-0.25
15.01001,-17,-17,4.6,0,0,0,4.35,1,-0.25
15.015015,-19,-19,4.59,0,0,0,4.35,1,-0.24
15.02002,-20,-20,4.63,0,0,0,4.35,1,-0.28
15.025025,-24,-24,4.57,0,0,0,4.35,1,-0.220000000000001
15.03003,-18,-18,4.57,0,0,0,4.35,1,-0.220000000000001
15.035035,-19,-19,4.59,0,0,0,4.35,1,-0.24
15.04004,-24,-24,4.62,0,0,0,4.35,1,-0.27
15.045044,-28,-28,4.6,0,0,0,4.35,1,-0.25
15.050049,-25,-25,4.61,0,0,0,4.35,1,-0.260000000000001
15.055054,-27,-27,4.61,0,-2,0,4.35,1,-0.260000000000001
15.060059,-30,-30,4.68,0,-2,0,4.35,1,-0.33
15.065064,-38,-38,4.64,0,0,0,4.08,1,-0.56
15.070069,-53,-53,4.66,0,0,0,4.08,1,-0.58
15.075074,-55,-55,4.67,0,-2,0,4.35,1,-0.32
15.080079,-39,-39,4.75,0,-2,0,4.35,1,-0.4
15.084961,-48,-48,4.68,0,0,0,4.08,1,-0.6
15.089966,-59,-59,4.73,0,0,0,4.08,1,-0.65
15.094971,-62,-62,4.72,-2,0,0,4.34,1,-0.38
15.099976,-46,-46,4.81,-2,0,0,4.34,1,-0.47
15.104981,-55,-55,4.83,-2,-2,0,4.07,1,-0.76
15.109986,-71,-71,4.89,-2,-2,0,4.07,1,-0.819999999999999
15.114991,-67,-67,4.84,-2,-2,0,3.8,1,-1.04
15.119996,-79,-79,4.94,-2,-2,0,3.8,1,-1.14
15.125,-86,-86,4.94,-2,-2,0,3.79,1,-1.15
15.130005,-84,-84,4.97,-2,-2,0,3.79,1,-1.18
15.13501,-76,-76,4.82,-4,-2,0,3.78,1,-1.04
15.140015,-49,-49,4.82,-4,-2,0,3.78,1,-1.04
15.14502,-42,-42,4.62,-2,-4,0,3.5,1,-1.12
15.150025,-46,-46,4.65,-2,-4,0,3.5,1,-1.15
15.15503,-49,-49,4.55,-4,-4,0,3.49,1,-1.06
15.160035,-41,-41,4.51,-4,-4,0,3.49,1,-1.02
15.16504,-32,-32,4.38,-4,-4,0,3.21,1,-1.17
15.170044,-40,-40,4.32,-4,-4,0,3.21,1,-1.11
15.175049,-34,-34,4.2,-4,-4,0,3.19,1,-1.01
15.180054,-26,-26,4.16,-4,-4,0,3.19,1,-0.97
15.185059,-25,-25,4.08,-4,-4,0,3.17,1,-0.91
15.190064,-24,-24,4.05,-4,-4,0,3.17,1,-0.88
15.195069,-23,-23,3.91,-2,-2,0,3.16,1,-0.75
15.200074,-11,-11,3.85,-2,-2,0,3.16,1,-0.69
15.205079,-7,-7,3.75,-2,-2,0,3.68,1,-0.0699999999999998
15.209961,34,34,3.74,-2,-2,0,3.68,1,-0.0600000000000001
15.214966,28,28,3.69,-2,-2,0,3.67,1,-0.02
15.219971,30,30,3.58,-2,-2,0,3.67,1,0.0899999999999999
15.224976,40,40,3.59,-2,-2,0,3.66,1,0.0700000000000003
15.229981,31,31,3.52,-2,-2,0,3.66,1,0.14
15.234986,26,26,3.52,0,0,0,3.65,1,0.13
15.239991,15,15,3.57,0,0,0,3.65,1,0.0800000000000001
15.244996,2,2,3.63,0,0,0,4.18,1,0.55
15.25,34,34,3.65,0,0,0,4.18,1,0.53
15.255005,33,33,3.68,2,0,0,4.18,1,0.5
15.26001,33,33,3.62,2,0,0,4.18,1,0.56
15.265015,40,40,3.72,0,0,0,4.45,1,0.73
15.27002,52,52,3.72,0,0,0,4.45,1,0.73
15.275025,53,53,3.72,2,2,0,4.19,1,0.47
15.28003,37,37,3.64,2,2,0,4.19,1,0.55
15.285035,46,46,3.73,2,0,0,4.73,1,1
15.29004,76,76,3.72,2,0,0,4.73,1,1.01
15.295044,77,77,3.74,2,2,0,4.47,1,0.73
15.300049,60,60,3.63,2,2,0,4.47,1,0.84
15.305054,72,72,3.67,2,0,0,4.74,1,1.07
15.310059,84,84,3.57,2,0,0,4.74,1,1.17
15.315064,85,85,3.66,2,2,0,4.48,1,0.82
15.320069,51,51,3.64,2,2,0,4.48,1,0.84
15.325074,44,44,3.68,4,4,0,4.75,1,1.07
15.330079,50,50,3.72,4,4,0,4.75,1,1.03
15.334961,32,32,3.92,4,4,0,5.3,1,1.38
15.339966,45,45,4,4,4,0,5.3,1,1.3
15.344971,36,36,4.18,2,4,0,5.32,1,1.14
15.349976,28,28,4.3,2,4,0,5.32,1,1.02
15.354981,26,26,4.34,2,4,0,5.07,1,0.73
15.359986,15,15,4.31,2,4,0,5.07,1,0.760000000000001
15.364991,25,25,4.39,2,2,0,5.08,1,0.69
15.369996,16,16,4.51,2,2,0,5.08,1,0.57
15.375,2,2,4.62,2,2,0,4.82,1,0.2
15.380005,-24,-24,4.67,2,2,0,4.82,1,0.15
15.38501,-20,-20,4.67,2,2,0,4.83,1,0.16
15.390015,-11,-11,4.71,2,2,0,4.83,1,0.12
15.39502,-10,-10,4.78,0,0,0,4.84,1,0.0599999999999996
15.400025,-14,-14,4.82,0,0,0,4.84,1,0.0199999999999996
15.40503,-13,-13,4.82,0,0,0,4.31,1,-0.510000000000001
15.410035,-44,-44,4.82,0,0,0,4.31,1,-0.510000000000001
15.41504,-35,-35,4.79,0,0,0,4.31,1,-0.48
15.420044,-28,-28,4.8,0,0,0,4.31,1,-0.49
15.425049,-28,-28,4.71,0,0,0,4.31,1,-0.4
15.430054,-17,-17,4.71,0,0,0,4.31,1,-0.4
15.435059,-15,-15,4.66,0,0,0,4.31,1,-0.350000000000001
15.440064,-14,-14,4.66,0,0,0,4.31,1,-0.350000000000001
15.445069,-17,-17,4.63,-2,0,0,4.31,1,-0.32
15.450074,-16,-16,4.61,-2,0,0,4.31,1,-0.300000000000001
15.455079,-15,-15,4.58,0,0,0,4.04,1,-0.54
15.459961,-34,-34,4.62,0,0,0,4.04,1,-0.58
15.464966,-38,-38,4.57,0,0,0,4.3,1,-0.27
15.469971,-14,-14,4.55,0,0,0,4.3,1,-0.25
15.474976,-13,-13,4.54,0,0,0,4.3,1,-0.24
15.479981,-15,-15,4.56,0,0,0,4.3,1,-0.26
15.484986,-19,-19,4.53,0,-2,0,4.3,1,-0.23
15.489991,-16,-16,4.52,0,-2,0,4.3,1,-0.22
15.494996,-16,-16,4.51,0,0,0,4.03,1,-0.48
15.5,-37,-37,4.56,0,0,0,4.03,1,-0.529999999999999
15.505005,-42,-42,4.53,0,0,0,4.3,1,-0.23
15.51001,-20,-20,4.53,0,0,0,4.3,1,-0.23
15.515015,-20,-20,4.52,0,0,0,4.3,1,-0.22
15.52002,-22,-22,4.57,0,0,0,4.3,1,-0.27
15.525025,-27,-27,4.54,0,0,0,4.3,1,-0.24
15.53003,-23,-23,4.55,0,0,0,4.3,1,-0.25
15.535035,-24,-24,4.54,0,0,0,4.3,1,-0.24
15.54004,-26,-26,4.59,0,0,0,4.3,1,-0.29
15.545044,-32,-32,4.57,0,-2,0,4.3,1,-0.27
15.550049,-29,-29,4.57,0,-2,0,4.3,1,-0.27
15.555054,-27,-27,4.57,0,0,0,4.03,1,-0.54
15.560059,-50,-50,4.64,0,0,0,4.03,1,-0.609999999999999
15.565064,-56,-56,4.61,0,0,0,4.3,1,-0.31
15.570069,-33,-33,4.61,0,0,0,4.3,1,-0.31
15.575074,-33,-33,4.62,0,0,0,4.3,1,-0.32
15.580079,-36,-36,4.71,0,0,0,4.3,1,-0.41
15.584961,-46,-46,4.69,0,-2,0,4.3,1,-0.390000000000001
15.589966,-43,-43,4.73,0,-2,0,4.3,1,-0.430000000000001
15.594971,-43,-43,4.73,0,0,0,4.03,1,-0.7
15.599976,-63,-63,4.8,0,0,0,4.03,1,-0.77
15.604981,-66,-66,4.79,-2,-2,0,4.29,1,-0.5
15.609986,-40,-40,4.8,-2,-2,0,4.29,1,-0.51
15.614991,-33,-33,4.7,0,-2,0,3.75,1,-0.95
15.619996,-62,-62,4.72,0,-2,0,3.75,1,-0.97
15.625,-66,-66,4.75,-2,-2,0,4.01,1,-0.74
15.630005,-52,-52,4.77,-2,-2,0,4.01,1,-0.76
15.63501,-51,-51,4.68,0,-2,0,3.74,1,-0.94
15.640015,-58,-58,4.68,0,-2,0,3.74,1,-0.94
15.64502,-59,-59,4.68,0,-2,0,4,1,-0.68
15.650025,-40,-40,4.75,0,-2,0,4,1,-0.75
15.65503,-42,-42,4.63,-2,0,0,4,1,-0.63
15.660035,-23,-23,4.6,-2,0,0,4,1,-0.6
15.66504,-17,-17,4.5,0,-2,0,3.99,1,-0.51
15.670044,-10,-10,4.52,0,-2,0,3.99,1,-0.529999999999999
15.675049,-17,-17,4.47,0,-2,0,3.99,1,-0.48
15.680054,-11,-11,4.41,0,-2,0,3.99,1,-0.42
15.685059,-1,-1,4.32,-2,0,0,3.98,1,-0.34
15.690064,5,5,4.3,-2,0,0,3.98,1,-0.32
15.695069,1,1,4.28,-2,-2,0,3.98,1,-0.3
15.700074,-2,-2,4.22,-2,-2,0,3.98,1,-0.24
15.705079,4,4,4.16,-2,-2,0,3.7,1,-0.46
15.709961,-16,-16,4.14,-2,-2,0,3.7,1,-0.44
15.714966,-21,-21,4.15,0,0,0,3.7,1,-0.45
15.719971,-29,-29,4.2,0,0,0,3.7,1,-0.5
15.724976,-36,-36,4.18,0,0,0,4.23,1,0.0500000000000007
15.729981,8,8,4.18,0,0,0,4.23,1,0.0500000000000007
15.734986,11,11,4.14,0,0,0,4.23,1,0.0900000000000007
15.739991,15,15,4.09,0,0,0,4.23,1,0.140000000000001
15.744996,15,15,4.15,0,0,0,4.23,1,0.0800000000000001
15.75,6,6,4.17,0,0,0,4.23,1,0.0600000000000005
15.755005,2,2,4.18,0,0,0,4.23,1,0.0500000000000007
15.76001,3,3,4.2,0,0,0,4.23,1,0.0300000000000002
15.765015,5,5,4.19,0,0,0,4.23,1,0.04
15.77002,8,8,4.18,0,0,0,4.23,1,0.0500000000000007
15.775025,10,10,4.19,0,0,0,4.23,1,0.04
15.78003,11,11,4.15,0,0,0,4.23,1,0.0800000000000001
15.785035,13,13,4.18,0,0,0,4.23,1,0.0500000000000007
15.79004,12,12,4.17,0,0,0,4.23,1,0.0600000000000005
15.795044,14,14,4.15,0,0,0,4.23,1,0.0800000000000001
15.800049,18,18,4.11,0,0,0,4.23,1,0.12
15.805054,22,22,4.12,0,0,0,4.23,1,0.11
15.810059,20,20,4.11,0,0,0,4.23,1,0.12
15.815064,22,22,4.09,0,2,0,4.23,1,0.140000000000001
15.820069,25,25,4.02,0,2,0,4.23,1,0.210000000000001
15.825074,32,32,4.04,0,0,0,4.5,1,0.46
15.830079,49,49,4.02,0,0,0,4.5,1,0.48
15.834961,51,51,4,0,0,0,4.23,1,0.23
15.839966,35,35,3.89,0,0,0,4.23,1,0.34
15.844971,45,45,3.97,0,2,0,4.23,1,0.26
15.849976,34,34,3.91,0,2,0,4.23,1,0.32
15.854981,37,37,3.91,0,0,0,4.5,1,0.59
15.859986,62,62,3.83,0,0,0,4.5,1,0.67
15.864991,71,71,3.84,0,0,0,4.24,1,0.4
15.869996,46,46,3.82,0,0,0,4.24,1,0.42
15.875,46,46,3.83,2,2,0,4.24,1,0.41
15.880005,43,43,3.7,2,2,0,4.24,1,0.54
15.88501,52,52,3.74,0,0,0,4.78,1,1.04
15.890015,84,84,3.75,0,0,0,4.78,1,1.03
15.89502,75,75,3.78,2,2,0,4.24,1,0.46
15.900025,30,30,3.68,2,2,0,4.24,1,0.56
15.90503,37,37,3.71,2,2,0,4.78,1,1.07
15.910035,70,70,3.67,2,2,0,4.78,1,1.11
15.91504,63,63,3.82,2,2,0,4.79,1,0.97
15.920044,42,42,3.82,2,2,0,4.79,1,0.97
15.925049,38,38,3.87,4,4,0,4.8,1,0.93
15.930054,36,36,3.87,4,4,0,4.8,1,0.93
15.935059,30,30,4.05,4,4,0,5.35,1,1.3
15.940064,48,48,4.09,4,4,0,5.35,1,1.26
15.945069,44,44,4.24,2,2,0,5.37,1,1.13
15.950074,38,38,4.27,2,2,0,5.37,1,1.1
15.955079,43,43,4.3,4,4,0,4.84,1,0.54
15.959961,5,5,4.33,4,4,0,4.84,1,0.51
15.964966,1,1,4.43,0,4,0,5.39,1,0.96
15.969971,33,33,4.43,0,4,0,5.39,1,0.96
15.974976,31,31,4.56,2,2,0,4.87,1,0.31
15.979981,-22,-22,4.61,2,2,0,4.87,1,0.26
15.984986,-27,-27,4.66,2,2,0,4.88,1,0.22
15.989991,-25,-25,4.68,2,2,0,4.88,1,0.2
15.994996,-27,-27,4.81,2,2,0,4.89,1,0.0800000000000001
16,-41,-41,4.96,2,2,0,4.89,1,-0.0700000000000003
16.005005,-53,-53,4.98,2,0,0,4.9,1,-0.0800000000000001
16.01001,-42,-42,5.07,2,0,0,4.9,1,-0.17
16.015015,-36,-36,5.06,0,0,0,4.63,1,-0.43
16.02002,-44,-44,5.03,0,0,0,4.63,1,-0.4
16.025025,-33,-33,4.97,0,0,0,4.37,1,-0.6
16.03003,-47,-47,4.99,0,0,0,4.37,1,-0.62
16.035035,-52,-52,4.99,-2,-2,0,4.37,1,-0.62
16.04004,-56,-56,5.06,-2,-2,0,4.37,1,-0.69
16.045044,-63,-63,4.95,-2,0,0,3.83,1,-1.12
16.050049,-91,-91,4.98,-2,0,0,3.83,1,-1.15
16.055054,-94,-94,4.98,-2,-2,0,4.09,1,-0.890000000000001
16.060059,-80,-80,5.06,-2,-2,0,4.09,1,-0.97
16.065064,-90,-90,5.03,-2,-2,0,3.82,1,-1.21
16.070069,-102,-102,5.12,-2,-2,0,3.82,1,-1.3
16.075074,-102,-102,5.07,-4,-2,0,3.81,1,-1.26
16.080079,-93,-93,5.11,-4,-2,0,3.81,1,-1.3
16.084961,-92,-92,5.13,-2,-4,0,3.53,1,-1.6
16.089966,-106,-106,5.09,-2,-4,0,3.53,1,-1.56
16.094971,-77,-77,4.82,-4,-2,0,3.52,1,-1.3
16.099976,-33,-33,4.77,-4,-2,0,3.52,1,-1.25
16.104981,-24,-24,4.51,-2,-4,0,3.5,1,-1.01
16.109986,-4,-4,4.44,-2,-4,0,3.5,1,-0.94
16.114991,-3,-3,4.31,-2,-4,0,3.49,1,-0.819999999999999
16.119996,1,1,4.19,-2,-4,0,3.49,1,-0.7
16.125,5,5,4.14,-4,-2,0,3.48,1,-0.66
16.130005,-2,-2,4.03,-4,-2,0,3.48,1,-0.55
16.13501,0,0,3.92,-2,-2,0,3.46,1,-0.46
16.140015,6,6,3.89,-2,-2,0,3.46,1,-0.43
16.14502,1,1,3.85,-2,-2,0,3.72,1,-0.13
16.150025,16,16,3.8,-2,-2,0,3.72,1,-0.0799999999999996
16.15503,13,13,3.8,-2,-2,0,3.71,1,-0.0899999999999999
16.160035,9,9,3.76,-2,-2,0,3.71,1,-0.0499999999999998
16.16504,9,9,3.75,0,0,0,3.7,1,-0.0499999999999998
16.170044,5,5,3.71,0,0,0,3.7,1,-0.00999999999999979
16.175049,0,0,3.74,0,-2,0,4.24,1,0.5
16.180054,29,29,3.82,0,-2,0,4.24,1,0.42
16.185059,17,17,3.85,0,0,0,3.97,1,0.12
16.190064,-6,-6,3.87,0,0,0,3.97,1,0.1
16.195069,-7,-7,3.9,0,0,0,4.23,1,0.330000000000001
16.200074,9,9,3.96,0,0,0,4.23,1,0.27
16.205079,4,4,3.99,0,0,0,4.23,1,0.24
16.209961,4,4,4.02,0,0,0,4.23,1,0.210000000000001
16.214966,5,5,4.03,0,0,0,4.23,1,0.2
16.219971,7,7,4.04,0,0,0,4.23,1,0.19
16.224976,6,6,4.09,0,0,0,4.23,1,0.140000000000001
16.229981,1,1,4.12,0,0,0,4.23,1,0.11
16.234986,-1,-1,4.13,0,0,0,4.23,1,0.100000000000001
16.239991,1,1,4.14,0,0,0,4.23,1,0.0900000000000007
16.244996,3,3,4.15,0,0,0,4.23,1,0.0800000000000001
16.25,3,3,4.17,0,0,0,4.23,1,0.0600000000000005
16.255005,1,1,4.2,0,0,0,4.23,1,0.0300000000000002
16.26001,0,0,4.19,0,0,0,4.23,1,0.04
16.265015,2,2,4.2,0,0,0,4.23,1,0.0300000000000002
16.27002,3,3,4.22,0,0,0,4.23,1,0.0100000000000007
16.275025,3,3,4.22,0,0,0,4.23,1,0.0100000000000007
16.28003,3,3,4.22,0,0,0,4.23,1,0.0100000000000007
16.285035,5,5,4.22,0,0,0,4.23,1,0.0100000000000007
16.29004,6,6,4.21,0,0,0,4.23,1,0.0200000000000005
16.295044,7,7,4.21,0,0,0,4.23,1,0.0200000000000005
16.300049,8,8,4.2,0,0,0,4.23,1,0.0300000000000002
16.305054,10,10,4.2,0,0,0,4.23,1,0.0300000000000002
16.310059,11,11,4.19,0,0,0,4.23,1,0.04
16.315064,12,12,4.18,0,0,0,4.23,1,0.0500000000000007
16.320069,13,13,4.15,0,0,0,4.23,1,0.0800000000000001
16.325074,17,17,4.17,0,0,0,4.23,1,0.0600000000000005
16.330079,16,16,4.14,0,0,0,4.23,1,0.0900000000000007
16.334961,18,18,4.13,0,0,0,4.23,1,0.100000000000001
16.339966,21,21,4.08,0,0,0,4.23,1,0.15
16.344971,25,25,4.1,0,0,0,4.23,1,0.130000000000001
16.349976,22,22,4.08,0,0,0,4.23,1,0.15
16.354981,24,24,4.07,0,0,0,4.23,1,0.16
16.359986,28,28,3.99,0,0,0,4.23,1,0.24
16.364991,35,35,4.02,2,0,0,4.23,1,0.210000000000001
16.369996,31,31,3.99,2,0,0,4.23,1,0.24
16.375,34,34,3.97,0,0,0,4.5,1,0.53
16.380005,58,58,3.87,0,0,0,4.5,1,0.63
16.38501,67,67,3.91,2,0,0,4.24,1,0.33
16.390015,40,40,3.87,2,0,0,4.24,1,0.37
16.39502,43,43,3.86,2,2,0,4.51,1,0.65
16.400025,67,67,3.77,2,2,0,4.51,1,0.74
16.40503,75,75,3.82,0,0,0,4.78,1,0.96
16.410035,89,89,3.77,0,0,0,4.78,1,1.01
16.41504,92,92,3.73,2,2,0,4.25,1,0.52
16.420044,57,57,3.57,2,2,0,4.25,1,0.68
16.425049,69,69,3.6,0,2,0,4.79,1,1.19
16.430054,98,98,3.55,0,2,0,4.79,1,1.24
16.435059,88,88,3.64,2,4,0,4.53,1,0.89
16.440064,50,50,3.6,2,4,0,4.53,1,0.93
16.445069,44,44,3.68,4,2,0,5.07,1,1.39
16.450074,57,57,3.69,4,2,0,5.07,1,1.38
16.455079,30,30,3.88,2,4,0,5.08,1,1.2
16.459961,22,22,3.95,2,4,0,5.08,1,1.13
16.464966,8,8,4.16,4,4,0,5.1,1,0.94
16.469971,9,9,4.19,4,4,0,5.1,1,0.909999999999999
16.474976,23,23,4.29,4,2,0,5.38,1,1.09
16.479981,11,11,4.41,4,2,0,5.38,1,0.97
16.484986,-15,-15,4.55,2,4,0,5.13,1,0.58
16.489991,-15,-15,4.66,2,4,0,5.13,1,0.47
16.494996,-10,-10,4.7,2,2,0,5.14,1,0.44
16.5,-10,-10,4.77,2,2,0,5.14,1,0.37
16.505005,-29,-29,4.83,2,2,0,4.88,1,0.0499999999999998
16.51001,-30,-30,4.93,2,2,0,4.88,1,-0.0499999999999998
16.515015,-19,-19,4.92,0,2,0,4.89,1,-0.0300000000000002
16.52002,-12,-12,4.93,0,2,0,4.89,1,-0.04
16.525025,-25,-25,4.89,0,0,0,4.63,1,-0.26
16.53003,-23,-23,4.91,0,0,0,4.63,1,-0.28
16.535035,-39,-39,4.89,0,0,0,4.36,1,-0.529999999999999
16.54004,-38,-38,4.89,0,0,0,4.36,1,-0.529999999999999
16.545044,-33,-33,4.83,0,0,0,4.36,1,-0.47
16.550049,-37,-37,4.83,0,0,0,4.36,1,-0.47
16.555054,-42,-42,4.84,0,-2,0,4.36,1,-0.48
16.560059,-49,-49,4.92,0,-2,0,4.36,1,-0.56
16.565064,-59,-59,4.83,0,0,0,4.09,1,-0.74
16.570069,-60,-60,4.83,0,0,0,4.09,1,-0.74
16.575074,-45,-45,4.84,0,-2,0,4.36,1,-0.48
16.580079,-56,-56,4.93,0,-2,0,4.36,1,-0.569999999999999
16.584961,-56,-56,4.84,-2,-2,0,4.09,1,-0.75
16.589966,-64,-64,4.87,-2,-2,0,4.09,1,-0.78
16.594971,-66,-66,4.9,-2,-2,0,3.82,1,-1.08
16.599976,-94,-94,4.99,-2,-2,0,3.82,1,-1.17
16.604981,-101,-101,4.91,-2,-2,0,3.81,1,-1.1
16.609986,-85,-85,4.96,-2,-2,0,3.81,1,-1.15
16.614991,-84,-84,4.97,-2,-4,0,3.8,1,-1.17
16.619996,-83,-83,4.98,-2,-4,0,3.8,1,-1.18
16.625,-76,-76,4.89,-2,-4,0,3.52,1,-1.37
16.630005,-75,-75,4.82,-2,-4,0,3.52,1,-1.3
16.63501,-54,-54,4.63,-2,-4,0,3.51,1,-1.12
16.640015,-30,-30,4.58,-2,-4,0,3.51,1,-1.07
16.64502,-27,-27,4.38,-4,-4,0,3.49,1,-0.89
16.650025,-15,-15,4.33,-4,-4,0,3.49,1,-0.84
16.65503,-18,-18,4.32,-2,-2,0,3.21,1,-1.11
16.660035,-45,-45,4.26,-2,-2,0,3.21,1,-1.05
16.66504,-36,-36,4.13,-2,-2,0,3.73,1,-0.4
16.670044,15,15,4.02,-2,-2,0,3.73,1,-0.29
16.675049,20,20,3.96,-2,-2,0,3.73,1,-0.23
16.680054,15,15,3.94,-2,-2,0,3.73,1,-0.21
16.685059,8,8,3.94,0,-2,0,3.72,1,-0.22
16.690064,0,0,3.85,0,-2,0,3.72,1,-0.13
16.695069,1,1,3.85,0,0,0,3.98,1,0.13
16.700074,12,12,3.92,0,0,0,3.98,1,0.0600000000000001
16.705079,-2,-2,3.94,0,0,0,4.24,1,0.3
16.709961,15,15,3.94,0,0,0,4.24,1,0.3
16.714966,15,15,3.95,0,0,0,4.24,1,0.29
16.719971,11,11,3.97,0,0,0,4.24,1,0.27
16.724976,6,6,4.05,0,0,0,4.24,1,0.19
16.729981,-4,-4,4.11,0,0,0,4.24,1,0.13
16.734986,-8,-8,4.13,0,0,0,4.24,1,0.11
16.739991,-8,-8,4.18,0,0,0,4.24,1,0.0600000000000005
16.744996,-9,-9,4.17,0,2,0,4.24,1,0.0700000000000003
16.75,-4,-4,4.2,0,2,0,4.24,1,0.04
16.755005,-5,-5,4.24,0,0,0,4.51,1,0.27
16.76001,12,12,4.25,0,0,0,4.51,1,0.26
16.765015,12,12,4.26,0,0,0,4.25,1,-0.00999999999999979
16.77002,-7,-7,4.29,0,0,0,4.25,1,-0.04
16.775025,-8,-8,4.29,0,0,0,4.25,1,-0.04
16.78003,-8,-8,4.32,0,0,0,4.25,1,-0.0700000000000003
16.785035,-9,-9,4.31,0,-2,0,4.25,1,-0.0599999999999996
16.79004,-6,-6,4.32,0,-2,0,4.25,1,-0.0700000000000003
16.795044,-6,-6,4.34,0,0,0,3.98,1,-0.36
16.800049,-28,-28,4.36,0,0,0,3.98,1,-0.38
16.805054,-28,-28,4.34,0,0,0,4.24,1,-0.0999999999999996
16.810059,-5,-5,4.35,0,0,0,4.24,1,-0.109999999999999
16.815064,-5,-5,4.35,0,0,0,4.24,1,-0.109999999999999
16.820069,-4,-4,4.36,0,0,0,4.24,1,-0.12
16.825074,-4,-4,4.35,0,0,0,4.24,1,-0.109999999999999
16.830079,-3,-3,4.34,0,0,0,4.24,1,-0.0999999999999996
16.834961,-1,-1,4.34,0,0,0,4.24,1,-0.0999999999999996
16.839966,0,0,4.33,0,0,0,4.24,1,-0.0899999999999999
16.844971,1,1,4.33,0,0,0,4.24,1,-0.0899999999999999
16.849976,1,1,4.32,0,0,0,4.24,1,-0.0800000000000001
16.854981,3,3,4.3,0,0,0,4.24,1,-0.0599999999999996
16.859986,5,5,4.29,0,0,0,4.24,1,-0.0499999999999998
16.864991,7,7,4.28,0,0,0,4.24,1,-0.04
16.869996,8,8,4.27,0,0,0,4.24,1,-0.0299999999999994
16.875,9,9,4.26,0,0,0,4.24,1,-0.0199999999999996
16.880005,11,11,4.22,0,0,0,4.24,1,0.0200000000000005
16.88501,14,14,4.23,0,0,0,4.24,1,0.00999999999999979
16.890015,14,14,4.21,0,0,0,4.24,1,0.0300000000000002
16.89502,16,16,4.19,0,0,0,4.24,1,0.0499999999999998
16.900025,19,19,4.13,0,0,0,4.24,1,0.11
16.90503,24,24,4.15,2,2,0,4.24,1,0.0899999999999999
16.910035,21,21,4.12,2,2,0,4.24,1,0.12
16.91504,23,23,4.1,0,0,0,4.78,1,0.680000000000001
16.920044,67,67,4.03,0,0,0,4.78,1,0.75
16.925049,74,74,4.05,0,0,0,4.25,1,0.2
16.930054,30,30,4.02,0,0,0,4.25,1,0.23
16.935059,32,32,4,2,0,0,4.25,1,0.25
16.940064,36,36,3.92,2,0,0,4.25,1,0.33
16.945069,43,43,3.96,0,0,0,4.52,1,0.56
16.950074,58,58,3.94,0,0,0,4.52,1,0.58
16.955079,59,59,3.91,0,0,0,4.26,1,0.35
16.959961,44,44,3.76,0,0,0,4.26,1,0.5
16.964966,56,56,3.85,0,0,0,4.26,1,0.41
16.969971,44,44,3.81,0,0,0,4.26,1,0.45
16.974976,46,46,3.78,2,2,0,4.26,1,0.48
16.979981,52,52,3.63,2,2,0,4.26,1,0.63
16.984986,64,64,3.69,2,2,0,4.8,1,1.11
16.989991,88,88,3.71,2,2,0,4.8,1,1.09
16.994996,77,77,3.74,0,2,0,4.81,1,1.07
17,74,74,3.64,0,2,0,4.81,1,1.17
17.005005,82,82,3.64,2,2,0,4.54,1,0.9
17.01001,56,56,3.62,2,2,0,4.54,1,0.92
17.015015,44,44,3.8,4,2,0,4.82,1,1.02
17.02002,36,36,3.84,4,2,0,4.82,1,0.98
17.025025,31,31,3.95,2,2,0,5.1,1,1.15
17.03003,45,45,3.95,2,2,0,5.1,1,1.15
17.035035,48,48,4.02,2,2,0,4.84,1,0.82
17.04004,24,24,4.05,2,2,0,4.84,1,0.79
17.045044,18,18,4.19,4,4,0,4.85,1,0.659999999999999
17.050049,4,4,4.23,4,4,0,4.85,1,0.619999999999999
17.055054,0,0,4.33,2,2,0,5.4,1,1.07
17.060059,33,33,4.42,2,2,0,5.4,1,0.98
17.065064,28,28,4.45,2,2,0,4.87,1,0.42
17.070069,-8,-8,4.52,2,2,0,4.87,1,0.350000000000001
17.075074,-8,-8,4.58,0,2,0,4.88,1,0.3
17.080079,-9,-9,4.63,0,2,0,4.88,1,0.25
17.084961,-11,-11,4.68,0,2,0,4.62,1,-0.0599999999999996
17.089966,-29,-29,4.73,0,2,0,4.62,1,-0.11
17.094971,-26,-26,4.74,0,0,0,4.63,1,-0.11
17.099976,-21,-21,4.79,0,0,0,4.63,1,-0.16
17.104981,-21,-21,4.73,0,0,0,4.36,1,-0.37
17.109986,-32,-32,4.73,0,0,0,4.36,1,-0.37
17.114991,-28,-28,4.71,0,0,0,4.36,1,-0.35
17.119996,-28,-28,4.74,0,0,0,4.36,1,-0.38
17.125,-33,-33,4.69,0,0,0,4.36,1,-0.33
17.130005,-30,-30,4.71,0,0,0,4.36,1,-0.35
17.13501,-34,-34,4.72,0,0,0,4.36,1,-0.359999999999999
17.140015,-37,-37,4.78,0,0,0,4.36,1,-0.42
17.14502,-44,-44,4.73,-2,-2,0,4.36,1,-0.37
17.150025,-38,-38,4.75,-2,-2,0,4.36,1,-0.39
17.15503,-41,-41,4.76,-2,-2,0,3.82,1,-0.94
17.160035,-85,-85,4.84,-2,-2,0,3.82,1,-1.02
17.16504,-94,-94,4.78,-2,-2,0,3.81,1,-0.97
17.170044,-87,-87,4.86,-2,-2,0,3.81,1,-1.05
17.175049,-93,-93,4.85,0,-2,0,3.8,1,-1.05
17.180054,-92,-92,4.95,0,-2,0,3.8,1,-1.15
17.185059,-95,-95,4.81,-2,-2,0,4.06,1,-0.75
17.190064,-58,-58,4.94,-2,-2,0,4.06,1,-0.880000000000001
17.195069,-61,-61,4.91,-2,-4,0,3.79,1,-1.12
17.200074,-76,-76,4.93,-2,-4,0,3.79,1,-1.14
17.205079,-65,-65,4.83,-4,-2,0,3.51,1,-1.32
17.209961,-66,-66,4.73,-4,-2,0,3.51,1,-1.22
17.214966,-48,-48,4.58,-4,-2,0,3.5,1,-1.08
17.219971,-35,-35,4.56,-4,-2,0,3.5,1,-1.06
17.224976,-38,-38,4.45,-2,-2,0,3.49,1,-0.96
17.229981,-35,-35,4.46,-2,-2,0,3.49,1,-0.97
17.234986,-38,-38,4.38,-4,-2,0,3.74,1,-0.64
17.239991,-12,-12,4.33,-4,-2,0,3.74,1,-0.59
17.244996,-4,-4,4.19,-2,-4,0,3.46,1,-0.73
17.25,-15,-15,4.15,-2,-4,0,3.46,1,-0.69
17.255005,-15,-15,4.08,-4,-2,0,3.45,1,-0.63
17.26001,-12,-12,4.02,-4,-2,0,3.45,1,-0.569999999999999
17.265015,-8,-8,3.94,-2,-2,0,3.44,1,-0.5
17.27002,-6,-6,3.9,-2,-2,0,3.44,1,-0.46
17.275025,-8,-8,3.85,-2,-2,0,3.7,1,-0.15
17.28003,11,11,3.83,-2,-2,0,3.7,1,-0.13
17.285035,9,9,3.81,-2,-2,0,3.69,1,-0.12
17.29004,7,7,3.79,-2,-2,0,3.69,1,-0.1
17.295044,5,5,3.77,-2,-2,0,3.68,1,-0.0899999999999999
17.300049,3,3,3.74,-2,-2,0,3.68,1,-0.0600000000000001
17.305054,4,4,3.75,0,0,0,3.67,1,-0.0800000000000001
17.310059,-2,-2,3.76,0,0,0,3.67,1,-0.0899999999999999
17.315064,-7,-7,3.78,0,0,0,4.2,1,0.42
17.320069,28,28,3.82,0,0,0,4.2,1,0.38
17.325074,24,24,3.82,0,0,0,4.2,1,0.38
17.330079,25,25,3.84,0,0,0,4.2,1,0.36
17.334961,24,24,3.85,0,0,0,4.2,1,0.35
17.339966,24,24,3.81,0,0,0,4.2,1,0.39
17.344971,28,28,3.89,0,0,0,4.2,1,0.31
17.349976,20,20,3.89,0,0,0,4.2,1,0.31
17.354981,19,19,3.91,0,0,0,4.2,1,0.29
17.359986,20,20,3.9,0,0,0,4.2,1,0.3
17.364991,24,24,3.92,0,0,0,4.2,1,0.28
17.369996,23,23,3.92,0,0,0,4.2,1,0.28
17.375,26,26,3.92,0,2,0,4.2,1,0.28
17.380005,28,28,3.86,0,2,0,4.2,1,0.34
17.38501,34,34,3.91,0,0,0,4.47,1,0.56
17.390015,49,49,3.91,0,0,0,4.47,1,0.56
17.39502,50,50,3.9,2,0,0,4.21,1,0.31
17.400025,34,34,3.77,2,0,0,4.21,1,0.44
17.40503,46,46,3.87,2,0,0,4.48,1,0.61
17.410035,54,54,3.85,2,0,0,4.48,1,0.63
17.41504,56,56,3.84,0,2,0,4.48,1,0.640000000000001
17.420044,61,61,3.7,0,2,0,4.48,1,0.78
17.425049,75,75,3.69,2,2,0,4.48,1,0.79
17.430054,71,71,3.72,2,2,0,4.48,1,0.76
17.435059,57,57,3.8,2,2,0,4.76,1,0.96
17.440064,65,65,3.71,2,2,0,4.76,1,1.05
17.445069,71,71,3.76,0,2,0,4.77,1,1.01
17.450074,62,62,3.77,0,2,0,4.77,1,1
17.455079,50,50,3.91,2,2,0,4.51,1,0.6
17.459961,11,11,3.94,2,2,0,4.51,1,0.57
17.464966,10,10,4.06,2,4,0,4.78,1,0.720000000000001
17.469971,23,23,4.02,2,4,0,4.78,1,0.760000000000001
17.474976,30,30,4.1,2,2,0,5.06,1,0.96
17.479981,40,40,4.16,2,2,0,5.06,1,0.899999999999999
17.484986,32,32,4.27,2,2,0,4.8,1,0.53
17.489991,6,6,4.28,2,2,0,4.8,1,0.52
17.494996,10,10,4.33,2,2,0,4.81,1,0.48
17.5,9,9,4.38,2,2,0,4.81,1,0.43
17.505005,5,5,4.43,2,2,0,4.82,1,0.390000000000001
17.51001,4,4,4.47,2,2,0,4.82,1,0.350000000000001
17.515015,6,6,4.5,0,2,0,4.83,1,0.33
17.52002,8,8,4.51,0,2,0,4.83,1,0.32
17.525025,10,10,4.53,0,2,0,4.57,1,0.04
17.53003,-7,-7,4.54,0,2,0,4.57,1,0.0300000000000002
17.535035,-4,-4,4.56,0,0,0,4.57,1,0.0100000000000007
17.54004,-3,-3,4.58,0,0,0,4.57,1,-0.00999999999999979
17.545044,-1,-1,4.55,0,0,0,4.3,1,-0.25
17.550049,-15,-15,4.52,0,0,0,4.3,1,-0.22
17.555054,-9,-9,4.5,0,0,0,4.3,1,-0.2
17.560059,-6,-6,4.49,0,0,0,4.3,1,-0.19
17.565064,-7,-7,4.46,0,0,0,4.3,1,-0.16
17.570069,-5,-5,4.45,0,0,0,4.3,1,-0.15
17.575074,-3,-3,4.42,0,0,0,4.3,1,-0.12
17.580079,-1,-1,4.4,0,0,0,4.3,1,-0.100000000000001
17.584961,-2,-2,4.39,0,0,0,4.3,1,-0.0899999999999999
17.589966,-4,-4,4.39,0,0,0,4.3,1,-0.0899999999999999
17.594971,-6,-6,4.38,0,-2,0,4.3,1,-0.0800000000000001
17.599976,-5,-5,4.38,0,-2,0,4.3,1,-0.0800000000000001
17.604981,-6,-6,4.37,0,0,0,4.03,1,-0.34
17.609986,-26,-26,4.37,0,0,0,4.03,1,-0.34
17.614991,-28,-28,4.37,0,0,0,4.3,1,-0.0700000000000003
17.619996,-10,-10,4.43,0,0,0,4.3,1,-0.13
17.625,-14,-14,4.36,0,0,0,4.3,1,-0.0600000000000005
17.630005,-7,-7,4.37,0,0,0,4.3,1,-0.0700000000000003
17.63501,-8,-8,4.38,0,0,0,4.3,1,-0.0800000000000001
17.640015,-11,-11,4.39,0,0,0,4.3,1,-0.0899999999999999
17.64502,-15,-15,4.41,0,0,0,4.3,1,-0.11
17.650025,-16,-16,4.41,0,0,0,4.3,1,-0.11
17.65503,-17,-17,4.41,-2,0,0,4.3,1,-0.11
17.660035,-17,-17,4.47,-2,0,0,4.3,1,-0.17
17.66504,-23,-23,4.44,0,-2,0,4.03,1,-0.41
17.670044,-41,-41,4.46,0,-2,0,4.03,1,-0.43
17.675049,-43,-43,4.48,0,0,0,4.03,1,-0.45
17.680054,-47,-47,4.55,0,0,0,4.03,1,-0.52
17.685059,-54,-54,4.49,-2,-2,0,4.29,1,-0.2
17.690064,-26,-26,4.53,-2,-2,0,4.29,1,-0.24
17.695069,-29,-29,4.53,-2,-2,0,3.75,1,-0.78
17.700074,-73,-73,4.6,-2,-2,0,3.75,1,-0.85
17.705079,-81,-81,4.62,-2,0,0,3.74,1,-0.88
17.709961,-81,-81,4.66,-2,0,0,3.74,1,-0.92
17.714966,-80,-80,4.62,-2,0,0,4,1,-0.62
17.719971,-54,-54,4.74,-2,0,0,4,1,-0.74
17.724976,-62,-62,4.62,-2,-2,0,4,1,-0.62
17.729981,-48,-48,4.69,-2,-2,0,4,1,-0.69
17.734986,-49,-49,4.69,-2,-2,0,3.73,1,-0.96
17.739991,-69,-69,4.75,-2,-2,0,3.73,1,-1.02
17.744996,-70,-70,4.71,-2,-2,0,3.72,1,-0.99
17.75,-56,-56,4.61,-2,-2,0,3.72,1,-0.89
17.755005,-36,-36,4.49,-2,-4,0,3.71,1,-0.78
17.76001,-22,-22,4.49,-2,-4,0,3.71,1,-0.78
17.765015,-25,-25,4.41,-2,-2,0,3.43,1,-0.98
17.77002,-44,-44,4.42,-2,-2,0,3.43,1,-0.99
17.775025,-46,-46,4.33,-4,-2,0,3.69,1,-0.64
17.78003,-15,-15,4.3,-4,-2,0,3.69,1,-0.61
17.785035,-10,-10,4.21,-2,-2,0,3.41,1,-0.8
17.79004,-25,-25,4.22,-2,-2,0,3.41,1,-0.81
17.795044,-28,-28,4.11,0,-2,0,3.67,1,-0.44
17.800049,2,2,4.08,0,-2,0,3.67,1,-0.41
17.805054,5,5,4,-2,-2,0,3.93,1,-0.0699999999999998
17.810059,28,28,3.98,-2,-2,0,3.93,1,-0.0499999999999998
17.815064,27,27,3.91,-2,-2,0,3.65,1,-0.26
17.820069,15,15,3.74,-2,-2,0,3.65,1,-0.0900000000000003
17.825074,28,28,3.76,0,0,0,3.64,1,-0.12
17.830079,16,16,3.71,0,0,0,3.64,1,-0.0699999999999998
17.834961,7,7,3.72,0,0,0,4.18,1,0.46
17.839966,36,36,3.79,0,0,0,4.18,1,0.39
17.844971,24,24,3.8,0,-2,0,4.18,1,0.38
17.849976,26,26,3.79,0,-2,0,4.18,1,0.39
17.854981,29,29,3.8,0,0,0,3.91,1,0.11
17.859986,9,9,3.73,0,0,0,3.91,1,0.18
17.864991,14,14,3.84,0,0,0,4.17,1,0.33
17.869996,23,23,3.84,0,0,0,4.17,1,0.33
17.875,24,24,3.83,0,0,0,4.17,1,0.34
17.880005,30,30,3.78,0,0,0,4.17,1,0.39
17.88501,37,37,3.81,2,0,0,4.17,1,0.36
17.890015,34,34,3.8,2,0,0,4.17,1,0.37
17.89502,35,35,3.81,0,2,0,4.44,1,0.63
17.900025,57,57,3.72,0,2,0,4.44,1,0.72
17.90503,65,65,3.79,0,0,0,4.45,1,0.66
17.910035,59,59,3.76,0,0,0,4.45,1,0.69
17.91504,61,61,3.77,0,2,0,4.18,1,0.41
17.920044,45,45,3.68,0,2,0,4.18,1,0.5
17.925049,54,54,3.75,2,2,0,4.45,1,0.7
17.930054,64,64,3.67,2,2,0,4.45,1,0.78
17.935059,66,66,3.72,2,0,0,4.72,1,1
17.940064,75,75,3.64,2,0,0,4.72,1,1.08
17.945069,76,76,3.69,2,2,0,4.46,1,0.77
17.950074,45,45,3.68,2,2,0,4.46,1,0.78
17.955079,38,38,3.81,2,2,0,4.74,1,0.93
17.959961,39,39,3.83,2,2,0,4.74,1,0.91
17.964966,35,35,3.93,2,2,0,4.75,1,0.82
17.969971,29,29,3.96,2,2,0,4.75,1,0.79
17.974976,29,29,4.03,2,4,0,4.75,1,0.72
17.979981,23,23,4.06,2,4,0,4.75,1,0.69
17.984986,21,21,4.13,2,2,0,5.03,1,0.9
17.989991,40,40,4.16,2,2,0,5.03,1,0.87
17.994996,40,40,4.24,2,2,0,4.78,1,0.54
18,15,15,4.21,2,2,0,4.78,1,0.57
18.005005,18,18,4.25,2,2,0,4.78,1,0.53
18.01001,18,18,4.25,2,2,0,4.78,1,0.53
18.015015,15,15,4.36,2,2,0,4.79,1,0.43
18.02002,1,1,4.42,2,2,0,4.79,1,0.37
18.025025,-2,-2,4.44,2,2,0,4.8,1,0.359999999999999
18.03003,3,3,4.45,2,2,0,4.8,1,0.35
18.035035,8,8,4.51,0,0,0,4.81,1,0.3
18.04004,3,3,4.55,0,0,0,4.81,1,0.26
18.045044,0,0,4.57,0,2,0,4.28,1,-0.29
18.050049,-37,-37,4.57,0,2,0,4.28,1,-0.29
18.055054,-32,-32,4.58,0,0,0,4.55,1,-0.0300000000000002
18.060059,-11,-11,4.68,0,0,0,4.55,1,-0.13
18.065064,-17,-17,4.59,0,0,0,4.28,1,-0.31
18.070069,-24,-24,4.58,0,0,0,4.28,1,-0.3
18.075074,-17,-17,4.55,-2,0,0,4.28,1,-0.27
18.080079,-13,-13,4.54,-2,0,0,4.28,1,-0.26
18.084961,-13,-13,4.5,0,-2,0,4.01,1,-0.49
18.089966,-31,-31,4.49,0,-2,0,4.01,1,-0.48
18.094971,-34,-34,4.48,0,0,0,4.01,1,-0.470000000000001
18.099976,-37,-37,4.56,0,0,0,4.01,1,-0.55
18.104981,-44,-44,4.46,0,0,0,4.27,1,-0.19
18.109986,-14,-14,4.47,0,0,0,4.27,1,-0.2
18.114991,-15,-15,4.46,0,0,0,4.27,1,-0.19
18.119996,-18,-18,4.5,0,0,0,4.27,1,-0.23
18.125,-24,-24,4.49,0,0,0,4.27,1,-0.220000000000001
18.130005,-23,-23,4.48,0,0,0,4.27,1,-0.210000000000001
18.13501,-22,-22,4.47,-2,0,0,4.27,1,-0.2
18.140015,-23,-23,4.54,-2,0,0,4.27,1,-0.27
18.14502,-31,-31,4.54,-2,-2,0,4,1,-0.54
18.150025,-49,-49,4.53,-2,-2,0,4,1,-0.53
18.15503,-47,-47,4.55,0,0,0,3.73,1,-0.82
18.160035,-70,-70,4.62,0,0,0,3.73,1,-0.89
18.16504,-75,-75,4.55,-2,0,0,4.26,1,-0.29
18.170044,-26,-26,4.57,-2,0,0,4.26,1,-0.31
18.175049,-26,-26,4.54,-2,-2,0,3.99,1,-0.55
18.180054,-47,-47,4.59,-2,-2,0,3.99,1,-0.6
18.185059,-53,-53,4.62,-2,-2,0,3.72,1,-0.9
18.190064,-75,-75,4.61,-2,-2,0,3.72,1,-0.89
18.195069,-69,-69,4.55,0,-2,0,3.71,1,-0.84
18.200074,-61,-61,4.62,0,-2,0,3.71,1,-0.91
18.205079,-68,-68,4.58,0,-2,0,3.97,1,-0.61
18.209961,-41,-41,4.67,0,-2,0,3.97,1,-0.7
18.214966,-41,-41,4.54,-2,-2,0,3.97,1,-0.57
18.219971,-21,-21,4.5,-2,-2,0,3.97,1,-0.53
18.224976,-14,-14,4.43,-2,-2,0,3.69,1,-0.74
18.229981,-30,-30,4.43,-2,-2,0,3.69,1,-0.74
18.234986,-32,-32,4.38,-2,-2,0,3.68,1,-0.7
18.239991,-28,-28,4.37,-2,-2,0,3.68,1,-0.69
18.244996,-26,-26,4.31,-2,-2,0,3.67,1,-0.64
18.25,-21,-21,4.27,-2,-2,0,3.67,1,-0.6
18.255005,-18,-18,4.2,0,-2,0,3.67,1,-0.53
18.26001,-13,-13,4.18,0,-2,0,3.67,1,-0.51
18.265015,-14,-14,4.16,-2,0,0,3.93,1,-0.23
18.27002,4,4,4.13,-2,0,0,3.93,1,-0.2
18.275025,4,4,4.06,0,-2,0,3.92,1,-0.14
18.28003,9,9,4,0,-2,0,3.92,1,-0.0800000000000001
18.285035,11,11,4.02,0,-2,0,3.92,1,-0.0999999999999996
18.29004,1,1,4.03,0,-2,0,3.92,1,-0.11
18.295044,-7,-7,4.01,0,0,0,3.91,1,-0.0999999999999996
18.300049,-8,-8,4.03,0,0,0,3.91,1,-0.12
18.305054,-11,-11,4.04,0,0,0,4.18,1,0.14
18.310059,6,6,4.08,0,0,0,4.18,1,0.0999999999999996
18.315064,0,0,4.1,0,0,0,4.18,1,0.0800000000000001
18.320069,0,0,4.1,0,0,0,4.18,1,0.0800000000000001
18.325074,2,2,4.12,0,0,0,4.18,1,0.0599999999999996
18.330079,1,1,4.14,0,0,0,4.18,1,0.04
18.334961,-1,-1,4.15,0,0,0,4.18,1,0.0299999999999994
18.339966,0,0,4.15,0,0,0,4.18,1,0.0299999999999994
18.344971,1,1,4.16,0,0,0,4.18,1,0.0199999999999996
18.349976,2,2,4.17,0,0,0,4.18,1,0.00999999999999979
18.354981,2,2,4.17,0,0,0,4.18,1,0.00999999999999979
18.359986,3,3,4.17,0,0,0,4.18,1,0.00999999999999979
18.364991,5,5,4.16,0,0,0,4.18,1,0.0199999999999996
18.369996,6,6,4.16,0,0,0,4.18,1,0.0199999999999996
18.375,7,7,4.16,0,0,0,4.18,1,0.0199999999999996
18.380005,7,7,4.14,0,0,0,4.18,1,0.04
18.38501,11,11,4.13,0,0,0,4.18,1,0.0499999999999998
18.390015,12,12,4.12,0,0,0,4.18,1,0.0599999999999996
18.39502,12,12,4.13,0,0,0,4.18,1,0.0499999999999998
18.400025,11,11,4.1,0,0,0,4.18,1,0.0800000000000001
18.40503,16,16,4.1,2,0,0,4.18,1,0.0800000000000001
18.410035,17,17,4.08,2,0,0,4.18,1,0.0999999999999996
18.41504,19,19,4.06,0,0,0,4.45,1,0.390000000000001
18.420044,42,42,4.01,0,0,0,4.45,1,0.44
18.425049,47,47,4.03,0,0,0,4.18,1,0.149999999999999
18.430054,24,24,4.01,0,0,0,4.18,1,0.17
18.435059,26,26,3.99,0,2,0,4.18,1,0.19
18.440064,30,30,3.91,0,2,0,4.18,1,0.27
18.445069,38,38,3.94,2,0,0,4.45,1,0.51
18.450074,53,53,3.91,2,0,0,4.45,1,0.54
18.455079,56,56,3.89,0,0,0,4.46,1,0.57
18.459961,60,60,3.79,0,0,0,4.46,1,0.67
18.464966,69,69,3.89,2,0,0,4.19,1,0.3
18.469971,36,36,3.85,2,0,0,4.19,1,0.34
18.474976,38,38,3.82,2,0,0,4.46,1,0.64
18.479981,65,65,3.72,2,0,0,4.46,1,0.74
18.484986,75,75,3.72,2,2,0,4.47,1,0.75
18.489991,72,72,3.62,2,2,0,4.47,1,0.85
18.494996,77,77,3.66,2,0,0,4.74,1,1.08
18.5,87,87,3.56,2,0,0,4.74,1,1.18
18.505005,89,89,3.68,2,2,0,4.48,1,0.8
18.51001,52,52,3.59,2,2,0,4.48,1,0.890000000000001
18.515015,54,54,3.67,2,2,0,4.75,1,1.08
18.52002,60,60,3.69,2,2,0,4.75,1,1.06
18.525025,52,52,3.76,2,2,0,4.76,1,1
18.53003,42,42,3.79,2,2,0,4.76,1,0.97
18.535035,36,36,3.93,2,2,0,4.77,1,0.839999999999999
18.54004,20,20,3.94,2,2,0,4.77,1,0.83
18.545044,20,20,4.01,2,2,0,4.78,1,0.77
18.550049,20,20,4.04,2,2,0,4.78,1,0.74
18.555054,18,18,4.14,2,2,0,4.79,1,0.65
18.560059,7,7,4.21,2,2,0,4.79,1,0.58
18.565064,3,3,4.29,0,2,0,4.8,1,0.51
18.570069,3,3,4.3,0,2,0,4.8,1,0.5
18.575074,8,8,4.36,2,2,0,4.54,1,0.18
18.580079,-16,-16,4.42,2,2,0,4.54,1,0.12
18.584961,-19,-19,4.45,0,2,0,4.81,1,0.359999999999999
18.589966,3,3,4.47,0,2,0,4.81,1,0.34
18.594971,7,7,4.5,0,0,0,4.55,1,0.0499999999999998
18.599976,-13,-13,4.52,0,0,0,4.55,1,0.0300000000000002
18.604981,-13,-13,4.53,0,2,0,4.28,1,-0.25
18.609986,-33,-33,4.54,0,2,0,4.28,1,-0.26
18.614991,-32,-32,4.57,0,0,0,4.55,1,-0.0200000000000005
18.619996,-12,-12,4.65,0,0,0,4.55,1,-0.100000000000001
18.625,-16,-16,4.55,0,0,0,4.29,1,-0.26
18.630005,-22,-22,4.55,0,0,0,4.29,1,-0.26
18.63501,-18,-18,4.54,0,-2,0,4.29,1,-0.25
18.640015,-20,-20,4.55,0,-2,0,4.29,1,-0.26
18.64502,-25,-25,4.54,0,0,0,4.02,1,-0.52
18.650025,-46,-46,4.54,0,0,0,4.02,1,-0.52
18.65503,-47,-47,4.54,0,-2,0,4.28,1,-0.26
18.660035,-29,-29,4.62,0,-2,0,4.28,1,-0.34
18.66504,-37,-37,4.53,0,-2,0,4.01,1,-0.52
18.670044,-47,-47,4.56,0,-2,0,4.01,1,-0.55
18.675049,-50,-50,4.56,-2,-2,0,4.01,1,-0.55
18.680054,-55,-55,4.66,-2,-2,0,4.01,1,-0.65
18.685059,-66,-66,4.68,-2,0,0,3.73,1,-0.95
18.690064,-83,-83,4.72,-2,0,0,3.73,1,-0.99
18.695069,-83,-83,4.66,-2,-2,0,4,1,-0.66
18.700074,-53,-53,4.76,-2,-2,0,4,1,-0.76
18.705079,-57,-57,4.67,-2,-2,0,3.72,1,-0.95
18.709961,-64,-64,4.71,-2,-2,0,3.72,1,-0.99
18.714966,-60,-60,4.64,-2,-4,0,3.71,1,-0.93
18.719971,-48,-48,4.64,-2,-4,0,3.71,1,-0.93
18.724976,-40,-40,4.5,-2,-2,0,3.43,1,-1.07
18.729981,-43,-43,4.44,-2,-2,0,3.43,1,-1.01
18.734986,-35,-35,4.33,-2,-2,0,3.69,1,-0.64
18.739991,-6,-6,4.3,-2,-2,0,3.69,1,-0.61
18.744996,-6,-6,4.22,-2,-2,0,3.68,1,-0.54
18.75,-3,-3,4.2,-2,-2,0,3.68,1,-0.52
18.755005,-4,-4,4.12,-2,-4,0,3.67,1,-0.45
18.76001,4,4,4.04,-2,-4,0,3.67,1,-0.37
18.765015,9,9,3.98,-2,-2,0,3.4,1,-0.58
18.77002,-14,-14,3.92,-2,-2,0,3.4,1,-0.52
18.775025,-18,-18,3.9,0,0,0,3.65,1,-0.25
18.78003,-4,-4,3.95,0,0,0,3.65,1,-0.3
18.785035,-14,-14,3.94,-2,0,0,4.18,1,0.24
18.79004,27,27,3.9,-2,0,0,4.18,1,0.28
18.795044,33,33,3.85,-2,-2,0,3.91,1,0.0600000000000001
18.800049,15,15,3.75,-2,-2,0,3.91,1,0.16
18.805054,18,18,3.86,0,0,0,3.64,1,-0.22
18.810059,-22,-22,3.88,0,0,0,3.64,1,-0.24
18.815064,-32,-32,3.92,0,0,0,4.17,1,0.25
18.820069,2,2,4.05,0,0,0,4.17,1,0.12
18.825074,-6,-6,4,0,0,0,4.17,1,0.17
18.830079,6,6,4.03,0,0,0,4.17,1,0.14
18.834961,10,10,4.01,0,-2,0,4.17,1,0.16
18.839966,15,15,3.93,0,-2,0,4.17,1,0.24
18.844971,22,22,4,0,0,0,3.9,1,-0.1
18.849976,-10,-10,4.03,0,0,0,3.9,1,-0.13
18.854981,-17,-17,4.04,0,0,0,4.17,1,0.13
18.859986,4,4,4.11,0,0,0,4.17,1,0.0599999999999996
18.864991,1,1,4.06,0,0,0,4.17,1,0.11
18.869996,9,9,4.07,0,0,0,4.17,1,0.0999999999999996
18.875,13,13,4.05,0,0,0,4.17,1,0.12
18.880005,15,15,3.99,0,0,0,4.17,1,0.18
18.88501,19,19,4.04,0,0,0,4.17,1,0.13
18.890015,11,11,4.05,0,0,0,4.17,1,0.12
18.89502,8,8,4.05,0,0,0,4.17,1,0.12
18.900025,10,10,4.04,0,0,0,4.17,1,0.13
18.90503,14,14,4.04,0,0,0,4.17,1,0.13
18.910035,17,17,4.01,0,0,0,4.17,1,0.16
18.91504,20,20,4.01,0,0,0,4.17,1,0.16
18.920044,21,21,3.96,0,0,0,4.17,1,0.21
18.925049,26,26,4,2,0,0,4.17,1,0.17
18.930054,21,21,3.99,2,0,0,4.17,1,0.18
18.935059,23,23,3.96,0,0,0,4.44,1,0.48
18.940064,47,47,3.91,0,0,0,4.44,1,0.53
18.945069,53,53,3.93,0,2,0,4.17,1,0.24
18.950074,30,30,3.91,0,2,0,4.17,1,0.26
18.955079,32,32,3.9,0,0,0,4.44,1,0.54
18.959961,55,55,3.81,0,0,0,4.44,1,0.63
18.964966,63,63,3.85,2,0,0,4.18,1,0.33
18.969971,38,38,3.83,2,0,0,4.18,1,0.35
18.974976,40,40,3.81,0,0,0,4.45,1,0.64
18.979981,64,64,3.7,0,0,0,4.45,1,0.75
18.984986,74,74,3.74,0,0,0,4.18,1,0.44
18.989991,48,48,3.71,0,0,0,4.18,1,0.47
18.994996,50,50,3.7,0,0,0,4.18,1,0.48
19,54,54,3.54,0,0,0,4.18,1,0.64
19.005005,68,68,3.56,0,2,0,4.18,1,0.62
19.01001,60,60,3.58,0,2,0,4.18,1,0.6
19.015015,48,48,3.63,2,0,0,4.45,1,0.82
19.02002,60,60,3.55,2,0,0,4.45,1,0.9
19.025025,67,67,3.57,2,2,0,4.45,1,0.88
19.03003,64,64,3.55,2,2,0,4.45,1,0.9
19.035035,59,59,3.63,2,2,0,4.73,1,1.1
19.04004,67,67,3.58,2,2,0,4.73,1,1.15
19.045044,69,69,3.64,2,2,0,4.74,1,1.1
19.050049,63,63,3.61,2,2,0,4.74,1,1.13
19.055054,60,60,3.74,4,4,0,4.75,1,1.01
19.060059,43,43,3.73,4,4,0,4.75,1,1.02
19.065064,43,43,3.79,4,2,0,5.29,1,1.5
19.070069,81,81,3.76,4,2,0,5.29,1,1.53
19.075074,80,80,3.91,2,4,0,5.04,1,1.13
19.080079,38,38,3.95,2,4,0,5.04,1,1.09
19.084961,32,32,4.14,2,2,0,5.05,1,0.91
19.089966,17,17,4.08,2,2,0,5.05,1,0.97
19.094971,22,22,4.24,4,4,0,4.8,1,0.56
19.099976,-18,-18,4.34,4,4,0,4.8,1,0.46
19.104981,-33,-33,4.48,2,2,0,5.35,1,0.869999999999999
19.109986,1,1,4.59,2,2,0,5.35,1,0.76
19.114991,2,2,4.63,2,2,0,4.82,1,0.19
19.119996,-32,-32,4.67,2,2,0,4.82,1,0.15
19.125,-34,-34,4.78,2,2,0,4.83,1,0.0499999999999998
19.130005,-43,-43,4.89,2,2,0,4.83,1,-0.0599999999999996
19.13501,-48,-48,4.94,2,0,0,4.84,1,-0.100000000000001
19.140015,-44,-44,5.04,2,0,0,4.84,1,-0.2
19.14502,-45,-45,5,2,0,0,4.58,1,-0.42
19.150025,-54,-54,5.07,2,0,0,4.58,1,-0.49
19.15503,-51,-51,5.05,-2,0,0,4.58,1,-0.47
19.160035,-44,-44,5.08,-2,0,0,4.58,1,-0.5
19.16504,-43,-43,4.98,0,-2,0,4.05,1,-0.930000000000001
19.170044,-73,-73,5,0,-2,0,4.05,1,-0.95
19.175049,-78,-78,5,-2,0,0,4.04,1,-0.96
19.180054,-85,-85,5.12,-2,0,0,4.04,1,-1.08
19.185059,-98,-98,4.99,-2,-2,0,4.04,1,-0.95
19.190064,-82,-82,5.03,-2,-2,0,4.04,1,-0.99
19.195069,-85,-85,5.13,-2,-2,0,3.76,1,-1.37
19.200074,-120,-120,5.14,-2,-2,0,3.76,1,-1.38
19.205079,-115,-115,5.06,-4,-2,0,3.76,1,-1.3
19.209961,-97,-97,5.14,-4,-2,0,3.76,1,-1.38
19.214966,-94,-94,5.06,-4,-4,0,3.48,1,-1.58
19.219971,-97,-97,5.05,-4,-4,0,3.48,1,-1.57
19.224976,-81,-81,4.89,-4,-4,0,3.19,1,-1.7
19.229981,-81,-81,4.88,-4,-4,0,3.19,1,-1.69
19.234986,-74,-74,4.72,-4,-4,0,3.18,1,-1.54
19.239991,-56,-56,4.69,-4,-4,0,3.18,1,-1.51
19.244996,-52,-52,4.48,-2,-4,0,3.16,1,-1.32
19.25,-36,-36,4.46,-2,-4,0,3.16,1,-1.3
19.255005,-36,-36,4.31,-4,-4,0,3.41,1,-0.899999999999999
19.26001,-3,-3,4.22,-4,-4,0,3.41,1,-0.81
19.265015,7,7,4.03,-2,-2,0,3.13,1,-0.9
19.27002,-1,-1,3.92,-2,-2,0,3.13,1,-0.79
19.275025,1,1,3.83,-4,-4,0,3.65,1,-0.18
19.28003,40,40,3.76,-4,-4,0,3.65,1,-0.11
19.285035,41,41,3.68,-4,-2,0,3.1,1,-0.58
19.29004,2,2,3.57,-4,-2,0,3.1,1,-0.47
19.295044,2,2,3.53,-2,-2,0,3.36,1,-0.17
19.300049,16,16,3.53,-2,-2,0,3.36,1,-0.17
19.305054,9,9,3.49,-2,0,0,3.61,1,0.12
19.310059,27,27,3.45,-2,0,0,3.61,1,0.16
19.315064,27,27,3.44,0,-2,0,3.88,1,0.44
19.320069,42,42,3.38,0,-2,0,3.88,1,0.5
19.325074,43,43,3.43,-2,0,0,3.87,1,0.44
19.330079,33,33,3.45,-2,0,0,3.87,1,0.42
19.334961,25,25,3.49,0,0,0,3.87,1,0.38
19.339966,17,17,3.52,0,0,0,3.87,1,0.35
19.344971,14,14,3.58,2,0,0,4.13,1,0.55
19.349976,32,32,3.59,2,0,0,4.13,1,0.54
19.354981,34,34,3.62,0,0,0,4.4,1,0.78
19.359986,55,55,3.55,0,0,0,4.4,1,0.850000000000001
19.364991,61,61,3.65,0,2,0,4.14,1,0.49
19.369996,32,32,3.66,0,2,0,4.14,1,0.48
19.375,32,32,3.67,0,2,0,4.41,1,0.74
19.380005,57,57,3.6,0,2,0,4.41,1,0.81
19.38501,65,65,3.66,2,0,0,4.41,1,0.75
19.390015,59,59,3.66,2,0,0,4.41,1,0.75
19.39502,59,59,3.68,2,2,0,4.42,1,0.74
19.400025,62,62,3.58,2,2,0,4.42,1,0.84
19.40503,71,71,3.67,2,2,0,4.69,1,1.02
19.410035,82,82,3.63,2,2,0,4.69,1,1.06
19.41504,82,82,3.68,2,2,0,4.7,1,1.02
19.420044,79,79,3.48,2,2,0,4.7,1,1.22
19.425049,93,93,3.58,2,2,0,4.71,1,1.13
19.430054,74,74,3.55,2,2,0,4.71,1,1.16
19.435059,63,63,3.69,2,4,0,4.72,1,1.03
19.440064,42,42,3.69,2,4,0,4.72,1,1.03
19.445069,36,36,3.83,2,2,0,4.99,1,1.16
19.450074,43,43,3.89,2,2,0,4.99,1,1.1
19.455079,37,37,4.04,2,2,0,4.74,1,0.7
19.459961,3,3,4.07,2,2,0,4.74,1,0.67
19.464966,1,1,4.2,4,2,0,4.75,1,0.55
19.469971,-5,-5,4.23,4,2,0,4.75,1,0.52
19.474976,-3,-3,4.32,2,4,0,5.02,1,0.699999999999999
19.479981,12,12,4.43,2,4,0,5.02,1,0.59
19.484986,4,4,4.49,2,2,0,5.04,1,0.55
19.489991,8,8,4.56,2,2,0,5.04,1,0.48
19.494996,12,12,4.57,2,0,0,4.78,1,0.21
19.5,0,0,4.53,2,0,0,4.78,1,0.25
19.505005,6,6,4.59,2,2,0,4.52,1,-0.0700000000000003
19.51001,-17,-17,4.61,2,2,0,4.52,1,-0.0900000000000007
19.515015,-19,-19,4.64,2,2,0,4.79,1,0.15
19.52002,3,3,4.68,2,2,0,4.79,1,0.11
19.525025,3,3,4.65,0,0,0,4.8,1,0.149999999999999
19.53003,13,13,4.61,0,0,0,4.8,1,0.19
19.535035,23,23,4.58,0,0,0,4.27,1,-0.31
19.54004,-10,-10,4.48,0,0,0,4.27,1,-0.210000000000001
19.545044,-3,-3,4.5,0,0,0,4.27,1,-0.23
19.550049,-11,-11,4.51,0,0,0,4.27,1,-0.24
19.555054,-18,-18,4.52,0,2,0,4.27,1,-0.25
19.560059,-20,-20,4.59,0,2,0,4.27,1,-0.32
19.565064,-22,-22,4.49,0,0,0,4.54,1,0.0499999999999998
19.570069,11,11,4.45,0,0,0,4.54,1,0.0899999999999999
19.575074,17,17,4.45,0,-2,0,4.27,1,-0.180000000000001
19.580079,-5,-5,4.38,0,-2,0,4.27,1,-0.11
19.584961,-3,-3,4.43,0,0,0,4,1,-0.43
19.589966,-33,-33,4.43,0,0,0,4,1,-0.43
19.594971,-35,-35,4.42,0,0,0,4.27,1,-0.15
19.599976,-15,-15,4.5,0,0,0,4.27,1,-0.23
19.604981,-20,-20,4.39,0,0,0,4.27,1,-0.12
19.609986,-7,-7,4.41,0,0,0,4.27,1,-0.140000000000001
19.614991,-7,-7,4.41,-2,-2,0,4.27,1,-0.140000000000001
19.619996,-10,-10,4.4,-2,-2,0,4.27,1,-0.130000000000001
19.625,-12,-12,4.41,0,0,0,3.73,1,-0.68
19.630005,-54,-54,4.42,0,0,0,3.73,1,-0.69
19.63501,-57,-57,4.4,0,0,0,4.26,1,-0.140000000000001
19.640015,-17,-17,4.53,0,0,0,4.26,1,-0.27
19.64502,-28,-28,4.41,0,-2,0,4.26,1,-0.15
19.650025,-13,-13,4.42,0,-2,0,4.26,1,-0.16
19.65503,-14,-14,4.44,0,0,0,3.99,1,-0.45
19.660035,-40,-40,4.46,0,0,0,3.99,1,-0.47
19.66504,-44,-44,4.48,0,-2,0,4.26,1,-0.220000000000001
19.670044,-26,-26,4.48,0,-2,0,4.26,1,-0.220000000000001
19.675049,-26,-26,4.49,0,-2,0,3.99,1,-0.5
19.680054,-48,-48,4.56,0,-2,0,3.99,1,-0.569999999999999
19.685059,-50,-50,4.5,0,0,0,3.98,1,-0.52
19.690064,-42,-42,4.49,0,0,0,3.98,1,-0.51
19.695069,-41,-41,4.48,-2,0,0,4.25,1,-0.23
19.700074,-23,-23,4.56,-2,0,0,4.25,1,-0.31
19.705079,-33,-33,4.52,-2,-2,0,3.98,1,-0.54
19.709961,-49,-49,4.57,-2,-2,0,3.98,1,-0.59
19.714966,-52,-52,4.58,-2,-2,0,3.7,1,-0.88
19.719971,-72,-72,4.64,-2,-2,0,3.7,1,-0.94
19.724976,-73,-73,4.6,-2,-2,0,3.7,1,-0.899999999999999
19.729981,-62,-62,4.6,-2,-2,0,3.7,1,-0.899999999999999
19.734986,-53,-53,4.49,-2,0,0,3.69,1,-0.8
19.739991,-41,-41,4.55,-2,0,0,3.69,1,-0.86
19.744996,-48,-48,4.55,-2,-2,0,3.95,1,-0.6
19.75,-28,-28,4.53,-2,-2,0,3.95,1,-0.58
19.755005,-17,-17,4.39,-2,-2,0,3.67,1,-0.72
19.76001,-17,-17,4.32,-2,-2,0,3.67,1,-0.65
19.765015,-11,-11,4.25,-2,-2,0,3.67,1,-0.58
19.77002,-11,-11,4.19,-2,-2,0,3.67,1,-0.52
19.775025,-14,-14,4.17,0,-2,0,3.66,1,-0.51
19.78003,-19,-19,4.19,0,-2,0,3.66,1,-0.53
19.785035,-24,-24,4.12,0,-2,0,3.92,1,-0.2
19.79004,3,3,4.07,0,-2,0,3.92,1,-0.15
19.795044,7,7,4.02,0,-2,0,3.91,1,-0.109999999999999
19.800049,7,7,3.98,0,-2,0,3.91,1,-0.0699999999999998
19.805054,5,5,4.01,0,0,0,3.91,1,-0.0999999999999996
19.810059,-5,-5,4.02,0,0,0,3.91,1,-0.109999999999999
19.815064,-11,-11,4.03,0,0,0,4.18,1,0.149999999999999
19.820069,6,6,4.08,0,0,0,4.18,1,0.0999999999999996
19.825074,2,2,4.07,0,0,0,4.18,1,0.109999999999999
19.830079,3,3,4.09,0,0,0,4.18,1,0.0899999999999999
19.834961,3,3,4.1,0,0,0,4.18,1,0.0800000000000001
19.839966,3,3,4.1,0,0,0,4.18,1,0.0800000000000001
19.844971,4,4,4.12,0,0,0,4.18,1,0.0599999999999996
19.849976,1,1,4.14,0,0,0,4.18,1,0.04
19.854981,0,0,4.14,0,0,0,4.18,1,0.04
19.859986,2,2,4.15,0,0,0,4.18,1,0.0299999999999994
19.864991,3,3,4.14,0,0,0,4.18,1,0.04
19.869996,5,5,4.15,0,0,0,4.18,1,0.0299999999999994
19.875,5,5,4.15,0,0,0,4.18,1,0.0299999999999994
19.880005,5,5,4.14,0,0,0,4.18,1,0.04
19.88501,7,7,4.15,0,0,0,4.18,1,0.0299999999999994
19.890015,7,7,4.15,0,0,0,4.18,1,0.0299999999999994
19.89502,8,8,4.15,0,0,0,4.18,1,0.0299999999999994
19.900025,8,8,4.13,0,0,0,4.18,1,0.0499999999999998
19.90503,10,10,4.13,0,0,0,4.18,1,0.0499999999999998
19.910035,11,11,4.12,0,0,0,4.18,1,0.0599999999999996
19.91504,12,12,4.12,0,0,0,4.18,1,0.0599999999999996
19.920044,13,13,4.08,0,0,0,4.18,1,0.0999999999999996
19.925049,16,16,4.1,0,0,0,4.18,1,0.0800000000000001
19.930054,15,15,4.08,0,0,0,4.18,1,0.0999999999999996
19.935059,17,17,4.07,0,0,0,4.18,1,0.109999999999999
19.940064,20,20,4.01,0,0,0,4.18,1,0.17
19.945069,25,25,4.03,0,0,0,4.18,1,0.149999999999999
19.950074,22,22,4.02,0,0,0,4.18,1,0.16
19.955079,24,24,3.99,0,0,0,4.18,1,0.19
19.959961,28,28,3.93,0,0,0,4.18,1,0.25
19.964966,34,34,3.95,0,0,0,4.18,1,0.23
19.969971,30,30,3.93,0,0,0,4.18,1,0.25
19.974976,31,31,3.91,0,2,0,4.18,1,0.27
19.979981,35,35,3.82,0,2,0,4.18,1,0.36
19.984986,43,43,3.86,2,0,0,4.45,1,0.59
19.989991,57,57,3.84,2,0,0,4.45,1,0.61
19.994996,59,59,3.82,0,2,0,4.45,1,0.63
20,63,63,3.68,0,2,0,4.45,1,0.77
20.005005,75,75,3.78,2,0,0,4.45,1,0.67
20.01001,61,61,3.74,2,0,0,4.45,1,0.71
20.015015,63,63,3.72,2,2,0,4.46,1,0.74
20.02002,70,70,3.5,2,2,0,4.46,1,0.96
20.025025,88,88,3.56,2,2,0,4.73,1,1.17
20.03003,93,93,3.59,2,2,0,4.73,1,1.14
20.035035,77,77,3.66,2,2,0,4.74,1,1.08
20.04004,66,66,3.6,2,2,0,4.74,1,1.14
20.045044,68,68,3.65,2,2,0,4.75,1,1.1
20.050049,57,57,3.64,2,2,0,4.75,1,1.11
20.055054,44,44,3.84,2,2,0,4.76,1,0.92
20.060059,17,17,3.88,2,2,0,4.76,1,0.88
20.065064,12,12,3.99,4,4,0,4.77,1,0.779999999999999
20.070069,7,7,4.02,4,4,0,4.77,1,0.75
20.075074,9,9,4.11,4,4,0,5.32,1,1.21
20.080079,40,40,4.21,4,4,0,5.32,1,1.11
20.084961,30,30,4.31,2,2,0,5.33,1,1.02
20.089966,29,29,4.38,2,2,0,5.33,1,0.95
20.094971,32,32,4.42,0,2,0,4.81,1,0.39
20.099976,-4,-4,4.38,0,2,0,4.81,1,0.43
20.104981,2,2,4.46,2,0,0,4.55,1,0.0899999999999999
20.109986,-26,-26,4.5,2,0,0,4.55,1,0.0499999999999998
20.114991,-33,-33,4.6,0,2,0,4.55,1,-0.0499999999999998
20.119996,-42,-42,4.75,0,2,0,4.55,1,-0.2
20.125,-52,-52,4.73,0,0,0,4.56,1,-0.170000000000001
20.130005,-38,-38,4.79,0,0,0,4.56,1,-0.23
20.13501,-30,-30,4.75,0,0,0,4.29,1,-0.46
20.140015,-40,-40,4.74,0,0,0,4.29,1,-0.45
20.14502,-37,-37,4.7,0,0,0,4.29,1,-0.41
20.150025,-35,-35,4.73,0,0,0,4.29,1,-0.44
20.15503,-39,-39,4.72,-2,0,0,4.29,1,-0.43
20.160035,-41,-41,4.79,-2,0,0,4.29,1,-0.5
20.16504,-48,-48,4.72,0,0,0,4.02,1,-0.7
20.170044,-61,-61,4.71,0,0,0,4.02,1,-0.69
20.175049,-62,-62,4.74,0,0,0,4.29,1,-0.45
20.180054,-48,-48,4.87,0,0,0,4.29,1,-0.58
20.185059,-61,-61,4.77,-2,-2,0,4.29,1,-0.48
20.190064,-48,-48,4.82,-2,-2,0,4.29,1,-0.53
20.195069,-52,-52,4.87,-2,-2,0,3.75,1,-1.12
20.200074,-100,-100,4.97,-2,-2,0,3.75,1,-1.22
20.205079,-103,-103,4.88,-2,-4,0,3.74,1,-1.14
20.209961,-89,-89,4.92,-2,-4,0,3.74,1,-1.18
20.214966,-87,-87,4.93,-2,-2,0,3.46,1,-1.47
20.219971,-105,-105,4.96,-2,-2,0,3.46,1,-1.5
20.224976,-100,-100,4.87,-2,-2,0,3.72,1,-1.15
20.229981,-62,-62,4.84,-2,-2,0,3.72,1,-1.12
20.234986,-50,-50,4.67,-4,-4,0,3.71,1,-0.96
20.239991,-32,-32,4.66,-4,-4,0,3.71,1,-0.95
20.244996,-33,-33,4.57,-4,-4,0,3.16,1,-1.41
20.25,-70,-70,4.55,-4,-4,0,3.16,1,-1.39
20.255005,-69,-69,4.42,-2,-4,0,3.14,1,-1.28
20.26001,-54,-54,4.39,-2,-4,0,3.14,1,-1.25
20.265015,-52,-52,4.28,-4,-4,0,3.4,1,-0.88
20.27002,-24,-24,4.27,-4,-4,0,3.4,1,-0.87
20.275025,-20,-20,4.11,-4,-2,0,3.11,1,-1
20.28003,-22,-22,4.01,-4,-2,0,3.11,1,-0.9
20.285035,-12,-12,3.89,-2,-2,0,3.37,1,-0.52
20.29004,12,12,3.82,-2,-2,0,3.37,1,-0.45
20.295044,9,9,3.78,-2,-2,0,3.62,1,-0.16
20.300049,22,22,3.73,-2,-2,0,3.62,1,-0.11
20.305054,23,23,3.68,-2,-2,0,3.61,1,-0.0700000000000003
20.310059,24,24,3.59,-2,-2,0,3.61,1,0.02
20.315064,26,26,3.57,0,0,0,3.61,1,0.04
20.320069,18,18,3.58,0,0,0,3.61,1,0.0299999999999998
20.325074,8,8,3.61,0,0,0,4.14,1,0.53
20.330079,40,40,3.59,0,0,0,4.14,1,0.55
20.334961,38,38,3.63,0,0,0,4.14,1,0.51
20.339966,30,30,3.61,0,0,0,4.14,1,0.53
20.344971,28,28,3.74,2,0,0,4.14,1,0.399999999999999
20.349976,15,15,3.76,2,0,0,4.14,1,0.38
20.354981,16,16,3.79,2,2,0,4.41,1,0.62
20.359986,40,40,3.76,2,2,0,4.41,1,0.65
20.364991,47,47,3.78,0,0,0,4.68,1,0.9
20.369996,66,66,3.8,0,0,0,4.68,1,0.88
20.375,66,66,3.83,0,0,0,4.15,1,0.32
20.380005,25,25,3.68,0,0,0,4.15,1,0.47
20.38501,38,38,3.85,2,2,0,4.15,1,0.3
20.390015,20,20,3.81,2,2,0,4.15,1,0.34
20.39502,23,23,3.82,2,0,0,4.69,1,0.870000000000001
20.400025,70,70,3.68,2,0,0,4.69,1,1.01
20.40503,84,84,3.68,0,2,0,4.43,1,0.75
20.410035,58,58,3.77,0,2,0,4.43,1,0.66
20.41504,40,40,3.84,2,0,0,4.43,1,0.59
20.420044,31,31,3.78,2,0,0,4.43,1,0.65
20.425049,40,40,3.87,2,2,0,4.44,1,0.57
20.430054,35,35,3.84,2,2,0,4.44,1,0.600000000000001
20.435059,37,37,3.87,2,0,0,4.71,1,0.84
20.440064,54,54,3.86,2,0,0,4.71,1,0.85
20.445069,52,52,3.91,2,2,0,4.45,1,0.54
20.450074,27,27,3.91,2,2,0,4.45,1,0.54
20.455079,26,26,3.99,0,2,0,4.72,1,0.73
20.459961,38,38,4,0,2,0,4.72,1,0.72
20.464966,39,39,4.01,2,2,0,4.46,1,0.45
20.469971,23,23,4.01,2,2,0,4.46,1,0.45
20.474976,23,23,4.08,2,0,0,4.74,1,0.66
20.479981,34,34,4.08,2,0,0,4.74,1,0.66
20.484986,37,37,4.09,2,0,0,4.48,1,0.390000000000001
20.489991,21,21,4.08,2,0,0,4.48,1,0.4
20.494996,23,23,4.14,2,2,0,4.48,1,0.340000000000001
20.5,18,18,4.13,2,2,0,4.48,1,0.350000000000001
20.505005,19,19,4.13,0,2,0,4.75,1,0.62
20.51001,43,43,4.11,0,2,0,4.75,1,0.64
20.515015,46,46,4.16,2,2,0,4.49,1,0.33
20.52002,20,20,4.12,2,2,0,4.49,1,0.37
20.525025,22,22,4.13,2,2,0,4.77,1,0.64
20.53003,43,43,4.08,2,2,0,4.77,1,0.69
20.535035,42,42,4.18,2,2,0,4.78,1,0.600000000000001
20.54004,28,28,4.18,2,2,0,4.78,1,0.600000000000001
20.545044,26,26,4.21,0,0,0,4.78,1,0.57
20.550049,26,26,4.16,0,0,0,4.78,1,0.62
20.555054,29,29,4.26,2,2,0,4.25,1,-0.00999999999999979
20.560059,-26,-26,4.29,2,2,0,4.25,1,-0.04
20.565064,-31,-31,4.37,2,2,0,4.79,1,0.42
20.570069,7,7,4.35,2,2,0,4.79,1,0.44
20.575074,10,10,4.41,0,2,0,4.8,1,0.39
20.580079,3,3,4.49,0,2,0,4.8,1,0.31
20.584961,-5,-5,4.53,0,0,0,4.54,1,0.00999999999999979
20.589966,-24,-24,4.53,0,0,0,4.54,1,0.00999999999999979
20.594971,-18,-18,4.56,2,0,0,4.27,1,-0.29
20.599976,-38,-38,4.65,2,0,0,4.27,1,-0.380000000000001
20.604981,-46,-46,4.66,0,0,0,4.54,1,-0.12
20.609986,-22,-22,4.66,0,0,0,4.54,1,-0.12
20.614991,-13,-13,4.62,0,0,0,4.28,1,-0.34
20.619996,-25,-25,4.6,0,0,0,4.28,1,-0.319999999999999
20.625,-25,-25,4.6,0,0,0,4.28,1,-0.319999999999999
20.630005,-30,-30,4.62,0,0,0,4.28,1,-0.34
20.63501,-34,-34,4.64,0,0,0,4.28,1,-0.359999999999999
20.640015,-36,-36,4.71,0,0,0,4.28,1,-0.43
20.64502,-41,-41,4.62,0,0,0,4.28,1,-0.34
20.650025,-30,-30,4.63,0,0,0,4.28,1,-0.35
20.65503,-32,-32,4.65,0,-2,0,4.28,1,-0.37
20.660035,-39,-39,4.72,0,-2,0,4.28,1,-0.44
20.66504,-48,-48,4.7,0,-2,0,4.01,1,-0.69
20.670044,-63,-63,4.71,0,-2,0,4.01,1,-0.7
20.675049,-65,-65,4.71,0,-2,0,4,1,-0.71
20.680054,-68,-68,4.81,0,-2,0,4,1,-0.81
20.685059,-77,-77,4.71,0,-2,0,4,1,-0.71
20.690064,-64,-64,4.77,0,-2,0,4,1,-0.77
20.695069,-68,-68,4.82,-2,-2,0,4,1,-0.82
20.700074,-72,-72,4.88,-2,-2,0,4,1,-0.88
20.705079,-71,-71,4.77,-2,-2,0,3.72,1,-1.05
20.709961,-75,-75,4.8,-2,-2,0,3.72,1,-1.08
20.714966,-73,-73,4.78,-2,-2,0,3.71,1,-1.07
20.719971,-68,-68,4.84,-2,-2,0,3.71,1,-1.13
20.724976,-66,-66,4.74,-4,-2,0,3.7,1,-1.04
20.729981,-47,-47,4.69,-4,-2,0,3.7,1,-0.99
20.734986,-29,-29,4.52,-4,-4,0,3.43,1,-1.09
20.739991,-30,-30,4.45,-4,-4,0,3.43,1,-1.02
20.744996,-25,-25,4.31,-2,-2,0,3.14,1,-1.17
20.75,-40,-40,4.25,-2,-2,0,3.14,1,-1.11
20.755005,-44,-44,4.22,-2,-2,0,3.67,1,-0.55
20.76001,-6,-6,4.22,-2,-2,0,3.67,1,-0.55
20.765015,-6,-6,4.1,-2,-2,0,3.66,1,-0.44
20.77002,5,5,4.07,-2,-2,0,3.66,1,-0.41
20.775025,9,9,3.96,-4,-2,0,3.65,1,-0.31
20.78003,16,16,3.86,-4,-2,0,3.65,1,-0.21
20.785035,21,21,3.84,-2,0,0,3.37,1,-0.47
20.79004,-7,-7,3.77,-2,0,0,3.37,1,-0.4
20.795044,-12,-12,3.74,0,-2,0,3.9,1,0.16
20.800049,25,25,3.8,0,-2,0,3.9,1,0.1
20.805054,17,17,3.77,0,0,0,3.89,1,0.12
20.810059,19,19,3.75,0,0,0,3.89,1,0.14
20.815064,22,22,3.74,-2,0,0,4.16,1,0.42
20.820069,41,41,3.67,-2,0,0,4.16,1,0.49
20.825074,44,44,3.73,0,0,0,3.89,1,0.16
20.830079,13,13,3.76,0,0,0,3.89,1,0.13
20.834961,5,5,3.78,0,0,0,4.15,1,0.370000000000001
20.839966,22,22,3.82,0,0,0,4.15,1,0.330000000000001
20.844971,21,21,3.82,2,0,0,4.15,1,0.330000000000001
20.849976,24,24,3.82,2,0,0,4.15,1,0.330000000000001
20.854981,27,27,3.85,0,0,0,4.42,1,0.57
20.859986,46,46,3.78,0,0,0,4.42,1,0.64
20.864991,53,53,3.85,0,2,0,4.16,1,0.31
20.869996,27,27,3.84,0,2,0,4.16,1,0.32
20.875,28,28,3.84,0,0,0,4.43,1,0.59
20.880005,51,51,3.78,0,0,0,4.43,1,0.65
20.88501,58,58,3.83,0,0,0,4.16,1,0.33
20.890015,32,32,3.82,0,0,0,4.16,1,0.34
20.89502,35,35,3.82,2,0,0,4.16,1,0.34
20.900025,38,38,3.73,2,0,0,4.16,1,0.43
20.90503,47,47,3.78,0,2,0,4.43,1,0.65
20.910035,61,61,3.77,0,2,0,4.43,1,0.66
20.91504,62,62,3.76,0,2,0,4.44,1,0.680000000000001
20.920044,67,67,3.6,0,2,0,4.44,1,0.84
20.925049,81,81,3.7,2,2,0,4.44,1,0.74
20.930054,68,68,3.59,2,2,0,4.44,1,0.850000000000001
20.935059,76,76,3.61,2,2,0,4.72,1,1.11
20.940064,90,90,3.53,2,2,0,4.72,1,1.19
20.945069,86,86,3.64,2,2,0,4.72,1,1.08
20.950074,69,69,3.64,2,2,0,4.72,1,1.08
20.955079,62,62,3.72,2,2,0,4.73,1,1.01
20.959961,54,54,3.66,2,2,0,4.73,1,1.07
20.964966,57,57,3.72,2,2,0,4.74,1,1.02
20.969971,47,47,3.77,2,2,0,4.74,1,0.97
20.974976,34,34,3.91,2,2,0,4.75,1,0.84
20.979981,17,17,3.95,2,2,0,4.75,1,0.8
20.984986,15,15,4.09,4,2,0,4.76,1,0.67
20.989991,8,8,4.12,4,2,0,4.76,1,0.64
20.994996,12,12,4.18,2,2,0,5.04,1,0.86
21,31,31,4.25,2,2,0,5.04,1,0.79
21.005005,24,24,4.34,2,2,0,4.78,1,0.44
21.01001,-1,-1,4.4,2,2,0,4.78,1,0.38
21.015015,1,1,4.43,2,2,0,4.79,1,0.36
21.02002,7,7,4.45,2,2,0,4.79,1,0.34
21.025025,9,9,4.49,2,2,0,4.8,1,0.31
21.03003,8,8,4.53,2,2,0,4.8,1,0.27
21.035035,9,9,4.54,0,0,0,4.81,1,0.27
21.04004,16,16,4.5,0,0,0,4.81,1,0.31
21.045044,24,24,4.48,2,0,0,4.27,1,-0.210000000000001
21.050049,-14,-14,4.49,2,0,0,4.27,1,-0.220000000000001
21.055054,-16,-16,4.51,0,2,0,4.54,1,0.0300000000000002
21.060059,3,3,4.53,0,2,0,4.54,1,0.00999999999999979
21.065064,3,3,4.46,0,0,0,4.55,1,0.0899999999999999
21.070069,13,13,4.43,0,0,0,4.55,1,0.12
21.075074,18,18,4.42,-2,0,0,4.28,1,-0.14
21.080079,-4,-4,4.36,-2,0,0,4.28,1,-0.0800000000000001
21.084961,-3,-3,4.4,0,0,0,4.01,1,-0.390000000000001
21.089966,-31,-31,4.39,0,0,0,4.01,1,-0.38
21.094971,-33,-33,4.4,0,0,0,4.28,1,-0.12
21.099976,-16,-16,4.49,0,0,0,4.28,1,-0.21
21.104981,-23,-23,4.4,0,0,0,4.28,1,-0.12
21.109986,-11,-11,4.41,0,0,0,4.28,1,-0.13
21.114991,-9,-9,4.43,0,-2,0,4.28,1,-0.149999999999999
21.119996,-14,-14,4.43,0,-2,0,4.28,1,-0.149999999999999
21.125,-17,-17,4.44,0,0,0,4.01,1,-0.430000000000001
21.130005,-40,-40,4.46,0,0,0,4.01,1,-0.45
21.13501,-43,-43,4.45,0,0,0,4.27,1,-0.180000000000001
21.140015,-23,-23,4.56,0,0,0,4.27,1,-0.29
21.14502,-33,-33,4.46,0,0,0,4.27,1,-0.19
21.150025,-21,-21,4.48,0,0,0,4.27,1,-0.210000000000001
21.15503,-23,-23,4.51,0,0,0,4.27,1,-0.24
21.160035,-31,-31,4.57,0,0,0,4.27,1,-0.300000000000001
21.16504,-38,-38,4.56,0,-2,0,4.27,1,-0.29
21.170044,-35,-35,4.57,0,-2,0,4.27,1,-0.300000000000001
21.175049,-36,-36,4.57,0,0,0,4,1,-0.57
21.180054,-58,-58,4.69,0,0,0,4,1,-0.69
21.185059,-69,-69,4.63,-2,0,0,4.27,1,-0.36
21.190064,-41,-41,4.64,-2,0,0,4.27,1,-0.37
21.195069,-39,-39,4.65,0,0,0,4,1,-0.65
21.200074,-64,-64,4.73,0,0,0,4,1,-0.73
21.205079,-72,-72,4.72,-2,0,0,4.27,1,-0.45
21.209961,-47,-47,4.78,-2,0,0,4.27,1,-0.510000000000001
21.214966,-49,-49,4.76,-2,0,0,4,1,-0.76
21.219971,-64,-64,4.79,-2,0,0,4,1,-0.79
21.224976,-61,-61,4.75,-2,0,0,3.99,1,-0.76
21.229981,-55,-55,4.77,-2,0,0,3.99,1,-0.779999999999999
21.234986,-52,-52,4.72,-2,-2,0,3.99,1,-0.73
21.239991,-44,-44,4.75,-2,-2,0,3.99,1,-0.76
21.244996,-45,-45,4.74,-2,-2,0,3.71,1,-1.03
21.25,-64,-64,4.74,-2,-2,0,3.71,1,-1.03
21.255005,-60,-60,4.63,-2,-2,0,3.7,1,-0.93
21.26001,-44,-44,4.65,-2,-2,0,3.7,1,-0.95
21.265015,-44,-44,4.59,-2,-2,0,3.7,1,-0.89
21.27002,-41,-41,4.6,-2,-2,0,3.7,1,-0.899999999999999
21.275025,-39,-39,4.44,-2,-2,0,3.69,1,-0.75
21.28003,-17,-17,4.41,-2,-2,0,3.69,1,-0.72
21.285035,-13,-13,4.28,-4,-4,0,3.68,1,-0.6
21.29004,-7,-7,4.25,-4,-4,0,3.68,1,-0.57
21.295044,-11,-11,4.22,-2,-2,0,3.13,1,-1.09
21.300049,-52,-52,4.17,-2,-2,0,3.13,1,-1.04
21.305054,-46,-46,4.09,-2,-2,0,3.65,1,-0.44
21.310059,-1,-1,4.04,-2,-2,0,3.65,1,-0.39
21.315064,-2,-2,4.01,-2,-2,0,3.64,1,-0.37
21.320069,-6,-6,4,-2,-2,0,3.64,1,-0.36
21.325074,-9,-9,3.98,-2,0,0,3.64,1,-0.34
21.330079,-10,-10,3.95,-2,0,0,3.64,1,-0.31
21.334961,-12,-12,3.93,0,-2,0,3.9,1,-0.0300000000000002
21.339966,6,6,3.96,0,-2,0,3.9,1,-0.0600000000000001
21.344971,1,1,3.97,0,0,0,3.89,1,-0.0800000000000001
21.349976,-1,-1,3.96,0,0,0,3.89,1,-0.0699999999999998
21.354981,1,1,3.94,0,0,0,4.16,1,0.22
21.359986,23,23,3.92,0,0,0,4.16,1,0.24
21.364991,24,24,3.96,0,0,0,4.16,1,0.2
21.369996,18,18,3.98,0,0,0,4.16,1,0.18
21.375,16,16,3.97,0,0,0,4.16,1,0.19
21.380005,20,20,3.92,0,0,0,4.16,1,0.24
21.38501,25,25,3.96,0,0,0,4.16,1,0.2
21.390015,21,21,3.96,0,0,0,4.16,1,0.2
21.39502,20,20,3.97,0,0,0,4.16,1,0.19
21.400025,20,20,3.94,0,0,0,4.16,1,0.22
21.40503,24,24,3.97,0,0,0,4.16,1,0.19
21.410035,24,24,3.95,0,0,0,4.16,1,0.21
21.41504,28,28,3.93,0,0,0,4.16,1,0.23
21.420044,33,33,3.84,0,0,0,4.16,1,0.32
21.425049,41,41,3.89,0,0,0,4.16,1,0.27
21.430054,35,35,3.86,0,0,0,4.16,1,0.3
21.435059,38,38,3.84,0,2,0,4.16,1,0.32
21.440064,43,43,3.74,0,2,0,4.16,1,0.42
21.445069,53,53,3.78,2,0,0,4.43,1,0.65
21.450074,67,67,3.76,2,0,0,4.43,1,0.67
21.455079,69,69,3.73,0,2,0,4.43,1,0.7
21.459961,76,76,3.54,0,2,0,4.43,1,0.89
21.464966,93,93,3.66,0,2,0,4.44,1,0.78
21.469971,77,77,3.49,0,2,0,4.44,1,0.95
21.474976,88,88,3.54,2,2,0,4.44,1,0.9
21.479981,79,79,3.48,2,2,0,4.44,1,0.96
21.484986,71,71,3.59,4,2,0,4.72,1,1.13
21.489991,74,74,3.54,4,2,0,4.72,1,1.18
21.494996,71,71,3.61,4,2,0,4.99,1,1.38
21.5,80,80,3.59,4,2,0,4.99,1,1.4
21.505005,75,75,3.7,4,4,0,5.01,1,1.31
21.51001,60,60,3.74,4,4,0,5.01,1,1.27
21.515015,50,50,3.91,4,2,0,5.29,1,1.38
21.52002,51,51,3.93,4,2,0,5.29,1,1.36
21.525025,51,51,4.08,2,2,0,5.04,1,0.96
21.53003,22,22,4.1,2,2,0,5.04,1,0.94
21.535035,23,23,4.2,2,2,0,4.78,1,0.58
21.54004,-5,-5,4.28,2,2,0,4.78,1,0.5
21.545044,-11,-11,4.33,2,2,0,4.79,1,0.46
21.550049,-11,-11,4.4,2,2,0,4.79,1,0.39
21.555054,-12,-12,4.49,2,2,0,4.8,1,0.31
21.560059,-17,-17,4.59,2,2,0,4.8,1,0.21
21.565064,-15,-15,4.62,2,2,0,4.81,1,0.19
21.570069,-9,-9,4.66,2,2,0,4.81,1,0.149999999999999
21.575074,-2,-2,4.67,2,2,0,4.81,1,0.14
21.580079,1,1,4.68,2,2,0,4.81,1,0.13
21.584961,5,5,4.69,0,2,0,4.82,1,0.13
21.589966,10,10,4.69,0,2,0,4.82,1,0.13
21.594971,-1,-1,4.65,0,0,0,4.56,1,-0.0900000000000007
21.599976,4,4,4.59,0,0,0,4.56,1,-0.0300000000000002
21.604981,-21,-21,4.6,0,0,0,4.3,1,-0.3
21.609986,-25,-25,4.6,0,0,0,4.3,1,-0.3
21.614991,-24,-24,4.6,0,0,0,4.3,1,-0.3
21.619996,-26,-26,4.63,0,0,0,4.3,1,-0.33
21.625,-18,-18,4.55,0,0,0,4.3,1,-0.25
21.630005,-19,-19,4.55,0,0,0,4.3,1,-0.25
21.63501,-22,-22,4.55,0,-2,0,4.3,1,-0.25
21.640015,-27,-27,4.57,0,-2,0,4.3,1,-0.27
21.64502,-46,-46,4.54,0,0,0,4.03,1,-0.51
21.650025,-49,-49,4.55,0,0,0,4.03,1,-0.52
21.65503,-33,-33,4.56,0,0,0,4.29,1,-0.27
21.660035,-44,-44,4.68,0,0,0,4.29,1,-0.39
21.66504,-34,-34,4.59,0,-2,0,4.29,1,-0.3
21.670044,-35,-35,4.61,0,-2,0,4.29,1,-0.32
21.675049,-63,-63,4.64,-2,-2,0,4.02,1,-0.62
21.680054,-73,-73,4.72,-2,-2,0,4.02,1,-0.7
21.685059,-95,-95,4.78,-2,0,0,3.75,1,-1.03
21.690064,-87,-87,4.74,-2,0,0,3.75,1,-0.99
21.695069,-63,-63,4.72,0,-2,0,4.01,1,-0.71
21.700074,-63,-63,4.83,0,-2,0,4.01,1,-0.82
21.705079,-73,-73,4.77,-2,-2,0,4,1,-0.77
21.709961,-64,-64,4.9,-2,-2,0,4,1,-0.9
21.714966,-64,-64,4.78,-4,-2,0,3.73,1,-1.05
21.719971,-61,-61,4.76,-4,-2,0,3.73,1,-1.03
21.724976,-46,-46,4.63,-2,-2,0,3.45,1,-1.18
21.729981,-50,-50,4.59,-2,-2,0,3.45,1,-1.14
21.734986,-45,-45,4.48,-2,-2,0,3.71,1,-0.77
21.739991,-20,-20,4.51,-2,-2,0,3.71,1,-0.8
21.744996,-27,-27,4.46,-4,-4,0,3.7,1,-0.76
21.75,-25,-25,4.42,-4,-4,0,3.7,1,-0.72
21.755005,-16,-16,4.28,-2,-4,0,3.15,1,-1.13
21.76001,-42,-42,4.22,-2,-4,0,3.15,1,-1.07
21.765015,-41,-41,4.14,-2,-2,0,3.4,1,-0.74
21.77002,-23,-23,4.1,-2,-2,0,3.4,1,-0.7
21.775025,-30,-30,4.1,-2,-2,0,3.66,1,-0.44
21.78003,-17,-17,4.15,-2,-2,0,3.66,1,-0.49
21.785035,-22,-22,4.09,-2,0,0,3.65,1,-0.44
21.79004,-14,-14,4.04,-2,0,0,3.65,1,-0.39
21.795044,-7,-7,3.97,-2,-2,0,3.91,1,-0.0600000000000001
21.800049,19,19,3.93,-2,-2,0,3.91,1,-0.02
21.805054,17,17,3.96,-2,-2,0,3.64,1,-0.32
21.810059,-13,-13,3.96,-2,-2,0,3.64,1,-0.32
21.815064,-15,-15,3.9,0,-2,0,3.63,1,-0.27
21.820069,-9,-9,3.91,0,-2,0,3.63,1,-0.28
21.825074,-12,-12,3.91,-2,0,0,3.89,1,-0.02
21.830079,4,4,3.94,-2,0,0,3.89,1,-0.0499999999999998
21.834961,2,2,3.9,0,0,0,3.89,1,-0.00999999999999979
21.839966,7,7,3.85,0,0,0,3.89,1,0.04
21.844971,11,11,3.86,-2,0,0,4.15,1,0.29
21.849976,24,24,3.9,-2,0,0,4.15,1,0.25
21.854981,15,15,3.93,0,0,0,3.88,1,-0.0500000000000003
21.859986,-7,-7,3.89,0,0,0,3.88,1,-0.0100000000000002
21.864991,-2,-2,3.93,2,0,0,4.15,1,0.22
21.869996,15,15,3.95,2,0,0,4.15,1,0.2
21.875,12,12,3.97,0,0,0,4.42,1,0.45
21.880005,32,32,3.96,0,0,0,4.42,1,0.46
21.88501,35,35,3.99,0,0,0,4.15,1,0.16
21.890015,15,15,3.99,0,0,0,4.15,1,0.16
21.89502,17,17,3.99,2,0,0,4.15,1,0.16
21.900025,20,20,3.95,2,0,0,4.15,1,0.2
21.90503,25,25,3.97,0,0,0,4.42,1,0.45
21.910035,43,43,3.97,0,0,0,4.42,1,0.45
21.91504,44,44,3.96,0,2,0,4.16,1,0.2
21.920044,28,28,3.84,0,2,0,4.16,1,0.32
21.925049,39,39,3.93,2,0,0,4.43,1,0.5
21.930054,49,49,3.89,2,0,0,4.43,1,0.54
21.935059,52,52,3.88,2,2,0,4.43,1,0.55
21.940064,58,58,3.76,2,2,0,4.43,1,0.67
21.945069,70,70,3.82,2,2,0,4.71,1,0.89
21.950074,81,81,3.79,2,2,0,4.71,1,0.92
21.955079,82,82,3.78,0,0,0,4.72,1,0.94
21.959961,89,89,3.56,0,0,0,4.72,1,1.16
21.964966,107,107,3.69,2,2,0,4.18,1,0.49
21.969971,43,43,3.67,2,2,0,4.18,1,0.51
21.974976,30,30,3.7,2,2,0,4.72,1,1.02
21.979981,62,62,3.7,2,2,0,4.72,1,1.02
21.984986,56,56,3.77,2,2,0,4.73,1,0.96
21.989991,46,46,3.87,2,2,0,4.73,1,0.86
21.994996,36,36,3.95,2,2,0,4.74,1,0.79
22,32,32,3.9,2,2,0,4.74,1,0.84
22.005005,40,40,3.97,2,2,0,4.75,1,0.78
22.01001,38,38,3.98,2,2,0,4.75,1,0.77
22.015015,35,35,4.07,2,2,0,4.76,1,0.69
22.02002,26,26,4.08,2,2,0,4.76,1,0.68
22.025025,29,29,4.09,2,2,0,4.77,1,0.68
22.03003,33,33,4.09,2,2,0,4.77,1,0.68
22.035035,32,32,4.2,2,2,0,4.78,1,0.58
22.04004,18,18,4.2,2,2,0,4.78,1,0.58
22.045044,20,20,4.24,2,2,0,4.78,1,0.54
22.050049,22,22,4.22,2,2,0,4.78,1,0.56
22.055054,26,26,4.29,0,2,0,4.79,1,0.5
22.060059,18,18,4.3,0,2,0,4.79,1,0.49
22.065064,17,17,4.32,2,2,0,4.53,1,0.21
22.070069,-2,-2,4.33,2,2,0,4.53,1,0.2
22.075074,-4,-4,4.41,2,2,0,4.81,1,0.399999999999999
22.080079,8,8,4.49,2,2,0,4.81,1,0.319999999999999
22.084961,5,5,4.46,2,2,0,4.81,1,0.35
22.089966,15,15,4.44,2,2,0,4.81,1,0.369999999999999
22.094971,23,23,4.45,0,2,0,4.82,1,0.37
22.099976,24,24,4.41,0,2,0,4.82,1,0.41
22.104981,27,27,4.44,2,0,0,4.56,1,0.119999999999999
22.109986,4,4,4.43,2,0,0,4.56,1,0.13
22.114991,3,3,4.46,0,2,0,4.57,1,0.11
22.119996,-1,-1,4.51,0,2,0,4.57,1,0.0600000000000005
22.125,-4,-4,4.48,0,0,0,4.57,1,0.0899999999999999
22.130005,2,2,4.46,0,0,0,4.57,1,0.11
22.13501,7,7,4.47,0,0,0,4.3,1,-0.17
22.140015,-16,-16,4.46,0,0,0,4.3,1,-0.16
22.14502,-17,-17,4.48,0,0,0,4.3,1,-0.180000000000001
22.150025,-19,-19,4.47,0,0,0,4.3,1,-0.17
22.15503,-20,-20,4.47,0,0,0,4.3,1,-0.17
22.160035,-21,-21,4.53,0,0,0,4.3,1,-0.23
22.16504,-26,-26,4.47,0,0,0,4.3,1,-0.17
22.170044,-21,-21,4.49,0,0,0,4.3,1,-0.19
22.175049,-22,-22,4.52,0,0,0,4.3,1,-0.22
22.180054,-28,-28,4.57,0,0,0,4.3,1,-0.27
22.185059,-34,-34,4.55,-2,0,0,4.3,1,-0.25
22.190064,-31,-31,4.57,-2,0,0,4.3,1,-0.27
22.195069,-34,-34,4.59,0,0,0,4.03,1,-0.56
22.200074,-58,-58,4.68,0,0,0,4.03,1,-0.649999999999999
22.205079,-66,-66,4.63,0,0,0,4.3,1,-0.33
22.209961,-40,-40,4.65,0,0,0,4.3,1,-0.350000000000001
22.214966,-42,-42,4.67,0,-2,0,4.3,1,-0.37
22.219971,-48,-48,4.78,0,-2,0,4.3,1,-0.48
22.224976,-59,-59,4.73,-2,0,0,4.03,1,-0.7
22.229981,-71,-71,4.76,-2,0,0,4.03,1,-0.73
22.234986,-74,-74,4.78,-2,0,0,4.03,1,-0.75
22.239991,-80,-80,4.92,-2,0,0,4.03,1,-0.89
22.244996,-93,-93,4.91,0,-2,0,4.02,1,-0.890000000000001
22.25,-83,-83,4.96,0,-2,0,4.02,1,-0.94
22.255005,-76,-76,4.91,-2,-2,0,4.02,1,-0.890000000000001
22.26001,-70,-70,5,-2,-2,0,4.02,1,-0.98
22.265015,-76,-76,5,-2,-2,0,3.74,1,-1.26
22.27002,-88,-88,5.01,-2,-2,0,3.74,1,-1.27
22.275025,-74,-74,4.84,-4,-2,0,3.73,1,-1.11
22.28003,-47,-47,4.87,-4,-2,0,3.73,1,-1.14
22.285035,-47,-47,4.75,-2,-4,0,3.46,1,-1.29
22.29004,-56,-56,4.71,-2,-4,0,3.46,1,-1.25
22.295044,-52,-52,4.64,-2,-2,0,3.44,1,-1.2
22.300049,-48,-48,4.65,-2,-2,0,3.44,1,-1.21
22.305054,-46,-46,4.5,-4,-2,0,3.7,1,-0.8
22.310059,-8,-8,4.4,-4,-2,0,3.7,1,-0.7
22.315064,1,1,4.34,-4,-4,0,3.42,1,-0.92
22.320069,-18,-18,4.23,-4,-4,0,3.42,1,-0.81
22.325074,-12,-12,4.17,-2,-2,0,3.14,1,-1.03
22.330079,-35,-35,4.09,-2,-2,0,3.14,1,-0.95
22.334961,-40,-40,4.07,-2,-2,0,3.66,1,-0.41
22.339966,-7,-7,4.16,-2,-2,0,3.66,1,-0.5
22.344971,-16,-16,4.07,-2,-2,0,3.65,1,-0.42
22.349976,-6,-6,4.04,-2,-2,0,3.65,1,-0.39
22.354981,3,3,3.95,0,-2,0,3.64,1,-0.31
22.359986,11,11,3.83,0,-2,0,3.64,1,-0.19
22.364991,19,19,3.82,-2,0,0,3.91,1,0.0900000000000003
22.369996,31,31,3.81,-2,0,0,3.91,1,0.1
22.375,22,22,3.8,0,0,0,3.9,1,0.1
22.380005,22,22,3.73,0,0,0,3.9,1,0.17
22.38501,29,29,3.73,0,0,0,4.17,1,0.44
22.390015,43,43,3.74,0,0,0,4.17,1,0.43
22.39502,34,34,3.78,0,0,0,4.17,1,0.39
22.400025,27,27,3.75,0,0,0,4.17,1,0.42
22.40503,29,29,3.83,2,0,0,4.17,1,0.34
22.410035,25,25,3.82,2,0,0,4.17,1,0.35
22.41504,29,29,3.8,0,0,0,4.44,1,0.640000000000001
22.420044,56,56,3.73,0,0,0,4.44,1,0.71
22.425049,64,64,3.78,2,2,0,4.17,1,0.39
22.430054,38,38,3.79,2,2,0,4.17,1,0.38
22.435059,38,38,3.78,2,2,0,4.71,1,0.93
22.440064,83,83,3.68,2,2,0,4.71,1,1.03
22.445069,94,94,3.74,0,0,0,4.72,1,0.98
22.450074,88,88,3.7,0,0,0,4.72,1,1.02
22.455079,92,92,3.69,2,2,0,4.19,1,0.5
22.459961,55,55,3.54,2,2,0,4.19,1,0.65
22.464966,68,68,3.68,2,2,0,4.73,1,1.05
22.469971,90,90,3.54,2,2,0,4.73,1,1.19
22.474976,97,97,3.55,2,4,0,4.74,1,1.19
22.479981,91,91,3.46,2,4,0,4.74,1,1.28
22.484986,88,88,3.52,2,2,0,5.02,1,1.5
22.489991,86,86,3.54,2,2,0,5.02,1,1.48
22.494996,66,66,3.75,4,4,0,4.76,1,1.01
22.5,19,19,3.75,4,4,0,4.76,1,1.01
22.505005,17,17,3.96,2,4,0,5.31,1,1.35
22.51001,43,43,4,2,4,0,5.31,1,1.31
22.515015,44,44,4.09,4,4,0,5.05,1,0.96
22.52002,21,21,4.14,4,4,0,5.05,1,0.91
22.525025,14,14,4.31,2,4,0,5.34,1,1.03
22.53003,20,20,4.41,2,4,0,5.34,1,0.93
22.535035,15,15,4.54,4,4,0,5.08,1,0.54
22.54004,-12,-12,4.6,4,4,0,5.08,1,0.48
22.545044,-12,-12,4.65,2,2,0,5.37,1,0.72
22.550049,11,11,4.74,2,2,0,5.37,1,0.63
22.555054,9,9,4.82,2,4,0,4.84,1,0.0199999999999996
22.560059,-35,-35,4.84,2,4,0,4.84,1,0
22.565064,-32,-32,4.88,2,2,0,5.12,1,0.24
22.570069,-9,-9,4.91,2,2,0,5.12,1,0.21
22.575074,-8,-8,4.97,0,2,0,4.87,1,-0.0999999999999996
22.580079,-30,-30,5.01,0,2,0,4.87,1,-0.14
22.584961,-29,-29,4.99,0,0,0,4.6,1,-0.390000000000001
22.589966,-40,-40,5,0,0,0,4.6,1,-0.4
22.594971,-35,-35,5,2,0,0,4.34,1,-0.66
22.599976,-52,-52,5.04,2,0,0,4.34,1,-0.7
22.604981,-54,-54,4.95,-2,0,0,4.61,1,-0.34
22.609986,-21,-21,4.91,-2,0,0,4.61,1,-0.3
22.614991,-15,-15,4.89,0,0,0,4.07,1,-0.819999999999999
22.619996,-54,-54,4.89,0,0,0,4.07,1,-0.819999999999999
22.625,-57,-57,4.86,0,0,0,4.34,1,-0.52
22.630005,-38,-38,4.85,0,0,0,4.34,1,-0.51
22.63501,-41,-41,4.84,-2,0,0,4.34,1,-0.5
22.640015,-43,-43,4.94,-2,0,0,4.34,1,-0.600000000000001
22.64502,-53,-53,4.84,0,-2,0,4.07,1,-0.77
22.650025,-62,-62,4.84,0,-2,0,4.07,1,-0.77
22.65503,-63,-63,4.85,-2,-2,0,4.06,1,-0.79
22.660035,-69,-69,4.95,-2,-2,0,4.06,1,-0.890000000000001
22.66504,-80,-80,4.89,-2,-2,0,3.79,1,-1.1
22.670044,-91,-91,4.94,-2,-2,0,3.79,1,-1.15
22.675049,-91,-91,4.89,-2,-2,0,3.78,1,-1.11
22.680054,-87,-87,4.96,-2,-2,0,3.78,1,-1.18
22.685059,-91,-91,4.98,-2,-2,0,3.77,1,-1.21
22.690064,-86,-86,5.05,-2,-2,0,3.77,1,-1.28
22.695069,-74,-74,4.82,-4,-2,0,3.76,1,-1.06
22.700074,-35,-35,4.8,-4,-2,0,3.76,1,-1.04
22.705079,-25,-25,4.63,-4,-2,0,3.49,1,-1.14
22.709961,-28,-28,4.54,-4,-2,0,3.49,1,-1.05
22.714966,-20,-20,4.41,-4,-4,0,3.47,1,-0.94
22.719971,-13,-13,4.33,-4,-4,0,3.47,1,-0.86
22.724976,-13,-13,4.28,-2,-2,0,3.19,1,-1.09
22.729981,-37,-37,4.21,-2,-2,0,3.19,1,-1.02
22.734986,-37,-37,4.09,-4,-2,0,3.71,1,-0.38
22.739991,14,14,4.12,-4,-2,0,3.71,1,-0.41
22.744996,10,10,3.98,-2,-2,0,3.43,1,-0.55
22.75,-1,-1,3.91,-2,-2,0,3.43,1,-0.48
22.755005,2,2,3.86,-2,-2,0,3.69,1,-0.17
22.76001,21,21,3.77,-2,-2,0,3.69,1,-0.0800000000000001
22.765015,23,23,3.72,-2,-2,0,3.68,1,-0.04
22.77002,25,25,3.67,-2,-2,0,3.68,1,0.0100000000000002
22.775025,23,23,3.62,-2,-2,0,3.67,1,0.0499999999999998
22.78003,19,19,3.6,-2,-2,0,3.67,1,0.0699999999999998
22.785035,15,15,3.64,0,0,0,3.67,1,0.0299999999999998
22.79004,4,4,3.61,0,0,0,3.67,1,0.0600000000000001
22.795044,0,0,3.65,0,0,0,4.2,1,0.55
22.800049,32,32,3.73,0,0,0,4.2,1,0.47
22.805054,23,23,3.74,0,0,0,4.2,1,0.46
22.810059,25,25,3.75,0,0,0,4.2,1,0.45
22.815064,28,28,3.78,0,0,0,4.2,1,0.42
22.820069,27,27,3.73,0,0,0,4.2,1,0.47
22.825074,30,30,3.82,0,0,0,4.2,1,0.38
22.830079,20,20,3.85,0,0,0,4.2,1,0.35
22.834961,18,18,3.85,0,2,0,4.2,1,0.35
22.839966,23,23,3.83,0,2,0,4.2,1,0.37
22.844971,27,27,3.86,0,0,0,4.47,1,0.61
22.849976,44,44,3.87,0,0,0,4.47,1,0.6
22.854981,45,45,3.89,0,0,0,4.2,1,0.31
22.859986,26,26,3.78,0,0,0,4.2,1,0.42
22.864991,36,36,3.89,0,0,0,4.2,1,0.31
22.869996,23,23,3.88,0,0,0,4.2,1,0.32
22.875,25,25,3.88,0,2,0,4.2,1,0.32
22.880005,30,30,3.82,0,2,0,4.2,1,0.38
22.88501,36,36,3.83,2,2,0,4.47,1,0.64
22.890015,54,54,3.85,2,2,0,4.47,1,0.62
22.89502,53,53,3.85,2,2,0,4.75,1,0.9
22.900025,73,73,3.75,2,2,0,4.75,1,1
22.90503,80,80,3.85,2,2,0,4.75,1,0.9
22.910035,67,67,3.83,2,2,0,4.75,1,0.92
22.91504,63,63,3.86,2,2,0,4.76,1,0.9
22.920044,60,60,3.78,2,2,0,4.76,1,0.98
22.925049,63,63,3.85,2,2,0,4.77,1,0.919999999999999
22.930054,51,51,3.87,2,2,0,4.77,1,0.899999999999999
22.935059,40,40,3.99,2,2,0,4.78,1,0.79
22.940064,26,26,4.02,2,2,0,4.78,1,0.760000000000001
22.945069,24,24,4.05,2,2,0,4.79,1,0.74
22.950074,24,24,4.08,2,2,0,4.79,1,0.71
22.955079,22,22,4.21,2,2,0,4.8,1,0.59
22.959961,8,8,4.24,2,2,0,4.8,1,0.56
22.964966,7,7,4.33,2,2,0,4.81,1,0.48
22.969971,6,6,4.34,2,2,0,4.81,1,0.47
22.974976,11,11,4.37,0,2,0,4.81,1,0.44
22.979981,10,10,4.43,0,2,0,4.81,1,0.38
22.984986,4,4,4.48,2,2,0,4.55,1,0.0699999999999994
22.989991,-17,-17,4.5,2,2,0,4.55,1,0.0499999999999998
22.994996,-13,-13,4.53,2,0,0,4.83,1,0.3
23,9,9,4.59,2,0,0,4.83,1,0.24
23.005005,5,5,4.6,0,0,0,4.57,1,-0.0299999999999994
23.01001,-8,-8,4.6,0,0,0,4.57,1,-0.0299999999999994
23.015015,1,1,4.54,0,0,0,4.3,1,-0.24
23.02002,-9,-9,4.49,0,0,0,4.3,1,-0.19
23.025025,-6,-6,4.51,0,0,0,4.3,1,-0.21
23.03003,-11,-11,4.51,0,0,0,4.3,1,-0.21
23.035035,-12,-12,4.47,0,0,0,4.3,1,-0.17
23.04004,-6,-6,4.48,0,0,0,4.3,1,-0.180000000000001
23.045044,-7,-7,4.45,0,0,0,4.3,1,-0.15
23.050049,-6,-6,4.43,0,0,0,4.3,1,-0.13
23.055054,-6,-6,4.43,0,0,0,4.3,1,-0.13
23.060059,-7,-7,4.43,0,0,0,4.3,1,-0.13
23.065064,-8,-8,4.41,0,0,0,4.3,1,-0.11
23.070069,-7,-7,4.41,0,0,0,4.3,1,-0.11
23.075074,-8,-8,4.41,0,0,0,4.3,1,-0.11
23.080079,-9,-9,4.42,0,0,0,4.3,1,-0.12
23.084961,-11,-11,4.41,0,0,0,4.3,1,-0.11
23.089966,-10,-10,4.4,0,0,0,4.3,1,-0.100000000000001
23.094971,-11,-11,4.41,0,0,0,4.3,1,-0.11
23.099976,-13,-13,4.44,0,0,0,4.3,1,-0.140000000000001
23.104981,-16,-16,4.41,0,0,0,4.3,1,-0.11
23.109986,-13,-13,4.42,0,0,0,4.3,1,-0.12
23.114991,-15,-15,4.43,0,0,0,4.3,1,-0.13
23.119996,-17,-17,4.47,0,0,0,4.3,1,-0.17
23.125,-21,-21,4.45,-2,-2,0,4.3,1,-0.15
23.130005,-18,-18,4.45,-2,-2,0,4.3,1,-0.15
23.13501,-19,-19,4.46,0,0,0,3.76,1,-0.7
23.140015,-63,-63,4.52,0,0,0,3.76,1,-0.76
23.14502,-68,-68,4.5,0,0,0,4.29,1,-0.21
23.150025,-25,-25,4.51,0,0,0,4.29,1,-0.22
23.15503,-26,-26,4.53,-2,0,0,4.29,1,-0.24
23.160035,-30,-30,4.61,-2,0,0,4.29,1,-0.32
23.16504,-37,-37,4.57,0,0,0,4.02,1,-0.550000000000001
23.170044,-52,-52,4.59,0,0,0,4.02,1,-0.57
23.175049,-54,-54,4.62,0,0,0,4.29,1,-0.33
23.180054,-38,-38,4.73,0,0,0,4.29,1,-0.44
23.185059,-48,-48,4.64,0,0,0,4.29,1,-0.35
23.190064,-35,-35,4.67,0,0,0,4.29,1,-0.38
23.195069,-37,-37,4.69,-2,0,0,4.29,1,-0.4
23.200074,-43,-43,4.8,-2,0,0,4.29,1,-0.51
23.205079,-53,-53,4.73,-2,0,0,4.02,1,-0.710000000000001
23.209961,-62,-62,4.76,-2,0,0,4.02,1,-0.74
23.214966,-62,-62,4.74,0,-2,0,4.01,1,-0.73
23.219971,-60,-60,4.84,0,-2,0,4.01,1,-0.83
23.224976,-69,-69,4.79,0,-2,0,4.01,1,-0.78
23.229981,-60,-60,4.87,0,-2,0,4.01,1,-0.86
23.234986,-57,-57,4.76,-4,-2,0,4,1,-0.76
23.239991,-34,-34,4.74,-4,-2,0,4,1,-0.74
23.244996,-24,-24,4.62,-2,-2,0,3.46,1,-1.16
23.25,-51,-51,4.59,-2,-2,0,3.46,1,-1.13
23.255005,-48,-48,4.52,-4,-2,0,3.72,1,-0.799999999999999
23.26001,-24,-24,4.52,-4,-2,0,3.72,1,-0.799999999999999
23.265015,-21,-21,4.42,-2,-2,0,3.44,1,-0.98
23.27002,-30,-30,4.35,-2,-2,0,3.44,1,-0.91
23.275025,-23,-23,4.23,-2,-2,0,3.7,1,-0.53
23.28003,5,5,4.2,-2,-2,0,3.7,1,-0.5
23.285035,5,5,4.15,-2,-2,0,3.69,1,-0.46
23.29004,5,5,4.08,-2,-2,0,3.69,1,-0.39
23.295044,10,10,3.98,-2,-2,0,3.68,1,-0.3
23.300049,19,19,3.87,-2,-2,0,3.68,1,-0.19
23.305054,23,23,3.84,0,-2,0,3.67,1,-0.17
23.310059,15,15,3.83,0,-2,0,3.67,1,-0.16
23.315064,7,7,3.81,0,0,0,3.93,1,0.12
23.320069,23,23,3.78,0,0,0,3.93,1,0.15
23.325074,26,26,3.75,0,0,0,4.2,1,0.45
23.330079,45,45,3.74,0,0,0,4.2,1,0.46
23.334961,40,40,3.79,0,0,0,4.2,1,0.41
23.339966,32,32,3.73,0,0,0,4.2,1,0.47
23.344971,37,37,3.81,0,0,0,4.2,1,0.39
23.349976,32,32,3.78,0,0,0,4.2,1,0.42
23.354981,35,35,3.78,0,0,0,4.2,1,0.42
23.359986,38,38,3.71,0,0,0,4.2,1,0.49
23.364991,45,45,3.76,2,2,0,4.2,1,0.44
23.369996,38,38,3.76,2,2,0,4.2,1,0.44
23.375,40,40,3.75,0,2,0,4.74,1,0.99
23.380005,86,86,3.63,0,2,0,4.74,1,1.11
23.38501,97,97,3.71,0,2,0,4.48,1,0.77
23.390015,68,68,3.69,0,2,0,4.48,1,0.79
23.39502,70,70,3.69,2,0,0,4.48,1,0.79
23.400025,73,73,3.5,2,0,0,4.48,1,0.98
23.40503,88,88,3.61,4,2,0,4.48,1,0.870000000000001
23.410035,68,68,3.6,4,2,0,4.48,1,0.88
23.41504,59,59,3.62,2,2,0,5.03,1,1.41
23.420044,95,95,3.55,2,2,0,5.03,1,1.48
23.425049,94,94,3.65,4,2,0,4.77,1,1.12
23.430054,58,58,3.7,4,2,0,4.77,1,1.07
23.435059,45,45,3.84,2,2,0,5.05,1,1.21
23.440064,50,50,3.84,2,2,0,5.05,1,1.21
23.445069,54,54,3.89,4,4,0,4.79,1,0.9
23.450074,34,34,3.89,4,4,0,4.79,1,0.9
23.455079,34,34,4.02,2,2,0,5.34,1,1.32
23.459961,58,58,4.06,2,2,0,5.34,1,1.28
23.464966,56,56,4.16,2,2,0,4.82,1,0.66
23.469971,13,13,4.16,2,2,0,4.82,1,0.66
23.474976,20,20,4.21,2,2,0,4.83,1,0.62
23.479981,17,17,4.27,2,2,0,4.83,1,0.56
23.484986,9,9,4.34,2,2,0,4.84,1,0.5
23.489991,5,5,4.37,2,2,0,4.84,1,0.47
23.494996,8,8,4.41,2,2,0,4.84,1,0.43
23.5,9,9,4.44,2,2,0,4.84,1,0.399999999999999
23.505005,8,8,4.47,2,0,0,4.85,1,0.38
23.51001,10,10,4.49,2,0,0,4.85,1,0.359999999999999
23.515015,11,11,4.52,2,0,0,4.59,1,0.0700000000000003
23.52002,-8,-8,4.51,2,0,0,4.59,1,0.0800000000000001
23.525025,-4,-4,4.52,0,0,0,4.6,1,0.0800000000000001
23.53003,-3,-3,4.52,0,0,0,4.6,1,0.0800000000000001
23.535035,-3,-3,4.56,2,2,0,4.33,1,-0.23
23.54004,-27,-27,4.59,2,2,0,4.33,1,-0.26
23.545044,-27,-27,4.56,0,0,0,4.87,1,0.31
23.550049,20,20,4.54,0,0,0,4.87,1,0.33
23.555054,24,24,4.54,0,0,0,4.34,1,-0.2
23.560059,-17,-17,4.49,0,0,0,4.34,1,-0.15
23.565064,-15,-15,4.51,0,0,0,4.34,1,-0.17
23.570069,-21,-21,4.52,0,0,0,4.34,1,-0.18
23.575074,-26,-26,4.57,0,0,0,4.34,1,-0.23
23.580079,-34,-34,4.68,0,0,0,4.34,1,-0.34
23.584961,-43,-43,4.61,0,0,0,4.34,1,-0.27
23.589966,-29,-29,4.59,0,0,0,4.34,1,-0.25
23.594971,-25,-25,4.61,0,0,0,4.34,1,-0.27
23.599976,-29,-29,4.65,0,0,0,4.34,1,-0.31
23.604981,-36,-36,4.63,0,-2,0,4.34,1,-0.29
23.609986,-34,-34,4.66,0,-2,0,4.34,1,-0.32
23.614991,-39,-39,4.67,-2,0,0,4.07,1,-0.6
23.619996,-63,-63,4.77,-2,0,0,4.07,1,-0.699999999999999
23.625,-72,-72,4.72,0,0,0,4.06,1,-0.66
23.630005,-66,-66,4.75,0,0,0,4.06,1,-0.69
23.63501,-69,-69,4.77,-2,-2,0,4.33,1,-0.44
23.640015,-54,-54,4.9,-2,-2,0,4.33,1,-0.57
23.64502,-66,-66,4.85,-2,-2,0,3.79,1,-1.06
23.650025,-96,-96,4.89,-2,-2,0,3.79,1,-1.1
23.65503,-96,-96,4.9,-2,-2,0,3.78,1,-1.12
23.660035,-97,-97,4.99,-2,-2,0,3.78,1,-1.21
23.66504,-103,-103,4.92,-4,-2,0,3.77,1,-1.15
23.670044,-86,-86,5,-4,-2,0,3.77,1,-1.23
23.675049,-81,-81,4.95,-4,-4,0,3.49,1,-1.46
23.680054,-88,-88,4.97,-4,-4,0,3.49,1,-1.48
23.685059,-76,-76,4.84,-4,-4,0,3.21,1,-1.63
23.690064,-75,-75,4.77,-4,-4,0,3.21,1,-1.56
23.695069,-63,-63,4.61,-4,-4,0,3.19,1,-1.42
23.700074,-49,-49,4.62,-4,-4,0,3.19,1,-1.43
23.705079,-50,-50,4.49,-4,-4,0,3.18,1,-1.31
23.709961,-41,-41,4.39,-4,-4,0,3.18,1,-1.21
23.714966,-29,-29,4.22,-2,-4,0,3.16,1,-1.06
23.719971,-12,-12,4.12,-2,-4,0,3.16,1,-0.96
23.724976,-7,-7,3.99,-4,-2,0,3.41,1,-0.58
23.729981,18,18,3.87,-4,-2,0,3.41,1,-0.46
23.734986,21,21,3.81,-4,-2,0,3.4,1,-0.41
23.739991,18,18,3.7,-4,-2,0,3.4,1,-0.3
23.744996,23,23,3.66,-2,0,0,3.39,1,-0.27
23.75,20,20,3.54,-2,0,0,3.39,1,-0.15
23.755005,20,20,3.5,-2,-2,0,3.91,1,0.41
23.76001,52,52,3.53,-2,-2,0,3.91,1,0.38
23.765015,39,39,3.54,-2,0,0,3.64,1,0.1
23.77002,12,12,3.5,-2,0,0,3.64,1,0.14
23.775025,11,11,3.54,0,0,0,3.9,1,0.36
23.78003,23,23,3.58,0,0,0,3.9,1,0.32
23.785035,16,16,3.61,0,0,0,4.17,1,0.56
23.79004,34,34,3.65,0,0,0,4.17,1,0.52
23.795044,34,34,3.66,0,0,0,4.17,1,0.51
23.800049,37,37,3.58,0,0,0,4.17,1,0.59
23.805054,45,45,3.68,0,0,0,4.17,1,0.49
23.810059,35,35,3.69,0,0,0,4.17,1,0.48
23.815064,36,36,3.67,2,2,0,4.17,1,0.5
23.820069,43,43,3.61,2,2,0,4.17,1,0.56
23.825074,51,51,3.67,2,0,0,4.71,1,1.04
23.830079,85,85,3.66,2,0,0,4.71,1,1.05
23.834961,86,86,3.66,2,0,0,4.45,1,0.79
23.839966,69,69,3.51,2,0,0,4.45,1,0.94
23.844971,84,84,3.65,2,2,0,4.45,1,0.8
23.849976,68,68,3.58,2,2,0,4.45,1,0.87
23.854981,72,72,3.58,2,2,0,4.72,1,1.14
23.859986,95,95,3.5,2,2,0,4.72,1,1.22
23.864991,95,95,3.53,2,2,0,4.73,1,1.2
23.869996,80,80,3.51,2,2,0,4.73,1,1.22
23.875,67,67,3.69,2,2,0,4.74,1,1.05
23.880005,38,38,3.68,2,2,0,4.74,1,1.06
23.88501,34,34,3.9,2,2,0,4.75,1,0.85
23.890015,15,15,3.93,2,2,0,4.75,1,0.82
23.89502,14,14,4.04,2,4,0,4.76,1,0.72
23.900025,4,4,4.14,2,4,0,4.76,1,0.62
23.90503,-4,-4,4.25,2,2,0,5.04,1,0.79
23.910035,13,13,4.31,2,2,0,5.04,1,0.73
23.91504,18,18,4.38,4,2,0,4.78,1,0.4
23.920044,0,0,4.38,4,2,0,4.78,1,0.4
23.925049,5,5,4.42,2,2,0,5.06,1,0.64
23.930054,25,25,4.45,2,2,0,5.06,1,0.609999999999999
23.935059,24,24,4.5,2,2,0,4.8,1,0.3
23.940064,2,2,4.52,2,2,0,4.8,1,0.28
23.945069,3,3,4.54,2,2,0,4.81,1,0.27
23.950074,3,3,4.54,2,2,0,4.81,1,0.27
23.955079,3,3,4.61,0,2,0,4.82,1,0.21
23.959961,-3,-3,4.66,0,2,0,4.82,1,0.16
23.964966,-5,-5,4.65,0,0,0,4.56,1,-0.0900000000000007
23.969971,-17,-17,4.65,0,0,0,4.56,1,-0.0900000000000007
23.974976,-12,-12,4.67,2,0,0,4.29,1,-0.38
23.979981,-33,-33,4.7,2,0,0,4.29,1,-0.41
23.984986,-33,-33,4.68,0,2,0,4.56,1,-0.12
23.989991,-5,-5,4.65,0,2,0,4.56,1,-0.0900000000000007
23.994996,3,3,4.59,0,0,0,4.57,1,-0.0199999999999996
24,11,11,4.55,0,0,0,4.57,1,0.0200000000000005
24.005005,12,12,4.56,0,0,0,4.3,1,-0.26
24.01001,-13,-13,4.54,0,0,0,4.3,1,-0.24
24.015015,-13,-13,4.5,0,0,0,4.3,1,-0.2
24.02002,-11,-11,4.53,0,0,0,4.3,1,-0.23
24.025025,-13,-13,4.49,0,0,0,4.3,1,-0.19
24.03003,-11,-11,4.47,0,0,0,4.3,1,-0.17
24.035035,-10,-10,4.47,-2,0,0,4.3,1,-0.17
24.04004,-12,-12,4.47,-2,0,0,4.3,1,-0.17
24.045044,-14,-14,4.45,0,-2,0,4.03,1,-0.42
24.050049,-34,-34,4.45,0,-2,0,4.03,1,-0.42
24.055054,-36,-36,4.45,0,0,0,4.03,1,-0.42
24.060059,-37,-37,4.52,0,0,0,4.03,1,-0.489999999999999
24.065064,-44,-44,4.44,0,0,0,4.29,1,-0.15
24.070069,-14,-14,4.45,0,0,0,4.29,1,-0.16
24.075074,-16,-16,4.46,0,0,0,4.29,1,-0.17
24.080079,-21,-21,4.5,0,0,0,4.29,1,-0.21
24.084961,-27,-27,4.5,0,0,0,4.29,1,-0.21
24.089966,-26,-26,4.49,0,0,0,4.29,1,-0.2
24.094971,-26,-26,4.5,0,0,0,4.29,1,-0.21
24.099976,-27,-27,4.58,0,0,0,4.29,1,-0.29
24.104981,-35,-35,4.55,-2,-2,0,4.29,1,-0.26
24.109986,-32,-32,4.56,-2,-2,0,4.29,1,-0.27
24.114991,-34,-34,4.59,-2,0,0,3.75,1,-0.84
24.119996,-79,-79,4.69,-2,0,0,3.75,1,-0.94
24.125,-88,-88,4.66,0,-2,0,4.01,1,-0.65
24.130005,-62,-62,4.68,0,-2,0,4.01,1,-0.67
24.13501,-63,-63,4.68,0,-2,0,4.01,1,-0.67
24.140015,-65,-65,4.81,0,-2,0,4.01,1,-0.8
24.14502,-77,-77,4.75,0,-2,0,4,1,-0.75
24.150025,-69,-69,4.81,0,-2,0,4,1,-0.81
24.15503,-70,-70,4.84,-2,0,0,4,1,-0.84
24.160035,-70,-70,4.9,-2,0,0,4,1,-0.9
24.16504,-66,-66,4.81,-2,-2,0,4,1,-0.81
24.170044,-47,-47,4.82,-2,-2,0,4,1,-0.82
24.175049,-38,-38,4.7,-2,-4,0,3.72,1,-0.98
24.180054,-44,-44,4.7,-2,-4,0,3.72,1,-0.98
24.185059,-44,-44,4.66,-2,-2,0,3.44,1,-1.22
24.190064,-62,-62,4.6,-2,-2,0,3.44,1,-1.16
24.195069,-54,-54,4.48,-2,-2,0,3.7,1,-0.78
24.200074,-20,-20,4.49,-2,-2,0,3.7,1,-0.79
24.205079,-25,-25,4.4,-2,-2,0,3.69,1,-0.71
24.209961,-20,-20,4.44,-2,-2,0,3.69,1,-0.75
24.214966,-22,-22,4.34,-2,-2,0,3.68,1,-0.66
24.219971,-9,-9,4.25,-2,-2,0,3.68,1,-0.57
24.224976,0,0,4.16,-2,-2,0,3.67,1,-0.49
24.229981,3,3,4.15,-2,-2,0,3.67,1,-0.48
24.234986,-5,-5,4.12,0,-2,0,3.67,1,-0.45
24.239991,-5,-5,4.06,0,-2,0,3.67,1,-0.39
24.244996,2,2,3.97,-2,-2,0,3.93,1,-0.04
24.25,28,28,3.93,-2,-2,0,3.93,1,0
24.255005,25,25,3.92,0,-2,0,3.65,1,-0.27
24.26001,-2,-2,3.85,0,-2,0,3.65,1,-0.2
24.265015,1,1,3.85,0,-2,0,3.91,1,0.0600000000000001
24.27002,18,18,3.82,0,-2,0,3.91,1,0.0900000000000003
24.275025,13,13,3.85,0,0,0,3.91,1,0.0600000000000001
24.28003,3,3,3.89,0,0,0,3.91,1,0.02
24.285035,-3,-3,3.91,0,0,0,4.18,1,0.27
24.29004,18,18,3.92,0,0,0,4.18,1,0.26
24.295044,21,21,3.92,0,0,0,4.18,1,0.26
24.300049,22,22,3.87,0,0,0,4.18,1,0.31
24.305054,26,26,3.93,2,0,0,4.18,1,0.25
24.310059,19,19,3.94,2,0,0,4.18,1,0.24
24.315064,20,20,3.93,0,0,0,4.45,1,0.52
24.320069,45,45,3.88,0,0,0,4.45,1,0.57
24.325074,53,53,3.89,0,0,0,4.18,1,0.29
24.330079,32,32,3.88,0,0,0,4.18,1,0.3
