time,b_kd_189_s_kp_0.278_ki_0.0012_pwma,b_kd_248_s_kp_0.374_ki_0.0012_pwma,b_kd_300_s_kp_0.465_ki_0.0012_pwma,b_kd_189_s_kp_0.278_ki_0.0012_pwmb,b_kd_248_s_kp_0.374_ki_0.0012_pwmb,b_kd_300_s_kp_0.465_ki_0.0012_pwmb,b_kd_189_s_kp_0.278_ki_0.0012_pitch,b_kd_248_s_kp_0.374_ki_0.0012_pitch,b_kd_300_s_kp_0.465_ki_0.0012_pitch,b_kd_189_s_kp_0.278_ki_0.0012_motor_a_speed,b_kd_248_s_kp_0.374_ki_0.0012_motor_a_speed,b_kd_300_s_kp_0.465_ki_0.0012_motor_a_speed,b_kd_189_s_kp_0.278_ki_0.0012_motor_b_speed,b_kd_248_s_kp_0.374_ki_0.0012_motor_b_speed,b_kd_300_s_kp_0.465_ki_0.0012_motor_b_speed,b_kd_189_s_kp_0.278_ki_0.0012_target_angle,b_kd_248_s_kp_0.374_ki_0.0012_target_angle,b_kd_300_s_kp_0.465_ki_0.0012_target_angle,b_kd_189_s_kp_0.278_ki_0.0012_angle_error,b_kd_248_s_kp_0.374_ki_0.0012_angle_error,b_kd_300_s_kp_0.465_ki_0.0012_angle_error
0,-44,-71,-58,-44,-71,-58,5,4.29,1.76,0,-2,0,0,-2,0,4.71,3.51,2.07,-0.29,-0.78,0.31
0.00499999761791329,-29.0149921541058,-71,14.1669248538561,-29.0149921541058,-71,14.1669248538561,5,4.32996002092238,1.90628430713619,0,-0.00199895388103855,0,0,-0.00199895388103855,0,4.71,3.14036980646799,2.07,-0.29,-1.18959021445439,0.163715692863805
0.00999999523582659,-31.9940031383577,-79.9820094150706,5.02253786727842,-31.9940031383577,-79.9820094150706,5.02253786727842,5.06986007322835,4.36992004184476,1.78026635661329,-1.99600209223845,0,0,-1.99600209223845,0,0,4.71,3.14,2.07,-0.359860073228346,-1.22992004184476,0.28973364338671
0.0149999928537399,-35.9880062767152,-109.916024302992,21.5457145530698,-35.9880062767152,-109.916024302992,21.5457145530698,5.01017990584927,4.34008397569701,1.86759495939861,-2,-1.99440162019949,-1.94655465330234,-2,-1.99440162019949,-1.94655465330234,4.71,-3.58113346007229,-6.98147913785586,-0.300179905849272,-7.92121743576929,-8.84907409725447
0.0199999904716532,-28.0319832620927,-98.0455772907406,19.0116813979996,-28.0319832620927,-98.0455772907406,19.0116813979996,5.04984008368954,4.3997721135463,1.90984424802667,-2,-2,-2,-2,-2,-2,-1.38553280449907,-3.6,-7.23,-6.43537288818861,-7.9997721135463,-9.13984424802667
0.0249999880895665,-458.836132424044,-563.754730452953,-621.232329047141,-458.836132424044,-563.754730452953,-621.232329047141,5.07985007845894,4.33033583091516,1.86142395075515,-2,-2,-2,-2,-2,-0.0569580302059438,-1.41,-4.36630585993328,-8.15294493565218,-6.48985007845894,-8.69664169084843,-10.0143688864073
0.0299999857074798,-468.952025106861,-554.069564737313,-631.053477090451,-468.952025106861,-554.069564737313,-631.053477090451,5.19928037660291,4.38965217631343,1.90970290505305,-2,-2,-2,-0.0119937232848133,-2,0,-1.42988006276715,-4.37,-8.18,-6.62916043937006,-8.75965217631343,-10.089702905053
0.034999983325393,-479.923040275589,-607.632986927322,-692.082884630335,-479.923040275589,-607.632986927322,-692.082884630335,5.2,4.63830086540427,1.81304304026931,-2,-5.97281384646831,-0.060860805386205,0,-5.97281384646831,0,-1.43,-4.39979610384851,-7.75338937718497,-6.63,-9.03809696925278,-9.56643241745428
0.0399999809433063,-470.077975732801,-615.937631877413,-683.087898755608,-470.077975732801,-615.937631877413,-683.087898755608,5.1801559514656,4.83844079693531,1.78023972387893,-2,-6,0,0,-6,0,-1.18194939332002,-4.4,-7.74,-6.36210534478563,-9.23844079693531,-9.52023972387893
0.0449999785612196,-441.25506927565,-577.343024198294,-654.939071918194,-441.25506927565,-577.343024198294,-654.939071918194,5.08087954922638,4.54263864767919,1.89611418516609,-2,-9.96481803094417,0,0,-9.96481803094417,-1.93523641943488,-1.18,-5.90663085175878,-7.31424798772433,-6.26087954922638,-10.449269499438,-9.21036217289042
0.0499999761791329,-430.107744661246,-432.430065503802,-670.829325219188,-430.107744661246,-432.430065503802,-670.829325219188,5.30774715708303,4.06470158521798,2.19698809210333,-2,-10,0,0,-10,-2,-1.20970615092387,-5.92,-7.3,-6.51745330800691,-9.98470158521798,-9.49698809210333
0.0549999737970462,-451.762522184819,-374.604015501282,-653.617997201708,-451.762522184819,-374.604015501282,-653.617997201708,5.58697755507951,3.72360289948133,2.39313336442547,-2,-13.9576129472784,-9.65666822127331,0,-13.9576129472784,-7.79400093276398,-1.21,-7.42389291996581,-7.77317674284239,-6.79697755507951,-11.1474958194471,-10.1663101072679
0.0599999714149595,-460.893854692235,-282.07825342832,-603.604429500711,-460.893854692235,-282.07825342832,-603.604429500711,5.59,3.36417388423866,2.27157151670185,-7.92923646149009,-14,-10,-5.92923646149009,-14,-8,-1.2297641215383,-7.44,-7.79,-6.8197641215383,-10.8041738842387,-10.0615715167019
0.0649999690328728,-405.716430401423,-315.559224006101,-468.05351841548,-405.716430401423,-315.559224006101,-468.05351841548,5.12601289801195,2.7675561598954,1.70129697046524,-8,-17.9496256006973,-11.9278068797789,-6,-17.9496256006973,-11.8556137595577,-1.23,-8.96060585626846,-11.4046378995854,-6.35601289801194,-11.7281620161639,-13.1059348700506
0.0699999666507861,-281.724109620726,-228.209783832191,-248.03732748893,-281.724109620726,-228.209783832191,-248.03732748893,4.85372407678077,2.19774805375673,1.20668769355361,-8,-18,-12,-7.97241424606839,-18,-12,-2.89669003792779,-8.98,-11.54,-7.75041411470856,-11.1777480537567,-12.7466876935536
0.0749999642686994,-320.393513489846,-228.970814892587,-340.233950185521,-320.393513489846,-228.970814892587,-340.233950185521,4.49532524740623,1.61846368114969,0.719020453608479,-8,-19.9708148925873,-17.7717545566983,-8,-21.9416297851745,-19.6956727422643,-2.92,-10.4876733928293,-12.9156015026798,-7.41532524740623,-12.106137073979,-13.6346219562882
0.0799999618866127,-258.994885343337,-120.715123371157,-242.646103968652,-258.994885343337,-120.715123371157,-242.646103968652,4.12584297741325,0.586215711872753,0.0603880347536284,-13.9052490149203,-20,-18,-13.9052490149203,-22,-20,-3.22510453243755,-10.51,-12.97,-7.3509475098508,-11.0962157118728,-13.0303880347536
0.084999959504526,-229.48124987385,-93.4313791972723,-206.072935527172,-229.48124987385,-93.4313791972723,-206.072935527172,3.60862930808283,-0.305233558247217,-0.565775155732372,-14,-18.0331830151748,-18,-14,-20.0331830151748,-18,-3.23,-11.6605879361227,-15,-6.83862930808283,-11.3553543778755,-14.4342248442676
0.0899999571224393,-163.17859596335,-3.60077959200859,-87.0950323897332,-163.17859596335,-3.60077959200859,-87.0950323897332,3.24633275442994,-1.11575130253267,-1.30694897855576,-14,-18,-18,-14,-20,-18,-4.90991941645779,-11.68,-15,-8.15625217088773,-10.5642486974673,-13.6930510214442
0.0949999547403526,-228.735848620176,-26.535238463298,-94.3053573116366,-228.735848620176,-26.535238463298,-94.3053573116366,2.83762208920188,-2.1015954431466,-2.35626872669986,-14,-18,-18,-14,-18.0371809229362,-20,-4.94,-10.9930133230277,-15,-7.77762208920188,-8.89141787988106,-12.6437312733001
0.0999999523582659,-177.057856674055,42.4486937550196,25.6477745400433,-177.057856674055,42.4486937550196,25.6477745400433,2.18292935934956,-2.76488577644355,-3.43877259950771,-15.9608201231832,-17.9800580553325,-18,-15.9608201231832,-17.9900290276662,-20,-4.97921640246366,-10.9784046444266,-15,-7.16214576181322,-8.21351886798305,-11.5612274004923
0.104999949976179,-103.523616735812,132.227202525903,130.252925385521,-103.523616735812,132.227202525903,130.252925385521,1.40605974397207,-3.74358740830373,-4.34326857421289,-16,-14,-18,-16,-16,-18,-4.98,-10.66,-15,-6.38605974397207,-6.91641259169627,-10.6567314257871
0.109999947594092,-12.9645891983172,189.215030324606,193.642791811206,-12.9645891983172,189.215030324606,193.642791811206,0.988851445838572,-4.64295666696334,-5.16246069417558,-14.0431777845784,-13.9880538708552,-18,-16,-15.9820808062828,-18,-5.55726255354937,-10.6567745451309,-15,-6.54611399938794,-6.01381787816757,-9.83753930582442
0.114999945212006,-21.7515279384741,261.071533992444,244.14160336971,-21.7515279384741,261.071533992444,244.14160336971,0.246941276922222,-5.6314704209558,-6.3418621813003,-14,-10,-14,-16,-10,-14,-5.57,-9.58,-15,-5.81694127692222,-3.9485295790442,-8.6581378186997
0.119999942829919,38.537553537459,297.06320501793,315.333299509276,38.537553537459,297.06320501793,315.333299509276,-0.463252629219289,-6.37042465871422,-7.2780817469713,-14,-9.99802484318968,-14,-16,-10,-14,-5.3454252046191,-9.57819273151855,-15,-4.88217257539982,-3.20776807280433,-7.7219182530287
0.124999940447832,104.999207109607,360.99923849376,349.999597538084,104.999207109607,360.99923849376,349.999597538084,-1.25999048531528,-6.79999488362995,-8.3499871943936,-14,-8.00002379707,-10.0000487832625,-16,-10,-10.0000487832625,-5.34,-7.75002177431905,-14.1200107323177,-4.08000951468472,-0.950026890689104,-5.77002353792415
0.129999938065746,148.955499479083,318.043489145447,365.603473581424,148.955499479083,318.043489145447,365.603473581424,-1.95929203716723,-7.50928192341238,-9.43249097971127,-12.0020227509508,-8,-10,-14.0020227509508,-10,-10,-5.37995954498098,-7.75,-14.12,-3.42066750781376,-0.240718076587619,-4.68750902028873
0.134999935683659,163.969837213763,429.774784529403,415.896945357953,163.969837213763,429.774784529403,415.896945357953,-2.60869294592975,-8.0888337055987,-10.0388045661523,-12,-2.01206511449625,-4.01236655704561,-14,-4.01206511449625,-6.00824437136374,-5.38,-7.41068368982145,-12.3037511889705,-2.77130705407025,0.678150015777242,-2.26494662281824
0.139999933301572,184.93678308352,413.047788543822,315.753631741369,184.93678308352,413.047788543822,315.753631741369,-3.22813359579915,-8.43901611821543,-10.3222470562622,-10.0060206587124,-2,-4,-10.0120413174248,-4,-6,-4.87153526797167,-7.41,-12.3,-1.64340167217252,1.02901611821543,-1.97775294373783
0.144999930919485,237.787480266281,392.080010128031,322.960940023531,237.787480266281,392.080010128031,322.960940023531,-3.70807529297764,-8.69900939841485,-10.6686719608,-10,1.98475997561312,-2.00781199529386,-10,-0.0152400243868791,-4.00781199529386,-4.87,-5.20842011347375,-10.0189447346115,-1.16192470702236,3.4905892849411,0.649727226188577
0.149999928537399,251.929870034682,336.269331050085,266.652456569307,251.929870034682,336.269331050085,266.652456569307,-4.49604266624279,-8.75971143101776,-11.0003131856282,-8.01001856647396,2,-2,-10,0,-4,-4.07400742658958,-5.2,-10.01,0.422035239653202,3.55971143101777,0.990313185628201
0.154999926155312,346.429167783146,427.465575682047,412.118793976314,346.429167783146,427.465575682047,412.118793976314,-4.808137284345,-9.05825731200667,-11.4573206573604,-8,5.97676416008898,1.97618362098145,-10,3.97676416008898,1.96427543147217,-4.07,-3.74848108156752,-9.11535868527917,0.738137284345003,5.30977623043915,2.34196197208124
0.159999923773225,338.06307413406,411.115743427605,407.182652108573,338.06307413406,411.115743427605,407.182652108573,-5.3064958814411,-9.3480255532938,-11.7120850752952,-2.04204942270677,6,2,-4.04204942270677,4,2,-3.83168197690827,-3.74,-9.11,1.47481390453283,5.6080255532938,2.60208507529519
0.164999921391139,350.898476835492,498.312903580457,438.743904263041,350.898476835492,498.312903580457,438.743904263041,-5.57789144196792,-9.32023423741575,-11.7894397905754,-2,6,3.98399401644009,-4,5.98438417228311,3.98399401644009,-3.83,-2.2715557125105,-6.8383268511761,1.74789144196792,7.04867852490526,4.95111293939931
0.169999919009052,327.211377379171,428.625324746726,379.008391152462,327.211377379171,428.625324746726,379.008391152462,-5.99630089586451,-9.01273029114768,-12.0996341101808,-2,6,4,-2.01761478159757,6,4,-2.21435604700202,-2.26,-6.82,3.78194484886249,6.75273029114768,5.27963411018084
0.174999916626965,430.970278887382,435.921545058087,523.512320456928,430.970278887382,435.921545058087,523.512320456928,-6.27725407703302,-8.99019613735478,-12.327788584463,-2,11.9411587935652,9.93968866717277,-2,7.98038626452174,9.93968866717277,-2.2,-1.9134324037087,-5.91914721881213,4.07725407703302,7.07676373364609,6.40864136565087
0.179999914244879,420.129676136155,412.254607938237,503.75558545205,420.129676136155,412.254607938237,503.75558545205,-6.5174064772769,-9.16809044046323,-12.33,3.93516193192241,12,10,3.93516193192241,8,10,-1.9527015861699,-1.91,-5.91,4.564704891107,7.25809044046322,6.42
0.184999911862792,407.15347568106,437.698243443076,493.121007858298,407.15347568106,437.698243443076,493.121007858298,-6.3915347568106,-9.11069636128521,-12.033630235749,4,13.9767879571597,10,4,11.9535759143194,10,-1.95,-0.447176911701839,-3.17351917674868,4.4415347568106,8.66351944958337,8.86011105900027
0.189999909480705,343.819539107867,388.630274918034,402.394168711213,343.819539107867,388.630274918034,402.394168711213,-6.41961584104319,-8.63605063921313,-12.03,4,14,10,4,12,10,-0.331000689639088,-0.43,-3.14,6.0886151514041,8.20605063921312,8.89
0.194999907098618,429.785179755929,375.176864678916,566.629368577775,429.785179755929,375.176864678916,566.629368577775,-6.60737709265485,-8.41299309456626,-12.3258165327843,4,17.9455800987952,15.9163306556862,4,15.9455800987952,15.9163306556862,-0.31,0.664898477415674,-3.14986055109281,6.29737709265485,9.07789157198194,9.1759559816915
0.199999904716532,433.955587242676,313.905476038965,585.353107115472,433.955587242676,313.905476038965,585.353107115472,-6.83659502193853,-8.12423529115,-12.1568494540715,7.94078299023523,18,16,9.91117448535285,16,16,-0.319851957475588,0.68,-3.15,6.51674306446294,8.80423529115,9.00684945407147
0.204999902334445,426.126429835053,350.407050691088,515.151552717588,426.126429835053,350.407050691088,515.151552717588,-6.69237055940724,-7.78530533592184,-11.7859177014654,8,18,14.0319875754886,10,16,16,-0.32,2.14675014551899,-0.41446272992911,6.37237055940724,9.93205548144083,11.3714549715363
0.209999899952358,355.19568413873,304.780360087753,397.009107404657,355.19568413873,304.780360087753,397.009107404657,-6.40481595000322,-7.2489658393061,-11.56,9.96678655170195,18,14.0606981897538,8.03321344829805,16,16.0303490948769,1.02724878791583,2.17,-0.373566018648036,7.43206473791905,9.41896583930609,11.186433981352
0.214999897570272,378.559927923435,336.419104858935,526.714526398749,378.559927923435,336.419104858935,526.714526398749,-6.26246440362877,-6.99440072076564,-11.56,10,19.9647942338749,21.8625279036842,8,19.9295884677497,19.9312639518421,1.05,2.17,-0.831923514341445,7.31246440362877,9.16440072076564,10.7280764856586
0.219999895188185,344.651082600105,312.465059000077,517.44204727322,344.651082600105,312.465059000077,517.44204727322,-6.15204625960033,-6.51892913280148,-11.2674638512419,15.888385839982,20,22,13.888385839982,20,20.0112717722582,1.03037204720006,2.17,-0.824332236561131,7.18241830680039,8.68892913280148,10.4431316146808
0.224999892806098,326.352833064982,267.696611154455,420.894404563331,326.352833064982,267.696611154455,420.894404563331,-5.72842878988567,-6.0068169039156,-10.8286109298333,16,18,22,14,18,21.9617292007408,1.03,3.29,1.88680358902969,6.75842878988567,9.2968169039156,12.715414518863
0.229999890424011,264.29788277468,207.067559881753,300.372436259993,264.29788277468,207.067559881753,300.372436259993,-5.29885856497004,-5.36872828457876,-10.259224091125,16,18.0079482213827,22.0155181774997,14,18.0079482213827,22.0155181774997,2.65580181895287,3.28701941698148,1.94182338585622,7.95466038392291,8.65574770156024,12.2010474769812
0.234999888041925,314.855158086317,223.964304394986,393.994392827158,314.855158086317,223.964304394986,393.994392827158,-4.96712826097199,-5.04848293678689,-10.0641783482768,16,20,25.9164330344649,14,20,25.9164330344649,2.69,2.54,2.40018088154963,7.65712826097199,7.58848293678689,12.4643592298264
0.239999885659838,279.836209907291,211.843962611956,359.911304787867,279.836209907291,211.843962611956,359.911304787867,-4.60813609639527,-4.53909142786709,-9.47861172711445,17.9547994644707,19.9960496863786,25.996143686429,15.9547994644707,19.9960496863786,25.996143686429,2.68022600267765,2.5414616160399,2.41358637162102,7.28836209907291,7.08055304390699,11.8921980987355
0.244999883277751,251.660792851741,132.980486402597,315.050783932799,251.660792851741,132.980486402597,315.050783932799,-4.01415984682301,-4.07961948485064,-8.7764470528612,18,18,24.0456862579478,16,18,24.0456862579478,2.68,3.28,4.22751178010857,6.69415984682301,7.35961948485064,13.0039588329698
0.249999880895665,186.001585780786,113.0004759414,219.002317204968,186.001585780786,113.0004759414,219.002317204968,-3.69000756295452,-3.6900092808573,-8.34001024448512,16.000048793255,18,24,16,18,24,3.22998658185488,3.28,4.27,6.9199941448094,6.9700092808573,12.6100102444851
0.254999878513578,206.978511245782,145.966231957653,300.91726060868,206.978511245782,145.966231957653,300.91726060868,-3.11059349892603,-3.14056280070579,-7.61834794225687,16,19.997953451979,25.9504109668733,16,18,25.9504109668733,3.23,2.54075722276779,3.37281095523827,6.34059349892603,5.68132002347358,10.9911588974951
0.259999876131491,158.099114796588,129.034386766168,253.103664432828,158.099114796588,129.034386766168,253.103664432828,-2.76070796283277,-2.79070796283286,-6.9912647060805,19.9919089961969,20,26,17.9959544980984,18,26,2.95056637026622,2.54,3.35,5.71127433309899,5.33070796283286,10.3412647060805
0.264999873749404,123.105777976192,72.1609105283748,151.781574031961,123.105777976192,72.1609105283748,151.781574031961,-2.16181333673473,-2.29141149586294,-6.37684991961669,20,16.0112919669035,24.0534918083069,18,14.0112919669035,24.0534918083069,2.95,2.90895549306143,4.25512630913727,5.11181333673473,5.20036698892436,10.631976228754
0.269999871367318,68.2211937657378,57.0573285694759,113.141055054584,68.2211937657378,57.0573285694759,113.141055054584,-1.96080434096632,-1.98118479043583,-5.93168482426309,16.0160868193264,16,24,16.0080434096632,14,24,3.77666198498978,2.91,4.28,5.7374663259561,4.89118479043583,10.2116848242631
0.274999868985231,126.703750275453,93.8216088818272,168.375371983266,126.703750275453,93.8216088818272,168.375371983266,-1.40281186179231,-1.62173569736601,-5.40539121279011,16,14.0096427631445,25.9429955081848,16,14,24,3.78,1.41723207235836,3.386222066235,5.18281186179231,3.03896776972436,8.79161327902511
0.279999866603144,87.2408263484967,104.93597055636,152.107393230265,87.2408263484967,104.93597055636,152.107393230265,-0.982528676659215,-1.39133879745794,-4.67429572921059,17.9879586825752,14,26,17.9879586825752,14,24,2.94505735331843,1.41,3.36,3.92758602997765,2.80133879745794,8.03429572921059
0.284999864221058,11.5335303096128,18.5933691844048,46.3194460512537,11.5335303096128,18.5933691844048,46.3194460512537,-0.463650470539456,-1.13177328721776,-4.13674949842376,18,12.0136406709059,22.121814533991,18,12.0136406709059,22.0609072669955,2.94,1.03259172747211,3.81568679225606,3.40365047053946,2.16436501468987,7.95243629067982
0.289999861838971,-14.7966442472516,30.8983424388852,28.1202278139336,-14.7966442472516,30.8983424388852,28.1202278139336,-0.241720702523256,-0.981172971859016,-3.45537017568903,14.0312855004228,12,22,14.0312855004228,12,22,3.4956200299408,1.03,3.83,3.73734073246406,2.01117297185902,7.28537017568904
0.294999859456884,31.5854934013122,27.0352771573358,48.3194945571689,31.5854934013122,27.0352771573358,48.3194945571689,0.235766741119785,-0.831322893400094,-2.94685061096534,14,12,22,14,10.0176385786679,20.0648100421744,3.5,0.276702659893808,2.4850429793112,3.26423325888022,1.1080255532939,5.43189359027654
0.299999857074798,10.2160128580328,51.7545308431467,52.9597436615193,10.2160128580328,51.7545308431467,52.9597436615193,0.497447120768703,-0.730981876627413,-2.35583716907969,14,12,22,14,10,20,2.39099701822713,0.27,2.44,1.89354989745842,1.00098187662741,4.79583716907969
0.304999854692711,-65.1778135156901,28.2548935601441,-44.5300027235922,-65.1778135156901,28.2548935601441,-44.5300027235922,0.885780885146305,-0.69042482260024,-2.02168117895028,14,8.04248226002402,18.1374256347092,14,8.02124113001201,18.0687128173546,2.38,-0.105964185297718,1.99580394799156,1.4942191148537,0.584460637302522,4.01748512694184
0.309999852310624,-76.8700050782952,58.63984448139,-25.2785985778458,-76.8700050782952,58.63984448139,-25.2785985778458,1.1271637471628,-0.670232358399103,-1.53581423118982,12.02363544031,8,18,12.02363544031,8,18,2.37011817720155,-0.11,1.98,1.24295443003875,0.560232358399103,3.51581423118982
0.314999849928537,-70.089720379668,60.9747652062086,-41.3859634773982,-70.089720379668,60.9747652062086,-41.3859634773982,1.41628301284233,-0.630504695875827,-1.29866875090732,12,8,16.0722395908943,12,8,14.1444791817887,2.37,-1.22574234150788,0.64020651567156,0.953716987157673,-0.59523764563205,1.93887526657888
0.319999847546451,-67.0414500221074,80.727662523276,-2.5582834613837,-67.0414500221074,80.727662523276,-2.5582834613837,1.61723666519284,-0.72863831261638,-1.00404755509503,10.0276333480716,8,16,10.0276333480716,8,14,1.81773733746005,-1.24,0.59,0.200500672267214,-0.51136168738362,1.59404755509503
0.324999845164364,-94.5851477726667,32.7162011880419,-64.5258310285966,-94.5851477726667,32.7162011880419,-64.5258310285966,1.79733309282429,-0.739853836492236,-0.855709620703239,10,6.02923270155273,14.0761282760432,10,6.02923270155273,12.0761282760432,1.81,-1.25970767298447,-0.756710206769774,0.0126669071757143,-0.519853836492236,0.098999413933465
0.329999842782277,-81.2214187908328,57.5939884793609,-24.6882572930761,-81.2214187908328,57.5939884793609,-24.6882572930761,2.07557162418334,-0.867969942396805,-0.722080777862788,8.03163125583326,6,14,8.03163125583326,6,12,1.24901490791248,-1.26,-0.81,-0.826556716270866,-0.392030057603195,-0.0879192221372119
0.334999840400191,-116.401729497774,92.4184643369909,-72.6287927424717,-116.401729497774,92.4184643369909,-72.6287927424717,2.14883669624567,-0.997840010394538,-0.620227269749507,8,6,12,8,6,12,1.24,-2.00737236846037,-1.75,-0.908836696245672,-1.00953235806584,-1.12977273025049
0.339999838018104,-89.4932138847331,127.383482644085,-24.8425857446479,-89.4932138847331,127.383482644085,-24.8425857446479,2.24823852184024,-1.20630089586451,-0.649484131176746,6.03522956319522,6,12,6.03522956319522,6,12,0.689864277694662,-2.02,-1.75,-1.55837424414558,-0.81369910413549,-1.10051586882325
0.344999835636017,-109.609100570702,111.316442395148,-31.6850408393009,-109.609100570702,111.316442395148,-31.6850408393009,2.22055842775614,-1.37683557604852,-0.65073115519448,6,4.03722851707618,10,6,4.03722851707618,8,0.68,-2.03962771482924,-2.22,-1.54055842775614,-0.662792138780714,-1.56926884480552
0.34999983325393,-85.4903433869608,139.153812362003,22.927767158212,-85.4903433869608,139.153812362003,22.927767158212,2.32784248909737,-1.57183582496585,-0.777510888045849,6,4.00992337819376,10,4.03922747095686,4.00992337819376,8,0.121179829222706,-2.04377088371363,-2.22,-2.20666265987467,-0.471935058747783,-1.44248911195415
0.354999830871844,-109.48466968953,170.170375122724,56.2668870991105,-109.48466968953,170.170375122724,56.2668870991105,2.18309198186282,-1.94158488486255,-0.970812265084249,6,6,6,4,6,8,0.11,-2.8,-3.63,-2.07309198186282,-0.858415115137454,-2.65918773491575
0.359999828489757,-64.9941837105231,212.920006149163,123.55766838176,-64.9941837105231,212.920006149163,123.55766838176,2.07237739582951,-2.34008888205649,-1.17561029507492,2.08645075743679,5.9940745295676,6,0.0864507574367908,6,8,-0.183516193192241,-2.79783720329217,-3.63,-2.25589358902175,-0.457748321235687,-2.45438970492508
0.36499982610767,-49.3391824944945,185.968587867589,84.1054097760745,-49.3391824944945,185.968587867589,84.1054097760745,1.90384406827094,-2.37045154940341,-1.54045996993196,2,4,6,0,6,6,-0.19,-2.07,-4.57,-2.09384406827094,0.300451549403405,-3.02954003006804
0.369999823725584,-14.8264075134007,170.06168200545,137.742989059309,-14.8264075134007,170.06168200545,137.742989059309,1.851180582162,-2.60038551253406,-1.77451486134971,2,4.00385512534064,6,1.95277671351996,6,6,-1.29331884313878,-2.07037587472071,-4.57,-3.14449942530078,0.530009637813352,-2.79548513865029
0.374999821343497,-69.9979506832917,233.99771548128,104.00128056064,-69.9979506832917,233.99771548128,104.00128056064,1.49001317417884,-2.999985721758,-2.13998682851913,2,7.99985721757999,7.99992682510627,2,6,7.99992682510627,-1.32,-2.45998607871405,-5.0499824380255,-2.81001317417884,0.53999964304395,-2.90999560950638
0.37999981896141,-12.060040007633,278.953417235451,123.503877360687,-12.060040007633,278.953417235451,123.503877360687,1.17033125521453,-3.31966874478543,-2.21801550944275,0.0020703450907924,8,8,0.0020703450907924,6,8,-1.0602691448618,-2.46,-5.05,-2.23060040007633,0.859668744785431,-2.83198449055725
0.384999816579324,47.8779210308506,273.012207896916,85.081333894415,47.8779210308506,273.012207896916,85.081333894415,0.750854552784046,-3.32,-2.50939520950307,0,8,6.00417096894436,0,6,8,-1.06,-1.73148529412481,-4.14189779086968,-1.81085455278405,1.58851470587519,-1.63250258136661
0.389999814197237,87.8786349429535,245.079376993883,107.384577050217,87.8786349429535,245.079376993883,107.384577050217,0.470849555399325,-3.52940467254588,-2.79224031932882,0,8,6,0,6,8,-1.63824020667283,-1.73,-4.14,-2.10908976207215,1.79940467254588,-1.34775968067118
0.39499981181515,65.0927728774318,296.80064223533,207.606960572558,65.0927728774318,296.80064223533,207.606960572558,0.12141176117831,-3.86869650692331,-3.16854575411847,0,9.99233239366654,6,0,9.98466478733308,6.00786078854883,-1.64,-1.74992332393667,-4.61811341074828,-1.76141176117831,2.11877318298665,-1.44956765662981
0.399999809433063,90.8691399120173,331.830835196246,236.173098022012,90.8691399120173,331.830835196246,236.173098022012,-0.188439745104822,-4.11879167997319,-3.29629319802971,0,10,6,-1.98993383938595,10,6,-1.65989933839386,-1.75,-4.62,-1.47145959328904,2.36879167997319,-1.32370680197029
0.404999807050977,109.8853814123,340.94750518657,205.191311564348,109.8853814123,340.94750518657,205.191311564348,-0.498129907253316,-4.22935839672475,-3.52862494813125,0,10,7.98804302722824,-2,8.01166551409552,6,-1.66,-0.646474360323013,-5.09713032653478,-1.16187009274668,3.58288403640173,-1.56850537840353
0.40999980466889,130.852327282056,319.150309147735,225.360229773099,130.852327282056,319.150309147735,225.360229773099,-0.966694943931732,-4.24986335532024,-4.10202550314896,0,10,8,-0.0140640683756081,8,6,-1.96782006940178,-0.64,-5.1,-1.00112512547005,3.60986335532024,-0.997974496851036
0.414999802286803,144.890334135741,367.616246164506,252.783260647898,144.890334135741,367.616246164506,252.783260647898,-1.20812001375556,-4.48812038937717,-4.52670877280141,0,11.9843365781431,9.9839452331776,0,11.9686731562862,9.9678904663552,-1.97,-1.02694563273791,-4.65361232253504,-0.761879986244444,3.46117475663927,-0.126903549733631
0.419999799904717,157.885194557705,383.858700994097,271.384083906699,157.885194557705,383.858700994097,271.384083906699,-1.5469973961246,-4.71796882679014,-4.61708250271594,1.98233762426234,12,10,1.98233762426234,12,10,-1.7122961088459,-1.03,-4.65,-0.165298712721298,3.68796882679014,-0.0329174972840565
0.42499979752263,203.547789418778,367.167121301755,268.040305121743,203.547789418778,367.167121301755,268.040305121743,-1.81734572050152,-4.92793556039008,-4.74869008354335,2,12,10,2,12,8.02015256087158,-1.71,0.0690879620618566,-3.28390526700139,0.107345720501521,4.99702352245194,1.46478481654196
0.429999795140543,223.783397165008,355.127589591026,252.549888385274,223.783397165008,355.127589591026,252.549888385274,-2.34426002487271,-4.74202016852457,-5.02037695325771,0.0216602834992143,12,10,0.0216602834992143,12,8,-1.18573997512729,0.08,-3.27,1.15852004974542,4.82202016852457,1.7503769532577
0.434999792758456,295.148267454318,380.697624719256,381.411601752597,295.148267454318,380.697624719256,381.411601752597,-2.63656941057989,-4.83883701815098,-5.34611994321245,0,15.9534807260393,11.9757496450778,0,15.9534807260393,11.9514992901556,-1.18,0.0701162981849017,-3.74417991481868,1.45656941057989,4.90895331633589,1.60194002839378
0.43999979037637,299.948683617478,374.088405068015,409.024451845882,299.948683617478,374.088405068015,409.024451845882,-3.04474007079154,-5.02760043386817,-5.54277371737691,3.94868361747846,16,12,3.94868361747846,16,12,-1.75255912453438,0.07,-3.75,1.29218094625717,5.09760043386817,1.79277371737691
0.444999787994283,270.414857177124,381.89096982103,371.544802011658,270.414857177124,381.89096982103,371.544802011658,-3.05,-5.01027257544742,-5.70776491482397,4,16,10.0279385647004,4,14.0272575447424,12,-1.76,1.53969312916691,-2.3794173024668,1.29,6.54996570461433,3.32834761235716
0.449999785612196,237.489325633871,365.248680238293,357.533060547935,237.489325633871,365.248680238293,357.533060547935,-3.24703439009775,-4.7932182148485,-6.07553121369891,4,16,10,4,14,12,-0.68616257396725,1.56,-2.36,2.5608718161305,6.3532182148485,3.71553121369891
0.45499978323011,308.844590569035,424.062336424887,479.99772757806,308.844590569035,424.062336424887,479.99772757806,-3.54525174206453,-4.98687445474962,-6.51311218286853,4,17.9687445474962,15.9038909237469,4,17.9374890949925,15.9359272824979,-0.67,1.18593853597571,-2.83231127389975,2.87525174206453,6.17281299072534,3.68080090896878
0.459999780848023,332.617497902584,432.866982374461,498.364620395175,332.617497902584,432.866982374461,498.364620395175,-3.81550975798686,-5.01950118390423,-6.60947051699598,7.9334778961016,18,16,7.9334778961016,18,16,-0.689667389480508,1.18,-2.82245142043817,3.12584236850635,6.19950118390423,3.78701909655781
0.464999778465936,332.017626680133,397.634560484773,416.445408398906,332.017626680133,397.634560484773,416.445408398906,-3.76105760080796,-4.88246773521856,-6.54120450699909,8,18,16,8,16.0352533602651,16,-0.69,2.28025811825152,-0.559920803398344,3.07105760080796,7.16272585347008,5.98128370360074
0.46999977608385,288.819550911214,350.875429382435,348.898024851913,288.819550911214,350.875429382435,348.898024851913,-3.89739233800977,-4.55614663183412,-6.70218893557654,6.03725231414608,18,16.0336759319468,6.03725231414608,16,16.0224506212978,0.379697488790385,2.3,-0.520056126553245,4.27708982680016,6.85614663183412,6.18213280902329
0.474999773701763,352.704708155116,374.009899581124,504.93461913052,352.704708155116,374.009899581124,504.93461913052,-3.9588224619592,-4.50970301256629,-7.08252813413064,6,20,21.8850482173945,6,18,19.923365478263,0.4,1.92,-0.529808413695658,4.3588224619592,6.42970301256629,6.55271972043499
0.479999771319676,346.165000887631,375.885440904981,530.814896948626,346.165000887631,375.885440904981,530.814896948626,-4.30278121116616,-4.44928894354816,-7.02949867923586,11.8762493342771,20,21.9922873728594,9.91749955618473,18.0079006272427,19.9922873728594,-0.158243686756324,1.92292323207981,-0.521053352516914,4.14453752440984,6.37221217562796,6.50844532671895
0.484999768937589,327.410867169991,346.932130756332,484.003918665043,327.410867169991,346.932130756332,484.003918665043,-4.10454116345779,-4.26887868206114,-6.90271894638449,12,20,20.0418299443768,10,20,18.0418299443768,-0.17,2.66,1.74147726452291,3.93454116345779,6.92887868206114,8.6441962109074
0.489999766555503,277.153827306564,324.009756798703,404.243830525549,277.153827306564,324.009756798703,404.243830525549,-4.18796383416489,-3.89007805438963,-6.87026668963732,10.0452481296692,20.0039027194813,20.0076197039234,10,20.0039027194813,18.0114295558851,1.1690050311766,2.66074151670145,1.78822841883781,5.35696886534149,6.55081957109108,8.65849510847513
0.494999764173416,358.015622490898,329.005711296801,529.073105948349,358.015622490898,329.005711296801,529.073105948349,-4.12165364792425,-3.92983817992397,-7.00679870963101,10,22,23.9085345608859,10,22,23.8628018413289,1.2,3.04,0.881265714594025,5.32165364792425,6.96983817992397,7.88806442422503
0.499999761791329,342.000878278589,334.99971443516,530.000097566525,342.000878278589,334.99971443516,530.000097566525,-4.07000243966275,-3.7600080910038,-6.83000878098725,15.9997072404705,22,24,13.9998048269803,22,24,0.920013662111377,3.04,0.86,4.99001610177412,6.8000080910038,7.69000878098725
0.504999759409243,313.030365061331,347.986388075953,418.829223199948,313.030365061331,347.986388075953,418.829223199948,-3.79029317990251,-3.46031412132416,-6.56670079178935,16,20.002094142161,24,14,20.002094142161,22.0496354947359,0.92,3.77922516740041,3.13217464863263,4.71029317990251,7.23953928872457,9.69887544042198
0.509999757027156,268.092094660937,308.081861920842,340.159423701873,268.092094660937,308.081861920842,340.159423701873,-3.6702455857625,-3.19055256796568,-6.42029367524029,14.0040930960417,20,24,12.0040930960417,20,22,2.28719622921147,3.78,3.19,5.95744181497397,6.97055256796568,9.61029367524029
0.514999754645069,342.771548127912,332.928830161213,454.841242074942,342.771548127912,332.928830161213,454.841242074942,-3.64009138074884,-3.11022774348412,-6.37133845674791,14,21.994306412897,27.8929234601675,12,23.988612825794,27.8393851902513,2.29,3.0421066272281,2.74231380208073,5.93009138074884,6.15233437071222,9.11365225882864
0.519999752262982,333.040455019016,343.957697281281,440.070966666587,333.040455019016,343.957697281281,440.070966666587,-3.55036409517114,-2.90080759735736,-6.07118277777645,17.9838179923936,22,28,17.9757269885904,24,28,1.73226548106489,3.04,2.73,5.28262957623604,5.94080759735736,8.80118277777644
0.524999749880896,280.267383878628,283.295555897177,360.339089090404,280.267383878628,283.295555897177,360.339089090404,-3.22166484301787,-2.71092058394203,-5.69112493591778,18,22,26.0570509534245,18,20.019380714569,26.0570509534245,1.73,4.15457339992068,4.98382089402758,4.95166484301787,6.86549398386271,10.6749458299454
0.529999747498809,226.326400612249,270.075980522576,293.389394343099,226.326400612249,270.075980522576,293.389394343099,-3.11066489013606,-2.37198718289814,-5.4811981364403,16.0120889115648,22,26,14.0241778231295,20,26,3.10165865102031,4.16,5.05,6.21232354115638,6.53198718289814,10.5311981364403
0.534999745116722,312.387177853117,318.664637506377,435.519900947551,312.387177853117,318.664637506377,435.519900947551,-2.88162010452624,-2.34020532397569,-5.3151810669314,16,22,31.8171388141858,14,21.9863117349541,27.9390462713953,3.11,3.42506465806697,4.15803871515818,5.99162010452624,5.76526998204265,9.47321978208958
0.539999742734636,289.188284246352,325.945094733756,429.088435371495,289.188284246352,325.945094733756,429.088435371495,-2.78078451769313,-2.13164715798732,-4.93305504010619,19.9686192922747,22,32,17.9686192922747,22,28,2.286511496853,3.42,4.13,5.06729601454613,5.55164715798732,9.06305504010619
0.544999740352549,228.539428270635,261.574800616259,319.664392463778,228.539428270635,261.574800616259,319.664392463778,-2.48265292592115,-1.90203390987291,-4.43653840846484,20,22,26.1945695113511,18,20.017686172808,26.0648565037837,2.28,3.78672805803053,5.93935916896225,4.76265292592115,5.68876196790344,10.3758975774271
0.549999737970462,185.423230223799,249.11811076013,262.544777717576,185.423230223799,249.11811076013,262.544777717576,-2.3611811076013,-1.66236221520259,-4.17252211906285,18.0196851266883,22,26,16.0196851266883,20,26,3.36917318032141,3.79,6,5.73035428792271,5.45236221520259,10.1725221190629
0.554999735588375,252.262741260646,267.797757030199,380.771304343721,252.262741260646,267.797757030199,380.771304343721,-2.17205998765408,-1.61053221834158,-3.8223766702135,18,22,29.8624814420722,16,21.9787112663368,29.8624814420722,3.38,3.4239384157277,4.2136023330416,5.55205998765408,5.03447063406928,8.0359790032551
0.559999733206289,232.248671861726,289.743882225446,366.230610092258,232.248671861726,289.743882225446,366.230610092258,-1.91307879447851,-1.54081492019176,-3.43461220184516,19.9763169655499,22,30,17.9763169655499,22,30,2.83651283447378,3.42,4.15,4.74959162895229,4.96081492019176,7.58461220184516
0.564999730824202,180.6677316966,274.202259103451,213.710598863833,180.6677316966,274.202259103451,213.710598863833,-1.53487957778284,-1.39189617909485,-3.05409578200566,20,20.0252823879314,28.0722860615675,18,18.0505647758627,26.144572123135,2.83,3.7853227582327,5.95241253243438,4.36487957778284,5.17721893732755,9.00650831444005
0.569999728442115,150.415214133174,276.959077987281,182.363518432312,150.415214133174,276.959077987281,182.363518432312,-1.51027680942212,-1.28150047379968,-2.90195740694322,16.0553618844233,20,28,16.0276809422116,18,26,3.3723877408918,3.79,6.02,4.88266455031392,5.07150047379968,8.92195740694322
0.574999726060029,208.124443065272,305.575435712455,311.85820520846,208.124443065272,305.575435712455,311.85820520846,-1.18489718285526,-1.36868238669383,-2.53447320015396,16,21.9707197043073,29.9238252623476,16,19.9707197043073,29.8476505246951,3.38,2.69625056410946,4.69256056898018,4.56489718285526,4.06493295080329,7.22703376913415
0.579999723677942,190.300949074745,329.624649005115,293.384729004588,190.300949074745,329.624649005115,293.384729004588,-1.05205912524826,-1.2125023399659,-2.13625184632455,19.9366423000537,22,30,17.9683211500268,20,30,2.55330511698873,2.68,4.64,3.60536424223698,3.8925023399659,6.77625184632455
0.584999721295855,135.915333478807,242.48088005374,172.977342717463,135.915333478807,242.48088005374,172.977342717463,-0.636989819292712,-1.09199669220729,-1.81879161159804,20,20.0332782034548,26,18,20,26,2.54,3.40768706472172,6.04,3.17698981929271,4.499683756929,7.85879161159804
0.589999718913769,88.8290131973775,233.141108629341,170.051656574739,88.8290131973775,233.141108629341,170.051656574739,-0.659470842639972,-1.09982361421332,-1.66275501731943,16.0705543146704,20,26,16.0352771573352,20,26,3.35535997970589,3.42,6.04,4.01483082234586,4.51982361421332,7.70275501731943
0.594999716531682,164.546231662572,301.695336107434,285.983196880234,164.546231662572,301.695336107434,285.983196880234,-0.296896080574977,-1.17850895555135,-1.40792761522881,16,20,26,16,21.9627238887838,26,3.37,3.05689608057499,4.19,3.66689608057498,4.23540503612635,5.59792761522881
0.599999714149595,145.412388183516,334.940745295678,283.05751073751,145.412388183516,334.940745295678,283.05751073751,-0.103731131184195,-1.25891366375409,-1.04709299095953,17.9607249349032,19.9901242159463,26,17.9607249349032,21.9802484318925,26,2.55629915201517,3.05182702004994,4.19,2.66003028319937,4.31074068380403,5.23709299095953
0.604999711767508,87.2175835598399,322.95667743405,136.03844698168,87.2175835598399,322.95667743405,136.03844698168,0.144840747627797,-1.04015753660345,-0.839577083201521,18,18,26,18,18,24,2.54,3.42,4.2,2.3951592523722,4.46015753660345,5.03957708320152
0.609999709385422,79.1514554050048,312.12343540214,145.790734124093,79.1514554050048,312.12343540214,145.790734124093,0.0423800135072175,-1.08082290268093,-0.732301924634979,16.0432729728585,18.0117557525848,26,14.086545945717,18.0058778762924,24,3.07809993246391,3.41670838927626,4.2,3.0357199189567,4.4975312919572,4.93230192463498
0.614999707003335,149.370210637389,354.087275754255,170.009466552893,149.370210637389,354.087275754255,170.009466552893,0.255020088058688,-1.35996121077589,-0.559432006826441,16,22,26,14,20,26,3.09,2.3,3.74,2.83497991194131,3.65996121077589,4.29943200682644
0.619999704621248,145.14181264186,398.922921290257,174.885610124096,145.14181264186,398.922921290257,174.885610124096,0.2404727088062,-1.34009399842652,-0.266863392554249,16,21.9962400629394,26,15.95272911938,19.9981200314697,26,2.26985376986041,2.30105278237698,3.74,2.02938106105421,3.6411467808035,4.00686339255425
0.624999702239162,106.002378671178,317.004878399351,133.002561121281,106.002378671178,317.004878399351,133.002561121281,0.389990851264701,-1.4399940507325,-0.100009756652498,16,18.0002379707,22.0002439163125,16,18.00011898535,24.0001219581562,2.25,3.41993336820399,4.20997133983329,1.8600091487353,4.85992741893649,4.30998109648578
0.629999699857075,106.998941030385,317,160.304777842432,106.998941030385,317,160.304777842432,0.120285921796159,-1.48994705151922,0.09503412744594,12.0042358784616,18,22,12.0042358784616,18,24,2.51971407820384,3.42,4.21,2.39942815640768,4.90994705151922,4.11496587255406
0.634999697474988,167.874434760095,393.841499615185,214.886066690415,167.874434760095,393.841499615185,214.886066690415,0.28965006408551,-1.66962947961991,0.21974681486759,12,21.9917662137758,23.9957802477932,12,19.9958831068879,22.0042197522068,2.52,2.30230546014277,2.83291162902272,2.23034993591449,3.97193493976268,2.61316481415513
0.639999695092901,158.030579234962,408.957119583036,238.35726199135,158.030579234962,408.957119583036,238.35726199135,0.309938841530077,-1.71985706527679,0.404911657431519,13.9938841530077,22,24,13.9938841530077,20,22,1.41339429508075,2.3,2.83,1.10345545355067,4.01985706527678,2.42508834256848
0.644999692710815,93.2637310283796,326.320180819649,156.328247644858,93.2637310283796,326.320180819649,156.328247644858,0.449431963938875,-1.6901157280071,0.350237287454114,14,20.0077152004735,20.0158191636076,14,20,20.0079095818038,1.41,3.41567948773485,2.83,0.960568036061125,5.10579521574196,2.47976271254589
0.649999690328728,96.9797724904919,320.029142463063,201.658756670616,96.9797724904919,320.029142463063,201.658756670616,0.221163081796716,-1.75966000459759,0.213995192896038,12.010113754754,20,20,12.010113754754,20,20,1.94726928621641,3.42,2.83,1.72610620441969,5.17966000459759,2.61600480710396
0.654999687946641,171.545773426197,408.478766683519,245.741876245263,171.545773426197,408.478766683519,245.741876245263,0.269697182284131,-2.13777450943525,0.130480230241371,12,21.9882868917645,20,12,21.9882868917645,20,1.95,3.05216692502357,1.44834400044381,1.68030281771587,5.18994143445882,1.31786377020244
0.659999685564555,174.978832506227,451.705190664509,266.359741926201,174.978832506227,451.705190664509,266.359741926201,0.170705583125781,-2.16979431906826,0.159085345608859,13.9858883374844,22,20,12,22,20,1.39395126550438,3.05,1.44,1.22324568237859,5.21979431906826,1.28091465439114
0.664999683182468,148.212141101791,421.243520747952,175.740763303904,148.212141101791,421.243520747952,175.740763303904,0.279135721437146,-2.22952866952009,0.0211272485059413,14,20.0157110159969,20,12,20.0157110159969,18.0161035500849,1.39,3.79410836900117,1.44,1.11086427856285,6.02363703852126,1.41887275149406
0.669999680800381,141.061984894572,410.097404834329,199.189003317646,141.061984894572,410.097404834329,199.189003317646,0.0322137462347098,-2.14079694864451,-0.154160823887052,12.0177099698777,20,20,12,20,18,1.65760915406651,3.8,1.44,1.6253954078318,5.94079694864451,1.59416082388705
0.674999678418294,189.51713136792,448.615675986713,239.595973117318,189.51713136792,448.615675986713,239.595973117318,-0.0294087322872486,-2.34793056300538,-0.308484899189944,12,21.9802910762417,20,12,21.9802910762417,19.9797986558659,1.66,3.05739084640936,0.974747315871508,1.68940873228725,5.40532140941474,1.28323221506145
0.679999676036208,202.858898795345,477.690968235412,260.277783647431,202.858898795345,477.690968235412,260.277783647431,-0.267395054683295,-2.71605718093456,-0.261719562744213,12,22,20,12,22,20,1.37314764225769,3.05,0.97,1.64054269694098,5.76605718093456,1.23171956274421
0.684999673654121,205.96443975272,455.268033157884,222.473833194601,205.96443975272,455.268033157884,222.473833194601,-0.200829739103203,-2.68046614462241,-0.418056068945225,12,22,18.0242991381847,12,22,18.0242991381847,1.37,3.79125978832987,1.4342897025266,1.5708297391032,6.47172593295228,1.85234577147182
0.689999671272034,191.192793390506,430.316327312517,241.276907030959,191.192793390506,430.316327312517,241.276907030959,-0.496144132189882,-2.52202449480011,-0.603130616794109,12,22,18,10.0257057854008,22,18,1.360128528927,3.8,1.44,1.85627266111689,6.32202449480011,2.04313061679411
0.694999668889948,220.584428910776,441.836169166706,305.104404865187,220.584428910776,441.836169166706,305.104404865187,-0.54930738151796,-2.71726948611176,-0.807201265203709,12,23.9726948611176,19.9720126520371,10,23.9726948611176,18,1.36,3.8,0.523014116802755,1.90930738151796,6.51726948611176,1.33021538200646
0.699999666507861,228.88118522735,451.853479536186,323.314218283886,228.88118522735,451.853479536186,323.314218283886,-0.806138519888876,-2.70029304092763,-0.800380989842286,13.9702963068375,24,20,13.940592613675,24,18,1.08415851704275,3.8,0.51,1.89029703693162,6.50029304092763,1.31038098984229
0.704999664125774,234.90489205887,451.015651523322,254.139022541482,234.90489205887,451.015651523322,254.139022541482,-0.770634052940864,-2.63109560663253,-0.986951911508711,14,24,18.0320851420136,14,24,18,1.08,4.53826135750857,0.962620417336879,1.85063405294086,7.16935696414111,1.94957232884559
0.709999661743688,220.249814917003,433.299718004723,273.640969029346,220.249814917003,433.299718004723,273.640969029346,-1.12400444199193,-2.49233114003674,-1.33180979490639,10.0666173112008,24,18.0301632484398,12.0333086556004,24,18.0150816242199,1.88634345120383,4.55,0.966455818308322,3.01034789319576,7.04233114003674,2.29826561321471
0.714999659361601,311.358505620156,454.611689501543,356.535409739856,311.358505620156,454.611689501543,356.535409739856,-1.25770543796366,-2.61770543796366,-1.5658646863243,10,25.9646990455948,21.931078105405,12,25.9646990455948,19.9655390527025,1.9,4.55982349522797,0.508098322614915,3.15770543796366,7.17752893319164,2.07396300893921
0.719999656979514,326.738900641997,459.906750229285,377.742886472088,326.738900641997,459.906750229285,377.742886472088,-1.54459151329852,-2.64944050137571,-1.70016768273559,13.9254001834278,26,21.9776423019207,13.9627000917139,26,19.9888211509603,1.07566596148015,4.56,0.507825194327761,2.62025747477867,7.20944050137571,2.20799287706336
0.724999654597427,293.668080656835,455.798034266833,332.882365616988,293.668080656835,455.798034266833,332.882365616988,-1.47157195448667,-2.48857146188736,-1.72942454416283,14,26,18.0767274449555,14,26,18.0383637224778,1.06,5.31,1.87314539426557,2.53157195448667,7.79857146188736,3.6025699384284
0.729999652215341,265.578169424667,415.019632582757,321.475302262941,265.578169424667,415.019632582757,321.475302262941,-1.70504426207428,-2.19984293933795,-2.03091993986376,12.0412978160477,26.0078530331027,18.0153323310626,12.0412978160477,26,18.0153323310626,1.86306789542046,5.31003926516551,1.89463368412808,3.56811215749474,7.50988220450346,3.92555362399184
0.734999649833254,337.398019512646,420.002927039611,442.403662828864,337.398019512646,420.002927039611,442.403662828864,-1.87631977455608,-2.15991218881166,-2.26497483128167,12,28,21.9162471880279,12,26,21.9162471880279,1.88,5.32,0.529313484190245,3.75631977455608,7.47991218881166,2.79428831547192
0.739999647451167,353.660282071431,421,467.834410824492,353.660282071431,421,467.834410824492,-2.23184676971435,-2.12965303871928,-2.47998118304824,15.9094085523816,28,22,15.9094085523816,26,21.9962366096476,1.33268280266657,5.32073247381486,0.503499953027773,3.56452957238092,7.45038551253413,2.98348113607601
0.744999645069081,337.402004760366,420.982366371127,382.014283971318,337.402004760366,420.982366371127,382.014283971318,-2.1814188403307,-1.94973085513826,-2.47022889590583,16,28,22,16,26,20.0457791811663,1.32,5.7,2.31742536151532,3.5014188403307,7.64973085513826,4.78765425742115
0.749999642686994,302.002561645884,402.00135643299,356.001756197449,302.002561645884,402.00135643299,356.001756197449,-2.30999048531529,-1.6600207034509,-2.67998463327232,14.0001463797648,28,22,14.0001463797648,26,20,2.41991949112937,5.7,2.36,4.72990997644466,7.3600207034509,5.03998463327232
0.754999640304907,379.916472284269,397.005354340753,492.522263055835,379.916472284269,397.005354340753,492.522263055835,-2.43986078714045,-1.75989291318495,-2.98229929676649,14,29.9978582636989,23.9503180436548,14,27.9978582636989,23.9006360873096,2.42,5.70998929131849,1.9114268499594,4.85986078714045,7.46988220450344,4.89372614672589
0.75999963792282,383.991718619637,410.971015168725,509.970290993133,383.991718619637,410.971015168725,509.970290993133,-2.57971015168728,-1.6701863310582,-2.97004244143838,17.9917186196367,30,24,17.9917186196367,28,24,1.86115939325087,5.71,1.9,4.44086954493815,7.3801863310582,4.87004244143838
0.764999635540734,350.10437394906,404.02009416764,437.009427432205,350.10437394906,404.02009416764,437.009427432205,-2.50024558576249,-1.38083247265936,-2.79482262583729,18,28.0057411907542,22.0535847315255,18,26.0057411907542,22.0535847315255,1.86,6.45784705346718,3.2527586115898,4.36024558576249,7.83867952612654,6.04758123742709
0.769999633158647,315.142425464006,361.166388447184,375.238019352938,315.142425464006,361.166388447184,375.238019352938,-2.47012207896915,-1.02139301955782,-2.98920660215687,16.0081385979432,28,22,14.0162771958864,26,22,2.95552377113124,6.46,3.29,5.42564585010039,7.48139301955782,6.27920660215687
0.77499963077656,383.650254462069,372.941572291453,481.859642173142,383.650254462069,372.941572291453,481.859642173142,-2.65903693257671,-0.970243448785613,-3.32029343944426,16,28,27.8287077548987,14,27.9902620485755,27.8287077548987,2.96,5.72360304202707,2.39626481091554,5.61903693257671,6.69384649081268,5.7165582503598
0.779999628394474,394.933249218624,384.929578568167,510.843608080349,394.933249218624,384.929578568167,510.843608080349,-2.66,-0.751291059583607,-3.36975939704669,19.9757269885905,28,28,19.9635904828858,28,28,2.13503664986747,5.72,2.37,4.79503664986747,6.47129105958361,5.73975939704669
0.784999626012387,332.445266976947,325.412075775576,424.714508464524,332.445266976947,325.412075775576,424.714508464524,-2.58056541838342,-0.60103018943894,-3.24396501236391,20,28,26.061000190214,20,28,24.122000380428,2.13,6.10732150745875,5.07490473465144,4.71056541838342,6.7083516968977,8.31886974701535
0.7899996236303,303.228200383951,327.9763977804,364.467710309768,303.228200383951,327.9763977804,364.467710309768,-2.55023606936271,-0.351966851633365,-3.2895968014571,18.0157379575139,28,26,18.0157379575139,28,24,3.49914080931542,6.11,5.16,6.04937687867812,6.46196685163337,8.4495968014571
0.794999621248214,395.175379836934,352.778327913151,538.158733114636,395.175379836934,352.778327913151,538.158733114636,-2.71849262980945,-0.518492629809426,-3.36740388138428,18,29.9822662330521,31.8052911038212,18,28,29.8052911038212,3.51,6.11991133116526,3.81510756094809,6.22849262980945,6.63840396097469,7.18251144233237
0.799999618866127,400.950668197929,383.694142827162,537.070790075179,400.950668197929,383.694142827162,537.070790075179,-2.75960534558343,-0.341775944874545,-3.1819214448977,21.9605345583433,30,32,21.9605345583433,28,30,2.9654264982278,6.12,3.77,5.72503184381123,6.46177594487455,6.9519214448977
0.80499961648404,355.499828518313,369.160022529859,399.885207580695,355.499828518313,369.160022529859,399.885207580695,-2.49293377608575,-0.132240315418021,-2.97722460276018,22,26.042672674629,28.1376114811463,22,26.0213363373145,26.1376114811463,2.96,6.49594609591025,6.47367196319756,5.45293377608575,6.62818641132827,9.45089656595774
0.809999614101953,304.605131029047,343.303303366474,356.47430883141,304.605131029047,343.303303366474,356.47430883141,-2.46035595942885,0.0577835523219182,-2.99963514705276,20.0237306285901,26,28,20.0237306285901,26,26,4.04694815427546,6.5,6.57,6.50730411370431,6.44221644767808,9.56963514705276
0.814999611719867,376.060870239817,359.784695152393,549.73058050981,376.060870239817,359.784695152393,549.73058050981,-2.46987135208765,-0.0584802010757172,-3.19276674677593,20,27.9746700179286,31.8553349355186,20,27.9746700179286,31.7830024032779,4.06,5.40405814004962,4.78690759232264,6.52987135208765,5.46253834112533,7.97967433909857
0.81999960933778,381.930678659121,392.549072556785,575.733888473855,381.930678659121,392.549072556785,575.733888473855,-2.29249556827165,0.186583883005946,-2.9633614087513,23.9445429272967,28,32,21.9722714636484,28,32,3.5176253474967,5.39,4.72,5.81012091576835,5.20341611699405,7.6833614087513
0.824999606955693,333.728323510696,307.275763207724,402.859907933555,333.728323510696,307.275763207724,402.859907933555,-2.03386457373022,0.26882688440669,-2.64257649787818,24,26.0293278898327,30.0762211992617,22,26.0293278898327,28.1524423985234,3.51,6.12900204131272,6.97082119686378,5.54386457373022,5.86017515690603,9.61339769474197
0.829999604573607,300.523486327868,320.765048672147,333.027505076633,300.523486327868,320.765048672147,333.027505076633,-1.94142768998509,0.319216828907155,-2.53160547668224,20.0634528882264,26,30,22,26,28,4.33667489347246,6.14,7.06,6.27810258345756,5.82078317109285,9.59160547668224
0.83499960219152,349.166688564349,398.683630995004,482,349.166688564349,398.683630995004,482,-1.99900002627722,0.113499208747458,-2.51804240885602,20,27.9666742024052,34,22,27.9666742024052,34,4.35,5.42216391612212,5.68,6.34900002627722,5.30866470737466,8.19804240885602
0.839999599809433,350,440.275842594759,482,350,440.275842594759,482,-1.87229610884589,0.0510597425442546,-2.26448294315328,23.9293504970495,28,34,23.9646752485248,28,34,3.79989093041307,5.41,5.68,5.67218703925896,5.35894025745575,7.94448294315328
0.844999597427346,301.914430781225,391.933092633905,348.721109544125,301.914430781225,391.933092633905,348.721109544125,-1.62466546316951,0.167760577678628,-1.97921910672355,24,26.0373237053562,32,24,24.0746474107124,32,3.79,6.14600361049143,8.01,5.41466546316951,5.9782430328128,9.98921910672355
0.84999959504526,266.688146536644,370.285017507498,299.959673832061,266.688146536644,370.285017507498,299.959673832061,-1.58078645318474,0.169557731453883,-1.84268708672977,22.0393226592368,26,32,22.0393226592368,24.0098281899137,32,4.61348448312054,6.15454535459788,8.01,6.19427093630527,5.984987623144,9.85268708672977
0.854999592663173,329.657047573677,428.101780068425,443.935035054823,329.657047573677,428.101780068425,443.935035054823,-1.49185947259029,0.0801174385404907,-1.6585096277283,22,26,36,22,26,36,4.63,5.05,7.1,6.12185947259029,4.96988256145951,8.75850962772829
0.859999590281086,326.108301417496,453.77844927821,427.356146912721,326.108301417496,453.77844927821,427.356146912721,-1.32368224819487,0.109883394356953,-1.27817042917419,25.913358866003,26,36,25.913358866003,25.9941697178476,36,4.09191315592459,5.05110775360895,7.1,5.41559540411947,4.941224359252,8.37817042917419
0.864999587899,284.951709938464,378.028734962035,316.936417287688,284.951709938464,378.028734962035,316.936417287688,-1.01702452573628,0.0700574699240697,-0.89983169282035,26,26,30,26,24,32,4.08,5.43,8.97,5.09702452573628,5.35994253007593,9.86983169282035
0.869999585516913,252.757095596161,393.033898926221,283.778641003506,252.757095596161,393.033898926221,283.778641003506,-0.873312293233203,0.0997251438414543,-0.812061108538693,24.04731847476,26.0018323743903,30,22.0946369495201,24.0036647487806,32,5.16373824650817,5.42966101073779,8.97,6.03705053974138,5.32993586689634,9.78206110853869
0.874999583134826,331.993168944308,429.996918279434,420.988218842108,331.993168944308,429.996918279434,420.988218842108,-0.770008538819615,-0.199975013076494,-0.48002817233409,24,27.99983342051,33.9996585171625,22,27.9996668410199,33.9998292585813,5.19,5.06003081720566,6.67019635263154,5.96000853881961,5.26000583028215,7.15022452496563
0.879999580752739,321.01191043354,464.962103166006,405.397641497199,321.01191043354,464.962103166006,405.397641497199,-0.520270691671354,-0.329859240330879,-0.158201355879731,25.9978344666292,28,34,25.9956689332583,28,34,4.36089869634889,5.06,6.67,4.88116938802025,5.38985924033088,6.82820135587973
0.884999578370653,251.145757053808,445.041644872521,236.360691247159,251.145757053808,445.041644872521,236.360691247159,-0.240583028215232,-0.250166579490084,0.11942374771164,26,26.0041644872521,30.0085370709387,26,26.0041644872521,30.0085370709387,4.36,6.18764706470256,8.07699068249412,4.60058302821523,6.43781364419265,7.95756693478248
0.889999575988566,220.095533337552,412.095122377567,234.05360796233,220.095533337552,412.095122377567,234.05360796233,-0.200123268822647,-0.210115299851596,0.0810721592466026,24.0061634411324,26,30,22.0123268822647,26,30,5.19741135472441,6.19,8.08,5.39753462354706,6.4001152998516,7.9989278407534
0.894999573606479,300.669423001966,474.755471969676,363.482705621182,300.669423001966,474.755471969676,363.482705621182,-0.110367307775594,-0.409223720538655,0.358885827491777,24,26,33.9840832498825,22,27.9922372053866,33.9840832498825,5.2,5.45287223400698,6.23736149692933,5.31036730777559,5.86209595454563,5.87847566943756
0.899999571224393,297.020322697788,500.873097269571,341.656887427142,297.020322697788,500.873097269571,341.656887427142,-0.0105080674447034,-0.479658338802692,0.690289490207473,25.9898386511059,26,34,23.9898386511059,28,34,4.38416615304657,5.45,6.23,4.39467422049127,5.92965833880269,5.53971050979253
0.904999568842306,243.328328174919,456.26461580345,178.982444952686,243.328328174919,456.26461580345,178.982444952686,0.218601565180902,-0.460117607023756,0.95843290989142,26,26,32.0120545392968,24,26.0117607023756,30.0241090785935,4.38,5.82776546654865,8.08872900575752,4.1613984348191,6.2878830735724,7.1302960958661
0.909999566460219,216.191149964851,459.972480687488,171.213581973565,216.191149964851,459.972480687488,171.213581973565,0.210070796283278,-0.440137596562559,1.04725394605416,22.0283185133112,26,32,20.0283185133112,26,30,4.92610620441971,5.83,8.1,4.71603540813643,6.27013759656256,7.05274605394584
0.914999564078133,276.519266340146,484.803017373289,317.804727332294,276.519266340146,484.803017373289,317.804727332294,0.358817868049539,-0.737636208479464,1.30790019666484,22,27.9842413898631,32,20,27.9842413898631,30,4.93,5.47283654982464,6.74106434834295,4.57118213195046,6.21047275830411,5.43316415167811
0.919999561696046,266.097666602097,512.751394103749,313.194778588593,266.097666602097,512.751394103749,313.194778588593,0.409556060899558,-0.928313031418294,1.53253348743728,25.9644848719646,28,32,23.9644848719646,28,30,3.83976666020973,5.47,6.73,3.43021059931018,6.39831303141829,5.19746651256272
0.924999559313959,194.711234644341,492.207443437932,220.941630923939,194.711234644341,492.207443437932,220.941630923939,0.657530435262706,-0.840889043305422,1.64888624299319,26,28,30.0202501273965,24,28,28.0202501273965,3.83,6.21259130578815,6.73989874936302,3.17246956473729,7.05348034909357,5.09101250636983
0.929999556931872,162.348087548468,449.459242991512,254.7610785152,162.348087548468,449.459242991512,254.7610785152,0.590761441512273,-0.701495209739805,1.50516217285333,22.0435109435585,28,30,20.0435109435585,28,28,4.92792571316253,6.22,6.74,4.33716427165025,6.92149520973981,5.23483782714667
0.934999554549786,261.800401504165,465.801483985287,303.415649885267,261.800401504165,465.801483985287,303.415649885267,0.846911924664186,-0.769182581115887,1.59878260392764,22,29.9766451747396,30,20,28,29.9756520785528,4.94,6.2298832258737,5.83120004386571,4.09308807533581,6.99906580698959,4.23241743993807
0.939999552167699,245.231780415867,477.847877325152,303.036177883789,245.231780415867,477.847877325152,303.036177883789,0.938841097920666,-0.77,1.73493509626959,23.9742466204592,30,30,23.9484932409185,28,30,3.85416435874742,6.23,5.82,2.91532326082675,7,4.08506490373041
0.944999549785612,176.957455503046,478,232.995282658502,176.957455503046,478,232.995282658502,1.11750228999205,-0.700957345655785,1.75971963868775,24,30,28.0280361312254,24,29.9726472669776,26.0560722624508,3.84,6.61466621706063,6.2932713285059,2.72249771000795,7.31562356271641,4.53355168981816
0.949999547403526,162.208259011118,473.073379217257,255.085066839203,162.208259011118,473.073379217257,255.085066839203,0.863867667349327,-0.562054618083194,1.731143666451,20.059502574605,30,28,20.059502574605,30,26,4.65765321576946,6.62,6.3,3.79378554842013,7.18205461808319,4.568856333549
0.954999545021439,274.190236252559,490.717844232946,318.971714391167,274.190236252559,490.717844232946,318.971714391167,1.01745998070535,-0.727335195533379,1.83823263410982,20,31.9686493592162,28,20,30,27.967866074724,4.67,6.99404337825108,4.94217240844046,3.65254001929465,7.72137857378446,3.10393977433064
0.959999542639352,269.116746907381,510.666504053352,325.413628658186,269.116746907381,510.666504053352,325.413628658186,0.931501031666324,-0.916831788506841,1.87954894512168,21.9666437407483,32,27.9849648373894,21.9666437407483,30,27.9849648373894,3.57851272388467,7,4.9235332632135,2.64701169221834,7.91683178850684,3.04398431809182
0.964999540257265,214.972085084995,547.346051851914,249.345788947365,214.972085084995,547.346051851914,249.345788947365,1.1166418878882,-0.723534854854518,1.8210352222672,22,30.0353485485452,26.0345074089068,22,30,26.0345074089068,3.56,7.38310703303369,5.3818907589069,2.4433581121118,8.10664188788821,3.5608555366397
0.969999537875179,189.466843780326,501.877666307015,298.528788402943,189.466843780326,501.877666307015,298.528788402943,0.904108225266871,-0.484481700291142,1.49938771869133,20.0373475024261,30,26.0111323874304,20.0373475024261,30,26,4.10954269932069,7.39,5.38487910178203,3.20543447405382,7.87448170029114,3.8854913830907
0.974999535493092,262.524507888495,484.07843514275,391.175516255866,262.524507888495,484.07843514275,391.175516255866,0.9,-0.600343153749531,1.39211256012479,20,30,27.961589815913,20,32,26,4.12,7.03,4.48766868468004,3.22,7.63034315374953,3.09555612455525
0.979999533111005,268.896636474531,499.937556488298,406.767599030378,268.896636474531,499.937556488298,406.767599030378,0.880413454101877,-0.669024320129665,1.32973331036273,21.9586545898123,30.0078054389627,27.992380296078,21.9586545898123,32,25.992380296078,3.58136998780161,7.03148303340291,4.47179063042168,2.70095653369973,7.70050735353257,3.14205732005895
0.984999530728919,235.736854189165,483.915805966305,347.278647461658,235.736854189165,483.915805966305,347.278647461658,0.938699669077945,-0.419651610895057,1.26146730036584,22,32,26.0419228675953,22,32,24.0419228675953,3.57,7.41,4.93014812611509,2.63130033092206,7.82965161089506,3.66868082574926
0.989999528346832,222.29473156667,455.011422593604,357.146818685355,222.29473156667,455.011422593604,357.146818685355,0.646801497692381,-0.300076150624027,0.959591137838252,18.0906866358984,32,26.0037169287432,20.0453433179492,32,24.0074338574863,4.10753058756397,7.41074246858426,4.93829021277815,3.46072908987159,7.71081861920829,3.97869907493989
0.994999525964745,305.964282311307,461.003617154641,434.189887110364,305.964282311307,461.003617154641,434.189887110364,0.571656979514053,-0.340018085773203,0.745040820705317,18,32,27.9541743572244,20,32,27.9083487144488,4.12,7.8,4.04107979567678,3.54834302048595,8.1400180857732,3.29603897497146
0.999999523582659,316.999121721411,464.99961924688,454.998146236025,316.999121721411,464.99961924688,454.998146236025,0.340022444897273,-0.3599980962344,0.610012683648247,21.9996096539605,32,28,21.9998048269802,32,28,3.2900809968032,7.8,4.02,2.95005855190593,8.1599980962344,3.40998731635175
1.00499952120057,286.033934621833,483.97920136081,388.690766210453,286.033934621833,483.97920136081,388.690766210453,0.429901480130163,-0.0703174529139566,0.541740494628408,22,32,24.099456835909,22,32,24.099456835909,3.29,7.80998905334779,5.38519010743185,2.86009851986984,7.88030650626175,4.84344961280344
1.00999951881849,262.05025941186,435.102612965891,376.023611099053,262.05025941186,435.102612965891,376.023611099053,0.190502594118598,0.309204225978803,0.320472221981062,18.0083765686433,32,24,18.0083765686433,32,24,4.11826186200652,7.81,5.42,3.92775926788792,7.5007957740212,5.09952777801894
1.0149995164364,352.718480661791,390.130247874123,485.969837587884,352.718480661791,390.130247874123,485.969837587884,0.0504331066741674,0.31,0.0377765230045451,18,33.9942112055945,29.8391064205956,18,33.9942112055945,27.8927376137304,4.12,7.82994211205595,3.61960885364968,4.06956689332583,7.51994211205594,3.58183233064514
1.01999951405431,364.950882847501,398.964960337424,497.964077527412,364.950882847501,398.964960337424,497.964077527412,-0.159140449831262,0.359805335207913,0.0997206029909813,21.9836276158336,34,30,21.9836276158336,34,28,3.01454333660619,7.83,3.57,3.17368378643745,7.47019466479209,3.47027939700902
1.02499951167223,306.30046180594,402.980428908871,343.54293819312,306.30046180594,402.980428908871,343.54293819312,-0.179898148540359,0.718238601798392,0.1,22,34,26.114287753286,22,34,26.057143876643,3.01,8.58628149268549,5.83342738371089,3.18989814854036,7.8680428908871,5.73342738371089
1.02999950929014,290.097472798758,372.182659741407,322.102670912888,290.097472798758,372.182659741407,322.102670912888,-0.32908619251164,0.948644782563758,-0.208127765706154,18.0243681996896,34,26,20.0121840998448,34,26,4.11323782458614,8.59,5.9,4.44232401709778,7.64135521743624,6.10812776570615
1.03499950690805,380.354671055484,415.69676402683,510.078474773139,380.354671055484,415.69676402683,510.078474773139,-0.459078101507834,0.900344586333147,-0.413590101558553,18,34,29.8779066963534,20,34,29.8779066963534,4.12,8.60986216546674,4.56212218975808,4.57907810150783,7.70951757913359,4.97571229131663
1.03999950452596,382.984214438835,445.763263891897,523.935293100086,382.984214438835,445.763263891897,523.935293100086,-0.608816082912619,0.969447615747759,-0.42,21.9684288776698,34,30,21.9842144388349,34,30,3.29655100788351,8.61,4.52,3.90536709079613,7.64055238425224,4.94
1.04499950214388,336.417861985562,454.919983875104,404.02686447414,336.417861985562,454.919983875104,404.02686447414,-0.481155788470702,1.08893311833472,-0.274871207025169,22,32.017781361088,28.0649494270023,22,32.017781361088,28.0649494270023,3.29,8.61991109319456,6.3195970328879,3.7711557884707,7.53097797485984,6.59446823991307
1.04999949976179,300.356045669431,442.128572047294,358.425764899584,300.356045669431,442.128572047294,358.425764899584,-0.638417574802529,1.27812087007801,-0.428378038477776,20.0197803149684,32,28,18.0395606299368,32,28,4.11179116928812,8.62,6.38,4.75020874409065,7.34187912992199,6.80837803847778
1.0549994973797,367.259504859127,424.192455468691,487.386902453778,367.259504859127,424.192455468691,487.386902453778,-0.86749538408234,1.31957232118069,-0.632770518770847,20,33.9786160590343,31.8622955956352,18,32,31.8622955956352,4.12,7.89780513845247,5.49167201300391,4.98749538408234,6.57823281727178,6.12444253177476
1.05999949499762,383.809774218159,435.859728266018,504.84157996499,383.809774218159,435.859728266018,504.84157996499,-1.09726550438603,1.3397662137767,-0.501706061915492,23.9524435545397,34,32,23.9286653318096,32,32,3.29986796243301,7.89,5.46,4.39713346681904,6.5502337862233,5.96170606191549
1.06499949261553,337.605763650354,390.583684252862,411.510381641324,337.605763650354,390.583684252862,411.510381641324,-1.13948445646778,1.48809668178415,-0.393980845160264,24,32.0253775762114,30.0723790029139,24,32,28.1447580058278,3.29,8.27505137263878,7.26232563227551,4.42948445646778,6.78695469085463,7.65630647743578
1.06999949023344,319.249985174425,390,371.519119672848,319.249985174425,390,371.519119672848,-1.2583334321705,1.53931558674769,-0.449158184314301,22.0277761304916,32,30,20.0555522609832,32,28,4.66069558930832,8.28,7.33,5.91902902147883,6.74068441325231,7.7791581843143
1.07499948785136,413.570795950118,427.441865804517,496.042602043382,413.570795950118,427.441865804517,496.042602043382,-1.31910674746882,1.25425944517606,-0.594279925434671,22,32,33.8474646782579,20,32,31.8474646782579,4.68,7.92528758711511,6.00262468600102,5.99910674746882,6.67102814193905,6.59690461143569
1.07999948546927,413.031774038253,466.388198461851,505.919604207732,413.031774038253,466.388198461851,505.919604207732,-1.32,1.36811753372877,-0.452411873768047,23.9682259617468,32,34,23.9364519234936,32,32,3.86318622587508,7.92,5.95,5.18318622587508,6.55188246627123,6.40241187376805
1.08499948308718,359.901261649086,428.650781138829,377.69976136388,359.901261649086,428.650781138829,377.69976136388,-1.14300420549695,1.55682952778519,-0.19082565624933,24,32,30,24,30.0333733917348,30,3.85,7.93966626608265,7.82,4.99300420549695,6.38283673829746,8.01082565624933
1.0899994807051,332.477526665807,395.583643702651,338.690612794229,332.477526665807,395.583643702651,338.690612794229,-1.14982313827192,1.68770079753501,-0.29810081481587,24,32,30,22.0353723456153,30,30,4.67514361484158,7.94,7.82,5.8249667531135,6.25229920246499,8.11810081481587
1.09499947832301,389.897546664864,384.205542147229,489.066654939754,389.897546664864,384.205542147229,489.066654939754,-1.20887886101512,1.64093428248741,-0.398944630120557,24,32,36,22,31.9626287005038,34,4.69,7.58672683390932,6.45,5.89887886101512,5.94579255142191,6.84894463012056
1.09999947594092,391.980314873312,407.882632850715,500.76939951065,391.980314873312,407.882632850715,500.76939951065,-1.10216536393572,1.70029341787321,-0.213651174414708,25.9606297466232,32,36,25.9212594932464,31.9902194042263,34,4.41551183547275,7.58185831319701,6.45,5.51767719940847,5.8815648953238,6.66365117441471
1.10499947355884,366.53779969435,384.038908209463,371.836675827977,366.53779969435,384.038908209463,371.836675827977,-0.972688998471751,1.76035017388517,0.02,26,32,32,26,30,32,4.41,7.96,8.78,5.38268899847175,6.19964982611483,8.76
1.10999947117675,348.390313450247,394.118545104253,329.9018411156,348.390313450247,394.118545104253,329.9018411156,-0.989566318388615,1.84898802959784,0.02,24.0433681611385,32,32,22.0867363222771,30,32,5.23178537232182,7.95895911615778,8.78,6.22135169071043,6.10997108655994,8.76
1.11499946879466,409.570935876895,435.081350283824,496.996306302061,409.570935876895,435.081350283824,496.996306302061,-1.11705113752375,1.50003783734131,0.070387838283547,24,32,36,22,30,34,5.25,7.6,7.41,6.36705113752375,6.09996216265869,7.33961216171645
1.11999946641258,412.9526339311,477.972335906121,495.04584887358,412.9526339311,477.972335906121,495.04584887358,-1.061420982067,1.52009816291376,0.275185868274072,27.9052678621998,31.9982152197498,36,25.9052678621998,30,34,4.44942008824905,7.6000178478025,7.41,5.51084107031605,6.07991968488874,7.13481413172593
1.12499946403049,341.007904507302,447.003319691266,379.012732431511,341.007904507302,447.003319691266,379.012732431511,-0.830025250509437,1.62998822045035,0.479978047531877,28,30.0002141736301,32.0004390493625,26,30,30.0004390493625,4.43,7.6199978582637,8.80984633272314,5.26002525050944,5.99000963781335,8.32986828519126
1.1299994616484,304.04094285895,420.029877221399,363.398013190073,304.04094285895,420.029877221399,363.398013190073,-0.78005532818777,1.719900409262,0.431243791218978,24.0044262550216,30,32,24.0022131275108,30,30,5.5387717142315,7.62,8.81,6.31882704241928,5.900099590738,8.37875620878102
1.13499945926632,381.835728825726,417.006318122088,483.738802216727,381.835728825726,417.006318122088,483.738802216727,-0.809936818779126,1.56033696651137,0.360151106155613,24,30,33.9956826812682,24,30,35.9870480438046,5.54,7.26075817465057,6.97397193323325,6.34993681877912,5.70042120813921,6.61382082707763
1.13999945688423,383.993788964728,445.91571735465,491.785382304242,383.993788964728,445.91571735465,491.785382304242,-0.590683213879961,1.33066844856657,0.554634557606059,27.9875779294552,30,34,27.9875779294552,30,36,4.72254652446167,7.26,6.97,5.31322973834164,5.92933155143343,6.41536544239394
1.14499945450214,309.307874593245,442.015620777507,336.62455912847,309.307874593245,442.015620777507,336.62455912847,-0.420697849078023,1.32003905194377,0.759199283168629,28,31.9921896112465,32.0080071683137,28,30,32.0160143366274,4.72,7.26996094805623,8.84247326178511,5.14069784907802,5.94992189611247,8.08327397861648
1.14999945212006,297.061253658204,436.029428027903,307.828923057991,297.061253658204,436.029428027903,307.828923057991,-0.529438508133128,1.47921525258924,0.740571671074476,26.010208943034,32,32,24.0204178860681,30,32,5.82433403661611,7.27,8.85,6.35377254474924,5.79078474741076,8.10942832892552
1.15499944973797,397.383501205803,415.123987113413,447.146715759572,397.383501205803,415.123987113413,447.146715759572,-0.659206486700539,1.33088562223867,0.829455350484833,26,32,35.9757933548815,24,30,35.9757933548815,5.83,7.65769738217946,7.47835129256589,6.48920648670054,6.3268117599408,6.64889594208106
1.15999944735588,410.907655469829,435.855023870843,442.183209647884,410.907655469829,435.855023870843,442.183209647884,-0.590497239777847,1.27041421751188,1.13053416819267,27.9857931492044,32,36,27.9715862984088,30,36,5.0158248088262,7.66,7.47,5.60632204860405,6.38958578248812,6.33946583180733
1.1649994449738,336.59285111215,467.74710073157,318.012569788114,336.59285111215,467.74710073157,318.012569788114,-0.272529498078508,1.37913065876477,1.32846089392207,28,32,34.0162011166098,28,31.9841937957231,32.0324022332197,5.01,7.66992096897861,9.32485195596981,5.28252949807851,6.29079031021384,7.99639106204774
1.16999944259171,291.400616058549,455.115733528027,312.162431644517,291.400616058549,455.115733528027,312.162431644517,-0.329465845255269,1.44937681946447,1.22357349617938,24.0356103163154,32,34,26.0178051581577,32,32,5.84252183357376,7.67,9.34,6.17198767882903,6.22062318053553,8.11642650382062
1.17499944020962,361.296954022638,458.960391775923,477.305040959971,361.296954022638,458.960391775923,477.305040959971,-0.270594123361151,1.2222774728844,1.28928953812693,24,32,35.979701089341,26,30.0198041120383,35.9594021786819,5.85,8.05613819815254,7.98390475380144,6.12059412336115,6.83386072526813,6.6946152156745
1.17999943782754,363.978196934081,496.593252886966,483.827811417532,363.978196934081,496.593252886966,483.827811417532,-0.0721803065919201,0.933104122704734,1.52173494804156,27.9563938681616,32,36,27.9781969340808,30,36,5.02904827235647,8.06,7.97,5.10122857894839,7.12689587729527,6.44826505195844
1.18499943544545,295.821169683104,546.41493951499,366.451603930226,295.821169683104,546.41493951499,366.451603930226,0.0683338586139915,1.02882987902998,1.70780429657613,28,32,32.0487934094194,28,30,32.0487934094194,5.02,7.70421243549207,9.36280032317967,4.95166614138601,6.67538255646209,7.65499602660354
1.18999943306336,287.103203894723,511.457224719065,360.181005595626,287.103203894723,511.457224719065,360.181005595626,-0.0780649269739416,1.1682219038703,1.60398212310378,26.0258009736808,32,32,26.0258009736808,30,32,5.84916359105407,7.7,9.38,5.92722851802801,6.5317780961297,7.77601787689622
1.19499943068128,370.818503078632,450.835709978453,486.202565472776,370.818503078632,450.835709978453,486.202565472776,-0.188471003984111,1.07137001635812,1.5507021228622,26,32,35.9438301710243,26,30,35.9438301710243,5.86,7.70986299836419,7.56583812132884,6.04847100398411,6.63849298200607,6.01513599846664
1.19999942829919,374.955301677836,464.779505392179,492.809272770811,374.955301677836,464.779505392179,492.809272770811,-0.101340949664914,0.991175971241712,1.70389672866595,29.9404022371149,32,36,27.9702011185575,30,36,5.32804569798948,7.71,7.54,5.4293866476544,6.71882402875829,5.83610327133405
1.2049994259171,316.938036142034,470.905805295229,351.317155014774,316.938036142034,470.905805295229,351.317155014774,0.106661227291065,1.23607522063453,1.81822995103038,30,33.9686017650762,34.0321827085385,28,31.9686017650762,30.0965481256156,5.32,7.71984300882538,9.37990916751648,5.21333877270894,6.48376778819086,7.5616792164861
1.20999942353502,280.601269532251,447.400766265658,345.139141276105,280.601269532251,447.400766265658,345.139141276105,0.0805010579435427,1.2793320562239,1.65977516948498,26.0668077258057,34,34.0149887010014,26.0334038629028,32,30.0299774020028,6.14597037758081,7.72,9.39621039507873,6.06546931963726,6.4406679437761,7.73643522559375
1.21499942115293,348.761135006015,446.017698071343,493.373905840778,348.761135006015,446.017698071343,493.373905840778,0.129115096432868,1.10318565284167,1.63051830805774,26,34,35.9654461294839,26,33.9646038573148,33.9308922589679,6.16,8.46654946577962,7.60178956087479,6.03088490356713,7.36336381293795,5.97127125281705
1.21999941877084,350,466.607351486055,488.057696305207,350,466.607351486055,488.057696305207,0.355699563894897,0.972430681276803,1.86044343703284,27.9626049034339,34,35.9778281483578,29.9252098068678,34,33.9889140741789,5.35533198959211,8.48,7.57781557770387,4.99963242569721,7.5075693187232,5.71737214067103
1.22499941638876,283.33939771519,518.824377623332,322.268814884184,283.33939771519,518.824377623332,322.268814884184,0.497242416468726,1.08107324785741,1.93846173417215,28,34,32.0769132913926,30,34,32.0384566456963,5.34,8.87,8.95288806478412,4.84275758353127,7.78892675214259,7.01442633061197
1.22999941400667,279.062089506492,482.996121077589,304.420314948357,279.062089506492,482.996121077589,304.420314948357,0.333518405367854,1.29965089698298,1.93018933105782,26.0413930043277,34,32.0075732423127,24.1241790129831,34,32.0151464846255,6.16261493818237,8.87007757844822,8.97477446280421,5.82909653281452,7.57042668146525,7.04458513174639
1.23499941162458,379.765314152261,482.060468354895,412.670702229143,379.765314152261,482.060468354895,412.670702229143,0.10499007519398,1.20974084990759,1.97895076676988,26,34,33.9580306707954,24,34,35.9160613415907,6.18,8.89,7.62895883715119,6.07500992480602,7.68025915009241,5.65000807038131
1.2399994092425,400.568786335153,503.020679653837,409.799959541201,400.568786335153,503.020679653837,409.799959541201,0.119546090879108,1.12030079496491,2.14025693269937,27.9546090879108,34,34,27.9092181758216,34,35.9926590657321,5.10496500164905,8.89003759937061,7.60258767932942,4.98541891076994,7.7697368044057,5.46233074663004
1.24499940686041,311.179933834625,513.984151151378,303.500029688976,311.179933834625,513.984151151378,303.500029688976,0.403128469434336,1.28006163441131,2.27678895269306,28,34,34,28,34,32.0917442087698,5.08,8.91,8.97766016640865,4.67687153056566,7.62993836558869,6.7008712137156
1.24999940447832,259.006099156869,496.0021417363,294.000853707094,259.006099156869,496.0021417363,294.000853707094,0.429997560337253,1.3499916710255,2.22000731748937,24.0004879325495,34,34,24.0004879325495,34,32,5.91989753416461,8.91,9.01,5.48989997382736,7.5600083289745,6.78999268251063
1.25499940209624,325.925063026544,483.014540009777,411.013507226176,325.925063026544,483.014540009777,411.013507226176,0.410022369245808,1.1602125078352,2.30776013041963,24,34,34,24,34,33.9502251204363,5.92,8.91998881537709,8.1226475702015,5.50997763075419,7.75977630754189,5.81488743978187
1.25999939971415,330.989410303846,498.966112972303,409.010854275908,330.989410303846,498.966112972303,409.010854275908,0.629534053369212,1.16,2.47963095461914,27.9915282430766,34,34,25.9957641215383,34,34,4.81235091254625,8.92,8.1,4.18281685917704,7.76,5.62036904538086
1.26499939733206,239.286802287749,495.011672796113,333.093428535017,239.286802287749,495.011672796113,333.093428535017,0.799470039250899,1.41924126825264,2.5773161172628,28,35.9941636019433,30.1073553094881,26,34,30.1073553094881,4.81,8.93994163601943,8.56711736286143,4.0105299607491,7.5207003677668,5.98980124559863
1.26999939494998,235.016467572446,455.156683716469,331,235.016467572446,455.156683716469,331,0.60082337862232,1.53952994885059,2.49036142042235,26.0082337862232,36,30,24.0082337862232,34,30,5.64654180978626,8.94,8.58,5.04571843116394,7.40047005114941,6.08963857957765
1.27499939256789,339.462781144534,443.058998838227,390.255694683304,339.462781144534,443.058998838227,390.255694683304,0.341330256213535,1.4504424912867,2.58714048308738,26,36,33.8856193234953,24,35.9901668602955,33.8856193234953,5.65,9.32808253775761,6.79261511119215,5.30866974378646,7.87764004647091,4.20547462810477
1.2799993901858,361.865451366168,457.911259298108,388.024255428381,361.865451366168,457.911259298108,388.024255428381,0.419510732240609,1.35059160467928,2.68939361429048,27.9877683060152,36,34,25.9877683060152,36,34,5.10336371584581,9.33,6.74,4.6838529836052,7.97940839532072,4.05060638570952
1.28499938780372,292.498072675296,487.792534288012,260.032145486548,292.498072675296,487.792534288012,260.032145486548,0.6682211690168,1.55854774001608,2.75786174102986,28,36,30.1221862268651,26,34.0138310474659,28.1832793402976,5.1,9.71730294574416,8.55287793894057,4.4317788309832,8.15875520572807,5.79501619791071
1.28999938542163,241.403745702817,453.277025023572,266.910759704674,241.403745702817,453.277025023572,266.910759704674,0.5608708240649,1.74849614987204,2.60129804065929,24.0316663296327,36,30,24.0158331648164,34,28,5.66548754802734,9.72,8.61,5.10461672396244,7.97150385012796,6.00870195934071
1.29499938303954,303.438387910327,460.928684179088,427.605341245246,303.438387910327,460.928684179088,427.605341245246,0.639286841790892,1.72026743432842,2.54194987665834,24,36,31.9350041113885,24,34,31.870008222777,5.67,9.37312006716489,6.37507025134627,5.03071315820911,7.65285263283647,3.83312037468793
1.29999938065746,301.029741863663,478.821548818026,439.928868441984,301.029741863663,478.821548818026,439.928868441984,0.838017209089164,1.72,2.54,27.9603441817833,36,32,27.9603441817833,34,32,4.84822858227997,9.37,6.3,4.0102113731908,7.65,3.76
1.30499937827537,235.720286478646,458.225031218478,285.511893103339,235.720286478646,458.225031218478,285.511893103339,0.968581253905697,1.96732105692288,2.57862202672417,28,36,30.0688986637917,28,34,28.1377973275835,4.84,9.38978568455383,7.66142644202682,3.8714187460943,7.42246462763095,5.08280441530266
1.30999937589328,232.035738725305,436.257688381174,282.963368355489,232.035738725305,436.257688381174,282.963368355489,0.772382581687011,2.04906295134119,2.3725642151158,24.0476516337402,36,30,24.0476516337402,34,28,5.94665754255274,9.39,7.71,5.17427496086573,7.34093704865881,5.3374357848842
1.3149993735112,359.334302286576,431.063562925878,411.183706006462,359.334302286576,431.063562925878,411.183706006462,0.720645619268769,1.94139838436933,2.32181063683968,24,36,31.927574526413,24,34,31.8551490528259,5.96,9.39987287414824,6.37997357677506,5.23935438073123,7.45847448977892,4.05816293993538
1.31999937112911,365.930440688421,447.766894944024,421.915672081642,365.930440688421,447.766894944024,421.915672081642,0.769304406884208,2.02876591440954,2.39887562775523,25.9721762753683,36,32,25.9721762753683,34,32,4.86544216717058,9.4,6.33,4.09613776028638,7.37123408559046,3.93112437224477
1.32499936874702,291.133261783476,435.191250007733,318.120962613935,291.133261783476,435.191250007733,318.120962613935,0.976868618756186,2.26646923062647,2.4192368587752,26,34.0294230781128,32,26,34,30.0763141224803,4.85,9.41970576921887,7.6765801142638,3.87313138124381,7.15323653859241,5.2573432554886
1.32999936636494,264.413681221111,401.534174543894,320.887275149406,264.413681221111,401.534174543894,320.887275149406,0.852068406105556,2.49638646632072,2.10515313602716,24.0318216323932,34,32,22.0636432647864,34,30,5.41093083476795,9.42,7.73,4.55886242866239,6.92361353367928,5.62484686397284
1.33499936398285,324.963742393416,391.167104929374,456.95510358941,324.963742393416,391.167104929374,456.95510358941,0.70250707485464,2.45083552464687,2.09052379145688,24,35.9665790141251,34,22,35.9665790141251,34,5.42,9.0758486725281,7.28,4.71749292514536,6.62501314788123,5.18947620854312
1.33999936160076,334.840610271101,412.610380662693,451.103731303962,334.840610271101,412.610380662693,451.103731303962,0.709822900301224,2.47946870090367,2.15878980145378,25.9645800602447,36,34,25.9291601204895,36,34,4.60469927499844,9.07,7.28,3.89487637469721,6.59053129909633,5.12121019854622
1.34499935921868,275.141276255901,391.411607829998,402.011062695016,275.141276255901,391.411607829998,402.011062695016,0.817941960850014,2.62719358297729,2.12928092482393,26,34.0374188936362,30,26,34.0374188936362,30,4.59,9.81578082041825,8.69,3.77205803914999,7.18858723744096,6.56071907517607
1.34999935683659,254.394178475168,384.243325040842,403.961520123499,254.394178475168,384.243325040842,403.961520123499,0.692562160088595,2.77941601990198,2.00250119197256,24.0394178475168,34,30,24.0394178475168,34,30,5.41344450404292,9.8264474544037,8.69,4.72088234395433,7.04703143450173,6.68749880802744
1.3549993544545,339.198369139201,434.108276668538,529.026425040278,339.198369139201,434.108276668538,529.026425040278,0.621449588048919,2.66058005358145,1.89030200046032,24,34,32,24,34,32,5.43,9.1,6.85,4.80855041195108,6.43941994641855,4.95969799953968
1.35999935207242,344.913168489443,461.833682277701,535.853026039968,344.913168489443,461.833682277701,535.853026039968,0.600434157552785,2.81020072828553,1.96832029759963,25.9565842447215,33.9942649061276,32,24,33.9942649061276,32,4.89193933270159,9.10005735093872,6.85,4.2915051751488,6.28985662265319,4.88167970240037
1.36499934969033,316.658513282809,404.005604209987,395,316.658513282809,404.005604209987,395,0.619545852908407,2.88026152979939,1.97945291455062,26,32,30,24,32,30,4.88,9.12,7.79,4.26045414709159,6.23973847020061,5.81054708544938
1.36999934730824,310.14224098912,407.006080151386,395,310.14224098912,407.006080151386,395,0.38568963956481,3.01984365325008,1.68688430027843,22.0948273260802,32,30,22.0474136630401,32,30,5.15336208717439,9.11936592706975,7.79,4.76767244760958,6.09952227381968,6.10311569972157
1.37499934492616,359.993290927445,413.999083812805,499.985913832957,359.993290927445,413.999083812805,499.985913832957,0.320008050887066,2.8400235590993,1.39003890465183,22,32,33.9994633841126,22,32,31.9997316920563,5.16,8.39009554523606,6.87012342165409,4.83999194911293,5.55007198613676,5.48008451700226
1.37999934254407,360,443.966089175233,519.502018896316,360,443.966089175233,519.502018896316,0.359954785566983,2.84,1.53626514172237,25.9954785566983,32,34,25.9954785566983,32,32,4.33093819948511,8.39,6.87,3.97098341391813,5.55,5.33373485827763
1.38499934016198,295.13843945478,396.102232212771,414.2314034057,295.13843945478,396.102232212771,414.2314034057,0.529637927579806,2.97970182271275,1.54997816949003,26,32,32.0043661019943,26,30.0042596755321,32,4.33,8.39997870162234,8.27692189809399,3.80036207242019,5.42027687890959,6.72694372860397
1.3899993377799,265.093879441185,384.035161199293,379.939765497101,265.093879441185,384.035161199293,379.939765497101,0.350563276647112,3.02985349500294,1.50134252213872,24.0062586294124,32,32,24.0062586294124,30,32,5.44649516752908,8.4,8.28,5.09593189088197,5.37014650499706,6.77865747786128
1.39499933539781,369.566476877103,389.976426051319,473.617341825485,369.566476877103,389.976426051319,473.617341825485,0.389834848334135,2.88058934871701,1.37052363750197,24,32,35.9838880768625,24,31.9921420171065,35.9838880768625,5.45,8.04141443692084,7.83181259135297,5.06016515166586,5.16082508820382,6.461288953851
1.39999933301572,367.015384805761,421.842289011607,470.114427138114,367.015384805761,421.842289011607,470.114427138114,0.370102565371741,2.89990143063225,1.54485077878487,25.9897434628259,32,36,25.9897434628259,32,36,4.90282054772288,8.04,7.83,4.53271798235114,5.14009856936775,6.28514922121513
1.40499933063364,338.177704620294,399.136342742539,400.42532370376,338.177704620294,399.136342742539,400.42532370376,0.459448502902536,2.94970360273361,1.69908859206337,26,32,32.0243042116434,26,30.0118558906555,32.0243042116434,4.9,8.42768810132217,9.69857702052758,4.44055149709746,5.47798449858856,7.99948842846421
1.40999932825155,324.09978111455,399,373.825070647203,324.09978111455,399,373.825070647203,0.251496716718246,2.93013854844536,1.58366698065424,22.0285088898714,32,32,24.0142544449357,30,32,5.45600875541801,8.43,9.71,5.20451203869976,5.49986145155464,8.12633301934577
1.41499932586946,389.476720100815,436.698777830078,512.854382058997,389.476720100815,436.698777830078,512.854382058997,0.0813478421645665,2.73158537984169,1.53040624749681,22,32,35.9675002002552,24,31.9841462015831,35.9675002002552,5.46,8.07285368371505,7.87503115738195,5.37865215783543,5.34126830387336,6.34462490988514
1.41999932348738,401.892883486214,467.723282339382,518.83745220146,401.892883486214,467.723282339382,518.83745220146,0.0502677912844653,2.66062484633043,1.74284789686423,25.9642944954046,32,36,25.9821472477023,32,36,4.63740889220354,8.07,7.86,4.58714110091907,5.40937515366957,6.11715210313577
1.42499932110529,336.655106303888,452.158813649427,363.597293972844,336.655106303888,452.158813649427,363.597293972844,0.208411863505725,2.65009925853089,1.83908435377353,26,30.0198517061783,32.0406953878432,26,30.0198517061783,32.0406953878432,4.63,8.45612891729522,9.72087316771372,4.42158813649427,5.80602965876433,7.88178881394019
1.4299993187232,303.360535890978,453.978544653557,356.206765683789,303.360535890978,453.978544653557,356.206765683789,0.0913110396035558,2.70935633960672,1.78206765683789,24.0218506600593,30,32,22.0437013201185,30,32,5.46082272277511,8.46,9.74,5.36951168317155,5.75064366039328,7.95793234316211
1.43499931634111,376.117564284216,478.706874830746,511.081029194187,376.117564284216,478.706874830746,511.081029194187,0.0504769922788019,2.43328300189565,1.61207786647763,24,30,35.9511090240557,22,30,35.9511090240557,5.47,7.72867650500993,7.92248984893437,5.4195230077212,5.29539350311428,6.31041198245674
1.43999931395903,378.974151432179,510.592816521258,531.311737265226,378.974151432179,510.592816521258,531.311737265226,0.119095300126274,2.24241765190503,1.72565307746458,27.9483028643585,30,36,25.9483028643585,30,36,4.65072715564561,7.72,7.9,4.53163185551934,5.47758234809497,6.17434692253542
1.44499931157694,316.877196933603,474.507786544095,385.095960482406,316.877196933603,474.507786544095,385.095960482406,0.139721524782983,2.3189020831479,1.92718663022496,28,31.9725520786975,34.0281336977504,26,30,34.0281336977504,4.64,7.73972552078698,9.74369499260336,4.50027847521702,5.42082343763907,7.8165083623784
1.44999930919485,313.044769713374,455.279745314236,353.183228975916,313.044769713374,455.279745314236,353.183228975916,-0.0668661200638372,2.32985276562409,1.81458024119709,24.059692951165,32,34,24.0298464755825,30,34,5.7432859736738,7.74,9.77,5.81015209373763,5.41014723437591,7.95541975880291
1.45499930681277,419.280346808989,449.094337487191,491.711564082131,419.280346808989,449.094337487191,491.711564082131,-0.266815457053684,2.02487410350488,1.75096694475403,24,32,37.935537016398,24,30,37.935537016398,5.76,8.11402529247788,8.87466532876945,6.02681545705368,6.089151188973,7.12369838401542
1.45999930443068,430.832742667229,482.431438689937,494.230474671309,430.832742667229,482.431438689937,494.230474671309,-0.250334514665541,1.92167223914724,2.01059768957568,27.9330970668918,32,37.9701155212159,27.9330970668918,30,37.9701155212159,4.94388235861996,8.12,8.87404570502854,5.1942168732855,6.19832776085276,6.86344801545285
1.46499930204859,357.329140130947,511.486065816035,393.781917104454,357.329140130947,511.486065816035,393.781917104454,-0.0928354989460204,1.98875946921112,2.08861598671499,28,32,34.0692006642506,28,31.9645562631748,34.0692006642506,4.93,8.13964556263175,10.7074756878022,5.02283549894602,6.15088609342063,8.61885970108722
1.46999929966651,325.580361705944,491.393148252415,379.739644102194,325.580361705944,491.393148252415,379.739644102194,-0.119438359639409,1.99981278654647,2.11994480267894,24.0748853814122,32,34.0110394642119,24.0748853814122,32,34.0110394642119,6.02903209320459,8.14,10.7298436929251,6.148470452844,6.14018721345353,8.60989889024615
1.47499929728442,408.32373010506,487.126219659328,510.420291810524,408.32373010506,487.126219659328,510.420291810524,-0.159211167108263,1.77902907954363,2.11019251553653,24,32,35.9614968926944,24,32,35.9614968926944,6.05,8.52,8.93542285872116,6.20921116710826,6.74097092045637,6.82523034318463
1.47999929490233,410.979279700766,513.134929386947,507.439254837589,410.979279700766,513.134929386947,507.439254837589,0.0358559401532337,1.58053971754779,2.2606397763598,27.9171188030647,32.0077102506827,35.9924732192965,27.9171188030647,32,35.984946438593,4.97279232915721,8.52007710250683,8.90357522083417,4.93693638900398,6.93953738495904,6.64293544447437
1.48499929252025,319.041658960379,547.900052305958,362.130176415633,319.041658960379,547.900052305958,362.130176415633,0.176959231335605,1.72031412132413,2.42642865778082,28,34,34.0420157908139,28,32,32.0840315816277,4.95,8.54,9.83004249936341,4.77304076866439,6.81968587867587,7.40361384158259
1.48999929013816,300.386227302949,512.949883370562,342.152208232033,300.386227302949,512.949883370562,342.152208232033,0.043180695436047,1.82968445085169,2.39987315980664,26.0454385062292,34,34.0072480110492,26.0454385062292,32,32.0108720165738,6.03478162904277,8.54072390686965,9.84749943618803,5.99160093360672,6.71103945601796,7.44762627638139
1.49499928775607,397.628126994496,486.014563806842,424.071420228247,397.628126994496,486.014563806842,424.071420228247,-0.116205003191194,1.65982866109597,2.33160714980979,26,34,37.9081628680118,26,32,37.8622443020176,6.06,8.93,8.50168381053595,6.17620500319119,7.27017133890403,6.17007666072615
1.49999928537399,413.997950683292,502.99757269886,435.998536502125,413.997950683292,502.99757269886,435.998536502125,-0.12,1.460028556484,2.57996341255314,29.9994144809407,34,38,27.9997072404703,32,38,5.52007904507301,8.93,8.47,5.64007904507301,7.469971443516,5.89003658744686
1.5049992829919,365.055970708661,542.954309625578,308.263297846836,365.055970708661,542.954309625578,308.263297846836,0.0997487029407065,1.59984008368952,2.71651250611789,30,34,34.0996426823461,28,33.9977154812789,34.0996426823461,5.52,8.93998857740639,10.7517090308275,5.42025129705929,7.34014849371687,8.03519652470963
1.50999928060981,326.083527715733,510.070677297935,283.048295429881,326.083527715733,510.070677297935,283.048295429881,0.1,1.65987149582194,2.67010976234064,26.0085669452034,34,34,26.0042834726017,34,34,6.35820094150729,8.94,10.81,6.25820094150729,7.28012850417806,8.13989023765936
1.51499927822773,382.820950845253,486.070608020494,454.272277760912,382.820950845253,486.070608020494,454.272277760912,0.169780115073118,1.57026478007685,2.88409034720114,26,35.9941159982922,35.9462758836467,26,35.9941159982922,37.8925517672935,6.36,9.32885261966697,9.01942618704501,6.19021988492688,7.75858783959012,6.13533583984387
1.51999927584564,374.037266211635,486.996059110018,439.080803581962,374.037266211635,486.996059110018,439.080803581962,0.349254675767307,1.47039408899818,3.06927276776234,27.9917186196367,36,36,27.9917186196367,36,38,5.54339536594894,9.33,8.97,5.19414069018163,7.85960591100182,5.90072723223766
1.52499927346355,301.375232199909,510.881431193866,303.006575990311,301.375232199909,510.881431193866,303.006575990311,0.598714958219489,1.67896252294632,3.25456250401315,28,36,32.1144735997232,28,34.0098807338445,32.1717103995847,5.54,10.0961959174699,10.3493618720983,4.94128504178051,8.41723339452353,7.09479936808513
1.52999927108147,275.159630745622,474.219774222922,299.993911751274,275.159630745622,474.219774222922,299.993911751274,0.530429775084366,1.80922782029784,3.24012176497453,26.0122792881247,36,32,26.0122792881247,34,32,6.09656179932507,10.1,10.39,5.56613202424071,8.29077217970216,7.14987823502547
1.53499926869938,339.535957134816,501.805699017517,414.39276507253,339.535957134816,501.805699017517,414.39276507253,0.371142259360453,1.84972242716788,3.3466373233727,26,34.0138786416059,35.8777208499163,26,35.9861213583941,33.9388604249581,6.1,9.74249815548907,8.15061620917336,5.72885774063955,7.89277572832119,4.80397888580066
1.53999926631729,356.865013468026,504.97618360677,413.040685728759,356.865013468026,504.97618360677,413.040685728759,0.498967750049609,1.71111143168409,3.5682098279346,29.9682384630649,34,36,27.9841192315324,36,34,5.55436721132858,9.74,8.08,5.05539946127897,8.02888856831591,4.5117901720654
1.54499926393521,297.53629648103,486.169827218995,249.496078593652,297.53629648103,486.169827218995,249.496078593652,0.718033579569556,2.03705036935429,3.65707309424007,30,35.9821234506321,32.1300847004415,28,34.0178765493679,32.0650423502207,5.55,9.75982123450632,9.44414514309438,4.83196642043044,7.72277086515203,5.78707204885432
1.54999926155312,264.327945803599,443.427323319839,255.877767486683,264.327945803599,443.427323319839,255.877767486683,0.690298132548726,2.2776149396102,3.53132418556093,26.0397510064968,36,32,26.0198755032484,34,32,6.38165228863566,9.76,9.49,5.69135415608694,7.4823850603898,5.95867581443907
1.55499925917103,332.245331229041,415.300708075754,384.415149160835,332.245331229041,415.300708075754,384.415149160835,0.828468788000952,2.21075177018939,3.56862109749198,26,36,35.862109749198,26,35.9785208517319,35.862109749198,6.39,9.77978520851732,8.15757213652667,5.56153121199905,7.56903343832793,4.58895103903469
1.55999925678895,320.155177171566,431.800472609812,388.012234939802,320.155177171566,431.800472609812,388.012234939802,0.968328861229294,2.31870894041643,3.64902120481587,29.9522531779798,36,36,29.9522531779798,36,36,5.57978809851413,9.78,8.11,4.61145923728484,7.46129105958357,4.46097879518413
1.56499925440686,260.776170946725,426.076418293474,290.659833185144,260.776170946725,426.076418293474,290.659833185144,1.15754212533537,2.60630644914874,3.6403623597213,30,36,30.2174158327808,30,34.0254727644914,30.2174158327808,5.57,10.1650328109242,9.92187637239534,4.41245787466463,7.55872636177543,6.28151401267404
1.56999925202477,249.153292253244,406.274717183724,297.845130508401,249.153292253244,406.274717183724,297.845130508401,1.08111485275087,2.73821433830579,3.49211185670362,24.083613956315,36,30,26.0557426375433,34,30,6.67439206148787,10.17,9.99,5.59327720873701,7.43178566169421,6.49788814329638
1.57499924964269,358.342199867787,440.484263235577,454.776612396704,358.342199867787,440.484263235577,454.776612396704,1.12925324318369,2.61191559369643,3.53809098539776,24,36,33.847278831821,26,35.9705293277472,31.9236394159105,6.69,9.81530472100549,7.32575940896399,5.56074675681631,7.20338912730907,3.78766842356623
1.5799992472606,366.888457707134,467.575160047193,453.129023533729,366.888457707134,467.575160047193,453.129023533729,1.14968130773467,2.67889856308532,3.65806464699406,27.9362615469335,36,34,27.9681307734668,36,32,5.33198976630793,9.81,7.22,4.18230845857327,7.13110143691469,3.56193535300594
1.58499924487851,281.456174174518,439.485294410215,245.134271077287,281.456174174518,439.485294410215,245.134271077287,1.19916311829051,2.79799188519911,3.59865728922713,28,34.0334685800148,32,28,34.0334685800148,30,5.31,10.203306283997,8.62,4.11083688170949,7.40531439879792,5.02134271077287
1.58999924249643,272.141870135581,423.283740271161,262.688387933631,272.141870135581,423.283740271161,262.688387933631,1.12141870135581,3.00627590894101,3.42311612066369,26.0354675338952,34,32,24.0709350677905,34,30,6.135103635764,10.21,8.62,5.01368493440819,7.20372409105899,5.19688387933631
1.59499924011434,351.482607245065,440.662801610014,398.005508116704,351.482607245065,440.662801610014,398.005508116704,0.982622654144331,2.92168599194993,3.40033048700221,26,34,32,24,35.9625335122238,34,6.15,9.49367526803833,7.71,5.16737734585567,6.5719892760884,4.30966951299779
1.59999923773225,359.861870954201,463.762707516404,398.980736830945,359.861870954201,463.762707516404,398.980736830945,0.950591981624852,2.99033898926228,3.45884420985669,27.9605345583432,33.9903145925063,32,27.9210691166864,35.9903145925063,34,5.3461808310793,9.48188865446127,7.71,4.39558884945444,6.49154966519899,4.25115579014331
1.60499923535017,301.243931866129,415.019216134032,334.048773074343,301.243931866129,415.019216134032,334.048773074343,1.19481695055779,3.0604227549487,3.44879943201618,28,32,30,28,34,30,5.33,9.87,8.65,4.13518304944221,6.8095772450513,5.20120056798382
1.60999923296808,261.847535313662,420.108062494914,346.726746359479,261.847535313662,420.108062494914,346.726746359479,1.10217316747093,3.16928906253346,3.13672624345897,24.0869266988371,32.0056874997323,30,24.0869266988371,34,30,6.1517453932442,9.8679240625977,8.65,5.04957222577327,6.69863500006424,5.51327375654103
1.61499923058599,337.22697017133,458.073770917026,452.98019573904,337.22697017133,458.073770917026,452.98019573904,1.20749957331854,2.91998155727074,3.1701260271152,24,34,32,24,34,34,6.17,9.14,7.27,4.96250042668146,6.22001844272926,4.0998739728848
1.61999922820391,335.09492251436,497.961139384683,442.252679882393,335.09492251436,497.961139384683,442.252679882393,1.2881015497128,2.91005913571896,3.23839203711204,27.9050774856399,33.9983104080297,32,27.9050774856399,33.9983104080297,34,5.08634099773493,9.14032947043421,7.27,3.79823944802213,6.23027033471525,4.03160796288796
1.62499922582182,256.01252766821,452.007115323932,320.01934256358,256.01252766821,452.007115323932,320.01934256358,1.45997304172664,2.97998917233315,3.24999841454397,28,32.0003093619101,28.0006341824125,28,32.0003093619101,28.0009512736187,5.06,9.52993967442753,8.67977645069961,3.60002695827336,6.54995050209438,5.42977803615564
1.62999922343973,242.016158210536,441.012695736851,330.725854854123,242.016158210536,441.012695736851,330.725854854123,1.23026545631595,3.05990766736836,3.03548290291755,24.0046166315817,32,28,24.0046166315817,32,28,6.17870734315713,9.53,8.68,4.94844188684119,6.47009233263164,5.64451709708245
1.63499922105765,355.754485628715,462.952620033607,463.706410130423,355.754485628715,462.952620033607,463.706410130423,1.10027997252866,2.96021536348361,2.91026489311541,24,32,33.9867553442296,24,33.9956927303279,31.9911702294864,6.18,8.80157215343032,6.37509919247159,5.07972002747134,5.84135678994672,3.46483429935619
1.63999921867556,366.965315770462,484.935014161131,472.758136937789,366.965315770462,484.935014161131,472.758136937789,1.1,2.83038400722968,2.90026873673579,27.9873875528952,32,34,25.9936937764476,34,32,5.08346842295383,8.8,6.37,3.98346842295383,5.96961599277032,3.46973126326421
1.64499921629347,281.35712262963,444.162064329187,310.660537518129,281.35712262963,444.162064329187,310.660537518129,1.26929405991817,2.8598814163445,2.92987842867764,28,32,30.0162095096473,26,32.0079055770335,28.0162095096473,5.08,9.17849794036363,8.70051743685631,3.81070594008183,6.31861652401914,5.77063900817867
1.64999921391139,253.144257838397,441.014856796372,308.057260030666,253.144257838397,441.014856796372,308.057260030666,1.1008758511617,2.9694552507997,2.6483027044466,24.0206082626282,32,30,24.0103041313141,32,28,5.91567226484809,9.18,8.71,4.81479641368639,6.2105447492003,6.0616972955534
1.6549992115293,343.440209623636,464.857158182453,506.779911091573,343.440209623636,464.857158182453,506.779911091573,1.12981545372208,2.71154745302343,2.42134209779927,24,33.9880965152044,31.9877991109157,24,32,33.9633973327472,5.92,8.83208310983923,6.87128582240295,4.79018454627792,6.1205356568158,4.44994372460368
1.65999920914721,344,498.76365854251,521.571860359075,344,498.76365854251,521.571860359075,1.17964244902311,2.6106951219338,2.4490825579123,27.9713959218487,34,32,25.9856979609243,32,34,5.0959353462164,8.83,6.86,3.91629289719329,6.2193048780662,4.4109174420877
1.66499920676513,285.469184823648,485.111309747898,366.279446626084,285.469184823648,485.111309747898,366.279446626084,1.2097614314456,2.62984098607443,2.54918506584326,28,34,30.0162986831348,26,32,30.0325973662697,5.09,9.20697873541419,8.71476073126893,3.8802385685544,6.57713774933976,6.16557566542567
1.66999920438304,279.053701039313,475.08950173219,342.748254181793,279.053701039313,475.08950173219,342.748254181793,0.962237543304719,2.67955249133905,2.36618123019742,24.0358006928755,34,30,24.0179003464377,32,30,5.92248185449615,9.21,8.73,4.96024431119143,6.53044750866095,6.36381876980258
1.67499920200095,376.024934284398,491.830855947294,489.48046244979,376.024934284398,491.830855947294,489.48046244979,0.781790937028657,2.47208942653342,2.14224361249024,24,34,33.9592070456319,24,32,33.9592070456319,5.93,9.22980100699682,7.36407356925698,5.14820906297134,6.75771158046339,5.22182995676674
1.67999919961887,386.890508729004,515.741964598875,500.655158218972,386.890508729004,515.741964598875,500.655158218972,0.799781017458008,2.29193526550844,2.21724126575178,27.9562034916015,34,34,25.9781017458008,32,34,5.11897828422169,9.23,7.35,4.31919726676368,6.93806473449156,5.13275873424822
1.68499919723678,320.800556470685,527.859014353917,380.494150545316,320.800556470685,527.859014353917,380.494150545316,0.908685653555591,2.34929507176959,2.32865281508209,28,34,32.0244942712347,26,32,32.0244942712347,5.11,9.2497650239232,9.19709785639557,4.20131434644441,6.90046995215361,6.86844504131347
1.68999919485469,293.349598186471,510.229469054053,340.449903591937,293.349598186471,510.229469054053,340.449903591937,0.742201173766669,2.43885265472974,2.31072495179597,24.0517923239216,34,32,22.0517923239216,32,32,5.92925309278626,9.25,9.22,5.18705191901959,6.81114734527026,6.90927504820403
1.69499919247261,374.842352692572,504.082486546327,468.154047493657,374.842352692572,504.082486546327,468.154047493657,0.700557902316833,2.22302450669867,2.1719727736709,24,34,35.9436350379743,22,32,35.9436350379743,5.94,9.25986252242279,8.32282302886086,5.23944209768317,7.03683801572412,6.15085025518995
1.69999919009052,375.014947034861,531.58707742948,482.503505203188,375.014947034861,531.58707742948,482.503505203188,0.749252648256936,1.98353933631874,2.22770848555317,25.9701059302774,34,36,27.9103177908323,32,36,4.85644173834741,9.26,8.31,4.10718909009047,7.27646066368126,6.08229151444683
1.70499918770843,297.259774432327,550.700812479564,402.323491277604,297.259774432327,550.700812479564,402.323491277604,0.828724279055871,2.07842532883981,2.37757897937024,26,34,34.0322802750635,28,33.9685065767962,32.064560550127,4.84,9.27968506576796,10.1596565414403,4.01127572094413,7.20125973692815,7.78207756207005
1.70999918532635,285.184244886129,516.586116598985,371.975673444775,285.184244886129,516.586116598985,371.975673444775,0.682512430265399,2.16849284303118,2.33,24.0334990702053,34,34.0148957777828,22.100497210616,34,32.0148957777828,5.94124052068502,9.28,10.1797219133299,5.25872809041962,7.11150715696882,7.84972191332985
1.71499918294426,391.083468127873,490.461387302548,499.730635010381,391.083468127873,490.461387302548,499.730635010381,0.532661849822399,2.04230693651274,2.33,24,35.9645086690348,35.9653532062654,22,35.9645086690348,33.9653532062654,5.96,9.66307919046178,8.8339062876769,5.4273381501776,7.62077225394904,6.5039062876769
1.71999918056217,405.7563131485,499.812548575769,497.378895352957,405.7563131485,499.812548575769,497.378895352957,0.480937257121154,1.86337412563616,2.53027482506506,27.9250194303077,36,35.9780139947949,25.9250194303077,36,33.9890069973975,4.87080710808961,9.67,8.8152216762362,4.38986985096846,7.80662587436384,6.28494685117114
1.72499917818009,325.619058787799,534.840583428008,387.178050643689,325.619058787799,534.840583428008,387.178050643689,0.744668952771881,2.08014492415636,2.57903626077713,28,36,32.0770991378297,26,36,32.0385495689148,4.85,10.43,9.74168895476545,4.10533104722812,8.34985507584364,7.16265269398832
1.729999175798,279.933484333674,502.187735085294,389.332874199691,279.933484333674,502.187735085294,389.332874199691,0.661866968667348,2.10954024060744,2.5297381888317,24.0829763852154,35.9923373434574,32.0149606381884,24.0414881926077,35.9923373434574,32.0149606381884,5.94676661213967,10.4300766265654,9.75483857982502,5.28489964347233,8.32053638595798,7.22510039099331
1.73499917341591,368.999591261526,551.050973323961,476.128229767168,368.999591261526,551.050973323961,476.128229767168,0.699130257070229,1.98937699270714,2.46147217883481,24,34,35.9158754951536,24,34,35.9158754951536,5.97,10.45,8.409022954172,5.27086974292977,8.46062300729286,5.94755077533719
1.73999917103383,371.977256949815,569.021988492688,482.79965754074,371.977256949815,569.021988492688,482.79965754074,0.787953125483385,1.77047641734157,2.52030409123281,29.8635416988924,34.0036647487813,35.9964224560846,25.9545138996308,34.0036647487813,35.9928449121693,5.15887673165322,10.4486623666948,8.38334500356086,4.37092360616984,8.67818594935325,5.86304091232806
1.74499916865174,306.590749317379,580.958355127494,373.574041545793,306.590749317379,580.958355127494,373.574041545793,0.916913471473741,2.03016657949002,2.68609297265371,30,36,34.0459650276035,26,36,32.0919300552069,5.14,9.72,10.2070226991908,4.22308652852626,7.68983342050998,7.52092972653706
1.74999916626965,292.002220093101,531.008328974502,349.003756311212,292.002220093101,531.008328974502,349.003756311212,0.740030739750622,2.22996668410199,2.62001195189931,26.0006831055694,36,34,26,36,32,6.25980873044057,9.72,10.25,5.51977799068995,7.49003331589801,7.62998804810069
1.75499916388757,394.879896187668,444.101446909457,482.584055509412,394.879896187668,444.101446909457,482.584055509412,0.550221550721778,2.18005830282153,2.61024933901391,26,36,35.9501321972177,26,36,35.9002643944354,6.26,10.4891021365485,8.91415944490588,5.70977844927822,8.30904383372695,6.30391010589197
1.75999916150548,407.971848066179,454.976179132918,485.002219638444,407.971848066179,454.976179132918,485.002219638444,0.589913378665165,2.15006496600113,2.77962266146451,29.9913378665165,36,36,26,36,36,5.71119104335398,10.49,8.88,5.12127766468882,8.33993503399887,6.10037733853549
1.76499915912339,355.167745546494,508.839846655304,369.199349388774,355.167745546494,508.839846655304,369.199349388774,0.809303697731536,2.3693475234105,2.86758032399168,30,37.9940683946409,34.0537705779626,26,37.9940683946409,32.1075411559252,5.71,10.5099406839464,10.2520917425364,4.90069630226846,8.14059316053591,7.38451141854469
1.76999915674131,318.15408602831,482.107046550397,363.012193727177,318.15408602831,482.107046550397,363.012193727177,0.730333158980129,2.41980176564741,2.74052839484432,26.0166579490065,38,34,26,38,32,6.27762624226658,10.51,10.29,5.54729308328645,8.09019823435259,7.54947160515568
1.77499915435922,370.726309897822,482,483.448437788809,370.726309897822,482,483.448437788809,0.779741801790398,2.31054605803915,2.67200491415148,26,38,35.9427167385292,26,38,33.9427167385292,6.28,11.2662272353659,8.94952545041486,5.5002581982096,8.95568117732675,6.27752053626339
1.77999915197713,367.02465376453,497.904581745075,491.969436798211,367.02465376453,497.904581745075,491.969436798211,0.929075483830139,2.26029818204664,2.83896085113918,27.9876731177352,38,36,27.9876731177352,38,34,5.73338989262282,11.27,8.91,4.80431440879268,9.00970181795336,6.07103914886082
1.78499914959505,319.343820067495,541.69362281359,373.732348235718,319.343820067495,541.69362281359,373.732348235718,1.01935533737345,2.55791106463812,3.0144932567014,28,38,34.0611860366511,28,38,32.0611860366511,5.73,11.2898607376425,9.83093663259072,4.71064466262655,8.73194967300443,6.81644337588932
1.78999914721296,310.071677674534,493.390167145859,346.195876897193,310.071677674534,493.390167145859,346.195876897193,0.881114986048312,2.86753159560783,2.93073453836447,26.0159283721187,38,34,26.0159283721187,38,32,6.28554005580675,11.29,9.86,5.40442506975844,8.42246840439217,6.92926546163553
1.79499914483087,380.363692905475,464.259900080866,428.233725497223,380.363692905475,464.259900080866,428.233725497223,0.671882035068312,2.86008962071754,2.9106508881183,26,38,35.9349111881699,26,38,35.8698223763399,6.29,11.3197311378474,8.97961540938268,5.61811796493169,8.45964151712984,6.06896452126438
1.79999914244879,397.830653672199,474.890422964364,430.010210434408,397.830653672199,474.890422964364,430.010210434408,0.749203076104464,2.86,3.0782642261507,27.9800769026116,38,36,27.9800769026116,38,36,5.75537923629487,11.32,8.95,5.0061761601904,8.46,5.8717357738493
1.8049991400667,339.646700512442,479.946183120202,344.070125621955,339.646700512442,479.946183120202,344.070125621955,0.92802701538577,3.27547938209694,3.13793025238969,28,38,34.0689915870102,28,38,34.0689915870102,5.75,11.3397847324808,10.3113609311578,4.82197298461423,8.06430535038387,7.1734306787681
1.80999913768461,301.454499097853,435.529231606884,330.134852645763,301.454499097853,435.529231606884,330.134852645763,0.910239210051501,3.44800068059622,3.08073555988598,26.0239210051501,38,34,26.0239210051501,38,34,6.30330211855796,11.34,10.36,5.39306290850646,7.89199931940378,7.27926444011402
1.81499913530253,351.339041044715,415.255203586314,435.047746386128,351.339041044715,415.255203586314,435.047746386128,0.929740800409692,3.44012760179316,3.21492371095466,26,38,35.9274815850666,26,38,35.9274815850666,6.31,11.3597447964137,9.48299587879471,5.38025919959031,7.91961719462053,6.26807216784005
1.81999913292044,350.027918912912,427.821124468669,425.197448108509,350.027918912912,427.821124468669,425.197448108509,1.01874364891898,3.52876163093694,3.3185896563678,27.9720810870884,38,36,29.9441621741767,38,36,5.7676777010507,11.36,9.45,4.74893405213172,7.83123836906306,6.13141034363221
1.82499913053835,308.628275202644,423.073795665982,355.750653645159,308.628275202644,423.073795665982,355.750653645159,1.14805533865848,3.80586744270501,3.40656168294355,28,38,32.1528140913977,30,36.0295182663928,32.1528140913977,5.76,11.3797048173361,10.3540886885215,4.61194466134152,7.57383737463107,6.94752700557799
1.82999912815627,292.255334565386,394.45699969397,359.886933666568,292.255334565386,394.45699969397,359.886933666568,0.963032097963955,4.02653310576988,3.30177675666821,26.0319168206732,38,32,26.0638336413464,36,32,6.58659493531725,11.38,10.39,5.6235628373533,7.35346689423012,7.08822324333179
1.83499912577418,379.508232194624,376.301645567393,455.970254906044,379.508232194624,376.301645567393,455.970254906044,0.940335228720309,4.07916209564613,3.40111544102336,26,38,36,26,37.9664838258452,36,6.6,11.0358653304771,8.55,5.65966477127969,6.95670323483096,5.14888455897663
1.83999912339209,381,385.822424359824,452.069340049079,381,385.822424359824,452.069340049079,1.05786909231788,4.33538303335542,3.54739974815956,29.9289697439294,38,36,27.9644848719647,38,36,5.79456120249447,11.03,8.55,4.73669211017659,6.69461696664458,5.00260025184044
1.84499912101,306.425535112813,347.731524597366,319.05484885899,306.425535112813,347.731524597366,319.05484885899,1.28568588057964,4.5460610213988,3.6189578716792,30,36.0375140819162,32,28,34.0750281638324,30,5.78,11.4126847540263,10.43,4.49431411942036,6.86662373262754,6.8110421283208
1.84999911862792,269.711234644342,341.173480640367,328.807136001403,269.711234644342,341.173480640367,328.807136001403,1.20177808661086,4.73951810933231,3.43366441597335,26.0790260715936,36.0096378133537,32,24.0790260715936,34.0096378133537,30,6.60340452496535,11.4146992026554,10.43,5.40162643835449,6.67518109332313,6.99633558402665
1.85499911624583,351.256496433536,377.126041181299,496.00745708829,351.256496433536,377.126041181299,496.00745708829,1.25875464030967,4.64053472016308,3.36029828353158,26,38,34,24,36,34,6.62,10.32,8.12,5.36124535969033,5.67946527983691,4.75970171646842
1.85999911386374,352.021755471779,409.780043681899,497.957914516772,352.021755471779,409.780043681899,497.957914516772,1.42630156979752,4.78053579103127,3.43831658067089,27.9564890564415,37.9887201888153,34,27.9129781128829,35.9887201888153,34,5.5439310189572,10.3221713636531,8.12,4.11762944915968,5.54163557262178,4.68168341932911
1.86499911148166,269.911415692446,331.992718096577,312.960902555782,269.911415692446,331.992718096577,312.960902555782,1.53749695564084,4.97010922855134,3.62978674121336,28,34,32,28,32,30,5.52,11.09,9.53,3.98250304435916,6.11989077144866,5.90021325878664
1.86999910909957,263.1187721283,328.058290922973,291.505870842489,263.1187721283,328.058290922973,291.505870842489,1.39356316384901,5.02989327014104,3.51275929550448,26.0475088513201,34,32,26.0475088513201,32.0016419978302,30,6.34004628244555,11.0887849216056,9.53,4.94648311859654,6.05889165146459,6.01724070449552
1.87499910671748,356.982800377629,398.987328060223,404.979145155285,356.982800377629,398.987328060223,404.979145155285,1.21003293544709,4.90002320214326,3.33003292870218,26,34,35.9992682510626,26,33.9996430439499,33.9992682510626,6.36,9.61026414747705,8.15025245338339,5.14996706455291,4.7102409453338,4.82021952468121
1.8799991043354,366.988220450346,434.957593621241,414.750544832065,366.988220450346,434.957593621241,414.750544832065,1.21998822045035,5.04982330675517,3.46650762764892,27.9976440900692,34,36,27.9976440900692,34,34,5.82063609568132,9.61,8.15,4.60064787523097,4.56017669324483,4.68349237235108
1.88499910195331,317.108871595293,326.237340077763,289.281211116718,317.108871595293,326.237340077763,289.281211116718,1.42954273929977,5.05997822568094,3.64959826983326,28,30.0087097276243,32.0089273370387,28,30.0087097276243,30.0089273370387,5.82,9.99915080155663,10.0158264699344,4.39045726070023,4.93917257587569,6.36622820010116
1.88999909957122,276.130253262694,342.94937903893,257.860700940275,276.130253262694,342.94937903893,257.860700940275,1.3502541527077,5.03008933110777,3.47484144278905,26.0063538176924,30,32,24.0127076353848,30,30,6.37822093104613,10,10.02,5.02796677833844,4.96991066889223,6.54515855721095
1.89499909718914,331.76612239595,398.777311207143,407.384407120066,331.76612239595,398.777311207143,407.384407120066,1.41970765299494,4.84075555126148,3.64926618067293,26,31.9920468288265,33.9918464519214,24,30,33.9836929038428,6.38,8.52588534666837,8.1875012642323,4.96029234700506,3.68512979540689,4.53823508355938
1.89999909480705,327.025879313635,438.800957498909,388.573064922755,327.025879313635,438.800957498909,388.573064922755,1.55927537921821,4.87980095749891,3.74713467538622,27.9896482745459,32,34,25.9896482745459,30,34,5.55429596606347,8.52,8.18,3.99502058684526,3.64019904250109,4.43286532461378
1.90499909242496,266.376695719711,336.615480565182,256.808478374884,266.376695719711,336.615480565182,256.808478374884,1.63950597282661,4.88994024460532,3.88914252293573,28,30.0119510789356,30.0244993446934,26,28.0119510789356,32.0122496723467,5.55,8.90766953960756,9.58136398099556,3.91049402717339,4.01772929500224,5.69222145805983
1.90999909004288,264.014349633216,350.895374753881,258.908186098816,264.014349633216,350.895374753881,258.908186098816,1.40172195598588,4.81055800131263,3.81244837069823,24.0286992664313,30,30,24.0143496332156,28,32,6.11591035453355,8.91,9.59,4.71418839854767,4.09944199868736,5.77755162930177
1.91499908766079,348.322032607362,407.545453879136,381.986457083363,348.322032607362,407.545453879136,381.986457083363,1.23135593478528,4.49255183787152,3.90918262668013,24,30,33.9673050672052,24,28,32,6.12,8.17590112507788,8.22127975181419,4.88864406521472,3.68334928720637,4.31209712513406
1.9199990852787,363.865390445667,455.569249426128,373.325560213173,363.865390445667,455.569249426128,373.325560213173,1.24982052059422,4.46026921910867,4.0551165968024,27.9641041188446,30,34,25.9820520594223,28,32,5.29744839533975,8.17,8.21,4.04762787474553,3.70973078089133,4.1548834031976
1.92499908289662,299.648274069897,409.46875201977,264.124489324557,299.648274069897,409.46875201977,264.124489324557,1.40840424844333,4.35109707919521,4.0896933210933,28,28.0199468944583,30.040890520893,26,28,30.0204452604465,5.29,8.18980053105542,9.14039072759015,3.88159575155667,3.83870345186021,5.05069740649685
1.92999908051453,272.296268952581,427.795269739422,274.58591109311,272.296268952581,427.795269739422,274.58591109311,1.35065837545018,4.20161629153088,3.96448596315797,24.0438916966786,28,30,24.0219458483393,28,30,6.12078274369749,8.19,9.15,4.77012436824732,3.98838370846912,5.18551403684203
1.93499907813244,345.114042317855,459.623276770874,372.785118802391,345.114042317855,459.623276770874,372.785118802391,1.3302394480222,3.81459131435498,4.08840470145769,24,28,31.9754569455029,24,28,31.9754569455029,6.13,7.82435586233677,7.78693470760303,4.7997605519778,4.0097645479818,3.69853000614534
1.93999907575036,347.974056243899,510.348624029614,364.36270825135,347.974056243899,510.348624029614,364.36270825135,1.35961084365849,3.55332074024118,4.2056475009838,27.9481124877984,28,32,25.9740562438992,28,32,5.31076665878183,7.82,7.77,3.95115581512334,4.26667925975882,3.5643524990162
1.94499907336827,294.754453169506,506.068857773956,272.312753788807,294.754453169506,506.068857773956,272.312753788807,1.43888229160073,3.34289202650616,4.11141156321377,28,28,28.0564625285508,26,26.0275431095825,28.0564625285508,5.3,7.82986228445209,8.70659014946918,3.86111770839927,4.48697025794593,4.59517858625541
1.94999907098618,286.11976665545,520.778434524029,305.624255022938,286.11976665545,520.778434524029,305.624255022938,1.2035929996635,3.19221565475971,3.90802517903286,24.0598833277251,28,28,24.0299416638625,26,28,6.12742450117773,7.83,8.72,4.92383150151423,4.63778434524029,4.81197482096714
1.9549990686041,382.434909730583,527.889606439297,412.27039537956,382.434909730583,527.889606439297,412.27039537956,1.06223584324202,2.76678131872892,3.97870683766696,24,29.9684589826562,29.967670941674,24,29.9369179653124,29.967670941674,6.14,7.47567738312188,6.89990437895153,5.07776415675798,4.70889606439297,2.92119754128457
1.95999906622201,397.765173283004,567.329200575502,409.049643764896,397.765173283004,567.329200575502,409.049643764896,0.991174133584981,2.2782172929501,4.0195545205148,27.9329066522868,30,29.9851506838265,25.9664533261434,30,29.970301367653,5.33375413628121,7.47,6.87697917860154,4.34258000269622,5.1917827070499,2.85742465808675
1.96499906383992,337.101706678264,573.893383224684,284.220368342008,337.101706678264,573.893383224684,284.220368342008,1.11768996986816,2.2307107785021,3.96104079766032,28,28.0355389251052,28.0346932553439,26,30,26.0693865106878,5.32,8.57992050731556,7.79369416998838,4.20231003013184,6.34920972881345,3.83265337232806
1.96999906145784,301.656912882257,543.581837124286,311.596586484134,301.656912882257,543.581837124286,311.596586484134,0.95319071971382,2.18093844697466,3.68923374213047,24.0750757579722,28,28.0109465409933,22.0750757579722,30,26.0218930819866,6.14423409082583,8.6,7.80244688671463,5.19104337111201,6.41906155302534,4.11321314458416
1.97499905907575,374.517368767492,594.115368195404,417.896516336433,374.517368767492,594.115368195404,417.896516336433,0.920593052493003,1.81846175739461,3.55270172213669,24,30,29.9614039694758,22,30,29.9228079389517,6.16,8.24,6.45663126106168,5.239406947507,6.42153824260539,2.90392953892498
1.97999905669366,376.979232106626,617.961924687987,428.65432562695,376.979232106626,617.961924687987,428.65432562695,0.92,1.50007615062403,3.46981415356288,27.9169284265046,30.0076150624027,29.9925661425151,25.9169284265046,30.0152301248053,29.9925661425151,5.07305236164497,8.2414468618565,6.43520370023946,4.15305236164497,6.74137071123248,2.96538954667658
1.98499905431158,301.676087514198,607.935414751993,337.958055202508,301.676087514198,607.935414751993,337.958055202508,0.949346978890572,1.51949455023299,3.42105271785081,28,32,28.0421087140324,26,34,28.0421087140324,5.05,8.62,7.8005239001773,4.10065302110943,7.10050544976701,4.37947118232649
1.98999905192949,288.273202167056,585.018085773206,341.229520349892,288.273202167056,585.018085773206,341.229520349892,0.774098032505835,1.33989148536076,3.08954095930022,24.0910673890186,32,28.003531082306,24.0455336945093,33.9963828453587,28.003531082306,6.1445011310748,8.62204369237231,7.82837570213922,5.37040309856897,7.28215220701155,4.73883474283901
1.9949990495474,380.74219920147,594.987054393918,468.009253201175,380.74219920147,594.987054393918,468.009253201175,0.525941581048763,1.27981390691257,2.83598149359765,24,32,29.9539885107873,24,32,29.9539885107873,6.17,9.75,6.93116528503784,5.64405841895124,8.47018609308743,4.09518379144019
1.99999904716532,400.996486885643,579.00304602496,480.9980486695,400.996486885643,579.00304602496,480.9980486695,0.529998048269802,1.05004378660881,2.7400175619745,27.9992193079208,32,30,25.9996096539604,32,30,5.34016199360644,9.75,6.91,4.81016394533664,8.69995621339119,4.1699824380255
2.00499904478323,330.084479598528,650.914330547959,399.096399104448,330.084479598528,650.914330547959,399.096399104448,0.669833420509944,1.18983342050992,2.81800342942433,28,35.9952405859977,28.0499142643916,26,35.9952405859977,26.0998285287833,5.34,9.4004164487252,7.82654029573593,4.67016657949006,8.21058302821528,5.0085368663116
2.00999904240114,299.067869243668,610.089762548084,369.062832842108,299.067869243668,610.089762548084,369.062832842108,0.67,1.30973728034707,2.58053856721807,24.0087573217636,36,28,26,36,26,6.17816096242964,9.4,7.85,5.50816096242964,8.09026271965293,5.26946143278193
2.01499904001906,362.795916327601,541.206282710856,447.820409897341,362.795916327601,541.206282710856,447.820409897341,0.660031888073812,1.27011958418021,2.33672712994648,24,36,31.8923659208563,26,36,31.8385488812845,6.18,10.9054856971972,6.50713375730457,5.51996811192619,9.635366113017,4.17040662735809
2.01999903763697,362.004188284322,529.047861809461,459.95911027647,362.004188284322,529.047861809461,459.95911027647,0.729706820097491,1.08075781198313,2.43955021304117,27.9832468627138,36,32,27.9916234313569,36,32,5.63230355637686,10.91,6.47,4.90259673627937,9.82924218801687,4.03044978695883
2.02499903525488,316.238637018055,636.461300205279,339.554442830964,316.238637018055,636.461300205279,339.554442830964,0.899118080585449,1.31880288934506,2.4788534055384,28,37.9900240778755,30.0573297230801,28,37.9900240778755,28.1146594461601,5.63,10.9299002407788,8.73321087261174,4.73088191941455,9.61109735143369,6.25435746707334
2.0299990328728,290.160868193264,591.27542214813,311.153425799725,290.160868193264,591.27542214813,311.153425799725,0.860247489528099,1.48898213553952,2.29116603607791,24.0247489528099,38,30,24.0247489528099,38,28,6.46480271990992,10.93,8.8,5.60455523038182,9.44101786446048,6.50883396392209
2.03499903049071,357.511303370289,544.32838500232,487.427842658301,357.511303370289,544.32838500232,487.427842658301,0.830215601454284,1.59923143935627,2.29,24,38,31.9387675017396,24,38,31.8775350034791,6.47,11.6846899446433,7.4622504237997,5.63978439854572,10.0854585052871,5.1722504237997
2.03999902810862,363.95207207269,524.15972783767,487.049115574086,363.95207207269,524.15972783767,487.049115574086,0.929201201211494,1.58015972783767,2.39909954780843,27.9680480484598,38,32,27.9680480484598,38,32,5.37878678667356,11.69,7.42,4.44958558546207,10.1098402721623,5.02090045219157
2.04499902572654,284.718869505905,564.631579378217,367.038386953236,284.718869505905,564.631579378217,367.038386953236,1.11829268492348,1.80793325017048,2.47739458906243,28,41.964056524704,30.0651352734393,28,39.982028262352,28.1302705468786,5.37,11.7098202826235,8.7840796322253,4.25170731507652,9.90188703245304,6.30668504316287
2.04999902334445,261.229662952575,520.449340559386,346.173992042661,261.229662952575,520.449340559386,346.173992042661,1.12990014654236,2.11690454281312,2.28204696520777,26.0199706915283,42,30,24.0399413830566,40,28,6.47881641274417,11.71,8.83,5.34891626620181,9.59309545718688,6.54795303479223
2.05499902096236,342.099244538219,467.571720422619,461.857717082833,342.099244538219,467.571720422619,461.857717082833,1.13,2.41676384666442,2.22207114145858,26,40.0215743555705,33.8619239027611,24,40,31.8619239027611,6.49,12.8475947455469,7.49763625354742,5.36,10.4308308988825,5.27556511208884
2.05999901858028,336.083890097515,433.400672981138,463.036851169193,336.083890097515,433.400672981138,463.036851169193,1.21892141303194,2.60776094510541,2.30889446492422,27.9760314007099,40,34,27.9520628014198,40,32,5.6699469687054,12.86,7.45,4.45102555567346,10.2522390548946,5.14110553507578
2.06499901619819,274.804994148294,487.296881298785,340.607870236023,274.804994148294,487.296881298785,340.607870236023,1.39766292021463,3.0739915310987,2.4545576335795,28,40,32.0725648856067,28,40,30.0725648856067,5.66,12.514474391735,9.25215183195777,4.26233707978537,9.4404828606363,6.79759419837827
2.0699990138161,253.293648324044,442.634038853007,307.409707010646,253.293648324044,442.634038853007,307.409707010646,1.29153815788785,3.40545146040234,2.35155406107487,26.0279665070518,40,32,24.0559330141036,40,30,6.48825406703825,12.51,9.32,5.1967159091504,9.10454853959766,6.96844593892513
2.07499901143402,328.846329754101,390.768712373853,441.648254488434,328.846329754101,390.768712373853,441.648254488434,1.38850172695338,3.5183738776707,2.34038226753654,26,40,33.9235464926919,24,40,31.9235464926919,6.5,12.5297043413947,8.43516861336172,5.11149827304662,9.01133046372397,6.09478634582518
2.07999900905193,321.143839866659,392.952652778379,441.097060349872,321.143839866659,392.952652778379,441.097060349872,1.53760266888902,3.75621222227035,2.49741172400342,26,40,34,27.9360711703738,40,32,5.69310541007337,12.53,8.4,4.15550274118435,8.77378777772965,5.90258827599658
2.08499900666984,254.141396173195,380.218164493916,351.78502176215,254.141396173195,380.218164493916,351.78502176215,1.72681080481019,4.13362288402399,2.6793328261584,26,38.0335637682948,32,28,40,30,5.68,12.5594965434756,9.35,3.95318919518981,8.42587365945159,6.6706671738416
2.08999900428776,229.426752666103,345.622347638068,323.503389049154,229.426752666103,345.622347638068,323.503389049154,1.60231157694139,4.45430996445195,2.59156224187669,24.0355627221753,38,32,24.0711254443506,40,30,6.23004243779092,12.56,9.35,4.62773086084953,8.10569003554805,6.75843775812331
2.09499900190567,291.798026366199,325.375616760563,401.912613518491,291.798026366199,325.375616760563,401.912613518491,1.78643164077465,4.59737068267606,2.72136541377357,24,39.9624383239437,34,24,40,34,6.24,12.2165732933099,8.43,4.45356835922535,7.61920261063379,5.70863458622643
2.09999899952358,277.316485039496,329.750654300444,386.30895409063,277.316485039496,329.750654300444,386.30895409063,1.87821977165284,5.01163033726633,2.9651725923339,27.9208787401261,39.9808195615726,34,25.9604393700631,39.9808195615726,34,5.43621985827415,12.2118700927467,8.43,3.55800008662131,7.20023975548034,5.4648274076661
2.1049989971415,224.122108763075,277.950656775338,296.018526566701,224.122108763075,277.950656775338,296.018526566701,2.02688303121368,5.35106277714657,3.11940714986557,28,36,30,26,36,30,5.42,12.6,9.84,3.39311696878632,7.24893722285343,6.72059285013443
2.10999899475941,215.174234150794,265.09506929469,300.894670137907,215.174234150794,265.09506929469,300.894670137907,1.84413806108137,5.63013980778631,2.96337055558696,24.0871170753972,36,30,22.0871170753972,36,30,6.23192320685508,12.5958896510825,9.84,4.38778514577371,6.9657498432962,6.87662944441304
2.11499899237732,311.744904166826,299.037730254499,432.994738222748,311.744904166826,299.037730254499,432.994738222748,1.91817770033683,5.68052103684785,3.02028062812012,24,36,32,22,36,32,6.25,11.13,8,4.33182229966317,5.44947896315215,4.97971937187988
2.11999898999524,313.02377822273,319.906727384125,430.069052080026,313.02377822273,319.906727384125,430.069052080026,1.8809511289092,5.97021524449817,3.17631722239861,25.9524435545399,35.9968111926197,32,23.9524435545399,35.9968111926197,32,5.17615604500305,11.1300159440369,8,3.29520491609385,5.15980069953873,4.82368277760139
2.12499898761315,243.014515993354,203.023666186123,285.030062685514,243.014515993354,203.023666186123,285.030062685514,2.00997304172663,6.23994538572433,3.35996268080419,26,32.0008091003803,30.0004146577312,24,32.0008091003803,28.0008293154625,5.15,11.1499959544981,8.93980511086632,3.14002695827337,4.91005056877377,5.57984243006213
2.12999898523106,225.021631536637,204.997596495929,282.074906242794,225.021631536637,204.997596495929,282.074906242794,1.79026438544779,6.44974763207253,3.29174781233187,22.0048070081416,32,30,22.0024035040708,32,28,5.70932701886018,11.15,8.94,3.91906263341239,4.70025236792747,5.64825218766813
2.13499898284898,302.82830413988,226.951572962526,372.794683443928,302.82830413988,226.951572962526,372.794683443928,1.92969182794337,6.50986792626144,3.37979693966982,22,32,33.9909750964364,22,30.0044024579521,31.9909750964364,5.71,9.67325781888459,7.56311359172944,3.78030817205663,3.16338989262315,4.18331665205962
2.13999898046689,295.02560564733,270.86793376161,366.188440946318,295.02560564733,270.86793376161,366.188440946318,1.90009602117749,6.52993996989164,3.43838479188871,25.9871971763351,32,34,25.9871971763351,30,32,4.88265658591047,9.67,7.56,2.98256056473298,3.14006003010836,4.12161520811129
2.1449989780848,247.201608777114,215.224021428777,272.385510042676,247.201608777114,215.224021428777,272.385510042676,1.99957998171434,6.60967996938746,3.44995898829333,26,28.0160015306269,30.016404682667,26,28.0080007653134,28.016404682667,4.88,9.31144013775642,9.42233081085316,2.88042001828566,2.70176016836896,5.97237182255982
2.14999897570272,243.020798639189,255.79500575651,278.799264661403,243.020798639189,255.79500575651,278.799264661403,1.73140390814523,6.51049998595973,3.36258088292482,22.0207986391886,28,30,22.0207986391886,28,28,5.9941763810272,9.31,9.43,4.26277247288197,2.79950001404027,6.06741911707518
2.15499897332063,356.293298411928,284.826019240403,424.102212740524,356.293298411928,284.826019240403,424.102212740524,1.6107438964085,6.22173980759597,3.44944656949758,22,28,31.9877015443907,22,28,29.9877015443907,6,8.2165992701916,7.60131457916053,4.3892561035915,1.99485946259563,4.15186800966294
2.15999897093854,367.920815249544,352.524080683498,410.459417967988,367.920815249544,352.524080683498,410.459417967988,1.51071986136778,6.16041992880868,3.5275497708374,23.9856027726444,28,32,23.9856027726444,28,30,4.89799046118236,8.21,7.59,3.38727059981458,2.04958007119132,4.0624502291626
2.16499896855646,296.575991993446,309.351924778413,269.164133725848,296.575991993446,309.351924778413,269.164133725848,1.62904001334426,6.06079982904185,3.5498360375034,24,24.0319931616739,28.0327924993197,24,24.0319931616739,28.0163962496598,4.89,8.21992001709582,8.52229376265988,3.26095998665574,2.15912018805397,4.97245772515648
2.16999896617437,272.215946416611,345.667082607718,273.804524487268,272.215946416611,345.667082607718,273.804524487268,1.47143964277741,5.71314921857564,3.44358371773342,20.0359910694352,24,28,22.0179955347176,24,28,5.44496125027907,8.22,8.53,3.97352160750166,2.50685078142436,5.08641628226659
2.17499896379228,337.340181876257,406.390168097753,365.057273989389,337.340181876257,406.390168097753,365.057273989389,1.45019994488598,5.29419884260564,3.53897529781455,20,25.9800055114017,31.9590119125821,22,25.9800055114017,29.9795059562911,5.45,6.74489589400571,7.15424336037771,3.99980005511402,1.45069705140007,3.61526806256316
2.1799989614102,343.934019672562,466.352055278111,356.345306397121,343.934019672562,466.352055278111,356.345306397121,1.41043986884959,5.12183584337869,3.64620162963167,25.9340196725617,26,32,23.9780065575206,26,30,4.62912727862897,6.73,7.14,3.21868740977938,1.60816415662131,3.49379837036833
2.18499895902811,286.695779494443,381.02628662428,258.217295969105,286.695779494443,381.02628662428,258.217295969105,1.4989203421638,4.89271317153545,3.58086071432159,26,24.0235927959605,28.0491836755194,24,24.0235927959605,28.0245918377597,4.62,7.47115270151483,8.53266275437942,3.12107965783621,2.57843952997938,4.95180204005783
2.18999895664602,269.220926477046,411.590532002537,285.911178185851,269.220926477046,411.590532002537,285.911178185851,1.29272909177528,4.45563018496512,3.31016233693205,22.0519827004815,24,28,22.0259913502408,24,28,5.71557480061638,7.48,8.55,4.4228457088411,3.02436981503488,5.23983766306795
2.19499895426394,369.57249448979,524.427329887819,428.963836577273,369.57249448979,524.427329887819,428.963836577273,1.15195932128852,3.90758744352368,3.39858599762311,22,25.9724092962775,29.9717199524621,22,25.9724092962775,29.9717199524621,5.73,6.75020856037731,7.18951323280113,4.57804067871148,2.84262111685363,3.79092723517802
2.19999895188185,377.895037596992,588.067925785513,417.535337166789,377.895037596992,588.067925785513,417.535337166789,1.13029989258002,3.4763617763846,3.40961761630944,25.9400214839951,26,30,23.9700107419976,26,30,4.922295595781,6.74,7.17,3.79199570320097,3.2636382236154,3.76038238369056
2.20499894949976,311.087599204025,567.347474726321,305.829348049746,311.087599204025,567.347474726321,305.829348049746,1.24808070728702,3.07631772229675,3.41983811079206,26,24.0315886114838,28.0323778415884,24,22.0631772229675,26.0647556831769,4.91,7.47815427069359,8.09478241445344,3.66191929271299,4.40183654839683,4.67494430366138
2.20999894711768,278.537508440127,582.73129947708,308.680931309952,278.537508440127,582.73129947708,308.680931309952,1.07302348497572,2.8733587565365,3.25985197145436,22.0671885550159,24,28.0148028545642,20.0671885550159,22,26.0296057091283,5.72605837483419,7.49,8.0997120160779,4.65303488985848,4.6166412434635,4.83986004462354
2.21499894473559,359.523159451321,624.252683095849,398.401973020153,359.523159451321,624.252683095849,398.401973020153,1.04053379778868,2.37889662981132,3.24034739716953,22,25.9644134807547,29.9652602830468,20,25.9288269615095,29.9305205660936,5.74,6.39975051818113,6.74414410328247,4.69946620221132,4.02085388836981,3.50379670611294
2.2199989423535,362.962414526874,644.624145268737,399.509496427722,362.962414526874,644.624145268737,399.509496427722,0.922255128387576,1.82052393247536,3.23983649880924,25.9248290537475,26,29.989099920616,23.9248290537475,26,29.9781998412321,4.66067201021945,6.38,6.7276845559657,3.73841688183187,4.55947606752464,3.48784805715646
2.22499893997142,296.345870518236,587.846937245701,311.738912146003,296.345870518236,587.846937245701,311.738912146003,0.988614545054757,1.68856503667845,3.210579637382,26,30,28.0386424921334,24,28,26.0772849842668,4.64,7.5,8.10275704304595,3.65138545494524,5.81143496332155,4.89217740566395
2.22999893758933,271.499000570651,556.204321643092,320.517117711299,271.499000570651,556.204321643092,320.517117711299,0.774574171897635,1.38924325317373,2.82974144114435,24.0415833808876,30,28.0073873958757,22.0415833808876,28,26.0073873958757,5.72692122360739,7.50427561956842,8.12486575986639,4.95234705170976,6.11503236639469,5.29512431872203
2.23499893520724,367.842674428955,609.966588913706,457.049137705083,367.842674428955,609.966588913706,457.049137705083,0.633050763433801,1.1893039357022,2.76147543114746,24,30,29.9578448243583,22,28,27.9578448243583,5.75,8.63,6.76929784707096,5.1169492365662,7.4406960642978,4.0078224159235
2.23999893282515,376.840465489727,598.124934617542,451.776984275411,376.840465489727,598.124934617542,451.776984275411,0.659316280670259,0.940053543407518,2.82993030758607,25.9544187113506,30.0035695605012,29.9965153793033,25.9088374227011,28.0071391210024,27.9965153793033,5.21253485437859,8.63001784780251,6.74163777172745,4.55321857370833,7.68996430439499,3.91170746414139
2.24499893044307,325.260876427047,667.970943777527,326.947708852609,325.260876427047,667.970943777527,326.947708852609,0.757620987873496,0.97,2.79092115901644,26,32,28.046057950822,26,32,26.046057950822,5.2,8.64,7.65835276311365,4.4423790121265,7.67,4.86743160409721
2.24999892806098,300.005269671537,631.007924424312,319.001097623406,300.005269671537,631.007924424312,319.001097623406,0.670019761268263,0.97,2.68002414771494,24.0004391392947,32,28,24.0004391392947,32,26,6.03981556149621,8.64,7.68,5.36979580022795,7.67,4.99997585228506
2.25499892567889,371.912617158932,599.038836818258,403.826708418962,371.912617158932,599.038836818258,403.826708418962,0.640036409517112,0.880109228551351,2.56299764356005,24,32,29.9500392739991,24,32,29.9000785479983,6.04,9.77861643834956,6.7829819339604,5.39996359048289,8.89850720979821,4.21998429040035
2.25999892329681,372,592.015491892577,411.986389469761,372,592.015491892577,411.986389469761,0.610066393825327,0.610597544427988,2.60988657891467,25.9955737449782,32,30,25.9955737449782,32,30,5.49121722013099,9.78,6.76,4.88115082630566,9.16940245557201,4.15011342108533
2.26499892091472,338.109228551341,672.755914087209,339.9929495437,338.109228551341,672.755914087209,339.9929495437,0.649871495821951,0.560150670316538,2.58080795251772,26,35.987946374677,28.0538635011811,26,33.9939731873385,28.0538635011811,5.49,9.78996986593669,8.13202623166734,4.84012850417805,9.22981919562016,5.55121827914963
2.26999891853264,322.067393302265,643.120368435752,331.028793582863,322.067393302265,643.120368435752,331.028793582863,0.560379087325239,0.709398157821242,2.31111060962473,24.0084241627831,36,28,22.0168483255662,34,28,6.04764123442073,9.79,8.17,5.4872621470955,9.08060184217876,5.85888939037527
2.27499891615055,370.744633641725,581.310729004203,447.557428918632,370.744633641725,581.310729004203,447.557428918632,0.390885964916463,0.849298353861477,2.38770495261242,24,36,31.8852476306211,22,35.9899764837354,29.9426238153105,6.05,10.9242865957292,7.27639304495716,5.65911403508354,10.0749882418677,4.88868809234473
2.27999891376846,383.919256541458,535.27651681335,433.110905625164,383.919256541458,535.27651681335,433.110905625164,0.499316786120029,0.840060112350728,2.42975354305519,27.9751558589101,36,32,25.9751558589101,36,30,5.22515515927615,10.93,7.25,4.72583837315612,10.0899398876493,4.82024645694481
2.28499891138637,309.540788415959,594.579357279222,355.451158394787,309.540788415959,594.579357279222,355.451158394787,0.599278948778721,1.1081071077565,2.42030639479935,28,37.9859785759741,28.1225579197393,26,37.9859785759741,26.1225579197393,5.22,11.3172658223149,8.60710472809123,4.62072105122128,10.2091587145584,6.18679833329188
2.28999890900429,293.12818863537,550.360458502906,347.049261923873,293.12818863537,550.360458502906,347.049261923873,0.590080117897106,1.29847806409884,2.35057472244519,24.0320471588426,38,28,22.0320471588426,38,26,6.33102679552407,11.32,8.65,5.74094667762696,10.0215219359012,6.29942527755481
2.2949989066222,377.234178399027,535.13514498841,458.252050234709,377.234178399027,535.13514498841,458.252050234709,0.619729710023186,1.53783768018545,2.29195545205146,24,39.9819806682121,29.9348182649515,22,38,29.8696365299029,6.34,12.0830625572616,6.86996719624465,5.72027028997681,10.5452248770762,4.5780117441932
2.29999890424011,371.070063999839,495.400365713365,465.95896312932,371.070063999839,495.400365713365,465.95896312932,0.669499542858294,1.56969972571498,2.42856370952619,27.9599634286635,40,30,27.9399451429952,38,30,5.24111014854588,12.09,6.81,4.57161060568758,10.520300274285,4.38143629047381
2.30499890185803,288.913715441302,524.675670611671,323.112253756936,288.913715441302,524.675670611671,323.112253756936,0.897468017451815,2.07448640039841,2.49758204214199,28,41.9783780407781,28.0690845102289,28,39.9783780407781,28.0690845102289,5.23,12.4757837179517,8.16164084283979,4.33253198254818,10.4012973175533,5.6640588006978
2.30999889947594,255.396267191597,460.767539273489,308.123081146955,255.396267191597,460.767539273489,308.123081146955,0.860480323868602,2.44563093028937,2.25307702867386,24.0480323868602,42,28,24.0480323868602,40,28,6.61318866459893,12.48,8.21,5.75270834073033,10.0343690697106,5.95692297132614
2.31499889709385,359.62119719253,437.294578789482,429.425484554372,359.62119719253,437.294578789482,429.425484554372,0.820520302946215,2.70666997890151,2.17290445425119,24,40.0256155469114,31.8547772874404,24,40,29.9273886437202,6.63,13.2401380144391,7.32340122388871,5.80947969705378,10.5334680355376,5.15049676963752
2.31999889471177,363.957978848212,422.207108755943,429.070761097923,363.957978848212,422.207108755943,429.070761097923,0.958039012916577,2.92696240491283,2.2784432558457,27.9439717976165,40,32,25.9719858988082,40,30,5.54540775565546,13.25,7.29,4.58736874273889,10.3230375950872,5.0115567441543
2.32499889232968,271.410613588403,457.46695781589,337.633748523573,271.410613588403,457.46695781589,337.633748523573,1.13729882504348,3.45215243451172,2.35694000124331,28,40,28.1529999378347,26,38.0296134546728,28.0764999689173,5.53,12.9150342872944,8.64606752191328,4.39270117495652,9.46288185278265,6.28912752066998
2.32999888994759,249.336126094007,414.695472988183,317.275418982367,249.336126094007,414.695472988183,317.275418982367,1.07112042031336,3.88320333216094,2.20259217865757,24.0640240179061,40,28,24.0320120089531,38,28,6.34671501628448,12.91,8.7,5.27559459597112,9.02679666783906,6.49740782134243
2.33499888756551,322.739322024991,362.873895423309,439.977830564361,322.739322024991,362.873895423309,439.977830564361,1.12899145761999,4.02764720462955,2.20066508306918,24,40,32,24,39.9663886375651,32,6.36,12.5658819884261,7.32,5.23100854238001,8.53823478379656,5.11933491693082
2.33999888518342,315.160246423419,371.821948418424,437.052144421637,315.160246423419,371.821948418424,437.052144421637,1.22821948418424,4.32465845255271,2.2884356673509,27.9287793673695,40,32,27.9287793673695,40,32,5.55460022968925,12.56,7.32,4.32638074550502,8.23534154744729,5.0315643326491
2.34499888280133,252.20349664628,332.752185403925,313.891231514207,252.20349664628,332.752185403925,313.891231514207,1.39680321203332,4.66360642406664,2.49934738908524,28,40,28,28,38.0376092701963,28,5.54,12.9426661923117,9.18,4.14319678796668,8.27905976824509,6.68065261091476
2.34999888041925,230.415886352808,314.066798375516,294.38665722938,230.415886352808,314.066798375516,294.38665722938,1.31178237008346,5.05023856562684,2.38231994337628,24.0792164481538,39.9904573749263,28,24.0792164481538,38,28,6.63781939451693,12.9483300406121,9.18,5.32603702443346,7.89809147498526,6.79768005662372
2.35499887803716,326.9404446911,328.049033862752,439.970543339716,326.9404446911,328.049033862752,439.970543339716,1.30020803588979,5.10158417095047,2.43058913320569,24,38,32,24,38,32,6.66,12.6,7.34,5.35979196411021,7.49841582904953,4.90941086679431
2.35999887565507,331.934590802242,340.855837349878,432.168713625785,331.934590802242,340.855837349878,432.168713625785,1.48585741747534,5.52091487835654,2.5866257274843,27.9127877363229,37.9889105653752,32,25.9563938681614,37.9889105653752,32,5.57420140317041,12.5990296744703,7.34,4.08834398569507,7.07811479611379,4.7533742725157
2.36499887327299,238.189044114532,288.97163389255,293.00865347473,238.189044114532,288.97163389255,293.00865347473,1.69521146599946,5.85049640688037,2.63974039575809,28,34,28,26,34,30,5.55,12.25,9.21,3.85478853400054,6.39950359311963,6.57025960424191
2.3699988708909,213.547446455401,272.986852118823,297.884797045933,213.547446455401,272.986852118823,297.884797045933,1.592618222178,6.13005413833426,2.493456088622,24.0952080792001,34.0015468095502,28,24.0476040396001,34,30,6.37000630336797,12.2488630949806,9.21,4.77738808118997,6.11880895664635,6.716543911378
2.37499886850881,302.979140883501,256.003843226806,452.964083322989,302.979140883501,256.003843226806,452.964083322989,1.75996059944661,6.19998417494845,2.52999073118013,24,35.9995478556699,31.9990731180126,24,34,31.9995365590063,6.39,10.7803323260826,7.83031977428564,4.63003940055339,4.58034815113418,5.30032904310552
2.37999886612673,292.013481040159,276.974263468783,444.224927805625,292.013481040159,276.974263468783,444.224927805625,1.80993872254473,6.50962007977728,2.64700096259167,27.9950978035785,36,32,25.9975489017892,34,32,5.57100495026641,10.78,7.83,3.76106622772168,4.27037992022272,5.18299903740833
2.38499886374464,238.120151406468,170.238077786928,319.285077190265,238.120151406468,170.238077786928,319.285077190265,1.9496884963536,6.67962174557217,2.7896807135469,28,30.0133501562764,30.0045612350442,26,30.0089001041842,28.0091224700885,5.57,11.169132239842,9.22680713546903,3.6203115036464,4.48951049426987,6.43712642192213
2.38999886136255,228.032245029862,191.933443240642,300.511923953864,228.032245029862,191.933443240642,300.511923953864,1.81045143041807,6.79963696313077,2.77053886731986,24.0128980119448,30,30,22.0128980119448,30,28,6.40729141749158,11.17,9.23,4.59683998707351,4.37036303686923,6.45946113268014
2.39499885898047,311.645185686163,254.746476677212,403.570941001391,311.645185686163,254.746476677212,403.570941001391,1.8697465612044,6.76016096718907,2.84966995461645,24,30,31.9917488654114,22,30,31.9834977308227,6.41,9.32744473249458,7.85569328286616,4.5402534387956,2.56728376530551,5.0060233282497
2.39999885659838,305.036564198069,304.748817166635,393.315696785217,305.036564198069,304.748817166635,393.315696785217,1.93963435801931,6.68040189253338,3.03454705552806,25.9895530862661,30,32,23.9895530862661,30,32,5.30579803712232,9.32,7.85,3.36616367910301,2.63959810746662,4.81545294447194
2.40499885421629,229.472942969367,220.511966356664,289.642056421329,229.472942969367,220.511966356664,289.642056421329,2.14869318390043,6.77939768663922,3.04993826380564,26,26.0240925344312,30.0123472388717,24,26.0240925344312,30.0123472388717,5.3,9.32993976866392,9.25129519659544,3.15130681609957,2.5505420820247,6.2013569327898
2.40999885183421,205.173337857947,252.768253851917,313.233722616571,205.173337857947,252.768253851917,313.233722616571,2.0606500169673,6.61119384379315,2.74950183955452,22.0288896429911,26,30,22.0144448214956,26,30,5.85595544998124,9.33,9.26,3.79530543301394,2.71880615620685,6.51049816044548
2.41499884945212,270.470436418864,314.502630575715,454.832402662518,270.470436418864,314.502630575715,454.832402662518,2.28815455115665,6.24296817237073,2.87884884769544,22,26,31.9835549670777,22,27.9839558250231,31.9835549670777,5.86,7.85195291035781,8.34756471514425,3.57184544884335,1.60898473798708,5.46871586744881
2.41999884707003,254.153366595289,393.287296410112,429.880267039018,254.153366595289,393.287296410112,429.880267039018,2.27018043128858,6.0517140972415,3.01543565239028,23.9819568711424,26,32,23.9819568711424,28,32,5.0374878984759,7.84,8.34,2.76730746718732,1.7882859027585,5.32456434760972
2.42499884468795,206.481009985722,334.601262482153,323.099041242979,206.481009985722,334.601262482153,323.099041242979,2.43829642296723,5.95100210413692,3.16845928797713,24,24.0200420827384,28.0410856539432,24,24.0400841654768,28.0410856539432,5.03,8.2161920042797,9.2802421571885,2.59170357703277,2.26518990014278,6.11178286921137
2.42999884230586,189.187348811262,369.610376301145,304.621969669301,189.187348811262,369.610376301145,304.621969669301,2.17297553994357,5.51476206743045,3.15069107741033,20.0440820732381,24,28,20.0440820732381,24,28,5.58382850974666,8.22,9.29,3.41085296980309,2.70523793256955,6.13930892258966
2.43499883992377,263.098500356247,460.91254205538,382.026695469625,263.098500356247,460.91254205538,382.026695469625,2.36759600094999,5.0356736936241,3.19938398447445,20,25.9763596098996,31.9507187579557,20,24,29.9753593789779,5.59,7.12312041650574,7.46279257444548,3.22240399905001,2.08744672288163,4.26340858997104
2.43999883754169,247.221331027236,524.192360664585,381.072634591616,247.221331027236,524.192360664585,381.072634591616,2.32065097360952,4.81282032783796,3.36382605971261,23.9479221112385,26,32,21.9739610556193,24,30,4.49445161413131,7.11,7.44,2.17380064052179,2.29717967216204,4.07617394028739
2.4449988351596,183.897212744364,461.884425531598,249.883867248222,183.897212744364,461.884425531598,249.883867248222,2.42845791559562,4.42538946808318,3.42915013507599,24,24.0276382978624,30.0283288308003,22,24,28.0283288308003,4.48,7.48474872340614,8.82016981843977,2.05154208440438,3.05935925532296,5.39101968336378
2.44999883277751,172.165202686783,493.510985346245,267.23476800278,172.165202686783,493.510985346245,267.23476800278,2.13450552782136,4.09489014653755,3.12224371195551,20.0600737042848,24,30,20.0300368521424,24,28,5.30738452210019,7.49,8.84,3.17287899427884,3.39510985346245,5.71775628804449
2.45499883039543,269.41422760185,552.066731934094,418.519363198893,269.41422760185,552.066731934094,418.519363198893,2.27759731454826,3.49949086168718,3.22805440250894,20,24,31.9675733751489,20,24,29.9675733751489,5.32,7.12585269804043,7.94475411430724,3.04240268545174,3.62636183635325,4.7166997117983
2.45999882801334,264.117746584057,604.125485852872,407.372853299415,264.117746584057,604.125485852872,407.372853299415,2.20134567524637,2.84109960263663,3.25985243607045,21.9663581188408,24,31.9704872140901,21.9663581188408,24,29.9852436070451,4.50396138068105,7.12,7.93693550468882,2.30261570543468,4.27890039736337,4.67708306861837
2.46499882563125,224.712682267705,610.893097659844,324.478412588904,224.712682267705,610.893097659844,324.478412588904,2.25893097659844,2.59427609360623,3.24034786178562,22,25.9643658866148,28.0695723571249,22,24,28.0347861785624,4.49,7.12982182943307,8.85365049607565,2.23106902340156,4.53554573582684,5.61330263429003
2.46999882324917,224,580.583312542627,322.477559182088,224,580.583312542627,322.477559182088,1.88715028278052,2.55075266134532,3.20021707235549,18.0752661345318,26,28.0217072355495,18.0752661345318,24,28.0108536177747,5.02965090650188,7.13,8.86251100373544,3.14250062372136,4.57924733865467,5.66229393137994
2.47499882086708,314.176927027243,530.071391210028,408.297686035324,314.176927027243,530.071391210028,408.297686035324,1.88980183989427,2.11861976993946,3.23922622092515,18,26,31.9226220925147,18,26,29.9613110462574,5.04,7.51,7.51669537808243,3.15019816010573,5.39138023006054,4.27746915715728
2.47999881848499,319.916738049945,545.124077923025,404.577896279678,319.916738049945,545.124077923025,404.577896279678,1.69416309750276,1.82939841007018,3.38,21.9167380499449,26.0075198741227,31.9853181314671,21.9167380499449,26.0150397482454,29.9926590657335,3.9531051911403,7.51142877608332,7.49513865398653,2.25894209363754,5.68203036601313,4.11513865398653
2.48499881610291,263.265267938343,577.980676779152,292.426594141937,263.265267938343,577.980676779152,292.426594141937,1.75847295248821,1.66897862975519,3.38,22,28,28.0844032745022,22,30,28.0422016372511,3.93,7.89,8.86045885392424,2.17152704751179,6.22102137024481,5.48045885392424
2.48999881372082,247.34221662092,571.05635146178,302.238952056579,247.34221662092,571.05635146178,302.238952056579,1.4473006212463,1.2994364853822,3.15006876318175,20.0456288827894,28.0035219663612,28.0068763181749,18.0912577655788,30,28.0034381590875,5.01467597005189,7.89197230116228,8.88762767022965,3.56737534880558,6.59253581578008,5.7375589070479
2.49499881133873,357.309027228142,602.993146443839,437.795743336028,357.309027228142,602.993146443839,437.795743336028,1.23500092285036,0.979817238502375,3.18907791175138,20,30,31.9077911751375,18,30,29.9538955875687,5.04,9.01,7.54181204457757,3.80499907714964,8.03018276149763,4.35273413282619
2.49999880895665,376.995852573328,594.0021417363,431.002439163125,376.995852573328,594.0021417363,431.002439163125,1.02005123291771,0.740057112968011,3.32996585171626,21.9995120674503,30,32,19.9995120674503,30,30,4.21020249200811,9.01,7.51,3.19015125909039,8.26994288703199,4.18003414828374
2.50499880657456,322.06805962022,641.940602513254,309.125449225632,322.06805962022,641.940602513254,309.125449225632,1.0299876255236,0.93975251047189,3.3105000718761,22,31.9975251047189,28.1000143752202,20,31.9975251047189,26.1000143752202,4.21,9.39951739542019,8.87499496867293,3.1800123744764,8.4597648849483,5.56449489679682
2.50999880419247,298.053686189937,572.156584720674,309.990828746649,298.053686189937,572.156584720674,309.990828746649,0.770581600390982,1.09964209206703,3.16034392200066,18.0089476983228,32,28,18.0044738491614,32,26,4.76874732223481,9.4,8.91,3.99816572184383,8.30035790793297,5.74965607799934
2.51499880181039,360.796106704159,554.054669746816,433.576717362804,360.796106704159,554.054669746816,433.576717362804,0.580614916289045,1.09003037208156,3.08215639851162,18,33.9939255836871,29.9460900372095,18,33.9939255836871,31.8382701116285,4.77,10.1576917218011,7.11959716576725,4.18938508371096,9.06766134971954,4.03744076725563
2.5199987994283,373.944933579999,554.995963921738,439.987586703176,373.944933579999,554.995963921738,439.987586703176,0.37088953447694,0.880847576434977,3.09991724468784,23.9745847292303,34,30,21.9830564861535,34,32,3.93355813790776,10.16,7.07,3.56266860343082,9.27915242356502,3.97008275531216
2.52499879704621,325.256532414695,617.682760022255,298.191853179806,325.256532414695,617.682760022255,298.191853179806,0.379947646445981,1.04914395561561,3.14856443384253,24,35.9899288895954,28.0574226462987,22,35.9899288895954,28.1148452925974,3.93,10.9161729780463,8.88630982571071,3.55005235355402,9.86702902243064,5.73774539186818
2.52999879466413,300.155870808561,588.181050964284,293.006185815252,300.155870808561,588.181050964284,293.006185815252,0.201122269821641,1.05993964967857,2.97111344674527,20.0249393293698,36,28,20.0124696646849,36,28,5.31133358304399,10.92,8.94,5.11021131322235,9.86006035032143,5.96888655325473
2.53499879228204,405.233163216025,615.803033745677,441.308605256863,405.233163216025,615.803033745677,441.308605256863,-0.00848079505061617,1.03021103527249,2.86337289818134,20,37.9859309818341,31.8773491570422,20,36,29.9386745785211,5.32,11.6845834280061,7.59262116792784,5.32848079505062,10.6543723927336,4.7292482697465
2.53999878989995,416.911608493103,598.144611748422,444.016469424554,416.911608493103,598.144611748422,444.016469424554,-0.198473237608146,1.0597589804193,2.99884714028125,23.9678576338557,38,32,23.9678576338557,36,30,4.49666954097494,11.69,7.55,4.69514277858309,10.6302410195807,4.55115285971875
2.54499878751787,363.487807000049,623.765129962935,325.011534094464,363.487807000049,623.765129962935,325.011534094464,-0.110813011666748,1.41674795333294,3.0967385901671,24,38,28.1304563933159,24,37.9819330740719,28.0652281966579,4.49,12.076476949444,8.91401412135615,4.60081301166675,10.6597289961111,5.81727553118905
2.54999878513578,335.280922317318,564.601976394252,304.174821358124,335.280922317318,564.601976394252,304.174821358124,-0.248595388413412,1.55859538841341,2.88226239404631,22.0200658798084,38,28,22.0200658798084,38,28,5.58886343670634,12.08,8.96,5.83745882511975,10.5214046115866,6.07773760595369
2.55499878275369,419.062244568215,557.075843470056,426.61018328828,419.062244568215,557.075843470056,426.61018328828,-0.259889675831555,1.73804973934142,2.81241958401433,22,38,31.8617380563238,22,39.9783304371269,31.8617380563238,5.6,12.4657744352397,7.62770037056829,5.85988967583156,10.7277246958983,4.81528078655396
2.55999878037161,418.02406378757,539.212977684534,426.061662531633,418.02406378757,539.212977684534,426.061662531633,-0.309398405310748,1.82893511157733,2.93839677417753,25.9518724248599,38,32,23.9759362124299,40,32,5.05661754158177,12.47,7.58,5.36601594689252,10.6410648884227,4.64160322582247
2.56499877798952,383.456097975388,545.91017900632,300.722758751942,383.456097975388,545.91017900632,300.722758751942,-0.142215333023311,2.16563726602126,3.14237092816994,26,41.9486737178972,30.072657826953,24,40,28.1453156539059,5.05,12.8648673717897,9.38206493179898,5.19221533302331,10.6992301057685,6.23969400362904
2.56999877560743,356.378832886974,498.663890278378,267.411121725257,356.378832886974,498.663890278378,267.411121725257,-0.218877532186745,2.41654223813345,3.01198472557021,22.0561233906628,42,30,22.0280616953314,40,28,5.87821408796082,12.87,9.45,6.09709162014757,10.4534577618666,6.43801527442979
2.57499877322535,417.068119874416,489.133474719657,405.488657002087,417.068119874416,489.133474719657,405.488657002087,-0.288947877277567,2.7451059269459,3.10617267847367,22,40.0296610488127,31.9234535694734,22,40,31.8469071389469,5.89,13.6285804962071,8.12281703706333,6.17894787727757,10.8834745692612,5.01664435858966
2.57999877084326,415.04808940464,454.554050047143,402.14602957417,415.04808940464,454.554050047143,402.14602957417,-0.280160298015466,2.90746719978449,3.26740391868142,27.9038211907203,40,32,25.9358807938136,40,32,5.07330473528368,13.64,8.07,5.35346503329915,10.7325328002155,4.80259608131858
2.58499876846117,350.110967538497,483.495115651376,295.051566067526,350.110967538497,483.495115651376,295.051566067526,-0.0735348967133991,3.4114169660734,3.37874768121722,28,40,30,26,38.0336589565749,30,5.06,13.2958903174006,9.47,5.1335348967134,9.88447335132721,6.09125231878278
2.58999876607909,309.713158209105,434.891447761381,301.878167067215,309.713158209105,434.891447761381,301.878167067215,-0.0896434208954477,3.90126381193847,3.2129587997962,24.0713158209105,40,30,24.0356579104552,38,30,6.42521775223362,13.29,9.47,6.51486117312906,9.38873618806153,6.2570412002038
2.594998763697,401.230127376214,364.336818683936,432.005415193485,401.230127376214,364.336818683936,432.005415193485,-0.040941421608397,4.04736401949646,3.2304332154788,24,41.9623431356638,32,24,39.9623431356638,30,6.45,12.9465899512588,8.56,6.4909414216084,8.89922593176238,5.3295667845212
2.59999876131491,397.118967454651,359.791109319458,432.980643907726,397.118967454651,359.791109319458,432.980643907726,0.0972240927248181,4.35251618319744,3.30845151261811,27.9206883635662,41.9905049690663,32,25.9603441817831,39.9905049690663,30,5.64625888546892,12.9436555869095,8.56,5.5490347927441,8.59113940371205,5.25154848738189
2.60499875893283,330.416262251317,315.861322574525,345.941458372305,330.416262251317,315.861322574525,345.941458372305,0.276251070511221,4.88134929386949,3.4,28,40,28,26,38,28,5.63,13.71,9.03,5.35374892948878,8.82865070613051,5.63
2.60999875655074,306.502017848751,279.115439586617,330.337798944446,306.502017848751,279.115439586617,330.337798944446,0.270218268629892,5.24030234177447,3.4,26.0436537259784,40,28,26,38,28,6.45166543508908,13.708021035658,9.03,6.18144716645919,8.46771869388352,5.63
2.61499875416865,373.424982544851,321.022738100393,374.989755215151,373.424982544851,321.022738100393,374.989755215151,0.230913053597188,5.35090952401572,3.46013659713131,26,40,32,26,38,32,6.47,12.99,7.65,6.23908694640281,7.63909047598428,4.18986340286869
2.61999875178657,375.97617418313,333.93703295277,369.138382929708,375.97617418313,333.93703295277,369.138382929708,0.425234836625996,5.87029234700499,3.53815489427057,27.95234836626,39.9955023537693,32,26,37.9970015691795,32,6.20643297055491,12.9900149921541,7.65,5.78119813392891,7.11972264514911,4.11184510572943
2.62499874940448,334.01075891272,250.020989015743,272.024842876423,334.01075891272,250.020989015743,272.024842876423,0.759915465685774,6.25990255099834,3.5899871943936,28,34.0014992154102,28.0010244485123,26,34.0009994769402,28.0010244485123,6.2,13.0099950026153,9.51952107032051,5.44008453431423,6.75009245161696,5.92953387592691
2.62999874702239,286.059968616418,236.017490846458,275.899939163171,286.059968616418,236.017490846458,275.899939163171,0.839900052305971,6.42978761115016,3.37550334602562,26.0024986923507,34,28,24.0024986923507,34,28,6.4796501830709,13.01,9.52,5.63975013076493,6.58021238884984,6.14449665397438
2.63499874464031,310.943779422108,257.950525891447,426.651943617844,310.943779422108,257.950525891447,426.651943617844,0.830022488231157,6.61957272360795,3.49970034881006,26,35.9955023537679,31.9907799633866,24,35.9955023537679,29.9953899816933,6.48,11.1741378345335,7.68424121684216,5.64997751176884,4.55456511092558,4.1845408680321
2.63999874225822,312.993503399887,271.957312473031,407.539331935951,312.993503399887,271.957312473031,407.539331935951,1.04928537398762,6.83932919600477,3.60703367435227,29.9870067997749,36,32,27.9870067997749,36,30,5.93178656503096,11.17,7.68,4.88250119104334,4.33067080399523,4.07296632564773
2.64499873987613,256.242123288807,143.522189006785,252.643244407876,256.242123288807,143.522189006785,252.643244407876,1.30889557798088,7.15870464742503,3.65979250180391,30,30.0242878607807,28.0165998556871,28,30.0242878607807,28.0082999278436,5.93,11.9269235376344,9.07419005050951,4.62110442201912,4.76821889020941,5.41439754870559
2.64999873749405,230.13642860236,147.974762731314,250.057445877103,230.13642860236,147.974762731314,250.057445877103,1.25031483523622,7.2694447800889,3.6017233763131,26.0209890157478,30,28,26.0104945078739,30,28,7.04412307559063,11.93,9.08,5.79380824035441,4.6605552199111,5.4782766236869
2.65499873511196,334.344093257868,232.486010892387,369.256238671949,334.344093257868,232.486010892387,369.256238671949,1.51831338266309,7.48866967525089,3.67950415911463,26,30,29.9876039778658,26,30,29.9876039778658,7.05,9.7234241861047,7.70855325527258,5.53168661733691,2.23475451085382,4.02904909615795
2.65999873272987,316.137677948538,263.781561363844,365.153371630709,316.137677948538,263.781561363844,365.153371630709,1.67884060674916,7.52971814369528,3.75754605390866,26,30,30,26,30,30,6.23594189041057,9.71,7.7,4.55710128366142,2.18028185630472,3.94245394609134
2.66499873034779,255.490897039381,150.917230839663,271.775209360683,255.490897039381,150.917230839663,271.775209360683,1.96766622718983,7.59943678808091,3.79967012367631,26,26.0321835382338,28.0164938161847,26,26.0321835382338,26.0329876323695,6.23,9.71991954115442,8.63224790639317,4.26233377281017,2.12048275307351,4.83257778271687
2.6699987279657,227.253270121968,195.583913371044,290.347485725374,227.253270121968,195.583913371044,290.347485725374,1.86099498976488,7.55045226807495,3.41305028549251,24.0180907229977,26,28,24.0180907229977,26,26,6.23990954638501,9.72,8.64,4.37891455662014,2.16954773192505,5.22694971450749
2.67499872558361,262.638385816189,248.467623562723,412.733615970607,262.638385816189,248.467623562723,412.733615970607,1.93919641292486,7.41140627738149,3.42969112584649,24,24.0200896768784,29.979408389766,24,24.0200896768784,27.979408389766,6.24,8.2449668092744,7.26431116911265,4.30080358707514,0.833560531892914,3.83462004326616
2.67999872320152,259.044177261518,304.392585788437,399.51865651982,259.044177261518,304.392585788437,399.51865651982,2.06856423900066,7.14292860423432,3.56515920581501,27.9558227384819,24,30,25.977911369241,24,28,5.69607437345874,8.23,7.25,3.62751013445807,1.08707139576568,3.68484079418499
2.68499872081944,207.626277200641,260.532979645409,267.641845384926,207.626277200641,260.532979645409,267.641845384926,2.267591241536,7.03130283913322,3.47123447021423,28,22.0236879842404,26.0493788085692,26,20.0473759684808,26.0246894042846,5.69,7.49876455416895,8.17839597998624,3.422408758464,0.467461715035726,4.70716150977201
2.68999871843735,183.313038462248,300.473417768511,272.745616281987,183.313038462248,300.473417768511,272.745616281987,2.09234778846686,6.66475208355246,3.39290724249158,24.0521730770414,22,26,24.0260865385207,20,26,6.5190436538213,7.49,8.19,4.42669586535444,0.825247916447541,4.79709275750842
2.69499871605526,277.651896364735,312.833884647986,359.751384981238,277.651896364735,312.833884647986,359.751384981238,2.40550632121578,6.13733676138064,3.43929055964843,24,22,29.9432447718744,24,21.9723141079976,29.9432447718744,6.53,6.39536567006134,6.82958055370332,4.12449367878422,0.258028908680699,3.39028999405489
2.69999871367318,259.300844462825,385.901660702333,358.114854491997,259.300844462825,385.901660702333,358.114854491997,2.41984957776859,5.98222636344122,3.39191424153328,24,22,30,25.9699155537175,22,30,5.71248504520726,6.38,6.81,3.29263546743867,0.397773636558782,3.41808575846672
2.70499871129109,219.641668003264,334.839620693743,271.428917956995,219.641668003264,334.839620693743,271.428917956995,2.54791457898939,5.68475256996458,3.39983762295943,24,22,28.0324754081135,26,20.0316837997639,26.0649508162271,5.7,6.74413849704368,8.64963549341385,3.15208542101061,1.05938592707909,5.24979787045442
2.709998708909,218.016844742405,373.326344927102,275.132664713619,218.016844742405,373.326344927102,275.132664713619,2.31404273817724,5.13926275725235,3.21007354965673,22.0336894848103,22,28.0147099313457,22.0673789696207,20,26.0147099313457,5.97528347212655,6.75,8.66977659771474,3.66124073394931,1.61073724274765,5.45970304805801
2.71499870652692,280.858185359193,469.269437185027,425.317886706781,280.858185359193,469.269437185027,425.317886706781,2.44750228047324,4.4915965549457,3.21982583679914,22,23.9643182924748,29.9651673598283,22,21.9643182924748,27.9651673598283,5.98,6.38660111589217,7.31420868491932,3.53249771952676,1.89500456094647,4.09438284812018
2.71999870414483,279.056520992109,532.813059165704,421.427220723229,279.056520992109,532.813059165704,421.427220723229,2.40094201653515,4.15621730913203,3.32945964219173,23.9623193385941,24,29.978385687669,22,22,27.978385687669,5.17544907117641,6.38,7.29507936339778,2.77450705464126,2.22378269086797,3.96561972120605
2.72499870176274,245.674553459877,513.047356169319,318.05297701365,245.674553459877,513.047356169319,318.05297701365,2.40980160192357,3.77796368471929,3.23193677076759,24,22,26.0774708307038,22,20,24.0774708307038,5.16,7.13,8.21179435478462,2.75019839807643,3.35203631528071,4.97985758401702
2.72999869938066,253.812446438745,523.295155059311,337.350134687539,253.812446438745,523.295155059311,337.350134687539,2.14562660683764,3.3479451230048,3.06956233164058,20.0833571383354,22,26.0145889453141,20.0416785691677,20.0074722799826,24.0145889453141,5.43416500031652,7.12719789500654,8.22325261279223,3.28853839347888,3.77925277200174,5.15369028115165
2.73499869699857,317.580480500928,602.117676511199,430.972091254705,317.580480500928,602.117676511199,430.972091254705,2.15956322476952,2.79802960260319,2.95253488593162,20,22,29.9155038022794,20,22,27.9155038022794,5.44,6.38,6.4190794914458,3.28043677523048,3.58197039739681,3.46654460551418
2.73999869461648,320.954323523071,644.970467836119,437.767668722741,320.954323523071,644.970467836119,437.767668722741,2.05251220623111,2.07966993463898,2.92005087546217,21.9543235230706,22.0069487444425,29.9966083025218,21.9543235230706,22.0034743722212,27.9966083025218,4.62895573792569,6.38066013072204,6.38317123714215,2.57644353169457,4.30099019608306,3.46312036167997
2.7449986922344,270.239561201061,627.977868724896,304.161334871774,270.239561201061,627.977868724896,304.161334871774,2.09880811422975,1.88982294979917,2.94930773688939,22,26,28.0461508740405,22,24,26.0461508740405,4.61,6.76,8.20684893277214,2.51119188577025,4.87017705020083,5.25754119588275
2.74999868985231,254.004025443534,598.007853033101,287.003756311212,254.004025443534,598.007853033101,287.003756311212,1.82007514161264,1.65006282426481,2.75005366158874,20.0005367258046,26,28,20.0005367258046,24,26,5.15985240040374,6.76,8.25,3.33977725879109,5.10993717573519,5.49994633841126
2.75499868747022,321.914235359696,587.013873691816,433.245976308549,321.914235359696,587.013873691816,433.245976308549,1.73011351202393,1.2804666605429,2.65250268246097,20,27.9974775105789,29.9499463507807,20,25.9974775105789,29.8998927015613,5.16,7.8785874059242,7.3530246786409,3.42988648797607,6.5981207453813,4.70052199617993
2.75999868508814,328.984174948445,582.011303608256,438.995365590062,328.984174948445,582.011303608256,438.995365590062,1.57036171546412,0.960723430928361,2.72981462360248,21.9954785566985,28,30,21.9954785566985,26,30,4.61124339690793,7.88,7.33,3.0408816814438,6.91927656907164,4.60018537639752
2.76499868270605,305.078244766191,651.785729301258,357.266169824788,305.078244766191,651.785729301258,357.266169824788,1.61983699007044,0.830397931297664,2.79811152514601,22,29.9938779800359,26.1079128487994,22,29.9877559600719,28.0539564243997,4.61,8.63767363241365,8.69223050292019,2.99016300992956,7.80727570111599,5.89411897777418
2.76999868032396,290.063895132974,620.129916010617,341.058270271297,290.063895132974,620.129916010617,341.058270271297,1.28144828968075,0.590974370079627,2.66058270271297,20.0085193510632,30,26,20.0085193510632,30,28,5.15765717845762,8.64,8.73,3.87620888877687,8.04902562992037,6.06941729728703
2.77499867794188,362.616081869549,646.863397488648,452.695526295293,362.616081869549,646.863397488648,452.695526295293,1.10094664744495,0.619848219431832,2.59201141877678,20,31.9898812954554,31.8275926762762,20,30,29.9425308920921,5.16,9.76428293193232,7.38965368445648,4.05905335255505,9.14443471250049,4.79764226567971
2.77999867555979,377.906120558813,606.248411997724,455.006210206883,377.906120558813,606.248411997724,455.006210206883,0.990688449235368,0.441090589258302,2.67944108138056,23.9749654823502,32,32,23.9749654823502,30,30,4.61344224617684,9.77,7.35,3.62275379694147,9.3289094107417,4.67055891861944
2.7849986731777,336.304840466816,658.625909773894,338.682312985289,336.304840466816,658.625909773894,338.682312985289,1.11905644617414,0.529364752446235,2.83509024935295,24,33.9858833876941,28.1227437661763,24,31.9858833876941,28.0613718830881,4.61,10.1473178436619,9.16261728931258,3.49094355382586,9.61795309121565,6.32752703995963
2.78999867079562,301.282078767662,613.370658022302,306.239514013334,301.282078767662,613.370658022302,306.239514013334,0.921611878672352,0.718469021212229,2.71107368350805,20.032237573447,34,28,20.032237573447,32,28,5.71105407336845,10.15,9.22,4.7894421946961,9.43153097878777,6.50892631649195
2.79499866841353,400.094273996614,579.307946841157,440.463411250431,400.094273996614,579.307946841157,440.463411250431,0.880362290401354,0.848822556195575,2.63261098633069,20,34,31.8694506834656,20,33.9818854799319,29.9347253417328,5.72,10.9031164823741,7.88503951420436,4.83963770959865,10.0542939261786,5.25242852787367
2.79999866603144,401.989943263026,541.382156005019,443.020616001865,401.989943263026,541.382156005019,443.020616001865,0.761206808436902,0.85,2.76855687986943,23.9597730521032,34,32,21.9798865260516,34,30,4.63106241067161,10.91,7.84,3.8698556022347,10.06,5.07144312013057
2.80499866364936,338.707597690529,568.69595966866,331.012291139946,338.707597690529,568.69595966866,331.012291139946,0.76,1.09728535418446,2.78930822566553,24,37.9565656669514,28.1383548668947,22,35.9782828334757,28.0691774334473,4.62,11.2957651525278,9.19157579658686,3.86,10.1984797983433,6.40226757092133
2.80999866126727,330.09644552684,521.569082751449,324.037070693874,330.09644552684,521.569082751449,324.037070693874,0.483375593439405,1.37668035061655,2.5529656555099,22.02411138171,38,28,20.02411138171,36,28,5.43999377659034,11.3,9.24,4.95661818315093,9.92331964938345,6.6870343444901
2.81499865888518,416.851145234009,486.449937865849,448.310572803116,416.851145234009,486.449937865849,448.310572803116,0.213524895304744,1.60704326545299,2.54036352148813,22,38,31.8545914047478,20,37.9742892648086,31.8545914047478,5.45,12.4253448809409,7.91016596536202,5.23647510469526,10.8183016154879,5.36980244387389
2.8199986565031,428.845398907907,442.609613159597,445.113608022777,428.845398907907,442.609613159597,445.113608022777,0.131124371578861,1.84667483731129,2.65829587965835,25.9437814210569,38,32,23.9437814210569,38,32,4.90773005460467,12.44,7.86,4.77660568302581,10.5933251626887,5.20170412034165
2.82499865412101,378.76776020549,476.480098748325,316.131723773111,378.76776020549,476.480098748325,316.131723773111,0.297440799315035,2.48049323425508,2.78502146201116,26,39.9702913570471,28.153185784272,24,38,30.076592892136,4.9,12.8340582714094,9.65838564585286,4.60255920068496,10.3535650371543,6.8733641838417
2.82999865173892,335.690304740514,404.173181082854,290.34124789732,335.690304740514,404.173181082854,290.34124789732,0.240963215916996,2.95254871474404,2.77032499799745,24.0321071972332,40,28,22.0321071972332,38,30,5.99218050553558,12.84,9.73,5.75121728961858,9.88745128525597,6.95967500200255
2.83499864935684,409.718895107834,386.286505681077,424.963283248647,409.718895107834,386.286505681077,424.963283248647,0.200674265732719,3.19595521391421,2.77095463553517,24,38.0337065507149,32,22,38,32,6.01,13.2234272226106,8.35,5.80932573426728,10.0274720086964,5.57904536446483
2.83999864697475,365.82122660569,381.089263761488,420.087139677441,365.82122660569,381.089263761488,420.087139677441,0.278571779816192,3.42589386697155,2.89773436838654,25.9642944954048,38,32,25.9285889908096,38,32,5.46981901376368,13.23,8.35,5.19124723394749,9.80410613302845,5.45226563161346
2.84499864459266,359.113113375428,387.868034395333,311.935296447835,359.113113375428,387.868034395333,311.935296447835,0.319245910830483,3.87151649684285,3.0588137682103,26,36.0377044584762,30,26,36.0377044584762,28,5.46,12.8865982802333,9.75,5.14075408916952,9.01508178339048,6.6911862317897
2.84999864221058,437.411863505719,340.711853177796,300.23255187694,437.411863505719,340.711853177796,300.23255187694,0.182779238864992,4.29103921804729,2.84426345107723,26,36.0094474367936,30,22.0794068247141,36,28,6.28332456681004,12.8765989227543,9.75,6.10054532794505,8.58555970470702,6.90573654892277
2.85499863982849,457.603827520742,279.988827275631,425.949101307033,457.603827520742,279.988827275631,425.949101307033,-0.0843701805579108,4.51189936314271,2.88069076797598,26,38,32,22,36,30,6.3,12.16,8.37,6.38437018055791,7.64810063685729,5.48930923202402
2.8599986374464,394.420292903846,276.762945487096,412.295899307655,394.420292903846,276.762945487096,412.295899307655,0.0469409075917153,5.02122614403226,3.06598422368183,27.9562986798816,37.9945504709677,32,25.9125973597633,36,30,5.76201786303255,12.1610626581613,8.37,5.71507695544083,7.13983651412903,5.30401577631817
2.86499863506432,347.073956438985,189.965494248487,274.967999566601,347.073956438985,189.965494248487,274.967999566601,0.294287465750081,5.47056934489996,3.2,28,36,30,26,36,28,5.75,12.55,9.31,5.45571253424992,7.07943065510004,6.11
2.86999863268223,400.66442161936,170.022500129689,256.438653996029,400.66442161936,170.022500129689,256.438653996029,0.3390460154424,5.80027580804135,3.2,24.09539845576,35.9985483787297,30,24.04769922788,35.9985483787297,28,6.56996632429039,12.5497459662777,9.31,6.23092030884799,6.74947015823636,6.11
2.87499863030014,403.999438877568,200.991516344544,333.978120706775,403.999438877568,200.991516344544,333.978120706775,0.260022444897282,6.17989600680409,3.32996353451129,24,34.00054733261,31.9994389924814,24,34.00054733261,31.9988779849628,6.59,12.2000957832068,8.40025525842096,6.32997755510272,6.02019977640267,5.07029172390967
2.87999862791806,334.089120027175,199.002546286491,321.325499720156,334.089120027175,199.002546286491,321.325499720156,0.389834491378104,6.4696307884588,3.46649461839832,29.9923611405279,34,32,27.9949074270186,34,32,5.76105670889364,12.2,8.4,5.37122221751554,5.7303692115412,4.93350538160168
2.88499862553597,332.004545240371,173.059088124839,253.158399253357,332.004545240371,173.059088124839,253.158399253357,0.489772737981423,6.85911367812741,3.63960400186661,30,30.0090904807445,30.0046588015693,28,30.0090904807445,28.0093176031387,5.76,11.4716590127359,9.79673883890147,5.27022726201858,4.61254533460846,6.15713483703486
2.88999862315388,457.58771576209,172.003072910895,253,457.58771576209,172.003072910895,253,0.300621698453992,7.1491088558405,3.48431837241635,28.0065441942525,30,30,26.0065441942525,30,28,7.15541906402322,11.47,9.8,6.85479736556923,4.3208911441595,6.31568162758365
2.8949986207718,464.970098981534,133.158799180804,380.465681849696,464.970098981534,133.158799180804,380.465681849696,0.160598020369324,7.33922636296531,3.65924861510114,28,30,30,26,28.0081435477335,29.9916512789015,7.16,9.99602622532282,8.42576061755796,6.99940197963068,2.65679986235751,4.76651200245683
2.89999861838971,391.390057774513,162.847862475782,367.402446370988,391.390057774513,162.847862475782,367.402446370988,0.398734947758337,7.40964501244349,3.82511315120943,29.9894578979861,30,30,27.9894578979861,28,30,6.61289907805381,9.99,8.42,6.21416413029547,2.58035498755651,4.59488684879057
2.90499861600762,340.319796925319,109.32781929838,259.672019491418,340.319796925319,109.32781929838,259.672019491418,0.727930725777348,7.56902868356036,3.87968887986508,30,26.0242829109911,28.0124448053966,28,26.0121414554956,26.0248896107933,6.61,9.6321854619892,8.89701324670481,5.88206927422265,2.06315677842885,5.01732436683972
2.90999861362554,380.701929799602,143.752542835922,274.508839088858,380.701929799602,143.752542835922,274.508839088858,0.73,7.6196464897656,3.85092092670839,26.029080019551,26,28,26.0145400097755,26,26,7.17585609721398,9.63,8.9,6.44585609721398,2.0103535102344,5.04907907329161
2.91499861124345,376.040356471373,163.83860636743,329.545078515197,376.040356471373,163.83860636743,329.545078515197,0.779596435286272,7.56048418089771,3.99875930504145,26,26,29.9834574005526,26,24.016139363257,27.9834574005526,7.18,8.51903804342395,7.53141439361869,6.40040356471373,0.958553862526236,3.53265508857724
2.91999860886136,305.643910258388,226.428643010151,317.424436278967,305.643910258388,226.428643010151,317.424436278967,0.968276859871918,7.34199521488519,4.10640861610105,29.9637233657246,26,30,29.9637233657246,24,28,6.35752740161215,8.51,7.52,5.38925054174023,1.16800478511481,3.41359138389895
2.92499860647928,283.221509981202,214.130892261619,215.062980265069,283.221509981202,214.130892261619,215.062980265069,1.18778490018798,7.27070480448564,4.11,30,20.0604118130551,28.0206403934965,30,20.0402745420367,26.0206403934965,6.35,8.15362470878331,8.44040221702413,5.16221509981202,0.882919904297664,4.33040221702413
2.92999860409719,364.09241477914,257.521698696303,228.48099501811,364.09241477914,257.521698696303,228.48099501811,1.22955727550202,7.06228280167674,4.0134600332126,28.022136224899,20,28,26.044272449798,20,26,7.45760371405655,8.15,8.45,6.22804643855453,1.08771719832326,4.4365399667874
2.9349986017151,368.95172964244,287.643966324294,318.874412466609,368.95172964244,287.643966324294,318.874412466609,1.1707240553634,6.5264086061627,4.03962892718679,28,21.9762644216196,28,26,20,27.9752618124529,7.47,6.30219276578565,7.54137956627164,6.2992759446366,-0.22421584037705,3.50175063908485
2.93999859933302,289.058432372758,365.983485975676,318.072727532963,289.058432372758,365.983485975676,318.072727532963,1.38712524540733,6.27321681653267,4.19418179736299,29.9738658673393,22,28,29.9477317346786,20,28,6.66071499439088,6.28,7.53,5.27358974898355,0.00678318346732881,3.33581820263701
2.94499859695093,257.436062841393,276.275740362558,255.895431515751,257.436062841393,276.275740362558,255.895431515751,1.6562020333169,6.06291201604497,4.08170558383953,30,18.0554669722851,24.0568527946508,30,20,24.0568527946508,6.65,6.65473063763291,8.0031776646419,4.9937979666831,0.591818621587945,3.92147208080238
2.94999859456884,328.900180524578,310.464816079588,286.73583397148,328.900180524578,310.464816079588,286.73583397148,1.67969867959577,5.59698712340538,3.90689545106465,28.0301320404225,18,24,28.0301320404225,20,24,7.47734454302254,6.66,8.01,5.79764586342677,1.06301287659462,4.10310454893535
2.95499859218676,325.080327485758,398.587952971278,358.829129110465,325.080327485758,398.587952971278,358.829129110465,1.74887541519939,5.05856747635405,3.89016262095688,28,19.9682686060961,25.967475808624,28,20,25.967475808624,7.49,5.92189927271395,6.19008487702278,5.74112458480061,0.863331796359907,2.2999222560659
2.95999858980467,274.860295755769,464.886898523099,358.04687446713,274.860295755769,464.886898523099,358.04687446713,1.97612023482692,4.62725202477375,3.90970673060527,31.9325258230769,20,25.9853365302635,29.9662629115385,20,25.9706730605271,6.95910901388462,5.91,6.16681851342745,4.98298877905769,1.28274797522625,2.25711178282218
2.96499858742258,254.357293016652,443.41088696915,231.26714161576,254.357293016652,443.41088696915,231.26714161576,2.19606977681683,4.23696721382471,3.87069758203562,32,20,24.0348791017809,30,18.0357293016652,22.0697582035618,6.95,6.27339007919194,7.07378121767187,4.75393022318317,2.03642286536723,3.20308363563626
2.9699985850405,340.339956755983,466.547260933446,246.527274033256,340.339956755983,466.547260933446,246.527274033256,2.17056592383319,3.76886614005335,3.67010760694556,26.1131847666375,20,24.0107606945563,26.0754565110917,18,22.0107606945563,7.77415413267075,6.28,7.08252131728341,5.60358820883756,2.51113385994665,3.41241371033784
2.97499858265841,350.821227557578,511.122507316407,342.099688028896,350.821227557578,511.122507316407,342.099688028896,2.12099318023568,3.19740849907601,3.68961218123039,26,22,25.9612181230387,26,22,23.9612181230387,7.79,5.91,5.7269534044881,5.66900681976432,2.71259150092399,2.03734122325771
2.97999858027632,249.169760492,536.922040798653,337.648471464181,249.169760492,536.922040798653,337.648471464181,2.25707916856846,2.64940602513259,3.66978255966857,29.9165476733846,22,25.9927519889522,29.9165476733846,21.9925753141574,24,6.44858242186576,5.91415782407185,5.70340656519247,4.1915032532973,3.26475179893926,2.03362400552391
2.98499857789424,228.415388613289,515.872495298886,243.051286182774,228.415388613289,515.872495298886,243.051286182774,2.40672061621087,2.49,3.61126883681409,30,22,24.0422945604696,30,20,24,6.42,7.03,6.62012155657931,4.01327938378913,4.54,3.00885271976522
2.98999857551215,332.55376219779,469.051401671219,255.165589175515,332.55376219779,469.051401671219,255.165589175515,2.31228620355347,2.48938317994537,3.31991636910328,24.137172213208,22.0034267780813,24,26.0914481421387,20.0068535561626,24.003345235869,7.50462314055652,7.02936604605496,6.63923059575013,5.19233693700305,4.53998286610959,3.31931422664686
2.99499857313006,332.071584537425,499.009280857302,351.713231885338,332.071584537425,499.009280857302,351.713231885338,2.33928415462575,2.12973585252295,3.27115493339124,24,24,24,26,24,25.9538026643503,7.53,6.66,6.19062538719944,5.19071584537425,4.53026414747705,2.9194704538082
2.99999857074798,239.027226636268,511.99628765708,347.002048897024,239.027226636268,511.99628765708,347.002048897024,2.38998536202351,1.76010565899081,3.309988292017,29.9982434428214,24,24,27.9994144809405,24,26,6.16040108055577,6.66,6.18,3.77041571853226,4.89989434100919,2.870011707983
3.00499856836589,214.032126044511,497.019275626709,298.252502770719,214.032126044511,497.019275626709,298.252502770719,2.6197044403905,1.75001285041781,3.24175350387901,30,25.9974299164388,24,28,24,24.0501001108288,6.16,7.77856075320572,6.63822647395524,3.5402955596095,6.02854790278791,3.39647297007624
3.0099985659838,321.753271978158,475.050259411865,306.976584033997,321.753271978158,475.050259411865,306.976584033997,2.47034267780811,1.64025129705932,2.96065564704808,26.009138074883,26,24,24.009138074883,24,24,7.26746418421995,7.78,6.65,4.79712150641184,6.13974870294068,3.68934435295192
3.01499856360172,325.986864017355,532.821080915157,373.163901875695,325.986864017355,532.821080915157,373.163901875695,2.46003283995661,1.38080205106998,2.97945997113991,26,27.9938303763847,25.945997113991,24,25.9938303763847,25.945997113991,7.27,8.1588277715131,6.20242066378206,4.80996716004339,6.77802572044312,3.22296069264215
3.01999856121963,247.338394335526,533,367.033492470904,247.338394335526,533,367.033492470904,2.47991433054797,1.27044920396419,2.93020932794315,27.9914330547968,28,26,27.9828661095936,26,26,6.17471181986175,8.16,6.19,3.69479748931378,6.88955079603581,3.25979067205685
3.02499855883754,231.084527192671,533,341.747702403723,231.084527192671,533,341.747702403723,2.60931321655955,1.38939002207893,2.76488882340896,28,28,22.1150311390344,28,27.9898337013155,24.0575155695172,6.17,8.9061876379933,7.09325526017451,3.56068678344045,7.51679761591437,4.32836643676555
3.02999855645546,310.497405881406,480.322379192987,367.831665840124,310.497405881406,480.322379192987,367.831665840124,2.47087953970754,1.55896595353193,2.51155864962848,24.0251297059297,28,22,24.0251297059297,28,24,7.00472276175476,8.91,7.12,4.53384322204722,7.35103404646807,4.60844135037152
3.03499855407337,306.036409517114,492.907932658101,463.959791937471,306.036409517114,492.907932658101,463.959791937471,2.50970872386309,1.37134559961237,2.34522055929929,24,29.985835793554,25.8771633106049,24,28,24,7.01,9.29723797974303,5.78237865784132,4.50029127613691,7.92589238013065,3.43715809854202
3.03999855169128,232.598156443864,504.903021038038,468.983433008921,232.598156443864,504.903021038038,468.983433008921,2.52983833609625,1.19145468442943,2.34991716504461,27.9676672192506,30,26,25.9838336096253,28,24,5.91889151470609,9.3,5.74,3.38905317860984,8.10854531557057,3.39008283495539
3.0449985493092,208.217945370492,534.727568286879,350.0172488724,208.217945370492,534.727568286879,350.0172488724,2.72818378857923,1.47736649343983,2.28228623919567,28,30,24.0653211198764,26,29.981837885792,22.0653211198764,5.91,9.67654919830047,6.63962567925746,3.18181621142077,8.19918270486064,4.35733944006179
3.04999854692711,295.112913004113,485.504026702209,339.072326747947,295.112913004113,485.504026702209,339.072326747947,2.56171369078751,1.61858872523382,2.00289306991788,24.0403221361767,30,24,24.0201610680883,30,22,6.74153235140289,9.68,6.67,4.17981866061538,8.06141127476618,4.66710693008212
3.05499854454502,294.022160021969,473.130588621053,434.573417194699,294.022160021969,473.130588621053,434.573417194699,2.65889199890155,1.56065294310526,1.77796074793151,24,31.9782352298245,27.8615522098868,24,30,27.7923283148303,6.75,10.0657558698158,5.78184299172603,4.09110800109845,8.50510292671052,4.00388224379452
3.05999854216294,244.60397439625,463.118796877252,446.888568393698,244.60397439625,463.118796877252,446.888568393698,2.66987920512075,1.55011879687725,1.78975237420822,25.97584102415,32,28,25.97584102415,30,28,5.93002597497775,10.07,5.75,3.260146769857,8.51988120312275,3.96024762579178
3.06499853978085,234.130789648654,478.793933365348,364.128283036876,234.130789648654,478.793933365348,364.128283036876,2.74895368281077,1.8066514171869,1.85745372310952,26,32,26.0727507682994,26,30,26.0727507682994,5.92,10.445105917427,7.98560910877266,3.17104631718923,8.63845450024011,6.12815538566314
3.06999853739876,293.155293491655,434.624538872282,333.398311045393,293.155293491655,434.624538872282,333.398311045393,2.59225255068892,1.97764063092693,1.53469438017785,22.056313767223,32,26,22.056313767223,30,26,6.47211607258878,10.45,8.07,3.87986352189986,8.47235936907307,6.53530561982215
3.07499853501667,284.150779187463,430.059512474186,514.757581071077,284.150779187463,430.059512474186,514.757581071077,2.60969844162508,1.98,1.46268237738108,22,32,29.8467212925096,22,31.9702437629071,27.9233606462548,6.48,10.4598512188145,7.1852541027228,3.87030155837492,8.47985121881454,5.72257172534172
3.07999853263459,214.141495093747,428.031755190974,509.211565789547,214.141495093747,428.031755190974,509.211565789547,2.56080386978433,2.06857101640618,1.57804708501957,25.9356904172537,32,30,23.9678452086268,32,28,5.39768513525524,10.46,7.15,2.83688126547091,8.39142898359382,5.57195291498043
3.0849985302525,186.455772018876,408.337541448549,402.824317132818,186.455772018876,408.337541448549,402.824317132818,2.71729912877703,2.4140930246504,1.64926798805341,26,32,28,24,32,26,5.38,10.8434179417533,8.56,2.66270087122297,8.4293249171029,6.91073201194659
3.08999852787041,281.265974711344,353.001086764585,379.418827991026,281.265974711344,353.001086764585,379.418827991026,2.49411160635454,2.77356444222767,1.55174511662928,22.0715061974703,32,28,20.0715061974703,32,26,6.20498369853123,10.85,8.56,3.71087209217668,8.07643555777233,7.00825488337072
3.09499852548833,281.037752052616,337.283140394623,491.016106195627,281.037752052616,337.283140394623,491.016106195627,2.56848991789536,2.89773487684302,1.38059056050633,22,33.9622479473836,32,20,32,30,6.22,10.8696224794738,7.64,3.65151008210464,7.97188760263082,6.25940943949367
3.09999852310624,218.272032207904,333.840202674889,493.941792338351,218.272032207904,333.840202674889,493.941792338351,2.58960248993503,3.31173897089092,1.48786571907287,23.960248993503,33.9906001573464,32,23.920497987006,31.9906001573464,30,5.13206180860584,10.8717859701042,7.64,2.54245931867081,7.56004699921327,6.15213428092713
3.10499852072415,222.874750118867,299.925991112274,385.862729175379,222.874750118867,299.925991112274,385.862729175379,2.58020874980189,3.68088810665271,1.64967488488906,24,32,28,24,30,26,5.11,11.25,9.51,2.52979125019811,7.56911189334729,7.86032511511094
3.10999851834207,328.63755863005,280.078328055938,348.804038034209,328.63755863005,280.078328055938,348.804038034209,2.30612484799617,3.92005401934892,1.56190430060734,20.0874978285166,32.0054019348923,28,22.0437489142583,30.0054019348923,26,5.9316254560115,11.2480282937643,9.51,3.62550060801534,7.32797427441539,7.94809569939266
3.11499851595998,331.97712606593,309.035731300619,482.980067969614,331.97712606593,309.035731300619,482.980067969614,2.31954252131861,3.94047641734158,1.5203820305824,20,34,34,22,32,32,5.95,10.52,7.66,3.63045747868139,6.57952358265842,6.1396179694176
3.11999851357789,279.28916419454,329.952263077571,471.277323398726,279.28916419454,329.952263077571,471.277323398726,2.222387341101,4.22025272488345,1.74468463485775,23.90450635596,33.9957879186092,34,23.95225317798,31.9971919457394,32,5.1398149311383,10.5205335303095,7.66,2.9174275900373,6.30028080542605,5.91531536514225
3.12499851119581,244.010368566682,262.020227509507,296.053356693358,244.010368566682,262.020227509507,296.053356693358,2.36995425632346,4.57989291318496,1.97992987406016,24,28.0017847802506,30.0012195815625,24,28.0011898535004,28.0012195815625,5.12,11.2797739278349,10.4591462929063,2.75004574367654,6.69988101464996,8.47921641884612
3.12999850881372,339.875493729719,235.035017388521,258.952343491034,339.875493729719,235.035017388521,258.952343491034,2.06040205149778,4.77974061193688,1.91175431695717,20.0051877612617,28,30,20.0051877612617,28,28,5.9489235395382,11.28,10.46,3.88852148804041,6.50025938806312,8.54824568304283
3.13499850643163,340.997703582744,293.86451138189,458.526887724405,340.997703582744,293.86451138189,458.526887724405,2.07995407165488,4.79995407165488,2.00976462075841,20,29.9954071654878,33.9905848303364,20,28,31.9905848303364,5.95,9.4342483719238,8.61435451596941,3.87004592834512,4.63429430026892,6.604589895211
3.13999850404955,270.234008487934,314.934969032871,436.621300343356,270.234008487934,314.934969032871,436.621300343356,2.04013183576785,5.07913292043828,2.31162595189389,23.986816423215,30,34,21.9934082116075,28,32,4.84365844255785,9.43,8.61,2.80352660679,4.35086707956172,6.2983740481061
3.14499850166746,264.02577222682,172.585666643957,261.734782505925,264.02577222682,172.585666643957,261.734782505925,2.08978523144317,5.31901706297518,2.52911826099289,24,28.0081911418735,30.0167950287068,22,26.0081911418735,30.0083975143534,4.84,9.80844368304403,10.4721483240795,2.75021476855683,4.48942662006885,7.94303006308666
3.14999849928537,362.475810040385,173.989809904245,243.517849202896,362.475810040385,173.989809904245,243.517849202896,1.79158845442307,5.38964334664859,2.52028769400161,20.0211793923077,28,30,20.0105896961538,26,30,5.67555232761539,9.81,10.48,3.88396387319232,4.42035665335141,7.95971230599839
3.15499849690329,372.937056749825,227.670895659836,391.069227644885,372.937056749825,227.670895659836,391.069227644885,1.64094414875263,5.46951243801457,2.72868817319078,20,26.0121890496357,33.9750128226815,20,26,31.9875064113407,5.68,9.08444900311703,9.10862057617489,4.03905585124737,3.61493656510246,6.37993240298412
3.1599984945212,319.393865305723,254.808461952534,368.737298906026,319.393865305723,254.808461952534,368.737298906026,1.47123994633283,5.52957435989452,3.00139817942969,23.9708247921687,26,34,21.9854123960843,26,32,4.856053855625,9.08,9.1,3.38481390929217,3.55042564010548,6.09860182057031
3.16499849213911,307.097141153202,227.226617403558,240.070144184784,307.097141153202,227.226617403558,240.070144184784,1.47,5.66886691298221,3.12900451703741,24,22.032373914794,32.0165913827098,22,22.032373914794,28.0331827654197,4.85,8.71299458711845,10.4983030751896,3.38,3.04412767413624,7.36929855815216
3.16999848975703,391.227098770699,250.781769064664,239.967327824659,391.227098770699,250.781769064664,239.967327824659,1.2123641684661,5.65018185911278,3.13,22.0181859112777,22,32,22,22,28,5.67245284681976,8.71,10.51,4.46008867835367,3.05981814088722,7.38
3.17499848737494,397.939445404525,264.858705943892,354.800027747981,397.939445404525,264.858705943892,354.800027747981,1.05161478921267,5.37282588112217,3.34772419055652,22,23.9798151348417,32,22,23.9798151348417,31.9586216464821,5.68,7.23503772454296,9.14427553196367,4.62838521078733,1.86221184342079,5.79655134140715
3.17999848499285,377.232930099909,323.357237125968,337.657847695681,377.232930099909,323.357237125968,337.657847695681,0.951109190951949,5.26119837146006,3.59134410926735,23.977816180961,24,32,23.977816180961,24,32,5.41299481557026,7.22,9.13,4.46188562461831,1.95880162853994,5.53865589073265
3.18499848261077,358.229736342742,246.9275437283,220.462431277772,358.229736342742,246.9275437283,220.462431277772,0.999395430676996,5.27976216827479,3.77776917262713,24,20.0475663450411,30.0247869708097,24,20.0475663450411,28.0495739416194,5.41,7.9610813103048,10.0583501237194,4.410604569323,2.68131914203001,6.28058095109232
3.18999848022868,419.188366469174,267.716396609583,223.81806499091,419.188366469174,267.716396609583,223.81806499091,0.812487264046079,4.95425405085625,3.83781677989092,22.0261817268008,20,30,20.0523634536017,20,28,5.96266911649577,7.97,10.07,5.15018185244969,3.01574594914375,6.23218322010908
3.19499847784659,447.605470470459,373.513712204884,306.804042415309,447.605470470459,373.513712204884,306.804042415309,0.474790715715853,4.66402825664097,4.08644060242652,22,21.9722189197175,31.9715248194121,20,21.9722189197175,29.9715248194121,5.97,6.50069690481049,8.70964787460563,5.49520928428415,1.83666864816952,4.62320727217911
3.19999847546451,389.890299219593,418.344839248417,290.689963260949,389.890299219593,418.344839248417,290.689963260949,0.341961676246562,4.44327580375791,4.32080048985402,25.939640730875,22,32,23.939640730875,22,30,5.15252454834343,6.48,8.69,4.81056287209687,2.03672419624209,4.36919951014598
3.20499847308242,367.353964472875,335.350606991863,192.612362244603,367.353964472875,335.350606991863,192.612362244603,0.369517321173353,4.34158894940219,4.37918567563404,26,20.0317789880438,28.0651459492769,24,18.0635579760877,26.0651459492769,5.14,7.21808287948356,9.61469070191994,4.77048267882665,2.87649393008137,5.2355050262859
3.20999847070033,444.665504661547,345.797332348451,220.738158910424,444.665504661547,345.797332348451,220.738158910424,0.291351387684509,4.0548978015791,4.270803935447,24.0337846921127,20,28,22.0337846921127,18,26.0146170081272,6.23124949587743,7.23,9.61655235252296,5.93989810819292,3.1751021984209,5.34574841707596
3.21499846831825,446,424.568924167793,319.236259048797,446,424.568924167793,319.236259048797,0.17214661374831,3.61787091707714,4.37807909401354,24,20,28,22,21.9284462083897,27.9650744366098,6.25,6.13003506165089,7.82213151831894,6.07785338625169,2.51216414457376,3.4440524243054
3.21999846593616,397.925508317307,466.22559508143,313.266075043142,397.925508317307,466.22559508143,313.266075043142,0.17,3.4235887057202,4.55967857301159,27.924448300628,20,27.9785715341063,25.924448300628,22,27.9785715341063,5.71038835866365,6.11,7.79251784474251,5.54038835866365,2.6864112942798,3.23283927173091
3.22499846355407,375.437522839237,385.924991635331,179.659741192082,375.437522839237,385.924991635331,179.659741192082,0.20920450392866,3.27953119772082,4.50116485015712,28,22,24.0776566771411,26,20,24.0776566771411,5.7,6.86,8.25087534043592,5.49079549607134,3.58046880227918,3.74971049027881
3.22999846117199,452.349936580818,370.154918925755,211.223248032596,452.349936580818,370.154918925755,211.223248032596,0.0925064254468594,3.17893032170312,4.4005041084607,24.0835475148953,22.0073770917026,24.0144030988772,24.0417737574477,20.0073770917026,24.0072015494386,6.79660669582931,6.86,8.25333856676932,6.70410027038245,3.68106967829688,3.85283445830862
3.2349984587899,463.781136443358,412.053781378223,271.687428315557,463.781136443358,412.053781378223,271.687428315557,-0.0958415924238103,2.88946218621777,4.53703612845448,24,24,27.9153179558424,24,22,25.9576589779212,6.82,6.86,6.44916544542289,6.91584159242381,3.97053781378223,1.9121293169684
3.23999845640781,381.922409938791,432.008447959853,260.811969867194,381.922409938791,432.008447959853,260.811969867194,0.036795983435348,2.68966208160587,4.58,29.8626850043721,23.9966208160587,27.9934024514805,25.9542283347907,22,25.9967012257402,6.00899524106187,6.86126719397799,6.41230914198183,5.97219925762652,4.17160511237212,1.83230914198183
3.24499845402573,344.85987114362,437.006211035271,149.635896443761,344.85987114362,437.006211035271,149.635896443761,0.264506378804653,2.4900069011503,4.58,30,22,24.0924875945179,26,22,24.046243797259,5.99,7.61,7.77762934191872,5.72549362119535,5.1199930988497,3.19762934191872
3.24999845164364,431.972090258156,445.997215742809,175.990804355019,431.972090258156,445.997215742809,175.990804355019,0.120047573423597,2.4999969063809,4.32008244371362,26.0012686246293,22,24,26,22,24,7.10964478510381,7.61,7.81,6.98959721168021,5.1100030936191,3.48991755628638
3.25499844926155,430.002617677701,478.95680831793,312.48973992934,430.002617677701,478.95680831793,312.48973992934,0.0800523535540168,2.12049735876323,4.27125366431095,26,23.9973823222988,25.949853427562,26,22,24,7.11,7.24048427037472,6.45485186784441,7.02994764644598,5.11998691161149,2.18359820353346
3.25999844687947,373.131574000073,497.956141999969,322.983438082379,373.131574000073,497.956141999969,322.983438082379,0.15981533473674,1.89053091263195,4.34981072094148,29.990766736837,24,26,29.990766736837,22,24,6.56126957368491,7.24,6.42,6.40145423894817,5.34946908736805,2.07018927905852
3.26499844449738,337.119080538325,475.071498113564,233.486269990437,337.119080538325,475.071498113564,233.486269990437,0.459007662180624,1.88003108613633,4.11648592171418,30,24,22.1080986952364,30,22,22.0540493476182,6.56,7.60884981295571,6.87729840330972,6.10099233781937,5.72881872681937,2.76081248159554
3.26999844211529,400.724334741019,440.143761431511,274.81471795842,400.724334741019,440.143761431511,274.81471795842,0.559569273032842,2.03934280488452,3.8909264102079,28.0086145393432,24,22,26.0172290786863,22,22,7.67517585796783,7.61,6.89,7.11560658493499,5.57065719511548,2.9990735897921
3.27499843973321,412.936319040657,422.091925035421,342.985328910575,412.936319040657,422.091925035421,342.985328910575,0.480424539728953,1.84102138928245,3.89971218984437,28,25.9897861071755,23.9424379688736,26,23.9897861071755,23.9424379688736,7.68,7.61994893053588,5.54000561163287,7.19957546027105,5.77892754125343,1.6402934217885
3.27999843735112,318.599091237488,432.932829343119,339.037553940871,318.599091237488,432.932829343119,339.037553940871,0.81785588399215,1.79030532116764,3.82050071921162,29.987387552895,26,24,29.97477510579,24,24,6.86517110331305,7.62,5.5,6.0473152193209,5.82969467883236,1.67949928078838
3.28499843496903,286.233782415771,425.056847202344,258.550789461732,286.233782415771,425.056847202344,258.550789461732,1.12773523284722,1.76021317700879,3.63583915659915,30,26,22.0614648063068,30,24,22.0614648063068,6.86,8.36467057478025,6.4111115410358,5.73226476715278,6.60445739777146,2.77527238443666
3.28999843258695,354.440617206106,419.048632263401,288.725839723372,354.440617206106,419.048632263401,288.725839723372,1.13991893002987,1.84927051604898,3.35232620840775,28.0162139940259,26,22,28.0162139940259,24,22,7.69319012250912,8.37,6.44,6.55327119247925,6.52072948395102,3.08767379159225
3.29499843020486,355.990895145826,450.708644666432,385.731620925717,355.990895145826,450.708644666432,385.731620925717,1.14,1.64191201937654,3.20490256861142,28,27.981790291652,23.9346324185143,28,25.981790291652,23.9346324185143,7.7,8.37,5.54039592539083,6.56,6.72808798062346,2.33549335677941
3.29999842782277,295.616364197964,450.010104331114,391.968929647415,295.616364197964,450.010104331114,391.968929647415,1.32808017708831,1.66969687006658,3.12082854273561,29.9797913377717,28,24,29.9797913377717,26,24,7.16545633880165,8.37,5.51,5.83737616171334,6.70030312993342,2.38917145726439
3.30499842544069,253.466359938288,427.250842299007,321.528368018302,253.466359938288,427.250842299007,321.528368018302,1.64644678142256,1.91727345327167,2.95588798031659,30,28,22.0692703566658,30,27.9781876261733,22.0692703566658,7.16,9.12171129794586,6.40778928415039,5.51355321857744,7.2044378446742,3.4519013038338
3.3099984230586,289.552178455182,375.618981209353,329.863537506575,289.552178455182,375.618981209353,329.863537506575,1.67963690145015,2.1077383378889,2.7426051930563,28.0242065699902,28,22,26.0484131399803,28,22,7.71322216040276,9.13,6.44,6.03358525895261,7.0222616621111,3.6973948069437
3.31499842067651,290.986897238065,401.651620033135,411.906117343665,290.986897238065,401.651620033135,411.906117343665,1.71947588952258,2.10012902961736,2.5569157377024,28,28,25.8544055220548,26,28,23.9272027610274,7.72,9.50509687454041,5.55348672992739,6.00052411047742,7.40496784492306,2.99657099222499
3.31999841829443,215.085872393432,411.860975613237,418.943000855562,215.085872393432,411.860975613237,418.943000855562,1.98619239550355,2.15916585367942,2.37256496149972,29.9717955222485,28,26,31.9153865667456,28,24,6.9115638358781,9.51,5.52,4.92537144037455,7.35083414632058,3.14743503850028
3.32499841591234,195.286932600509,430.716863603288,367.07051701457,195.286932600509,430.716863603288,367.07051701457,2.23622457104594,2.36687059772055,2.31230057446063,30,28,22.1533716307089,32,26.0298038312328,22.0766858153545,6.9,9.51985098084384,6.86631992925188,4.66377542895406,7.15298038312328,4.55401935479125
3.32999841353025,294.373779531587,409.349830636252,362.048896049405,294.373779531587,409.349830636252,362.048896049405,2.24983898807243,2.58650169363748,1.96570453909719,28.0322023855131,28,22,26.0966071565394,26,22,8.00196666411264,9.52,6.92,5.75212767604021,6.93349830636252,4.95429546090281
3.33499841114817,288.135233975753,396.219711303466,483.992703111339,288.135233975753,396.219711303466,483.992703111339,2.38763340542432,2.39338017389948,1.72992703111339,28,29.9661982610052,28,26,29.9323965220103,26,8.02,9.15625332171405,5.53,5.63236659457568,6.76287314781456,3.80007296888661
3.33999840876608,214.342525982825,416.624092724809,483.017474397097,214.342525982825,416.624092724809,483.017474397097,2.56677793764122,2.41946298960687,1.72017474397097,28,30,28,27.9641993071247,30,26,6.93969038108143,9.15,5.53,4.37291244344021,6.73053701039313,3.80982525602903
3.34499840638399,198.28349735067,381.680393641614,351.786179957156,198.28349735067,381.680393641614,351.786179957156,2.82508604592172,2.65546404238924,1.85871707974293,28,28.0377996467563,24,28,28.0377996467563,24,6.92,10.2586431995827,7.85,4.09491395407828,7.60317915719343,5.99128292025707
3.34999840400191,253.865739881846,338.210425591557,312.777031387503,253.865739881846,338.210425591557,312.777031387503,2.7025869090414,2.89990647751486,1.62466218832502,24.079597201274,28.0093522485136,24,26.039798600637,28.0093522485136,24,7.20422920290764,10.2765864292925,7.85,4.50164229386623,7.37667995177766,6.22533781167498
3.35499840161982,241.292582881624,383.02941317853,491.014356637268,241.292582881624,383.02941317853,491.014356637268,2.92519328123047,2.88091916182908,1.47028713274536,24,30,30,26,30,28,7.21,9.55,6.47,4.28480671876953,6.66908083817092,4.99971286725464
3.35999839923773,194.051116201559,390.796535051412,494.915271494233,194.051116201559,390.796535051412,494.915271494233,2.99846712220606,3.13077637940909,1.54830542988466,27.9124069832034,29.9946456592477,30,27.9562034916017,29.9946456592477,28,6.39817555098529,9.55203464948588,6.47,3.39970842877923,6.4212582700768,4.92169457011534
3.36499839685565,182.251875042536,314.969801518158,382.967244565449,182.251875042536,314.969801518158,382.967244565449,3.17587840839486,3.42036909255584,1.56962331250266,28,28,26,28,28,26,6.38,10.31,8.8,3.20412159160514,6.88963090744415,7.23037668749734
3.36999839447356,282.538587567753,297.033910824753,363.462670280638,282.538587567753,297.033910824753,363.462670280638,2.94573532993922,3.6399728713402,1.34532070822733,24.0955888323203,28.0013564329901,26,24.0955888323203,28,26,7.19992634521274,10.3094981197937,8.8,4.25419101527352,6.66952524845345,7.45467929177267
3.37499839209147,265.006587089421,346.983936977746,530.94467978033,265.006587089421,346.983936977746,530.94467978033,3.20991107429282,3.6000128504178,1.29001646435109,24,29.9993574791098,29.9986828519126,24,28,29.9986828519126,7.22,9.57023773272937,7.41045770896036,4.01008892570718,5.97022488231156,6.12044124460927
3.37999838970939,201.084527192666,368.970943777517,502.727462147018,201.084527192666,368.970943777517,502.727462147018,3.20001320737385,3.8496698156536,1.5142304726271,25.9973585252292,30,30,24,28,30,6.12145281112396,9.57,7.41,2.9214396037501,5.7203301843464,5.8957695273729
3.3849983873273,186.034803214886,297.167055431479,339.387643999681,186.034803214886,297.167055431479,339.387643999681,3.38955915927811,4.05951275499152,1.70954814503105,26,26.0092808573044,28.0047563680942,24,26.0046404286522,28.0047563680942,6.12,9.94911831855608,9.27555279583188,2.73044084072189,5.88960556356456,7.56600465080083
3.38999838494521,244.804138215292,291.018723087276,296.189596725302,244.804138215292,291.018723087276,296.189596725302,3.16076352899124,4.14971915369086,1.71972963710789,20.0199181475975,26,28,20.013278765065,26,28,6.39907048644545,9.95,9.28,3.23830695745421,5.80028084630914,7.56027036289211
3.39499838256313,239.025915009239,331.831105911723,420.467882620674,239.025915009239,331.831105911723,420.467882620674,3.32926574140488,4.04045313048074,1.71004223153804,20,27.9917612639865,31.9831073847833,20,27.9917612639865,31.9831073847833,6.4,8.84457249848749,8.36388530149984,3.07073425859512,4.80411936800675,6.6538430699618
3.39999838018104,155.446766192347,360.851553496527,413.230341047725,155.446766192347,360.851553496527,413.230341047725,3.32005318645147,4.29866910031369,1.94308976856825,23.978725419412,28,32,23.978725419412,28,32,5.02733973030285,8.84,8.36,1.70728654385138,4.54133089968631,6.41691023143175
3.40499837779895,154.006318122087,264.593477223121,319.589491480321,154.006318122087,264.593477223121,319.589491480321,3.41936818779125,4.45902106849794,2.11893389838665,24,26.0122366437757,30.0125423719217,24,24.0244732875514,28.0250847438434,5.02,9.59535007536524,10.2182728822532,1.60063181220875,5.13632900686729,8.09933898386654
3.40999837541687,279.077982522494,265.985764402344,298.64562438967,279.077982522494,265.985764402344,298.64562438967,3.14204892772779,4.38056942390624,2.09092232055667,20.0292703961113,26,30,20.0292703961113,24,28,6.12187746507912,9.6,10.23,2.97982853735133,5.21943057609376,8.13907767944333
3.41499837303478,279.008118897926,345.35061793852,442.785267884023,279.008118897926,345.35061793852,442.785267884023,3.2094316771452,4.28081172757685,2.26850238506249,20,26,31.9833598340277,20,24,29.9833598340277,6.13,8.49901017610303,8.86148171452088,2.9205683228548,4.21819844852618,6.59297932945838
3.41999837065269,216.574355420656,371.762964429566,430.457735686032,216.574355420656,371.762964429566,430.457735686032,3.11091167527088,4.32954416236455,2.52149919440226,21.9817664945823,26,32,21.9817664945823,24,30,5.03011959550679,8.49,8.85,1.91920792023591,4.16045583763545,6.32850080559774
3.42499836827061,207.091046066842,290.829530831231,305.306491481348,207.091046066842,290.829530831231,305.306491481348,3.16939302622105,4.51807791636666,2.72792620399786,22,24.0202324592983,30.0207379600214,22,22.0202324592983,28.0207379600214,5.02,8.49,9.78025315878994,1.85060697377895,3.97192208363334,7.05232695479208
3.42999836588852,285.121859179424,276.152853229567,292.415761524824,285.121859179424,276.152853229567,292.415761524824,2.81400165437225,4.43098262790436,2.72034646793735,20.0222314131791,24,30,18.0444628263583,22,28,5.57377520430984,8.49,9.79,2.7597735499376,4.05901737209564,7.06965353206265
3.43499836350643,292.915193715289,297.737861566735,373.969316206006,292.915193715289,297.737861566735,373.969316206006,2.7606057591765,4.30154899983293,2.89776478213351,20,24,31.9751642459279,18,23.9761692333395,31.9503284918557,5.58,7.75881738366438,8.89130026810283,2.8193942408235,3.45726838383145,5.99353548596932
3.43999836112435,251.550815739757,325.638383912419,360.546153557319,251.550815739757,325.638383912419,360.546153557319,2.59222949227997,4.36909595978105,3.03490256679836,21.9737706790592,24,32,21.9475413581184,24,32,4.76088516819043,7.75,8.88,2.16865567591047,3.38090404021895,5.84509743320164
3.44499835874226,244.098798961875,267.820945895464,286.069648644387,244.098798961875,267.820945895464,286.069648644387,2.54070570687054,4.41930428313944,3.20757546307272,22,22.0278286744225,30.0285239638503,22,22.0278286744225,28.0570479277006,4.75,8.12471255185972,10.2600332253048,2.20929429312946,3.70540826872029,7.05245776223205
3.44999835636017,332.639774708389,277.835948044334,274.421899753875,332.639774708389,277.835948044334,274.421899753875,2.25438294816186,4.27223707212271,3.14268481661557,18.0604544574049,22,30,18.0604544574049,22,28,5.56745570008848,8.13,10.28,3.31307275192662,3.85776292787729,7.13731518338443
3.45499835397809,348.758303630627,338.029289243394,387.124248920699,348.758303630627,338.029289243394,387.124248920699,2.03354488008414,3.95509225314941,3.3662484978414,18,23.9681734178162,30,18,23.9681734178162,29.9673782420991,5.58,7.39193496831893,8.92250901295161,3.54645511991586,3.43684271516952,5.55626051511022
3.459998351596,286.082633464451,380.289663742635,364.154908301967,286.082633464451,380.289663742635,364.154908301967,1.83338322957641,3.92050738304097,3.60109279098884,21.9323354084718,24,29.9854294534822,21.9323354084718,24,29.9854294534822,4.48877692414908,7.38,8.90349693116428,2.65539369457267,3.45949261695902,5.30240414017544
3.46499834921391,262.411981634371,325.020997963442,251.028377449975,262.411981634371,325.020997963442,251.028377449975,1.90856702040219,3.95928351020109,3.74737709812503,22,20.0716489798906,28.0349720249996,22,20.0716489798906,28.0349720249996,4.47,8.11656581627051,9.37160671400011,2.56143297959781,4.15728230606941,5.62422961587507
3.46999834683182,377.768416814268,307.321499272524,251.282695940446,377.768416814268,307.321499272524,251.282695940446,1.55680821988867,3.86189117219132,3.73106677713376,20.037823443826,20,28,18.0756468876519,20,28.0106677713376,5.55900798867659,8.13,9.3750928251847,4.00219976878792,4.26810882780868,5.64402604805094
3.47499834444974,382.94026640344,369.121269868767,302.969817795236,382.94026640344,369.121269868767,302.969817795236,1.50099555994267,3.68023321128609,3.92611251998202,20,24,28,18,22,29.9611251998202,5.58,6.64,8.4778824080827,4.07900444005733,2.95976678871391,4.55176988810067
3.47999834206765,333.066444465485,394.578553890148,288.749571925973,333.066444465485,394.578553890148,288.749571925973,1.35313660136907,3.7294502876828,4.11,21.9581786484124,23.9926705024374,28,21.9163572968247,21.9926705024374,29.9856898243413,4.76735586090887,6.64414116612289,8.4616814456399,3.41421925953979,2.91469087844009,4.35168144563989
3.48499833968557,309.503933512885,280.055970708665,220.483561929081,309.503933512885,280.055970708665,220.483561929081,1.44780898472659,3.57976012553429,4.11,22,22,28,22,20,26.0847749673761,4.75,7.77,8.92003894133331,3.30219101527341,4.19023987446571,4.81003894133331
3.48999833730348,380.327597033745,301.159916310455,242.09106475421,380.327597033745,301.159916310455,242.09106475421,1.20572740741868,3.4894336297338,4.09017887719577,18.0916385186989,22,28,18.0916385186989,20.0066631796023,26.0032523126503,5.56098500736997,7.76875065382457,8.92850393618084,4.35525759995129,4.27931702409076,4.83832505898507
3.49499833492139,380.04781821323,397.023321128602,296.703872751685,380.04781821323,397.023321128602,296.703872751685,1.09263000172766,3.14991337866519,4.19745403576224,18,22,28,18,24,27.9537097411316,5.58,7.02,8.03129351907946,4.48736999827234,3.87008662133481,3.83383948331722
3.4999983325393,305.025616458859,431.988339435697,289.003073345537,305.025616458859,431.988339435697,289.003073345537,0.950047817389869,3.02004331066741,4.41992487377576,23.9979506832913,22,28,23.9979506832913,24,28,4.47037912359111,7.02,8.01,3.52033130620124,3.99995668933259,3.59007512622424
3.50499833015722,265.053305436816,384.063966524188,218.8069492257,265.053305436816,384.063966524188,218.8069492257,1.11977345189353,2.99003997907762,4.3127606168726,24,22,26.0501930340472,24,20.0053305436823,24.1003860680945,4.47,7.76900052305956,8.47795367182866,3.35022654810647,4.77896054398194,4.16519305495606
3.50999832777513,385.717814343851,371.030317467194,253.911555945079,385.717814343851,371.030317467194,253.911555945079,1.00027985354329,2.94011660564305,4.26011951899314,22.0046642257215,22,26,20.0093284514429,20,24,6.13610537152257,7.77,8.49,5.13582551797928,4.82988339435695,4.22988048100686
3.51499832539304,377.029984308211,423.833981980682,319.187790390881,377.029984308211,423.833981980682,319.187790390881,1.06976678871391,2.72068913140094,4.3378361676309,22,23.9937351690824,26,20,21.9937351690824,24,6.14,7.03231798743953,7.13759658741307,5.07023321128609,4.31162885603859,2.79976041978217
3.51999832301096,323.233877604049,447.900849602996,321.995764647882,323.233877604049,447.900849602996,321.995764647882,1.02021655333708,2.62041312665418,4.35991529295764,23.9913378665167,24,26,25.9740135995501,22,24,5.31359478539557,7.03,7.1,4.29337823205849,4.40958687334582,2.74008470704236
3.52499832062887,307.085288698912,395.271929404564,247.21792697033,307.085288698912,395.271929404564,247.21792697033,1.1194669456318,2.46082091895717,4.19489672188255,24,22.0102614869647,22.1152169854717,26,22,22.0576084927358,5.31,7.76620324982307,7.10971195753632,4.1905330543682,5.3053823308659,2.91481523565378
3.52999831824678,406.366997937751,402.950958236617,292.698397674729,406.366997937751,402.950958236617,292.698397674729,0.901392604536947,2.44012260440846,3.96144517780859,24,22,22,22.0253200824899,22,22,6.41297367710904,7.77,7.11,5.51158107257209,5.32987739559154,3.14855482219141
3.5349983158647,414.941364019497,440.729071500206,333.708263373763,414.941364019497,440.729071500206,333.708263373763,0.731246014585679,2.18185372131438,3.88246045071664,24,23.985740605274,25.8769774641679,22,23.985740605274,23.938488732084,6.42,7.40263798802431,5.76275033120165,5.68875398541432,5.22078426670993,1.88028988048501
3.53999831348261,368.382147545412,449.926837431269,335,368.382147545412,449.926837431269,335,0.660569155918698,2.1502438752291,3.91966670884793,25.9837384023229,24,26,25.9674768046458,24,24,5.8744719393612,7.4,5.72,5.2139027834425,5.2497561247709,1.80033329115207
3.54499831110052,320.438175259703,411.356017398516,227.630479391841,320.438175259703,411.356017398516,227.630479391841,0.868082983238798,2.17972614046268,3.79425191280126,26,24,22.1308280861925,26,22.018257302488,22.0654140430962,5.87,8.143153511567,7.07421016983263,5.0019170167612,5.96342737110432,3.27995825703138
3.54999830871844,384.34167166803,391.202562563683,236.865044714248,384.34167166803,391.202562563683,236.865044714248,0.810607687691049,2.26908846846343,3.55249148219849,24.0202562563683,24,22,22.0405125127366,22,22,6.70149237232532,8.15,7.12,5.89088468463427,5.88091153153657,3.56750851780151
3.55499830633635,385,419.683030326568,363.459748403057,385,419.683030326568,363.459748403057,0.849554895795017,2.02273249718476,3.53069316818274,24,25.978140022522,25.8613663634521,22,23.978140022522,23.9306831817261,6.71,7.79393479594605,5.77817518870039,5.86044510420498,5.77120229876129,2.24748202051765
3.55999830395426,324.739752005969,435.809163490156,365.037290218557,324.739752005969,435.809163490156,365.037290218557,0.889514916717397,1.95083490973057,3.52012430072852,25.9757458358699,26,26,27.9272375076096,24,24,5.89006547811401,7.79,5.73,5.00055056139661,5.83916509026943,2.20987569927148
3.56499830157218,305.249404621102,403.42658304059,281.168701369592,305.249404621102,403.42658304059,281.168701369592,1.0182935473293,2.06844878894331,3.43327796693406,26,24.0258535176115,24.0728437096458,28,24,22.0728437096458,5.88,8.53030493089569,7.07900940324795,4.8617064526707,6.46185614195238,3.64573143631389
3.56999829919009,402.601522441373,369.473492015372,293.771613156148,402.601522441373,369.473492015372,293.771613156148,0.872118905391858,2.16860737642538,3.05542418754149,24.0282520718914,24,24,24.0565041437829,24,22,6.98417883974079,8.54,7.13,6.11205993434893,6.37139262357462,4.07457581245851
3.574998296808,412.863870384024,397.567154332094,428.628740612541,412.863870384024,397.567154332094,428.628740612541,0.673025102577245,2.0616418283955,2.91537125938746,24,25.9701485746272,25.9232677230363,24,25.9701485746272,25.8465354460726,7,8.17552251369397,6.23568050878812,6.32697489742276,6.11388068529847,3.32030924940066
3.57999829442592,329.370624135257,406.856673293358,430.065292299064,329.370624135257,406.856673293358,430.065292299064,0.768387501017344,2.12888523672612,2.89032646149532,27.9355000406938,26,26,27.9355000406938,26,26,6.18338374155604,8.17,6.2,5.4149962405387,6.04111476327388,3.30967353850468
3.58499829204383,281.795618293358,371.60928799643,329.839979527155,281.795618293358,371.60928799643,329.839979527155,1.04526014633744,2.2872920533492,2.95890895132151,28,26,22,28,24.033849333135,22,6.17,8.90730650007438,7.6,5.12473985366256,6.62001444672518,4.64109104867849
3.58999828966174,364.47644780185,347.430179444184,308.384947813861,364.47644780185,347.430179444184,308.384947813861,1.04017924143508,2.63372654977232,2.81262464418542,24.0716965740306,26,22,24.0716965740306,24,22,7.26992495927143,8.92,7.6,6.22974571783636,6.28627345022768,4.78737535581458
3.59499828727966,360.113541722688,355.829687415967,426,360.113541722688,355.829687415967,426,1.15772916554624,2.5320815982493,2.74968066378401,24,27.9621527591037,28,24,25.9621527591037,26,7.29,8.56681250336134,5.75,6.13227083445376,6.03473090511204,3.00031933621599
3.59999828489757,270.813001862351,362.837168548461,426,270.813001862351,362.837168548461,426,1.31681230441784,2.60083741889363,2.69116694092957,27.9203076104461,27.9906953456263,28,27.9203076104461,26,26,6.21191540712733,8.56348924539012,5.75,4.89510310270948,5.96265182649649,3.05883305907043
3.60499828251548,262.146458020302,327.894067342857,305.989302214461,262.146458020302,327.894067342857,305.989302214461,1.41790774256712,2.78065751304434,2.60900154001635,28,26,24,28,26,24,6.19,9.31,8.07,4.77209225743288,6.52934248695566,5.46099845998365
3.6099982801334,358.829716924356,299.092868065716,303.063616071739,358.829716924356,299.092868065716,303.063616071739,1.32219220512691,2.96002653373306,2.33593750002897,24.0876882050765,26.0053067466124,24,24.0876882050765,26,24,7.27566652309126,9.30901825187672,8.07,5.95347431796435,6.34899171814365,5.73406249997103
3.61499827775131,361.97707847179,334.019846756387,468.948334690468,361.97707847179,334.019846756387,468.948334690468,1.25160450697468,2.97049616890967,2.36017759950151,24,28,28,24,26,26,7.3,8.94,6.69,6.04839549302532,5.96950383109033,4.32982240049849
3.61999827536922,261.463863530456,345.966624609321,437.741015834768,261.463863530456,345.966624609321,437.741015834768,1.43545500902149,3.27011125130226,2.46745275806799,29.8564739690997,27.9973823222997,28,27.9043159793998,25.9986911611498,26,6.22631310566506,8.94024867938153,6.69,4.79085809664357,5.67013742807927,4.22254724193201
3.62499827298714,220.013796292842,295.017597933269,292.051283404695,220.013796292842,295.017597933269,292.051283404695,1.7099044872034,3.43994134022244,2.53997524249429,30,24.0013802300603,26.0007073573061,28,24.0006901150301,24.0007073573061,6.2,9.31986887814427,8.0895048498857,4.4900955127966,5.87992753792183,5.54952960739142
3.62999827060505,326.856134813272,339.939495949499,266.652811443092,326.856134813272,339.939495949499,266.652811443092,1.71,3.46995966396633,2.44251081324266,26.0053781378216,24,26,24.0053781378216,24,24,7.59811765176244,9.32,8.09,5.88811765176244,5.85004033603367,5.64748918675734
3.63499826822296,319.018752091166,368.932023669514,374.73811925106,319.018752091166,368.932023669514,374.73811925106,1.81974215874647,3.36025784125357,2.47990389697287,26,25.9953119772078,27.9951948486433,24,24,27.9903896972866,7.6,8.21260185264965,7.17221036962408,5.78025784125353,4.85234401139608,4.69230647265122
3.63999826584088,232.290883485252,272.304998688047,365.270595200167,232.290883485252,272.304998688047,365.270595200167,2.01933130233275,3.51949690938054,2.538376428799,27.9933130233275,26,28,27.9866260466551,24,28,6.50367783716986,8.21,7.17,4.4843465348371,4.69050309061946,4.631623571201
3.64499826345879,218.060801513873,242.124294952305,299.280338328495,218.060801513873,242.124294952305,299.280338328495,2.21913140694467,3.74904707203233,2.50016990201727,28,22.0165726603073,26.0084951008635,28,24,26.0084951008635,6.5,8.58842559727081,8.56405342939557,4.28086859305533,4.83937852523848,6.0638835273783
3.6499982610767,300.556577295991,242,310.654209658757,300.556577295991,242,310.654209658757,2.19016027326651,3.74005142642017,2.19893291714877,26.010684884434,22,26,24.0213697688679,24,26,7.33551234853774,8.59,8.57,5.14535207527123,4.84994857357983,6.37106708285123
3.65499825869462,304.97463232337,288.711320408982,445.150097025068,304.97463232337,288.711320408982,445.150097025068,2.1502536767663,3.76981573643127,2.33905566336119,26,25.9754315241687,29.9748176896316,24,24,27.9874088448158,7.34,7.85454516802879,7.65579193138472,5.1897463232337,4.08472943159753,5.31673626802353
3.65999825631253,237.499214934651,228.435637349777,412.076853727611,237.499214934651,228.435637349777,412.076853727611,2.2393392743512,3.87921442445122,2.50476956760874,26,26,30,25.9853172078044,24,28,6.51609335876118,7.85,7.65,4.27675408440998,3.97078557554878,5.14523043239126
3.66499825393044,205.260566392043,224.032564291354,301.917892207911,205.260566392043,224.032564291354,301.917892207911,2.4582086060547,4.09820896397553,2.62899866304592,26,22.0325642913539,26.0333778984695,26,22.016282145677,24.0333778984695,6.51,8.59389419537113,9.03831773553568,4.0517913939453,4.4956852313956,6.40931907248977
3.66999825154836,245.625237459069,295.341880415913,293.261749095603,245.625237459069,295.341880415913,293.261749095603,2.42036562199115,4.10990859450221,2.6396728136305,24.0182810995576,22,26,22.0365621991152,22,24,6.79734924056414,8.6,9.05,4.37698361857299,4.49009140549779,6.41032718636951
3.67499824916627,241.050700133596,324.705939225142,402.846335747655,241.050700133596,324.705939225142,402.846335747655,2.5486817965265,4.03081120213754,2.65979213256715,24,22,29.958426513429,22,22,27.958426513429,6.8,7.49135682992554,7.21922773753908,4.2513182034735,3.460545627788,4.55943560497193
3.67999824678418,186.612672701276,258.733106606672,399.173350122696,186.612672701276,258.733106606672,399.173350122696,2.67855186452426,3.98054709448259,2.83375939558293,27.9554419853618,22,30,25.9554419853618,22,28,5.97924578803743,7.48,7.2,3.30069392351317,3.49945290551741,4.36624060441707
3.6849982444021,175.133528786601,258,260.741917613521,175.133528786601,258,260.741917613521,2.85781498349199,4.06892547376398,2.97825808238648,28,20.0238783608005,26.049769074672,26,20.0238783608005,26.024884537336,5.97,7.489880608196,9.04673295759082,3.11218501650801,3.42095513443202,6.06847487520434
3.68999824202001,294.410246637613,276.754165510526,260.927133055018,294.410246637613,276.754165510526,260.927133055018,2.66262769150808,3.99103509258726,2.69093004174735,24.0525538301616,20,26,22.0525538301616,20,26,7.06541631213017,7.49,9.07,4.40278862062209,3.49896490741274,6.37906995825265
3.69499823963792,283.183793148249,308.553979703,427.58560286897,283.183793148249,308.553979703,427.58560286897,2.89660689572463,3.80264824551344,2.79828563517323,24,21.9721237314375,29.9428545057744,22,21.9721237314375,27.9714272528872,7.08,6.75045360071093,7.69985805924338,4.18339310427537,2.9478053551975,4.90157242407015
3.69999823725584,224.893107273852,262.702067727406,415.575666308262,224.893107273852,262.702067727406,415.575666308262,2.87045412234264,3.78029875222443,2.92501089199506,24,22,30,23.9697251771576,22,28,5.99665115256334,6.74,7.68,3.1261970302207,2.95970124777557,4.75498910800494
3.70499823487375,216.129095106893,266.92031455919,297.94389719923,216.129095106893,266.92031455919,297.94389719923,3.04709536009491,3.84888440382866,3.02836647294182,24,20.031874176324,28.0326705411635,24,20.031874176324,26.0326705411635,5.98,7.47804718387851,9.05713062118553,2.9329046399051,3.62916278004985,6.02876414824371
3.70999823249166,276.949723118126,342.695884487108,296.856921009605,276.949723118126,342.695884487108,296.856921009605,2.78457378642107,3.74186302216127,2.92029048169817,22.0338798994153,20,28.0145240849086,20.0677597988306,20,26.0290481698171,6.25525681408186,7.49,9.07331892094206,3.47068302766079,3.74813697783873,6.15302843924389
3.71499823010958,280.946191873872,386.228750192166,411.93390929,280.946191873872,386.228750192166,411.93390929,2.82910319789787,3.43556017303322,2.9592996302678,22,20,29.9649815133898,20,20,29.9299630267797,6.26,6.75345203153198,8.17610850384068,3.43089680210213,3.31789185849876,5.21680887357288
3.71999822772749,225.079324582029,331.079324582039,397.553904991409,225.079324582029,331.079324582039,397.553904991409,2.80056806556949,3.45943193443051,3.11,22,20,29.9787573805433,23.9242579240681,20,29.9787573805433,5.44571648075586,6.74,8.16748802335849,2.64514841518638,3.28056806556949,5.05748802335849
3.7249982253454,210.279089942929,325.037123429215,315.634692995196,210.279089942929,325.037123429215,315.634692995196,2.91760780048918,3.45958236142133,3.11,22,18,26.0778425235807,24,18,26.0778425235807,5.43,6.74,9.54256051043779,2.51239219951082,3.28041763857866,6.43256051043779
3.72999822296332,278.534586899534,333.105587599629,436.889816293567,278.534586899534,333.105587599629,436.889816293567,2.68502427348731,3.36905335255505,2.87060423322883,22,18.0145638068453,26.0071086262215,20.0837378914552,18.0072819034227,26.014217252443,5.97827669519627,6.7372692862165,9.56342452074513,3.29325242170896,3.36821593366145,6.69282028751631
3.73499822058123,284.890330250979,361.83094561465,406.65772615211,284.890330250979,361.83094561465,406.65772615211,2.68,3.10978868201831,3.03639311464972,22,22,27.9575660547026,20,20,29.9151321094052,5.99,5.99,7.75925139940011,3.31,2.88021131798169,4.72285828475039
3.73999821819914,257.642135948852,297.954024060744,228.958323936466,257.642135948852,297.954024060744,228.958323936466,2.56275201120937,3.03,3.20017632180726,23.9541331465106,21.9967160043388,27.9967941489589,21.9541331465106,20,29.9935882979178,5.4526133847096,5.99183903757026,7.72224409572877,2.88986137350023,2.96183903757026,4.52206777392151
3.74499821581706,243.335060651591,270.043691420526,203.602377366209,243.335060651591,270.043691420526,203.602377366209,2.64784603866835,3.0299678739555,3.30745148037373,24,20,26.0463367204776,22,20,26.0926734409552,5.44,7.11,9.08756429566566,2.79215396133165,4.0800321260445,5.78011281529193
3.74999821343497,318.972187844669,337.975726988596,300.964144302069,318.972187844669,337.975726988596,300.964144302069,2.37010246583543,2.9800178478025,3.37997438878719,20.001463797649,20,26,20.0007318988245,20,26,5.99979506832914,7.11,9.12,3.62969260249371,4.1299821521975,5.74002561121281
3.75499821105288,314.006782164952,349.983722804113,282.477275208749,314.006782164952,349.983722804113,282.477275208749,2.44989148536077,2.89012207896915,3.5554784453908,20,21.9972871340189,29.8995210086843,20,20,29.8995210086843,6,6.74050188020651,7.7746652520039,3.55010851463923,3.85037980123736,4.2191868066131
3.7599982086708,269.106015946882,321.068321388001,176.25596577836,269.106015946882,321.068321388001,176.25596577836,2.33028270919169,2.84011779549655,3.77946875027133,23.9905763602771,22,30,21.9952881801386,20,30,5.16197896434181,6.74,7.74,2.83169625515012,3.89988220450345,3.96053124972867
3.76499820628871,256.043620029327,323.990531348146,199.350292749942,256.043620029327,323.990531348146,199.350292749942,2.40973156905029,2.89981062696293,3.8870221751039,24,18.012624869138,26.1082845416764,22,18.006312434569,26.1082845416764,5.16,7.11880063743189,9.54964768812047,2.7502684309497,4.21899001046896,5.66262551301657
3.76999820390662,353.573223346459,324,376.246024472052,353.573223346459,324,376.246024472052,2.10135000778161,2.80041550636118,3.64106493718637,20.0174194552466,18,26,20.0087097276233,18,26,5.99634191439822,7.12,9.6,3.89499190661661,4.31958449363882,5.95893506281363
3.77499820152454,360.962519614736,407.567018593605,374.086482431518,360.962519614736,407.567018593605,374.086482431518,2.03037480385264,2.46175254378779,3.68855862614137,20,21.9793818377907,27.9423450456549,20,21.9793818377907,27.9423450456549,6,5.99582463082412,7.81304255799747,3.96962519614736,3.53407208703633,4.1244839318561
3.77999819914245,314.298629431546,408,222.958781557971,314.298629431546,408,222.958781557971,1.83127076353849,2.43018462052479,3.87880152305254,21.9872923646151,22,28,21.9872923646151,22,28,5.17527366868475,5.99,7.76,3.34400290514626,3.55981537947522,3.88119847694746
3.78499819676036,293.154419187289,280.915647287421,232.661432487611,293.154419187289,280.915647287421,232.661432487611,1.8994852693757,2.47964232527835,3.85092336594288,22,20.014306988866,24.1231154590506,22,20.014306988866,24.1231154590506,5.17,7.47926975835054,8.66137565577075,3.2705147306243,4.99962743307219,4.81045228982787
3.78999819437828,356.478105557495,280,326.214472979299,356.478105557495,280,326.214472979299,1.65203865016604,2.49983694057253,3.78058496693031,20.0163092013283,20,24,20.0163092013283,20,24,5.71551496963472,7.49,8.69,4.06347631946869,4.99016305942747,4.90941503306969
3.79499819199619,359.972542655058,371.157974755105,325.065460504706,359.972542655058,371.157974755105,325.065460504706,1.55091524483139,2.48018304896628,3.83803618485883,20,21.9816951033719,25.9345394952943,20,21.9816951033719,27.8690789905887,5.72,6.74686433623555,6.90055096685273,4.16908475516861,4.26668128726927,3.0625147819939
3.7999981896141,330.304557757627,372,188.435968309253,330.304557757627,372,188.435968309253,1.43121823103051,2.55918784597966,3.90927161027792,23.9593922989831,22,26,21.9796961494916,22,28,5.17558355888982,6.74,6.84,3.74436532785932,4.18081215402034,2.93072838972209
3.80499818723202,321.100362619751,304.744857758394,192.79191016035,321.100362619751,304.744857758394,192.79191016035,1.43,2.57978092418871,4.01618501960643,24,20.0219075811292,26,22,20.0219075811292,24.1387265597664,5.17,7.48178465707654,8.19144570408177,3.74,4.90200373288783,4.17526068447535
3.80999818484993,403.979326152656,313.880489210648,323.356010688162,403.979326152656,313.880489210648,323.356010688162,1.16328073736646,2.5997609784213,3.78298907147607,20.0486035165402,20,26,20.0243017582701,20,24,5.98991477031791,7.49,8.24,4.82663403295144,4.8902390215787,4.45701092852393
3.81499818246784,405.986849643925,377.171164423953,321.145780360638,405.986849643925,377.171164423953,321.145780360638,1.06131503560754,2.20518022235029,3.80890664729522,20,21.9740988882485,26,20,21.9740988882485,24,6,6.75958341134804,7.35352948294671,4.93868496439246,4.55440318899775,3.54462283565149
3.81999818008576,349.806540481895,417.441998687351,251.015198425412,349.806540481895,417.441998687351,251.015198425412,0.931839478292042,2.18027900065632,3.92828417167536,23.9434006679372,22,26,21.9717003339686,22,24,5.18174436140304,6.75,7.32,4.249904883111,4.56972099934368,3.39171582832464
3.82499817770367,319.454479298689,351.016566663441,268.270601983555,319.454479298689,351.016566663441,268.270601983555,1.02848506900437,2.29820605882922,3.83383893692866,24,20.029899019513,24.0767787385731,22,20.029899019513,24,5.17,7.47893736278021,7.32961610630713,4.14151493099563,5.18073130395098,3.49577716937848
3.82999817532158,391.804989769649,311.622010481182,284.738440537642,391.804989769649,311.622010481182,284.738440537642,0.84306826951036,2.3984051013303,3.70212517063166,22.0322975737933,20,24,22,20,24,5.99643501900683,7.49,7.33,5.15336674949647,5.0915948986697,3.62787482936834
3.8349981729395,393.98304814938,345.406803772688,259.709982917921,393.98304814938,345.406803772688,259.709982917921,0.781017111037227,2.31152536172737,3.80065253843468,22,21.966103072725,26,22,21.966103072725,24,6.01,6.76254186309174,6.87,5.22898288896277,4.45101650136436,3.06934746156532
3.83999817055741,375.341010870975,359.748728831913,220.700834348296,375.341010870975,359.748728831913,220.700834348296,0.770179479405776,2.39838468534801,3.88842312271633,23.9641041188447,22,26,23.9641041188447,22,24,5.73502542336174,6.75,6.87,4.96484594395596,4.35161531465199,2.98157687728367
3.84499816817532,353.416843185395,297.212634721161,248.291447170403,353.416843185395,297.212634721161,248.291447170403,0.877915784073024,2.4,3.76989401921076,24,22,22,24,20.0378948350363,22,5.73,7.4857894368614,7.34,4.85208421592698,5.0857894368614,3.57010598078924
3.84999816579324,402.982708382618,304.254569156426,301.929026453638,402.982708382618,304.254569156426,301.929026453638,0.742792565224185,2.36888915277196,3.75038944492595,22.0398937889169,22,22,22.0398937889169,20.0092570602337,22,6.27882973910326,7.4982411585556,7.34,5.53603717387908,5.12935200578364,3.58961055507405
3.85499816341115,406.937160885804,359.076210116703,311.677614508533,406.937160885804,359.076210116703,311.677614508533,0.612723028281843,2.13003629053176,3.68035426977084,22,22,24,22,22,24,6.29,7.12,5.95,5.67727697171816,4.98996370946824,2.26964573022916
3.85999816102906,362.009509023604,379.886928221848,222.931801512643,362.009509023604,379.886928221848,222.931801512643,0.590438916966784,2.14049961948486,3.7778771411949,27.8683249099647,21.9947408475278,24,25.9122166066432,21.9894816950556,24,5.75207021658657,7.12099923896972,5.95,5.16163129961978,4.98049961948486,2.1721228588051
3.86499815864698,329.734250408951,336.938056226767,251.162313632061,329.734250408951,336.938056226767,251.162313632061,0.736558201208043,2.32998369900704,3.6096339986728,28,20,22,26,18,22,5.74,7.5,6.88,5.00344179879196,5.17001630099296,3.2703660013272
3.86999815626489,424.653409382436,299.013243069457,350.635642484606,424.653409382436,299.013243069457,350.635642484606,0.7302394480222,2.3200126124471,3.38533139439746,24.0957792088802,20.0025224894204,22,24.0478896044401,18.0025224894204,22,7.09671672491414,7.4992937029623,6.88,6.36647727689194,5.1792810905152,3.49466860560254
3.8749981538828,427.999621852274,319.992254053714,348.001890351422,427.999621852274,319.992254053714,348.001890351422,0.660026470340819,2.3399926229083,3.37000378070284,24,23.9985245816598,23.9992438594314,24,21.9985245816598,23.9992438594314,7.13,6.38041311713527,5.96034782466155,6.46997352965918,4.04042049422697,2.59034404395871
3.87999815150072,353.102624864404,328.98768501627,279.759195426185,353.102624864404,328.98768501627,279.759195426185,0.849740017010176,2.40990421679321,3.39924605910306,27.9945266738985,24,24,27.9945266738985,22,24,6.31112203185082,6.38,5.96,5.46138201484064,3.97009578320679,2.56075394089694
3.88499814911863,328.059195211643,237.217838378878,295.956314588428,328.059195211643,237.217838378878,295.956314588428,1.03955011639151,2.40002367808466,3.24038831476953,28,22.0047356169321,22.0048539346192,28,22,20.0097078692383,6.31,7.86647196538556,6.88774292040209,5.27044988360849,5.4664482873009,3.64735460563256
3.88999814673654,416.700311598839,241.984159409013,400.102145662109,416.700311598839,241.984159409013,400.102145662109,0.980202037124378,2.52958814463435,2.91893730777107,26.0067345708126,22,22,24.0134691416252,22,20,7.416262313199,7.87,6.89,6.43606027607462,5.34041185536565,3.97106269222893
3.89499814435445,420.982532950613,343.574969861026,388.064079205888,420.982532950613,343.574969861026,388.064079205888,0.900349340987731,2.5001250088644,2.89008543894118,26,22,22,24,22,23.9829122117632,7.42,7.50154177599432,5.50593800641229,6.51965065901227,5.00141676712992,2.6158525674711
3.89999814197237,350.381002989374,357.927669852778,286.028104720359,350.381002989374,357.927669852778,286.028104720359,0.999463376071304,2.44030998634524,2.78317230018323,27.9892675214261,22,22,25.9892675214261,22,24,6.60440031621531,7.5,5.5,5.60493694014401,5.05969001365476,2.71682769981677
3.90499813959028,315.222800067961,344.086322824389,291.94312027699,315.222800067961,344.086322824389,291.94312027699,1.21859954242996,2.65864349847388,2.70050559753787,28,20.0123318320556,20.0126399384466,26,18.0246636641113,22.0126399384466,6.6,7.50993834083972,6.42412242862232,5.38140045757004,4.85129484236584,3.72361683108445
3.90999813720819,343.786409398134,332.085984715616,380.19806630499,343.786409398134,332.085984715616,380.19806630499,1.27955808840993,2.64014330785936,2.45769762004124,26.0147303863356,20,20,24.0147303863356,18,22,7.15587549182603,7.51,6.43,5.8763174034161,4.86985669214064,3.97230237995876
3.91499813482611,339.040832507885,341.918351300915,382.008368866249,339.040832507885,341.918351300915,382.008368866249,1.26016333003154,2.47138802788444,2.27150639592475,26,21.9836702601831,23.9665245350056,24,21.9673405203661,23.9832622675028,7.16,6.39914465429749,5.5077830456112,5.89983666996846,3.92775662641305,3.23627664968645
3.91999813244402,282.522367770387,371.725069594528,299.783058759187,282.522367770387,371.725069594528,299.783058759187,1.48789220022476,2.47990835653151,2.2506548373551,29.9633426126045,22,24,27.9633426126044,22,24,6.61504039076689,6.39,5.5,5.12714819054213,3.91009164346849,3.2493451626449
3.92499813006193,254.284587066098,284.894416493451,281.166684212384,254.284587066098,284.894416493451,281.166684212384,1.80674757638745,2.43050819118946,2.30937493420356,30,20.0203276475784,22.0208355265479,28,20.0203276475784,22.0208355265479,6.61,7.49861651735608,6.88541513141644,4.80325242361255,5.06810832616662,4.57604019721288
3.92999812767985,331.129262543096,269.164485372161,400.698036337356,331.129262543096,269.164485372161,400.698036337356,1.85944183496352,2.56846480319316,2.03971411149629,26.0446532029182,20,22,26.0223266014591,20,22,7.71749710318291,7.51,6.9,5.85805526821939,4.94153519680684,4.86028588850371
3.93499812529776,317.182441665051,326.306147306727,392.16206658389,317.182441665051,326.306147306727,392.16206658389,2.01805395557279,2.46131592752172,2.06950133358803,26,21.9760740450596,25.9501333588031,26,20,23.9750666794015,7.73,6.76897223310267,5.98159399407829,5.71194604442721,4.30765630558094,3.91209266049026
3.93999812291567,254.829222040454,335.883337910304,319.734253087082,254.829222040454,335.883337910304,319.734253087082,2.16802566180844,2.51922225273536,2.07,27.9736754907792,22,26,27.9736754907792,20,24,6.92079304878051,6.76,5.97,4.75276738697207,4.24077774726464,3.9
3.94499812053359,234.283234631014,274.865639743776,312.071553825938,234.283234631014,274.865639743776,312.071553825938,2.37702603637435,2.69748685235678,2.11928446174062,28,20.0279238627025,22.0572430607505,28,20,22.0286215303752,6.91,7.13469446608653,7.34996492873734,4.53297396362565,4.43720761372975,5.23068046699672
3.9499981181515,299.984199031083,259.224421124372,418.737490699536,299.984199031083,259.224421124372,418.737490699536,2.3012128966793,2.70985038591709,2.04307207877511,26.0303224169826,20,22,26.0303224169826,20,22,7.46150972324488,7.14,7.37,5.16029682656557,4.43014961408291,5.32692792122489
3.95499811576941,285.258570966906,292.457329902113,421.032719324426,285.258570966906,292.457329902113,421.032719324426,2.51644464920504,2.5623941327848,1.93179956284343,26,21.9680782295361,25.934561351148,26,21.9680782295361,25.934561351148,7.47,6.76606513638815,6.00273993047606,4.95355535079496,4.20367100360335,4.07094036763263
3.95999811338733,250.593731303664,322.491189134826,304.833507332058,250.593731303664,322.491189134826,304.833507332058,2.64779471230068,2.61898237826965,1.94043432869898,27.9660724969335,22,25.9855223767007,27.9660724969335,22,25.9855223767007,6.93916042582795,6.76,5.99353657778486,4.29136571352727,4.14101762173035,4.05310224908588
3.96499811100524,236.251437747577,290.592674690717,282.403246904523,236.251437747577,290.592674690717,282.403246904523,2.8365876305686,2.76730602413311,1.99894805155342,28,20.0359196782253,24.0350649482194,28,18.0718393564505,24.0350649482194,6.93,7.49653012066553,7.81721427341485,4.0934123694314,4.72922409653242,5.81826622186144
3.96999810862315,308.597010612081,272.341267688956,419.941838335345,308.597010612081,272.341267688956,419.941838335345,2.66341267688953,2.71113755896319,1.90015862272179,26.0379186321059,20,24.0211496962382,22.1137558963177,18,24.0105748481191,7.47938278301034,7.51,7.84508269562461,4.81597010612081,4.79886244103681,5.94492407290282
3.97499810624107,299.219546722928,330.078482736891,409.214322478698,299.219546722928,330.078482736891,409.214322478698,2.79720576898092,2.58990766736836,1.92941548414901,26,20,27.9220645532008,22,20,25.9610322766004,7.49,6.39,6.93811999138082,4.69279423101908,3.80009233263164,5.00870450723181
3.97999810385898,228.508995435239,346.707010474058,323.890536448513,228.508995435239,346.707010474058,323.890536448513,2.87832333840529,2.57043405855695,2.02060028399203,26,20,27.9858756707759,25.9161669202645,19.9927656907175,25.9929378353879,6.41305409692727,6.39133834721726,6.92494351522845,3.53473075852198,3.82090428866031,4.90434323123642
3.98499810147689,208.41719719061,265.97644090069,293.658446307053,208.41719719061,265.97644090069,293.658446307053,3.0658280280939,2.68989529289196,2.18638916541293,26,20,24.0849608138133,26,18,24.0424804069067,6.39,6.76,8.29026371516534,3.3241719719061,4.07010470710804,6.10387454975241
3.98999809909481,293.002721528121,257.056637026621,394.987362442273,293.002721528121,257.056637026621,394.987362442273,2.84528016147738,2.64975726988591,2.14003159389432,22.0918288952588,20.0032364015212,24.0063187788637,22.0918288952588,18.0032364015212,24.0063187788637,6.93714395466376,6.75940126571858,8.31782002129201,4.09186379318638,4.10964399583267,6.17778842739769
3.99499809671272,291.09582680302,292.014230647862,387.185532728347,291.09582680302,292.014230647862,387.185532728347,2.90832303094715,2.5000061872382,2.15953616817913,22,22,27.9072336358263,22,20,27.9072336358263,6.95,6.39,6.97200439563993,4.04167696905285,3.8899938127618,4.8124682274608
3.99999809433063,226.025372492581,314.991242678239,261.049173528589,226.025372492581,314.991242678239,261.049173528589,2.88001171038119,2.5099961924688,2.32993365476302,25.9984386158412,22,28,23.9992193079206,20,28,5.84043328410408,6.39,6.94,2.96042157372289,3.8800038075312,4.61006634523699
4.00499809194855,199.037266211633,284.04278713188,241.502859572672,199.037266211633,284.04278713188,241.502859572672,3.05975155858912,2.67976536088969,2.45673141277763,26,18.0055209202426,26.0502859572672,24,18.0027604601213,26.0502859572672,5.84,7.13896482745452,8.75323405974147,2.78024844141088,4.45919946656482,6.29650264696384
4.00999808956646,285.792965490931,267.04045501902,373.675591304337,285.792965490931,267.04045501902,373.675591304337,2.89040455019014,2.65007139121003,2.46,22.0095188280032,18,26,22.0047594140016,18,26,6.67800104611933,7.14,8.8,3.7875964959292,4.48992860878997,6.34
4.01499808718437,285.003379183941,324.815558891614,366.21675492979,285.003379183941,324.815558891614,366.21675492979,2.88003379183941,2.44066780401312,2.45027094366224,22,19.9936399617798,27.9458112675526,22,19.9936399617798,26,6.68,6.02356162140332,7.90492681692582,3.79996620816059,3.5828938173902,5.45465587326358
4.01999808480229,223.271476974661,351.887170761591,281.364152356699,223.271476974661,351.887170761591,281.364152356699,2.9397372803471,2.51966569114546,2.6192716952866,23.9912426782367,20,28,23.9912426782367,20,26,5.85363428853175,6.02,7.88,2.91389700818465,3.50033430885454,5.2607283047134
4.0249980824202,204.102184618617,261.47122872363,269.346208495726,204.102184618617,261.47122872363,269.346208495726,3.06930084208315,2.51005178337622,2.79480687256411,24,18.0103566752446,26.0577014159543,24,20,26,5.85,6.75616803015949,8.33644016725074,2.78069915791685,4.24611624678327,5.54163329468662
4.02999808003811,287.464280359953,259.012355629126,325.639066592781,287.464280359953,259.012355629126,325.639066592781,2.84146685139537,2.47024711258251,2.66088650310545,22.0127552295249,18,26,20.0255104590498,20,26,6.40642853573302,6.76,8.35,3.56496168433766,4.28975288741749,5.68911349689455
4.03499807765603,272.118033467245,318.569362509822,303.708448198047,272.118033467245,318.569362509822,303.708448198047,3.02859835257647,2.33100482081041,2.8732235389752,22,19.9856454169941,27.9383958088655,20,21.9856454169941,27.9383958088655,6.41,6.39265559785609,7.91386094300527,3.38140164742353,4.06165077704568,5.04063740403006
4.03999807527394,227.368028112038,337.844641399574,251.435815227339,227.368028112038,337.844641399574,251.435815227339,2.97049070414938,2.31016353536887,3.05849140882844,23.9836431950205,20,28,21.9836431950205,22,28,5.58678807406648,6.39,7.9,2.6162973699171,4.07983646463113,4.84150859117156
4.04499807289185,204.211053643827,305.302816097671,258.737972134741,204.211053643827,305.302816097671,258.737972134741,3.15825651337708,2.4586235631924,3.15672465168426,24,18.0183524907679,24.1310139326294,22,18.0367049815359,24.1310139326294,5.58,7.12320957841586,8.79953926066366,2.42174348662292,4.66458601522346,5.64281460897939
4.04999807050977,283.18594221407,286.193338724158,344.103023518303,283.18594221407,286.193338724158,344.103023518303,2.83335798836696,2.46,3.11052149795447,22.0203514446482,18,24,20.0203514446482,18,24,6.13430159549849,7.13,8.83,3.30094360713153,4.67,5.71947850204552
4.05499806812768,284,337.429165195704,331.485868190448,284,337.429165195704,331.485868190448,2.83988824800735,2.23252484624977,3.24514131809552,22,21.9560896304388,25.9305902585074,20,19.9780448152194,25.9305902585074,6.14,6.02229490347714,7.04420401088065,3.30011175199265,3.78977005722737,3.79906269278513
4.05999806574559,264.243493524103,368.628778843836,198.672166719402,264.243493524103,368.628778843836,198.672166719402,2.67206969495487,2.34856301487936,3.37837774870506,23.9756506475897,22,26,23.9513012951795,20,26,5.59669607191282,6.01,6.98,2.92462637695795,3.66143698512064,3.60162225129494
4.06499806336351,241.303005522346,274.245537882797,222.051823537101,241.303005522346,274.245537882797,222.051823537101,2.76868258468545,2.36974051294108,3.30291746603969,24,18.0518974117832,24.0729366509923,24,18.0259487058916,24.0729366509923,5.59,7.1154687247007,7.88571977403364,2.82131741531455,4.74572821175961,4.58280230799395
4.06999806098142,327.752720552451,262.153712128749,321.567703899668,327.752720552451,262.153712128749,321.567703899668,2.50382688012316,2.42916157020682,3.1817187553204,18.0850417805147,18,24,18.0850417805147,18,24,6.4082358870288,7.13,7.92,3.90440900690564,4.70083842979318,4.7382812446796
4.07499805859933,320.136557963237,338.832082067536,313.384126000912,320.136557963237,338.832082067536,313.384126000912,2.61817922715685,2.40044919920479,3.25692699199271,18,19.9700533863471,25.9231747998177,18,19.9700533863471,25.9231747998177,6.42,6.02677010364564,7.02572371808479,3.80182077284315,3.62632090444085,3.76879672609208
4.07999805621725,226.536395476829,351.808326594796,240.211517494117,226.536395476829,351.808326594796,240.211517494117,2.47242588759499,2.31143755053903,3.36819909561685,21.9353096641335,20,26,21.9353096641335,20,26,4.78684648938459,6.01,6.99,2.31442060178959,3.69856244946097,3.62180090438315
4.08499805383516,217.135805219568,277.289891813768,262.628766073519,217.135805219568,277.289891813768,262.628766073519,2.49949073042662,2.40830277392925,3.27949409626269,22,18.0339445214149,22,22,18.0339445214149,22,4.76,6.7472708044694,7.93,2.26050926957338,4.33896803054015,4.65050590373732
4.08999805145307,328.951221908171,272.071886950591,347.473664212455,328.951221908171,272.071886950591,347.473664212455,2.22503208654133,2.38053915212943,3.21122808626584,20.0359434752952,18,22,18.0718869505905,18,22,5.85005137121114,6.76,7.93,3.62501928466981,4.37946084787057,4.71877191373416
4.09499804907099,341.791316639533,330.861727124713,342.250835170671,341.791316639533,330.861727124713,342.250835170671,2.1218971214588,2.10531194008467,3.22073861321201,20,19.9620575708238,26,18,19.9620575708238,24,5.87,6.02422841094109,6.08,3.7481028785412,3.91891647085642,2.85926138678799
4.0999980466889,291.038475959479,363.696087618907,203.7683577485,291.038475959479,363.696087618907,203.7683577485,1.97299560372927,2.15059861529609,3.3572706332057,23.9201172338862,19.9907905339063,26,21.9201172338862,19.9907905339063,24,5.05657567396861,6.01345354978514,6.08,3.08358007023935,3.86285493448905,2.7227293667943
4.10499804430681,255.733955896407,297.909868597341,222.450491763688,255.733955896407,297.909868597341,222.450491763688,2.11685447472968,2.27956736926724,3.27947207996443,24,18,22,22,18,22,5.04,6.76,7.47,2.92314552527032,4.48043263073276,4.19052792003557
4.10999804192473,342.044701558589,273.158952529138,347.279767186489,342.044701558589,273.158952529138,347.279767186489,2.012416660995,2.15976547987504,3.13318777282833,20.0878785816364,18.0104231166648,22,18.0878785816364,18.0052115583324,22,6.12561369359589,6.75804566562535,7.47,4.11319703260089,4.59828018575031,4.33681222717167
4.11499803954264,340.091876489399,334.028913440059,347.827511275511,340.091876489399,334.028913440059,347.827511275511,2.0197703087765,2.07009637813353,3.10004704237941,20,22,26,18,20,24,6.15,6.01,6.09,4.1302296912235,3.93990362186647,2.98995295762059
4.11999803716055,273.629864751728,351.960556356474,240.552352709041,273.629864751728,351.960556356474,240.552352709041,1.89311591790772,2.12996965873575,3.12930390380662,21.9520628014198,21.99878634943,26,21.9041256028395,19.99878634943,24,5.06660514521203,6.01067964431922,6.09,3.17348922730432,3.88070998558347,2.96069609619337
4.12499803477847,251.008453431424,287.025522357584,234.001609847662,251.008453431424,287.025522357584,234.001609847662,1.93997987278232,2.08001963258276,3.14999195076169,22,20.0007853033103,22.0016098476625,22,18.0007853033103,22.0008049238312,5.04,7.12956023014625,7.47944057793729,3.10002012721768,5.04954059756349,4.32944862717561
4.12999803239638,322.899766741127,295.987470842639,350.981448715689,322.899766741127,295.987470842639,350.981448715689,1.77023666186123,2.10995823614213,2.97452782692647,20.0027842571909,20,22,20.0027842571909,18,22,5.86884453326577,7.13,7.48,4.09860787140454,5.02004176385787,4.50547217307353
4.13499803001429,329.983258761249,376.806279951572,341.031867666232,329.983258761249,376.806279951572,341.031867666232,1.66026307660894,1.8506218174394,2.99992645923177,20,20,25.9901945642364,20,19.9952167889277,25.9901945642364,5.87,6.38179370415211,6.09340738892785,4.20973692339106,4.53117188671271,3.09348092969608
4.13999802763221,295.11868788667,401.920201999427,241.764810125855,295.11868788667,401.920201999427,241.764810125855,1.55037301907239,1.88987232319908,2.99027105981626,23.9864356700948,20,26,21.9932178350474,20,26,5.32186509536196,6.38,6.09,3.77149207628957,4.49012767680092,3.09972894018374
4.14499802525012,271.105373425999,334.284971626742,239.995703656313,271.105373425999,334.284971626742,239.995703656313,1.62964875524667,2.00949710889398,2.99,24,18.0083815184336,22.0171853747467,22,18.0083815184336,22.0171853747467,5.32,6.74844941908979,7.95196583730594,3.69035124475333,4.7389523101958,4.96196583730594
4.14999802286803,340.622697455014,308.13494614009,388.584064522942,340.622697455014,308.13494614009,388.584064522942,1.56037730254499,2.00005190236157,2.76663833437728,22.0107800727139,18,22,20.0107800727139,18,22,6.14552626982373,6.75,7.96,4.58514896727875,4.74994809763843,5.19336166562272
4.15499802048595,326.095842699462,328.870016024946,375.114198495382,326.095842699462,328.870016024946,375.114198495382,1.70904157300538,1.87080466270271,2.77987311278291,22,21.9752411476088,23.9873112782909,20,19.9876205738044,23.9873112782909,6.15,6.01458038769237,6.11180051118945,4.44095842699462,4.14377572498966,3.33192739840654
4.15999801810386,301.184724755945,349.849027009203,228.652870356405,301.184724755945,349.849027009203,228.652870356405,1.65044333941427,1.86007189190038,2.86722676601274,23.9852220195244,22,24,21.9852220195244,20,24,5.60406394463078,6.01,6.1,3.95362060521651,4.14992810809962,3.23277323398726
4.16499801572177,284.139235157843,291.483131351729,232.924460679082,284.139235157843,291.483131351729,232.924460679082,1.7690171635917,1.79057320668849,2.8600839325788,24,20.0163773339569,22.0167865157597,22,18.0163773339569,22.0167865157597,5.6,7.12082869298413,7.03211033759296,3.8309828364083,5.33025548629564,4.17202640501417
4.16999801333969,348.402770645279,286.045940719595,320.05114112963,348.402770645279,286.045940719595,320.05114112963,1.56192951022294,1.93862177841216,2.74393181182716,22.0183762878376,20,22,22,18,22,6.15485463940548,7.13,7.04,4.59292512918254,5.19137822158784,4.29606818817284
4.1749980109576,337.122251450309,342.41930561103,323.989557845095,337.122251450309,342.41930561103,323.989557845095,1.61938874274845,1.76183377175464,2.68062652929431,22,21.9796247582818,25.9582313803796,22,21.9592495165635,23.9791156901898,6.16,6.38764071564434,6.11971120406175,4.54061125725155,4.6258069438897,3.43908467476744
4.17999800857551,315.246116151592,356.846147093757,254.4995870027,315.246116151592,356.846147093757,254.4995870027,1.62,1.71054947466516,2.68965283513851,23.9776258044008,22,26,23.9776258044008,22,24,5.88313238738389,6.38,6.11,4.26313238738389,4.66945052533485,3.42034716486149
4.18499800619343,289.316850943243,298.707219697878,246.074946311583,289.316850943243,298.707219697878,246.074946311583,1.80768455079938,1.86808211607355,2.69,24,18.0479470981612,24.0249821038611,24,18.0479470981612,22.0249821038611,5.88,7.48657481251487,7.49251252729722,4.07231544920062,5.61849269644131,4.80251252729722
4.18999800381134,353.142906640771,278.259725029616,356.804806536092,353.142906640771,278.259725029616,356.804806536092,1.64224162878568,1.84038958754442,2.54547199147466,20.0527442067218,18,24,20.0527442067218,18,22,6.43261581105895,7.5,7.51,4.79037418227327,5.65961041245558,4.96452800852534
4.19499800142925,344.141855286208,357.867155997874,354.100346097733,344.141855286208,357.867155997874,354.100346097733,1.74843959185171,1.7611188582737,2.51043005470457,20,19.9720285431574,24,20,19.9720285431574,23.9713296863621,6.44,6.03083873534774,6.59333169584161,4.69156040814829,4.26971987707404,4.08290164113704
4.19999799904717,278.017395372606,376.730266303494,277.073937239479,278.017395372606,376.730266303494,277.073937239479,1.70075925027806,1.87820177535662,2.63500485198585,25.9088899666323,20,24,21.9696299888774,20,24,5.34685535617302,6.01,6.58,3.64609610589496,4.13179822464337,3.94499514801415
4.20499799666508,260.275136202527,257.934146558537,289.737855138492,260.275136202527,257.934146558537,289.737855138492,1.81805786209981,1.98824168494678,2.54163840538442,26,20,22.0327681076884,22,20,22.0327681076884,5.33,6.73817133509655,7.04229949469322,3.51194213790019,4.74992965014977,4.5006610893088
4.20999799428299,368.131369130528,244.20380991091,343.949490934085,368.131369130528,244.20380991091,343.949490934085,1.57424688833971,1.99,2.48050509065915,22.0679502134354,20,22.0144311616901,20.0339751067177,20,22.0288623233802,6.42114381577169,6.75,7.04336166562256,4.84689692743198,4.76,4.56285657496341
4.21499799190091,368.035967272365,297.028883646139,337.1228899344,368.035967272365,297.028883646139,337.1228899344,1.55035967272365,1.96053950908548,2.548771100656,22,21.9640327276348,23.9648885901714,20,21.9640327276348,25.9297771803427,6.44,6.75,6.14615124852118,4.88964032727635,4.78946049091452,3.59738014786518
4.21999798951882,320.911189429901,306.829151981892,267.01052838651,320.911189429901,306.829151981892,267.01052838651,1.39303729809967,1.93056949339369,2.64005264193255,23.9620337737541,22,23.9894716134901,23.9240675475082,22,25.9789432269802,5.63556615276081,6.75,6.13731722862436,4.24252885466114,4.81943050660631,3.49726458669181
4.22499798713673,302.359686621142,301.903550475251,268.960985814991,302.359686621142,301.903550475251,268.960985814991,1.43900087049683,2.18027557007071,2.64980492907496,24,18,22.0390141850088,24,20,22.0780283700177,5.62,7.5,7.49288514141885,4.18099912950317,5.31972442992929,4.84308021234389
4.22999798475465,375.426344974717,281.208414739139,389.940366524474,375.426344974717,281.208414739139,389.940366524474,1.26377677206068,2.23931726206144,2.48024554960511,22.0419641340076,18.0143734302854,22.007015703003,20.0839282680151,20,22.014031406006,6.43258488438687,7.49597543952008,7.51515916492793,5.16880811232619,5.25665817745864,5.03491361532282
4.23499798237256,383.846129192391,339.080410299567,373.361478382384,383.846129192391,339.080410299567,373.361478382384,1.2110990771972,2.05051877612624,2.54851155960195,22,22,23.9574731314843,20,20,25.9149462629686,6.45,6.38,6.16934353927585,5.2389009228028,4.32948122387376,3.6208319796739
4.23999797999047,331.240975127778,369.843748438328,255.007782319556,331.240975127778,369.843748438328,255.007782319556,1.16114905104424,2.25019132844286,2.66995330608266,25.9080759164609,21.9936223852379,23.9968870721775,23.9080759164609,19.9968111926189,25.9937741443551,5.63907424733437,6.38119580276789,6.1421634848366,4.47792519629013,4.13100447432503,3.47221017875394
4.24499797760839,313.407668463027,271.992860879,259.883925890759,313.407668463027,271.992860879,259.883925890759,1.25760195021749,2.370011898535,2.64069644465544,26,18,22.0464296436963,24,18,22.0928592873925,5.62,7.13,7.49773139763109,4.36239804978251,4.759988101465,4.85703495297565
4.2499979752263,405.961428931944,260.004854602282,376.951485045446,405.961428931944,260.004854602282,376.951485045446,1.14004976912007,2.3899919089962,2.57002902604119,22.0016589706691,18,22,22.0008294853345,18,22,6.72953963563934,7.13,7.53,5.58948986651926,4.7400080910038,4.95997097395881
4.25499797284421,408.995787918609,317.918566426423,373.100664837753,408.995787918609,317.918566426423,373.100664837753,1.04014040271305,2.2402106040696,2.55050332418876,22,19.9971919457387,25.8993351622471,22,19.9971919457387,25.8993351622471,6.73,6.01157251038631,6.17498103111915,5.68985959728696,3.77136190631671,3.62447770693039
4.25999797046213,351.139403236105,340.944719406364,267.26113680419,351.139403236105,340.944719406364,267.26113680419,1.02004807008142,2.27990385983715,2.59987682226217,25.9903859837169,20,26,25.9903859837169,20,26,5.91197087333804,6.01,6.14,4.89192280325663,3.73009614016285,3.54012317773783
4.26499796808004,325.088477506293,247.301159167956,266.027117597028,325.088477506293,247.301159167956,266.027117597028,1.12962567208876,2.46939127402222,2.64864412014858,26,20,24.0542351940567,26,18.0064076418714,22.1084703881134,5.91,6.74762917250758,7.95929009355701,4.78037432791124,4.27823789848537,5.31064597340842
4.26999796569795,406.638998447967,215.134485048057,429.293399111935,406.638998447967,215.134485048057,429.293399111935,1.0702641474771,2.50983189368993,2.35129256260012,24.0088049159032,20,24,22.0176098318065,18,22,7.01511327167371,6.75,8.01,5.94484912419661,4.24016810631007,5.65870743739988
4.27499796331587,407.994598065108,260.760701804155,411.548604836854,407.994598065108,260.760701804155,411.548604836854,0.990432154791355,2.47020808538769,2.42769008489746,24,20,25.9422521224364,22,19.9895957306154,23.9422521224365,7.02,6.38192478983615,6.66013477490667,6.02956784520864,3.91171670444846,4.23244469000921
4.27999796093378,343.416091769109,273.919379048774,296.731004017068,343.416091769109,273.919379048774,296.731004017068,0.970128028236649,2.60913177437141,2.48961860659979,25.9871971763351,20,26,25.9743943526702,20,24,6.19531317182093,6.38,6.62,5.22518514358428,3.77086822562859,4.13038139340021
4.28499795855169,321.162819553001,236.273641365772,291.154126631859,321.162819553001,236.273641365772,291.154126631859,1.07918590223499,2.69935190202843,2.54815048041769,26,18.0144021771459,24.0616506527438,26,18.0144021771459,22.0616506527438,6.19,6.74733559722801,7.52133244647415,5.11081409776501,4.04798369519957,4.97318196605647
4.28999795616961,379.516069945395,245.917994344865,387.184670991542,379.516069945395,245.917994344865,387.184670991542,1.04032808817261,2.69008200565513,2.34176514527604,24.0164044086307,18,24,24.0164044086307,18,22,7.02311014837512,6.75,7.55,5.9827820602025,4.05991799434487,5.20823485472396
4.29499795378752,371.082800382084,292.567598004664,375.426097281506,371.082800382084,292.567598004664,375.426097281506,1.07963199830185,2.5909200042454,2.2916388356981,24,19.9815999150921,25.934446572076,24,18,25.8688931441521,7.03,6.00690003184047,6.66015457684502,5.95036800169815,3.41598002759507,4.36851574114692
4.29999795140543,327.448778853349,312.796009612114,281.982708967765,327.448778853349,312.796009612114,281.982708967765,1.15918403844846,2.53061197116366,2.31968636947837,27.9592019224229,20,26,25.9796009612114,18,26,6.48560973566686,6,6.63,5.3264256972184,3.46938802883634,4.31031363052163
4.30499794902334,295.358367882708,257.61607807609,261.694562031018,295.358367882708,257.61607807609,261.694562031018,1.35776020073308,2.65856981875193,2.4261799088294,28,18.0220027884318,24.0694562031018,26,18,24.0694562031018,6.48,6.36592948414012,7.98138065782872,5.12223979926692,3.70735966538818,5.55520074899932
4.30999794664126,353.280290076768,236.251972134581,375.549623261444,353.280290076768,236.251972134581,375.549623261444,1.320487938931,2.62047994692301,2.26212555211685,26.0243969465502,18,24,24.0243969465502,18,24,7.3097532824489,6.37,8.03,5.9892653435179,3.74952005307699,5.76787444788315
4.31499794425917,345.118781551939,265.610055499526,355.80281433832,345.118781551939,265.610055499526,355.80281433832,1.34960406149354,2.58051992600063,2.3659859283084,26,19.9740036999684,27.8540337566692,24,18,27.8540337566692,7.32,6.00480931550584,7.13393715157441,5.97039593850646,3.42428938950521,4.76795122326601
4.31999794187708,294.724068784944,282.762040341743,261.362998500282,294.724068784944,282.762040341743,261.362998500282,1.50772841165508,2.56027995253913,2.55727400299944,27.9716051456885,20,28,25.9716051456885,18,28,6.77780858493567,6,7.1,5.2700801732806,3.43972004746087,4.54272599700056
4.324997939495,270.364725698311,257.389924701308,263.846256676417,270.364725698311,257.389924701308,263.846256676417,1.71680865013978,2.64865026064932,2.57923128338208,28,16.0599884155858,26.0768716617916,26,16.0299942077929,24.1537433235832,6.77,6.36445107155831,8.89812499622487,5.05319134986022,3.71580081090899,6.31889371284278
4.32999793711291,323.125395424023,254.047989742511,408.589751300005,323.125395424023,254.047989742511,408.589751300005,1.73967607237927,2.5515996580837,2.58,26.0323927620732,16,26,24.0323927620732,16,24,7.33076806280913,6.37,8.97,5.59109199042987,3.81840034191631,6.39
4.33499793473082,316.135995634173,294.303161631124,398.185951904972,316.135995634173,294.303161631124,398.185951904972,1.8579600654874,2.35339921155549,2.69122467412526,26,17.9660078844451,26,24,17.9660078844451,26,7.34,5.26903558471075,7.58,5.4820399345126,2.91563637315526,4.88877532587474
4.33999793234874,277.701825853987,320.532116097342,287.98510719578,277.701825853987,320.532116097342,287.98510719578,1.99748062513953,2.34017995534718,2.85701355554617,27.9640089305648,18,26,25.9640089305648,18,26,6.79989754409468,5.25,7.58,4.80241691895515,2.90982004465282,4.72298644445383
4.34499792996665,248.55085533808,234.671561025914,297.315154671158,248.55085533808,234.671561025914,297.315154671158,2.21582109743525,2.43810049883419,2.92931716487916,28,18,24,26,18,24,6.79,5.975943691373,8.05,4.57417890256475,3.53784319253881,5.12068283512084
4.34999792758456,304.840319661291,212.256532414705,355.828877525596,304.840319661291,212.256532414705,355.828877525596,2.18079977954394,2.38,2.80253743202788,26.0399889771969,18,24,24.0399889771969,18,24,7.33880308638487,5.99,8.05,5.15800330684094,3.61,5.24746256797212
4.35499792520248,302.083975862155,268.035814590364,348.751767236957,302.083975862155,268.035814590364,348.751767236957,2.19958012068922,2.37996418540964,2.82013984944397,26,18,28,24,18,26,7.35,5.99,7.13,5.15041987931078,3.61003581459036,4.30986015055603
4.35999792282039,259.945718026609,278,279.510528525884,259.945718026609,278,279.510528525884,2.31736078690249,2.37018073874672,2.85914899801359,27.9560131150415,18,28,25.9560131150415,17.9948360358079,26,6.8120963933636,5.99,7.13,4.49473560646111,3.61981926125328,4.27085100198641
4.3649979204383,237.505844227235,278.003165010311,263.166843638963,237.505844227235,278.003165010311,263.166843638963,2.51540141611605,2.43990504969067,2.97983006666402,28,18,24,26,16,24,6.8,5.99,8.53,4.28459858388396,3.55009495030933,5.55016993333598
4.36999791805622,307.272547462072,280.00816239501,368.491544776952,307.272547462072,280.00816239501,368.491544776952,2.42239923963601,2.37983675209979,2.87255490809755,24.0959695854404,18.0011660564301,24,24.0479847927202,16.0011660564301,24,7.35632433407474,5.98977844927829,8.53,4.93392509443873,3.6099416971785,5.65744509190245
4.37499791567413,304.002134704905,293.994169717848,357.005975949656,304.002134704905,293.994169717848,357.005975949656,2.5199573059019,2.10011660564303,2.95996158318078,24,19.9991671025498,25.9991462929063,24,17.9991671025498,25.9991462929063,7.37,5.61015825051555,7.14059332643011,4.8500426940981,3.51004164487251,4.18063174324933
4.37999791329204,259.063716654945,327.951858527369,246.845094206982,259.063716654945,327.951858527369,246.845094206982,2.52998584074335,2.01012743330991,3.06723043926754,25.9971681486691,20,26,24,18,26,6.54117521830232,5.61,7.14,4.01118937755898,3.59987256669009,4.07276956073246
4.38499791090996,231.067631272962,303.060385065153,240.009903002288,231.067631272962,303.060385065153,240.009903002288,2.79934784129644,2.03992753792182,3.13982669745995,26,16.0096616104245,24.0049515011443,24,16.0048308052123,22.0099030022885,6.54,6.34821260207146,8.0776727944622,3.74065215870356,4.30828506414965,4.93784609700225
4.38999790852787,278.836085781779,287.051451549576,324.639758518534,278.836085781779,287.051451549576,324.639758518534,2.6405463807274,2.04,3.01352679761598,24.0068297590926,16,24,22.0068297590926,16,22,6.81904383372704,6.35,8.08,4.17849745299964,4.31,5.06647320238402
4.39499790614578,265.061800990813,330.814559523382,311.069131845026,265.061800990813,330.814559523382,311.069131845026,2.76942613365674,1.88067432900588,3.13943830375916,24,19.9831417748529,27.9827170387435,22,19.9831417748529,25.9827170387435,6.82,5.2347203030412,6.69600582903664,4.05057386634326,3.35404597403531,3.55656752527748
4.3999979037637,227.205725670224,347.911361435136,215.83078431004,227.205725670224,347.911361435136,215.83078431004,2.80978344666292,1.90984357900318,3.21768915566527,25.9891723331461,20,28,25.9783446662923,20,26,6.27297760838481,5.23,6.69,3.46319416172189,3.32015642099682,3.47231084433473
4.40499790138161,200.173159379921,255.577856445604,223.929943722657,200.173159379921,255.577856445604,223.929943722657,2.99878147103019,1.93981359469497,3.27961787485085,26,16.0248540406712,24.0254750099431,26,16.0248540406712,24.0127375049715,6.27,6.71074186984999,8.54809043285161,3.27121852896981,4.77092827515503,5.26847255800076
4.40999789899952,290.325436354993,247.057703896864,381.004415432582,290.325436354993,247.057703896864,381.004415432582,2.8213343017154,1.91021638961324,3.08616738835484,22.0296511492311,16,24,22.0296511492311,16,24,7.10377325866147,6.72,8.56,4.28243895694608,4.80978361038676,5.47383261164516
4.41499789661744,277.114997473194,349.15411620301,376.084176495111,277.114997473194,349.15411620301,376.084176495111,3.05802861474525,1.84057487248339,3.09983164700978,22,19.9671501438062,25.9831647009779,22,17.9835750719031,24,7.11,5.24223657143218,7.18170053282036,4.05197138525475,3.40166169894879,4.08186888581058
4.41999789423535,220.52508063637,358.917092531098,258.000176182464,220.52508063637,358.917092531098,258.000176182464,3.01046059704945,1.76073695527913,3.32245868424617,23.9815761180221,20,26,22,18,24,6.02013313508784,5.23,7.17,3.0096725380384,3.46926304472087,3.84754131575383
4.42499789185326,206.14295985101,256.061987464645,263.895334534635,206.14295985101,256.061987464645,263.895334534635,3.1485704014899,1.8985704014899,3.27062799279219,24,16.0408456717171,22.0418661861461,22,18,22.020933093073,6.01,6.3286653260985,7.63508072312784,2.8614295985101,4.4300949246086,4.36445273033565
4.42999788947118,264.338557202693,236.209252607445,321.915616982806,264.338557202693,236.209252607445,321.915616982806,2.91269061476871,1.85055066475643,3.20243178018673,22.0224217897392,16,22,20.0224217897392,18,22,6.28686094943651,6.34,7.64,3.3741703346678,4.48944933524356,4.43756821981327
4.43499788708909,252.158734833531,323.931059126685,317.087608104932,252.158734833531,323.931059126685,317.087608104932,3.03841265166469,1.75120105716103,3.27899876451506,22,17.9759788567794,25.9499382257529,20,18,23.9749691128764,6.29,5.59900792870771,6.26739646655088,3.25158734833531,3.84780687154668,2.98839770203582
4.439997884707,232.264196975009,346.713778931883,218.723324207101,232.264196975009,346.713778931883,218.723324207101,2.94132098487504,1.78947959805797,3.28,23.9735803024991,18,26,21.9735803024991,18,24,5.73739751530025,5.59,6.25,2.7960765304252,3.80052040194203,2.97
4.44499788232492,211.298395839506,289.812552478495,224.856404515498,211.298395839506,289.812552478495,224.856404515498,3.08786860114638,1.88859904745087,3.299712809031,24,18,24.0287190969003,22,16.0280190509826,22.0287190969003,5.73,5.95481647556822,7.62989663216977,2.64213139885362,4.06621742811735,4.33018382313878
4.44999787994283,279.935383815811,280.135081021883,347.117174320141,279.935383815811,280.135081021883,347.117174320141,2.89304176052625,1.83090054014589,3.07884291264856,18.0912528157876,18,24,20.0304176052625,16,22,6.28148307052649,5.96,7.65,3.38844131000024,4.12909945985411,4.57115708735144
4.45499787756074,270.178291075288,316.407686263238,331.344577354984,270.178291075288,316.407686263238,331.344577354984,3.06708250967711,1.67256135669951,3.07983591554525,18,19.9679830412561,25.9671831090491,20,19.9359660825122,23.9671831090491,6.29,5.59592313736762,6.73525985429216,3.22291749032289,3.92336178066811,3.65542393874692
4.45999787517866,212.003669955882,339.608817004814,233.086308200485,212.003669955882,339.608817004814,233.086308200485,2.99136090841476,1.60119055694187,3.31956845899757,21.9319545792623,20,25.9856152999192,21.9659772896311,20,23.9856152999192,5.19888260425472,5.59,6.726760809038,2.20752169583997,3.98880944305813,3.40719235004042
4.46499787279657,206.090037166263,313.48620069782,244.789052771373,206.090037166263,313.48620069782,244.789052771373,3.07837933100727,1.64909962833737,3.26105473614314,22,18.0360148665052,24.0351578714379,22,16.0720297330104,22.0351578714379,5.18,6.68983167475708,7.64347580042419,2.10162066899273,5.04073204641971,4.38242106428106
4.46999787041448,309.985267519549,298.285103652897,337.958072300397,309.985267519549,298.285103652897,337.958072300397,2.70722262587331,1.65,3.17057650586953,18.0760276407717,18,24,20.0380138203859,16,22.0104819249006,5.99422426453987,6.71,7.6551259049212,3.28700163866656,5.06,4.48454939905167
4.4749978680324,317.879961677199,371.068535561628,330.156242586472,317.879961677199,371.068535561628,330.156242586472,2.64120038322801,1.53990861925116,3.277851664436,18,20,24,20,18,23.9609393533819,6.01,5.58,6.74816320067741,3.36879961677199,4.04009138074884,3.47031153624141
4.47999786565031,272.966269747401,385.696587357398,268.066207793237,272.966269747401,385.696587357398,268.066207793237,2.49315087961109,1.51985721757995,3.29006969241393,21.9159765437042,19.9928608789976,24,21.9579882718521,18,23.9930307586066,5.19743486718137,5.5826771703759,6.73163777172745,2.70428398757028,4.06281995279594,3.44156807931352
4.48499786326822,254.396096138257,300.976869247951,286.59555336381,254.396096138257,300.976869247951,286.59555336381,2.54867967953914,1.48028270919171,3.30957426669875,22,18,24,22,18,22.0425733301253,5.18,6.33,7.18999526742055,2.63132032046086,4.84971729080828,3.88042100072181
4.48999786088614,334.113604927709,292.048688805237,357.992333834467,334.113604927709,292.048688805237,357.992333834467,2.37414086723186,1.58984293933795,3.07992333834467,18.0920192718191,18.0031412132411,24.0030664662132,18.0920192718191,18.0031412132411,22.0030664662132,6.00067595291799,6.3294031694842,7.19929471277096,3.62653508568614,4.73956023014625,4.11937137442629
4.49499785850405,343.807965640839,323.00342677808,353.116190263264,343.807965640839,323.00342677808,353.116190263264,2.30168030064266,1.4900399790776,3.03116190263264,18,20,25.9535238946945,18,20,23.9535238946945,6.02,5.95,6.75068950422027,3.71831969935734,4.4599600209224,3.71952760158763
4.49999785612196,278.028983193452,328.997429916439,297.024586764298,278.028983193452,328.997429916439,297.024586764298,2.14007026228716,1.55997001569179,3.12995609506375,21.9982434428211,20,26,21.9982434428211,20,24,4.91048744461715,5.95,6.74,2.77041718232999,4.39002998430821,3.61004390493625
4.50499785373988,259.027128659808,289.057112968025,290.1763260817,259.027128659808,289.057112968025,290.1763260817,2.19991433054797,1.70978582636991,3.13974810559757,22,18.0028556484012,22.1007577609714,22,16.0057112968025,22.0503788804857,4.91,6.69892913184954,7.64657382057414,2.71008566945203,4.98914330547963,4.50682571497657
4.50999785135779,358.757269885923,275.033982215976,382.76862098594,358.757269885923,275.033982215976,382.76862098594,1.90072819034223,1.82970872386307,2.95047270981367,20.0048546022815,18,22,18.0097092045631,16,22,6.01730569573374,6.7,7.67,4.11657750539151,4.87029127613693,4.71952729018633
4.5149978489757,365.976012553431,316.864439844026,385.918577516501,365.976012553431,316.864439844026,385.918577516501,1.79037694558894,1.64061324832465,2.86244267450497,20,19.9935447544774,23.9457183443341,18,19.9870895089548,23.9457183443341,6.02,5.58361493749265,6.32745434240948,4.22962305441106,3.94300168916801,3.46501166790452
4.51999784659362,325.181476455886,343.885885719812,283.44629267867,325.181476455886,343.885885719812,283.44629267867,1.57097377610475,1.69974641271069,2.85004332938628,21.9911474899568,20,24,21.9822949799136,20,24,5.18371805421815,5.58,6.29,3.61274427811339,3.88025358728931,3.43995667061372
4.52499784421153,309.086811711391,255.465107926843,278.144485847932,309.086811711391,255.465107926843,278.144485847932,1.59983722804114,1.89895481364754,2.83057794339173,22,20,22.0577943391728,22,18.0104518635246,22.0577943391728,5.18,6.68419921574387,7.19312563228465,3.58016277195886,4.78524440209633,4.36254768889292
4.52999784182944,389.479558078903,229.161860626272,362.457619394382,389.479558078903,229.161860626272,362.457619394382,1.31186331058171,1.93975098365189,2.71076571379617,20.0128504178049,20,22,20.0128504178049,18,22,6.01460282452196,6.69,7.22,4.70273951394025,4.75024901634811,4.50923428620383
4.53499783944736,389.007424685843,301.472583348066,359.123394228706,389.007424685843,301.472583348066,359.123394228706,1.2008167154427,1.91021674656929,2.6809254567153,20,20,25.876605771294,20,19.9855502287141,25.876605771294,6.02,6.32267320768789,6.31868915817414,4.8191832845573,4.4124564611186,3.63776370145885
4.53999783706527,351.312588233355,314.893083286415,275.70810700744,351.312588233355,314.893083286415,275.70810700744,1.08098712073691,1.97942429461916,2.72957850773367,23.9670959754363,20,26,23.9670959754363,20,26,5.46460656343892,6.32,6.29,4.38361944270201,4.34057570538084,3.56042149226633
4.54499783468318,317.313610543814,279.332058222868,261.459199226735,317.313610543814,279.332058222868,261.459199226735,1.18898537765237,2.13852418567614,2.759016001657,24,18.0184476790482,24.0655998895335,24,18.0184476790482,22.1311997790671,5.46,6.68658717937608,8.09866410328614,4.27101462234763,4.54806299369993,5.33964810162914
4.5499978323011,405.09012483468,270.092009848178,402.501539843645,405.09012483468,270.092009848178,402.501539843645,1.01184019696357,2.04102233164643,2.68083829938817,20.0408932658571,18,24,22.0204466329285,18,22,6.56854988556002,6.69,8.16,5.55670968859645,4.64897766835357,5.47916170061183
4.55499782991901,404.022445586809,316.48181578605,403.034751332356,404.022445586809,316.48181578605,403.034751332356,0.970448911736184,1.87187428332705,2.60278010658844,20,19.977949607917,24,22,18,23.9304973352889,6.58,5.95815864507071,6.81830435197419,5.60955108826382,4.08628436174365,4.21552424538575
4.55999782753692,344.733336220706,344.663370835932,291.415623249646,344.733336220706,344.663370835932,291.415623249646,0.979877777296549,1.95891797768692,2.64937361803113,25.9266663779294,20,24,23.9755554593098,18,24,5.76014448438643,5.95,6.77,4.78026670708989,3.99108202231308,4.12062638196887
4.56499782515484,325.251213198423,280.846426560576,278.438177554031,325.251213198423,280.846426560576,278.438177554031,1.12801673790719,2.07843736634971,2.69817426019154,26,18.0260438941716,24,24,16.0260438941716,24,5.75,6.31518187957826,7.22283804580044,4.62198326209282,4.23674451322856,4.5246637856089
4.56999782277275,418.648983698553,269.154235664289,323.338899763774,418.648983698553,269.154235664289,323.338899763774,0.952559820360637,2.06028042848053,2.6310060220986,22.056884896903,18,24,22.0284424484515,16,24,6.84421444110941,6.32,7.24,5.89165462074877,4.25971957151947,4.6089939779014
4.57499782039066,422.954337896501,304.459247565208,326.884622814899,422.954337896501,304.459247565208,326.884622814899,0.821978691151614,1.86300418019329,2.55307672493603,22,19.9699581980671,27.8461637531984,22,17.9699581980671,25.9230818765992,6.86,5.58126567572483,7.24,6.03802130884839,3.71826149553154,4.68692327506397
4.57999781800858,362.989430864502,332.551429418606,315.197047695493,362.989430864502,332.551429418606,315.197047695493,0.741297614248527,1.84032040755814,2.58934317434836,25.9351192875736,20,28,25.9351192875736,18,26,6.04346274782847,5.57,7.24,5.30216513357994,3.72967959244186,4.65065682565164
4.58499781562649,322.680930243889,276.970131726304,283.782700075554,322.680930243889,276.970131726304,283.782700075554,0.877616744146387,1.95795761741831,2.79942554122895,26,18.0340397096949,24,26,16.0340397096949,24,6.03,6.29740530741289,8.64,5.15238325585361,4.33944768999458,5.84057445877105
4.5899978132444,390.738646774868,256.360386635752,390.082629927784,390.738646774868,256.360386635752,390.082629927784,0.899639613364248,1.98945942004637,2.7214072440897,24.0360386635752,18,24,22.0720773271504,16,24,7.12981834839789,6.31,8.64,6.23017873503365,4.32054057995363,5.9185927559103
4.59499781086232,392.980981191272,305.049059563595,386.461377254055,392.980981191272,305.049059563595,386.461377254055,0.831331316610955,1.88209206896009,2.74067981511624,24,19.9619623825438,26,22,19.9239247650876,24,7.15,5.57426410654607,7.25,6.31866868338905,3.69217203758598,4.50932018488376
4.59999780848023,317.541407996469,324.749357360121,286.012819687269,317.541407996469,324.749357360121,286.012819687269,1.00639670857968,1.87027342833441,2.86745954796752,25.9599634286632,19.9908857221862,26,25.9199268573263,19.9908857221862,24,6.33661517710479,5.56510399557571,7.25,5.33021846852511,3.6948305672413,4.38254045203248
4.60499780609814,285.651550640877,269.967981042304,294.222272338842,285.651550640877,269.967981042304,294.222272338842,1.29390484884341,1.93010672985899,2.84965269947056,26,18,24,26,18,24,6.32,6.68,7.72,5.02609515115659,4.74989327014101,4.87034730052944
4.60999780371606,352.480810471101,261.19442206198,356.636910050242,352.480810471101,261.19442206198,356.636910050242,1.3,1.95959069039583,2.7521298280465,26,18.0051163700521,24,24.0440344790985,18.0051163700521,24,7.14150551877862,6.67808136123046,7.72,5.84150551877862,4.71849067083463,4.9678701719535
4.61499780133397,346.184133731918,337.034291577882,351.908702937742,346.184133731918,337.034291577882,351.908702937742,1.33907933134041,1.79995323875743,2.71004564853113,26,20,28,24,20,24,7.16,5.93,7.26,5.82092066865959,4.13004676124257,4.54995435146887
4.61999779895188,313.792534383193,358.971479211603,293.394980083304,313.792534383193,358.971479211603,293.394980083304,1.43759838065699,1.77006710773741,2.73930250995835,27.9519676131398,19.9988815377099,28,25.9519676131398,19.9988815377099,24,6.89648437222612,5.93041942335878,7.26,5.45888599156913,4.16035231562138,4.52069749004165
4.6249977965698,273.018053504339,308.022452535551,267.011281129452,273.018053504339,308.022452535551,267.011281129452,1.75985557196529,1.88994717050459,2.91991877586795,28,18.0008804915902,24.0018049807123,26,18.0008804915902,24,6.89,6.67966981565367,8.19957582953261,5.13014442803471,4.78972264514908,5.27965705366467
4.62999779418771,325.923694695022,298.014397227356,343.034317659677,325.923694695022,298.014397227356,343.034317659677,1.75001439722735,1.85005758890942,2.80302412667742,24.0057588909417,18,24,24.0028794454709,18,24,7.44919375526816,6.68,8.2,5.6991793580408,4.82994241109058,5.39697587332258
4.63499779180562,322.009756798703,351.86828321749,333.03000170644,322.009756798703,351.86828321749,333.03000170644,1.83978047202918,1.68041466394494,2.8897749872017,24,19.9951216006478,25.9949997155933,24,19.9951216006478,25.9949997155933,7.45,5.93182939975709,7.28230013082709,5.61021952797082,4.25141473581215,4.39252514362539
4.63999778942354,246.261339422836,375.922251431822,261.00928079941,246.261339422836,375.922251431822,261.00928079941,1.9994498117414,1.68,3.0748410357853,27.9862452935349,20,26,27.9862452935349,20,26,6.6228541015915,5.93,7.28,4.62340428985011,4.25,4.2051589642147
4.64499778704145,219.119830146028,317.250062848049,280.904406987285,219.119830146028,317.250062848049,280.904406987285,2.22897922468198,1.72978808233216,3.03021725684708,28,18.0084767067135,24.0086902738832,28,18.0084767067135,22.0173805477664,6.62,6.67682123498242,8.20595902264432,4.39102077531802,4.94703315265026,5.17574176579724
4.64999778465936,327.407298275835,299.094280945351,381.022395146163,327.407298275835,299.094280945351,381.022395146163,2.11065251565963,1.68026189151486,2.81635993269752,24.0217505219877,18,24,26.0108752609938,18,22,7.73390985384345,6.68,8.21,5.62325733818381,4.99973810848514,5.39364006730249
4.65499778227728,310.115867933874,345.706846559824,360.153435458808,310.115867933874,345.706846559824,360.153435458808,2.36832635206627,1.58062373072378,2.86961641135298,24,21.9750507710489,25.987213711766,26,19.9875253855244,23.987213711766,7.74,5.93467798042833,6.82888647032263,5.37167364793373,4.35405424970455,3.95927005896965
4.65999777989519,259.379265803266,354.934868942399,225.289563988454,259.379265803266,354.934868942399,225.289563988454,2.44940507324978,1.63956579294932,3.02506237238739,27.970253662489,22,26,26,20,24,6.91617236503354,5.93,6.82,4.46676729178376,4.29043420705068,3.79493762761261
4.6649977775131,249.082379070539,284.584774539421,221.991557958858,249.082379070539,284.584774539421,221.991557958858,2.59876431394191,1.73917637388814,3.03,28,18.0329450444744,24.0168840822849,26,18.0164725222372,22.0168840822849,6.91,7.04077538754716,7.75206448132608,4.31123568605809,5.30159901365902,4.72206448132609
4.66999777513101,320.335026859757,268.147771808946,297.440698306812,320.335026859757,268.147771808946,297.440698306812,2.4117547902312,1.79944585571645,3.03,24.0369429522357,18,24,22.0369429522357,18,22,7.47473562930641,7.05,7.76,5.06298083907521,5.25055414428355,4.73
4.67499777274893,321,338.273299735052,283.178345948852,321,338.273299735052,283.178345948852,2.43969294355002,1.72081881719994,3.20811163112981,24,19.9795295700015,24,22,19.9795295700015,23.9790181236645,7.48,5.94146344079918,6.839756572496,5.04030705644998,4.22064462359924,3.6316449413662
4.67999777036684,239.921244739047,349.878591933503,224.120539813229,239.921244739047,349.878591933503,224.120539813229,2.48943826540302,1.7892274032132,3.3451331873139,27.9550612322416,20,24,25.9550612322416,20,24,6.38247050805295,5.93,6.83,3.89303224264993,4.1407725967868,3.4848668126861
4.68499776798475,212.330322559763,260.095127549905,252.611265109017,212.330322559763,260.095127549905,252.611265109017,2.70730848284638,1.97771346995075,3.29075239011158,28,18.0240687373605,24,26,20,22.025079670386,6.37,6.6610945671766,7.29410627745929,3.66269151715362,4.68338109722585,4.0033538873477
4.68999776560267,312.650168126317,241.234609221174,312.735362342071,312.650168126317,241.234609221174,312.735362342071,2.60145570104025,1.98986966154379,3.14547896207564,22.0794018749225,18,24,22.0529345832817,20,22,7.47517831668112,6.67,7.3,4.87372261564088,4.68013033845621,4.15452103792437
4.69499776322058,306.113864982086,299.172033968885,312.043151820244,306.113864982086,299.172033968885,312.043151820244,2.7281496940411,1.82238566483542,3.14,22,19.9719333548774,24,22,20,23.9712321198372,7.49,6.30519232934767,6.84661661243744,4.7618503059589,4.48280666451226,3.70661661243744
4.6999977608385,219.34046877371,328.564048814458,264.885063178033,219.34046877371,328.564048814458,264.885063178033,2.75954302200896,1.85939868801994,3.2457682255187,25.939069601195,20,24,25.939069601195,20,24,6.13102098758773,6.3,6.84,3.37147796557877,4.44060131198006,3.5942317744813
4.70499775845641,211.113624536491,294.561129675468,267.917835814467,211.113624536491,294.561129675468,267.917835814467,2.82886375463509,2.04695386747603,3.1909859702264,26,20,22.0328656742133,26,18.0320645528839,22.0328656742133,6.11,6.66406805771649,7.30227656655986,3.28113624536491,4.61711419024045,4.11129059633346
4.70999775607432,325.023921786836,274.340635067649,322.935477926878,325.023921786836,274.340635067649,322.935477926878,2.62357738297211,2.0893187298647,3.10071691192358,22.0681406280401,20,22,20.1022109420602,18,22.0143382384716,7.20109097571886,6.67,7.30340441030306,4.57751359274676,4.5806812701353,4.20268749837948
4.71499775369224,334.855750157419,299.531188011613,314.158419498712,334.855750157419,299.531188011613,314.158419498712,2.50216374763871,1.91324562145807,3.19823978334764,22,20,22,20,19.9639375393548,23.9647956669529,7.22,6.30667155521936,6.40619399320168,4.71783625236129,4.39342593376129,3.20795420985403
4.71999775131015,244.750825068188,325.50520161116,271.234797924056,244.750825068188,325.50520161116,271.234797924056,2.41171276365366,2.02771631512843,3.2292695175696,25.9238771709483,20,22,23.9238771709483,20,23.9791290734172,5.86626237602282,6.3,6.39240015655702,3.45454961236916,4.27228368487157,3.16313063898742
4.72499774892806,203.801207368144,285.950002355911,315.120090064877,203.801207368144,285.950002355911,315.120090064877,2.63539305763317,2.10040907163345,3.09273749757594,26,18,22,24,16,20.0782142164553,5.84,6.67,6.84100536510763,3.20460694236683,4.56959092836655,3.7482678675317
4.72999774654597,301.876004224463,275.074461032055,397.965386101079,301.876004224463,275.074461032055,397.965386101079,2.48336474578303,2.18960996602257,2.69979231660647,22.0841186445757,18.0070915268624,22.0069227797842,22.0420593222879,16.0141830537248,20.0069227797842,6.92665707613024,6.66602874495705,6.84681552129928,4.44329233034721,4.47641877893448,4.1470232046928
4.73499774416389,294.220291380843,296.04837944333,388.213098958673,294.220291380843,296.04837944333,388.213098958673,2.63647533790652,2.07992361140527,2.64127859375204,22,20,23.9573802082655,22,20,21.9573802082655,6.95,5.55,5.94960510419789,4.31352466209348,3.47007638859473,3.30832651044586
4.7399977417818,239.289602441386,314.879348855057,290.998489997698,239.289602441386,314.879348855057,290.998489997698,2.68884856924876,2.05015468095506,2.71998489997698,23.9539427699505,20,23.996979995396,23.9539427699505,19.9969063808989,21.996979995396,6.13911375047055,5.55173242669662,5.93140430214085,3.45026518122178,3.50157774574156,3.21141940216387
4.74499773939971,230.192224735721,236.99562133912,290.023261283457,230.192224735721,236.99562133912,290.023261283457,2.80711662896419,2.15,2.71023261283457,24,20,22.0465225669147,24,18,20.0465225669147,6.12,6.67,6.83836700638464,3.31288337103581,4.52,4.12813439355007
4.74999773701763,315.960135910691,229.003617154641,376.959680633549,315.960135910691,229.003617154641,376.959680633549,2.54012515469899,2.15,2.58006024732918,22.0009270718444,20,22,20.0018541436888,18,20,6.67974041988357,6.67,6.86,4.13961526518458,4.52,4.27993975267082
4.75499773463554,318.995645136189,304.889676783434,379.924361986858,318.995645136189,304.889676783434,379.924361986858,2.54,2.13002903242541,2.49226914039427,22,20,23.949574657905,20,19.9970967574588,25.8487239737151,6.68,6.29055161608283,5.95344778407415,4.14,4.16052258365742,3.46117864367988
4.75999773225345,272.115201615906,312.980391214311,316.160789633214,272.115201615906,312.980391214311,316.160789633214,2.44024510982108,2.13,2.43015074028114,23.9950978035785,20,24,23.990195607157,20,26,5.85203441151493,6.29,5.93,3.41178930169385,4.16,3.49984925971886
4.76499772987137,238.117319555143,286.087788463846,313.081492175913,238.117319555143,286.087788463846,313.081492175913,2.65924087346672,2.2894797720661,2.38135820293188,24,18.0065028491738,22.0543281172752,24,16.0130056983476,22.1086562345503,5.85,6.66876445865698,7.73947485093411,3.19075912653328,4.37928468659088,5.35811664800223
4.76999772748928,317.643995832673,275.046752770809,463.342042376446,317.643995832673,275.046752770809,463.342042376446,2.46089001041832,2.20038252267026,2.10122005387149,20.0178002083664,18,22,22.0089001041832,16,22,6.68626195624307,6.67,7.79,4.22537194582475,4.46961747732974,5.68877994612851
4.77499772510719,315.016348587096,316.779511389045,455.260283603519,315.016348587096,316.779511389045,455.260283603519,2.52961853296777,2.00104994576645,2.0028920400391,20,18,25.8843183984359,22,19.9790010846709,25.8843183984359,6.69,5.54593219358046,6.44019935654351,4.16038146703223,3.54488224781401,4.43730731650441
4.77999772272511,260.354695328483,346.812523826817,329.807072831509,260.354695328483,346.812523826817,329.807072831509,2.51012898011945,2.07950006353818,1.99006405339933,23.9742039761103,18,26,22,20,26,5.86535267495711,5.54,6.4,3.35522369483766,3.46049993646182,4.40993594660067
4.78499772034302,252.059587863303,254.674127492318,315.432205031738,252.059587863303,254.674127492318,315.432205031738,2.59932963653784,2.18920264490156,1.98030871787981,24,18,22.1234871519252,22,18.0144973654262,22.1234871519252,5.86,6.28456348796518,8.21226975647499,3.26067036346216,4.09536084306362,6.23196103859518
4.78999771796093,328.364764786564,236.148466873765,451.833315299786,328.364764786564,236.148466873765,451.833315299786,2.36197995391201,2.19,1.95025362710874,20.0329992318668,18,22,20.0164996159334,18,22,6.41538010753865,6.29,8.27,4.05340015362663,4.1,6.31974637289126
4.79499771557885,331.972257090218,289.500627623918,468.474829190858,331.972257090218,289.500627623918,468.474829190858,2.35009247636594,2.12064733456159,1.67919048915999,20,19.9815047268118,27.8030609465717,20,18,25.8687072977144,6.42,5.91351410190576,6.47105110656279,4.06990752363406,3.79286676734417,4.7918606174028
4.79999771319676,279.543097017316,307.815551956383,313.648992035387,279.543097017316,307.815551956383,313.648992035387,2.2807172979474,2.10020494227069,1.6996849059805,21.9795057729315,20,28,23.959011545863,18,26,5.59850510423343,5.91,6.41,3.31778780628604,3.80979505772931,4.7103150940195
4.80499771081467,255.26991817139,281.298322942411,256.016924663289,255.26991817139,281.298322942411,256.016924663289,2.41842547733356,2.18900559019196,1.93165410484156,22,16.0441959914684,26.0695491263203,24,18,24.0695491263203,5.59,6.27591187078918,8.65897526783684,3.17157452266644,4.08690628059721,6.72732116299528
4.80999770843259,342.910100000057,273.096370137722,410.016779100638,342.910100000057,273.096370137722,410.016779100638,2.19281659550547,2.16036138801646,1.86100416248069,20.0244921348302,16,26,20.0489842696604,18,24,6.40983576404548,6.28,8.74,4.21701916854001,4.11963861198354,6.87899583751931
4.8149977060505,350.907281189512,309.517307466237,404.292304252047,350.907281189512,309.517307466237,404.292304252047,2.10119209899199,1.92313097859738,1.79255766220541,20,19.9478170233769,27.9269239369883,20,18,27.8538478739766,6.42,5.54965385067527,7.85361498898539,4.31880790100801,3.62652287207788,6.06105732677998
4.81999770366841,297.76923114997,343.522462482727,306.425217453803,297.76923114997,343.522462482727,306.425217453803,1.9619943029814,1.87070226105481,1.94769661825648,23.943019914817,20,28,21.9715099574085,18,28,5.60182336767547,5.54,7.82,3.63982906469406,3.66929773894519,5.87230338174352
4.82499770128633,274.350623459434,285.887637184149,276.154468775151,274.350623459434,285.887637184149,276.154468775151,2.06832310519401,1.95864597717672,2.05576694782445,24,18.0300893960728,26.0769645850101,22,16.0300893960728,24.1539291700201,5.59,6.26886692345305,9.16612479049296,3.52167689480599,4.31022094627632,7.11035784266851
4.82999769890424,363.521798258931,261.385060199446,363.519947036994,363.521798258931,261.385060199446,363.519947036994,1.84373611429061,2.02887690775162,2.06983554967078,20.0649759007063,18,26,20.0324879503532,16,24,6.40651750060344,6.28,9.22,4.56278138631283,4.25112309224838,7.15016445032922
4.83499769652215,366.965905884154,296.386428530973,342.07668200548,366.965905884154,296.386428530973,342.07668200548,1.79085235289614,1.87272698430679,2.22121677565169,20,19.9659126961651,30,20,19.9318253923303,30,6.42,5.54278273893807,7.83,4.62914764710386,3.67005575463128,5.60878322434831
4.83999769414007,315.938242700594,316.639137422848,216.272177868437,315.938242700594,316.639137422848,216.272177868437,1.69180431288576,1.91909784355712,2.3870056570726,25.8917412268545,20,30,21.9639137422848,20,30,5.60497579695179,5.53,7.83,3.91317148406603,3.61090215644288,5.4429943429274
4.84499769175798,289.495107750746,260.104471136289,190.864215296403,289.495107750746,260.104471136289,190.864215296403,1.81752446124627,1.98866701759413,2.65026030581217,26,18.0380852115962,28,22,16.0761704231923,26,5.59,6.62867228150615,10.17,3.77247553875373,4.64000526391201,7.51973969418783
4.84999768937589,388.955707560664,248.308267244897,352.75218186032,388.955707560664,248.308267244897,352.75218186032,1.60440925820249,2.06995466658163,2.69902174152419,22.0801683309544,18.0090666836734,28,20.0400841654772,16.0181333673469,26,6.68755286733278,6.64492265714287,10.17,5.08314360913029,4.57496799056124,7.47097825847581
4.85499768699381,397.852709082248,316.02827091917,330.641223453063,397.852709082248,316.02827091917,330.641223453063,1.52168332477431,2.05992932270208,2.99093143911224,22,20,28,20,20,26,6.71,5.53,8.78,5.18831667522569,3.47007067729792,5.78906856088776
4.85999768461172,340.300421160536,323.794714575559,229.217437172037,340.300421160536,323.794714575559,229.217437172037,1.42220410366192,2.04040550207297,3.25424319195721,25.911835853523,19.9898624481757,28,25.8677537802845,19.9949312240879,26,5.89829406039398,5.53283851451079,8.78,4.47608995673205,3.49243301243782,5.52575680804279
4.86499768222963,311.645134379673,242.981581067813,246.04495160699,311.645134379673,242.981581067813,246.04495160699,1.53723513837283,2.19995395266953,3.36992508065502,26,16,26,26,18,26,5.88,6.65,8.79,4.34276486162717,4.45004604733047,5.42007491934498
4.86999767984755,425.187321111491,231.04658276453,275.301813034209,425.187321111491,231.04658276453,275.301813034209,1.33504839800502,2.16995181093325,3.32116364494298,22.0961599620003,16.0021417363002,26,22.0961599620003,18,26,7.23658441320489,6.64939495949519,8.79,5.90153601519987,4.47944314856194,5.46883635505702
4.87499767746546,427.000475734236,317.959628270737,256.009512736186,427.000475734236,317.959628270737,256.009512736186,1.27002854405416,2.08004176385786,3.4599334108467,22,19.9981438285396,27.9990487263814,22,18,26,7.27,5.52052436843756,8.33021879293228,5.99997145594584,3.4404826045797,4.87028538208558
4.87999767508337,353.108300465601,338.969266084082,194.589130046336,353.108300465601,338.969266084082,194.589130046336,1.19011708158443,2.02008781118834,3.71344168552306,25.9941459207783,20,28,25.9941459207783,18,26,6.16162450698402,5.52,8.33,4.97150742539958,3.49991218881166,4.61655831447694
4.88499767270129,329.059111921898,258.199502736434,193,329.059111921898,258.199502736434,193,1.27977833029288,2.15965518045555,3.76987377330827,26,16.0098519869844,26.0050490676692,26,16.0049259934922,22.0100981353383,6.16,6.26815275244042,8.8087882237594,4.88022166970712,4.10849757198488,5.03891445045113
4.8899976703192,417.691839841923,232.084846462992,193.97282432596,417.691839841923,232.084846462992,193.97282432596,1.19031162263176,2.14006526650999,3.93538013541322,24.0069249473725,16,26,24.0069249473725,16,22,7.2761220294714,6.27,8.81,6.08581040683963,4.12993473349001,4.87461986458678
4.89499766793711,430.941994641854,282.782630328235,234.820849123669,430.941994641854,282.782630328235,234.820849123669,1.03071391210025,2.12008524300854,4.07938826530033,24,17.9914756991465,24.0087390671381,24,19.982951398293,23.9912609328619,7.28,5.14481622998223,7.42607365166099,6.24928608789975,3.0247309869737,3.34668538636066
4.89999766555503,381.273071378345,294.936860471593,232.08679604738,381.273071378345,294.936860471593,232.08679604738,1.03994538572433,2.12,4.2839242766834,27.9781542897324,18,24,25.9890771448662,20,24,6.7330037851618,5.14,7.42,5.69305839943747,3.02,3.1360757233166
4.90499766317294,348.213209848745,218.482105031698,140.590413288837,348.213209848745,218.482105031698,140.590413288837,1.19896625527881,2.13987477791385,4.19064175357482,28,18,22.0128350714965,26,16.0250444172311,20.0256701429929,6.73,6.25298756317531,7.42,5.53103374472119,4.11311278526146,3.22935824642518
4.90999766079085,411.522535587333,221.970957675008,177.79554726804,411.522535587333,221.970957675008,177.79554726804,1.10074603814479,2.07050824068737,4.26752932772931,24.0298415257917,18,22,24.0149207628958,16,20,7.56373327958375,6.26,7.42,6.46298724143896,4.18949175931263,3.15247067227069
4.91499765840877,413.983476582241,311.256594763026,199.822204911753,413.983476582241,311.256594763026,199.822204911753,1.03057831962157,2.01049560349132,4.31957667836132,24,18,22,24,17.9834798836228,21.9830671344526,7.57,5.51619504364145,6.04176834155543,6.53942168037843,3.50569944015013,1.72219166319411
4.91999765602668,346.629648388767,325.870366508193,211.605982508316,346.629648388767,325.870366508193,211.605982508316,1.09935183254098,1.9010185488642,4.44573147717342,27.9629618594843,18,22,25.9814809297422,18,22,6.74768541415701,5.51,6.03,5.64833358161603,3.6089814511358,1.58426852282658
4.92499765364459,311.359065422424,281.461655543116,134.82019572432,311.359065422424,281.461655543116,134.82019572432,1.26825596794823,2.0385637383103,4.32136699287387,28,16.0205180241385,20.0210306595979,26,14.041036048277,20.0210306595979,6.74,5.87620416553438,6.49505779499448,5.47174403205177,3.83764042722407,2.17369080212062
4.92999765126251,368.347007637444,267.154852582918,174.538980500377,368.347007637444,267.154852582918,174.538980500377,1.2601125848901,2.0004424359512,4.27173930892812,26.0225169780192,16,20,24.0225169780192,14,20,7.57054286923195,5.88,6.5,6.31043028434186,3.8795575640488,2.22826069107188
4.93499764888042,373.93871017025,302.565906032991,239.195889483249,373.93871017025,302.565906032991,239.195889483249,1.2106128982975,1.80241163315005,4.16138206495067,26,17.9758836684995,20,24,17.951767336999,20,7.58,4.77350514564029,5.58168473094654,6.3693871017025,2.97109351249024,1.42030266599587
4.93999764649833,317.755674244753,333.595213076587,260.232457367343,317.755674244753,333.595213076587,260.232457367343,1.43695078813521,1.78026115285382,4.17926900701652,29.9469702284384,18,20,27.9469702284384,18,20,7.03729159358973,4.76,5.57,5.60034080545452,2.97973884714618,1.39073099298348
4.94499764411625,289.399193755261,254.138626690132,210.734824917343,289.399193755261,254.138626690132,210.734824917343,1.7061506316457,1.75042171358894,3.9533139162939,30,18,18.0288166634252,28,16.0281142392625,18.0288166634252,7.03,5.8543965972093,5.57,5.3238493683543,4.10397488362036,1.6166860837061
4.94999764173416,386.489616719647,244.135509369143,249.421749775799,386.489616719647,244.135509369143,249.421749775799,1.61152563967712,1.74015056596571,3.70000841605591,26.061025587085,18,18,26.0305127935425,16,18,8.13291283561621,5.87,5.57,6.52138719593909,4.12984943403429,1.86999158394409
4.95499763935207,384.065023494846,311.892130927678,291.325253621746,384.065023494846,311.892130927678,291.325253621746,1.64934976505154,1.61208728955655,3.58181029516117,26,18,19.9670855425242,26,17.9678878529762,18,8.15,5.50594074719941,4.65530522272625,6.50065023494846,3.89385345764286,1.07349492756508
4.95999763696999,325.023537530138,323.812388945023,300.542663140404,325.023537530138,323.812388945023,300.542663140404,1.68931764164657,1.62965888899095,3.54835644566083,29.9317641646575,18,19.9857082231376,29.9317641646575,18,18,7.34398834624522,5.5,4.64335856756265,5.65467070459864,3.87034111100905,1.09500212190183
4.9649976345879,291.595815903955,290.613870931348,238.128025429004,291.595815903955,290.613870931348,238.128025429004,1.87656954479541,1.71837504753467,3.32405384138548,30,16.0361100547852,18.0352507946564,30,16.0361100547852,18,7.33,5.86331963986475,5.10171606325576,5.45343045520459,4.14494459233008,1.77766222187027
4.96999763220581,384.189822088357,282.152436034666,267.389587563068,384.189822088357,282.152436034666,267.389587563068,1.78190545043331,1.63171490538999,2.95916887986545,28.0381090086662,16,18.0103890016818,26.0762180173323,16,18.0103890016818,8.42865895514695,5.87,5.10755858460477,6.64675350471364,4.23828509461001,2.14838970473932
4.97499762982373,383.060161943821,322.10399319594,340.531741131116,383.060161943821,322.10399319594,340.531741131116,1.81919784074906,1.50968349896888,2.80313228558695,28,18,19.9608464301631,26,18,19.9608464301631,8.45,5.12,4.64920108891167,6.63080215925094,3.61031650103112,1.84606880332472
4.97999762744164,317.410581700332,344.8274236483,337.834968363801,317.410581700332,344.8274236483,337.834968363801,1.9962103775215,1.44007043932722,2.68931236818251,29.9578930835722,17.9929560672776,19.9931236818251,27.9578930835722,17.9929560672776,19.9931236818251,7.63747437031755,5.1226062551073,4.64319748795135,5.64126399279605,3.68253581578008,1.95388511976884
4.98499762505955,297.419005767931,295.987387552895,291.023990080251,297.419005767931,295.987387552895,291.023990080251,2.21514835426607,1.45984865063474,2.49426662533438,30,16,18.0426662533438,28,16,18.0426662533438,7.62,5.86,5.55016019219514,5.40485164573393,4.40015134936526,3.05589356686076
4.98999762267747,362.455488389652,291.079196648989,295.123402034282,362.455488389652,291.079196648989,295.123402034282,2.15161366884663,1.39966493725428,2.29976211656042,26.092209648379,16.0060920499223,18.0059470859895,26.0461048241895,16.0060920499223,18.0029735429947,8.176860125106,5.85885774063958,5.56861730250745,6.02524645625937,4.4591928033853,3.26885518594703
4.99499762029538,364,343.010470710801,376.067385316255,364,343.010470710801,376.067385316255,2.15,1.17995811715679,2.14372552228192,26,20,21.906861942952,26,20,19.953430971476,8.19,5.11,4.66165459826365,6.04,3.93004188284321,2.51792907598174
4.99999761791329,296.033179413377,362.990481171998,379.99902433475,296.033179413377,362.990481171998,379.99902433475,2.27993656876854,1.10003807531201,2.100019513305,29.9980482698014,20,22,27.9990241349007,20,20,7.37040010469072,5.11,4.64,5.09046353592218,4.00996192468799,2.539980486695
5.00499761553121,261.051639641915,307.082623427073,311.766513129647,261.051639641915,307.082623427073,311.766513129647,2.5096606537817,1.20983770398253,1.99277594920373,30,16.0059016733624,20.0504718037042,28,16.0059016733624,18.0504718037042,7.37,6.59780162667252,5.99492209642559,4.8603393462183,5.38796392268998,4.00214614722186
5.00999761314912,336.811907958664,281.064347277309,310,336.811907958664,281.064347277309,310,2.45014849371684,1.24990100418876,1.76058344781954,24.0148493716845,16,20,24.009899581123,16,18,8.20792108796418,6.6,6.03,5.75777259424733,5.35009899581124,4.26941655218046
5.01499761076703,337,369.708504849288,427.710337977494,337,369.708504849288,427.710337977494,2.41013897488885,1.16029477037712,1.63353434762749,24,19.98689909435,23.8912508422312,24,19.98689909435,21.8912508422312,8.21,5.11488008735461,5.12528417918124,5.79986102511115,3.95458531697748,3.49174983155376
5.01999760838495,335.008947698323,381.948711412459,428.013145195648,335.008947698323,381.948711412459,428.013145195648,2.55932892262576,1.14008548097923,1.54039435586945,27.9821046033537,20,24,27.9821046033537,20,22,6.83617391184297,5.11,5.1,4.27684498921721,3.96991451902077,3.55960564413055
5.02499760600286,223.613012523413,273.574814323345,344.489152282824,223.613012523413,273.574814323345,344.489152282824,2.73901480130166,1.18973632370489,1.54971056368804,28,18.0105470518045,20.1157745247825,28,18.0105470518045,20.0578872623913,6.83,6.59214244640564,6.90616484597612,4.09098519869834,5.40240612270076,5.35645428228808
5.02999760362077,199.155347273022,266.043911019901,311.199321678485,199.155347273022,266.043911019901,311.199321678485,2.7002589121217,1.31918450963042,1.4009644597346,26.0129456060852,18,20,24.0258912121703,18,20,7.93281518862273,6.6,6.96,5.23255627650103,5.28081549036958,5.5590355402654
5.03499760123869,295.275188841657,350.381839218438,436.014542576618,295.275188841657,350.381839218438,436.014542576618,2.80917804920188,1.24058179838265,1.2352521531936,26,19.9854550404338,23.8764199248564,24,18,23.8764199248564,7.94,5.85545435983731,5.61294407611241,5.13082195079812,4.61487256145467,4.37769192291881
5.0399975988566,284.099283317508,360.917280432764,438.016957257179,284.099283317508,360.917280432764,438.016957257179,2.97859348633531,1.24991728043276,1.24983042742821,27.9834527804154,20,24,27.9669055608308,18,24,7.12678436002969,5.85,5.57,4.14819087369438,4.60008271956724,4.32016957257179
5.04499759647451,225.547014586171,307.500657417861,322.908722358745,225.547014586171,307.500657417861,322.908722358745,3.11870199928705,1.4184238562771,1.40474457497984,28,18.0185428673282,22.065692812752,28,18,22.065692812752,7.12,6.21656956954429,7.36890568414062,4.00129800071295,4.79814571326718,5.96416110916078
5.04999759409243,212.133521837855,292.154063659064,281.400045973354,212.133521837855,292.154063659064,281.400045973354,3.03092438195438,1.49917832715166,1.24178967935448,24.041083642417,18,22,24.041083642417,18,22,7.95137243509243,6.22,7.43,4.92044805313805,4.72082167284834,6.18821032064552
5.05499759171034,303.951853958355,311.778544006146,415.163106638896,303.951853958355,311.778544006146,415.163106638896,3.02011270387545,1.33188237594776,1.10487169115507,24,19.9778544006146,25.8608088241409,24,19.9778544006146,25.8608088241409,7.96,5.85409693588629,6.53236194838724,4.93988729612455,4.52221455993854,5.42749025723217
5.05999758932825,303.02453972897,337.686178328583,420,303.02453972897,337.686178328583,420,3.11877301355149,1.42879299357147,1.16911965041521,25.9754602710298,20,26,25.9754602710298,20,26,6.87349685093358,5.85,6.5,3.75472383738209,4.42120700642853,5.33088034958479
5.06499758694617,224.061547314032,297.535851190256,326.546442883716,224.061547314032,297.535851190256,326.546442883716,3.38641727781514,1.46947721835097,1.36268774663151,26,18.0261390824515,24.0731225336849,26,18.0261390824515,24.0731225336849,6.86,6.58032853949294,8.30163043100466,3.47358272218486,5.11085132114197,6.93894268437314
5.06999758456408,192.442333369338,281.22510429066,278.64892373877,192.442333369338,281.22510429066,278.64892373877,3.26185494638755,1.65732688654841,1.33057682110113,24.0285376367315,18,24,22.0570752734629,18,24,7.41200946171519,6.59,8.37,4.15015451532765,4.93267311345159,7.03942317889887
5.07499758218199,264.870146147339,304.638356117446,396.263820632913,264.870146147339,304.638356117446,396.263820632913,3.52587756026732,1.57135616455958,1.3203850552331,24,21.9397260195744,25.9229889533807,22,19.9698630097872,25.9229889533807,7.42,5.85130137132981,7.47581013667797,3.89412243973268,4.27994520677023,6.15542508144488
5.07999757979991,245.341623217178,309.919660139765,392.148224820982,245.341623217178,309.919660139765,392.148224820982,3.63821054505288,1.59951796083859,1.54621203235269,27.9349289110137,22,26,25.9349289110137,20,26,6.60350225096465,5.84,7.44,2.96529170591177,4.24048203916141,5.89378796764731
5.08499757741782,191.921826426415,249.05818183722,293.736031897932,191.921826426415,249.05818183722,293.736031897932,3.7677807882327,1.79658651020252,1.83942925815769,28,18.0682697959497,26,26,18.0341348979748,26,6.59,6.94088445713409,8.38,2.8222192117673,5.14429794693158,6.54057074184231
5.08999757503573,181.180669259277,230.3252046667,257.652569471035,181.180669259277,230.3252046667,257.652569471035,3.45578141629688,1.8,1.76141096101845,22.1084015555665,18,26,20.1084015555665,18,26,7.68976504296092,6.96,8.38,4.23398362666405,5.16,6.61858903898155
5.09499757265364,310.483234821414,307.493754173408,334.922256718421,310.483234821414,307.493754173408,334.922256718421,3.52847468777055,1.82942800791395,1.89098474823333,22,21.923734388527,26,20,19.9618671942635,28,7.71,5.86135437121244,8.38,4.18152531222945,4.03192636329848,6.48901525176667
5.09999757027156,305.160527038469,317.661784142495,320.293826004811,305.160527038469,317.661784142495,320.293826004811,3.49080263519234,1.83085681350568,2.07627820393905,23.9598682403828,21.9819618209331,26,23.9197364807657,19.9819618209331,28,6.08330936048224,5.84505069013874,8.38,2.59250672528989,4.01419387663306,6.30372179606094
5.10499756788947,198.296123885631,242.961389253911,297.938322213667,198.296123885631,242.961389253911,297.938322213667,3.6662082357852,2.01978939593043,2.23996573456315,24,18,26,24,16,26,6.05,6.96,8.86,2.3837917642148,4.94021060406957,6.62003426543685
5.10999756550738,167.639880176988,232.238506134177,280.384205357336,167.639880176988,232.238506134177,280.384205357336,3.44507491174852,1.95979915272911,2.23021344742074,20.0882593347569,18.0050211817722,26,20.0882593347569,16.0050211817722,26,6.86168618803794,6.95625921957974,8.86,3.41661127628941,4.99646006685063,6.62978655257926
5.1149975631253,256.878083422064,327.036266734694,319.958695629338,256.878083422064,327.036266734694,319.958695629338,3.55723228272443,1.87992444430272,2.46044254682852,20,20,26,20,18,26,6.88,5.47,8.4,3.32276771727557,3.59007555569728,5.93955745317148
5.11999756074321,253.14438272542,350.948836299493,292.6522916306,253.14438272542,350.948836299493,292.6522916306,3.5697593621243,1.83007674555076,2.75301116110071,23.9037448497197,19.9979534519797,26,21.9518724248599,17.9989767259899,26,5.80647016632707,5.47037861138375,8.4,2.23671080420277,3.64030186583299,5.64698883889929
5.12499755836112,182.035509291301,251.048783993508,238.027001535788,182.035509291301,251.048783993508,238.027001535788,3.6299699921482,1.97992682400974,2.76999499971559,24,16.0019513597403,26,22,16.0009756798702,22.0020001137621,5.78,6.20963899844804,8.40999499971559,2.1500300078518,4.2297121744383,5.64
5.12999755597904,179.004461950626,231.029746337512,262.36881206864,179.004461950626,231.029746337512,262.36881206864,3.28052056090639,1.99997025366249,2.86747524827456,20.0059492675016,16,26,20.0029746337508,16,22,6.60876552699341,6.21,8.41,3.32824496608702,4.21002974633751,5.54252475172544
5.13499755359695,281.743860236979,279.878147103012,283.946472565218,281.743860236979,279.878147103012,283.946472565218,3.26004973587631,1.93017407556713,2.9896941289441,20,17.9950264123678,24.0050978509316,20,19.9900528247356,25.9898042981368,6.61,5.09278520907402,7.4823705006832,3.34995026412369,3.1626111335069,4.4926763717391
5.13999755121487,277.017431353781,297.940831708145,279.135994524223,277.017431353781,297.940831708145,279.135994524223,3.15038348978319,1.89013148509301,3.14564817522488,21.9930274584875,18,24,21.9930274584875,20,26,5.78289360472768,5.09,7.48,2.63251011494449,3.19986851490699,4.33435182477512
5.14499754883278,221.251201871008,222.325732009752,216.276817602381,221.251201871008,222.325732009752,216.276817602381,3.26946171027641,2.02939996735046,3.14004393930197,22,16.0085718949935,24,22,16.017143789987,22.0175757207861,5.78,6.20519973880365,7.94793485280763,2.51053828972359,4.17579977145319,4.80789091350567
5.14999754645069,192.15907151447,212.052854244372,238.334029328247,192.15907151447,212.052854244372,238.334029328247,3.00148101065196,2.00015856273312,3.10115820986392,20.0109704492738,16,24,20.0109704492738,16,22,6.33692827420334,6.21,7.95,3.33544726355138,4.20984143726688,4.84884179013608
5.1549975440686,262.539586187992,297.459498481498,297.619926284602,262.539586187992,297.459498481498,297.619926284602,3.11922183581069,1.92050279211023,3.15961348435722,20,19.9748603944883,24,20,17.9874301972441,23.9871161452407,6.34,5.08710193855706,7.03592657318926,3.22077816418931,3.16659914644682,3.87631308883204
5.15999754168652,255.059873428143,319.839743677002,299.938186731624,255.059873428143,319.839743677002,299.938186731624,3.06044905071107,1.85050990648227,3.28598213755553,21.9850316429642,20,24,21.9850316429642,18,24,5.78419113997003,5.08,7.03,2.72374208925895,3.22949009351773,3.74401786244447
5.16499753930443,233.182281235512,248.596437578618,235.55190358632,233.182281235512,248.596437578618,235.55190358632,3.08975143467885,1.97892309881638,3.2701698164881,22,18.0165677105172,22.0169816488098,22,14.0331354210343,20.0339632976197,5.78,6.19072208211039,7.49600931252969,2.69024856532115,4.211798983294,4.22583949604159
5.16999753692234,233,238.092833321991,247.572845716882,233,238.092833321991,247.572845716882,2.79278499965967,1.93046416660995,3.17328580217783,18.0371333287956,18,22,18.0371333287956,14,20,6.33480133396861,6.2,7.5,3.54201633430894,4.26953583339005,4.32671419782217
5.17499753454026,316.136244032304,326.084829986608,299.45193448563,316.136244032304,326.084829986608,299.45193448563,2.84938303145165,1.74195373373646,3.1798946027857,18,18,22,18,17.958868763443,23.9578411142792,6.34,5.09151674623595,6.12465021278798,3.49061696854835,3.34956301249949,2.94475561000228
5.17999753215817,313.045129144318,356.667458981835,296.139237637468,313.045129144318,356.667458981835,296.139237637468,2.71157952005114,1.67077592904238,3.31512668268861,21.9548708556817,18,22,21.9548708556817,18,24,5.24252333754832,5.08,6.11,2.53094381749718,3.40922407095762,2.79487331731139
5.18499752977608,249.786032833284,284.881983285878,183.435102503923,249.786032833284,284.881983285878,183.435102503923,2.82852618843759,1.63048327851281,3.28050354473822,22,16.0241639256405,22,22,14.048327851281,20.0503544738219,5.23,5.81105934751302,7.02829258483642,2.40147381156241,4.18057606900021,3.7477890400982
5.189997527394,226.305468519089,281.039244319282,190.670844039404,226.305468519089,281.039244319282,190.670844039404,2.56358593478931,1.5017005871689,3.19329155960596,18.0531249598416,16,22,18.0531249598416,14,20,6.32525782364396,5.82,7.04,3.76167188885465,4.3182994128311,3.84670844039404
5.19499752501191,328.514805442325,334.239630498132,270.830949409149,328.514805442325,334.239630498132,270.830949409149,2.60928596415496,1.47042242750104,3.20971134553312,18,17.9718381665975,23.9711345533123,18,17.943676333195,21.9711345533123,6.34,4.7157706267054,6.12342243270978,3.73071403584504,3.24534819920436,2.91371108717665
5.19999752262982,326.061120775365,339.924598031793,269.115551416136,326.061120775365,339.924598031793,269.115551416136,2.50168082132254,1.42075401968207,3.29653345751592,19.9694396123175,18,24,21.9388792246351,18,22,5.24696101516376,4.7,6.11,2.74528019384123,3.27924598031793,2.81346654248408
5.20499752024774,252.220975308617,256.366788999462,209.988897222148,252.220975308617,256.366788999462,209.988897222148,2.55902321975311,1.49871361035345,3.28032963240738,20,16.0321597411638,22.0329632407383,22,16.0321597411638,20.0329632407383,5.23,5.79215134365409,7.02467209305671,2.67097678024689,4.29343773330064,3.74434246064933
5.20999751786565,231.341655213224,244.187872822746,226.676652474523,231.341655213224,244.187872822746,226.676652474523,2.34375820734547,1.5,3.04950141396614,20,16,22,18.0683310426449,16,20,6.04582130865118,5.81,7.03344715498356,3.70206310130571,4.31,3.98394574101742
5.21499751548356,304.644088165295,318.626009340832,319.323380327368,304.644088165295,318.626009340832,319.323380327368,2.36945763526612,1.37235024718016,2.98123540396931,20,17.9638423510745,22,18,17.9638423510745,20,6.06,5.07355911834706,6.13623673788234,3.69054236473388,3.7012088711669,3.15500133391303
5.21999751310148,297.171704712628,338.637512273338,318.565613316952,297.171704712628,338.637512273338,318.565613316952,2.33076313205612,1.3405723490421,3.13912088409383,21.9618433971939,18,21.9896574599274,19.9618433971939,18,19.9896574599274,5.51068384878572,5.06,6.12,3.17992071672959,3.7194276509579,2.98087911590617
5.22499751071939,261.722800020368,283.883061197975,236.646401320738,261.722800020368,283.883061197975,236.646401320738,2.41819299994908,1.50959521183914,2.97333200267292,22,18,20.0392000314461,20,16,18.0392000314461,5.5,5.8,6.12,3.08180700005092,4.29040478816086,3.14666799732708
5.2299975083373,239.463699616246,258.206391988183,255.07171349394,239.463699616246,258.206391988183,255.07171349394,2.22421545105678,1.41975512814961,2.83037564211111,20.0421545105678,18,20.0068298565657,18.0421545105678,16.0069963385825,18.0136597131314,6.04819673704102,5.79870567736224,6.11682411669695,3.82398128598424,4.37895054921263,3.28644847458583
5.23499750595522,296.697472798771,317.042477769968,275.551516492993,296.697472798771,317.042477769968,275.551516492993,2.22,1.34990005230596,2.93765080067758,20,18,21.957287285047,18,18,21.914574570094,6.06,5.43,5.20986141245316,3.84,4.08009994769404,2.27221061177557
5.23999750357313,291.161533464153,333.958021968504,256.903406314279,291.161533464153,333.958021968504,256.903406314279,2.23953847581671,1.31,2.97980973970994,21.9538475816705,17.9970015691788,21.9970729186145,21.9076951633411,17.9970015691788,21.9970729186145,5.51292267713225,5.43055470970191,5.19203432156292,3.27338420131554,4.12055470970191,2.21222458185298
5.24499750119104,249.035254502518,305.99750130765,192.538311174396,249.035254502518,305.99750130765,192.538311174396,2.39614789022319,1.3099850078459,2.85303000685866,22,16,20.0466154901332,22,16,20.0466154901332,5.5,5.8,6.54760223435741,3.10385210977681,4.4900149921541,3.69457222749875
5.24999749880896,222.013320558605,301.00249869235,219.985145496572,222.013320558605,301.00249869235,219.985145496572,2.22009221925188,1.2800149921541,2.71007171139586,20.0010246583543,16,20,18.0020493167085,16,20,6.33956964349121,5.8,6.58,4.11947742423933,4.5199850078459,3.86992828860414
5.25499749642687,304.875565120937,323.965518045557,336.968904081194,304.875565120937,323.965518045557,336.968904081194,2.40971514907202,1.05034481954443,2.58328368724537,20,19.9940031383577,21.9494817346866,18,17.9970015691788,20,6.34,5.05112441155794,5.68323840204418,3.93028485092798,4.0007795920135,3.0999547147988
5.25999749404478,288.042477769962,344.947527460627,341.994877757437,288.042477769962,344.947527460627,341.994877757437,2.38007496077052,1.10985007845893,2.76951338695653,21.9950026152985,20,22,21.9900052305971,18,20,5.51207391465111,5.05,5.66,3.13199895388058,3.94014992154107,2.89048661304347
5.2649974916627,242.160915787397,272.24082906138,252.503367862707,242.160915787397,272.24082906138,252.503367862707,2.47965018307088,1.20967009717619,2.61435368323949,22,18.0065980564762,20.0544210404936,22,16.0065980564762,18.0544210404936,5.51,6.15633807865573,6.10748316068647,3.03034981692912,4.94666798147953,3.49312947744697
5.26999748928061,233.040478816084,250.094552612698,267.920689686815,233.040478816084,250.094552612698,267.920689686815,2.21121436448252,1.30957021539683,2.49052873542123,20.0089952924631,18,20,18.0179905849262,16,18,6.3362669536278,6.16,6.12,4.12505258914528,4.85042978460317,3.62947126457877
5.27499748689852,329.466779052309,313.660971329765,324.319922003975,329.466779052309,313.660971329765,324.319922003975,2.09065965478065,1.22047675906752,2.57739298241996,20,18,20,18,17.9894053540552,19.9420662759991,6.34,5.42392001899959,5.2169391816604,4.24934034521935,4.20344325993207,2.63954619924043
5.27999748451644,336.954523799212,324.930735200958,312.090357724734,336.954523799212,324.930735200958,312.090357724734,1.99064966001126,1.35911844801219,2.46077449478343,21.9870067997749,18,20,21.9740135995497,18,20,5.51539217809343,5.42,5.19,3.52474251808218,4.06088155198781,2.72922550521657
5.28499748213435,281.419780314962,255.510739379715,260.638667228298,281.419780314962,255.510739379715,260.638667228298,2.08925039229471,1.50890555847204,2.43092754748772,22,18,20,22,18,18.0618364991811,5.51,5.78730037756436,5.64546842269245,3.42074960770529,4.27839481909232,3.21454087520474
5.28999747975226,256.207435290447,245.082957537936,269.906466777574,256.207435290447,245.082957537936,269.906466777574,1.9015765082074,1.48024887261381,2.19204072485293,20.0165948232358,18,20,18.0331896464716,18,18,6.33311314835714,5.79,5.66,4.43153664014974,4.30975112738619,3.46795927514707
5.29499747737018,336.247086310554,284.628190770637,317.389387778149,336.247086310554,284.628190770637,317.389387778149,1.98916342923395,1.25213790306884,2.17065739274361,20,19.9814095385318,21.9342607256387,18,18,19.9342607256387,6.34,5.78009295230734,5.2054487294749,4.35083657076605,4.5279550492385,3.03479133673128
5.29999747498809,331.061768246045,313.701453477447,303.168830675933,331.061768246045,313.701453477447,303.168830675933,1.97020589415348,1.30938231753955,2.25905032744788,21.9794105846515,20,22,21.9588211693031,18,20,5.51854460736961,5.78,5.19,3.54833871321613,4.47061768246045,2.93094967255212
5.304997472606,278.598591784572,294.221932030366,251.845514312778,278.598591784572,294.221932030366,251.845514312778,2.04909646523084,1.45833550977226,2.17313389222925,22,18.0221932030366,20.0696420495388,22,18,20,5.51,6.15578329142305,6.08761644696446,3.46090353476916,4.6974477816508,3.91448255473522
5.30999747022392,264.172111261771,275.229783365749,260.861391043018,264.172111261771,275.229783365749,260.861391043018,1.77344222523542,1.34145126336263,2.06138608956982,18.0491746462202,18,20,20.0245873231101,18,20,6.3297962609093,6.16,6.12,4.55635403567388,4.81854873663737,4.05861391043018
5.31499746784183,346.883376366387,321.3846131001,343.853732812606,346.883376366387,321.3846131001,343.853732812606,1.65159517661945,1.19196400074436,2.04073169004358,18,19.9738133234085,21.926830995642,20,18,20,6.34,5.78497546855238,5.67682887100234,4.68840482338055,4.59301146780802,3.63609718095876
5.31999746545974,349.971414769129,346.647679619094,345.028889838319,349.971414769129,346.647679619094,345.028889838319,1.59085755692614,1.19985907184764,2.02028889838319,21.9428295382571,20,22,21.9714147691286,18,20,5.52186287081165,5.78,5.66,3.9310053138855,4.58014092815236,3.63971110161681
5.32499746307766,287.963401819702,311.54332251835,317.117333869314,287.963401819702,311.54332251835,317.117333869314,1.79678866060099,1.3378870790953,1.96231172524686,22,18.0301845843528,20.0770575082285,22,16.0301845843528,20,5.51,6.14441585189473,6.10227677310744,3.71321133939901,4.80652877279943,4.13996504786058
5.32999746069557,245.684245911295,285.418385997039,325.835061838153,245.684245911295,285.418385997039,325.835061838153,1.67211790401115,1.38919541154416,1.7731338250751,20.0325831386331,18,20,20.0325831386331,16,20,6.32647799746726,6.15,6.12,4.65436009345611,4.76080458845584,4.3468661749249
5.33499745831348,319.700805720361,300.726540063079,378.900445408863,319.700805720361,300.726540063079,378.900445408863,1.75846148045832,1.25239277444806,1.78021333126672,20,19.9658175078848,22,20,19.9316350157697,20,6.34,5.41281843454319,5.66,4.58153851954168,4.16042566009512,3.87978666873328
5.3399974559314,312.16281650698,319.656276263043,365.247243409494,312.16281650698,319.656276263043,365.247243409494,1.80909546385011,1.35801002047025,1.80947019269394,23.9276371080091,20,22,23.9276371080091,20,20,5.79994989764875,5.4,5.66,3.99085443379864,4.04198997952975,3.85052980730606
5.34499745354931,273.744517797584,252.317223795738,313.958722762928,273.744517797584,252.317223795738,313.958722762928,1.99637286201177,1.5267546660105,1.78969042072196,24,18.0381803998765,22,24,18.0381803998765,20,5.79,6.49861897606918,6.12,3.79362713798823,4.97186431005868,4.33030957927804
5.34999745116722,249.482152245085,232.358859815768,306.156893049003,249.482152245085,232.358859815768,306.156893049003,1.90200896768786,1.56964114018423,1.73117669786752,20.0803587075143,18.0089714953942,22,20.0803587075143,18,20,6.8777004586648,6.51663568922717,6.12,4.97569149097694,4.94699454904294,4.38882330213248
5.35499744878514,344.933262925749,312.052294061349,346.972773496956,344.933262925749,312.052294061349,346.972773496956,1.90978910846181,1.49027890166053,1.71023823190164,20,20,24,20,18,22,6.9,5.77,6.12,4.99021089153819,4.27972109833947,4.40976176809836
5.35999744640305,340.154620415315,326.833384814322,339.170943783031,340.154620415315,326.833384814322,339.170943783031,1.90022088630759,1.57054709463954,1.77850424189848,23.9116454769631,19.9950264123678,24,23.9116454769631,17.9950264123678,22,5.81451838014273,5.77092011371195,6.12,3.91429749383514,4.20037301907241,4.34149575810152
5.36499744402096,259.893224831377,259.971740979364,323.979673045934,259.893224831377,259.971740979364,323.979673045934,2.17353532984408,1.79,1.81988384597677,24,18,20,24,16,22,5.79,6.14,7.06,3.61646467015592,4.35,5.24011615402324
5.36999744163888,217.011678554882,241.016586557793,310.326471046565,217.011678554882,241.016586557793,310.326471046565,2.0921678826176,1.78992194561039,1.74186554883751,20.0963503385602,18.0009756798702,20,20.0963503385602,16.0009756798702,22,6.88302190520314,6.13963899844804,7.06,4.79085402258554,4.34971705283765,5.31813445116249
5.37499743925679,306.952267998332,274.982604341816,380.962766174906,306.952267998332,274.982604341816,380.962766174906,2.18994754725091,1.63008186192087,1.78997377899641,20,19.9989767259892,21.9989511598565,20,17.9989767259892,23.9989511598565,6.91,5.40037861138401,6.13048771066673,4.72005245274909,3.77029674946315,4.34051393167032
5.3799974368747,298.013600025509,302.957688809534,367.353790472826,298.013600025509,302.957688809534,367.353790472826,2.25989422202382,1.66993955544219,1.93620938779115,23.9939555442184,20,22,21.9969777721092,18,24,5.80167733647939,5.4,6.13,3.54178311445557,3.73006044455781,4.19379061220885
5.38499743449262,223.188294316429,241.155656634915,278.229025221636,223.188294316429,241.155656634915,278.229025221636,2.40962341136714,1.77972383500257,2.02976840146127,24,18.0050211817714,22,22,16.0050211817714,22.0051466341941,5.8,6.13814216274456,7.05760681509976,3.39037658863286,4.35841832774199,5.02783841363849
5.38999743211053,203.070201356525,226.049663937258,270.217777085193,203.070201356525,226.049663937258,270.217777085193,2.30038610746088,1.88963579779344,2.02027222135649,22.0070201356525,18,22,20.0070201356525,16,22,6.62708664370423,6.14,7.06,4.32670053624335,4.25036420220656,5.03972777864351
5.39499742972844,286.621198239594,273.793132260789,345.664207161363,286.621198239594,273.793132260789,345.664207161363,2.29004509544767,1.79043097445669,2.1394698007811,22,19.9913805108662,23.9911633463517,20,17.9913805108662,22,6.63,5.39323230842518,6.60203243033912,4.33995490455233,3.60280133396849,4.46256262955802
5.39999742734636,282.027545108535,292.899124791359,329.492634115847,282.027545108535,292.899124791359,329.492634115847,2.27011018043414,1.89941598563419,2.21768172180778,23.9889819565859,20,24,23.9779639131718,18,22,6.08302996193888,5.39,6.6,3.81291978150474,3.49058401436582,4.38231827819222
5.40499742496427,240.273356943198,230.397448002219,291.245720122413,240.273356943198,230.397448002219,291.245720122413,2.58791728043278,2.01924295618625,2.26967668404946,24,18.0126173968958,22.0129326380217,24,16.0126173968958,22,6.08,6.12533156314854,7.06696083006489,3.49208271956722,4.10608860696229,4.79728414601544
5.40999742258218,191.367890803807,222.058465403107,296.814420810043,191.367890803807,222.058465403107,296.814420810043,2.42127635584994,2.02992691824612,2.17309298649928,20.0300319023516,18,22,20.0300319023516,16,22,6.91369330050617,6.13,7.07,4.49241694465623,4.10007308175388,4.89690701350072
5.4149974202001,271.326945685014,283.484925555607,341.616815278373,271.326945685014,283.484925555607,341.616815278373,2.72742411311548,1.99033230609316,2.22948908703783,20,18,23.9829695679277,20,17.9833846953422,23.9829695679277,6.92,5.3961476627234,6.60400215153699,4.19257588688452,3.40581535663025,4.37451306449916
5.41999741781801,252.186142585378,301.832471673163,320.723387556825,252.186142585378,301.832471673163,320.723387556825,2.79934850095118,1.97018614258537,2.40408137453507,23.9627714829244,18,24,21.9813857414622,18,24,5.82033091348847,5.39,6.6,3.0209824125373,3.41981385741463,4.19591862546493
5.42499741543592,180.742075647064,247.566863341507,260.633846783686,180.742075647064,247.566863341507,260.633846783686,3.01773254663397,2.11845400906862,2.45947179434693,24,16.0206132124184,22.0211282261229,22,16.0206132124184,22.0211282261229,5.81,5.75618655570259,7.53006973372226,2.79226745336603,3.63773254663397,5.07059793937533
5.42999741305384,164.180897330393,235.133302029169,261.930334719657,164.180897330393,235.133302029169,261.930334719657,2.7926003991244,1.97166627536461,2.39243828481202,20.0452243325982,16,22,18.0452243325982,16,22,6.63061595098587,5.76,7.54,3.83801555186147,3.78833372463539,5.14756171518798
5.43499741067175,266.720221750634,278.46734656483,340.990959193065,266.720221750634,278.46734656483,340.990959193065,2.97766194358289,1.89096846079122,2.46899095919306,20,17.9757884802195,23.9747739798266,18,17.9757884802195,23.9747739798266,6.64,5.01907931991767,6.62173009938062,3.66233805641711,3.12811085912645,4.15273914018756
5.43999740828966,257.146355407334,298.737895263385,330.439153438168,257.146355407334,298.737895263385,330.439153438168,2.99973389925939,1.84065526184154,2.55670634921374,21.9733899259392,18,24,19.9733899259392,18,24,5.54476859110373,5.01,6.61,2.54503469184433,3.16934473815846,4.05329365078626
5.44499740590758,177.158665631628,248.719340402333,267.91079824343,177.158665631628,248.719340402333,267.91079824343,3.2759947360882,1.92873057576059,2.44173485379701,22,16.0282094275425,20.0578284599003,20,16.0282094275425,22.0289142299501,5.53,5.73956251180929,7.52655488307318,2.2540052639118,3.8108319360487,5.08482002927617
5.44999740352549,143.50503170007,233.226562860676,292.959410023052,143.50503170007,233.226562860676,292.959410023052,3.12244863854579,1.79211458669964,2.20924968868398,18.0612159636449,16,20,20,16,22,6.08142976508972,5.75,7.54,2.95898112654393,3.95788541330036,5.33075031131602
5.4549974011434,200.05439886461,296.953261602604,397.266868739963,200.05439886461,296.953261602604,397.266868739963,3.34625020239414,1.7014493300887,2.19016506012,18,17.9677926646955,21.9669879759993,20,17.9677926646955,22,6.09,5.01207775073918,6.17294335668049,2.74374979760586,3.31062842065048,3.98277829656049
5.45999739876132,185.273704999792,314.709246541932,389.126770500922,185.273704999792,314.709246541932,389.126770500922,3.35982893437513,1.6115392830133,2.33,21.931573750052,18,22,21.965786875026,18,21.9858011463565,5.53957967499272,5,6.15333673060623,2.17975074061759,3.3884607169867,3.82333673060623
5.46499739637923,158.488770781384,267.868925833571,269.173638649324,158.488770781384,267.868925833571,269.173638649324,3.49746563298542,1.64927589513869,2.33,22,16.0362052430654,22,22,16.0362052430654,20.0353437178752,5.53,5.72660406006579,6.61169422629933,2.03253436701458,4.07732816492709,4.28169422629933
5.46999739399714,150.152816787784,263.076408393893,265.236809804657,150.152816787784,263.076408393893,265.236809804657,3.25477552461826,1.60095510492366,2.25020592156927,18.0764083938922,16,22.0102960784633,18.0764083938922,16,20.0205921569267,6.35395423728263,5.74,6.61763190195343,3.09917871266437,4.13904489507634,4.36742598038417
5.47499739161506,237.210959788194,317.089476983242,310.097330659726,237.210959788194,317.089476983242,310.097330659726,3.34798984245864,1.41991052301676,2.28921507013889,18,18,23.9607535069446,18,18,23.9215070138892,6.37,4.99,6.16902669340274,3.02201015754136,3.57008947698324,3.87981162326385
5.47999738923297,232.147707366477,336.791537666704,296.833806823567,232.147707366477,336.791537666704,296.833806823567,3.30105505261769,1.40041692466659,2.36023741882348,18,17.9930512555568,23.9932166050435,19.9577978952922,17.9930512555568,23.9932166050435,5.28342216811281,4.99257103544399,6.16471445949474,1.98236711549512,3.59215411077739,3.80447704067127
5.48499738685088,168.436534404124,276.948027199097,249.047599825775,168.436534404124,276.948027199097,249.047599825775,3.41734793648469,1.52,2.42850342882032,18,16,22.0427591765623,20,16,22.0427591765623,5.26,5.73,7.52028237228923,1.84265206351531,4.21,5.09177894346891
5.4899973844688,159.184800049878,256.067869243667,240.171396876687,159.184800049878,256.067869243667,240.171396876687,3.21485100130929,1.5197491788821,2.27008641859329,16.0462000124694,16.0029508366812,22.0028806197763,16.0924000249389,16,22.0028806197763,5.52376299831663,5.72889343624456,7.54867491490292,2.30891199700734,4.20914425736246,5.27858849630963
5.49499738208671,210.722727391723,302.009518828002,356.223613871323,210.722727391723,302.009518828002,356.223613871323,3.2685540310095,1.350004759414,2.32860014144773,16,18,23.9533380482575,16,16,23.9533380482575,5.53,4.98,6.65146449780153,2.2614459689905,3.629995240586,4.32286435635381
5.49999737970462,213.998926548391,321.989529289192,347.006439390648,213.998926548391,321.989529289192,347.006439390648,3.12008050887069,1.3599947646446,2.53988731066365,19.9978530967816,18,24,17.9989265483908,16,24,4.70044548241781,4.98,6.63,1.58036497354712,3.6200052353554,4.09011268933635
5.50499737732254,168.070058574098,265.086811711372,261.224847984597,168.070058574098,265.086811711372,261.224847984597,3.17990861925118,1.49978677825277,2.49126411817307,20,18,22.0505647269227,18,16,20.1011294538453,4.7,5.34943648538232,7.53648740198096,1.52009138074882,3.84964970712955,5.04522328380789
5.50999737494045,157.027747383628,247.045404809573,280.943118715922,157.027747383628,247.045404809573,280.943118715922,2.89073152193201,1.50997477510579,2.45010342051651,16.0100899576829,18,22,14.0100899576829,16,20,5.52790633378081,5.35,7.56,2.6371748118488,3.84002522489421,5.10989657948349
5.51499737255836,246.68302302749,272.913606418353,364.657897409577,246.68302302749,272.913606418353,364.657897409577,2.91989434100916,1.32063133771203,2.56673194987383,16,18,23.9455324978971,14,17.9933543398733,23.8910649957943,5.53,5.35,6.2078549139615,2.61010565899084,4.02936866228797,3.64112296408767
5.51999737017627,248.990957113397,295.900602208656,350.075318927344,248.990957113397,295.900602208656,350.075318927344,2.74081385979431,1.41956783568981,2.62973416849173,16,18,24,15.9909571133965,18,24,4.41506401649793,5.35,6.17,1.67425015670362,3.93043216431019,3.54026583150827
5.52499736779419,193.309171533555,282.074495680594,249.014969651725,193.309171533555,282.074495680594,249.014969651725,2.83944790797579,1.59904219839237,2.6494201981439,16,18,22.0579801856101,16,16.0106422400848,20.1159603712202,4.41,5.71803118558431,7.52941387007294,1.57055209202421,4.11898898719194,4.87999367192904
5.5299973654121,177.104326354921,259.145373730607,256.928736336909,177.104326354921,259.145373730607,256.928736336909,2.50221693504207,1.58012641193966,2.42149005841009,14.0130407943651,18,22,16,16,20,4.68817428878888,5.72,7.57,2.18595735374681,4.13987358806034,5.14850994158991
5.53499736303001,229.601446671487,284.809678077991,382.008549029026,229.601446671487,284.809678077991,382.008549029026,2.5694736088114,1.49065880665311,2.39092824441185,14,18,23.9381170392097,16,17.9853598521532,23.8762340784194,4.69,5.3427816280909,6.22300865774925,2.1205263911886,3.85212282143779,3.8320804133374
5.53999736064793,228.016642426887,300.866887186177,373.110856354073,228.016642426887,300.866887186177,373.110856354073,2.45099854561322,1.48008319550864,2.52880616234075,17.966715146226,18,24,17.983357573113,18,24,4.40241315189861,5.34,6.18,1.95141460628539,3.85991680449136,3.65119383765925
5.54499735826584,215.121147361451,266.32616597313,237.605001517935,215.121147361451,266.32616597313,237.605001517935,2.48962723888784,1.59888171666355,2.59769749924103,18,18,22.0657857359705,18,16.0186380556074,22.0657857359705,4.4,5.70655195971262,7.52427891350051,1.91037276111216,4.10767024304907,4.92658141425947
5.54999735588375,204.113503552186,247.19605159014,217.169220942033,204.113503552186,247.19605159014,217.169220942033,2.18319873647071,1.62969044485767,2.55052881544385,14.0412740189769,18,22,14.0412740189769,16,22,5.2214356410623,5.71,7.57,3.03823690459159,4.08030955514233,5.01947118455615
5.55499735350167,291.992699630075,269.744230723099,325.097443375711,291.992699630075,269.744230723099,325.097443375711,2.2887550220147,1.58055602016718,2.67547024677538,14,19.9777591933129,25.860622977704,14,17.9777591933129,23.930311488852,5.23,5.3441145492371,6.68205671512809,2.9412449779853,3.76355852906993,4.00658646835271
5.55999735111958,283.123174586251,280.866705757323,316.16412767673,283.123174586251,280.866705757323,316.16412767673,2.11221714255251,1.5997576468315,2.73924248764586,17.9507301654998,20,26,17.9507301654998,18,24,4.1336723790738,5.34,6.65,2.02145523652129,3.7402423531685,3.91075751235414
5.56499734873749,225.772382262792,250.406631196337,255.306287463481,225.772382262792,250.406631196337,255.306287463481,2.14946732257738,1.70855711510977,2.72073215475031,18,18.0262342707315,22.1464309500623,18,16.0262342707315,22.0732154750312,4.12,6.07029331982936,7.99874916747819,1.97053267742262,4.36173620471959,5.27801701272788
5.56999734635541,223.028632825011,241.127049510756,264.826368270512,223.028632825011,241.127049510756,264.826368270512,1.805010744377,1.65084699673837,2.55245978283442,14.0572656500228,18,22,14.0572656500228,16,22,5.20425194624372,6.08,8.05,3.39924120186673,4.42915300326163,5.49754021716558
5.57499734397332,332.299936271471,299.108150734443,379.412313794652,332.299936271471,299.108150734443,379.412313794652,1.67199106562801,1.5909069653548,2.56922896030162,14,18,23.9228960301622,14,19.9395356430131,23.9228960301622,5.22,5.34133706693505,6.71358725903726,3.54800893437199,3.75043010158025,4.14435829873563
5.57999734159123,342.85316170252,312.790497639564,365.313845948507,342.85316170252,312.790497639564,365.313845948507,1.39456830258828,1.59983884433813,2.83554008388964,17.9347385344531,18,24,15.9673692672266,20,24,4.12811005668925,5.33,6.66,2.73354175410097,3.73016115566187,3.82445991611036
5.58499733920915,281.078463194187,254.026902587633,227.056702491356,281.078463194187,254.026902587633,227.056702491356,1.48828815366002,1.70811734525601,2.77992912188581,18,16.0342300862544,22,16,16.0684601725089,20,4.11,6.06716371765458,7.59,2.62171184633998,4.35904637239858,4.81007087811419
5.58999733682706,247.597779162235,239.253603280948,234.858532205281,247.597779162235,239.253603280948,234.858532205281,1.26416633961558,1.71,2.7701768347434,16.0362290401354,16,22,14.0362290401354,16,20,4.91514609354447,6.08,7.59,3.65097975392889,4.37,4.8198231652566
5.59499733444497,324.489994236364,293.92961616754,321.984590728512,324.489994236364,293.92961616754,321.984590728512,1.14229367964097,1.64133797979058,2.87020545695317,16,19.9235440119671,24,14,17.9617720059836,26,4.93,4.97159881661929,6.2,3.78770632035903,3.33026083682871,3.32979454304683
5.59999733206289,337.758638312617,311.643043949831,319.05890458579,337.758638312617,311.643043949831,319.05890458579,0.895028368487137,1.64044619506271,2.9092146055228,19.9195461042058,19.9821521974915,24,19.8793191563087,17.9910760987458,26,4.38126354541119,4.95499738470237,6.2,3.48623517692405,3.31455118963966,3.2907853944772
5.6049973296808,308.633388526666,231.965375263134,223.057461395291,308.633388526666,231.965375263134,223.057461395291,0.958522093437778,1.74003462473687,2.87868176799039,20,16,22,20,16,22,4.37,6.07,8.06,3.41147790656222,4.32996537526313,5.18131823200961
5.60999732729871,278.663372834876,222.197039739688,239.636349537382,278.663372834876,222.197039739688,239.636349537382,0.803537988452673,1.74963055048808,2.49834256943654,18.0442248556584,16.0049259934922,22,16.0884497113168,16.0049259934922,22,5.7292637253174,6.06724144364436,8.06,4.92572573686473,4.31761089315628,5.56165743056346
5.61499732491663,384.480802380102,302.032197435723,410.967140026826,384.480802380102,302.032197435723,410.967140026826,0.741386714286182,1.59998536480194,2.50028573889716,18,18,24,16,18,24,5.76,4.95,6.67,5.01861328571382,3.35001463519806,4.16971426110284
5.61999732253454,387.97588861829,323.964268699388,388.536879599291,387.97588861829,323.964268699388,388.536879599291,0.720482227634201,1.59002784257191,2.69533148174529,19.9517772365799,17.9990719142698,24,19.9035544731598,17.9981438285396,24,4.94025356063643,4.95034339172017,6.67,4.21977133300223,3.36031554914826,3.97466851825471
5.62499732015245,329.032386522981,247.041228423807,243.079577696932,329.032386522981,247.041228423807,243.079577696932,0.929884725935152,1.64996787395548,2.68001097623406,20,16.0010708681508,22.001097623406,20,14.0021417363016,22.001097623406,4.92,5.6896037787842,7.59948960511623,3.99011527406485,4.03963590482872,4.91947862888217
5.62999731777037,289.061396440615,239.012279288122,243,289.061396440615,239.012279288122,243,0.810184189321846,1.64001534911015,2.74822942147954,18.0030698220308,16,22,18.0030698220308,14,22,5.74872602385723,5.69,7.6,4.93854183453539,4.04998465088985,4.85177057852045
5.63499731538828,354.832730394923,292.863143050392,319.799976427924,354.832730394923,292.863143050392,319.799976427924,0.750152063277343,1.52030412655469,2.81981816038902,18,17.9949312240886,25.989609165087,18,17.9898624481772,23.9948045825435,5.75,4.5728385145104,6.68238989203,4.99984793672266,3.05253438795571,3.86257173164098
5.63999731300619,354.003533864896,312.933305380474,317.081736099362,354.003533864896,312.933305380474,317.081736099362,0.590565418383423,1.45023343116834,2.81027245366454,21.9858645404144,18,26,21.9858645404144,18,24,5.20194362569302,4.57,6.68,4.61137820730959,3.11976656883166,3.86972754633546
5.64499731062411,320.154133622448,236.333682706041,266.226578896033,320.154133622448,236.333682706041,266.226578896033,0.759229331887758,1.55952331041994,2.8697334365929,22,16.0086670832738,24.0088854469033,22,16.0086670832738,22.0088854469033,5.2,5.67518976878305,8.07378018716771,4.44077066811224,4.11566645836311,5.20404675057481
5.64999730824202,283.204714294751,227.047997167197,273.767986334341,283.204714294751,227.047997167197,273.767986334341,0.76994467181223,1.51026665092887,2.43305076869331,20.0110656375541,16,24,20.0110656375541,16,22,6.30385857115748,5.68,8.08,5.53391389934525,4.16973334907113,5.64694923130669
5.65499730585993,346.581933074077,311.461737880978,413.091300510107,346.581933074077,311.461737880978,413.091300510107,0.889216124513894,1.36094987432769,2.41006490710642,20,17.9873350089642,24,20,16,23.9870185787158,6.31,4.93474937163842,7.15603636089714,5.42078387548611,3.57379949731074,4.74597145379072
5.65999730347785,330.128040135184,332.846028578373,386.866686682329,330.128040135184,332.846028578373,386.866686682329,0.929698729093685,1.22102647614418,2.55535703563038,23.9698729093685,18,24,23.9698729093685,16,24,5.75421779268841,4.93,7.15,4.82451906359473,3.70897352385582,4.59464296436962
5.66499730109576,290.333324574252,285.399909571148,272.97351527408,290.333324574252,285.399909571148,272.97351527408,1.12833337712874,1.36875028259016,2.62940222746328,24,16.0166628987978,22.0170792153347,24,14.0166628987978,22.0170792153347,5.75,5.2969173637224,7.61598638439633,4.62166662287126,3.92816708113224,4.98658415693305
5.66999729871367,261.270596863828,256.270596863823,268.13161793355,261.270596863828,256.270596863823,268.13161793355,1.03093309263389,1.30065316484371,2.61065808966775,22.0186618526778,16,22,20.0373237053555,14,22,6.85954936250045,5.3,7.62,5.82861626986656,3.99934683515629,5.00934191033225
5.67499729633159,350.070263704871,281.731409514741,320.438809251289,350.070263704871,281.731409514741,320.438809251289,1.18834713547533,1.27030991209838,2.66936468971844,22,17.9793391934416,25.9576459812294,20,17.9586783868832,23.9788229906147,6.87,4.55774780245941,6.69984730936417,5.68165286452467,3.28743789036103,4.03048261964573
5.6799972939495,334.192607963732,293.866412348924,317.139423483905,334.192607963732,293.866412348924,317.139423483905,1.10101968921976,1.36888676957437,2.71825720645118,23.9773402395609,18,26,21.9773402395609,18,24,6.04940380058222,4.55,6.69,4.94838411136246,3.18111323042563,3.97174279354882
5.68499729156741,286.591809143682,229.788421202414,254.796156308229,286.591809143682,229.788421202414,254.796156308229,1.34691766070999,1.3897574088608,2.69037912205154,24,16.0242591139204,22.0505496068717,22,18,22.0252748034358,6.04,5.65641489620456,8.07230763759491,4.69308233929001,4.26665748734376,5.38192851554338
5.68999728918533,252.453180359413,231.960612898298,254.963380644816,252.453180359413,231.960612898298,254.963380644816,1.26119959506903,1.39986870966099,2.54549290327758,20.0533153364015,16,22,20.0266576682007,18,22,6.5826691412448,5.67,8.09,5.32146954617576,4.27013129033901,5.54450709672242
5.69499728680324,305.226271203802,314.813205089337,364.392552766701,305.226271203802,314.813205089337,364.392552766701,1.41770747023349,1.33098899575889,2.54,20,17.9717429783176,23.9710369867874,20,18,23.9710369867874,6.59,5.29536883411967,6.72012929418276,5.17229252976651,3.96437983836078,4.18012929418276
5.69999728442115,296.153277879814,323.878976097745,354.462763203856,296.153277879814,323.878976097745,354.462763203856,1.46923361060093,1.25121023902255,2.76113037192608,23.9386888480745,18,24,23.9386888480745,18,24,5.77272206402454,5.29,6.7,4.30348845342361,4.03878976097745,3.93886962807392
5.70499728203907,242.881672305772,295.46769647695,225.165482875761,242.881672305772,295.46769647695,225.165482875761,1.68640800171722,1.43693578170274,2.76016530403632,24,14.0645098588896,22.0330608072635,24,16.0322549294448,22.0330608072635,5.76,5.65403283805271,7.62446142058614,4.07359199828278,4.21709705634997,4.86429611654982
5.70999727965698,221.359737650565,270.428173541555,217.544867093321,221.359737650565,270.428173541555,217.544867093321,1.68017130364313,1.46948619175013,2.77992923803983,20.0685214572504,14,22.0141523920343,20.0685214572504,16,22.0141523920343,6.86081399196989,5.66,7.63341913770405,5.18064268832677,4.19051380824987,4.85348989966422
5.71499727727489,308.386748744359,294.546839534932,292.63747808985,308.386748744359,294.546839534932,292.63747808985,1.75854988651178,1.33253769860438,2.77017695089742,20,17.9274943255892,23.9646098205156,20,17.9637471627946,23.9646098205156,6.88,4.56030158883504,6.72645643346026,5.12145011348822,3.22776389023066,3.95627948256283
5.71999727489281,299.210384850973,320.502726715876,293.625888984825,299.210384850973,320.502726715876,293.625888984825,1.81885244626742,1.26133881268803,2.86035873658989,21.9617482089139,18,23.9897503831459,23.9234964178278,18,23.9897503831459,5.79122974405277,4.54,6.71476607183715,3.97237729778536,3.27866118731197,3.85440733524726
5.72499727251072,220.610029798683,243.964399583263,222.434192845259,220.610029798683,243.964399583263,222.434192845259,2.10416364197977,1.24053400625105,2.92862474658674,22,18,22.0392929546646,24,18,22.0392929546646,5.77,5.65,7.62172877608095,3.66583635802023,4.40946599374895,4.69310402949421
5.72999727012863,182.781619428683,236.193232208491,216.259371933868,182.781619428683,236.193232208491,216.259371933868,2.07084499397696,1.35975845973939,2.89053895466778,22,18,22.0134738666945,20.0844993976955,18,22,6.58246637497818,5.65,7.63690101066028,4.51162138100123,4.29024154026061,4.7463620559925
5.73499726774655,260.230053890864,292.014706589267,291.351982930397,260.230053890864,292.014706589267,291.351982930397,2.24601762125444,1.29,3.04657554894628,22,18,25.914388723657,20,18,22,6.6,5.65,6.73969059355889,4.35398237874556,4.36,3.69311504461261
5.73999726536446,252.231238033047,298.001451621271,280.899387385071,252.231238033047,298.001451621271,280.899387385071,2.34768761966953,1.2902322594033,3.21997165841833,23.9537523933906,17.9970967574588,25.994331683666,23.9075047867812,17.9970967574588,21.997165841833,6.06271809181759,5.65,6.72131788354766,3.71503047214806,4.3597677405967,3.50134622512934
5.74499726298237,217.844314808576,298.996382845359,211.658148673985,217.844314808576,298.996382845359,211.658148673985,2.57445164554364,1.4499909571134,3.20046708413352,24,16,22.0934168267034,24,16,20.0467084133517,6.05,5.65,7.62828058779146,3.47554835445636,4.2000090428866,4.42781350365794
5.74999726060029,199.010100203777,291.004378660883,229.988779849628,199.010100203777,291.004378660883,229.988779849628,2.42008977958913,1.43001094665221,3.18001122015037,20.0022444897282,16,22,20.0022444897282,16,20,6.88952865715707,5.65,7.65,4.46943887756794,4.21998905334779,4.46998877984963
5.7549972582182,286.863880759567,296.990719142699,311.87433008166,286.863880759567,296.990719142699,311.87433008166,2.59972157428093,1.26026295762353,3.18,20,17.9969063808996,23.9493888114681,20,17.9969063808996,21.9493888114681,6.89,4.90116010716265,6.29517477602967,4.29027842571907,3.64089714953912,3.11517477602968
5.75999725583611,272.038194297361,323.931250264751,315.994780190912,272.038194297361,323.931250264751,315.994780190912,2.59002546286491,1.32982175994565,3.28971291050017,21.9949074270186,18,24,20,18,22,5.78282637800468,4.9,6.26,3.19280091513977,3.57017824005435,2.97028708949983
5.76499725345403,198.262386493922,258.220877704681,215.807469131191,198.262386493922,258.220877704681,215.807469131191,2.83911355914215,1.44959840417331,3.27054513963712,22,16.0066932637782,22.0545139637125,20,16.0066932637782,20.0545139637125,5.78,5.63752349240207,7.16465100687371,2.94088644085785,4.18792508822876,3.89410586723658
5.76999725107194,170.127266730408,235.099945123953,220.964360625877,170.127266730408,235.099945123953,220.964360625877,2.63095450047806,1.45995654559828,3.10075733670011,20.0090904807434,16,22,18.0090904807434,16,20,6.05872733269592,5.64,7.19,3.42777283221786,4.18004345440172,4.08924266329989
5.77499724868985,218.72830885171,277.770168564167,312.272747580692,218.72830885171,277.770168564167,312.272747580692,2.87861382067199,1.48983965248663,3.16796906734732,20,19.9786203315504,23.9419733527807,18,17.9893101657752,21.9419733527807,6.06,4.89400868783429,6.28698239095699,3.18138617932801,3.40416903534766,3.11901332360966
5.77999724630777,204.098162913788,278,306.058526158119,204.098162913788,278,306.058526158119,2.88,1.45025377576212,3.16006502906458,21.9869116114949,20,24,19.9869116114949,18,22,5.50366474878142,4.89,6.26,2.62366474878143,3.43974622423788,3.09993497093542
5.78499724392568,178.196135451015,226.381881291657,246.888847383186,178.196135451015,226.381881291657,246.888847383186,3.02886844932107,1.64853122580132,3.16,22,16.0293754839736,22.0619294223995,20,16.0146877419868,18.1238588447991,5.5,6.00177486448739,7.17089317147222,2.47113155067893,4.35324363868607,4.01089317147222
5.78999724154359,171.058415106884,215.091776827273,252.931585572136,171.058415106884,215.091776827273,252.931585572136,2.79200280366458,1.62025030043802,3.02119725248762,18.0333800610764,16,22,20,16,18,6.05532679144931,6.01,7.2,3.26332398778473,4.38974969956198,4.17880274751238
5.79499723916151,245.299288134459,300.196517060861,334.235047701651,245.299288134459,300.196517060861,334.235047701651,2.99803800677649,1.53084085423863,2.97164580493949,18,17.9813143502526,22,20,19.9626287005052,21.8683356048405,6.06,4.89055739210729,5.84608253830582,3.06196199322351,3.35971653786865,2.87443673336632
5.79999723677942,230.165476829027,321.782811661902,330.074204903558,230.165476829027,321.782811661902,330.074204903558,2.99010342301814,1.53,3.07883392294409,19.9793153963716,18,22,20,20,22,5.50579168901595,4.88,5.8,2.51568826599781,3.35,2.72116607705591
5.80499723439733,201.328911583881,245.858103798023,217.0794959063,201.328911583881,245.858103798023,217.0794959063,3.17784506203664,1.69810548512125,2.94488144809301,20,16.0222884103382,20.0697349727573,20,16.0445768206765,18.1394699455145,5.5,5.98751849021058,6.69757323766787,2.32215493796336,4.28941300508933,3.75269178957486
5.80999723201525,186.185118835426,229.194263287923,224.848204829598,186.185118835426,229.194263287923,224.848204829598,2.94296190136681,1.63084990188466,2.87088547182735,18.0246825113901,16,20,16.0493650227801,16,18,5.77654444840539,6,6.73,2.83358254703858,4.36915009811534,3.85911452817265
5.81499722963316,236.319622635596,318.80417514835,303.996260226123,236.319622635596,318.80417514835,303.996260226123,3.0682657047574,1.54118268391921,2.85073261945704,18,17.9737181351286,23.8534761085914,16,17.9737181351286,21.8534761085914,5.78,4.894717844328,5.39091705226449,2.7117342952426,3.35353516040878,2.54018443280745
5.81999722725107,231.086041257454,340.703051403099,303.057974809688,231.086041257454,340.703051403099,303.057974809688,2.99114721676606,1.50056561637505,2.87956518892734,19.9713195808486,18,24,17.9713195808486,18,22,4.95204577604358,4.88,5.34,1.96089855927753,3.37943438362495,2.46043481107266
5.82499722486899,193.582908087622,268.120351587451,211.66464549375,193.582908087622,268.120351587451,211.66464549375,3.06877282507869,1.6280318147788,2.79347176941513,20,14.0605595452676,22.0771504314474,18,16.0302797726338,20.0771504314474,4.94,5.6087964841255,7.12825009875395,1.87122717492131,3.98076466934669,4.33477832933882
5.8299972224869,192.016339163457,258.145254269317,219.801488806631,192.016339163457,258.145254269317,219.801488806631,2.81424818249874,1.58080696816287,2.57363937187842,16.0653566538268,14,22,16.0326783269134,16,20,5.49085006846425,5.62,7.2,2.6766018859655,4.03919303183713,4.62636062812158
5.83499722010481,266.69718784287,319.920253067576,377.908160452007,266.69718784287,319.920253067576,377.908160452007,2.83948573204324,1.32445609845127,2.58056516644919,16,17.9314446392112,24,16,17.9657223196056,22,5.5,4.51919550102088,6.27,2.66051426795676,3.1947394025696,3.68943483355081
5.83999721772273,277.818616828623,353.401435534456,365.230187166879,277.818616828623,353.401435534456,365.230187166879,2.72217659805653,1.28072553268551,2.65858346358844,17.9637233657246,18,24,17.9637233657246,18,22,4.67523618639567,4.5,6.27,1.95305958833915,3.21927446731449,3.61141653641156
5.84499721534064,244.650684998653,272.588436908491,276.035792351173,244.650684998653,272.588436908491,276.035792351173,2.72,1.36827759853296,2.56953981262777,18,16.0382755881564,20,18,16.0382755881564,20,4.66,5.58875704857319,7.21,1.94,4.22047945004023,4.64046018737223
5.84999721295855,245.959725457963,248.301794441885,282.862393350858,245.959725457963,248.301794441885,282.862393350858,2.26926314466853,1.38928989543086,2.48176922834612,16.0402745420371,16.0177526142285,20,14.0805490840741,16.0088763071143,20,5.19892450093981,5.60667138483215,7.21,2.92966135627128,4.21738148940129,4.72823077165388
5.85499721057647,332.13996617962,316.065334855716,367.996643148729,332.13996617962,316.065334855716,367.996643148729,2.12295914471424,1.22986245293534,2.41983215743643,16,20,22,14,18,24,5.21,4.86,5.81,3.08704085528576,3.63013754706466,3.39016784256357
5.85999720819438,344.756501526109,334.870722417166,367.021414434488,344.756501526109,334.870722417166,367.021414434488,1.92442724497984,1.19012195998381,2.3710707217244,17.9557275502016,19.9902432012955,22,17.9114551004032,17.9951216006478,24,4.39837306666633,4.86273190363725,5.81,2.47394582168649,3.67260994365345,3.4389292782756
5.86499720581229,290.295599303023,282,268.984539899507,290.295599303023,282,268.984539899507,1.98838050087122,1.23987042495379,2.39973296190057,18,16,22,18,16,20,4.38,5.98,7.21,2.39161949912878,4.74012957504621,4.81026703809943
5.86999720343021,254.844731257301,282.036540400994,258.25702404286,254.844731257301,282.036540400994,258.25702404286,1.69724055363401,1.14994276804664,2.21443950619485,16.0482703575601,16.0008804915902,22,14.0965407151201,16.0008804915902,20,5.18020915340038,5.97950692470948,7.21,3.48296859976637,4.82956415666284,4.99556049380515
5.87499720104812,330.955854302574,364.953583814932,366.937520836571,330.955854302574,364.953583814932,366.937520836571,1.70998853358508,1.0200727000489,2.22998853593332,16,17.9988815377092,23.9988535933316,14,17.9988815377092,23.9977071866632,5.2,4.86062633888284,6.28053307910081,3.49001146641492,3.84055363883394,4.0505445431675
5.87999719866603,325.009352248512,377.979736794893,349.455709774029,325.009352248512,377.979736794893,349.455709774029,1.5802026320511,1.04995323875744,2.29822779532322,19.9937651676585,18,24,19.9906477514878,18,24,4.37129372771086,4.86,6.28,2.79109109565976,3.81004676124256,3.98177220467678
5.88499719628394,272.135583806371,285.237911207406,256.243855333449,272.135583806371,285.237911207406,256.243855333449,1.57002558185026,1.19961627224612,2.45958046394245,20,18,22.0052442007193,20,16.0051163700517,22.0052442007193,4.37,5.59810694308085,7.67632905949646,2.79997441814974,4.39849067083474,5.21674859555401
5.88999719390186,264.028461295731,270.050377992028,228.763520723239,264.028461295731,270.050377992028,228.763520723239,1.29099614535059,1.15016792664009,2.38218148778068,18.0071153239328,18,22,16.0142306478655,16,22,5.7450904264864,5.6,7.68,4.45409428113581,4.44983207335991,5.29781851221932
5.89499719151977,379.471371886822,330.73420233888,331.535419511773,379.471371886822,330.73420233888,331.535419511773,1.07100257055948,0.960827894354307,2.49946394559051,18,19.9912853225862,25.9821315196836,16,19.9825706451725,23.9910657598418,5.75,5.22165578870861,6.75415442167356,4.67899742944052,4.26082789435431,4.25469047608306
5.89999718913769,388.949990457377,355.866079608815,313.551473841228,388.949990457377,355.866079608815,313.551473841228,0.970555661584703,0.880428545251791,2.55825850365928,19.9888867683059,20,26,21.9666603049178,20,24,4.92461199115304,5.22,6.75,3.95405632956834,4.33957145474821,4.19174149634072
5.9049971867556,325.419589938402,324.203401362812,252.397421238672,325.419589938402,324.203401362812,252.397421238672,1.03954107350487,1.03898299318594,2.49045605715913,20,18.0127125851758,22.0260604090933,22,16.0254251703516,22.0130302045466,4.92,6.33288095230157,8.14087885681736,3.88045892649513,5.29389795911563,5.65042279965822
5.90999718437351,298.204000382652,292.235384624909,263.628284080775,298.204000382652,292.235384624909,263.628284080775,0.791888892431967,1.04,2.39309763266021,20,18,22,18.0302222789115,16,22,6.02161331760207,6.34,8.15,5.2297244251701,5.3,5.75690236733979
5.91499718199143,402.122523800902,367.365001268364,376.032268079258,402.122523800902,367.365001268364,376.032268079258,0.680919260780008,0.930919077111579,2.41974308002104,20,19.9832895070622,23.9828720014028,18,19.9665790141244,22,6.03,5.22935787604516,6.77190395902505,5.34908073921999,4.29843879893359,4.35216087900401
5.91999717960934,412.906452765911,386.822260255235,364.428060284498,412.906452765911,386.822260255235,364.428060284498,0.571029019574976,1.02906452765913,2.58440228858733,23.9625811063645,20,24,21.9625811063645,20,22,5.47523864510897,5.22,6.76,4.90420962553399,4.19093547234087,4.17559771141267
5.92499717722725,380.341688611524,295.952586432126,245.273547558866,380.341688611524,295.952586432126,245.273547558866,0.66896457996508,0.990414168013968,2.58010612896324,24,18.0207084006984,22.0212257926478,22,16.0414168013968,20.0212257926478,5.47,6.3284032956089,7.22501193872778,4.80103542003492,5.33798912759493,4.64490580976454
5.92999717484517,348.363317673265,298.955375575672,244.965120898219,348.363317673265,298.955375575672,244.965120898219,0.590908294183162,0.99,2.56069758203562,20.0454147091581,18,22,20.0227073545791,16,20,6.56739741820863,6.34,7.23,5.97648912402546,5.35,4.66930241796438
5.93499717246308,429.974688198908,385.930504845342,291.40489571259,429.974688198908,385.930504845342,291.40489571259,0.451729441592204,0.782552204346342,2.61924029239905,20,19.9756932919396,25.9493528266034,20,19.9513865838792,23.9493528266034,6.58,5.23361175651382,6.31177546781471,6.1282705584078,4.45105955216748,3.69253517541565
5.93999717008099,437.906531581807,408.710637718644,283.329783314684,437.906531581807,408.710637718644,283.329783314684,0.558531210571261,0.809605415070879,2.73560288913755,23.9465894753186,20,26,23.9465894753186,20,24,5.7610826838714,5.22,6.3,5.20255147330014,4.41039458492912,3.56439711086245
5.9449971676989,359.148168648869,316.33031694367,200.218495451968,359.148168648869,316.33031694367,200.218495451968,0.678277747026697,0.957877153813292,2.81883952814098,24,18.0283046158228,22.0580235929508,24,16.0566092316455,22.0290117964754,5.75,6.31429093821836,8.13301902927786,5.0717222529733,5.35641378440507,5.31417950113688
5.94999716531682,337.322383286079,282.500008900112,195.154347324504,337.322383286079,282.500008900112,195.154347324504,0.601228126804109,1.01909089290889,2.73347281480134,22.0307031701027,18,22,22.0307031701027,16,22,6.84295974059298,6.33,8.16,6.24173161378888,5.31090910709111,5.42652718519866
5.95499716293473,426.512053358756,348.901714198117,334.649219072655,426.512053358756,348.901714198117,334.649219072655,0.511471595579253,0.951130588325468,2.81851006842633,22,21.9353949528304,23.966890409474,22,19.9353949528304,22,6.86,5.22808941320748,6.80284561746293,6.34852840442075,4.27695882488202,3.9843355490366
5.95999716055264,429.965691667724,364.742738919017,321.153644174496,429.965691667724,364.742738919017,321.153644174496,0.549313833354472,0.99914246306339,3.0597178813915,25.9313833354472,22,23.9717881391499,23.9656916677236,20,21.9858940695749,6.319434791376,5.21,6.78324436399776,5.77012095802153,4.21085753693661,3.72352648260627
5.96499715817056,380.907510783635,279.579068763525,204.12619846562,380.907510783635,279.579068763525,204.12619846562,0.766006952552006,1.06872948490291,3.02070873282187,26,18.0726008626908,20.0708732821873,24,18.0363004313454,20.0354366410937,6.31,6.67295617864768,7.23184957254846,5.54399304744799,5.60422669374477,4.21114083972658
5.96999715578847,345.670239241456,278,220.33670412308,345.670239241456,278,220.33670412308,0.75038299385226,1.16808503073868,2.87969390534265,24.0382993852261,18,20.0204063104897,24,18,20.0102031552449,7.13391425820506,6.7,7.23290880710482,6.3835312643528,5.53191496926132,4.35321490176217
5.97499715340638,391.052989030984,380.057541315288,284.701799262962,391.052989030984,380.057541315288,284.701799262962,0.671611933564282,1.03973442469867,2.82118018248822,24,20,23.9213211674523,24,20,21.9606605837261,7.15,5.58,5.87734089431034,6.47838806643572,4.54026557530133,3.05616071182212
5.9799971510243,391.021148646494,392.715577419225,278.588535988114,391.021148646494,392.715577419225,278.588535988114,0.777673648885675,0.980616820054693,2.93030107122821,27.9154054140246,20,23.986619056524,25.9577027070123,19.9931464438367,21.993309528262,6.88571013455334,5.58257008356122,5.85468333021659,6.10803648566767,4.60195326350653,2.92438225898838
5.98499714864221,357.753036196762,309.949026676036,158.635404136515,357.753036196762,309.949026676036,158.635404136515,1.06357704420409,1.15985436193153,3.01807165550987,28,20,20.0857041995615,26,18,20.0428520997807,6.88,6.33,7.22000353015348,5.81642295579591,5.17014563806847,4.20193187464362
5.98999714626012,324.763870812365,289.089952924639,146.15053561412,324.763870812365,289.089952924639,146.15053561412,1.18722228795504,1.09987149582194,2.97009756937952,24.0925904014988,20,20.0027876965578,24.0462952007494,18.0057112968025,20.0027876965578,7.70055601568526,6.32945742680376,7.24804861240955,6.51333372773022,5.22958593098182,4.27795104303003
5.99499714387804,368.889234443509,352.008566945202,251.475236752109,368.889234443509,352.008566945202,251.475236752109,1.2680682338148,1.0100128504178,3.03836357937637,24,20,21.9532451250391,24,22,21.9532451250391,7.72,5.95,5.88272841247266,6.4519317661852,4.9399871495822,2.84436483309629
5.99999714149595,364.003513114357,371.988577406392,247.004097794049,364.003513114357,371.988577406392,247.004097794049,1.40991802733167,1.03998286610959,3.17991804411903,27.9976579237619,20,22,25.998828961881,22,22,6.8904859808194,5.95,5.85,5.48056795348773,4.91001713389041,2.67008195588097
6.00499713911386,296.106801250197,339.051830018472,151.482224856933,296.106801250197,339.051830018472,151.482224856933,1.70952881801384,1.14982723327176,3.11177301775495,28,18.0031412132407,22,26,18.0062824264815,18.101315300283,6.89,6.69882204503473,6.75644419268421,5.18047118198616,5.54899481176297,3.64467117492925
6.00999713673178,267.074532423265,325.035981169852,177.923605410917,267.074532423265,325.035981169852,177.923605410917,1.69005140167122,1.21982009415074,3.01026342961753,26.0051401671217,18,22,24.0051401671217,18,18,7.72784112980887,6.7,6.78,6.03778972813765,5.48017990584926,3.76973657038247
6.01499713434969,339.7394220834,364.865182651412,268.462940222541,339.7394220834,364.865182651412,268.462940222541,1.76971443515989,1.13030333903432,2.98081840637983,26,19.9932591325706,20.0545604253217,24,19.9932591325706,19.9454395746783,7.73,5.58377488576046,5.88509779564798,5.96028556484011,4.45347154672614,2.90427938926815
6.0199971319676,336.018276149767,377.943199915856,277.96864477125,336.018276149767,377.943199915856,277.96864477125,1.89940602513258,1.13,3.119372895425,27.9908619251166,20,20,27.9817238502332,20,20,7.18251297059293,5.58,5.86,5.28310694546036,4.45,2.740627104575
6.02499712958552,289.261720175955,292.461709419684,211.974485700171,289.261720175955,292.461709419684,211.974485700171,2.15855218626067,1.17973156429088,2.96464584870629,28,20,20,28,18.0107374283647,18.0580731088286,7.18,6.32597346436322,5.86,5.02144781373933,5.14624190007234,2.89535415129371
6.02999712720343,259.197039739676,273.120995631335,237.81723565351,259.197039739676,273.120995631335,237.81723565351,2.09045975939258,1.32904477133157,2.88052218384711,26.0131359826451,20,20,24.0262719652901,18,18,8.01448288728907,6.33,5.86,5.9240231278965,5.00095522866843,2.97947781615289
6.03499712482134,334.424872412023,301.786337626162,262.22530144989,334.424872412023,301.786337626162,262.22530144989,2.18924325317371,1.28036838340317,2.86061975884009,26,21.9852646638732,21.9380241159912,24,19.9852646638732,19.9380241159912,8.02,5.95279971386409,5.40456433274206,5.83075674682629,4.67243133046092,2.54394457390197
6.03999712243926,328.058581719663,308.941429984973,257.051457170685,328.058581719663,308.941429984973,257.051457170685,2.3387446774358,1.33949797129977,2.94922814243972,26,22,22,25.9832623658106,20,20,7.20686243001764,5.95,5.39,4.86811775258185,4.61050202870023,2.44077185756028
6.04499712005717,265.590097182463,275.318465146085,209.61402715013,265.590097182463,275.318465146085,209.61402715013,2.54803300939179,1.50840767426957,2.82428211284728,26,20.0187332438874,20.065878659189,26,18.0187332438874,18.065878659189,7.2,6.69297503354223,6.28936642347713,4.65196699060821,5.18456735927266,3.46508431062984
6.04999711767508,249.165857582147,271.041464395537,229.766247972931,249.165857582147,271.041464395537,229.766247972931,2.41145125384379,1.58917071208926,2.72106250921395,24.0207321977684,20,20,24.0207321977684,18,18,7.47709749231243,6.7,6.32,5.06564623846864,5.11082928791074,3.59893749078605
6.054997115293,307.329431026353,327.363423601301,312.99939832224,307.329431026353,327.363423601301,312.99939832224,2.38034096727474,1.45156352097926,2.61383797889016,24,21.9776639860106,20,24,21.9553279720211,19.9302185656335,7.48,5.95837600524604,5.42244836698042,5.09965903272526,4.50681248426678,2.80861038809027
6.05999711291091,314.913444630645,352.69586868587,321.923956065011,314.913444630645,352.69586868587,321.923956065011,2.4195053978894,1.47963504242304,2.77784542184199,27.9505397889399,22,20,27.9505397889399,22,20,6.93680077902076,5.95,5.39,4.51729538113136,4.47036495757696,2.61215457815801
6.06499711052882,277.50785212881,294.776719040847,240.115607696057,277.50785212881,294.776719040847,240.115607696057,2.57786167524712,1.61815693786918,2.64513158914645,28,20.0263294590118,18.0733084163778,28,18.0526589180235,18.0733084163778,6.93,7.05525550295342,5.84277252215122,4.35213832475288,5.43709856508424,3.19764093300477
6.06999710814674,251.373464172792,274.283284128928,247.840300965413,251.373464172792,274.283284128928,247.840300965413,2.52086184039875,1.69886686348429,2.36406506633493,24.0574560265834,20,18,24.0574560265834,18,18,8.03391231255664,7.07,5.86,5.51305047215789,5.37113313651571,3.49593493366507
6.07499710576465,347.494378608537,348.847560062597,312.413904082604,347.494378608537,348.847560062597,312.413904082604,2.69723457295446,1.60151636833869,2.35038598446528,24,21.9696726332262,19.9228031069434,24,21.9393452664525,19.9228031069434,8.05,5.96698332539331,4.96589655527132,5.35276542704554,4.36546695705462,2.61551057080604
6.07999710338256,333.261807368427,369.676736793452,302.215370884022,333.261807368427,369.676736793452,302.215370884022,2.7295091111842,1.73773715755417,2.35983433008921,25.9672740789466,22,20,25.9672740789466,22,20,6.96799925657936,5.95,4.93,4.23849014539516,4.21226284244583,2.57016566991079
6.08499710100048,269.115794358314,276.630450540384,222,269.115794358314,276.630450540384,222,2.91673844726031,1.87759723078259,2.32901421102657,26,20.0343252745344,18,26,18.0686505490688,18,6.95,7.05077784626074,5.85,4.03326155273969,5.17318061547815,3.52098578897343
6.08999709861839,251.308755941531,257.326918055738,222,251.308755941531,257.326918055738,222,2.74326918055738,1.82108972685246,2.19248219103288,22.0726484568308,20,18,22.0726484568308,18,18,7.49982921604369,7.07,5.85,4.75656003548631,5.24891027314754,3.65751780896712
6.0949970962363,324.562880663898,344.294618387811,305.964370264459,324.562880663898,344.294618387811,305.964370264459,2.84789222497372,1.66306585458371,2.16086529357742,22,21.9616768177036,20,22,21.9233536354072,20,7.51,5.97146098208598,4.92,4.66210777502628,4.30839512750227,2.75913470642258
6.09999709385422,319.14112747662,374.638022768054,299.137769264775,319.14112747662,374.638022768054,299.137769264775,2.86959677863823,1.68079458416769,2.32665417499833,25.9193557276459,21.9911712870257,20,23.959677863823,21.9911712870257,20,6.42237878557826,5.95498822283047,4.92,3.55278200694003,4.27419363866278,2.59334582500167
6.10499709147213,250.48123815202,292.941947047707,206.973331036267,250.48123815202,292.941947047707,206.973331036267,3.00703752369596,1.85982925602267,2.33949995693,26,20,18,24,20,18,6.4,7.08,5.85,3.39296247630404,5.22017074397733,3.51050004307
6.10999708909004,228.465360461353,276.227047844976,199.171501322341,228.465360461353,276.227047844976,199.171501322341,2.87310240307569,1.80966184363514,2.1932156497939,24.0443200439384,20,18,22.0443200439384,20,18,7.22138558154589,7.0781884480454,5.85,4.3482831784702,5.26852660441026,3.6567843502061
6.11499708670796,309.077761590496,370.039645918638,286.005528931506,309.077761590496,370.039645918638,286.005528931506,2.8797684050109,1.67004247776997,2.1100414669863,24,20,20,22,20,20,7.24,6.33,4.92,4.3602315949891,4.65995752223003,2.8099585330137
6.11999708432587,308.07247692755,397.975013076493,289.906443788469,308.07247692755,397.975013076493,289.906443788469,2.8507247692755,1.70004580935976,2.13929832841352,24,20,20,23.9516820483,19.9991671025498,20,6.70328743671751,6.33,4.92,3.85256266744201,4.62995419064024,2.78070167158648
6.12499708194378,275.019724673317,338.034981692923,223.040038862684,275.019724673317,338.034981692923,223.040038862684,2.93994620543641,1.80993586689631,2.09002987974827,24,20,18.0011951899309,24,18.0011660564308,18.0011951899309,6.69,6.33,5.84944423668215,3.75005379456359,4.52006413310369,3.75941435693387
6.1299970795617,255.031650103111,322.025320082486,225.923978678581,255.031650103111,322.025320082486,225.923978678581,2.68041145134044,1.78004747515466,2.03152042642838,22.0031650103111,20,18,22.0031650103111,18,18,6.96955689855645,6.33,5.85,4.28914544721601,4.54995252484534,3.81847957357162
6.13499707717961,310.855409002632,326.987090089521,303.79357362471,310.855409002632,326.987090089521,303.79357362471,2.76976762161137,1.60046475677725,1.97015878951945,22,21.9948360358083,19.9947070160182,22,19.9948360358083,19.9947070160182,6.97,5.96095533337547,4.92246123755154,4.20023237838863,4.36049057659821,2.95230244803208
6.13999707479752,302.032233131327,348.925588638195,299.136459140316,302.032233131327,348.925588638195,299.136459140316,2.71021488754218,1.64983088326863,2.05754373547432,23.9928370819273,22,20,23.9928370819273,20,20,6.42196980247,5.96,4.92,3.71175491492782,4.31016911673137,2.86245626452568
6.14499707241544,286.073294975627,305.192769974182,217.368304369938,286.073294975627,305.192769974182,217.368304369938,2.7398625719207,1.69978094321116,1.99031440616946,24,20.0087622715537,18.0089830334131,24,18.0087622715537,20,6.42,6.69675795952512,5.84582288946289,3.6801374280793,4.99697701631396,3.85550848329343
6.14999707003335,281.027902064585,283.118373479782,217.970951830183,281.027902064585,283.118373479782,217.970951830183,2.45161831974594,1.76962335710978,1.931742890189,22.011160825834,20,18,22.011160825834,18,20,6.97687496876647,6.7,5.85,4.52525664902053,4.93037664289022,3.918257109811
6.15499706765126,362.460449031683,320.757556593001,295.489919475446,362.460449031683,320.757556593001,295.489919475446,2.35065798898575,1.67063800896579,1.93,22,21.9872398206843,21.9738420243818,22,21.9744796413685,20,6.98,5.96472126634683,5.38307356213514,4.62934201101425,4.29408325738104,3.45307356213514
6.15999706526918,367.962103166011,332.911445200819,291.154997787033,367.962103166011,332.911445200819,291.154997787033,2.25075793667979,1.74940963467213,2.06566006196306,23.9848412664043,22,22,22,22,20,6.43416865173882,5.96,5.38,4.18341071505903,4.21059036532787,3.31433993803694
6.16499706288709,337.259802258232,267.553016873566,247.377889200912,337.259802258232,267.553016873566,247.377889200912,2.37891050665903,1.90865935303378,1.97085883909298,24,20.0167580870778,20.0171767818597,22,18.0335161741555,18.0171767818597,6.43,7.07061547123645,6.30201279643526,4.05108949334097,5.16195611820267,4.33115395734228
6.169997060505,304.309491175802,254.121920766223,256.670490550032,304.309491175802,254.121920766223,256.670490550032,2.17196948930056,1.96943728877128,1.83461313229955,20.0375140819154,20,20,20.0187570409577,18,18,6.70737401426592,7.08,6.31,4.53540452496536,5.11056271122872,4.47538686770045
6.17499705812292,354.470722131622,331.190516201304,343.074555947906,354.470722131622,331.190516201304,343.074555947906,2.09083023979353,1.79186803953545,1.8102127457591,20,21.9792440051616,21.9787254240898,20,21.9584880103233,21.9574508481796,6.71,5.97162335710949,5.38989267779825,4.61916976020647,4.17975531757403,3.57967993203915
6.17999705574083,357.965867576921,357.709322394405,334.349023325856,357.965867576921,357.709322394405,334.349023325856,2.11965867576921,1.83944100460462,1.90650976674144,23.9544901025619,22,22,23.9544901025619,22,22,5.8894433037184,5.96,5.38,3.76978462794918,4.12055899539538,3.47349023325856
6.18499705335874,305.655978418901,274.035057843516,254.02758098341,305.655978418901,274.035057843516,254.02758098341,2.149628691461,1.95853874186798,1.83101489479843,24,20.0243543022004,20.0253723699607,24,18.0487086044007,18.0507447399215,5.88,7.06636159076779,6.76223934102748,3.730371308539,5.10782284889981,4.93122444622905
6.18999705097666,294.147140710646,260.171296164531,266.486678437999,294.147140710646,260.171296164531,266.486678437999,1.83428045703697,2.02907763603714,1.67586653213715,22.026752856481,20,20,20.0535057129621,18,18,6.97515216465302,7.08,6.78,5.14087170761605,5.05092236396286,5.10413346786285
6.19499704859457,411.289267283479,336.894263811453,388.212774346121,411.289267283479,336.894263811453,388.212774346121,1.63287518103617,1.92155937154795,1.66014530289869,22,21.9716477900373,20,20,21.9432955800745,21.9418788405243,6.99,5.97587723757914,5.40034240581651,5.35712481896383,4.05431786603119,3.74019710291782
6.19999704621248,418.907747707272,358.681312779641,380.386100619306,418.907747707272,358.681312779641,380.386100619306,1.58076876910607,2.02833068598859,1.75613899380694,25.9384984715146,22,20,23.9384984715146,22,22,6.17276156716072,5.96,5.38,4.59199279805465,3.93166931401141,3.62386100619306
6.2049970438304,348.178989852441,270.455755297614,254.12213592246,348.178989852441,270.455755297614,254.12213592246,1.7570525253689,2.17757374117064,1.83867366504846,26,18.0647002354495,20,24,18.0647002354495,18.0663167475769,6.16,7.06188393407413,6.29458135618838,4.4029474746311,4.88431019290349,4.45590769113991
6.20999704144831,301.790186526334,259.171745358022,232.50614087737,301.790186526334,259.171745358022,232.50614087737,1.54377915295203,2.07188919893824,1.77,22.0687118718552,18,20.0281189376316,22.0343559359276,18,18.0281189376316,7.2509324555602,7.08,6.30346234700064,5.70715330260816,5.00811080106176,4.53346234700064
6.21499703906622,401.146250700246,355.218946751217,302.722608302696,401.146250700246,355.218946751217,302.722608302696,1.3927261019114,1.95218088152912,1.77,22,21.9273039490293,23.9290337945942,22,19.9636519745146,21.9290337945942,7.27,5.6170792789866,5.39649964275685,5.8772738980886,3.66489839745748,3.62649964275685
6.21999703668414,411.827438592853,383.482315778554,293.598810601393,411.827438592853,383.482315778554,293.598810601393,1.43904132551585,1.95,1.85050783468178,25.9233060412679,22,23.9796866127288,25.9233060412679,20,21.9898433063644,6.4559139964369,5.59,5.38944572508113,5.01687267092105,3.64,3.53893789039935
6.22499703430205,347.331415797152,274.947170504574,216.555742176383,347.331415797152,274.947170504574,216.555742176383,1.56737751433894,2.05955975420479,1.94803070610584,26,18,20.0787717557662,26,18,20.0393858778831,6.44,6.71,7.20337113356871,4.87262248566106,4.65044024579521,5.25534042746287
6.22999703191996,330.338759097022,263.316477234083,198.461758703948,330.338759097022,263.316477234083,198.461758703948,1.43296414209894,1.95928537398756,1.85039864060772,22.0846897742554,18.0068059620233,20.0066440101287,22.0846897742554,18.0068059620233,20,7.53628686320849,6.70615463145684,7.23538241296052,6.10332272110955,4.74686925746929,5.3849837723528
6.23499702953788,431.694120267566,356.069701618063,334.018549983397,431.694120267566,356.069701618063,334.018549983397,1.26376922648571,1.74990385983715,1.9674260863166,22,20,21.95710143861,22,20,20,7.56,5.58,5.87981450016603,6.29623077351429,3.83009614016285,3.91238841384943
6.23999702715579,439.860971615332,384.884869775288,318.834155285613,439.860971615332,384.884869775288,318.834155285613,1.23069514192334,1.71012636244176,2.08991776295154,25.9073144102213,19.9971919457387,21.9972587650515,27.860971615332,19.9971919457387,20,6.47572025116359,5.58105302034797,5.85064419021291,5.24502510924025,3.87092665790622,3.76072642726136
6.2449970247737,347.296233066576,302.993931747148,200.831480862496,347.296233066576,302.993931747148,200.831480862496,1.45444069889145,1.79997977249049,2.0314040400971,26,18,20.0468013365702,28,18,20,6.45,6.33,6.30900168590601,4.99555930110855,4.53002022750951,4.2775976458089
6.24999702239162,294.031105700045,288.008923901258,205.99512167375,294.031105700045,288.008923901258,205.99512167375,1.46,1.75002974633753,2.02000609790781,24.0012198313743,18,20,24.0024396627487,18,20,7.84914611803797,6.33,6.32,6.38914611803797,4.57997025366247,4.29999390209219
6.25499702000953,377.866070089996,353.894769356437,253.757749262107,377.866070089996,353.894769356437,253.757749262107,1.41007972018453,1.51038265688568,2.01025352055875,24,21.9936223852386,21.9492958882493,24,19.9968111926193,21.9492958882493,7.85,5.58119580276776,5.86191546626142,6.43992027981547,4.07081314588208,3.85166194570267
6.25999701762744,380.992218358107,388.90921417792,252.00797606342,380.992218358107,388.90921417792,252.00797606342,1.68927371342336,1.3903112656757,2.12968095746322,27.9896244774766,22,22,25.9948122387383,20,22,7.02215292092361,5.58,5.85,5.33287920750025,4.1896887343243,3.72031904253678
6.26499701524536,298.298248678423,335.183288719176,202.392475616739,298.298248678423,335.183288719176,202.392475616739,1.96899385988002,1.46972846115678,2.10081910330396,28,18.0135769421612,20.0546068869309,26,18.0067884710806,20.0546068869309,7.02,6.69619845619487,6.75460779757712,5.05100614011998,5.2264699950381,4.65378869427315
6.26999701286327,273.114820862792,313.096646754861,203.986488854939,273.114820862792,313.096646754861,203.986488854939,1.99986221496465,1.50982427862753,2.20950459134777,26.0091856690234,18,20,26,18,20,7.85614201901018,6.7,6.78,5.85627980404553,5.19017572137247,4.57049540865223
6.27499701048118,342.608538198359,380.633309234839,270.023934605115,342.608538198359,380.633309234839,270.023934605115,1.93039146180164,1.29118635247552,2.30709402147811,26,19.9892149774953,21.9418804295622,26,19.9892149774953,20,7.86,5.58603961260265,5.87702560025358,5.92960853819836,4.29485326012713,3.56993157877547
6.2799970080991,348.960449269645,405.840200295178,272,348.960449269645,405.840200295178,272,2.1286816423215,1.23038351929157,2.51862414515877,29.9736328464299,20,22,27.986816423215,20,20,7.59177978286598,5.58,5.85,5.46309814054448,4.34961648070843,3.33137585484123
6.28499700571701,310.296059347981,324.606100140936,203.201793269439,310.296059347981,324.606100140936,203.201793269439,2.43764670774682,1.36896519488133,2.47155055864045,30,20,20.062022345618,28,18.0147829302667,18.062022345618,7.59,6.32445640114997,6.30542474877977,5.15235329225318,4.95549120626864,3.83387419013932
6.28999700333492,271.327312137891,289.293682972586,220.827988265091,271.327312137891,289.293682972586,220.827988265091,2.50941251667558,1.50882526810966,2.38077405280709,26.0335704756811,20,20,26.0167852378406,18,18,8.42295020010696,6.33,6.32,5.91353768343138,4.82117473189034,3.93922594719291
6.29499700095284,327.464746116211,313.765239524658,279.022246376054,327.464746116211,313.765239524658,279.022246376054,2.62887314971834,1.34159637123233,2.30263700483193,26,21.9812191619726,20,26,21.9624383239453,19.9340748792018,8.43,5.9535683592252,5.42065518117117,5.80112685028166,4.61197198799287,3.11801817633924
6.29999699857075,313.155848439313,333.792202080916,282.978701032459,313.155848439313,333.792202080916,282.978701032459,2.87740252601146,1.4587532124855,2.42861556710981,29.9584404161833,22,20,27.9792202080916,22,20,7.61851971468243,5.95,5.39,4.74111718867097,4.4912467875145,2.96138443289019
6.30499699618866,241.820034848404,294.447672352813,200.002599526957,241.820034848404,294.447672352813,200.002599526957,3.17658318813165,1.48966424573539,2.38174569739939,30,20.0223836176406,18.0698278959757,28,20.0223836176406,18.0698278959757,7.61,7.05746517412125,5.83393958392558,4.43341681186835,5.56780092838586,3.45219388652619
6.30999699380657,215.322110095715,289.060945248177,200.949206476815,215.322110095715,289.060945248177,200.949206476815,3.11086721948846,1.56902487602917,2.35038095142389,26.0495553993407,20,18,26.0247776996704,20,18,8.43959336613844,7.07,5.85,5.32872614664998,5.50097512397083,3.49961904857612
6.31499699142449,299.848603897306,364.984483453659,242.422869928404,299.848603897306,364.984483453659,242.422869928404,3.28759010118041,1.49105508212607,2.40779935338847,26,21.9736229468483,19.926645112949,26,21.9736229468483,19.926645112949,8.45,6.33975950966614,4.95411002247869,5.16240989881959,4.84870442754007,2.54631066909022
6.3199969890424,289.17265364459,379.801367950771,236.116339885476,289.17265364459,379.801367950771,236.116339885476,3.36884897570273,1.49,2.56767320229047,27.9712243925683,22,20,27.9712243925683,22,20,7.64179799904699,6.33,4.92,4.27294902334426,4.84,2.35232679770953
6.32499698666031,233.861687716755,318.941623788326,164.858004122636,233.861687716755,318.941623788326,164.858004122636,3.56692254386873,1.63772187793147,2.51231730063998,28,20.0303749609137,20,28,20.0303749609137,18.0772433546658,7.63,7.06860938965735,5.81408184008038,4.06307745613127,5.43088751172588,3.30176453944041
6.32999698427823,209.39328218232,293.404673934934,182.651580963094,209.39328218232,293.404673934934,182.651580963094,3.50114707303177,1.71870504340821,2.5296681723458,24.0655470303867,20,20,22.0983205455801,20,18,8.18082341574586,7.08,5.85,4.6796763427141,5.36129495659179,3.3203318276542
6.33499698189614,269.934228129652,331.32972906085,266.140362380112,269.934228129652,331.32972906085,266.140362380112,3.76535873540332,1.70034372868674,2.42049126833039,24,21.9656271313256,20,22,21.9656271313256,20,8.19,6.34288982575289,5.39,4.42464126459668,4.64254609706614,2.96950873166961
6.33999697951405,253.327346402998,340.836326798501,285.644936664925,253.327346402998,340.836326798501,285.644936664925,3.84854512709779,1.76872698621056,2.48875727832724,27.9272563548893,22,20,25.9272563548893,22,20,6.8350965575632,6.33,5.39,2.98655143046541,4.56127301378944,2.90124272167276
6.34499697713197,166.688314163185,282.151123293091,257.086134434064,166.688314163185,282.151123293091,257.086134434064,4.06577921459204,1.92693033788509,2.34883465177443,28,20.0383707764364,18,26,20.0383707764364,16,6.81,7.06561095883636,5.85,2.74422078540796,5.13868062095127,3.50116534822557
6.34999697474988,146.383512438012,271.210746852023,273.665022576154,146.383512438012,271.210746852023,273.665022576154,3.86423882168329,2.03929751049326,2.12453204749909,24.080739460634,20.0087811188343,18,22.080739460634,20.0087811188343,16,7.89759479967406,7.07670708043714,5.85,4.03335597799077,5.03740956994388,3.72546795250091
6.3549969723678,257.584985000732,319.074603814486,330.960275324055,257.584985000732,319.074603814486,330.960275324055,4.06555128815924,1.8802034649486,2.13043035065607,24,22,20,22,22,20,7.92,6.33,4.46,3.85444871184076,4.4497965350514,2.32956964934393
6.35999696998571,245.332757285587,340.851720456759,319.257530753168,245.332757285587,340.851720456759,319.257530753168,4.05044367638078,1.94033482477506,2.25721008350735,24,21.9952167889277,20,23.9556323619217,21.9952167889277,20,6.84440220094308,6.33179370415211,4.46,2.7939585245623,4.39145887937705,2.20278991649265
6.36499696760362,181.506914238678,278.970765299492,191.002718004144,181.506914238678,278.970765299492,191.002718004144,4.21605883968346,2.08008352771574,2.10997281995856,24,20,18,24,20,16,6.82,7.08,5.85,2.60394116031654,4.99991647228426,3.74002718004144
6.36999696522154,163.41110713964,258.016884021171,192.953175432625,163.41110713964,258.016884021171,192.953175432625,4.024836554584,2.13995680831793,2.09046824567375,22.04836554584,20,18,20.09673109168,20.0007853033103,16,7.0932288235824,7.07970551125865,5.85,3.0683922689984,4.93974870294071,3.75953175432625
6.37499696283945,216.966405843961,300.973906512729,295.935935380544,216.966405843961,300.973906512729,295.935935380544,4.22986935605985,2.03006675078139,2.08000621986597,22,20,19.9987560268067,20,21.9987863494293,19.9975120536134,7.1,6.33045511896403,4.45087078123533,2.87013064394015,4.30038836818264,2.37086456136936
6.37999696045736,203.022488231155,319.969480257722,285.279000384053,203.022488231155,319.969480257722,285.279000384053,4.23998393697775,2.13982330675523,2.14822454301057,22,20,20,21.9967873955493,22,20,6.27133323084703,6.33,4.45,2.03134929386929,4.19017669324477,2.30177545698942
6.38499695807528,164.101625387468,258.161558308272,180.280442780304,164.101625387468,258.161558308272,180.280442780304,4.36966124870844,2.34945278637521,2.07021367068976,22,18.0052115583313,20,22,18.0104231166627,18.0053417672439,6.27,6.70900980391705,5.8362874717655,1.90033875129156,4.35955701754184,3.76607380107574
6.38999695569319,158.021631536637,244.047685910343,189.726849411322,158.021631536637,244.047685910343,189.726849411322,4.07108157683185,2.34003406136453,1.96300465647546,20.0072105122124,18,20,20.0072105122124,18,18,6.54899052829027,6.71,5.84,2.47790895145842,4.36996593863547,3.87699534352454
6.3949969533111,223.696087618919,277.850232283207,305.476154053252,223.696087618919,277.850232283207,305.476154053252,4.16953952669533,2.26035239462775,1.88036127306672,20,19.9911901343063,20,20,21.9823802686126,19.9909681733319,6.55,5.59493352478847,5.38207732013365,2.38046047330467,3.33458113016072,3.50171604706693
6.39999695092901,218.033625259923,298.886507394466,305.029071400621,218.033625259923,298.886507394466,305.029071400621,4.11033625259923,2.31967573541276,1.96738357394409,21.9887915800256,20,20,21.9887915800256,22,20,6.00308231549295,5.59,5.38,1.89274606289372,3.27032426458724,3.41261642605591
6.40499694854693,194.158488486256,219.512310938229,253.34132204786,194.158488486256,219.512310938229,253.34132204786,4.17953774191509,2.36967980566361,1.9004594719875,22,18.0128077734557,18.0131277710715,22,18.0256155469114,18.0131277710715,6,6.7028276468648,5.83698061265355,1.82046225808491,4.33314784120119,3.93652114066604
6.40999694616484,191.022809491604,226.940773090653,253,191.022809491604,226.940773090653,253,3.85250904407639,2.33029613454673,1.84186136729268,18.0304126554714,18,18,18.0304126554714,18,18,6.54581825987269,6.71,5.84,2.6933092157963,4.37970386545327,3.99813863270732
6.41499694378275,274.294020334021,318.226938663984,298.603812002192,274.294020334021,318.226938663984,298.603812002192,3.91941168361168,2.13168056812177,1.75077515043049,18,19.9831943187823,19.9827744348779,18,19.9831943187823,19.9827744348779,6.55,5.59941118148193,4.91800988778178,2.63058831638832,3.46773061336016,3.16723473735129
6.41999694140067,274.009402317549,345.746137426186,301.901077472596,274.009402317549,345.746137426186,301.901077472596,3.77141034763233,2.06065816222841,1.85637284066184,19.9811953649023,20,20,19.9811953649023,20,20,5.46034254930373,5.59,4.91,1.6889322016714,3.52934183777159,3.05362715933816
6.42499693901858,217.592902285893,269.800938175666,222.852934366907,217.592902285893,269.800938175666,222.852934366907,3.74031205383468,2.25791964110217,1.82042646718345,20,18.0208035889783,20,20,18.0208035889783,18.0213233591727,5.45,6.32230267207801,5.83008463798471,1.70968794616532,4.06438303097585,4.00965817080125
6.42999693663649,226.885987285705,252.190463065463,225.860297746439,226.885987285705,252.190463065463,225.860297746439,3.25558662300046,2.1017925935573,1.69454032324072,16.045605085718,18,20,18.022802542859,18,18,5.99372930071377,6.33,5.84,2.73814267771332,4.2282074064427,4.14545967675928
6.43499693425441,322.79712740811,326.084928887237,310.906890411402,322.79712740811,326.084928887237,310.906890411402,3.0919841197392,2.04073205689021,1.65050842306446,16,18,21.9745788467768,18,18,19.9745788467768,6,5.58915071112763,5.37597397100745,2.9080158802608,3.54841865423742,3.72546554794299
6.43999693187232,340.772196169721,351.669989372233,312,340.772196169721,351.669989372233,312,2.85321605407452,1.91171605526439,1.75596420326871,19.946399098758,18,22,19.973199549379,18,20,5.17125618926083,5.58,5.37,2.3180401351863,3.66828394473561,3.6140357967313
6.44499692949023,294.676786005781,311.582195984099,267.654960667499,294.676786005781,311.582195984099,267.654960667499,2.88942401190997,1.91985800097949,1.750145546815,20,16.0283998041024,20.029109363,20,16.0283998041024,18.029109363,5.16,5.58,6.28646414620502,2.27057598809003,3.66014199902051,4.53631859939002
6.44999692710815,266.431177017357,311,268.92273341453,266.431177017357,311,268.92273341453,2.47646765526036,1.89045598136976,1.63463599512823,16.0615967167654,16,20,16.0615967167654,16,18,5.98706468947928,5.58,6.3,3.51059703421891,3.68954401863024,4.66536400487177
6.45499692472606,360.425729011343,311.983801144068,351.605299403862,360.425729011343,311.983801144068,351.605299403862,2.27327973122637,1.73259181694918,1.5218263936378,16,19.9352045762705,20,16,19.9352045762705,21.9335856858982,6,4.84214914194928,5.38544132802866,3.72672026877363,3.1095573250001,3.86361493439087
6.45999692234397,375.759175222949,329.690430008301,352.3624081721,375.759175222949,329.690430008301,352.3624081721,1.99481649554103,1.66120388330105,1.65014013007207,21.8967893812637,20,19.9859869927934,19.9311929208425,20,21.9719739855868,4.89926598216411,4.83,5.37651604835106,2.90444948662309,3.16879611669895,3.726375918279
6.46499691996189,310.219253257437,274.037275159322,263.616595176202,310.219253257437,274.037275159322,263.616595176202,1.99981802190188,1.64036395619625,1.66964470435688,22,18.0363956196253,18.0355295643121,20,16.0727912392507,18.0710591286243,4.88,6.29288526337912,6.28347875259486,2.88018197809812,4.65252130718287,4.61383404823798
6.4699969175798,290.364748448307,264.172775580779,259.374078584976,290.364748448307,264.172775580779,259.374078584976,1.72537524029084,1.6694240813974,1.60010110232026,18.076789147012,18,18.0202204640528,18.038394573506,16,18.0101102320264,6.24331577141333,6.32,6.29297338874166,4.51794053112249,4.6505759186026,4.6928722864214
6.47499691519771,409.535994829393,354.035029287057,331.541003438783,409.535994829393,354.035029287057,331.541003438783,1.5240393527387,1.58969349373825,1.61960567660508,18,20,21.9211353210153,18,20,19.9605676605077,6.27,5.2,4.93740547594718,4.7459606472613,3.61030650626175,3.3177997993421
6.47999691281563,423.745645112396,361.746561204376,317.640433605687,423.745645112396,361.746561204376,317.640433605687,1.31445121053307,1.52043929391242,1.6699670122574,23.872822556198,19.9932416321167,21.9934024514805,21.9152150374654,19.9932416321167,20,5.45759287972594,5.20378468601465,4.91458529622106,4.14314166919287,3.68334539210224,3.24461828396366
6.48499691043354,371.198568749004,286.973823222987,211.340503753457,371.198568749004,286.973823222987,211.340503753457,1.4273365138911,1.65002379707001,1.660214725115,24,18,20.0429450229992,22,18,20,5.44,6.32,6.27015320901554,4.0126634861089,4.66997620292999,4.60993848390055
6.48999690805145,330.927807780586,276.109038174791,206.142822986983,330.927807780586,276.109038174791,206.142822986983,1.25417513501264,1.65966874478544,1.59004042160009,20.0927807780586,18.0027604601213,20.0026947733393,20.0463903890293,18,20.0026947733393,6.78799063156977,6.31896482745451,6.29938020213196,5.53381549655713,4.65929608266907,4.70933978053187
6.49499690566937,430.507948840154,355.011422593604,309.517066696491,430.507948840154,355.011422593604,309.517066696491,1.07435504086187,1.4200076150624,1.61929728302731,20,20,21.9531522018206,20,18,21.9531522018206,6.82,5.57,5.85077499358127,5.74564495913813,4.1499923849376,4.23147771055396
6.49999690328728,441.994291189172,384.981438285389,296.010146918596,441.994291189172,384.981438285389,296.010146918596,0.990050744985141,1.43998762552359,1.84985413804518,23.9974627507429,20,22,23.9974627507429,18,22,5.99052647922084,5.57,5.84,5.0004757342357,4.13001237447641,3.99014586195482
6.50499690090519,383.09547384486,322.10194664789,239.471766627429,383.09547384486,322.10194664789,239.471766627429,1.06987054393917,1.4699514539772,1.80126876433399,24,18.0032364015203,20.0507505733596,24,18,18.1015011467192,5.99,5.93940126571874,6.74640098338778,4.92012945606083,4.46944981174155,4.94513221905378
6.50999689852311,358.065441942525,300.057588909418,252.959753808434,358.065441942525,300.057588909418,252.959753808434,1.04007853033103,1.49992146966897,1.75013415397189,22.005235355402,18,20,22.005235355402,18,18,7.09709437775187,5.94,6.77,6.05701584742084,4.44007853033103,5.01986584602811
6.51499689614102,419.775736412248,317.938475327414,334.704559361313,419.775736412248,317.938475327414,334.704559361313,0.910470230103352,1.41030762336293,1.86672079908759,22,19.9931639252682,21.9453466514598,22,19.9931639252682,21.8906933029197,7.1,5.57126467382538,5.41798407723542,6.18952976989665,4.16095705046245,3.55126327814783
6.51999689375893,417.013849894745,330.942581192036,323.063393563069,417.013849894745,330.942581192036,323.063393563069,0.8502769978949,1.38013250494146,2.02927550213636,25.9815334736733,20,22,25.9815334736733,20,22,6.55253914736992,5.57,5.38,5.70226214947502,4.18986749505854,3.35072449786364
6.52499689137685,373.247108774976,300.167905557993,212.315463826682,373.247108774976,300.167905557993,212.315463826682,0.999157583721673,1.35016248924967,2.01058166032047,26,20,20.058166032047,26,20,18.1163320640941,6.55,6.30599193184146,6.7295746077273,5.55084241627833,4.95582944259179,4.71899294740683
6.52999688899476,336.244776662106,305.961505288423,219.927663105135,336.244776662106,305.961505288423,219.927663105135,1.00993384414538,1.40961505288423,1.97026304325406,24.0132311709247,20,20,24.0132311709247,20,18,7.66259054428219,6.31,6.77,6.65265670013681,4.90038494711577,4.79973695674594
6.53499688661267,404.474560694205,353.644067414239,331.431043584433,404.474560694205,353.644067414239,331.431043584433,0.880989958112368,1.17177966292881,1.92155172018068,24,20,21.9379311927728,24,20,21.8758623855455,7.67,6.31,5.42313782102294,6.78901004188763,5.13822033707119,3.50158610084226
6.53999688423059,414.915835792541,375.814875738835,334.008624978377,414.915835792541,375.814875738835,334.008624978377,0.979158357925412,1.16008414739144,2.0092237519461,27.9663343170165,20,22,27.9663343170165,20,22,7.12462903141023,6.31,5.38,6.14547067348482,5.14991585260856,3.3707762480539
6.5449968818485,361.508367668527,360.150627457339,226.661422823614,361.508367668527,360.150627457339,226.661422823614,1.22764644597904,1.35811715678327,2.03901042626389,28,18.0188284321673,20.0659715824075,28,18.0188284321673,18.1319431648149,7.12,6.31,6.72414975022682,5.89235355402096,4.95188284321673,4.68513932396293
6.54999687946641,326.364479255852,320.416547720967,216.074717127814,326.364479255852,320.416547720967,216.074717127814,1.23989586306976,1.26104136930242,1.95096064878618,26.0208273860487,18,20,24.0416547720974,18,18,8.22833666381274,6.31,6.77,6.98844080074298,5.04895863069758,4.81903935121383
6.55499687708433,397.178251762556,321.977568778708,323.121973154034,397.178251762556,321.977568778708,323.121973154034,1.30920107810249,1.2105607805323,2.00790376927245,26,21.9551375574164,21.930125642415,24,21.9551375574164,21.86025128483,8.24,5.57829955187798,5.42856267852156,6.93079892189751,4.36773877134568,3.42065890924911
6.55999687470224,385.161364409765,334.841232992833,315.152673269127,385.161364409765,334.841232992833,315.152673269127,1.45813810296425,1.28902297226359,2.09885495048155,27.97517470619,22,22,25.97517470619,22,22,7.42030249693115,5.57,5.38,5.9621643939669,4.28097702773641,3.28114504951845
6.56499687232015,311.992497164567,270.858801036969,214.816870601635,311.992497164567,270.858801036969,214.816870601635,1.70664696903863,1.28013212323646,2.10963299321138,28,20.0264246472913,20.0734013577238,26,20.0264246472913,20.0734013577238,7.41,7.04031363776795,6.71898605638199,5.70335303096138,5.76018151453149,4.60935306317061
6.56999686993807,278.475582825932,270.985788199414,211.985433122684,278.475582825932,270.985788199414,211.985433122684,1.76913530395285,1.34900517395896,2.00160235650474,26.0288232015717,20,20,24.0288232015717,20,20,7.96192950355993,7.06,6.77,6.19279419960708,5.71099482604104,4.76839764349526
6.57499686755598,321.321912580041,365.539717357422,314.864994829283,321.321912580041,365.539717357422,314.864994829283,1.79953766766821,1.31060845110107,2.0384542036745,26,21.9695774449463,21.9227101837249,24,21.9695774449463,21.9227101837249,7.97,6.32140845814514,5.87593976456791,6.17046233233179,5.01080000704407,3.83748556089341
6.57999686517389,323.967178890666,367,301.299083938139,323.967178890666,367,301.299083938139,2.02622557242663,1.36902735473196,2.2268430028752,27.9671788906663,22,22,27.9343577813327,22,22,7.43886169952009,6.31,5.84,5.41263612709346,4.94097264526804,3.6131569971248
6.58499686279181,263.067247583536,302.135875272873,200,263.067247583536,302.135875272873,200,2.3444916253753,1.57638585140449,2.19041969329206,28,20.0344204628143,20,28,20.0344204628143,20,7.43,7.04709232644462,6.77,5.0855083746247,5.47070647504013,4.57958030670794
6.58999686040972,227.637339792162,283.327774750258,200,227.637339792162,283.327774750258,200,2.40890741749915,1.59963580583305,2.2489334161465,26.036419416695,20,20,24.07283883339,20,20,8.25470384498811,7.06,6.77,5.84579642748896,5.46036419416695,4.5210665838535
6.59499685802763,282.905076438585,339.885867253286,272.959651995113,282.905076438585,339.885867253286,272.959651995113,2.66500561182512,1.52153673482305,2.38070609008552,26,21.9615816294237,22,24,21.9615816294237,22,8.27,6.33421479711324,5.85,5.60499438817488,4.81267806229019,3.46929390991448
6.59999685564555,257.545633880169,363.729260734476,265.157822281188,257.545633880169,363.729260734476,265.157822281188,2.91494783444288,1.58026200574083,2.51723811007921,27.959582675543,21.9912664753057,22,27.919165351086,21.9825329506113,22,7.45677318964965,6.32323140413691,5.85,4.54182535520677,4.74296939839607,3.33276188992079
6.60499685326346,191.4209453243,301.952858004307,208.124912036583,191.4209453243,301.952858004307,208.124912036583,3.23321339546603,1.6403030556866,2.40937543981709,28,20,20,28,18,18,7.44,7.06,6.78,4.20678660453397,5.4196969443134,4.37062456018291
6.60999685088137,161.644020867165,288.097080147112,245.183603177727,161.644020867165,288.097080147112,245.183603177727,3.18133245696655,1.72976321915338,2.22408198411136,24.0888304644366,20.0047356169323,20,24.0888304644366,18.0047356169323,18,8.26134560246831,7.0573480545179,6.78,5.08001314550177,5.32758483536452,4.55591801588863
6.61499684849929,246.95777581163,329.017788309834,347.991985372396,246.95777581163,329.017788309834,347.991985372396,3.44373408487659,1.63016419978308,2.18026715425347,24,22,22,24,20,20,8.28,5.94,5.38,4.83626591512341,4.30983580021692,3.19973284574653
6.6199968461172,235.338891979857,341.964221105241,342.140613086952,235.338891979857,341.964221105241,342.140613086952,3.61588488310173,1.75005901673362,2.3753128971016,25.9515868600204,21.9992622908297,22,25.9515868600204,19.9992622908297,20,7.20662722698879,5.94027664093886,5.38,3.59074234388706,4.19021762420524,3.0046871028984
6.62499684373511,156.051074339612,245.06117036847,213.083382791398,156.051074339612,245.06117036847,213.083382791398,3.80987716298068,1.90989910042314,2.28006463782279,26,20.0012612447107,18.0025855129116,26,18.0012612447107,18.0012927564558,7.18,6.68952703323348,6.30939886824806,3.37012283701932,4.77962793281034,4.02933423042527
6.62999684135303,146.016300992953,229.026081588722,223.720744077097,146.016300992953,229.026081588722,223.720744077097,3.65026081588725,2.00983699007048,2.23126934510411,24.0032601985907,20,18,22.0065203971813,18,18,7.73908714439462,6.69,6.31,4.08882632850736,4.68016300992952,4.07873065489589
6.63499683897094,222.797522629827,282.858002883265,309.768206328212,222.797522629827,282.858002883265,309.768206328212,3.91929001441628,1.93021036609887,2.2000808582576,24,20,21.9892188989866,22,19.9947408475283,19.9946094494933,7.74,5.94197218217688,4.92374643260216,3.82070998558372,4.01176181607801,2.72366557434456
6.63999683658885,206.061693903995,304.924541357869,310,206.061693903995,304.924541357869,310,3.99970967574591,1.95989710185164,2.19027338289672,24,20,22,23.9927418936477,20,20,6.91301211413621,5.94,4.92,2.91330243839031,3.98010289814836,2.72972661710328
6.64499683420677,157.226797975717,253.230293955676,204.481272855919,157.226797975717,253.230293955676,204.481272855919,4.28865772626617,2.13920282861497,2.23977298450193,24,20,20.009080619923,24,18.0088574598337,20,6.91,6.3183170826316,6.30368896915352,2.62134227373383,4.17911425401663,4.0639159846516
6.64999683182468,134.129444162315,244.048853861716,191.378230208536,134.129444162315,244.048853861716,191.378230208536,4.07123816155258,2.07037997448001,2.09436419471387,20.0225120282287,20,20,20.0225120282287,18,20,7.18842415802399,6.32,6.31,3.11718599647141,4.24962002551999,4.21563580528613
6.65499682944259,192.608978444158,286.723609596693,299.281877788797,192.608978444158,286.723609596693,299.281877788797,4.31834312900067,1.97064276837978,2.17940705505497,20,20,21.986823445666,20,18,21.986823445666,7.19,5.94244251984318,5.85303060749682,2.87165687099933,3.9717997514634,3.67362355244185
6.65999682706051,181.091523531254,310.82174814228,287.403598247207,181.091523531254,310.82174814228,287.403598247207,4.31007626960938,1.97992572839262,2.30596401752793,21.9847460781243,20,22,21.9847460781243,18,22,6.09838965703161,5.94,5.85,1.78831338742223,3.96007427160738,3.54403598247207
6.66499682467842,120.514127621179,279.269652405723,244.371398490268,120.514127621179,279.269652405723,244.371398490268,4.44882003496779,2.13865173797138,2.34965451303231,22,18.0168532753577,20.0172743483846,22,18,20.0172743483846,6.09,5.94,6.77196742800118,1.64117996503221,3.80134826202862,4.42231291496887
6.66999682229633,123.962295541525,262.160243948517,247.868010373576,123.962295541525,262.160243948517,247.868010373576,4.17263931209327,2.05084835031568,2.29197984439636,18.0377044584753,18,20,18.0377044584753,18,20,6.63481563695964,5.94,6.78,2.46217632486637,3.88915164968432,4.48802015560364
6.67499681991425,210.092973534338,276.843616126613,333.080997875289,210.092973534338,276.843616126613,333.080997875289,4.34812339351932,1.88177235056506,2.26032058213653,18,21.9582976337634,21.9786278575649,18,19.9791488168817,20,6.64,5.57385746887689,5.85993804623233,2.29187660648068,3.69208511831183,3.59961746409581
6.67999681753216,200.125675753494,303.696857187915,332.06989758839,200.125675753494,303.696857187915,332.06989758839,4.26102825616495,1.93932634930648,2.39510716881273,19.977149863001,22,22,18,20,20,5.54268182603443,5.57,5.85,1.28165356986948,3.63067365069352,3.45489283118727
6.68499681515007,139.757897271839,265.476765064366,246.107942237126,139.757897271839,265.476765064366,246.107942237126,4.3488817909104,2.06841078311878,2.4,20,16.073348471441,20.0254699364857,18,16.0488989809606,18.0254699364857,5.53,6.67630828533102,6.31401456492587,1.1811182090896,4.60789750221224,3.91401456492587
6.68999681276799,142.946303910478,254.145466443987,244.03671229653,142.946303910478,254.145466443987,244.03671229653,4.03429568716176,1.98119017999626,2.25550684447952,16.053696089522,16,20,16.026848044761,16,18,5.80624127373346,6.69,6.32,1.7719455865717,4.70880982000374,4.06449315552048
6.6949968103859,204.105743042109,345.677195981715,300.168992831511,204.105743042109,345.677195981715,300.168992831511,4.04971153001358,1.74341368778912,2.3189794648808,16,19.9431052035146,21.9708418537372,16,19.9431052035146,21.9416837074744,5.81,4.84659831735692,5.40355853801219,1.76028846998642,3.1031846295678,3.08457907313139
6.69999680800381,206.969154047477,377.528081542083,292.347908711859,206.969154047477,377.528081542083,292.347908711859,3.9023134464392,1.74984776823938,2.38729404335221,17.9691540474773,20,22,17.9691540474773,20,22,4.98295530005951,4.82,5.39,1.08064185362031,3.07015223176062,3.00270595664779
6.70499680562173,168.640475674871,240.27117142033,223.163957910967,168.640475674871,240.27117142033,223.163957910967,3.91967155093596,1.87789105510969,2.32116395791097,18,18.0324453060047,20.0332559403133,18,18.0324453060047,20.0332559403133,4.97,6.28582824702649,6.75688712148222,1.05032844906404,4.40793719191679,4.43572316357126
6.70999680323964,170.948323285155,217.361664728785,230.747210189458,170.948323285155,217.361664728785,230.747210189458,3.56620120578139,1.86034444259884,2.27979050181604,16.03445114323,18,20.0139665455973,14.0689022864599,18,20.0139665455973,5.52035367989561,6.31,6.77350555629723,1.95415247411422,4.44965555740116,4.49371505448119
6.71499680085755,245.615157876931,323.032066456673,335.096682613206,245.615157876931,323.032066456673,335.096682613206,3.58945335179353,1.78145772855061,2.25053364038882,16,19.9635567862347,21.9644239740786,14,19.9635567862347,21.9644239740786,5.53,5.57366620516199,5.86654285205344,1.94054664820647,3.79220847661138,3.61600921166462
6.71999679847547,247,343.63479940736,334.602481068523,247,343.63479940736,334.602481068523,3.43307537341168,1.82903894580884,2.36949681147914,17.961557832354,20,21.9899362295829,17.9231156647081,20,21.9899362295829,4.70614571041131,5.56,5.85467965324397,1.27307033699963,3.73096105419116,3.48518284176483
6.72499679609338,206.829042991303,286,257.559412643512,206.829042991303,286,257.559412643512,3.43979779439236,1.90956451361878,2.27197394005508,18,18,20.0394788011016,18,16,20.0394788011016,4.69,6.31,6.76164235748776,1.25020220560763,4.40043548638122,4.48966841743268
6.72999679371129,208.936339886889,286.251654015375,264.268594563321,208.936339886889,286.251654015375,264.268594563321,3.05827581470442,1.80912759941337,2.16990173369635,14.0848801508146,18.0067107737433,20.0065510869103,14.0848801508146,16.0067107737433,20,5.50238736870597,6.30620841283501,6.77695374458673,2.44411155400155,4.49708081342165,4.60705201089038
6.73499679132921,305.80026805023,361.082456847591,344.237349131053,305.80026805023,361.082456847591,344.237349131053,2.91311073205018,1.54985864540413,2.14064487226913,14,20,21.9570085153915,14,18,20,5.52,5.18,5.86999104034293,2.60688926794982,3.63014135459587,3.7293461680738
6.73999678894712,320.6981531094,395.886059628785,342.887446751472,320.6981531094,395.886059628785,342.887446751472,2.69510817814862,1.48997287134019,2.2100794493519,17.9071240336614,19.9945742680374,21.9973516882699,17.9071240336614,17.9972871340187,20,4.42600527057481,5.18101732474299,5.85062235325656,1.73089709242618,3.69104445340281,3.64054290390466
6.74499678656503,253.671074328212,311.996073483448,259.993006041018,253.671074328212,311.996073483448,259.993006041018,2.69,1.47,2.26859317220634,18,16,20.0468942597887,18,16,20,4.4,5.93,6.30897984894967,1.71,4.46,4.04038667674333
6.74999678418295,232.013174178835,301.007067729794,245.008561462566,232.013174178835,301.007067729794,245.008561462566,2.39019761268252,1.47,2.12009878610653,14.0026348357669,16,20,16.0013174178835,16,20,5.50926883307468,5.93,6.32,3.11907122039216,4.46,4.19990121389347
6.75499678180086,331.83580021695,350.917900108484,294.704675608285,331.83580021695,350.917900108484,294.704675608285,2.29016419978305,1.40011493984812,2.18822210377608,14,19.9934320086787,21.9492029650308,16,19.9934320086787,21.9492029650308,5.51,4.81183903756996,5.87168331804292,3.21983580021695,3.41172409772184,3.68346121426684
6.75999677941877,337.984151151374,362.96830230275,285.029782181759,337.984151151374,362.96830230275,285.029782181759,2.05063395394504,1.34015848848625,2.25981047702517,17.989434100916,20,22,17.994717050458,20,22,4.67221883880764,4.81,5.86,2.6215848848626,3.46984151151375,3.60018952297483
6.76499677703668,295.15656092358,280.285672652893,249.011946487764,295.15656092358,280.285672652893,249.011946487764,2.09981795241444,1.36989674482426,2.26,18,18.006883678383,20.0546998101494,18,18.006883678383,20.0546998101494,4.67,6.29487165960469,6.76456458828052,2.57018204758556,4.92497491478043,4.50456458828052
6.7699967746546,271.11137028764,268.053287541422,253.972684950349,271.11137028764,268.053287541422,253.972684950349,1.85116010716291,1.44964474972385,2.14054630099303,16.0092808573033,18,20,14.0185617146066,18,20,5.49614844421912,6.3,6.79,3.64498833705621,4.85035525027615,4.64945369900697
6.77499677227251,333.644685947694,355.521270725474,335.555075266436,333.644685947694,355.521270725474,335.555075266436,1.73067678867106,1.33065281264708,2.14970893753172,16,21.9782395784307,21.9417875063437,14,19.9891197892153,21.9417875063437,5.5,5.55408007904425,5.88706880955017,3.76932321132894,4.22342726639717,3.73735987201845
6.77999676989042,333.006639382532,365.935604176672,327.072605202809,333.006639382532,365.935604176672,327.072605202809,1.52139427033179,1.23064395823328,2.29900992905261,19.9734424698707,22,22,19.9601637048061,20,22,4.66557708132715,5.55,5.86,3.14418281099536,4.31935604176672,3.56099007094739
6.78499676750834,285.366665254695,316.371952963667,239.795187097642,285.366665254695,316.371952963667,239.795187097642,1.52992361140527,1.38880975051626,2.30968942365582,20,16.0446343556401,20.0621152688365,20,18.0148781185467,20.0621152688365,4.66,6.66166825361385,6.76111639999103,3.13007638859473,5.27285850309759,4.45142697633522
6.78999676512625,267.151924006287,297.160332188063,236.008649370008,267.151924006287,297.160332188063,236.008649370008,1.32177244674001,1.28092823898352,2.22077844330071,18.0168804451429,16,20,18.0168804451429,18,20,6.03826809062565,6.67,6.79,4.71649564388564,5.38907176101648,4.56922155669929
6.79499676274416,381.905190474157,384.169454842479,321.095206063266,381.905190474157,384.169454842479,321.095206063266,1.28037752052615,1.21066066092076,2.29735927823933,18,21.9433719210781,21.9339819559833,18,19.9811239736927,21.9339819559833,6.05,5.18415701973048,5.89069839046776,4.76962247947385,3.97349635880972,3.59333911222843
6.79999676036208,379.041749960377,402.812125178305,318.064189602199,379.041749960377,402.812125178305,318.064189602199,1.04250499762264,1.19020874980188,2.31978603465934,19.9791250198113,22,22,19.9791250198113,20,22,5.49584499445282,5.17,5.86,4.45333999683019,3.97979125019812,3.54021396534066
6.80499675797999,352.308798109931,296.213856546923,261.062664166229,352.308798109931,296.213856546923,261.062664166229,1.24759823692276,1.17022478824943,2.33930079180806,20,18.044957649886,20.0699208191942,20,18.022478824943,18.1398416383884,5.49,6.65314088129274,6.75748681907469,4.24240176307724,5.48291609304331,4.41818602726663
6.80999675559791,310.522330646949,290.061183218876,268.872528359416,310.522330646949,290.061183218876,268.872528359416,1.0327360176745,1.20951053424899,2.18203954624935,18.02487288795,18,20,18.02487288795,18,18,6.03315995581376,6.67,6.79,5.00042393813926,5.46048946575101,4.60796045375065
6.81499675321582,360.314768033301,384.72933241128,352.805019464719,360.314768033301,384.72933241128,352.805019464719,1.08919384474506,1.07185305690022,2.16073447828397,18,19.9735277585683,21.9265521716027,18,19.9735277585683,21.8531043432055,6.04,5.55495681640889,5.45104624073609,4.95080615525494,4.48310375950868,3.29031176245212
6.81999675083373,352.129918580702,397.829172828124,346.14591268947,352.129918580702,397.829172828124,346.14591268947,1.08014435397856,1.07,2.2585408731053,23.9133876128651,20,22,21.9422584085767,20,22,5.4979394688207,5.54,5.4,4.41779511484214,4.47,3.1414591268947
6.82499674845164,310.648264741445,314.294981340732,226.794849228828,310.648264741445,314.294981340732,226.794849228828,1.19814781502444,1.17832414179435,2.22154672555769,24,20,20.0773362778843,22,18.0304701491937,20.0773362778843,5.49,6.27857369405237,6.7362512868704,4.29185218497556,5.10024955225802,4.51470456131271
6.82999674606956,298.197212220842,298.24351827306,219.049920497917,298.197212220842,298.24351827306,219.049920497917,1.10164343517368,1.24886358139239,2.20033280331945,20.0657374069473,20,20,20.0328687034736,18,20,6.85715625108582,6.29,6.79,5.75551281591213,5.04113641860761,4.58966719668055
6.83499674368747,403.155590439527,342.224468718528,327,403.155590439527,342.224468718528,327,0.982068496703334,1.15172340284772,2.11027886629585,20,20,22,20,19.9655319430457,24,6.88,5.92637659053655,5.86,5.89793150329667,4.77465318768883,3.74972113370415
6.83999674130538,404.018233505417,359.6900304079,327,404.018233505417,359.6900304079,327,0.960364670108349,1.10091167527088,2.14928801486548,23.9270659783301,20,22,21.963532989165,20,24,6.06513380949651,5.92,5.86,5.10476913938816,4.81908832472912,3.71071198513452
6.8449967389233,336.3270757827,333.51929052367,247.949797301937,336.3270757827,333.51929052367,247.949797301937,1.20519175441051,1.17846136141135,2.14949797301937,24,18.0384659647163,20,22,18.0384659647163,20,6.05,6.28288379652748,7.26,4.84480824558949,5.10442243511614,5.11050202698063
6.84999673654121,287.971158046327,320.043429652772,238.197510159531,287.971158046327,320.043429652772,238.197510159531,1.16101162296492,1.29930512555565,2.05197510159531,20.0809298371939,18.0173718611087,20,20.040464918597,18.0086859305544,20,6.86320705878226,6.28674277604211,7.26,5.70219543581734,4.98743765048646,5.20802489840469
6.85499673415912,355.513764463295,330.06018279006,346.967360719472,355.513764463295,330.06018279006,346.967360719472,1.25787680637614,1.14016717441683,2.06032639280528,20,22,24,20,20,24,6.88,5.54,5.87,5.62212319362386,4.39983282558317,3.80967360719472
6.85999673177704,351.133388479075,347.852327282041,337.215073577065,351.133388479075,347.852327282041,337.215073577065,1.29911074347283,1.19014064068377,2.15784926422935,23.9110743472835,21.9953119772077,24,23.9110743472835,19.9953119772077,24,6.06845207293868,5.54262529276371,5.87,4.76934132946585,4.35248465207994,3.71215073577065
6.86499672939495,289.463546077537,284.986554655443,221.001312540463,289.463546077537,284.986554655443,221.001312540463,1.38790921988923,1.25005378137823,2.18984249514447,24,20,20,24,18,20,6.05,6.66,7.73,4.66209078011077,5.40994621862177,5.54015750485553
6.86999672701286,270.436146607076,275.023463911031,221.976541254703,270.436146607076,275.023463911031,221.976541254703,1.3704846073412,1.29000345057515,2.0728150494356,24,20.0006901150303,20,22.0484607341196,18.0013802300606,20,7.13310429256362,6.65974120686363,7.73,5.76261968522243,5.36973775628848,5.6571849505644
6.87499672463078,347.94766923406,342.955499479065,376.896030671809,347.94766923406,342.955499479065,376.896030671809,1.37999329092744,1.29999345580574,2.08998658460281,24,21.998691161149,23.9973169205628,22,21.9973823222979,23.9973169205628,7.16,5.91049081456914,5.8712476319383,5.78000670907256,4.6104973587634,3.78126104733548
6.87999672224869,340.013231170924,343.998346103635,361.406562126191,340.013231170924,343.998346103635,361.406562126191,1.52975191554518,1.26006615585461,2.18745898671131,25.996692207269,22,24,23.996692207269,22,24,6.89044655201868,5.91,5.87,5.36069463647351,4.64993384414539,3.68254101328869
6.8849967198666,301.103481558934,290.143282158514,206.42154836711,301.103481558934,290.143282158514,206.42154836711,1.83917745427514,1.44949585907189,2.20994560666231,26,18.0106134932233,20.0108786675383,24,20.0053067466116,20.0108786675383,6.89,7.02702822189748,7.72494141959468,5.05082254572486,5.57753236282559,5.51499581293237
6.88999671748452,259.153419710338,273.058713581773,195.300976725247,259.153419710338,273.058713581773,195.300976725247,1.80014611400985,1.56958555118749,2.21,22.0146114009846,18,20,22.0073057004923,20,20,7.44795440386216,7.03,7.73,5.64780828985231,5.46041444881251,5.52
6.89499671510243,309.762731313481,341.692775637909,329.38376461049,309.762731313481,341.692775637909,329.38376461049,1.99906953456267,1.50031167688908,2.27968047053877,22,21.9821898920527,23.9817411736442,22,21.9910949460264,23.9817411736442,7.45,5.92494230495538,5.88844470718958,5.45093046543733,4.4246306280663,3.6087642366508
6.89999671272034,297.073473453653,359.901863929308,316.407650071226,297.073473453653,359.901863929308,316.407650071226,2.09943481958728,1.53978191984291,2.33825292826617,23.9886963917457,22,24,23.9886963917457,22,24,6.62469099742554,5.92,5.88,4.52525617783826,4.38021808015709,3.54174707173383
6.90499671033826,237.399076864039,281.509666988559,181.892710287761,237.399076864039,281.509666988559,181.892710287761,2.37813764130115,1.66916130748718,2.47907422636825,24,20.0129029617357,22.0132253375965,24,18.0258059234713,22.0132253375965,6.62,7.03277434142803,7.7277004360353,4.24186235869885,5.36361303394084,5.24862620966705
6.90999670795617,209.214221224219,272.067058620275,171.310692498206,209.214221224219,272.067058620275,171.310692498206,2.30061206064063,1.68985098084383,2.3055924649677,22.0153015160156,20,22,22.0153015160156,18,22,7.17571557551562,7.04,7.74,4.875103514875,5.35014901915617,5.4344075350323
6.91499670557408,267.501324714428,349.34086608959,318.709426692297,267.501324714428,349.34086608959,318.709426692297,2.52805601159862,1.62059153043242,2.44870076512647,22,20,23.982676868353,22,19.9830991305023,23.982676868353,7.18,5.9294644869187,6.81805525621586,4.65194398840138,4.30887295648629,4.36935449108939
6.919996703192,252.151198587021,364.85825132467,296.792495297856,252.151198587021,364.85825132467,296.792495297856,2.67858251324668,1.64971650264934,2.62405628526608,23.9811001766224,20,24,23.9811001766224,20,24,6.63519745142885,5.92,6.81,3.95661493818217,4.27028349735066,4.18594371473392
6.92499670080991,204.501570654207,283.85684986759,200.038914896333,204.501570654207,283.85684986759,200.038914896333,2.9669696772975,1.74895506113709,2.59042841851395,24,18.0208987772583,22.0214209256976,24,18.0208987772583,22.0214209256976,6.63,6.28613372620722,7.73003926955062,3.6630303227025,4.53717866507013,5.13961085103667
6.92999669842782,173.354914832654,279.045005253537,199,173.354914832654,279.045005253537,199,2.84148835252403,1.69067507880306,2.74440447600009,22.0228977311389,18,22,22.0228977311389,18,22,7.18358863528109,6.29,7.74,4.34210028275706,4.59932492119694,4.99559552399991
6.93499669604574,237.19085773684,317.522306849897,267.119604168678,237.19085773684,317.522306849897,267.119604168678,3.16589204697165,1.52208225219276,2.78948962560503,22,21.9510058307587,23.9744812802515,22,21.9510058307587,22,7.19,5.54918640673274,6.8317386110843,4.02410795302835,4.02710415453999,4.04224898547927
6.93999669366365,215.309299847365,341.68204753798,268,215.309299847365,341.68204753798,268,3.23905865263845,1.56933759903746,2.96338760426396,22,22,24,22,22,22,6.63753077889237,5.54,6.82,3.39847212625391,3.97066240096254,3.85661239573604
6.94499669128156,190.36118240977,277.926087252437,201.978432139095,190.36118240977,277.926087252437,201.978432139095,3.42725501368575,1.67843277541895,2.99956189605712,22,18.0569899847653,20.0584138590505,22,18.0569899847653,20.0292069295252,6.63,7.00877123067491,7.28313637156157,3.20274498631425,5.33033845525596,4.28357447550445
6.94999668889948,184.092680639988,260.259198543241,215.419803684833,184.092680639988,260.259198543241,215.419803684833,3.17401616106614,1.69969506053736,2.913481177891,22,18,20,20.0308935466626,18,20,6.63984553226669,7.03,7.29,3.46582937120055,5.33030493946264,4.376518822109
6.95499668651739,232.194133736681,359.359108542693,271.067467739878,232.194133736681,359.359108542693,271.067467739878,3.3863818249402,1.55243696751085,2.96900085829273,22,21.9350141997106,21.9666952764242,20,19.9675070998553,20,6.64,5.56420721060779,5.92314678288518,3.2536181750598,4.01177024309694,2.95414592459246
6.9599966841353,218.258740601609,378.689573313781,262.136954792737,218.258740601609,378.689573313781,262.136954792737,3.38017249373441,1.63844786656891,3.18951279706042,22,22,21.9860799160119,21.9655012531188,20,19.9860799160119,6.36482982456336,5.54,5.90320161931727,2.98465733082896,3.90155213343109,2.71368882225685
6.96499668175322,202.29192646324,264.134712262459,141.208594226898,202.29192646324,264.134712262459,141.208594226898,3.58616846516998,1.74799300556521,3.12124678706357,22,18.0729816158106,20.0356224875306,22,18.0364908079053,18.0356224875306,6.36,6.63956514757304,6.35180682786796,2.77383153483002,4.89157214200783,3.23056004080439
6.96999667937113,189.250183451609,253.173203928038,150.195337521754,189.250183451609,253.173203928038,150.195337521754,3.37423387379645,1.76961510238214,3.2202504327202,18.0769795235719,18,20,20.0384897617859,18,18.0100173088079,6.63461143334997,6.66,6.35534195140432,3.26037755955352,4.89038489761786,3.13509151868413
6.97499667698904,237.00802646616,338.073628134617,188.229257377139,237.00802646616,338.073628134617,188.229257377139,3.5953437976983,1.73987006799773,3.26901186843223,18,22,20,20,20,19.9604747372892,6.64,5.54,5.44837924716053,3.0446562023017,3.80012993200227,2.1793673787283
6.97999667460696,229.191194512963,354.736804405667,188.837384367474,229.191194512963,354.736804405667,188.837384367474,3.57063731504321,1.71056637026629,3.39970729186145,19.9575123304527,21.9866736407933,20,20,19.9933368203966,20,5.82763238286211,5.54373138057788,5.43152858694574,2.25699506781891,3.8331650103116,2.03182129508429
6.98499667222487,184.02319233885,275.974346758527,140.075948655442,184.02319233885,275.974346758527,140.075948655442,3.64822053506287,1.87981343097111,3.3119367075798,20,18,20,20,18,20,5.81,6.66,5.88988608263884,2.16177946493713,4.78018656902889,2.57794937505905
6.98999666984278,187.883786056727,265.123935140623,173.070249953262,187.883786056727,265.123935140623,173.070249953262,3.30813497602912,1.79978677825269,3.27994796299758,18.0464855773093,18.0026652718413,20,18.0464855773093,18.0026652718413,19.9973981498792,6.0834920191767,6.65850744776885,5.9,2.77535704314758,4.85872066951615,2.62005203700242
6.9949966674607,255.327283673959,358.008328974504,225.732600522257,255.327283673959,358.008328974504,225.732600522257,3.36830304140836,1.6399933368204,3.24093881442796,18,20,20,18,20,18.0469407213979,6.09,5.54,5.9,2.72169695859164,3.9000066631796,2.65906118557204
6.99999666507861,257,382.983342050987,235.993853308926,257,382.983342050987,235.993853308926,3.2101092968911,1.62001332635921,3.37990438480551,19.9986337888612,20,20,18,20,18,5.53038253911885,5.54,5.9,2.32027324222775,3.91998667364079,2.52009561519449
7.00499666269652,244.021655333706,297.143258361427,233.076265244868,244.021655333706,297.143258361427,233.076265244868,3.25991671025498,1.76975013076495,3.24355904476049,20,18.0033315898006,18.0508434965784,18,18.0033315898006,16.0508434965784,5.53,6.27876731177377,5.44194822169593,2.27008328974502,4.50901718100882,2.19838917693544
7.00999666031444,242.005330543682,269.074627611543,265.909848530894,242.005330543682,269.074627611543,265.909848530894,2.88101280329958,1.70018656902886,3.16021854901602,16.010661087364,18,18,14.010661087364,18,16,5.79928037660293,6.28,5.43,2.91826757330336,4.57981343097114,2.26978145098398
7.01499665793235,295.802103565818,327.795527179992,259.191611951155,295.802103565818,327.795527179992,259.191611951155,2.87003664748781,1.64020793846102,3.08218985087035,16,19.9930687179658,18,14,19.9930687179658,17.9452537282413,5.8,5.54256457435264,4.52545701636777,2.92996335251219,3.90235663589162,1.44326716549743
7.01999665555026,298.986007322835,344.924104766129,271.940500236265,298.986007322835,344.924104766129,271.940500236265,2.71074627611546,1.64,3.06009153809805,17.9906715485567,20,18,19.9720146456701,20,18,4.69517729055103,5.54,4.5,1.98443101443556,3.9,1.43990846190195
7.02499665316818,221.441768807648,290.300514635428,223.456473881638,221.441768807648,290.300514635428,223.456473881638,2.71994336297338,1.67978144390151,2.85611719030288,18,18.0109278049246,18,20,18.0109278049246,16.0582589552655,4.69,6.27595671217788,4.94660044028893,1.97005663702662,4.59617526827637,2.09048324998605
7.02999665078609,206.099947694035,287.019390138209,255.774754603129,206.099947694035,287.019390138209,255.774754603129,2.38226548106478,1.65019390138208,2.5917224647996,18,18,18,16.0266527184092,18,16,5.79260387064144,6.28,4.96,3.41033838957666,4.62980609861792,2.3682775352004
7.034996648404,313.172433093377,339.604468613803,319.948662895291,313.172433093377,339.604468613803,319.948662895291,2.36015325313086,1.4713433141418,2.35745940765349,18,19.9850742873133,18,16,19.9850742873133,17.9378382695543,5.8,5.5355971422575,4.50460800665475,3.43984674686914,4.0642538281157,2.14714859900126
7.03999664602192,311.025392073191,359.830753334323,330.921936145248,311.025392073191,359.830753334323,330.921936145248,2.1914388841475,1.46008462333284,2.36982652476722,19.9830719512059,20,18,19.9661439024117,20,18,5.24473985366236,5.53,4.49,3.05330096951486,4.06991537666716,2.12017347523278
7.04499664363983,287.227083445371,299.577170423642,278.7837416519,287.227083445371,299.577170423642,278.7837416519,2.23952690948881,1.58876996467093,2.14759741814698,20,18.0189236204473,16.0660645056259,20,18.0189236204473,16.0660645056259,5.24,6.27290364233227,4.93480516370604,3.00047309051119,4.68413367766134,2.78720774555905
7.04999664125774,270.177841881793,277.230148317611,284.914218730685,270.177841881793,277.230148317611,284.914218730685,1.92334761189258,1.60979077425672,2.00150117221302,16.0418451486573,18,16,16.0418451486573,18,16,6.06131713165362,6.28,4.95,4.13796951976104,4.67020922574328,2.94849882778698
7.05499663887566,356.991452758807,325.448102499442,331.320785260717,356.991452758807,325.448102499442,331.320785260717,1.82114607641045,1.45180211428754,1.88419803684821,16,19.9774735714058,19.8600654383931,16,19.9774735714058,19.8600654383931,6.07,5.53844741072283,4.05253478557361,4.24885392358955,4.08664529643529,2.1683367487254
7.05999663649357,366.887857830594,346.742530742248,328.063857778449,366.887857830594,346.742530742248,328.063857778449,1.75087221687316,1.54877395591547,1.8503831466707,21.9252385537291,20,20,19.9501590358194,20,20,4.97383086756011,5.53,4.02,3.22295865068695,3.98122604408453,2.1696168533293
7.06499663411148,283.14407602878,280.88841449165,253.829530514211,283.14407602878,280.88841449165,253.829530514211,1.85851943102158,1.58946960328857,1.78257230046746,22,20,18.0734942990704,20,18.0265198355716,18.0734942990704,4.96,6.27005506166063,5.81165030186452,3.10148056897842,4.68058545837207,4.02907800139706
7.0699966317294,252.433775847774,277.042778184179,246.073078302891,252.433775847774,277.042778184179,246.073078302891,1.66289183898516,1.59985740605274,1.58292313211565,18.0578367797032,20,18,18.0289183898516,18,18,6.32004631100239,6.28,5.88,4.65715447201723,4.68014259394726,4.29707686788435
7.07499662934731,364.237711407241,337.069208828323,387.312368647224,364.237711407241,337.069208828323,387.312368647224,1.57139128046797,1.39320436305003,1.45502987806708,18,20,19.9226172605064,18,19.9694822566663,19.9226172605064,6.34,5.9057983712334,4.9859829738645,4.76860871953203,4.51259400818336,3.53095309579742
7.07999662696522,367.967083702386,364.561024587602,390.049993672811,367.967083702386,364.561024587602,390.049993672811,1.50115207041648,1.40967483302785,1.48933341769586,19.9670837023864,20,20,21.9341674047728,20,20,5.52366026350965,5.9,4.95,4.02250819309318,4.49032516697215,3.46066658230414
7.08499662458314,311.001153912496,329.621281719697,297.937464160674,311.001153912496,329.621281719697,297.937464160674,1.54913693628233,1.52792906093434,1.42972206293633,20,18.0345156510943,18,22,18.0345156510943,18,5.51,6.27344202629209,5.88,3.96086306371767,4.74551296535774,4.45027793706367
7.08999662220105,291.346888747262,311.328631444777,289.160405732509,291.346888747262,311.328631444777,289.160405732509,1.37328631444774,1.46127801117413,1.3907129143667,20,18,18,20.0365146049749,18,18,6.3248464389354,6.28,5.88,4.95156012448766,4.81872198882587,4.4892870856333
7.09499661981896,364.555741542903,347.287499161159,357.009994078003,364.555741542903,347.287499161159,357.009994078003,1.14442905926843,1.34231081353138,1.22965020726988,20,21.9229728822874,22,20,19.9614864411437,22,6.34,5.54444258457111,4.95,5.19557094073157,4.20213177103973,3.72034979273012
7.09999661743688,375.797437436315,370.719254066532,358.960451506485,375.797437436315,370.719254066532,358.960451506485,1.16939231230895,1.41982723327171,1.16138419727304,23.9189749745261,21.9913616635856,22,21.9594874872631,20,22,6.07546918921949,5.53483746839206,4.95,4.90607687691054,4.11501023512035,3.78861580272696
7.10499661505479,336.850229332345,306.013278765067,287.912501174298,336.850229332345,306.013278765067,287.912501174298,1.3853237386721,1.37986721234933,1.2394490814678,24,20,22,22,20,18,6.07,6.65,6.8,4.6846762613279,5.27013278765067,5.56055091853219
7.1099966126727,297.867953199716,310.192577789073,261.581325889801,297.867953199716,310.192577789073,261.581325889801,1.2824480731274,1.3396983721376,1.0736602000469,20.0890208409965,20,22,20.0445104204982,20.0046404286524,18,6.88152817549323,6.64911831855605,6.8,5.59908010236582,5.30941994641845,5.7263397999531
7.11499661029062,369.279153147968,393.014528111242,396.987106903419,369.279153147968,393.014528111242,396.987106903419,1.35813962502483,1.21001320737386,1.05011603786923,20,20,24,20,22,22,6.9,6.27,5.88,5.54186037497517,5.05998679262614,4.82988396213077
7.11999660790853,366.12127082065,403.98522201953,387.234819761014,366.12127082065,403.98522201953,387.234819761014,1.3307276249239,1.2200514016712,1.13788662215087,23.9029833434801,20,24,23.9029833434801,21.99871495822,22,6.09013095622787,6.2701220789691,5.88,4.75940333130397,5.0500706772979,4.74211337784913
7.12499660552644,308.04032762522,358.031197958793,291.06673550309,308.04032762522,358.031197958793,291.06673550309,1.4599096104952,1.37989148536072,1.23993048385095,24,20,22.0013903229811,24,18.002712865982,22,6.07,6.64974227773171,7.26903372552817,4.6100903895048,5.26985079237099,6.02910324167722
7.12999660314436,281.045297722758,330.046975416189,271.508667273831,281.045297722758,330.046975416189,271.508667273831,1.2603355386871,1.41993289226259,1.22050866727383,22.003355386871,20,22,22.003355386871,18,22,7.17813776028662,6.65,7.27,5.91780222159952,5.23006710773741,6.04949133272617
7.13499660076227,374.748345984657,353.935747910981,378.703641680293,374.748345984657,353.935747910981,378.703641680293,1.22010708681504,1.29034803214885,1.18010976234063,22,21.9946456592484,23.9945118829684,22,21.9892913184968,23.9945118829684,7.18,5.90200787778186,6.81126226691727,5.95989291318496,4.611659845633,5.63115250457664
7.13999659838018,372.011029941948,375.923494077543,375.109539005127,372.011029941948,375.923494077543,375.109539005127,1.31963233526839,1.32986089832281,1.32589228730775,25.9852934107355,22,24,23.9926467053677,22,24,6.63202215602387,5.9,6.81,5.31238982075549,4.5701391016772,5.48410771269225
7.1449965959981,318.252510709859,316.268579443409,310.298291709068,318.252510709859,316.268579443409,310.298291709068,1.54892449142097,1.31008952648114,1.45940341658186,26,22,22.0091782064328,24,22,20.0183564128657,6.63,7.01498651705637,7.73573213400872,5.08107550857903,5.70489699057523,6.27632871742686
7.14999659361601,283.1986460419,308.043806407979,287.670245139807,283.1986460419,308.043806407979,287.670245139807,1.53011351202394,1.36967145194016,1.37262269837316,22.0227024047886,22,22,22.0113512023943,22,20,7.4652324949944,7.02,7.74,5.93511898297046,5.65032854805984,6.36737730162684
7.15499659123392,352.532744530389,374.566156378166,363.488946346932,352.532744530389,374.566156378166,363.488946346932,1.65913223984215,1.27064752779378,1.40973451758282,22,22,23.9867258791411,22,22,25.9601776374233,7.47,7.02993524722062,6.35922551399694,5.81086776015785,5.75928771942684,4.94949099641412
7.15999658885184,343.076745550778,383.932727206095,353.342017286877,343.076745550778,383.932727206095,353.342017286877,1.73938603559378,1.37917777696338,1.59409242868122,25.9693017796888,22,24,25.9693017796888,22,26,6.64636988071457,7.03,6.35,4.9069838451208,5.65082222303662,4.75590757131878
7.16499658646975,281.525507369212,368.135587709101,220.163918298935,281.525507369212,368.135587709101,220.163918298935,1.90855909269732,1.48906783449993,1.69913140425453,26,22,22.0173719149095,26,20.0169484636377,22.0347438298189,6.64,7.03,8.19384411913419,4.73144090730268,5.54093216550007,6.49471271487966
7.16999658408766,259.208421592694,355.123158213862,199.660877364305,259.208421592694,355.123158213862,199.660877364305,1.84066315961312,1.58905262912414,1.78702605186063,22.0378948350352,22,22,22.0378948350352,20,22,7.73948418327773,7.03,8.21,5.89882102366461,5.44094737087586,6.42297394813937
7.17499658170558,351.025993729964,348.073312299894,321.668878044478,351.025993729964,348.073312299894,321.668878044478,1.75094258671294,1.52073312299894,1.938389771828,22,22,23.97853029104,22,21.9790536286017,23.97853029104,7.75,6.66387507870868,6.83492144772723,5.99905741328706,5.14314195570974,4.89653167589923
7.17999657932349,357.931164024162,361.842148387059,300.804890883497,357.931164024162,361.842148387059,300.804890883497,1.89827910060405,1.5101127511521,2.23915147070069,25.9541093494414,22,24,25.9541093494414,22,24,6.6626199289036,6.66,6.82,4.76434082829955,5.1498872488479,4.58084852929931
7.1849965769414,261.222269678854,330.39271486017,173.636320192699,261.222269678854,330.39271486017,173.636320192699,2.12713140789657,1.57914093624338,2.3585937873344,26,22,22.0255675030109,26,20.0245446787606,22.0255675030109,6.65,7.02545923442928,7.74798327358486,4.52286859210343,5.44631829818591,5.38938948625047
7.18999657455931,228.431091728661,309.278708142737,169.11027630161,228.431091728661,309.278708142737,169.11027630161,2.06094301315645,1.83654932775659,2.27330828904831,22.0538864660826,22,22,22.0538864660826,20,22,7.74504650566208,7.03,7.76,5.68410349250564,5.19345067224341,5.48669171095169
7.19499657217723,321.625246121224,301.114170346091,261.624981498978,321.625246121224,301.114170346091,261.624981498978,2.1782634687847,1.78085627759568,2.41780582154092,22,23.9714574134774,23.9707442872123,22,23.9429148269547,23.9707442872123,7.76,6.66528037850669,6.84360390644628,5.5817365312153,4.88442410091101,4.42579808490535
7.19999656979514,313.154705704013,306.908375378789,244.735356717833,313.154705704013,306.908375378789,244.735356717833,2.30798882584783,1.93755667676771,2.67955019400975,27.9071765775922,24,24,23.9690588591974,24,24,6.67701762744143,6.66,6.83,4.3690288015936,4.72244332323229,4.15044980599025
7.20499656741305,234.317603787344,260.76470161569,149.600968328236,234.317603787344,260.76470161569,149.600968328236,2.44769419337215,2.12690865304296,2.72933292986323,28,22.0325404942847,22.0333535068383,24,22.0325404942847,20.0667070136765,6.66,7.76177732320059,7.74449061932021,4.21230580662785,5.63486867015763,5.01515768945698
7.20999656503097,214.328190330057,248.207236688986,164.478639972071,214.328190330057,248.207236688986,164.478639972071,2.38120912226863,2.13982730275918,2.88048557678326,22.1036390515971,22,22,24,22,20,7.75082677545455,7.78,7.75035783244669,5.36961765318591,5.64017269724082,4.86987225566342
7.21499656264888,309.227887500821,335.374041108986,231.769421254675,309.227887500821,335.374041108986,231.769421254675,2.36036538402045,2.18908653994887,2.94875158678011,22,23.9634615979547,22,24,23.9634615979547,20,7.77,7.05351920875675,6.3947899196522,5.40963461597955,4.86443266880788,3.44603833287209
7.21999656026679,309.038537355926,351.710969830553,233.456588827673,309.038537355926,351.710969830553,233.456588827673,2.53653163796667,2.14096343389816,3.22004985423599,25.9229252881482,24,21.9900291528013,25.9614626440741,24,20,6.96580031592963,7.04,6.37,4.42926867796296,4.89903656610184,3.14995014576401
7.22499655788471,236.499843462856,308.948312763934,127.156658975443,236.499843462856,308.948312763934,127.156658975443,2.84371687197993,2.34974156381967,3.2298021413784,26,20,20.0395717243201,26,20,20,6.95,7.79,6.37,4.10628312802007,5.44025843618033,3.1401978586216
7.22999655550262,202.701831850839,297.211698734829,141.064581636918,202.701831850839,297.211698734829,141.064581636918,2.73255211582123,2.28966922072683,3.29022603572921,22.0850705273745,20.0132311709268,20,22.0850705273745,20.0066155854634,20,7.7623478655698,7.78507138882977,6.36851462235089,5.02979574974856,5.49540216810294,3.07828858662167
7.23499655312053,285.10729575335,361.053091263197,160.569155921731,285.10729575335,361.053091263197,160.569155921731,3.01354253845261,2.19016158210538,3.35849204572606,22,24,20,22,22,20,7.78,6.3,5.91990941380019,4.76645746154739,4.10983841789462,2.56141736807414
7.23999655073845,260.62819781457,383.853410048743,170.989778445955,260.62819781457,383.853410048743,170.989778445955,3.10790600728477,2.26007853033103,3.46989778445955,25.9069336571008,23.994764644598,20,25.9069336571008,21.997382322299,19.9974446114888,6.70559324429728,6.30146589951257,5.91,3.59768723701251,4.04138736918154,2.44010221554045
7.24499654835636,191.698624386547,271.99814382854,163.18794873203,191.698624386547,271.99814382854,163.18794873203,3.29538944809366,2.3199907191427,3.3918794873203,26,20,20,26,20,18.0469871830075,6.68,7.42,5.91,3.38461055190634,5.1000092808573,2.5181205126797
7.24999654597427,175.010612532953,266.004140690183,205.969583635836,175.010612532953,266.004140690183,205.969583635836,3.1101344254174,2.29002070345092,3.36002122071918,22.0028300087874,20,20,22.0028300087874,20,18,7.7892146725615,7.42,5.91,4.6790802471441,5.12997929654908,2.54997877928082
7.25499654359219,288.807386515366,349.858074274495,233.287540585372,288.807386515366,349.858074274495,233.287540585372,3.3196451856862,2.24008447959852,3.27229004811845,22,21.9966208160594,20,22,21.9966208160594,18,7.79,6.30189234300673,5.46170469038317,4.4703548143138,4.06180786340822,2.18941464226472
7.2599965412101,271.048403240398,365.956974897427,244.969681202354,271.048403240398,365.956974897427,244.969681202354,3.4197310931089,2.21008067206732,3.36972437456686,23.994621862178,22,20,22,22,18,6.69295797580208,6.3,5.45,3.27322688269317,4.08991932793268,2.08027562543314
7.26499653882801,192.291395122239,289.268687098886,206.095854667358,192.291395122239,289.268687098886,206.095854667358,3.55948360358084,2.31961616128731,3.16575323700363,24,20.0069788856854,18.0547927333679,22,20.0069788856854,16.0547927333679,6.69,7.04738291786799,5.44027396366684,3.13051639641916,4.72776675658069,2.27452072666321
7.26999653644593,177.070320341874,282.031417558143,234.861960954095,177.070320341874,282.031417558143,234.861960954095,3.34103136501416,2.29013464667775,3.12018405206121,20.0187520911665,20,18,20.0093760455833,20,16,6.96868735361834,7.05,5.44,3.62765598860418,4.75986535332225,2.31981594793879
7.27499653406384,230.692875014465,342.665250328529,253.44609853969,230.692875014465,342.665250328529,253.44609853969,3.57863500006429,2.12093290892049,3.01320679792811,20,21.9890246009354,18,20,21.9890246009354,17.9416945831252,6.97,6.30411577464923,4.53711201884676,3.39136499993571,4.18318286572874,1.52390522091865
7.27999653168175,209.14711348679,366.844307764652,270.886962643834,209.14711348679,366.844307764652,270.886962643834,3.61973252093311,2.08025948705891,2.9901329851249,21.9866260466554,22,18,21.9866260466554,22,18,6.145550190638,6.3,4.51,2.52581766970489,4.21974051294109,1.5198670148751
7.28499652929967,165.338203958963,316.381819324079,222.555204801374,165.338203958963,316.381819324079,222.555204801374,3.73907762556647,2.12962566732933,2.7574649830466,22,20.0149733068266,16.062208192055,22,18.0299466136533,16.062208192055,6.14,7.04438500994001,4.95569211582736,2.40092237443354,4.91475934261068,2.19822713278076
7.28999652691758,150.12731739334,310.050916782123,250.739055401889,150.12731739334,310.050916782123,250.739055401889,3.53178244350676,2.16966055478585,2.39313133517733,20.0169756524453,20,16,18.0339513048907,18,16,6.68533169557753,7.05,4.97,3.15354925207077,4.88033944521415,2.57686866482267
7.29499652453549,224.288579452965,358.535205242612,318.686116146769,224.288579452965,358.535205242612,318.686116146769,3.69838744676006,2.00161255323992,2.22561943221499,20,21.9810287854128,17.9338890327648,18,19.9810287854128,17.9338890327648,6.69,5.94062388016886,4.07074159976435,2.99161255323995,3.93901132692894,1.84512216754936
7.29999652215341,210.157276263514,381.758843062615,315.064482301774,210.157276263514,381.758843062615,315.064482301774,3.67031455252703,1.96041940336936,2.30903276547339,21.9790298315314,22,18,21.9580596630628,20,18,5.86870261991447,5.93,4.04,2.19838806738744,3.96958059663064,1.73096723452661
7.30499651977132,167.493836130509,301.914248305953,218.500687120652,167.493836130509,301.914248305953,218.500687120652,3.72931092632952,2.01932277903263,2.1170013742413,22,20.0225740322458,16.070013742413,22,18.0225740322458,16.070013742413,5.86,6.67153473790784,4.93744360977793,2.13068907367048,4.65221195887521,2.82044223553663
7.30999651738923,167.987515961885,291.122842379153,221.910428368752,167.987515961885,291.122842379153,221.910428368752,3.44362037105339,2.06938578810423,1.96191939209816,18.0499361524605,20,16,18.0499361524605,18,16,6.68951340798329,6.68,4.97,3.2458930369299,4.61061421189576,3.00808060790184
7.31499651500715,268.624681464325,338.362381686921,302.911287670771,268.624681464325,338.362381686921,302.911287670771,3.57811230789221,1.8825239058226,1.83478015003333,18,21.9734325702884,19.8529184605129,18,19.9734325702884,17.9264592302564,6.7,5.93996278614186,4.06456416177947,3.12188769210779,4.05743888031925,2.22978401174614
7.31999651262506,260.144829919958,362.657203396888,309.941439791162,260.144829919958,362.657203396888,309.941439791162,3.47159312911954,1.84057132767185,1.78073200261047,19.9710340160084,22,20,19.9710340160084,20,18,5.60607612111533,5.93,4.03,2.13448299199579,4.08942867232815,2.24926799738953
7.32499651024297,206.83605332256,309.825264111788,245.593878236944,206.83605332256,309.825264111788,245.593878236944,3.50938070124255,1.91877738650105,1.70309716804411,20,20.0305653374736,18.0774292011028,20,20,18,5.59,6.66853799844739,5.36618670523356,2.08061929875745,4.74976061194633,3.66308953718945
7.32999650786089,202.065927783507,297.195385748128,244.966622101531,202.065927783507,297.195385748128,244.966622101531,3.15593350051565,1.86097692874064,1.40500668477042,16.0659277835072,20,18,16.0659277835072,20,18,6.13093492976776,6.68,5.42,2.97500142925211,4.81902307125936,4.01499331522958
7.3349965054788,283.565338677145,351.049510756058,361.868421280045,283.565338677145,351.049510756058,361.868421280045,3.21879004466747,1.78138252980937,1.34103877936807,16,21.9654367547657,20,16,21.9654367547657,20,6.14,6.31639420036834,4.96,2.92120995533253,4.53501167055897,3.61896122063193
7.33999650309671,280.091405497787,365.744064606193,343.339075709473,280.091405497787,365.744064606193,343.339075709473,3.07274216493362,1.69164529896019,1.48732308650416,19.9268756017702,22,20,17.9634378008851,22,20,5.05029202050877,6.31,4.96,1.97754985557515,4.61835470103981,3.47267691349584
7.34499650071463,213.311079201861,341.482014412453,264,213.311079201861,341.482014412453,264,3.13865035964514,1.74884316541011,1.42965183342621,20,20.0385611529963,18,18,20.0385611529963,18,5.03,7.0455395676264,5.89,1.89134964035486,5.29669640221629,4.46034816657379
7.34999649833254,194.365040961892,336.206177814586,264,194.365040961892,336.206177814586,264,2.82648961710031,1.74948455546353,1.36138582342936,16.0811202137538,20.0085907422744,18,16.0405601068769,20.0085907422744,18,5.84316755564608,7.05677847164709,5.89,3.01667793854578,5.30729391618356,4.52861417657064
7.35499649595045,283.063562735546,384.052734307147,343.990347600669,283.063562735546,384.052734307147,343.990347600669,2.8885104328735,1.6300988768259,1.28983912667782,16,22,22,16,22,20,5.86,6.31,4.96,2.9714895671265,4.6799011231741,3.67016087332218
7.35999649356837,274.24506908051,399.857622130116,341.064661457947,274.24506908051,399.857622130116,341.064661457947,2.77267348087829,1.66011482086281,1.24107769096579,19.9108839707236,22,22,19.9108839707236,21.9954071654876,20,5.03871436614805,6.31172231294215,4.96,2.26604088526976,4.65160749207934,3.71892230903421
7.36499649118628,227.11736724447,337.975358134005,271.989871369173,227.11736724447,337.975358134005,271.989871369173,2.86767215157402,1.7101167246284,1.17987339211467,20,22,20,20,20,20,5.02,7.06,6.35,2.15232784842598,5.3498832753716,5.17012660788533
7.36999648880419,200.631226991199,319.0107086815,264.188041655248,200.631226991199,319.0107086815,264.188041655248,2.50898284564398,1.79997620293,1.08235052069061,16.0971118447998,22,20,16.0971118447998,20.00059492675,20,6.10305146306805,7.05988993855125,6.35,3.59406861742407,5.25991373562125,5.26764947930939
7.37499648642211,313.917954141794,354.974727511642,364.927325134703,313.917954141794,354.974727511642,364.927325134703,2.56994962096426,1.72005616108524,1.01005036871852,16,22,21.9985608937565,16,21.998595972869,21.9985608937565,6.13,6.69025974501923,5.88033818996722,3.56005037903574,4.97020358393399,4.8702878212487
7.37999648404002,300.023820867077,363.984686585452,354.280022539458,300.023820867077,363.984686585452,354.280022539458,2.49013611924044,1.72,1.23414498326588,19.9931940379781,22,22,19.9931940379781,22,22,5.02188865446107,6.69,5.88,2.53175253522063,4.97,4.64585501673411
7.38499648165793,230.189067721218,331.089131925711,286.188254609998,230.189067721218,331.089131925711,286.188254609998,2.56978392260432,1.81972990325542,1.24997231549853,20,20.0054019348916,20.0055369002941,20,20.0054019348916,20.0055369002941,5.02,7.05900064204506,6.80742534136326,2.45021607739568,5.23927073878964,5.55745302586473
7.38999647927585,209.077709332109,320.03851478131,275.301487802949,209.077709332109,320.03851478131,275.301487802949,2.32092511109653,1.97943978499912,1.25,16.0148017775445,20,20,16.0148017775445,20,20,6.11592951117527,7.06,6.81,3.79500440007874,5.08056021500088,5.56
7.39499647689376,314.501808339378,330.950498667605,345.672441511084,314.501808339378,330.950498667605,345.672441511084,2.32,1.77094502543663,1.40926184002498,16,23.9819995154928,21.9907730003122,16,21.9909997577464,21.9907730003122,6.12,6.32333008963383,5.89424441985638,3.8,4.5523850641972,4.4849825798314
7.39999647451167,310.028496991336,351.884508440587,320.758272419832,310.028496991336,351.884508440587,320.758272419832,2.15096889770541,1.81972502009663,1.54591699466244,19.9772024069315,24,22,19.9772024069315,22,22,5.01632633207652,6.32,5.89,2.8653574343711,4.50027497990337,4.34408300533756
7.40499647212959,246.428728013266,290.402942650484,234.572884877219,246.428728013266,290.402942650484,234.572884877219,2.30892817996683,1.97896014799875,1.62946708383515,20,20.0259963000312,22,20,20.0129981500156,20.0133229041214,5.01,7.43272103599126,6.81380484958357,2.70107182003317,5.45376088799251,5.18433776574842
7.4099964697475,212.261743973025,263.202460902604,221.404504248587,212.261743973025,263.202460902604,221.404504248587,2.12146268690808,2.08917515928569,1.55248925691438,18.0153967042956,20,22,16.0307934085911,20,20,6.11145482911596,7.44,6.82,3.98999214220788,5.35082484071431,5.26751074308562
7.41499646736541,307.184026194995,327.447628122227,294.355434167639,307.184026194995,327.447628122227,294.355434167639,2.09025499181406,1.99084980288888,1.65904186160054,18,21.9830039422224,22,16,21.9830039422224,21.9825793018281,6.12,6.32951779235548,6.3540938640704,4.02974500818594,4.33866798946659,4.69505200246986
7.41999646498333,305.028492517486,346.819547389256,276.628274881378,305.028492517486,346.819547389256,276.628274881378,2.02066482540802,2.09895527435885,1.85338658019602,21.9620099766848,22,22,19.9620099766848,22,22,5.28797790489618,6.32,6.35,3.26731307948817,4.22104472564115,4.49661341980398
7.42499646260124,252.556340086782,262.89224353539,222.580999290017,252.556340086782,262.89224353539,222.580999290017,2.03979006034461,2.22863539223999,1.88967722261666,22,22,20.0215184922229,20,20.0209939655386,18.0430369844457,5.28,7.06212726292303,6.81494315432763,3.24020993965539,4.83349187068304,4.92526593171097
7.42999646021915,236.183943355354,260.022597834071,230.684833620521,236.183943355354,260.022597834071,230.684833620521,1.80275915033031,2.26954804331857,1.96719852107129,18.0459858388385,22,20,18.0229929194192,20,18,6.37723892972232,7.07,6.82,4.57447977939201,4.80045195668143,4.85280147892871
7.43499645783707,336.725414461687,323.213047267181,273.449249845122,336.725414461687,323.213047267181,273.449249845122,1.74074975619901,2.27,1.98974383713727,18,22,21.9743837137266,18,21.9754077270994,19.9743837137266,6.39,6.70454957048661,5.44780331896,4.64925024380099,4.43454957048661,3.45805948182274
7.43999645545498,331.094467895134,343.734087732184,277.85287198984,331.094467895134,343.734087732184,277.85287198984,1.75973009172819,2.09239321041034,2.16337923954279,19.9730091728187,22,22,19.9730091728187,22,20,5.57120119328022,6.7,5.43,3.81147110155204,4.60760678958966,3.26662076045721
7.44499645307289,265.956662775032,337.100065632319,179.465224802507,265.956662775032,337.100065632319,179.465224802507,2.0063762773673,2.17871344187018,2.1897069550395,20,20.0285901806626,20.0293044960501,20,20.0285901806626,18.0293044960501,5.56,7.06471081657742,6.34637340933668,3.5536237226327,4.88599737470723,4.15666645429718
7.44999645069081,223.650763433794,334.045883701815,186.651464056417,223.650763433794,334.045883701815,186.651464056417,1.77371864819311,2.18984705432728,2.04580893239306,20,20,20,18.0309887349426,20,18,6.10147809789079,7.07,6.36,4.32775944969768,4.88015294567272,4.31419106760694
7.45499644830872,292.828937046763,355.641531027329,273.530299235569,292.828937046763,355.641531027329,273.530299235569,1.93719604645,2.08179234486336,2.02033402290101,20,21.9674119115754,21.9665977098993,18,21.9674119115754,19.9665977098993,6.11,6.34205759271711,5.44553206489683,4.17280395355,4.26026524785376,3.42519804199582
7.45999644592663,283.190266748009,377.619542534653,269.357037024212,283.190266748009,377.619542534653,269.357037024212,1.96948109068725,2.07017293521152,2.2301382716077,23.9308120916329,22,21.9723456784607,19.9654060458165,22,19.9861728392304,5.84467018381478,6.33,5.43642962975788,3.87518909312753,4.25982706478848,3.20629135815018
7.46499644354455,264.347566963756,325.969528898909,178.660766599833,264.347566963756,325.969528898909,178.660766599833,2.17615847040059,2.11908535009537,2.24964284589251,24,20.0365859961852,18.0714308214982,20,18.0731719923705,18.0357154107491,5.84,7.05646318141146,6.34339233400167,3.66384152959941,4.93737783131609,4.09374948810916
7.46999644116246,243.405141975692,310.289387125497,179.372164459604,243.405141975692,310.289387125497,179.372164459604,2.07212217225362,2.13961415049934,2.27024810963974,20.0771699001318,20,18.0099243855894,20,18,18.0099243855894,6.65398724572266,7.07,6.3530529300874,4.58186507346903,4.93038584950066,4.08280482044766
7.47499643878037,319.417227746071,352.068535561635,252.514318027651,319.417227746071,352.068535561635,252.514318027651,2.29533285104611,2.00017133890409,2.31900954535177,20,22,19.9603818140707,20,22,19.9603818140707,6.67,5.95,4.98773273015051,4.37466714895389,3.94982866109591,2.66872318479874
7.47999643639829,293.596160009581,367.717576373093,252.689032448996,293.596160009581,367.717576373093,252.689032448996,2.28042582857827,2.04009851986985,2.43958323936463,21.9574171421728,22,19.9935882979174,21.9574171421728,21.9934320086766,19.9935882979174,6.13171028590248,5.95367807514111,4.96298144146839,3.85128445732421,3.91357955527126,2.52339820210375
7.4849964340162,255.847054422463,281.984008368953,158.091847167671,255.847054422463,281.984008368953,158.091847167671,2.52442727353643,2.07,2.31280350651337,22,22,18.0431308694365,22,20,18.0431308694365,6.12,7.07,5.86994414571202,3.59557272646357,5,3.55714063919865
7.48999643163411,218.861744163407,275.095093091759,178.101611539531,218.861744163407,275.095093091759,178.101611539531,2.3248909803869,2.06983294456853,2.28992473219294,20.0465807655896,22,18,20.0465807655896,20,18.002508926902,6.65719028946287,7.06952453454121,5.88883334899057,4.33229930907596,4.99969158997267,3.59890861679763
7.49499642925203,286.299709818554,349.0042834726,257.095137393023,286.299709818554,349.0042834726,257.095137393023,2.43708521683181,1.9400114225936,2.2314110093385,20,22,18,20,20,19.9529663553833,6.67,6.7,4.98187064474677,4.23291478316819,4.7599885774064,2.75045963540827
7.49999642686994,278.007318988243,363.989291318493,260.998536502125,278.007318988243,363.989291318493,260.998536502125,2.39003659494122,1.97997144351598,2.40986828519127,21.9985362023514,22,18,20,20,20,6.12040254435337,6.7,4.96,3.73036594941215,4.72002855648402,2.55013171480873
7.50499642448785,244.058255227376,330.05825522737,177.190266051268,244.058255227376,330.05825522737,177.190266051268,2.49981152720555,2.12974299164396,2.2833108672868,22,20.0034267780806,18,20,20,18.0509364197969,6.12,6.7,5.40828462344671,3.62018847279445,4.57025700835604,3.12497375615991
7.50999642210577,227.046118721676,312.048831587654,193.94716772671,227.046118721676,312.048831587654,193.94716772671,2.30054257319619,2.15991861402058,2.30991658062112,20.0054257319619,20,18,18.0054257319619,20,18,6.39924039752533,6.7,5.42,4.09869782432914,4.54008138597942,3.11008341937888
7.51499641972368,274.821807539786,315.985947021327,234.84837690548,274.821807539786,315.985947021327,234.84837690548,2.43948027199104,2.02049185425356,2.2419193718242,20,21.9929735106635,19.9451608050229,18,21.9929735106635,18,6.4,6.33129990052726,4.97261301484474,3.96051972800896,4.3108080462737,2.73069364302054
7.51999641734159,261.065965478063,341.882687488793,243.962994414739,261.065965478063,341.882687488793,243.962994414739,2.39023559099308,1.97022560098309,2.33953743018424,20,22,20,21.9811527205535,22,18,5.84263861912251,6.33,4.96,3.45240302812943,4.35977439901691,2.62046256981576
7.52499641495951,230.177050200866,318.132275918455,208.079509751954,230.177050200866,318.132275918455,208.079509751954,2.61868640173551,1.95011022993205,2.23320935331662,20,20.0110229932046,18.058351878484,22,20.0110229932046,16.058351878484,5.84,7.07586637754828,5.40657906794868,3.22131359826449,5.12575614761623,3.17336971463206
7.52999641257742,194.241587854722,312.039065841257,218.919916225484,194.241587854722,312.039065841257,218.919916225484,2.46107372379876,2.09902335396858,2.21013347295753,20,20,18,18.0268430949691,20,16,6.39624196670433,7.08,5.42,3.93516824290556,4.98097664603142,3.20986652704247
7.53499641019533,257.506543956302,342.767176035018,262.599270292555,257.506543956302,342.767176035018,262.599270292555,2.69814953983613,1.89157719460149,2.08404655248817,20,21.9849790990334,19.9377453463358,18,23.9699581980668,17.9377453463358,6.4,6.33563283786248,4.51894841395385,3.70185046016387,4.44405564326099,2.43490186146568
7.53999640781325,240.153209304869,357.872351088643,276.88660691628,240.153209304869,357.872351088643,276.88660691628,2.7,1.94948940435457,2.15930219640787,20,22,20,19.9829767439035,24,18,5.84476651170703,6.33,4.49,3.14476651170703,4.38051059564543,2.33069780359213
7.54499640543116,211.275772726555,292.62762068801,208.348588723989,211.275772726555,292.62762068801,208.348588723989,2.83866868338905,1.99952452978181,1.98595416859603,20,22,18.0661574288448,20,20.0380376174552,16.0661574288448,5.84,7.44925437306892,5.38923679558719,3.00133131661095,5.44972984328711,3.40328262699116
7.54999640304907,198.136615456958,275.178650982173,229.741485393751,198.136615456958,275.178650982173,229.741485393751,2.72126106575654,1.99010508881304,1.84150800186979,18.0210177626089,22,18,16.0420355252179,20,16,6.11705751323475,7.46,5.42,3.39579644747821,5.46989491118696,3.57849199813021
7.55499640066698,235.562682386704,345.196931925658,313.952381125031,235.562682386704,345.196931925658,313.952381125031,2.90781341193352,1.93067864907691,1.80140120408045,18,22,19.9299397959777,16,21.9773783641031,17.9299397959777,6.12,6.71848311346136,4.51292829589047,3.21218658806648,4.78780446438445,2.71152709181003
7.5599963982849,215.262664538888,361.803071440235,314.038461016857,215.262664538888,361.803071440235,314.038461016857,2.87050031340741,1.97938459825074,1.9283333559362,19.9749843296298,22,20,19.9499686592595,22,18,5.2905065815555,6.71,4.48,2.4200062681481,4.73061540174927,2.5516666440638
7.56499639590281,167.64835098203,305.75852817977,233.090664097502,167.64835098203,305.75852817977,233.090664097502,3.05743361069613,2.07866924880742,1.85294348961667,20,20.0266150238516,18.0735872404167,20,18.0532300477032,16.0735872404167,5.28,7.0849431454682,5.37578193320623,2.22256638930387,5.00627389666078,3.52283844358956
7.56999639352073,142.362669726644,301.057227955465,233.941342224637,142.362669726644,301.057227955465,233.941342224637,2.8037717651571,1.98143069888663,1.63322617764495,18.0290135781316,20,18,16.0580271562631,18,16,6.0979593650754,7.09,5.41,3.2941875999183,5.10856930111337,3.77677382235505
7.57499639113864,230.604436059435,343.341821970307,323.397381683891,230.604436059435,343.341821970307,323.397381683891,3.00674368413868,1.86183677589682,1.5819368915678,18,21.9693870683864,18,16,21.9387741367728,17.922524337288,6.11,5.98714324170362,4.5160261831611,3.10325631586132,4.12530646580681,2.93408929159329
7.57999638875655,221.181563172415,364.657575202306,314.217273431258,221.181563172415,364.657575202306,314.217273431258,2.92148551686521,1.82065223770989,1.6291643329567,19.9669885141064,22,18,17.9669885141064,22,18,5.29369976664583,5.97,4.48,2.37221424978062,4.14934776229011,2.8508356670433
7.58499638637447,183.657737364174,285.401738994657,219.930980350175,183.657737364174,285.401738994657,219.930980350175,3.04774984585941,1.94775029544067,1.67013803929965,20,20.0346108393742,18,18,20.0346108393742,18,5.28,7.07061792995043,4.94,2.23225015414059,5.12286763450975,3.26986196070035
7.58999638399238,174.164744069647,262.402707725807,210.178693207769,174.164744069647,262.402707725807,210.178693207769,2.82421012622431,1.97945085310117,1.68964261358446,16.0732195865098,20,18,16.0366097932549,20,18,5.81993230685491,7.09,4.94,2.9957221806306,5.11054914689883,3.25035738641554
7.59499638161029,241.667998223812,329.6679982238,244.935642493899,241.667998223812,329.6679982238,244.935642493899,2.95729738770049,1.91135130614977,1.73044555196532,16,20,20,16,21.9613912528638,20,5.83,6.35447828017609,4.94,2.87270261229951,4.44312697402632,3.20955444803468
7.59999637922821,232.223342355593,340.722347685631,232.25766920877,232.223342355593,340.722347685631,232.25766920877,2.94040607701017,2.01055530462874,1.81821613624697,17.9593922989831,20,20,16,21.9914568518656,20,5.01685219592201,6.34162319814554,4.94,2.07644611891184,4.3310678935168,3.12178386375303
7.60499637684612,176.21428966457,275.977095320113,228.038330827668,176.21428966457,275.977095320113,228.038330827668,3.08680450088271,2.13993455805747,1.73009582706917,18,20,18,16,20,18,5,6.72,5.87,1.91319549911729,4.58006544194253,4.13990417293083
7.60999637446403,159.356844870228,269.088632187255,239.741075398553,159.356844870228,269.088632187255,239.741075398553,2.83579872914121,2.11968183317396,1.75935268849638,16.0446056087785,20.0045452403721,18,16,20.0045452403721,18,5.2639782428149,6.71913640432931,5.87,2.42817951367368,4.59945457115535,4.11064731150362
7.61499637208194,207.834885933511,308.033101724384,305.998757151951,207.834885933511,308.033101724384,305.998757151951,2.8495339543734,1.98005092572982,1.7201864272073,16,22,18,16,22,20,5.27,6.34,4.94,2.4204660456266,4.35994907427018,3.2198135727927
7.61999636969986,211.92709472519,333.991790010849,305.023528437711,211.92709472519,333.991790010849,305.023528437711,2.65486035165399,2.0200437866088,1.8664707343434,19.9027929669203,21.9989053347799,18,17.9513964834601,21.99945266739,20,4.99680449231558,6.34020524972877,4.94,2.3419441406616,4.32016146311996,3.0735292656566
7.62499636731777,210.001488194276,304.021774319064,227.058027690733,210.001488194276,304.021774319064,227.058027690733,2.7499255902862,2.17988387029832,1.76008183392283,20,18.0029032425419,18,18,20.001451621271,18.001487889506,4.99,7.08945564202339,5.39965778541363,2.2400744097138,4.90957177172507,3.6395759514908
7.62999636493568,190.034505751509,292.020703450903,249.413964018082,190.034505751509,292.020703450903,249.413964018082,2.45051758627264,2.17001725287575,1.67229318427707,14.0103517254527,18,18,14.0069011503018,20,18,5.81856801131237,7.09,5.4,3.36805042503974,4.91998274712425,3.72770681572293
7.6349963625536,275.765670251628,352.833789364537,307.838015176861,275.765670251628,352.833789364537,307.838015176861,2.51980926648388,1.87081742935473,1.67,14,21.9891009419369,19.9944143164435,14,20,19.9944143164435,5.82,5.97305173625767,4.93131263563578,3.30019073351612,4.10223430690294,3.26131263563578
7.63999636017151,274.007448482912,387.876619904663,308,274.007448482912,387.876619904663,308,2.40044690897473,1.94971798835351,1.63109724851563,15.9925515170878,22,20,17.9851030341756,20,20,4.43517669562399,5.97,4.93,2.03472978664926,4.02028201164649,3.29890275148436
7.64499635778942,194.377897471729,293.429772228695,278.139136894141,194.377897471729,293.429772228695,278.139136894141,2.4597165768962,1.98981904327213,1.54041741068242,16,20.0090478363936,18.0092757929427,18,20,16.0185515858854,4.43,6.71660706135241,5.85568675628164,1.9702834231038,4.72678801808028,4.31526934559922
7.64999635540734,189.028615976686,279.077327531922,279.941624890711,189.028615976686,279.077327531922,279.941624890711,2.12194588641462,2.06955812838902,1.42350250655732,14.0114463906742,20,18,14.0228927813485,20,16,5.24530697982356,6.72,5.86,3.12336109340894,4.65044187161098,4.43649749344268
7.65499635302525,287.33445544455,322.712993628577,352.511933410491,287.33445544455,322.712993628577,352.511933410491,2.15973109310891,1.92097843081167,1.29086915967995,14,21.9869542558444,19.9866283126162,14,21.9869542558444,19.9732566252324,5.25,6.35241346266878,4.46936018116867,3.09026890689109,4.43143503185711,3.17849102148872
7.65999635064316,283.038610746089,341.857075368652,346.217972595641,283.038610746089,341.857075368652,346.217972595641,1.9813899868592,1.94977432952945,1.41595193750953,15.9845557015645,22,20,15.9845557015645,22,20,4.42640938385075,6.35,4.46,2.44501939699155,4.40022567047055,3.04404806249047
7.66499634826108,238.383558803248,306.306785734517,221.100577330366,238.383558803248,306.306785734517,221.100577330366,2.05931811768312,2.12846607132742,1.40017469481434,16,20.0170436519176,18.0174694814344,16,18.0340873038352,18.0174694814344,4.42,7.08369384879049,5.84777136299593,2.36068188231688,4.95522777746307,4.44759666818159
7.66999634587899,215.218989966676,293.123776937684,214.198541978948,215.218989966676,293.123776937684,214.198541978948,1.81238032572474,2.01114255634785,1.36132361319299,14.0190426057979,20,18,16,18,18,4.95485849643457,7.09,5.86,3.14247817070983,5.07885744365215,4.49867638680701
7.6749963434969,271.400315549151,365.231983071733,316.878501674764,271.400315549151,365.231983071733,316.878501674764,1.77042083119358,1.81210415596786,1.36,14,20,19.9784327245147,16,19.9789584403214,21.9568654490294,4.96,5.98178327341999,4.94002878310067,3.18957916880642,4.16967911745214,3.58002878310067
7.67999634111482,272,397.637672996439,312.210250304481,272,397.637672996439,312.210250304481,1.64149763338135,1.81,1.32140166869654,17.9539189728815,20,20,17.9769594864408,20,22,4.68322567189829,5.97,4.93,3.04172803851694,4.16,3.60859833130346
7.68499633873273,261.137717070921,310.096474083305,251.782784620843,261.137717070921,310.096474083305,251.782784620843,1.71899842130239,1.88901440531838,1.33974334930464,18,20,20,18,20,20.0256650695358,4.68,6.34531842526229,6.30216277667259,2.96100157869761,4.45630401994391,4.96241942736795
7.68999633635064,240.283903423873,293.213110567373,248.11041571363,240.283903423873,293.213110567373,248.11041571363,1.47337980266515,1.89,1.13772909995409,16.0270384213212,20,20,14.0540768426425,20,20,5.49877905515169,6.35,6.32,4.02539925248653,4.46,5.18227090004591
7.69499633396856,322.780430241535,317.642027814968,357.370892998151,322.780430241535,317.642027814968,357.370892998151,1.50941925249597,1.79143188874013,1.15955970081031,16,21.9713622251974,20,14,21.9713622251974,21.9706467206874,5.51,6.35,5.85689802063846,4.00058074750403,4.55856811125987,4.69733831982815
7.69999633158647,318.093108987248,330.800861263557,336.891237275442,318.093108987248,330.800861263557,336.891237275442,1.38201736139037,1.78015318364342,1.38108762724558,17.9689636709175,22,20,17.9379273418349,22,22,4.68303525821467,6.35,5.85,3.3010178968243,4.56984681635658,4.46891237275441
7.70499632920438,267.842399715571,323.130542730258,267.170787567711,267.842399715571,323.130542730258,267.170787567711,1.55702682453328,1.92755232380765,1.36050176610045,18,18.0652713651292,20,18,20.0326356825646,20.0334510733632,4.67,7.0779247974511,6.31213899775966,3.11297317546672,5.15037247364344,4.95163723165921
7.7099963268223,235.554264925356,301.380981000886,264.268723633628,235.554264925356,301.380981000886,264.268723633628,1.32415698694017,1.93,1.41096464894123,16.0346415578347,18,20.0137806991604,16.0346415578347,20,20,5.48562375349858,7.09,6.31683043919311,4.16146676655842,5.16,4.90586579025188
7.71499632444021,314.516339591843,347.139110627358,302.302643489012,314.516339591843,347.139110627358,302.302643489012,1.34945049614513,1.74348019108089,1.54749666893492,16,21.9267328193496,21.9642381276417,16,21.9633664096748,20,5.5,6.00033164263049,5.86822523064242,4.15054950385487,4.2568514515496,4.3207285617075
7.71999632205812,316.980683727897,370.555725741629,286.856770102287,316.980683727897,370.555725741629,286.856770102287,1.23231795265235,1.78903418639484,1.6199012207602,19.9227349115883,22,21.9901220760198,19.9227349115883,22,20,4.95081711237764,5.98,5.86227192251544,3.71849915972529,4.19096581360516,4.24237070175525
7.72499631967604,289.568840973216,284.957403244678,258.575137389309,289.568840973216,284.957403244678,258.575137389309,1.30837474007653,1.8503833707979,1.60039664647539,20,20,20.0396646475385,20,20,20,4.94,7.1,6.31087713106614,3.63162525992347,5.2496166292021,4.71048048459075
7.72999631729395,272.362358841724,275.2314741,274.140035290405,272.362358841724,275.2314741,274.140035290405,1.14362358841724,1.93941316425352,1.58980904278581,18.0426304519675,20.0065203971831,20.006365240473,16.0852609039351,20,20,6.02634009915802,7.09755485105634,6.31853599469122,4.88271651074077,5.15814168680282,4.72872695190541
7.73499631491186,363.902417925119,346.04295371137,317.050098716993,363.902417925119,346.04295371137,317.050098716993,1.14977685297076,1.76013564329906,1.53129531993137,18,22,21.9568226689542,16,20,20,6.05,6.35,5.86993078614052,4.90022314702924,4.58986435670094,4.33863546620915
7.73999631252978,356.233141798648,364.919280338526,322.940900832974,356.233141798648,364.919280338526,322.940900832974,0.993730268778364,1.82027747383632,1.71995075069414,19.9533716402705,21.9974775105789,21.9975375347072,19.9067432805409,19.9974775105789,20,5.23935076928776,6.3504666605429,5.86056636701734,4.2456205005094,4.53018918670658,4.14061561632319
7.74499631014769,302.337251124271,300.993979341289,276.129922549423,302.337251124271,300.993979341289,276.129922549423,1.19489413207096,2.0400052353554,1.68094160212452,20,20,20.047080106226,20,18,20,5.22,6.72,6.30917157556803,4.02510586792904,4.6799947646446,4.62822997344351
7.7499963077656,253.036302181685,278.016967310921,280.995463156588,253.036302181685,278.016967310921,280.995463156588,1.02013613318132,2.05998524581659,1.58007561405686,18.0015125909035,20,20,16.0030251818071,18,20,6.04937227477503,6.72,6.32,5.02923614159371,4.66001475418341,4.73992438594314
7.75499630538352,325.873185413937,306.949621602802,330.699936524143,325.873185413937,306.949621602802,330.699936524143,1.11982628138896,1.92024320605544,1.59949017118594,18,21.9965256277795,21.9490171185938,16,19.9965256277795,20,6.05,5.9812855177216,5.87172606272342,4.93017371861104,4.06104231166616,4.27223589153748
7.75999630300143,315.030103293561,334.923373434578,321.030855413533,315.030103293561,334.923373434578,321.030855413533,1.19978106695592,1.96986316684746,1.66980364736843,21.9890533477962,22,22,19.9890533477962,20,20,5.2122987969628,5.98,5.86,4.01251773000687,4.01013683315254,4.19019635263157
7.76499630061934,254.227904539457,276.208685743138,272.372141414659,254.227904539457,276.208685743138,272.372141414659,1.32951430180116,2.01982314767531,1.67,22,18.0141481859755,20.0548856565864,20,20,20,5.21,6.71738258559454,6.30737629898514,3.88048569819884,4.69755943791923,4.63737629898514
7.76999629823726,234.094712338632,257.086180517904,271.995349905215,234.094712338632,257.086180517904,271.995349905215,1.30014206850795,1.99013607450195,1.60032550663496,20.0094712338632,18,20,18.0094712338632,20,20,6.31474346520592,6.72,6.32,5.01460139669797,4.72986392549805,4.71967449336504
7.77499629585517,312.546927584103,306.723235316386,314.715236517949,312.546927584103,306.723235316386,314.715236517949,1.37954119249023,2.07950182356949,1.6582480497972,20,21.9778588253109,21.9416016599068,18,21.9889294126554,20,6.32,5.98409611731749,5.87343161822144,4.94045880750977,3.90459429374799,4.21518356842424
7.77999629347308,292.141425987058,309.980395688162,305.073678434583,292.141425987058,309.980395688162,305.073678434583,1.41973061716751,2.08,1.7394641568394,21.9865308583755,22,22,21.9730617167509,22,20,5.77370401394674,5.98,5.86,4.35397339677923,3.9,4.1205358431606
7.784996291091,243.378968339885,257.399315120325,272.059118959649,243.378968339885,257.399315120325,272.059118959649,1.7077571261517,2.18917123276914,1.74,22,20.0150684951066,20.0623011152734,22,18.0301369902132,20,5.77,7.09156164274031,6.30567074348711,4.0622428738483,4.90239040997117,4.56567074348711
7.78999628870891,198.384094344332,262.948797653036,280.91253063467,198.384094344332,262.948797653036,280.91253063467,1.67034141719496,2.1404266862247,1.53183685667193,18.0341417194962,20,20,20.0170708597481,18,20,6.59291559320455,7.1,6.32,4.92257417600959,4.9595733137753,4.78816314332807
7.79499628632682,271.294543093888,358.084812662358,337.080087176834,271.294543093888,358.084812662358,337.080087176834,1.86809335971321,1.97162064424374,1.48165509726135,18,21.9809335971324,21.933796109546,20,19.9809335971324,20,6.6,5.99067718560583,5.87522689480442,4.73190664028679,4.01905654136209,4.39357179754307
7.79999628394474,257.157990175617,386.70508500552,330.097162502024,257.157990175617,386.70508500552,330.097162502024,1.98873607859507,1.87105326783743,1.63827266663068,21.9578692865022,22,22,21.9789346432511,20,20,5.77874212305079,5.98,5.86,3.79000604445573,4.10894673216257,4.22172733336932
7.80499628156265,200.657332852932,310.872765722603,268.243413300209,200.657332852932,310.872765722603,268.243413300209,2.31619438874618,2.03807311463841,1.65929893334368,22,18.0453384790963,20.0701066656315,22,18.0226692395481,20,5.77,6.72149903516945,6.31352493357659,3.45380561125382,4.68342592053104,4.65422600023291
7.80999627918056,163.463670393439,281.357623129603,261.064223652918,163.463670393439,281.357623129603,261.064223652918,2.25087721425786,1.96098654656442,1.69948621077666,20.0250632645102,18,20,18.0501265290204,18,20,6.58959874522826,6.73,6.33,4.33872153097041,4.76901345343558,4.63051378922334
7.81499627679848,240.931042373547,336.253446696236,298.564142633748,240.931042373547,336.253446696236,298.564142633748,2.46702315597697,1.90079987853975,1.81558197733461,20,21.9466747640169,21.9263662889101,18,19.9733373820084,21.9263662889101,6.6,5.61506437916523,5.87730392210612,4.13297684402303,3.71426450062549,4.06172194477151
7.81999627441639,227.217958792036,352.770707425019,284.235021367551,227.217958792036,352.770707425019,284.235021367551,2.56854694138642,1.98871022926573,1.93823733974337,21.9709388277285,22,22,19.9709388277285,20,22,5.78206038649269,5.6,5.86,3.21351344510626,3.61128977073427,3.92176266025663
7.8249962720343,164.978393973805,264.379723658911,250.356637175622,164.978393973805,264.379723658911,250.356637175622,2.86534098107712,1.91122642103014,1.87271327435124,22,20.0306605257536,20.0775221243213,20,18.0306605257536,20.0775221243213,5.77,6.70283010557799,6.75395221219061,2.90465901892288,4.79160368454785,4.88123893783937
7.82999626965222,128.595063440604,273.82037286201,264.732196280045,128.595063440604,273.82037286201,264.732196280045,2.70281002180285,1.91983670260183,1.81100426394983,18.0661181600671,20,20,18.0330590800335,18,20,6.31090875299078,6.72,6.79,3.60809873118793,4.80016329739817,4.97899573605017
7.83499626727013,199.734714372398,353.596333442675,341.910576455687,199.734714372398,353.596333442675,341.910576455687,2.94566683004246,1.73329255118385,1.82144453417736,18,21.9653415664858,22,18,19.9653415664858,22,6.32,5.99282362040026,5.86,3.37433316995754,4.25953106921641,4.03855546582264
7.83999626488804,188.238273018067,371.688412207141,329.232603170559,188.238273018067,371.688412207141,329.232603170559,2.95,1.65146629549581,2.02624256416789,19.9633426126051,22,22,19.9633426126051,20,22,5.50521281576886,5.98,5.86,2.55521281576886,4.32853370450419,3.83375743583211
7.84499626250596,145.831111337431,315.12103389701,241.078837545405,145.831111337431,315.12103389701,241.078837545405,3.24420154880862,1.855941084166,1.91960581227298,20,20.0386563412762,18,20,18.0386563412762,18,5.49,6.7056971537278,6.79,2.24579845119138,4.84975606956181,4.87039418772702
7.84999626012387,124.426880599151,282.21663662685,256.682496973252,124.426880599151,282.21663662685,256.682496973252,3.07365897656415,1.84957522230029,1.84158751513374,16.0813105903144,20.0084955539941,18,18.0406552951572,18.0084955539941,18,6.02881979383177,6.71685664502218,6.79,2.95516081726762,4.86728142272188,4.94841248486626
7.85499625774178,187.61373690628,333.071462601244,343.949263922653,187.61373690628,333.071462601244,343.949263922653,3.16786728754812,1.75029234700509,1.93034881053176,16,22,22,18,20,22,6.04,5.98,4.94,2.87213271245188,4.22970765299491,3.00965118946824
7.8599962553597,186.066979804378,354.856075320573,328.345604494803,186.066979804378,354.856075320573,328.345604494803,3.07223266014593,1.83995502353768,2.03762396909823,17.9553467970815,21.9955023537679,22,18,19.9955023537679,22,5.22853107921119,5.98166412910587,4.94,2.15629841906526,4.1417091055682,2.90237603090177
7.86499625297761,144.97969529279,290.996251961473,175.995121531024,144.97969529279,290.996251961473,175.995121531024,3.26533478432005,1.82009994769404,2.08986584210315,18,20,20,18,18,18,5.21,6.72,6.79,1.94466521567995,4.89990005230596,4.70013415789685
7.86999625059552,130.340557774759,288.013243069457,172.094206674061,130.340557774759,288.013243069457,172.094206674061,3.07486511106798,1.89993003661419,1.98259068353668,16.0486511106798,20.0004997384701,20,14.0973022213597,18.0004997384701,18,5.47343210005822,6.71981509676607,6.79,2.39856698899024,4.81988506015188,4.80740931646332
7.87499624821344,177.963112299256,340.96027079161,318.887054551521,177.963112299256,340.96027079161,318.887054551521,3.18990778074814,1.62020989015753,2.03995389981695,16,21.9985007845891,21.9984633272316,14,19.9985007845891,21.9969266544632,5.48,5.98055470970205,5.40106798757405,2.29009221925186,4.36034481954452,3.3611140877571
7.87999624583135,176.003498169291,368.951025629933,306.33153972937,176.003498169291,368.951025629933,306.33153972937,3.12012243592518,1.53015741761807,2.1666846027063,16,22,22,15.9965018307091,20,22,4.65145174025572,5.98,5.4,1.53132930433053,4.44984258238193,3.2333153972937
7.88499624344926,127.134679517711,305.175907941489,190.326799075501,127.134679517711,305.175907941489,190.326799075501,3.18980760068898,1.82917543152427,2.19991548299772,16,20.0054971231715,20.005634466819,16,18.0054971231715,20.005634466819,4.65,6.71796606442653,6.79605587322671,1.46019239931102,4.88879063290226,4.596140390229
7.88999624106718,128.992503922948,258.166800528113,187.082363331086,128.992503922948,258.166800528113,187.082363331086,2.93097449001679,1.8001064684222,2.12219635549564,16,20,20,14.0074960770522,18,20,4.91898802959795,6.72,6.8,1.98801353958117,4.9198935315778,4.67780364450436
7.89499623868509,176.772119257603,301.799900528262,298.477823172932,176.772119257603,301.799900528262,298.477823172932,2.96981009938134,1.79004547715267,2.17972026241407,16,21.9909045694665,21.9906754138024,14,19.9909045694665,20,4.92,5.98336530929741,5.8743359325819,1.95018990061866,4.19331983214474,3.69461567016783
7.899996236303,177.994253007593,313.933433693513,290.26289706904,177.994253007593,313.933433693513,290.26289706904,2.81091951878514,1.88944528077927,2.30620259789164,16,22,22,15.9885060151858,20,20,4.64160915787399,5.98,5.87,1.83068963908885,4.09055471922073,3.56379740210836
7.90499623392092,173.033732346736,249.425533494606,216.496557413912,173.033732346736,249.425533494606,216.496557413912,2.9192578883718,2.03901799962783,2.35966448823384,16,20.0130933382956,20.0134204706463,16,20,20,4.64,6.71515546483064,6.32691329175136,1.7207421116282,4.67613746520281,3.96724880351751
7.90999623153883,166.054221624014,245.030184584353,219.875351307844,166.054221624014,245.030184584353,219.875351307844,2.60247870281208,2.05984907707823,2.27280459557351,14.0154918925755,20,20,12.030983785151,20,20,4.90790859450231,6.72,6.33,2.30542989169022,4.66015092292177,4.05719540442649
7.91499622915674,219.538444137511,307.461625749175,267.579561647267,219.538444137511,307.461625749175,267.579561647267,2.63965810676853,1.95094001853319,2.29973722602954,14,21.9829087539421,21.9824817353028,12,20,21.9824817353028,4.91,6.35316188052072,5.87402920088036,2.27034189323147,4.40222186198753,3.57429197485081
7.91999622677466,221.980909800062,327.809098000625,258.331135606293,221.980909800062,327.809098000625,258.331135606293,2.46171811799441,1.97971364700094,2.49337728787414,14,22,22,13.9809098000621,20,22,4.07801788397391,6.35,5.87,1.6162997659795,4.37028635299906,3.37662271212586
7.92499622439257,183.411238499468,289.411238499461,204.58363358619,183.411238499468,289.411238499461,204.58363358619,2.54905098807815,2.26694207269631,2.44064848176243,14,18.0421783076371,20.0216160587478,14,16.0421783076371,20.0216160587478,4.07,6.72599306077448,6.78994853268229,1.52094901192185,4.45905098807817,4.34930005091986
7.92999622201048,177.069264323098,249.453860827475,215.579220621383,177.069264323098,249.453860827475,215.579220621383,2.18427129992435,2.23045386082747,2.52684415466037,14,18,20,12.0230881076992,16,20,4.33688310546061,6.73,6.8,2.15261180553626,4.49954613917253,4.27315584533963
7.9349962196284,232.297562275754,278.629688082292,292.010016667266,232.297562275754,278.629688082292,292.010016667266,2.10100348246321,2.13123437305903,2.56948572294403,14,19.9753125388195,20,12,19.9506250776389,20,4.34,5.24851559588541,5.88195694155121,2.23899651753679,3.11728122282638,3.31247121860717
7.93999621724631,242.864569922694,299.719792641854,299.742200687507,242.864569922694,299.719792641854,299.742200687507,1.92243774139151,2.26813195094569,2.68558058321441,15.9729139845388,20,20,15.9458279690776,20,20,4.06379204216457,5.23,5.87,2.14135430077306,2.96186804905431,3.18441941678559
7.94499621486422,231.174509816049,186.649408714197,246.793855689526,231.174509816049,186.649408714197,246.793855689526,2.00869117637963,2.32913943893172,2.532352165006,16,20,20,16,18.0286853689426,18.0294020625751,4.06,6.33393619339216,5.87,2.05130882362037,4.00479675446044,3.337647834994
7.94999621248214,287.114108188158,188.938631354353,277.720501640423,287.114108188158,188.938631354353,277.720501640423,1.71466258848338,2.35953973515765,2.38581590163444,14.0310839232225,20,20,12.062167846445,18,18,4.86725559147877,6.35,5.87,3.15259300299539,3.99046026484235,3.48418409836556
7.95499621010005,285.049624315655,276.545594186646,306.531002007241,285.049624315655,276.545594186646,306.531002007241,1.76900751368689,2.36983658361648,2.30133999426502,14,18.0326832767046,20,12,19.9673167232954,19.9665001433744,4.88,5.98604640619035,5.41770496702389,3.11099248631311,3.61620982257387,3.11636497275887
7.95999620771796,244.711127810462,286.843929962371,303.615441348568,244.711127810462,286.843929962371,303.615441348568,1.53416269937831,2.28156070037629,2.3593819593102,15.9653108385141,18,20,13.9653108385141,20,19.9862657624488,4.05456944782409,5.98,5.41315887463677,2.52040674844578,3.69843929962371,3.05377691532657
7.96499620533588,228.293449475719,273.256768291256,249.002633351092,228.293449475719,273.256768291256,249.002633351092,1.59871615854373,2.47633188155348,2.27161137502854,16,16.0366811844652,20,14,16.0733623689304,18.0358083339676,4.04,5.97018340592233,5.86176408318746,2.44128384145627,3.49385152436884,3.59015270815892
7.96999620295379,287.820255780452,264.174060622558,250.20646070979,287.820255780452,264.174060622558,250.20646070979,1.31560862006015,2.41135380484212,2.18990168537629,12.0773602766917,16,20,12.0386801383458,16,18.009831462371,4.5793629619549,5.97,5.86773876365468,3.26375434189475,3.55864619515788,3.67783707827839
7.9749962005717,290.959320907773,282.169435138483,291.166066707889,290.959320907773,282.169435138483,291.166066707889,1.25122037276682,2.14995764121538,2.17039711109148,12,18,20,12,18,19.9602888908519,4.59,4.85,5.41913355510407,3.33877962723318,2.70004235878462,3.24873644401259
7.97999619818961,235.216324314064,321.747560681318,284.854668086134,235.216324314064,321.747560681318,284.854668086134,1.11298746322753,2.13977345189349,2.31981043663409,15.914643907785,18,19.9936812211363,15.914643907785,17.9935271969569,20,3.76792477936516,4.85239493712595,5.41145331913866,2.65493731613763,2.71262148523246,3.09164288250457
7.98499619580753,196.848862999782,243.988815377095,239.994147231065,196.848862999782,243.988815377095,239.994147231065,1.27620245500098,2.06993289226257,2.26129671377965,16,18,18.043223792655,16,16,20,3.75,5.59,5.86005852768935,2.47379754499902,3.52006710773743,3.5987618139097
7.98999619342544,291.712878260394,239.060634934387,246.074896114189,291.712878260394,239.060634934387,246.074896114189,1.04560111446434,2.04003712342922,2.06,14.0466759538695,18,18.0024160036835,14.0466759538695,16.0024748952811,20,4.82432822537176,5.589542144373,5.86943223913437,3.77872711090742,3.54950502094378,3.80943223913437
7.99499619104335,292.04867490775,288,306.539076397109,292.04867490775,288,306.539076397109,1.06926987638375,2.06996430439499,2.06,14,18,19.9528734321648,14,18,20,4.85,5.22,5.41107474344127,3.78073012361625,3.15003569560501,3.35107474344127
7.99999618866127,264.021859378219,288,302.004683193199,264.021859378219,288,302.004683193199,0.870156138415848,1.92011422593607,2.12994536274601,17.996877231683,18,20,17.996877231683,18,20,4.29043718756437,5.22,5.4,3.42028104914853,3.29988577406393,3.27005463725399
8.00499618627918,236.049307529052,269.033458680421,263.020586860301,236.049307529052,269.033458680421,263.020586860301,0.989788682018348,1.99985912134559,2.03255146715075,18,18,18.0510293430151,18,16.0035219663602,18.0510293430151,4.29,5.58934843622337,5.85800810439146,3.30021131798165,3.58948931487778,3.82545663724071
8.00999618389709,325.751558589084,265.011041840484,281.943411415494,325.751558589084,265.011041840484,281.943411415494,0.790552092024259,1.88033125521451,1.91033953150703,16.0055209202426,18,18,16.0055209202426,16,18,5.39693588926537,5.59,5.87,4.60638379724111,3.70966874478549,3.95966046849297
8.01499618151501,327.992480125878,302.864687763867,332.571764926923,327.992480125878,302.864687763867,332.571764926923,0.770075198741222,1.69067656118066,1.83219728472781,16,18,19.9450678818047,16,17.9928783033614,19.9450678818047,5.4,5.21135312236133,4.9655434349608,4.62992480125878,3.52067656118066,3.13334615023298
8.01999617913292,286.199895388082,328.881450041149,333.004674491413,286.199895388082,328.881450041149,333.004674491413,0.750095188280039,1.61036476910416,1.90962604068698,17.9904811719961,18,20,17.9904811719961,18,20,4.84266527184109,5.21,4.94,4.09257008356105,3.59963523089584,3.03037395931302
8.02499617675084,255.178525619205,304.138977268552,249.513126473192,255.178525619205,304.138977268552,249.513126473192,0.919020988539843,1.66966645455547,1.92941555198298,18,18,18.0584448017021,18,16.0111181814842,18.0584448017021,4.84,5.57794313642543,5.84282316720851,3.92097901146016,3.90827668186995,3.91340761522553
8.02999617436875,313.601256294926,284.131171353659,236.073946742528,313.601256294926,284.131171353659,236.073946742528,0.780946171503565,1.61039351406098,1.71147893485056,16.0135167357652,18,18,16.0135167357652,16,18,5.38628289766457,5.58,5.87,4.605336726161,3.96960648593902,4.15852106514943
8.03499617198666,303.085336293054,307.818606929037,323.194359040264,303.085336293054,307.818606929037,323.194359040264,0.908991480172996,1.55045348267741,1.72937652423117,16,18,19.937652423117,16,17.9848839107531,19.937652423117,5.39,5.21279647651068,4.96899162325061,4.481008519827,3.66234299383327,3.23961509901944
8.03999616960457,270.282454646094,316.922982305924,310.140341250627,270.282454646094,316.922982305924,310.140341250627,0.870342369267992,1.4508557521564,1.81921058046522,17.9828815366004,18,20,19.9657630732008,18,20,4.83479316975189,5.21,4.94,3.9644508004839,3.7591442478436,3.12078941953478
8.04499616722249,230.382279940164,290.258038959602,230.716264434592,230.382279940164,290.258038959602,230.716264434592,1.11761075037397,1.45990443001496,1.72331251760316,18,16.0191139970075,20,20,16.0191139970075,18.0662503520632,4.83,5.57646391055361,5.82952483805091,3.71238924962603,4.11655948053865,4.10621232044775
8.0499961648404,290.356054997878,287.031669426333,246.7944157214,290.356054997878,287.031669426333,246.7944157214,1.02105564754446,1.47978887049111,1.64086561801516,16.0211129508892,16,20,16.0422259017785,16,18,5.65123812538097,5.58,5.86,4.63018247783651,4.10021112950889,4.21913438198484
8.05499616245831,276.173339285772,305.784189989606,328.053568655888,276.173339285772,305.784189989606,328.053568655888,1.14849772618998,1.35147659480796,1.54350765636204,16,19.9545663136013,21.9298468727592,16,17.9772831568007,19.9298468727592,5.66,4.83851881619975,5.41613521926537,4.51150227381002,3.48704222139179,3.87262756290334
8.05999616007623,215.765881188841,318.839376821372,327.051476488859,215.765881188841,318.839376821372,327.051476488859,1.10062777146626,1.26111200662127,1.70781224922349,19.9497782826989,20,22,19.9497782826989,18,20,4.83054656063323,4.83,5.4,3.72991878916696,3.56888799337873,3.69218775077651
8.06499615769414,182.447311906771,265.721175727551,265.357765816416,182.447311906771,265.721175727551,265.357765816416,1.31701792062153,1.34879804045408,1.66184200454408,20,18.0267102121315,20.073680181763,20,18,20,4.82,5.925175832267,6.2957387154802,3.50298207937847,4.57637779181292,4.63389671093613
8.06999615531205,273.646442361849,251.200964162088,262.014713227103,273.646442361849,251.200964162088,262.014713227103,1.22145543832059,1.39928227084969,1.5023541163365,18.0291087664119,18,20,18.0291087664119,18,20,5.91384463464142,5.94,6.33,4.69238919632082,4.54071772915031,4.8276458836635
8.07499615292997,265.155538601464,317.955923923619,350.431845047197,265.155538601464,317.955923923619,350.431845047197,1.41688922797071,1.30153540599468,1.53844862828139,18,18,21.9224314140695,18,19.9692918801064,21.9224314140695,5.93,5.57568100218031,5.87822861769367,4.51311077202929,4.27414559618563,4.33977998941228
8.07999615054788,227.629026809303,333.754696946691,338.268193986055,227.629026809303,333.754696946691,338.268193986055,1.44950339988739,1.31967292926225,1.60882665131101,19.9668933258261,18,22,19.9668933258261,20,22,5.38910433539781,5.57,5.86,3.93960093551042,4.25032707073775,4.25117334868899
8.08499614816579,194.572763894646,305.503237400986,291.02056651012,194.572763894646,305.503237400986,291.02056651012,1.70548731476946,1.42809116847902,1.5995886697976,20,18,20,20,18.0347060276542,18,5.38,5.93357938488398,6.79,3.67451268523054,4.50548821640496,5.1904113302024
8.08999614578371,251.917203044712,297.146819926141,293.946252652842,251.917203044712,297.146819926141,293.946252652842,1.57256934870746,1.43981647509232,1.54107494694317,18.0367049815352,18,20,18.0367049815352,18,18,5.91990613007783,5.94,6.79,4.34733678137036,4.50018352490768,5.24892505305683
8.09499614340162,240.25157558021,324.458144904164,373.995095884217,240.25157558021,324.458144904164,373.995095884217,1.77593608678123,1.28309631483335,1.49063753505177,18,19.9612960645831,24,18,19.9612960645831,22,5.93,5.56735374772921,5.4,4.15406391321877,4.28425743289586,3.90936246494823
8.09999614101953,207.671597673404,348.890176521892,373.019867169976,207.671597673404,348.890176521892,373.019867169976,1.78979648555351,1.21995776020073,1.61741726790309,19.9592971107028,19.9915520401455,24,21.9185942214056,19.9915520401455,22,5.38139680900321,5.56316798494544,5.4,3.5916003234497,4.34321022474471,3.78258273209691
8.10499613863745,181.555123961317,322.983877485068,254.971670033736,181.555123961317,322.983877485068,254.971670033736,2.02487577881861,1.20983877485068,1.67940192293442,20,18,20,22,18,20,5.37,6.31,7.26,3.34512422118138,5.10016122514932,5.58059807706558
8.10999613625536,260.189617719131,318.115701354404,246.194611605567,260.189617719131,318.115701354404,246.194611605567,1.93223503985292,1.15973299687445,1.49410846722863,18.0447007970585,18.0044500520925,20,16.1341023911755,18.0044500520925,20,6.18144916922073,6.30833123046532,7.26,4.2492141293678,5.14859823359087,5.76589153277137
8.11499613387327,252.233498754701,370.014706589265,398.995214454243,252.233498754701,370.014706589265,398.995214454243,2.12533002490598,1.03995097803578,1.42,18,20,24,16,20,22,6.2,5.56,5.87,4.07466997509402,4.52004902196421,4.45
8.11999613149119,180.777502725923,381.986209597921,395.094299597279,180.777502725923,381.986209597921,395.094299597279,2.1007304805723,1.00002260721652,1.42,19.9513012951802,19.9995478556695,24,17.9513012951802,19.9995478556695,22,5.117027781175,5.56016955412392,5.87,3.0162973006027,4.5601469469074,4.45
8.1249961291091,152.02140804062,321.047177691313,274.09592008989,152.02140804062,321.047177691313,274.09592008989,2.35979384849773,1.09992265952244,1.55988901807781,20,18.0015468095513,20.0031709120625,18,18.0015468095513,20.0015854560312,5.09,6.30941994641828,7.25889810805829,2.73020615150227,5.20949728689584,5.69900908998048
8.12999612672701,216.884762688497,298.040776279447,241.842367468025,216.884762688497,298.040776279447,241.842367468025,2.16035457634309,1.20980498301134,1.5307657886073,16.0070915268617,18,20,18,18,20,5.64900718623936,6.31,7.26,3.48865260989628,5.10019501698866,5.72923421139271
8.13499612434493,215.005544717313,328.914056881666,335.730045621114,215.005544717313,328.914056881666,335.730045621114,2.28963959337468,1.14019406510592,1.43028416250409,16,21.9889105653763,25.9829502497546,18,21.9889105653763,23.9886334998364,5.65,5.56207926899195,5.87394985880685,3.36036040662532,4.42188520388603,4.44366569630276
8.13999612196284,186.109383232286,335.974990755375,333.0824330235,186.109383232286,335.974990755375,333.0824330235,2.2401885917798,1.14,1.58560357208001,17.9924563288078,22,26,18,22,24,5.09211222793381,5.56,5.87,2.851923636154,4.42,4.28439642791999
8.14499611958075,163.10974018835,275.278862252553,206.595209595261,163.10974018835,275.278862252553,206.595209595261,2.41914116374335,1.20967999413641,1.7592032627465,18,20.0091430246739,24.0093733794529,18,18.0182860493477,22.0093733794529,5.09,7.04318844661797,8.18908001293733,2.67085883625665,5.83350845248155,6.42987675019083
8.14999611719867,213.705689736668,261.077993849879,179.789318438841,213.705689736668,261.077993849879,179.789318438841,2.19132728157973,1.25972145053615,1.71146170081267,16.0115415789542,20,24,16.0115415789542,18,22,5.35844188684119,7.05,8.2,3.16711460526145,5.79027854946385,6.48853829918733
8.15499611481658,204.067702664176,358.356094310641,346.861848044682,204.067702664176,358.356094310641,346.861848044682,2.32905216270154,1.22026281864872,1.91858572833955,16,21.9868590675641,25.9865307460909,16,21.9737181351282,23.9865307460909,5.36,5.9373589221641,7.27626320306773,3.03094783729846,4.71709610351538,5.35767747472818
8.15999611243449,176.217552814027,366.939440454732,320.873191307627,176.217552814027,366.939440454732,320.873191307627,2.2803884871679,1.22,2.11376291923124,17.9844605132838,22,26,17.9844605132838,22,24,4.81427335884695,5.93,7.27,2.53388487167905,4.71,5.15623708076876
8.16499611005241,158.154280387027,285.702692448114,229.799300682164,158.154280387027,285.702692448114,229.799300682164,2.48820006215135,1.41828611598021,2.23894597712242,18,20.0171388401979,22.0351340959193,18,18.0342776803958,20.0351340959193,4.81,7.04040224948917,8.20174348745896,2.32179993784865,5.62211613350896,5.96279751033654
8.16999610767032,222.378021692458,267.172240146698,216.430778288641,222.378021692458,267.172240146698,216.430778288641,2.26220084631899,1.4992344882369,2.40436674545623,16.0191377940782,20,22,16.0191377940782,18,20,5.35473710662849,7.05,8.21,3.0925362603095,5.5507655117631,5.80563325454377
8.17499610528823,210.137388861735,342.196803577577,274.360887160698,210.137388861735,342.196803577577,274.360887160698,2.48756927398469,1.42084546991834,2.52870010947939,16,21.9788632520415,23.9783351579898,16,21.957726504083,23.9566703159796,5.36,5.94183657885676,6.3701483030695,2.87243072601531,4.52099110893842,3.84144819359012
8.17999610290615,188.254492720235,362.772593549751,259.561410864363,188.254492720235,362.772593549751,259.561410864363,2.44057839254599,1.42,2.76157883703455,16,22,24,17.9768642981605,22,24,4.80647799651507,5.93,6.35,2.36589960396908,4.51,3.58842116296545
8.18499610052406,194.912028704978,281.026504795801,110.932197704556,194.912028704978,281.026504795801,110.932197704556,2.52886894049258,1.52863957195737,2.83909830773787,16,18.049470110641,22.0257626360607,18,20.0247350553205,22.0257626360607,4.8,7.04602469374391,7.73196615475748,2.27113105950742,5.51738512178654,4.8928678470196
8.18999609814197,246.29452615036,259.280707096616,111.889444874351,246.29452615036,259.280707096616,111.889444874351,2.25379870534422,1.63852962949392,2.99410372663203,14.0271336096015,18,22,16.0271336096015,20,22,5.06633696270379,7.06,7.75,2.81253825735958,5.42147037050608,4.75589627336797
8.19499609575989,250.941734873036,325.037445736735,208.556908553962,250.941734873036,325.037445736735,208.556908553962,2.20072831408705,1.58086198889248,3.21676040695787,14,19.9712670369175,22,16,21.9712670369175,22,5.07,5.95609045932622,6.83369464331444,2.86927168591295,4.37522847043374,3.61693423635657
8.1999960933778,208.669327623301,340.769510622773,200.387959083676,208.669327623301,340.769510622773,200.387959083676,2.14093394552089,1.66861706373664,3.46991306382443,15.9688684826372,20,22,16,22,22,4.5187168248616,5.94,6.82,2.37778287934071,4.27138293626336,3.35008693617557
8.20499609099571,186.364435183682,256.407427446316,137.073556476418,186.364435183682,256.407427446316,137.073556476418,2.28751521465671,1.74869076516622,3.41117420239608,16,18.0327308708446,22,16,18.0654617416891,20.0335486398881,4.51,6.66788957778751,6.82983225680056,2.22248478534329,4.9191988126213,3.41865805440448
8.20999608861363,232.183686019269,256.965270175276,176.102658319564,232.183686019269,256.965270175276,176.102658319564,2.04434209564218,1.81878445613465,3.54075282767681,14.0347367651375,18,21.9863122240581,14.0347367651375,18,20,4.77531053670644,6.68,6.82678337265365,2.73096844106426,4.86121554386535,3.28603054497684
8.21499608623154,233.981635610697,313.934865420451,190.731089033174,233.981635610697,313.934865420451,190.731089033174,2.09889813664185,1.63348923396749,3.64802798624328,14,19.9632712213948,20.0358547955768,14,19.9632712213948,20,4.78,5.58056811601889,6.36842587696055,2.68110186335816,3.9470788820514,2.72039789071728
8.21999608384945,211.445368923599,338.535267210158,192.853224988585,211.445368923599,338.535267210158,192.853224988585,1.93329185726138,1.55154910929947,3.83951074996195,17.9225445350263,20,20,15.9612722675131,20,19.990214999239,4.23084376509632,5.56,6.35774944982497,2.29755190783494,4.00845089070052,2.51823869986302
8.22499608146737,202.183270088652,260.886273802409,163.596363561355,202.183270088652,260.886273802409,163.596363561355,1.96918546627266,1.77991575837215,3.74198787853785,18,18,20,16,16,18.039757570757,4.22,6.31,5.90914424127411,2.25081453372734,4.53008424162785,2.16715636273626
8.22999607908528,284.205523109576,234.195968871535,193.952957620594,284.205523109576,234.195968871535,193.952957620594,1.71555433323227,1.75980724373292,3.74990591524119,14.0854512804964,18.0064252089028,20,14.0427256402482,16.0128504178056,17.9937276827459,5.032268859297,6.30640188301444,5.89852600544528,3.31671452606473,4.54659463928152,2.14862009020409
8.23499607670319,287.955275405872,295.046475677736,179.324526906979,287.955275405872,295.046475677736,179.324526906979,1.70022362297064,1.7,3.72064905381396,14,20,20,14,20,16.0432702542639,5.05,5.19,5.44016850975201,3.34977637702936,3.49,1.71951945593806
8.23999607432111,237.214812248265,315.90533525551,186.969195953039,237.214812248265,315.90533525551,186.969195953039,1.59256979514056,1.70020632059697,3.82981043663408,15.9532764519898,19.9975726988592,19.9976304579261,15.9532764519898,19.9951453977185,16.0023695420739,4.22962389016428,5.19134715213313,5.42945500532299,2.63705409502372,3.49114083153616,1.59964456868891
8.24499607193902,208.682115026457,237.997644090067,161.613249382773,208.682115026457,237.997644090067,161.613249382773,1.72658942486771,1.86997215742807,3.67377384235553,16,18,18.0471730294441,16,16,17.9528269705559,4.21,6.3,4.98084979677214,2.48341057513229,4.43002784257193,1.30707595441661
8.24999606955693,272.947669234041,227.008638336417,200.967803046751,272.947669234041,227.008638336417,200.967803046751,1.48020127217677,1.74010208943038,3.58007244314481,14.0016101774141,18,18,14.0016101774141,16,18,4.75955720121111,6.3,4.97,3.27935592903435,4.55989791056962,1.38992755685519
8.25499606717485,278.989291318497,324.825091535494,195.153227413873,278.989291318497,324.825091535494,195.153227413873,1.48,1.65016063022251,3.50204303218497,14,18,16.0510758046243,14,17.9964304394999,16.0510758046243,4.76,5.18199895388007,4.97,3.28,3.53183832365757,1.46795696781503
8.25999606479276,257.061253658208,341.952667627754,214.94292358287,257.061253658208,341.952667627754,214.94292358287,1.24066822172591,1.59016705543146,3.48005707641713,17.9888629712349,18,16,15.9944314856174,18,16,4.20155918402712,5.18,4.97,2.96089096230121,3.58983294456854,1.48994292358287
8.26499606241067,237.075674682622,261.290356661736,234.450214201955,237.075674682622,261.290356661736,234.450214201955,1.27984865063476,1.74942645597682,3.20769700117263,18,18,14.0549785798045,16,16.0071693002898,14.0549785798045,4.2,5.54867367944639,4.05583993250811,2.92015134936524,3.79924722346957,0.848142931335484
8.26999606002859,308.655608802821,240.096251628311,279.788550038191,308.655608802821,240.096251628311,279.788550038191,1.05110013854655,1.66041250697847,3.08056386656482,16.0095664221439,18,14,16,16,14,5.02602993481029,5.55,4.03,3.97492979626375,3.88958749302153,0.949436133435176
8.2749960576465,294.086740320181,277.787850263141,243.111334002916,294.086740320181,277.787850263141,243.111334002916,1.17924825055843,1.59039080214685,2.87614158264769,16,18,15.9415087366886,16,17.9888342243758,15.9415087366886,5.03,5.18206566849047,3.12719843743979,3.85075174944157,3.59167486634362,0.251056854792093
8.27999605526441,287.047475154668,294.8880997992,260.871810367367,287.047475154668,294.8880997992,260.871810367367,1.04094950309336,1.59993417635247,2.81040480936621,17.9864356700948,18,16,17.9864356700948,18,16,4.75189900618673,5.18,3.1,3.71094950309336,3.58006582364753,0.28959519063379
8.28499605288233,255.249012540579,269.197127884029,209.653442020045,255.249012540579,269.197127884029,209.653442020045,1.27813240594566,1.66946927108146,2.44185486731353,18,18,14.0623940384923,18,16.0151636833869,16,4.75,5.54719471857343,3.99129874229356,3.47186759405434,3.87772544749197,1.54944387498003
8.28999605050024,318.450685854374,273.95709340683,250.621784048796,318.450685854374,273.95709340683,250.621784048796,1.05197409771084,1.61051487911804,2.18219892994886,16.0171660670508,18,14,16.0171660670508,16,16,5.29527933156103,5.55,4.02,4.24330523385018,3.93948512088196,1.83780107005114
8.29499604811815,312.067065569019,314.607187381476,340.91719816423,312.067065569019,314.607187381476,340.91719816423,1.15894611248685,1.33268262276065,1.9479556176407,16,18,15.9337031863275,16,19.961676817705,16,5.3,5.17364070231802,3.56557975121303,4.14105388751315,3.84095807955738,1.61762413357233
8.29999604573607,288.25392654035,341.714332642115,344.989155383179,288.25392654035,341.714332642115,344.989155383179,0.981904449052628,1.33989419727486,1.92021689233641,19.9576789099416,18,16,17.9788394549708,20,16,4.74592495260818,5.17,3.55,3.76402050355555,3.83010580272514,1.62978310766359
8.30499604335398,251.428450729826,298.500817830712,302.5443909547,251.428450729826,298.500817830712,302.5443909547,1.19745245511995,1.5278373775492,1.67877494860625,20,16.0227644468505,14.07019958885,18,16.0455288937011,16,4.74,5.90157715466531,3.9938540945645,3.54254754488005,4.37373977711611,2.31507914595825
8.30999604097189,319.132033378727,262.445659343029,313.832384320002,319.132033378727,262.445659343029,313.832384320002,1.00251584527905,1.53,1.24554421095377,16.050316905581,16,14,16.0251584527905,16,16,5.55955924209194,5.91,4.01,4.55704339681289,4.38,2.76445578904623
8.31499603858981,320,314.290918133805,384.30897718608,320,314.290918133805,384.30897718608,1.07891370373314,1.38200683547036,1.12442359914617,16,19.946484387457,17.8525466951277,16,17.9732421937285,17.9262733475638,5.57,4.80498437151205,3.5573257633225,4.49108629626686,3.42297753604168,2.43290216417633
8.31999603620772,265.801799915175,336.683675638322,374.191589043547,265.801799915175,336.683675638322,374.191589043547,1.00116625442207,1.42928108099619,0.972210642810155,19.9416872788963,20,18,19.9416872788963,18,18,4.74224567143177,4.79,3.54,3.7410794170097,3.36071891900381,2.56778935718984
8.32499603382563,239.405019087627,251.337873560459,325.940376188494,239.405019087627,251.337873560459,325.940376188494,1.16735179827321,1.43984622142983,0.873880752376987,20,18.0307557140335,18,20,18,16.0776150475397,4.73,5.89277680014122,4.87605754195987,3.56264820172679,4.45293057871139,4.00217678958289
8.32999603144355,322.590943596662,251.967245332085,318.100719094558,322.590943596662,251.967245332085,318.100719094558,1.02248657012354,1.45967245332085,0.722517977363948,18.0331542683138,18,18,16.0663085366277,18,16,5.82159938108582,5.91,4.93,4.79911281096228,4.45032754667915,4.20748202263605
8.33499602906146,315.156422551334,329.627231939131,421.013664545137,315.156422551334,329.627231939131,421.013664545137,1.09860957732148,1.3912163767628,0.470136645451373,18,18,20,16,19.9652463782058,20,5.84,5.53660318814089,4.46,4.74139042267852,4.14538681137809,3.98986335454863
8.33999602667937,255.120953558092,339.834613409462,422.964121973619,255.120953558092,339.834613409462,422.964121973619,1.1,1.28202139166213,0.489641219736186,21.9264948486497,18,20,21.8897422729745,20,20,5.02525231890519,5.53,4.46,3.92525231890519,4.24797860833787,3.97035878026381
8.34499602429728,219.678151767245,317.445642589904,346.770598406025,219.678151767245,317.445642589904,346.770598406025,1.34515605880539,1.49573733174875,0.579658338051526,22,16.0387515295569,18,22,16.0775030591137,18,5.01,5.89283096703198,5.85,3.66484394119461,4.39709363528324,5.27034166194847
8.3499960219152,321.860599619549,292.142806217147,300.934848836698,321.860599619549,292.142806217147,300.934848836698,1.26183377175467,1.4095379798857,0.511392328054657,18.0815009668743,16.0084003657145,18,18.0815009668743,16.016800731429,18,6.36188216642836,5.89529579519987,5.85,5.10004839467369,4.48575781531417,5.33860767194534
8.35499601953311,322.042749437318,326.070415530161,392.978128197427,322.042749437318,326.070415530161,392.978128197427,1.32850376969386,1.30012802823666,0.4,18,18,22,18,20,22,6.39,4.78,4.92,5.06149623030614,3.47987197176334,4.52
8.35999601715103,235.968929212733,347.810694308042,386.15152719774,235.968929212733,347.810694308042,386.15152719774,1.36910503217603,1.34,0.4,21.9105032176031,18,22,21.9105032176031,19.9955975420475,22,5.30483535711515,4.7824653764534,4.92,3.93573032493912,3.4424653764534,4.52
8.36499601476894,204.701210176203,261.987982479646,304.951900618979,204.701210176203,261.987982479646,304.951900618979,1.61415658186498,1.34001201752035,0.56996480533096,22,18,20,22,18,20,5.28,5.9,6.78,3.66584341813502,4.55998798247965,6.21003519466904
8.36999601238685,286.928282294209,252.013552431381,264.967523335099,286.928282294209,252.013552431381,264.967523335099,1.5809749259792,1.35000202275095,0.540707943903731,18.0974925979196,18.0004045501905,20,18.0974925979196,18.0004045501905,20,6.36294580407731,5.89992313546381,6.78,4.78197087809812,4.54992111271286,6.23929205609627
8.37499601000476,279.008172870208,318.946587476344,384.901128522732,279.008172870208,318.946587476344,384.901128522732,1.76984471546605,1.35999202798154,0.619934630428252,18,19.9984055963088,23.9967315214126,18,19.9984055963088,21.9983657607063,6.39,5.52030293670133,5.85075992127157,4.62015528453395,4.16031090871979,5.23082529084331
8.37999600762268,209.125767514979,316.005390036355,364.536539872004,209.125767514979,316.005390036355,364.536539872004,1.71010780072712,1.3400359335757,0.83437910610282,21.9928132848584,20,24,21.9928132848584,20,22,5.28199431345181,5.52,5.85,3.57188651272468,4.1799640664243,5.01562089389718
8.38499600524059,180.081088516062,285.086680827503,251.32385988395,180.081088516062,285.086680827503,251.32385988395,1.94932892262569,1.52946873041208,0.91977071866623,22,18.0055923114518,22.0057320333443,22,16.0111846229037,22,5.28,6.26790288320556,7.24598757665902,3.33067107737431,4.73843415279349,6.32621685799279
8.38999600285851,260.692553754048,276.032368959519,228.632520822005,260.692553754048,276.032368959519,228.632520822005,1.89022773795996,1.50010789653173,1.03669989136345,18.0151825306643,18,22,18.0151825306643,16,22,6.38578684774066,6.27,7.25,4.4955591097807,4.76989210346827,6.21330010863655
8.39499600047642,239.105492411352,335.724281435585,318.571291141792,239.105492411352,335.724281435585,318.571291141792,2.16865736931006,1.35068929641104,1.22910489359275,18,21.9816187623723,25.9811556545843,18,17.9908093811862,23.9905778272921,6.39,5.15514674653575,6.79216709972281,4.22134263068994,3.80445745012471,5.56306220613005
8.39999599809433,157.475156096889,359.865725127662,295.7021739294,157.475156096889,359.865725127662,295.7021739294,2.22965232480715,1.34005594786347,1.39502626800008,23.9652324807154,22,26,19.9884108269051,18,24,5.28643199106765,5.15,6.79,3.0567796662605,3.80994405213653,5.39497373199992
8.40499599571224,138.129087206264,279.534135326322,248.317673873531,138.129087206264,279.534135326322,248.317673873531,2.45843736539786,1.35986811473424,1.54898614721213,24,18.0263770531517,22.0270360743431,20,18,22.0135180371715,5.28,6.26261442511752,8.17060496416578,2.82156263460214,4.90274631038328,6.62161881695364
8.40999599333016,240.197265335907,272.053156181599,241.218460442539,240.197265335907,272.053156181599,241.218460442539,2.33101316025565,1.36992406259772,1.63719122288164,18.0467612425685,18,22,18.0155870808562,18,22,6.38134917012482,6.27,8.18,4.05033600986917,4.90007593740228,6.54280877711836
8.41499599094807,235.051569606629,348.338322277992,340.119208438894,235.051569606629,348.338322277992,340.119208438894,2.50845291180112,1.26094525388858,1.78867881265834,18,19.9828135656621,23.9823841687779,18,19.9828135656621,22,6.39,5.5264449128767,6.81215492354326,3.88154708819888,4.26549965898812,5.02347611088491
8.41999598856598,157.748230140509,361.875294976586,327.46424031134,157.748230140509,361.875294976586,327.46424031134,2.57932851141236,1.24019185388217,2.05104679399559,19.9808146117818,20,24,19.9808146117818,20,22,5.29064789046109,5.52,6.8,2.71131937904873,4.27980814611783,4.74895320600441
8.4249959861839,137.211843420992,308.571977236659,214.237676640542,137.211843420992,308.571977236659,214.237676640542,2.8174578789481,1.29936446973705,2.04021713625273,20,18.0211843420985,22.0217136252727,20,18.0211843420985,20.0217136252727,5.28,6.25216179342356,7.25500586618729,2.4625421210519,4.95279732368652,5.21478872993456
8.42999598380181,198.281317824636,303.05697062169,235.192437573972,198.281317824636,303.05697062169,235.192437573972,2.66185466367836,1.35931635253972,2.00140445639309,18.0231832959795,18,22,18.0231832959795,18,20,5.83350867712574,6.26,7.26,3.17165401344738,4.90068364746028,5.25859554360691
8.43499598141972,191.100728999442,353.368042438758,290.290185968612,191.100728999442,353.368042438758,290.290185968612,2.88710404126604,1.17235435169875,2.06909660032369,18,19.9752173505395,23.9741885806768,18,19.9752173505395,23.9483771613536,5.84,5.51929349354768,6.35187325288867,2.95289595873396,4.34693914184894,4.28277665256498
8.43999597903764,158.448489861735,375.705402363244,280.40562438275,158.448489861735,375.705402363244,280.40562438275,2.89986409398129,1.25879482784963,2.19520625729477,19.9728187962585,20,24,19.9728187962585,20,24,5.28761073704762,5.51,6.34,2.38774664306633,4.25120517215037,4.14479374270523
8.44499597665555,157.014590078811,307.992929224177,197.238984422199,157.014590078811,307.992929224177,197.238984422199,3.02810328975458,1.4176975554222,2.2689675129815,20,18.0287805572225,22.0294996291,20,18.0287805572225,20.0589992581999,5.28,6.24920729104156,7.70949775777552,2.25189671024542,4.83150973561936,5.44053024479402
8.44999597427346,238.706066872633,282.384743888794,184.465829670066,238.706066872633,282.384743888794,184.465829670066,2.77405328449537,1.35107728288862,2.26038819139172,16.0623582230056,18,22,16.0623582230056,18,20,5.82142574433673,6.26,7.73,3.04737245984136,4.90892271711138,5.46961180860828
8.45499597189138,239.016589032692,338.065813747941,294.11854430357,239.016589032692,338.065813747941,294.11854430357,2.83883876771157,1.33032778464985,2.35832012884247,16,21.9344430700309,22,16,19.9672215350155,21.9664025768495,5.83,5.5222919243692,6.36335020908962,2.99116123228843,4.19196413971935,4.00503008024715
8.45999596950929,172.182668538839,346.860890324541,286.270189683239,172.182668538839,346.860890324541,286.270189683239,2.73191314028342,1.2906955483773,2.53,17.9652156312106,22,21.986358685668,17.9652156312106,20,21.986358685668,4.7393053246781,5.51,6.34320570886802,2.00739218439469,4.2193044516227,3.81320570886802
8.46499596712721,162.165493677353,293.011350250491,181.920717259454,162.165493677353,293.011350250491,181.920717259454,2.83797729949902,1.33908059068137,2.53,18,18.0735527454903,20.035901257186,18,18.0367763727451,20.035901257186,4.72,6.60940523126273,6.80156320456128,1.88202270050098,5.27032464058136,4.27156320456128
8.46999596474512,228.681638894687,291.019387663313,201.258071287522,228.681638894687,291.019387663313,201.258071287522,2.54581629899403,1.34,2.46995130730424,14.0775506532537,18,20.0097385391518,16.0387753266268,18,20.0097385391518,5.25933678517762,6.63,6.80547157929442,2.71352048618359,5.29,4.33552027199018
8.47499596236303,231.959225719493,370.087953970768,252.945193142294,231.959225719493,370.087953970768,252.945193142294,2.62816515737718,1.13008376568645,2.46019902016183,14,22,21.9601959676337,16,20,21.9601959676337,5.27,5.51,5.89850887505031,2.64183484262282,4.37991623431355,3.43830985488848
8.47999595998094,184.04794424251,390.70662972091,253.735401135091,184.04794424251,390.70662972091,253.735401135091,2.52235252789135,1.1506696495501,2.6598754828871,17.9144535312237,21.9936223852372,21.9937741443551,17.9572267656118,20,21.9937741443551,4.45775089227109,5.51357146426718,5.88289502287488,1.93539836437974,4.36290181471708,3.22301953998778
8.48499595759886,189.84329734106,298.921184104115,170.840960424608,189.84329734106,298.921184104115,170.840960424608,2.52977613905866,1.35997810669559,2.62086633431746,18,20,20.0433167158731,18,20,20.0433167158731,4.44,6.63,6.789857727119,1.91022386094134,5.27002189330441,4.16899139280153
8.48999595521677,281.801756318942,263.093998426531,170.082469356497,281.801756318942,263.093998426531,170.082469356497,2.22724952703328,1.34996430439499,2.71008130781626,16.0467711421502,20,20.0023230804647,16.0467711421502,20,20,5.24082383171843,6.62955975420485,6.80891976758391,3.01357430468515,5.27959544980987,4.09883845976765
8.49499595283469,289.853689711911,342.002855648404,239.323708067607,289.853689711911,342.002855648404,239.323708067607,2.21024385048015,1.3200019037656,2.77834731781313,16,20,21.9527805089467,16,20,20,5.26,6.26,5.9019570633398,3.04975614951985,4.9399980962344,3.12360974552666
8.4999959504526,290,356.987863494291,234.005805208237,290,356.987863494291,234.005805208237,2.21,1.32999190899619,2.97983413690751,16,20,22,16,20,20,5.26,6.26,5.88,3.05,4.93000809100381,2.90016586309249
8.50499594807051,290,329.050640164961,162.865962717524,290,329.050640164961,162.865962717524,2.21,1.46974679917519,2.83383416996752,16,18.0036171546401,20.0511222662335,16,18.0036171546401,18.0511222662335,5.26,6.26,6.33798626743512,3.05,4.79025320082481,3.50415209746761
8.50999594568842,290,322.019656379826,200.88487150049,290,322.019656379826,200.88487150049,2.21,1.55974727511652,2.87985608937561,16,18,20,16,18,18,5.26,6.26,6.35,3.05,4.70025272488348,3.47014391062439
8.51499594330634,290,315.025259163793,245.734424047484,290,315.025259163793,245.734424047484,2.21,1.39061343683498,2.82165075124241,16,19.992783096059,20,16,19.992783096059,18,5.26,5.51270633897786,5.44558664425739,3.05,4.12209290214288,2.62393589301497
8.51999594092425,290,338.889427009394,257.948043868656,290,338.889427009394,257.948043868656,2.21,1.39,3.01905534306647,16,20,20,16,20,18,5.26,5.51,5.42,3.05,4.12,2.40094465693353
8.52499593854216,290,281.32518772318,181.312240134391,290,281.32518772318,181.312240134391,2.21,1.44966359890705,2.8743903293691,16,20,18.0585377249213,16,18.0112133697648,18,5.26,6.25579498633819,5.42,3.05,4.80613138743113,2.5456096706309
8.52999593616008,290,263.118910912813,200.851033283169,290,263.118910912813,200.851033283169,2.21,1.56920726058125,2.77067712144014,16,20,18,16,18,18,5.26,6.26,5.42,3.05,4.69079273941875,2.64932287855986
8.53499593377799,290,292.771830837097,226.18827349868,290,292.771830837097,226.18827349868,2.21,1.50053239471344,2.70218541750355,16,21.9847887224731,18,16,19.9847887224731,19.9375594998985,5.26,5.8828901427301,4.96467351752385,3.05,4.38235774801666,2.2624881000203
8.5399959313959,290,298.948369305776,226.008820111427,290,298.948369305776,226.008820111427,2.21,1.56939764190072,2.74955899442867,16,22,18,16,20,20,5.26,5.88,4.95,3.05,4.31060235809927,2.20044100557133
8.54499592901382,290,264.336160742531,184.426380418557,290,264.336160742531,184.426380418557,2.21,1.69875140295631,2.62431231289331,16,18.0384183705749,18,16,20,18.0663432752817,5.26,6.6227965555172,5.4044093303088,3.05,4.92404515256088,2.78009701741549
8.54999592663173,290,263.010604069584,203.771750822509,290,263.010604069584,203.771750822509,2.21,1.72968187791247,2.6694565495774,16,18,18,16,20,18,5.26,6.63,5.42,3.05,4.90031812208753,2.7505434504226
8.55499592424964,290,322.315638484948,245.489709915126,290,322.315638484948,245.489709915126,2.21,1.55205308454515,2.52526845378444,16,21.9543758989966,18,16,20,18,5.26,5.88855451893814,4.96650782185792,3.05,4.33650143439299,2.44123936807348
8.55999592186756,290,351.640306525308,266.741641890456,290,351.640306525308,266.741641890456,2.21,1.50062016116326,2.62857903039751,16,22,18,16,20,18,5.26,5.88,4.95,3.05,4.37937983883674,2.32142096960249
8.56499591948547,290,299.710343110904,234.254143092858,290,299.710343110904,234.254143092858,2.21,1.67758751396297,2.5047952530021,16,18.053610800823,16.0737731231093,16,18.0268054004115,16.0737731231093,5.26,6.61994797484569,4.95,3.05,4.94236046088273,2.4452047469979
8.56999591710338,290,278.302445720071,257.63094974086,290,278.302445720071,257.63094974086,2.21,1.64057608708585,2.24383812269506,16,18,16,16,18,16,5.26,6.63,4.95,3.05,4.98942391291415,2.70616187730494
8.5749959147213,290,336.091302408882,295.485600571595,290,336.091302408882,295.485600571595,2.21,1.63015401654087,2.14388307545745,16,21.938393383653,17.922338490851,16,19.9691966918265,16,5.26,5.52724985257716,4.04650090930002,3.05,3.89709583603629,1.90261783384257
8.57999591233921,290,351.753983034591,296.016810907391,290,351.753983034591,296.016810907391,2.21,1.61032802262055,2.15966378185218,16,22,18,16,20,16,5.26,5.51,4.01,3.05,3.89967197737945,1.85033621814782
8.58499590995712,290,274.374648029426,214.020427125291,290,274.374648029426,214.020427125291,2.21,1.65912996960163,2.09884246290017,16,20.0348012159348,16,16,20,18,5.26,6.61051131907649,4.47,3.05,4.95138134947486,2.37115753709983
8.58999590757504,290,273,216.946113268014,290,273,216.946113268014,2.21,1.66,1.93305358147921,16,20,16,16,20,18,5.26,6.63,4.47,3.05,4.97,2.53694641852079
8.59499590519295,290,350.467434613975,268.034003579215,290,350.467434613975,268.034003579215,2.21,1.55213395180333,1.77019430616694,16,20,20,16,20,18,5.26,6.2573718335024,4.47,3.05,4.70523788169907,2.69980569383306
8.59999590281086,290,364.866355654807,274.860604578902,290,364.866355654807,274.860604578902,2.21,1.53070998558384,1.80920345473658,16,19.9916472284255,20,16,19.9916472284255,18,5.26,6.25,4.47,3.05,4.71929001441616,2.66079654526342
8.60499590042878,290,332.923754187686,268.024810499361,290,332.923754187686,268.024810499361,2.21,1.70006353817693,1.64947277688858,16,18,18,16,18,18,5.26,6.25,5.4,3.05,4.54993646182307,3.75052722311142
8.60999589804669,290,309.006532295719,275.826640213289,290,309.006532295719,275.826640213289,2.21,1.7198258054475,1.48368389546761,16,18.0043548638125,18,16,18.0043548638125,18,5.26,6.24838870038936,5.4,3.05,4.52856289494187,3.91631610453239
8.6149958956646,290,312.022381144343,357.98965067653,290,312.022381144343,357.98965067653,2.21,1.64,1.4101379909796,16,20,20,16,20,18,5.26,5.51,4.93,3.05,3.87,3.51986200902039
8.61999589328252,290,330.98982675256,349.212592248361,290,330.98982675256,349.212592248361,2.21,1.64001249346177,1.52716543668852,16,20,20,16,19.9996430439495,18,5.26,5.51013207373869,4.93,3.05,3.87011958027692,3.40283456331148
8.62499589090043,290,274.04679693819,291.048807654128,290,274.04679693819,291.048807654128,2.21,1.70994253007591,1.35015147203005,16,20,18.0016830225561,16,18.0016419978312,16.0016830225561,5.26,6.24939246080245,5.38961290481209,3.05,4.53944993072654,4.03946143278203
8.62999588851834,290,264.01820475855,306.590836023695,290,264.01820475855,306.590836023695,2.21,1.8098179524145,1.31102290994076,16,20,18,16,18,16,5.26,6.25,5.39,3.05,4.44018204758551,4.07897709005924
8.63499588613626,290,303.887201888164,351.869931626349,290,303.887201888164,351.869931626349,2.21,1.58064858914306,1.23023123266427,16,21.9943600944082,19.9942191833933,16,19.9943600944082,19.9884383667866,5.26,5.88104338253448,4.46268807972212,3.05,4.30039479339143,3.23245684705785
8.63999588375417,290,327.913111530801,348.110096544437,290,327.913111530801,348.110096544437,2.21,1.58,1.23972475863891,16,22,20,16,20,20,5.26,5.88,4.46,3.05,4.3,3.22027524136109
8.64499588137208,290,296.147811407261,258.426193468326,290,296.147811407261,258.426193468326,2.21,1.80893760551031,1.28976322585093,16,18.0184764259076,18.0094709659628,16,18.0092382129538,18.0094709659628,5.26,6.61658186120709,5.84341767865586,3.05,4.80764425569678,4.55365445280493
8.64999587899,290,270.146083168853,234.702731468711,290,270.146083168853,234.702731468711,2.21,1.82988762833165,1.21234243822904,16,18,18,16,18,18,5.26,6.62,5.85,3.05,4.79011237166835,4.63765756177096
8.65499587660791,290,320.662478921746,336.301308747649,290,320.662478921746,336.301308747649,2.21,1.72072798663937,1.14047483871519,16,19.9867638792842,21.972866359132,16,19.9867638792842,19.986433179566,5.26,5.50741222760087,4.92630857150181,3.05,3.7866842409615,3.78583373278662
8.65999587422582,290,342.832414179435,331.187391192718,290,342.832414179435,331.187391192718,2.21,1.76961912313508,1.16906304403641,16,20,22,16,20,20,5.26,5.5,4.92,3.05,3.73038087686492,3.75093695596359
8.66499587184374,290,259.72382919607,251.706584579383,290,259.72382919607,251.706584579383,2.21,1.81956914928805,1.23938173849304,16,18.0172340284779,18.0353292289691,16,20,18.0176646144846,5.26,6.2435372393208,6.3076347698608,3.05,4.42396809003275,5.06825303136776
8.66999586946165,290,257.019232982357,232.63048180782,290,257.019232982357,232.63048180782,2.21,1.8992306807057,1.14331832530432,16,18,18,16,20,18,5.26,6.25,6.32,3.05,4.3507693192943,5.17668167469568
8.67499586707956,290,301.522281434635,335.857473551906,290,301.522281434635,335.857473551906,2.21,1.89010615968119,1.13010881204268,16,19.9787680637615,21.9564751829297,16,20,21.9564751829297,5.26,5.88392790820411,4.93523368597459,3.05,3.99382174852292,3.80512487393192
8.67999586469748,290,311.885820738363,331.210807843792,290,311.885820738363,331.210807843792,2.21,1.77137015113964,1.25543249671785,16,20,22,16,20,22,5.26,5.88,4.92,3.05,4.10862984886036,3.66456750328215
8.68499586231539,290,295.211057070604,216.499891749968,290,295.211057070604,216.499891749968,2.21,1.97739282442195,1.34883629088365,16,18.0248302436005,20.0258602025857,16,18.0248302436005,20.0258602025857,5.26,6.24540640493391,6.75595001159534,3.05,4.26801358051196,5.40711372071169
8.6899958599333,290,274.281706573555,200.553472688344,290,274.281706573555,200.553472688344,2.21,1.89120731388667,1.32110694537669,16,18,20,16,18,20,5.26,6.25,6.78,3.05,4.35879268611333,5.45889305462331
8.69499585755122,290,309.481093275475,338.916836928449,290,309.481093275475,338.916836928449,2.21,1.77172968908175,1.32985225793819,16,21.942343697275,21.9704515876376,16,19.9711718486375,21.9704515876376,5.26,5.51081055676093,5.86374001174852,3.05,3.73908086767918,4.53388775381034
8.69999585516913,290,336.583834079213,330.427266069745,290,336.583834079213,330.427266069745,2.21,1.76015413552622,1.46456206820325,16,22,22,16,20,22,5.26,5.5,5.85,3.05,3.73984586447378,4.38543793179675
8.70499585278704,290,285.853477537237,230.699133423856,290,285.853477537237,230.699133423856,2.21,1.81901521822627,1.46016823103206,16,18.065652118249,20.033646206413,16,18.0328260591245,18.067292412826,5.26,6.60161740689028,6.76435451401796,3.05,4.78260218866401,5.3041862829859
8.70999585040496,290,275.174125065021,221.448630139873,290,275.174125065021,221.448630139873,2.21,1.81017412506502,1.59101961395426,16,18,20.0135948527234,16,18,18.0135948527234,5.26,6.62,6.77055157735721,3.05,4.80982587493498,5.17953196340295
8.71499584802287,290,346.655925208694,285.813725279756,290,346.655925208694,285.813725279756,2.21,1.7314729586754,1.73730392109035,16,19.9631760331149,21.9640522812047,16,19.9631760331149,19.9640522812047,5.26,5.52062142145566,5.41498366456272,3.05,3.78914846278025,3.67767974347237
8.71999584564078,290,283.281156385305,271.534780277958,290,283.281156385305,271.534780277958,2.21,1.671164687623,1.92985461883686,16,20,21.9903079224575,16,20,20.0096920775425,5.26,5.5,5.39450681605728,3.05,3.828835312377,3.46465219722042
8.7249958432587,290,275.212388849866,177.912823710824,290,275.212388849866,177.912823710824,2.21,1.74995835512748,1.90059775740963,16,20,20.0398504939755,16,18,21.9601495060245,5.26,6.24,6.3014695203014,3.05,4.49004164487252,4.40087176289176
8.72999584087661,290,326.075960247474,196.259534549498,290,326.075960247474,196.259534549498,2.21,1.73943029814394,1.81006179394036,16,20,20.0061793940357,16,18.0063300206228,21.9938206059643,5.26,6.23882894618477,6.32,3.05,4.49939864804083,4.50993820605964
8.73499583849452,290,349.928537398748,278.178746545741,290,349.928537398748,278.178746545741,2.21,1.56012993200228,1.82956636822518,16,20,21.9566368225176,16,20,20.0433631774824,5.26,5.87,6.32,3.05,4.30987006799772,4.49043363177482
8.73999583611243,290,316.988339435696,265.96471240774,290,316.988339435696,265.96471240774,2.21,1.62017490846456,2.04994308452861,16,19.9976678871392,21.9977233811445,16,19.9976678871392,19.9977233811445,5.26,5.87043144087925,6.32,3.05,4.25025653241469,4.27005691547139
8.74499583373035,290,307.00649660012,235.73262226627,290,307.00649660012,235.73262226627,2.21,1.76999333682039,2.00118164881656,16,18,20.0472659526626,16,18,18.0472659526626,5.26,6.24,6.32,3.05,4.47000666317961,4.31881835118344
8.74999583134826,290,345.967516999427,242.993170343251,290,345.967516999427,242.993170343251,2.21,1.73003331589802,2.11989755514876,16,18,20,16,18,18,5.26,6.24,6.32,3.05,4.50996668410198,4.20010244485124
8.75499582896617,290,385.926705024384,247.872078180391,290,385.926705024384,247.872078180391,2.21,1.44053138857321,2.13948831272157,16,21.9926705024384,20,16,19.9963352512192,19.9488312721565,5.26,5.50135595704889,5.41379345844721,3.05,4.06082456847568,3.27430514572564
8.75999582658409,290,324.175574782516,253.982584375286,290,324.175574782516,253.982584375286,2.21,1.39014159256654,2.28956460938215,16,22,20,16,20,20,5.26,5.5,5.39,3.05,4.10985840743345,3.10043539061785
8.764995824202,290,295.105335360097,196.624609339198,290,295.105335360097,196.624609339198,2.21,1.40992735492407,2.28027535751512,16,20.0072645075929,18.0550715030237,16,18.0072645075929,18.0550715030237,5.26,6.615931875748,5.84705819678944,3.05,5.20600452082392,3.56678283927432
8.76999582181991,290,358.703615679238,211.919289417983,290,358.703615679238,211.919289417983,2.21,1.48962951959905,2.18047476812951,16,20,18,16,18,18,5.26,6.62,5.86,3.05,5.13037048040095,3.67952523187049
8.77499581943783,290,374.909912288761,268.301058590614,290,374.909912288761,268.301058590614,2.21,1.38061935301476,2.23824247440408,16,21.9887390360952,19.9414158134695,16,19.9887390360952,18,5.26,5.8742228614643,4.9572416467367,3.05,4.49360350844954,2.71899917233262
8.77999581705574,290,324.338127903538,266.02718242413,290,324.338127903538,266.02718242413,2.21,1.3104640971225,2.36911657121576,16,22,20,16,20,18,5.26,5.87,4.93,3.05,4.5595359028775,2.56088342878424
8.78499581467366,290,313.083923794168,186.56196543014,290,313.083923794168,186.56196543014,2.21,1.35961852820833,2.30218704365988,16,20.0152588716668,18.0624869617107,16,18.0152588716668,18,5.26,6.61427792312494,5.37562799880653,3.05,5.25465939491661,3.07344095514665
8.78999581229157,290,351.663472401817,192.920399472479,290,351.663472401817,192.920399472479,2.21,1.36991371087226,2.30991155496942,16,20,18,16,18,18,5.26,6.62,5.39,3.05,5.25008628912774,3.08008844503058
8.79499580990948,290,360.913344492576,235.539425788399,290,360.913344492576,235.539425788399,2.21,1.32048141948569,2.24232364079118,16,21.9807432205726,19.9336102631091,16,19.9807432205726,19.9336102631091,5.26,5.87722129228529,4.93560158816937,3.05,4.55673987279961,2.69327794737819
8.7999958075274,290,302.627044132599,246.891065999168,290,302.627044132599,246.891065999168,2.21,1.33978744266692,2.32901959399251,16,22,20,16,20,20,5.26,5.87,4.92,3.05,4.53021255733309,2.59098040600749
8.80499580514531,290,289.148587751994,218.054387681027,290,289.148587751994,218.054387681027,2.21,1.41908561383388,2.24316316304308,16,20.0228596541529,18.0702925120685,16,18.0228596541529,18.0702925120685,5.26,6.61142762969266,5.81731398188816,3.05,5.19234201585877,3.57415081884508
8.80999580276322,290,332.45321110525,234.767038652048,290,332.45321110525,234.767038652048,2.21,1.46937864898324,2.06232961347952,16,20,18,16,18,18,5.26,6.62,5.85,3.05,5.15062135101676,3.78767038652048
8.81499580038114,290,337.932867513621,322.641208482898,290,337.932867513621,322.641208482898,2.21,1.47,1.94442917562695,16,21.9731470054485,19.9261804062175,16,21.9462940108971,19.9261804062175,5.26,5.8800698729568,4.95432611110884,3.05,4.4100698729568,3.00989693548189
8.81999579799905,290,286.750150659244,332.896495186022,290,286.750150659244,332.896495186022,2.21,1.42072129871081,2.09763417568051,16,22,20,16,22,20,5.26,5.87,4.92,3.05,4.44927870128919,2.82236582431949
8.82499579561696,290,270.246807218508,252.263734771845,290,270.246807218508,252.263734771845,2.21,1.50861170939589,1.8885478767834,16,20.0308509023135,18.0777079707582,16,18.061701804627,16.1554159415165,5.26,6.97272349470445,5.81386579359742,3.05,5.46411178530856,3.92531791681402
8.82999579323488,290,330.981654457971,274.562282225425,290,330.981654457971,274.562282225425,2.21,1.6181932579093,1.71286200083376,16,20,18,16,18,16,5.26,6.99,5.85,3.05,5.3718067420907,4.13713799916624
8.83499579085279,290,348.70378511437,365.19248849583,290,348.70378511437,365.19248849583,2.21,1.51191668455408,1.65,16,21.9651511899259,20,16,21.9303023798518,20,5.26,5.8895153336415,4.45,3.05,4.37759864908742,2.8
8.8399957884707,290,263.602877732046,249.140271501194,290,263.602877732046,249.140271501194,2.21,1.5885260894418,1.65,16,22,20,16,22,20,5.26,5.87,4.45,3.05,4.2814739105582,2.8
8.84499578608861,290,238.466160614042,240.502780030372,290,238.466160614042,240.502780030372,2.21,1.78611532821632,1.58961324613048,16,20.0388467178368,20,16,18.0776934356736,18,5.26,6.96824583801139,5.84,3.05,5.18213050979507,4.25038675386952
8.84999578370653,290,315.058136242042,341.926566311434,290,315.058136242042,341.926566311434,2.21,1.79983389645131,1.5115949489912,16,20.0083051774346,20,16,18.0166103548691,18,5.26,6.98534910063664,5.84,3.05,5.18551520418533,4.3284050510088
8.85499578132444,290,329,345.818393184684,290,329,345.818393184684,2.21,1.76015765558882,1.37052327387464,16,22,22,16,22,18,5.26,5.87,5.38,3.05,4.10984234441118,4.00947672612536
8.85999577894236,290,328.821248308589,288.279899044466,290,328.821248308589,288.279899044466,2.21,1.81027997252872,1.53631215529561,16,21.9956927303274,22,16,21.9913854606549,18,5.26,5.87241207101663,5.38,3.05,4.06213209848791,3.84368784470439
8.86499577656027,290,246,280.064221559449,290,246,280.064221559449,2.21,1.94003462473686,1.46978592813517,16,20,20,16,18,18,5.26,6.99,5.84,3.05,5.04996537526314,4.37021407186483
8.86999577417818,290,246.017788309856,335.652258271185,290,246.017788309856,335.652258271185,2.21,1.96996906380895,1.28449247242938,16,20,20,16,18.0003093619105,18,5.26,6.9898267573301,5.84,3.05,5.01985769352115,4.55550752757062
8.87499577179609,290,360.902848461657,322.012988543639,290,360.902848461657,322.012988543639,2.21,1.77016895919712,1.32995670485454,16,20,21.9982681941814,16,19.9983104080288,18,5.26,5.87094617150386,5.38039831533828,3.05,4.10077721230674,4.05044161048374
8.87999576941401,290,361,279.126223090258,290,361,279.126223090258,2.21,1.78996311454149,1.31051191958648,16,20,22,16,20,18,5.26,5.87,5.38,3.05,4.08003688545851,4.06948808041352
8.88499576703192,290,257.295749986053,266.034977599215,290,257.295749986053,266.034977599215,2.21,1.94954500002146,1.36982511200393,16,18.0056874997318,20.0058295998692,16,18.0056874997318,18,5.26,6.23894781254962,5.83865919203009,3.05,4.28940281252816,4.46883408002617
8.88999576464983,290,257,303.925652690348,290,257,303.925652690348,2.21,1.95996355845291,1.31165284201485,16,18,20,16,18,18,5.26,6.24,5.84,3.05,4.28003644154709,4.52834715798515
8.89499576226775,290,287.856069990046,299.028559277653,290,287.856069990046,299.028559277653,2.21,1.96,1.28014279638827,16,19.9907141929062,23.9809604815646,16,19.9907141929062,19.9904802407823,5.26,5.5034357486247,5.38218954462008,3.05,3.5434357486247,4.10204674823181
8.89999575988566,290,303.909721912202,255.318666890041,290,303.909721912202,255.318666890041,2.21,1.97988715239025,1.37706962913324,16,20,24,16,20,20,5.26,5.5,5.38,3.05,3.52011284760975,4.00293037086676
8.90499575750357,290,252.345376586251,257.972768792607,290,252.345376586251,257.972768792607,2.21,2.04953506998005,1.38,16,18.0132837148558,20.0272312073929,16,16.0265674297116,18.0136156036965,5.26,6.23508502550335,6.76053715543096,3.05,4.1855499555233,5.38053715543096
8.90999575512149,290,248.030565337474,371.343153737851,290,248.030565337474,371.343153737851,2.21,2.01030565337474,1.31218785673804,16,18,20,16,16,18,5.26,6.24,6.77,3.05,4.22969434662526,5.45781214326196
8.9149957527394,290,304.507473755392,375,290,304.507473755392,375,2.21,1.99017281622618,1.29017713397747,16,19.9827183773822,21.982286602253,16,17.9827183773822,19.982286602253,5.26,5.12967770866598,5.39231081143418,3.05,3.13950489243981,4.10213367745671
8.91999575035731,290,312.92287769401,270.586300255561,290,312.92287769401,270.586300255561,2.21,1.85134964035482,1.35767554613066,16,20,22,16,18,20,5.26,5.12,5.38,3.05,3.26865035964518,4.02232445386934
8.92499574797523,290,245.723504032867,276.890944041012,290,245.723504032867,276.890944041012,2.21,1.94893602348108,1.26109055958988,16,18.0212795303784,20.0218111917976,16,16.0212795303784,18.0218111917976,5.26,5.85212657375998,6.29985779581412,3.05,3.9031905502789,5.03876723622424
8.92999574559314,290,233.137300735871,352.257686027949,290,233.137300735871,352.257686027949,2.21,1.91045766911957,1.2310547361431,16,18,20,16,16,18,5.26,5.86,6.31,3.05,3.94954233088043,5.0789452638569
8.93499574321105,290,286.328298381008,344.142499422165,290,286.328298381008,344.142499422165,2.21,1.88037316756611,1.23987045507076,16,19.9751221622596,23.9481820283038,16,19.9502443245191,19.9740910141519,5.26,5.12920479996396,5.39204767841937,3.05,3.24883163239785,4.15217722334861
8.93999574082897,290,298.838739250271,257.322927310356,290,298.838739250271,257.322927310356,2.21,1.82080630374864,1.35556943025286,16,20,24,16,20,20,5.26,5.12,5.38,3.05,3.29919369625136,4.02443056974714
8.94499573844688,290,256.620828528303,241.192381771562,290,256.620828528303,241.192381771562,2.21,1.90870059145239,1.41911208413125,16,18.0288757455025,20.0591943912497,16,18.0288757455025,20,5.26,6.21397396124614,6.74942994904071,3.05,4.30527336979375,5.33031786490946
8.94999573606479,290,260.922813251541,346.724783914044,290,260.922813251541,346.724783914044,2.21,1.81154373496917,1.33349790407033,16,18,20,16,18,20,5.26,6.23,6.77,3.05,4.41845626503083,5.43650209592967
8.95499573368271,290,354.438501469938,331.336949896754,290,354.438501469938,331.336949896754,2.21,1.67230115572851,1.36932610020649,16,19.9671263467355,23.9326100206491,16,18,21.9663050103246,5.26,5.50216325170786,5.85566817019908,3.05,3.82986209597934,4.48634206999259
8.95999573130062,290,377.616401321415,231.020322586671,290,377.616401321415,231.020322586671,2.21,1.74860509571424,1.55993225804443,16,20,23.9729032177716,16,18,22,5.26,5.49,5.84948387377994,3.05,3.74139490428576,4.28955161573551
8.96499572891853,290,316.16145417229,233.946008729393,290,316.16145417229,233.946008729393,2.21,1.81870949536412,1.55017997090202,16,18.0368715610251,20.0719883608091,16,16.0368715610251,22,5.26,5.85317876121036,7.21480407371683,3.05,4.03446926584624,5.66462410281481
8.96999572653645,290,301.272093604348,336.908366648634,290,301.272093604348,336.908366648634,2.21,1.75136046802174,1.56067519311533,16,18,20.0192912318666,16,16,22,5.26,5.86,7.23551478859101,3.05,4.10863953197826,5.67483959547568
8.97499572415436,290,337.078673113464,318.379021078055,290,337.078673113464,318.379021078055,2.21,1.60942030337448,1.69720721310907,16,20,23.9202060888305,16,20,22,5.26,5.11,6.3285520843469,3.05,3.50057969662552,4.63134487123783
8.97999572177227,290,355.842939337928,244.049063459411,290,355.842939337928,244.049063459411,2.21,1.4697801150731,1.86003066466213,16,19.9937175735171,23.9877341351471,16,19.9937175735171,21.9938670675736,5.26,5.11351815883041,6.31285181357829,3.05,3.64373804375731,4.45282114891616
8.98499571939019,290,305.987149582192,259.652722887267,290,305.987149582192,259.652722887267,2.21,1.40023559099314,1.86978295180454,16,18,20.0868192781832,16,18,20.0434096390916,5.26,6.23,7.2198145178224,3.05,4.82976440900686,5.35003156601786
8.9899957170081,290,300.067393302265,344.976583348915,290,300.067393302265,344.976583348915,2.21,1.5097372803471,1.77007805550362,16,18.0022845187208,20.0022301572462,16,18.0022845187208,20.0022301572462,5.26,6.22914330547968,7.23845004071387,3.05,4.71940602513258,5.46837198521026
8.99499571462601,290,359.002570083559,324.496780349861,290,359.002570083559,324.496780349861,2.21,1.27999000523061,1.83834406550046,16,20,21.9526875857275,16,20,21.9526875857275,5.26,5.48,5.88288212791939,3.05,4.20000999476939,4.04453806241892
8.99999571224393,290,376.98457949863,196.112396636789,290,376.98457949863,196.112396636789,2.21,1.21005996861644,2.07978925630602,16,20,22,16,20,22,5.26,5.48,5.85,3.05,4.26994003138356,3.77021074369398
9.00499570986184,290,324.0983770874,203.795139242189,290,324.0983770874,203.795139242189,2.21,1.26988862971238,2.09948784810547,16,18.0037123429208,20.0512151894527,16,18.0037123429208,20.0512151894527,5.26,6.21862643311932,6.75618493690449,3.05,4.94873780340694,4.65669708879902
9.00999570747975,290,309.042834726013,286.757059352734,290,309.042834726013,286.757059352734,2.21,1.19022845187207,2.03020488970251,16,18,20,16,18,20,5.26,6.22,6.78,3.05,5.02977154812793,4.74979511029749
9.01499570509767,290,354.831821441387,269.496061681696,290,354.831821441387,269.496061681696,2.21,1.05051184778708,2.15641733229886,16,19.9926878887559,23.8897640707342,16,19.9926878887559,21.9448820353671,5.26,5.4827054811603,5.8756298535543,3.05,4.43219363337322,3.71921252125544
9.01999570271558,290,368.934832770854,188.38653831173,290,368.934832770854,188.38653831173,2.21,1.06990690395836,2.30928418831161,16,20,24,16,20,22,5.26,5.48,5.85,3.05,4.41009309604164,3.54071581168839
9.02499570033349,290,302.3788366945,194.794792731511,290,302.3788366945,194.794792731511,2.21,1.26886914419552,2.36824108055581,16,20,20.1172612962796,16,18.0113085580448,20.0586306481398,5.26,6.21581583352343,7.20895854630215,3.05,4.94694668932791,4.84071746574635
9.02999569795141,290,276.172997655035,313.188420278003,290,276.172997655035,313.188420278003,2.21,1.27993346244037,2.30047739983647,16,20,20,16,18,20,5.26,6.22,7.25,3.05,4.94006653755963,4.94952260016353
9.03499569556932,290,324.624991587733,316.90619986502,290,324.624991587733,316.90619986502,2.21,1.20061225863227,2.3,16,21.9846935341932,21.93746657668,16,19.9846935341932,20,5.26,5.85283169617426,5.90346072920739,3.05,4.65221943754199,3.60346072920739
9.03999569318723,290,342.84425122281,220.860282784845,290,342.84425122281,220.860282784845,2.21,1.2495673645078,2.42884704369041,16,22,22,16,20,20,5.26,5.85,5.86,3.05,4.6004326354922,3.43115295630959
9.04499569080515,290,309.328174350646,249.970238923247,290,309.328174350646,249.970238923247,2.21,1.37874521571812,2.28498271488751,16,20.0193043735674,20.0664361985002,16,18.0193043735674,18.0664361985002,5.26,6.58285738178005,6.30471967434496,3.05,5.20411216606194,4.01973695945744
9.04999568842306,290,287.234336601933,316.279425746849,290,287.234336601933,316.279425746849,2.21,1.38,2.11185602459145,16,20,20,16,18,18,5.26,6.59,6.32,3.05,5.21,4.20814397540855
9.05499568604097,290,335.438772183799,303.492372815744,290,335.438772183799,303.492372815744,2.21,1.32068721773412,2.10035169486839,16,21.9770927421959,21.9296610263223,16,21.9541854843918,19.9296610263223,5.26,5.85847568538752,5.42270762276014,3.05,4.5377884676534,3.32235592789175
9.05999568365889,290,346.863041008543,200.348535628926,290,346.863041008543,200.348535628926,2.21,1.36937745912974,2.28753632913946,16,22,22,16,22,20,5.26,5.85,5.39,3.05,4.48062254087026,3.10246367086054
9.0649956812768,290,285.833918249434,191.295464257822,290,285.833918249434,191.295464257822,2.21,1.51798245584814,2.28036933032228,16,20.0269005886914,20.0738660644556,16,18.0538011773829,20,5.26,6.9549356703328,6.28565228002814,3.05,5.43695321448466,4.00528294970587
9.06999567889471,290,270.216746569293,267.844758097012,290,270.216746569293,267.844758097012,2.21,1.56927751143569,2.28,16,20,20,16,18,20,5.26,6.97,6.32,3.05,5.40072248856431,4.04
9.07499567651263,290,346.794958638315,265.155508864735,290,346.794958638315,265.155508864735,2.21,1.52077246241134,2.31844491135265,16,21.9691015035466,21.9222455676325,16,21.9382030070931,20,5.26,5.86730315801393,5.87788351944452,3.05,4.3465306956026,3.55943860809187
9.07999567413054,290,364.720371672157,219.775545770053,290,364.720371672157,219.775545770053,2.21,1.45115141076171,2.467471046402,16,22,22,16,22,20,5.26,5.85,5.86,3.05,4.39884858923829,3.392528953598
9.08499567174845,290,294.256270551732,240.378704488649,290,294.256270551732,240.378704488649,2.21,1.51877862585248,2.39972949679382,16,20.0348964042148,20,16,18.0697928084296,18,5.26,6.95045801363972,6.32,3.05,5.43167938778724,3.92027050320618
9.08999566936637,290,281.22137214857,294.991512486144,290,281.22137214857,294.991512486144,2.21,1.57889313925715,2.36072034822418,16,20,20,16,18,18,5.26,6.97,6.32,3.05,5.39110686074285,3.95927965177582
9.09499566698428,290,347.67759339279,296.648782942803,290,347.67759339279,296.648782942803,2.21,1.50155577247907,2.37067356695901,16,21.9611056880232,20,16,21.9222113760464,20,5.26,5.871780814707,5.4,3.05,4.37022504222792,3.02932643304099
9.09999566460219,290,360.673825459863,225.457086803211,290,360.673825459863,225.457086803211,2.21,1.50024772749884,2.50720558695275,16,21.9834848334108,20,16,21.9834848334108,20,5.26,5.85462424664498,5.4,3.05,4.35437651914614,2.89279441304725
9.10499566222011,290,281.993741370587,241.186345899465,290,281.993741370587,241.186345899465,2.21,1.56018775888239,2.43945012685404,16,18,20,16,18,18,5.26,6.97,5.86,3.05,5.40981224111761,3.42054987314596
9.10999565983802,290,280.166127345771,300.675297468165,290,280.166127345771,300.675297468165,2.21,1.61987220973402,2.26390895829066,16,18.0042596755326,20,16,18.0085193510652,18,5.26,6.96682654172823,5.86,3.05,5.3469543319942,3.59609104170934
9.11499565745593,290,358.014694690731,299.950344155064,290,358.014694690731,299.950344155064,2.21,1.55997739278349,2.15001103463221,16,20,20,16,22,20,5.26,5.48,5.39,3.05,3.92002260721651,3.23998896536779
9.11999565507385,290,370.985602772658,256.065052014235,290,370.985602772658,256.065052014235,2.21,1.54002225026044,2.15976332177461,16,19.9997382322301,20,16,21.9994764644603,20,5.26,5.48014658995112,5.39,3.05,3.94012433969068,3.23023667822539
9.12499565269176,290,261.095545236114,257.997329116378,290,261.095545236114,257.997329116378,2.21,1.70985233918055,2.14001780589081,16,18.0017371861112,18.0017805890811,16,18.0034743722223,18.0017805890811,5.26,6.59902717577775,5.85958156156595,3.05,4.8891748365972,3.71956375567514
9.12999565030967,290,237.044833679889,304.770277913824,290,237.044833679889,304.770277913824,2.21,1.69003736139991,2.06204953681029,16,18,18,16,18,18,5.26,6.6,5.86,3.05,4.90996263860009,3.79795046318971
9.13499564792759,290,309.790669073681,308.991182425303,290,309.790669073681,308.991182425303,2.21,1.76977059624513,2.00017635149395,16,21.9885298122565,21.9882432337368,16,19.9942649061282,19.9941216168684,5.26,5.48321165256818,4.9327334481562,3.05,3.71344105632305,2.93255709666225
9.1399956455455,290,313.985328173861,233.150506622063,290,313.985328173861,233.150506622063,2.21,1.7500733591307,2.08751864620531,16,22,22,16,20,20,5.26,5.48,4.93,3.05,3.7299266408693,2.84248135379469
9.14499564316341,290,238.354669246883,226.023921381182,290,238.354669246883,226.023921381182,2.21,1.9092533279013,2.08004784276236,16,18.0186668024675,20.0095685524727,16,18.0093334012338,18.0095685524727,5.26,6.59477329530909,6.31334985603151,3.05,4.68551996740779,4.23330201326914
9.14999564078133,290,231.039663242902,337.627401960697,290,231.039663242902,337.627401960697,2.21,1.91994333822443,1.98293269394722,16,18,20,16,18,18,5.26,6.6,6.32,3.05,4.68005666177557,4.33706730605278
9.15499563839924,290,315.433419367679,330.075154128274,290,315.433419367679,330.075154128274,2.21,1.86039993926987,1.99986335613041,16,19.9866686910042,20,16,18,19.9863356130411,5.26,5.48746553303764,5.39635393993589,3.05,3.62706559376776,3.39649058380548
9.15999563601715,290,335.846697371232,257.345874529673,290,335.846697371232,257.345874529673,2.21,1.76076651314384,2.09687216729377,16,20,20,16,18,20,5.26,5.48,5.39,3.05,3.71923348685616,3.29312783270623
9.16499563363507,290,270.571864153007,277.795734918391,290,270.571864153007,277.795734918391,2.21,1.86904689307832,1.95133216357571,16,16.0346584335156,20,16,16.0173292167578,20,5.26,5.84679409489981,5.85582588746277,3.05,3.97774720182149,3.90449372388706
9.16999563125298,290,262.07731268255,327.305284552728,290,262.07731268255,327.305284552728,2.21,1.76106304938506,1.87265837717219,16,16,20,16,16,20,5.26,5.85,5.86,3.05,4.08893695061494,3.98734162282781
9.17499562887089,290,302.562793947373,328.01092998753,290,302.562793947373,328.01092998753,2.21,1.59181280558406,1.7117487980048,16,19.9573457509632,20,16,19.9573457509632,20,5.26,4.7320498253529,5.86,3.05,3.14023701976883,4.1482512019952
9.17999562648881,290,328.701896224814,300.985070862753,290,328.701896224814,300.985070862753,2.21,1.59988534470185,1.7968337007983,16,20,20,16,20,20,5.26,4.72,5.86,3.05,3.12011465529815,4.0631662992017
9.18499562410672,290,242.096719002738,288.155746614663,290,242.096719002738,288.155746614663,2.21,1.72837984692777,1.75064894422776,16,16.0498508637608,20,16,16.0498508637608,18.0259577691106,5.26,6.19143055324909,5.86,3.05,4.46305070632132,4.10935105577224
9.18999562172463,290,214.363479207779,307.261107002078,290,214.363479207779,307.261107002078,2.21,1.71026924385761,1.58628059048234,16,16,20,16,16,18,5.26,6.21,5.86,3.05,4.49973075614239,4.27371940951766
9.19499561934255,290,313.539371348057,295.192698862768,290,313.539371348057,295.192698862768,2.21,1.71985538330179,1.62925885052782,16,19.9421533207151,21.9703540211127,16,19.9421533207151,21.9407080422253,5.26,4.74154788803361,5.39696680503852,3.05,3.02169250473182,3.76770795451071
9.19999561696046,290,323.860849679145,253.6722197582,290,323.860849679145,253.6722197582,2.21,1.70030922293523,1.66844444673656,16,20,22,16,20,22,5.26,4.72,5.39,3.05,3.01969077706477,3.72155555326344
9.20499561457837,290,225.646062370222,270.67943415709,290,225.646062370222,270.67943415709,2.21,1.73934157505191,1.60118103205283,16,16.0658424948089,20.0337437729379,16,16.0658424948089,18.0674875458758,5.26,6.18547367068369,6.75654807780816,3.05,4.44613209563178,5.15536704575534
9.20999561219628,290,236.773018691649,389.027003859009,290,236.773018691649,389.027003859009,2.21,1.65157140905781,1.49959494211487,16,16,20.0135019295043,16,16,18.0270038590085,5.26,6.21,6.77061615899454,3.05,4.55842859094219,5.27102121687966
9.2149956098142,290,360.674093224602,392.927918715972,290,360.674093224602,392.927918715972,2.21,1.37516868172311,1.44108121926041,16,19.9261616896699,21.9639593579862,16,17.963080844835,21.9279187159725,5.26,4.73768936637379,5.41504824619957,3.05,3.36252068465068,3.97396702693915
9.21999560743211,290,396.338392146205,276.04799577162,290,396.338392146205,276.04799577162,2.21,1.23272426763327,1.63956803805542,16,20,21.9904008456759,16,18,21.9904008456759,5.26,4.71,5.39671940802684,3.05,3.47727573236673,3.75715136997143
9.22499560505003,290,298.868259420406,285.80028291403,290,298.868259420406,285.80028291403,2.21,1.45938246603315,1.55179745377373,16,18,20.039943417194,16,14,20.039943417194,5.26,5.83,6.76203960796422,3.05,4.37061753396685,5.21024215419049
9.22999560266794,290,267.271215206916,415.97869735214,290,267.271215206916,415.97869735214,2.21,1.30947003925085,1.34972610881323,16,18.0062348323429,20.0060864708172,16,14.0124696646858,20.0060864708172,5.26,5.82650849388798,6.78716979107001,3.05,4.51703845463712,5.43744368225678
9.23499560028585,290,354.052948480782,409.152096352453,290,354.052948480782,409.152096352453,2.21,1.13989410303844,1.26195552453154,16,20,21.9565438992992,16,18,21.9565438992992,5.26,4.71,5.88020708682589,3.05,3.57010589696156,4.61825156229435
9.23999559790376,290,378.912759941346,309.958509782897,290,378.912759941346,309.958509782897,2.21,1.08992170763967,1.2701419402164,16,19.9977630754191,22,16,17.9977630754191,21.997816304363,5.26,4.71125267776529,5.8610154184712,3.05,3.62133097012562,4.5908734782548
9.24499559552168,290,301.00035695605,272.899818641753,290,301.00035695605,272.899818641753,2.21,1.0199940507325,1.39692167306769,16,18,22,16,16,20.0473588758817,5.26,5.83,6.76797812271499,3.05,4.8100059492675,5.3710564496473
9.24999559313959,290,303.997358525228,333.944045597919,290,303.997358525228,333.944045597919,2.21,0.970044024579529,1.30009024903561,16,18,22,16,16,20,5.26,5.83,6.79,3.05,4.85995597542047,5.48990975096439
9.2549955907575,290,378.859002360222,323.281939080841,290,378.859002360222,323.281939080841,2.21,0.770375993706074,1.31948738348938,16,19.9962400629393,23.9487383489381,16,19.9924801258785,23.8974766978761,5.26,5.08140997639778,6.34179017974425,3.05,4.3110339826917,5.02230279625487
9.25999558837542,290,390.96544665435,272.150520756453,290,390.96544665435,272.150520756453,2.21,0.740086383364126,1.41970486126186,16,20,24,16,20,24,5.26,5.08,6.33,3.05,4.33991361663587,4.91029513873814
9.26499558599333,290,326.239190734096,260.330986557453,290,326.239190734096,260.330986557453,2.21,0.939264028510475,1.48806924508152,16,18.0073597148952,22.0551644262421,16,16.0147194297905,22.0551644262421,5.26,6.18591535823314,7.68166072376171,3.05,5.24665132972266,6.19359147868019
9.26999558361124,290,296.140357974556,362.505963121344,290,296.140357974556,362.505963121344,2.21,0.949953214008481,1.40043168270951,16,18,22,16,16,22,5.26,6.19,7.72,3.05,5.24004678599152,6.3195683172905
9.27499558122916,290,366.596856597441,338.733463871863,290,366.596856597441,338.733463871863,2.21,0.800851711413857,1.5067727589638,16,19.9886438478152,23.941322890251,16,19.9772876956305,23.941322890251,5.26,5.07635944522347,6.82699147048455,3.05,4.27550773380961,5.32021871152074
9.27999557884707,290,386.866448939342,237.691283318802,290,386.866448939342,237.691283318802,2.21,0.859599346818027,1.74835734656918,16,20,24,16,20,24,5.26,5.07,6.8,3.05,4.21040065318197,5.05164265343082
9.28499557646498,290,295.706286757552,231.187739654788,290,295.706286757552,231.187739654788,2.21,0.909616148501331,1.82749680460283,16,18.0153540599468,24,16,18.0153540599468,22.0625798849292,5.26,6.1814017264298,7.70090035350791,3.05,5.27178557792847,5.87340354890508
9.2899955740829,290,283.104118082967,300.377469957575,290,283.104118082967,300.377469957575,2.21,0.959566174654305,1.91919960423117,16,18,24,16,18,22,5.26,6.19,7.73,3.05,5.2304338253457,5.81080039576883
9.29499557170081,290,350.342033097949,283.598343940985,290,350.342033097949,283.598343940985,2.21,0.811451397578054,2.0843489738907,16,19.9806480322926,24,16,19.9806480322926,23.9335173398906,5.26,5.44725698789027,7.28529101182517,3.05,4.63580559031222,5.20094203793447
9.29999556931872,290,361.882569931264,242.448629517171,290,361.882569931264,242.448629517171,2.21,0.81,2.27792098516433,16,20,24,16,20,24,5.26,5.44,7.27,3.05,4.63,4.99207901483567
9.30499556693664,290,298.734555566569,247.788843694139,290,298.734555566569,247.788843694139,2.21,0.968163611083576,2.34753650976496,16,20,22.070385435287,16,18.0229548614553,20.1407708705739,5.26,6.18139192695426,7.72345942270757,3.05,5.21322831587069,5.37592291294261
9.30999556455455,290,271.33681459083,293.402410302939,290,271.33681459083,293.402410302939,2.21,1.03912677698674,2.35987008919629,16,20,22,16,18,20,5.26,6.19,7.74,3.05,5.15087322301326,5.38012991080371
9.31499556217246,290,313.420614069125,283.406518943208,290,313.420614069125,283.406518943208,2.21,0.990673704570785,2.46593481056792,16,20,23.9260874648712,16,21.9461036343372,23.8521749297425,5.26,5.81512015473797,6.40136921191448,3.05,4.82444645016718,3.93543440134657
9.31999555979038,290,328.782896474657,174.631870378521,290,328.782896474657,174.631870378521,2.21,1.05898685021507,2.63747801850592,16,20,24,16,22,24,5.26,5.81,6.35,3.05,4.75101314978493,3.71252198149408
9.32499555740829,290,294.541556585385,182.610995530116,290,294.541556585385,182.610995530116,2.21,1.18798850411143,2.63038900446988,16,18.0309460905934,20.1556017879534,16,18.0618921811868,20.1556017879534,5.26,6.54839521602747,7.68592837868619,3.05,5.36040671191604,5.05553937421631
9.3299955550262,290,280.230615311321,292.125866866414,290,280.230615311321,292.125866866414,2.21,1.26868219822102,2.64966231835431,16,18,20,16,18,20,5.26,6.56,7.74,3.05,5.29131780177898,5.09033768164569
9.33499555264412,290,327.161344039486,289.975618898827,290,327.161344039486,289.975618898827,2.21,1.15209663990129,2.70168483733746,16,21.9301120032905,22,16,19.9650560016452,22,5.26,5.45956863907867,5.89,3.05,4.30747199917738,3.18831516266254
9.33999555026203,290,342.722927858237,141.740854334197,290,342.722927858237,141.740854334197,2.21,1.1892611409553,2.9454920158977,16,22,22,16,20,22,5.26,5.44,5.89,3.05,4.2507388590447,2.9445079841023
9.34499554787994,290,258.67450196302,154.411764711336,290,258.67450196302,154.411764711336,2.21,1.37630051891891,2.90976060191201,16,18.0778838122335,22,16,18.0389419061168,20,5.26,6.53819253257462,6.82,3.05,5.16189201365571,3.91023939808799
9.34999554549786,290,242.348924539072,238.281434136061,290,242.348924539072,238.281434136061,2.21,1.34004104994577,2.86099916619996,16,18.0082099891546,22,16,18.0082099891546,20,5.26,6.55540240607341,6.82,3.05,5.21536135612764,3.95900083380004
9.35499554311577,290,327.024844141092,231.896924919786,290,327.024844141092,231.896924919786,2.21,1.35015527588182,2.97018189720038,16,20,22,16,20,20,5.26,5.44,6.36,3.05,4.08984472411818,3.38981810279962
9.35999554073368,290,334.808350296669,198.739148635605,290,334.808350296669,198.739148635605,2.21,1.40042120813919,3.02869562005481,16,19.9957879186081,22,16,19.9957879186081,20,5.26,5.441558470115,6.36,3.05,4.04113726197581,3.33130437994518
9.3649955383516,290,243.977868724891,210.017283718659,290,243.977868724891,210.017283718659,2.21,1.60003319691266,3.04990277908254,16,18,20,16,18,20,5.26,6.18,6.36,3.05,4.57996680308734,3.31009722091746
9.36999553596951,290,224.006211035267,225.620943146509,290,224.006211035267,225.620943146509,2.21,1.6300021417363,2.96213219480089,16,18.0002141736299,20,16,18.0002141736299,20,5.26,6.17992075575694,6.36,3.05,4.54991861402064,3.39786780519911
9.37499553358742,290,281.948241372717,228.997255941485,290,281.948241372717,228.997255941485,2.21,1.64998215219749,2.89006402803202,16,19.9982152197489,20,16,19.9982152197489,20,5.26,5.44066036869292,5.89042990250072,3.05,3.79067821649543,3.0003658744687
9.37999553120534,290,294.97540572815,185.153909841998,290,294.97540572815,185.153909841998,2.21,1.66996216265869,3.05564078504134,16,20,20,16,20,20,5.26,5.44,5.89,3.05,3.77003783734131,2.83435921495866
9.38499552882325,290,245.144567200293,205.934801169665,290,245.144567200293,205.934801169665,2.21,1.85945064463889,2.97026672248773,16,18.0057826880117,18.0059271663941,16,18.0057826880117,18.0059271663941,5.26,6.17786040543566,5.89,3.05,4.31840976079677,2.91973327751227
9.38999552644116,290,243.007383516721,223.503311086579,290,243.007383516721,223.503311086579,2.21,1.77033225825244,2.98944812342953,16,18,18,16,18,18,5.26,6.18,5.89,3.05,4.40966774174756,2.90055187657047
9.39499552405908,290,320.634141180424,235.942295925635,290,320.634141180424,235.942295925635,2.21,1.54107881446798,2.94024043364319,16,19.9906190046263,18,16,18,18,5.26,5.43351787326515,4.96447206576333,3.05,3.89243905879717,2.02423163212014
9.39999552167699,290,353.812230837297,173.878410897716,290,353.812230837297,173.878410897716,2.21,1.53005689974627,3.01765198637785,16,20,18,16,18,18,5.26,5.43,4.96,3.05,3.89994310025373,1.94234801362215
9.4049955192949,290,297.381298739369,208.746306350905,290,297.381298739369,208.746306350905,2.21,1.65913037129618,2.77171414627767,16,18.0133789031358,18,16,16.0133789031358,16.0137131702214,5.26,5.80745800840421,4.96,3.05,4.14832763710803,2.18828585372233
9.40999551691282,290,279.138400713151,215.780889094932,290,279.138400713151,215.780889094932,2.21,1.57069200356575,2.77,16,18,18,16,16,16,5.26,5.81,4.96,3.05,4.23930799643425,2.19
9.41499551453073,290,318.652463782044,220.95547258932,290,318.652463782044,220.95547258932,2.21,1.3915639129808,2.62133582232039,16,19.9826231891022,18,16,17.9826231891022,16,5.26,5.06651630408667,4.4941855766039,3.05,3.67495239110587,1.87284975428351
9.41999551214864,290,347.719051410728,173.629394327394,290,347.719051410728,173.629394327394,2.21,1.37019375764777,2.76501205818145,16,20,18,16,18,16,5.26,5.06,4.49,3.05,3.68980624235223,1.72498794181855
9.42499550976656,290,287.65192891908,190.791866795936,290,287.65192891908,190.791866795936,2.21,1.37,2.63153361308257,16,18.0213747186584,18,16,16.0213747186584,16,5.26,5.7920913540964,4.49,3.05,4.4220913540964,1.85846638691743
9.42999550738447,290,269.206807969528,214.155096006901,290,269.206807969528,214.155096006901,2.21,1.39965532005079,2.56246430331321,16,18,18,16,16,16,5.26,5.8,4.49,3.05,4.40034467994921,1.92753569668679
9.43499550500238,290,315.413133888521,227.830957409575,290,315.413133888521,227.830957409575,2.21,1.25187297695153,2.43169042590425,16,19.9750269739796,18,16,19.9500539479592,16,5.26,5.05936488475764,4.49,3.05,3.80749190780611,2.05830957409575
9.4399955026203,290,333.757252180887,227.036967885233,290,333.757252180887,227.036967885233,2.21,1.21053943959803,2.46852128459069,16,20,18,16,20,16,5.26,5.05,4.49,3.05,3.83946056040197,2.02147871540931
9.44499550023821,290,281.767729745234,249.658510235277,290,281.767729745234,249.658510235277,2.21,1.32826174397306,2.31237558097198,16,18.0289709337824,16.0296947621498,16,16.0579418675648,16,5.26,6.15377627708185,4.48014847381075,3.05,4.8255145331088,2.16777289283877
9.44999549785612,290,273.123879550656,264.416319064135,290,273.123879550656,264.416319064135,2.21,1.2807742471916,2.25233472374346,16,18,16,16,16,16,5.26,6.17,4.48,3.05,4.8892257528084,2.22766527625654
9.45499549547404,290,350.697730758995,273.847933497098,290,350.697730758995,273.847933497098,2.21,1.21115390945405,2.10253444171503,16,19.9670311584556,17.9662074437997,16,19.9340623169112,17.9662074437997,5.26,5.06846255126488,4.01794125070708,3.05,3.85730864181082,1.91540680899206
9.45999549309195,290,362.807677125164,231.094188275265,290,362.807677125164,231.094188275265,2.21,1.14122387283987,2.14878900788945,16,20,17.986544532105,16,20,17.986544532105,5.26,5.05,4.01625679257119,3.05,3.90877612716013,1.86746778468174
9.46499549070986,290,286.441703222896,244.747390274639,290,286.441703222896,244.747390274639,2.21,1.2577819950417,1.97324783932607,16,18.036966749305,16.036087103623,16,18.036966749305,16.036087103623,5.26,6.14929862038919,4.9232194968153,3.05,4.89151662534749,2.94997165748923
9.46999548832778,290,266.370174180274,330,290,266.370174180274,330,2.21,1.18155862812747,1.83957012882783,16,18,16.0095526927148,16,18,16.0095526927148,5.26,6.17,4.93555799788761,3.05,4.98844137187253,3.09598786905977
9.47499548594569,290,341.040930960423,330,290,341.040930960423,330,2.21,1.12983627615831,1.75179954454614,16,20,17.9600101211968,16,20,17.9600101211968,5.26,5.42,4.02859529364349,3.05,4.29016372384169,2.27679574909735
9.4799954835636,290,350.82985094942,258.036240055248,290,350.82985094942,258.036240055248,2.21,1.09037123429218,1.7493959990792,16,19.9938127617971,17.993959990792,16,19.9938127617971,17.9879199815841,5.26,5.42228927813508,4.01277840423566,3.05,4.33191804384291,2.26338240515645
9.48499548118152,290,295.966493725425,269.738984626135,290,295.966493725425,269.738984626135,2.21,1.21008376568644,1.55435025623108,16,18,16.0435025623108,16,18,14.0870051246215,5.26,6.16,4.90998882133704,3.05,4.94991623431356,3.35563856510597
9.48999547879943,290,280.052543930582,356.993588297917,290,280.052543930582,356.993588297917,2.21,1.24990148013016,1.3598610797882,16,18.0021893304409,16.0021372340277,16,18.0021893304409,14.0021372340277,5.26,6.15918994773687,4.92850393618057,3.05,4.90928846760671,3.56864285639238
9.49499547641734,290,328.001332635919,351.142216012473,290,328.001332635919,351.142216012473,2.21,1.1600066631796,1.23308134693691,16,20,17.952594662509,16,20,15.952594662509,5.26,5.42,3.56318373624368,3.05,4.2599933368204,2.33010238930677
9.49999547403526,290,341.987339958752,213.127909714257,290,341.987339958752,213.127909714257,2.21,1.22993669979376,1.35987950534164,16,20,18,16,20,16,5.26,5.42,3.53,3.05,4.19006330020624,2.17012049465836
9.50499547165317,290,275.127552295224,208.128270281678,290,275.127552295224,208.128270281678,2.21,1.40965732219194,1.20410464901369,16,18.0038075312007,18,16,18.0038075312007,16,5.26,6.15859121345574,4.4361417276079,3.05,4.7489338912638,3.23203707859421
9.50999546927108,290,255.058064850817,282.776816574051,290,255.058064850817,282.776816574051,2.21,1.41997096757459,1.09032733569139,16,18,18,16,18,16,5.26,6.16,4.46,3.05,4.74002903242541,3.36967266430861
9.514995466889,290,305.811113377066,272.303659883183,290,305.811113377066,272.303659883183,2.21,1.33033332933459,1.06082816331777,16,19.9925926814536,19.9447891121486,16,19.9925926814536,19.8895782242972,5.26,5.41277774445492,4.46,3.05,4.08244441512033,3.39917183668223
9.51999546450691,290,321.92476166045,267.024104355888,290,321.92476166045,267.024104355888,2.21,1.34990595207556,1.04009641742355,16,20,20,16,20,20,5.26,5.41,4.46,3.05,4.06009404792444,3.41990358257645
9.52499546212482,290,262.342112389742,259.234894285433,290,262.342112389742,259.234894285433,2.21,1.5190306815624,1.04,16,18.0114037463247,18.0587235713583,16,18.0114037463247,18.0587235713583,5.26,6.15572359512822,5.80918711790601,3.05,4.63669291356583,4.76918711790601
9.52999545974274,290,243.127325651955,354.340597031076,290,243.127325651955,354.340597031076,2.21,1.51006701350103,1.00027475123705,16,18,18,16,18,18,5.26,6.16,5.85,3.05,4.64993298649897,4.84972524876295
9.53499545736065,290,302.537950377397,343.375758079231,290,302.537950377397,343.375758079231,2.21,1.41077008270434,0.970939395198077,16,19.9845983459132,19.9373736534615,16,19.9845983459132,18,5.26,5.41577562028253,4.94912125114038,3.05,4.00500553757819,3.97818185594231
9.53999545497856,290,323.817293616338,257.766920303836,290,323.817293616338,257.766920303836,2.21,1.50912996960161,1.16821646440968,16,20,20,16,20,18,5.26,5.41,4.92,3.05,3.90087003039839,3.75178353559032
9.54499545259648,290,259.630485760039,278.268179661095,290,259.630485760039,278.268179661095,2.21,1.67835103724297,1.06365910169453,16,18.0193995618474,18.0665291217187,16,18.0193995618474,18,5.26,6.15272516430724,5.36469830200471,3.05,4.47437412706426,4.30103920031018
9.54999545021439,290,244.160488867963,339.331038926411,290,244.160488867963,339.331038926411,2.21,1.68,0.931425654746992,16,18,18,16,18,18,5.26,6.16,5.38,3.05,4.48,4.44857434525301
9.5549954478323,290,299.355930977018,341.929568103104,290,299.355930977018,341.929568103104,2.21,1.54161017255745,0.891408637937924,16,19.9769975348935,21.8591362062076,16,19.9769975348935,19.9295681031038,5.26,5.41862592441493,4.9265514957706,3.05,3.87701575185748,4.03514285783268
9.55999544545022,290,323.700038122916,292.650773600106,290,323.700038122916,292.650773600106,2.21,1.53012498411545,0.89,16,20,22,16,20,20,5.26,5.41,4.91,3.05,3.87987501588455,4.02
9.56499544306813,290,268.755881755199,271.77656956092,290,268.755881755199,271.77656956092,2.21,1.71743540118772,0.986302049709905,16,16.0539915539428,20.0739590058019,16,18.0269957769714,18.0739590058019,5.26,6.14001156252059,6.25822869593867,3.05,4.42257616133287,5.27192664622876
9.56999544068604,290,251.246455212245,372.469463580278,290,251.246455212245,372.469463580278,2.21,1.57217460481393,0.881634553457956,16,16,20,16,18,18,5.26,6.15,6.31,3.05,4.57782539518607,5.42836544654204
9.57499543830395,290,322.868730507205,363.428160455726,290,322.868730507205,363.428160455726,2.21,1.50108477896569,0.812724657445532,16,17.9690063152659,21.9221526444134,16,19.9690063152659,21.8443052888267,5.26,5.0473564634511,5.41619902034778,3.05,3.54627168448541,4.60347436290225
9.57999543592187,290,341.70306625247,267.640121969831,290,341.70306625247,267.640121969831,2.21,1.50983503680693,0.937801898390948,16,18,22,16,20,22,5.26,5.03,5.38,3.05,3.52016496319307,4.44219810160905
9.58499543353978,290,256.522134273521,250.711908565792,290,256.522134273521,250.711908565792,2.21,1.62790050445032,0.989865677629096,16,18,18,16,18.0349915924947,20,5.26,5.76687815281448,6.77,3.05,4.13897764836416,5.7801343223709
9.5899954311577,290,244.203448005063,354.086152275336,290,244.203448005063,354.086152275336,2.21,1.53184952731875,0.970361103344276,16,18,18,16,18,20,5.26,5.78,6.77,3.05,4.24815047268125,5.79963889665572
9.59499542877561,290,305.771830741913,342.366290782971,290,305.771830741913,342.366290782971,2.21,1.50058484250385,1.00090529888147,16,19.9610104997433,22,16,18,22,5.26,5.40740800504878,5.38,3.05,3.90682316254493,4.37909470111853
9.59999542639352,290,317.906132457331,212.66087178892,290,317.906132457331,212.66087178892,2.21,1.38053055567595,1.18619875458726,16,19.9836752099707,22,16,18,22,5.26,5.40151004307771,5.38,3.05,4.02097948740176,4.19380124541274
9.60499542401143,290,294.94761075037,192.327914422982,290,294.94761075037,192.327914422982,2.21,1.51,1.30990974832395,16,16,20,16,18,20,5.26,5.77,6.77,3.05,4.26,5.46009025167605
9.60999542162935,290,278.062467308779,298.627844275211,290,278.062467308779,298.627844275211,2.21,1.50975013076488,1.28065288689673,16,16.0083289745039,20,16,18.0041644872519,20,5.26,5.76843831728053,6.77,3.05,4.25868818651564,5.48934711310327
9.61499541924726,290,308.021655333709,286.890071832397,290,308.021655333709,286.890071832397,2.21,1.38997834466629,1.36027482041901,16,20,24,16,20,22,5.26,5.02,5.84,3.05,3.63002165533371,4.47972517958099
9.61999541686517,290,327.995335774283,185.466285551371,290,327.995335774283,185.466285551371,2.21,1.3700049973847,1.61383428612157,16,19.9996668410202,24,16,19.9998334205101,22,5.26,5.02009328451435,5.84,3.05,3.65008828712965,4.22616571387843
9.62499541448309,290,272.051306482951,163.01878155606,290,272.051306482951,163.01878155606,2.21,1.42994502876827,1.72989670144167,16,16.0036647487822,20.0037563112119,16,18.0018323743911,20.001878155606,5.26,6.13897387034098,7.23868529107583,3.05,4.70902884157272,5.50878858963415
9.629995412101,290,260.022987969624,247.767086558803,290,260.022987969624,247.767086558803,2.21,1.42001915664135,1.93461020893504,16,16,20,16,18,20,5.26,6.14,7.24,3.05,4.71998084335865,5.30538979106496
9.63499540971891,290,336.775534137159,240.029879748283,290,336.775534137159,240.029879748283,2.21,1.3003498169291,2.08955180377576,16,19.9883394356966,21.9940240503435,16,19.9941697178483,21.9940240503435,5.26,5.02326495800495,5.85415328501129,3.05,3.72291514107585,3.76460148123553
9.63999540733683,290,353.936835476838,133.03787652608,290,353.936835476838,133.03787652608,2.21,1.2501857780093,2.3817148822016,16,20,22,16,20,22,5.26,5.02,5.85,3.05,3.7698142219907,3.4682851177984
9.64499540495474,290,275.372429285792,148.908171679666,290,275.372429285792,148.908171679666,2.21,1.32962285641945,2.41985500791526,16,18.0094285895137,20.0096661389825,16,16.0188571790274,18.019332277965,5.26,6.13471998987232,6.77550524537313,3.05,4.80509713345287,4.35565023745787
9.64999540257265,290,264.062851488671,228.591381111322,290,264.062851488671,228.591381111322,2.21,1.28028568858487,2.51706265989186,16,18,20,16,16,18,5.26,6.14,6.78,3.05,4.85971431141513,4.26293734010814
9.65499540019057,290,348.429373865781,242.917428279097,290,348.429373865781,242.917428279097,2.21,1.15087272232292,2.4703440488371,16,19.9865735027243,20,16,19.9731470054485,19.9862380465162,5.26,5.02751883847441,5.39956455767125,3.05,3.87664611615149,2.92922050883416
9.65999539780848,290,368.845745488433,136.445726753869,290,368.845745488433,136.445726753869,2.21,1.13015425451157,2.63467478592584,16,20,20,16,20,20,5.26,5.02,5.39,3.05,3.88984574548843,2.75532521407416
9.66499539542639,290,288.705688404029,149.848192145958,290,288.705688404029,149.848192145958,2.21,1.16965151189924,2.59044649368836,16,18.0174244050378,18.0178597475344,16,16.0348488100755,18.0178597475344,5.26,6.13024233317886,5.84589225806709,3.05,4.96059082127962,3.25544576437873
9.66999539304431,290,279.087405115128,187.702229125796,290,279.087405115128,187.702229125796,2.21,1.24922306564331,2.7060068588486,16,18,18,16,16,18,5.26,6.14,5.85,3.05,4.89077693435669,3.1439931411514
9.67499539066222,290,345.282352521255,195.923148604453,290,345.282352521255,195.923148604453,2.21,1.23021422312798,2.71,16,19.9785776872017,19.9780424584151,16,17.9785776872016,18,5.26,5.02210360673107,4.930210256837,3.05,3.79188938360308,2.220210256837
9.67999538828014,290,352.919408065738,130.395474341828,290,352.919408065738,130.395474341828,2.21,1.19046052533864,2.84506814106094,16,20,20,16,18,18,5.26,5.01,4.92,3.05,3.81953947466136,2.07493185893906
9.68499538589805,290,274.000824806414,145.765501979281,290,274.000824806414,145.765501979281,2.21,1.29862386589118,2.7611724901036,16,16.0500412403207,18.0260553356355,16,16.0250206201604,18,5.26,5.75061726743987,5.37400727280384,3.05,4.45199340154869,2.61283478270024
9.68999538351596,290,268.067548935103,188.372390694953,290,268.067548935103,188.372390694953,2.21,1.24081058722124,2.80815044397154,16,16,18,16,16,18,5.26,5.76,5.38,3.05,4.51918941277876,2.57184955602846
9.69499538113388,290,325.158462690251,204.776923409408,290,325.158462690251,204.776923409408,2.21,1.14145092639612,2.74104102408943,16,19.9419629441553,18,16,17.9709814720776,18,5.26,4.64639546827614,4.92684101544481,3.05,3.50494454188002,2.18579999135539
9.69999537875179,290,342.736351404665,169.440605848238,290,342.736351404665,169.440605848238,2.21,1.0907754370451,2.8937703530887,16,20,18,16,18,18,5.26,4.63,4.92,3.05,3.5392245629549,2.0262296469113
9.7049953763697,290,265.304149209534,185.695427944835,290,265.304149209534,185.695427944835,2.21,1.21785393168051,2.80169206697314,16,18.0330164356844,16.0338413394628,16,18,16.0338413394628,5.26,5.73151079601674,4.91016920669731,3.05,4.51365686433623,2.10847713972417
9.70999537398761,290,247.2976308113,201.127385559715,290,247.2976308113,201.127385559715,2.21,1.14140061558259,2.86946363974857,16,18,16.0134090062858,16,18,16,5.26,5.75,4.90376481207711,3.05,4.60859938441741,2.03430117232854
9.71499537160553,290,326.500919090478,219.656731130294,290,326.500919090478,219.656731130294,2.21,1.1007402868689,2.79144534260929,16,19.962985656555,17.9638664347678,16,18,16,5.26,5.38684765353732,3.99680210783299,3.05,4.28610736666842,1.2053567652237
9.71999536922344,290,338.785426864703,168.180618391006,290,338.785426864703,168.180618391006,2.21,1.09019506648663,2.82871665880075,16,20,17.9904937688944,16,18,15.9904937688944,5.26,5.38,3.98218643315429,3.05,4.28980493351337,1.15346977435354
9.72499536684135,290,312.991861402056,205.23930953215,290,312.991861402056,205.23930953215,2.21,1.16983722804112,2.56540490595577,16,16,16.0400363404131,16,18,14.0400363404131,5.26,5.75,4.43079164170498,3.05,4.58016277195888,1.8653867357492
9.72999536445927,290,311.098234305007,256.002996773799,290,311.098234305007,256.002996773799,2.21,1.12957022491559,2.41937067750214,16,16.0122792881259,16,16,18.0061396440629,14.0059935475987,5.26,5.74769763347639,4.4372130003666,3.05,4.6181274085608,2.01784232286446
9.73499536207718,290,343.039336556728,256.97822548804,290,343.039336556728,256.97822548804,2.21,0.990082813803639,2.2145726475116,16,20,16,16,20,15.95645097608,5.26,5,3.53025029612281,3.05,4.00991718619636,1.3156776486112
9.73999535969509,290,361.932535306521,167.01463540693,290,361.932535306521,167.01463540693,2.21,1.03,2.28979092275815,16,19.9978582636991,16,16,19.9957165273981,15.9979092275815,5.26,5.00119937232852,3.51048087765626,3.05,3.97119937232852,1.22068995489811
9.74499535731301,290,298.99971443516,180.667837406299,290,298.99971443516,180.667837406299,2.21,1.0300014278242,2.09474517991002,16,18,16,16,16,14.0474517991002,5.26,6.12,3.95908608620695,3.05,5.0899985721758,1.86434090629693
9.74999535493092,290,295.003712342922,236.946728677359,290,295.003712342922,236.946728677359,2.21,1.04998143828539,1.96012366557042,16,18,16,16,16,14,5.26,6.12,3.97,3.05,5.07001856171461,2.00987633442958
9.75499535254883,290,372.849650111713,253.563486118616,290,372.849650111713,253.563486118616,2.21,0.910269858773848,1.76513545742804,16,19.9961448746593,17.9486454257196,16,19.9922897493186,15.9486454257196,5.26,5.00215887019078,3.5120683249559,3.05,4.09188901141693,1.74693286752786
9.75999535016675,290,388.953167366226,210.132007508331,290,388.953167366226,210.132007508331,2.21,0.840204892772759,1.75003000170644,16,20,18,16,20,16,5.26,5,3.5,3.05,4.15979510722724,1.74996999829356
9.76499534778466,290,309.298196887905,214.861856626348,290,309.298196887905,214.861856626348,2.21,0.889813626945059,1.61386801446224,16,18.0074549221976,16.0552573494606,16,18.0074549221976,14.0552573494606,5.26,6.10586251818031,4.39458161924811,3.05,5.21604889123525,2.78071360478587
9.76999534540257,290,295.066166706086,290.631759646821,290,295.066166706086,290.631759646821,2.21,0.939763690335408,1.54033916874635,16,18,16,16,18,14,5.26,6.11,4.42,3.05,5.17023630966459,2.87966083125365
9.77499534302049,290,364.599203083735,302.647379802195,290,364.599203083735,302.647379802195,2.21,0.800801593832529,1.34587700329675,16,21.9770973190706,16,16,19.9885486595353,15.9412299670325,5.26,5.37423699597194,3.51732806532989,3.05,4.57343540213941,2.17145106203314
9.7799953406384,290,379.899122792407,209.647958220407,290,379.899122792407,209.647958220407,2.21,0.809932748528271,1.4988970923908,16,22,16,16,20,16,5.26,5.37,3.49,3.05,4.56006725147173,1.9911029076092
9.78499533825631,290,323.440303574462,212.874654383705,290,323.440303574462,212.874654383705,2.21,0.929073045106396,1.34501382465182,16,18.0308984964535,16,16,20,16,5.26,6.48134842099303,3.93558525412603,3.05,5.55227537588664,2.59057142947421
9.78999533587423,290,316.061068707377,266.517128242528,290,316.061068707377,266.517128242528,2.21,0.860610687073771,1.20125188974159,16,18,16,16,20,16,5.26,6.49,3.95,3.05,5.62938931292623,2.74874811025841
9.79499533349214,290,399.183219448532,267.966712208336,290,399.183219448532,267.966712208336,2.21,0.701555772478987,1.06466029083295,16,19.9805528440127,17.9334244166721,16,21.9805528440127,17.9334244166721,5.26,5.74729268349525,3.94033287791664,3.05,5.04573691101626,2.87567258708369
9.79999533111005,290,419.785538901317,253.164864499121,290,419.785538901317,253.164864499121,2.21,0.660428922197367,1.0105495483304,16,20,18,16,22,18,5.26,5.74,3.94,3.05,5.07957107780263,2.9294504516696
9.80499532872797,290,356.737602200246,234.669544405802,290,356.737602200246,234.669544405802,2.21,0.778616995874539,1.02929521641495,16,20,16.0704783585054,16,18.0461001375154,16.0704783585054,5.26,6.48135622421587,4.83722756329497,3.05,5.70273922834133,3.80793234688003
9.80999532634588,290,330.325577423994,297.165448727466,290,330.325577423994,297.165448727466,2.21,0.78,0.970782391818001,16,20,16,16,18,16,5.26,6.49,4.87,3.05,5.71,3.899217608182
9.81499532396379,290,377.350959093311,303.777983570573,290,377.350959093311,303.777983570573,2.21,0.78,0.902590191676651,16,21.9729566288879,19.8519890470485,16,19.9729566288879,16,5.26,5.75014126416702,3.9647825739436,3.05,4.97014126416702,3.06219238226695
9.81999532158171,290,384.898351862527,229.131181607652,290,384.898351862527,229.131181607652,2.21,0.78,1.08717204598087,16,22,20,16,20,16,5.26,5.74,3.93,3.05,4.96,2.84282795401913
9.82499531919962,290,327.900197087348,237.610530914021,290,327.900197087348,237.610530914021,2.21,0.848913555239407,0.993894690859794,16,20.0310412788741,16.1557876343917,16,20,16,5.26,6.47835952042222,4.82377937500392,3.05,5.62944596518281,3.82988468414413
9.82999531681753,290,310.280841978412,330.408310638581,290,310.280841978412,330.408310638581,2.21,1.00735678137965,0.773725230420343,16,20,16,16,20,16,5.26,6.49,4.86,3.05,5.48264321862035,4.08627476957966
9.83499531443545,290,337.509451387114,309.290553899498,290,337.509451387114,309.290553899498,2.21,0.921576763398562,0.801204719793305,16,23.9299216267306,18,16,21.9649608133653,18,5.26,6.11665744546059,3.93,3.05,5.19508068206203,3.12879528020669
9.83999531205336,290,344.870366508198,205.916310189954,290,344.870366508198,205.916310189954,2.21,0.9592592371897,0.976745888356682,16,24,18,16,22,18,5.26,6.11,3.93,3.05,5.1507407628103,2.95325411164332
9.84499530967127,290,308.722186246339,205.317680510082,290,308.722186246339,205.317680510082,2.21,1.15609629056033,0.900237075007524,16,20.0780741887934,16,16,20.0390370943967,16,5.26,7.20813922713785,4.85,3.05,6.05204293657752,3.94976292499248
9.84999530728919,290,285.2961902319,270.658004364205,290,285.2961902319,270.658004364205,2.21,1.21975655597378,0.948998510719556,16,20.0162296017479,16,16,20.008114800874,16,5.26,7.22549628551495,4.85,3.05,6.00573972954116,3.90100148928044
9.8549953049071,290,358.039753005454,272.782083437016,290,358.039753005454,272.782083437016,2.21,1.16006115846993,0.890208961087793,16,24,20,16,22,18,5.26,6.12,3.92,3.05,4.95993884153007,3.02979103891221
9.85999530252501,290,370.829148935854,201.590387297449,290,370.829148935854,201.590387297449,2.21,1.18034993591452,0.958474971084638,16,23.9917662137761,20,16,21.995883106888,18,5.26,6.12230546014269,3.92,3.05,4.94195552422818,2.96152502891536
9.86499530014293,290,287.984115455768,201.11164724715,290,287.984115455768,201.11164724715,2.21,1.35014825574617,0.919906960627375,16,20,18,16,20,18,5.26,7.24,5.31,3.05,5.88985174425383,4.39009303937262
9.86999529776084,290,273.004283472598,306.436348385139,290,273.004283472598,306.436348385139,2.21,1.48999464565925,0.832136376345717,16,20.0002379706999,18,16,20.0001189853499,18,5.26,7.23993336820404,5.31,3.05,5.74993872254478,4.47786362365428
9.87499529537875,290,344.932321132881,306.002890408303,290,344.932321132881,306.002890408303,2.21,1.4000845985839,0.78004817347171,16,23.9962400629378,18,16,21.9981200314689,18,5.26,6.1210527823774,4.84045283063408,3.05,4.7209681837935,4.06040465716237
9.87999529299667,290,361.967029159509,242.669778665264,290,361.967029159509,242.669778665264,2.21,1.52974787004331,1.0138346633898,16,24,18,16,22,18,5.26,6.12,4.84,3.05,4.59025212995669,3.8261653366102
9.88499529061458,290,269.273321247563,246.981925801243,290,269.273321247563,246.981925801243,2.21,1.65961793804104,0.96018074198757,16,20.0117557525834,18,16,20.0058778762917,16.006024732919,5.26,7.23670838927666,4.84,3.05,5.57709045123562,3.87981925801243
9.88999528823249,290,261.029914896093,258.668316518409,290,261.029914896093,258.668316518409,2.21,1.64007478724023,0.96,16,20,18,16,20,16,5.26,7.24,4.84,3.05,5.59992521275977,3.88
9.89499528585041,290,352.564095551931,259.995142533881,290,352.564095551931,259.995142533881,2.21,1.57033166642788,0.930145723983562,16,21.9905238163463,19.9902850677626,16,21.9905238163463,19.9805701355251,5.26,6.12530666284606,4.3722830090758,3.05,4.55497499641818,3.44213728509224
9.89999528346832,290,369.902461330955,220.205261907328,290,369.902461330955,220.205261907328,2.21,1.57994262431233,0.997942235767976,16,22,20,16,22,20,5.26,6.12,4.37,3.05,4.54005737568767,3.37205776423202
9.90499528108623,290,289.545700702336,207.082864420478,290,289.545700702336,207.082864420478,2.21,1.75878733177259,1.04965473158134,16,20.0134740914157,18.0138107367463,16,20.0134740914157,18.0138107367463,5.26,6.86494721571911,5.75040153796134,3.05,5.10615988394653,4.70074680638
9.90999527870415,290,282.054155658538,300.959242110813,290,282.054155658538,300.959242110813,2.21,1.71038682613242,1.06937303961048,16,20,18,16,20,18,5.26,6.87,5.76,3.05,5.15961317386758,4.69062696038952
9.91499527632206,290,350.397216028369,303.008954265398,290,350.397216028369,303.008954265398,2.21,1.620786239963,1.07991045734602,16,21.9825280008223,19.9820914692032,16,20,19.9820914692032,5.26,6.13646463969576,4.83832746682053,3.05,4.51567839973276,3.75841700947451
9.91999527393997,290,374.766348563312,230.497455529969,290,374.766348563312,230.497455529969,2.21,1.59029206429586,1.18633706522271,16,22,20,16,20,20,5.26,6.13,4.83,3.05,4.53970793570414,3.64366293477729
9.92499527155789,290,317.622627301211,228,290,317.622627301211,228,2.21,1.73838975697963,1.15044012649695,16,18.0429398138766,18.0220063248474,16,20,16.0440126496948,5.26,6.49602806721641,5.74976705894596,3.05,4.75763831023678,4.59932693244901
9.9299952691758,290,296.242275641124,296.497193579493,290,296.242275641124,296.497193579493,2.21,1.66092295482333,1.17894247616035,16,18,18,16,20,16,5.26,6.5,5.76,3.05,4.83907704517667,4.58105752383965
9.93499526679371,290,331.548772142594,289.13052059449,290,331.548772142594,289.13052059449,2.21,1.55137875178652,1.18986947940551,16,19.9749317856997,19.9738958811021,16,21.9749317856997,19.9477917622041,5.26,5.75940058036262,4.38814236263406,3.05,4.20802182857611,3.19827288322855
9.93999526441162,290,352.715794734088,170.552765776458,290,352.715794734088,170.552765776458,2.21,1.59932332079545,1.37296727237783,16,20,20,16,22,20,5.26,5.75,4.37,3.05,4.15067667920455,2.99703272762217
9.94499526202954,290,289.930115905995,159.104273150361,290,289.930115905995,159.104273150361,2.21,1.62956400816906,1.35044688493012,16,20,18.0297923286747,16,18.0581322441247,18.0297923286747,5.26,6.48910020422662,5.73929433157109,3.05,4.85953619605755,4.38884744664097
9.94999525964745,290,281.124260303776,254.143106123976,290,281.124260303776,254.143106123976,2.21,1.64968934924056,1.40766248855999,16,20,18,16,18,18,5.26,6.5,5.76,3.05,4.85031065075944,4.35233751144001
9.95499525726537,290,330.173399254391,253.084725306813,290,330.173399254391,253.084725306813,2.21,1.54181852164034,1.45915274693187,16,20,19.9661098772747,16,19.9669359701756,18,5.26,5.76239901118414,4.84575890706725,3.05,4.2205804895438,3.38660616013538
9.95999525488328,290,350.649370162953,179.106900357412,290,350.649370162953,179.106900357412,2.21,1.54,1.63946549821294,16,20,19.9866374553235,16,20,18,5.26,5.75,4.83307338527561,3.05,4.21,3.19360788706267
9.96499525250119,290,298.982141346002,194.710559785268,290,298.982141346002,194.710559785268,2.21,1.6577762837449,1.56144720107366,16,20,18.0361800268415,16,20,18,5.26,6.12295823185886,5.28167859382646,3.05,4.46518194811395,3.7202313927528
9.9699952501191,290,288.195304457333,244.976350576259,290,288.195304457333,244.976350576259,2.21,1.65019530445733,1.50985810345755,16,20,18.0094597694963,16,20,18.0094597694963,5.26,6.13,5.28782425301584,3.05,4.47980469554267,3.77796614955829
9.97499524773702,290,315.072819034236,240.100207005056,290,315.072819034236,240.100207005056,2.21,1.4902022750951,1.48060124203034,16,22,19.9599171979776,16,22,19.9599171979776,5.26,6.13,4.83921904446515,3.05,4.6397977249049,3.35861780243481
9.97999524535493,290,332.954309625578,169.029735429947,290,332.954309625578,169.029735429947,2.21,1.5402132217473,1.74979185199037,16,21.993907950077,19.9881058280211,16,21.987815900154,19.9940529140105,5.26,6.1322540584715,4.83273565955516,3.05,4.5920408367242,3.08294380756479
9.98499524297285,290,317.971348327706,178.782022572354,290,317.971348327706,178.782022572354,2.21,1.61014325836147,1.68152584199352,16,20,16.0871909710585,16,18,18.0435954855292,5.26,6.87,5.72994607665654,3.05,5.25985674163853,4.04842023466302
9.98999524059076,290,304.051306482943,251.010221554046,290,304.051306482943,251.010221554046,2.21,1.6797905857839,1.80002044310809,16,20.002094142161,16.0020443108093,16,18.0041882843219,18,5.26,6.86882728038986,5.74857920398756,3.05,5.18903669460596,3.94855876087946
9.99499523820867,290,353.001285041779,260.762508696453,290,353.001285041779,260.762508696453,2.21,1.4800014278242,1.81952501739291,16,22,17.9525017392905,16,22,18,5.26,5.75,4.39301129119307,3.05,4.2699985721758,2.57348627380016
9.99999523582659,290,379.974299164386,261,290,379.974299164386,261,2.21,1.50997144351598,1.95986340686502,16,22,18,16,22,18,5.26,5.75,4.36,3.05,4.24002855648402,2.40013659313498
10.0049952334445,290,294.167816937668,179.158843507366,290,294.167816937668,179.158843507366,2.21,1.57986340481818,1.83334106733283,16,20.0039027194807,16.0514010358897,16,20.0039027194807,16.0514010358897,5.26,6.87779496349343,4.80817776174538,3.05,5.29793155867525,2.97483669441255
10.0099952310624,290,280.041311713532,208.903214007197,290,280.041311713532,208.903214007197,2.21,1.63982294979915,1.59072589494603,16,20,16,16,20,16,5.26,6.88,4.82,3.05,5.24017705020085,3.22927410505397
10.0149952286803,290,350.733660332367,270.257929951299,290,350.733660332367,270.257929951299,2.21,1.59018756314622,1.5316591143321,16,21.9924974741512,17.9446961889301,16,21.9924974741512,17.9446961889301,5.26,6.13281344719331,3.91571627214748,3.05,4.54262588404709,2.38405715781539
10.0199952262982,290,362.943000115658,261.053566308757,290,362.943000115658,261.053566308757,2.21,1.59995250009638,1.71907476375783,16,22,18,16,22,18,5.26,6.13,3.89,3.05,4.53004749990362,2.17092523624217
10.0249952239162,290,301.356466972745,159.087865965278,290,301.356466972745,159.087865965278,2.21,1.80879261186651,1.69088224741865,16,20.0114989346047,16.0588164945767,16,20.0114989346047,16.0588164945767,5.26,6.87568789952325,4.7829444124947,3.05,5.06689528765674,3.09206216507605
10.0299952215341,290,279.148476773343,157.986164871622,290,279.148476773343,157.986164871622,2.21,1.78020246832729,1.72972329743245,16,20,16,16,20,16,5.26,6.88,4.81,3.05,5.09979753167271,3.08027670256755
10.034995219152,290,336.550591571366,228.710746653872,290,336.550591571366,228.710746653872,2.21,1.65100729475384,1.72031359634878,16,21.9845031576333,17.9372807302431,16,21.9845031576333,17.9372807302431,5.26,6.13581131588751,3.90916446043698,3.05,4.48480402113368,2.18885086408819
10.0399952167699,290,357.816294139399,233.973100616358,290,357.816294139399,233.973100616358,2.21,1.75903773120638,1.78937234771502,16,22,18,16,22,18,5.26,6.13,3.88,3.05,4.37096226879362,2.09062765228498
10.0449952143878,290,289.672568879392,180.832106235771,290,289.672568879392,180.832106235771,2.21,1.91844041998982,1.64499665337029,16,20.0194947501273,16.0666220449371,16,20.0194947501273,16.0666220449371,5.26,6.87268946870226,4.76935385932892,3.05,4.95424904871244,3.12435720595863
10.0499952120057,290,272.182696484071,209.658523894581,290,272.182696484071,209.658523894581,2.21,1.92,1.48176245731829,16,20,16,16,20,16,5.26,6.88,4.8,3.05,4.96,3.31823754268171
10.0549952096236,290,331.307069827734,298.755858274725,290,331.307069827734,298.755858274725,2.21,1.92988451163796,1.30634723381032,16,21.9769023275911,16,16,20,16,5.26,6.13866162715333,3.90279404135332,3.05,4.20877711551537,2.596446807543
10.0599952072415,290,348.786717903352,303.973871489471,290,348.786717903352,303.973871489471,2.21,1.82138006062537,1.49738714894708,16,22,16,16,20,16,5.26,6.13,3.87,3.05,4.30861993937463,2.37261285105292
10.0649952048595,290,308.555364787667,203.850701251743,290,308.555364787667,203.850701251743,2.21,1.85945818069496,1.38444311682893,16,20.027090965252,16,16,18.027090965252,16,5.26,6.50485271660211,3.87,3.05,4.64539453590715,2.48555688317107
10.0699952024774,290,307.014544959566,210.836008038317,290,307.014544959566,210.836008038317,2.21,1.87970910080868,1.33074541800765,16,20,16,16,18,16,5.26,6.51,3.87,3.05,4.63029089919132,2.53925458199235
10.0749952000953,290,325.704655706367,225.415447908962,290,325.704655706367,225.415447908962,2.21,1.70279799857126,1.28194850697013,16,21.9689111269859,17.9220597211949,16,21.9378222539719,17.9220597211949,5.26,5.77165832738027,3.86038970139403,3.05,4.068860328809,2.5784411944239
10.0799951977132,290,341.735297384845,226.983042742822,290,341.735297384845,226.983042742822,2.21,1.73933824346211,1.27016957257178,16,22,18,16,22,18,5.26,5.76,3.86,3.05,4.02066175653789,2.58983042742822
10.0849951953311,290,279.12277698479,233.046687598552,290,279.12277698479,233.046687598552,2.21,1.83824566096127,1.15013339313872,16,18.0701735615494,16,16,20.0350867807747,16,5.26,6.86035140276618,4.79,3.05,5.02210574180491,3.63986660686128
10.089995192949,290,258.370857346557,239.873288598236,290,258.370857346557,239.873288598236,2.21,1.83018542867328,1.16963796742353,16,18,16,16,20,16,5.26,6.88,4.79,3.05,5.04981457132672,3.62036203257647
10.0949951905669,290,333.495239491338,302,290,333.495239491338,302,2.21,1.79078169377073,1.0708021057888,16,21.9218306229267,16,16,20,18,5.26,5.78188742558054,3.86,3.05,3.9911057318098,2.7891978942112
10.0999951881849,290,345.685378937374,302,290,345.685378937374,302,2.21,1.79028235223569,1.23659098720971,16,21.991932793266,16,16,19.991932793266,18,5.26,5.76302520252525,3.86,3.05,3.97274285028956,2.62340901279029
10.1049951858028,290,268.018204758559,226.094781682958,290,268.018204758559,226.094781682958,2.21,1.85990897620721,1.05928913737782,16,20,16,16,18,16,5.26,6.51,4.32,3.05,4.6500910237928,3.26071086262218
10.1099951834207,290,274.136321515561,257.302100538658,290,274.136321515561,257.302100538658,2.21,1.8294913376285,0.825234245960064,16,20.004069298972,16,16,18.004069298972,16,5.26,6.50847401288551,4.32,3.05,4.67898267525701,3.49476575403994
10.1149951810386,290,341.030020003819,321.990905139979,290,341.030020003819,321.990905139979,2.21,1.58002070345091,0.79,16,22,18,16,20,18,5.26,5.76,3.85,3.05,4.17997929654909,3.06
10.1199951786565,290,369.997679785676,313.213846711813,290,369.997679785676,313.213846711813,2.21,1.6000064252089,0.79,16,21.9998572175801,18,16,19.99992860879,18,5.26,5.76002677170373,3.85,3.05,4.16002034649484,3.06
10.1249951762744,290,305.062645786809,262.050380914337,290,305.062645786809,262.050380914337,2.21,1.77982651935961,0.740049393053272,16,18.0038551253421,16.0019757221309,16,18.001927562671,18,5.26,6.50927716399836,4.7690911678198,3.05,4.72945064463875,4.02904177476653
10.1299951738923,290,273.06282426481,255.17998493343,290,273.06282426481,255.17998493343,2.21,1.66023559099304,0.574371062669013,16,18,16,16,18,18,5.26,6.51,4.77,3.05,4.84976440900696,4.19562893733099
10.1349951715102,290,332.822235887051,339.741875562289,290,332.822235887051,339.741875562289,2.21,1.61014813676079,0.470303675809072,16,21.9881490591367,19.9878529676371,16,19.9940745295684,19.9939264838186,5.26,5.39331826344172,4.31139690872173,3.05,3.78317012668093,3.84109323291266
10.1399951691282,290,350.93226305093,331.248971688435,290,350.93226305093,331.248971688435,2.21,1.61,0.615850471859414,16,22,20,16,20,20,5.26,5.39,4.31,3.05,3.78,3.69414952814059
10.1449951667461,290,269.39047488954,263.331966666741,290,269.39047488954,263.331966666741,2.21,1.68961904888825,0.679707088235229,16,20.0095237777937,18.0097637254924,16,20,18.0097637254924,5.26,6.50466668443555,5.6932142107828,3.05,4.8150476355473,5.01350712254757
10.149995164364,290,264.028806829187,255.235358901525,290,264.028806829187,255.235358901525,2.21,1.62040329560861,0.582941986269068,16,20,18,16,20,18,5.26,6.51,5.7,3.05,4.88959670439139,5.11705801373093
10.1549951619819,290,350.411806678328,365.230796639516,290,350.411806678328,365.230796639516,2.21,1.45114934327223,0.589930702399956,16,21.9864783144443,19.9861404799913,16,20,19.9861404799913,5.26,6.1425015118278,4.77644467680406,3.05,4.69135216855557,4.1865139744041
10.1599951595998,290,370.844793605633,356.313712502808,290,370.844793605633,356.313712502808,2.21,1.43015520639437,0.706235449966307,16,22,20,16,20,20,5.26,6.14,4.77,3.05,4.70984479360563,4.06376455003369
10.1649951572177,290,335.315352679719,270.77216450455,290,335.315352679719,270.77216450455,2.21,1.58859843253458,0.670359146281186,16,18.0350391866354,18.0179573140593,16,16.0350391866354,18.0179573140593,5.26,6.50675887523623,5.68173963553273,3.05,4.91816044270164,5.01138048925154
10.1699951548356,290,305.292778207959,261.299903740838,290,305.292778207959,261.299903740838,2.21,1.52068314915191,0.611999358272253,16,18,18,16,16,18,5.26,6.51,5.69,3.05,4.98931685084809,5.07800064172775
10.1749951524536,290,333.687996234365,330.228071216155,290,333.687996234365,330.228071216155,2.21,1.49032276251617,0.590220551081098,16,21.9569649978434,21.9558897837803,16,21.9354474967651,19.9779448918901,5.26,5.02613812580872,4.77025562527108,3.05,3.53581536329255,4.18003507418998
10.1799951500715,290,346.849710417476,318.458562330975,290,346.849710417476,318.458562330975,2.21,1.42080925159821,0.715414376690246,16,22,22,16,22,20,5.26,5.01,4.76,3.05,3.58919074840179,4.04458562330975
10.1849951476894,290,243.318579943116,223.255339303698,290,243.318579943116,223.255339303698,2.21,1.4002511580844,0.818692354891981,16,20.0251158084403,20.0261529021604,16,18.0502316168806,18.0261529021604,5.26,6.85651671910832,6.14169296848773,3.05,5.45626556102391,5.32300061359575
10.1899951453073,290,235.094901668127,207.555563868641,290,235.094901668127,207.555563868641,2.21,1.52823754044907,0.839259248175145,16,20,20,16,18,18,5.26,6.88,6.16,3.05,5.35176245955093,5.32074075182485
10.1949951429252,290,343.398745608872,303.53778551508,290,343.398745608872,303.53778551508,2.21,1.52014556858101,0.918806355522514,16,21.9708862837977,21.9701588880629,16,19.9708862837977,21.9403177761257,5.26,5.7763036810733,5.24387611705077,3.05,4.25615811249229,4.32506976152826
10.1999951405431,290,347.953330994874,291.545744567268,290,347.953330994874,291.545744567268,2.21,1.52984443664958,1.14103419639488,16,22,22,16,20,22,5.26,5.76,5.23,3.05,4.23015556335042,4.08896580360512
10.204995138161,290,270.307909146591,212.357556239509,290,270.307909146591,212.357556239509,2.21,1.74635772136392,1.13033938905988,16,18.0662232479287,20.0339389059877,16,18.0331116239643,20.0339389059877,5.26,6.49758314101337,6.59641246033854,3.05,4.75122541964945,5.46607307127866
10.2099951357789,290,256.22821875599,231.81893910864,290,256.22821875599,231.81893910864,2.21,1.72052665866767,1.00006658041534,16,18,20,16,18,20.0133160830673,5.26,6.51,6.6138080213737,3.05,4.78947334133233,5.61374144095836
10.2149951333969,290,318.812494984779,351.772070960238,290,318.812494984779,351.772070960238,2.21,1.59241211956217,1.00981886755774,16,19.9628904682743,20,16,19.9628904682743,21.9637735115486,5.26,5.41078133776636,5.70684531712991,3.05,3.8183692182042,4.69702644957216
10.2199951310148,290,345.491589687113,335.534041259588,290,345.491589687113,335.534041259588,2.21,1.6488267454318,1.23028239923661,16,20,20,16,20,21.9905866921129,5.26,5.39,5.69221212735347,3.05,3.7411732545682,4.46192972811686
10.2249951286327,290,258.943696132352,238.986398549765,290,258.943696132352,238.986398549765,2.21,1.79991956590336,1.28879612209105,16,18,20,16,18,20.0401292636316,5.26,6.13,6.15056962304657,3.05,4.33008043409664,4.86177350095552
10.2299951262506,290,245.184355901382,240.129813736365,290,245.184355901382,240.129813736365,2.21,1.7793955544217,1.27044254682852,16,18.006044455783,20.0059006243802,16,18.006044455783,20,5.26,6.12776355136029,6.15864285639255,3.05,4.34836799693859,4.88820030956403
10.2349951238685,290,306.050568773775,283.039877162953,290,306.050568773775,283.039877162953,2.21,1.58010113754755,1.41672685396461,16,20,21.9563580528615,16,20,20,5.26,5.39,5.71003764784185,3.05,3.80989886245245,4.29331079387724
10.2399951214864,290,330.93655701135,267.956047317599,290,330.93655701135,267.956047317599,2.21,1.63019442206199,1.540079913968,16,19.995906903958,21.9980021508,16,19.997953451979,20,5.26,5.39075722276776,5.70045950531601,3.05,3.76056280070577,4.16037959134801
10.2449951191043,290,268.99959544981,225.045983891011,290,268.99959544981,225.045983891011,2.21,1.8199964304395,1.61809821110725,16,16,20.0475447223187,16,18,20,5.26,6.13,6.1490647138667,3.05,4.3100035695605,4.53096650275945
10.2499951167222,290,252.016586557799,229.993999658714,290,252.016586557799,229.993999658714,2.21,1.67014635198058,1.55007000398167,16,16,20,16,18,20,5.26,6.13,6.16,3.05,4.45985364801942,4.60992999601833
10.2549951143402,290,323.857788709657,278.713812562528,290,323.857788709657,278.713812562528,2.21,1.58017776411293,1.55974276251251,16,19.9920993727587,20,16,19.9960496863794,20,5.26,5.01221217562755,5.71183292442475,3.05,3.43203441151462,4.15209016191224
10.2599951119581,290,343.940507324984,271.027440585157,290,343.940507324984,271.027440585157,2.21,1.58,1.76935971967967,16,20,20,16,20,20,5.26,5.01,5.7,3.05,3.43,3.93064028032033
10.264995109576,290,259.320880503751,220.439107089657,290,259.320880503751,220.439107089657,2.21,1.7692827376975,1.72138375681698,16,18.0075501295,18.0553502726791,16,16.015100259,18.0553502726791,5.26,6.12577192747999,5.7,3.05,4.35648918978249,3.97861624318302
10.2699951071939,290,239.095475748636,233.926589084101,290,239.095475748636,233.926589084101,2.21,1.71028642724591,1.83941271267281,16,18,18,16,16,18,5.26,6.13,5.7,3.05,4.41971357275409,3.86058728732719
10.2749951048118,290,326.491952735235,240.793979653349,290,326.491952735235,240.793979653349,2.21,1.59069279172468,1.87882274087628,16,18,21.8822740876281,16,17.9884534712553,19.941137043814,5.26,5.01646605609701,4.79737127462648,3.05,3.42577326437233,2.9185485337502
10.2799951024297,290,347.857772432431,243.97917413254,290,347.857772432431,243.97917413254,2.21,1.58006772741313,1.9991669653016,16,18,22,16,18,20,5.26,5.01,4.77,3.05,3.42993227258687,2.7708330346984
10.2849951000476,290,266.637321896774,189.757440478253,290,266.637321896774,189.757440478253,2.21,1.71891188944453,1.89345211522514,16,18,20.0627657313662,16,18,18.0627657313662,5.26,5.37712427924627,6.11637781670051,3.05,3.65821238980173,4.22292570147537
10.2899950976656,290,254.105260342326,213.766237826023,290,254.105260342326,213.766237826023,2.21,1.5911403203752,1.83053945117072,16,18,20,16,18,18,5.26,5.38,6.16,3.05,3.7888596796248,4.32946054882928
10.2949950952835,290,302.521212565451,323.23322938013,290,302.521212565451,323.23322938013,2.21,1.41175881098406,1.76233339772912,16,19.9804576557327,20,16,18,19.9333314934536,5.26,5.37009771172134,5.26100085554407,3.05,3.95833890073728,3.49866745781494
10.2999950929014,290,332.676880527776,327.988960250129,290,332.676880527776,327.988960250129,2.21,1.37043082596297,1.95779205002589,16,20,20,16,18,20,5.26,5.37,5.23,3.05,3.99956917403703,3.27220794997411
10.3049950905193,290,333,243.105136395882,290,333,243.105136395882,2.21,1.43918991533787,1.8345871333121,16,18.0231452760608,18.0705712817246,16,18,16.1411425634492,5.26,5.73571812392876,5.67376860520334,3.05,4.29652820859088,3.83918147189124
10.3099950881372,290,316.213686646837,261.712049768292,290,316.213686646837,261.712049768292,2.21,1.40050279211021,1.76091620528271,16,18,18,16,18,16,5.26,5.74,5.69,3.05,4.33949720788979,3.92908379471729
10.3149950857551,290,338.687906566992,313.999342718805,290,338.687906566992,313.999342718805,2.21,1.3013569279696,1.75037049208911,16,19.972861440608,19.925901582178,16,19.972861440608,19.8518031643559,5.26,5.37502063348752,4.35149840038632,3.05,4.07366370551792,2.60112790829721
10.319995083373,290,352.796037407094,311.074663758921,290,352.796037407094,311.074663758921,2.21,1.23101981296453,1.73029865503568,16,20,20,16,20,20,5.26,5.37,4.3,3.05,4.13898018703547,2.56970134496432
10.3249950809909,290,323.46704700731,215.86034365051,290,323.46704700731,215.86034365051,2.21,1.21031136467154,1.68194966851036,16,18.031136467154,18.0779867404144,16,18.031136467154,18.0779867404144,5.26,6.10832382481724,5.63579921541203,3.05,4.8980124601457,3.95384954690167
10.3299950786089,290,314.149109394654,213.966036702381,290,314.149109394654,213.966036702381,2.21,1.30834322894828,1.51288688029761,16,18,18,16,18,18,5.26,6.12,5.69,3.05,4.81165677105172,4.17711311970239
10.3349950762268,290,348.385148438994,323.90030360803,290,348.385148438994,323.90030360803,2.21,1.09386478124061,1.50066464261313,16,19.9648656250853,20,16,19.9648656250853,20,5.26,5.38317539059299,4.76,3.05,4.28931060935238,3.25933535738687
10.3399950738447,290,363.721500034033,309.27187289442,290,363.721500034033,309.27187289442,2.21,1.15870033349215,1.5981875140372,16,20,20,16,20,20,5.26,5.37,4.76,3.05,4.21129966650785,3.1618124859628
10.3449950714626,290,294.389196035021,220.990609922918,290,294.389196035021,220.990609922918,2.21,1.24823904727955,1.57990609922918,16,18.0391322826766,18,16,18.0391322826766,18,5.26,6.09552105540964,5.69,3.05,4.84728200813009,4.11009390077083
10.3499950690805,290,277.192470702257,219.040152494436,290,277.192470702257,219.040152494436,2.21,1.28979950968515,1.56040152494436,16,18.008019612594,18,16,18.008019612594,18,5.26,6.10699264527724,5.69,3.05,4.81719313559209,4.12959847505564
10.3549950666984,290,325.033113622922,296.008816090363,290,325.033113622922,296.008816090363,2.21,1.24003010329357,1.50014693483939,16,20,22,16,20,20,5.26,5.36,4.76,3.05,4.11996989670643,3.25985306516061
10.3599950643163,290,335.887392264704,298.934502233085,290,335.887392264704,298.934502233085,2.21,1.25014075966912,1.54890837055142,16,19.995978295168,22,16,19.995978295168,20,5.26,5.361508139312,4.76,3.05,4.11136737964288,3.21109162944858
10.3649950619343,290,279.989886245245,234.004936545989,290,279.989886245245,234.004936545989,2.21,1.32004045501902,1.46988152289628,16,18,18,16,18,18,5.26,6.11,6.15,3.05,4.78995954498098,4.68011847710372
10.3699950595522,290,270.000511637005,238.881080117192,290,270.000511637005,238.881080117192,2.21,1.36,1.3528540771874,16,18.00004759414,18,16,18.00002379707,18,5.26,6.10999107609876,6.15,3.05,4.74999107609876,4.7971459228126
10.3749950571701,290,312.957534128563,349.88763995067,290,312.957534128563,349.88763995067,2.21,1.36,1.3200303675809,16,21.996049686378,21.9959509892133,16,19.998024843189,19.9979754946067,5.26,5.36074068380413,4.76140703124836,3.05,4.00074068380413,3.44137666366746
10.379995054788,290,315.994038833964,342.205882913214,290,315.994038833964,342.205882913214,2.21,1.34003974110691,1.52459557352813,16,22,22,16,20,20,5.26,5.36,4.76,3.05,4.01996025889309,3.23540442647187
10.3849950524059,290,263.158286211148,211.401010613575,290,263.158286211148,211.401010613575,2.21,1.54937282821998,1.50009183449166,16,20.0059730645716,18.0122445988878,16,18.0059730645716,18.0061222994439,5.26,6.47665508383989,6.1457450018865,3.05,4.92728225561991,4.64565316739484
10.3899950500238,290,245.068165381931,210.027686751742,290,245.068165381931,210.027686751742,2.21,1.51015147862651,1.54861566241291,16,20,18,16,18,18,5.26,6.48,6.15,3.05,4.96984852137349,4.60138433758709
10.3949950476417,290,329.593216692821,313.48974902514,290,329.593216692821,313.48974902514,2.21,1.50004785685967,1.51019625037495,16,20,21.9803749625054,16,19.9904286280664,21.9803749625054,5.26,5.74354140761544,4.76681970052937,3.05,4.24349355075578,3.25662345015443
10.3999950452596,290,346.901652230576,314,290,346.901652230576,314,2.21,1.40057851629073,1.52941113813009,16,20,22,16,20,22,5.26,5.74,4.76,3.05,4.33942148370927,3.23058886186991
10.4049950428776,290,307.271385593913,222.639781950474,290,307.271385593913,222.639781950474,2.21,1.51918584321826,1.45055633213085,16,20,22,16,18.0135692796957,20.0139083032712,5.26,6.10748968325631,6.59713481947416,3.05,4.58830384003804,5.14657848734331
10.4099950404955,290,299.062272934307,232.654660708061,290,299.062272934307,232.654660708061,2.21,1.55968863532847,1.28533706178452,16,20,22,16,18,20,5.26,6.11,6.61,3.05,4.55031136467153,5.32466293821548
10.4149950381134,290,319.815544531694,377.685554895512,290,319.815544531694,377.685554895512,2.21,1.40140537499661,1.31963987805356,16,21.9824328125423,22,16,19.9824328125423,21.9819939026783,5.26,5.73333776561696,6.154141402384,3.05,4.33193239062034,4.83450152433044
10.4199950357313,290,338.814121657296,356.766954979536,290,338.814121657296,356.766954979536,2.21,1.4,1.5133308262649,16,22,22,16,20,22,5.26,5.73,6.15,3.05,4.33,4.6366691737351
10.4249950333492,290,306.355824071101,284.795740089403,290,306.355824071101,284.795740089403,2.21,1.49892174523909,1.52,16,18.0431301904365,20.0221038913723,16,18.0215650952183,18.0442077827446,5.26,6.47191308929315,6.61480558552751,3.05,4.97299134405406,5.09480558552751
10.4299950309671,290,280.301198012523,289.788216462412,290,280.301198012523,289.788216462412,2.21,1.53953661844227,1.57788216462412,16,18,20,16,18,18,5.26,6.48,6.62,3.05,4.94046338155773,5.04211783537588
10.434995028585,290,321.471568545814,325.528369662389,290,321.471568545814,325.528369662389,2.21,1.54,1.58,16,19.9748365974197,21.9737983145772,16,18,21.9475966291543,5.26,5.37409150544495,5.23834117979599,3.05,3.83409150544495,3.65834117979599
10.439995026203,290,249.005007189094,325.037060826579,290,249.005007189094,325.037060826579,2.21,1.54,1.63777635040524,16,20,22,16,18,22,5.26,5.36,5.22,3.05,3.82,3.58222364959476
10.4449950238209,290,248,229.449659917181,290,248,229.449659917181,2.21,1.57941677379315,1.67940220209601,16,20,22,16,18,20.0298898951996,5.26,5.72460515758668,6.59907707336028,3.05,4.14518838379352,4.91967487126427
10.4499950214388,290,237.171381453232,223.195024928047,290,237.171381453232,223.195024928047,2.21,1.74735137754096,1.53585074784142,16,20,22,16,18,20,5.26,5.73,6.62,3.05,3.98264862245904,5.08414925215858
10.4549950190567,290,250.76788547327,322.283621692867,290,250.76788547327,322.283621692867,2.21,1.6123211452673,1.5889803693225,16,20,22,16,19.9668407818957,23.9320246214997,5.26,5.73,6.16781716852754,3.05,4.1176788547327,4.57883679920504
10.4599950166746,290,269.665997366146,303.595276545529,290,269.665997366146,303.595276545529,2.21,1.737714718821,1.79019904432187,16,20,22,16,20,23.9734607570838,5.26,5.73,6.16617037397801,3.05,3.992285281179,4.37597132965613
10.4649950142925,290,261.167207066395,244.10632497685,290,261.167207066395,244.10632497685,2.21,1.68111471377597,1.81945590574909,16,18.0371571258656,22,16,18.0371571258656,20.0725459001213,5.26,6.09312593171486,7.0731330782218,3.05,4.41201121793889,5.25367717247271
10.4699950119104,290,261,246.327839619725,290,261,246.327839619725,2.21,1.827063294019,1.88,16,18,22,16,18,20.0093668462779,5.26,6.1,7.08564441648079,3.05,4.272936705981,5.20564441648079
10.4749950095283,290,276.103945601812,314.59384961657,290,276.103945601812,314.59384961657,2.21,1.6407995815524,1.88,16,18,22,16,18,21.9598242747591,5.26,5.36,6.178681712237,3.05,3.7192004184476,4.298681712237
10.4799950071463,290,301.814097289066,319.827302198256,290,301.814097289066,319.827302198256,2.21,1.83982009415071,2.0097365626753,16,18,21.994145837229,16,18.005996861643,21.994145837229,5.26,5.35997001569179,6.16137572825118,3.05,3.52014992154108,4.15163916557588
10.4849950047642,290,240.015991631048,262.288808058058,290,240.015991631048,262.288808058058,2.21,1.78021988492691,1.92196597839365,16,18,20.0436884087477,16,20,20.0436884087477,5.26,5.35,6.61973322394428,3.05,3.56978011507309,4.69776724555064
10.4899950023821,290,247.998001046119,280.057565933928,290,247.998001046119,280.057565933928,2.21,1.88978011507309,1.75997072918614,16,18,20.0019513875908,16,19.998001046119,20.0019513875908,5.26,5.35036980646799,6.62909260477028,3.05,3.4605896913949,4.86912187558414
10.494995,290,246,337.596060074126,290,246,337.596060074126,2.21,1.67,1.73071386775892,16,18,21.9524088160721,16,18,21.9524088160721,5.26,5.72,5.72212990052649,3.05,4.05,3.99141603276757
10.4999949976179,290,246,328.011268933635,290,246,328.011268933635,2.21,1.67,1.86985657720828,16,18,22,16,18,22,5.26,5.72,5.7,3.05,4.05,3.83014342279172
10.5049949952358,290,246,232.523203996299,290,246,232.523203996299,2.21,1.67,1.83102987918216,16,18,20.0514939591081,16,18,20.0514939591081,5.26,5.72,6.60605530901472,3.05,4.05,4.77502542983256
10.5099949928537,290,246,230,290,246,230,2.21,1.67,1.87984633272312,16,18,20,16,18,20,5.26,5.72,6.63,3.05,4.05,4.75015366727688
10.5149949904717,290,246,298.061114299908,290,246,298.061114299908,2.21,1.67,1.87027698367144,16,18,21.9446032657117,16,18,23.8892065314233,5.26,5.72,5.72575948144408,3.05,4.05,3.85548249777263
10.5199949880896,290,246,300.995081542313,290,246,300.995081542313,2.21,1.67,1.97945896965439,16,18,22,16,18,24,5.26,5.72,5.7,3.05,4.05,3.72054103034561
10.5249949857075,290,246,238.885101369447,290,246,238.885101369447,2.21,1.67,1.93147273544488,16,18,20.0589094177952,16,18,20.1178188355904,5.26,5.72,7.05876340754335,3.05,4.05,5.12729067209847
10.5299949833254,290,246,243.951235567842,290,246,243.951235567842,2.21,1.67,1.79097528864317,16,18,20,16,18,20,5.26,5.72,7.1,3.05,4.05,5.30902471135683
10.5349949809433,290,246,351.513923289865,290,246,351.513923289865,2.21,1.67,1.87717345131611,16,18,23.8743756140492,16,18,21.9371878070246,5.26,5.72,5.74396853508279,3.05,4.05,3.86679508376668
10.5399949785612,290,246,334.189320134006,290,246,334.189320134006,2.21,1.67,2.048467408439,16,18,24,16,18,22,5.26,5.72,5.7,3.05,4.05,3.651532591561
10.5449949761791,290,246,214.136328025648,290,246,214.136328025648,2.21,1.67,2.05966642515922,16,18,20.1334299363112,16,18,18.1334299363112,5.26,5.72,7.05329952229107,3.05,4.05,4.99363309713185
10.549994973797,290,246,217.911486867986,290,246,217.911486867986,2.21,1.67,2.06988935858498,16,18,20,16,18,18,5.26,5.72,7.1,3.05,4.05,5.03011064141502
10.554994971415,290,246,326.045406373305,290,246,326.045406373305,2.21,1.67,2.06035308871667,16,18,21.9293822566662,16,18,21.8587645133323,5.26,5.72,5.30567450130047,3.05,4.05,3.2453214125838
10.5599949690329,290,246,330,290,246,330,2.21,1.67,2.12908208730311,16,18,22,16,18,22,5.26,5.72,5.24,3.05,4.05,3.11091791269689
10.5649949666508,290,246,200.967707529178,290,246,200.967707529178,2.21,1.67,2.1685171022301,16,18,22,16,18,20.0741448884952,5.26,5.72,6.58809857805336,3.05,4.05,4.41958147582327
10.5699949642687,290,246,190.089742860492,290,246,190.089742860492,2.21,1.67,2.02224357151231,16,18,22,16,18,20,5.26,5.72,6.64,3.05,4.05,4.61775642848769
10.5749949618866,290,246,296.669157287691,290,246,296.669157287691,2.21,1.67,2.09687867191906,16,18,22,16,18,21.9219667979764,5.26,5.72,6.18833780247554,3.05,4.05,4.09145913055649
10.5799949595045,290,246,281.340120808821,290,246,281.340120808821,2.21,1.67,2.26710897312502,16,18,22,16,18,22,5.26,5.72,6.17,3.05,4.05,3.90289102687498
10.5849949571224,290,246,213.927144851406,290,246,213.927144851406,2.21,1.67,2.27072855148594,16,18,22,16,18,20,5.26,5.72,6.64,3.05,4.05,4.36927144851406
10.5899949547404,290,246,203.199628994759,290,246,203.199628994759,2.21,1.67,2.37800371005241,16,18,22,16,18,20,5.26,5.72,6.64,3.05,4.05,4.26199628994759
10.5949949523583,290,246,237.98598457679,290,246,237.98598457679,2.21,1.67,2.46084092539259,16,18,22,16,18,20,5.26,5.72,6.18,3.05,4.05,3.71915907460741
10.5999949499762,290,246,235.060298434068,290,246,235.060298434068,2.21,1.67,2.63638209395591,16,18,22,16,18,20,5.26,5.72,6.18,3.05,4.05,3.54361790604409
10.6049949475941,290,246,202.087463979496,290,246,202.087463979496,2.21,1.67,2.5700874639795,16,18,20,16,18,20,5.26,5.72,6.18,3.05,4.05,3.6099125360205
10.609994945212,290,246,231.344325406715,290,246,231.344325406715,2.21,1.67,2.59934432540672,16,18,20,16,18,20,5.26,5.72,6.18,3.05,4.05,3.58065567459329
10.6149949428299,290,246,251.013497097503,290,246,251.013497097503,2.21,1.67,2.53015425254289,16,18,20,16,18,20,5.26,5.72,5.72,3.05,4.05,3.18984574745711
10.6199949404478,290,246,264.666699096872,290,246,264.666699096872,2.21,1.67,2.6861908468214,16,18,20,16,18,20,5.26,5.72,5.72,3.05,4.05,3.0338091531786
10.6249949380657,290,246,225.041465773116,290,246,225.041465773116,2.21,1.67,2.54015549664918,16,18,20,16,18,18.0020732886558,5.26,5.72,5.72,3.05,4.05,3.17984450335082
10.6299949356837,290,246,243.510586695829,290,246,243.510586695829,2.21,1.67,2.54,16,18,20,16,18,18,5.26,5.72,5.72,3.05,4.05,3.18
10.6349949333016,290,246,255.962973503762,290,246,255.962973503762,2.21,1.67,2.42037026496238,16,18,20,16,18,19.9938289172937,5.26,5.72,5.25145020443599,3.05,4.05,2.83107993947361
10.6399949309195,290,246,261.833740104721,290,246,261.833740104721,2.21,1.67,2.49778320139628,16,18,20,16,18,20,5.26,5.72,5.25,3.05,4.05,2.75221679860372
10.6449949285374,290,246,218.216948864049,290,246,218.216948864049,2.21,1.67,2.39054237216012,16,18,18.0098613120022,16,18,18.0098613120022,5.26,5.72,5.70773189823949,3.05,4.05,3.31718952607936
10.6499949261553,290,246,231.587471459801,290,246,231.587471459801,2.21,1.67,2.341473316215,16,18,18,16,18,18,5.26,5.72,5.71,3.05,4.05,3.368526683785
10.6549949237732,290,246,280.658051379926,290,246,280.658051379926,2.21,1.67,2.29034892716334,16,18,19.9860429134664,16,18,19.9860429134664,5.26,5.72,4.78649004523814,3.05,4.05,2.4961411180748
10.6599949213911,290,246,285.84291144055,290,246,285.84291144055,2.21,1.67,2.4159156974543,16,18,20,16,18,20,5.26,5.72,4.78,3.05,4.05,2.3640843025457
10.6649949190091,290,246,215.640948260739,290,246,215.640948260739,2.21,1.67,2.29117356723797,16,18,18.0180548805842,16,18,18.0180548805842,5.26,5.72,5.70160448052835,3.05,4.05,3.41043091329037
10.669994916627,290,246,236.26587981143,290,246,236.26587981143,2.21,1.67,2.06767489288051,16,18,18,16,18,18,5.26,5.72,5.71,3.05,4.05,3.64232510711949
10.6749949142449,290,246,330.947747954849,290,246,330.947747954849,2.21,1.67,2.03033229011952,16,18,19.9778473253652,16,18,19.9778473253652,5.26,5.72,4.79030099370517,3.05,4.05,2.75996870358565
10.6799949118628,290,246,318.494486818969,290,246,318.494486818969,2.21,1.67,2.12646795129308,16,18,20,16,18,20,5.26,5.72,4.78,3.05,4.05,2.65353204870692
10.6849949094807,290,246,226.220646793866,290,246,226.220646793866,2.21,1.67,2.07078751406056,16,18,16.0525009373706,16,18,18.0262504686853,5.26,5.72,5.69779353206134,3.05,4.05,3.62700601800078
10.6899949070986,290,246,228.851663752336,290,246,228.851663752336,2.21,1.67,2.01222504371495,16,18,16,16,18,18,5.26,5.72,5.71,3.05,4.05,3.69777495628505
10.6949949047165,290,246,305.832391539951,290,246,305.832391539951,2.21,1.67,1.89179632070777,16,18,19.9401226430744,16,18,19.9700613215372,5.26,5.72,4.33095707492395,3.05,4.05,2.43916075421618
10.6999949023344,290,246,308.921943567172,290,246,308.921943567172,2.21,1.67,1.86117084649242,16,18,20,16,18,20,5.26,5.72,4.31,3.05,4.05,2.44882915350758
10.7049948999524,290,246,204.803933043208,290,246,204.803933043208,2.21,1.67,1.75187200598823,16,18,18.0340364725133,16,18,18.0340364725133,5.26,5.72,5.68617446924065,3.05,4.05,3.93430246325242
10.7099948975703,290,246,204.700827471988,290,246,204.700827471988,2.21,1.67,1.63907437881058,16,18,18.0132231598488,16,18,18.0132231598488,5.26,5.72,5.70385123067029,3.05,4.05,4.06477685185971
10.7149948951882,290,246,308.075071181496,290,246,308.075071181496,2.21,1.67,1.50254235881689,16,18,19.9636805883301,16,18,19.9636805883301,5.26,5.72,4.7968885264265,3.05,4.05,3.29434616760961
10.7199948928061,290,246,306.538640958903,290,246,306.538640958903,2.21,1.67,1.63972038845994,16,18,19.9906796153314,16,18,20,5.26,5.72,4.78428737694757,3.05,4.05,3.14456698848763
10.724994890424,290,246,209.99099824908,290,246,209.99099824908,2.21,1.67,1.5812066656055,16,18,18.0402221868501,16,18,20,5.26,5.72,5.68149779404896,3.05,4.05,4.10029112844345
10.7299948880419,290,246,199.1974618395,290,246,199.1974618395,2.21,1.67,1.60988384597677,16,18,18.0058077011618,16,18,20,5.26,5.72,5.6986642287328,3.05,4.05,4.08878038275603
10.7349948856598,290,246,265.513014407863,290,246,265.513014407863,2.21,1.67,1.57087469740714,16,18,19.956265129643,16,18,20,5.26,5.72,5.2500590201821,3.05,4.05,3.67918432277496
10.7399948832778,290,246,265.957139165415,290,246,265.957139165415,2.21,1.67,1.74003809851963,16,18,20,16,18,19.9980950740184,5.26,5.72,5.24043813297576,3.05,4.05,3.50040003445613
10.7449948808957,290,246,222.071847024586,290,246,222.071847024586,2.21,1.67,1.77904724708926,16,18,20,16,18,18.0476376455372,5.26,5.72,5.68904334152645,3.05,4.05,3.90999609443719
10.7499948785136,290,246,215.006293040861,290,246,215.006293040861,2.21,1.67,1.79997902319713,16,18,20,16,18,18,5.26,5.72,5.7,3.05,4.05,3.90002097680287
10.7549948761315,290,246,251.046502216729,290,246,251.046502216729,2.21,1.67,1.79025770210359,16,18,21.9484595792826,16,18,19.9484595792826,5.26,5.72,5.251854296765,3.05,4.05,3.46159659466141
10.7599948737494,290,246,248.012390948675,290,246,248.012390948675,2.21,1.67,1.99934947519455,16,18,22,16,18,20,5.26,5.72,5.24,3.05,4.05,3.24065052480545
10.7649948713673,290,246,197.441523093337,290,246,197.441523093337,2.21,1.67,1.91249494381539,16,18,18.1108863917952,16,18,18.0554431958976,5.26,5.72,6.14421891390763,3.05,4.05,4.23172397009224
10.7699948689852,290,246,216.896200059388,290,246,216.896200059388,2.21,1.67,1.99955514311166,16,18,18,16,18,18,5.26,5.72,6.17,3.05,4.05,4.17044485688834
10.7749948666031,290,246,289.789154522333,290,246,289.789154522333,2.21,1.67,2.03882088241191,16,18,18,16,18,19.9410441205955,5.26,5.72,4.81126911558311,3.05,4.05,2.7724482331712
10.7799948642211,290,246,294.979027782753,290,246,294.979027782753,2.21,1.67,2.21874166696516,16,18,18,16,18,20,5.26,5.72,4.77,3.05,4.05,2.55125833303484
10.784994861839,290,246,197.174362056525,290,246,197.174362056525,2.21,1.67,2.14251434618339,16,18,18,16,18,18.0628586545847,5.26,5.72,5.22522821617261,3.05,4.05,3.08271386998922
10.7899948594569,290,246,217.783048733415,290,246,217.783048733415,2.21,1.67,1.90216951266585,16,18,18,16,18,18,5.26,5.72,5.24,3.05,4.05,3.33783048733415
10.7949948570748,290,246,282.763492102877,290,246,282.763492102877,2.21,1.67,1.80333807148824,16,18,18,16,18,18,5.26,5.72,4.78568893599474,3.05,4.05,2.9823508645065
10.7999948546927,290,246,276.099796798197,290,246,276.099796798197,2.21,1.67,1.94833672003005,16,18,18,16,18,18,5.26,5.72,4.77,3.05,4.05,2.82166327996995
10.8049948523106,290,246,210.402582968065,290,246,210.402582968065,2.21,1.67,1.84388653127187,16,18,18,16,18,18,5.26,5.72,4.77,3.05,4.05,2.92611346872813
10.8099948499285,290,246,208.986862569842,290,246,208.986862569842,2.21,1.67,1.96829213407943,16,18,18,16,18,18,5.26,5.72,4.77,3.05,4.05,2.80170786592057
10.8149948475465,290,246,206.111287038753,290,246,206.111287038753,2.21,1.67,1.95074191359168,16,18,18,16,18,18,5.26,5.72,4.76037095679584,3.05,4.05,2.80962904320416
10.8199948451644,290,246,207.970036929906,290,246,207.970036929906,2.21,1.67,2.03865166184577,16,18,18,16,18,18,5.26,5.72,4.76,3.05,4.05,2.72134833815423
10.8249948427823,290,246,219.531522018203,290,246,219.531522018203,2.21,1.67,1.89585597477246,16,18,19.9219203363672,16,18,18,5.26,5.72,4.76,3.05,4.05,2.86414402522754
10.8299948404002,290,246,246.540178334048,290,246,246.540178334048,2.21,1.67,1.90965939135855,16,18,20,16,18,18,5.26,5.72,4.76,3.05,4.05,2.85034060864145
10.8349948380181,290,246,259.019799893566,290,246,259.019799893566,2.21,1.67,1.8309239950331,16,18,18,16,18,18,5.26,5.72,5.22,3.05,4.05,3.3890760049669
10.839994835636,290,246,261.945486036288,290,246,261.945486036288,2.21,1.67,1.96745601502678,16,18,18,16,18,18,5.26,5.72,5.22,3.05,4.05,3.25254398497322
10.8449948332539,290,246,284.120863000232,290,246,284.120863000232,2.21,1.67,1.81967459961476,16,18,16,16,18,16,5.26,5.72,4.76,3.05,4.05,2.94032540038524
10.8499948308718,290,246,309.476809570489,290,246,309.476809570489,2.21,1.67,1.75140858961791,16,18,16,16,18,16,5.26,5.72,4.76,3.05,4.05,3.00859141038209
10.8549948284898,290,246,302.037599057321,290,246,302.037599057321,2.21,1.67,1.63011568940714,16,18,18,16,18,18,5.26,5.72,3.83,3.05,4.05,2.19988431059286
10.8599948261077,290,246,314.71557234245,290,246,314.71557234245,2.21,1.67,1.66912483797677,16,18,18,16,18,18,5.26,5.72,3.83,3.05,4.05,2.16087516202323
10.8649948237256,290,246,242.014112713827,290,246,242.014112713827,2.21,1.67,1.50976478810288,16,18,16,16,18,16,5.26,5.72,4.75,3.05,4.05,3.24023521189712
10.8699948213435,290,246,256.642543427437,290,246,256.642543427437,2.21,1.67,1.26595760954272,16,18,16,16,18,16,5.26,5.72,4.75,3.05,4.05,3.48404239045728
10.8749948189614,290,246,348.902384691761,290,246,348.902384691761,2.21,1.67,1.1501167139555,16,18,17.9978779280818,16,18,17.9978779280818,5.26,5.72,3.82098676344198,3.05,4.05,2.67087004948648
10.8799948165793,290,246,346.077345477283,290,246,346.077345477283,2.21,1.67,1.15,16,18,18,16,18,18,5.26,5.72,3.82,3.05,4.05,2.67
10.8849948141972,290,246,263.258124437705,290,246,263.258124437705,2.21,1.67,1.11012439731938,16,18,16.0062198659688,16,18,18,5.26,5.72,4.73713886165435,3.05,4.05,3.62701446433497
10.8899948118152,290,246,263,290,246,263,2.21,1.67,0.90582397480373,16,18,16,16,18,18,5.26,5.72,4.74,3.05,4.05,3.83417602519627
10.8949948094331,290,246,349.568910421314,290,246,349.568910421314,2.21,1.67,0.700991010525716,16,18,19.9801797894857,16,18,19.9900898947428,5.26,5.72,4.28227932420915,3.05,4.05,3.58128831368343
10.899994807051,290,246,350.970510444895,290,246,350.970510444895,2.21,1.67,0.729115313346864,16,18,20,16,18,20,5.26,5.72,4.28,3.05,4.05,3.55088468665314
10.9049948046689,290,246,289.434181963679,290,246,289.434181963679,2.21,1.67,0.829299706510195,16,18,18.0140058697961,16,18,18.0140058697961,5.26,5.72,5.66026592049172,3.05,4.05,4.83096621398152
10.9099948022868,290,246,256.068992051618,290,246,256.068992051618,2.21,1.67,0.762200865988624,16,18,18,16,18,18,5.26,5.72,5.67,3.05,4.05,4.90779913401138
10.9149947999047,290,246,358.058609479974,290,246,358.058609479974,2.21,1.67,0.680724146553866,16,18,21.9637926723067,16,18,19.9818963361533,5.26,5.72,4.7484182036887,3.05,4.05,4.06769405713483
10.9199947975226,290,246,356.100176990855,290,246,356.100176990855,2.21,1.67,0.747662536880044,16,18,22,16,18,20,5.26,5.72,4.74,3.05,4.05,3.99233746311996
10.9249947951405,290,246,275.899159044838,290,246,275.899159044838,2.21,1.67,0.740111007289486,16,18,20.0222014578972,16,18,20,5.26,5.72,6.11456998676143,3.05,4.05,5.37445897947194
10.9299947927585,290,246,260.530155768108,290,246,260.530155768108,2.21,1.67,0.711060311536215,16,18,20,16,18,20,5.26,5.72,6.13,3.05,4.05,5.41893968846378
10.9349947903764,290,246,353.750785532482,290,246,353.750785532482,2.21,1.67,0.700131496259739,16,18,21.9737007480522,16,18,21.9737007480522,5.26,5.72,5.67604882794798,3.05,4.05,4.97591733168824
10.9399947879943,290,246,343.44528756703,290,246,343.44528756703,2.21,1.67,0.82517605135718,16,18,22,16,18,22,5.26,5.72,5.67,3.05,4.05,4.84482394864282
10.9449947856122,290,246,284.884630120895,290,246,284.884630120895,2.21,1.67,0.948200752296485,16,18,22,16,18,18.0599749234505,5.26,5.72,6.58605583029776,3.05,4.05,5.63785507800128
10.9499947832301,290,246,265.741977497156,290,246,265.741977497156,2.21,1.67,0.978828456583438,16,18,22,16,18,18,5.26,5.72,6.6,3.05,4.05,5.62117154341656
10.954994780848,290,246,330.858143931511,290,246,330.858143931511,2.21,1.67,1.01931829488448,16,18,23.9659147442242,16,18,21.9318294884484,5.26,5.72,5.68584964393575,3.05,4.05,4.66653134905127
10.9599947784659,290,246,318.380695182739,290,246,318.380695182739,2.21,1.67,1.15065883491198,16,18,23.9868233017604,16,18,21.9868233017604,5.26,5.72,5.67915780527652,3.05,4.05,4.52849897036454
10.9649947760839,290,246,226.709196044119,290,246,226.709196044119,2.21,1.67,1.24818170633604,16,18,22.0363658732791,16,18,20.0363658732791,5.26,5.72,7.03472571807101,3.05,4.05,5.78654401173496
10.9699947737018,290,246,204.468333114499,290,246,204.468333114499,2.21,1.67,1.33037095692238,16,18,22,16,18,20.0092739230594,5.26,5.72,7.05573399539268,3.05,4.05,5.7253630384703
10.9749947713197,290,246,302.966433252804,290,246,302.966433252804,2.21,1.67,1.40838925406163,16,18,22,16,18,21.9597313515407,5.26,5.72,6.15852357829129,3.05,4.05,4.75013432422967
10.9799947689376,290,246,297.78395351678,290,246,297.78395351678,2.21,1.67,1.58025925577986,16,18,22,16,18,22,5.26,5.72,6.14132508509708,3.05,4.05,4.56106582931722
10.9849947665555,290,246,224.641799948733,290,246,224.641799948733,2.21,1.67,1.66802984006152,16,18,22,16,18,22,5.26,5.72,6.58993029364777,3.05,4.05,4.92190045358625
10.9899947641734,290,246,219.033452358702,290,246,219.033452358702,2.21,1.67,1.74004646160931,16,18,22,16,18,22,5.26,5.72,6.60000929232186,3.05,4.05,4.85996283071255
10.9949947617913,290,246,254.141686071365,290,246,254.141686071365,2.21,1.67,1.78880789732134,16,18,22,16,18,22,5.26,5.72,6.60976157946427,3.05,4.05,4.82095368214293
10.9999947594092,290,246,253.002146463549,290,246,253.002146463549,2.21,1.67,1.94982828291604,16,18,22,16,18,22,5.26,5.72,6.61,3.05,4.05,4.66017171708396
11.0049947570272,290,246,242.283727852796,290,246,242.283727852796,2.21,1.67,2.02793652470694,16,18,20.0515868823266,16,18,20.0515868823266,5.26,5.72,6.61,3.05,4.05,4.58206347529307
11.0099947546451,290,246,238.0124885152,290,246,238.0124885152,2.21,1.67,2.109750229696,16,18,20,16,18,20,5.26,5.72,6.61,3.05,4.05,4.500249770304
11.014994752263,290,246,242.861275856233,290,246,242.861275856233,2.21,1.67,2.07110979315014,16,18,21.9445103424932,16,18,21.9445103424932,5.26,5.72,5.70580269074067,3.05,4.05,3.63469289759053
11.0199947498809,290,246,248.970196494346,290,246,248.970196494346,2.21,1.67,2.25905622232096,16,18,22,16,18,22,5.26,5.72,5.68,3.05,4.05,3.42094377767904
11.0249947474988,290,246,176.212587788013,290,246,176.212587788013,2.21,1.67,2.19206508193548,16,18,20.0590023410137,16,18,18.1180046820274,5.26,5.72,6.58256391142864,3.05,4.05,4.39049882949316
11.0299947451167,290,246,186.908803300722,290,246,186.908803300722,2.21,1.67,2.2992283356215,16,18,20,16,18,18,5.26,5.72,6.61,3.05,4.05,4.3107716643785
11.0349947427346,290,246,259.641058142729,290,246,259.641058142729,2.21,1.67,2.28062905116194,16,18,20,16,18,18,5.26,5.72,5.26371905575475,3.05,4.05,2.98309000459281
11.0399947403526,290,246,269.927487778088,290,246,269.927487778088,2.21,1.67,2.49800591389743,16,18,20,16,18,18,5.26,5.72,5.22,3.05,4.05,2.72199408610257
11.0449947379705,290,246,164.641030079926,290,246,164.641030079926,2.21,1.67,2.37434251293936,16,18,18.0668078913748,16,18,18,5.26,5.72,5.22,3.05,4.05,2.84565748706064
11.0499947355884,290,246,182.755515655187,290,246,182.755515655187,2.21,1.67,2.26122242172406,16,18,18,16,18,18,5.26,5.72,5.22,3.05,4.05,2.95877757827594
11.0549947332063,290,246,207.116116668096,290,246,207.116116668096,2.21,1.67,2.30823223333619,16,18,19.9292893334477,16,18,19.9292893334477,5.26,5.72,4.76661700663979,3.05,4.05,2.4583847733036
11.0599947308242,290,246,194.184265505058,290,246,194.184265505058,2.21,1.67,2.50736763564203,16,18,20,16,18,20,5.26,5.72,4.75,3.05,4.05,2.24263236435797
11.0649947284421,290,246,135.264253810166,290,246,135.264253810166,2.21,1.67,2.42334070234287,16,18,18.0742378298415,16,18,16.148475659683,5.26,5.72,5.6454794091237,3.05,4.05,3.22213870678084
11.06999472606,290,246,148.759905173148,290,246,148.759905173148,2.21,1.67,2.5874489924647,16,18,18,16,18,16,5.26,5.72,5.68,3.05,4.05,3.0925510075353
11.0749947236779,290,246,214.34371174177,290,246,214.34371174177,2.21,1.67,2.50351567563589,16,18,18,16,18,16,5.26,5.72,4.33468828766945,3.05,4.05,1.83117261203355
11.0799947212959,290,246,236.65890352593,290,246,236.65890352593,2.21,1.67,2.61795342115558,16,18,18,16,18,16,5.26,5.72,4.28,3.05,4.05,1.66204657884442
11.0849947189138,290,246,146.230185680112,290,246,146.230185680112,2.21,1.67,2.46914502461673,16,18,16,16,18,16,5.26,5.72,4.28,3.05,4.05,1.81085497538327
11.0899947165317,290,246,180.363190678534,290,246,180.363190678534,2.21,1.67,2.34236529176544,16,18,16,16,18,16,5.26,5.72,4.28,3.05,4.05,1.93763470823456
11.0949947141496,290,246,212.055504153529,290,246,212.055504153529,2.21,1.67,2.17032377422892,16,18,16,16,18,18,5.26,5.72,3.81,3.05,4.05,1.63967622577108
11.0999947117675,290,246,223.758248724416,290,246,223.758248724416,2.21,1.67,2.23858978422576,16,18,16,16,18,18,5.26,5.72,3.81,3.05,4.05,1.57141021577424
11.1049947093854,290,246,178.051642078731,290,246,178.051642078731,2.21,1.67,2.07002869004374,16,18,16,16,18,16,5.26,5.72,4.27,3.05,4.05,2.19997130995626
11.1099947070033,290,246,195.605758935063,290,246,195.605758935063,2.21,1.67,2.07978097718615,16,18,16,16,18,16,5.26,5.72,4.27,3.05,4.05,2.19021902281385
11.1149947046212,290,246,240.025693269948,290,246,240.025693269948,2.21,1.67,1.84998164766432,16,18,16,16,18,16,5.26,5.72,3.8,3.05,4.05,1.95001835233568
11.1199947022392,290,246,267.332097268686,290,246,267.332097268686,2.21,1.67,1.83047707337951,16,18,16,16,18,16,5.26,5.72,3.8,3.05,4.05,1.96952292662049
11.1249946998571,290,246,250.019537696626,290,246,250.019537696626,2.21,1.67,1.70014110558675,16,18,14.0021708551807,16,18,14.0021708551807,5.26,5.72,3.8,3.05,4.05,2.09985889441326
11.129994697475,290,246,263.638729208081,290,246,263.638729208081,2.21,1.67,1.48567711244444,16,18,14,16,18,14,5.26,5.72,3.8,3.05,4.05,2.31432288755556
11.1349946950929,290,246,287.924776209225,290,246,287.924776209225,2.21,1.67,1.27065820816928,16,18,15.9937313507687,16,18,17.9874627015375,5.26,5.72,2.86294626513869,3.05,4.05,1.59228805696941
11.1399946927108,290,246,290.916730667533,290,246,290.916730667533,2.21,1.67,1.36722435558443,16,18,16,16,18,18,5.26,5.72,2.86,3.05,4.05,1.49277564441557
11.1449946903287,290,246,195.47802712858,290,246,195.47802712858,2.21,1.67,1.17099588985121,16,18,16,16,18,16.0099588985121,5.26,5.72,4.2430785655341,3.05,4.05,3.07208267568289
11.1499946879466,290,246,202.763897712727,290,246,202.763897712727,2.21,1.67,1.16029512785909,16,18,16,16,18,16,5.26,5.72,4.25,3.05,4.05,3.08970487214091
11.1549946855646,290,246,306.269158040956,290,246,306.269158040956,2.21,1.67,0.981264918775269,16,18,17.9859453469415,16,18,16,5.26,5.72,3.78330284346876,3.05,4.05,2.80203792469349
11.1599946831825,290,246,316.685358265007,290,246,316.685358265007,2.21,1.67,0.970314641734992,16,18,18,16,18,16,5.26,5.72,3.78,3.05,4.05,2.80968535826501
11.1649946808004,290,246,278.353972718628,290,246,278.353972718628,2.21,1.67,0.831270671297638,16,18,16.0181524471091,16,18,17.9818475528909,5.26,5.72,4.2358249371649,3.05,4.05,3.40455426586727
11.1699946784183,290,246,282.832922194551,290,246,282.832922194551,2.21,1.67,0.66568064538525,16,18,16,16,18,18,5.26,5.72,4.24,3.05,4.05,3.57431935461475
11.1749946760362,290,246,332.443743971008,290,246,332.443743971008,2.21,1.67,0.551223763263782,16,18,19.9554995176806,16,18,18,5.26,5.72,4.24,3.05,4.05,3.68877623673622
11.1799946736541,290,246,329.141467794714,290,246,329.141467794714,2.21,1.67,0.665755966158584,16,18,20,16,18,18,5.26,5.72,4.24,3.05,4.05,3.57424403384142
11.184994671272,290,246,292.487438651402,290,246,292.487438651402,2.21,1.67,0.630526960704219,16,18,18.0263480352109,16,18,16.0263480352109,5.26,5.72,5.15774816362692,3.05,4.05,4.5272212029227
11.1899946688899,290,246,274.668349586603,290,246,274.668349586603,2.21,1.67,0.581856526629452,16,18,18,16,18,16,5.26,5.72,5.17,3.05,4.05,4.58814347337055
11.1949946665079,290,246,346.888658935455,290,246,346.888658935455,2.21,1.67,0.481501812249385,16,18,21.9399275100246,16,18,19.9399275100246,5.26,5.72,4.24411703514422,3.05,4.05,3.76261522289483
11.1999946641258,290,246,349.921850643953,290,246,349.921850643953,2.21,1.67,0.470390746780233,16,18,22,16,18,20,5.26,5.72,4.23,3.05,4.05,3.75960925321977
11.2049946617437,290,246,281.194691366339,290,246,281.194691366339,2.21,1.67,0.489658659609617,16,18,18.0682680780765,16,18,18.0341340390383,5.26,5.72,6.05825534369442,3.05,4.05,5.5685966840848
11.2099946593616,290,246,268.92568168244,290,246,268.92568168244,2.21,1.67,0.32,16,18,18.0131302366304,16,18,18.0262604732607,5.26,5.72,6.0808744855419,3.05,4.05,5.7608744855419
11.2149946569795,290,246,406.43293039037,290,246,406.43293039037,2.21,1.67,0.32,16,18,19.9635876651116,16,18,21.9271753302233,5.26,5.72,4.72530657274742,3.05,4.05,4.40530657274741
11.2199946545974,290,246,389.349463967764,290,246,389.349463967764,2.21,1.67,0.46059978499426,16,18,20,16,18,21.9907725385498,5.26,5.72,4.70641308570786,3.05,4.05,4.2458133007136
11.2249946522153,290,246,251.842215259834,290,246,251.842215259834,2.21,1.67,0.587379517845543,16,18,20,16,18,20.0403151100686,5.26,5.72,6.06198099850234,3.05,4.05,5.4746014806568
11.2299946498333,290,246,219.277166730249,290,246,219.277166730249,2.21,1.67,0.65,16,18,20.0057147779433,16,18,20.0057147779433,5.26,5.72,6.08868560107304,3.05,4.05,5.43868560107305
11.2349946474512,290,246,313.874352011591,290,246,313.874352011591,2.21,1.67,0.65,16,18,21.9561722064246,16,18,21.9561722064246,5.26,5.72,5.64008039252235,3.05,4.05,4.99008039252235
11.2399946450691,290,246,311.959229937831,290,246,311.959229937831,2.21,1.67,0.730099660151969,16,18,21.9981879972369,16,18,21.9981879972369,5.26,5.72,5.63084258128483,3.05,4.05,4.90074292113286
11.244994642687,290,246,268.073937797002,290,246,268.073937797002,2.21,1.67,0.837374818718439,16,18,20.0477305687556,16,18,20.0477305687556,5.26,5.72,6.53780528552862,3.05,4.05,5.70043046681019
11.2499946403049,290,246,240.029635831961,290,246,240.029635831961,2.21,1.67,0.919912190127523,16,18,20,16,18,20,5.26,5.72,6.56,3.05,4.05,5.64008780987248
11.2549946379228,290,246,293.580083041764,290,246,293.580083041764,2.21,1.67,1.03690199936385,16,18,21.9483666560642,16,18,21.9483666560642,5.26,5.72,5.65400950493017,3.05,4.05,4.61710750556632
11.2599946355407,290,246,283.037758245175,290,246,283.037758245175,2.21,1.67,1.30915043948356,16,18,22,16,18,22,5.26,5.72,5.63,3.05,4.05,4.32084956051644
11.2649946331586,290,246,194.52689341978,290,246,194.52689341978,2.21,1.67,1.31972231940442,16,18,20.0555361191161,16,18,22,5.26,5.72,6.53417570461103,3.05,4.05,5.21445338520662
11.2699946307766,290,246,190.00998329514,290,246,190.00998329514,2.21,1.67,1.50905158696174,16,18,20,16,18,22,5.26,5.72,6.56,3.05,4.05,5.05094841303826
11.2749946283945,290,246,250.169487118689,290,246,250.169487118689,2.21,1.67,1.59734280388197,16,18,21.9409511973771,16,18,22,5.26,5.72,6.11358122460327,3.05,4.05,4.51623842072131
11.2799946260124,290,246,250.01407904469,290,246,250.01407904469,2.21,1.67,1.80852170030757,16,18,22,16,18,22,5.26,5.72,6.1,3.05,4.05,4.29147829969243
11.2849946236303,290,246,214.164604189358,290,246,214.164604189358,2.21,1.67,1.83905572633295,16,18,22,16,18,18.1259031556063,5.26,5.72,6.54552113710528,3.05,4.05,4.70646541077233
11.2899946212482,290,246,223.900027386928,290,246,223.900027386928,2.21,1.67,1.95890938967558,16,18,22,16,18,18,5.26,5.72,6.56,3.05,4.05,4.60109061032442
11.2949946188661,290,246,263.629485763827,290,246,263.629485763827,2.21,1.67,1.95033427176492,16,18,20.066854352984,16,18,19.933145647016,5.26,5.72,5.66108727413757,3.05,4.05,3.71075300237265
11.299994616484,290,246,276.866352203255,290,246,276.866352203255,2.21,1.67,2.13788390988486,16,18,20,16,18,20,5.26,5.72,5.63,3.05,4.05,3.49211609011514
11.304994614102,290,246,211.405742357493,290,246,211.405742357493,2.21,1.67,2.03389164204889,16,18,18.0707571281616,16,18,18.0707571281616,5.26,5.72,5.63,3.05,4.05,3.59610835795111
11.3099946117199,290,246,238.604413597368,290,246,238.604413597368,2.21,1.67,1.98065931067105,16,18,18,16,18,18,5.26,5.72,5.63,3.05,4.05,3.64934068932895
11.3149946093378,290,246,253.44286774614,290,246,253.44286774614,2.21,1.67,2.01851431398971,16,18,19.9257156994854,16,18,19.9257156994854,5.26,5.72,4.73454219973931,3.05,4.05,2.7160278857496
11.3199946069557,290,246,245.135272864785,290,246,245.135272864785,2.21,1.67,2.25639272360573,16,18,20,16,18,20,5.26,5.72,4.7,3.05,4.05,2.44360727639427
11.3249946045736,290,246,154.674111582011,290,246,154.674111582011,2.21,1.67,2.21195431467128,16,18,20,16,18,18.0781725868513,5.26,5.72,5.59364974711414,3.05,4.05,3.38169543244286
11.3299946021915,290,246,161.812128631318,290,246,161.812128631318,2.21,1.67,2.21,16,18,20,16,18,18,5.26,5.72,5.63,3.05,4.05,3.42
11.3349945998094,290,246,242.078642034954,290,246,242.078642034954,2.21,1.67,2.13098302543693,16,18,20,16,18,18,5.26,5.72,5.17,3.05,4.05,3.03901697456307
11.3399945974273,290,246,253.781386605842,290,246,253.781386605842,2.21,1.67,2.27726733257303,16,18,20,16,18,18,5.26,5.72,5.17,3.05,4.05,2.89273266742697
11.3449945950453,290,246,219.128859229038,290,246,219.128859229038,2.21,1.67,2.15921764039513,16,18,18,16,18,18,5.26,5.72,5.17,3.05,4.05,3.01078235960487
11.3499945926632,290,246,246.435263227775,290,246,246.435263227775,2.21,1.67,1.99342875897422,16,18,18,16,18,18,5.26,5.72,5.17,3.05,4.05,3.17657124102578
11.3549945902811,290,246,280.019920414985,290,246,280.019920414985,2.21,1.67,1.90034149282832,16,18,20,16,18,18,5.26,5.72,4.7,3.05,4.05,2.79965850717168
11.359994587899,290,246,286.84652141467,290,246,286.84652141467,2.21,1.67,2.0173689385372,16,18,20,16,18,18,5.26,5.72,4.7,3.05,4.05,2.6826310614628
11.3649945855169,290,246,232.018782105564,290,246,232.018782105564,2.21,1.67,1.84986584210312,16,18,18,16,18,18,5.26,5.72,5.16,3.05,4.05,3.31013415789688
11.3699945831348,290,246,252.498585104617,290,246,252.498585104617,2.21,1.67,1.70358153496702,16,18,18,16,18,18,5.26,5.72,5.16,3.05,4.05,3.45641846503298
11.3749945807527,290,246,309.93674030437,290,246,309.93674030437,2.21,1.67,1.60011098192216,16,18,19.9977803615569,16,18,18,5.26,5.72,4.70051051684192,3.05,4.05,3.10039953491977
11.3799945783707,290,246,308.05165657474,290,246,308.05165657474,2.21,1.67,1.70715888838927,16,18,20,16,18,18,5.26,5.72,4.7,3.05,4.05,2.99284111161073
11.3849945759886,290,246,257.16109452859,290,246,257.16109452859,2.21,1.67,1.51063174324937,16,18,18.0063174324937,16,18,18,5.26,5.72,5.15854699052645,3.05,4.05,3.64791524727708
11.3899945736065,290,246,277.416626825833,290,246,277.416626825833,2.21,1.67,1.35444474799365,16,18,18,16,18,18,5.26,5.72,5.16,3.05,4.05,3.80555525200635
11.3949945712244,290,246,333.719784630523,290,246,333.719784630523,2.21,1.67,1.22065049996486,16,18,19.989992308233,16,18,19.989992308233,5.26,5.72,4.69235180756525,3.05,4.05,3.47170130760039
11.3999945688423,290,246,338.852319916431,290,246,338.852319916431,2.21,1.67,1.26852319916431,16,18,20,16,18,20,5.26,5.72,4.69,3.05,4.05,3.42147680083569
11.4049945664602,290,246,290.345534189865,290,246,290.345534189865,2.21,1.67,1.20049362027124,16,18,18.014103436321,16,18,18.014103436321,5.26,5.72,5.61344190211073,3.05,4.05,4.4129482818395
11.4099945640781,290,246,286.125949617217,290,246,286.125949617217,2.21,1.67,1.08377848851651,16,18,18,16,18,18,5.26,5.72,5.62,3.05,4.05,4.53622151148349
11.414994561696,290,246,366.262850169952,290,246,366.262850169952,2.21,1.67,1.00072804921486,16,18,19.9817987696284,16,18,19.9817987696284,5.26,5.72,4.69846357212278,3.05,4.05,3.69773552290792
11.419994559314,290,246,364.100316375683,290,246,364.100316375683,2.21,1.67,0.980668775837886,16,18,20,16,18,20,5.26,5.72,4.69,3.05,4.05,3.70933122416211
11.4249945569319,290,246,285.880811464703,290,246,285.880811464703,2.21,1.67,0.891003456099029,16,18,18.0222990244229,16,18,20,5.26,5.72,5.60963095364337,3.05,4.05,4.71862749754434
11.4299945545498,290,246,283.070780358966,290,246,283.070780358966,2.21,1.67,0.764600723332801,16,18,18,16,18,20,5.26,5.72,5.62,3.05,4.05,4.8553992766672
11.4349945521677,290,246,351.089309762668,290,246,351.089309762668,2.21,1.67,0.740263968184734,16,18,21.9472063630532,16,18,21.9736031815266,5.26,5.72,5.15620325234125,3.05,4.05,4.41593928415651
11.4399945497856,290,246,335.631614054735,290,246,335.631614054735,2.21,1.67,0.836284623207439,16,18,22,16,18,22,5.26,5.72,5.15,3.05,4.05,4.31371537679256
11.4449945474035,290,246,283.782210734504,290,246,283.782210734504,2.21,1.67,0.908947024011245,16,18,20.0300850282501,16,18,20.0300850282501,5.26,5.72,6.52894048022489,3.05,4.05,5.61999345621365
11.4499945450214,290,246,265.703762358903,290,246,265.703762358903,2.21,1.67,0.785082728147635,16,18,20,16,18,20,5.26,5.72,6.55,3.05,4.05,5.76491727185236
11.4549945426394,290,246,368.205401829212,290,246,368.205401829212,2.21,1.67,0.976581717769928,16,18,23.9316343553986,16,18,21.9658171776993,5.26,5.72,5.63589501236983,3.05,4.05,4.6593132945999
11.4599945402573,290,246,337.457023336623,290,246,337.457023336623,2.21,1.67,1.13947664899916,16,18,23.9738324499578,16,18,21.9869162249789,5.26,5.72,5.62909322363968,3.05,4.05,4.48961657464052
11.4649945378752,290,246,256.513040054651,290,246,256.513040054651,2.21,1.67,1.0614583518599,16,18,20.0729175929952,16,18,20.0364587964976,5.26,5.72,6.98466113643416,3.05,4.05,5.92320278457426
11.4699945354931,290,246,273.468230991887,290,246,273.468230991887,2.21,1.67,1.06018361999682,16,18,20.0183619996818,16,18,20.0091809998409,5.26,5.72,7.00361920511056,3.05,4.05,5.94343558511375
11.474994533111,290,246,372.941559844432,290,246,372.941559844432,2.21,1.67,1.09919276856644,16,18,23.9192768566444,16,18,21.9596384283222,5.26,5.72,5.64805129231608,3.05,4.05,4.54885852374963
11.4799945307289,290,246,352.617388647452,290,246,352.617388647452,2.21,1.67,1.2902834158167,16,18,23.9886633673319,16,18,21.994331683666,5.26,5.72,5.62396782143383,3.05,4.05,4.33368440561713
11.4849945283468,290,246,220.961512224966,290,246,220.961512224966,2.21,1.67,1.38780628724077,16,18,20.0877485103694,16,18,20.0438742551847,5.26,5.72,6.98928802137072,3.05,4.05,5.60148173412996
11.4899945259647,290,246,195.08298043423,290,246,195.08298043423,2.21,1.67,1.46013241558654,16,18,20.0052966234615,16,18,20.0035310823077,5.26,5.72,7.01877294889808,3.05,4.05,5.55864053331154
11.4949945235827,290,246,286.75447957285,290,246,286.75447957285,2.21,1.67,1.60641672272263,16,18,25.8566689089053,16,18,23.9044459392702,5.26,5.72,5.6632050361036,3.05,4.05,4.05678831338096
11.4999945212006,290,246,271.020196270669,290,246,271.020196270669,2.21,1.67,1.79978681714293,16,18,26,16,18,24,5.26,5.72,5.63,3.05,4.05,3.83021318285707
11.5049945188185,290,246,163.84238930498,290,246,163.84238930498,2.21,1.67,1.84870800486137,16,18,22.1033596110902,16,18,22.0516798055451,5.26,5.72,7.8900514255677,3.05,4.05,6.04134342070632
11.5099945164364,290,246,158.009512736187,290,246,158.009512736187,2.21,1.67,1.93971461791438,16,18,22,16,18,22,5.26,5.72,7.95,3.05,4.05,6.01028538208562
11.5149945140543,290,246,316.470019670889,290,246,316.470019670889,2.21,1.67,2.15388591612022,16,18,23.9444174192747,16,18,23.9444174192747,5.26,5.72,6.59862989360408,3.05,4.05,4.44474397748386
11.5199945116722,290,246,303.09028879555,290,246,303.09028879555,2.21,1.67,2.38884630983463,16,18,24,16,18,24,5.26,5.72,6.56,3.05,4.05,4.17115369016537
11.5249945092901,290,246,194.309334797001,290,246,194.309334797001,2.21,1.67,2.42881809471536,16,18,20.1181905284643,16,18,22.0590952642322,5.26,5.72,7.46252070213204,3.05,4.05,5.03370260741669
11.5299945069081,290,246,202.915233032287,290,246,202.915233032287,2.21,1.67,2.43,16,18,20,16,18,22,5.26,5.72,7.49,3.05,4.05,5.06
11.534994504526,290,246,284.354082344651,290,246,284.354082344651,2.21,1.67,2.47842504901467,16,18,23.8740039211739,16,18,23.9370019605869,5.26,5.72,6.14378363739208,3.05,4.05,3.6653585883774
11.5399945021439,290,246,282.045564055007,290,246,282.045564055007,2.21,1.67,2.63854195023978,16,18,24,16,18,24,5.26,5.72,6.1,3.05,4.05,3.46145804976022
11.5449944997618,290,246,170.846796839113,290,246,170.846796839113,2.21,1.67,2.67866198370813,16,18,20.1338016291865,16,18,22.0669008145933,5.26,5.72,7.45316942978472,3.05,4.05,4.77450744607658
11.5499944973797,290,246,166.011161708027,290,246,166.011161708027,2.21,1.67,2.71955353167892,16,18,20,16,18,22,5.26,5.72,7.5,3.05,4.05,4.78044646832108
11.5549944949976,290,246,265.353615126804,290,246,265.353615126804,2.21,1.67,2.88398169486948,16,18,21.9291964102292,16,18,22,5.26,5.72,6.1592084948907,3.05,4.05,3.27522680002122
11.5599944926155,290,246,257.158527260628,290,246,257.158527260628,2.21,1.67,3.05775419714111,16,18,22,16,18,22,5.26,5.72,6.11,3.05,4.05,3.05224580285889
11.5649944902334,290,246,168.419215474639,290,246,168.419215474639,2.21,1.67,3.01185826927969,16,18,20.0743307711878,16,18,20.0743307711878,5.26,5.72,6.56253226877087,3.05,4.05,3.55067399949117
11.5699944878514,290,246,198.488139862017,290,246,198.488139862017,2.21,1.67,2.88195711229229,16,18,20,16,18,20,5.26,5.72,6.58,3.05,4.05,3.69804288770771
11.5749944854693,290,246,256.653428546184,290,246,256.653428546184,2.21,1.67,2.84156438096921,16,18,21.9217809515395,16,18,21.9217809515395,5.26,5.72,5.68637185753415,3.05,4.05,2.84480747656494
11.5799944830872,290,246,256.051310820898,290,246,256.051310820898,2.21,1.67,3.03657927860681,16,18,22,16,18,22,5.26,5.72,5.65,3.05,4.05,2.61342072139319
11.5849944807051,290,246,162.091423809516,290,246,162.091423809516,2.21,1.67,2.90084893537407,16,18,18,16,18,20,5.26,5.72,6.58,3.05,4.05,3.67915106462593
11.589994478323,290,246,175.744625808884,290,246,175.744625808884,2.21,1.67,3.02762866822536,16,18,18,16,18,20,5.26,5.72,6.58,3.05,4.05,3.55237133177464
11.5949944759409,290,246,245.041209960663,290,246,245.041209960663,2.21,1.67,3.04041209960663,16,18,22,16,18,20,5.26,5.72,5.19,3.05,4.05,2.14958790039337
11.5999944735588,290,246,253.818268388829,290,246,253.818268388829,2.21,1.67,3.12818268388829,16,18,22,16,18,20,5.26,5.72,5.19,3.05,4.05,2.06181731611171
11.6049944711768,290,246,174.115724253353,290,246,174.115724253353,2.21,1.67,2.92983064743412,16,18,20,16,18,20,5.26,5.72,6.11,3.05,4.05,3.18016935256588
11.6099944687947,290,246,214.100101537219,290,246,214.100101537219,2.21,1.67,2.87131692457968,16,18,20,16,18,20,5.26,5.72,6.11,3.05,4.05,3.23868307542032
11.6149944664126,290,246,302.005226931048,290,246,302.005226931048,2.21,1.67,2.76006969241397,16,18,20,16,18,18,5.26,5.72,5.65,3.05,4.05,2.88993030758603
11.6199944640305,290,246,307.856599216492,290,246,307.856599216492,2.21,1.67,2.83808798955322,16,18,20,16,18,18,5.26,5.72,5.65,3.05,4.05,2.81191201044678
11.6249944616484,290,246,265.04877106667,290,246,265.04877106667,2.21,1.67,2.6602041579535,16,18,18.0022684217056,16,18,18,5.26,5.72,5.19052173699229,3.05,4.05,2.53031757903878
11.6299944592663,290,246,284.482969636503,290,246,284.482969636503,2.21,1.67,2.52361921254448,16,18,18,16,18,18,5.26,5.72,5.19,3.05,4.05,2.66638078745552
11.6349944568842,290,246,274.035014186659,290,246,274.035014186659,2.21,1.67,2.46019098647268,16,18,19.9936337842438,16,18,19.9936337842438,5.26,5.72,4.7214960607027,3.05,4.05,2.26130507423001
11.6399944545021,290,246,271.083408717295,290,246,271.083408717295,2.21,1.67,2.4988878837694,16,18,20,16,18,20,5.26,5.72,4.72,3.05,4.05,2.2211121162306
11.6449944521201,290,246,229.211186185461,290,246,229.211186185461,2.21,1.67,2.39055310667621,16,18,20,16,18,18.0100564850219,5.26,5.72,5.64532373446479,3.05,4.05,3.25477062778859
11.649994449738,290,246,234.82264451489,290,246,234.82264451489,2.21,1.67,2.25413829465257,16,18,20,16,18,18,5.26,5.72,5.65,3.05,4.05,3.39586170534742
11.6549944473559,290,246,313.440987326453,290,246,313.440987326453,2.21,1.67,2.24007076109792,16,18,20,16,18,19.9858477804165,5.26,5.72,5.18332577160211,3.05,4.05,2.9432550105042
11.6599944449738,290,246,313.031510635109,290,246,313.031510635109,2.21,1.67,2.26905468094673,16,18,20,16,18,20,5.26,5.72,5.18,3.05,4.05,2.91094531905327
11.6649944425917,290,246,278.319375238595,290,246,278.319375238595,2.21,1.67,2.1709125006817,16,18,18.018250013634,16,18,18.018250013634,5.26,5.72,5.64571124679601,3.05,4.05,3.4747987461143
11.6699944402096,290,246,305.06306336443,290,246,305.06306336443,2.21,1.67,1.99602316408581,16,18,18,16,18,18,5.26,5.72,5.65,3.05,4.05,3.65397683591419
11.6749944378275,290,246,365.329565769441,290,246,365.329565769441,2.21,1.67,1.87134086846112,16,18,21.9553043846294,16,18,19.9776521923147,5.26,5.72,4.73039173057367,3.05,4.05,2.85905086211255
11.6799944354455,290,246,366,290,246,366,2.21,1.67,1.87964586589712,16,18,22,16,18,20,5.26,5.72,4.72,3.05,4.05,2.84035413410288
11.6849944330634,290,246,282.123938073773,290,246,282.123938073773,2.21,1.67,1.71224787614755,16,18,18.0528912034717,16,18,20,5.26,5.72,6.09162030679359,3.05,4.05,4.37937243064604
11.6899944306813,290,246,284.851291986951,290,246,284.851291986951,2.21,1.67,1.54632009055457,16,18,18,16,18,20,5.26,5.72,6.11,3.05,4.05,4.56367990944543
11.6949944282992,290,246,400.237172026513,290,246,400.237172026513,2.21,1.67,1.41195869774832,16,18,21.9397323769748,16,18,21.9698661884874,5.26,5.72,5.19401222235336,3.05,4.05,3.78205352460504
11.6999944259171,290,246,402,290,246,402,2.21,1.67,1.4484351544147,16,18,22,16,18,22,5.26,5.72,5.18,3.05,4.05,3.7315648455853
11.704994423535,290,246,313.540422250343,290,246,313.540422250343,2.21,1.67,1.40085579013908,16,18,20.0342316055632,16,18,20.0342316055632,5.26,5.72,6.5462090341336,3.05,4.05,5.14535324399452
11.7099944211529,290,246,298.664902984006,290,246,298.664902984006,2.21,1.67,1.31934813432941,16,18,20.0130373134119,16,18,20.0130373134119,5.26,5.72,6.56400283583053,3.05,4.05,5.24465470150113
11.7149944187708,290,246,398.138231836551,290,246,398.138231836551,2.21,1.67,1.22182526290534,16,18,21.9634947418932,16,18,21.9634947418932,5.26,5.72,5.66679241872915,3.05,4.05,4.44496715582381
11.7199944163888,290,246,397.598080317806,290,246,397.598080317806,2.21,1.67,1.27027403614695,16,18,22,16,18,21.9908654617683,5.26,5.72,5.65424756027773,3.05,4.05,4.38397352413078
11.7249944140067,290,246,311.77795346463,290,246,311.77795346463,2.21,1.67,1.32878775900139,16,18,22,16,18,20.040408033287,5.26,5.72,6.56121026452152,3.05,4.05,5.23242250552013
11.7299944116246,290,246,287.208008624818,290,246,287.208008624818,2.21,1.67,1.21997189072638,16,18,22.0056218547248,16,18,20.0112437094496,5.26,5.72,6.57867886413967,3.05,4.05,5.3587069734133
11.7349944092425,290,246,359.374933478625,290,246,359.374933478625,2.21,1.67,1.21021960358397,16,18,23.9560792832061,16,18,23.9121585664122,5.26,5.72,6.12032136844657,3.05,4.05,4.9101017648626
11.7399944068604,290,246,345.933815437533,290,246,345.933815437533,2.21,1.67,1.32012033556812,16,18,23.9982809204554,16,18,23.9982809204554,5.26,5.72,6.11120335568122,3.05,4.05,4.7910830201131
11.7449944044783,290,246,270.841204441004,290,246,270.841204441004,2.21,1.67,1.45665235556181,16,18,22.0478234919741,16,18,22.0478234919741,5.26,5.72,7.47652355561811,3.05,4.05,6.0198712000563
11.7499944020962,290,246,235.038977826726,290,246,235.038977826726,2.21,1.67,1.47997707186663,16,18,22,16,18,22,5.26,5.72,7.51,3.05,4.05,6.03002292813337
11.7549943997142,290,246,324.620591710901,290,246,324.620591710901,2.21,1.67,1.69431011061302,16,18,23.9482737328457,16,18,25.8965474656913,5.26,5.72,6.60405271422676,3.05,4.05,4.90974260361374
11.7599943973321,290,246,305.070296681261,290,246,305.070296681261,2.21,1.67,1.85948875140901,16,18,24,16,18,26,5.26,5.72,6.58,3.05,4.05,4.72051124859099
11.76499439495,290,246,238.891387439374,290,246,238.891387439374,2.21,1.67,1.92805298351829,16,18,22.0556290423345,16,18,22.1112580846691,5.26,5.72,7.94105967036583,3.05,4.05,6.01300668684754
11.7699943925679,290,246,252.919352946805,290,246,252.919352946805,2.21,1.67,1.79070566171546,16,18,22,16,18,22,5.26,5.72,7.98,3.05,4.05,6.18929433828454
11.7749943901858,290,246,372.362783860754,290,246,372.362783860754,2.21,1.67,1.81911287411238,16,18,23.9408582741586,16,18,23.9408582741586,5.26,5.72,6.63110349945978,3.05,4.05,4.8119906253474
11.7799943878037,290,246,360.113412889717,290,246,360.113412889717,2.21,1.67,1.9689367541589,16,18,24,16,18,24,5.26,5.72,6.59,3.05,4.05,4.6210632458411
11.7849943854216,290,246,234.097892566449,290,246,234.097892566449,2.21,1.67,2.03779344246422,16,18,22.0630445010223,16,18,22.0630445010223,5.26,5.72,7.50036908451952,3.05,4.05,5.4625756420553
11.7899943830395,290,246,219.100509228963,290,246,219.100509228963,2.21,1.67,2.06972588392101,16,18,22,16,18,22,5.26,5.72,7.53,3.05,4.05,5.46027411607899
11.7949943806575,290,246,285.690318971014,290,246,285.690318971014,2.21,1.67,2.17631789980886,16,18,23.9330527237975,16,18,23.9330527237975,5.26,5.72,6.63113048343416,3.05,4.05,4.4548125836253
11.7999943782754,290,246,276.134233195899,290,246,276.134233195899,2.21,1.67,2.31843394604784,16,18,24,16,18,24,5.26,5.72,6.6,3.05,4.05,4.28156605395216
11.8049943758933,290,246,204.621451901061,290,246,204.621451901061,2.21,1.67,2.3682287487155,16,18,24,16,18,22.07085005138,5.26,5.72,7.49705472610829,3.05,4.05,5.12882597739279
11.8099943735112,290,246,204.960295009949,290,246,204.960295009949,2.21,1.67,2.39960295009949,16,18,24,16,18,22,5.26,5.72,7.53,3.05,4.05,5.13039704990051
11.8149943711291,290,246,275.285230672075,290,246,275.285230672075,2.21,1.67,2.53479359306973,16,18,24,16,18,22,5.26,5.72,7.08710676562802,3.05,4.05,4.55231317255828
11.819994368747,290,246,262.241265625151,290,246,262.241265625151,2.21,1.67,2.7960794335913,16,18,24,16,18,22,5.26,5.72,7.07,3.05,4.05,4.2739205664087
11.8249943663649,290,246,209.152301526919,290,246,209.152301526919,2.21,1.67,2.67508725815454,16,18,22.0782655100698,16,18,22,5.26,5.72,7.07960867244965,3.05,4.05,4.40452141429512
11.8299943639829,290,246,240.417648047695,290,246,240.417648047695,2.21,1.67,2.77811592015431,16,18,22,16,18,22,5.26,5.72,7.08,3.05,4.05,4.30188407984569
11.8349943616008,290,246,247.980478876089,290,246,247.980478876089,2.21,1.67,2.82136647867376,16,18,24,16,18,22,5.26,5.72,6.61,3.05,4.05,3.78863352132624
11.8399943592187,290,246,245.054792733367,290,246,245.054792733367,2.21,1.67,3.0261645086643,16,18,24,16,18,22,5.26,5.72,6.61,3.05,4.05,3.5838354913357
11.8449943568366,290,246,204.100224381698,290,246,204.100224381698,2.21,1.67,2.96990888692573,16,18,22,16,18,22,5.26,5.72,7.08,3.05,4.05,4.11009111307427
11.8499943544545,290,246,225.555256094992,290,246,225.555256094992,2.21,1.67,2.95040431264092,16,18,22,16,18,22,5.26,5.72,7.08,3.05,4.05,4.12959568735908
11.8549943520724,290,246,282.00279931196,290,246,282.00279931196,2.21,1.67,2.98027993119601,16,18,22,16,18,20,5.26,5.72,6.62,3.05,4.05,3.63972006880399
11.8599943496903,290,246,282.978028026201,290,246,282.978028026201,2.21,1.67,3.07780280262007,16,18,22,16,18,20,5.26,5.72,6.62,3.05,4.05,3.54219719737993
11.8649943473082,290,246,249.02713357984,290,246,249.02713357984,2.21,1.67,2.9300254377311,16,18,20,16,18,20,5.26,5.72,6.16,3.05,4.05,3.2299745622689
11.8699943449262,290,246,280.23445243554,290,246,280.23445243554,2.21,1.67,2.95928229915832,16,18,20,16,18,20,5.26,5.72,6.16,3.05,4.05,3.20071770084168
11.8749943425441,290,246,260.024330652165,290,246,260.024330652165,2.21,1.67,2.82016220434776,16,18,20,16,18,20,5.26,5.72,5.69054454316749,3.05,4.05,2.87038233881973
11.879994340162,290,246,271.689503012246,290,246,271.689503012246,2.21,1.67,2.87844751506123,16,18,20,16,18,20,5.26,5.72,5.69,3.05,4.05,2.81155248493877
11.8849943377799,290,246,242.096224985279,290,246,242.096224985279,2.21,1.67,2.79028867495584,16,18,20,16,18,20,5.26,5.72,5.69,3.05,4.05,2.89971132504416
11.8899943353978,290,246,258.526955678317,290,246,258.526955678317,2.21,1.67,2.62473044321683,16,18,20,16,18,20,5.26,5.72,5.69,3.05,4.05,3.06526955678317
11.8949943330157,290,246,280.888841938954,290,246,280.888841938954,2.21,1.67,2.60010105278277,16,18,20,16,18,18.0101052782769,5.26,5.72,5.69,3.05,4.05,3.08989894721723
11.8999943306336,290,246,280.029582478323,290,246,280.029582478323,2.21,1.67,2.59029582478323,16,18,20,16,18,18,5.26,5.72,5.69,3.05,4.05,3.09970417521677
11.9049943282516,290,246,275.035502507115,290,246,275.035502507115,2.21,1.67,2.58007100501423,16,18,18.0142010028459,16,18,18,5.26,5.72,5.23326623065456,3.05,4.05,2.65319522564033
11.9099943258695,290,246,277.90539840226,290,246,277.90539840226,2.21,1.67,2.6090539840226,16,18,18,16,18,18,5.26,5.72,5.23,3.05,4.05,2.6209460159774
11.9149943234874,290,246,250.256183156561,290,246,250.256183156561,2.21,1.67,2.53073195187589,16,18,19.9817012031028,16,18,19.9817012031028,5.26,5.72,4.76430021727084,3.05,4.05,2.23356826539495
11.9199943211053,290,246,252.899544239489,290,246,252.899544239489,2.21,1.67,2.57832573732482,16,18,20,16,18,20,5.26,5.72,4.76,3.05,4.05,2.18167426267518
11.9249943187232,290,246,223.335948864217,290,246,223.335948864217,2.21,1.67,2.35257560795899,16,18,18.0223965909478,16,18,18.0223965909478,5.26,5.72,5.67958558520929,3.05,4.05,3.32700997725029
11.9299943163411,290,246,251.93690076723,290,246,251.93690076723,2.21,1.67,2.21496112975293,16,18,18,16,18,18,5.26,5.72,5.69,3.05,4.05,3.47503887024707
11.934994313959,290,246,340.820999867576,290,246,340.820999867576,2.21,1.67,2.01264943849983,16,18,19.9735056150017,16,18,18,5.26,5.72,4.77231988902421,3.05,4.05,2.75967045052438
11.9399943115769,290,246,349.70239809121,290,246,349.70239809121,2.21,1.67,2.19293195466624,16,18,20,16,18,18,5.26,5.72,4.76,3.05,4.05,2.56706804533376
11.9449943091949,290,246,254.46385584659,290,246,254.46385584659,2.21,1.67,1.98332008542526,16,18,16.0603651895501,16,18,16.0301825947751,5.26,5.72,5.21305800320174,3.05,4.05,3.22973791777648
11.9499943068128,290,246,275.099679479944,290,246,275.099679479944,2.21,1.67,1.82626309926995,16,18,16,16,18,16,5.26,5.72,5.22,3.05,4.05,3.39373690073005
11.9549943044307,290,246,333.005868724057,290,246,333.005868724057,2.21,1.67,1.69222822527367,16,18,19.9314392223488,16,18,19.9314392223488,5.26,5.72,3.85382487023381,3.05,4.05,2.16159664496014
11.9599943020486,290,246,336.369943687572,290,246,336.369943687572,2.21,1.67,1.56948036592789,16,18,19.9870091481974,16,18,19.9870091481974,5.26,5.72,3.84201653791744,3.05,4.05,2.27253617198955
11.9649942996665,290,246,241.77275840623,290,246,241.77275840623,2.21,1.67,1.49146206878864,16,18,18.0365517197161,16,18,18.0365517197161,5.26,5.72,5.64618965926262,3.05,4.05,4.15472759047398
11.9699942972844,290,246,233.645253440193,290,246,233.645253440193,2.21,1.67,1.24968191731821,16,18,18.0181761532449,16,18,18.0090880766224,5.26,5.72,5.67577404437057,3.05,4.05,4.42609212705235
11.9749942949023,290,246,372.127730862364,290,246,372.127730862364,2.21,1.67,1.18141590732137,16,18,21.9190910102074,16,18,19.9595455051037,5.26,5.72,4.76881134012677,3.05,4.05,3.5873954328054
11.9799942925202,290,246,356.676627199297,290,246,356.676627199297,2.21,1.67,1.37983273820653,16,18,21.9944246068844,16,18,19.9944246068844,5.26,5.72,4.75387489821532,3.05,4.05,3.37404216000879
11.9849942901382,290,246,243.550096347383,290,246,243.550096347383,2.21,1.67,1.32131901535209,16,18,20.0439671784032,16,18,18.0439671784032,5.26,5.72,6.1094428110098,3.05,4.05,4.78812379565771
11.9899942877561,290,246,237.09366660438,290,246,237.09366660438,2.21,1.67,1.30001672617935,16,18,20.0033452358707,16,18,18.0033452358707,5.26,5.72,6.13923059574973,3.05,4.05,4.83921386957038
11.994994285374,290,246,346.319282599332,290,246,346.319282599332,2.21,1.67,1.31952130046417,16,18,23.9042600928333,16,18,21.9042600928333,5.26,5.72,5.24202017864835,3.05,4.05,3.92249887818418
11.9999942829919,290,246,345.004683193199,290,246,345.004683193199,2.21,1.67,1.23010537184697,16,18,24,16,18,22,5.26,5.72,5.22,3.05,4.05,3.98989462815303
12.0049942806098,290,246,288.501409134143,290,246,288.501409134143,2.21,1.67,1.27870568178091,16,18,22.0517727287636,16,18,20.0517727287636,5.26,5.72,7.0221102258937,3.05,4.05,5.74340454411279
12.0099942782277,290,246,278.028977257924,290,246,278.028977257924,2.21,1.67,1.09061174211174,16,18,22,16,18,20,5.26,5.72,7.07,3.05,4.05,5.97938825788826
12.0149942758456,290,246,411.186227979852,290,246,411.186227979852,2.21,1.67,1.14832973488169,16,18,23.9443244960562,16,18,21.9443244960562,5.26,5.72,6.17561073181413,3.05,4.05,5.02728099693245
12.0199942734636,290,246,384.157009961017,290,246,384.157009961017,2.21,1.67,1.378835087386,16,18,24,16,18,22,5.26,5.72,6.15,3.05,4.05,4.771164912614
12.0249942710815,290,246,276.284944403549,290,246,276.284944403549,2.21,1.67,1.35088782281177,16,18,20.1183763749027,16,18,22,5.26,5.72,7.05247749283513,3.05,4.05,5.70158967002336
12.0299942686994,290,246,271.014225394478,290,246,271.014225394478,2.21,1.67,1.39964436513805,16,18,20,16,18,22,5.26,5.72,7.08,3.05,4.05,5.68035563486195
12.0349942663173,290,246,341.697179863949,290,246,341.697179863949,2.21,1.67,1.34189272887895,16,18,25.8107271121054,16,18,23.9369090373685,5.26,5.72,6.17933729762367,3.05,4.05,4.83744456874472
12.0399942639352,290,246,346.972515217207,290,246,346.972515217207,2.21,1.67,1.39945030434415,16,18,26,16,18,24,5.26,5.72,6.15,3.05,4.05,4.75054969565585
12.0449942615531,290,246,273.545762036846,290,246,273.545762036846,2.21,1.67,1.45799018786565,16,18,22.1339874756235,16,18,22.0669937378117,5.26,5.72,7.94769582383508,3.05,4.05,6.48970563596943
12.049994259171,290,246,250.235420317079,290,246,250.235420317079,2.21,1.67,1.36112104912895,16,18,22,16,18,22,5.26,5.72,8.01,3.05,4.05,6.64887895087105
12.0549942567889,290,246,375.391726655697,290,246,375.391726655697,2.21,1.67,1.49503724409075,16,18,25.8582069740215,16,18,23.9291034870107,5.26,5.72,6.6789185939626,3.05,4.05,5.18388134987184
12.0599942544069,290,246,349.411041037758,290,246,349.411041037758,2.21,1.67,1.79602218350557,16,18,26,16,18,24,5.26,5.72,6.63,3.05,4.05,4.83397781649443
12.0649942520248,290,246,215.17244802112,290,246,215.17244802112,2.21,1.67,1.81925576287466,16,18,22.1488474250682,16,18,22.0744237125341,5.26,5.72,7.9682755197888,3.05,4.05,6.14901975691414
12.0699942496427,290,246,213.939586027187,290,246,213.939586027187,2.21,1.67,1.92833861574765,16,18,22,16,18,22,5.26,5.72,8.02,3.05,4.05,6.09166138425235
12.0749942472606,290,246,314.888621486851,290,246,314.888621486851,2.21,1.67,2.04530128169926,16,18,25.843376056642,16,18,23.921688028321,5.26,5.72,6.68442682031692,3.05,4.05,4.63912553861766
12.0799942448785,290,246,311.137219121827,290,246,311.137219121827,2.21,1.67,2.16794171317259,16,18,26,16,18,24,5.26,5.72,6.63,3.05,4.05,4.46205828682741
12.0849942424964,290,246,210.980548568503,290,246,210.980548568503,2.21,1.67,2.26941645705509,16,18,24,16,18,22,5.26,5.72,8.03,3.05,4.05,5.76058354294491
12.0899942401143,290,246,208.054862425781,290,246,208.054862425781,2.21,1.67,2.18164587277343,16,18,24,16,18,22,5.26,5.72,8.03,3.05,4.05,5.84835412722657
12.0949942377323,290,246,311.827767929461,290,246,311.827767929461,2.21,1.67,2.40158634801812,16,18,24,16,18,24,5.26,5.72,7.11,3.05,4.05,4.70841365198188
12.0999942353502,290,246,274.769076788317,290,246,274.769076788317,2.21,1.67,2.74291639800234,16,18,24,16,18,24,5.26,5.72,7.11,3.05,4.05,4.36708360199766
12.1049942329681,290,246,163.011104324622,290,246,163.011104324622,2.21,1.67,2.8403053689271,16,18,24,16,18,22,5.26,5.72,7.58,3.05,4.05,4.7396946310729
12.109994230586,290,246,166.912019181584,290,246,166.912019181584,2.21,1.67,2.94758052749357,16,18,24,16,18,22,5.26,5.72,7.58,3.05,4.05,4.63241947250643
12.1149942282039,290,246,208.990928370781,290,246,208.990928370781,2.21,1.67,3.16014844484177,16,18,24,16,18,24,5.26,5.72,7.12,3.05,4.05,3.95985155515823
12.1199942258218,290,246,198.263412514134,290,246,198.263412514134,2.21,1.67,3.33568961340508,16,18,24,16,18,24,5.26,5.72,7.12,3.05,4.05,3.78431038659492
12.1249942234397,290,246,176.026025870536,290,246,176.026025870536,2.21,1.67,3.32002365988231,16,18,22.0023659882305,16,18,22.0023659882305,5.26,5.72,7.57945582270698,3.05,4.05,4.25943216282468
12.1299942210576,290,246,208.145366667125,290,246,208.145366667125,2.21,1.67,3.2712948989892,16,18,22,16,18,22,5.26,5.72,7.58,3.05,4.05,4.3087051010108
12.1349942186756,290,246,258.838405442973,290,246,258.838405442973,2.21,1.67,3.28993536217719,16,18,22,16,18,22,5.26,5.72,6.6629733398493,3.05,4.05,3.37303797767211
12.1399942162935,290,246,255.111397469497,290,246,255.111397469497,2.21,1.67,3.4747086201989,16,18,22,16,18,22,5.26,5.72,6.66,3.05,4.05,3.1852913798011
12.1449942139114,290,246,177.396008789741,290,246,177.396008789741,2.21,1.67,3.3108630960802,16,18,20.0101540715318,16,18,20.0101540715318,5.26,5.72,6.66,3.05,4.05,3.3491369039198
12.1499942115293,290,246,214.845377344009,290,246,214.845377344009,2.21,1.67,3.38763154326976,16,18,20,16,18,20,5.26,5.72,6.66,3.05,4.05,3.27236845673024
12.1549942091472,290,246,229.900251497236,290,246,229.900251497236,2.21,1.67,3.40985750213891,16,18,20,16,18,20,5.26,5.72,5.73662615054073,3.05,4.05,2.32676864840182
12.1599942067651,290,246,234.84221451641,290,246,234.84221451641,2.21,1.67,3.51652871936101,16,18,20,16,18,20,5.26,5.72,5.73,3.05,4.05,2.21347128063899
12.164994204383,290,246,182.486210874231,290,246,182.486210874231,2.21,1.67,3.32183475801597,16,18,18.0183475801597,16,18,18.0183475801597,5.26,5.72,5.73,3.05,4.05,2.40816524198403
12.169994202001,290,246,221.626152143365,290,246,221.626152143365,2.21,1.67,3.20402101811698,16,18,18,16,18,18,5.26,5.72,5.73,3.05,4.05,2.52597898188302
12.1749941996189,290,246,252.663319386847,290,246,252.663319386847,2.21,1.67,3.05168340306577,16,18,19.9775546257898,16,18,18,5.26,5.72,4.81043709900775,3.05,4.05,1.75875369594199
12.1799941972368,290,246,258.787240768618,290,246,258.787240768618,2.21,1.67,3.1753902166534,16,18,20,16,18,18,5.26,5.72,4.8,3.05,4.05,1.6246097833466
12.1849941948547,290,246,174.141356235212,290,246,174.141356235212,2.21,1.67,3.03199073761956,16,18,18.0265431682608,16,18,18,5.26,5.72,5.26376235545872,3.05,4.05,2.23177161783917
12.1899941924726,290,246,192.255530521293,290,246,192.255530521293,2.21,1.67,2.97223340843612,16,18,18,16,18,18,5.26,5.72,5.27,3.05,4.05,2.29776659156388
12.1949941900905,290,246,243.229099860043,290,246,243.229099860043,2.21,1.67,2.93060462756075,16,18,19.9697686219625,16,18,18,5.26,5.72,4.80710437383882,3.05,4.05,1.87649974627807
12.1999941877084,290,246,251.686659190065,290,246,251.686659190065,2.21,1.67,2.93960832398758,16,18,20,16,18,18,5.26,5.72,4.8,3.05,4.05,1.86039167601242
12.2049941853263,290,246,221.532102167365,290,246,221.532102167365,2.21,1.67,2.72377620892969,16,18,16.0686583441762,16,18,16.0343291720881,5.26,5.72,5.25210429041974,3.05,4.05,2.52832808149005
12.2099941829443,290,246,248.401276095996,290,246,248.401276095996,2.21,1.67,2.49877028293163,16,18,16.0129443901934,16,18,16.0129443901934,5.26,5.72,5.25100364881558,3.05,4.05,2.75223336588396
12.2149941805622,290,246,308.865456378915,290,246,308.865456378915,2.21,1.67,2.31347682722591,16,18,17.9634018186747,16,18,17.9634018186747,5.26,5.72,3.8954357360211,3.05,4.05,1.58195890879519
12.2199941781801,290,246,312.430378254168,290,246,312.430378254168,2.21,1.67,2.43914104657375,16,18,18,16,18,17.9909583849868,5.26,5.72,3.87415914290607,3.05,4.05,1.43501809633233
12.224994175798,290,246,189.551560259848,290,246,189.551560259848,2.21,1.67,2.25384759086802,16,18,18,16,18,16.0405009565055,5.26,5.72,4.77136956000746,3.05,4.05,2.51752196913943
12.2299941734159,290,246,204.248801917785,290,246,204.248801917785,2.21,1.67,2.07969590876715,16,18,18.0055289315063,16,18,16.0055289315063,5.26,5.72,4.78870070109601,3.05,4.05,2.70900479232886
12.2349941710338,290,246,292.019386199442,290,246,292.019386199442,2.21,1.67,1.97242075020068,16,18,19.9559863599876,16,18,17.9559863599876,5.26,5.72,4.33034320540291,3.05,4.05,2.35792245520223
12.2399941686517,290,246,295.965037638988,290,246,295.965037638988,2.21,1.67,1.90998373843674,16,18,19.9983738436739,16,18,18,5.26,5.72,4.32075616269165,3.05,4.05,2.41077242425491
12.2449941662697,290,246,254.030202926641,290,246,254.030202926641,2.21,1.67,1.89047916415193,16,18,18.0479164151926,16,18,18,5.26,5.72,5.22771886693544,3.05,4.05,3.33723970278351
12.2499941638876,290,246,244.010756709378,290,246,244.010756709378,2.21,1.67,1.71021513418756,16,18,18,16,18,18,5.26,5.72,5.25,3.05,4.05,3.53978486581244
12.2549941615055,290,246,320.953141980274,290,246,320.953141980274,2.21,1.67,1.4664773987966,16,18,19.9481808096272,16,18,18,5.26,5.72,4.79217750973761,3.05,4.05,3.32570011094101
12.2599941591234,290,246,324.993511826088,290,246,324.993511826088,2.21,1.67,1.01145983913027,16,18,20,16,18,18,5.26,5.72,4.78,3.05,4.05,3.76854016086973
12.2649941567413,290,246,303.612941621083,290,246,303.612941621083,2.21,1.67,0.922507488449885,16,18,16.111443931106,16,18,16.055721965553,5.26,5.72,5.23690533809504,3.05,4.05,4.31439784964516
12.2699941543592,290,246,268.178123192787,290,246,268.178123192787,2.21,1.67,1.04933839956965,16,18,16,16,18,16,5.26,5.72,5.25,3.05,4.05,4.20066160043035
12.2749941519771,290,246,229.184692981211,290,246,229.184692981211,2.21,1.67,1.32170714913152,16,18,19.8815307018789,16,18,17.9407653509394,5.26,5.72,3.8914642543424,3.05,4.05,2.56975710521088
12.279994149595,290,246,220.057096710961,290,246,220.057096710961,2.21,1.67,0.694567736876903,16,18,20,16,18,18,5.26,5.72,3.85,3.05,4.05,3.1554322631231
12.284994147213,290,246,279.074308560656,290,246,279.074308560656,2.21,1.67,-0.171903846212854,16,18,18.0631374242408,16,18,16.0631374242408,5.26,5.72,5.19611949015266,3.05,4.05,5.36802333636551
12.2899941448309,290,246,332.522328733437,290,246,332.522328733437,2.21,1.67,-0.477427923949276,16,18,18,16,18,16,5.26,5.72,5.24,3.05,4.05,5.71742792394928
12.2949941424488,290,246,328.167600498552,290,246,328.167600498552,2.21,1.67,-0.228715225924727,16,18,19.932959800579,16,18,16,5.26,5.72,4.34117369273075,3.05,4.05,4.56988891865548
12.2999941400667,290,246,141.123392872017,290,246,141.123392872017,2.21,1.67,-0.0519099300965234,16,18,20,16,18,16,5.26,5.72,4.31,3.05,4.05,4.36190993009652
12.3049941376846,290,246,-35.5796607988349,290,246,-35.5796607988349,2.21,1.67,0.548007677874462,16,18,18.0709429745985,16,18,12.141885949197,5.26,5.72,4.75368311584234,3.05,4.05,4.20567543796788
12.3099941353025,290,246,-167.312959946859,290,246,-167.312959946859,2.21,1.67,0.57986716220054,16,18,18,16,18,12,5.26,5.72,4.77,3.05,4.05,4.19013283779946
12.3149941329204,290,246,-146.856407106883,290,246,-146.856407106883,2.21,1.67,0.522234105496217,16,18,18,16,18,12,5.26,5.72,3.42212912824507,3.05,4.05,2.89989502274886
12.3199941305384,290,246,-158.803337497153,290,246,-158.803337497153,2.21,1.67,0.992738615279502,16,18,18,16,18,12,5.26,5.72,3.37,3.05,4.05,2.3772613847205
12.3249941281563,290,246,-392.479450355477,290,246,-392.479450355477,2.21,1.67,1.59570888568064,16,18,14.1567168665765,16,18,8.15671686657652,5.26,5.72,3.37,3.05,4.05,1.77429111431936
12.3299941257742,290,246,-538.612427321508,290,246,-538.612427321508,2.21,1.67,2.41608680669368,16,18,14,16,18,8,5.26,5.72,3.37,3.05,4.05,0.953913193306319
12.3349941233921,290,246,-614.974157681222,290,246,-614.974157681222,2.21,1.67,3.07116290434499,16,18,10,16,18,4,5.26,5.72,1.5,3.05,4.05,-1.57116290434499
12.33999412101,290,246,-611.07324282426,290,246,-611.07324282426,2.21,1.67,3.24670407290831,16,18,10,16,18,4,5.26,5.72,1.5,3.05,4.05,-1.74670407290831
12.3449941186279,290,246,-686.121748186816,290,246,-686.121748186816,2.21,1.67,3.9534720779203,16,18,8,16,18,2,5.26,5.72,-0.37,3.05,4.05,-4.3234720779203
12.3499941162458,290,246,-712.452923471313,290,246,-712.452923471313,2.21,1.67,4.70439818788559,16,18,8,16,18,2,5.26,5.72,-0.37,3.05,4.05,-5.07439818788559
12.3549941138637,290,246,-800,290,246,-800,2.21,1.67,5.34167923871402,16,18,-4,16,18,-8,5.26,5.72,-1.31,3.05,4.05,-6.65167923871402
12.3599941114817,290,246,-800,290,246,-800,2.21,1.67,5.93656875440081,16,18,-4,16,18,-8,5.26,5.72,-1.31,3.05,4.05,-7.24656875440081
12.3649941090996,290,246,-800,290,246,-800,2.21,1.67,6.48008816090368,16,18,-6,16,18,-10,5.26,5.72,-6.45,3.05,4.05,-12.9300881609037
12.3699941067175,290,246,-800,290,246,-800,2.21,1.67,6.58736331947015,16,18,-6,16,18,-10,5.26,5.72,-6.45,3.05,4.05,-13.0373633194702
12.3749941043354,290,246,-800,290,246,-800,2.21,1.67,6.65991548299775,16,18,-11.9927556855211,16,18,-15.9927556855211,5.26,5.72,-7.40884090968338,3.05,4.05,-14.0687563926811
12.3799941019533,290,246,-800,290,246,-800,2.21,1.67,6.53336975737653,16,18,-12,16,18,-16,5.26,5.72,-7.41,3.05,4.05,-13.9433697573765
12.3849940995712,290,246,-778.071638220979,290,246,-778.071638220979,2.21,1.67,6.17117226179784,16,18,-15.9869748689129,16,18,-19.9869748689129,5.26,5.72,-10.2208172825836,3.05,4.05,-16.3919895443815
12.3899940971891,290,246,-608.849832083174,290,246,-608.849832083174,2.21,1.67,5.8200341353445,16,18,-16,16,18,-20,5.26,5.72,-10.23,3.05,4.05,-16.0500341353445
12.3949940948071,290,246,-662.69901548877,290,246,-662.69901548877,2.21,1.67,5.47173448701387,16,18,-23.9591885408501,16,18,-27.9591885408501,5.26,5.72,-12.1203072784519,3.05,4.05,-17.5920417654658
12.399994092425,290,246,-576.636975654001,290,246,-576.636975654001,2.21,1.67,5.04303673357034,16,18,-24,16,18,-28,5.26,5.72,-12.13,3.05,4.05,-17.1730367335703
12.4049940900429,290,246,-577.971402861257,290,246,-577.971402861257,2.21,1.67,4.30521897782061,16,18,-25.9857014306285,16,18,-29.9857014306284,5.26,5.72,-14.9794815529518,3.05,4.05,-19.2847005307724
12.4099940876608,290,246,-430.80020978345,290,246,-430.80020978345,2.21,1.67,3.57368524564202,16,18,-26,16,18,-30,5.26,5.72,-15,3.05,4.05,-18.573685245642
12.4149940852787,290,246,-471.576883641291,290,246,-471.576883641291,2.21,1.67,2.83662269083196,16,18,-31.9448109097337,16,18,-33.9632072731558,5.26,5.72,-15,3.05,4.05,-17.836622690832
12.4199940828966,290,246,-364.722020377521,290,246,-364.722020377521,2.21,1.67,1.9311844950549,16,18,-32,16,18,-34,5.26,5.72,-15,3.05,4.05,-16.9311844950549
12.4249940805145,290,246,-203.788285519078,290,246,-203.788285519078,2.21,1.67,1.04967248771325,16,18,-32,16,18,-34,5.26,5.72,-15,3.05,4.05,-16.0496724877133
12.4299940781324,290,246,-78.5418371458002,290,246,-78.5418371458002,2.21,1.67,0.123708947566486,16,18,-32,16,18,-34,5.26,5.72,-15,3.05,4.05,-15.1237089475665
12.4349940757504,290,246,42.4310748601309,290,246,42.4310748601309,2.21,1.67,-0.926305144965549,16,18,-33.9734080484768,16,18,-35.9734080484768,5.26,5.72,-15,3.05,4.05,-14.0736948550345
12.4399940733683,290,246,144.126342235721,290,246,144.126342235721,2.21,1.67,-2.2012068108538,16,18,-34,16,18,-36,5.26,5.72,-15,3.05,4.05,-12.7987931891462
12.4449940709862,290,246,263.228610563952,290,246,263.228610563952,2.21,1.67,-3.47122629999402,16,18,-30.0605603225999,16,18,-32.0605603225999,5.26,5.72,-15,3.05,4.05,-11.528773700006
12.4499940686041,290,246,341.864733436285,290,246,341.864733436285,2.21,1.67,-4.41237680123542,16,18,-30,16,18,-32,5.26,5.72,-15,3.05,4.05,-10.5876231987646
12.454994066222,290,246,381.364007826015,290,246,381.364007826015,2.21,1.67,-5.76696676991514,16,18,-24.1031338660516,16,18,-26.1031338660516,5.26,5.72,-15,3.05,4.05,-9.23303323008486
12.4599940638399,290,246,445.354693036065,290,246,445.354693036065,2.21,1.67,-7.10793222607926,16,18,-23.9742041428317,16,18,-25.9742041428317,5.26,5.72,-15,3.05,4.05,-7.89206777392074
12.4649940614578,290,246,498.9922723193,290,246,498.9922723193,2.21,1.67,-8.30746354459525,16,18,-20.0732892858691,16,18,-22.0732892858691,5.26,5.72,-15,3.05,4.05,-6.69253645540475
12.4699940590758,290,246,503.658184170649,290,246,503.658184170649,2.21,1.67,-9.50229376411801,16,18,-19.9640193863842,16,18,-21.9640193863842,5.26,5.72,-14.995502423298,3.05,4.05,-5.49320865918001
12.4749940566937,290,246,429.540801888361,290,246,429.540801888361,2.21,1.67,-9.99966040838073,16,18,-12.162189672459,16,18,-14.1621896724591,5.26,5.72,-14.0202737090574,3.05,4.05,-4.02061330067665
12.4799940543116,290,246,253.706687860506,290,246,253.706687860506,2.21,1.67,-10.191014256931,16,18,-11.9890350602058,16,18,-13.9945175301029,5.26,5.72,-13.9899122553894,3.05,4.05,-3.7988979984584
12.4849940519295,290,246,149.357215436758,290,246,149.357215436758,2.21,1.67,-10.5518488812,16,18,-8.08812020324327,16,18,-12.0440601016216,5.26,5.72,-10.4010705869838,3.05,4.05,0.150778294216186
12.4899940495474,290,246,60.165867945273,290,246,60.165867945273,2.21,1.67,-10.7903554313113,16,18,-7.99368122113246,16,18,-11.9936812211325,5.26,5.72,-10.3189337060661,3.05,4.05,0.471421725245196
12.4949940471653,290,246,264.963897935807,290,246,264.963897935807,2.21,1.67,-11.2292083527196,16,18,-0.191851507207359,16,18,-4.19185150720736,5.26,5.72,-9.00237494184124,3.05,4.05,2.22683341087834
12.4999940447832,290,246,242.034148283739,290,246,242.034148283739,2.21,1.67,-11.4197804753188,16,18,0,16,18,-4,5.26,5.72,-8.97,3.05,4.05,2.44978047531882
12.5049940424011,290,246,249.792537392072,290,246,249.792537392072,2.21,1.67,-11.2154458934581,16,18,0,16,18,-0.103731303964085,5.26,5.72,-5.37569212790687,3.05,4.05,5.83975376555125
12.5099940400191,290,246,105.47392939517,290,246,105.47392939517,2.21,1.67,-11.0006863805033,16,18,0,16,18,0,5.26,5.72,-5.28,3.05,4.05,5.72068638050335
12.514994037637,290,246,254.705831108454,290,246,254.705831108454,2.21,1.67,-10.7958556848521,16,18,5.83269471851118,16,18,3.88846314567412,5.26,5.72,-4.40509579222332,3.05,4.05,6.39075989262879
12.5199940352549,290,246,198.311931473155,290,246,198.311931473155,2.21,1.67,-10.3721477248971,16,18,6,16,18,4,5.26,5.72,-4.38,3.05,4.05,5.99214772489714
12.5249940328728,290,246,189.266764998014,290,246,189.266764998014,2.21,1.67,-10.1274101388337,16,18,6,16,18,4,5.26,5.72,-2.14817327727028,3.05,4.05,7.97923686156344
12.5299940304907,290,246,137.372396986072,290,246,137.372396986072,2.21,1.67,-9.95121745168523,16,18,6,16,18,4,5.26,5.72,-2.08,3.05,4.05,7.87121745168524
12.5349940281086,290,246,270.640311876349,290,246,270.640311876349,2.21,1.67,-9.82410695258025,16,18,7.93681611414998,16,18,5.93681611414998,5.26,5.72,-2.0993681611415,3.05,4.05,7.72473879143875
12.5399940257265,290,246,232.396046233647,290,246,232.396046233647,2.21,1.67,-9.18589464161707,16,18,8,16,18,6,5.26,5.72,-2.1,3.05,4.05,7.08589464161707
12.5449940233445,290,246,126.656223026147,290,246,126.656223026147,2.21,1.67,-8.79341733220604,16,18,9.93291333896978,16,18,6,5.26,5.72,-1.22052443076875,3.05,4.05,7.57289290143729
12.5499940209624,290,246,62.6868157476691,290,246,62.6868157476691,2.21,1.67,-8.24608000825805,16,18,10,16,18,6,5.26,5.72,-1.19,3.05,4.05,7.05608000825806
12.5549940185803,290,246,92.864169020676,290,246,92.864169020676,2.21,1.67,-8.01816378516389,16,18,11.9290105637923,16,18,9.8580211275845,5.26,5.72,-0.755972623146743,3.05,4.05,7.26219116201715
12.5599940161982,290,246,82.1596980589266,290,246,82.1596980589266,2.21,1.67,-7.50678716750438,16,18,12,16,18,10,5.26,5.72,-0.74,3.05,4.05,6.76678716750438
12.5649940138161,290,246,49.2667831159667,290,246,49.2667831159667,2.21,1.67,-6.96086466308651,16,18,12,16,18,10,5.26,5.72,0.588583508822526,3.05,4.05,7.54944817190904
12.569994011434,290,246,-28.8181224356833,290,246,-28.8181224356833,2.21,1.67,-6.21121268458454,16,18,12,16,18,10,5.26,5.72,0.64,3.05,4.05,6.85121268458454
12.5749940090519,290,246,12.275092312255,290,246,12.275092312255,2.21,1.67,-5.72920919924989,16,18,10.0784048948975,16,18,8.0784048948975,5.26,5.72,0.630392024474488,3.05,4.05,6.35960122372437
12.5799940066698,290,246,10.0688046939635,290,246,10.0688046939635,2.21,1.67,-5.22842857501053,16,18,10,16,18,8,5.26,5.72,0.63,3.05,4.05,5.85842857501053
12.5849940042878,290,246,17.1287469777955,290,246,17.1287469777955,2.21,1.67,-4.88787567486637,16,18,8,16,18,8,5.26,5.72,-0.31,3.05,4.05,4.57787567486637
12.5899940019057,290,246,36.6333212626082,290,246,36.6333212626082,2.21,1.67,-4.56605019916696,16,18,8,16,18,8,5.26,5.72,-0.31,3.05,4.05,4.25605019916696
12.5949939995236,290,246,-17.040373651697,290,246,-17.040373651697,2.21,1.67,-4.14829533470613,16,18,8,16,18,6,5.26,5.72,-0.79,3.05,4.05,3.35829533470612
12.5999939971415,290,246,-25.8174320798628,290,246,-25.8174320798628,2.21,1.67,-3.77770842329468,16,18,8,16,18,6,5.26,5.72,-0.79,3.05,4.05,2.98770842329468
12.6049939947594,290,246,-63.9672445654452,290,246,-63.9672445654452,2.21,1.67,-3.41937218750437,16,18,4,16,18,4,5.26,5.72,-1.27,3.05,4.05,2.14937218750437
12.6099939923773,290,246,-52.2644999945575,290,246,-52.2644999945575,2.21,1.67,-3.19506958322902,16,18,4,16,18,4,5.26,5.72,-1.27,3.05,4.05,1.92506958322902
12.6149939899952,290,246,-55.9743183454476,290,246,-55.9743183454476,2.21,1.67,-3.0398988298457,16,18,4,16,18,4,5.26,5.72,-2.68,3.05,4.05,0.359898829845703
12.6199939876132,290,246,-23.7917707755066,290,246,-23.7917707755066,2.21,1.67,-2.91311909699442,16,18,4,16,18,4,5.26,5.72,-2.68,3.05,4.05,0.23311909699442
12.6249939852311,290,246,-97.9076166966717,290,246,-97.9076166966717,2.21,1.67,-2.63034489766576,16,18,2.00246355475542,16,18,2.00246355475542,5.26,5.72,-2.69997536445245,3.05,4.05,-0.0696304667866872
12.629993982849,290,246,-97.0259444413933,290,246,-97.0259444413933,2.21,1.67,-2.52285388855327,16,18,2,16,18,2,5.26,5.72,-2.7,3.05,4.05,-0.177146111446734
12.6349939804669,290,246,-75.0721748368738,290,246,-75.0721748368738,2.21,1.67,-2.39042648767244,16,18,2,16,18,0.00656134880671311,5.26,5.72,-3.63691616606084,3.05,4.05,-1.24648967838841
12.6399939780848,290,246,-43.8926665274809,290,246,-43.8926665274809,2.21,1.67,-2.45804729197114,16,18,2,16,18,0,5.26,5.72,-3.64,3.05,4.05,-1.18195270802886
12.6449939757027,290,246,-60.9077350776184,290,246,-60.9077350776184,2.21,1.67,-2.42020503316085,16,18,0.0102516580423957,16,18,0,5.26,5.72,-4.12748834377961,3.05,4.05,-1.70728331061877
12.6499939733206,290,246,-29.9488694635909,290,246,-29.9488694635909,2.21,1.67,-2.51703478292628,16,18,0,16,18,0,5.26,5.72,-4.13,3.05,4.05,-1.61296521707372
12.6549939709385,290,246,-35.949784265781,290,246,-35.949784265781,2.21,1.67,-2.54978478971049,16,18,0,16,18,-1.985652647366,5.26,5.72,-4.61648489860467,3.05,4.05,-2.06670010889418
12.6599939685565,290,246,-19.5372604915644,290,246,-19.5372604915644,2.21,1.67,-2.62747171533381,16,18,0,16,18,-2,5.26,5.72,-4.62,3.05,4.05,-1.99252828466619
12.6649939661744,290,246,-34.8524388265235,290,246,-34.8524388265235,2.21,1.67,-2.67953887133289,16,18,0,16,18,-2,5.26,5.72,-5.10548093906228,3.05,4.05,-2.4259420677294
12.6699939637923,290,246,-22.4362142969264,290,246,-22.4362142969264,2.21,1.67,-2.83463120865321,16,18,0,16,18,-2,5.26,5.72,-5.11,3.05,4.05,-2.27536879134679
12.6749939614102,290,246,-31.8872852963243,290,246,-31.8872852963243,2.21,1.67,-2.94876013825957,16,18,0,16,18,-0.0225429407351336,5.26,5.72,-5.12977457059265,3.05,4.05,-2.18101443233308
12.6799939590281,290,246,-20.4260760020742,290,246,-20.4260760020742,2.21,1.67,-3.04644936664938,16,18,0,16,18,0,5.26,5.72,-5.13,3.05,4.05,-2.08355063335062
12.684993956646,290,246,-14.079922204357,290,246,-14.079922204357,2.21,1.67,-3.09933398163036,16,18,-1.97335926521434,16,18,-1.97335926521434,5.26,5.72,-4.69586096165285,3.05,4.05,-1.59652698002249
12.6899939542639,290,246,-7.2608896122594,290,246,-7.2608896122594,2.21,1.67,-3.27329140997047,16,18,-2,16,18,-2,5.26,5.72,-4.69,3.05,4.05,-1.41670859002953
12.6949939518818,290,246,47.1659540245333,290,246,47.1659540245333,2.21,1.67,-3.37848355277188,16,18,-2,16,18,-2,5.26,5.72,-5.63544210661004,3.05,4.05,-2.25695855383816
