:020000040800F2
:10000000803B0020513900084FEB00083D390008C3
:100010003D3900083D3900083D3900080000000066
:10002000000000000000000000000000853900080A
:100030003D39000800000000A53B0008959100082C
:10004000393C0008393C0008393C0008393C0008BC
:10005000393C0008393C0008393C0008393C0008AC
:10006000393C0008393C0008393C0008393C00089C
:10007000393C0008393C0008393C0008393C00088C
:10008000393C0008393C0008393C0008393C00087C
:10009000393C0008393C0008393C0008393C00086C
:1000A000393C0008393C0008393C0008393C00085C
:1000B000393C0008393C0008393C0008393C00084C
:1000C000393C0008393C0008393C0008393C00083C
:1000D000393C0008393C0008393C0008393C00082C
:1000E000393C0008393C0008393C0008393C00081C
:1000F000393C0008393C0008393C0008393C00080C
:0C010000393C0008393C0008393C00087C
:1001400030B490F800F020F007016FF0000C10F0D0
:10015000070491F820F040F048804FF000046FF061
:100160000700D1E9002391F840F000F1080082FA7D
:100170004CF2A4FA8CF283FA4CF3A2FA8CF34BBB48
:10018000D1E9022382FA4CF200F10800A4FA8CF2C1
:1001900083FA4CF3A2FA8CF3E3B9D1E9042382FA8F
:1001A0004CF200F10800A4FA8CF283FA4CF3A2FAA4
:1001B0008CF37BB9D1E9062301F1200182FA4CF2DC
:1001C00000F10800A4FA8CF283FA4CF3A2FA8CF343
:1001D000002BC6D0002A04BF04301A4612BAB2FA65
:1001E00082F200EBD20030BC7047D1E9002304F06A
:1001F0000305C4F100004FEAC50514F0040F91F89F
:1002000040F00CFA05F562EA05021CBF63EA05033B
:1002100062464FF00004AAE7844641EA000313F067
:1002200003036DD1403A41D351F8043B40F8043BFD
:1002300051F8043B40F8043B51F8043B40F8043BC0
:1002400051F8043B40F8043B51F8043B40F8043BB0
:1002500051F8043B40F8043B51F8043B40F8043BA0
:1002600051F8043B40F8043B51F8043B40F8043B90
:1002700051F8043B40F8043B51F8043B40F8043B80
:1002800051F8043B40F8043B51F8043B40F8043B70
:1002900051F8043B40F8043B51F8043B40F8043B60
:1002A00051F8043B40F8043B403ABDD2303211D300
:1002B00051F8043B40F8043B51F8043B40F8043B40
:1002C00051F8043B40F8043B51F8043B40F8043B30
:1002D000103AEDD20C3205D351F8043B40F8043B00
:1002E000043AF9D2043208D0D2071CBF11F8013BFE
:1002F00000F8013B01D30B8803806046704700BFC4
:10030000082A13D38B078DD010F003038AD0C3F1D2
:100310000403D21ADB071CBF11F8013B00F8013BB4
:1003200080D331F8023B20F8023B7BE7043AD9D373
:10033000013A11F8013B00F8013BF9D20B78037048
:100340004B7843708B788370604670477BB972B985
:100350000029BEBF00204FF0004106E008BF002882
:100360001CBF6FF000414FF0FF3000F057B8ADF107
:10037000080C6DE904CE002909DB002B1ADB00F024
:100380004FF8DDF804E0DDE9022304B07047404295
:1003900061EB4101002B1BDB00F042F8DDF804E0CB
:1003A000DDE9022304B0404261EB4101524263EBBC
:1003B00043037047524263EB430300F031F8DDF82A
:1003C00004E0DDE9022304B0404261EB41017047E3
:1003D000524263EB430300F023F8DDF804E0DDE96B
:1003E000022304B0524263EB4303704753B94AB946
:1003F000002908BF00281CBF4FF0FF314FF0FF302D
:1004000000F00CB8ADF1080C6DE904CE00F008F86E
:10041000DDF804E0DDE9022304B07047704700BF57
:100420002DE9F0478C468E46089E1546044619462F
:10043000002B40F0D080724547D9B2FA82F74FB115
:10044000C7F120030EFA07FC20FA03F3BD4043EA8C
:100450000C0CBC404FEA154EA8B2BCFBFEF8230CB6
:100460000EFB18CC08FB00F943EA0C43994528D948
:10047000EB1808F1FF3204D2994502D9A8F1020223
:100480002B44A3EB0903A4B2B3FBFEFC0EFB1C330D
:100490000CFB00F044EA0344A04214D92C190CF1DF
:1004A000FF3304D2A04202D9ACF102032C44241A37
:1004B00043EA02401EB1FC40002334607360BDE893
:1004C000F0874246DDE76346F1E7002A79D0B2FAC9
:1004D00082F3002B3FD01946C1F1200302FA01F547
:1004E0002EFA03F20EFA01FE20FA03F343EA0E039A
:1004F0004FEA154E00FA01F4B2FBFEFCAFB20EFB60
:100500001C201A0C0CFB07F842EA004290455AD90D
:10051000AA180CF1FF3004D2904502D9ACF10200C8
:100520002A44A2EB08029BB2B2FBFEFC0EFB1C228B
:100530000CFB07F743EA02439F4246D9EB180CF144
:10054000FF3204D29F4202D9ACF102022B44DB1BE2
:1005500042EA004202E0AEEB020301224FEA154EEE
:10056000AFB2B3FBFEFC200C0EFB1C330CFB07F8F8
:1005700040EA034398452AD9EB180CF1FF3004D226
:10058000984502D9ACF102002B44A3EB0803A4B2B6
:10059000B3FBFEFC0EFB1C330CFB07F744EA0344E1
:1005A000A74216D92C190CF1FF3304D2A74202D965
:1005B000ACF102032C44E41B43EA00400F46114611
:1005C00078E71F2188E76046ABE76246BFE76046F1
:1005D000DBE76346EFE7734506D916B90021084605
:1005E0006DE7C6E9000EF9E7B3FA83F787B97345FB
:1005F00001D3824207D8841A6EEB030301209C4684
:100600001EB900215BE73846FAE7C6E9004CF8E777
:10061000C7F1200CBB4022FA0CF51D4320FA0CF167
:100620002EFA0CF30EFA07FE41EA0E014FEA1549C5
:1006300000FA07F4B3FBF9F81FFA85FE09FB18303E
:100640000B0C08FB0EFA43EA00439A4502FA07F244
:1006500040D9EB1808F1FF3004D29A4502D9A8F12D
:1006600002002B44A3EB0A0389B2B3FBF9F809FBA0
:10067000183308FB0EFE41EA03418E452CD9691858
:1006800008F1FF3304D28E4502D9A8F102032944B0
:1006900043EA0040A0FB0298A1EB0E014145CE4683
:1006A000434602D306D14C4504D2B9EB020E68EBA7
:1006B00005030138002EA4D0B4EB0E0261EB030158
:1006C00001FA0CFC22FA07F34CEA0303F940C6E9ED
:1006D000003196E74046C5E74346D9E700B589B003
:1006E00000220023CDE90623002304930422039271
:1006F000029301930093064B4FF48252054906483A
:100700000AF03CFC4FF47A7000210BF0C7FDF9E7CA
:1007100013E2000800110020C80300202DE9F8436F
:1007200004460D46131D50F823607EB9C3680121AD
:1007300091400B43C360043240F82250EB001A1D75
:10074000ADB285520633C552BDE8F883F7000437D1
:1007500030F807904FEAC90808F1060830F8083069
:100760009E420AD1EB001A1D24F802900633E6528D
:10077000ADB224F80850E553E6E7074A01210748DF
:100780000EF0E8F8002383F31188BFF36F8F042382
:10079000184602DFE6E700BF50160108A815010859
:1007A00070B5B2F5802F31D20346042A3ED9043AFF
:1007B000C81D20F007000A4422F00702121AD608CA
:1007C000172A43D9186086600023C360B6FA86F101
:1007D000C1F1200EC1F12405AD000735E9084B1C1D
:1007E000B34294BF00230123002B45D0354C40F287
:1007F00033332246344935480DF09FFD34480DF01F
:100800009CFD40F2333120460DF08EFD2D4C40F220
:100810000A3322462F492D480DF08FFD2E480DF04A
:100820008CFD40F20A3120460DF07EFD254C40F251
:1008300011332246294925480DF07FFD24480DF04B
:100840007CFD40F2113120460DF06EFD1D4C40F252
:100850001D33224622491D480DF06FFD1C480DF046
:100860006CFD40F21D3120460DF05EFD03F1040CDD
:10087000002440F82C4001337345F7DB1FFA81FC5C
:100880004FEA4C039BB243800024048043F00103F1
:100890004380731A25F00705AE1C9BB24FEA430E46
:1008A00020F806E020F805C022F00705961C8453C6
:1008B00002444353538843F0010353800DF0AFFCCF
:1008C00070BD00BF7416010894170108B81601081E
:1008D0004C170108F816010810170108281701081D
:1008E0006817010808B502480DF010FD002008BD8A
:1008F000C81701080F4B984202D30F4B98420FD3F1
:100900000E4B23B1984202D30D4B98420AD30D4BA4
:1009100053B198420AD30C4B984209D30020704738
:100920000120704701207047002070470020704769
:10093000012070476C0E01082C60010800000000C7
:1009400000000000000000000000000070B5044638
:100950000D46194616465AB164B129B93046FFF71B
:10096000EFFB83B2013399B22A463046A04770BDEF
:10097000034EF1E73046FFF7E3FB0130F7E700BF36
:1009800004180108F8B540B1064603784578847824
:1009900004EB83040444002711E00B4CC6232246D9
:1009A0000A490B480DF0C9FCC62120460DF0BCFCDD
:1009B00001342046FFF7C4FB013004440137AF4245
:1009C000F6D3A01BF8BD00BF0C1801083C180108A5
:1009D000B81601082DE9F04F91B006920393134623
:1009E00002F004020092C3F3C20210F00303019369
:1009F00040F05E82074689460132041D00284BD034
:100A0000072940F25882039B5D1EDDF804B0CDF843
:100A100010B0CDF814B000264FF0FF3A4FF00408A4
:100A2000CDF808B0C3460FB1039B2360531E079354
:100A3000002A40F35F81069B13F0020229D04FF099
:100A4000010CE11B8B081AB1B1F5007F80F05D81CC
:100A5000029A0F2A00F26981002F00F07A81DBB23E
:100A6000029901F140026A4402F8103C02F820ACFD
:100A7000BCF1000F00F0698163F07F0301F14002D7
:100A80006A4402F8103C049B01330493029B013337
:100A90000293043400223EE001F007031C44C3F13A
:100AA0000809B0E7002635E0002633E0002631E0F3
:100AB0004FF00808C3462DE025292BD10AF1010A81
:100AC00001264FF00408C34624E04729ECD82A2920
:100AD00012D32A39C9B2012000FA01F14FF6DA70B7
:100AE000014217D111F0625F40F0C28011F0010F96
:100AF00040F08C8000260DE0252903D10AF1FF3A51
:100B0000002607E0D2D8202904D0232902D00026CD
:100B100000E000261D466B1C6978002900F0458125
:100B2000002EC9D07A29BDD84C29CED34C392E29D4
:100B3000EFD801A050F821F0150B0008130B0008A6
:100B4000130B0008130B0008130B0008130B00080D
:100B5000130B0008130B0008130B0008130B0008FD
:100B6000130B0008130B0008050C0008130B0008FA
:100B7000130B0008130B0008130B0008130B0008DD
:100B8000130B0008130B0008130B0008710C00086E
:100B9000130B0008050C0008050C0008710C000878
:100BA000710C0008710C0008150B0008050C0008FA
:100BB000B10A0008130B0008150B0008130B0008FE
:100BC000CF0C0008050C0008CF0C0008130B000820
:100BD000130B0008D90C0008FD0B0008050C0008D9
:100BE000130B0008130B0008050C0008130B00087A
:100BF000F50B00084FF00408C3468BE74FF00408DC
:100C0000C34687E729786C2924D000264444013C58
:100C1000B4FBF8F408FB04F427B1E11B594449453F
:100C200000F24C81002A5DD1BBF1040F00F0A480DA
:100C3000BBF1080F40F0A8801A99073121F0070195
:100C400001F108001A90D1E900010FB1C4E90001D7
:100C500008345FE713F8021C6C2904D000264FF01B
:100C60000408C346D2E700264FF00808C346CDE784
:100C700029784C291BD01A99073121F0070101F17D
:100C800008001A90D1E90001073424F0070447B1A5
:100C9000E61B08364E4514D82D784C2D14D0C4E9E7
:100CA0000001083400264FF00808C34632E71A99BD
:100CB000073121F0070101F108001A90D1E9000184
:100CC000E2E76FF01B00F0E0C4E90001E9E700266D
:100CD0004FF00408C34699E7324600264FF0040857
:100CE000C34693E71A9A111D1A9112680392079A44
:100CF0001D4698E60398FFF7FDFD844600287FF423
:100D00009AAE069B03F002029BE6714C4FF42273ED
:100D10002246704970480DF010FB70480DF00DFB35
:100D20004FF4227120460DF0FFFA694C40F28D23FA
:100D30002246684968480DF000FB69480DF0FDFA4D
:100D400040F28D2120460DF0EFFA059B013305930B
:100D50009CE6BCF1000F02D009F1010996E6009B68
:100D600013B109F1020991E60398FFF7E9F909EBDC
:100D7000000303F1020989E61A99081D1A9009680F
:100D800007B121600434C5E6514C40F2D22322461B
:100D9000504951480DF0D1FA594652480DF0CDFA5C
:100DA00040F2D22120460DF0BFFADDF808B0E31B77
:100DB000B3F5806F11D207B300223A609B083B70F5
:100DC000009BF3B1059BFB70049BBB708BBB019D2B
:100DD000DDF810A0DDF80C804AE03D4C40F2DE2347
:100DE00022463C493C480DF0A8FA3F480DF0A5FAD0
:100DF00040F2DE2120460DF097FA4B44A3F10800A3
:100E000053E0059B7B70DFE701339B45DFD903F19E
:100E100040026A4412F8101C12F9102C002AF3DA6E
:100E200001F07F01E21B01324A454AD804F8011B58
:100E3000EAE7019BE9E7009B3BB305F140036B4404
:100E400013F8203C04F8013B019EE31B33440133BB
:100E50004B4539D805F140036B4413F8103C04F8B6
:100E6000013B324641462046FFF7D6F9344401356E
:100E7000AB4519D9BAF1000FDDD005F140036B4441
:100E800013F9103C002BD6DAF1E705F140036B446F
:100E900013F8103C57F82380002247F823204046DF
:100EA000FFF74EF9461CD0E7E01B11B0BDE8F08F0C
:100EB0006FF00D00F9E76FF01B00F6E76FF01B0015
:100EC000F3E76FF01B00F0E76FF01B00EDE700BFEA
:100ED0000C18010854180108B81601085818010820
:100EE0007C18010898180108B01801082DE9F04F86
:100EF00097B000AF7961BA61FB60002844D08346A7
:100F0000B0FA80F46409D7F88030C3F3C0033B62C1
:100F10007B69002B45D09BF80260B1462EB1D7F813
:100F2000803013F0010F00D0012423469BF80320EA
:100F30007A6222B1D7F8802012F0020F00D1A3B359
:100F40009BF80050AA00BA60DBF804203A610BEB72
:100F50008505BA69AAB3002B00F02281B9F1100F00
:100F600000F2118107F144004FF0000A4A46294679
:100F7000FFF752F99BF802301D444FF00008C7F804
:100F80000490C7F81CB08CE1B34C40F2A533224664
:100F9000B249B3480DF0D1F940F2A53120460DF029
:100FA000C3F9FFF7EFFC7861B5E7BB691BB1FA68DD
:100FB0007969584698477C6920465C37BD46BDE84C
:100FC000F08F7C69E3B94D4400237B6123E0044446
:100FD000013501364E451AD22A7800235BF82220CB
:100FE0001946B869FFF7B2FCBAF1000FEFD0D7F895
:100FF00088309845EBD22AF8180008F10108E6E796
:101000000026C7F81C80B046D7F884A0E2E7C7F8EE
:101010001480D7F81C80D7F8803003F00503FB60FC
:101020004FF0000AA146C7F81CB08AE0594638695B
:101030000DF03FF9002800F096806C46002387F8F9
:101040002C30022387F82D308AB0694611F1100246
:1010500037D012251AB1042D01DD824B4B610023DC
:1010600087F82830022387F829306ABB112D45DD27
:10107000122362B1042087F82C00002087F82D008D
:1010800087F82E00012087F82F00F86A086128F001
:10109000010828F0020828F0040828F03808022186
:1010A00061F38818C3F30A0363F35328C8F31308E2
:1010B000002341466C4801F05FFBA546A9F10209F7
:1010C0003CE06FF00045C5E72B46082D01DD38698F
:1010D00088610C2B01DDC1F81CB001F12003002058
:1010E00009E000F1300C07F1280EF4441CF830CC74
:1010F00003F801CB01300128F3D9B7E76FF01B03E8
:10110000B7E701233AE0D7F8803013F0020F15D08B
:10111000002322461946B869FFF718FCD7F8843037
:1011200053B17B69D7F88820934205D2D7F8842041
:1011300022F8130001337B61013881440AF1010A6E
:1011400035467B6A9A451CD22E4616F802BB6B7850
:10115000FA6952F823402046FFF7CCFB05463B6A6C
:10116000002B7FF463AF002DCDD0D7F8803013F083
:10117000010FCDD1FB68002BC3D10223A9EB0309DA
:10118000DCE74C4618E7344C40F22D432246374901
:1011900033480DF0D2F840F22D4120460DF0C4F84E
:1011A000B9F1000F19D0D7F8803013F0040F18D020
:1011B000B9F1100F04D8B24607F134000026D5E685
:1011C000254C4FF487632246294925480DF0B5F890
:1011D0004FF4876120460DF0A7F84FF0000A5646FD
:1011E000C8E64FF0000A5646C4E6594638690DF085
:1011F00060F8002866D051E0174C40F26143224667
:101200001C4917480DF099F840F2614120460DF055
:101210008BF8D7F8803013F0040F3FD0BAF10F0FDE
:101220000CD80AF101030AF1300207F1280102EBA0
:10123000010A0AF8249C5FFA83FA2FE0064C40F278
:10124000664322460C4906480DF077F840F26641A5
:1012500020460DF069F800BF0C180108C8180108F5
:10126000B8160108E41801082815010888190108B2
:10127000A8190108C8190108E8190108D7F8803031
:1012800013F0020F3ED00F2E2FD8731C06F1300240
:1012900007F12801561806F8149CDEB208F101087F
:1012A00025467B6A984551D22C4614F802BB95F826
:1012B0000190FB6953F82900FFF71CFB05463B6AC8
:1012C000002B92D1002DD9D0D7F8803013F0010F28
:1012D0009FD00F2E90D8731C06F1300207F1280121
:1012E000561806F8149CDEB2D8E7664C40F26F43FD
:1012F0002246654965480DF020F840F26F412046CE
:101300000DF012F8BAF10F0F13D80AF101030AF128
:10131000300207F128010A4402F824BC0AF1020A4B
:101320005FFA8AFA07F1580252FA83F303F8249C11
:10133000B4E7544C40F274432246554953480CF0EC
:10134000FCFF40F2744120460CF0EEFFD7F8049009
:10135000D7F81CB09BF8003087F854309BF8013068
:10136000334487F85530D7F8803013F0020F0DD191
:10137000CAF3470387F85730D7F8803013F0010FCE
:1013800006D113F0040F3AD1002302E00023F1E765
:10139000002387F85630DBF800003863786DCBF80F
:1013A0000000FA68B9685846D7F81880C047041E8C
:1013B000FFF602AE386BCBF80000FA68514607F131
:1013C0003400C246C047002855DB04EB0008B9686A
:1013D00049447B6A01EB4301D7F80C904A467B698C
:1013E000591A2846D047041EFFF6E6AD08EB04055F
:1013F0004FF00008C7F824B0B346544619E05346EE
:10140000C7E74FF0000A01E04FF0000A4A46012109
:1014100007F12C00A04700282FDB05445346324635
:1014200049462046FFF792FA002828DB054408F1D8
:101430000108D84518D208F1300307F128021344F7
:1014400013F8143C87F82C307A6A52F82360D7F8E6
:101450008430002BD5D0D7F888309845D4D2D7F82F
:10146000843033F818A0D1E7FA6800210846BB6938
:1014700098472C46A0E504469EE504469CE50446B4
:101480009AE500BF0C180108C8190108B816010830
:10149000E8190108014B1860704700BFA002002046
:1014A00038B504460D46202200210CF0B3F8EB6855
:1014B000E361AB68A3612B6823626B6863620022FF
:1014C000A2622A6922612BB1591E0B4202D142F05D
:1014D0000102226104F12C00012200210FF065FBC2
:1014E00000B938BD054C30232246054905480CF0AB
:1014F00024FF302120460CF017FF00BF1C1A010802
:10150000441A0108B81601082DE9F04F89B002927B
:101510009946002307930593436A8B42C0F00181EB
:10152000834688464FF0000A0126CDF80CA065E0FE
:101530007F4D8F232A467F497F480CF0FEFE2146CF
:101540007E480CF0FAFE8F2128460CF0EDFE514645
:1015500058460DF024F80023059367E0DBF82030AF
:10156000DBF8002003EB8201039113F8221021F035
:10157000010103F82210C9B221F0020103F8221080
:10158000DBF800304344DBF8102012F0010F05D1E6
:10159000DBF824108B4205D35B1A03E0DBF8241040
:1015A00001390B40CBF80030DBF80C108B4201D036
:1015B000002609E042F00802CBF81020002603E0E4
:1015C00058460CF022FF2E46019D20460BF0B8F83D
:1015D00080F0010010F0FF0F40F0928085F3118839
:1015E000BFF36F8F079931B1DBF818300BB1584654
:1015F000984700230793002E00F095800BF1140408
:10160000EFF31187102383F31288BFF36F8F204607
:101610000BF086F880F0010010F0FF0F88D1204613
:101620000BF0ECF80197059A002A90D106A95846CC
:101630000CF091FE0546069941458FD20028BFD196
:10164000029B59EA03030BD1002EBDD0DBF800A0AA
:1016500005AB07AA069958460CF00AFF0646B3E701
:101660000FF086FB0028EFD1002FEDD120460BF0C4
:1016700067F880F0010010F0FF0F21D187F3118887
:10168000BFF36F8F0BF12C00029A4B4608F0D8FD88
:101690000646EFF31185102383F31288BFF36F8F93
:1016A00020460BF03DF880F0010010F0FF0F18D13C
:1016B00020460BF0A3F80195B6FA86F6760983E783
:1016C0001B4D40F23D132A461D491B480CF035FEC8
:1016D00021461C480CF031FE40F23D1128460CF02A
:1016E00023FE134D8F232A46124913480CF025FE82
:1016F000214612480CF021FE8F2128460CF014FEE2
:101700000B4D40F23D132A460D490B480CF015FED7
:1017100021460C480CF011FE40F23D1128460CF019
:1017200003FE00230393039809B0BDE8F08F00BFC8
:10173000501A0108801A0108B8160108981A010801
:10174000B01A0108C81A01082DE9F04104460D46F7
:10175000C36908469847804604F11406EFF31187E1
:10176000102383F31288BFF36F8F30460AF0D8FF3F
:1017700080F0010313F0FF0F12D130460BF03EF85A
:101780002B7843F001032B70636803EB0800236997
:1017900013F0010F13D1636A984213D3C01A11E0FA
:1017A0001A4C8F2322461A491A480CF0C6FD3146BE
:1017B00019480CF0C2FD8F2120460CF0B5FD636A7C
:1017C000013B1840606020460CF0FDFD30460AF0F9
:1017D000B7FF80F0010010F0FF0F05D187F31188EB
:1017E000BFF36F8FBDE8F081084C40F23D132246F5
:1017F0000A4908480CF0A1FD314609480CF09DFD4E
:1018000040F23D1120460CF08FFD00BF501A010838
:10181000801A0108B8160108981A0108B01A0108C0
:10182000C81A01082DE9F04383B0044600274BE0B5
:10183000544C8F232246544954480CF07EFD2946CF
:1018400053480CF07AFD8F2120460CF06DFD53F8C3
:101850002210890869D15EE0626A013A1340A360F0
:1018600020460CF0BFFD0127B9461EE013F82210F8
:1018700041F0020103F82210D4F80890E3694046D1
:1018800098474844236913F0010F04D1636A9842D2
:1018900004D3C01A02E0636A013B1840A0604FF015
:1018A000000902E04FF00009C84628460AF048FF48
:1018B00080F0010010F0FF0F46D186F31188BFF3CE
:1018C0006F8FB9F1000F50D004F11405EFF31186BA
:1018D000102383F31288BFF36F8F28460AF020FF8E
:1018E00080F0010010F0FF0FA2D128460AF086FF19
:1018F00001A920460CF043FD236AA26803EB82088D
:1019000001990029CED013F8221011F0030117D04D
:1019100002299CD0002113F8220010F0010FA5D15C
:1019200019B9E369404698470146A3680B44226908
:1019300012F0010F90D1626A934290D39B1A8EE706
:101940004FF00009C846B0E70E4C40F23D13224666
:1019500010490E480CF0F1FC29460F480CF0EDFC44
:1019600040F23D1120460CF0DFFC17B1B8F1000F3A
:1019700003D0404603B0BDE8F08304F12C0008F02A
:10198000F1FBF6E7501A0108801A0108B8160108A1
:10199000981A0108B01A0108C81A01082DE9F04187
:1019A00004460D46C36908469847064604F11407E5
:1019B000EFF31188102383F31288BFF36F8F38463B
:1019C0000AF0AEFE80F0010010F0FF0F15D138468E
:1019D0000AF014FF2B7823F001032B70236913F016
:1019E000020F19D0236AE26803EB8203AB4213D0E3
:1019F0002B6866F39F032B601AE0264C8F23224648
:101A0000254926480CF099FC394625480CF095FCF0
:101A10008F2120460CF088FC2B7823F002032B70DA
:101A2000E268A3689A4215D0314620460CF0DAFCF1
:101A300038460AF085FE80F0010010F0FF0F18D143
:101A400088F31188BFF36F8F04F12C0008F08AFB34
:101A5000BDE8F0813344226912F0010F04D1626ABB
:101A6000934204D39B1A02E0626A013A1340A360D6
:101A7000DAE7084C40F23D1322460A4907480CF0C9
:101A80005CFC394608480CF058FC40F23D112046F9
:101A90000CF04AFC501A0108801A0108B816010817
:101AA000981A0108B01A0108C81A010870B582B066
:101AB000044600F11405EFF31186102383F3128816
:101AC000BFF36F8F28460AF02BFE80F0010010F064
:101AD000FF0F18D128460AF091FE01A920460CF00C
:101AE0004EFC28460AF02CFE80F0010010F0FF0F9B
:101AF00018D186F31188BFF36F8F0198003818BF93
:101B0000012002B070BD104C8F2322460F491048AF
:101B10000CF013FC29460F480CF00FFC8F212046D7
:101B20000CF002FC084C40F23D1322460A490848DA
:101B30000CF003FC294609480CF0FFFB40F23D1174
:101B400020460CF0F1FB00BF501A0108801A010872
:101B5000B8160108981A0108B01A0108C81A010835
:101B6000034A536843F0020353600020704700BFEC
:101B7000002004E008B502490CF043FD08BD00BF99
:101B80008D1C000810B560B1024683681548834279
:101B900015D21548834212D31B68FBB110469847F3
:101BA00010BD124CB6232246114912480CF0C5FB59
:101BB00011480CF0C2FBB62120460CF0B5FB0B4CD3
:101BC000B62322460D490B480CF0B7FB0C490D48D3
:101BD0000CF0B3FBB62120460CF0A6FB6FF05700CB
:101BE000DEE700BFBC140108A0140108EC1A0108CC
:101BF000281B0108B81601083C1B0108501B0108EE
:101C0000CC1C0108DC1C010810B560B102468368D9
:101C10001548834215D21548834212D35B68FBB145
:101C20001046984710BD124CCC2322461149124849
:101C30000CF083FB11480CF080FBCC2120460CF00B
:101C400073FB0B4CCC2322460D490B480CF075FB63
:101C50000C490D480CF071FBCC2120460CF064FBC4
:101C60006FF05700DEE700BFBC140108A0140108A4
:101C7000EC1A0108281B0108B81601083C1B0108D2
:101C8000501B0108CC1C0108DC1C010808B50B46E0
:101C900041680C31012B11D007D81BB90948FFF757
:101CA000B3FF0EE06FF085000BE0023BDBB2012BCF
:101CB00001D8002005E06FF0850002E00148FFF741
:101CC00061FF08BD640F010810B5082808D8064B4D
:101CD00053F8204020460EF048FF18B1204610BDB2
:101CE0000024FBE70024F9E760580108084B1A6854
:101CF00042F480721A601A6842F400721A601A681C
:101D000042F480621A60034B034A1A60704700BFB6
:101D1000003C0240EC0200200024F40010B14368B3
:101D20005879704710B5064C4FF4A6732246054902
:101D300005480CF002FB4FF4A67120460CF0F4FAB3
:101D4000AC1D0108E41D0108B816010810B1436874
:101D50001971704710B5054CF8232246044905480F
:101D60000CF0EBFAF82120460CF0DEFAAC1D01086D
:101D7000E41D0108B816010810B540B10446036817
:101D8000DB6803B19847636801229A7110BD054C66
:101D9000A3232246044905480CF0CFFAA32120468C
:101DA0000CF0C2FAAC1D0108E41D0108B8160108C8
:101DB00010B5034640B1B0FA80F040091A681269C4
:101DC0000AB11846904710BD054CB7232246054975
:101DD00005480CF0B2FAB72120460CF0A5FA00BF76
:101DE000AC1D0108E41D0108B816010810B518B1B2
:101DF00002689268904710BD054CE92322460549C8
:101E000005480CF09AFAE92120460CF08DFA00BF43
:101E1000AC1D0108E41D0108B816010810B520B179
:101E20000268526802B1904710BD054CDB23224680
:101E3000044905480CF081FADB2120460CF074FAC5
:101E4000AC1D0108E41D0108B816010810B520B149
:101E500071B102681268904710BD0B4CCB2322462B
:101E60000A490B480CF069FACB2120460CF05CFAC9
:101E7000054CCC232246074905480CF05EFACC21DC
:101E800020460CF051FA00BFAC1D0108E41D01080A
:101E9000B8160108FC1D010838B50546144C00E0D1
:101EA0001034144B9C4212D8124B9C421FD2204635
:101EB000FFF734FF0028F3D0294620460CF0A6FC9B
:101EC0000028EDD029462046FFF7C0FFE8E70A4C7E
:101ED00040F20A232246094909480CF02EFA094823
:101EE0000CF02BFA40F20A2120460CF01DFA38BD06
:101EF000E8150108F8150108101E0108401E010828
:101F0000B8160108641E010810B50C4B1B78012B94
:101F100004D101F0A1FE0A4B185810BD094C40F243
:101F20008F332246084909480CF007FA08480CF09C
:101F300004FA40F28F3120460CF0F6F9CB10002065
:101F400008000000841E0108B01E0108B816010830
:101F5000C41E010810B530B10346006884690CB195
:101F60001846A04710BD064C40F27B132246054997
:101F700005480CF0E2F940F27B1120460CF0D4F950
:101F8000AC1D0108E41D0108B816010870B506462D
:101F90000D460F4C0F4B9C4209D80E4B9C4216D25B
:101FA0002A4631462046FFF7D5FF1034F2E70A4CA7
:101FB00040F2C3332246094909480CF0BEF90948EA
:101FC0000CF0BBF940F2C33120460CF0ADF970BD06
:101FD000E8150108F8150108101E0108401E010847
:101FE000B8160108641E01082DE9F04107460546B0
:101FF000EDB195FAA5F6B6FA86F60E4C04EB06148A
:102000000123B3406FEA030825EA0305237B002B75
:10201000EED02046FFF7CCFE0028E9D107EA0807FA
:1020200063680422196820460CF02BFCE0E7384670
:10203000BDE8F081E81501082DE9F041324D334B40
:10204000ED1A8F2D94BF002501258DB980460F46CE
:102050002F4BBFF35B8F53E8006F721C43E80021E6
:102060000029F8D1BFF35B8F002E49D1274C14E033
:10207000284C40F253132246274928480CF05DF9BA
:1020800040F2531120460CF04FF96368042219689E
:1020900020460CF0F6FB013510341B4B9C4211D846
:1020A000194B9C421ED2237B002BF4D02046FFF715
:1020B00063FE2046FFF77CFE0028E6D00123AB40FC
:1020C0001E43E8E7134C40F25F13224614491348BD
:1020D0000CF033F913480CF030F940F25F11204650
:1020E0000CF022F9B8F1000F0BD056B13046FFF7D3
:1020F0007BFF0646002FF8D00A200CF08DFBF4E79A
:1021000000263046BDE8F081F8150108E815010801
:10211000A00D0020101E0108E81E0108B8160108D5
:10212000401E0108641E010808B5064B186018B16E
:10213000054B1B68092B00DC08BD044808F012F8A9
:10214000FAE700BF940D00209C0D0020B40300208E
:1021500008B5024808F006F808BD00BFB403002027
:1021600030B589B000220F490F480EF05FFE0F4DC9
:1021700000220023CDE90623002404940E230393B8
:102180000294019400940A4B4FF4006209492846D6
:1021900008F0F4FE084928460EF0F0FD204609B08C
:1021A00030BD00BF51210008D008002048040020A5
:1021B0003926000840210020181F0108014B53F860
:1021C000200070479858010848B108B5054A1060CA
:1021D000054B1960084600F063FE002008BD6FF053
:1021E00015007047A4020020900D002008B5054B93
:1021F0001B781BB1034B01221A7008BD024807F07F
:10220000B1FFF7E7C8100020B403002008B5104B59
:10221000BFF35B8F53E8001F013143E80012002A2F
:10222000F8D1BFF35B8F30B90A480BF0FDF80A48CC
:1022300007F098FF08BD094BBFF35B8F53E8001F01
:10224000013943E80012002AF8D1BFF35B8FEBE7B6
:10225000980D0020D0080020B40300209C0D002021
:10226000064B0022BFF35B8F53E8000F43E80021C9
:102270000029F9D1BFF35B8F704700BF980D002094
:1022800038B5FFF7EDFF0546114C00E01034114B57
:102290009C420CD80F4B9C4219D22046FFF73EFDC2
:1022A0000028F3D029462046FFF7B8FDEEE70A4C98
:1022B00040F216232246094909480CF03EF8094825
:1022C0000CF03BF840F2162120460CF02DF838BDFA
:1022D000E8150108F8150108101E0108401E010844
:1022E000B8160108641E0108034B18680028D4BF03
:1022F00000200120704700BF980D002010B5044C4D
:1023000004492046FFF7CCF8034B1C6010BD00BF0A
:102310003003002084580108880D002010B50023E8
:10232000174A1370174A1360174A13604FF47A71F3
:102330001648FFF749FFFFF7E1FF154C154B9C428C
:102340000CD8144B9C4219D21149611A0911013160
:10235000C9B22046FFF7FAFC1034EFE70E4C40F20A
:102360002B1322460D490E480BF0E7FF0D480BF0EA
:10237000E4FF40F22B1120460BF0D6FF10BD00BF4A
:10238000C9100020980D00209C0D002011E80008C5
:10239000E8150108F8150108101E0108401E010883
:1023A000B8160108641E010808B5014601480CF082
:1023B0003AFA08BD3003002008B50248FFF732FAA8
:1023C00008BD00BF3003002008B50146024B186865
:1023D0000CF02FFA08BD00BF880D002008B5024898
:1023E0000CF02BFA08BD00BF3003002010B582B0FE
:1023F00000220023CDE90023204B187808B902B051
:1024000010BD68460CF031FA044680B1FFF744FD78
:102410002046FFF7D9FF1A4BBFF35B8F53E8001F2D
:10242000013943E80012002AF8D1BFF35B8FFFF7B0
:102430005BFF70B9134A1368516813F57A7341F161
:10244000000113605160ACB1FFF7C8FFA0B10120DB
:10245000D5E70EF0E7FC0B4A13685268C01A61EB2F
:10246000020140F2E933984271F10001E2D3FFF733
:1024700007FFDFE70020C2E70020C0E7C810002008
:102480009C0D0020C8080020194B1B7803B1704731
:1024900010B500210120FFF7CFFD164C00E01034ED
:1024A000154B9C420BD8144B9C4218D22046FFF788
:1024B00035FC0028F3D02046FFF798FCEFE70F4CDF
:1024C00040F2CF1322460E490E480BF036FF0E485D
:1024D0000BF033FF40F2CF1120460BF025FFFFF742
:1024E00085FF0028FBD1024B01221A7010BD00BFEE
:1024F000C9100020E8150108F8150108101E010890
:10250000401E0108B8160108641E010830B583B0EA
:10251000354BBFF35B8F53E8002F511C43E800108D
:102520000028F8D1BFF35B8F304B1B786BB9304B71
:102530001B685BB3002A4BD0092A27D12D480AF02B
:1025400073FF2D4807F00EFE20E0EFF311841023F7
:1025500083F31288BFF36F8F28480AF0E1F880F008
:10256000010010F0FF0F13D1244D28460AF046F960
:10257000FFF73CFF28460AF0E3F880F0010010F076
:10258000FF0F14D184F31188BFF36F8F03B030BDF8
:102590001B4C8F2322461B491B480BF0CEFE1749CC
:1025A0001A480BF0CAFE8F2120460BF0BDFE144CDA
:1025B00040F23D132246164913480BF0BEFE294651
:1025C00014480BF0BAFE40F23D1120460BF0ACFE71
:1025D00000220023CDE900234FF47A72002305483E
:1025E0000AF0B4FED2E700BF9C0D0020C910002005
:1025F000940D0020D0080020B40300208C0D002092
:10260000501A0108801A0108B8160108981A010822
:10261000B01A0108C81A010810B50446044B1B681B
:102620009847A060214603480CF023F910BD00BF75
:10263000A4020020300300202DE9F041224B234A60
:102640009B1A1B090DD000210846FFF7F5FC8046B8
:10265000A0B132260027FFF757FCFFF765FD0025E4
:1026600022E01B4C40F2CF3322461A491A480BF0A5
:1026700064FE40F2CF3120460BF056FE4FF0FF369D
:102680004FF0FF37E7E74046FFF7AEFC804670B9F2
:102690004FF0FF364FF0FF3709E02C4632463B46FD
:1026A0000E4807F0CDFD2546B8F1000FEBD1FFF73E
:1026B0009DFE04460028F6D1002DEED000210846EC
:1026C000FFF764FCEAE700BFF8150108E815010808
:1026D000101E0108201F0108B8160108B4030020CD
:1026E00028B142681160436801225A71704710B5E1
:1026F000064C40F231132246054906480BF01DFEF8
:1027000040F2311120460BF00FFE00BFAC1D010856
:10271000E41D0108B81601080248034BC01AC0089E
:10272000704700BFE81501082015010810B50C46D8
:10273000FFF7F2FFA04203D9024B53F8340010BD5B
:102740000020FCE72015010800B589B0059206932A
:102750000023079362B1074A0C9B02930B9B0193E2
:102760000A9B009305ABFEF7C1FB09B05DF804FBC3
:102770000022F1E793E800082DE9F04F8BB004AF99
:1027800005461E468846C1F34A24002C00F0978077
:1027900091460022FA603A617A6104230293FB18A1
:1027A00001930A23009307F10C0321464846FEF7E4
:1027B0009DFBB0F5006F58D3D9F804106D46002387
:1027C0003B7302237B738AB004AC14F1100217D060
:1027D00012201AB1042801DD424B636100233B70D3
:1027E00002237B70CAB10346082800DDA1610C2BCF
:1027F00002DD40F2FF73E36104F1200300210AE0EF
:102800006FF00040E5E701F118063E4416F8186C39
:1028100003F8016B01310129F5D9112822DD1223BA
:1028200042B10421397300217973B9730121F9731D
:10283000F8682061002121F0010121F0020121F05E
:10284000040121F03801022060F38811C3F30A0368
:1028500063F353210023C1F3130123480CF09CF8C8
:10286000AD463BE06FF01B03DAE760F35328C0F39B
:102870000A0A0AEB1850173020F007008008FFF70B
:1028800093FD834620B304230293FB1801930A238C
:102890000093534600F1100221464846FFF754FFCB
:1028A000002815DA114C40F249132246104911480C
:1028B0000BF043FD40F2491120460BF035FD04EBCF
:1028C0001154173424F00704A008FFF76DFD834668
:1028D00033464246294658460BF0F4FF1C37BD46A6
:1028E000BDE8F08F981F010880150108D81F010866
:1028F00004200108B81601082DE9F04F85B00746FD
:10290000884616469946DDF838B0DDF840A0BAF1A1
:10291000000F51D0119B0393009353460F9A10213F
:102920000020FEF757F8051E31DBB5F5006F3BD2EE
:102930000BEB0500173020F007008008002424F07E
:10294000010424F0020424F0040467F3C50466F3D0
:10295000881465F353246BF31F54FFF725FD0646D7
:1029600060B11030BAF1000F08D0119B00935346AC
:102970000F9A2946FEF72EF800281FDB4B46224609
:10298000414630460BF09EFF05B0BDE8F08F124C7B
:102990004FF4BF732246114911480BF0CEFC4FF49F
:1029A000BF7120460BF0C0FC40F2FF730D4A0221BC
:1029B0000D480BF0D9FFE7E70025B9E7064C40F2D8
:1029C000A3132246054906480BF0B7FC40F2A311B9
:1029D00020460BF0A9FC00BFD81F010810200108F9
:1029E000B81601081C20010880150108406820B1B4
:1029F000034BC01A40F3CF0070474FF0FF307047D1
:102A00002015010838B505460C464B681A68CB6896
:102A10009A4214D06368BFF35B8F53E8002F511CB8
:102A200043E800100028F8D1BFF35B8FA3689D54E2
:102A300063681A68E3689A4205D8002038BD0846E2
:102A40000BF0AEFFE6E7054C7E232246044905481D
:102A50000BF073FC7E2120460BF066FC542001082D
:102A600084200108B81601080EB400B582B00146F2
:102A700003AB53F8042B0193034801F0A3FB02B00E
:102A80005DF804EB03B07047052A000810B584B068
:102A900011F0440F05D01A4B1B6833B9002004B065
:102AA00010BD1849FFF7E0FFF9E717490968B2FBC5
:102AB000F1F2B2FBF3FC03FB1C224FF47A7E0EFB17
:102AC00002F2B2FBF3F403FB14210EFB01F1B1FBA4
:102AD000F3F10E4AA2FB0C32D20A4FF4616303FBFE
:102AE00012CC0B4BA3FB0CE35B0902910194C3EBEB
:102AF0000311ACEB810100910649FFF7B5FFCEE76A
:102B0000A80D0020B4200108A40D0020C5B3A29197
:102B100089888888C020010861B108B52AB1064AB1
:102B200052F8232012B9054A00E0044A0449FFF78D
:102B30009BFF08BD704700BFD8580108DC20010882
:102B4000E42001082DE9F04105461746079EDDF80F
:102B5000208081B900242EB1324611492846FFF762
:102B600083FF0444B8F1000F14D06FB10B9B042B0A
:102B700013D00C4909E00C4B0B9A53F822200B4957
:102B8000FFF772FF0446E6E7064942462846FFF78C
:102B90006BFF04442046BDE8F0810549F5E700BF1E
:102BA000FC200108EC200108EC580108F420010881
:102BB000E82001082DE9F04F89B0069207939DF8AF
:102BC0005860042E35D805460C4601F0020B01F082
:102BD000010AC1F3C00801F480790BF050FE0246EF
:102BE000002833D01E492846FFF73EFF0746BBF1B9
:102BF000000F2DD13246514628460BF0F7FEB9F1B1
:102C0000000F01D00023139305969DF854300493D0
:102C1000149B0393139B0293129B01930023009335
:102C2000069A41462846FFF78DFF384409B0BDE8B3
:102C3000F08F0C4C4FF4187322460B490B480BF0E5
:102C40007CFB4FF4187120460BF06EFB0027CEE79B
:102C5000079A21462846FFF719FF0744CAE700BF35
:102C60000C2101085420010800210108B8160108B0
:102C700011F0100F0BD108B511F0200F03D004494B
:102C8000FFF7F2FE08BD0349FFF7EEFEFAE77047D3
:102C900010210108142101082DE9F04105460F46D5
:102CA000164698460699FFF7E3FF002404E02549FD
:102CB0002846FFF7D9FE01344445F8DB002409E03B
:102CC00020492846FFF7D0FE0BE01F492846FFF7B2
:102CD000CBFE01340F2C0CDC002C02DD14F0070FAE
:102CE000EED0B442F1D23A5D18492846FFF7BCFE57
:102CF000EFE717492846FFF7B7FE002409E011491E
:102D00002846FFF7B1FE0BE012492846FFF7ACFE5C
:102D100001340F2C13DC002C02DD14F0070FEED071
:102D2000B44207D23A5D0C4B9B5C13F0970FEBD18A
:102D30002E22E9E703492846FFF796FEE8E7BDE8BB
:102D4000F08100BF18210108242101081C2101087D
:102D5000282101082C210108285F01082DE9F041F4
:102D600086B004469DF838500F9F119EADB9012BD7
:102D700025D023484FF0000837B13B462246214971
:102D80000BF067FA00281EDB56BB002D31D1204620
:102D90000BF006FE06B0BDE8F08104959DF8340006
:102DA00003900C980290019300920B46164A525DD4
:102DB00012992046FFF7FEFE80461448DCE71348D0
:102DC0004FF00008D8E7124C40F2BD2322461149CB
:102DD00011480BF0B2FA40F2BD2120460BF0A4FAE4
:102DE000129B009343463246109920460BF016FE84
:102DF000CBE72A46129920460BF004FEC7E700BF36
:102E0000CFE90008C5410008D0580108052A00088C
:102E10005420010830210108B81601082DE9F043BB
:102E200083B00646056842F20F738B4228BF0B46FB
:102E3000184A052168460AF057FC04467368D3F81F
:102E400004900B27DFF8508005E04A46394640469B
:102E5000A8473F1A8044002FF7D17368D3F8048045
:102E60006F4605E0424621463846A847241A0744E3
:102E7000002CF7D173685F681B24084E05E03A46C2
:102E800021463046A847241A0644002CF7D103B047
:102E9000BDE8F0833C210108C4580108A858010886
:102EA000074B01221A6004E04008054A13685B00E2
:102EB0001360044B9842F7D8034B1860704700BF6B
:102EC000A40D002040420F00A80D002010B558B1FD
:102ED000024683681348834214D21348834211D3B5
:102EE000DB691046984710BD104CB82322461049A4
:102EF00010480BF022FA10480BF01FFAB8212046B8
:102F00000BF012FA094CB82322460C4909480BF081
:102F100014FA0B490B480BF010FAB82120460BF0BD
:102F200003FA00BF20150108BC1401086021010844
:102F3000281B0108B81601083C1B0108A021010844
:102F400048230108DC1C010870B506460D46002424
:102F500004E0315D0348FFF7B9FF0134AC42F8D318
:102F6000284670BD0811010810B543681C680B485D
:102F70000DF0FBFD80F0010010F0FF0F03D123687E
:102F80005B685C6010BD064C9923224605490648E3
:102F90000BF0D3F9992120460BF0C6F9081101086E
:102FA000E022010820230108B8160108014B036044
:102FB000002070473459010810B50C4B1B78012BC9
:102FC00004D100F049FE0A4B185810BD094C40F2DC
:102FD0008F332246084909480BF0AFF908480BF037
:102FE000ACF940F28F3120460BF09EF9CB10002057
:102FF00008000000841E0108B01E0108B816010870
:10300000C41E010880B504460D4616461F4609F049
:1030100061FA024600F020FE044B1A503A4631464F
:103020002846A047FFF7C8FF00F0A2FD08000000F7
:1030300008B50348034A121A00210BF07AFD08BDB7
:10304000C8030020CC10002008B50648064A121A12
:1030500006490BF072FD0648064A121A06490BF0A3
:103060006CFD08BD00000020C40300202C60010896
:1030700000000020000000202C6001082DE9F04134
:1030800082B000AF0446D0F800E0D0F804C08568F4
:103090006E468AB06B4613F1100200F0888014214E
:1030A0008AB10846042903DDDFF81C81C3F81480C7
:1030B000082801DDC3F818E00C2801DDC3F81CC0A6
:1030C000102800DD1D62132974DD14253AB1052195
:1030D000397100217971B971F9717868186100212D
:1030E00021F0010121F0020121F0040121F0380159
:1030F000012363F38811C5F30A0565F35321C1F376
:10310000130100233148FFF737FBB546D4F80CC054
:1031100026696569E8468AB06B4613F110024CD007
:10312000142182B10846042903DDDFF8A4E0C3F8C6
:1031300014E0082801DDC3F818C00C2800DDDE61AA
:10314000102800DD1D6213293ADD14253AB105214E
:10315000397100217971B971F971786818610021AC
:1031600021F0010121F0020121F0040121F03801D8
:10317000012666F38811C5F30A0565F35321C1F3EF
:103180001301124D00232846FFF7F6FAC546E369FE
:10319000104A314628460BF0E7FBA3690E4A314638
:1031A00028460BF0E1FB0837BD46BDE8F0816FF023
:1031B000004175E76FF01B0588E76FF00041B0E74D
:1031C0006FF01B05C2E700BF5C230108A0150108D2
:1031D0008C230108BC230108CC23010838B5044620
:1031E0000D4611B10846FFF749FF012C04D02946CE
:1031F000204606F079FA38BDEFF30583103B034A09
:10320000012103480BF0B0FBF1E700BFFC230108EC
:10321000A015010830BFFFF7FDBF00BF38B5044659
:10322000054D2A460549FCF7F7FF054A00216019BC
:103230000AF0F0F938BD00BF00000000F8150108E1
:103240000400000070B50646054D064B1D444C1B9E
:103250002046FFF7E3FF083C346705F1080070BD26
:1032600000000000040000008169104B5A6942F41C
:1032700080725A61BFF34F8FBFF36F8F31F8021C1A
:103280005A6922F480725A61BFF34F8FBFF36F8F78
:1032900001F47F43B3F55F4F01D000207047C9B2FE
:1032A000022901D0002070470120704700ED00E0A6
:1032B00008B54FF0000C83F800C0DDF808E08EF888
:1032C00000C002F07F4CBCF17F4F13D102F00C0C18
:1032D000BCF1080F04D012F0080F08D0084608BD52
:1032E000054A012105480BF035FB0020F7E70122D4
:1032F0001A70F4E70020F2E710240108A015010875
:1033000008B52B4A01212B480BF024FB2A4B9B6A62
:1033100013F0007F21D11D20274B9B6A13F0807F83
:1033200022D1254B9B6A13F4002F24D1224B9B6A98
:1033300013F4802F26D1204B9B6A13F4003F28D131
:103340001D4B9B6A13F4803F2AD11B4A936A6FEA94
:1033500003436FEA1343936208BD184A01211548DD
:103360000BF0F8FA1E20D7E7154A012111480BF09F
:10337000F1FA1F20D5E7134A01210E480BF0EAFAB3
:103380002120D3E7104A01210A480BF0E3FA22205A
:10339000D1E70E4A012107480BF0DCFA2320CFE7E2
:1033A0000B4A012103480BF0D5FA2420CDE700BFDA
:1033B0003C240108A015010800ED00E05424010898
:1033C0006824010884240108A4240108CC240108ED
:1033D000E824010808B500230B70034A01210348C3
:1033E0000BF0B8FA08BD00BF14250108A0150108AC
:1033F00090B583B000AF0F2923DC2F4C1039002388
:103400003B7102237B718AB0EC461CF110021AD08A
:10341000122022B1042802DD284BCCF814300023FE
:103420003B7002237B70E2B10346082801DDCCF833
:1034300018400C2B01DDCCF81C100CF120030021EE
:103440000DE01F4CDAE76FF00040E2E701F10804FD
:1034500004EB070E1EF808EC03F801EB013101291B
:10346000F4D9112824DD12234AB104213971002135
:103470007971B9710121F9717868CCF810000021D7
:1034800021F0010121F0020121F0040121F03801B5
:10349000012060F38811C3F30A0363F35321C1F3DE
:1034A000130100230748FFF767F90C37BD4690BDAD
:1034B0006FF01B03D8E700BF382501086C25010811
:1034C00050250108A0150108F8B505460F46144619
:1034D000374A012137480BF03DFA374B9B6A13F40A
:1034E000805F25D11626344B9B6A13F4006F26D1DA
:1034F000314B9B6A13F4007F28D12F4B9B6A13F446
:10350000806F3FD12C4B9B6A13F4807F41D12A4BB3
:103510009B6A13F4005F43D1274A936A43F47F43C5
:103520009362012128460BF018FB20703046F8BD4D
:10353000224A01211F480BF00DFA1726D3E7204A33
:1035400001211C480BF006FA1826D1E71D4A01217B
:1035500018480BF0FFF9184A936B926A12F4004F67
:1035600001D11926C9E7184A012112480BF0FCF9CC
:1035700037B1114A936A23F4004393621926BCE7DA
:103580001926BAE7114A01210A480BF0E3F91A2675
:10359000B8E70F4A012107480BF0DCF91B26BBE70F
:1035A0000C4A012103480BF0D5F91C26B4E700BFF3
:1035B00080250108A015010800ED00E0982501080C
:1035C000AC250108C0250108DC250108F425010807
:1035D00010260108282601082DE9F04104460F466F
:1035E0001546504A012150480BF0B4F94F4B9B6AE5
:1035F00013F0100F3CD110264C4B9B6A13F0080FB0
:103600003DD14A4B9B6A13F0020F3FD16FF0150872
:10361000464B9B6A13F0010F58D1444B9B6A13F041
:10362000200F5AD1414B9B6A13F0100F04D13F4B2E
:103630009B6A13F0020F04D03C4B5B6813F4006FDD
:1036400052D13A4B9B6A13F0200F04D0374A536A89
:1036500023F400535362354A936A43F0FF039362A5
:10366000012120460BF079FA28703046BDE8F08140
:103670002F4A01212C480BF06DF91126BCE72D4A89
:10368000012129480BF066F91226BAE72A4A0121DE
:1036900025480BF05FF9254BD3F834809B6A13F073
:1036A000800F03D16FF015081326B1E74346234A74
:1036B00001211D480BF058F937B11C4A936A23F0D9
:1036C000800393621326A3E71326A1E71C4A012176
:1036D00015480BF03FF914269FE71A4A01211248BA
:1036E0000BF038F915269DE7214640460BF06CFAA1
:1036F000A0B90E4B9B6A13F0100FA2D0124C4FF4DE
:1037000098732246114912480AF017FE11480AF030
:1037100014FE4FF4987120460AF006FE80F30988E3
:1037200002268EE758260108A015010800ED00E0EA
:1037300070260108AC250108A4260108BC26010852
:10374000D426010828260108F426010828270108A4
:10375000B81601087427010870B506460D463B4AA5
:1037600001213B480BF0F6F800232B70394BDC6A43
:1037700014F0020425D1374BDB6A002B29DB354BD3
:10378000DB6A13F0804F50D0334A012130480BF0F0
:10379000E1F83046FFF768FD08BB2E4B9B6A13F03B
:1037A000FF0F24D12B4B9B6A13F47F4F26D1294B5B
:1037B0009B6AB3F5803F28D33046FFF7A1FD04464E
:1037C00005E0264A012122480BF0C4F800242046D7
:1037D00070BD234A01211E480BF0BCF8F7E733689F
:1037E000204A01211A480BF0BFF83468EFE72A4657
:1037F00001213046FFF7F0FE0446E8E72A460121A2
:103800003046FFF761FE0446E1E7174C40F2033310
:103810002246164916480AF090FD16480AF08DFD1A
:1038200040F2033120460AF07FFD0F4C40F2063390
:1038300022460E490E480AF080FD0F480AF07DFD31
:1038400040F2063120460AF06FFD00BF98270108BC
:10385000A015010800ED00E0E4270108B0270108E9
:10386000D427010804280108F42601085418010887
:10387000B8160108202801084428010830B58FB087
:10388000254B5D68C5F30805002383F31188BFF35A
:103890006F8F0BAB00930DF13603FFF709FD68B195
:1038A00004469DF82C300DF1370229460BF057F9EC
:1038B00005469DF837305BB10FB030BD174A012186
:1038C00017480BF047F800210846FFF787FCF3E79D
:1038D0000DF10C0C20686168A268E368ACE80F0089
:1038E00020696169A269E369ACE80F009DF8363090
:1038F0004BB10A9BC3F308024AB96FEA53236FEA3C
:1039000043230A9303E00A9B6FF308030A9303A976
:103910002846FFF763FCCFE700ED00E074280108BC
:10392000A0150108044B5A6942F010025A615A6905
:1039300022F008025A61704700ED00E0EFF30880C2
:10394000EFF3098101B57246FFF798FF01BD00BF93
:103950000A4880F30888102080F3118808484FF443
:103960000461401880F30988EFF3148002210843B2
:1039700080F31488BFF36F8F00F06AF8803B00205B
:10398000C02D00201EF0040F0CBFEFF30880EFF3F2
:103990000980816911F8021C0229FFD001B5724625
:1039A0000BF0CFF801BD00BF002807DB00F01F02BD
:1039B000400901239340024A42F82030704700BF7B
:1039C00000E100E0002808DB0901C9B200F1604015
:1039D00000F5614080F80013704700F00F00090106
:1039E000C9B2014B1954704714ED00E070B505469B
:1039F0000C4601310F2903D840B2FFF7E3FF70BD39
:103A0000084E6B233246084908480AF096FC0F23FB
:103A10002A46214606480AF090FC6B2130460AF0FF
:103A200083FC00BFB0280108E8280108B816010887
:103A300004290108044B23F07F03044A9360BFF379
:103A40004F8FBFF36F8F70470000000800ED00E05C
:103A500008B5FFF7EFFF0B4AD2F8883023F4700364
:103A6000C2F88830EFF3148323F0040383F314883F
:103A7000BFF36F8FFFF7DCFAFFF7E6FA00F0C2F84A
:103A800006F0BEF800ED00E00E4B9B68A3B110F10C
:103A9000160F0AD01A6EA2F1400C84450ED882424D
:103AA0000ED98A4206D8002070471A6E8A4201D881
:103AB00000207047186E7047002070470020704744
:103AC000002070477010002010B4A2F120040D49AE
:103AD00042F8081C21F0010142F8081C42F8203C81
:103AE000019B42F81C3C029B42F8183C039B42F8A5
:103AF000143C4FF0807342F8043C04650023436794
:103B000010BC70470530000808B50E4615460B4A34
:103B10009060026F0A4B1A6000F0B2F82C4686F3F0
:103B200009880020034B98472046002100220023EB
:103B3000014C2047D7EB000805300008701000202A
:103B4000D40D0020014B10221A61704700ED00E0F7
:103B5000054B5A699B689A4204D0044A536843F063
:103B600080535360704700BF7010002000ED00E0EC
:103B700008B50A4B9B68834202D007F03DFA08BDA6
:103B8000EFF30583002BF8D0054B5A6842F08052C2
:103B90005A605A6A22F400425A62EEE7701000201E
:103BA00000ED00E014498A684FF030001044EFF354
:103BB000098C80E8F01F102080F31288BFF36F8F0C
:103BC0000E4F4FF000664A698A603E60106F0C4CE1
:103BD0002060506F0023536780F3118804B51046AE
:103BE00000F04EF8BDE8044002F1300090E8F01F0C
:103BF0008CF30988704700007010002004ED00E08D
:103C0000D40D0020002206E003F00F0309491944F7
:103C100010230B760132322A0ADC53B2002BF3DB7D
:103C200003F1604303F56143102183F80013F1E7CA
:103C3000704700BFFCEC00E008B5EFF30583103BD4
:103C4000044A02EBC301496852F833008847FFF782
:103C50007FFF08BDE81101080148006870470000B7
:103C6000D40D002008B5034B034A0121034800F09E
:103C7000DDF908BD000002200000002034590108D1
:103C800008B5036E403B0548036040234360044B86
:103C90008360012100F0ECF908BD00BFD80D0020C1
:103CA00000000B15084AC2F898000B6823F01F03A8
:103CB000034343F01003C2F89C308B6843F00103C8
:103CC000C2F8A030704700BF00ED00E010B5044618
:103CD0000A4BD3F89030C3F30723013B984203D833
:103CE000FFF7E0FF204610BD0346054A01210548C5
:103CF0000AF03AFE6FF01500F5E700BF00ED00E0B6
:103D000048290108981501082DE9F84380460F4617
:103D100099461646002509E02146F0B20AF080FFD8
:103D2000064610F1160F1AD001360135BD4216DADB
:103D300005EB450408EB84046268002AF5D0B9F16C
:103D4000000FE9D020460AF05AFF0028E4D12B46A4
:103D5000044A012104480AF007FE6FF015063046B8
:103D6000BDE8F883702901089815010810B5034CC7
:103D700001232278FFF7C8FF207010BDCA10002071
:103D800008B500230B4A1278FFF7BEFF10F1160F9B
:103D90000FD0024606E0084BC3F898200021C3F874
:103DA000A0100132044BD3F89030C3F307239342A1
:103DB000F1DC08BDCA10002000ED00E0F0B585B0D0
:103DC000054603A8FFF7F2F80646002438E0B3F1F1
:103DD000007F00F0CC80B3F1805F00F0E580B3F1AC
:103DE000807F2CD1506851F80C109368202B40F242
:103DF000BA80B3F1004F00F2B880013BB3FA83F30D
:103E0000C3F11F035B0003F03E0343F0885343F408
:103E1000801300900191029307E0082343F0885338
:103E200043F4302300900191029369462878FFF70C
:103E30004DFF0028C0F2D5802B7801332B70013460
:103E4000B44280F0D1804FEA041C039901EB0412C4
:103E5000D068030D1B05B3F5000F67D0B7D8B3F5D5
:103E6000001F19D0B3F5800F43D0B3F5801FE6D102
:103E7000506851F80C109368202BCED9B3F1004F45
:103E800008D8013BB3FA83F3C3F11F035B0003F0CF
:103E90003E03C3E73E23C1E7576851F80C1093680F
:103EA000202B22D9B3F1004F21D8013BB3FA83F381
:103EB000C3F11F035B0003F03E0343F0885343F458
:103EC000002300970191029310F0010FADD0484CF0
:103ED00095232246474948480AF02FFA47480AF0F6
:103EE0002CFA952120460AF01FFA0823E5E73E2325
:103EF000E3E7506851F80C109368202B12D9B3F106
:103F0000004F11D8013BB3FA83F3C3F11F035B00E9
:103F100003F03E0343F0C06343F40033009001918B
:103F2000029382E70823F5E73E23F3E7506851F850
:103F30000C109368202B12D9B3F1004F11D8013B1C
:103F4000B3FA83F3C3F11F035B0003F03E0343F0B6
:103F5000885343F4802300900191029365E708237E
:103F6000F5E73E23F3E708234FE73E234DE750688C
:103F700051F80C109368202B12D9B3F1004F11D8CF
:103F8000013BB3FA83F3C3F11F035B0003F03E036D
:103F900043F0805343F4802300900191029344E75F
:103FA0000823F5E73E23F3E7506851F80C109368B7
:103FB000202B12D9B3F1004F11D8013BB3FA83F390
:103FC000C3F11F035B0003F03E0343F0885343F447
:103FD000003300900191029327E70823F5E73E2381
:103FE000F3E76FF0150000E0002005B0F0BD00BF62
:103FF00098290108C8290108B8160108F029010804
:10400000044B0522C3F89420BFF34F8FBFF36F8F8B
:10401000704700BF00ED00E0BFF35F8F024B00224E
:10402000C3F89420704700BF00ED00E038B50C469F
:10403000FFF79CFE10F1160F00D038BD084D40F27E
:1040400071132A46074908480AF077F921460748BC
:104050000AF073F940F2711128460AF065F900BFC1
:104060009829010854180108B8160108202A0108E7
:1040700038B50C46FFF784FE10F1160F00D038BD9E
:10408000084D4FF4C8732A46074908480AF055F905
:10409000214607480AF051F94FF4C87128460AF042
:1040A00043F900BF9829010854180108B8160108FF
:1040B0004C2A010838B5394B1D68394BD3F890307C
:1040C000C3F307239D4203D8FFF7A6FF00241FE098
:1040D000344C4FF4F5732246334934480AF02DF935
:1040E0002F4BD3F89020C2F30722294630480AF01C
:1040F00024F94FF4F57120460AF016F9274B5B6856
:1041000004EB440103EB81012046FFF7CBFD0134B2
:10411000A542F3D827480570FFF750FE10F1160F9F
:1041200010D0244B1A781E4BD3F89030C3F30723DA
:104130009A4217DA1A4BC3F898200021C3F8A0104E
:104140000132F0E7174C40F22D232246164917485A
:104150000AF0F3F818480AF0F0F840F22D21204652
:104160000AF0E2F8FFF74CFF0D4BD3F8903003F460
:104170007F43B3F5006F01D1002038BD094C40F2F8
:10418000752322460D4909480AF0D7F80C480AF071
:10419000D4F840F2752120460AF0C6F840590108CB
:1041A00000ED00E09829010854180108B81601082C
:1041B0007C2A0108CA100020B02A0108DC2A010864
:1041C0002C2B010870B586B006460D461146684690
:1041D0000024009401940294039404940594022210
:1041E0008DF80220044A0192049605951A4609F0BA
:1041F0002DFB06B070BD00BF5FEC000808B5024B98
:104200001B689847002008BDE40D0020034B186090
:10421000034A937843F0020393707047E40D002043
:10422000B002002008B5064921F00701C1F1005293
:1042300002F500320348FCF7B3FA002008BD00BFC6
:104240000B490020E80D002010B50C4B1B78012B0A
:1042500004D1FFF701FD0A4B185810BD094C40F27C
:104260008F332246084909480AF067F808480AF0DF
:1042700064F840F28F3120460AF056F8CB10002047
:1042800008000000841E0108B01E0108B8160108CD
:10429000C41E010838B50546114C04E06368A168E6
:1042A000284698470C340F4B9C4209D80D4B9C4232
:1042B00014D22368002BF1D02A689342F2D1EDE7A3
:1042C000094C16232246094909480AF036F80948DC
:1042D0000AF033F8162120460AF026F838BD00BF50
:1042E000F8150108F8150108602B0108882B010852
:1042F000B8160108641E010800B585B005E0034644
:10430000094A012109480AF02FFB4FF0FF324FF014
:10431000FF3301A9064805F021FE0028EFD101A8CE
:10432000FFF7B8FFF1E700BFB02B010878150108CF
:104330008803002030B585B00A9D0B9C01909DF844
:1043400020008DF808008DF80910ADF80A200393BD
:1043500054EA050306D0FFF777FF0D4BD3F8803002
:1043600083420BD02A46234601A90A480CF015FCCB
:10437000041E06DB0024204605B030BD00252C4677
:10438000F0E7054A022105480AF0E4FAF3E700BF26
:10439000B80B002088030020C82B010878150108FD
:1043A00010B560B1024683681548834215D215489E
:1043B000834212D31B68FBB11046984710BD124CC4
:1043C000B62322461149124809F0B7FF114809F0F7
:1043D000B4FFB621204609F0A7FF0B4CB6232246B6
:1043E0000D490B4809F0A9FF0C490D4809F0A5FF3C
:1043F000B621204609F098FF6FF05700DEE700BFB6
:10440000BC140108A0140108EC1A0108281B0108BB
:10441000B81601083C1B0108501B0108CC1C010800
:10442000DC1C010800B583B0054A92E80300CDE921
:10443000000169460348FFF7B3FF03B05DF804FBD2
:10444000F8150108640F010808B500F01F020123E8
:1044500093401F2806D8074A526993430CBF012096
:10446000002008BD0346044A012104480AF07CFAF2
:104470000020F6E7003C0140042C01084815010823
:1044800008B500F01F02012393401F2803D8064AF5
:104490005361002008BD0346044A012104480AF084
:1044A00063FA6FF01500F5E7003C0140042C0108A9
:1044B00048150108002399420ADD10B400EB030CF3
:1044C000044C04F80C2001339942F7DC10BC70470F
:1044D000704700BFC0020020F8B50746002401E085
:1044E0000134E4B27B78A34217D93D78661930468F
:1044F000FFF7AAFF0028F3D03046FFF7C1FF074BB4
:1045000053F83620002AEBD006F01F0503EBC60354
:1045100059680120A8409047E2E7F8BDF40D00205B
:1045200010B558B10346421E024207D1A0B923B3C9
:10453000B3FA83F0C0F11F00C0B210BD104C60236D
:1045400022461049104809F0F8FE104809F0F5FE1F
:104550006021204609F0E8FEB0FA80F2C2F11F02A5
:104560000F2AE4DD064C612322460949064809F07A
:10457000E4FE6121204609F0D7FEFF20DDE700BF01
:104580008C2C0108D02C0108B8160108082D010850
:10459000342D01085FFA81FC0CF102020A4B53F83A
:1045A00022200B0C22EA114193FAA3F34BB1B3FA88
:1045B00083F3984001430CF1020C034A42F82C109B
:1045C00070472023F5E700BF00380140C3B2023333
:1045D000074A52F82320030C02EA104093FAA3F38F
:1045E0001BB1B3FA83F3D84070472023FBE700BF29
:1045F0000038014010B50446FFF792FF044B1856EF
:10460000044B1A6814431C600AF0D3FA10BD00BFB3
:10461000C0020020003C0140024A136823EA000364
:1046200013607047003C0140032927D8DFE801F000
:10463000020C151E184B9A6822EA00029A60DA688A
:1046400022EA0002DA607047134B9A6802439A60CC
:10465000DA6822EA0002DA6070470F4BDA68024338
:10466000DA609A6822EA00029A6070470A4B9A68F8
:1046700002439A60DA681043D860704710B5074C5F
:104680004FF4817322460649064809F056FE4FF45E
:104690008171204609F048FE003C01408C2C010845
:1046A00054180108B816010838B50C461546FFF72E
:1046B00037FF0C4B53F83030A34208D07BB9094B7D
:1046C00043F8304003EBC0035D60002038BD054A6D
:1046D00002EBC0025268AA42F0D10020F6E76FF068
:1046E0000F00F3E7F40D002008B5FFF719FF044BA6
:1046F000002243F8302003EBC0035A6008BD00BF1E
:10470000F40D00200C4B1B6813F0020F09D10A4A6C
:10471000136843F001031360074B1B6813F0020F8B
:10472000FAD0054A936823F003039360024B9B6819
:1047300013F00C0FFAD17047003802400C4B1A6886
:1047400022F480221A601A6842F480321A60084B00
:104750001B6813F4003FFAD0054A536F43F001037E
:104760005367034B5B6F13F0020FFAD0704700BF23
:104770000038024039B133B1B0FBF1F000FB02F276
:10478000B2FBF3F0704710B5054C472322460549AC
:10479000054809F0D2FD4721204609F0C5FD00BFBC
:1047A000B02D0108F42D0108B8160108F8B50C4623
:1047B0001546434B1E68042130460AF0C8FA0746E6
:1047C000022130460AF0C3FA2388C3F30B010B46DB
:1047D000442929D809B2002969D0013B432B69D863
:1047E000DFE803F03D53565A5D3F496868686868E2
:1047F0006868686868686868606368686868686846
:104800006868686868686868686868686868686828
:1048100068686835686868356868683768686868AF
:10482000686868396868683BA8290DD12E602368DC
:10483000B3F5805F41D32A68C3F313330133B2FB6E
:10484000F3F22A60002037E06FF0850034E02E603C
:10485000EDE72E60EBE72F60E9E72860E7E72E60E1
:10486000E5E700F0CBF802234FF4A8720821FFF728
:1048700081FF2860DBE700F0C1F807234FF4A8723E
:104880000821FFF777FF2860D1E700232B60CEE7F0
:104890004FF4FA432B60CAE700232B60C7E7094BAC
:1048A0002B60C4E77F002F60C1E72E60BFE76FF089
:1048B000850001E06FF08500F8BD0020FCE700BF37
:1048C000EC02002000127A0008B51A4B9B6803F036
:1048D0000C03082B25D0174A136823F0807313604C
:1048E000144B1B6813F0007FFAD1134AD2F8043836
:1048F00023F44033C2F80438D2F8043823F070634C
:1049000043F0E063C2F8043800F07CF8094A136809
:1049100043F080731360074B1B6813F0007FFAD0DD
:1049200008BDFFF7EFFE034A936823F0F00393609E
:10493000D1E700BF0038024000300240162806D8F8
:10494000064BC34013F0010F04D0002070476FF0F6
:10495000850070476FF08500704700BFEA00600077
:1049600038B500F071F8214C20460AF06DFA04F0D9
:104970002BFD1F4B9B68C3F303131E4AD35C20FA25
:1049800003F513781C41A54228D3FFF7D7FEFFF7A4
:104990009BFF174A936823F0F0039360936823F01A
:1049A000030343F002039360114B9B6803F00C0375
:1049B000082BF9D1A54215D20F4B0C4A1A600C4AAC
:1049C000936823F4E05343F4A0539360936823F473
:1049D000604343F400439360002038BD204604F058
:1049E000ABFDD2E7204604F0A7FDE5E7007A030A15
:1049F000003802406C5E0108EC020020004870475D
:104A000000127A0008B50AF020FA0B4B59680B4ADD
:104A10000A4040F4A84141F008010A435A605A682C
:104A200022F440325A605968054A0A400549014358
:104A30000A435A6008BD00BF003802400080BFFF33
:104A40000080BFF00854000782B0064B1A6C42F099
:104A500080521A641B6C03F080530193019B02B0D7
:104A6000704700BF0038024010B5044C2046FFF7E5
:104A7000CDFB2046FCF70EFD10BD00BF194B000812
:104A800008B505480CF071F818B1FFF7EDFF0020EC
:104A900008BD6FF01200FBE70811010810B558B10E
:104AA000024683681348834214D21348834211D3C9
:104AB000DB691046984710BD104CB82322461049B8
:104AC000104809F03AFC104809F037FCB82120469C
:104AD00009F02AFC094CB82322460C49094809F080
:104AE0002CFC0B490B4809F028FCB821204609F0A2
:104AF0001BFC00BF20150108BC140108602101083F
:104B0000281B0108B81601083C1B0108A021010858
:104B100048230108DC1C010810B504460A2805D00A
:104B2000E1B20548FFF7BAFF204610BD0D2102484B
:104B3000FFF7B4FFF4E700BF0811010840B20028F6
:104B400008DB00F01F024009012393404030024A75
:104B500042F82030704700BF00E100E038B50C4655
:104B60004568054B53F8213028699847EB680020C9
:104B700043F8340038BD00BFE059010838B50C4691
:104B800005690AF0D5F9A04202D9AC60002038BD11
:104B9000064C40F2062322460549064809F0CDFBA3
:104BA00040F20621204609F0BFFB00BF1C2E010881
:104BB000582E0108B816010810B560B10246836886
:104BC0001548834215D21548834212D31B68FBB1A6
:104BD0001046984710BD124CB62322461149124880
:104BE00009F0ABFB114809F0A8FBB621204609F0FB
:104BF0009BFB0B4CB62322460D490B4809F09DFB4D
:104C00000C490D4809F099FBB621204609F08CFBB0
:104C10006FF05700DEE700BFBC140108A0140108C4
:104C2000EC1A0108281B0108B81601083C1B0108F2
:104C3000501B0108CC1C0108DC1C010810B560B138
:104C4000844683681748834217D21748834214D397
:104C50009B691BB36046984710BD144C4FF4AC736E
:104C600022461349134809F068FB134809F065FB15
:104C70004FF4AC71204609F057FB0C4C4FF4AC7369
:104C800022460E490B4809F058FB0D490D4809F022
:104C900054FB4FF4AC71204609F046FB6FF057000F
:104CA000DAE700BFBC140108A0140108EC1A0108DF
:104CB000281B0108B81601083C1B0108501B0108FD
:104CC000CC1C0108DC1C010810B560B18446836867
:104CD0001748834217D21748834214D3DB681BB3AB
:104CE0006046984710BD144C4FF48C73224613490C
:104CF000134809F022FB134809F01FFB4FF48C7195
:104D0000204609F011FB0C4C4FF48C7322460E49DF
:104D10000B4809F012FB0D490D4809F00EFB4FF44A
:104D20008C71204609F000FB6FF05700DAE700BFF6
:104D3000BC140108A0140108EC1A0108281B010882
:104D4000B81601083C1B0108501B0108CC1C0108C7
:104D5000DC1C010810B560B1024683681748834225
:104D600017D21748834214D3DB681BB31046984709
:104D700010BD144C40F2671322461349134809F042
:104D8000DCFA134809F0D9FA40F26711204609F01D
:104D9000CBFA0C4C40F2671322460E490B4809F03F
:104DA000CCFA0D490D4809F0C8FA40F267112046C7
:104DB00009F0BAFA6FF05700DAE700BF681401088B
:104DC00058140108842E0108281B0108B816010890
:104DD0003C1B0108B82E0108FC2F0108DC1C01084F
:104DE00010B50269136813B15168984710BD084C9B
:104DF0004FF4317322460749074809F09EFA0748E5
:104E000009F09BFA4FF43171204609F08DFA00BF8A
:104E10001C2E010804300108B816010818300108DA
:104E20002DE9F04F85B004460D461646D0F804B083
:104E3000D0F81090D9F808700AF07AF887424FD26B
:104E40007768D6F80C8008F001030193DBF8106056
:104E500020460AF06DF800903F4B53F8253030465D
:104E60009847031E18BF01230393002843D120460F
:104E70000AF062F80290394B53F8253030469847D3
:104E8000374B53F825A002993046D047354B53F89D
:104E9000253030469847019B002B3CD0D9F808308C
:104EA000009AA2EB0309C8F3400839463046D047C0
:104EB00020460AF041F80146009A781E0AF0D9F817
:104EC00081453FD2019B13B16FF03D030393B8F1CD
:104ED000000F32D1DBF80C30002243F8352036E0E9
:104EE000214CFA2322462149214809F026FAFA21C9
:104EF000204609F019FA1C4C40F2071322461D49BE
:104F00001B4809F01AFA1C4809F017FA40F2071179
:104F1000204609F009FA009B4FEA5309B9458CBFB6
:104F20004FF001084FF0000800D89946009A394622
:104F300002980AF08FF80746B7E7294620460AF09C
:104F4000C2F804E00D4B53F82530304698470398DB
:104F500005B0BDE8F08F00BFD0590108005A010824
:104F6000105A0108C05901081C2E010844300108DC
:104F7000B81601087C3001089C300108F05901087E
:104F80002DE9F04383B007464568D0F810802C69BE
:104F9000A9695D48FFF710FE061EC0F28E80EB691E
:104FA000012B40F2A080A969002208315648FFF782
:104FB00045FE0646002840F08780A96901AA08310D
:104FC0005148FFF781FEB0F10009C0F284806B699F
:104FD0005A1C019BB3FBF2F3C8F81030A86A0BF01F
:104FE000C4FD002800F0878005F128000AF04FF882
:104FF0002B6A384698476B69A3627B685B68E362FB
:10500000424B9C4212D0B4F1804F0FD0A3F57C43A9
:105010009C420BD003F580639C4207D003F580636C
:105020009C4203D003F578439C4203D1236823F0CC
:1050300070032360354B9C422AD0B4F1804F27D0B7
:10504000A3F57C439C4223D003F580639C421FD090
:1050500003F580639C421BD003F578439C4217D034
:1050600003F570539C4213D003F580639C420FD02C
:1050700003F580639C420BD0A3F598339C4207D084
:1050800003F580639C4203D003F580639C4203D107
:10509000236823F4407323601C4B9C4203D003F528
:1050A00080639C4201D100232363636943F00103C1
:1050B0006361304603B0BDE8F0833346144A0121F2
:1050C000144809F051FCF4E70346134A0121114842
:1050D00009F04AFCEDE74B46104A01210D4809F062
:1050E00043FC4E46E5E70E4A01210A4809F032FC2E
:1050F0006FF01506DDE70B4A0121064809F02AFC8E
:105100006FF01206D5E700BF640F010800000140F0
:10511000C830010830150108E830010808310108DD
:10512000283101084C3101082DE9F84305460C46A9
:10513000416802690E690C320123A340DB43BFF3CF
:105140005B8F52E8007F1F4042E800700028F8D1D2
:10515000BFF35B8FCF6807EBC4090D4B53F82430C6
:105160003046984757F83480002347F83430B8F178
:10517000000F0AD0074B53F82430304698470246B8
:10518000D9F80430E1B22846C047BDE8F88300BF33
:10519000E0590108005A01082DE9F041144643681E
:1051A0001E695A698A4217D99F69C1EBC1054FEA46
:1051B000850807EB8505084600F0D6FC084B1B5C0C
:1051C0001E4473689BB2636017F808306370AB7954
:1051D00023700020BDE8F0816FF01500FAE700BFF2
:1051E000545A0108F8B543681F695A698A4229D997
:1051F00006460C469D69C1EBC10305EB83056B793F
:1052000013B10020A871F8BD384600F0D3FE08B9EC
:105210000020F8E7204600F0A7FC0C4B1A5CBB58B6
:1052200023F01003BB502146384600F0EFFE214624
:10523000304609F0F2FF2146384609F0FEFF002013
:10524000A871E0E76FF01500DDE700BF545A0108D0
:105250002DE9F84F0C461F4641680E694B69A34281
:1052600066D99046D1F818A0C4EBC4054FEA850B67
:105270000AEB85052146304609F0DFFF814600280C
:1052800059D15AF80B30012B05D0022B2ED06BB31D
:105290006FF0150927E0204600F066FCDFF89CA0BF
:1052A0001AF800303344C3F80C80204600F05CFC50
:1052B0001AF8003033449F602B794BB3204600F03E
:1052C00053FCAB680A9AB2FBF3F31C4A125C3244FB
:1052D00051686FF30F010B4353600123AB712146FB
:1052E000304600F059FE4846BDE8F88F204600F0F1
:1052F0003BFCDFF848A01AF800303344C3F80880BC
:10530000204600F031FC1AF800303344DF60D3E768
:10531000204600F029FCEB680A9AB2FBF3F3074A37
:10532000125C324451686FF30F010B435360D4E7B2
:105330006FF01509D7E76FF00F09D4E7545A010849
:1053400010B560B1024683681548834215D21548EE
:10535000834212D31B68FBB11046984710BD124C14
:10536000B62322461149124808F0E7FF114808F019
:10537000E4FFB621204608F0D7FF0B4CB6232246A7
:105380000D490B4808F0D9FF0C490D4808F0D5FF2E
:10539000B621204608F0C8FF6FF05700DEE700BFD7
:1053A000BC140108A0140108EC1A0108281B01080C
:1053B000B81601083C1B0108501B0108CC1C010851
:1053C000DC1C010808B5032815D8DFE800F0020549
:1053D0000A0F0020086008BD4FF480330B600020E6
:1053E000F9E74FF400330B600020F4E74FF440334B
:1053F0000B600020EFE70346034A0121034809F050
:10540000B3FA6FF01500E6E7883101083815010896
:1054100008B5012805D0022807D048B980230B60C1
:1054200008BD40230B600020FAE700200860F7E782
:105430000346044A0121044809F096FA6FF015006A
:10544000EEE700BF9C31010838150108012813D090
:10545000022805D008B530B94FF480630B6008BD51
:105460000020086070470346054A0121054809F0FD
:105470007BFA6FF01500F2E76FF08500704700BF10
:10548000B031010838150108012813D0022805D0D1
:1054900008B530B94FF400730B6008BD00200860F8
:1054A00070470346054A0121054809F05DFA6FF08F
:1054B0001500F2E76FF08500704700BFCC3101089E
:1054C0003815010870B50546446821461248FFF7B3
:1054D00037FF28B90646A3682846984700230FE0FF
:1054E0000E4A01210E4809F035FA6FF0040611E06A
:1054F000A269C3EBC30102EB810200219171013368
:1055000062699342F4D32A69002313602A695360C5
:105510002A699360304670BD640F0108E8310108C4
:10552000381501082DE9F04F97B002AF38600E46EC
:105530001446D0F80490D9F810307B6007F11400BD
:105540000BF002FBD9F81430B34240F2A980D9F82D
:1055500018A0C6EBC6054FEA850B0AEB8505AB79AB
:10556000002B40F0A6803146786809F066FE804640
:10557000002840F0A7803146386809F04EFE638865
:1055800003F4FE53B3F5FE5F00F0A5802269536972
:10559000B3F5803F80F0AD80637813F0070F04D13E
:1055A00099F80C30002B00F0AC80E188A388994278
:1055B00040F0FE80042B04D0022B02D0012B40F0DF
:1055C000FF80137FC3F38012B2EBD31F40F0008142
:1055D0000123AB71A3696B61637803F007034AF899
:1055E0000B3063692B61A388AB60E388EB602369B0
:1055F0001B7FC3F380132B7623691B68002B00F0FD
:10560000EF8023695B68002B00F0F080A38893FA99
:10561000A3F2B2FA82F20BB94FF0FF32E38893FAA9
:10562000A3F1B1FA81F10BB94FF0FF315AF80B3009
:10563000012B00F0E1802369186878615B68BB6129
:10564000744B53F82230FB62734B53F821303B63A9
:10565000A07807F13C0100F00F00FFF7B3FEB0F1B6
:10566000000841DB607807F11C0100F00700FFF73C
:10567000CFFEB0F1000837DB637803F00703012B9E
:1056800000F09781022B00F0E180002B00F0DE801B
:10569000624A0121624809F067F96FF0150823E0BA
:1056A0003346604A01215E4809F05EF96FF0150843
:1056B0001AE033465C4A0121594809F055F96FF068
:1056C0000F0811E03346594A0121554809F04CF9B9
:1056D0006FF00F0808E00123AB716B71A3696B6178
:1056E00063692B6100232B7640465437BD46BDE8E5
:1056F000F08F4F4A01214A4809F036F96FF015083A
:10570000F2E73B6819686D4600233B7402237B7403
:1057100088B002AC14F1100211D00E201AB1042886
:1057200001DD444B636100233B7302237B73AAB109
:10573000082800DDA16104F11C0300210CE06FF0DA
:105740000040EBE701F1480607F1080C664416F843
:10575000446C03F8016B01310129F3D90D2824DDD4
:105760000E2342B10321397400217974B9740121E7
:10577000F97438692061002121F0010121F0020152
:1057800021F0040121F03801012060F38811C3F3F6
:105790000A0363F35321C1F3130100232048FCF7EC
:1057A000EBFFAD466FF085089EE76FF01B03D8E76F
:1057B000214A01211A4809F0CDF86FF0150893E746
:1057C0001E4A0121164809F0CFF86FF015088BE743
:1057D0001B4A0121124809F0BDF86FF0150883E754
:1057E000184A02210E4809F0B5F80AE7164A0221C4
:1057F0000B4809F0AFF809E723691868B8615B68DE
:105800007B61054B53F822303B63024B53F8213048
:10581000FB621DE73C5A0108485A0108543301084D
:1058200038150108FC31010820320108383201081E
:105830005C3201087432010898320108BC32010858
:10584000DC320108143301083433010823691B7F5B
:10585000C3F30110C3F3810907F12801FFF7F6FD37
:10586000B0F10008FFF640AF07F124014846FFF70A
:105870000BFEB0F10008FFF637AF2B7E002B00F0D7
:105880009F804FF480733B625AF80B10022914BFBB
:105890000021012129712389A088B3FBF0F200FBCC
:1058A000123292B2002A40F08E806389E088B3FB06
:1058B000F0F200FB123292B2002A40F08D802046B6
:1058C00000F0B4FBB8642979204600F0FBFBF864D3
:1058D000637813F0070F00F090802378072B00F215
:1058E0008480207800F05AF9B8632369587F00F06B
:1058F0000F0000F033FC786407F1140009F08AFE11
:10590000002800F0868004233B642B79002B00F0F4
:10591000838023695B69A288B3FBF2F37B63304623
:1059200000F022F9014607F114027C68204603F0DA
:10593000B9FD304600F018F9414B1A5CA35843F00A
:105940000403A3502B7E0BB16B694BB1304600F0C2
:105950000BF93B4B1A5C79688B5843F010038B5062
:105960002B7E5BB16B694BB1304600F0FDF8344BD8
:105970001A5C79688B5843F008038B503B6C042BFE
:1059800051D0304600F0F0F82D4B1B5C7A68134480
:105990005A6922F004025A61304600F0E5F8284BBB
:1059A0001B5C7A681A441346526922F080025A61DD
:1059B0009AE623691B7FC3F38100C3F301194BE708
:1059C00000233B6260E700901E4A01211E4808F058
:1059D000D6FF6FF0150887E600901C4A01211A488F
:1059E00008F0CDFF6FF015087EE6194A0121164830
:1059F00008F0B0FF6FF0150876E62378072B7FF6E6
:105A000070AF144A0121104808F0A4FF002323704E
:105A100067E700233B6478E723695B69E288B3FBAF
:105A2000F2F37B637BE7304600F09EF8044B1B5C8F
:105A30007A6813445A6942F004025A61ACE700BF25
:105A4000545A01087433010838150108B4330108A9
:105A5000FC3301080C3401082DE9F04143681F694B
:105A60005E698E428CBF00260126DEB980460C4658
:105A70009D69C1EBC10305EB83056B790BB9AB796C
:105A8000DBB12146384600F049FAF8B16B79BBB179
:105A900001266F6927B13346224629694046B84737
:105AA000BDE8F0812A4C602322462A492A4808F0A2
:105AB00044FC6021204608F037FC09F0AEFBEFE71C
:105AC0002146384600F084F80126E2E721463846B0
:105AD00000F00AFA50B12B7E03B9AB716B79002B41
:105AE000D7D12146384600F08FF8D2E72146384614
:105AF00000F02EFAA0B16B7913B16FF00406C8E77D
:105B0000164A0121164808F025FF2146384600F0C4
:105B100081F92146384609F06FFD6FF00406B8E7B9
:105B20006B7913B16FF00406B3E70E4A01210C48FC
:105B300008F010FF0023AB712146404609F0FAFB44
:105B40002146404609F069FB6FF00406A1E700BF5B
:105B50003834010864340108B8160108803401089B
:105B6000381501089C340108072803D8074B53F85F
:105B70002000704710B5064C2123224605490648EF
:105B800008F0DBFB2121204608F0CEFBBC5B0108BE
:105B9000C8340108F8340108B8160108072803D8EA
:105BA000074B53F82000704710B5064C34232246AB
:105BB0000549064808F0C1FB3421204608F0B4FB33
:105BC0009C5B0108C8340108B0350108B81601080B
:105BD00010B5072904D8084B53F82130984710BD59
:105BE000064C472322460649064808F0A6FB4721F3
:105BF000204608F099FB00BF7C5B0108C83401080F
:105C000070360108B816010810B5072904D8084BEA
:105C100053F82130984710BD064C592322460649B7
:105C2000064808F08AFB5921204608F07DFB00BF9A
:105C30005C5B0108C834010870360108B816010819
:105C400010B5072907D8094B53F821309847003879
:105C500018BF012010BD064C6B232246054906489B
:105C600008F06BFB6B21204608F05EFB3C5B0108F3
:105C7000C834010870360108B816010810B50729A4
:105C800007D8094B53F821309847003818BF012036
:105C900010BD064C7D2322460549064808F04DFB01
:105CA0007D21204608F040FB1C5B0108C834010838
:105CB00070360108B816010810B5072904D8084B3A
:105CC00053F82130984710BD064C8F2322460649D1
:105CD000064808F032FB8F21204608F025FB00BF64
:105CE000FC5A0108C834010870360108B8160108CA
:105CF00010B5072904D8084B53F82130984710BD38
:105D0000064CA12322460649064808F016FBA121AD
:105D1000204608F009FB00BFDC5A0108C83401081E
:105D200070360108B816010810B5072904D8084BC9
:105D300053F82130984710BD064CB323224606493C
:105D4000064808F0FAFAB321204608F0EDFA00BF41
:105D5000BC5A0108C834010870360108B816010899
:105D600010B5072907D8094B53F821309847003858
:105D700018BF012010BD064CC52322460549064820
:105D800008F0DBFAC521204608F0CEFA9C5A01083B
:105D9000C834010870360108B816010810B5072983
:105DA00007D8094B53F821309847003818BF012015
:105DB00010BD064CD72322460549064808F0BDFA17
:105DC000D721204608F0B0FA7C5A0108C8340108EF
:105DD00070360108B816010810B5072907D8094B15
:105DE00053F821309847003818BF012010BD064CE9
:105DF000E92322460549064808F09FFAE921204692
:105E000008F092FA5C5A0108C8340108703601089B
:105E1000B81601082DE9F04782B000AF04460D46E0
:105E2000FFF72CFF824629462046FFF709FF8146EF
:105E300029462046FFF794FF804629462046FFF773
:105E4000ADFF064629462046FFF7C6FF8CB06B46DD
:105E500013F110023ED01C24B2B12146042C01DD06
:105E60001F4D5D61082901DDC3F818A00C2901DD73
:105E7000C3F81C90102901DDC3F82080142900DD2F
:105E80005E62182900DD98621B2C26DD1C243AB1C5
:105E90000721397100217971B971F9717868186138
:105EA000002121F0010121F0020121F0040121F083
:105EB0003801032363F38811C4F30A0464F3532104
:105EC000C1F3130100230748FCF756FC0837BD4611
:105ED000BDE8F0876FF00044BEE76FF01B04D6E723
:105EE000143701084015010838B504460D46084628
:105EF000FFF73AFE084B1B5CE35813F0100F01D17B
:105F0000002038BD29462046FFF7B8FE08B1012021
:105F1000F7E70020F5E700BFDC5B010838B5044671
:105F20000D460846FFF720FE084B1B5CE35813F0B4
:105F3000080F01D1002038BD29462046FFF780FE1A
:105F400008B10120F7E70020F5E700BFDC5B01089E
:105F500038B504460D460846FFF706FE0B4B1B5CA2
:105F600023445B6913F0800F02D10024204638BD22
:105F700029462046FFF730FF04460028F6D0044AA1
:105F80000121044808F0E6FCF0E700BFDC5B0108F3
:105F90003C3701084015010810B504460846FFF7D4
:105FA000E3FD034B1A5CA35843F00103A35010BD5B
:105FB000DC5B010810B504460846FFF7D5FD054B2C
:105FC0001B5CE35813F0010F01D1002010BD01202C
:105FD000FCE700BFDC5B010838B504460D46084607
:105FE000FFF7C2FD084B1A5CA35823F00103A3502E
:105FF00029462046FFF7DEFF0028F9D12946204632
:10600000FFF702FE002038BDDC5B010810B5044636
:106010000846FFF7A9FD044B1B5CE018436923F019
:106020008003436110BD00BFDC5B010870B5A9B1FE
:10603000C5884489B4FBF5F305FB13438BB9B4FB66
:10604000F5F35A1E0F2A26D8DFE802F01D25252C6D
:106050002525251F252525252525252285880489F3
:10606000E8E7124E4FF4B37332461149114808F075
:1060700064F92A462146104808F05FF94FF4B371DD
:10608000304608F051F900200BE04FF0807008E036
:106090004FF0C07005E0094A0121094808F064FC8E
:1060A000002070BD4FF40000FBE700BFC8340108BA
:1060B00048370108B816010870370108A8370108E9
:1060C0004015010870B5A9B185880489B4FBF5F3C2
:1060D00005FB13438BB9B4FBF5F35A1E0F2A26D8E0
:1060E000DFE802F01D25252C2525251F2525252542
:1060F00025252522C5884489E8E7124E40F28913F8
:1061000032461149114808F018F92A46214610482C
:1061100008F013F940F28911304608F005F9002023
:106120000BE04FF4800008E04FF4C00005E0094A9E
:106130000121094808F018FC002070BD4FF4001040
:10614000FBE700BFC8340108F0370108B8160108A2
:1061500070370108A83701084015010808B5032861
:1061600009D8DFE800F0020F0406002008BD022075
:10617000FCE70320FAE7044A0221044808F0EAFB9E
:106180000020F3E70120F1E7183801084015010865
:10619000F8B581B1044616460D464B68B3FA83F74D
:1061A0007F09B3B1036813B309F093FA50BBFEB98A
:1061B0006FF0150721E0164C642322461549164856
:1061C00008F0BBF8154808F0B8F86421204608F03C
:1061D000ABF80F4C6523224611490F4808F0ADF883
:1061E000104808F0AAF86521204608F09DF832B161
:1061F00023682B60256063683BB13846F8BD6FF0BB
:106200001507FAE7002EF8D0F2E76560F5E700BF62
:106210005838010894380108B8160108A038010858
:10622000B0380108C438010870B50E46154601683B
:1062300091B10C68ACB1A1B90C4612E0124C8923A3
:1062400022461249124808F078F8124808F075F80A
:106250008921204608F068F80C4602E023462146D2
:106260001C4681B18A682A4004D04B68002BE5D0D7
:1062700030469847002CF1D02368002BEFD0002C3B
:10628000EDD12346EBE770BD58380108DC38010832
:10629000B8160108C43801082DE9F84380460F46B6
:1062A00016461C46D0F80490D9F8080008F02FFDD7
:1062B000B6F5001F0ED00546B6F5800F2AD0B4F112
:1062C000806F0ED0B4F1C06F0DD0B4F1007F24D137
:1062D000022609E03946D9F8080009F06CFA0024D2
:1062E00015E0012600E0032642460F492846FEF746
:1062F000DBF90446A0B9D9F80810384608F00CFDBF
:1063000031462846FEF790F92846FEF773F92046F5
:10631000BDE8F8836FF08504F9E76FF01504F6E740
:106320006FF00F04F3E700BFA9F70008104B984285
:1063300013D00AD90F4B984215D003F5C31303F5B8
:106340002063984211D10A2070470B4B984206D027
:106350000A4B984205D1042070470620704702205E
:10636000704700207047082070470020704700BF2A
:1063700040420F0040E13300A0860100801A060071
:1063800010B560B1844683681748834217D2174816
:10639000834214D3DB681BB36046984710BD144C8E
:1063A0004FF48C7322461349134807F0C6FF134875
:1063B00007F0C3FF4FF48C71204607F0B5FF0C4C7B
:1063C0004FF48C7322460E490B4807F0B6FF0D4977
:1063D0000D4807F0B2FF4FF48C71204607F0A4FF80
:1063E0006FF05700DAE700BFBC140108A0140108E1
:1063F000EC1A0108281B0108B81601083C1B01080B
:10640000501B0108CC1C0108DC1C010810B560B150
:10641000844683681748834217D21748834214D3AF
:106420009B691BB36046984710BD144C4FF4AC7386
:1064300022461349134807F080FF134807F07DFFF9
:106440004FF4AC71204607F06FFF0C4C4FF4AC7367
:1064500022460E490B4807F070FF0D490D4807F022
:106460006CFF4FF4AC71204607F05EFF6FF05700F1
:10647000DAE700BFBC140108A0140108EC1A0108F7
:10648000281B0108B81601083C1B0108501B010815
:10649000CC1C0108DC1C010808B5036993F85020E6
:1064A0001AB11B6A0B60002008BD044A0121044890
:1064B00008F050FA6FF00400F6E700BFEC3801086E
:1064C000701501082DE9F04383B006460D461446C9
:1064D0001F4600690B7A43F004030B720A464FF023
:1064E000010C07E01EF0020F1FD10C320CF1010C61
:1064F0005FFA8CFCA4450FD8A445F6D292F808E0C8
:10650000137D8EEA030111F0010FEBD013F0040F9D
:10651000E8D16FF0150801E04FF00008B8F1000F66
:1065200006D0404603B0BDE8F0836FF01508F5E7EC
:1065300000F110094FF0FF324FF0FF33484603F0EF
:106540007FFE304609F0C7F9B0F1000815DA43467E
:10655000104A0121104808F007FA16E005F114036B
:106560000197009395E80E00304609F025FCB0F144
:10657000000807DB0C35013CE4B21CB1012CEDD85E
:106580000023EDE7304609F0A8F9484603F0EAFD9C
:10659000C7E700BF0C39010870150108436802699C
:1065A000DB6882F8521021B91A6822F01A021A60C8
:1065B0007047B0B582B000AF05686C4600233B71F0
:1065C00002237B718AB0EC461CF1100218D0122015
:1065D00022B1042802DD274BCCF8143000233B7095
:1065E00002237B70D2B10346082801DDCCF8185095
:1065F0000C2B01DDCCF81C100CF1200300210BE06A
:106600006FF00040E4E701F1080505EB070E1EF806
:1066100008EC03F801EB01310129F4D9112825DD3B
:1066200012234AB10421397100217971B971012114
:10663000F9717868CCF81000002121F0010121F0F7
:10664000020121F0040121F03801012060F38811DA
:10665000C3F30A0363F35321C1F313010023064874
:10666000FCF78AF8A5460837BD46B0BD6FF01B039E
:10667000D7E700BF2839010870150108F0B583B0CD
:1066800004460F4643680569DE68002201929A6855
:10669000012A35D9596801AA08312148FFF770FE4F
:1066A000002825DB2F6205F110074FF0FF324FF075
:1066B000FF33384603F0C4FD336823F00103336031
:1066C00095F852102046FFF769FF0199204600F027
:1066D0008BF9041E06DB95F851301BB1336843F08B
:1066E00001033360384603F03DFD204603B0F0BDA2
:1066F0000C4A01210C4808F02DF96FF00404F4E76E
:1067000001AA59680648FFF73BFE0028CADA074A83
:106710000121054808F01EF96FF00404E5E700BF09
:10672000640F01083C390108701501086C39010833
:1067300070B50446466805694FF0FF3200212846CF
:106740000AF033FA336820469847002385F8503022
:1067500085F8523005F11000012211460AF025FAA1
:10676000204600F06DF8B368012B07D9716800224C
:1067700008310F48FFF74AFE002815DB3069FFF7A4
:10678000D5FD40F010012046FFF778FF041E05DB21
:10679000012385F850300024204670BD054A0121B0
:1067A000054808F0D7F8F7E76FF00404F4E700BFF6
:1067B000640F01089C3901087015010810B560B11B
:1067C000024683681548834215D21548834212D386
:1067D0001B68FBB11046984710BD124CB6232246E9
:1067E0001149124807F0A9FD114807F0A6FDB6218E
:1067F000204607F099FD0B4CB62322460D490B4865
:1068000007F09BFD0C490D4807F097FDB621204687
:1068100007F08AFD6FF05700DEE700BFBC140108E7
:10682000A0140108EC1A0108281B0108B816010879
:106830003C1B0108501B0108CC1C0108DC1C010892
:1068400038B545680021286A09F011F8041E07DBF5
:1068500069680B48FFF7B2FF044640B9204638BDCF
:106860002346084A0121084808F07EF8F6E7074A5F
:106870000121054808F06EF86FF00404EEE700BF50
:10688000640F0108C439010860150108E4390108E2
:1068900030B52A4CA4FB014E4FEA9E4C446824F0CC
:1068A0003F0444EA9E444460046A24F03F04244DBB
:1068B000AA421BD80CF1010C44EA0C040462204CDF
:1068C000A24231D9F3B902EB4202B1FBF2F2C2F3B8
:1068D0000B0119B342F400410B43C26922F44F4C3F
:1068E0002CF0FF0C4CEA0303C36130BD4FF49675E6
:1068F00005FB0CFC134DA5FB0C5C4FEA9C1C0CF13A
:10690000010CD9E702EB820202EB8202B1FBF2F248
:10691000C2F30B0129B142F40041DDE748F2010165
:10692000DAE748F20101D7E75200B1FBF2F340F693
:10693000FC721342D1D10423CFE700BF83DE1B4397
:10694000A0860100D34D6210F0B583B00446154611
:10695000476806694FF0000CCDF800C009F07FF9D8
:10696000204608F0E4FFD7E90623304603F068FC30
:1069700030B9064A2946204609F01CF803B0F0BD9C
:10698000204608F0E3FF6FF00400F7E7385C0108E9
:106990002DE9F04182B0044615464668D0F81080D3
:1069A000F7684FF0010CCDF800C009F058F9204607
:1069B00008F0BDFF7B6843F4C0637B60D6E9062323
:1069C000404603F03DFC38B9064A2946204608F007
:1069D000F1FF02B0BDE8F081204608F0B7FF6FF08C
:1069E0000400F6E7245C010808B542680369D06832
:1069F0001B6AC3F34203012B04D0022B08D06FF0B3
:106A0000150004E00023054AFFF742FF002008BDFF
:106A10000023034AFFF73CFF0020F8E7A0860100AF
:106A2000801A060070B5002842D013468646846856
:106A30006B4A94424CD26B4A944249D346680069EF
:106A400013F0FC6F55D103F03002302A61D0664A52
:106A50001A40664DAA426CD003F00602042A78D090
:106A600013F4402240F08280B2F5402F00F0928073
:106A700013F4801F05D022B113F0010F01D083F46D
:106A8000402323F4801235684FF0010C0CFA01FC0E
:106A900015EA0C0F00F08E8013F0010F00F09A80C1
:106AA00003684CEA0303036023687046984770BD8F
:106AB0004F4C40F2534322464E494F4807F03DFCAD
:106AC0004E4807F03AFC40F25341204607F02CFCB8
:106AD000474C40F2534322464949474807F02DFCB2
:106AE0004849494807F029FC40F25341204607F045
:106AF0001BFC3F4C40F25C43224644493E4807F0B1
:106B00001CFC434807F019FC40F25C41204607F0AA
:106B10000BFC374C40F25F4322463E49364807F0B3
:106B20000CFC3D4807F009FC40F25F41204607F0AD
:106B3000FBFB2F4C40F26343224638492E4807F0B6
:106B4000FCFB374807F0F9FB40F26341204607F0B1
:106B5000EBFB274C40F2664322463249264807F0B9
:106B6000ECFB40F26641204607F0DEFB13F4003FE9
:106B70007FF47AAF1E4C40F2694322462A491E48F0
:106B800007F0DBFB294807F0D8FB40F269412046BB
:106B900007F0CAFB164C40F26D43224624491648C2
:106BA00007F0CBFB234807F0C8FB40F26D412046BD
:106BB00007F0BAFB0E4C40F2794322461E490E48BC
:106BC00007F0BBFB1D4807F0B8FB40F279412046B7
:106BD00007F0AAFB036823EA0C03036064E700BF25
:106BE0003814010814140108020003000200010017
:106BF000443A0108783A0108B81601083C1B01081C
:106C00008C3A0108CC3B0108DC1C0108D43B01088C
:106C1000443C0108683C0108A43C0108E43C01082C
:106C2000343D0108843D0108B83D0108083E0108D3
:106C3000443E0108943E0108C03E0108003F01089F
:106C400010B518B191B14160826010BD0F4C40F297
:106C50006E7322460E490F4807F06FFB0E4807F08F
:106C60006CFB40F26E71204607F05EFB074C40F271
:106C70006F7322460949074807F05FFB084807F091
:106C80005CFB40F26F71204607F04EFB443A01086E
:106C900094380108B8160108143F0108E0380108CB
:106CA0003C3F010810B558B18368174A934217D288
:106CB000164A934214D3DB691BB30122984710BDD7
:106CC000134C40F2877322461249134807F035FBF4
:106CD000124807F032FB40F28771204607F024FB90
:106CE0000B4C40F2877322460D490B4807F025FBF9
:106CF0000C490D4807F021FB40F28771204607F050
:106D000013FB6FF05700DAE7381401081414010878
:106D1000443A0108783A0108B81601083C1B0108FA
:106D20008C3A0108CC3B0108DC1C010810B558B1B5
:106D3000024683681548834216D21548834213D30E
:106D40005B681046984710BD124C40F26D532246C6
:106D50001149124807F0F1FA114807F0EEFA40F233
:106D60006D51204607F0E0FA0A4C40F26D5322467E
:106D70000C490A4807F0E1FA0B490C4807F0DDFA24
:106D800040F26D51204607F0CFFA00BF38140108D9
:106D900014140108443A0108783A0108B8160108A9
:106DA0003C1B01088C3A0108CC3B0108DC1C0108A3
:106DB00010B582B043681B6801248C4023420AD07E
:106DC00001A909F01DF820B9019B1C40201E18BF25
:106DD000012002B010BD084C40F2C56322460749AD
:106DE000074807F0AAFA074807F0A7FA40F2C5617A
:106DF000204607F099FA00BF443A0108C03E010856
:106E0000B8160108003F010838B5002834D0844680
:106E10008368534883423FD2524883423CD3DCF8D4
:106E20000400DCF810509C69002C00F0968002F4FD
:106E3000C003B3F5C00F40D0002B4ED002F0E86382
:106E4000B3F1C86F59D002F0C863B3F5800F64D0B6
:106E5000006801238B4018426FD012F4000F04D059
:106E60002868034201D082F0C0623F4B134002F019
:106E7000B0726046A04738BD3C4C40F2E333224636
:106E80003B493C4807F059FA3B4807F056FA40F2B4
:106E9000E331204607F048FA344C40F2E33322460F
:106EA0003649344807F049FA3549364807F045FA7B
:106EB00040F2E331204607F037FA2C4C40F2F3332E
:106EC000224631492B4807F038FA304807F035FAA6
:106ED00040F2F331204607F027FA244C40F2F73312
:106EE00022462B49234807F028FA2A4807F025FABA
:106EF00040F2F731204607F017FA1C4C40F2FA3303
:106F0000224625491B4807F018FA244807F015FACD
:106F100040F2FA31204607F007FA144C40F20943D8
:106F200022461F49134807F008FA1E4807F005FAE1
:106F300040F20941204607F0F7F90C4C40F20E43AD
:106F4000224619490B4807F0F8F9184807F0F5F9F7
:106F500040F20E41204607F0E7F96FF057008AE74C
:106F6000381401081414010840000006443A0108CE
:106F7000783A0108B81601083C1B01088C3A010850
:106F8000CC3B0108DC1C01086C3F0108BC3F010838
:106F9000E83F01081840010844400108D8400108B2
:106FA0002C41010894410108C03E0108003F01083E
:106FB00070B505460E46037901229A4012493046C3
:106FC000FFF73EFE31462868FFF76CFE041E0EDB1D
:106FD00028682979FFF7ECFE30734FF0E861284606
:106FE00008F019FF041E08DB0024204670BD074A84
:106FF0000121074807F0AEFCF7E72346054A0121C7
:10700000034807F0B1FCF0E731FE0008DC4101085D
:1070100050150108F84101082DE9F04F87B002AF83
:1070200083464668D6F80CA0002467E058F809307B
:10703000E3B119686D4600233B7302237B7388B06C
:1070400002AC14F1100213D00E201AB1042801DD95
:107050004D4B636100233B7202237B72BAB1082857
:1070600000DDA16104F11C0300210EE04749E1E7C6
:107070006FF00040E9E701F1080607F1080C6644EB
:1070800016F8086C03F8016B01310129F3D90D28BA
:1070900028DD0E2342B10321397300217973B973BE
:1070A0000121F973F8682061002121F0010121F02C
:1070B000020121F0040121F03801012060F3881160
:1070C000C3F30A0363F35321C1F3130100233048D0
:1070D000FBF752FBAD466FF0120528461437BD464C
:1070E000BDE8F08F6FF01B03D4E700907B68294A5E
:1070F0000121274807F043FCEFE701347368A342FE
:1071000035DDD6F808807C6004EB44054FEA85093C
:1071100008EB850558F8090009F027FD002885D0FF
:107120004FF48031284608F060FE05460028DCD187
:1071300004EBC4030AEBC3054AF833B0316905F127
:10714000180003F00FFD737D002BD6D1B0684844C2
:107150008268291DFFF72CFF05460028CDD000903E
:1071600023460D4A01210A4807F009FCB5E7737D63
:107170000BB90025B1E7002532682B460AF118004B
:1071800003F0AAFDA9E700BF1C420108041801088A
:10719000501501083042010850420108F0B585B091
:1071A00005460C4641688B6804EB440203EB8207FA
:1071B000CE6804EBC40106EBC10653F8220039790E
:1071C000FFF7F6FD031E05DB96F910209A4209D160
:1071D00005B0F0BD009323460B4A01210B4807F090
:1071E000CEFBF5E733743A894FF0FF304FF0FF31B3
:1071F000CDE9020101210091003B18BF012328467F
:10720000FDF798F8E4E700BF7C420108501501083B
:1072100008B5A0F1180350F8180C4268D2689B1A00
:10722000DB10034903FB01F1FFF7B8FF08BD00BF06
:10723000398EE33810B5402910D007D804290FD073
:1072400010290FD001290FD1002110E0B1F5807F66
:107250000CD0B1F5806F1ED1052108E0032106E0B6
:10726000012104E0022102E0062100E0042118309F
:107270000A4B13F801C050F80C30094C14F801E027
:10728000732101FA0EF123EA010302FA0EF213430D
:1072900040F80C3010BD0621E9E700BF285D010869
:1072A000205D0108402912D008D8042912D01029E5
:1072B00013D0012914D14FF0000C16E0B1F5807FF6
:1072C00011D0B1F5806F1ED14FF0050C0DE04FF0DD
:1072D000030C0AE04FF0010C07E04FF0020C04E051
:1072E0004FF0060C01E04FF0040C036A074911F857
:1072F0000CC0022101FA0CF123EA010302FA0CF29C
:107300001343036270474FF0060CEEE7185D010867
:10731000402912D008D8042912D0102913D00129ED
:1073200014D14FF0000C16E0B1F5807F11D0B1F50B
:10733000806F1FD14FF0050C0DE04FF0030C0AE0F9
:107340004FF0010C07E04FF0020C04E04FF0060C88
:1073500001E04FF0040C4368084911F80CC04FF4E9
:10736000807101FA0CF123EA010302FA0CF21343D3
:10737000436070474FF0060CEDE700BF105D010859
:1073800010B4402910D007D804290FD010290FD0ED
:1073900001290FD1002210E0B1F5807F0CD0B1F5AA
:1073A000806F18D1052208E0032206E0012204E0E4
:1073B000022202E0062200E004221830074B995C0A
:1073C0004358074C14F802C0082202FA0CF2134387
:1073D000435010BC70470622EFE700BF285D01084C
:1073E000205D010810B560B10246836815488342EC
:1073F00015D21548834212D31B68FBB1104698473B
:1074000010BD124CB62322461149124806F095FFD2
:10741000114806F092FFB621204606F085FF0B4C7E
:10742000B62322460D490B4806F087FF0C490D484C
:1074300006F083FFB621204606F076FF6FF0570076
:10744000DEE700BFBC140108A0140108EC1A010813
:10745000281B0108B81601083C1B0108501B010835
:10746000CC1C0108DC1C010810B560B1844683689F
:107470001748834217D21748834214D39B691BB322
:107480006046984710BD144C4FF4AC732246134924
:10749000134806F052FF134806F04FFF4FF4AC714B
:1074A000204606F041FF0C4C4FF4AC7322460E49C7
:1074B0000B4806F042FF0D490D4806F03EFF4FF421
:1074C000AC71204606F030FF6FF05700DAE700BFDE
:1074D000BC140108A0140108EC1A0108281B0108BB
:1074E000B81601083C1B0108501B0108CC1C010800
:1074F000DC1C010810B560B18446836817488342DC
:1075000017D21748834214D3DB681BB360469847F1
:1075100010BD144C4FF48C7322461349134806F0E7
:107520000CFF134806F009FF4FF48C71204606F05B
:10753000FBFE0C4C4FF48C7322460E490B4806F0B0
:10754000FCFE0D490D4806F0F8FE4FF48C71204604
:1075500006F0EAFE6FF05700DAE700BFBC1401083E
:10756000A0140108EC1A0108281B0108B81601082C
:107570003C1B0108501B0108CC1C0108DC1C010845
:1075800010B560B1024683681748834217D2174886
:10759000834214D3DB681BB31046984710BD144CCC
:1075A00040F2671322461349134806F0C6FE1348FB
:1075B00006F0C3FE40F26711204606F0B5FE0C4C03
:1075C00040F2671322460E490B4806F0B6FE0D49FD
:1075D0000D4806F0B2FE40F26711204606F0A4FE08
:1075E0006FF05700DAE700BF68140108581401086B
:1075F000842E0108281B0108B81601083C1B01084D
:10760000B82E0108FC2F0108DC1C01082DE9F84305
:107610001E46BDF820C043681C684F1E032F1DD8AE
:10762000B4F1804F05D03E48844202D0B2F5803F8D
:107630001DD83C4850F82780032921D83A4850F8F3
:1076400027501CF4807F1DD0EDB90B46374A01212D
:10765000374807F089F96FF0150043E00B46354ACB
:107660000121334807F080F96FF015003AE0134626
:10767000314A01212E4807F077F96FF0850031E09B
:107680000025DEE745467AB39B689BBB02F1FF39D4
:10769000604608F01AFC024629462046FFF702FE23
:1076A000264B53F82730314620469847C4F82C9093
:1076B000236A35EA030330D0602241462046FFF7B3
:1076C000B9FD002229462046FFF722FE236A1D430A
:1076D000256241462046FFF753FE636943F00103EC
:1076E00063610020BDE8F883236A23EA050323626F
:1076F0000020F7E7102B08D0202B0AD0402B08D011
:10770000602B06D06FF08500ECE7013E02F1FF39F7
:10771000BEE776084FEA5209BAE70020E2E700BF69
:10772000000C0040005D0108F45C010808430108FA
:10773000B0150108AC420108C4420108E45C01082C
:107740002DE9F04784B000AF8046D0F8109045682E
:107750002C68E969A848FFF745FE061EC0F2C28002
:107760002B6A012B40F2D480E96900220831A2483B
:10777000FFF77AFE0646002840F0BB80E96907F172
:107780000C0208319C48FFF7B5FEB0F1000AC0F2C8
:10779000B7804846FB6840F8043B08F0AEFB002188
:1077A000686A08F0B1FBB0F10009C0F2B9806B68FB
:1077B000A3620023E362236843F0800323608F4BBE
:1077C0009C4212D0B4F1804F0FD0A3F57C439C4271
:1077D0000BD003F580639C4207D003F580639C4285
:1077E00003D003F578439C4205D1AB68226822F0B0
:1077F000700213432360814B9C422AD0B4F1804F26
:1078000027D0A3F57C439C4223D003F580639C42A0
:107810001FD003F580639C421BD003F578439C4244
:1078200017D003F570539C4213D003F580639C423C
:107830000FD003F580639C420BD0A3F598339C4294
:1078400007D003F580639C4203D003F580639C421C
:1078500003D1236823F440732360684B9C426AD0B1
:1078600003F580639C4263D0B4F1804F65D0644BD4
:107870009C4262D003F580639C425ED003F5806336
:107880009C425AD003F580639C4256D003F5806336
:107890009C4252D003F570439C424ED02B69002B82
:1078A00052D0D8F800106D4600233B7202237B7241
:1078B00088B06B4613F1100200F0C0800E201AB1A0
:1078C000042801DD4F4C5C6100243C7102247C7172
:1078D000002A00F0C080082800DD996103F11C0136
:1078E0000024B6E03346484A0121484807F03CF8F6
:1078F00051E10346464A0121444807F035F84AE180
:107900005346444A0121414807F02EF8564642E1C9
:10791000414A01213D4807F01DF86FF015063AE194
:107920004B463E4A0121394807F01EF84E4632E1E7
:107930000023236398E7002323632B69202B71D056
:107940002969204608F0C8FA2C4B9C4200F0AD8013
:10795000B4F1804F00F0A980A3F57C439C4200F075
:10796000A48003F580639C4200F09F8003F5806350
:107970009C4200F09A8003F578439C4200F0958089
:1079800003F570539C4200F09080A3F594339C4221
:1079900000F08B806B691BB9AB69002B00F0918004
:1079A000D8F800106D4600233B7202237B7288B02A
:1079B0006B4613F1100200F0B3800E201AB10428B8
:1079C00001DD174C5C6100243C7102247C71002AAB
:1079D00000F0A980082800DD996103F11C01002452
:1079E000012C00F2A08004F110063E4416F80C6C45
:1079F00001F8016B0134F3E7640F01080000014056
:107A00000004004050430108C8300108B0150108C7
:107A1000E830010808310108283101083043010825
:107A200078430108AB68202B03D0402B01D0602B9A
:107A300086D1236843F00403236081E76FF00040A0
:107A40003DE704F110063E4416F80C6C01F8016B9A
:107A50000134012CF5D90D2824DD0E2442B1032177
:107A6000397200217972B9720121F972B86818610E
:107A7000002121F0010121F0020121F0040121F097
:107A80003801012363F38811C4F30A0464F353211A
:107A9000C1F3130100235E48FAF76EFEAD466FF0A6
:107AA000850678E06FF01B04D8E76B69A26822F0C6
:107AB00007021343A360AB69A26822F0700213436C
:107AC000A360544B9C4258D003F580639C4254D031
:107AD000EB68002B5BD0D8F800106D4601223A729B
:107AE00003227A728AB06C4614F1100258D0122028
:107AF0004AB10646042803DDDFF81CC1C4F814C0EF
:107B0000082E00DDA36101233B7103237B71002A52
:107B100053D00C2800DDE16104F1200300214AE08C
:107B20006FF000404AE70D2824DD0E2442B1032106
:107B3000397200217972B9720121F972B86818613D
:107B4000002121F0010121F0020121F0040121F0C6
:107B50003801012363F38811C4F30A0464F3532149
:107B6000C1F3130100232A48FAF706FEAD466FF071
:107B7000850610E06FF01B04D8E7EB68626C22F01A
:107B8000FF0213436364636C43F40043636423683C
:107B900043F00103236030461037BD46BDE8F0874F
:107BA0006FF00040A4E701F110063E4416F80C6C9B
:107BB00003F8016B01310129F5D9112824DD1223C5
:107BC00042B10421397200217972B9720121F9722E
:107BD000B8682061002121F0010121F0020121F0AB
:107BE000040121F03801012060F38811C3F30A0376
:107BF00063F35321C1F3130100230548FAF7BCFDD9
:107C0000AD466FF08506C6E76FF01B03D8E700BFEF
:107C1000B015010800000140A043010810B540293B
:107C200010D007D804290FD010290FD001290FD167
:107C3000002110E0B1F5807F0CD0B1F5806F1FD12D
:107C4000052108E0032106E0012104E0022102E011
:107C5000062100E0042118300A4B13F801C050F847
:107C60000C30094C14F801E0032101FA0EF123EA6B
:107C70000103120C02FA0EF2134340F80C3010BD4F
:107C80000621E8E7B45D0108AC5D010810B54029A4
:107C900010D007D804290FD010290FD001290FD1F7
:107CA000002110E0B1F5807F0CD0B1F5806F1FD1BD
:107CB000052108E0032106E0012104E0022102E0A1
:107CC000062100E0042118300A4B13F801C050F8D7
:107CD0000C30094C14F801E00C2101FA0EF123EAF2
:107CE0000103120C02FA0EF2134340F80C3010BDDF
:107CF0000621E8E7B45D0108AC5D010810B5402934
:107D000010D007D804290FD010290FD001290FD186
:107D1000002110E0B1F5807F0CD0B1F5806F1FD14C
:107D2000052108E0032106E0012104E0022102E030
:107D3000062100E0042118300A4B13F801C050F866
:107D40000C30094C14F801E0F02101FA0EF123EA9D
:107D50000103120C02FA0EF2134340F80C3010BD6E
:107D60000621E8E7B45D0108AC5D0108402912D0A6
:107D700008D8042912D0102913D0012914D14FF0AA
:107D8000000C16E0B1F5807F11D0B1F5806F1ED1E7
:107D90004FF0050C0DE04FF0030C0AE04FF0010C22
:107DA00007E04FF0020C04E04FF0060C01E04FF04A
:107DB000040C036A074911F80CC00A2101FA0CF1FE
:107DC00023EA010302FA0CF21343036270474FF0F7
:107DD000060CEEE7A45D010810B40469426830396E
:107DE00089B21E2916D80E4BCB4013F0010F14D0C8
:107DF000D3685B6A6360D269B3FBF2F102FB1133B3
:107E00004FF4B44101FB03F3B3FBF2F32360002012
:107E100010BC70476FF08500FAE76FF08500F7E758
:107E20000100005010B560B10246836815488342D6
:107E300015D21548834212D31B68FBB110469847F0
:107E400010BD124CB62322461149124806F075FAAD
:107E5000114806F072FAB621204606F065FA0B4C7E
:107E6000B62322460D490B4806F067FA0C490D4827
:107E700006F063FAB621204606F056FA6FF0570076
:107E8000DEE700BFBC140108A0140108EC1A0108C9
:107E9000281B0108B81601083C1B0108501B0108EB
:107EA000CC1C0108DC1C010870B5064645680021A1
:107EB000286808F0ABF8041E4ADB291D2548FFF7A7
:107EC000B1FF041E11DBEA68B2F1804F13D0224BE0
:107ED0009A4210D0E9694FF6FF73B3FBF1F001FB52
:107EE0001033C3F57F43FE3312E01C4A01211C48C6
:107EF00006F030FD2CE0E9694FF0FF33B3FBF1F3FE
:107F000001FB03F3DB43C3F1FF2303F57F03FE33E0
:107F1000D362EB682A699A62E9686A698B6823F41C
:107F2000804323F007031A438A600121304608F09A
:107F300050F81021304608F04CF8EA68136A43F014
:107F400011031362EA68136843F00103136000240D
:107F5000204670BD640F0108000C0040F04301088A
:107F6000B815010870B50646CD171248A1FB0043AD
:107F700000FB0533C2F12001B2F1200024FA02F423
:107F800003FA01F144EA010402D443FA00F0044385
:107F900043FA02F5084A002320462946F8F7D6F9A5
:107FA0003060054A002320462946F8F7CFF9726071
:107FB00070BD00BF3AA3950040420F0070B5044663
:107FC000CE170D4DA1FB0501B42303FB02F20023E4
:107FD00005FB0611F8F7BAF906460D46074A0023D5
:107FE000F8F7B4F92060054A002330462946F8F72F
:107FF000ADF9626070BD00BF705EDF0140420F00EE
:1080000070B50C464FEAE27C96464FEA4C1545EABD
:10801000D26553019B1A65EB0C02520242EAD3521D
:108020005B0213EB0E034CEB0202950145EA9365EC
:108030009901CB1A65EB020213EB0E034CEB020223
:10804000012840D0D51705F0530623F07F41180EC4
:1080500040EA022020F07F40014401EB124131440C
:108060002248A0FB0160800900EB800000EB0010BB
:10807000091A25F0530529445B1A62EBE1721C4989
:108080004FF0FC3003FB00F001FB0202A3FB0131C7
:1080900011440E46002924DB9B0843EA8673B61080
:1080A000144D5D1946F10006134A00232846314657
:1080B000F8F74CF92060104A002328463146F8F7BB
:1080C00045F9626070BD0D49AEFB010E0C4A0023FC
:1080D00001FB0CE1F8F73AF90A4D2D1841F10006C1
:1080E000E2E7033341F10006D6E700BFC1C0C0C0DC
:1080F000FDFCFCFC0051250240420F0000CA9A3BE7
:108100002E180500406F4001002A3BD038B51546B7
:1081100002EB420C4FEA8C0CACF10C0C8C449CF83A
:1081200008E04EF0020E8CF808E050B18468164A60
:10813000944216D2154A944213D3A4682A46A04703
:1081400038BD134C4FF47B7322461249124806F097
:10815000F4F8124806F0F1F84FF47B71204606F06F
:10816000E3F80B4C4FF47B7322460D490A4806F0A6
:10817000E4F80C490C4806F0E0F84FF47B71204617
:1081800006F0D2F800207047501401083814010896
:1081900020440108281B0108B81601083C1B0108EF
:1081A00050440108E8380108DC1C010810B584B00F
:1081B00004690E236A463B21406807F0C2FF00288D
:1081C0001EDBBDF900305BBA2380BDF902305BBA1B
:1081D0006380BDF904305BBAA380BDF906305BBA99
:1081E0002381BDF908305BBA6381BDF90A305BBAFF
:1081F000A381BDF90C305BBAE381002004B010BD4F
:10820000034A0121034806F0A5FB6FF00400F5E7DF
:108210008845010820150108F0B587B002AF06694E
:108220004568286808F0A1FC98B107F10F02752194
:10823000284607F096FF002863DBFB7B682B68D09D
:10824000712B66D0192B64D0702B7AD10123B374B3
:1082500061E02B68E3B119686D4600233B7202238D
:108260007B7288B002AC14F1100213D00E201AB148
:10827000042801DD684B636100233B7102237B719D
:10828000AAB1082800DDA16104F11C0300210CE063
:108290006249E1E76FF00040E9E701F110063E4472
:1082A00016F80C6C03F8016B01310129F5D90D2882
:1082B00024DD0E2342B10321397200217972B97293
:1082C0000121F972B8682061002121F0010121F03B
:1082D000020121F0040121F03801012060F388112E
:1082E000C3F30A0363F35321C1F3130100234C4882
:1082F000FAF742FAAD466FF0120072E06FF01B031E
:10830000D8E7484A0121464806F024FB6FF00400F4
:1083100067E00023B3742868297900230093402381
:108320006B2207F03CFF002813DB0024032C18D835
:10833000621C012393402A7A934212D00134E4B2A2
:10834000F4E7394A0121364806F004FB6FF01500C6
:1083500047E0364A0121324806F0FCFA6FF004008B
:108360003FE0042C16D0E20002F0F8021C2128465F
:1083700007F03DFF002815DBC4F10E04F480002453
:10838000032C17D8FA23A3406A89934212D00134F0
:10839000E4B2F5E7264A0121214806F0DBFA6FF046
:1083A00015001EE0234A01211D4806F0D3FA6FF0A4
:1083B000040016E0042C17D0E20002F0F8021B21A2
:1083C000284607F014FF002816DB1B4B33F8143047
:1083D00033822A7B1921284607F009FF002813DB86
:1083E00000201437BD46F0BD144A01210C4806F0A8
:1083F000B1FA6FF01500F4E7114A0121084806F0C0
:10840000A9FA6FF00400ECE70E4A0121044806F0D7
:10841000A1FA6FF00400E4E71C4201080418010807
:1084200020150108A4450108BC450108D0450108F4
:10843000E845010814460108CC5D01083C460108E6
:10844000684601089046010810B50446B2F5004F91
:108450002FD04FF0000C48184CEB0C0C40184CF18E
:10846000000C4FEACC0C4CEA507CC00040184FEA9C
:1084700083024FEA93734CF10001F7F7B7FF2449E9
:10848000A1FB00235B091A0192B24FF0640C0CFBB4
:1084900013031B013233A1FB0313C3F34F1303F088
:1084A000F0010A4492B203F00F0313449BB2A3609D
:1084B00010BD4FF0000C48184CEB0C02401842F174
:1084C0000002D20042EA5072C000401842F100019E
:1084D000DA184CEB0C03F7F789FF0D49A1FB0023D9
:1084E0005B091A0192B24FF0640C0CFB1303DB0022
:1084F0003233A1FB0313C3F34F13590001F4F87196
:108500000A4492B203F0070313449BB2A360CFE77F
:108510001F85EB5108B5024A07F0C2FE08BD00BF37
:108520000F03010808B5024A07F0D4FE08BD00BFDA
:108530001503010810B543681B68DC68DB6814F498
:10854000805F03D1054B07F035FF10BD03F4C06316
:10855000002BF7D16FF08500F7E700BF0704010893
:1085600010B543681B68DC68DB6814F4805F03D1D6
:10857000054B07F04BFF10BD03F4C063002BF7D190
:108580006FF08500F7E700BF5504010843681A68DB
:1085900002F1140353E8003F43F0010302F1140019
:1085A00040E800310029F3D1134B9A4213D0A3F5D0
:1085B0004C439A420FD003F580639A420BD003F5E7
:1085C00080639A4207D003F580639A4203D003F593
:1085D00044439A4203D1136943F04003136102F10B
:1085E0000C0353E8003F43F4807302F10C0040E8B1
:1085F00000310029F3D170470010014043681A6828
:1086000002F1140353E8003F23F0010302F11400C8
:1086100040E800310029F3D1134B9A4213D0A3F55F
:108620004C439A420FD003F580639A420BD003F576
:1086300080639A4207D003F580639A4203D003F522
:1086400044439A4203D1136923F04003136102F1BA
:108650000C0353E8003F23F4807302F10C0040E860
:1086600000310029F3D170470010014010B560B10E
:1086700084468368174883421AD21748834217D327
:108680009B6993B16046984710BD144C40F28A2311
:1086900022461349134805F050FE134805F04DFEDD
:1086A00040F28A21204605F03FFE6FF05700EBE7CD
:1086B0000A4C40F28A2322460C490A4805F03DFE46
:1086C0000B490C4805F039FE40F28A21204605F09E
:1086D0002BFE00BF14140108EC130108C846010862
:1086E000281B0108B81601083C1B0108F8460108C0
:1086F00030480108DC1C010810B558B102468368F7
:108700001548834216D21548834213D39B681046FE
:10871000984710BD124C4FF4E3732246114912489A
:1087200005F00BFE114805F008FE4FF4E3712046FA
:1087300005F0FAFD0A4C4FF4E37322460C490A484F
:1087400005F0FBFD0B490C4805F0F7FD4FF4E37114
:10875000204605F0E9FD00BF14140108EC130108E0
:10876000C8460108281B0108B81601083C1B01086F
:10877000F846010830480108DC1C010810B560B15A
:10878000844683681748834217D21748834214D31C
:10879000DB681BB36046984710BD144C4FF48C73D4
:1087A00022461349134805F0C8FD134805F0C5FDDE
:1087B0004FF48C71204605F0B7FD0C4C4FF48C73D0
:1087C00022460E490B4805F0B8FD0D490D4805F04D
:1087D000B4FD4FF48C71204605F0A6FD6FF05700F4
:1087E000DAE700BFBC140108A0140108EC1A010864
:1087F000281B0108B81601083C1B0108501B010882
:10880000CC1C0108DC1C010810B560B1024683686D
:108810001748834217D21748834214D3DB681BB32F
:108820001046984710BD144C4FF4EF73224613497D
:10883000134805F082FD134805F07FFD4FF4EF71FA
:10884000204605F071FD0C4C4FF4EF7322460E49A3
:108850000B4805F072FD0D490D4805F06EFD4FF413
:10886000EF71204605F060FD6FF05700DAE700BFBA
:1088700014140108EC130108C8460108281B01085C
:10888000B81601083C1B0108F846010830480108E9
:10889000DC1C010810B558B1844683681548834232
:1088A00016D21548834213D31B686046984710BD03
:1088B000124C4FF4C97322461149124805F03DFD90
:1088C000114805F03AFD4FF4C971204605F02CFD22
:1088D0000A4C4FF4C97322460C490A4805F02DFD95
:1088E0000B490C4805F029FD4FF4C971204605F0ED
:1088F0001BFD00BF14140108EC130108C846010851
:10890000281B0108B81601083C1B0108F84601089D
:1089100030480108DC1C010810B560B102468368CC
:108920001548834215D21548834212D31B68FBB108
:108930001046984710BD124CB623224611491248E2
:1089400005F0FBFC114805F0F8FCB621204605F0C7
:10895000EBFC0B4CB62322460D490B4805F0EDFC11
:108960000C490D4805F0E9FCB621204605F0DCFC79
:108970006FF05700DEE700BFBC140108A014010827
:10898000EC1A0108281B0108B81601083C1B010855
:10899000501B0108CC1C0108DC1C010810B560B19B
:1089A000024683681748834217D21748834214D37C
:1089B000DB681BB31046984710BD144C40F2671398
:1089C00022461349134805F0B8FC134805F0B5FCDE
:1089D00040F26711204605F0A7FC0C4C40F26713EB
:1089E00022460E490B4805F0A8FC0D490D4805F03C
:1089F000A4FC40F26711204605F096FC6FF057008A
:108A0000DAE700BF6814010858140108842E010831
:108A1000281B0108B81601083C1B0108B82E0108E4
:108A2000FC2F0108DC1C01082DE9F0411E464368BB
:108A30001C680569AB69002B6DD0804695F8A8309D
:108A4000002B50D10023EB666966AA662B676E6720
:108A500004F10C0353E8001F21F02001184640E800
:108A60000013002BF4D1AA656B6EAB6405F12002F4
:108A7000E969A869FFF70EFF074600283BD1E969BD
:108A8000A869FFF739FE00283DD16FF0200323606D
:108A9000D8F80430D8F810001B6803F1140252E82B
:108AA000001F41F0400194464CE80012002AF4D126
:108AB000012380F8A8302B6832461968204607F059
:108AC000CDFD04F1140353E8003F43F0010304F12A
:108AD000140141E80032002AF3D1284607F093FD43
:108AE0003846BDE8F0810D4A02210D4805F032FFFD
:108AF0006FF00F07F4E70B4A0121094805F02AFF40
:108B00006FF01507ECE7084A0121054805F022FF40
:108B10006FF00D07E4E76FF01207E1E73448010852
:108B2000E01501084C4801086C48010870B506467C
:108B3000406804683569D5F8B000002857D0D5F8EA
:108B40000001002856D1C5F8FC10C5F80021C5F871
:108B50000C316FF04003236004F10C0353E8003F35
:108B600043F0400304F10C0141E80032002AF3D144
:108B7000D5F8FC30C5F8DC30D5F80031C5F8F03058
:108B800005F1B802D5F8B410D5F8B000FFF782FEB1
:108B9000E8B9D5F8B410D5F8B000FFF7ADFD04463C
:108BA000E8B9D5F80C1105F5887007F08DFE7368EB
:108BB0001A6802F1140353E8003F43F0800302F106
:108BC000140040E800310029F3D1204670BD0B4A63
:108BD00001210B4805F0BEFE6FF01504F5E7094AC8
:108BE0000121074805F0B6FE6FF00D04EDE76FF0C8
:108BF0001204EAE76FF00F04E7E700BF8C480108B2
:108C0000E0150108A448010810B5436819695868BF
:108C1000FFF782FE044608B9204610BD024A012132
:108C2000024805F097FEF7E7C4480108E01501087F
:108C30002DE9F04184B000AF43681D68002900F0C1
:108C4000B8800646884607F10C0219695868FFF794
:108C500095FD041E3EDBEB6823F40043EB60FC68EB
:108C6000002120194941001941F10001C90041EAE0
:108C70005071C00000194FEA88024FEA987341F121
:108C80000001F7F7B3FB4C4AA2FB0031490964230A
:108C900003FB11031B013233A2FB03235B0903F027
:108CA000F00202EB011203F00F0313440F2B17D94C
:108CB0004346002221462846FFF7C6FBAC680F2C2E
:108CC0008CBF00240124002C63D120461037BD4600
:108CD000BDE8F081394A0121394805F03BFEF4E74F
:108CE00031686D4600233B7202237B728AB06C466A
:108CF00014F1100216D012201AB1042801DD314BF4
:108D0000636100233B7102237B71C2B103460828D3
:108D100000DDA1610C2B01DDC4F81C8004F12003EF
:108D200000210AE06FF00040E6E701F110063E4442
:108D300016F80C6C03F8016B01310129F5D91128E3
:108D400024DD122342B10421397200217972B972F3
:108D50000121F972B8682061002121F0010121F0A0
:108D6000020121F0040121F03801012060F3881193
:108D7000C3F30A0363F35321C1F313010023104823
:108D8000F9F7FAFCAD466FF015049EE76FF01B0390
:108D9000D8E70D4C40F23D1322460C490C4805F033
:108DA000CCFA0C4805F0C9FA40F23D11204605F016
:108DB000BBFA6FF0150488E71F85EB516C39010889
:108DC000E0150108E4480108FC4801082C490108A5
:108DD000B8160108504901082DE9F0410C464368D6
:108DE0001D6803691E680B79012B04D0022B0DD17D
:108DF0004FF4806801E04FF4C0686279012A08D01E
:108E0000022A08D01ABB4FF4805706E04FF0000842
:108E1000F3E7002701E04FF4405794F806C0BCF197
:108E2000040F17D0CBB94FF0000ED91EC9B20129DB
:108E300056D913B1BCF1040F55D0B7F5805F0FD0F0
:108E4000B7F5405F0ED0002F3FD101230BE04FF468
:108E50000057E2E74FF4805EE7E74FF4805EE4E717
:108E6000002300E002239A4240D1BEF1000F2ED130
:108E7000B8F1000F32D103239C453AD1E37983B195
:108E8000012B39D1214B9D420BD0A3F54C439D4280
:108E900007D003F580639D4203D003F54C439D4208
:108EA0002DD1EB6823F40053EB60214607F07EFDE3
:108EB000002827DBEB6843F40053EB6094E80300E1
:108EC00086E803000020BDE8F0810323CBE7B8F17A
:108ED000000F01D10423CFE70323CDE70223CBE723
:108EE0006FF08500EFE76FF08500ECE76FF085002D
:108EF000E9E76FF08500E6E76FF08500E3E76FF0E4
:108F00008500E0E76FF08500DDE700BF001001405D
:108F1000F8B505464668346803691F68E36823F4BA
:108F20000053E360B06807F020FE08B306F10800C4
:108F300007F0C3FC04F10C0353E8003F43F00C03BB
:108F400004F10C0141E80032002AF3D139462846E9
:108F500007F02CFD002813DB337E1BB1636943F05F
:108F600008036361E36843F40053E3600020F8BD45
:108F7000054A0121054805F0EDFC6FF01200F6E707
:108F80006FF01500F3E700BF4C310108E015010850
:108F9000F8B5054643681E680469E060A06920B121
:108FA00007F0E3FD002800F0A580D4F8B00020B160
:108FB00007F0DBFD002800F0A0806B6828691A68C4
:108FC00002F1140353E8003F23F0400302F11407B9
:108FD00047E800310029F3D1002380F8A8306B68FE
:108FE0001A6802F1140353E8003F23F0800302F1F2
:108FF000140040E800310029F3D1414904F1780020
:1090000001F0B0FD3F4904F5887001F0ABFD04F1BB
:10901000440720220021384604F0FCFA0436666436
:1090200094F83D3033B994F86030022262F3830340
:1090300084F8603094F83E3033B994F860300222FE
:1090400062F3051384F8603094F82330C3F34013BF
:1090500094F8602063F3861284F86020D2B263F340
:10906000C71284F86020226C94F8613062F3030325
:1090700084F86130276365630021C4F84811C4F89F
:109080004C1104F1DC072022384604F0C3FAC4F87E
:10909000E06094F8D53033B994F8F830022262F3E6
:1090A000830384F8F83094F8D63033B994F8F83064
:1090B000022262F3051384F8F83094F8BB30C3F34E
:1090C000401394F8F82063F3861284F8F820D2B2A3
:1090D00063F3C71284F8F820D4F8D82094F8F93054
:1090E00062F3030384F8F930C4F8C870C4F8CC50B4
:1090F0000020F8BD6FF01200FBE76FF01200F8E7F8
:1091000021080108AD0801084FF0E0239A691969A8
:109110009B6900B103600AB90C4A12680BB90B4B8A
:109120001B6811F4803F01D19A4208D208490A68AD
:109130000648006802440A604FF0E0221269034AC0
:109140001068C31A024A1068184470476C10002057
:10915000601000200A4B102283F82320094B4FF4A3
:10916000D2621A60084B094A1A600020084B186046
:109170004FF0E023013A5A61986107221A61704763
:1091800000ED00E0681000206C100020409002000C
:1091900060100020684620F007018D4679B503F085
:1091A0001DFF04460020FFF7AFFF13480368134A72
:1091B0000026156851685B1941F100011360516088
:1091C00006600F4D2A6869689B1A0E48A0FB0303CE
:1091D000D80B0D4B00FB03F3D21841F100012A60BC
:1091E00069600A4B1E60214603F04CFEFAF7B0FCA2
:1091F000BDE879408546704760100020B00A002025
:10920000A80A002009A4EE3140900200641000205A
:1092100030B583B0054607F0FBFD80F0010010F08B
:10922000FF0F4BD101A8FFF76FFF414B1968414C6D
:1092300023686268C31842F1000023606060002464
:109240003D4A14603D4C226864689A1A60EB040E33
:10925000BEF1000F42DB3A4B18680024281844EB9B
:1092600004054FEA850C4CEA907C83001B1845EB03
:109270000C0C4FEACC0C4CEA537CDB001B1845EB82
:109280000C0C4FEA8C1C4CEA936C9B011B1845EBB1
:109290000C05AD0145EA93659B019B1A65EB0E0534
:1092A000284A12689A42AC411ADA1A46B3F1807F12
:1092B00075F1000514DB6FF07F4211E0224C40F2A3
:1092C000791322462149224805F037F8214805F054
:1092D00034F840F27911204605F026F8194B1A6847
:1092E000134B1A604FF0E0239869013A5A6100224B
:1092F0009A6103F550634FF000725A60019B8342FC
:109300000BD2091A0B440B490A684868D21840F17D
:1093100000000A60486003B030BD1B1A05490A68A6
:109320004868D21840F100000A604860F3E700BFC7
:109330006C100020B00A002060100020A80A002055
:10934000641000206810002090490108C4490108F9
:10935000B8160108DC49010810B507F059FD80F086
:10936000010010F0FF0F0FD10F4B1C680F4B1B6853
:10937000E41A0020FFF7C8FE20440D4BA3FB003089
:10938000C00B0C4B186010BD0B4C40F21E23224644
:109390000A490B4804F0D1FF0A4804F0CEFF40F21E
:1093A0001E21204604F0C0FFB00A0020A80A0020B9
:1093B00009A4EE316410002090490108C449010855
:1093C000B8160108DC49010808B5334B9B6803F067
:1093D0000C03042B5BD0082B5BD12F4B5A6802F097
:1093E0003F025B6813F4800F2CD02B4B5868C0F3FE
:1093F00088104FEA401CBCEB000C6EEB0E0E4FEADF
:109400008E1343EA9C634FEA8C11B1EB0C0163EBC2
:109410000E03DB0043EA5173C90011EB000C43F16A
:109420000003590200234FEA4C2041EADC51F6F7D1
:10943000DDFF194B5B68C3F3014301335B00B0FBF5
:10944000F3F008BD144B5868C0F388104FEA401C75
:10945000BCEB000C6EEB0E0E4FEA8E1343EA9C63DE
:109460004FEA8C11B1EB0C0163EB0E03DB0043EA16
:109470005173C90011EB000C43F100039902002362
:109480004FEA8C2041EA9C51F6F7B0FFD1E7034840
:10949000D7E70348D5E700BF0038024000127A0042
:1094A0000024F40030B59368D4682343146923433F
:1094B0005469234394692343D4692343946A23431F
:1094C0001C4C615C01EB000C445824F45F3E2EF40C
:1094D000787E43EA0E034350D36AA3B1DCF814400C
:1094E00024F00704156B2B432343CCF81430536B43
:1094F000445824F0C07423434350936B445824F4DD
:10950000C004234343505368CCF80C301368CCF8A4
:109510000830136ADCF804406FF30F042343CCF8DF
:109520000430536A425822F06062134343500020D3
:1095300030BD00BF7C5E01080246002850D02A4B97
:109540001B6813F480431DD0284B984204D8284B45
:10955000984212D9002300E0052383B125498A42AD
:1095600001D903B9032324498A4200D94BB12349C5
:109570008A4207D933B9012304E00023EEE704232C
:10958000ECE702231849096811F4804F14D11849F7
:109590008A4201D903B9042316498A4201D903B981
:1095A000032315498A4200D92BB114498A4203D9B1
:1095B00013B9012300E0022311490A6822F00702CF
:1095C0001A430A6002210E4A126802F007020139AA
:1095D000934201D00029F6D1934203D00120704775
:1095E00001207047002070470070004080D1F008D3
:1095F000000E2707804A5D050087930380C3C901D9
:10960000003C024070B50446436913B398470546D1
:1096100040B110F1FF0F0CD34542FF2D00DDFF25B7
:10962000E3681D70E268537843F0010353706842A9
:1096300070BD094E212332460849094804F07DFED9
:109640002A462168074804F078FE2121304604F0BC
:109650006BFE0025E6E700BFFC490108204A01082F
:10966000B8160108384A010804280CD8DFE800F0D1
:10967000030D05070900064870470648704706486D
:10968000704706487047064870470648704700BF55
:10969000604A0108844A0108944A0108A04A010866
:1096A000B04A0108704A010830B108B507F069FBFB
:1096B00020B1037823B108BD024870470148FAE79A
:1096C0000048F8E7C04A010810B50446F8F7DCFE88
:1096D000034A0121034805F03DF9204607F055FAF9
:1096E000C84A0108A01501082DE9F04782B000AF73
:1096F00005460C46EFF31188102383F31288BFF35D
:109700006F8FDFF8E491D9F80860FFF7ADFF99F8A3
:109710001010E94601233B7103237B718AB0EC46AC
:109720001CF1100221D04FF0160E5AB17346BEF153
:10973000040F03DDDFF8B4A1CCF814A0082B01DD81
:10974000CCF8185001233B7003237B70D2B17346D1
:10975000BEF10C0F01DDCCF81C00102B01DDCCF8A4
:1097600020100CF1240300210AE06FF0004EDCE72A
:1097700001F10800384410F8080C03F8010B01311E
:109780000129F5D9BEF1150F50DD16234AB1052187
:10979000397100217971B9710121F9717868CCF8BA
:1097A0001000002121F0010121F0020121F004014B
:1097B00021F03801012060F38811C3F30A0363F339
:1097C0005321C1F3130100234948F8F7D5FFCD46D3
:1097D0001CB1E369C3F308035BBB3046FFF764FFCA
:1097E000E94601233B7103237B718AB0EC461CF1EF
:1097F000100224D04FF0120E52B17346BEF1040F86
:1098000002DD3C49CCF81410082B01DDCCF81860BF
:1098100001233B7003237B70F2B1BEF10C0F01DD1D
:10982000CCF81C000CF12003002113E06FF01B03A7
:10983000ACE7314A01212E4805F08CF8CDE76FF0F6
:10984000004ED9E701F10800384410F8080C03F87D
:10985000010B01310129F5D9BEF1110F33DD1223BE
:109860004AB10421397100217971B9710121F9716D
:109870007868CCF81000002121F0010121F00201EC
:1098800021F0040121F03801012060F38811C3F3B5
:109890000A0363F35321C1F3130100231448F8F7BB
:1098A0006BFFCD4621462846FFF70EFF042D0DD055
:1098B00088F31188BFF36F8F3046FAF759F90837EC
:1098C000BD46BDE8F0876FF01B03C9E70B4C9B2337
:1098D00022460B490B4804F030FD0B4804F02DFDE7
:1098E0009B21204604F020FD70100020D84A01087A
:1098F000A0150108244B0108004B01083C4B01084E
:10990000604B0108B8160108804B010810B586B0FD
:10991000104C04EBC01400EB400C00EB80000E4B2D
:1099200003EB800300220592012104910F21039192
:10993000029201920093094B4FF4A072084901EB87
:10994000CC11204601F03CFA237C23F0040323745D
:1099500006B010BDB80A002070100020CD9C000891
:10996000003600200C4B0D4A934204D80B4A934218
:1099700010D21C33F7E710B5094CC723224609491A
:10998000094804F0DAFC094804F0D7FCC721204656
:1099900004F0CAFC704700BF640F0108E811010819
:1099A000B84B0108DC4B0108B8160108641E010819
:1099B00038B505460B4B53F8204002E02368984722
:1099C00008346B1C074A52F82330A34209D9606857
:1099D0000028F3D0037E13F0010FF1D1FFF712FE40
:1099E000EEE738BD845E010808B553EA020102D1F2
:1099F00001F052FA08BD0249183003F09FF8F9E768
:109A000071BE000810B586B0294C2A4B9C4218D86C
:109A1000284B9C4223D2636A0593236A0493E3692B
:109A20000393A36902936369019323690093E36835
:109A3000A2686168206801F0C3F923685C6530346E
:109A4000E3E71D4C432322461C491D4804F075FCE6
:109A50001C4804F072FC4321204604F065FC02F02F
:109A600055FC134C00E03034124B9C420ED8114B85
:109A70009C4219D2A26AE36AB3F1FF3F08BFB2F178
:109A8000FF3FF0D02068FFF7AFFFECE70A4C6723F9
:109A900022460A490A4804F050FC0A4804F04DFCEA
:109AA0006721204604F040FC02F0B4FC06B010BD73
:109AB00088130108B8130108B84B0108F44B0108DA
:109AC000B8160108641E010810B5174B01221A7060
:109AD000164C174B9C4206D8154B9C4213D254F897
:109AE000043B9847F5E7134C40F22B1322461249EA
:109AF000124804F022FC124804F01FFC40F22B1123
:109B0000204604F011FC0320FFF752FF0420FFF76A
:109B10004FFFFFF777FFF6F7E1FD0A4A938923F03D
:109B20000103938110BD00BFCB10002080130108FA
:109B300084130108B84B0108244C0108B816010829
:109B4000641E0108380B002008B50146014A02488E
:109B5000F9F7DAFFC99A0008380B002010B504465F
:109B6000FFF7D4FE0B4901EBC4110B4A04EB84034D
:109B700002EB8303D9601C7404EB4411074B03EB25
:109B8000811303F5046304EB840402EB8402536045
:109B900010BD00BFB80A002070100020C02D0020AA
:109BA00070B586B002F0AAFB104D114B5D61114BF0
:109BB00005930123049300240394029401940094D8
:109BC0000D4B4FF480620D49284601F0F9F8064626
:109BD0002B7C23F004032B74284601F0D5FC20468F
:109BE000FFF7BCFF304606B070BD00BF380B002049
:109BF00070100020504C0108C99A000880370020DE
:109C000008B50020FFF7D4FE274B83F30888274CC4
:109C1000636943F400736361F02384F82230002306
:109C2000E37723766376A37684F82030636A43F47F
:109C3000E0236362F9F776FEF9F784FF4FF0FF3314
:109C4000A362E362FAF736FAFAF70CF8F8F766FB64
:109C5000174801F011F9FFF785FEF8F747F8154CA2
:109C6000154B9C4206D8144B9C4213D254F8043B2B
:109C70009847F5E7114C40F2392322461049114824
:109C800004F05BFB104804F058FB40F239212046F9
:109C900004F04AFB0120FFF78BFE0220FFF788FE4D
:109CA000FFF77EFFFFF750FF0036002000ED00E0D9
:109CB000580C00208013010880130108B84B0108DC
:109CC000584C0108B8160108641E010810B50D4B68
:109CD0009B6893F90E30002B09DBEFF311831023FF
:109CE00083F31288BFF36F8F04F07CFFF5E7064C17
:109CF0001C2322460549064804F01FFB1C21204670
:109D000004F012FB70100020884C0108AC4C0108D4
:109D1000B8160108EFF311830BB100BF704710B5FF
:109D2000064C632322460649064804F006FB064813
:109D300004F003FB6321204604F0F6FA884C010886
:109D4000D44C0108B8160108F44C0108836863B1CB
:109D50004268036813605A60002303604360027C1A
:109D600022F0020202748360704710B5054CE323B1
:109D700022460549054804F0E0FAE321204604F0B4
:109D8000D3FA00BF244D0108504D0108B816010850
:109D90002DE9F04F83B00446884617461E469DF8CD
:109DA00030A0EFF3058393BB04F10805EFF31189AD
:109DB000102383F31288BFF36F8F284602F0B0FCA4
:109DC00080F0010010F0FF0B32D1284602F016FDA2
:109DD000626A23699A4278D22668B44237D0002E4C
:109DE00035D03046FFF7B2FF06F1180002F072FFDF
:109DF000E26841467069F6F70FFA0023B367304610
:109E000001F010FA4946284601F08CFC6EE056EA53
:109E10000203C9D0464C852322464649464804F0F1
:109E20008CFA464804F089FA8521204604F07CFA31
:109E3000434C8F23224643493F4804F07EFA29468B
:109E4000414804F07AFA8F21204604F06DFA206A26
:109E5000616988421FD3A3695A1E90421BD8A3EBA5
:109E6000000BE26893452CBF4FF0000B4FF0010B45
:109E7000BBF1000F0FD1BAF1000F17D1E069814299
:109E800021D0E069801AE0614146F6F7C5F9636ABE
:109E9000013363621EE0264CA72322462B49264845
:109EA00004F04BFAA721204604F03EFA4146F6F7AB
:109EB000B3F9236AE26813442362A2699342E6D1AC
:109EC00063692362E3E7E361DBE756EA070311D145
:109ED0006FF0220B284602F033FC80F0010010F0F6
:109EE000FF0F14D189F31188BFF36F8F584603B069
:109EF000BDE8F08F164B9B68C3F81480009701965D
:109F000022464946284602F011F88346EEE70C4CFB
:109F100040F23D1322460F49074804F00EFA294645
:109F20000D4804F00AFA40F23D11204604F0FCF915
:109F3000684D01088C4D0108B8160108D44D010880
:109F4000501A0108801A0108981A0108D84D010812
:109F500070100020B01A0108C81A01082DE9F0435A
:109F600083B00446884617461E46EFF305836BBB55
:109F700004F10805EFF31189102383F31288BFF36E
:109F80006F8F284602F0CCFB80F0010010F0FF0F2D
:109F90002FD1284602F032FC636A002B38D156EAF2
:109FA000070340F089806FF02206284602F0C8FBC4
:109FB00080F0010010F0FF0F40F08B8089F31188D2
:109FC000BFF36F8F304603B0BDE8F08356EA02035B
:109FD000CED0484C40F2211322464749474804F06E
:109FE000ACF9474804F0A9F940F22111204604F0E9
:109FF0009BF9444C8F2322464349404804F09DF985
:10A000002946424804F099F98F21204604F08CF942
:10A01000E268E1694046F6F7FFF8E269E668324433
:10A02000E261A3699A4234D0626A013A6262226AAA
:10A0300061698A4230D3591E8A422DD89B1A9E42AA
:10A0400094BF002601263EBB2768BC42ADD0002F3E
:10A05000ABD03846FFF77AFE07F1180002F03AFE5F
:10A06000E2687969206AF6F7D7F8236AE268134450
:10A070002362A26993421CD0636A013363620023A6
:10A08000BB67384601F0CEF84946284601F04AFB46
:10A0900098E76269E261C7E7164C4FF49B7322466A
:10A0A0001B49164804F049F94FF49B71204604F00F
:10A0B0003BF963692362DFE7164B9B68C3F81480A2
:10A0C0000097019622464946284601F02FFF064692
:10A0D00078E70C4C40F23D1322460F49074804F044
:10A0E0002CF929460D4804F028F940F23D1120468C
:10A0F00004F01AF9684D01088C4D0108B8160108E2
:10A10000D44D0108501A0108801A0108981A010854
:10A11000D84D010870100020B01A0108C81A0108B3
:10A12000836863B14268036813605A600023036068
:10A130004360027C22F0020202748360704710B513
:10A14000054CE32322460549054804F0F6F8E321CF
:10A15000204604F0E9F800BF244D0108504D0108E5
:10A16000B816010870B50546EFF31186102383F386
:10A170001288BFF36F8F2B4802F0D2FA80F00100F3
:10A1800010F0FF0F18D1274802F038FB2C68A542C9
:10A1900021D004B32046FFF7C3FF04F1180002F0FA
:10A1A00099FD0023A3676361204601F03BF8314627
:10A1B0001C4801F0B7FA70BD1B4C8F2322461B4987
:10A1C0001B4804F0BAF817491A4804F0B6F88F2172
:10A1D000204604F0A9F8AB68EA6893420FD0012248
:10A1E0001344AB600F4802F0ABFA80F0010010F0AE
:10A1F000FF0F06D186F31188BFF36F8FDBE70022D4
:10A20000EEE7094C40F23D1322460B49084804F0A2
:10A2100094F80449094804F090F840F23D112046B2
:10A2200004F082F890100020501A0108801A0108EA
:10A23000B8160108981A0108B01A0108C81A0108CE
:10A24000F0B583B0044616461F46EFF3058121BBE7
:10A25000EFF31185102383F31288BFF36F8F3D480E
:10A2600002F05EFA80F0010010F0FF0F26D13948AD
:10A2700002F0C4FAA168002940D00139A160354834
:10A2800002F05EFA80F0010010F0FF0025D185F3A6
:10A290001188BFF36F8F03B0F0BD57EA0203D7D028
:10A2A0002D4C832322462D492D4804F046F82D4895
:10A2B00004F043F88321204604F036F82A4C8F231B
:10A2C00022462A49264804F038F82249284804F052
:10A2D00034F88F21204604F027F8234C40F23D1338
:10A2E000224624491E4804F028F81A49224804F05E
:10A2F00024F840F23D11204604F016F857EA060310
:10A300001FD1144802F01CFA80F0010010F0FF0F7A
:10A3100006D185F31188BFF36F8F6FF00F00BAE796
:10A32000114C40F23D13224612490D4804F005F845
:10A330000849114804F001F840F23D11204603F0AD
:10A34000F3FF0096019722462946024801F0EEFDF0
:10A35000A1E700BF90100020804E0108A04E010828
:10A36000B8160108D44D0108501A0108801A0108D6
:10A37000981A0108B01A0108C81A0108F8B505466C
:10A38000EFF31187102383F31288BFF36F8F2D48EB
:10A3900002F0C6F980F0010010F0FF0F04D1294847
:10A3A00002F02CFA002611E0274C8F232246274981
:10A3B000274803F0C2FF2349264803F0BEFF8F2140
:10A3C000204603F0B1FF0023BBB11E462C68A54216
:10A3D000F9D084B12046FFF7A3FE04F1180002F083
:10A3E00079FC6FF00A03A36700236361204600F045
:10A3F00019FF0123E8E70023E6E7AB6026B1394601
:10A40000104801F08FF9F8BD0E4802F099F980F07C
:10A41000010010F0FF0F04D187F31188BFF36F8F95
:10A42000F1E7094C40F23D1322460B49084803F07E
:10A4300084FF0449094803F080FF40F23D112046A3
:10A4400003F072FF90100020501A0108801A0108D2
:10A45000B8160108981A0108B01A0108C81A0108AC
:10A4600000B583B0064B00934FF0FF334FF480628A
:10A470000449054800F0F4FA03B05DF804FB00BF9E
:10A480009C5E0108C03B0020B80B0020836863B1CC
:10A490004268036813605A60002303604360027CD3
:10A4A00022F0020202748360704710B5054CE3236A
:10A4B00022460549054803F040FFE321204603F00A
:10A4C00033FF00BF244D0108504D0108B8160108A4
:10A4D00080B338B50D4604461C4B9A68D0F88030DE
:10A4E0009A421BD000231A46D4F89C30C3F3800153
:10A4F000C3F3C00013F0010F1FD001B102B300B1CC
:10A5000009B300232B60D4F8883073B11D60C4F800
:10A510008850204606F09DFB012038BD06F028FC3F
:10A5200008B90123DFE70023DDE7C4F88850C4F849
:10A530008450EEE76FF0150070476FF01200ECE703
:10A540006FF00F00E9E76FF00F00E6E770100020F2
:10A5500070B50D46C36813F0020F30D1044613F0F6
:10A56000040F31D10B68B3B1E36813F0010F22D0AF
:10A57000A3689BB12B60022621462868FFF7A8FF3D
:10A5800000281EDBE36843F00403E3602B68A3604C
:10A590009EB1304617E083680B60E5E70B4C40F254
:10A5A000571322460A490B4803F0C7FE40F25711E1
:10A5B000204603F0B9FE0126DEE7304601E06FF0E9
:10A5C0000F0000232B6070BD0020FAE7FC4E01084D
:10A5D000204F0108B816010870B582B00446A0F1FA
:10A5E0001006EFF31185102383F31288BFF36F8FEA
:10A5F000254802F095F880F0010010F0FF0F1BD104
:10A60000214802F0FBF80023019354F8043C23F0A6
:10A61000080244F8042C13F0080F1CD11A4802F069
:10A620008FF880F0010010F0FF0F1BD185F3118827
:10A63000BFF36F8F02B070BD144C8F2322461449B4
:10A64000144803F07AFE1049134803F076FE8F2178
:10A65000204603F069FEA369019301A93046FFF784
:10A6600077FFDBE7094C40F23D1322460B490948CE
:10A6700003F063FE04490A4803F05FFE40F23D1117
:10A68000204603F051FE00BF9C100020501A010824
:10A69000801A0108B8160108981A0108B01A0108B2
:10A6A000C81A0108F8B504460D46C368C3F3C006CE
:10A6B00023F00802C26013F0080F21D13046F8BD24
:10A6C000234C40F23D1322462249234803F035FE35
:10A6D0002249234803F031FE40F23D11204603F0A9
:10A6E00023FE1B4C8F2322461E491B4803F025FEE8
:10A6F0001A491D4803F021FE8F21204603F014FE65
:10A7000004F1100002F0E6FA10F10B0FD6D12F6819
:10A71000124802F015F880F0010313F0FF0FCFD1BB
:10A7200087F31188BFF36F8FEFF31187102383F343
:10A730001288BFF36F8F094801F0F2FF80F0010328
:10A7400013F0FF0FCDD1054802F058F82F60D7E77E
:10A75000501A0108B01A0108B81601089C10002010
:10A76000C81A0108801A0108981A010810B5C368B0
:10A7700023F00203C360134B1C687CB1236803B150
:10A780000CB100210FE02346FBE722460D4806F0FE
:10A790001BFA04F10800FFF7E5FC10BD2346F0E7C3
:10A7A0001A461C461346002CF7D062688242ECD051
:10A7B0002146002BF4D01A68002AF2D0002BF0D1E9
:10A7C0001A46EEE794100020F0B585B00546EFF389
:10A7D0001186102383F31288BFF36F8F8A4801F02C
:10A7E0009FFF80F0010010F0FF0F71D1864802F04A
:10A7F00005F8D5F88440002C79D02368C5F884305A
:10A80000D5F88820944200F08F80D5F89C3043F032
:10A810000203C5F89C30E36843F00102E26023F0D4
:10A82000040343F00103E3606768774801F088FFA1
:10A8300080F0010010F0FF0F40F09F8086F3118838
:10A84000BFF36F8F002F00F0A9802046B847EFF3C9
:10A850001187102383F31288BFF36F8F6A4801F0CA
:10A860005FFF80F0010010F0FF0640F0A480664812
:10A8700001F0C4FFE36823F00103E36013F0100F5D
:10A8800040F0A880E36813F0020F40F0A780D5F8ED
:10A890009C3023F00203C5F89C3013F4807F03D171
:10A8A000D5F8843003B1012606F00106564801F0C0
:10A8B00047FF80F0010010F0FF0F40F0938087F316
:10A8C0001188BFF36F8F002E81D000F009FC7EE766
:10A8D0004E4C8F2322464E494E4803F02EFD4A49E6
:10A8E0004D4803F02AFD8F21204603F01DFDD5F8C9
:10A8F0009C3023F00402C5F89C2013F0040F16D1FD
:10A9000012F0100F19D00023C5F89C303E4801F01A
:10A9100017FF80F0010010F0FF0F1DD186F31188A2
:10A92000BFF36F8F05B0F0BDC5F888306DE700222A
:10A93000012105F1940006F0AAF9002302934FF0DB
:10A94000FF324FF0FF33CDE9002305F18C02314691
:10A950002D4801F0C5FD3AE72C4C40F23D1322464C
:10A960002E492C4803F0E9FC27492D4803F0E5FC6B
:10A9700040F23D11204603F0D7FC244C40F23D1339
:10A9800022462649234803F0D8FC1F49244803F0F7
:10A99000D4FC40F23D11204603F0C6FC214C4FF49C
:10A9A0003C73224620491B4803F0C7FC4FF43C711E
:10A9B000204603F0B9FC154C8F2322461449154854
:10A9C00003F0BBFC1049144803F0B7FC8F2120466C
:10A9D00003F0AAFC204606F084F953E72046FFF76F
:10A9E000C5FE54E7094C40F23D1322460B49094885
:10A9F00003F0A3FC04490A4803F09FFC40F23D1118
:10AA0000204603F091FC00BF9C100020501A010862
:10AA1000801A0108B8160108981A0108B01A01082E
:10AA2000C81A0108FC4E01083C4F010808B58446CD
:10AA3000084653EA02010CD0C16841F00801C16028
:10AA4000DCF8001081620549103002F077F801202F
:10AA500008BD6146FFF77CFDFAE700BFD9A50008F5
:10AA6000F0B589B00E9D002843D0044600294DD092
:10AA7000D0F89C0010F0010F55D10020C4F88400DC
:10AA8000C4F8880004F18C00C4F88C00C4F890006D
:10AA900004F19400C4F89400C4F89800002D4FD03D
:10AAA000287900284ED10120C4F89C004FF0FF36D1
:10AAB0004FF0FF37CDE90667002004900393029022
:10AAC00001900094214B204600F058FA55B12968B6
:10AAD00011B1204606F052F96B791BB1A38943F0FE
:10AAE0000103A381204600F0D7F9C4F8804009B0E3
:10AAF000F0BD174C4FF4547322461649164803F024
:10AB00001CFC4FF45471204603F00EFC104C40F234
:10AB1000513322461149104803F00FFC40F25131E5
:10AB2000204603F001FC0A4C40F2523322460C4905
:10AB3000094803F002FC40F25231204603F0F4FBD6
:10AB40000120B1E740F20110AEE700BFC9A700083D
:10AB5000FC4E0108A04F0108B8160108A84F0108D3
:10AB60006C4F010838B558B10C460546A9B13022E2
:10AB7000002102F04FFD6C604FF48073EB6038BD34
:10AB80000C4C40F2054322460B490C4803F0D5FB20
:10AB900040F20541204603F0C7FB064C40F2064355
:10ABA00022460749054803F0C8FB40F2064120460B
:10ABB00003F0BAFBFC4E0108B04F0108B8160108BB
:10ABC0003C4F01082DE9F04184B00190A8B30C4638
:10ABD00017461E4600293DD0EFF31188102383F35A
:10ABE0001288BFF36F8F324801F09AFD80F00100A8
:10ABF00010F0FF0F3BD12E4D284601F0FFFDCDF8A0
:10AC00000C8003A92046FFF74DFD3A463346214606
:10AC100001A8FFF70BFF0446039E284601F090FDB4
:10AC200080F0010313F0FF0F30D186F31188BFF3DA
:10AC30006F8F204604B0BDE8F0811E4C40F2AC435B
:10AC400022461D491D4803F078FB40F2AC412046E6
:10AC500003F06AFB174C40F2AD43224618491748EF
:10AC600003F06BFB40F2AD41204603F05DFB154C59
:10AC70008F2322461449114803F05FFB0C49134807
:10AC800003F05BFB8F21204603F04EFB0D4C40F29E
:10AC90003D1322460E49094803F04FFB29460D4853
:10ACA00003F04BFB40F23D11204603F03DFB00BF9B
:10ACB0009C100020FC4E0108544F0108B8160108F2
:10ACC000B04F0108501A0108801A0108981A0108AB
:10ACD000B01A0108C81A010808B501460148FFF773
:10ACE00071FF08BDB80B002070B582B048B30446B0
:10ACF000EFF31186102383F31288BFF36F8F274879
:10AD000001F00EFD80F0010010F0FF0F26D1234D61
:10AD1000284601F073FD019601A9204605F0D9FFF0
:10AD20000446019E284601F00BFD80F0010313F05C
:10AD3000FF0F22D186F31188BFF36F8F204602B038
:10AD400070BD174C40F2CE4322461649164803F018
:10AD5000F4FA40F2CE41204603F0E6FA134C8F237A
:10AD600022461349104803F0E8FA0C49114803F051
:10AD7000E4FA8F21204603F0D7FA0C4C40F23D1341
:10AD800022460D49084803F0D8FA29460B4803F03B
:10AD9000D4FA40F23D11204603F0C6FA9C10002080
:10ADA000FC4E0108B04F0108B8160108501A0108FE
:10ADB000801A0108981A0108B01A0108C81A010877
:10ADC0002DE9F04184B004460D4690461F460D9E85
:10ADD0000F2E29D1224B9F4226D104F15803A3659F
:10ADE000E3650E9B04223146204605F0CCFF424627
:10ADF0002946204605F0A1FF06460C9B02930B9BBB
:10AE000001930A9B00933B46024629462046F8F7E9
:10AE10005BFE00236365134B9B68EBB1DB6EE3665F
:10AE2000304604B0BDE8F08106F110031E2BD4D9E2
:10AE30000D4C40F2793322460C490D4803F07DFA5F
:10AE40006FF00F030E2231460A4803F076FA40F203
:10AE50007931204603F068FA0023E366E0E700BF9B
:10AE6000CD9C000870100020C84F0108EC4F01086D
:10AE7000B81601086C50010810B50446012303748C
:10AE8000838100230366436602F092FB014B9C60C2
:10AE900010BD00BF7010002038B50446EFF31185D7
:10AEA000102383F31288BFF36F8F264801F038FC1C
:10AEB00080F0010010F0FF0F16D1224801F09EFC37
:10AEC000237C13F0040F1ED004F1180001F002FFE0
:10AED000237C23F004032374204600F0A3F92946C1
:10AEE000184800F01FFC38BD174C8F232246174925
:10AEF000174803F022FA1349164803F01EFA8F216F
:10AF0000204603F011FA0F4801F01AFC80F001000E
:10AF100010F0FF0F04D185F31188BFF36F8FE2E7C4
:10AF2000094C40F23D1322460B49094803F005FA4B
:10AF300004490A4803F001FA40F23D11204603F0AB
:10AF4000F3F900BFA0100020501A0108801A010870
:10AF5000B8160108981A0108B01A0108C81A0108A1
:10AF600008B553EA020102D1FFF796FF08BD024976
:10AF7000183001F0E3FDF9E771BE000870B586B046
:10AF80000446109E119DEFF30580B8B9002005908E
:10AF90000E9804900D9803900C9802900B980190D5
:10AFA0000A9800902046FFF70BFFB5F1FF3F08BF5E
:10AFB000B6F1FF3F12D1204606B070BD0A4C40F2F8
:10AFC000EA33224609490A4803F0B7F9094803F071
:10AFD000B4F940F2EA31204603F0A6F932462B4696
:10AFE0002046FFF7BDFFE6E7C84F0108A050010863
:10AFF000B8160108B450010870B50446838903F0FF
:10B000000105EFF31186102383F31288BFF36F8FCE
:10B01000294801F085FB80F0010010F0FF0F13D1EB
:10B02000254801F0EBFB237C13F0080F2CD02248BD
:10B0300001F086FB80F0010010F0FF0F13D186F3C2
:10B040001188BFF36F8F25E01C4C8F2322461C49CB
:10B050001C4803F072F918491B4803F06EF98F2160
:10B06000204603F061F9154C40F23D132246174982
:10B07000144803F062F91049154803F05EF940F2F4
:10B080003D11204603F050F901223146204600F0E0
:10B09000ADFC05B970BD0F4D40F2C2632A460E49A2
:10B0A000084803F04AF921460C4803F046F940F2FB
:10B0B000C261284603F038F9A0100020501A010898
:10B0C000801A0108B8160108981A0108B01A010878
:10B0D000C81A0108C84F0108DC500108E8500108EF
:10B0E00010B5EFF3058313B900F0ACFB10BD084CAD
:10B0F0004FF4E76322460749074803F01EF9074863
:10B1000003F01BF94FF4E761204603F00DF900BF8F
:10B11000C84F0108A0500108B8160108D44D010815
:10B12000836863B14268036813605A600023036058
:10B130004360027C22F0020202748360704710B503
:10B14000054CE32322460549054803F0F6F8E321C0
:10B15000204603F0E9F800BF244D0108504D0108D6
:10B16000B816010810B50446002101F071FB094A28
:10B1700093685C676FF00A01996707494B6843F071
:10B1800080534B60002383F31188BFF36F8F936864
:10B19000986F10BD7010002000ED00E010B5204B3E
:10B1A0009A68DB699A4205D01368516812680A6090
:10B1B000516006E00023F8E7194AD269934212D0A1
:10B1C0001B6883B1164A906890F90E1093F90E200F
:10B1D0009142F1D0521A002AEEDD5A6842600360B3
:10B1E0001060586008E00E4B9A68D96903F11800A6
:10B1F000106051600A60DA61094B53F8184F9C42A5
:10B200000AD04CB1064B9B689C4202D0204605F008
:10B21000F9FD034B5C6110BD014BDC68F2E700BF38
:10B2200070100020037C90F91020002A7DDB13F0C1
:10B230001F0F7AD110B543F0800303743B4A90424C
:10B240003ED013F0010F46D1394A52F8183F9342CD
:10B2500055D083B190F90E1093F90E20914202D08F
:10B26000521A002A42DC1946314AD269934202D06E
:10B270001B68002B40D12E4BDA6903F118010160E5
:10B2800042601060D8612A4B53F8184F9C4238D066
:10B29000002C36D0264B9B68002B35D01A7C12F040
:10B2A0001F0F05D1DA897F2A02D9A269002A39D075
:10B2B000A34202D0204605F0A5FD1D4B5C6110BDE8
:10B2C0001C4C352322461C491C4803F036F8352116
:10B2D000204603F029F8174C362322461849174810
:10B2E00003F02BF83621204603F01EF85A6842601E
:10B2F000036010605860C6E70029AAD1BBE70023AD
:10B30000A7E70B4BDC68C5E70E4CEA2322460E4943
:10B310000A4803F012F80D4803F00FF8EA2120461E
:10B3200003F002F8024A5361C9E77047B80A0020E7
:10B33000701000200851010834510108B8160108A6
:10B340005851010874510108A0510108D44D010859
:10B350002DE9F84305460C467D4B9E68337C13F07F
:10B36000600F32D013F0200F3DD008271F422CD1A0
:10B370003B43337413F0800F37D1082F5CD04FF06C
:10B380000009734B53F8188F984500F0B480B8F15A
:10B39000000F00F0B0806E4B9B68434502D04046E2
:10B3A00005F030FD6A4BC3F81480102F0DD03046E5
:10B3B00003F00EFCB9F1000F07D07269654B9A4299
:10B3C00000F09D806448FFF757FD644801F0B8F92C
:10B3D00080F0010010F0FF0F40F0958084F3118899
:10B3E000BFF36F8FADE01027C0E703F07F03337426
:10B3F0005B4A96420AD013F0010F12D1726833688B
:10B4000013605A60002333607360B6E7554C3D23E8
:10B4100022465549554802F090FF3D21204602F052
:10B4200083FF504C3E2322465149504802F085FF8D
:10B430003E21204602F078FFB36813B13046FFF793
:10B440006FFE06F1180001F045FC10F10B0F3ED124
:10B45000424801F075F980F0010010F0FF0F16D19D
:10B4600084F31188BFF36F8FEFF31184102383F3FC
:10B470001288BFF36F8F394801F052F980F0010054
:10B4800010F0FF0F14D1354801F0B8F9D9E7394C65
:10B4900040F23D1322463849344802F04EFF2F490E
:10B4A000364802F04AFF40F23D11204602F03CFFD0
:10B4B000304C8F23224632492C4802F03EFF274968
:10B4C000304802F03AFF8F21204602F02DFF06F1AE
:10B4D000580005F06AFC1E4B9B689E4202D04FF05C
:10B4E00000094EE7EFF3058313B94FF0000948E771
:10B4F0004FF0010945E7164BD3F80C804BE70120CC
:10B5000001F096F95EE71B4C40F23D1322461A49C2
:10B51000164802F012FF1149184802F00EFF40F2DF
:10B520003D11204602F000FFEFF31184102383F356
:10B530001288BFF36F8FFEF7EDFB84F31188BFF322
:10B540006F8F2B7C13F0600FEED1BDE8F88300BF46
:10B550007010002028600108580C0020A010002066
:10B56000B80A00200851010834510108B816010832
:10B5700058510108501A0108B01A0108C81A0108E8
:10B58000801A0108981A010870B50546EFF3118674
:10B59000102383F31288BFF36F8F224801F0C0F8A5
:10B5A00080F0010010F0FF0F04D100241D4801F0CD
:10B5B00025F91BE01C4C8F2322461C491C4802F035
:10B5C000BCFE18491B4802F0B8FE8F21204602F04D
:10B5D000ABFE144801F0B4F880F0010010F0FF0F4A
:10B5E0000ED186F31188BFF36F8F0124CCB92846A2
:10B5F00005F0D9FB0028ECD12846FFF713FEE8E759
:10B60000094C40F23D1322460B49094802F095FED1
:10B6100004490A4802F091FE40F23D11204602F032
:10B6200083FE70BDA0100020501A0108801A010886
:10B63000B8160108981A0108B01A0108C81A0108BA
:10B6400010B5037C90F91020002A1DDB2C4B9A6862
:10B6500053F8184F9C423ED0002C3CD082420BD075
:10B66000002A3BD0137C13F01F0F05D1D3897F2B09
:10B6700002D9A369002B3FD0A24202D0204605F098
:10B68000C1FB1F4B5C6110BD03F07F0303741D4AB7
:10B6900090420AD013F0010F12D142680368136080
:10B6A0005A60002303604360D0E7174C3D232246D5
:10B6B0001649174802F041FE3D21204602F034FEB3
:10B6C000114C3E2322461349114802F036FE3E211A
:10B6D000204602F029FE0A4BDC68BFE70E4CEA2345
:10B6E00022460E490A4802F028FE0D4802F025FEC7
:10B6F000EA21204602F018FE014B5A61C3E700BF61
:10B7000070100020B80A00200851010834510108C7
:10B71000B81601085851010874510108A0510108D8
:10B72000D44D010838B504460D4619BBEFF3058327
:10B7300003BB1F4B5A699B689A421BD001F000F86B
:10B7400080F0010010F0FF0F03D12846FFF70AFD3B
:10B750001CE0184D4FF4BF732A461749174802F0F2
:10B76000ECFD2146164802F0E8FD4FF4BF71284673
:10B7700002F0DAFD204600F0E3FF80F0010010F057
:10B78000FF0F04D185F31188BFF36F8F38BD094DCA
:10B7900040F23D132A460849084802F0CEFD2146F2
:10B7A000074802F0CAFD40F23D11284602F0BCFDF8
:10B7B00070100020501A0108B01A0108B8160108CC
:10B7C000C81A010838B50546184B53F8184F9C4263
:10B7D00018D0BCB1154B9B68BBB11A7C12F01F0F7F
:10B7E00004D1DA897F2A01D9A269E2B1A34202D049
:10B7F000204605F007FB0D4B5C6129460C48FFF71E
:10B8000091FF38BD094BDC68E4E70A4CEA23224685
:10B8100009490A4802F091FD094802F08EFDEA212B
:10B82000204602F081FD014A5361E6E770100020D6
:10B83000A010002074510108A0510108B816010899
:10B84000D44D010838B5EFF31184102383F3128827
:10B85000BFF36F8F3A4800F063FF80F0010010F0F3
:10B86000FF0F0DD1364800F0C9FF364B9A68DB69EF
:10B870009A4214D01368516812680A60516015E04A
:10B88000314C8F2322463149314802F056FD2C4974
:10B89000304802F052FD8F21204602F045FD002382
:10B8A000E9E7284AD269934212D01B6883B1254A3E
:10B8B000906890F90E1093F90E209142F1D0521A2F
:10B8C000002AEEDD5A68426003601060586008E0AC
:10B8D0001C4B9A68D96903F11800106051600A6026
:10B8E000DA61184B53F8185F9D4215D0A5B1154B7E
:10B8F0009B689D4202D0284605F084FA114B5D6199
:10B900000F4800F01DFF80F0010010F0FF0F06D17E
:10B910002046FFF727FC38BD0A4BDD68E7E70A4CF5
:10B920004FF4BF7322460C49094802F006FD044952
:10B930000A4802F002FD4FF4BF71204602F0F4FC09
:10B94000A010002070100020501A0108801A010871
:10B95000B8160108981A0108B01A0108C81A010897
:10B9600038B583687BB904460D46FFF769FE237C32
:10B9700043F002032374002D31D0A5602B689D4253
:10B9800014D1002312E0164C40F2991322461549B7
:10B99000154802F0D2FC40F29911204602F0C4FC96
:10B9A00019466A68934215D01B687BB993B194F924
:10B9B0000E1093F90E209142F2D0521A002AEFDDB8
:10B9C0005A686260236014605C6008E00029EDD171
:10B9D0000B46EBE76B68256063601C606C6038BDEC
:10B9E000C8510108EC510108B81601082DE9F843C7
:10B9F00004460D46164600F1580705F0D4F9002814
:10BA000038D0237C96B1202213432374EFF30583AF
:10BA100073B129462046FFF79BFC04F1180001F0A2
:10BA200059F910F10B0FF8D0BDE8F8834022EBE78D
:10BA30003946B34B9868FFF793FFB24800F080FE99
:10BA400080F0010010F0FF0F03D12846FFF78AFBBA
:10BA5000E3E7AD4C4FF4BF732246AC49AC4802F06B
:10BA60006CFCA849AB4802F068FC4FF4BF7120465B
:10BA700002F05AFC002E46D04FF00808237C18EA4A
:10BA8000030F2DD148EA0303237413F0800F3DD137
:10BA9000B8F1080F61D04FF00009994B53F8187FA7
:10BAA0009F4200F0B880002F00F0B580944B9B6857
:10BAB000BB4202D0384605F0A5F9914B5F61B8F161
:10BAC000100F0DD0204603F083F8B9F1000F07D016
:10BAD0006269914B9A4200F0A1809048FFF7CCF93F
:10BAE000874B9B68A34200F09D80864800F028FEAB
:10BAF00080F0010010F0FF0F40F0358185F31188D0
:10BB0000BFF36F8F90E74FF01008B7E703F07F03A4
:10BB10002374834A94420AD013F0010F12D1626851
:10BB2000236813605A60002323606360B0E77D4C94
:10BB30003D2322467C49764802F0FFFB3D2120460A
:10BB400002F0F2FB774C3E2322467849704802F01F
:10BB5000F4FB3E21204602F0E7FBA36813B1204628
:10BB6000FFF7DEFA04F1180001F0B4F810F10B0F42
:10BB70003ED1644800F0E4FD80F0010010F0FF0FBA
:10BB800016D185F31188BFF36F8FEFF31185102362
:10BB900083F31288BFF36F8F5A4800F0C1FD80F025
:10BBA000010010F0FF0F14D1564800F027FED9E72E
:10BBB000554C40F23D1322465449554802F0BDFB16
:10BBC0005049544802F0B9FB40F23D11204602F0C2
:10BBD000ABFB4D4C8F23224655494D4802F0ADFB3F
:10BBE0004849544802F0A9FB8F21204602F09CFBF3
:10BBF000384605F0DAF8424B9B689C4202D04FF081
:10BC000000094AE7EFF3058313B94FF0000944E751
:10BC10004FF0010941E73A4BDF6847E7012000F0A8
:10BC200007FE5AE7EFF30583002B7FF45EAFA3898D
:10BC300013F0010F25D0334800F082FD80F001039E
:10BC400013F0FF0F3BD185F31188BFF36F8F0023F3
:10BC500083F31188BFF36F8F0423184602DFEFF3DD
:10BC60001185102383F31288BFF36F8F254800F0EE
:10BC700057FD80F0010313F0FF0F31D1214800F090
:10BC8000BDFD204800F05CFD80F0010313F0FF0FC4
:10BC900058D12846FFF766FA002E3FF4C5AE264C71
:10BCA0004FF4AB7322462549194802F046FB24485D
:10BCB00002F043FB4FF4AB71204602F035FB124C0F
:10BCC00040F23D1322461149114802F036FB0D495E
:10BCD000104802F032FB40F23D11204602F024FBF6
:10BCE000094C8F2322461249094802F026FB0549D8
:10BCF000104802F022FB8F21204602F015FB00BF06
:10BD000070100020A0100020501A0108B01A01087D
:10BD1000B8160108C81A010828600108580C00204C
:10BD2000B80A00200851010834510108585101088F
:10BD3000801A0108981A0108C85101081452010814
:10BD400020520108104C4FF4BF7322460F4910488F
:10BD500002F0F3FA0F49104802F0EFFA4FF4BF7106
:10BD6000204602F0E1FA084C40F23D132246074912
:10BD7000074802F0E2FA0749074802F0DEFA40F20B
:10BD80003D11204602F0D0FA501A0108B01A0108FD
:10BD9000B8160108A0100020C81A010870B50446A2
:10BDA00016461D46FFF7DCFD32462B46024904F1DC
:10BDB000180000F0C3FE70BD71BE000870B50546E6
:10BDC000EFF31186102383F31288BFF36F8F21489E
:10BDD00000F0A6FC80F0010010F0FF0F04D1002459
:10BDE0001C4800F00BFD1BE01B4C8F2322461B4917
:10BDF0001B4802F0A2FA17491A4802F09EFA8F2156
:10BE0000204602F091FA134800F09AFC80F00100FD
:10BE100010F0FF0F0CD186F31188BFF36F8F012450
:10BE2000BCB9AB68002BEED02846FFF779F9EAE7FA
:10BE3000094C40F23D1322460B49094802F07DFAB5
:10BE400004490A4802F079FA40F23D11204602F016
:10BE50006BFA70BDA0100020501A0108801A01086A
:10BE6000B8160108981A0108B01A0108C81A010882
:10BE7000F8B50546A0F11807EFF31186102383F3F8
:10BE80001288BFF36F8F224800F04AFC80F0010057
:10BE900010F0FF0F04D100241D4800F0AFFC1BE0A0
:10BEA0001C4C8F2322461C491C4802F046FA1849B4
:10BEB0001B4802F042FA8F21204602F035FA14485E
:10BEC00000F03EFC80F0010010F0FF0F0ED186F371
:10BED0001188BFF36F8F0124CCB9284600F072FFA0
:10BEE0000028ECD1384604F07AFFE8E7094C40F22C
:10BEF0003D1322460B49094802F01FFA04490A483B
:10BF000002F01BFA40F23D11204602F00DFAF8BD96
:10BF1000A0100020501A0108801A0108B816010864
:10BF2000981A0108B01A0108C81A010870B5EFF391
:10BF30000583002B36D104460D461646404B9A68C1
:10BF4000404B1A60404B98423CD0EFF311831023D2
:10BF500083F31288BFF36F8F3B4800F0E1FB80F062
:10BF6000010010F0FF0F3AD1374800F047FCDDE93F
:10BF70000423314632488068FFF710FF204600F066
:10BF8000DFFB80F0010010F0FF0F37D12E4800F0EA
:10BF9000D7FB80F0010010F0FF0F40D12846FFF7DB
:10BFA000E1F870BD294C40F2F51322462849294892
:10BFB00002F0C3F9284802F0C0F940F2F51120461A
:10BFC00002F0B2F9214C4FF4FE7322462349214876
:10BFD00002F0B3F94FF4FE71204602F0A5F9204CAF
:10BFE0008F2322461F491B4802F0A7F916491E4815
:10BFF00002F0A3F98F21204602F096F9184D4FF474
:10C00000BF732A461949134802F097F92146184888
:10C0100002F093F94FF4BF71284602F085F9104CF5
:10C020004FF4BF73224611490A4802F086F90649C7
:10C030000F4802F082F94FF4BF71204602F074F904
:10C0400070100020A4100020A0100020C85101088A
:10C0500054180108B8160108445201086852010832
:10C06000501A0108801A0108981A0108B01A01082C
:10C07000C81A0108F8B50546EFF31187102383F3BA
:10C080001288BFF36F8F244800F04AFB80F0010054
:10C0900010F0FF0F05D100261F4800F0AFFB002471
:10C0A0001CE01E4C8F2322461D491E4802F045F914
:10C0B00019491D4802F041F98F21204602F034F958
:10C0C0000024154800F03CFB80F0010010F0FF0F49
:10C0D0000ED187F31188BFF36F8F0126CEB92C687C
:10C0E000A542EDD0002CECD02046FFF719F8E8E788
:10C0F0000A4C40F23D1322460C490A4802F01DF951
:10C1000005490B4802F019F940F23D11204602F0B2
:10C110000BF92046F8BD00BFA0100020501A0108FE
:10C12000801A0108B8160108981A0108B01A010807
:10C13000C81A010810B50446002100F089FB094A1D
:10C1400093685C676FF00A01996707494B6843F091
:10C1500080534B60002383F31188BFF36F8F936884
:10C16000986F10BD7010002000ED00E02DE9F8433D
:10C17000EFF305831C1E18BF0124002B41D1064696
:10C180000D4651EA00034AD0EFF31187102383F3E1
:10C190001288BFF36F8F344800F0C2FA80F00100BC
:10C1A00010F0FF0F40D1DFF8C090484600F026FBAA
:10C1B000DFF8B880D8F808002D4B1860FFF740FA78
:10C1C000D8F8080032462B462A49183000F0B6FC51
:10C1D0000446D8F80820137C43F00403137448463F
:10C1E00000F0AEFA80F0010010F0FF052BD13846C8
:10C1F000FFF7A0FF04F012FE241A002C11DC2C46DD
:10C200000FE01D4C342322461C491D4802F095F8CE
:10C210001C4802F092F83421204602F085F8FEF71F
:10C220005FFF2046BDE8F883174C8F23224617494D
:10C23000134802F082F80C49154802F07EF88F216D
:10C24000204602F071F8104C4FF4BF73224611499A
:10C250000B4802F072F849460F4802F06EF84FF4AE
:10C26000BF71204602F060F8A0100020701000207E
:10C27000A410002071BE0008A4520108A0500108BB
:10C28000B8160108D44D0108501A0108801A010897
:10C29000981A0108B01A0108C81A010838B5EFF356
:10C2A0000583ABB904460D46FFF760FF0346204601
:10C2B000B5F1FF3F08BFB4F1FF3F08D0DA171846C9
:10C2C000B3F1004F72F1000201D36FF0004038BDAE
:10C2D000064C5F2322460649064802F02EF806481F
:10C2E00002F02BF85F21204602F01EF8A45201084C
:10C2F000A0500108B8160108D44D0108024B03F103
:10C3000018029A61DA6170477010002038B5EFF3B7
:10C310001185102383F31288BFF36F8F314800F02B
:10C32000FFF980F0010010F0FF0F1DD100242D480F
:10C3300000F064FA002C53D1EFF305831BBB2A4BAA
:10C340009A68D37B012B2CD0013BD373254800F096
:10C35000F7F980F0010010F0FF0F30D185F311885C
:10C36000BFF36F8F0124E5E7204C8F23224620493D
:10C37000204801F0E2FF1B491F4801F0DEFF8F213A
:10C38000204601F0D1FF1D4C1F2322461C491948AD
:10C3900001F0D3FF1B4801F0D0FF1F21204601F020
:10C3A000C3FF164C202322461749124801F0C5FF4F
:10C3B000144801F0C2FF2021204601F0B5FF0B4CCC
:10C3C00040F23D13224611490A4801F0B6FF0549E3
:10C3D0000F4801F0B2FF40F23D11204601F0A4FFEA
:10C3E00038BD00BFA010002070100020501A0108B6
:10C3F000801A0108B8160108981A0108C8520108E5
:10C40000A0500108D44D0108F0520108B01A0108EB
:10C41000C81A010810B5EFF31184102383F31288B2
:10C42000BFF36F8F214800F07BF980F0010010F01E
:10C43000FF0F0FD11D4800F0E1F91D4B9A68D37B27
:10C44000BBB1EFF3058111BB0133D3732046FFF776
:10C45000B9F910BD174C8F2322461749174801F030
:10C460006CFF1249164801F068FF8F21204601F049
:10C470005BFF144C2E2322461349104801F05DFF48
:10C48000124801F05AFF2E21204601F04DFF0D4CBD
:10C490002F2322460E49094801F04FFF0B4801F0B7
:10C4A0004CFF2F21204601F03FFF00BFA0100020CD
:10C4B00070100020501A0108801A0108B8160108EF
:10C4C000981A0108C852010824530108D44D0108E4
:10C4D000A0500108014B9868704700BF7010002001
:10C4E0002DE9104883B0089CDDE906BCCDE900BC0D
:10C4F000FFF71CFD1CB1034B9B685B69236003B015
:10C50000BDE81088701000200346027C12F01F0F57
:10C5100010D10B4A90420FD00A4A106878B1DA89DC
:10C520007F2A0BD893F90E20074B1B689A4206DA34
:10C53000002070470020704700207047002070479F
:10C54000B80A0020F0020020AC10002070B50446AC
:10C550000B4B1D7C05EB45030A4E06EBC30630462C
:10C5600000F0B8FB1CB9084B00225A5570BD064BB1
:10C570005B5DE21AD3170549304600F0DFFAF2E7B7
:10C5800070100020D80C0020A810002091C50008D1
:10C59000C0B1124A904215D302F11801884211D25B
:10C5A000811A0F4AA2FB0102120902EB4202B1EB0F
:10C5B000C20F07D1CB100A4A02FB03F3094A01213B
:10C5C000D154704710B5084C40232246074908480B
:10C5D00001F0B3FE4021204601F0A6FED80C002059
:10C5E000ABAAAAAAA810002058530108805301083A
:10C5F000B816010870B5EFF31184102383F3128885
:10C60000BFF36F8F3C4800F08BF880F0010010F012
:10C61000FF0F26D1384800F0F1F8384B9D68384BB1
:10C620001B68AB422CD0364B00221A60334B1B7C6C
:10C63000344AD35C43B12846FFF766FF064618B17B
:10C640002B7C13F01F0F3CD02B4800F079F880F0C2
:10C65000010010F0FF0F3ED184F31188BFF36F8FFC
:10C6600070BD294C8F2322462849294801F065FED8
:10C670002149284801F061FE8F21204601F054FE37
:10C68000284604F0BFFB1C4800F05AF880F0010077
:10C6900010F0FF0F04D184F31188BFF36F8FDFE731
:10C6A000194C40F23D1322461B49194801F045FE42
:10C6B00011491A4801F041FE40F23D11204601F0B7
:10C6C00033FEFEF76BFD0D4B5B69AB42BCD13046D0
:10C6D000FFF73CFFB8E70C4C40F23D1322460E49F1
:10C6E0000B4801F02AFE04490C4801F026FE40F2F6
:10C6F0003D11204601F018FEA0100020701000200F
:10C70000A4100020A8100020501A0108801A010867
:10C71000B8160108981A0108B01A0108C81A0108C9
:10C7200003683BB103F00303044A127C934203D035
:10C7300001207047012070470020704770100020D2
:10C7400010B5274B1B7C016800220260254A52F875
:10C750002320824212D0EFF3058212B3204A92685E
:10C76000127C12F0010F1CD01F4951F82320013A0E
:10C7700041F82320002A06DB012030E0194A00207E
:10C7800042F82300E7E7194C362322461849194896
:10C7900001F0D3FD184801F0D0FD3621204601F00C
:10C7A000C3FD0F4A92681A438A4217D10E4951F8C5
:10C7B0002320013A41F82320002A01DB01200EE06A
:10C7C0000A4C3E2322460A490A4801F0B6FD0A48AF
:10C7D00001F0B3FD3E21204601F0A6FD002010BD72
:10C7E00070100020B4100020B01000202C5501085B
:10C7F0005C550108B816010880550108094A137CE8
:10C8000092681A430260084A52F8232032B107495D
:10C8100051F82320013241F823207047024A42F8A0
:10C820002300F4E770100020B4100020B0100020A6
:10C83000044B1B7C044A002142F82310034A42F8AF
:10C840002300704770100020B4100020B0100020AA
:10C85000F8B50546324B1B7C324A52F82360324A07
:10C8600052F823400F4601B1013C2D4B9B681A7CC6
:10C8700012F0080F03D05A692C4B9A4206D0002CB4
:10C880000ADBC6B944BB002D35D1F8BD381E18BF30
:10C890000120FFF7CDFFF6E7254C952322462549D9
:10C8A000254801F04AFD3946244801F046FD95210E
:10C8B000204601F039FDB742E4D01D4C98232246B2
:10C8C0001F491D4801F039FD31461E4801F035FD74
:10C8D0009821204601F028FD154D9E232A461A492D
:10C8E000154801F02AFD2146184801F026FD9E2139
:10C8F000284601F019FD0A4B9B681B7C13F0090FB9
:10C90000C3D10B4CA923224611490B4801F015FD58
:10C91000104801F012FDA921204601F005FD00BFDD
:10C9200070100020B4100020B01000202860010812
:10C930002C550108A8550108B8160108B45501087E
:10C94000F05501081C5601084C56010858560108BC
:10C9500090560108FC56010830B4C0E90223214A70
:10C960001368934217D1002315E0A41A65EB010563
:10C970009C60DD605A684260036010605860194A2C
:10C980001368934204D0984214BF0020012025E090
:10C990000023F8E70023A3B19C68DD688268C168C2
:10C9A000A24271EB050CE0DB121B61EB050182601A
:10C9B000C160002BEFD00B4A52689342EAD01B684B
:10C9C000E9E7084A516802604160086050601168F8
:10C9D000914205D0884214BF0020012030BC70472E
:10C9E0001946F7E7F402002030B40346114A1068F4
:10C9F00090421CD0834214BF0020012073B10D4A25
:10CA000052689A420AD01A6842B19168DC689D68FF
:10CA10004919D56845EB04049160D46059681A68D7
:10CA20000A60516000221A605A6030BC70470020D2
:10CA3000E0E700BFF40200200B4A1368934209D0DC
:10CA40005BB19868DB686FF00042904273F10003BD
:10CA500006DA70476FF0004070476FF00040704793
:10CA60006FF00040704700BFF4020020064A1368D0
:10CA7000934207D033B19A68D968121A61EBE0711A
:10CA80009A60D960704700BFF40200200A4B186812
:10CA900098420CD070B18368C268134309D14268D0
:10CAA000036813605A6000230360436070470020EE
:10CAB00070470020704700BFF4020020184A136836
:10CAC000934216D0CBB19A68DB686FF00041884280
:10CAD00021D2B3F1FF3F08BFB2F1FF3F11D06FF099
:10CAE00000418A4273F100030DDA904215D2101A08
:10CAF00070474FF0FF321346E7E74FF0FF3213461F
:10CB0000E3E7081A7047C0F1FF4000F5FF0000F5A9
:10CB1000FF407E307047002070470020704700BF04
:10CB2000F402002008B5044B1B680BB9002008BDB7
:10CB3000FCF712FCFBE700BFFC0200202DE9F84FD8
:10CB4000B3F1FF3F08BFB2F1FF3F1CD080469146D2
:10CB50001D460368EBB901614FF0000BEFF3118A3A
:10CB6000102383F31288BFF36F8F4E48FFF7D8FD71
:10CB700080F0010010F0FF0F19D14A48FFF73EFE88
:10CB80000024274652E00024274620463946BDE8C7
:10CB9000F88F454CB82322464449454801F0CDFB67
:10CBA000444801F0CAFBB821204601F0BDFB424CCD
:10CBB0008F23224641493E4801F0BFFB3949404896
:10CBC00001F0BBFB8F21204601F0AEFBFFF7AAFF6F
:10CBD0000646021945F100033A490968003918BFB1
:10CBE0000121521843F1000337490C684F681419AA
:10CBF00043EB07074FF0010B01E04FF0000B4046FD
:10CC0000FFF7AAFE20B12F4B1B68B3F1FF3F2AD0DC
:10CC10002448FFF795FD80F0010010F0FF0F30D1A0
:10CC20008AF31188BFF36F8F4FF0010BBBF1000F38
:10CC3000ABD14C462F46002DC8DA234A1368516801
:10CC4000E31841EB05016FF00100C01A4FF0FF330C
:10CC500063EB010102460B46012871F10001CCDAB9
:10CC600001220023C9E7BBF1000F06D03046FFF7D1
:10CC700025FF0021FCF7CCFACAE7FFF753FF064671
:10CC8000F4E70D4C40F23D1322461049084801F0EC
:10CC900054FB04490E4801F050FB40F23D11204680
:10CCA00001F042FBC010002024570108485701083A
:10CCB000B8160108D44D0108501A0108801A01085D
:10CCC000981A0108FC020020F00C0020B01A01089C
:10CCD000C81A01082DE9F0410546EFF3118610232B
:10CCE00083F31288BFF36F8F2E48FFF719FD80F092
:10CCF000010010F0FF0F06D100242A48FFF77EFD47
:10CD00006FF0150729E0284C8F2322462749284831
:10CD100001F013FB2349274801F00FFB8F21204628
:10CD200001F002FBFFF7FEFEFFF7C8FE0021FCF753
:10CD30006FFA4746204B1B6823F00102954218D03A
:10CD40001848FFF7FDFC80F0010010F0FF0F15D12F
:10CD500086F31188BFF36F8F0124A046FCB92B68BE
:10CD6000002BE7D02846FFF73FFE0028DAD1274600
:10CD7000E0E743F00103104A1360E1E70A4C40F298
:10CD80003D1322460D490A4801F0D7FA05490C48DF
:10CD900001F0D3FA40F23D11204601F0C5FA3846C1
:10CDA000BDE8F081C0100020501A0108801A010867
:10CDB000B8160108981A0108B8100020B01A010826
:10CDC000C81A0108F8B50546EFF31186102383F35E
:10CDD0001288BFF36F8F2348FFF7A2FC80F0010099
:10CDE00010F0FF0F1CD100271E48FFF707FD00249D
:10CDF000002F35D145F001031B4A14689C4214BF33
:10CE0000002401241748FFF79BFC80F0010010F07C
:10CE1000FF0F14D186F31188BFF36F8F0127E7E767
:10CE2000124C8F2322461249124801F086FA0D490E
:10CE3000114801F082FA8F21204601F075FA0B4C5F
:10CE400040F23D1322460D490A4801F076FA0549A1
:10CE50000B4801F072FA40F23D11204601F064FAED
:10CE60002046F8BDC0100020B8100020501A01085C
:10CE7000801A0108B8160108981A0108B01A0108AA
:10CE8000C81A010870B50C46494B1860494B00227E
:10CE90001A60474B1E68002E60D0FFF7CDFD054697
:10CEA000B04200D935462846FFF7E0FD424A1368F4
:10CEB00051685B1941EBE571136051603C4A13689E
:10CEC0005B1B1360FFF7E2FD05460028E1D02E69E9
:10CED0003A4B1D603A48FFF733FC80F0010010F038
:10CEE000FF0F1BD184F31188BFF36F8F2846B04723
:10CEF000EFF31184102383F31288BFF36F8F304850
:10CF0000FFF70EFC80F0010010F0FF0F17D12C4846
:10CF1000FFF774FC294B00221A60D3E7294C40F23A
:10CF20003D1322462849294801F007FA2449284898
:10CF300001F003FA40F23D11204601F0F5F9214CD1
:10CF40008F2322462349214801F0F7F91C49224842
:10CF500001F0F3F98F21204601F0E6F9154B4FF06F
:10CF6000FF321A600020FFF7A9FD0021FCF750F9FD
:10CF70001348FFF7E5FB80F0010313F0FF0F06D124
:10CF800084F31188BFF36F8FFFF734FB70BD0D4C36
:10CF900040F23D1322460C490C4801F0CEF90849F5
:10CFA0000B4801F0CAF940F23D11204601F0BCF9EE
:10CFB000BC100020FC020020F00C0020B810002063
:10CFC000C0100020501A0108B01A0108B816010854
:10CFD000C81A0108801A0108981A010810B5EFF361
:10CFE0001184102383F31288BFF36F8F0D48FFF76E
:10CFF00097FB80F0010010F0FF0F04D10948FFF704
:10D00000FDFB204610BD084C8F23224607490848E7
:10D0100001F093F90349074801F08FF98F21204669
:10D0200001F082F9C0100020501A0108801A01088E
:10D03000B8160108981A0108F8B5EFF31186102305
:10D0400083F31288BFF36F8F2448FFF769FB80F0EA
:10D05000010010F0FF0F1DD100272048FFF7CEFB85
:10D0600000242546002F35D1FFF75CFD1C4A1468CB
:10D070005568041945F100051848FFF761FB80F079
:10D08000010010F0FF0F14D186F31188BFF36F8FEA
:10D090000127E7E7134C8F2322461349134801F079
:10D0A0004CF90E49124801F048F98F21204601F051
:10D0B0003BF90C4C40F23D1322460E490B4801F05F
:10D0C0003CF906490C4801F038F940F23D11204680
:10D0D00001F02AF920462946F8BD00BFC010002003
:10D0E000F00C0020501A0108801A0108B816010837
:10D0F000981A0108B01A0108C81A01082DE9F04170
:10D100000446EFF31185102383F31288BFF36F8F6A
:10D110008648FFF705FB80F0010010F0FF0F13D1E8
:10D120008248FFF76BFB2E462368E3B17F48FFF789
:10D1300007FB80F0010010F0FF0F66D185F3118826
:10D14000BFF36F8FBDE8F081794C8F232246794978
:10D15000794801F0F2F87549784801F0EEF88F212E
:10D16000204601F0E1F82046FFF72CFE0028DDD133
:10D17000A26AE36A52EA030105D0B3F1FF3F08BF98
:10D18000B2F1FF3F52D1236B01332363276AFFB112
:10D190006648FFF7D5FA80F0010010F0FF0F76D156
:10D1A00085F31188BFF36F8F2046B847EFF31186E0
:10D1B000102383F31288BFF36F8F5C48FFF7B0FA38
:10D1C00080F0010010F0FF0F72D15848FFF716FBF6
:10D1D00004F11803A469A34279D0002C77D020462B
:10D1E000FEF7ECFD0023A3675048FFF7A9FA80F093
:10D1F000010010F0FF0F40F0888086F31188BFF324
:10D200006F8F2046FEF7C0F99CE7494C40F23D1372
:10D2100022464B49484801F090F84449494801F0FA
:10D220008CF840F23D11204601F07EF817469846F2
:10D2300003F0F8FD381848EB0101012871F10001F5
:10D2400008DA6FF001024FF0FF333F492046FFF745
:10D2500075FC98E703F0E6FD381848EB01016FF024
:10D26000020383426FF000438B4103DA00224FF048
:10D270000043EAE703F0D6FD3F1848EB01036FF0E7
:10D280000102D21B4FF0FF3161EB0303DDE7284CB5
:10D2900040F23D1322462A49274801F04EF823491F
:10D2A000284801F04AF840F23D11204601F03CF8D0
:10D2B0001F4C8F2322461F491F4801F03EF81B498F
:10D2C0001E4801F03AF88F21204601F02DF817484A
:10D2D000FFF736FA80F0010010F0FF0F04D186F35B
:10D2E0001188BFF36F8F2DE7114C40F23D1322469A
:10D2F0001349114801F021F80C49124801F01DF8BA
:10D3000040F23D11204601F00FF8094C40F23D1368
:10D3100022460B49084801F010F80449094801F079
:10D320000CF840F23D11204600F0FEFFC410002032
:10D33000501A0108801A0108B8160108981A010845
:10D34000B01A0108C81A0108FDD00008B3F1FF3F68
:10D3500008BFB2F1FF3F55D02DE9F0410446164613
:10D360001D46EFF31187102383F31288BFF36F8FED
:10D370002548FFF7D5F980F0010010F0FF0F21D10B
:10D38000DFF884804046FFF739FA2046FFF7A2FC19
:10D39000DDE90623C4E90A230023236332462B4632
:10D3A0001A492046FFF7CAFB4046FFF7C9F980F04B
:10D3B000010010F0FF0F14D187F31188BFF36F8FB6
:10D3C000BDE8F081124C8F2322461249124800F02A
:10D3D000B4FF0D49114800F0B0FF8F21204600F046
:10D3E000A3FF0B4C40F23D1322460D490A4800F0C2
:10D3F000A4FF41460B4800F0A0FF40F23D1120463B
:10D4000000F092FF704700BFC4100020FDD000085C
:10D41000501A0108801A0108B8160108981A010864
:10D42000B01A0108C81A010870B50446EFF3118656
:10D43000102383F31288BFF36F8F5648FFF770F9FC
:10D4400080F0010010F0FF0F38D15248FFF7D6F9F5
:10D4500035462046FFF73EFC00283ED1636A03B301
:10D460004C48FFF76DF980F0010010F0FF0F52D12A
:10D4700086F31188BFF36F8F636A20469847EFF3F6
:10D480001185102383F31288BFF36F8F4148FFF794
:10D4900047F980F0010010F0FF0F4DD13D48FFF734
:10D4A000ADF904F11800FEF7E5FD002853D0FEF7B2
:10D4B0006BF829463748FEF735F970BD364C8F2397
:10D4C00022463649364800F038FF3249354800F0E8
:10D4D00034FF8F21204600F027FF2E48FFF730F958
:10D4E00080F0010010F0FF0F04D186F31188BFF324
:10D4F0006F8FE2E7284C40F23D1322462A49284824
:10D5000000F01BFF2349294800F017FF40F23D11AE
:10D51000204600F009FF204C40F23D1322462249EC
:10D520001F4800F00AFF1B49204800F006FF40F2A8
:10D530003D11204600F0F8FE174C8F232246174974
:10D54000174800F0FAFE1349164800F0F6FE8F2146
:10D55000204600F0E9FE0F48FFF7F2F880F00100E6
:10D5600010F0FF0F04D185F31188BFF36F8FA4E78C
:10D57000094C40F23D1322460B49094800F0DDFEFC
:10D5800004490A4800F0D9FE40F23D11204600F05F
:10D59000CBFE00BFC4100020501A0108801A0108F9
:10D5A000B8160108981A0108B01A0108C81A01082B
:10D5B000014BC366704700BF7003002010B50F4CCD
:10D5C0000F4B9C4209D80E4B9C4214D2A268616852
:10D5D000204603F03DFC1834F2E70A4C252322468E
:10D5E00009490A4800F0A9FE094800F0A6FE2521D5
:10D5F000204600F099FE002010BD00BF70030020FF
:10D60000880300206457010888570108B8160108EC
:10D61000641E010870B586074FD08418844604E064
:10D6200003F8011B9D0704D09C4664456346F7D16F
:10D6300070BD013A0244A2EB0C02032A2FD9CCB2EE
:10D6400004EB04240F2A04EB044438D9A2F1100699
:10D65000350901359C464FF0000E0EF1010EAE4526
:10D66000CCE90044CCE902440CF1100CF5D326F0CF
:10D670000F06103312F00C0F334402F00F051AD0CE
:10D680002A1F032A1C6005D9A5F10802032A5C6041
:10D6900088BF9C6005F0030225F003052B44541E4F
:10D6A000002AC5D0C9B21970002CC1D0012C597004
:10D6B00018BF997070BD2A46F1E70346BDE71546CD
:10D6C000DEE700BF71B1034601EB000C01E06345EA
:10D6D00006D01A46013311780029F8D1101A704784
:10D6E000181A7047084670470CB430B58BB00D4619
:10D6F00020220446002102A8FFF78CFF134B03935E
:10D700000222002D8DF80A2006941DDB10D0013D69
:10D710002C440FAA0E99019202A8079400F096F8E3
:10D72000069B00221A700BB0BDE8304002B0704773
:10D730000FAA0E99079402A8019200F087F80BB087
:10D74000BDE8304002B070470024E2E701E2000883
:10D7500070B503F01F05082D84468E4665D0C3F1D1
:10D760003703102DDCB2104644D04FEA9C034FEA39
:10D770005C0243EA8E7342EACE729A184FEA5E0167
:10D7800041EB9E01130943EA01739A1841EB111111
:10D79000130A43EA01639A1841EB1121130C43EA7F
:10D7A00001439B1841EB1141CB185FFA8CF241F118
:10D7B00000014FEAD30C4CEA417C0CEB8C03A2EB4A
:10D7C0004303DBB2A3F10A02D2B2A518092B03F17D
:10D7D00030064FEAD10E05F1300520D91CF1010CBD
:10D7E0004EF1000E092A9ABF263300F8013B00F8DB
:10D7F000015BBAE70CF00F03092B88BF1B194FEA36
:10D800001C1242EA0E724FEA1E1188BFDBB2944628
:10D8100030330A4300F8013B8E46EBD170BD5CEA21
:10D820000E0300F8016BA0D170BD10460CF0070389
:10D830004FEADC0C4CEA4E7C30334FEADE0E00F847
:10D84000013B5CEA0E03F1D170BD00BF2DE9F04F42
:10D850008378D0F804909F078BB040F132810B465B
:10D86000804613F8010B0C46002800F0D8830025F1
:10D8700000920DE01C464146C847002805F101050D
:10D88000C0F21981234613F8010B002800F01B8118
:10D890002528EFD16678252E04F10204EBD04FF055
:10D8A000000BDA465F461F2F5DD97F2F00F28A807A
:10D8B000A6F13003092B11D87E0600F1328114F84D
:10D8C000016B0AEB8A0A03EB4A0A47F02007A6F12C
:10D8D0003003002E00F0E180092BF0D92A2E00F051
:10D8E0000E812E2E00F0C381A6F14C032E2B00F2E8
:10D8F0002581DFE813F061002301230123012301C7
:10D9000023012301230123012301230123012301F7
:10D9100023012301230123012301230123012301E7
:10D9200023012301230123012301230123015101A9
:10D930002301610023015D01230123012301230150
:10D94000230123012301CD0023012301230123010E
:10D950002301CD0047F0020714F8016B47F00407DC
:10D96000002E00F09A80A6F12003102BA0D801A26F
:10D9700052F823F059D90008B1D80008B1D80008EE
:10D98000CFDA0008B1D80008B1D80008B1D8000833
:10D9900091DA0008B1D80008B1D80008B1D8000861
:10D9A00055D90008B1D80008EFDA0008B1D800084E
:10D9B000B1D80008DFDA000814F8016B47F42077CB
:10D9C000002E6AD0A6F14C032E2B00F2B78001A2E4
:10D9D00052F823F0B9D900083DDB00083DDB000810
:10D9E0003DDB00083DDB00083DDB00083DDB0008B7
:10D9F0003DDB00083DDB00083DDB00083DDB0008A7
:10DA00003DDB00083DDB00083DDB00083DDB000896
:10DA10003DDB00083DDB00083DDB00083DDB000886
:10DA20003DDB00083DDB00083DDB00083DDB000876
:10DA30003DDB00083DDB00083DDB00083DDB000866
:10DA40003DDB000891DB00083DDB0008B9D9000888
:10DA50003DDB0008A9DB00083DDB00083DDB0008DA
:10DA60003DDB00083DDB00083DDB00083DDB000836
:10DA70003DDB000885DC00083DDB00083DDB0008DD
:10DA80003DDB00083DDB00083DDB000885DC0008CD
:10DA900014F8016B002E7FF406AF002641462520C6
:10DAA000C847002807DB30464146C847002805F133
:10DAB0000205BFF6E7AE98F8023043F0040388F899
:10DAC00002304FF0FF3528460BB0BDE8F08F14F858
:10DAD000016B47F01007002E7FF445AFDDE714F827
:10DAE000016B47F00107002E7FF43DAFD5E714F836
:10DAF000016B47F00807002E7FF435AFCDE70099A2
:10DB0000780651F8042B40F1C38014F8016B002E05
:10DB100000F05D82A6F13003092B009193463FF699
:10DB2000DDAE14F8016B0BEB8B0B03EB4B0B002EF4
:10DB3000B3D0A6F13003092BF3D9CFE646F020038A
:10DB4000BBF1000FA3F1650204DA27F04007BFB272
:10DB50004FF0000B022A33D9612B31D0A6F16302BA
:10DB6000122A00F2FC81DFE812F02E01A500FA0172
:10DB7000FA01FA01FA01A500FA01FA01FA01FA0123
:10DB8000FA01F0014E01FA01FA013801FA01EF0041
:10DB9000FE0548BF47F4007714F8016B47F480771F
:10DBA000002E7FF40FAF78E73B0648BF47F40077BD
:10DBB00014F8016B47F08007002E7FF403AF6CE789
:10DBC000009B03F1070B2BF0070B0BF108030093ED
:10DBD000BA4B4FF0070B3807514618D4D34516D22D
:10DBE0004E461F46D14602E0834508D28246414652
:10DBF0002020B04700280AF1FF30F5DA5BE74946FC
:10DC000001350D443B46B146A5EB0A0501461E46CB
:10DC100003EB0B0701944C4699462B468A46354642
:10DC20001E4605E015F8010BA0470028FFF643AF9C
:10DC3000BD424146F6D14B463246A1462E46D31A46
:10DC4000019C1E44AAEB0B0A3546B2444E4605E041
:10DC5000B047002805F10105FFF62DAFAAEB05033B
:10DC6000002B41464FF02000F2DCB1460AE67A066E
:10DC70003FF529AF14F8016B47F04007002E7FF401
:10DC800058AF0AE714F8016B002E7FF40EAE04E7DC
:10DC9000002AC0F2228114F8016B47F02007002E01
:10DCA00000F09581A6F13003092B009192467FF692
:10DCB00006AE13E63A06009B00F13B811A46F905D1
:10DCC00052F8043B019200F1FD811846DB1727F062
:10DCD00010018AB2002B0092C0F2868150EA030143
:10DCE00040F05E827B0640F1D581BBF1000F40F031
:10DCF000168227F01107BBB2009359465B46DDF848
:10DD000000C040F206470CF008001CEA070F02466C
:10DD100000F06D820131002800F0C781AAEB010AF2
:10DD20000293009B13F0020F14BF2B20202013F44A
:10DD3000806F18BF2D204146C8470028029B05F17F
:10DD4000010680F2B180B6E627F01007BFB20A23C1
:10DD500017F080025CD017F40071009A00F0CC80BC
:10DD6000073222F00702516852F8080B019207F0BF
:10DD7000400C50EA0102CDF800C06CD16246002A86
:10DD800054D0BBF1000F40F0BB803B0740F1D18184
:10DD90005B4604AAD618234637464C469346994616
:10DDA00005E017F8010DA0470028FFF684AEBB453B
:10DDB0004146F6D14B465A46A1462E441C46019B8D
:10DDC0000093B61A40E7009A52F8043B8DF81030E1
:10DDD0004FF0010B009204ABFDE6009E384A56F866
:10DDE000043B002B08BF134617F0400F18BF5946DD
:10DDF000184608BF4FF0FF310193FFF763FC019B0A
:10DE000000968346E7E647F01007102378269FE741
:10DE1000009951F8040B019117F48071A7D017F401
:10DE200000711ABFC0B2114680B2A0E727F01607F2
:10DE3000BAB20092002004AA00210292FFF788FCE7
:10DE4000029A831A009911F0080100F09080AAEB61
:10DE5000030A2E4628E004AA0292FFF779FC029AF0
:10DE60000099831A002973D027F0070189B25B4516
:10DE70000091C0F2D680F90640F13F81009A02F08D
:10DE80000802002E40F0A980591C002A00F02381CE
:10DE9000AAEB010A302041460093C8470028009BA6
:10DEA00005F10106FFF607AE9B4540F37E810BEBC3
:10DEB00006054F46ED1A994607E000BFA457010832
:10DEC00004180108AE4200F0848041463020B84773
:10DED000002806F10106F5DAEDE514F8016BC2F150
:10DEE000000A47F02807002E71D0A6F13003092B55
:10DEF00000917FF6E4ACF1E452F8040B019236E7AE
:10DF000004AA002100200092FFF722FC009A27F0CB
:10DF10001701831A89B29B45009140F3EE80002ED1
:10DF200040F02781390740F18680AAEB0B0A2E4684
:10DF3000BDE7B80540F1DA80073323F007031A463E
:10DF40005B6852F8080B0192C1E608230026FFE641
:10DF500027F0060189B20091F9068FD472E7782B79
:10DF60007FF49CADC6F1780343F01003F0E600980F
:10DF7000C00740F121819A45AAEB030025DD03EBA0
:10DF8000000B002900F020814FF0000A41463020AC
:10DF90000093C8470028FFF68EAD009B002E00F0CE
:10DFA000AA80304641460093C8470028009B05F1EF
:10DFB0000206BFF679AF7EE50098C70740F10E81F3
:10DFC000D345AAEB0B00DADB04AA8246E2E6009115
:10DFD00063E54B4604AAB946DCE6991C002A00F02A
:10DFE0009180AAEB010AD1E7404263EB430142F47E
:10DFF0008063009304AA0A230292FFF7A9FB029A06
:10E00000831A009A500640F1C480009A22F001025F
:10E0100092B29B4559460092B8BF19466FE6054635
:10E0200051E5002E40F0908038073FF57EAF27F095
:10E030001707BAB20092594600268A4540F3D380AA
:10E04000CDE902342B464C460D4689461F4602E078
:10E05000524508DA154641462020A047002805F120
:10E060000102F5DA27E538462F4605464946AAEB70
:10E07000020A0135009A6D1A3D44D706A146DDE932
:10E08000023483D4114640F2064211427FF448AE76
:10E090002E4609E704AA0A23002100200292FFF776
:10E0A00057FB029A811A0B4629E65FEACC77604655
:10E0B00032D58A45AAEB01006DDD03EB000B10465B
:10E0C00082462DE6BA054BBF58B218B243F3C013CF
:10E0D00043F3C033FBE5009AD00756D55145AAEB70
:10E0E00001025FDA03EB020BB2464FE753F8040B71
:10E0F0000193C317EBE56E1CD6E639076CD5AAEB86
:10E10000030A47E6009AD20752D55145AAEB01000F
:10E1100044DB82469B4639E78A4591DCFEE504AA4A
:10E120000A23002000210292FFF712FB029A831AB1
:10E130006BE7BAF1000F7FF72BAE27F01707BBB2E2
:10E14000009359465B467BE7FA0640D538070BF14A
:10E1500002013FF546AF8A453FF772AFAAEB010ACD
:10E16000302041460093C8470028009BBFF619AFF6
:10E17000A1E45A4601F0080081B200283FF41CAF28
:10E18000AAEB0B0A2E4693468EE65145FFF658AF92
:10E190007EE61946B3E59B468246C1E51021EEE6D0
:10E1A000194627E792469B46F0E6354604AAF1E574
:10E1B0005145FFF645AF14E79A45D8BFAAEB030ACD
:10E1C0007FF766AF19463BE72E468A466CE6009914
:10E1D0005A4601F00800CFE719462EE7D34509DA81
:10E1E000594693462CE7AAEB010A2E465CE65A46AE
:10E1F0008B46C1E7AAEB0B0A2E46934654E600BFB6
:10E20000D1E90432934202D05A1C0A611870704757
:10E21000704708B504200021FEF740F808BD08B596
:10E2200000EBC1035A885208B2FA82F2C2F11F020F
:10E23000F2F774FA08BD10B50C4611461A46029B57
:10E24000A04710BD4038C0B23A288CBF0020012042
:10E2500070475BB32DE9F04782B007468846914688
:10E260001D461A785E789C78DB7804EB820404EB18
:10E2700043042C444FF0000A0AE014F8013B45F82F
:10E2800023402046F1F75CFF013004440AF1010A03
:10E29000B245F2D305F1080300936B684A46414644
:10E2A0003846FFF7C8FF02B0BDE8F0876FF01500F1
:10E2B00070472DE9F0410446884600273E4607E0B6
:10E2C000702D18D02846FFF7BDFFB8B9252D0ED008
:10E2D00014F8015B75B1002EF8D04745F0D0284600
:10E2E000FFF7B0FF0028F1D001370026EEE786F0F7
:10E2F0000106EDE700263046BDE8F0810026FAE78A
:10E300000020704708B500F09CFA08BD0FB400B5B6
:10E3100083B004A951F8040B0191FFF7F3FF03B098
:10E320005DF804EB04B07047002383F31188BFF35A
:10E330006F8F0423184602DF70470FB400B583B017
:10E3400004A951F8040B0191FFF7DCFF03B05DF85D
:10E3500004EB04B07047036913F0080F08D1C368D9
:10E360000268934207D8436A9B1A0B6001207047EA
:10E370000020086070479B1A0B60002070470369FB
:10E3800013F0080F07D1826843689A4203D89B1A9A
:10E390000B6000207047436A82689B1A0B60012063
:10E3A000704710B582B0044601A9FFF7D4FF20B131
:10E3B000E368019A1344013B0193606A019BC01A10
:10E3C000013802B010BD38B5036913F0040F00D155
:10E3D00038BD0446856AFFF7E4FFA84238BF2846E7
:10E3E000A062F5E7C3681944036913F0010F04D173
:10E3F000426A914204D3891A02E0426A013A11400A
:10E40000C16023F008030361704710B4002323F0B8
:10E41000010343F0020361F39F03026A046842F8B8
:10E42000243003680B44026912F0010F04D1446ADE
:10E43000A34204D31B1B02E0446A013C2340036057
:10E44000C468A3420AD043681944036913F0010F5A
:10E4500008D1436A994208D3C91A06E042F008027B
:10E460000261F0E7436A013B1940416010BC70470C
:10E470002DE9F04F83B00446019117469846056A8E
:10E48000C66805EB860B15F8263003F00303022B54
:10E4900024D0002100233B60C8F8003019BB236959
:10E4A00013F0020F75D0E36958469847824615F875
:10E4B000269019F001096ED015F8263013F0020FDE
:10E4C0003BD0019BBBB962685244236913F0010041
:10E4D00016D1616A8A4216D3521A14E055F82610F2
:10E4E000C1F39D01D6E72046FFF77CFFE368A360F8
:10E4F0004FF001094FE019462046FFF786FFE2E79B
:10E50000616A01390A406260E168A268914206D0FE
:10E51000A2682260E26043F0080323613BE05244BA
:10E5200020B9616A8A4204D3521A02E0616A013951
:10E530000A40A2604FF00009EAE701462046FFF7D3
:10E5400051FFE368A360019B23B1236A2268002185
:10E5500043F82210019B5344C8F80030226813444A
:10E56000226912F0010F04D1616A8B4204D35B1A55
:10E5700002E0616A01390B40236042F00802226127
:10E5800015F8263023F0010305F82630C7F800B04F
:10E5900001E04FF00009484603B0BDE8F08F30B409
:10E5A0005318046914F0010F04D1456AAB4204D337
:10E5B0005B1B02E0456A013D2B4005689D4214D07B
:10E5C000002323F0010343F0020362F39F03046A74
:10E5D00044F8213043681344026912F0010F09D155
:10E5E000426A934209D39B1A07E0016024F00804B1
:10E5F000046103E0426A013A1340436030BC704753
:10E60000704738B505460C460321A047002806DBB5
:10E6100001212846A047002800DB002038BD10F16A
:10E62000860FFBD1F4E710B4046A91FAA1F39BB111
:10E63000B3FA83F39B004FF00F0C0CFA03F324EAB8
:10E64000030391FAA1F149B1B1FA81F189008A403D
:10E650001343036210BC70472023EBE72021F5E74A
:10E6600010B4446A090A91FAA1F39BB1B3FA83F397
:10E670009B004FF00F0C0CFA03F324EA030491FA09
:10E68000A1F149B1B1FA81F189008A401443446291
:10E6900010BC70472023EBE72021F5E710B4846815
:10E6A00091FAA1F39BB1B3FA83F35B004FF0030C33
:10E6B0000CFA03F324EA030391FAA1F149B1B1FA88
:10E6C00081F149008A401343836010BC70472023C6
:10E6D000EBE72021F5E710B4C46891FAA1F39BB1F0
:10E6E000B3FA83F35B004FF0030C0CFA03F324EA54
:10E6F000030391FAA1F149B1B1FA81F149008A40CD
:10E700001343C36010BC70472023EBE72021F5E7DB
:10E7100008B5FFF7E0FF08BD10B4046891FAA1F353
:10E720009BB1B3FA83F35B004FF0030C0CFA03F3D5
:10E7300024EA030391FAA1F149B1B1FA81F1490048
:10E740008A401343036010BC70472023EBE720216D
:10E75000F5E7F8B50F4614464268566801258D4026
:10E7600004F4C042B2F5804F16D0B2F5005F29D054
:10E77000C4F3014229463046FFF790FFC4F38142BB
:10E7800029463046FFF7C4FFC4F3413229463046DC
:10E79000FFF7C2FF0020F8BDC4F3432207290CD8BD
:10E7A00029463046FFF73FFFC4F3C032736823EABF
:10E7B0000503BA4013437360DAE729463046FFF792
:10E7C0004FFFF1E7C4F3C031726822EA0502B94095
:10E7D0000A437260002BCBD014F4801F01D0B561C6
:10E7E000C6E72B04B361C3E7037813F0040F01D02D
:10E7F000002070470368C3F34A2000EB1350173022
:10E8000020F0070080087047002070470120704703
:10E8100008B502F007FB08BD08B520EAE070C11793
:10E82000FDF73CFD08BD08B500220023F2F76CFEA1
:10E8300008BD08B5F3F7B2F808BD08B5F3F736F927
:10E8400008BD00B585B003910290002001900090B2
:10E85000034602460146F4F74FF805B05DF804FBA5
:10E8600008B50120F3F7D2FC08BD08B5F3F7A4FD05
:10E8700008BD08B5F2F768FFF3F748FE08BD0020B1
:10E88000704708B54368DA71F3F72AFFF3F7AEFC77
:10E8900008BD91B170B514460D46536896689B1B30
:10E8A0008B420CD313680A4601469819F1F7B4FC61
:10E8B000A3682B44A360284670BD002070476FF00A
:10E8C0001B00F9E770B588B10E4614461946054697
:10E8D00033B11030C2F34A23120D1844F1F79CFCF7
:10E8E0002C606E602846F3F797FE70BDF3F78EFC40
:10E8F000FBE72DE9F04383B006460F4615461C465C
:10E9000003F101094FEA890808F1170020F0070018
:10E910008008F3F749FD002201928DF8049068B158
:10E9200000F1140C019B0361964605E055F82E306A
:10E930004CF8043B0EF1010EA645F7D3002267F315
:10E94000881268F3532200233146FFF7BBFF03B060
:10E95000BDE8F08300B583B00192012301AAFFF75F
:10E96000C8FF03B05DF804FB00B583B000920193CB
:10E9700002236A46FFF7BDFF03B05DF804FB00B554
:10E9800085B001920293069B0393032301AAFFF72C
:10E99000B0FF05B05DF804FB08B5F3F7EDFE08BD68
:10E9A0002DE9F04180460768856843681C685E6809
:10E9B00005E0324621462846B847241A0544002C73
:10E9C000F7D1D8F8043000221A60BDE8F08138B5DC
:10E9D00004460D460A2805D029462046F4F712F8C9
:10E9E000002038BD0D20F4F70DF8F5E708B5134603
:10E9F0000122F4F791F808BD08B513460022F4F798
:10EA00008BF808BD38B505460C4601F00101FFF74B
:10EA1000F3FF21462846F4F72BF938BD2DE9F043E2
:10EA200083B080460E4615461F46DDF828902C46DA
:10EA3000102D28BF1024CDF800903B4622463146C9
:10EA40004046F4F729F926442D1BF0D103B0BDE868
:10EA5000F0832DE9F04389B006460C469046D1F884
:10EA600008900F88C7F382170878C0F3C2050846DC
:10EA7000F3F7BCFF011E1BDA0023214651F8105B9F
:10EA8000C5F34A256288C2F30B12481905B9002163
:10EA9000CDF818800592049003910297002201920C
:10EAA000009249463046F4F759F909B0BDE8F083C1
:10EAB0002846F3F73BFE0346DFE72DE9F0418046A9
:10EAC0000768856843681C685E6805E03246214631
:10EAD0002846B847241A0544002CF7D1D8F804304A
:10EAE00000221A60BDE8F08143681B685B68196109
:10EAF0000020704708B543681B685A6801211175EA
:10EB00001868FFF7DAFF08BD08B543681B68186886
:10EB1000F4F784F908BD38B50C4643681D686B6886
:10EB20001869F3F74BFB03460F22214628689847E4
:10EB300038BD08B5FEF76EFD08BD08B5F1F76CFBF2
:10EB400008BD08B501460068F4F748FB08BD08B5E4
:10EB5000F4F760FBF4F7FCFF08BD0020704708B530
:10EB6000944600228CF80020CA1E092A1DD8DFE82E
:10EB700002F0050A0F141C1C1C1C1C171A466146C7
:10EB8000F4F7EAFD14E062460021F4F725FD0FE0FA
:10EB900062460021F4F798FC0AE0F4F7B1FB07E0C5
:10EBA0006146F4F717FC002002E0F4F721FC002096
:10EBB00008BD08B540B2F4F7F7FE08BD08B500215E
:10EBC0000120F4F70BFB08BD08B5F4F75DFF08BDA5
:10EBD0006FF08500704761B662B680F31188BFF3AD
:10EBE0006F8F704772B6002383F31188BFF36F8F66
:10EBF000BFF34F8F30BF62B6BFF36F8F704743686C
:10EC00005A1E134206D11F2B06D903681A4205D09B
:10EC10000020704700207047002070470120704797
:10EC200000B585B00B6801934B688A68202B12D918
:10EC3000B3F1004F11D8013BB3FA83F3C3F11F03C3
:10EC40005B0003F03E031343039301A9F5F73EF87D
:10EC500005B05DF804FB0823F5E73E23F3E708B5AC
:10EC60000B6949699847002008BD08B5F5F7C6FA51
:10EC7000002008BD08B5F5F7D5FB08BD08B506228C
:10EC800001210020F5F716FC002211460620F4F7BA
:10EC9000ADFE072201210846F5F70CFC00221146C3
:10ECA0000720F4F7A3FE082201210220F5F702FC59
:10ECB000002211460820F4F799FE092201210320C1
:10ECC000F5F7F8FB002211460920F4F78FFE0A221F
:10ECD00001210420F5F7EEFB002211460A20F4F78B
:10ECE00085FE172205210846F5F7E4FB00221146B0
:10ECF0001720F4F77BFE282206210A20F5F7DAFB1D
:10ED0000002211462820F4F771FE002008BD01F012
:10ED10001F0101208840704708B50246084602F0EE
:10ED2000030304339B000F21994041EA9201F5F758
:10ED300031FC08BD08B500F0030304339B000F222B
:10ED400002FA03F343EA9000F5F740FC08BDB0FB7C
:10ED5000F1F070470B88C3F30B0303F57D62C2F338
:10ED60000B02782A15D882B003F1804303F50E33E5
:10ED70004A68186802431A600B88C3F30B0303F157
:10ED8000804303F50E331B680193019B002002B002
:10ED900070476FF0850070470B88C3F30B0303F5D2
:10EDA0007D62C2F30B02782A0AD803F1804303F58F
:10EDB0000E3349681A6822EA01021A60002070477F
:10EDC0006FF08500704770B54C68C4F3044508883F
:10EDD000C0F30B00F5F7B2FD002815DBA6B2FF2C3F
:10EDE00013D006F1804202F50E32C4F341510131D5
:10EDF00001238B40013BAB40240EAC40116821EA5B
:10EE000003031C431460002070BD0020FCE708B51C
:10EE10000888C0F30B0000F57D63C3F30B03782B68
:10EE20000BD800F1804000F50E3002684B68934328
:10EE300001D0012008BD0220FCE7F5F77FFD08B1F5
:10EE40000120F7E70220F5E770474FF48000704794
:10EE50004163704781637047C163704701647047C5
:10EE6000406B7047806B7047C06B7047006C704799
:10EE70006FF00203036170476FF004030361704792
:10EE80006FF00803036170476FF010030361704770
:10EE9000C36843F00203C3607047C36823F00203F2
:10EEA000C3607047C06810F0020000D001207047B6
:10EEB000C36843F00403C3607047C36823F00403CE
:10EEC000C3607047C06810F0040000D00120704794
:10EED000C36843F00803C3607047C36823F00803A6
:10EEE000C3607047C06810F0080000D00120704770
:10EEF000C36843F01003C3607047C36823F0100376
:10EF0000C3607047C06810F0100000D00120704747
:10EF100043681A69136843F00103136000207047C7
:10EF200043681A69136823F00103136000207047D7
:10EF300043681B69D86A704743681B69586A704701
:10EF400010B50C46FFF7F8FF2060002010BD4368A5
:10EF50001B6900205862704770B50C4641680D6906
:10EF60000669002300E001334268527A9A4207DDC5
:10EF7000CA6852F83320002AF5D06FF00F0070BD38
:10EF8000EB6823F00103EB602368EB626FF0010391
:10EF90002B6163683360A3687360E36813F0010F4B
:10EFA00009D1002068626368002BE8D0EB6843F069
:10EFB0000103EB60E3E7FFF7BFFF2368984208D344
:10EFC000E36813F0020F06D000236B626FF03D0080
:10EFD000E9E70020E7E76FF03D00E4E742684368B7
:10EFE0005B7A013B032B28D8DFE803F025230902D5
:10EFF0001369186910F0100002D0012000E0002011
:10F0000013691B6913F0080300D001231843136927
:10F010001B6913F0040300D00123184313691B6913
:10F0200013F0020300D001231843003818BF012059
:10F0300070470020EBE70020F0E70020F5E70369C8
:10F040009868704703691869704743681B6959627B
:10F0500000207047531C134202D1084410407047EF
:10F06000131A8B4201D308447047801A08440138B0
:10F070007047531C134202D1401A10407047884217
:10F0800001D3401A70470244521A501C704708B509
:10F09000034600685968F5F75DFE08BD08B543688A
:10F0A0001B691A6912F0010F08D0DA6812F0010F1B
:10F0B00004D06FF001021A61F5F792FE08BD08B5A1
:10F0C000FFF7ECFF08BD10B5446803690C3301225B
:10F0D0008A40BFF35B8F53E8000F104343E8000101
:10F0E0000029F8D1BFF35B8F606AF5F727FD10BDEB
:10F0F0002DE9F84380460C4615464368DE6806EB6A
:10F10000C1095768FFF714FF87420FD856F834300B
:10F110007BB92B6846F83430AB68C9F804302A460E
:10F1200021464046F5F77CFEBDE8F8836FF01500F8
:10F13000FAE76FF00F00F7E708B50022114632201A
:10F14000F4F754FC3220FFF734FD08BD70B50446D7
:10F15000436806691D6943685B7A013B032B43D80A
:10F16000DFE803F0322212022B6913F0100F03D0F4
:10F17000EB6813F0100F38D1F36813F0080F03D0C9
:10F1800003212046F5F7D0FF2B6913F0080F03D0B9
:10F19000EB6813F0080F2CD1F36813F0040F03D0C1
:10F1A00002212046F5F7C0FF2B6913F0040F03D0AE
:10F1B000EB6813F0040F20D1F36813F0020F03D0B3
:10F1C00001212046F5F7B0FF2B6913F0020F03D0A1
:10F1D000EB6813F0020F14D1F36813F0010F03D0A2
:10F1E00000212046F5F7A0FF70BD6FF010032B61E2
:10F1F000C6E76FF008032B61D2E76FF004032B61C1
:10F20000DEE76FF002032B61EAE710B50446FFF773
:10F210009DFF2046FFF753FF10BD38B50C464368ED
:10F220001D692846F6F7F0FC21462846F6F7D0FC83
:10F230002146284600F0E0F938BDF8B507460E46ED
:10F24000002431463846F6F7C7FE034660B1651C18
:10F2500041F288339C4205DC01200021FDF71EF8B5
:10F260002C46EEE76FF00F031846F8BDF8B5456879
:10F270002E696B698B4218D907460C463046F6F763
:10F2800099FE08B10020F8BDAB69C4EBC40203EBE2
:10F29000820301229A7121463846FFF7BEFF2146BC
:10F2A0003046F6F779FE0020EDE76FF01500EAE74B
:10F2B00008B5002211460B20F4F798FB0B20FFF74E
:10F2C00078FC002211460C20F4F790FB0C20FFF78D
:10F2D00070FC002211460D20F4F788FB0D20FFF78B
:10F2E00068FC002211460E20F4F780FB0E20FFF789
:10F2F00060FC002211460F20F4F778FB0F20FFF787
:10F3000058FC002211461020F4F770FB1020FFF784
:10F3100050FC002211461120F4F768FB1120FFF782
:10F3200048FC002211462F20F4F760FB2F20FFF746
:10F3300040FC08BD08B543681869F6F76BFD08BDC9
:10F3400008B50021F6F788FB08BD08B50121F6F7DE
:10F3500083FB08BD08B50221F6F77EFB08BD08B5A2
:10F360000321F6F779FB08BD08B50421F6F774FB15
:10F3700008BD08B50521F6F76FFB08BD08B50621E5
:10F38000F6F76AFB08BD08B50721F6F765FB08BD6F
:10F390000068C0F3001070470068C0F38020704719
:10F3A0000068C0F3005070470068C0F38060704789
:10F3B0004068C0F3001070474068C0F38020704779
:10F3C0004068C0F3005070474068C0F380607047E9
:10F3D0000068C0F3401070470068C0F3C020704759
:10F3E0000068C0F3405070470068C0F3C0607047C9
:10F3F0004068C0F3401070474068C0F3C0207047B9
:10F400004068C0F3405070474068C0F3C060704728
:10F410000068C0F3C00070470068C0F34020704728
:10F420000068C0F3C04070470068C0F34060704798
:10F430004068C0F3C00070474068C0F34020704788
:10F440004068C0F3C04070474068C0F340607047F8
:10F450000068C0F3800070470068C0F30020704768
:10F460000068C0F3804070470068C0F300607047D8
:10F470004068C0F3800070474068C0F300207047C8
:10F480004068C0F3804070474068C0F30060704738
:10F49000006800F0010070470068C0F380107047FA
:10F4A0000068C0F3004070470068C0F380507047A8
:10F4B000406800F0010070474068C0F3801070475A
:10F4C0004068C0F3004070474068C0F38050704708
:10F4D0001023836070474FF48063836070474FF45C
:10F4E0008013836070474FF0806383607047102300
:10F4F000C36070474FF48063C36070474FF480135C
:10F50000C36070474FF08063C360704720238360FF
:10F5100070474FF40063836070474FF400138360BB
:10F5200070474FF00063836070472023C3607047CB
:10F530004FF40063C36070474FF40013C36070471B
:10F540004FF00063C36070470823836070474FF437
:10F550000073836070474FF40023836070474FF05F
:10F560000073836070470823C36070474FF40073D3
:10F57000C36070474FF40023C36070474FF00073BF
:10F58000C36070470423836070474FF480738360C7
:10F5900070474FF48023836070474FF0807383601F
:10F5A00070470423C36070474FF48073C360704793
:10F5B0004FF48023C36070474FF08073C36070477F
:10F5C0000123836070474023836070474FF480338A
:10F5D000836070474FF48003836070470123C360EA
:10F5E00070474023C36070474FF48033C360704757
:10F5F0004FF48003C360704738B504460D46F6F7F4
:10F600005BFB29462046F6F773FB29462046F6F7B2
:10F610008BFB38BDC369016B426BB3F5005F18D03B
:10F62000B3F5804F27D07BBBB2F1807F07D0B2F11A
:10F63000C07F0AD0B2F5000F28D101207047012900
:10F6400026D0032926D000207047032924D000208B
:10F650007047B2F5000F04D0B2F1807F07D00020D0
:10F66000704701291AD003291AD0002070470329B6
:10F6700018D000207047B2F5000F01D0002070476D
:10F68000032911D0002070470020704700207047E8
:10F69000012070470120704701207047012070470A
:10F6A0000120704701207047012070470B4639B197
:10F6B0001168196041688A4209D0002313607047BD
:10F6C0001368036041688A42F7D14360F5E74360FD
:10F6D000F3E708B50A460368002101E019461B68F4
:10F6E0002BB19342FAD1FFF7E1FF012000E00020A7
:10F6F00008BD00F0300210F400331BD010F0020FF0
:10F7000005D010F0040F22D04FF4204301E04FF455
:10F71000005310F4002F01D043F48013102A10D0AE
:10F72000202A11D0400A000400F4403003430B604B
:10F730000020704710F4803FF0D15AB94FF4C04315
:10F74000EEE743F48023EDE743F40023EAE76FF0AC
:10F75000850070476FF08500704743685B681B69E0
:10F760000B600020704743685B68586942400A405C
:10F7700042405A610020704743685B6899610020ED
:10F78000704743685B6809049961002070474368CB
:10F790005B685A69514059610020704708B500699B
:10F7A0000830F6F7F5FC08BD08B5024608690830D0
:10F7B000F6F73AFD08BD38B504460D460846FFF792
:10F7C000B9FAA04200D038BD29462046FFF79FFA7B
:10F7D0000446F4F721FF2046F4F786FF0021204677
:10F7E000F4F722FFEFE72DE9F04383B005460E461C
:10F7F0001446D0F8108001A91046FFF77AFF07469B
:10F8000038BB14F440390BD0D8F8043023FA06F290
:10F8100012F0010F04D10122B2401343C8F80430A2
:10F8200014F4402F19D00123019A31462846FEF7DF
:10F8300090FFB9F1000F0CD1D8F8043023FA06F28A
:10F8400012F0010F05D00122B24023EA0203C8F8EA
:10F850000430384603B0BDE8F0830023E4E708B580
:10F8600000F02DFA08BD08B500F06CFA08BD00B52F
:10F8700083B001AA00F0E7FA002805DB019B002213
:10F880001979186800F0F8FA03B05DF804FB08B5C0
:10F89000002211461F20F4F7A9F81F20FFF789F96D
:10F8A000002211462020F4F7A1F82020FFF781F96B
:10F8B00008BD08B5002211462120F4F797F8212051
:10F8C000FFF777F9002211462220F4F78FF8222063
:10F8D000FFF76FF908BD002070477047036813F405
:10F8E000007F04D023F400731B041B0C0360036827
:10F8F00043F480730360704743680169DB685A68AA
:10F9000022F4C0625A605A6822F4C0625A605A688F
:10F9100022F400725A605A6822F480625A6091F8A8
:10F9200051201AB95A6822F480725A6070474368AD
:10F93000DB685A6842F480725A605A6842F4007276
:10F940005A605A6842F480625A607047F8B543685A
:10F95000DC68236823F001032360FFF7CDFF2668EE
:10F960006568A3689BB2E068E169226A276847F48A
:10F9700000472760276827F400472760B6B2266053
:10F98000ADB2656043F48043A36080B2E06089B2A9
:10F99000E16192B22262F8BD38B542680569D46867
:10F9A000FFF7AAFF95F851301BB9236823F0010334
:10F9B000236038BD10B503699A6B32B9DC6B24B98A
:10F9C0005C6B14B979B1002010BD596B79B90AB1DB
:10F9D00000229A63DA6B0AB10022DA63FFF7DCFFD8
:10F9E0006FF00400F0E7FFF7D7FF0020ECE70021FD
:10F9F0005963ECE743680269D968938C106A10F088
:10FA0000010F09D15B00DBB2106BE0B10A6922F093
:10FA1000FF0213430B61704710B4C3F3C71303F025
:10FA2000060343F0F000946A44B9012393620B6922
:10FA300023F0FF031843086110BC704743F0F10046
:10FA400000239362F3E743F00103086920F0FF000D
:10FA500003430B61936C022B00D070470B6843F497
:10FA600000630B60704700B585B042680369D068D9
:10FA70001A6A12F0010F03D01A6B0AB99A6A9AB97E
:10FA80001A6BE2B99B6C012B20D0022B23D0436967
:10FA90000393039B83690393039B436843F480634D
:10FAA000436005B05DF804FB00229A62436901934C
:10FAB000019B83690193019BFFF710FFF1E7436905
:10FAC0000293029B83690293029BEAE7036823F493
:10FAD00080630360DBE7036823F4806303600368EB
:10FAE00043F400630360D2E708B543680069DB684C
:10FAF000826C8AB1013A82641AB95A6822F480622F
:10FB00005A60C26C1278196921F0FF010A431A6128
:10FB1000C36C0133C36408BD5A6822F480625A6022
:10FB2000C26A12F0020F03D01A6842F400721A601F
:10FB30005A6912F0040F00D01B69FAF713FBEAE7C9
:10FB400008B543680069DA68836C002B3FD0022B4C
:10FB500023D0032B2DD0012B30D1136823F48063E5
:10FB60001360136823F400631360C36A13F0020F79
:10FB700003D0136843F400731360536823F4806365
:10FB80005360836C013B8364C36C12691A70C36C4D
:10FB90000133C364FAF7E6FA23E0436C5B68022B97
:10FBA0001FD8136823F480631360136843F4006361
:10FBB0001360536823F48063536012E0013B836455
:10FBC000C36C12691A70C36C0133C36409E0C36A61
:10FBD00013F0020F03D0136843F400731360FAF7B5
:10FBE000C1FA08BD10B542680369D1681A6B3AB909
:10FBF0009A6C022A07D0032A1ED0FFF7A1FF01E06A
:10FC0000FFF772FF10BDD86A10F0020F0ED008681F
:10FC100040F40070086009E0986C01389864D86C72
:10FC20000C690470D86C0130D864013A002AF3D111
:10FC30001846FAF797FAE5E70A6822F480620A6044
:10FC40009A6C013A9A64DA6C09691170DA6C0132C3
:10FC5000DA64D7E708B50069FAF784FA08BDF8B5A1
:10FC60000D461F4643680469DE682046FAF786FBA6
:10FC70006B68A3642B68E3642B7AE3620021A162C2
:10FC8000069AB2FA82F2520922636163E163A163C8
:10FC90006564A784336843F001033360336823F459
:10FCA00000633360336843F4806333602B7A13F06E
:10FCB000040F00D1F8BD3046FFF710FEFAE708B593
:10FCC00043680169DB685A6912F0010F0BD15A6968
:10FCD00012F0080F0AD091F82420196921F0FF01D1
:10FCE0000A431A6108BDFFF785FEFBE75A6912F067
:10FCF000020F14D15A6912F0040F13D15A6912F08D
:10FD0000800F01D00A6B82B95A6912F0800F0FD0B0
:10FD10000A6B6AB95A6822F480625A60E2E7FFF718
:10FD2000A2FEDFE7FFF75EFFDCE7FFF7DDFED9E7C6
:10FD30005B6913F0400FD5D00B6B002BD2D1FFF7CE
:10FD4000FFFECFE710B5044643680169DB685A69D6
:10FD500012F4806F11D15A6912F4007F20D15A69D0
:10FD600012F4807F03D05A6922F480725A615A6972
:10FD700012F4006F1BD1002010BD5A6922F480627A
:10FD80005A611A6842F400721A6001238B6320469C
:10FD9000FFF7B2FD2046FFF75DFF6FF00400EBE7D1
:10FDA0005A6922F400725A6101234B63EFE75A69E2
:10FDB00022F400625A61EAE700B585B00DF1100C3B
:10FDC0000CE90E00BDF81C309DF80C2012F0010F5C
:10FDD00006D1069A01A9F6F7B7FD05B05DF804FB58
:10FDE000069A01A9F6F7D4FDF7E708B503468C4655
:10FDF00000681979DA8842EA0C02F6F713FE08BDAA
:10FE000038B50C460569F6F791FF18B923682A68DA
:10FE10005340236038BD08B503468C460068197905
:10FE2000DA8802F0400242EA0C02F6F7EDFF08BD64
:10FE300008B551F8043C5B681A68002301F114000E
:10FE4000FAF74AFF08BD00B50368136001E0083304
:10FE50001360136890F804C0D0F800E00EEBCC0CEF
:10FE6000634505D293F805C08C45F0D1002001E030
:10FE70006FF001005DF804FB2DE9F04107460E46E6
:10FE8000002401E00134E4B2B44210D257F8245007
:10FE9000C5F3431805F01F00F1F716FF50B1012319
:10FEA0002A464146FEF755FC0028EBDA00E0002028
:10FEB000BDE8F0816FF01200FAE74163704781639B
:10FEC0007047C16370470164704710F0010F01D0A3
:10FED0000220704700207047436823F070031943E5
:10FEE00041607047036941681B6849680131B3FB91
:10FEF000F1F3002013605060704708B503460068B6
:10FF00005968F7F73DFB08BD00B583B001AAFFF7BC
:10FF10009AFF002805DB019B002219791868FFF77A
:10FF2000ABFF03B05DF804FB43681868C1F34B13E3
:10FF300001F01F01C358012000FA01F10B40003B02
:10FF400018BF012313700020704710B443681C6869
:10FF5000C1F34B1001F01F01235801228A401343C3
:10FF60002350002010BC704710B443681C68C1F3D4
:10FF70004B1001F01F01235801228A4023EA02039B
:10FF80002350002010BC704738B504460D46FFF7DB
:10FF9000DCFF29462046FFF7E7FF002038BD036954
:10FFA000302906D04C2911D15B68136000205060C5
:10FFB00070471968890911601B6803F03F0343F615
:10FFC000095101FB03F35360002070476FF0850077
:10FFD000704738B50D4644684FF48032E068F7F753
:10FFE0001DFE627E12052946E068F7F787FE0022B3
:10FFF0002946E068F7F74AFEE068237E23B1022233
:020000040801F1
:100000002946F7F7B3FE38BD0022F9E700B583B003
:1000100001AAFFF718FF002805DB019B00221979D0
:100020001868FFF729FF03B05DF804FB38B51446E4
:1000300005690C296CD8DFE801F01D252D074B530D
:100040005B356B6B6B6B6300EA88B5F9001020467B
:10005000F7F788FFEA88B5F9021004F10800F7F70E
:1000600081FFEA88B5F9041004F11000F7F77AFF70
:1000700000204FE0EA88B5F900102046F7F772FF3C
:10008000002047E0EA88B5F902102046F7F76AFF3A
:1000900000203FE0EA88B5F904102046F7F762FF38
:1000A000002037E02A8AB5F90A102046F7F786FFC4
:1000B0002A8AB5F90C1004F10800F7F77FFF2A8AA5
:1000C000B5F90E1004F11000F7F778FF002021E0D9
:1000D0002A8AB5F90A102046F7F770FF002019E0C8
:1000E0002A8AB5F90C102046F7F768FF002011E0C6
:1000F0002A8AB5F90E102046F7F760FF002009E0C4
:10010000B5F908202146A87CF7F77AFF002001E026
:100110006FF0850038BD00B587B0009201930023D1
:100120008DF80830089B0393099B049307238DF8EF
:1001300014300B4602226946F7F7E6FF07B05DF878
:1001400004FB00B585B08DF80F10019300920123D8
:100150000DF10F0281880068FFF7DDFF05B05DF843
:1001600004FB00B585B08DF80F10012301930092B8
:100170000DF10F0281880068FFF7CDFF05B05DF833
:1001800004FB00B585B00191029202228DF80C208B
:10019000012201A9F7F7B8FF05B05DF804FBF0B53F
:1001A00085B006460F4615461C468DF80C200123E7
:1001B00001930DF10F02009203AAFFF7ACFFA0B963
:1001C000E24352B29DF80F309DF828100C401A40BF
:1001D0001443A34209D08DF80C508DF80D403B46D6
:1001E000022203A93046FFF7CCFF05B0F0BD00B5F1
:1001F00083B08DF804108DF805208388022201A9B0
:100200000068FFF7BEFF03B05DF804FB03691B68DD
:100210001B680B6043681B68DB6803F4C063B3F5BD
:10022000806F04D0B3F5C06F11D1012300E0022329
:100230000B7143681B681B6903F44053B3F5805F7F
:1002400007D0B3F5405F06D0FBB9012304E00023DB
:10025000EEE7002300E002234B7143681B68DA6875
:10026000DB6803F4C06312F4805F10D1A3B90323E9
:100270008B7143681B685B6903F44073B3F5407F7F
:100280000CD00023CB71002070470323E4E70BB9A7
:100290000423EDE70323EBE70223E9E70123F1E77A
:1002A00000B583B043681868036813F0080F05D0E1
:1002B00003680193019B43680193019B036813F05A
:1002C000200F04D09047002003B05DF804FB4FF0EE
:1002D000FF30F9E710B543681868036813F0800F22
:1002E000FBD0EFF31184102383F31288BFF36F8FD9
:1002F000036813F0800F04D184F31188BFF36F8F6C
:10030000EBE7904784F31188BFF36F8F10BD43680C
:100310000B707047C9B24160704784B043681B6876
:10032000186810F0080000D001201A6812F0010FC0
:1003300001D040F002001A6812F0020F01D040F024
:1003400004001A6812F0040F01D040F020001A686F
:1003500012F4807F2AD040F008006FF480721A6097
:1003600010F0010F05D01A680092009A5A680092A6
:10037000009A10F0020F05D01A680192019A5A688B
:100380000192019A10F0040F05D01A680292029AA5
:100390005A680292029A10F0200F05D01A68039250
:1003A000039A5B680393039B04B0704710F0080F37
:1003B000D6D0D2E72DE9F843984643681D682B68EC
:1003C00013F0800F1DD00F461646EFF3118910234E
:1003D00083F31288BFF36F8F0024301B002809DDE0
:1003E000286810F0800F05D0224639462846C047BD
:1003F0000134F2E789F31188BFF36F8F2046BDE81F
:10040000F8830024FAE78B5C436070472DE9F041E4
:1004100082B0884616461F4643681D680024301B7C
:10042000002813DD286810F0200F0FD02246414627
:100430002846B8470134286810F0080FEFD02B6821
:100440000193019B6B680193019BE8E7204602B092
:10045000BDE8F08143688B54704743681A6802F125
:100460000C0353E8003F43F0400302F10C0040E866
:1004700000310029F3D1704743681A6802F10C0378
:1004800053E8003F23F0400302F10C0040E8003144
:100490000029F3D1704743681B681A6812F0800F77
:1004A00005D0DB6813F0400F03D001207047002017
:1004B00070470020704743681B681868C0F38010BD
:1004C000704743681A6802F10C0353E8003F43F099
:1004D000200302F10C0040E800310029F3D17047FD
:1004E00043681A6802F10C0353E8003F23F020032D
:1004F00002F10C0040E800310029F3D17047436855
:100500001B681868C0F34010704743681B681A687E
:1005100012F0200F03D0DA6812F0200F09D11A6808
:1005200012F0400F07D0DB6813F0400F05D1002018
:100530007047012070470020704701207047036911
:1005400059609A6000221A615A61704708B50369C0
:1005500013B14269C068984708BD00B587B0002351
:100560000193029303930493059302238DF80430BF
:10057000436E0293C26E0392036F9B1A049390F82A
:10058000232012F0200F09D1026FC26613B907B001
:100590005DF804FB01A9FFF7D9FFF8E701A9FFF710
:1005A000D5FFF4E710B586B001A9002301934B6095
:1005B0008B60CB600B61D0F8FC400294D0F808410E
:1005C0000394C0F80031C0F80831FFF7BFFF06B050
:1005D00010BD10B586B001A9002301934B608B605C
:1005E000CB600B6101248DF80440D0F8FC400294EC
:1005F000D0F808410394C0F80031C0F80831FFF783
:10060000A5FF06B010BD00B587B001A90023019376
:100610004B608B60CB600B6103238DF80430FFF7D8
:1006200095FF07B05DF804FB00B587B001A9002372
:1006300001934B608B60CB600B6104238DF8043019
:10064000436E0293FFF782FF07B05DF804FB036976
:1006500019615A61002058609860704782B0036841
:100660000193019B43680193019B00F10C0353E844
:10067000003F43F0100300F10C0141E80032002A72
:10068000F3D102B070470369EFF3118C102080F3AF
:100690001288BFF36F8FD3F8480160B993F8A800B0
:1006A00060B1C3F84811C3F84C2100208CF31188C5
:1006B000BFF36F8F70476FF00F00F7E76FF00C001C
:1006C000F4E770B588B004690D4679B101291FD0EF
:1006D0006A46E169A069F7F7C9FF48BBA36E019EAE
:1006E0009E1BE26EB2421CD8266705E0E26EA36E46
:1006F0009A420AD223670026226FE36E9A4219D8E3
:10070000E5B1012D1ED0E6661AE00023E36617E08E
:10071000A36E5908E26EB2EB530F11D22167002687
:10072000EAE723672046FFF718FF0023E366DBE7CD
:100730000026E1E72046FFF710FFE1E70023E3662C
:1007400008B070BDA36E5B08E366F9E770B58AB0C8
:10075000064643681A6805690023059306930793C4
:100760000893099305238DF8143095F8A830002BD1
:100770004FD002F10C0454E8003F23F0100344E88A
:1007800000310029F5D102213046FFF79AFF2846B3
:10079000FFF74AFF736830691A6802F1140353E8DF
:1007A000003F23F0400302F1140646E8003100291F
:1007B000F3D1002380F8A83005F17800FAF794FA15
:1007C000E969A869F8F720F8D5F848216AB16946BF
:1007D00000230093019302930393049304238DF861
:1007E000003001922846FFF7B1FE0023C5F84831DA
:1007F000C5F84C3154E8003F43F0200344E8003290
:10080000002AF7D105A92846FFF7A0FE00200AB06C
:1008100070BD05A92846FFF799FE6FF00D00F6E7B9
:1008200010B5034650F86C0CEFF31184102282F3DC
:100830001288BFF36F8F13F8552C12F0200F05D1DB
:1008400053F8082C53F8103C9A4207D00221FFF7C6
:1008500038FF84F31188BFF36F8F10BDFFF776FF69
:10086000F7E730B589B00469D4F80051DDB104F57B
:100870008870FAF739FA6A46D4F8B410D4F8B000A0
:10088000F7F7F4FE18B9019BED1AC4F80851D4F833
:10089000B410D4F8B000F7F7B7FF2046FFF799FE81
:1008A000002009B030BD6FF00D00FAE708B5A0F5E3
:1008B0008870C068FFF7D5FF08BD08B5034600681B
:1008C0005968F8F76BF808BD4B1C012B00D870472E
:1008D00010B5044621EAE1714FEAE17C40F2E733CA
:1008E000C8184FF47A724FF000034CF10001EFF793
:1008F0007DFD02460B462046FAF7EEF910BDF0B535
:1009000083B00546066943681C68E36813F0400F2E
:1009100005D0236813F0400F0CD0012300E0002322
:100920001F46736813B1B1682846984773681BB1B6
:1009300003B0F0BD0023F3E7E36813F0100F15D008
:10094000236813F0100F11D023680193019B636893
:100950000193019B716F21B902212846FFF7B1FE77
:1009600014E006F17800FFF7AFFF0FE097B104F154
:100970000C0353E8003F23F0400304F10C0141E86D
:100980000032002AF3D13046FFF70CFE2846FFF76D
:10099000C4FCCDE7E36813F0200FF7D0236813F011
:1009A000200FF3D06FF020032360EFE7F8B50C467B
:1009B000476803691D680979012904D002290ED10D
:1009C0004FF4806301E04FF4C0636279012A08D0DC
:1009D000022A08D0002A4BD14FF4805205E00023B0
:1009E000F3E7002201E04FF44052A679042E42D0F2
:1009F000002943D14FF0000CE179012941D00021B9
:100A0000A54241D03F68FE6806F4C06E734504D02D
:100A1000FE6826F4C0663343FB6043681E68336992
:100A200003F440539A4204D0336923F440531A43E9
:100A3000326143681E68F36803F480539C4505D017
:100A4000F36823F480534CEA0303F36043681A68A5
:100A5000536903F44073994204D0536923F44073FB
:100A60000B43536121682B68994228D10020F8BDBF
:100A70004FF40052B9E74FF4805CBDE74FF4805C5F
:100A8000BAE74FF44071BBE73E68F56825F4B0550E
:100A900043EA0C032B43F360336923F440531343BD
:100AA000336143681A68536923F440730B435361FD
:100AB0002168F8F7BDF80028D9DB0020D7E7F8F760
:100AC000B7F80028D3DB23682B600020CFE700B500
:100AD00083B001AAFFF7B7F9002805DB019B0022CC
:100AE00019791868FFF7C8F903B05DF804FB38B549
:100AF00004464568F8F788F8002810DB0021686A8A
:100B0000FFF7E5FF00280ADB2046F8F701FA002886
:100B100005DBAB6A204698472046F8F739FA38BD1E
:100B200008B5002211462620F2F760FF2620FEF7C6
:100B300040F808BD08B5002211462720F2F756FFFD
:100B40002720FEF736F808BD00230360436083606A
:100B5000C360036143618361C36103624362836273
:100B6000C362036343638363704760B1C3685A78A9
:100B700012F0010F03D01B781BB10020704700203A
:100B800070470120704700207047EFF31183102356
:100B900083F31288BFF36F8FFEE710B582B0012494
:100BA0000094F9F7F5F802B010BD3AB18A4208D3C3
:100BB0008160C26000604060002070476FF01500E7
:100BC00070476FF0150070470B4639B11168196016
:100BD00041688A4209D0002313607047136803609C
:100BE00041688A42F7D14360F5E74360F3E708B50F
:100BF0000A460368002101E019461B682BB19342A5
:100C0000FAD1FFF7E1FF012000E0002008BD08B5A0
:100C1000CB6823F00402CA6013F0040F00D108BDB2
:100C20008430FFF7E4FFFAE710B50446C36813F019
:100C3000020F09D0E36813F01F0004D043F0020252
:100C4000E26040F0020010BD01468068FFF7DFFF60
:100C5000F0E7B0B110B500F18C02D0F88C40A242A0
:100C600011D094B12046F9F711FC04F11800FCF7FB
:100C700031F80023A36763612046FAF7D3FA012015
:100C800010BD002070470020FAE70020F8E72DE9AA
:100C9000F041054688461746002602E00023ABB126
:100CA0001E462C68A542F9D074B12046F9F7EEFB38
:100CB00004F11800FCF70EF8C4F87880676120464C
:100CC000FAF7B0FA0123EAE70023E8E73046BDE887
:100CD000F08110B50446F9F7E5FC2046FFF7A4FFC4
:100CE00010BD08B5C36823F01003C3601030F9F7D6
:100CF00039FA08BD8446D31D23F007037F3323F060
:100D00003F03036040314160A3F1400282603F2B0A
:100D100007D8002383F31188BFF36F8F042318468D
:100D200002DF6046704710680844704708B5F2F764
:100D300089FA073020F0070008BD70B584B004467A
:100D40000D4601AE3046FFF7D5FF32462946204614
:100D5000FFF7E9FF0546039A01462046FFF7E6FF45
:100D6000029B2366039B6366A066281A04B070BDCD
:100D7000EFF30580003818BF012070476FF057006F
:100D800070470020704710B400248460838102748F
:100D90008173C47344618461C46100220023C0E98B
:100DA000082310BC70470020704738B5054604681A
:100DB000844211D094B12046FAF7B2F90023A36718
:100DC00004F11800FBF786FF2046FAF72BFA2C688F
:100DD000A542EFD10024EDE70024EBE738BD037C0A
:100DE00013F0280F0DD110B5044683680BB1FAF744
:100DF00097F9237C23F0040323742046FAF712FAB0
:100E000010BD704708B5FBF77FFBFBF79FFB08BDE4
:100E1000EFF31180003818BF0120704708B5FCF7C8
:100E20000BF908BD08B5FCF707F908BD30B401623D
:100E300042620023036300F118028261C261036011
:100E4000436000240025C0E90245436330BC70477D
:100E500010B500F10C04C460046100244461EFF794
:040E60009FFC10BD26
:080E6400BCF5FE7F0100000057
:100E6C0000000000640F0108611B00080000000076
:100E7C00BDD500080000000000000000800F010834
:100E8C00000000000C100108000000007C1001089C
:100E9C00000000004410010800000000B41001081C
:100EAC00000000009810010800000000601001080C
:100EBC00000000002810010800000000F00F0108DD
:100ECC0000000000D40F010800000000B80F01085A
:100EDC00000000009C0F01087DEC000800000000E1
:100EEC00000000000811010800000000EC100108CF
:100EFC0000000000D0100108814A0008000000002A
:100F0C00559100080000000061210008000000005D
:100F1C0025420008000000000000000040110108FC
:100F2C000000000024110108000000005C11010801
:100F3C00000000007811010800000000CC1101082D
:100F4C0000000000B011010800000000941101081D
:080F5C00E50800080000000098
:100F64000C2E010800000000A01401081403002046
:100F7400000000006149000800000000DC43010893
:100F8400305D01085814010822030020000000000D
:100F94000000000000000000F41C0108AC57010828
:100FA4001414010800030020F80C0020751B00082D
:100FB40000000000041D0108C057010814140108B2
:100FC40002030020080D0020751B0008000000002B
:100FD400141D0108D4570108141401080403002047
:100FE400180D0020751B000800000000241D0108D6
:100FF400E85701081414010806030020280D0020F6
:10100400751B000800000000341D0108FC5701088E
:101014001414010808030020380D0020751B000873
:1010240000000000441D01081058010814140108B0
:101034000A030020480D0020751B00080000000072
:10104400541D010824580108141401080C0300203D
:10105400580D0020751B000800000000641D0108E5
:1010640038580108141401080E030020680D0020EC
:10107400751B000800000000741D01084C5801088D
:101084001414010810030020780D0020751B0008BB
:1010940000000000602C01080000000000000000B7
:1010A400120300200000000075EC0008000000009E
:1010B400AC340108205A0108EC130108180300207D
:1010C400A80E0020C5540008000000006831010883
:1010D4007C590108B813010816030020940E00205F
:1010E400814F00080000000064490108D45D010834
:1010F400BC1401082A03002000000020EF0A0108A4
:101104000000000074490108205E0108BC140108B5
:101114002C03002050010020EF0A01080000000009
:10112400003A010800160108381401081A030020C7
:10113400940F00203167000800000000103A0108F5
:1011440028160108381401081C030020E80F0020A9
:101154003167000800000000CC430108945C0108DA
:101164005014010820030020D00200204177000819
:1011740000000000984201084C5C010800000000D7
:101184001E0300203C10002019700008000000001D
:101194000C440108345D0108841401082403002070
:1011A4003C100020A97E0008000000000C44010847
:1011B4006C5D0108841401082603002044100020FB
:1011C400A97E000800000000B4460108BC5D0108C7
:1011D40068140108280300204C100020198200081C
:0411E4000000000007
:1011E80000000000BDEB000800000000BDEB000897
:1011F80000000000BDEB000800000000BDEB000887
:1012080000000000BDEB000800000000BDEB000876
:1012180078590108D944000874590108D9440008CC
:1012280070590108D94400086C590108D9440008CC
:1012380068590108D9440008B410010841F30008AE
:10124800B41001084BF30008B410010855F3000866
:10125800B41001085FF30008B410010869F300082E
:10126800B410010873F30008B41001087DF30008F6
:1012780000000000BDEB000800000000BDEB000806
:1012880000000000BDEB000800000000BDEB0008F6
:1012980000000000BDEB000864590108D9440008AB
:1012A80000000000BDEB000800000000BDEB0008D6
:1012B80000000000BDEB000800000000BDEB0008C6
:1012C80000000000BDEB000800000000BDEB0008B6
:1012D80000000000BDEB0008401101085FF800089D
:1012E8004011010867F80008241101085FF8000898
:1012F8002411010867F8000800000000BDEB000891
:1013080000000000BDEB000800000000BDEB000875
:1013180008110108FF080108EC100108FF0801087E
:1013280060590108D944000800000000BDEB00081E
:1013380000000000BDEB000800000000BDEB000845
:1013480000000000BDEB000800000000BDEB000835
:1013580000000000BDEB0008B410010887F3000886
:1013680000000000BDEB000800000000BDEB000815
:08137800D01001080BF200087F
:0413800061A400085C
:10138800080900208029002000040000F942000814
:101398000000000000000000000000000E00000037
:1013A80000000000FC2B0108000000000000000005
:1013B80011EF000821EF000841EF00084FEF000887
:1013C8004BF00008F1F000085D4B000859EF0008E9
:1013D800DDEF000831EF00083FF000087D4B000802
:1013E80045F0000825550008515200086DF2000824
:1013F800E5510008000000000000000099510008B5
:10140800000000000000000000000000E7F70008EE
:101418005BF7000867F7000879F7000883F700080A
:101428008FF70008996200089DF700080000000087
:101438007D66000899640008C56400080000000083
:1014480000000000000000000D760008E5FE00081E
:1014580029FF00084BFF000869FF000889FF000802
:10146800000000000000000000000000AD8100083E
:101478002D0001080000000000000000000000002E
:101488000000000000000000D97D00089FFF000850
:10149800000000000000000055ED000899ED00086C
:1014A80000000000AD4700080FEE00080000000033
:1014B800C7ED00084F0601082D8B000863080108D6
:1014C800298A0008870601084D07010815850008C4
:1014D800258500081B030108D98D00080D020108A5
:1014E80035850008618500085B0401087904010856
:1014F80097040108C3040108E1040108B7040108BE
:10150800FF0401088D850008FD8500080B0501080A
:08151800000000003F0501087E
:10152000C046010803000000081A0108030000007B
:101530007431010803000000BC34010803000000FE
:101540004838010803000000802C01080300000057
:10155000A042010803000000E83801080300000071
:10156000203A010803000000343A0108030000009B
:10157000B839010803000000FC2B0108030000003B
:101580003C1F0108030000008C1F0108030000003D
:101590005023010803000000442901080300000053
:1015A000844C010803000000C0170108030000007C
:1015B000D0430108030000001444010803000000A8
:1015C000C034010803000000981D0108030000005A
:1015D000841D010803000000E01A01080300000058
:0815E00084490108030000002A
:1015E80018590108A80200203C2301080100000046
:1015F8004400000000400000B3F80008E45B010864
:101608000100000000580040801A06000000000099
:10161800F401000000000000EC5B0108000000007D
:101628008FF80008045C0108010000000054004025
:10163800801A060000000000F4010000000000000D
:101648000C5C0108000000006865617020636F721F
:1016580072757074696F6E202866726565206C6992
:101668007374206C696E6B61676529005745535424
:101678005F544F504449522F7A65706879722F6CC5
:1016880069622F686561702F686561702E6300005C
:101698000000000028616C69676E20262028616CB4
:1016A80069676E202D20312929203D3D203000001A
:1016B800415353455254494F4E204641494C205BB3
:1016C80025735D20402025733A25640A0000000038
:1016D80009616C69676E206D75737420626520619D
:1016E80020706F776572206F6620320A0000000054
:1016F8006279746573202F203855203C3D2030785E
:101708003766666655000000096865617020736970
:101718007A6520697320746F6F206269670A000018
:101728006279746573203E20686561705F666F6FCB
:101738007465725F62797465732862797465732958
:101748000000000009686561702073697A65206986
:101758007320746F6F20736D616C6C0A0000000059
:10176800686561705F737A203E206368756E6B737D
:101778007A2873697A656F66287374727563742042
:101788007A5F686561702929000000006368756EDA
:101798006B305F73697A65202B206D696E5F6368B3
:1017A800756E6B5F73697A65286829203C3D2068EF
:1017B8006561705F737A00006F735F6865617000C0
:1017C8002A2A2A20426F6F74696E67205A657068EA
:1017D8007972204F53206275696C642076342E34F8
:1017E8002E302D31303834302D6765616134383012
:1017F800393136663434202A2A2A0A00286E756C54
:101808006C290000574553545F544F504449522F98
:101818007A65706879722F6C69622F6F732F6362B3
:101828007072696E74665F7061636B616765642E60
:10183800630000007061636B6167656420213D206F
:101848002828766F6964202A293029003000000092
:1018580009537472696E67207769746820746F6FB2
:10186800206D616E7920617267756D656E74730A9B
:1018780000000000097374725F7074725F706F7398
:101888005B5D20746F6F20736D616C6C0A000000E3
:1018980009756E65787065637465642073697A6527
:1018A8002025750A0000000009746F6F206D616EB5
:1018B8007920666F726D617420617267730A000027
:1018C800696E5F7061636B6167656420213D2028E4
:1018D80028766F6964202A293029000028756E73DC
:1018E80069676E6564292063686172202A207573B0
:1018F800656420666F722025257020617267756D9A
:10190800656E742E2049742773207265636F6D6D40
:10191800656E64656420746F2063617374206974F4
:1019280020746F20766F6964202A20626563617570
:101938007365206974206D61792063617573652012
:101948006D69736265686176696F7220696E20637C
:1019580065727461696E20636F6E6669677572611E
:1019680074696F6E732E20537472696E673A2225FC
:10197800732220617267756D656E743A2564000084
:10198800726F735F6E6272203C3D2073697A656F77
:1019980066286370795F7374725F706F73290000D3
:1019A800726F735F6E6272203C3D2073697A656F57
:1019B80066286B6565705F7374725F706F7329005A
:1019C800736370795F636E74203C2073697A656F06
:1019D80066286370795F7374725F706F7329000093
:1019E8006B6565705F636E74203C2073697A656F00
:1019F80066286B6565705F7374725F706F7329001A
:101A080063627072696E74665F7061636B6167654B
:101A180000000000574553545F544F504449522F1B
:101A28007A65706879722F6C69622F6F732F6D7089
:101A380073635F706275662E6300000065727220C2
:101A48003D3D203000000000574553545F544F502F
:101A58004449522F7A65706879722F696E636C7584
:101A680064652F7A65706879722F7370696E6C6F10
:101A7800636B2E68000000007A5F7370696E5F6C9C
:101A88006F636B5F76616C6964286C2900000000E5
:101A980009496E76616C6964207370696E6C6F6356
:101AA8006B2025700A0000007A5F7370696E5F759D
:101AB8006E6C6F636B5F76616C6964286C290000DB
:101AC800094E6F74206D79207370696E6C6F636B4B
:101AD8002025700A000000007379735F6765746FD2
:101AE80070740000574553545F544F504449522F67
:101AF8007A65706879722F696E636C7564652F7A80
:101B080065706879722F647269766572732F636C79
:101B18006F636B5F636F6E74726F6C2E680000008A
:101B280064657620213D202828766F6964202A295B
:101B38003029000009646576696365206973204E61
:101B4800554C4C0A00000000287B206578746572AB
:101B58006E2073747275637420636C6F636B5F635C
:101B68006F6E74726F6C5F6472697665725F6170B4
:101B780069205F636C6F636B5F636F6E74726F6C09
:101B88005F6472697665725F6170695F6C697374AE
:101B98005F73746172745B5D3B2065787465726E07
:101BA80020636F6E73742075696E74385F74205F7C
:101BB800636C6F636B5F636F6E74726F6C5F64727C
:101BC800697665725F6170695F6578745F656E6478
:101BD8005B5D3B202828636F6E73742075696E7493
:101BE800385F74202A292828636F6E7374207374F1
:101BF8007275637420636C6F636B5F636F6E74726E
:101C08006F6C5F6472697665725F617069202A29FA
:101C18006465762D3E61706929203C205F636C6F96
:101C2800636B5F636F6E74726F6C5F647269766505
:101C3800725F6170695F6578745F656E64202626DF
:101C48002028636F6E73742075696E74385F742012
:101C58002A292828636F6E737420737472756374ED
:101C680020636C6F636B5F636F6E74726F6C5F641D
:101C780072697665725F617069202A296465762DBC
:101C88003E61706929203E3D2028636F6E73742081
:101C980075696E74385F74202A295F636C6F636B93
:101CA8005F636F6E74726F6C5F6472697665725F82
:101CB8006170695F6C6973745F7374617274293BD6
:101CC800207D2900636C6F636B5F636F6E74726F46
:101CD8006C000000096465766963652041504920FD
:101CE8006973206E6F742025730A00006770696F2E
:101CF8004034303032323030300000006770696F65
:101D08004034303032316330300000006770696F22
:101D18004034303032313830300000006770696F3D
:101D28004034303032313430300000006770696F31
:101D38004034303032313030300000006770696F25
:101D48004034303032306330300000006770696FE3
:101D58004034303032303830300000006770696FFE
:101D68004034303032303430300000006770696FF2
:101D780040343030323030303000000073746D330E
:101D8800325F6770696F706F72745F6D67720000A1
:101D980073746D33325F6261636B75705F646F6D0E
:101DA80061696E00574553545F544F504449522F50
:101DB8007A65706879722F696E636C7564652F7ABD
:101DC80065706879722F6C6F6767696E672F6C6FC3
:101DD800675F6261636B656E642E68006261636B46
:101DE800656E6420213D202828766F6964202A29A1
:101DF800302900006D736720213D202828766F69FF
:101E080064202A2930290000574553545F544F5005
:101E18004449522F7A65706879722F7375627379A5
:101E2800732F6C6F6767696E672F6C6F675F636F7F
:101E380072652E63000000006261636B656E64204A
:101E48003C3D205F6C6F675F6261636B656E645FCA
:101E58006C6973745F656E640000000009756E65D7
:101E680078706563746564206C69737420656E644A
:101E7800206C6F636174696F6E0A00005745535494
:101E88005F544F504449522F7A65706879722F69B0
:101E98006E636C7564652F7A65706879722F6B65EF
:101EA800726E656C2E680000216B5F69735F7072DB
:101EB800655F6B65726E656C28290000096B5F634E
:101EC800757272656E745F6765742063616C6C65AA
:101ED80064207072652D6B65726E656C0A00000077
:101EE8006C6F675F6261636B656E645F636F756E6D
:101EF800745F6765742829203C2028283332202FF6
:101F080020335529202D202831202B203029290045
:101F18006C6F6767696E67006C6F675F6261636BA0
:101F2800656E645F636F756E745F676574282920DA
:101F38003E2030006C6F6700574553545F544F5034
:101F48004449522F7A65706879722F737562737974
:101F5800732F6C6F6767696E672F6C6F675F6D674C
:101F68006D742E63000000006C696E6B203C3D2090
:101F78005F6C6F675F6C696E6B5F6C6973745F65CC
:101F88006E6400006C6F675F6D676D740000000021
:101F98004D657373616765202822257322292064A3
:101FA800726F70706564206265636175736520691E
:101FB8007420657863656564732073697A65206C3D
:101FC800696D69746174696F6E2028257529000030
:101FD800574553545F544F504449522F7A6570689F
:101FE80079722F7375627379732F6C6F6767696E77
:101FF800672F6C6F675F6D73672E63006C656E206B
:102008003E3D203000000000706C656E203E3D2093
:10201800300000004D6573736167652064726F70EE
:1020280070656420626563617573652069742065F5
:102038007863656564732073697A65206C696D6976
:10204800746174696F6E20282575290057455354AB
:102058005F544F504449522F7A65706879722F73D4
:1020680075627379732F6C6F6767696E672F6C6F12
:10207800675F6F75747075742E6300006F75745F99
:102088006374782D3E636F6E74726F6C5F626C6FF1
:10209800636B2D3E6F6666736574203C3D206F75DB
:1020A800745F6374782D3E73697A65005B253031FF
:1020B800306C755D200000005B253032753A2530A4
:1020C80032753A253032752E253033752C2530334C
:1020D800755D20001B5B306D00000000257300005B
:1020E80025732E0025733A20000000003C25733E1E
:1020F8002000000025732F006C6576656C203C3D40
:1021080020340000257320000A0000000D0A00009A
:102118002000000025303278200000002020200018
:102128007C00000025630000657272203E3D20306F
:1021380000000000256400001B5B313B33316D005B
:102148001B5B313B33336D006572720077726E0032
:10215800696E660064626700574553545F544F5078
:102168004449522F7A65706879722F696E636C756D
:1021780064652F7A65706879722F64726976657202
:10218800732F756172742F756172745F696E7465EF
:10219800726E616C2E680000287B20657874657209
:1021A8006E2073747275637420756172745F6472E3
:1021B800697665725F617069205F756172745F64CA
:1021C80072697665725F6170695F6C6973745F7359
:1021D800746172745B5D3B2065787465726E206310
:1021E8006F6E73742075696E74385F74205F7561E3
:1021F80072745F6472697665725F6170695F657831
:10220800745F656E645B5D3B202828636F6E737432
:102218002075696E74385F74202A292828636F6EC8
:1022280073742073747275637420756172745F645B
:1022380072697665725F617069202A296465762DF6
:102248003E61706929203C205F756172745F647219
:10225800697665725F6170695F6578745F656E64E1
:102268002026262028636F6E73742075696E743873
:102278005F74202A292828636F6E73742073747220
:1022880075637420756172745F6472697665725FD4
:10229800617069202A296465762D3E61706929205C
:1022A8003E3D2028636F6E73742075696E74385FC5
:1022B80074202A295F756172745F64726976657229
:1022C8005F6170695F6C6973745F7374617274299C
:1022D8003B207D2900000000574553545F544F5060
:1022E8004449522F7A65706879722F7375627379D1
:1022F800732F6C6F6767696E672F6261636B656EBA
:1023080064732F6C6F675F6261636B656E645F7582
:102318006172742E630000006465766963655F69A5
:10232800735F726561647928756172745F6465763C
:10233800290000006C6F675F6261636B656E645FA4
:1023480075617274000000006C6F675F756172746C
:102358000000000072302F61313A2020307825309B
:102368003878202072312F61323A20203078253099
:102378003878202072322F61333A20203078253087
:102388003878000072332F61343A202030782530B5
:102398003878207231322F69703A20203078253011
:1023A8003878207231342F6C723A202030782530FA
:1023B8003878000020787073723A20203078253001
:1023C800387800004661756C74696E6720696E73B1
:1023D8007472756374696F6E206164647265737377
:1023E80020287231352F7063293A2030782530380B
:1023F80078000000556E68616E646C65642049520F
:10240800516E3A2025640000535053454C20696EA4
:1024180020746872656164206D6F646520646F65FF
:1024280073206E6F7420696E6469636174652050EF
:10243800535000002A2A2A2A2A205553414745206A
:102448004641554C54202A2A2A2A2A002020446929
:10245800766973696F6E206279207A65726F000001
:102468002020556E616C69676E6564206D656D6FBF
:1024780072792061636365737300000020204E6FDA
:1024880020636F70726F636573736F7220696E7308
:102498007472756374696F6E730000002020496C54
:1024A8006C6567616C206C6F6164206F66204558AD
:1024B800435F52455455524E20696E746F20504305
:1024C800000000002020496C6C6567616C20757302
:1024D80065206F66207468652045505352000000DF
:1024E8002020417474656D707420746F2065786560
:1024F8006375746520756E646566696E65642069C8
:102508006E737472756374696F6E00002A2A2A2AC2
:102518002A204465627567206D6F6E69746F72203A
:10252800657863657074696F6E202A2A2A2A2A00E2
:102538005265736572766564204578636570746961
:102548006F6E20280000000053707572696F7573F4
:1025580020696E7465727275707420284952512012
:10256800000000002A2A2A2A2A2025732025642907
:10257800202A2A2A2A2A00002A2A2A2A2A204255D8
:1025880053204641554C54202A2A2A2A2A00000062
:102598002020537461636B696E67206572726F7275
:1025A800000000002020556E737461636B696E67CC
:1025B800206572726F720000202050726563697323
:1025C80065206461746120627573206572726F7230
:1025D8000000000020204246415220416464726598
:1025E80073733A2030782578000000002020496D68
:1025F80070726563697365206461746120627573C4
:10260800206572726F7200002020496E73747275B3
:102618006374696F6E20627573206572726F7200E1
:102628002020466C6F6174696E672D706F696E74D7
:10263800206C617A79207374617465207072657397
:102648006572766174696F6E206572726F720000D0
:102658002A2A2A2A2A204D5055204641554C5420D2
:102668002A2A2A2A2A0000002020537461636B69F1
:102678006E67206572726F722028636F6E7465785A
:10268800742061726561206D6967687420626520D5
:102698006E6F742076616C696429000020204461A3
:1026A8007461204163636573732056696F6C61744C
:1026B800696F6E0020204D4D46415220416464727E
:1026C8006573733A20307825780000002020496E21
:1026D800737472756374696F6E2041636365737395
:1026E8002056696F6C6174696F6E000057455354CA
:1026F8005F544F504449522F7A65706879722F6140
:102708007263682F61726D2F636F72652F636F72CA
:102718007465785F6D2F6661756C742E63000000B8
:10272800212828285343425F54797065202A29209C
:10273800282830784530303045303030554C292005
:102748002B20307830443030554C2920292D3E43F9
:102758004653522026202831554C203C3C20283016
:1027680055202B203455292929000000095374616C
:10277800636B696E67206572726F72206E6F74206A
:102788006120737461636B206661696C0A0A0000DA
:102798002A2A2A2A2A2048415244204641554C5484
:1027A800202A2A2A2A2A00002020427573206661DE
:1027B800756C74206F6E20766563746F7220746117
:1027C800626C652072656164000000002020446529
:1027D800627567206576656E74000000202046618A
:1027E800756C7420657363616C6174696F6E202801
:1027F8007365652062656C6F772900004152434814
:102808005F45584345505420776974682072656164
:10281800736F6E2025780A00094661756C7420650F
:102828007363616C6174696F6E20776974686F7522
:10283800742046535220696E666F0A000948617217
:10284800644661756C7420776974686F7574204884
:1028580046535220696E666F205368616C6C206E17
:1028680065766572206F636375720A00455346206A
:10287800636F756C64206E6F742062652072657476
:1028880072696576656420737563636573736675CD
:102898006C6C792E205368616C6C206E657665725D
:1028A800206F636375722E00574553545F544F5021
:1028B8004449522F7A65706879722F617263682F64
:1028C80061726D2F636F72652F636F727465785FC5
:1028D8006D2F6972715F6D616E6167652E630000AF
:1028E8007072696F203C3D20282831554C203C3CB3
:1028F8002028342929202D203129000009696E76E5
:10290800616C6964207072696F72697479202564DA
:1029180020666F7220256420697271212076616CAF
:10292800756573206D757374206265206C657373AB
:10293800207468616E20256C750A0A006D70750038
:102948004661696C656420746F20616C6C6F6361AB
:102958007465206E6577204D505520726567696FE4
:102968006E2025750A000000506172746974696FE1
:102978006E2025753A20636F686572656E63652001
:10298800636865636B206661696C65642E0000008E
:10299800574553545F544F504449522F7A657068D5
:1029A80079722F617263682F61726D2F636F726520
:1029B8002F6D70752F61726D5F6D70752E630000DD
:1029C8002128726567696F6E5B6964785D2E64742F
:1029D8005F617474722026202831554C203C3C20BD
:1029E80028302929290000000952414D5F4E4F43E4
:1029F8004143484520776974682044545F4D454DEC
:102A08005F434143484541424C45206174747269B3
:102A1800627574650A0A000009436F6E6669677516
:102A280072696E6720257520737461746963204D1F
:102A3800505520726567696F6E73206661696C65B1
:102A4800640A0A0009436F6E6669677572696E6782
:102A58002025752064796E616D6963204D5055207D
:102A6800726567696F6E73206661696C65640A0ACE
:102A780000000000095265717565737420746F2039
:102A8800636F6E6669677572653A20257520726591
:102A980067696F6E732028737570706F72746564E0
:102AA8003A202575290A0A00094661696C6564207F
:102AB800746F20616C6C6F63617465204D50552094
:102AC800726567696F6E732066726F6D2044540A71
:102AD8000A0000002828284D50555F547970652059
:102AE8002A29202828307845303030453030305574
:102AF8004C29202B20307830443930554C29202956
:102B08002D3E545950452026202830784646554CAD
:102B1800203C3C2038552929203E3E203855203D70
:102B28003D20380009496E76616C6964206E756DC8
:102B3800626572206F66204D505520726567696F17
:102B48006E730A0A00000000464C4153485F30008B
:102B58005352414D5F300000574553545F544F5016
:102B68004449522F7A65706879722F737562737948
:102B7800732F696E7075742F696E7075742E63008B
:102B880063616C6C6261636B203C3D205F696E70B1
:102B980075745F63616C6C6261636B5F6C6973749D
:102BA8005F656E64000000006B5F6D7367715F673F
:102BB8006574206572726F723A2025640000000007
:102BC8004576656E742064726F707065642C207130
:102BD800756575652066756C6C2C206E6F74206247
:102BE8006C6F636B696E6720696E20737973777198
:102BF8002E000000696E707574000000496E7661E1
:102C08006C6964206C696E65206E756D62657220F2
:102C180025750000574553545F544F504449522F6F
:102C28007A65706879722F647269766572732F6934
:102C38006E746572727570745F636F6E74726F6CA8
:102C48006C65722F696E74635F657874695F7374FD
:102C58006D33322E63000000696E74657272757090
:102C6800742D636F6E74726F6C6C657240343030A3
:102C78003133633030000000657874695F73746DB8
:102C880033320000574553545F544F504449522F34
:102C98007A65706879722F647269766572732F69C4
:102CA8006E746572727570745F636F6E74726F6C38
:102CB8006C65722F696E74635F6770696F5F737498
:102CC8006D33322E630000002828286C696E652950
:102CD80020213D20305529202626202828286C69C7
:102CE8006E652920262028286C696E6529202D20EC
:102CF80031552929203D3D20305529290000000063
:102D080009496E76616C69642F636F7272757074AD
:102D18006564204C4C5F455854495F4C494E455FAB
:102D28006E2076616C75650A0000000028286C69C1
:102D38006E6529203C2031203F202D31203A202863
:102D480073697A656F66285F5F747970656F665F0F
:102D58005F286C696E652929203E2034203F202891
:102D68003634202D205F5F6275696C74696E5F630D
:102D78006C7A6C6C286C696E6529202D20312920AD
:102D88003A20283332202D205F5F6275696C7469A0
:102D98006E5F636C7A286C696E6529202D20312955
:102DA8002929203C20313600574553545F544F5051
:102DB8004449522F7A65706879722F647269766512
:102DC80072732F636C6F636B5F636F6E74726F6C7B
:102DD8002F636C6F636B5F73746D33325F6C6C5F02
:102DE800636F6D6D6F6E2E6300000000706C6C6D0C
:102DF8005F64697620262620706C6C6F75745F643A
:102E080069760000726363403430303233383030D2
:102E180000000000574553545F544F504449522F07
:102E28007A65706879722F647269766572732F6338
:102E38006F756E7465722F636F756E7465725F73EC
:102E4800746D33325F74696D65722E630000000023
:102E58006775617264203C20636F756E7465725F7C
:102E680073746D33325F6765745F746F705F76611A
:102E78006C75652864657629000000005745535431
:102E88005F544F504449522F7A65706879722F69A0
:102E98006E636C7564652F7A65706879722F6472D9
:102EA80069766572732F72657365742E6800000009
:102EB800287B2065787465726E20737472756374EC
:102EC8002072657365745F6472697665725F61709C
:102ED80069205F72657365745F6472697665725F95
:102EE8006170695F6C6973745F73746172745B5D40
:102EF8003B2065787465726E20636F6E73742075FD
:102F0800696E74385F74205F72657365745F64728C
:102F1800697665725F6170695F6578745F656E6414
:102F28005B5D3B202828636F6E73742075696E742F
:102F3800385F74202A292828636F6E73742073748D
:102F4800727563742072657365745F6472697665FF
:102F5800725F617069202A296465762D3E61706907
:102F680029203C205F72657365745F6472697665B9
:102F7800725F6170695F6578745F656E642026268C
:102F88002028636F6E73742075696E74385F7420BF
:102F98002A292828636F6E7374207374727563749A
:102FA8002072657365745F6472697665725F6170BB
:102FB80069202A296465762D3E61706929203E3D85
:102FC8002028636F6E73742075696E74385F74207F
:102FD8002A295F72657365745F6472697665725FCA
:102FE8006170695F6C6973745F7374617274293B93
:102FF800207D2900726573657400000063622021DA
:103008003D202828766F6964202A2930290000008D
:1030180009746F70206576656E7420656E61626CE8
:103028006564202D20657870656374696E67206318
:10303800616C6C6261636B0A00000000646174611A
:103048002D3E67756172645F706572696F64203CBC
:1030580020636F756E7465725F73746D33325F676A
:1030680065745F746F705F76616C756528646576EA
:103078002900000021636865636B5F69745F656E92
:1030880061626C65645B69645D2874696D65722949
:1030980000000000094578706563746564207468F1
:1030A800617420434320696E746572727570742070
:1030B80069732064697361626C65642E0A0000009C
:1030C800436F756C64206E6F7420696E69746961F2
:1030D8006C697A6520636C6F636B2028256429000E
:1030E800436F756C64206E6F7420636F6E666967DA
:1030F80075726520636C6F636B2028256429000056
:1031080054696D657220636C6F636B2072617465BE
:1031180020676574206572726F7220282564290003
:1031280054696D657220636C6F636B20736F757281
:103138006365206973206E6F7420737065636966B8
:1031480069656400726573657420636F6E74726F6D
:103158006C6C6572206E6F74207265616479000012
:10316800434F554E5445525F35000000636F756EEE
:103178007465725F74696D65725F73746D33320064
:103188005072696F72697479206572726F722E203D
:1031980025640000446972656374696F6E20657206
:1031A800726F722E202564004D656D6F72792069EB
:1031B8006E6372656D656E74206572726F722E2013
:1031C8002564000050657269706820696E637265D5
:1031D8006D656E74206572726F722E202564000012
:1031E800636C6F636B206F70206661696C65640A3D
:1031F8000000000063616E6E6F7420636F6E666915
:10320800677572652074686520646D6120737472D7
:1032180065616D2025642E00646D6120737472658C
:10322800616D20256420697320627573792E000012
:10323800636F756C64206E6F742064697361626C6F
:103248006520646D612073747265616D2025642E3C
:1032580000000000446174612073697A6520746F0E
:103268006F206269673A2025640A00004D656D6326
:103278006F7079206E6F7420737570706F727465DB
:103288006420666F72206465766963652025730023
:10329800736F7572636520616E6420646573742052
:1032A800646174612073697A652064696666657211
:1032B8002E000000696E76616C696420736F757208
:1032C800636520756E69742073697A653A20256490
:1032D80000000000736F757263655F72656C6F61E3
:1032E800645F656E20616E6420646573745F7265E7
:1032F8006C6F61645F656E206D7573742062652004
:103308007468652073616D652E000000736F7572B7
:1033180063655F6275666665722061646472657371
:1033280073206973206E756C6C2E0000646573746D
:103338005F62756666657220616464726573732086
:103348006973206E756C6C2E000000004368616E16
:103358006E656C20646972656374696F6E2065724E
:10336800726F7220282564292E000000536F757231
:103378006365206275727374206C656E677468206B
:103388002564206973206E6F7420616C69676E65AF
:103398006420746F20736F75726365206461746153
:1033A8002073697A65202564000000004465737401
:1033B800696E6174696F6E206275727374206C65D2
:1033C8006E677468202564206973206E6F742061AD
:1033D8006C69676E656420746F2064657374696EC8
:1033E8006174696F6E20646174612073697A652005
:1033F80025640000646D6120736C6F7420657272BF
:103408006F722E00646D6120736C6F742069732075
:10341800746F6F206269672C207573696E6720303E
:103428002061732064656661756C742E000000006D
:10343800574553545F544F504449522F7A6570682A
:1034480079722F647269766572732F646D612F6467
:103458006D615F73746D33322E6300006964203CC4
:1034680020636F6E6669672D3E6D61785F73747255
:1034780065616D7300000000556E65787065637452
:103488006564206972712068617070656E65642E6C
:10349800000000005472616E736665722045727296
:1034A8006F722E00646D6140343030323630303007
:1034B80000000000646D615F73746D3332000000BA
:1034C800574553545F544F504449522F7A6570689A
:1034D80079722F647269766572732F646D612F64D7
:1034E8006D615F73746D33325F76312E6300000057
:1034F8006964203C20282873697A655F7429282824
:1035080028696E742973697A656F662863686172C1
:103518005B31202D202832202A202128215F5F625C
:1035280075696C74696E5F74797065735F636F6DCC
:1035380070617469626C655F70285F5F747970652B
:103548006F665F5F2873747265616D5F6E72292C98
:10355800205F5F747970656F665F5F2826287374D3
:103568007265616D5F6E72295B305D292929295D5D
:1035780029202D203129202B202873697A656F6630
:103588002873747265616D5F6E7229202F207369CC
:103598007A656F66282873747265616D5F6E72292B
:1035A8005B305D2929292900736C6F74203C202821
:1035B8002873697A655F7429282828696E742973C5
:1035C800697A656F6628636861725B31202D2028EF
:1035D80032202A202128215F5F6275696C74696E28
:1035E8005F74797065735F636F6D70617469626C25
:1035F800655F70285F5F747970656F665F5F2863C9
:1036080068616E6E656C5F6E72292C205F5F7479DD
:1036180070656F665F5F2826286368616E6E656CEB
:103628005F6E72295B305D292929295D29202D20AB
:103638003129202B202873697A656F6628636861B1
:103648006E6E656C5F6E7229202F2073697A656FC4
:103658006628286368616E6E656C5F6E72295B30E0
:103668005D292929290000006964203C2028287345
:10367800697A655F7429282828696E742973697ABC
:10368800656F6628636861725B31202D20283220BF
:103698002A202128215F5F6275696C74696E5F74E6
:1036A800797065735F636F6D70617469626C655F73
:1036B80070285F5F747970656F665F5F2866756EE6
:1036C80063292C205F5F747970656F665F5F2826B9
:1036D8002866756E63295B305D292929295D2920B3
:1036E8002D203129202B202873697A656F6628667A
:1036F800756E6329202F2073697A656F662828669E
:10370800756E63295B305D292929290074633A2085
:1037180025642C2068743A2025642C2074653A208E
:1037280025642C20646D653A2025642C2066653A52
:10373800202564004669466F206572726F722E00FC
:10374800286D656D5F62757273745F73697A652041
:1037580025206D656D5F646174615F73697A6529A1
:10376800203D3D2030000000094275727374206CC2
:10377800656E6774682025752073686F756C6420A2
:103788006265206D756C7469706C65206F66206465
:103798006174612073697A652025750A000000004C
:1037A8002575206275727374732070657220626566
:1037B800617420697320756E737570706F727465AB
:1037C800643B2066616C6C696E67206261636B2084
:1037D800746F2073696E676C652D62656174206211
:1037E8007572737400000000287065725F627572EC
:1037F80073745F73697A652025207065725F6461F0
:1038080074615F73697A6529203D3D2030000000AE
:103818004649464F207468726573686F6C642070FF
:103828006172616D65746572206572726F722C20A9
:10383800726573657420746F20312F3400000000A6
:10384800646D615F73746D33325F76310000000020
:10385800574553545F544F504449522F7A65706806
:1038680079722F696E636C7564652F7A65706879F3
:10387800722F647269766572732F6770696F2F672C
:1038880070696F5F7574696C732E680063616C6C26
:103898006261636B00000000094E6F2063616C6C0D
:1038A8006261636B210A000063616C6C6261636B27
:1038B8002D3E68616E646C6572000000094E6F20D1
:1038C80063616C6C6261636B2068616E646C6572C5
:1038D800210A000063622D3E68616E646C657200A7
:1038E8006932630049324320636F6E74726F6C6C87
:1038F8006572206E6F7420636F6E66696775726596
:10390800640000006932633A20504D2072756E746D
:10391800696D65206661696C7572653A2025640079
:1039280025733A20696E76616C6964206D6F6465F1
:10393800202569004661696C65642063616C6C20B0
:10394800636C6F636B5F636F6E74726F6C5F6765D8
:10395800745F726174652870636C6B656E5B315D52
:10396800290000004661696C65642063616C6C2005
:10397800636C6F636B5F636F6E74726F6C5F6765A8
:10398800745F726174652870636C6B656E5B305D23
:10399800290000006932633A206661696C757265B6
:1039A80020696E697469616C697A696E67000000E4
:1039B8006932635F73746D3332000000493243200B
:1039C80070696E6374726C207365747570206661BB
:1039D800696C656420282564290000006932633A0F
:1039E800206661696C75726520656E61626C696ECE
:1039F8006720636C6F636B0069326340343030302A
:103A080035383030000000006932634034303030DF
:103A180035343030000000006932635F6C6C5F73CE
:103A2800746D33325F636F6D6D6F6E006932635F03
:103A38006C6C5F73746D33325F7631005745535445
:103A48005F544F504449522F7A65706879722F69D4
:103A58006E636C7564652F7A65706879722F64720D
:103A680069766572732F6770696F2E6800000000B1
:103A7800706F727420213D202828766F6964202A8F
:103A880029302900287B2065787465726E2073744C
:103A980072756374206770696F5F647269766572A6
:103AA8005F617069205F6770696F5F6472697665CE
:103AB800725F6170695F6C6973745F73746172744B
:103AC8005B5D3B2065787465726E20636F6E7374FE
:103AD8002075696E74385F74205F6770696F5F6402
:103AE80072697665725F6170695F6578745F656E2B
:103AF800645B5D3B202828636F6E73742075696E64
:103B080074385F74202A292828636F6E73742073B1
:103B18007472756374206770696F5F647269766523
:103B2800725F617069202A29706F72742D3E61700E
:103B38006929203C205F6770696F5F6472697665E8
:103B4800725F6170695F6578745F656E64202626B0
:103B58002028636F6E73742075696E74385F7420E3
:103B68002A292828636F6E737420737472756374BE
:103B7800206770696F5F6472697665725F617069EA
:103B8800202A29706F72742D3E61706929203E3D8C
:103B98002028636F6E73742075696E74385F7420A3
:103BA8002A295F6770696F5F6472697665725F6101
:103BB80070695F6C6973745F7374617274293B20F8
:103BC8007D2900006770696F0000000028666C613D
:103BD8006773202620282831554C203C3C20283269
:103BE800312929207C202831554C203C3C20283282
:103BF800322929207C202831554C203C3C20283271
:103C0800332929207C202831554C203C3C2028325F
:103C1800342929207C202831554C203C3C2028324E
:103C2800352929207C202831554C203C3C2028323D
:103C38003629292929203D3D2030000009496E7484
:103C480065727275707420666C6167732061726545
:103C5800206E6F7420737570706F727465640A00DB
:103C680028666C616773202620282831203C3C2078
:103C78003429207C202831203C3C20352929292042
:103C8800213D20282831203C3C203429207C202834
:103C980031203C3C20352929000000000950756C72
:103CA8006C20557020616E642050756C6C20446FD8
:103CB800776E2073686F756C64206E6F7420626510
:103CC80020656E61626C65642073696D756C7461E2
:103CD8006E656F75736C790A0000000021282866EC
:103CE8006C6167732026202831554C203C3C2028E5
:103CF8003136292929202626202128666C616773F8
:103D08002026202831554C203C3C202831372929B1
:103D1800292026262028666C6167732026202831F2
:103D2800203C3C20312929290000000009496E70F7
:103D380075742063616E6E6F7420626520656E61B4
:103D4800626C656420666F7220274F70656E204430
:103D58007261696E272C20274F70656E20536F752E
:103D680072636527206D6F64657320776974686F67
:103D78007574204F75747075740A000028666C613C
:103D880067732026202831203C3C20312929202116
:103D98003D2030207C7C2028666C616773202620BB
:103DA8002831203C3C20322929203D3D203000008C
:103DB80028666C616773202620282831554C203CE2
:103DC8003C202831382929207C202831554C203C9A
:103DD8003C2028313929292929203D3D2030207CC3
:103DE8007C2028666C6167732026202831554C207A
:103DF8003C3C2028313729292920213D203000004A
:103E0800094F7574707574206E6565647320746FDE
:103E180020626520656E61626C656420746F206243
:103E28006520696E697469616C697A6564206C6F74
:103E380077206F7220686967680A000028666C61DD
:103E48006773202620282831554C203C3C202831F7
:103E5800382929207C202831554C203C3C20283109
:103E6800392929292920213D20282831554C203C51
:103E78003C202831382929207C202831554C203CE9
:103E88003C2028313929292900000000094F757480
:103E98007075742063616E6E6F7420626520696E40
:103EA800697469616C697A6564206C6F7720616EEA
:103EB8006420686967680A00286366672D3E706F2A
:103EC80072745F70696E5F6D61736B20262028675E
:103ED80070696F5F706F72745F70696E735F742959
:103EE8002831554C203C3C202870696E292929200E
:103EF800213D20305500000009556E737570706FB4
:103F0800727465642070696E0A0000000943616C70
:103F18006C6261636B20706F696E74657220736880
:103F28006F756C64206E6F74206265204E554C4C22
:103F38000A0000000943616C6C6261636B20686170
:103F48006E646C657220706F696E74657220736838
:103F58006F756C64206E6F74206265204E554C4CF2
:103F68000A00000028666C61677320262028283123
:103F7800554C203C3C202832312929207C202831EE
:103F8800554C203C3C202832322929292920213D22
:103F980020282831554C203C3C2028323129292022
:103FA8007C202831554C203C3C20283232292929B4
:103FB800000000000943616E6E6F7420626F7468C0
:103FC80020656E61626C6520616E6420646973614E
:103FD800626C6520696E74657272757074730A001C
:103FE80028666C616773202620282831554C203CB0
:103FF8003C202832312929207C202831554C203C6E
:104008003C202832322929292920213D20305500F9
:10401800094D7573742065697468657220656E61F1
:10402800626C65206F722064697361626C652069D7
:104038006E74657272757074730A00002828666C55
:104048006167732026202831554C203C3C202832BB
:1040580032292929203D3D203029207C7C20282810
:10406800666C6167732026202831554C203C3C2023
:1040780028323429292920213D203029207C7C2000
:104088002828666C616773202620282831554C2023
:104098003C3C202832352929207C202831554C20C9
:1040A8003C3C202832362929292920213D2028284E
:1040B80031554C203C3C202832352929207C2028A9
:1040C80031554C203C3C202832362929292900002A
:1040D800094F6E6C79206F6E65206F6620475049D6
:1040E8004F5F494E545F4C4F575F302C2047504923
:1040F8004F5F494E545F484947485F312063616EBE
:1041080020626520656E61626C656420666F72204E
:1041180061206C6576656C20696E74657272757065
:10412800742E0A002828666C6167732026202831BF
:10413800554C203C3C20283232292929203D3D205D
:104148003029207C7C202828666C61677320262013
:10415800282831554C203C3C202832352929207C00
:10416800202831554C203C3C202832362929292941
:1041780020213D203029207C7C2028666C616773D3
:10418800202620302920213D2030000009417420BC
:104198006C65617374206F6E65206F6620475049A7
:1041A8004F5F494E545F4C4F575F302C2047504962
:1041B8004F5F494E545F484947485F3120686173F3
:1041C80020746F20626520656E61626C65642E0ADA
:1041D80000000000436F756C64206E6F7420736577
:1041E80074206770696F2063616C6C6261636B0037
:1041F800696E7465727275707420636F6E66696734
:1042080075726174696F6E206661696C65643A20C5
:1042180025640000257320646576696365206E6FE8
:10422800742072656164790050696E20256420638A
:104238006F6E66696775726174696F6E2066616911
:104248006C65643A2025640050696E2025642069F5
:104258006E7465727275707420636F6E66696775C7
:10426800726174696F6E206661696C65643A2025B5
:10427800640000006B65795F696E64657820256469
:1042880020676574206661696C65643A202564005E
:104298006B657973000000006770696F5F6B657903
:1042A80073000000496E76616C6964206368616E12
:1042B8006E656C20282564290000000043616E6E3D
:1042C8006F74207365742050574D206F7574707526
:1042D800742C20706572696F64206379636C6573F0
:1042E80020257520657863656564732031362D62F5
:1042F80069742074696D6572206C696D69742E002B
:104308004368616E6E656C20256420686173204E79
:104318004F20636F6D706C656D656E746172792086
:104328006F7574707574000050574D2070696E6316
:1043380074726C207365747570206661696C65644D
:10434800202825642900000025733A2054696D65EA
:104358007220646F6573206E6F7420737570706F50
:104368007274206D61737465726D6F64650000000E
:1043780025733A2054696D657220646F6573206EE9
:104388006F7420737570706F727420736C617665CA
:10439800206D6F646500000053657474696E672052
:1043A8006465616474696D65202564206F6E2061A1
:1043B800206E6F6E2D627265616B2074696D657217
:1043C8002025730070776D0070776D5F73746D339F
:1043D8003200000072657365742D636F6E74726FBE
:1043E8006C6C657200000000436F756C64206E6F22
:1043F8007420696E697469616C697A6520636C6F91
:10440800636B00007164656300000000716465639C
:104418005F73746D33320000574553545F544F50E7
:104428004449522F7A65706879722F696E636C758A
:1044380064652F7A65706879722F6472697665721F
:10444800732F6932632E6800287B20657874657243
:104458006E20737472756374206932635F64726965
:104468007665725F617069205F6932635F64726943
:104478007665725F6170695F6C6973745F7374618C
:1044880072745B5D3B2065787465726E20636F6E35
:1044980073742075696E74385F74205F6932635F66
:1044A8006472697665725F6170695F6578745F656B
:1044B8006E645B5D3B202828636F6E73742075699A
:1044C8006E74385F74202A292828636F6E737420ED
:1044D800737472756374206932635F647269766598
:1044E800725F617069202A296465762D3E61706962
:1044F80029203C205F6932635F6472697665725F68
:104508006170695F6578745F656E6420262620286F
:10451800636F6E73742075696E74385F74202A290E
:104528002828636F6E7374207374727563742069BE
:1045380032635F6472697665725F617069202A29E7
:104548006465762D3E61706929203E3D2028636FA1
:104558006E73742075696E74385F74202A295F69D8
:1045680032635F6472697665725F6170695F6C69F6
:1045780073745F7374617274293B207D2900000095
:104588004661696C656420746F207265616420649B
:104598006174612073616D706C652E004661696C91
:1045A800656420746F207265616420636869702097
:1045B80049442E00496E76616C69642063686970AD
:1045C8002049442E000000004661696C656420742F
:1045D8006F2077616B6520757020636869702E00A5
:1045E800496E76616C69642076616C756520666FCA
:1045F8007220616363656C2066756C6C2D736361F2
:104608006C652072616E67652E0000004661696CFA
:10461800656420746F2077726974652061636365CF
:104628006C2066756C6C2D7363616C652072616EAD
:1046380067652E00496E76616C69642076616C75D9
:104648006520666F72206779726F2066756C6C2DB5
:104658007363616C652072616E67652E00000000EF
:104668004661696C656420746F207772697465208F
:104678006779726F2066756C6C2D7363616C652049
:1046880072616E67652E00004661696C656420740E
:104698006F2077726974652073616D706C657261E3
:1046A800746520646976696465722E006D7075366C
:1046B80030353040363800004D50553630353000F2
:1046C800574553545F544F504449522F7A65706888
:1046D80079722F696E636C7564652F7A6570687975
:1046E800722F647269766572732F646D612E68002B
:1046F800287B2065787465726E2073747275637494
:1047080020646D615F6472697665725F61706920AB
:104718005F646D615F6472697665725F6170695F1D
:104728006C6973745F73746172745B5D3B20657848
:104738007465726E20636F6E73742075696E743859
:104748005F74205F646D615F6472697665725F6132
:1047580070695F6578745F656E645B5D3B202828CF
:10476800636F6E73742075696E74385F74202A29BC
:104778002828636F6E737420737472756374206471
:104788006D615F6472697665725F617069202A295C
:104798006465762D3E61706929203C205F646D61F7
:1047A8005F6472697665725F6170695F6578745F6E
:1047B800656E642026262028636F6E7374207569E1
:1047C8006E74385F74202A292828636F6E737420EA
:1047D80073747275637420646D615F647269766561
:1047E800725F617069202A296465762D3E6170695F
:1047F80029203E3D2028636F6E73742075696E749E
:10480800385F74202A295F646D615F647269766518
:10481800725F6170695F6C6973745F7374617274DD
:10482800293B207D29000000646D610052582077E3
:10483800617320616C726561647920656E61626C78
:104848006564000055415254204552523A2052584E
:1048580020444D4120636F6E666967206661696C0C
:104868006564210055415254204552523A2052580D
:1048780020444D41207374617274206661696C65CF
:1048880064210000646D6120747820636F6E66692E
:1048980067206572726F7221000000005541525402
:1048A800206572723A20545820444D412073746137
:1048B8007274206661696C6564210000436F756CD1
:1048C80064206E6F7420656E61626C6520284C50A0
:1048D800295541525420636C6F636B00556E6162B9
:1048E8006C6520746F2073657420257320746F20A5
:1048F80025640000574553545F544F504449522F84
:104908007A65706879722F647269766572732F732D
:10491800657269616C2F756172745F73746D33327F
:104928002E63000073746D33325F7265675F726562
:104938006164282675736172742D3E425252292093
:104948003E3D2031360000000942617564526174B1
:1049580065526567203E3D2031360A0073657269ED
:10496800616C4034303030343830300073657269EF
:10497800616C4034303030343430300075617274DA
:104988005F73746D33320000574553545F544F5072
:104998004449522F7A65706879722F647269766516
:1049A80072732F74696D65722F636F727465785FA7
:1049B8006D5F7379737469636B2E63007379735FCA
:1049C800636C6F636B5F69735F6C6F636B6564289F
:1049D800290000000973797374656D20636C6F6337
:1049E8006B206C6F636B206E6F742068656C640A53
:1049F80000000000574553545F544F504449522F0C
:104A08007A65706879722F6B65726E656C2F646554
:104A1800766963652E6300007263203E3D202D2871
:104A28003078666629202626207263203C203000D4
:104A38000964657669636520257320696E69743A2F
:104A480020696E76616C6964206572726F722028C5
:104A58002564290A000000004350552065786365E5
:104A68007074696F6E000000556E68616E646C65E5
:104A78006420696E74657272757074005374616332
:104A88006B206F766572666C6F7700004B65726E8F
:104A9800656C206F6F7073004B65726E656C20706B
:104AA800616E696300000000556E6B6E6F776E2053
:104AB8006572726F72000000756E6B6E6F776E00B4
:104AC80048616C74696E672073797374656D0A0048
:104AD8003E3E3E205A455048595220464154414C8A
:104AE800204552524F522025643A202573206F6E7C
:104AF80020435055202564004661756C7420647508
:104B080072696E6720696E74657272757074206858
:104B1800616E646C696E670A00000000437572720A
:104B2800656E74207468726561643A202570202867
:104B380025732900574553545F544F504449522F09
:104B48007A65706879722F6B65726E656C2F666115
:104B580074616C2E63000000726561736F6E2021B2
:104B68003D204B5F4552525F4B45524E454C5F507E
:104B7800414E49430000000009417474656D70742A
:104B8800656420746F207265636F76657220667243
:104B98006F6D2061206B65726E656C2070616E6947
:104BA8006320636F6E646974696F6E0A00000000A9
:104BB800574553545F544F504449522F7A65706893
:104BC80079722F6B65726E656C2F696E69742E63CE
:104BD80000000000646576203C3D205F64657669CE
:104BE80063655F6C6973745F656E64007468726591
:104BF80061645F64617461203C3D205F5F73746130
:104C08007469635F7468726561645F646174615F2D
:104C18006C6973745F656E6400000000656E747281
:104C280079203C3D205F6B5F6B65726E656C5F69D8
:104C38006E69745F706F73745F656E7472795F6CA0
:104C48006973745F656E64006D61696E00000000D1
:104C5800656E747279203C3D205F6B5F6B65726E88
:104C6800656C5F696E69745F7072655F656E74729A
:104C7800795F6C6973745F656E6400006F73000020
:104C8800574553545F544F504449522F7A657068C2
:104C980079722F6B65726E656C2F69646C652E6313
:104CA800000000005F6B65726E656C2E6370757333
:104CB8005B305D2E63757272656E742D3E62617332
:104CC800652E7072696F203E3D203000216172634D
:104CD800685F6370755F697271735F6172655F6544
:104CE8006E61626C656428290000000009746869B7
:104CF80073206973206D65616E7420746F2062651E
:104D08002063616C6C65642077697468204952512E
:104D1800732064697361626C65640A005745535473
:104D28005F544F504449522F7A65706879722F6BDF
:104D380065726E656C2F696E636C7564652F6B7335
:104D4800636865642E6800007468726561642D3E4E
:104D5800626173652E70656E6465645F6F6E0000D6
:104D6800574553545F544F504449522F7A657068E1
:104D780079722F6B65726E656C2F6D73675F712E1C
:104D88006300000021617263685F69735F696E5F29
:104D98006973722829207C7C20282874696D656FC6
:104DA8007574292E7469636B73203D3D202828286B
:104DB8006B5F74696D656F75745F74297B307D29CD
:104DC800292E7469636B732900000000090A00002A
:104DD800286D7367712D3E77726974655F707472A0
:104DE800203E3D206D7367712D3E62756666657263
:104DF8005F73746172742920262620286D73677189
:104E08002D3E77726974655F707472203C3D20286E
:104E18006D7367712D3E6275666665725F656E6457
:104E2800202D2031292920262620282873697A65F3
:104E38005F74292875696E747074725F7429286D9F
:104E48007367712D3E6275666665725F656E642074
:104E58002D206D7367712D3E77726974655F70746C
:104E68007229203E3D206D7367712D3E6D73675F1B
:104E780073697A6529000000574553545F544F50B1
:104E88004449522F7A65706879722F6B65726E6526
:104E98006C2F73656D2E63002828617263685F69E3
:104EA800735F696E5F6973722829203D3D20302940
:104EB800207C7C20282874696D656F7574292E7490
:104EC80069636B73203D3D202828286B5F74696DEA
:104ED800656F75745F74297B307D29292E74696329
:104EE8006B73292900000000737973776F726B71F7
:104EF80000000000574553545F544F504449522F07
:104F08007A65706879722F6B65726E656C2F776F32
:104F1800726B2E6300000000776F726B2D3E717507
:104F280065756520213D202828766F6964202A2927
:104F38003029000068616E646C657220213D20286C
:104F480028766F6964202A293029000071756575F3
:104F58006520213D202828766F6964202A29302978
:104F68000000000021666C61675F74657374282611
:104F780071756575652D3E666C6167732C204B5F96
:104F8800574F524B5F51554555455F535441525405
:104F980045445F42495429007175657565000000F4
:104FA800737461636B00000064776F726B20213D3E
:104FB800202828766F6964202A29302900000000FB
:104FC800574553545F544F504449522F7A6570687F
:104FD80079722F6B65726E656C2F74687265616487
:104FE8002E630000282828287072696F2929203D1F
:104FF8003D203135202626207A5F69735F69646C0D
:10500800655F7468726561645F656E74727928287B
:10501800656E747279292929207C7C2028282831FA
:1050280035202D203129203E3D2028282D313629B4
:1050380029292026262028287072696F2929203ED0
:105048003D2028282D313629292026262028287079
:1050580072696F2929203C3D20283135202D2031C7
:105068002929290009696E76616C69642070726962
:105078006F7269747920282564293B20616C6C6FF4
:105088007765642072616E67653A20256420746FC5
:105098002025640A0000000021617263685F69735B
:1050A8005F696E5F6973722829000000095468728D
:1050B80065616473206D6179206E6F74206265206C
:1050C8006372656174656420696E20495352730A7E
:1050D8000000000021657373656E7469616C0000DF
:1050E8000961626F7274656420657373656E7469B3
:1050F800616C207468726561642025700A00000084
:10510800574553545F544F504449522F7A6570683D
:1051180079722F6B65726E656C2F696E636C75643E
:10512800652F72756E5F712E68000000217A5F69C5
:10513800735F69646C655F7468726561645F6F62F0
:105148006A656374287468726561642900000000E8
:105158002169735F7468726561645F64756D6D79E8
:10516800287468726561642900000000574553542B
:105178005F544F504449522F7A65706879722F6B8B
:1051880065726E656C2F696E636C7564652F6B74E0
:1051980068726561642E68005F6B65726E656C2E5F
:1051A800637075735B305D2E63757272656E742003
:1051B800213D202828766F6964202A29302900009B
:1051C800574553545F544F504449522F7A6570687D
:1051D80079722F6B65726E656C2F73636865642EC8
:1051E800630000007468726561642D3E62617365D6
:1051F8002E70656E6465645F6F6E203D3D202828C3
:10520800766F6964202A29302900000021746572AC
:105218006D696E61746500000961626F727465641E
:10522800205F63757272656E74206261636B2066BD
:10523800726F6D20646561640A00000009626C6F1A
:10524800636B696E672070656E642066726F6D208F
:1052580049535220636F6E746578740A0000000029
:1052680073697A656F66285F73636865645F7370D6
:10527800696E6C6F636B29203D3D2030207C7C205B
:105288006C6F636B20213D20265F73636865645FE4
:105298007370696E6C6F636B000000005745535460
:1052A8005F544F504449522F7A65706879722F6B5A
:1052B80065726E656C2F736C6565702E63000000F7
:1052C800574553545F544F504449522F7A6570687C
:1052D80079722F6B65726E656C2F73636865647580
:1052E8006C65722E630000005F6B65726E656C2ED4
:1052F800637075735B305D2E63757272656E742DA5
:105308003E626173652E73636865645F6C6F636B7F
:10531800656420213D203155000000005F6B6572F7
:105328006E656C2E637075735B305D2E637572727B
:10533800656E742D3E626173652E73636865645F84
:105348006C6F636B656420213D20305500000000C0
:10535800574553545F544F504449522F7A657068EB
:1053680079722F6B65726E656C2F74696D65736CDD
:105378006963696E672E6300282874696D656F75A7
:10538800742920262620282875696E747074725F27
:10539800742928736C6963655F74696D656F7574CA
:1053A800732929203C3D20282875696E7470747211
:1053B8005F74292874696D656F75742929202626FC
:1053C80020282875696E747074725F74292874694E
:1053D8006D656F75742929203C20282875696E74BD
:1053E8007074725F7429282628736C6963655F740A
:1053F800696D656F757473295B282873697A655FB1
:105408007429282828696E742973697A656F662853
:10541800636861725B31202D202832202A202128E0
:10542800215F5F6275696C74696E5F74797065730A
:105438005F636F6D70617469626C655F70285F5F30
:10544800747970656F665F5F28736C6963655F74F4
:10545800696D656F757473292C205F5F7479706549
:105468006F665F5F282628736C6963655F74696D72
:10547800656F757473295B305D292929295D292099
:105488002D203129202B202873697A656F662873AF
:105498006C6963655F74696D656F75747329202F16
:1054A8002073697A656F662828736C6963655F7411
:1054B800696D656F757473295B305D292929295DCC
:1054C80029292026262028282875696E7470747268
:1054D8005F74292874696D656F75742929202D20DA
:1054E800282875696E747074725F742928736C69E2
:1054F80063655F74696D656F757473292929202543
:105508002073697A656F662828736C6963655F74B0
:10551800696D656F757473295B305D29203D3D2089
:1055280030290000574553545F544F504449522F77
:105538007A65706879722F6B65726E656C2F7370FF
:10554800696E6C6F636B5F76616C69646174652EFC
:10555800630000007A5F68656C645F7370696E6CE5
:105568006F636B5F636F756E745B6370755F69649F
:105578005D203E3D20300000097370696E6C6F63DA
:105588006B20756E6C6F636B2077697468206E6F23
:10559800206D61746368696E67206C6F636B0A00C5
:1055A8006578747261203E3D203000000973776190
:1055B800705F6C6F636B202570206973206E6F7449
:1055C80020747261636B656420696E20746865205D
:1055D8007370696E6C6F636B20686F6C6420636FA7
:1055E800756E74210A00000068656C64203D3D20DA
:1055F8002828766F6964202A293029207C7C206835
:10560800656C64203D3D20737761705F6C6F636BE0
:105618000000000009436F6E746578742073776921
:10562800746368696E67207768696C6520686F6C59
:1056380064696E67207370696E6C6F636B20257088
:10564800210A00006578747261203D3D2030000019
:1056580009436F6E74657874207377697463686939
:105668006E67207768696C6520686F6C64696E671F
:10567800202564206578747261207370696E6C6F80
:10568800636B287329210A00617263685F6972710C
:105698005F756E6C6F636B6564286B657929207C18
:1056A8007C205F6B65726E656C2E637075735B3002
:1056B8005D2E63757272656E742D3E626173652E20
:1056C8007468726561645F7374617465202620284C
:1056D800282831554C203C3C202830292929207C79
:1056E80020282831554C203C3C20283329292929B9
:1056F8000000000009436F6E746578742073776941
:10570800746368696E672077697468206972715F6D
:105718006C6F636B2068656C64210A0057455354AD
:105728005F544F504449522F7A65706879722F6BD5
:1057380065726E656C2F74696D656F75742E630084
:105748007A5F69735F696E6163746976655F7469AE
:105758006D656F757428746F2900000057455354A0
:105768005F544F504449522F7A65706879722F6B95
:1057780065726E656C2F6B686561702E6300000042
:1057880068656170203C3D205F6B5F686561705F94
:105798006C6973745F656E64000000002A666C6F44
:1057A80061742A00FFFF000000200240080000008A
:1057B8003000000000010000FFFF0000001C024054
:1057C800070000003000000080000000FFFF00001C
:1057D80000180240060000003000000040000000F1
:1057E800FFFF000000140240050000003000000028
:1057F80020000000FFFF000000100240040000002D
:105808003000000010000000FFFF0000000C024004
:10581800030000003000000008000000FFFF000047
:1058280000080240020000003000000004000000F0
:10583800FFFF0000000402400100000030000000EB
:1058480002000000FFFF000000000240000000000E
:1058580030000000010000007C1001086010010801
:1058680044100108281001080C100108F00F010865
:10587800D40F0108B80F01089C0F0108C8040020C4
:105888000001000061E80008E9E7000802000000E4
:1058980053EA0008000000000000000000000000BB
:1058A800206D657373616765732064726F707065CE
:1058B80064202D2D2D0D0A1B5B306D001B5B313BC9
:1058C80033316D2D2D2D2000000000000100000057
:1058D80000000000402101084821010800000000E4
:1058E80000000000000000005021010854210108B8
:1058F800582101085C21010808590108AC0D002055
:10590800492F0008C40D0020D00D00200100000020
:1059180017EB000809EB0008F5EA0008692F0008F2
:1059280000000000E9EA0008000000000000002074
:105938000000000000000B060200000048590108A2
:1059480000000008502B0108240002060000002077
:10595800582B010820000B110A060000050500005D
:105968000401000003010000020100000101000021
:105978000001000000000000FFFFFFFF010400001D
:10598800740E0020000C004053000000B0590108BC
:105998000200000039F1000832000000800F010801
:1059A80003040000000000004000000008000000A0
:1059B80015000000FF00000071EE000879EE0008F5
:1059C80081EE000889EE0008A5EE0008C5EE000883
:1059D800E5EE000805EF00089BEE0008BBEE0008A6
:1059E800DBEE0008FBEE000891EE0008B1EE0008BF
:1059F800D1EE0008F1EE000861EE000865EE00083F
:105A080069EE00086DEE000851EE000855EE00083A
:105A180059EE00085DEE000830000000000020008C
:105A2800B1F2000800000000006002400800000019
:105A3800B40E002000000000000800000010000064
:105A4800000000000020000000400000102840581E
:105A58007088A0B891F4000899F40008A1F400082F
:105A6800A9F40008B1F40008B9F40008C1F400086A
:105A7800C9F4000851F4000859F4000861F400085A
:105A880069F4000871F4000879F4000881F400084A
:105A980089F4000811F4000819F4000821F400083A
:105AA80029F4000831F4000839F4000841F400082A
:105AB80049F40008C1F50008C7F50008CDF500084D
:105AC800D5F50008DDF50008E3F50008E9F500085C
:105AD800F1F5000885F500088BF5000893F5000836
:105AE8009BF50008A3F50008A9F50008B1F5000822
:105AF800B9F5000849F500084FF5000857F5000802
:105B08005FF5000867F500086DF5000875F50008F1
:105B18007DF50008D1F30008D9F30008E1F3000887
:105B2800E9F30008F1F30008F9F3000801F40008AC
:105B380009F4000891F3000899F30008A1F300089C
:105B4800A9F30008B1F30008B9F30008C1F300088D
:105B5800C9F300080DF5000813F500081BF5000847
:105B680023F500082BF5000831F5000839F5000881
:105B780041F50008D1F40008D7F40008DFF4000864
:105B8800E7F40008EFF40008F5F40008FDF4000855
:105B980005F50008000000000000000200000004F5
:105BA80000000006000000080000000A0000000CC9
:105BB8000000000E000000000100000002000000CC
:105BC80003000000040000000500000006000000BB
:105BD80007000000102840587088A0B84000000056
:105BE80000004000F45B010801000000FC5B0108B4
:105BF8000200000041C9040061C90400400000001F
:105C080000002000145C0108010000001C5C010871
:105C180002000000C1C80400E1C804006932635FE3
:105C280073746D33325F6D73675F72656164000012
:105C38006932635F73746D33325F6D73675F777258
:105C4800697465001E00000004000000645C01081F
:105C58008809002011720008010000000C100108DA
:105C6800000011000B0000000C10010801001100D9
:105C7800020000000C1001080200110003000000DF
:105C88000C1001080300110004000000000000408F
:105C980054000000000000000000000000000000A8
:105CA8000000000000000000BC5C010802000000C9
:105CB800CC5C010840000000010000001500000055
:105CC800FF000000D45C010801000000DC5C010852
:105CD800020000000042000020420000BBFE000855
:105CE800BFFE0008C3FE0008C7FE0008040000004D
:105CF8004000000000040000010000001000000047
:105D08000001000000100000000102030405060065
:105D180000020406080A0C00000008000000080041
:105D2800000000000404040000380240545D01082B
:105D380040000000040000000008004000000000CF
:105D480003000000000F00002C0000005C5D01084B
:105D580001000000645D01080200000083450000A6
:105D6800A34500008C5D010840000000020000000F
:105D7800000400400000000003000000000F0000C5
:105D88002C000000945D0108010000009C5D0108E2
:105D980002000000C0440000E044000000020406C5
:105DA800080A0C00000008000000080000000000BD
:105DB8000404040024110108680000000200FA002D
:105DC800000000001E058F024801A40000480040A2
:105DD800640F0108800F010812040000005E01082A
:105DE80001000000000000000000000000000000AA
:105DF800085E0108350B010840000000000004009F
:105E0800105E010801000000185E01080200000091
:105E1800034F0400234F000000440040640F0108B2
:105E2800800F0108110400004C5E01080100000009
:105E3800000000000000000000000000545E01089F
:105E4800210B010840000000000002005C5E010810
:105E580001000000645E010802000000404E0400DA
:105E6800604E000000000000000000000102030472
:105E780006070809102840587088A0B86C0E010859
:105E88006C0E01080C0F0108140F01085C0F0108C3
:105E9800640F0108F04E010800010000881300009B
:105EA80000000000000000000000000000000000EA
:105EB80000000000000000000000000000000000DA
:105EC80000000000000000000000000000000000CA
:105ED80000000000000000000000000000000000BA
:105EE80000000000000000000000000000000000AA
:105EF800000000000000000000000000000000009A
:105F08000000000000000000000000000000000089
:105F18000000000000000000000000000000000079
:105F28002020202020202020202828282828202041
:105F38002020202020202020202020202020202059
:105F480088101010101010101010101010101010D1
:105F580004040404040404040404101010101010B1
:105F6800104141414141410101010101010101018A
:105F780001010101010101010101011010101010BE
:105F8800104242424242420202020202020202025B
:105F98000202020202020202020202101010102083
:105FA80000000000000000000000000000000000E9
:105FB80000000000000000000000000000000000D9
:105FC80000000000000000000000000000000000C9
:105FD80000000000000000000000000000000000B9
:105FE80000000000000000000000000000000000A9
:105FF8000000000000000000000000000000000099
:106008000000000000000000000000000000000088
:106018000000000000000000000000000000000078
:046028000000000074
:10602C00DC02002000000000000000000000000066
:10603C000000000000000000000000000000000054
:10604C000000000000000000000000000000000044
:10605C000000000000000000000000000000000034
:10606C000000000000000000000000000000000024
:10607C000000000000000000000000000000000014
:10608C000000000000000000000000000000000004
:10609C0000000000000000000000000000000000F4
:1060AC0000000000000000000000000000000000E4
:1060BC0000000000000000000000000000000000D4
:1060CC0000000000000000000000000000000000C4
:1060DC0000000000000000000000000000000000B4
:1060EC0000000000000000000000000000000000A4
:1060FC000000000000000000000000000000000094
:10610C000000000000000000000000000000000083
:10611C000000000000000000000000000000000073
:10612C000000000000000000000000000000000063
:10613C000000000000000000000000000000000053
:10614C000000000000000000000000000000000043
:10615C000000000000000000000000000000000033
:10616C000000000000000000000000000000000023
:10617C00E40200200000000000000000000000000D
:10618C000000000000000000000000000000000003
:10619C0000000000000000000000000000000000F3
:1061AC0000000000000000000000000000000000E3
:1061BC0000000000000000000000000000000000D3
:1061CC0000000000000000000000000000000000C3
:1061DC0000000000000000000000000000000000B3
:1061EC0000000000000000000000000000000000A3
:1061FC000000000000000000000000000000000093
:10620C000000000000000000000000000000000082
:10621C000000000000000000000000000000000072
:10622C000000000000000000000000000000000062
:10623C000000000000000000000000000000000052
:10624C000000000000000000000000000000000042
:10625C000000000000000000000000000000000032
:10626C000000000000000000000000000000000022
:10627C000000000000000000000000000000000012
:10628C000000000000000000000000000000000002
:10629C0000000000000000000000000000000000F2
:1062AC0000000000000000000000000000000000E2
:1062BC0000000000000000000000000000000000D2
:1062CC0001E3000809E8000800590108000000007B
:1062DC00000000006BEC0008000000000000000053
:1062EC00FFFFFFFFFFFFFFFFFFFFFFFFFFFFFFFFB2
:1062FC0000000000800F01080004000020A107002E
:10630C000001030000080700000103000024F40052
:10631C0014000000F4020020F4020020FFFFFFFF35
:10632C000000000000000000000000000000000061
:10633C000000000000000000000000000000000051
:10634C000000000000000000000000000000000041
:10635C000000000000000000000000000000000031
:10636C000000000000000000000000000000000021
:10637C000000000000000000000000000000000011
:0C638C0000000000000000000000000005
:046398000000000001
:10639C000000000000400020440800000000000045
:0863AC000000000000000000E9
:1063B4008803002088030020000000000C00000077
:1063C40010000000444800200449002044480020F4
:0C63D40044480020000000000000000011
:1063E000B4030020B40300200000000001000000FE
:0463F00015E015E0BF
:040000050800395165
:00000001FF
