:020000040800F2
:10000000C02E0020C541000843E30008B1410008AC
:10001000B1410008B1410008B141000800000000F2
:10002000000000000000000000000000F94100088E
:10003000B14100080000000019440008257C0008B8
:10004000AD440008AD440008AD440008AD440008CC
:10005000AD440008AD440008AD440008AD440008BC
:10006000AD440008AD440008AD440008AD440008AC
:10007000AD440008AD440008AD440008AD4400089C
:10008000AD440008AD440008AD440008AD4400088C
:10009000AD440008AD440008AD440008AD4400087C
:1000A000AD440008AD440008AD440008AD4400086C
:1000B000AD440008AD440008AD440008AD4400085C
:1000C000AD440008AD440008AD440008AD4400084C
:1000D000AD440008AD440008AD440008AD4400083C
:1000E000AD440008AD440008AD440008AD4400082C
:1000F000AD440008AD440008AD440008AD4400081C
:1001000030B490F800F020F007016FF0000C10F010
:10011000070491F820F040F048804FF000046FF0A1
:100120000700D1E9002391F840F000F1080082FABD
:100130004CF2A4FA8CF283FA4CF3A2FA8CF34BBB88
:10014000D1E9022382FA4CF200F10800A4FA8CF201
:1001500083FA4CF3A2FA8CF3E3B9D1E9042382FACF
:100160004CF200F10800A4FA8CF283FA4CF3A2FAE4
:100170008CF37BB9D1E9062301F1200182FA4CF21C
:1001800000F10800A4FA8CF283FA4CF3A2FA8CF383
:10019000002BC6D0002A04BF04301A4612BAB2FAA5
:1001A00082F200EBD20030BC7047D1E9002304F0AA
:1001B0000305C4F100004FEAC50514F0040F91F8DF
:1001C00040F00CFA05F562EA05021CBF63EA05037C
:1001D00062464FF00004AAE7844641EA000313F0A8
:1001E00003036DD1403A41D351F8043B40F8043B3E
:1001F00051F8043B40F8043B51F8043B40F8043B01
:1002000051F8043B40F8043B51F8043B40F8043BF0
:1002100051F8043B40F8043B51F8043B40F8043BE0
:1002200051F8043B40F8043B51F8043B40F8043BD0
:1002300051F8043B40F8043B51F8043B40F8043BC0
:1002400051F8043B40F8043B51F8043B40F8043BB0
:1002500051F8043B40F8043B51F8043B40F8043BA0
:1002600051F8043B40F8043B403ABDD2303211D340
:1002700051F8043B40F8043B51F8043B40F8043B80
:1002800051F8043B40F8043B51F8043B40F8043B70
:10029000103AEDD20C3205D351F8043B40F8043B40
:1002A000043AF9D2043208D0D2071CBF11F8013B3E
:1002B00000F8013B01D30B8803806046704700BF04
:1002C000082A13D38B078DD010F003038AD0C3F113
:1002D0000403D21ADB071CBF11F8013B00F8013BF5
:1002E00080D331F8023B20F8023B7BE7043AD9D3B4
:1002F000013A11F8013B00F8013BF9D20B78037089
:100300004B7843708B788370604670474FF0FF0CDA
:100310001CEAD0521EBF1CEAD15392EA0C0F93EA9A
:100320000C0F6FD01A4480EA010C400218BF5FEA3C
:1003300041211ED04FF0006343EA501043EA5111AF
:10034000A0FB01310CF00040B1F5000F3EBF4900A9
:1003500041EAD3715B0040EA010062F17F02FD2AAD
:100360001DD8B3F1004F40EBC25008BF20F0010090
:10037000704790F0000F0CF0004C08BF49024CEAA7
:10038000502040EA51207F3AC2BFD2F1FF0340EA39
:10039000C250704740F400004FF00003013A5DDCAA
:1003A00012F1190FDCBF00F000407047C2F10002EB
:1003B000410021FA02F1C2F1200200FA02FC5FEAD8
:1003C000310040F1000053EA4C0308BF20EADC7022
:1003D000704792F0000F00F0004C02BF400010F494
:1003E000000F013AF9D040EA0C0093F0000F01F041
:1003F000004C02BF490011F4000F013BF9D041EA63
:100400000C018FE70CEAD15392EA0C0F18BF93EA64
:100410000C0F0AD030F0004C18BF31F0004CD8D18E
:1004200080EA010000F00040704790F0000F17BF15
:1004300090F0004F084691F0000F91F0004F14D05B
:1004400092EA0C0F01D142020FD193EA0C0F03D1B3
:100450004B0218BF084608D180EA010000F00040B6
:1004600040F0FE4040F40000704740F0FE4040F491
:100470004000704781F0004102E000BF83F000437C
:1004800030B54FEA41044FEA430594EA050F08BF2F
:1004900090EA020F1FBF54EA000C55EA020C7FEAF3
:1004A000645C7FEA655C00F0E2804FEA5454D4EB70
:1004B0005555B8BF6D420CDD2C4480EA020281EA3A
:1004C000030382EA000083EA010180EA020281EA72
:1004D0000303362D88BF30BD11F0004F4FEA0131C4
:1004E0004FF4801C4CEA113102D0404261EB4101D3
:1004F00013F0004F4FEA03334CEA133302D0524259
:1005000063EB430394EA050F00F0A780A4F1010414
:10051000D5F1200E0DDB02FA0EFC22FA05F280184E
:1005200041F1000103FA0EF2801843FA05F3594134
:100530000EE0A5F120050EF1200E012A03FA0EFCB3
:1005400028BF4CF0020C43FA05F3C01851EBE371DD
:1005500001F0004507D54FF0000EDCF1000C7EEBFA
:1005600000006EEB0101B1F5801F1BD3B1F5001F38
:100570000CD349085FEA30004FEA3C0C04F1010457
:100580004FEA445212F5800F80F09A80BCF1004F80
:1005900008BF5FEA500C50F1000041EB045141EA02
:1005A000050130BD5FEA4C0C404141EB0101013CCB
:1005B00028BFB1F5801FE9D291F0000F04BF0146BA
:1005C0000020B1FA81F308BF2033A3F10B03B3F18C
:1005D00020020CDA0C3208DD02F1140CC2F10C021C
:1005E00001FA0CF021FA02F10CE002F11402D8BF7A
:1005F000C2F1200C01FA02F120FA0CFCDCBF41EA46
:100600000C019040E41AA2BF01EB0451294330BD14
:100610006FEA04041F3C1CDA0C340EDC04F11404F1
:10062000C4F1200220FA04F001FA02F340EA0300C8
:1006300021FA04F345EA030130BDC4F10C04C4F10E
:10064000200220FA02F001FA04F340EA03002946EE
:1006500030BD21FA04F0294630BD94F0000F83F438
:10066000801306BF81F480110134013D4EE77FEA1B
:10067000645C18BF7FEA655C29D094EA050F08BF67
:1006800090EA020F05D054EA000C04BF1946104648
:1006900030BD91EA030F1EBF0021002030BD5FEA8C
:1006A000545C05D14000494128BF41F0004130BDB4
:1006B00014F580043CBF01F5801130BD01F0004508
:1006C00045F0FE4141F470014FF0000030BD7FEA7B
:1006D000645C1ABF194610467FEA655C1CBF0B4676
:1006E000024650EA013406BF52EA033591EA030F8D
:1006F00041F4002130BD00BF90F0000F04BF002185
:10070000704730B54FF4806404F132044FF00005B7
:100710004FF0000150E700BF90F0000F04BF002130
:10072000704730B54FF4806404F1320410F0004596
:1007300048BF40424FF000013EE700BF42004FEA91
:10074000E2014FEA31014FEA02701FBF12F07F430E
:1007500093F07F4F81F06051704732F07F4208BFC5
:10076000704793F07F4F04BF41F40021704730B5CC
:100770004FF4607401F0004521F000411CE700BF18
:1007800050EA010208BF704730B54FF000050AE09B
:1007900050EA010208BF704730B511F0004502D59C
:1007A000404261EB41014FF4806404F132045FEA9E
:1007B000915C3FF4D8AE4FF003025FEADC0C18BF47
:1007C00003325FEADC0C18BF033202EBDC02C2F139
:1007D000200300FA03FC20FA02F001FA03FE40EACB
:1007E0000E0021FA02F11444BDE600BF70B54FF0CF
:1007F000FF0C4CF4E06C1CEA11541DBF1CEA1355AD
:1008000094EA0C0F95EA0C0F00F0DEF82C4481EA14
:10081000030621EA4C5123EA4C5350EA013518BF34
:1008200052EA033541F4801143F4801338D0A0FB21
:1008300002CE4FF00005E1FB02E506F00042E0FBCE
:1008400003E54FF00006E1FB03569CF0000F18BFD4
:100850004EF0010EA4F1FF04B6F5007F64F540747C
:1008600004D25FEA4E0E6D4146EB060642EAC6210F
:1008700041EA55514FEAC52040EA5E504FEACE2E7C
:10088000B4F1FD0C88BFBCF5E06F1ED8BEF1004F7F
:1008900008BF5FEA500E50F1000041EB045170BDFB
:1008A00006F0004646EA010140EA020081EA03013F
:1008B000B4EB5C04C2BFD4EB0C0541EA045170BD3B
:1008C00041F480114FF0000E013C00F3AB8014F1B5
:1008D000360FDEBF002001F0004170BDC4F10004FE
:1008E000203C35DA0C341BDC04F11404C4F120057F
:1008F00000FA05F320FA04F001FA05F240EA0200DA
:1009000001F0004221F0004110EBD37021FA04F60F
:1009100042EB06015EEA430E08BF20EAD37070BDC9
:10092000C4F10C04C4F1200500FA04F320FA05F028
:1009300001FA04F240EA020001F0004110EBD3702A
:1009400041F100015EEA430E08BF20EAD37070BD9A
:10095000C4F1200500FA05F24EEA020E20FA04F373
:1009600001FA05F243EA020321FA04F001F0004122
:1009700021FA04F220EA020000EBD3705EEA430E93
:1009800008BF20EAD37070BD94F0000F0FD101F0C2
:100990000046400041EB010111F4801F08BF013CFB
:1009A000F7D041EA060195F0000F18BF704703F039
:1009B0000046520043EB030313F4801F08BF013DC0
:1009C000F7D043EA0603704794EA0C0F0CEA13557C
:1009D00018BF95EA0C0F0CD050EA410618BF52EA36
:1009E0004306D1D181EA030101F000414FF000003C
:1009F00070BD50EA410606BF1046194652EA43064A
:100A000019D094EA0C0F02D150EA013613D195EABD
:100A10000C0F05D152EA03361CBF104619460AD105
:100A200081EA030101F0004141F0FE4141F470010F
:100A30004FF0000070BD41F0FE4141F4780170BDFF
:100A400070B54FF0FF0C4CF4E06C1CEA11541DBF64
:100A50001CEA135594EA0C0F95EA0C0F00F0A7F866
:100A6000A4EB050481EA030E52EA03354FEA013193
:100A700000F088804FEA03334FF0805545EA1313A6
:100A800043EA12634FEA022245EA111545EA10656E
:100A90004FEA00260EF000419D4208BF964244F105
:100AA000FD0404F5407402D25B084FEA3202B61A24
:100AB00065EB03055B084FEA32024FF480104FF4F8
:100AC000002CB6EB020E75EB030E22BFB61A75466C
:100AD00040EA0C005B084FEA3202B6EB020E75EBFF
:100AE000030E22BFB61A754640EA5C005B084FEA67
:100AF0003202B6EB020E75EB030E22BFB61A754634
:100B000040EA9C005B084FEA3202B6EB020E75EB3E
:100B1000030E22BFB61A754640EADC0055EA060EFF
:100B200018D04FEA051545EA16754FEA06164FEA42
:100B3000C30343EA52734FEAC2025FEA1C1CC0D1EE
:100B400011F4801F0BD141EA00014FF000004FF07B
:100B5000004CB6E711F4801F04BF01430020B4F13C
:100B6000FD0C88BFBCF5E06F3FF6AFAEB5EB030CF4
:100B700004BFB6EB020C5FEA500C50F1000041EBF1
:100B8000045170BD0EF0004E4EEA113114EB5C04BE
:100B9000C2BFD4EB0C0541EA045170BD41F4801191
:100BA0004FF0000E013C90E645EA060E8DE60CEA99
:100BB000135594EA0C0F08BF95EA0C0F3FF43BAFB6
:100BC00094EA0C0F0AD150EA01347FF434AF95EA6D
:100BD0000C0F7FF425AF104619462CE795EA0C0F51
:100BE00006D152EA03353FF4FDAE1046194622E71E
:100BF00050EA410618BF52EA43067FF4C5AE50EAF8
:100C000041047FF40DAF52EA43057FF4EBAE12E7E7
:100C10004FF0FF3C06E000BF4FF0010C02E000BFC8
:100C20004FF0010C4DF804CD4FEA410C7FEA6C5CAB
:100C30004FEA430C18BF7FEA6C5C1BD001B050EA4E
:100C4000410C0CBF52EA430C91EA030F02BF90EA39
:100C5000020F0020704710F1000F91EA030F58BFF8
:100C6000994208BF90422CBFD8176FEAE37040F05A
:100C7000010070474FEA410C7FEA6C5C02D150EAF8
:100C8000013C07D14FEA430C7FEA6C5CD6D152EAB3
:100C9000033CD3D05DF8040B704700BF8446104678
:100CA00062468C461946634600E000BF01B5FFF777
:100CB000B7FF002848BF10F1000F01BD4DF808ED47
:100CC000FFF7F4FF0CBF012000205DF808FB00BF18
:100CD0004DF808EDFFF7EAFF34BF012000205DF872
:100CE00008FB00BF4DF808EDFFF7E0FF94BF0120BF
:100CF00000205DF808FB00BF4DF808EDFFF7CEFFC0
:100D000094BF012000205DF808FB00BF4DF808EDFE
:100D1000FFF7C4FF34BF012000205DF808FB00BFCF
:100D20004FEA4102B2F1E04324BFB3F5001CDCF10D
:100D3000FE5C0DD901F0004C4FEAC0024CEA507045
:100D4000B2F1004F40EB830008BF20F00100704774
:100D500011F0804F21D113F13872BCBF01F0004077
:100D6000704741F480114FEA5252C2F11802C2F1A9
:100D7000200C10FA0CF320FA02F018BF40F001002A
:100D80004FEAC1234FEAD32303FA0CFC40EA0C00DC
:100D900023FA02F34FEA4303CCE77FEA625307D119
:100DA00050EA01331EBF4FF0FE4040F44000704750
:100DB00001F0004040F0FE4040F40000704700BFEA
:100DC00080F0004002E000BF81F0004142001FBF00
:100DD0005FEA410392EA030F7FEA226C7FEA236C09
:100DE0006AD04FEA1262D2EB1363C1BFD2184140FE
:100DF00048404140B8BF5B42192B88BF704710F094
:100E0000004F40F4000020F07F4018BF404211F036
:100E1000004F41F4000121F07F4118BF494292EA9E
:100E2000030F3FD0A2F1010241FA03FC10EB0C00CA
:100E3000C3F1200301FA03F100F0004302D5494257
:100E400060EB4000B0F5000F13D3B0F1807F06D304
:100E500040084FEA310102F10102FE2A51D2B1F1FC
:100E6000004F40EBC25008BF20F0010040EA0300F1
:100E70007047490040EB0000013A28BFB0F5000F71
:100E8000EDD2B0FA80FCACF1080CB2EB0C0200FA27
:100E90000CF0AABF00EBC25052421843BCBFD04076
:100EA0001843704792F0000F81F4000106BF80F4F0
:100EB00000000132013BB5E74FEA41037FEA226CB3
:100EC00018BF7FEA236C21D092EA030F04D092F07E
:100ED000000F08BF0846704790EA010F1CBF0020B2
:100EE000704712F07F4F04D1400028BF40F000400F
:100EF000704712F100723CBF00F50000704700F02F
:100F0000004343F0FE4040F4000070477FEA226255
:100F100016BF08467FEA23630146420206BF5FEA26
:100F2000412390EA010F40F4800070474FF0000326
:100F300004E000BF10F0004348BF40425FEA000CED
:100F400008BF704743F0964301464FF000001CE095
:100F500050EA010208BF70474FF000030AE000BFEB
:100F600050EA010208BF704711F0004302D5404229
:100F700061EB41015FEA010C02BF8446014600209B
:100F800043F0B64308BFA3F18053A3F50003BCFAB6
:100F90008CF2083AA3EBC25310DB01FA02FC634463
:100FA00000FA02FCC2F12002BCF1004F20FA02F26A
:100FB00043EB020008BF20F00100704702F120025D
:100FC00001FA02FCC2F1200250EA4C0021FA02F2BE
:100FD00043EB020008BF20EADC7070474FF0FF3C93
:100FE00006E000BF4FF0010C02E000BF4FF0010C23
:100FF0004DF804CD4FEA40024FEA41037FEA226CEC
:1010000018BF7FEA236C11D001B052EA530C18BF0D
:1010100090EA010F58BFB2EB030088BFC81738BF72
:101020006FEAE17018BF40F0010070477FEA226C60
:1010300002D15FEA402C05D17FEA236CE4D15FEA5C
:10104000412CE1D05DF8040B704700BF8446084690
:101050006146FFE70FB5FFF7C9FF002848BF10F151
:10106000000F0FBD4DF808EDFFF7F4FF0CBF012096
:1010700000205DF808FB00BF4DF808EDFFF7EAFF20
:1010800034BF012000205DF808FB00BF4DF808EDDB
:10109000FFF7E0FF94BF012000205DF808FB00BFD0
:1010A0004DF808EDFFF7D2FF94BF012000205DF856
:1010B00008FB00BF4DF808EDFFF7C8FF34BF012063
:1010C00000205DF808FB00BF4FEA4002B2F1FE4F7E
:1010D0000FD34FF09E03B3EB12620DD94FEA0023FA
:1010E00043F0004310F0004F23FA02F018BF4042D3
:1010F00070474FF00000704712F1610F01D14202BA
:1011000005D110F0004008BF6FF0004070474FF06D
:101110000000704742000ED2B2F1FE4F0BD34FF0E9
:101120009E03B3EB126209D44FEA002343F000435D
:1011300023FA02F070474FF00000704712F1610F80
:1011400001D1420202D14FF0FF3070474FF0000052
:10115000704700BF7BB972B90029BEBF00204FF0B5
:10116000004106E008BF00281CBF6FF000414FF0AF
:10117000FF3000F057B8ADF1080C6DE904CE00293E
:1011800009DB002B1ADB00F04FF8DDF804E0DDE9A5
:10119000022304B07047404261EB4101002B1BDB8E
:1011A00000F042F8DDF804E0DDE9022304B040423B
:1011B00061EB4101524263EB43037047524263EBE0
:1011C000430300F031F8DDF804E0DDE9022304B068
:1011D000404261EB41017047524263EB430300F030
:1011E00023F8DDF804E0DDE9022304B0524263EBAA
:1011F0004303704753B94AB9002908BF00281CBFF0
:101200004FF0FF314FF0FF3000F00CB8ADF1080C9B
:101210006DE904CE00F008F8DDF804E0DDE9022312
:1012200004B07047704700BF2DE9F0478C468E46EA
:10123000089E154604461946002B40F0D0807245A2
:1012400047D9B2FA82F74FB1C7F120030EFA07FC73
:1012500020FA03F3BD4043EA0C0CBC404FEA154EA4
:10126000A8B2BCFBFEF8230C0EFB18CC08FB00F95F
:1012700043EA0C43994528D9EB1808F1FF3204D210
:10128000994502D9A8F102022B44A3EB0903A4B2A9
:10129000B3FBFEFC0EFB1C330CFB00F044EA0344E2
:1012A000A04214D92C190CF1FF3304D2A04202D968
:1012B000ACF102032C44241A43EA02401EB1FC4064
:1012C000002334607360BDE8F0874246DDE7634683
:1012D000F1E7002A79D0B2FA82F3002B3FD0194609
:1012E000C1F1200302FA01F52EFA03F20EFA01FE13
:1012F00020FA03F343EA0E034FEA154E00FA01F415
:10130000B2FBFEFCAFB20EFB1C201A0C0CFB07F864
:1013100042EA004290455AD9AA180CF1FF3004D293
:10132000904502D9ACF102002A44A2EB08029BB21C
:10133000B2FBFEFC0EFB1C220CFB07F743EA024348
:101340009F4246D9EB180CF1FF3204D29F4202D9DA
:10135000ACF102022B44DB1B42EA004202E0AEEB9E
:10136000020301224FEA154EAFB2B3FBFEFC200C84
:101370000EFB1C330CFB07F840EA034398452AD9BF
:10138000EB180CF1FF3004D2984502D9ACF1020001
:101390002B44A3EB0803A4B2B3FBFEFC0EFB1C33EF
:1013A0000CFB07F744EA0344A74216D92C190CF1A9
:1013B000FF3304D2A74202D9ACF102032C44E41B50
:1013C00043EA00400F46114678E71F2188E7604650
:1013D000ABE76246BFE76046DBE76346EFE773458E
:1013E00006D916B9002108466DE7C6E9000EF9E7EF
:1013F000B3FA83F787B9734501D3824207D8841AB9
:101400006EEB030301209C461EB900215BE73846C2
:10141000FAE7C6E9004CF8E7C7F1200CBB4022FA16
:101420000CF51D4320FA0CF12EFA0CF30EFA07FE10
:1014300041EA0E014FEA154900FA07F4B3FBF9F847
:101440001FFA85FE09FB18300B0C08FB0EFA43EA65
:1014500000439A4502FA07F240D9EB1808F1FF3031
:1014600004D29A4502D9A8F102002B44A3EB0A0347
:1014700089B2B3FBF9F809FB183308FB0EFE41EA09
:1014800003418E452CD9691808F1FF3304D28E45EB
:1014900002D9A8F10203294443EA0040A0FB0298C4
:1014A000A1EB0E014145CE46434602D306D14C4541
:1014B00004D2B9EB020E68EB05030138002EA4D06C
:1014C000B4EB0E0261EB030101FA0CFC22FA07F304
:1014D0004CEA0303F940C6E9003196E74046C5E708
:1014E0004346D9E700000000F0B587B00446284B1A
:1014F00018686A46032101F0F5FD0546002840D131
:10150000002C3ED00098FFF707F906460F460198D9
:10151000FFF702F91CA3D3E90023FFF791FA024673
:101520000B4630463946FEF7ABFFC4E9000102988E
:10153000FFF7F2F806460F460398FFF7EDF812A3FF
:10154000D3E90023FFF77CFA02460B4630463946C2
:10155000FEF796FFC4E902010498FFF7DDF806469E
:101560000F460598FFF7D8F807A3D3E90023FFF744
:1015700067FA02460B4630463946FEF781FFC4E95A
:101580000401284607B0F0BD0000000080842E4111
:10159000B818002000000000F0B587B00446284BC2
:1015A00018686A46072101F09DFD0546002840D1D4
:1015B000002C3ED00098FFF7AFF806460F46019882
:1015C000FFF7AAF81CA3D3E90023FFF739FA024674
:1015D0000B4630463946FEF753FFC4E90001029836
:1015E000FFF79AF806460F460398FFF795F812A3FF
:1015F000D3E90023FFF724FA02460B46304639466A
:10160000FEF73EFFC4E902010498FFF785F806469D
:101610000F460598FFF780F807A3D3E90023FFF7EB
:101620000FFA02460B4630463946FEF729FFC4E959
:101630000401284607B0F0BD0000000080842E4160
:10164000B8180020000000002DE9F04F91B001F023
:101650008BFD0AA800240A9444608460C46004617D
:10166000446104AD04940594069407940894099485
:10167000FFF73AFF2846FFF78FFF0FF044FB4318B0
:1016800080F0A48023445E4AA2FB034525F00304B6
:1016900004EB95041B1BC01A61F100034FF0CC3121
:1016A00000FB01F102FB0311A0FB02021144400800
:1016B00040EAC1704908FFF76BF80022514BFFF771
:1016C000BFF904460D46DDE90A6732463B4630461F
:1016D0003946FFF78BF882468B46DDE90E89424694
:1016E0004B4640464946FFF781F802460B465046B6
:1016F0005946FEF7C5FE0BF011FB82468B460022D1
:101700000023FFF7DBFA002862D152465B46DDE991
:101710000C01FFF795F900F083F837A3D3E9002314
:10172000FFF764F882468B4642464B4630463946C0
:1017300000F04EFA30A3D3E90023FFF757F806462E
:101740000F460022304BFFF7C3FA38B100222F4B6F
:101750002F49D1E90001FFF7D9FA80B900222B4BBC
:1017600030463946FFF7D2FA002836D00022264B01
:101770002749D1E90001FFF7ABFA00282DD0254B0E
:10178000C3E90667224BC3E90067CDE90245DDE9FD
:101790000423CDE9002352465B461F480BF015FF9A
:1017A0001B4EC6E9020122462B46DDE90801FFF780
:1017B0001DF800220023FEF763FEC6E90401174B63
:1017C000186800F025FE11B0BDE8F08F012459E73C
:1017D0004FF0000A4FF0000BA6E7CDE90245DDE926
:1017E0000623CDE9002332463B460A480BF0EDFEC6
:1017F000074BC3E90001C8E7F8C1631ADCA54C40F8
:10180000CDCCCCCC00408F40008056C000805640EC
:10181000500400204800002000000020880800201C
:101820002DE9F04FCA4A21F00043934285B00446A7
:101830000D468A4614D9C74A934200F2EB8000F065
:10184000E680BAF1000F9EA3D3E9002340F3148190
:101850009DA1D1E90001FEF713FE05B0BDE8F08FB0
:10186000BD4A934200F2A180A2F1DE72934240F29F
:10187000D78000220023CDE90223CDE900234FF0D9
:10188000FF3B22462B4620462946FEF7AFFF024685
:101890000B4680468946FEF7A9FF8DA3D3E90023B6
:1018A00006460F46FEF7A2FF8BA3D3E90023FEF7FF
:1018B000E7FD32463B46FEF799FF89A3D3E90023B3
:1018C000FEF7DEFD32463B46FEF790FF86A3D3E9E6
:1018D0000023FEF7D5FD32463B46FEF787FF84A383
:1018E000D3E90023FEF7CCFD32463B46FEF77EFFF0
:1018F00081A3D3E90023FEF7C3FD42464B46FEF722
:1019000075FF7FA3D3E900238046894630463946D8
:10191000FEF76CFF7CA3D3E90023FEF7AFFD324650
:101920003B46FEF763FF7AA3D3E90023FEF7A6FD4B
:1019300032463B46FEF75AFF77A3D3E90023FEF772
:101940009DFD32463B46FEF751FF75A3D3E90023C8
:10195000FEF794FD32463B46FEF748FF02460B4633
:1019600040464946FEF78CFD22462B46FEF73EFFD9
:10197000BBF1FF3F02460B4600F08680DDE9022303
:10198000FEF77CFD22462B46FEF778FD02460B460D
:10199000DDE90001FEF772FDBAF1000F40DA01F156
:1019A0000043194605B0BDE8F08F6C4A93420646E5
:1019B00021F0004737D8A2F55022934200F2D88098
:1019C00002463B463946FEF75BFD654B0022FEF7BB
:1019D00055FD002204460D464FF0804330463946FF
:1019E000FEF74EFD02460B4620462946FFF728F833
:1019F0004DA4D4E90034CDE902344DA3D3E900234A
:101A00000446CDE900230D464FF0000B39E70028CE
:101A10003FF417AF22462B4620462946FEF730FDFD
:101A200005B0BDE8F08F4F4A934234D24E4B0022AE
:101A30003946FEF723FD4C4B04460D460022304646
:101A40003946FEF7D3FE464B0022FEF719FD02464B
:101A50000B4620462946FEF7F3FF37A4D4E90034AD
:101A6000CDE9023436A3D3E900230446CDE90023AF
:101A70000D464FF0020B04E733A1D1E90001FEF758
:101A8000FDFC05B0BDE8F08F20462946FEF7F6FCC8
:101A900005B0BDE8F08F02463B4634490020FEF712
:101AA000CFFF07A4D4E90034CDE9023406A3D3E97B
:101AB00000230446CDE900230D464FF0030BE0E67A
:101AC000075C143326A6913C182D4454FB21F93FA2
:101AD00011DA22E33AAD903FEB0D76244B7BA93F20
:101AE000513DD0A0660DB13F6E204CC5CD45B73FEE
:101AF000FF8300922449C23F0D5555555555D53F9A
:101B00002F6C6A2C44B4A2BF9AFDDE522DDEAD3F8D
:101B10006D9A74AFF2B0B33F711623FEC671BC3F2D
:101B2000C4EB98999999C93FE2652F227F2B7A3CA3
:101B30004FBB610567ACDD3FBDCBF07A8807703CD9
:101B40009BF681D20B73EF3F182D4454FB21F9BF54
:101B5000FFFF0F440000F07FFFFFDB3FFFFFF23F7E
:101B60000000F03F008003400000F83F0000F0BF9D
:101B7000154B00223946FEF781FC134B04460D46F7
:101B8000002230463946FEF77BFC02460B462046D3
:101B90002946FEF755FF08A4D4E90034CDE9023404
:101BA00007A3D3E900230446CDE900230D464FF0F7
:101BB000010B66E6AFF30080075C143326A6813C78
:101BC000182D4454FB21E93F0000F03F00000000C5
:101BD0002DE9F84F994653427F4F134329F0004EA9
:101BE0004EEAD373BB42904604460D463ED8464269
:101BF000064321F0004A4AEAD676BE4203468B46A7
:101C000034D809F1404606F5801616434FD04FEA06
:101C1000A97606F0020653EA0A0346EAD1762DD0E9
:101C200052EA0E0237D0BE4554D0BA4533D0AAEBA3
:101C30000E0ABAF1747F4FEA2A5357DB50A3D3E957
:101C4000002351A1D1E90001FEF71AFC012E68D052
:101C5000022E59D086B14EA3D3E90023FEF70EFC25
:101C60004DA3D3E90023FEF709FC05E022462B46ED
:101C700040464946FEF704FCBDE8F88F022E1AD014
:101C8000032EF9D146A3D3E9002347A1D1E90001EE
:101C9000FEF7F4FBF0E7BBF1000F41A3D3E900230B
:101CA00012DB39A1D1E90001FEF7EAFBE4E7BDE868
:101CB000F84FFFF7B5BD3AA3D3E9002336A1D1E928
:101CC0000001FEF7DDFBD7E739A1D1E90001FEF7FE
:101CD000D5FBD1E7F24528D0022EECD0032ED1D08F
:101CE000012E4FF0000034D00021C5E7B9F1000FFC
:101CF0002ADB42464B4620462946FEF7A1FE21F04C
:101D00000041FFF78DFDA1E721A3D3E90023FEF7F2
:101D1000B5FB02460B4620A1D1E90001FEF7AEFB60
:101D2000AAE701F100431946A6E7022E1CA3D3E956
:101D300000231DD0032E15D0012E0DD01EA1D1E9F8
:101D40000001FEF79DFB97E73C33D2DA002000212B
:101D50007CE74FF000418FE719A1D1E90001FEF7C0
:101D60008DFB89E718A1D1E90001FEF787FB83E726
:101D700017A1D1E90001FEF783FB7DE7AFF30080F7
:101D8000075C143326A6913C182D4454FB21F93FDF
:101D9000075C143326A6A13C182D4454FB210940AE
:101DA00059F3F8C21F6EA501182D4454FB2109C038
:101DB000182D4454FB21F9BF182D4454FB21E93F51
:101DC000182D4454FB21E9BFD221337F7CD902C0B6
:101DD000D221337F7CD902400000F07F08B5FFF7A5
:101DE00033FC074B18680BF040FB00F0F9FD00F0E6
:101DF0001DFB4FF49670002109F070F9EFE700BF6A
:101E0000A80900200023032B0DD803EB4302074948
:101E100031F81220824201D00133F4E703EB43038F
:101E200001EB430070470020704700BFE813010832
:101E3000FF2805D008B5034B1B6803B1984708BDC0
:101E4000704700BF6008002010B5044C23689878E4
:101E5000FFF7EEFF0023236010BD00BF5C080020E9
:101E600008B5034B1B681879FFF7E2FF08BD00BFF8
:101E70005808002038B58568C088FFF7C3FF0028E0
:101E800042D00446012D3CD1204B1B6883421AD01E
:101E9000E378FF2B31D01E4D284607F0D3FD1B4BB6
:101EA0001C604FF47A620023284607F031FD237945
:101EB000FF2B29D0174B1C604FF4FA520023164811
:101EC00007F026FD20E0124807F0BCFD0028DFD116
:101ED000114807F0B7FD0D4B00221A60E078FFF7BC
:101EE000A7FF2379FF2B0FD00A4B1C604FF4FA5247
:101EF0000023094807F00CFD06E0A078FFF798FFE3
:101F0000D5E7054807F09EFD38BD00BF5C080020FE
:101F10002004002058080020F003002008B50549DF
:101F2000054807F03FFC0549054807F03BFC002049
:101F300008BD00BF491E000820040020611E0008E3
:101F4000F0030020014B1860704700BF60080020BC
:101F500090F82530064AA2FB031202F0FC0101EBC7
:101F600092029B1ADBB2034A52F82300704700BF6B
:101F7000CDCCCCCC1C48010808B5054801F02EFD9D
:101F80000448FFF7DFFF044B01221A70002008BD50
:101F90002010010835220008B91C002000B583B0CC
:101FA0000B468DF8042000228DF80520024601A979
:101FB00002480CF0B0F903B05DF804FB20100108F2
:101FC0002DE9F0410646384C0021204601F0F8FC8E
:101FD00000231A46316820460CF09DF9346900232D
:101FE00002E064690133DBB2727E9A4201D9002CAF
:101FF000F7D130460AF0FCFF8046002719E02B4657
:1020000000222A4928480CF086F925E020460AF0EB
:1020100074FF58B32B460E22254923480CF07BF958
:102020002B462022216820480CF075F9646901379D
:10203000FFB214B3022F20D83D01EDB21235EDB23C
:10204000737E3B44DBB2327E9A42D8D02B460022CC
:10205000184915480CF05FF92369002BD6D02B46A0
:102060000E22154910480CF056F9D9E72B460E22DE
:1020700012490D480CF04FF9D2E7B8F1030F05D91A
:10208000737E2BB9737E0333434507DBBDE8F081D4
:102090005E2212217820FFF781FFF3E776223221BA
:1020A0007820FFF77BFFF1E72010010800140108FA
:1020B0000C14010804140108081401081014010884
:1020C0002DE9F04782B08046894617461D4600211B
:1020D0001046FEF7D1FF40B9BA465046FEF7F4FF6E
:1020E00006464FF0000C012407E007F1004AF4E730
:1020F00004EB840464000CF1010CAC45F8DB3046C1
:10210000FEF718FF01465046FEF75EFE8246204667
:10211000FEF710FF01465046FEF7F8F84FF07C51ED
:10212000FEF754FEFEF7D0FF8246844202DC013601
:10213000A0EB040A00213846FEF79EFF58B9CDF8FF
:1021400004A000953346094A494640460AF05AF829
:1021500002B0BDE8F087CDF804A000953346044AEC
:10216000494640460AF04EF8F2E700BF2014010845
:1021700014140108F8B50C46154690F8243043B9FC
:10218000C26932B11368154A294620460AF03AF866
:1021900006E0012B05D02D23237063700023A3706C
:1021A000F8BD036A002BF6D01E683046FEF78CFFA0
:1021B0000746FEF7BFFE3146FEF754FF30B13B46FF
:1021C000064A294620460AF01DF8E9E7022332466E
:1021D00029462046FFF774FFE2E700BF28140108F4
:1021E00010B4044608460A600B71019B8B60CC60FA
:1021F00000230B614B610B764B76CB610B6281F850
:102200002430012281F825208B62CB6234B123690E
:102210004BB11A465B69002BFBD15061044B1B6824
:102220001BB110BC70472161F8E7014B1860F8E75B
:102230008408002010B5704B1C68002C00F0D3807F
:10224000052800F2D080DFE810F0340006006200BC
:102250009100B300CA00694B1B781BB120460AF0FD
:102260004CFEF8B92369002B00F0BD8020460AF02F
:10227000BFFE002800F0B780237E013393FBF0F10E
:1022800000FB1133DBB22376627E02329A4201DA1E
:102290009A1E6276627E934200D26376584B012288
:1022A0001A70A0E020460AF06EFE554B01221A700B
:1022B00099E0524B1B781BB120460AF01EFEE0B994
:1022C0002369002B00F08F8020460AF091FE002841
:1022D00000F08980237EBBB9421ED3B22376627E92
:1022E0009A4200D96376627E02329A4201DA023B58
:1022F0006376434B01221A7075E020460AF00EFE09
:102300003F4B01221A706EE0013BDBB2E6E7226927
:10231000F2B1002302E052690133DBB2217E99421F
:1023200001D9002AF7D1002A5DD0364B1B68062B55
:1023300005DC013333490B60334941F823402E4B10
:102340001A602E4B00221A702D4B01221A704AE09F
:1023500020460AF0D2FD002845D0284A137883F0A1
:1023600001031370264B01221A703CE0234B1B78AB
:1023700033B1224B00221A70214B01221A7032E035
:10238000204B1B68002B0BDB591E1E4A11601E4A96
:1023900052F82320184B1A60194B01221A7022E0C0
:1023A000E36803B3144A1360154B01221A701AE054
:1023B000124B1B78BBB120460AF09FFD98B194F8F0
:1023C00025200132114B83FB02135B1003EB8303C7
:1023D000D31A84F825300A4B01221A7003E02046F4
:1023E0000AF08BFD00B910BD20460AF00AFE044B2E
:1023F00001221A70F7E700BF84080020B81C0020F3
:10240000B91C00203003002064080020676666665F
:1024100018B1044A1268824200D07047024B012270
:102420001A70FAE784080020B91C00203F4B1B7883
:10243000002B7AD03E4B1B68002B76D030B58BB08A
:1024400000213A4B19703B4801F0A2FA384B18684A
:10245000036933B1FFF7B4FD364801F03BFA0BB026
:1024600030BD8368002B3ED09847314B18680AF086
:1024700044FD0028F0D02F4C0021204601F0A0FAA6
:1024800005AD142229462A4B1868FFF773FE302346
:102490000022294620460BF03EFF274B1B78002BDD
:1024A0003CD0234B1868FFF753FD0446FEF70CFEA3
:1024B0000546FEF73FFD2146FEF7D4FD08B32B4647
:1024C0001E4A0C2102A809F09DFE1A4C30233C2222
:1024D00002A920460BF01FFF302364221849204632
:1024E0000BF019FFB8E7134C0021204601F068FA01
:1024F0000F4B196818230022096820460BF00BFFC8
:10250000B3E70223224608216846FFF7D9FD6B4650
:102510000C4A0C2102A809F075FED6E730234822A8
:10252000094904480BF0F7FE96E77047B91C0020F4
:102530008408002020100108B81C00202C14010879
:102540003C140108341401084414010870B582B029
:102550001C4D0024009423461B4A29462046FFF7C1
:102560003FFE1A4E00942346194A31462846FFF78B
:1025700037FE184B00930123174A18492846FFF7E6
:102580002FFE174B1860174B00930123164A17496B
:102590002846FFF725FE164B1860164D164B009384
:1025A0000123164A29463046FFF71AFE144BEB6109
:1025B00085F82440AC626423EB6232232B6320460F
:1025C00002B070BD700900204C14010838090020C9
:1025D00054140108F92600085C140108C8080020FA
:1025E000C408002025260008641401088C08002077
:1025F0008808002000090020052600086C14010846
:102600003403002038B50446054D0021284601F06A
:10261000D7F900231A46216828460BF07CFE38BD06
:1026200020100108F0B593B004462F4D0121284633
:1026300001F0C6F900231A46216828460BF06BFE0C
:102640000021284601F0BCF968460024009401945A
:10265000029403940494059400F094FDDDE90001D4
:10266000FEF75EFB02460EAF02231021384600F053
:1026700097FD06AE3B461D4A2021304609F0C2FDBB
:1026800014232246314628460BF045FEDDE90201BF
:10269000FEF746FB024602231021384600F080FD7B
:1026A0003B46134A2021304609F0ACFD142340225A
:1026B000314628460BF02FFEDDE90401FEF730FB22
:1026C000024602231021384600F06AFD3B46094AC3
:1026D0002021304609F096FD1E2322463146284629
:1026E0000BF019FE13B0F0BD20100108741401089E
:1026F00080140108881401082DE9F04192B00446C5
:10270000504F0021384601F05BF900231A4621683A
:1027100038460BF000FE00260096019602960396BE
:10272000049605966846FEF7DFFEDDE90001FEF738
:10273000F7FA02460EAD02231021284600F030FDC4
:1027400006AC2B46404A2021204609F05BFD0A23B7
:102750003246214638460BF0DEFDDDE90201FEF788
:10276000DFFA024602231021284600F019FD2B460D
:10277000364A2021204609F045FD0A234022214601
:1027800038460BF0C8FDDDE90401FEF7C9FA024640
:1027900002231021284600F003FD2B462C4A20215D
:1027A000204609F02FFD14233246214638460BF00F
:1027B000B2FD6846FEF7F0FEDDE90001FEF7B0FA73
:1027C000024602231021284600F0EAFC2B46214A4B
:1027D0002021204609F016FD1423402221463846C8
:1027E0000BF099FDDDE90201FEF79AFA0246022399
:1027F0001021284600F0D4FC2B46174A2021204601
:1028000009F000FD1E233246214638460BF083FDB9
:10281000DDE90401FEF784FA02460223102128466E
:1028200000F0BEFC2B460D4A2021204609F0EAFCB0
:102830001E234022214638460BF06DFD12B0BDE844
:10284000F08100BF201001089014010898140108BD
:10285000A0140108A8140108B0140108B814010854
:10286000034668B179B1106880B1906888B1596049
:102870009A600020187398735873074A1A6070475B
:102880004FF0FF3070474FF0FF3070474FF0FF3090
:1028900070474FF0FF3070475C50010808B5064A9A
:1028A00006490748FFF7DCFF18B9064B044A1A60CF
:1028B00008BD4FF0FF30FBE78C500108AC09002049
:1028C00008100020A809002010B5064C002211466F
:1028D00020680AF084FD1422012120680AF07FFD9F
:1028E000002010BDA8090020C2788B1F9A4241D158
:1028F00000B583B000231A469E4608E010F803C0D6
:10290000F4445FFA8CFE7244D2B20133DBB2A1F11F
:10291000020C6345F2DB10F80C30734516D1013917
:10292000435C934212D1837873B9ADF804308DF8CB
:102930000630037953B9437943B9837933B90E4BE0
:1029400018680AF0A3FD01E0E02B02D003B05DF8A7
:1029500004FB01A90023ADF804308B7083788DF857
:1029600004308DF805E08DF80620034B18680AF056
:1029700025FDEBE7704700BFA809002070B582B0C5
:102980000C46154638B101281BD10B785A1C0A7029
:102990000122EA5415E001AE0023ADF804308DF8B1
:1029A00006303146084B18680AF03DFD2378EA18D6
:1029B000BDF804009DF80610E852917023780333A7
:1029C000237002B070BD00BFA809002008B50A46F8
:1029D0000146024B18680AF06AFD08BD1810002075
:1029E00010B5064C20680AF02FFD002120680AF07F
:1029F00009FDE02120680AF005FD10BDA8090020AE
:102A000010B550B1836815498B4216D214498B42D8
:102A100013D31B6C03B1984710BD124C40F25B13EB
:102A20002246114911480BF00BF811480BF008F839
:102A300040F25B1120460AF0FAFF0A4C40F25B13A9
:102A400022460C4909480AF0FBFF0B490B480AF0E3
:102A5000F7FF40F25B1120460AF0E9FF6C13010812
:102A600008130108C0140108001501081415010815
:102A70003415010848150108881601089016010848
:102A800010B550B1836815498B4216D214498B4258
:102A900013D35B6B03B1984710BD124C40F2311356
:102AA0002246114911480AF0CBFF11480AF0C8FF2D
:102AB00040F2311120460AF0BAFF0A4C40F23113BD
:102AC00022460C4909480AF0BBFF0B490B480AF0A3
:102AD000B7FF40F2311120460AF0A9FF6C1301083C
:102AE00008130108C0140108001501081415010895
:102AF00034150108481501088816010890160108C8
:102B000010B550B1836815498B4216D214498B42D7
:102B100013D3DB6D03B1984710BD124C4FF4DE7335
:102B20002246114911480AF08BFF11480AF088FF2C
:102B30004FF4DE7120460AF07AFF0A4C4FF4DE7340
:102B400022460C4909480AF07BFF0B490B480AF062
:102B500077FF4FF4DE7120460AF069FF6C1301081D
:102B600008130108C0140108001501081415010814
:102B70003415010848150108881601089016010847
:102B800010B550B1836817498B4216D216498B4253
:102B900013D3DB6B13B3984710BD144C40F24B13A7
:102BA0002246134913480AF04BFF13480AF048FF26
:102BB00040F24B1120460AF03AFF0C4C40F24B1306
:102BC00022460E490B480AF03BFF0D490D480AF01A
:102BD00037FF40F24B1120460AF029FF6FF05700F3
:102BE000DAE700BF6C13010808130108C0140108DC
:102BF00000150108141501083415010848150108CD
:102C0000881601089016010810B560B184468368E3
:102C10001548834215D21548834212D3DB6AFBB1B3
:102C20006046984710BD124CE923224611491248CC
:102C30000AF006FF11480AF003FFE92120460AF0D6
:102C4000F6FE0B4CE92322460D490B480AF0F8FE2C
:102C50000C490D480AF0F4FEE92120460AF0E7FE8F
:102C60006FF05700DEE700BF6C130108081301087E
:102C7000C0140108001501081415010834150108D5
:102C800048150108881601089016010810B550B1C2
:102C9000836815498B4216D214498B4213D39B6B20
:102CA00003B1984710BD124C4FF49F73224611494F
:102CB00011480AF0C5FE11480AF0C2FE4FF49F7198
:102CC00020460AF0B4FE0A4C4FF49F7322460C498A
:102CD00009480AF0B5FE0B490B480AF0B1FE4FF463
:102CE0009F7120460AF0A3FE6C1301080813010827
:102CF000C014010800150108141501083415010855
:102D000048150108881601089016010810B550B141
:102D1000836817498B4216D216498B4213D3DB6C5A
:102D200013B3984710BD144C4FF4C2732246134995
:102D300013480AF085FE13480AF082FE4FF4C27170
:102D400020460AF074FE0C4C4FF4C27322460E4922
:102D50000B480AF075FE0D490D480AF071FE4FF45C
:102D6000C27120460AF063FE6FF05700DAE700BF39
:102D70006C13010808130108C014010800150108AC
:102D800014150108341501084815010888160108B2
:102D90009016010810B560B18446836817488342D5
:102DA00017D21748834214D31B6B1BB36046984756
:102DB00010BD144C40F20D132246134913480AF07B
:102DC0003FFE13480AF03CFE40F20D1120460AF087
:102DD0002EFE0C4C40F20D1322460E490B480AF011
:102DE0002FFE0D490D480AF02BFE40F20D11204632
:102DF0000AF01DFE6FF05700DAE700BF6C13010800
:102E000008130108C0140108001501081415010871
:102E100034150108481501088816010890160108A4
:102E200038B578B1B0FA80F464098368194DAB42C3
:102E30001BD2194DAB4218D3A3B11B6E33B39847C5
:102E4000204638BD154C4FF4E4732246144915480A
:102E50000AF0F6FD14480AF0F3FD4FF4E471204641
:102E60000AF0E5FD6FF05704EAE70C4C4FF4E47309
:102E700022460E490B480AF0E3FD0D490D480AF0C1
:102E8000DFFD4FF4E47120460AF0D1FD6FF05704E6
:102E9000D6E700BF6C13010808130108C01401082D
:102EA000001501081415010834150108481501081A
:102EB000881601089016010810B50C464160826022
:102EC000C36000230374044B036002460349206877
:102ED000FFF7A6FF10BD00BFA450010837D50008BA
:102EE00008B5164B1B68164A126816491648FFF7B4
:102EF000E3FF034608B1184608BD144B1B68144A8B
:102F0000126814491448FFF7D7FF03460028F2D18E
:102F10000D48124B1860124B0F4A1A604FF47A7129
:102F20000AF0D0FA03460028E5D14FF47A710C4B31
:102F300018680AF0C7FA0346DDE700BF80140020D6
:102F400084140020B05001083410002048100020E4
:102F50004C100020AC5001081C1000203010002044
:102F600018100020B1F5004F09D201610260002362
:102F70000381C3808380C38183814381704710B5FF
:102F8000064CC3232246064906480AF059FD064866
:102F90000AF056FDC32120460AF049FDA816010893
:102FA000DC16010814150108F416010810B5154CBB
:102FB000154B4FF40072154920460AF0F3FA144BF2
:102FC0001C60144C144B4FF40072144920460AF054
:102FD000E9FA134B1C60134C134B4FF40072134966
:102FE00020460AF0DFFA124B1C60124C124B4FF4D1
:102FF0000072124920460AF0D5FA114B1C600020DD
:1030000010BD00BFA01800202C1701088816002052
:103010008414002088180020341701088814002028
:1030200080140020501400203C170108501000208C
:103030004810002068140020441701085012002096
:103040004C10002008B50548054B18600DF0E0FC59
:1030500008B1002008BD6FF01200FBE7581001080E
:10306000B818002010B550B1836815498B4216D2AC
:1030700014498B4213D3DB684E21984710BD124C84
:1030800040F2B7332246114911480AF0D9FC1148E1
:103090000AF0D6FC40F2B73120460AF0C8FC0A4CD0
:1030A00040F2B73322460C4909480AF0C9FC0B49E3
:1030B0000B480AF0C5FC40F2B73120460AF0B7FCD5
:1030C000B81201089C1201084C17010800150108EC
:1030D000141501083415010880170108CC180108DF
:1030E0009016010810B558B184468368154883428C
:1030F00016D21548834213D31B696046984710BD0A
:10310000124C40F2F5332246114912480AF098FC5D
:1031100011480AF095FC40F2F53120460AF087FC90
:103120000A4C40F2F53322460C490A480AF088FC62
:103130000B490C480AF084FC40F2F53120460AF0B5
:1031400076FC00BFB81201089C1201084C17010858
:10315000001501081415010834150108801701082D
:10316000CC1801089016010808B5044B1868FFF741
:103170004FF9034B1868FFF775FF08BDC40800201E
:10318000B818002010B48446044C0FCCACE80F00F3
:1031900094E803008CE8030010BC70475004002042
:1031A000002800F086802DE9F04385B00F46914657
:1031B0001C46064601297FD9062B00D9062400218A
:1031C0004846FDF759FF60B9002500234FF001087C
:1031D0009C420CD908EB88084FEA48080133DBB25F
:1031E000F6E72D23337009F100490125EDE740464C
:1031F000FDF79CFE4946FDF789F84FF07C51FDF73D
:10320000E5FDFDF787FF0346B0FBF8F008FB103142
:1032100098451CD930238DF8003001225319BB4248
:103220004DD2531E1DE02A4BA3FB00C3DB089C4676
:1032300003EB8303A0EB4303303302F11000684437
:1032400000F8103C604601320028ECD1E6E700228D
:10325000FAE703F110026A4412F8102C7255013B90
:103260000135002BF5DAF4B1013FAF422AD92E2304
:103270007355631E013510E002EB820252000CF11F
:10328000010C6345F8DCB1FBF2F002FB1011AF4218
:103290001BD930307055013B0135002B03DB4FF05B
:1032A000000C0122EDE700237355284605B0BDE868
:1032B000F0834FF0FF3070474FF0FF30F6E74FF0EC
:1032C000FF30F3E74FF0FF30F0E74FF0FF30EDE76E
:1032D000CDCCCCCC70B5B2F5802F31D20346042AC8
:1032E0003ED9043AC81D20F007000A4422F0070224
:1032F000121AD608172A43D9186086600023C360C3
:10330000B6FA86F1C1F1200EC1F12405AD000735F2
:10331000E9084B1CB34294BF00230123002B45D086
:10332000354C40F233332246344935480AF088FBA5
:1033300034480AF085FB40F2333120460AF077FB2F
:103340002D4C40F20A3322462F492D480AF078FBD3
:103350002E480AF075FB40F20A3120460AF067FB5E
:10336000254C40F211332246294925480AF068FBD2
:1033700024480AF065FB40F2113120460AF057FB61
:103380001D4C40F21D33224622491D480AF058FBCD
:103390001C480AF055FB40F21D3120460AF047FB5D
:1033A00003F1040C002440F82C4001337345F7DB93
:1033B0001FFA81FC4FEA4C039BB243800024048037
:1033C00043F001034380731A25F00705AE1C9BB23E
:1033D0004FEA430E20F806E020F805C022F007056A
:1033E000961C845302444353538843F00103538093
:1033F0000AF082FA70BD00BFD4180108D019010884
:103400001415010888190108341901084C1901081C
:1034100064190108A419010808B502480AF0F9FA6C
:10342000002008BDFC19010808B5024B1B6898472D
:1034300008BD00BF38030020014B1860704700BF73
:103440003803002000B585B084460A46684600234C
:10345000009301930293039302238DF80230044BEF
:103460000193614608F080FF05B05DF804FB00BFE2
:10347000293400082DE9F04182B080460E461546F9
:1034800000272A4601A940460AF009FB044640B13C
:10349000024631460198FCF79FFE274426442D1B27
:1034A000EFD13A4608F1040140460AF01DFB18B975
:1034B000384602B0BDE8F081054C49232246054953
:1034C00005480AF0BDFA492120460AF0B0FA00BFCB
:1034D000381A0108641A0108141501082DE9F04191
:1034E00082B080460E461546002702E027442D1B79
:1034F0000FD02A4601A940460AF0E4FA044640B13A
:10350000002EF3D0024601993046FCF765FE2644B2
:10351000ECE73A4608F10A0140460AF0E5FA18B924
:10352000384602B0BDE8F081054C642322460549C7
:1035300005480AF085FA642120460AF078FA00BFAF
:10354000381A0108641A010814150108034A53685F
:1035500043F0020353600020704700BF002004E0E6
:1035600008B502490AF0E1FA08BD00BF7936000843
:1035700010B560B1024683681548834215D21548DC
:10358000834212D31B68FBB11046984710BD124C02
:10359000B6232246114912480AF052FA11480AF09D
:1035A0004FFAB62120460AF042FA0B4CB6232246C7
:1035B0000D490B480AF044FA0C490D480AF040FA4C
:1035C000B62120460AF033FA6FF05700DEE700BF5D
:1035D000D4120108B8120108701A01080015010878
:1035E0001415010834150108AC1A0108281C01083B
:1035F0009016010810B560B10246836815488342F1
:1036000015D21548834212D35B68FBB11046984728
:1036100010BD124CCC232246114912480AF010FA70
:1036200011480AF00DFACC2120460AF000FA0B4CA2
:10363000CC2322460D490B480AF002FA0C490D48EA
:103640000AF0FEF9CC2120460AF0F1F96FF057009C
:10365000DEE700BFD4120108B8120108701A010891
:10366000001501081415010834150108AC1A0108E9
:10367000281C01089016010808B50B4641680C315A
:10368000012B11D007D81BB90948FFF7B3FF0EE093
:103690006FF085000BE0023BDBB2012B01D800206C
:1036A00005E06FF0850002E00148FFF761FF08BD0B
:1036B000440E010810B5082808D8064B53F82040DE
:1036C00020460DF0A5F918B1204610BD0024FBE7F7
:1036D0000024F9E768510108084B1A6842F4807227
:1036E0001A601A6842F400721A601A6842F4806222
:1036F0001A60034B034A1A60704700BF003C024047
:103700006C0300200024F400014B0360002070478C
:103710008C51010870B544798C4279D990F806C073
:10372000944577D92346644528BF6346022B03D9C5
:103730009D1EC5F3470500E000253748A0FB0303A5
:10374000DB08AB4228BF2B46E01AC0B2ACEB030C3F
:103750005FFA8CFC5D1CA84204D9C41A013CC4F376
:10376000470400E00124654505D2ACEB0305013DAB
:10377000C5F3470500E00125A0EB030EACEB030603
:10378000B645A8BFB646244EA6FB0E6E4FEADE0E27
:10379000BEF1010F38BF4FF0010EAC4228BF2C46DE
:1037A000A64528BFA646994207D3814211D29A4224
:1037B00011D3624511D3002400E000245FFA8EFE8D
:1037C000734499420BDBA0EB0E00814210DB012118
:1037D00006E00024F2E70024F0E70124EEE70121EF
:1037E000934207DCACEB0E0C624509DB012302E0DF
:1037F0000021F5E701232CB131B93BB9002008E0E5
:103800000023F8E7002004E0012002E0012000E0AE
:10381000002070BD0020FCE7CDCCCCCC2DE9F04FD2
:1038200083B01E469DF83080294B9F68002F49D0F9
:10383000894614461B68002B47D0254B9B7D03EB24
:10384000430307EB83070846FCF75AFC8246002532
:1038500014E01F4B9B7B13F0010F1FD01C4890F905
:1038600017B0A4B219F80510CDF80080B3B2224603
:103870000AF097FC83445C4424B2013555451DD2BF
:103880007A792244124B1B8A9A42E2DDB8F1000F8A
:10389000DFD0BB7933441EB20024DAE70C4890F93C
:1038A00017B0A4B219F80510CDF80080B3B22246C3
:1038B0000AF097FC83445C4424B2DEE7002003B0A6
:1038C000BDE8F08F6FF01200F9E76FF01200F6E735
:1038D0004C19002070B586B08568274B9D4229D2CF
:1038E0000446264B9D4225D3254B196800293FD01D
:1038F0000023039304930593214B5A6803921A8A79
:10390000ADF81020588AADF81200ADF814209A894D
:10391000042A14BF002201221B7E9A4217D1AD68EF
:10392000009103AB002211462046A84704462046DA
:1039300006B070BD134C40F2C7232246124913480B
:103940000AF07EF840F2C72120460AF070F80C4ECB
:1039500030460AF0D0FCAD683368009303AB002218
:1039600011462046A847044630460AF0C4FCDEE76C
:103970006FF01204DBE700BF08130108D41201083E
:103980004C190020C81C0108EC1C01081415010882
:1039900038B50546094B186860B10C465A680021D5
:1039A00008F0C6FB0CB9002038BD2846FFF792FF8F
:1039B0000020F9E76FF01200F6E700BF4C19002075
:1039C000054B5B7D8B4203D9034B997500207047F3
:1039D0006FF01500704700BF4C19002010B584B07F
:1039E0008368254A934236D2244A934233D31B6AD2
:1039F00069469847224C234A121B234BA3FB0232F1
:103A0000D208224B5A75BDF800001882BDF802108A
:103A1000598208221A75BDF80C209A819DF8082059
:103A20009A730022DA751A769C609A7501FB00F091
:103A300090420EDBC010154C606008F03BFB20602C
:103A4000B0B1124B5A68002108F072FB002004B09C
:103A500010BD0730EEE70E4C40F22D3322460D49E3
:103A60000D4809F0EDFF40F22D31204609F0DFFF4F
:103A70006FF00B00EBE700BF08130108D412010838
:103A80007813010890130108ABAAAAAA4C190020C8
:103A9000C81C0108EC1C01081415010810B50C4BDA
:103AA0001B78012B04D100F011FD0A4B185810BDF2
:103AB000094C40F28F3322460849094809F0C0FFFB
:103AC000084809F0BDFF40F28F31204609F0AFFFF2
:103AD000BB1C002008000000401E01086C1E0108ED
:103AE00014150108801E010880B504460D461646CF
:103AF0001F4607F033FC024600F0E8FC044B1A5066
:103B00003A4631462846A047FFF7C8FF00F06AFC56
:103B10000800000008B50348034A121A00210AF001
:103B200002FC08BDF0030020BC1C002008B50648BC
:103B3000064A121A06490AF0FAFB0648064A121A01
:103B400006490AF0F4FB08BD00000020EC03002049
:103B50005C55010800000020000000205C550108B1
:103B600010B50446836842680168094809F051FFAE
:103B700063692269E168074809F04BFFE16906487B
:103B800009F047FFA169054809F043FF10BD00BFD8
:103B9000A41E0108D41E0108041F0108141F0108F7
:103BA00038B504460D4611B10846FFF7D9FF012C80
:103BB00004D02946204604F09FFA38BDEFF3058172
:103BC0001039024809F025FFF3E700BF441F010840
:103BD00030BFFFF7FDBF00BF38B50446054D2A468C
:103BE0000549FCF7F9FA054A0021601908F0A0FA26
:103BF00038BD00BF00000000901301080400000061
:103C000070B50646054D064B1D444C1B2046FFF77C
:103C1000E3FF083C346705F1080070BD00000000B8
:103C2000040000008169104B5A6942F480725A61A5
:103C3000BFF34F8FBFF36F8F31F8021C5A6922F424
:103C400080725A61BFF34F8FBFF36F8F01F47F43D0
:103C5000B3F55F4F01D000207047C9B2022901D0EF
:103C6000002070470120704700ED00E008B54FF0DC
:103C7000000C83F800C0DDF808E08EF800C002F008
:103C80007F4CBCF17F4F11D102F00C0CBCF1080F3E
:103C900004D012F0080F06D0084608BD044809F009
:103CA000B8FE0020F9E701221A70F6E70020F4E7D9
:103CB000581F0108F8B505460F4614462F4809F06D
:103CC000A8FE2F4B9B6A13F4805F25D116262C4B40
:103CD0009B6A13F4006F24D1294B9B6A13F4007F75
:103CE00024D1274B9B6A13F4806F37D1244B9B6AF6
:103CF00013F4807F37D1224B9B6A13F4005F37D1D6
:103D00001F4A936A43F47F439362012128460AF0D5
:103D10001EFB20703046F8BD1A4809F07AFE1726BF
:103D2000D5E7194809F075FE1826D5E7174809F0B8
:103D300070FE134B996B9B6A13F4004F01D1192647
:103D4000CFE7134809F065FE37B10D4A936A23F4B3
:103D5000004393621926C4E71926C2E70D4809F00B
:103D600058FE1A26C2E70C4809F053FE1B26C7E787
:103D70000A4809F04EFE1C26C2E700BF841F010856
:103D800000ED00E09C1F0108B01F0108C41F0108DE
:103D9000E01F0108F81F0108142001083020010865
:103DA00008B5244809F035FE234B9B6A13F0007FC9
:103DB00021D11D20204B9B6A13F0807F20D11E4B08
:103DC0009B6A13F4002F20D11B4B9B6A13F4802FA6
:103DD00020D1194B9B6A13F4003F20D1164B9B6AEC
:103DE00013F4803F20D1144A936A6FEA03436FEAC9
:103DF0001343936208BD114809F00BFE1E20D9E75A
:103E00000F4809F006FE1F20D9E70E4809F001FE11
:103E10002120D9E70C4809F0FCFD2220D9E70B4806
:103E200009F0F7FD2320D9E7094809F0F2FD242025
:103E3000D9E700BF6020010800ED00E07C20010808
:103E400090200108AC200108CC200108F4200108D2
:103E50001021010808B500230B70024809F0D9FDB4
:103E600008BD00BF3C21010808B50A460F2905DC42
:103E70000349103A034809F0CCFD08BD0249F8E7B0
:103E800064210108982101087C2101082DE9F041F5
:103E900004460F461546494809F0BBFD484B9B6A4E
:103EA00013F0100F3CD11026454B9B6A13F0080FFE
:103EB0003BD1434B9B6A13F0020F3BD16FF01508C7
:103EC0003F4B9B6A13F0010F50D13D4B9B6A13F09F
:103ED000200F50D13A4B9B6A13F0100F04D1384B8E
:103EE0009B6A13F0020F04D0354B5B6813F4006F2C
:103EF00046D1334B9B6A13F0200F04D0304A536AEB
:103F000023F4005353622E4A936A43F0FF039362F3
:103F1000012120460AF01BFA28703046BDE8F081E6
:103F2000284809F076FD1126BEE7274809F071FD03
:103F30001226BEE7254809F06CFD214BD3F83480EA
:103F40009B6A13F0800F03D16FF015081326B7E7B3
:103F500041461F4809F05DFD37B1194A936A23F0C5
:103F6000800393621326ABE71326A9E7194809F0EB
:103F700050FD1426A9E7184809F04BFD1526A9E7BE
:103F8000214640460AF01AFAA0B90D4B9B6A13F07D
:103F9000100FAED0114C4FF49873224610491148BF
:103FA00009F04EFD104809F04BFD4FF49871204682
:103FB00009F03DFD80F3098802269AE7AC2101084B
:103FC00000ED00E0C4210108B01F0108F82101083C
:103FD000142201082C220108302001084C2201087B
:103FE0008022010814150108CC22010870B506468C
:103FF0000D46364809F00DFD00232B70344BDC6A6A
:1040000014F0020423D1324BDB6A002B25DB304B4A
:10401000DB6A13F0804F48D02E4809F0FAFC304696
:10402000FFF700FEE8B92A4B9B6A13F0FF0F1ED181
:10403000274B9B6A13F47F4F20D1254B9B6AB3F526
:10404000803F22D33046FFF7ABFE044603E0224810
:1040500009F0DFFC0024204670BD204809F0D9FC9F
:10406000F9E731681E4809F0D4FC3468F3E72A46C2
:1040700001213046FFF70AFF0446ECE72A460121FA
:104080003046FFF717FE0446E5E7164C40F20333CF
:1040900022461549154809F0D3FC154809F0D0FC13
:1040A00040F20331204609F0C2FC0E4C40F20633C8
:1040B00022460D490D4809F0C3FC0E4809F0C0FC2A
:1040C00040F20631204609F0B2FC00BFF0220108A0
:1040D00000ED00E03C230108082301082C2301081F
:1040E0005C2301084C2201087C23010814150108F7
:1040F00080230108A423010830B58FB0244B5D68EC
:10410000C5F30805002383F31188BFF36F8F0BAB52
:1041100000930DF13603FFF7A9FD68B104469DF841
:104120002C300DF1370229460AF013F905469DF8A7
:1041300037304BB10FB030BD164809F06AFC002192
:104140000846FFF72DFDF5E70DF10C0C20686168BE
:10415000A268E368ACE80F0020696169A269E369BD
:10416000ACE80F009DF836304BB10A9BC3F3080250
:104170004AB96FEA53236FEA43230A9303E00A9B89
:104180006FF308030A9303A92846FFF709FDD1E757
:1041900000ED00E0D4230108044B5A6942F01002FC
:1041A0005A615A6922F008025A61704700ED00E036
:1041B000EFF30880EFF3098101B57246FFF79CFF2A
:1041C00001BD00BF0A4880F30888102080F31188E1
:1041D00008484FF40461401880F30988EFF3148015
:1041E0000221084380F31488BFF36F8F00F06AF850
:1041F000C02E0020002100201EF0040F0CBFEFF3A2
:104200000880EFF30980816911F8021C0229FFD0B0
:1042100001B572460AF08FF801BD00BF002807DB28
:1042200000F01F02400901239340024A42F8203067
:10423000704700BF00E100E0002808DB0901C9B2B7
:1042400000F1604000F5614080F80013704700F015
:104250000F000901C9B2014B1954704714ED00E079
:1042600070B505460C4601310F2903D840B2FFF75F
:10427000E3FF70BD084E6B2332460849084809F039
:10428000DFFB0F232A462146064809F0D9FB6B21A4
:10429000304609F0CCFB00BF142401084C2401086F
:1042A0001415010868240108044B23F07F03044A15
:1042B0009360BFF34F8FBFF36F8F7047000000080C
:1042C00000ED00E008B5FFF7EFFF0B4AD2F88830A9
:1042D00023F47003C2F88830EFF3148323F004034F
:1042E00083F31488BFF36F8FFFF714FCFFF71EFCF6
:1042F00000F0C2F804F0AAF800ED00E00E4B9B6855
:10430000A3B110F1160F0AD01A6EA2F1400C844529
:104310000ED882420ED98A4206D8002070471A6E03
:104320008A4201D800207047186E704700207047FD
:104330000020704700207047601C002010B4A2F1DC
:1043400020040D4942F8081C21F0010142F8081C24
:1043500042F8203C019B42F81C3C029B42F8183C6E
:10436000039B42F8143C4FF0807342F8043C046510
:104370000023436710BC7047E93A000808B50E46B1
:1043800015460B4A9060026F0A4B1A6000F0B2F8B3
:104390002C4686F309880020034B984720460021CD
:1043A00000220023014C2047CBE30008E93A000833
:1043B000601C002068190020014B10221A61704710
:1043C00000ED00E0054B5A699B689A4204D0044A0C
:1043D000536843F080535360704700BF601C002057
:1043E00000ED00E008B50A4B9B68834202D005F05F
:1043F000B1FC08BDEFF30583002BF8D0054B5A68DC
:1044000042F080525A605A6A22F400425A62EEE741
:10441000601C002000ED00E014498A684FF0300075
:104420001044EFF3098C80E8F01F102080F312880D
:10443000BFF36F8F0E4F4FF000664A698A603E608F
:10444000106F0C4C2060506F0023536780F311886D
:1044500004B5104600F04EF8BDE8044002F130000B
:1044600090E8F01F8CF3098870470000601C002062
:1044700004ED00E068190020002206E003F00F03BD
:104480000949194410230B7601322F2A0ADC53B252
:10449000002BF3DB03F1604303F56143102183F844
:1044A0000013F1E7704700BFFCEC00E008B5EFF344
:1044B0000583103B044A02EBC301496852F83300FC
:1044C0008847FFF77FFF08BD7410010801480068A6
:1044D000704700006819002008B5034B034A01210A
:1044E000034800F0A1F908BD0000022000000020F0
:1044F0008C51010808B5036E403B0548036040231A
:104500004360044B8360012100F0B0F908BD00BF97
:104510006C19002000000B15084AC2F898000B68BF
:1045200023F01F03034343F01003C2F89C308B6851
:1045300043F00103C2F8A030704700BF00ED00E077
:10454000084BD3F89030C3F30723013B984205D8BA
:1045500010B50446FFF7E0FF204610BD6FF01500D0
:10456000704700BF00ED00E010B5034C0123227836
:1045700009F06FFF207010BDBA1C002008B50023A1
:104580000B4A127809F065FF10F1160F0FD00246A2
:1045900006E0084BC3F898200021C3F8A0100132B0
:1045A000044BD3F89030C3F307239342F1DC08BDEA
:1045B000BA1C002000ED00E0F0B585B0054603A868
:1045C000FFF7A2F80646002438E0B3F1007F00F0C0
:1045D000CC80B3F1805F00F0E580B3F1807F2CD117
:1045E000506851F80C109368202B40F2BA80B3F158
:1045F000004F00F2B880013BB3FA83F3C3F11F030D
:104600005B0003F03E0343F0885343F480130090B3
:104610000191029307E0082343F0885343F43023C9
:1046200000900191029369462878FFF789FF0028DE
:10463000C0F2D5802B7801332B700134B44280F066
:10464000D1804FEA041C039901EB0412D068030DDA
:104650001B05B3F5000F67D0B7D8B3F5001F19D00D
:10466000B3F5800F43D0B3F5801FE6D1506851F801
:104670000C109368202BCED9B3F1004F08D8013B22
:10468000B3FA83F3C3F11F035B0003F03E03C3E7F8
:104690003E23C1E7576851F80C109368202B22D9AC
:1046A000B3F1004F21D8013BB3FA83F3C3F11F03E9
:1046B0005B0003F03E0343F0885343F4002300976C
:1046C0000191029310F0010FADD0484C9523224682
:1046D0004749484809F0B4F9474809F0B1F995212C
:1046E000204609F0A4F90823E5E73E23E3E75068F4
:1046F00051F80C109368202B12D9B3F1004F11D848
:10470000013BB3FA83F3C3F11F035B0003F03E03E5
:1047100043F0C06343F4003300900191029382E7B9
:104720000823F5E73E23F3E7506851F80C1093682F
:10473000202B12D9B3F1004F11D8013BB3FA83F308
:10474000C3F11F035B0003F03E0343F0885343F4BF
:10475000802300900191029365E70823F5E73E234B
:10476000F3E708234FE73E234DE7506851F80C105C
:104770009368202B12D9B3F1004F11D8013BB3FA43
:1047800083F3C3F11F035B0003F03E0343F0805348
:1047900043F4802300900191029344E70823F5E756
:1047A0003E23F3E7506851F80C109368202B12D980
:1047B000B3F1004F11D8013BB3FA83F3C3F11F03E8
:1047C0005B0003F03E0343F0885343F40033009052
:1047D0000191029327E70823F5E73E23F3E76FF003
:1047E000150000E0002005B0F0BD00BFA8240108BE
:1047F000D82401081415010800250108044B0522DE
:10480000C3F89420BFF34F8FBFF36F8F704700BF83
:1048100000ED00E0BFF35F8F024B0022C3F894204D
:10482000704700BF00ED00E038B50C46FFF79CFE76
:1048300010F1160F00D038BD084D40F271132A4612
:104840000749084809F0FCF82146074809F0F8F83C
:1048500040F27111284609F0EAF800BFA8240108C7
:104860007C230108141501083025010838B50C46D1
:10487000FFF784FE10F1160F00D038BD084D4FF43D
:10488000C8732A460749084809F0DAF8214607485C
:1048900009F0D6F84FF4C871284609F0C8F800BFEF
:1048A000A82401087C230108141501085C250108CF
:1048B00038B5394B1D68394BD3F89030C3F3072313
:1048C0009D4203D8FFF7A6FF00241FE0344C4FF4AD
:1048D000F57322463349344809F0B2F82F4BD3F828
:1048E0009020C2F307222946304809F0A9F84FF476
:1048F000F571204609F09BF8274B5B6804EB4401F7
:1049000003EB81012046FFF707FE0134A542F3D8EF
:1049100027480570FFF750FE10F1160F10D0244BFA
:104920001A781E4BD3F89030C3F307239A4217DA54
:104930001A4BC3F898200021C3F8A0100132F0E709
:10494000174C40F22D2322461649174809F078F8F3
:10495000184809F075F840F22D21204609F067F853
:10496000FFF74CFF0D4BD3F8903003F47F43B3F5C2
:10497000006F01D1002038BD094C40F2752322465A
:104980000D49094809F05CF80C4809F059F840F263
:104990007521204609F04BF89851010800ED00E020
:1049A000A82401087C230108141501088C2501089E
:1049B000BA1C0020C0250108EC2501083C2601088E
:1049C00008B5024B1B689847002008BD78190020E5
:1049D000034B1860034A937843F0020393707047C7
:1049E000781900203C03002008B5064921F0070192
:1049F000C1F1005202F500320348FEF76BFC0020C3
:104A000008BD00BF4B3C00207C19002010B50C4BAA
:104A10001B78012B04D1FFF759FD0A4B185810BD24
:104A2000094C40F28F3322460849094809F008F83A
:104A3000084809F005F840F28F31204608F0F7FFEA
:104A4000BB1C002008000000401E01086C1E01086D
:104A500014150108801E010838B50546114C04E004
:104A60006368A168284698470C340F4B9C4209D8CC
:104A70000D4B9C4214D22368002BF1D02A6893423C
:104A8000F2D1EDE7094C162322460949094808F0FE
:104A9000D7FF094808F0D4FF1621204608F0C7FFC9
:104AA00038BD00BF6C130108781301087026010897
:104AB0009826010814150108C026010800B585B024
:104AC0004FF0FF324FF0FF3301A9044803F06AFEB4
:104AD0000028F5D101A8FFF7BFFFF1E7C0030020D0
:104AE00030B585B00A9D0B9C01909DF820008DF893
:104AF00008008DF80910ADF80A20039354EA050365
:104B000006D0FFF783FF094BD3F8803083420AD0E9
:104B10002A46234601A906480BF095FF002800DB32
:104B2000002005B030BD00252C46F1E71807002015
:104B3000C003002010B560B1024683681548834267
:104B400015D21548834212D31B68FBB11046984713
:104B500010BD124CB62322461149124808F070FFCE
:104B6000114808F06DFFB621204608F060FF0B4C9D
:104B7000B62322460D490B4808F062FF0C490D4848
:104B800008F05EFFB621204608F051FF6FF0570095
:104B9000DEE700BFD4120108B8120108701A01083C
:104BA000001501081415010834150108AC1A010894
:104BB000281C01089016010800B583B0054A92E848
:104BC0000300CDE9000169460348FFF7B3FF03B0D6
:104BD0005DF804FB90130108440E010800F01F0269
:104BE000012393401F2806D8044A526993430CBFFF
:104BF0000120002070470020704700BF003C0140AA
:104C000000F01F02012393401F2803D8034A536179
:104C1000002070476FF01500704700BF003C014056
:104C2000002399420ADD10B400EB030C044C04F895
:104C30000C2001339942F7DC10BC7047704700BF6D
:104C40004C030020F8B50746002401E00134E4B22B
:104C50007B78A34217D93D7866193046FFF7BEFF2F
:104C60000028F3D03046FFF7CBFF074B53F8362030
:104C7000002AEBD006F01F0503EBC603596801209C
:104C8000A8409047E2E7F8BD8819002010B558B158
:104C90000346421E024207D1A0B923B3B3FA83F000
:104CA000C0F11F00C0B210BD104C60232246104955
:104CB000104808F0C5FE104808F0C2FE60212046EA
:104CC00008F0B5FEB0FA80F2C2F11F020F2AE4DD4F
:104CD000064C612322460949064808F0B1FE6121CD
:104CE000204608F0A4FEFF20DDE700BF4C270108A6
:104CF0009027010814150108C8270108F4270108A6
:104D00005FFA81FC0CF102020A4B53F822200B0CD3
:104D100022EA114193FAA3F34BB1B3FA83F398401B
:104D200001430CF1020C034A42F82C107047202377
:104D3000F5E700BF00380140C3B20233074A52F81A
:104D40002320030C02EA104093FAA3F31BB1B3FA39
:104D500083F3D84070472023FBE700BF00380140B1
:104D600010B50446FFF792FF044B1856044B1A681F
:104D700014431C6009F017FB10BD00BF4C0300205A
:104D8000003C0140024A136823EA000313607047A5
:104D9000003C0140032927D8DFE801F0020C151E72
:104DA000184B9A6822EA00029A60DA6822EA000246
:104DB000DA607047134B9A6802439A60DA6822EA15
:104DC0000002DA6070470F4BDA680243DA609A68D3
:104DD00022EA00029A6070470A4B9A6802439A607E
:104DE000DA681043D860704710B5074C4FF48173F0
:104DF00022460649064808F023FE4FF481712046FA
:104E000008F015FE003C01404C2701087C230108F6
:104E10001415010838B50C461546FFF737FF0C4B43
:104E200053F83030A34208D07BB9094B43F83040E7
:104E300003EBC0035D60002038BD054A02EBC002F1
:104E40005268AA42F0D10020F6E76FF00F00F3E7B6
:104E50008819002008B5FFF719FF044B002243F81A
:104E6000302003EBC0035A6008BD00BF8819002042
:104E70000C4B1B6813F0020F09D10A4A136843F068
:104E800001031360074B1B6813F0020FFAD0054AA9
:104E9000936823F003039360024B9B6813F00C0F9D
:104EA000FAD17047003802400C4B1A6822F4802275
:104EB0001A601A6842F480321A60084B1B6813F4B7
:104EC000003FFAD0054A536F43F001035367034B89
:104ED0005B6F13F0020FFAD0704700BF003802403A
:104EE00039B133B1B0FBF1F000FB02F2B2FBF3F0E9
:104EF000704710B5054C472322460549054808F080
:104F00009FFD4721204608F092FD00BF7028010850
:104F1000B428010814150108F8B50C461546434B92
:104F20001E680421304609F02EFB07460221304658
:104F300009F029FB2388C3F30B010B46442929D828
:104F400009B2002969D0013B432B69D8DFE803F09F
:104F50003D53565A5D3F4968686868686868686884
:104F600068686868606368686868686868686868CE
:104F700068686868686868686868686868686835E4
:104F80006868683568686837686868686868683934
:104F90006868683BA8290DD12E602368B3F5805F4F
:104FA00041D32A68C3F313330133B2FBF3F22A600F
:104FB000002037E06FF0850034E02E60EDE72E60D2
:104FC000EBE72F60E9E72860E7E72E60E5E700F010
:104FD000CBF802234FF4A8720821FFF781FF286065
:104FE000DBE700F0C1F807234FF4A8720821FFF7B0
:104FF00077FF2860D1E700232B60CEE74FF4FA4318
:105000002B60CAE700232B60C7E7094B2B60C4E77E
:105010007F002F60C1E72E60BFE76FF0850001E0E1
:105020006FF08500F8BD0020FCE700BF6C03002096
:1050300000127A0008B51A4B9B6803F00C03082B8A
:1050400025D0174A136823F080731360144B1B6834
:1050500013F0007FFAD1134AD2F8043823F4403316
:10506000C2F80438D2F8043823F0706343F0E063E8
:10507000C2F8043800F07CF8094A136843F08073E2
:105080001360074B1B6813F0007FFAD008BDFFF7D1
:10509000EFFE034A936823F0F0039360D1E700BF6B
:1050A0000038024000300240162806D8064BC340A4
:1050B00013F0010F04D0002070476FF08500704797
:1050C0006FF08500704700BFEA00600038B500F05F
:1050D00071F8214C204609F0D3FA02F0BDFE1F4BB7
:1050E0009B68C3F303131E4AD35C20FA03F51378BD
:1050F0001C41A54228D3FFF7D7FEFFF79BFF174AB5
:10510000936823F0F0039360936823F0030343F064
:1051100002039360114B9B6803F00C03082BF9D139
:10512000A54215D20F4B0C4A1A600C4A936823F41F
:10513000E05343F4A0539360936823F4604343F433
:1051400000439360002038BD204602F03DFFD2E7C7
:10515000204602F039FFE5E7007A030A00380240F2
:105160001C5501086C0300200048704700127A00AB
:1051700008B509F086FA0B4B59680B4A0A4040F40F
:10518000A84141F008010A435A605A6822F44032AB
:105190005A605968054A0A40054901430A435A6062
:1051A00008BD00BF003802400080BFFF0080BFF094
:1051B0000854000782B0064B1A6C42F080521A6401
:1051C0001B6C03F080530193019B02B0704700BF3A
:1051D0000038024010B5044C2046FFF7F9FB20468A
:1051E000FEF72AF910BD00BF8552000808B5054832
:1051F0000BF00EFC18B1FFF7EDFF002008BD6FF0BB
:105200001200FBE7CC0F010810B558B102468368C5
:105210001348834214D21348834211D3DB691046EA
:10522000984710BD104CB82322461049104808F08A
:1052300007FC104808F004FCB821204608F0F7FBF2
:10524000094CB82322460C49094808F0F9FB0B49E0
:105250000B4808F0F5FBB821204608F0E8FB00BF3A
:105260006C13010808130108C01401080015010897
:10527000141501083415010848150108881601089D
:105280009016010810B504460A2805D0E1B2054879
:10529000FFF7BAFF204610BD0D210248FFF7B4FF0B
:1052A000F4E700BFCC0F010810B558B1024683687F
:1052B0001548834216D21548834213D3DB68104643
:1052C000984710BD124C40F2F25322461149124841
:1052D00008F0B6FB114808F0B3FB40F2F25120464B
:1052E00008F0A5FB0A4C40F2F25322460C490A484A
:1052F00008F0A6FB0B490C4808F0A2FB40F2F25163
:10530000204608F094FB00BF7412010850120108F7
:10531000DC280108102901081415010834150108BA
:1053200024290108642A01089016010810B558B113
:10533000024683681548834216D21548834213D328
:105340001B691046984710BD124C40F21F6322465D
:105350001149124808F074FB114808F071FB40F243
:105360001F61204608F063FB0A4C40F21F6322468F
:105370000C490A4808F064FB0B490C4808F060FB34
:1053800040F21F61204608F052FB00BF7412010872
:1053900050120108DC280108102901081415010821
:1053A0003415010824290108642A0108901601080F
:1053B00010B543681C68012303FA01F10C4203D0C5
:1053C00092B1FFF771FF10BD094C40F2F76322461E
:1053D0000849094808F034FB084808F031FB40F25E
:1053E000F761204608F023FBFFF7A0FFEBE700BFC3
:1053F000DC2801086C2A010814150108AC2A0108F0
:1054000038B5436805691C6801238B401C4208D0ED
:105410002C68234202D0B2FA82F25209FFF7C8FF89
:1054200038BD084C40F2227322460749074808F06D
:1054300007FB074808F004FB40F22271204608F001
:10544000F6FA00BFDC2801086C2A010814150108CF
:10545000AC2A010870B5002842D0134686468468FD
:105460006B4A94424CD26B4A944249D346680069D5
:1054700013F0FC6F55D103F03002302A61D0664A38
:105480001A40664DAA426CD003F00602042A78D076
:1054900013F4402240F08280B2F5402F00F0928059
:1054A00013F4801F05D022B113F0010F01D083F453
:1054B000402323F4801235684FF0010C0CFA01FCF4
:1054C00015EA0C0F00F08E8013F0010F00F09A80A7
:1054D00003684CEA0303036023687046984770BD75
:1054E0004F4C40F2534322464E494F4808F0A8FA29
:1054F0004E4808F0A5FA40F25341204608F097FACA
:10550000474C40F2534322464949474808F098FA2D
:105510004849494808F094FA40F25341204608F0BF
:1055200086FA3F4C40F25C43224644493E4808F02C
:1055300087FA434808F084FA40F25C41204608F0BC
:1055400076FA374C40F25F4322463E49364808F02F
:1055500077FA3D4808F074FA40F25F41204608F0BF
:1055600066FA2F4C40F26343224638492E4808F031
:1055700067FA374808F064FA40F26341204608F0C1
:1055800056FA274C40F2664322463249264808F034
:1055900057FA40F26641204608F049FA13F4003FFA
:1055A0007FF47AAF1E4C40F2694322462A491E48D6
:1055B00008F046FA294808F043FA40F269412046CB
:1055C00008F035FA164C40F26D432246244916483D
:1055D00008F036FA234808F033FA40F26D412046CD
:1055E00008F025FA0E4C40F2794322461E490E4837
:1055F00008F026FA1D4808F023FA40F279412046C7
:1056000008F015FA036823EA0C03036064E700BF9F
:105610007412010850120108020003000200010088
:10562000DC280108102901081415010834150108A7
:1056300024290108642A010890160108C02A0108DB
:10564000302B0108542B0108902B0108D02B0108A6
:10565000202C0108702C0108A42C0108F42C01084E
:10566000302D0108802D01086C2A0108AC2A0108A0
:10567000002A3BD038B5154602EB420C4FEA8C0CA1
:10568000ACF10C0C8C449CF808E04EF0020E8CF847
:1056900008E050B18468164A944216D2154A9442E2
:1056A00013D3A4682A46A04738BD134C4FF47B732C
:1056B00022461249124808F0C3F9124808F0C0F90E
:1056C0004FF47B71204608F0B2F90B4C4FF47B731A
:1056D00022460D490A4808F0B3F90C490C4808F075
:1056E000AFF94FF47B71204608F0A1F90020704714
:1056F0008C12010874120108AC2D01080015010874
:105700001415010834150108DC2D0108142F0108B7
:10571000901601082DE9F041144643681E695A6944
:105720008A4217D99F69C1EBC1054FEA850807EB8B
:105730008505084600F058FB084B1B5C1E44736847
:105740009BB2636017F808306370AB792370002058
:10575000BDE8F0816FF01500FAE700BF685201085C
:10576000F8B543681F695A698A4229D906460C462A
:105770009D69C1EBC10305EB83056B7913B1002073
:10578000A871F8BD384600F0A1FC08B90020F8E780
:10579000204600F029FB0C4B1A5CBB5823F0100389
:1057A000BB502146384600F0BDFC2146304609F08A
:1057B0002DFB2146384609F039FB0020A871E0E7AF
:1057C0006FF01500DDE700BF685201082DE9F84FC2
:1057D0000C461F4641680E694B69A34266D9904644
:1057E000D1F818A0C4EBC4054FEA850B0AEB850578
:1057F0002146304609F01AFB8146002859D15AF853
:105800000B30012B05D0022B2ED06BB36FF0150996
:1058100027E0204600F0E8FADFF89CA01AF80030F4
:105820003344C3F80C80204600F0DEFA1AF800304A
:1058300033449F602B794BB3204600F0D5FAAB6818
:105840000A9AB2FBF3F31C4A125C324451686FF3BC
:105850000F010B4353600123AB712146304600F02A
:1058600027FC4846BDE8F88F204600F0BDFADFF877
:1058700048A01AF800303344C3F80880204600F0EE
:10588000B3FA1AF800303344DF60D3E7204600F063
:10589000ABFAEB680A9AB2FBF3F3074A125C3244A4
:1058A00051686FF30F010B435360D4E76FF0150994
:1058B000D7E76FF00F09D4E7685201082DE9F04FE0
:1058C00093B080460E461446D0F80490D9F810A044
:1058D00003A80BF08CF8D9F81430B34240F27C8165
:1058E000D9F818B0C6EBC605AB0001930BEB8505E4
:1058F000AB79002B40F073813146504609F096FA9F
:105900000746002840F06E813146404609F07EFA95
:10591000638803F4FE53B3F5FE5F71D022695369C7
:10592000B3F5803F80F06181637813F0070F04D1F5
:1059300099F80C30002B00F05B81E188A388994234
:1059400040F05981042B04D0022B02D0012B40F0EF
:105950005581137FC3F38012B2EBD31F40F0518106
:105960000123AB71A3696B61637803F00703019AAC
:105970004BF8023062692A61A288AA60E288EA6074
:105980002269127FC2F380122A762169A28892FAD4
:10599000A2F0B0FA80F00AB94FF0FF30E28892FA34
:1059A000A2F7B7FA87F70AB94FF0FF37012B34D0C7
:1059B0000B6803934B680493984B53F8203009937A
:1059C000974B53F827300A93A0780DA900F00F00E9
:1059D00009F0CBF9071E1CDB607805A900F0070071
:1059E00009F0DEF9071E14DB637803F00703012BCF
:1059F00000F0CC80022B1DD0E3B16FF0150708E05A
:105A00000123AB716B71A3696B6163692B61002327
:105A10002B76384613B0BDE8F08F0B6804934B68C3
:105A200003937F4B53F820300A937C4B53F8273075
:105A30000993C9E7236993F81C80C8F30110C8F3E0
:105A4000810808A909F0BEF9071EE2DB07A9404654
:105A500009F0CAF9071EDCDB2B7E002B00F09E80CC
:105A60004FF480730693019B5BF80310022914BF67
:105A70000021012129712389A288B3FBF2F002FBE6
:105A800010339BB2002B40F0BF806389E288B3FBE8
:105A9000F2F002FB10339BB2002B40F0B88020469E
:105AA00000F050FB10902979204600F085FB119002
:105AB000637813F0070F74D02378072B00F2AA80C5
:105AC000207800F0ABF90C902369587F00F00F00AC
:105AD00009F0A6FB0F9003A809F056FB002866D03A
:105AE00004230E932B79002B64D023695B69A28871
:105AF000B3FBF2F30B93304600F076F9014603AAAC
:105B0000504602F017FA304600F06EF9454B1A5C29
:105B10005AF8023043F004034AF802302B7E0BB1EE
:105B20006B6953B1304600F05FF93E4B1A5C5AF88E
:105B3000023043F010034AF802302B7E63B16B69E8
:105B400053B1304600F050F9364B1A5C5AF8023027
:105B500043F008034AF802300E9B042B31D0304644
:105B600000F042F92F4B1B5C53445A6922F00402A7
:105B70005A61304600F038F92A4B1B5C9A44DAF837
:105B8000143023F08003CAF8143042E7236993F8F5
:105B90001C80C8F38100C8F3011852E70023069364
:105BA00061E72378072B8BD90023237088E7002334
:105BB0000E9397E723695B69E288B3FBF2F30B93DB
:105BC00099E7304600F010F9164B1B5C53445A69B4
:105BD00042F004025A61CCE76FF0150719E76FF045
:105BE0000F0716E76FF00F0713E76FF0150710E7C1
:105BF0006FF085070DE76FF015070AE76FF01507DF
:105C000007E76FF0150704E76FF0150701E76FF07E
:105C10001507FEE66FF01507FBE600BF50520108BE
:105C20005C5201086852010810B560B102468368F1
:105C30001548834215D21548834212D31B68FBB125
:105C40001046984710BD124CB623224611491248FF
:105C500007F0F6FE114807F0F3FEB621204607F0E4
:105C6000E6FE0B4CB62322460D490B4807F0E8FE32
:105C70000C490D4807F0E4FEB621204607F0D7FE98
:105C80006FF05700DEE700BFD4120108B812010818
:105C9000701A0108001501081415010834150108CF
:105CA000AC1A0108281C01089016010870B50546B9
:105CB000446821461048FFF7B7FFC8B90646A368F5
:105CC00028469847002307E0A269C3EBC30102EB13
:105CD000810200219171013362699342F4D32A69F0
:105CE000002313602A6953602A699360304670BDAF
:105CF0006FF00406FAE700BF440E01082DE9F041F9
:105D000043681F695E698E428CBF00260126DEB99A
:105D100080460C469D69C1EBC10305EB83056B7999
:105D20000BB9AB79DBB12146384600F091F9F8B1F7
:105D30006B79BBB101266F6927B1334622462969C9
:105D40004046B847BDE8F081244C602322462449F0
:105D5000244807F075FE6021204607F068FE09F030
:105D600055F8EFE72146384600F072F80126E2E7E1
:105D70002146384600F052F950B12B7E03B9AB7181
:105D80006B79002BD7D12146384600F07DF8D2E759
:105D90002146384600F076F978B16B7913B16FF08F
:105DA0000406C8E72146384609F0DFF9214638469F
:105DB00009F0DCF96FF00406BDE76B7913B16FF001
:105DC0000406B8E7AB712146404609F0ACF821461D
:105DD000404609F01BF86FF00406ACE7242F0108D9
:105DE000502F010814150108072803D8074B53F852
:105DF0002000704710B5064C21232246054906486D
:105E000007F01EFE2121204607F011FE90530108E5
:105E10007C2F0108AC2F010814150108072803D8AE
:105E2000074B53F82000704710B5064C3423224628
:105E30000549064807F004FE3421204607F0F7FD27
:105E4000705301087C2F0108643001081415010803
:105E500010B5072904D8084B53F82130984710BDD6
:105E6000064C472322460649064807F0E9FD47212C
:105E7000204607F0DCFD00BF505301087C2F0108CD
:105E8000243101081415010810B5072904D8084B5E
:105E900053F82130984710BD064C59232246064935
:105EA000064807F0CDFD5921204607F0C0FD00BF90
:105EB000305301087C2F0108243101081415010812
:105EC00010B5072907D8094B53F8213098470038F7
:105ED00018BF012010BD064C6B2322460549064819
:105EE00007F0AEFD6B21204607F0A1FD105301081D
:105EF0007C2F0108243101081415010810B5072969
:105F000007D8094B53F821309847003818BF0120B3
:105F100010BD064C7D2322460549064807F090FD3A
:105F20007D21204607F083FDF05201087C2F0108F7
:105F3000243101081415010810B5072904D8084BAD
:105F400053F82130984710BD064C8F23224606494E
:105F5000064807F075FD8F21204607F068FD00BF59
:105F6000D05201087C2F01082431010814150108C2
:105F700010B5072904D8084B53F82130984710BDB5
:105F8000064CA12322460649064807F059FDA121E7
:105F9000204607F04CFD00BFB05201087C2F0108DD
:105FA000243101081415010810B5072904D8084B3D
:105FB00053F82130984710BD064CB32322460649BA
:105FC000064807F03DFDB321204607F030FD00BF35
:105FD000905201087C2F0108243101081415010892
:105FE00010B5072907D8094B53F8213098470038D6
:105FF00018BF012010BD064CE9232246054906487A
:1060000007F01EFDE921204607F011FD705201083E
:106010007C2F0108243101081415010838B5044605
:106020000D460846FFF7E0FE084B1B5CE35813F0F3
:10603000100F01D1002038BD29462046FFF75EFF32
:1060400008B10120F7E70020F5E700BFB0530108D1
:1060500038B504460D460846FFF7C6FE084B1B5CE4
:10606000E35813F0080F01D1002038BD294620461F
:10607000FFF726FF08B10120F7E70020F5E700BF92
:10608000B053010838B504460D460846FFF7ACFE8C
:10609000064B1B5C23445B6913F0800F01D1002089
:1060A00038BD29462046FFF79BFFF9E7B0530108AA
:1060B00010B504460846FFF797FE034B1A5CA35839
:1060C00043F00103A35010BDB053010810B50446BE
:1060D0000846FFF789FE054B1B5CE35813F0010FE0
:1060E00001D1002010BD0120FCE700BFB053010822
:1060F00038B504460D460846FFF776FE084B1A5C95
:10610000A35823F00103A35029462046FFF7DEFFE2
:106110000028F9D129462046FFF7B6FE002038BDF9
:10612000B053010810B504460846FFF75DFE044B66
:106130001B5CE018436923F08003436110BD00BF7E
:10614000B053010870B589B1C5884489B4FBF5F333
:1061500005FB13436BB9B4FBF5F4082C1BD0102CD2
:106160001CD0042C1DD14FF4000019E0858804894F
:10617000ECE70D4E4FF4B37332460C490C4807F070
:106180005FFC2A4621460B4807F05AFC4FF4B371D6
:10619000304607F04CFC4FF0807001E04FF0C070CB
:1061A00070BD0020FCE700BF7C2F0108C83101084A
:1061B00014150108F031010870B589B1858804898A
:1061C000B4FBF5F305FB13436BB9B4FBF5F4082CF2
:1061D0001BD0102C1CD0042C1DD14FF4001019E042
:1061E000C5884489ECE70D4E40F2891332460C49CC
:1061F0000C4807F025FC2A4621460B4807F020FCF6
:1062000040F28911304607F012FC4FF4800001E0A3
:106210004FF4C00070BD0020FCE700BF7C2F0108D8
:106220002832010814150108F0310108F8B581B1D0
:10623000044616460D464B68B3FA83F77F09B3B19F
:10624000036813B309F00CF850BBFEB96FF01507E3
:1062500021E0164C642322461549164807F0F0FB4E
:10626000154807F0EDFB6421204607F0E0FB0F4CDA
:106270006523224611490F4807F0E2FB104807F05A
:10628000DFFB6521204607F0D2FB32B123682B608B
:10629000256063683BB13846F8BD6FF01507FAE733
:1062A000002EF8D0F2E76560F5E700BF5032010834
:1062B0008C3201081415010898320108A83201082F
:1062C000BC32010870B50E461546016891B10C68E4
:1062D000ACB1A1B90C4612E0124C892322461249F6
:1062E000124807F0ADFB124807F0AAFB89212046AF
:1062F00007F09DFB0C4602E0234621461C4681B177
:106300008A682A4004D04B68002BE5D03046984775
:10631000002CF1D02368002BEFD0002CEDD12346C8
:10632000EBE770BD50320108D432010814150108A2
:10633000BC3201082DE9F84380460F4616461C463C
:10634000D0F80490D9F8080008F0FDF8B6F5001F61
:106350000ED00546B6F5800F2AD0B4F1806F0ED06E
:10636000B4F1C06F0DD0B4F1007F24D1022609E052
:106370003946D9F8080008F0E5FF002415E00126A9
:1063800000E0032642460F492846FEF743FD044637
:10639000A0B9D9F80810384608F0DAF8314628468E
:1063A000FEF7F8FC2846FEF7DBFC2046BDE8F88344
:1063B0006FF08504F9E76FF01504F6E76FF00F044E
:1063C000F3E700BF37F30008104B984213D00AD907
:1063D0000F4B984215D003F5C31303F52063984281
:1063E00011D10A2070470B4B984206D00A4B9842B5
:1063F00005D1042070470620704702207047002016
:106400007047082070470020704700BF40420F00CF
:1064100040E13300A0860100801A060010B560B18B
:10642000844683681748834217D21748834214D39F
:10643000DB681BB36046984710BD144C4FF48C7357
:1064400022461349134807F0FBFA134807F0F8FAFD
:106450004FF48C71204607F0EAFA0C4C4FF48C7321
:1064600022460E490B4807F0EBFA0D490D4807F09C
:10647000E7FA4FF48C71204607F0D9FA6FF0570015
:10648000DAE700BFD4120108B8120108701A010837
:10649000001501081415010834150108AC1A01088B
:1064A000281C01089016010810B560B18446836865
:1064B0001748834217D21748834214D39B691BB3F2
:1064C0006046984710BD144C4FF4AC7322461349F4
:1064D000134807F0B5FA134807F0B2FA4FF4AC715D
:1064E000204607F0A4FA0C4C4FF4AC7322460E4938
:1064F0000B4807F0A5FA0D490D4807F0A1FA4FF433
:10650000AC71204607F093FA6FF05700DAE700BF4E
:10651000D4120108B8120108701A01080015010808
:106520001415010834150108AC1A0108281C0108CB
:1065300090160108F0B583B004460F46436805691C
:10654000DE68002201929A68012A2DD9596801AAB1
:1065500008311C48FFF762FF00282FDB2F6205F18E
:1065600010074FF0FF324FF0FF33384602F088FC3F
:10657000336823F00103336095F85210204608F089
:10658000A1FF0199204600F05BF9041E06DB95F897
:1065900051301BB1336843F001033360384602F0D9
:1065A00001FC204603B0F0BD01AA59680548FFF779
:1065B00035FF0028D2DA6FF00404F2E76FF004042C
:1065C000EFE700BF440E010870B504464668056950
:1065D0004FF0FF32002128460AF05AFA336820466D
:1065E0009847002385F8503085F8523005F11000A7
:1065F000012211460AF04CFA204600F061F8B36817
:10660000012B07D97168002208310B48FFF74CFFB6
:1066100000280EDB3069FFF7D7FE40F0100120465E
:10662000FFF788FF002803DB012385F850300020A6
:1066300070BD6FF00400FBE7440E010810B560B1B7
:10664000024683681548834215D21548834212D307
:106650001B68FBB11046984710BD124CB62322466A
:106660001149124807F0ECF9114807F0E9F9B62191
:10667000204607F0DCF90B4CB62322460D490B48A7
:1066800007F0DEF90C490D4807F0DAF9B62120468B
:1066900007F0CDF96FF05700DEE700BFD412010814
:1066A000B8120108701A0108001501081415010834
:1066B00034150108AC1A0108281C010890160108BD
:1066C00010B544680021206A08F00FFF002804DBA1
:1066D00061680448FFF7B2FF00B910BD6FF0040015
:1066E000FBE700BF440E010830B52A4CA4FB014E65
:1066F0004FEA9E4C446824F03F0444EA9E444460C0
:10670000046A24F03F04244DAA421BD80CF1010C6A
:1067100044EA0C040462204CA24231D9F3B902EBE2
:106720004202B1FBF2F2C2F30B0119B342F4004191
:106730000B43C26922F44F4C2CF0FF0C4CEA0303CC
:10674000C36130BD4FF4967505FB0CFC134DA5FBE2
:106750000C5C4FEA9C1C0CF1010CD9E702EB8202A5
:1067600002EB8202B1FBF2F2C2F30B0129B142F457
:106770000041DDE748F20101DAE748F20101D7E71D
:106780005200B1FBF2F340F6FC721342D1D1042364
:10679000CFE700BF83DE1B43A0860100D34D62100C
:1067A000F0B583B004461546476806694FF0000C03
:1067B000CDF800C009F091F8204608F0F6FED7E9C0
:1067C0000623304602F05CFB30B9064A29462046D3
:1067D00008F02EFF03B0F0BD204608F0F5FE6FF084
:1067E0000400F7E70C5401082DE9F04182B004469B
:1067F00015464668D0F81080F7684FF0010CCDF8C8
:1068000000C009F06AF8204608F0CFFE7B6843F428
:10681000C0637B60D6E90623404602F031FB38B9FD
:10682000064A2946204608F003FF02B0BDE8F08181
:10683000204608F0C9FE6FF00400F6E7F85301089F
:1068400008B542680369D0681B6AC3F34203012B91
:1068500004D0022B08D06FF0150004E00023054A95
:10686000FFF742FF002008BD0023034AFFF73CFF6B
:106870000020F8E7A0860100801A060070B5002805
:1068800042D01346864684686B4A94424CD26B4A87
:10689000944249D34668006913F0FC6F55D103F068
:1068A0003002302A61D0664A1A40664DAA426CD046
:1068B00003F00602042A78D013F4402240F08280CC
:1068C000B2F5402F00F0928013F4801F05D022B162
:1068D00013F0010F01D083F4402323F480123568B4
:1068E0004FF0010C0CFA01FC15EA0C0F00F08E8041
:1068F00013F0010F00F09A8003684CEA0303036071
:1069000023687046984770BD4F4C40F2534322466F
:106910004E494F4807F094F84E4807F091F840F27E
:106920005341204607F083F8474C40F25343224638
:106930004949474807F084F84849494807F080F832
:1069400040F25341204607F072F83F4C40F25C435E
:10695000224644493E4807F073F8434807F070F870
:1069600040F25C41204607F062F8374C40F25F434A
:1069700022463E49364807F063F83D4807F060F884
:1069800040F25F41204607F052F82F4C40F263433B
:10699000224638492E4807F053F8374807F050F898
:1069A00040F26341204607F042F8274C40F266432C
:1069B00022463249264807F043F840F26641204615
:1069C00007F035F813F4003F7FF47AAF1E4C40F225
:1069D000694322462A491E4807F032F8294807F041
:1069E0002FF840F26941204607F021F8164C40F29A
:1069F0006D4322462449164807F022F8234807F041
:106A00001FF840F26D41204607F011F80E4C40F29D
:106A1000794322461E490E4807F012F81D4807F038
:106A20000FF840F27941204607F001F8036823EAA5
:106A30000C03036064E700BF7412010850120108E0
:106A40000200030002000100DC28010810290108EF
:106A5000141501083415010824290108642A0108C5
:106A600090160108C02A0108302B0108542B010898
:106A7000902B0108D02B0108202C0108702C010854
:106A8000A42C0108F42C0108302D0108802D0108E8
:106A90006C2A0108AC2A010810B518B191B1416007
:106AA000826010BD0F4C40F26E7322460E490F48B3
:106AB00006F0C6FF0E4806F0C3FF40F26E71204696
:106AC00006F0B5FF074C40F26F73224609490748AC
:106AD00006F0B6FF084806F0B3FF40F26F7120469B
:106AE00006F0A5FFDC2801088C3201081415010806
:106AF00000330108D83201082833010810B558B115
:106B00008368174A934217D2164A934214D3DB691B
:106B10001BB30122984710BD134C40F287732246E5
:106B20001249134806F08CFF124806F089FF40F224
:106B30008771204606F07BFF0B4C40F2877322469C
:106B40000D490B4806F07CFF0C490D4806F078FF14
:106B500040F28771204606F06AFF6FF05700DAE7CF
:106B60007412010850120108DC28010810290108DC
:106B7000141501083415010824290108642A0108A4
:106B80009016010810B558B1024683681548834233
:106B900016D21548834213D35B681046984710BD40
:106BA000124C40F26D5322461149124806F048FF3C
:106BB000114806F045FF40F26D51204606F037FFC0
:106BC0000A4C40F26D5322460C490A4806F038FF41
:106BD0000B490C4806F034FF40F26D51204606F098
:106BE00026FF00BF7412010850120108DC280108BA
:106BF0001029010814150108341501082429010879
:106C0000642A01089016010810B582B043681B6819
:106C100001248C4023420AD001A908F040FF20B98A
:106C2000019B1C40201E18BF012002B010BD084C63
:106C300040F2C56322460749074806F001FF0748AE
:106C400006F0FEFE40F2C561204606F0F0FE00BFF1
:106C5000DC2801086C2A010814150108AC2A010877
:106C600038B5002834D084468368534883423FD2E5
:106C7000524883423CD3DCF80400DCF810509C6995
:106C8000002C00F0968002F4C003B3F5C00F40D092
:106C9000002B4ED002F0E863B3F1C86F59D002F078
:106CA000C863B3F5800F64D0006801238B4018429D
:106CB0006FD012F4000F04D02868034201D082F094
:106CC000C0623F4B134002F0B0726046A04738BD2F
:106CD0003C4C40F2E33322463B493C4806F0B0FED0
:106CE0003B4806F0ADFE40F2E331204606F09FFE41
:106CF000344C40F2E33322463649344806F0A0FED5
:106D00003549364806F09CFE40F2E331204606F055
:106D10008EFE2C4C40F2F333224631492B4806F0CC
:106D20008FFE304806F08CFE40F2F331204606F02C
:106D30007EFE244C40F2F73322462B49234806F0CE
:106D40007FFE2A4806F07CFE40F2F731204606F02E
:106D50006EFE1C4C40F2FA33224625491B4806F0D1
:106D60006FFE244806F06CFE40F2FA31204606F031
:106D70005EFE144C40F2094322461F49134806F0B8
:106D80005FFE1E4806F05CFE40F20941204606F018
:106D90004EFE0C4C40F20E43224619490B4806F0B9
:106DA0004FFE184806F04CFE40F20E41204606F019
:106DB0003EFE6FF057008AE7741201085012010876
:106DC00040000006DC2801081029010814150108FC
:106DD0003415010824290108642A010890160108C5
:106DE00058330108A8330108D433010804340108DA
:106DF00030340108C4340108183501088035010811
:106E00006C2A0108AC2A010838B504460D460379FE
:106E100001229A400B492846FFF73EFE294620688A
:106E2000FFF76CFE00280CDB20682179FFF7ECFEF1
:106E300028734FF0E861204608F03CFE002800DB94
:106E4000002038BD67FA000808B5A0F1180350F813
:106E5000180C4268D2689B1ADB10034903FB01F14E
:106E600008F081FE08BD00BF398EE33870B50646D4
:106E7000CD171248A1FB004300FB0533C2F12001EE
:106E8000B2F1200024FA02F403FA01F144EA010409
:106E900002D443FA00F0044343FA02F5084A0023FF
:106EA00020462946FAF756F93060054A0023204665
:106EB0002946FAF74FF9726070BD00BF3AA39500FA
:106EC00040420F0070B50446CE170D4DA1FB0501E1
:106ED000B42303FB02F2002305FB0611FAF73AF98B
:106EE00006460D46074A0023FAF734F92060054AA2
:106EF000002330462946FAF72DF9626070BD00BFC5
:106F0000705EDF0140420F0070B50C464FEAE27C34
:106F100096464FEA4C1545EAD26553019B1A65EB3C
:106F20000C02520242EAD3525B0213EB0E034CEB0B
:106F30000202950145EA93659901CB1A65EB0202BD
:106F400013EB0E034CEB0202012840D0D51705F0DD
:106F5000530623F07F41180E40EA022020F07F40C4
:106F6000014401EB124131442248A0FB0160800939
:106F700000EB800000EB0010091A25F053052944AE
:106F80005B1A62EBE1721C494FF0FC3003FB00F02E
:106F900001FB0202A3FB013111440E46002924DB50
:106FA0009B0843EA8673B610144D5D1946F100063E
:106FB000134A002328463146FAF7CCF82060104ADD
:106FC000002328463146FAF7C5F8626070BD0D49C6
:106FD000AEFB010E0C4A002301FB0CE1FAF7BAF8F4
:106FE0000A4D2D1841F10006E2E7033341F1000696
:106FF000D6E700BFC1C0C0C0FDFCFCFC00512502AB
:1070000040420F0000CA9A3B2E180500406F400115
:10701000002A3BD038B5154602EB420C4FEA8C0CE7
:10702000ACF10C0C8C449CF808E04EF0020E8CF88D
:1070300008E050B18468164A944216D2154A944228
:1070400013D3A4682A46A04738BD134C4FF47B7372
:1070500022461249124806F0F3FC124806F0F0FCF2
:107060004FF47B71204606F0E2FC0B4C4FF47B732F
:1070700022460D490A4806F0E3FC0C490C4806F08C
:10708000DFFC4FF47B71204606F0D1FC00207047F6
:107090008C12010874120108AC2D010800150108BA
:1070A0001415010834150108DC2D0108142F0108FE
:1070B0009016010870B584B006694568286809F023
:1070C000A7FC00285ED00DF10F027521284608F0BC
:1070D000B3FE002859DB9DF80F30682B08D0712BC8
:1070E00006D0192B04D0702B52D10123B37401E0C8
:1070F0000023B374286829790023009340236B226E
:1071000008F0B8FE002846DB0024032C08D8621CD7
:10711000012393402A7A934202D00134E4B2F4E787
:10712000042C3BD0E20002F0F8021C21284608F0B3
:10713000C9FE002835DBC4F10E04F4800024032CC2
:1071400007D8FA23A3406A89934202D00134E4B2FB
:10715000F5E7042C28D0E20002F0F8021B212846B3
:1071600008F0B0FE002822DB144B33F814303382D1
:107170002A7B1921284608F0A5FE00281ADB0020EA
:1071800004B070BD6FF01200FAE76FF00400F7E78B
:107190006FF01500F4E76FF00400F1E76FF01500F1
:1071A000EEE76FF00400EBE76FF01500E8E76FF033
:1071B0000400E5E76FF00400E2E700BF7C5401083B
:1071C00010B50446B2F5004F2FD04FF0000C481810
:1071D0004CEB0C0C40184CF1000C4FEACC0C4CEA78
:1071E000507CC00040184FEA83024FEA93734CF181
:1071F0000001F9F7FFFF2449A1FB00235B091A01F5
:1072000092B24FF0640C0CFB13031B013233A1FB51
:107210000313C3F34F1303F0F0010A4492B203F0D7
:107220000F0313449BB2A36010BD4FF0000C48182D
:107230004CEB0C02401842F10002D20042EA5072BC
:10724000C000401842F10001DA184CEB0C03F9F7CA
:10725000D1FF0D49A1FB00235B091A0192B24FF047
:10726000640C0CFB1303DB003233A1FB0313C3F3E9
:107270004F13590001F4F8710A4492B203F0070366
:1072800013449BB2A360CFE71F85EB5108B5024AB8
:1072900008F071FE08BD00BFE5FF000808B5024A0E
:1072A00008F083FE08BD00BFEBFF000810B543687F
:1072B0001B68DC68DB6814F4805F03D1054B08F0C1
:1072C000E4FE10BD03F4C063002BF7D16FF085001E
:1072D000F7E700BFDD00010810B543681B68DC68F4
:1072E000DB6814F4805F03D1054B08F0FAFE10BD93
:1072F00003F4C063002BF7D16FF08500F7E700BF00
:107300002B01010843681A6802F1140353E8003F97
:1073100043F0010302F1140040E800310029F3D1E9
:10732000134B9A4213D0A3F54C439A420FD003F566
:1073300080639A420BD003F580639A4207D003F52D
:1073400080639A4203D003F544439A4203D1136900
:1073500043F04003136102F10C0353E8003F43F490
:10736000807302F10C0040E800310029F3D170472E
:107370000010014043681A6802F1140353E8003F0B
:1073800023F0010302F1140040E800310029F3D199
:10739000134B9A4213D0A3F54C439A420FD003F5F6
:1073A00080639A420BD003F580639A4207D003F5BD
:1073B00080639A4203D003F544439A4203D1136990
:1073C00023F04003136102F10C0353E8003F23F460
:1073D000807302F10C0040E800310029F3D17047BE
:1073E0000010014010B560B184468368174883429D
:1073F0001AD21748834217D39B6993B160469847C6
:1074000010BD144C40F28A2322461349134806F05B
:1074100017FB134806F014FB40F28A21204606F0C1
:1074200006FB6FF05700EBE70A4C40F28A23224636
:107430000C490A4806F004FB0B490C4806F000FB17
:1074400040F28A21204606F0F2FA00BF50120108ED
:1074500028120108F035010800150108141501086B
:107460003415010820360108583701089016010824
:1074700010B558B1024683681548834216D21548A4
:10748000834213D39B681046984710BD124C4FF4AB
:10749000E37322461149124806F0D2FA114806F069
:1074A000CFFA4FF4E371204606F0C1FA0A4C4FF4CC
:1074B000E37322460C490A4806F0C2FA0B490C480D
:1074C00006F0BEFA4FF4E371204606F0B0FA00BFB2
:1074D0005012010828120108F035010800150108B2
:1074E0001415010834150108203601085837010821
:1074F0009016010810B560B184468368174883422E
:1075000017D21748834214D3DB681BB360469847F1
:1075100010BD144C4FF48C7322461349134806F0E7
:107520008FFA134806F08CFA4FF48C71204606F05F
:107530007EFA0C4C4FF48C7322460E490B4806F031
:107540007FFA0D490D4806F07BFA4FF48C71204606
:1075500006F06DFA6FF05700DAE700BFD4120108A9
:10756000B8120108701A0108001501081415010865
:1075700034150108AC1A0108281C010890160108EE
:1075800070B582B043681D68002952D00E4601AA2A
:1075900019695868FFF7AEFF002838DBEB6823F461
:1075A0000043EB60019C002120194941001941F181
:1075B0000001C90041EA5071C00000194FEA86027B
:1075C0004FEA967341F10001F9F714FE1C4AA2FB41
:1075D00000314909642303FB11031B013233A2FB71
:1075E00003235B0903F0F00202EB011203F00F0327
:1075F00013440F2B20D93346002221462846FFF79B
:10760000DFFDA8680F288CBF0020012008B902B058
:1076100070BD0C4C40F23D1322460B490B4806F05E
:107620000FFA0B4806F00CFA40F23D11204606F026
:10763000FEF96FF01500EAE76FF01500E7E700BF0D
:107640001F85EB515C3701088C37010814150108C0
:10765000B03701082DE9F0410C4643681D68036905
:107660001E680B79012B04D0022B0DD14FF48068DA
:1076700001E04FF4C0686279012A08D0022A08D0DC
:107680001ABB4FF4805706E04FF00008F3E70027DD
:1076900001E04FF4405794F806C0BCF1040F17D036
:1076A000CBB94FF0000ED91EC9B2012956D913B17A
:1076B000BCF1040F55D0B7F5805F0FD0B7F5405F30
:1076C0000ED0002F3FD101230BE04FF40057E2E72B
:1076D0004FF4805EE7E74FF4805EE4E7002300E0CC
:1076E00002239A4240D1BEF1000F2ED1B8F1000F13
:1076F00032D103239C453AD1E37983B1012B39D1AF
:10770000214B9D420BD0A3F54C439D4207D003F57E
:1077100080639D4203D003F54C439D422DD1EB681D
:1077200023F40053EB60214608F07BFE002827DBA2
:10773000EB6843F40053EB6094E8030086E8030031
:107740000020BDE8F0810323CBE7B8F1000F01D1A1
:107750000423CFE70323CDE70223CBE76FF08500B7
:10776000EFE76FF08500ECE76FF08500E9E76FF079
:107770008500E6E76FF08500E3E76FF08500E0E75E
:107780006FF08500DDE700BF0010014010B560B16B
:10779000024683681748834217D21748834214D39E
:1077A000DB681BB31046984710BD144C4FF4EF73C1
:1077B00022461349134806F043F9134806F040F9EE
:1077C0004FF4EF71204606F032F90C4C4FF4EF7392
:1077D00022460E490B4806F033F90D490D4806F0D4
:1077E0002FF94FF4EF71204606F021F96FF05700A2
:1077F000DAE700BF5012010828120108F03501082D
:107800000015010814150108341501082036010877
:10781000583701089016010810B558B1844683689E
:107820001548834216D21548834213D31B6860461D
:10783000984710BD124C4FF4C973224611491248A3
:1078400006F0FEF8114806F0FBF84FF4C971204627
:1078500006F0EDF80A4C4FF4C97322460C490A4869
:1078600006F0EEF80B490C4806F0EAF84FF4C9713F
:10787000204606F0DCF800BF50120108281201086B
:10788000F035010800150108141501083415010828
:1078900020360108583701089016010810B560B16C
:1078A000024683681548834215D21548834212D395
:1078B0001B68FBB11046984710BD124CB6232246F8
:1078C0001149124806F0BCF8114806F0B9F8B62183
:1078D000204606F0ACF80B4CB62322460D490B4867
:1078E00006F0AEF80C490D4806F0AAF8B62120467D
:1078F00006F09DF86FF05700DEE700BFD4120108D4
:10790000B8120108701A01080015010814150108C1
:1079100034150108AC1A0108281C0108901601084A
:1079200010B560B1024683681748834217D21748E2
:10793000834214D3DB681BB31046984710BD144C28
:1079400040F2671322461349134806F079F81348AA
:1079500006F076F840F26711204606F068F80C4C05
:1079600040F2671322460E490B4806F069F80D49AC
:107970000D4806F065F840F26711204606F057F80A
:107980006FF05700DAE700BF9C1201088C12010863
:10799000C437010800150108141501083415010841
:1079A000F83701083C3901089016010808B54B1C4E
:1079B000012B00D808BD21EAE1714FEAE17C633177
:1079C0004CF1000CC1F313030A0D42EA0C32C2F36E
:1079D0001302134403EB1C3303EB1C730D4AA2FB8D
:1079E00003E2D20802EB820202EB82029B1AC91A5E
:1079F0006CF1000C084A094B01FB03F302FB0C334A
:107A0000A1FB021213448A0842EA83729B0802F027
:107A100011F8CFE71F85EB51295C8FC2F5285C8FE9
:107A2000F8B5054643681E680469E060A06920B1A6
:107A300008F0EEFF002800F0A580D4F8B00020B1D7
:107A400008F0E6FF002800F0A0806B6828691A683B
:107A500002F1140353E8003F23F0400302F114073E
:107A600047E800310029F3D1002380F8A8306B6883
:107A70001A6802F1140353E8003F23F0800302F177
:107A8000140040E800310029F3D1414904F17800A5
:107A900001F088FE3F4904F5887001F083FE04F18F
:107AA000440720220021384604F042FB0436666475
:107AB00094F83D3033B994F86030022262F38303C6
:107AC00084F8603094F83E3033B994F86030022284
:107AD00062F3051384F8603094F82330C3F3401345
:107AE00094F8602063F3861284F86020D2B263F3C6
:107AF000C71284F86020226C94F8613062F30303AB
:107B000084F86130276365630021C4F84811C4F824
:107B10004C1104F1DC072022384604F009FBC4F8BC
:107B2000E06094F8D53033B994F8F830022262F36B
:107B3000830384F8F83094F8D63033B994F8F830E9
:107B4000022262F3051384F8F83094F8BB30C3F3D3
:107B5000401394F8F82063F3861284F8F820D2B228
:107B600063F3C71284F8F820D4F8D82094F8F930D9
:107B700062F3030384F8F930C4F8C870C4F8CC5039
:107B80000020F8BD6FF01200FBE76FF01200F8E77D
:107B900019060108A50601084FF0E0239A69196942
:107BA0009B6900B103600AB90C4A12680BB90B4B10
:107BB0001B6811F4803F01D19A4208D208490A6833
:107BC0000648006802440A604FF0E0221269034A46
:107BD0001068C31A024A1068184470475C1C0020E1
:107BE000501C00200B4B102283F823200A4B4FF42B
:107BF000D2621A60094B44F2A0121A600020084BAE
:107C000018604FF0E02344F29F125A6198610722F6
:107C10001A61704700ED00E0581C00205C1C002039
:107C2000501C0020684620F007018D4679B504F00D
:107C300019F904460020FFF7AFFF14480368144AFF
:107C40000026156851685B1941F10001136051600D
:107C50000660104D2A6869689B1A0F48A0FB030351
:107C6000980B44F2A01300FB03F3D21841F100017A
:107C70002A606960094B1E60214604F047F8FCF752
:107C8000A1FBBDE879408546704700BF501C00202D
:107C900010060020080600202D34A9F9541C0020ED
:107CA00030B583B0054609F024F880F0010010F0EB
:107CB000FF0F4BD101A8FFF76FFF414B1968414CF3
:107CC00023686268C31842F10000236060600024EA
:107CD0003D4A14603D4C226864689A1A60EB040EB9
:107CE000BEF1000F42DB3A4B18680024281844EB21
:107CF00004054FEA451C4CEAD06C43011B1845EBC8
:107D00000C0C4FEA8C0C4CEA937C9B001B1A6CEB1E
:107D1000050C4FEA8C0C4CEA937C9B001B1845EB3E
:107D20000C056D0145EAD3655B019B1A65EB0E05F9
:107D3000284A12689A42AC411ADA1A46B3F1807F97
:107D400075F1000514DB6FF07F4211E0224C40F228
:107D5000791322462149224805F072FE214805F098
:107D60006FFE40F27911204605F061FE194B1A684A
:107D7000134B1A604FF0E0239869013A5A610022D0
:107D80009A6103F550634FF000725A60019B834281
:107D90000BD2091A0B440B490A684868D21840F103
:107DA00000000A60486003B030BD1B1A05490A682C
:107DB0004868D21840F100000A604860F3E700BF4D
:107DC0005C1C002010060020501C0020080600202B
:107DD000541C0020581C00206439010898390108FF
:107DE00014150108B039010810B508F082FF80F0C1
:107DF000010010F0FF0F0FD10F4B1C680F4B1B68D9
:107E0000E41A0020FFF7C8FE20440D4BA3FB00300E
:107E1000800B0C4B186010BD0B4C40F21E23224609
:107E20000A490B4805F00CFE0A4805F009FE40F22D
:107E30001E21204605F0FBFD10060020080600204C
:107E40002D34A9F9541C002064390108983901081F
:107E500014150108B039010808B5334B9B6803F0CD
:107E60000C03042B5BD0082B5BD12F4B5A6802F01C
:107E70003F025B6813F4800F2CD02B4B5868C0F383
:107E800088104FEA401CBCEB000C6EEB0E0E4FEA64
:107E90008E1343EA9C634FEA8C11B1EB0C0163EB48
:107EA0000E03DB0043EA5173C90011EB000C43F1F0
:107EB0000003590200234FEA4C2041EADC51F9F754
:107EC00099F9194B5B68C3F3014301335B00B0FBC5
:107ED000F3F008BD144B5868C0F388104FEA401CFB
:107EE000BCEB000C6EEB0E0E4FEA8E1343EA9C6364
:107EF0004FEA8C11B1EB0C0163EB0E03DB0043EA9C
:107F00005173C90011EB000C43F1000399020023E7
:107F10004FEA8C2041EA9C51F9F76CF9D1E703480C
:107F2000D7E70348D5E700BF0038024000127A00C7
:107F30000024F40030B59368D468234314692343C4
:107F40005469234394692343D4692343946A2343A4
:107F50001C4C615C01EB000C445824F45F3E2EF491
:107F6000787E43EA0E034350D36AA3B1DCF8144091
:107F700024F00704156B2B432343CCF81430536BC8
:107F8000445824F0C07423434350936B445824F462
:107F9000C004234343505368CCF80C301368CCF82A
:107FA0000830136ADCF804406FF30F042343CCF865
:107FB0000430536A425822F0606213434350002059
:107FC00030BD00BF2C5501080246002850D02A4B76
:107FD0001B6813F480431DD0284B984204D8284BCB
:107FE000984212D9002300E0052383B125498A4233
:107FF00001D903B9032324498A4200D94BB123494B
:108000008A4207D933B9012304E00023EEE70423B1
:10801000ECE702231849096811F4804F14D118497C
:108020008A4201D903B9042316498A4201D903B906
:10803000032315498A4200D92BB114498A4203D936
:1080400013B9012300E0022311490A6822F0070254
:108050001A430A6002210E4A126802F0070201392F
:10806000934201D00029F6D1934203D001207047FA
:1080700001207047002070470070004080D1F00858
:10808000000E2707804A5D050087930380C3C9015E
:10809000003C024070B50446436913B39847054657
:1080A00040B110F1FF0F0CD34542FF2D00DDFF253D
:1080B000E3681D70E268537843F00103537068422F
:1080C00070BD094E212332460849094805F0B8FC25
:1080D0002A462168074805F0B3FC2121304605F007
:1080E000A6FC0025E6E700BFD0390108F4390108F5
:1080F000141501080C3A010870B50446EFF3118617
:10810000102383F31288BFF36F8F0E4B9D6808F026
:1081100097FC042C07D086F31188BFF36F8F284695
:10812000FCF760F970BD084C9B23224607490848BC
:1081300005F086FC074805F083FC9B21204605F0EE
:1081400076FC00BF601C0020343A0108583A010850
:1081500014150108783A010810B586B0104C04EBEC
:10816000C01400EB400C00EB80000E4B03EB8003CF
:1081700000220592012104910F21039102920192A4
:108180000093094B4FF4A072084901EBCC11204633
:1081900001F0C4FC237C23F00403237406B010BD5B
:1081A00018060020601C00201585000840290020CA
:1081B0000C4B0D4A934204D80B4A934210D21C3305
:1081C000F7E710B5094CC72322460949094805F0CD
:1081D00037FC094805F034FCC721204605F027FC90
:1081E000704700BF440E010874100108B03A01083E
:1081F000D43A010814150108C026010838B505460F
:108200000B4B53F8204002E02368984708346B1C5E
:10821000074A52F82330A34209D960680028F3D0F6
:10822000037E13F0010FF1D1FFF734FFEEE738BD05
:108230003455010808B553EA020102D101F0DAFC15
:1082400008BD0249183003F0BDFBF9E719AB00087F
:1082500010B586B0294C2A4B9C4218D8284B9C421A
:1082600023D2636A0593236A0493E3690393A369A2
:1082700002936369019323690093E368A2686168CC
:10828000206801F04BFC23685C653034E3E71D4C4B
:10829000432322461C491D4805F0D2FB1C4805F02B
:1082A000CFFB4321204605F0C2FB02F073FF134CC5
:1082B00000E03034124B9C420ED8114B9C4219D234
:1082C000A26AE36AB3F1FF3F08BFB2F1FF3FF0D00B
:1082D0002068FFF7AFFFECE70A4C672322460A4904
:1082E0000A4805F0ADFB0A4805F0AAFB67212046C5
:1082F00005F09DFB02F0D2FF06B010BDF811010899
:1083000028120108B03A0108EC3A010814150108D6
:10831000C026010810B5174B01221A70164C174BD6
:108320009C4206D8154B9C4213D254F8043B984704
:10833000F5E7134C40F22B1322461249124805F080
:108340007FFB124805F07CFB40F22B11204605F024
:108350006EFB0320FFF752FF0420FFF74FFFFFF7EC
:1083600077FFF9F73BFD0A4A938923F001039381D4
:1083700010BD00BFBB1C0020F4110108F81101085A
:10838000B03A01081C3B010814150108C026010879
:108390009806002008B50146014A0248FBF7EEFFA7
:1083A000158300089806002010B50446FFF7D4FE98
:1083B0000B4901EBC4110B4A04EB840302EB83036A
:1083C000D9601C7404EB4411074B03EB811303F5D4
:1083D000046304EB840402EB8402536010BD00BF0D
:1083E00018060020601C00200021002070B586B017
:1083F00002F0C8FE104D114B5D61114B0593012336
:108400000493002403940294019400940D4B4FF4C0
:1084100080620D49284601F081FB06462B7C23F043
:1084200004032B74284601F05DFF2046FFF7BCFFD4
:10843000304606B070BD00BF98060020601C0020CA
:10844000483B010815830008C02A002008B5002019
:10845000FFF7D4FE264B83F30888264C636943F468
:1084600000736361F02384F822300023E3772376DE
:108470006376A37684F82030636A43F4E023636272
:10848000FBF78AFEFBF798FF4FF0FF33A362E3622E
:10849000FCF70EFAFCF720F8174801F09BFBFFF7FA
:1084A00087FEFBF719F9154C154B9C4206D8144B67
:1084B0009C4213D254F8043B9847F5E7114C40F224
:1084C000392322461049114805F0BAFA104805F040
:1084D000B7FA40F23921204605F0A9FA0120FFF74A
:1084E0008DFE0220FFF78AFEFFF780FFFFF752FFA5
:1084F0004029002000ED00E0B8070020F411010839
:10850000F4110108B03A0108503B010814150108A4
:10851000C026010810B50D4B9B6893F90E30002B57
:1085200009DBEFF31183102383F31288BFF36F8FFE
:1085300005F052FFF5E7064C1C2322460549064884
:1085400005F07EFA1C21204605F071FA601C00201F
:108550007C3B0108A03B010814150108EFF31183CF
:108560000BB100BF704710B5064C63232246064985
:10857000064805F065FA064805F062FA63212046D0
:1085800005F055FA7C3B0108C83B010814150108A9
:10859000E83B0108836863B14268036813605A606E
:1085A000002303604360027C22F0020202748360B5
:1085B000704710B5054CE32322460549054805F0F0
:1085C0003FFAE321204605F032FA00BF183C0108CB
:1085D000443C0108141501082DE9F04F83B004460E
:1085E000884617461E469DF830A0EFF3058393BBDF
:1085F00004F10805EFF31189102383F31288BFF308
:108600006F8F284602F0D0FF80F0010010F0FF0BC2
:1086100032D1284603F036F8626A23699A4278D24A
:108620002668B44237D0002E35D03046FFF7B2FF6F
:1086300006F1180003F092FAE26841467069F7F714
:10864000CBFD0023B367304601F09AFC494628462B
:1086500001F016FF6EE056EA0203C9D0464C8523AE
:1086600022464649464805F0EBF9464805F0E8F948
:108670008521204605F0DBF9434C8F2322464349F0
:108680003F4805F0DDF92946414805F0D9F98F2129
:10869000204605F0CCF9206A616988421FD3A3699E
:1086A0005A1E90421BD8A3EB000BE26893452CBFE7
:1086B0004FF0000B4FF0010BBBF1000F0FD1BAF1DF
:1086C000000F17D1E069814221D0E069801AE06192
:1086D0004146F7F781FD636A013363621EE0264C71
:1086E000A72322462B49264805F0AAF9A7212046B0
:1086F00005F09DF94146F7F76FFD236AE2681344E0
:108700002362A2699342E6D163692362E3E7E361EE
:10871000DBE756EA070311D16FF0220B284602F07F
:1087200053FF80F0010010F0FF0F14D189F311887E
:10873000BFF36F8F584603B0BDE8F08F164B9B68B0
:10874000C3F814800097019622464946284602F055
:1087500041FA8346EEE70C4C40F23D1322460F49A6
:10876000074805F06DF929460D4805F069F940F212
:108770003D11204605F05BF95C3C0108803C010896
:1087800014150108C83C0108CC3C0108FC3C010858
:10879000143D01082C3D0108601C0020D43D010857
:1087A000EC3D01082DE9F04383B0044688461746A6
:1087B0001E46EFF305836BBB04F10805EFF3118947
:1087C000102383F31288BFF36F8F284602F0ECFE6C
:1087D00080F0010010F0FF0F2FD1284602F052FF69
:1087E000636A002B38D156EA070340F089806FF0A6
:1087F0002206284602F0E8FE80F0010010F0FF0F8C
:1088000040F08B8089F31188BFF36F8F304603B03F
:10881000BDE8F08356EA0203CED0484C40F2211363
:1088200022464749474805F00BF9474805F008F943
:1088300040F22111204605F0FAF8444C8F232246DD
:108840004349404805F0FCF82946424805F0F8F84D
:108850008F21204605F0EBF8E268E1694046F7F722
:10886000BBFCE269E6683244E261A3699A4234D013
:10887000626A013A6262226A61698A4230D3591E91
:108880008A422DD89B1A9E4294BF002601263EBBE9
:108890002768BC42ADD0002FABD03846FFF77AFE38
:1088A00007F1180003F05AF9E2687969206AF7F7CE
:1088B00093FC236AE26813442362A26993421CD0AA
:1088C000636A013363620023BB67384601F058FBDB
:1088D0004946284601F0D4FD98E76269E261C7E79E
:1088E000164C4FF49B7322461B49164805F0A8F816
:1088F0004FF49B71204605F09AF863692362DFE725
:10890000164B9B68C3F8148000970196224649468F
:10891000284602F05FF9064678E70C4C40F23D131A
:1089200022460F49074805F08BF829460D4805F007
:1089300087F840F23D11204605F079F85C3C0108CB
:10894000803C010814150108C83C0108CC3C010812
:10895000FC3C0108143D01082C3D0108601C00206E
:10896000D43D0108EC3D0108836863B142680368A7
:1089700013605A60002303604360027C22F002020D
:1089800002748360704710B5054CE3232246054905
:10899000054805F055F8E321204605F048F800BFEA
:1089A000183C0108443C0108141501082DE9F04168
:1089B00082B0EFF30581002933D1044616461F46E5
:1089C000EFF31185102383F31288BFF36F8F7F4875
:1089D00002F0EAFD80F0010010F0FF0F2FD17B487C
:1089E00002F050FEE168002938D1002940F089806A
:1089F000774B9B6893F90E3023610131E160744B32
:108A00009B68A360714802F0DFFD80F0010010F068
:108A1000FF0078D185F31188BFF36F8F02B0BDE8F6
:108A2000F0816C4C742322466B496C4805F008F8C1
:108A30006B4805F005F87421204604F0F8FF694CF6
:108A40008F2322466849654804F0FAFF5F4967486A
:108A500004F0F6FF8F21204604F0E9FFA2685C4B8A
:108A60009B689A42C1D057EA06015DD092F90E8008
:108A7000414693F90E0007F0EEFF804574DC4FF09D
:108A800000080096019722462946504802F0A2F8B5
:108A90000028C3D0EFF31185102383F31288BFF3AE
:108AA0006F8F4A4802F080FD80F0010313F0FF0F42
:108AB00060D1464802F0E6FDA368002B6BD0236826
:108AC0009C4266D0002B64D0216993F90E0007F018
:108AD000C2FF0146204607F0C9FF00285ED1B8F169
:108AE000000F5BD1394802F06FFD80F0010313F0F5
:108AF000FF0F5AD185F31188BFF36F8F6FF00A0013
:108B00008CE7236978E7374C40F23D132246384919
:108B1000324804F095FF2D49364804F091FF40F2A9
:108B20003D11204604F083FF284802F04DFD80F0FF
:108B3000010313F0FF0F06D185F31188BFF36F8F88
:108B40006FF00F006AE7274C40F23D132246284998
:108B5000224804F075FF1D49264804F071FF40F2D9
:108B60003D11204604F063FF0146204607F07EFFDA
:108B7000804686E71B4C8F2322461B49174804F08A
:108B80005FFF1249194804F05BFF8F21204604F073
:108B90004EFF21699EE7B8F1000FA3D029460B488C
:108BA00001F06EFC6FF00A0038E70E4C40F23D1306
:108BB00022460F49094804F043FF04490D4804F0D8
:108BC0003FFF40F23D11204604F031FF801C0020A1
:108BD000601C0020043E0108283E0108141501080D
:108BE0003C3E0108CC3C0108FC3C0108143D010856
:108BF000D43D0108EC3D0108F8B5EFF30583A3B9B6
:108C000004468368002B00F08C80494A92689342A6
:108C100040F08A80C368B3FA83F56D099BB1012BDC
:108C20001ED9013BC3602846F8BD424CEB232246C7
:108C30004149424804F004FF414804F001FFEB21A0
:108C4000204604F0F4FE3B4C40F2031322463D491B
:108C50003A4804F0F5FE40F20311204604F0E7FE26
:108C6000EFF31187102383F31288BFF36F8F364819
:108C700002F09AFC80F0010515F0FF0522D1324880
:108C800002F000FD2169204607F0F0FE2668B4429C
:108C900027D036B13046FFF767FE06F1180002F024
:108CA0005DFFA660FEB90023E360274802F08CFC5C
:108CB00080F0010515F0FF0522D187F31188BFF37D
:108CC0006F8FB0E7214C8F23224621491B4804F0C7
:108CD000B7FE1D491F4804F0B3FE8F21204604F063
:108CE000A6FE0026DDE796F90E3023610023B36768
:108CF000304601F045F93946134801F0C1FB92E7CF
:108D0000124C40F23D13224613490C4804F098FEE1
:108D10000D49124804F094FE40F23D11204604F043
:108D200086FE6FF015057EE74FF0FF357BE700BF4D
:108D3000601C0020043E0108283E010814150108AB
:108D40003C3E0108643E0108801C0020CC3C010828
:108D5000FC3C0108143D0108D43D0108EC3D01082C
:108D6000836863B14268036813605A60002303603C
:108D70004360027C22F0020202748360704710B5E7
:108D8000054CE32322460549054804F059FEE3213A
:108D9000204604F04CFE00BF183C0108443C01088A
:108DA0001415010870B50546EFF31186102383F3FF
:108DB0001288BFF36F8F2B4802F0F6FB80F00100A2
:108DC00010F0FF0F18D1274802F05CFC2C68A54278
:108DD00021D004B32046FFF7C3FF04F1180002F0CE
:108DE000BDFE0023A3676361204601F0C9F8314648
:108DF0001C4801F045FB70BD1B4C8F2322461B49CC
:108E00001B4804F01DFE17491A4804F019FE8F2173
:108E1000204604F00CFEAB68EA6893420FD00122B2
:108E20001344AB600F4802F0CFFB80F0010010F05C
:108E3000FF0F06D186F31188BFF36F8FDBE70022A7
:108E4000EEE7094C40F23D1322460B49084804F076
:108E5000F7FD0449094804F0F3FD40F23D112046B6
:108E600004F0E5FD841C0020CC3C0108FC3C01081A
:108E700014150108143D0108D43D0108EC3D01081A
:108E8000F0B583B0044616461F46EFF3058121BBBB
:108E9000EFF31185102383F31288BFF36F8F3D48E2
:108EA00002F082FB80F0010010F0FF0F26D139485C
:108EB00002F0E8FBA168002940D00139A1603548E3
:108EC00002F082FB80F0010010F0FF0025D185F355
:108ED0001188BFF36F8F03B0F0BD57EA0203D7D0FC
:108EE0002D4C832322462D492D4804F0A9FD2D4801
:108EF00004F0A6FD8321204604F099FD2A4C8F231F
:108F000022462A49264804F09BFD2249284804F0BD
:108F100097FD8F21204604F08AFD234C40F23D133B
:108F2000224624491E4804F08BFD1A49224804F0C9
:108F300087FD40F23D11204604F079FD57EA060313
:108F40001FD1144802F040FB80F0010010F0FF0F29
:108F500006D185F31188BFF36F8F6FF00F00BAE76A
:108F6000114C40F23D13224612490D4804F068FDB1
:108F70000849114804F064FD40F23D11204604F018
:108F800056FD0096019722462946024801F022FE2E
:108F9000A1E700BF841C00207C3E01089C3E010824
:108FA00014150108C83C0108CC3C0108FC3C010830
:108FB000143D0108D43D0108EC3D0108F8B5054613
:108FC000EFF31187102383F31288BFF36F8F2D48BF
:108FD00002F0EAFA80F0010010F0FF0F04D12948F6
:108FE00002F050FB002611E0274C8F232246274930
:108FF000274804F025FD2349264804F021FD8F2150
:10900000204604F014FD0023BBB11E462C68A54287
:10901000F9D084B12046FFF7A3FE04F1180002F056
:109020009DFD6FF00A03A36700236361204600F0F3
:10903000A7FF0123E8E70023E6E7AB6026B1394646
:10904000104801F01DFAF8BD0E4802F0BDFA80F09C
:10905000010010F0FF0F04D187F31188BFF36F8F69
:10906000F1E7094C40F23D1322460B49084804F051
:10907000E7FC0449094804F0E3FC40F23D112046B6
:1090800004F0D5FC841C0020CC3C0108FC3C010809
:1090900014150108143D0108D43D0108EC3D0108F8
:1090A00000B583B0064B00934FF0FF334FF480625E
:1090B0000449054800F0F4FA03B05DF804FB00BF72
:1090C0004C550108002F002018070020836863B169
:1090D0004268036813605A60002303604360027CA7
:1090E00022F0020202748360704710B5054CE3233E
:1090F00022460549054804F0A3FCE321204604F07C
:1091000096FC00BF183C0108443C010814150108F6
:1091100080B338B50D4604461C4B9A68D0F88030B1
:109120009A421BD000231A46D4F89C30C3F3800126
:10913000C3F3C00013F0010F1FD001B102B300B19F
:1091400009B300232B60D4F8883073B11D60C4F8D4
:109150008850204607F0F0FC012038BD07F07BFD69
:1091600008B90123DFE70023DDE7C4F88850C4F81D
:109170008450EEE76FF0150070476FF01200ECE7D7
:109180006FF00F00E9E76FF00F00E6E7601C0020CA
:1091900070B50D46C36813F0020F30D1044613F0CA
:1091A000040F31D10B68B3B1E36813F0010F22D083
:1091B000A3689BB12B60022621462868FFF7A8FF11
:1091C00000281EDBE36843F00403E3602B68A36020
:1091D0009EB1304617E083680B60E5E70B4C40F228
:1091E000571322460A490B4804F02AFC40F2571153
:1091F000204604F01CFC0126DEE7304601E06FF05B
:109200000F0000232B6070BD0020FAE7F83E010834
:109210001C3F01081415010870B582B00446A0F186
:109220001006EFF31185102383F31288BFF36F8FBD
:10923000254802F0B9F980F0010010F0FF0F1BD1B2
:10924000214802F01FFA0023019354F8043C23F054
:10925000080244F8042C13F0080F1CD11A4802F03D
:10926000B3F980F0010010F0FF0F1BD185F31188D6
:10927000BFF36F8F02B070BD144C8F232246144988
:10928000144804F0DDFB1049134804F0D9FB8F218A
:10929000204604F0CCFBA369019301A93046FFF7F7
:1092A00077FFDBE7094C40F23D1322460B490948A2
:1092B00004F0C6FB04490A4804F0C2FB40F23D1129
:1092C000204604F0B4FB00BF901C0020CC3C0108F9
:1092D000FC3C010814150108143D0108D43D0108A7
:1092E000EC3D0108F8B504460D46C368C3F3C0065B
:1092F00023F00802C26013F0080F21D13046F8BDF8
:10930000234C40F23D1322462249234804F098FBA7
:109310002249234804F094FB40F23D11204604F01A
:1093200086FB1B4C8F2322461E491B4804F088FBFA
:109330001A491D4804F084FB8F21204604F077FB76
:1093400004F1100002F00AFC10F10B0FD6D12F68C7
:10935000124802F039F980F0010313F0FF0FCFD16A
:1093600087F31188BFF36F8FEFF31187102383F317
:109370001288BFF36F8F094802F016F980F00103DD
:1093800013F0FF0FCDD1054802F07CF92F60D7E72D
:10939000CC3C0108D43D010814150108901C0020A4
:1093A000EC3D0108FC3C0108143D010810B5C36800
:1093B00023F00203C360134B1C687CB1236803B124
:1093C0000CB100210FE02346FBE722460D4807F0D1
:1093D0006EFB04F10800FFF7E5FC10BD2346F0E743
:1093E0001A461C461346002CF7D062688242ECD025
:1093F0002146002BF4D01A68002AF2D0002BF0D1BD
:109400001A46EEE7881C0020F0B585B00546EFF35C
:109410001186102383F31288BFF36F8F8A4802F0FE
:10942000C3F880F0010010F0FF0F71D1864802F000
:1094300029F9D5F88440002C79D02368C5F8843008
:10944000D5F88820944200F08F80D5F89C3043F006
:109450000203C5F89C30E36843F00102E26023F0A8
:10946000040343F00103E3606768774802F0ACF857
:1094700080F0010010F0FF0F40F09F8086F311880C
:10948000BFF36F8F002F00F0A9802046B847EFF39D
:109490001187102383F31288BFF36F8F6A4802F09D
:1094A00083F880F0010010F0FF0640F0A4806648C9
:1094B00002F0E8F8E36823F00103E36013F0100F13
:1094C00040F0A880E36813F0020F40F0A780D5F8C1
:1094D0009C3023F00203C5F89C3013F4807F03D145
:1094E000D5F8843003B1012606F00106564802F093
:1094F0006BF880F0010010F0FF0F40F0938087F3CD
:109500001188BFF36F8F002E81D000F097FC7EE7AB
:109510004E4C8F2322464E494E4804F091FA4A4958
:109520004D4804F08DFA8F21204604F080FAD5F8DA
:109530009C3023F00402C5F89C2013F0040F16D1D0
:1095400012F0100F19D00023C5F89C303E4802F0ED
:109550003BF880F0010010F0FF0F1DD186F3118859
:10956000BFF36F8F05B0F0BDC5F888306DE70022FE
:10957000012105F1940007F0FDFA002302934FF05A
:10958000FF324FF0FF33CDE9002305F18C02314665
:109590002D4801F0E9FE3AE72C4C40F23D132246FB
:1095A0002E492C4804F04CFA27492D4804F048FA7B
:1095B00040F23D11204604F03AFA244C40F23D13AB
:1095C00022462649234804F03BFA1F49244804F068
:1095D00037FA40F23D11204604F029FA214C4FF4AD
:1095E0003C73224620491B4804F02AFA4FF43C7190
:1095F000204604F01CFA154C8F23224614491548C6
:1096000004F01EFA1049144804F01AFA8F2120467B
:1096100004F00DFA204607F0D7FA53E72046FFF78B
:10962000C5FE54E7094C40F23D1322460B49094858
:1096300004F006FA04490A4804F002FA40F23D1127
:10964000204604F0F4F900BF901C0020CC3C010837
:10965000FC3C010814150108143D0108D43D010823
:10966000EC3D0108F83E0108383F010808B5844682
:10967000084653EA02010CD0C16841F00801C160FC
:10968000DCF8001081620549103002F09BF90120DE
:1096900008BD6146FFF77CFDFAE700BF199200089C
:1096A000F0B589B00E9D002843D0044600294DD066
:1096B000D0F89C0010F0010F55D10020C4F88400B0
:1096C000C4F8880004F18C00C4F88C00C4F8900041
:1096D00004F19400C4F89400C4F89800002D4FD011
:1096E000287900284ED10120C4F89C004FF0FF36A5
:1096F0004FF0FF37CDE906670020049003930290F6
:1097000001900094214B204600F0E6FA55B12968FB
:1097100011B1204607F0A5FA6B791BB1A38943F07C
:109720000103A381204600F065FAC4F8804009B027
:10973000F0BD174C4FF4547322461649164804F0F6
:109740007FF94FF45471204604F071F9104C40F247
:10975000513322461149104804F072F940F2513158
:10976000204604F064F90A4C40F2523322460C4978
:10977000094804F065F940F25231204604F057F9E7
:109780000120B1E740F20110AEE700BF09940008E4
:10979000F83E01089C3F010814150108A43F010888
:1097A000683F010838B558B10C460546A9B13022CA
:1097B000002102F0BDFC6C604FF48073EB6038BD9B
:1097C0000C4C40F2054322460B490C4804F038F992
:1097D00040F20541204604F02AF9064C40F20643C7
:1097E00022460749054804F02BF940F2064120467D
:1097F00004F01DF9F83E0108AC3F010814150108FA
:10980000383F01082DE9F04182B0019048B30D4680
:109810001746984691B3EFF31186102383F312880D
:10982000BFF36F8F304801F0BFFE80F0010010F0F1
:10983000FF0430D12C4801F025FFEB6813F01E0F18
:1098400038D0294801F0C0FE80F0010010F0FF0F71
:1098500038D186F31188BFF36F8F204602B0BDE880
:10986000F081224C40F2894322462149214804F0EC
:10987000E7F840F28941204604F0D9F81B4C40F249
:109880008A4322461C491B4804F0DAF840F28A4118
:10989000204604F0CCF8194C8F232246184915486D
:1098A00004F0CEF81049174804F0CAF88F2120467A
:1098B00004F0BDF83A464346294601A8FFF7D6FE14
:1098C0000446BEE70D4C40F23D1322460E490948BE
:1098D00004F0B6F804490D4804F0B2F840F23D1126
:1098E000204604F0A4F800BF901C0020F83E0108B8
:1098F000503F010814150108AC3F0108CC3C010899
:10990000FC3C0108143D0108D43D0108EC3D010870
:1099100008B501460148FFF775FF08BD180700208C
:109920002DE9F04184B00190A8B30C4617461E46BD
:1099300000293DD0EFF31188102383F31288BFF381
:109940006F8F324801F030FE80F0010010F0FF0F01
:109950003BD12E4D284601F095FECDF80C8003A991
:109960002046FFF7BFFC3A463346214601A8FFF7E1
:109970007DFE0446039E284601F026FE80F001038A
:1099800013F0FF0F30D186F31188BFF36F8F20469D
:1099900004B0BDE8F0811E4C40F2AC4322461D49A4
:1099A0001D4804F04DF840F2AC41204604F03FF869
:1099B000174C40F2AD4322461849174804F040F8CE
:1099C00040F2AD41204604F032F8154C8F23224678
:1099D0001449114804F034F80C49134804F030F8E5
:1099E0008F21204604F023F80D4C40F23D1322460F
:1099F0000E49094804F024F829460D4804F020F8DF
:109A000040F23D11204604F012F800BF901C0020E7
:109A1000F83E0108503F010814150108AC3F010849
:109A2000CC3C0108FC3C0108143D0108D43D010870
:109A3000EC3D010808B501460148FFF771FF08BD7C
:109A40001807002070B582B048B30446EFF31186C2
:109A5000102383F31288BFF36F8F274801F0A4FD12
:109A600080F0010010F0FF0F26D1234D284601F0B1
:109A700009FE019601A9204607F09EF80446019EC2
:109A8000284601F0A1FD80F0010313F0FF0F22D161
:109A900086F31188BFF36F8F204602B070BD174C5C
:109AA00040F2CE4322461649164803F0C9FF40F261
:109AB000CE41204603F0BBFF134C8F2322461349AF
:109AC000104803F0BDFF0C49114803F0B9FF8F2186
:109AD000204603F0ACFF0C4C40F23D1322460D49EA
:109AE000084803F0ADFF29460B4803F0A9FF40F2F8
:109AF0003D11204603F09BFF901C0020F83E01081A
:109B0000AC3F010814150108CC3C0108FC3C0108DD
:109B1000143D0108D43D0108EC3D01082DE9F04158
:109B200084B004460D4690461F460D9E0F2E29D147
:109B3000224B9F4226D104F15803A365E3650E9B97
:109B400004223146204607F08FF842462946204637
:109B500007F066F806460C9B02930B9B01930A9B49
:109B600000933B46024629462046FAF7E7FB0023CE
:109B70006365134B9B68EBB1DB6EE366304604B064
:109B8000BDE8F08106F110031E2BD4D90D4C40F234
:109B9000793322460C490D4803F052FF6FF00F0352
:109BA0000E2231460A4803F04BFF40F2793120463D
:109BB00003F03DFF0023E366E0E700BF15850008E2
:109BC000601C0020C43F0108E83F0108141501088B
:109BD0006840010810B50446012303748381002303
:109BE0000366436602F072FA014B9C6010BD00BF31
:109BF000601C002038B50446EFF31185102383F371
:109C00001288BFF36F8F264801F0CEFC80F0010070
:109C100010F0FF0F16D1224801F034FD237C13F021
:109C2000040F1ED004F1180001F098FF237C23F0EC
:109C300004032374204600F0A3F92946184800F0D5
:109C40001FFC38BD174C8F2322461749174803F0D5
:109C5000F7FE1349164803F0F3FE8F21204603F068
:109C6000E6FE0F4801F0B0FC80F0010010F0FF0F9D
:109C700004D185F31188BFF36F8FE2E7094C40F2FE
:109C80003D1322460B49094803F0DAFE04490A480D
:109C900003F0D6FE40F23D11204603F0C8FE00BF9F
:109CA000941C0020CC3C0108FC3C01081415010860
:109CB000143D0108D43D0108EC3D010808B553EA04
:109CC000020102D1FFF796FF08BD0249183001F0EA
:109CD00079FEF9E719AB000870B586B00446109E0E
:109CE000119DEFF30580B8B9002005900E980490FF
:109CF0000D9803900C9802900B9801900A98009090
:109D00002046FFF70BFFB5F1FF3F08BFB6F1FF3F5D
:109D100012D1204606B070BD0A4C40F2EA3322460A
:109D200009490A4803F08CFE094803F089FE40F215
:109D3000EA31204603F07BFE32462B462046FFF7F1
:109D4000BDFFE6E7C43F0108283E010814150108DD
:109D50009C40010870B50446838903F00105EFF3C8
:109D60001186102383F31288BFF36F8F294801F007
:109D70001BFC80F0010010F0FF0F13D1254801F00B
:109D800081FC237C13F0080F2CD0224801F01CFC2E
:109D900080F0010010F0FF0F13D186F31188BFF39C
:109DA0006F8F25E01C4C8F2322461C491C4803F072
:109DB00047FE18491B4803F043FE8F21204603F05D
:109DC00036FE154C40F23D1322461749144803F065
:109DD00037FE1049154803F033FE40F23D1120468E
:109DE00003F025FE01223146204600F0ADFC05B906
:109DF00070BD0F4D40F2C2632A460E49084803F079
:109E00001FFE21460C4803F01BFE40F2C2612846AB
:109E100003F00DFE941C0020CC3C0108FC3C010822
:109E200014150108143D0108D43D0108EC3D01085A
:109E3000C43F0108C4400108D040010810B5EFF349
:109E4000058313B900F0ACFB10BD084C4FF4E76379
:109E500022460749074803F0F3FD074803F0F0FDE9
:109E60004FF4E761204603F0E2FD00BFC43F010864
:109E7000283E010814150108C83C0108836863B135
:109E80004268036813605A60002303604360027CE9
:109E900022F0020202748360704710B5054CE32380
:109EA00022460549054803F0CBFDE321204603F097
:109EB000BEFD00BF183C0108443C01081415010810
:109EC00010B50446002101F007FC094A93685C675D
:109ED0006FF00A01996707494B6843F080534B6064
:109EE000002383F31188BFF36F8F9368986F10BDC1
:109EF000601C002000ED00E010B5204B9A68DB6983
:109F00009A4205D01368516812680A60516006E0F1
:109F10000023F8E7194AD269934212D01B6883B133
:109F2000164A906890F90E1093F90E209142F1D0E4
:109F3000521A002AEEDD5A684260036010605860D1
:109F400008E00E4B9A68D96903F11800106051605F
:109F50000A60DA61094B53F8184F9C420AD04CB1A1
:109F6000064B9B689C4202D0204606F0BCFE034B89
:109F70005C6110BD014BDC68F2E700BF601C002093
:109F8000037C90F91020002A7DDB13F01F0F7AD19B
:109F900010B543F0800303743B4A90423ED013F067
:109FA000010F46D1394A52F8183F934255D083B138
:109FB00090F90E1093F90E20914202D0521A002A05
:109FC00042DC1946314AD269934202D01B68002B09
:109FD00040D12E4BDA6903F1180101604260106034
:109FE000D8612A4B53F8184F9C4238D0002C36D0F9
:109FF000264B9B68002B35D01A7C12F01F0F05D121
:10A00000DA897F2A02D9A269002A39D0A34202D074
:10A01000204606F068FE1D4B5C6110BD1C4C3523CC
:10A0200022461C491C4803F00BFD3521204603F055
:10A03000FEFC174C362322461849174803F000FD52
:10A040003621204603F0F3FC5A684260036010603A
:10A050005860C6E70029AAD1BBE70023A7E70B4B4E
:10A06000DC68C5E70E4CEA2322460E490A4803F095
:10A07000E7FC0D4803F0E4FCEA21204603F0D7FC9E
:10A08000024A5361C9E7704718060020601C00208F
:10A09000F04001081C410108141501084041010865
:10A0A0005C41010888410108C83C01082DE9F843DA
:10A0B00005460C467D4B9E68337C13F0600F32D012
:10A0C00013F0200F3DD008271F422CD13B4333749F
:10A0D00013F0800F37D1082F5CD04FF00009734B7D
:10A0E00053F8188F984500F0B480B8F1000F00F0D5
:10A0F000B0806E4B9B68434502D0404606F0F3FDAE
:10A100006A4BC3F81480102F0DD0304604F05AF972
:10A11000B9F1000F07D07269654B9A4200F09D803B
:10A120006448FFF757FD644801F04EFA80F00100E3
:10A1300010F0FF0F40F0958084F31188BFF36F8F0C
:10A14000ADE01027C0E703F07F0333745B4A96420B
:10A150000AD013F0010F12D17268336813605A608D
:10A16000002333607360B6E7554C3D2322465549C2
:10A17000554803F065FC3D21204603F058FC504C47
:10A180003E2322465149504803F05AFC3E212046C6
:10A1900003F04DFCB36813B13046FFF76FFE06F1D4
:10A1A000180001F0DBFC10F10B0F3ED1424801F02A
:10A1B0000BFA80F0010010F0FF0F16D184F3118824
:10A1C000BFF36F8FEFF31184102383F31288BFF373
:10A1D0006F8F394801F0E8F980F0010010F0FF0FAF
:10A1E00014D1354801F04EFAD9E7394C40F23D130D
:10A1F00022463849344803F023FC2F49364803F0FF
:10A200001FFC40F23D11204603F011FC304C8F231F
:10A21000224632492C4803F013FC2749304803F00A
:10A220000FFC8F21204603F002FC06F1580006F0D7
:10A230002DFD1E4B9B689E4202D04FF000094EE759
:10A24000EFF3058313B94FF0000948E74FF0010918
:10A2500045E7164BD3F80C804BE7012001F02CFAB0
:10A260005EE71B4C40F23D1322461A49164803F0A4
:10A27000E7FB1149184803F0E3FB40F23D1120468B
:10A2800003F0D5FBEFF31184102383F31288BFF39F
:10A290006F8FFEF763F984F31188BFF36F8F2B7C08
:10A2A00013F0600FEED1BDE8F88300BF601C002002
:10A2B00058550108B8070020941C002018060020FB
:10A2C000F04001081C410108141501084041010833
:10A2D000CC3C0108D43D0108EC3D0108FC3C0108E0
:10A2E000143D010870B50546EFF31186102383F382
:10A2F0001288BFF36F8F224801F056F980F00100F9
:10A3000010F0FF0F04D100241D4801F0BBF91BE041
:10A310001C4C8F2322461C491C4803F091FB184912
:10A320001B4803F08DFB8F21204603F080FB14486F
:10A3300001F04AF980F0010010F0FF0F0ED186F312
:10A340001188BFF36F8F0124CCB9284606F09CFC1E
:10A350000028ECD12846FFF713FEE8E7094C40F24D
:10A360003D1322460B49094803F06AFB04490A4899
:10A3700003F066FB40F23D11204603F058FB70BD30
:10A38000941C0020CC3C0108FC3C01081415010879
:10A39000143D0108D43D0108EC3D010810B5037CD3
:10A3A00090F91020002A1DDB2C4B9A6853F8184FA7
:10A3B0009C423ED0002C3CD082420BD0002A3BD0A5
:10A3C000137C13F01F0F05D1D3897F2B02D9A3690A
:10A3D000002B3FD0A24202D0204606F084FC1F4B47
:10A3E0005C6110BD03F07F0303741D4A90420AD0E4
:10A3F00013F0010F12D14268036813605A60002302
:10A4000003604360D0E7174C3D23224616491748A6
:10A4100003F016FB3D21204603F009FB114C3E23BF
:10A4200022461349114803F00BFB3E21204603F05E
:10A43000FEFA0A4BDC68BFE70E4CEA2322460E49BF
:10A440000A4803F0FDFA0D4803F0FAFAEA21204623
:10A4500003F0EDFA014B5A61C3E700BF601C002016
:10A4600018060020F04001081C41010814150108DD
:10A47000404101085C41010888410108C83C0108CD
:10A4800038B504460D4619BBEFF3058303BB1F4BDC
:10A490005A699B689A421BD001F096F880F001003F
:10A4A00010F0FF0F03D12846FFF70AFD1CE0184DFE
:10A4B0004FF4BF732A461749174803F0C1FA2146E3
:10A4C000164803F0BDFA4FF4BF71284603F0AFFA07
:10A4D000204601F079F880F0010010F0FF0F04D160
:10A4E00085F31188BFF36F8F38BD094D40F23D13DE
:10A4F0002A460849084803F0A3FA2146074803F012
:10A500009FFA40F23D11284603F091FA601C0020AA
:10A51000CC3C0108D43D010814150108EC3D0108AC
:10A5200038B50546184B53F8184F9C4218D0BCB1AB
:10A53000154B9B68BBB11A7C12F01F0F04D1DA894E
:10A540007F2A01D9A269E2B1A34202D0204606F0D7
:10A55000CAFB0D4B5C6129460C48FFF791FF38BDE3
:10A56000094BDC68E4E70A4CEA23224609490A4819
:10A5700003F066FA094803F063FAEA21204603F083
:10A5800056FA014A5361E6E7601C0020941C002043
:10A590005C4101088841010814150108C83C010804
:10A5A00038B5EFF31184102383F31288BFF36F8F54
:10A5B0003A4800F0F9FF80F0010010F0FF0F0DD1D4
:10A5C000364801F05FF8364B9A68DB699A4214D03E
:10A5D0001368516812680A60516015E0314C8F238E
:10A5E00022463149314803F02BFA2C49304803F018
:10A5F00027FA8F21204603F01AFA0023E9E7284AB8
:10A60000D269934212D01B6883B1254A906890F9B1
:10A610000E1093F90E209142F1D0521A002AEEDD6D
:10A620005A68426003601060586008E01C4B9A68EA
:10A63000D96903F11800106051600A60DA61184BA3
:10A6400053F8185F9D4215D0A5B1154B9B689D42EC
:10A6500002D0284606F047FB114B5D610F4800F021
:10A66000B3FF80F0010010F0FF0F06D12046FFF786
:10A6700027FC38BD0A4BDD68E7E70A4C4FF4BF738F
:10A6800022460C49094803F0DBF904490A4803F063
:10A69000D7F94FF4BF71204603F0C9F9941C00208C
:10A6A000601C0020CC3C0108FC3C0108141501088A
:10A6B000143D0108D43D0108EC3D010838B583681C
:10A6C0007BB904460D46FFF769FE237C43F0020385
:10A6D0002374002D31D0A5602B689D4214D1002336
:10A6E00012E0164C40F2991322461549154803F022
:10A6F000A7F940F29911204603F099F919466A68C2
:10A70000934215D01B687BB993B194F90E1093F95D
:10A710000E209142F2D0521A002AEFDD5A68626090
:10A72000236014605C6008E00029EDD10B46EBE784
:10A730006B68256063601C606C6038BDB0410108C7
:10A74000D4410108141501082DE9F84304460D46CB
:10A75000164600F1580706F097FA002838D0237CF7
:10A7600096B1202213432374EFF3058373B1294676
:10A770002046FFF79BFC04F1180001F0EFF910F1FF
:10A780000B0FF8D0BDE8F8834022EBE73946B34B16
:10A790009868FFF793FFB24800F016FF80F00100C1
:10A7A00010F0FF0F03D12846FFF78AFBE3E7AD4C1B
:10A7B0004FF4BF732246AC49AC4803F041F9A849B5
:10A7C000AB4803F03DF94FF4BF71204603F02FF979
:10A7D000002E46D04FF00808237C18EA030F2DD135
:10A7E00048EA0303237413F0800F3DD1B8F1080F3A
:10A7F00061D04FF00009994B53F8187F9F4200F049
:10A80000B880002F00F0B580944B9B68BB4202D00B
:10A81000384606F068FA914B5F61B8F1100F0DD021
:10A82000204603F0CFFDB9F1000F07D06269914BCC
:10A830009A4200F0A1809048FFF7CCF9874B9B68C3
:10A84000A34200F09D80864800F0BEFE80F001002B
:10A8500010F0FF0F40F0358185F31188BFF36F8F43
:10A8600090E74FF01008B7E703F07F032374834AA3
:10A8700094420AD013F0010F12D16268236813606A
:10A880005A60002323606360B0E77D4C3D2322467D
:10A890007C49764803F0D4F83D21204603F0C7F800
:10A8A000774C3E2322467849704803F0C9F83E2190
:10A8B000204603F0BCF8A36813B12046FFF7DEFA88
:10A8C00004F1180001F04AF910F10B0F3ED1644871
:10A8D00000F07AFE80F0010010F0FF0F16D185F332
:10A8E0001188BFF36F8FEFF31185102383F3128864
:10A8F000BFF36F8F5A4800F057FE80F0010010F050
:10A90000FF0F14D1564800F0BDFED9E7554C40F278
:10A910003D1322465449554803F092F85049544893
:10A9200003F08EF840F23D11204603F080F84D4CC4
:10A930008F23224655494D4803F082F84849544830
:10A9400003F07EF88F21204603F071F8384606F0B8
:10A950009DF9424B9B689C4202D04FF000094AE7A8
:10A96000EFF3058313B94FF0000944E74FF00109F5
:10A9700041E73A4BDF6847E7012000F09DFE5AE7C8
:10A98000EFF30583002B7FF45EAFA38913F0010F73
:10A9900025D0334800F018FE80F0010313F0FF0FBC
:10A9A0003BD185F31188BFF36F8F002383F31188A8
:10A9B000BFF36F8F0423184602DFEFF311851023D6
:10A9C00083F31288BFF36F8F254800F0EDFD80F010
:10A9D000010313F0FF0F31D1214800F053FE20484E
:10A9E00000F0F2FD80F0010313F0FF0F58D128466C
:10A9F000FFF766FA002E3FF4C5AE264C4FF4AB735A
:10AA000022462549194803F01BF8244803F018F89A
:10AA10004FF4AB71204603F00AF8124C40F23D139C
:10AA200022461149114803F00BF80D49104803F074
:10AA300007F840F23D11204602F0F9FF094C8F2340
:10AA400022461249094802F0FBFF0549104802F06E
:10AA5000F7FF8F21204602F0EAFF00BF601C0020B4
:10AA6000941C0020CC3C0108D43D010814150108B9
:10AA7000EC3D010858550108B807002018060020D1
:10AA8000F04001081C41010840410108FC3C01085C
:10AA9000143D0108B0410108FC41010808420108C9
:10AAA000104C4FF4BF7322460F49104802F0C8FF04
:10AAB0000F49104802F0C4FF4FF4BF71204602F066
:10AAC000B6FF084C40F23D1322460749074802F002
:10AAD000B7FF0749074802F0B3FF40F23D11204697
:10AAE00002F0A5FFCC3C0108D43D01081415010873
:10AAF000941C0020EC3D010870B5044616461D4626
:10AB0000FFF7DCFD32462B46024904F1180000F045
:10AB100059FF70BD19AB0008F8B50546A0F118073C
:10AB2000EFF31186102383F31288BFF36F8F22484F
:10AB300000F03AFD80F0010010F0FF0F04D1002476
:10AB40001D4800F09FFD1BE01C4C8F2322461C4932
:10AB50001C4802F075FF18491B4802F071FF8F2155
:10AB6000204602F064FF144800F02EFD80F0010042
:10AB700010F0FF0F0ED186F31188BFF36F8F012401
:10AB8000CCB9284601F062F80028ECD1384606F02E
:10AB900097F8E8E7094C40F23D1322460B49094873
:10ABA00002F04EFF04490A4802F04AFF40F23D110C
:10ABB000204602F03CFFF8BD941C0020CC3C01086C
:10ABC000FC3C010814150108143D0108D43D01089E
:10ABD000EC3D010870B5EFF30583002B36D1044638
:10ABE0000D461646404B9A68404B1A60404B9842BF
:10ABF0003CD0EFF31183102383F31288BFF36F8FE0
:10AC00003B4800F0D1FC80F0010010F0FF0F3AD17A
:10AC1000374800F037FDDDE90423314632488068CB
:10AC2000FFF76AFF204600F0CFFC80F0010010F033
:10AC3000FF0F37D12E4800F0C7FC80F0010010F064
:10AC4000FF0F40D12846FFF73BF970BD294C40F279
:10AC5000F51322462849294802F0F2FE284802F05E
:10AC6000EFFE40F2F511204602F0E1FE214C4FF4D8
:10AC7000FE7322462349214802F0E2FE4FF4FE71A2
:10AC8000204602F0D4FE204C8F2322461F491B4849
:10AC900002F0D6FE16491E4802F0D2FE8F21204651
:10ACA00002F0C5FE184D4FF4BF732A4619491348E8
:10ACB00002F0C6FE2146184802F0C2FE4FF4BF71F2
:10ACC000284602F0B4FE104C4FF4BF7322461149DF
:10ACD0000A4802F0B5FE06490F4802F0B1FE4FF4F3
:10ACE000BF71204602F0A3FE601C0020981C0020CB
:10ACF000941C0020B04101087C23010814150108B0
:10AD00002C42010850420108CC3C0108FC3C0108DF
:10AD1000143D0108D43D0108EC3D01082DE9F04146
:10AD200004460D46EFF31187102383F31288BFF317
:10AD30006F8F824800F038FC80F0010010F0FF0FA8
:10AD400006D14FF000087D4800F09CFC002665E02D
:10AD50007B4C8F2322467B497B4802F071FE77496A
:10AD60007A4802F06DFE8F21204602F060FE03F06B
:10AD70007F032374764A944261D013F0010F69D1A6
:10AD80006268236813605A6000232360636069B2BD
:10AD9000A173237C43F08003237413F0010F64D16B
:10ADA0006C4A52F8183F934273D073B193F90E2056
:10ADB000914202D0521A002A62DC1846654AD269D2
:10ADC000934202D01B68002B60D1624BDA6903F119
:10ADD0001801216062601460DC615E4B53F8188FCB
:10ADE000984558D0B8F1000F55D05A4B9B689845FC
:10ADF00002D0404605F077FF564BC3F814804F4809
:10AE000000F0E2FB80F0010010F0FF0F40F08180C5
:10AE100087F31188BFF36F8F4FF00108B8F1000F6F
:10AE200040F08880237C03F01F02002A0CBF01261B
:10AE300000269CD013F0020F31D1A573DFE7464CFA
:10AE40003D2322464549404802F0FAFD3D21204677
:10AE500002F0EDFD404C3E23224641493A4802F0C3
:10AE6000EFFD3E21204602F0E2FD3B4C3623224618
:10AE70003B49354802F0E4FD3621204602F0D7FD7B
:10AE80005A686260236014605C60A6E700288CD179
:10AE90009BE7002389E72F4BD3F80C80A5E7A16837
:10AEA00069B16268236813605A600023236063609D
:10AEB00068B2A0730B68994213D1002311E0294CAA
:10AEC000E32322462849204802F0BAFDE321204628
:10AED00002F0ADFD1A46D1F804C0634513D01B68DB
:10AEE0006BB983B193F90E209042F3D0121A002A65
:10AEF000F0DD5A686260236014605C607FE7002ABE
:10AF0000EFD11346EDE74B68216063601C604C6035
:10AF100075E70B4C40F23D13224614490A4802F0F3
:10AF20008FFD0649124802F08BFD40F23D1120468C
:10AF300002F07DFD3046BDE8F08100BF941C00208A
:10AF4000CC3C0108FC3C010814150108143D010823
:10AF500018060020601C0020F04001081C41010878
:10AF600040410108183C0108443C0108D43D010857
:10AF7000EC3D010810B50446002100F0ADFB094A84
:10AF800093685C676FF00A01996707494B6843F063
:10AF900080534B60002383F31188BFF36F8F936856
:10AFA000986F10BD601C002000ED00E02DE9F84313
:10AFB000EFF305831C1E18BF0124002B41D1064668
:10AFC0000D4651EA00034AD0EFF31187102383F3B3
:10AFD0001288BFF36F8F344800F0E6FA80F001006A
:10AFE00010F0FF0F40D1DFF8C090484600F04AFB58
:10AFF000DFF8B880D8F808002D4B1860FFF7CEF9BD
:10B00000D8F8080032462B462A49183000F0DAFCFE
:10B010000446D8F80820137C43F004031374484610
:10B0200000F0D2FA80F0010010F0FF052BD1384675
:10B03000FFF7A0FF05F063FE241A002C11DC2C465C
:10B040000FE01D4C342322461C491D4802F0F8FC39
:10B050001C4802F0F5FC3421204602F0E8FCFEF723
:10B06000EDFE2046BDE8F883174C8F232246174992
:10B07000134802F0E5FC0C49154802F0E1FC8F2171
:10B08000204602F0D4FC104C4FF4BF732246114905
:10B090000B4802F0D5FC49460F4802F0D1FC4FF4B2
:10B0A000BF71204602F0C3FC941C0020601C0020ED
:10B0B000981C002019AB00088C420108283E0108AA
:10B0C00014150108C83C0108CC3C0108FC3C0108EF
:10B0D000143D0108D43D0108EC3D010838B5EFF3FB
:10B0E0000583ABBB04460D46FFF760FF03462046D1
:10B0F000B5F1FF3F08BFB4F1FF3F28D0DA1713F1D5
:10B10000090042F100030021C2182FD20A44184955
:10B11000A1FB024525F0030404EB9504121B801AE1
:10B1200063F100034FF0CC3200FB02F201FB03227B
:10B13000A0FB01010A44430843EAC27352081846BF
:10B14000B3F1004F72F1000201D36FF0004038BD3F
:10B15000084C5F2322460849084802F071FC084861
:10B1600002F06EFC5F21204602F061FC0121CDE778
:10B17000CDCCCCCC8C420108283E01081415010826
:10B18000C83C0108024B03F118029A61DA6170476A
:10B19000601C002038B5EFF31185102383F312886B
:10B1A000BFF36F8F314800F0FFF980F0010010F01D
:10B1B000FF0F1DD100242D4800F064FA002C53D15C
:10B1C000EFF305831BBB2A4B9A68D37B012B2CD052
:10B1D000013BD373254800F0F7F980F0010010F02F
:10B1E000FF0F30D185F31188BFF36F8F0124E5E79E
:10B1F000204C8F2322462049204802F021FC1B4985
:10B200001F4802F01DFC8F21204602F010FC1D4C4F
:10B210001F2322461C49194802F012FC1B4802F069
:10B220000FFC1F21204602F002FC164C2023224670
:10B230001749124802F004FC144802F001FC2021D6
:10B24000204602F0F4FB0B4C40F23D13224611491C
:10B250000A4802F0F5FB05490F4802F0F1FB40F205
:10B260003D11204602F0E3FB38BD00BF941C0020D6
:10B27000601C0020CC3C0108FC3C010814150108AE
:10B28000143D0108B0420108283E0108C83C0108ED
:10B29000D8420108D43D0108EC3D010810B5EFF398
:10B2A0001184102383F31288BFF36F8F214800F0BD
:10B2B0007BF980F0010010F0FF0F0FD11D4800F066
:10B2C000E1F91D4B9A68D37BBBB1EFF3058111BB4C
:10B2D0000133D3732046FFF723F910BD174C8F239A
:10B2E00022461749174802F0ABFB1249164802F0F4
:10B2F000A7FB8F21204602F09AFB144C2E232246F6
:10B300001349104802F09CFB124802F099FB2E21D1
:10B31000204602F08CFB0D4C2F2322460E49094893
:10B3200002F08EFB0B4802F08BFB2F21204602F02F
:10B330007EFB00BF941C0020601C0020CC3C010858
:10B34000FC3C010814150108143D0108B042010835
:10B350000C430108C83C0108283E0108014B9868CD
:10B36000704700BF601C00202DE9104883B0089C86
:10B37000DDE906BCCDE900BCFFF72CFC1CB1034B9A
:10B380009B685B69236003B0BDE81088601C0020E7
:10B390000346027C12F01F0F10D10B4A90420FD0CF
:10B3A0000A4A106878B1DA897F2A0BD893F90E20FF
:10B3B000074B1B689A4206DA00207047002070474E
:10B3C00000207047002070471806002070030020FE
:10B3D000A01C002070B504460B4B1D7C05EB4503FB
:10B3E0000A4E06EBC306304600F0B8FB1CB9084B0A
:10B3F00000225A5570BD064B5B5DE21AD317054912
:10B40000304600F0DFFAF2E7601C00203808002028
:10B410009C1C002019B40008C0B1124A904215D3F8
:10B4200002F11801884211D2811A0F4AA2FB0102CF
:10B43000120902EB4202B1EBC20F07D1CB100A4A4C
:10B4400002FB03F3094A0121D154704710B5084C9F
:10B45000402322460749084802F0F2FA40212046DC
:10B4600002F0E5FA38080020ABAAAAAA9C1C00202A
:10B4700040430108684301081415010870B5EFF353
:10B480001184102383F31288BFF36F8F3C4800F0C0
:10B490008BF880F0010010F0FF0F26D1384800F043
:10B4A000F1F8384B9D68384B1B68AB422CD0364BBB
:10B4B00000221A60334B1B7C344AD35C43B12846CC
:10B4C000FFF766FF064618B12B7C13F01F0F3CD028
:10B4D0002B4800F079F880F0010010F0FF0F3ED10A
:10B4E00084F31188BFF36F8F70BD294C8F232246E0
:10B4F0002849294802F0A4FA2149284802F0A0FA74
:10B500008F21204602F093FA284605F0ECFB1C48F8
:10B5100000F05AF880F0010010F0FF0F04D184F31E
:10B520001188BFF36F8FDFE7194C40F23D132246BD
:10B530001B49194802F084FA11491A4802F080FAAE
:10B5400040F23D11204602F072FAFEF7D5FC0D4B99
:10B550005B69AB42BCD13046FFF73CFFB8E70C4C0F
:10B5600040F23D1322460E490B4802F069FA0449A5
:10B570000C4802F065FA40F23D11204602F057FAFD
:10B58000941C0020601C0020981C00209C1C0020A3
:10B59000CC3C0108FC3C010814150108143D0108CD
:10B5A000D43D0108EC3D010803683BB103F00303FF
:10B5B000044A127C934203D0012070470120704757
:10B5C00000207047601C002010B5274B1B7C0168D1
:10B5D00000220260254A52F82320824212D0EFF363
:10B5E000058212B3204A9268127C12F0010F1CD01F
:10B5F0001F4951F82320013A41F82320002A06DB95
:10B60000012030E0194A002042F82300E7E7194CF6
:10B61000362322461849194802F012FA184802F057
:10B620000FFA3621204602F002FA0F4A92681A43B6
:10B630008A4217D10E4951F82320013A41F82320BC
:10B64000002A01DB01200EE00A4C3E2322460A4973
:10B650000A4802F0F5F90A4802F0F2F93E212046C4
:10B6600002F0E5F9002010BD601C0020A81C00209D
:10B67000A41C0020144501084445010814150108C4
:10B6800068450108094A137C92681A430260084A17
:10B6900052F8232032B1074951F82320013241F8F2
:10B6A00023207047024A42F82300F4E7601C002080
:10B6B000A81C0020A41C0020044B1B7C044A002171
:10B6C00042F82310034A42F823007047601C002010
:10B6D000A81C0020A41C0020F8B50546324B1B7C9A
:10B6E000324A52F82360324A52F823400F4601B1E1
:10B6F000013C2D4B9B681A7C12F0080F03D05A694D
:10B700002C4B9A4206D0002C0ADBC6B944BB002D54
:10B7100035D1F8BD381E18BF0120FFF7CDFFF6E781
:10B72000254C952322462549254802F089F93946BA
:10B73000244802F085F99521204602F078F9B742B5
:10B74000E4D01D4C982322461F491D4802F078F989
:10B7500031461E4802F074F99821204602F067F93C
:10B76000154D9E232A461A49154802F069F92146CB
:10B77000184802F065F99E21284602F058F90A4B54
:10B780009B681B7C13F0090FC3D10B4CA9232246E5
:10B7900011490B4802F054F9104802F051F9A9215F
:10B7A000204602F044F900BF601C0020A81C0020C5
:10B7B000A41C0020585501081445010890450108B3
:10B7C000141501089C450108D845010804460108E4
:10B7D000344601084046010878460108E44601085D
:10B7E00030B4C0E90223214A1368934217D10023E1
:10B7F00015E0A41A65EB01059C60DD605A684260A3
:10B80000036010605860194A1368934204D098424C
:10B8100014BF0020012025E00023F8E70023A3B196
:10B820009C68DD688268C168A24271EB050CE0DBB0
:10B83000121B61EB05018260C160002BEFD00B4A47
:10B8400052689342EAD01B68E9E7084A51680260EF
:10B850004160086050601168914205D0884214BF71
:10B860000020012030BC70471946F7E77403002020
:10B8700030B40346114A106890421CD0834214BF72
:10B880000020012073B10D4A52689A420AD01A680A
:10B8900042B19168DC689D684919D56845EB04049C
:10B8A0009160D46059681A680A60516000221A6079
:10B8B0005A6030BC70470020E0E700BF74030020EE
:10B8C0000B4A1368934209D05BB19868DB686FF04C
:10B8D0000042904273F1000306DA70476FF00040B7
:10B8E00070476FF0004070476FF00040704700BF36
:10B8F00074030020064A1368934207D033B19A6854
:10B90000D968121A61EBE0719A60D960704700BF84
:10B91000740300200A4B186898420CD070B18368F9
:10B92000C268134309D14268036813605A60002358
:10B93000036043607047002070470020704700BFDD
:10B9400074030020184A1368934216D0CBB19A684A
:10B95000DB686FF00041884221D2B3F1FF3F08BF9E
:10B96000B2F1FF3F11D06FF000418A4273F1000342
:10B970000DDA904215D2101A70474FF0FF3213467D
:10B98000E7E74FF0FF321346E3E7081A7047C0F1CC
:10B99000FF4000F5FF0000F5FF407E3070470020BB
:10B9A00070470020704700BF7403002008B5044BA7
:10B9B0001B680BB9002008BDFCF716FAFBE700BFB7
:10B9C0007C0300202DE9F84FB3F1FF3F08BFB2F12F
:10B9D000FF3F1CD0804691461D460368EBB90161CC
:10B9E0004FF0000BEFF3118A102383F31288BFF39B
:10B9F0006F8F4E48FFF7D8FD80F0010010F0FF0F69
:10BA000019D14A48FFF73EFE0024274652E00024A1
:10BA1000274620463946BDE8F88F454CB8232246D4
:10BA20004449454802F00CF8444802F009F8B821AE
:10BA3000204601F0FCFF424C8F23224641493E48FC
:10BA400001F0FEFF3949404801F0FAFF8F212046FE
:10BA500001F0EDFFFFF7AAFF0646021945F10003CA
:10BA60003A490968003918BF0121521843F100030F
:10BA700037490C684F68141943EB07074FF0010B67
:10BA800001E04FF0000B4046FFF7AAFE20B12F4B1C
:10BA90001B68B3F1FF3F2AD02448FFF795FD80F0E3
:10BAA000010010F0FF0F30D18AF31188BFF36F8FC0
:10BAB0004FF0010BBBF1000FABD14C462F46002DD0
:10BAC000C8DA234A13685168E31841EB05016FF0A7
:10BAD0000100C01A4FF0FF3363EB010102460B4631
:10BAE000012871F10001CCDA01220023C9E7BBF182
:10BAF000000F06D03046FFF725FF0021FCF7D0F8F5
:10BB0000CAE7FFF753FF0646F4E70D4C40F23D133A
:10BB100022461049084801F093FF04490E4801F0FD
:10BB20008FFF40F23D11204601F081FFB41C002040
:10BB30000C4701083047010814150108C83C0108EA
:10BB4000CC3C0108FC3C0108143D01087C030020AA
:10BB500050080020D43D0108EC3D01082DE9F041DA
:10BB60000546EFF31186102383F31288BFF36F8F1E
:10BB70002E48FFF719FD80F0010010F0FF0F06D1ED
:10BB800000242A48FFF77EFD6FF0150729E0284CB6
:10BB90008F2322462749284801F052FF234927488E
:10BBA00001F04EFF8F21204601F041FFFFF7FEFE1E
:10BBB000FFF7C8FE0021FCF773F84746204B1B68CF
:10BBC00023F00102954218D01848FFF7FDFC80F0E1
:10BBD000010010F0FF0F15D186F31188BFF36F8FAE
:10BBE0000124A046FCB92B68002BE7D02846FFF7BC
:10BBF0003FFE0028DAD12746E0E743F00103104A70
:10BC00001360E1E70A4C40F23D1322460D490A4811
:10BC100001F016FF05490C4801F012FF40F23D11FA
:10BC2000204601F004FF3846BDE8F081B41C002036
:10BC3000CC3C0108FC3C010814150108143D010826
:10BC4000AC1C0020D43D0108EC3D0108F8B50546C8
:10BC5000EFF31186102383F31288BFF36F8F23480D
:10BC6000FFF7A2FC80F0010010F0FF0F1CD10027AD
:10BC70001E48FFF707FD0024002F35D145F00103D2
:10BC80001B4A14689C4214BF002401241748FFF784
:10BC90009BFC80F0010010F0FF0F14D186F3118897
:10BCA000BFF36F8F0127E7E7124C8F23224612491B
:10BCB000124801F0C5FE0D49114801F0C1FE8F2167
:10BCC000204601F0B4FE0B4C40F23D1322460D49D4
:10BCD0000A4801F0B5FE05490B4801F0B1FE40F2FB
:10BCE0003D11204601F0A3FE2046F8BDB41C002003
:10BCF000AC1C0020CC3C0108FC3C010814150108D8
:10BD0000143D0108D43D0108EC3D010870B50C4616
:10BD1000494B1860494B00221A60474B1E68002EA1
:10BD200060D0FFF7CDFD0546B04200D93546284624
:10BD3000FFF7E0FD424A136851685B1941EBE5717A
:10BD4000136051603C4A13685B1B1360FFF7E2FD10
:10BD500005460028E1D02E693A4B1D603A48FFF7AE
:10BD600033FC80F0010010F0FF0F1BD184F3118829
:10BD7000BFF36F8F2846B047EFF31184102383F38E
:10BD80001288BFF36F8F3048FFF70EFC80F0010080
:10BD900010F0FF0F17D12C48FFF774FC294B00223D
:10BDA0001A60D3E7294C40F23D132246284929481E
:10BDB00001F046FE2449284801F042FE40F23D11C0
:10BDC000204601F034FE214C8F232246234921488E
:10BDD00001F036FE1C49224801F032FE8F21204638
:10BDE00001F025FE154B4FF0FF321A600020FFF7DF
:10BDF000A9FD0021FBF754FF1348FFF7E5FB80F096
:10BE0000010313F0FF0F06D184F31188BFF36F8F86
:10BE1000FFF734FB70BD0D4C40F23D1322460C4938
:10BE20000C4801F00DFE08490B4801F009FE40F2F4
:10BE30003D11204601F0FBFDB01C00207C030020DA
:10BE400050080020AC1C0020B41C0020CC3C010891
:10BE5000D43D010814150108EC3D0108FC3C010823
:10BE6000143D010810B5EFF31184102383F31288F9
:10BE7000BFF36F8F0D48FFF797FB80F0010010F0C4
:10BE8000FF0F04D10948FFF7FDFB204610BD084C09
:10BE90008F2322460749084801F0D2FD034907488D
:10BEA00001F0CEFD8F21204601F0C1FDB41C002021
:10BEB000CC3C0108FC3C010814150108143D0108A4
:10BEC000F8B5EFF31186102383F31288BFF36F8F59
:10BED0002448FFF769FB80F0010010F0FF0F1DD12F
:10BEE00000272048FFF7CEFB00242546002F35D140
:10BEF000FFF75CFD1C4A14685568041945F10005FC
:10BF00001848FFF761FB80F0010010F0FF0F14D11B
:10BF100086F31188BFF36F8F0127E7E7134C8F2358
:10BF200022461349134801F08BFD0E49124801F0D7
:10BF300087FD8F21204601F07AFD0C4C40F23D1325
:10BF400022460E490B4801F07BFD06490C4801F0E2
:10BF500077FD40F23D11204601F069FD204629465B
:10BF6000F8BD00BFB41C002050080020CC3C0108E4
:10BF7000FC3C010814150108143D0108D43D0108DA
:10BF8000EC3D01082DE9F84F01F1FF3919EA010FE5
:10BF900035D106460D461F460023141D3DD2002B09
:10BFA00070D145F0040B06F11408EFF3118A102349
:10BFB00083F31288BFF36F8F4046FFF7F5FA80F0E6
:10BFC000010010F0FF0F2AD14046FFF75BFB22462D
:10BFD00059463046B84704464046FFF7F5FA80F028
:10BFE000010010F0FF0F29D18AF31188BFF36F8F82
:10BFF00014B144F8046B95BB2046BDE8F88F224C81
:10C00000182322462149224801F01AFD214801F057
:10C0100017FD1821204601F00AFD0123BFE71E4C41
:10C020008F2322461D491A4801F00AFD41461C484B
:10C0300001F006FD8F21204601F0F9FC164C40F27C
:10C040003D1322461749124801F0FAFC41461648B2
:10C0500001F0F6FC40F23D11204601F0E8FC14EA44
:10C06000090FC9D0084E352332461049084801F05F
:10C07000E7FC2A4621460E4801F0E2FC3521304615
:10C0800001F0D5FC0024B7E74C470108F818010877
:10C090001415010814190108CC3C0108FC3C0108E6
:10C0A000143D0108D43D0108EC3D0108704701082A
:10C0B000A447010808B50246024B00210248FFF7D9
:10C0C00061FF08BD05DA0008A8030020014BC36624
:10C0D000704700BFA803002010B50F4C0F4B9C42C7
:10C0E00009D80E4B9C4214D2A2686168204604F025
:10C0F0000EFE1834F2E70A4C2523224609490A4865
:10C1000001F09EFC094801F09BFC2521204601F02E
:10C110008EFC002010BD00BFA8030020C00300203B
:10C12000CC470108F047010814150108C026010892
:10C1300070B586074FD08418844604E003F8011BCD
:10C140009D0704D09C4664456346F7D170BD013A13
:10C150000244A2EB0C02032A2FD9CCB204EB042434
:10C160000F2A04EB044438D9A2F110063509013531
:10C170009C464FF0000E0EF1010EAE45CCE9004496
:10C18000CCE902440CF1100CF5D326F00F06103365
:10C1900012F00C0F334402F00F051AD02A1F032AA5
:10C1A0001C6005D9A5F10802032A5C6088BF9C6069
:10C1B00005F0030225F003052B44541E002AC5D0C8
:10C1C000C9B21970002CC1D0012C597018BF9970D8
:10C1D00070BD2A46F1E70346BDE71546DEE700BF1E
:10C1E00071B1034601EB000C01E0634506D01A462D
:10C1F000013311780029F8D1101A7047181A7047C6
:10C20000084670470CB430B58BB00D46202204466A
:10C21000002102A8FFF78CFF134B03930222002D8D
:10C220008DF80A2006941DDB10D0013D2C440FAA86
:10C230000E99019202A8079400F096F8069B00223E
:10C240001A700BB0BDE8304002B070470FAA0E99CB
:10C25000079402A8019200F087F80BB0BDE83040C7
:10C2600002B070470024E2E7E9CE000870B503F0A1
:10C270001F05082D84468E4665D0C3F13703102D67
:10C28000DCB2104644D04FEA9C034FEA5C0243EA1A
:10C290008E7342EACE729A184FEA5E0141EB9E011C
:10C2A000130943EA01739A1841EB1111130A43EA87
:10C2B00001639A1841EB1121130C43EA01439B18C7
:10C2C00041EB1141CB185FFA8CF241F100014FEACA
:10C2D000D30C4CEA417C0CEB8C03A2EB4303DBB2A6
:10C2E000A3F10A02D2B2A518092B03F130064FEAD6
:10C2F000D10E05F1300520D91CF1010C4EF1000ED4
:10C30000092A9ABF263300F8013B00F8015BBAE71F
:10C310000CF00F03092B88BF1B194FEA1C1242EACD
:10C320000E724FEA1E1188BFDBB2944630330A43C7
:10C3300000F8013B8E46EBD170BD5CEA0E0300F8BD
:10C34000016BA0D170BD10460CF007034FEADC0C66
:10C350004CEA4E7C30334FEADE0E00F8013B5CEADB
:10C360000E03F1D170BD00BF2DE9F04F8378D0F8F6
:10C3700004909F078BB040F132810B46804613F842
:10C38000010B0C46002800F0D883002500920DE038
:10C390001C464146C847002805F10105C0F2198135
:10C3A000234613F8010B002800F01B812528EFD14C
:10C3B0006678252E04F10204EBD04FF0000BDA462C
:10C3C0005F461F2F5DD97F2F00F28A80A6F13003D0
:10C3D000092B11D87E0600F1328114F8016B0AEBAB
:10C3E0008A0A03EB4A0A47F02007A6F13003002E21
:10C3F00000F0E180092BF0D92A2E00F00E812E2EBC
:10C4000000F0C381A6F14C032E2B00F22581DFE85A
:10C4100013F06100230123012301230123012301E0
:10C4200023012301230123012301230123012301EC
:10C4300023012301230123012301230123012301DC
:10C440002301230123012301230151012301610061
:10C4500023015D0123012301230123012301230182
:10C460002301CD0023012301230123012301CD005A
:10C4700047F0020714F8016B47F00407002E00F0A4
:10C480009A80A6F12003102BA0D801A252F823F025
:10C4900075C40008CDC30008CDC30008EBC5000873
:10C4A000CDC30008CDC30008CDC30008ADC500084A
:10C4B000CDC30008CDC30008CDC3000871C4000877
:10C4C000CDC300080BC60008CDC30008CDC30008CB
:10C4D000FBC5000814F8016B47F42077002E6AD0E2
:10C4E000A6F14C032E2B00F2B78001A252F823F0E4
:10C4F000D5C4000859C6000859C6000859C6000826
:10C5000059C6000859C6000859C6000859C600088F
:10C5100059C6000859C6000859C6000859C600087F
:10C5200059C6000859C6000859C6000859C600086F
:10C5300059C6000859C6000859C6000859C600085F
:10C5400059C6000859C6000859C6000859C600084F
:10C5500059C6000859C6000859C6000859C600083F
:10C56000ADC6000859C60008D5C4000859C6000861
:10C57000C5C6000859C6000859C6000859C60008B3
:10C5800059C6000859C6000859C6000859C600080F
:10C59000A1C7000859C6000859C6000859C60008B6
:10C5A00059C6000859C60008A1C7000814F8016B55
:10C5B000002E7FF406AF002641462520C8470028FC
:10C5C00007DB30464146C847002805F10205BFF6A3
:10C5D000E7AE98F8023043F0040388F802304FF0D9
:10C5E000FF3528460BB0BDE8F08F14F8016B47F01B
:10C5F0001007002E7FF445AFDDE714F8016B47F01C
:10C600000107002E7FF43DAFD5E714F8016B47F02A
:10C610000807002E7FF435AFCDE70099780651F872
:10C62000042B40F1C38014F8016B002E00F05D82F2
:10C63000A6F13003092B009193463FF6DDAE14F8C6
:10C64000016B0BEB8B0B03EB4B0B002EB3D0A6F166
:10C650003003092BF3D9CFE646F02003BBF1000FDE
:10C66000A3F1650204DA27F04007BFB24FF0000BD8
:10C67000022A33D9612B31D0A6F16302122A00F2CB
:10C68000FC81DFE812F02E01A500FA01FA01FA019F
:10C69000FA01A500FA01FA01FA01FA01FA01F00122
:10C6A0004E01FA01FA013801FA01EF00FE0548BF18
:10C6B00047F4007714F8016B47F48077002E7FF47D
:10C6C0000FAF78E73B0648BF47F4007714F8016BDB
:10C6D00047F08007002E7FF403AF6CE7009B03F167
:10C6E000070B2BF0070B0BF108030093BA4B4FF02D
:10C6F000070B3807514618D4D34516D24E461F466D
:10C70000D14602E0834508D2824641462020B04708
:10C7100000280AF1FF30F5DA5BE7494601350D44A0
:10C720003B46B146A5EB0A0501461E4603EB0B0747
:10C7300001944C4699462B468A4635461E4605E0EE
:10C7400015F8010BA0470028FFF643AFBD42414654
:10C75000F6D14B463246A1462E46D31A019C1E44C2
:10C76000AAEB0B0A3546B2444E4605E0B047002816
:10C7700005F10105FFF62DAFAAEB0503002B41469D
:10C780004FF02000F2DCB1460AE67A063FF529AF09
:10C7900014F8016B47F04007002E7FF458AF0AE70A
:10C7A00014F8016B002E7FF40EAE04E7002AC0F2ED
:10C7B000228114F8016B47F02007002E00F09581CC
:10C7C000A6F13003092B009192467FF606AE13E6E0
:10C7D0003A06009B00F13B811A46F90552F8043BEA
:10C7E000019200F1FD811846DB1727F010018AB293
:10C7F000002B0092C0F2868150EA030140F05E8275
:10C800007B0640F1D581BBF1000F40F0168227F086
:10C810001107BBB2009359465B46DDF800C040F2F9
:10C8200006470CF008001CEA070F024600F06D8274
:10C830000131002800F0C781AAEB010A0293009B96
:10C8400013F0020F14BF2B20202013F4806F18BFA9
:10C850002D204146C8470028029B05F1010680F2C1
:10C86000B180B6E627F01007BFB20A2317F08002A6
:10C870005CD017F40071009A00F0CC80073222F0EF
:10C880000702516852F8080B019207F0400C50EA79
:10C890000102CDF800C06CD16246002A54D0BBF131
:10C8A000000F40F0BB803B0740F1D1815B4604AAFA
:10C8B000D618234637464C469346994605E017F866
:10C8C000010DA0470028FFF684AEBB454146F6D1D6
:10C8D0004B465A46A1462E441C46019B0093B61A6D
:10C8E00040E7009A52F8043B8DF810304FF0010BEE
:10C8F000009204ABFDE6009E384A56F8043B002B3C
:10C9000008BF134617F0400F18BF5946184608BF16
:10C910004FF0FF310193FFF763FC019B00968346C4
:10C92000E7E647F01007102378269FE7009951F8B3
:10C93000040B019117F48071A7D017F400711ABF8E
:10C94000C0B2114680B2A0E727F01607BAB2009233
:10C95000002004AA00210292FFF788FC029A831AA1
:10C96000009911F0080100F09080AAEB030A2E460E
:10C9700028E004AA0292FFF779FC029A0099831A30
:10C98000002973D027F0070189B25B450091C0F2FE
:10C99000D680F90640F13F81009A02F00802002E8D
:10C9A00040F0A980591C002A00F02381AAEB010A5B
:10C9B000302041460093C8470028009B05F101063E
:10C9C000FFF607AE9B4540F37E810BEB06054F4615
:10C9D000ED1A994607E000BF144801080C48010809
:10C9E000AE4200F0848041463020B847002806F16E
:10C9F0000106F5DAEDE514F8016BC2F1000A47F023
:10CA00002807002E71D0A6F13003092B00917FF684
:10CA1000E4ACF1E452F8040B019236E704AA0021D9
:10CA200000200092FFF722FC009A27F01701831ADA
:10CA300089B29B45009140F3EE80002E40F02781A3
:10CA4000390740F18680AAEB0B0A2E46BDE7B805F0
:10CA500040F1DA80073323F007031A465B6852F887
:10CA6000080B0192C1E608230026FFE627F0060125
:10CA700089B20091F9068FD472E7782B7FF49CADD0
:10CA8000C6F1780343F01003F0E60098C00740F1C8
:10CA900021819A45AAEB030025DD03EB000B002959
:10CAA00000F020814FF0000A414630200093C84733
:10CAB0000028FFF68EAD009B002E00F0AA803046C5
:10CAC00041460093C8470028009B05F10206BFF6C7
:10CAD00079AF7EE50098C70740F10E81D345AAEBF8
:10CAE0000B00DADB04AA8246E2E6009163E54B46DE
:10CAF00004AAB946DCE6991C002A00F09180AAEB52
:10CB0000010AD1E7404263EB430142F480630093A2
:10CB100004AA0A230292FFF7A9FB029A831A009A39
:10CB2000500640F1C480009A22F0010292B29B4567
:10CB300059460092B8BF19466FE6054651E5002EEA
:10CB400040F0908038073FF57EAF27F01707BAB264
:10CB50000092594600268A4540F3D380CDE902343D
:10CB60002B464C460D4689461F4602E0524508DAE0
:10CB7000154641462020A047002805F10102F5DABC
:10CB800027E538462F4605464946AAEB020A0135F5
:10CB9000009A6D1A3D44D706A146DDE9023483D4DC
:10CBA000114640F2064211427FF448AE2E4609E794
:10CBB00004AA0A23002100200292FFF757FB029AE1
:10CBC000811A0B4629E65FEACC77604632D58A4562
:10CBD000AAEB01006DDD03EB000B104682462DE64B
:10CBE000BA054BBF58B218B243F3C01343F3C03376
:10CBF000FBE5009AD00756D55145AAEB01025FDA52
:10CC000003EB020BB2464FE753F8040B0193C31733
:10CC1000EBE56E1CD6E639076CD5AAEB030A47E6AE
:10CC2000009AD20752D55145AAEB010044DB824657
:10CC30009B4639E78A4591DCFEE504AA0A230020D9
:10CC400000210292FFF712FB029A831A6BE7BAF1F6
:10CC5000000F7FF72BAE27F01707BBB200935946A2
:10CC60005B467BE7FA0640D538070BF102013FF53A
:10CC700046AF8A453FF772AFAAEB010A3020414622
:10CC80000093C8470028009BBFF619AFA1E45A469D
:10CC900001F0080081B200283FF41CAFAAEB0B0A98
:10CCA0002E4693468EE65145FFF658AF7EE619466E
:10CCB000B3E59B468246C1E51021EEE6194627E71B
:10CCC00092469B46F0E6354604AAF1E55145FFF64B
:10CCD00045AF14E79A45D8BFAAEB030A7FF766AFC2
:10CCE00019463BE72E468A466CE600995A4601F003
:10CCF0000800CFE719462EE7D34509DA594693468F
:10CD00002CE7AAEB010A2E465CE65A468B46C1E7A1
:10CD1000AAEB0B0A2E46934654E600BF2DE9F843D2
:10CD2000654B8B4306460F460C4600F0A780002952
:10CD3000034651DD09155FD0C4F31302A1F2FF369B
:10CD4000C90742F4801203D4520002EBD3725B0095
:10CD50005200002502EBD37276105B001624AC461D
:10CD60004FF400110CEB010090424FEAD37EA2EB8E
:10CD7000000867DC013C00EB010C0D440EEB48029F
:10CD80004FEA43034FEA5101ECD100272024B84673
:10CD90004FF000400AE05ED0510001EBD371013C3E
:10CDA0000A464FEA43034FEA50003AD0624500EB8F
:10CDB000080EF0DDBEF1000F0EEB00082BDBE146A4
:10CDC000A2EB0C019E4588BF01F1FF314900CC4622
:10CDD000A3EB0E030744E0E721F0004202432FD00B
:10CDE000002961D1DA0A21465B05153C002AF9D0F9
:10CDF000D6025DD42146144600226400E5021046A6
:10CE000002F10102F9D5091AC2F1200023FA00F05B
:10CE10000443934090E7B8F1000FD0DB0CF1010917
:10CE2000CEE7194302D07B1C32D001377C086B104F
:10CE300003F17F5303F5001303EB065144EAC57079
:10CE4000BDE8F883013C0EEB42024FEA43034FEA90
:10CE5000510187D199E79E4502D94FEA4C019CE7E1
:10CE6000BEF1000F0EEB000801DB0021B0E7B8F1C6
:10CE7000000FFADB0CF1010C0021A9E7002909DB06
:10CE800032463B4630463946F3F7FAFABDE8F883B6
:10CE90000135CCE700F012F80028F1D130463946D0
:10CEA000BDE8F84300F018B8BDE8F84300F014B846
:10CEB0001439144640E700BF0000F07F02464342A9
:10CEC000134321F0004040EAD370C0F1FF4000F569
:10CED000E000C00F704700BF08B5FFF7EFFF014942
:10CEE000002008BD0000F87FD1E90432934202D04F
:10CEF0005A1C0A6118707047704790F824301BB9AB
:10CF0000C2690AB101207047012B01D0002070478F
:10CF1000036A0BB1012070470020704770B50446CA
:10CF2000F5F716F894F8243093B9E56985B1F4F76C
:10CF3000CBF800280ADD2B6803442B60E36A4BB171
:10CF4000E26911688B4205DA136003E00120F2E721
:10CF5000012B00D070BD256A002DFBD0014628684A
:10CF6000F3F734FF2860E06A0028F3D0256A2E68C2
:10CF7000F3F7E0FF044601463046F4F79BF800283B
:10CF8000E8D02C60E6E770B50446F4F7E1FF94F8CA
:10CF9000243093B9E56985B1F4F796F800280ADDE5
:10CFA0002B681B1A2B60A36A4BB1E26911688B4294
:10CFB00005DD136003E00120F2E7012B00D070BD16
:10CFC000256A002DFBD001462868F3F7FDFE286096
:10CFD000A06A0028F3D0256A2E68F3F7ABFF044659
:10CFE00001463046F4F748F80028E8D02C60E6E720
:10CFF0000369002002E00130C0B25B69002BFAD166
:10D000007047034648B190F8242022B9C16911B194
:10D01000036B0B607047012A00D070471A6A002A20
:10D02000FBD05B6B1360F8E710B5037B0BB9AA2943
:10D030000FD0012B17D0022B21D0032B2BD0042B88
:10D0400034D0052B43D0062B4BD000230373184656
:10D0500020E001220273837343738468246882731F
:10D060002170184616E0FF29E5D102230373836877
:10D070001A68837B5C1C8473D15400200AE003236C
:10D08000037383681A68837B03F1010C80F80EC078
:10D09000D154002010BD0423037383681A68837B76
:10D0A0005C1C8473D15441730020F3E7427B002A57
:10D0B000C7D0013A427383681A68837B5C1C84730F
:10D0C000D154437BEBB9052303730020E2E7062329
:10D0D000037383681A68837B5C1C8473D1540020BB
:10D0E000D8E70023037383681A68837B5C1C84730E
:10D0F000D15483689A681268817B18689047012030
:10D10000C8E70020C6E7F0B593B005460C460026F8
:10D110008DF8476001AF402231463846FFF708F8E6
:10D1200001238DF84730AA238DF804306B68022262
:10D130008DF8472004EB440213F812308DF80530C7
:10D1400003238DF847308DF8064004238DF84730CF
:10D15000AB689B685B683A460DF1470120469847EB
:10D160009DF847E0AEF104038DF8073033463246B0
:10D1700030460BE003F14801694411F844CC844483
:10D180005FFA8CF00244D2B20133DBB29E45F1D893
:10D190000EF10103DBB28DF847300EF1480169440E
:10D1A00001F8440C0EF1020E5FFA8EF18DF8471073
:10D1B00048336B4403F8442C6B6893F800660EB157
:10D1C000E02C07D0AB689B689B6801A898470020BB
:10D1D00013B0F0BD83F80E466B6883F80F066B68DA
:10D1E00083F81026EEE7436808684A68C3F8030628
:10D1F000C3F8072608898A7AA3F80B0683F80D2658
:10D20000002070474368B1F800C08A78A3F80EC6C2
:10D2100083F81026436801225A70002070470346A5
:10D22000426802F2146203C982E803005B680122CB
:10D2300083F84D25002070474368B3F80E2693F815
:10D2400010360A808B70002070474368D3F80306BD
:10D25000D3F8072608604A60B3F80B2693F80D361A
:10D260000A818B72002070470A46436803F21463F8
:10D2700093E8030082E8030000207047436801EB55
:10D28000410103EB410301225A700020704708B5A9
:10D29000436801EB410203EB420252887AB101EB91
:10D2A000410C03EB4C0CBCF804C0624510D901EBF7
:10D2B000410203EB42030CF1010CA3F804C04268E5
:10D2C00001EB410302EB43035B7873B9002008BD17
:10D2D00001EB410203EB420301229A80436801EB18
:10D2E000410C03EB4C035A70E9E701EB410302EBFD
:10D2F000430200235370FFF706FFE7E7436893F804
:10D300000026012A01D00020704793F80226312A16
:10D3100003D8013283F80226F5E7002283F80226BB
:10D32000426892F80136013382F80136436893F877
:10D3300001261AB9012283F84125E4E7002283F887
:10D340000126436883F80026DDE700B5436801EB5A
:10D35000410C4FF0FF0E03F81CE0436803EB4C0355
:10D360005A80436803EB4C03002098805DF804FB6F
:10D370004368002083F80006704770B590B00646F9
:10D38000402200216846FEF7D3FE0AE004F1400384
:10D390006B4413F8401C3046FFF746FE0134AC42A4
:10D3A000F4D3B3685B6840226946186800F003F95B
:10D3B000054608B10024F2E710B070BD30B108B5E1
:10D3C000026832B152683AB1904708BD6FF015005B
:10D3D00070476FF01500F8E76FF01500F5E740B102
:10D3E0000346006840B110B5C46844B11846A04770
:10D3F00010BD6FF0150070476FF0150070476FF0AB
:10D400001500F5E730B108B5026832B112693AB1DA
:10D41000904708BD6FF0150070476FF01500F8E7F2
:10D420006FF01500F5E730B108B5026832B19269C6
:10D430003AB1904708BD6FF0150070476FF01500C6
:10D44000F8E76FF01500F5E730B108B5026832B1C2
:10D45000526A3AB1904708BD6FF0150070476FF0FF
:10D460001500F8E76FF01500F5E730B108B5026870
:10D4700032B1926A3AB1904708BD6FF0150070471B
:10D480006FF01500F8E76FF01500F5E730B108B55B
:10D49000026832B1D26A3AB1904708BD6FF0150008
:10D4A00070476FF01500F8E76FF01500F5E730B141
:10D4B00010B50346006804681846A04710BD6FF019
:10D4C0001500704720B108B502685268904708BD42
:10D4D0006FF01500704708B54368186818B1F5F784
:10D4E0008FFA002008BD6FF01200FBE738B54368E3
:10D4F0001B68A3B104461546A1B1B2B1C06800F0E3
:10D500005FF8A84214D3237C0BB1002038BD01235F
:10D51000237463681868F5F7B3FA0020F6E76FF034
:10D520001500F3E76FF01500F0E76FF01500EDE779
:10D530006FF00A00EAE730B583B004460D46F5F710
:10D54000DFFA2046F5F71CFB38B92046F5F7DEFB7D
:10D5500030B300238DF807301AE001220DF10701E6
:10D56000E86800F028F8012805D02046F5F78EFB82
:10D5700000232B74E9E701220DF107012046F5F79E
:10D5800043FBE2E701220DF10701A86800F018F85B
:10D5900001220DF107012046F5F7FCFB0028F1DC24
:10D5A00003B030BD08B58C46114640F8043B6246D6
:10D5B000F5F7D8FC08BD08B50430F5F78FFF08BDB6
:10D5C00008B50430F5F756FF08BD2DE9F04790B0D7
:10D5D0008246CDE90A23D0E90834CDE902341A465F
:10D5E0002346DDE91801F2F749FFDAE90645DDE9EE
:10D5F0001A23F3F7FBF802460B4620462946F2F7BA
:10D600003FFF03460C46CDE90034CAE90634DAE9A7
:10D610000A89DAE910120C461546DDE91A23CDE92C
:10D62000044520462946F3F7E1F802460B46CDE9CA
:10D630000623DAE90C6732463B46F2F71FFFDAE9C8
:10D640000E4522462B46F2F719FFDAE90023F2F7DE
:10D6500017FFDDE91A23F3F7C9F802460B464046E7
:10D660004946F2F70DFF80468946CAE90A89DDE995
:10D67000062330463946F2F701FF0A460146CDE956
:10D680000812CAE90C12DDE9062320462946F2F702
:10D69000F5FE05460E46CDE90656CAE90E56DDE909
:10D6A0001A23DAE90201F3F7A1F802460B46DDE995
:10D6B0000401F2F7E5FE04460D46CDE90445CAE94A
:10D6C0001045DAE9042340464946F2F7D9FE0246FE
:10D6D0000B4640464946F3F7B3F904460D46CDE9FB
:10D6E0000C45CDE90E45DDE90023DDE90A01F2F73D
:10D6F000C5FE02460B4620462946F3F777F8064654
:10D700000F4602460B46DDE90001F2F7B9FE02467C
:10D710000B46CDE90023CAE9062332463B46DDE944
:10D720000201F2F7ADFECAE9080122462B46404647
:10D730004946F3F75BF806460F4602460B4640465D
:10D740004946F2F79BFECAE90A0122462B46DDE96B
:10D75000088940464946F3F749F804460D46024613
:10D760000B4640464946F2F789FECAE90C013246AB
:10D770003B46DDE90601F2F781FECAE90E012246C9
:10D780002B46DDE90401F2F779FECAE91001DDE973
:10D79000000110B0BDE8F087C900043108447047AB
:10D7A00010B5034600EBC10CBCF80640A1421DD0E9
:10D7B000C8001844B0F804E04FEACE0C0CF1060C97
:10D7C00033F80C0081421CD0002181F31188BFF393
:10D7D0006F8F0421084602DF111D43F8214023F812
:10D7E0000C40E200043223F802E010BDC1680120C1
:10D7F000904021EA0001D9600432002143F8221050
:10D80000F3E703EBC40080888142DDD1E4E730B563
:10D810000346101D53F8204074B9D8680124944081
:10D820002043D860043243F82210CA00101D89B288
:10D8300019520632995230BDE200043233F802E048
:10D840004FEACE0C0CF1060C33F80C00844207D0E2
:10D85000002080F31188BFF36F8F0425284602DF74
:10D86000C800051D23F805E006301C5289B223F8D4
:10D870000C109952DFE700EBC1035B8813F0010F36
:10D8800006D101EB530330F833209B1A994208D09C
:10D89000002383F31188BFF36F8F0423184602DF40
:10D8A000704730F83130CB1A00EBC300428803EBED
:10D8B00052039942ECD1F3E700B5CB00023330F8C4
:10D8C00003E0A2EB010C891A01EB5E011FFA8CFC4C
:10D8D0004FEA4C0E20F803E0D300023389B24FEA3E
:10D8E000410E20F803E020F832C0C35A02EB530285
:10D8F00020F832105DF804FB08B500EBC1035A882C
:10D900005208B2FA82F2C2F11F02FFF780FF08BD8F
:10D91000F8B50446B1FA81F3C3F1230250F822703E
:10D92000B7B1C3F11F060320321D54F82250EA009C
:10D9300004EBC50CBCF802C0B1EB5C0F12D9224459
:10D94000D288351D44F82520013801D09742EBD10B
:10D95000E568C3F12002012393405B421D400CD1D6
:10D960002846F8BD002229462046FFF784FF3246AC
:10D9700029462046FFF714FFF2E795FAA5F6B6FA16
:10D9800086F6331D54F82350002229462046FFF71F
:10D9900072FF324629462046FFF702FFE0E7F8B55E
:10D9A000056859B301F007040B34E40804EBD10413
:10D9B000AB689C4228BF1C4621462846FFF7A8FFBB
:10D9C0000746E8B1C60005EBC0035B88B4EB530F14
:10D9D00009D3AB195A8842F001025A8039462846C9
:10D9E000FFF7DAFEF8BD0444224601462846FFF759
:10D9F00063FF21462846FFF77FFFEAE70020F1E7B3
:10DA00000020EFE708B51146FFF7C9FF08BD002069
:10DA100070470FB400B583B004A951F8040B01910D
:10DA2000F5F710FD03B05DF804EB04B07047002378
:10DA300083F31188BFF36F8F0423184602DF70470A
:10DA40000FB400B583B004A951F8040B0191F5F7A8
:10DA5000F9FC03B05DF804EB04B0704710B58646DE
:10DA6000B1F800C08888ACEB000C1FFA8CFCDEF823
:10DA70001040A4450ED2A4B2A4EB0C0080B2984290
:10DA800028BF1846DEF80030634413600B88034457
:10DA90000B8010BDACEB040C1FFA8CFCEBE708B557
:10DAA000B0F804E08389AEEB030E1FFA8EFE036923
:10DAB000A3EB0E03934228BF13460A46011DFFF74E
:10DAC000CDFF08BD10B50C46B0F806E0014631F8B0
:10DAD0000A3FAEEB030C1FFA8CF3934228BF1346A8
:10DAE0002246FFF7BBFF10BD30B40C884B88E41A08
:10DAF000A4B294422CBF0024012494B91A4492B2D7
:10DB00004A800A808B88D21A92B20569AA4234BF31
:10DB10000020012008B930BC70472B448B80204680
:10DB2000F9E76FF01500F6E7704738B505460C4683
:10DB30000321A047002806DB01212846A047002832
:10DB400000DB002038BD10F1860FFBD1F4E710B4E4
:10DB5000046A91FAA1F39BB1B3FA83F39B004FF0EF
:10DB60000F0C0CFA03F324EA030391FAA1F149B173
:10DB7000B1FA81F189008A401343036210BC7047F7
:10DB80002023EBE72021F5E710B4446A090A91FA53
:10DB9000A1F39BB1B3FA83F39B004FF00F0C0CFA87
:10DBA00003F324EA030491FAA1F149B1B1FA81F136
:10DBB00089008A401443446210BC70472023EBE77D
:10DBC0002021F5E710B4846891FAA1F39BB1B3FA70
:10DBD00083F35B004FF0030C0CFA03F324EA030316
:10DBE00091FAA1F149B1B1FA81F149008A40134398
:10DBF000836010BC70472023EBE72021F5E710B4C9
:10DC0000C46891FAA1F39BB1B3FA83F35B004FF0C0
:10DC1000030C0CFA03F324EA030391FAA1F149B1CE
:10DC2000B1FA81F149008A401343C36010BC7047C8
:10DC30002023EBE72021F5E708B5FFF7E0FF08BD5B
:10DC400010B4046891FAA1F39BB1B3FA83F35B00BB
:10DC50004FF0030C0CFA03F324EA030391FAA1F149
:10DC600049B1B1FA81F149008A401343036010BC05
:10DC700070472023EBE72021F5E7F8B50F4614465F
:10DC80004268566801258D4004F4C042B2F5804FC9
:10DC900016D0B2F5005F29D0C4F3014229463046C0
:10DCA000FFF790FFC4F3814229463046FFF7C4FFD7
:10DCB000C4F3413229463046FFF7C2FF0020F8BDC9
:10DCC000C4F3432207290CD829463046FFF73FFF0B
:10DCD000C4F3C032736823EA0503BA401343736088
:10DCE000DAE729463046FFF74FFFF1E7C4F3C031CA
:10DCF000726822EA0502B9400A437260002BCBD059
:10DD000014F4801F01D0B561C6E72B04B361C3E7EB
:10DD1000030143EA101042B2C0F3850303F033035A
:10DD2000920022F0330252B21343C3F3460000F0D4
:10DD300055005B0023F055035BB21843C0B2704737
:10DD4000C2798A421ED8037A8B421DD3037913F01D
:10DD5000020F0DD0837990F805C00CF1070C4FEA43
:10DD6000DC0C0CFB03F30068891A03FB010070470D
:10DD7000437990F806C00CF1070C4FEADC0C0CFB61
:10DD800003F3F0E700207047002070472DE9F843C7
:10DD9000054688461746067906F0040916F0010480
:10DDA00022D003B9D708FF000024264606E001234D
:10DDB000A340DBB23343DEB20134E4B2072C38D8DF
:10DDC000E219AB79934234D9D2B241462846F5F7ED
:10DDD000A1FC0028F0D0B9F1000FE8D0C4F107028F
:10DDE00001239340DBB2E5E716F0020621D001F0F3
:10DDF000F808264606E00123A340DBB23343DEB237
:10DE00000134E4B2072C14D804EB08016B798B427F
:10DE10000FD93A46C9B22846F5F77CFC0028EFD066
:10DE2000B9F1000FE7D0C4F1070201239340DBB240
:10DE3000E4E73046BDE8F88310B58E4611461A4631
:10DE40009DF80830A0B104469EF804C01CF0010FF4
:10DE500012D09EF8060007304FEAD00C604603B996
:10DE6000D208824215D20CFB012C14F80C0006E0FB
:10DE70007046FFF78BFF02E01CF0020000D110BDDE
:10DE80009EF805300733DB08C90803FB0211605C0C
:10DE9000F5E70020F3E72DE9F04F8DB083460C46FF
:10DEA00002911D46BDF858A09DF85C3009931146BB
:10DEB0002046FFF745FF0790237903F004020892FC
:10DEC000C3F3800306939BF80E30C3F3400305931E
:10DED000002304930B955546DA46BFE00134029BBC
:10DEE00093F80680A04540F2B6802B191BB2DA08E1
:10DEF000BAF8101001FB029705F0070608367242C7
:10DF000006F0070602F0070258BF564208EB060269
:10DF100002F007020392B9F1000FDFDB4945DDDDB6
:10DF2000002BDBDBBAF812209A42D7DD0EB1002CB1
:10DF300053D101230093C4F3C7039DF81020029925
:10DF40000798FFF779FF4FF0000B089B002B5ED07E
:10DF500040EA0B2030415FFA80FB002C66D1C6F10D
:10DF6000080301209840C0B20138C0B2A8EB0408F1
:10DF7000B8F1070F0ED8039A62B1089B002B59D055
:10DF800001239340013BC2F108029340DBB21840E9
:10DF90000BEA030B099B63B1059B069A934201D0E0
:10DFA000FFF7B6FEDAF80020D35DC04340B203406D
:10DFB000D355059B069A934203D05846FFF7A8FE17
:10DFC0008346DAF80020D35D43EA0B03D355002CD7
:10DFD00037D1A61B06F1080481E79DF81020012324
:10DFE0000093C4F3C7030A9202990798FFF724FF2E
:10DFF000834604F108034FF0010CCDF800C0C3F3D1
:10E00000C7030A9A02990798FFF716FF9DE74BEAA4
:10E01000002BC6F108034BFA03FB5FFA8BFB3CB9FC
:10E02000012098400138B040C0B29FE7FF209DE733
:10E03000FF209BE70123039A9340DBB2013BDBB255
:10E04000A5E7029B9B791B1B072B01D9083446E7E8
:10E05000039B1C4443E7049B01330493029B5879C0
:10E06000049B984206D90B9B049A13440FFA83F938
:10E07000002434E70DB0BDE8F08F2DE9F04F89B0F2
:10E0800005468A461E46BDF848B09DF84C9011469C
:10E090005046FFF755FE04909AF8043003F004034D
:10E0A0000593AB7B03F0020307934FF0000E71461C
:10E0B00050E000F007004FF0010808FA00F85FFA9E
:10E0C00088F860E001328A4227D2331912FA83F3CA
:10E0D0001BB2002BF6DBB5F810C09C45F2DD3B44CB
:10E0E000B9F1000F0BD0D5F800E01EF803C06FEABD
:10E0F000080B4FFA8BFB0CEA0B0C0EF803C020FA4E
:10E1000002FC1CF0010FDDD0D5F800E01EF803C0C2
:10E110004CEA080C0EF803C0D4E708349AF805B0AE
:10E12000A34513D9012300939DF80C30E2B2514668
:10E130000498FFF781FE059B0BB1FFF7E9FDABEB00
:10E140000401082928BF08210022BCE70399DDF853
:10E1500018B001319AF806308B421DD90BEB010340
:10E1600098B21BB2002BF4DB6A8A9A42F1DD079A5F
:10E17000002A9ED0DA4302F007024FF0010808FAA5
:10E1800002F85FFA88F8DB082A8A02FB03F700240A
:10E190000391CDF818B0C1E79AF8050009B0BDE8C1
:10E1A000F08F10B582B08E469DF81040816890F8CF
:10E1B00016C00CEB4C0C01EB8C0191F804C01CF068
:10E1C000020F07D00194009313467246FFF755FFE4
:10E1D00002B010BD0194009313467246FFF75BFE38
:10E1E000F6E72DE9F04F87B0814692461C468268DB
:10E1F000837D03EB430302EB83084046FFF7A0FD5A
:10E20000029098F804B00BF00403039399F80E30D1
:10E2100003F0020304934FF0000B05945CE00BF055
:10E22000070201239340DBB218403CE0D9F800100C
:10E230008B5D624204F0070402F0070258BF5442AB
:10E240000122A24013438B55013598F80530AB42AB
:10E2500040D90AEB050424B2B9F8103003FB074695
:10E26000F608002CF0DBA342EEDD002FECDBB9F862
:10E2700012309F42E8DA002300935FFA8BF3EAB290
:10E2800041460298FFF7D8FD039B0BB1FFF740FD15
:10E2900098F8043013F0020FC1D005F007020123F3
:10E2A0009340DBB218400028CED0049B002BBDD099
:10E2B000D9F800108A5D634204F0070403F00703F5
:10E2C00058BF5C42C4F10703012000FA03F3134373
:10E2D0008B55B9E70BF1010B98F806305B4505D972
:10E2E000059B03EB0B073FB20025AEE798F805004E
:10E2F00007B0BDE8F08F002304E00168CA5CD24398
:10E30000CA540133028A418A01FB02F2B3EBD20FF5
:10E31000F3D30020704710B582B001240094F5F7C4
:10E320007DFA02B010BD08B5FDF702FF08BD08B5C3
:10E33000F1F752FF08BD08B501460068F5F730FC5B
:10E3400008BD08B5F5F744FCF6F73CF808BD002019
:10E35000704708B5944600228CF80020CA1E092A8E
:10E360001DD8DFE802F0050A0F141C1C1C1C1C172A
:10E370001A466146F5F73AFE14E062460021F5F7C9
:10E3800085FD0FE062460021F5F794FC0AE0F5F701
:10E3900007FD07E06146F5F75DFD002002E0F5F7B7
:10E3A00063FD002008BD08B540B2F5F737FF08BD92
:10E3B00008B500210120F5F7F3FB08BD08B5F5F716
:10E3C0009DFF08BD6FF08500704761B662B680F3AF
:10E3D0001188BFF36F8F704772B6002383F31188E3
:10E3E000BFF36F8FBFF34F8F30BF62B6BFF36F8F36
:10E3F000704743685A1E134206D11F2B06D9036883
:10E400001A4205D000207047002070470020704756
:10E410000120704700B585B00B6801934B688A688E
:10E42000202B12D9B3F1004F11D8013BB3FA83F37B
:10E43000C3F11F035B0003F03E031343039301A9E1
:10E44000F6F77EF805B05DF804FB0823F5E73E23F8
:10E45000F3E72DE9F84380460F4699461646002516
:10E4600009E02146F0B2FFF7D5FF064610F1160F7E
:10E4700014D001360135BD4210DA05EB450408EB36
:10E4800084046268002AF5D0B9F1000FE9D0204673
:10E49000FFF7AFFF0028E4D16FF015063046BDE866
:10E4A000F88308B5F6F78CFA002008BD08B5F6F732
:10E4B00083FB08BD08B5062201210020F6F7B0FB5A
:10E4C000002211460620F5F7CBFE0722012108465F
:10E4D000F6F7A6FB002211460720F5F7C1FE082239
:10E4E00001210220F6F79CFB002211460820F5F7D7
:10E4F000B7FE092201210320F6F792FB0022114604
:10E500000920F5F7ADFE0A2201210420F6F788FB69
:10E51000002211460A20F5F7A3FE1722052108461E
:10E52000F6F77EFB002211461720F5F799FE282208
:10E5300006210A20F6F774FB002211462820F5F781
:10E540008FFE002008BD01F01F01012088407047A8
:10E5500008B50246084602F0030304339B000F216E
:10E56000994041EA9201F6F7CBFB08BD08B500F0EF
:10E57000030304339B000F2202FA03F343EA9000E3
:10E58000F6F7DAFB08BDB0FBF1F070470B88C3F378
:10E590000B0303F57D62C2F30B02782A15D882B013
:10E5A00003F1804303F50E334A68186802431A608A
:10E5B0000B88C3F30B0303F1804303F50E331B6891
:10E5C0000193019B002002B070476FF085007047F7
:10E5D0000B88C3F30B0303F57D62C2F30B02782AA9
:10E5E0000AD803F1804303F50E3349681A6822EA1A
:10E5F00001021A60002070476FF08500704770B507
:10E600004C68C4F304450888C0F30B00F6F74CFDD2
:10E61000002815DBA6B2FF2C13D006F1804202F5CC
:10E620000E32C4F34151013101238B40013BAB4019
:10E63000240EAC40116821EA03031C43146000203F
:10E6400070BD0020FCE708B50888C0F30B0000F59A
:10E650007D63C3F30B03782B0BD800F1804000F5EA
:10E660000E3002684B68934301D0012008BD0220A0
:10E67000FCE7F6F719FD08B10120F7E70220F5E7FE
:10E6800070474FF48000704743681B6818687047F4
:10E6900010B582B0436893F8504093F8512019B1F7
:10E6A00082F0010284F001046CB1A1218DF8041004
:10E6B0005AB1C8228DF80520DC6B0123022201A982
:10E6C000A04702B010BDA021F0E7C022F2E710B5CC
:10E6D00082B04368D5228DF8042093F84A208DF843
:10E6E0000520D9228DF8062093F84F208DF80720B9
:10E6F000DC6B012304220DEB0201A04702B010BD28
:10E7000010B582B0436840228DF80020D3228DF8E6
:10E71000012093F84D208DF80220DA228DF8032095
:10E7200093F852208AB102228DF80420A8228DF895
:10E73000052093F84E308DF806304368DC6B0123DA
:10E7400007226946A04702B010BD1222ECE770B55F
:10E7500082B00446456895F844303BB1022B05D0A1
:10E76000033BDBB2012B2FD900200FE08D238DF866
:10E77000043014238DF8053033238DF8063001233F
:10E78000032201A92046EE6BB047D8B995F8443072
:10E79000022B25D0042B38D0A0B9DB238DF8043010
:10E7A00095F84430012B45D0033BDBB2012B45D912
:10E7B00020238DF805306368DD6B0123022201A957
:10E7C0002046A84702B070BDAD238DF804308B23DE
:10E7D0008DF80530EE6B0123022201A9B047D4E782
:10E7E000AD238DF8043095F8583053B110238DF8CF
:10E7F00005306368DE6B0123022201A92046B04781
:10E80000CAE700238DF80530F3E782238DF8043042
:10E8100095F8583053B104238DF805306368DE6BEA
:10E820000123022201A92046B047B5E700238DF855
:10E830000530F3E734238DF80530BCE735238DF838
:10E840000530B8E710B582B04368E4228DF80420A3
:10E8500093F8592032B1DC6B01231A4601A9A04775
:10E8600002B010BD0020FBE730B583B00446456818
:10E8700095F84BC05CFA81F1C9B24FF0200C8DF8CD
:10E8800000C04FF0000C8DF801C04FF0210C8DF846
:10E8900002C08DF80310B3F804C06144C9B2013955
:10E8A0008DF8041022218DF80510D1088DF806107E
:10E8B000DB881A44D210013A8DF80720ED6B012352
:10E8C00008226946A847002806DB6368DD6B002341
:10E8D000079A06992046A84703B030BD2DE9F047B6
:10E8E00082B005461F46DDF82890436893F84B3008
:10E8F00053FA81F1C2F3C706B7F80680C8F3C70818
:10E9000001F00F038DF80430C1F3031141F0100141
:10E910008DF8051066F04F038DF806300024204670
:10E9200001E00134E4B2444519D2A31963F04F0366
:10E930008DF806306B68D3F83CA00123032201A9AF
:10E940002846D04700280ADBBA886B68D3F83CA079
:10E95000002302FB04912846D0470028E1DA02B0E8
:10E96000BDE8F087F0B583B0089E4768B3F806E0CD
:10E97000B3F804C00CFB0EF41D89AC451FD1E410A4
:10E9800006B31D68A54220D312F0070F20D11EF058
:10E99000070F20D115B397F844C0ACF1030C5FFA10
:10E9A0008CFCBCF1010F05D901940096FFF75CFFC8
:10E9B00003B0F0BD01940096FFF790FFF8E76FF009
:10E9C0001500F5E76FF03C00F2E76FF03C00EFE771
:10E9D0006FF01500ECE76FF01500E9E70020E7E7BE
:10E9E00010B582B081238DF804308DF8051043688E
:10E9F000DC6B0123022201A9A04702B010BD4268CE
:10EA00000369B2F848000880B2F846204A8006221E
:10EA10004A601A888A8101228A609B788B737047CA
:10EA200038B50569AB788B420DD00C4639B1022957
:10EA30000BD10121FFF72CFE00B9AC7038BD0021CD
:10EA4000FFF726FEF8E70020F8E76FF08500F5E70E
:10EA500070B582B005692B888B4218D00C4604290A
:10EA600011D0022915D1A6238DF807304368DE6B3B
:10EA700001231A460DF10701B047002801DB2C8065
:10EA8000002002B070BDA7238DF80730EEE700200C
:10EA9000F7E76FF08500F4E708B503460A4600681B
:10EAA0001979F6F7ADFC08BD08B503468C46006839
:10EAB0001979DA8842EA0C02F6F7CCFC08BD00B5F9
:10EAC00085B00191029202228DF80C20012201A949
:10EAD000F6F7CEFD05B05DF804FB30B583B0044613
:10EAE0004068AF238DF80430036B3BB10121303017
:10EAF000FFF7D2FFC8200021FCF7F0FA6368DD6B56
:10EB000001231A4601A92046A84703B030BD30B5FD
:10EB100083B004464068AE238DF80430036B3BB1EC
:10EB200000213030FFF7B8FFC8200021FCF7D6FAEB
:10EB30006368DD6B01231A4601A92046A84703B08C
:10EB400030BD2DE9704382B0044645680669A423B0
:10EB50008DF8043095F85330002B5AD0A7228DF849
:10EB60000520002B57D0042333802B6B43B10121A8
:10EB700005F13000FFF790FFC8200021FCF7AEFA46
:10EB8000AB6A002B49D0283501212846FFF784FFC6
:10EB90004FF00A084FF0000940464946FCF79EFA3C
:10EBA00000212846FFF778FF40464946FCF796FAD1
:10EBB0002046FFF7ACFF002828DB2046FFF787FD43
:10EBC000002823DB2046FFF79BFD00281EDB0021E9
:10EBD0002046FFF75DFD002818DB0023B3702046B8
:10EBE000FFF7B5FD002811DB6368DD6B012302220E
:10EBF00001A92046A847002808DB80212046FFF70E
:10EC0000EFFE002802DB2046FFF767FF02B0BDE8F9
:10EC10007083A622A3E70223A6E72046FFF712FE91
:10EC2000C6E738B5044645680069043001F029FF9D
:10EC3000696DCA17900040EA91708B005B1842EB37
:10EC40000002DB18524153EA02013BD09C461146B8
:10EC50006FF0010098426FF00043934102D2844666
:10EC60006FF000416FF00100B0EB0C004FF0FF338C
:10EC700063EB0101FCF732FA63689B6B204698470F
:10EC800028B32B6B5BB14FF4B01105F13000FFF7E7
:10EC90000BFF002815DB286B01F0BAFED0B1AB6A80
:10ECA0005BB14FF4B01105F12800FFF7FDFE00281D
:10ECB00007DBA86A01F0ACFE78B12046FFF741FF00
:10ECC00070B938BD6FF001004FF0FF31D2E76FF03F
:10ECD0001500F6E76FF01200F3E76FF01200F0E7AF
:10ECE0006FF00400EDE708B54368186801F090FE86
:10ECF00008BD2DE9F84F88461746456802693BB1C3
:10ED00004FF000093FB94FF0000B5846BDE8F88FAF
:10ED10004FF04009F6E702F1040A4FF0FF324FF0DE
:10ED2000FF335046F9F742FE0026B346BE4218D2E2
:10ED3000BC1B842C28BF8424EB6D83F80090E86D05
:10ED4000224608EB06010130F1F746FAAB88621C57
:10ED5000E96D2868FFF7B3FEB0F1000B01DB264434
:10ED6000E4E75046F9F748FFCFE7032815D8DFE876
:10ED700000F002050A0F0020086070474FF480334E
:10ED80000B60002070474FF400330B600020704789
:10ED90004FF440330B60002070476FF01500704750
:10EDA000012805D0022807D048B980230B6070479E
:10EDB00040230B60002070470020086070476FF010
:10EDC00015007047012809D0022804D048B94FF433
:10EDD00080630B6070470020086070476FF085000B
:10EDE00070476FF015007047012809D0022804D041
:10EDF00048B94FF400730B607047002008607047FB
:10EE00006FF0850070476FF01500704738B50C46FD
:10EE100043681D692846F7F737F821462846F7F773
:10EE200017F82146284600F0A1F938BDF8B5074685
:10EE30000E46002431463846F7F75AF9034660B1CA
:10EE4000651C41F288339C4205DC0A200021FCF756
:10EE500045F92C46EEE76FF00F031846F8BDF8B5FC
:10EE600045682E696B698B4218D907460C463046B7
:10EE7000F7F72CF908B10020F8BDAB69C4EBC40268
:10EE800003EB820301229A7121463846FFF7BEFF49
:10EE900021463046F7F70CF90020EDE76FF015003A
:10EEA000EAE708B5002211460B20F5F7D9F90B2047
:10EEB000FFF779FA002211460C20F5F7D1F90C2062
:10EEC000FFF771FA002211460D20F5F7C9F90D2060
:10EED000FFF769FA002211460E20F5F7C1F90E205E
:10EEE000FFF761FA002211460F20F5F7B9F90F205C
:10EEF000FFF759FA002211461020F5F7B1F910205A
:10EF0000FFF751FA002211461120F5F7A9F9112057
:10EF1000FFF749FA002211462F20F5F7A1F92F201B
:10EF2000FFF741FA08BD08B54368186900F01DF9FC
:10EF300008BD08B50021F6F7E1FE08BD08B50121BE
:10EF4000F6F7DCFE08BD08B50221F6F7D7FE08BDCE
:10EF500008B50321F6F7D2FE08BD08B50421F6F77F
:10EF6000CDFE08BD08B50521F6F7C8FE08BD08B5F9
:10EF70000621F6F7C3FE08BD08B50721F6F7BEFE69
:10EF800008BD0068C0F3001070470068C0F380201F
:10EF900070470068C0F3005070470068C0F380609D
:10EFA00070474068C0F3001070474068C0F380208D
:10EFB00070474068C0F3005070474068C0F38060FD
:10EFC00070470068C0F3401070470068C0F3C0206D
:10EFD00070470068C0F3405070470068C0F3C060DD
:10EFE00070474068C0F3401070474068C0F3C020CD
:10EFF00070474068C0F3405070474068C0F3C0603D
:10F000007047006800F0010070470068C0F380108E
:10F0100070470068C0F3004070470068C0F380503C
:10F020007047406800F0010070474068C0F38010EE
:10F0300070474068C0F3004070474068C0F380509C
:10F0400070471023836070474FF48063836070477C
:10F050004FF48013836070474FF080638360704784
:10F060001023C36070474FF48063C36070474FF450
:10F070008013C36070474FF08063C36070472023E4
:10F08000836070474FF40063836070474FF4001350
:10F09000836070474FF00063836070472023C36034
:10F0A00070474FF40063C36070474FF40013C360B0
:10F0B00070474FF00063C360704708238360704758
:10F0C0004FF40073836070474FF4002383607047F0
:10F0D0004FF00073836070470823C36070474FF49C
:10F0E0000073C36070474FF40023C36070474FF054
:10F0F0000073C36070470423836070474FF48073CC
:10F10000836070474FF48023836070474FF08073B3
:10F11000836070470423C36070474FF48073C360FB
:10F1200070474FF48023C36070474FF08073C36013
:10F1300070470123836070474023836070474FF41A
:10F140008033836070474FF48003836070470123EE
:10F15000C36070474023C36070474FF48033C3607F
:10F1600070474FF48003C3607047704738B504465A
:10F170000D46F6F7E1FE29462046F6F7F9FE294648
:10F180002046F6F711FF38BDC369016B426BB3F53A
:10F19000005F18D0B3F5804F27D07BBBB2F1807FE2
:10F1A00007D0B2F1C07F0AD0B2F5000F28D10120FC
:10F1B0007047012926D0032926D000207047032953
:10F1C00024D000207047B2F5000F04D0B2F1807F48
:10F1D00007D00020704701291AD003291AD0002037
:10F1E0007047032918D000207047B2F5000F01D0F6
:10F1F00000207047032911D000207047002070477D
:10F20000002070470120704701207047012070479F
:10F21000012070470120704701207047012070478E
:10F22000022804D0032804D0012804D1704702200A
:10F23000704703207047002070470B4639B11168B2
:10F24000196041688A4209D000231360704713682F
:10F25000036041688A42F7D14360F5E74360F3E712
:10F2600008B50A460368002101E019461B682BB166
:10F270009342FAD1FFF7E1FF012000E0002008BD32
:10F2800000F0300210F400331BD010F0020F05D054
:10F2900010F0040F22D04FF4204301E04FF400534C
:10F2A00010F4002F01D043F48013102A10D0202A2C
:10F2B00011D0400A000400F4403003430B600020EA
:10F2C000704710F4803FF0D15AB94FF4C043EEE7D5
:10F2D00043F48023EDE743F40023EAE76FF0850071
:10F2E00070476FF08500704743685B681B690B606F
:10F2F0000020704743685B68586942400A404240BA
:10F300005A610020704743685B689961002070472C
:10F3100043685B68090499610020704743685B6833
:10F320005A69514059610020704708B5006908309A
:10F33000F6F77CFF08BD08B5024608690830F6F705
:10F34000C1FF08BD38B504460D460846FFF70EF963
:10F35000A04200D038BD29462046FFF7F4F8044605
:10F36000F5F710FD2046F5F775FD00212046F5F76D
:10F3700011FDEFE72DE9F04383B005460E46144634
:10F38000D0F8108001A91046FFF77AFF074638BB76
:10F3900014F440390BD0D8F8043023FA06F212F0F6
:10F3A000010F04D10122B2401343C8F8043014F411
:10F3B000402F19D00123019A31462846FEF75DFC03
:10F3C000B9F1000F0CD1D8F8043023FA06F212F08C
:10F3D000010F05D00122B24023EA0203C8F804302D
:10F3E000384603B0BDE8F0830023E4E7036993F8EF
:10F3F00050201AB11B6A0B60002070476FF00400A8
:10F4000070472DE9F04383B006460D4614461F466B
:10F4100000690B7A43F004030B720A464FF0010CAB
:10F4200007E01EF0020F1FD10C320CF1010C5FFA45
:10F430008CFCA4450FD8A445F6D292F808E0137DC1
:10F440008EEA030111F0010FEBD013F0040FE8D1A5
:10F450006FF0150801E04FF00008B8F1000F06D07A
:10F46000404603B0BDE8F0836FF01508F5E700F102
:10F4700010094FF0FF324FF0FF334846F9F700FD17
:10F48000304600F066F8B0F100080FDA16E005F13A
:10F4900014030197009395E80E00304600F0CAFA75
:10F4A000B0F1000807DB0C35013CE4B21CB1012CC3
:10F4B000EDD80023EDE7304600F04DF84846F9F767
:10F4C00071FCCDE743680269DB6882F8521019B914
:10F4D0001A6822F01A021A60704708B500F02DFA77
:10F4E00008BD08B500F06CFA08BD00B583B001AAEC
:10F4F00000F065FB002805DB019B002219791868E4
:10F5000000F076FB03B05DF804FB08B5002211465D
:10F510001F20F4F7A5FE1F20FEF745FF002211462D
:10F520002020F4F79DFE2020FEF73DFF08BD08B522
:10F53000002211462120F4F793FE2120FEF733FF2D
:10F54000002211462220F4F78BFE2220FEF72BFF2B
:10F5500008BD002070477047036813F4007F04D093
:10F5600023F400731B041B0C0360036843F48073D3
:10F570000360704743680169DB685A6822F4C0621F
:10F580005A605A6822F4C0625A605A6822F40072C3
:10F590005A605A6822F480625A6091F851201AB970
:10F5A0005A6822F480725A6070474368DB685A6870
:10F5B00042F480725A605A6842F400725A605A6883
:10F5C00042F480625A607047F8B54368DC6823688B
:10F5D00023F001032360FFF7CDFF26686568A36869
:10F5E0009BB2E068E169226A276847F40047276018
:10F5F000276827F400472760B6B22660ADB2656081
:10F6000043F48043A36080B2E06089B2E16192B2CA
:10F610002262F8BD38B542680569D468FFF7AAFFD1
:10F6200095F851301BB9236823F00103236038BDDE
:10F6300010B503699A6B32B9DC6B24B95C6B14B9F1
:10F6400079B1002010BD596B79B90AB100229A63D3
:10F65000DA6B0AB10022DA63FFF7DCFF6FF0040017
:10F66000F0E7FFF7D7FF0020ECE700215963ECE754
:10F6700043680269D968938C106A10F0010F09D1B0
:10F680005B00DBB2106BE0B10A6922F0FF021343AA
:10F690000B61704710B4C3F3C71303F0060343F0C4
:10F6A000F000946A44B9012393620B6923F0FF03CD
:10F6B0001843086110BC704743F0F10000239362C7
:10F6C000F3E743F00103086920F0FF0003430B61F7
:10F6D000936C022B00D070470B6843F400630B60FF
:10F6E000704700B585B042680369D0681A6A12F0A5
:10F6F000010F03D01A6B0AB99A6A9AB91A6BE2B968
:10F700009B6C012B20D0022B23D043690393039BD6
:10F7100083690393039B436843F48063436005B0AC
:10F720005DF804FB00229A6243690193019B83699F
:10F730000193019BFFF710FFF1E743690293029BDE
:10F7400083690293029BEAE7036823F48063036002
:10F75000DBE7036823F480630360036843F400631A
:10F760000360D2E708B543680069DB68826C8AB140
:10F77000013A82641AB95A6822F480625A60C26CF3
:10F780001278196921F0FF010A431A61C36C013331
:10F79000C36408BD5A6822F480625A60C26A12F0DB
:10F7A000020F03D01A6842F400721A605A6912F00C
:10F7B000040F00D01B69F9F7F5FAEAE708B54368CA
:10F7C0000069DA68836C002B3FD0022B23D0032B17
:10F7D0002DD0012B30D1136823F48063136013689C
:10F7E00023F400631360C36A13F0020F03D013689D
:10F7F00043F400731360536823F480635360836C95
:10F80000013B8364C36C12691A70C36C0133C36417
:10F81000F9F7C8FA23E0436C5B68022B1FD8136822
:10F8200023F480631360136843F400631360536828
:10F8300023F48063536012E0013B8364C36C12695C
:10F840001A70C36C0133C36409E0C36A13F0020F7A
:10F8500003D0136843F400731360F9F7A3FA08BDEB
:10F8600010B542680369D1681A6B3AB99A6C022ADA
:10F8700007D0032A1ED0FFF7A1FF01E0FFF772FFB8
:10F8800010BDD86A10F0020F0ED0086840F4007066
:10F89000086009E0986C01389864D86C0C690470B1
:10F8A000D86C0130D864013A002AF3D11846F9F730
:10F8B00079FAE5E70A6822F480620A609A6C013AF4
:10F8C0009A64DA6C09691170DA6C0132DA64D7E78C
:10F8D00008B50069F9F766FA08BDF8B50D461F4688
:10F8E00043680469DE682046F9F768FB6B68A36427
:10F8F0002B68E3642B7AE3620021A162069AB2FAD4
:10F9000082F2520922636163E163A1636564A784A3
:10F91000336843F001033360336823F400633360DA
:10F92000336843F4806333602B7A13F0040F00D103
:10F93000F8BD3046FFF710FEFAE708B543680169E5
:10F94000DB685A6912F0010F0BD15A6912F0080FE7
:10F950000AD091F82420196921F0FF010A431A61A5
:10F9600008BDFFF785FEFBE75A6912F0020F14D1BC
:10F970005A6912F0040F13D15A6912F0800F01D0A6
:10F980000A6B82B95A6912F0800F0FD00A6B6AB9FC
:10F990005A6822F480625A60E2E7FFF7A2FEDFE7CE
:10F9A000FFF75EFFDCE7FFF7DDFED9E75B6913F0E9
:10F9B000400FD5D00B6B002BD2D1FFF7FFFECFE766
:10F9C00010B5044643680169DB685A6912F4806F18
:10F9D00011D15A6912F4007F20D15A6912F4807F44
:10F9E00003D05A6922F480725A615A6912F4006F86
:10F9F0001BD1002010BD5A6922F480625A611A6836
:10FA000042F400721A6001238B632046FFF7B2FDB7
:10FA10002046FFF75DFF6FF00400EBE75A6922F420
:10FA200000725A6101234B63EFE75A6922F40062C6
:10FA30005A61EAE700B585B00DF1100C0CE90E0033
:10FA4000BDF81C309DF80C2012F0010F06D1069A6B
:10FA500001A9F6F7A5FE05B05DF804FB069A01A919
:10FA6000F6F7C2FEF7E708B551F8043C5B68186882
:10FA7000830F8200121843F1000392185B4101F1D9
:10FA80001400F9F7D7FF08BD08B503468C46006897
:10FA90001979DA8842EA0C02F6F7F0FE08BD38B5AB
:10FAA0000C460569F7F76EF818B923682A685340C1
:10FAB000236038BD08B503468C4600681979DA889A
:10FAC00002F0400242EA0C02F7F7CAF808BD2DE93D
:10FAD000F84381464668D6F80C80002400E00134E3
:10FAE0007368A34228DDB36804EB4402970003EB7C
:10FAF0008205D85900F08CFF80B34FF4803128463E
:10FB0000FFF7C2FF034658BB04EBC40308EBC30571
:10FB100048F83390316905F11800F9F743FE737D19
:10FB2000002BDCD1B06838448268291DF7F76CF9E6
:10FB300003460028D3D013E0737D0BB900230FE0F8
:10FB400031688B0F8A00521843F1000392185B4111
:10FB500008F11800F9F76EFF002301E06FF01203BF
:10FB60001846BDE8F88370B584B0044640688368E1
:10FB700001EB410203EB8206C56801EBC10105EB15
:10FB8000C10553F822003179F7F73EF8031E03DB75
:10FB900095F91020934201D104B070BD2B743289C5
:10FBA0004FF0FF304FF0FF31CDE90201012100910C
:10FBB000003B18BF01232046F4F792FFECE700B5A5
:10FBC0000368136001E008331360136890F804C001
:10FBD000D0F800E00EEBCC0C634505D293F805C0DD
:10FBE0008C45F0D1002001E06FF001005DF804FBCE
:10FBF0002DE9F04107460E46002401E00134E4B24D
:10FC0000B44210D257F82450C5F3431805F01F0032
:10FC1000F3F750FD50B101232A464146FEF72DF877
:10FC20000028EBDA00E00020BDE8F0816FF0120060
:10FC3000FAE743681868C1F34B1301F01F01C3587A
:10FC4000012000FA01F10B40003B18BF01231370A3
:10FC50000020704710B443681C68C1F34B1001F0DA
:10FC60001F01235801228A4013432350002010BC57
:10FC7000704710B443681C68C1F34B1001F01F01BA
:10FC8000235801228A4023EA02032350002010BC9B
:10FC9000704738B504460D46FFF7DCFF294620467D
:10FCA000FFF7E7FF002038BD38B5144605690C2979
:10FCB0006CD8DFE801F01D252D074B535B356B6BCE
:10FCC0006B6B6300EA88B5F900102046F7F7CEF8B1
:10FCD000EA88B5F9021004F10800F7F7C7F8EA88D6
:10FCE000B5F9041004F11000F7F7C0F800204FE058
:10FCF000EA88B5F900102046F7F7B8F8002047E089
:10FD0000EA88B5F902102046F7F7B0F800203FE086
:10FD1000EA88B5F904102046F7F7A8F8002037E084
:10FD20002A8AB5F90A102046F7F7CCF82A8AB5F9DD
:10FD30000C1004F10800F7F7C5F82A8AB5F90E107F
:10FD400004F11000F7F7BEF8002021E02A8AB5F987
:10FD50000A102046F7F7B6F8002019E02A8AB5F90C
:10FD60000C102046F7F7AEF8002011E02A8AB5F90A
:10FD70000E102046F7F7A6F8002009E0B5F9082094
:10FD80002146A87CF7F7C0F8002001E06FF085005D
:10FD900038BD00B587B00092019300238DF808307C
:10FDA000089B0393099B049307238DF814300B469B
:10FDB00002226946F7F72CF907B05DF804FB00B59D
:10FDC00085B08DF80F100193009201230DF10F0201
:10FDD00081880068FFF7DDFF05B05DF804FB10B512
:10FDE00084B004690E236A463B214068FFF7E7FFB1
:10FDF00000281EDBBDF900305BBA2380BDF902305C
:10FE00005BBA6380BDF904305BBAA380BDF90630EC
:10FE10005BBA2381BDF908305BBA6381BDF90A3052
:10FE20005BBAA381BDF90C305BBAE381002004B05A
:10FE300010BD6FF00400FAE700B585B08DF80F1023
:10FE40000123019300920DF10F0281880068FFF7F2
:10FE5000A0FF05B05DF804FB00B585B001910292EA
:10FE600002228DF80C20012201A9F7F7D1F805B084
:10FE70005DF804FBF0B585B006460F4615461C46F6
:10FE80008DF80C20012301930DF10F02009203AABB
:10FE9000FFF77FFFA0B9E24352B29DF80F309DF803
:10FEA00028100C401A401443A34209D08DF80C507E
:10FEB0008DF80D403B46022203A93046FFF7CCFFE8
:10FEC00005B0F0BD00B583B08DF804108DF80520A5
:10FED0008388022201A90068FFF7BEFF03B05DF826
:10FEE00004FB03691B681B680B6043681B68DB68C5
:10FEF00003F4C063B3F5806F04D0B3F5C06F11D1C4
:10FF0000012300E002230B7143681B681B6903F4A3
:10FF10004053B3F5805F07D0B3F5405F06D0FBB91F
:10FF2000012304E00023EEE7002300E002234B71ED
:10FF300043681B68DA68DB6803F4C06312F4805F0F
:10FF400010D1A3B903238B7143681B685B6903F469
:10FF50004073B3F5407F0CD00023CB710020704775
:10FF60000323E4E70BB90423EDE70323EBE70223C4
:10FF7000E9E70123F1E700B583B043681868036837
:10FF800013F0080F05D003680193019B43680193A8
:10FF9000019B036813F0200F04D09047002003B0AA
:10FFA0005DF804FB4FF0FF30F9E710B543681868BF
:10FFB000036813F0800FFBD0EFF31184102383F359
:10FFC0001288BFF36F8F036813F0800F04D184F39E
:10FFD0001188BFF36F8FEBE7904784F31188BFF36D
:10FFE0006F8F10BD43680B707047C9B24160704796
:10FFF00084B043681B68186810F0080000D0012026
:020000040801F1
:100000001A6812F0010F01D040F002001A6812F0D5
:10001000020F01D040F004001A6812F0040F01D062
:1000200040F020001A6812F4807F2AD040F00800C7
:100030006FF480721A6010F0010F05D01A680092F8
:10004000009A5A680092009A10F0020F05D01A68C0
:100050000192019A5A680192019A10F0040F05D09A
:100060001A680292029A5A680292029A10F0200FBD
:1000700005D01A680392039A5B680393039B04B04C
:10008000704710F0080FD6D0D2E72DE9F843984614
:1000900043681D682B6813F0800F1DD00F4616466D
:1000A000EFF31189102383F31288BFF36F8F0024BD
:1000B000301B002809DD286810F0800F05D022468B
:1000C00039462846C0470134F2E789F31188BFF367
:1000D0006F8F2046BDE8F8830024FAE78B5C43600D
:1000E00070472DE9F04182B0884616461F464368A6
:1000F0001D680024301B002813DD286810F0200F35
:100100000FD0224641462846B8470134286810F0EF
:10011000080FEFD02B680193019B6B680193019B43
:10012000E8E7204602B0BDE8F08143688B54704791
:1001300043681A6802F10C0353E8003F43F04003A0
:1001400002F10C0040E800310029F3D17047436808
:100150001A6802F10C0353E8003F23F0400302F158
:100160000C0040E800310029F3D1704743681B6858
:100170001A6812F0800F05D0DB6813F0400F03D02F
:1001800001207047002070470020704743681B68BB
:100190001868C0F38010704743681A6802F10C03B6
:1001A00053E8003F43F0200302F10C0040E8003127
:1001B0000029F3D1704743681A6802F10C0353E831
:1001C000003F23F0200302F10C0040E80031002939
:1001D000F3D1704743681B681868C0F3401070473C
:1001E00043681B681A6812F0200F03D0DA6812F017
:1001F000200F09D11A6812F0400F07D0DB6813F006
:10020000400F05D100207047012070470020704743
:1002100001207047036959609A6000221A615A618F
:10022000704708B5036913B14269C068984708BDB3
:1002300000B587B0002301930293039304930593C1
:1002400002238DF80430436E0293C26E0392036F53
:100250009B1A049390F8232012F0200F09D1026F0B
:10026000C26613B907B05DF804FB01A9FFF7D9FF17
:10027000F8E701A9FFF7D5FFF4E710B586B001A9AB
:10028000002301934B608B60CB600B61D0F8FC4086
:100290000294D0F808410394C0F80031C0F8083146
:1002A000FFF7BFFF06B010BD10B586B001A900234F
:1002B00001934B608B60CB600B6101248DF804408F
:1002C000D0F8FC400294D0F808410394C0F8003103
:1002D000C0F80831FFF7A5FF06B010BD00B587B024
:1002E00001A9002301934B608B60CB600B6103235A
:1002F0008DF80430FFF795FF07B05DF804FB00B5FB
:1003000087B001A9002301934B608B60CB600B6128
:1003100004238DF80430436E0293FFF782FF07B089
:100320005DF804FB036919615A6100205860986008
:10033000704782B003680193019B43680193019B5E
:1003400000F10C0353E8003F43F0100300F10C01EF
:1003500041E80032002AF3D102B070470369EFF39D
:10036000118C102080F31288BFF36F8FD3F84801EF
:1003700060B993F8A80060B1C3F84811C3F84C21E4
:1003800000208CF31188BFF36F8F70476FF00F0060
:10039000F7E76FF00C00F4E770B588B004690D461C
:1003A00079B101291FD06A46E169A069F7F71AF807
:1003B00048BBA36E019E9E1BE26EB2421CD826670C
:1003C00005E0E26EA36E9A420AD223670026226FEE
:1003D000E36E9A4219D8E5B1012D1ED0E6661AE007
:1003E0000023E36617E0A36E5908E26EB2EB530FE9
:1003F00011D221670026EAE723672046FFF718FF9E
:100400000023E366DBE70026E1E72046FFF710FF65
:10041000E1E70023E36608B070BDA36E5B08E36606
:10042000F9E7F8B50C46476803691D6809790129A1
:1004300004D002290ED14FF4806301E04FF4C06371
:100440006279012A08D0022A08D0002A4BD14FF441
:10045000805205E00023F3E7002201E04FF4405210
:10046000A679042E42D0002943D14FF0000CE17947
:10047000012941D00021A54241D03F68FE6806F421
:10048000C06E734504D0FE6826F4C0663343FB603B
:1004900043681E68336903F440539A4204D03369B9
:1004A00023F440531A43326143681E68F36803F42F
:1004B00080539C4505D0F36823F480534CEA030332
:1004C000F36043681A68536903F44073994204D097
:1004D000536923F440730B43536121682B6899429D
:1004E00028D10020F8BD4FF40052B9E74FF4805CEA
:1004F000BDE74FF4805CBAE74FF44071BBE73E685C
:10050000F56825F4B05543EA0C032B43F3603369D7
:1005100023F440531343336143681A68536923F447
:1005200040730B4353612168F7F72AF80028D9DBA1
:100530000020D7E7F7F724F80028D3DB23682B60E7
:100540000020CFE770B58AB0064643681A6805698F
:1005500000230593069307930893099305238DF8C9
:10056000143095F8A830002B4FD002F10C0454E859
:10057000003F23F0100344E800310029F5D10221A7
:100580003046FFF709FF2846FFF7B9FE7368306968
:100590001A6802F1140353E8003F23F0400302F10C
:1005A000140646E800310029F3D1002380F8A83072
:1005B00005F17800F9F746FAE969A869F7F7E6F86E
:1005C000D5F848216AB1694600230093019302934C
:1005D0000393049304238DF8003001922846FFF71B
:1005E00020FE0023C5F84831C5F84C3154E8003FDF
:1005F00043F0200344E80032002AF7D105A9284639
:10060000FFF70FFE00200AB070BD05A92846FFF7CE
:1006100008FE6FF00D00F6E710B5034650F86C0CBD
:10062000EFF31184102282F31288BFF36F8F13F857
:10063000552C12F0200F05D153F8082C53F8103C1C
:100640009A4207D00221FFF7A7FE84F31188BFF377
:100650006F8F10BDFFF776FFF7E730B589B00469FB
:10066000D4F80051DDB104F58870F9F7EBF96A466A
:10067000D4F8B410D4F8B000F6F7B4FE18B9019B62
:10068000ED1AC4F80851D4F8B410D4F8B000F7F754
:100690007DF82046FFF708FE002009B030BD6FF05E
:1006A0000D00FAE708B5A0F58870C068FFF7D5FF20
:1006B00008BD2DE9F0411E4643681C680569AB6919
:1006C000002B53D0804695F8A830002B51D1EB6613
:1006D0006966AA662B676E6704F10C0353E8001F76
:1006E00021F02001184640E80013002BF4D1AA6540
:1006F0006B6EAB6405F12002E969A869F7F78CF825
:100700000746002838D1E969A869F6F7B1FEB0BB01
:100710006FF020032360D8F80430D8F810001B686D
:1007200003F1140252E8001F41F0400194464CE8E6
:100730000012002AF4D1012380F8A8302B68324639
:1007400019682046FFF7F5FD04F1140353E8003F54
:1007500043F0010304F1140141E80032002AF3D10F
:100760002846FFF7BBFD3846BDE8F0816FF0120761
:10077000F9E76FF00F07F6E76FF01507F3E76FF093
:100780000D07F0E708B5436819695868F7F786F868
:1007900008BD08B5034600685968F7F7C1F808BDF9
:1007A00070B50646406804683569D5F8B000002881
:1007B00047D0D5F80001002846D1C5F8FC10C5F88F
:1007C0000021C5F80C316FF04003236004F10C03E5
:1007D00053E8003F43F0400304F10C0141E80032CC
:1007E000002AF3D1D5F8FC30C5F8DC30D5F800315B
:1007F000C5F8F03005F1B802D5F8B410D5F8B0005E
:10080000F7F70AF818BBD5F8B410D5F8B000F6F72A
:100810002FFE0446F0B9D5F80C1105F58870F7F7EE
:10082000C5F873681A6802F1140353E8003F43F0F7
:10083000800302F1140040E800310029F3D1204682
:1008400070BD6FF01204FAE76FF00F04F7E76FF076
:100850001504F4E76FF00D04F1E7F0B583B0054639
:10086000066943681C68E36813F0400F05D02368ED
:1008700013F0400F0CD0012300E000231F467368E3
:1008800013B1B1682846984773681BB103B0F0BD37
:100890000023F3E7E36813F0100F15D0236813F07B
:1008A000100F11D023680193019B63680193019B92
:1008B000716F21B902212846FFF76EFD14E006F1A1
:1008C0007800F7F773F80FE097B104F10C0353E8E1
:1008D000003F23F0400304F10C0141E80032002AFC
:1008E000F3D13046FFF7C9FC2846FFF781FBCDE77F
:1008F000E36813F0200FF7D0236813F0200FF3D034
:100900006FF020032360EFE700B583B001AAFFF783
:1009100056F9002805DB019B002219791868FFF7BA
:1009200067F903B05DF804FBF8B50546466834681E
:1009300003691F68E36823F40053E360B06800F0C4
:1009400067F808B306F10800FFF723FF04F10C0372
:1009500053E8003F43F00C0304F10C0141E800327E
:10096000002AF3D139462846FFF75BFD00280EDB4D
:10097000337E1BB1636943F008036361E36843F4AA
:100980000053E3600020F8BD6FF01200FBE76FF04A
:100990001500F8E738B504464568FFF7F3FE002870
:1009A00010DB0021686AFFF7AFFF00280ADB204652
:1009B000FFF7BAFF002805DBAB6A204698472046C0
:1009C000F7F72EF838BD08B5002211462620F3F7B8
:1009D00047FC2620FDF7E7FC08BD08B500221146BC
:1009E0002720F3F73DFC2720FDF7DDFC08BD0023A1
:1009F000036043608360C360036143618361C361DB
:100A0000036243628362C362036343638363704729
:100A100060B1C3685A7812F0010F03D01B781BB184
:100A20000020704700207047012070470020704769
:100A3000EFF31183102383F31288BFF36F8FFEE768
:100A400008B5FFF7F5FF10B582B001240094F7F761
:100A5000C3FD02B010BD884200DA014611F1800FDB
:100A600001DB084670476FF07F00704708B580686B
:100A700090F90E308B4201D1002008BDFAF74EF9F3
:100A8000FBE7034600209860D8601B605B607047FE
:100A90003AB18A4208D38160C260006040600020A1
:100AA00070476FF0150070476FF0150070470B46E8
:100AB00039B11168196041688A4209D00023136076
:100AC00070471368036041688A42F7D14360F5E7D5
:100AD0004360F3E708B50A460368002101E01946C0
:100AE0001B682BB19342FAD1FFF7E1FF012000E030
:100AF000002008BD08B5CB6823F00402CA6013F0DB
:100B0000040F00D108BD8430FFF7E4FFFAE710B509
:100B10000446C36813F0020F09D0E36813F01F0006
:100B200004D043F00202E26040F0020010BD014632
:100B30008068FFF7DFFFF0E7B0B110B500F18C027D
:100B4000D0F88C40A24211D094B12046F8F7BEFAFA
:100B500004F11800FBF702F80023A3676361204645
:100B6000F9F70EFA012010BD002070470020FAE7C7
:100B70000020F8E72DE9F041054688461746002693
:100B800002E00023ABB11E462C68A542F9D074B137
:100B90002046F8F79BFA04F11800FAF7DFFFC4F8D3
:100BA000788067612046F9F7EBF90123EAE7002333
:100BB000E8E73046BDE8F08110B50446F8F792FB4F
:100BC0002046FFF7A4FF10BD08B5C36823F010034B
:100BD000C3601030F8F7E6F808BD8446D31D23F053
:100BE00007037F3323F03F03036040314160A3F1EB
:100BF000400282603F2B07D8002383F31188BFF3A4
:100C00006F8F0423184602DF60467047106808445F
:100C1000704708B5F2F7F4FF073020F0070008BD71
:100C200070B584B004460D4601AE3046FFF7D5FFDF
:100C3000324629462046FFF7E9FF0546039A01465A
:100C40002046FFF7E6FF029B2366039B6366A066D0
:100C5000281A04B070BDEFF30580003818BF0120DA
:100C600070476FF05700704710B400248460838190
:100C700002748173C47344618461C46100220023DF
:100C8000C0E9082310BC70470020704738B50546FE
:100C90000468844211D094B12046F9F7EFF800239C
:100CA000A36704F11800FAF759FF2046F9F768F92D
:100CB0002C68A542EFD10024EDE70024EBE738BD16
:100CC000037C13F0280F0DD110B5044683680BB1D7
:100CD000F9F7D4F8237C23F0040323742046F9F7B2
:100CE0004FF910BD704708B5FAF752FBFAF772FBDF
:100CF00008BDEFF31180003818BF0120704708B518
:100D0000FBF7DEF808BD08B5FBF7DAF808BD10B54B
:100D100000F10C04C460046100244461F2F7DAFAC3
:040D200010BD000002
:080D24000405FF7F010000003F
:100D2C0000000000440E01084D35000800000000D2
:100D3C00D9C000080000000000000000600E01088F
:100D4C0000000000EC0E010800000000400F01083C
:100D5C00000000005C0F010800000000940F010867
:100D6C0000000000780F010800000000240F0108AB
:100D7C0000000000080F010800000000D00E010860
:100D8C0000000000B40E010800000000980E0108DD
:100D9C00000000007C0E0108B5E400080000000013
:100DAC0000000000CC0F010800000000B00F01088B
:100DBC00ED51000800000000E57B00080000000079
:100DCC00E9490008000000000000000004100108C0
:100DDC0000000000E80F01080000000020100108CE
:100DEC00000000003C100108000000005810010831
:100DFC0019340008000000001D1F0008000000004E
:100E0C00791F0008000000004D25000800000000BC
:100E1C00AD2F000800000000453000080000000065
:100E2C00E12E0008000000009D28000800000000D2
:080E3C00C928000800000000B5
:100E4400CC28010800000000B81201089403002017
:100E540000000000CD50000800000000D03501085B
:100E6400685401088C120108A0030020000000004F
:100E74000000000000000000381C0108B450010804
:100E84005012010880030020BC18002061350008BE
:100E940000000000481C0108C85001085012010855
:100EA40082030020CC1800206135000800000000F7
:100EB400581C0108DC50010850120108840300206A
:100EC400DC1800206135000800000000681C0108DF
:100ED400F05001085012010886030020EC1800208D
:100EE4006135000800000000781C01080451010865
:100EF4005012010888030020FC1800206135000806
:100F040000000000881C0108185101085012010853
:100F14008A0300200C19002061350008000000003D
:100F2400981C01082C510108501201088C03002060
:100F34001C1900206135000800000000A81C0108ED
:100F440040510108501201088E0300202C19002082
:100F54006135000800000000B81C01085451010864
:100F640050120108900300203C190020613500084C
:100F7400000000002C270108000000000000000011
:100F84009203002000000000ADE40008000000000F
:100F94006C2F01083452010828120108980300201C
:100FA400A81A0020AD5C00080000000044390108C4
:100FB4008454010808130108A403002090000020B1
:100FC400950901080000000054390108D0540108B3
:100FD40008130108A6030020E00100209509010878
:100FE40000000000E032010898130108741201089F
:100FF4009A030020941B0020C9650008000000002B
:10100400F0320108C0130108741201089C03002087
:10101400E81B0020C965000800000000182F010823
:10102400D4510108D412010896030020901A00201C
:1010340023EC000800000000C83501082054010812
:10104400000000009E0300203C1C0020CFFA000892
:1010540000000000E43501086C5401089C120108EA
:10106400A20300203C1C0020B57000080000000012
:1010740000000000B1E3000800000000B1E3000834
:1010840000000000B1E3000800000000B1E3000824
:1010940000000000B1E3000800000000B1E3000814
:1010A400D0510108454C0008CC510108454C0008BA
:1010B400C8510108454C0008C4510108454C0008BA
:1010C400C0510108454C0008940F010833EF000893
:1010D400940F01083DEF0008940F010847EF000842
:1010E400940F010851EF0008940F01085BEF00080A
:1010F400940F010865EF0008940F01086FEF0008D2
:1011040000000000B1E3000800000000B1E30008A3
:1011140000000000B1E3000800000000B1E3000893
:1011240000000000B1E30008BC510108454C000870
:1011340000000000B1E3000800000000B1E3000873
:1011440000000000B1E3000800000000B1E3000863
:1011540000000000B1E3000800000000B1E3000853
:1011640000000000B1E3000804100108DBF40008EB
:1011740004100108E3F40008E80F0108DBF4000898
:10118400E80F0108E3F4000800000000B1E30008E0
:1011940000000000B1E3000800000000B1E3000813
:1011A400CC0F01085B080108B00F01085B080108B7
:1011B400B8510108454C000800000000B1E30008E4
:1011C40000000000B1E3000800000000B1E30008E3
:1011D40000000000B1E3000800000000B1E30008D3
:1011E40000000000B1E30008940F010879EF000843
:0411F400A1900008BE
:1011F80068040020C01C002000040000BD4A00084C
:101208000000000000000000000000000E000000C8
:1012180000000000E02601080000000000000000B7
:10122800BD580008CD5700085FEE00086157000858
:101238000000000000000000155700080000000032
:10124800000000000000000075F30008E9F2000843
:10125800F5F2000807F3000811F300081DF3000871
:10126800356300082BF3000800000000356500080E
:10127800EDF3000803F4000800000000000000007F
:101288000000000033FC000855FC000873FC00084F
:1012980093FC0008000000000000000000000000AF
:1012A800DFFD0008A9FC00080000000000000000A5
:1012B8008DE50008D1E5000800000000194F00087E
:1012C80047E6000800000000FFE500080FEB0008F3
:1012D800DBEA000865E900080000000000000000E3
:1012E8000000000000000000E1E90008FFE9000834
:1012F80051EA000821EA0008000000000000000090
:1013080025030108A10701085B060108B3060108C7
:101318005D030108450501088D7200089D720008EB
:10132800F1FF000855760008E3FE0008AD720008DA
:10133800D9720008310101084F0101086D01010847
:1013480099010108B70101088D010108D5010108BB
:101358000573000875730008E1010108000000002A
:041368001502010861
:0C136C0000000000751E000800000000DA
:1013780030480108010608207E0000006C4A010878
:08138800010810207E000000A6
:1013900044000000004000002FF50008B853010889
:1013A0000100000000580040801A06000000000004
:1013B0008813000000000000C05301080000000076
:1013C0000BF50008D853010801000000005400404C
:1013D000801A0600000000008813000000000000D2
:1013E000E0530108000000000B0000FFFF000200B6
:1013F00001FFFF00030002040500040003FFFF00DB
:101400003E3E0000202000005B2B5D005B235D0062
:10141000203E20002D25642E25302A640000000087
:1014200025642E25302A640025640000733A256463
:1014300000000000733A2573000000004544495441
:10144000000000005B454E545D0000004D61696E78
:101450000000000054657374000000006D70753664
:101460003035300065756C657200000056616C7532
:101470006500000070697463683A2573000000001D
:10148000726F6C6C3A2573007961773A25730000AE
:1014900061783A257300000061793A2573000000F5
:1014A000617A3A257300000067783A2573000000DE
:1014B00067793A2573000000677A3A2573000000C7
:1014C000574553545F544F504449522F7A657068C2
:1014D00079722F696E636C7564652F7A65706879AF
:1014E000722F647269766572732F756172742F75CD
:1014F0006172745F696E7465726E616C2E68000053
:1015000064657620213D202828766F6964202A2989
:1015100030290000415353455254494F4E20464113
:10152000494C205B25735D20402025733A25640AD1
:101530000000000009646576696365206973204EC8
:10154000554C4C0A00000000287B206578746572B9
:101550006E2073747275637420756172745F647247
:10156000697665725F617069205F756172745F642E
:1015700072697665725F6170695F6C6973745F73BD
:10158000746172745B5D3B2065787465726E206374
:101590006F6E73742075696E74385F74205F756147
:1015A00072745F6472697665725F6170695F657895
:1015B000745F656E645B5D3B202828636F6E737497
:1015C0002075696E74385F74202A292828636F6E2D
:1015D00073742073747275637420756172745F64C0
:1015E00072697665725F617069202A296465762D5B
:1015F0003E61706929203C205F756172745F64727E
:10160000697665725F6170695F6578745F656E6445
:101610002026262028636F6E73742075696E7438D7
:101620005F74202A292828636F6E73742073747284
:1016300075637420756172745F6472697665725F38
:10164000617069202A296465762D3E6170692920C0
:101650003E3D2028636F6E73742075696E74385F29
:1016600074202A295F756172745F6472697665728D
:101670005F6170695F6C6973745F73746172742900
:101680003B207D290000000075617274000000009D
:101690000964657669636520415049206973206E4D
:1016A0006F742025730A0000574553545F544F5000
:1016B0004449522F7A65706879722F696E636C7530
:1016C00064652F7A65706879722F7379732F7269E8
:1016D0006E675F6275666665722E680073697A650B
:1016E000203C3D20282830786666666629202F2019
:1016F000322900000953697A6520746F6F2062698E
:10170000672C20706C6561736520656E61626C6525
:1017100020434F4E4649475F52494E475F42554628
:101720004645525F4C415247450A00007574325F8E
:10173000727800007574325F747800007574335FDE
:10174000747800007574335F727800005745535405
:101750005F544F504449522F7A65706879722F69EF
:101760006E636C7564652F7A65706879722F647228
:1017700069766572732F73656E736F722E680000E1
:10178000287B2065787465726E207374727563743B
:101790002073656E736F725F6472697665725F61E4
:1017A0007069205F73656E736F725F6472697665CE
:1017B000725F6170695F6C6973745F737461727476
:1017C0005B5D3B2065787465726E20636F6E737429
:1017D0002075696E74385F74205F73656E736F7205
:1017E0005F6472697665725F6170695F6578745F66
:1017F000656E645B5D3B202828636F6E7374207593
:10180000696E74385F74202A292828636F6E737498
:10181000207374727563742073656E736F725F6486
:1018200072697665725F617069202A296465762D18
:101830003E61706929203C205F73656E736F725F33
:101840006472697665725F6170695F6578745F65FF
:101850006E642026262028636F6E73742075696E6F
:1018600074385F74202A292828636F6E737420737C
:1018700074727563742073656E736F725F647269DE
:101880007665725F617069202A296465762D3E61F4
:10189000706929203E3D2028636F6E73742075693E
:1018A0006E74385F74202A295F73656E736F725F80
:1018B0006472697665725F6170695F6C6973745F89
:1018C0007374617274293B207D29000073656E7307
:1018D0006F720000574553545F544F504449522F84
:1018E0007A65706879722F6C69622F686561702FF4
:1018F000686561702E63000028616C69676E202640
:101900002028616C69676E202D20312929203D3DFA
:101910002030000009616C69676E206D757374205A
:101920006265206120706F776572206F6620320AD1
:10193000000000006279746573202F203855203C28
:101940003D2030783766666655000000096865619D
:10195000702073697A6520697320746F6F206269E3
:10196000670A00006279746573203E2068656170C3
:101970005F666F6F7465725F6279746573286279F0
:10198000746573290000000009686561702073693F
:101990007A6520697320746F6F20736D616C6C0AB7
:1019A00000000000686561705F737A203E20636804
:1019B000756E6B737A2873697A656F6628737472B3
:1019C000756374207A5F68656170292900000000E2
:1019D0006368756E6B305F73697A65202B206D6963
:1019E0006E5F6368756E6B5F73697A65286829201E
:1019F0003C3D20686561705F737A00002A2A2A20C6
:101A0000426F6F74696E67205A6570687972204FF3
:101A100053206275696C642076342E342E302D315B
:101A2000303834302D67656161343830393136668D
:101A30003434202A2A2A0A00574553545F544F5001
:101A40004449522F7A65706879722F6C69622F75DC
:101A500074696C732F72696E675F62756666657212
:101A60002E630000657272203D3D203000000000B2
:101A7000574553545F544F504449522F7A6570680C
:101A800079722F696E636C7564652F7A65706879F9
:101A9000722F647269766572732F636C6F636B5F0C
:101AA000636F6E74726F6C2E68000000287B206577
:101AB000787465726E2073747275637420636C6FD2
:101AC000636B5F636F6E74726F6C5F64726976656F
:101AD000725F617069205F636C6F636B5F636F6ED1
:101AE00074726F6C5F6472697665725F6170695F52
:101AF0006C6973745F73746172745B5D3B206578AD
:101B00007465726E20636F6E73742075696E7438BD
:101B10005F74205F636C6F636B5F636F6E74726F73
:101B20006C5F6472697665725F6170695F65787415
:101B30005F656E645B5D3B202828636F6E73742065
:101B400075696E74385F74202A292828636F6E7354
:101B5000742073747275637420636C6F636B5F635E
:101B60006F6E74726F6C5F6472697665725F6170BC
:101B700069202A296465762D3E61706929203C2000
:101B80005F636C6F636B5F636F6E74726F6C5F64C7
:101B900072697665725F6170695F6578745F656EA2
:101BA000642026262028636F6E73742075696E7416
:101BB000385F74202A292828636F6E737420737429
:101BC0007275637420636C6F636B5F636F6E7472A6
:101BD0006F6C5F6472697665725F617069202A2933
:101BE0006465762D3E61706929203E3D2028636F33
:101BF0006E73742075696E74385F74202A295F6370
:101C00006C6F636B5F636F6E74726F6C5F6472692D
:101C10007665725F6170695F6C6973745F7374611C
:101C20007274293B207D2900636C6F636B5F636F67
:101C30006E74726F6C0000006770696F40343030F2
:101C400032323030300000006770696F403430301D
:101C500032316330300000006770696F40343030DB
:101C600032313830300000006770696F40343030F6
:101C700032313430300000006770696F40343030EA
:101C800032313030300000006770696F40343030DE
:101C900032306330300000006770696F403430309C
:101CA00032303830300000006770696F40343030B7
:101CB00032303430300000006770696F40343030AB
:101CC0003230303030000000574553545F544F508D
:101CD0004449522F7A65706879722F7375627379EF
:101CE000732F66622F6366622E630000287B206577
:101CF000787465726E20737472756374206469738E
:101D0000706C61795F6472697665725F6170692079
:101D10005F646973706C61795F6472697665725F24
:101D20006170695F6C6973745F73746172745B5D19
:101D30003B2065787465726E20636F6E73742075D6
:101D4000696E74385F74205F646973706C61795F69
:101D50006472697665725F6170695F6578745F65EA
:101D60006E645B5D3B202828636F6E737420756919
:101D70006E74385F74202A292828636F6E7374206C
:101D800073747275637420646973706C61795F64D5
:101D900072697665725F617069202A296465762DA3
:101DA0003E61706929203C205F646973706C6179C1
:101DB0005F6472697665725F6170695F6578745F90
:101DC000656E642026262028636F6E737420756903
:101DD0006E74385F74202A292828636F6E7374200C
:101DE00073747275637420646973706C61795F6475
:101DF00072697665725F617069202A296465762D43
:101E00003E61706929203E3D2028636F6E73742007
:101E100075696E74385F74202A295F646973706C09
:101E200061795F6472697665725F6170695F6C6920
:101E300073745F7374617274293B207D2900000004
:101E4000574553545F544F504449522F7A65706838
:101E500079722F696E636C7564652F7A6570687925
:101E6000722F6B65726E656C2E680000216B5F6966
:101E7000735F7072655F6B65726E656C2829000018
:101E8000096B5F63757272656E745F67657420635A
:101E9000616C6C6564207072652D6B65726E656C2B
:101EA0000A00000072302F61313A2020307825304E
:101EB0003878202072312F61323A20203078253056
:101EC0003878202072322F61333A20203078253044
:101ED00038780A0072332F61343A20203078253068
:101EE0003878207231322F69703A202030782530CE
:101EF0003878207231342F6C723A202030782530B7
:101F000038780A0020787073723A202030782530B3
:101F100038780A004661756C74696E6720696E7363
:101F20007472756374696F6E206164647265737333
:101F300020287231352F7063293A203078253038C7
:101F4000780A0000556E68616E646C6564204952C1
:101F5000516E3A2025640A00535053454C20696E57
:101F600020746872656164206D6F646520646F65BC
:101F700073206E6F7420696E6469636174652050AC
:101F800053500A002A2A2A2A2A2042555320464121
:101F9000554C54202A2A2A2A2A0A00002020537449
:101FA00061636B696E67206572726F720A00000070
:101FB0002020556E737461636B696E672065727261
:101FC0006F720A0020205072656369736520646136
:101FD000746120627573206572726F720A0000006E
:101FE00020204246415220416464726573733A2056
:101FF000307825780A0000002020496D70726563F2
:102000006973652064617461206275732065727202
:102010006F720A002020496E737472756374696F61
:102020006E20627573206572726F720A0000000084
:102030002020466C6F6174696E672D706F696E74D5
:10204000206C617A79207374617465207072657395
:102050006572766174696F6E206572726F720A00C4
:102060002A2A2A2A2A205553414745204641554CC1
:1020700054202A2A2A2A2A0A000000002020446923
:10208000766973696F6E206279207A65726F0A00D3
:102090002020556E616C69676E6564206D656D6F9B
:1020A0007279206163636573730A000020204E6FAC
:1020B00020636F70726F636573736F7220696E73E4
:1020C0007472756374696F6E730A00002020496C26
:1020D0006C6567616C206C6F6164206F6620455889
:1020E000435F52455455524E20696E746F205043E1
:1020F0000A0000002020496C6C6567616C207573D4
:1021000065206F662074686520455053520A0000B0
:102110002020417474656D707420746F206578653B
:102120006375746520756E646566696E65642069A3
:102130006E737472756374696F6E0A002A2A2A2A94
:102140002A204465627567206D6F6E69746F722016
:10215000657863657074696F6E202A2A2A2A2A0AB4
:1021600000000000526573657276656420457863EF
:10217000657074696F6E20280000000053707572DE
:10218000696F757320696E7465727275707420283A
:1021900049525120000000002A2A2A2A2A202573A9
:1021A00020256429202A2A2A2A2A0A002A2A2A2AB9
:1021B0002A204D5055204641554C54202A2A2A2A7F
:1021C0002A0A00002020537461636B696E672065E2
:1021D00072726F722028636F6E74657874206172FA
:1021E0006561206D69676874206265206E6F742078
:1021F00076616C6964290A00202044617461204181
:1022000063636573732056696F6C6174696F6E0ADE
:102210000000000020204D4D464152204164647270
:102220006573733A20307825780A00002020496EC3
:10223000737472756374696F6E2041636365737341
:102240002056696F6C6174696F6E0A00574553546C
:102250005F544F504449522F7A65706879722F61EC
:102260007263682F61726D2F636F72652F636F7277
:102270007465785F6D2F6661756C742E6300000065
:10228000212828285343425F54797065202A292049
:10229000282830784530303045303030554C2920B2
:1022A0002B20307830443030554C2920292D3E43A6
:1022B0004653522026202831554C203C3C202830C3
:1022C00055202B2034552929290000000953746119
:1022D000636B696E67206572726F72206E6F742017
:1022E0006120737461636B206661696C0A0A000087
:1022F0002A2A2A2A2A2048415244204641554C5431
:10230000202A2A2A2A2A0A00202042757320666180
:10231000756C74206F6E20766563746F72207461C3
:10232000626C6520726561640A00000020204465CB
:10233000627567206576656E740A0000202046612C
:10234000756C7420657363616C6174696F6E2028AD
:102350007365652062656C6F77290A0041524348B6
:102360005F45584345505420776974682072656111
:10237000736F6E2025780A0A00000000300000000C
:10238000094661756C7420657363616C6174696F73
:102390006E20776974686F75742046535220696E99
:1023A000666F0A0009486172644661756C74207733
:1023B0006974686F7574204846535220696E666F61
:1023C000205368616C6C206E65766572206F636364
:1023D00075720A0045534620636F756C64206E6FFA
:1023E0007420626520726574726965766564207315
:1023F00075636365737366756C6C792E20536861C1
:102400006C6C206E65766572206F636375722E0A40
:1024100000000000574553545F544F504449522F19
:102420007A65706879722F617263682F61726D2F9F
:10243000636F72652F636F727465785F6D2F697259
:10244000715F6D616E6167652E6300007072696F08
:10245000203C3D20282831554C203C3C2028342964
:1024600029202D203129000009696E76616C69648C
:10247000207072696F7269747920256420666F72AA
:1024800020256420697271212076616C7565732046
:102490006D757374206265206C6573732074686158
:1024A0006E20256C750A0A00574553545F544F50EF
:1024B0004449522F7A65706879722F617263682F70
:1024C00061726D2F636F72652F6D70752F61726D04
:1024D0005F6D70752E6300002128726567696F6EED
:1024E0005B6964785D2E64745F6174747220262069
:1024F0002831554C203C3C20283029292900000057
:102500000952414D5F4E4F4341434845207769741E
:10251000682044545F4D454D5F4341434845414227
:102520004C45206174747269627574650A0A000012
:1025300009436F6E6669677572696E67202575203D
:10254000737461746963204D505520726567696FBB
:102550006E73206661696C65640A0A0009436F6ED8
:102560006669677572696E672025752064796E618A
:102570006D6963204D505520726567696F6E7320D9
:102580006661696C65640A0A0000000009526571A1
:102590007565737420746F20636F6E6669677572FA
:1025A000653A20257520726567696F6E7320287300
:1025B0007570706F727465643A202575290A0A0077
:1025C000094661696C656420746F20616C6C6F638F
:1025D000617465204D505520726567696F6E732078
:1025E00066726F6D2044540A0A0000002828284DA6
:1025F00050555F54797065202A2920282830784565
:1026000030303045303030554C29202B2030783058
:10261000443930554C2920292D3E54595045202607
:10262000202830784646554C203C3C2038552929F6
:10263000203E3E203855203D3D20380009496E7629
:10264000616C6964206E756D626572206F66204DE5
:10265000505520726567696F6E730A0A00000000AA
:10266000464C4153485F30005352414D5F300000AB
:10267000574553545F544F504449522F7A65706800
:1026800079722F7375627379732F696E7075742FF9
:10269000696E7075742E630063616C6C6261636B4C
:1026A000203C3D205F696E7075745F63616C6C6285
:1026B00061636B5F6C6973745F656E64000000003A
:1026C00009756E6578706563746564206C697374F0
:1026D00020656E64206C6F636174696F6E0A000020
:1026E000696E707574000000574553545F544F5025
:1026F0004449522F7A65706879722F6472697665E1
:1027000072732F696E746572727570745F636F6E29
:1027100074726F6C6C65722F696E74635F65787428
:10272000695F73746D33322E63000000696E7465E7
:1027300072727570742D636F6E74726F6C6C6572EB
:10274000403430303133633030000000574553544B
:102750005F544F504449522F7A65706879722F64E4
:102760007269766572732F696E74657272757074B2
:102770005F636F6E74726F6C6C65722F696E7463D9
:102780005F6770696F5F73746D33322E6300000092
:102790002828286C696E652920213D203055292084
:1027A0002626202828286C696E65292026202828BE
:1027B0006C696E6529202D2031552929203D3D2049
:1027C000305529290000000009496E76616C696462
:1027D0002F636F72727570746564204C4C5F45583E
:1027E00054495F4C494E455F6E2076616C75650AB1
:1027F0000000000028286C696E6529203C203120EB
:102800003F202D31203A202873697A656F66285F52
:102810005F747970656F665F5F286C696E652929E2
:10282000203E2034203F20283634202D205F5F6258
:1028300075696C74696E5F636C7A6C6C286C696E18
:102840006529202D203129203A20283332202D20BF
:102850005F5F6275696C74696E5F636C7A286C691E
:102860006E6529202D2031292929203C2031360070
:10287000574553545F544F504449522F7A657068FE
:1028800079722F647269766572732F636C6F636BF4
:102890005F636F6E74726F6C2F636C6F636B5F73CB
:1028A000746D33325F6C6C5F636F6D6D6F6E2E6332
:1028B00000000000706C6C6D5F6469762026262035
:1028C000706C6C6F75745F6469760000726363404E
:1028D0003430303233383030000000005745535424
:1028E0005F544F504449522F7A65706879722F694E
:1028F0006E636C7564652F7A65706879722F647287
:1029000069766572732F6770696F2E68000000002A
:10291000706F727420213D202828766F6964202A08
:1029200029302900287B2065787465726E207374C5
:1029300072756374206770696F5F6472697665721F
:102940005F617069205F6770696F5F647269766547
:10295000725F6170695F6C6973745F7374617274C4
:102960005B5D3B2065787465726E20636F6E737477
:102970002075696E74385F74205F6770696F5F647B
:1029800072697665725F6170695F6578745F656EA4
:10299000645B5D3B202828636F6E73742075696EDD
:1029A00074385F74202A292828636F6E737420732B
:1029B0007472756374206770696F5F64726976659D
:1029C000725F617069202A29706F72742D3E617088
:1029D0006929203C205F6770696F5F647269766562
:1029E000725F6170695F6578745F656E642026262A
:1029F0002028636F6E73742075696E74385F74205D
:102A00002A292828636F6E73742073747275637437
:102A1000206770696F5F6472697665725F61706963
:102A2000202A29706F72742D3E61706929203E3D05
:102A30002028636F6E73742075696E74385F74201C
:102A40002A295F6770696F5F6472697665725F617A
:102A500070695F6C6973745F7374617274293B2071
:102A60007D2900006770696F0000000028636667B9
:102A70002D3E706F72745F70696E5F6D61736B2055
:102A80002620286770696F5F706F72745F70696E5F
:102A9000735F74292831554C203C3C202870696EA6
:102AA00029292920213D20305500000009556E7349
:102AB0007570706F727465642070696E0A00000032
:102AC00028666C616773202620282831554C203CED
:102AD0003C202832312929207C202831554C203CAB
:102AE0003C202832322929207C202831554C203C9A
:102AF0003C202832332929207C202831554C203C89
:102B00003C202832342929207C202831554C203C77
:102B10003C202832352929207C202831554C203C66
:102B20003C2028323629292929203D3D203000002B
:102B300009496E7465727275707420666C61677392
:102B400020617265206E6F7420737570706F72747F
:102B500065640A0028666C61677320262028283186
:102B6000203C3C203429207C202831203C3C20354E
:102B700029292920213D20282831203C3C203429A6
:102B8000207C202831203C3C2035292900000000F1
:102B90000950756C6C20557020616E642050756C06
:102BA0006C20446F776E2073686F756C64206E6F55
:102BB0007420626520656E61626C65642073696D66
:102BC000756C74616E656F75736C790A0000000036
:102BD000212828666C6167732026202831554C20F7
:102BE0003C3C202831362929292026262021286608
:102BF0006C6167732026202831554C203C3C2028EE
:102C000031372929292026262028666C6167732000
:102C100026202831203C3C203129292900000000B1
:102C200009496E7075742063616E6E6F7420626501
:102C300020656E61626C656420666F7220274F703C
:102C4000656E20447261696E272C20274F70656E77
:102C500020536F7572636527206D6F6465732077ED
:102C60006974686F7574204F75747075740A00000C
:102C700028666C6167732026202831203C3C203177
:102C8000292920213D2030207C7C2028666C61672A
:102C9000732026202831203C3C20322929203D3D2C
:102CA0002030000028666C616773202620282831B8
:102CB000554C203C3C202831382929207C202831C3
:102CC000554C203C3C2028313929292929203D3DDB
:102CD0002030207C7C2028666C61677320262028A9
:102CE00031554C203C3C2028313729292920213DD1
:102CF00020300000094F7574707574206E6565642E
:102D00007320746F20626520656E61626C6564205B
:102D1000746F20626520696E697469616C697A6597
:102D200064206C6F77206F7220686967680A000002
:102D300028666C616773202620282831554C203C7A
:102D40003C202831382929207C202831554C203C32
:102D50003C202831392929292920213D20282831C2
:102D6000554C203C3C202831382929207C20283112
:102D7000554C203C3C2028313929292900000000ED
:102D8000094F75747075742063616E6E6F74206284
:102D90006520696E697469616C697A6564206C6F1D
:102DA0007720616E6420686967680A00574553544C
:102DB0005F544F504449522F7A65706879722F6979
:102DC0006E636C7564652F7A65706879722F6472B2
:102DD00069766572732F6932632E6800287B2065DF
:102DE000787465726E2073747275637420693263CF
:102DF0005F6472697665725F617069205F693263D2
:102E00005F6472697665725F6170695F6C69737423
:102E10005F73746172745B5D3B2065787465726E7C
:102E200020636F6E73742075696E74385F74205FF1
:102E30006932635F6472697665725F6170695F654C
:102E400078745F656E645B5D3B202828636F6E73EA
:102E5000742075696E74385F74202A292828636F7E
:102E60006E737420737472756374206932635F6467
:102E700072697665725F617069202A296465762DB2
:102E80003E61706929203C205F6932635F6472692A
:102E90007665725F6170695F6578745F656E6420E6
:102EA00026262028636F6E73742075696E74385FF0
:102EB00074202A292828636F6E73742073747275C6
:102EC0006374206932635F6472697665725F6170F2
:102ED00069202A296465762D3E61706929203E3D6E
:102EE0002028636F6E73742075696E74385F742068
:102EF0002A295F6932635F6472697665725F617007
:102F0000695F6C6973745F7374617274293B207DAF
:102F10002900000069326300737364313330364036
:102F200033630000574553545F544F504449522F68
:102F30007A65706879722F647269766572732F642E
:102F40006D612F646D615F73746D33322E630000A9
:102F50006964203C20636F6E6669672D3E6D617801
:102F60005F73747265616D7300000000646D614091
:102F70003430303236303030000000005745535482
:102F80005F544F504449522F7A65706879722F64AC
:102F90007269766572732F646D612F646D615F7302
:102FA000746D33325F76312E630000006964203C1B
:102FB00020282873697A655F7429282828696E7427
:102FC0002973697A656F6628636861725B31202DA9
:102FD000202832202A202128215F5F6275696C74C5
:102FE000696E5F74797065735F636F6D706174692A
:102FF000626C655F70285F5F747970656F665F5F94
:103000002873747265616D5F6E72292C205F5F7426
:103010007970656F665F5F28262873747265616DCD
:103020005F6E72295B305D292929295D29202D20B9
:103030003129202B202873697A656F662873747292
:1030400065616D5F6E7229202F2073697A656F66E6
:10305000282873747265616D5F6E72295B305D291B
:1030600029292900736C6F74203C20282873697A01
:10307000655F7429282828696E742973697A656FD9
:103080006628636861725B31202D202832202A2057
:103090002128215F5F6275696C74696E5F74797055
:1030A00065735F636F6D70617469626C655F7028D2
:1030B0005F5F747970656F665F5F286368616E6ECD
:1030C000656C5F6E72292C205F5F747970656F6626
:1030D0005F5F2826286368616E6E656C5F6E72297B
:1030E0005B305D292929295D29202D203129202BBC
:1030F000202873697A656F66286368616E6E656CF7
:103100005F6E7229202F2073697A656F66282863A5
:1031100068616E6E656C5F6E72295B305D2929296E
:10312000290000006964203C20282873697A655FC3
:103130007429282828696E742973697A656F66284E
:10314000636861725B31202D202832202A202128DB
:10315000215F5F6275696C74696E5F747970657305
:103160005F636F6D70617469626C655F70285F5F2B
:10317000747970656F665F5F2866756E63292C20B1
:103180005F5F747970656F665F5F28262866756E6D
:1031900063295B305D292929295D29202D203129CA
:1031A000202B202873697A656F662866756E6329FF
:1031B000202F2073697A656F66282866756E6329EB
:1031C0005B305D2929292900286D656D5F62757264
:1031D00073745F73697A652025206D656D5F646126
:1031E00074615F73697A6529203D3D2030000000DD
:1031F000094275727374206C656E6774682025755A
:103200002073686F756C64206265206D756C7469DD
:10321000706C65206F6620646174612073697A65E3
:103220002025750A00000000287065725F627572C3
:1032300073745F73697A652025207065725F6461BD
:1032400074615F73697A6529203D3D20300000007C
:10325000574553545F544F504449522F7A65706814
:1032600079722F696E636C7564652F7A6570687901
:10327000722F647269766572732F6770696F2F673A
:1032800070696F5F7574696C732E680063616C6C34
:103290006261636B00000000094E6F2063616C6C1B
:1032A0006261636B210A000063616C6C6261636B35
:1032B0002D3E68616E646C6572000000094E6F20DF
:1032C00063616C6C6261636B2068616E646C6572D3
:1032D000210A000063622D3E68616E646C657200B5
:1032E000693263403430303035383030000000000F
:1032F0006932634034303030353430300000000003
:103300000943616C6C6261636B20706F696E7465F8
:10331000722073686F756C64206E6F742062652014
:103320004E554C4C0A0000000943616C6C626163AD
:103330006B2068616E646C657220706F696E746575
:10334000722073686F756C64206E6F7420626520E4
:103350004E554C4C0A00000028666C6167732026AD
:1033600020282831554C203C3C2028323129292066
:103370007C202831554C203C3C20283232292929F8
:103380002920213D20282831554C203C3C20283242
:10339000312929207C202831554C203C3C202832E2
:1033A00032292929000000000943616E6E6F7420E4
:1033B000626F746820656E61626C6520616E642066
:1033C00064697361626C6520696E74657272757090
:1033D00074730A0028666C616773202620282831E0
:1033E000554C203C3C202832312929207C20283192
:1033F000554C203C3C202832322929292920213DC6
:1034000020305500094D75737420656974686572C4
:1034100020656E61626C65206F7220646973616201
:103420006C6520696E74657272757074730A000041
:103430002828666C6167732026202831554C203C73
:103440003C20283232292929203D3D203029207C6A
:103450007C202828666C6167732026202831554C13
:10346000203C3C2028323429292920213D203029A4
:10347000207C7C202828666C616773202620282801
:1034800031554C203C3C202832352929207C2028ED
:1034900031554C203C3C202832362929292920212D
:1034A0003D20282831554C203C3C20283235292904
:1034B000207C202831554C203C3C202832362929BC
:1034C00029290000094F6E6C79206F6E65206F66A8
:1034D000204750494F5F494E545F4C4F575F302C47
:1034E000204750494F5F494E545F484947485F3134
:1034F0002063616E20626520656E61626C65642088
:10350000666F722061206C6576656C20696E7465EB
:1035100072727570742E0A002828666C61677320B9
:1035200026202831554C203C3C202832322929299C
:10353000203D3D203029207C7C202828666C616756
:1035400073202620282831554C203C3C2028323539
:103550002929207C202831554C203C3C202832361B
:103560002929292920213D203029207C7C202866FA
:103570006C616773202620302920213D2030000017
:10358000094174206C65617374206F6E65206F66ED
:10359000204750494F5F494E545F4C4F575F302C86
:1035A000204750494F5F494E545F484947485F3173
:1035B0002068617320746F20626520656E61626CA3
:1035C00065642E0A000000006B657973000000003E
:1035D00072657365742D636F6E74726F6C6C657257
:1035E000000000006D707536303530403638000010
:1035F000574553545F544F504449522F7A65706871
:1036000079722F696E636C7564652F7A657068795D
:10361000722F647269766572732F646D612E680013
:10362000287B2065787465726E207374727563747C
:1036300020646D615F6472697665725F6170692094
:103640005F646D615F6472697665725F6170695F06
:103650006C6973745F73746172745B5D3B20657831
:103660007465726E20636F6E73742075696E743842
:103670005F74205F646D615F6472697665725F611B
:1036800070695F6578745F656E645B5D3B202828B8
:10369000636F6E73742075696E74385F74202A29A5
:1036A0002828636F6E73742073747275637420645A
:1036B0006D615F6472697665725F617069202A2945
:1036C0006465762D3E61706929203C205F646D61E0
:1036D0005F6472697665725F6170695F6578745F57
:1036E000656E642026262028636F6E7374207569CA
:1036F0006E74385F74202A292828636F6E737420D3
:1037000073747275637420646D615F647269766549
:10371000725F617069202A296465762D3E61706947
:1037200029203E3D2028636F6E73742075696E7486
:10373000385F74202A295F646D615F647269766501
:10374000725F6170695F6C6973745F7374617274C6
:10375000293B207D29000000646D610057455354CA
:103760005F544F504449522F7A65706879722F64C4
:103770007269766572732F73657269616C2F7561FA
:1037800072745F73746D33322E63000073746D3323
:10379000325F7265675F7265616428267573617256
:1037A000742D3E42525229203E3D20313600000009
:1037B000094261756452617465526567203E3D201F
:1037C00031360A00574553545F544F504449522FE5
:1037D0007A65706879722F696E636C7564652F7A8B
:1037E00065706879722F647269766572732F72657D
:1037F0007365742E68000000287B206578746572FC
:103800006E207374727563742072657365745F647F
:1038100072697665725F617069205F726573657445
:103820005F6472697665725F6170695F6C697374F9
:103830005F73746172745B5D3B2065787465726E52
:1038400020636F6E73742075696E74385F74205FC7
:1038500072657365745F6472697665725F617069C1
:103860005F6578745F656E645B5D3B202828636FDD
:103870006E73742075696E74385F74202A29282845
:10388000636F6E73742073747275637420726573E2
:1038900065745F6472697665725F617069202A2958
:1038A0006465762D3E61706929203C205F726573E6
:1038B00065745F6472697665725F6170695F65786F
:1038C000745F656E642026262028636F6E737420F3
:1038D00075696E74385F74202A292828636F6E73A7
:1038E00074207374727563742072657365745F6499
:1038F00072697665725F617069202A296465762D28
:103900003E61706929203E3D2028636F6E737420EC
:1039100075696E74385F74202A295F7265736574E7
:103920005F6472697665725F6170695F6C697374F8
:103930005F7374617274293B207D29007265736521
:103940007400000073657269616C4034303030344B
:103950003830300073657269616C40343030303417
:1039600034303000574553545F544F504449522F20
:103970007A65706879722F647269766572732F74D4
:10398000696D65722F636F727465785F6D5F7379AF
:10399000737469636B2E63007379735F636C6F6319
:1039A0006B5F69735F6C6F636B656428290000004F
:1039B0000973797374656D20636C6F636B206C6F32
:1039C000636B206E6F742068656C640A00000000F1
:1039D000574553545F544F504449522F7A6570688D
:1039E00079722F6B65726E656C2F6465766963659D
:1039F0002E6300007263203E3D202D2830786666DD
:103A000029202626207263203C2030000964657638
:103A100069636520257320696E69743A20696E7642
:103A2000616C6964206572726F7220282564290AAE
:103A300000000000574553545F544F504449522FE3
:103A40007A65706879722F6B65726E656C2F66612E
:103A500074616C2E63000000726561736F6E2021CB
:103A60003D204B5F4552525F4B45524E454C5F5097
:103A7000414E49430000000009417474656D707443
:103A8000656420746F207265636F7665722066725C
:103A90006F6D2061206B65726E656C2070616E6960
:103AA0006320636F6E646974696F6E0A00000000C2
:103AB000574553545F544F504449522F7A657068AC
:103AC00079722F6B65726E656C2F696E69742E63E7
:103AD00000000000646576203C3D205F64657669E7
:103AE00063655F6C6973745F656E640074687265AA
:103AF00061645F64617461203C3D205F5F73746149
:103B00007469635F7468726561645F646174615F46
:103B10006C6973745F656E6400000000656E74729A
:103B200079203C3D205F6B5F6B65726E656C5F69F1
:103B30006E69745F706F73745F656E7472795F6CB9
:103B40006973745F656E64006D61696E00000000EA
:103B5000656E747279203C3D205F6B5F6B65726EA1
:103B6000656C5F696E69745F7072655F656E7472B3
:103B7000795F6C6973745F656E64000057455354D8
:103B80005F544F504449522F7A65706879722F6B99
:103B900065726E656C2F69646C652E6300000000B1
:103BA0005F6B65726E656C2E637075735B305D2E36
:103BB00063757272656E742D3E626173652E7072EC
:103BC000696F203E3D20300021617263685F637041
:103BD000755F697271735F6172655F656E61626C5A
:103BE00065642829000000000974686973206973FE
:103BF000206D65616E7420746F2062652063616C56
:103C00006C65642077697468204952517320646937
:103C10007361626C65640A00574553545F544F509A
:103C20004449522F7A65706879722F6B65726E65A0
:103C30006C2F696E636C7564652F6B736368656464
:103C40002E6800007468726561642D3E6261736560
:103C50002E70656E6465645F6F6E00005745535447
:103C60005F544F504449522F7A65706879722F6BB8
:103C700065726E656C2F6D73675F712E6300000057
:103C800021617263685F69735F696E5F697372282F
:103C900029207C7C20282874696D656F7574292E15
:103CA0007469636B73203D3D202828286B5F74691D
:103CB0006D656F75745F74297B307D29292E746959
:103CC000636B732900000000090A00005745535434
:103CD0005F544F504449522F7A65706879722F694A
:103CE0006E636C7564652F7A65706879722F737076
:103CF000696E6C6F636B2E68000000007A5F7370F2
:103D0000696E5F6C6F636B5F76616C6964286C29A8
:103D10000000000009496E76616C69642073706967
:103D20006E6C6F636B2025700A000000286D73674E
:103D3000712D3E77726974655F707472203E3D200C
:103D40006D7367712D3E6275666665725F7374612F
:103D500072742920262620286D7367712D3E777294
:103D60006974655F707472203C3D20286D736771C3
:103D70002D3E6275666665725F656E64202D20312A
:103D8000292920262620282873697A655F74292826
:103D900075696E747074725F7429286D7367712D04
:103DA0003E6275666665725F656E64202D206D7378
:103DB00067712D3E77726974655F70747229203E59
:103DC0003D206D7367712D3E6D73675F73697A6512
:103DD000290000007A5F7370696E5F756E6C6F63A7
:103DE0006B5F76616C6964286C290000094E6F7402
:103DF000206D79207370696E6C6F636B2025700A7B
:103E000000000000574553545F544F504449522F0F
:103E10007A65706879722F6B65726E656C2F6D753F
:103E20007465782E6300000021617263685F6973B6
:103E30005F696E5F6973722829000000096D7574EF
:103E4000657865732063616E6E6F7420626520759E
:103E500073656420696E7369646520495352730AFF
:103E6000000000006D757465782D3E6C6F636B5FAC
:103E7000636F756E74203E203055000057455354D3
:103E80005F544F504449522F7A65706879722F6B96
:103E900065726E656C2F73656D2E630028286172E4
:103EA00063685F69735F696E5F6973722829203D7B
:103EB0003D203029207C7C20282874696D656F7531
:103EC00074292E7469636B73203D3D202828286B6C
:103ED0005F74696D656F75745F74297B307D292906
:103EE0002E7469636B73292900000000737973775E
:103EF0006F726B7100000000574553545F544F5070
:103F00004449522F7A65706879722F6B65726E65BD
:103F10006C2F776F726B2E6300000000776F726BEF
:103F20002D3E717565756520213D202828766F69C5
:103F300064202A293029000068616E646C65722053
:103F4000213D202828766F6964202A293029000025
:103F5000717565756520213D202828766F6964207C
:103F60002A2930290000000021666C61675F7465B2
:103F70007374282671756575652D3E666C6167736F
:103F80002C204B5F574F524B5F51554555455F5362
:103F90005441525445445F42495429007175657536
:103FA00065000000737461636B00000064776F72DA
:103FB0006B20213D202828766F6964202A2930292A
:103FC00000000000574553545F544F504449522F4E
:103FD0007A65706879722F6B65726E656C2F746884
:103FE000726561642E630000282828287072696F4A
:103FF0002929203D3D203135202626207A5F69730E
:104000005F69646C655F7468726561645F656E7436
:1040100072792828656E747279292929207C7C2080
:104020002828283135202D203129203E3D202828E0
:104030002D31362929292026262028287072696FDB
:104040002929203E3D2028282D31362929202626C1
:104050002028287072696F2929203C3D202831359D
:10406000202D20312929290009696E76616C696447
:10407000207072696F7269747920282564293B2049
:10408000616C6C6F7765642072616E67653A20259C
:104090006420746F2025640A0000000009546872CF
:1040A00065616473206D6179206E6F742062652094
:1040B0006372656174656420696E20495352730AA6
:1040C0000000000021657373656E7469616C000007
:1040D0000961626F7274656420657373656E7469DB
:1040E000616C207468726561642025700A000000AC
:1040F000574553545F544F504449522F7A65706866
:1041000079722F6B65726E656C2F696E636C756466
:10411000652F72756E5F712E68000000217A5F69ED
:10412000735F69646C655F7468726561645F6F6218
:104130006A65637428746872656164290000000010
:104140002169735F7468726561645F64756D6D7910
:104150002874687265616429000000005745535453
:104160005F544F504449522F7A65706879722F6BB3
:1041700065726E656C2F696E636C7564652F6B7408
:1041800068726561642E68005F6B65726E656C2E87
:10419000637075735B305D2E63757272656E74202B
:1041A000213D202828766F6964202A2930290000C3
:1041B000574553545F544F504449522F7A657068A5
:1041C00079722F6B65726E656C2F73636865642EF0
:1041D000630000007468726561642D3E62617365FE
:1041E0002E70656E6465645F6F6E203D3D202828EB
:1041F000766F6964202A29302900000021746572D5
:104200006D696E61746500000961626F7274656446
:10421000205F63757272656E74206261636B2066E5
:10422000726F6D20646561640A00000009626C6F42
:10423000636B696E672070656E642066726F6D20B7
:1042400049535220636F6E746578740A0000000051
:1042500073697A656F66285F73636865645F7370FE
:10426000696E6C6F636B29203D3D2030207C7C2083
:104270006C6F636B20213D20265F73636865645F0C
:104280007370696E6C6F636B000000005745535488
:104290005F544F504449522F7A65706879722F6B82
:1042A00065726E656C2F736C6565702E630000001F
:1042B000574553545F544F504449522F7A657068A4
:1042C00079722F6B65726E656C2F736368656475A8
:1042D0006C65722E630000005F6B65726E656C2EFC
:1042E000637075735B305D2E63757272656E742DCD
:1042F0003E626173652E73636865645F6C6F636BA8
:10430000656420213D203155000000005F6B65721F
:104310006E656C2E637075735B305D2E63757272A3
:10432000656E742D3E626173652E73636865645FAC
:104330006C6F636B656420213D20305500000000E8
:10434000574553545F544F504449522F7A65706813
:1043500079722F6B65726E656C2F74696D65736C05
:104360006963696E672E6300282874696D656F75CF
:10437000742920262620282875696E747074725F4F
:10438000742928736C6963655F74696D656F7574F2
:10439000732929203C3D20282875696E7470747239
:1043A0005F74292874696D656F7574292920262624
:1043B00020282875696E747074725F742928746976
:1043C0006D656F75742929203C20282875696E74E5
:1043D0007074725F7429282628736C6963655F7432
:1043E000696D656F757473295B282873697A655FD9
:1043F0007429282828696E742973697A656F66287C
:10440000636861725B31202D202832202A20212808
:10441000215F5F6275696C74696E5F747970657332
:104420005F636F6D70617469626C655F70285F5F58
:10443000747970656F665F5F28736C6963655F741C
:10444000696D656F757473292C205F5F7479706571
:104450006F665F5F282628736C6963655F74696D9A
:10446000656F757473295B305D292929295D2920C1
:104470002D203129202B202873697A656F662873D7
:104480006C6963655F74696D656F75747329202F3E
:104490002073697A656F662828736C6963655F7439
:1044A000696D656F757473295B305D292929295DF4
:1044B00029292026262028282875696E7470747290
:1044C0005F74292874696D656F75742929202D2002
:1044D000282875696E747074725F742928736C690A
:1044E00063655F74696D656F75747329292920256B
:1044F0002073697A656F662828736C6963655F74D9
:10450000696D656F757473295B305D29203D3D20B1
:1045100030290000574553545F544F504449522F9F
:104520007A65706879722F6B65726E656C2F737027
:10453000696E6C6F636B5F76616C69646174652E24
:10454000630000007A5F68656C645F7370696E6C0D
:104550006F636B5F636F756E745B6370755F6964C7
:104560005D203E3D20300000097370696E6C6F6302
:104570006B20756E6C6F636B2077697468206E6F4B
:10458000206D61746368696E67206C6F636B0A00ED
:104590006578747261203E3D2030000009737761B8
:1045A000705F6C6F636B202570206973206E6F7471
:1045B00020747261636B656420696E207468652085
:1045C0007370696E6C6F636B20686F6C6420636FCF
:1045D000756E74210A00000068656C64203D3D2002
:1045E0002828766F6964202A293029207C7C20685D
:1045F000656C64203D3D20737761705F6C6F636B09
:104600000000000009436F6E746578742073776949
:10461000746368696E67207768696C6520686F6C81
:1046200064696E67207370696E6C6F636B202570B0
:10463000210A00006578747261203D3D2030000041
:1046400009436F6E74657874207377697463686961
:104650006E67207768696C6520686F6C64696E6747
:10466000202564206578747261207370696E6C6FA8
:10467000636B287329210A00617263685F69727134
:104680005F756E6C6F636B6564286B657929207C40
:104690007C205F6B65726E656C2E637075735B302A
:1046A0005D2E63757272656E742D3E626173652E48
:1046B0007468726561645F73746174652026202874
:1046C000282831554C203C3C202830292929207CA1
:1046D00020282831554C203C3C20283329292929E1
:1046E0000000000009436F6E746578742073776969
:1046F000746368696E672077697468206972715F96
:104700006C6F636B2068656C64210A0057455354D5
:104710005F544F504449522F7A65706879722F6BFD
:1047200065726E656C2F74696D656F75742E6300AC
:104730007A5F69735F696E6163746976655F7469D6
:104740006D656F757428746F2900000057455354C8
:104750005F544F504449522F7A65706879722F6BBD
:1047600065726E656C2F6D656D706F6F6C2E63007A
:10477000616C69676E203D3D2030207C7C202828BC
:1047800075696E747074725F74296D656D20262072
:1047900028616C69676E202D20312929203D3D203C
:1047A00030000000096D6973616C69676E65642093
:1047B0006D656D6F72792061742025702028616CA1
:1047C00069676E203D20257A75290A0057455354A4
:1047D0005F544F504449522F7A65706879722F6B3D
:1047E00065726E656C2F6B686561702E63000000EA
:1047F00068656170203C3D205F6B5F686561705F3C
:104800006C6973745F656E6400000000286E756CDF
:104810006C2900002A666C6F61742A000AD7233C59
:10482000CDCCCC3D0000803F000020410000C842BC
:104830000000000000000000002F00000000070042
:10484000070000147F147F1400242A7F2A120023FB
:10485000130864620036495522500000000700002A
:1048600000001C224100000041221C000014083EF0
:1048700008140008083E0808000000A060000008B6
:10488000080808080000606000000020100804020A
:10489000003E5149453E0000427F400000426151C8
:1048A0004946002141454B31001814127F10002762
:1048B00045454539003C4A49493000017109050325
:1048C00000364949493600064949291E0000363656
:1048D00000000000563600000008142241000014B9
:1048E0001414141400004122140800020151090696
:1048F000003E4955592E007C1211127C007F494917
:104900004936003E41414122007F4141221C007F47
:1049100049494941007F09090901003E4149497A55
:10492000007F0808087F0000417F410000204041CF
:104930003F01007F08142241007F40404040007F3B
:10494000020C027F007F0408107F003E4141413E7F
:10495000007F09090906003E4151215E007F0919C7
:1049600029460046494949310001017F0101003FC4
:104970004040403F001F2040201F003F4038403F44
:1049800000631408146300070870080700615149A8
:10499000454300007F414100000204081020000050
:1049A00041417F00000402010204004040404040B9
:1049B000000001020400002054545478007F484451
:1049C000443800384444442000384444487F003888
:1049D0005454541800087E0901020018A4A4A47CB1
:1049E000007F080404780000447D4000004080847B
:1049F0007D00007F102844000000417F4000007CC3
:104A000004180478007C08040478003844444438CE
:104A100000FC242424180018242418FC007C08041A
:104A2000040800485454542000043F444020003CF3
:104A30004040207C001C2040201C003C4030403C7A
:104A4000004428102844001CA0A0A07C004464540A
:104A50004C440000087F41000000007F000000007F
:104A6000417F080000080408100800000000000052
:104A70000000000000000000000000000000000036
:104A80000000F833003000000000000000001600B5
:104A90000E00000016000E00000000004004C03FA1
:104AA00078044004C03F78044004000000007018FF
:104AB0008820FCFF0821301E00000000F0000821C3
:104AC000F01C0003E01E1821001E0000001EF02153
:104AD000082388247019002700210010000000001E
:104AE000000016000E0000000000000000000000A2
:104AF0000000E007181804200240000000000240F7
:104B000004201818E00700000000000040024002E6
:104B10008001F00F8001400240020000000100010E
:104B20000001F01F00010001000100000000000072
:104B300000000000000000B0007000000000000154
:104B4000000100010001000100010001000000005F
:104B500000000000000000300030000000000000F5
:104B60000000006080186006180104000000E00FDB
:104B70001010082008201010E00F00000000102086
:104B80001020F83F002000200000000000007030DE
:104B900008280824082288217030000000003018FE
:104BA0000820882088204811300E000000000007EF
:104BB000C00420241024F83F002400000000F8194D
:104BC0000821882088200811080E00000000E00F4E
:104BD0001011882088201811000E000000003800F5
:104BE0000800083FC8003800080000000000701CE2
:104BF0008822082108218822701C00000000E000A3
:104C00001031082208221011E00F000000000000FF
:104C10000000C030C03000000000000000000000B4
:104C20000000C030C0B000700000000000000001B3
:104C300080024004200810100820000040044004B6
:104C400040044004400440044004000000000820E8
:104C500010102008400480020001000000007000D5
:104C60004830083608010800F0000000C00730187E
:104C7000C8272824E8231014E00B00000020003C83
:104C8000C0233802E0020027003800200820F83F47
:104C90008820882088207011000E0000C00730187E
:104CA0000820082008200810380800000820F83FD5
:104CB0000820082008201010E00F00000820F83F0E
:104CC00088208820E8230820101800000820F83FDA
:104CD00088208800E803080010000000C007301892
:104CE000082008200822381E000200000820F83F93
:104CF0000821000100010821F83F082000000820D9
:104D00000820F83F082008200000000000C00080B4
:104D100008800880F87F0800080000000820F83F9D
:104D20008820C00128261838082000000820F83FF5
:104D30000820002000200020003000000820F83F5C
:104D4000F800003FF800F83F082000000820F83F76
:104D50003020C00000070818F83F0800E00F1010CE
:104D60000820082008201010E00F00000820F83F5D
:104D70000821080108010801F0000000E00F1018E8
:104D80000824082408381050E04F00000820F83F9D
:104D9000882088008803880C70300020000070385C
:104DA0008820082108210822381C0000180008006B
:104DB0000820F83F08200800180000000800F81F2D
:104DC0000820002000200820F81F080008007800B4
:104DD00088070038000EC80138000800F803083CB6
:104DE0000007F8000007083CF8030000082018300E
:104DF000682C80038003682C1830082008003800D5
:104E0000C820003FC82038000800000010200838E3
:104E100008260821C82038200818000000000000DB
:104E20000000FE7F024002400240000000000C0033
:104E30003000C0010006003800C000000000024041
:104E400002400240FE7F0000000000000000200041
:104E500010000800040008001000200000800080FE
:104E60000080008000800080008000800000020040
:104E7000040008000000000000000000000000190D
:104E80008024802280228022003F00200800F83FFA
:104E90000011802080200011000E00000000000E94
:104EA0000011802080208020001100000000000EF2
:104EB0008011802080208810F83F00200000001F13
:104EC0008022802280228022001300000020802087
:104ED000803FF02088208820880018000000006BA8
:104EE0008094809480948093006000000820F83FB4
:104EF0000021800080008020003F002000008020F2
:104F00009820983F0020002000000000000000C012
:104F1000008000809880987F000000000820F83F03
:104F200000240002802D80300020000000000820B6
:104F30000820F83F00200020000000008020803F73
:104F400080208000803F80208000803F0000802003
:104F5000803F002180008020003F00200000001FD3
:104F60008020802080208020001F0000808080FF23
:104F700000A1802080200011000E00000000000E23
:104F800080118020802080A000FF00808020802071
:104F9000803F00218020800080010000000000335D
:104FA00080248024802480240019000000008000D8
:104FB000801FE02080208020000000008000801FF3
:104FC0000020002000208010803F00208000800111
:104FD000800E00300008800680010000800F8030C5
:104FE000000C8003000C8030800F00000000802047
:104FF0008031002E000E8031802000008080808172
:10500000808E007000188006800100000000802162
:105010008030802C802280210030000000000000C1
:105020000000803F7C400240024000000000000081
:105030000000FFFF00000000000000000000024030
:1050400002407C3F80000000000000000000800063
:10505000400040008000000100018000E7D100080E
:1050600005D200081FD200084BD300088FD20008D9
:105070007DD2000839D200084BD2000869D200085E
:10508000FDD200087BD3000871D30008C80F0020B0
:105090004C10002098500108E92800087D290008DC
:1050A000CD290008EDD40008D7D40008B00F0108BE
:1050B000CC0F0108FFFF00000020024008000000A4
:1050C0003000000000010000FFFF0000001C024053
:1050D000070000003000000080000000FFFF00001B
:1050E00000180240060000003000000040000000F0
:1050F000FFFF000000140240050000003000000027
:1051000020000000FFFF000000100240040000002B
:105110003000000010000000FFFF0000000C024003
:10512000030000003000000008000000FFFF000046
:1051300000080240020000003000000004000000EF
:10514000FFFF0000000402400100000030000000EA
:1051500002000000FFFF000000000240000000000D
:1051600030000000010000005C0F0108400F010842
:10517000240F0108080F0108EC0E0108D00E0108E9
:10518000B40E0108980E01087C0E010800000020F2
:105190000000000000000B0602000000A051010802
:1051A000000000086026010824000206000000201C
:1051B0006826010820000B110A0600000505000002
:1051C00004010000030100000201000001010000D1
:1051D00000010000041001083C0000000000000075
:1051E00000000000000000000000000000000000BF
:1051F00000000000000000000000000000000000AF
:10520000000000000000000000000000E7EC0008C3
:10521000F3EC000889E600080000400080008000F0
:1052200000003F22010100000A0000000000000011
:10523000081A00203000000000002000A3EE000843
:10524000000000000060024008000000B41A0020C6
:105250000000000000080000001000000000000036
:105260000020000000400000102840587088A0B8BE
:1052700003F000080BF0000813F000081BF0000812
:1052800023F000082BF0000833F000083BF0000882
:1052900033F1000839F100083FF1000847F1000838
:1052A0004FF1000855F100085BF1000863F10008B8
:1052B000F7F00008FDF0000805F100080DF1000806
:1052C00015F100081BF1000823F100082BF100087C
:1052D000BBF00008C1F00008C9F00008D1F00008D8
:1052E000D9F00008DFF00008E7F00008EFF0000850
:1052F000C3EF0008CBEF0008D3EF0008DBEF000896
:10530000E3EF0008EBEF0008F3EF0008FBEF000805
:1053100083EF00088BEF000893EF00089BEF000875
:10532000A3EF0008ABEF0008B3EF0008BBEF0008E5
:105330007FF0000885F000088DF0000895F0000867
:105340009DF00008A3F00008ABF00008B3F00008DF
:1053500043F0000849F0000851F0000859F0000837
:1053600061F0000867F000086FF0000877F00008AF
:105370000000000000000002000000040000000621
:10538000000000080000000A0000000C0000000EF1
:105390000000000001000000020000000300000007
:1053A00004000000050000000600000007000000E7
:1053B000102840587088A0B840000000000040004D
:1053C000C853010801000000D0530108020000008A
:1053D00041C9040061C90400400000000000200031
:1053E000E853010801000000F0530108020000002A
:1053F000C1C80400E1C804006932635F73746D338F
:10540000325F6D73675F7265616400006932635F6C
:1054100073746D33325F6D73675F777269746500A3
:105420001E0000000400000038540108E8040020B9
:10543000496E000801000000EC0E01080000110098
:105440000B000000EC0E010801001100020000003A
:10545000EC0E01080200110003000000EC0E010830
:10546000030011000400000000380240E80F0108AA
:10547000680000000200FA00000000001E058F0214
:105480004801A40000480040440E0108600E0108D5
:1054900012040000B05401080100000000000000E8
:1054A0000000000000000000B8540108DB090108FA
:1054B0004000000000000400C0540108010000008A
:1054C000C854010802000000034F0400234F0000ED
:1054D00000440040440E0108600E01081104000061
:1054E000FC54010801000000000000000000000062
:1054F0000000000004550108C70901084000000031
:10550000000002000C5501080100000014550108BC
:1055100002000000404E0400604E00000000000049
:105520000000000001020304060708091028405883
:105530007088A0B82C0D01082C0D0108C40D0108BD
:10554000CC0D0108FC0D0108440E0108EC3E0108D9
:0C555000000100008813000000000000B3
:10555C00FCA9F1D24D62503FFA7E6ABC7493683F4D
:10556C00B81E85EB51B89E3F000000000000000003
:10557C00000000000000000000000000000000001F
:10558C00000000000000000000000000000000000F
:10559C000000000000000000FCA9F1D24D62503F59
:1055AC00FA7E6ABC7493683FB81E85EB51B89E3F77
:1055BC0000000000000000000000000000000000DF
:1055CC0000000000000000000000000000000000CF
:1055DC0000000000000000000000000000000000BF
:1055EC005C03002000000000000000000000000030
:1055FC00000000000000000000000000000000009F
:10560C00000000000000000000000000000000008E
:10561C00000000000000000000000000000000007E
:10562C00000000000000000000000000000000006E
:10563C00000000000000000000000000000000005E
:10564C00000000000000000000000000000000004E
:10565C00000000000000000000000000000000003E
:10566C00000000000000000000000000000000002E
:10567C00000000000000000000000000000000001E
:10568C00000000000000000000000000000000000E
:10569C0000000000000000000000000000000000FE
:1056AC0000000000000000000000000000000000EE
:1056BC0000000000000000000000000000000000DE
:1056CC0000000000000000000000000000000000CE
:1056DC0000000000000000000000000000000000BE
:1056EC0000000000000000000000000000000000AE
:1056FC00000000000000000000000000000000009E
:10570C00000000000000000000000000000000008D
:10571C00000000000000000000000000000000007D
:10572C00000000000000000000000000000000006D
:10573C0064030020000000000000000000000000D6
:10574C00000000000000000000000000000000004D
:10575C00000000000000000000000000000000003D
:10576C00000000000000000000000000000000002D
:10577C00000000000000000000000000000000001D
:10578C00000000000000000000000000000000000D
:10579C0000000000000000000000000000000000FD
:1057AC0000000000000000000000000000000000ED
:1057BC0000000000000000000000000000000000DD
:1057CC0000000000000000000000000000000000CD
:1057DC0000000000000000000000000000000000BD
:1057EC0000000000000000000000000000000000AD
:1057FC00000000000000000000000000000000009D
:10580C00000000000000000000000000000000008C
:10581C00000000000000000000000000000000007C
:10582C00000000000000000000000000000000006C
:10583C00000000000000000000000000000000005C
:10584C00000000000000000000000000000000004C
:10585C00000000000000000000000000000000003C
:10586C00000000000000000000000000000000002C
:10587C00000000000000000000000000000000001C
:10588C00FFFFFFFF320000000FDA000800000000ED
:10589C00A3E400080000000000000000FFFFFFFF71
:1058AC00FFFFFFFFFFFFFFFFFFFFFFFF20A1070030
:1058BC000001030000C20100000103000024F400F9
:1058CC00C80000007403002074030020FFFFFFFFDA
:1058DC0000000000000000000000000000000000BC
:1058EC0000000000000000000000000000000000AC
:0858FC000000000000000000A4
:1059040000000000403300204408000000000000B4
:0859140000000000000000008B
:10591C00C0030020C0030020000000000C000000A9
:10592C0010000000843B0020443C0020843B0020FD
:0C593C00843B0020000000000000000080
:0459480015E015E071
:04000005080041C5E9
:00000001FF
