:020000040800F2
:10000000801A0020B533000821960008A1330008AB
:10001000A1330008A1330008A1330008000000004C
:10002000000000000000000000000000F93300089C
:10003000A133000800000000E1350008A9470008CE
:1000400079360008793600087936000879360008D4
:1000500079360008793600087936000879360008C4
:1000600079360008793600087936000879360008B4
:1000700079360008793600087936000879360008A4
:100080007936000879360008793600087936000894
:100090007936000879360008793600087936000884
:1000A0007936000879360008793600087936000874
:1000B0007936000879360008793600087936000864
:1000C0007936000879360008793600087936000854
:1000D0007936000879360008793600087936000844
:0400E0007936000865
:1001000030B490F800F020F007016FF0000C10F010
:10011000070491F820F040F048804FF000046FF0A1
:100120000700D1E9002391F840F000F1080082FABD
:100130004CF2A4FA8CF283FA4CF3A2FA8CF34BBB88
:10014000D1E9022382FA4CF200F10800A4FA8CF201
:1001500083FA4CF3A2FA8CF3E3B9D1E9042382FACF
:100160004CF200F10800A4FA8CF283FA4CF3A2FAE4
:100170008CF37BB9D1E9062301F1200182FA4CF21C
:1001800000F10800A4FA8CF283FA4CF3A2FA8CF383
:10019000002BC6D0002A04BF04301A4612BAB2FAA5
:1001A00082F200EBD20030BC7047D1E9002304F0AA
:1001B0000305C4F100004FEAC50514F0040F91F8DF
:1001C00040F00CFA05F562EA05021CBF63EA05037C
:1001D00062464FF00004AAE70000000000000000A3
:1001E00002780B78012A28BF9A4240F0D8806DE946
:1001F000044540EA0104CDE902676FF0000C4FEAC4
:1002000044721AB380EA010414F0070F6BD100F0B6
:10021000070420F0070004F0030521F007014FEA6E
:10022000C505F0E8042314F0040FF1E804670CFAA4
:1002300005F462EA040266EA04060BD063EA0403EA
:10024000624667EA0407664604E000BFF0E804235C
:10025000F1E8046782FA4CF582EA0604A4FA8CF409
:100260006CBB83FA4CF583EA0705A5FA8CF595B9C2
:1002700050E9022351E9026782FA4CF582EA06044A
:10028000A4FA8CF483FA4CF583EA0705A5FA8CF5F9
:100290002543DBD09CB92DBAB5FA85F424F00704C8
:1002A00027FA04F1DDE9026723FA04F303F0FF0003
:1002B00001F0FF01FDE80445A0EB0100704724BAFE
:1002C000B4FA84F424F0070426FA04F1DDE90267A5
:1002D00022FA04F202F0FF0001F0FF01FDE80445FC
:1002E000A0EB0100704714F0030F3CD110F00304A1
:1002F00028D150F8082B51F8083B82FA4CF582EAD5
:100300000305A5FA8CF55DB950F8042C51F8043CAE
:1003100082FA4CF582EA0305A5FA8CF5002DE8D0A7
:100320002DBAB5FA85F424F0070423FA04F122FA71
:1003300004F202F0FF0001F0FF01FDE80445A0EB2C
:10034000010070474FEAC40420F0030050F8082B66
:1003500021F0030151F8083B0CFA04F462EA0402AC
:1003600063EA0403C9E710F003041DD0A1EB040104
:1003700020F00300E40750F8042B06D012D28B784B
:100380005FFAA2F4E41A06D12BB1CB785FFAB2F48B
:10039000E41A00D133B920465DF8104B7047A2EB48
:1003A0000300704701F1040150F8042BCC0721F041
:1003B000030151F8043B48D824D222F07F4482FA4A
:1003C0004CF594EA1325A5FA8CF50AD165B951F8D4
:1003D000043B84EA0204B4EB036F0ED150F8042B03
:1003E000EBE74FEA132355E035F07F454DD1087810
:1003F000FDE80445C0F1000070474FEA126203F0C7
:10040000FF0347E002EA1C4482FA4CF594EA1345E4
:10041000A5FA8CF50AD165B951F8043B84EA0204C7
:10042000B4EB034F0CD150F8042BEBE74FEA134326
:1004300030E015EA1C4528D10B884FEA124229E02A
:100440004FEA124203EA1C4324E002F0FF0482FA5E
:100450004CF594EA1365A5FA8CF50AD165B951F803
:10046000043B84EA0204B4EB032F09D150F8042BB7
:10047000EBE74FEA13630DE015F0FF0F05D10B68B2
:100480004FEA122223F07F4304E04FF00000FDE822
:100490000445704712BA1BBA82FA4CF482EA03048C
:1004A000A4FA8CF5B5FA85F402FA04F203FA04F31F
:1004B0004FEA1260FDE80445A0EB1360704700BFEF
:1004C00080EA0102844612F0030F4FD111F0030FAE
:1004D00032D14DF8044D11F0040F51F8043B0BD00C
:1004E000A3F101329A4312F0803F04BF4CF8043B61
:1004F00051F8043B16D100BF51F8044BA3F101326F
:100500009A4312F0803FA4F101320BD14CF8043B26
:10051000A24312F0803F04BF51F8043B4CF8044B57
:10052000EAD023460CF8013B13F0FF0F4FEA3323C8
:10053000F8D15DF8044B704711F0010F06D011F8A7
:10054000012B0CF8012B002A08BF704711F0020F95
:10055000BFD031F8022B12F0FF0F16BF2CF8022B80
:100560008CF8002012F47F4FB3D1704711F8012BA3
:100570000CF8012B002AF9D1704700BF844641EAEC
:10058000000313F003036DD1403A41D351F8043B0B
:1005900040F8043B51F8043B40F8043B51F8043B5D
:1005A00040F8043B51F8043B40F8043B51F8043B4D
:1005B00040F8043B51F8043B40F8043B51F8043B3D
:1005C00040F8043B51F8043B40F8043B51F8043B2D
:1005D00040F8043B51F8043B40F8043B51F8043B1D
:1005E00040F8043B51F8043B40F8043B51F8043B0D
:1005F00040F8043B51F8043B40F8043B51F8043BFD
:1006000040F8043B51F8043B40F8043B403ABDD26B
:10061000303211D351F8043B40F8043B51F8043B0D
:1006200040F8043B51F8043B40F8043B51F8043BCC
:1006300040F8043B103AEDD20C3205D351F8043B9C
:1006400040F8043B043AF9D2043208D0D2071CBF68
:1006500011F8013B00F8013B01D30B880380604691
:10066000704700BF082A13D38B078DD010F0030307
:100670008AD0C3F10403D21ADB071CBF11F8013B77
:1006800000F8013B80D331F8023B20F8023B7BE7C6
:10069000043AD9D3013A11F8013B00F8013BF9D2F1
:1006A0000B7803704B7843708B788370604670478B
:1006B0007BB972B90029BEBF00204FF0004106E0AF
:1006C00008BF00281CBF6FF000414FF0FF3000F062
:1006D00057B8ADF1080C6DE904CE002909DB002BF9
:1006E0001ADB00F04FF8DDF804E0DDE9022304B086
:1006F0007047404261EB4101002B1BDB00F042F8E8
:10070000DDF804E0DDE9022304B0404261EB410181
:10071000524263EB43037047524263EB430300F0E2
:1007200031F8DDF804E0DDE9022304B0404261EB7A
:1007300041017047524263EB430300F023F8DDF8B8
:1007400004E0DDE9022304B0524263EB4303704747
:1007500053B94AB9002908BF00281CBF4FF0FF3128
:100760004FF0FF3000F00CB8ADF1080C6DE904CE8D
:1007700000F008F8DDF804E0DDE9022304B070477A
:10078000704700BF2DE9F0478C468E46089E1546FF
:1007900004461946002B40F0D080724547D9B2FA82
:1007A00082F74FB1C7F120030EFA07FC20FA03F3DA
:1007B000BD4043EA0C0CBC404FEA154EA8B2BCFB4E
:1007C000FEF8230C0EFB18CC08FB00F943EA0C439F
:1007D000994528D9EB1808F1FF3204D2994502D97E
:1007E000A8F102022B44A3EB0903A4B2B3FBFEFC65
:1007F0000EFB1C330CFB00F044EA0344A04214D966
:100800002C190CF1FF3304D2A04202D9ACF102033F
:100810002C44241A43EA02401EB1FC4000233460F9
:100820007360BDE8F0874246DDE76346F1E7002AE2
:1008300079D0B2FA82F3002B3FD01946C1F12003E0
:1008400002FA01F52EFA03F20EFA01FE20FA03F382
:1008500043EA0E034FEA154E00FA01F4B2FBFEFC28
:10086000AFB20EFB1C201A0C0CFB07F842EA004248
:1008700090455AD9AA180CF1FF3004D2904502D9FC
:10088000ACF102002A44A2EB08029BB2B2FBFEFCD0
:100890000EFB1C220CFB07F743EA02439F4246D99A
:1008A000EB180CF1FF3204D29F4202D9ACF10202E4
:1008B0002B44DB1B42EA004202E0AEEB02030122C2
:1008C0004FEA154EAFB2B3FBFEFC200C0EFB1C33FF
:1008D0000CFB07F840EA034398452AD9EB180CF1C2
:1008E000FF3004D2984502D9ACF102002B44A3EBAF
:1008F0000803A4B2B3FBFEFC0EFB1C330CFB07F792
:1009000044EA0344A74216D92C190CF1FF3304D250
:10091000A74202D9ACF102032C44E41B43EA004095
:100920000F46114678E71F2188E76046ABE762462D
:10093000BFE76046DBE76346EFE7734506D916B9C4
:10094000002108466DE7C6E9000EF9E7B3FA83F720
:1009500087B9734501D3824207D8841A6EEB03032B
:1009600001209C461EB900215BE73846FAE7C6E93C
:10097000004CF8E7C7F1200CBB4022FA0CF51D43F0
:1009800020FA0CF12EFA0CF30EFA07FE41EA0E01E2
:100990004FEA154900FA07F4B3FBF9F81FFA85FE90
:1009A00009FB18300B0C08FB0EFA43EA00439A458A
:1009B00002FA07F240D9EB1808F1FF3004D29A4549
:1009C00002D9A8F102002B44A3EB0A0389B2B3FBBE
:1009D000F9F809FB183308FB0EFE41EA03418E4586
:1009E0002CD9691808F1FF3304D28E4502D9A8F139
:1009F0000203294443EA0040A0FB0298A1EB0E0148
:100A00004145CE46434602D306D14C4504D2B9EB0C
:100A1000020E68EB05030138002EA4D0B4EB0E02E1
:100A200061EB030101FA0CFC22FA07F34CEA030321
:100A3000F940C6E9003196E74046C5E74346D9E7A5
:100A40002DE9F04F8FB00B900C4615460AF054FE7E
:100A50000022431880F0858013444F4FA7FB032CDE
:100A60002CF0030202EB9C029B1AC01A61F10002F7
:100A70004FF0CC3100FB01F107FB0211A0FB070393
:100A80001944400840EAC1704F088046012C6AD0E2
:100A90006C6821464148FFF7A3FB28B12146404836
:100AA000FFF79EFB002867D139A3D3E90023404616
:100AB0003946FFF7FDFD0C900E4635A3D3E9002320
:100AC00040463946FFF7F4FD15461C46354A0023DB
:100AD00028462146FFF7ECFD07460D91314A0023D9
:100AE00028462146FFF7E4FD15461C464EF66022D7
:100AF000002328462146FFF7DBFD814688464EF657
:100B00006022002328462146FFF7D2FD15461C46E9
:100B10004FF47A72002328462146FFF7C9FD834629
:100B20008A464FF47A72002328462146FFF7C0FD1B
:100B3000CDE90823CDF818B0CDF81CA0CDF8109061
:100B4000CDF8148002970D9B03930C9B00930196A4
:100B5000154A08210B9808F036F900200FB0BDE8BF
:100B6000F08F012278E700900197104A08210B9836
:100B700008F029F90020F1E723460D4A01210B98DE
:100B800008F021F96FF00400E8E700BFAFF3008040
:100B9000005C260500000000CDCCCCCC74C0000861
:100BA00078C0000880EE36009CC0000860C00008D5
:100BB00084C0000808B50E480AF03BFAA0B10C4CFE
:100BC000204600F0BBFC0121204600F09FFC20469F
:100BD00000F052FC00231A460649204608F03AF875
:100BE000204600F053FCFEE7034807F0D9FBE6E798
:100BF00078BA0008C8BE0008B0BE000808B50248B0
:100C000007F0CEFB002008BDD8BE00082DE9F0415A
:100C100080460F46144642F210720023FFF798FDFB
:100C200006460D4642F21072002340463946FFF751
:100C30008FFD044B03FB02F226606560A260BDE8F5
:100C4000F08100BFA086010000B584460023EFF3C9
:100C5000118E102282F31288BFF36F8F08E0064BCB
:100C60000FCB8CE80F008EF31188BFF36F8F012339
:100C7000002BF4D05DF804FBA000002030B585B057
:100C800005460C4607F032FB08B3012D18D10AF0D7
:100C900033FD2246FFF7BAFF6846FFF7D5FF6946E6
:100CA000204607F02DFB80F0010010F0FF0F02D16D
:100CB000002005B030BD074B0FCB84E80F00F7E7ED
:100CC0000AF01AFD2246FFF7A1FF0020F1E76FF0BE
:100CD0001500EEE728BE000801282BD130B585B0FD
:100CE0000C468A68164B9A4227D80AF005FD6A46D8
:100CF000FFF78CFF684607F03CFB2146684607F08B
:100D0000FFFA0023EFF3118C102282F31288BFF355
:100D10006F8F0AE00B4C04AB13E90F0084E80F005F
:100D20008CF31188BFF36F8F0123002BF2D00020CA
:100D300005B030BD6FF0150070476FF01500F7E794
:100D4000FFC99A3BA000002008B5024B1B689847DA
:100D500008BD00BF0000002000B585B084460A46EB
:100D600068460023009301930293039302238DF8B6
:100D70000230044B0193614606F070FC05B05DF84B
:100D800004FB00BF490D000870B59646022A8CBFCF
:100D900000220122801A61F10001002978DBCC17C2
:100DA00004F02105C0F3130C020D42EA0132C2F334
:100DB00013029444C1F3132294440CEB117CAC4411
:100DC000554AA2FB0C52D20802EB820202EB8202CD
:100DD000ACEB020C24F01704A444B0EB0C0261EB62
:100DE000EC714E4C4E4D02FB05F504FB0155A2FB88
:100DF000042129448C460029C0F28780120942EA66
:100E00000C714FEA2C1C474A02FB0100BEF1020F95
:100E10007FD96FF00202724402EBC20202EB0212AF
:100E20000232414CA4FB024203EB9202830840F2DF
:100E30006D1404FB0033384CA4FB0040A3EB5010AE
:100E400083184FEACC0040EA5170CA0052184CEBAC
:100E50000000000140EA1270120152184CEB000031
:100E6000000140EA12701201521A60EB0C0081017D
:100E700041EA92614FEA821CBCEB020261EB000185
:100E8000D01841F10001294BC01861F1000170BD7B
:100E90006FF4C772821861F10001CD1705F0210CC3
:100EA000C2F31304160D46EA0136C6F313063444A2
:100EB000C1F31326344404EB11746444164EA6FBAC
:100EC000046C4FEADC0C0CEB8C0C0CEB8C0CA4EBE4
:100ED0000C0425F017052C44121B61EBE4710F4C38
:100EE0000F4D02FB05F504FB0151A2FB04240C4449
:100EF000A446002C05DB120942EA0C714FEA2C1CB7
:100F000081E70F3244F1000CF5E70F3241F1000C9C
:100F100074E709227FE700BF1F85EB51295C8FC270
:100F2000F5285C8F70FEFFFFCDCCCCCC9405F5FF8F
:100F300010B507F043FA02460B4602F0ADFB034939
:100F4000002444501046194610BD00BF0C0000009C
:100F500030B483682E4A93422FDD2E4981FB032152
:100F6000DA17C2EB2172002B33DB29498B4213DDE8
:100F700004684168012C71F100050DDBE443C1F107
:100F8000FF4101F5FF0101F5FF417F314FEAE27CAE
:100F900094426446A14139DB1D498B4225DD01683D
:100FA0004468511844EBE274016044601A4901FB43
:100FB00002338360012030BC7047002B01DB00222C
:100FC000D1E7134AD21A520A1449A1FB0212D209DC
:100FD000C9E7056841680029C7DA01F10041D41763
:100FE0009542A141C1DA0020E5E7002B01DB012099
:100FF000E1E701684468891A64EBE27401604460C7
:10100000074901FB023383600120D4E70020D2E7C7
:10101000FFC99A3BA12FB844003665C4834B040036
:1010200000CA9A3B08B500F0D7F80122026042607E
:1010300000238360C36003610649416106490A6079
:1010400006490A60064A1360064A1360064A13609E
:1010500008BD00BF30C20008200000201C00002096
:10106000C0050020BC050020B80500202DE9F04196
:1010700006460F46154600F0AFF80446C3681BB994
:1010800043691A78002A54D10023E360616857F855
:1010900021306361B14231DA5A1C62611A782D2A1B
:1010A0002CD19A1C62615A78A2602D2A2ED04AB99E
:1010B000394B63612D21284605F0C8FC002832D049
:1010C0002D23A360D4F808804146284605F0BEFCD5
:1010D000B8F13A0F32D0002830D043783A2B38D0CC
:1010E0000023236163691B7813B96368013363606C
:1010F000204600F053F8A068BDE8F081264B6361FC
:10110000204600F04BF84FF0FF30F5E79B78002BBE
:10111000CDD101316160204B6361204600F03EF883
:101120004FF0FF30E8E7204600F038F84FF0FF308E
:10113000E2E75A1C42611B788360C3E763691B784E
:1011400013B9636801336360204600F027F83F203D
:10115000D2E763691A7832B123610F4B6361636828
:1011600001336360C4E7636801336360B34203DA49
:1011700057F823302361F0E7074B63612B783A2B54
:1011800004D0204600F00AF83F20B5E7204600F0E2
:1011900005F83A20B0E700BF30C2000808B5016882
:1011A000084A11604168084A11608168074A116065
:1011B000C168074A11600269064B1A6002F066FBBB
:1011C00008BD00BF200000201C000020C00500203A
:1011D000BC050020B805002000487047040000202E
:1011E000034A536843F0020353600020704700BF76
:1011F000002004E008B50B4641680C31012B14D0E7
:101200000AD833B90F4B9B685B68C3B10D48984748
:1012100007E06FF0850004E0023BDBB2012B01D850
:10122000002008BD6FF08500FBE7064B9B681B683C
:1012300013B104489847F4E76FF05700F1E76FF0F7
:101240005700EEE7F8B8000808B5024907F00CF9B6
:1012500008BD00BFF511000810B5082808D8064BD6
:1012600053F82040204609F0E4FE18B1204610BD96
:101270000024FBE70024F9E7ECDB0008084B1A68C0
:1012800042F480721A601A6842F400721A601A6896
:1012900042F480621A60034B034A1A60704700BF31
:1012A000003C0240340000200024F400014B0360A5
:1012B0000020704710DC000870B544798C4279D961
:1012C00090F806C0944577D92346644528BF634605
:1012D000022B03D99D1EC5F3470500E000253748C2
:1012E000A0FB0303DB08AB4228BF2B46E01AC0B2C9
:1012F000ACEB030C5FFA8CFC5D1CA84204D9C41A49
:10130000013CC4F3470400E00124654505D2ACEB81
:101310000305013DC5F3470500E00125A0EB030EE1
:10132000ACEB0306B645A8BFB646244EA6FB0E6E30
:101330004FEADE0EBEF1010F38BF4FF0010EAC4296
:1013400028BF2C46A64528BFA646994207D381420E
:1013500011D29A4211D3624511D3002400E0002437
:101360005FFA8EFE734499420BDBA0EB0E008142C4
:1013700010DB012106E00024F2E70024F0E701245D
:10138000EEE70121934207DCACEB0E0C624509DB72
:10139000012302E00021F5E701232CB131B93BB96B
:1013A000002008E00023F8E7002004E0012002E02C
:1013B000012000E0002070BD0020FCE7CDCCCCCCAB
:1013C0002DE9F04F83B01E469DF83080294B9F6871
:1013D000002F49D0894614461B68002B47D0254B67
:1013E0009B7D03EB430307EB83070846FEF788FE6C
:1013F0008246002514E01F4B9B7B13F0010F1FD08A
:101400001C4890F917B0A4B219F80510CDF8008067
:10141000B3B2224607F064FB83445C4424B2013536
:1014200055451DD27A792244124B1B8A9A42E2DD3D
:10143000B8F1000FDFD0BB7933441EB20024DAE7E5
:101440000C4890F917B0A4B219F80510CDF8008037
:10145000B3B2224607F064FB83445C4424B2DEE767
:10146000002003B0BDE8F08F6FF01200F9E76FF0D5
:101470001200F6E754060020034A137E83F00103AE
:1014800013760020704700BF5406002070B586B068
:1014900085681D4B1968002933D004460023039347
:1014A00004930593184B5A6803921A8AADF81020DA
:1014B000588AADF81200ADF814209A89042A14BF96
:1014C000002201221B7E9A420AD1AD68009103AB33
:1014D000002211462046A8470446204606B070BDAB
:1014E000094E304607F0A6FBAD683368009303ABA6
:1014F000002211462046A8470446304607F09AFBD2
:10150000EBE76FF01204E8E75406002038B5054613
:10151000094B186860B10C465A68002105F010FAB2
:101520000CB9002038BD2846FFF7B0FF0020F9E7CE
:101530006FF01200F6E700BF5406002010B584B02B
:1015400083681B6A69469847194C1A4A121B1A4B42
:10155000A3FB0232D208194B5A75BDF8000018825D
:10156000BDF80210598208221A75BDF80C209A8124
:101570009DF808209A730022DA751A769C609A7595
:1015800001FB00F090420DDBC0100C4C606005F0D8
:10159000C5F9206040B16268002105F0D1F9002052
:1015A00004B010BD0730EFE76FF00B00F8E700BFA5
:1015B00004BE000828BE0008ABAAAAAA5406002050
:1015C00010B5044603F0D0F90346034A082120462B
:1015D00007F0F9FB002010BD04C0000830B583B04F
:1015E000054613460022019201AA0A21586800F01C
:1015F0004FFF019C24B907F035FB204603B030BDF6
:101600002346034A0121284607F0DDFB019CF4E74D
:1016100034C0000808B5034B034A082107F0D3FB88
:10162000002008BD34C100083CC1000800B583B0EB
:10163000009000238DF80430694604480AF044F80D
:101640009DF8040003B05DF804FB00BF858C000822
:1016500038B50446EFF31185102383F31288BFF3E6
:101660006F8F03F067F9034685F31188BFF36F8F1F
:10167000074A0821204607F0A6FB064A0821204613
:1016800007F0A1FB214604480AF028F8002038BDE5
:1016900080C10008A0C100089D16000870B58EB07A
:1016A00004460D46D0F8A06009F09DFE024601F008
:1016B000F3FF254B1B589C4230D0244B002A2FD0DF
:1016C00001920094224A0821284607F07CFBD4E9C5
:1016D000082394F90E10CDE902230091A3891D4A35
:1016E0000821284607F06FFB202205A9204603F0B9
:1016F000FFFF0346A26E0092174A0821284607F012
:1017000062FB0DA9204609F090FE034650B1134A32
:101710000821284607F057FB0EB070BD104BCDE7EF
:10172000104ACDE70D9AB11A642301FB03F3B3FB12
:10173000F6F3039302960191009233460A4A082178
:10174000284607F040FBE7E708000000C4CB00088C
:10175000B4C10008C0C10008ECC1000804C2000800
:10176000ACC10008B0C1000834C2000870B592B026
:1017700005460AAC20220021204605F0E1F84FF092
:1017800020330A930B930C930D930E930F93ADF8A4
:1017900040302946164809F0A1FF002414B100206A
:1017A00012B070BD04EB4413124E06EB831609AA67
:1017B0004FF4006106F1400009F026FE0999C1F5D9
:1017C0000060642200FB02F2D20A06924FF400632A
:1017D00005930490039102930AAB0193009433465E
:1017E000054A0821284607F0EEFA0134D6E700BF83
:1017F000FD170008C00C00208CC20008F0B589B0AD
:1018000004460D46D0F8A06007A909F00EFEC8B93D
:10181000204609F0E8FD079AB11A642301FB03F39F
:10182000B3FBF6F30746A0B1059304960391029229
:10183000019600972346084A0821284607F0C3FA74
:1018400009B0F0BD0346054A0821284607F0BBFA57
:10185000F6E7034FE8E700BFD8C2000804C200085B
:10186000B0C1000838B5054613461022002158685B
:1018700005F082FD0446FFF7D9FE80B101F00CFFB0
:101880000F4B1B589C4213D0204603F0C5FF234644
:101890000C4A0821284607F096FA002038BD234656
:1018A000094A0121284607F08EFA6FF01500F5E786
:1018B000064A0121284607F086FA6FF01500EDE789
:1018C0000800000084C3000840C300085CC300088F
:1018D00038B50546134610220021586805F04CFD26
:1018E0000446FFF7A3FE80B101F0D6FE0F4B1B5854
:1018F0009C4213D0204603F0B1FF23460C4A082136
:10190000284607F060FA002038BD2346094A012125
:10191000284607F058FA6FF01500F5E7064A01214E
:10192000284607F050FA6FF01500EDE708000000B8
:10193000F0C3000840C30008C8C3000838B5054616
:10194000134610220021586805F016FD0446FFF7E3
:101950006DFE80B101F0A0FE0F4B1B589C4213D0CE
:10196000204601F023FE23460C4A0821284607F0B2
:101970002AFA002038BD2346094A0121284607F0EB
:1019800022FA6FF01500F5E7064A0121284607F014
:101990001AFA6FF01500EDE70800000058C40008BF
:1019A00040C3000830C4000810B50C46002107F001
:1019B00029FB034600B1036823600023E360024A69
:1019C0006260A36010BD00BF9CD9000810B50C4632
:1019D000002107F01DFB034600B1036823600023CC
:1019E000E360024A6260A36010BD00BF9CD900089A
:1019F00070B582B005461446506807F019FB80B1F7
:101A0000064609F016FBA8B9304609F006FB064663
:101A1000D0B100906368104A0121284607F0D3F93D
:101A20000FE063680D4A0121284607F0CCF96FF0FA
:101A3000120606E063680A4A0221284607F0C3F945
:101A40000026304602B070BD6368064A022128466F
:101A500007F0B9F9F5E700BFD0C4000894C4000846
:101A6000ACC4000800C5000810B503460C4611467A
:101A7000006808B1027822B9024A204605F0CEFB80
:101A8000204610BD24C500082DE9F0478EB006465B
:101A9000884691460DA803F051F80D9F07EB4017BB
:101AA000284A0821304607F08EF90D9C16E02B4697
:101AB000254A0821304607F086F9204609F0B9FA90
:101AC000F0B1224B224A0821304607F07CF9E36945
:101AD0001BB11D680DB12B68A3B92034BC422CD2B8
:101AE000302201A92046FFF7BFFF0546B8F1020FDB
:101AF000DDD1D9F8041005F0EBF90028D7D1ECE7D7
:101B0000144BDFE7144A0821304607F05CF94FF028
:101B1000000A2B6853450AD905EB8A035B680F4A14
:101B20000821304607F04FF90AF1010AF1E70C4AA3
:101B30000821304607F047F9CFE700200EB0BDE896
:101B4000F08700BF40C500084CC500082CC5000840
:101B500054C5000834C500085CC5000870C50008FD
:101B6000D8D6000800B587B04B690A69D1F800C023
:101B7000CDF810C0D1F804C0CDF80CC0D1F808C021
:101B8000CDF808C0C96801910132009203F26C736C
:101B9000034A082107F017F907B05DF804FB00BFFE
:101BA000F4C500082DE9F04182B080460E46144687
:101BB0000A2201A9204605F065FB019BA3423BD008
:101BC00007461A782D2A3AD15C1C0A2201A9204620
:101BD00005F058FB0546019BA34233D01A782D2A05
:101BE00033D1421E0B2A17D85C1C0A2201A92046B9
:101BF00005F048FB019BA3422AD01B785BBB431E28
:101C00001E2B11D8A7F26C777761013D3561F0602A
:101C1000002002B0BDE8F081104A0121404607F0E3
:101C2000D2F86FF01500F4E70D4A0121404607F0A5
:101C3000CAF86FF01500ECE76FF01500E9E76FF0F8
:101C40001500E6E76FF01500E3E76FF01500E0E739
:101C50006FF01500DDE76FF01500DAE718C6000831
:101C600028C6000870B582B006460D4614461378A3
:101C70003A2B15D1013423783A2B29D101340A2289
:101C800001A9204605F0FEFA2860019BA3424BD033
:101C90001B78002B4BD13C2832D8002002B070BDFD
:101CA0000A2201A9204605F0EDFAA860019BA34293
:101CB0002ED01A783A2A2ED1172801D85C1CDAE7E0
:101CC0001C4A0121304607F07EF86FF01500E5E769
:101CD0000A2201A9204605F0D5FA6860019BA342BB
:101CE0001CD01A783A2A1CD13B2801D85C1CC6E7C4
:101CF000114A0121304607F066F86FF01500CDE774
:101D00000E4A0121304607F05EF86FF01500C5E776
:101D10006FF01500C2E76FF01500BFE76FF0150018
:101D2000BCE76FF01500B9E76FF01500B6E76FF08C
:101D30001500B3E738C6000848C6000858C60008B2
:101D4000F0B58FB004460D4616460AAF394601205D
:101D5000FEF794FF01A9384605F068F9032D21D05C
:101D6000022D3ED1726801A92046FFF77BFF90BB90
:101D700001A8FFF7DDF80A900B91B1F1FF3F08BF12
:101D8000B0F1FF3F33D000230C930AA90120FEF7E6
:101D9000A3FF054698BB01A92046FFF7E3FE2846AE
:101DA0000FB0F0BD726801A92046FFF7FBFE60B9D5
:101DB000B26801A92046FFF755FF0028D8D0204679
:101DC00007F03FF86FF01505E9E7204607F039F80E
:101DD0006FF01505E3E7204607F033F86FF01505BF
:101DE000DDE7204607F02DF86FF01505D7E7084A24
:101DF0000121204606F0E7FF6FF01505CFE7034607
:101E0000044A0121204606F0DEFF6FF01505C6E703
:101E100068C6000894C6000800B583B0102A0FD029
:101E2000202A11D0082A12D10B78002200930192A7
:101E30000A4A082106F0C7FF002003B05DF804FB42
:101E40000B889BB20022F1E70B680022EEE7044A00
:101E5000082106F0B8FF6FF01500EEE7FCC6000899
:101E6000E4C6000808B5029B102A07D0202A09D032
:101E7000082A0AD1DBB20B70002008BD9BB20B8090
:101E80000020FAE70B600020F7E7034A082106F07C
:101E90009AFF6FF01500F0E7E4C600082DE9F04165
:101EA00082B004460D46164610220021706805F0E7
:101EB00063FA0746022D21D84FF020084346164A00
:101EC0000821204606F07FFF032D1FD91022002194
:101ED000F06805F0BFFA06460D46009001910F4AE2
:101EE0000821204606F06FFF0096019542463946CC
:101EF0002046FFF7B7FF02B0BDE8F0810A220021BB
:101F0000B06805F039FA5FFA80F8D7E742463946FB
:101F10002046FFF781FFEEE710C7000828C700083A
:101F200038B504460D4611B10F4B1B7863B90E4A04
:101F3000137883F0010313706BB900222946204601
:101F400006F099FF002038BD084A012106F03BFF4A
:101F50006FF00F00F7E7064A0821204606F033FF2E
:101F6000014B01221A70E8E77408002040C70008FE
:101F70007CC70008F8B507460E4615460023244ADC
:101F80001370244A1360244A13600CE000231C449D
:101F900002222249204604F0C1FD98B91C4B0122BF
:101FA0001A700435013E012E1ED96C6802221C49AC
:101FB000204604F0B3FD0028E8D1A378002BE6D03A
:101FC0000123E4E716492046FEF70AF958B12378C1
:101FD0002D2B09D163783BB12346124A082138469C
:101FE00006F0F1FEDDE7043500221146686805F0D1
:101FF000C3F90D4B186000221146686805F0BCF962
:102000000A4B18600A493846FFF78AFF0020F8BDDE
:10201000760800207406002078060020ACC700086F
:10202000A8C70008B0C70008800600207C06002072
:10203000352000082DE9F04180460E461746002461
:1020400021E0335D112B24D100243C4B1C703C4B10
:102050001B683C4A0821404606F0B5FE2146404632
:10206000FFF75EFF384B1B78002B41D0BDE8F081B5
:10207000364A156836494B5501351560334B1B6898
:10208000022B19D00134BC42F0D22C4B1B78182BF8
:10209000D7D0335D294A1370A3F13005EDB2092D75
:1020A000E6D9A3F16102D2B2052AE1D9A3F1410236
:1020B000D2B2052AE2D8DBE710220021244805F03D
:1020C0005BF9244A136803F8010B13601C4A136878
:1020D000013313601D4B00221A60D3E71E480368CA
:1020E000196809BA43F8041B0360043A144B1A60D8
:1020F000134B1A68042AF1DC12F0030F05D1164BBA
:102100001A6813681BBA1360B0E7534202F0030267
:1021100003F0030358BF5A42022A08D0032AA5D16C
:102120000D4B1A6813681BBA1B0A13609EE70A4B13
:102130001A6813685BBA9BB2136097E775080020B2
:1021400078060020C8C70008760800207406002022
:1021500070060020800600207C0600202DE9F04358
:1021600085B080461C46DD08083BDBB2182B07D83B
:102170000F4616462D4A22FA03F313F0010F4CD1F5
:1021800023462B4A0821404606F01DFE6FF015003D
:1021900048E03CF807309BB26A4662440CF11001FB
:1021A0000DEB010C0CF8103C1B0A5370F446AE42C8
:1021B00025D30CEB050EBEF1100F20D8102CE8D063
:1021C000202C0AD0082CF1D11CF807300CF1100299
:1021D0000DEB020C0CF8103CE8E75CF807306A469F
:1021E00062440CF110010DEB010C0CF8103CC3F330
:1021F00007215170190C91701B0ED370D6E7B146B0
:10220000102E28BF4FF010094B466A46394640460B
:1022100000F06CF91037A6EB090616B14FF0000C70
:10222000C5E7002005B0BDE8F08300BF0101000153
:10223000E4C700082DE9F04383B081460D461446FB
:10224000002301933B4B01221A60FEF7EBFE4FF097
:10225000FF364FF020083746374A21462846FEF71A
:1022600005FFB0F1FF3F41D0732817D0772829D060
:10227000612859D101AA1021304B186800F008F9E3
:102280000646019B002BE7D02C4B1B682C4A0121F2
:10229000484606F098FD6FF0150047E001AA0021BE
:1022A000264B186800F0F4F80746019B002BD3D0AA
:1022B000224B1B68234A0121484606F084FD6FF03B
:1022C000150033E001AA00211C4B186800F0E0F86B
:1022D0008046019B002BBFD0184B1B681A4A012176
:1022E000484606F070FD6FF015001FE0B6F1FF3FA5
:1022F0000AD0B7F1FF3F0FD05FFA88F33A46314674
:102300004846FFF72BFF11E0104A0121484606F02E
:102310005AFD6FF0150009E00D4A0121484606F00C
:1023200052FD6FF0150001E06FF0150003B0BDE83D
:10233000F08300BF1C0000203CC80008B805002046
:1023400000C8000814C8000828C8000844C80008CD
:1023500064C8000810B5044681681C3100F00AFB0F
:10236000A168034A1C31204606F0EAFF10BD00BFF9
:10237000DCC9000810B504460C4A082106F023FD0C
:102380000B4A0821204606F01EFD0A4A0821204675
:1023900006F019FD084A0821204606F014FD074AF8
:1023A0000021204606F0CCFF002010BDECC900083B
:1023B0002CCA00088CCA0008E0CA00087CCB0008C0
:1023C00010B5044613460A460146054801F030FAA6
:1023D00023691B7903B910BD204606F056FDFAE7C4
:1023E000A38E000810B504460B4602460549064870
:1023F00005F04CFF23691B7903B910BD204606F098
:1024000044FDFAE731380008A38E00080B46014668
:10241000B0B110B51446806848B3174A904219D33A
:10242000164A904216D2A27C22F00302A2748A6855
:1024300012682146184690472068C0B1204616E031
:102440000F48104A121AB3EB920F01D250F8231022
:10245000084670470C4A904202D30C4A904207D378
:10246000006803EB830300EB8300036813B110BD26
:102470000133F6E71846FAE7F8BD000804BE000885
:10248000C4BC0008F4BC0008F4BC0008F8BD000897
:10249000F0B583B0164603782D2B19D0044601F011
:1024A000FBF80546104F0023C3510A4601A92046F8
:1024B00004F062FFEB59222B10D023B9019BA342F9
:1024C00001D01B7843B16FF015033360002003E0A7
:1024D0006FF015031360002003B0F0BD6FF021030F
:1024E00033600020F8E700BF0C000000F8B5054697
:1024F00017461E460B46294A082106F064FC0024B4
:102500000BE0274A0821284606F05DFC0CE0254A2E
:102510000821284606F057FC01340F2C0DDC002C56
:1025200002DD14F0070FECD0B442F0D23B5D1E4A3E
:102530000821284606F047FCEEE71C4A08212846F9
:1025400006F041FC00240BE0154A0821284606F05D
:102550003AFC0CE0164A0821284606F034FC013407
:102560000F2C14DC002C02DD14F0070FECD0B44269
:1025700007D23B5D0F4AD25C12F0970FEAD12E23AF
:10258000E8E7074A0821284606F01DFCE7E70A4A63
:102590000821284606F017FCF8BD00BFB8CB00089C
:1025A000C4CB0008C8CB0008C0CB0008CCCB0008C7
:1025B000E4CB000878190108D0CB000808B583687F
:1025C000D3F8803213F0200F00D108BD02494069D2
:1025D00006F074FDF9E700BF4CBE0008082915D8C5
:1025E00014D008B5836893F843208A4207D083F853
:1025F00043108368D3F8803213F0200F00D108BD58
:102600000A460349406906F059FDF8E7704700BFE4
:10261000D4CB000808B50A1E09DD4123002A0ADBD5
:102620008168D1F8801211F0200F06D108BD002A70
:10263000FCD04223F2E75242F2E70249406906F039
:102640003DFDF3E7E0CB000808B50A1E09DD432392
:10265000002A0ADB8168D1F8801211F0200F06D120
:1026600008BD002AFCD04423F2E75242F2E70249B7
:10267000406906F023FDF3E7E0CB0008F8B5054616
:102680008468B4F85820B4F85A1004F1340006F005
:1026900096FC278F668F284606F01EFD70B9B7425C
:1026A00011D0618F238FC91A2846FFF7B3FFA18E7F
:1026B000E38EC91A2846FFF7C7FFF8BD05496869C8
:1026C00006F0FCFCEBE7A18EE38EC91A2846FFF763
:1026D000BBFFF2E7D8D600082DE9F8430546846829
:1026E00014F1600006D0FDF70BFD86B294F840703F
:1026F00000211AE00026F9E70C44234493F8609087
:102700004FF0000883F86080AA6860310A440F49DE
:10271000686906F0D3FCAB68234483F86090AB682B
:10272000DB8FDB1BF61A21464746AB68DC8FE41BC8
:10273000B442E1DB002E01DCBDE8F88301F1600268
:102740001A440349686906F0B9FCF5E7E8D70008C0
:10275000E8CB0008082921D808B5836893F84220FF
:102760008A4209D083F8421008290CD08368D3F834
:10277000803213F0200F00D108BD0A460849406995
:1027800006F09CFCF8E78368D3F8803213F0200F42
:10279000F2D00449406906F091FCEDE7704700BFB4
:1027A000ECCB000858BE000808B583689A7D02B1DA
:1027B00008BD024A022106F07CFDF9E7E8CB0008DB
:1027C000002977D02DE9F843804617460E460BB90D
:1027D000002404E01146FFF737FFF9E70134335DC9
:1027E000354AD35C13F0080FF8D115E0002339E027
:1027F000D8F8140006F049FB2A463119404606F085
:10280000E3FC09F101042D49D8F8140006F08AFD13
:1028100039464046FFF718FF3046FDF771FC83B29A
:102820001B1BD8F80820D08FC51B9D42DED3002586
:102830009D4207D204EB050916F809200A2AD7D0D1
:102840000135F5E73119D8F8140006F06BFD1B4986
:10285000D8F8140006F066FDBDE8F883DA19904256
:102860000CD90133E218B25C1349895C11F0080FEE
:10287000F4D00A2A01D01D46F0E71D46D8F814000E
:1028800006F003FB2A463119404606F09DFC2C4415
:1028900000E00134335D084AD35C13F0080FF8D12F
:1028A0000649D8F8140006F03DFD39464046FFF7CA
:1028B000CBFEB1E7704700BF78190108D8D60008F1
:1028C000F8B505460F4614461E46516819B1002357
:1028D0003246FFF775FFA3687BB131462846FFF704
:1028E000B3FE3B46054A0821284606F0E2FC0023D9
:1028F000F21DA1682846FFF763FFF8BDF8CB00087A
:1029000079B3F0B583B004461D46931D9EB20F46C1
:102910000B780BB903B0F0BD01910092114B124A34
:10292000082106F0C6FC85B10E4B104A082120464E
:1029300006F0BFFC284606F0DCFC58B133462A46B8
:1029400039462046FFF7BCFFE4E70949606906F015
:10295000E9FCDFE70023324629462046FFF730FF37
:10296000D8E770471413010804CC00080CCC000809
:10297000D8D60008F0B583B006460D460F68D7B12B
:102980003846FDF7BDFB84B20334A4B20E4B00936E
:102990003B460E4A0821304606F08BFC6F683846ED
:1029A00006F0A7FC48B123463A4629683046FFF7AF
:1029B00087FF03B0F0BD0024E6E700232246394636
:1029C0003046FFF7FDFEF4E71013010814CC0008B1
:1029D00010B504468368D3F8803213F0200F07D176
:1029E000A368D3F8803213F0200F06D1002010BD69
:1029F0000449406906F0E3FCF2E70349606906F028
:102A0000DEFCF3E760BE000868BE000808B5836816
:102A1000D3F8803213F0200F00D108BD024940697D
:102A200006F0CDFCF9E700BF70BE000808B583686A
:102A3000D3F8803213F0200F00D108BD024940695D
:102A400006F0BDFCF9E700BF74BE000810B50446EF
:102A50008368D3F8803213F0200F07D1A368502287
:102A6000DA87A36818229A87002010BD02494069BE
:102A700006F0A5FCF2E700BF78BE000808B5836940
:102A80001B68034A082106F09EF9002008BD00BF1C
:102A90001CCC000800B583B002290ED08368D3F89F
:102AA000803213F0020F14D00B4B0C4A082106F0B1
:102AB0008AF9002003B05DF804FB53680193084BCA
:102AC00000931368074A012106F07DF96FF01500A5
:102AD000F0E7054BE9E700BF2CCC000858CC000814
:102AE00040CC000834CC000830CC000870B582B06F
:102AF00006460D4A082106F066F90C4C00230CE04E
:102B00005D1CADB2A268216A01910092084A0821B9
:102B1000304606F058F92C342B46064A9442EFD33F
:102B2000002002B070BD00BF6CCC0008C4BC00081F
:102B300084CC0008C4BC000808B5024906F053F96B
:102B4000002008BD30C2000870B584B004460025DE
:102B5000A2680DF10E0302F5B0720121E06806F0E3
:102B600021FDBDF80E3063B16E1CA36803F5B07390
:102B700000932B46064A0821204606F024F93546E4
:102B8000E6E7A368002083F8600104B070BD00BFD1
:102B900098CC00082DE9F04383B0054689461646D7
:102BA00000248DF803400C80148080684FF48072FC
:102BB000214600F5B07003F0C3FE4A49686906F08B
:102BC000FEFB686906F061F9A046B8F57A7F15D377
:102BD0006FF0730080E04FF47A7008F0F5F908F1B7
:102BE00001081FFA88F8F0E7522B1ED0AA68224489
:102BF00082F860310134A4B2092C67D86868036890
:102C00001F6901AB01220DF10301B847002863DB06
:102C1000019B002BDFD09DF803301B2BE4D0AA686A
:102C200092F860211B2ADFD0E8E7AB68234400223A
:102C300083F86021AB6893F861215B2A15D10222E9
:102C4000AB68134493F860113B2914D0338803EB2D
:102C500083035B009BB2013292B20B44303B338062
:102C6000FF2AEDD96FF0790036E0002283F8602169
:102C70006FF0040030E0531C9BB2FF2B2FD8AA68E2
:102C80001A4492F8601181B1B9F8002002EB820277
:102C9000520092B201339BB20A44303AA9F80020A4
:102CA000FF2BECD96FF0790016E0B9F80030FA2B61
:102CB00002D9FA23A9F800303388FA2B01D9FA2374
:102CC0003380AB68002083F8600105E0AB68002228
:102CD00083F860216FF00B0003B0BDE8F0836FF064
:102CE0000400F9E71813010810B582B00446012961
:102CF00004D106F028FC68B902B010BD53680193F6
:102D00000B4B009313680B4A012106F05CF86FF03F
:102D10001500F1E7A3685022DA87A36818229A8782
:102D2000054A0321204606F04EF86FF00700E3E75E
:102D300040CC000834CC0008A4CC000810B50446F0
:102D400006F091F80346034A0821204606F03BF8B6
:102D5000002010BD8CD2000880B505460E461746EF
:102D6000984603F095FA034600F096FC0446DFF817
:102D7000189049F80030424639463046A84754F882
:102D8000090000F013FC00BF0800000008B503486C
:102D9000034A121A002106F035FC08BDA0000020ED
:102DA0007C08002008B50648064A121A064906F0B3
:102DB0002DFC0648064A121A064906F027FC08BDF3
:102DC00000000020A0000020781A01080000002068
:102DD00000000020781A010810B504468368426894
:102DE0000168094805F0DCFA63692269E16807486F
:102DF00005F0D6FAE169064805F0D2FAA16905485E
:102E000005F0CEFA10BD00BFDCD100080CD20008DE
:102E10003CD200084CD2000838B504460D4611B12A
:102E20000846FFF7D9FF012C04D02946204601F0BF
:102E3000E1FE38BDEFF305811039024805F0B0FA24
:102E4000F3E700BF7CD2000830BFFFF7FDBF00BF33
:102E500038B50446054D2A460549FDF78FFB054A5E
:102E60000021601903F06CFD38BD00BF00000000B8
:102E700028BE00080800000070B50646064D074B46
:102E80001D444C1B2046FFF7E3FF083CC6F8AC404E
:102E900005F1080070BD00BF000000000800000040
:102EA0008169104B5A6942F480725A61BFF34F8FA7
:102EB000BFF36F8F31F8021C5A6922F480725A6195
:102EC000BFF34F8FBFF36F8F01F47F43B3F55F4FB5
:102ED00001D000207047C9B2022901D000207047FC
:102EE0000120704700ED00E008B54FF0000C83F8BA
:102EF00000C0DDF808E08EF800C002F07F4CBCF1A5
:102F00007F4F11D102F00C0CBCF1080F04D012F06D
:102F1000080F06D0084608BD044805F041FA002015
:102F2000F9E701221A70F6E70020F4E790D20008D2
:102F3000F8B505460F4614462F4805F031FA2F4BD9
:102F40009B6A13F4805F25D116262C4B9B6A13F4E1
:102F5000006F24D1294B9B6A13F4007F24D1274BA7
:102F60009B6A13F4806F37D1244B9B6A13F4807FE4
:102F700037D1224B9B6A13F4005F37D11F4A936A03
:102F800043F47F4393620121284606F04FFB2070F3
:102F90003046F8BD1A4805F003FA1726D5E7194858
:102FA00005F0FEF91826D5E7174805F0F9F9134B97
:102FB000996B9B6A13F4004F01D11926CFE7134890
:102FC00005F0EEF937B10D4A936A23F4004393629A
:102FD0001926C4E71926C2E70D4805F0E1F91A26BB
:102FE000C2E70C4805F0DCF91B26C7E70A4805F0E4
:102FF000D7F91C26C2E700BFBCD2000800ED00E0F4
:10300000D4D20008E8D20008FCD2000818D3000887
:1030100030D300084CD3000868D3000808B5244812
:1030200005F0BEF9234B9B6A13F0007F21D11D20D0
:10303000204B9B6A13F0807F20D11E4B9B6A13F4B8
:10304000002F20D11B4B9B6A13F4802F20D1194BEA
:103050009B6A13F4003F20D1164B9B6A13F4803F08
:1030600020D1144A936A6FEA03436FEA13439362D1
:1030700008BD114805F094F91E20D9E70F4805F066
:103080008FF91F20D9E70E4805F08AF92120D9E7EA
:103090000C4805F085F92220D9E70B4805F080F9A6
:1030A0002320D9E7094805F07BF92420D9E700BFA0
:1030B00098D3000800ED00E0B4D30008C8D300089E
:1030C000E4D3000804D400082CD4000848D4000835
:1030D00008B500230B70024805F062F908BD00BF77
:1030E00074D4000808B50A460F2905DC0349103AD4
:1030F000034805F055F908BD0249F8E79CD40008DB
:10310000D0D40008B4D400082DE9F04104460F469D
:1031100015463F4805F044F93E4B9B6A13F0100FEB
:103120003CD110263B4B9B6A13F0080F3BD1394B27
:103130009B6A13F0020F3BD16FF01508354B9B6A69
:1031400013F0010F50D1334B9B6A13F0200F50D175
:10315000304B9B6A13F0100F04D12E4B9B6A13F077
:10316000020F04D02B4B5B6813F4006F46D1294B40
:103170009B6A13F0200F04D0264A536A23F40053AD
:103180005362244A936A43F0FF039362012120466D
:1031900006F04CFA28703046BDE8F0811E4805F074
:1031A000FFF81126BEE71D4805F0FAF81226BEE723
:1031B0001B4805F0F5F8174BD3F834809B6A13F0E1
:1031C000800F03D16FF015081326B7E74146154865
:1031D00005F0E6F837B10F4A936A23F08003936253
:1031E0001326ABE71326A9E70F4805F0D9F81426F4
:1031F000A9E70E4805F0D4F81526A9E72146404670
:1032000006F051FA0028B2D080F309880226AEE712
:10321000E4D4000800ED00E0FCD40008E8D2000887
:1032200030D500084CD5000864D5000868D30008E4
:1032300070B506460D46264805F0B2F800232B70FF
:10324000244BDC6A14F002040AD1224BDB6A002B07
:103250000BDB204BDC6A14F080440AD1204670BDA1
:103260001D4805F09DF80024F8E71C4805F098F883
:10327000F4E71B4805F094F83046FFF711FE98B9C3
:10328000144B9B6A13F0FF0F14D1124B9C6A14F479
:103290007F4416D10F4B9B6AB3F5803FDED3304697
:1032A000FFF7BCFE0446D9E731680E4805F078F810
:1032B0003468D3E72A4601213046FFF725FF04464C
:1032C000CCE72A4601213046FFF732FE0446C5E727
:1032D00084D5000800ED00E09CD50008C0D50008AA
:1032E000D0D50008F0D5000830B58FB0244B5D680C
:1032F000C5F30805002383F31188BFF36F8F0BAB71
:1033000000930DF13603FFF7EFFD68B104469DF819
:103310002C300DF13702294606F08AF905469DF852
:1033200037304BB10FB030BD164805F039F80021E9
:103330000846FFF771FDF5E70DF10C0C2068616898
:10334000A268E368ACE80F0020696169A269E369DB
:10335000ACE80F009DF836304BB10A9BC3F308026E
:103360004AB96FEA53236FEA43230A9303E00A9BA7
:103370006FF308030A9303A92846FFF74DFDD1E731
:1033800000ED00E010D60008044B5A6942F010022C
:103390005A615A6922F008025A61704700ED00E054
:1033A000EFF30880EFF3098101B57246FFF79CFF48
:1033B00001BD00BF0E4880F30888102080F31188FB
:1033C0000C484FF0AA014FF4046206F01BF90948BB
:1033D0004FF40461401880F30988EFF31480022150
:1033E000084380F31488BFF36F8F00F047F80000A4
:1033F000801A0020C00C00201EF0040F0CBFEFF359
:103400000880EFF30980816911F8021C0229FFD0BE
:1034100001B5724606F0FEF801BD00BF002807DBCB
:1034200000F01F02400901239340024A42F8203075
:10343000704700BF00E100E0002808DB0901C9B2C5
:1034400000F1604000F5614080F80013704700F023
:103450000F000901C9B2014B1954704714ED00E087
:10346000044B23F07F03044A9360BFF34F8FBFF3F5
:103470006F8F70470000000800ED00E008B5FFF70F
:10348000EFFF0B4AD2F8883023F47003C2F888307B
:10349000EFF3148323F0040383F31488BFF36F8FD7
:1034A000FFF774FCFFF77EFC00F0CCF801F0CAFCDB
:1034B00000ED00E0104B9B68BBB110F1160F0BD074
:1034C000D3F89C20A2F1400C844510D8824210D938
:1034D0008A4207D800207047D3F89C208A4201D83E
:1034E00000207047D3F89C007047002070470020F0
:1034F00070470020704700BF3408002010B4A2F1CC
:1035000020040E4942F8081C21F0010142F8081C71
:1035100042F8203C019B42F81C3C029B42F8183CBC
:10352000039B42F8143C4FF0807342F8043C04655E
:103530000023C0F8B03010BC704700BF592D000800
:1035400008B50E4615460C4A9060D0F8AC200B4BDF
:103550001A6000F0B5F82C4686F309880020044B69
:1035600098472046002100220023024C20470000FB
:10357000B5960008592D0008340800208406002064
:10358000014B10221A61704700ED00E0054B5A69AB
:103590009B689A4204D0044A536843F080535360B6
:1035A000704700BF3408002000ED00E008B50A4B6A
:1035B0009B68834202D007F063FF08BDEFF30583E9
:1035C000002BF8D0054B5A6842F080525A605A6A74
:1035D00022F400425A62EEE73408002000ED00E0D9
:1035E00015498A684FF030001044EFF3098C80E8E9
:1035F000F01F102080F31288BFF36F8F0F4F4FF032
:1036000000664A698A603E60D2F8AC000C4C2060CB
:10361000D2F8B0000023C2F8B03080F3118804B5AE
:10362000104600F04DF8BDE8044002F1300090E88B
:10363000F01F8CF3098870473408002004ED00E087
:1036400084060020002206E003F00F030949194414
:1036500010230B760132282A0ADC53B2002BF3DB4D
:1036600003F1604303F56143102183F80013F1E790
:10367000704700BFFCEC00E008B5EFF30583103B9A
:10368000044A02EBC301496852F833008847FFF748
:103690007DFF08BDB8BA0008014800687047000007
:1036A0008406002008B5034B034A0121034806F0B5
:1036B0006EF908BD0000022000000020E815010896
:1036C00008B5D0F89C30403B044803604023436079
:1036D000034B8360012106F05EF908BD88060020D7
:1036E00000000B15084AC2F898000B6823F01F036E
:1036F000034343F01003C2F89C308B6843F001038E
:10370000C2F8A030704700BF00ED00E0084BD3F8CE
:103710009030C3F30723013B984205D810B5044607
:10372000FFF7E0FF204610BD6FF01500704700BFA7
:1037300000ED00E010B5034C0123227805F0FEFFF8
:10374000207010BD7708002008B500230B4A1278BE
:1037500005F0F4FF10F1160F0FD0024606E0084BFB
:10376000C3F898200021C3F8A0100132044BD3F80D
:103770009030C3F307239342F1DC08BD77080020A3
:1037800000ED00E0044B0522C3F89420BFF34F8FF7
:10379000BFF36F8F704700BF00ED00E0BFF35F8F96
:1037A000024B0022C3F89420704700BF00ED00E0F8
:1037B00038B51C4B1D681C4BD3F89030C3F307235E
:1037C0009D422BD8FFF7EAFF002409E0154B5B6808
:1037D00004EB440103EB81012046FFF783FF013432
:1037E000A542F3D81148057005F0D0FF10F1160F6F
:1037F00013D00E4B1A780C4BD3F89030C3F3072339
:103800009A4207DA084BC3F898200021C3F8A010A9
:103810000132F0E7FFF7B6FF002038BD4FF0FF3070
:10382000FBE700BFF415010800ED00E07708002079
:1038300070B586B006460D461146684600240094D1
:103840000194029403940494059402228DF80220BA
:10385000044A0192049605951A4603F0FFFE06B04D
:1038600070BD00BF9F99000808B5064921F0070107
:10387000C1F1005202F50032034804F0BBFC002005
:1038800008BD00BF0B280020940600200268064BEC
:103890001A604268054B1A608268054B1A6002691B
:1038A000044B1A60704700BFA8060020A406002041
:1038B000A0060020AC06002038B50546084C04E000
:1038C0006368A168284698470C34064B9C4206D290
:1038D0002368002BF4D02A689342F5D1F0E738BD75
:1038E000C4BC0008C4BC000800B585B04FF0FF326E
:1038F0004FF0FF3301A9044801F074FB0028F5D113
:1039000001A8FFF7D9FFF1E77800002010B584B0D7
:1039100094461C46089A099B01909DF818008DF862
:1039200008008DF80910ADF80AC0039453EA0201AB
:1039300008D0FFF7B1FE094909580948D0F8B80086
:10394000884208D001A9074807F0A3FB002800DB44
:10395000002004B010BD00221346F3E70800000069
:10396000080400207800002000B583B0094B93E8DC
:10397000030002AB03E90300074B9B681B682BB1F4
:1039800069460548984703B05DF804FB6FF057009F
:10399000F9E700BF80BE0008F8B8000800F01F0279
:1039A000012393401F2806D8044A526993430CBF51
:1039B0000120002070470020704700BF003C0140FC
:1039C00000F01F02012393401F2803D8034A5361CC
:1039D000002070476FF01500704700BF003C0140A9
:1039E000002399420ADD10B400EB030C044C04F8E8
:1039F0000C2001339942F7DC10BC7047704700BFC0
:103A000024000020F8B50746002401E00134E4B2A8
:103A10007B78A34217D93D7866193046FFF7BEFF81
:103A20000028F3D03046FFF7CBFF074B53F8362082
:103A3000002AEBD006F01F0503EBC60359680120EE
:103A4000A8409047E2E7F8BDB00600205FFA81FC8D
:103A50000CF102020A4B53F822200B0C22EA11410E
:103A600093FAA3F34BB1B3FA83F3984001430CF1FB
:103A7000020C034A42F82C1070472023F5E700BFE0
:103A800000380140C3B20233074A52F82320030C26
:103A900002EA104093FAA3F31BB1B3FA83F3D840C0
:103AA00070472023FBE700BF0038014008B50346FC
:103AB00068B1B0FA80F2C2F11F02D2B2054988564D
:103AC000054A11680B43136005F0DCFD08BDFF22B9
:103AD000F4E700BF24000020003C0140024A1368C4
:103AE00023EA000313607047003C0140032926D8F5
:103AF000DFE801F0020C151E114B9A6822EA000261
:103B00009A60DA6822EA0002DA6070470C4B9A6821
:103B100002439A60DA6822EA0002DA607047084BD2
:103B2000DA680243DA609A6822EA00029A60704713
:103B3000034B9A6802439A60DA681043D860704772
:103B4000003C014010B498B1B0FA80F3C3F11F03F8
:103B5000DBB29C460D4850F8330088420AD088B941
:103B60000A4B43F83C1003EBCC035A6010BC70477F
:103B7000FF23EEE7054C04EBC3035B689342EED1F1
:103B80000020F3E76FF00F00F0E700BFB006002061
:103B900060B1B0FA80F3C3F11F03DBB2044A002125
:103BA00042F8331002EBC30251607047FF23F5E780
:103BB000B00600200C4B1B6813F0020F09D10A4A13
:103BC000136843F001031360074B1B6813F0020FE7
:103BD000FAD0054A936823F003039360024B9B6875
:103BE00013F00C0FFAD17047003802400C4B1A68E2
:103BF00022F480221A601A6842F480321A60084B5C
:103C00001B6813F4003FFAD0054A536F43F00103D9
:103C10005367034B5B6F13F0020FFAD0704700BF7E
:103C200000380240F8B50C461546434B1E68042187
:103C3000304605F02EFF07460221304605F029FFE9
:103C40002388C3F30B010B46442929D809B2002964
:103C500069D0013B432B69D8DFE803F03D53565A46
:103C60005D3F496868686868686868686868686827
:103C700060636868686868686868686868686868D1
:103C8000686868686868686868686835686868351A
:103C90006868683768686868686868396868683B31
:103CA000A8290DD12E602368B3F5805F41D32A681F
:103CB000C3F313330133B2FBF3F22A60002037E081
:103CC0006FF0850034E02E60EDE72E60EBE72F60AB
:103CD000E9E72860E7E72E60E5E700F0CBF802238C
:103CE0004FF4A872082105F0CDFE2860DBE700F054
:103CF000C1F807234FF4A872082105F0C3FE28601D
:103D0000D1E700232B60CEE74FF4FA432B60CAE7DC
:103D100000232B60C7E7094B2B60C4E77F002F60AF
:103D2000C1E72E60BFE76FF0850001E06FF085000E
:103D3000F8BD0020FCE700BF3400002000127A002C
:103D400008B51A4B9B6803F00C03082B25D0174AC3
:103D5000136823F080731360144B1B6813F0007F0B
:103D6000FAD1134AD2F8043823F44033C2F80438A5
:103D7000D2F8043823F0706343F0E063C2F80438EB
:103D800000F07CF8094A136843F080731360074B16
:103D90001B6813F0007FFAD008BDFFF70BFF034A42
:103DA000936823F0F0039360D1E700BF003802402E
:103DB00000300240162806D8064BC34013F0010F0E
:103DC00004D0002070476FF0850070476FF08500C9
:103DD000704700BFEA00600038B500F071F8214C70
:103DE000204605F0D3FE00F0D5FD1F4B9B68C3F3C2
:103DF00003131E4AD35C20FA03F513781C41A54235
:103E000028D3FFF7F3FEFFF79BFF174A936823F0D1
:103E1000F0039360936823F0030343F0020393607D
:103E2000114B9B6803F00C03082BF9D1A54215D266
:103E30000F4B0C4A1A600C4A936823F4E05343F486
:103E4000A0539360936823F4604343F4004393606A
:103E5000002038BD204600F00BFED2E7204600F0DF
:103E600007FEE5E7007A030A0038024084180108DB
:103E7000340000200048704700127A0008B505F0B1
:103E800086FE0B4B59680B4A0A4040F4A84141F0AA
:103E900008010A435A605A6822F440325A6059684D
:103EA000054A0A40054901430A435A6008BD00BF5C
:103EB000003802400080BFFF0080BFF008540007B8
:103EC00082B0064B1A6C42F080521A641B6C03F0ED
:103ED00080530193019B02B0704700BF003802403D
:103EE0002DE9F84380460F4616461C46D0F804904C
:103EF000D9F8080005F0A6FDB6F5001F0ED005465E
:103F0000B6F5800F2AD0B4F1806F0ED0B4F1C06F37
:103F10000DD0B4F1007F24D1022609E03946D9F84A
:103F2000080006F0C8FA002415E0012600E0032688
:103F300042460F492846FFF705FE0446A0B9D9F8C6
:103F40000810384605F083FD31462846FFF7CEFDC0
:103F50002846FFF7ABFD2046BDE8F8836FF08504E7
:103F6000F9E76FF01504F6E76FF00F04F3E700BF11
:103F7000F3A300088368064A934204D2054A934299
:103F800003D200207047002070470120704700BF17
:103F900074BC00085CBC000810B50C46054905F06F
:103FA0002AF8034600B1036823600023E3606360DE
:103FB000A36010BD753F000838B50546144650682B
:103FC00005F02CF828B106F01CFB044650B9204639
:103FD00038BD6368074A0121284604F0F4FE6FF0FB
:103FE0001204F4E70346044A0121284604F0EBFEDC
:103FF000EDE700BFB8D60008DCD600082DE9F04F89
:1040000087B005469246506805F008F840B18146F1
:10401000304A0821284604F0D6FE0027B84641E081
:10402000DAF804302C4A0121284604F0CCFE6FF067
:1040300012004CE0294A0821284604F0C4FE01344D
:10404000E4B20F2C27D804EB060BBBF1030FF1DD14
:10405000BBF1770FEEDC0DF10B0303930023049308
:1040600002238DF814303B19012203A9484606F0BB
:1040700076FA50B95B461A4A0821284604F0A3FE96
:1040800008F101085FFA88F8D9E7164A082128469E
:1040900004F099FED3E7144A0821284604F093FE61
:1040A0001037FFB2772F08D83E463B460F4A08210B
:1040B000284604F088FE0024C3E7DAF804300093B1
:1040C00043460B4A0821284604F07DFE002007B035
:1040D000BDE8F08F00D70008B8D60008C8CB0008AC
:1040E000C0CB000840D70008D8D6000838D7000851
:1040F00044D70008F0B583B006461446576800233D
:104100000193384604F08AFFF0B105460A220021E7
:10411000A06803F0B7F8044601A9284606F068FA3B
:10412000D8B9019B23F00E030193600000F00E004C
:10413000034301930199AB681B6828469847002800
:1041400012DB002003B0F0BD3B460C4A0121304693
:1041500004F039FE6FF01200F4E7640004F00E047E
:1041600044F010040194E5E73B46054A012130463E
:1041700004F029FE6FF00400E4E700BFB8D60008A1
:104180005CD700082DE9F04F87B082460C46904678
:104190001F46109E9DF84450084604F03FFF08B3A8
:1041A000834610220021404603F06CF8814610221D
:1041B0000021384603F066F80446384606F02AFA2D
:1041C0000746230C220E8DF804208DF80530C4F329
:1041D00007238DF806308DF807402B18102B0ADCCA
:1041E000002420E023461D4A0121504604F0EBFD47
:1041F0006FF0120026E0C5B2C5F11005EDB2C0F1B6
:104200001003174A0221504604F0DDFDE8E71022B2
:10421000002156F8240003F035F804F11C036B4428
:1042200003F8140C0134A542F1DCC7F104011FFAB4
:1042300089F3EA1901A80144584606F0A7F90028B5
:1042400003DB002007B0BDE8F08F4346054A01219B
:10425000504604F0B8FD6FF00400F3E7B8D600084C
:1042600084D70008ACD700082DE9F04784B0804619
:104270000D4616461C469DF834A0084604F0CEFEB6
:1042800078B3814610220021304602F0FBFF07463A
:1042900084B310220021204602F0F4FF0546204698
:1042A00006F0B8F903462A0C290E8DF80C108DF88B
:1042B0000D20C5F307228DF80E208DF80F50C0F1A8
:1042C0000402CDF804A00C99009103A90A44B9B2E4
:1042D000484606F077F9002813DB002004B0BDE85B
:1042E000F0872B460B4A0121404604F06CFD6FF02D
:1042F0001200F3E783B252460C99484606F054F98F
:10430000E9E73346044A0121404604F05CFD6FF0C2
:104310000400E3E7B8D60008CCD7000830B585B074
:1043200004461146012301930DF10F030093D36856
:1043300092684968FFF798FF054610B1284605B016
:1043400030BD9DF80F30034A0821204604F03BFDA4
:10435000F4E700BFECD70008104B984213D00AD9FD
:104360000F4B984215D003F5C31303F52063984211
:1043700011D10A2070470B4B984206D00A4B984245
:1043800005D10420704706207047022070470020A6
:104390007047082070470020704700BF40420F0060
:1043A00040E13300A0860100801A0600F0B583B01A
:1043B00004460E4643680569DF68002201929A6848
:1043C000012A33D9596808311F4B9B68DB6853B306
:1043D00001AA1D489847002825DB2E6205F110062A
:1043E0004FF0FF324FF0FF33304600F079FF3B686B
:1043F00023F001033B6095F85210204606F0FAF9CD
:104400000199204600F022F9041E06DB95F8513090
:104410001BB13B6843F001033B60304600F028FFCE
:10442000204603B0F0BD6FF00404F9E75968064B6D
:104430009B68DB6823B101AA034898470028CCDABF
:104440006FF00404ECE700BFF8B8000870B504464C
:10445000466805694FF0FF320021284606F03EFE0F
:10446000336820469847002385F8503085F852304D
:1044700005F110000122114606F030FE204600F042
:1044800023F8B368012B0AD9716808310D4B9B687A
:104490009B699BB100220B48984700280EDB3069CE
:1044A000FFF75AFF40F010012046FFF77FFF00287A
:1044B00003DB012385F85030002070BD6FF004004D
:1044C000FBE700BFF8B8000810B544680021206A77
:1044D00006F0A3F9002807DB6168054B9B681B68A1
:1044E0001BB10348984700B910BD6FF00400FBE70B
:1044F000F8B8000830B52A4CA4FB014E4FEA9E4C98
:10450000446824F03F0444EA9E444460046A24F072
:104510003F04244DAA421BD80CF1010C44EA0C04C0
:104520000462204CA24231D9F3B902EB4202B1FB42
:10453000F2F2C2F30B0119B342F400410B43C2691A
:1045400022F44F4C2CF0FF0C4CEA0303C36130BD46
:104550004FF4967505FB0CFC134DA5FB0C5C4FEA64
:104560009C1C0CF1010CD9E702EB820202EB8202E7
:10457000B1FBF2F2C2F30B0129B142F40041DDE7D5
:1045800048F20101DAE748F20101D7E75200B1FB36
:10459000F2F340F6FC721342D1D10423CFE700BFFF
:1045A00083DE1B43A0860100D34D6210F0B583B0BB
:1045B00004461546476806694FF0000CCDF800C068
:1045C00006F011FB204606F076F9D7E906233046BF
:1045D00000F086FE30B9064A2946204606F0AEF9BC
:1045E00003B0F0BD204606F075F96FF00400F7E760
:1045F000201801082DE9F04182B0044615464668AE
:10460000D0F81080F7684FF0010CCDF800C006F02C
:10461000EAFA204606F04FF97B6843F4C0637B60FA
:10462000D6E90623404600F05BFE38B9064A294623
:10463000204606F083F902B0BDE8F081204606F07E
:1046400049F96FF00400F6E70C18010808B5426854
:104650000369D0681B6AC3F34203012B04D0022B09
:1046600008D06FF0150004E00023054AFFF742FF71
:10467000002008BD0023034AFFF73CFF0020F8E7B5
:10468000A0860100801A060038B5836805699C6918
:104690007CB112F4000F06D02D6801238B401D421F
:1046A00001D082F0C062044B134002F0B072A04708
:1046B00038BD6FF05700FBE74000000638B50446F0
:1046C0000D460279012393400A4A4A608B600068D4
:1046D00006F0ADFB00280CDB2068217906F095FB85
:1046E00028734FF0E861204606F043FB002800DB0A
:1046F000002038BD43AE000808B5A0F1180350F8FB
:10470000180C4268D2689B1ADB10034903FB01F1C5
:1047100006F0F4FB08BD00BF398EE3384FF0E0230C
:104720009A6919699B6900B103600AB90C4A126859
:104730000BB90B4B1B6811F4803F01D19A4208D290
:1047400008490A680648006802440A604FF0E022FF
:104750001269034A1068C31A024A10681844704765
:1047600030080020240800200B4B102283F823205F
:104770000A4B4FF4D2621A60094B44F2A0121A603D
:104780000020084B18604FF0E02344F29F125A615A
:10479000986107221A61704700ED00E02C080020A4
:1047A0003008002024080020684620F007018D46CC
:1047B00079B5EFF31184102383F31288BFF36F8F61
:1047C0000020FFF7ABFF14480368144A0026156861
:1047D00051685B1941F10001136051600660104D92
:1047E0002A686968981A0F4BA3FB0030800B44F2CB
:1047F000A01300FB03F3D21841F100012A606960A5
:10480000094B1E60214601F0F3FFFEF7BFFEBDE835
:1048100079408546704700BF2408002090020020A0
:10482000880200202D34A9F92808002030B583B073
:10483000054601A8FFF772FF384B1968384C23680A
:104840006268C31842F10000236060600024354AAA
:104850001460354C226864689A1A60EB040EBEF14D
:10486000000F32DB314B18680024281844EB040594
:104870004FEA451C4CEAD06C43011B1845EB0C0C6D
:104880004FEA8C0C4CEA937C9B001B1A6CEB050CDA
:104890004FEA8C0C4CEA937C9B001B1845EB0C05F3
:1048A0006D0145EAD3655B019B1A65EB0E05204A55
:1048B00012689A42AC410ADA1A46B3F1807F75F168
:1048C000000504DB6FF07F4201E0194B1A68134BBF
:1048D0001A604FF0E0239869013A5A6100229A6108
:1048E00003F550634FF000725A60019B83420BD274
:1048F000091A0B440A490A684868D21840F10000B6
:104900000A60486003B030BD1B1A05490A68486850
:10491000D21840F100000A604860F3E73008002038
:10492000900200202408002088020020280800208F
:104930002C08002010B5084B1C68084B1B68E41AB3
:104940000020FFF7EBFE2044054BA3FB0030800B5B
:10495000044B186010BD00BF9002002088020020A8
:104960002D34A9F92808002038B5EFF3118510235C
:1049700083F31288BFF36F8F054B1C680020FFF78D
:10498000CDFE204485F31188BFF36F8F38BD00BF83
:104990009002002008B5334B9B6803F00C03042BF6
:1049A0005BD0082B5BD12F4B5A6802F03F025B684B
:1049B00013F4800F2CD02B4B5868C0F388104FEAAB
:1049C000401CBCEB000C6EEB0E0E4FEA8E1343EA5C
:1049D0009C634FEA8C11B1EB0C0163EB0E03DB001F
:1049E00043EA5173C90011EB000C43F10003590273
:1049F00000234FEA4C2041EADC51FBF7A9FE194B9A
:104A00005B68C3F3014301335B00B0FBF3F008BD07
:104A1000144B5868C0F388104FEA401CBCEB000CE4
:104A20006EEB0E0E4FEA8E1343EA9C634FEA8C1135
:104A3000B1EB0C0163EB0E03DB0043EA5173C900D9
:104A400011EB000C43F10003990200234FEA8C2084
:104A500041EA9C51FBF77CFED1E70348D7E70348C6
:104A6000D5E700BF0038024000127A000024F400AD
:104A70000246002850D02A4B1B6813F480431DD0F7
:104A8000284B984204D8284B984212D9002300E0C2
:104A9000052383B125498A4201D903B90323244957
:104AA0008A4200D94BB123498A4207D933B901233D
:104AB00004E00023EEE70423ECE702231849096829
:104AC00011F4804F14D118498A4201D903B9042343
:104AD00016498A4201D903B9032315498A4200D9EC
:104AE0002BB114498A4203D913B9012300E00223F0
:104AF00011490A6822F007021A430A6002210E4A8D
:104B0000126802F007020139934201D00029F6D160
:104B1000934203D001207047012070470020704766
:104B20000070004080D1F008000E2707804A5D0524
:104B30000087930380C3C901003C0240024B03601D
:104B40000248C01A40097047F8B80008B8BA00080F
:104B500038B50546B8B10378BBB10D4C0D4B9C423E
:104B60000ED22168A94205D02846FBF739FB08B1CF
:104B70002034F3E7204606F05CFA10B9002400E088
:104B80000024204638BD0446FBE70024F9E700BFB7
:104B9000F8B80008B8BA0008F8B5074608B30378B3
:104BA0000BB3124E00E02036114B9E4216D2F5692F
:104BB00005B12D68304606F03CFA0028F3D0002DF0
:104BC000F1D000242B68A342EDD905EB840359688A
:104BD0003846FBF705FB10B10134F3E700263046F9
:104BE000F8BD0646FBE70026F9E700BFF8B8000865
:104BF000B8BA000838B5EFF31185102383F3128893
:104C0000BFF36F8F054B9C6806F02BFA85F3118874
:104C1000BFF36F8F2046FEF7C9FC38BD3408002073
:104C200010B586B0B823114C03FB004400EB400CD8
:104C300000EB80000E4B03EB80030E4A059201222D
:104C400004920F22039200220292019200930A4BD7
:104C50004FF4A072094901EBCC11204600F084FD0D
:104C6000237C23F00403237406B010BD98020020B7
:104C7000340800204CDA000879B000080015002044
:104C800038B505460B4B53F8204002E0236898479F
:104C900008346B1C074A52F82330A34209D96068D4
:104CA0000028F3D0037E13F0010FF1D106F09CF938
:104CB000EEE738BD9418010808B553EA020102D1A5
:104CC00000F0EEFD08BD0249183001F0CDFCF9E717
:104CD000E1B5000810B586B0184C14E0636A05937E
:104CE000236A0493E3690393A369029363690193BD
:104CF00023690093E368A2686168206800F034FDCE
:104D000023685C6530340E4B9C42E7D301F096FA81
:104D10000A4C03E02068FFF7CFFF3034084B9C4279
:104D200008D2A26AE36AB3F1FF3F08BFB2F1FF3FC6
:104D3000F3D0EFE701F09AFA06B010BD08BC000806
:104D400038BC000810B50D4B01221A700C4C02E063
:104D500054F8043B98470B4B9C42F9D30320FFF7D0
:104D60008FFF0420FFF78CFFFFF7B4FFFBF722FF54
:104D7000054A938923F00103938110BD7808002030
:104D800000BC000804BC00085003002008B5014620
:104D9000014A0248FEF7D4FB454D000850030020AD
:104DA00010B50446FFF73CFFB8230B4903FB041181
:104DB0000A4A04EB840302EB8303D9601C7404EBFE
:104DC0004411074B03EB811303F5046304EB8404E4
:104DD00002EB8402536010BD9802002034080020CA
:104DE000C00C002070B586B001F020FA104D114BB8
:104DF0005D61114B059301230493002403940294F5
:104E0000019400940D4B4FF480620D49284600F048
:104E1000ABFC06462B7C23F004032B74284606F0DB
:104E20007AFB2046FFF7BCFF304606B070BD00BFDE
:104E3000500300203408002054DA0008454D0008D3
:104E40008016002008B50020FFF71AFF1C4B83F3E3
:104E500008881C4C636943F400736361F02384F891
:104E600022300023E37723766376A37684F820301C
:104E7000636A43F4E0236362FEF786FAFEF780FB81
:104E80004FF0FF33A362E362FEF792FCFEF70AFCE9
:104E90000D4800F0AFFCFCF7F1F90C4C02E054F8BF
:104EA000043B98470A4B9C42F9D30120FFF7E8FEE8
:104EB0000220FFF7E5FEFFF795FFFFF767FF00BF52
:104EC0000015002000ED00E0E004002000BC000818
:104ED00000BC000810B5064C05E0A26861682046D9
:104EE00006F0C2F81434034B9C42F6D3002010BDE8
:104EF00064000020780000202DE9F04182B00446D3
:104F00000F469DF82000EFF31188102181F31288DD
:104F1000BFF36F8F4646256AE1688D4247D2256808
:104F2000AC4221D005B36A682B6813605A60002632
:104F30002E606E602B7C23F002032B74AE6005F1B3
:104F4000180001F003FC54F8082F39466869FBF794
:104F500015FBC5F8B460284600F052FD41462046D6
:104F600000F076FE30462BE078B9A26923699A42B8
:104F70001AD0A069A268801AA0613946FBF7FEFA30
:104F8000236A01332362002016E0A2683946E069F3
:104F9000FBF7F4FAE369A2681344E36162699342A0
:104FA000EED12369E361EBE76369A361E1E753EACB
:104FB000020108D16FF0220086F31188BFF36F8FD2
:104FC00002B0BDE8F081064989684F610092019303
:104FD0002246414604F1080000F0A4FFF0E700BFBC
:104FE00034080020F0B583B004460846EFF311877B
:104FF000102585F31288BFF36F8F3E46256A55B999
:1050000053EA02014CD16FF0220086F31188BFF3FE
:105010006F8F03B0F0BDA268A169FBF7AFFAA36977
:10502000A2681344A3616269934233D0236A013BAF
:1050300023622568AC423FD0002D3FD06A682B68C0
:1050400013605A6000232B606B602A7C22F00202FE
:105050002A74AB6005F1180001F078FBA268696959
:10506000E069FBF78BFAE369A2681344E3616269C4
:10507000934212D0236A013323620026C5F8B4603C
:10508000284600F0BDFC394604F1080000F0E0FDC0
:105090003046BEE72369A361C8E72369E361E9E716
:1050A000074989684861009201932246394604F114
:1050B000080000F037FFACE70020A6E70020A4E7D7
:1050C000340800202DE9F04182B00446EFF3118747
:1050D000102181F31288BFF36F8FC16899B900293D
:1050E00050D1364B9B6893F90E3023610131E1605A
:1050F000324B9B68A36087F31188BFF36F8F00204A
:1051000002B0BDE8F08116461D4682682B4B9B68B5
:105110009A42E4D055EA060136D092F90E80414613
:1051200093F90E0005F0BDFF804534DC4FF0000818
:105130000096019522463946214800F0F3FE0028EA
:10514000DED0EFF31185102383F31288BFF36F8F46
:10515000A36843B323689C4223D013B3216993F916
:105160000E0005F09EFF0146204605F0A5FFE8B9B8
:10517000B8F1000F1AD185F31188BFF36F8F6FF06C
:105180000A00BDE72369B0E787F31188BFF36F8F8B
:105190006FF00F00B4E70146204605F08DFF804612
:1051A000C6E72169E0E7B8F1000FE4D029460448DA
:1051B00000F04EFD6FF00A00A2E700BF34080020A7
:1051C000580800208368002B47D070B50446264A53
:1051D0009268934244D1C368012B03D9013BC36059
:1051E000002070BDEFF31186102383F31288BFF304
:1051F0006F8F016905F060FF2568AC421CD07DB15E
:105200006A682B6813605A6000232B606B602A7CED
:1052100022F002022A74AB6005F1180001F096FA40
:10522000A560281E18BF012045B90023E36086F35E
:105230001188BFF36F8FD4E70025F1E795F90E30A1
:1052400023610024C5F8B440284600F0D9FB31465C
:10525000064800F0FDFC2046C3E76FF015007047DC
:105260004FF0FF30BDE700BF340800205808002091
:1052700070B5EFF31186102383F31288BFF36F8F9D
:105280000468A0421BD0D4B16268236813605A60DE
:10529000002525606560237C23F002032374A5604C
:1052A00004F1180001F052FAC4F8B45065612046C8
:1052B00000F0A6FB3146094800F0CAFC70BD8368C7
:1052C000C268934207D001221344836086F3118899
:1052D000BFF36F8FF2E70022F6E700BF5808002007
:1052E00010B582B0EFF31181102484F31288BFF35C
:1052F0006F8F846844B1013C846081F31188BFF3EF
:105300006F8F002002B010BD53EA020406D0009255
:1053100001930246054800F005FEF3E781F311888A
:10532000BFF36F8F6FF00F00ECE700BF580800204D
:105330002DE9F8430646EFF31188102383F3128812
:10534000BFF36F8FC146002702E0002303B31F465F
:105350003468A642F9D0CCB16268236813605A6001
:10536000002525606560237C23F002032374A5607B
:1053700004F1180001F0EAF96FF00A03C4F8B43040
:105380006561204600F03CFB0123DFE70023DDE7F9
:10539000B3602FB989F31188BFF36F8FBDE8F8832D
:1053A0004146024800F054FCF8E700BF58080020CE
:1053B00000B583B0064B00934FF0FF334FF480628B
:1053C0000449054800F022F903B05DF804FB00BF72
:1053D000AC180108C01A00200804002080B338B5BA
:1053E0000D4604461C4B9A68D0F8B8309A421BD040
:1053F00000231A46D4F8D430C3F38001C3F3C000AD
:1054000013F0010F1FD001B102B300B109B30023A3
:105410002B60D4F8C03073B11D60C4F8C050204672
:1054200005F07EFE012038BD05F0D7FF08B9012345
:10543000DFE70023DDE7C4F8C050C4F8BC50EEE756
:105440006FF0150070476FF01200ECE76FF00F007F
:10545000E9E76FF00F00E6E73408002010B5C368F5
:1054600023F00203C360134B1C687CB1236803B1B3
:105470000CB100210FE02346FBE722460D4805F062
:105480003CFE04F10800FFF7F3FE10BD2346F0E7F1
:105490001A461C461346002CF7D062688242ECD0B4
:1054A0002146002BF4D01A68002AF2D0002BF0D14C
:1054B0001A46EEE75808002070B584B005463BE078
:1054C000D5F8D43023F00402C5F8D42013F0040F2B
:1054D0000ED112F0100F11D00023C5F8D43086F38E
:1054E0001188BFF36F8F04B070BDC5F8C03035E0D0
:1054F0000022012105F1CC0005F08BFE0023029370
:105500004FF0FF324FF0FF33CDE9002305F1C40225
:105510003146304800F0C2FE0EE0204605F0C9FEDC
:1055200040E02046FFF79AFF40E0002386F3118811
:10553000BFF36F8F002B49D1EFF31186102383F354
:105540001288BFF36F8FD5F8BC40002CB8D0236809
:10555000C5F8BC30D5F8C0209442C6D0D5F8D430B8
:1055600043F00203C5F8D430E36843F00102E2607F
:1055700023F0040343F00103E360636886F31188BA
:10558000BFF36F8F20469847EFF31186102383F304
:105590001288BFF36F8FE36823F00103E36013F019
:1055A000100FBAD1E36813F0020FBAD1D5F8D43096
:1055B00023F00203C5F8D43013F4807FB5D1D5F8B9
:1055C000BC300BB10123B1E70023AFE705F07AFF50
:1055D000B2E700BF6008002008B58446084653EAD9
:1055E00002010CD0C16841F00801C160DCF8001074
:1055F00081620549103001F037F8012008BD61468D
:1056000005F0B5FDFAE700BFCFB10008F0B589B0ED
:1056100004460E9D0020C4F8BC00C4F8C00004F18C
:10562000C400C4F8C400C4F8C80004F1CC00C4F835
:10563000CC00C4F8D0003DB3287938BB0120C4F8B1
:10564000D4004FF0FF364FF0FF37CDE9066700205A
:10565000049003930290019000940E4B204605F0B5
:10566000EDFE55B1296811B1204600F035F86B798F
:105670001BB1A38943F00103A381204600F010F978
:10568000C4F8B84009B0F0BD0120D8E740F20110DD
:10569000D5E700BFB954000808B50146014805F038
:1056A0001DFE08BD080400208166C2660367009BDA
:1056B0004367EFF31182102383F31288BFF36F8FD8
:1056C000044B196A8167186282F31188BFF36F8FE8
:1056D000704700BF3408002008B518B105F039FE46
:1056E000002008BD014B9868F8E700BF340800208F
:1056F0002DE9F843067C69B389466AB302F1FF38A5
:1057000000252F4600E00135F6B1144B03EBC5032D
:105710009C883442F7D0114ADB8852F83520A8EB38
:10572000070109EB070005F023FE0744E44364B2D8
:105730002640E8D001230A4AA8EB070109EB07003D
:1057400005F016FE0744DEE7002309F80730484657
:10575000BDE8F8830348FBE70248F9E7B8180108F9
:1057600068DA000830C200082DE9F04784B004462A
:105770000F4615461E46DDF83080DDF83490DDF822
:1057800038A000F158038365C365109B04220F996C
:1057900005F02BFE2A463946204605F0FBFD05465E
:1057A000CDF808A0CDF80490CDF80080334602462D
:1057B00039462046FDF7A2FE00236365CDF800A020
:1057C0004B46424631462046FFF76EFF1199204670
:1057D00005F0BFFD064B9B683BB1D3F8A830C4F879
:1057E000A830284604B0BDE8F087C4F8A830F8E730
:1057F0003408002010B5044601230374838100237C
:10580000C0F89C30C0F8A03001F094F8014B9C60C7
:1058100010BD00BF3408002008B50F4B9B688342C1
:105820000ED0EFF31181102383F31288BFF36F8F33
:10583000037C13F0100F0AD1002200F09BFA08BD80
:10584000EFF30583002BECD100F036FCF7E781F392
:105850001188BFF36F8FF2E73408002010B5EFF323
:105860001184102383F31288BFF36F8F037CC3F37B
:10587000001282F0010212F0FF0F09D123F0100391
:10588000037400F0BDF82146044800F0E1F910BDB2
:1058900084F31188BFF36F8FF9E700BF6008002021
:1058A00038B5EFF31185102383F31288BFF36F8FA0
:1058B000037C13F0040F04D185F31188BFF36F8FBD
:1058C00038BD0446183000F041FF237C23F0040368
:1058D0002374204600F094F82946024800F0B8F9F5
:1058E000EEE700BF6008002008B553EA020102D1CC
:1058F000FFF7D6FF08BD0249183000F0B5FEF9E702
:10590000E1B5000808B50C4B1B780BB9002008BDA9
:1059100005F063FD48B9EFF3118343B9074B9A686B
:10592000074B9A4205D00120F1E70020EFE7002065
:10593000EDE70020EBE700BF7808002034080020E6
:10594000980200200A4A9368C3F8B0006FF00A0179
:10595000C3F8B41007494B6843F080534B600023F1
:1059600083F31188BFF36F8F9368D3F8B400704747
:105970003408002000ED00E010B5204B9A68DB6988
:105980009A4205D01368516812680A60516006E0B7
:105990000023F8E7194AD269934212D01B6883B1F9
:1059A000164A906890F90E1093F90E209142F1D0AA
:1059B000521A002AEEDD5A68426003601060586097
:1059C00008E00E4B9A68D96903F118001060516025
:1059D0000A60DA61094B53F8184F9C420AD04CB167
:1059E000064B9B689C4202D0204605F067FE034BA5
:1059F0005C6110BD014BDC68F2E700BF3408002099
:105A0000037C90F91020002A4EDB13F01F0F4BD1BE
:105A100010B563F07F030374244A52F8183F934291
:105A20003AD07BB190F90E1093F90E20914202D03A
:105A3000521A002A27DC19461C4AD269934201D027
:105A40001B6833BB194BDA6903F11801016042602E
:105A50001060D861154B53F8184F9C421ED0ECB122
:105A6000124B9B681A7C12F01F0F04D1DA897F2A2F
:105A700001D9A269AAB1A34202D0204605F01EFEB8
:105A80000A4B5C6110BD5A68426003601060586048
:105A9000E0E70029C5D1D5E70023C2E7034BDC6866
:105AA000DEE7024A5361EDE7704700BF340800208B
:105AB0002DE9F84305460C46494B9E68337C13F0AC
:105AC000600F2BD013F0200F2DD008271F4225D1B7
:105AD0003B43337413F0800F27D1082F30D04FF0A1
:105AE00000093F4B53F8188F98455ED0B8F1000F6E
:105AF0005BD03B4B9B68434502D0404605F0DEFD42
:105B0000374BC3F81480102F08D0304603F0CFFD78
:105B1000304600F099FCB9F1000F4AD184F31188A6
:105B2000BFF36F8F56E01027D0E703F07F03337485
:105B30007268336813605A60002333607360CCE787
:105B4000B368BBB17268336813605A600023336076
:105B50007360327C22F002023274B3600AE084F394
:105B60001188BFF36F8FEFF31184102383F3128832
:105B7000BFF36F8F06F1180000F0E8FD10F10B0F76
:105B8000EDD006F1580005F0A3FC154B9B689E4232
:105B900002D04FF00009A4E7EFF3058313B94FF0EB
:105BA00000099EE74FF001099BE70D4BD3F80C80ED
:105BB0009FE70C48FFF71EFEB0E7EFF311841023B8
:105BC00083F31288BFF36F8F05F061FA84F31188B5
:105BD000BFF36F8F2B7C13F0600FEED1BDE8F8831D
:105BE00034080020E004002010B5037C90F9102058
:105BF000002A19DB154B9A6853F8184F9C421ED0A7
:105C0000ECB1824208D0137C13F01F0F04D1D3896A
:105C10007F2B01D9A369ABB1A24202D0204605F087
:105C20004DFD0A4B5C6110BD03F07F0303744268B5
:105C3000036813605A60002303604360DAE7034B94
:105C4000DC68DEE7014B5A61EDE700BF3408002055
:105C5000084681B908B5EFF305833BB9084B5A698B
:105C60009B689A4202D0FFF76DFE03E080F3118833
:105C7000BFF36F8F08BD81F31188BFF36F8F70473B
:105C80003408002038B50546114B53F8184F9C4294
:105C900017D0B4B10E4B9B681A7C12F01F0F04D1C1
:105CA000DA897F2A01D9A26972B1A34202D02046C3
:105CB00005F004FD064B5C6129460648FFF7C8FF66
:105CC00038BD034BDC68E5E7014A5361F4E700BFE8
:105CD000340800206008002038B5EFF31184102349
:105CE00083F31288BFF36F8F214B9A68DB699A4266
:105CF00005D01368516812680A60516006E00023FD
:105D0000F8E71B4AD269934212D01B6883B1184A44
:105D1000906890F90E1093F90E209142F1D0521A2A
:105D2000002AEEDD5A68426003601060586008E0A7
:105D30000F4B9A68D96903F11800106051600A602E
:105D4000DA610B4B53F8185F9D420DD065B1084BDB
:105D50009B689D4202D0284605F0B0FC044B5D6173
:105D60002046FFF7EFFD38BD014BDD68EFE700BFD0
:105D7000340800202DE9F04104460D46164600F196
:105D8000580705F0A3FBF8B1237C96B120221343FA
:105D90002374EFF3058373B129462046FFF788FE8D
:105DA00004F1180000F0D2FC10F10B0FF8D0BDE8A0
:105DB000F0814022EBE73946504B986805F0C6FB6E
:105DC0002846FFF7BFFDEBE786B30826237C1E427B
:105DD00023D13343237413F0800F29D1082E32D0FE
:105DE0004FF00008454B53F8187F9F425FD0002FBB
:105DF0005DD0424B9B68BB4202D0384605F05EFC4A
:105E00003E4B5F61102E08D0204603F050FC204628
:105E100000F01AFBB8F1000F4CD1384B9B68A3423D
:105E20004CD085F31188BFF36F8FC0E71026CDE704
:105E300003F07F0323746268236813605A600023B1
:105E400023606360CAE7A368BBB16268236813601C
:105E50005A60002323606360227C22F002022274D5
:105E6000A3600AE085F31188BFF36F8FEFF311850C
:105E7000102383F31288BFF36F8F04F1180000F032
:105E800065FC10F10B0FEDD0384605F021FB1B4BE4
:105E90009B689C4202D04FF00008A3E7EFF3058314
:105EA00013B94FF000089DE74FF001089AE7134B34
:105EB000DF689EE71248FFF79DFCAEE7EFF305832E
:105EC000002BAED1A38913F0010F12D085F31188F6
:105ED000BFF36F8F002383F31188BFF36F8F042309
:105EE000184602DFEFF31185102383F31288BFF306
:105EF0006F8F2846FFF726FD59E700BF34080020C2
:105F0000E004002070B5044616461D4605F01EFB51
:105F100032462B46024904F1180000F0A5FB70BD83
:105F2000E1B5000810B50C461146EFF305833BB10F
:105F3000002383F31188BFF36F8F0423184602DF19
:105F400009488268094B1A60EFF31183102383F329
:105F50001288BFF36F8FDDE902238068FFF7D2FF5D
:105F60002046FFF7EFFC10BD340800206008002039
:105F70002DE9F04104460E460023EFF3118510226F
:105F800082F31288BFF36F8F1F4643E003F07F0355
:105F900023746268236813605A600023236063607F
:105FA00071B2A173237C63F07F032374414A52F8DA
:105FB000183F934246D073B193F90E20914202D01C
:105FC000521A002A35DC18463A4AD269934202D066
:105FD0001B68002B33D1374BDA6903F118012160BC
:105FE00062601460DC61334B53F8188F98452BD0F6
:105FF000B8F1000F28D02F4B9B68984502D040463F
:1060000005F05CFB2B4BC3F8148085F31188BFF3BC
:106010006F8F0123002B49D1237C03F01F02002A3C
:106020000CBF01270027B1D013F0020F10D1A673C7
:10603000EBE75A686260236014605C60D3E7002875
:10604000B9D1C8E70023B6E71A4BD3F80C80D2E7E2
:10605000A1686268236813605A600023236063604C
:1060600070B2A0730B68994208D1002306E01A466B
:10607000D1F804C0634513D01B686BB983B193F9A1
:106080000E209042F3D0121A002AF0DD5A686260A6
:10609000236014605C60B8E7002AEFD11346EDE797
:1060A0004B68216063601C604C60AEE73846BDE819
:1060B000F08100BF3408002038B5EFF311851023BC
:1060C00083F31288BFF36F8F037C43F010020274D6
:1060D00003F07F0343F01003037442680368136006
:1060E0005A600023036043600A4B53F8184F9C42E8
:1060F0000DD064B1074B9B689C4202D0204605F04E
:10610000DDFA044B5C612846FFF71CFC38BD014BEF
:10611000DC68EFE7340800200A4A9368C3F8B0004F
:106120006FF00A01C3F8B41007494B6843F080537D
:106130004B60002383F31188BFF36F8F9368D3F80C
:10614000B40070473408002000ED00E0F8B551EAD3
:10615000000325D005460C46EFF31187102383F387
:106160001288BFF36F8F104EB068104B1860FFF7A6
:106170003BFDB0682A4623460D49183000F074FAFA
:106180000446B268137C43F0040313743846FFF7E7
:10619000C3FF05F0ADFA201A002800DC0020F8BD8E
:1061A00005F090F90020FAE734080020600800208C
:1061B000E1B5000838B504460D46FFF7C7FF0346B2
:1061C0002046B5F1FF3F08BFB4F1FF3F28D0DA17F2
:1061D00013F1090042F100030021C21821D20A4440
:1061E0001149A1FB024525F0030404EB9504121BA1
:1061F000801A63F100034FF0CC3200FB02F201FB86
:106200000322A0FB01010A44430843EAC273520877
:106210001846B3F1004F72F1000201D36FF0004055
:1062200038BD0121DBE700BFCDCCCCCC024B03F164
:1062300018029A61DA617047340800200023EFF3F6
:106240001181102282F31288BFF36F8F09E0064B91
:106250009A68D37B013BD37381F31188BFF36F8FAF
:106260000123002BF3D070473408002008B5EFF36A
:106270001180102383F31288BFF36F8F034B9A684A
:10628000D37B0133D373FFF7FDFC08BD3408002036
:10629000014B9868704700BF340800202DE9104872
:1062A00083B0089CDDE906BCCDE900BCFFF73AFEEF
:1062B0001CB1034B9B685B69236003B0BDE8108889
:1062C000340800200346027C12F01F0F10D10B4A45
:1062D00090420FD00A4A106878B1DA897F2A0BD829
:1062E00093F90E20074B1B689A4206DA002070478C
:1062F000002070470020704700207047980200205F
:106300003800002068080020044BC01AC010044B5D
:1063100003FB00F0034B01221A547047980500203C
:10632000ABAAAAAA6408002070B504460B4B1D7CDA
:1063300005EB45030A4E06EBC306304600F006FAAD
:106340001CB9084B00225A5570BD064B5B5DE21A22
:10635000D3170549304600F087F9F2E734080020EA
:1063600098050020640800200963000870B5EFF369
:106370001185102383F31288BFF36F8F174B9C682E
:10638000174B1B68A34216D02E46154B00221A60ED
:10639000124B1B7C134AD35C43B12046FFF792FF9C
:1063A000054618B1237C13F01F0F0CD086F311881B
:1063B000BFF36F8F70BD204605F080F985F311881B
:1063C000BFF36F8FF6E7FFF7D7FA044B5B69A34281
:1063D000ECD12846FFF7A8FFE8E700BF340800200B
:1063E00060080020640800202DE9F84381468846B3
:1063F00017461E46EFF31185102383F31288BFF36F
:106400006F8F104B1C6A03E041462046C847A46FBB
:1064100094B1002EFBD1002FF6D085F31188BFF385
:106420006F8F41462046C847EFF31185102383F351
:106430001288BFF36F8FEAE785F31188BFF36F8F80
:10644000BDE8F88334080020EFF31181102383F3B3
:106450001288BFF36F8F0A4B1B6A834204D19A6F75
:10646000074B1A6207E0134613B19A6F8242FAD1C2
:106470000BB1826F9A6781F31188BFF36F8F7047FA
:106480003408002030B4C0E90223214A1368934243
:1064900017D1002315E0A41A65EB01059C60DD60AF
:1064A0005A684260036010605860194A136893424A
:1064B00004D0984214BF0020012025E00023F8E713
:1064C0000023A3B19C68DD688268C168A24271EBB9
:1064D000050CE0DB121B61EB05018260C160002B43
:1064E000EFD00B4A52689342EAD01B68E9E7084AAA
:1064F000516802604160086050601168914205D0A7
:10650000884214BF0020012030BC70471946F7E7CD
:106510003C00002030B40346114A106890421CD061
:10652000834214BF0020012073B10D4A52689A4281
:106530000AD01A6842B19168DC689D684919D5682B
:1065400045EB04049160D46059681A680A60516090
:1065500000221A605A6030BC70470020E0E700BF9C
:106560003C0000200B4A1368934209D05BB1986845
:10657000DB686FF00042904273F1000306DA704767
:106580006FF0004070476FF0004070476FF00040C0
:10659000704700BF3C000020064A1368934207D0B2
:1065A00033B19A68D968121A61EBE0719A60D960C8
:1065B000704700BF3C0000200A4B186898420CD07E
:1065C00070B18368C268134309D1426803681360DD
:1065D0005A6000230360436070470020704700202A
:1065E000704700BF3C000020184A1368934216D041
:1065F000CBB19A68DB686FF00041884221D2B3F1D9
:10660000FF3F08BFB2F1FF3F11D06FF000418A4257
:1066100073F100030DDA904215D2101A70474FF053
:10662000FF321346E7E74FF0FF321346E3E7081A5D
:106630007047C0F1FF4000F5FF0000F5FF407E30DD
:106640007047002070470020704700BF3C000020CA
:1066500008B5044B1B680BB9002008BDFEF76AF9AA
:10666000FBE700BF440000202DE9F84FB3F1FF3FE6
:1066700008BFB2F1FF3F0ED0814690461D46016132
:106680000023EFF3118A102282F31288BFF36F8F79
:106690001C461F462CE00024274620463946BDE80C
:1066A000F88FFFF7D5FF0646021945F1000325498B
:1066B0000968003918BF0121521843F1000322492B
:1066C0000C684F68141943EB07074FF0010B01E00A
:1066D0004FF0000B4846FFF7D5FE20B1194B1B6861
:1066E000B3F1FF3F20D08AF31188BFF36F8F0123EE
:1066F000002BD2D144462F46002DD2DA124A13681D
:106700005168E31841EB05016FF00100C01A4FF02A
:10671000FF3363EB010102460B46012871F10001D2
:10672000D6DA01220023D3E7BBF1000F06D03046B2
:10673000FFF75AFF0021FEF779F8D4E7FFF788FF4B
:106740000646F4E744000020B0050020F8B50546F1
:106750000024EFF31186102383F31288BFF36F8FA9
:106760006FF0150012E0FFF773FFFFF73DFF002108
:10677000FEF75CF838460E4B1B6823F00102954289
:1067800010D086F31188BFF36F8F0124274674B9A8
:106790002B68002BEFD02846FFF7BCFE0028E2D183
:1067A0002046E8E743F00103014A1360E9E7F8BD3A
:1067B0006C08002084460023EFF31181102282F33D
:1067C0001288BFF36F8F18460CE04CF00103074AA4
:1067D0001068984214BF0020012081F31188BFF394
:1067E0006F8F0123002BF0D0704700BF6C08002092
:1067F00070B50C46234B1860234B00221A6016E03C
:106800001A69224D2B6084F31188BFF36F8F1846ED
:106810009047EFF31184102383F31288BFF36F8F37
:1068200000232B60FFF7C8FE03460028E8D1154B74
:106830001E68AEB1FFF796FE0546B04200D9354658
:106840002846FFF7A9FE124A136851685B1941EB0D
:10685000E571136051600B4A13685B1B1360E1E73D
:10686000094B4FF0FF321A600020FFF7BDFE0021F8
:10687000FDF7DCFF84F31188BFF36F8FFFF776FD20
:1068800070BD00BF70080020440000206C0800208C
:10689000B005002010B50023EFF31184102282F31D
:1068A0001288BFF36F8F184619460CE0FFF7D0FE31
:1068B000064A13685168C01841F1000184F3118839
:1068C000BFF36F8F0123002BF0D010BDB005002067
:1068D00070B582B00446EFF31186102383F312885B
:1068E000BFF36F8F836803EA020559400A405340A3
:1068F0000093002201926B46074904F08EFE009B34
:10690000019A23EA0203A360314604F10C00FFF769
:106910009FF9284602B070BD13B7000808B50246BB
:10692000024B0021024804F075FF08BDEB8100080E
:1069300064000020014BC0F8A830704764000020BC
:1069400070B586074FD08418844604E003F8011B15
:106950009D0704D09C4664456346F7D170BD013A5B
:106960000244A2EB0C02032A2FD9CCB204EB04247C
:106970000F2A04EB044438D9A2F110063509013579
:106980009C464FF0000E0EF1010EAE45CCE90044DE
:10699000CCE902440CF1100CF5D326F00F061033AD
:1069A00012F00C0F334402F00F051AD02A1F032AED
:1069B0001C6005D9A5F10802032A5C6088BF9C60B1
:1069C00005F0030225F003052B44541E002AC5D010
:1069D000C9B21970002CC1D0012C597018BF997020
:1069E00070BD2A46F1E70346BDE71546DEE700BF66
:1069F000032A30B412D941EA0004A40784460B46A6
:106A000021D11946604653F8044B5CF8045BA5425B
:106A100019D1043A032AF4D860461946541E7AB1B3
:106A2000431E0139021901E09A4209D013F8010FFF
:106A300011F801CF6045F7D0A0EB0C0030BC7047D7
:106A4000002030BC7047541EEAE700BF11F0FF0180
:106A5000034600F0030239D08ABB026810B501EB8F
:106A6000012E0EEB0E4E8EEA0204A2F1013323EA50
:106A70000203A4F1013222EA0402134313F0803F1F
:106A80000FD150F8044F84EA0E0CA4F10133ACF19D
:106A9000013223EA040322EA0C02134313F0803F7D
:106AA000EFD0037823B936E010F8013F002B32D045
:106AB0009942F9D110BD8A4228D09A0729D01A7874
:106AC00018460133002AF6D110467047CAB9026849
:106AD000A2F1013323EA020313F0803F08D150F8FA
:106AE000042FA2F1013323EA020313F0803FF6D012
:106AF00003785BB110F8013F002BFBD17047990779
:106B000005D0184613F8012B002AF8D17047184613
:106B1000DDE71846A1E7184610BD00BF8AB330B5BF
:106B200040EA0104A40786460B4617D1032A07D87A
:106B300014E0043A23D01CF0803F20D1032A26D948
:106B4000DEF80040194653F8045BA4F1013CAC4266
:106B500070462CEA040C0EF1040EEAD003780C788F
:106B6000013AA34208BF121807D00CE06BB110F82D
:106B7000013F11F8014FA34205D19042F6D1002008
:106B800030BD10467047181B30BD184630BD7046EA
:106B90001946E3E738B540EA01039B07044622D1D2
:106BA000032A20D98C46DCF80050A5F1013323EAF2
:106BB000050313F0803F61460CF1040C14D1043A34
:106BC000032A40F8045BEED861464B1E4AB113F825
:106BD000011F00F8011B013A0029F7D10AB1FFF7A4
:106BE000AFFE204638BD20464B1EEFE771B103468D
:106BF00001EB000C01E0634506D01A460133117821
:106C00000029F8D1101A7047181A704708467047C3
:106C10002DE9F04F012BADF21C4D1C4681468B46F1
:106C2000904640F250810120002605464FF0FF318A
:106C3000034605E0581A1E460125AB19A3420ED2A1
:106C400008EB050218F80370525CBA42F2D87FD004
:106C50000120314605460644AB19A342F0D34FF05C
:106C6000010E002675464FF0FF37734606E0A3EB92
:106C7000070E1E460125AB199C420FD908EB0502F1
:106C800018F803C0D25D6245F1D367D04FF0010E12
:106C9000374675467644AB199C42EFD807F1010A96
:106CA00001318A45734638BF0346029338BF8A468E
:106CB00006ABC3E900440DF5836208339342F8D173
:106CC0006CB1601E404408F1FF3212F8011FA31A94
:106CD000013B06AD4344824245F82130F5D1029B89
:106CE000524608EB03014046FFF782FE002840F0C1
:106CF000898044F400630493029BE31A0746054627
:106D0000661EABEB04000393A84212D309EB050EF9
:106D100006AA1EF8063052F823302BB327B1029A88
:106D20009342039A38BF13461D44A8424FF0000710
:106D3000ECD209EB0B000499FFF758FF8344ABEB4F
:106D40000400A842E2D200200DF21C4DBDE8F08FF5
:106D5000A84212BF0135361801256EE7AE4512BFB5
:106D600001357644012586E757453B4638BF5346F3
:106D7000B34218D2591EEA1841444A44019502E030
:106D80000133B3420ED012F8015B11F801CFAC45CC
:106D9000F6D09E42019D06D9CAF101022A44D518B7
:106DA0000027B1E7019D57450AF1FF3380F0898044
:106DB00005EB0A024A4408EB0A010195CDF814A03C
:106DC00002E09F4213D0534611F801CD12F8015D45
:106DD000AC4503F1FF3AF4D0019DDDF814A0013376
:106DE00001379F4209D8029B039F1D448CE701375E
:106DF0009F42019DDDF814A0F5D970460DF21C4D9F
:106E0000BDE8F08FA4EB0A03534538BF5346013366
:106E100004930AF1FF33019344F400630293CAF12F
:106E20000103661E0025ABEB04000393A8420AD3BE
:106E300009EB050C06AA1CF8063052F823306BB19A
:106E40001D44A842F4D209EB0B000299FFF7CEFED5
:106E50008344ABEB0400A842EAD274E7B24516D2F1
:106E6000019B05EB0A0208EB03014A44534602E08A
:106E70000133B3420BD212F8017B11F801EFBE458A
:106E8000F6D09E4203D9039A15441D44D9E7019BCD
:106E9000013311D005EB0A01494408EB0A0201E075
:106EA000434509D012F801ED11F8017DBE451346A6
:106EB000F6D0049B1D44B9E760460DF21C4DBDE8B9
:106EC000F08F53468CE7012302934FF0000AEFE660
:106ED0002DE9F0410D46097890B0044600294AD0CA
:106EE0006A78002A4BD0AB78002B67D0E87800286E
:106EF0004AD02B79002B7AD02846F9F701F90646BB
:106F000040F400712046FFF771FE864251D8FE2EF4
:106F100000F28280801B27184022711C6846FFF710
:106F20000FFD6EB16A1E5FFA86FC901912F8013FE0
:106F300003F03F036B44A91A614490421970F5D1E4
:106F4000013CA35D03F03F036B441B781C44A74244
:106F500003D240E04444A7423DD314F806C00CF0ED
:106F60003F0CEC443246294620469CF80080FFF74F
:106F70003FFD0028EED1204610B0BDE8F08110B0F2
:106F8000BDE8F041FFF762BD120442EA01622178D8
:106F900042EA032341EA0002002937D0B3EB022F73
:106FA00014F8011F4FEA0220F4D1033CE3E79A42B0
:106FB0000FD00024204610B0BDE8F081007842EAEE
:106FC00001420028F3D040EA03439A4214F8010F2B
:106FD000F7D1023CCFE7BB5DB819002BE9D04FF4E5
:106FE0000061FFF703FE0744A742A9D2E1E7227838
:106FF000002ADED0296809BA42EA0323204614F8A1
:10700000012F32B19942F7D1C41EB4E78342D0D1E7
:10701000CBE79942CDD1F7E7014633462A462046D1
:1070200010B0BDE8F041FFF7F3BD00BFF8B56A4A04
:107030000C460023D0E90001F9F73AFB002A054687
:10704000C0F2B980654BED1841F10001644EA6FB1A
:107050000236EB1C41F1000C980F40EA8C0020F046
:10706000404023F04043034403EB1C734FEAEC7CA5
:107070000CF00B075B4803EB070EF60AA0FB0E03B0
:107080004FF461675848A66007FB1622A0FB026018
:1070900040096060C0EB0010A2EB80022260AEEB02
:1070A000030203EB52039B08C3EBC3032CF0050C54
:1070B000AEEB030313EB0C0372D40029A36171DB65
:1070C0004A4A00232846F9F7F3FA484B484A03FB9B
:1070D00010539908A2FB0152464D03EBD222A5FBA7
:1070E0000161454EA2EBD1121909A6FB0161A2EB89
:1070F00011124249A1FB0261414EA6FB027603EB4D
:10710000D633561A9208A5FB025201EB5601090A22
:10711000A3EBD21340F26D1202FB1133394D03EB96
:1071200083060236A5FB0625ED0905EBC50240F2F4
:10713000F95C664502EB0212334E02F10202A6FB35
:1071400002628CBF6FF00906022635444FF4C87600
:1071500006FB0010012D98BF01305E1CB3F5997F2E
:10716000A6EB92020BD3A3F59973A0F26C70E361C6
:107170000023C4E90450E26023622046F8BD8E0774
:1071800003D000213B330B44EFE7204E06FB01F117
:1071900006F18046013EB6EBB10F15D20121F1E7B1
:1071A0000733A3611A48114A281861F1000100232E
:1071B000F9F77EFA89E7174B02F5A832ED1802F5C8
:1071C000C07241F1000141E7134EB6EB311F2CBFF5
:1071D00001210021D6E700BF805101006CFA0A00AE
:1071E000C5B3A2912549922489888888B13A0200C2
:1071F0007F206B39D97CC65941D6720061F319677B
:107200001F2BD3E5D7802BD6CDCCCCCC295C8FC21D
:1072100050C5FDFF6BFA0A000AD7A3000CB430B5C5
:107220008BB00D4620220446002102A8FFF788FB00
:10723000134B03930222002D8DF80A2006941DDBC8
:1072400010D0013D2C440FAA0E99019202A8079478
:1072500000F004FA069B00221A700BB0BDE8304023
:1072600002B070470FAA0E99079402A8019200F08D
:10727000F5F90BB0BDE8304002B070470024E2E7FA
:1072800011800008242AF0B505461DD8012A1BD01C
:107290003748AC4664461CF8013B10F803E01EF08A
:1072A000080EF7D12B2B18D02D2B3BD0302B6FF0A5
:1072B00000461AD19CF8000040F0200078284CD0FD
:1072C000002A08BF082213E0FCF7E6F9294B162232
:1072D0001A5001B10D600020F0BD6FF000469CF81F
:1072E0000030302B04F1020CE4D0002A08BF0A223F
:1072F000B6FBF2F0002402FB106705E017D004FB98
:10730000023465461CF8013B392B03D9013B43F09D
:107310002003263B303B9A420ED98442EED94EF0F0
:10732000020EEEE74FF000464FF0010ED7E79F4206
:10733000E5D24EF0020EE4E701B10D601EF0010F40
:1073400018BF64421EF0020F05D0FCF7A5F9094BE7
:1073500022221A5034462046F0BD32F01000AFD140
:107360009CF80130654610220CF1020CC0E700BF0A
:10737000781901080C000000242AF0B504464AD808
:10738000012A48D0314825462E4615F801CB10F881
:107390000CE01EF0080E6346F6D1BCF12B0F2CD08A
:1073A000BCF12D0F27D0302B2CD0002A08BF0A2289
:1073B00000200AE0384616B9FB18184601D34EF0F3
:1073C000020E1CF8013B2C466546392BAC46A0FB4F
:1073D000027603D9013B43F02003263B303B9A421F
:1073E000E8D801B10C601EF0010F18BF40421EF03A
:1073F000020F19D1F0BD4FF0010E2B78302B06F1A2
:107400000205D2D1287840F02000782815D0002A33
:1074100008BF0822CCE7FCF73FF90D4B16221A50A3
:1074200001B10C600020F0BDFCF736F9084A0346B4
:107430002221D1504FF0FF30F0BD32F01000E6D1E4
:107440006B782C4610220235B2E700BF781901088C
:107450000C000000242AF0B507460C465ED8012A2D
:107460005CD03D48BC4666461CF8011B455C15F0E7
:1074700008050B46F7D12B2935D02D2932D0302BDA
:1074800037D0002A14BF16460A260020014611E014
:10749000A0FB067E384671463AB9FF185EF1000E31
:1074A00028BF0122384671460AB145F002056746F9
:1074B0001CF8013B392B03D9013B43F02003263B49
:1074C000303B9E4220D900220029E1D0A6FB01E1F9
:1074D000A0FB06701EEB000E41F100010029D9D07F
:1074E0000122D7E701259CF80030302B06F1020C71
:1074F000C7D19CF8001041F02001782922D0002A41
:1075000014BF16460826C0E704B12760EA0702D573
:10751000404261EB4101AB070AD4F0BDFCF7BCF877
:107520000E4B16221A5004B1276000200146F0BD10
:10753000FCF7B2F8094A034622214FF0FF30D15040
:107540000146F0BD32F01001D9D19CF801306746F8
:1075500010260CF1020C98E7781901080C000000C5
:1075600070B503F01F05082D84468E4665D0C3F123
:107570003703102DDCB2104644D04FEA9C034FEA8B
:107580005C0243EA8E7342EACE729A184FEA5E01B9
:1075900041EB9E01130943EA01739A1841EB111163
:1075A000130A43EA01639A1841EB1121130C43EAD1
:1075B00001439B1841EB1141CB185FFA8CF241F16A
:1075C00000014FEAD30C4CEA417C0CEB8C03A2EB9C
:1075D0004303DBB2A3F10A02D2B2A518092B03F1CF
:1075E00030064FEAD10E05F1300520D91CF1010C0F
:1075F0004EF1000E092A9ABF263300F8013B00F82D
:10760000015BBAE70CF00F03092B88BF1B194FEA87
:107610001C1242EA0E724FEA1E1188BFDBB294467A
:1076200030330A4300F8013B8E46EBD170BD5CEA73
:107630000E0300F8016BA0D170BD10460CF00703DB
:107640004FEADC0C4CEA4E7C30334FEADE0E00F899
:10765000013B5CEA0E03F1D170BD00BF2DE9F04F94
:107660008378D0F804909F078BB040F132810B46AD
:10767000804613F8010B0C46002800F0D883002543
:1076800000920DE01C464146C847002805F101055F
:10769000C0F21981234613F8010B002800F01B816A
:1076A0002528EFD16678252E04F10204EBD04FF0A7
:1076B000000BDA465F461F2F5DD97F2F00F28A80CC
:1076C000A6F13003092B11D87E0600F1328114F89F
:1076D000016B0AEB8A0A03EB4A0A47F02007A6F17E
:1076E0003003002E00F0E180092BF0D92A2E00F0A3
:1076F0000E812E2E00F0C381A6F14C032E2B00F23A
:107700002581DFE813F06100230123012301230118
:107710002301230123012301230123012301230149
:107720002301230123012301230123012301230139
:1077300023012301230123012301230123015101FB
:107740002301610023015D012301230123012301A2
:10775000230123012301CD00230123012301230160
:107760002301CD0047F0020714F8016B47F004072E
:10777000002E00F09A80A6F12003102BA0D801A2C1
:1077800052F823F069770008C1760008C176000836
:10779000DF780008C1760008C1760008C1760008CD
:1077A000A1780008C1760008C1760008C1760008FB
:1077B00065770008C1760008FF780008C1760008E8
:1077C000C1760008EF78000814F8016B47F42077C1
:1077D000002E6AD0A6F14C032E2B00F2B78001A236
:1077E00052F823F0C97700084D7900084D79000858
:1077F0004D7900084D7900084D7900084D79000851
:107800004D7900084D7900084D7900084D79000840
:107810004D7900084D7900084D7900084D79000830
:107820004D7900084D7900084D7900084D79000820
:107830004D7900084D7900084D7900084D79000810
:107840004D7900084D7900084D7900084D79000800
:107850004D790008A17900084D790008C977000822
:107860004D790008B97900084D7900084D79000874
:107870004D7900084D7900084D7900084D790008D0
:107880004D790008957A00084D7900084D79000877
:107890004D7900084D7900084D790008957A000867
:1078A00014F8016B002E7FF406AF00264146252018
:1078B000C847002807DB30464146C847002805F185
:1078C0000205BFF6E7AE98F8023043F0040388F8EB
:1078D00002304FF0FF3528460BB0BDE8F08F14F8AA
:1078E000016B47F01007002E7FF445AFDDE714F879
:1078F000016B47F00107002E7FF43DAFD5E714F888
:10790000016B47F00807002E7FF435AFCDE70099F3
:10791000780651F8042B40F1C38014F8016B002E57
:1079200000F05D82A6F13003092B009193463FF6EB
:10793000DDAE14F8016B0BEB8B0B03EB4B0B002E46
:10794000B3D0A6F13003092BF3D9CFE646F02003DC
:10795000BBF1000FA3F1650204DA27F04007BFB2C4
:107960004FF0000B022A33D9612B31D0A6F163020C
:10797000122A00F2FC81DFE812F02E01A500FA01C4
:10798000FA01FA01FA01A500FA01FA01FA01FA0175
:10799000FA01F0014E01FA01FA013801FA01EF0093
:1079A000FE0548BF47F4007714F8016B47F4807771
:1079B000002E7FF40FAF78E73B0648BF47F400770F
:1079C00014F8016B47F08007002E7FF403AF6CE7DB
:1079D000009B03F1070B2BF0070B0BF1080300933F
:1079E000BA4B4FF0070B3807514618D4D34516D27F
:1079F0004E461F46D14602E0834508D282464146A4
:107A00002020B04700280AF1FF30F5DA5BE749464D
:107A100001350D443B46B146A5EB0A0501461E461D
:107A200003EB0B0701944C4699462B468A46354694
:107A30001E4605E015F8010BA0470028FFF643AFEE
:107A4000BD424146F6D14B463246A1462E46D31A98
:107A5000019C1E44AAEB0B0A3546B2444E4605E093
:107A6000B047002805F10105FFF62DAFAAEB05038D
:107A7000002B41464FF02000F2DCB1460AE67A06C0
:107A80003FF529AF14F8016B47F04007002E7FF453
:107A900058AF0AE714F8016B002E7FF40EAE04E72E
:107AA000002AC0F2228114F8016B47F02007002E53
:107AB00000F09581A6F13003092B009192467FF6E4
:107AC00006AE13E63A06009B00F13B811A46F90523
:107AD00052F8043B019200F1FD811846DB1727F0B4
:107AE00010018AB2002B0092C0F2868150EA030195
:107AF00040F05E827B0640F1D581BBF1000F40F083
:107B0000168227F01107BBB2009359465B46DDF899
:107B100000C040F206470CF008001CEA070F0246BE
:107B200000F06D820131002800F0C781AAEB010A44
:107B30000293009B13F0020F14BF2B20202013F49C
:107B4000806F18BF2D204146C8470028029B05F1D1
:107B5000010680F2B180B6E627F01007BFB20A2313
:107B600017F080025CD017F40071009A00F0CC800E
:107B7000073222F00702516852F8080B019207F011
:107B8000400C50EA0102CDF800C06CD16246002AD8
:107B900054D0BBF1000F40F0BB803B0740F1D181D6
:107BA0005B4604AAD618234637464C469346994668
:107BB00005E017F8010DA0470028FFF684AEBB458D
:107BC0004146F6D14B465A46A1462E441C46019BDF
:107BD0000093B61A40E7009A52F8043B8DF8103033
:107BE0004FF0010B009204ABFDE6009E384A56F8B8
:107BF000043B002B08BF134617F0400F18BF59462F
:107C0000184608BF4FF0FF310193FEF7EFFF019BCD
:107C100000968346E7E647F01007102378269FE793
:107C2000009951F8040B019117F48071A7D017F453
:107C300000711ABFC0B2114680B2A0E727F0160744
:107C4000BAB20092002004AA00210292FFF788FC39
:107C5000029A831A009911F0080100F09080AAEBB3
:107C6000030A2E4628E004AA0292FFF779FC029A42
:107C70000099831A002973D027F0070189B25B4568
:107C80000091C0F2D680F90640F13F81009A02F0DF
:107C90000802002E40F0A980591C002A00F0238120
:107CA000AAEB010A302041460093C8470028009BF8
:107CB00005F10106FFF607AE9B4540F37E810BEB15
:107CC00006054F46ED1A994607E000BFC4DA0008E2
:107CD000BCDA0008AE4200F0848041463020B8474C
:107CE000002806F10106F5DAEDE514F8016BC2F1A2
:107CF000000A47F02807002E71D0A6F13003092BA7
:107D000000917FF6E4ACF1E452F8040B019236E7FF
:107D100004AA002100200092FFF722FC009A27F01D
:107D20001701831A89B29B45009140F3EE80002E23
:107D300040F02781390740F18680AAEB0B0A2E46D6
:107D4000BDE7B80540F1DA80073323F007031A4690
:107D50005B6852F8080B0192C1E608230026FFE693
:107D600027F0060189B20091F9068FD472E7782BCB
:107D70007FF49CADC6F1780343F01003F0E6009861
:107D8000C00740F121819A45AAEB030025DD03EBF2
:107D9000000B002900F020814FF0000A41463020FE
:107DA0000093C8470028FFF68EAD009B002E00F020
:107DB000AA80304641460093C8470028009B05F141
:107DC0000206BFF679AF7EE50098C70740F10E8145
:107DD000D345AAEB0B00DADB04AA8246E2E6009167
:107DE00063E54B4604AAB946DCE6991C002A00F07C
:107DF0009180AAEB010AD1E7404263EB430142F4D0
:107E00008063009304AA0A230292FFF7A9FB029A57
:107E1000831A009A500640F1C480009A22F00102B1
:107E200092B29B4559460092B8BF19466FE6054687
:107E300051E5002E40F0908038073FF57EAF27F0E7
:107E40001707BAB20092594600268A4540F3D380FC
:107E5000CDE902342B464C460D4689461F4602E0CA
:107E6000524508DA154641462020A047002805F172
:107E70000102F5DA27E538462F4605464946AAEBC2
:107E8000020A0135009A6D1A3D44D706A146DDE984
:107E9000023483D4114640F2064211427FF448AEC8
:107EA0002E4609E704AA0A23002100200292FFF7C8
:107EB00057FB029A811A0B4629E65FEACC776046A7
:107EC00032D58A45AAEB01006DDD03EB000B1046AD
:107ED00082462DE6BA054BBF58B218B243F3C01321
:107EE00043F3C033FBE5009AD00756D55145AAEBC2
:107EF00001025FDA03EB020BB2464FE753F8040BC3
:107F00000193C317EBE56E1CD6E639076CD5AAEBD7
:107F1000030A47E6009AD20752D55145AAEB010061
:107F200044DB82469B4639E78A4591DCFEE504AA9C
:107F30000A23002000210292FFF712FB029A831A03
:107F40006BE7BAF1000F7FF72BAE27F01707BBB234
:107F5000009359465B467BE7FA0640D538070BF19C
:107F600002013FF546AF8A453FF772AFAAEB010A1F
:107F7000302041460093C8470028009BBFF619AF48
:107F8000A1E45A4601F0080081B200283FF41CAF7A
:107F9000AAEB0B0A2E4693468EE65145FFF658AFE4
:107FA0007EE61946B3E59B468246C1E51021EEE622
:107FB000194627E792469B46F0E6354604AAF1E5C6
:107FC0005145FFF645AF14E79A45D8BFAAEB030A1F
:107FD0007FF766AF19463BE72E468A466CE6009966
:107FE0005A4601F00800CFE719462EE7D34509DAD3
:107FF000594693462CE7AAEB010A2E465CE65A4600
:108000008B46C1E7AAEB0B0A2E46934654E600BF07
:10801000D1E90432934202D05A1C0A6118707047A9
:108020007047C9000431084470474FEAC10C00EBA7
:10803000C103DB8899420CD08444BCF8041004329C
:1080400040F82230CA0006328352DB000433C152AA
:108050007047C3680121914023EA0103C3600432E1
:10806000002340F82230704710B5131D50F823400C
:1080700074B9C368012494402343C360043240F8B8
:108080002210CB001A1D89B281520633C15210BD95
:10809000E2000432835A4FEAC10C0CF1040E20F8BE
:1080A0000E300CF1060C20F80C40DB00063389B2D0
:1080B000C1528152EBE700B5CB00023330F803E048
:1080C000A2EB010C891A01EB5E011FFA8CFC4FEA4E
:1080D0004C0E20F803E0D300023389B24FEA410E80
:1080E00020F803E020F832C0C35A02EB530220F814
:1080F00032105DF804FB08B500EBC1035A88520842
:10810000B2FA82F2C2F11F02FFF7AEFF08BD70B5EE
:10811000B1FA81F3C3F1230450F82450CDB1C3F177
:108120001F024FF0030E141D50F824404FEAC40CF8
:1081300000EBC4067688B1EB560F14D98444BCF822
:108140000640161D40F82640BEF1010E01D0A542A2
:10815000E9D1C468C3F12002012393405B421C4073
:1081600005D1204670BD2146FFF75FFFF9E794FA7D
:10817000A4F2B2FA82F2131D50F823402146FFF711
:1081800054FFEEE7F8B5056859B301F007040B3466
:10819000E40804EBD104AB689C4228BF1C4621468E
:1081A0002846FFF7B4FF0746E8B1C60005EBC00359
:1081B0005B88B4EB530F09D3AB195A8842F0010224
:1081C0005A8039462846FFF72CFFF8BD0444224662
:1081D00001462846FFF76FFF21462846FFF78BFF31
:1081E000EAE70020F1E70020EFE708B51146FFF7C6
:1081F000C9FF08BD70B50346043AC81D20F007004A
:108200000A4422F00702121AD5081860856000237C
:10821000C360B5FA85F1C1F1200EC1F124018900D6
:10822000CE1DF10805E003F1040C002440F82C40B9
:1082300001337345F7DB1FFA81FE4FEA4E04A4B207
:1082400044804FF0000CA0F800C044F001044480CA
:108250006B1A26F00704A51C9BB25E00465320F85B
:1082600004E022F00704951C20F805C002440353E3
:10827000538843F001035380FFF73DFF70BD10B5F5
:108280000C4611461A46029BA04710BD5BB32DE970
:10829000F04782B00746884691461D461A785E78B8
:1082A0009C78DB7804EB820404EB43042C444FF00D
:1082B000000A0AE014F8013B45F823402046F7F78E
:1082C0001FFF013004440AF1010AB245F2D305F15F
:1082D000080300936B684A4641463846FFF7CFFFD4
:1082E00002B0BDE8F0876FF015007047012805D097
:1082F000042801D0002070470120704701207047FA
:1083000038B503684268002A21DB012B72F10004B2
:108310000FDB0D684C68012D74F1000C09DB6FEA6E
:10832000030CAC456FF0004CACEB020C7CEB040C86
:108330001DDB4C680D685B1942EB04020360426070
:1083400083688A6813448360F8F702FE38BD0D68BD
:108350004C68002CD9DAD3F1000E4FF0004C6CEBD6
:10836000020C754574EB0C04CFDA0020EEE7002018
:10837000ECE708B503684268B2F1004F08BF002B74
:108380000AD05B4262EB42020360426083685B4258
:108390008360F8F7DDFD08BD0020FCE70020704792
:1083A0000FB400B583B004A951F8040B0191F8F79C
:1083B000D3FC03B05DF804EB04B0704770B505461C
:1083C0004069C11740F26C73C0182A69EB6803F169
:1083D000FF3302F1010241F10001F8F7D5FC2C68EE
:1083E0006E68AD684FEAE57C4FEA0C1242EA1572FE
:1083F0002B015B1B62EB0C02920042EA93729B0022
:10840000F31842EBE6724FEA021C4CEA137C4FEA87
:10841000031EBEEB030E6CEB02039B0043EA9E734C
:108420004FEA8E0212EB040C43EBE472031841EBAB
:1084300001041B1841EB0401080140EA13701C0100
:10844000E41A60EB01010B0143EA14732001001BE5
:1084500063EB0103DB0143EA5063C00110EB0C0046
:1084600042EB030170BD704738B505460C46032149
:10847000A047002806DB01212846A047002800DB92
:10848000002038BD10F1860FFBD1F4E710B4046A68
:1084900091FAA1F39BB1B3FA83F39B004FF00F0C59
:1084A0000CFA03F324EA030391FAA1F149B1B1FAFA
:1084B00081F189008A401343036210BC7047202376
:1084C000EBE72021F5E710B4446A090A91FAA1F319
:1084D0009BB1B3FA83F39B004FF00F0C0CFA03F33C
:1084E00024EA030491FAA1F149B1B1FA81F18900BA
:1084F0008A401443446210BC70472023EBE72021DC
:10850000F5E710B4846891FAA1F39BB1B3FA83F351
:108510005B004FF0030C0CFA03F324EA030391FA17
:10852000A1F149B1B1FA81F149008A401343836056
:1085300010BC70472023EBE72021F5E710B4C46896
:1085400091FAA1F39BB1B3FA83F35B004FF0030CF4
:108550000CFA03F324EA030391FAA1F149B1B1FA49
:1085600081F149008A401343C36010BC7047202347
:10857000EBE72021F5E708B5FFF7E0FF08BD10B4F1
:10858000046891FAA1F39BB1B3FA83F35B004FF057
:10859000030C0CFA03F324EA030391FAA1F149B1A5
:1085A000B1FA81F149008A401343036010BC70475F
:1085B0002023EBE72021F5E7F8B50F461446426883
:1085C000566801258D4004F4C042B2F5804F16D0A4
:1085D000B2F5005F29D0C4F3014229463046FFF7C7
:1085E00090FFC4F3814229463046FFF7C4FFC4F32D
:1085F000413229463046FFF7C2FF0020F8BDC4F3E0
:10860000432207290CD829463046FFF73FFFC4F321
:10861000C032736823EA0503BA4013437360DAE794
:1086200029463046FFF74FFFF1E7C4F3C0317268C7
:1086300022EA0502B9400A437260002BCBD014F441
:10864000801F01D0B561C6E72B04B361C3E7030106
:1086500043EA101042B2C0F3850303F033039200E3
:1086600022F0330252B21343C3F3460000F0550028
:108670005B0023F055035BB21843C0B27047C27968
:108680008A421ED8037A8B421DD3037913F0020F5E
:108690000DD0837990F805C00CF1070C4FEADC0C83
:1086A0000CFB03F30068891A03FB01007047437950
:1086B00090F806C00CF1070C4FEADC0C0CFB03F33E
:1086C000F0E700207047002070472DE9F843054689
:1086D00088461746067906F0040916F0010422D0F0
:1086E00003B9D708FF000024264606E00123A34073
:1086F000DBB23343DEB20134E4B2072C38D8E219DE
:10870000AB79934234D9D2B241462846F8F7D4FD2A
:108710000028F0D0B9F1000FE8D0C4F1070201231E
:108720009340DBB2E5E716F0020621D001F0F8082D
:10873000264606E00123A340DBB23343DEB2013418
:10874000E4B2072C14D804EB08016B798B420FD9E3
:108750003A46C9B22846F8F7AFFD0028EFD0B9F184
:10876000000FE7D0C4F1070201239340DBB2E4E736
:108770003046BDE8F88310B58E4611461A469DF87E
:108780000830A0B104469EF804C01CF0010F12D0BE
:108790009EF8060007304FEAD00C604603B9D208B5
:1087A000824215D20CFB012C14F80C0006E0704636
:1087B000FFF78BFF02E01CF0020000D110BD9EF815
:1087C00005300733DB08C90803FB0211605CF5E7DD
:1087D0000020F3E72DE9F04F8DB083460C4602915F
:1087E0001D46BDF858A09DF85C30099311462046FF
:1087F000FFF745FF0790237903F004020892C3F3C3
:10880000800306939BF80E30C3F3400305930023C7
:1088100004930B955546DA46BFE00134029B93F86A
:108820000680A04540F2B6802B191BB2DA08BAF8D0
:10883000101001FB029705F007060836724206F099
:10884000070602F0070258BF564208EB060202F084
:1088500007020392B9F1000FDFDB4945DDDD002B94
:10886000DBDBBAF812209A42D7DD0EB1002C53D1CF
:1088700001230093C4F3C7039DF8102002990798C1
:10888000FFF779FF4FF0000B089B002B5ED040EA0A
:108890000B2030415FFA80FB002C66D1C6F1080343
:1088A00001209840C0B20138C0B2A8EB0408B8F16A
:1088B000070F0ED8039A62B1089B002B59D00123F1
:1088C0009340013BC2F108029340DBB218400BEA2F
:1088D000030B099B63B1059B069A934201D0FFF7F6
:1088E000B6FEDAF80020D35DC04340B20340D35552
:1088F000059B069A934203D05846FFF7A8FE83468D
:10890000DAF80020D35D43EA0B03D355002C37D1AE
:10891000A61B06F1080481E79DF8102001230093AF
:10892000C4F3C7030A9202990798FFF724FF83460E
:1089300004F108034FF0010CCDF800C0C3F3C703E6
:108940000A9A02990798FFF716FF9DE74BEA002B5A
:10895000C6F108034BFA03FB5FFA8BFB3CB901201D
:1089600098400138B040C0B29FE7FF209DE7FF204C
:108970009BE70123039A9340DBB2013BDBB2A5E7FF
:10898000029B9B791B1B072B01D9083446E7039BED
:108990001C4443E7049B01330493029B5879049BD6
:1089A000984206D90B9B049A13440FFA83F90024CA
:1089B00034E70DB0BDE8F08F2DE9F04F89B00546E2
:1089C0008A461E46BDF848B09DF84C901146504668
:1089D000FFF755FE04909AF8043003F00403059362
:1089E000AB7B03F0020307934FF0000E714650E09B
:1089F00000F007004FF0010808FA00F85FFA88F865
:108A000060E001328A4227D2331912FA83F31BB293
:108A1000002BF6DBB5F810C09C45F2DD3B44B9F104
:108A2000000F0BD0D5F800E01EF803C06FEA080B6A
:108A30004FFA8BFB0CEA0B0C0EF803C020FA02FC79
:108A40001CF0010FDDD0D5F800E01EF803C04CEAA1
:108A5000080C0EF803C0D4E708349AF805B0A34513
:108A600013D9012300939DF80C30E2B251460498CB
:108A7000FFF781FE059B0BB1FFF7E9FDABEB0401AE
:108A8000082928BF08210022BCE70399DDF818B0A7
:108A900001319AF806308B421DD90BEB010398B2D5
:108AA0001BB2002BF4DB6A8A9A42F1DD079A002A96
:108AB0009ED0DA4302F007024FF0010808FA02F8EC
:108AC0005FFA88F8DB082A8A02FB03F70024039187
:108AD000CDF818B0C1E79AF8050009B0BDE8F08FED
:108AE00010B582B08E469DF81040816890F816C08F
:108AF0000CEB4C0C01EB8C0191F804C01CF0020F44
:108B000007D00194009313467246FFF755FF02B059
:108B100010BD0194009313467246FFF75BFEF6E723
:108B20002DE9F04F87B0814692461C468268837DCE
:108B300003EB430302EB83084046FFF7A0FD0290DE
:108B400098F804B00BF00403039399F80E3003F087
:108B5000020304934FF0000B05945CE00BF0070256
:108B600001239340DBB218403CE0D9F800108B5D44
:108B7000624204F0070402F0070258BF5442012287
:108B8000A24013438B55013598F80530AB4240D9CC
:108B90000AEB050424B2B9F8103003FB0746F608C7
:108BA000002CF0DBA342EEDD002FECDBB9F8123035
:108BB0009F42E8DA002300935FFA8BF3EAB2414662
:108BC0000298FFF7D8FD039B0BB1FFF740FD98F823
:108BD000043013F0020FC1D005F0070201239340C7
:108BE000DBB218400028CED0049B002BBDD0D9F8B2
:108BF00000108A5D634204F0070403F0070358BFC6
:108C00005C42C4F10703012000FA03F313438B55C0
:108C1000B9E70BF1010B98F806305B4505D9059BC8
:108C200003EB0B073FB20025AEE798F8050007B04D
:108C3000BDE8F08F002304E00168CA5CD243CA5447
:108C40000133028A418A01FB02F2B3EBD20FF3D364
:108C50000020704710B582B001240094F8F7B0FBF3
:108C600002B010BD08B520EAE073D9178A0042EAC5
:108C700093729800C01841EB020100184941FDF7BA
:108C800099FA08BD0B68834200D0704701230B712D
:108C9000FBE770B58EB004460AAE31460120F7F707
:108CA000EDFF01AD29463046FEF7C0F929462046C2
:108CB000F8F758FF00200EB070BD8268002382F8DC
:108CC00060308268A2F85A308268A2F85830704743
:108CD000836803F5217371B1BFF35B8F53E8000F15
:108CE00040F4805243E800210029F7D1BFF35B8FA5
:108CF000C0F300307047BFF35B8F53E8000F20F4E0
:108D0000805243E800210029F7D1BFF35B8FEFE7E2
:108D100008B5806800F52570FCF7E2FAB0FA80F03B
:108D2000400908BDF8B504460F4616461D46FCF737
:108D3000E9FD38B1A3681B7D022B04D00121204638
:108D4000FFF7C6FFF8BD4FF4FA7200232046FFF785
:108D5000DFFF0028F6D0A368D3F8842212F4006F56
:108D600001D1DA6CB2B1F6B12A463946204600F09C
:108D70008BFAA368D3F8842212F4006F01D1DA6C65
:108D8000C2B1606900F081F8A06800F52570FCF7B9
:108D90006FFAD7E7D3F8803213F0200FE3D02046E4
:108DA00000F0F7F9DFE7069B2A463946204600F037
:108DB00076FADEE7D3F8803213F0200FE1D02046B8
:108DC00000F085FADDE70CB400B585B006AA52F8CC
:108DD000043B039200920022FFF7A4FF05B05DF868
:108DE00004EB02B0704749B370B504460E4608461E
:108DF000F7F786F985B24FF4FA7200232046FFF7A1
:108E000087FF80B16B1C142B10D83146A068F7F790
:108E100057FBA36883F84050A06800F52570FCF765
:108E200027FA002070BD6FF00F00FBE7A06800F587
:108E30002570FCF71DFA6FF01500F3E76FF01500D1
:108E4000704710B504464FF4FA720023FFF760FF35
:108E500000B910BD2046F9F77DFAA06800F525702D
:108E6000FCF706FAF5E718B18368D3F8A802704753
:108E70006FF01500704708B58368D96483681A6578
:108E800001B108BDFFF719FFFBE710B50446836881
:108E9000026912680168C0689847236900221A6055
:108EA00010BD38B505460C46CB681B7C022B0ED096
:108EB000226823691B68D554226913680133136043
:108EC00023691A6863689A4207D0002038BD0A28CF
:108ED000EED10D20FFF7E5FFEAE72046FFF7D5FFCB
:108EE000F3E7C3691BB32DE9F04188461F680FB152
:108EF000002402E0002018E001343B68A34213D9AB
:108F000007EB84035E683046F7F7FAF805464046FB
:108F1000F7F7F6F88542EFD131464046F7F760F9AA
:108F20000028E9D1012000E00020BDE8F081002008
:108F300070472DE9F04F83B082460F4690461D469C
:108F400001A8FBF7FBFD019E06EB40164FF0000960
:108F500020E002F06EF820B3DDF804B0DBF800404A
:108F6000ACB123789BB147B13846F7F7C9F8024650
:108F700021463846FDF7D2FD48B9B8F1000F02D0BE
:108F80005846C04718B1D14513D009F10109019CD9
:108F9000203401940198B0420DD2002DDCD0012D77
:108FA000D7D0022DF3D1019802F043F80028EED17A
:108FB000D2E7019800E0002003B0BDE8F08F00B5D3
:108FC00090F80CE07144438991FBF3FC03FB1C1106
:108FD000013101800CF1010CA0F804C0724492FB35
:108FE000F3F101F1010CA0F806C003FB11220132DC
:108FF00042805DF804FB08B50A4601230021FFF713
:1090000098FF08BD08B500231A46FFF792FF08BD78
:1090100008B502230022FFF78CFF08BD10B50446F7
:10902000FBF796FD00B110BD2046FBF7B5FDFAE752
:109030002DE9F04182B0074601A8FBF77FFD019BB7
:1090400003EB401847B93C461DE039462046FFF780
:1090500048FFC0B920340194019C444512D22668CF
:10906000002EF2D03046F7F74BF805463846F7F7B2
:1090700047F88542E9D131463846F7F7B1F800287C
:10908000E3D100E00024204602B0BDE8F0812DE9E4
:10909000F04180460F4614460D460BE02646102C44
:1090A00028BF102633462A46E91B4046F9F71EFA28
:1090B000A41B3544002CF1D1BDE8F0810EB400B5FD
:1090C00082B003AA52F8041B0192F9F779F902B0B1
:1090D0005DF804EB03B0704738B58568B5F85840C3
:1090E00075B12846F7F70CF880B224180AD0EB8F38
:1090F000B4FBF3F203FB1244B4FA84F0400938BD28
:109100000020F2E70020FAE7836803F5217371B1CC
:10911000BFF35B8F53E8000F40F4007243E8002177
:109120000029F7D1BFF35B8FC0F340207047BFF336
:109130005B8F53E8000F20F4007243E80021002900
:10914000F7D1BFF35B8FEFE710B582B004468068BC
:10915000037D022B0AD9D0F8843213F4007FFAD0B1
:1091600000212046FFF7D0FF02B010BD00F52270AD
:109170004FF0FF324FF0FF33CDE9002300220821EA
:1091800002F03AFBA06800F52270082102F02EFBE5
:10919000EAE710B504468068B0F85820B0F85A10D5
:1091A0003430FFF70CFFA368998EC1F1010120460E
:1091B000F9F74AFAA368198F01392046F9F72AFA14
:1091C0002046F9F7FBF910BD2DE9F04182B00646C3
:1091D000884614460025B4B170680368DF6801ABA7
:1091E000224608EB0501B84700280CDB019B1D4413
:1091F000E41A002BEFD1B3681B7D032BEBD0304674
:10920000FFF7A2FFE7E702B0BDE8F08138B50546F9
:109210000C460978F9F79EFA61782846F9F7DEF9E5
:1092200038BD70B582B0044616461D468368D3F833
:10923000800210F0100F03D093F842208A4206D12A
:10924000E6B129466069F9F7CDF802B070BDB3F810
:109250004230ADF804302046F9F77CFA46B1294691
:109260006069F9F7BFF801A92046FFF7CFFFECE7E7
:10927000069A29466069F9F7A3F8F4E7069A2946A1
:109280006069F9F79DF8E0E700B583B01346002266
:1092900000920122FFF7C5FF03B05DF804FB00B5A3
:1092A00083B0009313460022FFF7BBFF03B05DF8C5
:1092B00004FB0CB400B583B004AB53F8042B01934A
:1092C000FFF7EDFF03B05DF804EB02B0704710B597
:1092D0000446F9F769FAA368D3F8803213F0020F55
:1092E00000D110BD2046F9F7F7F92046F9F7C6F985
:1092F000F7E798B10278C42A01D00020704742787D
:109300000B2A01D0002070478278D22A01D0002099
:109310007047C378862B03D0002070470020704729
:10932000012070470EB400B582B003AA52F8041BA6
:109330000192F9F745F802B05DF804EB03B070470D
:109340002DE9F04186B007460D46904600210C46B7
:1093500004E000239C4238BF1C4631464E1C01AA43
:109360002846F9F753F8034630B118680028F0D0C2
:10937000F6F7C6FE83B2EDE7C4B1B8F1000F04D032
:10938000424608213846FFF794FF002106E04B686B
:10939000224609683846F9F7B3FA31464E1C01AA4D
:1093A0002846F9F733F801460028F0D106B0BDE8A9
:1093B000F0810020704783690020186070470EB468
:1093C00000B582B003AA52F8041B0192F8F7F8FF27
:1093D00002B05DF804EB03B07047836803F52073B7
:1093E00071B1BFF35B8F53E8000F40F0020243E816
:1093F00000210029F7D1BFF35B8FC0F34000704715
:10940000BFF35B8F53E8000F20F0020243E8002116
:109410000029F7D1BFF35B8FEFE708B50121FFF714
:10942000DCFF002008BD08B50021FFF7D6FF0020B3
:1094300008BD836803F5207371B1BFF35B8F53E8F8
:10944000000F40F0200243E800210029F7D1BFF3CC
:109450005B8FC0F340107047BFF35B8F53E8000F82
:1094600020F0200243E800210029F7D1BFF35B8FF1
:10947000EFE708B50121FFF7DCFF002008BD08B5C4
:109480000021FFF7D6FF002008BD836803F5207395
:1094900071B1BFF35B8F53E8000F40F0100243E857
:1094A00000210029F7D1BFF35B8FC0F30010704794
:1094B000BFF35B8F53E8000F20F0100243E8002158
:1094C0000029F7D1BFF35B8FEFE708B50121FFF764
:1094D000DCFF002008BD08B50021FFF7D6FF002003
:1094E00008BD836803F5207371B1BFF35B8F53E848
:1094F000000F40F0080243E800210029F7D1BFF334
:109500005B8FC0F3C0007047BFF35B8F53E8000F61
:1095100020F0080243E800210029F7D1BFF35B8F58
:10952000EFE708B50121FFF7DCFF002008BD08B513
:109530000021FFF7D6FF002008BD08B50168FFF73E
:1095400052FC002008BD30B583B00446F9F75EFA3E
:109550006FF0F9012046F9F75DF8FA212046F9F796
:1095600073F801AA0DF106012046F9F713FB80B943
:109570000546BDF806307BB1BDF804207AB1A1687C
:10958000CB87A3689A872046F9F750FA284603B09C
:1095900030BD6FF08505F6E76FF08505F3E76FF0F6
:1095A0008505F0E770B515461E4681B1C36823B145
:1095B0008268934208D01C680FE0031D4468A342F0
:1095C0000BD10023C36017E00023C36014E0C3681D
:1095D0008BB14268934212D05C68C46064B1228946
:1095E00004F10A012846F6F7C9FF238933800022D7
:1095F000EA54012070BDC36000203080FAE70023E8
:10960000C360F9E708B5FDF79BF908BD08B5F6F7A3
:10961000B5FF08BD08B501460068F9F7FDFB08BDB8
:1096200008B5F9F711FCF9F7B1FF08BD0020704744
:1096300008B5944600228CF80020CA1E092A1DD8BD
:10964000DFE802F0050A0F141C1C1C1C1C171A462C
:109650006146F9F7EDFD14E062460021F9F754FD8B
:109660000FE062460021F9F763FC0AE0F9F7D6FC47
:1096700007E06146F9F72CFD002002E0F9F732FD22
:10968000002008BD08B540B2F9F7C8FE08BD08B50E
:10969000013140B2F9F7D0FE08BD08B50021012024
:1096A000F9F7BAFB08BD08B5F9F704FF08BD6FF07C
:1096B0008500704761B662B680F31188BFF36F8F83
:1096C000704772B6002383F31188BFF36F8FBFF327
:1096D0004F8F30BF62B6BFF36F8F704743685A1E1B
:1096E000134206D11F2B06D903681A4205D0002069
:1096F000704700207047002070470120704700B578
:1097000085B00B6801934B688A68202B12D9B3F19E
:10971000004F11D8013BB3FA83F3C3F11F035B0081
:1097200003F03E031343039301A9F9F7EFFF05B0DC
:109730005DF804FB0823F5E73E23F3E72DE9F84342
:1097400080460F4699461646002509E02146F0B2AC
:10975000FFF7D5FF064610F1160F14D0013601357C
:10976000BD4210DA05EB450408EB84046268002A68
:10977000F5D0B9F1000FE9D02046FFF7AFFF002880
:10978000E4D16FF015063046BDE8F883F0B585B03A
:10979000054603A8F7F78AFD0646002437E0B3F133
:1097A000007F00F0B680B3F1805F00F0CE80B3F1AF
:1097B000807F2BD1576809589368202B40F2A580F1
:1097C000B3F1004F00F2A380013BB3FA83F3C3F17E
:1097D0001F035B0003F03E0343F0885343F4801300
:1097E00000970191029307E0082343F0885343F464
:1097F000302300970191029369462878F9F786FF94
:109800000028C0F2BE802B7801332B700134B442A3
:1098100080F0BA802001039901EB0412D3686FF342
:109820001303B3F5000F54D0B9D8B3F5001F18D007
:10983000B3F5800F31D0B3F5801FE7D157680958D1
:109840009368202BD0D9B3F1004F08D8013BB3FA6D
:1098500083F3C3F11F035B0003F03E03C5E73E2320
:10986000C3E7576809589368202B12D9B3F1004F0A
:1098700011D8013BB3FA83F3C3F11F035B0003F07C
:109880003E0343F0885343F4002300970191029371
:10989000B2E70823F5E73E23F3E7576809589368D2
:1098A000202B12D9B3F1004F11D8013BB3FA83F347
:1098B000C3F11F035B0003F03E0343F0C06343F4B6
:1098C000003300970191029396E70823F5E73E23C2
:1098D000F3E7576809589368202B12D9B3F1004F6A
:1098E00011D8013BB3FA83F3C3F11F035B0003F00C
:1098F0003E0343F0885343F4802300970191029381
:109900007AE70823F5E73E23F3E7082364E73E23DD
:1099100062E7576809589368202B12D9B3F1004FBA
:1099200011D8013BB3FA83F3C3F11F035B0003F0CB
:109930003E0343F0805343F4802300970191029348
:109940005AE70823F5E73E23F3E757680958936879
:10995000202B12D9B3F1004F11D8013BB3FA83F396
:10996000C3F11F035B0003F03E0343F0885343F44D
:1099700000330097019102933EE70823F5E73E2369
:10998000F3E76FF0150000E0002005B0F0BD08B56A
:10999000F9F7D0FE08BD08B5F9F7D6FE08BD08B541
:1099A0000B6949699847002008BD08B5F9F7DCFF45
:1099B00008BD08B5062201210020FAF711F800229F
:1099C00011460620FFF763FE072201210846FAF739
:1099D00007F8002211460720FFF759FE082201214F
:1099E0000220F9F7FDFF002211460820FFF74FFE85
:1099F000092201210320F9F7F3FF00221146092073
:109A0000FFF745FE0A2201210420F9F7E9FF0022B1
:109A100011460A20FFF73BFE172205210846F9F7F9
:109A2000DFFF002211461720FFF731FE2822062112
:109A30000A20F9F7D5FF002211462820FFF727FE5C
:109A4000002008BD01F01F0101208840704708B5C3
:109A50000246084602F0030304339B000F2199409D
:109A600041EA9201F9F7F2FF08BD08B500F00303DF
:109A700004339B000F2202FA03F343EA9000FAF743
:109A800001F808BDB0FBF1F002FB00F0B0FBF3F011
:109A90007047B0FBF1F070470B88C3F30B0303F57D
:109AA0007D62C2F30B02782A15D882B003F180439D
:109AB00003F50E334A68186802431A600B88C3F333
:109AC0000B0303F1804303F50E331B680193019BE5
:109AD000002002B070476FF0850070470B88C3F319
:109AE0000B0303F57D62C2F30B02782A0AD803F157
:109AF000804303F50E3349681A6822EA01021A60AE
:109B0000002070476FF08500704770B54C68C4F353
:109B100004450888C0F30B00FAF74CF9002815DB60
:109B2000A6B2FF2C13D006F1804202F50E32C4F328
:109B30004151013101238B40013BAB40240EAC402D
:109B4000116821EA03031C431460002070BD00204B
:109B5000FCE708B50888C0F30B0000F57D63C3F38C
:109B60000B03782B0BD800F1804000F50E30026813
:109B70004B68934301D0012008BD0220FCE7FAF7AF
:109B800019F908B10120F7E70220F5E770474FF413
:109B90008000704738B513468568046912F4801F49
:109BA00007D012F4402F04D012F0010F01D082F43C
:109BB000402323F4801213F0010F0AD023684FF0E2
:109BC000010C0CFA01FC43EA0C0323602B68984754
:109BD00038BD23684FF0010C0CFA01FC23EA0C039A
:109BE0002360F3E708B503468C4600681979DA88E4
:109BF00042EA0C02FFF7CEFF08BD08B532B1836818
:109C0000DB68012202FA01F1984708BD83681B69ED
:109C1000012202FA01F19847F7E710B503691C68C1
:109C200001238B401C4202D0B2FA82F25209FFF7A4
:109C3000E4FF10BD08B503460A4600681979FFF72E
:109C4000ECFF08BD9AB110B5964602EB420C4FEA04
:109C50008C0CACF10C0C8C449CF8082042F00202F5
:109C60008CF80820826894687246A04710BD0020D6
:109C7000704700B585B00191029202228DF80C2048
:109C8000012201A9FFF7DEFF05B05DF804FB436880
:109C90001B681868704710B582B0436893F850404D
:109CA00093F8512019B182F0010284F001046CB1E3
:109CB000A1218DF804105AB1C8228DF80520DC6B63
:109CC0000123022201A9A04702B010BDA021F0E7A4
:109CD000C022F2E710B582B04368D5228DF8042087
:109CE00093F84A208DF80520D9228DF8062093F8A4
:109CF0004F208DF80720DC6B012304220DEB0201BD
:109D0000A04702B010BD10B582B0436840228DF864
:109D10000020D3228DF8012093F84D208DF80220E9
:109D2000DA228DF8032093F852208AB102228DF8AE
:109D30000420A8228DF8052093F84E308DF80630C7
:109D40004368DC6B012307226946A04702B010BDBF
:109D50001222ECE770B582B00446456895F84430AD
:109D60003BB1022B05D0033BDBB2012B2FD90020E6
:109D70000FE08D238DF8043014238DF80530332344
:109D80008DF806300123032201A92046EE6BB0476F
:109D9000D8B995F84430022B25D0042B38D0A0B97F
:109DA000DB238DF8043095F84430012B45D0033B7C
:109DB000DBB2012B45D920238DF805306368DD6BBC
:109DC0000123022201A92046A84702B070BDAD239D
:109DD0008DF804308B238DF80530EE6B01230222C1
:109DE00001A9B047D4E7AD238DF8043095F8583079
:109DF00053B110238DF805306368DE6B0123022216
:109E000001A92046B047CAE700238DF80530F3E7E3
:109E100082238DF8043095F8583053B104238DF81F
:109E200005306368DE6B0123022201A92046B0479A
:109E3000B5E700238DF80530F3E734238DF80530BE
:109E4000BCE735238DF80530B8E710B582B043681C
:109E5000E4228DF8042093F8592032B1DC6B012301
:109E60001A4601A9A04702B010BD0020FBE730B59B
:109E700083B00446456895F84BC05CFA81F1C9B2DD
:109E80004FF0200C8DF800C04FF0000C8DF801C091
:109E90004FF0210C8DF802C08DF80310B3F804C008
:109EA0006144C9B201398DF8041022218DF80510E2
:109EB000D1088DF80610DB881A44D210013A8DF8CB
:109EC0000720ED6B012308226946A847002806DB1E
:109ED0006368DD6B0023079A06992046A84703B004
:109EE00030BD2DE9F04782B005461F46DDF82890C9
:109EF000436893F84B3053FA81F1C2F3C706B7F8C1
:109F00000680C8F3C70801F00F038DF80430C1F3D1
:109F1000031141F010018DF8051066F04F038DF824
:109F200006300024204601E00134E4B2444519D251
:109F3000A31963F04F038DF806306B68D3F83CA08B
:109F40000123032201A92846D04700280ADBBA884A
:109F50006B68D3F83CA0002302FB04912846D0474D
:109F60000028E1DA02B0BDE8F087F0B583B0089EC2
:109F70004768B3F806E0B3F804C00CFB0EF41D8983
:109F8000AC451FD1E41006B31D68A54220D312F0E2
:109F9000070F20D11EF0070F20D115B397F844C04A
:109FA000ACF1030C5FFA8CFCBCF1010F05D90194F4
:109FB0000096FFF75CFF03B0F0BD01940096FFF739
:109FC00090FFF8E76FF01500F5E76FF03C00F2E75F
:109FD0006FF03C00EFE76FF01500ECE76FF0150055
:109FE000E9E70020E7E710B582B081238DF804305F
:109FF0008DF805104368DC6B0123022201A9A047FC
:10A0000002B010BD42680369B2F848000880B2F897
:10A0100046204A8006224A601A888A8101228A6084
:10A020009B788B73704738B50569AB788B420DD040
:10A030000C4639B102290BD10121FFF72CFE00B9E2
:10A04000AC7038BD0021FFF726FEF8E70020F8E7E6
:10A050006FF08500F5E770B582B005692B888B42FB
:10A0600018D00C46042911D0022915D1A6238DF849
:10A0700007304368DE6B01231A460DF10701B04734
:10A08000002801DB2C80002002B070BDA7238DF8D2
:10A090000730EEE70020F7E76FF08500F4E730B512
:10A0A00083B004464068AF238DF80430036B3BB1A6
:10A0B00001213030FFF7BEFDC8200021FCF77AF8FF
:10A0C0006368DD6B01231A4601A92046A84703B047
:10A0D00030BD30B583B004464068AE238DF80430FF
:10A0E000036B3BB100213030FFF7A4FDC8200021F5
:10A0F000FCF760F86368DD6B01231A4601A920466E
:10A10000A84703B030BD2DE9704382B004464568CE
:10A110000669A4238DF8043095F85330002B5AD0EB
:10A12000A7228DF80520002B57D0042333802B6BFA
:10A1300043B1012105F13000FFF77CFDC82000216B
:10A14000FCF738F8AB6A002B49D0283501212846A6
:10A15000FFF770FD4FF00A084FF0000940464946EE
:10A16000FCF728F800212846FFF764FD40464946E1
:10A17000FCF720F82046FFF7ACFF002828DB20463C
:10A18000FFF7A8FD002823DB2046FFF7BCFD0028D1
:10A190001EDB00212046FFF77EFD002818DB002390
:10A1A000B3702046FFF7D6FD002811DB6368DD6B36
:10A1B0000123022201A92046A847002808DB8021AC
:10A1C0002046FFF710FF002802DB2046FFF767FF5D
:10A1D00002B0BDE87083A622A3E70223A6E72046CB
:10A1E000FFF733FEC6E738B504464568006904301A
:10A1F00000F06DFF696DCA17900040EA91708B0006
:10A200005B1842EB0002DB18524153EA02013BD0DB
:10A210009C4611466FF0010098426FF00043934155
:10A2200002D284466FF000416FF00100B0EB0C00E9
:10A230004FF0FF3363EB0101FBF7BCFF63689B6BDF
:10A240002046984728B32B6B5BB14FF4B01105F152
:10A250003000FFF7C7FC002815DB286B00F0E9FE93
:10A26000D0B1AB6A5BB14FF4B01105F12800FFF734
:10A27000B9FC002807DBA86A00F0DBFE78B12046B5
:10A28000FFF741FF70B938BD6FF001004FF0FF31AB
:10A29000D2E76FF01500F6E76FF01200F3E76FF00A
:10A2A0001200F0E76FF00400EDE708B543681868A6
:10A2B00000F0BFFE08BD2DE9F84F884617464568F7
:10A2C00002693BB14FF000093FB94FF0000B58460F
:10A2D000BDE8F88F4FF04009F6E702F1040A4FF0AD
:10A2E000FF324FF0FF335046FAF7ECFE0026B3463C
:10A2F000BE4218D2BC1B842C28BF8424EB6D83F88B
:10A300000090E86D224608EB06010130F6F736F9B9
:10A31000AB88621CE96D2868FFF7ABFCB0F1000B5D
:10A3200001DB2644E4E75046FAF74CFFCFE70B4643
:10A3300039B11168196041688A4209D0002313605D
:10A3400070471368036041688A42F7D14360F5E7BC
:10A350004360F3E708B50A460368002101E01946A7
:10A360001B682BB19342FAD1FFF7E1FF012000E017
:10A37000002008BD70B504460D461646036833B18B
:10A38000FFF7E8FF70B91EB96FF0150006E032B1B3
:10A3900023682B602560636843B1002070BD6FF0B7
:10A3A0001500FBE7002EF3D10020F7E765600020E1
:10A3B000F4E770B50E461546016821B10C683CB152
:10A3C00031B90C4604E00C4602E0234621461C4607
:10A3D00071B18A682A4002D04B6830469847002CF9
:10A3E000F3D02368002BF1D0002CEFD12346EDE70A
:10A3F00070BD08B5024608690830FFF7DAFF08BDEE
:10A4000000F0300210F400331BD010F0020F05D022
:10A4100010F0040F22D04FF4204301E04FF400531A
:10A4200010F4002F01D043F48013102A10D0202AFA
:10A4300011D0400A000400F4403003430B600020B8
:10A44000704710F4803FF0D15AB94FF4C043EEE7A3
:10A4500043F48023EDE743F40023EAE76FF085003F
:10A4600070476FF08500704743685B681B690B603D
:10A470000020704743685B68586942400A40424088
:10A480005A610020704743685B68996100207047FB
:10A4900043685B68090499610020704743685B6802
:10A4A0005A69514059610020704708B50069083069
:10A4B000FFF760FF08BD38B504460D460846FFF7B4
:10A4C000D4FAA04200D038BD29462046FFF7BAFA98
:10A4D0000446F9F703FB2046F9F75AFB0021204612
:10A4E000F9F704FBEFE72DE9F04383B005460E468C
:10A4F0001446D0F8108001A91046FFF781FF0746E7
:10A5000038BB14F440390BD0D8F8043023FA06F2E3
:10A5100012F0010F04D10122B2401343C8F80430F5
:10A5200014F4402F19D00123019A31462846FEF732
:10A5300043F8B9F1000F0CD1D8F8043023FA06F231
:10A5400012F0010F05D00122B24023EA0203C8F83D
:10A550000430384603B0BDE8F0830023E4E79AB145
:10A5600010B5964602EB420C4FEA8C0CACF10C0C89
:10A570008C449CF8082042F002028CF80820826883
:10A5800094687246A04710BD0020704700B585B0A2
:10A590000191029202228DF80C20012201A9FFF7FD
:10A5A000DEFF05B05DF804FB00B585B001910292B5
:10A5B00003228DF80C20012201A9FFF7D0FF05B07E
:10A5C0005DF804FB00B587B00092019300238DF87D
:10A5D0000830089B0393099B049307238DF81430DC
:10A5E0000B4602226946FFF7BAFF07B05DF804FB8D
:10A5F00008B583685B680BB1984708BD6FF05700DA
:10A60000FBE708B583685B690BB1984708BD6FF03D
:10A610005700FBE710B50446F5F772FD431C5808D8
:10A62000032B02D92378302B03D00428A8BF0420A1
:10A6300010BD6378782B01D0582BF6D10138F4E7A0
:10A6400000B583B011460123019302F1100300937A
:10A65000D36892684968F9F795FD03B05DF804FB8B
:10A6600000B583B094460439C9B2019102F11003D8
:10A670000093D3689268DCF80410F9F783FD03B007
:10A680005DF804FB70B586B00546144603290FD863
:10A690001026F3B2019302AB00930023A268616815
:10A6A0002846F9F7E1FD044660B1204606B070BDCA
:10A6B00010220021E068FCF7E5FD06461028E8DDE1
:10A6C0001026E6E7324602A92846FEF7E0FCECE752
:10A6D00070B586B00546144604290FD81026F3B28B
:10A6E000019302AB0093E368A26861682846F9F71A
:10A6F000BBFD044660B1204606B070BD10220021AB
:10A700002069FCF7BFFD06461028E8DD1026E6E7C5
:10A71000324602A92846FEF7BAFCECE7036993F833
:10A7200050201AB11B6A0B60002070476FF00400C4
:10A7300070472DE9F04383B006460D4614461F4688
:10A7400000690B7A43F004030B720A464FF0010CC8
:10A7500007E01EF0020F1FD10C320CF1010C5FFA62
:10A760008CFCA4450FD8A445F6D292F808E0137DDE
:10A770008EEA030111F0010FEBD013F0040FE8D1C2
:10A780006FF0150801E04FF00008B8F1000F06D097
:10A79000404603B0BDE8F0836FF01508F5E700F11F
:10A7A00010094FF0FF324FF0FF334846FAF798FD9B
:10A7B000304600F054F8B0F100080FDA16E005F169
:10A7C00014030197009395E80E00304600F0B8FAA4
:10A7D000B0F1000807DB0C35013CE4B21CB1012CE0
:10A7E000EDD80023EDE7304600F03BF84846FAF795
:10A7F0003FFDCDE743680269DB6882F8521019B962
:10A800001A6822F01A021A60704708B500F01BFAA5
:10A8100008BD08B500F05AFA08BD00B583B001AA1A
:10A8200000F098FB002805DB019B002219791868CD
:10A8300000F0A9FB03B05DF804FB08B50022114647
:10A840001F20FEF724FF1F20FEF71CFF00221146E9
:10A850002020FEF71CFF2020FEF714FF08BD00207B
:10A8600070477047036813F4007F04D023F400732B
:10A870001B041B0C0360036843F480730360704780
:10A8800043680169DB685A6822F4C0625A605A68FA
:10A8900022F4C0625A605A6822F400725A605A6800
:10A8A00022F480625A6091F851201AB95A6822F451
:10A8B00080725A6070474368DB685A6842F480725D
:10A8C0005A605A6842F400725A605A6842F48062D0
:10A8D0005A607047F8B54368DC68236823F00103C9
:10A8E0002360FFF7CDFF26686568A3689BB2E06828
:10A8F000E169226A276847F400472760276827F440
:10A9000000472760B6B22660ADB2656043F480436D
:10A91000A36080B2E06089B2E16192B22262F8BDC8
:10A9200038B542680569D468FFF7AAFF95F8513039
:10A930001BB9236823F00103236038BD10B50369F8
:10A940009A6B32B9DC6B24B95C6B14B979B1002015
:10A9500010BD596B79B90AB100229A63DA6B0AB15A
:10A960000022DA63FFF7DCFF6FF00400F0E7FFF787
:10A97000D7FF0020ECE700215963ECE74368026948
:10A98000D968938C106A10F0010F09D15B00DBB21B
:10A99000106BE0B10A6922F0FF0213430B617047AC
:10A9A00010B4C3F3C71303F0060343F0F000946A36
:10A9B00044B9012393620B6923F0FF031843086134
:10A9C00010BC704743F0F10000239362F3E743F0BB
:10A9D0000103086920F0FF0003430B61936C022B15
:10A9E00000D070470B6843F400630B60704700B5FC
:10A9F00085B042680369D0681A6A12F0010F03D06B
:10AA00001A6B0AB99A6A9AB91A6BE2B99B6C012B54
:10AA100020D0022B23D043690393039B83690393C4
:10AA2000039B436843F48063436005B05DF804FB17
:10AA300000229A6243690193019B83690193019B00
:10AA4000FFF710FFF1E743690293029B83690293CA
:10AA5000029BEAE7036823F480630360DBE7036893
:10AA600023F480630360036843F400630360D2E768
:10AA700008B543680069DB68826C8AB1013A826478
:10AA80001AB95A6822F480625A60C26C1278196945
:10AA900021F0FF010A431A61C36C0133C36408BD8E
:10AAA0005A6822F480625A60C26A12F0020F03D020
:10AAB0001A6842F400721A605A6912F0040F00D04A
:10AAC0001B69FAF7D5FBEAE708B543680069DA685D
:10AAD000836C002B3FD0022B23D0032B2DD0012BD6
:10AAE00030D1136823F480631360136823F4006388
:10AAF0001360C36A13F0020F03D0136843F40073AA
:10AB00001360536823F480635360836C013B836458
:10AB1000C36C12691A70C36C0133C364FAF7A8FBE3
:10AB200023E0436C5B68022B1FD8136823F4806317
:10AB30001360136843F400631360536823F4806365
:10AB4000536012E0013B8364C36C12691A70C36CDA
:10AB50000133C36409E0C36A13F0020F03D0136822
:10AB600043F400731360FAF783FB08BD10B5426825
:10AB70000369D1681A6B3AB99A6C022A07D0032A82
:10AB80001ED0FFF7A1FF01E0FFF772FF10BDD86AEA
:10AB900010F0020F0ED0086840F40070086009E061
:10ABA000986C01389864D86C0C690470D86C0130CA
:10ABB000D864013A002AF3D11846FAF759FBE5E7C1
:10ABC0000A6822F480620A609A6C013A9A64DA6C2C
:10ABD00009691170DA6C0132DA64D7E708B50069E7
:10ABE000FAF746FB08BDF8B50D461F4643680469F1
:10ABF000DE682046FAF79CFB6B68A3642B68E3646D
:10AC00002B7AE3620021A162069AB2FA82F252091B
:10AC100022636163E163A1636564A784336843F0E1
:10AC200001033360336823F400633360336843F413
:10AC3000806333602B7A13F0040F00D1F8BD3046E7
:10AC4000FFF710FEFAE708B543680169DB685A6947
:10AC500012F0010F0BD15A6912F0080F0AD091F8C7
:10AC60002420196921F0FF010A431A6108BDFFF78A
:10AC700085FEFBE75A6912F0020F14D15A6912F0EF
:10AC8000040F13D15A6912F0800F01D00A6B82B9F8
:10AC90005A6912F0800F0FD00A6B6AB95A6822F411
:10ACA00080625A60E2E7FFF7A2FEDFE7FFF75EFF90
:10ACB000DCE7FFF7DDFED9E75B6913F0400FD5D085
:10ACC0000B6B002BD2D1FFF7FFFECFE710B5044688
:10ACD00043680169DB685A6912F4806F11D15A69BF
:10ACE00012F4007F20D15A6912F4807F03D05A6990
:10ACF00022F480725A615A6912F4006F1BD100204D
:10AD000010BD5A6922F480625A611A6842F40072D6
:10AD10001A6001238B632046FFF7B2FD2046FFF740
:10AD20005DFF6FF00400EBE75A6922F400725A618C
:10AD300001234B63EFE75A6922F400625A61EAE7A4
:10AD400000B585B00DF1100C0CE90E00BDF81C30FB
:10AD50009DF80C2012F0010F06D1069A01A9F9F70F
:10AD600025FC05B05DF804FB069A01A9F9F742FC41
:10AD7000F7E708B503468C4600681979DA8802F0CF
:10AD8000400242EA0C02F9F77FFC08BD38B51346D1
:10AD90008568046912F4801F07D012F4402F04D094
:10ADA00012F0010F01D082F4402323F4801213F03B
:10ADB000010F0AD023684FF0010C0CFA01FC43EAA2
:10ADC0000C0323602B68984738BD23684FF0010CB3
:10ADD0000CFA01FC23EA0C032360F3E708B50346F1
:10ADE0008C4600681979DA8842EA0C02FFF7CEFF38
:10ADF00008BD38B50C46056983685B68984718B983
:10AE000023682A685340236038BD10B582B00C46D1
:10AE100001A9FFF7EEFF034630B90123A340019AD1
:10AE20001340003B18BF0123184602B010BD08B5FF
:10AE30008368DB6913B10122984708BD6FF05700A2
:10AE4000FBE708B551F8043C5B681868830F820083
:10AE5000121843F1000392185B4101F11400FAF754
:10AE60001BFC08BD2DE9F84381464668D6F80C80E6
:10AE7000002400E001347368A34228DDB36804EBCA
:10AE80004402970003EB8205D85900F0D2F880B352
:10AE90004FF480312846FFF7A1FF034658BB04EB6F
:10AEA000C40308EBC30548F83390316905F1180075
:10AEB00000F008FA737D002BDCD1B068384482685A
:10AEC000291DF9F7FBFB03460028D3D013E0737D5F
:10AED0000BB900230FE031688B0F8A00521843F141
:10AEE000000392185B4108F11800FAF7D5FB002324
:10AEF00001E06FF012031846BDE8F88370B584B026
:10AF000004464068836801EB410203EB8206C56892
:10AF100001EBC10105EBC10553F822003179FFF7C0
:10AF200074FF031E03DB95F91020934201D104B096
:10AF300070BD2B7432894FF0FF304FF0FF31CDE9F7
:10AF4000020101210091003B18BF01232046F8F7C0
:10AF5000DDFCECE700B50368136001E00833136023
:10AF6000136890F804C0D0F800E00EEBCC0C6345F9
:10AF700005D293F805C08C45F0D1002001E06FF0B8
:10AF800001005DF804FB2DE9F04107460E46002460
:10AF900001E00134E4B2B44210D257F82450C5F3B2
:10AFA000431805F01F00F6F757F950B101232A4660
:10AFB0004146FDF701FB0028EBDA00E00020BDE888
:10AFC000F0816FF01200FAE700B9704738B5044617
:10AFD000F9F7CAFC0546A82303FB04F4F9F7C4FCFF
:10AFE000401BA042FAD338BD10B50446436993B163
:10AFF0009847024630B100280BDBFF2A00DDFF2214
:10B00000E3681A70E1684B7843F001034B705042DB
:10B0100010BD4242F1E70022F4E708B5C3685B784F
:10B0200013F0010F02D1FFF7DFFF08BD6FF07700CB
:10B03000FBE760B1C3685A7812F0010F03D01B78A8
:10B040001BB100207047002070470120704700208E
:10B050007047EFF31183102383F31288BFF36F8FD0
:10B06000FEE708B5FFF7F5FF10B500F10C04C4606A
:10B070000461FDF7BFF810BD08B5EFF3118310238D
:10B0800083F31288BFF36F8FFEF71BFBF5E700BF5A
:10B09000704710B582B001240094F9F72DFF02B07B
:10B0A00010BD884200DA014611F1800F01DB08462D
:10B0B00070476FF07F00704708B5806890F90E30D8
:10B0C0008B4201D1002008BDFAF752FFFBE703468F
:10B0D00000209860D8601B605B6070473AB18A427C
:10B0E00008D38160C26000604060002070476FF04C
:10B0F000150070476FF0150070470B4639B11168A5
:10B10000196041688A4209D00023136070471368B0
:10B11000036041688A42F7D14360F5E74360F3E793
:10B12000F8B138B500F1C402D0F8C440A2421AD038
:10B13000DCB16268236813605A6000252560656091
:10B14000237C23F002032374A56004F11800FBF7AD
:10B15000FDFAC4F8B45065612046FAF751FC0120AD
:10B1600038BD002070470020FAE70020F8E770B5EE
:10B170000D46C36813F0020F22D1044613F0040FEA
:10B1800023D10B68ABB1E36813F0010F14D0A368AF
:10B190002B60022621462868FAF720F9002811DBE7
:10B1A000E36843F00403E3602B68A36036B13046E4
:10B1B0000AE083680B60E6E70126EBE7304601E032
:10B1C0006FF00F0000232B6070BD0020FAE710B570
:10B1D00082B00346EFF31184102282F31288BFF38A
:10B1E0006F8F0022019250F8042C22F0080140F8E1
:10B1F000041C12F0080F05D184F31188BFF36F8F80
:10B2000002B010BD10389B69019301A9FFF7AFFF91
:10B21000F2E72DE9F041054688461746002602E090
:10B22000002303B31E462C68A542F9D0CCB1626856
:10B23000236813605A6000232360636094F810C091
:10B240002CF0020C84F810C0A36004F11800FBF786
:10B250007DFAC4F8B48067612046FAF7D1FB012378
:10B26000DFE70023DDE73046BDE8F08170B5054635
:10B270000C46C368C3F3C00623F00802C26013F093
:10B28000080F0ED1304670BD236883F31188BFF3D9
:10B290006F8FEFF31183102282F31288BFF36F8F49
:10B2A000236005F11000FBF751FA10F10B0FEBD002
:10B2B000E8E708B5C36823F01003C3601030F9F75E
:10B2C000D7FF08BD38B504460D4630220021FBF7F4
:10B2D00037FB65604FF48073E36038BD70B584B0B0
:10B2E00001900C4616461D46EFF31183102282F39F
:10B2F0001288BFF36F8F039303A92046FFF7B6FFB1
:10B3000032462B46214601A8FAF766F9039B83F3E0
:10B310001188BFF36F8F04B070BD8446D31D23F036
:10B3200007037F3323F03F03036040314160A3F103
:10B33000400282603F2B07D8002383F31188BFF3BC
:10B340006F8F0423184602DF604670471068084478
:10B35000704710B5044639B11F227C30FBF71AFC48
:10B36000002384F89B3010BD002380F87C30FAE77E
:10B3700010B50C4611469C4228BF1C462246F5F7E4
:10B38000FDF8204610BD08B5F7F776FD073020F030
:10B39000070008BD70B584B004460D4601AE3046C6
:10B3A000FFF7BBFF324629462046FFF7CFFF054691
:10B3B000039AAA210298FBF7C3FA039A294620466A
:10B3C000FFF7E1FF029BC4F89C30039BC4F8A03058
:10B3D000C4F8A400281A04B070BDEFF3058000384B
:10B3E00018BF012070477C30704710B4002484607F
:10B3F000838102748173C4738461C4610022002359
:10B40000C0E9082310BC704710B400231C4601E0BB
:10B41000013401338B4204D210F803C0BCF1AA0FEF
:10B42000F6D01460002010BC704708B50A46D0F86A
:10B43000A010D0F89C00FFF7E7FF08BDF0B587B07B
:10B440000446129E139D00270597109F04970F9F97
:10B4500003970E9F02970D9F01970C9F0097FAF795
:10B4600083F9B5F1FF3F08BFB6F1FF3F02D1204697
:10B4700007B0F0BD32462B462046FAF735FAF6E71C
:10B4800010B5838903F00104EFF31181102383F3D6
:10B490001288BFF36F8F037C13F0080F04D081F381
:10B4A0001188BFF36F8F10BD0122FAF763FC002CE7
:10B4B000F9D0002383F31188BFF36F8F042318465C
:10B4C00002DFF0E708B5FAF707FC08BD0020704777
:10B4D00038B50546046884421AD0DCB16268236836
:10B4E00013605A60002323606360227C22F0020212
:10B4F0002274A360C4F8B43004F11800FBF726F9F5
:10B500002046FAF77DFA2C68A542E6D10024E4E74C
:10B510000024E2E738BD38B504460023EFF3118577
:10B52000102282F31288BFF36F8F04E085F3118835
:10B53000BFF36F8F012343B92046FFF7C7FF0028F1
:10B54000F4D12046FAF75CFAF0E738BD38B5044686
:10B550000D46FAF749FB237C43F00203237425B31D
:10B56000A5602B689D4207D1002305E019466A6853
:10B57000934215D01B687BB993B194F90E1093F9DF
:10B580000E209142F2D0521A002AEFDD5A68626012
:10B59000236014605C6008E00029EDD10B46EBE706
:10B5A0006B68256063601C606C6038BD08B5037C07
:10B5B00013F0280F13D183685BB1426803681360EE
:10B5C0005A60002303604360027C22F0020202748E
:10B5D0008360037C23F004030374FAF711FA08BDB7
:10B5E00070B50446A0F118060023EFF31185102270
:10B5F00082F31288BFF36F8F04E085F31188BFF3E5
:10B600006F8F012343B92046FBF7D4F80028F4D10B
:10B610003046FFF7CBFFF0E770BD2DE9F0478046DD
:10B620000F4691461D460023EFF3118A102282F344
:10B630001288BFF36F8F1E4629E000202EE00446DB
:10B6400006E0044604E0002402E0234620461C46AF
:10B6500090B12946B847064670B9002CF5D0D8F805
:10B6600004309C4206D02368002BEFD0002CEDD193
:10B670002346EBE70023E9E7B9F1000F02D02946A2
:10B680003046C8478AF31188BFF36F8F012393B9FF
:10B69000D8F800008045D0D00028D0D00028D0D0E5
:10B6A000D8F804309842CED00468002CD0D00028BE
:10B6B000CED10446CCE73046BDE8F08708B5FAF7AE
:10B6C00001FEFAF731FE08BD00B583B000220092FA
:10B6D0001346FAF789FE03B05DF804FB00B583B0AA
:10B6E000002300930122FAF77FFE03B05DF804FB0C
:10B6F00008B5FBF7CFF808BD08B5FBF7CBF808BDD8
:10B7000003460840012A00D070478342FCD0002045
:10B71000FAE770B504460D46466E06F00102096868
:10B72000006EFFF7EDFF80B1206616F0040F02D027
:10B730006A6802436A6004F11800FBF707F8002307
:10B74000C4F8B4302046FFF731FF002070BD2DE96A
:10B75000F04F85B0DDF838800F9F0E4619B930469E
:10B7600005B0BDE8F08F0546144602F0010AFAF76D
:10B770008FFD0390EFF3118B102383F31288BFF337
:10B780006F8F14F0020F01D00023AB60D5F8089042
:10B79000524649463046FFF7B3FF824640B957EA62
:10B7A000080311D18BF31188BFF36F8F0646D6E7DC
:10B7B00014F0040F02D029EA0003AB608BF3118868
:10B7C000BFF36F8F5646CAE7039B1E661E465C6634
:10B7D000CDF8008001972A46594605F10C00FAF78A
:10B7E000A1FB08B9366EBAE75646B8E708B50A466F
:10B7F0000021FBF76DF808BD10B582B042B10222FE
:10B80000DDE90434CDE90034FFF7A1FF02B010BD3B
:10B810000022F5E738B504460020043213D2A0B95F
:10B8200041F00401EFF31185102080F31288BFF37B
:10B830006F8F2046984785F31188BFF36F8F08B14B
:10B8400040F8044B38BD0120E9E70020FAE700008A
:08B85000344FFF7F01000000EE
:10B8580000000000F8B80008E1110008000000002E
:10B86800D54E0008000000000000000098B900084C
:10B8780000000000F8B900080000000018BA00082D
:10B888000000000038BA000800000000D8B900081D
:10B8980000000000B8B900080000000078B90008EE
:10B8A8000000000058B900080000000038B900087E
:10B8B8000000000018B90008B39900080000000053
:10B8C800694700080000000069380008000000000F
:10B8D8000000000058BA00080000000078BA00080C
:10B8E8000000000098BA0008FD0B000800000000E6
:10B8F80090D600080000000074BC00085C0000201E
:10B9080000000000D93D0008000000003C160108B6
:10B9180014BF0008D8DA000838BC00084800002026
:10B92800C40500204912000800000000CCDA000815
:10B938002CBF0008F8DA000838BC00084A000020CC
:10B94800D40500204912000800000000ECDA0008C5
:10B9580044BF000818DB000838BC00084C00002071
:10B96800E405002049120008000000000CDB000874
:10B978005CBF000838DB000838BC00084E00002017
:10B98800F405002049120008000000002CDB000824
:10B9980074BF000858DB000838BC000850000020BD
:10B9A8000406002049120008000000004CDB0008D3
:10B9B8008CBF000878DB000838BC00085200002063
:10B9C8001406002049120008000000006CDB000883
:10B9D800A4BF000898DB000838BC00085400002009
:10B9E8002406002049120008000000008CDB000833
:10B9F800BCBF0008B8DB000838BC000856000020AF
:10BA0800340600204912000800000000ACDB0008E2
:10BA1800D4BF0008D8DB000838BC00085800002054
:10BA2800440600204912000800000000CCDB000892
:10BA380068D6000800000000000000005A0000203E
:10BA480000000000AB99000800000000141601086F
:10BA58002CDA000888BE00085CBC000860000020E2
:10BA6800D00700204D44000800000000E01701083E
:10BA7800A4D600085416010890BC00085E000020F7
:10BA8800B8070020E7A100080000000048160108D8
:10BA980044DA00083C180108000000006200002099
:10BAA8002408002065AE00080000000034180108D2
:10BAB800000000009B960008000000009B9600080C
:10BAC800000000009B960008000000009B960008FC
:10BAD800000000009B960008000000009B960008EC
:10BAE80038160108053A000834160108053A000816
:10BAF80030160108053A00082C160108053A000816
:10BB080028160108053A0008000000009B96000866
:10BB1800000000009B960008000000009B960008AB
:10BB2800000000009B960008000000009B9600089B
:10BB3800000000009B960008000000009B9600088B
:10BB4800000000009B960008000000009B9600087B
:10BB5800000000009B960008000000009B9600086B
:10BB6800000000009B96000824160108053A00080A
:10BB7800000000009B960008000000009B9600084B
:10BB8800000000009B960008000000009B9600083B
:10BB9800000000009B960008000000009B9600082B
:10BBA800000000009B96000858BA00080BA800087F
:10BBB80058BA000813A80008000000009B96000867
:10BBC800000000009B960008000000009B960008FB
:10BBD800000000009B960008000000009B960008EB
:10BBE800000000009B960008000000009B960008DB
:08BBF80020160108053A0008BF
:04BC0000B153000834
:10BC0800B00000208008002000040000E938000887
:10BC18000000000000000000000000000E0000000E
:10BC28000000000060D600080000000000000000CE
:10BC3800E7A4000869A4000875A4000887A4000800
:10BC480091A400089DA40008E13E0008ABA40008E8
:10BC580000000000AD4300081DA7000833A7000836
:10BC6800000000000000000000000000999A000891
:10BC7800DD9A000800000000253C0008539B0008DE
:10BC8800000000000B9B0008D3A000089FA000083C
:10BC98006B9F00080000000000000000000000008A
:10BCA80000000000E79F000805A0000857A0000852
:0CBCB80027A000080000000000000000B1
:10BCC4007013010854120108F4110108A8120108A4
:10BCD400FC12010848130108B4160108E011010818
:10BCE4008413010834130108201301085C130108AC
:10BCF4000000000000000000000000000000000040
:10BD0400000000001CC0000824C00008000000005F
:10BD1400C11500080000000054C000085CC0000801
:10BD240000000000DD1500080200000068C10008E2
:10BD340070C100086CBD0008000000000000000095
:10BD4400ECC00008F4C0000800000000410A00082C
:10BD54000101000050C1000858C1000800000000A3
:10BD6400151600080000000000000000000000009C
:10BD74000000000000000000000000006CC4000887
:10BD840074C40008000000003D190008020000000F
:10BD94006CC2000874C200080000000051160008BC
:10BDA4000000000004C400080CC4000800000000E7
:10BDB400D1180008020000001CC3000824C30008B6
:10BDC400000000006D170008000000009CC300087C
:10BDD400A4C3000800000000651800080200000069
:10BDE400000000000000000000000000000000004F
:04BDF400000000004B
:0CBDF800993F0008A9190008CD190008A7
:10BE0400740A0108010A10207E000000C0F900082D
:10BE1400010F18207E00000010DC0008011420200F
:04BE24007E0000009C
:10BE2800FFFFFFFFFFFFFF7FFFC99A3B00000000F5
:10BE38006588635DDC46030060C79C220000000043
:10BE48001B3700001B5B4A00000000001B38000085
:10BE58001B5B6D00000000001B5B48000000000039
:10BE68001B5B324A000000001B3700001B38000033
:10BE78001B5B3F336C0000004400000000400000E2
:10BE88003BA80008EC17010801000000005400401E
:10BE9800801A06000000000088130000000000005F
:10BEA800F4170108000000005353443133303620A2
:10BEB8006973206E6F742072656164790A000000EE
:10BEC80068656C6C6F207A65706879720000000094
:10BED8002A2A2A20426F6F74696E67205A65706833
:10BEE8007972204F53206275696C642076342E3441
:10BEF8002E302D31303834302D676561613438305B
:10BF0800393136663434202A2A2A0A006770696F64
:10BF18004034303032323030300000006770696FA2
:10BF2800690000006770696F403430303231633027
:10BF3800300000006770696F680000006770696F03
:10BF48004034303032313830300000006770696F6B
:10BF5800670000006770696F403430303231343028
:10BF6800300000006770696F660000006770696FD5
:10BF78004034303032313030300000006770696F43
:10BF8800650000006770696F4034303032306330CC
:10BF9800300000006770696F640000006770696FA7
:10BFA8004034303032303830300000006770696F0C
:10BFB800630000006770696F4034303032303430CD
:10BFC800300000006770696F620000006770696F79
:10BFD8004034303032303030300000006770696FE4
:10BFE800610000006B65726E656C00004B65726ED7
:10BFF800656C20636F6D6D616E6473006379636C4B
:10C0080065733A202575206877206379636C6573BA
:10C018000A0000006379636C657300004B65726EFB
:10C02800656C206379636C65732E0000556E6162E0
:10C038006C6520746F20706172736520696E70750D
:10C04800742028657272202564290A00736C65655E
:10C05800700000006D730000557074696D653A20BA
:10C06800256C6C75206D730A000000002D700000AF
:10C078002D2D70726574747900000000556E73750B
:10C0880070706F72746564206F7074696F6E3A2097
:10C0980025730A00757074696D653A20256C6C7596
:10C0A80020646179732C20256C6C7520686F75721B
:10C0B800732C20256C6C75206D696E757465732CF6
:10C0C80020256C6C75207365636F6E64732C202556
:10C0D8006C6C75206D696C6C697365636F6E6473E5
:10C0E8000A000000757074696D6500004B65726E1A
:10C0F800656C20757074696D652E2043616E2062D1
:10C10800652063616C6C6564207769746820746865
:10C1180065202D70206F72202D2D707265747479D2
:10C12800206F7074696F6E7300000000342E342E17
:10C13800393900005A6570687972207665727369BA
:10C148006F6E2025730A000076657273696F6E0042
:10C158004B65726E656C2076657273696F6E2E0022
:10C1680074687265616400004B65726E656C20745A
:10C178006872656164732E005363686564756C65E5
:10C18800723A2025752073696E6365206C6173743B
:10C198002063616C6C0A0000546872656164733ACC
:10C1A8000A0000002A0000004E4100002573257097
:10C1B80020252D3130730A00096F7074696F6E7312
:10C1C8003A20307825782C207072696F72697479FA
:10C1D8003A2025642074696D656F75743A20256C62
:10C1E8006C640A000973746174653A2025732C2005
:10C1F800656E7472793A2025700A0000556E616286
:10C208006C6520746F2064657465726D696E652055
:10C21800756E7573656420737461636B2073697AD6
:10C228006520282564290A0A000000000973746142
:10C23800636B2073697A6520257A752C20756E7575
:10C2480073656420257A752C2075736167652025D0
:10C258007A75202F20257A752028257520252529EF
:10C268000A0A00006C697374000000004C6973745A
:10C27800206B65726E656C20746872656164732EDC
:10C2880000000000257020495251202530326420DA
:10C298002573287265616C2073697A652025347A64
:10C2A80075293A09756E757365642025347A7509A0
:10C2B80075736167652025347A75202F2025347AB7
:10C2C80075202825327A75202525290A00000000C6
:10C2D800257020252D33327320287265616C2073F8
:10C2E800697A652025347A75293A09756E757365FA
:10C2F800642025347A750975736167652025347A59
:10C3080075202F2025347A7520282532752025257B
:10C31800290A0000737461636B7300004C697374BD
:10C32800207468726561647320737461636B20752F
:10C33800736167652E000000546872656164204966
:10C3480044202570206973206E6F742076616C69B3
:10C35800640A00004572726F723A5368656C6C200B
:10C368007468726561642063616E6E6F74206265C3
:10C378002073757370656E6465640A00546872652D
:10C3880061642025702073757370656E6465640A36
:10C398000000000073757370656E64006B65726EE3
:10C3A800656C207468726561642073757370656E5E
:10C3B80064203C7468726561645F69643E000000D3
:10C3C8004572726F723A5368656C6C207468726556
:10C3D80061642063616E6E6F74206265207265739C
:10C3E800756D65640A0000005468726561642025F3
:10C3F8007020726573756D65640A000072657375E7
:10C408006D6500006B65726E656C2074687265619D
:10C418006420726573756D65203C7468726561642B
:10C428005F69643E000000004572726F723A53689B
:10C43800656C6C207468726561642063616E6E6FF0
:10C4480074206265206B696C6C65640A00000000EA
:10C458000A20546872656164202570206B696C6CD1
:10C4680065640A006B696C6C000000006B65726E95
:10C47800656C20746872656164206B696C6C203C23
:10C488007468726561645F69643E0000446576693A
:10C49800636520756E6B6E6F776E20282573290A89
:10C4A8000000000044657669636520257320697380
:10C4B80020616C726561647920696E697469616C68
:10C4C800697A65640A000000446576696365202519
:10C4D8007320696E697469616C697A6174696F6ED9
:10C4E800206661696C65642077697468206572727A
:10C4F8003D25640A000000004465766963652025CF
:10C508007320696E697469616C697A6564207375F2
:10C51800636365737366756C6C790A005B25705D7F
:10C52800000000005245414459000000444953416D
:10C53800424C454400000000646576696365733ABF
:10C548000A0000002D202573000000002028257314
:10C55800290A000020204454206E6F6465206C6115
:10C5680062656C733A0000002025730044657669A3
:10C57800636520636F6D6D616E647300696E6974C5
:10C58800000000004D616E75616C6C7920696E6900
:10C598007469616C697A6520612064657669636590
:10C5A800000000004C69737420636F6E66696775DC
:10C5B80072656420646576696365732C2077697495
:10C5C8006820616E206F7074696F6E616C20666997
:10C5D8006C746572000000005B3C64657669636595
:10C5E8002066696C7465723E5D00000025642D2527
:10C5F8003032752D2530327520253032753A253088
:10C6080032753A25303275205554430A000000002F
:10C61800496E76616C6964206D6F6E74680A0000FB
:10C62800496E76616C6964206461790A00000000D3
:10C63800496E76616C696420686F75720A00000043
:10C64800496E76616C6964206D696E7574650A005F
:10C65800496E76616C6964207365636F6E640A0065
:10C668004661696C656420746F2063616C63756CE6
:10C67800617465207365636F6E64732073696E639C
:10C68800652045706F63680A00000000436F756C91
:10C6980064206E6F7420736574206461746520254E
:10C6A800640A0000646174650000000044617465F8
:10C6B80020636F6D6D616E647300000073657400B4
:10C6C8005B592D6D2D645D203C483A4D3A533E0030
:10C6D800676574005B6E6F6E655D0000496E636F21
:10C6E8007272656374206461746120776964746828
:10C6F8000A000000526561642076616C756520301F
:10C7080078256C6C780A00005573696E672064613F
:10C7180074612077696474682025640A0000000049
:10C7280057726974696E672076616C756520307818
:10C73800256C6C780A0000006465766D656D206C68
:10C748006F616420737570706F7274732073657491
:10C7580074696E6720627970617373206F6E2061EF
:10C768002073696E676C6520696E7374616E6365AA
:10C778002E0A00004C6F6164696E672E2E2E0A70B7
:10C7880072657373206374726C2D78206374726C95
:10C798002D7120746F206573636170650A00000055
:10C7A8002D2D00002D650000556E6B6E6F776E2085
:10C7B8006F7074696F6E20222573220A00000000D2
:10C7C8004E756D626572206F66206279746573209C
:10C7D800726561643A2025640A000000496E636F3F
:10C7E8007272656374206461746120776964746827
:10C7F8003A2025750A000000696E76616C6964202C
:10C808006164647220272573270A0000696E7661C7
:10C818006C69642073697A6520272573270A0000EC
:10C82800696E76616C69642077696474682027256D
:10C8380073270A00613A733A773A0000272D61207E
:10C848003C616464726573733E27206973206D616F
:10C858006E6461746F72790A00000000272D7320DE
:10C868003C73697A653E27206973206D616E646147
:10C87800746F72790A0000006465766D656D00005A
:10C88800526561642F77726974652070687973697D
:10C8980063616C206D656D6F72790A5573616765A8
:10C8A8003A0A52656164206D656D6F727920617412
:10C8B80020616464726573732077697468206F708F
:10C8C80074696F6E616C2077696474683A0A64658C
:10C8D800766D656D203C616464726573733E205BA0
:10C8E8003C77696474683E5D0A5772697465206DA7
:10C8F800656D6F7279206174206164647265737309
:10C908002077697468206D616E6461746F72792034
:10C91800776964746820616E642076616C75653A25
:10C928000A6465766D656D203C6164647265737335
:10C938003E203C77696474683E203C76616C75657E
:10C948003E00000064756D7000000000557361675B
:10C95800653A0A6465766D656D2064756D70202D85
:10C9680061203C616464726573733E202D73203CC2
:10C9780073697A653E205B2D77203C77696474681B
:10C988003E5D0A006C6F61640000000055736167CA
:10C99800653A0A6465766D656D206C6F6164205B2D
:10C9A8006F7074696F6E735D205B61646472657328
:10C9B800735D0A4F7074696F6E733A0A2D65096C5E
:10C9C8006974746C652D656E6469616E207061723E
:10C9D80073650000537562636F6D6D616E64733AC1
:10C9E8000A000000506C656173652070726573738E
:10C9F80020746865203C5461623E20627574746FCF
:10CA08006E20746F2073656520616C6C206176619F
:10CA1800696C61626C6520636F6D6D616E64732E05
:10CA28000A000000596F752063616E20616C736F96
:10CA38002075736520746865203C5461623E2062ED
:10CA48007574746F6E20746F2070726F6D707420BF
:10CA58006F72206175746F2D636F6D706C6574658E
:10CA680020616C6C20636F6D6D616E6473206F72F2
:10CA78002069747320737562636F6D6D616E647382
:10CA88002E0A0000596F752063616E207472792038
:10CA9800746F2063616C6C20636F6D6D616E64737D
:10CAA8002077697468203C2D683E206F72203C2DE9
:10CAB8002D68656C703E20706172616D6574657279
:10CAC80020666F72206D6F726520696E666F726D79
:10CAD8006174696F6E2E0A000A5368656C6C207366
:10CAE8007570706F72747320666F6C6C6F77696E97
:10CAF80067206D6574612D6B6579733A0A20204350
:10CB080074726C202B202861206B65792066726F07
:10CB18006D3A206162636465666B6C6E70747577DC
:10CB2800290A2020416C7420202B202861206B6565
:10CB3800792066726F6D3A206266290A506C6561C9
:10CB4800736520726566657220746F207368656C02
:10CB58006C20646F63756D656E746174696F6E20A7
:10CB6800666F72206D6F72652064657461696C739D
:10CB78002E0A00000A417661696C61626C65206367
:10CB88006F6D6D616E64733A0A00000068656C70C1
:10CB9800000000005072696E747320746865206824
:10CBA800656C70206D6573736167652E0000000009
:10CBB800253038583A20000025303278200000000F
:10CBC800202020007C0000007C0A00001B5B343021
:10CBD8003325646D000000001B5B2564256300009D
:10CBE800257300001B5B313B3325646D000000009A
:10CBF80055736167653A2025732000002573252D3C
:10CC08002A73000025733A2000000000257325735D
:10CC1800000000004C6F7374206C6F67733A202516
:10CC28006C750A006F6E00006F66660025733A2502
:10CC38007325730A0000000020756E6B6E6F776EA7
:10CC480020706172616D657465723A2000000000A1
:10CC58004563686F207374617475733A2025730A8D
:10CC680000000000416374697665207368656C6C28
:10CC7800206261636B656E64733A0A002020253276
:10CC8800642E203A257320282573290A0000000005
:10CC98005B2533645D2025730A0000004E6F207207
:10CCA8006573706F6E73652066726F6D207468654A
:10CCB800207465726D696E616C2C20617373756D7B
:10CCC80065642038307832342073637265656E206D
:10CCD80073697A650A00000072657476616C0000F9
:10CCE8005072696E742072657475726E2076616C0C
:10CCF8007565206F66206D6F737420726563656E4D
:10CD08007420636F6D6D616E6400000072657369F5
:10CD18007A650000436F6E736F6C65206765747386
:10CD2800207465726D696E616C2073637265656EDF
:10CD38002073697A65206F7220617373756D6573EE
:10CD48002064656661756C7420696E206361736523
:10CD58002074686520726561646F75742066616906
:10CD68006C732E204974206D75737420626520657C
:10CD780078656375746564206166746572206561A1
:10CD88006368207465726D696E616C20776964747C
:10CD980068206368616E676520746F20656E7375BF
:10CDA800726520636F72726563742074657874208D
:10CDB800646973706C61792E00000000686973748F
:10CDC8006F727900436F6D6D616E6420686973746A
:10CDD8006F72792E000000007368656C6C000000AB
:10CDE80055736566756C2C206E6F7420556E697866
:10CDF8002D6C696B65207368656C6C20636F6D6D55
:10CE0800616E64732E000000636C6561720000003F
:10CE1800436C6561722073637265656E2E00000055
:10CE280072656D0049676E6F7265206C696E657317
:10CE380020626567696E6E696E672077697468201D
:10CE48002772656D2027000064656661756C740043
:10CE5800417373756D652038302063686172732083
:10CE680073637265656E20776964746820616E64A7
:10CE78002073656E642074686973207365747469BF
:10CE88006E6720746F20746865207465726D696EB2
:10CE9800616C2E006261636B656E64730000000054
:10CEA8004C69737420616374697665207368656C76
:10CEB8006C206261636B656E64732E0A000000006B
:10CEC8006261636B73706163655F6D6F64650000B9
:10CED800546F67676C65206261636B73706163652B
:10CEE800206B6579206D6F64652E0A536F6D652020
:10CEF8007465726D696E616C7320617265206E6F06
:10CF0800742073656E64696E672073657061726101
:10CF180074652065736361706520636F646520665E
:10CF28006F72206261636B737061636520616E6408
:10CF38002064656C65746520627574746F6E2E204C
:10CF48005468697320636F6D6D616E6420666F72DB
:10CF5800636573207368656C6C20746F20696E74E8
:10CF68006572707265742064656C657465206B65A4
:10CF780079206173206261636B73706163652E0051
:10CF8800636F6C6F72730000546F67676C65206322
:10CF98006F6C6F7265642073796E7461782E00000F
:10CFA8007674313030000000546F67676C65207606
:10CFB8007431303020636F6D6D616E64732E0000C4
:10CFC80070726F6D70740000546F67676C652070C5
:10CFD800726F6D70742E00006563686F000000004A
:10CFE800546F67676C65207368656C6C206563684F
:10CFF8006F2E000073746174730000005368656CD1
:10D008006C20737461746973746963732E00000013
:10D018006261636B7370616365000000536574201F
:10D02800646966666572656E7420657363617065B0
:10D0380020636F646520666F72206261636B737032
:10D0480061636520616E642064656C657465206B3E
:10D0580065792E0064656C657465000053657420FD
:10D068007468652073616D65206573636170652000
:10D07800636F646520666F72206261636B737061B1
:10D08800636520616E642064656C657465206B65FA
:10D09800792E00007265736574000000526573652F
:10D0A80074207368656C6C20737461746973746937
:10D0B800637320666F7220746865204C6F676765BC
:10D0C80072206D6F64756C652E00000073686F7751
:10D0D80000000000476574207368656C6C207374E9
:10D0E800617469737469637320666F72207468650C
:10D0F800204C6F67676572206D6F64756C652E00D4
:10D1080044697361626C65207368656C6C20656343
:10D11800686F2E2045646974696E67206B65797342
:10D1280020616E64206D6574612D6B657973206173
:10D138007265206E6F742068616E646C65640000AF
:10D14800456E61626C65207368656C6C2065636808
:10D158006F2E000044697361626C652070726F6D98
:10D1680070742E00456E61626C652070726F6D7010
:10D17800742E000044697361626C652076743130E6
:10D188003020636F6D6D616E64732E00456E616251
:10D198006C6520767431303020636F6D6D616E641C
:10D1A800732E000044697361626C6520636F6C6F55
:10D1B8007265642073796E7461782E00456E6162C1
:10D1C8006C6520636F6C6F7265642073796E74612F
:10D1D800782E000072302F61313A202030782530C7
:10D1E8003878202072312F61323A2020307825306B
:10D1F8003878202072322F61333A20203078253059
:10D2080038780A0072332F61343A2020307825307C
:10D218003878207231322F69703A202030782530E2
:10D228003878207231342F6C723A202030782530CB
:10D2380038780A0020787073723A202030782530C8
:10D2480038780A004661756C74696E6720696E7378
:10D258007472756374696F6E206164647265737348
:10D2680020287231352F7063293A203078253038DC
:10D27800780A0000556E68616E646C6564204952D6
:10D28800516E3A2025640A00535053454C20696E6C
:10D2980020746872656164206D6F646520646F65D1
:10D2A80073206E6F7420696E6469636174652050C1
:10D2B80053500A002A2A2A2A2A2042555320464136
:10D2C800554C54202A2A2A2A2A0A0000202053745E
:10D2D80061636B696E67206572726F720A00000085
:10D2E8002020556E737461636B696E672065727276
:10D2F8006F720A002020507265636973652064614B
:10D30800746120627573206572726F720A00000082
:10D3180020204246415220416464726573733A206A
:10D32800307825780A0000002020496D7072656306
:10D338006973652064617461206275732065727217
:10D348006F720A002020496E737472756374696F76
:10D358006E20627573206572726F720A0000000099
:10D368002020466C6F6174696E672D706F696E74EA
:10D37800206C617A792073746174652070726573AA
:10D388006572766174696F6E206572726F720A00D9
:10D398002A2A2A2A2A205553414745204641554CD6
:10D3A80054202A2A2A2A2A0A000000002020446938
:10D3B800766973696F6E206279207A65726F0A00E8
:10D3C8002020556E616C69676E6564206D656D6FB0
:10D3D8007279206163636573730A000020204E6FC1
:10D3E80020636F70726F636573736F7220696E73F9
:10D3F8007472756374696F6E730A00002020496C3B
:10D408006C6567616C206C6F6164206F662045589D
:10D41800435F52455455524E20696E746F205043F5
:10D428000A0000002020496C6C6567616C207573E8
:10D4380065206F662074686520455053520A0000C5
:10D448002020417474656D707420746F2065786550
:10D458006375746520756E646566696E65642069B8
:10D468006E737472756374696F6E0A002A2A2A2AA9
:10D478002A204465627567206D6F6E69746F72202B
:10D48800657863657074696F6E202A2A2A2A2A0AC9
:10D498000000000052657365727665642045786304
:10D4A800657074696F6E20280000000053707572F3
:10D4B800696F757320696E7465727275707420284F
:10D4C80049525120000000002A2A2A2A2A202573BE
:10D4D80020256429202A2A2A2A2A0A002A2A2A2ACE
:10D4E8002A204D5055204641554C54202A2A2A2A94
:10D4F8002A0A00002020537461636B696E672065F7
:10D5080072726F722028636F6E746578742061720E
:10D518006561206D69676874206265206E6F74208C
:10D5280076616C6964290A00202044617461204195
:10D5380063636573732056696F6C6174696F6E0AF3
:10D548000000000020204D4D464152204164647285
:10D558006573733A20307825780A00002020496ED8
:10D56800737472756374696F6E2041636365737356
:10D578002056696F6C6174696F6E0A002A2A2A2A1C
:10D588002A2048415244204641554C54202A2A2AF0
:10D598002A2A0A002020427573206661756C74205F
:10D5A8006F6E20766563746F72207461626C65209B
:10D5B800726561640A000000202044656275672076
:10D5C8006576656E740A000020204661756C7420CB
:10D5D800657363616C6174696F6E2028736565207B
:10D5E80062656C6F77290A00415243485F4558438A
:10D5F800455054207769746820726561736F6E2096
:10D6080025780A0A0000000045534620636F756CB0
:10D6180064206E6F74206265207265747269657625
:10D628006564207375636365737366756C6C792EB6
:10D63800205368616C6C206E65766572206F636339
:10D6480075722E0A00000000464C4153485F3000B6
:10D658005352414D5F300000696E707574000000D0
:10D66800696E746572727570742D636F6E74726F03
:10D678006C6C6572403430303133633030000000F8
:10D68800657874690000000072636340343030329A
:10D698003338303000000000726363007373643104
:10D6A80033303640336300007373643133303600EF
:10D6B8004932433A20446576696365206472697625
:10D6C8006572202573206E6F7420666F756E642EE8
:10D6D8000A0000004932433A20427573207265639C
:10D6E8006F76657279206661696C65642028657259
:10D6F80072202564290A00002020202020302020C4
:10D70800312020322020332020342020352020369C
:10D718002020372020382020392020612020622036
:10D7280020632020642020652020660A0000000075
:10D73800253032783A2000002D2D200025752064F0
:10D7480065766963657320666F756E64206F6E20F9
:10D7580025730A004932433A204661696C656420A2
:10D76800746F20636F6E666967757265206465768D
:10D778006963653A2025730A00000000546F6F2022
:10D788006D616E792062797465732070726F766945
:10D798006465642C206C696D697420697320256444
:10D7A8000A0000004661696C656420746F20777216
:10D7B80069746520746F206465766963653A20250D
:10D7C800730A00004661696C656420746F20726595
:10D7D80061642066726F6D206465766963653A20BE
:10D7E80025730A004F75747075743A20307825785F
:10D7F8000A0000006932630049324320636F6D6D8F
:10D80800616E6473000000007363616E00000000C5
:10D818007265636F7665720072656164000000006E
:10D82800726561645F62797465000000646972659D
:10D8380063745F72656164007772697465000000E3
:10D8480077726974655F62797465000073706565E5
:10D8580064000000436F6E6669677572652049321F
:10D868004320627573207370656564003C64657657
:10D878006963653E203C73706565643E0000000086
:10D8880057726974652061206279746520746F200D
:10D89800616E204932432064657669636500000043
:10D8A8003C6465766963653E203C616464723E2031
:10D8B8003C7265673E203C76616C75653E000000F1
:10D8C800577269746520627974657320746F20617A
:10D8D8006E20493243206465766963650000000064
:10D8E8003C6465766963653E203C616464723E20F1
:10D8F8003C7265673E205B3C62797465313E2C2042
:10D908002E2E2E5D0000000052656164206279743D
:10D91800652073747265616D206469726563746CE7
:10D92800792066726F6D20616E20493243206465EC
:10D938007669636520776974686F75742077726992
:10D9480074696E67206120726567697374657220F7
:10D958006164647265737320666972737400000091
:10D968003C6465766963653E203C616464723E2070
:10D978005B3C62797465733E5D00000052656164CA
:10D98800206120627974652066726F6D20616E2057
:10D998004932432064657669636500003C646576B6
:10D9A8006963653E203C616464723E203C72656731
:10D9B8003E000000526561642062797465732066D8
:10D9C800726F6D20616E2049324320646576696309
:10D9D800650000003C6465766963653E203C6164CF
:10D9E80064723E203C7265673E205B3C62797465D8
:10D9F800733E5D005265636F76657220493243203D
:10DA0800627573003C6465766963653E00000000DA
:10DA18005363616E20493243206465766963657398
:10DA28000000000069326340343030303534303023
:10DA38000000000069326331000000006B657973F3
:10DA48000000000069646C65000000006D61696E8B
:10DA580000000000737973776F726B71000000002B
:10DA68002B00000064756D6D7900000070656E64B0
:10DA7800696E6700736C656570696E670000000009
:10DA8800646561640000000073757370656E646599
:10DA98006400000061626F7274696E6700000000C4
:10DAA80073757370656E64696E670000717565756E
:10DAB80065640000286E756C6C2900002A666C6F1E
:10DAC80061742A00D0DA00080100000024BF0008B1
:10DAD800FFFF0000002002400800000030000000A6
:10DAE80000010000F0DA0008010000003CBF000857
:10DAF800FFFF0000001C024007000000300000008B
:10DB08008000000010DB00080100000054BF00087E
:10DB1800FFFF00000018024006000000300000006F
:10DB28004000000030DB0008010000006CBF000866
:10DB3800FFFF000000140240050000003000000054
:10DB48002000000050DB00080100000084BF00082E
:10DB5800FFFF000000100240040000003000000039
:10DB68001000000070DB0008010000009CBF0008E6
:10DB7800FFFF0000000C024003000000300000001E
:10DB88000800000090DB000801000000B4BF000896
:10DB9800FFFF000000080240020000003000000003
:10DBA80004000000B0DB000801000000CCBF000842
:10DBB800FFFF0000000402400100000030000000E8
:10DBC80002000000D0DB000801000000E4BF0008EC
:10DBD800FFFF0000000002400000000030000000CD
:10DBE8000100000018BA0008F8B90008D8B9000800
:10DBF800B8B9000898B9000878B9000858B90008F9
:10DC080038B9000818B9000800000000000000003A
:10DC180000000000000000000000000000000000FC
:10DC280000000000000000000000000000000000EC
:10DC380000000000000000000000000000000000DC
:10DC480000000000000000000000000000000000CC
:10DC580000000000000000000000000000000000BC
:10DC680000000000000000000000000000000000AC
:10DC7800000000000000000000000000F001E001CA
:10DC8800F0FFE701F0FFE7010000C000000000001E
:10DC9800000000000000000000000000000000007C
:10DCA800000000000000000000000000000000006C
:10DCB800000000000000000000000000000000005C
:10DCC800F0070000F00F0000F00F00000000000057
:10DCD8000000000000000000F0070000F00F000046
:10DCE800F00F00000000000000000000000000002D
:10DCF800000000000000000000000000000000001C
:10DD08000000000000000600000C0600000CC60120
:10DD1800000CFE0100FC7F00C0FF0700F00F0600AA
:10DD2800700C0600000CC601000CFE0100FC7F0010
:10DD3800C0FF0700F00F0600700C0600000C06007C
:10DD4800000C0000000000000000000000000000BF
:10DD5800000000000000000000000000000F30007C
:10DD6800C01F7000C03F7000E0306000607060004D
:10DD7800FCFFFF03FCFFFF0360E0700060C0700061
:10DD8800E0C03F00C0803F0000000F00000000001E
:10DD9800000000000000000000000000000000007B
:10DDA800C00F0000E01F0000703800013030C001D3
:10DDB8003030F00130307C0070381F00E0DF0700A1
:10DDC800C0FF0100007C7E00001FFF00C087C30168
:10DDD800F081810170808101108081010080C30180
:10DDE8000000FF0000007C000000000000000000B0
:10DDF8000000000000003E0000007F00C087FF0018
:10DE0800E0DFE101F0FFC0017078800130F08001AF
:10DE180030F0C10170B8C701F01FCF00E00FFE005D
:10DE2800C0077C0000007C000080FF010080C70163
:10DE380000808101000000010000000000000000D7
:10DE480000000000000000000000000000000000CA
:10DE5800000000000000000000000000F0070000C3
:10DE6800F00F0000F00F00000000000000000000AC
:10DE7800000000000000000000000000000000009A
:10DE8800000000000000000000000000000000008A
:10DE9800000000000000000000000000000000007A
:10DEA80000E01F0000FCFF0000FEFF01800FC0071C
:10DEB800C003000FE001001C600000383000003093
:10DEC800100000200000000000000000000000001A
:10DED800000000000000000000000000000000003A
:10DEE800000000000000000000000000000000002A
:10DEF80000000000100000203000003060000038F2
:10DF0800E001001EC003000F800FC00700FEFF01E4
:10DF180000FCFF0000E01F000000000000000000FF
:10DF280000000000000000000000000000000000E9
:10DF38000000000000000000C00100008001000097
:10DF48008061000080F10000007F00003C1F00009D
:10DF5800FC070000FC1F0000007F000080F30000A9
:10DF68008061000080410000C00100000001000045
:10DF78000000000000000000000000000000000099
:10DF880000000000000000000060000000600000C9
:10DF980000600000006000000060000000600000F9
:10DFA80080FF1F0080FF1F0000600000006000006D
:10DFB80000600000006000000060000000600000D9
:10DFC8000000000000000000000000000000000049
:10DFD8000000000000000000000000000000000039
:10DFE8000000000000000000000000180000E01F12
:10DFF8000000E00F0000E0030000600000000000E7
:10E008000000000000000000000000000000000008
:10E0180000000000000000000000000000000000F8
:10E0280000000000000000000000000000000000E8
:10E0380000000300000003000000030000000300CC
:10E0480000000300000003000000030000000300BC
:10E0580000000300000003000000000000000000B2
:10E0680000000000000000000000000000000000A8
:10E078000000000000000000000000000000000098
:10E088000000000000000000000000000000E000A8
:10E098000000F0010000F0010000E00000000000B6
:10E0A8000000000000000000000000000000000068
:10E0B8000000000000000000000000000000000058
:10E0C8000000000000000000000000000000000147
:10E0D8000000C0010000F80100007E0000801F0061
:10E0E80000E0070000FC0000003F0000C00F000037
:10E0F800F0030000700000001000000000000000A5
:10E108000000000000000000000000000000000007
:10E11800000000000000000000FC070080FF3F0036
:10E12800C0FF7F00E001F0007000C0017000C00176
:10E1380030008001300080017000C0017000C00113
:10E14800E001F000C0FF7F0080FF3F0000FC0700F7
:10E1580000000000000000000000000000000000B7
:10E1680000000000000000000000000000000000A7
:10E178000001000080030000C0010000E000000072
:10E1880060000000F0FFFF01F0FFFF01F0FFFF015A
:10E198000000000000000000000000000000000077
:10E1A8000000000000000000000000000000000067
:10E1B80000000000000000004000C001C000E001B5
:10E1C800E000F0016000B80170009C0130008E0191
:10E1D800300087013080830170C0810170E08001C8
:10E1E800E07F8001C03F8001800F80010000800136
:10E1F8000000000000000000000000000000000017
:10E2080000000000000000004000C000E000C00066
:10E218006000C00170608001706080013060800122
:10E228003060800170F0C00170F0C001E0DFE100F3
:10E23800E09FFF0080877F0000001E0000000000B4
:10E2480000000000000000000000000000000000C6
:10E258000000000000000E0000000F0000C00F00CA
:10E2680000E00D0000780C00003C0C00000F0C00D2
:10E2780080030C00E0010C0070FFFF01F0FFFF01BC
:10E28800F0FFFF0100000C0000000C0000000C0073
:10E298000000000000000000000000000000000076
:10E2A800000000000000000000000000003FC00067
:10E2B800F07FC001F07FC001303080013030800134
:10E2C80030308001307080013070C00130E0E000F3
:10E2D80030E0FF0030C07F0000801F000000000019
:10E2E8000000000000000000000000000000000026
:10E2F800000000000000000000F80F0000FF3F00D1
:10E3080080FF7F00C0C3E000E060C0006030C00153
:10E318007030800170308001303080013070C00171
:10E328003060E00030E0FF0000C07F0000801F0088
:10E3380000000000000000000000000000000000D5
:10E348000000000000000000300000003000000065
:10E3580030000000300000013000C0013000F8013A
:10E368003000FE0030801F0030E0070030FC010064
:10E37800303F0000F00F0000F003000070000000C4
:10E388000000000000000000000000000000000085
:10E39800000000000000000000003E0080077F0031
:10E3A800E08FFF00E0DFC10070F8C00130F08001AD
:10E3B800306080013060800130F0800170F8C00169
:10E3C800E0DFC100E08FFF0080077F0000003E0013
:10E3D8000000000000000000000000000000000035
:10E3E8000000000000000000003F0000C07F0000A7
:10E3F800E0FF8001E0C0810170C0810130808101AF
:10E40800308081013080C1017080C10060C0E000AF
:10E41800E0607800C0FF3F0080FF1F0000FE03009F
:10E4280000000000000000000000000000000000E4
:10E4380000000000000000000000000000000000D4
:10E44800000000000000000000000000001EE001C5
:10E45800001EE001001EE001001EE00100000000B7
:10E4680000000000000000000000000000000000A4
:10E478000000000000000000000000000000000094
:10E488000000000000000000000000000000000084
:10E49800000000000000000000000018001EC01F5F
:10E4A800001EC00F001EC003001EC00000000000B8
:10E4B8000000000000000000000000000000000054
:10E4C8000000000000000000000000000000000044
:10E4D80000000000000000000040000000E0000014
:10E4E80000E0000000B0010000B0010000180300C7
:10E4F80000180300000C0600000C060000060C00C3
:10E5080000060C0000071C000003180080033800F8
:10E5180000000000000000000000000000000000F3
:10E528000000000000000000000C0300000C0300C5
:10E53800000C0300000C0300000C0300000C030097
:10E54800000C0300000C0300000C0300000C030087
:10E55800000C0300000C0300000C0300000C030077
:10E5680000000000000000000000000000000000A3
:10E5780000000000000000008003380000031800BD
:10E5880000071C0000060C0000060C00000C06002A
:10E59800000C0600001803000018030000B001007A
:10E5A80000B0010000E0000000E0000000400000B2
:10E5B8000000000000000000000000000000000053
:10E5C8000000000000000000600000006000000083
:10E5D80060000000700000007000E0013000E701FA
:10E5E8003080E70130C0E10170E000007070000089
:10E5F80060300000E03F0000C01F000080070000FE
:10E608000000000000000000000000000000000002
:10E6180000F01F0000FE7F00800FF001C0038003A0
:10E62800C0E0070760F01F0660783C0E301C300C15
:10E63800300C300C300C300C300C1E0C30FC070C3D
:10E6480060FC1F0C60003006C001300680073800EF
:10E6580000FF1F0000F80700000000000000000095
:10E66800000000010000E0010000FC0100807F00C4
:10E6780000E00F0000FC0300807F0300F00F0300A0
:10E68800F0010300F0010300F0070300803F0300DE
:10E6980000FC030000F00F0000807F000000FC0178
:10E6A8000000E00100000001000000000000000080
:10E6B8000000000000000000F0FFFF01F0FFFF0174
:10E6C800F0FFFF0130608001306080013060800120
:10E6D80030608001306080017060800170E0C001AE
:10E6E800E0F0C001E09FE100C09FFF00800F7F00C5
:10E6F80000003E00000000000000000000000000D4
:10E70800000000000000000000F8070000FF1F00E4
:10E7180080FF7F00C0077800E001F000E000E00023
:10E728007000C0017000C0017000800130008001DD
:10E738007000C0017000C0017000C0016000C0001E
:10E7480020000000000000000000000000000000A1
:10E758000000000000000000F0FFFF01F0FFFF01D3
:10E76800F0FFFF013000800130008001300080019F
:10E778003000C0017000C0017000C000E000E0007F
:10E78800E001F000C0077C0080FF3F0000FF1F0091
:10E7980000F8030000000000000000000000000076
:10E7A800000000000000000000000000F0FFFF0172
:10E7B800F0FFFF01F0FFFF01306080013060800151
:10E7C80030608001306080013060800130608001FD
:10E7D800306080013060800130608001300080014D
:10E7E8000000000000000000000000000000000021
:10E7F8000000000000000000000000000000000011
:10E80800F0FFFF01F0FFFF01F0FFFF0130C0000043
:10E8180030C0000030C0000030C0000030C0000030
:10E8280030C0000030C0000030C0000030000000E0
:10E8380000000000000000000000000000000000D0
:10E84800000000000000000000FC070000FF1F009F
:10E8580080FF7F00C003F800E000E0006000C00116
:10E868007000C0017000800130C0800170C0C0011C
:10E8780070C0C00170C0FF01E0C0FF0020C0FF00F1
:10E888000000000000000000000000000000000080
:10E898000000000000000000F0FFFF01F0FFFF0192
:10E8A800F0FFFF0100600000006000000060000051
:10E8B80000600000006000000060000000600000D0
:10E8C80000600000F0FFFF01F0FFFF01F0FFFF0113
:10E8D8000000000000000000000000000000000030
:10E8E8000000000000000000000000000000000020
:10E8F800300080013000800130008001300080014C
:10E90800F0FFFF01F0FFFF01F0FFFF013000800181
:10E9180030008001300080013000800100000000DC
:10E9280000000000000000000000000000000000DF
:10E9380000000000000000000000C0000000C0014E
:10E948000000C00100008001000080010000C0013B
:10E958000000C0010000C0010000E000F0FFFF005F
:10E96800F0FF7F00F0FF1F00000000000000000023
:10E97800000000000000000000000000000000008F
:10E98800000000000000000000000000F0FFFF0190
:10E99800F0FFFF01F0FFFF0100C000000070000061
:10E9A80000F8000000FC010000CE070000070F007F
:10E9B80080031E00C0017C00F000F0007000E00140
:10E9C800300080011000000100000000000000007D
:10E9D800000000000000000000000000F0FFFF0140
:10E9E800F0FFFF01F0FFFF0100008001000080013F
:10E9F800000080010000800100008001000080010B
:10EA0800000080010000800100008001000000007B
:10EA180000000000000000000000000000000000EE
:10EA28000000000000000000F0FFFF01F0FFFF0100
:10EA3800F0010000F03F000000FE030000C07F006E
:10EA48000000F8010000F80100C07F0000FE03008C
:10EA5800F01F0000F0000000F0FFFF01F0FFFF01D1
:10EA6800000000000000000000000000000000009E
:10EA78000000000000000000F0FFFF01F0FFFF01B0
:10EA8800F0E0FF01E0030000800F0000003E0000FE
:10EA980000F8000000E0030000800F0000003E00C6
:10EAA8000000F800F0FFE101F0FFFF01F0FFFF01B7
:10EAB800000000000000000000000000000000004E
:10EAC8000000000000FC070080FF3F00C0FF7F003F
:10EAD800E003F800E000E0007000C0017000C00131
:10EAE800300080013000C0017000C0017000C0011A
:10EAF800E000E000E003F800C0FF7F0000FF1F0017
:10EB080000FC0700000000000000000000000000FA
:10EB1800000000000000000000000000F0FFFF01FE
:10EB2800F0FFFF01F0FFFF0130800100308001009D
:10EB380030800100308001007080010070C0010049
:10EB4800E0E00100E0FF0000C07F0000001F0000BF
:10EB580000000000000000000000000000000000AD
:10EB68000000000000FC070080FF3F00C0FF7F009E
:10EB7800E003F800E000E0007000C0017000C00190
:10EB8800300080013000C0017000C0037000C00771
:10EB9800E000E01FE003F83CC0FF7F3800FF1F7073
:10EBA80000FC07100000000000000000000000004A
:10EBB800000000000000000000000000F0FFFF015E
:10EBC800F0FFFF01F0FFFF0130C0000030C000007F
:10EBD80030C0000030C0010070C0030070E00F00BA
:10EBE800E0701E00E07F7C00C03FF000800FE00175
:10EBF800000080010000000100000000000000008B
:10EC08000000000000000000800FC000C01FC0010D
:10EC1800E03FC0016038C001707080017060800101
:10EC280030E0800130E0800170C0C00170C0C101D7
:10EC380070C0E1007080FF0060007F0020003E008F
:10EC480000000000000000000000000000000000BC
:10EC5800000000000000000030000000300000004C
:10EC680030000000300000003000000030000000DC
:10EC7800F0FFFF01F0FFFF01F0FFFF01300000008F
:10EC880030000000300000003000000030000000BC
:10EC9800300000000000000000000000000000003C
:10ECA8000000000000000000F0FF1F00F0FF7F00E0
:10ECB800F0FFFF000000E0000000C0010000C001FC
:10ECC8000000C001000080010000C0010000C00178
:10ECD8000000E000F0FFFF00F0FF7F00F0FF1F00E2
:10ECE800000000000000000000000000000000001C
:10ECF80010000000F0000000F0070000C03F000016
:10ED080000FE000000F8070000C03F000000FE0100
:10ED18000000F0010000F0010000FE0100C03F000B
:10ED280000F8070000FF0000C03F0000F0070000E7
:10ED3800F0000000100000000000000000000000CB
:10ED4800F0000000F07F0000F0FF3F0000F0FF013E
:10ED58000000C0010000FC0100803F0000F0070037
:10ED6800007800000078000000F0070000803F00F5
:10ED78000000FC010000C00100E0FF01F0FF7F007F
:10ED8800F0FF0000F000000000000000000000009C
:10ED980000000000100000013000C001F000E00198
:10EDA800E003F80080073E00009F0F0000FC03000E
:10EDB80000F0000000F8010000FE0700800F1F00AF
:10EDC800E0037C00F000F8007000E0011000800112
:10EDD800000000010000000000000000000000002A
:10EDE800000000001000000070000000F0010000AA
:10EDF800E0030000800F0000003E000000F8000063
:10EE080000E0FF0100C0FF0100E0FF0100F8000082
:10EE1800003E0000800F0000E0030000F00000004A
:10EE2800700000001000000000000000000000005A
:10EE380000000000000000003000C0013000E001C8
:10EE48003000F8013000BC0130008F0130808701AC
:10EE580030E0810130F08001303C8001301E8001BB
:10EE6800B0078001F0038001F0008001700080018C
:10EE7800000000000000000000000000000000008A
:10EE8800000000000000000000000000000000007A
:10EE98000000000000000000F0FFFF3FF0FFFF3F10
:10EEA800F0FFFF3F3000003030000030300000300D
:10EEB800300000303000003000000000000000008A
:10EEC800000000000000000000000000000000003A
:10EED800000000000000000000000000100000001A
:10EEE80070000000F0030000C00F0000003F0000A9
:10EEF80000FC000000E0070000801F0000007E000A
:10EF08000000F8010000C00100000001000000003E
:10EF180000000000000000000000000000000000E9
:10EF280000000000000000000000000000000000D9
:10EF38003000003030000030300000303000003049
:10EF480030000030F0FFFF3FF0FFFF3FF0FFFF3FD2
:10EF580000000000000000000000000000000000A9
:10EF68000000000000000000000000000000000099
:10EF780000000000000000000000010000E00100A7
:10EF880000F80100003F0000C0070000F001000089
:10EF980038000000F0000000C0030000000F00006F
:10EFA800007C000000F0010000C00100000001002A
:10EFB8000000000000000000000000600000006089
:10EFC80000000060000000600000006000000060B9
:10EFD80000000060000000600000006000000060A9
:10EFE8000000006000000060000000600000006099
:10EFF8000000006000000060000000600000006089
:10F0080000000000000000000000000000000000F8
:10F0180000000000000000000000000000000000E8
:10F028000000000000000000040000000C000000C8
:10F038001C000000380000007000000040000000C4
:10F0480000000000000000000000000000000000B8
:10F0580000000000000000000000000000000000A8
:10F06800000000000000000000007C000004FE001A
:10F07800000CFF00000EC301008E83010086810191
:10F0880000868101008681010086C100008EE100B2
:10F0980000FC7F0000FCFF0100F0FF010000000001
:10F0A8000000000000000000000000000000000058
:10F0B8000000000000000000FCFFFF01FCFFFF0152
:10F0C800FCFF7F00001CE000000CC000000680016F
:10F0D8000006800100068001000E8001000EC001BC
:10F0E800001CE00000FCFF0000F87F0000E01F00AB
:10F0F8000000000000000000000000000000000008
:10F1080000000000000000000000000000C01F0018
:10F1180000F03F0000F87F00001CE000000EC00176
:10F12800000EC001000EC00100068001000680012B
:10F13800000EC001000EC0010004C0000000000065
:10F1480000000000000000000000000000000000B7
:10F15800000000000000000000E01F0000F87F0031
:10F1680000FCFF00001CE000000EC001000E800142
:10F17800000680010006800100068001000CC00026
:10F18800001CE000FCFF7F00FCFFFF01FCFFFF010B
:10F198000000000000000000000000000000000067
:10F1A800000000000000000000C00F0000F03F0059
:10F1B80000F87F00009CE100008EC1000086C101BC
:10F1C8000086C1010086810100868101008EC1018F
:10F1D800008CC10100FCC10000F8C10000E0010082
:10F1E8000000000000000000000000000000000017
:10F1F80000000000000000000006000000060000FB
:10F20800000600000006000000060000F0FFFF01F5
:10F21800F8FFFF01F8FFFF011C0600000C060000C4
:10F228000C0600000C0600000C0600000C00000094
:10F2380000000000000000000000000000000000C6
:10F2480000000000000000000000001E00F0007F29
:10F2580000FC737F00FCFBE1000EEFC10006C6C096
:10F268000006C6C00006C6C00006C6C0000EC7C05D
:10F2780000FEC3E100FEC36100F6807F0006803F08
:10F288000006001F00000000000000000000000051
:10F298000000000000000000FCFFFF01FCFFFF0170
:10F2A800FCFFFF01001C0000000C0000000E000025
:10F2B800000600000006000000060000000E000026
:10F2C800000E000000FCFF0100FCFF0100F0FF0140
:10F2D8000000000000000000000000000000000026
:10F2E8000000000000000000000000000000800195
:10F2F80000068001000680010006800100068001EA
:10F308001CFEFF011CFEFF011CFEFF010000800126
:10F3180000008001000080010000800100008001E1
:10F3280000000000000000000000000000000000D5
:10F338000000000000000000000000E0000000C025
:10F34800000600C0000600C0000600C0000600C09D
:10F35800000600E0000600E01CFEFF7F1CFEFF3FE9
:10F368001CFEFF1F0000000000000000000000005D
:10F378000000000000000000000000000000000085
:10F38800000000000000000000000000FCFFFF017A
:10F39800FCFFFF01FCFFFE010000030000800300EA
:10F3A80000C0070000E00F0000701E0000383C009D
:10F3B800001C7000000EE0010006C0010002800180
:10F3C8000000000100000000000000000000000034
:10F3D80000000000000000000000000000008001A4
:10F3E8000C0080010C0080010C0080010C008001E1
:10F3F800FCFFFF01FCFFFF01FCFFFF010000800193
:10F4080000008001000080010000800100008001F0
:10F4180000000000000000000000000000000000E4
:10F428000000000000FEFF0100FEFF0100F8FF01E0
:10F43800000C00000006000000060000000E00009E
:10F4480000FEFF0100FCFF0100F8FF01000C0000B6
:10F45800000600000006000000FEFF0100FCFF019E
:10F4680000F8FF010000000000000000000000009C
:10F47800000000000000000000FEFF0100FEFF0188
:10F4880000F8FF0100180000000C0000000E00004A
:10F49800000600000006000000060000000E000044
:10F4A800000E000000FCFF0100FCFF0100F0FF015E
:10F4B8000000000000000000000000000000000044
:10F4C800000000000000000000C00F0000F03F0036
:10F4D80000F87F00001CE000000EC001000EC00113
:10F4E8000006800100068001000EC001000EC00168
:10F4F800001CE00000F87F0000F03F0000C00F0093
:10F5080000000000000000000000000000000000F3
:10F51800000000000000000000FEFFFF00FEFFFFEB
:10F5280000F8FFFF0018E000000CC0000006800192
:10F538000006800100068001000E8001000EC00157
:10F54800001CE00000FCFF0000F87F0000E01F0046
:10F5580000000000000000000000000000000000A3
:10F56800000000000000000000E01F0000F87F001D
:10F5780000FCFF00001CE000000EC001000E80012E
:10F58800000680010006800100068001000CC00012
:10F598000018E00000F8FFFF00FEFFFF00FEFFFF7D
:10F5A8000000000000000000000000000000000053
:10F5B8000000000000000000000000000000000043
:10F5C80000FEFF0100FEFF0100F0FF01001800002F
:10F5D800000C0000000C0000000E000000060000F7
:10F5E80000060000000E0000000E000000040000ED
:10F5F8000000000000000000000000000000000003
:10F608000000000000000000000000000078C000BA
:10F6180000FCC00100FCC10100CE8101008E810107
:10F628000086830100068301000687010006C701E2
:10F63800000EFE00000CFC00000478000000000032
:10F6480000000000000000000000000000000000B2
:10F65800000000000000000000020000000300009D
:10F668000003000000030000C0FF3F00F0FF7F0020
:10F67800F0FF7F000003E0000003C0000003C000AB
:10F688000003C0000003C0000003C0000000000029
:10F698000000000000000000000000000000000062
:10F6A800000000000000000000FE3F0000FEFF0018
:10F6B80000FEFF000000C0010000C0010000800142
:10F6C80000008001000080010000C0010000C000AF
:10F6D8000000600000FE7F0000FEFF0100FEFF0149
:10F6E8000000000000000000000000000000000012
:10F6F8000000000000020000001E0000007E000064
:10F7080000F8030000C00F0000007F000000F801AF
:10F718000000E0010000C0010000F80100007F00C7
:10F7280000C01F0000F80300007E0000001E00005B
:10F738000002000000000000000E000000FE0100B2
:10F7480000FC3F000000FF01000080010000FC01F8
:10F7580000C07F0000FE0300003E0000003E0000E5
:10F7680000FE030000C07F000000FC010000C00193
:10F778000000FF0100FC3F0000FE0100000E000039
:10F788000000000000000000000000000000000071
:10F79800000000000000000100068001000EC0010A
:10F7A800001EF000003C780000F03C0000E01F0064
:10F7B80000C0070000C0070000E01F0000F03C0088
:10F7C80000387800001EE000000EC001000680012D
:10F7D8000000000100000000000000000000000020
:10F7E80000000000000200C0001E00C0007E00C033
:10F7F80000F801C000E00FE000003F700000FC7C52
:10F808000000E01F0000E00F0000FC0100007F0086
:10F8180000E00F0000F80300007E0000001E00005A
:10F8280000020000000000000000000000000000CE
:10F838000000000000000000000000000006C001F9
:10F848000006E0010006F0010006B80100069E016E
:10F8580000068F010086830100E6810100F6800121
:10F86800003E8001001E8001000E800100000000A3
:10F878000000000000000000000000000000000080
:10F88800000000000000000000000000000003006D
:10F8980000000300000003000080070000800F0044
:10F8A800C0FFFD0FE0FFFC1FE07FF01F7000003875
:10F8B80070000030300000303000003000000000E0
:10F8C8000000000000000000000000000000000030
:10F8D8000000000000000000000000000000000020
:10F8E8000000000000000000000000000000000010
:10F8F800FCFFFFFFFCFFFFFF00000000000000000E
:10F9080000000000000000000000000000000000EF
:10F9180000000000000000000000000000000000DF
:10F92800000000000000000000000000300000306F
:10F93800300000307000003070000038E07FF81FA1
:10F94800E0FFFC1FC0FFFD0F00800F0000800700D4
:10F958000000030000000300000003000000000096
:10F96800000000000000000000000000000000008F
:10F9780000000000000000000070000000380000D7
:10F9880000180000001800000018000000380000EF
:10F99800003000000030000000700000006000002F
:10F9A8000060000000600000003000000038000027
:10F9B800000000000000000000000000000000003F
:10F9C800000000000000000000000000000000002F
:10F9D800000000000000000000000000000000001F
:10F9E800000000000000000000000000000000000F
:10F9F80000000000000000000000F80107F83F07C1
:10FA080018000200000000000000000000000000D4
:10FA180000000000000000000000000000000000DE
:10FA280000F80000F80000080000000000000000D6
:10FA3800F80000F8000008000000000000000000C6
:10FA4800000000000000600000630600F307807FEC
:10FA580000F8670038630000630600F307807F0042
:10FA6800F863003863000003000000000000000095
:10FA78000000000000C00101E00303300603300469
:10FA880003FCFF0F300C0330080330180130F0017D
:10FA980000F000000000000000000000F00100F885
:10FAA800030408020708C201F8F300F03D0000EF64
:10FAB80003C0F307E0100438100408F00700E0035F
:10FAC80000000000000000000000000000E001F05D
:10FAD800F803F81F07180F06181E06183F06F873D4
:10FAE80002F0E00300C00300F80700180600000455
:10FAF80000000000000000000000000000000000FE
:10FB08000000000000000000F80000F800000800F5
:10FB180000000000000000000000000000000000DD
:10FB280000000000000000000000000000000000CD
:10FB3800FE0080FF03E0010F70001C180030080071
:10FB4800200000000000000000000000000000008D
:10FB58000000000000000000000000000000000895
:10FB6800002018003070001CE0010F80FF0300FE29
:10FB7800000000000000000000000000000000007D
:10FB8800000000400000600000400400400E00C07B
:10FB98000300FC0000C40300400E004004006000A5
:10FBA80000600000000000000000000000000000ED
:10FBB800000600000600000600000600E07F00E0E6
:10FBC8007F00000600000600000600000600000096
:10FBD800000000000000000000000000000000001D
:10FBE80000000000000000001800001F00000F00C7
:10FBF80000030000000000000000000000000000FA
:10FC080000000000000000000000000000000000EC
:10FC180000300000300000300000300000300000EC
:10FC2800300000300000000000000000000000006C
:10FC380000000000000000000000000000000000BC
:10FC48000000000000070000070000070000000097
:10FC5800000000000000000000000000000000009C
:10FC68000000000000000000000400000700E0039E
:10FC7800007800001E00800700F00100380000082E
:10FC8800000000000000000000000000000000006C
:10FC980000807F00E0FF017080031800061800064E
:10FCA800180006180006708003E0FF01807F00003E
:10FCB800000000000000000000000000000000003C
:10FCC80000400000E00000700000300000F8FF076E
:10FCD800F8FF07000000000000000000000000001E
:10FCE800000000000000000000000000000000000C
:10FCF8000630000718800718E0061870061838063E
:10FD0800381C06F00706E0030600000600000000A5
:10FD18000000000000000000000000100002300099
:10FD280006180C06180C06180C06180C06181A07E4
:10FD3800F0FB03E0F10100000000000000000000FB
:10FD4800000000000000E00000F00000DC0000C738
:10FD58000080C300E0C00070C000F8FF07F8FF078C
:10FD680000C00000C000000000000000000000000B
:10FD78000000000000F00702F8070618060618063B
:10FD880006180606180606180E0318FC0300F800E5
:10FD9800000000000000000000000000000000005B
:10FDA800FF00C0FF01E00C0330060618060618061F
:10FDB80006180606180E0318FC0300F800000000D9
:10FDC80000000000000000000000000018000018FB
:10FDD800000018000418800718E003187800181F9E
:10FDE80000D80700F80000380000000000000000FC
:10FDF80000000000000000000000E001E0F103F056
:10FE08001B06180E06180E06180C06180E06F01B10
:10FE180007E0F10300E0010000000000000000001E
:10FE2800000000000000C00700F00F06301C061894
:10FE3800180618180618180618180330CC01E0FF21
:10FE480000803F00000000000000000000000000EB
:10FE5800000000000000000000000000000000801A
:10FE6800030780030780030700000000000000006C
:10FE7800000000000000000000000000000000007A
:10FE880000000000000000000000001080031F8038
:10FE9800030F8003030000000000000000000000C2
:10FEA800000000000000000000000000000000004A
:10FEB800000C00000C00001E0000120000330000BF
:10FEC8002100806100804000C0C0000000000000E8
:10FED80000000000000000000000000000003300E7
:10FEE800003300003300003300003300003300000B
:10FEF8003300003300003300000000000000000061
:10FF080000000000000000000000C0C000804000A9
:10FF1800806100002100003300001200001E000074
:10FF28000C00000C000000000000000000000000B1
:10FF38000000000000000010000018000018000079
:10FF4800182007183807180C07180600F00300E0F7
:10FF5800010000000000000000000000000000FF99
:10FF680000C0FF03600006307C0C18FE1818C31888
:10FF780008811008C110183F1810FF18308008E0D9
:10FF8800FF00803F00000000000000000004008027
:10FF98000700F003003E00C03700F83000183000BA
:10FFA800F83000C03700003E0000F0030080070072
:10FFB8000004000000000000000000F8FF07F8FF40
:10FFC80007180C06180C06180C06180C06180C0650
:10FFD800180C06381E03F0FB03E0F10100000000D6
:10FFE8000000000000000000007F00C0FF01E0C02A
:08FFF800033000031800061895
:020000040801F1
:100000000006180006180006180006180006100062
:1000100006000000000000000000000000F8FF07DC
:10002000F8FF071800061800061800061800061842
:100030000007300003E0C001C0FF00803F00000067
:1000400000000000000000000000000000F8FF07B2
:10005000F8FF07180C06180C06180C06180C0618E2
:100060000C06180C06180C06180C06000000000000
:1000700000000000000000000000F8FF07F8FF0784
:10008000180C00180C00180C00180C00180C0018A4
:100090000C00180C00180C0000000000000000000C
:1000A00000000000007F00C0FF01F0C0033000032B
:1000B000180006180006180C06180C06180C06186E
:1000C000FC0700FC0300000000000000000000002E
:1000D00000F8FF07F8FF07000C00000C00000C0000
:1000E000000C00000C00000C00000C00F8FF07F8EA
:1000F000FF070000000000000000000000000000FA
:1001000000180006180006180006F8FF07F8FF0799
:100110001800061800061800060000000000000085
:1001200000000000000000000000000000060000C9
:10013000060000060000060000060000060000039E
:10014000F8FF03F8FF0000000000000000000000BE
:100150000000000000000000000000F8FF07F8FFAA
:1001600007000C00000600001F00C07100E0E00066
:1001700030800318000708000400000000000000A1
:100180000000000000000000F8FF07F8FF07000073
:10019000060000060000060000060000060000063B
:1001A0000000060000060000000000000000000043
:1001B0000000F8FF07F8FF07F00000001F0000F044
:1001C0000300000700F003001F00F00000F8FF0725
:1001D000F8FF07000000000000000000000000F829
:1001E000FF07F8FF07700000C00100000700001EB5
:1001F0000000380000E000008003F8FF07F8FF0768
:10020000000000000000000000000000807F00E00F
:10021000FF01708003380007180006180006180058
:1002200006180006708003E0FF01807F00000000D8
:10023000000000000000000000000000F8FF07F8C8
:10024000FF071818001818001818001818001808C8
:1002500000300C00F00700E0030000000000000088
:10026000000000000000807F00E0FF017080033884
:10027000000718000618000618000618001E7080F7
:100280003BE0FF71807F20000000000000000000C4
:10029000000000000000F8FF07F8FF07181800181A
:1002A000180018180018380018780030EC01F08792
:1002B00003E003070000040000000000000000004D
:1002C000000000E00102F00306380606180E0618CA
:1002D0000C06180C0618180718F80310F001000097
:1002E00000000000000000000000000000180000F6
:1002F000180000180000180000F8FF07F8FF0718A2
:1003000000001800001800001800000000000000A5
:1003100000000000000000000000F8FF00F8FF03EC
:1003200000000300000600000600000600000600B2
:100330000006000003F8FF03F8FF000000000000C3
:1003400000000000080000780000F00300801F009B
:1003500000FC0000E00700000600E00700FC008051
:100360001F00F003007800000800000000003800C3
:1003700000F81F0000FF0700000600E001003E003B
:10038000000300003E0000E00100000600FE07F848
:100390003F007800000000000000000000000000A6
:1003A00000080004380007F0C003C0E100803F00EF
:1003B000001E00807F00C0E10170C0073800070800
:1003C00000040000000000000000000800003800E9
:1003D00000F00000C00300000F0000FC0700FC0755
:1003E000000F00C00300F00000380000080000000B
:1003F0000000000000000000000000180006188047
:100400000718C007187006183806181E06180706C1
:10041000980306F8000678000618000600000000A1
:1004200000000000000000000000000000000000CC
:1004300000000000F8FF3FF8FF3F180030180030C0
:100440001800300000000000000000000000000064
:100450000000000000000000080000380000F0016B
:1004600000800700001E0000780000E00300000785
:100470000000040000000000000000000000000078
:1004800000000000000000001800301800301800C4
:1004900030F8FF3FF8FF3F000000000000000000C0
:1004A000000000000000000000000000000000004C
:1004B0001000001C00000700C001007000001800C0
:1004C00000700000C00100000700001C00001000C8
:1004D000000000000040000040000040000040001C
:1004E00000400000400000400000400000400000CC
:1004F00040000040000040000040000000000000FC
:1005000000000000000000000000000000000000EB
:1005100000000000000400001C00003C000020005F
:1005200000000000000000000000000000000000CB
:1005300000000000000000C00300E10380210680ED
:10054000310680310680110680110680110300FFFC
:100550000700FE070000000000000000000000008F
:10056000000000000000FCFF07FCFF070003038001
:10057000010680010680010680010680030700FF56
:100580000300FC000000000000000000000000006C
:1005900000000000FC0000FE030003038001068051
:1005A0000106800106800106800106800106000028
:1005B0000000000000000000000000000000FC003F
:1005C00000FF03800307800106800106800106808A
:1005D0000106000303FCFF07FCFF0700000000000A
:1005E0000000000000000000000000FC0000FE0110
:1005F0000033038031068031068031068031068069
:100600003106003306003F06003C000000000000F9
:1006100000000000000000000000800100800100D8
:10062000800100F0FF07F8FF078C01008C01008CAF
:1006300001008C01000C0000000000000000000020
:1006400000000000000038001E7C00BFC780E1C72A
:100650008041C68040C68041C68061C6803F4680DA
:100660001E7E80003C000000000000000000000032
:1006700000000000FCFF07FCFF07000300800100F2
:1006800080010080010080010000FF0700FE0700DC
:10069000000000000000000000000000000000005A
:1006A000000000048000048000048000068CFF0726
:1006B0008CFF070000040000040000040000040098
:1006C00000000000000000000000000000C08000EA
:1006D000C08000C08000C08000C08001C08CFF7F4F
:1006E0008CFF3F0000000000000000000000000040
:1006F0000000000000000000000000FCFF07FCFFFD
:1007000007003000003800007C0000E60000830194
:1007100080010780000600000400000000000000C7
:1007200000000000000000000000040400040400B9
:1007300004040006FCFF07FCFF070000040000049F
:1007400000000400000400000000000000000000A1
:10075000000080FF0780FF0700010080010080FF8C
:100760000700FF0700010080010080FF0700FF076E
:100770000000000000000000000000000000000079
:10078000000080FF0780FF07000300800100800158
:100790000080010080010000FF0700FE070000004C
:1007A00000000000000000000000000000FC00004D
:1007B000FE0100030380010680010680010680011E
:1007C0000680010600030300FE0100FC000000009B
:1007D00000000000000000000000000080FFFF801B
:1007E000FFFF0003038001068001068001068001EF
:1007F0000680030700FF0300FC000000000000006B
:1008000000000000000000FC0000FF0380030780E0
:10081000010680010680010680010600030380FFB7
:10082000FF80FFFF0000000000000000000000004B
:1008300000000000000000000080FF0780FF0700AC
:1008400003000001008001008001008001008001A0
:100850000000000000000000000000000000000098
:10086000000000000E02000F0680190680110680AD
:10087000310680310680610680E10300C10100007D
:100880000000000000000000000000000000000068
:10089000C00000C00000C00000F0FF01F8FF03C06E
:1008A0000003C00003C00003C000030000000000FC
:1008B0000000000000000000000000000080FF01B8
:1008C00080FF03000006000006000006000006008E
:1008D000000380FF0780FF07000000000000000009
:1008E00000000000000000800000800700003F00C2
:1008F00000F80100C00700000400C00700F8010074
:100900003F00800700800000000000800100803F61
:100910000000F80300000600F003003F0080010023
:10092000003F0000F00300000600F803803F008055
:1009300001000000000000000000000000000000B6
:100940000000000480010680030300CE0100FC00CB
:10095000003000007C0000CE01808303800106008F
:100960000004000000000000000000000000800003
:10097000C08007C0001FC000F8E000C07F00001E5C
:1009800000C00700F800003F008007008000000062
:1009900000000000000000000000000000008001D6
:1009A0000680010780C10780E106803106801906B4
:1009B000800F06800706800106000000000000008E
:1009C0000000000000000000000000001000001007
:1009D00000003800002800F0EF1FF0C71F1800309B
:1009E0001800301800300000000000000000000077
:1009F00000000000000000000000000000000000F7
:100A000000000000FCFFFFFCFFFF000000000000F2
:100A100000000000000000000000000000000000D6
:100A20000000000000180030180030180030F0C737
:100A30001FF0EF1F00280000380000100000100019
:100A400000000000000000000000000000000000A6
:100A50000000000200000300000300000300000289
:100A60000000060000060000060000020000000072
:100A70000000000000000000000000000000000076
:100A80000000000000000000000000000000000066
:100A90000000F81B381800000000000000000000F3
:100AA00000000000380008000000380008000000C6
:100AB00000000002401EE0077802401EE0077802B6
:100AC0004000000000000000000070108810FE7F51
:100AD0000811080E00000000000070008810880C4B
:100AE0007003C00E30110811000E0000000000005D
:100AF000000E70198810C813700C001F0010000041
:100B000000000000000000000000380008000000A5
:100B1000000000000000000000000000C00F70385E
:100B2000186000000000000000000000000000004D
:100B3000000018607038C00F0000000000000000C6
:100B4000000010009000D0003C00D0009000100089
:100B5000000000000000000100010001E00F0001A2
:100B6000000100010000000000000000000000384B
:100B7000001800000000000000000000000000005D
:100B8000000200020002000200000000000000005D
:100B90000000000000000018001800000000000025
:100BA0000000000000000010000C0003C000300036
:100BB00008000000000000000000E007381C0810DA
:100BC0000810381CE00700000000000000000000D2
:100BD00020001000F81F00000000000000000000CE
:100BE00000001010081C081608139811701000005F
:100BF000000000000000101008108810881058191C
:100C0000700F000000000000000000068005600476
:100C10001004F81F00040000000000000000F8109D
:100C20008810881088108819080F00000000000044
:100C30000000C0077019981088108819080F00006C
:100C400000000000000008000810080E880368007B
:100C500018000000000000000000700ED819881075
:100C600088105819700E0000000000000000F010FD
:100C7000981108110819980EE00300000000000008
:100C80000000000000006018601800000000000074
:100C90000000000000000000000060386018000044
:100CA000000000000000000000000001800280023F
:100CB0004004400420080000000000000000800202
:100CC000800280028002800280020000000000009A
:100CD000000020084004400480028002000100005F
:100CE00000000000000018000800081A8819D80049
:100CF000700000000000C00F3018882348244824EA
:100D0000C8231024E003000000000010000EC00300
:100D100038023802C003000E00100000000000007E
:100D20000000F81F8810881088105819700F0000F4
:100D300000000000E007300C181808100810181008
:100D400000000000000000000000F81F081008105C
:100D50001818300CE0070000000000000000F81F29
:100D6000881088108810881088100000000000008B
:100D70000000F81F880088008800880088000000B4
:100D8000000000000000E007300C181088108810E8
:100D9000881F0000000000000000F81F8000800095
:100DA00080008000F81F0000000000000000081014
:100DB0000810F81F081008100000000000000000D4
:100DC00000000010001000100018F80F00000000D4
:100DD00000000000F81F00018000400330061818D2
:100DE00008100000000000000000F81F00100010B4
:100DF000001000100010000000000000F81F70003C
:100E00008007001C80037000F81F00000000000035
:100E10000000F81F3000C0000003000CF81F0000A5
:100E2000000000000000E007381C08100810381C03
:100E3000E0070000000000000000F81F08010801A2
:100E400008019801F0000000000000000000E00729
:100E5000381C08100810386CE0C7000000000000C3
:100E60000000F81F0801080108039807F018001097
:100E70000000000000007010D810881088110819B8
:100E8000180E000000000000080008000800F81F0D
:100E90000800080008000000000000000000F80F33
:100EA0000018001000100018F80F000000000800E3
:100EB00070008003001C001C80037000080000000C
:100EC00000007800C01F000EC00180010006801FD6
:100ED000780000000000081018086006C001C00378
:100EE0006006181808100000000008003800E00034
:100EF000001FC000300008000000000000000000DB
:100F000000000818081E0813C810781018100000F8
:100F100000000000000000000000F87F08400840CA
:100F20000000000000000000000008003000C000C9
:100F30000003000C00100000000000000000000092
:100F400008400840F87F000000000000000000009A
:100F500000000001C00038003800C000000100009F
:100F60000040004000400040004000400040004081
:100F700000000000000000000000000004000C0061
:100F80000800000000000000000000000000000E4B
:100F90002013201120116009C01F00000000000074
:100FA0000000FC1F4008201020106018C00F000037
:100FB0000000000000008007C00820102010201052
:100FC00020100000000000000000C00F601820107A
:100FD00020104008FC1F00000000000000008007F7
:100FE0006009201120116011C019000000000000EC
:100FF000000020002000F81F24002400240000002E
:10100000000000000000C07D209A208A208A208AEB
:10101000E0C92070000000000000FC1F400020001C
:1010200020006000C01F0000000000000000001051
:1010300020102010EC1F0010001000000000000025
:10104000000000802080208020C0EC7F0000000095
:10105000000000000000FC1F000200038006400C9E
:101060002018001000000000000000100410041000
:10107000FC1F00100010000000000000E01F4000F6
:101080002000C01F20002000C01F00000000000042
:101090000000E01F4000200020006000C01F000092
:1010A0000000000000008007601820102010601869
:1010B00080070000000000000000E0FF4008201052
:1010C00020106018C00F0000000000000000C00FDA
:1010D0006018201020104008E0FF00000000000011
:1010E00000000000E01F4000200020002000000061
:1010F000000000000000C010201120112013201259
:10110000600E000000000000000010001000FC074E
:101110001008100810080000000000000000E00F98
:101120000018001000100008E01F00000000000080
:1011300000006000C003001C001CC0036000000031
:10114000E003001C0007E000E000000F001CE003CB
:10115000000000000000000000002010600C80076C
:101160008007600C2010000000000000000060807C
:10117000C083007C001CC003600000000000000071
:1011800000002018201C20162011E0106010000024
:10119000000000000000000000010001F03E0840D7
:1011A00008400000000000000000000000000000F7
:1011B000FCFF0000000000000000000000000840EC
:1011C0000840F03E000100010000000000000000A7
:1011D000000080008000800000010001000100008C
:1011E000ECBF0008F4BF0008F4BC000800000000D9
:1011F000000000009CD9000874C50008081201080E
:1012000000000000000000000C1201086CC2000881
:1012100048120108FCBD0008891A000801010000FD
:1012200084C500088CC5000800BE0008F11900083C
:1012300002000000000000000000000000000000AC
:101240000000000000000000C40BD286ACC50008FE
:10125000E0C50008ACC60008B4C600086812010862
:1012600000000000000000006C120108C4C6000865
:10127000C8C6000800000000411D00080000000072
:10128000D8C60008DCC6000800000000938C0008E7
:10129000000000000000000000000000000000004E
:1012A000000000000000000080C8000888C8000896
:1012B000BC1201089D1E000802020000C0120108B5
:1012C0004CC9000854C9000800000000352200087D
:1012D000050200008CC9000894C900080000000045
:1012E000751F00080201000000000000000000005F
:1012F00000000000000000000000000094CB000887
:101300009CCB0008000000007523000801000000CD
:10131000202D2000202000001B5B366E0000000006
:10132000E0CC0008E8CC0008000000003D2D0008DB
:101330000100000014CD00081CCD0008981301081E
:10134000E92C000801010000C4CD0008CCCD000844
:1013500000000000492B000801000000E0CD00085B
:10136000E8CD0008C41301080000000000000000E0
:1013700010CE000818CE000800000000D129000897
:101380000100000028CE00082CCE0008000000005C
:10139000B3930008000000009C13010850CE000821
:1013A00058CE0008000000004D2A0008010000008F
:1013B000000000000000000000000000000000002D
:1013C00000000000C81301089CCE0008A8CE000849
:1013D00000000000ED2A000801000000C8CE00084F
:1013E000D8CE0008681401080000000000000000CA
:1013F00088CF000890CF0008A81501080000000061
:1014000000000000A8CF0008B0CF00086815010850
:101410000000000000000000C8CF0008D0CF000886
:10142000281501080000000000000000E0CF0008BF
:10143000E8CF0008E8140108952A0008010100001F
:10144000FCCF000804D00008A81401080000000028
:10145000000000000000000000000000000000008C
:1014600000000000000000006C14010818D0000803
:1014700024D00008000000002F95000801000000A3
:101480005CD0000864D0000800000000239500082C
:10149000010000000000000000000000000000004B
:1014A0000000000000000000AC1401089CD00008FF
:1014B000A4D0000800000000B7930008010000005D
:1014C000D4D00008DCD00008000000007D2A00080D
:1014D000010000000000000000000000000000000B
:1014E0000000000000000000EC14010830CC0008EF
:1014F00008D1000800000000279400080100000047
:101500002CCC000848D10008000000001B94000803
:1015100001000000000000000000000000000000CA
:1015200000000000000000002C15010830CC00086D
:101530005CD1000800000000392B00080100000009
:101540002CCC00086CD10008000000003B9500087E
:10155000010000000000000000000000000000008A
:1015600000000000000000006C15010830CC0008ED
:101570007CD10008000000007F94000801000000FA
:101580002CCC000894D100080000000073940008DF
:10159000010000000000000000000000000000004A
:1015A0000000000000000000AC15010830CC00086D
:1015B000ACD1000800000000D79400080100000032
:1015C0002CCC0008C4D1000800000000CB94000817
:1015D000010000000000000000000000000000000A
:1015E00000000000000000000000002000000000DB
:1015F00000000B0602000000FC15010800000008B6
:1016000050D60008240002060000002058D600082A
:1016100020000B11181601080100000088D60008F0
:101620000A06000005050000040100000301000097
:101630000201000001010000000100004016010845
:1016400001000000A0D600084C16010801000000AF
:10165000B0D6000858BA00083C00000000000000A6
:10166000000000000000000000000000000000007A
:10167000000000000000000000000000000000006A
:10168000000000000000000000000000ABA2000805
:10169000B7A200088F9C0008000040008000800076
:1016A00000003F22010100000A00000000000000CD
:1016B00030070020FCD7000800D80008C816010831
:1016C0000000000000000000CC16010810D800083F
:1016D000D4170108F8BD0008FD3F00080200000013
:1016E00018D80008C8170108F8BD0008B93F00085D
:1016F0000200000020D80008BC170108F8BD00084F
:10170000D1A600080401000028D80008B01701087D
:10171000F8BD00081D4300080400000034D800088C
:10172000A4170108F8BD000885A600080301000001
:1017300040D8000898170108F8BD000861A6000805
:101740000410000048D800088C170108F8BD0008F4
:1017500041A600080500000054D8000880170108C1
:10176000F8BD0008F540000803000000000000007C
:101770000000000000000000000000000000000069
:10178000C40BD2865CD8000874D80008C40BD2867B
:1017900088D80008A8D80008C40BD286C8D800088A
:1017A000E8D80008C40BD28610D9000868D9000810
:1017B000C40BD28684D90008A4D90008C40BD286F1
:1017C000BCD90008DCD90008C40BD286FCD90008BB
:1017D0000CDA0008C40BD28618DA00080CDA00080C
:1017E000E4170108010000003CDA00084000000096
:1017F00000002000FC170108010000000418010887
:1018000002000000C1C80400E1C804006932635F3F
:1018100073746D33325F6D73675F7265616400006E
:101820006932635F73746D33325F6D73675F7772B4
:101830006974650038180108000000001E000000EF
:10184000040000005418010868010020F94600084F
:101850000100000098B90008000011000B00000012
:1018600098B90008010011000200000098B90008B2
:10187000020011000300000098B9000803001100E5
:10188000040000000000000000000000010203044A
:101890000607080958B8000858B80008C8B8000872
:1018A000D0B80008F0B80008F8B800085CDA000802
:1018B00000010000000000006CDA000801000500D3
:1018C00074DA0008020007007CDA0008040008004F
:1018D00088DA00080800040090DA00081000090007
:1018E0009CDA000820000800A8DA000840000A007E
:1018F000B4DA0008800006000000000000000000CC
:1019000000000000000000000000000000000000D7
:1019100000000000000000000000000000000000C7
:1019200000000000000000000000000000000000B7
:1019300000000000000000000000000000000000A7
:101940000000000000000000000000000000000097
:101950000000000000000000000000000000000087
:101960000000000000000000000000000000000077
:101970000000000000000000202020202020202067
:10198000202828282828202020202020202020202F
:10199000202020202020202088101010101010104F
:1019A0001010101010101010040404040404040497
:1019B0000404101010101010104141414141410128
:1019C0000101010101010101010101010101010107
:1019D0000101011010101010104242424242420216
:1019E00002020202020202020202020202020202D7
:1019F0000202021010101020000000000000000081
:101A000000000000000000000000000000000000D6
:101A100000000000000000000000000000000000C6
:101A200000000000000000000000000000000000B6
:101A300000000000000000000000000000000000A6
:101A40000000000000000000000000000000000096
:101A50000000000000000000000000000000000086
:101A60000000000000000000000000000000000076
:081A700000000000000000006E
:101A78009D83000801000000010000000000000034
:101A8800000000000000000030C200080100000053
:101A980001000000FFFFFFFFFFFFFFFFFFFFFFFF49
:101AA800FFFFFFFF0024F400C80000003C000020F6
:081AB8003C000020FFFFFFFFCE
:101AC0000000000000000000000000000000000016
:0C1AD0000000000000000000000000000A
:101ADC0000000000001F002044080000000000006F
:041AEC0000000000F6
:101AF00078000020780000200C000000100000009A
:101B000044270020042800204427002044270020E8
:081B10000000000000000000CD
:041B180015E015E0DF
:04000005080033B507
:00000001FF
