I0,I1,I2,I3,I4,I5,I6,I7,I8
95.696999,0.000000,0.000000,5.210000,0.000000,0.000000,0.000000,0.000000,0.000000
95.702003,0.000000,0.000000,5.210000,0.000000,0.000000,0.000000,0.000000,0.000000
95.707001,0.000000,0.000000,5.210000,0.000000,0.000000,0.000000,0.000000,0.000000
95.711998,0.000000,0.000000,5.210000,0.000000,0.000000,0.000000,0.000000,0.000000
95.717003,0.000000,0.000000,5.210000,0.000000,0.000000,0.000000,0.000000,0.000000
95.722000,0.000000,0.000000,5.220000,0.000000,0.000000,0.000000,0.000000,0.000000
95.726997,0.000000,0.000000,5.230000,0.000000,0.000000,0.000000,0.000000,0.000000
95.732002,0.000000,0.000000,5.220000,0.000000,0.000000,0.000000,0.000000,0.000000
95.737000,0.000000,0.000000,5.220000,0.000000,0.000000,0.000000,0.000000,0.000000
95.741997,0.000000,0.000000,5.220000,0.000000,0.000000,0.000000,0.000000,0.000000
95.747002,0.000000,0.000000,5.210000,0.000000,0.000000,0.000000,0.000000,0.000000
95.751999,0.000000,0.000000,5.210000,0.000000,0.000000,0.000000,0.000000,0.000000
95.757004,0.000000,0.000000,5.200000,0.000000,0.000000,0.000000,0.000000,0.000000
95.762001,0.000000,0.000000,5.190000,0.000000,0.000000,0.000000,0.000000,0.000000
95.766998,0.000000,0.000000,5.190000,0.000000,0.000000,0.000000,0.000000,0.000000
95.772003,0.000000,0.000000,5.180000,0.000000,0.000000,0.000000,0.000000,0.000000
95.777000,0.000000,0.000000,5.170000,0.000000,0.000000,0.000000,0.000000,0.000000
95.781998,0.000000,0.000000,5.170000,0.000000,0.000000,0.000000,0.000000,0.000000
95.787003,0.000000,0.000000,5.160000,0.000000,0.000000,0.000000,0.000000,0.000000
95.792000,0.000000,0.000000,5.150000,0.000000,0.000000,0.000000,0.000000,0.000000
95.796997,0.000000,0.000000,5.140000,0.000000,0.000000,0.000000,0.000000,0.000000
95.802002,0.000000,0.000000,5.140000,0.000000,0.000000,0.000000,0.000000,0.000000
95.806999,0.000000,0.000000,5.130000,0.000000,0.000000,0.000000,0.000000,0.000000
95.811996,0.000000,0.000000,5.130000,0.000000,0.000000,0.000000,0.000000,0.000000
95.817001,0.000000,0.000000,5.130000,0.000000,0.000000,0.000000,0.000000,0.000000
95.821999,0.000000,0.000000,5.120000,0.000000,0.000000,0.000000,0.000000,0.000000
95.827003,0.000000,0.000000,5.120000,0.000000,0.000000,0.000000,0.000000,0.000000
95.832001,0.000000,0.000000,5.120000,0.000000,0.000000,0.000000,0.000000,0.000000
95.836998,0.000000,0.000000,5.120000,0.000000,0.000000,0.000000,0.000000,0.000000
95.842003,0.000000,0.000000,5.110000,0.000000,0.000000,0.000000,0.000000,0.000000
95.847000,0.000000,0.000000,5.110000,0.000000,0.000000,0.000000,0.000000,0.000000
95.851997,0.000000,0.000000,5.110000,0.000000,0.000000,0.000000,0.000000,0.000000
95.857002,0.000000,0.000000,5.090000,0.000000,0.000000,0.000000,0.000000,0.000000
95.862000,0.000000,0.000000,5.090000,0.000000,0.000000,0.000000,0.000000,0.000000
95.866997,0.000000,0.000000,5.080000,0.000000,0.000000,0.000000,0.000000,0.000000
95.872002,0.000000,0.000000,5.080000,0.000000,0.000000,0.000000,0.000000,0.000000
95.876999,0.000000,0.000000,5.080000,0.000000,0.000000,0.000000,0.000000,0.000000
95.882004,0.000000,0.000000,5.080000,0.000000,0.000000,0.000000,0.000000,0.000000
95.887001,0.000000,0.000000,5.080000,0.000000,0.000000,0.000000,0.000000,0.000000
95.891998,0.000000,0.000000,5.070000,0.000000,0.000000,0.000000,0.000000,0.000000
95.897003,0.000000,0.000000,5.070000,0.000000,0.000000,0.000000,0.000000,0.000000
95.902000,0.000000,0.000000,5.070000,0.000000,0.000000,0.000000,0.000000,0.000000
95.906998,0.000000,0.000000,5.070000,0.000000,0.000000,0.000000,0.000000,0.000000
95.912003,0.000000,0.000000,5.070000,0.000000,0.000000,0.000000,0.000000,0.000000
95.917000,0.000000,0.000000,5.070000,0.000000,0.000000,0.000000,0.000000,0.000000
95.921997,0.000000,0.000000,5.060000,0.000000,0.000000,0.000000,0.000000,0.000000
95.927002,0.000000,0.000000,5.060000,0.000000,0.000000,0.000000,0.000000,0.000000
95.931999,0.000000,0.000000,5.060000,0.000000,0.000000,0.000000,0.000000,0.000000
95.936996,0.000000,0.000000,5.050000,0.000000,0.000000,0.000000,0.000000,0.000000
95.942001,0.000000,0.000000,5.050000,0.000000,0.000000,0.000000,0.000000,0.000000
95.946999,0.000000,0.000000,5.040000,0.000000,0.000000,0.000000,0.000000,0.000000
95.952003,0.000000,0.000000,5.030000,0.000000,0.000000,0.000000,0.000000,0.000000
95.957001,0.000000,0.000000,5.020000,0.000000,0.000000,0.000000,0.000000,0.000000
95.961998,0.000000,0.000000,5.010000,0.000000,0.000000,0.000000,0.000000,0.000000
95.967003,0.000000,0.000000,5.000000,0.000000,0.000000,0.000000,0.000000,0.000000
95.972000,0.000000,0.000000,4.990000,0.000000,0.000000,0.000000,0.000000,0.000000
95.976997,0.000000,0.000000,4.980000,0.000000,0.000000,0.000000,0.000000,0.000000
95.982002,0.000000,0.000000,4.970000,0.000000,0.000000,0.000000,0.000000,0.000000
95.987000,0.000000,0.000000,4.960000,0.000000,0.000000,0.000000,0.000000,0.000000
95.991997,0.000000,0.000000,4.950000,0.000000,0.000000,0.000000,0.000000,0.000000
95.997002,0.000000,0.000000,4.940000,0.000000,0.000000,0.000000,0.000000,0.000000
96.001999,0.000000,0.000000,4.940000,0.000000,0.000000,0.000000,0.000000,0.000000
96.007004,0.000000,0.000000,4.930000,0.000000,0.000000,0.000000,0.000000,0.000000
96.012001,0.000000,0.000000,4.930000,0.000000,0.000000,0.000000,0.000000,0.000000
96.016998,0.000000,0.000000,4.920000,0.000000,0.000000,0.000000,0.000000,0.000000
96.022003,0.000000,0.000000,4.920000,0.000000,0.000000,0.000000,0.000000,0.000000
96.027000,0.000000,0.000000,4.920000,0.000000,0.000000,0.000000,0.000000,0.000000
96.031998,0.000000,0.000000,4.920000,0.000000,0.000000,0.000000,0.000000,0.000000
96.037003,0.000000,0.000000,4.920000,0.000000,0.000000,0.000000,0.000000,0.000000
96.042000,0.000000,0.000000,4.920000,0.000000,0.000000,0.000000,0.000000,0.000000
96.046997,0.000000,0.000000,4.920000,0.000000,0.000000,0.000000,0.000000,0.000000
96.052002,0.000000,0.000000,4.930000,0.000000,0.000000,0.000000,0.000000,0.000000
96.056999,0.000000,0.000000,4.930000,0.000000,0.000000,0.000000,0.000000,0.000000
96.061996,0.000000,0.000000,4.940000,0.000000,0.000000,0.000000,0.000000,0.000000
96.067001,0.000000,0.000000,4.940000,0.000000,0.000000,0.000000,0.000000,0.000000
96.071999,0.000000,0.000000,4.950000,0.000000,0.000000,0.000000,0.000000,0.000000
96.077003,0.000000,0.000000,4.960000,0.000000,0.000000,0.000000,0.000000,0.000000
96.082001,0.000000,0.000000,4.960000,0.000000,0.000000,0.000000,0.000000,0.000000
96.086998,0.000000,0.000000,4.970000,0.000000,0.000000,0.000000,0.000000,0.000000
96.092003,0.000000,0.000000,4.970000,0.000000,0.000000,0.000000,0.000000,0.000000
96.097000,0.000000,0.000000,4.970000,0.000000,0.000000,0.000000,0.000000,0.000000
96.101997,0.000000,0.000000,4.970000,0.000000,0.000000,0.000000,0.000000,0.000000
96.107002,0.000000,0.000000,4.980000,0.000000,0.000000,0.000000,0.000000,0.000000
96.112000,0.000000,0.000000,4.980000,0.000000,0.000000,0.000000,0.000000,0.000000
96.116997,0.000000,0.000000,4.990000,0.000000,0.000000,0.000000,0.000000,0.000000
96.122002,0.000000,0.000000,4.990000,0.000000,0.000000,0.000000,0.000000,0.000000
96.126999,0.000000,0.000000,4.990000,0.000000,0.000000,0.000000,0.000000,0.000000
96.132004,0.000000,0.000000,4.990000,0.000000,0.000000,0.000000,0.000000,0.000000
96.137001,0.000000,0.000000,4.990000,0.000000,0.000000,0.000000,0.000000,0.000000
96.141998,0.000000,0.000000,5.000000,0.000000,0.000000,0.000000,0.000000,0.000000
96.147003,0.000000,0.000000,5.000000,0.000000,0.000000,0.000000,0.000000,0.000000
96.152000,0.000000,0.000000,5.000000,0.000000,0.000000,0.000000,0.000000,0.000000
96.156998,0.000000,0.000000,5.000000,0.000000,0.000000,0.000000,0.000000,0.000000
96.162003,0.000000,0.000000,5.010000,0.000000,0.000000,0.000000,0.000000,0.000000
96.167000,0.000000,0.000000,5.020000,0.000000,0.000000,0.000000,0.000000,0.000000
96.171997,0.000000,0.000000,5.020000,0.000000,0.000000,0.000000,0.000000,0.000000
96.177002,0.000000,0.000000,5.020000,0.000000,0.000000,0.000000,0.000000,0.000000
96.181999,0.000000,0.000000,5.030000,0.000000,0.000000,0.000000,0.000000,0.000000
96.186996,0.000000,0.000000,5.030000,0.000000,0.000000,0.000000,0.000000,0.000000
96.192001,0.000000,0.000000,5.040000,0.000000,0.000000,0.000000,0.000000,0.000000
96.196999,0.000000,0.000000,5.050000,0.000000,0.000000,0.000000,0.000000,0.000000
96.202003,0.000000,0.000000,5.060000,0.000000,0.000000,0.000000,0.000000,0.000000
96.207001,0.000000,0.000000,5.060000,0.000000,0.000000,0.000000,0.000000,0.000000
96.211998,0.000000,0.000000,5.070000,0.000000,0.000000,0.000000,0.000000,0.000000
96.217003,0.000000,0.000000,5.080000,0.000000,0.000000,0.000000,0.000000,0.000000
96.222000,0.000000,0.000000,5.090000,0.000000,0.000000,0.000000,0.000000,0.000000
96.226997,0.000000,0.000000,5.090000,0.000000,0.000000,0.000000,0.000000,0.000000
96.232002,0.000000,0.000000,5.090000,0.000000,0.000000,0.000000,0.000000,0.000000
96.237000,0.000000,0.000000,5.090000,0.000000,0.000000,0.000000,0.000000,0.000000
96.241997,0.000000,0.000000,5.100000,0.000000,0.000000,0.000000,0.000000,0.000000
96.247002,0.000000,0.000000,5.090000,0.000000,0.000000,0.000000,0.000000,0.000000
96.251999,0.000000,0.000000,5.090000,0.000000,0.000000,0.000000,0.000000,0.000000
96.257004,0.000000,0.000000,5.080000,0.000000,0.000000,0.000000,0.000000,0.000000
96.262001,0.000000,0.000000,5.070000,0.000000,0.000000,0.000000,0.000000,0.000000
96.266998,0.000000,0.000000,5.070000,0.000000,0.000000,0.000000,0.000000,0.000000
96.272003,0.000000,0.000000,5.070000,0.000000,0.000000,0.000000,0.000000,0.000000
96.277000,0.000000,0.000000,5.070000,0.000000,0.000000,0.000000,0.000000,0.000000
96.281998,0.000000,0.000000,5.060000,0.000000,0.000000,0.000000,0.000000,0.000000
96.287003,0.000000,0.000000,5.060000,0.000000,0.000000,0.000000,0.000000,0.000000
96.292000,0.000000,0.000000,5.060000,0.000000,0.000000,0.000000,0.000000,0.000000
96.296997,0.000000,0.000000,5.060000,0.000000,0.000000,0.000000,0.000000,0.000000
96.302002,0.000000,0.000000,5.060000,0.000000,0.000000,0.000000,0.000000,0.000000
96.306999,0.000000,0.000000,5.060000,0.000000,0.000000,0.000000,0.000000,0.000000
96.311996,0.000000,0.000000,5.070000,0.000000,0.000000,0.000000,0.000000,0.000000
96.317001,0.000000,0.000000,5.070000,0.000000,0.000000,0.000000,0.000000,0.000000
96.321999,0.000000,0.000000,5.070000,0.000000,0.000000,0.000000,0.000000,0.000000
96.327003,0.000000,0.000000,5.070000,0.000000,0.000000,0.000000,0.000000,0.000000
96.332001,0.000000,0.000000,5.080000,0.000000,0.000000,0.000000,0.000000,0.000000
96.336998,0.000000,0.000000,5.080000,0.000000,0.000000,0.000000,0.000000,0.000000
96.342003,0.000000,0.000000,5.090000,0.000000,0.000000,0.000000,0.000000,0.000000
96.347000,0.000000,0.000000,5.090000,0.000000,0.000000,0.000000,0.000000,0.000000
96.351997,0.000000,0.000000,5.090000,0.000000,0.000000,0.000000,0.000000,0.000000
96.357002,0.000000,0.000000,5.090000,0.000000,0.000000,0.000000,0.000000,0.000000
96.362000,0.000000,0.000000,5.090000,0.000000,0.000000,0.000000,0.000000,0.000000
96.366997,0.000000,0.000000,5.090000,0.000000,0.000000,0.000000,0.000000,0.000000
96.372002,0.000000,0.000000,5.090000,0.000000,0.000000,0.000000,0.000000,0.000000
96.376999,0.000000,0.000000,5.090000,0.000000,0.000000,0.000000,0.000000,0.000000
96.382004,0.000000,0.000000,5.090000,0.000000,0.000000,0.000000,0.000000,0.000000
96.387001,0.000000,0.000000,5.090000,0.000000,0.000000,0.000000,0.000000,0.000000
96.391998,0.000000,0.000000,5.080000,0.000000,0.000000,0.000000,0.000000,0.000000
96.397003,0.000000,0.000000,5.090000,0.000000,0.000000,0.000000,0.000000,0.000000
96.402000,0.000000,0.000000,5.090000,0.000000,0.000000,0.000000,0.000000,0.000000
96.406998,0.000000,0.000000,5.090000,0.000000,0.000000,0.000000,0.000000,0.000000
96.412003,0.000000,0.000000,5.090000,0.000000,0.000000,0.000000,0.000000,0.000000
96.417000,0.000000,0.000000,5.090000,0.000000,0.000000,0.000000,0.000000,0.000000
96.421997,0.000000,0.000000,5.080000,0.000000,0.000000,0.000000,0.000000,0.000000
96.427002,0.000000,0.000000,5.080000,0.000000,0.000000,0.000000,0.000000,0.000000
96.431999,0.000000,0.000000,5.070000,0.000000,0.000000,0.000000,0.000000,0.000000
96.436996,0.000000,0.000000,5.070000,0.000000,0.000000,0.000000,0.000000,0.000000
96.442001,0.000000,0.000000,5.070000,0.000000,0.000000,0.000000,0.000000,0.000000
96.446999,0.000000,0.000000,5.070000,0.000000,0.000000,0.000000,0.000000,0.000000
96.452003,0.000000,0.000000,5.070000,0.000000,0.000000,0.000000,0.000000,0.000000
96.457001,0.000000,0.000000,5.070000,0.000000,0.000000,0.000000,0.000000,0.000000
96.461998,0.000000,0.000000,5.070000,0.000000,0.000000,0.000000,0.000000,0.000000
96.467003,0.000000,0.000000,5.080000,0.000000,0.000000,0.000000,0.000000,0.000000
96.472000,0.000000,0.000000,5.080000,0.000000,0.000000,0.000000,0.000000,0.000000
96.476997,0.000000,0.000000,5.080000,0.000000,0.000000,0.000000,0.000000,0.000000
96.482002,0.000000,0.000000,5.090000,0.000000,0.000000,0.000000,0.000000,0.000000
96.487000,0.000000,0.000000,5.090000,0.000000,0.000000,0.000000,0.000000,0.000000
96.491997,0.000000,0.000000,5.100000,0.000000,0.000000,0.000000,0.000000,0.000000
96.497002,0.000000,0.000000,5.110000,0.000000,0.000000,0.000000,0.000000,0.000000
96.501999,0.000000,0.000000,5.120000,0.000000,0.000000,0.000000,0.000000,0.000000
96.507004,0.000000,0.000000,5.130000,0.000000,0.000000,0.000000,0.000000,0.000000
96.512001,0.000000,0.000000,5.140000,0.000000,0.000000,0.000000,0.000000,0.000000
96.516998,0.000000,0.000000,5.140000,0.000000,0.000000,0.000000,0.000000,0.000000
96.522003,0.000000,0.000000,5.140000,0.000000,0.000000,0.000000,0.000000,0.000000
96.527000,0.000000,0.000000,5.140000,0.000000,0.000000,0.000000,0.000000,0.000000
96.531998,0.000000,0.000000,5.140000,0.000000,0.000000,0.000000,0.000000,0.000000
96.537003,0.000000,0.000000,5.140000,0.000000,0.000000,0.000000,0.000000,0.000000
96.542000,0.000000,0.000000,5.140000,0.000000,0.000000,0.000000,0.000000,0.000000
96.546997,0.000000,0.000000,5.130000,0.000000,0.000000,0.000000,0.000000,0.000000
96.552002,0.000000,0.000000,5.130000,0.000000,0.000000,0.000000,0.000000,0.000000
96.556999,0.000000,0.000000,5.120000,0.000000,0.000000,0.000000,0.000000,0.000000
96.561996,0.000000,0.000000,5.120000,0.000000,0.000000,0.000000,0.000000,0.000000
96.567001,0.000000,0.000000,5.120000,0.000000,0.000000,0.000000,0.000000,0.000000
96.571999,0.000000,0.000000,5.120000,0.000000,0.000000,0.000000,0.000000,0.000000
96.577003,0.000000,0.000000,5.120000,0.000000,0.000000,0.000000,0.000000,0.000000
96.582001,0.000000,0.000000,5.130000,0.000000,0.000000,0.000000,0.000000,0.000000
96.586998,0.000000,0.000000,5.130000,0.000000,0.000000,0.000000,0.000000,0.000000
96.592003,0.000000,0.000000,5.140000,0.000000,0.000000,0.000000,0.000000,0.000000
96.597000,0.000000,0.000000,5.140000,0.000000,0.000000,0.000000,0.000000,0.000000
96.601997,0.000000,0.000000,5.150000,0.000000,0.000000,0.000000,0.000000,0.000000
96.607002,0.000000,0.000000,5.160000,0.000000,0.000000,0.000000,0.000000,0.000000
96.612000,0.000000,0.000000,5.170000,0.000000,0.000000,0.000000,0.000000,0.000000
96.616997,0.000000,0.000000,5.180000,0.000000,0.000000,0.000000,0.000000,0.000000
96.622002,0.000000,0.000000,5.190000,0.000000,0.000000,0.000000,0.000000,0.000000
96.626999,0.000000,0.000000,5.210000,0.000000,0.000000,0.000000,0.000000,0.000000
96.632004,0.000000,0.000000,5.230000,0.000000,0.000000,0.000000,0.000000,0.000000
96.637001,0.000000,0.000000,5.240000,0.000000,0.000000,0.000000,0.000000,0.000000
96.641998,0.000000,0.000000,5.260000,0.000000,0.000000,0.000000,0.000000,0.000000
96.647003,0.000000,0.000000,5.270000,0.000000,0.000000,0.000000,0.000000,0.000000
96.652000,0.000000,0.000000,5.290000,0.000000,0.000000,0.000000,0.000000,0.000000
96.656998,0.000000,0.000000,5.300000,0.000000,0.000000,0.000000,0.000000,0.000000
96.662003,0.000000,0.000000,5.320000,0.000000,0.000000,0.000000,0.000000,0.000000
96.667000,0.000000,0.000000,5.340000,0.000000,0.000000,0.000000,0.000000,0.000000
96.671997,0.000000,0.000000,5.350000,0.000000,0.000000,0.000000,0.000000,0.000000
96.677002,0.000000,0.000000,5.380000,0.000000,0.000000,0.000000,0.000000,0.000000
96.681999,0.000000,0.000000,5.400000,0.000000,0.000000,0.000000,0.000000,0.000000
96.686996,0.000000,0.000000,5.410000,0.000000,0.000000,0.000000,0.000000,0.000000
96.692001,0.000000,0.000000,5.430000,0.000000,0.000000,0.000000,0.000000,0.000000
96.696999,0.000000,0.000000,5.450000,0.000000,0.000000,0.000000,0.000000,0.000000
96.702003,0.000000,0.000000,5.470000,0.000000,0.000000,0.000000,0.000000,0.000000
96.707001,0.000000,0.000000,5.490000,0.000000,0.000000,0.000000,0.000000,0.000000
96.711998,0.000000,0.000000,5.510000,0.000000,0.000000,0.000000,0.000000,0.000000
96.717003,0.000000,0.000000,5.540000,0.000000,0.000000,0.000000,0.000000,0.000000
96.722000,0.000000,0.000000,5.560000,0.000000,0.000000,0.000000,0.000000,0.000000
96.726997,0.000000,0.000000,5.580000,0.000000,0.000000,0.000000,0.000000,0.000000
96.732002,0.000000,0.000000,5.590000,0.000000,0.000000,0.000000,0.000000,0.000000
96.737000,0.000000,0.000000,5.610000,0.000000,0.000000,0.000000,0.000000,0.000000
96.741997,0.000000,0.000000,5.630000,0.000000,0.000000,0.000000,0.000000,0.000000
96.747002,0.000000,0.000000,5.650000,0.000000,0.000000,0.000000,0.000000,0.000000
96.751999,0.000000,0.000000,5.670000,0.000000,0.000000,0.000000,0.000000,0.000000
96.757004,0.000000,0.000000,5.700000,0.000000,0.000000,0.000000,0.000000,0.000000
96.762001,0.000000,0.000000,5.730000,0.000000,0.000000,0.000000,0.000000,0.000000
96.766998,0.000000,0.000000,5.750000,0.000000,0.000000,0.000000,0.000000,0.000000
96.772003,0.000000,0.000000,5.780000,0.000000,0.000000,0.000000,0.000000,0.000000
96.777000,0.000000,0.000000,5.820000,0.000000,0.000000,0.000000,0.000000,0.000000
96.781998,0.000000,0.000000,5.850000,0.000000,0.000000,0.000000,0.000000,0.000000
96.787003,0.000000,0.000000,5.890000,0.000000,0.000000,0.000000,0.000000,0.000000
96.792000,0.000000,0.000000,5.940000,0.000000,0.000000,0.000000,0.000000,0.000000
96.796997,0.000000,0.000000,5.990000,0.000000,0.000000,0.000000,0.000000,0.000000
96.802002,0.000000,0.000000,6.050000,0.000000,0.000000,0.000000,0.000000,0.000000
96.806999,0.000000,0.000000,6.110000,0.000000,0.000000,0.000000,0.000000,0.000000
96.811996,0.000000,0.000000,6.170000,0.000000,0.000000,0.000000,0.000000,0.000000
96.817001,0.000000,0.000000,6.240000,0.000000,0.000000,0.000000,0.000000,0.000000
96.821999,0.000000,0.000000,6.300000,0.000000,0.000000,0.000000,0.000000,0.000000
96.827003,0.000000,0.000000,6.380000,0.000000,0.000000,0.000000,0.000000,0.000000
96.832001,0.000000,0.000000,6.450000,0.000000,0.000000,0.000000,0.000000,0.000000
96.836998,0.000000,0.000000,6.530000,0.000000,0.000000,0.000000,0.000000,0.000000
96.842003,0.000000,0.000000,6.610000,0.000000,0.000000,0.000000,0.000000,0.000000
96.847000,0.000000,0.000000,6.680000,0.000000,0.000000,0.000000,0.000000,0.000000
96.851997,0.000000,0.000000,6.750000,0.000000,0.000000,0.000000,0.000000,0.000000
96.857002,0.000000,0.000000,6.820000,0.000000,0.000000,0.000000,0.000000,0.000000
96.862000,0.000000,0.000000,6.890000,0.000000,0.000000,0.000000,0.000000,0.000000
96.866997,0.000000,0.000000,6.950000,0.000000,0.000000,0.000000,0.000000,0.000000
96.872002,0.000000,0.000000,7.010000,0.000000,0.000000,0.000000,0.000000,0.000000
96.876999,0.000000,0.000000,7.070000,0.000000,0.000000,0.000000,0.000000,0.000000
96.882004,0.000000,0.000000,7.110000,0.000000,0.000000,0.000000,0.000000,0.000000
96.887001,0.000000,0.000000,7.160000,0.000000,0.000000,0.000000,0.000000,0.000000
96.891998,0.000000,0.000000,7.190000,0.000000,0.000000,0.000000,0.000000,0.000000
96.897003,0.000000,0.000000,7.230000,0.000000,0.000000,0.000000,0.000000,0.000000
96.902000,0.000000,0.000000,7.260000,0.000000,0.000000,0.000000,0.000000,0.000000
96.906998,0.000000,0.000000,7.270000,0.000000,0.000000,0.000000,0.000000,0.000000
96.912003,0.000000,0.000000,7.290000,0.000000,0.000000,0.000000,0.000000,0.000000
96.917000,0.000000,0.000000,7.290000,0.000000,0.000000,0.000000,0.000000,0.000000
96.921997,0.000000,0.000000,7.300000,0.000000,0.000000,0.000000,0.000000,0.000000
96.927002,0.000000,0.000000,7.300000,0.000000,0.000000,0.000000,0.000000,0.000000
96.931999,0.000000,0.000000,7.300000,0.000000,0.000000,0.000000,0.000000,0.000000
96.936996,0.000000,0.000000,7.300000,0.000000,0.000000,0.000000,0.000000,0.000000
96.942001,0.000000,0.000000,7.290000,0.000000,0.000000,0.000000,0.000000,0.000000
96.946999,0.000000,0.000000,7.280000,0.000000,0.000000,0.000000,0.000000,0.000000
96.952003,0.000000,0.000000,7.270000,0.000000,0.000000,0.000000,0.000000,0.000000
96.957001,0.000000,0.000000,7.260000,0.000000,0.000000,0.000000,0.000000,0.000000
96.961998,0.000000,0.000000,7.250000,0.000000,0.000000,0.000000,0.000000,0.000000
96.967003,0.000000,0.000000,7.230000,0.000000,0.000000,0.000000,0.000000,0.000000
96.972000,0.000000,0.000000,7.220000,0.000000,0.000000,0.000000,0.000000,0.000000
96.976997,0.000000,0.000000,7.200000,0.000000,0.000000,0.000000,0.000000,0.000000
96.982002,0.000000,0.000000,7.190000,0.000000,0.000000,0.000000,0.000000,0.000000
96.987000,0.000000,0.000000,7.160000,0.000000,0.000000,0.000000,0.000000,0.000000
96.991997,0.000000,0.000000,7.140000,0.000000,0.000000,0.000000,0.000000,0.000000
96.997002,0.000000,0.000000,7.120000,0.000000,0.000000,0.000000,0.000000,0.000000
97.001999,0.000000,0.000000,7.100000,0.000000,0.000000,0.000000,0.000000,0.000000
97.007004,0.000000,0.000000,7.070000,0.000000,0.000000,0.000000,0.000000,0.000000
97.012001,0.000000,0.000000,7.040000,0.000000,0.000000,0.000000,0.000000,0.000000
97.016998,0.000000,0.000000,7.020000,0.000000,0.000000,0.000000,0.000000,0.000000
97.022003,0.000000,0.000000,6.990000,0.000000,0.000000,0.000000,0.000000,0.000000
97.027000,0.000000,0.000000,6.970000,0.000000,0.000000,0.000000,0.000000,0.000000
97.031998,0.000000,0.000000,6.950000,0.000000,0.000000,0.000000,0.000000,0.000000
97.037003,0.000000,0.000000,6.920000,0.000000,0.000000,0.000000,0.000000,0.000000
97.042000,0.000000,0.000000,6.900000,0.000000,0.000000,0.000000,0.000000,0.000000
97.046997,0.000000,0.000000,6.880000,0.000000,0.000000,0.000000,0.000000,0.000000
97.052002,0.000000,0.000000,6.860000,0.000000,0.000000,0.000000,0.000000,0.000000
97.056999,0.000000,0.000000,6.840000,0.000000,0.000000,0.000000,0.000000,0.000000
97.061996,0.000000,0.000000,6.810000,0.000000,0.000000,0.000000,0.000000,0.000000
97.067001,0.000000,0.000000,6.790000,0.000000,0.000000,0.000000,0.000000,0.000000
97.071999,0.000000,0.000000,6.760000,0.000000,0.000000,0.000000,0.000000,0.000000
97.077003,0.000000,0.000000,6.740000,0.000000,0.000000,0.000000,0.000000,0.000000
97.082001,0.000000,0.000000,6.710000,0.000000,0.000000,0.000000,0.000000,0.000000
97.086998,0.000000,0.000000,6.690000,0.000000,0.000000,0.000000,0.000000,0.000000
97.092003,0.000000,0.000000,6.660000,0.000000,0.000000,0.000000,0.000000,0.000000
97.097000,0.000000,0.000000,6.640000,0.000000,0.000000,0.000000,0.000000,0.000000
97.101997,0.000000,0.000000,6.610000,0.000000,0.000000,0.000000,0.000000,0.000000
97.107002,0.000000,0.000000,6.580000,0.000000,0.000000,0.000000,0.000000,0.000000
97.112000,0.000000,0.000000,6.550000,0.000000,0.000000,0.000000,0.000000,0.000000
97.116997,0.000000,0.000000,6.520000,0.000000,0.000000,0.000000,0.000000,0.000000
97.122002,0.000000,0.000000,6.490000,0.000000,0.000000,0.000000,0.000000,0.000000
97.126999,0.000000,0.000000,6.450000,0.000000,0.000000,0.000000,0.000000,0.000000
97.132004,0.000000,0.000000,6.420000,0.000000,0.000000,0.000000,0.000000,0.000000
97.137001,0.000000,0.000000,6.380000,0.000000,0.000000,0.000000,0.000000,0.000000
97.141998,0.000000,0.000000,6.330000,0.000000,0.000000,0.000000,0.000000,0.000000
97.147003,0.000000,0.000000,6.280000,0.000000,0.000000,0.000000,0.000000,0.000000
97.152000,0.000000,0.000000,6.220000,0.000000,0.000000,0.000000,0.000000,0.000000
97.156998,0.000000,0.000000,6.160000,0.000000,0.000000,0.000000,0.000000,0.000000
97.162003,0.000000,0.000000,6.100000,0.000000,0.000000,0.000000,0.000000,0.000000
97.167000,0.000000,0.000000,6.040000,0.000000,0.000000,0.000000,0.000000,0.000000
97.171997,0.000000,0.000000,5.970000,0.000000,0.000000,0.000000,0.000000,0.000000
97.177002,0.000000,0.000000,5.910000,0.000000,0.000000,0.000000,0.000000,0.000000
97.181999,0.000000,0.000000,5.840000,0.000000,0.000000,0.000000,0.000000,0.000000
97.186996,0.000000,0.000000,5.770000,0.000000,0.000000,0.000000,0.000000,0.000000
97.192001,0.000000,0.000000,5.690000,0.000000,0.000000,0.000000,0.000000,0.000000
97.196999,0.000000,0.000000,5.610000,0.000000,0.000000,0.000000,0.000000,0.000000
97.202003,0.000000,0.000000,5.530000,0.000000,0.000000,0.000000,0.000000,0.000000
97.207001,0.000000,0.000000,5.440000,0.000000,0.000000,0.000000,0.000000,0.000000
97.211998,0.000000,0.000000,5.330000,0.000000,0.000000,0.000000,0.000000,0.000000
97.217003,0.000000,0.000000,5.220000,0.000000,0.000000,0.000000,0.000000,0.000000
97.222000,0.000000,0.000000,5.110000,0.000000,0.000000,0.000000,0.000000,0.000000
97.226997,0.000000,0.000000,4.990000,0.000000,0.000000,0.000000,0.000000,0.000000
97.232002,0.000000,0.000000,4.860000,0.000000,0.000000,0.000000,0.000000,0.000000
97.237000,0.000000,0.000000,4.720000,0.000000,0.000000,0.000000,0.000000,0.000000
97.241997,0.000000,0.000000,4.580000,0.000000,0.000000,0.000000,0.000000,0.000000
97.247002,0.000000,0.000000,4.430000,0.000000,0.000000,0.000000,0.000000,0.000000
97.251999,0.000000,0.000000,4.280000,0.000000,0.000000,0.000000,0.000000,0.000000
97.257004,0.000000,0.000000,4.120000,0.000000,0.000000,0.000000,0.000000,0.000000
97.262001,0.000000,0.000000,3.950000,0.000000,0.000000,0.000000,0.000000,0.000000
97.266998,0.000000,0.000000,3.790000,0.000000,0.000000,0.000000,0.000000,0.000000
97.272003,0.000000,0.000000,3.620000,0.000000,0.000000,0.000000,0.000000,0.000000
97.277000,0.000000,0.000000,3.460000,0.000000,0.000000,0.000000,0.000000,0.000000
97.281998,0.000000,0.000000,3.290000,0.000000,0.000000,0.000000,0.000000,0.000000
97.287003,0.000000,0.000000,3.120000,0.000000,0.000000,0.000000,0.000000,0.000000
97.292000,0.000000,0.000000,2.970000,0.000000,0.000000,0.000000,0.000000,0.000000
97.296997,0.000000,0.000000,2.820000,0.000000,0.000000,0.000000,0.000000,0.000000
97.302002,0.000000,0.000000,2.680000,0.000000,0.000000,0.000000,0.000000,0.000000
97.306999,0.000000,0.000000,2.540000,0.000000,0.000000,0.000000,0.000000,0.000000
97.311996,0.000000,0.000000,2.420000,0.000000,0.000000,0.000000,0.000000,0.000000
97.317001,0.000000,0.000000,2.300000,0.000000,0.000000,0.000000,0.000000,0.000000
97.321999,0.000000,0.000000,2.200000,0.000000,0.000000,0.000000,0.000000,0.000000
97.327003,0.000000,0.000000,2.100000,0.000000,0.000000,0.000000,0.000000,0.000000
97.332001,0.000000,0.000000,2.010000,0.000000,0.000000,0.000000,0.000000,0.000000
97.336998,0.000000,0.000000,1.930000,0.000000,0.000000,0.000000,0.000000,0.000000
97.342003,0.000000,0.000000,1.850000,0.000000,0.000000,0.000000,0.000000,0.000000
97.347000,0.000000,0.000000,1.790000,0.000000,0.000000,0.000000,0.000000,0.000000
97.351997,0.000000,0.000000,1.730000,0.000000,0.000000,0.000000,0.000000,0.000000
97.357002,0.000000,0.000000,1.680000,0.000000,0.000000,0.000000,0.000000,0.000000
97.362000,0.000000,0.000000,1.630000,0.000000,0.000000,0.000000,0.000000,0.000000
97.366997,0.000000,0.000000,1.590000,0.000000,0.000000,0.000000,0.000000,0.000000
97.372002,0.000000,0.000000,1.560000,0.000000,0.000000,0.000000,0.000000,0.000000
97.376999,0.000000,0.000000,1.530000,0.000000,0.000000,0.000000,0.000000,0.000000
97.382004,0.000000,0.000000,1.510000,0.000000,0.000000,0.000000,0.000000,0.000000
97.387001,0.000000,0.000000,1.490000,0.000000,0.000000,0.000000,0.000000,0.000000
97.391998,0.000000,0.000000,1.490000,0.000000,0.000000,0.000000,0.000000,0.000000
97.397003,0.000000,0.000000,1.490000,0.000000,0.000000,0.000000,0.000000,0.000000
97.402000,0.000000,0.000000,1.500000,0.000000,0.000000,0.000000,0.000000,0.000000
97.406998,0.000000,0.000000,1.510000,0.000000,0.000000,0.000000,0.000000,0.000000
97.412003,0.000000,0.000000,1.530000,0.000000,0.000000,0.000000,0.000000,0.000000
97.417000,0.000000,0.000000,1.550000,0.000000,0.000000,0.000000,0.000000,0.000000
97.421997,0.000000,0.000000,1.580000,0.000000,0.000000,0.000000,0.000000,0.000000
97.427002,0.000000,0.000000,1.610000,0.000000,0.000000,0.000000,0.000000,0.000000
97.431999,0.000000,0.000000,1.640000,0.000000,0.000000,0.000000,0.000000,0.000000
97.436996,0.000000,0.000000,1.670000,0.000000,0.000000,0.000000,0.000000,0.000000
97.442001,0.000000,0.000000,1.700000,0.000000,0.000000,0.000000,0.000000,0.000000
97.446999,0.000000,0.000000,1.730000,0.000000,0.000000,0.000000,0.000000,0.000000
97.452003,0.000000,0.000000,1.760000,0.000000,0.000000,0.000000,0.000000,0.000000
97.457001,0.000000,0.000000,1.770000,0.000000,0.000000,0.000000,0.000000,0.000000
97.461998,0.000000,0.000000,1.780000,0.000000,0.000000,0.000000,0.000000,0.000000
97.467003,0.000000,0.000000,1.800000,0.000000,0.000000,0.000000,0.000000,0.000000
97.472000,0.000000,0.000000,1.800000,0.000000,0.000000,0.000000,0.000000,0.000000
97.476997,0.000000,0.000000,1.800000,0.000000,0.000000,0.000000,0.000000,0.000000
97.482002,0.000000,0.000000,1.800000,0.000000,0.000000,0.000000,0.000000,0.000000
97.487000,0.000000,0.000000,1.790000,0.000000,0.000000,0.000000,0.000000,0.000000
97.491997,0.000000,0.000000,1.780000,0.000000,0.000000,0.000000,0.000000,0.000000
97.497002,0.000000,0.000000,1.760000,0.000000,0.000000,0.000000,0.000000,0.000000
97.501999,0.000000,0.000000,1.740000,0.000000,0.000000,0.000000,0.000000,0.000000
97.507004,0.000000,0.000000,1.710000,0.000000,0.000000,0.000000,0.000000,0.000000
97.512001,0.000000,0.000000,1.680000,0.000000,0.000000,0.000000,0.000000,0.000000
97.516998,0.000000,0.000000,1.650000,0.000000,0.000000,0.000000,0.000000,0.000000
97.522003,0.000000,0.000000,1.620000,0.000000,0.000000,0.000000,0.000000,0.000000
97.527000,0.000000,0.000000,1.580000,0.000000,0.000000,0.000000,0.000000,0.000000
97.531998,0.000000,0.000000,1.540000,0.000000,0.000000,0.000000,0.000000,0.000000
97.537003,0.000000,0.000000,1.500000,0.000000,0.000000,0.000000,0.000000,0.000000
97.542000,0.000000,0.000000,1.460000,0.000000,0.000000,0.000000,0.000000,0.000000
97.546997,0.000000,0.000000,1.420000,0.000000,0.000000,0.000000,0.000000,0.000000
97.552002,0.000000,0.000000,1.390000,0.000000,0.000000,0.000000,0.000000,0.000000
97.556999,0.000000,0.000000,1.350000,0.000000,0.000000,0.000000,0.000000,0.000000
97.561996,0.000000,0.000000,1.320000,0.000000,0.000000,0.000000,0.000000,0.000000
97.567001,0.000000,0.000000,1.280000,0.000000,0.000000,0.000000,0.000000,0.000000
97.571999,0.000000,0.000000,1.250000,0.000000,0.000000,0.000000,0.000000,0.000000
97.577003,0.000000,0.000000,1.220000,0.000000,0.000000,0.000000,0.000000,0.000000
97.582001,0.000000,0.000000,1.180000,0.000000,0.000000,0.000000,0.000000,0.000000
97.586998,0.000000,0.000000,1.160000,0.000000,0.000000,0.000000,0.000000,0.000000
97.592003,0.000000,0.000000,1.140000,0.000000,0.000000,0.000000,0.000000,0.000000
97.597000,0.000000,0.000000,1.110000,0.000000,0.000000,0.000000,0.000000,0.000000
97.601997,0.000000,0.000000,1.100000,0.000000,0.000000,0.000000,0.000000,0.000000
97.607002,0.000000,0.000000,1.080000,0.000000,0.000000,0.000000,0.000000,0.000000
97.612000,0.000000,0.000000,1.080000,0.000000,0.000000,0.000000,0.000000,0.000000
97.616997,0.000000,0.000000,1.060000,0.000000,0.000000,0.000000,0.000000,0.000000
97.622002,0.000000,0.000000,1.060000,0.000000,0.000000,0.000000,0.000000,0.000000
97.626999,0.000000,0.000000,1.050000,0.000000,0.000000,0.000000,0.000000,0.000000
97.632004,0.000000,0.000000,1.050000,0.000000,0.000000,0.000000,0.000000,0.000000
97.637001,0.000000,0.000000,1.050000,0.000000,0.000000,0.000000,0.000000,0.000000
97.641998,0.000000,0.000000,1.050000,0.000000,0.000000,0.000000,0.000000,0.000000
97.647003,0.000000,0.000000,1.040000,0.000000,0.000000,0.000000,0.000000,0.000000
97.652000,0.000000,0.000000,1.040000,0.000000,0.000000,0.000000,0.000000,0.000000
97.656998,0.000000,0.000000,1.040000,0.000000,0.000000,0.000000,0.000000,0.000000
97.662003,0.000000,0.000000,1.030000,0.000000,0.000000,0.000000,0.000000,0.000000
97.667000,0.000000,0.000000,1.020000,0.000000,0.000000,0.000000,0.000000,0.000000
97.671997,0.000000,0.000000,1.010000,0.000000,0.000000,0.000000,0.000000,0.000000
97.677002,0.000000,0.000000,1.000000,0.000000,0.000000,0.000000,0.000000,0.000000
97.681999,0.000000,0.000000,0.980000,0.000000,0.000000,0.000000,0.000000,0.000000
97.686996,0.000000,0.000000,0.960000,0.000000,0.000000,0.000000,0.000000,0.000000
97.692001,0.000000,0.000000,0.930000,0.000000,0.000000,0.000000,0.000000,0.000000
97.696999,0.000000,0.000000,0.910000,0.000000,0.000000,0.000000,0.000000,0.000000
97.702003,0.000000,0.000000,0.880000,0.000000,0.000000,0.000000,0.000000,0.000000
97.707001,0.000000,0.000000,0.850000,0.000000,0.000000,0.000000,0.000000,0.000000
97.711998,0.000000,0.000000,0.810000,0.000000,0.000000,0.000000,0.000000,0.000000
97.717003,0.000000,0.000000,0.780000,0.000000,0.000000,0.000000,0.000000,0.000000
97.722000,0.000000,0.000000,0.740000,0.000000,0.000000,0.000000,0.000000,0.000000
97.726997,0.000000,0.000000,0.700000,0.000000,0.000000,0.000000,0.000000,0.000000
97.732002,0.000000,0.000000,0.670000,0.000000,0.000000,0.000000,0.000000,0.000000
97.737000,0.000000,0.000000,0.620000,0.000000,0.000000,0.000000,0.000000,0.000000
97.741997,0.000000,0.000000,0.580000,0.000000,0.000000,0.000000,0.000000,0.000000
97.747002,0.000000,0.000000,0.540000,0.000000,0.000000,0.000000,0.000000,0.000000
97.751999,0.000000,0.000000,0.500000,0.000000,0.000000,0.000000,0.000000,0.000000
97.757004,0.000000,0.000000,0.460000,0.000000,0.000000,0.000000,0.000000,0.000000
97.762001,0.000000,0.000000,0.430000,0.000000,0.000000,0.000000,0.000000,0.000000
97.766998,0.000000,0.000000,0.390000,0.000000,0.000000,0.000000,0.000000,0.000000
97.772003,0.000000,0.000000,0.350000,0.000000,0.000000,0.000000,0.000000,0.000000
97.777000,0.000000,0.000000,0.320000,0.000000,0.000000,0.000000,0.000000,0.000000
97.781998,0.000000,0.000000,0.290000,0.000000,0.000000,0.000000,0.000000,0.000000
97.787003,0.000000,0.000000,0.250000,0.000000,0.000000,0.000000,0.000000,0.000000
97.792000,0.000000,0.000000,0.210000,0.000000,0.000000,0.000000,0.000000,0.000000
97.796997,0.000000,0.000000,0.180000,0.000000,0.000000,0.000000,0.000000,0.000000
97.802002,0.000000,0.000000,0.130000,0.000000,0.000000,0.000000,0.000000,0.000000
97.806999,0.000000,0.000000,0.090000,0.000000,0.000000,0.000000,0.000000,0.000000
97.811996,0.000000,0.000000,0.050000,0.000000,0.000000,0.000000,0.000000,0.000000
97.817001,0.000000,0.000000,0.010000,0.000000,0.000000,0.000000,0.000000,0.000000
97.821999,0.000000,0.000000,-0.020000,0.000000,0.000000,0.000000,0.000000,0.000000
97.827003,0.000000,0.000000,-0.060000,0.000000,0.000000,0.000000,0.000000,0.000000
97.832001,0.000000,0.000000,-0.110000,0.000000,0.000000,0.000000,0.000000,0.000000
97.836998,0.000000,0.000000,-0.150000,0.000000,0.000000,0.000000,0.000000,0.000000
97.842003,0.000000,0.000000,-0.190000,0.000000,0.000000,0.000000,0.000000,0.000000
97.847000,0.000000,0.000000,-0.230000,0.000000,0.000000,0.000000,0.000000,0.000000
97.851997,0.000000,0.000000,-0.280000,0.000000,0.000000,0.000000,0.000000,0.000000
97.857002,0.000000,0.000000,-0.330000,0.000000,0.000000,0.000000,0.000000,0.000000
97.862000,0.000000,0.000000,-0.370000,0.000000,0.000000,0.000000,0.000000,0.000000
97.866997,0.000000,0.000000,-0.410000,0.000000,0.000000,0.000000,0.000000,0.000000
97.872002,0.000000,0.000000,-0.460000,0.000000,0.000000,0.000000,0.000000,0.000000
97.876999,0.000000,0.000000,-0.510000,0.000000,0.000000,0.000000,0.000000,0.000000
97.882004,0.000000,0.000000,-0.550000,0.000000,0.000000,0.000000,0.000000,0.000000
97.887001,0.000000,0.000000,-0.600000,0.000000,0.000000,0.000000,0.000000,0.000000
97.891998,0.000000,0.000000,-0.650000,0.000000,0.000000,0.000000,0.000000,0.000000
97.897003,0.000000,0.000000,-0.690000,0.000000,0.000000,0.000000,0.000000,0.000000
97.902000,0.000000,0.000000,-0.740000,0.000000,0.000000,0.000000,0.000000,0.000000
97.906998,0.000000,0.000000,-0.790000,0.000000,0.000000,0.000000,0.000000,0.000000
97.912003,0.000000,0.000000,-0.830000,0.000000,0.000000,0.000000,0.000000,0.000000
97.917000,0.000000,0.000000,-0.880000,0.000000,0.000000,0.000000,0.000000,0.000000
97.921997,0.000000,0.000000,-0.930000,0.000000,0.000000,0.000000,0.000000,0.000000
97.927002,0.000000,0.000000,-0.970000,0.000000,0.000000,0.000000,0.000000,0.000000
97.931999,0.000000,0.000000,-1.020000,0.000000,0.000000,0.000000,0.000000,0.000000
97.936996,0.000000,0.000000,-1.070000,0.000000,0.000000,0.000000,0.000000,0.000000
97.942001,0.000000,0.000000,-1.110000,0.000000,0.000000,0.000000,0.000000,0.000000
97.946999,0.000000,0.000000,-1.160000,0.000000,0.000000,0.000000,0.000000,0.000000
97.952003,0.000000,0.000000,-1.200000,0.000000,0.000000,0.000000,0.000000,0.000000
97.957001,0.000000,0.000000,-1.240000,0.000000,0.000000,0.000000,0.000000,0.000000
97.961998,0.000000,0.000000,-1.290000,0.000000,0.000000,0.000000,0.000000,0.000000
97.967003,0.000000,0.000000,-1.330000,0.000000,0.000000,0.000000,0.000000,0.000000
97.972000,0.000000,0.000000,-1.370000,0.000000,0.000000,0.000000,0.000000,0.000000
97.976997,0.000000,0.000000,-1.410000,0.000000,0.000000,0.000000,0.000000,0.000000
97.982002,0.000000,0.000000,-1.450000,0.000000,0.000000,0.000000,0.000000,0.000000
97.987000,0.000000,0.000000,-1.490000,0.000000,0.000000,0.000000,0.000000,0.000000
97.991997,0.000000,0.000000,-1.530000,0.000000,0.000000,0.000000,0.000000,0.000000
97.997002,0.000000,0.000000,-1.570000,0.000000,0.000000,0.000000,0.000000,0.000000
98.001999,0.000000,0.000000,-1.600000,0.000000,0.000000,0.000000,0.000000,0.000000
98.007004,0.000000,0.000000,-1.640000,0.000000,0.000000,0.000000,0.000000,0.000000
98.012001,0.000000,0.000000,-1.660000,0.000000,0.000000,0.000000,0.000000,0.000000
98.016998,0.000000,0.000000,-1.690000,0.000000,0.000000,0.000000,0.000000,0.000000
98.022003,0.000000,0.000000,-1.720000,0.000000,0.000000,0.000000,0.000000,0.000000
98.027000,0.000000,0.000000,-1.750000,0.000000,0.000000,0.000000,0.000000,0.000000
98.031998,0.000000,0.000000,-1.760000,0.000000,0.000000,0.000000,0.000000,0.000000
98.037003,0.000000,0.000000,-1.790000,0.000000,0.000000,0.000000,0.000000,0.000000
98.042000,0.000000,0.000000,-1.810000,0.000000,0.000000,0.000000,0.000000,0.000000
98.046997,0.000000,0.000000,-1.830000,0.000000,0.000000,0.000000,0.000000,0.000000
98.052002,0.000000,0.000000,-1.850000,0.000000,0.000000,0.000000,0.000000,0.000000
98.056999,0.000000,0.000000,-1.870000,0.000000,0.000000,0.000000,0.000000,0.000000
98.061996,0.000000,0.000000,-1.900000,0.000000,0.000000,0.000000,0.000000,0.000000
98.067001,0.000000,0.000000,-1.920000,0.000000,0.000000,0.000000,0.000000,0.000000
98.071999,0.000000,0.000000,-1.930000,0.000000,0.000000,0.000000,0.000000,0.000000
98.077003,0.000000,0.000000,-1.950000,0.000000,0.000000,0.000000,0.000000,0.000000
98.082001,0.000000,0.000000,-1.960000,0.000000,0.000000,0.000000,0.000000,0.000000
98.086998,0.000000,0.000000,-1.970000,0.000000,0.000000,0.000000,0.000000,0.000000
98.092003,0.000000,0.000000,-1.990000,0.000000,0.000000,0.000000,0.000000,0.000000
98.097000,0.000000,0.000000,-2.000000,0.000000,0.000000,0.000000,0.000000,0.000000
98.101997,0.000000,0.000000,-2.010000,0.000000,0.000000,0.000000,0.000000,0.000000
98.107002,0.000000,0.000000,-2.020000,0.000000,0.000000,0.000000,0.000000,0.000000
98.112000,0.000000,0.000000,-2.020000,0.000000,0.000000,0.000000,0.000000,0.000000
98.116997,0.000000,0.000000,-2.030000,0.000000,0.000000,0.000000,0.000000,0.000000
98.122002,0.000000,0.000000,-2.040000,0.000000,0.000000,0.000000,0.000000,0.000000
98.126999,0.000000,0.000000,-2.040000,0.000000,0.000000,0.000000,0.000000,0.000000
98.132004,0.000000,0.000000,-2.040000,0.000000,0.000000,0.000000,0.000000,0.000000
98.137001,0.000000,0.000000,-2.040000,0.000000,0.000000,0.000000,0.000000,0.000000
98.141998,0.000000,0.000000,-2.030000,0.000000,0.000000,0.000000,0.000000,0.000000
98.147003,0.000000,0.000000,-2.010000,0.000000,0.000000,0.000000,0.000000,0.000000
98.152000,0.000000,0.000000,-1.980000,0.000000,0.000000,0.000000,0.000000,0.000000
98.156998,0.000000,0.000000,-1.930000,0.000000,0.000000,0.000000,0.000000,0.000000
98.162003,0.000000,0.000000,-1.870000,0.000000,0.000000,0.000000,0.000000,0.000000
98.167000,0.000000,0.000000,-1.810000,0.000000,0.000000,0.000000,0.000000,0.000000
98.171997,0.000000,0.000000,-1.730000,0.000000,0.000000,0.000000,0.000000,0.000000
98.177002,0.000000,0.000000,-1.630000,0.000000,0.000000,0.000000,0.000000,0.000000
98.181999,0.000000,0.000000,-1.530000,0.000000,0.000000,0.000000,0.000000,0.000000
98.186996,0.000000,0.000000,-1.420000,0.000000,0.000000,0.000000,0.000000,0.000000
98.192001,0.000000,0.000000,-1.320000,0.000000,0.000000,0.000000,0.000000,0.000000
98.196999,0.000000,0.000000,-1.200000,0.000000,0.000000,0.000000,0.000000,0.000000
98.202003,0.000000,0.000000,-1.090000,0.000000,0.000000,0.000000,0.000000,0.000000
98.207001,0.000000,0.000000,-0.980000,0.000000,0.000000,0.000000,0.000000,0.000000
98.211998,0.000000,0.000000,-0.870000,0.000000,0.000000,0.000000,0.000000,0.000000
98.217003,0.000000,0.000000,-0.760000,0.000000,0.000000,0.000000,0.000000,0.000000
98.222000,0.000000,0.000000,-0.650000,0.000000,0.000000,0.000000,0.000000,0.000000
98.226997,0.000000,0.000000,-0.550000,0.000000,0.000000,0.000000,0.000000,0.000000
98.232002,0.000000,0.000000,-0.460000,0.000000,0.000000,0.000000,0.000000,0.000000
98.237000,0.000000,0.000000,-0.360000,0.000000,0.000000,0.000000,0.000000,0.000000
98.241997,0.000000,0.000000,-0.280000,0.000000,0.000000,0.000000,0.000000,0.000000
98.247002,0.000000,0.000000,-0.200000,0.000000,0.000000,0.000000,0.000000,0.000000
98.251999,0.000000,0.000000,-0.120000,0.000000,0.000000,0.000000,0.000000,0.000000
98.257004,0.000000,0.000000,-0.050000,0.000000,0.000000,0.000000,0.000000,0.000000
98.262001,0.000000,0.000000,0.010000,0.000000,0.000000,0.000000,0.000000,0.000000
98.266998,0.000000,0.000000,0.060000,0.000000,0.000000,0.000000,0.000000,0.000000
98.272003,0.000000,0.000000,0.110000,0.000000,0.000000,0.000000,0.000000,0.000000
98.277000,0.000000,0.000000,0.140000,0.000000,0.000000,0.000000,0.000000,0.000000
98.281998,0.000000,0.000000,0.160000,0.000000,0.000000,0.000000,0.000000,0.000000
98.287003,0.000000,0.000000,0.180000,0.000000,0.000000,0.000000,0.000000,0.000000
98.292000,0.000000,0.000000,0.180000,0.000000,0.000000,0.000000,0.000000,0.000000
98.296997,0.000000,0.000000,0.180000,0.000000,0.000000,0.000000,0.000000,0.000000
98.302002,0.000000,0.000000,0.170000,0.000000,0.000000,0.000000,0.000000,0.000000
98.306999,0.000000,0.000000,0.150000,0.000000,0.000000,0.000000,0.000000,0.000000
98.311996,0.000000,0.000000,0.120000,0.000000,0.000000,0.000000,0.000000,0.000000
98.317001,0.000000,0.000000,0.090000,0.000000,0.000000,0.000000,0.000000,0.000000
98.321999,0.000000,0.000000,0.060000,0.000000,0.000000,0.000000,0.000000,0.000000
98.327003,0.000000,0.000000,0.020000,0.000000,0.000000,0.000000,0.000000,0.000000
98.332001,0.000000,0.000000,-0.020000,0.000000,0.000000,0.000000,0.000000,0.000000
98.336998,0.000000,0.000000,-0.050000,0.000000,0.000000,0.000000,0.000000,0.000000
98.342003,0.000000,0.000000,-0.090000,0.000000,0.000000,0.000000,0.000000,0.000000
98.347000,0.000000,0.000000,-0.120000,0.000000,0.000000,0.000000,0.000000,0.000000
98.351997,0.000000,0.000000,-0.150000,0.000000,0.000000,0.000000,0.000000,0.000000
98.357002,0.000000,0.000000,-0.180000,0.000000,0.000000,0.000000,0.000000,0.000000
98.362000,0.000000,0.000000,-0.210000,0.000000,0.000000,0.000000,0.000000,0.000000
98.366997,0.000000,0.000000,-0.240000,0.000000,0.000000,0.000000,0.000000,0.000000
98.372002,0.000000,0.000000,-0.260000,0.000000,0.000000,0.000000,0.000000,0.000000
98.376999,0.000000,0.000000,-0.290000,0.000000,0.000000,0.000000,0.000000,0.000000
98.382004,0.000000,0.000000,-0.310000,0.000000,0.000000,0.000000,0.000000,0.000000
98.387001,0.000000,0.000000,-0.340000,0.000000,0.000000,0.000000,0.000000,0.000000
98.391998,0.000000,0.000000,-0.350000,0.000000,0.000000,0.000000,0.000000,0.000000
98.397003,0.000000,0.000000,-0.370000,0.000000,0.000000,0.000000,0.000000,0.000000
98.402000,0.000000,0.000000,-0.380000,0.000000,0.000000,0.000000,0.000000,0.000000
98.406998,0.000000,0.000000,-0.380000,0.000000,0.000000,0.000000,0.000000,0.000000
98.412003,0.000000,0.000000,-0.380000,0.000000,0.000000,0.000000,0.000000,0.000000
98.417000,0.000000,0.000000,-0.380000,0.000000,0.000000,0.000000,0.000000,0.000000
98.421997,0.000000,0.000000,-0.380000,0.000000,0.000000,0.000000,0.000000,0.000000
98.427002,0.000000,0.000000,-0.370000,0.000000,0.000000,0.000000,0.000000,0.000000
98.431999,0.000000,0.000000,-0.350000,0.000000,0.000000,0.000000,0.000000,0.000000
98.436996,0.000000,0.000000,-0.340000,0.000000,0.000000,0.000000,0.000000,0.000000
98.442001,0.000000,0.000000,-0.320000,0.000000,0.000000,0.000000,0.000000,0.000000
98.446999,0.000000,0.000000,-0.300000,0.000000,0.000000,0.000000,0.000000,0.000000
98.452003,0.000000,0.000000,-0.290000,0.000000,0.000000,0.000000,0.000000,0.000000
98.457001,0.000000,0.000000,-0.270000,0.000000,0.000000,0.000000,0.000000,0.000000
98.461998,0.000000,0.000000,-0.260000,0.000000,0.000000,0.000000,0.000000,0.000000
98.467003,0.000000,0.000000,-0.250000,0.000000,0.000000,0.000000,0.000000,0.000000
98.472000,0.000000,0.000000,-0.240000,0.000000,0.000000,0.000000,0.000000,0.000000
98.476997,0.000000,0.000000,-0.230000,0.000000,0.000000,0.000000,0.000000,0.000000
98.482002,0.000000,0.000000,-0.220000,0.000000,0.000000,0.000000,0.000000,0.000000
98.487000,0.000000,0.000000,-0.210000,0.000000,0.000000,0.000000,0.000000,0.000000
98.491997,0.000000,0.000000,-0.200000,0.000000,0.000000,0.000000,0.000000,0.000000
98.497002,0.000000,0.000000,-0.200000,0.000000,0.000000,0.000000,0.000000,0.000000
98.501999,0.000000,0.000000,-0.190000,0.000000,0.000000,0.000000,0.000000,0.000000
98.507004,0.000000,0.000000,-0.190000,0.000000,0.000000,0.000000,0.000000,0.000000
98.512001,0.000000,0.000000,-0.190000,0.000000,0.000000,0.000000,0.000000,0.000000
98.516998,0.000000,0.000000,-0.190000,0.000000,0.000000,0.000000,0.000000,0.000000
98.522003,0.000000,0.000000,-0.190000,0.000000,0.000000,0.000000,0.000000,0.000000
98.527000,0.000000,0.000000,-0.180000,0.000000,0.000000,0.000000,0.000000,0.000000
98.531998,0.000000,0.000000,-0.180000,0.000000,0.000000,0.000000,0.000000,0.000000
98.537003,0.000000,0.000000,-0.180000,0.000000,0.000000,0.000000,0.000000,0.000000
98.542000,0.000000,0.000000,-0.190000,0.000000,0.000000,0.000000,0.000000,0.000000
98.546997,0.000000,0.000000,-0.190000,0.000000,0.000000,0.000000,0.000000,0.000000
98.552002,0.000000,0.000000,-0.200000,0.000000,0.000000,0.000000,0.000000,0.000000
98.556999,0.000000,0.000000,-0.200000,0.000000,0.000000,0.000000,0.000000,0.000000
98.561996,0.000000,0.000000,-0.210000,0.000000,0.000000,0.000000,0.000000,0.000000
98.567001,0.000000,0.000000,-0.210000,0.000000,0.000000,0.000000,0.000000,0.000000
98.571999,0.000000,0.000000,-0.220000,0.000000,0.000000,0.000000,0.000000,0.000000
98.577003,0.000000,0.000000,-0.230000,0.000000,0.000000,0.000000,0.000000,0.000000
98.582001,0.000000,0.000000,-0.230000,0.000000,0.000000,0.000000,0.000000,0.000000
98.586998,0.000000,0.000000,-0.240000,0.000000,0.000000,0.000000,0.000000,0.000000
98.592003,0.000000,0.000000,-0.250000,0.000000,0.000000,0.000000,0.000000,0.000000
98.597000,0.000000,0.000000,-0.260000,0.000000,0.000000,0.000000,0.000000,0.000000
98.601997,0.000000,0.000000,-0.280000,0.000000,0.000000,0.000000,0.000000,0.000000
98.607002,0.000000,0.000000,-0.290000,0.000000,0.000000,0.000000,0.000000,0.000000
98.612000,0.000000,0.000000,-0.300000,0.000000,0.000000,0.000000,0.000000,0.000000
98.616997,0.000000,0.000000,-0.310000,0.000000,0.000000,0.000000,0.000000,0.000000
98.622002,0.000000,0.000000,-0.320000,0.000000,0.000000,0.000000,0.000000,0.000000
98.626999,0.000000,0.000000,-0.330000,0.000000,0.000000,0.000000,0.000000,0.000000
98.632004,0.000000,0.000000,-0.350000,0.000000,0.000000,0.000000,0.000000,0.000000
98.637001,0.000000,0.000000,-0.360000,0.000000,0.000000,0.000000,0.000000,0.000000
98.641998,0.000000,0.000000,-0.360000,0.000000,0.000000,0.000000,0.000000,0.000000
98.647003,0.000000,0.000000,-0.370000,0.000000,0.000000,0.000000,0.000000,0.000000
98.652000,0.000000,0.000000,-0.370000,0.000000,0.000000,0.000000,0.000000,0.000000
98.656998,0.000000,0.000000,-0.370000,0.000000,0.000000,0.000000,0.000000,0.000000
98.662003,0.000000,0.000000,-0.370000,0.000000,0.000000,0.000000,0.000000,0.000000
98.667000,0.000000,0.000000,-0.370000,0.000000,0.000000,0.000000,0.000000,0.000000
98.671997,0.000000,0.000000,-0.370000,0.000000,0.000000,0.000000,0.000000,0.000000
98.677002,0.000000,0.000000,-0.360000,0.000000,0.000000,0.000000,0.000000,0.000000
98.681999,0.000000,0.000000,-0.350000,0.000000,0.000000,0.000000,0.000000,0.000000
98.686996,0.000000,0.000000,-0.350000,0.000000,0.000000,0.000000,0.000000,0.000000
98.692001,0.000000,0.000000,-0.340000,0.000000,0.000000,0.000000,0.000000,0.000000
98.696999,0.000000,0.000000,-0.330000,0.000000,0.000000,0.000000,0.000000,0.000000
98.702003,0.000000,0.000000,-0.320000,0.000000,0.000000,0.000000,0.000000,0.000000
98.707001,0.000000,0.000000,-0.310000,0.000000,0.000000,0.000000,0.000000,0.000000
98.711998,0.000000,0.000000,-0.300000,0.000000,0.000000,0.000000,0.000000,0.000000
98.717003,0.000000,0.000000,-0.300000,0.000000,0.000000,0.000000,0.000000,0.000000
98.722000,0.000000,0.000000,-0.290000,0.000000,0.000000,0.000000,0.000000,0.000000
98.726997,0.000000,0.000000,-0.280000,0.000000,0.000000,0.000000,0.000000,0.000000
98.732002,0.000000,0.000000,-0.270000,0.000000,0.000000,0.000000,0.000000,0.000000
98.737000,0.000000,0.000000,-0.270000,0.000000,0.000000,0.000000,0.000000,0.000000
98.741997,0.000000,0.000000,-0.270000,0.000000,0.000000,0.000000,0.000000,0.000000
98.747002,0.000000,0.000000,-0.270000,0.000000,0.000000,0.000000,0.000000,0.000000
98.751999,0.000000,0.000000,-0.270000,0.000000,0.000000,0.000000,0.000000,0.000000
98.757004,0.000000,0.000000,-0.270000,0.000000,0.000000,0.000000,0.000000,0.000000
98.762001,0.000000,0.000000,-0.280000,0.000000,0.000000,0.000000,0.000000,0.000000
98.766998,0.000000,0.000000,-0.290000,0.000000,0.000000,0.000000,0.000000,0.000000
98.772003,0.000000,0.000000,-0.300000,0.000000,0.000000,0.000000,0.000000,0.000000
98.777000,0.000000,0.000000,-0.310000,0.000000,0.000000,0.000000,0.000000,0.000000
98.781998,0.000000,0.000000,-0.330000,0.000000,0.000000,0.000000,0.000000,0.000000
98.787003,0.000000,0.000000,-0.350000,0.000000,0.000000,0.000000,0.000000,0.000000
98.792000,0.000000,0.000000,-0.370000,0.000000,0.000000,0.000000,0.000000,0.000000
98.796997,0.000000,0.000000,-0.390000,0.000000,0.000000,0.000000,0.000000,0.000000
98.802002,0.000000,0.000000,-0.420000,0.000000,0.000000,0.000000,0.000000,0.000000
98.806999,0.000000,0.000000,-0.450000,0.000000,0.000000,0.000000,0.000000,0.000000
98.811996,0.000000,0.000000,-0.480000,0.000000,0.000000,0.000000,0.000000,0.000000
98.817001,0.000000,0.000000,-0.520000,0.000000,0.000000,0.000000,0.000000,0.000000
98.821999,0.000000,0.000000,-0.550000,0.000000,0.000000,0.000000,0.000000,0.000000
98.827003,0.000000,0.000000,-0.600000,0.000000,0.000000,0.000000,0.000000,0.000000
98.832001,0.000000,0.000000,-0.650000,0.000000,0.000000,0.000000,0.000000,0.000000
98.836998,0.000000,0.000000,-0.710000,0.000000,0.000000,0.000000,0.000000,0.000000
98.842003,0.000000,0.000000,-0.780000,0.000000,0.000000,0.000000,0.000000,0.000000
98.847000,0.000000,0.000000,-0.840000,0.000000,0.000000,0.000000,0.000000,0.000000
98.851997,0.000000,0.000000,-0.910000,0.000000,0.000000,0.000000,0.000000,0.000000
98.857002,0.000000,0.000000,-0.980000,0.000000,0.000000,0.000000,0.000000,0.000000
98.862000,0.000000,0.000000,-1.030000,0.000000,0.000000,0.000000,0.000000,0.000000
98.866997,0.000000,0.000000,-1.080000,0.000000,0.000000,0.000000,0.000000,0.000000
98.872002,0.000000,0.000000,-1.120000,0.000000,0.000000,0.000000,0.000000,0.000000
98.876999,0.000000,0.000000,-1.160000,0.000000,0.000000,0.000000,0.000000,0.000000
98.882004,0.000000,0.000000,-1.190000,0.000000,0.000000,0.000000,0.000000,0.000000
98.887001,0.000000,0.000000,-1.220000,0.000000,0.000000,0.000000,0.000000,0.000000
98.891998,0.000000,0.000000,-1.240000,0.000000,0.000000,0.000000,0.000000,0.000000
98.897003,0.000000,0.000000,-1.250000,0.000000,0.000000,0.000000,0.000000,0.000000
98.902000,0.000000,0.000000,-1.260000,0.000000,0.000000,0.000000,0.000000,0.000000
98.906998,0.000000,0.000000,-1.270000,0.000000,0.000000,0.000000,0.000000,0.000000
98.912003,0.000000,0.000000,-1.270000,0.000000,0.000000,0.000000,0.000000,0.000000
98.917000,0.000000,0.000000,-1.260000,0.000000,0.000000,0.000000,0.000000,0.000000
98.921997,0.000000,0.000000,-1.250000,0.000000,0.000000,0.000000,0.000000,0.000000
98.927002,0.000000,0.000000,-1.240000,0.000000,0.000000,0.000000,0.000000,0.000000
98.931999,0.000000,0.000000,-1.220000,0.000000,0.000000,0.000000,0.000000,0.000000
98.936996,0.000000,0.000000,-1.200000,0.000000,0.000000,0.000000,0.000000,0.000000
98.942001,0.000000,0.000000,-1.180000,0.000000,0.000000,0.000000,0.000000,0.000000
98.946999,0.000000,0.000000,-1.170000,0.000000,0.000000,0.000000,0.000000,0.000000
98.952003,0.000000,0.000000,-1.150000,0.000000,0.000000,0.000000,0.000000,0.000000
98.957001,0.000000,0.000000,-1.130000,0.000000,0.000000,0.000000,0.000000,0.000000
98.961998,0.000000,0.000000,-1.120000,0.000000,0.000000,0.000000,0.000000,0.000000
98.967003,0.000000,0.000000,-1.080000,0.000000,0.000000,0.000000,0.000000,0.000000
98.972000,0.000000,0.000000,-1.050000,0.000000,0.000000,0.000000,0.000000,0.000000
98.976997,0.000000,0.000000,-1.030000,0.000000,0.000000,0.000000,0.000000,0.000000
98.982002,0.000000,0.000000,-1.000000,0.000000,0.000000,0.000000,0.000000,0.000000
98.987000,0.000000,0.000000,-0.970000,0.000000,0.000000,0.000000,0.000000,0.000000
98.991997,0.000000,0.000000,-0.930000,0.000000,0.000000,0.000000,0.000000,0.000000
98.997002,0.000000,0.000000,-0.890000,0.000000,0.000000,0.000000,0.000000,0.000000
99.001999,0.000000,0.000000,-0.860000,0.000000,0.000000,0.000000,0.000000,0.000000
99.007004,0.000000,0.000000,-0.820000,0.000000,0.000000,0.000000,0.000000,0.000000
99.012001,0.000000,0.000000,-0.780000,0.000000,0.000000,0.000000,0.000000,0.000000
99.016998,0.000000,0.000000,-0.740000,0.000000,0.000000,0.000000,0.000000,0.000000
99.022003,0.000000,0.000000,-0.700000,0.000000,0.000000,0.000000,0.000000,0.000000
99.027000,0.000000,0.000000,-0.670000,0.000000,0.000000,0.000000,0.000000,0.000000
99.031998,0.000000,0.000000,-0.640000,0.000000,0.000000,0.000000,0.000000,0.000000
99.037003,0.000000,0.000000,-0.610000,0.000000,0.000000,0.000000,0.000000,0.000000
99.042000,0.000000,0.000000,-0.590000,0.000000,0.000000,0.000000,0.000000,0.000000
99.046997,0.000000,0.000000,-0.580000,0.000000,0.000000,0.000000,0.000000,0.000000
99.052002,0.000000,0.000000,-0.590000,0.000000,0.000000,0.000000,0.000000,0.000000
99.056999,0.000000,0.000000,-0.670000,0.000000,0.000000,0.000000,0.000000,0.000000
99.061996,0.000000,0.000000,-0.690000,0.000000,0.000000,0.000000,0.000000,0.000000
99.067001,0.000000,0.000000,-0.700000,0.000000,0.000000,0.000000,0.000000,0.000000
99.071999,0.000000,0.000000,-0.650000,0.000000,0.000000,0.000000,0.000000,0.000000
99.077003,0.000000,0.000000,-0.660000,0.000000,0.000000,0.000000,0.000000,0.000000
99.082001,0.000000,0.000000,-0.700000,0.000000,0.000000,0.000000,0.000000,0.000000
99.086998,0.000000,0.000000,-0.740000,0.000000,0.000000,0.000000,0.000000,0.000000
99.092003,0.000000,0.000000,-0.790000,0.000000,0.000000,0.000000,0.000000,0.000000
99.097000,0.000000,0.000000,-0.810000,0.000000,0.000000,0.000000,0.000000,0.000000
99.101997,0.000000,0.000000,-0.900000,0.000000,0.000000,0.000000,0.000000,0.000000
99.107002,0.000000,0.000000,-0.990000,0.000000,0.000000,0.000000,0.000000,0.000000
99.112000,0.000000,0.000000,-1.080000,0.000000,0.000000,0.000000,0.000000,0.000000
99.116997,0.000000,0.000000,-1.190000,0.000000,0.000000,0.000000,0.000000,0.000000
99.122002,0.000000,0.000000,-1.280000,0.000000,0.000000,0.000000,0.000000,0.000000
99.126999,0.000000,0.000000,-1.370000,0.000000,0.000000,0.000000,0.000000,0.000000
99.132004,0.000000,0.000000,-1.460000,0.000000,0.000000,0.000000,0.000000,0.000000
99.137001,0.000000,0.000000,-1.540000,0.000000,0.000000,0.000000,0.000000,0.000000
99.141998,0.000000,0.000000,-1.640000,0.000000,0.000000,0.000000,0.000000,0.000000
99.147003,0.000000,0.000000,-1.720000,0.000000,0.000000,0.000000,0.000000,0.000000
99.152000,0.000000,0.000000,-1.800000,0.000000,0.000000,0.000000,0.000000,0.000000
99.156998,0.000000,0.000000,-1.870000,0.000000,0.000000,0.000000,0.000000,0.000000
99.162003,0.000000,0.000000,-1.940000,0.000000,0.000000,0.000000,0.000000,0.000000
99.167000,0.000000,0.000000,-2.010000,0.000000,0.000000,0.000000,0.000000,0.000000
99.171997,0.000000,0.000000,-2.070000,0.000000,0.000000,0.000000,0.000000,0.000000
99.177002,0.000000,0.000000,-2.130000,0.000000,0.000000,0.000000,0.000000,0.000000
99.181999,0.000000,0.000000,-2.190000,0.000000,0.000000,0.000000,0.000000,0.000000
99.186996,0.000000,0.000000,-2.250000,0.000000,0.000000,0.000000,0.000000,0.000000
99.192001,0.000000,0.000000,-2.310000,0.000000,0.000000,0.000000,0.000000,0.000000
99.196999,0.000000,0.000000,-2.370000,0.000000,0.000000,0.000000,0.000000,0.000000
99.202003,0.000000,0.000000,-2.430000,0.000000,0.000000,0.000000,0.000000,0.000000
99.207001,0.000000,0.000000,-2.480000,0.000000,0.000000,0.000000,0.000000,0.000000
99.211998,0.000000,0.000000,-2.540000,0.000000,0.000000,0.000000,0.000000,0.000000
99.217003,0.000000,0.000000,-2.600000,0.000000,0.000000,0.000000,0.000000,0.000000
99.222000,0.000000,0.000000,-2.650000,0.000000,0.000000,0.000000,0.000000,0.000000
99.226997,0.000000,0.000000,-2.710000,0.000000,0.000000,0.000000,0.000000,0.000000
99.232002,0.000000,0.000000,-2.770000,0.000000,0.000000,0.000000,0.000000,0.000000
99.237000,0.000000,0.000000,-2.830000,0.000000,0.000000,0.000000,0.000000,0.000000
99.241997,0.000000,0.000000,-2.890000,0.000000,0.000000,0.000000,0.000000,0.000000
99.247002,0.000000,0.000000,-2.950000,0.000000,0.000000,0.000000,0.000000,0.000000
99.251999,0.000000,0.000000,-3.010000,0.000000,0.000000,0.000000,0.000000,0.000000
99.257004,0.000000,0.000000,-3.070000,0.000000,0.000000,0.000000,0.000000,0.000000
99.262001,0.000000,0.000000,-3.140000,0.000000,0.000000,0.000000,0.000000,0.000000
99.266998,0.000000,0.000000,-3.210000,0.000000,0.000000,0.000000,0.000000,0.000000
99.272003,0.000000,0.000000,-3.280000,0.000000,0.000000,0.000000,0.000000,0.000000
99.277000,0.000000,0.000000,-3.340000,0.000000,0.000000,0.000000,0.000000,0.000000
99.281998,0.000000,0.000000,-3.410000,0.000000,0.000000,0.000000,0.000000,0.000000
99.287003,0.000000,0.000000,-3.490000,0.000000,0.000000,0.000000,0.000000,0.000000
99.292000,0.000000,0.000000,-3.560000,0.000000,0.000000,0.000000,0.000000,0.000000
99.296997,0.000000,0.000000,-3.650000,0.000000,0.000000,0.000000,0.000000,0.000000
99.302002,0.000000,0.000000,-3.740000,0.000000,0.000000,0.000000,0.000000,0.000000
99.306999,0.000000,0.000000,-3.830000,0.000000,0.000000,0.000000,0.000000,0.000000
99.311996,0.000000,0.000000,-3.950000,0.000000,0.000000,0.000000,0.000000,0.000000
99.317001,0.000000,0.000000,-4.150000,0.000000,0.000000,0.000000,0.000000,0.000000
99.321999,0.000000,0.000000,-4.260000,0.000000,0.000000,0.000000,0.000000,0.000000
99.327003,0.000000,0.000000,-4.260000,0.000000,0.000000,0.000000,0.000000,0.000000
99.332001,0.000000,0.000000,-4.280000,0.000000,0.000000,0.000000,0.000000,0.000000
99.336998,0.000000,0.000000,-4.380000,0.000000,0.000000,0.000000,0.000000,0.000000
99.342003,0.000000,0.000000,-4.520000,0.000000,0.000000,0.000000,0.000000,0.000000
99.347000,0.000000,0.000000,-4.610000,0.000000,0.000000,0.000000,0.000000,0.000000
99.351997,0.000000,0.000000,-4.660000,0.000000,0.000000,0.000000,0.000000,0.000000
99.357002,0.000000,0.000000,-4.720000,0.000000,0.000000,0.000000,0.000000,0.000000
99.362000,0.000000,0.000000,-4.810000,0.000000,0.000000,0.000000,0.000000,0.000000
99.366997,0.000000,0.000000,-4.890000,0.000000,0.000000,0.000000,0.000000,0.000000
99.372002,0.000000,0.000000,-4.950000,0.000000,0.000000,0.000000,0.000000,0.000000
99.376999,0.000000,0.000000,-4.990000,0.000000,0.000000,0.000000,0.000000,0.000000
99.382004,0.000000,0.000000,-5.040000,0.000000,0.000000,0.000000,0.000000,0.000000
99.387001,0.000000,0.000000,-5.090000,0.000000,0.000000,0.000000,0.000000,0.000000
99.391998,0.000000,0.000000,-5.120000,0.000000,0.000000,0.000000,0.000000,0.000000
99.397003,0.000000,0.000000,-5.130000,0.000000,0.000000,0.000000,0.000000,0.000000
99.402000,0.000000,0.000000,-5.130000,0.000000,0.000000,0.000000,0.000000,0.000000
99.406998,0.000000,0.000000,-5.140000,0.000000,0.000000,0.000000,0.000000,0.000000
99.412003,0.000000,0.000000,-5.130000,0.000000,0.000000,0.000000,0.000000,0.000000
99.417000,0.000000,0.000000,-5.120000,0.000000,0.000000,0.000000,0.000000,0.000000
99.421997,0.000000,0.000000,-5.090000,0.000000,0.000000,0.000000,0.000000,0.000000
99.427002,0.000000,0.000000,-5.060000,0.000000,0.000000,0.000000,0.000000,0.000000
99.431999,0.000000,0.000000,-5.030000,0.000000,0.000000,0.000000,0.000000,0.000000
99.436996,0.000000,0.000000,-4.990000,0.000000,0.000000,0.000000,0.000000,0.000000
99.442001,0.000000,0.000000,-4.940000,0.000000,0.000000,0.000000,0.000000,0.000000
99.446999,0.000000,0.000000,-4.880000,0.000000,0.000000,0.000000,0.000000,0.000000
99.452003,0.000000,0.000000,-4.820000,0.000000,0.000000,0.000000,0.000000,0.000000
99.457001,0.000000,0.000000,-4.750000,0.000000,0.000000,0.000000,0.000000,0.000000
99.461998,0.000000,0.000000,-4.680000,0.000000,0.000000,0.000000,0.000000,0.000000
99.467003,0.000000,0.000000,-4.630000,0.000000,0.000000,0.000000,0.000000,0.000000
99.472000,0.000000,0.000000,-4.570000,0.000000,0.000000,0.000000,0.000000,0.000000
99.476997,0.000000,0.000000,-4.500000,0.000000,0.000000,0.000000,0.000000,0.000000
99.482002,0.000000,0.000000,-4.430000,0.000000,0.000000,0.000000,0.000000,0.000000
99.487000,0.000000,0.000000,-4.370000,0.000000,0.000000,0.000000,0.000000,0.000000
99.491997,0.000000,0.000000,-4.310000,0.000000,0.000000,0.000000,0.000000,0.000000
99.497002,0.000000,0.000000,-4.260000,0.000000,0.000000,0.000000,0.000000,0.000000
99.501999,0.000000,0.000000,-4.200000,0.000000,0.000000,0.000000,0.000000,0.000000
99.507004,0.000000,0.000000,-4.150000,0.000000,0.000000,0.000000,0.000000,0.000000
99.512001,0.000000,0.000000,-4.100000,0.000000,0.000000,0.000000,0.000000,0.000000
99.516998,0.000000,0.000000,-4.050000,0.000000,0.000000,0.000000,0.000000,0.000000
99.522003,0.000000,0.000000,-4.000000,0.000000,0.000000,0.000000,0.000000,0.000000
99.527000,0.000000,0.000000,-3.960000,0.000000,0.000000,0.000000,0.000000,0.000000
99.531998,0.000000,0.000000,-3.930000,0.000000,0.000000,0.000000,0.000000,0.000000
99.537003,0.000000,0.000000,-3.900000,0.000000,0.000000,0.000000,0.000000,0.000000
99.542000,0.000000,0.000000,-3.870000,0.000000,0.000000,0.000000,0.000000,0.000000
99.546997,0.000000,0.000000,-3.850000,0.000000,0.000000,0.000000,0.000000,0.000000
99.552002,0.000000,0.000000,-3.830000,0.000000,0.000000,0.000000,0.000000,0.000000
99.556999,0.000000,0.000000,-3.810000,0.000000,0.000000,0.000000,0.000000,0.000000
99.561996,0.000000,0.000000,-3.790000,0.000000,0.000000,0.000000,0.000000,0.000000
99.567001,0.000000,0.000000,-3.780000,0.000000,0.000000,0.000000,0.000000,0.000000
99.571999,0.000000,0.000000,-3.760000,0.000000,0.000000,0.000000,0.000000,0.000000
99.577003,0.000000,0.000000,-3.750000,0.000000,0.000000,0.000000,0.000000,0.000000
99.582001,0.000000,0.000000,-3.750000,0.000000,0.000000,0.000000,0.000000,0.000000
99.586998,0.000000,0.000000,-3.750000,0.000000,0.000000,0.000000,0.000000,0.000000
99.592003,0.000000,0.000000,-3.760000,0.000000,0.000000,0.000000,0.000000,0.000000
99.597000,0.000000,0.000000,-3.780000,0.000000,0.000000,0.000000,0.000000,0.000000
99.601997,0.000000,0.000000,-3.830000,0.000000,0.000000,0.000000,0.000000,0.000000
99.607002,0.000000,0.000000,-3.890000,0.000000,0.000000,0.000000,0.000000,0.000000
99.612000,0.000000,0.000000,-3.950000,0.000000,0.000000,0.000000,0.000000,0.000000
99.616997,0.000000,0.000000,-3.970000,0.000000,0.000000,0.000000,0.000000,0.000000
99.622002,0.000000,0.000000,-3.970000,0.000000,0.000000,0.000000,0.000000,0.000000
99.626999,0.000000,0.000000,-4.000000,0.000000,0.000000,0.000000,0.000000,0.000000
99.632004,0.000000,0.000000,-4.040000,0.000000,0.000000,0.000000,0.000000,0.000000
99.637001,0.000000,0.000000,-4.080000,0.000000,0.000000,0.000000,0.000000,0.000000
99.641998,0.000000,0.000000,-4.090000,0.000000,0.000000,0.000000,0.000000,0.000000
99.647003,0.000000,0.000000,-4.060000,0.000000,0.000000,0.000000,0.000000,0.000000
99.652000,0.000000,0.000000,-4.020000,0.000000,0.000000,0.000000,0.000000,0.000000
99.656998,0.000000,0.000000,-3.940000,0.000000,0.000000,0.000000,0.000000,0.000000
99.662003,0.000000,0.000000,-3.850000,0.000000,0.000000,0.000000,0.000000,0.000000
99.667000,0.000000,0.000000,-3.760000,0.000000,0.000000,0.000000,0.000000,0.000000
99.671997,0.000000,0.000000,-3.610000,0.000000,0.000000,0.000000,0.000000,0.000000
99.677002,0.000000,0.000000,-3.490000,0.000000,0.000000,0.000000,0.000000,0.000000
99.681999,0.000000,0.000000,-3.420000,0.000000,0.000000,0.000000,0.000000,0.000000
99.686996,0.000000,0.000000,-3.300000,0.000000,0.000000,0.000000,0.000000,0.000000
99.692001,0.000000,0.000000,-3.240000,0.000000,0.000000,0.000000,0.000000,0.000000
99.696999,0.000000,0.000000,-3.100000,0.000000,0.000000,0.000000,0.000000,0.000000
99.702003,0.000000,0.000000,-2.900000,0.000000,0.000000,0.000000,0.000000,0.000000
99.707001,0.000000,0.000000,-2.700000,0.000000,0.000000,0.000000,0.000000,0.000000
99.711998,0.000000,0.000000,-2.530000,0.000000,0.000000,0.000000,0.000000,0.000000
99.717003,0.000000,0.000000,-2.320000,0.000000,0.000000,0.000000,0.000000,0.000000
99.722000,0.000000,0.000000,-1.970000,0.000000,0.000000,0.000000,0.000000,0.000000
99.726997,0.000000,0.000000,-1.580000,0.000000,0.000000,0.000000,0.000000,0.000000
99.732002,0.000000,0.000000,-1.230000,0.000000,0.000000,0.000000,0.000000,0.000000
99.737000,0.000000,0.000000,-0.940000,0.000000,0.000000,0.000000,0.000000,0.000000
99.741997,0.000000,0.000000,-0.670000,0.000000,0.000000,0.000000,0.000000,0.000000
99.747002,0.000000,0.000000,-0.400000,0.000000,0.000000,0.000000,0.000000,0.000000
99.751999,0.000000,0.000000,-0.170000,0.000000,0.000000,0.000000,0.000000,0.000000
99.757004,0.000000,0.000000,0.030000,0.000000,0.000000,0.000000,0.000000,0.000000
99.762001,0.000000,0.000000,0.180000,0.000000,0.000000,0.000000,0.000000,0.000000
99.766998,0.000000,0.000000,0.290000,0.000000,0.000000,0.000000,0.000000,0.000000
99.772003,0.000000,0.000000,0.340000,0.000000,0.000000,0.000000,0.000000,0.000000
99.777000,0.000000,0.000000,0.330000,0.000000,0.000000,0.000000,0.000000,0.000000
99.781998,0.000000,0.000000,0.270000,0.000000,0.000000,0.000000,0.000000,0.000000
99.787003,0.000000,0.000000,0.170000,0.000000,0.000000,0.000000,0.000000,0.000000
99.792000,0.000000,0.000000,0.030000,0.000000,0.000000,0.000000,0.000000,0.000000
99.796997,0.000000,0.000000,-0.120000,0.000000,0.000000,0.000000,0.000000,0.000000
99.802002,0.000000,0.000000,-0.290000,0.000000,0.000000,0.000000,0.000000,0.000000
99.806999,0.000000,0.000000,-0.450000,0.000000,0.000000,0.000000,0.000000,0.000000
99.811996,0.000000,0.000000,-0.550000,0.000000,0.000000,0.000000,0.000000,0.000000
99.817001,0.000000,0.000000,-0.620000,0.000000,0.000000,0.000000,0.000000,0.000000
99.821999,0.000000,0.000000,-0.660000,0.000000,0.000000,0.000000,0.000000,0.000000
99.827003,0.000000,0.000000,-0.690000,0.000000,0.000000,0.000000,0.000000,0.000000
99.832001,0.000000,0.000000,-0.690000,0.000000,0.000000,0.000000,0.000000,0.000000
99.836998,0.000000,0.000000,-0.700000,0.000000,0.000000,0.000000,0.000000,0.000000
99.842003,0.000000,0.000000,-0.680000,0.000000,0.000000,0.000000,0.000000,0.000000
99.847000,0.000000,0.000000,-0.660000,0.000000,0.000000,0.000000,0.000000,0.000000
99.851997,0.000000,0.000000,-0.640000,0.000000,0.000000,0.000000,0.000000,0.000000
99.857002,0.000000,0.000000,-0.660000,0.000000,0.000000,0.000000,0.000000,0.000000
99.862000,0.000000,0.000000,-0.630000,0.000000,0.000000,0.000000,0.000000,0.000000
99.866997,0.000000,0.000000,-0.550000,0.000000,0.000000,0.000000,0.000000,0.000000
99.872002,0.000000,0.000000,-0.500000,0.000000,0.000000,0.000000,0.000000,0.000000
99.876999,0.000000,0.000000,-0.460000,0.000000,0.000000,0.000000,0.000000,0.000000
99.882004,0.000000,0.000000,-0.430000,0.000000,0.000000,0.000000,0.000000,0.000000
99.887001,0.000000,0.000000,-0.380000,0.000000,0.000000,0.000000,0.000000,0.000000
99.891998,0.000000,0.000000,-0.360000,0.000000,0.000000,0.000000,0.000000,0.000000
99.897003,0.000000,0.000000,-0.330000,0.000000,0.000000,0.000000,0.000000,0.000000
99.902000,0.000000,0.000000,-0.350000,0.000000,0.000000,0.000000,0.000000,0.000000
99.906998,0.000000,0.000000,-0.370000,0.000000,0.000000,0.000000,0.000000,0.000000
99.912003,0.000000,0.000000,-0.440000,0.000000,0.000000,0.000000,0.000000,0.000000
99.917000,0.000000,0.000000,-0.490000,0.000000,0.000000,0.000000,0.000000,0.000000
99.921997,0.000000,0.000000,-0.580000,0.000000,0.000000,0.000000,0.000000,0.000000
99.927002,0.000000,0.000000,-0.670000,0.000000,0.000000,0.000000,0.000000,0.000000
99.931999,0.000000,0.000000,-0.700000,0.000000,0.000000,0.000000,0.000000,0.000000
99.936996,0.000000,0.000000,-0.830000,0.000000,0.000000,0.000000,0.000000,0.000000
99.942001,0.000000,0.000000,-0.920000,0.000000,0.000000,0.000000,0.000000,0.000000
99.946999,0.000000,0.000000,-1.000000,0.000000,0.000000,0.000000,0.000000,0.000000
99.952003,0.000000,0.000000,-1.020000,0.000000,0.000000,0.000000,0.000000,0.000000
99.957001,0.000000,0.000000,-1.040000,0.000000,0.000000,0.000000,0.000000,0.000000
99.961998,0.000000,0.000000,-1.020000,0.000000,0.000000,0.000000,0.000000,0.000000
99.967003,0.000000,0.000000,-0.990000,0.000000,0.000000,0.000000,0.000000,0.000000
99.972000,0.000000,0.000000,-0.950000,0.000000,0.000000,0.000000,0.000000,0.000000
99.976997,0.000000,0.000000,-0.930000,0.000000,0.000000,0.000000,0.000000,0.000000
99.982002,0.000000,0.000000,-0.910000,0.000000,0.000000,0.000000,0.000000,0.000000
99.987000,0.000000,0.000000,-0.890000,0.000000,0.000000,0.000000,0.000000,0.000000
99.991997,0.000000,0.000000,-0.910000,0.000000,0.000000,0.000000,0.000000,0.000000
99.997002,0.000000,0.000000,-0.920000,0.000000,0.000000,0.000000,0.000000,0.000000
100.001999,0.000000,0.000000,-0.920000,0.000000,0.000000,0.000000,0.000000,0.000000
100.007004,0.000000,0.000000,-0.900000,0.000000,0.000000,0.000000,0.000000,0.000000
100.012001,0.000000,0.000000,-0.850000,0.000000,0.000000,0.000000,0.000000,0.000000
100.016998,0.000000,0.000000,-0.790000,0.000000,0.000000,0.000000,0.000000,0.000000
100.022003,0.000000,0.000000,-0.710000,0.000000,0.000000,0.000000,0.000000,0.000000
100.027000,0.000000,0.000000,-0.620000,0.000000,0.000000,0.000000,0.000000,0.000000
100.031998,0.000000,0.000000,-0.510000,0.000000,0.000000,0.000000,0.000000,0.000000
100.037003,0.000000,0.000000,-0.410000,0.000000,0.000000,0.000000,0.000000,0.000000
100.042000,0.000000,0.000000,-0.310000,0.000000,0.000000,0.000000,0.000000,0.000000
100.046997,0.000000,0.000000,-0.240000,0.000000,0.000000,0.000000,0.000000,0.000000
100.052002,0.000000,0.000000,-0.180000,0.000000,0.000000,0.000000,0.000000,0.000000
100.056999,0.000000,0.000000,-0.150000,0.000000,0.000000,0.000000,0.000000,0.000000
100.061996,0.000000,0.000000,-0.150000,0.000000,0.000000,0.000000,0.000000,0.000000
100.067001,0.000000,0.000000,-0.200000,0.000000,0.000000,0.000000,0.000000,0.000000
100.071999,0.000000,0.000000,-0.260000,0.000000,0.000000,0.000000,0.000000,0.000000
100.077003,0.000000,0.000000,-0.360000,0.000000,0.000000,0.000000,0.000000,0.000000
100.082001,0.000000,0.000000,-0.480000,0.000000,0.000000,0.000000,0.000000,0.000000
100.086998,0.000000,0.000000,-0.600000,0.000000,0.000000,0.000000,0.000000,0.000000
100.092003,0.000000,0.000000,-0.730000,0.000000,0.000000,0.000000,0.000000,0.000000
100.097000,0.000000,0.000000,-0.860000,0.000000,0.000000,0.000000,0.000000,0.000000
100.101997,0.000000,0.000000,-0.990000,0.000000,0.000000,0.000000,0.000000,0.000000
100.107002,0.000000,0.000000,-1.110000,0.000000,0.000000,0.000000,0.000000,0.000000
100.112000,0.000000,0.000000,-1.210000,0.000000,0.000000,0.000000,0.000000,0.000000
100.116997,0.000000,0.000000,-1.310000,0.000000,0.000000,0.000000,0.000000,0.000000
100.122002,0.000000,0.000000,-1.400000,0.000000,0.000000,0.000000,0.000000,0.000000
100.126999,0.000000,0.000000,-1.480000,0.000000,0.000000,0.000000,0.000000,0.000000
100.132004,0.000000,0.000000,-1.560000,0.000000,0.000000,0.000000,0.000000,0.000000
100.137001,0.000000,0.000000,-1.650000,0.000000,0.000000,0.000000,0.000000,0.000000
100.141998,0.000000,0.000000,-1.740000,0.000000,0.000000,0.000000,0.000000,0.000000
100.147003,0.000000,0.000000,-1.840000,0.000000,0.000000,0.000000,0.000000,0.000000
100.152000,0.000000,0.000000,-1.950000,0.000000,0.000000,0.000000,0.000000,0.000000
100.156998,0.000000,0.000000,-2.080000,0.000000,0.000000,0.000000,0.000000,0.000000
100.162003,0.000000,0.000000,-2.220000,0.000000,0.000000,0.000000,0.000000,0.000000
100.167000,0.000000,0.000000,-2.390000,0.000000,0.000000,0.000000,0.000000,0.000000
100.171997,0.000000,0.000000,-2.590000,0.000000,0.000000,0.000000,0.000000,0.000000
100.177002,0.000000,0.000000,-2.840000,0.000000,0.000000,0.000000,0.000000,0.000000
100.181999,0.000000,0.000000,-3.100000,0.000000,0.000000,0.000000,0.000000,0.000000
100.186996,0.000000,0.000000,-3.360000,0.000000,0.000000,0.000000,0.000000,0.000000
100.192001,0.000000,0.000000,-3.640000,0.000000,0.000000,0.000000,0.000000,0.000000
100.196999,0.000000,0.000000,-3.910000,0.000000,0.000000,0.000000,0.000000,0.000000
100.202003,0.000000,0.000000,-4.150000,0.000000,0.000000,0.000000,0.000000,0.000000
100.207001,0.000000,0.000000,-4.400000,0.000000,0.000000,0.000000,0.000000,0.000000
100.211998,0.000000,0.000000,-4.620000,0.000000,0.000000,0.000000,0.000000,0.000000
100.217003,0.000000,0.000000,-4.810000,0.000000,0.000000,0.000000,0.000000,0.000000
100.222000,0.000000,0.000000,-4.960000,0.000000,0.000000,0.000000,0.000000,0.000000
100.226997,0.000000,0.000000,-5.070000,0.000000,0.000000,0.000000,0.000000,0.000000
100.232002,0.000000,0.000000,-5.130000,0.000000,0.000000,0.000000,0.000000,0.000000
100.237000,0.000000,0.000000,-5.170000,0.000000,0.000000,0.000000,0.000000,0.000000
100.241997,0.000000,0.000000,-5.150000,0.000000,0.000000,0.000000,0.000000,0.000000
100.247002,0.000000,0.000000,-5.180000,0.000000,0.000000,0.000000,0.000000,0.000000
100.251999,0.000000,0.000000,-5.250000,0.000000,0.000000,0.000000,0.000000,0.000000
100.257004,0.000000,0.000000,-5.290000,0.000000,0.000000,0.000000,0.000000,0.000000
100.262001,0.000000,0.000000,-5.390000,0.000000,0.000000,0.000000,0.000000,0.000000
100.266998,0.000000,0.000000,-5.530000,0.000000,0.000000,0.000000,0.000000,0.000000
100.272003,0.000000,0.000000,-5.680000,0.000000,0.000000,0.000000,0.000000,0.000000
100.277000,0.000000,0.000000,-5.880000,0.000000,0.000000,0.000000,0.000000,0.000000
100.281998,0.000000,0.000000,-6.110000,0.000000,0.000000,0.000000,0.000000,0.000000
100.287003,0.000000,0.000000,-6.360000,0.000000,0.000000,0.000000,0.000000,0.000000
100.292000,0.000000,0.000000,-6.660000,0.000000,0.000000,0.000000,0.000000,0.000000
100.296997,0.000000,0.000000,-6.960000,0.000000,0.000000,0.000000,0.000000,0.000000
100.302002,0.000000,0.000000,-7.260000,0.000000,0.000000,0.000000,0.000000,0.000000
100.306999,0.000000,0.000000,-7.570000,0.000000,0.000000,0.000000,0.000000,0.000000
100.311996,0.000000,0.000000,-7.840000,0.000000,0.000000,0.000000,0.000000,0.000000
100.317001,0.000000,0.000000,-8.120000,0.000000,0.000000,0.000000,0.000000,0.000000
100.321999,0.000000,0.000000,-8.380000,0.000000,0.000000,0.000000,0.000000,0.000000
100.327003,0.000000,0.000000,-8.600000,0.000000,0.000000,0.000000,0.000000,0.000000
100.332001,0.000000,0.000000,-8.800000,0.000000,0.000000,0.000000,0.000000,0.000000
100.336998,0.000000,0.000000,-8.960000,0.000000,0.000000,0.000000,0.000000,0.000000
100.342003,0.000000,0.000000,-9.100000,0.000000,0.000000,0.000000,0.000000,0.000000
100.347000,0.000000,0.000000,-9.190000,0.000000,0.000000,0.000000,0.000000,0.000000
100.351997,0.000000,0.000000,-9.270000,0.000000,0.000000,0.000000,0.000000,0.000000
100.357002,0.000000,0.000000,-9.330000,0.000000,0.000000,0.000000,0.000000,0.000000
100.362000,0.000000,0.000000,-9.340000,0.000000,0.000000,0.000000,0.000000,0.000000
100.366997,0.000000,0.000000,-9.340000,0.000000,0.000000,0.000000,0.000000,0.000000
100.372002,0.000000,0.000000,-9.330000,0.000000,0.000000,0.000000,0.000000,0.000000
100.376999,0.000000,0.000000,-9.340000,0.000000,0.000000,0.000000,0.000000,0.000000
100.382004,0.000000,0.000000,-9.360000,0.000000,0.000000,0.000000,0.000000,0.000000
100.387001,0.000000,0.000000,-9.410000,0.000000,0.000000,0.000000,0.000000,0.000000
100.391998,0.000000,0.000000,-9.440000,0.000000,0.000000,0.000000,0.000000,0.000000
100.397003,0.000000,0.000000,-9.510000,0.000000,0.000000,0.000000,0.000000,0.000000
100.402000,0.000000,0.000000,-9.590000,0.000000,0.000000,0.000000,0.000000,0.000000
100.406998,0.000000,0.000000,-9.680000,0.000000,0.000000,0.000000,0.000000,0.000000
100.412003,0.000000,0.000000,-9.770000,0.000000,0.000000,0.000000,0.000000,0.000000
100.417000,0.000000,0.000000,-9.880000,0.000000,0.000000,0.000000,0.000000,0.000000
100.421997,0.000000,0.000000,-10.020000,0.000000,0.000000,0.000000,0.000000,0.000000
100.427002,0.000000,0.000000,-10.200000,0.000000,0.000000,0.000000,0.000000,0.000000
100.431999,0.000000,0.000000,-10.410000,0.000000,0.000000,0.000000,0.000000,0.000000
100.436996,0.000000,0.000000,-10.700000,0.000000,0.000000,0.000000,0.000000,0.000000
100.442001,0.000000,0.000000,-11.020000,0.000000,0.000000,0.000000,0.000000,0.000000
100.446999,0.000000,0.000000,-11.370000,0.000000,0.000000,0.000000,0.000000,0.000000
100.452003,0.000000,0.000000,-11.740000,0.000000,0.000000,0.000000,0.000000,0.000000
100.457001,0.000000,0.000000,-12.130000,0.000000,0.000000,0.000000,0.000000,0.000000
100.461998,0.000000,0.000000,-12.540000,0.000000,0.000000,0.000000,0.000000,0.000000
100.467003,0.000000,0.000000,-12.950000,0.000000,0.000000,0.000000,0.000000,0.000000
100.472000,0.000000,0.000000,-13.370000,0.000000,0.000000,0.000000,0.000000,0.000000
100.476997,0.000000,0.000000,-13.780000,0.000000,0.000000,0.000000,0.000000,0.000000
100.482002,0.000000,0.000000,-14.200000,0.000000,0.000000,0.000000,0.000000,0.000000
100.487000,0.000000,0.000000,-14.630000,0.000000,0.000000,0.000000,0.000000,0.000000
100.491997,0.000000,0.000000,-15.080000,0.000000,0.000000,0.000000,0.000000,0.000000
100.497002,0.000000,0.000000,-15.520000,0.000000,0.000000,0.000000,0.000000,0.000000
100.501999,0.000000,0.000000,-15.980000,0.000000,0.000000,0.000000,0.000000,0.000000
100.507004,0.000000,0.000000,-16.430000,0.000000,0.000000,0.000000,0.000000,0.000000
100.512001,0.000000,0.000000,-16.900000,0.000000,0.000000,0.000000,0.000000,0.000000
100.516998,0.000000,0.000000,-17.340000,0.000000,0.000000,0.000000,0.000000,0.000000
100.522003,0.000000,0.000000,-17.750000,0.000000,0.000000,0.000000,0.000000,0.000000
100.527000,0.000000,0.000000,-18.160000,0.000000,0.000000,0.000000,0.000000,0.000000
100.531998,0.000000,0.000000,-18.520000,0.000000,0.000000,0.000000,0.000000,0.000000
100.537003,0.000000,0.000000,-18.790001,0.000000,0.000000,0.000000,0.000000,0.000000
100.542000,0.000000,0.000000,-18.990000,0.000000,0.000000,0.000000,0.000000,0.000000
100.546997,0.000000,0.000000,-19.110001,0.000000,0.000000,0.000000,0.000000,0.000000
100.552002,0.000000,0.000000,-19.150000,0.000000,0.000000,0.000000,0.000000,0.000000
100.556999,0.000000,0.000000,-19.160000,0.000000,0.000000,0.000000,0.000000,0.000000
100.561996,0.000000,0.000000,-19.120001,0.000000,0.000000,0.000000,0.000000,0.000000
100.567001,0.000000,0.000000,-19.080000,0.000000,0.000000,0.000000,0.000000,0.000000
100.571999,0.000000,0.000000,-19.000000,0.000000,0.000000,0.000000,0.000000,0.000000
100.577003,0.000000,0.000000,-18.879999,0.000000,0.000000,0.000000,0.000000,0.000000
100.582001,0.000000,0.000000,-18.760000,0.000000,0.000000,0.000000,0.000000,0.000000
100.586998,0.000000,0.000000,-18.670000,0.000000,0.000000,0.000000,0.000000,0.000000
100.592003,0.000000,0.000000,-18.580000,0.000000,0.000000,0.000000,0.000000,0.000000
100.597000,0.000000,0.000000,-18.510000,0.000000,0.000000,0.000000,0.000000,0.000000
100.601997,0.000000,0.000000,-18.469999,0.000000,0.000000,0.000000,0.000000,0.000000
100.607002,0.000000,0.000000,-18.440001,0.000000,0.000000,0.000000,0.000000,0.000000
100.612000,0.000000,0.000000,-18.430000,0.000000,0.000000,0.000000,0.000000,0.000000
100.616997,0.000000,0.000000,-18.440001,0.000000,0.000000,0.000000,0.000000,0.000000
100.622002,0.000000,0.000000,-18.459999,0.000000,0.000000,0.000000,0.000000,0.000000
100.626999,0.000000,0.000000,-18.480000,0.000000,0.000000,0.000000,0.000000,0.000000
100.632004,0.000000,0.000000,-18.510000,0.000000,0.000000,0.000000,0.000000,0.000000
100.637001,0.000000,0.000000,-18.549999,0.000000,0.000000,0.000000,0.000000,0.000000
100.641998,0.000000,0.000000,-18.590000,0.000000,0.000000,0.000000,0.000000,0.000000
100.647003,0.000000,0.000000,-18.610001,0.000000,0.000000,0.000000,0.000000,0.000000
100.652000,0.000000,0.000000,-18.639999,0.000000,0.000000,0.000000,0.000000,0.000000
100.656998,0.000000,0.000000,-18.670000,0.000000,0.000000,0.000000,0.000000,0.000000
100.662003,0.000000,0.000000,-18.719999,0.000000,0.000000,0.000000,0.000000,0.000000
100.667000,0.000000,0.000000,-18.790001,0.000000,0.000000,0.000000,0.000000,0.000000
100.671997,0.000000,0.000000,-18.940001,0.000000,0.000000,0.000000,0.000000,0.000000
100.677002,0.000000,0.000000,-19.080000,0.000000,0.000000,0.000000,0.000000,0.000000
100.681999,0.000000,0.000000,-19.230000,0.000000,0.000000,0.000000,0.000000,0.000000
100.686996,0.000000,0.000000,-19.430000,0.000000,0.000000,0.000000,0.000000,0.000000
100.692001,0.000000,0.000000,-19.650000,0.000000,0.000000,0.000000,0.000000,0.000000
100.696999,0.000000,0.000000,-19.870001,0.000000,0.000000,0.000000,0.000000,0.000000
100.702003,0.000000,0.000000,-20.070000,0.000000,0.000000,0.000000,0.000000,0.000000
100.707001,0.000000,0.000000,-20.280001,0.000000,0.000000,0.000000,0.000000,0.000000
100.711998,0.000000,0.000000,-20.480000,0.000000,0.000000,0.000000,0.000000,0.000000
100.717003,0.000000,0.000000,-20.670000,0.000000,0.000000,0.000000,0.000000,0.000000
100.722000,0.000000,0.000000,-20.870001,0.000000,0.000000,0.000000,0.000000,0.000000
100.726997,0.000000,0.000000,-21.049999,0.000000,0.000000,0.000000,0.000000,0.000000
100.732002,0.000000,0.000000,-21.200001,0.000000,0.000000,0.000000,0.000000,0.000000
100.737000,0.000000,0.000000,-21.350000,0.000000,0.000000,0.000000,0.000000,0.000000
100.741997,0.000000,0.000000,-21.490000,0.000000,0.000000,0.000000,0.000000,0.000000
100.747002,0.000000,0.000000,-21.610001,0.000000,0.000000,0.000000,0.000000,0.000000
100.751999,0.000000,0.000000,-21.719999,0.000000,0.000000,0.000000,0.000000,0.000000
100.757004,0.000000,0.000000,-21.840000,0.000000,0.000000,0.000000,0.000000,0.000000
100.762001,0.000000,0.000000,-21.950001,0.000000,0.000000,0.000000,0.000000,0.000000
100.766998,0.000000,0.000000,-22.040001,0.000000,0.000000,0.000000,0.000000,0.000000
100.772003,0.000000,0.000000,-22.110001,0.000000,0.000000,0.000000,0.000000,0.000000
100.777000,0.000000,0.000000,-22.190001,0.000000,0.000000,0.000000,0.000000,0.000000
100.781998,0.000000,0.000000,-22.240000,0.000000,0.000000,0.000000,0.000000,0.000000
100.787003,0.000000,0.000000,-22.290001,0.000000,0.000000,0.000000,0.000000,0.000000
100.792000,0.000000,0.000000,-22.309999,0.000000,0.000000,0.000000,0.000000,0.000000
100.796997,0.000000,0.000000,-22.320000,0.000000,0.000000,0.000000,0.000000,0.000000
100.802002,0.000000,0.000000,-22.290001,0.000000,0.000000,0.000000,0.000000,0.000000
100.806999,0.000000,0.000000,-22.230000,0.000000,0.000000,0.000000,0.000000,0.000000
100.811996,0.000000,0.000000,-22.129999,0.000000,0.000000,0.000000,0.000000,0.000000
100.817001,0.000000,0.000000,-22.000000,0.000000,0.000000,0.000000,0.000000,0.000000
100.821999,0.000000,0.000000,-21.820000,0.000000,0.000000,0.000000,0.000000,0.000000
100.827003,0.000000,0.000000,-21.580000,0.000000,0.000000,0.000000,0.000000,0.000000
100.832001,0.000000,0.000000,-21.309999,0.000000,0.000000,0.000000,0.000000,0.000000
100.836998,0.000000,0.000000,-21.000000,0.000000,0.000000,0.000000,0.000000,0.000000
100.842003,0.000000,0.000000,-20.650000,0.000000,0.000000,0.000000,0.000000,0.000000
100.847000,0.000000,0.000000,-20.280001,0.000000,0.000000,0.000000,0.000000,0.000000
100.851997,0.000000,0.000000,-19.889999,0.000000,0.000000,0.000000,0.000000,0.000000
100.857002,0.000000,0.000000,-19.500000,0.000000,0.000000,0.000000,0.000000,0.000000
100.862000,0.000000,0.000000,-19.110001,0.000000,0.000000,0.000000,0.000000,0.000000
100.866997,0.000000,0.000000,-18.730000,0.000000,0.000000,0.000000,0.000000,0.000000
100.872002,0.000000,0.000000,-18.379999,0.000000,0.000000,0.000000,0.000000,0.000000
100.876999,0.000000,0.000000,-18.059999,0.000000,0.000000,0.000000,0.000000,0.000000
100.882004,0.000000,0.000000,-17.770000,0.000000,0.000000,0.000000,0.000000,0.000000
100.887001,0.000000,0.000000,-17.510000,0.000000,0.000000,0.000000,0.000000,0.000000
100.891998,0.000000,0.000000,-17.280001,0.000000,0.000000,0.000000,0.000000,0.000000
100.897003,0.000000,0.000000,-17.080000,0.000000,0.000000,0.000000,0.000000,0.000000
100.902000,0.000000,0.000000,-16.910000,0.000000,0.000000,0.000000,0.000000,0.000000
100.906998,0.000000,0.000000,-16.760000,0.000000,0.000000,0.000000,0.000000,0.000000
100.912003,0.000000,0.000000,-16.639999,0.000000,0.000000,0.000000,0.000000,0.000000
100.917000,0.000000,0.000000,-16.549999,0.000000,0.000000,0.000000,0.000000,0.000000
100.921997,0.000000,0.000000,-16.469999,0.000000,0.000000,0.000000,0.000000,0.000000
100.927002,0.000000,0.000000,-16.400000,0.000000,0.000000,0.000000,0.000000,0.000000
100.931999,0.000000,0.000000,-16.360001,0.000000,0.000000,0.000000,0.000000,0.000000
100.936996,0.000000,0.000000,-16.340000,0.000000,0.000000,0.000000,0.000000,0.000000
100.942001,0.000000,0.000000,-16.330000,0.000000,0.000000,0.000000,0.000000,0.000000
100.946999,0.000000,0.000000,-16.350000,0.000000,0.000000,0.000000,0.000000,0.000000
100.952003,0.000000,0.000000,-16.379999,0.000000,0.000000,0.000000,0.000000,0.000000
100.957001,0.000000,0.000000,-16.410000,0.000000,0.000000,0.000000,0.000000,0.000000
100.961998,0.000000,0.000000,-16.450001,0.000000,0.000000,0.000000,0.000000,0.000000
100.967003,0.000000,0.000000,-16.480000,0.000000,0.000000,0.000000,0.000000,0.000000
100.972000,0.000000,0.000000,-16.500000,0.000000,0.000000,0.000000,0.000000,0.000000
100.976997,0.000000,0.000000,-16.520000,0.000000,0.000000,0.000000,0.000000,0.000000
100.982002,0.000000,0.000000,-16.530001,0.000000,0.000000,0.000000,0.000000,0.000000
100.987000,0.000000,0.000000,-16.530001,0.000000,0.000000,0.000000,0.000000,0.000000
100.991997,0.000000,0.000000,-16.490000,0.000000,0.000000,0.000000,0.000000,0.000000
100.997002,0.000000,0.000000,-16.410000,0.000000,0.000000,0.000000,0.000000,0.000000
101.001999,0.000000,0.000000,-16.290001,0.000000,0.000000,0.000000,0.000000,0.000000
101.007004,0.000000,0.000000,-16.139999,0.000000,0.000000,0.000000,0.000000,0.000000
101.012001,0.000000,0.000000,-15.950000,0.000000,0.000000,0.000000,0.000000,0.000000
101.016998,0.000000,0.000000,-15.750000,0.000000,0.000000,0.000000,0.000000,0.000000
101.022003,0.000000,0.000000,-15.540000,0.000000,0.000000,0.000000,0.000000,0.000000
101.027000,0.000000,0.000000,-15.340000,0.000000,0.000000,0.000000,0.000000,0.000000
101.031998,0.000000,0.000000,-15.130000,0.000000,0.000000,0.000000,0.000000,0.000000
101.037003,0.000000,0.000000,-14.940000,0.000000,0.000000,0.000000,0.000000,0.000000
101.042000,0.000000,0.000000,-14.760000,0.000000,0.000000,0.000000,0.000000,0.000000
101.046997,0.000000,0.000000,-14.600000,0.000000,0.000000,0.000000,0.000000,0.000000
101.052002,0.000000,0.000000,-14.460000,0.000000,0.000000,0.000000,0.000000,0.000000
101.056999,0.000000,0.000000,-14.340000,0.000000,0.000000,0.000000,0.000000,0.000000
101.061996,0.000000,0.000000,-14.230000,0.000000,0.000000,0.000000,0.000000,0.000000
101.067001,0.000000,0.000000,-14.140000,0.000000,0.000000,0.000000,0.000000,0.000000
101.071999,0.000000,0.000000,-14.050000,0.000000,0.000000,0.000000,0.000000,0.000000
101.077003,0.000000,0.000000,-13.950000,0.000000,0.000000,0.000000,0.000000,0.000000
101.082001,0.000000,0.000000,-13.840000,0.000000,0.000000,0.000000,0.000000,0.000000
101.086998,0.000000,0.000000,-13.740000,0.000000,0.000000,0.000000,0.000000,0.000000
101.092003,0.000000,0.000000,-13.640000,0.000000,0.000000,0.000000,0.000000,0.000000
101.097000,0.000000,0.000000,-13.530000,0.000000,0.000000,0.000000,0.000000,0.000000
101.101997,0.000000,0.000000,-13.420000,0.000000,0.000000,0.000000,0.000000,0.000000
101.107002,0.000000,0.000000,-13.320000,0.000000,0.000000,0.000000,0.000000,0.000000
101.112000,0.000000,0.000000,-13.230000,0.000000,0.000000,0.000000,0.000000,0.000000
101.116997,0.000000,0.000000,-13.150000,0.000000,0.000000,0.000000,0.000000,0.000000
101.122002,0.000000,0.000000,-13.060000,0.000000,0.000000,0.000000,0.000000,0.000000
101.126999,0.000000,0.000000,-12.970000,0.000000,0.000000,0.000000,0.000000,0.000000
101.132004,0.000000,0.000000,-12.870000,0.000000,0.000000,0.000000,0.000000,0.000000
101.137001,0.000000,0.000000,-12.760000,0.000000,0.000000,0.000000,0.000000,0.000000
101.141998,0.000000,0.000000,-12.610000,0.000000,0.000000,0.000000,0.000000,0.000000
101.147003,0.000000,0.000000,-12.400000,0.000000,0.000000,0.000000,0.000000,0.000000
101.152000,0.000000,0.000000,-12.160000,0.000000,0.000000,0.000000,0.000000,0.000000
101.156998,0.000000,0.000000,-11.940000,0.000000,0.000000,0.000000,0.000000,0.000000
101.162003,0.000000,0.000000,-11.740000,0.000000,0.000000,0.000000,0.000000,0.000000
101.167000,0.000000,0.000000,-11.420000,0.000000,0.000000,0.000000,0.000000,0.000000
101.171997,0.000000,0.000000,-11.090000,0.000000,0.000000,0.000000,0.000000,0.000000
101.177002,0.000000,0.000000,-10.770000,0.000000,0.000000,0.000000,0.000000,0.000000
101.181999,0.000000,0.000000,-10.430000,0.000000,0.000000,0.000000,0.000000,0.000000
101.186996,0.000000,0.000000,-10.030000,0.000000,0.000000,0.000000,0.000000,0.000000
101.192001,0.000000,0.000000,-9.620000,0.000000,0.000000,0.000000,0.000000,0.000000
101.196999,0.000000,0.000000,-9.230000,0.000000,0.000000,0.000000,0.000000,0.000000
101.202003,0.000000,0.000000,-8.870000,0.000000,0.000000,0.000000,0.000000,0.000000
101.207001,0.000000,0.000000,-8.530000,0.000000,0.000000,0.000000,0.000000,0.000000
101.211998,0.000000,0.000000,-8.270000,0.000000,0.000000,0.000000,0.000000,0.000000
101.217003,0.000000,0.000000,-8.110000,0.000000,0.000000,0.000000,0.000000,0.000000
101.222000,0.000000,0.000000,-8.100000,0.000000,0.000000,0.000000,0.000000,0.000000
101.226997,0.000000,0.000000,-8.030000,0.000000,0.000000,0.000000,0.000000,0.000000
101.232002,0.000000,0.000000,-7.740000,0.000000,0.000000,0.000000,0.000000,0.000000
101.237000,0.000000,0.000000,-7.160000,0.000000,0.000000,0.000000,0.000000,0.000000
101.241997,0.000000,0.000000,-6.750000,0.000000,0.000000,0.000000,0.000000,0.000000
101.247002,0.000000,0.000000,-6.430000,0.000000,0.000000,0.000000,0.000000,0.000000
101.251999,0.000000,0.000000,-6.110000,0.000000,0.000000,0.000000,0.000000,0.000000
101.257004,0.000000,0.000000,-5.750000,0.000000,0.000000,0.000000,0.000000,0.000000
101.262001,0.000000,0.000000,-5.430000,0.000000,0.000000,0.000000,0.000000,0.000000
101.266998,0.000000,0.000000,-5.030000,0.000000,0.000000,0.000000,0.000000,0.000000
101.272003,0.000000,0.000000,-4.560000,0.000000,0.000000,0.000000,0.000000,0.000000
101.277000,0.000000,0.000000,-4.150000,0.000000,0.000000,0.000000,0.000000,0.000000
101.281998,0.000000,0.000000,-3.780000,0.000000,0.000000,0.000000,0.000000,0.000000
101.287003,0.000000,0.000000,-3.460000,0.000000,0.000000,0.000000,0.000000,0.000000
101.292000,0.000000,0.000000,-3.240000,0.000000,0.000000,0.000000,0.000000,0.000000
101.296997,0.000000,0.000000,-3.140000,0.000000,0.000000,0.000000,0.000000,0.000000
101.302002,0.000000,0.000000,-3.090000,0.000000,0.000000,0.000000,0.000000,0.000000
101.306999,0.000000,0.000000,-3.150000,0.000000,0.000000,0.000000,0.000000,0.000000
101.311996,0.000000,0.000000,-3.260000,0.000000,0.000000,0.000000,0.000000,0.000000
101.317001,0.000000,0.000000,-3.430000,0.000000,0.000000,0.000000,0.000000,0.000000
101.321999,0.000000,0.000000,-3.650000,0.000000,0.000000,0.000000,0.000000,0.000000
101.327003,0.000000,0.000000,-3.900000,0.000000,0.000000,0.000000,0.000000,0.000000
101.332001,0.000000,0.000000,-4.160000,0.000000,0.000000,0.000000,0.000000,0.000000
101.336998,0.000000,0.000000,-4.400000,0.000000,0.000000,0.000000,0.000000,0.000000
101.342003,0.000000,0.000000,-4.620000,0.000000,0.000000,0.000000,0.000000,0.000000
101.347000,0.000000,0.000000,-4.800000,0.000000,0.000000,0.000000,0.000000,0.000000
101.351997,0.000000,0.000000,-4.970000,0.000000,0.000000,0.000000,0.000000,0.000000
101.357002,0.000000,0.000000,-5.110000,0.000000,0.000000,0.000000,0.000000,0.000000
101.362000,0.000000,0.000000,-5.230000,0.000000,0.000000,0.000000,0.000000,0.000000
101.366997,0.000000,0.000000,-5.340000,0.000000,0.000000,0.000000,0.000000,0.000000
101.372002,0.000000,0.000000,-5.430000,0.000000,0.000000,0.000000,0.000000,0.000000
101.376999,0.000000,0.000000,-5.500000,0.000000,0.000000,0.000000,0.000000,0.000000
101.382004,0.000000,0.000000,-5.540000,0.000000,0.000000,0.000000,0.000000,0.000000
101.387001,0.000000,0.000000,-5.560000,0.000000,0.000000,0.000000,0.000000,0.000000
101.391998,0.000000,0.000000,-5.550000,0.000000,0.000000,0.000000,0.000000,0.000000
101.397003,0.000000,0.000000,-5.520000,0.000000,0.000000,0.000000,0.000000,0.000000
101.402000,0.000000,0.000000,-5.460000,0.000000,0.000000,0.000000,0.000000,0.000000
101.406998,0.000000,0.000000,-5.380000,0.000000,0.000000,0.000000,0.000000,0.000000
101.412003,0.000000,0.000000,-5.290000,0.000000,0.000000,0.000000,0.000000,0.000000
101.417000,0.000000,0.000000,-5.190000,0.000000,0.000000,0.000000,0.000000,0.000000
101.421997,0.000000,0.000000,-5.090000,0.000000,0.000000,0.000000,0.000000,0.000000
101.427002,0.000000,0.000000,-5.020000,0.000000,0.000000,0.000000,0.000000,0.000000
101.431999,0.000000,0.000000,-4.950000,0.000000,0.000000,0.000000,0.000000,0.000000
101.436996,0.000000,0.000000,-4.900000,0.000000,0.000000,0.000000,0.000000,0.000000
101.442001,0.000000,0.000000,-4.840000,0.000000,0.000000,0.000000,0.000000,0.000000
101.446999,0.000000,0.000000,-4.780000,0.000000,0.000000,0.000000,0.000000,0.000000
101.452003,0.000000,0.000000,-4.700000,0.000000,0.000000,0.000000,0.000000,0.000000
101.457001,0.000000,0.000000,-4.600000,0.000000,0.000000,0.000000,0.000000,0.000000
101.461998,0.000000,0.000000,-4.510000,0.000000,0.000000,0.000000,0.000000,0.000000
101.467003,0.000000,0.000000,-4.410000,0.000000,0.000000,0.000000,0.000000,0.000000
101.472000,0.000000,0.000000,-4.310000,0.000000,0.000000,0.000000,0.000000,0.000000
101.476997,0.000000,0.000000,-4.200000,0.000000,0.000000,0.000000,0.000000,0.000000
101.482002,0.000000,0.000000,-4.080000,0.000000,0.000000,0.000000,0.000000,0.000000
101.487000,0.000000,0.000000,-3.940000,0.000000,0.000000,0.000000,0.000000,0.000000
101.491997,0.000000,0.000000,-3.770000,0.000000,0.000000,0.000000,0.000000,0.000000
101.497002,0.000000,0.000000,-3.590000,0.000000,0.000000,0.000000,0.000000,0.000000
101.501999,0.000000,0.000000,-3.390000,0.000000,0.000000,0.000000,0.000000,0.000000
101.507004,0.000000,0.000000,-3.190000,0.000000,0.000000,0.000000,0.000000,0.000000
101.512001,0.000000,0.000000,-2.980000,0.000000,0.000000,0.000000,0.000000,0.000000
101.516998,0.000000,0.000000,-2.790000,0.000000,0.000000,0.000000,0.000000,0.000000
101.522003,0.000000,0.000000,-2.630000,0.000000,0.000000,0.000000,0.000000,0.000000
101.527000,0.000000,0.000000,-2.480000,0.000000,0.000000,0.000000,0.000000,0.000000
101.531998,0.000000,0.000000,-2.360000,0.000000,0.000000,0.000000,0.000000,0.000000
101.537003,0.000000,0.000000,-2.260000,0.000000,0.000000,0.000000,0.000000,0.000000
101.542000,0.000000,0.000000,-2.180000,0.000000,0.000000,0.000000,0.000000,0.000000
101.546997,0.000000,0.000000,-2.130000,0.000000,0.000000,0.000000,0.000000,0.000000
101.552002,0.000000,0.000000,-2.090000,0.000000,0.000000,0.000000,0.000000,0.000000
101.556999,0.000000,0.000000,-2.080000,0.000000,0.000000,0.000000,0.000000,0.000000
101.561996,0.000000,0.000000,-2.060000,0.000000,0.000000,0.000000,0.000000,0.000000
101.567001,0.000000,0.000000,-2.030000,0.000000,0.000000,0.000000,0.000000,0.000000
101.571999,0.000000,0.000000,-2.030000,0.000000,0.000000,0.000000,0.000000,0.000000
101.577003,0.000000,0.000000,-2.030000,0.000000,0.000000,0.000000,0.000000,0.000000
101.582001,0.000000,0.000000,-2.030000,0.000000,0.000000,0.000000,0.000000,0.000000
101.586998,0.000000,0.000000,-2.050000,0.000000,0.000000,0.000000,0.000000,0.000000
101.592003,0.000000,0.000000,-2.070000,0.000000,0.000000,0.000000,0.000000,0.000000
101.597000,0.000000,0.000000,-2.120000,0.000000,0.000000,0.000000,0.000000,0.000000
101.601997,0.000000,0.000000,-2.140000,0.000000,0.000000,0.000000,0.000000,0.000000
101.607002,0.000000,0.000000,-2.110000,0.000000,0.000000,0.000000,0.000000,0.000000
101.612000,0.000000,0.000000,-2.010000,0.000000,0.000000,0.000000,0.000000,0.000000
101.616997,0.000000,0.000000,-1.930000,0.000000,0.000000,0.000000,0.000000,0.000000
101.622002,0.000000,0.000000,-1.900000,0.000000,0.000000,0.000000,0.000000,0.000000
101.626999,0.000000,0.000000,-1.880000,0.000000,0.000000,0.000000,0.000000,0.000000
101.632004,0.000000,0.000000,-1.840000,0.000000,0.000000,0.000000,0.000000,0.000000
101.637001,0.000000,0.000000,-1.800000,0.000000,0.000000,0.000000,0.000000,0.000000
101.641998,0.000000,0.000000,-1.660000,0.000000,0.000000,0.000000,0.000000,0.000000
101.647003,0.000000,0.000000,-1.460000,0.000000,0.000000,0.000000,0.000000,0.000000
101.652000,0.000000,0.000000,-1.180000,0.000000,0.000000,0.000000,0.000000,0.000000
101.656998,0.000000,0.000000,-0.830000,0.000000,0.000000,0.000000,0.000000,0.000000
101.662003,0.000000,0.000000,-0.430000,0.000000,0.000000,0.000000,0.000000,0.000000
101.667000,0.000000,0.000000,-0.010000,0.000000,0.000000,0.000000,0.000000,0.000000
101.671997,0.000000,0.000000,0.450000,0.000000,0.000000,0.000000,0.000000,0.000000
101.677002,0.000000,0.000000,0.850000,0.000000,0.000000,0.000000,0.000000,0.000000
101.681999,0.000000,0.000000,1.230000,0.000000,0.000000,0.000000,0.000000,0.000000
101.686996,0.000000,0.000000,1.530000,0.000000,0.000000,0.000000,0.000000,0.000000
101.692001,0.000000,0.000000,1.810000,0.000000,0.000000,0.000000,0.000000,0.000000
101.696999,0.000000,0.000000,2.000000,0.000000,0.000000,0.000000,0.000000,0.000000
101.702003,0.000000,0.000000,2.090000,0.000000,0.000000,0.000000,0.000000,0.000000
101.707001,0.000000,0.000000,2.140000,0.000000,0.000000,0.000000,0.000000,0.000000
101.711998,0.000000,0.000000,2.160000,0.000000,0.000000,0.000000,0.000000,0.000000
101.717003,0.000000,0.000000,2.130000,0.000000,0.000000,0.000000,0.000000,0.000000
101.722000,0.000000,0.000000,2.080000,0.000000,0.000000,0.000000,0.000000,0.000000
101.726997,0.000000,0.000000,2.020000,0.000000,0.000000,0.000000,0.000000,0.000000
101.732002,0.000000,0.000000,1.980000,0.000000,0.000000,0.000000,0.000000,0.000000
101.737000,0.000000,0.000000,1.970000,0.000000,0.000000,0.000000,0.000000,0.000000
101.741997,0.000000,0.000000,2.000000,0.000000,0.000000,0.000000,0.000000,0.000000
101.747002,0.000000,0.000000,2.050000,0.000000,0.000000,0.000000,0.000000,0.000000
101.751999,0.000000,0.000000,2.140000,0.000000,0.000000,0.000000,0.000000,0.000000
101.757004,0.000000,0.000000,2.260000,0.000000,0.000000,0.000000,0.000000,0.000000
101.762001,0.000000,0.000000,2.400000,0.000000,0.000000,0.000000,0.000000,0.000000
101.766998,0.000000,0.000000,2.590000,0.000000,0.000000,0.000000,0.000000,0.000000
101.772003,0.000000,0.000000,2.760000,0.000000,0.000000,0.000000,0.000000,0.000000
101.777000,0.000000,0.000000,2.930000,0.000000,0.000000,0.000000,0.000000,0.000000
101.781998,0.000000,0.000000,3.100000,0.000000,0.000000,0.000000,0.000000,0.000000
101.787003,0.000000,0.000000,3.260000,0.000000,0.000000,0.000000,0.000000,0.000000
101.792000,0.000000,0.000000,3.430000,0.000000,0.000000,0.000000,0.000000,0.000000
101.796997,0.000000,0.000000,3.620000,0.000000,0.000000,0.000000,0.000000,0.000000
101.802002,0.000000,0.000000,3.780000,0.000000,0.000000,0.000000,0.000000,0.000000
101.806999,0.000000,0.000000,3.880000,0.000000,0.000000,0.000000,0.000000,0.000000
101.811996,0.000000,0.000000,3.920000,0.000000,0.000000,0.000000,0.000000,0.000000
101.817001,0.000000,0.000000,3.920000,0.000000,0.000000,0.000000,0.000000,0.000000
101.821999,0.000000,0.000000,3.890000,0.000000,0.000000,0.000000,0.000000,0.000000
101.827003,0.000000,0.000000,3.840000,0.000000,0.000000,0.000000,0.000000,0.000000
101.832001,0.000000,0.000000,3.770000,0.000000,0.000000,0.000000,0.000000,0.000000
101.836998,0.000000,0.000000,3.700000,0.000000,0.000000,0.000000,0.000000,0.000000
101.842003,0.000000,0.000000,3.670000,0.000000,0.000000,0.000000,0.000000,0.000000
101.847000,0.000000,0.000000,3.590000,0.000000,0.000000,0.000000,0.000000,0.000000
101.851997,0.000000,0.000000,3.480000,0.000000,0.000000,0.000000,0.000000,0.000000
101.857002,0.000000,0.000000,3.330000,0.000000,0.000000,0.000000,0.000000,0.000000
101.862000,0.000000,0.000000,3.190000,0.000000,0.000000,0.000000,0.000000,0.000000
101.866997,0.000000,0.000000,3.050000,0.000000,0.000000,0.000000,0.000000,0.000000
101.872002,0.000000,0.000000,2.920000,0.000000,0.000000,0.000000,0.000000,0.000000
101.876999,0.000000,0.000000,2.780000,0.000000,0.000000,0.000000,0.000000,0.000000
101.882004,0.000000,0.000000,2.650000,0.000000,0.000000,0.000000,0.000000,0.000000
101.887001,0.000000,0.000000,2.530000,0.000000,0.000000,0.000000,0.000000,0.000000
101.891998,0.000000,0.000000,2.310000,0.000000,0.000000,0.000000,0.000000,0.000000
101.897003,0.000000,0.000000,2.090000,0.000000,0.000000,0.000000,0.000000,0.000000
101.902000,0.000000,0.000000,1.850000,0.000000,0.000000,0.000000,0.000000,0.000000
101.906998,0.000000,0.000000,1.550000,0.000000,0.000000,0.000000,0.000000,0.000000
101.912003,0.000000,0.000000,1.190000,0.000000,0.000000,0.000000,0.000000,0.000000
101.917000,0.000000,0.000000,0.760000,0.000000,0.000000,0.000000,0.000000,0.000000
101.921997,0.000000,0.000000,0.280000,0.000000,0.000000,0.000000,0.000000,0.000000
101.927002,0.000000,0.000000,-0.250000,0.000000,0.000000,0.000000,0.000000,0.000000
101.931999,0.000000,0.000000,-0.800000,0.000000,0.000000,0.000000,0.000000,0.000000
101.936996,0.000000,0.000000,-1.380000,0.000000,0.000000,0.000000,0.000000,0.000000
101.942001,0.000000,0.000000,-1.950000,0.000000,0.000000,0.000000,0.000000,0.000000
101.946999,0.000000,0.000000,-2.510000,0.000000,0.000000,0.000000,0.000000,0.000000
101.952003,0.000000,0.000000,-3.080000,0.000000,0.000000,0.000000,0.000000,0.000000
101.957001,0.000000,0.000000,-3.620000,0.000000,0.000000,0.000000,0.000000,0.000000
101.961998,0.000000,0.000000,-4.050000,0.000000,0.000000,0.000000,0.000000,0.000000
101.967003,0.000000,0.000000,-4.440000,0.000000,0.000000,0.000000,0.000000,0.000000
101.972000,0.000000,0.000000,-4.760000,0.000000,0.000000,0.000000,0.000000,0.000000
101.976997,0.000000,0.000000,-5.020000,0.000000,0.000000,0.000000,0.000000,0.000000
101.982002,0.000000,0.000000,-5.220000,0.000000,0.000000,0.000000,0.000000,0.000000
101.987000,0.000000,0.000000,-5.400000,0.000000,0.000000,0.000000,0.000000,0.000000
101.991997,0.000000,0.000000,-5.550000,0.000000,0.000000,0.000000,0.000000,0.000000
101.997002,0.000000,0.000000,-5.700000,0.000000,0.000000,0.000000,0.000000,0.000000
102.001999,0.000000,0.000000,-5.850000,0.000000,0.000000,0.000000,0.000000,0.000000
102.007004,0.000000,0.000000,-6.000000,0.000000,0.000000,0.000000,0.000000,0.000000
102.012001,0.000000,0.000000,-6.170000,0.000000,0.000000,0.000000,0.000000,0.000000
102.016998,0.000000,0.000000,-6.340000,0.000000,0.000000,0.000000,0.000000,0.000000
102.022003,0.000000,0.000000,-6.510000,0.000000,0.000000,0.000000,0.000000,0.000000
102.027000,0.000000,0.000000,-6.650000,0.000000,0.000000,0.000000,0.000000,0.000000
102.031998,0.000000,0.000000,-6.750000,0.000000,0.000000,0.000000,0.000000,0.000000
102.037003,0.000000,0.000000,-6.790000,0.000000,0.000000,0.000000,0.000000,0.000000
102.042000,0.000000,0.000000,-6.750000,0.000000,0.000000,0.000000,0.000000,0.000000
102.046997,0.000000,0.000000,-6.620000,0.000000,0.000000,0.000000,0.000000,0.000000
102.052002,0.000000,0.000000,-6.400000,0.000000,0.000000,0.000000,0.000000,0.000000
102.056999,0.000000,0.000000,-6.100000,0.000000,0.000000,0.000000,0.000000,0.000000
102.061996,0.000000,0.000000,-5.760000,0.000000,0.000000,0.000000,0.000000,0.000000
102.067001,0.000000,0.000000,-5.380000,0.000000,0.000000,0.000000,0.000000,0.000000
102.071999,0.000000,0.000000,-5.010000,0.000000,0.000000,0.000000,0.000000,0.000000
102.077003,0.000000,0.000000,-4.660000,0.000000,0.000000,0.000000,0.000000,0.000000
102.082001,0.000000,0.000000,-4.350000,0.000000,0.000000,0.000000,0.000000,0.000000
102.086998,0.000000,0.000000,-4.120000,0.000000,0.000000,0.000000,0.000000,0.000000
102.092003,0.000000,0.000000,-3.960000,0.000000,0.000000,0.000000,0.000000,0.000000
102.097000,0.000000,0.000000,-3.890000,0.000000,0.000000,0.000000,0.000000,0.000000
102.101997,0.000000,0.000000,-3.910000,0.000000,0.000000,0.000000,0.000000,0.000000
102.107002,0.000000,0.000000,-4.000000,0.000000,0.000000,0.000000,0.000000,0.000000
102.112000,0.000000,0.000000,-4.140000,0.000000,0.000000,0.000000,0.000000,0.000000
102.116997,0.000000,0.000000,-4.340000,0.000000,0.000000,0.000000,0.000000,0.000000
102.122002,0.000000,0.000000,-4.550000,0.000000,0.000000,0.000000,0.000000,0.000000
102.126999,0.000000,0.000000,-4.780000,0.000000,0.000000,0.000000,0.000000,0.000000
102.132004,0.000000,0.000000,-4.990000,0.000000,0.000000,0.000000,0.000000,0.000000
102.137001,0.000000,0.000000,-5.200000,0.000000,0.000000,0.000000,0.000000,0.000000
102.141998,0.000000,0.000000,-5.360000,0.000000,0.000000,0.000000,0.000000,0.000000
102.147003,0.000000,0.000000,-5.500000,0.000000,0.000000,0.000000,0.000000,0.000000
102.152000,0.000000,0.000000,-5.610000,0.000000,0.000000,0.000000,0.000000,0.000000
102.156998,0.000000,0.000000,-5.700000,0.000000,0.000000,0.000000,0.000000,0.000000
102.162003,0.000000,0.000000,-5.790000,0.000000,0.000000,0.000000,0.000000,0.000000
102.167000,0.000000,0.000000,-5.880000,0.000000,0.000000,0.000000,0.000000,0.000000
102.171997,0.000000,0.000000,-5.970000,0.000000,0.000000,0.000000,0.000000,0.000000
102.177002,0.000000,0.000000,-6.070000,0.000000,0.000000,0.000000,0.000000,0.000000
102.181999,0.000000,0.000000,-6.180000,0.000000,0.000000,0.000000,0.000000,0.000000
102.186996,0.000000,0.000000,-6.300000,0.000000,0.000000,0.000000,0.000000,0.000000
102.192001,0.000000,0.000000,-6.410000,0.000000,0.000000,0.000000,0.000000,0.000000
102.196999,0.000000,0.000000,-6.520000,0.000000,0.000000,0.000000,0.000000,0.000000
102.202003,0.000000,0.000000,-6.630000,0.000000,0.000000,0.000000,0.000000,0.000000
102.207001,0.000000,0.000000,-6.740000,0.000000,0.000000,0.000000,0.000000,0.000000
102.211998,0.000000,0.000000,-6.850000,0.000000,0.000000,0.000000,0.000000,0.000000
102.217003,0.000000,0.000000,-6.960000,0.000000,0.000000,0.000000,0.000000,0.000000
102.222000,0.000000,0.000000,-7.060000,0.000000,0.000000,0.000000,0.000000,0.000000
102.226997,0.000000,0.000000,-7.150000,0.000000,0.000000,0.000000,0.000000,0.000000
102.232002,0.000000,0.000000,-7.240000,0.000000,0.000000,0.000000,0.000000,0.000000
102.237000,0.000000,0.000000,-7.310000,0.000000,0.000000,0.000000,0.000000,0.000000
102.241997,0.000000,0.000000,-7.370000,0.000000,0.000000,0.000000,0.000000,0.000000
102.247002,0.000000,0.000000,-7.390000,0.000000,0.000000,0.000000,0.000000,0.000000
102.251999,0.000000,0.000000,-7.400000,0.000000,0.000000,0.000000,0.000000,0.000000
102.257004,0.000000,0.000000,-7.380000,0.000000,0.000000,0.000000,0.000000,0.000000
102.262001,0.000000,0.000000,-7.320000,0.000000,0.000000,0.000000,0.000000,0.000000
102.266998,0.000000,0.000000,-7.220000,0.000000,0.000000,0.000000,0.000000,0.000000
102.272003,0.000000,0.000000,-7.100000,0.000000,0.000000,0.000000,0.000000,0.000000
102.277000,0.000000,0.000000,-6.920000,0.000000,0.000000,0.000000,0.000000,0.000000
102.281998,0.000000,0.000000,-6.710000,0.000000,0.000000,0.000000,0.000000,0.000000
102.287003,0.000000,0.000000,-6.450000,0.000000,0.000000,0.000000,0.000000,0.000000
102.292000,0.000000,0.000000,-6.140000,0.000000,0.000000,0.000000,0.000000,0.000000
102.296997,0.000000,0.000000,-5.790000,0.000000,0.000000,0.000000,0.000000,0.000000
102.302002,0.000000,0.000000,-5.400000,0.000000,0.000000,0.000000,0.000000,0.000000
102.306999,0.000000,0.000000,-4.960000,0.000000,0.000000,0.000000,0.000000,0.000000
102.311996,0.000000,0.000000,-4.490000,0.000000,0.000000,0.000000,0.000000,0.000000
102.317001,0.000000,0.000000,-3.990000,0.000000,0.000000,0.000000,0.000000,0.000000
102.321999,0.000000,0.000000,-3.450000,0.000000,0.000000,0.000000,0.000000,0.000000
102.327003,0.000000,0.000000,-2.900000,0.000000,0.000000,0.000000,0.000000,0.000000
102.332001,0.000000,0.000000,-2.350000,0.000000,0.000000,0.000000,0.000000,0.000000
102.336998,0.000000,0.000000,-1.770000,0.000000,0.000000,0.000000,0.000000,0.000000
102.342003,0.000000,0.000000,-1.190000,0.000000,0.000000,0.000000,0.000000,0.000000
102.347000,0.000000,0.000000,-0.620000,0.000000,0.000000,0.000000,0.000000,0.000000
102.351997,0.000000,0.000000,-0.070000,0.000000,0.000000,0.000000,0.000000,0.000000
102.357002,0.000000,0.000000,0.450000,0.000000,0.000000,0.000000,0.000000,0.000000
102.362000,0.000000,0.000000,0.920000,0.000000,0.000000,0.000000,0.000000,0.000000
102.366997,0.000000,0.000000,1.400000,0.000000,0.000000,0.000000,0.000000,0.000000
102.372002,0.000000,0.000000,1.830000,0.000000,0.000000,0.000000,0.000000,0.000000
102.376999,0.000000,0.000000,2.270000,0.000000,0.000000,0.000000,0.000000,0.000000
102.382004,0.000000,0.000000,2.680000,0.000000,0.000000,0.000000,0.000000,0.000000
102.387001,0.000000,0.000000,3.090000,0.000000,0.000000,0.000000,0.000000,0.000000
102.391998,0.000000,0.000000,3.490000,0.000000,0.000000,0.000000,0.000000,0.000000
102.397003,0.000000,0.000000,3.890000,0.000000,0.000000,0.000000,0.000000,0.000000
102.402000,0.000000,0.000000,4.270000,0.000000,0.000000,0.000000,0.000000,0.000000
102.406998,0.000000,0.000000,4.620000,0.000000,0.000000,0.000000,0.000000,0.000000
102.412003,0.000000,0.000000,4.940000,0.000000,0.000000,0.000000,0.000000,0.000000
102.417000,0.000000,0.000000,5.220000,0.000000,0.000000,0.000000,0.000000,0.000000
102.421997,0.000000,0.000000,5.450000,0.000000,0.000000,0.000000,0.000000,0.000000
102.427002,0.000000,0.000000,5.640000,0.000000,0.000000,0.000000,0.000000,0.000000
102.431999,0.000000,0.000000,5.770000,0.000000,0.000000,0.000000,0.000000,0.000000
102.436996,0.000000,0.000000,5.840000,0.000000,0.000000,0.000000,0.000000,0.000000
102.442001,0.000000,0.000000,5.870000,0.000000,0.000000,0.000000,0.000000,0.000000
102.446999,0.000000,0.000000,5.840000,0.000000,0.000000,0.000000,0.000000,0.000000
102.452003,0.000000,0.000000,5.770000,0.000000,0.000000,0.000000,0.000000,0.000000
102.457001,0.000000,0.000000,5.660000,0.000000,0.000000,0.000000,0.000000,0.000000
102.461998,0.000000,0.000000,5.500000,0.000000,0.000000,0.000000,0.000000,0.000000
102.467003,0.000000,0.000000,5.310000,0.000000,0.000000,0.000000,0.000000,0.000000
102.472000,0.000000,0.000000,5.100000,0.000000,0.000000,0.000000,0.000000,0.000000
102.476997,0.000000,0.000000,4.870000,0.000000,0.000000,0.000000,0.000000,0.000000
102.482002,0.000000,0.000000,4.630000,0.000000,0.000000,0.000000,0.000000,0.000000
102.487000,0.000000,0.000000,4.380000,0.000000,0.000000,0.000000,0.000000,0.000000
102.491997,0.000000,0.000000,4.130000,0.000000,0.000000,0.000000,0.000000,0.000000
102.497002,0.000000,0.000000,3.890000,0.000000,0.000000,0.000000,0.000000,0.000000
102.501999,0.000000,0.000000,3.620000,0.000000,0.000000,0.000000,0.000000,0.000000
102.507004,0.000000,0.000000,3.330000,0.000000,0.000000,0.000000,0.000000,0.000000
102.512001,0.000000,0.000000,3.010000,0.000000,0.000000,0.000000,0.000000,0.000000
102.516998,0.000000,0.000000,2.680000,0.000000,0.000000,0.000000,0.000000,0.000000
102.522003,0.000000,0.000000,2.340000,0.000000,0.000000,0.000000,0.000000,0.000000
102.527000,0.000000,0.000000,2.010000,0.000000,0.000000,0.000000,0.000000,0.000000
102.531998,0.000000,0.000000,1.690000,0.000000,0.000000,0.000000,0.000000,0.000000
102.537003,0.000000,0.000000,1.380000,0.000000,0.000000,0.000000,0.000000,0.000000
102.542000,0.000000,0.000000,1.090000,0.000000,0.000000,0.000000,0.000000,0.000000
102.546997,0.000000,0.000000,0.830000,0.000000,0.000000,0.000000,0.000000,0.000000
102.552002,0.000000,0.000000,0.600000,0.000000,0.000000,0.000000,0.000000,0.000000
102.556999,0.000000,0.000000,0.440000,0.000000,0.000000,0.000000,0.000000,0.000000
102.561996,0.000000,0.000000,0.330000,0.000000,0.000000,0.000000,0.000000,0.000000
102.567001,0.000000,0.000000,0.290000,0.000000,0.000000,0.000000,0.000000,0.000000
102.571999,0.000000,0.000000,0.290000,0.000000,0.000000,0.000000,0.000000,0.000000
102.577003,0.000000,0.000000,0.340000,0.000000,0.000000,0.000000,0.000000,0.000000
102.582001,0.000000,0.000000,0.420000,0.000000,0.000000,0.000000,0.000000,0.000000
102.586998,0.000000,0.000000,0.520000,0.000000,0.000000,0.000000,0.000000,0.000000
102.592003,0.000000,0.000000,0.620000,0.000000,0.000000,0.000000,0.000000,0.000000
102.597000,0.000000,0.000000,0.730000,0.000000,0.000000,0.000000,0.000000,0.000000
102.601997,0.000000,0.000000,0.810000,0.000000,0.000000,0.000000,0.000000,0.000000
102.607002,0.000000,0.000000,0.880000,0.000000,0.000000,0.000000,0.000000,0.000000
102.612000,0.000000,0.000000,0.920000,0.000000,0.000000,0.000000,0.000000,0.000000
102.616997,0.000000,0.000000,0.950000,0.000000,0.000000,0.000000,0.000000,0.000000
102.622002,0.000000,0.000000,0.970000,0.000000,0.000000,0.000000,0.000000,0.000000
102.626999,0.000000,0.000000,0.980000,0.000000,0.000000,0.000000,0.000000,0.000000
102.632004,0.000000,0.000000,0.970000,0.000000,0.000000,0.000000,0.000000,0.000000
102.637001,0.000000,0.000000,0.950000,0.000000,0.000000,0.000000,0.000000,0.000000
102.641998,0.000000,0.000000,0.930000,0.000000,0.000000,0.000000,0.000000,0.000000
102.647003,0.000000,0.000000,0.910000,0.000000,0.000000,0.000000,0.000000,0.000000
102.652000,0.000000,0.000000,0.880000,0.000000,0.000000,0.000000,0.000000,0.000000
102.656998,0.000000,0.000000,0.850000,0.000000,0.000000,0.000000,0.000000,0.000000
102.662003,0.000000,0.000000,0.810000,0.000000,0.000000,0.000000,0.000000,0.000000
102.667000,0.000000,0.000000,0.750000,0.000000,0.000000,0.000000,0.000000,0.000000
102.671997,0.000000,0.000000,0.690000,0.000000,0.000000,0.000000,0.000000,0.000000
102.677002,0.000000,0.000000,0.600000,0.000000,0.000000,0.000000,0.000000,0.000000
102.681999,0.000000,0.000000,0.500000,0.000000,0.000000,0.000000,0.000000,0.000000
102.686996,0.000000,0.000000,0.390000,0.000000,0.000000,0.000000,0.000000,0.000000
102.692001,0.000000,0.000000,0.270000,0.000000,0.000000,0.000000,0.000000,0.000000
102.696999,0.000000,0.000000,0.120000,0.000000,0.000000,0.000000,0.000000,0.000000
102.702003,0.000000,0.000000,-0.030000,0.000000,0.000000,0.000000,0.000000,0.000000
102.707001,0.000000,0.000000,-0.210000,0.000000,0.000000,0.000000,0.000000,0.000000
102.711998,0.000000,0.000000,-0.420000,0.000000,0.000000,0.000000,0.000000,0.000000
102.717003,0.000000,0.000000,-0.670000,0.000000,0.000000,0.000000,0.000000,0.000000
102.722000,0.000000,0.000000,-0.940000,0.000000,0.000000,0.000000,0.000000,0.000000
102.726997,0.000000,0.000000,-1.220000,0.000000,0.000000,0.000000,0.000000,0.000000
102.732002,0.000000,0.000000,-1.520000,0.000000,0.000000,0.000000,0.000000,0.000000
102.737000,0.000000,0.000000,-1.830000,0.000000,0.000000,0.000000,0.000000,0.000000
102.741997,0.000000,0.000000,-2.130000,0.000000,0.000000,0.000000,0.000000,0.000000
102.747002,0.000000,0.000000,-2.410000,0.000000,0.000000,0.000000,0.000000,0.000000
102.751999,0.000000,0.000000,-2.650000,0.000000,0.000000,0.000000,0.000000,0.000000
102.757004,0.000000,0.000000,-2.870000,0.000000,0.000000,0.000000,0.000000,0.000000
102.762001,0.000000,0.000000,-3.000000,0.000000,0.000000,0.000000,0.000000,0.000000
102.766998,0.000000,0.000000,-3.090000,0.000000,0.000000,0.000000,0.000000,0.000000
102.772003,0.000000,0.000000,-3.140000,0.000000,0.000000,0.000000,0.000000,0.000000
102.777000,0.000000,0.000000,-3.190000,0.000000,0.000000,0.000000,0.000000,0.000000
102.781998,0.000000,0.000000,-3.240000,0.000000,0.000000,0.000000,0.000000,0.000000
102.787003,0.000000,0.000000,-3.250000,0.000000,0.000000,0.000000,0.000000,0.000000
102.792000,0.000000,0.000000,-3.250000,0.000000,0.000000,0.000000,0.000000,0.000000
102.796997,0.000000,0.000000,-3.190000,0.000000,0.000000,0.000000,0.000000,0.000000
102.802002,0.000000,0.000000,-3.110000,0.000000,0.000000,0.000000,0.000000,0.000000
102.806999,0.000000,0.000000,-3.010000,0.000000,0.000000,0.000000,0.000000,0.000000
102.811996,0.000000,0.000000,-2.880000,0.000000,0.000000,0.000000,0.000000,0.000000
102.817001,0.000000,0.000000,-2.710000,0.000000,0.000000,0.000000,0.000000,0.000000
102.821999,0.000000,0.000000,-2.520000,0.000000,0.000000,0.000000,0.000000,0.000000
102.827003,0.000000,0.000000,-2.310000,0.000000,0.000000,0.000000,0.000000,0.000000
102.832001,0.000000,0.000000,-2.060000,0.000000,0.000000,0.000000,0.000000,0.000000
102.836998,0.000000,0.000000,-1.810000,0.000000,0.000000,0.000000,0.000000,0.000000
102.842003,0.000000,0.000000,-1.520000,0.000000,0.000000,0.000000,0.000000,0.000000
102.847000,0.000000,0.000000,-1.220000,0.000000,0.000000,0.000000,0.000000,0.000000
102.851997,0.000000,0.000000,-0.910000,0.000000,0.000000,0.000000,0.000000,0.000000
102.857002,0.000000,0.000000,-0.580000,0.000000,0.000000,0.000000,0.000000,0.000000
102.862000,0.000000,0.000000,-0.240000,0.000000,0.000000,0.000000,0.000000,0.000000
102.866997,0.000000,0.000000,0.100000,0.000000,0.000000,0.000000,0.000000,0.000000
102.872002,0.000000,0.000000,0.520000,0.000000,0.000000,0.000000,0.000000,0.000000
102.876999,0.000000,0.000000,0.910000,0.000000,0.000000,0.000000,0.000000,0.000000
102.882004,0.000000,0.000000,1.280000,0.000000,0.000000,0.000000,0.000000,0.000000
102.887001,0.000000,0.000000,1.620000,0.000000,0.000000,0.000000,0.000000,0.000000
102.891998,0.000000,0.000000,1.900000,0.000000,0.000000,0.000000,0.000000,0.000000
102.897003,0.000000,0.000000,2.120000,0.000000,0.000000,0.000000,0.000000,0.000000
102.902000,0.000000,0.000000,2.300000,0.000000,0.000000,0.000000,0.000000,0.000000
102.906998,0.000000,0.000000,2.410000,0.000000,0.000000,0.000000,0.000000,0.000000
102.912003,0.000000,0.000000,2.470000,0.000000,0.000000,0.000000,0.000000,0.000000
102.917000,0.000000,0.000000,2.450000,0.000000,0.000000,0.000000,0.000000,0.000000
102.921997,0.000000,0.000000,2.380000,0.000000,0.000000,0.000000,0.000000,0.000000
102.927002,0.000000,0.000000,2.260000,0.000000,0.000000,0.000000,0.000000,0.000000
102.931999,0.000000,0.000000,2.110000,0.000000,0.000000,0.000000,0.000000,0.000000
102.936996,0.000000,0.000000,1.920000,0.000000,0.000000,0.000000,0.000000,0.000000
102.942001,0.000000,0.000000,1.710000,0.000000,0.000000,0.000000,0.000000,0.000000
102.946999,0.000000,0.000000,1.480000,0.000000,0.000000,0.000000,0.000000,0.000000
102.952003,0.000000,0.000000,1.240000,0.000000,0.000000,0.000000,0.000000,0.000000
102.957001,0.000000,0.000000,1.020000,0.000000,0.000000,0.000000,0.000000,0.000000
102.961998,0.000000,0.000000,0.850000,0.000000,0.000000,0.000000,0.000000,0.000000
102.967003,0.000000,0.000000,0.700000,0.000000,0.000000,0.000000,0.000000,0.000000
102.972000,0.000000,0.000000,0.570000,0.000000,0.000000,0.000000,0.000000,0.000000
102.976997,0.000000,0.000000,0.440000,0.000000,0.000000,0.000000,0.000000,0.000000
102.982002,0.000000,0.000000,0.360000,0.000000,0.000000,0.000000,0.000000,0.000000
102.987000,0.000000,0.000000,0.330000,0.000000,0.000000,0.000000,0.000000,0.000000
102.991997,0.000000,0.000000,0.270000,0.000000,0.000000,0.000000,0.000000,0.000000
102.997002,0.000000,0.000000,0.230000,0.000000,0.000000,0.000000,0.000000,0.000000
103.001999,0.000000,0.000000,0.200000,0.000000,0.000000,0.000000,0.000000,0.000000
103.007004,0.000000,0.000000,0.140000,0.000000,0.000000,0.000000,0.000000,0.000000
103.012001,0.000000,0.000000,0.080000,0.000000,0.000000,0.000000,0.000000,0.000000
103.016998,0.000000,0.000000,0.050000,0.000000,0.000000,0.000000,0.000000,0.000000
103.022003,0.000000,0.000000,0.030000,0.000000,0.000000,0.000000,0.000000,0.000000
103.027000,0.000000,0.000000,0.040000,0.000000,0.000000,0.000000,0.000000,0.000000
103.031998,0.000000,0.000000,0.090000,0.000000,0.000000,0.000000,0.000000,0.000000
103.037003,0.000000,0.000000,0.170000,0.000000,0.000000,0.000000,0.000000,0.000000
103.042000,0.000000,0.000000,0.270000,0.000000,0.000000,0.000000,0.000000,0.000000
103.046997,0.000000,0.000000,0.400000,0.000000,0.000000,0.000000,0.000000,0.000000
103.052002,0.000000,0.000000,0.530000,0.000000,0.000000,0.000000,0.000000,0.000000
103.056999,0.000000,0.000000,0.660000,0.000000,0.000000,0.000000,0.000000,0.000000
103.061996,0.000000,0.000000,0.770000,0.000000,0.000000,0.000000,0.000000,0.000000
103.067001,0.000000,0.000000,0.870000,0.000000,0.000000,0.000000,0.000000,0.000000
103.071999,0.000000,0.000000,0.960000,0.000000,0.000000,0.000000,0.000000,0.000000
103.077003,0.000000,0.000000,1.060000,0.000000,0.000000,0.000000,0.000000,0.000000
103.082001,0.000000,0.000000,1.170000,0.000000,0.000000,0.000000,0.000000,0.000000
103.086998,0.000000,0.000000,1.310000,0.000000,0.000000,0.000000,0.000000,0.000000
103.092003,0.000000,0.000000,1.500000,0.000000,0.000000,0.000000,0.000000,0.000000
103.097000,0.000000,0.000000,1.710000,0.000000,0.000000,0.000000,0.000000,0.000000
103.101997,0.000000,0.000000,1.930000,0.000000,0.000000,0.000000,0.000000,0.000000
103.107002,0.000000,0.000000,2.180000,0.000000,0.000000,0.000000,0.000000,0.000000
103.112000,0.000000,0.000000,2.470000,0.000000,0.000000,0.000000,0.000000,0.000000
103.116997,0.000000,0.000000,2.770000,0.000000,0.000000,0.000000,0.000000,0.000000
103.122002,0.000000,0.000000,3.100000,0.000000,0.000000,0.000000,0.000000,0.000000
103.126999,0.000000,0.000000,3.440000,0.000000,0.000000,0.000000,0.000000,0.000000
103.132004,0.000000,0.000000,3.770000,0.000000,0.000000,0.000000,0.000000,0.000000
103.137001,0.000000,0.000000,4.080000,0.000000,0.000000,0.000000,0.000000,0.000000
103.141998,0.000000,0.000000,4.350000,0.000000,0.000000,0.000000,0.000000,0.000000
103.147003,0.000000,0.000000,4.590000,0.000000,0.000000,0.000000,0.000000,0.000000
103.152000,0.000000,0.000000,4.770000,0.000000,0.000000,0.000000,0.000000,0.000000
103.156998,0.000000,0.000000,4.920000,0.000000,0.000000,0.000000,0.000000,0.000000
103.162003,0.000000,0.000000,5.080000,0.000000,0.000000,0.000000,0.000000,0.000000
103.167000,0.000000,0.000000,5.160000,0.000000,0.000000,0.000000,0.000000,0.000000
103.171997,0.000000,0.000000,5.190000,0.000000,0.000000,0.000000,0.000000,0.000000
103.177002,0.000000,0.000000,5.230000,0.000000,0.000000,0.000000,0.000000,0.000000
103.181999,0.000000,0.000000,5.230000,0.000000,0.000000,0.000000,0.000000,0.000000
103.186996,0.000000,0.000000,5.200000,0.000000,0.000000,0.000000,0.000000,0.000000
103.192001,0.000000,0.000000,5.230000,0.000000,0.000000,0.000000,0.000000,0.000000
103.196999,0.000000,0.000000,5.430000,0.000000,0.000000,0.000000,0.000000,0.000000
103.202003,0.000000,0.000000,5.440000,0.000000,0.000000,0.000000,0.000000,0.000000
103.207001,0.000000,0.000000,5.470000,0.000000,0.000000,0.000000,0.000000,0.000000
103.211998,0.000000,0.000000,5.490000,0.000000,0.000000,0.000000,0.000000,0.000000
103.217003,0.000000,0.000000,5.560000,0.000000,0.000000,0.000000,0.000000,0.000000
103.222000,0.000000,0.000000,5.650000,0.000000,0.000000,0.000000,0.000000,0.000000
103.226997,0.000000,0.000000,5.710000,0.000000,0.000000,0.000000,0.000000,0.000000
103.232002,0.000000,0.000000,5.860000,0.000000,0.000000,0.000000,0.000000,0.000000
103.237000,0.000000,0.000000,6.080000,0.000000,0.000000,0.000000,0.000000,0.000000
103.241997,0.000000,0.000000,6.290000,0.000000,0.000000,0.000000,0.000000,0.000000
103.247002,0.000000,0.000000,6.540000,0.000000,0.000000,0.000000,0.000000,0.000000
103.251999,0.000000,0.000000,6.810000,0.000000,0.000000,0.000000,0.000000,0.000000
103.257004,0.000000,0.000000,7.120000,0.000000,0.000000,0.000000,0.000000,0.000000
103.262001,0.000000,0.000000,7.420000,0.000000,0.000000,0.000000,0.000000,0.000000
103.266998,0.000000,0.000000,7.730000,0.000000,0.000000,0.000000,0.000000,0.000000
103.272003,0.000000,0.000000,8.030000,0.000000,0.000000,0.000000,0.000000,0.000000
103.277000,0.000000,0.000000,8.320000,0.000000,0.000000,0.000000,0.000000,0.000000
103.281998,0.000000,0.000000,8.570000,0.000000,0.000000,0.000000,0.000000,0.000000
103.287003,0.000000,0.000000,8.780000,0.000000,0.000000,0.000000,0.000000,0.000000
103.292000,0.000000,0.000000,8.950000,0.000000,0.000000,0.000000,0.000000,0.000000
103.296997,0.000000,0.000000,9.090000,0.000000,0.000000,0.000000,0.000000,0.000000
103.302002,0.000000,0.000000,9.200000,0.000000,0.000000,0.000000,0.000000,0.000000
103.306999,0.000000,0.000000,9.240000,0.000000,0.000000,0.000000,0.000000,0.000000
103.311996,0.000000,0.000000,9.240000,0.000000,0.000000,0.000000,0.000000,0.000000
103.317001,0.000000,0.000000,9.170000,0.000000,0.000000,0.000000,0.000000,0.000000
103.321999,0.000000,0.000000,9.050000,0.000000,0.000000,0.000000,0.000000,0.000000
103.327003,0.000000,0.000000,8.880000,0.000000,0.000000,0.000000,0.000000,0.000000
103.332001,0.000000,0.000000,8.700000,0.000000,0.000000,0.000000,0.000000,0.000000
103.336998,0.000000,0.000000,8.520000,0.000000,0.000000,0.000000,0.000000,0.000000
103.342003,0.000000,0.000000,8.360000,0.000000,0.000000,0.000000,0.000000,0.000000
103.347000,0.000000,0.000000,8.210000,0.000000,0.000000,0.000000,0.000000,0.000000
103.351997,0.000000,0.000000,8.080000,0.000000,0.000000,0.000000,0.000000,0.000000
103.357002,0.000000,0.000000,8.000000,0.000000,0.000000,0.000000,0.000000,0.000000
103.362000,0.000000,0.000000,7.930000,0.000000,0.000000,0.000000,0.000000,0.000000
103.366997,0.000000,0.000000,7.890000,0.000000,0.000000,0.000000,0.000000,0.000000
103.372002,0.000000,0.000000,7.890000,0.000000,0.000000,0.000000,0.000000,0.000000
103.376999,0.000000,0.000000,7.910000,0.000000,0.000000,0.000000,0.000000,0.000000
103.382004,0.000000,0.000000,7.950000,0.000000,0.000000,0.000000,0.000000,0.000000
103.387001,0.000000,0.000000,8.020000,0.000000,0.000000,0.000000,0.000000,0.000000
103.391998,0.000000,0.000000,8.110000,0.000000,0.000000,0.000000,0.000000,0.000000
103.397003,0.000000,0.000000,8.210000,0.000000,0.000000,0.000000,0.000000,0.000000
103.402000,0.000000,0.000000,8.310000,0.000000,0.000000,0.000000,0.000000,0.000000
103.406998,0.000000,0.000000,8.410000,0.000000,0.000000,0.000000,0.000000,0.000000
103.412003,0.000000,0.000000,8.500000,0.000000,0.000000,0.000000,0.000000,0.000000
103.417000,0.000000,0.000000,8.580000,0.000000,0.000000,0.000000,0.000000,0.000000
103.421997,0.000000,0.000000,8.660000,0.000000,0.000000,0.000000,0.000000,0.000000
103.427002,0.000000,0.000000,8.720000,0.000000,0.000000,0.000000,0.000000,0.000000
103.431999,0.000000,0.000000,8.760000,0.000000,0.000000,0.000000,0.000000,0.000000
103.436996,0.000000,0.000000,8.780000,0.000000,0.000000,0.000000,0.000000,0.000000
103.442001,0.000000,0.000000,8.790000,0.000000,0.000000,0.000000,0.000000,0.000000
103.446999,0.000000,0.000000,8.790000,0.000000,0.000000,0.000000,0.000000,0.000000
103.452003,0.000000,0.000000,8.810000,0.000000,0.000000,0.000000,0.000000,0.000000
103.457001,0.000000,0.000000,8.850000,0.000000,0.000000,0.000000,0.000000,0.000000
103.461998,0.000000,0.000000,8.910000,0.000000,0.000000,0.000000,0.000000,0.000000
103.467003,0.000000,0.000000,9.000000,0.000000,0.000000,0.000000,0.000000,0.000000
103.472000,0.000000,0.000000,9.100000,0.000000,0.000000,0.000000,0.000000,0.000000
103.476997,0.000000,0.000000,9.230000,0.000000,0.000000,0.000000,0.000000,0.000000
103.482002,0.000000,0.000000,9.370000,0.000000,0.000000,0.000000,0.000000,0.000000
103.487000,0.000000,0.000000,9.520000,0.000000,0.000000,0.000000,0.000000,0.000000
103.491997,0.000000,0.000000,9.790000,0.000000,0.000000,0.000000,0.000000,0.000000
103.497002,0.000000,0.000000,9.910000,0.000000,0.000000,0.000000,0.000000,0.000000
103.501999,0.000000,0.000000,10.140000,0.000000,0.000000,0.000000,0.000000,0.000000
103.507004,0.000000,0.000000,10.310000,0.000000,0.000000,0.000000,0.000000,0.000000
103.512001,0.000000,0.000000,10.500000,0.000000,0.000000,0.000000,0.000000,0.000000
103.516998,0.000000,0.000000,10.560000,0.000000,0.000000,0.000000,0.000000,0.000000
103.522003,0.000000,0.000000,10.630000,0.000000,0.000000,0.000000,0.000000,0.000000
103.527000,0.000000,0.000000,10.630000,0.000000,0.000000,0.000000,0.000000,0.000000
103.531998,0.000000,0.000000,10.610000,0.000000,0.000000,0.000000,0.000000,0.000000
103.537003,0.000000,0.000000,10.540000,0.000000,0.000000,0.000000,0.000000,0.000000
103.542000,0.000000,0.000000,10.430000,0.000000,0.000000,0.000000,0.000000,0.000000
103.546997,0.000000,0.000000,10.300000,0.000000,0.000000,0.000000,0.000000,0.000000
103.552002,0.000000,0.000000,10.170000,0.000000,0.000000,0.000000,0.000000,0.000000
103.556999,0.000000,0.000000,10.040000,0.000000,0.000000,0.000000,0.000000,0.000000
103.561996,0.000000,0.000000,9.950000,0.000000,0.000000,0.000000,0.000000,0.000000
103.567001,0.000000,0.000000,9.910000,0.000000,0.000000,0.000000,0.000000,0.000000
103.571999,0.000000,0.000000,9.900000,0.000000,0.000000,0.000000,0.000000,0.000000
103.577003,0.000000,0.000000,9.930000,0.000000,0.000000,0.000000,0.000000,0.000000
103.582001,0.000000,0.000000,10.000000,0.000000,0.000000,0.000000,0.000000,0.000000
103.586998,0.000000,0.000000,10.080000,0.000000,0.000000,0.000000,0.000000,0.000000
103.592003,0.000000,0.000000,10.160000,0.000000,0.000000,0.000000,0.000000,0.000000
103.597000,0.000000,0.000000,10.260000,0.000000,0.000000,0.000000,0.000000,0.000000
103.601997,0.000000,0.000000,10.330000,0.000000,0.000000,0.000000,0.000000,0.000000
103.607002,0.000000,0.000000,10.370000,0.000000,0.000000,0.000000,0.000000,0.000000
103.612000,0.000000,0.000000,10.370000,0.000000,0.000000,0.000000,0.000000,0.000000
103.616997,0.000000,0.000000,10.350000,0.000000,0.000000,0.000000,0.000000,0.000000
103.622002,0.000000,0.000000,10.300000,0.000000,0.000000,0.000000,0.000000,0.000000
103.626999,0.000000,0.000000,10.220000,0.000000,0.000000,0.000000,0.000000,0.000000
103.632004,0.000000,0.000000,10.110000,0.000000,0.000000,0.000000,0.000000,0.000000
103.637001,0.000000,0.000000,10.010000,0.000000,0.000000,0.000000,0.000000,0.000000
103.641998,0.000000,0.000000,9.900000,0.000000,0.000000,0.000000,0.000000,0.000000
103.647003,0.000000,0.000000,9.800000,0.000000,0.000000,0.000000,0.000000,0.000000
103.652000,0.000000,0.000000,9.710000,0.000000,0.000000,0.000000,0.000000,0.000000
103.656998,0.000000,0.000000,9.630000,0.000000,0.000000,0.000000,0.000000,0.000000
103.662003,0.000000,0.000000,9.530000,0.000000,0.000000,0.000000,0.000000,0.000000
103.667000,0.000000,0.000000,9.430000,0.000000,0.000000,0.000000,0.000000,0.000000
103.671997,0.000000,0.000000,9.320000,0.000000,0.000000,0.000000,0.000000,0.000000
103.677002,0.000000,0.000000,9.220000,0.000000,0.000000,0.000000,0.000000,0.000000
103.681999,0.000000,0.000000,9.130000,0.000000,0.000000,0.000000,0.000000,0.000000
103.686996,0.000000,0.000000,9.050000,0.000000,0.000000,0.000000,0.000000,0.000000
103.692001,0.000000,0.000000,9.000000,0.000000,0.000000,0.000000,0.000000,0.000000
103.696999,0.000000,0.000000,8.970000,0.000000,0.000000,0.000000,0.000000,0.000000
103.702003,0.000000,0.000000,8.960000,0.000000,0.000000,0.000000,0.000000,0.000000
103.707001,0.000000,0.000000,8.980000,0.000000,0.000000,0.000000,0.000000,0.000000
103.711998,0.000000,0.000000,8.990000,0.000000,0.000000,0.000000,0.000000,0.000000
103.717003,0.000000,0.000000,9.030000,0.000000,0.000000,0.000000,0.000000,0.000000
103.722000,0.000000,0.000000,9.070000,0.000000,0.000000,0.000000,0.000000,0.000000
103.726997,0.000000,0.000000,9.120000,0.000000,0.000000,0.000000,0.000000,0.000000
103.732002,0.000000,0.000000,9.180000,0.000000,0.000000,0.000000,0.000000,0.000000
103.737000,0.000000,0.000000,9.220000,0.000000,0.000000,0.000000,0.000000,0.000000
103.741997,0.000000,0.000000,9.240000,0.000000,0.000000,0.000000,0.000000,0.000000
103.747002,0.000000,0.000000,9.200000,0.000000,0.000000,0.000000,0.000000,0.000000
103.751999,0.000000,0.000000,9.140000,0.000000,0.000000,0.000000,0.000000,0.000000
103.757004,0.000000,0.000000,9.040000,0.000000,0.000000,0.000000,0.000000,0.000000
103.762001,0.000000,0.000000,8.900000,0.000000,0.000000,0.000000,0.000000,0.000000
103.766998,0.000000,0.000000,8.740000,0.000000,0.000000,0.000000,0.000000,0.000000
103.772003,0.000000,0.000000,8.560000,0.000000,0.000000,0.000000,0.000000,0.000000
103.777000,0.000000,0.000000,8.370000,0.000000,0.000000,0.000000,0.000000,0.000000
103.781998,0.000000,0.000000,8.150000,0.000000,0.000000,0.000000,0.000000,0.000000
103.787003,0.000000,0.000000,7.920000,0.000000,0.000000,0.000000,0.000000,0.000000
103.792000,0.000000,0.000000,7.680000,0.000000,0.000000,0.000000,0.000000,0.000000
103.796997,0.000000,0.000000,7.430000,0.000000,0.000000,0.000000,0.000000,0.000000
103.802002,0.000000,0.000000,7.190000,0.000000,0.000000,0.000000,0.000000,0.000000
103.806999,0.000000,0.000000,6.930000,0.000000,0.000000,0.000000,0.000000,0.000000
103.811996,0.000000,0.000000,6.620000,0.000000,0.000000,0.000000,0.000000,0.000000
103.817001,0.000000,0.000000,6.300000,0.000000,0.000000,0.000000,0.000000,0.000000
103.821999,0.000000,0.000000,5.980000,0.000000,0.000000,0.000000,0.000000,0.000000
103.827003,0.000000,0.000000,5.680000,0.000000,0.000000,0.000000,0.000000,0.000000
103.832001,0.000000,0.000000,5.430000,0.000000,0.000000,0.000000,0.000000,0.000000
103.836998,0.000000,0.000000,5.250000,0.000000,0.000000,0.000000,0.000000,0.000000
103.842003,0.000000,0.000000,5.130000,0.000000,0.000000,0.000000,0.000000,0.000000
103.847000,0.000000,0.000000,5.080000,0.000000,0.000000,0.000000,0.000000,0.000000
103.851997,0.000000,0.000000,5.040000,0.000000,0.000000,0.000000,0.000000,0.000000
103.857002,0.000000,0.000000,5.000000,0.000000,0.000000,0.000000,0.000000,0.000000
103.862000,0.000000,0.000000,4.960000,0.000000,0.000000,0.000000,0.000000,0.000000
103.866997,0.000000,0.000000,4.910000,0.000000,0.000000,0.000000,0.000000,0.000000
103.872002,0.000000,0.000000,4.860000,0.000000,0.000000,0.000000,0.000000,0.000000
103.876999,0.000000,0.000000,4.820000,0.000000,0.000000,0.000000,0.000000,0.000000
103.882004,0.000000,0.000000,4.790000,0.000000,0.000000,0.000000,0.000000,0.000000
103.887001,0.000000,0.000000,4.760000,0.000000,0.000000,0.000000,0.000000,0.000000
103.891998,0.000000,0.000000,4.760000,0.000000,0.000000,0.000000,0.000000,0.000000
103.897003,0.000000,0.000000,4.770000,0.000000,0.000000,0.000000,0.000000,0.000000
103.902000,0.000000,0.000000,4.800000,0.000000,0.000000,0.000000,0.000000,0.000000
103.906998,0.000000,0.000000,4.860000,0.000000,0.000000,0.000000,0.000000,0.000000
103.912003,0.000000,0.000000,4.940000,0.000000,0.000000,0.000000,0.000000,0.000000
103.917000,0.000000,0.000000,5.050000,0.000000,0.000000,0.000000,0.000000,0.000000
103.921997,0.000000,0.000000,5.200000,0.000000,0.000000,0.000000,0.000000,0.000000
103.927002,0.000000,0.000000,5.340000,0.000000,0.000000,0.000000,0.000000,0.000000
103.931999,0.000000,0.000000,5.470000,0.000000,0.000000,0.000000,0.000000,0.000000
103.936996,0.000000,0.000000,5.560000,0.000000,0.000000,0.000000,0.000000,0.000000
103.942001,0.000000,0.000000,5.650000,0.000000,0.000000,0.000000,0.000000,0.000000
103.946999,0.000000,0.000000,5.730000,0.000000,0.000000,0.000000,0.000000,0.000000
103.952003,0.000000,0.000000,5.800000,0.000000,0.000000,0.000000,0.000000,0.000000
103.957001,0.000000,0.000000,5.870000,0.000000,0.000000,0.000000,0.000000,0.000000
103.961998,0.000000,0.000000,5.950000,0.000000,0.000000,0.000000,0.000000,0.000000
103.967003,0.000000,0.000000,6.040000,0.000000,0.000000,0.000000,0.000000,0.000000
103.972000,0.000000,0.000000,6.110000,0.000000,0.000000,0.000000,0.000000,0.000000
103.976997,0.000000,0.000000,6.180000,0.000000,0.000000,0.000000,0.000000,0.000000
103.982002,0.000000,0.000000,6.210000,0.000000,0.000000,0.000000,0.000000,0.000000
103.987000,0.000000,0.000000,6.210000,0.000000,0.000000,0.000000,0.000000,0.000000
103.991997,0.000000,0.000000,6.180000,0.000000,0.000000,0.000000,0.000000,0.000000
103.997002,0.000000,0.000000,6.110000,0.000000,0.000000,0.000000,0.000000,0.000000
104.001999,0.000000,0.000000,6.020000,0.000000,0.000000,0.000000,0.000000,0.000000
104.007004,0.000000,0.000000,5.890000,0.000000,0.000000,0.000000,0.000000,0.000000
104.012001,0.000000,0.000000,5.750000,0.000000,0.000000,0.000000,0.000000,0.000000
104.016998,0.000000,0.000000,5.580000,0.000000,0.000000,0.000000,0.000000,0.000000
104.022003,0.000000,0.000000,5.400000,0.000000,0.000000,0.000000,0.000000,0.000000
104.027000,0.000000,0.000000,5.220000,0.000000,0.000000,0.000000,0.000000,0.000000
104.031998,0.000000,0.000000,5.040000,0.000000,0.000000,0.000000,0.000000,0.000000
104.037003,0.000000,0.000000,4.880000,0.000000,0.000000,0.000000,0.000000,0.000000
104.042000,0.000000,0.000000,4.770000,0.000000,0.000000,0.000000,0.000000,0.000000
104.046997,0.000000,0.000000,4.710000,0.000000,0.000000,0.000000,0.000000,0.000000
104.052002,0.000000,0.000000,4.690000,0.000000,0.000000,0.000000,0.000000,0.000000
104.056999,0.000000,0.000000,4.720000,0.000000,0.000000,0.000000,0.000000,0.000000
104.061996,0.000000,0.000000,4.790000,0.000000,0.000000,0.000000,0.000000,0.000000
104.067001,0.000000,0.000000,4.910000,0.000000,0.000000,0.000000,0.000000,0.000000
104.071999,0.000000,0.000000,5.100000,0.000000,0.000000,0.000000,0.000000,0.000000
104.077003,0.000000,0.000000,5.320000,0.000000,0.000000,0.000000,0.000000,0.000000
104.082001,0.000000,0.000000,5.520000,0.000000,0.000000,0.000000,0.000000,0.000000
104.086998,0.000000,0.000000,5.730000,0.000000,0.000000,0.000000,0.000000,0.000000
104.092003,0.000000,0.000000,5.970000,0.000000,0.000000,0.000000,0.000000,0.000000
104.097000,0.000000,0.000000,6.200000,0.000000,0.000000,0.000000,0.000000,0.000000
104.101997,0.000000,0.000000,6.470000,0.000000,0.000000,0.000000,0.000000,0.000000
104.107002,0.000000,0.000000,6.730000,0.000000,0.000000,0.000000,0.000000,0.000000
104.112000,0.000000,0.000000,7.000000,0.000000,0.000000,0.000000,0.000000,0.000000
104.116997,0.000000,0.000000,7.260000,0.000000,0.000000,0.000000,0.000000,0.000000
104.122002,0.000000,0.000000,7.480000,0.000000,0.000000,0.000000,0.000000,0.000000
104.126999,0.000000,0.000000,7.670000,0.000000,0.000000,0.000000,0.000000,0.000000
104.132004,0.000000,0.000000,7.810000,0.000000,0.000000,0.000000,0.000000,0.000000
104.137001,0.000000,0.000000,7.880000,0.000000,0.000000,0.000000,0.000000,0.000000
104.141998,0.000000,0.000000,7.890000,0.000000,0.000000,0.000000,0.000000,0.000000
104.147003,0.000000,0.000000,7.830000,0.000000,0.000000,0.000000,0.000000,0.000000
104.152000,0.000000,0.000000,7.730000,0.000000,0.000000,0.000000,0.000000,0.000000
104.156998,0.000000,0.000000,7.590000,0.000000,0.000000,0.000000,0.000000,0.000000
104.162003,0.000000,0.000000,7.440000,0.000000,0.000000,0.000000,0.000000,0.000000
104.167000,0.000000,0.000000,7.290000,0.000000,0.000000,0.000000,0.000000,0.000000
104.171997,0.000000,0.000000,7.120000,0.000000,0.000000,0.000000,0.000000,0.000000
104.177002,0.000000,0.000000,6.950000,0.000000,0.000000,0.000000,0.000000,0.000000
104.181999,0.000000,0.000000,6.800000,0.000000,0.000000,0.000000,0.000000,0.000000
104.186996,0.000000,0.000000,6.640000,0.000000,0.000000,0.000000,0.000000,0.000000
104.192001,0.000000,0.000000,6.480000,0.000000,0.000000,0.000000,0.000000,0.000000
104.196999,0.000000,0.000000,6.340000,0.000000,0.000000,0.000000,0.000000,0.000000
104.202003,0.000000,0.000000,6.220000,0.000000,0.000000,0.000000,0.000000,0.000000
104.207001,0.000000,0.000000,6.110000,0.000000,0.000000,0.000000,0.000000,0.000000
104.211998,0.000000,0.000000,6.030000,0.000000,0.000000,0.000000,0.000000,0.000000
104.217003,0.000000,0.000000,5.980000,0.000000,0.000000,0.000000,0.000000,0.000000
104.222000,0.000000,0.000000,5.970000,0.000000,0.000000,0.000000,0.000000,0.000000
104.226997,0.000000,0.000000,5.990000,0.000000,0.000000,0.000000,0.000000,0.000000
104.232002,0.000000,0.000000,6.030000,0.000000,0.000000,0.000000,0.000000,0.000000
104.237000,0.000000,0.000000,6.110000,0.000000,0.000000,0.000000,0.000000,0.000000
104.241997,0.000000,0.000000,6.200000,0.000000,0.000000,0.000000,0.000000,0.000000
104.247002,0.000000,0.000000,6.290000,0.000000,0.000000,0.000000,0.000000,0.000000
104.251999,0.000000,0.000000,6.380000,0.000000,0.000000,0.000000,0.000000,0.000000
104.257004,0.000000,0.000000,6.450000,0.000000,0.000000,0.000000,0.000000,0.000000
104.262001,0.000000,0.000000,6.490000,0.000000,0.000000,0.000000,0.000000,0.000000
104.266998,0.000000,0.000000,6.540000,0.000000,0.000000,0.000000,0.000000,0.000000
104.272003,0.000000,0.000000,6.600000,0.000000,0.000000,0.000000,0.000000,0.000000
104.277000,0.000000,0.000000,6.660000,0.000000,0.000000,0.000000,0.000000,0.000000
104.281998,0.000000,0.000000,6.710000,0.000000,0.000000,0.000000,0.000000,0.000000
104.287003,0.000000,0.000000,6.750000,0.000000,0.000000,0.000000,0.000000,0.000000
104.292000,0.000000,0.000000,6.750000,0.000000,0.000000,0.000000,0.000000,0.000000
104.296997,0.000000,0.000000,6.760000,0.000000,0.000000,0.000000,0.000000,0.000000
104.302002,0.000000,0.000000,6.740000,0.000000,0.000000,0.000000,0.000000,0.000000
104.306999,0.000000,0.000000,6.720000,0.000000,0.000000,0.000000,0.000000,0.000000
104.311996,0.000000,0.000000,6.700000,0.000000,0.000000,0.000000,0.000000,0.000000
104.317001,0.000000,0.000000,6.690000,0.000000,0.000000,0.000000,0.000000,0.000000
104.321999,0.000000,0.000000,6.690000,0.000000,0.000000,0.000000,0.000000,0.000000
104.327003,0.000000,0.000000,6.700000,0.000000,0.000000,0.000000,0.000000,0.000000
104.332001,0.000000,0.000000,6.720000,0.000000,0.000000,0.000000,0.000000,0.000000
104.336998,0.000000,0.000000,6.810000,0.000000,0.000000,0.000000,0.000000,0.000000
104.342003,0.000000,0.000000,6.660000,0.000000,0.000000,0.000000,0.000000,0.000000
104.347000,0.000000,0.000000,6.570000,0.000000,0.000000,0.000000,0.000000,0.000000
104.351997,0.000000,0.000000,6.410000,0.000000,0.000000,0.000000,0.000000,0.000000
104.357002,0.000000,0.000000,6.190000,0.000000,0.000000,0.000000,0.000000,0.000000
104.362000,0.000000,0.000000,6.050000,0.000000,0.000000,0.000000,0.000000,0.000000
104.366997,0.000000,0.000000,5.710000,0.000000,0.000000,0.000000,0.000000,0.000000
104.372002,0.000000,0.000000,5.320000,0.000000,0.000000,0.000000,0.000000,0.000000
104.376999,0.000000,0.000000,5.010000,0.000000,0.000000,0.000000,0.000000,0.000000
104.382004,0.000000,0.000000,4.820000,0.000000,0.000000,0.000000,0.000000,0.000000
104.387001,0.000000,0.000000,4.550000,0.000000,0.000000,0.000000,0.000000,0.000000
104.391998,0.000000,0.000000,4.500000,0.000000,0.000000,0.000000,0.000000,0.000000
104.397003,0.000000,0.000000,4.450000,0.000000,0.000000,0.000000,0.000000,0.000000
104.402000,0.000000,0.000000,4.450000,0.000000,0.000000,0.000000,0.000000,0.000000
104.406998,0.000000,0.000000,4.400000,0.000000,0.000000,0.000000,0.000000,0.000000
104.412003,0.000000,0.000000,4.340000,0.000000,0.000000,0.000000,0.000000,0.000000
104.417000,0.000000,0.000000,4.210000,0.000000,0.000000,0.000000,0.000000,0.000000
104.421997,0.000000,0.000000,4.130000,0.000000,0.000000,0.000000,0.000000,0.000000
104.427002,0.000000,0.000000,4.060000,0.000000,0.000000,0.000000,0.000000,0.000000
104.431999,0.000000,0.000000,4.020000,0.000000,0.000000,0.000000,0.000000,0.000000
104.436996,0.000000,0.000000,3.950000,0.000000,0.000000,0.000000,0.000000,0.000000
104.442001,0.000000,0.000000,3.940000,0.000000,0.000000,0.000000,0.000000,0.000000
104.446999,0.000000,0.000000,3.920000,0.000000,0.000000,0.000000,0.000000,0.000000
104.452003,0.000000,0.000000,3.870000,0.000000,0.000000,0.000000,0.000000,0.000000
104.457001,0.000000,0.000000,3.820000,0.000000,0.000000,0.000000,0.000000,0.000000
104.461998,0.000000,0.000000,3.760000,0.000000,0.000000,0.000000,0.000000,0.000000
104.467003,0.000000,0.000000,3.710000,0.000000,0.000000,0.000000,0.000000,0.000000
104.472000,0.000000,0.000000,3.670000,0.000000,0.000000,0.000000,0.000000,0.000000
104.476997,0.000000,0.000000,3.630000,0.000000,0.000000,0.000000,0.000000,0.000000
104.482002,0.000000,0.000000,3.610000,0.000000,0.000000,0.000000,0.000000,0.000000
104.487000,0.000000,0.000000,3.630000,0.000000,0.000000,0.000000,0.000000,0.000000
104.491997,0.000000,0.000000,3.660000,0.000000,0.000000,0.000000,0.000000,0.000000
104.497002,0.000000,0.000000,3.730000,0.000000,0.000000,0.000000,0.000000,0.000000
104.501999,0.000000,0.000000,3.830000,0.000000,0.000000,0.000000,0.000000,0.000000
104.507004,0.000000,0.000000,3.910000,0.000000,0.000000,0.000000,0.000000,0.000000
104.512001,0.000000,0.000000,4.010000,0.000000,0.000000,0.000000,0.000000,0.000000
104.516998,0.000000,0.000000,4.100000,0.000000,0.000000,0.000000,0.000000,0.000000
104.522003,0.000000,0.000000,4.180000,0.000000,0.000000,0.000000,0.000000,0.000000
104.527000,0.000000,0.000000,4.280000,0.000000,0.000000,0.000000,0.000000,0.000000
104.531998,0.000000,0.000000,4.420000,0.000000,0.000000,0.000000,0.000000,0.000000
104.537003,0.000000,0.000000,4.590000,0.000000,0.000000,0.000000,0.000000,0.000000
104.542000,0.000000,0.000000,4.800000,0.000000,0.000000,0.000000,0.000000,0.000000
104.546997,0.000000,0.000000,5.030000,0.000000,0.000000,0.000000,0.000000,0.000000
104.552002,0.000000,0.000000,5.270000,0.000000,0.000000,0.000000,0.000000,0.000000
104.556999,0.000000,0.000000,5.480000,0.000000,0.000000,0.000000,0.000000,0.000000
104.561996,0.000000,0.000000,5.700000,0.000000,0.000000,0.000000,0.000000,0.000000
104.567001,0.000000,0.000000,5.940000,0.000000,0.000000,0.000000,0.000000,0.000000
104.571999,0.000000,0.000000,6.120000,0.000000,0.000000,0.000000,0.000000,0.000000
104.577003,0.000000,0.000000,6.320000,0.000000,0.000000,0.000000,0.000000,0.000000
104.582001,0.000000,0.000000,6.500000,0.000000,0.000000,0.000000,0.000000,0.000000
104.586998,0.000000,0.000000,6.670000,0.000000,0.000000,0.000000,0.000000,0.000000
104.592003,0.000000,0.000000,6.830000,0.000000,0.000000,0.000000,0.000000,0.000000
104.597000,0.000000,0.000000,6.970000,0.000000,0.000000,0.000000,0.000000,0.000000
104.601997,0.000000,0.000000,7.100000,0.000000,0.000000,0.000000,0.000000,0.000000
104.607002,0.000000,0.000000,7.220000,0.000000,0.000000,0.000000,0.000000,0.000000
104.612000,0.000000,0.000000,7.330000,0.000000,0.000000,0.000000,0.000000,0.000000
104.616997,0.000000,0.000000,7.440000,0.000000,0.000000,0.000000,0.000000,0.000000
104.622002,0.000000,0.000000,7.540000,0.000000,0.000000,0.000000,0.000000,0.000000
104.626999,0.000000,0.000000,7.620000,0.000000,0.000000,0.000000,0.000000,0.000000
104.632004,0.000000,0.000000,7.680000,0.000000,0.000000,0.000000,0.000000,0.000000
104.637001,0.000000,0.000000,7.730000,0.000000,0.000000,0.000000,0.000000,0.000000
104.641998,0.000000,0.000000,7.790000,0.000000,0.000000,0.000000,0.000000,0.000000
104.647003,0.000000,0.000000,7.850000,0.000000,0.000000,0.000000,0.000000,0.000000
104.652000,0.000000,0.000000,7.930000,0.000000,0.000000,0.000000,0.000000,0.000000
104.656998,0.000000,0.000000,8.020000,0.000000,0.000000,0.000000,0.000000,0.000000
104.662003,0.000000,0.000000,8.120000,0.000000,0.000000,0.000000,0.000000,0.000000
104.667000,0.000000,0.000000,8.220000,0.000000,0.000000,0.000000,0.000000,0.000000
104.671997,0.000000,0.000000,8.340000,0.000000,0.000000,0.000000,0.000000,0.000000
104.677002,0.000000,0.000000,8.470000,0.000000,0.000000,0.000000,0.000000,0.000000
104.681999,0.000000,0.000000,8.580000,0.000000,0.000000,0.000000,0.000000,0.000000
104.686996,0.000000,0.000000,8.740000,0.000000,0.000000,0.000000,0.000000,0.000000
104.692001,0.000000,0.000000,8.820000,0.000000,0.000000,0.000000,0.000000,0.000000
104.696999,0.000000,0.000000,8.930000,0.000000,0.000000,0.000000,0.000000,0.000000
104.702003,0.000000,0.000000,9.060000,0.000000,0.000000,0.000000,0.000000,0.000000
104.707001,0.000000,0.000000,9.180000,0.000000,0.000000,0.000000,0.000000,0.000000
104.711998,0.000000,0.000000,9.300000,0.000000,0.000000,0.000000,0.000000,0.000000
104.717003,0.000000,0.000000,9.400000,0.000000,0.000000,0.000000,0.000000,0.000000
104.722000,0.000000,0.000000,9.520000,0.000000,0.000000,0.000000,0.000000,0.000000
104.726997,0.000000,0.000000,9.640000,0.000000,0.000000,0.000000,0.000000,0.000000
104.732002,0.000000,0.000000,9.760000,0.000000,0.000000,0.000000,0.000000,0.000000
104.737000,0.000000,0.000000,9.870000,0.000000,0.000000,0.000000,0.000000,0.000000
104.741997,0.000000,0.000000,9.970000,0.000000,0.000000,0.000000,0.000000,0.000000
104.747002,0.000000,0.000000,10.080000,0.000000,0.000000,0.000000,0.000000,0.000000
104.751999,0.000000,0.000000,10.190000,0.000000,0.000000,0.000000,0.000000,0.000000
104.757004,0.000000,0.000000,10.290000,0.000000,0.000000,0.000000,0.000000,0.000000
104.762001,0.000000,0.000000,10.400000,0.000000,0.000000,0.000000,0.000000,0.000000
104.766998,0.000000,0.000000,10.520000,0.000000,0.000000,0.000000,0.000000,0.000000
104.772003,0.000000,0.000000,10.630000,0.000000,0.000000,0.000000,0.000000,0.000000
104.777000,0.000000,0.000000,10.780000,0.000000,0.000000,0.000000,0.000000,0.000000
104.781998,0.000000,0.000000,10.640000,0.000000,0.000000,0.000000,0.000000,0.000000
104.787003,0.000000,0.000000,10.260000,0.000000,0.000000,0.000000,0.000000,0.000000
104.792000,0.000000,0.000000,9.770000,0.000000,0.000000,0.000000,0.000000,0.000000
104.796997,0.000000,0.000000,9.680000,0.000000,0.000000,0.000000,0.000000,0.000000
104.802002,0.000000,0.000000,9.740000,0.000000,0.000000,0.000000,0.000000,0.000000
104.806999,0.000000,0.000000,9.730000,0.000000,0.000000,0.000000,0.000000,0.000000
104.811996,0.000000,0.000000,9.680000,0.000000,0.000000,0.000000,0.000000,0.000000
104.817001,0.000000,0.000000,9.520000,0.000000,0.000000,0.000000,0.000000,0.000000
104.821999,0.000000,0.000000,9.300000,0.000000,0.000000,0.000000,0.000000,0.000000
104.827003,0.000000,0.000000,9.000000,0.000000,0.000000,0.000000,0.000000,0.000000
104.832001,0.000000,0.000000,8.710000,0.000000,0.000000,0.000000,0.000000,0.000000
104.836998,0.000000,0.000000,8.390000,0.000000,0.000000,0.000000,0.000000,0.000000
104.842003,0.000000,0.000000,8.080000,0.000000,0.000000,0.000000,0.000000,0.000000
104.847000,0.000000,0.000000,7.780000,0.000000,0.000000,0.000000,0.000000,0.000000
104.851997,0.000000,0.000000,7.500000,0.000000,0.000000,0.000000,0.000000,0.000000
104.857002,0.000000,0.000000,7.230000,0.000000,0.000000,0.000000,0.000000,0.000000
104.862000,0.000000,0.000000,7.090000,0.000000,0.000000,0.000000,0.000000,0.000000
104.866997,0.000000,0.000000,7.100000,0.000000,0.000000,0.000000,0.000000,0.000000
104.872002,0.000000,0.000000,6.980000,0.000000,0.000000,0.000000,0.000000,0.000000
104.876999,0.000000,0.000000,6.780000,0.000000,0.000000,0.000000,0.000000,0.000000
104.882004,0.000000,0.000000,6.420000,0.000000,0.000000,0.000000,0.000000,0.000000
104.887001,0.000000,0.000000,6.020000,0.000000,0.000000,0.000000,0.000000,0.000000
104.891998,0.000000,0.000000,5.740000,0.000000,0.000000,0.000000,0.000000,0.000000
104.897003,0.000000,0.000000,5.510000,0.000000,0.000000,0.000000,0.000000,0.000000
104.902000,0.000000,0.000000,5.250000,0.000000,0.000000,0.000000,0.000000,0.000000
104.906998,0.000000,0.000000,4.990000,0.000000,0.000000,0.000000,0.000000,0.000000
104.912003,0.000000,0.000000,4.740000,0.000000,0.000000,0.000000,0.000000,0.000000
104.917000,0.000000,0.000000,4.510000,0.000000,0.000000,0.000000,0.000000,0.000000
104.921997,0.000000,0.000000,4.290000,0.000000,0.000000,0.000000,0.000000,0.000000
104.927002,0.000000,0.000000,4.060000,0.000000,0.000000,0.000000,0.000000,0.000000
104.931999,0.000000,0.000000,3.840000,0.000000,0.000000,0.000000,0.000000,0.000000
104.936996,0.000000,0.000000,3.650000,0.000000,0.000000,0.000000,0.000000,0.000000
104.942001,0.000000,0.000000,3.460000,0.000000,0.000000,0.000000,0.000000,0.000000
104.946999,0.000000,0.000000,3.270000,0.000000,0.000000,0.000000,0.000000,0.000000
104.952003,0.000000,0.000000,3.100000,0.000000,0.000000,0.000000,0.000000,0.000000
104.957001,0.000000,0.000000,2.980000,0.000000,0.000000,0.000000,0.000000,0.000000
104.961998,0.000000,0.000000,2.890000,0.000000,0.000000,0.000000,0.000000,0.000000
104.967003,0.000000,0.000000,2.820000,0.000000,0.000000,0.000000,0.000000,0.000000
104.972000,0.000000,0.000000,2.790000,0.000000,0.000000,0.000000,0.000000,0.000000
104.976997,0.000000,0.000000,2.800000,0.000000,0.000000,0.000000,0.000000,0.000000
104.982002,0.000000,0.000000,2.840000,0.000000,0.000000,0.000000,0.000000,0.000000
104.987000,0.000000,0.000000,2.920000,0.000000,0.000000,0.000000,0.000000,0.000000
104.991997,0.000000,0.000000,3.020000,0.000000,0.000000,0.000000,0.000000,0.000000
104.997002,0.000000,0.000000,3.090000,0.000000,0.000000,0.000000,0.000000,0.000000
105.001999,0.000000,0.000000,3.160000,0.000000,0.000000,0.000000,0.000000,0.000000
105.007004,0.000000,0.000000,3.260000,0.000000,0.000000,0.000000,0.000000,0.000000
105.012001,0.000000,0.000000,3.310000,0.000000,0.000000,0.000000,0.000000,0.000000
105.016998,0.000000,0.000000,3.340000,0.000000,0.000000,0.000000,0.000000,0.000000
105.022003,0.000000,0.000000,3.360000,0.000000,0.000000,0.000000,0.000000,0.000000
105.027000,0.000000,0.000000,3.340000,0.000000,0.000000,0.000000,0.000000,0.000000
105.031998,0.000000,0.000000,3.340000,0.000000,0.000000,0.000000,0.000000,0.000000
105.037003,0.000000,0.000000,3.400000,0.000000,0.000000,0.000000,0.000000,0.000000
105.042000,0.000000,0.000000,3.460000,0.000000,0.000000,0.000000,0.000000,0.000000
105.046997,0.000000,0.000000,3.510000,0.000000,0.000000,0.000000,0.000000,0.000000
105.052002,0.000000,0.000000,3.580000,0.000000,0.000000,0.000000,0.000000,0.000000
105.056999,0.000000,0.000000,3.660000,0.000000,0.000000,0.000000,0.000000,0.000000
105.061996,0.000000,0.000000,3.750000,0.000000,0.000000,0.000000,0.000000,0.000000
105.067001,0.000000,0.000000,3.810000,0.000000,0.000000,0.000000,0.000000,0.000000
105.071999,0.000000,0.000000,3.840000,0.000000,0.000000,0.000000,0.000000,0.000000
105.077003,0.000000,0.000000,3.840000,0.000000,0.000000,0.000000,0.000000,0.000000
105.082001,0.000000,0.000000,3.820000,0.000000,0.000000,0.000000,0.000000,0.000000
105.086998,0.000000,0.000000,3.780000,0.000000,0.000000,0.000000,0.000000,0.000000
105.092003,0.000000,0.000000,3.700000,0.000000,0.000000,0.000000,0.000000,0.000000
105.097000,0.000000,0.000000,3.650000,0.000000,0.000000,0.000000,0.000000,0.000000
105.101997,0.000000,0.000000,3.580000,0.000000,0.000000,0.000000,0.000000,0.000000
105.107002,0.000000,0.000000,3.530000,0.000000,0.000000,0.000000,0.000000,0.000000
105.112000,0.000000,0.000000,3.460000,0.000000,0.000000,0.000000,0.000000,0.000000
105.116997,0.000000,0.000000,3.380000,0.000000,0.000000,0.000000,0.000000,0.000000
105.122002,0.000000,0.000000,3.300000,0.000000,0.000000,0.000000,0.000000,0.000000
105.126999,0.000000,0.000000,3.200000,0.000000,0.000000,0.000000,0.000000,0.000000
105.132004,0.000000,0.000000,3.090000,0.000000,0.000000,0.000000,0.000000,0.000000
105.137001,0.000000,0.000000,2.980000,0.000000,0.000000,0.000000,0.000000,0.000000
105.141998,0.000000,0.000000,2.860000,0.000000,0.000000,0.000000,0.000000,0.000000
105.147003,0.000000,0.000000,2.740000,0.000000,0.000000,0.000000,0.000000,0.000000
105.152000,0.000000,0.000000,2.630000,0.000000,0.000000,0.000000,0.000000,0.000000
105.156998,0.000000,0.000000,2.540000,0.000000,0.000000,0.000000,0.000000,0.000000
105.162003,0.000000,0.000000,2.500000,0.000000,0.000000,0.000000,0.000000,0.000000
105.167000,0.000000,0.000000,2.460000,0.000000,0.000000,0.000000,0.000000,0.000000
105.171997,0.000000,0.000000,2.320000,0.000000,0.000000,0.000000,0.000000,0.000000
105.177002,0.000000,0.000000,2.170000,0.000000,0.000000,0.000000,0.000000,0.000000
105.181999,0.000000,0.000000,2.080000,0.000000,0.000000,0.000000,0.000000,0.000000
105.186996,0.000000,0.000000,1.990000,0.000000,0.000000,0.000000,0.000000,0.000000
105.192001,0.000000,0.000000,1.890000,0.000000,0.000000,0.000000,0.000000,0.000000
105.196999,0.000000,0.000000,1.810000,0.000000,0.000000,0.000000,0.000000,0.000000
105.202003,0.000000,0.000000,1.760000,0.000000,0.000000,0.000000,0.000000,0.000000
105.207001,0.000000,0.000000,1.700000,0.000000,0.000000,0.000000,0.000000,0.000000
105.211998,0.000000,0.000000,1.650000,0.000000,0.000000,0.000000,0.000000,0.000000
105.217003,0.000000,0.000000,1.600000,0.000000,0.000000,0.000000,0.000000,0.000000
105.222000,0.000000,0.000000,1.570000,0.000000,0.000000,0.000000,0.000000,0.000000
105.226997,0.000000,0.000000,1.530000,0.000000,0.000000,0.000000,0.000000,0.000000
105.232002,0.000000,0.000000,1.490000,0.000000,0.000000,0.000000,0.000000,0.000000
105.237000,0.000000,0.000000,1.460000,0.000000,0.000000,0.000000,0.000000,0.000000
105.241997,0.000000,0.000000,1.440000,0.000000,0.000000,0.000000,0.000000,0.000000
105.247002,0.000000,0.000000,1.430000,0.000000,0.000000,0.000000,0.000000,0.000000
105.251999,0.000000,0.000000,1.420000,0.000000,0.000000,0.000000,0.000000,0.000000
105.257004,0.000000,0.000000,1.420000,0.000000,0.000000,0.000000,0.000000,0.000000
105.262001,0.000000,0.000000,1.420000,0.000000,0.000000,0.000000,0.000000,0.000000
105.266998,0.000000,0.000000,1.430000,0.000000,0.000000,0.000000,0.000000,0.000000
105.272003,0.000000,0.000000,1.430000,0.000000,0.000000,0.000000,0.000000,0.000000
105.277000,0.000000,0.000000,1.450000,0.000000,0.000000,0.000000,0.000000,0.000000
105.281998,0.000000,0.000000,1.480000,0.000000,0.000000,0.000000,0.000000,0.000000
105.287003,0.000000,0.000000,1.500000,0.000000,0.000000,0.000000,0.000000,0.000000
105.292000,0.000000,0.000000,1.520000,0.000000,0.000000,0.000000,0.000000,0.000000
105.296997,0.000000,0.000000,1.530000,0.000000,0.000000,0.000000,0.000000,0.000000
105.302002,0.000000,0.000000,1.550000,0.000000,0.000000,0.000000,0.000000,0.000000
105.306999,0.000000,0.000000,1.570000,0.000000,0.000000,0.000000,0.000000,0.000000
105.311996,0.000000,0.000000,1.590000,0.000000,0.000000,0.000000,0.000000,0.000000
105.317001,0.000000,0.000000,1.610000,0.000000,0.000000,0.000000,0.000000,0.000000
105.321999,0.000000,0.000000,1.620000,0.000000,0.000000,0.000000,0.000000,0.000000
105.327003,0.000000,0.000000,1.630000,0.000000,0.000000,0.000000,0.000000,0.000000
105.332001,0.000000,0.000000,1.630000,0.000000,0.000000,0.000000,0.000000,0.000000
105.336998,0.000000,0.000000,1.620000,0.000000,0.000000,0.000000,0.000000,0.000000
105.342003,0.000000,0.000000,1.610000,0.000000,0.000000,0.000000,0.000000,0.000000
105.347000,0.000000,0.000000,1.590000,0.000000,0.000000,0.000000,0.000000,0.000000
105.351997,0.000000,0.000000,1.570000,0.000000,0.000000,0.000000,0.000000,0.000000
105.357002,0.000000,0.000000,1.550000,0.000000,0.000000,0.000000,0.000000,0.000000
105.362000,0.000000,0.000000,1.520000,0.000000,0.000000,0.000000,0.000000,0.000000
105.366997,0.000000,0.000000,1.480000,0.000000,0.000000,0.000000,0.000000,0.000000
105.372002,0.000000,0.000000,1.450000,0.000000,0.000000,0.000000,0.000000,0.000000
105.376999,0.000000,0.000000,1.420000,0.000000,0.000000,0.000000,0.000000,0.000000
105.382004,0.000000,0.000000,1.390000,0.000000,0.000000,0.000000,0.000000,0.000000
105.387001,0.000000,0.000000,1.360000,0.000000,0.000000,0.000000,0.000000,0.000000
105.391998,0.000000,0.000000,1.330000,0.000000,0.000000,0.000000,0.000000,0.000000
105.397003,0.000000,0.000000,1.290000,0.000000,0.000000,0.000000,0.000000,0.000000
105.402000,0.000000,0.000000,1.270000,0.000000,0.000000,0.000000,0.000000,0.000000
105.406998,0.000000,0.000000,1.250000,0.000000,0.000000,0.000000,0.000000,0.000000
105.412003,0.000000,0.000000,1.230000,0.000000,0.000000,0.000000,0.000000,0.000000
105.417000,0.000000,0.000000,1.210000,0.000000,0.000000,0.000000,0.000000,0.000000
105.421997,0.000000,0.000000,1.200000,0.000000,0.000000,0.000000,0.000000,0.000000
105.427002,0.000000,0.000000,1.180000,0.000000,0.000000,0.000000,0.000000,0.000000
105.431999,0.000000,0.000000,1.170000,0.000000,0.000000,0.000000,0.000000,0.000000
105.436996,0.000000,0.000000,1.170000,0.000000,0.000000,0.000000,0.000000,0.000000
105.442001,0.000000,0.000000,1.160000,0.000000,0.000000,0.000000,0.000000,0.000000
105.446999,0.000000,0.000000,1.140000,0.000000,0.000000,0.000000,0.000000,0.000000
105.452003,0.000000,0.000000,1.120000,0.000000,0.000000,0.000000,0.000000,0.000000
105.457001,0.000000,0.000000,1.100000,0.000000,0.000000,0.000000,0.000000,0.000000
105.461998,0.000000,0.000000,1.080000,0.000000,0.000000,0.000000,0.000000,0.000000
105.467003,0.000000,0.000000,1.060000,0.000000,0.000000,0.000000,0.000000,0.000000
105.472000,0.000000,0.000000,1.030000,0.000000,0.000000,0.000000,0.000000,0.000000
105.476997,0.000000,0.000000,1.000000,0.000000,0.000000,0.000000,0.000000,0.000000
105.482002,0.000000,0.000000,0.980000,0.000000,0.000000,0.000000,0.000000,0.000000
105.487000,0.000000,0.000000,0.960000,0.000000,0.000000,0.000000,0.000000,0.000000
105.491997,0.000000,0.000000,0.930000,0.000000,0.000000,0.000000,0.000000,0.000000
105.497002,0.000000,0.000000,0.900000,0.000000,0.000000,0.000000,0.000000,0.000000
105.501999,0.000000,0.000000,0.880000,0.000000,0.000000,0.000000,0.000000,0.000000
105.507004,0.000000,0.000000,0.850000,0.000000,0.000000,0.000000,0.000000,0.000000
105.512001,0.000000,0.000000,0.820000,0.000000,0.000000,0.000000,0.000000,0.000000
105.516998,0.000000,0.000000,0.800000,0.000000,0.000000,0.000000,0.000000,0.000000
105.522003,0.000000,0.000000,0.790000,0.000000,0.000000,0.000000,0.000000,0.000000
105.527000,0.000000,0.000000,0.780000,0.000000,0.000000,0.000000,0.000000,0.000000
105.531998,0.000000,0.000000,0.770000,0.000000,0.000000,0.000000,0.000000,0.000000
105.537003,0.000000,0.000000,0.770000,0.000000,0.000000,0.000000,0.000000,0.000000
105.542000,0.000000,0.000000,0.760000,0.000000,0.000000,0.000000,0.000000,0.000000
105.546997,0.000000,0.000000,0.750000,0.000000,0.000000,0.000000,0.000000,0.000000
105.552002,0.000000,0.000000,0.740000,0.000000,0.000000,0.000000,0.000000,0.000000
105.556999,0.000000,0.000000,0.720000,0.000000,0.000000,0.000000,0.000000,0.000000
105.561996,0.000000,0.000000,0.690000,0.000000,0.000000,0.000000,0.000000,0.000000
105.567001,0.000000,0.000000,0.650000,0.000000,0.000000,0.000000,0.000000,0.000000
105.571999,0.000000,0.000000,0.590000,0.000000,0.000000,0.000000,0.000000,0.000000
105.577003,0.000000,0.000000,0.540000,0.000000,0.000000,0.000000,0.000000,0.000000
105.582001,0.000000,0.000000,0.520000,0.000000,0.000000,0.000000,0.000000,0.000000
105.586998,0.000000,0.000000,0.500000,0.000000,0.000000,0.000000,0.000000,0.000000
105.592003,0.000000,0.000000,0.460000,0.000000,0.000000,0.000000,0.000000,0.000000
105.597000,0.000000,0.000000,0.440000,0.000000,0.000000,0.000000,0.000000,0.000000
105.601997,0.000000,0.000000,0.420000,0.000000,0.000000,0.000000,0.000000,0.000000
105.607002,0.000000,0.000000,0.390000,0.000000,0.000000,0.000000,0.000000,0.000000
105.612000,0.000000,0.000000,0.360000,0.000000,0.000000,0.000000,0.000000,0.000000
105.616997,0.000000,0.000000,0.330000,0.000000,0.000000,0.000000,0.000000,0.000000
105.622002,0.000000,0.000000,0.290000,0.000000,0.000000,0.000000,0.000000,0.000000
105.626999,0.000000,0.000000,0.260000,0.000000,0.000000,0.000000,0.000000,0.000000
105.632004,0.000000,0.000000,0.220000,0.000000,0.000000,0.000000,0.000000,0.000000
105.637001,0.000000,0.000000,0.180000,0.000000,0.000000,0.000000,0.000000,0.000000
105.641998,0.000000,0.000000,0.150000,0.000000,0.000000,0.000000,0.000000,0.000000
105.647003,0.000000,0.000000,0.130000,0.000000,0.000000,0.000000,0.000000,0.000000
105.652000,0.000000,0.000000,0.120000,0.000000,0.000000,0.000000,0.000000,0.000000
105.656998,0.000000,0.000000,0.110000,0.000000,0.000000,0.000000,0.000000,0.000000
105.662003,0.000000,0.000000,0.110000,0.000000,0.000000,0.000000,0.000000,0.000000
105.667000,0.000000,0.000000,0.110000,0.000000,0.000000,0.000000,0.000000,0.000000
105.671997,0.000000,0.000000,0.110000,0.000000,0.000000,0.000000,0.000000,0.000000
105.677002,0.000000,0.000000,0.090000,0.000000,0.000000,0.000000,0.000000,0.000000
105.681999,0.000000,0.000000,0.060000,0.000000,0.000000,0.000000,0.000000,0.000000
105.686996,0.000000,0.000000,0.010000,0.000000,0.000000,0.000000,0.000000,0.000000
105.692001,0.000000,0.000000,-0.060000,0.000000,0.000000,0.000000,0.000000,0.000000
105.696999,0.000000,0.000000,-0.130000,0.000000,0.000000,0.000000,0.000000,0.000000
105.702003,0.000000,0.000000,-0.210000,0.000000,0.000000,0.000000,0.000000,0.000000
105.707001,0.000000,0.000000,-0.300000,0.000000,0.000000,0.000000,0.000000,0.000000
105.711998,0.000000,0.000000,-0.390000,0.000000,0.000000,0.000000,0.000000,0.000000
105.717003,0.000000,0.000000,-0.400000,0.000000,0.000000,0.000000,0.000000,0.000000
105.722000,0.000000,0.000000,-0.460000,0.000000,0.000000,0.000000,0.000000,0.000000
105.726997,0.000000,0.000000,-0.470000,0.000000,0.000000,0.000000,0.000000,0.000000
105.732002,0.000000,0.000000,-0.490000,0.000000,0.000000,0.000000,0.000000,0.000000
105.737000,0.000000,0.000000,-0.500000,0.000000,0.000000,0.000000,0.000000,0.000000
105.741997,0.000000,0.000000,-0.510000,0.000000,0.000000,0.000000,0.000000,0.000000
105.747002,0.000000,0.000000,-0.500000,0.000000,0.000000,0.000000,0.000000,0.000000
105.751999,0.000000,0.000000,-0.490000,0.000000,0.000000,0.000000,0.000000,0.000000
105.757004,0.000000,0.000000,-0.470000,0.000000,0.000000,0.000000,0.000000,0.000000
105.762001,0.000000,0.000000,-0.460000,0.000000,0.000000,0.000000,0.000000,0.000000
105.766998,0.000000,0.000000,-0.440000,0.000000,0.000000,0.000000,0.000000,0.000000
105.772003,0.000000,0.000000,-0.430000,0.000000,0.000000,0.000000,0.000000,0.000000
105.777000,0.000000,0.000000,-0.410000,0.000000,0.000000,0.000000,0.000000,0.000000
105.781998,0.000000,0.000000,-0.390000,0.000000,0.000000,0.000000,0.000000,0.000000
105.787003,0.000000,0.000000,-0.380000,0.000000,0.000000,0.000000,0.000000,0.000000
105.792000,0.000000,0.000000,-0.370000,0.000000,0.000000,0.000000,0.000000,0.000000
105.796997,0.000000,0.000000,-0.350000,0.000000,0.000000,0.000000,0.000000,0.000000
105.802002,0.000000,0.000000,-0.330000,0.000000,0.000000,0.000000,0.000000,0.000000
105.806999,0.000000,0.000000,-0.320000,0.000000,0.000000,0.000000,0.000000,0.000000
105.811996,0.000000,0.000000,-0.310000,0.000000,0.000000,0.000000,0.000000,0.000000
105.817001,0.000000,0.000000,-0.220000,0.000000,0.000000,0.000000,0.000000,0.000000
105.821999,0.000000,0.000000,-0.160000,0.000000,0.000000,0.000000,0.000000,0.000000
105.827003,0.000000,0.000000,-0.110000,0.000000,0.000000,0.000000,0.000000,0.000000
105.832001,0.000000,0.000000,-0.040000,0.000000,0.000000,0.000000,0.000000,0.000000
105.836998,0.000000,0.000000,0.040000,0.000000,0.000000,0.000000,0.000000,0.000000
105.842003,0.000000,0.000000,0.130000,0.000000,0.000000,0.000000,0.000000,0.000000
105.847000,0.000000,0.000000,0.250000,0.000000,0.000000,0.000000,0.000000,1.000000
105.851997,0.000000,0.000000,0.350000,0.000000,0.000000,0.000000,0.000000,1.000000
105.857002,0.000000,0.000000,0.450000,0.000000,0.000000,0.000000,0.000000,1.000000
105.862000,0.000000,0.000000,0.540000,0.000000,0.000000,0.000000,0.000000,1.000000
105.866997,0.000000,0.000000,0.610000,0.000000,0.000000,0.000000,0.000000,1.000000
105.872002,-97.000000,-97.000000,0.670000,0.000000,0.000000,0.000000,0.000000,1.000000
105.876999,-93.000000,-93.000000,0.720000,0.000000,0.000000,0.000000,0.000000,1.000000
105.882004,-90.000000,-90.000000,0.760000,0.000000,0.000000,0.000000,0.000000,1.000000
105.887001,-86.000000,-86.000000,0.790000,0.000000,0.000000,0.000000,0.000000,1.000000
105.891998,-84.000000,-84.000000,0.830000,0.000000,0.000000,0.000000,0.000000,1.000000
105.897003,-82.000000,-82.000000,0.980000,0.000000,0.000000,0.000000,0.000000,1.000000
105.902000,-89.000000,-89.000000,0.940000,0.000000,-2.000000,0.000000,0.000000,1.000000
105.906998,-67.000000,-67.000000,0.800000,0.000000,-2.000000,0.000000,0.000000,1.000000
105.912003,-36.000000,-36.000000,0.790000,-2.000000,-2.000000,0.000000,-0.470000,1.000000
105.917000,-39.000000,-39.000000,0.870000,-2.000000,-2.000000,0.000000,-0.470000,1.000000
105.921997,-88.000000,-88.000000,0.860000,-2.000000,-2.000000,0.000000,-0.930000,1.000000
105.927002,-81.000000,-81.000000,0.750000,-2.000000,-2.000000,0.000000,-0.930000,1.000000
105.931999,-91.000000,-91.000000,0.740000,-2.000000,-4.000000,0.000000,-0.930000,1.000000
105.936996,-87.000000,-87.000000,0.790000,-2.000000,-4.000000,0.000000,-0.930000,1.000000
105.942001,-83.000000,-83.000000,0.690000,-2.000000,-4.000000,0.000000,-1.400000,1.000000
105.946999,-60.000000,-60.000000,0.480000,-2.000000,-4.000000,0.000000,-1.400000,1.000000
105.952003,-59.000000,-59.000000,0.310000,-4.000000,-4.000000,0.000000,-1.400000,1.000000
105.957001,-50.000000,-50.000000,0.370000,-4.000000,-4.000000,0.000000,-1.400000,1.000000
105.961998,-79.000000,-79.000000,0.350000,-4.000000,-4.000000,0.000000,-1.870000,1.000000
105.967003,-86.000000,-86.000000,0.200000,-4.000000,-4.000000,0.000000,-1.870000,1.000000
105.972000,-98.000000,-98.000000,0.100000,-2.000000,-4.000000,0.000000,-1.880000,1.000000
105.976997,-94.000000,-94.000000,0.270000,-2.000000,-4.000000,0.000000,-1.880000,1.000000
105.982002,-127.000000,-127.000000,0.270000,-4.000000,-4.000000,0.000000,-1.420000,1.000000
105.987000,-125.000000,-125.000000,0.100000,-4.000000,-4.000000,0.000000,-1.420000,1.000000
105.991997,-57.000000,-57.000000,-0.010000,-4.000000,-2.000000,0.000000,-1.890000,1.000000
105.997002,-47.000000,-47.000000,0.180000,-4.000000,-2.000000,0.000000,-1.890000,1.000000
106.001999,-110.000000,-110.000000,0.130000,-4.000000,-4.000000,0.000000,-1.430000,1.000000
106.007004,-96.000000,-96.000000,-0.090000,-4.000000,-4.000000,0.000000,-1.430000,1.000000
106.012001,-15.000000,-15.000000,-0.260000,-2.000000,-4.000000,0.000000,-1.890000,1.000000
106.016998,4.000000,4.000000,-0.160000,-2.000000,-4.000000,0.000000,-1.890000,1.000000
106.022003,-55.000000,-55.000000,-0.170000,-6.000000,-6.000000,0.000000,-1.430000,1.000000
106.027000,-50.000000,-50.000000,-0.410000,-6.000000,-6.000000,0.000000,-1.430000,1.000000
106.031998,29.000000,29.000000,-0.650000,-4.000000,-4.000000,0.000000,-2.830000,1.000000
106.037003,54.000000,54.000000,-0.660000,-4.000000,-4.000000,0.000000,-2.830000,1.000000
106.042000,-64.000000,-64.000000,-0.660000,-4.000000,-4.000000,0.000000,-1.910000,1.000000
106.046997,-74.000000,-74.000000,-0.890000,-4.000000,-4.000000,0.000000,-1.910000,1.000000
106.052002,19.000000,19.000000,-1.040000,-2.000000,-4.000000,0.000000,-1.920000,1.000000
106.056999,25.000000,25.000000,-0.960000,-2.000000,-4.000000,0.000000,-1.920000,1.000000
106.061996,1.000000,1.000000,-0.930000,-4.000000,-6.000000,0.000000,-1.460000,1.000000
106.067001,-2.000000,-2.000000,-1.060000,-4.000000,-6.000000,0.000000,-1.460000,1.000000
106.071999,65.000000,65.000000,-1.250000,-2.000000,-2.000000,0.000000,-2.390000,1.000000
106.077003,84.000000,84.000000,-1.350000,-2.000000,-2.000000,0.000000,-2.390000,1.000000
106.082001,13.000000,13.000000,-1.370000,-2.000000,-2.000000,0.000000,-1.000000,1.000000
106.086998,-9.000000,-9.000000,-1.400000,-2.000000,-2.000000,0.000000,-1.000000,1.000000
106.092003,81.000000,81.000000,-1.450000,-2.000000,-2.000000,0.000000,-1.000000,1.000000
106.097000,78.000000,78.000000,-1.480000,-2.000000,-2.000000,0.000000,-1.000000,1.000000
106.101997,73.000000,73.000000,-1.510000,-2.000000,-2.000000,0.000000,-1.000000,1.000000
106.107002,67.000000,67.000000,-1.540000,-2.000000,-2.000000,0.000000,-1.000000,1.000000
106.112000,66.000000,66.000000,-1.580000,0.000000,-2.000000,0.000000,-1.010000,1.000000
106.116997,65.000000,65.000000,-1.700000,0.000000,-2.000000,0.000000,-1.010000,1.000000
106.122002,66.000000,66.000000,-1.640000,0.000000,0.000000,0.000000,-0.540000,1.000000
106.126999,42.000000,42.000000,-1.590000,0.000000,0.000000,0.000000,-0.540000,1.000000
106.132004,49.000000,49.000000,-1.500000,0.000000,0.000000,0.000000,-0.080000,1.000000
106.137001,37.000000,37.000000,-1.470000,0.000000,0.000000,0.000000,-0.080000,1.000000
106.141998,66.000000,66.000000,-1.390000,2.000000,0.000000,0.000000,-0.080000,1.000000
106.147003,65.000000,65.000000,-1.360000,2.000000,0.000000,0.000000,-0.080000,1.000000
106.152000,62.000000,62.000000,-1.320000,2.000000,2.000000,0.000000,0.380000,1.000000
106.156998,66.000000,66.000000,-1.390000,2.000000,2.000000,0.000000,0.380000,1.000000
106.162003,108.000000,108.000000,-1.340000,2.000000,2.000000,0.000000,0.850000,1.000000
106.167000,101.000000,101.000000,-1.270000,2.000000,2.000000,0.000000,0.850000,1.000000
106.171997,109.000000,109.000000,-1.160000,2.000000,2.000000,0.000000,0.850000,1.000000
106.177002,103.000000,103.000000,-1.330000,2.000000,2.000000,0.000000,0.850000,1.000000
106.181999,118.000000,118.000000,-1.300000,4.000000,4.000000,0.000000,0.860000,1.000000
106.186996,104.000000,104.000000,-1.150000,4.000000,4.000000,0.000000,0.860000,1.000000
106.192001,55.000000,55.000000,-0.910000,4.000000,4.000000,0.000000,1.790000,1.000000
106.196999,26.000000,26.000000,-0.980000,4.000000,4.000000,0.000000,1.790000,1.000000
106.202003,112.000000,112.000000,-0.940000,4.000000,4.000000,0.000000,1.790000,1.000000
106.207001,112.000000,112.000000,-0.860000,4.000000,4.000000,0.000000,1.790000,1.000000
106.211998,86.000000,86.000000,-0.620000,4.000000,4.000000,0.000000,1.800000,1.000000
106.217003,57.000000,57.000000,-0.660000,4.000000,4.000000,0.000000,1.800000,1.000000
106.222000,68.000000,68.000000,-0.610000,6.000000,6.000000,0.000000,1.800000,1.000000
106.226997,58.000000,58.000000,-0.430000,6.000000,6.000000,0.000000,1.800000,1.000000
106.232002,28.000000,28.000000,-0.150000,4.000000,4.000000,0.000000,2.740000,1.000000
106.237000,-4.000000,-4.000000,-0.070000,4.000000,4.000000,0.000000,2.740000,1.000000
106.241997,77.000000,77.000000,0.120000,4.000000,6.000000,0.000000,1.810000,1.000000
106.247002,76.000000,76.000000,0.300000,4.000000,6.000000,0.000000,1.810000,1.000000
106.251999,-2.000000,-2.000000,0.480000,4.000000,4.000000,0.000000,2.280000,1.000000
106.257004,-13.000000,-13.000000,0.470000,4.000000,4.000000,0.000000,2.280000,1.000000
106.262001,42.000000,42.000000,0.470000,4.000000,4.000000,0.000000,1.830000,1.000000
106.266998,52.000000,52.000000,0.590000,4.000000,4.000000,0.000000,1.830000,1.000000
106.272003,-5.000000,-5.000000,0.750000,4.000000,4.000000,0.000000,1.830000,1.000000
106.277000,-30.000000,-30.000000,0.770000,4.000000,4.000000,0.000000,1.830000,1.000000
106.281998,-24.000000,-24.000000,0.830000,4.000000,4.000000,0.000000,1.830000,1.000000
106.287003,-22.000000,-22.000000,0.920000,4.000000,4.000000,0.000000,1.830000,1.000000
106.292000,-36.000000,-36.000000,1.050000,2.000000,2.000000,0.000000,1.840000,1.000000
106.296997,-44.000000,-44.000000,1.130000,2.000000,2.000000,0.000000,1.840000,1.000000
106.302002,-45.000000,-45.000000,1.190000,0.000000,2.000000,0.000000,0.910000,1.000000
106.306999,-37.000000,-37.000000,1.280000,0.000000,2.000000,0.000000,0.910000,1.000000
106.311996,-91.000000,-91.000000,1.350000,2.000000,2.000000,0.000000,0.450000,1.000000
106.317001,-87.000000,-87.000000,1.460000,2.000000,2.000000,0.000000,0.450000,1.000000
106.321999,-116.000000,-116.000000,1.500000,0.000000,0.000000,0.000000,0.920000,1.000000
106.327003,-101.000000,-101.000000,1.530000,0.000000,0.000000,0.000000,0.920000,1.000000
106.332001,-45.000000,-45.000000,1.470000,0.000000,0.000000,0.000000,-0.010000,1.000000
106.336998,-22.000000,-22.000000,1.620000,0.000000,0.000000,0.000000,-0.010000,1.000000
106.342003,-84.000000,-84.000000,1.510000,-2.000000,-2.000000,0.000000,-0.010000,1.000000
106.347000,-57.000000,-57.000000,1.490000,-2.000000,-2.000000,0.000000,-0.010000,1.000000
106.351997,-46.000000,-46.000000,1.390000,-2.000000,-2.000000,0.000000,-0.940000,1.000000
106.357002,-41.000000,-41.000000,1.390000,-2.000000,-2.000000,0.000000,-0.940000,1.000000
106.362000,-113.000000,-113.000000,1.290000,-2.000000,-2.000000,0.000000,-0.940000,1.000000
106.366997,-104.000000,-104.000000,1.350000,-2.000000,-2.000000,0.000000,-0.940000,1.000000
106.372002,-92.000000,-92.000000,1.280000,-2.000000,-2.000000,0.000000,-0.940000,1.000000
106.376999,-69.000000,-69.000000,1.300000,-2.000000,-2.000000,0.000000,-0.940000,1.000000
106.382004,-36.000000,-36.000000,1.100000,-4.000000,-4.000000,0.000000,-0.950000,1.000000
106.387001,28.000000,28.000000,0.870000,-4.000000,-4.000000,0.000000,-0.950000,1.000000
106.391998,81.000000,81.000000,0.600000,-4.000000,-4.000000,0.000000,-1.880000,1.000000
106.397003,116.000000,116.000000,0.360000,-4.000000,-4.000000,0.000000,-1.880000,1.000000
106.402000,69.000000,69.000000,0.170000,-2.000000,0.000000,0.000000,-1.880000,1.000000
106.406998,80.000000,80.000000,-0.080000,-2.000000,0.000000,0.000000,-1.880000,1.000000
106.412003,85.000000,85.000000,-0.280000,0.000000,-2.000000,0.000000,-0.490000,1.000000
106.417000,95.000000,95.000000,-0.780000,0.000000,-2.000000,0.000000,-0.490000,1.000000
106.421997,215.000000,215.000000,-0.980000,0.000000,2.000000,0.000000,-0.500000,1.000000
106.427002,201.000000,201.000000,-1.120000,0.000000,2.000000,0.000000,-0.500000,1.000000
106.431999,166.000000,166.000000,-1.100000,0.000000,0.000000,0.000000,0.430000,1.000000
106.436996,155.000000,155.000000,-1.620000,0.000000,0.000000,0.000000,0.430000,1.000000
106.442001,251.000000,251.000000,-1.770000,4.000000,4.000000,0.000000,-0.030000,1.000000
106.446999,223.000000,223.000000,-1.680000,4.000000,4.000000,0.000000,-0.030000,1.000000
106.452003,96.000000,96.000000,-1.420000,4.000000,4.000000,0.000000,1.830000,1.000000
106.457001,26.000000,26.000000,-1.610000,4.000000,4.000000,0.000000,1.830000,1.000000
106.461998,169.000000,169.000000,-1.390000,8.000000,6.000000,0.000000,1.830000,1.000000
106.467003,145.000000,145.000000,-1.480000,8.000000,6.000000,0.000000,1.830000,1.000000
106.472000,131.000000,131.000000,-1.210000,6.000000,4.000000,0.000000,3.230000,1.000000
106.476997,88.000000,88.000000,-1.230000,6.000000,4.000000,0.000000,3.230000,1.000000
106.482002,167.000000,167.000000,-0.910000,8.000000,8.000000,0.000000,2.310000,1.000000
106.487000,129.000000,129.000000,-0.760000,8.000000,8.000000,0.000000,2.310000,1.000000
106.491997,35.000000,35.000000,-0.410000,8.000000,6.000000,0.000000,3.710000,1.000000
106.497002,15.000000,15.000000,-0.530000,8.000000,6.000000,0.000000,3.710000,1.000000
106.501999,141.000000,141.000000,-0.350000,10.000000,8.000000,0.000000,3.260000,1.000000
106.507004,138.000000,138.000000,-0.230000,10.000000,8.000000,0.000000,3.260000,1.000000
106.512001,75.000000,75.000000,0.140000,6.000000,8.000000,0.000000,4.200000,1.000000
106.516998,39.000000,39.000000,0.140000,6.000000,8.000000,0.000000,4.200000,1.000000
106.522003,106.000000,106.000000,0.370000,10.000000,8.000000,0.000000,3.280000,1.000000
106.527000,99.000000,99.000000,0.440000,10.000000,8.000000,0.000000,3.280000,1.000000
106.531998,26.000000,26.000000,0.770000,6.000000,6.000000,0.000000,4.220000,1.000000
106.537003,1.000000,1.000000,0.740000,6.000000,6.000000,0.000000,4.220000,1.000000
106.542000,77.000000,77.000000,0.900000,8.000000,6.000000,0.000000,2.830000,1.000000
106.546997,78.000000,78.000000,1.040000,8.000000,6.000000,0.000000,2.830000,1.000000
106.552002,-46.000000,-46.000000,1.320000,6.000000,6.000000,0.000000,3.300000,1.000000
106.556999,-56.000000,-56.000000,1.360000,6.000000,6.000000,0.000000,3.300000,1.000000
106.561996,-16.000000,-16.000000,1.560000,8.000000,6.000000,0.000000,2.850000,1.000000
106.567001,-9.000000,-9.000000,1.650000,8.000000,6.000000,0.000000,2.850000,1.000000
106.571999,-43.000000,-43.000000,1.840000,6.000000,6.000000,0.000000,3.320000,1.000000
106.577003,-49.000000,-49.000000,1.990000,6.000000,6.000000,0.000000,3.320000,1.000000
106.582001,-19.000000,-19.000000,2.150000,4.000000,4.000000,0.000000,2.860000,1.000000
106.586998,-5.000000,-5.000000,2.240000,4.000000,4.000000,0.000000,2.860000,1.000000
106.592003,-12.000000,-12.000000,2.240000,4.000000,4.000000,0.000000,1.940000,1.000000
106.597000,18.000000,18.000000,2.200000,4.000000,4.000000,0.000000,1.940000,1.000000
106.601997,-20.000000,-20.000000,2.200000,2.000000,2.000000,0.000000,1.950000,1.000000
106.607002,-8.000000,-8.000000,2.240000,2.000000,2.000000,0.000000,1.950000,1.000000
106.612000,-6.000000,-6.000000,2.250000,2.000000,2.000000,0.000000,1.020000,1.000000
106.616997,4.000000,4.000000,2.210000,2.000000,2.000000,0.000000,1.020000,1.000000
106.622002,-36.000000,-36.000000,2.130000,0.000000,0.000000,0.000000,1.020000,1.000000
106.626999,-13.000000,-13.000000,2.050000,0.000000,0.000000,0.000000,1.020000,1.000000
106.632004,7.000000,7.000000,1.980000,0.000000,0.000000,0.000000,0.090000,1.000000
106.637001,19.000000,19.000000,1.930000,0.000000,0.000000,0.000000,0.090000,1.000000
106.641998,-39.000000,-39.000000,1.850000,0.000000,0.000000,0.000000,0.090000,1.000000
106.647003,-22.000000,-22.000000,1.720000,0.000000,0.000000,0.000000,0.090000,1.000000
106.652000,6.000000,6.000000,1.560000,0.000000,0.000000,0.000000,0.090000,1.000000
106.656998,25.000000,25.000000,1.460000,0.000000,0.000000,0.000000,0.090000,1.000000
106.662003,33.000000,33.000000,1.330000,0.000000,0.000000,0.000000,0.090000,1.000000
106.667000,41.000000,41.000000,1.200000,0.000000,0.000000,0.000000,0.090000,1.000000
106.671997,55.000000,55.000000,1.070000,0.000000,0.000000,0.000000,0.090000,1.000000
106.677002,64.000000,64.000000,0.910000,0.000000,0.000000,0.000000,0.090000,1.000000
106.681999,75.000000,75.000000,0.820000,2.000000,0.000000,0.000000,0.090000,1.000000
106.686996,81.000000,81.000000,0.600000,2.000000,0.000000,0.000000,0.090000,1.000000
106.692001,89.000000,89.000000,0.490000,2.000000,2.000000,0.000000,0.560000,1.000000
106.696999,92.000000,92.000000,0.170000,2.000000,2.000000,0.000000,0.560000,1.000000
106.702003,135.000000,135.000000,0.050000,2.000000,2.000000,0.000000,1.030000,1.000000
106.707001,124.000000,124.000000,0.030000,2.000000,2.000000,0.000000,1.030000,1.000000
106.711998,119.000000,119.000000,0.090000,2.000000,0.000000,0.000000,1.030000,1.000000
106.717003,110.000000,110.000000,-0.250000,2.000000,0.000000,0.000000,1.030000,1.000000
106.722000,146.000000,146.000000,-0.530000,4.000000,4.000000,0.000000,0.570000,1.000000
106.726997,166.000000,166.000000,-0.490000,4.000000,4.000000,0.000000,0.570000,1.000000
106.732002,82.000000,82.000000,-0.320000,2.000000,2.000000,0.000000,1.960000,1.000000
106.737000,36.000000,36.000000,-0.490000,2.000000,2.000000,0.000000,1.960000,1.000000
106.741997,142.000000,142.000000,-0.530000,6.000000,6.000000,0.000000,1.040000,1.000000
106.747002,148.000000,148.000000,-0.690000,6.000000,6.000000,0.000000,1.040000,1.000000
106.751999,78.000000,78.000000,-0.500000,6.000000,6.000000,0.000000,2.900000,1.000000
106.757004,40.000000,40.000000,-0.600000,6.000000,6.000000,0.000000,2.900000,1.000000
106.762001,150.000000,150.000000,-0.500000,8.000000,8.000000,0.000000,2.910000,1.000000
106.766998,139.000000,139.000000,-0.490000,8.000000,8.000000,0.000000,2.910000,1.000000
106.772003,117.000000,117.000000,-0.230000,6.000000,6.000000,0.000000,3.840000,1.000000
106.777000,93.000000,93.000000,-0.320000,6.000000,6.000000,0.000000,3.840000,1.000000
106.781998,161.000000,161.000000,-0.210000,8.000000,6.000000,0.000000,2.920000,1.000000
106.787003,161.000000,161.000000,-0.120000,8.000000,6.000000,0.000000,2.920000,1.000000
106.792000,60.000000,60.000000,0.230000,6.000000,6.000000,0.000000,3.400000,1.000000
106.796997,20.000000,20.000000,0.110000,6.000000,6.000000,0.000000,3.400000,1.000000
106.802002,62.000000,62.000000,0.310000,10.000000,8.000000,0.000000,2.940000,1.000000
106.806999,55.000000,55.000000,0.310000,10.000000,8.000000,0.000000,2.940000,1.000000
106.811996,21.000000,21.000000,0.610000,8.000000,8.000000,0.000000,4.340000,1.000000
106.817001,-7.000000,-7.000000,0.720000,8.000000,8.000000,0.000000,4.340000,1.000000
106.821999,72.000000,72.000000,0.960000,6.000000,8.000000,0.000000,3.890000,1.000000
106.827003,71.000000,71.000000,1.080000,6.000000,8.000000,0.000000,3.890000,1.000000
106.832001,42.000000,42.000000,1.230000,6.000000,6.000000,0.000000,3.430000,1.000000
106.836998,58.000000,58.000000,1.270000,6.000000,6.000000,0.000000,3.430000,1.000000
106.842003,36.000000,36.000000,1.350000,6.000000,6.000000,0.000000,2.970000,1.000000
106.847000,38.000000,38.000000,1.530000,6.000000,6.000000,0.000000,2.970000,1.000000
106.851997,-23.000000,-23.000000,1.730000,6.000000,6.000000,0.000000,2.980000,1.000000
106.857002,-28.000000,-28.000000,1.860000,6.000000,6.000000,0.000000,2.980000,1.000000
106.862000,-28.000000,-28.000000,1.990000,4.000000,6.000000,0.000000,2.990000,1.000000
106.866997,-13.000000,-13.000000,2.070000,4.000000,6.000000,0.000000,2.990000,1.000000
106.872002,-9.000000,-9.000000,2.130000,4.000000,4.000000,0.000000,2.530000,1.000000
106.876999,4.000000,4.000000,2.240000,4.000000,4.000000,0.000000,2.530000,1.000000
106.882004,-28.000000,-28.000000,2.300000,4.000000,4.000000,0.000000,2.070000,1.000000
106.887001,-11.000000,-11.000000,2.350000,4.000000,4.000000,0.000000,2.070000,1.000000
106.891998,-23.000000,-23.000000,2.320000,2.000000,2.000000,0.000000,2.080000,1.000000
106.897003,3.000000,3.000000,2.290000,2.000000,2.000000,0.000000,2.080000,1.000000
106.902000,23.000000,23.000000,2.260000,2.000000,0.000000,0.000000,1.150000,1.000000
106.906998,34.000000,34.000000,2.240000,2.000000,0.000000,0.000000,1.150000,1.000000
106.912003,-18.000000,-18.000000,2.180000,2.000000,0.000000,0.000000,0.690000,1.000000
106.917000,-3.000000,-3.000000,1.990000,2.000000,0.000000,0.000000,0.690000,1.000000
106.921997,-11.000000,-11.000000,1.890000,0.000000,2.000000,0.000000,0.690000,1.000000
106.927002,-8.000000,-8.000000,1.870000,0.000000,2.000000,0.000000,0.690000,1.000000
106.931999,-24.000000,-24.000000,1.890000,0.000000,0.000000,0.000000,0.690000,1.000000
106.936996,-29.000000,-29.000000,1.880000,0.000000,0.000000,0.000000,0.690000,1.000000
106.942001,-19.000000,-19.000000,1.790000,0.000000,0.000000,0.000000,0.230000,1.000000
106.946999,8.000000,8.000000,1.670000,0.000000,0.000000,0.000000,0.230000,1.000000
106.952003,-2.000000,-2.000000,1.570000,0.000000,0.000000,0.000000,0.230000,1.000000
106.957001,8.000000,8.000000,1.500000,0.000000,0.000000,0.000000,0.230000,1.000000
106.961998,11.000000,11.000000,1.420000,0.000000,0.000000,0.000000,0.230000,1.000000
106.967003,17.000000,17.000000,1.330000,0.000000,0.000000,0.000000,0.230000,1.000000
106.972000,27.000000,27.000000,1.230000,0.000000,2.000000,0.000000,0.230000,1.000000
106.976997,37.000000,37.000000,1.110000,0.000000,2.000000,0.000000,0.230000,1.000000
106.982002,46.000000,46.000000,1.020000,0.000000,0.000000,0.000000,0.690000,1.000000
106.987000,49.000000,49.000000,0.970000,0.000000,0.000000,0.000000,0.690000,1.000000
106.991997,78.000000,78.000000,0.910000,2.000000,0.000000,0.000000,0.230000,1.000000
106.997002,82.000000,82.000000,0.700000,2.000000,0.000000,0.000000,0.230000,1.000000
107.001999,70.000000,70.000000,0.570000,2.000000,0.000000,0.000000,0.690000,1.000000
107.007004,73.000000,73.000000,0.580000,2.000000,0.000000,0.000000,0.690000,1.000000
107.012001,80.000000,80.000000,0.610000,2.000000,0.000000,0.000000,0.700000,1.000000
107.016998,68.000000,68.000000,0.390000,2.000000,0.000000,0.000000,0.700000,1.000000
107.022003,90.000000,90.000000,0.210000,2.000000,4.000000,0.000000,0.700000,1.000000
107.027000,104.000000,104.000000,0.220000,2.000000,4.000000,0.000000,0.700000,1.000000
107.031998,73.000000,73.000000,0.300000,0.000000,2.000000,0.000000,1.630000,1.000000
107.037003,47.000000,47.000000,0.120000,0.000000,2.000000,0.000000,1.630000,1.000000
107.042000,126.000000,126.000000,0.040000,4.000000,4.000000,0.000000,0.700000,1.000000
107.046997,136.000000,136.000000,0.010000,4.000000,4.000000,0.000000,0.700000,1.000000
107.052002,46.000000,46.000000,0.170000,4.000000,4.000000,0.000000,2.100000,1.000000
107.056999,9.000000,9.000000,0.010000,4.000000,4.000000,0.000000,2.100000,1.000000
107.061996,114.000000,114.000000,-0.030000,4.000000,6.000000,0.000000,2.100000,1.000000
107.067001,119.000000,119.000000,-0.040000,4.000000,6.000000,0.000000,2.100000,1.000000
107.071999,95.000000,95.000000,0.180000,4.000000,4.000000,0.000000,2.570000,1.000000
107.077003,53.000000,53.000000,0.160000,4.000000,4.000000,0.000000,2.570000,1.000000
107.082001,80.000000,80.000000,0.230000,6.000000,6.000000,0.000000,2.110000,1.000000
107.086998,79.000000,79.000000,0.260000,6.000000,6.000000,0.000000,2.110000,1.000000
107.092003,34.000000,34.000000,0.460000,4.000000,6.000000,0.000000,3.050000,1.000000
107.097000,16.000000,16.000000,0.500000,4.000000,6.000000,0.000000,3.050000,1.000000
107.101997,75.000000,75.000000,0.590000,4.000000,6.000000,0.000000,2.590000,1.000000
107.107002,76.000000,76.000000,0.800000,4.000000,6.000000,0.000000,2.590000,1.000000
107.112000,17.000000,17.000000,0.930000,4.000000,6.000000,0.000000,2.600000,1.000000
107.116997,18.000000,18.000000,0.990000,4.000000,6.000000,0.000000,2.600000,1.000000
107.122002,20.000000,20.000000,1.040000,6.000000,6.000000,0.000000,2.600000,1.000000
107.126999,26.000000,26.000000,1.140000,6.000000,6.000000,0.000000,2.600000,1.000000
107.132004,12.000000,12.000000,1.300000,4.000000,6.000000,0.000000,3.070000,1.000000
107.137001,-1.000000,-1.000000,1.420000,4.000000,6.000000,0.000000,3.070000,1.000000
107.141998,36.000000,36.000000,1.510000,4.000000,4.000000,0.000000,2.620000,1.000000
107.147003,53.000000,53.000000,1.560000,4.000000,4.000000,0.000000,2.620000,1.000000
107.152000,32.000000,32.000000,1.590000,4.000000,2.000000,0.000000,2.160000,1.000000
107.156998,39.000000,39.000000,1.530000,4.000000,2.000000,0.000000,2.160000,1.000000
107.162003,20.000000,20.000000,1.550000,4.000000,4.000000,0.000000,1.700000,1.000000
107.167000,19.000000,19.000000,1.650000,4.000000,4.000000,0.000000,1.700000,1.000000
107.171997,-30.000000,-30.000000,1.750000,2.000000,2.000000,0.000000,2.160000,1.000000
107.177002,-36.000000,-36.000000,1.770000,2.000000,2.000000,0.000000,2.160000,1.000000
107.181999,10.000000,10.000000,1.760000,2.000000,2.000000,0.000000,1.240000,1.000000
107.186996,26.000000,26.000000,1.790000,2.000000,2.000000,0.000000,1.240000,1.000000
107.192001,-33.000000,-33.000000,1.790000,2.000000,2.000000,0.000000,1.240000,1.000000
107.196999,-28.000000,-28.000000,1.770000,2.000000,2.000000,0.000000,1.240000,1.000000
107.202003,-19.000000,-19.000000,1.730000,2.000000,2.000000,0.000000,1.240000,1.000000
107.207001,-12.000000,-12.000000,1.760000,2.000000,2.000000,0.000000,1.240000,1.000000
107.211998,-16.000000,-16.000000,1.780000,0.000000,2.000000,0.000000,1.250000,1.000000
107.217003,-17.000000,-17.000000,1.790000,0.000000,2.000000,0.000000,1.250000,1.000000
107.222000,-6.000000,-6.000000,1.740000,0.000000,2.000000,0.000000,0.780000,1.000000
107.226997,15.000000,15.000000,1.650000,0.000000,2.000000,0.000000,0.780000,1.000000
107.232002,6.000000,6.000000,1.590000,0.000000,2.000000,0.000000,0.790000,1.000000
107.237000,20.000000,20.000000,1.490000,0.000000,2.000000,0.000000,0.790000,1.000000
107.241997,30.000000,30.000000,1.420000,0.000000,0.000000,0.000000,0.790000,1.000000
107.247002,36.000000,36.000000,1.390000,0.000000,0.000000,0.000000,0.790000,1.000000
107.251999,38.000000,38.000000,1.320000,2.000000,0.000000,0.000000,0.320000,1.000000
107.257004,46.000000,46.000000,1.170000,2.000000,0.000000,0.000000,0.320000,1.000000
107.262001,31.000000,31.000000,1.050000,0.000000,0.000000,0.000000,0.790000,1.000000
107.266998,35.000000,35.000000,1.040000,0.000000,0.000000,0.000000,0.790000,1.000000
107.272003,54.000000,54.000000,1.020000,0.000000,0.000000,0.000000,0.320000,1.000000
107.277000,47.000000,47.000000,0.900000,0.000000,0.000000,0.000000,0.320000,1.000000
107.281998,28.000000,28.000000,0.790000,2.000000,2.000000,0.000000,0.320000,1.000000
107.287003,36.000000,36.000000,0.800000,2.000000,2.000000,0.000000,0.320000,1.000000
107.292000,21.000000,21.000000,0.810000,2.000000,0.000000,0.000000,1.250000,1.000000
107.296997,10.000000,10.000000,0.710000,2.000000,0.000000,0.000000,1.250000,1.000000
107.302002,90.000000,90.000000,0.610000,2.000000,0.000000,0.000000,0.790000,1.000000
107.306999,101.000000,101.000000,0.620000,2.000000,0.000000,0.000000,0.790000,1.000000
107.311996,56.000000,56.000000,0.640000,0.000000,0.000000,0.000000,0.790000,1.000000
107.317001,45.000000,45.000000,0.410000,0.000000,0.000000,0.000000,0.790000,1.000000
107.321999,70.000000,70.000000,0.290000,4.000000,2.000000,0.000000,0.330000,1.000000
107.327003,69.000000,69.000000,0.420000,4.000000,2.000000,0.000000,0.330000,1.000000
107.332001,-13.000000,-13.000000,0.590000,2.000000,2.000000,0.000000,1.720000,1.000000
107.336998,-56.000000,-56.000000,0.670000,2.000000,2.000000,0.000000,1.720000,1.000000
107.342003,39.000000,39.000000,0.640000,2.000000,4.000000,0.000000,1.260000,1.000000
107.347000,53.000000,53.000000,0.690000,2.000000,4.000000,0.000000,1.260000,1.000000
107.351997,15.000000,15.000000,0.780000,2.000000,2.000000,0.000000,1.730000,1.000000
107.357002,-5.000000,-5.000000,0.840000,2.000000,2.000000,0.000000,1.730000,1.000000
107.362000,22.000000,22.000000,0.840000,4.000000,4.000000,0.000000,1.270000,1.000000
107.366997,26.000000,26.000000,0.950000,4.000000,4.000000,0.000000,1.270000,1.000000
107.372002,-18.000000,-18.000000,1.030000,4.000000,2.000000,0.000000,2.200000,1.000000
107.376999,-26.000000,-26.000000,1.090000,4.000000,2.000000,0.000000,2.200000,1.000000
107.382004,42.000000,42.000000,1.120000,2.000000,2.000000,0.000000,1.740000,1.000000
107.387001,49.000000,49.000000,1.170000,2.000000,2.000000,0.000000,1.740000,1.000000
107.391998,18.000000,18.000000,1.230000,2.000000,2.000000,0.000000,1.280000,1.000000
107.397003,20.000000,20.000000,1.130000,2.000000,2.000000,0.000000,1.280000,1.000000
107.402000,6.000000,6.000000,1.110000,4.000000,4.000000,0.000000,1.280000,1.000000
107.406998,9.000000,9.000000,1.190000,4.000000,4.000000,0.000000,1.280000,1.000000
107.412003,-10.000000,-10.000000,1.280000,2.000000,2.000000,0.000000,2.210000,1.000000
107.417000,-25.000000,-25.000000,1.370000,2.000000,2.000000,0.000000,2.210000,1.000000
107.421997,47.000000,47.000000,1.330000,2.000000,2.000000,0.000000,1.290000,1.000000
107.427002,70.000000,70.000000,1.300000,2.000000,2.000000,0.000000,1.290000,1.000000
107.431999,21.000000,21.000000,1.300000,2.000000,2.000000,0.000000,1.290000,1.000000
107.436996,25.000000,25.000000,1.160000,2.000000,2.000000,0.000000,1.290000,1.000000
107.442001,38.000000,38.000000,1.120000,2.000000,2.000000,0.000000,1.290000,1.000000
107.446999,31.000000,31.000000,1.250000,2.000000,2.000000,0.000000,1.290000,1.000000
107.452003,-3.000000,-3.000000,1.340000,2.000000,2.000000,0.000000,1.300000,1.000000
107.457001,-20.000000,-20.000000,1.400000,2.000000,2.000000,0.000000,1.300000,1.000000
107.461998,-10.000000,-10.000000,1.290000,0.000000,2.000000,0.000000,1.300000,1.000000
107.467003,11.000000,11.000000,1.330000,0.000000,2.000000,0.000000,1.300000,1.000000
107.472000,7.000000,7.000000,1.380000,2.000000,0.000000,0.000000,0.840000,1.000000
107.476997,-3.000000,-3.000000,1.410000,2.000000,0.000000,0.000000,0.840000,1.000000
107.482002,-31.000000,-31.000000,1.400000,0.000000,2.000000,0.000000,0.840000,1.000000
107.487000,-18.000000,-18.000000,1.370000,0.000000,2.000000,0.000000,0.840000,1.000000
107.491997,-5.000000,-5.000000,1.340000,0.000000,2.000000,0.000000,0.840000,1.000000
107.497002,3.000000,3.000000,1.370000,0.000000,2.000000,0.000000,0.840000,1.000000
107.501999,7.000000,7.000000,1.350000,0.000000,0.000000,0.000000,0.840000,1.000000
107.507004,23.000000,23.000000,1.230000,0.000000,0.000000,0.000000,0.840000,1.000000
107.512001,52.000000,52.000000,1.130000,0.000000,0.000000,0.000000,0.380000,1.000000
107.516998,74.000000,74.000000,0.970000,0.000000,0.000000,0.000000,0.380000,1.000000
107.522003,52.000000,52.000000,0.910000,0.000000,0.000000,0.000000,0.380000,1.000000
107.527000,48.000000,48.000000,0.920000,0.000000,0.000000,0.000000,0.380000,1.000000
107.531998,40.000000,40.000000,0.850000,0.000000,0.000000,0.000000,0.380000,1.000000
107.537003,48.000000,48.000000,0.620000,0.000000,0.000000,0.000000,0.380000,1.000000
107.542000,75.000000,75.000000,0.500000,0.000000,2.000000,0.000000,0.380000,1.000000
107.546997,77.000000,77.000000,0.520000,0.000000,2.000000,0.000000,0.380000,1.000000
107.552002,50.000000,50.000000,0.570000,0.000000,0.000000,0.000000,0.840000,1.000000
107.556999,35.000000,35.000000,0.400000,0.000000,0.000000,0.000000,0.840000,1.000000
107.561996,93.000000,93.000000,0.190000,2.000000,2.000000,0.000000,0.380000,1.000000
107.567001,110.000000,110.000000,0.270000,2.000000,2.000000,0.000000,0.380000,1.000000
107.571999,41.000000,41.000000,0.360000,2.000000,2.000000,0.000000,1.310000,1.000000
107.577003,9.000000,9.000000,0.230000,2.000000,2.000000,0.000000,1.310000,1.000000
107.582001,90.000000,90.000000,0.100000,4.000000,4.000000,0.000000,1.310000,1.000000
107.586998,100.000000,100.000000,0.160000,4.000000,4.000000,0.000000,1.310000,1.000000
107.592003,66.000000,66.000000,0.350000,2.000000,4.000000,0.000000,2.240000,1.000000
107.597000,19.000000,19.000000,0.310000,2.000000,4.000000,0.000000,2.240000,1.000000
107.601997,89.000000,89.000000,0.300000,4.000000,4.000000,0.000000,1.780000,1.000000
107.607002,96.000000,96.000000,0.350000,4.000000,4.000000,0.000000,1.780000,1.000000
107.612000,47.000000,47.000000,0.490000,4.000000,4.000000,0.000000,2.250000,1.000000
107.616997,17.000000,17.000000,0.490000,4.000000,4.000000,0.000000,2.250000,1.000000
107.622002,43.000000,43.000000,0.550000,4.000000,4.000000,0.000000,2.250000,1.000000
107.626999,38.000000,38.000000,0.680000,4.000000,4.000000,0.000000,2.250000,1.000000
107.632004,19.000000,19.000000,0.850000,4.000000,4.000000,0.000000,2.260000,1.000000
107.637001,1.000000,1.000000,0.970000,4.000000,4.000000,0.000000,2.260000,1.000000
107.641998,5.000000,5.000000,0.990000,4.000000,4.000000,0.000000,2.260000,1.000000
107.647003,18.000000,18.000000,1.100000,4.000000,4.000000,0.000000,2.260000,1.000000
107.652000,17.000000,17.000000,1.210000,2.000000,4.000000,0.000000,2.270000,1.000000
107.656998,10.000000,10.000000,1.290000,2.000000,4.000000,0.000000,2.270000,1.000000
107.662003,17.000000,17.000000,1.320000,4.000000,4.000000,0.000000,1.810000,1.000000
107.667000,32.000000,32.000000,1.350000,4.000000,4.000000,0.000000,1.810000,1.000000
107.671997,10.000000,10.000000,1.390000,2.000000,2.000000,0.000000,2.280000,1.000000
107.677002,13.000000,13.000000,1.400000,2.000000,2.000000,0.000000,2.280000,1.000000
107.681999,55.000000,55.000000,1.370000,2.000000,2.000000,0.000000,1.350000,1.000000
107.686996,64.000000,64.000000,1.440000,2.000000,2.000000,0.000000,1.350000,1.000000
107.692001,-8.000000,-8.000000,1.460000,2.000000,2.000000,0.000000,1.350000,1.000000
107.696999,13.000000,13.000000,1.330000,2.000000,2.000000,0.000000,1.350000,1.000000
107.702003,14.000000,14.000000,1.250000,2.000000,2.000000,0.000000,1.360000,1.000000
107.707001,-19.000000,-19.000000,1.370000,2.000000,2.000000,0.000000,1.360000,1.000000
107.711998,-41.000000,-41.000000,1.480000,2.000000,4.000000,0.000000,1.360000,1.000000
107.717003,-35.000000,-35.000000,1.590000,2.000000,4.000000,0.000000,1.360000,1.000000
107.722000,-11.000000,-11.000000,1.540000,2.000000,2.000000,0.000000,1.830000,1.000000
107.726997,42.000000,42.000000,1.490000,2.000000,2.000000,0.000000,1.830000,1.000000
107.732002,43.000000,43.000000,1.480000,2.000000,0.000000,0.000000,1.370000,1.000000
107.737000,7.000000,7.000000,1.540000,2.000000,0.000000,0.000000,1.370000,1.000000
107.741997,20.000000,20.000000,1.550000,0.000000,0.000000,0.000000,0.900000,1.000000
107.747002,15.000000,15.000000,1.480000,0.000000,0.000000,0.000000,0.900000,1.000000
107.751999,41.000000,41.000000,1.370000,0.000000,0.000000,0.000000,0.440000,1.000000
107.757004,24.000000,24.000000,1.230000,0.000000,0.000000,0.000000,0.440000,1.000000
107.762001,22.000000,22.000000,1.170000,0.000000,0.000000,0.000000,0.440000,1.000000
107.766998,14.000000,14.000000,1.190000,0.000000,0.000000,0.000000,0.440000,1.000000
107.772003,22.000000,22.000000,1.120000,0.000000,0.000000,0.000000,0.440000,1.000000
107.777000,45.000000,45.000000,0.980000,0.000000,0.000000,0.000000,0.440000,1.000000
107.781998,52.000000,52.000000,0.880000,0.000000,0.000000,0.000000,0.440000,1.000000
107.787003,43.000000,43.000000,0.860000,0.000000,0.000000,0.000000,0.440000,1.000000
107.792000,39.000000,39.000000,0.850000,2.000000,2.000000,0.000000,0.440000,1.000000
107.796997,59.000000,59.000000,0.710000,2.000000,2.000000,0.000000,0.440000,1.000000
107.802002,72.000000,72.000000,0.550000,0.000000,2.000000,0.000000,1.370000,1.000000
107.806999,115.000000,115.000000,0.580000,0.000000,2.000000,0.000000,1.370000,1.000000
107.811996,97.000000,97.000000,0.610000,0.000000,2.000000,0.000000,0.910000,1.000000
107.817001,85.000000,85.000000,0.460000,0.000000,2.000000,0.000000,0.910000,1.000000
107.821999,98.000000,98.000000,0.300000,4.000000,2.000000,0.000000,0.910000,1.000000
107.827003,71.000000,71.000000,0.350000,4.000000,2.000000,0.000000,0.910000,1.000000
107.832001,42.000000,42.000000,0.440000,0.000000,4.000000,0.000000,1.840000,1.000000
107.836998,123.000000,123.000000,0.320000,0.000000,4.000000,0.000000,1.840000,1.000000
107.842003,137.000000,137.000000,0.190000,4.000000,4.000000,0.000000,1.380000,1.000000
107.847000,77.000000,77.000000,0.250000,4.000000,4.000000,0.000000,1.380000,1.000000
107.851997,40.000000,40.000000,0.390000,4.000000,2.000000,0.000000,2.310000,1.000000
107.857002,119.000000,119.000000,0.260000,4.000000,2.000000,0.000000,2.310000,1.000000
107.862000,120.000000,120.000000,0.210000,6.000000,4.000000,0.000000,1.850000,1.000000
107.866997,51.000000,51.000000,0.300000,6.000000,4.000000,0.000000,1.850000,1.000000
107.872002,3.000000,3.000000,0.540000,4.000000,4.000000,0.000000,2.780000,1.000000
107.876999,74.000000,74.000000,0.500000,4.000000,4.000000,0.000000,2.780000,1.000000
107.882004,74.000000,74.000000,0.570000,4.000000,6.000000,0.000000,2.320000,1.000000
107.887001,33.000000,33.000000,0.620000,4.000000,6.000000,0.000000,2.320000,1.000000
107.891998,10.000000,10.000000,0.780000,4.000000,4.000000,0.000000,2.790000,1.000000
107.897003,38.000000,38.000000,0.830000,4.000000,4.000000,0.000000,2.790000,1.000000
107.902000,35.000000,35.000000,0.920000,6.000000,4.000000,0.000000,2.340000,1.000000
107.906998,-12.000000,-12.000000,1.070000,6.000000,4.000000,0.000000,2.340000,1.000000
107.912003,-23.000000,-23.000000,1.210000,6.000000,4.000000,0.000000,2.810000,1.000000
107.917000,13.000000,13.000000,1.370000,6.000000,4.000000,0.000000,2.810000,1.000000
107.921997,24.000000,24.000000,1.440000,4.000000,4.000000,0.000000,2.810000,1.000000
107.927002,30.000000,30.000000,1.540000,4.000000,4.000000,0.000000,2.810000,1.000000
107.931999,37.000000,37.000000,1.610000,4.000000,4.000000,0.000000,2.350000,1.000000
107.936996,19.000000,19.000000,1.650000,4.000000,4.000000,0.000000,2.350000,1.000000
107.942001,36.000000,36.000000,1.640000,2.000000,2.000000,0.000000,2.360000,1.000000
107.946999,37.000000,37.000000,1.700000,2.000000,2.000000,0.000000,2.360000,1.000000
107.952003,40.000000,40.000000,1.730000,4.000000,2.000000,0.000000,1.430000,1.000000
107.957001,-10.000000,-10.000000,1.690000,4.000000,2.000000,0.000000,1.430000,1.000000
107.961998,0.000000,0.000000,1.670000,4.000000,4.000000,0.000000,1.900000,1.000000
107.967003,27.000000,27.000000,1.710000,4.000000,4.000000,0.000000,1.900000,1.000000
107.972000,29.000000,29.000000,1.710000,2.000000,2.000000,0.000000,2.370000,1.000000
107.976997,70.000000,70.000000,1.730000,2.000000,2.000000,0.000000,2.370000,1.000000
107.982002,84.000000,84.000000,1.710000,2.000000,2.000000,0.000000,1.440000,1.000000
107.987000,36.000000,36.000000,1.650000,2.000000,2.000000,0.000000,1.440000,1.000000
107.991997,49.000000,49.000000,1.620000,2.000000,2.000000,0.000000,1.440000,1.000000
107.997002,78.000000,78.000000,1.300000,2.000000,2.000000,0.000000,1.440000,1.000000
108.001999,70.000000,70.000000,1.210000,4.000000,4.000000,0.000000,1.450000,1.000000
108.007004,28.000000,28.000000,1.310000,4.000000,4.000000,0.000000,1.450000,1.000000
108.012001,9.000000,9.000000,1.370000,2.000000,2.000000,0.000000,2.380000,1.000000
108.016998,95.000000,95.000000,1.270000,2.000000,2.000000,0.000000,2.380000,1.000000
108.022003,111.000000,111.000000,1.150000,2.000000,2.000000,0.000000,1.450000,1.000000
108.027000,27.000000,27.000000,1.150000,2.000000,2.000000,0.000000,1.450000,1.000000
108.031998,-1.000000,-1.000000,1.240000,2.000000,2.000000,0.000000,1.460000,1.000000
108.037003,12.000000,12.000000,1.090000,2.000000,2.000000,0.000000,1.460000,1.000000
108.042000,10.000000,10.000000,1.020000,4.000000,4.000000,0.000000,1.460000,1.000000
108.046997,-30.000000,-30.000000,1.140000,4.000000,4.000000,0.000000,1.460000,1.000000
108.052002,-69.000000,-69.000000,1.300000,4.000000,4.000000,0.000000,2.390000,1.000000
108.056999,-14.000000,-14.000000,1.500000,4.000000,4.000000,0.000000,2.390000,1.000000
108.061996,1.000000,1.000000,1.560000,2.000000,2.000000,0.000000,2.400000,1.000000
108.067001,29.000000,29.000000,1.580000,2.000000,2.000000,0.000000,2.400000,1.000000
108.071999,55.000000,55.000000,1.550000,2.000000,4.000000,0.000000,1.470000,1.000000
108.077003,4.000000,4.000000,1.480000,2.000000,4.000000,0.000000,1.470000,1.000000
108.082001,-4.000000,-4.000000,1.560000,2.000000,2.000000,0.000000,1.940000,1.000000
108.086998,31.000000,31.000000,1.600000,2.000000,2.000000,0.000000,1.940000,1.000000
108.092003,50.000000,50.000000,1.570000,0.000000,2.000000,0.000000,1.480000,1.000000
108.097000,39.000000,39.000000,1.530000,0.000000,2.000000,0.000000,1.480000,1.000000
108.101997,54.000000,54.000000,1.450000,0.000000,0.000000,0.000000,1.010000,1.000000
108.107002,29.000000,29.000000,1.410000,0.000000,0.000000,0.000000,1.010000,1.000000
108.112000,36.000000,36.000000,1.380000,0.000000,0.000000,0.000000,0.550000,1.000000
108.116997,27.000000,27.000000,1.150000,0.000000,0.000000,0.000000,0.550000,1.000000
108.122002,26.000000,26.000000,1.050000,2.000000,2.000000,0.000000,0.550000,1.000000
108.126999,-4.000000,-4.000000,1.100000,2.000000,2.000000,0.000000,0.550000,1.000000
108.132004,-22.000000,-22.000000,1.140000,2.000000,2.000000,0.000000,1.480000,1.000000
108.137001,56.000000,56.000000,1.120000,2.000000,2.000000,0.000000,1.480000,1.000000
108.141998,76.000000,76.000000,1.000000,0.000000,0.000000,0.000000,1.480000,1.000000
108.147003,75.000000,75.000000,0.960000,0.000000,0.000000,0.000000,1.480000,1.000000
108.152000,63.000000,63.000000,1.000000,0.000000,0.000000,0.000000,0.560000,1.000000
108.156998,10.000000,10.000000,0.860000,0.000000,0.000000,0.000000,0.560000,1.000000
108.162003,11.000000,11.000000,0.750000,2.000000,2.000000,0.000000,0.560000,1.000000
108.167000,-25.000000,-25.000000,0.880000,2.000000,2.000000,0.000000,0.560000,1.000000
108.171997,-48.000000,-48.000000,0.940000,2.000000,2.000000,0.000000,1.490000,1.000000
108.177002,17.000000,17.000000,1.060000,2.000000,2.000000,0.000000,1.490000,1.000000
108.181999,37.000000,37.000000,1.030000,0.000000,0.000000,0.000000,1.490000,1.000000
108.186996,56.000000,56.000000,0.970000,0.000000,0.000000,0.000000,1.490000,1.000000
108.192001,56.000000,56.000000,0.990000,0.000000,2.000000,0.000000,0.560000,1.000000
108.196999,-2.000000,-2.000000,0.930000,0.000000,2.000000,0.000000,0.560000,1.000000
108.202003,1.000000,1.000000,0.880000,2.000000,2.000000,0.000000,1.030000,1.000000
108.207001,19.000000,19.000000,0.960000,2.000000,2.000000,0.000000,1.030000,1.000000
108.211998,17.000000,17.000000,0.950000,0.000000,2.000000,0.000000,1.490000,1.000000
108.217003,57.000000,57.000000,0.990000,0.000000,2.000000,0.000000,1.490000,1.000000
108.222000,72.000000,72.000000,0.950000,0.000000,0.000000,0.000000,1.030000,1.000000
108.226997,56.000000,56.000000,0.870000,0.000000,0.000000,0.000000,1.030000,1.000000
108.232002,59.000000,59.000000,0.870000,0.000000,0.000000,0.000000,0.570000,1.000000
108.237000,50.000000,50.000000,0.620000,0.000000,0.000000,0.000000,0.570000,1.000000
108.241997,46.000000,46.000000,0.540000,2.000000,2.000000,0.000000,0.570000,1.000000
108.247002,8.000000,8.000000,0.640000,2.000000,2.000000,0.000000,0.570000,1.000000
108.251999,-12.000000,-12.000000,0.700000,0.000000,2.000000,0.000000,1.500000,1.000000
108.257004,69.000000,69.000000,0.680000,0.000000,2.000000,0.000000,1.500000,1.000000
108.262001,89.000000,89.000000,0.540000,4.000000,2.000000,0.000000,1.030000,1.000000
108.266998,44.000000,44.000000,0.560000,4.000000,2.000000,0.000000,1.030000,1.000000
108.272003,22.000000,22.000000,0.650000,2.000000,2.000000,0.000000,1.960000,1.000000
108.277000,105.000000,105.000000,0.470000,2.000000,2.000000,0.000000,1.960000,1.000000
108.281998,110.000000,110.000000,0.360000,4.000000,4.000000,0.000000,1.500000,1.000000
108.287003,39.000000,39.000000,0.520000,4.000000,4.000000,0.000000,1.500000,1.000000
108.292000,6.000000,6.000000,0.650000,2.000000,2.000000,0.000000,2.430000,1.000000
108.296997,81.000000,81.000000,0.640000,2.000000,2.000000,0.000000,2.430000,1.000000
108.302002,88.000000,88.000000,0.590000,4.000000,6.000000,0.000000,1.510000,1.000000
108.306999,-2.000000,-2.000000,0.690000,4.000000,6.000000,0.000000,1.510000,1.000000
108.311996,-40.000000,-40.000000,0.870000,4.000000,4.000000,0.000000,2.910000,1.000000
108.317001,54.000000,54.000000,0.940000,4.000000,4.000000,0.000000,2.910000,1.000000
108.321999,57.000000,57.000000,0.970000,4.000000,4.000000,0.000000,2.450000,1.000000
108.327003,9.000000,9.000000,1.110000,4.000000,4.000000,0.000000,2.450000,1.000000
108.332001,-15.000000,-15.000000,1.260000,4.000000,4.000000,0.000000,2.450000,1.000000
108.336998,-14.000000,-14.000000,1.330000,4.000000,4.000000,0.000000,2.450000,1.000000
108.342003,-12.000000,-12.000000,1.390000,4.000000,4.000000,0.000000,2.460000,1.000000
108.347000,-31.000000,-31.000000,1.560000,4.000000,4.000000,0.000000,2.460000,1.000000
108.351997,-43.000000,-43.000000,1.710000,4.000000,2.000000,0.000000,2.460000,1.000000
108.357002,-40.000000,-40.000000,1.880000,4.000000,2.000000,0.000000,2.460000,1.000000
108.362000,-15.000000,-15.000000,1.920000,2.000000,2.000000,0.000000,2.000000,1.000000
108.366997,-18.000000,-18.000000,1.880000,2.000000,2.000000,0.000000,2.000000,1.000000
108.372002,-5.000000,-5.000000,1.910000,2.000000,0.000000,0.000000,1.540000,1.000000
108.376999,-33.000000,-33.000000,1.950000,2.000000,0.000000,0.000000,1.540000,1.000000
108.382004,-22.000000,-22.000000,1.980000,0.000000,0.000000,0.000000,1.080000,1.000000
108.387001,-33.000000,-33.000000,1.950000,0.000000,0.000000,0.000000,1.080000,1.000000
108.391998,-10.000000,-10.000000,1.880000,0.000000,0.000000,0.000000,0.610000,1.000000
108.397003,-35.000000,-35.000000,1.870000,0.000000,0.000000,0.000000,0.610000,1.000000
108.402000,-24.000000,-24.000000,1.820000,0.000000,0.000000,0.000000,0.610000,1.000000
108.406998,-5.000000,-5.000000,1.700000,0.000000,0.000000,0.000000,0.610000,1.000000
108.412003,5.000000,5.000000,1.620000,-2.000000,0.000000,0.000000,0.610000,1.000000
108.417000,9.000000,9.000000,1.540000,-2.000000,0.000000,0.000000,0.610000,1.000000
108.421997,13.000000,13.000000,1.470000,0.000000,-2.000000,0.000000,0.150000,1.000000
108.427002,-16.000000,-16.000000,1.400000,0.000000,-2.000000,0.000000,0.150000,1.000000
108.431999,-13.000000,-13.000000,1.350000,0.000000,0.000000,0.000000,0.150000,1.000000
108.436996,-7.000000,-7.000000,1.280000,0.000000,0.000000,0.000000,0.150000,1.000000
108.442001,0.000000,0.000000,1.190000,0.000000,0.000000,0.000000,0.610000,1.000000
108.446999,34.000000,34.000000,1.150000,0.000000,0.000000,0.000000,0.610000,1.000000
108.452003,38.000000,38.000000,1.070000,0.000000,0.000000,0.000000,0.610000,1.000000
108.457001,42.000000,42.000000,1.000000,0.000000,0.000000,0.000000,0.610000,1.000000
108.461998,45.000000,45.000000,0.960000,0.000000,2.000000,0.000000,0.610000,1.000000
108.467003,51.000000,51.000000,0.880000,0.000000,2.000000,0.000000,0.610000,1.000000
108.472000,57.000000,57.000000,0.810000,0.000000,0.000000,0.000000,1.080000,1.000000
108.476997,95.000000,95.000000,0.720000,0.000000,0.000000,0.000000,1.080000,1.000000
108.482002,97.000000,97.000000,0.640000,0.000000,2.000000,0.000000,0.610000,1.000000
108.487000,57.000000,57.000000,0.640000,0.000000,2.000000,0.000000,0.610000,1.000000
108.491997,55.000000,55.000000,0.570000,2.000000,0.000000,0.000000,1.080000,1.000000
108.497002,111.000000,111.000000,0.270000,2.000000,0.000000,0.000000,1.080000,1.000000
108.501999,93.000000,93.000000,0.190000,4.000000,2.000000,0.000000,1.080000,1.000000
108.507004,37.000000,37.000000,0.290000,4.000000,2.000000,0.000000,1.080000,1.000000
108.512001,-2.000000,-2.000000,0.430000,2.000000,2.000000,0.000000,2.010000,1.000000
108.516998,75.000000,75.000000,0.360000,2.000000,2.000000,0.000000,2.010000,1.000000
108.522003,82.000000,82.000000,0.320000,4.000000,4.000000,0.000000,1.550000,1.000000
108.527000,25.000000,25.000000,0.440000,4.000000,4.000000,0.000000,1.550000,1.000000
108.531998,-15.000000,-15.000000,0.610000,2.000000,4.000000,0.000000,2.480000,1.000000
108.537003,44.000000,44.000000,0.660000,2.000000,4.000000,0.000000,2.480000,1.000000
108.542000,41.000000,41.000000,0.730000,4.000000,4.000000,0.000000,2.020000,1.000000
108.546997,-15.000000,-15.000000,0.900000,4.000000,4.000000,0.000000,2.020000,1.000000
108.552002,-39.000000,-39.000000,1.050000,2.000000,4.000000,0.000000,2.490000,1.000000
108.556999,-13.000000,-13.000000,1.200000,2.000000,4.000000,0.000000,2.490000,1.000000
108.561996,-6.000000,-6.000000,1.270000,4.000000,4.000000,0.000000,2.030000,1.000000
108.567001,-41.000000,-41.000000,1.370000,4.000000,4.000000,0.000000,2.030000,1.000000
108.571999,-48.000000,-48.000000,1.470000,2.000000,2.000000,0.000000,2.500000,1.000000
108.577003,-17.000000,-17.000000,1.600000,2.000000,2.000000,0.000000,2.500000,1.000000
108.582001,-8.000000,-8.000000,1.700000,2.000000,2.000000,0.000000,1.570000,1.000000
108.586998,-50.000000,-50.000000,1.700000,2.000000,2.000000,0.000000,1.570000,1.000000
108.592003,-36.000000,-36.000000,1.720000,2.000000,2.000000,0.000000,1.580000,1.000000
108.597000,-33.000000,-33.000000,1.760000,2.000000,2.000000,0.000000,1.580000,1.000000
108.601997,-27.000000,-27.000000,1.800000,2.000000,2.000000,0.000000,1.580000,1.000000
108.607002,-11.000000,-11.000000,1.790000,2.000000,2.000000,0.000000,1.580000,1.000000
108.612000,5.000000,5.000000,1.760000,0.000000,0.000000,0.000000,1.580000,1.000000
108.616997,11.000000,11.000000,1.760000,0.000000,0.000000,0.000000,1.580000,1.000000
108.622002,19.000000,19.000000,1.740000,0.000000,0.000000,0.000000,0.650000,1.000000
108.626999,-31.000000,-31.000000,1.660000,0.000000,0.000000,0.000000,0.650000,1.000000
108.632004,-25.000000,-25.000000,1.620000,0.000000,0.000000,0.000000,0.650000,1.000000
108.637001,-22.000000,-22.000000,1.540000,0.000000,0.000000,0.000000,0.650000,1.000000
108.641998,-24.000000,-24.000000,1.500000,0.000000,0.000000,0.000000,0.650000,1.000000
108.647003,-29.000000,-29.000000,1.520000,0.000000,0.000000,0.000000,0.650000,1.000000
108.652000,-28.000000,-28.000000,1.480000,0.000000,0.000000,0.000000,0.650000,1.000000
108.656998,-20.000000,-20.000000,1.420000,0.000000,0.000000,0.000000,0.650000,1.000000
108.662003,-17.000000,-17.000000,1.410000,-2.000000,-2.000000,0.000000,0.650000,1.000000
108.667000,-12.000000,-12.000000,1.330000,-2.000000,-2.000000,0.000000,0.650000,1.000000
108.671997,-11.000000,-11.000000,1.300000,0.000000,0.000000,0.000000,-0.280000,1.000000
108.677002,-77.000000,-77.000000,1.270000,0.000000,0.000000,0.000000,-0.280000,1.000000
108.681999,-72.000000,-72.000000,1.220000,0.000000,-2.000000,0.000000,0.650000,1.000000
108.686996,-6.000000,-6.000000,1.180000,0.000000,-2.000000,0.000000,0.650000,1.000000
108.692001,-7.000000,-7.000000,1.160000,-2.000000,0.000000,0.000000,0.190000,1.000000
108.696999,-42.000000,-42.000000,1.200000,-2.000000,0.000000,0.000000,0.190000,1.000000
108.702003,-31.000000,-31.000000,1.130000,-2.000000,-2.000000,0.000000,0.180000,1.000000
108.707001,-23.000000,-23.000000,1.090000,-2.000000,-2.000000,0.000000,0.180000,1.000000
108.711998,-22.000000,-22.000000,1.140000,-2.000000,-2.000000,0.000000,-0.280000,1.000000
108.717003,-39.000000,-39.000000,1.100000,-2.000000,-2.000000,0.000000,-0.280000,1.000000
108.722000,-8.000000,-8.000000,1.010000,-2.000000,-2.000000,0.000000,-0.280000,1.000000
108.726997,17.000000,17.000000,0.860000,-2.000000,-2.000000,0.000000,-0.280000,1.000000
108.732002,27.000000,27.000000,0.740000,-2.000000,-2.000000,0.000000,-0.290000,1.000000
108.737000,29.000000,29.000000,0.640000,-2.000000,-2.000000,0.000000,-0.290000,1.000000
108.741997,30.000000,30.000000,0.530000,0.000000,-2.000000,0.000000,-0.290000,1.000000
108.747002,29.000000,29.000000,0.450000,0.000000,-2.000000,0.000000,-0.290000,1.000000
108.751999,27.000000,27.000000,0.370000,0.000000,-2.000000,0.000000,0.170000,1.000000
108.757004,61.000000,61.000000,0.240000,0.000000,-2.000000,0.000000,0.170000,1.000000
108.762001,52.000000,52.000000,0.200000,0.000000,0.000000,0.000000,0.170000,1.000000
108.766998,39.000000,39.000000,0.230000,0.000000,0.000000,0.000000,0.170000,1.000000
108.772003,37.000000,37.000000,0.170000,0.000000,0.000000,0.000000,0.640000,1.000000
108.777000,70.000000,70.000000,0.160000,0.000000,0.000000,0.000000,0.640000,1.000000
108.781998,65.000000,65.000000,0.160000,0.000000,0.000000,0.000000,0.640000,1.000000
108.787003,66.000000,66.000000,0.160000,0.000000,0.000000,0.000000,0.640000,1.000000
108.792000,75.000000,75.000000,0.060000,0.000000,2.000000,0.000000,0.640000,1.000000
108.796997,80.000000,80.000000,-0.050000,0.000000,2.000000,0.000000,0.640000,1.000000
108.802002,57.000000,57.000000,-0.060000,2.000000,2.000000,0.000000,1.100000,1.000000
108.806999,54.000000,54.000000,0.050000,2.000000,2.000000,0.000000,1.100000,1.000000
108.811996,35.000000,35.000000,0.090000,2.000000,2.000000,0.000000,1.570000,1.000000
108.817001,57.000000,57.000000,0.160000,2.000000,2.000000,0.000000,1.570000,1.000000
108.821999,53.000000,53.000000,0.200000,2.000000,4.000000,0.000000,1.570000,1.000000
108.827003,51.000000,51.000000,0.240000,2.000000,4.000000,0.000000,1.570000,1.000000
108.832001,34.000000,34.000000,0.320000,2.000000,2.000000,0.000000,2.040000,1.000000
108.836998,62.000000,62.000000,0.330000,2.000000,2.000000,0.000000,2.040000,1.000000
108.842003,57.000000,57.000000,0.380000,2.000000,2.000000,0.000000,1.580000,1.000000
108.847000,8.000000,8.000000,0.540000,2.000000,2.000000,0.000000,1.580000,1.000000
108.851997,1.000000,1.000000,0.610000,2.000000,2.000000,0.000000,1.580000,1.000000
108.857002,13.000000,13.000000,0.570000,2.000000,2.000000,0.000000,1.580000,1.000000
108.862000,10.000000,10.000000,0.610000,2.000000,2.000000,0.000000,1.580000,1.000000
108.866997,-13.000000,-13.000000,0.720000,2.000000,2.000000,0.000000,1.580000,1.000000
108.872002,-31.000000,-31.000000,0.860000,2.000000,2.000000,0.000000,1.580000,1.000000
108.876999,-29.000000,-29.000000,0.990000,2.000000,2.000000,0.000000,1.580000,1.000000
108.882004,-13.000000,-13.000000,1.020000,2.000000,2.000000,0.000000,1.590000,1.000000
108.887001,3.000000,3.000000,1.010000,2.000000,2.000000,0.000000,1.590000,1.000000
108.891998,3.000000,3.000000,1.060000,0.000000,2.000000,0.000000,1.590000,1.000000
108.897003,-2.000000,-2.000000,1.140000,0.000000,2.000000,0.000000,1.590000,1.000000
108.902000,7.000000,7.000000,1.210000,0.000000,0.000000,0.000000,1.130000,1.000000
108.906998,-1.000000,-1.000000,1.170000,0.000000,0.000000,0.000000,1.130000,1.000000
108.912003,18.000000,18.000000,1.130000,0.000000,0.000000,0.000000,0.660000,1.000000
108.917000,-10.000000,-10.000000,1.110000,0.000000,0.000000,0.000000,0.660000,1.000000
108.921997,-10.000000,-10.000000,1.110000,0.000000,0.000000,0.000000,0.660000,1.000000
108.927002,-4.000000,-4.000000,1.110000,0.000000,0.000000,0.000000,0.660000,1.000000
108.931999,9.000000,9.000000,1.040000,-2.000000,0.000000,0.000000,0.660000,1.000000
108.936996,17.000000,17.000000,0.980000,-2.000000,0.000000,0.000000,0.660000,1.000000
108.942001,18.000000,18.000000,0.960000,0.000000,0.000000,0.000000,0.200000,1.000000
108.946999,-13.000000,-13.000000,0.910000,0.000000,0.000000,0.000000,0.200000,1.000000
108.952003,-12.000000,-12.000000,0.890000,0.000000,0.000000,0.000000,0.660000,1.000000
108.957001,24.000000,24.000000,0.860000,0.000000,0.000000,0.000000,0.660000,1.000000
108.961998,28.000000,28.000000,0.810000,0.000000,0.000000,0.000000,0.660000,1.000000
108.967003,30.000000,30.000000,0.800000,0.000000,0.000000,0.000000,0.660000,1.000000
108.972000,32.000000,32.000000,0.750000,0.000000,0.000000,0.000000,0.660000,1.000000
108.976997,37.000000,37.000000,0.670000,0.000000,0.000000,0.000000,0.660000,1.000000
108.982002,34.000000,34.000000,0.640000,0.000000,0.000000,0.000000,0.660000,1.000000
108.987000,22.000000,22.000000,0.670000,0.000000,0.000000,0.000000,0.660000,1.000000
108.991997,19.000000,19.000000,0.680000,0.000000,2.000000,0.000000,0.660000,1.000000
108.997002,36.000000,36.000000,0.580000,0.000000,2.000000,0.000000,0.660000,1.000000
109.001999,42.000000,42.000000,0.500000,0.000000,0.000000,0.000000,1.130000,1.000000
109.007004,56.000000,56.000000,0.560000,0.000000,0.000000,0.000000,1.130000,1.000000
109.012001,43.000000,43.000000,0.620000,2.000000,2.000000,0.000000,0.660000,1.000000
109.016998,24.000000,24.000000,0.560000,2.000000,2.000000,0.000000,0.660000,1.000000
109.022003,35.000000,35.000000,0.460000,2.000000,2.000000,0.000000,1.590000,1.000000
109.027000,80.000000,80.000000,0.530000,2.000000,2.000000,0.000000,1.590000,1.000000
109.031998,61.000000,61.000000,0.610000,2.000000,2.000000,0.000000,1.590000,1.000000
109.037003,70.000000,70.000000,0.620000,2.000000,2.000000,0.000000,1.590000,1.000000
109.042000,87.000000,87.000000,0.540000,0.000000,2.000000,0.000000,1.600000,1.000000
109.046997,80.000000,80.000000,0.550000,0.000000,2.000000,0.000000,1.600000,1.000000
109.052002,65.000000,65.000000,0.610000,2.000000,2.000000,0.000000,1.130000,1.000000
109.056999,47.000000,47.000000,0.460000,2.000000,2.000000,0.000000,1.130000,1.000000
109.061996,46.000000,46.000000,0.410000,2.000000,2.000000,0.000000,1.600000,1.000000
109.067001,42.000000,42.000000,0.520000,2.000000,2.000000,0.000000,1.600000,1.000000
109.071999,11.000000,11.000000,0.650000,4.000000,2.000000,0.000000,1.600000,1.000000
109.077003,18.000000,18.000000,0.720000,4.000000,2.000000,0.000000,1.600000,1.000000
109.082001,36.000000,36.000000,0.660000,2.000000,4.000000,0.000000,2.070000,1.000000
109.086998,65.000000,65.000000,0.690000,2.000000,4.000000,0.000000,2.070000,1.000000
109.092003,48.000000,48.000000,0.790000,2.000000,2.000000,0.000000,2.070000,1.000000
109.097000,55.000000,55.000000,0.800000,2.000000,2.000000,0.000000,2.070000,1.000000
109.101997,65.000000,65.000000,0.800000,2.000000,2.000000,0.000000,1.610000,1.000000
109.107002,28.000000,28.000000,0.860000,2.000000,2.000000,0.000000,1.610000,1.000000
109.112000,23.000000,23.000000,0.910000,4.000000,2.000000,0.000000,1.610000,1.000000
109.116997,41.000000,41.000000,0.770000,4.000000,2.000000,0.000000,1.610000,1.000000
109.122002,40.000000,40.000000,0.730000,2.000000,4.000000,0.000000,2.080000,1.000000
109.126999,41.000000,41.000000,0.890000,2.000000,4.000000,0.000000,2.080000,1.000000
109.132004,20.000000,20.000000,1.000000,2.000000,2.000000,0.000000,2.090000,1.000000
109.137001,28.000000,28.000000,1.100000,2.000000,2.000000,0.000000,2.090000,1.000000
109.141998,46.000000,46.000000,1.050000,4.000000,2.000000,0.000000,1.620000,1.000000
109.147003,13.000000,13.000000,1.080000,4.000000,2.000000,0.000000,1.620000,1.000000
109.152000,-3.000000,-3.000000,1.180000,2.000000,2.000000,0.000000,2.090000,1.000000
109.156998,33.000000,33.000000,1.200000,2.000000,2.000000,0.000000,2.090000,1.000000
109.162003,42.000000,42.000000,1.190000,2.000000,2.000000,0.000000,1.630000,1.000000
109.167000,2.000000,2.000000,1.270000,2.000000,2.000000,0.000000,1.630000,1.000000
109.171997,-7.000000,-7.000000,1.320000,2.000000,2.000000,0.000000,1.630000,1.000000
109.177002,-2.000000,-2.000000,1.340000,2.000000,2.000000,0.000000,1.630000,1.000000
109.181999,4.000000,4.000000,1.340000,2.000000,2.000000,0.000000,1.630000,1.000000
109.186996,-3.000000,-3.000000,1.410000,2.000000,2.000000,0.000000,1.630000,1.000000
109.192001,-8.000000,-8.000000,1.470000,2.000000,2.000000,0.000000,1.640000,1.000000
109.196999,-1.000000,-1.000000,1.530000,2.000000,2.000000,0.000000,1.640000,1.000000
109.202003,16.000000,16.000000,1.530000,2.000000,2.000000,0.000000,1.640000,1.000000
109.207001,35.000000,35.000000,1.480000,2.000000,2.000000,0.000000,1.640000,1.000000
109.211998,44.000000,44.000000,1.470000,0.000000,2.000000,0.000000,1.640000,1.000000
109.217003,52.000000,52.000000,1.430000,0.000000,2.000000,0.000000,1.640000,1.000000
109.222000,59.000000,59.000000,1.400000,0.000000,0.000000,0.000000,1.180000,1.000000
109.226997,32.000000,32.000000,1.400000,0.000000,0.000000,0.000000,1.180000,1.000000
109.232002,43.000000,43.000000,1.350000,0.000000,0.000000,0.000000,0.720000,1.000000
109.237000,38.000000,38.000000,1.110000,0.000000,0.000000,0.000000,0.720000,1.000000
109.241997,38.000000,38.000000,1.000000,2.000000,2.000000,0.000000,0.720000,1.000000
109.247002,6.000000,6.000000,1.100000,2.000000,2.000000,0.000000,0.720000,1.000000
109.251999,-9.000000,-9.000000,1.130000,2.000000,2.000000,0.000000,1.650000,1.000000
109.257004,68.000000,68.000000,1.160000,2.000000,2.000000,0.000000,1.650000,1.000000
109.262001,90.000000,90.000000,1.040000,2.000000,2.000000,0.000000,1.650000,1.000000
109.266998,95.000000,95.000000,0.990000,2.000000,2.000000,0.000000,1.650000,1.000000
109.272003,82.000000,82.000000,1.020000,2.000000,0.000000,0.000000,1.650000,1.000000
109.277000,97.000000,97.000000,0.840000,2.000000,0.000000,0.000000,1.650000,1.000000
109.281998,98.000000,98.000000,0.750000,2.000000,2.000000,0.000000,1.190000,1.000000
109.287003,34.000000,34.000000,0.830000,2.000000,2.000000,0.000000,1.190000,1.000000
109.292000,11.000000,11.000000,0.890000,2.000000,4.000000,0.000000,1.650000,1.000000
109.296997,59.000000,59.000000,0.800000,2.000000,4.000000,0.000000,1.650000,1.000000
109.302002,66.000000,66.000000,0.720000,4.000000,4.000000,0.000000,2.120000,1.000000
109.306999,74.000000,74.000000,0.760000,4.000000,4.000000,0.000000,2.120000,1.000000
109.311996,40.000000,40.000000,0.900000,4.000000,4.000000,0.000000,2.590000,1.000000
109.317001,76.000000,76.000000,0.900000,4.000000,4.000000,0.000000,2.590000,1.000000
109.321999,85.000000,85.000000,0.890000,6.000000,4.000000,0.000000,2.590000,1.000000
109.327003,84.000000,84.000000,0.940000,6.000000,4.000000,0.000000,2.590000,1.000000
109.332001,80.000000,80.000000,0.950000,4.000000,2.000000,0.000000,3.060000,1.000000
109.336998,123.000000,123.000000,0.820000,4.000000,2.000000,0.000000,3.060000,1.000000
109.342003,110.000000,110.000000,0.870000,4.000000,4.000000,0.000000,2.140000,1.000000
109.347000,16.000000,16.000000,0.990000,4.000000,4.000000,0.000000,2.140000,1.000000
109.351997,-4.000000,-4.000000,1.140000,4.000000,4.000000,0.000000,2.610000,1.000000
109.357002,43.000000,43.000000,1.110000,4.000000,4.000000,0.000000,2.610000,1.000000
109.362000,46.000000,46.000000,1.080000,6.000000,6.000000,0.000000,2.610000,1.000000
109.366997,14.000000,14.000000,1.230000,6.000000,6.000000,0.000000,2.610000,1.000000
109.372002,-22.000000,-22.000000,1.410000,4.000000,4.000000,0.000000,3.550000,1.000000
109.376999,35.000000,35.000000,1.590000,4.000000,4.000000,0.000000,3.550000,1.000000
109.382004,46.000000,46.000000,1.650000,4.000000,4.000000,0.000000,2.630000,1.000000
109.387001,-7.000000,-7.000000,1.720000,4.000000,4.000000,0.000000,2.630000,1.000000
109.391998,-1.000000,-1.000000,1.770000,4.000000,4.000000,0.000000,2.630000,1.000000
109.397003,5.000000,5.000000,1.780000,4.000000,4.000000,0.000000,2.630000,1.000000
109.402000,-2.000000,-2.000000,1.850000,4.000000,4.000000,0.000000,2.640000,1.000000
109.406998,-16.000000,-16.000000,2.000000,4.000000,4.000000,0.000000,2.640000,1.000000
109.412003,-17.000000,-17.000000,2.070000,4.000000,4.000000,0.000000,2.640000,1.000000
109.417000,-6.000000,-6.000000,2.160000,4.000000,4.000000,0.000000,2.640000,1.000000
109.421997,11.000000,11.000000,2.190000,2.000000,2.000000,0.000000,2.640000,1.000000
109.427002,30.000000,30.000000,2.170000,2.000000,2.000000,0.000000,2.640000,1.000000
109.431999,40.000000,40.000000,2.190000,2.000000,2.000000,0.000000,1.720000,1.000000
109.436996,-14.000000,-14.000000,2.160000,2.000000,2.000000,0.000000,1.720000,1.000000
109.442001,-3.000000,-3.000000,2.130000,0.000000,2.000000,0.000000,1.720000,1.000000
109.446999,2.000000,2.000000,2.140000,0.000000,2.000000,0.000000,1.720000,1.000000
109.452003,12.000000,12.000000,2.100000,0.000000,2.000000,0.000000,1.260000,1.000000
109.457001,-11.000000,-11.000000,2.070000,0.000000,2.000000,0.000000,1.260000,1.000000
109.461998,1.000000,1.000000,2.030000,0.000000,2.000000,0.000000,1.260000,1.000000
109.467003,13.000000,13.000000,1.960000,0.000000,2.000000,0.000000,1.260000,1.000000
109.472000,25.000000,25.000000,1.920000,0.000000,0.000000,0.000000,1.260000,1.000000
109.476997,37.000000,37.000000,1.850000,0.000000,0.000000,0.000000,1.260000,1.000000
109.482002,52.000000,52.000000,1.750000,0.000000,0.000000,0.000000,0.800000,1.000000
109.487000,32.000000,32.000000,1.660000,0.000000,0.000000,0.000000,0.800000,1.000000
109.491997,41.000000,41.000000,1.570000,0.000000,0.000000,0.000000,0.800000,1.000000
109.497002,58.000000,58.000000,1.360000,0.000000,0.000000,0.000000,0.800000,1.000000
109.501999,53.000000,53.000000,1.240000,0.000000,0.000000,0.000000,0.800000,1.000000
109.507004,25.000000,25.000000,1.300000,0.000000,0.000000,0.000000,0.800000,1.000000
109.512001,14.000000,14.000000,1.300000,0.000000,0.000000,0.000000,0.800000,1.000000
109.516998,35.000000,35.000000,1.190000,0.000000,0.000000,0.000000,0.800000,1.000000
109.522003,49.000000,49.000000,1.030000,2.000000,2.000000,0.000000,0.800000,1.000000
109.527000,29.000000,29.000000,1.040000,2.000000,2.000000,0.000000,0.800000,1.000000
109.531998,5.000000,5.000000,1.100000,0.000000,2.000000,0.000000,1.730000,1.000000
109.537003,76.000000,76.000000,1.080000,0.000000,2.000000,0.000000,1.730000,1.000000
109.542000,92.000000,92.000000,0.990000,2.000000,2.000000,0.000000,1.270000,1.000000
109.546997,56.000000,56.000000,0.980000,2.000000,2.000000,0.000000,1.270000,1.000000
109.552002,46.000000,46.000000,0.990000,2.000000,2.000000,0.000000,1.730000,1.000000
109.556999,97.000000,97.000000,0.770000,2.000000,2.000000,0.000000,1.730000,1.000000
109.561996,89.000000,89.000000,0.740000,4.000000,2.000000,0.000000,1.730000,1.000000
109.567001,57.000000,57.000000,0.790000,4.000000,2.000000,0.000000,1.730000,1.000000
109.571999,29.000000,29.000000,0.890000,2.000000,2.000000,0.000000,2.200000,1.000000
109.577003,75.000000,75.000000,0.800000,2.000000,2.000000,0.000000,2.200000,1.000000
109.582001,81.000000,81.000000,0.740000,4.000000,4.000000,0.000000,1.740000,1.000000
109.586998,29.000000,29.000000,0.800000,4.000000,4.000000,0.000000,1.740000,1.000000
109.592003,3.000000,3.000000,0.930000,4.000000,4.000000,0.000000,2.670000,1.000000
109.597000,80.000000,80.000000,0.860000,4.000000,4.000000,0.000000,2.670000,1.000000
109.601997,90.000000,90.000000,0.820000,4.000000,4.000000,0.000000,2.680000,1.000000
109.607002,78.000000,78.000000,0.910000,4.000000,4.000000,0.000000,2.680000,1.000000
109.612000,55.000000,55.000000,1.020000,4.000000,4.000000,0.000000,2.680000,1.000000
109.616997,58.000000,58.000000,1.020000,4.000000,4.000000,0.000000,2.680000,1.000000
109.622002,54.000000,54.000000,1.050000,6.000000,4.000000,0.000000,2.690000,1.000000
109.626999,29.000000,29.000000,1.210000,6.000000,4.000000,0.000000,2.690000,1.000000
109.632004,7.000000,7.000000,1.340000,4.000000,4.000000,0.000000,3.160000,1.000000
109.637001,42.000000,42.000000,1.470000,4.000000,4.000000,0.000000,3.160000,1.000000
109.641998,51.000000,51.000000,1.500000,6.000000,4.000000,0.000000,2.700000,1.000000
109.647003,19.000000,19.000000,1.600000,6.000000,4.000000,0.000000,2.700000,1.000000
109.652000,18.000000,18.000000,1.680000,4.000000,4.000000,0.000000,3.170000,1.000000
109.656998,64.000000,64.000000,1.660000,4.000000,4.000000,0.000000,3.170000,1.000000
109.662003,66.000000,66.000000,1.690000,4.000000,4.000000,0.000000,2.710000,1.000000
109.667000,21.000000,21.000000,1.810000,4.000000,4.000000,0.000000,2.710000,1.000000
109.671997,17.000000,17.000000,1.880000,4.000000,4.000000,0.000000,2.710000,1.000000
109.677002,37.000000,37.000000,1.830000,4.000000,4.000000,0.000000,2.710000,1.000000
109.681999,42.000000,42.000000,1.840000,4.000000,4.000000,0.000000,2.720000,1.000000
109.686996,29.000000,29.000000,1.910000,4.000000,4.000000,0.000000,2.720000,1.000000
109.692001,15.000000,15.000000,1.990000,4.000000,2.000000,0.000000,2.720000,1.000000
109.696999,24.000000,24.000000,2.010000,4.000000,2.000000,0.000000,2.720000,1.000000
109.702003,37.000000,37.000000,1.990000,2.000000,4.000000,0.000000,2.260000,1.000000
109.707001,4.000000,4.000000,2.050000,2.000000,4.000000,0.000000,2.260000,1.000000
109.711998,2.000000,2.000000,2.080000,2.000000,2.000000,0.000000,2.270000,1.000000
109.717003,16.000000,16.000000,2.050000,2.000000,2.000000,0.000000,2.270000,1.000000
109.722000,26.000000,26.000000,2.020000,2.000000,4.000000,0.000000,1.800000,1.000000
109.726997,-13.000000,-13.000000,2.080000,2.000000,4.000000,0.000000,1.800000,1.000000
109.732002,-15.000000,-15.000000,2.100000,2.000000,2.000000,0.000000,2.270000,1.000000
109.737000,28.000000,28.000000,2.100000,2.000000,2.000000,0.000000,2.270000,1.000000
109.741997,40.000000,40.000000,2.060000,2.000000,2.000000,0.000000,1.810000,1.000000
109.747002,13.000000,13.000000,2.060000,2.000000,2.000000,0.000000,1.810000,1.000000
109.751999,15.000000,15.000000,2.060000,2.000000,2.000000,0.000000,1.810000,1.000000
109.757004,29.000000,29.000000,1.980000,2.000000,2.000000,0.000000,1.810000,1.000000
109.762001,37.000000,37.000000,1.910000,2.000000,2.000000,0.000000,1.820000,1.000000
109.766998,26.000000,26.000000,1.950000,2.000000,2.000000,0.000000,1.820000,1.000000
109.772003,23.000000,23.000000,1.950000,2.000000,2.000000,0.000000,1.820000,1.000000
109.777000,38.000000,38.000000,1.890000,2.000000,2.000000,0.000000,1.820000,1.000000
109.781998,52.000000,52.000000,1.790000,2.000000,4.000000,0.000000,1.820000,1.000000
109.787003,46.000000,46.000000,1.790000,2.000000,4.000000,0.000000,1.820000,1.000000
109.792000,40.000000,40.000000,1.800000,2.000000,2.000000,0.000000,2.290000,1.000000
109.796997,90.000000,90.000000,1.680000,2.000000,2.000000,0.000000,2.290000,1.000000
109.802002,99.000000,99.000000,1.590000,2.000000,4.000000,0.000000,1.830000,1.000000
109.806999,54.000000,54.000000,1.610000,2.000000,4.000000,0.000000,1.830000,1.000000
109.811996,46.000000,46.000000,1.620000,2.000000,2.000000,0.000000,2.290000,1.000000
109.817001,105.000000,105.000000,1.380000,2.000000,2.000000,0.000000,2.290000,1.000000
109.821999,102.000000,102.000000,1.320000,2.000000,2.000000,0.000000,1.830000,1.000000
109.827003,37.000000,37.000000,1.360000,2.000000,2.000000,0.000000,1.830000,1.000000
109.832001,7.000000,7.000000,1.470000,4.000000,2.000000,0.000000,1.830000,1.000000
109.836998,21.000000,21.000000,1.380000,4.000000,2.000000,0.000000,1.830000,1.000000
109.842003,29.000000,29.000000,1.330000,4.000000,4.000000,0.000000,2.300000,1.000000
109.847000,57.000000,57.000000,1.370000,4.000000,4.000000,0.000000,2.300000,1.000000
109.851997,42.000000,42.000000,1.430000,4.000000,4.000000,0.000000,2.770000,1.000000
109.857002,68.000000,68.000000,1.530000,4.000000,4.000000,0.000000,2.770000,1.000000
109.862000,73.000000,73.000000,1.580000,4.000000,2.000000,0.000000,2.780000,1.000000
109.866997,87.000000,87.000000,1.610000,4.000000,2.000000,0.000000,2.780000,1.000000
109.872002,104.000000,104.000000,1.580000,2.000000,2.000000,0.000000,2.320000,1.000000
109.876999,97.000000,97.000000,1.410000,2.000000,2.000000,0.000000,2.320000,1.000000
109.882004,93.000000,93.000000,1.360000,4.000000,4.000000,0.000000,1.850000,1.000000
109.887001,29.000000,29.000000,1.510000,4.000000,4.000000,0.000000,1.850000,1.000000
109.891998,21.000000,21.000000,1.530000,4.000000,4.000000,0.000000,2.790000,1.000000
109.897003,108.000000,108.000000,1.460000,4.000000,4.000000,0.000000,2.790000,1.000000
109.902000,120.000000,120.000000,1.380000,4.000000,4.000000,0.000000,2.790000,1.000000
109.906998,104.000000,104.000000,1.420000,4.000000,4.000000,0.000000,2.790000,1.000000
109.912003,81.000000,81.000000,1.500000,4.000000,4.000000,0.000000,2.800000,1.000000
109.917000,96.000000,96.000000,1.370000,4.000000,4.000000,0.000000,2.800000,1.000000
109.921997,96.000000,96.000000,1.350000,6.000000,6.000000,0.000000,2.800000,1.000000
109.927002,77.000000,77.000000,1.410000,6.000000,6.000000,0.000000,2.800000,1.000000
109.931999,60.000000,60.000000,1.490000,4.000000,4.000000,0.000000,3.740000,1.000000
109.936996,137.000000,137.000000,1.410000,4.000000,4.000000,0.000000,3.740000,1.000000
109.942001,140.000000,140.000000,1.390000,6.000000,6.000000,0.000000,2.810000,1.000000
109.946999,56.000000,56.000000,1.460000,6.000000,6.000000,0.000000,2.810000,1.000000
109.952003,36.000000,36.000000,1.580000,4.000000,4.000000,0.000000,3.750000,1.000000
109.957001,123.000000,123.000000,1.400000,4.000000,4.000000,0.000000,3.750000,1.000000
109.961998,112.000000,112.000000,1.470000,6.000000,6.000000,0.000000,2.820000,1.000000
109.967003,11.000000,11.000000,1.630000,6.000000,6.000000,0.000000,2.820000,1.000000
109.972000,-22.000000,-22.000000,1.770000,6.000000,6.000000,0.000000,3.760000,1.000000
109.976997,40.000000,40.000000,1.860000,6.000000,6.000000,0.000000,3.760000,1.000000
109.982002,36.000000,36.000000,1.930000,6.000000,8.000000,0.000000,3.770000,1.000000
109.987000,23.000000,23.000000,2.080000,6.000000,8.000000,0.000000,3.770000,1.000000
109.991997,10.000000,10.000000,2.180000,6.000000,6.000000,0.000000,4.240000,1.000000
109.997002,35.000000,35.000000,2.340000,6.000000,6.000000,0.000000,4.240000,1.000000
110.001999,35.000000,35.000000,2.470000,6.000000,6.000000,0.000000,3.780000,1.000000
110.007004,16.000000,16.000000,2.550000,6.000000,6.000000,0.000000,3.780000,1.000000
110.012001,33.000000,33.000000,2.600000,4.000000,4.000000,0.000000,3.790000,1.000000
110.016998,53.000000,53.000000,2.560000,4.000000,4.000000,0.000000,3.790000,1.000000
110.022003,55.000000,55.000000,2.590000,4.000000,4.000000,0.000000,2.870000,1.000000
110.027000,-24.000000,-24.000000,2.730000,4.000000,4.000000,0.000000,2.870000,1.000000
110.031998,-23.000000,-23.000000,2.770000,4.000000,4.000000,0.000000,2.870000,1.000000
110.037003,4.000000,4.000000,2.670000,4.000000,4.000000,0.000000,2.870000,1.000000
110.042000,10.000000,10.000000,2.630000,4.000000,4.000000,0.000000,2.880000,1.000000
110.046997,-11.000000,-11.000000,2.730000,4.000000,4.000000,0.000000,2.880000,1.000000
110.052002,-25.000000,-25.000000,2.800000,4.000000,2.000000,0.000000,2.880000,1.000000
110.056999,-18.000000,-18.000000,2.880000,4.000000,2.000000,0.000000,2.880000,1.000000
110.061996,2.000000,2.000000,2.860000,2.000000,2.000000,0.000000,2.420000,1.000000
110.067001,-11.000000,-11.000000,2.830000,2.000000,2.000000,0.000000,2.420000,1.000000
110.071999,-1.000000,-1.000000,2.810000,4.000000,2.000000,0.000000,1.960000,1.000000
110.077003,-26.000000,-26.000000,2.780000,4.000000,2.000000,0.000000,1.960000,1.000000
110.082001,-16.000000,-16.000000,2.770000,2.000000,2.000000,0.000000,2.430000,1.000000
110.086998,30.000000,30.000000,2.740000,2.000000,2.000000,0.000000,2.430000,1.000000
110.092003,46.000000,46.000000,2.670000,0.000000,0.000000,0.000000,1.970000,1.000000
110.097000,26.000000,26.000000,2.630000,0.000000,0.000000,0.000000,1.970000,1.000000
110.101997,41.000000,41.000000,2.580000,0.000000,0.000000,0.000000,1.040000,1.000000
110.107002,2.000000,2.000000,2.440000,0.000000,0.000000,0.000000,1.040000,1.000000
110.112000,23.000000,23.000000,2.330000,2.000000,0.000000,0.000000,1.040000,1.000000
110.116997,40.000000,40.000000,2.120000,2.000000,0.000000,0.000000,1.040000,1.000000
110.122002,39.000000,39.000000,1.970000,0.000000,0.000000,0.000000,1.500000,1.000000
110.126999,50.000000,50.000000,2.010000,0.000000,0.000000,0.000000,1.500000,1.000000
110.132004,46.000000,46.000000,1.960000,2.000000,0.000000,0.000000,1.040000,1.000000
110.137001,36.000000,36.000000,1.830000,2.000000,0.000000,0.000000,1.040000,1.000000
110.141998,48.000000,48.000000,1.680000,2.000000,0.000000,0.000000,1.500000,1.000000
110.147003,69.000000,69.000000,1.640000,2.000000,0.000000,0.000000,1.500000,1.000000
110.152000,56.000000,56.000000,1.640000,2.000000,0.000000,0.000000,1.510000,1.000000
110.156998,72.000000,72.000000,1.510000,2.000000,0.000000,0.000000,1.510000,1.000000
110.162003,85.000000,85.000000,1.380000,2.000000,2.000000,0.000000,1.510000,1.000000
110.167000,72.000000,72.000000,1.370000,2.000000,2.000000,0.000000,1.510000,1.000000
110.171997,57.000000,57.000000,1.370000,0.000000,0.000000,0.000000,1.970000,1.000000
110.177002,111.000000,111.000000,1.160000,0.000000,0.000000,0.000000,1.970000,1.000000
110.181999,113.000000,113.000000,1.060000,4.000000,2.000000,0.000000,1.050000,1.000000
110.186996,19.000000,19.000000,1.090000,4.000000,2.000000,0.000000,1.050000,1.000000
110.192001,-9.000000,-9.000000,1.170000,2.000000,2.000000,0.000000,2.440000,1.000000
110.196999,106.000000,106.000000,1.000000,2.000000,2.000000,0.000000,2.440000,1.000000
110.202003,104.000000,104.000000,0.980000,4.000000,4.000000,0.000000,1.980000,1.000000
110.207001,51.000000,51.000000,0.980000,4.000000,4.000000,0.000000,1.980000,1.000000
110.211998,14.000000,14.000000,1.100000,4.000000,2.000000,0.000000,2.910000,1.000000
110.217003,79.000000,79.000000,1.120000,4.000000,2.000000,0.000000,2.910000,1.000000
110.222000,78.000000,78.000000,1.110000,4.000000,4.000000,0.000000,2.450000,1.000000
110.226997,31.000000,31.000000,1.200000,4.000000,4.000000,0.000000,2.450000,1.000000
110.232002,12.000000,12.000000,1.280000,4.000000,4.000000,0.000000,2.920000,1.000000
110.237000,40.000000,40.000000,1.370000,4.000000,4.000000,0.000000,2.920000,1.000000
110.241997,42.000000,42.000000,1.390000,6.000000,6.000000,0.000000,2.920000,1.000000
110.247002,26.000000,26.000000,1.580000,6.000000,6.000000,0.000000,2.920000,1.000000
110.251999,18.000000,18.000000,1.690000,4.000000,4.000000,0.000000,3.860000,1.000000
110.257004,98.000000,98.000000,1.740000,4.000000,4.000000,0.000000,3.860000,1.000000
110.262001,108.000000,108.000000,1.750000,4.000000,4.000000,0.000000,2.940000,1.000000
110.266998,32.000000,32.000000,1.880000,4.000000,4.000000,0.000000,2.940000,1.000000
110.272003,29.000000,29.000000,1.960000,4.000000,4.000000,0.000000,2.940000,1.000000
110.277000,64.000000,64.000000,1.720000,4.000000,4.000000,0.000000,2.940000,1.000000
110.281998,58.000000,58.000000,1.720000,6.000000,4.000000,0.000000,2.950000,1.000000
110.287003,15.000000,15.000000,1.850000,6.000000,4.000000,0.000000,2.950000,1.000000
110.292000,-19.000000,-19.000000,2.020000,6.000000,4.000000,0.000000,3.420000,1.000000
110.296997,16.000000,16.000000,2.110000,6.000000,4.000000,0.000000,3.420000,1.000000
110.302002,22.000000,22.000000,2.170000,6.000000,4.000000,0.000000,3.420000,1.000000
110.306999,29.000000,29.000000,2.290000,6.000000,4.000000,0.000000,3.420000,1.000000
110.311996,37.000000,37.000000,2.300000,4.000000,4.000000,0.000000,3.430000,1.000000
110.317001,40.000000,40.000000,2.350000,4.000000,4.000000,0.000000,3.430000,1.000000
110.321999,40.000000,40.000000,2.430000,2.000000,2.000000,0.000000,2.970000,1.000000
110.327003,14.000000,14.000000,2.480000,2.000000,2.000000,0.000000,2.970000,1.000000
110.332001,26.000000,26.000000,2.500000,2.000000,2.000000,0.000000,2.040000,1.000000
110.336998,-20.000000,-20.000000,2.450000,2.000000,2.000000,0.000000,2.040000,1.000000
110.342003,-14.000000,-14.000000,2.400000,4.000000,4.000000,0.000000,2.050000,1.000000
110.347000,-29.000000,-29.000000,2.500000,4.000000,4.000000,0.000000,2.050000,1.000000
110.351997,-30.000000,-30.000000,2.530000,2.000000,2.000000,0.000000,2.980000,1.000000
110.357002,49.000000,49.000000,2.570000,2.000000,2.000000,0.000000,2.980000,1.000000
110.362000,72.000000,72.000000,2.570000,2.000000,2.000000,0.000000,2.050000,1.000000
110.366997,40.000000,40.000000,2.450000,2.000000,2.000000,0.000000,2.050000,1.000000
110.372002,60.000000,60.000000,2.380000,2.000000,0.000000,0.000000,2.060000,1.000000
110.376999,84.000000,84.000000,2.120000,2.000000,0.000000,0.000000,2.060000,1.000000
110.382004,79.000000,79.000000,1.990000,2.000000,2.000000,0.000000,1.590000,1.000000
110.387001,9.000000,9.000000,2.120000,2.000000,2.000000,0.000000,1.590000,1.000000
110.391998,3.000000,3.000000,2.100000,2.000000,2.000000,0.000000,2.060000,1.000000
110.397003,60.000000,60.000000,1.960000,2.000000,2.000000,0.000000,2.060000,1.000000
110.402000,74.000000,74.000000,1.770000,2.000000,4.000000,0.000000,2.060000,1.000000
110.406998,43.000000,43.000000,1.810000,2.000000,4.000000,0.000000,2.060000,1.000000
110.412003,13.000000,13.000000,1.890000,2.000000,2.000000,0.000000,2.530000,1.000000
110.417000,56.000000,56.000000,1.820000,2.000000,2.000000,0.000000,2.530000,1.000000
110.421997,67.000000,67.000000,1.740000,4.000000,4.000000,0.000000,2.070000,1.000000
110.427002,26.000000,26.000000,1.760000,4.000000,4.000000,0.000000,2.070000,1.000000
110.431999,8.000000,8.000000,1.810000,2.000000,2.000000,0.000000,3.000000,1.000000
110.436996,79.000000,79.000000,1.770000,2.000000,2.000000,0.000000,3.000000,1.000000
110.442001,85.000000,85.000000,1.750000,4.000000,4.000000,0.000000,2.070000,1.000000
110.446999,10.000000,10.000000,1.800000,4.000000,4.000000,0.000000,2.070000,1.000000
110.452003,-3.000000,-3.000000,1.870000,4.000000,2.000000,0.000000,3.010000,1.000000
110.457001,73.000000,73.000000,1.830000,4.000000,2.000000,0.000000,3.010000,1.000000
110.461998,77.000000,77.000000,1.800000,4.000000,6.000000,0.000000,2.550000,1.000000
110.467003,16.000000,16.000000,1.940000,4.000000,6.000000,0.000000,2.550000,1.000000
110.472000,-2.000000,-2.000000,2.030000,4.000000,4.000000,0.000000,3.480000,1.000000
110.476997,70.000000,70.000000,2.070000,4.000000,4.000000,0.000000,3.480000,1.000000
110.482002,77.000000,77.000000,2.040000,6.000000,4.000000,0.000000,3.020000,1.000000
110.487000,26.000000,26.000000,2.170000,6.000000,4.000000,0.000000,3.020000,1.000000
110.491997,7.000000,7.000000,2.270000,4.000000,4.000000,0.000000,3.490000,1.000000
110.497002,51.000000,51.000000,2.250000,4.000000,4.000000,0.000000,3.490000,1.000000
110.501999,56.000000,56.000000,2.230000,6.000000,4.000000,0.000000,3.030000,1.000000
110.507004,3.000000,3.000000,2.350000,6.000000,4.000000,0.000000,3.030000,1.000000
110.512001,-14.000000,-14.000000,2.440000,4.000000,4.000000,0.000000,3.500000,1.000000
110.516998,25.000000,25.000000,2.490000,4.000000,4.000000,0.000000,3.500000,1.000000
110.522003,34.000000,34.000000,2.490000,4.000000,6.000000,0.000000,3.040000,1.000000
110.527000,0.000000,0.000000,2.580000,4.000000,6.000000,0.000000,3.040000,1.000000
110.531998,0.000000,0.000000,2.610000,4.000000,2.000000,0.000000,3.510000,1.000000
110.537003,42.000000,42.000000,2.630000,4.000000,2.000000,0.000000,3.510000,1.000000
110.542000,51.000000,51.000000,2.620000,4.000000,4.000000,0.000000,2.590000,1.000000
110.546997,-13.000000,-13.000000,2.670000,4.000000,4.000000,0.000000,2.590000,1.000000
110.552002,-13.000000,-13.000000,2.700000,4.000000,4.000000,0.000000,3.060000,1.000000
110.556999,37.000000,37.000000,2.590000,4.000000,4.000000,0.000000,3.060000,1.000000
110.561996,39.000000,39.000000,2.580000,2.000000,4.000000,0.000000,3.060000,1.000000
110.567001,21.000000,21.000000,2.660000,2.000000,4.000000,0.000000,3.060000,1.000000
110.571999,14.000000,14.000000,2.700000,4.000000,2.000000,0.000000,2.600000,1.000000
110.577003,-1.000000,-1.000000,2.700000,4.000000,2.000000,0.000000,2.600000,1.000000
110.582001,19.000000,19.000000,2.610000,4.000000,4.000000,0.000000,2.610000,1.000000
110.586998,22.000000,22.000000,2.620000,4.000000,4.000000,0.000000,2.610000,1.000000
110.592003,14.000000,14.000000,2.670000,2.000000,2.000000,0.000000,3.070000,1.000000
110.597000,52.000000,52.000000,2.690000,2.000000,2.000000,0.000000,3.070000,1.000000
110.601997,69.000000,69.000000,2.630000,2.000000,2.000000,0.000000,2.150000,1.000000
110.607002,15.000000,15.000000,2.600000,2.000000,2.000000,0.000000,2.150000,1.000000
110.612000,22.000000,22.000000,2.570000,2.000000,2.000000,0.000000,2.150000,1.000000
110.616997,44.000000,44.000000,2.370000,2.000000,2.000000,0.000000,2.150000,1.000000
110.622002,42.000000,42.000000,2.270000,4.000000,2.000000,0.000000,2.150000,1.000000
110.626999,5.000000,5.000000,2.400000,4.000000,2.000000,0.000000,2.150000,1.000000
110.632004,-5.000000,-5.000000,2.410000,2.000000,2.000000,0.000000,2.620000,1.000000
110.637001,43.000000,43.000000,2.400000,2.000000,2.000000,0.000000,2.620000,1.000000
110.641998,59.000000,59.000000,2.290000,2.000000,2.000000,0.000000,2.160000,1.000000
110.647003,19.000000,19.000000,2.290000,2.000000,2.000000,0.000000,2.160000,1.000000
110.652000,8.000000,8.000000,2.330000,2.000000,2.000000,0.000000,2.160000,1.000000
110.656998,27.000000,27.000000,2.190000,2.000000,2.000000,0.000000,2.160000,1.000000
110.662003,37.000000,37.000000,2.090000,2.000000,4.000000,0.000000,2.160000,1.000000
110.667000,16.000000,16.000000,2.150000,2.000000,4.000000,0.000000,2.160000,1.000000
110.671997,-2.000000,-2.000000,2.190000,2.000000,2.000000,0.000000,2.630000,1.000000
110.677002,42.000000,42.000000,2.180000,2.000000,2.000000,0.000000,2.630000,1.000000
110.681999,56.000000,56.000000,2.100000,2.000000,2.000000,0.000000,2.170000,1.000000
110.686996,16.000000,16.000000,2.120000,2.000000,2.000000,0.000000,2.170000,1.000000
110.692001,6.000000,6.000000,2.160000,2.000000,2.000000,0.000000,2.170000,1.000000
110.696999,23.000000,23.000000,2.050000,2.000000,2.000000,0.000000,2.170000,1.000000
110.702003,32.000000,32.000000,1.990000,2.000000,2.000000,0.000000,2.180000,1.000000
110.707001,11.000000,11.000000,2.070000,2.000000,2.000000,0.000000,2.180000,1.000000
110.711998,-7.000000,-7.000000,2.130000,2.000000,4.000000,0.000000,2.180000,1.000000
110.717003,0.000000,0.000000,2.170000,2.000000,4.000000,0.000000,2.180000,1.000000
110.722000,18.000000,18.000000,2.080000,2.000000,2.000000,0.000000,2.650000,1.000000
110.726997,49.000000,49.000000,2.090000,2.000000,2.000000,0.000000,2.650000,1.000000
110.732002,39.000000,39.000000,2.130000,2.000000,2.000000,0.000000,2.180000,1.000000
110.737000,11.000000,11.000000,2.130000,2.000000,2.000000,0.000000,2.180000,1.000000
110.741997,19.000000,19.000000,2.100000,2.000000,2.000000,0.000000,2.190000,1.000000
110.747002,21.000000,21.000000,2.120000,2.000000,2.000000,0.000000,2.190000,1.000000
110.751999,27.000000,27.000000,2.100000,0.000000,2.000000,0.000000,2.190000,1.000000
110.757004,40.000000,40.000000,2.060000,0.000000,2.000000,0.000000,2.190000,1.000000
110.762001,50.000000,50.000000,1.990000,2.000000,2.000000,0.000000,1.730000,1.000000
110.766998,14.000000,14.000000,1.990000,2.000000,2.000000,0.000000,1.730000,1.000000
110.772003,12.000000,12.000000,1.990000,2.000000,2.000000,0.000000,2.190000,1.000000
110.777000,63.000000,63.000000,1.850000,2.000000,2.000000,0.000000,2.190000,1.000000
110.781998,66.000000,66.000000,1.770000,2.000000,2.000000,0.000000,2.190000,1.000000
110.787003,44.000000,44.000000,1.830000,2.000000,2.000000,0.000000,2.190000,1.000000
110.792000,30.000000,30.000000,1.860000,0.000000,2.000000,0.000000,2.200000,1.000000
110.796997,51.000000,51.000000,1.730000,0.000000,2.000000,0.000000,2.200000,1.000000
110.802002,56.000000,56.000000,1.640000,2.000000,2.000000,0.000000,1.730000,1.000000
110.806999,-4.000000,-4.000000,1.720000,2.000000,2.000000,0.000000,1.730000,1.000000
110.811996,-28.000000,-28.000000,1.810000,2.000000,2.000000,0.000000,2.200000,1.000000
110.817001,16.000000,16.000000,1.770000,2.000000,2.000000,0.000000,2.200000,1.000000
110.821999,27.000000,27.000000,1.730000,2.000000,2.000000,0.000000,2.200000,1.000000
110.827003,17.000000,17.000000,1.800000,2.000000,2.000000,0.000000,2.200000,1.000000
110.832001,-2.000000,-2.000000,1.880000,2.000000,2.000000,0.000000,2.210000,1.000000
110.836998,-5.000000,-5.000000,1.970000,2.000000,2.000000,0.000000,2.210000,1.000000
110.842003,7.000000,7.000000,1.960000,2.000000,2.000000,0.000000,2.210000,1.000000
110.847000,14.000000,14.000000,1.970000,2.000000,2.000000,0.000000,2.210000,1.000000
110.851997,11.000000,11.000000,2.020000,2.000000,2.000000,0.000000,2.210000,1.000000
110.857002,14.000000,14.000000,2.060000,2.000000,2.000000,0.000000,2.210000,1.000000
110.862000,30.000000,30.000000,2.030000,2.000000,2.000000,0.000000,2.210000,1.000000
110.866997,43.000000,43.000000,2.010000,2.000000,2.000000,0.000000,2.210000,1.000000
110.872002,50.000000,50.000000,1.990000,2.000000,2.000000,0.000000,2.220000,1.000000
110.876999,50.000000,50.000000,1.920000,2.000000,2.000000,0.000000,2.220000,1.000000
110.882004,69.000000,69.000000,1.850000,2.000000,0.000000,0.000000,2.220000,1.000000
110.887001,69.000000,69.000000,1.880000,2.000000,0.000000,0.000000,2.220000,1.000000
110.891998,60.000000,60.000000,1.870000,0.000000,2.000000,0.000000,1.760000,1.000000
110.897003,60.000000,60.000000,1.650000,0.000000,2.000000,0.000000,1.760000,1.000000
110.902000,50.000000,50.000000,1.550000,2.000000,2.000000,0.000000,1.760000,1.000000
110.906998,50.000000,50.000000,1.660000,2.000000,2.000000,0.000000,1.760000,1.000000
110.912003,12.000000,12.000000,1.730000,2.000000,2.000000,0.000000,2.220000,1.000000
110.917000,-11.000000,-11.000000,1.750000,2.000000,2.000000,0.000000,2.220000,1.000000
110.921997,33.000000,33.000000,1.640000,2.000000,4.000000,0.000000,2.220000,1.000000
110.927002,53.000000,53.000000,1.630000,2.000000,4.000000,0.000000,2.220000,1.000000
110.931999,52.000000,52.000000,1.680000,2.000000,2.000000,0.000000,2.690000,1.000000
110.936996,35.000000,35.000000,1.610000,2.000000,2.000000,0.000000,2.690000,1.000000
110.942001,75.000000,75.000000,1.590000,2.000000,2.000000,0.000000,2.230000,1.000000
110.946999,80.000000,80.000000,1.680000,2.000000,2.000000,0.000000,2.230000,1.000000
110.952003,32.000000,32.000000,1.750000,2.000000,2.000000,0.000000,2.230000,1.000000
110.957001,19.000000,19.000000,1.670000,2.000000,2.000000,0.000000,2.230000,1.000000
110.961998,35.000000,35.000000,1.610000,4.000000,2.000000,0.000000,2.240000,1.000000
110.967003,38.000000,38.000000,1.760000,4.000000,2.000000,0.000000,2.240000,1.000000
110.972000,2.000000,2.000000,1.870000,2.000000,2.000000,0.000000,2.700000,1.000000
110.976997,-23.000000,-23.000000,1.990000,2.000000,2.000000,0.000000,2.700000,1.000000
110.982002,13.000000,13.000000,1.960000,4.000000,4.000000,0.000000,2.240000,1.000000
110.987000,30.000000,30.000000,1.950000,4.000000,4.000000,0.000000,2.240000,1.000000
110.991997,11.000000,11.000000,1.990000,2.000000,2.000000,0.000000,3.170000,1.000000
110.997002,5.000000,5.000000,2.010000,2.000000,2.000000,0.000000,3.170000,1.000000
111.001999,70.000000,70.000000,2.020000,4.000000,2.000000,0.000000,2.250000,1.000000
111.007004,76.000000,76.000000,2.070000,4.000000,2.000000,0.000000,2.250000,1.000000
111.012001,12.000000,12.000000,2.060000,2.000000,2.000000,0.000000,2.720000,1.000000
111.016998,19.000000,19.000000,1.870000,2.000000,2.000000,0.000000,2.720000,1.000000
111.022003,75.000000,75.000000,1.830000,2.000000,2.000000,0.000000,2.250000,1.000000
111.027000,67.000000,67.000000,1.970000,2.000000,2.000000,0.000000,2.250000,1.000000
111.031998,-4.000000,-4.000000,2.040000,4.000000,2.000000,0.000000,2.260000,1.000000
111.037003,-18.000000,-18.000000,2.010000,4.000000,2.000000,0.000000,2.260000,1.000000
111.042000,-1.000000,-1.000000,1.890000,4.000000,4.000000,0.000000,2.720000,1.000000
111.046997,13.000000,13.000000,1.980000,4.000000,4.000000,0.000000,2.720000,1.000000
111.052002,22.000000,22.000000,2.100000,2.000000,2.000000,0.000000,3.190000,1.000000
111.056999,-5.000000,-5.000000,2.200000,2.000000,2.000000,0.000000,3.190000,1.000000
111.061996,30.000000,30.000000,2.240000,2.000000,2.000000,0.000000,2.270000,1.000000
111.067001,45.000000,45.000000,2.190000,2.000000,2.000000,0.000000,2.270000,1.000000
111.071999,7.000000,7.000000,2.150000,2.000000,2.000000,0.000000,2.270000,1.000000
111.077003,21.000000,21.000000,2.080000,2.000000,2.000000,0.000000,2.270000,1.000000
111.082001,27.000000,27.000000,2.060000,2.000000,4.000000,0.000000,2.270000,1.000000
111.086998,18.000000,18.000000,2.170000,2.000000,4.000000,0.000000,2.270000,1.000000
111.092003,-2.000000,-2.000000,2.210000,2.000000,4.000000,0.000000,2.740000,1.000000
111.097000,-5.000000,-5.000000,2.200000,2.000000,4.000000,0.000000,2.740000,1.000000
111.101997,43.000000,43.000000,2.140000,2.000000,0.000000,0.000000,2.740000,1.000000
111.107002,56.000000,56.000000,2.160000,2.000000,0.000000,0.000000,2.740000,1.000000
111.112000,54.000000,54.000000,2.200000,0.000000,2.000000,0.000000,1.820000,1.000000
111.116997,50.000000,50.000000,2.050000,0.000000,2.000000,0.000000,1.820000,1.000000
111.122002,6.000000,6.000000,1.940000,2.000000,2.000000,0.000000,1.820000,1.000000
111.126999,12.000000,12.000000,2.050000,2.000000,2.000000,0.000000,1.820000,1.000000
111.132004,-20.000000,-20.000000,2.110000,2.000000,2.000000,0.000000,2.280000,1.000000
111.137001,-40.000000,-40.000000,2.190000,2.000000,2.000000,0.000000,2.280000,1.000000
111.141998,-2.000000,-2.000000,2.120000,2.000000,2.000000,0.000000,2.290000,1.000000
111.147003,23.000000,23.000000,2.040000,2.000000,2.000000,0.000000,2.290000,1.000000
111.152000,43.000000,43.000000,2.050000,2.000000,0.000000,0.000000,2.290000,1.000000
111.156998,38.000000,38.000000,2.010000,2.000000,0.000000,0.000000,2.290000,1.000000
111.162003,37.000000,37.000000,2.000000,0.000000,0.000000,0.000000,1.830000,1.000000
111.167000,42.000000,42.000000,2.010000,0.000000,0.000000,0.000000,1.830000,1.000000
111.171997,10.000000,10.000000,1.970000,0.000000,2.000000,0.000000,1.360000,1.000000
111.177002,14.000000,14.000000,1.850000,0.000000,2.000000,0.000000,1.360000,1.000000
111.181999,-5.000000,-5.000000,1.790000,2.000000,0.000000,0.000000,1.830000,1.000000
111.186996,-7.000000,-7.000000,1.850000,2.000000,0.000000,0.000000,1.830000,1.000000
111.192001,4.000000,4.000000,1.910000,0.000000,2.000000,0.000000,1.830000,1.000000
111.196999,-9.000000,-9.000000,1.930000,0.000000,2.000000,0.000000,1.830000,1.000000
111.202003,3.000000,3.000000,1.890000,0.000000,0.000000,0.000000,1.830000,1.000000
111.207001,26.000000,26.000000,1.790000,0.000000,0.000000,0.000000,1.830000,1.000000
111.211998,44.000000,44.000000,1.790000,0.000000,0.000000,0.000000,1.370000,1.000000
111.217003,47.000000,47.000000,1.730000,0.000000,0.000000,0.000000,1.370000,1.000000
111.222000,21.000000,21.000000,1.640000,0.000000,0.000000,0.000000,1.370000,1.000000
111.226997,29.000000,29.000000,1.660000,0.000000,0.000000,0.000000,1.370000,1.000000
111.232002,23.000000,23.000000,1.630000,0.000000,2.000000,0.000000,1.370000,1.000000
111.237000,22.000000,22.000000,1.540000,0.000000,2.000000,0.000000,1.370000,1.000000
111.241997,34.000000,34.000000,1.460000,0.000000,0.000000,0.000000,1.830000,1.000000
111.247002,38.000000,38.000000,1.480000,0.000000,0.000000,0.000000,1.830000,1.000000
111.251999,57.000000,57.000000,1.510000,2.000000,0.000000,0.000000,1.370000,1.000000
111.257004,48.000000,48.000000,1.410000,2.000000,0.000000,0.000000,1.370000,1.000000
111.262001,31.000000,31.000000,1.300000,2.000000,0.000000,0.000000,1.830000,1.000000
111.266998,40.000000,40.000000,1.360000,2.000000,0.000000,0.000000,1.830000,1.000000
111.272003,52.000000,52.000000,1.410000,2.000000,0.000000,0.000000,1.830000,1.000000
111.277000,37.000000,37.000000,1.350000,2.000000,0.000000,0.000000,1.830000,1.000000
111.281998,53.000000,53.000000,1.240000,0.000000,0.000000,0.000000,1.840000,1.000000
111.287003,66.000000,66.000000,1.270000,0.000000,0.000000,0.000000,1.840000,1.000000
111.292000,50.000000,50.000000,1.340000,0.000000,2.000000,0.000000,1.370000,1.000000
111.296997,31.000000,31.000000,1.220000,0.000000,2.000000,0.000000,1.370000,1.000000
111.302002,14.000000,14.000000,1.150000,2.000000,2.000000,0.000000,1.840000,1.000000
111.306999,19.000000,19.000000,1.210000,2.000000,2.000000,0.000000,1.840000,1.000000
111.311996,25.000000,25.000000,1.320000,2.000000,2.000000,0.000000,2.300000,1.000000
111.317001,-2.000000,-2.000000,1.430000,2.000000,2.000000,0.000000,2.300000,1.000000
111.321999,31.000000,31.000000,1.400000,0.000000,2.000000,0.000000,2.310000,1.000000
111.327003,49.000000,49.000000,1.370000,0.000000,2.000000,0.000000,2.310000,1.000000
111.332001,62.000000,62.000000,1.420000,2.000000,2.000000,0.000000,1.840000,1.000000
111.336998,59.000000,59.000000,1.370000,2.000000,2.000000,0.000000,1.840000,1.000000
111.342003,32.000000,32.000000,1.330000,2.000000,2.000000,0.000000,2.310000,1.000000
111.347000,32.000000,32.000000,1.460000,2.000000,2.000000,0.000000,2.310000,1.000000
111.351997,42.000000,42.000000,1.520000,0.000000,2.000000,0.000000,2.310000,1.000000
111.357002,33.000000,33.000000,1.520000,0.000000,2.000000,0.000000,2.310000,1.000000
111.362000,47.000000,47.000000,1.440000,2.000000,0.000000,0.000000,1.850000,1.000000
111.366997,62.000000,62.000000,1.480000,2.000000,0.000000,0.000000,1.850000,1.000000
111.372002,19.000000,19.000000,1.580000,2.000000,2.000000,0.000000,1.850000,1.000000
111.376999,4.000000,4.000000,1.480000,2.000000,2.000000,0.000000,1.850000,1.000000
111.382004,20.000000,20.000000,1.420000,2.000000,2.000000,0.000000,2.320000,1.000000
111.387001,24.000000,24.000000,1.540000,2.000000,2.000000,0.000000,2.320000,1.000000
111.391998,26.000000,26.000000,1.640000,2.000000,2.000000,0.000000,2.320000,1.000000
111.397003,2.000000,2.000000,1.750000,2.000000,2.000000,0.000000,2.320000,1.000000
111.402000,6.000000,6.000000,1.710000,2.000000,2.000000,0.000000,2.320000,1.000000
111.406998,25.000000,25.000000,1.680000,2.000000,2.000000,0.000000,2.320000,1.000000
111.412003,42.000000,42.000000,1.710000,2.000000,2.000000,0.000000,2.320000,1.000000
111.417000,39.000000,39.000000,1.690000,2.000000,2.000000,0.000000,2.320000,1.000000
111.421997,39.000000,39.000000,1.730000,2.000000,4.000000,0.000000,2.330000,1.000000
111.427002,40.000000,40.000000,1.750000,2.000000,4.000000,0.000000,2.330000,1.000000
111.431999,43.000000,43.000000,1.730000,2.000000,2.000000,0.000000,2.790000,1.000000
111.436996,51.000000,51.000000,1.680000,2.000000,2.000000,0.000000,2.790000,1.000000
111.442001,94.000000,94.000000,1.620000,2.000000,0.000000,0.000000,2.330000,1.000000
111.446999,93.000000,93.000000,1.730000,2.000000,0.000000,0.000000,2.330000,1.000000
111.452003,37.000000,37.000000,1.790000,2.000000,2.000000,0.000000,1.870000,1.000000
111.457001,29.000000,29.000000,1.620000,2.000000,2.000000,0.000000,1.870000,1.000000
111.461998,24.000000,24.000000,1.500000,2.000000,4.000000,0.000000,2.340000,1.000000
111.467003,28.000000,28.000000,1.680000,2.000000,4.000000,0.000000,2.340000,1.000000
111.472000,8.000000,8.000000,1.800000,2.000000,2.000000,0.000000,2.800000,1.000000
111.476997,-27.000000,-27.000000,1.980000,2.000000,2.000000,0.000000,2.800000,1.000000
111.482002,1.000000,1.000000,2.000000,4.000000,2.000000,0.000000,2.340000,1.000000
111.487000,16.000000,16.000000,2.040000,4.000000,2.000000,0.000000,2.340000,1.000000
111.491997,2.000000,2.000000,2.030000,2.000000,2.000000,0.000000,2.810000,1.000000
111.497002,19.000000,19.000000,1.960000,2.000000,2.000000,0.000000,2.810000,1.000000
111.501999,67.000000,67.000000,1.970000,2.000000,2.000000,0.000000,2.350000,1.000000
111.507004,63.000000,63.000000,2.030000,2.000000,2.000000,0.000000,2.350000,1.000000
111.512001,22.000000,22.000000,2.040000,2.000000,0.000000,0.000000,2.350000,1.000000
111.516998,28.000000,28.000000,1.890000,2.000000,0.000000,0.000000,2.350000,1.000000
111.522003,53.000000,53.000000,1.780000,4.000000,2.000000,0.000000,1.890000,1.000000
111.527000,61.000000,61.000000,1.880000,4.000000,2.000000,0.000000,1.890000,1.000000
111.531998,-6.000000,-6.000000,1.950000,2.000000,2.000000,0.000000,2.820000,1.000000
111.537003,-30.000000,-30.000000,1.930000,2.000000,2.000000,0.000000,2.820000,1.000000
111.542000,47.000000,47.000000,1.850000,4.000000,2.000000,0.000000,2.360000,1.000000
111.546997,63.000000,63.000000,1.870000,4.000000,2.000000,0.000000,2.360000,1.000000
111.552002,22.000000,22.000000,1.970000,2.000000,2.000000,0.000000,2.820000,1.000000
111.556999,-2.000000,-2.000000,2.010000,2.000000,2.000000,0.000000,2.820000,1.000000
111.561996,30.000000,30.000000,1.970000,2.000000,4.000000,0.000000,2.360000,1.000000
111.567001,40.000000,40.000000,2.070000,2.000000,4.000000,0.000000,2.360000,1.000000
111.571999,-9.000000,-9.000000,2.160000,2.000000,2.000000,0.000000,2.830000,1.000000
111.577003,-25.000000,-25.000000,2.200000,2.000000,2.000000,0.000000,2.830000,1.000000
111.582001,12.000000,12.000000,2.170000,2.000000,2.000000,0.000000,2.370000,1.000000
111.586998,19.000000,19.000000,2.250000,2.000000,2.000000,0.000000,2.370000,1.000000
111.592003,-26.000000,-26.000000,2.350000,2.000000,2.000000,0.000000,2.370000,1.000000
111.597000,-37.000000,-37.000000,2.400000,2.000000,2.000000,0.000000,2.370000,1.000000
111.601997,-29.000000,-29.000000,2.370000,2.000000,2.000000,0.000000,2.370000,1.000000
111.607002,-13.000000,-13.000000,2.390000,2.000000,2.000000,0.000000,2.370000,1.000000
111.612000,-10.000000,-10.000000,2.440000,2.000000,2.000000,0.000000,2.380000,1.000000
111.616997,-14.000000,-14.000000,2.490000,2.000000,2.000000,0.000000,2.380000,1.000000
111.622002,-9.000000,-9.000000,2.470000,2.000000,2.000000,0.000000,2.380000,1.000000
111.626999,12.000000,12.000000,2.390000,2.000000,2.000000,0.000000,2.380000,1.000000
111.632004,36.000000,36.000000,2.350000,0.000000,0.000000,0.000000,2.380000,1.000000
111.637001,47.000000,47.000000,2.290000,0.000000,0.000000,0.000000,2.380000,1.000000
111.641998,53.000000,53.000000,2.240000,0.000000,2.000000,0.000000,1.450000,1.000000
111.647003,57.000000,57.000000,2.230000,0.000000,2.000000,0.000000,1.450000,1.000000
111.652000,-5.000000,-5.000000,2.160000,0.000000,0.000000,0.000000,1.920000,1.000000
111.656998,4.000000,4.000000,1.940000,0.000000,0.000000,0.000000,1.920000,1.000000
111.662003,57.000000,57.000000,1.870000,2.000000,2.000000,0.000000,1.450000,1.000000
111.667000,48.000000,48.000000,1.920000,2.000000,2.000000,0.000000,1.450000,1.000000
111.671997,-15.000000,-15.000000,1.980000,2.000000,0.000000,0.000000,2.380000,1.000000
111.677002,-33.000000,-33.000000,1.920000,2.000000,0.000000,0.000000,2.380000,1.000000
111.681999,47.000000,47.000000,1.770000,2.000000,2.000000,0.000000,1.920000,1.000000
111.686996,60.000000,60.000000,1.850000,2.000000,2.000000,0.000000,1.920000,1.000000
111.692001,-2.000000,-2.000000,1.960000,0.000000,2.000000,0.000000,2.390000,1.000000
111.696999,-30.000000,-30.000000,1.960000,0.000000,2.000000,0.000000,2.390000,1.000000
111.702003,12.000000,12.000000,1.850000,2.000000,2.000000,0.000000,1.930000,1.000000
111.707001,26.000000,26.000000,1.910000,2.000000,2.000000,0.000000,1.930000,1.000000
111.711998,-29.000000,-29.000000,2.020000,2.000000,2.000000,0.000000,2.390000,1.000000
111.717003,-61.000000,-61.000000,2.150000,2.000000,2.000000,0.000000,2.390000,1.000000
111.722000,-36.000000,-36.000000,2.130000,2.000000,2.000000,0.000000,2.390000,1.000000
111.726997,-22.000000,-22.000000,2.130000,2.000000,2.000000,0.000000,2.390000,1.000000
111.732002,-15.000000,-15.000000,2.200000,0.000000,2.000000,0.000000,2.400000,1.000000
111.737000,-26.000000,-26.000000,2.320000,0.000000,2.000000,0.000000,2.400000,1.000000
111.741997,-35.000000,-35.000000,2.380000,2.000000,0.000000,0.000000,1.930000,1.000000
111.747002,-22.000000,-22.000000,2.300000,2.000000,0.000000,0.000000,1.930000,1.000000
111.751999,-21.000000,-21.000000,2.240000,0.000000,0.000000,0.000000,1.940000,1.000000
111.757004,-1.000000,-1.000000,2.240000,0.000000,0.000000,0.000000,1.940000,1.000000
111.762001,-5.000000,-5.000000,2.220000,-2.000000,0.000000,0.000000,1.470000,1.000000
111.766998,-3.000000,-3.000000,2.170000,-2.000000,0.000000,0.000000,1.470000,1.000000
111.772003,-28.000000,-28.000000,2.130000,0.000000,0.000000,0.000000,1.010000,1.000000
111.777000,-24.000000,-24.000000,2.090000,0.000000,0.000000,0.000000,1.010000,1.000000
111.781998,-56.000000,-56.000000,2.060000,0.000000,-2.000000,0.000000,1.470000,1.000000
111.787003,-59.000000,-59.000000,2.050000,0.000000,-2.000000,0.000000,1.470000,1.000000
111.792000,-30.000000,-30.000000,2.040000,-2.000000,0.000000,0.000000,1.010000,1.000000
111.796997,-32.000000,-32.000000,2.010000,-2.000000,0.000000,0.000000,1.010000,1.000000
111.802002,-64.000000,-64.000000,2.000000,-2.000000,-2.000000,0.000000,1.000000,1.000000
111.806999,-60.000000,-60.000000,1.900000,-2.000000,-2.000000,0.000000,1.000000,1.000000
111.811996,-53.000000,-53.000000,1.940000,-2.000000,-2.000000,0.000000,0.540000,1.000000
111.817001,-61.000000,-61.000000,1.960000,-2.000000,-2.000000,0.000000,0.540000,1.000000
111.821999,-101.000000,-101.000000,2.030000,-2.000000,-2.000000,0.000000,0.540000,1.000000
111.827003,-98.000000,-98.000000,2.050000,-2.000000,-2.000000,0.000000,0.540000,1.000000
111.832001,-80.000000,-80.000000,2.030000,-2.000000,-2.000000,0.000000,0.530000,1.000000
111.836998,-57.000000,-57.000000,2.060000,-2.000000,-2.000000,0.000000,0.530000,1.000000
111.842003,-40.000000,-40.000000,1.890000,-4.000000,-4.000000,0.000000,0.530000,1.000000
111.847000,-3.000000,-3.000000,1.720000,-4.000000,-4.000000,0.000000,0.530000,1.000000
111.851997,25.000000,25.000000,1.640000,-4.000000,-4.000000,0.000000,-0.400000,1.000000
111.857002,39.000000,39.000000,1.440000,-4.000000,-4.000000,0.000000,-0.400000,1.000000
111.862000,-12.000000,-12.000000,1.360000,-2.000000,-2.000000,0.000000,-0.410000,1.000000
111.866997,-9.000000,-9.000000,1.260000,-2.000000,-2.000000,0.000000,-0.410000,1.000000
111.872002,-12.000000,-12.000000,1.100000,-2.000000,-2.000000,0.000000,0.520000,1.000000
111.876999,-10.000000,-10.000000,1.040000,-2.000000,-2.000000,0.000000,0.520000,1.000000
111.882004,50.000000,50.000000,0.960000,-2.000000,-2.000000,0.000000,0.520000,1.000000
111.887001,45.000000,45.000000,0.860000,-2.000000,-2.000000,0.000000,0.520000,1.000000
111.891998,45.000000,45.000000,0.820000,-2.000000,0.000000,0.000000,0.510000,1.000000
111.897003,39.000000,39.000000,0.680000,-2.000000,0.000000,0.000000,0.510000,1.000000
111.902000,38.000000,38.000000,0.650000,0.000000,0.000000,0.000000,0.980000,1.000000
111.906998,27.000000,27.000000,0.700000,0.000000,0.000000,0.000000,0.980000,1.000000
111.912003,43.000000,43.000000,0.680000,0.000000,2.000000,0.000000,1.440000,1.000000
111.917000,34.000000,34.000000,0.700000,0.000000,2.000000,0.000000,1.440000,1.000000
111.921997,64.000000,64.000000,0.730000,0.000000,0.000000,0.000000,1.910000,1.000000
111.927002,57.000000,57.000000,0.710000,0.000000,0.000000,0.000000,1.910000,1.000000
111.931999,90.000000,90.000000,0.710000,0.000000,0.000000,0.000000,1.440000,1.000000
111.936996,88.000000,88.000000,0.690000,0.000000,0.000000,0.000000,1.440000,1.000000
111.942001,54.000000,54.000000,0.670000,0.000000,0.000000,0.000000,1.440000,1.000000
111.946999,46.000000,46.000000,0.790000,0.000000,0.000000,0.000000,1.440000,1.000000
111.952003,28.000000,28.000000,0.760000,2.000000,2.000000,0.000000,1.440000,1.000000
111.957001,28.000000,28.000000,0.720000,2.000000,2.000000,0.000000,1.440000,1.000000
111.961998,30.000000,30.000000,0.770000,2.000000,2.000000,0.000000,2.370000,1.000000
111.967003,5.000000,5.000000,0.910000,2.000000,2.000000,0.000000,2.370000,1.000000
111.972000,39.000000,39.000000,1.040000,2.000000,0.000000,0.000000,2.370000,1.000000
111.976997,28.000000,28.000000,1.140000,2.000000,0.000000,0.000000,2.370000,1.000000
111.982002,35.000000,35.000000,1.140000,0.000000,0.000000,0.000000,1.910000,1.000000
111.987000,57.000000,57.000000,1.070000,0.000000,0.000000,0.000000,1.910000,1.000000
111.991997,44.000000,44.000000,1.090000,2.000000,0.000000,0.000000,1.450000,1.000000
111.997002,38.000000,38.000000,1.020000,2.000000,0.000000,0.000000,1.450000,1.000000
112.001999,5.000000,5.000000,1.040000,2.000000,2.000000,0.000000,1.910000,1.000000
112.007004,-3.000000,-3.000000,1.150000,2.000000,2.000000,0.000000,1.910000,1.000000
112.012001,6.000000,6.000000,1.220000,2.000000,0.000000,0.000000,2.380000,1.000000
112.016998,-8.000000,-8.000000,1.340000,2.000000,0.000000,0.000000,2.380000,1.000000
112.022003,26.000000,26.000000,1.370000,2.000000,0.000000,0.000000,1.920000,1.000000
112.027000,41.000000,41.000000,1.320000,2.000000,0.000000,0.000000,1.920000,1.000000
112.031998,24.000000,24.000000,1.380000,0.000000,0.000000,0.000000,1.920000,1.000000
112.037003,22.000000,22.000000,1.360000,0.000000,0.000000,0.000000,1.920000,1.000000
112.042000,26.000000,26.000000,1.300000,0.000000,0.000000,0.000000,1.450000,1.000000
112.046997,26.000000,26.000000,1.440000,0.000000,0.000000,0.000000,1.450000,1.000000
112.052002,-33.000000,-33.000000,1.490000,0.000000,0.000000,0.000000,1.450000,1.000000
112.056999,-45.000000,-45.000000,1.500000,0.000000,0.000000,0.000000,1.450000,1.000000
112.061996,-34.000000,-34.000000,1.470000,0.000000,0.000000,0.000000,1.450000,1.000000
112.067001,-28.000000,-28.000000,1.510000,0.000000,0.000000,0.000000,1.450000,1.000000
112.071999,-43.000000,-43.000000,1.630000,0.000000,0.000000,0.000000,1.450000,1.000000
112.077003,-60.000000,-60.000000,1.740000,0.000000,0.000000,0.000000,1.450000,1.000000
112.082001,-60.000000,-60.000000,1.730000,0.000000,0.000000,0.000000,1.450000,1.000000
112.086998,-36.000000,-36.000000,1.630000,0.000000,0.000000,0.000000,1.450000,1.000000
112.092003,-8.000000,-8.000000,1.600000,0.000000,0.000000,0.000000,1.450000,1.000000
112.097000,-3.000000,-3.000000,1.630000,0.000000,0.000000,0.000000,1.450000,1.000000
112.101997,-15.000000,-15.000000,1.640000,0.000000,-2.000000,0.000000,1.450000,1.000000
112.107002,-19.000000,-19.000000,1.620000,0.000000,-2.000000,0.000000,1.450000,1.000000
112.112000,-17.000000,-17.000000,1.610000,-2.000000,0.000000,0.000000,0.990000,1.000000
112.116997,-16.000000,-16.000000,1.610000,-2.000000,0.000000,0.000000,0.990000,1.000000
112.122002,-49.000000,-49.000000,1.610000,0.000000,0.000000,0.000000,0.990000,1.000000
112.126999,-50.000000,-50.000000,1.590000,0.000000,0.000000,0.000000,0.990000,1.000000
112.132004,-52.000000,-52.000000,1.620000,0.000000,0.000000,0.000000,1.450000,1.000000
112.137001,-56.000000,-56.000000,1.590000,0.000000,0.000000,0.000000,1.450000,1.000000
112.141998,-23.000000,-23.000000,1.600000,0.000000,-2.000000,0.000000,1.450000,1.000000
112.147003,-20.000000,-20.000000,1.540000,0.000000,-2.000000,0.000000,1.450000,1.000000
112.152000,-14.000000,-14.000000,1.610000,-2.000000,-2.000000,0.000000,0.990000,1.000000
112.156998,-22.000000,-22.000000,1.630000,-2.000000,-2.000000,0.000000,0.990000,1.000000
112.162003,-52.000000,-52.000000,1.610000,-2.000000,-2.000000,0.000000,0.520000,1.000000
112.167000,-34.000000,-34.000000,1.570000,-2.000000,-2.000000,0.000000,0.520000,1.000000
112.171997,-53.000000,-53.000000,1.510000,-2.000000,-2.000000,0.000000,0.520000,1.000000
112.177002,-44.000000,-44.000000,1.480000,-2.000000,-2.000000,0.000000,0.520000,1.000000
112.181999,-45.000000,-45.000000,1.480000,-2.000000,-2.000000,0.000000,0.510000,1.000000
112.186996,-48.000000,-48.000000,1.410000,-2.000000,-2.000000,0.000000,0.510000,1.000000
112.192001,-44.000000,-44.000000,1.430000,-2.000000,-2.000000,0.000000,0.510000,1.000000
112.196999,-47.000000,-47.000000,1.500000,-2.000000,-2.000000,0.000000,0.510000,1.000000
112.202003,-53.000000,-53.000000,1.470000,-2.000000,-2.000000,0.000000,0.510000,1.000000
112.207001,-38.000000,-38.000000,1.350000,-2.000000,-2.000000,0.000000,0.510000,1.000000
112.211998,-11.000000,-11.000000,1.300000,0.000000,0.000000,0.000000,0.510000,1.000000
112.217003,-2.000000,-2.000000,1.260000,0.000000,0.000000,0.000000,0.510000,1.000000
112.222000,-5.000000,-5.000000,1.240000,-2.000000,0.000000,0.000000,1.440000,1.000000
112.226997,-5.000000,-5.000000,1.190000,-2.000000,0.000000,0.000000,1.440000,1.000000
112.232002,64.000000,64.000000,1.150000,-2.000000,-2.000000,0.000000,0.970000,1.000000
112.237000,72.000000,72.000000,1.070000,-2.000000,-2.000000,0.000000,0.970000,1.000000
112.241997,46.000000,46.000000,1.000000,0.000000,-2.000000,0.000000,0.500000,1.000000
112.247002,46.000000,46.000000,0.970000,0.000000,-2.000000,0.000000,0.500000,1.000000
112.251999,9.000000,9.000000,0.940000,-2.000000,0.000000,0.000000,0.970000,1.000000
112.257004,3.000000,3.000000,0.890000,-2.000000,0.000000,0.000000,0.970000,1.000000
112.262001,32.000000,32.000000,0.870000,2.000000,2.000000,0.000000,0.970000,1.000000
112.266998,21.000000,21.000000,0.950000,2.000000,2.000000,0.000000,0.970000,1.000000
112.272003,4.000000,4.000000,0.940000,0.000000,0.000000,0.000000,2.360000,1.000000
112.277000,0.000000,0.000000,0.970000,0.000000,0.000000,0.000000,2.360000,1.000000
112.281998,98.000000,98.000000,0.980000,0.000000,0.000000,0.000000,1.430000,1.000000
112.287003,96.000000,96.000000,0.990000,0.000000,0.000000,0.000000,1.430000,1.000000
112.292000,32.000000,32.000000,1.000000,0.000000,2.000000,0.000000,1.430000,1.000000
112.296997,32.000000,32.000000,0.920000,0.000000,2.000000,0.000000,1.430000,1.000000
112.302002,39.000000,39.000000,0.990000,4.000000,4.000000,0.000000,1.900000,1.000000
112.306999,30.000000,30.000000,0.840000,4.000000,4.000000,0.000000,1.900000,1.000000
112.311996,66.000000,66.000000,0.820000,2.000000,2.000000,0.000000,3.290000,1.000000
112.317001,34.000000,34.000000,1.040000,2.000000,2.000000,0.000000,3.290000,1.000000
112.321999,78.000000,78.000000,1.190000,2.000000,2.000000,0.000000,2.370000,1.000000
112.327003,53.000000,53.000000,1.330000,2.000000,2.000000,0.000000,2.370000,1.000000
112.332001,-8.000000,-8.000000,1.310000,2.000000,2.000000,0.000000,2.370000,1.000000
112.336998,18.000000,18.000000,1.130000,2.000000,2.000000,0.000000,2.370000,1.000000
112.342003,44.000000,44.000000,1.200000,2.000000,2.000000,0.000000,2.370000,1.000000
112.347000,15.000000,15.000000,1.410000,2.000000,2.000000,0.000000,2.370000,1.000000
112.351997,-32.000000,-32.000000,1.540000,2.000000,2.000000,0.000000,2.370000,1.000000
112.357002,-44.000000,-44.000000,1.710000,2.000000,2.000000,0.000000,2.370000,1.000000
112.362000,-38.000000,-38.000000,1.710000,2.000000,2.000000,0.000000,2.380000,1.000000
112.366997,-17.000000,-17.000000,1.690000,2.000000,2.000000,0.000000,2.380000,1.000000
112.372002,-2.000000,-2.000000,1.760000,0.000000,0.000000,0.000000,2.380000,1.000000
112.376999,-7.000000,-7.000000,1.880000,0.000000,0.000000,0.000000,2.380000,1.000000
112.382004,-24.000000,-24.000000,1.990000,0.000000,0.000000,0.000000,1.450000,1.000000
112.387001,-22.000000,-22.000000,2.000000,0.000000,0.000000,0.000000,1.450000,1.000000
112.391998,-66.000000,-66.000000,1.940000,0.000000,2.000000,0.000000,1.450000,1.000000
112.397003,-41.000000,-41.000000,1.940000,0.000000,2.000000,0.000000,1.450000,1.000000
112.402000,-34.000000,-34.000000,1.930000,-2.000000,0.000000,0.000000,1.920000,1.000000
112.406998,-30.000000,-30.000000,1.890000,-2.000000,0.000000,0.000000,1.920000,1.000000
112.412003,7.000000,7.000000,1.880000,0.000000,-2.000000,0.000000,0.990000,1.000000
112.417000,4.000000,4.000000,1.860000,0.000000,-2.000000,0.000000,0.990000,1.000000
112.421997,-64.000000,-64.000000,1.880000,0.000000,-2.000000,0.000000,0.990000,1.000000
112.427002,-67.000000,-67.000000,1.860000,0.000000,-2.000000,0.000000,0.990000,1.000000
112.431999,-67.000000,-67.000000,1.870000,0.000000,-2.000000,0.000000,0.990000,1.000000
112.436996,-69.000000,-69.000000,1.930000,0.000000,-2.000000,0.000000,0.990000,1.000000
112.442001,-76.000000,-76.000000,1.890000,0.000000,-2.000000,0.000000,0.980000,1.000000
112.446999,-70.000000,-70.000000,1.850000,0.000000,-2.000000,0.000000,0.980000,1.000000
112.452003,-67.000000,-67.000000,1.940000,-2.000000,-2.000000,0.000000,0.980000,1.000000
112.457001,-69.000000,-69.000000,2.020000,-2.000000,-2.000000,0.000000,0.980000,1.000000
112.461998,-57.000000,-57.000000,1.920000,-4.000000,-2.000000,0.000000,0.520000,1.000000
112.467003,-15.000000,-15.000000,1.760000,-4.000000,-2.000000,0.000000,0.520000,1.000000
112.472000,-7.000000,-7.000000,1.680000,-2.000000,-2.000000,0.000000,0.050000,1.000000
112.476997,6.000000,6.000000,1.560000,-2.000000,-2.000000,0.000000,0.050000,1.000000
112.482002,-23.000000,-23.000000,1.490000,-2.000000,0.000000,0.000000,0.510000,1.000000
112.487000,-23.000000,-23.000000,1.420000,-2.000000,0.000000,0.000000,0.510000,1.000000
112.491997,6.000000,6.000000,1.340000,-2.000000,0.000000,0.000000,0.970000,1.000000
112.497002,3.000000,3.000000,1.270000,-2.000000,0.000000,0.000000,0.970000,1.000000
112.501999,28.000000,28.000000,1.280000,-2.000000,-2.000000,0.000000,0.970000,1.000000
112.507004,20.000000,20.000000,1.200000,-2.000000,-2.000000,0.000000,0.970000,1.000000
112.512001,24.000000,24.000000,1.160000,-2.000000,-2.000000,0.000000,0.510000,1.000000
112.516998,24.000000,24.000000,1.120000,-2.000000,-2.000000,0.000000,0.510000,1.000000
112.522003,-11.000000,-11.000000,1.050000,0.000000,-2.000000,0.000000,0.500000,1.000000
112.527000,-16.000000,-16.000000,1.090000,0.000000,-2.000000,0.000000,0.500000,1.000000
112.531998,-31.000000,-31.000000,1.090000,0.000000,0.000000,0.000000,0.970000,1.000000
112.537003,-42.000000,-42.000000,1.110000,0.000000,0.000000,0.000000,0.970000,1.000000
112.542000,-14.000000,-14.000000,1.140000,0.000000,0.000000,0.000000,1.430000,1.000000
112.546997,-14.000000,-14.000000,1.100000,0.000000,0.000000,0.000000,1.430000,1.000000
112.552002,24.000000,24.000000,1.110000,0.000000,0.000000,0.000000,1.430000,1.000000
112.556999,24.000000,24.000000,1.130000,0.000000,0.000000,0.000000,1.430000,1.000000
112.561996,20.000000,20.000000,1.130000,0.000000,0.000000,0.000000,1.430000,1.000000
112.567001,23.000000,23.000000,1.110000,0.000000,0.000000,0.000000,1.430000,1.000000
112.571999,28.000000,28.000000,1.110000,0.000000,0.000000,0.000000,1.430000,1.000000
112.577003,29.000000,29.000000,1.100000,0.000000,0.000000,0.000000,1.430000,1.000000
112.582001,28.000000,28.000000,1.120000,0.000000,0.000000,0.000000,1.430000,1.000000
112.586998,25.000000,25.000000,1.160000,0.000000,0.000000,0.000000,1.430000,1.000000
112.592003,25.000000,25.000000,1.120000,0.000000,0.000000,0.000000,1.430000,1.000000
112.597000,31.000000,31.000000,1.090000,0.000000,0.000000,0.000000,1.430000,1.000000
112.601997,35.000000,35.000000,1.110000,2.000000,2.000000,0.000000,1.430000,1.000000
112.607002,30.000000,30.000000,1.130000,2.000000,2.000000,0.000000,1.430000,1.000000
112.612000,29.000000,29.000000,1.110000,0.000000,0.000000,0.000000,2.360000,1.000000
112.616997,35.000000,35.000000,1.130000,0.000000,0.000000,0.000000,2.360000,1.000000
112.622002,100.000000,100.000000,1.120000,0.000000,2.000000,0.000000,1.430000,1.000000
112.626999,97.000000,97.000000,1.140000,0.000000,2.000000,0.000000,1.430000,1.000000
112.632004,32.000000,32.000000,1.120000,0.000000,0.000000,0.000000,1.900000,1.000000
112.637001,37.000000,37.000000,1.000000,0.000000,0.000000,0.000000,1.900000,1.000000
112.641998,82.000000,82.000000,0.950000,4.000000,2.000000,0.000000,1.430000,1.000000
112.647003,75.000000,75.000000,0.880000,4.000000,2.000000,0.000000,1.430000,1.000000
112.652000,29.000000,29.000000,0.920000,2.000000,2.000000,0.000000,2.830000,1.000000
112.656998,-8.000000,-8.000000,1.000000,2.000000,2.000000,0.000000,2.830000,1.000000
112.662003,54.000000,54.000000,1.140000,2.000000,4.000000,0.000000,2.370000,1.000000
112.667000,23.000000,23.000000,1.330000,2.000000,4.000000,0.000000,2.370000,1.000000
112.671997,-29.000000,-29.000000,1.390000,2.000000,2.000000,0.000000,2.840000,1.000000
112.677002,-28.000000,-28.000000,1.490000,2.000000,2.000000,0.000000,2.840000,1.000000
112.681999,6.000000,6.000000,1.560000,2.000000,2.000000,0.000000,2.370000,1.000000
112.686996,3.000000,3.000000,1.680000,2.000000,2.000000,0.000000,2.370000,1.000000
112.692001,-41.000000,-41.000000,1.800000,2.000000,2.000000,0.000000,2.380000,1.000000
112.696999,-48.000000,-48.000000,1.880000,2.000000,2.000000,0.000000,2.380000,1.000000
112.702003,-41.000000,-41.000000,1.930000,2.000000,0.000000,0.000000,2.380000,1.000000
112.707001,-29.000000,-29.000000,1.980000,2.000000,0.000000,0.000000,2.380000,1.000000
112.711998,-21.000000,-21.000000,2.040000,0.000000,0.000000,0.000000,1.920000,1.000000
112.717003,-22.000000,-22.000000,2.160000,0.000000,0.000000,0.000000,1.920000,1.000000
112.722000,-57.000000,-57.000000,2.210000,0.000000,0.000000,0.000000,1.450000,1.000000
112.726997,-43.000000,-43.000000,2.100000,0.000000,0.000000,0.000000,1.450000,1.000000
112.732002,-47.000000,-47.000000,2.060000,0.000000,0.000000,0.000000,1.450000,1.000000
112.737000,-37.000000,-37.000000,2.070000,0.000000,0.000000,0.000000,1.450000,1.000000
112.741997,-46.000000,-46.000000,2.060000,-2.000000,-2.000000,0.000000,1.450000,1.000000
112.747002,-47.000000,-47.000000,2.030000,-2.000000,-2.000000,0.000000,1.450000,1.000000
112.751999,-44.000000,-44.000000,2.040000,0.000000,-2.000000,0.000000,0.520000,1.000000
112.757004,-49.000000,-49.000000,2.040000,0.000000,-2.000000,0.000000,0.520000,1.000000
112.762001,-117.000000,-117.000000,2.040000,-2.000000,0.000000,0.000000,0.980000,1.000000
112.766998,-114.000000,-114.000000,1.990000,-2.000000,0.000000,0.000000,0.980000,1.000000
112.772003,-80.000000,-80.000000,2.030000,0.000000,-2.000000,0.000000,0.980000,1.000000
112.777000,-87.000000,-87.000000,2.250000,0.000000,-2.000000,0.000000,0.980000,1.000000
112.781998,-105.000000,-105.000000,2.250000,-4.000000,-2.000000,0.000000,0.980000,1.000000
112.787003,-78.000000,-78.000000,2.150000,-4.000000,-2.000000,0.000000,0.980000,1.000000
112.792000,22.000000,22.000000,2.030000,-2.000000,-2.000000,0.000000,0.050000,1.000000
112.796997,-33.000000,-33.000000,1.970000,-2.000000,-2.000000,0.000000,0.050000,1.000000
112.802002,-19.000000,-19.000000,1.860000,-4.000000,-4.000000,0.000000,0.510000,1.000000
112.806999,38.000000,38.000000,1.630000,-4.000000,-4.000000,0.000000,0.510000,1.000000
112.811996,46.000000,46.000000,1.530000,-2.000000,-2.000000,0.000000,-0.420000,1.000000
112.817001,-19.000000,-19.000000,1.410000,-2.000000,-2.000000,0.000000,-0.420000,1.000000
112.821999,-15.000000,-15.000000,1.300000,-2.000000,-4.000000,0.000000,0.510000,1.000000
112.827003,49.000000,49.000000,1.210000,-2.000000,-4.000000,0.000000,0.510000,1.000000
112.832001,49.000000,49.000000,1.100000,-4.000000,-2.000000,0.000000,0.040000,1.000000
112.836998,15.000000,15.000000,0.990000,-4.000000,-2.000000,0.000000,0.040000,1.000000
112.842003,12.000000,12.000000,0.960000,-2.000000,-2.000000,0.000000,0.030000,1.000000
112.847000,15.000000,15.000000,0.850000,-2.000000,-2.000000,0.000000,0.030000,1.000000
112.851997,17.000000,17.000000,0.770000,-2.000000,-2.000000,0.000000,0.500000,1.000000
112.857002,45.000000,45.000000,0.720000,-2.000000,-2.000000,0.000000,0.500000,1.000000
112.862000,39.000000,39.000000,0.630000,-2.000000,0.000000,0.000000,0.490000,1.000000
112.866997,27.000000,27.000000,0.630000,-2.000000,0.000000,0.000000,0.490000,1.000000
112.872002,17.000000,17.000000,0.620000,0.000000,0.000000,0.000000,0.960000,1.000000
112.876999,44.000000,44.000000,0.600000,0.000000,0.000000,0.000000,0.960000,1.000000
112.882004,38.000000,38.000000,0.610000,2.000000,0.000000,0.000000,1.420000,1.000000
112.887001,65.000000,65.000000,0.650000,2.000000,0.000000,0.000000,1.420000,1.000000
112.891998,70.000000,70.000000,0.620000,2.000000,0.000000,0.000000,1.880000,1.000000
112.897003,104.000000,104.000000,0.630000,2.000000,0.000000,0.000000,1.880000,1.000000
112.902000,101.000000,101.000000,0.640000,2.000000,2.000000,0.000000,1.890000,1.000000
112.906998,102.000000,102.000000,0.670000,2.000000,2.000000,0.000000,1.890000,1.000000
112.912003,112.000000,112.000000,0.630000,0.000000,2.000000,0.000000,2.350000,1.000000
112.917000,157.000000,157.000000,0.480000,0.000000,2.000000,0.000000,2.350000,1.000000
112.921997,149.000000,149.000000,0.490000,2.000000,2.000000,0.000000,1.890000,1.000000
112.927002,109.000000,109.000000,0.390000,2.000000,2.000000,0.000000,1.890000,1.000000
112.931999,88.000000,88.000000,0.300000,2.000000,2.000000,0.000000,2.360000,1.000000
112.936996,97.000000,97.000000,0.160000,2.000000,2.000000,0.000000,2.360000,1.000000
112.942001,49.000000,49.000000,0.270000,6.000000,4.000000,0.000000,2.360000,1.000000
112.946999,-8.000000,-8.000000,0.450000,6.000000,4.000000,0.000000,2.360000,1.000000
112.952003,-54.000000,-54.000000,0.720000,6.000000,4.000000,0.000000,3.760000,1.000000
112.957001,30.000000,30.000000,1.020000,6.000000,4.000000,0.000000,3.760000,1.000000
112.961998,39.000000,39.000000,1.120000,4.000000,4.000000,0.000000,3.760000,1.000000
112.967003,50.000000,50.000000,1.220000,4.000000,4.000000,0.000000,3.760000,1.000000
112.972000,54.000000,54.000000,1.280000,4.000000,4.000000,0.000000,3.300000,1.000000
112.976997,12.000000,12.000000,1.400000,4.000000,4.000000,0.000000,3.300000,1.000000
112.982002,-6.000000,-6.000000,1.560000,4.000000,2.000000,0.000000,3.310000,1.000000
112.987000,-18.000000,-18.000000,1.740000,4.000000,2.000000,0.000000,3.310000,1.000000
112.991997,-18.000000,-18.000000,1.870000,2.000000,2.000000,0.000000,2.850000,1.000000
112.997002,-42.000000,-42.000000,1.990000,2.000000,2.000000,0.000000,2.850000,1.000000
113.001999,-33.000000,-33.000000,2.080000,2.000000,2.000000,0.000000,2.390000,1.000000
113.007004,-57.000000,-57.000000,2.130000,2.000000,2.000000,0.000000,2.390000,1.000000
113.012001,-55.000000,-55.000000,2.220000,0.000000,0.000000,0.000000,2.390000,1.000000
113.016998,-53.000000,-53.000000,2.320000,0.000000,0.000000,0.000000,2.390000,1.000000
113.022003,-37.000000,-37.000000,2.390000,0.000000,2.000000,0.000000,1.460000,1.000000
113.027000,-73.000000,-73.000000,2.320000,0.000000,2.000000,0.000000,1.460000,1.000000
113.031998,-56.000000,-56.000000,2.270000,0.000000,0.000000,0.000000,1.930000,1.000000
113.037003,-33.000000,-33.000000,2.320000,0.000000,0.000000,0.000000,1.930000,1.000000
113.042000,-33.000000,-33.000000,2.310000,0.000000,0.000000,0.000000,1.460000,1.000000
113.046997,-62.000000,-62.000000,2.270000,0.000000,0.000000,0.000000,1.460000,1.000000
113.052002,-65.000000,-65.000000,2.280000,0.000000,0.000000,0.000000,1.460000,1.000000
113.056999,-72.000000,-72.000000,2.290000,0.000000,0.000000,0.000000,1.460000,1.000000
113.061996,-74.000000,-74.000000,2.290000,-2.000000,-2.000000,0.000000,1.460000,1.000000
113.067001,-76.000000,-76.000000,2.280000,-2.000000,-2.000000,0.000000,1.460000,1.000000
113.071999,-83.000000,-83.000000,2.310000,-2.000000,-2.000000,0.000000,0.530000,1.000000
113.077003,-154.000000,-154.000000,2.360000,-2.000000,-2.000000,0.000000,0.530000,1.000000
113.082001,-151.000000,-151.000000,2.420000,-2.000000,-2.000000,0.000000,0.530000,1.000000
113.086998,-132.000000,-132.000000,2.430000,-2.000000,-2.000000,0.000000,0.530000,1.000000
113.092003,-120.000000,-120.000000,2.470000,-2.000000,-2.000000,0.000000,0.530000,1.000000
113.097000,-113.000000,-113.000000,2.580000,-2.000000,-2.000000,0.000000,0.530000,1.000000
113.101997,-78.000000,-78.000000,2.490000,-4.000000,-4.000000,0.000000,0.520000,1.000000
113.107002,-31.000000,-31.000000,2.330000,-4.000000,-4.000000,0.000000,0.520000,1.000000
113.112000,-6.000000,-6.000000,2.220000,-4.000000,-4.000000,0.000000,-0.410000,1.000000
113.116997,-61.000000,-61.000000,2.110000,-4.000000,-4.000000,0.000000,-0.410000,1.000000
113.122002,-51.000000,-51.000000,2.040000,-6.000000,-4.000000,0.000000,-0.410000,1.000000
113.126999,-30.000000,-30.000000,1.810000,-6.000000,-4.000000,0.000000,-0.410000,1.000000
113.132004,-23.000000,-23.000000,1.690000,-4.000000,-4.000000,0.000000,-0.880000,1.000000
113.137001,-61.000000,-61.000000,1.630000,-4.000000,-4.000000,0.000000,-0.880000,1.000000
113.141998,-52.000000,-52.000000,1.500000,-4.000000,-4.000000,0.000000,-0.420000,1.000000
113.147003,-6.000000,-6.000000,1.340000,-4.000000,-4.000000,0.000000,-0.420000,1.000000
113.152000,-3.000000,-3.000000,1.230000,-2.000000,-4.000000,0.000000,-0.430000,1.000000
113.156998,-9.000000,-9.000000,1.190000,-2.000000,-4.000000,0.000000,-0.430000,1.000000
113.162003,0.000000,0.000000,1.100000,-4.000000,-4.000000,0.000000,0.030000,1.000000
113.167000,52.000000,52.000000,0.930000,-4.000000,-4.000000,0.000000,0.030000,1.000000
113.171997,61.000000,61.000000,0.830000,-2.000000,-4.000000,0.000000,-0.440000,1.000000
113.177002,31.000000,31.000000,0.690000,-2.000000,-4.000000,0.000000,-0.440000,1.000000
113.181999,30.000000,30.000000,0.580000,-2.000000,-2.000000,0.000000,0.020000,1.000000
113.186996,57.000000,57.000000,0.510000,-2.000000,-2.000000,0.000000,0.020000,1.000000
113.192001,54.000000,54.000000,0.430000,0.000000,-2.000000,0.000000,0.480000,1.000000
113.196999,84.000000,84.000000,0.340000,0.000000,-2.000000,0.000000,0.480000,1.000000
113.202003,76.000000,76.000000,0.250000,0.000000,-2.000000,0.000000,0.950000,1.000000
113.207001,94.000000,94.000000,0.250000,0.000000,-2.000000,0.000000,0.950000,1.000000
113.211998,84.000000,84.000000,0.220000,0.000000,0.000000,0.000000,0.950000,1.000000
113.217003,78.000000,78.000000,0.210000,0.000000,0.000000,0.000000,0.950000,1.000000
113.222000,65.000000,65.000000,0.270000,2.000000,2.000000,0.000000,1.410000,1.000000
113.226997,93.000000,93.000000,0.330000,2.000000,2.000000,0.000000,1.410000,1.000000
113.232002,105.000000,105.000000,0.260000,2.000000,0.000000,0.000000,2.340000,1.000000
113.237000,176.000000,176.000000,0.260000,2.000000,0.000000,0.000000,2.340000,1.000000
113.241997,171.000000,171.000000,0.280000,2.000000,2.000000,0.000000,1.880000,1.000000
113.247002,142.000000,142.000000,0.260000,2.000000,2.000000,0.000000,1.880000,1.000000
113.251999,149.000000,149.000000,0.130000,2.000000,4.000000,0.000000,2.340000,1.000000
113.257004,182.000000,182.000000,-0.200000,2.000000,4.000000,0.000000,2.340000,1.000000
113.262001,112.000000,112.000000,-0.060000,6.000000,4.000000,0.000000,2.810000,1.000000
113.266998,64.000000,64.000000,0.200000,6.000000,4.000000,0.000000,2.810000,1.000000
113.272003,25.000000,25.000000,0.440000,4.000000,4.000000,0.000000,3.740000,1.000000
113.277000,96.000000,96.000000,0.520000,4.000000,4.000000,0.000000,3.740000,1.000000
113.281998,103.000000,103.000000,0.570000,6.000000,6.000000,0.000000,3.290000,1.000000
113.287003,57.000000,57.000000,0.680000,6.000000,6.000000,0.000000,3.290000,1.000000
113.292000,27.000000,27.000000,0.830000,6.000000,4.000000,0.000000,4.220000,1.000000
113.296997,89.000000,89.000000,0.840000,6.000000,4.000000,0.000000,4.220000,1.000000
113.302002,72.000000,72.000000,0.990000,6.000000,6.000000,0.000000,3.760000,1.000000
113.306999,3.000000,3.000000,1.220000,6.000000,6.000000,0.000000,3.760000,1.000000
113.311996,-28.000000,-28.000000,1.460000,4.000000,4.000000,0.000000,4.230000,1.000000
113.317001,4.000000,4.000000,1.660000,4.000000,4.000000,0.000000,4.230000,1.000000
113.321999,8.000000,8.000000,1.720000,6.000000,6.000000,0.000000,3.310000,1.000000
113.327003,-78.000000,-78.000000,1.950000,6.000000,6.000000,0.000000,3.310000,1.000000
113.332001,-98.000000,-98.000000,2.160000,6.000000,4.000000,0.000000,4.250000,1.000000
113.336998,-37.000000,-37.000000,2.370000,6.000000,4.000000,0.000000,4.250000,1.000000
113.342003,-27.000000,-27.000000,2.550000,4.000000,4.000000,0.000000,3.790000,1.000000
113.347000,-39.000000,-39.000000,2.610000,4.000000,4.000000,0.000000,3.790000,1.000000
113.351997,-31.000000,-31.000000,2.700000,4.000000,2.000000,0.000000,3.330000,1.000000
113.357002,-72.000000,-72.000000,2.850000,4.000000,2.000000,0.000000,3.330000,1.000000
113.362000,-69.000000,-69.000000,2.980000,0.000000,2.000000,0.000000,2.870000,1.000000
113.366997,-81.000000,-81.000000,3.030000,0.000000,2.000000,0.000000,2.870000,1.000000
113.372002,-60.000000,-60.000000,3.050000,0.000000,2.000000,0.000000,1.940000,1.000000
113.376999,-119.000000,-119.000000,3.140000,0.000000,2.000000,0.000000,1.940000,1.000000
113.382004,-101.000000,-101.000000,3.120000,0.000000,0.000000,0.000000,1.940000,1.000000
113.387001,-80.000000,-80.000000,3.050000,0.000000,0.000000,0.000000,1.940000,1.000000
113.391998,-76.000000,-76.000000,3.070000,0.000000,-2.000000,0.000000,1.480000,1.000000
113.397003,-117.000000,-117.000000,3.150000,0.000000,-2.000000,0.000000,1.480000,1.000000
113.402000,-102.000000,-102.000000,3.060000,-2.000000,-4.000000,0.000000,1.010000,1.000000
113.406998,-124.000000,-124.000000,2.960000,-2.000000,-4.000000,0.000000,1.010000,1.000000
113.412003,-138.000000,-138.000000,3.060000,-4.000000,-2.000000,0.000000,0.080000,1.000000
113.417000,-214.000000,-214.000000,3.290000,-4.000000,-2.000000,0.000000,0.080000,1.000000
113.421997,-167.000000,-167.000000,3.200000,-4.000000,-4.000000,0.000000,0.080000,1.000000
113.427002,-107.000000,-107.000000,3.050000,-4.000000,-4.000000,0.000000,0.080000,1.000000
113.431999,-77.000000,-77.000000,2.910000,-2.000000,-2.000000,0.000000,-0.390000,1.000000
113.436996,-104.000000,-104.000000,2.910000,-2.000000,-2.000000,0.000000,-0.390000,1.000000
113.442001,-68.000000,-68.000000,2.720000,-6.000000,-8.000000,0.000000,0.540000,1.000000
113.446999,36.000000,36.000000,2.550000,-6.000000,-8.000000,0.000000,0.540000,1.000000
113.452003,73.000000,73.000000,2.320000,-6.000000,-6.000000,0.000000,-1.790000,1.000000
113.457001,-69.000000,-69.000000,2.100000,-6.000000,-6.000000,0.000000,-1.790000,1.000000
113.461998,-56.000000,-56.000000,1.960000,-6.000000,-4.000000,0.000000,-1.330000,1.000000
113.467003,-1.000000,-1.000000,1.640000,-6.000000,-4.000000,0.000000,-1.330000,1.000000
113.472000,5.000000,5.000000,1.450000,-6.000000,-6.000000,0.000000,-0.880000,1.000000
113.476997,35.000000,35.000000,1.290000,-6.000000,-6.000000,0.000000,-0.880000,1.000000
113.482002,46.000000,46.000000,1.100000,-6.000000,-4.000000,0.000000,-1.350000,1.000000
113.487000,23.000000,23.000000,0.880000,-6.000000,-4.000000,0.000000,-1.350000,1.000000
113.491997,24.000000,24.000000,0.740000,-4.000000,-4.000000,0.000000,-0.890000,1.000000
113.497002,61.000000,61.000000,0.520000,-4.000000,-4.000000,0.000000,-0.890000,1.000000
113.501999,56.000000,56.000000,0.370000,-4.000000,-2.000000,0.000000,-0.430000,1.000000
113.507004,74.000000,74.000000,0.320000,-4.000000,-2.000000,0.000000,-0.430000,1.000000
113.512001,71.000000,71.000000,0.160000,0.000000,-2.000000,0.000000,0.030000,1.000000
113.516998,104.000000,104.000000,0.020000,0.000000,-2.000000,0.000000,0.030000,1.000000
113.522003,91.000000,91.000000,-0.080000,0.000000,0.000000,0.000000,0.960000,1.000000
113.527000,139.000000,139.000000,-0.160000,0.000000,0.000000,0.000000,0.960000,1.000000
113.531998,112.000000,112.000000,-0.190000,0.000000,0.000000,0.000000,1.420000,1.000000
113.537003,134.000000,134.000000,-0.350000,0.000000,0.000000,0.000000,1.420000,1.000000
113.542000,112.000000,112.000000,-0.330000,2.000000,4.000000,0.000000,1.420000,1.000000
113.546997,84.000000,84.000000,-0.260000,2.000000,4.000000,0.000000,1.420000,1.000000
113.552002,69.000000,69.000000,-0.210000,2.000000,0.000000,0.000000,2.810000,1.000000
113.556999,176.000000,176.000000,-0.330000,2.000000,0.000000,0.000000,2.810000,1.000000
113.561996,154.000000,154.000000,-0.320000,4.000000,4.000000,0.000000,1.890000,1.000000
113.567001,28.000000,28.000000,-0.070000,4.000000,4.000000,0.000000,1.890000,1.000000
113.571999,-7.000000,-7.000000,0.110000,4.000000,4.000000,0.000000,3.280000,1.000000
113.577003,100.000000,100.000000,0.130000,4.000000,4.000000,0.000000,3.280000,1.000000
113.582001,98.000000,98.000000,0.110000,6.000000,6.000000,0.000000,3.290000,1.000000
113.586998,66.000000,66.000000,0.230000,6.000000,6.000000,0.000000,3.290000,1.000000
113.592003,8.000000,8.000000,0.510000,4.000000,6.000000,0.000000,4.220000,1.000000
113.597000,48.000000,48.000000,0.710000,4.000000,6.000000,0.000000,4.220000,1.000000
113.601997,33.000000,33.000000,0.920000,6.000000,6.000000,0.000000,3.770000,1.000000
113.607002,-7.000000,-7.000000,1.090000,6.000000,6.000000,0.000000,3.770000,1.000000
113.612000,-22.000000,-22.000000,1.260000,6.000000,4.000000,0.000000,4.240000,1.000000
113.616997,-11.000000,-11.000000,1.530000,6.000000,4.000000,0.000000,4.240000,1.000000
113.622002,-22.000000,-22.000000,1.740000,6.000000,4.000000,0.000000,3.780000,1.000000
113.626999,-55.000000,-55.000000,1.960000,6.000000,4.000000,0.000000,3.780000,1.000000
113.632004,-49.000000,-49.000000,2.130000,2.000000,4.000000,0.000000,3.790000,1.000000
113.637001,-43.000000,-43.000000,2.310000,2.000000,4.000000,0.000000,3.790000,1.000000
113.641998,-32.000000,-32.000000,2.460000,2.000000,4.000000,0.000000,2.860000,1.000000
113.647003,-82.000000,-82.000000,2.540000,2.000000,4.000000,0.000000,2.860000,1.000000
113.652000,-75.000000,-75.000000,2.640000,2.000000,2.000000,0.000000,2.870000,1.000000
113.656998,-75.000000,-75.000000,2.780000,2.000000,2.000000,0.000000,2.870000,1.000000
113.662003,-63.000000,-63.000000,2.860000,0.000000,0.000000,0.000000,2.400000,1.000000
113.667000,-71.000000,-71.000000,2.860000,0.000000,0.000000,0.000000,2.400000,1.000000
113.671997,-56.000000,-56.000000,2.850000,0.000000,2.000000,0.000000,1.480000,1.000000
113.677002,-122.000000,-122.000000,2.860000,0.000000,2.000000,0.000000,1.480000,1.000000
113.681999,-118.000000,-118.000000,2.880000,-2.000000,-2.000000,0.000000,1.940000,1.000000
113.686996,-76.000000,-76.000000,2.810000,-2.000000,-2.000000,0.000000,1.940000,1.000000
113.692001,-79.000000,-79.000000,2.830000,0.000000,-2.000000,0.000000,0.550000,1.000000
113.696999,-190.000000,-190.000000,2.930000,0.000000,-2.000000,0.000000,0.550000,1.000000
113.702003,-173.000000,-173.000000,2.820000,-4.000000,-4.000000,0.000000,1.010000,1.000000
113.707001,-137.000000,-137.000000,2.860000,-4.000000,-4.000000,0.000000,1.010000,1.000000
113.711998,-141.000000,-141.000000,2.960000,-2.000000,-2.000000,0.000000,-0.390000,1.000000
113.717003,-223.000000,-223.000000,3.160000,-2.000000,-2.000000,0.000000,-0.390000,1.000000
113.722000,-160.000000,-160.000000,3.000000,-4.000000,-6.000000,0.000000,0.540000,1.000000
113.726997,-26.000000,-26.000000,2.860000,-4.000000,-6.000000,0.000000,0.540000,1.000000
113.732002,17.000000,17.000000,2.620000,-4.000000,-6.000000,0.000000,-0.860000,1.000000
113.737000,-75.000000,-75.000000,2.640000,-4.000000,-6.000000,0.000000,-0.860000,1.000000
113.741997,-42.000000,-42.000000,2.360000,-6.000000,-6.000000,0.000000,-0.860000,1.000000
113.747002,-1.000000,-1.000000,2.140000,-6.000000,-6.000000,0.000000,-0.860000,1.000000
113.751999,21.000000,21.000000,1.950000,-6.000000,-6.000000,0.000000,-1.340000,1.000000
113.757004,3.000000,3.000000,1.710000,-6.000000,-6.000000,0.000000,-1.340000,1.000000
113.762001,13.000000,13.000000,1.550000,-6.000000,-4.000000,0.000000,-1.340000,1.000000
113.766998,25.000000,25.000000,1.250000,-6.000000,-4.000000,0.000000,-1.340000,1.000000
113.772003,29.000000,29.000000,1.070000,-4.000000,-6.000000,0.000000,-0.880000,1.000000
113.777000,58.000000,58.000000,0.900000,-4.000000,-6.000000,0.000000,-0.880000,1.000000
113.781998,58.000000,58.000000,0.690000,-4.000000,-2.000000,0.000000,-0.890000,1.000000
113.787003,54.000000,54.000000,0.560000,-4.000000,-2.000000,0.000000,-0.890000,1.000000
113.792000,47.000000,47.000000,0.430000,-2.000000,-2.000000,0.000000,0.030000,1.000000
113.796997,111.000000,111.000000,0.270000,-2.000000,-2.000000,0.000000,0.030000,1.000000
113.802002,98.000000,98.000000,0.160000,0.000000,0.000000,0.000000,0.490000,1.000000
113.806999,112.000000,112.000000,0.090000,0.000000,0.000000,0.000000,0.490000,1.000000
113.811996,97.000000,97.000000,-0.040000,0.000000,0.000000,0.000000,1.420000,1.000000
113.817001,142.000000,142.000000,-0.130000,0.000000,0.000000,0.000000,1.420000,1.000000
113.821999,106.000000,106.000000,-0.100000,2.000000,2.000000,0.000000,1.420000,1.000000
113.827003,66.000000,66.000000,0.050000,2.000000,2.000000,0.000000,1.420000,1.000000
113.832001,55.000000,55.000000,0.110000,2.000000,2.000000,0.000000,2.350000,1.000000
113.836998,141.000000,141.000000,-0.050000,2.000000,2.000000,0.000000,2.350000,1.000000
113.842003,130.000000,130.000000,-0.090000,4.000000,4.000000,0.000000,2.350000,1.000000
113.847000,83.000000,83.000000,0.070000,4.000000,4.000000,0.000000,2.350000,1.000000
113.851997,43.000000,43.000000,0.250000,4.000000,4.000000,0.000000,3.290000,1.000000
113.857002,110.000000,110.000000,0.230000,4.000000,4.000000,0.000000,3.290000,1.000000
113.862000,100.000000,100.000000,0.290000,4.000000,6.000000,0.000000,3.290000,1.000000
113.866997,68.000000,68.000000,0.430000,4.000000,6.000000,0.000000,3.290000,1.000000
113.872002,21.000000,21.000000,0.670000,4.000000,4.000000,0.000000,3.760000,1.000000
113.876999,47.000000,47.000000,0.770000,4.000000,4.000000,0.000000,3.760000,1.000000
113.882004,34.000000,34.000000,0.970000,6.000000,6.000000,0.000000,3.300000,1.000000
113.887001,-12.000000,-12.000000,1.150000,6.000000,6.000000,0.000000,3.300000,1.000000
113.891998,-32.000000,-32.000000,1.330000,4.000000,4.000000,0.000000,4.240000,1.000000
113.897003,22.000000,22.000000,1.520000,4.000000,4.000000,0.000000,4.240000,1.000000
113.902000,26.000000,26.000000,1.650000,4.000000,4.000000,0.000000,3.310000,1.000000
113.906998,-42.000000,-42.000000,1.810000,4.000000,4.000000,0.000000,3.310000,1.000000
113.912003,-51.000000,-51.000000,2.010000,2.000000,4.000000,0.000000,3.320000,1.000000
113.917000,-46.000000,-46.000000,2.110000,2.000000,4.000000,0.000000,3.320000,1.000000
113.921997,-41.000000,-41.000000,2.180000,4.000000,2.000000,0.000000,2.860000,1.000000
113.927002,-84.000000,-84.000000,2.370000,4.000000,2.000000,0.000000,2.860000,1.000000
113.931999,-92.000000,-92.000000,2.510000,2.000000,2.000000,0.000000,2.860000,1.000000
113.936996,-86.000000,-86.000000,2.640000,2.000000,2.000000,0.000000,2.860000,1.000000
113.942001,-66.000000,-66.000000,2.720000,0.000000,0.000000,0.000000,2.400000,1.000000
113.946999,-67.000000,-67.000000,2.700000,0.000000,0.000000,0.000000,2.400000,1.000000
113.952003,-46.000000,-46.000000,2.700000,2.000000,0.000000,0.000000,1.470000,1.000000
113.957001,-107.000000,-107.000000,2.730000,2.000000,0.000000,0.000000,1.470000,1.000000
113.961998,-94.000000,-94.000000,2.710000,-2.000000,0.000000,0.000000,1.940000,1.000000
113.967003,-48.000000,-48.000000,2.630000,-2.000000,0.000000,0.000000,1.940000,1.000000
113.972000,-48.000000,-48.000000,2.630000,-2.000000,0.000000,0.000000,1.010000,1.000000
113.976997,-123.000000,-123.000000,2.680000,-2.000000,0.000000,0.000000,1.010000,1.000000
113.982002,-115.000000,-115.000000,2.620000,-2.000000,-4.000000,0.000000,1.010000,1.000000
113.987000,-107.000000,-107.000000,2.560000,-2.000000,-4.000000,0.000000,1.010000,1.000000
113.991997,-123.000000,-123.000000,2.720000,-4.000000,-2.000000,0.000000,0.080000,1.000000
113.997002,-185.000000,-185.000000,2.870000,-4.000000,-2.000000,0.000000,0.080000,1.000000
114.001999,-131.000000,-131.000000,2.750000,-4.000000,-6.000000,0.000000,0.070000,1.000000
114.007004,-73.000000,-73.000000,2.600000,-4.000000,-6.000000,0.000000,0.070000,1.000000
114.012001,-38.000000,-38.000000,2.450000,-4.000000,-4.000000,0.000000,-0.860000,1.000000
114.016998,-100.000000,-100.000000,2.470000,-4.000000,-4.000000,0.000000,-0.860000,1.000000
114.022003,-72.000000,-72.000000,2.250000,-4.000000,-4.000000,0.000000,-0.400000,1.000000
114.027000,-10.000000,-10.000000,2.070000,-4.000000,-4.000000,0.000000,-0.400000,1.000000
114.031998,8.000000,8.000000,1.920000,-4.000000,-4.000000,0.000000,-0.410000,1.000000
114.037003,20.000000,20.000000,1.730000,-4.000000,-4.000000,0.000000,-0.410000,1.000000
114.042000,33.000000,33.000000,1.610000,-4.000000,-4.000000,0.000000,-0.410000,1.000000
114.046997,55.000000,55.000000,1.330000,-4.000000,-4.000000,0.000000,-0.410000,1.000000
114.052002,66.000000,66.000000,1.160000,-4.000000,-4.000000,0.000000,-0.420000,1.000000
114.056999,70.000000,70.000000,0.970000,-4.000000,-4.000000,0.000000,-0.420000,1.000000
114.061996,68.000000,68.000000,0.780000,-2.000000,-4.000000,0.000000,-0.420000,1.000000
114.067001,54.000000,54.000000,0.730000,-2.000000,-4.000000,0.000000,-0.420000,1.000000
114.071999,51.000000,51.000000,0.570000,-2.000000,-2.000000,0.000000,0.040000,1.000000
114.077003,84.000000,84.000000,0.400000,-2.000000,-2.000000,0.000000,0.040000,1.000000
114.082001,67.000000,67.000000,0.340000,0.000000,0.000000,0.000000,0.500000,1.000000
114.086998,82.000000,82.000000,0.330000,0.000000,0.000000,0.000000,0.500000,1.000000
114.092003,76.000000,76.000000,0.240000,0.000000,0.000000,0.000000,1.430000,1.000000
114.097000,141.000000,141.000000,0.110000,0.000000,0.000000,0.000000,1.430000,1.000000
114.101997,118.000000,118.000000,0.070000,2.000000,2.000000,0.000000,1.430000,1.000000
114.107002,80.000000,80.000000,0.180000,2.000000,2.000000,0.000000,1.430000,1.000000
114.112000,53.000000,53.000000,0.280000,0.000000,0.000000,0.000000,2.360000,1.000000
114.116997,133.000000,133.000000,0.090000,0.000000,0.000000,0.000000,2.360000,1.000000
114.122002,122.000000,122.000000,0.060000,4.000000,4.000000,0.000000,1.430000,1.000000
114.126999,6.000000,6.000000,0.170000,4.000000,4.000000,0.000000,1.430000,1.000000
114.132004,-47.000000,-47.000000,0.400000,4.000000,2.000000,0.000000,3.290000,1.000000
114.137001,85.000000,85.000000,0.390000,4.000000,2.000000,0.000000,3.290000,1.000000
114.141998,71.000000,71.000000,0.550000,6.000000,6.000000,0.000000,2.830000,1.000000
114.147003,21.000000,21.000000,0.700000,6.000000,6.000000,0.000000,2.830000,1.000000
114.152000,-9.000000,-9.000000,0.870000,4.000000,4.000000,0.000000,4.230000,1.000000
114.156998,68.000000,68.000000,1.070000,4.000000,4.000000,0.000000,4.230000,1.000000
114.162003,62.000000,62.000000,1.170000,4.000000,6.000000,0.000000,3.310000,1.000000
114.167000,-21.000000,-21.000000,1.380000,4.000000,6.000000,0.000000,3.310000,1.000000
114.171997,-40.000000,-40.000000,1.580000,4.000000,4.000000,0.000000,3.780000,1.000000
114.177002,-7.000000,-7.000000,1.720000,4.000000,4.000000,0.000000,3.780000,1.000000
114.181999,-10.000000,-10.000000,1.810000,4.000000,4.000000,0.000000,3.320000,1.000000
114.186996,-71.000000,-71.000000,2.050000,4.000000,4.000000,0.000000,3.320000,1.000000
114.192001,-92.000000,-92.000000,2.260000,2.000000,4.000000,0.000000,3.320000,1.000000
114.196999,-91.000000,-91.000000,2.470000,2.000000,4.000000,0.000000,3.320000,1.000000
114.202003,-77.000000,-77.000000,2.620000,2.000000,4.000000,0.000000,2.860000,1.000000
114.207001,-84.000000,-84.000000,2.660000,2.000000,4.000000,0.000000,2.860000,1.000000
114.211998,-70.000000,-70.000000,2.720000,2.000000,2.000000,0.000000,2.870000,1.000000
114.217003,-77.000000,-77.000000,2.910000,2.000000,2.000000,0.000000,2.870000,1.000000
114.222000,-56.000000,-56.000000,2.930000,0.000000,0.000000,0.000000,2.400000,1.000000
114.226997,-62.000000,-62.000000,2.940000,0.000000,0.000000,0.000000,2.400000,1.000000
114.232002,-43.000000,-43.000000,2.910000,-2.000000,-2.000000,0.000000,1.480000,1.000000
114.237000,-104.000000,-104.000000,2.920000,-2.000000,-2.000000,0.000000,1.480000,1.000000
114.241997,-99.000000,-99.000000,2.910000,0.000000,-2.000000,0.000000,0.550000,1.000000
114.247002,-157.000000,-157.000000,2.830000,0.000000,-2.000000,0.000000,0.550000,1.000000
114.251999,-162.000000,-162.000000,2.840000,-2.000000,-2.000000,0.000000,1.010000,1.000000
114.257004,-147.000000,-147.000000,2.970000,-2.000000,-2.000000,0.000000,1.010000,1.000000
114.262001,-136.000000,-136.000000,2.880000,-4.000000,-2.000000,0.000000,0.540000,1.000000
114.266998,-168.000000,-168.000000,2.950000,-4.000000,-2.000000,0.000000,0.540000,1.000000
114.272003,-157.000000,-157.000000,2.970000,-2.000000,-2.000000,0.000000,0.080000,1.000000
114.277000,-170.000000,-170.000000,3.020000,-2.000000,-2.000000,0.000000,0.080000,1.000000
114.281998,-125.000000,-125.000000,2.920000,-4.000000,-6.000000,0.000000,0.540000,1.000000
114.287003,-34.000000,-34.000000,2.730000,-4.000000,-6.000000,0.000000,0.540000,1.000000
114.292000,-1.000000,-1.000000,2.600000,-4.000000,-6.000000,0.000000,-0.860000,1.000000
114.296997,-91.000000,-91.000000,2.520000,-4.000000,-6.000000,0.000000,-0.860000,1.000000
114.302002,-71.000000,-71.000000,2.350000,-6.000000,-4.000000,0.000000,-0.870000,1.000000
114.306999,-42.000000,-42.000000,2.120000,-6.000000,-4.000000,0.000000,-0.870000,1.000000
114.311996,-30.000000,-30.000000,1.990000,-6.000000,-6.000000,0.000000,-0.870000,1.000000
114.317001,-24.000000,-24.000000,1.850000,-6.000000,-6.000000,0.000000,-0.870000,1.000000
114.321999,-9.000000,-9.000000,1.730000,-4.000000,-6.000000,0.000000,-1.340000,1.000000
114.327003,-12.000000,-12.000000,1.440000,-4.000000,-6.000000,0.000000,-1.340000,1.000000
114.332001,1.000000,1.000000,1.270000,-4.000000,-4.000000,0.000000,-0.880000,1.000000
114.336998,40.000000,40.000000,1.060000,-4.000000,-4.000000,0.000000,-0.880000,1.000000
114.342003,44.000000,44.000000,0.880000,-4.000000,-4.000000,0.000000,-0.430000,1.000000
114.347000,74.000000,74.000000,0.750000,-4.000000,-4.000000,0.000000,-0.430000,1.000000
114.351997,73.000000,73.000000,0.590000,-2.000000,-2.000000,0.000000,-0.430000,1.000000
114.357002,73.000000,73.000000,0.420000,-2.000000,-2.000000,0.000000,-0.430000,1.000000
114.362000,62.000000,62.000000,0.320000,-2.000000,-2.000000,0.000000,0.490000,1.000000
114.366997,113.000000,113.000000,0.270000,-2.000000,-2.000000,0.000000,0.490000,1.000000
114.372002,104.000000,104.000000,0.160000,-2.000000,-2.000000,0.000000,0.490000,1.000000
114.376999,104.000000,104.000000,0.010000,-2.000000,-2.000000,0.000000,0.490000,1.000000
114.382004,89.000000,89.000000,-0.050000,0.000000,0.000000,0.000000,0.490000,1.000000
114.387001,68.000000,68.000000,0.000000,0.000000,0.000000,0.000000,0.490000,1.000000
114.391998,59.000000,59.000000,-0.020000,0.000000,0.000000,0.000000,1.420000,1.000000
114.397003,127.000000,127.000000,-0.060000,0.000000,0.000000,0.000000,1.420000,1.000000
114.402000,115.000000,115.000000,-0.070000,2.000000,2.000000,0.000000,1.420000,1.000000
114.406998,87.000000,87.000000,0.020000,2.000000,2.000000,0.000000,1.420000,1.000000
114.412003,74.000000,74.000000,0.040000,2.000000,2.000000,0.000000,2.350000,1.000000
114.417000,145.000000,145.000000,-0.050000,2.000000,2.000000,0.000000,2.350000,1.000000
114.421997,135.000000,135.000000,-0.110000,2.000000,4.000000,0.000000,2.350000,1.000000
114.427002,89.000000,89.000000,0.050000,2.000000,4.000000,0.000000,2.350000,1.000000
114.431999,46.000000,46.000000,0.230000,4.000000,4.000000,0.000000,2.820000,1.000000
114.436996,86.000000,86.000000,0.150000,4.000000,4.000000,0.000000,2.820000,1.000000
114.442001,72.000000,72.000000,0.220000,6.000000,6.000000,0.000000,3.290000,1.000000
114.446999,62.000000,62.000000,0.410000,6.000000,6.000000,0.000000,3.290000,1.000000
114.452003,21.000000,21.000000,0.640000,6.000000,6.000000,0.000000,4.220000,1.000000
114.457001,73.000000,73.000000,0.810000,6.000000,6.000000,0.000000,4.220000,1.000000
114.461998,72.000000,72.000000,0.960000,6.000000,6.000000,0.000000,4.230000,1.000000
114.467003,70.000000,70.000000,1.110000,6.000000,6.000000,0.000000,4.230000,1.000000
114.472000,61.000000,61.000000,1.230000,4.000000,4.000000,0.000000,4.230000,1.000000
114.476997,66.000000,66.000000,1.260000,4.000000,4.000000,0.000000,4.230000,1.000000
114.482002,52.000000,52.000000,1.390000,6.000000,6.000000,0.000000,3.310000,1.000000
114.487000,-40.000000,-40.000000,1.630000,6.000000,6.000000,0.000000,3.310000,1.000000
114.491997,-50.000000,-50.000000,1.800000,4.000000,4.000000,0.000000,4.250000,1.000000
114.497002,30.000000,30.000000,1.850000,4.000000,4.000000,0.000000,4.250000,1.000000
114.501999,36.000000,36.000000,1.890000,6.000000,4.000000,0.000000,3.320000,1.000000
114.507004,-57.000000,-57.000000,2.120000,6.000000,4.000000,0.000000,3.320000,1.000000
114.512001,-83.000000,-83.000000,2.340000,2.000000,4.000000,0.000000,3.790000,1.000000
114.516998,-51.000000,-51.000000,2.520000,2.000000,4.000000,0.000000,3.790000,1.000000
114.522003,-43.000000,-43.000000,2.580000,4.000000,4.000000,0.000000,2.870000,1.000000
114.527000,-108.000000,-108.000000,2.700000,4.000000,4.000000,0.000000,2.870000,1.000000
114.531998,-120.000000,-120.000000,2.830000,2.000000,4.000000,0.000000,3.340000,1.000000
114.537003,-102.000000,-102.000000,3.020000,2.000000,4.000000,0.000000,3.340000,1.000000
114.542000,-91.000000,-91.000000,3.120000,0.000000,2.000000,0.000000,2.880000,1.000000
114.546997,-96.000000,-96.000000,3.180000,0.000000,2.000000,0.000000,2.880000,1.000000
114.552002,-73.000000,-73.000000,3.270000,2.000000,2.000000,0.000000,1.950000,1.000000
114.556999,-116.000000,-116.000000,3.310000,2.000000,2.000000,0.000000,1.950000,1.000000
114.561996,-84.000000,-84.000000,3.220000,-2.000000,-2.000000,0.000000,2.420000,1.000000
114.567001,-29.000000,-29.000000,3.100000,-2.000000,-2.000000,0.000000,2.420000,1.000000
114.571999,-32.000000,-32.000000,3.100000,0.000000,0.000000,0.000000,0.560000,1.000000
114.577003,-173.000000,-173.000000,3.140000,0.000000,0.000000,0.000000,0.560000,1.000000
114.582001,-169.000000,-169.000000,3.110000,-2.000000,-2.000000,0.000000,1.490000,1.000000
114.586998,-100.000000,-100.000000,3.070000,-2.000000,-2.000000,0.000000,1.490000,1.000000
114.592003,-109.000000,-109.000000,3.200000,-4.000000,-4.000000,0.000000,0.560000,1.000000
114.597000,-180.000000,-180.000000,3.450000,-4.000000,-4.000000,0.000000,0.560000,1.000000
114.601997,-109.000000,-109.000000,3.260000,-6.000000,-4.000000,0.000000,-0.370000,1.000000
114.607002,-109.000000,-109.000000,3.160000,-6.000000,-4.000000,0.000000,-0.370000,1.000000
114.612000,-70.000000,-70.000000,2.890000,-6.000000,-4.000000,0.000000,-0.840000,1.000000
114.616997,-79.000000,-79.000000,2.680000,-6.000000,-4.000000,0.000000,-0.840000,1.000000
114.622002,-65.000000,-65.000000,2.500000,-6.000000,-6.000000,0.000000,-0.850000,1.000000
114.626999,-31.000000,-31.000000,2.160000,-6.000000,-6.000000,0.000000,-0.850000,1.000000
114.632004,-26.000000,-26.000000,2.050000,-4.000000,-6.000000,0.000000,-1.320000,1.000000
114.637001,-53.000000,-53.000000,1.850000,-4.000000,-6.000000,0.000000,-1.320000,1.000000
114.641998,-42.000000,-42.000000,1.730000,-4.000000,-6.000000,0.000000,-0.860000,1.000000
114.647003,2.000000,2.000000,1.520000,-4.000000,-6.000000,0.000000,-0.860000,1.000000
114.652000,11.000000,11.000000,1.340000,-6.000000,-4.000000,0.000000,-0.870000,1.000000
114.656998,13.000000,13.000000,1.180000,-6.000000,-4.000000,0.000000,-0.870000,1.000000
114.662003,17.000000,17.000000,1.060000,-4.000000,-4.000000,0.000000,-0.880000,1.000000
114.667000,26.000000,26.000000,0.870000,-4.000000,-4.000000,0.000000,-0.880000,1.000000
114.671997,31.000000,31.000000,0.730000,-4.000000,-4.000000,0.000000,-0.420000,1.000000
114.677002,64.000000,64.000000,0.560000,-4.000000,-4.000000,0.000000,-0.420000,1.000000
114.681999,62.000000,62.000000,0.420000,-2.000000,-4.000000,0.000000,-0.420000,1.000000
114.686996,51.000000,51.000000,0.370000,-2.000000,-4.000000,0.000000,-0.420000,1.000000
114.692001,46.000000,46.000000,0.250000,-2.000000,-2.000000,0.000000,0.040000,1.000000
114.696999,81.000000,81.000000,0.080000,-2.000000,-2.000000,0.000000,0.040000,1.000000
114.702003,64.000000,64.000000,0.050000,0.000000,0.000000,0.000000,0.500000,1.000000
114.707001,79.000000,79.000000,0.040000,0.000000,0.000000,0.000000,0.500000,1.000000
114.711998,70.000000,70.000000,-0.060000,0.000000,0.000000,0.000000,1.430000,1.000000
114.717003,120.000000,120.000000,-0.120000,0.000000,0.000000,0.000000,1.430000,1.000000
114.722000,88.000000,88.000000,-0.050000,2.000000,2.000000,0.000000,1.430000,1.000000
114.726997,62.000000,62.000000,0.080000,2.000000,2.000000,0.000000,1.430000,1.000000
114.732002,62.000000,62.000000,0.140000,0.000000,0.000000,0.000000,2.360000,1.000000
114.737000,148.000000,148.000000,0.050000,0.000000,0.000000,0.000000,2.360000,1.000000
114.741997,139.000000,139.000000,0.020000,2.000000,2.000000,0.000000,1.430000,1.000000
114.747002,27.000000,27.000000,0.190000,2.000000,2.000000,0.000000,1.430000,1.000000
114.751999,-4.000000,-4.000000,0.310000,2.000000,2.000000,0.000000,2.360000,1.000000
114.757004,64.000000,64.000000,0.260000,2.000000,2.000000,0.000000,2.360000,1.000000
114.762001,46.000000,46.000000,0.300000,4.000000,4.000000,0.000000,2.360000,1.000000
114.766998,-6.000000,-6.000000,0.510000,4.000000,4.000000,0.000000,2.360000,1.000000
114.772003,-56.000000,-56.000000,0.730000,2.000000,4.000000,0.000000,3.300000,1.000000
114.777000,-10.000000,-10.000000,1.020000,2.000000,4.000000,0.000000,3.300000,1.000000
114.781998,-9.000000,-9.000000,1.180000,2.000000,6.000000,0.000000,2.840000,1.000000
114.787003,-38.000000,-38.000000,1.370000,2.000000,6.000000,0.000000,2.840000,1.000000
114.792000,-32.000000,-32.000000,1.500000,2.000000,4.000000,0.000000,3.300000,1.000000
114.796997,6.000000,6.000000,1.630000,2.000000,4.000000,0.000000,3.300000,1.000000
114.802002,15.000000,15.000000,1.770000,2.000000,4.000000,0.000000,2.840000,1.000000
114.806999,3.000000,3.000000,1.790000,2.000000,4.000000,0.000000,2.840000,1.000000
114.811996,18.000000,18.000000,1.810000,2.000000,2.000000,0.000000,2.850000,1.000000
114.817001,16.000000,16.000000,1.830000,2.000000,2.000000,0.000000,2.850000,1.000000
114.821999,4.000000,4.000000,1.930000,2.000000,2.000000,0.000000,2.390000,1.000000
114.827003,-33.000000,-33.000000,2.040000,2.000000,2.000000,0.000000,2.390000,1.000000
114.832001,-24.000000,-24.000000,2.060000,2.000000,0.000000,0.000000,2.390000,1.000000
114.836998,-15.000000,-15.000000,2.090000,2.000000,0.000000,0.000000,2.390000,1.000000
114.842003,-12.000000,-12.000000,2.110000,0.000000,2.000000,0.000000,1.930000,1.000000
114.847000,-48.000000,-48.000000,2.160000,0.000000,2.000000,0.000000,1.930000,1.000000
114.851997,-48.000000,-48.000000,2.210000,2.000000,0.000000,0.000000,1.930000,1.000000
114.857002,-38.000000,-38.000000,2.220000,2.000000,0.000000,0.000000,1.930000,1.000000
114.862000,-25.000000,-25.000000,2.210000,0.000000,0.000000,0.000000,1.930000,1.000000
114.866997,-18.000000,-18.000000,2.180000,0.000000,0.000000,0.000000,1.930000,1.000000
114.872002,-18.000000,-18.000000,2.170000,0.000000,0.000000,0.000000,1.460000,1.000000
114.876999,-53.000000,-53.000000,2.160000,0.000000,0.000000,0.000000,1.460000,1.000000
114.882004,-55.000000,-55.000000,2.170000,-2.000000,-2.000000,0.000000,1.460000,1.000000
114.887001,-53.000000,-53.000000,2.130000,-2.000000,-2.000000,0.000000,1.460000,1.000000
114.891998,-59.000000,-59.000000,2.150000,0.000000,0.000000,0.000000,0.530000,1.000000
114.897003,-129.000000,-129.000000,2.160000,0.000000,0.000000,0.000000,0.530000,1.000000
114.902000,-126.000000,-126.000000,2.160000,-2.000000,-2.000000,0.000000,1.460000,1.000000
114.906998,-59.000000,-59.000000,2.110000,-2.000000,-2.000000,0.000000,1.460000,1.000000
114.912003,-67.000000,-67.000000,2.160000,0.000000,-2.000000,0.000000,0.530000,1.000000
114.917000,-146.000000,-146.000000,2.310000,0.000000,-2.000000,0.000000,0.530000,1.000000
114.921997,-138.000000,-138.000000,2.400000,-4.000000,-4.000000,0.000000,0.990000,1.000000
114.927002,-65.000000,-65.000000,2.410000,-4.000000,-4.000000,0.000000,0.990000,1.000000
114.931999,-31.000000,-31.000000,2.320000,-4.000000,-4.000000,0.000000,-0.400000,1.000000
114.936996,-120.000000,-120.000000,2.430000,-4.000000,-4.000000,0.000000,-0.400000,1.000000
114.942001,-84.000000,-84.000000,2.290000,-4.000000,-4.000000,0.000000,-0.410000,1.000000
114.946999,-23.000000,-23.000000,2.100000,-4.000000,-4.000000,0.000000,-0.410000,1.000000
114.952003,14.000000,14.000000,1.870000,-4.000000,-4.000000,0.000000,-0.410000,1.000000
114.957001,23.000000,23.000000,1.760000,-4.000000,-4.000000,0.000000,-0.410000,1.000000
114.961998,41.000000,41.000000,1.550000,-4.000000,-6.000000,0.000000,-0.420000,1.000000
114.967003,67.000000,67.000000,1.230000,-4.000000,-6.000000,0.000000,-0.420000,1.000000
114.972000,68.000000,68.000000,1.100000,-4.000000,-4.000000,0.000000,-0.890000,1.000000
114.976997,33.000000,33.000000,0.940000,-4.000000,-4.000000,0.000000,-0.890000,1.000000
114.982002,32.000000,32.000000,0.730000,0.000000,-2.000000,0.000000,-0.430000,1.000000
114.987000,49.000000,49.000000,0.700000,0.000000,-2.000000,0.000000,-0.430000,1.000000
114.991997,45.000000,45.000000,0.540000,-2.000000,-2.000000,0.000000,0.960000,1.000000
114.997002,137.000000,137.000000,0.460000,-2.000000,-2.000000,0.000000,0.960000,1.000000
115.001999,126.000000,126.000000,0.370000,0.000000,0.000000,0.000000,0.500000,1.000000
115.007004,84.000000,84.000000,0.310000,0.000000,0.000000,0.000000,0.500000,1.000000
115.012001,76.000000,76.000000,0.260000,0.000000,0.000000,0.000000,1.420000,1.000000
115.016998,144.000000,144.000000,0.070000,0.000000,0.000000,0.000000,1.420000,1.000000
115.022003,120.000000,120.000000,0.060000,2.000000,2.000000,0.000000,1.420000,1.000000
115.027000,76.000000,76.000000,0.180000,2.000000,2.000000,0.000000,1.420000,1.000000
115.031998,51.000000,51.000000,0.250000,2.000000,2.000000,0.000000,2.350000,1.000000
115.037003,126.000000,126.000000,0.150000,2.000000,2.000000,0.000000,2.350000,1.000000
115.042000,116.000000,116.000000,0.170000,4.000000,4.000000,0.000000,2.360000,1.000000
115.046997,84.000000,84.000000,0.230000,4.000000,4.000000,0.000000,2.360000,1.000000
115.052002,30.000000,30.000000,0.420000,2.000000,4.000000,0.000000,3.290000,1.000000
115.056999,78.000000,78.000000,0.450000,2.000000,4.000000,0.000000,3.290000,1.000000
115.061996,66.000000,66.000000,0.560000,4.000000,4.000000,0.000000,2.830000,1.000000
115.067001,6.000000,6.000000,0.740000,4.000000,4.000000,0.000000,2.830000,1.000000
115.071999,-24.000000,-24.000000,0.940000,4.000000,4.000000,0.000000,3.300000,1.000000
115.077003,4.000000,4.000000,1.070000,4.000000,4.000000,0.000000,3.300000,1.000000
115.082001,7.000000,7.000000,1.170000,6.000000,6.000000,0.000000,3.300000,1.000000
115.086998,-6.000000,-6.000000,1.360000,6.000000,6.000000,0.000000,3.300000,1.000000
115.092003,-28.000000,-28.000000,1.560000,4.000000,4.000000,0.000000,4.240000,1.000000
115.097000,29.000000,29.000000,1.780000,4.000000,4.000000,0.000000,4.240000,1.000000
115.101997,37.000000,37.000000,1.940000,4.000000,2.000000,0.000000,3.310000,1.000000
115.107002,-5.000000,-5.000000,2.000000,4.000000,2.000000,0.000000,3.310000,1.000000
115.112000,9.000000,9.000000,2.060000,2.000000,2.000000,0.000000,2.850000,1.000000
115.116997,-20.000000,-20.000000,2.070000,2.000000,2.000000,0.000000,2.850000,1.000000
115.122002,-32.000000,-32.000000,2.140000,2.000000,2.000000,0.000000,2.390000,1.000000
115.126999,-91.000000,-91.000000,2.340000,2.000000,2.000000,0.000000,2.390000,1.000000
115.132004,-94.000000,-94.000000,2.440000,2.000000,2.000000,0.000000,2.400000,1.000000
115.137001,-83.000000,-83.000000,2.540000,2.000000,2.000000,0.000000,2.400000,1.000000
115.141998,-62.000000,-62.000000,2.570000,0.000000,0.000000,0.000000,2.400000,1.000000
115.147003,-31.000000,-31.000000,2.490000,0.000000,0.000000,0.000000,2.400000,1.000000
115.152000,-23.000000,-23.000000,2.510000,0.000000,0.000000,0.000000,1.470000,1.000000
115.156998,-94.000000,-94.000000,2.580000,0.000000,0.000000,0.000000,1.470000,1.000000
115.162003,-82.000000,-82.000000,2.570000,0.000000,-2.000000,0.000000,1.470000,1.000000
115.167000,-61.000000,-61.000000,2.480000,0.000000,-2.000000,0.000000,1.470000,1.000000
115.171997,-57.000000,-57.000000,2.480000,-2.000000,0.000000,0.000000,1.010000,1.000000
115.177002,-98.000000,-98.000000,2.540000,-2.000000,0.000000,0.000000,1.010000,1.000000
115.181999,-89.000000,-89.000000,2.460000,-2.000000,-2.000000,0.000000,1.000000,1.000000
115.186996,-80.000000,-80.000000,2.380000,-2.000000,-2.000000,0.000000,1.000000,1.000000
115.192001,-82.000000,-82.000000,2.370000,-2.000000,-2.000000,0.000000,0.540000,1.000000
115.196999,-123.000000,-123.000000,2.500000,-2.000000,-2.000000,0.000000,0.540000,1.000000
115.202003,-97.000000,-97.000000,2.500000,-4.000000,-4.000000,0.000000,0.540000,1.000000
115.207001,-40.000000,-40.000000,2.330000,-4.000000,-4.000000,0.000000,0.540000,1.000000
115.211998,-9.000000,-9.000000,2.230000,-4.000000,-2.000000,0.000000,-0.400000,1.000000
115.217003,-61.000000,-61.000000,2.120000,-4.000000,-2.000000,0.000000,-0.400000,1.000000
115.222000,-40.000000,-40.000000,1.980000,-4.000000,-4.000000,0.000000,0.060000,1.000000
115.226997,18.000000,18.000000,1.780000,-4.000000,-4.000000,0.000000,0.060000,1.000000
115.232002,35.000000,35.000000,1.650000,-4.000000,-4.000000,0.000000,-0.410000,1.000000
115.237000,17.000000,17.000000,1.440000,-4.000000,-4.000000,0.000000,-0.410000,1.000000
115.241997,24.000000,24.000000,1.340000,-4.000000,-4.000000,0.000000,-0.410000,1.000000
115.247002,32.000000,32.000000,1.170000,-4.000000,-4.000000,0.000000,-0.410000,1.000000
115.251999,41.000000,41.000000,1.010000,-2.000000,-2.000000,0.000000,-0.420000,1.000000
115.257004,44.000000,44.000000,0.870000,-2.000000,-2.000000,0.000000,-0.420000,1.000000
115.262001,43.000000,43.000000,0.710000,-2.000000,-2.000000,0.000000,0.510000,1.000000
115.266998,100.000000,100.000000,0.650000,-2.000000,-2.000000,0.000000,0.510000,1.000000
115.272003,95.000000,95.000000,0.540000,0.000000,0.000000,0.000000,0.510000,1.000000
115.277000,95.000000,95.000000,0.420000,0.000000,0.000000,0.000000,0.510000,1.000000
115.281998,90.000000,90.000000,0.260000,0.000000,0.000000,0.000000,1.440000,1.000000
115.287003,131.000000,131.000000,0.210000,0.000000,0.000000,0.000000,1.440000,1.000000
115.292000,93.000000,93.000000,0.240000,0.000000,0.000000,0.000000,1.440000,1.000000
115.296997,79.000000,79.000000,0.190000,0.000000,0.000000,0.000000,1.440000,1.000000
115.302002,65.000000,65.000000,0.270000,0.000000,2.000000,0.000000,1.440000,1.000000
115.306999,54.000000,54.000000,0.320000,0.000000,2.000000,0.000000,1.440000,1.000000
115.311996,47.000000,47.000000,0.370000,2.000000,2.000000,0.000000,1.900000,1.000000
115.317001,83.000000,83.000000,0.330000,2.000000,2.000000,0.000000,1.900000,1.000000
115.321999,73.000000,73.000000,0.330000,4.000000,2.000000,0.000000,2.370000,1.000000
115.327003,78.000000,78.000000,0.430000,4.000000,2.000000,0.000000,2.370000,1.000000
115.332001,47.000000,47.000000,0.590000,2.000000,2.000000,0.000000,2.830000,1.000000
115.336998,76.000000,76.000000,0.630000,2.000000,2.000000,0.000000,2.830000,1.000000
115.342003,75.000000,75.000000,0.620000,4.000000,4.000000,0.000000,2.370000,1.000000
115.347000,7.000000,7.000000,0.830000,4.000000,4.000000,0.000000,2.370000,1.000000
115.351997,-21.000000,-21.000000,1.010000,2.000000,2.000000,0.000000,3.300000,1.000000
115.357002,47.000000,47.000000,1.120000,2.000000,2.000000,0.000000,3.300000,1.000000
115.362000,56.000000,56.000000,1.110000,4.000000,4.000000,0.000000,2.380000,1.000000
115.366997,-38.000000,-38.000000,1.310000,4.000000,4.000000,0.000000,2.380000,1.000000
115.372002,-71.000000,-71.000000,1.500000,4.000000,4.000000,0.000000,3.310000,1.000000
115.376999,-10.000000,-10.000000,1.660000,4.000000,4.000000,0.000000,3.310000,1.000000
115.382004,-3.000000,-3.000000,1.710000,4.000000,4.000000,0.000000,3.320000,1.000000
115.387001,-16.000000,-16.000000,1.860000,4.000000,4.000000,0.000000,3.320000,1.000000
115.391998,-38.000000,-38.000000,2.030000,2.000000,2.000000,0.000000,3.320000,1.000000
115.397003,-47.000000,-47.000000,2.220000,2.000000,2.000000,0.000000,3.320000,1.000000
115.402000,-36.000000,-36.000000,2.340000,2.000000,2.000000,0.000000,2.400000,1.000000
115.406998,-81.000000,-81.000000,2.370000,2.000000,2.000000,0.000000,2.400000,1.000000
115.412003,-75.000000,-75.000000,2.430000,0.000000,2.000000,0.000000,2.400000,1.000000
115.417000,-85.000000,-85.000000,2.580000,0.000000,2.000000,0.000000,2.400000,1.000000
115.421997,-78.000000,-78.000000,2.670000,0.000000,0.000000,0.000000,1.940000,1.000000
115.427002,-83.000000,-83.000000,2.660000,0.000000,0.000000,0.000000,1.940000,1.000000
115.431999,-62.000000,-62.000000,2.640000,0.000000,0.000000,0.000000,1.470000,1.000000
115.436996,-97.000000,-97.000000,2.730000,0.000000,0.000000,0.000000,1.470000,1.000000
115.442001,-86.000000,-86.000000,2.670000,-2.000000,-2.000000,0.000000,1.470000,1.000000
115.446999,-75.000000,-75.000000,2.570000,-2.000000,-2.000000,0.000000,1.470000,1.000000
115.452003,-82.000000,-82.000000,2.590000,-2.000000,0.000000,0.000000,0.540000,1.000000
115.457001,-156.000000,-156.000000,2.590000,-2.000000,0.000000,0.000000,0.540000,1.000000
115.461998,-150.000000,-150.000000,2.560000,-2.000000,-4.000000,0.000000,1.010000,1.000000
115.467003,-117.000000,-117.000000,2.560000,-2.000000,-4.000000,0.000000,1.010000,1.000000
115.472000,-125.000000,-125.000000,2.670000,-2.000000,-2.000000,0.000000,0.070000,1.000000
115.476997,-177.000000,-177.000000,2.790000,-2.000000,-2.000000,0.000000,0.070000,1.000000
115.482002,-123.000000,-123.000000,2.680000,-4.000000,-4.000000,0.000000,0.540000,1.000000
115.487000,-23.000000,-23.000000,2.490000,-4.000000,-4.000000,0.000000,0.540000,1.000000
115.491997,12.000000,12.000000,2.340000,-4.000000,-4.000000,0.000000,-0.400000,1.000000
115.497002,-44.000000,-44.000000,2.280000,-4.000000,-4.000000,0.000000,-0.400000,1.000000
115.501999,-23.000000,-23.000000,2.070000,-6.000000,-6.000000,0.000000,-0.400000,1.000000
115.507004,3.000000,3.000000,1.850000,-6.000000,-6.000000,0.000000,-0.400000,1.000000
115.512001,7.000000,7.000000,1.750000,-4.000000,-6.000000,0.000000,-1.340000,1.000000
115.516998,-49.000000,-49.000000,1.560000,-4.000000,-6.000000,0.000000,-1.340000,1.000000
115.522003,-39.000000,-39.000000,1.410000,-2.000000,-4.000000,0.000000,-0.880000,1.000000
115.527000,-1.000000,-1.000000,1.250000,-2.000000,-4.000000,0.000000,-0.880000,1.000000
115.531998,3.000000,3.000000,1.090000,-4.000000,-4.000000,0.000000,0.050000,1.000000
115.537003,61.000000,61.000000,1.030000,-4.000000,-4.000000,0.000000,0.050000,1.000000
115.542000,68.000000,68.000000,0.900000,-4.000000,-4.000000,0.000000,-0.420000,1.000000
115.546997,52.000000,52.000000,0.730000,-4.000000,-4.000000,0.000000,-0.420000,1.000000
115.552002,57.000000,57.000000,0.640000,-2.000000,-4.000000,0.000000,-0.430000,1.000000
115.556999,68.000000,68.000000,0.360000,-2.000000,-4.000000,0.000000,-0.430000,1.000000
115.561996,58.000000,58.000000,0.280000,-2.000000,0.000000,0.000000,0.030000,1.000000
115.567001,68.000000,68.000000,0.290000,-2.000000,0.000000,0.000000,0.030000,1.000000
115.571999,66.000000,66.000000,0.150000,0.000000,0.000000,0.000000,0.960000,1.000000
115.577003,121.000000,121.000000,0.150000,0.000000,0.000000,0.000000,0.960000,1.000000
115.582001,108.000000,108.000000,0.030000,0.000000,2.000000,0.000000,1.420000,1.000000
115.586998,111.000000,111.000000,0.070000,0.000000,2.000000,0.000000,1.420000,1.000000
115.592003,82.000000,82.000000,0.170000,0.000000,2.000000,0.000000,1.890000,1.000000
115.597000,118.000000,118.000000,0.140000,0.000000,2.000000,0.000000,1.890000,1.000000
115.601997,119.000000,119.000000,0.120000,2.000000,2.000000,0.000000,1.890000,1.000000
115.607002,101.000000,101.000000,0.170000,2.000000,2.000000,0.000000,1.890000,1.000000
115.612000,74.000000,74.000000,0.250000,4.000000,2.000000,0.000000,2.350000,1.000000
115.616997,105.000000,105.000000,0.150000,4.000000,2.000000,0.000000,2.350000,1.000000
115.622002,85.000000,85.000000,0.130000,4.000000,4.000000,0.000000,2.820000,1.000000
115.626999,60.000000,60.000000,0.370000,4.000000,4.000000,0.000000,2.820000,1.000000
115.632004,15.000000,15.000000,0.590000,4.000000,4.000000,0.000000,3.290000,1.000000
115.637001,47.000000,47.000000,0.740000,4.000000,4.000000,0.000000,3.290000,1.000000
115.641998,50.000000,50.000000,0.860000,4.000000,4.000000,0.000000,3.300000,1.000000
115.647003,47.000000,47.000000,0.960000,4.000000,4.000000,0.000000,3.300000,1.000000
115.652000,38.000000,38.000000,1.050000,4.000000,4.000000,0.000000,3.300000,1.000000
115.656998,28.000000,28.000000,1.190000,4.000000,4.000000,0.000000,3.300000,1.000000
115.662003,19.000000,19.000000,1.300000,4.000000,6.000000,0.000000,3.300000,1.000000
115.667000,6.000000,6.000000,1.480000,4.000000,6.000000,0.000000,3.300000,1.000000
115.671997,0.000000,0.000000,1.640000,2.000000,4.000000,0.000000,3.770000,1.000000
115.677002,42.000000,42.000000,1.750000,2.000000,4.000000,0.000000,3.770000,1.000000
115.681999,54.000000,54.000000,1.790000,4.000000,2.000000,0.000000,2.850000,1.000000
115.686996,-9.000000,-9.000000,1.870000,4.000000,2.000000,0.000000,2.850000,1.000000
115.692001,-17.000000,-17.000000,1.960000,2.000000,2.000000,0.000000,2.850000,1.000000
115.696999,-17.000000,-17.000000,2.010000,2.000000,2.000000,0.000000,2.850000,1.000000
115.702003,-24.000000,-24.000000,2.010000,2.000000,2.000000,0.000000,2.390000,1.000000
115.707001,-88.000000,-88.000000,2.230000,2.000000,2.000000,0.000000,2.390000,1.000000
115.711998,-103.000000,-103.000000,2.370000,2.000000,2.000000,0.000000,2.400000,1.000000
115.717003,-96.000000,-96.000000,2.490000,2.000000,2.000000,0.000000,2.400000,1.000000
115.722000,-78.000000,-78.000000,2.570000,0.000000,0.000000,0.000000,2.400000,1.000000
115.726997,-44.000000,-44.000000,2.510000,0.000000,0.000000,0.000000,2.400000,1.000000
115.732002,-24.000000,-24.000000,2.500000,0.000000,0.000000,0.000000,1.470000,1.000000
115.737000,-92.000000,-92.000000,2.560000,0.000000,0.000000,0.000000,1.470000,1.000000
115.741997,-80.000000,-80.000000,2.530000,0.000000,-2.000000,0.000000,1.470000,1.000000
115.747002,-57.000000,-57.000000,2.440000,0.000000,-2.000000,0.000000,1.470000,1.000000
115.751999,-51.000000,-51.000000,2.440000,0.000000,0.000000,0.000000,1.010000,1.000000
115.757004,-85.000000,-85.000000,2.450000,0.000000,0.000000,0.000000,1.010000,1.000000
115.762001,-76.000000,-76.000000,2.390000,-2.000000,-2.000000,0.000000,1.470000,1.000000
115.766998,-32.000000,-32.000000,2.280000,-2.000000,-2.000000,0.000000,1.470000,1.000000
115.772003,-43.000000,-43.000000,2.380000,-2.000000,-2.000000,0.000000,0.540000,1.000000
115.777000,-98.000000,-98.000000,2.440000,-2.000000,-2.000000,0.000000,0.540000,1.000000
115.781998,-51.000000,-51.000000,2.310000,-4.000000,-4.000000,0.000000,0.540000,1.000000
115.787003,3.000000,3.000000,2.090000,-4.000000,-4.000000,0.000000,0.540000,1.000000
115.792000,19.000000,19.000000,2.000000,-2.000000,-4.000000,0.000000,-0.400000,1.000000
115.796997,-40.000000,-40.000000,1.910000,-2.000000,-4.000000,0.000000,-0.400000,1.000000
115.802002,-26.000000,-26.000000,1.760000,-2.000000,-4.000000,0.000000,0.060000,1.000000
115.806999,17.000000,17.000000,1.580000,-2.000000,-4.000000,0.000000,0.060000,1.000000
115.811996,19.000000,19.000000,1.480000,-2.000000,-4.000000,0.000000,0.060000,1.000000
115.817001,19.000000,19.000000,1.340000,-2.000000,-4.000000,0.000000,0.060000,1.000000
115.821999,22.000000,22.000000,1.250000,-4.000000,-2.000000,0.000000,0.060000,1.000000
115.827003,26.000000,26.000000,1.130000,-4.000000,-2.000000,0.000000,0.060000,1.000000
115.832001,29.000000,29.000000,1.020000,-2.000000,-2.000000,0.000000,0.050000,1.000000
115.836998,29.000000,29.000000,0.930000,-2.000000,-2.000000,0.000000,0.050000,1.000000
115.842003,26.000000,26.000000,0.810000,-2.000000,0.000000,0.000000,0.510000,1.000000
115.847000,50.000000,50.000000,0.780000,-2.000000,0.000000,0.000000,0.510000,1.000000
115.851997,45.000000,45.000000,0.710000,0.000000,0.000000,0.000000,0.980000,1.000000
115.857002,78.000000,78.000000,0.620000,0.000000,0.000000,0.000000,0.980000,1.000000
115.862000,69.000000,69.000000,0.520000,0.000000,0.000000,0.000000,1.440000,1.000000
115.866997,71.000000,71.000000,0.560000,0.000000,0.000000,0.000000,1.440000,1.000000
115.872002,42.000000,42.000000,0.630000,0.000000,0.000000,0.000000,1.440000,1.000000
115.876999,36.000000,36.000000,0.650000,0.000000,0.000000,0.000000,1.440000,1.000000
115.882004,34.000000,34.000000,0.680000,2.000000,2.000000,0.000000,1.440000,1.000000
115.887001,23.000000,23.000000,0.740000,2.000000,2.000000,0.000000,1.440000,1.000000
115.891998,11.000000,11.000000,0.770000,0.000000,0.000000,0.000000,2.370000,1.000000
115.897003,70.000000,70.000000,0.860000,0.000000,0.000000,0.000000,2.370000,1.000000
115.902000,72.000000,72.000000,0.870000,2.000000,2.000000,0.000000,1.440000,1.000000
115.906998,8.000000,8.000000,0.850000,2.000000,2.000000,0.000000,1.440000,1.000000
115.912003,-8.000000,-8.000000,0.920000,0.000000,0.000000,0.000000,2.370000,1.000000
115.917000,53.000000,53.000000,0.830000,0.000000,0.000000,0.000000,2.370000,1.000000
115.921997,35.000000,35.000000,0.850000,4.000000,2.000000,0.000000,1.450000,1.000000
115.927002,-71.000000,-71.000000,1.080000,4.000000,2.000000,0.000000,1.450000,1.000000
115.931999,-91.000000,-91.000000,1.220000,2.000000,2.000000,0.000000,2.840000,1.000000
115.936996,9.000000,9.000000,1.380000,2.000000,2.000000,0.000000,2.840000,1.000000
115.942001,21.000000,21.000000,1.360000,2.000000,2.000000,0.000000,2.380000,1.000000
115.946999,-18.000000,-18.000000,1.440000,2.000000,2.000000,0.000000,2.380000,1.000000
115.952003,-39.000000,-39.000000,1.600000,2.000000,2.000000,0.000000,2.380000,1.000000
115.957001,-44.000000,-44.000000,1.730000,2.000000,2.000000,0.000000,2.380000,1.000000
115.961998,-34.000000,-34.000000,1.750000,2.000000,2.000000,0.000000,2.380000,1.000000
115.967003,-34.000000,-34.000000,1.830000,2.000000,2.000000,0.000000,2.380000,1.000000
115.972000,-48.000000,-48.000000,1.930000,0.000000,0.000000,0.000000,2.390000,1.000000
115.976997,-48.000000,-48.000000,2.070000,0.000000,0.000000,0.000000,2.390000,1.000000
115.982002,-43.000000,-43.000000,2.150000,0.000000,0.000000,0.000000,1.460000,1.000000
115.987000,-43.000000,-43.000000,2.090000,0.000000,0.000000,0.000000,1.460000,1.000000
115.991997,-59.000000,-59.000000,2.100000,0.000000,0.000000,0.000000,1.460000,1.000000
115.997002,-59.000000,-59.000000,2.110000,0.000000,0.000000,0.000000,1.460000,1.000000
116.001999,-56.000000,-56.000000,2.090000,-2.000000,0.000000,0.000000,1.460000,1.000000
116.007004,-52.000000,-52.000000,2.060000,-2.000000,0.000000,0.000000,1.460000,1.000000
116.012001,-51.000000,-51.000000,2.070000,-2.000000,0.000000,0.000000,0.990000,1.000000
116.016998,-56.000000,-56.000000,2.100000,-2.000000,0.000000,40.000000,0.990000,1.000000
116.022003,-96.000000,-96.000000,2.090000,-2.000000,-2.000000,40.000000,0.990000,1.000000
116.027000,-94.000000,-94.000000,2.050000,-2.000000,-2.000000,40.000000,0.990000,1.000000
116.031998,-94.000000,-94.000000,2.110000,-2.000000,-2.000000,40.000000,-15.000000,1.000000
116.037003,-102.000000,-102.000000,2.230000,-2.000000,-2.000000,40.000000,-15.000000,1.000000
116.042000,-800.000000,-800.000000,2.300000,-2.000000,-2.000000,40.000000,-15.000000,1.000000
116.046997,-800.000000,-800.000000,2.240000,-2.000000,-2.000000,40.000000,-15.000000,1.000000
116.052002,-800.000000,-800.000000,2.210000,-2.000000,-4.000000,40.000000,-15.000000,1.000000
116.056999,-800.000000,-800.000000,2.360000,-2.000000,-4.000000,40.000000,-15.000000,1.000000
116.061996,-800.000000,-800.000000,2.560000,-10.000000,-10.000000,40.000000,-15.000000,1.000000
116.067001,-800.000000,-800.000000,2.600000,-10.000000,-10.000000,40.000000,-15.000000,1.000000
116.071999,-800.000000,-800.000000,2.190000,-16.000000,-18.000000,40.000000,-15.000000,1.000000
116.077003,-800.000000,-800.000000,1.810000,-16.000000,-18.000000,40.000000,-15.000000,1.000000
116.082001,-620.000000,-620.000000,1.200000,-22.000000,-22.000000,40.000000,-15.000000,1.000000
116.086998,-442.000000,-442.000000,0.690000,-22.000000,-22.000000,40.000000,-15.000000,1.000000
116.092003,-303.000000,-303.000000,-0.260000,-26.000000,-26.000000,40.000000,-15.000000,1.000000
116.097000,-105.000000,-105.000000,-1.030000,-26.000000,-26.000000,40.000000,-15.000000,1.000000
116.101997,75.000000,75.000000,-2.190000,-30.000000,-30.000000,40.000000,-15.000000,1.000000
116.107002,270.000000,270.000000,-3.280000,-30.000000,-30.000000,40.000000,-15.000000,1.000000
116.112000,416.000000,416.000000,-4.640000,-26.000000,-28.000000,40.000000,-15.000000,1.000000
116.116997,546.000000,546.000000,-6.200000,-26.000000,-28.000000,40.000000,-15.000000,1.000000
116.122002,672.000000,672.000000,-7.510000,-18.000000,-20.000000,40.000000,-15.000000,1.000000
116.126999,735.000000,735.000000,-9.240000,-18.000000,-20.000000,40.000000,-15.000000,1.000000
116.132004,782.000000,782.000000,-10.470000,-16.000000,-16.000000,40.000000,-15.000000,1.000000
116.137001,717.000000,717.000000,-11.420000,-16.000000,-16.000000,40.000000,-15.000000,1.000000
116.141998,602.000000,602.000000,-12.230000,-4.000000,-6.000000,40.000000,-15.000000,1.000000
116.147003,496.000000,496.000000,-13.050000,-4.000000,-6.000000,40.000000,-15.000000,1.000000
116.152000,404.000000,404.000000,-13.440000,2.000000,2.000000,40.000000,-15.000000,1.000000
116.156998,247.000000,247.000000,-13.730000,2.000000,2.000000,40.000000,-15.000000,1.000000
116.162003,92.000000,92.000000,-13.740000,10.000000,10.000000,40.000000,-15.000000,1.000000
116.167000,-47.000000,-47.000000,-13.560000,10.000000,10.000000,40.000000,-15.000000,1.000000
116.171997,-177.000000,-177.000000,-13.250000,10.000000,8.000000,40.000000,-13.380000,1.000000
116.177002,-287.000000,-287.000000,-12.770000,10.000000,8.000000,40.000000,-13.380000,1.000000
116.181999,-240.000000,-240.000000,-12.500000,8.000000,6.000000,40.000000,-13.880000,1.000000
116.186996,-229.000000,-229.000000,-12.310000,8.000000,6.000000,40.000000,-13.880000,1.000000
116.192001,-211.000000,-211.000000,-12.050000,6.000000,4.000000,40.000000,-14.850000,1.000000
116.196999,-165.000000,-165.000000,-11.720000,6.000000,4.000000,40.000000,-14.850000,1.000000
116.202003,-189.000000,-189.000000,-11.890000,2.000000,0.000000,40.000000,-15.000000,1.000000
116.207001,-68.000000,-68.000000,-12.000000,2.000000,0.000000,40.000000,-15.000000,1.000000
116.211998,34.000000,34.000000,-12.330000,0.000000,0.000000,40.000000,-15.000000,1.000000
116.217003,140.000000,140.000000,-12.660000,0.000000,0.000000,40.000000,-15.000000,1.000000
116.222000,238.000000,238.000000,-13.040000,-2.000000,-2.000000,40.000000,-15.000000,1.000000
116.226997,322.000000,322.000000,-13.660000,-2.000000,-2.000000,40.000000,-15.000000,1.000000
116.232002,427.000000,427.000000,-14.060000,0.000000,-2.000000,40.000000,-15.000000,1.000000
116.237000,502.000000,502.000000,-15.150000,0.000000,-2.000000,40.000000,-15.000000,1.000000
116.241997,614.000000,614.000000,-15.940000,6.000000,4.000000,40.000000,-15.000000,1.000000
116.247002,635.000000,635.000000,-16.330000,6.000000,4.000000,40.000000,-15.000000,1.000000
116.251999,527.000000,527.000000,-16.290001,4.000000,4.000000,40.000000,-15.000000,1.000000
116.257004,413.000000,413.000000,-16.639999,4.000000,4.000000,40.000000,-15.000000,1.000000
116.262001,423.000000,423.000000,-17.180000,14.000000,12.000000,40.000000,-15.000000,1.000000
116.266998,474.000000,474.000000,-17.850000,14.000000,12.000000,40.000000,-15.000000,1.000000
116.272003,488.000000,488.000000,-17.959999,16.000000,14.000000,40.000000,-12.420000,1.000000
116.277000,356.000000,356.000000,-17.840000,16.000000,14.000000,40.000000,-12.420000,1.000000
116.281998,399.000000,399.000000,-17.820000,22.000000,18.000000,40.000000,-11.520000,1.000000
116.287003,334.000000,334.000000,-17.559999,22.000000,18.000000,40.000000,-11.520000,1.000000
116.292000,347.000000,347.000000,-17.270000,18.000000,18.000000,40.000000,-9.230000,1.000000
116.296997,291.000000,291.000000,-17.299999,18.000000,18.000000,40.000000,-9.230000,1.000000
116.302002,440.000000,440.000000,-17.000000,22.000000,22.000000,40.000000,-10.180000,1.000000
116.306999,416.000000,416.000000,-16.850000,22.000000,22.000000,40.000000,-10.180000,1.000000
116.311996,327.000000,327.000000,-16.400000,20.000000,18.000000,40.000000,-8.350000,1.000000
116.317001,285.000000,285.000000,-16.420000,20.000000,18.000000,40.000000,-8.350000,1.000000
116.321999,446.000000,446.000000,-16.629999,26.000000,24.000000,40.000000,-9.760000,1.000000
116.327003,504.000000,504.000000,-16.469999,26.000000,24.000000,40.000000,-9.760000,1.000000
116.332001,375.000000,375.000000,-16.070000,22.000000,20.000000,40.000000,-7.000000,1.000000
116.336998,303.000000,303.000000,-15.960000,22.000000,20.000000,40.000000,-7.000000,1.000000
116.342003,485.000000,485.000000,-16.049999,26.000000,26.000000,40.000000,-8.880000,1.000000
116.347000,521.000000,521.000000,-15.940000,26.000000,26.000000,40.000000,-8.880000,1.000000
116.351997,369.000000,369.000000,-15.630000,24.000000,24.000000,40.000000,-6.570000,1.000000
116.357002,294.000000,294.000000,-15.360000,24.000000,24.000000,40.000000,-6.570000,1.000000
116.362000,413.000000,413.000000,-15.230000,30.000000,28.000000,40.000000,-7.520000,1.000000
116.366997,411.000000,411.000000,-14.980000,30.000000,28.000000,40.000000,-7.520000,1.000000
116.372002,312.000000,312.000000,-14.520000,28.000000,26.000000,40.000000,-5.220000,1.000000
116.376999,236.000000,236.000000,-14.240000,28.000000,26.000000,40.000000,-5.220000,1.000000
116.382004,363.000000,363.000000,-13.940000,30.000000,30.000000,40.000000,-6.160000,1.000000
116.387001,352.000000,352.000000,-13.610000,30.000000,30.000000,40.000000,-6.160000,1.000000
116.391998,279.000000,279.000000,-13.190000,28.000000,26.000000,40.000000,-4.780000,1.000000
116.397003,268.000000,268.000000,-13.200000,28.000000,26.000000,40.000000,-4.780000,1.000000
116.402000,416.000000,416.000000,-13.060000,30.000000,28.000000,40.000000,-6.190000,1.000000
116.406998,447.000000,447.000000,-12.930000,30.000000,28.000000,40.000000,-6.190000,1.000000
116.412003,341.000000,341.000000,-12.500000,26.000000,26.000000,40.000000,-5.270000,1.000000
116.417000,297.000000,297.000000,-12.630000,26.000000,26.000000,40.000000,-5.270000,1.000000
116.421997,409.000000,409.000000,-12.550000,32.000000,28.000000,40.000000,-6.680000,1.000000
116.427002,448.000000,448.000000,-12.520000,32.000000,28.000000,40.000000,-6.680000,1.000000
116.431999,364.000000,364.000000,-12.330000,28.000000,26.000000,40.000000,-4.840000,1.000000
116.436996,351.000000,351.000000,-12.360000,28.000000,26.000000,40.000000,-4.840000,1.000000
116.442001,487.000000,487.000000,-12.450000,32.000000,30.000000,40.000000,-6.240000,1.000000
116.446999,506.000000,506.000000,-12.310000,32.000000,30.000000,40.000000,-6.240000,1.000000
116.452003,379.000000,379.000000,-11.980000,28.000000,28.000000,40.000000,-4.400000,1.000000
116.457001,330.000000,330.000000,-12.000000,28.000000,28.000000,40.000000,-4.400000,1.000000
116.461998,476.000000,476.000000,-12.100000,34.000000,32.000000,40.000000,-5.810000,1.000000
116.467003,513.000000,513.000000,-12.030000,34.000000,32.000000,40.000000,-5.810000,1.000000
116.472000,407.000000,407.000000,-11.800000,30.000000,28.000000,40.000000,-3.500000,1.000000
116.476997,362.000000,362.000000,-11.730000,30.000000,28.000000,40.000000,-3.500000,1.000000
116.482002,508.000000,508.000000,-11.760000,34.000000,32.000000,40.000000,-5.360000,1.000000
116.487000,522.000000,522.000000,-11.520000,34.000000,32.000000,40.000000,-5.360000,1.000000
116.491997,370.000000,370.000000,-11.260000,32.000000,30.000000,40.000000,-3.520000,1.000000
116.497002,344.000000,344.000000,-11.220000,32.000000,30.000000,40.000000,-3.520000,1.000000
116.501999,483.000000,483.000000,-11.270000,36.000000,36.000000,40.000000,-4.460000,1.000000
116.507004,516.000000,516.000000,-11.210000,36.000000,36.000000,40.000000,-4.460000,1.000000
116.512001,449.000000,449.000000,-10.980000,32.000000,32.000000,40.000000,-2.140000,1.000000
116.516998,407.000000,407.000000,-10.950000,32.000000,32.000000,40.000000,-2.140000,1.000000
116.522003,573.000000,573.000000,-10.920000,36.000000,36.000000,40.000000,-4.010000,1.000000
116.527000,594.000000,594.000000,-10.860000,36.000000,36.000000,40.000000,-4.010000,1.000000
116.531998,474.000000,474.000000,-10.690000,34.000000,34.000000,40.000000,-2.160000,1.000000
116.537003,459.000000,459.000000,-10.720000,34.000000,34.000000,40.000000,-2.160000,1.000000
116.542000,608.000000,608.000000,-10.970000,38.000000,36.000000,40.000000,-3.090000,1.000000
116.546997,654.000000,654.000000,-10.960000,38.000000,36.000000,40.000000,-3.090000,1.000000
116.552002,585.000000,585.000000,-10.690000,36.000000,34.000000,40.000000,-1.700000,1.000000
116.556999,529.000000,529.000000,-10.640000,36.000000,34.000000,40.000000,-1.700000,1.000000
116.561996,606.000000,606.000000,-10.660000,40.000000,38.000000,40.000000,-2.640000,1.000000
116.567001,630.000000,630.000000,-10.870000,40.000000,38.000000,40.000000,-2.640000,1.000000
116.571999,599.000000,599.000000,-10.770000,38.000000,38.000000,40.000000,-0.780000,1.000000
116.577003,563.000000,563.000000,-10.710000,38.000000,38.000000,40.000000,-0.780000,1.000000
116.582001,653.000000,653.000000,-10.610000,44.000000,42.000000,40.000000,-1.250000,1.000000
116.586998,631.000000,631.000000,-10.500000,44.000000,42.000000,40.000000,-1.250000,1.000000
116.592003,584.000000,584.000000,-10.180000,40.000000,38.000000,40.000000,1.070000,1.000000
116.597000,544.000000,544.000000,-10.130000,40.000000,38.000000,40.000000,1.070000,1.000000
116.601997,700.000000,700.000000,-10.120000,42.000000,42.000000,40.000000,-0.780000,1.000000
116.607002,717.000000,717.000000,-10.060000,42.000000,42.000000,40.000000,-0.780000,1.000000
116.612000,582.000000,582.000000,-9.800000,42.000000,40.000000,40.000000,0.610000,1.000000
116.616997,550.000000,550.000000,-9.700000,42.000000,40.000000,40.000000,0.610000,1.000000
116.622002,646.000000,646.000000,-9.730000,44.000000,44.000000,40.000000,0.150000,1.000000
116.626999,675.000000,675.000000,-9.970000,44.000000,44.000000,40.000000,0.150000,1.000000
116.632004,672.000000,672.000000,-9.690000,44.000000,44.000000,40.000000,1.550000,1.000000
116.637001,612.000000,612.000000,-9.640000,44.000000,44.000000,40.000000,1.550000,1.000000
116.641998,681.000000,681.000000,-9.470000,46.000000,46.000000,40.000000,1.550000,1.000000
116.647003,675.000000,675.000000,-9.680000,46.000000,46.000000,40.000000,1.550000,1.000000
116.652000,699.000000,699.000000,-9.500000,46.000000,44.000000,40.000000,2.490000,1.000000
116.656998,663.000000,663.000000,-9.450000,46.000000,44.000000,40.000000,2.490000,1.000000
116.662003,693.000000,693.000000,-9.330000,48.000000,48.000000,40.000000,2.030000,1.000000
116.667000,712.000000,712.000000,-9.310000,48.000000,48.000000,40.000000,2.030000,1.000000
116.671997,701.000000,701.000000,-9.100000,46.000000,46.000000,40.000000,3.430000,1.000000
116.677002,699.000000,699.000000,-9.060000,46.000000,46.000000,40.000000,3.430000,1.000000
116.681999,796.000000,796.000000,-9.130000,48.000000,48.000000,40.000000,2.510000,1.000000
116.686996,817.000000,817.000000,-9.120000,48.000000,48.000000,40.000000,2.510000,1.000000
116.692001,753.000000,753.000000,-8.950000,48.000000,46.000000,40.000000,3.450000,1.000000
116.696999,719.000000,719.000000,-8.970000,48.000000,46.000000,40.000000,3.450000,1.000000
116.702003,779.000000,779.000000,-8.900000,50.000000,50.000000,40.000000,2.990000,1.000000
116.707001,774.000000,774.000000,-8.920000,50.000000,50.000000,40.000000,2.990000,1.000000
116.711998,743.000000,743.000000,-8.680000,52.000000,50.000000,40.000000,4.390000,1.000000
116.717003,705.000000,705.000000,-8.680000,52.000000,50.000000,40.000000,4.390000,1.000000
116.722000,789.000000,789.000000,-8.450000,52.000000,52.000000,40.000000,4.870000,1.000000
116.726997,752.000000,752.000000,-8.270000,52.000000,52.000000,40.000000,4.870000,1.000000
116.732002,752.000000,752.000000,-7.890000,52.000000,52.000000,40.000000,5.350000,1.000000
116.737000,714.000000,714.000000,-7.780000,52.000000,52.000000,40.000000,5.350000,1.000000
116.741997,746.000000,746.000000,-7.720000,52.000000,54.000000,40.000000,5.360000,1.000000
116.747002,764.000000,764.000000,-7.640000,52.000000,54.000000,40.000000,5.360000,1.000000
116.751999,760.000000,760.000000,-7.250000,52.000000,54.000000,40.000000,5.840000,1.000000
116.757004,724.000000,724.000000,-7.240000,52.000000,54.000000,40.000000,5.840000,1.000000
116.762001,781.000000,781.000000,-7.120000,52.000000,54.000000,40.000000,5.860000,1.000000
116.766998,808.000000,808.000000,-7.140000,52.000000,54.000000,40.000000,5.860000,1.000000
116.772003,818.000000,818.000000,-6.870000,52.000000,54.000000,40.000000,5.870000,1.000000
116.777000,793.000000,793.000000,-6.870000,52.000000,54.000000,40.000000,5.870000,1.000000
116.781998,812.000000,812.000000,-6.880000,52.000000,56.000000,40.000000,5.890000,1.000000
116.787003,840.000000,840.000000,-6.910000,52.000000,56.000000,40.000000,5.890000,1.000000
116.792000,843.000000,843.000000,-6.660000,52.000000,56.000000,40.000000,6.370000,1.000000
116.796997,813.000000,813.000000,-6.630000,52.000000,56.000000,40.000000,6.370000,1.000000
116.802002,842.000000,842.000000,-6.560000,52.000000,56.000000,40.000000,6.390000,1.000000
116.806999,852.000000,852.000000,-6.560000,52.000000,56.000000,40.000000,6.390000,1.000000
116.811996,857.000000,857.000000,-6.320000,52.000000,58.000000,40.000000,6.400000,1.000000
116.817001,834.000000,834.000000,-6.390000,52.000000,58.000000,40.000000,6.400000,1.000000
116.821999,851.000000,851.000000,-6.310000,52.000000,58.000000,40.000000,6.890000,1.000000
116.827003,852.000000,852.000000,-6.290000,52.000000,58.000000,40.000000,6.890000,1.000000
116.832001,877.000000,877.000000,-6.030000,52.000000,60.000000,40.000000,6.900000,1.000000
116.836998,849.000000,849.000000,-6.020000,52.000000,60.000000,40.000000,6.900000,1.000000
116.842003,855.000000,855.000000,-5.940000,52.000000,60.000000,40.000000,7.390000,1.000000
116.847000,867.000000,867.000000,-6.030000,52.000000,60.000000,40.000000,7.390000,1.000000
116.851997,900.000000,900.000000,-5.870000,52.000000,60.000000,40.000000,7.410000,1.000000
116.857002,888.000000,888.000000,-5.910000,52.000000,60.000000,40.000000,7.410000,1.000000
116.862000,887.000000,887.000000,-5.860000,54.000000,62.000000,40.000000,7.420000,1.000000
116.866997,898.000000,898.000000,-5.970000,54.000000,62.000000,40.000000,7.420000,1.000000
116.872002,900.000000,900.000000,-5.910000,54.000000,62.000000,40.000000,8.370000,1.000000
116.876999,899.000000,899.000000,-5.920000,54.000000,62.000000,40.000000,8.370000,1.000000
116.882004,900.000000,900.000000,-5.880000,56.000000,62.000000,40.000000,8.400000,1.000000
116.887001,900.000000,900.000000,-5.980000,56.000000,62.000000,40.000000,8.400000,1.000000
116.891998,900.000000,900.000000,-5.920000,54.000000,62.000000,40.000000,8.880000,1.000000
116.897003,900.000000,900.000000,-5.860000,54.000000,62.000000,40.000000,8.880000,1.000000
116.902000,900.000000,900.000000,-5.800000,56.000000,62.000000,40.000000,8.440000,1.000000
116.906998,900.000000,900.000000,-5.870000,56.000000,62.000000,40.000000,8.440000,1.000000
116.912003,900.000000,900.000000,-5.840000,56.000000,64.000000,40.000000,8.930000,1.000000
116.917000,900.000000,900.000000,-5.840000,56.000000,64.000000,40.000000,8.930000,1.000000
116.921997,900.000000,900.000000,-5.800000,56.000000,64.000000,40.000000,9.410000,1.000000
116.927002,900.000000,900.000000,-5.810000,56.000000,64.000000,40.000000,9.410000,1.000000
116.931999,900.000000,900.000000,-5.740000,56.000000,66.000000,40.000000,9.440000,1.000000
116.936996,900.000000,900.000000,-5.710000,56.000000,66.000000,40.000000,9.440000,1.000000
116.942001,900.000000,900.000000,-5.660000,58.000000,64.000000,40.000000,9.930000,1.000000
116.946999,900.000000,900.000000,-5.780000,58.000000,64.000000,40.000000,9.930000,1.000000
116.952003,900.000000,900.000000,-5.680000,56.000000,66.000000,40.000000,9.950000,1.000000
116.957001,900.000000,900.000000,-5.700000,56.000000,66.000000,40.000000,9.950000,1.000000
116.961998,900.000000,900.000000,-5.660000,58.000000,66.000000,40.000000,9.980000,1.000000
116.967003,900.000000,900.000000,-5.710000,58.000000,66.000000,40.000000,9.980000,1.000000
116.972000,900.000000,900.000000,-5.620000,58.000000,66.000000,40.000000,10.470000,1.000000
116.976997,900.000000,900.000000,-5.580000,58.000000,66.000000,40.000000,10.470000,1.000000
116.982002,900.000000,900.000000,-5.570000,58.000000,66.000000,40.000000,10.490000,1.000000
116.987000,900.000000,900.000000,-5.590000,58.000000,66.000000,40.000000,10.490000,1.000000
116.991997,900.000000,900.000000,-5.470000,58.000000,66.000000,40.000000,10.520000,1.000000
116.997002,900.000000,900.000000,-5.460000,58.000000,66.000000,40.000000,10.520000,1.000000
117.001999,900.000000,900.000000,-5.350000,58.000000,68.000000,40.000000,10.550000,1.000000
117.007004,900.000000,900.000000,-5.510000,58.000000,68.000000,40.000000,10.550000,1.000000
117.012001,900.000000,900.000000,-5.400000,60.000000,66.000000,40.000000,11.040000,1.000000
117.016998,900.000000,900.000000,-5.490000,60.000000,66.000000,40.000000,11.040000,1.000000
117.022003,900.000000,900.000000,-5.530000,58.000000,68.000000,40.000000,11.070000,1.000000
117.027000,900.000000,900.000000,-5.610000,58.000000,68.000000,40.000000,11.070000,1.000000
117.031998,900.000000,900.000000,-5.550000,60.000000,66.000000,40.000000,11.090000,1.000000
117.037003,900.000000,900.000000,-5.510000,60.000000,66.000000,40.000000,11.090000,1.000000
117.042000,900.000000,900.000000,-5.390000,60.000000,68.000000,40.000000,11.120000,1.000000
117.046997,900.000000,900.000000,-5.380000,60.000000,68.000000,40.000000,11.120000,1.000000
117.052002,900.000000,900.000000,-5.170000,60.000000,66.000000,40.000000,11.610000,1.000000
117.056999,900.000000,900.000000,-5.190000,60.000000,66.000000,40.000000,11.610000,1.000000
117.061996,900.000000,900.000000,-5.200000,60.000000,68.000000,40.000000,11.180000,1.000000
117.067001,900.000000,900.000000,-5.370000,60.000000,68.000000,40.000000,11.180000,1.000000
117.071999,900.000000,900.000000,-5.360000,58.000000,68.000000,40.000000,11.670000,1.000000
117.077003,900.000000,900.000000,-5.430000,58.000000,68.000000,40.000000,11.670000,1.000000
117.082001,900.000000,900.000000,-5.380000,60.000000,68.000000,40.000000,11.230000,1.000000
117.086998,900.000000,900.000000,-5.500000,60.000000,68.000000,40.000000,11.230000,1.000000
117.092003,900.000000,900.000000,-5.550000,60.000000,68.000000,40.000000,11.730000,1.000000
117.097000,900.000000,900.000000,-5.700000,60.000000,68.000000,40.000000,11.730000,1.000000
117.101997,900.000000,900.000000,-5.730000,60.000000,70.000000,40.000000,11.760000,1.000000
117.107002,900.000000,900.000000,-5.950000,60.000000,70.000000,40.000000,11.760000,1.000000
117.112000,900.000000,900.000000,-6.040000,60.000000,68.000000,40.000000,12.250000,1.000000
117.116997,900.000000,900.000000,-6.250000,60.000000,68.000000,40.000000,12.250000,1.000000
117.122002,900.000000,900.000000,-6.300000,58.000000,68.000000,40.000000,11.810000,1.000000
117.126999,900.000000,900.000000,-6.480000,58.000000,68.000000,40.000000,11.810000,1.000000
117.132004,900.000000,900.000000,-6.580000,60.000000,68.000000,40.000000,11.380000,1.000000
117.137001,900.000000,900.000000,-6.720000,60.000000,68.000000,40.000000,11.380000,1.000000
117.141998,900.000000,900.000000,-6.940000,60.000000,68.000000,40.000000,11.870000,1.000000
117.147003,900.000000,900.000000,-7.150000,60.000000,68.000000,40.000000,11.870000,1.000000
117.152000,900.000000,900.000000,-7.200000,60.000000,70.000000,40.000000,11.900000,1.000000
117.156998,900.000000,900.000000,-7.540000,60.000000,70.000000,40.000000,11.900000,1.000000
117.162003,900.000000,900.000000,-7.690000,60.000000,68.000000,40.000000,12.390000,1.000000
117.167000,900.000000,900.000000,-8.080000,60.000000,68.000000,40.000000,12.390000,1.000000
117.171997,900.000000,900.000000,-8.260000,60.000000,70.000000,40.000000,11.960000,1.000000
117.177002,900.000000,900.000000,-8.550000,60.000000,70.000000,40.000000,11.960000,1.000000
117.181999,900.000000,900.000000,-8.680000,60.000000,68.000000,40.000000,12.450000,1.000000
117.186996,900.000000,900.000000,-8.940000,60.000000,68.000000,40.000000,12.450000,1.000000
117.192001,900.000000,900.000000,-9.150000,60.000000,70.000000,40.000000,12.020000,1.000000
117.196999,900.000000,900.000000,-9.490000,60.000000,70.000000,40.000000,12.020000,1.000000
117.202003,900.000000,900.000000,-9.810000,60.000000,68.000000,40.000000,12.510000,1.000000
117.207001,900.000000,900.000000,-10.330000,60.000000,68.000000,40.000000,12.510000,1.000000
117.211998,900.000000,900.000000,-10.610000,60.000000,68.000000,40.000000,12.080000,1.000000
117.217003,900.000000,900.000000,-11.130000,60.000000,68.000000,40.000000,12.080000,1.000000
117.222000,900.000000,900.000000,-11.570000,58.000000,68.000000,40.000000,12.100000,1.000000
117.226997,900.000000,900.000000,-12.160000,58.000000,68.000000,40.000000,12.100000,1.000000
117.232002,900.000000,900.000000,-12.530000,58.000000,70.000000,40.000000,11.670000,1.000000
117.237000,900.000000,900.000000,-13.090000,58.000000,70.000000,40.000000,11.670000,1.000000
117.241997,900.000000,900.000000,-13.540000,60.000000,68.000000,40.000000,12.160000,1.000000
117.247002,900.000000,900.000000,-14.080000,60.000000,68.000000,40.000000,12.160000,1.000000
117.251999,900.000000,900.000000,-14.510000,60.000000,68.000000,40.000000,12.190000,1.000000
117.257004,900.000000,900.000000,-15.120000,60.000000,68.000000,40.000000,12.190000,1.000000
117.262001,900.000000,900.000000,-15.710000,60.000000,70.000000,40.000000,12.220000,1.000000
117.266998,900.000000,900.000000,-16.480000,60.000000,70.000000,40.000000,12.220000,1.000000
117.272003,900.000000,900.000000,-17.120001,58.000000,68.000000,40.000000,12.710000,1.000000
117.277000,900.000000,900.000000,-17.799999,58.000000,68.000000,40.000000,12.710000,1.000000
117.281998,900.000000,900.000000,-18.440001,60.000000,68.000000,40.000000,11.810000,1.000000
117.287003,900.000000,900.000000,-19.270000,60.000000,68.000000,40.000000,11.810000,1.000000
117.292000,900.000000,900.000000,-19.820000,60.000000,68.000000,40.000000,12.300000,1.000000
117.296997,900.000000,900.000000,-20.570000,60.000000,68.000000,40.000000,12.300000,1.000000
117.302002,900.000000,900.000000,-21.280001,60.000000,68.000000,40.000000,12.330000,1.000000
117.306999,900.000000,900.000000,-22.170000,60.000000,68.000000,40.000000,12.330000,1.000000
117.311996,900.000000,900.000000,-23.010000,60.000000,68.000000,40.000000,12.360000,1.000000
117.317001,900.000000,900.000000,-23.940001,60.000000,68.000000,40.000000,12.360000,1.000000
117.321999,900.000000,900.000000,-24.900000,60.000000,68.000000,40.000000,12.390000,1.000000
117.327003,900.000000,900.000000,-25.680000,60.000000,68.000000,40.000000,12.390000,1.000000
117.332001,900.000000,900.000000,-26.340000,58.000000,68.000000,40.000000,12.420000,1.000000
117.336998,900.000000,900.000000,-27.230000,58.000000,68.000000,40.000000,12.420000,1.000000
117.342003,900.000000,900.000000,-28.100000,60.000000,68.000000,40.000000,11.980000,1.000000
117.347000,900.000000,900.000000,-29.000000,60.000000,68.000000,40.000000,11.980000,1.000000
117.351997,900.000000,900.000000,-30.000000,60.000000,68.000000,40.000000,12.480000,1.000000
117.357002,900.000000,900.000000,-31.070000,60.000000,68.000000,40.000000,12.480000,1.000000
117.362000,900.000000,900.000000,-32.099998,60.000000,68.000000,40.000000,12.510000,1.000000
117.366997,900.000000,900.000000,-33.490002,60.000000,68.000000,40.000000,12.510000,1.000000
117.372002,900.000000,900.000000,-34.459999,60.000000,68.000000,40.000000,12.530000,1.000000
117.376999,900.000000,900.000000,-35.869999,60.000000,68.000000,40.000000,12.530000,1.000000
117.382004,900.000000,900.000000,-37.180000,60.000000,68.000000,40.000000,12.560000,1.000000
117.387001,900.000000,900.000000,-38.349998,60.000000,68.000000,40.000000,12.560000,1.000000
117.391998,900.000000,900.000000,-39.310001,60.000000,68.000000,40.000000,12.590000,1.000000
117.397003,900.000000,900.000000,-40.410000,60.000000,68.000000,40.000000,12.590000,1.000000
117.402000,900.000000,900.000000,-41.689999,60.000000,70.000000,40.000000,12.620000,1.000000
117.406998,900.000000,900.000000,-42.790001,60.000000,70.000000,40.000000,12.620000,1.000000
117.412003,900.000000,900.000000,-43.610001,58.000000,68.000000,40.000000,13.110000,1.000000
117.417000,900.000000,900.000000,-44.599998,58.000000,68.000000,40.000000,13.110000,1.000000
117.421997,900.000000,900.000000,-46.020000,58.000000,68.000000,40.000000,12.210000,1.000000
117.427002,900.000000,900.000000,-47.590000,58.000000,68.000000,40.000000,12.210000,1.000000
117.431999,900.000000,900.000000,-48.790001,60.000000,68.000000,40.000000,12.240000,1.000000
117.436996,900.000000,900.000000,-49.000000,60.000000,68.000000,40.000000,12.240000,1.000000
117.442001,900.000000,900.000000,-49.049999,58.000000,68.000000,40.000000,12.730000,1.000000
117.446999,900.000000,900.000000,-48.689999,58.000000,68.000000,40.000000,12.730000,1.000000
117.452003,900.000000,900.000000,-47.810001,58.000000,68.000000,40.000000,12.300000,1.000000
117.457001,900.000000,900.000000,-47.310001,58.000000,68.000000,40.000000,12.300000,1.000000
117.461998,900.000000,900.000000,-47.150002,60.000000,68.000000,40.000000,12.330000,1.000000
117.467003,900.000000,900.000000,-46.740002,60.000000,68.000000,40.000000,12.330000,1.000000
117.472000,900.000000,900.000000,-45.540001,60.000000,68.000000,40.000000,12.820000,1.000000
117.476997,900.000000,900.000000,-45.480000,60.000000,68.000000,40.000000,12.820000,1.000000
117.482002,900.000000,900.000000,-45.560001,60.000000,70.000000,40.000000,12.850000,1.000000
117.487000,900.000000,900.000000,-45.750000,60.000000,70.000000,40.000000,12.850000,1.000000
117.491997,900.000000,900.000000,-46.200001,60.000000,68.000000,40.000000,13.340000,1.000000
117.497002,900.000000,900.000000,-46.000000,60.000000,68.000000,40.000000,13.340000,1.000000
117.501999,900.000000,900.000000,-45.950001,62.000000,70.000000,40.000000,12.910000,1.000000
117.507004,900.000000,900.000000,-45.240002,62.000000,70.000000,40.000000,12.910000,1.000000
117.512001,900.000000,900.000000,-44.470001,62.000000,70.000000,40.000000,13.860000,1.000000
117.516998,900.000000,900.000000,-44.009998,62.000000,70.000000,40.000000,13.860000,1.000000
117.522003,900.000000,900.000000,-44.240002,62.000000,70.000000,40.000000,13.900000,1.000000
117.527000,900.000000,900.000000,-44.509998,62.000000,70.000000,40.000000,13.900000,1.000000
117.531998,900.000000,900.000000,-44.770000,60.000000,70.000000,40.000000,13.930000,1.000000
117.537003,900.000000,900.000000,-44.959999,60.000000,70.000000,40.000000,13.930000,1.000000
117.542000,900.000000,900.000000,-44.750000,62.000000,70.000000,40.000000,13.490000,1.000000
117.546997,900.000000,900.000000,-44.080002,62.000000,70.000000,40.000000,13.490000,1.000000
117.552002,900.000000,900.000000,-43.830002,62.000000,68.000000,40.000000,13.990000,1.000000
117.556999,900.000000,900.000000,-43.709999,62.000000,68.000000,40.000000,13.990000,1.000000
117.561996,900.000000,900.000000,-43.880001,60.000000,70.000000,40.000000,13.550000,1.000000
117.567001,900.000000,900.000000,-43.959999,60.000000,70.000000,40.000000,13.550000,1.000000
117.571999,900.000000,900.000000,-43.919998,62.000000,70.000000,40.000000,13.580000,1.000000
117.577003,900.000000,900.000000,-43.910000,62.000000,70.000000,40.000000,13.580000,1.000000
117.582001,900.000000,900.000000,-44.090000,60.000000,70.000000,40.000000,14.080000,1.000000
117.586998,900.000000,900.000000,-44.570000,60.000000,70.000000,40.000000,14.080000,1.000000
117.592003,900.000000,900.000000,-44.799999,60.000000,68.000000,40.000000,13.650000,1.000000
117.597000,900.000000,900.000000,-44.919998,60.000000,68.000000,40.000000,13.650000,1.000000
117.601997,900.000000,900.000000,-45.189999,58.000000,70.000000,40.000000,13.210000,1.000000
117.607002,900.000000,900.000000,-45.330002,58.000000,70.000000,40.000000,13.210000,1.000000
117.612000,900.000000,900.000000,-45.560001,60.000000,68.000000,40.000000,13.240000,1.000000
117.616997,900.000000,900.000000,-45.740002,60.000000,68.000000,40.000000,13.240000,1.000000
117.622002,900.000000,900.000000,-45.980000,60.000000,68.000000,40.000000,13.270000,1.000000
117.626999,900.000000,900.000000,-46.259998,60.000000,68.000000,40.000000,13.270000,1.000000
117.632004,900.000000,900.000000,-46.259998,60.000000,70.000000,40.000000,13.300000,1.000000
117.637001,900.000000,900.000000,-46.410000,60.000000,70.000000,40.000000,13.300000,1.000000
117.641998,900.000000,900.000000,-46.580002,60.000000,70.000000,40.000000,13.790000,1.000000
117.647003,900.000000,900.000000,-46.799999,60.000000,70.000000,40.000000,13.790000,1.000000
117.652000,900.000000,900.000000,-46.910000,60.000000,68.000000,40.000000,13.820000,1.000000
117.656998,900.000000,900.000000,-47.049999,60.000000,68.000000,40.000000,13.820000,1.000000
117.662003,900.000000,900.000000,-47.060001,62.000000,68.000000,40.000000,13.390000,1.000000
117.667000,900.000000,900.000000,-47.200001,62.000000,68.000000,40.000000,13.390000,1.000000
117.671997,900.000000,900.000000,-47.259998,60.000000,68.000000,40.000000,13.880000,1.000000
117.677002,900.000000,900.000000,-47.490002,60.000000,68.000000,40.000000,13.880000,1.000000
117.681999,900.000000,900.000000,-47.700001,60.000000,68.000000,40.000000,13.440000,1.000000
117.686996,900.000000,900.000000,-47.860001,60.000000,68.000000,40.000000,13.440000,1.000000
117.692001,900.000000,900.000000,-47.849998,60.000000,70.000000,40.000000,13.470000,1.000000
117.696999,900.000000,900.000000,-47.900002,60.000000,70.000000,40.000000,13.470000,1.000000
117.702003,900.000000,900.000000,-48.060001,60.000000,70.000000,40.000000,13.970000,1.000000
117.707001,900.000000,900.000000,-48.139999,60.000000,70.000000,40.000000,13.970000,1.000000
117.711998,900.000000,900.000000,-48.020000,62.000000,70.000000,40.000000,14.000000,1.000000
117.717003,900.000000,900.000000,-48.130001,62.000000,70.000000,40.000000,14.000000,1.000000
117.722000,900.000000,900.000000,-48.209999,60.000000,70.000000,40.000000,14.490000,1.000000
117.726997,900.000000,900.000000,-48.419998,60.000000,70.000000,40.000000,14.490000,1.000000
117.732002,900.000000,900.000000,-48.560001,60.000000,68.000000,40.000000,14.060000,1.000000
117.737000,900.000000,900.000000,-48.709999,60.000000,68.000000,40.000000,14.060000,1.000000
117.741997,900.000000,900.000000,-48.830002,60.000000,70.000000,40.000000,13.620000,1.000000
117.747002,900.000000,900.000000,-48.990002,60.000000,70.000000,40.000000,13.620000,1.000000
117.751999,900.000000,900.000000,-48.959999,60.000000,70.000000,40.000000,14.120000,1.000000
117.757004,900.000000,900.000000,-48.860001,60.000000,70.000000,40.000000,14.120000,1.000000
117.762001,900.000000,900.000000,-48.889999,60.000000,68.000000,40.000000,14.150000,1.000000
117.766998,900.000000,900.000000,-49.080002,60.000000,68.000000,40.000000,14.150000,1.000000
117.772003,900.000000,900.000000,-49.060001,60.000000,70.000000,40.000000,13.710000,1.000000
117.777000,900.000000,900.000000,-49.169998,60.000000,70.000000,40.000000,13.710000,1.000000
117.781998,900.000000,900.000000,-49.290001,60.000000,68.000000,40.000000,14.210000,1.000000
117.787003,900.000000,900.000000,-49.459999,60.000000,68.000000,40.000000,14.210000,1.000000
117.792000,900.000000,900.000000,-49.509998,60.000000,68.000000,40.000000,13.770000,1.000000
117.796997,900.000000,900.000000,-49.560001,60.000000,68.000000,40.000000,13.770000,1.000000
117.802002,900.000000,900.000000,-49.680000,60.000000,68.000000,40.000000,13.800000,1.000000
117.806999,900.000000,900.000000,-49.900002,60.000000,68.000000,40.000000,13.800000,1.000000
117.811996,900.000000,900.000000,-49.860001,60.000000,68.000000,40.000000,13.830000,1.000000
117.817001,900.000000,900.000000,-49.869999,60.000000,68.000000,40.000000,13.830000,1.000000
117.821999,900.000000,900.000000,-50.000000,60.000000,68.000000,40.000000,13.860000,1.000000
117.827003,900.000000,900.000000,-50.119999,60.000000,68.000000,40.000000,13.860000,1.000000
117.832001,900.000000,900.000000,-50.110001,60.000000,68.000000,40.000000,13.890000,1.000000
117.836998,900.000000,900.000000,-50.189999,60.000000,68.000000,40.000000,13.890000,1.000000
117.842003,900.000000,900.000000,-50.299999,60.000000,68.000000,40.000000,13.920000,1.000000
117.847000,900.000000,900.000000,-50.470001,60.000000,68.000000,40.000000,13.920000,1.000000
117.851997,900.000000,900.000000,-50.540001,60.000000,68.000000,40.000000,13.940000,1.000000
117.857002,900.000000,900.000000,-50.619999,60.000000,68.000000,40.000000,13.940000,1.000000
117.862000,900.000000,900.000000,-50.669998,60.000000,68.000000,40.000000,13.970000,1.000000
117.866997,900.000000,900.000000,-50.779999,60.000000,68.000000,40.000000,13.970000,1.000000
117.872002,900.000000,900.000000,-50.750000,60.000000,68.000000,40.000000,14.000000,1.000000
117.876999,900.000000,900.000000,-50.730000,60.000000,68.000000,40.000000,14.000000,1.000000
117.882004,900.000000,900.000000,-50.810001,60.000000,68.000000,40.000000,14.030000,1.000000
117.887001,900.000000,900.000000,-51.009998,60.000000,68.000000,40.000000,14.030000,1.000000
117.891998,900.000000,900.000000,-50.950001,60.000000,68.000000,40.000000,14.060000,1.000000
117.897003,900.000000,900.000000,-50.990002,60.000000,68.000000,40.000000,14.060000,1.000000
117.902000,900.000000,900.000000,-51.189999,60.000000,68.000000,40.000000,14.090000,1.000000
117.906998,900.000000,900.000000,-51.250000,60.000000,68.000000,40.000000,14.090000,1.000000
117.912003,900.000000,900.000000,-51.189999,60.000000,70.000000,40.000000,14.120000,1.000000
117.917000,900.000000,900.000000,-51.259998,60.000000,70.000000,40.000000,14.120000,1.000000
117.921997,900.000000,900.000000,-51.369999,60.000000,70.000000,40.000000,14.610000,1.000000
117.927002,900.000000,900.000000,-51.500000,60.000000,70.000000,40.000000,14.610000,1.000000
117.931999,900.000000,900.000000,-51.500000,60.000000,70.000000,40.000000,14.640000,1.000000
117.936996,900.000000,900.000000,-51.509998,60.000000,70.000000,40.000000,14.640000,1.000000
117.942001,900.000000,900.000000,-51.540001,60.000000,70.000000,40.000000,14.670000,1.000000
117.946999,900.000000,900.000000,-51.619999,60.000000,70.000000,40.000000,14.670000,1.000000
117.952003,900.000000,900.000000,-51.599998,60.000000,68.000000,40.000000,14.700000,1.000000
117.957001,900.000000,900.000000,-51.700001,60.000000,68.000000,40.000000,14.700000,1.000000
117.961998,900.000000,900.000000,-51.869999,60.000000,70.000000,40.000000,14.270000,1.000000
117.967003,900.000000,900.000000,-51.880001,60.000000,70.000000,40.000000,14.270000,1.000000
117.972000,900.000000,900.000000,-51.840000,60.000000,68.000000,40.000000,14.760000,1.000000
117.976997,900.000000,900.000000,-52.020000,60.000000,68.000000,40.000000,14.760000,1.000000
117.982002,900.000000,900.000000,-52.130001,60.000000,70.000000,40.000000,14.320000,1.000000
117.987000,900.000000,900.000000,-52.150002,60.000000,70.000000,40.000000,14.320000,1.000000
117.991997,900.000000,900.000000,-52.180000,58.000000,68.000000,40.000000,14.820000,1.000000
117.997002,900.000000,900.000000,-52.320000,58.000000,68.000000,40.000000,14.820000,1.000000
118.001999,900.000000,900.000000,-52.439999,60.000000,68.000000,40.000000,13.920000,1.000000
118.007004,900.000000,900.000000,-52.700001,60.000000,68.000000,40.000000,13.920000,1.000000
118.012001,900.000000,900.000000,-52.779999,60.000000,70.000000,40.000000,14.410000,1.000000
118.016998,900.000000,900.000000,-52.840000,60.000000,70.000000,40.000000,14.410000,1.000000
118.022003,900.000000,900.000000,-52.950001,58.000000,68.000000,40.000000,14.900000,1.000000
118.027000,900.000000,900.000000,-53.040001,58.000000,68.000000,40.000000,14.900000,1.000000
118.031998,900.000000,900.000000,-53.099998,60.000000,70.000000,40.000000,14.000000,1.000000
118.037003,900.000000,900.000000,-53.270000,60.000000,70.000000,40.000000,14.000000,1.000000
118.042000,900.000000,900.000000,-53.380001,60.000000,68.000000,40.000000,14.960000,1.000000
118.046997,900.000000,900.000000,-53.509998,60.000000,68.000000,40.000000,14.960000,1.000000
118.052002,900.000000,900.000000,-53.419998,60.000000,70.000000,40.000000,14.530000,1.000000
118.056999,900.000000,900.000000,-53.330002,60.000000,70.000000,40.000000,14.530000,1.000000
118.061996,900.000000,900.000000,-53.470001,60.000000,70.000000,40.000000,15.000000,1.000000
118.067001,900.000000,900.000000,-53.580002,60.000000,70.000000,40.000000,15.000000,1.000000
118.071999,900.000000,900.000000,-53.610001,58.000000,70.000000,40.000000,15.000000,1.000000
118.077003,900.000000,900.000000,-53.660000,58.000000,70.000000,40.000000,15.000000,1.000000
118.082001,900.000000,900.000000,-53.750000,60.000000,68.000000,40.000000,14.620000,1.000000
118.086998,900.000000,900.000000,-53.869999,60.000000,68.000000,40.000000,14.620000,1.000000
118.092003,900.000000,900.000000,-53.880001,60.000000,70.000000,40.000000,14.640000,1.000000
118.097000,900.000000,900.000000,-53.970001,60.000000,70.000000,40.000000,14.640000,1.000000
118.101997,900.000000,900.000000,-54.130001,60.000000,68.000000,40.000000,15.000000,1.000000
118.107002,900.000000,900.000000,-54.200001,60.000000,68.000000,40.000000,15.000000,1.000000
118.112000,900.000000,900.000000,-54.070000,60.000000,68.000000,40.000000,14.700000,1.000000
118.116997,900.000000,900.000000,-54.049999,60.000000,68.000000,40.000000,14.700000,1.000000
118.122002,900.000000,900.000000,-54.130001,60.000000,68.000000,40.000000,14.730000,1.000000
118.126999,900.000000,900.000000,-54.209999,60.000000,68.000000,40.000000,14.730000,1.000000
118.132004,900.000000,900.000000,-54.200001,60.000000,68.000000,40.000000,14.760000,1.000000
118.137001,900.000000,900.000000,-54.200001,60.000000,68.000000,40.000000,14.760000,1.000000
118.141998,900.000000,900.000000,-54.209999,60.000000,70.000000,40.000000,14.790000,1.000000
118.147003,900.000000,900.000000,-54.240002,60.000000,70.000000,40.000000,14.790000,1.000000
118.152000,900.000000,900.000000,-54.209999,62.000000,68.000000,40.000000,15.000000,1.000000
118.156998,900.000000,900.000000,-54.209999,62.000000,68.000000,40.000000,15.000000,1.000000
118.162003,900.000000,900.000000,-54.250000,62.000000,70.000000,40.000000,15.000000,1.000000
118.167000,900.000000,900.000000,-54.400002,62.000000,70.000000,40.000000,15.000000,1.000000
118.171997,900.000000,900.000000,-54.410000,60.000000,68.000000,40.000000,15.000000,1.000000
118.177002,900.000000,900.000000,-54.299999,60.000000,68.000000,40.000000,15.000000,1.000000
118.181999,900.000000,900.000000,-54.270000,60.000000,70.000000,40.000000,14.910000,1.000000
118.186996,900.000000,900.000000,-54.259998,60.000000,70.000000,40.000000,14.910000,1.000000
118.192001,900.000000,900.000000,-54.220001,58.000000,68.000000,40.000000,15.000000,1.000000
118.196999,900.000000,900.000000,-54.310001,58.000000,68.000000,40.000000,15.000000,1.000000
118.202003,900.000000,900.000000,-54.439999,60.000000,70.000000,40.000000,14.500000,1.000000
118.207001,900.000000,900.000000,-54.599998,60.000000,70.000000,40.000000,14.500000,1.000000
118.211998,900.000000,900.000000,-54.740002,60.000000,70.000000,40.000000,15.000000,1.000000
118.217003,900.000000,900.000000,-54.919998,60.000000,70.000000,40.000000,15.000000,1.000000
118.222000,900.000000,900.000000,-55.000000,60.000000,70.000000,40.000000,15.000000,0.000000
118.226997,900.000000,900.000000,-55.049999,60.000000,70.000000,40.000000,15.000000,0.000000
118.232002,900.000000,900.000000,-55.070000,60.000000,70.000000,40.000000,15.000000,0.000000
118.237000,0.000000,0.000000,-55.070000,60.000000,70.000000,40.000000,15.000000,0.000000
118.241997,0.000000,0.000000,-55.080002,60.000000,70.000000,40.000000,11.630000,0.000000
118.247002,0.000000,0.000000,-55.209999,60.000000,70.000000,40.000000,11.630000,0.000000
118.251999,0.000000,0.000000,-55.230000,60.000000,70.000000,40.000000,11.630000,0.000000
118.257004,0.000000,0.000000,-55.209999,60.000000,70.000000,40.000000,11.630000,0.000000
118.262001,0.000000,0.000000,-55.169998,60.000000,68.000000,40.000000,11.630000,0.000000
118.266998,0.000000,0.000000,-55.270000,60.000000,68.000000,40.000000,11.630000,0.000000
118.272003,0.000000,0.000000,-55.340000,58.000000,66.000000,40.000000,11.160000,0.000000
118.277000,0.000000,0.000000,-55.529999,58.000000,66.000000,40.000000,11.160000,0.000000
118.281998,0.000000,0.000000,-55.650002,58.000000,66.000000,40.000000,10.230000,0.000000
118.287003,0.000000,0.000000,-55.639999,58.000000,66.000000,40.000000,10.230000,0.000000
118.292000,0.000000,0.000000,-55.669998,58.000000,66.000000,40.000000,10.230000,0.000000
118.296997,0.000000,0.000000,-55.639999,58.000000,66.000000,40.000000,10.230000,0.000000
118.302002,0.000000,0.000000,-55.709999,56.000000,64.000000,40.000000,10.230000,0.000000
118.306999,0.000000,0.000000,-55.860001,56.000000,64.000000,40.000000,10.230000,0.000000
118.311996,0.000000,0.000000,-55.970001,56.000000,64.000000,40.000000,9.300000,0.000000
118.317001,0.000000,0.000000,-56.000000,56.000000,64.000000,40.000000,9.300000,0.000000
118.321999,0.000000,0.000000,-56.029999,54.000000,64.000000,40.000000,9.300000,0.000000
118.327003,0.000000,0.000000,-56.090000,54.000000,64.000000,40.000000,9.300000,0.000000
118.332001,0.000000,0.000000,-56.080002,54.000000,64.000000,40.000000,8.840000,0.000000
118.336998,0.000000,0.000000,-56.139999,54.000000,64.000000,40.000000,8.840000,0.000000
118.342003,0.000000,0.000000,-56.220001,54.000000,62.000000,40.000000,8.840000,0.000000
118.347000,0.000000,0.000000,-56.270000,54.000000,62.000000,40.000000,8.840000,0.000000
118.351997,0.000000,0.000000,-56.230000,54.000000,62.000000,40.000000,8.370000,0.000000
118.357002,0.000000,0.000000,-56.349998,54.000000,62.000000,40.000000,8.370000,0.000000
118.362000,0.000000,0.000000,-56.459999,52.000000,60.000000,40.000000,8.370000,0.000000
118.366997,0.000000,0.000000,-56.529999,52.000000,60.000000,40.000000,8.370000,0.000000
118.372002,0.000000,0.000000,-56.669998,50.000000,60.000000,40.000000,7.440000,0.000000
118.376999,0.000000,0.000000,-56.810001,50.000000,60.000000,40.000000,7.440000,0.000000
118.382004,0.000000,0.000000,-56.900002,50.000000,60.000000,40.000000,6.980000,0.000000
118.387001,0.000000,0.000000,-56.900002,50.000000,60.000000,40.000000,6.980000,0.000000
118.391998,0.000000,0.000000,-56.980000,48.000000,58.000000,40.000000,6.980000,0.000000
118.397003,0.000000,0.000000,-57.099998,48.000000,58.000000,40.000000,6.980000,0.000000
118.402000,0.000000,0.000000,-57.090000,50.000000,58.000000,40.000000,6.050000,0.000000
118.406998,0.000000,0.000000,-57.139999,50.000000,58.000000,40.000000,6.050000,0.000000
118.412003,0.000000,0.000000,-57.189999,48.000000,58.000000,40.000000,6.510000,0.000000
118.417000,0.000000,0.000000,-57.299999,48.000000,58.000000,40.000000,6.510000,0.000000
118.421997,0.000000,0.000000,-57.180000,48.000000,56.000000,40.000000,6.050000,0.000000
118.427002,0.000000,0.000000,-57.160000,48.000000,56.000000,40.000000,6.050000,0.000000
118.431999,0.000000,0.000000,-57.169998,48.000000,56.000000,40.000000,5.580000,0.000000
118.436996,0.000000,0.000000,-57.209999,48.000000,56.000000,40.000000,5.580000,0.000000
118.442001,0.000000,0.000000,-57.189999,46.000000,54.000000,40.000000,5.580000,0.000000
118.446999,0.000000,0.000000,-57.310001,46.000000,54.000000,40.000000,5.580000,0.000000
118.452003,0.000000,0.000000,-57.349998,46.000000,54.000000,40.000000,4.650000,0.000000
118.457001,0.000000,0.000000,-57.330002,46.000000,54.000000,40.000000,4.650000,0.000000
118.461998,0.000000,0.000000,-57.340000,44.000000,54.000000,40.000000,4.650000,0.000000
118.467003,0.000000,0.000000,-57.410000,44.000000,54.000000,40.000000,4.650000,0.000000
118.472000,0.000000,0.000000,-57.570000,44.000000,54.000000,40.000000,4.190000,0.000000
118.476997,0.000000,0.000000,-57.680000,44.000000,54.000000,40.000000,4.190000,0.000000
118.482002,0.000000,0.000000,-57.799999,44.000000,52.000000,40.000000,4.190000,0.000000
118.487000,0.000000,0.000000,-57.919998,44.000000,52.000000,40.000000,4.190000,0.000000
118.491997,0.000000,0.000000,-57.959999,44.000000,52.000000,40.000000,3.720000,0.000000
118.497002,0.000000,0.000000,-57.980000,44.000000,52.000000,40.000000,3.720000,0.000000
118.501999,0.000000,0.000000,-57.990002,42.000000,50.000000,40.000000,3.720000,0.000000
118.507004,0.000000,0.000000,-58.110001,42.000000,50.000000,40.000000,3.720000,0.000000
118.512001,0.000000,0.000000,-58.240002,40.000000,50.000000,40.000000,2.790000,0.000000
118.516998,0.000000,0.000000,-58.299999,40.000000,50.000000,40.000000,2.790000,0.000000
118.522003,0.000000,0.000000,-58.410000,42.000000,48.000000,40.000000,2.330000,0.000000
118.527000,0.000000,0.000000,-58.439999,42.000000,48.000000,40.000000,2.330000,0.000000
118.531998,0.000000,0.000000,-58.500000,42.000000,50.000000,40.000000,2.330000,0.000000
118.537003,0.000000,0.000000,-58.619999,42.000000,50.000000,40.000000,2.330000,0.000000
118.542000,0.000000,0.000000,-58.689999,40.000000,48.000000,40.000000,2.790000,0.000000
118.546997,0.000000,0.000000,-58.720001,40.000000,48.000000,40.000000,2.790000,0.000000
118.552002,0.000000,0.000000,-58.720001,40.000000,48.000000,40.000000,1.860000,0.000000
118.556999,0.000000,0.000000,-58.730000,40.000000,48.000000,40.000000,1.860000,0.000000
118.561996,0.000000,0.000000,-58.799999,38.000000,48.000000,40.000000,1.860000,0.000000
118.567001,0.000000,0.000000,-58.889999,38.000000,48.000000,40.000000,1.860000,0.000000
118.571999,0.000000,0.000000,-58.959999,38.000000,46.000000,40.000000,1.400000,0.000000
118.577003,0.000000,0.000000,-59.020000,38.000000,46.000000,40.000000,1.400000,0.000000
118.582001,0.000000,0.000000,-58.990002,38.000000,46.000000,40.000000,0.930000,0.000000
118.586998,0.000000,0.000000,-59.000000,38.000000,46.000000,40.000000,0.930000,0.000000
118.592003,0.000000,0.000000,-58.990002,36.000000,46.000000,40.000000,0.930000,0.000000
118.597000,0.000000,0.000000,-59.060001,36.000000,46.000000,40.000000,0.930000,0.000000
118.601997,0.000000,0.000000,-59.119999,36.000000,46.000000,40.000000,0.470000,0.000000
118.607002,0.000000,0.000000,-59.209999,36.000000,46.000000,40.000000,0.470000,0.000000
118.612000,0.000000,0.000000,-59.349998,36.000000,44.000000,40.000000,0.470000,0.000000
118.616997,0.000000,0.000000,-59.480000,36.000000,44.000000,40.000000,0.470000,0.000000
118.622002,0.000000,0.000000,-59.520000,34.000000,42.000000,40.000000,0.000000,0.000000
118.626999,0.000000,0.000000,-59.619999,34.000000,42.000000,40.000000,0.000000,0.000000
118.632004,0.000000,0.000000,-59.619999,34.000000,42.000000,40.000000,-0.930000,0.000000
118.637001,0.000000,0.000000,-59.599998,34.000000,42.000000,40.000000,-0.930000,0.000000
118.641998,0.000000,0.000000,-59.700001,34.000000,44.000000,40.000000,-0.930000,0.000000
118.647003,0.000000,0.000000,-59.779999,34.000000,44.000000,40.000000,-0.930000,0.000000
118.652000,0.000000,0.000000,-59.849998,34.000000,42.000000,40.000000,-0.470000,0.000000
118.656998,0.000000,0.000000,-59.939999,34.000000,42.000000,40.000000,-0.470000,0.000000
118.662003,0.000000,0.000000,-59.900002,32.000000,42.000000,40.000000,-0.930000,0.000000
118.667000,0.000000,0.000000,-59.830002,32.000000,42.000000,40.000000,-0.930000,0.000000
118.671997,0.000000,0.000000,-59.820000,32.000000,42.000000,40.000000,-1.400000,0.000000
118.677002,0.000000,0.000000,-59.889999,32.000000,42.000000,40.000000,-1.400000,0.000000
118.681999,0.000000,0.000000,-59.970001,32.000000,40.000000,40.000000,-1.400000,0.000000
118.686996,0.000000,0.000000,-59.939999,32.000000,40.000000,40.000000,-1.400000,0.000000
118.692001,0.000000,0.000000,-59.990002,30.000000,38.000000,40.000000,-1.860000,0.000000
118.696999,0.000000,0.000000,-59.930000,30.000000,38.000000,40.000000,-1.860000,0.000000
118.702003,0.000000,0.000000,-59.950001,30.000000,38.000000,40.000000,-2.790000,0.000000
118.707001,0.000000,0.000000,-60.060001,30.000000,38.000000,40.000000,-2.790000,0.000000
118.711998,0.000000,0.000000,-60.110001,32.000000,38.000000,40.000000,-2.790000,0.000000
118.717003,0.000000,0.000000,-60.099998,32.000000,38.000000,40.000000,-2.790000,0.000000
118.722000,0.000000,0.000000,-60.150002,30.000000,38.000000,40.000000,-2.330000,0.000000
118.726997,0.000000,0.000000,-60.169998,30.000000,38.000000,40.000000,-2.330000,0.000000
118.732002,0.000000,0.000000,-60.209999,30.000000,38.000000,40.000000,-2.790000,0.000000
118.737000,0.000000,0.000000,-60.330002,30.000000,38.000000,40.000000,-2.790000,0.000000
118.741997,0.000000,0.000000,-60.369999,30.000000,38.000000,40.000000,-2.790000,0.000000
118.747002,0.000000,0.000000,-60.389999,30.000000,38.000000,40.000000,-2.790000,0.000000
118.751999,0.000000,0.000000,-60.360001,28.000000,36.000000,40.000000,-2.790000,0.000000
118.757004,0.000000,0.000000,-60.369999,28.000000,36.000000,40.000000,-2.790000,0.000000
118.762001,0.000000,0.000000,-60.380001,28.000000,36.000000,40.000000,-3.720000,0.000000
118.766998,0.000000,0.000000,-60.340000,28.000000,36.000000,40.000000,-3.720000,0.000000
118.772003,0.000000,0.000000,-60.349998,26.000000,36.000000,40.000000,-3.720000,0.000000
118.777000,0.000000,0.000000,-60.369999,26.000000,36.000000,40.000000,-3.720000,0.000000
118.781998,0.000000,0.000000,-60.410000,26.000000,34.000000,40.000000,-4.190000,0.000000
118.787003,0.000000,0.000000,-60.439999,26.000000,34.000000,40.000000,-4.190000,0.000000
118.792000,0.000000,0.000000,-60.430000,26.000000,34.000000,40.000000,-4.650000,0.000000
118.796997,0.000000,0.000000,-60.439999,26.000000,34.000000,40.000000,-4.650000,0.000000
118.802002,0.000000,0.000000,-60.450001,26.000000,32.000000,40.000000,-4.650000,0.000000
118.806999,0.000000,0.000000,-60.470001,26.000000,32.000000,40.000000,-4.650000,0.000000
118.811996,0.000000,0.000000,-60.529999,24.000000,34.000000,40.000000,-5.120000,0.000000
118.817001,0.000000,0.000000,-60.500000,24.000000,34.000000,40.000000,-5.120000,0.000000
118.821999,0.000000,0.000000,-60.570000,24.000000,32.000000,40.000000,-5.120000,0.000000
118.827003,0.000000,0.000000,-60.529999,24.000000,32.000000,40.000000,-5.120000,0.000000
118.832001,0.000000,0.000000,-60.580002,24.000000,34.000000,40.000000,-5.580000,0.000000
118.836998,0.000000,0.000000,-60.680000,24.000000,34.000000,40.000000,-5.580000,0.000000
118.842003,0.000000,0.000000,-60.720001,24.000000,32.000000,40.000000,-5.120000,0.000000
118.847000,0.000000,0.000000,-60.750000,24.000000,32.000000,40.000000,-5.120000,0.000000
118.851997,0.000000,0.000000,-60.730000,22.000000,30.000000,40.000000,-5.580000,0.000000
118.857002,0.000000,0.000000,-60.740002,22.000000,30.000000,40.000000,-5.580000,0.000000
118.862000,0.000000,0.000000,-60.750000,24.000000,30.000000,40.000000,-6.510000,0.000000
118.866997,0.000000,0.000000,-60.790001,24.000000,30.000000,40.000000,-6.510000,0.000000
118.872002,0.000000,0.000000,-60.820000,22.000000,30.000000,40.000000,-6.050000,0.000000
118.876999,0.000000,0.000000,-60.880001,22.000000,30.000000,40.000000,-6.050000,0.000000
118.882004,0.000000,0.000000,-60.900002,24.000000,30.000000,40.000000,-6.510000,0.000000
118.887001,0.000000,0.000000,-60.840000,24.000000,30.000000,40.000000,-6.510000,0.000000
118.891998,0.000000,0.000000,-60.799999,22.000000,30.000000,40.000000,-6.050000,0.000000
118.897003,0.000000,0.000000,-60.730000,22.000000,30.000000,40.000000,-6.050000,0.000000
118.902000,0.000000,0.000000,-60.720001,22.000000,30.000000,40.000000,-6.510000,0.000000
118.906998,0.000000,0.000000,-60.790001,22.000000,30.000000,40.000000,-6.510000,0.000000
118.912003,0.000000,0.000000,-60.790001,20.000000,28.000000,40.000000,-6.510000,0.000000
118.917000,0.000000,0.000000,-60.810001,20.000000,28.000000,40.000000,-6.510000,0.000000
118.921997,0.000000,0.000000,-60.840000,20.000000,28.000000,40.000000,-7.440000,0.000000
118.927002,0.000000,0.000000,-60.830002,20.000000,28.000000,40.000000,-7.440000,0.000000
118.931999,0.000000,0.000000,-60.860001,20.000000,26.000000,40.000000,-7.440000,0.000000
118.936996,0.000000,0.000000,-60.900002,20.000000,26.000000,40.000000,-7.440000,0.000000
118.942001,0.000000,0.000000,-60.990002,20.000000,26.000000,40.000000,-7.910000,0.000000
118.946999,0.000000,0.000000,-61.020000,20.000000,26.000000,40.000000,-7.910000,0.000000
118.952003,0.000000,0.000000,-61.080002,18.000000,26.000000,40.000000,-7.910000,0.000000
118.957001,0.000000,0.000000,-61.130001,18.000000,26.000000,40.000000,-7.910000,0.000000
118.961998,0.000000,0.000000,-61.200001,20.000000,24.000000,40.000000,-8.370000,0.000000
118.967003,0.000000,0.000000,-61.200001,20.000000,24.000000,40.000000,-8.370000,0.000000
118.972000,0.000000,0.000000,-61.209999,18.000000,24.000000,40.000000,-8.370000,0.000000
118.976997,0.000000,0.000000,-61.240002,18.000000,24.000000,40.000000,-8.370000,0.000000
118.982002,0.000000,0.000000,-61.270000,18.000000,24.000000,40.000000,-8.840000,0.000000
118.987000,0.000000,0.000000,-61.279999,18.000000,24.000000,40.000000,-8.840000,0.000000
118.991997,0.000000,0.000000,-61.369999,16.000000,24.000000,40.000000,-8.840000,0.000000
118.997002,0.000000,0.000000,-61.419998,16.000000,24.000000,40.000000,-8.840000,0.000000
119.001999,0.000000,0.000000,-61.430000,16.000000,24.000000,40.000000,-9.300000,0.000000
119.007004,0.000000,0.000000,-61.410000,16.000000,24.000000,40.000000,-9.300000,0.000000
119.012001,0.000000,0.000000,-61.369999,16.000000,24.000000,40.000000,-9.300000,0.000000
119.016998,0.000000,0.000000,-61.330002,16.000000,24.000000,40.000000,-9.300000,0.000000
119.022003,0.000000,0.000000,-61.360001,16.000000,22.000000,40.000000,-9.300000,0.000000
119.027000,0.000000,0.000000,-61.369999,16.000000,22.000000,40.000000,-9.300000,0.000000
119.031998,0.000000,0.000000,-61.369999,16.000000,22.000000,40.000000,-9.770000,0.000000
119.037003,0.000000,0.000000,-61.340000,16.000000,22.000000,40.000000,-9.770000,0.000000
119.042000,0.000000,0.000000,-61.349998,14.000000,22.000000,40.000000,-9.770000,0.000000
119.046997,0.000000,0.000000,-61.340000,14.000000,22.000000,40.000000,-9.770000,0.000000
119.052002,0.000000,0.000000,-61.270000,16.000000,20.000000,40.000000,-10.230000,0.000000
119.056999,0.000000,0.000000,-61.250000,16.000000,20.000000,40.000000,-10.230000,0.000000
119.061996,0.000000,0.000000,-61.209999,14.000000,22.000000,40.000000,-10.230000,0.000000
119.067001,0.000000,0.000000,-61.209999,14.000000,22.000000,40.000000,-10.230000,0.000000
119.071999,0.000000,0.000000,-61.200001,14.000000,20.000000,40.000000,-10.230000,0.000000
119.077003,0.000000,0.000000,-61.250000,14.000000,20.000000,40.000000,-10.230000,0.000000
119.082001,0.000000,0.000000,-61.290001,12.000000,20.000000,40.000000,-10.700000,0.000000
119.086998,0.000000,0.000000,-61.310001,12.000000,20.000000,40.000000,-10.700000,0.000000
119.092003,0.000000,0.000000,-61.330002,14.000000,20.000000,40.000000,-11.160000,0.000000
119.097000,0.000000,0.000000,-61.330002,14.000000,20.000000,40.000000,-11.160000,0.000000
119.101997,0.000000,0.000000,-61.320000,14.000000,20.000000,40.000000,-10.700000,0.000000
119.107002,0.000000,0.000000,-61.320000,14.000000,20.000000,40.000000,-10.700000,0.000000
119.112000,0.000000,0.000000,-61.330002,14.000000,20.000000,40.000000,-10.700000,0.000000
119.116997,0.000000,0.000000,-61.380001,14.000000,20.000000,40.000000,-10.700000,0.000000
119.122002,0.000000,0.000000,-61.430000,12.000000,18.000000,40.000000,-10.700000,0.000000
119.126999,0.000000,0.000000,-61.439999,12.000000,18.000000,40.000000,-10.700000,0.000000
119.132004,0.000000,0.000000,-61.480000,12.000000,18.000000,40.000000,-11.630000,0.000000
119.137001,0.000000,0.000000,-61.500000,12.000000,18.000000,40.000000,-11.630000,0.000000
119.141998,0.000000,0.000000,-61.549999,12.000000,18.000000,40.000000,-11.630000,0.000000
119.147003,0.000000,0.000000,-61.590000,12.000000,18.000000,40.000000,-11.630000,0.000000
119.152000,0.000000,0.000000,-61.540001,12.000000,16.000000,40.000000,-11.630000,0.000000
119.156998,0.000000,0.000000,-61.570000,12.000000,16.000000,40.000000,-11.630000,0.000000
119.162003,0.000000,0.000000,-61.560001,12.000000,16.000000,40.000000,-12.090000,0.000000
119.167000,0.000000,0.000000,-61.580002,12.000000,16.000000,40.000000,-12.090000,0.000000
119.171997,0.000000,0.000000,-61.570000,10.000000,16.000000,40.000000,-12.090000,0.000000
119.177002,0.000000,0.000000,-61.619999,10.000000,16.000000,40.000000,-12.090000,0.000000
119.181999,0.000000,0.000000,-61.650002,10.000000,16.000000,40.000000,-12.560000,0.000000
119.186996,0.000000,0.000000,-61.669998,10.000000,16.000000,40.000000,-12.560000,0.000000
119.192001,0.000000,0.000000,-61.709999,10.000000,14.000000,40.000000,-12.560000,0.000000
119.196999,0.000000,0.000000,-61.709999,10.000000,14.000000,40.000000,-12.560000,0.000000
119.202003,0.000000,0.000000,-61.709999,10.000000,14.000000,40.000000,-13.020000,0.000000
119.207001,0.000000,0.000000,-61.720001,10.000000,14.000000,40.000000,-13.020000,0.000000
119.211998,0.000000,0.000000,-61.700001,10.000000,14.000000,40.000000,-13.020000,0.000000
119.217003,0.000000,0.000000,-61.700001,10.000000,14.000000,40.000000,-13.020000,0.000000
119.222000,0.000000,0.000000,-61.730000,10.000000,14.000000,40.000000,-13.020000,0.000000
119.226997,0.000000,0.000000,-61.759998,10.000000,14.000000,40.000000,-13.020000,0.000000
119.232002,0.000000,0.000000,-61.770000,8.000000,12.000000,40.000000,-13.020000,0.000000
119.237000,0.000000,0.000000,-61.779999,8.000000,12.000000,40.000000,-13.020000,0.000000
119.241997,0.000000,0.000000,-61.770000,8.000000,12.000000,40.000000,-13.950000,0.000000
119.247002,0.000000,0.000000,-61.790001,8.000000,12.000000,40.000000,-13.950000,0.000000
119.251999,0.000000,0.000000,-61.799999,8.000000,12.000000,40.000000,-13.950000,0.000000
119.257004,0.000000,0.000000,-61.830002,8.000000,12.000000,40.000000,-13.950000,0.000000
119.262001,0.000000,0.000000,-61.860001,6.000000,14.000000,40.000000,-13.950000,0.000000
119.266998,0.000000,0.000000,-61.900002,6.000000,14.000000,40.000000,-13.950000,0.000000
119.272003,0.000000,0.000000,-61.889999,8.000000,12.000000,40.000000,-13.950000,0.000000
119.277000,0.000000,0.000000,-61.880001,8.000000,12.000000,40.000000,-13.950000,0.000000
119.281998,0.000000,0.000000,-61.900002,6.000000,12.000000,40.000000,-13.950000,0.000000
119.287003,0.000000,0.000000,-61.910000,6.000000,12.000000,40.000000,-13.950000,0.000000
119.292000,0.000000,0.000000,-61.939999,6.000000,10.000000,40.000000,-14.420000,0.000000
119.296997,0.000000,0.000000,-61.950001,6.000000,10.000000,40.000000,-14.420000,0.000000
119.302002,0.000000,0.000000,-61.930000,6.000000,10.000000,40.000000,-14.880000,0.000000
119.306999,0.000000,0.000000,-61.930000,6.000000,10.000000,40.000000,-14.880000,0.000000
119.311996,0.000000,0.000000,-61.930000,6.000000,10.000000,40.000000,-14.880000,0.000000
119.317001,0.000000,0.000000,-61.919998,6.000000,10.000000,40.000000,-14.880000,0.000000
119.321999,0.000000,0.000000,-61.860001,6.000000,10.000000,40.000000,-14.880000,0.000000
119.327003,0.000000,0.000000,-61.840000,6.000000,10.000000,40.000000,-14.880000,0.000000
119.332001,0.000000,0.000000,-61.849998,6.000000,10.000000,40.000000,-14.880000,0.000000
119.336998,0.000000,0.000000,-61.849998,6.000000,10.000000,40.000000,-14.880000,0.000000
119.342003,0.000000,0.000000,-61.820000,6.000000,10.000000,40.000000,-14.880000,0.000000
119.347000,0.000000,0.000000,-61.830002,6.000000,10.000000,40.000000,-14.880000,0.000000
119.351997,0.000000,0.000000,-61.840000,6.000000,10.000000,40.000000,-14.880000,0.000000
119.357002,0.000000,0.000000,-61.840000,6.000000,10.000000,40.000000,-14.880000,0.000000
119.362000,0.000000,0.000000,-61.869999,4.000000,8.000000,40.000000,-14.880000,0.000000
119.366997,0.000000,0.000000,-61.919998,4.000000,8.000000,40.000000,-14.880000,0.000000
119.372002,0.000000,0.000000,-61.980000,4.000000,8.000000,40.000000,-15.000000,0.000000
119.376999,0.000000,0.000000,-62.009998,4.000000,8.000000,40.000000,-15.000000,0.000000
119.382004,0.000000,0.000000,-62.009998,4.000000,8.000000,40.000000,-15.000000,0.000000
119.387001,0.000000,0.000000,-62.009998,4.000000,8.000000,40.000000,-15.000000,0.000000
119.391998,0.000000,0.000000,-61.990002,4.000000,6.000000,40.000000,-15.000000,0.000000
119.397003,0.000000,0.000000,-61.959999,4.000000,6.000000,40.000000,-15.000000,0.000000
119.402000,0.000000,0.000000,-61.959999,4.000000,8.000000,40.000000,-15.000000,0.000000
119.406998,0.000000,0.000000,-61.959999,4.000000,8.000000,40.000000,-15.000000,0.000000
119.412003,0.000000,0.000000,-61.959999,2.000000,6.000000,40.000000,-15.000000,0.000000
119.417000,0.000000,0.000000,-61.970001,2.000000,6.000000,40.000000,-15.000000,0.000000
119.421997,0.000000,0.000000,-61.970001,4.000000,6.000000,40.000000,-15.000000,0.000000
119.427002,0.000000,0.000000,-61.970001,4.000000,6.000000,40.000000,-15.000000,0.000000
119.431999,0.000000,0.000000,-61.970001,2.000000,6.000000,40.000000,-15.000000,0.000000
119.436996,0.000000,0.000000,-61.959999,2.000000,6.000000,40.000000,-15.000000,0.000000
119.442001,0.000000,0.000000,-61.959999,2.000000,6.000000,40.000000,-15.000000,0.000000
119.446999,0.000000,0.000000,-61.980000,2.000000,6.000000,40.000000,-15.000000,0.000000
119.452003,0.000000,0.000000,-61.980000,2.000000,4.000000,40.000000,-15.000000,0.000000
119.457001,0.000000,0.000000,-61.970001,2.000000,4.000000,40.000000,-15.000000,0.000000
119.461998,0.000000,0.000000,-61.970001,2.000000,4.000000,40.000000,-15.000000,0.000000
119.467003,0.000000,0.000000,-61.959999,2.000000,4.000000,40.000000,-15.000000,0.000000
119.472000,0.000000,0.000000,-61.950001,2.000000,4.000000,40.000000,-15.000000,0.000000
119.476997,0.000000,0.000000,-61.950001,2.000000,4.000000,40.000000,-15.000000,0.000000
119.482002,0.000000,0.000000,-61.930000,0.000000,6.000000,40.000000,-15.000000,0.000000
119.487000,0.000000,0.000000,-61.939999,0.000000,6.000000,40.000000,-15.000000,0.000000
119.491997,0.000000,0.000000,-61.950001,0.000000,4.000000,40.000000,-15.000000,0.000000
119.497002,0.000000,0.000000,-61.959999,0.000000,4.000000,40.000000,-15.000000,0.000000
119.501999,0.000000,0.000000,-61.959999,2.000000,2.000000,40.000000,-15.000000,0.000000
119.507004,0.000000,0.000000,-61.939999,2.000000,2.000000,40.000000,-15.000000,0.000000
119.512001,0.000000,0.000000,-61.939999,0.000000,2.000000,40.000000,-15.000000,0.000000
119.516998,0.000000,0.000000,-61.930000,0.000000,2.000000,40.000000,-15.000000,0.000000
119.522003,0.000000,0.000000,-61.930000,0.000000,2.000000,40.000000,-15.000000,0.000000
119.527000,0.000000,0.000000,-61.930000,0.000000,2.000000,40.000000,-15.000000,0.000000
119.531998,0.000000,0.000000,-61.959999,0.000000,2.000000,40.000000,-15.000000,0.000000
119.537003,0.000000,0.000000,-61.970001,0.000000,2.000000,40.000000,-15.000000,0.000000
119.542000,0.000000,0.000000,-61.970001,0.000000,2.000000,40.000000,-15.000000,0.000000
119.546997,0.000000,0.000000,-61.959999,0.000000,2.000000,40.000000,-15.000000,0.000000
119.552002,0.000000,0.000000,-61.959999,0.000000,0.000000,40.000000,-15.000000,0.000000
119.556999,0.000000,0.000000,-61.959999,0.000000,0.000000,40.000000,-15.000000,0.000000
119.561996,0.000000,0.000000,-61.950001,0.000000,0.000000,40.000000,-15.000000,0.000000
119.567001,0.000000,0.000000,-61.950001,0.000000,0.000000,40.000000,-15.000000,0.000000
119.571999,0.000000,0.000000,-61.939999,0.000000,0.000000,40.000000,-15.000000,0.000000
119.577003,0.000000,0.000000,-61.919998,0.000000,0.000000,40.000000,-15.000000,0.000000
119.582001,0.000000,0.000000,-61.910000,0.000000,0.000000,40.000000,-15.000000,0.000000
119.586998,0.000000,0.000000,-61.900002,0.000000,0.000000,40.000000,-15.000000,0.000000
119.592003,0.000000,0.000000,-61.900002,0.000000,0.000000,40.000000,-15.000000,0.000000
119.597000,0.000000,0.000000,-61.900002,0.000000,0.000000,40.000000,-15.000000,0.000000
119.601997,0.000000,0.000000,-61.889999,0.000000,0.000000,40.000000,-15.000000,0.000000
119.607002,0.000000,0.000000,-61.880001,0.000000,0.000000,40.000000,-15.000000,0.000000
119.612000,0.000000,0.000000,-61.869999,0.000000,0.000000,40.000000,-15.000000,0.000000
119.616997,0.000000,0.000000,-61.840000,0.000000,0.000000,40.000000,-15.000000,0.000000
119.622002,0.000000,0.000000,-61.830002,0.000000,0.000000,40.000000,-15.000000,0.000000
119.626999,0.000000,0.000000,-61.810001,0.000000,0.000000,40.000000,-15.000000,0.000000
119.632004,0.000000,0.000000,-61.799999,0.000000,0.000000,40.000000,-15.000000,0.000000
119.637001,0.000000,0.000000,-61.790001,0.000000,0.000000,40.000000,-15.000000,0.000000
119.641998,0.000000,0.000000,-61.790001,0.000000,0.000000,40.000000,-15.000000,0.000000
119.647003,0.000000,0.000000,-61.779999,0.000000,0.000000,40.000000,-15.000000,0.000000
119.652000,0.000000,0.000000,-61.779999,0.000000,0.000000,40.000000,-15.000000,0.000000
119.656998,0.000000,0.000000,-61.770000,0.000000,0.000000,40.000000,-15.000000,0.000000
119.662003,0.000000,0.000000,-61.759998,0.000000,0.000000,40.000000,-15.000000,0.000000
119.667000,0.000000,0.000000,-61.740002,0.000000,0.000000,40.000000,-15.000000,0.000000
119.671997,0.000000,0.000000,-61.730000,0.000000,0.000000,40.000000,-15.000000,0.000000
119.677002,0.000000,0.000000,-61.709999,0.000000,0.000000,40.000000,-15.000000,0.000000
119.681999,0.000000,0.000000,-61.700001,0.000000,0.000000,40.000000,-15.000000,0.000000
119.686996,0.000000,0.000000,-61.700001,0.000000,0.000000,40.000000,-15.000000,0.000000
119.692001,0.000000,0.000000,-61.680000,0.000000,0.000000,40.000000,-15.000000,0.000000
119.696999,0.000000,0.000000,-61.680000,0.000000,0.000000,40.000000,-15.000000,0.000000
119.702003,0.000000,0.000000,-61.669998,0.000000,0.000000,40.000000,-15.000000,0.000000
119.707001,0.000000,0.000000,-61.660000,0.000000,0.000000,40.000000,-15.000000,0.000000
119.711998,0.000000,0.000000,-61.650002,0.000000,0.000000,40.000000,-15.000000,0.000000
119.717003,0.000000,0.000000,-61.639999,0.000000,0.000000,40.000000,-15.000000,0.000000
119.722000,0.000000,0.000000,-61.619999,0.000000,0.000000,40.000000,-15.000000,0.000000
119.726997,0.000000,0.000000,-61.619999,0.000000,0.000000,40.000000,-15.000000,0.000000
119.732002,0.000000,0.000000,-61.610001,0.000000,0.000000,40.000000,-15.000000,0.000000
119.737000,0.000000,0.000000,-61.599998,0.000000,0.000000,40.000000,-15.000000,0.000000
119.741997,0.000000,0.000000,-61.599998,0.000000,0.000000,40.000000,-15.000000,0.000000
119.747002,0.000000,0.000000,-61.590000,0.000000,0.000000,40.000000,-15.000000,0.000000
119.751999,0.000000,0.000000,-61.580002,0.000000,0.000000,40.000000,-15.000000,0.000000
119.757004,0.000000,0.000000,-61.570000,0.000000,0.000000,40.000000,-15.000000,0.000000
119.762001,0.000000,0.000000,-61.560001,0.000000,0.000000,40.000000,-15.000000,0.000000
119.766998,0.000000,0.000000,-61.549999,0.000000,0.000000,40.000000,-15.000000,0.000000
119.772003,0.000000,0.000000,-61.540001,0.000000,0.000000,40.000000,-15.000000,0.000000
119.777000,0.000000,0.000000,-61.520000,0.000000,0.000000,40.000000,-15.000000,0.000000
119.781998,0.000000,0.000000,-61.520000,0.000000,0.000000,40.000000,-15.000000,0.000000
119.787003,0.000000,0.000000,-61.509998,0.000000,0.000000,40.000000,-15.000000,0.000000
119.792000,0.000000,0.000000,-61.500000,0.000000,0.000000,40.000000,-15.000000,0.000000
119.796997,0.000000,0.000000,-61.490002,0.000000,0.000000,40.000000,-15.000000,0.000000
119.802002,0.000000,0.000000,-61.490002,0.000000,0.000000,40.000000,-15.000000,0.000000
119.806999,0.000000,0.000000,-61.480000,0.000000,0.000000,40.000000,-15.000000,0.000000
119.811996,0.000000,0.000000,-61.470001,0.000000,0.000000,40.000000,-15.000000,0.000000
119.817001,0.000000,0.000000,-61.459999,0.000000,0.000000,40.000000,-15.000000,0.000000
119.821999,0.000000,0.000000,-61.459999,0.000000,0.000000,40.000000,-15.000000,0.000000
119.827003,0.000000,0.000000,-61.450001,0.000000,0.000000,40.000000,-15.000000,0.000000
119.832001,0.000000,0.000000,-61.450001,0.000000,0.000000,40.000000,-15.000000,0.000000
119.836998,0.000000,0.000000,-61.439999,0.000000,0.000000,40.000000,-15.000000,0.000000
119.842003,0.000000,0.000000,-61.430000,0.000000,0.000000,40.000000,-15.000000,0.000000
119.847000,0.000000,0.000000,-61.430000,0.000000,0.000000,40.000000,-15.000000,0.000000
119.851997,0.000000,0.000000,-61.419998,0.000000,0.000000,40.000000,-15.000000,0.000000
119.857002,0.000000,0.000000,-61.410000,0.000000,0.000000,40.000000,-15.000000,0.000000
119.862000,0.000000,0.000000,-61.410000,0.000000,0.000000,40.000000,-15.000000,0.000000
119.866997,0.000000,0.000000,-61.410000,0.000000,0.000000,40.000000,-15.000000,0.000000
119.872002,0.000000,0.000000,-61.400002,0.000000,0.000000,40.000000,-15.000000,0.000000
119.876999,0.000000,0.000000,-61.389999,0.000000,0.000000,40.000000,-15.000000,0.000000
119.882004,0.000000,0.000000,-61.380001,0.000000,0.000000,40.000000,-15.000000,0.000000
119.887001,0.000000,0.000000,-61.369999,0.000000,0.000000,40.000000,-15.000000,0.000000
119.891998,0.000000,0.000000,-61.369999,0.000000,0.000000,40.000000,-15.000000,0.000000
119.897003,0.000000,0.000000,-61.349998,0.000000,0.000000,40.000000,-15.000000,0.000000
119.902000,0.000000,0.000000,-61.349998,0.000000,0.000000,40.000000,-15.000000,0.000000
119.906998,0.000000,0.000000,-61.340000,0.000000,0.000000,40.000000,-15.000000,0.000000
119.912003,0.000000,0.000000,-61.340000,0.000000,0.000000,40.000000,-15.000000,0.000000
119.917000,0.000000,0.000000,-61.330002,0.000000,0.000000,40.000000,-15.000000,0.000000
119.921997,0.000000,0.000000,-61.320000,0.000000,0.000000,40.000000,-15.000000,0.000000
119.927002,0.000000,0.000000,-61.320000,0.000000,0.000000,40.000000,-15.000000,0.000000
119.931999,0.000000,0.000000,-61.320000,0.000000,0.000000,40.000000,-15.000000,0.000000
119.936996,0.000000,0.000000,-61.310001,0.000000,0.000000,40.000000,-15.000000,0.000000
119.942001,0.000000,0.000000,-61.310001,0.000000,0.000000,40.000000,-15.000000,0.000000
119.946999,0.000000,0.000000,-61.299999,0.000000,0.000000,40.000000,-15.000000,0.000000
119.952003,0.000000,0.000000,-61.290001,0.000000,0.000000,40.000000,-15.000000,0.000000
119.957001,0.000000,0.000000,-61.290001,0.000000,0.000000,40.000000,-15.000000,0.000000
119.961998,0.000000,0.000000,-61.279999,0.000000,0.000000,40.000000,-15.000000,0.000000
119.967003,0.000000,0.000000,-61.279999,0.000000,0.000000,40.000000,-15.000000,0.000000
119.972000,0.000000,0.000000,-61.270000,0.000000,0.000000,40.000000,-15.000000,0.000000
119.976997,0.000000,0.000000,-61.259998,0.000000,0.000000,40.000000,-15.000000,0.000000
119.982002,0.000000,0.000000,-61.259998,0.000000,0.000000,40.000000,-15.000000,0.000000
119.987000,0.000000,0.000000,-61.250000,0.000000,0.000000,40.000000,-15.000000,0.000000
119.991997,0.000000,0.000000,-61.240002,0.000000,0.000000,40.000000,-15.000000,0.000000
119.997002,0.000000,0.000000,-61.240002,0.000000,0.000000,40.000000,-15.000000,0.000000
120.001999,0.000000,0.000000,-61.240002,0.000000,0.000000,40.000000,-15.000000,0.000000
120.007004,0.000000,0.000000,-61.230000,0.000000,0.000000,40.000000,-15.000000,0.000000
120.012001,0.000000,0.000000,-61.230000,0.000000,0.000000,40.000000,-15.000000,0.000000
120.016998,0.000000,0.000000,-61.220001,0.000000,0.000000,40.000000,-15.000000,0.000000
120.022003,0.000000,0.000000,-61.220001,0.000000,0.000000,40.000000,-15.000000,0.000000
120.027000,0.000000,0.000000,-61.209999,0.000000,0.000000,40.000000,-15.000000,0.000000
120.031998,0.000000,0.000000,-61.200001,0.000000,0.000000,40.000000,-15.000000,0.000000
120.037003,0.000000,0.000000,-61.200001,0.000000,0.000000,40.000000,-15.000000,0.000000
120.042000,0.000000,0.000000,-61.200001,0.000000,0.000000,40.000000,-15.000000,0.000000
120.046997,0.000000,0.000000,-61.189999,0.000000,0.000000,40.000000,-15.000000,0.000000
120.052002,0.000000,0.000000,-61.180000,0.000000,0.000000,40.000000,-15.000000,0.000000
120.056999,0.000000,0.000000,-61.180000,0.000000,0.000000,40.000000,-15.000000,0.000000
120.061996,0.000000,0.000000,-61.180000,0.000000,0.000000,40.000000,-15.000000,0.000000
120.067001,0.000000,0.000000,-61.180000,0.000000,0.000000,40.000000,-15.000000,0.000000
120.071999,0.000000,0.000000,-61.180000,0.000000,0.000000,40.000000,-15.000000,0.000000
120.077003,0.000000,0.000000,-61.169998,0.000000,0.000000,40.000000,-15.000000,0.000000
120.082001,0.000000,0.000000,-61.180000,0.000000,0.000000,40.000000,-15.000000,0.000000
120.086998,0.000000,0.000000,-61.169998,0.000000,0.000000,40.000000,-15.000000,0.000000
120.092003,0.000000,0.000000,-61.169998,0.000000,0.000000,40.000000,-15.000000,0.000000
120.097000,0.000000,0.000000,-61.169998,0.000000,0.000000,40.000000,-15.000000,0.000000
120.101997,0.000000,0.000000,-61.160000,0.000000,0.000000,40.000000,-15.000000,0.000000
120.107002,0.000000,0.000000,-61.160000,0.000000,0.000000,40.000000,-15.000000,0.000000
120.112000,0.000000,0.000000,-61.150002,0.000000,0.000000,40.000000,-15.000000,0.000000
120.116997,0.000000,0.000000,-61.150002,0.000000,0.000000,40.000000,-15.000000,0.000000
120.122002,0.000000,0.000000,-61.150002,0.000000,0.000000,40.000000,-15.000000,0.000000
120.126999,0.000000,0.000000,-61.150002,0.000000,0.000000,40.000000,-15.000000,0.000000
120.132004,0.000000,0.000000,-61.139999,0.000000,0.000000,40.000000,-15.000000,0.000000
120.137001,0.000000,0.000000,-61.130001,0.000000,0.000000,40.000000,-15.000000,0.000000
120.141998,0.000000,0.000000,-61.119999,0.000000,0.000000,40.000000,-15.000000,0.000000
120.147003,0.000000,0.000000,-61.119999,0.000000,0.000000,40.000000,-15.000000,0.000000
120.152000,0.000000,0.000000,-61.119999,0.000000,0.000000,40.000000,-15.000000,0.000000
120.156998,0.000000,0.000000,-61.119999,0.000000,0.000000,40.000000,-15.000000,0.000000
120.162003,0.000000,0.000000,-61.110001,0.000000,0.000000,40.000000,-15.000000,0.000000
120.167000,0.000000,0.000000,-61.110001,0.000000,0.000000,40.000000,-15.000000,0.000000
120.171997,0.000000,0.000000,-61.110001,0.000000,0.000000,40.000000,-15.000000,0.000000
120.177002,0.000000,0.000000,-61.110001,0.000000,0.000000,40.000000,-15.000000,0.000000
120.181999,0.000000,0.000000,-61.099998,0.000000,0.000000,40.000000,-15.000000,0.000000
120.186996,0.000000,0.000000,-61.099998,0.000000,0.000000,40.000000,-15.000000,0.000000
120.192001,0.000000,0.000000,-61.090000,0.000000,0.000000,40.000000,-15.000000,0.000000
120.196999,0.000000,0.000000,-61.090000,0.000000,0.000000,40.000000,-15.000000,0.000000
120.202003,0.000000,0.000000,-61.090000,0.000000,0.000000,40.000000,-15.000000,0.000000
120.207001,0.000000,0.000000,-61.080002,0.000000,0.000000,40.000000,-15.000000,0.000000
120.211998,0.000000,0.000000,-61.080002,0.000000,0.000000,40.000000,-15.000000,0.000000
120.217003,0.000000,0.000000,-61.080002,0.000000,0.000000,40.000000,-15.000000,0.000000
120.222000,0.000000,0.000000,-61.080002,0.000000,0.000000,40.000000,-15.000000,0.000000
120.226997,0.000000,0.000000,-61.070000,0.000000,0.000000,40.000000,-15.000000,0.000000
120.232002,0.000000,0.000000,-61.070000,0.000000,0.000000,40.000000,-15.000000,0.000000
120.237000,0.000000,0.000000,-61.070000,0.000000,0.000000,40.000000,-15.000000,0.000000
120.241997,0.000000,0.000000,-61.060001,0.000000,0.000000,40.000000,-15.000000,0.000000
120.247002,0.000000,0.000000,-61.060001,0.000000,0.000000,40.000000,-15.000000,0.000000
120.251999,0.000000,0.000000,-61.060001,0.000000,0.000000,40.000000,-15.000000,0.000000
120.257004,0.000000,0.000000,-61.049999,0.000000,0.000000,40.000000,-15.000000,0.000000
120.262001,0.000000,0.000000,-61.049999,0.000000,0.000000,40.000000,-15.000000,0.000000
120.266998,0.000000,0.000000,-61.049999,0.000000,0.000000,40.000000,-15.000000,0.000000
120.272003,0.000000,0.000000,-61.049999,0.000000,0.000000,40.000000,-15.000000,0.000000
120.277000,0.000000,0.000000,-61.049999,0.000000,0.000000,40.000000,-15.000000,0.000000
120.281998,0.000000,0.000000,-61.049999,0.000000,0.000000,40.000000,-15.000000,0.000000
120.287003,0.000000,0.000000,-61.049999,0.000000,0.000000,40.000000,-15.000000,0.000000
120.292000,0.000000,0.000000,-61.040001,0.000000,0.000000,40.000000,-15.000000,0.000000
120.296997,0.000000,0.000000,-61.040001,0.000000,0.000000,40.000000,-15.000000,0.000000
120.302002,0.000000,0.000000,-61.029999,0.000000,0.000000,40.000000,-15.000000,0.000000
120.306999,0.000000,0.000000,-61.040001,0.000000,0.000000,40.000000,-15.000000,0.000000
120.311996,0.000000,0.000000,-61.029999,0.000000,0.000000,40.000000,-15.000000,0.000000
120.317001,0.000000,0.000000,-61.029999,0.000000,0.000000,40.000000,-15.000000,0.000000
120.321999,0.000000,0.000000,-61.020000,0.000000,0.000000,40.000000,-15.000000,0.000000
120.327003,0.000000,0.000000,-61.020000,0.000000,0.000000,40.000000,-15.000000,0.000000
120.332001,0.000000,0.000000,-61.009998,0.000000,0.000000,40.000000,-15.000000,0.000000
120.336998,0.000000,0.000000,-61.009998,0.000000,0.000000,40.000000,-15.000000,0.000000
120.342003,0.000000,0.000000,-61.009998,0.000000,0.000000,40.000000,-15.000000,0.000000
120.347000,0.000000,0.000000,-61.000000,0.000000,0.000000,40.000000,-15.000000,0.000000
120.351997,0.000000,0.000000,-61.000000,0.000000,0.000000,40.000000,-15.000000,0.000000
120.357002,0.000000,0.000000,-60.990002,0.000000,0.000000,40.000000,-15.000000,0.000000
120.362000,0.000000,0.000000,-60.990002,0.000000,0.000000,40.000000,-15.000000,0.000000
120.366997,0.000000,0.000000,-60.990002,0.000000,0.000000,40.000000,-15.000000,0.000000
120.372002,0.000000,0.000000,-60.990002,0.000000,0.000000,40.000000,-15.000000,0.000000
120.376999,0.000000,0.000000,-60.980000,0.000000,0.000000,40.000000,-15.000000,0.000000
120.382004,0.000000,0.000000,-60.980000,0.000000,0.000000,40.000000,-15.000000,0.000000
120.387001,0.000000,0.000000,-60.980000,0.000000,0.000000,40.000000,-15.000000,0.000000
120.391998,0.000000,0.000000,-60.980000,0.000000,0.000000,40.000000,-15.000000,0.000000
120.397003,0.000000,0.000000,-60.970001,0.000000,0.000000,40.000000,-15.000000,0.000000
120.402000,0.000000,0.000000,-60.970001,0.000000,0.000000,40.000000,-15.000000,0.000000
120.406998,0.000000,0.000000,-60.959999,0.000000,0.000000,40.000000,-15.000000,0.000000
120.412003,0.000000,0.000000,-60.970001,0.000000,0.000000,40.000000,-15.000000,0.000000
120.417000,0.000000,0.000000,-60.970001,0.000000,0.000000,40.000000,-15.000000,0.000000
120.421997,0.000000,0.000000,-60.970001,0.000000,0.000000,40.000000,-15.000000,0.000000
120.427002,0.000000,0.000000,-60.959999,0.000000,0.000000,40.000000,-15.000000,0.000000
120.431999,0.000000,0.000000,-60.959999,0.000000,0.000000,40.000000,-15.000000,0.000000
120.436996,0.000000,0.000000,-60.959999,0.000000,0.000000,40.000000,-15.000000,0.000000
120.442001,0.000000,0.000000,-60.959999,0.000000,0.000000,40.000000,-15.000000,0.000000
120.446999,0.000000,0.000000,-60.950001,0.000000,0.000000,40.000000,-15.000000,0.000000
120.452003,0.000000,0.000000,-60.950001,0.000000,0.000000,40.000000,-15.000000,0.000000
120.457001,0.000000,0.000000,-60.950001,0.000000,0.000000,40.000000,-15.000000,0.000000
120.461998,0.000000,0.000000,-60.950001,0.000000,0.000000,40.000000,-15.000000,0.000000
120.467003,0.000000,0.000000,-60.939999,0.000000,0.000000,40.000000,-15.000000,0.000000
120.472000,0.000000,0.000000,-60.939999,0.000000,0.000000,40.000000,-15.000000,0.000000
120.476997,0.000000,0.000000,-60.939999,0.000000,0.000000,40.000000,-15.000000,0.000000
120.482002,0.000000,0.000000,-60.930000,0.000000,0.000000,40.000000,-15.000000,0.000000
120.487000,0.000000,0.000000,-60.930000,0.000000,0.000000,40.000000,-15.000000,0.000000
120.491997,0.000000,0.000000,-60.930000,0.000000,0.000000,40.000000,-15.000000,0.000000
120.497002,0.000000,0.000000,-60.930000,0.000000,0.000000,40.000000,-15.000000,0.000000
120.501999,0.000000,0.000000,-60.919998,0.000000,0.000000,40.000000,-15.000000,0.000000
120.507004,0.000000,0.000000,-60.919998,0.000000,0.000000,40.000000,-15.000000,0.000000
120.512001,0.000000,0.000000,-60.919998,0.000000,0.000000,40.000000,-15.000000,0.000000
120.516998,0.000000,0.000000,-60.919998,0.000000,0.000000,40.000000,-15.000000,0.000000
120.522003,0.000000,0.000000,-60.930000,0.000000,0.000000,40.000000,-15.000000,0.000000
120.527000,0.000000,0.000000,-60.930000,0.000000,0.000000,40.000000,-15.000000,0.000000
120.531998,0.000000,0.000000,-60.919998,0.000000,0.000000,40.000000,-15.000000,0.000000
120.537003,0.000000,0.000000,-60.919998,0.000000,0.000000,40.000000,-15.000000,0.000000
120.542000,0.000000,0.000000,-60.919998,0.000000,0.000000,40.000000,-15.000000,0.000000
120.546997,0.000000,0.000000,-60.910000,0.000000,0.000000,40.000000,-15.000000,0.000000
120.552002,0.000000,0.000000,-60.910000,0.000000,0.000000,40.000000,-15.000000,0.000000
120.556999,0.000000,0.000000,-60.919998,0.000000,0.000000,40.000000,-15.000000,0.000000
120.561996,0.000000,0.000000,-60.910000,0.000000,0.000000,40.000000,-15.000000,0.000000
120.567001,0.000000,0.000000,-60.919998,0.000000,0.000000,40.000000,-15.000000,0.000000
120.571999,0.000000,0.000000,-60.919998,0.000000,0.000000,40.000000,-15.000000,0.000000
120.577003,0.000000,0.000000,-60.910000,0.000000,0.000000,40.000000,-15.000000,0.000000
120.582001,0.000000,0.000000,-60.910000,0.000000,0.000000,40.000000,-15.000000,0.000000
120.586998,0.000000,0.000000,-60.910000,0.000000,0.000000,40.000000,-15.000000,0.000000
120.592003,0.000000,0.000000,-60.910000,0.000000,0.000000,40.000000,-15.000000,0.000000
120.597000,0.000000,0.000000,-60.900002,0.000000,0.000000,40.000000,-15.000000,0.000000
120.601997,0.000000,0.000000,-60.900002,0.000000,0.000000,40.000000,-15.000000,0.000000
120.607002,0.000000,0.000000,-60.900002,0.000000,0.000000,40.000000,-15.000000,0.000000
120.612000,0.000000,0.000000,-60.900002,0.000000,0.000000,40.000000,-15.000000,0.000000
120.616997,0.000000,0.000000,-60.900002,0.000000,0.000000,40.000000,-15.000000,0.000000
120.622002,0.000000,0.000000,-60.900002,0.000000,0.000000,40.000000,-15.000000,0.000000
120.626999,0.000000,0.000000,-60.889999,0.000000,0.000000,40.000000,-15.000000,0.000000
120.632004,0.000000,0.000000,-60.889999,0.000000,0.000000,40.000000,-15.000000,0.000000
120.637001,0.000000,0.000000,-60.889999,0.000000,0.000000,40.000000,-15.000000,0.000000
120.641998,0.000000,0.000000,-60.889999,0.000000,0.000000,40.000000,-15.000000,0.000000
120.647003,0.000000,0.000000,-60.889999,0.000000,0.000000,40.000000,-15.000000,0.000000
120.652000,0.000000,0.000000,-60.880001,0.000000,0.000000,40.000000,-15.000000,0.000000
120.656998,0.000000,0.000000,-60.880001,0.000000,0.000000,40.000000,-15.000000,0.000000
120.662003,0.000000,0.000000,-60.869999,0.000000,0.000000,40.000000,-15.000000,0.000000
120.667000,0.000000,0.000000,-60.869999,0.000000,0.000000,40.000000,-15.000000,0.000000
120.671997,0.000000,0.000000,-60.869999,0.000000,0.000000,40.000000,-15.000000,0.000000
120.677002,0.000000,0.000000,-60.869999,0.000000,0.000000,40.000000,-15.000000,0.000000
120.681999,0.000000,0.000000,-60.869999,0.000000,0.000000,40.000000,-15.000000,0.000000
120.686996,0.000000,0.000000,-60.869999,0.000000,0.000000,40.000000,-15.000000,0.000000
120.692001,0.000000,0.000000,-60.869999,0.000000,0.000000,40.000000,-15.000000,0.000000
120.696999,0.000000,0.000000,-60.869999,0.000000,0.000000,40.000000,-15.000000,0.000000
120.702003,0.000000,0.000000,-60.869999,0.000000,0.000000,40.000000,-15.000000,0.000000
120.707001,0.000000,0.000000,-60.869999,0.000000,0.000000,40.000000,-15.000000,0.000000
120.711998,0.000000,0.000000,-60.869999,0.000000,0.000000,40.000000,-15.000000,0.000000
120.717003,0.000000,0.000000,-60.869999,0.000000,0.000000,40.000000,-15.000000,0.000000
120.722000,0.000000,0.000000,-60.869999,0.000000,0.000000,40.000000,-15.000000,0.000000
120.726997,0.000000,0.000000,-60.869999,0.000000,0.000000,40.000000,-15.000000,0.000000
120.732002,0.000000,0.000000,-60.869999,0.000000,0.000000,40.000000,-15.000000,0.000000
120.737000,0.000000,0.000000,-60.869999,0.000000,0.000000,40.000000,-15.000000,0.000000
120.741997,0.000000,0.000000,-60.869999,0.000000,0.000000,40.000000,-15.000000,0.000000
120.747002,0.000000,0.000000,-60.860001,0.000000,0.000000,40.000000,-15.000000,0.000000
120.751999,0.000000,0.000000,-60.860001,0.000000,0.000000,40.000000,-15.000000,0.000000
120.757004,0.000000,0.000000,-60.860001,0.000000,0.000000,40.000000,-15.000000,0.000000
120.762001,0.000000,0.000000,-60.860001,0.000000,0.000000,40.000000,-15.000000,0.000000
120.766998,0.000000,0.000000,-60.860001,0.000000,0.000000,40.000000,-15.000000,0.000000
120.772003,0.000000,0.000000,-60.860001,0.000000,0.000000,40.000000,-15.000000,0.000000
120.777000,0.000000,0.000000,-60.849998,0.000000,0.000000,40.000000,-15.000000,0.000000
120.781998,0.000000,0.000000,-60.849998,0.000000,0.000000,40.000000,-15.000000,0.000000
120.787003,0.000000,0.000000,-60.849998,0.000000,0.000000,40.000000,-15.000000,0.000000
120.792000,0.000000,0.000000,-60.849998,0.000000,0.000000,40.000000,-15.000000,0.000000
120.796997,0.000000,0.000000,-60.849998,0.000000,0.000000,40.000000,-15.000000,0.000000
120.802002,0.000000,0.000000,-60.849998,0.000000,0.000000,40.000000,-15.000000,0.000000
120.806999,0.000000,0.000000,-60.840000,0.000000,0.000000,40.000000,-15.000000,0.000000
120.811996,0.000000,0.000000,-60.840000,0.000000,0.000000,40.000000,-15.000000,0.000000
120.817001,0.000000,0.000000,-60.849998,0.000000,0.000000,40.000000,-15.000000,0.000000
120.821999,0.000000,0.000000,-60.840000,0.000000,0.000000,40.000000,-15.000000,0.000000
120.827003,0.000000,0.000000,-60.840000,0.000000,0.000000,40.000000,-15.000000,0.000000
120.832001,0.000000,0.000000,-60.840000,0.000000,0.000000,40.000000,-15.000000,0.000000
120.836998,0.000000,0.000000,-60.840000,0.000000,0.000000,40.000000,-15.000000,0.000000
120.842003,0.000000,0.000000,-60.830002,0.000000,0.000000,40.000000,-15.000000,0.000000
120.847000,0.000000,0.000000,-60.840000,0.000000,0.000000,40.000000,-15.000000,0.000000
120.851997,0.000000,0.000000,-60.830002,0.000000,0.000000,40.000000,-15.000000,0.000000
120.857002,0.000000,0.000000,-60.830002,0.000000,0.000000,40.000000,-15.000000,0.000000
120.862000,0.000000,0.000000,-60.830002,0.000000,0.000000,40.000000,-15.000000,0.000000
120.866997,0.000000,0.000000,-60.820000,0.000000,0.000000,40.000000,-15.000000,0.000000
120.872002,0.000000,0.000000,-60.820000,0.000000,0.000000,40.000000,-15.000000,0.000000
120.876999,0.000000,0.000000,-60.820000,0.000000,0.000000,40.000000,-15.000000,0.000000
120.882004,0.000000,0.000000,-60.820000,0.000000,0.000000,40.000000,-15.000000,0.000000
120.887001,0.000000,0.000000,-60.820000,0.000000,0.000000,40.000000,-15.000000,0.000000
120.891998,0.000000,0.000000,-60.820000,0.000000,0.000000,40.000000,-15.000000,0.000000
120.897003,0.000000,0.000000,-60.820000,0.000000,0.000000,40.000000,-15.000000,0.000000
120.902000,0.000000,0.000000,-60.810001,0.000000,0.000000,40.000000,-15.000000,0.000000
120.906998,0.000000,0.000000,-60.820000,0.000000,0.000000,40.000000,-15.000000,0.000000
120.912003,0.000000,0.000000,-60.810001,0.000000,0.000000,40.000000,-15.000000,0.000000
120.917000,0.000000,0.000000,-60.820000,0.000000,0.000000,40.000000,-15.000000,0.000000
120.921997,0.000000,0.000000,-60.810001,0.000000,0.000000,40.000000,-15.000000,0.000000
120.927002,0.000000,0.000000,-60.810001,0.000000,0.000000,40.000000,-15.000000,0.000000
120.931999,0.000000,0.000000,-60.810001,0.000000,0.000000,40.000000,-15.000000,0.000000
120.936996,0.000000,0.000000,-60.810001,0.000000,0.000000,40.000000,-15.000000,0.000000
120.942001,0.000000,0.000000,-60.810001,0.000000,0.000000,40.000000,-15.000000,0.000000
120.946999,0.000000,0.000000,-60.810001,0.000000,0.000000,40.000000,-15.000000,0.000000
120.952003,0.000000,0.000000,-60.810001,0.000000,0.000000,40.000000,-15.000000,0.000000
120.957001,0.000000,0.000000,-60.810001,0.000000,0.000000,40.000000,-15.000000,0.000000
120.961998,0.000000,0.000000,-60.810001,0.000000,0.000000,40.000000,-15.000000,0.000000
120.967003,0.000000,0.000000,-60.810001,0.000000,0.000000,40.000000,-15.000000,0.000000
120.972000,0.000000,0.000000,-60.799999,0.000000,0.000000,40.000000,-15.000000,0.000000
120.976997,0.000000,0.000000,-60.799999,0.000000,0.000000,40.000000,-15.000000,0.000000
120.982002,0.000000,0.000000,-60.799999,0.000000,0.000000,40.000000,-15.000000,0.000000
120.987000,0.000000,0.000000,-60.799999,0.000000,0.000000,40.000000,-15.000000,0.000000
120.991997,0.000000,0.000000,-60.799999,0.000000,0.000000,40.000000,-15.000000,0.000000
120.997002,0.000000,0.000000,-60.799999,0.000000,0.000000,40.000000,-15.000000,0.000000
121.001999,0.000000,0.000000,-60.799999,0.000000,0.000000,40.000000,-15.000000,0.000000
121.007004,0.000000,0.000000,-60.790001,0.000000,0.000000,40.000000,-15.000000,0.000000
121.012001,0.000000,0.000000,-60.790001,0.000000,0.000000,40.000000,-15.000000,0.000000
121.016998,0.000000,0.000000,-60.790001,0.000000,0.000000,40.000000,-15.000000,0.000000
121.022003,0.000000,0.000000,-60.790001,0.000000,0.000000,40.000000,-15.000000,0.000000
121.027000,0.000000,0.000000,-60.790001,0.000000,0.000000,40.000000,-15.000000,0.000000
121.031998,0.000000,0.000000,-60.779999,0.000000,0.000000,40.000000,-15.000000,0.000000
121.037003,0.000000,0.000000,-60.779999,0.000000,0.000000,40.000000,-15.000000,0.000000
121.042000,0.000000,0.000000,-60.779999,0.000000,0.000000,40.000000,-15.000000,0.000000
121.046997,0.000000,0.000000,-60.779999,0.000000,0.000000,40.000000,-15.000000,0.000000
121.052002,0.000000,0.000000,-60.779999,0.000000,0.000000,40.000000,-15.000000,0.000000
121.056999,0.000000,0.000000,-60.770000,0.000000,0.000000,40.000000,-15.000000,0.000000
121.061996,0.000000,0.000000,-60.779999,0.000000,0.000000,40.000000,-15.000000,0.000000
121.067001,0.000000,0.000000,-60.779999,0.000000,0.000000,40.000000,-15.000000,0.000000
121.071999,0.000000,0.000000,-60.779999,0.000000,0.000000,40.000000,-15.000000,0.000000
121.077003,0.000000,0.000000,-60.779999,0.000000,0.000000,40.000000,-15.000000,0.000000
121.082001,0.000000,0.000000,-60.779999,0.000000,0.000000,40.000000,-15.000000,0.000000
121.086998,0.000000,0.000000,-60.779999,0.000000,0.000000,40.000000,-15.000000,0.000000
121.092003,0.000000,0.000000,-60.779999,0.000000,0.000000,40.000000,-15.000000,0.000000
121.097000,0.000000,0.000000,-60.779999,0.000000,0.000000,40.000000,-15.000000,0.000000
121.101997,0.000000,0.000000,-60.779999,0.000000,0.000000,40.000000,-15.000000,0.000000
121.107002,0.000000,0.000000,-60.779999,0.000000,0.000000,40.000000,-15.000000,0.000000
121.112000,0.000000,0.000000,-60.779999,0.000000,0.000000,40.000000,-15.000000,0.000000
121.116997,0.000000,0.000000,-60.779999,0.000000,0.000000,40.000000,-15.000000,0.000000
121.122002,0.000000,0.000000,-60.779999,0.000000,0.000000,40.000000,-15.000000,0.000000
121.126999,0.000000,0.000000,-60.779999,0.000000,0.000000,40.000000,-15.000000,0.000000
121.132004,0.000000,0.000000,-60.779999,0.000000,0.000000,40.000000,-15.000000,0.000000
121.137001,0.000000,0.000000,-60.779999,0.000000,0.000000,40.000000,-15.000000,0.000000
121.141998,0.000000,0.000000,-60.779999,0.000000,0.000000,40.000000,-15.000000,0.000000
121.147003,0.000000,0.000000,-60.779999,0.000000,0.000000,40.000000,-15.000000,0.000000
121.152000,0.000000,0.000000,-60.770000,0.000000,0.000000,40.000000,-15.000000,0.000000
121.156998,0.000000,0.000000,-60.779999,0.000000,0.000000,40.000000,-15.000000,0.000000
121.162003,0.000000,0.000000,-60.770000,0.000000,0.000000,40.000000,-15.000000,0.000000
121.167000,0.000000,0.000000,-60.770000,0.000000,0.000000,40.000000,-15.000000,0.000000
121.171997,0.000000,0.000000,-60.779999,0.000000,0.000000,40.000000,-15.000000,0.000000
121.177002,0.000000,0.000000,-60.779999,0.000000,0.000000,40.000000,-15.000000,0.000000
121.181999,0.000000,0.000000,-60.779999,0.000000,0.000000,40.000000,-15.000000,0.000000
121.186996,0.000000,0.000000,-60.779999,0.000000,0.000000,40.000000,-15.000000,0.000000
121.192001,0.000000,0.000000,-60.779999,0.000000,0.000000,40.000000,-15.000000,0.000000
121.196999,0.000000,0.000000,-60.779999,0.000000,0.000000,40.000000,-15.000000,0.000000
121.202003,0.000000,0.000000,-60.779999,0.000000,0.000000,40.000000,-15.000000,0.000000
121.207001,0.000000,0.000000,-60.779999,0.000000,0.000000,40.000000,-15.000000,0.000000
121.211998,0.000000,0.000000,-60.779999,0.000000,0.000000,40.000000,-15.000000,0.000000
121.217003,0.000000,0.000000,-60.779999,0.000000,0.000000,40.000000,-15.000000,0.000000
121.222000,0.000000,0.000000,-60.770000,0.000000,0.000000,40.000000,-15.000000,0.000000
121.226997,0.000000,0.000000,-60.770000,0.000000,0.000000,40.000000,-15.000000,0.000000
121.232002,0.000000,0.000000,-60.770000,0.000000,0.000000,40.000000,-15.000000,0.000000
121.237000,0.000000,0.000000,-60.779999,0.000000,0.000000,40.000000,-15.000000,0.000000
121.241997,0.000000,0.000000,-60.779999,0.000000,0.000000,40.000000,-15.000000,0.000000
121.247002,0.000000,0.000000,-60.779999,0.000000,0.000000,40.000000,-15.000000,0.000000
121.251999,0.000000,0.000000,-60.779999,0.000000,0.000000,40.000000,-15.000000,0.000000
121.257004,0.000000,0.000000,-60.770000,0.000000,0.000000,40.000000,-15.000000,0.000000
121.262001,0.000000,0.000000,-60.770000,0.000000,0.000000,40.000000,-15.000000,0.000000
121.266998,0.000000,0.000000,-60.770000,0.000000,0.000000,40.000000,-15.000000,0.000000
121.272003,0.000000,0.000000,-60.770000,0.000000,0.000000,40.000000,-15.000000,0.000000
121.277000,0.000000,0.000000,-60.770000,0.000000,0.000000,40.000000,-15.000000,0.000000
121.281998,0.000000,0.000000,-60.770000,0.000000,0.000000,40.000000,-15.000000,0.000000
121.287003,0.000000,0.000000,-60.770000,0.000000,0.000000,40.000000,-15.000000,0.000000
121.292000,0.000000,0.000000,-60.770000,0.000000,0.000000,40.000000,-15.000000,0.000000
121.296997,0.000000,0.000000,-60.770000,0.000000,0.000000,40.000000,-15.000000,0.000000
121.302002,0.000000,0.000000,-60.770000,0.000000,0.000000,40.000000,-15.000000,0.000000
121.306999,0.000000,0.000000,-60.779999,0.000000,0.000000,40.000000,-15.000000,0.000000
121.311996,0.000000,0.000000,-60.770000,0.000000,0.000000,40.000000,-15.000000,0.000000
121.317001,0.000000,0.000000,-60.770000,0.000000,0.000000,40.000000,-15.000000,0.000000
121.321999,0.000000,0.000000,-60.770000,0.000000,0.000000,40.000000,-15.000000,0.000000
121.327003,0.000000,0.000000,-60.770000,0.000000,0.000000,40.000000,-15.000000,0.000000
121.332001,0.000000,0.000000,-60.770000,0.000000,0.000000,40.000000,-15.000000,0.000000
121.336998,0.000000,0.000000,-60.770000,0.000000,0.000000,40.000000,-15.000000,0.000000
121.342003,0.000000,0.000000,-60.779999,0.000000,0.000000,40.000000,-15.000000,0.000000
121.347000,0.000000,0.000000,-60.779999,0.000000,0.000000,40.000000,-15.000000,0.000000
121.351997,0.000000,0.000000,-60.770000,0.000000,0.000000,40.000000,-15.000000,0.000000
121.357002,0.000000,0.000000,-60.779999,0.000000,0.000000,40.000000,-15.000000,0.000000
121.362000,0.000000,0.000000,-60.779999,0.000000,0.000000,40.000000,-15.000000,0.000000
121.366997,0.000000,0.000000,-60.770000,0.000000,0.000000,40.000000,-15.000000,0.000000
121.372002,0.000000,0.000000,-60.770000,0.000000,0.000000,40.000000,-15.000000,0.000000
121.376999,0.000000,0.000000,-60.770000,0.000000,0.000000,40.000000,-15.000000,0.000000
121.382004,0.000000,0.000000,-60.770000,0.000000,0.000000,40.000000,-15.000000,0.000000
121.387001,0.000000,0.000000,-60.770000,0.000000,0.000000,40.000000,-15.000000,0.000000
121.391998,0.000000,0.000000,-60.759998,0.000000,0.000000,40.000000,-15.000000,0.000000
121.397003,0.000000,0.000000,-60.759998,0.000000,0.000000,40.000000,-15.000000,0.000000
121.402000,0.000000,0.000000,-60.759998,0.000000,0.000000,40.000000,-15.000000,0.000000
121.406998,0.000000,0.000000,-60.759998,0.000000,0.000000,40.000000,-15.000000,0.000000
121.412003,0.000000,0.000000,-60.759998,0.000000,0.000000,40.000000,-15.000000,0.000000
121.417000,0.000000,0.000000,-60.759998,0.000000,0.000000,40.000000,-15.000000,0.000000
121.421997,0.000000,0.000000,-60.759998,0.000000,0.000000,40.000000,-15.000000,0.000000
121.427002,0.000000,0.000000,-60.759998,0.000000,0.000000,40.000000,-15.000000,0.000000
121.431999,0.000000,0.000000,-60.759998,0.000000,0.000000,40.000000,-15.000000,0.000000
121.436996,0.000000,0.000000,-60.759998,0.000000,0.000000,40.000000,-15.000000,0.000000
121.442001,0.000000,0.000000,-60.759998,0.000000,0.000000,40.000000,-15.000000,0.000000
121.446999,0.000000,0.000000,-60.759998,0.000000,0.000000,40.000000,-15.000000,0.000000
121.452003,0.000000,0.000000,-60.759998,0.000000,0.000000,40.000000,-15.000000,0.000000
121.457001,0.000000,0.000000,-60.759998,0.000000,0.000000,40.000000,-15.000000,0.000000
121.461998,0.000000,0.000000,-60.759998,0.000000,0.000000,40.000000,-15.000000,0.000000
121.467003,0.000000,0.000000,-60.770000,0.000000,0.000000,40.000000,-15.000000,0.000000
121.472000,0.000000,0.000000,-60.770000,0.000000,0.000000,40.000000,-15.000000,0.000000
121.476997,0.000000,0.000000,-60.770000,0.000000,0.000000,40.000000,-15.000000,0.000000
121.482002,0.000000,0.000000,-60.759998,0.000000,0.000000,40.000000,-15.000000,0.000000
121.487000,0.000000,0.000000,-60.759998,0.000000,0.000000,40.000000,-15.000000,0.000000
121.491997,0.000000,0.000000,-60.759998,0.000000,0.000000,40.000000,-15.000000,0.000000
121.497002,0.000000,0.000000,-60.759998,0.000000,0.000000,40.000000,-15.000000,0.000000
121.501999,0.000000,0.000000,-60.759998,0.000000,0.000000,40.000000,-15.000000,0.000000
121.507004,0.000000,0.000000,-60.759998,0.000000,0.000000,40.000000,-15.000000,0.000000
121.512001,0.000000,0.000000,-60.770000,0.000000,0.000000,40.000000,-15.000000,0.000000
121.516998,0.000000,0.000000,-60.759998,0.000000,0.000000,40.000000,-15.000000,0.000000
121.522003,0.000000,0.000000,-60.759998,0.000000,0.000000,40.000000,-15.000000,0.000000
121.527000,0.000000,0.000000,-60.759998,0.000000,0.000000,40.000000,-15.000000,0.000000
121.531998,0.000000,0.000000,-60.759998,0.000000,0.000000,40.000000,-15.000000,0.000000
121.537003,0.000000,0.000000,-60.759998,0.000000,0.000000,40.000000,-15.000000,0.000000
121.542000,0.000000,0.000000,-60.770000,0.000000,0.000000,40.000000,-15.000000,0.000000
121.546997,0.000000,0.000000,-60.770000,0.000000,0.000000,40.000000,-15.000000,0.000000
121.552002,0.000000,0.000000,-60.770000,0.000000,0.000000,40.000000,-15.000000,0.000000
121.556999,0.000000,0.000000,-60.770000,0.000000,0.000000,40.000000,-15.000000,0.000000
121.561996,0.000000,0.000000,-60.770000,0.000000,0.000000,40.000000,-15.000000,0.000000
121.567001,0.000000,0.000000,-60.770000,0.000000,0.000000,40.000000,-15.000000,0.000000
121.571999,0.000000,0.000000,-60.770000,0.000000,0.000000,40.000000,-15.000000,0.000000
121.577003,0.000000,0.000000,-60.770000,0.000000,0.000000,40.000000,-15.000000,0.000000
121.582001,0.000000,0.000000,-60.770000,0.000000,0.000000,40.000000,-15.000000,0.000000
121.586998,0.000000,0.000000,-60.770000,0.000000,0.000000,40.000000,-15.000000,0.000000
121.592003,0.000000,0.000000,-60.770000,0.000000,0.000000,40.000000,-15.000000,0.000000
121.597000,0.000000,0.000000,-60.770000,0.000000,0.000000,40.000000,-15.000000,0.000000
121.601997,0.000000,0.000000,-60.770000,0.000000,0.000000,40.000000,-15.000000,0.000000
121.607002,0.000000,0.000000,-60.770000,0.000000,0.000000,40.000000,-15.000000,0.000000
121.612000,0.000000,0.000000,-60.779999,0.000000,0.000000,40.000000,-15.000000,0.000000
121.616997,0.000000,0.000000,-60.779999,0.000000,0.000000,40.000000,-15.000000,0.000000
121.622002,0.000000,0.000000,-60.770000,0.000000,0.000000,40.000000,-15.000000,0.000000
121.626999,0.000000,0.000000,-60.770000,0.000000,0.000000,40.000000,-15.000000,0.000000
121.632004,0.000000,0.000000,-60.779999,0.000000,0.000000,40.000000,-15.000000,0.000000
121.637001,0.000000,0.000000,-60.779999,0.000000,0.000000,40.000000,-15.000000,0.000000
121.641998,0.000000,0.000000,-60.779999,0.000000,0.000000,40.000000,-15.000000,0.000000
121.647003,0.000000,0.000000,-60.779999,0.000000,0.000000,40.000000,-15.000000,0.000000
121.652000,0.000000,0.000000,-60.779999,0.000000,0.000000,40.000000,-15.000000,0.000000
121.656998,0.000000,0.000000,-60.779999,0.000000,0.000000,40.000000,-15.000000,0.000000
121.662003,0.000000,0.000000,-60.779999,0.000000,0.000000,40.000000,-15.000000,0.000000
121.667000,0.000000,0.000000,-60.779999,0.000000,0.000000,40.000000,-15.000000,0.000000
121.671997,0.000000,0.000000,-60.779999,0.000000,0.000000,40.000000,-15.000000,0.000000
121.677002,0.000000,0.000000,-60.779999,0.000000,0.000000,40.000000,-15.000000,0.000000
121.681999,0.000000,0.000000,-60.779999,0.000000,0.000000,40.000000,-15.000000,0.000000
121.686996,0.000000,0.000000,-60.779999,0.000000,0.000000,40.000000,-15.000000,0.000000
121.692001,0.000000,0.000000,-60.779999,0.000000,0.000000,40.000000,-15.000000,0.000000
121.696999,0.000000,0.000000,-60.779999,0.000000,0.000000,40.000000,-15.000000,0.000000
121.702003,0.000000,0.000000,-60.779999,0.000000,0.000000,40.000000,-15.000000,0.000000
121.707001,0.000000,0.000000,-60.770000,0.000000,0.000000,40.000000,-15.000000,0.000000
121.711998,0.000000,0.000000,-60.770000,0.000000,0.000000,40.000000,-15.000000,0.000000
121.717003,0.000000,0.000000,-60.770000,0.000000,0.000000,40.000000,-15.000000,0.000000
121.722000,0.000000,0.000000,-60.770000,0.000000,0.000000,40.000000,-15.000000,0.000000
121.726997,0.000000,0.000000,-60.770000,0.000000,0.000000,40.000000,-15.000000,0.000000
121.732002,0.000000,0.000000,-60.770000,0.000000,0.000000,40.000000,-15.000000,0.000000
121.737000,0.000000,0.000000,-60.770000,0.000000,0.000000,40.000000,-15.000000,0.000000
121.741997,0.000000,0.000000,-60.770000,0.000000,0.000000,40.000000,-15.000000,0.000000
121.747002,0.000000,0.000000,-60.779999,0.000000,0.000000,40.000000,-15.000000,0.000000
121.751999,0.000000,0.000000,-60.779999,0.000000,0.000000,40.000000,-15.000000,0.000000
121.757004,0.000000,0.000000,-60.779999,0.000000,0.000000,40.000000,-15.000000,0.000000
121.762001,0.000000,0.000000,-60.779999,0.000000,0.000000,40.000000,-15.000000,0.000000
121.766998,0.000000,0.000000,-60.770000,0.000000,0.000000,40.000000,-15.000000,0.000000
121.772003,0.000000,0.000000,-60.770000,0.000000,0.000000,40.000000,-15.000000,0.000000
121.777000,0.000000,0.000000,-60.770000,0.000000,0.000000,40.000000,-15.000000,0.000000
121.781998,0.000000,0.000000,-60.770000,0.000000,0.000000,40.000000,-15.000000,0.000000
121.787003,0.000000,0.000000,-60.779999,0.000000,0.000000,40.000000,-15.000000,0.000000
121.792000,0.000000,0.000000,-60.779999,0.000000,0.000000,40.000000,-15.000000,0.000000
121.796997,0.000000,0.000000,-60.779999,0.000000,0.000000,40.000000,-15.000000,0.000000
121.802002,0.000000,0.000000,-60.779999,0.000000,0.000000,40.000000,-15.000000,0.000000
121.806999,0.000000,0.000000,-60.779999,0.000000,0.000000,40.000000,-15.000000,0.000000
121.811996,0.000000,0.000000,-60.779999,0.000000,0.000000,40.000000,-15.000000,0.000000
121.817001,0.000000,0.000000,-60.779999,0.000000,0.000000,40.000000,-15.000000,0.000000
121.821999,0.000000,0.000000,-60.779999,0.000000,0.000000,40.000000,-15.000000,0.000000
121.827003,0.000000,0.000000,-60.779999,0.000000,0.000000,40.000000,-15.000000,0.000000
121.832001,0.000000,0.000000,-60.779999,0.000000,0.000000,40.000000,-15.000000,0.000000
121.836998,0.000000,0.000000,-60.779999,0.000000,0.000000,40.000000,-15.000000,0.000000
121.842003,0.000000,0.000000,-60.779999,0.000000,0.000000,40.000000,-15.000000,0.000000
121.847000,0.000000,0.000000,-60.779999,0.000000,0.000000,40.000000,-15.000000,0.000000
121.851997,0.000000,0.000000,-60.779999,0.000000,0.000000,40.000000,-15.000000,0.000000
121.857002,0.000000,0.000000,-60.779999,0.000000,0.000000,40.000000,-15.000000,0.000000
121.862000,0.000000,0.000000,-60.779999,0.000000,0.000000,40.000000,-15.000000,0.000000
121.866997,0.000000,0.000000,-60.790001,0.000000,0.000000,40.000000,-15.000000,0.000000
121.872002,0.000000,0.000000,-60.779999,0.000000,0.000000,40.000000,-15.000000,0.000000
121.876999,0.000000,0.000000,-60.779999,0.000000,0.000000,40.000000,-15.000000,0.000000
121.882004,0.000000,0.000000,-60.779999,0.000000,0.000000,40.000000,-15.000000,0.000000
121.887001,0.000000,0.000000,-60.779999,0.000000,0.000000,40.000000,-15.000000,0.000000
121.891998,0.000000,0.000000,-60.779999,0.000000,0.000000,40.000000,-15.000000,0.000000
121.897003,0.000000,0.000000,-60.779999,0.000000,0.000000,40.000000,-15.000000,0.000000
121.902000,0.000000,0.000000,-60.779999,0.000000,0.000000,40.000000,-15.000000,0.000000
121.906998,0.000000,0.000000,-60.779999,0.000000,0.000000,40.000000,-15.000000,0.000000
121.912003,0.000000,0.000000,-60.779999,0.000000,0.000000,40.000000,-15.000000,0.000000
121.917000,0.000000,0.000000,-60.779999,0.000000,0.000000,40.000000,-15.000000,0.000000
121.921997,0.000000,0.000000,-60.779999,0.000000,0.000000,40.000000,-15.000000,0.000000
121.927002,0.000000,0.000000,-60.779999,0.000000,0.000000,40.000000,-15.000000,0.000000
121.931999,0.000000,0.000000,-60.779999,0.000000,0.000000,40.000000,-15.000000,0.000000
121.936996,0.000000,0.000000,-60.770000,0.000000,0.000000,40.000000,-15.000000,0.000000
121.942001,0.000000,0.000000,-60.770000,0.000000,0.000000,40.000000,-15.000000,0.000000
121.946999,0.000000,0.000000,-60.770000,0.000000,0.000000,40.000000,-15.000000,0.000000
121.952003,0.000000,0.000000,-60.770000,0.000000,0.000000,40.000000,-15.000000,0.000000
121.957001,0.000000,0.000000,-60.770000,0.000000,0.000000,40.000000,-15.000000,0.000000
121.961998,0.000000,0.000000,-60.770000,0.000000,0.000000,40.000000,-15.000000,0.000000
121.967003,0.000000,0.000000,-60.770000,0.000000,0.000000,40.000000,-15.000000,0.000000
121.972000,0.000000,0.000000,-60.770000,0.000000,0.000000,40.000000,-15.000000,0.000000
121.976997,0.000000,0.000000,-60.770000,0.000000,0.000000,40.000000,-15.000000,0.000000
121.982002,0.000000,0.000000,-60.770000,0.000000,0.000000,40.000000,-15.000000,0.000000
121.987000,0.000000,0.000000,-60.770000,0.000000,0.000000,40.000000,-15.000000,0.000000
121.991997,0.000000,0.000000,-60.770000,0.000000,0.000000,40.000000,-15.000000,0.000000
121.997002,0.000000,0.000000,-60.770000,0.000000,0.000000,40.000000,-15.000000,0.000000
122.001999,0.000000,0.000000,-60.770000,0.000000,0.000000,40.000000,-15.000000,0.000000
122.007004,0.000000,0.000000,-60.770000,0.000000,0.000000,40.000000,-15.000000,0.000000
122.012001,0.000000,0.000000,-60.770000,0.000000,0.000000,40.000000,-15.000000,0.000000
122.016998,0.000000,0.000000,-60.770000,0.000000,0.000000,40.000000,-15.000000,0.000000
122.022003,0.000000,0.000000,-60.770000,0.000000,0.000000,40.000000,-15.000000,0.000000
122.027000,0.000000,0.000000,-60.770000,0.000000,0.000000,40.000000,-15.000000,0.000000
122.031998,0.000000,0.000000,-60.770000,0.000000,0.000000,40.000000,-15.000000,0.000000
122.037003,0.000000,0.000000,-60.770000,0.000000,0.000000,40.000000,-15.000000,0.000000
122.042000,0.000000,0.000000,-60.770000,0.000000,0.000000,40.000000,-15.000000,0.000000
122.046997,0.000000,0.000000,-60.770000,0.000000,0.000000,40.000000,-15.000000,0.000000
122.052002,0.000000,0.000000,-60.770000,0.000000,0.000000,40.000000,-15.000000,0.000000
122.056999,0.000000,0.000000,-60.759998,0.000000,0.000000,40.000000,-15.000000,0.000000
122.061996,0.000000,0.000000,-60.770000,0.000000,0.000000,40.000000,-15.000000,0.000000
122.067001,0.000000,0.000000,-60.770000,0.000000,0.000000,40.000000,-15.000000,0.000000
122.071999,0.000000,0.000000,-60.770000,0.000000,0.000000,40.000000,-15.000000,0.000000
122.077003,0.000000,0.000000,-60.770000,0.000000,0.000000,40.000000,-15.000000,0.000000
122.082001,0.000000,0.000000,-60.770000,0.000000,0.000000,40.000000,-15.000000,0.000000
122.086998,0.000000,0.000000,-60.770000,0.000000,0.000000,40.000000,-15.000000,0.000000
122.092003,0.000000,0.000000,-60.770000,0.000000,0.000000,40.000000,-15.000000,0.000000
122.097000,0.000000,0.000000,-60.770000,0.000000,0.000000,40.000000,-15.000000,0.000000
122.101997,0.000000,0.000000,-60.770000,0.000000,0.000000,40.000000,-15.000000,0.000000
122.107002,0.000000,0.000000,-60.770000,0.000000,0.000000,40.000000,-15.000000,0.000000
122.112000,0.000000,0.000000,-60.770000,0.000000,0.000000,40.000000,-15.000000,0.000000
122.116997,0.000000,0.000000,-60.759998,0.000000,0.000000,40.000000,-15.000000,0.000000
122.122002,0.000000,0.000000,-60.759998,0.000000,0.000000,40.000000,-15.000000,0.000000
122.126999,0.000000,0.000000,-60.759998,0.000000,0.000000,40.000000,-15.000000,0.000000
122.132004,0.000000,0.000000,-60.759998,0.000000,0.000000,40.000000,-15.000000,0.000000
122.137001,0.000000,0.000000,-60.750000,0.000000,0.000000,40.000000,-15.000000,0.000000
122.141998,0.000000,0.000000,-60.759998,0.000000,0.000000,40.000000,-15.000000,0.000000
122.147003,0.000000,0.000000,-60.759998,0.000000,0.000000,40.000000,-15.000000,0.000000
122.152000,0.000000,0.000000,-60.759998,0.000000,0.000000,40.000000,-15.000000,0.000000
122.156998,0.000000,0.000000,-60.759998,0.000000,0.000000,40.000000,-15.000000,0.000000
122.162003,0.000000,0.000000,-60.759998,0.000000,0.000000,40.000000,-15.000000,0.000000
122.167000,0.000000,0.000000,-60.759998,0.000000,0.000000,40.000000,-15.000000,0.000000
122.171997,0.000000,0.000000,-60.759998,0.000000,0.000000,40.000000,-15.000000,0.000000
122.177002,0.000000,0.000000,-60.750000,0.000000,0.000000,40.000000,-15.000000,0.000000
122.181999,0.000000,0.000000,-60.750000,0.000000,0.000000,40.000000,-15.000000,0.000000
122.186996,0.000000,0.000000,-60.750000,0.000000,0.000000,40.000000,-15.000000,0.000000
122.192001,0.000000,0.000000,-60.750000,0.000000,0.000000,40.000000,-15.000000,0.000000
122.196999,0.000000,0.000000,-60.750000,0.000000,0.000000,40.000000,-15.000000,0.000000
122.202003,0.000000,0.000000,-60.750000,0.000000,0.000000,40.000000,-15.000000,0.000000
122.207001,0.000000,0.000000,-60.750000,0.000000,0.000000,40.000000,-15.000000,0.000000
122.211998,0.000000,0.000000,-60.750000,0.000000,0.000000,40.000000,-15.000000,0.000000
122.217003,0.000000,0.000000,-60.750000,0.000000,0.000000,40.000000,-15.000000,0.000000
122.222000,0.000000,0.000000,-60.750000,0.000000,0.000000,40.000000,-15.000000,0.000000
122.226997,0.000000,0.000000,-60.750000,0.000000,0.000000,40.000000,-15.000000,0.000000
122.232002,0.000000,0.000000,-60.750000,0.000000,0.000000,40.000000,-15.000000,0.000000
122.237000,0.000000,0.000000,-60.750000,0.000000,0.000000,40.000000,-15.000000,0.000000
122.241997,0.000000,0.000000,-60.750000,0.000000,0.000000,40.000000,-15.000000,0.000000
122.247002,0.000000,0.000000,-60.750000,0.000000,0.000000,40.000000,-15.000000,0.000000
122.251999,0.000000,0.000000,-60.750000,0.000000,0.000000,40.000000,-15.000000,0.000000
122.257004,0.000000,0.000000,-60.750000,0.000000,0.000000,40.000000,-15.000000,0.000000
122.262001,0.000000,0.000000,-60.750000,0.000000,0.000000,40.000000,-15.000000,0.000000
122.266998,0.000000,0.000000,-60.750000,0.000000,0.000000,40.000000,-15.000000,0.000000
122.272003,0.000000,0.000000,-60.750000,0.000000,0.000000,40.000000,-15.000000,0.000000
122.277000,0.000000,0.000000,-60.750000,0.000000,0.000000,40.000000,-15.000000,0.000000
122.281998,0.000000,0.000000,-60.750000,0.000000,0.000000,40.000000,-15.000000,0.000000
122.287003,0.000000,0.000000,-60.750000,0.000000,0.000000,40.000000,-15.000000,0.000000
122.292000,0.000000,0.000000,-60.750000,0.000000,0.000000,40.000000,-15.000000,0.000000
122.296997,0.000000,0.000000,-60.750000,0.000000,0.000000,40.000000,-15.000000,0.000000
122.302002,0.000000,0.000000,-60.750000,0.000000,0.000000,40.000000,-15.000000,0.000000
122.306999,0.000000,0.000000,-60.750000,0.000000,0.000000,40.000000,-15.000000,0.000000
122.311996,0.000000,0.000000,-60.750000,0.000000,0.000000,40.000000,-15.000000,0.000000
122.317001,0.000000,0.000000,-60.740002,0.000000,0.000000,40.000000,-15.000000,0.000000
122.321999,0.000000,0.000000,-60.740002,0.000000,0.000000,40.000000,-15.000000,0.000000
122.327003,0.000000,0.000000,-60.740002,0.000000,0.000000,40.000000,-15.000000,0.000000
122.332001,0.000000,0.000000,-60.740002,0.000000,0.000000,40.000000,-15.000000,0.000000
122.336998,0.000000,0.000000,-60.740002,0.000000,0.000000,40.000000,-15.000000,0.000000
122.342003,0.000000,0.000000,-60.740002,0.000000,0.000000,40.000000,-15.000000,0.000000
122.347000,0.000000,0.000000,-60.740002,0.000000,0.000000,40.000000,-15.000000,0.000000
122.351997,0.000000,0.000000,-60.740002,0.000000,0.000000,40.000000,-15.000000,0.000000
122.357002,0.000000,0.000000,-60.740002,0.000000,0.000000,40.000000,-15.000000,0.000000
122.362000,0.000000,0.000000,-60.750000,0.000000,0.000000,40.000000,-15.000000,0.000000
122.366997,0.000000,0.000000,-60.750000,0.000000,0.000000,40.000000,-15.000000,0.000000
122.372002,0.000000,0.000000,-60.750000,0.000000,0.000000,40.000000,-15.000000,0.000000
122.376999,0.000000,0.000000,-60.750000,0.000000,0.000000,40.000000,-15.000000,0.000000
122.382004,0.000000,0.000000,-60.750000,0.000000,0.000000,40.000000,-15.000000,0.000000
122.387001,0.000000,0.000000,-60.750000,0.000000,0.000000,40.000000,-15.000000,0.000000
122.391998,0.000000,0.000000,-60.759998,0.000000,0.000000,40.000000,-15.000000,0.000000
122.397003,0.000000,0.000000,-60.759998,0.000000,0.000000,40.000000,-15.000000,0.000000
122.402000,0.000000,0.000000,-60.759998,0.000000,0.000000,40.000000,-15.000000,0.000000
122.406998,0.000000,0.000000,-60.759998,0.000000,0.000000,40.000000,-15.000000,0.000000
122.412003,0.000000,0.000000,-60.759998,0.000000,0.000000,40.000000,-15.000000,0.000000
122.417000,0.000000,0.000000,-60.759998,0.000000,0.000000,40.000000,-15.000000,0.000000
122.421997,0.000000,0.000000,-60.759998,0.000000,0.000000,40.000000,-15.000000,0.000000
122.427002,0.000000,0.000000,-60.759998,0.000000,0.000000,40.000000,-15.000000,0.000000
122.431999,0.000000,0.000000,-60.759998,0.000000,0.000000,40.000000,-15.000000,0.000000
122.436996,0.000000,0.000000,-60.759998,0.000000,0.000000,40.000000,-15.000000,0.000000
122.442001,0.000000,0.000000,-60.759998,0.000000,0.000000,40.000000,-15.000000,0.000000
122.446999,0.000000,0.000000,-60.759998,0.000000,0.000000,40.000000,-15.000000,0.000000
122.452003,0.000000,0.000000,-60.759998,0.000000,0.000000,40.000000,-15.000000,0.000000
122.457001,0.000000,0.000000,-60.759998,0.000000,0.000000,40.000000,-15.000000,0.000000
122.461998,0.000000,0.000000,-60.759998,0.000000,0.000000,40.000000,-15.000000,0.000000
122.467003,0.000000,0.000000,-60.759998,0.000000,0.000000,40.000000,-15.000000,0.000000
122.472000,0.000000,0.000000,-60.759998,0.000000,0.000000,40.000000,-15.000000,0.000000
122.476997,0.000000,0.000000,-60.759998,0.000000,0.000000,40.000000,-15.000000,0.000000
122.482002,0.000000,0.000000,-60.759998,0.000000,0.000000,40.000000,-15.000000,0.000000
122.487000,0.000000,0.000000,-60.750000,0.000000,0.000000,40.000000,-15.000000,0.000000
122.491997,0.000000,0.000000,-60.750000,0.000000,0.000000,40.000000,-15.000000,0.000000
122.497002,0.000000,0.000000,-60.750000,0.000000,0.000000,40.000000,-15.000000,0.000000
122.501999,0.000000,0.000000,-60.759998,0.000000,0.000000,40.000000,-15.000000,0.000000
122.507004,0.000000,0.000000,-60.750000,0.000000,0.000000,40.000000,-15.000000,0.000000
122.512001,0.000000,0.000000,-60.750000,0.000000,0.000000,40.000000,-15.000000,0.000000
122.516998,0.000000,0.000000,-60.750000,0.000000,0.000000,40.000000,-15.000000,0.000000
122.522003,0.000000,0.000000,-60.750000,0.000000,0.000000,40.000000,-15.000000,0.000000
122.527000,0.000000,0.000000,-60.750000,0.000000,0.000000,40.000000,-15.000000,0.000000
122.531998,0.000000,0.000000,-60.750000,0.000000,0.000000,40.000000,-15.000000,0.000000
122.537003,0.000000,0.000000,-60.750000,0.000000,0.000000,40.000000,-15.000000,0.000000
122.542000,0.000000,0.000000,-60.750000,0.000000,0.000000,40.000000,-15.000000,0.000000
122.546997,0.000000,0.000000,-60.750000,0.000000,0.000000,40.000000,-15.000000,0.000000
122.552002,0.000000,0.000000,-60.750000,0.000000,0.000000,40.000000,-15.000000,0.000000
122.556999,0.000000,0.000000,-60.750000,0.000000,0.000000,40.000000,-15.000000,0.000000
122.561996,0.000000,0.000000,-60.750000,0.000000,0.000000,40.000000,-15.000000,0.000000
122.567001,0.000000,0.000000,-60.750000,0.000000,0.000000,40.000000,-15.000000,0.000000
122.571999,0.000000,0.000000,-60.750000,0.000000,0.000000,40.000000,-15.000000,0.000000
122.577003,0.000000,0.000000,-60.750000,0.000000,0.000000,40.000000,-15.000000,0.000000
122.582001,0.000000,0.000000,-60.750000,0.000000,0.000000,40.000000,-15.000000,0.000000
122.586998,0.000000,0.000000,-60.750000,0.000000,0.000000,40.000000,-15.000000,0.000000
122.592003,0.000000,0.000000,-60.750000,0.000000,0.000000,40.000000,-15.000000,0.000000
122.597000,0.000000,0.000000,-60.750000,0.000000,0.000000,40.000000,-15.000000,0.000000
122.601997,0.000000,0.000000,-60.750000,0.000000,0.000000,40.000000,-15.000000,0.000000
122.607002,0.000000,0.000000,-60.750000,0.000000,0.000000,40.000000,-15.000000,0.000000
122.612000,0.000000,0.000000,-60.750000,0.000000,0.000000,40.000000,-15.000000,0.000000
122.616997,0.000000,0.000000,-60.759998,0.000000,0.000000,40.000000,-15.000000,0.000000
122.622002,0.000000,0.000000,-60.759998,0.000000,0.000000,40.000000,-15.000000,0.000000
122.626999,0.000000,0.000000,-60.759998,0.000000,0.000000,40.000000,-15.000000,0.000000
122.632004,0.000000,0.000000,-60.759998,0.000000,0.000000,40.000000,-15.000000,0.000000
122.637001,0.000000,0.000000,-60.759998,0.000000,0.000000,40.000000,-15.000000,0.000000
122.641998,0.000000,0.000000,-60.759998,0.000000,0.000000,40.000000,-15.000000,0.000000
122.647003,0.000000,0.000000,-60.759998,0.000000,0.000000,40.000000,-15.000000,0.000000
122.652000,0.000000,0.000000,-60.759998,0.000000,0.000000,40.000000,-15.000000,0.000000
122.656998,0.000000,0.000000,-60.759998,0.000000,0.000000,40.000000,-15.000000,0.000000
122.662003,0.000000,0.000000,-60.759998,0.000000,0.000000,40.000000,-15.000000,0.000000
122.667000,0.000000,0.000000,-60.759998,0.000000,0.000000,40.000000,-15.000000,0.000000
122.671997,0.000000,0.000000,-60.759998,0.000000,0.000000,40.000000,-15.000000,0.000000
122.677002,0.000000,0.000000,-60.759998,0.000000,0.000000,40.000000,-15.000000,0.000000
122.681999,0.000000,0.000000,-60.759998,0.000000,0.000000,40.000000,-15.000000,0.000000
122.686996,0.000000,0.000000,-60.759998,0.000000,0.000000,40.000000,-15.000000,0.000000
122.692001,0.000000,0.000000,-60.759998,0.000000,0.000000,40.000000,-15.000000,0.000000
122.696999,0.000000,0.000000,-60.759998,0.000000,0.000000,40.000000,-15.000000,0.000000
122.702003,0.000000,0.000000,-60.759998,0.000000,0.000000,40.000000,-15.000000,0.000000
122.707001,0.000000,0.000000,-60.759998,0.000000,0.000000,40.000000,-15.000000,0.000000
122.711998,0.000000,0.000000,-60.759998,0.000000,0.000000,40.000000,-15.000000,0.000000
122.717003,0.000000,0.000000,-60.759998,0.000000,0.000000,40.000000,-15.000000,0.000000
122.722000,0.000000,0.000000,-60.759998,0.000000,0.000000,40.000000,-15.000000,0.000000
122.726997,0.000000,0.000000,-60.759998,0.000000,0.000000,40.000000,-15.000000,0.000000
122.732002,0.000000,0.000000,-60.759998,0.000000,0.000000,40.000000,-15.000000,0.000000
122.737000,0.000000,0.000000,-60.759998,0.000000,0.000000,40.000000,-15.000000,0.000000
122.741997,0.000000,0.000000,-60.759998,0.000000,0.000000,40.000000,-15.000000,0.000000
122.747002,0.000000,0.000000,-60.759998,0.000000,0.000000,40.000000,-15.000000,0.000000
122.751999,0.000000,0.000000,-60.759998,0.000000,0.000000,40.000000,-15.000000,0.000000
122.757004,0.000000,0.000000,-60.759998,0.000000,0.000000,40.000000,-15.000000,0.000000
122.762001,0.000000,0.000000,-60.759998,0.000000,0.000000,40.000000,-15.000000,0.000000
122.766998,0.000000,0.000000,-60.759998,0.000000,0.000000,40.000000,-15.000000,0.000000
122.772003,0.000000,0.000000,-60.750000,0.000000,0.000000,40.000000,-15.000000,0.000000
122.777000,0.000000,0.000000,-60.759998,0.000000,0.000000,40.000000,-15.000000,0.000000
122.781998,0.000000,0.000000,-60.759998,0.000000,0.000000,40.000000,-15.000000,0.000000
122.787003,0.000000,0.000000,-60.759998,0.000000,0.000000,40.000000,-15.000000,0.000000
122.792000,0.000000,0.000000,-60.759998,0.000000,0.000000,40.000000,-15.000000,0.000000
122.796997,0.000000,0.000000,-60.759998,0.000000,0.000000,40.000000,-15.000000,0.000000
122.802002,0.000000,0.000000,-60.759998,0.000000,0.000000,40.000000,-15.000000,0.000000
122.806999,0.000000,0.000000,-60.759998,0.000000,0.000000,40.000000,-15.000000,0.000000
122.811996,0.000000,0.000000,-60.750000,0.000000,0.000000,40.000000,-15.000000,0.000000
122.817001,0.000000,0.000000,-60.750000,0.000000,0.000000,40.000000,-15.000000,0.000000
122.821999,0.000000,0.000000,-60.750000,0.000000,0.000000,40.000000,-15.000000,0.000000
122.827003,0.000000,0.000000,-60.750000,0.000000,0.000000,40.000000,-15.000000,0.000000
122.832001,0.000000,0.000000,-60.750000,0.000000,0.000000,40.000000,-15.000000,0.000000
122.836998,0.000000,0.000000,-60.750000,0.000000,0.000000,40.000000,-15.000000,0.000000
122.842003,0.000000,0.000000,-60.750000,0.000000,0.000000,40.000000,-15.000000,0.000000
122.847000,0.000000,0.000000,-60.750000,0.000000,0.000000,40.000000,-15.000000,0.000000
122.851997,0.000000,0.000000,-60.750000,0.000000,0.000000,40.000000,-15.000000,0.000000
122.857002,0.000000,0.000000,-60.750000,0.000000,0.000000,40.000000,-15.000000,0.000000
122.862000,0.000000,0.000000,-60.750000,0.000000,0.000000,40.000000,-15.000000,0.000000
122.866997,0.000000,0.000000,-60.750000,0.000000,0.000000,40.000000,-15.000000,0.000000
122.872002,0.000000,0.000000,-60.750000,0.000000,0.000000,40.000000,-15.000000,0.000000
122.876999,0.000000,0.000000,-60.750000,0.000000,0.000000,40.000000,-15.000000,0.000000
122.882004,0.000000,0.000000,-60.750000,0.000000,0.000000,40.000000,-15.000000,0.000000
122.887001,0.000000,0.000000,-60.750000,0.000000,0.000000,40.000000,-15.000000,0.000000
122.891998,0.000000,0.000000,-60.750000,0.000000,0.000000,40.000000,-15.000000,0.000000
122.897003,0.000000,0.000000,-60.750000,0.000000,0.000000,40.000000,-15.000000,0.000000
122.902000,0.000000,0.000000,-60.750000,0.000000,0.000000,40.000000,-15.000000,0.000000
122.906998,0.000000,0.000000,-60.750000,0.000000,0.000000,40.000000,-15.000000,0.000000
122.912003,0.000000,0.000000,-60.750000,0.000000,0.000000,40.000000,-15.000000,0.000000
122.917000,0.000000,0.000000,-60.750000,0.000000,0.000000,40.000000,-15.000000,0.000000
122.921997,0.000000,0.000000,-60.750000,0.000000,0.000000,40.000000,-15.000000,0.000000
122.927002,0.000000,0.000000,-60.759998,0.000000,0.000000,40.000000,-15.000000,0.000000
122.931999,0.000000,0.000000,-60.759998,0.000000,0.000000,40.000000,-15.000000,0.000000
122.936996,0.000000,0.000000,-60.750000,0.000000,0.000000,40.000000,-15.000000,0.000000
122.942001,0.000000,0.000000,-60.750000,0.000000,0.000000,40.000000,-15.000000,0.000000
122.946999,0.000000,0.000000,-60.750000,0.000000,0.000000,40.000000,-15.000000,0.000000
122.952003,0.000000,0.000000,-60.750000,0.000000,0.000000,40.000000,-15.000000,0.000000
122.957001,0.000000,0.000000,-60.750000,0.000000,0.000000,40.000000,-15.000000,0.000000
122.961998,0.000000,0.000000,-60.750000,0.000000,0.000000,40.000000,-15.000000,0.000000
122.967003,0.000000,0.000000,-60.750000,0.000000,0.000000,40.000000,-15.000000,0.000000
122.972000,0.000000,0.000000,-60.750000,0.000000,0.000000,40.000000,-15.000000,0.000000
122.976997,0.000000,0.000000,-60.750000,0.000000,0.000000,40.000000,-15.000000,0.000000
122.982002,0.000000,0.000000,-60.750000,0.000000,0.000000,40.000000,-15.000000,0.000000
122.987000,0.000000,0.000000,-60.759998,0.000000,0.000000,40.000000,-15.000000,0.000000
122.991997,0.000000,0.000000,-60.759998,0.000000,0.000000,40.000000,-15.000000,0.000000
122.997002,0.000000,0.000000,-60.759998,0.000000,0.000000,40.000000,-15.000000,0.000000
123.001999,0.000000,0.000000,-60.759998,0.000000,0.000000,40.000000,-15.000000,0.000000
123.007004,0.000000,0.000000,-60.759998,0.000000,0.000000,40.000000,-15.000000,0.000000
123.012001,0.000000,0.000000,-60.770000,0.000000,0.000000,40.000000,-15.000000,0.000000
123.016998,0.000000,0.000000,-60.759998,0.000000,0.000000,40.000000,-15.000000,0.000000
123.022003,0.000000,0.000000,-60.770000,0.000000,0.000000,40.000000,-15.000000,0.000000
123.027000,0.000000,0.000000,-60.759998,0.000000,0.000000,40.000000,-15.000000,0.000000
123.031998,0.000000,0.000000,-60.770000,0.000000,0.000000,40.000000,-15.000000,0.000000
123.037003,0.000000,0.000000,-60.759998,0.000000,0.000000,40.000000,-15.000000,0.000000
123.042000,0.000000,0.000000,-60.770000,0.000000,0.000000,40.000000,-15.000000,0.000000
123.046997,0.000000,0.000000,-60.759998,0.000000,0.000000,40.000000,-15.000000,0.000000
123.052002,0.000000,0.000000,-60.759998,0.000000,0.000000,40.000000,-15.000000,0.000000
123.056999,0.000000,0.000000,-60.759998,0.000000,0.000000,40.000000,-15.000000,0.000000
123.061996,0.000000,0.000000,-60.759998,0.000000,0.000000,40.000000,-15.000000,0.000000
123.067001,0.000000,0.000000,-60.759998,0.000000,0.000000,40.000000,-15.000000,0.000000
123.071999,0.000000,0.000000,-60.759998,0.000000,0.000000,40.000000,-15.000000,0.000000
123.077003,0.000000,0.000000,-60.759998,0.000000,0.000000,40.000000,-15.000000,0.000000
123.082001,0.000000,0.000000,-60.750000,0.000000,0.000000,40.000000,-15.000000,0.000000
123.086998,0.000000,0.000000,-60.750000,0.000000,0.000000,40.000000,-15.000000,0.000000
123.092003,0.000000,0.000000,-60.750000,0.000000,0.000000,40.000000,-15.000000,0.000000
123.097000,0.000000,0.000000,-60.750000,0.000000,0.000000,40.000000,-15.000000,0.000000
123.101997,0.000000,0.000000,-60.750000,0.000000,0.000000,40.000000,-15.000000,0.000000
123.107002,0.000000,0.000000,-60.750000,0.000000,0.000000,40.000000,-15.000000,0.000000
123.112000,0.000000,0.000000,-60.750000,0.000000,0.000000,40.000000,-15.000000,0.000000
123.116997,0.000000,0.000000,-60.750000,0.000000,0.000000,40.000000,-15.000000,0.000000
123.122002,0.000000,0.000000,-60.750000,0.000000,0.000000,40.000000,-15.000000,0.000000
123.126999,0.000000,0.000000,-60.750000,0.000000,0.000000,40.000000,-15.000000,0.000000
123.132004,0.000000,0.000000,-60.750000,0.000000,0.000000,40.000000,-15.000000,0.000000
123.137001,0.000000,0.000000,-60.750000,0.000000,0.000000,40.000000,-15.000000,0.000000
123.141998,0.000000,0.000000,-60.750000,0.000000,0.000000,40.000000,-15.000000,0.000000
123.147003,0.000000,0.000000,-60.750000,0.000000,0.000000,40.000000,-15.000000,0.000000
123.152000,0.000000,0.000000,-60.750000,0.000000,0.000000,40.000000,-15.000000,0.000000
123.156998,0.000000,0.000000,-60.750000,0.000000,0.000000,40.000000,-15.000000,0.000000
123.162003,0.000000,0.000000,-60.759998,0.000000,0.000000,40.000000,-15.000000,0.000000
123.167000,0.000000,0.000000,-60.759998,0.000000,0.000000,40.000000,-15.000000,0.000000
123.171997,0.000000,0.000000,-60.759998,0.000000,0.000000,40.000000,-15.000000,0.000000
123.177002,0.000000,0.000000,-60.759998,0.000000,0.000000,40.000000,-15.000000,0.000000
123.181999,0.000000,0.000000,-60.759998,0.000000,0.000000,40.000000,-15.000000,0.000000
123.186996,0.000000,0.000000,-60.759998,0.000000,0.000000,40.000000,-15.000000,0.000000
123.192001,0.000000,0.000000,-60.770000,0.000000,0.000000,40.000000,-15.000000,0.000000
123.196999,0.000000,0.000000,-60.770000,0.000000,0.000000,40.000000,-15.000000,0.000000
123.202003,0.000000,0.000000,-60.770000,0.000000,0.000000,40.000000,-15.000000,0.000000
123.207001,0.000000,0.000000,-60.770000,0.000000,0.000000,40.000000,-15.000000,0.000000
123.211998,0.000000,0.000000,-60.770000,0.000000,0.000000,40.000000,-15.000000,0.000000
123.217003,0.000000,0.000000,-60.770000,0.000000,0.000000,40.000000,-15.000000,0.000000
123.222000,0.000000,0.000000,-60.770000,0.000000,0.000000,40.000000,-15.000000,0.000000
123.226997,0.000000,0.000000,-60.770000,0.000000,0.000000,40.000000,-15.000000,0.000000
123.232002,0.000000,0.000000,-60.759998,0.000000,0.000000,40.000000,-15.000000,0.000000
123.237000,0.000000,0.000000,-60.759998,0.000000,0.000000,40.000000,-15.000000,0.000000
123.241997,0.000000,0.000000,-60.759998,0.000000,0.000000,40.000000,-15.000000,0.000000
123.247002,0.000000,0.000000,-60.759998,0.000000,0.000000,40.000000,-15.000000,0.000000
123.251999,0.000000,0.000000,-60.759998,0.000000,0.000000,40.000000,-15.000000,0.000000
123.257004,0.000000,0.000000,-60.759998,0.000000,0.000000,40.000000,-15.000000,0.000000
123.262001,0.000000,0.000000,-60.759998,0.000000,0.000000,40.000000,-15.000000,0.000000
123.266998,0.000000,0.000000,-60.759998,0.000000,0.000000,40.000000,-15.000000,0.000000
123.272003,0.000000,0.000000,-60.759998,0.000000,0.000000,40.000000,-15.000000,0.000000
123.277000,0.000000,0.000000,-60.759998,0.000000,0.000000,40.000000,-15.000000,0.000000
123.281998,0.000000,0.000000,-60.759998,0.000000,0.000000,40.000000,-15.000000,0.000000
123.287003,0.000000,0.000000,-60.770000,0.000000,0.000000,40.000000,-15.000000,0.000000
123.292000,0.000000,0.000000,-60.770000,0.000000,0.000000,40.000000,-15.000000,0.000000
123.296997,0.000000,0.000000,-60.770000,0.000000,0.000000,40.000000,-15.000000,0.000000
123.302002,0.000000,0.000000,-60.770000,0.000000,0.000000,40.000000,-15.000000,0.000000
123.306999,0.000000,0.000000,-60.770000,0.000000,0.000000,40.000000,-15.000000,0.000000
123.311996,0.000000,0.000000,-60.770000,0.000000,0.000000,40.000000,-15.000000,0.000000
123.317001,0.000000,0.000000,-60.770000,0.000000,0.000000,40.000000,-15.000000,0.000000
123.321999,0.000000,0.000000,-60.770000,0.000000,0.000000,40.000000,-15.000000,0.000000
123.327003,0.000000,0.000000,-60.759998,0.000000,0.000000,40.000000,-15.000000,0.000000
123.332001,0.000000,0.000000,-60.759998,0.000000,0.000000,40.000000,-15.000000,0.000000
123.336998,0.000000,0.000000,-60.770000,0.000000,0.000000,40.000000,-15.000000,0.000000
123.342003,0.000000,0.000000,-60.770000,0.000000,0.000000,40.000000,-15.000000,0.000000
123.347000,0.000000,0.000000,-60.770000,0.000000,0.000000,40.000000,-15.000000,0.000000
123.351997,0.000000,0.000000,-60.770000,0.000000,0.000000,40.000000,-15.000000,0.000000
123.357002,0.000000,0.000000,-60.770000,0.000000,0.000000,40.000000,-15.000000,0.000000
123.362000,0.000000,0.000000,-60.770000,0.000000,0.000000,40.000000,-15.000000,0.000000
123.366997,0.000000,0.000000,-60.770000,0.000000,0.000000,40.000000,-15.000000,0.000000
123.372002,0.000000,0.000000,-60.770000,0.000000,0.000000,40.000000,-15.000000,0.000000
123.376999,0.000000,0.000000,-60.770000,0.000000,0.000000,40.000000,-15.000000,0.000000
123.382004,0.000000,0.000000,-60.759998,0.000000,0.000000,40.000000,-15.000000,0.000000
123.387001,0.000000,0.000000,-60.759998,0.000000,0.000000,40.000000,-15.000000,0.000000
123.391998,0.000000,0.000000,-60.759998,0.000000,0.000000,40.000000,-15.000000,0.000000
123.397003,0.000000,0.000000,-60.759998,0.000000,0.000000,40.000000,-15.000000,0.000000
123.402000,0.000000,0.000000,-60.770000,0.000000,0.000000,40.000000,-15.000000,0.000000
123.406998,0.000000,0.000000,-60.770000,0.000000,0.000000,40.000000,-15.000000,0.000000
123.412003,0.000000,0.000000,-60.770000,0.000000,0.000000,40.000000,-15.000000,0.000000
123.417000,0.000000,0.000000,-60.770000,0.000000,0.000000,40.000000,-15.000000,0.000000
123.421997,0.000000,0.000000,-60.770000,0.000000,0.000000,40.000000,-15.000000,0.000000
123.427002,0.000000,0.000000,-60.770000,0.000000,0.000000,40.000000,-15.000000,0.000000
123.431999,0.000000,0.000000,-60.770000,0.000000,0.000000,40.000000,-15.000000,0.000000
123.436996,0.000000,0.000000,-60.770000,0.000000,0.000000,40.000000,-15.000000,0.000000
123.442001,0.000000,0.000000,-60.770000,0.000000,0.000000,40.000000,-15.000000,0.000000
123.446999,0.000000,0.000000,-60.770000,0.000000,0.000000,40.000000,-15.000000,0.000000
123.452003,0.000000,0.000000,-60.770000,0.000000,0.000000,40.000000,-15.000000,0.000000
123.457001,0.000000,0.000000,-60.770000,0.000000,0.000000,40.000000,-15.000000,0.000000
123.461998,0.000000,0.000000,-60.770000,0.000000,0.000000,40.000000,-15.000000,0.000000
123.467003,0.000000,0.000000,-60.770000,0.000000,0.000000,40.000000,-15.000000,0.000000
123.472000,0.000000,0.000000,-60.770000,0.000000,0.000000,40.000000,-15.000000,0.000000
123.476997,0.000000,0.000000,-60.770000,0.000000,0.000000,40.000000,-15.000000,0.000000
123.482002,0.000000,0.000000,-60.770000,0.000000,0.000000,40.000000,-15.000000,0.000000
123.487000,0.000000,0.000000,-60.759998,0.000000,0.000000,40.000000,-15.000000,0.000000
123.491997,0.000000,0.000000,-60.759998,0.000000,0.000000,40.000000,-15.000000,0.000000
123.497002,0.000000,0.000000,-60.759998,0.000000,0.000000,40.000000,-15.000000,0.000000
123.501999,0.000000,0.000000,-60.759998,0.000000,0.000000,40.000000,-15.000000,0.000000
123.507004,0.000000,0.000000,-60.759998,0.000000,0.000000,40.000000,-15.000000,0.000000
123.512001,0.000000,0.000000,-60.759998,0.000000,0.000000,40.000000,-15.000000,0.000000
123.516998,0.000000,0.000000,-60.759998,0.000000,0.000000,40.000000,-15.000000,0.000000
123.522003,0.000000,0.000000,-60.759998,0.000000,0.000000,40.000000,-15.000000,0.000000
123.527000,0.000000,0.000000,-60.759998,0.000000,0.000000,40.000000,-15.000000,0.000000
123.531998,0.000000,0.000000,-60.770000,0.000000,0.000000,40.000000,-15.000000,0.000000
123.537003,0.000000,0.000000,-60.770000,0.000000,0.000000,40.000000,-15.000000,0.000000
123.542000,0.000000,0.000000,-60.759998,0.000000,0.000000,40.000000,-15.000000,0.000000
123.546997,0.000000,0.000000,-60.759998,0.000000,0.000000,40.000000,-15.000000,0.000000
123.552002,0.000000,0.000000,-60.759998,0.000000,0.000000,40.000000,-15.000000,0.000000
123.556999,0.000000,0.000000,-60.759998,0.000000,0.000000,40.000000,-15.000000,0.000000
123.561996,0.000000,0.000000,-60.759998,0.000000,0.000000,40.000000,-15.000000,0.000000
123.567001,0.000000,0.000000,-60.770000,0.000000,0.000000,40.000000,-15.000000,0.000000
123.571999,0.000000,0.000000,-60.759998,0.000000,0.000000,40.000000,-15.000000,0.000000
123.577003,0.000000,0.000000,-60.759998,0.000000,0.000000,40.000000,-15.000000,0.000000
123.582001,0.000000,0.000000,-60.759998,0.000000,0.000000,40.000000,-15.000000,0.000000
123.586998,0.000000,0.000000,-60.759998,0.000000,0.000000,40.000000,-15.000000,0.000000
123.592003,0.000000,0.000000,-60.759998,0.000000,0.000000,40.000000,-15.000000,0.000000
123.597000,0.000000,0.000000,-60.759998,0.000000,0.000000,40.000000,-15.000000,0.000000
123.601997,0.000000,0.000000,-60.759998,0.000000,0.000000,40.000000,-15.000000,0.000000
123.607002,0.000000,0.000000,-60.759998,0.000000,0.000000,40.000000,-15.000000,0.000000
123.612000,0.000000,0.000000,-60.759998,0.000000,0.000000,40.000000,-15.000000,0.000000
123.616997,0.000000,0.000000,-60.759998,0.000000,0.000000,40.000000,-15.000000,0.000000
123.622002,0.000000,0.000000,-60.759998,0.000000,0.000000,40.000000,-15.000000,0.000000
123.626999,0.000000,0.000000,-60.759998,0.000000,0.000000,40.000000,-15.000000,0.000000
123.632004,0.000000,0.000000,-60.759998,0.000000,0.000000,40.000000,-15.000000,0.000000
123.637001,0.000000,0.000000,-60.750000,0.000000,0.000000,40.000000,-15.000000,0.000000
123.641998,0.000000,0.000000,-60.750000,0.000000,0.000000,40.000000,-15.000000,0.000000
123.647003,0.000000,0.000000,-60.750000,0.000000,0.000000,40.000000,-15.000000,0.000000
123.652000,0.000000,0.000000,-60.750000,0.000000,0.000000,40.000000,-15.000000,0.000000
123.656998,0.000000,0.000000,-60.750000,0.000000,0.000000,40.000000,-15.000000,0.000000
123.662003,0.000000,0.000000,-60.750000,0.000000,0.000000,40.000000,-15.000000,0.000000
123.667000,0.000000,0.000000,-60.750000,0.000000,0.000000,40.000000,-15.000000,0.000000
123.671997,0.000000,0.000000,-60.750000,0.000000,0.000000,40.000000,-15.000000,0.000000
123.677002,0.000000,0.000000,-60.740002,0.000000,0.000000,40.000000,-15.000000,0.000000
123.681999,0.000000,0.000000,-60.740002,0.000000,0.000000,40.000000,-15.000000,0.000000
123.686996,0.000000,0.000000,-60.750000,0.000000,0.000000,40.000000,-15.000000,0.000000
123.692001,0.000000,0.000000,-60.750000,0.000000,0.000000,40.000000,-15.000000,0.000000
123.696999,0.000000,0.000000,-60.750000,0.000000,0.000000,40.000000,-15.000000,0.000000
123.702003,0.000000,0.000000,-60.750000,0.000000,0.000000,40.000000,-15.000000,0.000000
123.707001,0.000000,0.000000,-60.750000,0.000000,0.000000,40.000000,-15.000000,0.000000
123.711998,0.000000,0.000000,-60.750000,0.000000,0.000000,40.000000,-15.000000,0.000000
123.717003,0.000000,0.000000,-60.750000,0.000000,0.000000,40.000000,-15.000000,0.000000
123.722000,0.000000,0.000000,-60.750000,0.000000,0.000000,40.000000,-15.000000,0.000000
123.726997,0.000000,0.000000,-60.750000,0.000000,0.000000,40.000000,-15.000000,0.000000
123.732002,0.000000,0.000000,-60.750000,0.000000,0.000000,40.000000,-15.000000,0.000000
123.737000,0.000000,0.000000,-60.750000,0.000000,0.000000,40.000000,-15.000000,0.000000
123.741997,0.000000,0.000000,-60.740002,0.000000,0.000000,40.000000,-15.000000,0.000000
123.747002,0.000000,0.000000,-60.740002,0.000000,0.000000,40.000000,-15.000000,0.000000
123.751999,0.000000,0.000000,-60.750000,0.000000,0.000000,40.000000,-15.000000,0.000000
123.757004,0.000000,0.000000,-60.750000,0.000000,0.000000,40.000000,-15.000000,0.000000
123.762001,0.000000,0.000000,-60.740002,0.000000,0.000000,40.000000,-15.000000,0.000000
123.766998,0.000000,0.000000,-60.740002,0.000000,0.000000,40.000000,-15.000000,0.000000
123.772003,0.000000,0.000000,-60.740002,0.000000,0.000000,40.000000,-15.000000,0.000000
123.777000,0.000000,0.000000,-60.750000,0.000000,0.000000,40.000000,-15.000000,0.000000
123.781998,0.000000,0.000000,-60.750000,0.000000,0.000000,40.000000,-15.000000,0.000000
123.787003,0.000000,0.000000,-60.750000,0.000000,0.000000,40.000000,-15.000000,0.000000
123.792000,0.000000,0.000000,-60.750000,0.000000,0.000000,40.000000,-15.000000,0.000000
123.796997,0.000000,0.000000,-60.750000,0.000000,0.000000,40.000000,-15.000000,0.000000
123.802002,0.000000,0.000000,-60.759998,0.000000,0.000000,40.000000,-15.000000,0.000000
123.806999,0.000000,0.000000,-60.759998,0.000000,0.000000,40.000000,-15.000000,0.000000
123.811996,0.000000,0.000000,-60.759998,0.000000,0.000000,40.000000,-15.000000,0.000000
123.817001,0.000000,0.000000,-60.759998,0.000000,0.000000,40.000000,-15.000000,0.000000
123.821999,0.000000,0.000000,-60.759998,0.000000,0.000000,40.000000,-15.000000,0.000000
123.827003,0.000000,0.000000,-60.759998,0.000000,0.000000,40.000000,-15.000000,0.000000
123.832001,0.000000,0.000000,-60.759998,0.000000,0.000000,40.000000,-15.000000,0.000000
123.836998,0.000000,0.000000,-60.759998,0.000000,0.000000,40.000000,-15.000000,0.000000
123.842003,0.000000,0.000000,-60.759998,0.000000,0.000000,40.000000,-15.000000,0.000000
123.847000,0.000000,0.000000,-60.759998,0.000000,0.000000,40.000000,-15.000000,0.000000
123.851997,0.000000,0.000000,-60.759998,0.000000,0.000000,40.000000,-15.000000,0.000000
123.857002,0.000000,0.000000,-60.759998,0.000000,0.000000,40.000000,-15.000000,0.000000
123.862000,0.000000,0.000000,-60.759998,0.000000,0.000000,40.000000,-15.000000,0.000000
123.866997,0.000000,0.000000,-60.759998,0.000000,0.000000,40.000000,-15.000000,0.000000
123.872002,0.000000,0.000000,-60.759998,0.000000,0.000000,40.000000,-15.000000,0.000000
123.876999,0.000000,0.000000,-60.759998,0.000000,0.000000,40.000000,-15.000000,0.000000
123.882004,0.000000,0.000000,-60.759998,0.000000,0.000000,40.000000,-15.000000,0.000000
123.887001,0.000000,0.000000,-60.759998,0.000000,0.000000,40.000000,-15.000000,0.000000
123.891998,0.000000,0.000000,-60.770000,0.000000,0.000000,40.000000,-15.000000,0.000000
123.897003,0.000000,0.000000,-60.770000,0.000000,0.000000,40.000000,-15.000000,0.000000
123.902000,0.000000,0.000000,-60.770000,0.000000,0.000000,40.000000,-15.000000,0.000000
123.906998,0.000000,0.000000,-60.770000,0.000000,0.000000,40.000000,-15.000000,0.000000
123.912003,0.000000,0.000000,-60.770000,0.000000,0.000000,40.000000,-15.000000,0.000000
123.917000,0.000000,0.000000,-60.770000,0.000000,0.000000,40.000000,-15.000000,0.000000
123.921997,0.000000,0.000000,-60.770000,0.000000,0.000000,40.000000,-15.000000,0.000000
123.927002,0.000000,0.000000,-60.770000,0.000000,0.000000,40.000000,-15.000000,0.000000
123.931999,0.000000,0.000000,-60.770000,0.000000,0.000000,40.000000,-15.000000,0.000000
123.936996,0.000000,0.000000,-60.770000,0.000000,0.000000,40.000000,-15.000000,0.000000
123.942001,0.000000,0.000000,-60.779999,0.000000,0.000000,40.000000,-15.000000,0.000000
123.946999,0.000000,0.000000,-60.779999,0.000000,0.000000,40.000000,-15.000000,0.000000
123.952003,0.000000,0.000000,-60.779999,0.000000,0.000000,40.000000,-15.000000,0.000000
123.957001,0.000000,0.000000,-60.770000,0.000000,0.000000,40.000000,-15.000000,0.000000
123.961998,0.000000,0.000000,-60.770000,0.000000,0.000000,40.000000,-15.000000,0.000000
123.967003,0.000000,0.000000,-60.770000,0.000000,0.000000,40.000000,-15.000000,0.000000
123.972000,0.000000,0.000000,-60.770000,0.000000,0.000000,40.000000,-15.000000,0.000000
123.976997,0.000000,0.000000,-60.770000,0.000000,0.000000,40.000000,-15.000000,0.000000
123.982002,0.000000,0.000000,-60.770000,0.000000,0.000000,40.000000,-15.000000,0.000000
123.987000,0.000000,0.000000,-60.770000,0.000000,0.000000,40.000000,-15.000000,0.000000
123.991997,0.000000,0.000000,-60.759998,0.000000,0.000000,40.000000,-15.000000,0.000000
123.997002,0.000000,0.000000,-60.759998,0.000000,0.000000,40.000000,-15.000000,0.000000
124.001999,0.000000,0.000000,-60.759998,0.000000,0.000000,40.000000,-15.000000,0.000000
124.007004,0.000000,0.000000,-60.759998,0.000000,0.000000,40.000000,-15.000000,0.000000
124.012001,0.000000,0.000000,-60.759998,0.000000,0.000000,40.000000,-15.000000,0.000000
124.016998,0.000000,0.000000,-60.759998,0.000000,0.000000,40.000000,-15.000000,0.000000
124.022003,0.000000,0.000000,-60.759998,0.000000,0.000000,40.000000,-15.000000,0.000000
124.027000,0.000000,0.000000,-60.759998,0.000000,0.000000,40.000000,-15.000000,0.000000
124.031998,0.000000,0.000000,-60.759998,0.000000,0.000000,40.000000,-15.000000,0.000000
124.037003,0.000000,0.000000,-60.759998,0.000000,0.000000,40.000000,-15.000000,0.000000
124.042000,0.000000,0.000000,-60.759998,0.000000,0.000000,40.000000,-15.000000,0.000000
124.046997,0.000000,0.000000,-60.770000,0.000000,0.000000,40.000000,-15.000000,0.000000
124.052002,0.000000,0.000000,-60.770000,0.000000,0.000000,40.000000,-15.000000,0.000000
124.056999,0.000000,0.000000,-60.770000,0.000000,0.000000,40.000000,-15.000000,0.000000
124.061996,0.000000,0.000000,-60.770000,0.000000,0.000000,40.000000,-15.000000,0.000000
124.067001,0.000000,0.000000,-60.770000,0.000000,0.000000,40.000000,-15.000000,0.000000
124.071999,0.000000,0.000000,-60.770000,0.000000,0.000000,40.000000,-15.000000,0.000000
124.077003,0.000000,0.000000,-60.770000,0.000000,0.000000,40.000000,-15.000000,0.000000
124.082001,0.000000,0.000000,-60.770000,0.000000,0.000000,40.000000,-15.000000,0.000000
124.086998,0.000000,0.000000,-60.770000,0.000000,0.000000,40.000000,-15.000000,0.000000
124.092003,0.000000,0.000000,-60.770000,0.000000,0.000000,40.000000,-15.000000,0.000000
124.097000,0.000000,0.000000,-60.770000,0.000000,0.000000,40.000000,-15.000000,0.000000
124.101997,0.000000,0.000000,-60.770000,0.000000,0.000000,40.000000,-15.000000,0.000000
124.107002,0.000000,0.000000,-60.779999,0.000000,0.000000,40.000000,-15.000000,0.000000
124.112000,0.000000,0.000000,-60.779999,0.000000,0.000000,40.000000,-15.000000,0.000000
124.116997,0.000000,0.000000,-60.779999,0.000000,0.000000,40.000000,-15.000000,0.000000
124.122002,0.000000,0.000000,-60.779999,0.000000,0.000000,40.000000,-15.000000,0.000000
124.126999,0.000000,0.000000,-60.779999,0.000000,0.000000,40.000000,-15.000000,0.000000
124.132004,0.000000,0.000000,-60.770000,0.000000,0.000000,40.000000,-15.000000,0.000000
124.137001,0.000000,0.000000,-60.770000,0.000000,0.000000,40.000000,-15.000000,0.000000
124.141998,0.000000,0.000000,-60.770000,0.000000,0.000000,40.000000,-15.000000,0.000000
124.147003,0.000000,0.000000,-60.779999,0.000000,0.000000,40.000000,-15.000000,0.000000
124.152000,0.000000,0.000000,-60.779999,0.000000,0.000000,40.000000,-15.000000,0.000000
124.156998,0.000000,0.000000,-60.779999,0.000000,0.000000,40.000000,-15.000000,0.000000
124.162003,0.000000,0.000000,-60.779999,0.000000,0.000000,40.000000,-15.000000,0.000000
124.167000,0.000000,0.000000,-60.779999,0.000000,0.000000,40.000000,-15.000000,0.000000
124.171997,0.000000,0.000000,-60.779999,0.000000,0.000000,40.000000,-15.000000,0.000000
124.177002,0.000000,0.000000,-60.770000,0.000000,0.000000,40.000000,-15.000000,0.000000
124.181999,0.000000,0.000000,-60.770000,0.000000,0.000000,40.000000,-15.000000,0.000000
124.186996,0.000000,0.000000,-60.770000,0.000000,0.000000,40.000000,-15.000000,0.000000
124.192001,0.000000,0.000000,-60.770000,0.000000,0.000000,40.000000,-15.000000,0.000000
124.196999,0.000000,0.000000,-60.779999,0.000000,0.000000,40.000000,-15.000000,0.000000
124.202003,0.000000,0.000000,-60.779999,0.000000,0.000000,40.000000,-15.000000,0.000000
124.207001,0.000000,0.000000,-60.779999,0.000000,0.000000,40.000000,-15.000000,0.000000
124.211998,0.000000,0.000000,-60.779999,0.000000,0.000000,40.000000,-15.000000,0.000000
124.217003,0.000000,0.000000,-60.779999,0.000000,0.000000,40.000000,-15.000000,0.000000
124.222000,0.000000,0.000000,-60.779999,0.000000,0.000000,40.000000,-15.000000,0.000000
124.226997,0.000000,0.000000,-60.779999,0.000000,0.000000,40.000000,-15.000000,0.000000
124.232002,0.000000,0.000000,-60.779999,0.000000,0.000000,40.000000,-15.000000,0.000000
124.237000,0.000000,0.000000,-60.779999,0.000000,0.000000,40.000000,-15.000000,0.000000
124.241997,0.000000,0.000000,-60.779999,0.000000,0.000000,40.000000,-15.000000,0.000000
124.247002,0.000000,0.000000,-60.779999,0.000000,0.000000,40.000000,-15.000000,0.000000
124.251999,0.000000,0.000000,-60.779999,0.000000,0.000000,40.000000,-15.000000,0.000000
124.257004,0.000000,0.000000,-60.779999,0.000000,0.000000,40.000000,-15.000000,0.000000
124.262001,0.000000,0.000000,-60.779999,0.000000,0.000000,40.000000,-15.000000,0.000000
124.266998,0.000000,0.000000,-60.779999,0.000000,0.000000,40.000000,-15.000000,0.000000
124.272003,0.000000,0.000000,-60.770000,0.000000,0.000000,40.000000,-15.000000,0.000000
124.277000,0.000000,0.000000,-60.770000,0.000000,0.000000,40.000000,-15.000000,0.000000
124.281998,0.000000,0.000000,-60.770000,0.000000,0.000000,40.000000,-15.000000,0.000000
124.287003,0.000000,0.000000,-60.770000,0.000000,0.000000,40.000000,-15.000000,0.000000
124.292000,0.000000,0.000000,-60.770000,0.000000,0.000000,40.000000,-15.000000,0.000000
124.296997,0.000000,0.000000,-60.770000,0.000000,0.000000,40.000000,-15.000000,0.000000
124.302002,0.000000,0.000000,-60.770000,0.000000,0.000000,40.000000,-15.000000,0.000000
124.306999,0.000000,0.000000,-60.770000,0.000000,0.000000,40.000000,-15.000000,0.000000
124.311996,0.000000,0.000000,-60.770000,0.000000,0.000000,40.000000,-15.000000,0.000000
124.317001,0.000000,0.000000,-60.770000,0.000000,0.000000,40.000000,-15.000000,0.000000
124.321999,0.000000,0.000000,-60.770000,0.000000,0.000000,40.000000,-15.000000,0.000000
124.327003,0.000000,0.000000,-60.779999,0.000000,0.000000,40.000000,-15.000000,0.000000
