I0,I1,I2,I3,I4,I5,I6,I7,I8
2219.337891,19.000000,19.000000,2.220000,-2.000000,-2.000000,0.000000,1.020000,1.000000
2219.343018,-14.000000,-14.000000,2.120000,-2.000000,-2.000000,0.000000,1.010000,1.000000
2219.347900,-7.000000,-7.000000,2.070000,-2.000000,-2.000000,0.000000,1.010000,1.000000
2219.353027,-2.000000,-2.000000,1.980000,-2.000000,-2.000000,0.000000,1.010000,1.000000
2219.357910,5.000000,5.000000,1.880000,-2.000000,-2.000000,0.000000,1.010000,1.000000
2219.363037,8.000000,8.000000,1.820000,-2.000000,-2.000000,0.000000,1.010000,1.000000
2219.367920,5.000000,5.000000,1.760000,-2.000000,-2.000000,0.000000,1.010000,1.000000
2219.373047,0.000000,0.000000,1.700000,-2.000000,-2.000000,0.000000,1.010000,1.000000
2219.377930,-3.000000,-3.000000,1.660000,-2.000000,-2.000000,0.000000,1.010000,1.000000
2219.383057,-7.000000,-7.000000,1.620000,0.000000,0.000000,0.000000,1.000000,1.000000
2219.387939,-12.000000,-12.000000,1.600000,0.000000,0.000000,0.000000,1.000000,1.000000
2219.393066,-19.000000,-19.000000,1.580000,0.000000,0.000000,0.000000,1.930000,1.000000
2219.397949,-24.000000,-24.000000,1.610000,0.000000,0.000000,0.000000,1.930000,1.000000
2219.403076,35.000000,35.000000,1.590000,0.000000,0.000000,0.000000,1.930000,1.000000
2219.407959,35.000000,35.000000,1.570000,0.000000,0.000000,0.000000,1.930000,1.000000
2219.413086,36.000000,36.000000,1.570000,0.000000,0.000000,0.000000,1.930000,1.000000
2219.417969,34.000000,34.000000,1.470000,0.000000,0.000000,0.000000,1.930000,1.000000
2219.423096,40.000000,40.000000,1.530000,0.000000,0.000000,0.000000,1.930000,1.000000
2219.427979,30.000000,30.000000,1.550000,0.000000,0.000000,0.000000,1.930000,1.000000
2219.433105,28.000000,28.000000,1.490000,0.000000,0.000000,0.000000,1.930000,1.000000
2219.437988,37.000000,37.000000,1.430000,0.000000,0.000000,0.000000,1.930000,1.000000
2219.443115,44.000000,44.000000,1.500000,2.000000,2.000000,0.000000,1.930000,1.000000
2219.447998,31.000000,31.000000,1.500000,2.000000,2.000000,0.000000,1.930000,1.000000
2219.452881,32.000000,32.000000,1.470000,2.000000,0.000000,0.000000,2.860000,1.000000
2219.458008,40.000000,40.000000,1.400000,2.000000,0.000000,0.000000,2.860000,1.000000
2219.462891,112.000000,112.000000,1.460000,2.000000,2.000000,0.000000,2.400000,1.000000
2219.468018,101.000000,101.000000,1.480000,2.000000,2.000000,0.000000,2.400000,1.000000
2219.472900,67.000000,67.000000,1.420000,2.000000,2.000000,0.000000,2.860000,1.000000
2219.478027,77.000000,77.000000,1.230000,2.000000,2.000000,0.000000,2.860000,1.000000
2219.482910,120.000000,120.000000,1.370000,2.000000,4.000000,0.000000,2.870000,1.000000
2219.488037,83.000000,83.000000,1.430000,2.000000,4.000000,0.000000,2.870000,1.000000
2219.492920,49.000000,49.000000,1.450000,2.000000,2.000000,0.000000,3.330000,1.000000
2219.498047,35.000000,35.000000,1.430000,2.000000,2.000000,0.000000,3.330000,1.000000
2219.502930,63.000000,63.000000,1.560000,2.000000,2.000000,0.000000,2.870000,1.000000
2219.508057,38.000000,38.000000,1.660000,2.000000,2.000000,0.000000,2.870000,1.000000
2219.512939,-17.000000,-17.000000,1.840000,2.000000,2.000000,0.000000,2.880000,1.000000
2219.518066,-44.000000,-44.000000,1.940000,2.000000,2.000000,0.000000,2.880000,1.000000
2219.522949,-53.000000,-53.000000,2.060000,4.000000,2.000000,0.000000,2.880000,1.000000
2219.528076,-53.000000,-53.000000,2.160000,4.000000,2.000000,0.000000,2.880000,1.000000
2219.532959,-53.000000,-53.000000,2.250000,2.000000,4.000000,0.000000,3.350000,1.000000
2219.538086,-56.000000,-56.000000,2.530000,2.000000,4.000000,0.000000,3.350000,1.000000
2219.542969,-39.000000,-39.000000,2.600000,0.000000,0.000000,0.000000,3.350000,1.000000
2219.548096,-26.000000,-26.000000,2.680000,0.000000,0.000000,0.000000,3.350000,1.000000
2219.552979,-2.000000,-2.000000,2.730000,0.000000,0.000000,0.000000,1.960000,1.000000
2219.558105,21.000000,21.000000,2.690000,0.000000,0.000000,0.000000,1.960000,1.000000
2219.562988,-49.000000,-49.000000,2.620000,0.000000,0.000000,0.000000,1.960000,1.000000
2219.568115,-30.000000,-30.000000,2.600000,0.000000,0.000000,0.000000,1.960000,1.000000
2219.572998,-30.000000,-30.000000,2.580000,0.000000,0.000000,0.000000,1.960000,1.000000
2219.577881,-33.000000,-33.000000,2.650000,0.000000,0.000000,0.000000,1.960000,1.000000
2219.583008,-41.000000,-41.000000,2.590000,0.000000,0.000000,0.000000,1.960000,1.000000
2219.587891,-33.000000,-33.000000,2.560000,0.000000,0.000000,0.000000,1.960000,1.000000
2219.593018,-31.000000,-31.000000,2.580000,0.000000,0.000000,0.000000,1.960000,1.000000
2219.597900,-38.000000,-38.000000,2.650000,0.000000,0.000000,0.000000,1.960000,1.000000
2219.603027,-47.000000,-47.000000,2.590000,-2.000000,-2.000000,0.000000,1.960000,1.000000
2219.607910,-38.000000,-38.000000,2.560000,-2.000000,-2.000000,0.000000,1.960000,1.000000
2219.613037,-36.000000,-36.000000,2.580000,0.000000,0.000000,0.000000,1.030000,1.000000
2219.617920,-43.000000,-43.000000,2.670000,0.000000,0.000000,0.000000,1.030000,1.000000
2219.623047,-116.000000,-116.000000,2.640000,-2.000000,-2.000000,0.000000,1.950000,1.000000
2219.627930,-106.000000,-106.000000,2.630000,-2.000000,-2.000000,0.000000,1.950000,1.000000
2219.633057,-35.000000,-35.000000,2.620000,-2.000000,-2.000000,0.000000,1.020000,1.000000
2219.637939,-23.000000,-23.000000,2.780000,-2.000000,-2.000000,0.000000,1.020000,1.000000
2219.643066,-92.000000,-92.000000,2.660000,-2.000000,-2.000000,0.000000,1.020000,1.000000
2219.647949,-63.000000,-63.000000,2.630000,-2.000000,-2.000000,0.000000,1.020000,1.000000
2219.653076,-35.000000,-35.000000,2.510000,-2.000000,-2.000000,0.000000,1.020000,1.000000
2219.657959,-14.000000,-14.000000,2.480000,-2.000000,-2.000000,0.000000,1.020000,1.000000
2219.663086,-9.000000,-9.000000,2.370000,-4.000000,-2.000000,0.000000,1.020000,1.000000
2219.667969,6.000000,6.000000,2.260000,-4.000000,-2.000000,0.000000,1.020000,1.000000
2219.673096,24.000000,24.000000,2.110000,-2.000000,-2.000000,0.000000,0.550000,1.000000
2219.677979,41.000000,41.000000,1.910000,-2.000000,-2.000000,0.000000,0.550000,1.000000
2219.683105,19.000000,19.000000,1.800000,-2.000000,-2.000000,0.000000,1.010000,1.000000
2219.687988,18.000000,18.000000,1.700000,-2.000000,-2.000000,0.000000,1.010000,1.000000
2219.693115,44.000000,44.000000,1.580000,0.000000,-2.000000,0.000000,1.010000,1.000000
2219.697998,40.000000,40.000000,1.470000,0.000000,-2.000000,0.000000,1.010000,1.000000
2219.702881,35.000000,35.000000,1.460000,0.000000,-2.000000,0.000000,1.470000,1.000000
2219.708008,19.000000,19.000000,1.430000,0.000000,-2.000000,0.000000,1.470000,1.000000
2219.712891,43.000000,43.000000,1.380000,0.000000,0.000000,0.000000,1.470000,1.000000
2219.718018,42.000000,42.000000,1.310000,0.000000,0.000000,0.000000,1.470000,1.000000
2219.722900,43.000000,43.000000,1.310000,0.000000,2.000000,0.000000,1.930000,1.000000
2219.728027,34.000000,34.000000,1.320000,0.000000,2.000000,0.000000,1.930000,1.000000
2219.732910,59.000000,59.000000,1.300000,0.000000,0.000000,0.000000,2.400000,1.000000
2219.738037,61.000000,61.000000,1.190000,0.000000,0.000000,0.000000,2.400000,1.000000
2219.742920,102.000000,102.000000,1.240000,2.000000,2.000000,0.000000,1.940000,1.000000
2219.748047,91.000000,91.000000,1.270000,2.000000,2.000000,0.000000,1.940000,1.000000
2219.752930,56.000000,56.000000,1.210000,0.000000,2.000000,0.000000,2.870000,1.000000
2219.758057,67.000000,67.000000,1.020000,0.000000,2.000000,0.000000,2.870000,1.000000
2219.762939,149.000000,149.000000,1.140000,2.000000,2.000000,0.000000,2.400000,1.000000
2219.768066,124.000000,124.000000,1.040000,2.000000,2.000000,0.000000,2.400000,1.000000
2219.772949,87.000000,87.000000,1.080000,2.000000,2.000000,0.000000,2.870000,1.000000
2219.778076,70.000000,70.000000,0.970000,2.000000,2.000000,0.000000,2.870000,1.000000
2219.782959,100.000000,100.000000,0.950000,4.000000,4.000000,0.000000,2.870000,1.000000
2219.788086,81.000000,81.000000,0.990000,4.000000,4.000000,0.000000,2.870000,1.000000
2219.792969,32.000000,32.000000,1.290000,2.000000,2.000000,0.000000,3.800000,1.000000
2219.798096,-32.000000,-32.000000,1.350000,2.000000,2.000000,0.000000,3.800000,1.000000
2219.802979,23.000000,23.000000,1.630000,4.000000,4.000000,0.000000,2.880000,1.000000
2219.808105,3.000000,3.000000,1.750000,4.000000,4.000000,0.000000,2.880000,1.000000
2219.812988,-62.000000,-62.000000,1.830000,4.000000,4.000000,0.000000,3.810000,1.000000
2219.818115,-60.000000,-60.000000,2.020000,4.000000,4.000000,0.000000,3.810000,1.000000
2219.822998,-3.000000,-3.000000,2.170000,4.000000,4.000000,0.000000,3.820000,1.000000
2219.827881,-11.000000,-11.000000,2.330000,4.000000,4.000000,0.000000,3.820000,1.000000
2219.833008,-9.000000,-9.000000,2.440000,2.000000,2.000000,0.000000,3.820000,1.000000
2219.837891,3.000000,3.000000,2.550000,2.000000,2.000000,0.000000,3.820000,1.000000
2219.843018,11.000000,11.000000,2.600000,0.000000,2.000000,0.000000,2.900000,1.000000
2219.847900,22.000000,22.000000,2.670000,0.000000,2.000000,0.000000,2.900000,1.000000
2219.853027,-34.000000,-34.000000,2.710000,0.000000,0.000000,0.000000,2.430000,1.000000
2219.857910,-24.000000,-24.000000,2.630000,0.000000,0.000000,0.000000,2.430000,1.000000
2219.863037,-40.000000,-40.000000,2.650000,2.000000,0.000000,0.000000,1.970000,1.000000
2219.867920,-40.000000,-40.000000,2.710000,2.000000,0.000000,0.000000,1.970000,1.000000
2219.873047,-85.000000,-85.000000,2.760000,2.000000,0.000000,0.000000,2.430000,1.000000
2219.877930,-90.000000,-90.000000,2.940000,2.000000,0.000000,0.000000,2.430000,1.000000
2219.883057,-61.000000,-61.000000,2.880000,-2.000000,0.000000,0.000000,2.440000,1.000000
2219.887939,-35.000000,-35.000000,2.810000,-2.000000,0.000000,0.000000,2.440000,1.000000
2219.893066,-11.000000,-11.000000,2.810000,0.000000,0.000000,0.000000,1.510000,1.000000
2219.897949,-8.000000,-8.000000,2.840000,0.000000,0.000000,0.000000,1.510000,1.000000
2219.903076,-81.000000,-81.000000,2.780000,0.000000,0.000000,0.000000,1.970000,1.000000
2219.907959,-76.000000,-76.000000,2.790000,0.000000,0.000000,0.000000,1.970000,1.000000
2219.913086,-46.000000,-46.000000,2.780000,0.000000,0.000000,0.000000,1.970000,1.000000
2219.917969,-50.000000,-50.000000,2.910000,0.000000,0.000000,0.000000,1.970000,1.000000
2219.923096,-60.000000,-60.000000,2.750000,0.000000,-2.000000,0.000000,1.970000,1.000000
2219.927979,-38.000000,-38.000000,2.760000,0.000000,-2.000000,0.000000,1.970000,1.000000
2219.933105,-38.000000,-38.000000,2.820000,-2.000000,-2.000000,0.000000,1.510000,1.000000
2219.937988,-48.000000,-48.000000,2.890000,-2.000000,-2.000000,0.000000,1.510000,1.000000
2219.943115,-80.000000,-80.000000,2.830000,0.000000,-2.000000,0.000000,1.040000,1.000000
2219.947998,-54.000000,-54.000000,2.710000,0.000000,-2.000000,0.000000,1.040000,1.000000
2219.952881,-52.000000,-52.000000,2.610000,-2.000000,-2.000000,0.000000,1.500000,1.000000
2219.958008,-35.000000,-35.000000,2.650000,-2.000000,-2.000000,0.000000,1.500000,1.000000
2219.962891,-9.000000,-9.000000,2.540000,-2.000000,-2.000000,0.000000,1.040000,1.000000
2219.968018,2.000000,2.000000,2.460000,-2.000000,-2.000000,0.000000,1.040000,1.000000
2219.972900,-23.000000,-23.000000,2.400000,-2.000000,-2.000000,0.000000,1.030000,1.000000
2219.978027,-18.000000,-18.000000,2.250000,-2.000000,-2.000000,0.000000,1.030000,1.000000
2219.982910,-9.000000,-9.000000,2.170000,-2.000000,-2.000000,0.000000,1.030000,1.000000
2219.988037,-9.000000,-9.000000,2.120000,-2.000000,-2.000000,0.000000,1.030000,1.000000
2219.992920,-16.000000,-16.000000,2.040000,-2.000000,-2.000000,0.000000,1.030000,1.000000
2219.998047,-20.000000,-20.000000,2.030000,-2.000000,-2.000000,0.000000,1.030000,1.000000
2220.002930,-27.000000,-27.000000,1.990000,0.000000,-2.000000,0.000000,1.030000,1.000000
2220.008057,-30.000000,-30.000000,1.930000,0.000000,-2.000000,0.000000,1.030000,1.000000
2220.012939,-30.000000,-30.000000,1.920000,-2.000000,0.000000,0.000000,1.490000,1.000000
2220.018066,-32.000000,-32.000000,1.980000,-2.000000,0.000000,0.000000,1.490000,1.000000
2220.022949,-10.000000,-10.000000,1.940000,-2.000000,0.000000,0.000000,1.490000,1.000000
2220.028076,-5.000000,-5.000000,1.900000,-2.000000,0.000000,0.000000,1.490000,1.000000
2220.032959,6.000000,6.000000,1.860000,0.000000,0.000000,0.000000,1.490000,1.000000
2220.038086,13.000000,13.000000,1.780000,0.000000,0.000000,0.000000,1.490000,1.000000
2220.042969,16.000000,16.000000,1.760000,0.000000,-2.000000,0.000000,1.950000,1.000000
2220.048096,12.000000,12.000000,1.740000,0.000000,-2.000000,0.000000,1.950000,1.000000
2220.052979,42.000000,42.000000,1.700000,0.000000,0.000000,0.000000,1.490000,1.000000
2220.058105,44.000000,44.000000,1.650000,0.000000,0.000000,0.000000,1.490000,1.000000
2220.062988,12.000000,12.000000,1.660000,0.000000,0.000000,0.000000,1.950000,1.000000
2220.068115,6.000000,6.000000,1.670000,0.000000,0.000000,0.000000,1.950000,1.000000
2220.072998,35.000000,35.000000,1.640000,0.000000,0.000000,0.000000,1.950000,1.000000
2220.077881,41.000000,41.000000,1.610000,0.000000,0.000000,0.000000,1.950000,1.000000
2220.083008,46.000000,46.000000,1.590000,0.000000,0.000000,0.000000,1.950000,1.000000
2220.087891,46.000000,46.000000,1.580000,0.000000,0.000000,0.000000,1.950000,1.000000
2220.093018,46.000000,46.000000,1.570000,0.000000,0.000000,0.000000,1.950000,1.000000
2220.097900,48.000000,48.000000,1.430000,0.000000,0.000000,0.000000,1.950000,1.000000
2220.103027,60.000000,60.000000,1.470000,2.000000,2.000000,0.000000,1.950000,1.000000
2220.107910,54.000000,54.000000,1.470000,2.000000,2.000000,0.000000,1.950000,1.000000
2220.113037,54.000000,54.000000,1.400000,2.000000,0.000000,0.000000,2.880000,1.000000
2220.117920,65.000000,65.000000,1.290000,2.000000,0.000000,0.000000,2.880000,1.000000
2220.123047,139.000000,139.000000,1.380000,2.000000,2.000000,0.000000,2.420000,1.000000
2220.127930,124.000000,124.000000,1.350000,2.000000,2.000000,0.000000,2.420000,1.000000
2220.133057,94.000000,94.000000,1.230000,2.000000,0.000000,0.000000,2.880000,1.000000
2220.137939,110.000000,110.000000,0.930000,2.000000,0.000000,0.000000,2.880000,1.000000
2220.143066,161.000000,161.000000,1.100000,4.000000,2.000000,0.000000,2.420000,1.000000
2220.147949,109.000000,109.000000,1.060000,4.000000,2.000000,0.000000,2.420000,1.000000
2220.153076,41.000000,41.000000,1.200000,2.000000,2.000000,0.000000,3.350000,1.000000
2220.157959,5.000000,5.000000,1.250000,2.000000,2.000000,0.000000,3.350000,1.000000
2220.163086,50.000000,50.000000,1.450000,6.000000,6.000000,0.000000,2.890000,1.000000
2220.167969,20.000000,20.000000,1.420000,6.000000,6.000000,0.000000,2.890000,1.000000
2220.173096,-15.000000,-15.000000,1.620000,2.000000,4.000000,0.000000,4.750000,1.000000
2220.177979,-43.000000,-43.000000,1.830000,2.000000,4.000000,0.000000,4.750000,1.000000
2220.183105,65.000000,65.000000,1.990000,4.000000,2.000000,0.000000,3.360000,1.000000
2220.187988,66.000000,66.000000,2.090000,4.000000,2.000000,0.000000,3.360000,1.000000
2220.193115,-17.000000,-17.000000,2.170000,2.000000,2.000000,0.000000,3.370000,1.000000
2220.197998,-8.000000,-8.000000,2.240000,2.000000,2.000000,0.000000,3.370000,1.000000
2220.202881,-6.000000,-6.000000,2.350000,2.000000,2.000000,0.000000,2.910000,1.000000
2220.208008,-10.000000,-10.000000,2.480000,2.000000,2.000000,0.000000,2.910000,1.000000
2220.212891,-44.000000,-44.000000,2.510000,2.000000,2.000000,0.000000,2.910000,1.000000
2220.218018,-30.000000,-30.000000,2.580000,2.000000,2.000000,0.000000,2.910000,1.000000
2220.222900,-19.000000,-19.000000,2.630000,0.000000,2.000000,0.000000,2.910000,1.000000
2220.228027,-12.000000,-12.000000,2.640000,0.000000,2.000000,0.000000,2.910000,1.000000
2220.232910,-2.000000,-2.000000,2.670000,0.000000,2.000000,0.000000,2.450000,1.000000
2220.238037,6.000000,6.000000,2.720000,0.000000,2.000000,0.000000,2.450000,1.000000
2220.242920,-23.000000,-23.000000,2.700000,0.000000,0.000000,0.000000,2.450000,1.000000
2220.248047,-11.000000,-11.000000,2.670000,0.000000,0.000000,0.000000,2.450000,1.000000
2220.252930,3.000000,3.000000,2.620000,0.000000,0.000000,0.000000,1.990000,1.000000
2220.258057,14.000000,14.000000,2.600000,0.000000,0.000000,0.000000,1.990000,1.000000
2220.262939,-20.000000,-20.000000,2.590000,0.000000,0.000000,0.000000,1.990000,1.000000
2220.268066,-20.000000,-20.000000,2.560000,0.000000,0.000000,0.000000,1.990000,1.000000
2220.272949,-19.000000,-19.000000,2.530000,0.000000,0.000000,0.000000,1.990000,1.000000
2220.278076,-15.000000,-15.000000,2.550000,0.000000,0.000000,0.000000,1.990000,1.000000
2220.282959,-15.000000,-15.000000,2.490000,0.000000,-2.000000,0.000000,1.990000,1.000000
2220.288086,-12.000000,-12.000000,2.470000,0.000000,-2.000000,0.000000,1.990000,1.000000
2220.292969,-13.000000,-13.000000,2.480000,0.000000,0.000000,0.000000,1.520000,1.000000
2220.298096,-16.000000,-16.000000,2.470000,0.000000,0.000000,0.000000,1.520000,1.000000
2220.302979,-48.000000,-48.000000,2.420000,0.000000,-2.000000,0.000000,1.980000,1.000000
2220.308105,-42.000000,-42.000000,2.390000,0.000000,-2.000000,0.000000,1.980000,1.000000
2220.312988,-9.000000,-9.000000,2.390000,0.000000,0.000000,0.000000,1.520000,1.000000
2220.318115,-12.000000,-12.000000,2.460000,0.000000,0.000000,0.000000,1.520000,1.000000
2220.322998,-50.000000,-50.000000,2.380000,-2.000000,0.000000,0.000000,1.980000,1.000000
2220.327881,-39.000000,-39.000000,2.330000,-2.000000,0.000000,0.000000,1.980000,1.000000
2220.333008,-2.000000,-2.000000,2.350000,0.000000,0.000000,0.000000,1.520000,1.000000
2220.337891,-8.000000,-8.000000,2.430000,0.000000,0.000000,0.000000,1.520000,1.000000
2220.343018,-47.000000,-47.000000,2.350000,-2.000000,0.000000,0.000000,1.980000,1.000000
2220.347900,-29.000000,-29.000000,2.270000,-2.000000,0.000000,0.000000,1.980000,1.000000
2220.353027,18.000000,18.000000,2.240000,-2.000000,0.000000,0.000000,1.520000,1.000000
2220.357910,18.000000,18.000000,2.280000,-2.000000,0.000000,0.000000,1.520000,1.000000
2220.363037,-22.000000,-22.000000,2.270000,-2.000000,0.000000,0.000000,1.520000,1.000000
2220.367920,-19.000000,-19.000000,2.210000,-2.000000,0.000000,0.000000,1.520000,1.000000
2220.373047,-4.000000,-4.000000,2.120000,0.000000,-2.000000,0.000000,1.520000,1.000000
2220.377930,15.000000,15.000000,2.080000,0.000000,-2.000000,0.000000,1.520000,1.000000
2220.383057,19.000000,19.000000,2.010000,-2.000000,0.000000,0.000000,1.510000,1.000000
2220.387939,22.000000,22.000000,1.940000,-2.000000,0.000000,0.000000,1.510000,1.000000
2220.393066,24.000000,24.000000,1.890000,-2.000000,0.000000,0.000000,1.510000,1.000000
2220.397949,26.000000,26.000000,1.760000,-2.000000,0.000000,0.000000,1.510000,1.000000
2220.403076,29.000000,29.000000,1.740000,0.000000,0.000000,0.000000,1.510000,1.000000
2220.407959,20.000000,20.000000,1.730000,0.000000,0.000000,0.000000,1.510000,1.000000
2220.413086,9.000000,9.000000,1.710000,0.000000,0.000000,0.000000,1.980000,1.000000
2220.417969,5.000000,5.000000,1.680000,0.000000,0.000000,0.000000,1.980000,1.000000
2220.423096,42.000000,42.000000,1.690000,2.000000,0.000000,0.000000,1.980000,1.000000
2220.427979,41.000000,41.000000,1.660000,2.000000,0.000000,0.000000,1.980000,1.000000
2220.433105,44.000000,44.000000,1.640000,0.000000,0.000000,0.000000,2.440000,1.000000
2220.437988,47.000000,47.000000,1.530000,0.000000,0.000000,0.000000,2.440000,1.000000
2220.443115,88.000000,88.000000,1.560000,0.000000,0.000000,0.000000,1.980000,1.000000
2220.447998,81.000000,81.000000,1.560000,0.000000,0.000000,0.000000,1.980000,1.000000
2220.452881,50.000000,50.000000,1.500000,0.000000,0.000000,0.000000,1.980000,1.000000
2220.458008,59.000000,59.000000,1.320000,0.000000,0.000000,0.000000,1.980000,1.000000
2220.462891,74.000000,74.000000,1.450000,2.000000,2.000000,0.000000,1.980000,1.000000
2220.468018,50.000000,50.000000,1.430000,2.000000,2.000000,0.000000,1.980000,1.000000
2220.472900,50.000000,50.000000,1.260000,2.000000,2.000000,0.000000,2.910000,1.000000
2220.478027,67.000000,67.000000,1.140000,2.000000,2.000000,0.000000,2.910000,1.000000
2220.482910,121.000000,121.000000,1.270000,2.000000,2.000000,0.000000,2.910000,1.000000
2220.488037,69.000000,69.000000,1.440000,2.000000,2.000000,0.000000,2.910000,1.000000
2220.492920,30.000000,30.000000,1.570000,2.000000,2.000000,0.000000,2.910000,1.000000
2220.498047,26.000000,26.000000,1.460000,2.000000,2.000000,0.000000,2.910000,1.000000
2220.502930,55.000000,55.000000,1.460000,2.000000,2.000000,0.000000,2.910000,1.000000
2220.508057,59.000000,59.000000,1.470000,2.000000,2.000000,0.000000,2.910000,1.000000
2220.512939,34.000000,34.000000,1.650000,2.000000,2.000000,0.000000,2.920000,1.000000
2220.518066,-2.000000,-2.000000,1.720000,2.000000,2.000000,0.000000,2.920000,1.000000
2220.522949,-6.000000,-6.000000,1.880000,4.000000,4.000000,0.000000,2.920000,1.000000
2220.528076,-10.000000,-10.000000,1.850000,4.000000,4.000000,0.000000,2.920000,1.000000
2220.532959,6.000000,6.000000,1.890000,2.000000,2.000000,0.000000,3.850000,1.000000
2220.538086,2.000000,2.000000,2.090000,2.000000,2.000000,0.000000,3.850000,1.000000
2220.542969,44.000000,44.000000,2.220000,2.000000,2.000000,0.000000,2.930000,1.000000
2220.548096,42.000000,42.000000,2.270000,2.000000,2.000000,0.000000,2.930000,1.000000
2220.552979,-3.000000,-3.000000,2.260000,0.000000,2.000000,0.000000,2.930000,1.000000
2220.558105,20.000000,20.000000,2.090000,0.000000,2.000000,0.000000,2.930000,1.000000
2220.562988,41.000000,41.000000,2.140000,2.000000,2.000000,0.000000,2.470000,1.000000
2220.568115,24.000000,24.000000,2.280000,2.000000,2.000000,0.000000,2.470000,1.000000
2220.572998,-35.000000,-35.000000,2.320000,2.000000,0.000000,0.000000,2.930000,1.000000
2220.577881,-36.000000,-36.000000,2.290000,2.000000,0.000000,0.000000,2.930000,1.000000
2220.583008,16.000000,16.000000,2.260000,0.000000,2.000000,0.000000,2.470000,1.000000
2220.587891,24.000000,24.000000,2.280000,0.000000,2.000000,0.000000,2.470000,1.000000
2220.593018,-18.000000,-18.000000,2.380000,0.000000,2.000000,0.000000,2.470000,1.000000
2220.597900,-35.000000,-35.000000,2.400000,0.000000,2.000000,0.000000,2.470000,1.000000
2220.603027,-31.000000,-31.000000,2.390000,0.000000,2.000000,0.000000,2.470000,1.000000
2220.607910,-20.000000,-20.000000,2.400000,0.000000,2.000000,0.000000,2.470000,1.000000
2220.613037,-22.000000,-22.000000,2.470000,0.000000,0.000000,0.000000,2.470000,1.000000
2220.617920,-35.000000,-35.000000,2.620000,0.000000,0.000000,0.000000,2.470000,1.000000
2220.623047,-44.000000,-44.000000,2.620000,0.000000,0.000000,0.000000,2.010000,1.000000
2220.627930,-26.000000,-26.000000,2.540000,0.000000,0.000000,0.000000,2.010000,1.000000
2220.633057,-31.000000,-31.000000,2.490000,0.000000,0.000000,0.000000,2.010000,1.000000
2220.637939,-22.000000,-22.000000,2.540000,0.000000,0.000000,0.000000,2.010000,1.000000
2220.643066,-33.000000,-33.000000,2.520000,0.000000,0.000000,0.000000,2.010000,1.000000
2220.647949,-33.000000,-33.000000,2.520000,0.000000,0.000000,0.000000,2.010000,1.000000
2220.653076,-30.000000,-30.000000,2.510000,0.000000,-2.000000,0.000000,2.010000,1.000000
2220.657959,-30.000000,-30.000000,2.560000,0.000000,-2.000000,0.000000,2.010000,1.000000
2220.663086,-36.000000,-36.000000,2.520000,-2.000000,0.000000,0.000000,1.540000,1.000000
2220.667969,-31.000000,-31.000000,2.490000,-2.000000,0.000000,0.000000,1.540000,1.000000
2220.673096,-62.000000,-62.000000,2.510000,0.000000,0.000000,0.000000,1.540000,1.000000
2220.677979,-68.000000,-68.000000,2.580000,0.000000,0.000000,0.000000,1.540000,1.000000
2220.683105,-76.000000,-76.000000,2.530000,0.000000,0.000000,0.000000,2.010000,1.000000
2220.687988,-68.000000,-68.000000,2.540000,0.000000,0.000000,0.000000,2.010000,1.000000
2220.693115,-36.000000,-36.000000,2.600000,0.000000,-2.000000,0.000000,2.010000,1.000000
2220.697998,-39.000000,-39.000000,2.760000,0.000000,-2.000000,0.000000,2.010000,1.000000
2220.702881,-38.000000,-38.000000,2.630000,-2.000000,-2.000000,0.000000,1.540000,1.000000
2220.708008,-6.000000,-6.000000,2.550000,-2.000000,-2.000000,0.000000,1.540000,1.000000
2220.712891,-10.000000,-10.000000,2.480000,-2.000000,-2.000000,0.000000,1.080000,1.000000
2220.718018,4.000000,4.000000,2.340000,-2.000000,-2.000000,0.000000,1.080000,1.000000
2220.722900,-21.000000,-21.000000,2.280000,0.000000,-2.000000,0.000000,1.070000,1.000000
2220.728027,-23.000000,-23.000000,2.220000,0.000000,-2.000000,0.000000,1.070000,1.000000
2220.732910,-31.000000,-31.000000,2.150000,0.000000,-2.000000,0.000000,1.540000,1.000000
2220.738037,-37.000000,-37.000000,2.240000,0.000000,-2.000000,0.000000,1.540000,1.000000
2220.742920,-21.000000,-21.000000,2.210000,-2.000000,-2.000000,0.000000,1.530000,1.000000
2220.748047,-21.000000,-21.000000,2.150000,-2.000000,-2.000000,0.000000,1.530000,1.000000
2220.752930,-8.000000,-8.000000,2.110000,0.000000,-2.000000,0.000000,1.070000,1.000000
2220.758057,-2.000000,-2.000000,2.100000,0.000000,-2.000000,0.000000,1.070000,1.000000
2220.762939,-40.000000,-40.000000,2.060000,0.000000,-2.000000,0.000000,1.530000,1.000000
2220.768066,-41.000000,-41.000000,2.060000,0.000000,-2.000000,0.000000,1.530000,1.000000
2220.772949,-10.000000,-10.000000,2.020000,0.000000,0.000000,0.000000,1.530000,1.000000
2220.778076,-8.000000,-8.000000,2.080000,0.000000,0.000000,0.000000,1.530000,1.000000
2220.782959,-13.000000,-13.000000,2.020000,-2.000000,0.000000,0.000000,1.990000,1.000000
2220.788086,-4.000000,-4.000000,1.950000,-2.000000,0.000000,0.000000,1.990000,1.000000
2220.792969,44.000000,44.000000,1.910000,6.000000,0.000000,0.000000,1.530000,1.000000
2220.798096,53.000000,53.000000,1.820000,6.000000,0.000000,0.000000,1.530000,1.000000
2220.802979,25.000000,25.000000,1.770000,0.000000,0.000000,0.000000,3.390000,1.000000
2220.808105,23.000000,23.000000,1.750000,0.000000,0.000000,0.000000,3.390000,1.000000
2220.812988,147.000000,147.000000,1.710000,0.000000,0.000000,0.000000,2.000000,1.000000
2220.818115,145.000000,145.000000,1.620000,0.000000,0.000000,0.000000,2.000000,1.000000
2220.822998,48.000000,48.000000,1.650000,0.000000,0.000000,0.000000,2.000000,1.000000
2220.827881,36.000000,36.000000,1.680000,0.000000,0.000000,0.000000,2.000000,1.000000
2220.833008,27.000000,27.000000,1.670000,2.000000,0.000000,0.000000,2.000000,1.000000
2220.837891,29.000000,29.000000,1.570000,2.000000,0.000000,0.000000,2.000000,1.000000
2220.843018,41.000000,41.000000,1.620000,0.000000,0.000000,0.000000,2.460000,1.000000
2220.847900,35.000000,35.000000,1.620000,0.000000,0.000000,0.000000,2.460000,1.000000
2220.853027,67.000000,67.000000,1.580000,0.000000,0.000000,0.000000,2.000000,1.000000
2220.857910,74.000000,74.000000,1.510000,0.000000,0.000000,0.000000,2.000000,1.000000
2220.863037,49.000000,49.000000,1.560000,0.000000,2.000000,0.000000,2.000000,1.000000
2220.867920,40.000000,40.000000,1.560000,0.000000,2.000000,0.000000,2.000000,1.000000
2220.873047,41.000000,41.000000,1.520000,0.000000,2.000000,0.000000,2.460000,1.000000
2220.877930,49.000000,49.000000,1.440000,0.000000,2.000000,0.000000,2.460000,1.000000
2220.883057,90.000000,90.000000,1.450000,2.000000,0.000000,0.000000,2.460000,1.000000
2220.887939,83.000000,83.000000,1.420000,2.000000,0.000000,0.000000,2.460000,1.000000
2220.893066,76.000000,76.000000,1.440000,0.000000,2.000000,0.000000,2.460000,1.000000
2220.897949,61.000000,61.000000,1.340000,0.000000,2.000000,0.000000,2.460000,1.000000
2220.903076,62.000000,62.000000,1.430000,2.000000,2.000000,0.000000,2.470000,1.000000
2220.907959,41.000000,41.000000,1.510000,2.000000,2.000000,0.000000,2.470000,1.000000
2220.913086,10.000000,10.000000,1.620000,2.000000,2.000000,0.000000,2.930000,1.000000
2220.917969,-19.000000,-19.000000,1.730000,2.000000,2.000000,0.000000,2.930000,1.000000
2220.923096,6.000000,6.000000,1.760000,2.000000,4.000000,0.000000,2.930000,1.000000
2220.927979,13.000000,13.000000,1.760000,2.000000,4.000000,0.000000,2.930000,1.000000
2220.933105,19.000000,19.000000,1.860000,2.000000,2.000000,0.000000,3.400000,1.000000
2220.937988,7.000000,7.000000,1.950000,2.000000,2.000000,0.000000,3.400000,1.000000
2220.943115,33.000000,33.000000,2.030000,2.000000,0.000000,0.000000,2.940000,1.000000
2220.947998,39.000000,39.000000,2.040000,2.000000,0.000000,0.000000,2.940000,1.000000
2220.952881,19.000000,19.000000,2.060000,2.000000,2.000000,0.000000,2.480000,1.000000
2220.958008,21.000000,21.000000,2.030000,2.000000,2.000000,0.000000,2.480000,1.000000
2220.962891,-8.000000,-8.000000,2.100000,2.000000,0.000000,0.000000,2.940000,1.000000
2220.968018,-15.000000,-15.000000,2.140000,2.000000,0.000000,0.000000,2.940000,1.000000
2220.972900,9.000000,9.000000,2.200000,2.000000,2.000000,0.000000,2.480000,1.000000
2220.978027,2.000000,2.000000,2.360000,2.000000,2.000000,0.000000,2.480000,1.000000
2220.982910,-36.000000,-36.000000,2.380000,0.000000,0.000000,0.000000,2.950000,1.000000
2220.988037,-21.000000,-21.000000,2.350000,0.000000,0.000000,0.000000,2.950000,1.000000
2220.992920,35.000000,35.000000,2.360000,0.000000,0.000000,0.000000,2.020000,1.000000
2220.998047,44.000000,44.000000,2.410000,0.000000,0.000000,0.000000,2.020000,1.000000
2221.002930,-24.000000,-24.000000,2.360000,0.000000,0.000000,0.000000,2.020000,1.000000
2221.008057,-13.000000,-13.000000,2.340000,0.000000,0.000000,0.000000,2.020000,1.000000
2221.012939,-4.000000,-4.000000,2.300000,0.000000,0.000000,0.000000,2.020000,1.000000
2221.018066,-1.000000,-1.000000,2.300000,0.000000,0.000000,0.000000,2.020000,1.000000
2221.022949,-6.000000,-6.000000,2.280000,0.000000,0.000000,0.000000,2.020000,1.000000
2221.028076,-8.000000,-8.000000,2.280000,0.000000,0.000000,0.000000,2.020000,1.000000
2221.032959,-10.000000,-10.000000,2.270000,0.000000,0.000000,0.000000,2.020000,1.000000
2221.038086,-12.000000,-12.000000,2.280000,0.000000,0.000000,0.000000,2.020000,1.000000
2221.042969,-13.000000,-13.000000,2.250000,0.000000,-2.000000,0.000000,2.020000,1.000000
2221.048096,-10.000000,-10.000000,2.230000,0.000000,-2.000000,0.000000,2.020000,1.000000
2221.052979,-9.000000,-9.000000,2.240000,0.000000,0.000000,0.000000,1.550000,1.000000
2221.058105,-12.000000,-12.000000,2.250000,0.000000,0.000000,0.000000,1.550000,1.000000
2221.062988,-46.000000,-46.000000,2.220000,0.000000,0.000000,0.000000,2.020000,1.000000
2221.068115,-43.000000,-43.000000,2.220000,0.000000,0.000000,0.000000,2.020000,1.000000
2221.072998,-12.000000,-12.000000,2.230000,0.000000,0.000000,0.000000,2.020000,1.000000
2221.077881,-15.000000,-15.000000,2.340000,0.000000,0.000000,0.000000,2.020000,1.000000
2221.083008,-23.000000,-23.000000,2.260000,0.000000,-2.000000,0.000000,2.020000,1.000000
2221.087891,-11.000000,-11.000000,2.230000,0.000000,-2.000000,0.000000,2.020000,1.000000
2221.093018,-8.000000,-8.000000,2.280000,0.000000,0.000000,0.000000,1.550000,1.000000
2221.097900,-18.000000,-18.000000,2.280000,0.000000,0.000000,0.000000,1.550000,1.000000
2221.103027,-53.000000,-53.000000,2.260000,0.000000,0.000000,0.000000,2.020000,1.000000
2221.107910,-47.000000,-47.000000,2.260000,0.000000,0.000000,0.000000,2.020000,1.000000
2221.113037,-13.000000,-13.000000,2.240000,-2.000000,0.000000,0.000000,2.020000,1.000000
2221.117920,-12.000000,-12.000000,2.380000,-2.000000,0.000000,0.000000,2.020000,1.000000
2221.123047,-23.000000,-23.000000,2.330000,-2.000000,-2.000000,0.000000,1.550000,1.000000
2221.127930,-8.000000,-8.000000,2.270000,-2.000000,-2.000000,0.000000,1.550000,1.000000
2221.133057,-17.000000,-17.000000,2.230000,-2.000000,0.000000,0.000000,1.090000,1.000000
2221.137939,-7.000000,-7.000000,2.150000,-2.000000,0.000000,0.000000,1.090000,1.000000
2221.143066,-36.000000,-36.000000,2.100000,0.000000,-2.000000,0.000000,1.550000,1.000000
2221.147949,-36.000000,-36.000000,2.080000,0.000000,-2.000000,0.000000,1.550000,1.000000
2221.153076,-9.000000,-9.000000,2.040000,-2.000000,-2.000000,0.000000,1.550000,1.000000
2221.157959,-12.000000,-12.000000,2.140000,-2.000000,-2.000000,0.000000,1.550000,1.000000
2221.163086,-25.000000,-25.000000,2.120000,-2.000000,-2.000000,0.000000,1.080000,1.000000
2221.167969,-22.000000,-22.000000,2.060000,-2.000000,-2.000000,0.000000,1.080000,1.000000
2221.173096,-42.000000,-42.000000,2.050000,0.000000,-2.000000,0.000000,1.080000,1.000000
2221.177979,-35.000000,-35.000000,2.040000,0.000000,-2.000000,0.000000,1.080000,1.000000
2221.183105,-37.000000,-37.000000,1.980000,0.000000,-2.000000,0.000000,1.540000,1.000000
2221.187988,-33.000000,-33.000000,1.950000,0.000000,-2.000000,0.000000,1.540000,1.000000
2221.193115,3.000000,3.000000,1.910000,0.000000,0.000000,0.000000,1.540000,1.000000
2221.197998,3.000000,3.000000,1.970000,0.000000,0.000000,0.000000,1.540000,1.000000
2221.202881,-8.000000,-8.000000,1.940000,0.000000,-2.000000,0.000000,2.000000,1.000000
2221.208008,-6.000000,-6.000000,1.910000,0.000000,-2.000000,0.000000,2.000000,1.000000
2221.212891,36.000000,36.000000,1.870000,0.000000,0.000000,0.000000,1.540000,1.000000
2221.218018,45.000000,45.000000,1.800000,0.000000,0.000000,0.000000,1.540000,1.000000
2221.222900,18.000000,18.000000,1.770000,-2.000000,0.000000,0.000000,2.000000,1.000000
2221.228027,16.000000,16.000000,1.760000,-2.000000,0.000000,0.000000,2.000000,1.000000
2221.232910,44.000000,44.000000,1.730000,0.000000,0.000000,0.000000,1.540000,1.000000
2221.238037,43.000000,43.000000,1.650000,0.000000,0.000000,0.000000,1.540000,1.000000
2221.242920,14.000000,14.000000,1.650000,0.000000,0.000000,0.000000,2.000000,1.000000
2221.248047,7.000000,7.000000,1.660000,0.000000,0.000000,0.000000,2.000000,1.000000
2221.252930,31.000000,31.000000,1.650000,0.000000,0.000000,0.000000,2.000000,1.000000
2221.258057,32.000000,32.000000,1.650000,0.000000,0.000000,0.000000,2.000000,1.000000
2221.262939,35.000000,35.000000,1.640000,0.000000,0.000000,0.000000,2.000000,1.000000
2221.268066,37.000000,37.000000,1.620000,0.000000,0.000000,0.000000,2.000000,1.000000
2221.272949,40.000000,40.000000,1.620000,0.000000,0.000000,0.000000,2.000000,1.000000
2221.278076,40.000000,40.000000,1.530000,0.000000,0.000000,0.000000,2.000000,1.000000
2221.282959,47.000000,47.000000,1.560000,2.000000,2.000000,0.000000,2.000000,1.000000
2221.288086,42.000000,42.000000,1.580000,2.000000,2.000000,0.000000,2.000000,1.000000
2221.292969,40.000000,40.000000,1.520000,2.000000,0.000000,0.000000,2.930000,1.000000
2221.298096,49.000000,49.000000,1.420000,2.000000,0.000000,0.000000,2.930000,1.000000
2221.302979,124.000000,124.000000,1.480000,2.000000,0.000000,0.000000,2.470000,1.000000
2221.308105,113.000000,113.000000,1.490000,2.000000,0.000000,0.000000,2.470000,1.000000
2221.312988,79.000000,79.000000,1.440000,2.000000,2.000000,0.000000,2.470000,1.000000
2221.318115,89.000000,89.000000,1.210000,2.000000,2.000000,0.000000,2.470000,1.000000
2221.322998,108.000000,108.000000,1.330000,4.000000,2.000000,0.000000,2.940000,1.000000
2221.327881,79.000000,79.000000,1.240000,4.000000,2.000000,0.000000,2.940000,1.000000
2221.333008,102.000000,102.000000,1.190000,2.000000,2.000000,0.000000,3.400000,1.000000
2221.337891,87.000000,87.000000,1.160000,2.000000,2.000000,0.000000,3.400000,1.000000
2221.343018,92.000000,92.000000,1.400000,4.000000,4.000000,0.000000,2.940000,1.000000
2221.347900,40.000000,40.000000,1.560000,4.000000,4.000000,0.000000,2.940000,1.000000
2221.353027,-23.000000,-23.000000,1.720000,4.000000,2.000000,0.000000,3.870000,1.000000
2221.357910,-34.000000,-34.000000,1.810000,4.000000,2.000000,0.000000,3.870000,1.000000
2221.363037,36.000000,36.000000,1.880000,4.000000,4.000000,0.000000,3.410000,1.000000
2221.367920,41.000000,41.000000,1.940000,4.000000,4.000000,0.000000,3.410000,1.000000
2221.373047,0.000000,0.000000,2.100000,2.000000,2.000000,0.000000,3.880000,1.000000
2221.377930,-18.000000,-18.000000,2.210000,2.000000,2.000000,0.000000,3.880000,1.000000
2221.383057,14.000000,14.000000,2.280000,2.000000,2.000000,0.000000,2.960000,1.000000
2221.387939,24.000000,24.000000,2.330000,2.000000,2.000000,0.000000,2.960000,1.000000
2221.393066,-34.000000,-34.000000,2.430000,2.000000,2.000000,0.000000,2.960000,1.000000
2221.397949,-41.000000,-41.000000,2.470000,2.000000,2.000000,0.000000,2.960000,1.000000
2221.403076,-39.000000,-39.000000,2.540000,2.000000,2.000000,0.000000,2.960000,1.000000
2221.407959,-38.000000,-38.000000,2.600000,2.000000,2.000000,0.000000,2.960000,1.000000
2221.413086,-39.000000,-39.000000,2.670000,0.000000,2.000000,0.000000,2.970000,1.000000
2221.417969,-43.000000,-43.000000,2.900000,0.000000,2.000000,0.000000,2.970000,1.000000
2221.423096,-55.000000,-55.000000,2.940000,0.000000,0.000000,0.000000,2.500000,1.000000
2221.427979,-40.000000,-40.000000,2.910000,0.000000,0.000000,0.000000,2.500000,1.000000
2221.433105,-44.000000,-44.000000,2.900000,0.000000,0.000000,0.000000,2.040000,1.000000
2221.437988,-26.000000,-26.000000,2.950000,0.000000,0.000000,0.000000,2.040000,1.000000
2221.443115,-61.000000,-61.000000,2.880000,0.000000,-2.000000,0.000000,2.040000,1.000000
2221.447998,-55.000000,-55.000000,2.870000,0.000000,-2.000000,0.000000,2.040000,1.000000
2221.452881,-54.000000,-54.000000,2.880000,0.000000,0.000000,0.000000,1.570000,1.000000
2221.458008,-60.000000,-60.000000,2.990000,0.000000,0.000000,0.000000,1.570000,1.000000
2221.462891,-104.000000,-104.000000,2.900000,-2.000000,-2.000000,0.000000,2.040000,1.000000
2221.468018,-90.000000,-90.000000,2.880000,-2.000000,-2.000000,0.000000,2.040000,1.000000
2221.472900,-57.000000,-57.000000,2.920000,0.000000,-2.000000,0.000000,1.110000,1.000000
2221.478027,-64.000000,-64.000000,3.070000,0.000000,-2.000000,0.000000,1.110000,1.000000
2221.482910,-140.000000,-140.000000,2.990000,-4.000000,-2.000000,0.000000,1.570000,1.000000
2221.488037,-118.000000,-118.000000,3.060000,-4.000000,-2.000000,0.000000,1.570000,1.000000
2221.492920,-74.000000,-74.000000,3.060000,-2.000000,-2.000000,0.000000,0.640000,1.000000
2221.498047,-59.000000,-59.000000,3.090000,-2.000000,-2.000000,0.000000,0.640000,1.000000
2221.502930,-103.000000,-103.000000,2.900000,-4.000000,-4.000000,0.000000,1.100000,1.000000
2221.508057,-52.000000,-52.000000,2.840000,-4.000000,-4.000000,0.000000,1.100000,1.000000
2221.512939,14.000000,14.000000,2.670000,-4.000000,-2.000000,0.000000,0.170000,1.000000
2221.518066,41.000000,41.000000,2.480000,-4.000000,-2.000000,0.000000,0.170000,1.000000
2221.522949,-9.000000,-9.000000,2.320000,-4.000000,-4.000000,0.000000,0.630000,1.000000
2221.528076,1.000000,1.000000,2.150000,-4.000000,-4.000000,0.000000,0.630000,1.000000
2221.532959,36.000000,36.000000,2.000000,-4.000000,-2.000000,0.000000,0.160000,1.000000
2221.538086,34.000000,34.000000,1.900000,-4.000000,-2.000000,0.000000,0.160000,1.000000
2221.542969,-7.000000,-7.000000,1.770000,-2.000000,-4.000000,0.000000,0.620000,1.000000
2221.548096,-12.000000,-12.000000,1.680000,-2.000000,-4.000000,0.000000,0.620000,1.000000
2221.552979,13.000000,13.000000,1.630000,-2.000000,0.000000,0.000000,0.620000,1.000000
2221.558105,5.000000,5.000000,1.590000,-2.000000,0.000000,0.000000,0.620000,1.000000
2221.562988,-2.000000,-2.000000,1.540000,-2.000000,-2.000000,0.000000,1.540000,1.000000
2221.568115,-2.000000,-2.000000,1.460000,-2.000000,-2.000000,0.000000,1.540000,1.000000
2221.572998,69.000000,69.000000,1.380000,0.000000,0.000000,0.000000,1.080000,1.000000
2221.577881,73.000000,73.000000,1.310000,0.000000,0.000000,0.000000,1.080000,1.000000
2221.583008,39.000000,39.000000,1.270000,0.000000,-2.000000,0.000000,2.000000,1.000000
2221.587891,33.000000,33.000000,1.250000,0.000000,-2.000000,0.000000,2.000000,1.000000
2221.593018,92.000000,92.000000,1.210000,0.000000,0.000000,0.000000,1.540000,1.000000
2221.597900,92.000000,92.000000,1.080000,0.000000,0.000000,0.000000,1.540000,1.000000
2221.603027,65.000000,65.000000,1.110000,0.000000,0.000000,0.000000,2.000000,1.000000
2221.607910,55.000000,55.000000,1.120000,0.000000,0.000000,0.000000,2.000000,1.000000
2221.613037,78.000000,78.000000,1.100000,2.000000,0.000000,0.000000,2.000000,1.000000
2221.617920,80.000000,80.000000,0.990000,2.000000,0.000000,0.000000,2.000000,1.000000
2221.623047,93.000000,93.000000,1.090000,2.000000,0.000000,0.000000,2.470000,1.000000
2221.627930,81.000000,81.000000,1.050000,2.000000,0.000000,0.000000,2.470000,1.000000
2221.633057,117.000000,117.000000,1.010000,0.000000,2.000000,0.000000,2.470000,1.000000
2221.637939,129.000000,129.000000,0.840000,0.000000,2.000000,0.000000,2.470000,1.000000
2221.643066,145.000000,145.000000,0.910000,4.000000,2.000000,0.000000,2.470000,1.000000
2221.647949,126.000000,126.000000,0.910000,4.000000,2.000000,0.000000,2.470000,1.000000
2221.653076,122.000000,122.000000,0.790000,4.000000,2.000000,0.000000,3.400000,1.000000
2221.657959,126.000000,126.000000,0.550000,4.000000,2.000000,0.000000,3.400000,1.000000
2221.663086,191.000000,191.000000,0.730000,4.000000,4.000000,0.000000,3.410000,1.000000
2221.667969,126.000000,126.000000,0.870000,4.000000,4.000000,0.000000,3.410000,1.000000
2221.673096,70.000000,70.000000,1.060000,4.000000,4.000000,0.000000,3.870000,1.000000
2221.677979,39.000000,39.000000,1.050000,4.000000,4.000000,0.000000,3.870000,1.000000
2221.683105,80.000000,80.000000,1.120000,4.000000,4.000000,0.000000,3.880000,1.000000
2221.687988,75.000000,75.000000,1.110000,4.000000,4.000000,0.000000,3.880000,1.000000
2221.693115,69.000000,69.000000,1.360000,4.000000,4.000000,0.000000,3.880000,1.000000
2221.697998,25.000000,25.000000,1.480000,4.000000,4.000000,0.000000,3.880000,1.000000
2221.702881,5.000000,5.000000,1.800000,6.000000,4.000000,0.000000,3.890000,1.000000
2221.708008,-18.000000,-18.000000,1.890000,6.000000,4.000000,0.000000,3.890000,1.000000
2221.712891,-8.000000,-8.000000,1.950000,4.000000,4.000000,0.000000,4.360000,1.000000
2221.718018,0.000000,0.000000,2.250000,4.000000,4.000000,0.000000,4.360000,1.000000
2221.722900,10.000000,10.000000,2.380000,4.000000,2.000000,0.000000,3.900000,1.000000
2221.728027,10.000000,10.000000,2.480000,4.000000,2.000000,0.000000,3.900000,1.000000
2221.732910,-5.000000,-5.000000,2.590000,2.000000,2.000000,0.000000,3.440000,1.000000
2221.738037,7.000000,7.000000,2.570000,2.000000,2.000000,0.000000,3.440000,1.000000
2221.742920,-10.000000,-10.000000,2.620000,2.000000,2.000000,0.000000,2.980000,1.000000
2221.748047,-6.000000,-6.000000,2.720000,2.000000,2.000000,0.000000,2.980000,1.000000
2221.752930,-46.000000,-46.000000,2.790000,2.000000,2.000000,0.000000,2.980000,1.000000
2221.758057,-47.000000,-47.000000,2.870000,2.000000,2.000000,0.000000,2.980000,1.000000
2221.762939,-41.000000,-41.000000,2.920000,2.000000,0.000000,0.000000,2.980000,1.000000
2221.768066,-32.000000,-32.000000,2.910000,2.000000,0.000000,0.000000,2.980000,1.000000
2221.772949,-18.000000,-18.000000,2.930000,0.000000,0.000000,0.000000,2.520000,1.000000
2221.778076,-11.000000,-11.000000,3.050000,0.000000,0.000000,0.000000,2.520000,1.000000
2221.782959,-48.000000,-48.000000,3.000000,0.000000,0.000000,0.000000,2.060000,1.000000
2221.788086,-32.000000,-32.000000,2.940000,0.000000,0.000000,0.000000,2.060000,1.000000
2221.792969,-47.000000,-47.000000,2.930000,-2.000000,0.000000,0.000000,2.060000,1.000000
2221.798096,-43.000000,-43.000000,2.960000,-2.000000,0.000000,0.000000,2.060000,1.000000
2221.802979,-49.000000,-49.000000,2.890000,-2.000000,-2.000000,0.000000,1.590000,1.000000
2221.808105,-44.000000,-44.000000,2.870000,-2.000000,-2.000000,0.000000,1.590000,1.000000
2221.812988,-78.000000,-78.000000,2.880000,0.000000,-2.000000,0.000000,1.120000,1.000000
2221.818115,-88.000000,-88.000000,2.990000,0.000000,-2.000000,0.000000,1.120000,1.000000
2221.822998,-133.000000,-133.000000,2.910000,-2.000000,0.000000,0.000000,1.590000,1.000000
2221.827881,-122.000000,-122.000000,2.960000,-2.000000,0.000000,0.000000,1.590000,1.000000
2221.833008,-92.000000,-92.000000,2.990000,-2.000000,-2.000000,0.000000,1.590000,1.000000
2221.837891,-90.000000,-90.000000,3.120000,-2.000000,-2.000000,0.000000,1.590000,1.000000
2221.843018,-92.000000,-92.000000,2.940000,-4.000000,-4.000000,0.000000,1.120000,1.000000
2221.847900,-52.000000,-52.000000,2.980000,-4.000000,-4.000000,0.000000,1.120000,1.000000
2221.853027,-67.000000,-67.000000,2.900000,-4.000000,-4.000000,0.000000,0.190000,1.000000
2221.857910,-56.000000,-56.000000,2.910000,-4.000000,-4.000000,0.000000,0.190000,1.000000
2221.863037,-112.000000,-112.000000,2.800000,-4.000000,-4.000000,0.000000,0.180000,1.000000
2221.867920,-85.000000,-85.000000,2.610000,-4.000000,-4.000000,0.000000,0.180000,1.000000
2221.873047,-53.000000,-53.000000,2.470000,-2.000000,-4.000000,0.000000,0.180000,1.000000
2221.877930,-41.000000,-41.000000,2.580000,-2.000000,-4.000000,0.000000,0.180000,1.000000
2221.883057,-56.000000,-56.000000,2.380000,-4.000000,-4.000000,0.000000,0.640000,1.000000
2221.887939,-36.000000,-36.000000,2.250000,-4.000000,-4.000000,0.000000,0.640000,1.000000
2221.893066,12.000000,12.000000,2.170000,-4.000000,-2.000000,0.000000,0.170000,1.000000
2221.897949,17.000000,17.000000,2.090000,-4.000000,-2.000000,0.000000,0.170000,1.000000
2221.903076,-14.000000,-14.000000,1.970000,-2.000000,-2.000000,0.000000,0.630000,1.000000
2221.907959,-3.000000,-3.000000,1.810000,-2.000000,-2.000000,0.000000,0.630000,1.000000
2221.913086,44.000000,44.000000,1.670000,-4.000000,-2.000000,0.000000,1.090000,1.000000
2221.917969,53.000000,53.000000,1.540000,-4.000000,-2.000000,0.000000,1.090000,1.000000
2221.923096,86.000000,86.000000,1.430000,-2.000000,-2.000000,0.000000,0.620000,1.000000
2221.927979,85.000000,85.000000,1.330000,-2.000000,-2.000000,0.000000,0.620000,1.000000
2221.933105,50.000000,50.000000,1.250000,-2.000000,-2.000000,0.000000,1.080000,1.000000
2221.937988,46.000000,46.000000,0.990000,-2.000000,-2.000000,0.000000,1.080000,1.000000
2221.943115,88.000000,88.000000,1.070000,0.000000,0.000000,0.000000,1.080000,1.000000
2221.947998,61.000000,61.000000,1.010000,0.000000,0.000000,0.000000,1.080000,1.000000
2221.952881,47.000000,47.000000,0.940000,2.000000,0.000000,0.000000,2.010000,1.000000
2221.958008,44.000000,44.000000,0.870000,2.000000,0.000000,0.000000,2.010000,1.000000
2221.962891,107.000000,107.000000,0.960000,2.000000,0.000000,0.000000,2.480000,1.000000
2221.968018,84.000000,84.000000,0.970000,2.000000,0.000000,0.000000,2.480000,1.000000
2221.972900,114.000000,114.000000,0.940000,0.000000,0.000000,0.000000,2.480000,1.000000
2221.978027,127.000000,127.000000,0.750000,0.000000,0.000000,0.000000,2.480000,1.000000
2221.982910,148.000000,148.000000,0.830000,4.000000,4.000000,0.000000,2.010000,1.000000
2221.988037,127.000000,127.000000,0.820000,4.000000,4.000000,0.000000,2.010000,1.000000
2221.992920,78.000000,78.000000,0.840000,2.000000,2.000000,0.000000,3.870000,1.000000
2221.998047,51.000000,51.000000,0.710000,2.000000,2.000000,0.000000,3.870000,1.000000
2222.002930,170.000000,170.000000,0.910000,4.000000,4.000000,0.000000,2.950000,1.000000
2222.008057,127.000000,127.000000,0.990000,4.000000,4.000000,0.000000,2.950000,1.000000
2222.012939,30.000000,30.000000,1.180000,4.000000,2.000000,0.000000,3.880000,1.000000
2222.018066,-2.000000,-2.000000,1.180000,4.000000,2.000000,0.000000,3.880000,1.000000
2222.022949,60.000000,60.000000,1.400000,6.000000,6.000000,0.000000,3.420000,1.000000
2222.028076,39.000000,39.000000,1.430000,6.000000,6.000000,0.000000,3.420000,1.000000
2222.032959,0.000000,0.000000,1.690000,6.000000,4.000000,0.000000,4.820000,1.000000
2222.038086,-37.000000,-37.000000,1.910000,6.000000,4.000000,0.000000,4.820000,1.000000
2222.042969,38.000000,38.000000,2.100000,4.000000,4.000000,0.000000,4.360000,1.000000
2222.048096,36.000000,36.000000,2.250000,4.000000,4.000000,0.000000,4.360000,1.000000
2222.052979,14.000000,14.000000,2.310000,4.000000,4.000000,0.000000,3.900000,1.000000
2222.058105,31.000000,31.000000,2.280000,4.000000,4.000000,0.000000,3.900000,1.000000
2222.062988,9.000000,9.000000,2.450000,2.000000,4.000000,0.000000,3.910000,1.000000
2222.068115,-10.000000,-10.000000,2.610000,2.000000,4.000000,0.000000,3.910000,1.000000
2222.072998,-28.000000,-28.000000,2.730000,2.000000,2.000000,0.000000,3.450000,1.000000
2222.077881,-25.000000,-25.000000,2.900000,2.000000,2.000000,0.000000,3.450000,1.000000
2222.083008,-50.000000,-50.000000,2.920000,2.000000,2.000000,0.000000,2.980000,1.000000
2222.087891,-31.000000,-31.000000,2.950000,2.000000,2.000000,0.000000,2.980000,1.000000
2222.093018,-50.000000,-50.000000,3.020000,0.000000,2.000000,0.000000,2.990000,1.000000
2222.097900,-48.000000,-48.000000,3.130000,0.000000,2.000000,0.000000,2.990000,1.000000
2222.103027,-48.000000,-48.000000,3.130000,0.000000,0.000000,0.000000,2.520000,1.000000
2222.107910,-32.000000,-32.000000,3.100000,0.000000,0.000000,0.000000,2.520000,1.000000
2222.113037,-41.000000,-41.000000,3.050000,0.000000,0.000000,0.000000,2.060000,1.000000
2222.117920,-26.000000,-26.000000,3.090000,0.000000,0.000000,0.000000,2.060000,1.000000
2222.123047,-61.000000,-61.000000,3.060000,0.000000,-2.000000,0.000000,2.060000,1.000000
2222.127930,-59.000000,-59.000000,3.020000,0.000000,-2.000000,0.000000,2.060000,1.000000
2222.133057,-54.000000,-54.000000,3.010000,0.000000,0.000000,0.000000,1.600000,1.000000
2222.137939,-54.000000,-54.000000,3.120000,0.000000,0.000000,0.000000,1.600000,1.000000
2222.143066,-97.000000,-97.000000,3.020000,-2.000000,-2.000000,0.000000,2.060000,1.000000
2222.147949,-85.000000,-85.000000,2.980000,-2.000000,-2.000000,0.000000,2.060000,1.000000
2222.153076,-50.000000,-50.000000,3.020000,0.000000,0.000000,0.000000,1.130000,1.000000
2222.157959,-60.000000,-60.000000,3.190000,0.000000,0.000000,0.000000,1.130000,1.000000
2222.163086,-142.000000,-142.000000,3.060000,-2.000000,-4.000000,0.000000,2.060000,1.000000
2222.167969,-116.000000,-116.000000,3.020000,-2.000000,-4.000000,0.000000,2.060000,1.000000
2222.173096,-22.000000,-22.000000,2.930000,-2.000000,-2.000000,0.000000,0.660000,1.000000
2222.177979,-5.000000,-5.000000,3.050000,-2.000000,-2.000000,0.000000,0.660000,1.000000
2222.183105,-104.000000,-104.000000,2.930000,-4.000000,-4.000000,0.000000,1.120000,1.000000
2222.187988,-75.000000,-75.000000,2.880000,-4.000000,-4.000000,0.000000,1.120000,1.000000
2222.193115,-8.000000,-8.000000,2.690000,-2.000000,-4.000000,0.000000,0.190000,1.000000
2222.197998,35.000000,35.000000,2.600000,-2.000000,-4.000000,0.000000,0.190000,1.000000
2222.202881,-13.000000,-13.000000,2.290000,-4.000000,-4.000000,0.000000,0.650000,1.000000
2222.208008,21.000000,21.000000,2.120000,-4.000000,-4.000000,0.000000,0.650000,1.000000
2222.212891,66.000000,66.000000,1.990000,-2.000000,-4.000000,0.000000,0.180000,1.000000
2222.218018,67.000000,67.000000,1.720000,-2.000000,-4.000000,0.000000,0.180000,1.000000
2222.222900,45.000000,45.000000,1.630000,-2.000000,-2.000000,0.000000,0.640000,1.000000
2222.228027,42.000000,42.000000,1.550000,-2.000000,-2.000000,0.000000,0.640000,1.000000
2222.232910,65.000000,65.000000,1.360000,-2.000000,-2.000000,0.000000,1.100000,1.000000
2222.238037,68.000000,68.000000,1.150000,-2.000000,-2.000000,0.000000,1.100000,1.000000
2222.242920,105.000000,105.000000,1.070000,0.000000,0.000000,0.000000,1.100000,1.000000
2222.248047,92.000000,92.000000,1.010000,0.000000,0.000000,0.000000,1.100000,1.000000
2222.252930,76.000000,76.000000,0.940000,0.000000,0.000000,0.000000,2.030000,1.000000
2222.258057,63.000000,63.000000,0.740000,0.000000,0.000000,0.000000,2.030000,1.000000
2222.262939,127.000000,127.000000,0.840000,2.000000,2.000000,0.000000,2.030000,1.000000
2222.268066,93.000000,93.000000,0.860000,2.000000,2.000000,0.000000,2.030000,1.000000
2222.272949,74.000000,74.000000,0.860000,2.000000,2.000000,0.000000,2.960000,1.000000
2222.278076,67.000000,67.000000,0.730000,2.000000,2.000000,0.000000,2.960000,1.000000
2222.282959,140.000000,140.000000,0.790000,2.000000,4.000000,0.000000,2.960000,1.000000
2222.288086,121.000000,121.000000,0.750000,2.000000,4.000000,0.000000,2.960000,1.000000
2222.292969,99.000000,99.000000,0.930000,2.000000,2.000000,0.000000,3.430000,1.000000
2222.298096,56.000000,56.000000,0.900000,2.000000,2.000000,0.000000,3.430000,1.000000
2222.302979,80.000000,80.000000,1.080000,6.000000,4.000000,0.000000,2.970000,1.000000
2222.308105,60.000000,60.000000,1.090000,6.000000,4.000000,0.000000,2.970000,1.000000
2222.312988,19.000000,19.000000,1.270000,4.000000,4.000000,0.000000,4.370000,1.000000
2222.318115,-13.000000,-13.000000,1.400000,4.000000,4.000000,0.000000,4.370000,1.000000
2222.322998,68.000000,68.000000,1.610000,4.000000,4.000000,0.000000,3.910000,1.000000
2222.327881,56.000000,56.000000,1.690000,4.000000,4.000000,0.000000,3.910000,1.000000
2222.333008,30.000000,30.000000,1.790000,2.000000,4.000000,0.000000,3.910000,1.000000
2222.337891,30.000000,30.000000,1.870000,2.000000,4.000000,0.000000,3.910000,1.000000
2222.343018,27.000000,27.000000,2.040000,4.000000,2.000000,0.000000,3.450000,1.000000
2222.347900,13.000000,13.000000,2.190000,4.000000,2.000000,0.000000,3.450000,1.000000
2222.353027,-35.000000,-35.000000,2.330000,2.000000,2.000000,0.000000,3.450000,1.000000
2222.357910,-43.000000,-43.000000,2.460000,2.000000,2.000000,0.000000,3.450000,1.000000
2222.363037,-41.000000,-41.000000,2.540000,2.000000,2.000000,0.000000,2.990000,1.000000
2222.367920,-33.000000,-33.000000,2.600000,2.000000,2.000000,0.000000,2.990000,1.000000
2222.373047,-58.000000,-58.000000,2.710000,2.000000,2.000000,0.000000,3.000000,1.000000
2222.377930,-62.000000,-62.000000,2.920000,2.000000,2.000000,0.000000,3.000000,1.000000
2222.383057,-72.000000,-72.000000,2.980000,0.000000,2.000000,0.000000,3.000000,1.000000
2222.387939,-56.000000,-56.000000,2.980000,0.000000,2.000000,0.000000,3.000000,1.000000
2222.393066,-29.000000,-29.000000,2.960000,0.000000,0.000000,0.000000,2.540000,1.000000
2222.397949,-7.000000,-7.000000,3.090000,0.000000,0.000000,0.000000,2.540000,1.000000
2222.403076,-43.000000,-43.000000,3.000000,-2.000000,-2.000000,0.000000,2.070000,1.000000
2222.407959,-27.000000,-27.000000,2.980000,-2.000000,-2.000000,0.000000,2.070000,1.000000
2222.413086,-49.000000,-49.000000,2.960000,-2.000000,-2.000000,0.000000,1.140000,1.000000
2222.417969,-49.000000,-49.000000,2.970000,-2.000000,-2.000000,0.000000,1.140000,1.000000
2222.423096,-121.000000,-121.000000,2.950000,-2.000000,-2.000000,0.000000,1.140000,1.000000
2222.427979,-121.000000,-121.000000,2.930000,-2.000000,-2.000000,0.000000,1.140000,1.000000
2222.433105,-123.000000,-123.000000,2.950000,-2.000000,0.000000,0.000000,1.140000,1.000000
2222.437988,-127.000000,-127.000000,3.160000,-2.000000,0.000000,0.000000,1.140000,1.000000
2222.443115,-140.000000,-140.000000,3.040000,-4.000000,-4.000000,0.000000,1.600000,1.000000
2222.447998,-106.000000,-106.000000,3.070000,-4.000000,-4.000000,0.000000,1.600000,1.000000
2222.452881,-52.000000,-52.000000,3.000000,-2.000000,-4.000000,0.000000,0.200000,1.000000
2222.458008,-38.000000,-38.000000,3.040000,-2.000000,-4.000000,0.000000,0.200000,1.000000
2222.462891,-128.000000,-128.000000,2.910000,-4.000000,-4.000000,0.000000,0.660000,1.000000
2222.468018,-91.000000,-91.000000,2.720000,-4.000000,-4.000000,0.000000,0.660000,1.000000
2222.472900,-10.000000,-10.000000,2.550000,-2.000000,-2.000000,0.000000,0.190000,1.000000
2222.478027,23.000000,23.000000,2.540000,-2.000000,-2.000000,0.000000,0.190000,1.000000
2222.482910,-6.000000,-6.000000,2.250000,-6.000000,-4.000000,0.000000,1.120000,1.000000
2222.488037,28.000000,28.000000,2.040000,-6.000000,-4.000000,0.000000,1.120000,1.000000
2222.492920,108.000000,108.000000,1.920000,-4.000000,-4.000000,0.000000,-0.280000,1.000000
2222.498047,107.000000,107.000000,1.610000,-4.000000,-4.000000,0.000000,-0.280000,1.000000
2222.502930,24.000000,24.000000,1.490000,-4.000000,-2.000000,0.000000,0.180000,1.000000
2222.508057,21.000000,21.000000,1.400000,-4.000000,-2.000000,0.000000,0.180000,1.000000
2222.512939,45.000000,45.000000,1.210000,-2.000000,0.000000,0.000000,0.640000,1.000000
2222.518066,47.000000,47.000000,1.070000,-2.000000,0.000000,0.000000,0.640000,1.000000
2222.522949,80.000000,80.000000,1.000000,0.000000,0.000000,0.000000,1.570000,1.000000
2222.528076,69.000000,69.000000,0.900000,0.000000,0.000000,0.000000,1.570000,1.000000
2222.532959,128.000000,128.000000,0.820000,-2.000000,0.000000,0.000000,2.030000,1.000000
2222.538086,124.000000,124.000000,0.600000,-2.000000,0.000000,0.000000,2.030000,1.000000
2222.542969,161.000000,161.000000,0.640000,2.000000,2.000000,0.000000,1.570000,1.000000
2222.548096,133.000000,133.000000,0.640000,2.000000,2.000000,0.000000,1.570000,1.000000
2222.552979,80.000000,80.000000,0.620000,2.000000,2.000000,0.000000,2.960000,1.000000
2222.558105,74.000000,74.000000,0.440000,2.000000,2.000000,0.000000,2.960000,1.000000
2222.562988,183.000000,183.000000,0.560000,2.000000,2.000000,0.000000,2.960000,1.000000
2222.568115,150.000000,150.000000,0.440000,2.000000,2.000000,0.000000,2.960000,1.000000
2222.572998,127.000000,127.000000,0.560000,2.000000,2.000000,0.000000,2.970000,1.000000
2222.577881,93.000000,93.000000,0.580000,2.000000,2.000000,0.000000,2.970000,1.000000
2222.583008,71.000000,71.000000,0.760000,6.000000,4.000000,0.000000,2.970000,1.000000
2222.587891,34.000000,34.000000,0.850000,6.000000,4.000000,0.000000,2.970000,1.000000
2222.593018,6.000000,6.000000,1.120000,4.000000,6.000000,0.000000,4.370000,1.000000
2222.597900,-39.000000,-39.000000,1.340000,4.000000,6.000000,0.000000,4.370000,1.000000
2222.603027,34.000000,34.000000,1.560000,4.000000,4.000000,0.000000,4.370000,1.000000
2222.607910,28.000000,28.000000,1.730000,4.000000,4.000000,0.000000,4.370000,1.000000
2222.613037,37.000000,37.000000,1.830000,4.000000,4.000000,0.000000,3.910000,1.000000
2222.617920,52.000000,52.000000,1.820000,4.000000,4.000000,0.000000,3.910000,1.000000
2222.623047,39.000000,39.000000,1.950000,4.000000,4.000000,0.000000,3.920000,1.000000
2222.627930,34.000000,34.000000,2.090000,4.000000,4.000000,0.000000,3.920000,1.000000
2222.633057,17.000000,17.000000,2.230000,4.000000,4.000000,0.000000,3.920000,1.000000
2222.637939,9.000000,9.000000,2.270000,4.000000,4.000000,0.000000,3.920000,1.000000
2222.643066,21.000000,21.000000,2.320000,2.000000,4.000000,0.000000,3.930000,1.000000
2222.647949,26.000000,26.000000,2.400000,2.000000,4.000000,0.000000,3.930000,1.000000
2222.653076,22.000000,22.000000,2.510000,2.000000,2.000000,0.000000,3.470000,1.000000
2222.657959,9.000000,9.000000,2.600000,2.000000,2.000000,0.000000,3.470000,1.000000
2222.663086,-26.000000,-26.000000,2.670000,2.000000,2.000000,0.000000,3.000000,1.000000
2222.667969,-22.000000,-22.000000,2.710000,2.000000,2.000000,0.000000,3.000000,1.000000
2222.673096,-48.000000,-48.000000,2.790000,2.000000,2.000000,0.000000,3.010000,1.000000
2222.677979,-52.000000,-52.000000,2.980000,2.000000,2.000000,0.000000,3.010000,1.000000
2222.683105,-62.000000,-62.000000,3.050000,2.000000,0.000000,0.000000,3.010000,1.000000
2222.687988,-51.000000,-51.000000,3.080000,2.000000,0.000000,0.000000,3.010000,1.000000
2222.693115,-27.000000,-27.000000,3.040000,0.000000,2.000000,0.000000,2.550000,1.000000
2222.697998,-5.000000,-5.000000,3.110000,0.000000,2.000000,0.000000,2.550000,1.000000
2222.702881,-37.000000,-37.000000,3.040000,0.000000,0.000000,0.000000,2.550000,1.000000
2222.708008,-25.000000,-25.000000,3.000000,0.000000,0.000000,0.000000,2.550000,1.000000
2222.712891,-15.000000,-15.000000,2.990000,0.000000,0.000000,0.000000,2.080000,1.000000
2222.718018,-16.000000,-16.000000,3.000000,0.000000,0.000000,0.000000,2.080000,1.000000
2222.722900,-52.000000,-52.000000,2.980000,0.000000,-2.000000,0.000000,2.080000,1.000000
2222.728027,-51.000000,-51.000000,2.950000,0.000000,-2.000000,0.000000,2.080000,1.000000
2222.732910,-50.000000,-50.000000,2.960000,0.000000,0.000000,0.000000,1.620000,1.000000
2222.738037,-52.000000,-52.000000,3.070000,0.000000,0.000000,0.000000,1.620000,1.000000
2222.742920,-90.000000,-90.000000,3.000000,-2.000000,0.000000,0.000000,2.080000,1.000000
2222.748047,-72.000000,-72.000000,2.990000,-2.000000,0.000000,0.000000,2.080000,1.000000
2222.752930,-31.000000,-31.000000,2.980000,-2.000000,-2.000000,0.000000,1.620000,1.000000
2222.758057,-28.000000,-28.000000,3.080000,-2.000000,-2.000000,0.000000,1.620000,1.000000
2222.762939,-66.000000,-66.000000,2.940000,-2.000000,-2.000000,0.000000,1.150000,1.000000
2222.768066,-44.000000,-44.000000,2.930000,-2.000000,-2.000000,0.000000,1.150000,1.000000
2222.772949,-65.000000,-65.000000,2.870000,-2.000000,-2.000000,0.000000,1.150000,1.000000
2222.778076,-48.000000,-48.000000,2.830000,-2.000000,-2.000000,0.000000,1.150000,1.000000
2222.782959,-31.000000,-31.000000,2.690000,-4.000000,-2.000000,0.000000,1.150000,1.000000
2222.788086,-11.000000,-11.000000,2.580000,-4.000000,-2.000000,0.000000,1.150000,1.000000
2222.792969,2.000000,2.000000,2.460000,-2.000000,-2.000000,0.000000,0.680000,1.000000
2222.798096,8.000000,8.000000,2.370000,-2.000000,-2.000000,0.000000,0.680000,1.000000
2222.802979,-27.000000,-27.000000,2.260000,-2.000000,-2.000000,0.000000,1.140000,1.000000
2222.808105,1.000000,1.000000,2.170000,-2.000000,-2.000000,0.000000,1.140000,1.000000
2222.812988,-5.000000,-5.000000,2.110000,-2.000000,-2.000000,0.000000,1.140000,1.000000
2222.818115,-17.000000,-17.000000,2.140000,-2.000000,-2.000000,0.000000,1.140000,1.000000
2222.822998,-13.000000,-13.000000,2.100000,-2.000000,-2.000000,0.000000,1.140000,1.000000
2222.827881,7.000000,7.000000,1.980000,-2.000000,-2.000000,0.000000,1.140000,1.000000
2222.833008,16.000000,16.000000,1.910000,0.000000,0.000000,0.000000,1.130000,1.000000
2222.837891,16.000000,16.000000,1.840000,0.000000,0.000000,0.000000,1.130000,1.000000
2222.843018,17.000000,17.000000,1.760000,0.000000,0.000000,0.000000,2.060000,1.000000
2222.847900,78.000000,78.000000,1.700000,0.000000,0.000000,0.000000,2.060000,1.000000
2222.853027,74.000000,74.000000,1.650000,0.000000,0.000000,0.000000,2.060000,1.000000
2222.857910,73.000000,73.000000,1.560000,0.000000,0.000000,0.000000,2.060000,1.000000
2222.863037,66.000000,66.000000,1.540000,0.000000,0.000000,0.000000,2.060000,1.000000
2222.867920,59.000000,59.000000,1.530000,0.000000,0.000000,0.000000,2.060000,1.000000
2222.873047,56.000000,56.000000,1.510000,0.000000,0.000000,0.000000,2.060000,1.000000
2222.877930,64.000000,64.000000,1.370000,0.000000,0.000000,0.000000,2.060000,1.000000
2222.883057,47.000000,47.000000,1.490000,0.000000,2.000000,0.000000,2.060000,1.000000
2222.887939,47.000000,47.000000,1.490000,0.000000,2.000000,0.000000,2.060000,1.000000
2222.893066,65.000000,65.000000,1.410000,2.000000,0.000000,0.000000,2.530000,1.000000
2222.897949,109.000000,109.000000,1.320000,2.000000,0.000000,0.000000,2.530000,1.000000
2222.903076,98.000000,98.000000,1.350000,2.000000,2.000000,0.000000,2.530000,1.000000
2222.907959,96.000000,96.000000,1.320000,2.000000,2.000000,0.000000,2.530000,1.000000
2222.913086,98.000000,98.000000,1.300000,2.000000,2.000000,0.000000,2.990000,1.000000
2222.917969,145.000000,145.000000,1.090000,2.000000,2.000000,0.000000,2.990000,1.000000
2222.923096,122.000000,122.000000,1.100000,4.000000,4.000000,0.000000,3.000000,1.000000
2222.927979,82.000000,82.000000,1.070000,4.000000,4.000000,0.000000,3.000000,1.000000
2222.933105,28.000000,28.000000,1.260000,2.000000,2.000000,0.000000,3.930000,1.000000
2222.937988,83.000000,83.000000,1.290000,2.000000,2.000000,0.000000,3.930000,1.000000
2222.943115,57.000000,57.000000,1.500000,6.000000,6.000000,0.000000,3.000000,1.000000
2222.947998,-11.000000,-11.000000,1.510000,6.000000,6.000000,0.000000,3.000000,1.000000
2222.952881,-39.000000,-39.000000,1.650000,4.000000,2.000000,0.000000,4.870000,1.000000
2222.958008,61.000000,61.000000,1.850000,4.000000,2.000000,0.000000,4.870000,1.000000
2222.962891,47.000000,47.000000,2.080000,4.000000,4.000000,0.000000,3.480000,1.000000
2222.968018,-44.000000,-44.000000,2.250000,4.000000,4.000000,0.000000,3.480000,1.000000
2222.972900,-22.000000,-22.000000,2.290000,2.000000,2.000000,0.000000,3.950000,1.000000
2222.978027,36.000000,36.000000,2.170000,2.000000,2.000000,0.000000,3.950000,1.000000
2222.982910,17.000000,17.000000,2.300000,2.000000,4.000000,0.000000,3.020000,1.000000
2222.988037,-81.000000,-81.000000,2.500000,2.000000,4.000000,0.000000,3.020000,1.000000
2222.992920,-88.000000,-88.000000,2.610000,2.000000,2.000000,0.000000,3.490000,1.000000
2222.998047,-48.000000,-48.000000,2.750000,2.000000,2.000000,0.000000,3.490000,1.000000
2223.002930,-35.000000,-35.000000,2.820000,2.000000,2.000000,0.000000,3.030000,1.000000
2223.008057,-54.000000,-54.000000,2.840000,2.000000,2.000000,0.000000,3.030000,1.000000
2223.012939,-51.000000,-51.000000,2.890000,0.000000,2.000000,0.000000,3.030000,1.000000
2223.018066,-65.000000,-65.000000,3.100000,0.000000,2.000000,0.000000,3.030000,1.000000
2223.022949,-54.000000,-54.000000,3.140000,0.000000,0.000000,0.000000,2.570000,1.000000
2223.028076,-68.000000,-68.000000,3.200000,0.000000,0.000000,0.000000,2.570000,1.000000
2223.032959,-47.000000,-47.000000,3.230000,0.000000,2.000000,0.000000,2.100000,1.000000
2223.038086,-63.000000,-63.000000,3.260000,0.000000,2.000000,0.000000,2.100000,1.000000
2223.042969,-35.000000,-35.000000,3.110000,-2.000000,-2.000000,0.000000,2.570000,1.000000
2223.048096,7.000000,7.000000,3.040000,-2.000000,-2.000000,0.000000,2.570000,1.000000
2223.052979,4.000000,4.000000,3.000000,-2.000000,0.000000,0.000000,1.170000,1.000000
2223.058105,-105.000000,-105.000000,3.030000,-2.000000,0.000000,0.000000,1.170000,1.000000
2223.062988,-102.000000,-102.000000,2.970000,0.000000,-2.000000,0.000000,1.640000,1.000000
2223.068115,-70.000000,-70.000000,2.940000,0.000000,-2.000000,0.000000,1.640000,1.000000
2223.072998,-73.000000,-73.000000,2.960000,0.000000,-2.000000,0.000000,1.640000,1.000000
2223.077881,-81.000000,-81.000000,3.150000,0.000000,-2.000000,0.000000,1.640000,1.000000
2223.083008,-49.000000,-49.000000,2.970000,-2.000000,-4.000000,0.000000,1.640000,1.000000
2223.087891,-23.000000,-23.000000,2.910000,-2.000000,-4.000000,0.000000,1.640000,1.000000
2223.093018,-12.000000,-12.000000,2.870000,-2.000000,-2.000000,0.000000,0.700000,1.000000
2223.097900,-72.000000,-72.000000,2.880000,-2.000000,-2.000000,0.000000,0.700000,1.000000
2223.103027,-50.000000,-50.000000,2.800000,-2.000000,-4.000000,0.000000,1.170000,1.000000
2223.107910,20.000000,20.000000,2.610000,-2.000000,-4.000000,0.000000,1.170000,1.000000
2223.113037,43.000000,43.000000,2.450000,-2.000000,-2.000000,0.000000,0.700000,1.000000
2223.117920,9.000000,9.000000,2.420000,-2.000000,-2.000000,0.000000,0.700000,1.000000
2223.123047,20.000000,20.000000,2.240000,-2.000000,-2.000000,0.000000,1.160000,1.000000
2223.127930,58.000000,58.000000,2.110000,-2.000000,-2.000000,0.000000,1.160000,1.000000
2223.133057,58.000000,58.000000,2.030000,-2.000000,-2.000000,0.000000,1.160000,1.000000
2223.137939,64.000000,64.000000,1.830000,-2.000000,-2.000000,0.000000,1.160000,1.000000
2223.143066,62.000000,62.000000,1.740000,-2.000000,-2.000000,0.000000,1.150000,1.000000
2223.147949,57.000000,57.000000,1.660000,-2.000000,-2.000000,0.000000,1.150000,1.000000
2223.153076,57.000000,57.000000,1.530000,0.000000,-2.000000,0.000000,1.150000,1.000000
2223.157959,61.000000,61.000000,1.330000,0.000000,-2.000000,0.000000,1.150000,1.000000
2223.163086,32.000000,32.000000,1.410000,0.000000,0.000000,0.000000,1.610000,1.000000
2223.167969,51.000000,51.000000,1.370000,0.000000,0.000000,0.000000,1.610000,1.000000
2223.173096,49.000000,49.000000,1.350000,0.000000,2.000000,0.000000,2.080000,1.000000
2223.177979,87.000000,87.000000,1.310000,0.000000,2.000000,0.000000,2.080000,1.000000
2223.183105,87.000000,87.000000,1.310000,0.000000,2.000000,0.000000,2.540000,1.000000
2223.187988,125.000000,125.000000,1.270000,0.000000,2.000000,0.000000,2.540000,1.000000
2223.193115,131.000000,131.000000,1.230000,0.000000,2.000000,0.000000,2.540000,1.000000
2223.197998,147.000000,147.000000,1.010000,0.000000,2.000000,0.000000,2.540000,1.000000
2223.202881,126.000000,126.000000,1.100000,2.000000,2.000000,0.000000,2.550000,1.000000
2223.208008,117.000000,117.000000,1.080000,2.000000,2.000000,0.000000,2.550000,1.000000
2223.212891,116.000000,116.000000,0.990000,0.000000,2.000000,0.000000,3.010000,1.000000
2223.218018,154.000000,154.000000,0.760000,0.000000,2.000000,0.000000,3.010000,1.000000
2223.222900,106.000000,106.000000,0.880000,4.000000,4.000000,0.000000,2.550000,1.000000
2223.228027,22.000000,22.000000,0.970000,4.000000,4.000000,0.000000,2.550000,1.000000
2223.232910,-16.000000,-16.000000,1.150000,2.000000,4.000000,0.000000,3.950000,1.000000
2223.238037,81.000000,81.000000,1.180000,2.000000,4.000000,0.000000,3.950000,1.000000
2223.242920,65.000000,65.000000,1.410000,4.000000,6.000000,0.000000,3.490000,1.000000
2223.248047,39.000000,39.000000,1.440000,4.000000,6.000000,0.000000,3.490000,1.000000
2223.252930,22.000000,22.000000,1.570000,4.000000,4.000000,0.000000,4.420000,1.000000
2223.258057,73.000000,73.000000,1.630000,4.000000,4.000000,0.000000,4.420000,1.000000
2223.262939,52.000000,52.000000,1.870000,4.000000,4.000000,0.000000,3.960000,1.000000
2223.268066,16.000000,16.000000,1.990000,4.000000,4.000000,0.000000,3.960000,1.000000
2223.272949,17.000000,17.000000,2.080000,4.000000,4.000000,0.000000,3.960000,1.000000
2223.278076,19.000000,19.000000,2.150000,4.000000,4.000000,0.000000,3.960000,1.000000
2223.282959,12.000000,12.000000,2.300000,4.000000,4.000000,0.000000,3.970000,1.000000
2223.288086,6.000000,6.000000,2.370000,4.000000,4.000000,0.000000,3.970000,1.000000
2223.292969,-2.000000,-2.000000,2.510000,4.000000,2.000000,0.000000,3.970000,1.000000
2223.298096,1.000000,1.000000,2.640000,4.000000,2.000000,0.000000,3.970000,1.000000
2223.302979,11.000000,11.000000,2.730000,4.000000,2.000000,0.000000,3.510000,1.000000
2223.308105,-8.000000,-8.000000,2.760000,4.000000,2.000000,0.000000,3.510000,1.000000
2223.312988,-2.000000,-2.000000,2.820000,2.000000,2.000000,0.000000,3.520000,1.000000
2223.318115,-1.000000,-1.000000,2.860000,2.000000,2.000000,0.000000,3.520000,1.000000
2223.322998,0.000000,0.000000,2.920000,2.000000,2.000000,0.000000,3.060000,1.000000
2223.327881,-26.000000,-26.000000,2.960000,2.000000,2.000000,0.000000,3.060000,1.000000
2223.333008,-17.000000,-17.000000,2.960000,2.000000,2.000000,0.000000,3.060000,1.000000
2223.337891,-14.000000,-14.000000,2.990000,2.000000,2.000000,0.000000,3.060000,1.000000
2223.343018,-12.000000,-12.000000,3.020000,0.000000,0.000000,0.000000,3.060000,1.000000
2223.347900,-7.000000,-7.000000,3.040000,0.000000,0.000000,0.000000,3.060000,1.000000
2223.353027,1.000000,1.000000,3.060000,0.000000,0.000000,0.000000,2.130000,1.000000
2223.357910,-57.000000,-57.000000,3.090000,0.000000,0.000000,0.000000,2.130000,1.000000
2223.363037,-44.000000,-44.000000,3.070000,0.000000,0.000000,0.000000,2.130000,1.000000
2223.367920,-29.000000,-29.000000,3.010000,0.000000,0.000000,0.000000,2.130000,1.000000
2223.373047,-18.000000,-18.000000,2.950000,0.000000,0.000000,0.000000,2.130000,1.000000
2223.377930,-23.000000,-23.000000,3.020000,0.000000,0.000000,0.000000,2.130000,1.000000
2223.383057,-12.000000,-12.000000,2.910000,0.000000,-2.000000,0.000000,2.130000,1.000000
2223.387939,-6.000000,-6.000000,2.840000,0.000000,-2.000000,0.000000,2.130000,1.000000
2223.393066,-10.000000,-10.000000,2.830000,-2.000000,-2.000000,0.000000,1.670000,1.000000
2223.397949,-43.000000,-43.000000,2.790000,-2.000000,-2.000000,0.000000,1.670000,1.000000
2223.403076,-40.000000,-40.000000,2.750000,-2.000000,0.000000,0.000000,1.200000,1.000000
2223.407959,-70.000000,-70.000000,2.710000,-2.000000,0.000000,0.000000,1.200000,1.000000
2223.413086,-67.000000,-67.000000,2.660000,0.000000,0.000000,0.000000,1.670000,1.000000
2223.417969,-43.000000,-43.000000,2.730000,0.000000,0.000000,0.000000,1.670000,1.000000
2223.423096,-34.000000,-34.000000,2.660000,0.000000,0.000000,0.000000,2.130000,1.000000
2223.427979,14.000000,14.000000,2.590000,0.000000,0.000000,0.000000,2.130000,1.000000
2223.433105,25.000000,25.000000,2.550000,0.000000,0.000000,0.000000,2.130000,1.000000
2223.437988,27.000000,27.000000,2.570000,0.000000,0.000000,0.000000,2.130000,1.000000
2223.443115,39.000000,39.000000,2.470000,0.000000,-2.000000,0.000000,2.130000,1.000000
2223.447998,51.000000,51.000000,2.380000,0.000000,-2.000000,0.000000,2.130000,1.000000
2223.452881,54.000000,54.000000,2.310000,0.000000,-2.000000,0.000000,1.660000,1.000000
2223.458008,32.000000,32.000000,2.100000,0.000000,-2.000000,0.000000,1.660000,1.000000
2223.462891,18.000000,18.000000,2.090000,0.000000,0.000000,0.000000,1.660000,1.000000
2223.468018,2.000000,2.000000,2.110000,0.000000,0.000000,0.000000,1.660000,1.000000
2223.472900,2.000000,2.000000,2.040000,0.000000,2.000000,0.000000,2.130000,1.000000
2223.478027,37.000000,37.000000,2.000000,0.000000,2.000000,0.000000,2.130000,1.000000
2223.482910,32.000000,32.000000,2.010000,0.000000,0.000000,0.000000,2.590000,1.000000
2223.488037,69.000000,69.000000,1.970000,0.000000,0.000000,0.000000,2.590000,1.000000
2223.492920,72.000000,72.000000,1.950000,0.000000,0.000000,0.000000,2.130000,1.000000
2223.498047,46.000000,46.000000,1.840000,0.000000,0.000000,0.000000,2.130000,1.000000
2223.502930,40.000000,40.000000,1.860000,0.000000,2.000000,0.000000,2.130000,1.000000
2223.508057,39.000000,39.000000,1.870000,0.000000,2.000000,0.000000,2.130000,1.000000
2223.512939,47.000000,47.000000,1.810000,2.000000,0.000000,0.000000,2.590000,1.000000
2223.518066,92.000000,92.000000,1.690000,2.000000,0.000000,0.000000,2.590000,1.000000
2223.522949,81.000000,81.000000,1.740000,2.000000,0.000000,0.000000,2.590000,1.000000
2223.528076,78.000000,78.000000,1.730000,2.000000,0.000000,0.000000,2.590000,1.000000
2223.532959,85.000000,85.000000,1.700000,2.000000,0.000000,0.000000,2.600000,1.000000
2223.538086,104.000000,104.000000,1.480000,2.000000,0.000000,0.000000,2.600000,1.000000
2223.542969,81.000000,81.000000,1.450000,2.000000,2.000000,0.000000,2.600000,1.000000
2223.548096,21.000000,21.000000,1.590000,2.000000,2.000000,0.000000,2.600000,1.000000
2223.552979,-17.000000,-17.000000,1.730000,2.000000,2.000000,0.000000,3.060000,1.000000
2223.558105,21.000000,21.000000,1.690000,2.000000,2.000000,0.000000,3.060000,1.000000
2223.562988,13.000000,13.000000,1.810000,4.000000,2.000000,0.000000,3.060000,1.000000
2223.568115,22.000000,22.000000,1.760000,4.000000,2.000000,0.000000,3.060000,1.000000
2223.572998,6.000000,6.000000,1.800000,4.000000,2.000000,0.000000,3.530000,1.000000
2223.577881,10.000000,10.000000,1.970000,4.000000,2.000000,0.000000,3.530000,1.000000
2223.583008,-4.000000,-4.000000,2.140000,2.000000,2.000000,0.000000,3.540000,1.000000
2223.587891,4.000000,4.000000,2.270000,2.000000,2.000000,0.000000,3.540000,1.000000
2223.593018,26.000000,26.000000,2.300000,2.000000,2.000000,0.000000,3.070000,1.000000
2223.597900,8.000000,8.000000,2.300000,2.000000,2.000000,0.000000,3.070000,1.000000
2223.603027,4.000000,4.000000,2.370000,2.000000,0.000000,0.000000,3.080000,1.000000
2223.607910,0.000000,0.000000,2.460000,2.000000,0.000000,0.000000,3.080000,1.000000
2223.613037,9.000000,9.000000,2.500000,0.000000,2.000000,0.000000,2.610000,1.000000
2223.617920,-8.000000,-8.000000,2.480000,0.000000,2.000000,0.000000,2.610000,1.000000
2223.623047,-2.000000,-2.000000,2.480000,0.000000,0.000000,0.000000,2.620000,1.000000
2223.627930,-6.000000,-6.000000,2.520000,0.000000,0.000000,0.000000,2.620000,1.000000
2223.633057,-7.000000,-7.000000,2.550000,0.000000,0.000000,0.000000,2.150000,1.000000
2223.637939,-31.000000,-31.000000,2.560000,0.000000,0.000000,0.000000,2.150000,1.000000
2223.643066,-19.000000,-19.000000,2.520000,0.000000,0.000000,0.000000,2.150000,1.000000
2223.647949,-15.000000,-15.000000,2.490000,0.000000,0.000000,0.000000,2.150000,1.000000
2223.653076,-19.000000,-19.000000,2.490000,0.000000,0.000000,0.000000,2.150000,1.000000
2223.657959,-26.000000,-26.000000,2.540000,0.000000,0.000000,0.000000,2.150000,1.000000
2223.663086,-21.000000,-21.000000,2.520000,0.000000,0.000000,0.000000,2.150000,1.000000
2223.667969,-15.000000,-15.000000,2.480000,0.000000,0.000000,0.000000,2.150000,1.000000
2223.673096,-17.000000,-17.000000,2.480000,0.000000,0.000000,0.000000,2.150000,1.000000
2223.677979,-22.000000,-22.000000,2.510000,0.000000,0.000000,0.000000,2.150000,1.000000
2223.683105,-20.000000,-20.000000,2.480000,0.000000,0.000000,0.000000,2.150000,1.000000
2223.687988,-22.000000,-22.000000,2.470000,0.000000,0.000000,0.000000,2.150000,1.000000
2223.693115,-28.000000,-28.000000,2.490000,-2.000000,0.000000,0.000000,2.150000,1.000000
2223.697998,-33.000000,-33.000000,2.540000,-2.000000,0.000000,0.000000,2.150000,1.000000
2223.702881,-29.000000,-29.000000,2.520000,0.000000,-2.000000,0.000000,1.690000,1.000000
2223.708008,-60.000000,-60.000000,2.490000,0.000000,-2.000000,0.000000,1.690000,1.000000
2223.712891,-65.000000,-65.000000,2.520000,0.000000,0.000000,0.000000,1.690000,1.000000
2223.718018,-74.000000,-74.000000,2.600000,0.000000,0.000000,0.000000,1.690000,1.000000
2223.722900,-68.000000,-68.000000,2.560000,0.000000,0.000000,0.000000,2.150000,1.000000
2223.728027,-33.000000,-33.000000,2.540000,0.000000,0.000000,0.000000,2.150000,1.000000
2223.732910,-39.000000,-39.000000,2.570000,-2.000000,0.000000,0.000000,2.150000,1.000000
2223.738037,-55.000000,-55.000000,2.740000,-2.000000,0.000000,0.000000,2.150000,1.000000
2223.742920,-38.000000,-38.000000,2.680000,-2.000000,-2.000000,0.000000,1.680000,1.000000
2223.748047,-54.000000,-54.000000,2.680000,-2.000000,-2.000000,0.000000,1.680000,1.000000
2223.752930,-42.000000,-42.000000,2.650000,-2.000000,0.000000,0.000000,1.220000,1.000000
2223.758057,-71.000000,-71.000000,2.640000,-2.000000,0.000000,0.000000,1.220000,1.000000
2223.762939,-63.000000,-63.000000,2.570000,-2.000000,-2.000000,0.000000,1.680000,1.000000
2223.768066,-29.000000,-29.000000,2.540000,-2.000000,-2.000000,0.000000,1.680000,1.000000
2223.772949,-34.000000,-34.000000,2.550000,-2.000000,0.000000,0.000000,1.210000,1.000000
2223.778076,-71.000000,-71.000000,2.710000,-2.000000,0.000000,0.000000,1.210000,1.000000
2223.782959,-43.000000,-43.000000,2.610000,-2.000000,-2.000000,0.000000,1.680000,1.000000
2223.788086,21.000000,21.000000,2.450000,-2.000000,-2.000000,0.000000,1.680000,1.000000
2223.792969,29.000000,29.000000,2.400000,-2.000000,-2.000000,0.000000,1.210000,1.000000
2223.798096,-10.000000,-10.000000,2.400000,-2.000000,-2.000000,0.000000,1.210000,1.000000
2223.802979,-4.000000,-4.000000,2.320000,-2.000000,-2.000000,0.000000,1.210000,1.000000
2223.808105,5.000000,5.000000,2.240000,-2.000000,-2.000000,0.000000,1.210000,1.000000
2223.812988,15.000000,15.000000,2.160000,-2.000000,0.000000,0.000000,1.210000,1.000000
2223.818115,24.000000,24.000000,2.030000,-2.000000,0.000000,0.000000,1.210000,1.000000
2223.822998,23.000000,23.000000,1.940000,0.000000,-2.000000,0.000000,1.670000,1.000000
2223.827881,49.000000,49.000000,1.870000,0.000000,-2.000000,0.000000,1.670000,1.000000
2223.833008,41.000000,41.000000,1.810000,-2.000000,0.000000,0.000000,1.670000,1.000000
2223.837891,37.000000,37.000000,1.710000,-2.000000,0.000000,0.000000,1.670000,1.000000
2223.843018,26.000000,26.000000,1.700000,0.000000,0.000000,0.000000,1.670000,1.000000
2223.847900,16.000000,16.000000,1.690000,0.000000,0.000000,0.000000,1.670000,1.000000
2223.853027,10.000000,10.000000,1.680000,0.000000,0.000000,0.000000,2.130000,1.000000
2223.857910,41.000000,41.000000,1.640000,0.000000,0.000000,0.000000,2.130000,1.000000
2223.863037,36.000000,36.000000,1.690000,0.000000,0.000000,0.000000,2.130000,1.000000
2223.867920,38.000000,38.000000,1.700000,0.000000,0.000000,0.000000,2.130000,1.000000
2223.873047,48.000000,48.000000,1.670000,0.000000,2.000000,0.000000,2.130000,1.000000
2223.877930,59.000000,59.000000,1.570000,0.000000,2.000000,0.000000,2.130000,1.000000
2223.883057,50.000000,50.000000,1.620000,0.000000,2.000000,0.000000,2.600000,1.000000
2223.887939,80.000000,80.000000,1.630000,0.000000,2.000000,0.000000,2.600000,1.000000
2223.893066,87.000000,87.000000,1.600000,0.000000,2.000000,0.000000,2.600000,1.000000
2223.897949,101.000000,101.000000,1.480000,0.000000,2.000000,0.000000,2.600000,1.000000
2223.903076,92.000000,92.000000,1.520000,0.000000,0.000000,0.000000,2.600000,1.000000
2223.907959,94.000000,94.000000,1.480000,0.000000,0.000000,0.000000,2.600000,1.000000
2223.913086,100.000000,100.000000,1.410000,2.000000,2.000000,0.000000,2.130000,1.000000
2223.917969,79.000000,79.000000,1.190000,2.000000,2.000000,0.000000,2.130000,1.000000
2223.923096,47.000000,47.000000,1.260000,4.000000,2.000000,0.000000,3.060000,1.000000
2223.927979,73.000000,73.000000,1.340000,4.000000,2.000000,0.000000,3.060000,1.000000
2223.933105,44.000000,44.000000,1.450000,2.000000,2.000000,0.000000,3.530000,1.000000
2223.937988,71.000000,71.000000,1.520000,2.000000,2.000000,0.000000,3.530000,1.000000
2223.943115,74.000000,74.000000,1.560000,4.000000,4.000000,0.000000,3.070000,1.000000
2223.947998,40.000000,40.000000,1.590000,4.000000,4.000000,0.000000,3.070000,1.000000
2223.952881,20.000000,20.000000,1.730000,2.000000,2.000000,0.000000,4.000000,1.000000
2223.958008,20.000000,20.000000,1.670000,2.000000,2.000000,0.000000,4.000000,1.000000
2223.962891,91.000000,91.000000,1.740000,4.000000,4.000000,0.000000,3.080000,1.000000
2223.968018,88.000000,88.000000,1.780000,4.000000,4.000000,0.000000,3.080000,1.000000
2223.972900,7.000000,7.000000,1.920000,4.000000,4.000000,0.000000,4.010000,1.000000
2223.978027,-21.000000,-21.000000,1.940000,4.000000,4.000000,0.000000,4.010000,1.000000
2223.982910,46.000000,46.000000,2.030000,4.000000,2.000000,0.000000,4.010000,1.000000
2223.988037,40.000000,40.000000,2.010000,4.000000,2.000000,0.000000,4.010000,1.000000
2223.992920,32.000000,32.000000,2.210000,4.000000,4.000000,0.000000,3.550000,1.000000
2223.998047,-4.000000,-4.000000,2.340000,4.000000,4.000000,0.000000,3.550000,1.000000
2224.002930,-49.000000,-49.000000,2.520000,2.000000,4.000000,0.000000,4.020000,1.000000
2224.008057,-54.000000,-54.000000,2.560000,2.000000,4.000000,0.000000,4.020000,1.000000
2224.012939,-10.000000,-10.000000,2.610000,2.000000,2.000000,0.000000,3.560000,1.000000
2224.018066,-11.000000,-11.000000,2.920000,2.000000,2.000000,0.000000,3.560000,1.000000
2224.022949,-71.000000,-71.000000,3.030000,0.000000,0.000000,0.000000,3.100000,1.000000
2224.028076,-66.000000,-66.000000,3.100000,0.000000,0.000000,0.000000,3.100000,1.000000
2224.032959,-76.000000,-76.000000,3.210000,0.000000,0.000000,0.000000,2.170000,1.000000
2224.038086,-58.000000,-58.000000,3.320000,0.000000,0.000000,0.000000,2.170000,1.000000
2224.042969,-104.000000,-104.000000,3.210000,-2.000000,-2.000000,0.000000,2.170000,1.000000
2224.048096,-68.000000,-68.000000,3.140000,-2.000000,-2.000000,0.000000,2.170000,1.000000
2224.052979,-52.000000,-52.000000,3.130000,-2.000000,-2.000000,0.000000,1.240000,1.000000
2224.058105,-53.000000,-53.000000,3.240000,-2.000000,-2.000000,0.000000,1.240000,1.000000
2224.062988,-132.000000,-132.000000,3.130000,-2.000000,-2.000000,0.000000,1.240000,1.000000
2224.068115,-122.000000,-122.000000,3.080000,-2.000000,-2.000000,0.000000,1.240000,1.000000
2224.072998,-121.000000,-121.000000,3.100000,0.000000,-2.000000,0.000000,1.240000,1.000000
2224.077881,-134.000000,-134.000000,3.360000,0.000000,-2.000000,0.000000,1.240000,1.000000
2224.083008,-163.000000,-163.000000,3.240000,-4.000000,-4.000000,0.000000,1.700000,1.000000
2224.087891,-131.000000,-131.000000,3.340000,-4.000000,-4.000000,0.000000,1.700000,1.000000
2224.093018,-74.000000,-74.000000,3.270000,-2.000000,-2.000000,0.000000,0.300000,1.000000
2224.097900,-51.000000,-51.000000,3.370000,-2.000000,-2.000000,0.000000,0.300000,1.000000
2224.103027,-134.000000,-134.000000,3.210000,-4.000000,-4.000000,0.000000,1.230000,1.000000
2224.107910,-80.000000,-80.000000,3.070000,-4.000000,-4.000000,0.000000,1.230000,1.000000
2224.113037,35.000000,35.000000,2.830000,-4.000000,-4.000000,0.000000,0.300000,1.000000
2224.117920,73.000000,73.000000,2.600000,-4.000000,-4.000000,0.000000,0.300000,1.000000
2224.123047,25.000000,25.000000,2.430000,-4.000000,-4.000000,0.000000,0.290000,1.000000
2224.127930,30.000000,30.000000,2.190000,-4.000000,-4.000000,0.000000,0.290000,1.000000
2224.133057,34.000000,34.000000,2.020000,-2.000000,-2.000000,0.000000,0.290000,1.000000
2224.137939,32.000000,32.000000,1.820000,-2.000000,-2.000000,0.000000,0.290000,1.000000
2224.143066,28.000000,28.000000,1.710000,-2.000000,-2.000000,0.000000,1.210000,1.000000
2224.147949,13.000000,13.000000,1.640000,-2.000000,-2.000000,0.000000,1.210000,1.000000
2224.153076,63.000000,63.000000,1.540000,-2.000000,-2.000000,0.000000,1.210000,1.000000
2224.157959,53.000000,53.000000,1.440000,-2.000000,-2.000000,0.000000,1.210000,1.000000
2224.163086,46.000000,46.000000,1.410000,0.000000,0.000000,0.000000,1.210000,1.000000
2224.167969,30.000000,30.000000,1.380000,0.000000,0.000000,0.000000,1.210000,1.000000
2224.173096,15.000000,15.000000,1.370000,0.000000,0.000000,0.000000,2.140000,1.000000
2224.177979,2.000000,2.000000,1.330000,0.000000,0.000000,0.000000,2.140000,1.000000
2224.183105,59.000000,59.000000,1.390000,2.000000,2.000000,0.000000,2.140000,1.000000
2224.187988,47.000000,47.000000,1.440000,2.000000,2.000000,0.000000,2.140000,1.000000
2224.193115,45.000000,45.000000,1.410000,0.000000,0.000000,0.000000,3.070000,1.000000
2224.197998,54.000000,54.000000,1.300000,0.000000,0.000000,0.000000,3.070000,1.000000
2224.202881,130.000000,130.000000,1.360000,0.000000,2.000000,0.000000,2.140000,1.000000
2224.208008,119.000000,119.000000,1.380000,0.000000,2.000000,0.000000,2.140000,1.000000
2224.212891,48.000000,48.000000,1.330000,0.000000,2.000000,0.000000,2.600000,1.000000
2224.218018,53.000000,53.000000,1.150000,0.000000,2.000000,0.000000,2.600000,1.000000
2224.222900,97.000000,97.000000,1.240000,4.000000,2.000000,0.000000,2.600000,1.000000
2224.228027,67.000000,67.000000,1.240000,4.000000,2.000000,0.000000,2.600000,1.000000
2224.232910,33.000000,33.000000,1.420000,2.000000,2.000000,0.000000,3.540000,1.000000
2224.238037,-9.000000,-9.000000,1.500000,2.000000,2.000000,0.000000,3.540000,1.000000
2224.242920,44.000000,44.000000,1.670000,2.000000,2.000000,0.000000,3.070000,1.000000
2224.248047,33.000000,33.000000,1.700000,2.000000,2.000000,0.000000,3.070000,1.000000
2224.252930,6.000000,6.000000,1.810000,2.000000,2.000000,0.000000,3.080000,1.000000
2224.258057,-6.000000,-6.000000,1.870000,2.000000,2.000000,0.000000,3.080000,1.000000
2224.262939,-12.000000,-12.000000,2.010000,4.000000,2.000000,0.000000,3.080000,1.000000
2224.268066,-19.000000,-19.000000,2.100000,4.000000,2.000000,0.000000,3.080000,1.000000
2224.272949,-19.000000,-19.000000,2.170000,2.000000,2.000000,0.000000,3.550000,1.000000
2224.278076,-19.000000,-19.000000,2.350000,2.000000,2.000000,0.000000,3.550000,1.000000
2224.282959,8.000000,8.000000,2.440000,0.000000,0.000000,0.000000,3.090000,1.000000
2224.288086,19.000000,19.000000,2.420000,0.000000,0.000000,0.000000,3.090000,1.000000
2224.292969,14.000000,14.000000,2.430000,0.000000,0.000000,0.000000,2.160000,1.000000
2224.298096,30.000000,30.000000,2.360000,0.000000,0.000000,0.000000,2.160000,1.000000
2224.302979,-27.000000,-27.000000,2.390000,2.000000,0.000000,0.000000,2.160000,1.000000
2224.308105,-32.000000,-32.000000,2.470000,2.000000,0.000000,0.000000,2.160000,1.000000
2224.312988,-41.000000,-41.000000,2.460000,0.000000,2.000000,0.000000,2.620000,1.000000
2224.318115,-36.000000,-36.000000,2.580000,0.000000,2.000000,0.000000,2.620000,1.000000
2224.322998,-2.000000,-2.000000,2.540000,0.000000,-2.000000,0.000000,2.620000,1.000000
2224.327881,13.000000,13.000000,2.460000,0.000000,-2.000000,0.000000,2.620000,1.000000
2224.333008,30.000000,30.000000,2.470000,-2.000000,0.000000,0.000000,1.700000,1.000000
2224.337891,31.000000,31.000000,2.390000,-2.000000,0.000000,0.000000,1.700000,1.000000
2224.343018,-34.000000,-34.000000,2.390000,0.000000,0.000000,0.000000,1.690000,1.000000
2224.347900,-39.000000,-39.000000,2.410000,0.000000,0.000000,0.000000,1.690000,1.000000
2224.353027,-43.000000,-43.000000,2.360000,0.000000,0.000000,0.000000,2.160000,1.000000
2224.357910,-40.000000,-40.000000,2.460000,0.000000,0.000000,0.000000,2.160000,1.000000
2224.363037,-13.000000,-13.000000,2.380000,0.000000,-2.000000,0.000000,2.160000,1.000000
2224.367920,-7.000000,-7.000000,2.320000,0.000000,-2.000000,0.000000,2.160000,1.000000
2224.373047,-3.000000,-3.000000,2.380000,0.000000,0.000000,0.000000,1.690000,1.000000
2224.377930,-12.000000,-12.000000,2.390000,0.000000,0.000000,0.000000,1.690000,1.000000
2224.383057,-48.000000,-48.000000,2.340000,0.000000,0.000000,0.000000,2.160000,1.000000
2224.387939,-42.000000,-42.000000,2.340000,0.000000,0.000000,0.000000,2.160000,1.000000
2224.393066,-10.000000,-10.000000,2.330000,0.000000,0.000000,0.000000,2.160000,1.000000
2224.397949,-13.000000,-13.000000,2.440000,0.000000,0.000000,0.000000,2.160000,1.000000
2224.403076,-23.000000,-23.000000,2.400000,0.000000,-2.000000,0.000000,2.160000,1.000000
2224.407959,-17.000000,-17.000000,2.350000,0.000000,-2.000000,0.000000,2.160000,1.000000
2224.413086,-12.000000,-12.000000,2.420000,0.000000,0.000000,0.000000,1.690000,1.000000
2224.417969,-21.000000,-21.000000,2.440000,0.000000,0.000000,0.000000,1.690000,1.000000
2224.423096,-55.000000,-55.000000,2.420000,0.000000,-2.000000,0.000000,2.160000,1.000000
2224.427979,-46.000000,-46.000000,2.410000,0.000000,-2.000000,0.000000,2.160000,1.000000
2224.433105,-6.000000,-6.000000,2.370000,0.000000,-2.000000,0.000000,1.690000,1.000000
2224.437988,-1.000000,-1.000000,2.460000,0.000000,-2.000000,0.000000,1.690000,1.000000
2224.443115,-43.000000,-43.000000,2.400000,-2.000000,-2.000000,0.000000,1.690000,1.000000
2224.447998,-37.000000,-37.000000,2.360000,-2.000000,-2.000000,0.000000,1.690000,1.000000
2224.452881,-32.000000,-32.000000,2.400000,-2.000000,0.000000,0.000000,1.220000,1.000000
2224.458008,-37.000000,-37.000000,2.480000,-2.000000,0.000000,0.000000,1.220000,1.000000
2224.462891,-76.000000,-76.000000,2.410000,0.000000,-2.000000,0.000000,1.690000,1.000000
2224.468018,-54.000000,-54.000000,2.340000,0.000000,-2.000000,0.000000,1.690000,1.000000
2224.472900,1.000000,1.000000,2.270000,0.000000,-2.000000,0.000000,1.680000,1.000000
2224.478027,7.000000,7.000000,2.320000,0.000000,-2.000000,0.000000,1.680000,1.000000
2224.482910,-3.000000,-3.000000,2.250000,-2.000000,-2.000000,0.000000,1.680000,1.000000
2224.488037,2.000000,2.000000,2.180000,-2.000000,-2.000000,0.000000,1.680000,1.000000
2224.492920,13.000000,13.000000,2.160000,0.000000,0.000000,0.000000,1.220000,1.000000
2224.498047,23.000000,23.000000,2.030000,0.000000,0.000000,0.000000,1.220000,1.000000
2224.502930,3.000000,3.000000,1.940000,0.000000,0.000000,0.000000,2.140000,1.000000
2224.508057,5.000000,5.000000,1.920000,0.000000,0.000000,0.000000,2.140000,1.000000
2224.512939,59.000000,59.000000,1.880000,-2.000000,0.000000,0.000000,2.140000,1.000000
2224.518066,48.000000,48.000000,1.870000,-2.000000,0.000000,0.000000,2.140000,1.000000
2224.522949,41.000000,41.000000,1.860000,0.000000,0.000000,0.000000,1.680000,1.000000
2224.528076,36.000000,36.000000,1.840000,0.000000,0.000000,0.000000,1.680000,1.000000
2224.532959,0.000000,0.000000,1.850000,0.000000,0.000000,0.000000,2.140000,1.000000
2224.538086,-7.000000,-7.000000,1.830000,0.000000,0.000000,0.000000,2.140000,1.000000
2224.542969,23.000000,23.000000,1.840000,0.000000,0.000000,0.000000,2.140000,1.000000
2224.548096,21.000000,21.000000,1.880000,0.000000,0.000000,0.000000,2.140000,1.000000
2224.552979,22.000000,22.000000,1.830000,0.000000,0.000000,0.000000,2.140000,1.000000
2224.558105,30.000000,30.000000,1.760000,0.000000,0.000000,0.000000,2.140000,1.000000
2224.562988,38.000000,38.000000,1.810000,0.000000,0.000000,0.000000,2.140000,1.000000
2224.568115,30.000000,30.000000,1.820000,0.000000,0.000000,0.000000,2.140000,1.000000
2224.572998,27.000000,27.000000,1.810000,0.000000,0.000000,0.000000,2.140000,1.000000
2224.577881,33.000000,33.000000,1.730000,0.000000,0.000000,0.000000,2.140000,1.000000
2224.583008,44.000000,44.000000,1.760000,2.000000,0.000000,0.000000,2.140000,1.000000
2224.587891,39.000000,39.000000,1.760000,2.000000,0.000000,0.000000,2.140000,1.000000
2224.593018,38.000000,38.000000,1.720000,0.000000,0.000000,0.000000,2.610000,1.000000
2224.597900,43.000000,43.000000,1.650000,0.000000,0.000000,0.000000,2.610000,1.000000
2224.603027,83.000000,83.000000,1.700000,2.000000,0.000000,0.000000,2.140000,1.000000
2224.607910,76.000000,76.000000,1.700000,2.000000,0.000000,0.000000,2.140000,1.000000
2224.613037,44.000000,44.000000,1.650000,2.000000,0.000000,0.000000,2.610000,1.000000
2224.617920,49.000000,49.000000,1.460000,2.000000,0.000000,0.000000,2.610000,1.000000
2224.623047,95.000000,95.000000,1.510000,2.000000,2.000000,0.000000,2.610000,1.000000
2224.627930,73.000000,73.000000,1.570000,2.000000,2.000000,0.000000,2.610000,1.000000
2224.633057,48.000000,48.000000,1.570000,2.000000,2.000000,0.000000,3.080000,1.000000
2224.637939,36.000000,36.000000,1.480000,2.000000,2.000000,0.000000,3.080000,1.000000
2224.643066,72.000000,72.000000,1.530000,2.000000,2.000000,0.000000,3.080000,1.000000
2224.647949,52.000000,52.000000,1.600000,2.000000,2.000000,0.000000,3.080000,1.000000
2224.653076,26.000000,26.000000,1.720000,2.000000,2.000000,0.000000,3.080000,1.000000
2224.657959,4.000000,4.000000,1.750000,2.000000,2.000000,0.000000,3.080000,1.000000
2224.663086,6.000000,6.000000,1.810000,4.000000,2.000000,0.000000,3.080000,1.000000
2224.667969,10.000000,10.000000,1.850000,4.000000,2.000000,0.000000,3.080000,1.000000
2224.673096,6.000000,6.000000,1.970000,2.000000,4.000000,0.000000,3.550000,1.000000
2224.677979,-15.000000,-15.000000,2.110000,2.000000,4.000000,0.000000,3.550000,1.000000
2224.683105,6.000000,6.000000,2.230000,2.000000,2.000000,0.000000,3.560000,1.000000
2224.687988,10.000000,10.000000,2.260000,2.000000,2.000000,0.000000,3.560000,1.000000
2224.693115,25.000000,25.000000,2.290000,2.000000,0.000000,0.000000,3.090000,1.000000
2224.697998,33.000000,33.000000,2.330000,2.000000,0.000000,0.000000,3.090000,1.000000
2224.702881,-3.000000,-3.000000,2.420000,0.000000,2.000000,0.000000,2.630000,1.000000
2224.708008,-10.000000,-10.000000,2.480000,0.000000,2.000000,0.000000,2.630000,1.000000
2224.712891,-42.000000,-42.000000,2.510000,0.000000,2.000000,0.000000,2.630000,1.000000
2224.718018,-36.000000,-36.000000,2.590000,0.000000,2.000000,0.000000,2.630000,1.000000
2224.722900,-35.000000,-35.000000,2.650000,0.000000,0.000000,0.000000,2.630000,1.000000
2224.728027,-33.000000,-33.000000,2.640000,0.000000,0.000000,0.000000,2.630000,1.000000
2224.732910,-22.000000,-22.000000,2.630000,0.000000,0.000000,0.000000,2.170000,1.000000
2224.738037,-12.000000,-12.000000,2.720000,0.000000,0.000000,0.000000,2.170000,1.000000
2224.742920,-50.000000,-50.000000,2.680000,0.000000,-2.000000,0.000000,2.170000,1.000000
2224.748047,-46.000000,-46.000000,2.660000,0.000000,-2.000000,0.000000,2.170000,1.000000
2224.752930,-43.000000,-43.000000,2.690000,0.000000,0.000000,0.000000,1.700000,1.000000
2224.758057,-50.000000,-50.000000,2.810000,0.000000,0.000000,0.000000,1.700000,1.000000
2224.762939,-96.000000,-96.000000,2.760000,-2.000000,-2.000000,0.000000,2.170000,1.000000
2224.768066,-89.000000,-89.000000,2.750000,-2.000000,-2.000000,0.000000,2.170000,1.000000
2224.772949,-57.000000,-57.000000,2.800000,0.000000,-2.000000,0.000000,1.240000,1.000000
2224.778076,-67.000000,-67.000000,3.010000,0.000000,-2.000000,0.000000,1.240000,1.000000
2224.782959,-152.000000,-152.000000,2.940000,-4.000000,-2.000000,0.000000,1.700000,1.000000
2224.788086,-133.000000,-133.000000,2.900000,-4.000000,-2.000000,0.000000,1.700000,1.000000
2224.792969,-80.000000,-80.000000,2.890000,-2.000000,-2.000000,0.000000,0.770000,1.000000
2224.798096,-68.000000,-68.000000,3.050000,-2.000000,-2.000000,0.000000,0.770000,1.000000
2224.802979,-142.000000,-142.000000,3.030000,-4.000000,-4.000000,0.000000,1.230000,1.000000
2224.808105,-116.000000,-116.000000,3.040000,-4.000000,-4.000000,0.000000,1.230000,1.000000
2224.812988,-33.000000,-33.000000,2.760000,-4.000000,-4.000000,0.000000,0.300000,1.000000
2224.818115,32.000000,32.000000,2.760000,-4.000000,-4.000000,0.000000,0.300000,1.000000
2224.822998,-16.000000,-16.000000,2.440000,-6.000000,-4.000000,0.000000,0.290000,1.000000
2224.827881,25.000000,25.000000,2.280000,-6.000000,-4.000000,0.000000,0.290000,1.000000
2224.833008,39.000000,39.000000,2.100000,-4.000000,-4.000000,0.000000,-0.180000,1.000000
2224.837891,44.000000,44.000000,1.820000,-4.000000,-4.000000,0.000000,-0.180000,1.000000
2224.843018,21.000000,21.000000,1.700000,-4.000000,-2.000000,0.000000,0.280000,1.000000
2224.847900,13.000000,13.000000,1.640000,-4.000000,-2.000000,0.000000,0.280000,1.000000
2224.853027,30.000000,30.000000,1.480000,-2.000000,-4.000000,0.000000,0.740000,1.000000
2224.857910,31.000000,31.000000,1.350000,-2.000000,-4.000000,0.000000,0.740000,1.000000
2224.863037,62.000000,62.000000,1.280000,-2.000000,0.000000,0.000000,0.740000,1.000000
2224.867920,51.000000,51.000000,1.200000,-2.000000,0.000000,0.000000,0.740000,1.000000
2224.873047,41.000000,41.000000,1.150000,0.000000,-2.000000,0.000000,1.670000,1.000000
2224.877930,30.000000,30.000000,0.970000,0.000000,-2.000000,0.000000,1.670000,1.000000
2224.883057,98.000000,98.000000,0.970000,0.000000,0.000000,0.000000,1.670000,1.000000
2224.887939,81.000000,81.000000,1.000000,0.000000,0.000000,0.000000,1.670000,1.000000
2224.893066,61.000000,61.000000,1.000000,0.000000,0.000000,0.000000,2.130000,1.000000
2224.897949,53.000000,53.000000,0.880000,0.000000,0.000000,0.000000,2.130000,1.000000
2224.903076,94.000000,94.000000,1.050000,2.000000,0.000000,0.000000,2.130000,1.000000
2224.907959,73.000000,73.000000,1.050000,2.000000,0.000000,0.000000,2.130000,1.000000
2224.913086,78.000000,78.000000,1.010000,2.000000,2.000000,0.000000,2.590000,1.000000
2224.917969,91.000000,91.000000,0.850000,2.000000,2.000000,0.000000,2.590000,1.000000
2224.923096,136.000000,136.000000,0.880000,4.000000,4.000000,0.000000,3.060000,1.000000
2224.927979,112.000000,112.000000,0.970000,4.000000,4.000000,0.000000,3.060000,1.000000
2224.933105,109.000000,109.000000,1.030000,2.000000,2.000000,0.000000,3.990000,1.000000
2224.937988,90.000000,90.000000,0.880000,2.000000,2.000000,0.000000,3.990000,1.000000
2224.943115,163.000000,163.000000,1.110000,4.000000,4.000000,0.000000,3.070000,1.000000
2224.947998,126.000000,126.000000,1.130000,4.000000,4.000000,0.000000,3.070000,1.000000
2224.952881,35.000000,35.000000,1.280000,2.000000,2.000000,0.000000,4.000000,1.000000
2224.958008,5.000000,5.000000,1.250000,2.000000,2.000000,0.000000,4.000000,1.000000
2224.962891,69.000000,69.000000,1.390000,6.000000,4.000000,0.000000,3.070000,1.000000
2224.968018,50.000000,50.000000,1.440000,6.000000,4.000000,0.000000,3.070000,1.000000
2224.972900,-32.000000,-32.000000,1.660000,4.000000,4.000000,0.000000,4.470000,1.000000
2224.978027,-70.000000,-70.000000,1.830000,4.000000,4.000000,0.000000,4.470000,1.000000
2224.982910,10.000000,10.000000,2.050000,6.000000,4.000000,0.000000,4.010000,1.000000
2224.988037,0.000000,0.000000,2.260000,6.000000,4.000000,0.000000,4.010000,1.000000
2224.992920,-28.000000,-28.000000,2.320000,4.000000,4.000000,0.000000,4.480000,1.000000
2224.998047,-15.000000,-15.000000,2.460000,4.000000,4.000000,0.000000,4.480000,1.000000
2225.002930,15.000000,15.000000,2.650000,2.000000,4.000000,0.000000,4.020000,1.000000
2225.008057,-2.000000,-2.000000,2.810000,2.000000,4.000000,0.000000,4.020000,1.000000
2225.012939,-40.000000,-40.000000,2.940000,2.000000,2.000000,0.000000,3.560000,1.000000
2225.018066,-31.000000,-31.000000,3.010000,2.000000,2.000000,0.000000,3.560000,1.000000
2225.022949,-51.000000,-51.000000,3.070000,2.000000,2.000000,0.000000,3.100000,1.000000
2225.028076,-45.000000,-45.000000,3.170000,2.000000,2.000000,0.000000,3.100000,1.000000
2225.032959,-80.000000,-80.000000,3.250000,0.000000,0.000000,0.000000,3.100000,1.000000
2225.038086,-78.000000,-78.000000,3.420000,0.000000,0.000000,0.000000,3.100000,1.000000
2225.042969,-79.000000,-79.000000,3.440000,0.000000,0.000000,0.000000,2.180000,1.000000
2225.048096,-62.000000,-62.000000,3.410000,0.000000,0.000000,0.000000,2.180000,1.000000
2225.052979,-102.000000,-102.000000,3.380000,0.000000,0.000000,0.000000,2.180000,1.000000
2225.058105,-89.000000,-89.000000,3.490000,0.000000,0.000000,0.000000,2.180000,1.000000
2225.062988,-103.000000,-103.000000,3.400000,-2.000000,0.000000,0.000000,2.180000,1.000000
2225.068115,-94.000000,-94.000000,3.410000,-2.000000,0.000000,0.000000,2.180000,1.000000
2225.072998,-94.000000,-94.000000,3.450000,-2.000000,0.000000,0.000000,1.710000,1.000000
2225.077881,-103.000000,-103.000000,3.640000,-2.000000,0.000000,0.000000,1.710000,1.000000
2225.083008,-155.000000,-155.000000,3.520000,-2.000000,-4.000000,0.000000,1.710000,1.000000
2225.087891,-137.000000,-137.000000,3.540000,-2.000000,-4.000000,0.000000,1.710000,1.000000
2225.093018,-135.000000,-135.000000,3.530000,-2.000000,-2.000000,0.000000,0.780000,1.000000
2225.097900,-130.000000,-130.000000,3.740000,-2.000000,-2.000000,0.000000,0.780000,1.000000
2225.103027,-201.000000,-201.000000,3.640000,-4.000000,-4.000000,0.000000,1.240000,1.000000
2225.107910,-168.000000,-168.000000,3.640000,-4.000000,-4.000000,0.000000,1.240000,1.000000
2225.113037,-104.000000,-104.000000,3.520000,-4.000000,-4.000000,0.000000,0.310000,1.000000
2225.117920,-65.000000,-65.000000,3.560000,-4.000000,-4.000000,0.000000,0.310000,1.000000
2225.123047,-114.000000,-114.000000,3.310000,-6.000000,-6.000000,0.000000,0.300000,1.000000
2225.127930,-73.000000,-73.000000,3.230000,-6.000000,-6.000000,0.000000,0.300000,1.000000
2225.133057,-48.000000,-48.000000,3.020000,-6.000000,-6.000000,0.000000,-0.630000,1.000000
2225.137939,-19.000000,-19.000000,2.960000,-6.000000,-6.000000,0.000000,-0.630000,1.000000
2225.143066,-74.000000,-74.000000,2.740000,-6.000000,-8.000000,0.000000,-0.640000,1.000000
2225.147949,-53.000000,-53.000000,2.530000,-6.000000,-8.000000,0.000000,-0.640000,1.000000
2225.153076,-35.000000,-35.000000,2.340000,-6.000000,-6.000000,0.000000,-1.110000,1.000000
2225.157959,-22.000000,-22.000000,2.260000,-6.000000,-6.000000,0.000000,-1.110000,1.000000
2225.163086,-59.000000,-59.000000,1.990000,-4.000000,-6.000000,0.000000,-0.650000,1.000000
2225.167969,-43.000000,-43.000000,1.860000,-4.000000,-6.000000,0.000000,-0.650000,1.000000
2225.173096,-9.000000,-9.000000,1.730000,-4.000000,-4.000000,0.000000,-0.200000,1.000000
2225.177979,-9.000000,-9.000000,1.640000,-4.000000,-4.000000,0.000000,-0.200000,1.000000
2225.183105,22.000000,22.000000,1.470000,-4.000000,-4.000000,0.000000,0.260000,1.000000
2225.187988,35.000000,35.000000,1.300000,-4.000000,-4.000000,0.000000,0.260000,1.000000
2225.193115,85.000000,85.000000,1.150000,-4.000000,-4.000000,0.000000,0.260000,1.000000
2225.197998,96.000000,96.000000,0.880000,-4.000000,-4.000000,0.000000,0.260000,1.000000
2225.202881,108.000000,108.000000,0.770000,0.000000,-2.000000,0.000000,0.250000,1.000000
2225.208008,98.000000,98.000000,0.700000,0.000000,-2.000000,0.000000,0.250000,1.000000
2225.212891,82.000000,82.000000,0.560000,-2.000000,-2.000000,0.000000,1.640000,1.000000
2225.218018,79.000000,79.000000,0.280000,-2.000000,-2.000000,0.000000,1.640000,1.000000
2225.222900,182.000000,182.000000,0.380000,2.000000,2.000000,0.000000,1.180000,1.000000
2225.228027,145.000000,145.000000,0.370000,2.000000,2.000000,0.000000,1.180000,1.000000
2225.232910,91.000000,91.000000,0.340000,0.000000,0.000000,0.000000,3.030000,1.000000
2225.238037,88.000000,88.000000,0.140000,0.000000,0.000000,0.000000,3.030000,1.000000
2225.242920,234.000000,234.000000,0.350000,4.000000,4.000000,0.000000,2.110000,1.000000
2225.248047,202.000000,202.000000,0.300000,4.000000,4.000000,0.000000,2.110000,1.000000
2225.252930,143.000000,143.000000,0.150000,2.000000,4.000000,0.000000,3.970000,1.000000
2225.258057,159.000000,159.000000,-0.130000,2.000000,4.000000,0.000000,3.970000,1.000000
2225.262939,286.000000,286.000000,0.010000,6.000000,6.000000,0.000000,3.510000,1.000000
2225.268066,201.000000,201.000000,0.210000,6.000000,6.000000,0.000000,3.510000,1.000000
2225.272949,74.000000,74.000000,0.600000,4.000000,4.000000,0.000000,4.910000,1.000000
2225.278076,9.000000,9.000000,0.600000,4.000000,4.000000,0.000000,4.910000,1.000000
2225.282959,108.000000,108.000000,0.970000,8.000000,8.000000,0.000000,3.980000,1.000000
2225.288086,78.000000,78.000000,0.930000,8.000000,8.000000,0.000000,3.980000,1.000000
2225.292969,12.000000,12.000000,1.210000,6.000000,6.000000,0.000000,5.850000,1.000000
2225.298096,-37.000000,-37.000000,1.430000,6.000000,6.000000,0.000000,5.850000,1.000000
2225.302979,56.000000,56.000000,1.860000,8.000000,6.000000,0.000000,4.930000,1.000000
2225.308105,20.000000,20.000000,2.190000,8.000000,6.000000,0.000000,4.930000,1.000000
2225.312988,-51.000000,-51.000000,2.350000,6.000000,6.000000,0.000000,5.400000,1.000000
2225.318115,-32.000000,-32.000000,2.420000,6.000000,6.000000,0.000000,5.400000,1.000000
2225.322998,26.000000,26.000000,2.580000,6.000000,4.000000,0.000000,4.940000,1.000000
2225.327881,21.000000,21.000000,2.820000,6.000000,4.000000,0.000000,4.940000,1.000000
2225.333008,-36.000000,-36.000000,3.040000,4.000000,4.000000,0.000000,4.490000,1.000000
2225.337891,-45.000000,-45.000000,3.180000,4.000000,4.000000,0.000000,4.490000,1.000000
2225.343018,-65.000000,-65.000000,3.290000,4.000000,4.000000,0.000000,4.030000,1.000000
2225.347900,-50.000000,-50.000000,3.360000,4.000000,4.000000,0.000000,4.030000,1.000000
2225.353027,-72.000000,-72.000000,3.480000,4.000000,4.000000,0.000000,4.030000,1.000000
2225.357910,-79.000000,-79.000000,3.790000,4.000000,4.000000,0.000000,4.030000,1.000000
2225.363037,-100.000000,-100.000000,3.860000,2.000000,0.000000,0.000000,4.040000,1.000000
2225.367920,-82.000000,-82.000000,3.930000,2.000000,0.000000,0.000000,4.040000,1.000000
2225.373047,-57.000000,-57.000000,4.010000,2.000000,0.000000,0.000000,2.650000,1.000000
2225.377930,-36.000000,-36.000000,4.120000,2.000000,0.000000,0.000000,2.650000,1.000000
2225.383057,-118.000000,-118.000000,3.940000,-2.000000,0.000000,0.000000,2.650000,1.000000
2225.387939,-79.000000,-79.000000,3.900000,-2.000000,0.000000,0.000000,2.650000,1.000000
2225.393066,-68.000000,-68.000000,3.880000,-2.000000,0.000000,0.000000,1.720000,1.000000
2225.397949,-70.000000,-70.000000,3.980000,-2.000000,0.000000,0.000000,1.720000,1.000000
2225.403076,-149.000000,-149.000000,3.860000,-4.000000,-2.000000,0.000000,1.720000,1.000000
2225.407959,-134.000000,-134.000000,3.830000,-4.000000,-2.000000,0.000000,1.720000,1.000000
2225.413086,-133.000000,-133.000000,3.830000,0.000000,-2.000000,0.000000,0.790000,1.000000
2225.417969,-141.000000,-141.000000,4.100000,0.000000,-2.000000,0.000000,0.790000,1.000000
2225.423096,-227.000000,-227.000000,3.980000,-4.000000,-4.000000,0.000000,1.710000,1.000000
2225.427979,-196.000000,-196.000000,3.910000,-4.000000,-4.000000,0.000000,1.710000,1.000000
2225.433105,-96.000000,-96.000000,3.820000,-4.000000,-4.000000,0.000000,0.320000,1.000000
2225.437988,-71.000000,-71.000000,3.930000,-4.000000,-4.000000,0.000000,0.320000,1.000000
2225.443115,-168.000000,-168.000000,3.830000,-6.000000,-6.000000,0.000000,0.310000,1.000000
2225.447998,-134.000000,-134.000000,3.770000,-6.000000,-6.000000,0.000000,0.310000,1.000000
2225.452881,-81.000000,-81.000000,3.430000,-6.000000,-6.000000,0.000000,-0.620000,1.000000
2225.458008,-10.000000,-10.000000,3.390000,-6.000000,-6.000000,0.000000,-0.620000,1.000000
2225.462891,-54.000000,-54.000000,3.000000,-8.000000,-8.000000,0.000000,-0.630000,1.000000
2225.468018,0.000000,0.000000,2.730000,-8.000000,-8.000000,0.000000,-0.630000,1.000000
2225.472900,25.000000,25.000000,2.510000,-6.000000,-6.000000,0.000000,-1.570000,1.000000
2225.478027,34.000000,34.000000,2.170000,-6.000000,-6.000000,0.000000,-1.570000,1.000000
2225.482910,-14.000000,-14.000000,1.940000,-4.000000,-4.000000,0.000000,-0.650000,1.000000
2225.488037,-6.000000,-6.000000,1.710000,-4.000000,-4.000000,0.000000,-0.650000,1.000000
2225.492920,59.000000,59.000000,1.460000,-4.000000,-4.000000,0.000000,0.270000,1.000000
2225.498047,62.000000,62.000000,1.320000,-4.000000,-4.000000,0.000000,0.270000,1.000000
2225.502930,121.000000,121.000000,1.120000,-4.000000,-4.000000,0.000000,0.270000,1.000000
2225.508057,120.000000,120.000000,0.940000,-4.000000,-4.000000,0.000000,0.270000,1.000000
2225.512939,119.000000,119.000000,0.810000,-4.000000,-4.000000,0.000000,0.270000,1.000000
2225.518066,113.000000,113.000000,0.430000,-4.000000,-4.000000,0.000000,0.270000,1.000000
2225.522949,125.000000,125.000000,0.510000,0.000000,0.000000,0.000000,0.260000,1.000000
2225.528076,85.000000,85.000000,0.330000,0.000000,0.000000,0.000000,0.260000,1.000000
2225.532959,68.000000,68.000000,0.210000,0.000000,0.000000,0.000000,2.120000,1.000000
2225.538086,51.000000,51.000000,0.090000,0.000000,0.000000,0.000000,2.120000,1.000000
2225.542969,166.000000,166.000000,0.190000,2.000000,2.000000,0.000000,2.120000,1.000000
2225.548096,130.000000,130.000000,0.200000,2.000000,2.000000,0.000000,2.120000,1.000000
2225.552979,118.000000,118.000000,0.190000,2.000000,2.000000,0.000000,3.050000,1.000000
2225.558105,112.000000,112.000000,0.000000,2.000000,2.000000,0.000000,3.050000,1.000000
2225.562988,181.000000,181.000000,0.160000,4.000000,4.000000,0.000000,3.050000,1.000000
2225.568115,143.000000,143.000000,0.270000,4.000000,4.000000,0.000000,3.050000,1.000000
2225.572998,102.000000,102.000000,0.460000,2.000000,4.000000,0.000000,3.980000,1.000000
2225.577881,70.000000,70.000000,0.410000,2.000000,4.000000,0.000000,3.980000,1.000000
2225.583008,143.000000,143.000000,0.500000,4.000000,4.000000,0.000000,3.520000,1.000000
2225.587891,132.000000,132.000000,0.520000,4.000000,4.000000,0.000000,3.520000,1.000000
2225.593018,83.000000,83.000000,0.800000,4.000000,2.000000,0.000000,3.990000,1.000000
2225.597900,34.000000,34.000000,0.790000,4.000000,2.000000,0.000000,3.990000,1.000000
2225.603027,59.000000,59.000000,1.130000,6.000000,6.000000,0.000000,3.530000,1.000000
2225.607910,28.000000,28.000000,1.190000,6.000000,6.000000,0.000000,3.530000,1.000000
2225.613037,-8.000000,-8.000000,1.370000,6.000000,6.000000,0.000000,4.930000,1.000000
2225.617920,-31.000000,-31.000000,1.620000,6.000000,6.000000,0.000000,4.930000,1.000000
2225.623047,44.000000,44.000000,1.860000,6.000000,4.000000,0.000000,4.930000,1.000000
2225.627930,36.000000,36.000000,1.970000,6.000000,4.000000,0.000000,4.930000,1.000000
2225.633057,52.000000,52.000000,2.060000,4.000000,2.000000,0.000000,4.480000,1.000000
2225.637939,64.000000,64.000000,2.090000,4.000000,2.000000,0.000000,4.480000,1.000000
2225.643066,35.000000,35.000000,2.280000,4.000000,4.000000,0.000000,3.550000,1.000000
2225.647949,18.000000,18.000000,2.500000,4.000000,4.000000,0.000000,3.550000,1.000000
2225.653076,-66.000000,-66.000000,2.610000,4.000000,2.000000,0.000000,4.020000,1.000000
2225.657959,-65.000000,-65.000000,2.680000,4.000000,2.000000,0.000000,4.020000,1.000000
2225.663086,-20.000000,-20.000000,2.780000,4.000000,2.000000,0.000000,3.560000,1.000000
2225.667969,-18.000000,-18.000000,2.900000,4.000000,2.000000,0.000000,3.560000,1.000000
2225.673096,-58.000000,-58.000000,3.020000,2.000000,2.000000,0.000000,3.560000,1.000000
2225.677979,-64.000000,-64.000000,3.190000,2.000000,2.000000,0.000000,3.560000,1.000000
2225.683105,-65.000000,-65.000000,3.230000,0.000000,0.000000,0.000000,3.100000,1.000000
2225.687988,-48.000000,-48.000000,3.220000,0.000000,0.000000,0.000000,3.100000,1.000000
2225.693115,-60.000000,-60.000000,3.270000,0.000000,0.000000,0.000000,2.180000,1.000000
2225.697998,-59.000000,-59.000000,3.460000,0.000000,0.000000,0.000000,2.180000,1.000000
2225.702881,-139.000000,-139.000000,3.460000,0.000000,0.000000,0.000000,2.180000,1.000000
2225.708008,-128.000000,-128.000000,3.430000,0.000000,0.000000,0.000000,2.180000,1.000000
2225.712891,-106.000000,-106.000000,3.440000,-2.000000,0.000000,0.000000,2.180000,1.000000
2225.718018,-101.000000,-101.000000,3.630000,-2.000000,0.000000,0.000000,2.180000,1.000000
2225.722900,-116.000000,-116.000000,3.460000,-2.000000,-4.000000,0.000000,1.710000,1.000000
2225.728027,-91.000000,-91.000000,3.480000,-2.000000,-4.000000,0.000000,1.710000,1.000000
2225.732910,-119.000000,-119.000000,3.480000,-2.000000,-2.000000,0.000000,0.780000,1.000000
2225.738037,-128.000000,-128.000000,3.660000,-2.000000,-2.000000,0.000000,0.780000,1.000000
2225.742920,-213.000000,-213.000000,3.570000,-2.000000,-4.000000,0.000000,1.240000,1.000000
2225.748047,-193.000000,-193.000000,3.590000,-2.000000,-4.000000,0.000000,1.240000,1.000000
2225.752930,-143.000000,-143.000000,3.500000,-2.000000,-2.000000,0.000000,0.770000,1.000000
2225.758057,-115.000000,-115.000000,3.580000,-2.000000,-2.000000,0.000000,0.770000,1.000000
2225.762939,-141.000000,-141.000000,3.440000,-6.000000,-6.000000,0.000000,1.230000,1.000000
2225.768066,-104.000000,-104.000000,3.450000,-6.000000,-6.000000,0.000000,1.230000,1.000000
2225.772949,-37.000000,-37.000000,3.210000,-4.000000,-6.000000,0.000000,-0.630000,1.000000
2225.778076,19.000000,19.000000,3.120000,-4.000000,-6.000000,0.000000,-0.630000,1.000000
2225.782959,-77.000000,-77.000000,2.870000,-6.000000,-6.000000,0.000000,-0.170000,1.000000
2225.788086,-41.000000,-41.000000,2.560000,-6.000000,-6.000000,0.000000,-0.170000,1.000000
2225.792969,17.000000,17.000000,2.400000,-6.000000,-6.000000,0.000000,-0.640000,1.000000
2225.798096,20.000000,20.000000,2.300000,-6.000000,-6.000000,0.000000,-0.640000,1.000000
2225.802979,-19.000000,-19.000000,2.060000,-4.000000,-4.000000,0.000000,-0.650000,1.000000
2225.808105,-5.000000,-5.000000,1.860000,-4.000000,-4.000000,0.000000,-0.650000,1.000000
2225.812988,6.000000,6.000000,1.700000,-4.000000,-4.000000,0.000000,0.270000,1.000000
2225.818115,6.000000,6.000000,1.510000,-4.000000,-4.000000,0.000000,0.270000,1.000000
2225.822998,71.000000,71.000000,1.390000,-2.000000,-4.000000,0.000000,0.270000,1.000000
2225.827881,65.000000,65.000000,1.260000,-2.000000,-4.000000,0.000000,0.270000,1.000000
2225.833008,59.000000,59.000000,1.140000,-2.000000,-2.000000,0.000000,0.730000,1.000000
2225.837891,54.000000,54.000000,0.880000,-2.000000,-2.000000,0.000000,0.730000,1.000000
2225.843018,93.000000,93.000000,0.910000,0.000000,0.000000,0.000000,1.190000,1.000000
2225.847900,68.000000,68.000000,0.860000,0.000000,0.000000,0.000000,1.190000,1.000000
2225.853027,82.000000,82.000000,0.760000,0.000000,0.000000,0.000000,2.120000,1.000000
2225.857910,76.000000,76.000000,0.640000,0.000000,0.000000,0.000000,2.120000,1.000000
2225.863037,137.000000,137.000000,0.750000,0.000000,2.000000,0.000000,2.120000,1.000000
2225.867920,105.000000,105.000000,0.780000,0.000000,2.000000,0.000000,2.120000,1.000000
2225.873047,89.000000,89.000000,0.820000,0.000000,2.000000,0.000000,2.580000,1.000000
2225.877930,88.000000,88.000000,0.660000,0.000000,2.000000,0.000000,2.580000,1.000000
2225.883057,140.000000,140.000000,0.690000,4.000000,2.000000,0.000000,2.590000,1.000000
2225.887939,127.000000,127.000000,0.760000,4.000000,2.000000,0.000000,2.590000,1.000000
2225.893066,104.000000,104.000000,0.830000,2.000000,2.000000,0.000000,3.520000,1.000000
2225.897949,78.000000,78.000000,0.670000,2.000000,2.000000,0.000000,3.520000,1.000000
2225.903076,150.000000,150.000000,0.770000,4.000000,4.000000,0.000000,3.060000,1.000000
2225.907959,126.000000,126.000000,0.870000,4.000000,4.000000,0.000000,3.060000,1.000000
2225.913086,51.000000,51.000000,1.100000,4.000000,4.000000,0.000000,3.990000,1.000000
2225.917969,2.000000,2.000000,1.100000,4.000000,4.000000,0.000000,3.990000,1.000000
2225.923096,62.000000,62.000000,1.390000,4.000000,4.000000,0.000000,3.990000,1.000000
2225.927979,33.000000,33.000000,1.520000,4.000000,4.000000,0.000000,3.990000,1.000000
2225.933105,18.000000,18.000000,1.720000,4.000000,4.000000,0.000000,4.000000,1.000000
2225.937988,-3.000000,-3.000000,1.880000,4.000000,4.000000,0.000000,4.000000,1.000000
2225.943115,-14.000000,-14.000000,2.110000,4.000000,4.000000,0.000000,4.000000,1.000000
2225.947998,-26.000000,-26.000000,2.290000,4.000000,4.000000,0.000000,4.000000,1.000000
2225.952881,-22.000000,-22.000000,2.350000,2.000000,2.000000,0.000000,4.010000,1.000000
2225.958008,-7.000000,-7.000000,2.540000,2.000000,2.000000,0.000000,4.010000,1.000000
2225.962891,-11.000000,-11.000000,2.680000,2.000000,2.000000,0.000000,3.080000,1.000000
2225.968018,-9.000000,-9.000000,2.760000,2.000000,2.000000,0.000000,3.080000,1.000000
2225.972900,-57.000000,-57.000000,2.830000,0.000000,0.000000,0.000000,3.080000,1.000000
2225.978027,-39.000000,-39.000000,2.850000,0.000000,0.000000,0.000000,3.080000,1.000000
2225.982910,-21.000000,-21.000000,2.850000,0.000000,0.000000,0.000000,2.160000,1.000000
2225.988037,-9.000000,-9.000000,2.900000,0.000000,0.000000,0.000000,2.160000,1.000000
2225.992920,-74.000000,-74.000000,2.930000,0.000000,0.000000,0.000000,2.160000,1.000000
2225.998047,-70.000000,-70.000000,2.950000,0.000000,0.000000,0.000000,2.160000,1.000000
2226.002930,-60.000000,-60.000000,2.910000,0.000000,0.000000,0.000000,2.160000,1.000000
2226.008057,-44.000000,-44.000000,2.850000,0.000000,0.000000,0.000000,2.160000,1.000000
2226.012939,-34.000000,-34.000000,2.830000,0.000000,0.000000,0.000000,2.160000,1.000000
2226.018066,-33.000000,-33.000000,2.930000,0.000000,0.000000,0.000000,2.160000,1.000000
2226.022949,-44.000000,-44.000000,2.860000,-2.000000,0.000000,0.000000,2.160000,1.000000
2226.028076,-34.000000,-34.000000,2.790000,-2.000000,0.000000,0.000000,2.160000,1.000000
2226.032959,-27.000000,-27.000000,2.820000,-2.000000,0.000000,0.000000,1.690000,1.000000
2226.038086,-34.000000,-34.000000,2.860000,-2.000000,0.000000,0.000000,1.690000,1.000000
2226.042969,-75.000000,-75.000000,2.810000,-2.000000,0.000000,0.000000,1.690000,1.000000
2226.048096,-70.000000,-70.000000,2.780000,-2.000000,0.000000,0.000000,1.690000,1.000000
2226.052979,-68.000000,-68.000000,2.780000,-2.000000,0.000000,0.000000,1.690000,1.000000
2226.058105,-71.000000,-71.000000,2.950000,-2.000000,0.000000,0.000000,1.690000,1.000000
2226.062988,-86.000000,-86.000000,2.900000,-2.000000,-2.000000,0.000000,1.690000,1.000000
2226.068115,-73.000000,-73.000000,2.880000,-2.000000,-2.000000,0.000000,1.690000,1.000000
2226.072998,-57.000000,-57.000000,2.860000,0.000000,-2.000000,0.000000,1.220000,1.000000
2226.077881,-44.000000,-44.000000,2.940000,0.000000,-2.000000,0.000000,1.220000,1.000000
2226.083008,-78.000000,-78.000000,2.810000,-2.000000,-4.000000,0.000000,1.680000,1.000000
2226.087891,-54.000000,-54.000000,2.740000,-2.000000,-4.000000,0.000000,1.680000,1.000000
2226.093018,-2.000000,-2.000000,2.660000,-4.000000,-2.000000,0.000000,0.750000,1.000000
2226.097900,10.000000,10.000000,2.660000,-4.000000,-2.000000,0.000000,0.750000,1.000000
2226.103027,-59.000000,-59.000000,2.550000,-4.000000,-2.000000,0.000000,0.750000,1.000000
2226.107910,-47.000000,-47.000000,2.490000,-4.000000,-2.000000,0.000000,0.750000,1.000000
2226.113037,-37.000000,-37.000000,2.410000,-2.000000,-4.000000,0.000000,0.750000,1.000000
2226.117920,-30.000000,-30.000000,2.430000,-2.000000,-4.000000,0.000000,0.750000,1.000000
2226.123047,-34.000000,-34.000000,2.340000,-2.000000,-2.000000,0.000000,0.740000,1.000000
2226.127930,-25.000000,-25.000000,2.190000,-2.000000,-2.000000,0.000000,0.740000,1.000000
2226.133057,-5.000000,-5.000000,2.100000,-4.000000,-2.000000,0.000000,1.200000,1.000000
2226.137939,5.000000,5.000000,2.020000,-4.000000,-2.000000,0.000000,1.200000,1.000000
2226.143066,37.000000,37.000000,1.920000,-2.000000,-2.000000,0.000000,0.740000,1.000000
2226.147949,42.000000,42.000000,1.810000,-2.000000,-2.000000,0.000000,0.740000,1.000000
2226.153076,15.000000,15.000000,1.710000,-2.000000,-2.000000,0.000000,1.200000,1.000000
2226.157959,18.000000,18.000000,1.500000,-2.000000,-2.000000,0.000000,1.200000,1.000000
2226.163086,58.000000,58.000000,1.470000,-2.000000,-2.000000,0.000000,1.200000,1.000000
2226.167969,44.000000,44.000000,1.460000,-2.000000,-2.000000,0.000000,1.200000,1.000000
2226.173096,28.000000,28.000000,1.370000,0.000000,0.000000,0.000000,1.190000,1.000000
2226.177979,23.000000,23.000000,1.280000,0.000000,0.000000,0.000000,1.190000,1.000000
2226.183105,20.000000,20.000000,1.360000,0.000000,2.000000,0.000000,2.120000,1.000000
2226.187988,1.000000,1.000000,1.370000,0.000000,2.000000,0.000000,2.120000,1.000000
2226.193115,60.000000,60.000000,1.360000,0.000000,2.000000,0.000000,2.590000,1.000000
2226.197998,67.000000,67.000000,1.370000,0.000000,2.000000,0.000000,2.590000,1.000000
2226.202881,106.000000,106.000000,1.330000,2.000000,0.000000,0.000000,2.590000,1.000000
2226.208008,112.000000,112.000000,1.310000,2.000000,0.000000,0.000000,2.590000,1.000000
2226.212891,115.000000,115.000000,1.330000,0.000000,0.000000,0.000000,2.590000,1.000000
2226.218018,112.000000,112.000000,1.100000,0.000000,0.000000,0.000000,2.590000,1.000000
2226.222900,130.000000,130.000000,1.270000,2.000000,4.000000,0.000000,2.120000,1.000000
2226.228027,107.000000,107.000000,1.220000,2.000000,4.000000,0.000000,2.120000,1.000000
2226.232910,76.000000,76.000000,1.080000,2.000000,2.000000,0.000000,3.520000,1.000000
2226.238037,88.000000,88.000000,0.880000,2.000000,2.000000,0.000000,3.520000,1.000000
2226.242920,185.000000,185.000000,0.950000,4.000000,2.000000,0.000000,3.060000,1.000000
2226.248047,142.000000,142.000000,1.110000,4.000000,2.000000,0.000000,3.060000,1.000000
2226.252930,54.000000,54.000000,1.260000,2.000000,4.000000,0.000000,3.530000,1.000000
2226.258057,21.000000,21.000000,1.150000,2.000000,4.000000,0.000000,3.530000,1.000000
2226.262939,68.000000,68.000000,1.300000,6.000000,4.000000,0.000000,3.530000,1.000000
2226.268066,50.000000,50.000000,1.320000,6.000000,4.000000,0.000000,3.530000,1.000000
2226.272949,25.000000,25.000000,1.510000,6.000000,4.000000,0.000000,4.460000,1.000000
2226.278076,-17.000000,-17.000000,1.700000,6.000000,4.000000,0.000000,4.460000,1.000000
2226.282959,22.000000,22.000000,1.900000,4.000000,4.000000,0.000000,4.470000,1.000000
2226.288086,9.000000,9.000000,2.100000,4.000000,4.000000,0.000000,4.470000,1.000000
2226.292969,9.000000,9.000000,2.240000,4.000000,4.000000,0.000000,4.010000,1.000000
2226.298096,17.000000,17.000000,2.250000,4.000000,4.000000,0.000000,4.010000,1.000000
2226.302979,7.000000,7.000000,2.360000,2.000000,2.000000,0.000000,4.010000,1.000000
2226.308105,4.000000,4.000000,2.520000,2.000000,2.000000,0.000000,4.010000,1.000000
2226.312988,-15.000000,-15.000000,2.640000,2.000000,2.000000,0.000000,3.090000,1.000000
2226.318115,-18.000000,-18.000000,2.760000,2.000000,2.000000,0.000000,3.090000,1.000000
2226.322998,-76.000000,-76.000000,2.860000,2.000000,2.000000,0.000000,3.090000,1.000000
2226.327881,-67.000000,-67.000000,2.860000,2.000000,2.000000,0.000000,3.090000,1.000000
2226.333008,-50.000000,-50.000000,2.890000,2.000000,2.000000,0.000000,3.090000,1.000000
2226.337891,-47.000000,-47.000000,3.150000,2.000000,2.000000,0.000000,3.090000,1.000000
2226.343018,-67.000000,-67.000000,3.140000,0.000000,0.000000,0.000000,3.100000,1.000000
2226.347900,-51.000000,-51.000000,3.090000,0.000000,0.000000,0.000000,3.100000,1.000000
2226.353027,-19.000000,-19.000000,3.120000,0.000000,0.000000,0.000000,2.170000,1.000000
2226.357910,-7.000000,-7.000000,3.170000,0.000000,0.000000,0.000000,2.170000,1.000000
2226.363037,-71.000000,-71.000000,3.100000,0.000000,-2.000000,0.000000,2.170000,1.000000
2226.367920,-56.000000,-56.000000,3.040000,0.000000,-2.000000,0.000000,2.170000,1.000000
2226.373047,-51.000000,-51.000000,3.030000,0.000000,-2.000000,0.000000,1.700000,1.000000
2226.377930,-55.000000,-55.000000,3.150000,0.000000,-2.000000,0.000000,1.700000,1.000000
2226.383057,-104.000000,-104.000000,3.070000,-2.000000,-2.000000,0.000000,1.700000,1.000000
2226.387939,-96.000000,-96.000000,3.070000,-2.000000,-2.000000,0.000000,1.700000,1.000000
2226.393066,-97.000000,-97.000000,3.140000,-2.000000,-2.000000,0.000000,1.240000,1.000000
2226.397949,-106.000000,-106.000000,3.320000,-2.000000,-2.000000,0.000000,1.240000,1.000000
2226.403076,-151.000000,-151.000000,3.240000,-2.000000,-4.000000,0.000000,1.230000,1.000000
2226.407959,-129.000000,-129.000000,3.250000,-2.000000,-4.000000,0.000000,1.230000,1.000000
2226.413086,-111.000000,-111.000000,3.150000,-2.000000,-2.000000,0.000000,0.770000,1.000000
2226.417969,-89.000000,-89.000000,3.270000,-2.000000,-2.000000,0.000000,0.770000,1.000000
2226.423096,-124.000000,-124.000000,3.100000,-6.000000,-6.000000,0.000000,1.230000,1.000000
2226.427979,-91.000000,-91.000000,3.090000,-6.000000,-6.000000,0.000000,1.230000,1.000000
2226.433105,-39.000000,-39.000000,2.960000,-4.000000,-4.000000,0.000000,-0.630000,1.000000
2226.437988,-19.000000,-19.000000,3.000000,-4.000000,-4.000000,0.000000,-0.630000,1.000000
2226.443115,-147.000000,-147.000000,2.830000,-4.000000,-4.000000,0.000000,0.290000,1.000000
2226.447998,-118.000000,-118.000000,2.670000,-4.000000,-4.000000,0.000000,0.290000,1.000000
2226.452881,-24.000000,-24.000000,2.530000,-4.000000,-4.000000,0.000000,0.280000,1.000000
2226.458008,-6.000000,-6.000000,2.530000,-4.000000,-4.000000,0.000000,0.280000,1.000000
2226.462891,-10.000000,-10.000000,2.280000,-4.000000,-4.000000,0.000000,0.280000,1.000000
2226.468018,20.000000,20.000000,2.090000,-4.000000,-4.000000,0.000000,0.280000,1.000000
2226.472900,44.000000,44.000000,1.960000,-4.000000,-4.000000,0.000000,0.270000,1.000000
2226.478027,57.000000,57.000000,1.640000,-4.000000,-4.000000,0.000000,0.270000,1.000000
2226.482910,76.000000,76.000000,1.510000,-2.000000,-4.000000,0.000000,0.270000,1.000000
2226.488037,73.000000,73.000000,1.410000,-2.000000,-4.000000,0.000000,0.270000,1.000000
2226.492920,62.000000,62.000000,1.210000,-4.000000,-2.000000,0.000000,0.730000,1.000000
2226.498047,63.000000,63.000000,0.960000,-4.000000,-2.000000,0.000000,0.730000,1.000000
2226.502930,101.000000,101.000000,0.970000,0.000000,0.000000,0.000000,0.730000,1.000000
2226.508057,72.000000,72.000000,0.890000,0.000000,0.000000,0.000000,0.730000,1.000000
2226.512939,55.000000,55.000000,0.790000,0.000000,0.000000,0.000000,2.120000,1.000000
2226.518066,49.000000,49.000000,0.660000,0.000000,0.000000,0.000000,2.120000,1.000000
2226.522949,138.000000,138.000000,0.730000,2.000000,0.000000,0.000000,2.120000,1.000000
2226.528076,105.000000,105.000000,0.750000,2.000000,0.000000,0.000000,2.120000,1.000000
2226.532959,88.000000,88.000000,0.770000,2.000000,2.000000,0.000000,2.580000,1.000000
2226.538086,76.000000,76.000000,0.620000,2.000000,2.000000,0.000000,2.580000,1.000000
2226.542969,115.000000,115.000000,0.790000,2.000000,4.000000,0.000000,3.050000,1.000000
2226.548096,86.000000,86.000000,0.810000,2.000000,4.000000,0.000000,3.050000,1.000000
2226.552979,97.000000,97.000000,0.920000,2.000000,2.000000,0.000000,3.520000,1.000000
2226.558105,77.000000,77.000000,0.920000,2.000000,2.000000,0.000000,3.520000,1.000000
2226.562988,107.000000,107.000000,1.060000,4.000000,4.000000,0.000000,3.050000,1.000000
2226.568115,89.000000,89.000000,1.130000,4.000000,4.000000,0.000000,3.050000,1.000000
2226.572998,42.000000,42.000000,1.290000,4.000000,4.000000,0.000000,3.990000,1.000000
2226.577881,21.000000,21.000000,1.240000,4.000000,4.000000,0.000000,3.990000,1.000000
2226.583008,93.000000,93.000000,1.330000,2.000000,4.000000,0.000000,3.990000,1.000000
2226.587891,87.000000,87.000000,1.460000,2.000000,4.000000,0.000000,3.990000,1.000000
2226.593018,67.000000,67.000000,1.610000,4.000000,4.000000,0.000000,3.530000,1.000000
2226.597900,43.000000,43.000000,1.640000,4.000000,4.000000,0.000000,3.530000,1.000000
2226.603027,12.000000,12.000000,1.770000,4.000000,4.000000,0.000000,4.000000,1.000000
2226.607910,6.000000,6.000000,1.850000,4.000000,4.000000,0.000000,4.000000,1.000000
2226.613037,30.000000,30.000000,2.020000,4.000000,4.000000,0.000000,4.000000,1.000000
2226.617920,5.000000,5.000000,2.240000,4.000000,4.000000,0.000000,4.000000,1.000000
2226.623047,-11.000000,-11.000000,2.400000,2.000000,2.000000,0.000000,4.010000,1.000000
2226.627930,-7.000000,-7.000000,2.510000,2.000000,2.000000,0.000000,4.010000,1.000000
2226.633057,9.000000,9.000000,2.510000,2.000000,2.000000,0.000000,3.080000,1.000000
2226.637939,34.000000,34.000000,2.550000,2.000000,2.000000,0.000000,3.080000,1.000000
2226.643066,-24.000000,-24.000000,2.660000,2.000000,0.000000,0.000000,3.090000,1.000000
2226.647949,-31.000000,-31.000000,2.740000,2.000000,0.000000,0.000000,3.090000,1.000000
2226.653076,-27.000000,-27.000000,2.730000,0.000000,2.000000,0.000000,2.620000,1.000000
2226.657959,-9.000000,-9.000000,2.820000,0.000000,2.000000,0.000000,2.620000,1.000000
2226.663086,-37.000000,-37.000000,2.840000,0.000000,0.000000,0.000000,2.630000,1.000000
2226.667969,-31.000000,-31.000000,2.830000,0.000000,0.000000,0.000000,2.630000,1.000000
2226.673096,-14.000000,-14.000000,2.770000,0.000000,0.000000,0.000000,2.160000,1.000000
2226.677979,4.000000,4.000000,2.780000,0.000000,0.000000,0.000000,2.160000,1.000000
2226.683105,-29.000000,-29.000000,2.730000,0.000000,-2.000000,0.000000,2.160000,1.000000
2226.687988,-29.000000,-29.000000,2.700000,0.000000,-2.000000,0.000000,2.160000,1.000000
2226.693115,-27.000000,-27.000000,2.690000,0.000000,0.000000,0.000000,1.700000,1.000000
2226.697998,-29.000000,-29.000000,2.720000,0.000000,0.000000,0.000000,1.700000,1.000000
2226.702881,-66.000000,-66.000000,2.690000,-2.000000,0.000000,0.000000,2.160000,1.000000
2226.708008,-63.000000,-63.000000,2.650000,-2.000000,0.000000,0.000000,2.160000,1.000000
2226.712891,-28.000000,-28.000000,2.650000,0.000000,-2.000000,0.000000,1.700000,1.000000
2226.718018,-33.000000,-33.000000,2.820000,0.000000,-2.000000,0.000000,1.700000,1.000000
2226.722900,-82.000000,-82.000000,2.730000,-2.000000,-2.000000,0.000000,1.690000,1.000000
2226.728027,-69.000000,-69.000000,2.710000,-2.000000,-2.000000,0.000000,1.690000,1.000000
2226.732910,-65.000000,-65.000000,2.780000,-2.000000,-2.000000,0.000000,1.230000,1.000000
2226.738037,-71.000000,-71.000000,2.890000,-2.000000,-2.000000,0.000000,1.230000,1.000000
2226.742920,-108.000000,-108.000000,2.810000,-2.000000,-4.000000,0.000000,1.230000,1.000000
2226.748047,-88.000000,-88.000000,2.740000,-2.000000,-4.000000,0.000000,1.230000,1.000000
2226.752930,-68.000000,-68.000000,2.680000,-2.000000,-2.000000,0.000000,0.760000,1.000000
2226.758057,-53.000000,-53.000000,2.790000,-2.000000,-2.000000,0.000000,0.760000,1.000000
2226.762939,-89.000000,-89.000000,2.640000,-4.000000,-4.000000,0.000000,1.220000,1.000000
2226.768066,-64.000000,-64.000000,2.560000,-4.000000,-4.000000,0.000000,1.220000,1.000000
2226.772949,-12.000000,-12.000000,2.480000,-4.000000,-2.000000,0.000000,0.290000,1.000000
2226.778076,-2.000000,-2.000000,2.500000,-4.000000,-2.000000,0.000000,0.290000,1.000000
2226.782959,-70.000000,-70.000000,2.390000,-2.000000,-4.000000,0.000000,0.750000,1.000000
2226.788086,-54.000000,-54.000000,2.280000,-2.000000,-4.000000,0.000000,0.750000,1.000000
2226.792969,0.000000,0.000000,2.150000,-4.000000,-4.000000,0.000000,0.740000,1.000000
2226.798096,19.000000,19.000000,2.090000,-4.000000,-4.000000,0.000000,0.740000,1.000000
2226.802979,21.000000,21.000000,1.970000,-4.000000,-2.000000,0.000000,0.270000,1.000000
2226.808105,27.000000,27.000000,1.840000,-4.000000,-2.000000,0.000000,0.270000,1.000000
2226.812988,4.000000,4.000000,1.710000,-4.000000,-2.000000,0.000000,0.740000,1.000000
2226.818115,12.000000,12.000000,1.540000,-4.000000,-2.000000,0.000000,0.740000,1.000000
2226.822998,49.000000,49.000000,1.440000,-2.000000,0.000000,0.000000,0.730000,1.000000
2226.827881,43.000000,43.000000,1.390000,-2.000000,0.000000,0.000000,0.730000,1.000000
2226.833008,32.000000,32.000000,1.290000,0.000000,0.000000,0.000000,1.660000,1.000000
2226.837891,27.000000,27.000000,1.120000,0.000000,0.000000,0.000000,1.660000,1.000000
2226.843018,95.000000,95.000000,1.140000,0.000000,0.000000,0.000000,2.120000,1.000000
2226.847900,74.000000,74.000000,1.150000,0.000000,0.000000,0.000000,2.120000,1.000000
2226.853027,91.000000,91.000000,1.110000,0.000000,0.000000,0.000000,2.120000,1.000000
2226.857910,89.000000,89.000000,0.980000,0.000000,0.000000,0.000000,2.120000,1.000000
2226.863037,97.000000,97.000000,1.090000,2.000000,2.000000,0.000000,2.120000,1.000000
2226.867920,78.000000,78.000000,1.110000,2.000000,2.000000,0.000000,2.120000,1.000000
2226.873047,73.000000,73.000000,1.040000,0.000000,0.000000,0.000000,3.050000,1.000000
2226.877930,87.000000,87.000000,0.840000,0.000000,0.000000,0.000000,3.050000,1.000000
2226.883057,168.000000,168.000000,0.880000,2.000000,2.000000,0.000000,2.120000,1.000000
2226.887939,140.000000,140.000000,1.020000,2.000000,2.000000,0.000000,2.120000,1.000000
2226.893066,36.000000,36.000000,1.080000,2.000000,2.000000,0.000000,3.050000,1.000000
2226.897949,24.000000,24.000000,0.930000,2.000000,2.000000,0.000000,3.050000,1.000000
2226.903076,110.000000,110.000000,0.940000,4.000000,4.000000,0.000000,3.060000,1.000000
2226.907959,94.000000,94.000000,0.950000,4.000000,4.000000,0.000000,3.060000,1.000000
2226.913086,50.000000,50.000000,1.220000,2.000000,4.000000,0.000000,3.990000,1.000000
2226.917969,-12.000000,-12.000000,1.280000,2.000000,4.000000,0.000000,3.990000,1.000000
2226.923096,41.000000,41.000000,1.520000,6.000000,6.000000,0.000000,3.530000,1.000000
2226.927979,22.000000,22.000000,1.690000,6.000000,6.000000,0.000000,3.530000,1.000000
2226.933105,-9.000000,-9.000000,1.720000,4.000000,4.000000,0.000000,4.930000,1.000000
2226.937988,5.000000,5.000000,1.790000,4.000000,4.000000,0.000000,4.930000,1.000000
2226.943115,100.000000,100.000000,1.980000,4.000000,4.000000,0.000000,4.000000,1.000000
2226.947998,75.000000,75.000000,2.190000,4.000000,4.000000,0.000000,4.000000,1.000000
2226.952881,-5.000000,-5.000000,2.310000,2.000000,2.000000,0.000000,4.010000,1.000000
2226.958008,2.000000,2.000000,2.250000,2.000000,2.000000,0.000000,4.010000,1.000000
2226.962891,28.000000,28.000000,2.270000,4.000000,2.000000,0.000000,3.080000,1.000000
2226.968018,31.000000,31.000000,2.440000,4.000000,2.000000,0.000000,3.080000,1.000000
2226.972900,-59.000000,-59.000000,2.560000,2.000000,4.000000,0.000000,3.550000,1.000000
2226.978027,-74.000000,-74.000000,2.630000,2.000000,4.000000,0.000000,3.550000,1.000000
2226.982910,-34.000000,-34.000000,2.690000,2.000000,2.000000,0.000000,3.560000,1.000000
2226.988037,-25.000000,-25.000000,2.740000,2.000000,2.000000,0.000000,3.560000,1.000000
2226.992920,-28.000000,-28.000000,2.850000,2.000000,2.000000,0.000000,3.090000,1.000000
2226.998047,-47.000000,-47.000000,3.070000,2.000000,2.000000,0.000000,3.090000,1.000000
2227.002930,-95.000000,-95.000000,3.140000,0.000000,0.000000,0.000000,3.100000,1.000000
2227.008057,-81.000000,-81.000000,3.130000,0.000000,0.000000,0.000000,3.100000,1.000000
2227.012939,-53.000000,-53.000000,3.120000,2.000000,0.000000,0.000000,2.170000,1.000000
2227.018066,-36.000000,-36.000000,3.320000,2.000000,0.000000,0.000000,2.170000,1.000000
2227.022949,-120.000000,-120.000000,3.260000,-2.000000,0.000000,0.000000,2.630000,1.000000
2227.028076,-109.000000,-109.000000,3.300000,-2.000000,0.000000,0.000000,2.630000,1.000000
2227.032959,-67.000000,-67.000000,3.360000,-2.000000,-2.000000,0.000000,1.700000,1.000000
2227.038086,-70.000000,-70.000000,3.520000,-2.000000,-2.000000,0.000000,1.700000,1.000000
2227.042969,-148.000000,-148.000000,3.400000,-2.000000,-4.000000,0.000000,1.240000,1.000000
2227.048096,-129.000000,-129.000000,3.470000,-2.000000,-4.000000,0.000000,1.240000,1.000000
2227.052979,-163.000000,-163.000000,3.570000,-2.000000,-2.000000,0.000000,0.770000,1.000000
2227.058105,-166.000000,-166.000000,3.790000,-2.000000,-2.000000,0.000000,0.770000,1.000000
2227.062988,-197.000000,-197.000000,3.600000,-4.000000,-4.000000,0.000000,1.230000,1.000000
2227.068115,-149.000000,-149.000000,3.500000,-4.000000,-4.000000,0.000000,1.230000,1.000000
2227.072998,-79.000000,-79.000000,3.380000,-4.000000,-4.000000,0.000000,0.300000,1.000000
2227.077881,-61.000000,-61.000000,3.480000,-4.000000,-4.000000,0.000000,0.300000,1.000000
2227.083008,-134.000000,-134.000000,3.380000,-6.000000,-6.000000,0.000000,0.300000,1.000000
2227.087891,-108.000000,-108.000000,3.280000,-6.000000,-6.000000,0.000000,0.300000,1.000000
2227.093018,-69.000000,-69.000000,3.070000,-4.000000,-4.000000,0.000000,-0.640000,1.000000
2227.097900,-26.000000,-26.000000,3.040000,-4.000000,-4.000000,0.000000,-0.640000,1.000000
2227.103027,-81.000000,-81.000000,2.750000,-6.000000,-6.000000,0.000000,0.280000,1.000000
2227.107910,-45.000000,-45.000000,2.550000,-6.000000,-6.000000,0.000000,0.280000,1.000000
2227.113037,40.000000,40.000000,2.380000,-4.000000,-6.000000,0.000000,-0.650000,1.000000
2227.117920,50.000000,50.000000,2.250000,-4.000000,-6.000000,0.000000,-0.650000,1.000000
2227.123047,-14.000000,-14.000000,2.050000,-4.000000,-4.000000,0.000000,-0.190000,1.000000
2227.127930,-2.000000,-2.000000,1.860000,-4.000000,-4.000000,0.000000,-0.190000,1.000000
2227.133057,40.000000,40.000000,1.690000,-4.000000,-4.000000,0.000000,0.270000,1.000000
2227.137939,43.000000,43.000000,1.500000,-4.000000,-4.000000,0.000000,0.270000,1.000000
2227.143066,77.000000,77.000000,1.350000,-4.000000,-4.000000,0.000000,0.260000,1.000000
2227.147949,74.000000,74.000000,1.230000,-4.000000,-4.000000,0.000000,0.260000,1.000000
2227.153076,68.000000,68.000000,1.100000,-4.000000,-2.000000,0.000000,0.260000,1.000000
2227.157959,63.000000,63.000000,0.820000,-4.000000,-2.000000,0.000000,0.260000,1.000000
2227.163086,69.000000,69.000000,0.790000,0.000000,-2.000000,0.000000,0.720000,1.000000
2227.167969,46.000000,46.000000,0.790000,0.000000,-2.000000,0.000000,0.720000,1.000000
2227.173096,53.000000,53.000000,0.700000,0.000000,0.000000,0.000000,1.640000,1.000000
2227.177979,41.000000,41.000000,0.660000,0.000000,0.000000,0.000000,1.640000,1.000000
2227.183105,98.000000,98.000000,0.710000,2.000000,2.000000,0.000000,2.110000,1.000000
2227.187988,79.000000,79.000000,0.740000,2.000000,2.000000,0.000000,2.110000,1.000000
2227.193115,108.000000,108.000000,0.720000,2.000000,0.000000,0.000000,3.040000,1.000000
2227.197998,118.000000,118.000000,0.500000,2.000000,0.000000,0.000000,3.040000,1.000000
2227.202881,207.000000,207.000000,0.550000,2.000000,2.000000,0.000000,2.570000,1.000000
2227.208008,192.000000,192.000000,0.600000,2.000000,2.000000,0.000000,2.570000,1.000000
2227.212891,140.000000,140.000000,0.610000,4.000000,2.000000,0.000000,3.040000,1.000000
2227.218018,134.000000,134.000000,0.430000,4.000000,2.000000,0.000000,3.040000,1.000000
2227.222900,186.000000,186.000000,0.480000,6.000000,4.000000,0.000000,3.510000,1.000000
2227.228027,165.000000,165.000000,0.300000,6.000000,4.000000,0.000000,3.510000,1.000000
2227.232910,164.000000,164.000000,0.670000,6.000000,4.000000,0.000000,4.440000,1.000000
2227.238037,72.000000,72.000000,0.630000,6.000000,4.000000,0.000000,4.440000,1.000000
2227.242920,111.000000,111.000000,1.030000,6.000000,6.000000,0.000000,4.450000,1.000000
2227.248047,64.000000,64.000000,1.120000,6.000000,6.000000,0.000000,4.450000,1.000000
2227.252930,62.000000,62.000000,1.240000,4.000000,4.000000,0.000000,4.920000,1.000000
2227.258057,60.000000,60.000000,1.400000,4.000000,4.000000,0.000000,4.920000,1.000000
2227.262939,67.000000,67.000000,1.690000,6.000000,6.000000,0.000000,3.990000,1.000000
2227.268066,31.000000,31.000000,1.970000,6.000000,6.000000,0.000000,3.990000,1.000000
2227.272949,-55.000000,-55.000000,2.140000,6.000000,6.000000,0.000000,4.930000,1.000000
2227.278076,-51.000000,-51.000000,2.230000,6.000000,6.000000,0.000000,4.930000,1.000000
2227.282959,30.000000,30.000000,2.360000,6.000000,6.000000,0.000000,4.940000,1.000000
2227.288086,34.000000,34.000000,2.550000,6.000000,6.000000,0.000000,4.940000,1.000000
2227.292969,23.000000,23.000000,2.730000,2.000000,4.000000,0.000000,4.940000,1.000000
2227.298096,17.000000,17.000000,2.760000,2.000000,4.000000,0.000000,4.940000,1.000000
2227.302979,34.000000,34.000000,2.830000,2.000000,4.000000,0.000000,3.560000,1.000000
2227.308105,44.000000,44.000000,2.950000,2.000000,4.000000,0.000000,3.560000,1.000000
2227.312988,-63.000000,-63.000000,3.080000,2.000000,4.000000,0.000000,3.560000,1.000000
2227.318115,-76.000000,-76.000000,3.110000,2.000000,4.000000,0.000000,3.560000,1.000000
2227.322998,-69.000000,-69.000000,3.160000,2.000000,2.000000,0.000000,3.560000,1.000000
2227.327881,-63.000000,-63.000000,3.230000,2.000000,2.000000,0.000000,3.560000,1.000000
2227.333008,-70.000000,-70.000000,3.330000,2.000000,2.000000,0.000000,3.100000,1.000000
2227.337891,-84.000000,-84.000000,3.660000,2.000000,2.000000,0.000000,3.100000,1.000000
2227.343018,-135.000000,-135.000000,3.670000,2.000000,0.000000,0.000000,3.100000,1.000000
2227.347900,-111.000000,-111.000000,3.700000,2.000000,0.000000,0.000000,3.100000,1.000000
2227.353027,-80.000000,-80.000000,3.730000,0.000000,0.000000,0.000000,2.640000,1.000000
2227.357910,-53.000000,-53.000000,3.850000,0.000000,0.000000,0.000000,2.640000,1.000000
2227.363037,-76.000000,-76.000000,3.630000,-2.000000,-2.000000,0.000000,2.180000,1.000000
2227.367920,-31.000000,-31.000000,3.610000,-2.000000,-2.000000,0.000000,2.180000,1.000000
2227.373047,-52.000000,-52.000000,3.530000,-4.000000,-2.000000,0.000000,1.250000,1.000000
2227.377930,-50.000000,-50.000000,3.490000,-4.000000,-2.000000,0.000000,1.250000,1.000000
2227.383057,-117.000000,-117.000000,3.440000,-2.000000,-2.000000,0.000000,0.780000,1.000000
2227.387939,-117.000000,-117.000000,3.370000,-2.000000,-2.000000,0.000000,0.780000,1.000000
2227.393066,-150.000000,-150.000000,3.380000,-2.000000,-2.000000,0.000000,1.240000,1.000000
2227.397949,-157.000000,-157.000000,3.680000,-2.000000,-2.000000,0.000000,1.240000,1.000000
2227.403076,-147.000000,-147.000000,3.470000,-4.000000,-4.000000,0.000000,1.240000,1.000000
2227.407959,-104.000000,-104.000000,3.380000,-4.000000,-4.000000,0.000000,1.240000,1.000000
2227.413086,-69.000000,-69.000000,3.290000,-2.000000,-2.000000,0.000000,0.310000,1.000000
2227.417969,-52.000000,-52.000000,3.340000,-2.000000,-2.000000,0.000000,0.310000,1.000000
2227.423096,-116.000000,-116.000000,3.170000,-4.000000,-4.000000,0.000000,1.230000,1.000000
2227.427979,-88.000000,-88.000000,3.080000,-4.000000,-4.000000,0.000000,1.230000,1.000000
2227.433105,-8.000000,-8.000000,2.940000,-4.000000,-4.000000,0.000000,0.300000,1.000000
2227.437988,11.000000,11.000000,2.960000,-4.000000,-4.000000,0.000000,0.300000,1.000000
2227.443115,-50.000000,-50.000000,2.740000,-4.000000,-6.000000,0.000000,0.300000,1.000000
2227.447998,-21.000000,-21.000000,2.550000,-4.000000,-6.000000,0.000000,0.300000,1.000000
2227.452881,5.000000,5.000000,2.420000,-4.000000,-4.000000,0.000000,-0.170000,1.000000
2227.458008,15.000000,15.000000,2.240000,-4.000000,-4.000000,0.000000,-0.170000,1.000000
2227.462891,-12.000000,-12.000000,2.060000,-4.000000,-2.000000,0.000000,0.280000,1.000000
2227.468018,-3.000000,-3.000000,1.910000,-4.000000,-2.000000,0.000000,0.280000,1.000000
2227.472900,32.000000,32.000000,1.740000,-4.000000,-2.000000,0.000000,0.740000,1.000000
2227.478027,34.000000,34.000000,1.620000,-4.000000,-2.000000,0.000000,0.740000,1.000000
2227.482910,65.000000,65.000000,1.500000,-2.000000,-2.000000,0.000000,0.740000,1.000000
2227.488037,63.000000,63.000000,1.370000,-2.000000,-2.000000,0.000000,0.740000,1.000000
2227.492920,62.000000,62.000000,1.280000,0.000000,-2.000000,0.000000,1.200000,1.000000
2227.498047,59.000000,59.000000,1.000000,0.000000,-2.000000,0.000000,1.200000,1.000000
2227.502930,100.000000,100.000000,0.940000,0.000000,0.000000,0.000000,1.670000,1.000000
2227.508057,78.000000,78.000000,0.930000,0.000000,0.000000,0.000000,1.670000,1.000000
2227.512939,83.000000,83.000000,0.890000,0.000000,0.000000,0.000000,2.130000,1.000000
2227.518066,63.000000,63.000000,0.790000,0.000000,0.000000,0.000000,2.130000,1.000000
2227.522949,85.000000,85.000000,0.900000,2.000000,2.000000,0.000000,2.130000,1.000000
2227.528076,59.000000,59.000000,0.950000,2.000000,2.000000,0.000000,2.130000,1.000000
2227.532959,44.000000,44.000000,0.990000,0.000000,2.000000,0.000000,3.060000,1.000000
2227.538086,40.000000,40.000000,0.930000,0.000000,2.000000,0.000000,3.060000,1.000000
2227.542969,115.000000,115.000000,0.950000,2.000000,2.000000,0.000000,2.600000,1.000000
2227.548096,114.000000,114.000000,0.980000,2.000000,2.000000,0.000000,2.600000,1.000000
2227.552979,69.000000,69.000000,1.030000,2.000000,2.000000,0.000000,3.060000,1.000000
2227.558105,53.000000,53.000000,0.870000,2.000000,2.000000,0.000000,3.060000,1.000000
2227.562988,90.000000,90.000000,1.020000,2.000000,4.000000,0.000000,3.060000,1.000000
2227.568115,57.000000,57.000000,1.130000,2.000000,4.000000,0.000000,3.060000,1.000000
2227.572998,11.000000,11.000000,1.350000,2.000000,2.000000,0.000000,3.530000,1.000000
2227.577881,-30.000000,-30.000000,1.460000,2.000000,2.000000,0.000000,3.530000,1.000000
2227.583008,-3.000000,-3.000000,1.660000,4.000000,4.000000,0.000000,3.070000,1.000000
2227.587891,-9.000000,-9.000000,1.740000,4.000000,4.000000,0.000000,3.070000,1.000000
2227.593018,-31.000000,-31.000000,1.830000,2.000000,2.000000,0.000000,4.000000,1.000000
2227.597900,-37.000000,-37.000000,2.060000,2.000000,2.000000,0.000000,4.000000,1.000000
2227.603027,4.000000,4.000000,2.230000,2.000000,2.000000,0.000000,3.080000,1.000000
2227.607910,-1.000000,-1.000000,2.360000,2.000000,2.000000,0.000000,3.080000,1.000000
2227.613037,-53.000000,-53.000000,2.410000,2.000000,0.000000,0.000000,3.080000,1.000000
2227.617920,-31.000000,-31.000000,2.400000,2.000000,0.000000,0.000000,3.080000,1.000000
2227.623047,-8.000000,-8.000000,2.440000,2.000000,2.000000,0.000000,2.620000,1.000000
2227.627930,-9.000000,-9.000000,2.560000,2.000000,2.000000,0.000000,2.620000,1.000000
2227.633057,-55.000000,-55.000000,2.630000,0.000000,0.000000,0.000000,3.080000,1.000000
2227.637939,-53.000000,-53.000000,2.650000,0.000000,0.000000,0.000000,3.080000,1.000000
2227.643066,-6.000000,-6.000000,2.660000,0.000000,0.000000,0.000000,2.160000,1.000000
2227.647949,4.000000,4.000000,2.680000,0.000000,0.000000,0.000000,2.160000,1.000000
2227.653076,-59.000000,-59.000000,2.710000,0.000000,2.000000,0.000000,2.160000,1.000000
2227.657959,-60.000000,-60.000000,2.710000,0.000000,2.000000,0.000000,2.160000,1.000000
2227.663086,-57.000000,-57.000000,2.690000,0.000000,0.000000,0.000000,2.620000,1.000000
2227.667969,-53.000000,-53.000000,2.710000,0.000000,0.000000,0.000000,2.620000,1.000000
2227.673096,-26.000000,-26.000000,2.730000,0.000000,0.000000,0.000000,2.160000,1.000000
2227.677979,-32.000000,-32.000000,2.880000,0.000000,0.000000,0.000000,2.160000,1.000000
2227.683105,-75.000000,-75.000000,2.830000,-2.000000,0.000000,0.000000,2.160000,1.000000
2227.687988,-64.000000,-64.000000,2.800000,-2.000000,0.000000,0.000000,2.160000,1.000000
2227.693115,-57.000000,-57.000000,2.840000,0.000000,0.000000,0.000000,1.690000,1.000000
2227.697998,-65.000000,-65.000000,3.000000,0.000000,0.000000,0.000000,1.690000,1.000000
2227.702881,-115.000000,-115.000000,2.900000,-2.000000,-2.000000,0.000000,2.160000,1.000000
2227.708008,-103.000000,-103.000000,2.920000,-2.000000,-2.000000,0.000000,2.160000,1.000000
2227.712891,-71.000000,-71.000000,2.990000,-2.000000,-2.000000,0.000000,1.230000,1.000000
2227.718018,-83.000000,-83.000000,3.190000,-2.000000,-2.000000,0.000000,1.230000,1.000000
2227.722900,-163.000000,-163.000000,3.070000,-4.000000,-4.000000,0.000000,1.220000,1.000000
2227.728027,-128.000000,-128.000000,3.040000,-4.000000,-4.000000,0.000000,1.220000,1.000000
2227.732910,-100.000000,-100.000000,3.010000,-2.000000,-4.000000,0.000000,0.290000,1.000000
2227.738037,-82.000000,-82.000000,3.200000,-2.000000,-4.000000,0.000000,0.290000,1.000000
2227.742920,-154.000000,-154.000000,3.090000,-6.000000,-4.000000,0.000000,0.750000,1.000000
2227.748047,-116.000000,-116.000000,2.930000,-6.000000,-4.000000,0.000000,0.750000,1.000000
2227.752930,-29.000000,-29.000000,2.770000,-4.000000,-4.000000,0.000000,-0.180000,1.000000
2227.758057,11.000000,11.000000,2.770000,-4.000000,-4.000000,0.000000,-0.180000,1.000000
2227.762939,-48.000000,-48.000000,2.480000,-6.000000,-6.000000,0.000000,0.280000,1.000000
2227.768066,-10.000000,-10.000000,2.310000,-6.000000,-6.000000,0.000000,0.280000,1.000000
2227.772949,39.000000,39.000000,2.170000,-4.000000,-4.000000,0.000000,-0.660000,1.000000
2227.778076,45.000000,45.000000,1.950000,-4.000000,-4.000000,0.000000,-0.660000,1.000000
2227.782959,-10.000000,-10.000000,1.790000,-2.000000,-4.000000,0.000000,0.270000,1.000000
2227.788086,-7.000000,-7.000000,1.630000,-2.000000,-4.000000,0.000000,0.270000,1.000000
2227.792969,57.000000,57.000000,1.470000,-4.000000,-4.000000,0.000000,0.730000,1.000000
2227.798096,55.000000,55.000000,1.400000,-4.000000,-4.000000,0.000000,0.730000,1.000000
2227.802979,80.000000,80.000000,1.290000,-2.000000,-2.000000,0.000000,0.260000,1.000000
2227.808105,78.000000,78.000000,1.150000,-2.000000,-2.000000,0.000000,0.260000,1.000000
2227.812988,49.000000,49.000000,1.070000,-2.000000,-2.000000,0.000000,1.180000,1.000000
2227.818115,47.000000,47.000000,0.780000,-2.000000,-2.000000,0.000000,1.180000,1.000000
2227.822998,120.000000,120.000000,0.860000,0.000000,0.000000,0.000000,1.180000,1.000000
2227.827881,90.000000,90.000000,0.830000,0.000000,0.000000,0.000000,1.180000,1.000000
2227.833008,71.000000,71.000000,0.770000,0.000000,0.000000,0.000000,2.110000,1.000000
2227.837891,66.000000,66.000000,0.640000,0.000000,0.000000,0.000000,2.110000,1.000000
2227.843018,137.000000,137.000000,0.760000,2.000000,4.000000,0.000000,2.110000,1.000000
2227.847900,115.000000,115.000000,0.770000,2.000000,4.000000,0.000000,2.110000,1.000000
2227.853027,119.000000,119.000000,0.680000,0.000000,0.000000,0.000000,3.500000,1.000000
2227.857910,141.000000,141.000000,0.420000,0.000000,0.000000,0.000000,3.500000,1.000000
2227.863037,267.000000,267.000000,0.450000,4.000000,4.000000,0.000000,2.110000,1.000000
2227.867920,243.000000,243.000000,0.340000,4.000000,4.000000,0.000000,2.110000,1.000000
2227.873047,128.000000,128.000000,0.430000,2.000000,4.000000,0.000000,3.970000,1.000000
2227.877930,81.000000,81.000000,0.320000,2.000000,4.000000,0.000000,3.970000,1.000000
2227.883057,193.000000,193.000000,0.430000,6.000000,6.000000,0.000000,3.510000,1.000000
2227.887939,164.000000,164.000000,0.320000,6.000000,6.000000,0.000000,3.510000,1.000000
2227.893066,104.000000,104.000000,0.670000,6.000000,6.000000,0.000000,4.910000,1.000000
2227.897949,28.000000,28.000000,0.700000,6.000000,6.000000,0.000000,4.910000,1.000000
2227.903076,102.000000,102.000000,1.180000,8.000000,8.000000,0.000000,4.920000,1.000000
2227.907959,50.000000,50.000000,1.150000,8.000000,8.000000,0.000000,4.920000,1.000000
2227.913086,33.000000,33.000000,1.320000,6.000000,6.000000,0.000000,5.850000,1.000000
2227.917969,63.000000,63.000000,1.580000,6.000000,6.000000,0.000000,5.850000,1.000000
2227.923096,38.000000,38.000000,1.920000,6.000000,8.000000,0.000000,4.930000,1.000000
2227.927979,-27.000000,-27.000000,2.170000,6.000000,8.000000,0.000000,4.930000,1.000000
2227.933105,-9.000000,-9.000000,2.310000,4.000000,6.000000,0.000000,5.410000,1.000000
2227.937988,41.000000,41.000000,2.370000,4.000000,6.000000,0.000000,5.410000,1.000000
2227.943115,27.000000,27.000000,2.560000,6.000000,6.000000,0.000000,4.480000,1.000000
2227.947998,-58.000000,-58.000000,2.780000,6.000000,6.000000,0.000000,4.480000,1.000000
2227.952881,-59.000000,-59.000000,2.960000,4.000000,4.000000,0.000000,4.950000,1.000000
2227.958008,-10.000000,-10.000000,3.050000,4.000000,4.000000,0.000000,4.950000,1.000000
2227.962891,1.000000,1.000000,3.120000,4.000000,6.000000,0.000000,4.030000,1.000000
2227.968018,-73.000000,-73.000000,3.250000,4.000000,6.000000,0.000000,4.030000,1.000000
2227.972900,-88.000000,-88.000000,3.410000,2.000000,4.000000,0.000000,4.500000,1.000000
2227.978027,-58.000000,-58.000000,3.590000,2.000000,4.000000,0.000000,4.500000,1.000000
2227.982910,-45.000000,-45.000000,3.680000,2.000000,4.000000,0.000000,3.580000,1.000000
2227.988037,-93.000000,-93.000000,3.710000,2.000000,4.000000,0.000000,3.580000,1.000000
2227.992920,-91.000000,-91.000000,3.770000,2.000000,2.000000,0.000000,3.580000,1.000000
2227.998047,-107.000000,-107.000000,4.010000,2.000000,2.000000,0.000000,3.580000,1.000000
2228.002930,-93.000000,-93.000000,4.050000,0.000000,0.000000,0.000000,3.120000,1.000000
2228.008057,-98.000000,-98.000000,4.060000,0.000000,0.000000,0.000000,3.120000,1.000000
2228.012939,-77.000000,-77.000000,4.050000,0.000000,2.000000,0.000000,2.190000,1.000000
2228.018066,-142.000000,-142.000000,4.190000,0.000000,2.000000,0.000000,2.190000,1.000000
2228.022949,-114.000000,-114.000000,4.000000,-2.000000,-2.000000,0.000000,2.660000,1.000000
2228.028076,-74.000000,-74.000000,3.950000,-2.000000,-2.000000,0.000000,2.660000,1.000000
2228.032959,-81.000000,-81.000000,3.940000,0.000000,-2.000000,0.000000,1.260000,1.000000
2228.038086,-201.000000,-201.000000,4.100000,0.000000,-2.000000,0.000000,1.260000,1.000000
2228.042969,-184.000000,-184.000000,4.030000,-4.000000,-4.000000,0.000000,1.730000,1.000000
2228.048096,-141.000000,-141.000000,4.060000,-4.000000,-4.000000,0.000000,1.730000,1.000000
2228.052979,-120.000000,-120.000000,3.990000,-4.000000,-2.000000,0.000000,0.330000,1.000000
2228.058105,-216.000000,-216.000000,4.090000,-4.000000,-2.000000,0.000000,0.330000,1.000000
2228.062988,-182.000000,-182.000000,4.030000,-6.000000,-6.000000,0.000000,0.790000,1.000000
2228.068115,-99.000000,-99.000000,4.000000,-6.000000,-6.000000,0.000000,0.790000,1.000000
2228.072998,-20.000000,-20.000000,3.680000,-6.000000,-6.000000,0.000000,-0.610000,1.000000
2228.077881,-90.000000,-90.000000,3.630000,-6.000000,-6.000000,0.000000,-0.610000,1.000000
2228.083008,-38.000000,-38.000000,3.240000,-6.000000,-8.000000,0.000000,-0.620000,1.000000
2228.087891,-12.000000,-12.000000,3.020000,-6.000000,-8.000000,0.000000,-0.620000,1.000000
2228.093018,5.000000,5.000000,2.770000,-6.000000,-6.000000,0.000000,-1.090000,1.000000
2228.097900,-17.000000,-17.000000,2.570000,-6.000000,-6.000000,0.000000,-1.090000,1.000000
2228.103027,-2.000000,-2.000000,2.320000,-6.000000,-6.000000,0.000000,-0.630000,1.000000
2228.107910,41.000000,41.000000,2.040000,-6.000000,-6.000000,0.000000,-0.630000,1.000000
2228.113037,44.000000,44.000000,1.840000,-6.000000,-4.000000,0.000000,-0.640000,1.000000
2228.117920,46.000000,46.000000,1.610000,-6.000000,-4.000000,30.000000,-0.640000,1.000000
2228.123047,50.000000,50.000000,1.350000,-4.000000,-4.000000,30.000000,-0.180000,1.000000
2228.127930,76.000000,76.000000,1.160000,-4.000000,-4.000000,30.000000,-0.180000,1.000000
2228.133057,69.000000,69.000000,0.990000,-4.000000,-2.000000,30.000000,-13.670000,1.000000
2228.137939,-800.000000,-800.000000,0.670000,-4.000000,-2.000000,30.000000,-13.670000,1.000000
2228.143066,-800.000000,-800.000000,0.600000,0.000000,-2.000000,30.000000,-13.250000,1.000000
2228.147949,-800.000000,-800.000000,0.590000,0.000000,-2.000000,30.000000,-13.250000,1.000000
2228.153076,-800.000000,-800.000000,0.500000,0.000000,0.000000,30.000000,-12.360000,1.000000
2228.157959,-800.000000,-800.000000,0.770000,0.000000,0.000000,30.000000,-12.360000,1.000000
2228.163086,-800.000000,-800.000000,0.830000,-8.000000,-8.000000,30.000000,-11.930000,1.000000
2228.167969,-800.000000,-800.000000,1.150000,-8.000000,-8.000000,30.000000,-11.930000,1.000000
2228.173096,-776.000000,-776.000000,1.320000,-14.000000,-14.000000,30.000000,-15.000000,1.000000
2228.177979,-784.000000,-784.000000,1.180000,-14.000000,-14.000000,30.000000,-15.000000,1.000000
2228.183105,-495.000000,-495.000000,0.540000,-18.000000,-20.000000,30.000000,-15.000000,1.000000
2228.187988,-281.000000,-281.000000,-0.100000,-18.000000,-20.000000,30.000000,-15.000000,1.000000
2228.193115,-99.000000,-99.000000,-1.030000,-24.000000,-26.000000,30.000000,-15.000000,1.000000
2228.197998,38.000000,38.000000,-1.660000,-24.000000,-26.000000,30.000000,-15.000000,1.000000
2228.202881,193.000000,193.000000,-2.550000,-28.000000,-28.000000,30.000000,-15.000000,1.000000
2228.208008,369.000000,369.000000,-3.640000,-28.000000,-28.000000,30.000000,-15.000000,1.000000
2228.212891,528.000000,528.000000,-4.890000,-28.000000,-28.000000,30.000000,-15.000000,1.000000
2228.218018,678.000000,678.000000,-6.530000,-28.000000,-28.000000,30.000000,-15.000000,1.000000
2228.222900,769.000000,769.000000,-7.620000,-20.000000,-20.000000,30.000000,-15.000000,1.000000
2228.228027,800.000000,800.000000,-9.370000,-20.000000,-20.000000,30.000000,-15.000000,1.000000
2228.232910,800.000000,800.000000,-10.810000,-16.000000,-18.000000,30.000000,-15.000000,1.000000
2228.238037,752.000000,752.000000,-11.830000,-16.000000,-18.000000,30.000000,-15.000000,1.000000
2228.242920,647.000000,647.000000,-12.680000,-8.000000,-10.000000,30.000000,-15.000000,1.000000
2228.248047,576.000000,576.000000,-13.540000,-8.000000,-10.000000,30.000000,-15.000000,1.000000
2228.252930,469.000000,469.000000,-14.200000,0.000000,0.000000,30.000000,-15.000000,1.000000
2228.258057,341.000000,341.000000,-14.720000,0.000000,0.000000,30.000000,-15.000000,1.000000
2228.262939,198.000000,198.000000,-14.800000,6.000000,6.000000,30.000000,-12.490000,1.000000
2228.268066,282.000000,282.000000,-15.160000,6.000000,6.000000,30.000000,-12.490000,1.000000
2228.272949,162.000000,162.000000,-15.080000,12.000000,10.000000,30.000000,-9.740000,1.000000
2228.278076,240.000000,240.000000,-14.940000,12.000000,10.000000,30.000000,-9.740000,1.000000
2228.282959,141.000000,141.000000,-14.430000,14.000000,12.000000,30.000000,-7.440000,1.000000
2228.288086,277.000000,277.000000,-14.150000,14.000000,12.000000,30.000000,-7.440000,1.000000
2228.292969,279.000000,279.000000,-13.760000,10.000000,12.000000,30.000000,-6.530000,1.000000
2228.298096,390.000000,390.000000,-13.830000,10.000000,12.000000,30.000000,-6.530000,1.000000
2228.302979,392.000000,392.000000,-13.580000,12.000000,12.000000,30.000000,-7.480000,1.000000
2228.308105,311.000000,311.000000,-13.340000,12.000000,12.000000,30.000000,-7.480000,1.000000
2228.312988,314.000000,314.000000,-13.110000,12.000000,10.000000,30.000000,-7.040000,1.000000
2228.318115,400.000000,400.000000,-13.140000,12.000000,10.000000,30.000000,-7.040000,1.000000
2228.322998,466.000000,466.000000,-13.460000,16.000000,14.000000,30.000000,-7.530000,1.000000
2228.327881,420.000000,420.000000,-13.600000,16.000000,14.000000,30.000000,-7.530000,1.000000
2228.333008,312.000000,312.000000,-13.280000,14.000000,14.000000,30.000000,-5.690000,1.000000
2228.337891,387.000000,387.000000,-13.190000,14.000000,14.000000,30.000000,-5.690000,1.000000
2228.343018,371.000000,371.000000,-12.870000,18.000000,18.000000,30.000000,-6.170000,1.000000
2228.347900,352.000000,352.000000,-12.950000,18.000000,18.000000,30.000000,-6.170000,1.000000
2228.353027,319.000000,319.000000,-12.840000,18.000000,18.000000,30.000000,-4.330000,1.000000
2228.357910,373.000000,373.000000,-12.520000,18.000000,18.000000,30.000000,-4.330000,1.000000
2228.363037,330.000000,330.000000,-12.280000,22.000000,22.000000,30.000000,-4.350000,1.000000
2228.367920,301.000000,301.000000,-11.980000,22.000000,22.000000,30.000000,-4.350000,1.000000
2228.373047,248.000000,248.000000,-11.490000,20.000000,18.000000,30.000000,-2.500000,1.000000
2228.377930,368.000000,368.000000,-11.340000,20.000000,18.000000,30.000000,-2.500000,1.000000
2228.383057,378.000000,378.000000,-11.120000,22.000000,22.000000,30.000000,-3.910000,1.000000
2228.387939,273.000000,273.000000,-10.960000,22.000000,22.000000,30.000000,-3.910000,1.000000
2228.393066,235.000000,235.000000,-10.560000,18.000000,18.000000,30.000000,-2.520000,1.000000
2228.397949,334.000000,334.000000,-10.390000,18.000000,18.000000,30.000000,-2.520000,1.000000
2228.403076,355.000000,355.000000,-10.310000,22.000000,24.000000,30.000000,-4.390000,1.000000
2228.407959,208.000000,208.000000,-10.130000,22.000000,24.000000,30.000000,-4.390000,1.000000
2228.413086,158.000000,158.000000,-9.770000,20.000000,20.000000,30.000000,-2.080000,1.000000
2228.417969,319.000000,319.000000,-9.690000,20.000000,20.000000,30.000000,-2.080000,1.000000
2228.423096,321.000000,321.000000,-9.420000,24.000000,24.000000,30.000000,-3.490000,1.000000
2228.427979,231.000000,231.000000,-9.340000,24.000000,24.000000,30.000000,-3.490000,1.000000
2228.433105,191.000000,191.000000,-8.960000,22.000000,20.000000,30.000000,-1.640000,1.000000
2228.437988,317.000000,317.000000,-8.870000,22.000000,20.000000,30.000000,-1.640000,1.000000
2228.443115,327.000000,327.000000,-8.690000,24.000000,24.000000,30.000000,-3.040000,1.000000
2228.447998,229.000000,229.000000,-8.580000,24.000000,24.000000,30.000000,-3.040000,1.000000
2228.452881,197.000000,197.000000,-8.190000,22.000000,20.000000,30.000000,-1.660000,1.000000
2228.458008,315.000000,315.000000,-8.160000,22.000000,20.000000,30.000000,-1.660000,1.000000
2228.462891,339.000000,339.000000,-8.090000,24.000000,24.000000,30.000000,-3.060000,1.000000
2228.468018,243.000000,243.000000,-8.030000,24.000000,24.000000,30.000000,-3.060000,1.000000
2228.472900,207.000000,207.000000,-7.730000,20.000000,20.000000,30.000000,-1.680000,1.000000
2228.478027,312.000000,312.000000,-7.740000,20.000000,20.000000,30.000000,-1.680000,1.000000
2228.482910,323.000000,323.000000,-7.570000,24.000000,22.000000,30.000000,-3.540000,1.000000
2228.488037,204.000000,204.000000,-7.500000,24.000000,22.000000,30.000000,-3.540000,1.000000
2228.492920,202.000000,202.000000,-7.290000,22.000000,22.000000,30.000000,-2.160000,1.000000
2228.498047,319.000000,319.000000,-7.340000,22.000000,22.000000,30.000000,-2.160000,1.000000
2228.502930,332.000000,332.000000,-7.300000,22.000000,24.000000,30.000000,-2.630000,1.000000
2228.508057,300.000000,300.000000,-7.320000,22.000000,24.000000,30.000000,-2.630000,1.000000
2228.512939,270.000000,270.000000,-7.050000,20.000000,18.000000,30.000000,-2.180000,1.000000
2228.518066,320.000000,320.000000,-7.140000,20.000000,18.000000,30.000000,-2.180000,1.000000
2228.522949,342.000000,342.000000,-7.120000,24.000000,24.000000,30.000000,-4.050000,1.000000
2228.528076,222.000000,222.000000,-7.120000,24.000000,24.000000,30.000000,-4.050000,1.000000
2228.532959,217.000000,217.000000,-6.970000,22.000000,20.000000,30.000000,-1.730000,1.000000
2228.538086,409.000000,409.000000,-7.200000,22.000000,20.000000,30.000000,-1.730000,1.000000
2228.542969,438.000000,438.000000,-7.310000,24.000000,24.000000,30.000000,-3.140000,1.000000
2228.548096,337.000000,337.000000,-7.360000,24.000000,24.000000,30.000000,-3.140000,1.000000
2228.552979,305.000000,305.000000,-7.180000,20.000000,20.000000,30.000000,-1.750000,1.000000
2228.558105,425.000000,425.000000,-7.390000,20.000000,20.000000,30.000000,-1.750000,1.000000
2228.562988,446.000000,446.000000,-7.430000,26.000000,24.000000,30.000000,-3.620000,1.000000
2228.568115,327.000000,327.000000,-7.560000,26.000000,24.000000,30.000000,-3.620000,1.000000
2228.572998,301.000000,301.000000,-7.560000,24.000000,22.000000,30.000000,-1.310000,1.000000
2228.577881,439.000000,439.000000,-7.570000,24.000000,22.000000,30.000000,-1.310000,1.000000
2228.583008,433.000000,433.000000,-7.550000,28.000000,28.000000,30.000000,-2.240000,1.000000
2228.587891,359.000000,359.000000,-7.570000,28.000000,28.000000,30.000000,-2.240000,1.000000
2228.593018,339.000000,339.000000,-7.510000,24.000000,24.000000,30.000000,0.070000,1.000000
2228.597900,494.000000,494.000000,-7.500000,24.000000,24.000000,30.000000,0.070000,1.000000
2228.603027,498.000000,498.000000,-7.470000,28.000000,26.000000,30.000000,-1.790000,1.000000
2228.607910,365.000000,365.000000,-7.480000,28.000000,26.000000,30.000000,-1.790000,1.000000
2228.613037,338.000000,338.000000,-7.340000,26.000000,24.000000,30.000000,-0.400000,1.000000
2228.617920,433.000000,433.000000,-7.330000,26.000000,24.000000,30.000000,-0.400000,1.000000
2228.623047,436.000000,436.000000,-7.220000,30.000000,28.000000,30.000000,-1.330000,1.000000
2228.627930,381.000000,381.000000,-7.290000,30.000000,28.000000,30.000000,-1.330000,1.000000
2228.633057,359.000000,359.000000,-7.150000,28.000000,26.000000,30.000000,0.520000,1.000000
2228.637939,458.000000,458.000000,-6.970000,28.000000,26.000000,30.000000,0.520000,1.000000
2228.643066,459.000000,459.000000,-6.920000,32.000000,30.000000,30.000000,-0.410000,1.000000
2228.647949,391.000000,391.000000,-6.810000,32.000000,30.000000,30.000000,-0.410000,1.000000
2228.653076,379.000000,379.000000,-6.650000,28.000000,26.000000,30.000000,1.450000,1.000000
2228.657959,523.000000,523.000000,-6.730000,28.000000,26.000000,30.000000,1.450000,1.000000
2228.663086,533.000000,533.000000,-6.630000,32.000000,32.000000,30.000000,-0.410000,1.000000
2228.667969,406.000000,406.000000,-6.580000,32.000000,32.000000,30.000000,-0.410000,1.000000
2228.673096,397.000000,397.000000,-6.490000,28.000000,28.000000,30.000000,1.910000,1.000000
2228.677979,570.000000,570.000000,-6.550000,28.000000,28.000000,30.000000,1.910000,1.000000
2228.683105,591.000000,591.000000,-6.610000,32.000000,32.000000,30.000000,0.050000,1.000000
2228.687988,470.000000,470.000000,-6.780000,32.000000,32.000000,30.000000,0.050000,1.000000
2228.693115,422.000000,422.000000,-6.550000,30.000000,30.000000,30.000000,1.910000,1.000000
2228.697998,528.000000,528.000000,-6.490000,30.000000,30.000000,30.000000,1.910000,1.000000
2228.702881,532.000000,532.000000,-6.470000,34.000000,32.000000,30.000000,0.980000,1.000000
2228.708008,480.000000,480.000000,-6.580000,34.000000,32.000000,30.000000,0.980000,1.000000
2228.712891,438.000000,438.000000,-6.370000,34.000000,32.000000,30.000000,2.380000,1.000000
2228.718018,489.000000,489.000000,-6.250000,34.000000,32.000000,30.000000,2.380000,1.000000
2228.722900,472.000000,472.000000,-6.190000,36.000000,36.000000,30.000000,2.380000,1.000000
2228.728027,453.000000,453.000000,-6.060000,36.000000,36.000000,30.000000,2.380000,1.000000
2228.732910,415.000000,415.000000,-5.770000,34.000000,34.000000,30.000000,3.780000,1.000000
2228.738037,500.000000,500.000000,-5.600000,34.000000,34.000000,30.000000,3.780000,1.000000
2228.742920,501.000000,501.000000,-5.460000,36.000000,36.000000,30.000000,2.850000,1.000000
2228.748047,413.000000,413.000000,-5.180000,36.000000,36.000000,30.000000,2.850000,1.000000
2228.752930,403.000000,403.000000,-4.900000,34.000000,32.000000,30.000000,3.790000,1.000000
2228.758057,502.000000,502.000000,-4.850000,34.000000,32.000000,30.000000,3.790000,1.000000
2228.762939,533.000000,533.000000,-4.850000,36.000000,36.000000,30.000000,2.400000,1.000000
2228.768066,440.000000,440.000000,-4.810000,36.000000,36.000000,30.000000,2.400000,1.000000
2228.772949,428.000000,428.000000,-4.700000,34.000000,32.000000,30.000000,3.800000,1.000000
2228.778076,528.000000,528.000000,-4.710000,34.000000,32.000000,30.000000,3.800000,1.000000
2228.782959,530.000000,530.000000,-4.630000,36.000000,36.000000,30.000000,2.410000,1.000000
2228.788086,434.000000,434.000000,-4.560000,36.000000,36.000000,30.000000,2.410000,1.000000
2228.792969,429.000000,429.000000,-4.490000,34.000000,36.000000,30.000000,3.810000,1.000000
2228.798096,528.000000,528.000000,-4.470000,34.000000,36.000000,30.000000,3.810000,1.000000
2228.802979,538.000000,538.000000,-4.480000,36.000000,36.000000,30.000000,3.350000,1.000000
2228.808105,506.000000,506.000000,-4.500000,36.000000,36.000000,30.000000,3.350000,1.000000
2228.812988,464.000000,464.000000,-4.230000,34.000000,34.000000,30.000000,3.820000,1.000000
2228.818115,487.000000,487.000000,-4.190000,34.000000,34.000000,30.000000,3.820000,1.000000
2228.822998,501.000000,501.000000,-4.140000,38.000000,38.000000,30.000000,2.900000,1.000000
2228.827881,445.000000,445.000000,-4.080000,38.000000,38.000000,30.000000,2.900000,1.000000
2228.833008,444.000000,444.000000,-3.930000,36.000000,36.000000,30.000000,4.770000,1.000000
2228.837891,586.000000,586.000000,-3.950000,36.000000,36.000000,30.000000,4.770000,1.000000
2228.843018,602.000000,602.000000,-4.020000,38.000000,38.000000,30.000000,3.850000,1.000000
2228.847900,527.000000,527.000000,-3.970000,38.000000,38.000000,30.000000,3.850000,1.000000
2228.853027,497.000000,497.000000,-3.790000,34.000000,34.000000,30.000000,4.780000,1.000000
2228.857910,567.000000,567.000000,-3.690000,34.000000,34.000000,30.000000,4.780000,1.000000
2228.863037,575.000000,575.000000,-3.620000,38.000000,38.000000,30.000000,2.930000,1.000000
2228.867920,466.000000,466.000000,-3.770000,38.000000,38.000000,30.000000,2.930000,1.000000
2228.873047,450.000000,450.000000,-3.550000,36.000000,38.000000,30.000000,4.800000,1.000000
2228.877930,610.000000,610.000000,-3.700000,36.000000,38.000000,30.000000,4.800000,1.000000
2228.883057,635.000000,635.000000,-3.910000,38.000000,40.000000,30.000000,4.340000,1.000000
2228.887939,587.000000,587.000000,-3.900000,38.000000,40.000000,30.000000,4.340000,1.000000
2228.893066,535.000000,535.000000,-3.750000,38.000000,38.000000,30.000000,5.280000,1.000000
2228.897949,582.000000,582.000000,-3.720000,38.000000,38.000000,30.000000,5.280000,1.000000
2228.903076,581.000000,581.000000,-3.600000,40.000000,40.000000,30.000000,4.830000,1.000000
2228.907959,569.000000,569.000000,-3.730000,40.000000,40.000000,30.000000,4.830000,1.000000
2228.913086,558.000000,558.000000,-3.530000,42.000000,40.000000,30.000000,5.770000,1.000000
2228.917969,612.000000,612.000000,-3.540000,42.000000,40.000000,30.000000,5.770000,1.000000
2228.923096,607.000000,607.000000,-3.540000,40.000000,42.000000,30.000000,6.240000,1.000000
2228.927979,626.000000,626.000000,-3.490000,40.000000,42.000000,30.000000,6.240000,1.000000
2228.933105,604.000000,604.000000,-3.330000,40.000000,40.000000,30.000000,6.260000,1.000000
2228.937988,615.000000,615.000000,-3.300000,40.000000,40.000000,30.000000,6.260000,1.000000
2228.943115,624.000000,624.000000,-3.170000,80.000000,42.000000,30.000000,5.800000,1.000000
2228.947998,607.000000,607.000000,-3.260000,80.000000,42.000000,30.000000,5.800000,1.000000
2228.952881,590.000000,590.000000,-3.080000,40.000000,40.000000,30.000000,15.000000,1.000000
2228.958008,800.000000,800.000000,-3.000000,40.000000,40.000000,30.000000,15.000000,1.000000
2228.962891,800.000000,800.000000,-3.050000,42.000000,42.000000,30.000000,5.850000,1.000000
2228.968018,627.000000,627.000000,-3.220000,42.000000,42.000000,30.000000,5.850000,1.000000
2228.972900,598.000000,598.000000,-3.060000,42.000000,40.000000,30.000000,6.800000,1.000000
2228.978027,659.000000,659.000000,-3.080000,42.000000,40.000000,30.000000,6.800000,1.000000
2228.982910,663.000000,663.000000,-2.980000,42.000000,44.000000,30.000000,6.350000,1.000000
2228.988037,655.000000,655.000000,-3.110000,42.000000,44.000000,30.000000,6.350000,1.000000
2228.992920,659.000000,659.000000,-3.200000,42.000000,46.000000,30.000000,7.290000,1.000000
2228.998047,704.000000,704.000000,-3.330000,42.000000,46.000000,30.000000,7.290000,1.000000
2229.002930,652.000000,652.000000,-3.150000,46.000000,48.000000,30.000000,7.770000,1.000000
2229.008057,664.000000,664.000000,-3.150000,46.000000,48.000000,30.000000,7.770000,1.000000
2229.012939,624.000000,624.000000,-2.860000,44.000000,46.000000,30.000000,9.180000,1.000000
2229.018066,720.000000,720.000000,-2.790000,44.000000,46.000000,30.000000,9.180000,1.000000
2229.022949,730.000000,730.000000,-2.700000,46.000000,48.000000,30.000000,8.270000,1.000000
2229.028076,691.000000,691.000000,-2.790000,46.000000,48.000000,30.000000,8.270000,1.000000
2229.032959,665.000000,665.000000,-2.510000,46.000000,46.000000,30.000000,9.220000,1.000000
2229.038086,734.000000,734.000000,-2.440000,46.000000,46.000000,30.000000,9.220000,1.000000
2229.042969,750.000000,750.000000,-2.440000,46.000000,48.000000,30.000000,8.770000,1.000000
2229.048096,734.000000,734.000000,-2.530000,46.000000,48.000000,30.000000,8.770000,1.000000
2229.052979,700.000000,700.000000,-2.320000,46.000000,48.000000,30.000000,9.260000,1.000000
2229.058105,726.000000,726.000000,-2.420000,46.000000,48.000000,30.000000,9.260000,1.000000
2229.062988,703.000000,703.000000,-2.190000,48.000000,50.000000,30.000000,9.280000,1.000000
2229.068115,701.000000,701.000000,-2.280000,48.000000,50.000000,30.000000,9.280000,1.000000
2229.072998,701.000000,701.000000,-2.010000,48.000000,50.000000,30.000000,10.230000,1.000000
2229.077881,658.000000,658.000000,-1.800000,48.000000,50.000000,30.000000,10.230000,1.000000
2229.083008,691.000000,691.000000,-1.660000,50.000000,52.000000,30.000000,10.250000,1.000000
2229.087891,683.000000,683.000000,-1.660000,50.000000,52.000000,30.000000,10.250000,1.000000
2229.093018,688.000000,688.000000,-1.310000,50.000000,50.000000,30.000000,11.210000,1.000000
2229.097900,650.000000,650.000000,-1.280000,50.000000,50.000000,30.000000,11.210000,1.000000
2229.103027,707.000000,707.000000,-1.020000,50.000000,52.000000,30.000000,10.770000,1.000000
2229.107910,697.000000,697.000000,-1.010000,50.000000,52.000000,30.000000,10.770000,1.000000
2229.113037,668.000000,668.000000,-0.680000,48.000000,50.000000,30.000000,11.250000,1.000000
2229.117920,634.000000,634.000000,-0.640000,48.000000,50.000000,30.000000,11.250000,1.000000
2229.123047,660.000000,660.000000,-0.430000,50.000000,50.000000,30.000000,10.350000,1.000000
2229.127930,664.000000,664.000000,-0.510000,50.000000,50.000000,30.000000,10.350000,1.000000
2229.133057,617.000000,617.000000,-0.150000,48.000000,52.000000,30.000000,10.840000,1.000000
2229.137939,585.000000,585.000000,-0.160000,48.000000,52.000000,30.000000,10.840000,1.000000
2229.143066,615.000000,615.000000,-0.030000,50.000000,52.000000,30.000000,10.860000,1.000000
2229.147949,613.000000,613.000000,0.010000,50.000000,52.000000,30.000000,10.860000,1.000000
2229.153076,614.000000,614.000000,0.280000,50.000000,50.000000,30.000000,11.350000,1.000000
2229.157959,584.000000,584.000000,0.460000,50.000000,50.000000,30.000000,11.350000,1.000000
2229.163086,604.000000,604.000000,0.660000,52.000000,50.000000,30.000000,10.910000,1.000000
2229.167969,601.000000,601.000000,0.700000,52.000000,50.000000,30.000000,10.910000,1.000000
2229.173096,578.000000,578.000000,0.910000,48.000000,50.000000,30.000000,11.400000,1.000000
2229.177979,571.000000,571.000000,0.950000,48.000000,50.000000,30.000000,11.400000,1.000000
2229.183105,609.000000,609.000000,1.010000,50.000000,50.000000,30.000000,10.490000,1.000000
2229.187988,619.000000,619.000000,0.990000,50.000000,50.000000,30.000000,10.490000,1.000000
2229.193115,566.000000,566.000000,1.270000,48.000000,48.000000,30.000000,10.980000,1.000000
2229.197998,540.000000,540.000000,1.270000,48.000000,48.000000,30.000000,10.980000,1.000000
2229.202881,585.000000,585.000000,1.330000,50.000000,48.000000,30.000000,10.080000,1.000000
2229.208008,598.000000,598.000000,1.240000,50.000000,48.000000,30.000000,10.080000,1.000000
2229.212891,551.000000,551.000000,1.410000,48.000000,46.000000,30.000000,10.560000,1.000000
2229.218018,541.000000,541.000000,1.420000,48.000000,46.000000,30.000000,10.560000,1.000000
2229.222900,594.000000,594.000000,1.420000,48.000000,50.000000,30.000000,9.660000,1.000000
2229.228027,613.000000,613.000000,1.400000,48.000000,50.000000,30.000000,9.660000,1.000000
2229.232910,559.000000,559.000000,1.540000,46.000000,46.000000,30.000000,10.610000,1.000000
2229.238037,549.000000,549.000000,1.520000,46.000000,46.000000,30.000000,10.610000,1.000000
2229.242920,627.000000,627.000000,1.400000,48.000000,48.000000,30.000000,9.230000,1.000000
2229.248047,653.000000,653.000000,1.360000,48.000000,48.000000,30.000000,9.230000,1.000000
2229.252930,566.000000,566.000000,1.500000,46.000000,46.000000,30.000000,10.180000,1.000000
2229.258057,556.000000,556.000000,1.340000,46.000000,46.000000,30.000000,10.180000,1.000000
2229.262939,653.000000,653.000000,1.280000,48.000000,48.000000,30.000000,9.270000,1.000000
2229.268066,685.000000,685.000000,1.020000,48.000000,48.000000,30.000000,9.270000,1.000000
2229.272949,645.000000,645.000000,1.130000,46.000000,46.000000,30.000000,10.220000,1.000000
2229.278076,625.000000,625.000000,1.050000,46.000000,46.000000,30.000000,10.220000,1.000000
2229.282959,695.000000,695.000000,0.910000,48.000000,48.000000,30.000000,9.320000,1.000000
2229.288086,716.000000,716.000000,0.670000,48.000000,48.000000,30.000000,9.320000,1.000000
2229.292969,671.000000,671.000000,0.840000,48.000000,46.000000,30.000000,10.260000,1.000000
2229.298096,632.000000,632.000000,0.670000,48.000000,46.000000,30.000000,10.260000,1.000000
2229.302979,696.000000,696.000000,0.710000,48.000000,48.000000,30.000000,9.820000,1.000000
2229.308105,696.000000,696.000000,0.460000,48.000000,48.000000,30.000000,9.820000,1.000000
2229.312988,684.000000,684.000000,0.590000,50.000000,48.000000,30.000000,10.310000,1.000000
2229.318115,652.000000,652.000000,0.550000,50.000000,48.000000,30.000000,10.310000,1.000000
2229.322998,660.000000,660.000000,0.630000,50.000000,48.000000,30.000000,10.790000,1.000000
2229.327881,640.000000,640.000000,0.490000,50.000000,48.000000,30.000000,10.790000,1.000000
2229.333008,678.000000,678.000000,0.620000,50.000000,48.000000,30.000000,10.820000,1.000000
2229.337891,660.000000,660.000000,0.590000,50.000000,48.000000,30.000000,10.820000,1.000000
2229.343018,651.000000,651.000000,0.690000,52.000000,50.000000,30.000000,10.840000,1.000000
2229.347900,648.000000,648.000000,0.650000,52.000000,50.000000,30.000000,10.840000,1.000000
2229.353027,655.000000,655.000000,0.860000,50.000000,48.000000,30.000000,11.790000,1.000000
2229.357910,637.000000,637.000000,0.880000,50.000000,48.000000,30.000000,11.790000,1.000000
2229.363037,706.000000,706.000000,0.900000,50.000000,50.000000,30.000000,10.890000,1.000000
2229.367920,717.000000,717.000000,0.860000,50.000000,50.000000,30.000000,10.890000,1.000000
2229.373047,667.000000,667.000000,1.050000,48.000000,48.000000,30.000000,11.370000,1.000000
2229.377930,650.000000,650.000000,0.940000,48.000000,48.000000,30.000000,11.370000,1.000000
2229.383057,703.000000,703.000000,1.030000,48.000000,50.000000,30.000000,10.470000,1.000000
2229.387939,709.000000,709.000000,0.930000,48.000000,50.000000,30.000000,10.470000,1.000000
2229.393066,661.000000,661.000000,1.060000,50.000000,50.000000,30.000000,10.960000,1.000000
2229.397949,640.000000,640.000000,0.930000,50.000000,50.000000,30.000000,10.960000,1.000000
2229.403076,667.000000,667.000000,1.020000,50.000000,50.000000,30.000000,11.440000,1.000000
2229.407959,649.000000,649.000000,0.990000,50.000000,50.000000,30.000000,11.440000,1.000000
2229.413086,671.000000,671.000000,1.250000,52.000000,50.000000,30.000000,11.470000,1.000000
2229.417969,637.000000,637.000000,1.230000,52.000000,50.000000,30.000000,11.470000,1.000000
2229.423096,645.000000,645.000000,1.310000,52.000000,50.000000,30.000000,11.960000,1.000000
2229.427979,655.000000,655.000000,1.250000,52.000000,50.000000,30.000000,11.960000,1.000000
2229.433105,697.000000,697.000000,1.450000,48.000000,50.000000,30.000000,11.980000,1.000000
2229.437988,681.000000,681.000000,1.470000,48.000000,50.000000,30.000000,11.980000,1.000000
2229.443115,694.000000,694.000000,1.400000,52.000000,50.000000,30.000000,11.080000,1.000000
2229.447998,717.000000,717.000000,1.280000,52.000000,50.000000,30.000000,11.080000,1.000000
2229.452881,670.000000,670.000000,1.490000,50.000000,48.000000,30.000000,12.030000,1.000000
2229.458008,645.000000,645.000000,1.370000,50.000000,48.000000,30.000000,12.030000,1.000000
2229.462891,726.000000,726.000000,1.410000,50.000000,50.000000,30.000000,11.120000,1.000000
2229.468018,736.000000,736.000000,1.250000,50.000000,50.000000,30.000000,11.120000,1.000000
2229.472900,691.000000,691.000000,1.500000,50.000000,50.000000,30.000000,11.610000,1.000000
2229.478027,663.000000,663.000000,1.380000,50.000000,50.000000,30.000000,11.610000,1.000000
2229.482910,699.000000,699.000000,1.340000,50.000000,52.000000,30.000000,11.640000,1.000000
2229.488037,709.000000,709.000000,1.260000,50.000000,52.000000,30.000000,11.640000,1.000000
2229.492920,712.000000,712.000000,1.370000,52.000000,50.000000,30.000000,12.130000,1.000000
2229.498047,684.000000,684.000000,1.320000,52.000000,50.000000,30.000000,12.130000,1.000000
2229.502930,713.000000,713.000000,1.440000,52.000000,52.000000,30.000000,12.150000,1.000000
2229.508057,705.000000,705.000000,1.390000,52.000000,52.000000,30.000000,12.150000,1.000000
2229.512939,711.000000,711.000000,1.650000,52.000000,52.000000,30.000000,12.640000,1.000000
2229.518066,682.000000,682.000000,1.620000,52.000000,52.000000,30.000000,12.640000,1.000000
2229.522949,723.000000,723.000000,1.690000,50.000000,52.000000,30.000000,12.670000,1.000000
2229.528076,730.000000,730.000000,1.650000,50.000000,52.000000,30.000000,12.670000,1.000000
2229.532959,747.000000,747.000000,1.930000,50.000000,52.000000,30.000000,12.230000,1.000000
2229.538086,725.000000,725.000000,1.810000,50.000000,52.000000,30.000000,12.230000,1.000000
2229.542969,710.000000,710.000000,1.850000,52.000000,54.000000,30.000000,12.250000,1.000000
2229.548096,722.000000,722.000000,1.820000,52.000000,54.000000,30.000000,12.250000,1.000000
2229.552979,729.000000,729.000000,1.870000,52.000000,52.000000,30.000000,13.210000,1.000000
2229.558105,717.000000,717.000000,1.800000,52.000000,52.000000,30.000000,13.210000,1.000000
2229.562988,785.000000,785.000000,1.820000,50.000000,52.000000,30.000000,12.770000,1.000000
2229.568115,783.000000,783.000000,1.730000,50.000000,52.000000,30.000000,12.770000,1.000000
2229.572998,756.000000,756.000000,1.850000,50.000000,52.000000,30.000000,12.330000,1.000000
2229.577881,738.000000,738.000000,1.750000,50.000000,52.000000,30.000000,12.330000,1.000000
2229.583008,707.000000,707.000000,1.840000,52.000000,54.000000,30.000000,12.360000,1.000000
2229.587891,701.000000,701.000000,1.850000,52.000000,54.000000,30.000000,12.360000,1.000000
2229.593018,704.000000,704.000000,1.960000,50.000000,56.000000,30.000000,13.310000,1.000000
2229.597900,695.000000,695.000000,1.870000,50.000000,56.000000,30.000000,13.310000,1.000000
2229.603027,763.000000,763.000000,1.960000,52.000000,54.000000,30.000000,13.340000,1.000000
2229.607910,749.000000,749.000000,1.940000,52.000000,54.000000,30.000000,13.340000,1.000000
2229.613037,748.000000,748.000000,2.080000,50.000000,54.000000,30.000000,13.370000,1.000000
2229.617920,734.000000,734.000000,2.020000,50.000000,54.000000,30.000000,13.370000,1.000000
2229.623047,745.000000,745.000000,2.000000,52.000000,54.000000,30.000000,12.930000,1.000000
2229.627930,764.000000,764.000000,1.920000,52.000000,54.000000,30.000000,12.930000,1.000000
2229.633057,745.000000,745.000000,1.950000,52.000000,54.000000,30.000000,13.420000,1.000000
2229.637939,741.000000,741.000000,1.830000,52.000000,54.000000,30.000000,13.420000,1.000000
2229.643066,781.000000,781.000000,1.950000,52.000000,54.000000,30.000000,13.450000,1.000000
2229.647949,766.000000,766.000000,1.900000,52.000000,54.000000,30.000000,13.450000,1.000000
2229.653076,768.000000,768.000000,1.990000,52.000000,56.000000,30.000000,13.480000,1.000000
2229.657959,760.000000,760.000000,1.940000,52.000000,56.000000,30.000000,13.480000,1.000000
2229.663086,756.000000,756.000000,2.080000,52.000000,54.000000,30.000000,13.970000,1.000000
2229.667969,736.000000,736.000000,2.080000,52.000000,54.000000,30.000000,13.970000,1.000000
2229.673096,769.000000,769.000000,2.110000,50.000000,56.000000,30.000000,13.530000,1.000000
2229.677979,770.000000,770.000000,2.070000,50.000000,56.000000,30.000000,13.530000,1.000000
2229.683105,743.000000,743.000000,2.220000,52.000000,56.000000,30.000000,13.560000,1.000000
2229.687988,724.000000,724.000000,2.140000,52.000000,56.000000,30.000000,13.560000,1.000000
2229.693115,729.000000,729.000000,2.320000,50.000000,56.000000,30.000000,14.050000,1.000000
2229.697998,713.000000,713.000000,2.260000,50.000000,56.000000,30.000000,14.050000,1.000000
2229.702881,752.000000,752.000000,2.330000,52.000000,56.000000,30.000000,13.620000,1.000000
2229.708008,748.000000,748.000000,2.410000,52.000000,56.000000,30.000000,13.620000,1.000000
2229.712891,710.000000,710.000000,2.620000,50.000000,56.000000,30.000000,14.110000,1.000000
2229.718018,691.000000,691.000000,2.550000,50.000000,56.000000,30.000000,14.110000,1.000000
2229.722900,738.000000,738.000000,2.690000,50.000000,54.000000,30.000000,13.670000,1.000000
2229.728027,726.000000,726.000000,2.760000,50.000000,54.000000,30.000000,13.670000,1.000000
2229.732910,685.000000,685.000000,2.940000,50.000000,54.000000,30.000000,13.240000,1.000000
2229.738037,670.000000,670.000000,2.840000,50.000000,54.000000,30.000000,13.240000,1.000000
2229.742920,651.000000,651.000000,3.010000,50.000000,56.000000,30.000000,13.260000,1.000000
2229.748047,645.000000,645.000000,3.040000,50.000000,56.000000,30.000000,13.260000,1.000000
2229.752930,640.000000,640.000000,3.240000,52.000000,56.000000,30.000000,13.760000,1.000000
2229.758057,625.000000,625.000000,3.180000,52.000000,56.000000,30.000000,13.760000,1.000000
2229.762939,669.000000,669.000000,3.240000,52.000000,56.000000,30.000000,14.250000,1.000000
2229.768066,670.000000,670.000000,3.240000,52.000000,56.000000,30.000000,14.250000,1.000000
2229.772949,698.000000,698.000000,3.510000,50.000000,52.000000,30.000000,14.280000,1.000000
2229.778076,668.000000,668.000000,3.550000,50.000000,52.000000,30.000000,14.280000,1.000000
2229.782959,666.000000,666.000000,3.540000,50.000000,54.000000,30.000000,12.910000,1.000000
2229.788086,677.000000,677.000000,3.580000,50.000000,54.000000,30.000000,12.910000,1.000000
2229.792969,580.000000,580.000000,3.810000,50.000000,52.000000,30.000000,13.400000,1.000000
2229.798096,555.000000,555.000000,3.790000,50.000000,52.000000,30.000000,13.400000,1.000000
2229.802979,605.000000,605.000000,3.830000,52.000000,54.000000,30.000000,12.960000,1.000000
2229.808105,621.000000,621.000000,3.810000,52.000000,54.000000,30.000000,12.960000,1.000000
2229.812988,594.000000,594.000000,3.990000,52.000000,52.000000,30.000000,13.920000,1.000000
2229.818115,567.000000,567.000000,3.960000,52.000000,52.000000,30.000000,13.920000,1.000000
2229.822998,637.000000,637.000000,3.950000,50.000000,52.000000,30.000000,13.480000,1.000000
2229.827881,644.000000,644.000000,3.980000,50.000000,52.000000,30.000000,13.480000,1.000000
2229.833008,608.000000,608.000000,4.230000,50.000000,50.000000,30.000000,13.040000,1.000000
2229.837891,584.000000,584.000000,4.170000,50.000000,50.000000,30.000000,13.040000,1.000000
2229.843018,569.000000,569.000000,4.170000,50.000000,52.000000,30.000000,12.600000,1.000000
2229.847900,582.000000,582.000000,4.130000,50.000000,52.000000,30.000000,12.600000,1.000000
2229.853027,554.000000,554.000000,4.300000,50.000000,50.000000,30.000000,13.090000,1.000000
2229.857910,534.000000,534.000000,4.250000,50.000000,50.000000,30.000000,13.090000,1.000000
2229.863037,587.000000,587.000000,4.200000,50.000000,50.000000,30.000000,12.650000,1.000000
2229.867920,605.000000,605.000000,4.220000,50.000000,50.000000,30.000000,12.650000,1.000000
2229.873047,571.000000,571.000000,4.340000,48.000000,48.000000,30.000000,12.670000,1.000000
2229.877930,560.000000,560.000000,4.280000,48.000000,48.000000,30.000000,12.670000,1.000000
2229.883057,582.000000,582.000000,4.250000,50.000000,50.000000,30.000000,11.770000,1.000000
2229.887939,598.000000,598.000000,4.120000,50.000000,50.000000,30.000000,11.770000,1.000000
2229.893066,547.000000,547.000000,4.270000,46.000000,48.000000,30.000000,12.720000,1.000000
2229.897949,542.000000,542.000000,4.140000,46.000000,48.000000,30.000000,12.720000,1.000000
2229.903076,640.000000,640.000000,4.020000,50.000000,48.000000,30.000000,11.350000,1.000000
2229.907959,670.000000,670.000000,3.920000,50.000000,48.000000,30.000000,11.350000,1.000000
2229.913086,590.000000,590.000000,3.940000,48.000000,48.000000,30.000000,12.300000,1.000000
2229.917969,591.000000,591.000000,3.770000,48.000000,48.000000,30.000000,12.300000,1.000000
2229.923096,686.000000,686.000000,3.620000,48.000000,48.000000,30.000000,11.860000,1.000000
2229.927979,712.000000,712.000000,3.380000,48.000000,48.000000,30.000000,11.860000,1.000000
2229.933105,701.000000,701.000000,3.450000,48.000000,48.000000,30.000000,11.880000,1.000000
2229.937988,681.000000,681.000000,3.330000,48.000000,48.000000,30.000000,11.880000,1.000000
2229.943115,683.000000,683.000000,3.160000,50.000000,50.000000,30.000000,11.900000,1.000000
2229.947998,694.000000,694.000000,2.850000,50.000000,50.000000,30.000000,11.900000,1.000000
2229.952881,708.000000,708.000000,3.010000,48.000000,48.000000,30.000000,12.850000,1.000000
2229.958008,668.000000,668.000000,2.850000,48.000000,48.000000,30.000000,12.850000,1.000000
2229.962891,726.000000,726.000000,2.890000,50.000000,50.000000,30.000000,11.950000,1.000000
2229.968018,719.000000,719.000000,2.800000,50.000000,50.000000,30.000000,11.950000,1.000000
2229.972900,652.000000,652.000000,2.950000,48.000000,50.000000,30.000000,12.900000,1.000000
2229.978027,625.000000,625.000000,2.850000,48.000000,50.000000,30.000000,12.900000,1.000000
2229.982910,697.000000,697.000000,2.960000,50.000000,50.000000,30.000000,12.460000,1.000000
2229.988037,692.000000,692.000000,2.790000,50.000000,50.000000,30.000000,12.460000,1.000000
2229.992920,668.000000,668.000000,3.120000,50.000000,50.000000,30.000000,12.940000,1.000000
2229.998047,631.000000,631.000000,3.030000,50.000000,50.000000,30.000000,12.940000,1.000000
2230.002930,672.000000,672.000000,3.140000,50.000000,50.000000,30.000000,12.970000,1.000000
2230.008057,665.000000,665.000000,3.110000,50.000000,50.000000,30.000000,12.970000,1.000000
2230.012939,662.000000,662.000000,3.310000,52.000000,52.000000,30.000000,12.990000,1.000000
2230.018066,633.000000,633.000000,3.250000,52.000000,52.000000,30.000000,12.990000,1.000000
2230.022949,642.000000,642.000000,3.220000,52.000000,52.000000,30.000000,13.950000,1.000000
2230.028076,655.000000,655.000000,3.210000,52.000000,52.000000,30.000000,13.950000,1.000000
2230.032959,727.000000,727.000000,3.340000,50.000000,50.000000,30.000000,13.970000,1.000000
2230.038086,711.000000,711.000000,3.260000,50.000000,50.000000,30.000000,13.970000,1.000000
2230.042969,723.000000,723.000000,3.260000,50.000000,52.000000,30.000000,13.070000,1.000000
2230.048096,734.000000,734.000000,3.150000,50.000000,52.000000,30.000000,13.070000,1.000000
2230.052979,678.000000,678.000000,3.430000,50.000000,50.000000,30.000000,13.560000,1.000000
2230.058105,641.000000,641.000000,3.390000,50.000000,50.000000,30.000000,13.560000,1.000000
2230.062988,676.000000,676.000000,3.420000,50.000000,50.000000,30.000000,13.120000,1.000000
2230.068115,683.000000,683.000000,3.380000,50.000000,50.000000,30.000000,13.120000,1.000000
2230.072998,657.000000,657.000000,3.570000,52.000000,52.000000,30.000000,13.140000,1.000000
2230.077881,633.000000,633.000000,3.520000,52.000000,52.000000,30.000000,13.140000,1.000000
2230.083008,638.000000,638.000000,3.570000,52.000000,52.000000,30.000000,14.100000,1.000000
2230.087891,634.000000,634.000000,3.470000,52.000000,52.000000,30.000000,14.100000,1.000000
2230.093018,694.000000,694.000000,3.720000,52.000000,52.000000,30.000000,14.120000,1.000000
2230.097900,650.000000,650.000000,3.770000,52.000000,52.000000,30.000000,14.120000,1.000000
2230.103027,639.000000,639.000000,3.850000,52.000000,52.000000,30.000000,14.150000,1.000000
2230.107910,641.000000,641.000000,3.890000,52.000000,52.000000,30.000000,14.150000,1.000000
2230.113037,640.000000,640.000000,4.080000,48.000000,50.000000,30.000000,14.180000,1.000000
2230.117920,624.000000,624.000000,4.000000,48.000000,50.000000,30.000000,14.180000,1.000000
2230.123047,645.000000,645.000000,4.050000,50.000000,52.000000,30.000000,12.810000,1.000000
2230.127930,654.000000,654.000000,4.030000,50.000000,52.000000,30.000000,12.810000,1.000000
2230.133057,561.000000,561.000000,4.230000,50.000000,50.000000,30.000000,13.760000,1.000000
2230.137939,541.000000,541.000000,4.170000,50.000000,50.000000,30.000000,13.760000,1.000000
2230.143066,617.000000,617.000000,4.220000,52.000000,52.000000,30.000000,13.320000,1.000000
2230.147949,621.000000,621.000000,4.180000,52.000000,52.000000,30.000000,13.320000,1.000000
2230.153076,590.000000,590.000000,4.320000,50.000000,50.000000,30.000000,14.270000,1.000000
2230.157959,571.000000,571.000000,4.300000,50.000000,50.000000,30.000000,14.270000,1.000000
2230.163086,642.000000,642.000000,4.320000,50.000000,50.000000,30.000000,13.370000,1.000000
2230.167969,650.000000,650.000000,4.270000,50.000000,50.000000,30.000000,13.370000,1.000000
2230.173096,587.000000,587.000000,4.520000,48.000000,48.000000,30.000000,13.390000,1.000000
2230.177979,556.000000,556.000000,4.550000,48.000000,48.000000,30.000000,13.390000,1.000000
2230.183105,558.000000,558.000000,4.500000,50.000000,48.000000,30.000000,12.490000,1.000000
2230.187988,569.000000,569.000000,4.480000,50.000000,48.000000,30.000000,12.490000,1.000000
2230.193115,504.000000,504.000000,4.700000,50.000000,48.000000,30.000000,12.980000,1.000000
2230.197998,476.000000,476.000000,4.540000,50.000000,48.000000,30.000000,12.980000,1.000000
2230.202881,527.000000,527.000000,4.670000,50.000000,48.000000,30.000000,13.000000,1.000000
2230.208008,524.000000,524.000000,4.720000,50.000000,48.000000,30.000000,13.000000,1.000000
2230.212891,512.000000,512.000000,4.900000,48.000000,48.000000,30.000000,13.020000,1.000000
2230.218018,502.000000,502.000000,4.930000,48.000000,48.000000,30.000000,13.020000,1.000000
2230.222900,526.000000,526.000000,4.860000,48.000000,48.000000,30.000000,12.580000,1.000000
2230.228027,550.000000,550.000000,4.940000,48.000000,48.000000,30.000000,12.580000,1.000000
2230.232910,516.000000,516.000000,5.040000,46.000000,44.000000,30.000000,12.600000,1.000000
2230.238037,516.000000,516.000000,4.890000,46.000000,44.000000,30.000000,12.600000,1.000000
2230.242920,561.000000,561.000000,4.850000,46.000000,46.000000,30.000000,11.230000,1.000000
2230.248047,587.000000,587.000000,4.950000,46.000000,46.000000,30.000000,11.230000,1.000000
2230.252930,489.000000,489.000000,4.930000,44.000000,44.000000,30.000000,11.710000,1.000000
2230.258057,508.000000,508.000000,4.740000,44.000000,44.000000,30.000000,11.710000,1.000000
2230.262939,588.000000,588.000000,4.570000,46.000000,46.000000,30.000000,10.800000,1.000000
2230.268066,621.000000,621.000000,4.400000,46.000000,46.000000,30.000000,10.800000,1.000000
2230.272949,575.000000,575.000000,4.380000,42.000000,44.000000,30.000000,11.750000,1.000000
2230.278076,585.000000,585.000000,4.130000,42.000000,44.000000,30.000000,11.750000,1.000000
2230.282959,689.000000,689.000000,3.760000,44.000000,44.000000,30.000000,10.370000,1.000000
2230.288086,733.000000,733.000000,3.490000,44.000000,44.000000,30.000000,10.370000,1.000000
2230.292969,645.000000,645.000000,3.510000,44.000000,44.000000,30.000000,10.850000,1.000000
2230.298096,610.000000,610.000000,3.400000,44.000000,44.000000,30.000000,10.850000,1.000000
2230.302979,622.000000,622.000000,3.310000,44.000000,46.000000,30.000000,10.870000,1.000000
2230.308105,619.000000,619.000000,3.100000,44.000000,46.000000,30.000000,10.870000,1.000000
2230.312988,623.000000,623.000000,3.180000,46.000000,46.000000,30.000000,11.350000,1.000000
2230.318115,598.000000,598.000000,2.880000,46.000000,46.000000,30.000000,11.350000,1.000000
2230.322998,636.000000,636.000000,2.910000,46.000000,46.000000,30.000000,11.830000,1.000000
2230.327881,610.000000,610.000000,2.790000,46.000000,46.000000,30.000000,11.830000,1.000000
2230.333008,620.000000,620.000000,3.030000,44.000000,46.000000,30.000000,11.850000,1.000000
2230.337891,573.000000,573.000000,3.040000,44.000000,46.000000,30.000000,11.850000,1.000000
2230.343018,570.000000,570.000000,3.070000,46.000000,46.000000,30.000000,11.410000,1.000000
2230.347900,577.000000,577.000000,3.090000,46.000000,46.000000,30.000000,11.410000,1.000000
2230.353027,543.000000,543.000000,3.210000,44.000000,46.000000,30.000000,11.890000,1.000000
2230.357910,537.000000,537.000000,3.120000,44.000000,46.000000,30.000000,11.890000,1.000000
2230.363037,595.000000,595.000000,3.080000,46.000000,46.000000,30.000000,11.440000,1.000000
2230.367920,612.000000,612.000000,3.130000,46.000000,46.000000,30.000000,11.440000,1.000000
2230.373047,576.000000,576.000000,3.270000,44.000000,44.000000,30.000000,11.930000,1.000000
2230.377930,563.000000,563.000000,3.230000,44.000000,44.000000,30.000000,11.930000,1.000000
2230.383057,615.000000,615.000000,3.180000,44.000000,46.000000,30.000000,11.010000,1.000000
2230.387939,631.000000,631.000000,3.000000,44.000000,46.000000,30.000000,11.010000,1.000000
2230.393066,582.000000,582.000000,3.220000,44.000000,46.000000,30.000000,11.500000,1.000000
2230.397949,556.000000,556.000000,3.030000,44.000000,46.000000,30.000000,11.500000,1.000000
2230.403076,601.000000,601.000000,2.970000,44.000000,46.000000,30.000000,11.510000,1.000000
2230.407959,609.000000,609.000000,2.940000,44.000000,46.000000,30.000000,11.510000,1.000000
2230.413086,606.000000,606.000000,3.110000,46.000000,46.000000,30.000000,11.530000,1.000000
2230.417969,588.000000,588.000000,3.000000,46.000000,46.000000,30.000000,11.530000,1.000000
2230.423096,617.000000,617.000000,3.000000,46.000000,46.000000,30.000000,12.020000,1.000000
2230.427979,630.000000,630.000000,2.830000,46.000000,46.000000,30.000000,12.020000,1.000000
2230.433105,675.000000,675.000000,2.940000,44.000000,44.000000,30.000000,12.030000,1.000000
2230.437988,647.000000,647.000000,2.880000,44.000000,44.000000,30.000000,12.030000,1.000000
2230.443115,650.000000,650.000000,2.860000,44.000000,46.000000,30.000000,11.120000,1.000000
2230.447998,655.000000,655.000000,2.720000,44.000000,46.000000,30.000000,11.120000,1.000000
2230.452881,599.000000,599.000000,2.930000,44.000000,46.000000,30.000000,11.610000,1.000000
2230.458008,578.000000,578.000000,2.820000,44.000000,46.000000,30.000000,11.610000,1.000000
2230.462891,628.000000,628.000000,2.730000,46.000000,46.000000,30.000000,11.620000,1.000000
2230.468018,642.000000,642.000000,2.600000,46.000000,46.000000,30.000000,11.620000,1.000000
2230.472900,645.000000,645.000000,2.810000,46.000000,46.000000,30.000000,12.110000,1.000000
2230.478027,599.000000,599.000000,2.710000,46.000000,46.000000,30.000000,12.110000,1.000000
2230.482910,629.000000,629.000000,2.730000,46.000000,48.000000,30.000000,12.130000,1.000000
2230.488037,632.000000,632.000000,2.710000,46.000000,48.000000,30.000000,12.130000,1.000000
2230.492920,629.000000,629.000000,2.910000,44.000000,46.000000,30.000000,12.610000,1.000000
2230.498047,604.000000,604.000000,2.820000,44.000000,46.000000,30.000000,12.610000,1.000000
2230.502930,648.000000,648.000000,2.770000,46.000000,48.000000,30.000000,11.700000,1.000000
2230.508057,657.000000,657.000000,2.670000,46.000000,48.000000,30.000000,11.700000,1.000000
2230.512939,597.000000,597.000000,2.870000,44.000000,46.000000,30.000000,12.650000,1.000000
2230.518066,571.000000,571.000000,2.810000,44.000000,46.000000,30.000000,12.650000,1.000000
2230.522949,647.000000,647.000000,2.800000,46.000000,48.000000,30.000000,11.740000,1.000000
2230.528076,657.000000,657.000000,2.720000,46.000000,48.000000,30.000000,11.740000,1.000000
2230.532959,595.000000,595.000000,3.000000,46.000000,46.000000,30.000000,12.690000,1.000000
2230.538086,558.000000,558.000000,2.910000,46.000000,46.000000,30.000000,12.690000,1.000000
2230.542969,627.000000,627.000000,3.000000,48.000000,48.000000,30.000000,12.240000,1.000000
2230.548096,627.000000,627.000000,2.940000,48.000000,48.000000,30.000000,12.240000,1.000000
2230.552979,593.000000,593.000000,3.180000,46.000000,46.000000,30.000000,13.190000,1.000000
2230.558105,557.000000,557.000000,3.200000,46.000000,46.000000,30.000000,13.190000,1.000000
2230.562988,616.000000,616.000000,3.220000,46.000000,48.000000,30.000000,12.280000,1.000000
2230.568115,618.000000,618.000000,3.220000,46.000000,48.000000,30.000000,12.280000,1.000000
2230.572998,549.000000,549.000000,3.540000,46.000000,46.000000,30.000000,12.770000,1.000000
2230.577881,515.000000,515.000000,3.510000,46.000000,46.000000,30.000000,12.770000,1.000000
2230.583008,548.000000,548.000000,3.640000,48.000000,48.000000,30.000000,12.320000,1.000000
2230.587891,544.000000,544.000000,3.680000,48.000000,48.000000,30.000000,12.320000,1.000000
2230.593018,504.000000,504.000000,3.920000,46.000000,46.000000,30.000000,13.270000,1.000000
2230.597900,479.000000,479.000000,3.950000,46.000000,46.000000,30.000000,13.270000,1.000000
2230.603027,553.000000,553.000000,3.990000,48.000000,48.000000,30.000000,12.360000,1.000000
2230.607910,563.000000,563.000000,4.180000,48.000000,48.000000,30.000000,12.360000,1.000000
2230.613037,485.000000,485.000000,4.360000,46.000000,44.000000,30.000000,13.310000,1.000000
2230.617920,481.000000,481.000000,4.270000,46.000000,44.000000,30.000000,13.310000,1.000000
2230.623047,580.000000,580.000000,4.330000,46.000000,46.000000,30.000000,11.940000,1.000000
2230.627930,589.000000,589.000000,4.370000,46.000000,46.000000,30.000000,11.940000,1.000000
2230.633057,491.000000,491.000000,4.460000,44.000000,44.000000,30.000000,12.420000,1.000000
2230.637939,490.000000,490.000000,4.370000,44.000000,44.000000,30.000000,12.420000,1.000000
2230.643066,546.000000,546.000000,4.350000,46.000000,46.000000,30.000000,11.510000,1.000000
2230.647949,558.000000,558.000000,4.240000,46.000000,46.000000,30.000000,11.510000,1.000000
2230.653076,504.000000,504.000000,4.410000,42.000000,44.000000,30.000000,12.460000,1.000000
2230.657959,485.000000,485.000000,4.320000,42.000000,44.000000,30.000000,12.460000,1.000000
2230.663086,566.000000,566.000000,4.230000,44.000000,46.000000,30.000000,11.080000,1.000000
2230.667969,579.000000,579.000000,4.230000,44.000000,46.000000,30.000000,11.080000,1.000000
2230.673096,478.000000,478.000000,4.370000,42.000000,44.000000,30.000000,12.030000,1.000000
2230.677979,461.000000,461.000000,4.390000,42.000000,44.000000,30.000000,12.030000,1.000000
2230.683105,531.000000,531.000000,4.360000,44.000000,44.000000,30.000000,11.120000,1.000000
2230.687988,534.000000,534.000000,4.330000,44.000000,44.000000,30.000000,11.120000,1.000000
2230.693115,472.000000,472.000000,4.430000,42.000000,44.000000,30.000000,11.600000,1.000000
2230.697998,462.000000,462.000000,4.280000,42.000000,44.000000,30.000000,11.600000,1.000000
2230.702881,515.000000,515.000000,4.140000,42.000000,44.000000,30.000000,11.150000,1.000000
2230.708008,533.000000,533.000000,4.210000,42.000000,44.000000,30.000000,11.150000,1.000000
2230.712891,490.000000,490.000000,4.250000,40.000000,42.000000,30.000000,11.160000,1.000000
2230.718018,477.000000,477.000000,4.140000,40.000000,42.000000,30.000000,11.160000,1.000000
2230.722900,493.000000,493.000000,4.130000,42.000000,44.000000,30.000000,10.250000,1.000000
2230.728027,494.000000,494.000000,4.190000,42.000000,44.000000,30.000000,10.250000,1.000000
2230.732910,419.000000,419.000000,4.260000,40.000000,42.000000,30.000000,11.190000,1.000000
2230.738037,416.000000,416.000000,4.150000,40.000000,42.000000,30.000000,11.190000,1.000000
2230.742920,508.000000,508.000000,4.130000,40.000000,42.000000,30.000000,10.280000,1.000000
2230.748047,520.000000,520.000000,4.310000,40.000000,42.000000,30.000000,10.280000,1.000000
2230.752930,442.000000,442.000000,4.320000,38.000000,40.000000,30.000000,10.290000,1.000000
2230.758057,460.000000,460.000000,4.090000,38.000000,40.000000,30.000000,10.290000,1.000000
2230.762939,508.000000,508.000000,3.940000,42.000000,42.000000,30.000000,9.380000,1.000000
2230.768066,528.000000,528.000000,3.970000,42.000000,42.000000,30.000000,9.380000,1.000000
2230.772949,443.000000,443.000000,3.970000,38.000000,38.000000,30.000000,10.780000,1.000000
2230.778076,435.000000,435.000000,3.860000,38.000000,38.000000,30.000000,10.780000,1.000000
2230.782959,559.000000,559.000000,3.710000,40.000000,40.000000,30.000000,8.940000,1.000000
2230.788086,576.000000,576.000000,3.610000,40.000000,40.000000,30.000000,8.940000,1.000000
2230.792969,441.000000,441.000000,3.600000,38.000000,40.000000,30.000000,9.870000,1.000000
2230.798096,429.000000,429.000000,3.560000,38.000000,40.000000,30.000000,9.870000,1.000000
2230.802979,502.000000,502.000000,3.460000,42.000000,40.000000,30.000000,9.420000,1.000000
2230.808105,512.000000,512.000000,3.420000,42.000000,40.000000,30.000000,9.420000,1.000000
2230.812988,474.000000,474.000000,3.500000,40.000000,38.000000,30.000000,10.360000,1.000000
2230.818115,460.000000,460.000000,3.320000,40.000000,38.000000,30.000000,10.360000,1.000000
2230.822998,544.000000,544.000000,3.120000,40.000000,42.000000,30.000000,9.450000,1.000000
2230.827881,555.000000,555.000000,3.200000,40.000000,42.000000,30.000000,9.450000,1.000000
2230.833008,457.000000,457.000000,3.270000,40.000000,38.000000,30.000000,10.390000,1.000000
2230.837891,419.000000,419.000000,3.210000,40.000000,38.000000,30.000000,10.390000,1.000000
2230.843018,489.000000,489.000000,3.240000,42.000000,42.000000,30.000000,9.470000,1.000000
2230.847900,489.000000,489.000000,3.250000,42.000000,42.000000,30.000000,9.470000,1.000000
2230.853027,419.000000,419.000000,3.340000,38.000000,38.000000,30.000000,10.880000,1.000000
2230.857910,414.000000,414.000000,3.240000,38.000000,38.000000,30.000000,10.880000,1.000000
2230.863037,533.000000,533.000000,3.130000,42.000000,42.000000,30.000000,9.030000,1.000000
2230.867920,551.000000,551.000000,3.110000,42.000000,42.000000,30.000000,9.030000,1.000000
2230.873047,418.000000,418.000000,3.260000,38.000000,36.000000,30.000000,10.900000,1.000000
2230.877930,394.000000,394.000000,3.150000,38.000000,36.000000,30.000000,10.900000,1.000000
2230.883057,533.000000,533.000000,3.080000,42.000000,40.000000,30.000000,8.590000,1.000000
2230.887939,537.000000,537.000000,3.110000,42.000000,40.000000,30.000000,8.590000,1.000000
2230.893066,355.000000,355.000000,3.200000,38.000000,38.000000,30.000000,10.460000,1.000000
2230.897949,340.000000,340.000000,3.150000,38.000000,38.000000,30.000000,10.460000,1.000000
2230.903076,481.000000,481.000000,3.140000,42.000000,40.000000,30.000000,9.080000,1.000000
2230.907959,484.000000,484.000000,3.170000,42.000000,40.000000,30.000000,9.080000,1.000000
2230.913086,373.000000,373.000000,3.290000,38.000000,38.000000,30.000000,10.480000,1.000000
2230.917969,359.000000,359.000000,3.200000,38.000000,38.000000,30.000000,10.480000,1.000000
2230.923096,478.000000,478.000000,3.230000,40.000000,40.000000,30.000000,9.100000,1.000000
2230.927979,482.000000,482.000000,3.390000,40.000000,40.000000,30.000000,9.100000,1.000000
2230.933105,368.000000,368.000000,3.410000,38.000000,38.000000,30.000000,10.040000,1.000000
2230.937988,369.000000,369.000000,3.280000,38.000000,38.000000,30.000000,10.040000,1.000000
2230.943115,454.000000,454.000000,3.370000,42.000000,40.000000,30.000000,9.120000,1.000000
2230.947998,447.000000,447.000000,3.480000,42.000000,40.000000,30.000000,9.120000,1.000000
2230.952881,369.000000,369.000000,3.540000,38.000000,36.000000,30.000000,10.520000,1.000000
2230.958008,371.000000,371.000000,3.490000,38.000000,36.000000,30.000000,10.520000,1.000000
2230.962891,485.000000,485.000000,3.470000,42.000000,38.000000,30.000000,8.680000,1.000000
2230.968018,491.000000,491.000000,3.590000,42.000000,38.000000,30.000000,8.680000,1.000000
2230.972900,345.000000,345.000000,3.670000,38.000000,34.000000,30.000000,10.080000,1.000000
2230.978027,346.000000,346.000000,3.550000,38.000000,34.000000,30.000000,10.080000,1.000000
2230.982910,472.000000,472.000000,3.540000,38.000000,38.000000,30.000000,8.230000,1.000000
2230.988037,480.000000,480.000000,3.680000,38.000000,38.000000,30.000000,8.230000,1.000000
2230.992920,331.000000,331.000000,3.690000,38.000000,34.000000,30.000000,9.170000,1.000000
2230.998047,345.000000,345.000000,3.550000,38.000000,34.000000,30.000000,9.170000,1.000000
2231.002930,450.000000,450.000000,3.380000,40.000000,36.000000,30.000000,8.250000,1.000000
2231.008057,470.000000,470.000000,3.310000,40.000000,36.000000,30.000000,8.250000,1.000000
2231.012939,401.000000,401.000000,3.340000,36.000000,34.000000,30.000000,9.190000,1.000000
2231.018066,390.000000,390.000000,3.180000,36.000000,34.000000,30.000000,9.190000,1.000000
2231.022949,472.000000,472.000000,3.120000,40.000000,36.000000,30.000000,7.800000,1.000000
2231.028076,477.000000,477.000000,3.230000,40.000000,36.000000,30.000000,7.800000,1.000000
2231.032959,364.000000,364.000000,3.270000,34.000000,34.000000,30.000000,9.200000,1.000000
2231.038086,363.000000,363.000000,3.060000,34.000000,34.000000,30.000000,9.200000,1.000000
2231.042969,492.000000,492.000000,2.950000,38.000000,36.000000,30.000000,7.350000,1.000000
2231.048096,509.000000,509.000000,3.000000,38.000000,36.000000,30.000000,7.350000,1.000000
2231.052979,364.000000,364.000000,3.020000,34.000000,34.000000,30.000000,8.750000,1.000000
2231.058105,354.000000,354.000000,2.910000,34.000000,34.000000,30.000000,8.750000,1.000000
2231.062988,464.000000,464.000000,2.850000,38.000000,36.000000,30.000000,7.370000,1.000000
2231.068115,471.000000,471.000000,2.950000,38.000000,36.000000,30.000000,7.370000,1.000000
2231.072998,356.000000,356.000000,2.990000,34.000000,34.000000,30.000000,8.770000,1.000000
2231.077881,349.000000,349.000000,2.800000,34.000000,34.000000,30.000000,8.770000,1.000000
2231.083008,467.000000,467.000000,2.780000,38.000000,36.000000,30.000000,7.380000,1.000000
2231.087891,471.000000,471.000000,2.910000,38.000000,36.000000,30.000000,7.380000,1.000000
2231.093018,350.000000,350.000000,2.940000,34.000000,34.000000,30.000000,8.780000,1.000000
2231.097900,349.000000,349.000000,2.820000,34.000000,34.000000,30.000000,8.780000,1.000000
2231.103027,478.000000,478.000000,2.730000,36.000000,36.000000,30.000000,7.390000,1.000000
2231.107910,494.000000,494.000000,2.760000,36.000000,36.000000,30.000000,7.390000,1.000000
2231.113037,383.000000,383.000000,2.790000,34.000000,34.000000,30.000000,8.330000,1.000000
2231.117920,375.000000,375.000000,2.640000,34.000000,34.000000,30.000000,8.330000,1.000000
2231.123047,465.000000,465.000000,2.590000,36.000000,36.000000,30.000000,7.400000,1.000000
2231.127930,476.000000,476.000000,2.440000,36.000000,36.000000,30.000000,7.400000,1.000000
2231.133057,418.000000,418.000000,2.450000,34.000000,34.000000,30.000000,8.340000,1.000000
2231.137939,420.000000,420.000000,2.340000,34.000000,34.000000,30.000000,8.340000,1.000000
2231.143066,502.000000,502.000000,2.200000,38.000000,36.000000,30.000000,7.420000,1.000000
2231.147949,516.000000,516.000000,2.280000,38.000000,36.000000,30.000000,7.420000,1.000000
2231.153076,442.000000,442.000000,2.270000,34.000000,32.000000,30.000000,8.820000,1.000000
2231.157959,444.000000,444.000000,2.020000,34.000000,32.000000,30.000000,8.820000,1.000000
2231.163086,573.000000,573.000000,1.870000,36.000000,36.000000,30.000000,6.960000,1.000000
2231.167969,591.000000,591.000000,1.890000,36.000000,36.000000,30.000000,6.960000,1.000000
2231.173096,447.000000,447.000000,1.820000,34.000000,34.000000,30.000000,8.360000,1.000000
2231.177979,438.000000,438.000000,1.690000,34.000000,34.000000,30.000000,8.360000,1.000000
2231.183105,549.000000,549.000000,1.620000,38.000000,36.000000,30.000000,7.440000,1.000000
2231.187988,557.000000,557.000000,1.220000,38.000000,36.000000,30.000000,7.440000,1.000000
2231.193115,511.000000,511.000000,1.370000,36.000000,36.000000,30.000000,8.840000,1.000000
2231.197998,466.000000,466.000000,1.320000,36.000000,36.000000,30.000000,8.840000,1.000000
2231.202881,533.000000,533.000000,1.270000,40.000000,38.000000,30.000000,8.380000,1.000000
2231.208008,525.000000,525.000000,1.380000,40.000000,38.000000,30.000000,8.380000,1.000000
2231.212891,471.000000,471.000000,1.400000,38.000000,36.000000,30.000000,9.790000,1.000000
2231.218018,464.000000,464.000000,1.370000,38.000000,36.000000,30.000000,9.790000,1.000000
2231.222900,567.000000,567.000000,1.310000,38.000000,40.000000,30.000000,8.870000,1.000000
2231.228027,570.000000,570.000000,1.300000,38.000000,40.000000,30.000000,8.870000,1.000000
2231.232910,490.000000,490.000000,1.450000,38.000000,38.000000,30.000000,9.800000,1.000000
2231.238037,464.000000,464.000000,1.430000,38.000000,38.000000,30.000000,9.800000,1.000000
2231.242920,531.000000,531.000000,1.410000,40.000000,40.000000,30.000000,9.350000,1.000000
2231.248047,535.000000,535.000000,1.330000,40.000000,40.000000,30.000000,9.350000,1.000000
2231.252930,506.000000,506.000000,1.600000,40.000000,38.000000,30.000000,10.290000,1.000000
2231.258057,469.000000,469.000000,1.680000,40.000000,38.000000,30.000000,10.290000,1.000000
2231.262939,518.000000,518.000000,1.690000,42.000000,38.000000,30.000000,9.840000,1.000000
2231.268066,512.000000,512.000000,1.860000,42.000000,38.000000,30.000000,9.840000,1.000000
2231.272949,464.000000,464.000000,2.060000,38.000000,38.000000,30.000000,10.310000,1.000000
2231.278076,441.000000,441.000000,2.090000,38.000000,38.000000,30.000000,10.310000,1.000000
2231.282959,472.000000,472.000000,2.170000,40.000000,40.000000,30.000000,9.390000,1.000000
2231.288086,469.000000,469.000000,2.380000,40.000000,40.000000,30.000000,9.390000,1.000000
2231.292969,383.000000,383.000000,2.530000,38.000000,36.000000,30.000000,10.330000,1.000000
2231.298096,370.000000,370.000000,2.520000,38.000000,36.000000,30.000000,10.330000,1.000000
2231.302979,444.000000,444.000000,2.600000,42.000000,38.000000,30.000000,8.950000,1.000000
2231.308105,439.000000,439.000000,2.900000,42.000000,38.000000,30.000000,8.950000,1.000000
2231.312988,306.000000,306.000000,3.060000,38.000000,36.000000,30.000000,10.350000,1.000000
2231.318115,292.000000,292.000000,3.030000,38.000000,36.000000,30.000000,10.350000,1.000000
2231.322998,412.000000,412.000000,3.170000,40.000000,38.000000,30.000000,8.970000,1.000000
2231.327881,409.000000,409.000000,3.420000,40.000000,38.000000,30.000000,8.970000,1.000000
2231.333008,291.000000,291.000000,3.570000,36.000000,34.000000,30.000000,9.910000,1.000000
2231.337891,297.000000,297.000000,3.510000,36.000000,34.000000,30.000000,9.910000,1.000000
2231.343018,403.000000,403.000000,3.520000,38.000000,36.000000,30.000000,8.060000,1.000000
2231.347900,420.000000,420.000000,3.610000,38.000000,36.000000,30.000000,8.060000,1.000000
2231.353027,282.000000,282.000000,3.700000,34.000000,32.000000,30.000000,9.000000,1.000000
2231.357910,283.000000,283.000000,3.570000,34.000000,32.000000,30.000000,9.000000,1.000000
2231.363037,384.000000,384.000000,3.510000,36.000000,34.000000,30.000000,7.150000,1.000000
2231.367920,396.000000,396.000000,3.670000,36.000000,34.000000,30.000000,7.150000,1.000000
2231.373047,243.000000,243.000000,3.780000,32.000000,32.000000,30.000000,8.080000,1.000000
2231.377930,237.000000,237.000000,3.510000,32.000000,32.000000,30.000000,8.080000,1.000000
2231.383057,350.000000,350.000000,3.530000,36.000000,34.000000,30.000000,6.690000,1.000000
2231.387939,358.000000,358.000000,3.620000,36.000000,34.000000,30.000000,6.690000,1.000000
2231.393066,254.000000,254.000000,3.690000,32.000000,32.000000,30.000000,8.090000,1.000000
2231.397949,269.000000,269.000000,3.360000,32.000000,32.000000,30.000000,8.090000,1.000000
2231.403076,420.000000,420.000000,3.270000,34.000000,34.000000,30.000000,6.700000,1.000000
2231.407959,440.000000,440.000000,3.290000,34.000000,34.000000,30.000000,6.700000,1.000000
2231.413086,333.000000,333.000000,3.320000,30.000000,30.000000,30.000000,7.630000,1.000000
2231.417969,334.000000,334.000000,3.010000,30.000000,30.000000,30.000000,7.630000,1.000000
2231.423096,449.000000,449.000000,2.920000,34.000000,32.000000,30.000000,5.780000,1.000000
2231.427979,466.000000,466.000000,2.970000,34.000000,32.000000,30.000000,5.780000,1.000000
2231.433105,322.000000,322.000000,2.890000,30.000000,30.000000,30.000000,7.170000,1.000000
2231.437988,333.000000,333.000000,2.550000,30.000000,30.000000,30.000000,7.170000,1.000000
2231.443115,478.000000,478.000000,2.350000,32.000000,34.000000,30.000000,5.780000,1.000000
2231.447998,498.000000,498.000000,2.280000,32.000000,34.000000,30.000000,5.780000,1.000000
2231.452881,385.000000,385.000000,2.220000,30.000000,28.000000,30.000000,7.170000,1.000000
2231.458008,371.000000,371.000000,2.020000,30.000000,28.000000,30.000000,7.170000,1.000000
2231.462891,488.000000,488.000000,1.860000,34.000000,32.000000,30.000000,5.320000,1.000000
2231.468018,498.000000,498.000000,1.650000,34.000000,32.000000,30.000000,5.320000,1.000000
2231.472900,367.000000,367.000000,1.710000,32.000000,32.000000,30.000000,7.180000,1.000000
2231.478027,342.000000,342.000000,1.580000,32.000000,32.000000,30.000000,7.180000,1.000000
2231.482910,473.000000,473.000000,1.410000,34.000000,34.000000,30.000000,6.720000,1.000000
2231.488037,483.000000,483.000000,1.500000,34.000000,34.000000,30.000000,6.720000,1.000000
2231.492920,434.000000,434.000000,1.510000,34.000000,32.000000,30.000000,7.650000,1.000000
2231.498047,420.000000,420.000000,1.300000,34.000000,32.000000,30.000000,7.650000,1.000000
2231.502930,501.000000,501.000000,1.210000,36.000000,34.000000,30.000000,7.190000,1.000000
2231.508057,504.000000,504.000000,1.300000,36.000000,34.000000,30.000000,7.190000,1.000000
2231.512939,446.000000,446.000000,1.350000,34.000000,32.000000,30.000000,8.120000,1.000000
2231.518066,425.000000,425.000000,1.260000,34.000000,32.000000,30.000000,8.120000,1.000000
2231.522949,501.000000,501.000000,1.290000,36.000000,36.000000,30.000000,7.200000,1.000000
2231.528076,502.000000,502.000000,1.180000,36.000000,36.000000,30.000000,7.200000,1.000000
2231.532959,443.000000,443.000000,1.230000,34.000000,34.000000,30.000000,8.600000,1.000000
2231.538086,427.000000,427.000000,1.250000,34.000000,34.000000,30.000000,8.600000,1.000000
2231.542969,507.000000,507.000000,1.140000,36.000000,36.000000,30.000000,7.670000,1.000000
2231.548096,508.000000,508.000000,1.260000,36.000000,36.000000,30.000000,7.670000,1.000000
2231.552979,419.000000,419.000000,1.410000,34.000000,32.000000,30.000000,8.610000,1.000000
2231.558105,394.000000,394.000000,1.390000,34.000000,32.000000,30.000000,8.610000,1.000000
2231.562988,463.000000,463.000000,1.390000,38.000000,36.000000,30.000000,7.220000,1.000000
2231.568115,467.000000,467.000000,1.350000,38.000000,36.000000,30.000000,7.220000,1.000000
2231.572998,361.000000,361.000000,1.460000,32.000000,34.000000,30.000000,9.080000,1.000000
2231.577881,332.000000,332.000000,1.510000,32.000000,34.000000,30.000000,9.080000,1.000000
2231.583008,453.000000,453.000000,1.560000,36.000000,36.000000,30.000000,7.230000,1.000000
2231.587891,445.000000,445.000000,1.740000,36.000000,36.000000,30.000000,7.230000,1.000000
2231.593018,298.000000,298.000000,1.810000,32.000000,34.000000,30.000000,8.630000,1.000000
2231.597900,303.000000,303.000000,1.700000,32.000000,34.000000,30.000000,8.630000,1.000000
2231.603027,430.000000,430.000000,1.790000,36.000000,36.000000,30.000000,7.240000,1.000000
2231.607910,431.000000,431.000000,1.910000,36.000000,36.000000,30.000000,7.240000,1.000000
2231.613037,320.000000,320.000000,2.020000,32.000000,32.000000,30.000000,8.640000,1.000000
2231.617920,306.000000,306.000000,1.940000,32.000000,32.000000,30.000000,8.640000,1.000000
2231.623047,424.000000,424.000000,1.970000,34.000000,36.000000,30.000000,6.790000,1.000000
2231.627930,429.000000,429.000000,2.080000,34.000000,36.000000,30.000000,6.790000,1.000000
2231.633057,289.000000,289.000000,2.200000,32.000000,32.000000,30.000000,8.190000,1.000000
2231.637939,295.000000,295.000000,2.040000,32.000000,32.000000,30.000000,8.190000,1.000000
2231.643066,425.000000,425.000000,2.020000,34.000000,34.000000,30.000000,6.800000,1.000000
2231.647949,437.000000,437.000000,2.190000,34.000000,34.000000,30.000000,6.800000,1.000000
2231.653076,316.000000,316.000000,2.260000,30.000000,30.000000,30.000000,7.730000,1.000000
2231.657959,307.000000,307.000000,2.090000,30.000000,30.000000,30.000000,7.730000,1.000000
2231.663086,401.000000,401.000000,2.130000,36.000000,34.000000,30.000000,5.870000,1.000000
2231.667969,403.000000,403.000000,2.230000,36.000000,34.000000,30.000000,5.870000,1.000000
2231.673096,255.000000,255.000000,2.260000,32.000000,30.000000,30.000000,8.200000,1.000000
2231.677979,251.000000,251.000000,2.150000,32.000000,30.000000,30.000000,8.200000,1.000000
2231.683105,439.000000,439.000000,2.170000,34.000000,32.000000,30.000000,6.350000,1.000000
2231.687988,440.000000,440.000000,2.290000,34.000000,32.000000,30.000000,6.350000,1.000000
2231.693115,297.000000,297.000000,2.360000,32.000000,30.000000,30.000000,7.280000,1.000000
2231.697998,318.000000,318.000000,2.130000,32.000000,30.000000,30.000000,7.280000,1.000000
2231.702881,436.000000,436.000000,1.920000,34.000000,34.000000,30.000000,6.350000,1.000000
2231.708008,467.000000,467.000000,1.960000,34.000000,34.000000,30.000000,6.350000,1.000000
2231.712891,379.000000,379.000000,2.050000,32.000000,30.000000,30.000000,7.750000,1.000000
2231.718018,353.000000,353.000000,1.770000,32.000000,30.000000,30.000000,7.750000,1.000000
2231.722900,480.000000,480.000000,1.720000,34.000000,32.000000,30.000000,6.360000,1.000000
2231.728027,490.000000,490.000000,1.720000,34.000000,32.000000,30.000000,6.360000,1.000000
2231.732910,385.000000,385.000000,1.630000,30.000000,28.000000,30.000000,7.290000,1.000000
2231.738037,390.000000,390.000000,1.490000,30.000000,28.000000,30.000000,7.290000,1.000000
2231.742920,467.000000,467.000000,1.390000,34.000000,32.000000,30.000000,5.430000,1.000000
2231.748047,470.000000,470.000000,1.470000,34.000000,32.000000,30.000000,5.430000,1.000000
2231.752930,314.000000,314.000000,1.510000,32.000000,32.000000,30.000000,7.290000,1.000000
2231.758057,292.000000,292.000000,1.370000,32.000000,32.000000,30.000000,7.290000,1.000000
2231.762939,429.000000,429.000000,1.270000,34.000000,34.000000,30.000000,6.830000,1.000000
2231.768066,435.000000,435.000000,1.360000,34.000000,34.000000,30.000000,6.830000,1.000000
2231.772949,384.000000,384.000000,1.440000,32.000000,30.000000,30.000000,7.760000,1.000000
2231.778076,369.000000,369.000000,1.260000,32.000000,30.000000,30.000000,7.760000,1.000000
2231.782959,454.000000,454.000000,1.240000,34.000000,34.000000,30.000000,6.370000,1.000000
2231.788086,463.000000,463.000000,1.360000,34.000000,34.000000,30.000000,6.370000,1.000000
2231.792969,343.000000,343.000000,1.400000,32.000000,30.000000,30.000000,7.770000,1.000000
2231.798096,343.000000,343.000000,1.290000,32.000000,30.000000,30.000000,7.770000,1.000000
2231.802979,463.000000,463.000000,1.270000,34.000000,34.000000,30.000000,6.380000,1.000000
2231.808105,473.000000,473.000000,1.360000,34.000000,34.000000,30.000000,6.380000,1.000000
2231.812988,362.000000,362.000000,1.410000,32.000000,30.000000,30.000000,7.770000,1.000000
2231.818115,361.000000,361.000000,1.240000,32.000000,30.000000,30.000000,7.770000,1.000000
2231.822998,482.000000,482.000000,1.160000,34.000000,34.000000,30.000000,6.380000,1.000000
2231.827881,493.000000,493.000000,1.280000,34.000000,34.000000,30.000000,6.380000,1.000000
2231.833008,375.000000,375.000000,1.260000,30.000000,32.000000,30.000000,7.780000,1.000000
2231.837891,368.000000,368.000000,1.190000,30.000000,32.000000,30.000000,7.780000,1.000000
2231.843018,472.000000,472.000000,1.190000,36.000000,34.000000,30.000000,6.390000,1.000000
2231.847900,475.000000,475.000000,1.220000,36.000000,34.000000,30.000000,6.390000,1.000000
2231.853027,368.000000,368.000000,1.210000,32.000000,32.000000,30.000000,8.250000,1.000000
2231.857910,367.000000,367.000000,1.160000,32.000000,32.000000,30.000000,8.250000,1.000000
2231.863037,504.000000,504.000000,1.060000,34.000000,34.000000,30.000000,6.860000,1.000000
2231.867920,516.000000,516.000000,1.160000,34.000000,34.000000,30.000000,6.860000,1.000000
2231.873047,397.000000,397.000000,1.250000,34.000000,32.000000,30.000000,7.790000,1.000000
2231.877930,381.000000,381.000000,1.200000,34.000000,32.000000,30.000000,7.790000,1.000000
2231.883057,458.000000,458.000000,1.240000,36.000000,36.000000,30.000000,7.330000,1.000000
2231.887939,461.000000,461.000000,1.230000,36.000000,36.000000,30.000000,7.330000,1.000000
2231.893066,421.000000,421.000000,1.400000,34.000000,32.000000,30.000000,8.730000,1.000000
2231.897949,402.000000,402.000000,1.330000,34.000000,32.000000,30.000000,8.730000,1.000000
2231.903076,504.000000,504.000000,1.270000,34.000000,34.000000,30.000000,7.340000,1.000000
2231.907959,510.000000,510.000000,1.450000,34.000000,34.000000,30.000000,7.340000,1.000000
2231.913086,384.000000,384.000000,1.540000,32.000000,32.000000,30.000000,7.810000,1.000000
2231.917969,368.000000,368.000000,1.470000,32.000000,32.000000,30.000000,7.810000,1.000000
2231.923096,421.000000,421.000000,1.530000,36.000000,34.000000,30.000000,6.890000,1.000000
2231.927979,422.000000,422.000000,1.470000,36.000000,34.000000,30.000000,6.890000,1.000000
2231.933105,353.000000,353.000000,1.520000,34.000000,34.000000,30.000000,8.280000,1.000000
2231.937988,343.000000,343.000000,1.510000,34.000000,34.000000,30.000000,8.280000,1.000000
2231.943115,438.000000,438.000000,1.480000,36.000000,34.000000,30.000000,7.830000,1.000000
2231.947998,437.000000,437.000000,1.660000,36.000000,34.000000,30.000000,7.830000,1.000000
2231.952881,384.000000,384.000000,1.790000,32.000000,32.000000,30.000000,8.300000,1.000000
2231.958008,381.000000,381.000000,1.620000,32.000000,32.000000,30.000000,8.300000,1.000000
2231.962891,448.000000,448.000000,1.610000,34.000000,36.000000,30.000000,6.910000,1.000000
2231.968018,460.000000,460.000000,1.760000,34.000000,36.000000,30.000000,6.910000,1.000000
2231.972900,343.000000,343.000000,1.880000,32.000000,30.000000,30.000000,8.300000,1.000000
2231.978027,338.000000,338.000000,1.710000,32.000000,30.000000,30.000000,8.300000,1.000000
2231.982910,469.000000,469.000000,1.670000,34.000000,34.000000,30.000000,6.450000,1.000000
2231.988037,484.000000,484.000000,1.800000,34.000000,34.000000,30.000000,6.450000,1.000000
2231.992920,339.000000,339.000000,1.800000,32.000000,32.000000,30.000000,7.850000,1.000000
2231.998047,341.000000,341.000000,1.690000,32.000000,32.000000,30.000000,7.850000,1.000000
2232.002930,458.000000,458.000000,1.660000,36.000000,36.000000,30.000000,6.920000,1.000000
2232.008057,467.000000,467.000000,1.600000,36.000000,36.000000,30.000000,6.920000,1.000000
2232.012939,397.000000,397.000000,1.610000,32.000000,32.000000,30.000000,8.780000,1.000000
2232.018066,379.000000,379.000000,1.540000,32.000000,32.000000,30.000000,8.780000,1.000000
2232.022949,507.000000,507.000000,1.580000,34.000000,34.000000,30.000000,6.930000,1.000000
2232.028076,500.000000,500.000000,1.640000,34.000000,34.000000,30.000000,6.930000,1.000000
2232.032959,356.000000,356.000000,1.720000,32.000000,32.000000,30.000000,7.860000,1.000000
2232.038086,349.000000,349.000000,1.710000,32.000000,32.000000,30.000000,7.860000,1.000000
2232.042969,424.000000,424.000000,1.630000,36.000000,34.000000,30.000000,6.940000,1.000000
2232.048096,435.000000,435.000000,1.680000,36.000000,34.000000,30.000000,6.940000,1.000000
2232.052979,353.000000,353.000000,1.800000,34.000000,32.000000,30.000000,8.330000,1.000000
2232.058105,331.000000,331.000000,1.650000,34.000000,32.000000,30.000000,8.330000,1.000000
2232.062988,437.000000,437.000000,1.590000,36.000000,36.000000,30.000000,7.410000,1.000000
2232.068115,443.000000,443.000000,1.770000,36.000000,36.000000,30.000000,7.410000,1.000000
2232.072998,351.000000,351.000000,2.000000,32.000000,32.000000,30.000000,8.810000,1.000000
2232.077881,336.000000,336.000000,1.880000,32.000000,32.000000,30.000000,8.810000,1.000000
2232.083008,464.000000,464.000000,1.860000,36.000000,36.000000,30.000000,6.960000,1.000000
2232.087891,480.000000,480.000000,2.060000,36.000000,36.000000,30.000000,6.960000,1.000000
2232.093018,325.000000,325.000000,2.170000,32.000000,30.000000,30.000000,8.820000,1.000000
2232.097900,309.000000,309.000000,2.040000,32.000000,30.000000,30.000000,8.820000,1.000000
2232.103027,467.000000,467.000000,2.080000,34.000000,34.000000,30.000000,6.500000,1.000000
2232.107910,469.000000,469.000000,2.180000,34.000000,34.000000,30.000000,6.500000,1.000000
2232.113037,289.000000,289.000000,2.270000,32.000000,32.000000,30.000000,7.900000,1.000000
2232.117920,280.000000,280.000000,2.120000,32.000000,32.000000,30.000000,7.900000,1.000000
2232.123047,405.000000,405.000000,2.090000,34.000000,34.000000,30.000000,6.970000,1.000000
2232.127930,412.000000,412.000000,2.150000,34.000000,34.000000,30.000000,6.970000,1.000000
2232.133057,320.000000,320.000000,2.220000,32.000000,32.000000,30.000000,7.900000,1.000000
2232.137939,292.000000,292.000000,2.190000,32.000000,32.000000,30.000000,7.900000,1.000000
2232.143066,355.000000,355.000000,2.240000,34.000000,34.000000,30.000000,6.980000,1.000000
2232.147949,349.000000,349.000000,2.410000,34.000000,34.000000,30.000000,6.980000,1.000000
2232.153076,267.000000,267.000000,2.560000,30.000000,30.000000,30.000000,7.910000,1.000000
2232.157959,273.000000,273.000000,2.370000,30.000000,30.000000,30.000000,7.910000,1.000000
2232.163086,380.000000,380.000000,2.450000,34.000000,32.000000,30.000000,6.060000,1.000000
2232.167969,386.000000,386.000000,2.470000,34.000000,32.000000,30.000000,6.060000,1.000000
2232.173096,257.000000,257.000000,2.650000,28.000000,28.000000,30.000000,7.450000,1.000000
2232.177979,257.000000,257.000000,2.370000,28.000000,28.000000,30.000000,7.450000,1.000000
2232.183105,399.000000,399.000000,2.320000,32.000000,32.000000,30.000000,5.130000,1.000000
2232.187988,418.000000,418.000000,2.380000,32.000000,32.000000,30.000000,5.130000,1.000000
2232.193115,253.000000,253.000000,2.380000,28.000000,28.000000,30.000000,6.990000,1.000000
2232.197998,267.000000,267.000000,2.070000,28.000000,28.000000,30.000000,6.990000,1.000000
2232.202881,449.000000,449.000000,1.990000,32.000000,30.000000,30.000000,5.130000,1.000000
2232.208008,468.000000,468.000000,1.980000,32.000000,30.000000,30.000000,5.130000,1.000000
2232.212891,330.000000,330.000000,1.950000,28.000000,28.000000,30.000000,6.520000,1.000000
2232.218018,328.000000,328.000000,1.660000,28.000000,28.000000,30.000000,6.520000,1.000000
2232.222900,462.000000,462.000000,1.510000,32.000000,32.000000,30.000000,5.130000,1.000000
2232.228027,480.000000,480.000000,1.480000,32.000000,32.000000,30.000000,5.130000,1.000000
2232.232910,374.000000,374.000000,1.330000,28.000000,30.000000,30.000000,6.990000,1.000000
2232.238037,375.000000,375.000000,1.200000,28.000000,30.000000,30.000000,6.990000,1.000000
2232.242920,512.000000,512.000000,1.080000,32.000000,32.000000,30.000000,5.590000,1.000000
2232.248047,515.000000,515.000000,0.980000,32.000000,32.000000,30.000000,5.590000,1.000000
2232.252930,404.000000,404.000000,1.150000,30.000000,30.000000,30.000000,6.990000,1.000000
2232.258057,355.000000,355.000000,1.080000,30.000000,30.000000,30.000000,6.990000,1.000000
2232.262939,445.000000,445.000000,0.940000,34.000000,34.000000,30.000000,6.060000,1.000000
2232.268066,459.000000,459.000000,0.980000,34.000000,34.000000,30.000000,6.060000,1.000000
2232.272949,378.000000,378.000000,1.030000,30.000000,32.000000,30.000000,7.920000,1.000000
2232.278076,352.000000,352.000000,0.960000,30.000000,32.000000,30.000000,7.920000,1.000000
2232.282959,475.000000,475.000000,0.930000,36.000000,32.000000,30.000000,6.530000,1.000000
2232.288086,465.000000,465.000000,1.060000,36.000000,32.000000,30.000000,6.530000,1.000000
2232.292969,340.000000,340.000000,1.250000,32.000000,32.000000,30.000000,7.930000,1.000000
2232.298096,318.000000,318.000000,1.140000,32.000000,32.000000,30.000000,7.930000,1.000000
2232.302979,440.000000,440.000000,1.100000,34.000000,34.000000,30.000000,7.000000,1.000000
2232.308105,455.000000,455.000000,1.220000,34.000000,34.000000,30.000000,7.000000,1.000000
2232.312988,370.000000,370.000000,1.310000,32.000000,30.000000,30.000000,7.930000,1.000000
2232.318115,352.000000,352.000000,1.230000,32.000000,30.000000,30.000000,7.930000,1.000000
2232.322998,428.000000,428.000000,1.300000,36.000000,34.000000,30.000000,6.540000,1.000000
2232.327881,428.000000,428.000000,1.380000,36.000000,34.000000,30.000000,6.540000,1.000000
2232.333008,314.000000,314.000000,1.550000,32.000000,30.000000,30.000000,8.400000,1.000000
2232.337891,295.000000,295.000000,1.490000,32.000000,30.000000,30.000000,8.400000,1.000000
2232.343018,442.000000,442.000000,1.460000,34.000000,34.000000,30.000000,6.550000,1.000000
2232.347900,452.000000,452.000000,1.590000,34.000000,34.000000,30.000000,6.550000,1.000000
2232.353027,304.000000,304.000000,1.690000,30.000000,32.000000,30.000000,7.950000,1.000000
2232.357910,295.000000,295.000000,1.590000,30.000000,32.000000,30.000000,7.950000,1.000000
2232.363037,413.000000,413.000000,1.690000,34.000000,34.000000,30.000000,6.560000,1.000000
2232.367920,412.000000,412.000000,1.750000,34.000000,34.000000,30.000000,6.560000,1.000000
2232.373047,306.000000,306.000000,1.870000,32.000000,30.000000,30.000000,7.950000,1.000000
2232.377930,305.000000,305.000000,1.740000,32.000000,30.000000,30.000000,7.950000,1.000000
2232.383057,431.000000,431.000000,1.600000,34.000000,34.000000,30.000000,6.560000,1.000000
2232.387939,448.000000,448.000000,1.730000,34.000000,34.000000,30.000000,6.560000,1.000000
2232.393066,325.000000,325.000000,1.900000,30.000000,30.000000,30.000000,7.960000,1.000000
2232.397949,305.000000,305.000000,1.680000,30.000000,30.000000,30.000000,7.960000,1.000000
2232.403076,433.000000,433.000000,1.740000,34.000000,32.000000,30.000000,6.100000,1.000000
2232.407959,440.000000,440.000000,1.830000,34.000000,32.000000,30.000000,6.100000,1.000000
2232.413086,299.000000,299.000000,1.860000,30.000000,30.000000,30.000000,7.500000,1.000000
2232.417969,305.000000,305.000000,1.700000,30.000000,30.000000,30.000000,7.500000,1.000000
2232.423096,433.000000,433.000000,1.530000,34.000000,34.000000,30.000000,6.110000,1.000000
2232.427979,452.000000,452.000000,1.590000,34.000000,34.000000,30.000000,6.110000,1.000000
2232.433105,333.000000,333.000000,1.720000,30.000000,30.000000,30.000000,7.970000,1.000000
2232.437988,306.000000,306.000000,1.510000,30.000000,30.000000,30.000000,7.970000,1.000000
2232.443115,465.000000,465.000000,1.580000,34.000000,32.000000,30.000000,6.110000,1.000000
2232.447998,467.000000,467.000000,1.630000,34.000000,32.000000,30.000000,6.110000,1.000000
2232.452881,326.000000,326.000000,1.580000,30.000000,30.000000,30.000000,7.510000,1.000000
2232.458008,336.000000,336.000000,1.480000,30.000000,30.000000,30.000000,7.510000,1.000000
2232.462891,452.000000,452.000000,1.370000,34.000000,32.000000,30.000000,6.120000,1.000000
2232.468018,459.000000,459.000000,1.450000,34.000000,32.000000,30.000000,6.120000,1.000000
2232.472900,333.000000,333.000000,1.550000,30.000000,32.000000,30.000000,7.510000,1.000000
2232.478027,308.000000,308.000000,1.400000,30.000000,32.000000,30.000000,7.510000,1.000000
2232.482910,426.000000,426.000000,1.360000,34.000000,34.000000,30.000000,6.580000,1.000000
2232.488037,434.000000,434.000000,1.520000,34.000000,34.000000,30.000000,6.580000,1.000000
2232.492920,348.000000,348.000000,1.570000,32.000000,30.000000,30.000000,7.980000,1.000000
2232.498047,345.000000,345.000000,1.400000,32.000000,30.000000,30.000000,7.980000,1.000000
2232.502930,470.000000,470.000000,1.360000,34.000000,32.000000,30.000000,6.590000,1.000000
2232.508057,482.000000,482.000000,1.460000,34.000000,32.000000,30.000000,6.590000,1.000000
2232.512939,362.000000,362.000000,1.610000,32.000000,30.000000,30.000000,7.520000,1.000000
2232.518066,350.000000,350.000000,1.400000,32.000000,30.000000,30.000000,7.520000,1.000000
2232.522949,447.000000,447.000000,1.300000,34.000000,34.000000,30.000000,6.590000,1.000000
2232.528076,462.000000,462.000000,1.380000,34.000000,34.000000,30.000000,6.590000,1.000000
2232.532959,378.000000,378.000000,1.450000,32.000000,32.000000,30.000000,7.990000,1.000000
2232.538086,362.000000,362.000000,1.350000,32.000000,32.000000,30.000000,7.990000,1.000000
2232.542969,469.000000,469.000000,1.300000,36.000000,34.000000,30.000000,7.070000,1.000000
2232.548096,476.000000,476.000000,1.370000,36.000000,34.000000,30.000000,7.070000,1.000000
2232.552979,398.000000,398.000000,1.380000,32.000000,30.000000,30.000000,8.460000,1.000000
2232.558105,389.000000,389.000000,1.290000,32.000000,30.000000,30.000000,8.460000,1.000000
2232.562988,500.000000,500.000000,1.240000,36.000000,34.000000,30.000000,6.610000,1.000000
2232.568115,505.000000,505.000000,1.290000,36.000000,34.000000,30.000000,6.610000,1.000000
2232.572998,359.000000,359.000000,1.410000,32.000000,32.000000,30.000000,8.470000,1.000000
2232.577881,344.000000,344.000000,1.340000,32.000000,32.000000,30.000000,8.470000,1.000000
2232.583008,485.000000,485.000000,1.270000,36.000000,34.000000,30.000000,7.080000,1.000000
2232.587891,494.000000,494.000000,1.240000,36.000000,34.000000,30.000000,7.080000,1.000000
2232.593018,391.000000,391.000000,1.290000,34.000000,32.000000,30.000000,8.480000,1.000000
2232.597900,374.000000,374.000000,1.240000,34.000000,32.000000,30.000000,8.480000,1.000000
2232.603027,475.000000,475.000000,1.300000,36.000000,36.000000,30.000000,7.550000,1.000000
2232.607910,470.000000,470.000000,1.450000,36.000000,36.000000,30.000000,7.550000,1.000000
2232.613037,390.000000,390.000000,1.590000,34.000000,32.000000,30.000000,8.950000,1.000000
2232.617920,386.000000,386.000000,1.430000,34.000000,32.000000,30.000000,8.950000,1.000000
2232.623047,512.000000,512.000000,1.230000,36.000000,36.000000,30.000000,7.570000,1.000000
2232.627930,537.000000,537.000000,1.480000,36.000000,36.000000,30.000000,7.570000,1.000000
2232.633057,399.000000,399.000000,1.650000,32.000000,34.000000,30.000000,8.960000,1.000000
2232.637939,366.000000,366.000000,1.560000,32.000000,34.000000,30.000000,8.960000,1.000000
2232.643066,484.000000,484.000000,1.640000,36.000000,36.000000,30.000000,7.580000,1.000000
2232.647949,486.000000,486.000000,1.550000,36.000000,36.000000,30.000000,7.580000,1.000000
2232.653076,392.000000,392.000000,1.540000,32.000000,34.000000,30.000000,8.970000,1.000000
2232.657959,388.000000,388.000000,1.510000,32.000000,34.000000,30.000000,8.970000,1.000000
2232.663086,474.000000,474.000000,1.490000,36.000000,36.000000,30.000000,7.590000,1.000000
2232.667969,463.000000,463.000000,1.680000,36.000000,36.000000,30.000000,7.590000,1.000000
2232.673096,337.000000,337.000000,1.830000,34.000000,34.000000,30.000000,8.990000,1.000000
2232.677979,320.000000,320.000000,1.770000,34.000000,34.000000,30.000000,8.990000,1.000000
2232.683105,436.000000,436.000000,1.840000,36.000000,36.000000,30.000000,8.060000,1.000000
2232.687988,436.000000,436.000000,1.990000,36.000000,36.000000,30.000000,8.060000,1.000000
2232.693115,352.000000,352.000000,2.210000,32.000000,34.000000,30.000000,9.000000,1.000000
2232.697998,333.000000,333.000000,2.180000,32.000000,34.000000,30.000000,9.000000,1.000000
2232.702881,421.000000,421.000000,2.130000,36.000000,36.000000,30.000000,7.610000,1.000000
2232.708008,435.000000,435.000000,2.270000,36.000000,36.000000,30.000000,7.610000,1.000000
2232.712891,325.000000,325.000000,2.410000,34.000000,32.000000,30.000000,9.010000,1.000000
2232.718018,324.000000,324.000000,2.240000,34.000000,32.000000,30.000000,9.010000,1.000000
2232.722900,454.000000,454.000000,2.250000,36.000000,34.000000,30.000000,7.620000,1.000000
2232.728027,466.000000,466.000000,2.460000,36.000000,34.000000,30.000000,7.620000,1.000000
2232.732910,343.000000,343.000000,2.580000,32.000000,32.000000,30.000000,8.550000,1.000000
2232.738037,338.000000,338.000000,2.400000,32.000000,32.000000,30.000000,8.550000,1.000000
2232.742920,439.000000,439.000000,2.380000,34.000000,34.000000,30.000000,7.170000,1.000000
2232.748047,450.000000,450.000000,2.480000,34.000000,34.000000,30.000000,7.170000,1.000000
2232.752930,338.000000,338.000000,2.530000,32.000000,32.000000,30.000000,8.100000,1.000000
2232.758057,325.000000,325.000000,2.410000,32.000000,32.000000,30.000000,8.100000,1.000000
2232.762939,405.000000,405.000000,2.400000,36.000000,36.000000,30.000000,7.170000,1.000000
2232.768066,409.000000,409.000000,2.500000,36.000000,36.000000,30.000000,7.170000,1.000000
2232.772949,326.000000,326.000000,2.560000,32.000000,32.000000,30.000000,9.030000,1.000000
2232.778076,322.000000,322.000000,2.450000,32.000000,32.000000,30.000000,9.030000,1.000000
2232.782959,471.000000,471.000000,2.470000,34.000000,34.000000,30.000000,7.180000,1.000000
2232.788086,472.000000,472.000000,2.540000,34.000000,34.000000,30.000000,7.180000,1.000000
2232.792969,329.000000,329.000000,2.640000,30.000000,30.000000,30.000000,8.110000,1.000000
2232.798096,328.000000,328.000000,2.440000,30.000000,30.000000,30.000000,8.110000,1.000000
2232.802979,437.000000,437.000000,2.310000,34.000000,34.000000,30.000000,6.260000,1.000000
2232.808105,461.000000,461.000000,2.270000,34.000000,34.000000,30.000000,6.260000,1.000000
2232.812988,324.000000,324.000000,2.220000,32.000000,30.000000,30.000000,8.120000,1.000000
2232.818115,315.000000,315.000000,1.990000,32.000000,30.000000,30.000000,8.120000,1.000000
2232.822998,466.000000,466.000000,2.010000,34.000000,34.000000,30.000000,6.730000,1.000000
2232.827881,465.000000,465.000000,2.080000,34.000000,34.000000,30.000000,6.730000,1.000000
2232.833008,352.000000,352.000000,2.120000,32.000000,32.000000,30.000000,8.130000,1.000000
2232.837891,341.000000,341.000000,1.980000,32.000000,32.000000,30.000000,8.130000,1.000000
2232.843018,451.000000,451.000000,1.900000,34.000000,34.000000,30.000000,7.200000,1.000000
2232.847900,459.000000,459.000000,1.940000,34.000000,34.000000,30.000000,7.200000,1.000000
2232.853027,376.000000,376.000000,2.090000,32.000000,32.000000,30.000000,8.130000,1.000000
2232.857910,346.000000,346.000000,1.940000,32.000000,32.000000,30.000000,8.130000,1.000000
2232.863037,421.000000,421.000000,1.950000,36.000000,34.000000,30.000000,7.210000,1.000000
2232.867920,423.000000,423.000000,2.090000,36.000000,34.000000,30.000000,7.210000,1.000000
2232.873047,338.000000,338.000000,2.130000,32.000000,32.000000,30.000000,8.600000,1.000000
2232.877930,339.000000,339.000000,2.040000,32.000000,32.000000,30.000000,8.600000,1.000000
2232.883057,456.000000,456.000000,2.020000,34.000000,34.000000,30.000000,7.220000,1.000000
2232.887939,462.000000,462.000000,2.130000,34.000000,34.000000,30.000000,7.220000,1.000000
2232.893066,343.000000,343.000000,2.270000,30.000000,30.000000,30.000000,8.150000,1.000000
2232.897949,329.000000,329.000000,2.150000,30.000000,30.000000,30.000000,8.150000,1.000000
2232.903076,414.000000,414.000000,2.200000,36.000000,34.000000,30.000000,6.290000,1.000000
2232.907959,417.000000,417.000000,2.240000,36.000000,34.000000,30.000000,6.290000,1.000000
2232.913086,279.000000,279.000000,2.310000,30.000000,30.000000,30.000000,8.620000,1.000000
2232.917969,275.000000,275.000000,2.220000,30.000000,30.000000,30.000000,8.620000,1.000000
2232.923096,459.000000,459.000000,2.050000,36.000000,32.000000,30.000000,6.300000,1.000000
2232.927979,477.000000,477.000000,2.260000,36.000000,32.000000,30.000000,6.300000,1.000000
2232.933105,278.000000,278.000000,2.460000,32.000000,28.000000,30.000000,8.160000,1.000000
2232.937988,247.000000,247.000000,2.210000,32.000000,28.000000,30.000000,8.160000,1.000000
2232.943115,410.000000,410.000000,2.250000,34.000000,32.000000,30.000000,6.300000,1.000000
2232.947998,417.000000,417.000000,2.410000,34.000000,32.000000,30.000000,6.300000,1.000000
2232.952881,270.000000,270.000000,2.380000,32.000000,32.000000,30.000000,7.700000,1.000000
2232.958008,282.000000,282.000000,2.250000,32.000000,32.000000,30.000000,7.700000,1.000000
2232.962891,397.000000,397.000000,2.140000,34.000000,34.000000,30.000000,7.240000,1.000000
2232.968018,406.000000,406.000000,2.210000,34.000000,34.000000,30.000000,7.240000,1.000000
2232.972900,353.000000,353.000000,2.410000,30.000000,30.000000,30.000000,8.170000,1.000000
2232.978027,334.000000,334.000000,2.150000,30.000000,30.000000,30.000000,8.170000,1.000000
2232.982910,437.000000,437.000000,2.140000,34.000000,32.000000,30.000000,6.310000,1.000000
2232.988037,450.000000,450.000000,2.240000,34.000000,32.000000,30.000000,6.310000,1.000000
2232.992920,309.000000,309.000000,2.250000,30.000000,30.000000,30.000000,7.710000,1.000000
2232.998047,319.000000,319.000000,2.030000,30.000000,30.000000,30.000000,7.710000,1.000000
2233.002930,458.000000,458.000000,1.890000,34.000000,32.000000,30.000000,6.320000,1.000000
2233.008057,484.000000,484.000000,1.850000,34.000000,32.000000,30.000000,6.320000,1.000000
2233.012939,379.000000,379.000000,1.830000,30.000000,28.000000,30.000000,7.710000,1.000000
2233.018066,365.000000,365.000000,1.660000,30.000000,28.000000,30.000000,7.710000,1.000000
2233.022949,478.000000,478.000000,1.540000,34.000000,34.000000,30.000000,5.860000,1.000000
2233.028076,352.000000,352.000000,1.390000,34.000000,34.000000,30.000000,5.860000,1.000000
2233.032959,319.000000,319.000000,1.440000,32.000000,30.000000,30.000000,8.180000,1.000000
2233.038086,473.000000,473.000000,1.380000,32.000000,30.000000,30.000000,8.180000,1.000000
2233.042969,459.000000,459.000000,1.500000,36.000000,32.000000,30.000000,6.790000,1.000000
2233.048096,353.000000,353.000000,1.590000,36.000000,32.000000,30.000000,6.790000,1.000000
2233.052979,372.000000,372.000000,1.610000,30.000000,28.000000,30.000000,8.190000,1.000000
2233.058105,511.000000,511.000000,1.360000,30.000000,28.000000,30.000000,8.190000,1.000000
2233.062988,535.000000,535.000000,1.120000,36.000000,32.000000,30.000000,5.870000,1.000000
2233.068115,350.000000,350.000000,1.160000,36.000000,32.000000,30.000000,5.870000,1.000000
2233.072998,315.000000,315.000000,1.250000,30.000000,30.000000,30.000000,8.190000,1.000000
2233.077881,497.000000,497.000000,1.040000,30.000000,30.000000,30.000000,8.190000,1.000000
2233.083008,499.000000,499.000000,1.070000,36.000000,32.000000,30.000000,6.330000,1.000000
2233.087891,371.000000,371.000000,0.910000,36.000000,32.000000,30.000000,6.330000,1.000000
2233.093018,354.000000,354.000000,0.960000,32.000000,32.000000,30.000000,8.190000,1.000000
2233.097900,459.000000,459.000000,1.010000,32.000000,32.000000,30.000000,8.190000,1.000000
2233.103027,451.000000,451.000000,0.980000,36.000000,32.000000,30.000000,7.270000,1.000000
2233.107910,365.000000,365.000000,1.110000,36.000000,32.000000,30.000000,7.270000,1.000000
2233.113037,343.000000,343.000000,1.210000,32.000000,30.000000,30.000000,8.200000,1.000000
2233.117920,413.000000,413.000000,1.190000,32.000000,30.000000,30.000000,8.200000,1.000000
2233.123047,402.000000,402.000000,1.320000,36.000000,36.000000,30.000000,6.810000,1.000000
2233.127930,291.000000,291.000000,1.410000,36.000000,36.000000,30.000000,6.810000,1.000000
2233.133057,275.000000,275.000000,1.610000,32.000000,32.000000,30.000000,9.140000,1.000000
2233.137939,451.000000,451.000000,1.610000,32.000000,32.000000,30.000000,9.140000,1.000000
2233.143066,458.000000,458.000000,1.660000,34.000000,34.000000,30.000000,7.290000,1.000000
2233.147949,318.000000,318.000000,1.790000,34.000000,34.000000,30.000000,7.290000,1.000000
2233.153076,318.000000,318.000000,1.920000,32.000000,30.000000,30.000000,8.220000,1.000000
2233.157959,414.000000,414.000000,1.740000,32.000000,30.000000,30.000000,8.220000,1.000000
2233.163086,418.000000,418.000000,1.790000,34.000000,34.000000,30.000000,6.830000,1.000000
2233.167969,293.000000,293.000000,1.990000,34.000000,34.000000,30.000000,6.830000,1.000000
2233.173096,284.000000,284.000000,2.130000,32.000000,30.000000,30.000000,8.220000,1.000000
2233.177979,413.000000,413.000000,1.970000,32.000000,30.000000,30.000000,8.220000,1.000000
2233.183105,425.000000,425.000000,1.930000,34.000000,34.000000,30.000000,6.830000,1.000000
2233.187988,310.000000,310.000000,2.060000,34.000000,34.000000,30.000000,6.830000,1.000000
2233.193115,301.000000,301.000000,2.160000,30.000000,30.000000,30.000000,8.230000,1.000000
2233.197998,424.000000,424.000000,2.020000,30.000000,30.000000,30.000000,8.230000,1.000000
2233.202881,427.000000,427.000000,2.070000,34.000000,32.000000,30.000000,6.370000,1.000000
2233.208008,280.000000,280.000000,2.220000,34.000000,32.000000,30.000000,6.370000,1.000000
2233.212891,288.000000,288.000000,2.290000,30.000000,30.000000,30.000000,7.770000,1.000000
2233.218018,432.000000,432.000000,2.040000,30.000000,30.000000,30.000000,7.770000,1.000000
2233.222900,450.000000,450.000000,1.930000,34.000000,32.000000,30.000000,6.380000,1.000000
2233.228027,316.000000,316.000000,2.120000,34.000000,32.000000,30.000000,6.380000,1.000000
2233.232910,296.000000,296.000000,2.210000,32.000000,28.000000,30.000000,7.770000,1.000000
2233.238037,421.000000,421.000000,2.040000,32.000000,28.000000,30.000000,7.770000,1.000000
2233.242920,425.000000,425.000000,2.070000,34.000000,34.000000,30.000000,6.380000,1.000000
2233.248047,315.000000,315.000000,2.110000,34.000000,34.000000,30.000000,6.380000,1.000000
2233.252930,316.000000,316.000000,2.140000,30.000000,30.000000,30.000000,8.240000,1.000000
2233.258057,470.000000,470.000000,2.000000,30.000000,30.000000,30.000000,8.240000,1.000000
2233.262939,483.000000,483.000000,1.880000,32.000000,32.000000,30.000000,6.390000,1.000000
2233.268066,329.000000,329.000000,1.960000,32.000000,32.000000,30.000000,6.390000,1.000000
2233.272949,297.000000,297.000000,2.170000,30.000000,30.000000,30.000000,7.320000,1.000000
2233.278076,393.000000,393.000000,1.910000,30.000000,30.000000,30.000000,7.320000,1.000000
2233.282959,402.000000,402.000000,1.920000,32.000000,32.000000,30.000000,6.390000,1.000000
2233.288086,324.000000,324.000000,1.990000,32.000000,32.000000,30.000000,6.390000,1.000000
2233.292969,334.000000,334.000000,1.920000,30.000000,30.000000,30.000000,7.320000,1.000000
2233.298096,411.000000,411.000000,1.810000,30.000000,30.000000,30.000000,7.320000,1.000000
2233.302979,413.000000,413.000000,1.700000,34.000000,34.000000,30.000000,6.390000,1.000000
2233.308105,321.000000,321.000000,1.790000,34.000000,34.000000,30.000000,6.390000,1.000000
2233.312988,298.000000,298.000000,2.050000,30.000000,30.000000,30.000000,8.250000,1.000000
2233.318115,470.000000,470.000000,1.800000,30.000000,30.000000,30.000000,8.250000,1.000000
2233.322998,488.000000,488.000000,1.790000,32.000000,32.000000,30.000000,6.400000,1.000000
2233.327881,356.000000,356.000000,1.830000,32.000000,32.000000,30.000000,6.400000,1.000000
2233.333008,372.000000,372.000000,1.780000,30.000000,28.000000,30.000000,7.330000,1.000000
2233.337891,462.000000,462.000000,1.660000,30.000000,28.000000,30.000000,7.330000,1.000000
2233.343018,476.000000,476.000000,1.530000,34.000000,32.000000,30.000000,5.930000,1.000000
2233.347900,366.000000,366.000000,1.490000,34.000000,32.000000,30.000000,5.930000,1.000000
2233.353027,342.000000,342.000000,1.540000,32.000000,30.000000,30.000000,7.790000,1.000000
2233.357910,480.000000,480.000000,1.400000,32.000000,30.000000,30.000000,7.790000,1.000000
2233.363037,481.000000,481.000000,1.320000,34.000000,34.000000,30.000000,6.870000,1.000000
2233.367920,402.000000,402.000000,1.350000,34.000000,34.000000,30.000000,6.870000,1.000000
2233.373047,381.000000,381.000000,1.420000,30.000000,30.000000,30.000000,8.260000,1.000000
2233.377930,481.000000,481.000000,1.360000,30.000000,30.000000,30.000000,8.260000,1.000000
2233.383057,485.000000,485.000000,1.340000,36.000000,32.000000,30.000000,6.410000,1.000000
2233.387939,338.000000,338.000000,1.440000,36.000000,32.000000,30.000000,6.410000,1.000000
2233.393066,326.000000,326.000000,1.510000,32.000000,32.000000,30.000000,8.270000,1.000000
2233.397949,473.000000,473.000000,1.380000,32.000000,32.000000,30.000000,8.270000,1.000000
2233.403076,471.000000,471.000000,1.430000,34.000000,34.000000,30.000000,7.340000,1.000000
2233.407959,389.000000,389.000000,1.550000,34.000000,34.000000,30.000000,7.340000,1.000000
2233.413086,377.000000,377.000000,1.630000,34.000000,32.000000,30.000000,8.270000,1.000000
2233.417969,446.000000,446.000000,1.590000,34.000000,32.000000,30.000000,8.270000,1.000000
2233.423096,443.000000,443.000000,1.610000,36.000000,34.000000,30.000000,7.810000,1.000000
2233.427979,390.000000,390.000000,1.740000,36.000000,34.000000,30.000000,7.810000,1.000000
2233.433105,379.000000,379.000000,1.790000,32.000000,32.000000,30.000000,8.750000,1.000000
2233.437988,456.000000,456.000000,1.760000,32.000000,32.000000,30.000000,8.750000,1.000000
2233.443115,451.000000,451.000000,1.830000,34.000000,34.000000,30.000000,7.360000,1.000000
2233.447998,344.000000,344.000000,1.890000,34.000000,34.000000,30.000000,7.360000,1.000000
2233.452881,340.000000,340.000000,2.010000,30.000000,32.000000,30.000000,8.290000,1.000000
2233.458008,431.000000,431.000000,1.830000,30.000000,32.000000,30.000000,8.290000,1.000000
2233.462891,441.000000,441.000000,1.740000,34.000000,36.000000,30.000000,6.900000,1.000000
2233.468018,309.000000,309.000000,1.900000,34.000000,36.000000,30.000000,6.900000,1.000000
2233.472900,291.000000,291.000000,2.020000,32.000000,32.000000,30.000000,8.760000,1.000000
2233.478027,439.000000,439.000000,1.950000,32.000000,32.000000,30.000000,8.760000,1.000000
2233.482910,439.000000,439.000000,1.990000,34.000000,34.000000,30.000000,7.370000,1.000000
2233.488037,317.000000,317.000000,2.210000,34.000000,34.000000,30.000000,7.370000,1.000000
2233.492920,327.000000,327.000000,2.340000,32.000000,30.000000,30.000000,8.310000,1.000000
2233.498047,447.000000,447.000000,2.100000,32.000000,30.000000,30.000000,8.310000,1.000000
2233.502930,471.000000,471.000000,1.990000,34.000000,34.000000,30.000000,6.920000,1.000000
2233.508057,357.000000,357.000000,2.070000,34.000000,34.000000,30.000000,6.920000,1.000000
2233.512939,351.000000,351.000000,2.180000,32.000000,30.000000,30.000000,8.310000,1.000000
2233.518066,485.000000,485.000000,1.960000,32.000000,30.000000,30.000000,8.310000,1.000000
2233.522949,502.000000,502.000000,1.930000,34.000000,34.000000,30.000000,6.920000,1.000000
2233.528076,397.000000,397.000000,2.000000,34.000000,34.000000,30.000000,6.920000,1.000000
2233.532959,403.000000,403.000000,1.940000,32.000000,32.000000,30.000000,8.320000,1.000000
2233.538086,515.000000,515.000000,1.810000,32.000000,32.000000,30.000000,8.320000,1.000000
2233.542969,522.000000,522.000000,1.680000,36.000000,34.000000,30.000000,7.390000,1.000000
2233.548096,443.000000,443.000000,1.640000,36.000000,34.000000,30.000000,7.390000,1.000000
2233.552979,413.000000,413.000000,1.680000,34.000000,32.000000,30.000000,8.790000,1.000000
2233.558105,488.000000,488.000000,1.670000,34.000000,32.000000,30.000000,8.790000,1.000000
2233.562988,482.000000,482.000000,1.700000,36.000000,36.000000,30.000000,7.870000,1.000000
2233.568115,410.000000,410.000000,1.710000,36.000000,36.000000,30.000000,7.870000,1.000000
2233.572998,397.000000,397.000000,1.830000,34.000000,32.000000,30.000000,9.260000,1.000000
2233.577881,493.000000,493.000000,1.850000,34.000000,32.000000,30.000000,9.260000,1.000000
2233.583008,502.000000,502.000000,1.680000,36.000000,36.000000,30.000000,7.880000,1.000000
2233.587891,365.000000,365.000000,1.890000,36.000000,36.000000,30.000000,7.880000,1.000000
2233.593018,319.000000,319.000000,2.150000,34.000000,34.000000,30.000000,9.270000,1.000000
2233.597900,427.000000,427.000000,2.140000,34.000000,34.000000,30.000000,9.270000,1.000000
2233.603027,429.000000,429.000000,2.260000,36.000000,36.000000,30.000000,8.350000,1.000000
2233.607910,340.000000,340.000000,2.500000,36.000000,36.000000,30.000000,8.350000,1.000000
2233.613037,346.000000,346.000000,2.570000,32.000000,32.000000,30.000000,9.290000,1.000000
2233.617920,431.000000,431.000000,2.510000,32.000000,32.000000,30.000000,9.290000,1.000000
2233.623047,439.000000,439.000000,2.470000,38.000000,36.000000,30.000000,7.430000,1.000000
2233.627930,280.000000,280.000000,2.640000,38.000000,36.000000,30.000000,7.430000,1.000000
2233.633057,251.000000,251.000000,2.890000,32.000000,32.000000,30.000000,9.760000,1.000000
2233.637939,439.000000,439.000000,2.700000,32.000000,32.000000,30.000000,9.760000,1.000000
2233.643066,444.000000,444.000000,2.790000,36.000000,36.000000,30.000000,7.440000,1.000000
2233.647949,265.000000,265.000000,2.960000,36.000000,36.000000,30.000000,7.440000,1.000000
2233.653076,272.000000,272.000000,3.010000,32.000000,32.000000,30.000000,9.310000,1.000000
2233.657959,430.000000,430.000000,2.890000,32.000000,32.000000,30.000000,9.310000,1.000000
2233.663086,444.000000,444.000000,2.810000,36.000000,36.000000,30.000000,7.450000,1.000000
2233.667969,290.000000,290.000000,2.900000,36.000000,36.000000,30.000000,7.450000,1.000000
2233.673096,269.000000,269.000000,2.990000,32.000000,32.000000,30.000000,9.320000,1.000000
2233.677979,413.000000,413.000000,2.850000,32.000000,32.000000,30.000000,9.320000,1.000000
2233.683105,408.000000,408.000000,2.950000,34.000000,34.000000,30.000000,7.460000,1.000000
2233.687988,252.000000,252.000000,3.150000,34.000000,34.000000,30.000000,7.460000,1.000000
2233.693115,253.000000,253.000000,3.260000,32.000000,32.000000,30.000000,8.400000,1.000000
2233.697998,350.000000,350.000000,3.170000,32.000000,32.000000,30.000000,8.400000,1.000000
2233.702881,362.000000,362.000000,3.140000,34.000000,32.000000,30.000000,7.470000,1.000000
2233.708008,285.000000,285.000000,3.180000,34.000000,32.000000,30.000000,7.470000,1.000000
2233.712891,267.000000,267.000000,3.350000,30.000000,30.000000,30.000000,7.940000,1.000000
2233.718018,329.000000,329.000000,3.180000,30.000000,30.000000,30.000000,7.940000,1.000000
2233.722900,332.000000,332.000000,3.280000,34.000000,32.000000,30.000000,6.550000,1.000000
2233.728027,234.000000,234.000000,3.330000,34.000000,32.000000,30.000000,6.550000,1.000000
2233.732910,254.000000,254.000000,3.390000,30.000000,30.000000,30.000000,7.940000,1.000000
2233.738037,410.000000,410.000000,3.070000,30.000000,30.000000,30.000000,7.940000,1.000000
2233.742920,426.000000,426.000000,3.070000,32.000000,30.000000,30.000000,6.550000,1.000000
2233.748047,338.000000,338.000000,3.020000,32.000000,30.000000,30.000000,6.550000,1.000000
2233.752930,358.000000,358.000000,3.040000,26.000000,28.000000,30.000000,7.020000,1.000000
2233.758057,453.000000,453.000000,2.660000,26.000000,28.000000,30.000000,7.020000,1.000000
2233.762939,486.000000,486.000000,2.460000,32.000000,30.000000,30.000000,5.160000,1.000000
2233.768066,355.000000,355.000000,2.360000,32.000000,30.000000,30.000000,5.160000,1.000000
2233.772949,366.000000,366.000000,2.140000,26.000000,26.000000,30.000000,7.010000,1.000000
2233.778076,524.000000,524.000000,1.810000,26.000000,26.000000,30.000000,7.010000,1.000000
2233.782959,531.000000,531.000000,1.630000,30.000000,32.000000,30.000000,4.690000,1.000000
2233.788086,363.000000,363.000000,1.400000,30.000000,32.000000,30.000000,4.690000,1.000000
2233.792969,327.000000,327.000000,1.390000,28.000000,28.000000,30.000000,7.010000,1.000000
2233.798096,475.000000,475.000000,1.240000,28.000000,28.000000,30.000000,7.010000,1.000000
2233.802979,472.000000,472.000000,1.160000,32.000000,30.000000,30.000000,5.620000,1.000000
2233.808105,366.000000,366.000000,1.100000,32.000000,30.000000,30.000000,5.620000,1.000000
2233.812988,358.000000,358.000000,1.100000,32.000000,30.000000,30.000000,7.010000,1.000000
2233.818115,446.000000,446.000000,1.010000,32.000000,30.000000,30.000000,7.010000,1.000000
2233.822998,437.000000,437.000000,0.960000,34.000000,34.000000,30.000000,7.010000,1.000000
2233.827881,410.000000,410.000000,1.040000,34.000000,34.000000,30.000000,7.010000,1.000000
2233.833008,383.000000,383.000000,1.170000,32.000000,32.000000,30.000000,8.410000,1.000000
2233.837891,499.000000,499.000000,0.980000,32.000000,32.000000,30.000000,8.410000,1.000000
2233.843018,499.000000,499.000000,1.010000,34.000000,34.000000,30.000000,7.480000,1.000000
2233.847900,418.000000,418.000000,1.140000,34.000000,34.000000,30.000000,7.480000,1.000000
2233.853027,412.000000,412.000000,1.240000,30.000000,30.000000,30.000000,8.410000,1.000000
2233.857910,506.000000,506.000000,1.060000,30.000000,30.000000,30.000000,8.410000,1.000000
2233.863037,511.000000,511.000000,1.030000,36.000000,32.000000,30.000000,6.560000,1.000000
2233.867920,363.000000,363.000000,1.030000,36.000000,32.000000,30.000000,6.560000,1.000000
2233.873047,333.000000,333.000000,1.160000,32.000000,32.000000,30.000000,8.420000,1.000000
2233.877930,462.000000,462.000000,1.090000,32.000000,32.000000,30.000000,8.420000,1.000000
2233.883057,457.000000,457.000000,1.150000,34.000000,34.000000,30.000000,7.490000,1.000000
2233.887939,374.000000,374.000000,1.270000,34.000000,34.000000,30.000000,7.490000,1.000000
2233.893066,353.000000,353.000000,1.370000,32.000000,32.000000,30.000000,8.430000,1.000000
2233.897949,396.000000,396.000000,1.500000,32.000000,32.000000,30.000000,8.430000,1.000000
2233.903076,378.000000,378.000000,1.590000,36.000000,36.000000,30.000000,7.500000,1.000000
2233.907959,292.000000,292.000000,1.780000,36.000000,36.000000,30.000000,7.500000,1.000000
2233.913086,282.000000,282.000000,2.010000,32.000000,32.000000,30.000000,9.360000,1.000000
2233.917969,441.000000,441.000000,1.920000,32.000000,32.000000,30.000000,9.360000,1.000000
2233.923096,449.000000,449.000000,1.990000,34.000000,34.000000,30.000000,7.510000,1.000000
2233.927979,309.000000,309.000000,2.150000,34.000000,34.000000,30.000000,7.510000,1.000000
2233.933105,303.000000,303.000000,2.340000,30.000000,30.000000,30.000000,8.440000,1.000000
2233.937988,409.000000,409.000000,2.190000,30.000000,30.000000,30.000000,8.440000,1.000000
2233.943115,422.000000,422.000000,2.280000,36.000000,34.000000,30.000000,6.590000,1.000000
2233.947998,285.000000,285.000000,2.360000,36.000000,34.000000,30.000000,6.590000,1.000000
2233.952881,291.000000,291.000000,2.370000,32.000000,30.000000,30.000000,8.910000,1.000000
2233.958008,484.000000,484.000000,2.160000,32.000000,30.000000,30.000000,8.910000,1.000000
2233.962891,492.000000,492.000000,2.050000,32.000000,34.000000,30.000000,7.060000,1.000000
2233.968018,334.000000,334.000000,2.140000,32.000000,34.000000,30.000000,7.060000,1.000000
2233.972900,299.000000,299.000000,2.370000,30.000000,30.000000,30.000000,7.990000,1.000000
2233.978027,394.000000,394.000000,2.110000,30.000000,30.000000,30.000000,7.990000,1.000000
2233.982910,402.000000,402.000000,2.130000,34.000000,34.000000,30.000000,6.600000,1.000000
2233.988037,283.000000,283.000000,2.370000,34.000000,34.000000,30.000000,6.600000,1.000000
2233.992920,303.000000,303.000000,2.250000,30.000000,32.000000,30.000000,8.460000,1.000000
2233.998047,464.000000,464.000000,2.080000,30.000000,32.000000,30.000000,8.460000,1.000000
2234.002930,468.000000,468.000000,1.960000,34.000000,34.000000,30.000000,7.070000,1.000000
2234.008057,340.000000,340.000000,2.050000,34.000000,34.000000,30.000000,7.070000,1.000000
2234.012939,316.000000,316.000000,2.270000,30.000000,30.000000,30.000000,8.460000,1.000000
2234.018066,449.000000,449.000000,2.030000,30.000000,30.000000,30.000000,8.460000,1.000000
2234.022949,459.000000,459.000000,2.060000,32.000000,32.000000,30.000000,6.610000,1.000000
2234.028076,311.000000,311.000000,2.210000,32.000000,32.000000,30.000000,6.610000,1.000000
2234.032959,317.000000,317.000000,2.200000,30.000000,32.000000,30.000000,7.540000,1.000000
2234.038086,412.000000,412.000000,2.070000,30.000000,32.000000,30.000000,7.540000,1.000000
2234.042969,421.000000,421.000000,1.980000,34.000000,34.000000,30.000000,7.080000,1.000000
2234.048096,366.000000,366.000000,2.020000,34.000000,34.000000,30.000000,7.080000,1.000000
2234.052979,339.000000,339.000000,2.140000,32.000000,30.000000,30.000000,8.470000,1.000000
2234.058105,443.000000,443.000000,2.060000,32.000000,30.000000,30.000000,8.470000,1.000000
2234.062988,447.000000,447.000000,2.040000,34.000000,32.000000,30.000000,7.080000,1.000000
2234.068115,331.000000,331.000000,2.160000,34.000000,32.000000,30.000000,7.080000,1.000000
2234.072998,317.000000,317.000000,2.330000,32.000000,30.000000,30.000000,8.010000,1.000000
2234.077881,419.000000,419.000000,2.100000,32.000000,30.000000,30.000000,8.010000,1.000000
2234.083008,435.000000,435.000000,2.080000,34.000000,34.000000,30.000000,7.090000,1.000000
2234.087891,359.000000,359.000000,2.160000,34.000000,34.000000,30.000000,7.090000,1.000000
2234.093018,358.000000,358.000000,2.160000,30.000000,30.000000,30.000000,8.480000,1.000000
2234.097900,473.000000,473.000000,2.010000,30.000000,30.000000,30.000000,8.480000,1.000000
2234.103027,482.000000,482.000000,1.890000,34.000000,32.000000,30.000000,6.630000,1.000000
2234.107910,329.000000,329.000000,2.020000,34.000000,32.000000,30.000000,6.630000,1.000000
2234.113037,316.000000,316.000000,2.180000,32.000000,30.000000,30.000000,8.020000,1.000000
2234.117920,456.000000,456.000000,1.940000,32.000000,30.000000,30.000000,8.020000,1.000000
2234.123047,482.000000,482.000000,1.790000,34.000000,34.000000,30.000000,7.100000,1.000000
2234.127930,404.000000,404.000000,1.760000,34.000000,34.000000,30.000000,7.100000,1.000000
2234.133057,370.000000,370.000000,1.830000,32.000000,30.000000,30.000000,8.490000,1.000000
2234.137939,453.000000,453.000000,1.830000,32.000000,30.000000,30.000000,8.490000,1.000000
2234.143066,446.000000,446.000000,1.870000,34.000000,34.000000,30.000000,7.100000,1.000000
2234.147949,331.000000,331.000000,2.020000,34.000000,34.000000,30.000000,7.100000,1.000000
2234.153076,341.000000,341.000000,2.070000,32.000000,32.000000,30.000000,8.500000,1.000000
2234.157959,473.000000,473.000000,1.900000,32.000000,32.000000,30.000000,8.500000,1.000000
2234.163086,485.000000,485.000000,1.730000,34.000000,34.000000,30.000000,7.570000,1.000000
2234.167969,386.000000,386.000000,1.800000,34.000000,34.000000,30.000000,7.570000,1.000000
2234.173096,352.000000,352.000000,1.970000,32.000000,32.000000,30.000000,8.510000,1.000000
2234.177979,433.000000,433.000000,1.860000,32.000000,32.000000,30.000000,8.510000,1.000000
2234.183105,433.000000,433.000000,1.920000,34.000000,34.000000,30.000000,7.580000,1.000000
2234.187988,436.000000,436.000000,2.140000,34.000000,34.000000,30.000000,7.580000,1.000000
2234.193115,348.000000,348.000000,2.160000,34.000000,30.000000,30.000000,8.510000,1.000000
2234.197998,357.000000,357.000000,1.970000,34.000000,30.000000,30.000000,8.510000,1.000000
2234.202881,453.000000,453.000000,1.900000,34.000000,34.000000,30.000000,7.590000,1.000000
2234.208008,457.000000,457.000000,2.090000,34.000000,34.000000,30.000000,7.590000,1.000000
2234.212891,356.000000,356.000000,2.280000,32.000000,32.000000,30.000000,8.520000,1.000000
2234.218018,333.000000,333.000000,2.100000,32.000000,32.000000,30.000000,8.520000,1.000000
2234.222900,430.000000,430.000000,2.150000,36.000000,34.000000,30.000000,7.590000,1.000000
2234.228027,436.000000,436.000000,2.220000,36.000000,34.000000,30.000000,7.590000,1.000000
2234.232910,359.000000,359.000000,2.310000,30.000000,30.000000,30.000000,8.990000,1.000000
2234.238037,353.000000,353.000000,2.150000,30.000000,30.000000,30.000000,8.990000,1.000000
2234.242920,474.000000,474.000000,2.170000,34.000000,34.000000,30.000000,6.670000,1.000000
2234.248047,476.000000,476.000000,2.260000,34.000000,34.000000,30.000000,6.670000,1.000000
2234.252930,294.000000,294.000000,2.350000,30.000000,32.000000,30.000000,8.530000,1.000000
2234.258057,289.000000,289.000000,2.200000,30.000000,32.000000,30.000000,8.530000,1.000000
2234.262939,452.000000,452.000000,2.100000,36.000000,34.000000,30.000000,7.140000,1.000000
2234.268066,470.000000,470.000000,2.070000,36.000000,34.000000,30.000000,7.140000,1.000000
2234.272949,359.000000,359.000000,2.130000,30.000000,32.000000,30.000000,9.000000,1.000000
2234.278076,330.000000,330.000000,2.070000,30.000000,32.000000,30.000000,9.000000,1.000000
2234.282959,460.000000,460.000000,2.170000,34.000000,34.000000,30.000000,7.150000,1.000000
2234.288086,449.000000,449.000000,2.280000,34.000000,34.000000,30.000000,7.150000,1.000000
2234.292969,301.000000,301.000000,2.420000,32.000000,32.000000,30.000000,8.550000,1.000000
2234.298096,294.000000,294.000000,2.320000,32.000000,32.000000,30.000000,8.550000,1.000000
2234.302979,418.000000,418.000000,2.270000,36.000000,36.000000,30.000000,7.620000,1.000000
2234.308105,430.000000,430.000000,2.380000,36.000000,36.000000,30.000000,7.620000,1.000000
2234.312988,344.000000,344.000000,2.520000,32.000000,32.000000,30.000000,9.480000,1.000000
2234.318115,324.000000,324.000000,2.400000,32.000000,32.000000,30.000000,9.480000,1.000000
2234.322998,477.000000,477.000000,2.410000,34.000000,32.000000,30.000000,7.630000,1.000000
2234.327881,485.000000,485.000000,2.500000,34.000000,32.000000,30.000000,7.630000,1.000000
2234.333008,345.000000,345.000000,2.620000,32.000000,30.000000,30.000000,8.100000,1.000000
2234.337891,339.000000,339.000000,2.430000,32.000000,30.000000,30.000000,8.100000,1.000000
2234.343018,400.000000,400.000000,2.350000,34.000000,34.000000,30.000000,7.170000,1.000000
2234.347900,411.000000,411.000000,2.450000,34.000000,34.000000,30.000000,7.170000,1.000000
2234.353027,323.000000,323.000000,2.520000,32.000000,32.000000,30.000000,8.570000,1.000000
2234.357910,304.000000,304.000000,2.420000,32.000000,32.000000,30.000000,8.570000,1.000000
2234.363037,412.000000,412.000000,2.440000,34.000000,34.000000,30.000000,7.640000,1.000000
2234.367920,406.000000,406.000000,2.580000,34.000000,34.000000,30.000000,7.640000,1.000000
2234.373047,316.000000,316.000000,2.800000,30.000000,30.000000,30.000000,8.580000,1.000000
2234.377930,294.000000,294.000000,2.620000,30.000000,30.000000,30.000000,8.580000,1.000000
2234.383057,391.000000,391.000000,2.680000,34.000000,34.000000,30.000000,6.720000,1.000000
2234.387939,400.000000,400.000000,2.800000,34.000000,34.000000,30.000000,6.720000,1.000000
2234.393066,261.000000,261.000000,2.880000,30.000000,30.000000,30.000000,8.580000,1.000000
2234.397949,273.000000,273.000000,2.690000,30.000000,30.000000,30.000000,8.580000,1.000000
2234.403076,445.000000,445.000000,2.470000,32.000000,32.000000,30.000000,6.720000,1.000000
2234.407959,470.000000,470.000000,2.560000,32.000000,32.000000,30.000000,6.720000,1.000000
2234.413086,309.000000,309.000000,2.690000,28.000000,30.000000,30.000000,7.650000,1.000000
2234.417969,285.000000,285.000000,2.430000,28.000000,30.000000,30.000000,7.650000,1.000000
2234.423096,385.000000,385.000000,2.400000,32.000000,34.000000,30.000000,6.260000,1.000000
2234.427979,395.000000,395.000000,2.490000,32.000000,34.000000,30.000000,6.260000,1.000000
2234.433105,285.000000,285.000000,2.490000,30.000000,30.000000,30.000000,8.120000,1.000000
2234.437988,291.000000,291.000000,2.260000,30.000000,30.000000,30.000000,8.120000,1.000000
2234.443115,448.000000,448.000000,2.110000,32.000000,32.000000,30.000000,6.730000,1.000000
2234.447998,454.000000,454.000000,2.200000,32.000000,32.000000,30.000000,6.730000,1.000000
2234.452881,320.000000,320.000000,2.420000,28.000000,28.000000,30.000000,7.660000,1.000000
2234.458008,284.000000,284.000000,2.210000,28.000000,28.000000,30.000000,7.660000,1.000000
2234.462891,379.000000,379.000000,2.200000,34.000000,32.000000,30.000000,5.800000,1.000000
2234.468018,388.000000,388.000000,2.350000,34.000000,32.000000,30.000000,5.800000,1.000000
2234.472900,240.000000,240.000000,2.280000,28.000000,30.000000,30.000000,8.120000,1.000000
2234.478027,255.000000,255.000000,2.050000,28.000000,30.000000,30.000000,8.120000,1.000000
2234.482910,451.000000,451.000000,1.900000,32.000000,30.000000,30.000000,6.270000,1.000000
2234.488037,466.000000,466.000000,1.960000,32.000000,30.000000,30.000000,6.270000,1.000000
2234.492920,309.000000,309.000000,2.110000,30.000000,28.000000,30.000000,7.200000,1.000000
2234.498047,288.000000,288.000000,1.870000,30.000000,28.000000,30.000000,7.200000,1.000000
2234.502930,388.000000,388.000000,1.880000,32.000000,32.000000,30.000000,6.270000,1.000000
2234.508057,396.000000,396.000000,1.990000,32.000000,32.000000,30.000000,6.270000,1.000000
2234.512939,317.000000,317.000000,2.000000,28.000000,30.000000,30.000000,7.660000,1.000000
2234.518066,316.000000,316.000000,1.890000,28.000000,30.000000,30.000000,7.660000,1.000000
2234.522949,432.000000,432.000000,1.880000,32.000000,32.000000,30.000000,6.270000,1.000000
2234.528076,433.000000,433.000000,1.940000,32.000000,32.000000,30.000000,6.270000,1.000000
2234.532959,322.000000,322.000000,2.060000,30.000000,28.000000,30.000000,7.660000,1.000000
2234.538086,311.000000,311.000000,1.760000,30.000000,28.000000,30.000000,7.660000,1.000000
2234.542969,448.000000,448.000000,1.550000,32.000000,32.000000,30.000000,6.270000,1.000000
2234.548096,474.000000,474.000000,1.680000,32.000000,32.000000,30.000000,6.270000,1.000000
2234.552979,347.000000,347.000000,1.730000,28.000000,28.000000,30.000000,7.660000,1.000000
2234.558105,324.000000,324.000000,1.530000,28.000000,28.000000,30.000000,7.660000,1.000000
2234.562988,448.000000,448.000000,1.550000,34.000000,32.000000,30.000000,5.810000,1.000000
2234.568115,449.000000,449.000000,1.550000,34.000000,32.000000,30.000000,5.810000,1.000000
2234.572998,307.000000,307.000000,1.520000,28.000000,30.000000,30.000000,8.130000,1.000000
2234.577881,308.000000,308.000000,1.390000,28.000000,30.000000,30.000000,8.130000,1.000000
2234.583008,478.000000,478.000000,1.270000,32.000000,32.000000,30.000000,6.270000,1.000000
2234.587891,482.000000,482.000000,1.460000,32.000000,32.000000,30.000000,6.270000,1.000000
2234.593018,314.000000,314.000000,1.560000,30.000000,30.000000,30.000000,7.670000,1.000000
2234.597900,287.000000,287.000000,1.440000,30.000000,30.000000,30.000000,7.670000,1.000000
2234.603027,400.000000,400.000000,1.510000,32.000000,32.000000,30.000000,6.740000,1.000000
2234.607910,397.000000,397.000000,1.590000,32.000000,32.000000,30.000000,6.740000,1.000000
2234.613037,312.000000,312.000000,1.700000,30.000000,30.000000,30.000000,7.670000,1.000000
2234.617920,296.000000,296.000000,1.620000,30.000000,30.000000,30.000000,7.670000,1.000000
2234.623047,368.000000,368.000000,1.640000,34.000000,32.000000,30.000000,6.740000,1.000000
2234.627930,368.000000,368.000000,1.790000,34.000000,32.000000,30.000000,6.740000,1.000000
2234.633057,280.000000,280.000000,1.980000,28.000000,30.000000,30.000000,8.140000,1.000000
2234.637939,260.000000,260.000000,1.870000,28.000000,30.000000,30.000000,8.140000,1.000000
2234.643066,391.000000,391.000000,1.960000,32.000000,32.000000,30.000000,6.280000,1.000000
2234.647949,395.000000,395.000000,2.020000,32.000000,32.000000,30.000000,6.280000,1.000000
2234.653076,269.000000,269.000000,2.080000,30.000000,26.000000,30.000000,7.670000,1.000000
2234.657959,288.000000,288.000000,1.840000,30.000000,26.000000,30.000000,7.670000,1.000000
2234.663086,422.000000,422.000000,1.800000,32.000000,30.000000,30.000000,5.820000,1.000000
2234.667969,434.000000,434.000000,1.840000,32.000000,30.000000,30.000000,5.820000,1.000000
2234.673096,292.000000,292.000000,1.980000,28.000000,28.000000,30.000000,7.210000,1.000000
2234.677979,276.000000,276.000000,1.720000,28.000000,28.000000,30.000000,7.210000,1.000000
2234.683105,410.000000,410.000000,1.590000,30.000000,30.000000,30.000000,5.820000,1.000000
2234.687988,428.000000,428.000000,1.750000,30.000000,30.000000,30.000000,5.820000,1.000000
2234.693115,296.000000,296.000000,1.870000,30.000000,28.000000,30.000000,6.740000,1.000000
2234.697998,271.000000,271.000000,1.670000,30.000000,28.000000,30.000000,6.740000,1.000000
2234.702881,360.000000,360.000000,1.680000,32.000000,32.000000,30.000000,6.280000,1.000000
2234.708008,358.000000,358.000000,1.860000,32.000000,32.000000,30.000000,6.280000,1.000000
2234.712891,293.000000,293.000000,1.930000,28.000000,28.000000,30.000000,7.670000,1.000000
2234.718018,298.000000,298.000000,1.740000,28.000000,28.000000,30.000000,7.670000,1.000000
2234.722900,437.000000,437.000000,1.730000,32.000000,32.000000,30.000000,5.810000,1.000000
2234.728027,448.000000,448.000000,1.680000,32.000000,32.000000,30.000000,5.810000,1.000000
2234.732910,318.000000,318.000000,1.800000,28.000000,26.000000,30.000000,7.670000,1.000000
2234.738037,306.000000,306.000000,1.530000,28.000000,26.000000,30.000000,7.670000,1.000000
2234.742920,476.000000,476.000000,1.530000,30.000000,30.000000,30.000000,5.350000,1.000000
2234.748047,487.000000,487.000000,1.660000,30.000000,30.000000,30.000000,5.350000,1.000000
2234.752930,304.000000,304.000000,1.600000,30.000000,28.000000,30.000000,6.740000,1.000000
2234.758057,306.000000,306.000000,1.460000,30.000000,28.000000,30.000000,6.740000,1.000000
2234.762939,422.000000,422.000000,1.340000,32.000000,32.000000,30.000000,6.280000,1.000000
2234.768066,423.000000,423.000000,1.220000,32.000000,32.000000,30.000000,6.280000,1.000000
2234.772949,371.000000,371.000000,1.270000,30.000000,30.000000,30.000000,7.670000,1.000000
2234.778076,331.000000,331.000000,1.190000,30.000000,30.000000,30.000000,7.670000,1.000000
2234.782959,419.000000,419.000000,1.320000,32.000000,34.000000,30.000000,6.740000,1.000000
2234.788086,402.000000,402.000000,1.500000,32.000000,34.000000,30.000000,6.740000,1.000000
2234.792969,313.000000,313.000000,1.610000,28.000000,28.000000,30.000000,8.140000,1.000000
2234.798096,325.000000,325.000000,1.420000,28.000000,28.000000,30.000000,8.140000,1.000000
2234.802979,464.000000,464.000000,1.280000,34.000000,32.000000,30.000000,5.820000,1.000000
2234.808105,486.000000,486.000000,1.380000,34.000000,32.000000,30.000000,5.820000,1.000000
2234.812988,297.000000,297.000000,1.600000,28.000000,30.000000,30.000000,8.140000,1.000000
2234.818115,266.000000,266.000000,1.390000,28.000000,30.000000,30.000000,8.140000,1.000000
2234.822998,459.000000,459.000000,1.400000,32.000000,32.000000,30.000000,6.280000,1.000000
2234.827881,466.000000,466.000000,1.510000,32.000000,32.000000,30.000000,6.280000,1.000000
2234.833008,319.000000,319.000000,1.480000,30.000000,28.000000,30.000000,7.680000,1.000000
2234.837891,320.000000,320.000000,1.440000,30.000000,28.000000,30.000000,7.680000,1.000000
2234.843018,419.000000,419.000000,1.330000,34.000000,34.000000,30.000000,6.280000,1.000000
2234.847900,418.000000,418.000000,1.370000,34.000000,34.000000,30.000000,6.280000,1.000000
2234.853027,295.000000,295.000000,1.670000,30.000000,30.000000,30.000000,8.610000,1.000000
2234.857910,248.000000,248.000000,1.600000,30.000000,30.000000,30.000000,8.610000,1.000000
2234.863037,415.000000,415.000000,1.620000,34.000000,32.000000,30.000000,6.750000,1.000000
2234.867920,419.000000,419.000000,1.850000,34.000000,32.000000,30.000000,6.750000,1.000000
2234.873047,270.000000,270.000000,1.990000,30.000000,30.000000,30.000000,8.150000,1.000000
2234.877930,277.000000,277.000000,1.910000,30.000000,30.000000,30.000000,8.150000,1.000000
2234.883057,401.000000,401.000000,1.900000,34.000000,34.000000,30.000000,6.750000,1.000000
2234.887939,414.000000,414.000000,2.010000,34.000000,34.000000,30.000000,6.750000,1.000000
2234.893066,296.000000,296.000000,2.180000,28.000000,30.000000,30.000000,8.610000,1.000000
2234.897949,279.000000,279.000000,2.010000,28.000000,30.000000,30.000000,8.610000,1.000000
2234.903076,435.000000,435.000000,2.010000,32.000000,32.000000,30.000000,6.290000,1.000000
2234.907959,441.000000,441.000000,2.170000,32.000000,32.000000,30.000000,6.290000,1.000000
2234.913086,252.000000,252.000000,2.320000,30.000000,28.000000,30.000000,7.690000,1.000000
2234.917969,238.000000,238.000000,2.130000,30.000000,28.000000,30.000000,7.690000,1.000000
2234.923096,366.000000,366.000000,2.120000,32.000000,32.000000,30.000000,6.300000,1.000000
2234.927979,375.000000,375.000000,2.220000,32.000000,32.000000,30.000000,6.300000,1.000000
2234.933105,259.000000,259.000000,2.320000,28.000000,30.000000,30.000000,7.690000,1.000000
2234.937988,243.000000,243.000000,2.160000,28.000000,30.000000,30.000000,7.690000,1.000000
2234.943115,360.000000,360.000000,2.290000,32.000000,30.000000,30.000000,6.300000,1.000000
2234.947998,353.000000,353.000000,2.410000,32.000000,30.000000,30.000000,6.300000,1.000000
2234.952881,242.000000,242.000000,2.530000,28.000000,26.000000,30.000000,7.230000,1.000000
2234.958008,250.000000,250.000000,2.300000,28.000000,26.000000,30.000000,7.230000,1.000000
2234.962891,357.000000,357.000000,2.340000,32.000000,30.000000,30.000000,5.370000,1.000000
2234.968018,365.000000,365.000000,2.400000,32.000000,30.000000,30.000000,5.370000,1.000000
2234.972900,229.000000,229.000000,2.530000,28.000000,28.000000,30.000000,7.220000,1.000000
2234.978027,230.000000,230.000000,2.260000,28.000000,28.000000,30.000000,7.220000,1.000000
2234.982910,402.000000,402.000000,2.260000,30.000000,28.000000,30.000000,5.830000,1.000000
2234.988037,413.000000,413.000000,2.230000,30.000000,28.000000,30.000000,5.830000,1.000000
2234.992920,320.000000,320.000000,2.240000,26.000000,24.000000,30.000000,6.290000,1.000000
2234.998047,331.000000,331.000000,2.020000,26.000000,24.000000,30.000000,6.290000,1.000000
2235.002930,399.000000,399.000000,1.900000,30.000000,30.000000,30.000000,4.430000,1.000000
2235.008057,413.000000,413.000000,1.850000,30.000000,30.000000,30.000000,4.430000,1.000000
2235.012939,274.000000,274.000000,1.790000,28.000000,26.000000,30.000000,6.750000,1.000000
2235.018066,265.000000,265.000000,1.520000,28.000000,26.000000,30.000000,6.750000,1.000000
2235.022949,449.000000,449.000000,1.450000,30.000000,30.000000,30.000000,5.360000,1.000000
2235.028076,452.000000,452.000000,1.510000,30.000000,30.000000,30.000000,5.360000,1.000000
2235.032959,334.000000,334.000000,1.570000,26.000000,26.000000,30.000000,6.750000,1.000000
2235.038086,329.000000,329.000000,1.280000,26.000000,26.000000,30.000000,6.750000,1.000000
2235.042969,463.000000,463.000000,1.130000,32.000000,30.000000,30.000000,4.890000,1.000000
2235.048096,477.000000,477.000000,1.170000,32.000000,30.000000,30.000000,4.890000,1.000000
2235.052979,322.000000,322.000000,1.200000,28.000000,28.000000,30.000000,7.210000,1.000000
2235.058105,296.000000,296.000000,1.080000,28.000000,28.000000,30.000000,7.210000,1.000000
2235.062988,467.000000,467.000000,0.990000,30.000000,32.000000,30.000000,5.810000,1.000000
2235.068115,472.000000,472.000000,0.980000,30.000000,32.000000,30.000000,5.810000,1.000000
2235.072998,362.000000,362.000000,1.030000,28.000000,28.000000,30.000000,7.210000,1.000000
2235.077881,345.000000,345.000000,0.950000,28.000000,28.000000,30.000000,7.210000,1.000000
2235.083008,448.000000,448.000000,0.860000,32.000000,30.000000,30.000000,5.810000,1.000000
2235.087891,451.000000,451.000000,0.960000,32.000000,30.000000,30.000000,5.810000,1.000000
2235.093018,322.000000,322.000000,1.120000,30.000000,30.000000,30.000000,7.200000,1.000000
2235.097900,287.000000,287.000000,1.140000,30.000000,30.000000,30.000000,7.200000,1.000000
2235.103027,380.000000,380.000000,1.180000,34.000000,32.000000,30.000000,6.740000,1.000000
2235.107910,376.000000,376.000000,1.410000,34.000000,32.000000,30.000000,6.740000,1.000000
2235.113037,315.000000,315.000000,1.490000,30.000000,28.000000,30.000000,8.140000,1.000000
2235.117920,317.000000,317.000000,1.270000,30.000000,28.000000,30.000000,8.140000,1.000000
2235.123047,452.000000,452.000000,1.300000,34.000000,34.000000,30.000000,6.280000,1.000000
2235.127930,456.000000,456.000000,1.380000,34.000000,34.000000,30.000000,6.280000,1.000000
2235.133057,302.000000,302.000000,1.630000,28.000000,28.000000,30.000000,8.600000,1.000000
2235.137939,280.000000,280.000000,1.420000,28.000000,28.000000,30.000000,8.600000,1.000000
2235.143066,482.000000,482.000000,1.310000,32.000000,32.000000,30.000000,5.820000,1.000000
2235.147949,504.000000,504.000000,1.520000,32.000000,32.000000,30.000000,5.820000,1.000000
2235.153076,282.000000,282.000000,1.540000,30.000000,28.000000,30.000000,7.680000,1.000000
2235.157959,274.000000,274.000000,1.370000,30.000000,28.000000,30.000000,7.680000,1.000000
2235.163086,432.000000,432.000000,1.400000,32.000000,32.000000,30.000000,6.280000,1.000000
2235.167969,429.000000,429.000000,1.430000,32.000000,32.000000,30.000000,6.280000,1.000000
2235.173096,305.000000,305.000000,1.550000,30.000000,32.000000,30.000000,7.680000,1.000000
2235.177979,274.000000,274.000000,1.560000,30.000000,32.000000,30.000000,7.680000,1.000000
2235.183105,364.000000,364.000000,1.560000,34.000000,34.000000,30.000000,7.210000,1.000000
2235.187988,354.000000,354.000000,1.800000,34.000000,34.000000,30.000000,7.210000,1.000000
2235.193115,287.000000,287.000000,2.020000,30.000000,30.000000,30.000000,8.610000,1.000000
2235.197998,267.000000,267.000000,1.900000,30.000000,30.000000,30.000000,8.610000,1.000000
2235.202881,390.000000,390.000000,2.070000,32.000000,32.000000,30.000000,6.750000,1.000000
2235.208008,389.000000,389.000000,2.200000,32.000000,32.000000,30.000000,6.750000,1.000000
2235.212891,251.000000,251.000000,2.410000,28.000000,28.000000,30.000000,7.680000,1.000000
2235.218018,253.000000,253.000000,2.210000,28.000000,28.000000,30.000000,7.680000,1.000000
2235.222900,362.000000,362.000000,2.110000,32.000000,32.000000,30.000000,5.830000,1.000000
2235.228027,387.000000,387.000000,2.200000,32.000000,32.000000,30.000000,5.830000,1.000000
2235.232910,245.000000,245.000000,2.310000,28.000000,26.000000,30.000000,7.680000,1.000000
2235.238037,234.000000,234.000000,2.050000,28.000000,26.000000,30.000000,7.680000,1.000000
2235.242920,402.000000,402.000000,2.110000,32.000000,32.000000,30.000000,5.360000,1.000000
2235.248047,406.000000,406.000000,2.120000,32.000000,32.000000,30.000000,5.360000,1.000000
2235.252930,236.000000,236.000000,2.230000,26.000000,28.000000,30.000000,7.680000,1.000000
2235.258057,225.000000,225.000000,1.990000,26.000000,28.000000,30.000000,7.680000,1.000000
2235.262939,419.000000,419.000000,1.870000,30.000000,32.000000,30.000000,5.360000,1.000000
2235.268066,435.000000,435.000000,2.010000,30.000000,32.000000,30.000000,5.360000,1.000000
2235.272949,249.000000,249.000000,2.080000,26.000000,26.000000,30.000000,7.220000,1.000000
2235.278076,233.000000,233.000000,1.800000,26.000000,26.000000,30.000000,7.220000,1.000000
2235.282959,396.000000,396.000000,1.710000,30.000000,30.000000,30.000000,4.890000,1.000000
2235.288086,404.000000,404.000000,1.700000,30.000000,30.000000,30.000000,4.890000,1.000000
2235.292969,219.000000,219.000000,1.800000,28.000000,26.000000,30.000000,6.750000,1.000000
2235.298096,193.000000,193.000000,1.700000,28.000000,26.000000,30.000000,6.750000,1.000000
2235.302979,333.000000,333.000000,1.680000,30.000000,32.000000,30.000000,5.350000,1.000000
2235.308105,335.000000,335.000000,1.850000,30.000000,32.000000,30.000000,5.350000,1.000000
2235.312988,209.000000,209.000000,2.050000,28.000000,28.000000,30.000000,7.210000,1.000000
2235.318115,191.000000,191.000000,1.840000,28.000000,28.000000,30.000000,7.210000,1.000000
2235.322998,360.000000,360.000000,1.990000,30.000000,28.000000,30.000000,5.820000,1.000000
2235.327881,358.000000,358.000000,2.030000,30.000000,28.000000,30.000000,5.820000,1.000000
2235.333008,259.000000,259.000000,2.190000,26.000000,26.000000,30.000000,6.280000,1.000000
2235.337891,263.000000,263.000000,1.960000,26.000000,26.000000,30.000000,6.280000,1.000000
2235.343018,346.000000,346.000000,1.870000,30.000000,30.000000,30.000000,4.880000,1.000000
2235.347900,365.000000,365.000000,1.940000,30.000000,30.000000,30.000000,4.880000,1.000000
2235.353027,246.000000,246.000000,2.090000,24.000000,26.000000,30.000000,6.740000,1.000000
2235.357910,228.000000,228.000000,1.750000,24.000000,26.000000,30.000000,6.740000,1.000000
2235.363037,403.000000,403.000000,1.750000,28.000000,28.000000,30.000000,4.410000,1.000000
2235.367920,414.000000,414.000000,1.750000,28.000000,28.000000,30.000000,4.410000,1.000000
2235.373047,256.000000,256.000000,1.760000,24.000000,24.000000,30.000000,5.800000,1.000000
2235.377930,268.000000,268.000000,1.360000,24.000000,24.000000,30.000000,5.800000,1.000000
2235.383057,419.000000,419.000000,1.090000,30.000000,28.000000,30.000000,3.940000,1.000000
2235.387939,443.000000,443.000000,1.150000,30.000000,28.000000,30.000000,3.940000,1.000000
2235.393066,275.000000,275.000000,1.210000,26.000000,26.000000,30.000000,6.260000,1.000000
2235.397949,243.000000,243.000000,0.900000,26.000000,26.000000,30.000000,6.260000,1.000000
2235.403076,434.000000,434.000000,0.790000,30.000000,30.000000,30.000000,4.860000,1.000000
2235.407959,439.000000,439.000000,0.750000,30.000000,30.000000,30.000000,4.860000,1.000000
2235.413086,322.000000,322.000000,0.780000,28.000000,26.000000,30.000000,6.720000,1.000000
2235.417969,305.000000,305.000000,0.550000,28.000000,26.000000,30.000000,6.720000,1.000000
2235.423096,462.000000,462.000000,0.390000,30.000000,28.000000,30.000000,5.320000,1.000000
2235.427979,471.000000,471.000000,0.560000,30.000000,28.000000,30.000000,5.320000,1.000000
2235.433105,328.000000,328.000000,0.670000,26.000000,26.000000,30.000000,6.250000,1.000000
2235.437988,299.000000,299.000000,0.390000,26.000000,26.000000,30.000000,6.250000,1.000000
2235.443115,395.000000,395.000000,0.360000,30.000000,30.000000,30.000000,4.850000,1.000000
2235.447998,391.000000,391.000000,0.570000,30.000000,30.000000,30.000000,4.850000,1.000000
2235.452881,247.000000,247.000000,0.750000,30.000000,28.000000,30.000000,6.710000,1.000000
2235.458008,215.000000,215.000000,0.700000,30.000000,28.000000,30.000000,6.710000,1.000000
2235.462891,364.000000,364.000000,0.670000,30.000000,30.000000,30.000000,6.240000,1.000000
2235.468018,371.000000,371.000000,0.850000,30.000000,30.000000,30.000000,6.240000,1.000000
2235.472900,312.000000,312.000000,1.120000,28.000000,26.000000,30.000000,6.710000,1.000000
2235.478027,292.000000,292.000000,0.920000,28.000000,26.000000,30.000000,6.710000,1.000000
2235.482910,356.000000,356.000000,0.940000,32.000000,30.000000,30.000000,5.310000,1.000000
2235.488037,362.000000,362.000000,1.110000,32.000000,30.000000,30.000000,5.310000,1.000000
2235.492920,238.000000,238.000000,1.320000,28.000000,26.000000,30.000000,7.170000,1.000000
2235.498047,223.000000,223.000000,1.120000,28.000000,26.000000,30.000000,7.170000,1.000000
2235.502930,393.000000,393.000000,1.180000,30.000000,28.000000,30.000000,5.310000,1.000000
2235.508057,400.000000,400.000000,1.280000,30.000000,28.000000,30.000000,5.310000,1.000000
2235.512939,255.000000,255.000000,1.450000,26.000000,26.000000,30.000000,6.230000,1.000000
2235.518066,248.000000,248.000000,1.200000,26.000000,26.000000,30.000000,6.230000,1.000000
2235.522949,356.000000,356.000000,1.160000,30.000000,28.000000,30.000000,4.840000,1.000000
2235.528076,363.000000,363.000000,1.340000,30.000000,28.000000,30.000000,4.840000,1.000000
2235.532959,232.000000,232.000000,1.460000,26.000000,26.000000,30.000000,6.230000,1.000000
2235.538086,216.000000,216.000000,1.240000,26.000000,26.000000,30.000000,6.230000,1.000000
2235.542969,344.000000,344.000000,1.330000,30.000000,30.000000,30.000000,4.830000,1.000000
2235.548096,343.000000,343.000000,1.400000,30.000000,30.000000,30.000000,4.830000,1.000000
2235.552979,230.000000,230.000000,1.580000,26.000000,26.000000,30.000000,6.690000,1.000000
2235.558105,219.000000,219.000000,1.370000,26.000000,26.000000,30.000000,6.690000,1.000000
2235.562988,394.000000,394.000000,1.440000,30.000000,28.000000,30.000000,4.830000,1.000000
2235.568115,403.000000,403.000000,1.510000,30.000000,28.000000,30.000000,4.830000,1.000000
2235.572998,272.000000,272.000000,1.540000,26.000000,26.000000,30.000000,6.220000,1.000000
2235.577881,285.000000,285.000000,1.300000,26.000000,26.000000,30.000000,6.220000,1.000000
2235.583008,420.000000,420.000000,1.160000,28.000000,28.000000,30.000000,4.820000,1.000000
2235.587891,435.000000,435.000000,1.180000,28.000000,28.000000,30.000000,4.820000,1.000000
2235.593018,307.000000,307.000000,1.300000,26.000000,24.000000,30.000000,5.750000,1.000000
2235.597900,273.000000,273.000000,1.040000,26.000000,24.000000,30.000000,5.750000,1.000000
2235.603027,360.000000,360.000000,1.050000,30.000000,28.000000,30.000000,4.350000,1.000000
2235.607910,358.000000,358.000000,1.190000,30.000000,28.000000,30.000000,4.350000,1.000000
2235.613037,239.000000,239.000000,1.120000,26.000000,26.000000,30.000000,6.200000,1.000000
2235.617920,248.000000,248.000000,0.890000,26.000000,26.000000,30.000000,6.200000,1.000000
2235.623047,403.000000,403.000000,0.930000,28.000000,30.000000,30.000000,4.810000,1.000000
2235.627930,394.000000,394.000000,0.980000,28.000000,30.000000,30.000000,4.810000,1.000000
2235.633057,274.000000,274.000000,1.160000,26.000000,26.000000,30.000000,6.200000,1.000000
2235.637939,252.000000,252.000000,0.910000,26.000000,26.000000,30.000000,6.200000,1.000000
2235.643066,389.000000,389.000000,0.890000,28.000000,28.000000,30.000000,4.800000,1.000000
2235.647949,398.000000,398.000000,0.960000,28.000000,28.000000,30.000000,4.800000,1.000000
2235.653076,293.000000,293.000000,0.970000,26.000000,24.000000,30.000000,5.730000,1.000000
2235.657959,302.000000,302.000000,0.730000,26.000000,24.000000,30.000000,5.730000,1.000000
2235.663086,398.000000,398.000000,0.650000,30.000000,30.000000,30.000000,4.330000,1.000000
2235.667969,404.000000,404.000000,0.690000,30.000000,30.000000,30.000000,4.330000,1.000000
2235.673096,288.000000,288.000000,0.790000,26.000000,26.000000,30.000000,6.650000,1.000000
2235.677979,270.000000,270.000000,0.540000,26.000000,26.000000,30.000000,6.650000,1.000000
2235.683105,460.000000,460.000000,0.470000,28.000000,30.000000,30.000000,4.790000,1.000000
2235.687988,472.000000,472.000000,0.460000,28.000000,30.000000,30.000000,4.790000,1.000000
2235.693115,327.000000,327.000000,0.500000,26.000000,24.000000,30.000000,6.180000,1.000000
2235.697998,312.000000,312.000000,0.370000,26.000000,24.000000,30.000000,6.180000,1.000000
2235.702881,423.000000,423.000000,0.320000,30.000000,30.000000,30.000000,4.320000,1.000000
2235.708008,429.000000,429.000000,0.440000,30.000000,30.000000,30.000000,4.320000,1.000000
2235.712891,270.000000,270.000000,0.540000,28.000000,26.000000,30.000000,6.640000,1.000000
2235.718018,250.000000,250.000000,0.330000,28.000000,26.000000,30.000000,6.640000,1.000000
2235.722900,434.000000,434.000000,0.260000,32.000000,30.000000,30.000000,5.240000,1.000000
2235.728027,435.000000,435.000000,0.380000,32.000000,30.000000,30.000000,5.240000,1.000000
2235.732910,304.000000,304.000000,0.510000,28.000000,28.000000,30.000000,7.100000,1.000000
2235.738037,278.000000,278.000000,0.380000,28.000000,28.000000,30.000000,7.100000,1.000000
2235.742920,422.000000,422.000000,0.480000,32.000000,30.000000,30.000000,5.700000,1.000000
2235.748047,418.000000,418.000000,0.590000,32.000000,30.000000,30.000000,5.700000,1.000000
2235.752930,304.000000,304.000000,0.630000,28.000000,28.000000,30.000000,7.100000,1.000000
2235.758057,308.000000,308.000000,0.490000,28.000000,28.000000,30.000000,7.100000,1.000000
2235.762939,430.000000,430.000000,0.360000,32.000000,32.000000,30.000000,5.700000,1.000000
2235.768066,441.000000,441.000000,0.450000,32.000000,32.000000,30.000000,5.700000,1.000000
2235.772949,313.000000,313.000000,0.650000,28.000000,28.000000,30.000000,7.560000,1.000000
2235.778076,273.000000,273.000000,0.550000,28.000000,28.000000,30.000000,7.560000,1.000000
2235.782959,414.000000,414.000000,0.730000,32.000000,30.000000,30.000000,5.700000,1.000000
2235.788086,405.000000,405.000000,0.990000,32.000000,30.000000,30.000000,5.700000,1.000000
2235.792969,247.000000,247.000000,1.070000,28.000000,28.000000,30.000000,7.100000,1.000000
2235.798096,257.000000,257.000000,0.940000,28.000000,28.000000,30.000000,7.100000,1.000000
2235.802979,392.000000,392.000000,0.790000,32.000000,30.000000,30.000000,5.700000,1.000000
2235.808105,408.000000,408.000000,0.860000,32.000000,30.000000,30.000000,5.700000,1.000000
2235.812988,276.000000,276.000000,1.130000,28.000000,28.000000,30.000000,7.090000,1.000000
2235.818115,231.000000,231.000000,1.010000,28.000000,28.000000,30.000000,7.090000,1.000000
2235.822998,345.000000,345.000000,1.120000,32.000000,32.000000,30.000000,5.700000,1.000000
2235.827881,343.000000,343.000000,1.420000,32.000000,32.000000,30.000000,5.700000,1.000000
2235.833008,217.000000,217.000000,1.590000,28.000000,26.000000,30.000000,7.560000,1.000000
2235.837891,228.000000,228.000000,1.360000,28.000000,26.000000,30.000000,7.560000,1.000000
2235.843018,414.000000,414.000000,1.360000,30.000000,30.000000,30.000000,5.240000,1.000000
2235.847900,431.000000,431.000000,1.380000,30.000000,30.000000,30.000000,5.240000,1.000000
2235.853027,253.000000,253.000000,1.660000,26.000000,26.000000,30.000000,6.630000,1.000000
2235.857910,219.000000,219.000000,1.410000,26.000000,26.000000,30.000000,6.630000,1.000000
2235.863037,351.000000,351.000000,1.370000,30.000000,30.000000,30.000000,4.770000,1.000000
2235.867920,363.000000,363.000000,1.580000,30.000000,30.000000,30.000000,4.770000,1.000000
2235.873047,210.000000,210.000000,1.670000,26.000000,26.000000,30.000000,6.620000,1.000000
2235.877930,210.000000,210.000000,1.470000,26.000000,26.000000,30.000000,6.620000,1.000000
2235.883057,379.000000,379.000000,1.510000,30.000000,30.000000,30.000000,4.760000,1.000000
2235.887939,379.000000,379.000000,1.500000,30.000000,30.000000,30.000000,4.760000,1.000000
2235.893066,224.000000,224.000000,1.750000,26.000000,26.000000,30.000000,6.620000,1.000000
2235.897949,194.000000,194.000000,1.520000,26.000000,26.000000,30.000000,6.620000,1.000000
2235.903076,356.000000,356.000000,1.510000,30.000000,30.000000,30.000000,4.760000,1.000000
2235.907959,365.000000,365.000000,1.640000,30.000000,30.000000,30.000000,4.760000,1.000000
2235.913086,224.000000,224.000000,1.720000,26.000000,24.000000,30.000000,6.610000,1.000000
2235.917969,236.000000,236.000000,1.460000,26.000000,24.000000,30.000000,6.610000,1.000000
2235.923096,406.000000,406.000000,1.360000,28.000000,28.000000,30.000000,4.290000,1.000000
2235.927979,415.000000,415.000000,1.390000,28.000000,28.000000,30.000000,4.290000,1.000000
2235.933105,224.000000,224.000000,1.590000,26.000000,24.000000,30.000000,5.680000,1.000000
2235.937988,193.000000,193.000000,1.380000,26.000000,24.000000,30.000000,5.680000,1.000000
2235.943115,319.000000,319.000000,1.360000,30.000000,28.000000,30.000000,4.280000,1.000000
2235.947998,325.000000,325.000000,1.510000,30.000000,28.000000,30.000000,4.280000,1.000000
2235.952881,209.000000,209.000000,1.610000,26.000000,24.000000,30.000000,6.130000,1.000000
2235.958008,216.000000,216.000000,1.340000,26.000000,24.000000,30.000000,6.130000,1.000000
2235.962891,389.000000,389.000000,1.390000,28.000000,28.000000,30.000000,4.270000,1.000000
2235.968018,390.000000,390.000000,1.320000,28.000000,28.000000,30.000000,4.270000,1.000000
2235.972900,250.000000,250.000000,1.470000,26.000000,24.000000,30.000000,5.660000,1.000000
2235.978027,236.000000,236.000000,1.200000,26.000000,24.000000,30.000000,5.660000,1.000000
2235.982910,368.000000,368.000000,1.080000,28.000000,28.000000,30.000000,4.260000,1.000000
2235.988037,389.000000,389.000000,1.160000,28.000000,28.000000,30.000000,4.260000,1.000000
2235.992920,278.000000,278.000000,1.150000,26.000000,24.000000,30.000000,5.650000,1.000000
2235.998047,281.000000,281.000000,0.830000,26.000000,24.000000,30.000000,5.650000,1.000000
2236.002930,423.000000,423.000000,0.780000,30.000000,28.000000,30.000000,4.250000,1.000000
2236.008057,430.000000,430.000000,0.620000,30.000000,28.000000,30.000000,4.250000,1.000000
2236.012939,327.000000,327.000000,0.710000,26.000000,24.000000,30.000000,6.110000,1.000000
2236.018066,300.000000,300.000000,0.470000,26.000000,24.000000,30.000000,6.110000,1.000000
2236.022949,443.000000,443.000000,0.470000,30.000000,28.000000,30.000000,4.250000,1.000000
2236.028076,441.000000,441.000000,0.560000,30.000000,28.000000,30.000000,4.250000,1.000000
2236.032959,294.000000,294.000000,0.580000,26.000000,26.000000,30.000000,6.100000,1.000000
2236.038086,293.000000,293.000000,0.390000,26.000000,26.000000,30.000000,6.100000,1.000000
2236.042969,444.000000,444.000000,0.300000,30.000000,30.000000,30.000000,4.710000,1.000000
2236.048096,446.000000,446.000000,0.260000,30.000000,30.000000,30.000000,4.710000,1.000000
2236.052979,320.000000,320.000000,0.430000,26.000000,26.000000,30.000000,6.560000,1.000000
2236.058105,269.000000,269.000000,0.290000,26.000000,26.000000,30.000000,6.560000,1.000000
2236.062988,409.000000,409.000000,0.320000,32.000000,30.000000,30.000000,4.700000,1.000000
2236.068115,411.000000,411.000000,0.470000,32.000000,30.000000,30.000000,4.700000,1.000000
2236.072998,261.000000,261.000000,0.550000,28.000000,26.000000,30.000000,7.020000,1.000000
2236.077881,264.000000,264.000000,0.340000,28.000000,26.000000,30.000000,7.020000,1.000000
2236.083008,450.000000,450.000000,0.240000,30.000000,30.000000,30.000000,5.160000,1.000000
2236.087891,452.000000,452.000000,0.390000,30.000000,30.000000,30.000000,5.160000,1.000000
2236.093018,280.000000,280.000000,0.630000,28.000000,28.000000,30.000000,6.550000,1.000000
2236.097900,240.000000,240.000000,0.500000,28.000000,28.000000,30.000000,6.550000,1.000000
2236.103027,353.000000,353.000000,0.620000,32.000000,30.000000,30.000000,5.620000,1.000000
2236.107910,349.000000,349.000000,0.840000,32.000000,30.000000,30.000000,5.620000,1.000000
2236.113037,259.000000,259.000000,0.900000,28.000000,28.000000,30.000000,7.020000,1.000000
2236.117920,270.000000,270.000000,0.740000,28.000000,28.000000,30.000000,7.020000,1.000000
2236.123047,400.000000,400.000000,0.760000,32.000000,30.000000,30.000000,5.620000,1.000000
2236.127930,391.000000,391.000000,0.830000,32.000000,30.000000,30.000000,5.620000,1.000000
2236.133057,259.000000,259.000000,1.110000,28.000000,26.000000,30.000000,7.010000,1.000000
2236.137939,229.000000,229.000000,0.930000,28.000000,26.000000,30.000000,7.010000,1.000000
2236.143066,359.000000,359.000000,1.000000,30.000000,30.000000,30.000000,5.160000,1.000000
2236.147949,364.000000,364.000000,1.160000,30.000000,30.000000,30.000000,5.160000,1.000000
2236.153076,224.000000,224.000000,1.270000,28.000000,26.000000,30.000000,6.550000,1.000000
2236.157959,237.000000,237.000000,1.040000,28.000000,26.000000,30.000000,6.550000,1.000000
2236.163086,376.000000,376.000000,0.950000,28.000000,30.000000,30.000000,5.150000,1.000000
2236.167969,381.000000,381.000000,1.030000,28.000000,30.000000,30.000000,5.150000,1.000000
2236.173096,247.000000,247.000000,1.310000,26.000000,24.000000,30.000000,6.080000,1.000000
2236.177979,205.000000,205.000000,1.150000,26.000000,24.000000,30.000000,6.080000,1.000000
2236.183105,294.000000,294.000000,1.220000,30.000000,28.000000,30.000000,4.220000,1.000000
2236.187988,296.000000,296.000000,1.360000,30.000000,28.000000,30.000000,4.220000,1.000000
2236.193115,154.000000,154.000000,1.560000,26.000000,24.000000,30.000000,6.070000,1.000000
2236.197998,157.000000,157.000000,1.250000,26.000000,24.000000,30.000000,6.070000,1.000000
2236.202881,340.000000,340.000000,1.300000,28.000000,28.000000,30.000000,4.210000,1.000000
2236.208008,349.000000,349.000000,1.290000,28.000000,28.000000,30.000000,4.210000,1.000000
2236.212891,209.000000,209.000000,1.450000,24.000000,24.000000,30.000000,5.600000,1.000000
2236.218018,197.000000,197.000000,1.220000,24.000000,24.000000,30.000000,5.600000,1.000000
2236.222900,333.000000,333.000000,1.270000,28.000000,26.000000,30.000000,3.740000,1.000000
2236.228027,338.000000,338.000000,1.250000,28.000000,26.000000,30.000000,3.740000,1.000000
2236.232910,214.000000,214.000000,1.350000,24.000000,22.000000,30.000000,5.120000,1.000000
2236.238037,223.000000,223.000000,1.050000,24.000000,22.000000,30.000000,5.120000,1.000000
2236.242920,361.000000,361.000000,1.040000,26.000000,26.000000,30.000000,3.260000,1.000000
2236.248047,363.000000,363.000000,1.040000,26.000000,26.000000,30.000000,3.260000,1.000000
2236.252930,219.000000,219.000000,1.170000,24.000000,22.000000,30.000000,4.650000,1.000000
2236.258057,198.000000,198.000000,0.830000,24.000000,22.000000,30.000000,4.650000,1.000000
2236.262939,334.000000,334.000000,0.800000,28.000000,28.000000,30.000000,3.250000,1.000000
2236.268066,344.000000,344.000000,0.760000,28.000000,28.000000,30.000000,3.250000,1.000000
2236.272949,250.000000,250.000000,0.710000,24.000000,22.000000,30.000000,5.560000,1.000000
2236.278076,267.000000,267.000000,0.390000,24.000000,22.000000,30.000000,5.560000,1.000000
2236.282959,466.000000,466.000000,0.270000,26.000000,26.000000,30.000000,3.240000,1.000000
2236.288086,476.000000,476.000000,0.240000,26.000000,26.000000,30.000000,3.240000,1.000000
2236.292969,286.000000,286.000000,0.460000,22.000000,22.000000,30.000000,4.620000,1.000000
2236.298096,242.000000,242.000000,0.200000,22.000000,22.000000,30.000000,4.620000,1.000000
2236.302979,369.000000,369.000000,0.050000,28.000000,26.000000,30.000000,2.760000,1.000000
2236.308105,388.000000,388.000000,0.230000,28.000000,26.000000,30.000000,2.760000,1.000000
2236.312988,236.000000,236.000000,0.100000,26.000000,26.000000,30.000000,5.070000,1.000000
2236.318115,241.000000,241.000000,-0.140000,26.000000,26.000000,30.000000,5.070000,1.000000
2236.322998,416.000000,416.000000,-0.260000,28.000000,28.000000,30.000000,4.610000,1.000000
2236.327881,401.000000,401.000000,-0.170000,28.000000,28.000000,30.000000,4.610000,1.000000
2236.333008,319.000000,319.000000,0.080000,26.000000,24.000000,30.000000,5.530000,1.000000
2236.337891,275.000000,275.000000,-0.050000,26.000000,24.000000,30.000000,5.530000,1.000000
2236.343018,357.000000,357.000000,-0.140000,30.000000,28.000000,30.000000,4.130000,1.000000
2236.347900,373.000000,373.000000,0.030000,30.000000,28.000000,30.000000,4.130000,1.000000
2236.353027,253.000000,253.000000,0.180000,26.000000,24.000000,30.000000,5.990000,1.000000
2236.357910,243.000000,243.000000,-0.040000,26.000000,24.000000,30.000000,5.990000,1.000000
2236.363037,407.000000,407.000000,0.010000,28.000000,28.000000,30.000000,4.130000,1.000000
2236.367920,412.000000,412.000000,0.030000,28.000000,28.000000,30.000000,4.130000,1.000000
2236.373047,269.000000,269.000000,0.210000,26.000000,26.000000,30.000000,5.520000,1.000000
2236.377930,240.000000,240.000000,0.100000,26.000000,26.000000,30.000000,5.520000,1.000000
2236.383057,349.000000,349.000000,0.050000,30.000000,28.000000,30.000000,4.580000,1.000000
2236.387939,355.000000,355.000000,0.130000,30.000000,28.000000,30.000000,4.580000,1.000000
2236.393066,267.000000,267.000000,0.280000,26.000000,26.000000,30.000000,5.970000,1.000000
2236.397949,243.000000,243.000000,-0.130000,26.000000,26.000000,30.000000,5.970000,1.000000
2236.403076,382.000000,382.000000,-0.480000,28.000000,28.000000,30.000000,4.580000,1.000000
2236.407959,378.000000,378.000000,-0.810000,28.000000,28.000000,30.000000,4.580000,1.000000
2236.413086,216.000000,216.000000,-1.010000,26.000000,26.000000,30.000000,5.500000,1.000000
2236.417969,109.000000,109.000000,-1.090000,26.000000,26.000000,30.000000,5.500000,1.000000
2236.423096,46.000000,46.000000,-0.890000,30.000000,28.000000,30.000000,4.570000,1.000000
2236.427979,-116.000000,-116.000000,-0.340000,30.000000,28.000000,30.000000,4.570000,1.000000
2236.433105,-363.000000,-363.000000,0.470000,26.000000,24.000000,30.000000,5.960000,1.000000
2236.437988,-528.000000,-528.000000,1.550000,26.000000,24.000000,30.000000,5.960000,1.000000
2236.443115,-570.000000,-570.000000,2.640000,20.000000,20.000000,30.000000,4.100000,1.000000
2236.447998,-651.000000,-651.000000,3.500000,20.000000,20.000000,30.000000,4.100000,1.000000
2236.452881,-788.000000,-788.000000,4.260000,16.000000,16.000000,30.000000,1.770000,1.000000
2236.458008,-761.000000,-761.000000,5.150000,16.000000,16.000000,30.000000,1.770000,1.000000
2236.462891,-800.000000,-800.000000,5.960000,8.000000,8.000000,30.000000,-0.100000,1.000000
2236.468018,-800.000000,-800.000000,6.740000,8.000000,8.000000,30.000000,-0.100000,1.000000
2236.472900,-800.000000,-800.000000,7.020000,2.000000,0.000000,30.000000,-3.840000,1.000000
2236.478027,-800.000000,-800.000000,7.240000,2.000000,0.000000,30.000000,-3.840000,1.000000
2236.482910,-800.000000,-800.000000,7.170000,-6.000000,-8.000000,30.000000,-7.120000,1.000000
2236.488037,-767.000000,-767.000000,7.210000,-6.000000,-8.000000,30.000000,-7.120000,1.000000
2236.492920,-800.000000,-800.000000,7.130000,-10.000000,-12.000000,30.000000,-10.880000,1.000000
2236.498047,-796.000000,-796.000000,6.900000,-10.000000,-12.000000,30.000000,-10.880000,1.000000
2236.502930,-800.000000,-800.000000,6.250000,-18.000000,-20.000000,30.000000,-12.780000,1.000000
2236.508057,-737.000000,-737.000000,5.810000,-18.000000,-20.000000,30.000000,-12.780000,1.000000
2236.512939,-763.000000,-763.000000,4.890000,-20.000000,-22.000000,30.000000,-15.000000,1.000000
2236.518066,-634.000000,-634.000000,4.360000,-20.000000,-22.000000,30.000000,-15.000000,1.000000
2236.522949,-706.000000,-706.000000,3.570000,-26.000000,-26.000000,30.000000,-15.000000,1.000000
2236.528076,-617.000000,-617.000000,3.020000,-26.000000,-26.000000,30.000000,-15.000000,1.000000
2236.532959,-556.000000,-556.000000,2.020000,-28.000000,-30.000000,30.000000,-15.000000,1.000000
2236.538086,-454.000000,-454.000000,1.280000,-28.000000,-30.000000,30.000000,-15.000000,1.000000
2236.542969,-369.000000,-369.000000,0.430000,-32.000000,-34.000000,30.000000,-15.000000,1.000000
2236.548096,-300.000000,-300.000000,-0.280000,-32.000000,-34.000000,30.000000,-15.000000,1.000000
2236.552979,-248.000000,-248.000000,-1.150000,-32.000000,-34.000000,30.000000,-15.000000,1.000000
2236.558105,-177.000000,-177.000000,-1.940000,-32.000000,-34.000000,30.000000,-15.000000,1.000000
2236.562988,-111.000000,-111.000000,-2.900000,-32.000000,-34.000000,30.000000,-15.000000,1.000000
2236.568115,-52.000000,-52.000000,-3.590000,-32.000000,-34.000000,30.000000,-15.000000,1.000000
2236.572998,-25.000000,-25.000000,-4.450000,-28.000000,-32.000000,30.000000,-15.000000,1.000000
2236.577881,4.000000,4.000000,-5.010000,-28.000000,-32.000000,30.000000,-15.000000,1.000000
2236.583008,10.000000,10.000000,-5.720000,-24.000000,-28.000000,30.000000,-15.000000,1.000000
2236.587891,31.000000,31.000000,-6.490000,-24.000000,-28.000000,30.000000,-15.000000,1.000000
2236.593018,51.000000,51.000000,-7.200000,-20.000000,-24.000000,30.000000,-15.000000,1.000000
2236.597900,46.000000,46.000000,-8.070000,-20.000000,-24.000000,30.000000,-15.000000,1.000000
2236.603027,2.000000,2.000000,-8.350000,-18.000000,-20.000000,30.000000,-15.000000,1.000000
2236.607910,-125.000000,-125.000000,-8.340000,-18.000000,-20.000000,30.000000,-15.000000,1.000000
2236.613037,-247.000000,-247.000000,-8.400000,-14.000000,-18.000000,30.000000,-15.000000,1.000000
2236.617920,-310.000000,-310.000000,-8.120000,-14.000000,-18.000000,30.000000,-15.000000,1.000000
2236.623047,-365.000000,-365.000000,-8.340000,-16.000000,-18.000000,30.000000,-15.000000,1.000000
2236.627930,-355.000000,-355.000000,-8.420000,-16.000000,-18.000000,30.000000,-15.000000,1.000000
2236.633057,-350.000000,-350.000000,-8.430000,-12.000000,-14.000000,30.000000,-15.000000,1.000000
2236.637939,-362.000000,-362.000000,-8.260000,-12.000000,-14.000000,30.000000,-15.000000,1.000000
2236.643066,-386.000000,-386.000000,-8.200000,-18.000000,-20.000000,30.000000,-14.620000,1.000000
2236.647949,-372.000000,-372.000000,-8.320000,-18.000000,-20.000000,30.000000,-14.620000,1.000000
2236.653076,-306.000000,-306.000000,-8.490000,-16.000000,-16.000000,30.000000,-15.000000,1.000000
2236.657959,-283.000000,-283.000000,-8.230000,-16.000000,-16.000000,30.000000,-15.000000,1.000000
2236.663086,-324.000000,-324.000000,-8.210000,-20.000000,-20.000000,30.000000,-15.000000,1.000000
2236.667969,-296.000000,-296.000000,-8.470000,-20.000000,-20.000000,30.000000,-15.000000,1.000000
2236.673096,-209.000000,-209.000000,-8.820000,-16.000000,-18.000000,30.000000,-15.000000,1.000000
2236.677979,-128.000000,-128.000000,-8.810000,-16.000000,-18.000000,30.000000,-15.000000,1.000000
2236.683105,-107.000000,-107.000000,-9.210000,-20.000000,-20.000000,30.000000,-15.000000,1.000000
2236.687988,-43.000000,-43.000000,-9.500000,-20.000000,-20.000000,30.000000,-15.000000,1.000000
2236.693115,20.000000,20.000000,-10.020000,-18.000000,-20.000000,30.000000,-15.000000,1.000000
2236.697998,85.000000,85.000000,-10.370000,-18.000000,-20.000000,30.000000,-15.000000,1.000000
2236.702881,117.000000,117.000000,-10.700000,-16.000000,-16.000000,30.000000,-15.000000,1.000000
2236.708008,136.000000,136.000000,-11.160000,-16.000000,-16.000000,30.000000,-15.000000,1.000000
2236.712891,160.000000,160.000000,-11.540000,-12.000000,-14.000000,30.000000,-15.000000,1.000000
2236.718018,171.000000,171.000000,-12.300000,-12.000000,-14.000000,30.000000,-15.000000,1.000000
2236.722900,184.000000,184.000000,-12.600000,-8.000000,-10.000000,30.000000,-15.000000,1.000000
2236.728027,115.000000,115.000000,-12.690000,-8.000000,-10.000000,30.000000,-15.000000,1.000000
2236.732910,0.000000,0.000000,-12.610000,-6.000000,-8.000000,30.000000,-13.270000,1.000000
2236.738037,-90.000000,-90.000000,-12.620000,-6.000000,-8.000000,30.000000,-13.270000,1.000000
2236.742920,3.000000,3.000000,-12.660000,-4.000000,-6.000000,30.000000,-12.380000,1.000000
2236.748047,-8.000000,-8.000000,-12.570000,-4.000000,-6.000000,30.000000,-12.380000,1.000000
2236.752930,38.000000,38.000000,-12.570000,-4.000000,-6.000000,30.000000,-11.500000,1.000000
2236.758057,30.000000,30.000000,-12.490000,-4.000000,-6.000000,30.000000,-11.500000,1.000000
2236.762939,90.000000,90.000000,-12.410000,-4.000000,-4.000000,30.000000,-11.540000,1.000000
2236.768066,91.000000,91.000000,-12.420000,-4.000000,-4.000000,30.000000,-11.540000,1.000000
2236.772949,99.000000,99.000000,-12.430000,-4.000000,-2.000000,30.000000,-11.120000,1.000000
2236.778076,105.000000,105.000000,-12.610000,-4.000000,-2.000000,30.000000,-11.120000,1.000000
2236.782959,138.000000,138.000000,-12.580000,0.000000,0.000000,30.000000,-10.690000,1.000000
2236.788086,105.000000,105.000000,-12.340000,0.000000,0.000000,30.000000,-10.690000,1.000000
2236.792969,78.000000,78.000000,-12.210000,0.000000,0.000000,30.000000,-9.340000,1.000000
2236.798096,56.000000,56.000000,-12.240000,0.000000,0.000000,30.000000,-9.340000,1.000000
2236.802979,166.000000,166.000000,-12.250000,2.000000,2.000000,30.000000,-9.370000,1.000000
2236.808105,170.000000,170.000000,-12.130000,2.000000,2.000000,30.000000,-9.370000,1.000000
2236.812988,136.000000,136.000000,-11.850000,2.000000,0.000000,30.000000,-8.480000,1.000000
2236.818115,95.000000,95.000000,-11.940000,2.000000,0.000000,30.000000,-8.480000,1.000000
2236.822998,182.000000,182.000000,-11.920000,4.000000,4.000000,30.000000,-8.980000,1.000000
2236.827881,191.000000,191.000000,-11.840000,4.000000,4.000000,30.000000,-8.980000,1.000000
2236.833008,118.000000,118.000000,-11.500000,4.000000,4.000000,30.000000,-7.620000,1.000000
2236.837891,56.000000,56.000000,-11.500000,4.000000,4.000000,30.000000,-7.620000,1.000000
2236.843018,158.000000,158.000000,-11.370000,8.000000,6.000000,30.000000,-7.650000,1.000000
2236.847900,162.000000,162.000000,-11.420000,8.000000,6.000000,30.000000,-7.650000,1.000000
2236.853027,167.000000,167.000000,-11.120000,6.000000,4.000000,30.000000,-6.280000,1.000000
2236.857910,119.000000,119.000000,-11.090000,6.000000,4.000000,30.000000,-6.280000,1.000000
2236.863037,209.000000,209.000000,-10.790000,8.000000,6.000000,30.000000,-7.240000,1.000000
2236.867920,196.000000,196.000000,-10.690000,8.000000,6.000000,30.000000,-7.240000,1.000000
2236.873047,123.000000,123.000000,-10.420000,6.000000,6.000000,30.000000,-6.340000,1.000000
2236.877930,94.000000,94.000000,-10.390000,6.000000,6.000000,30.000000,-6.340000,1.000000
2236.883057,167.000000,167.000000,-10.240000,8.000000,10.000000,30.000000,-6.830000,1.000000
2236.887939,167.000000,167.000000,-10.210000,8.000000,10.000000,30.000000,-6.830000,1.000000
2236.893066,124.000000,124.000000,-9.900000,8.000000,8.000000,30.000000,-5.470000,1.000000
2236.897949,83.000000,83.000000,-9.830000,8.000000,8.000000,30.000000,-5.470000,1.000000
2236.903076,184.000000,184.000000,-9.720000,10.000000,10.000000,30.000000,-5.960000,1.000000
2236.907959,193.000000,193.000000,-9.660000,10.000000,10.000000,30.000000,-5.960000,1.000000
2236.913086,164.000000,164.000000,-9.400000,8.000000,8.000000,30.000000,-5.050000,1.000000
2236.917969,140.000000,140.000000,-9.470000,8.000000,8.000000,30.000000,-5.050000,1.000000
2236.923096,226.000000,226.000000,-9.340000,10.000000,10.000000,30.000000,-6.010000,1.000000
2236.927979,232.000000,232.000000,-9.310000,10.000000,10.000000,30.000000,-6.010000,1.000000
2236.933105,151.000000,151.000000,-9.060000,8.000000,8.000000,30.000000,-5.100000,1.000000
2236.937988,114.000000,114.000000,-9.080000,8.000000,8.000000,30.000000,-5.100000,1.000000
2236.943115,192.000000,192.000000,-8.970000,12.000000,12.000000,30.000000,-6.060000,1.000000
2236.947998,201.000000,201.000000,-9.080000,12.000000,12.000000,30.000000,-6.060000,1.000000
2236.952881,148.000000,148.000000,-8.810000,10.000000,10.000000,30.000000,-4.230000,1.000000
2236.958008,109.000000,109.000000,-8.800000,10.000000,10.000000,30.000000,-4.230000,1.000000
2236.962891,233.000000,233.000000,-8.610000,12.000000,12.000000,30.000000,-5.180000,1.000000
2236.968018,227.000000,227.000000,-8.580000,12.000000,12.000000,30.000000,-5.180000,1.000000
2236.972900,165.000000,165.000000,-8.360000,12.000000,10.000000,30.000000,-4.270000,1.000000
2236.978027,150.000000,150.000000,-8.400000,12.000000,10.000000,30.000000,-4.270000,1.000000
2236.982910,239.000000,239.000000,-8.400000,12.000000,12.000000,30.000000,-4.760000,1.000000
2236.988037,255.000000,255.000000,-8.450000,12.000000,12.000000,30.000000,-4.760000,1.000000
2236.992920,210.000000,210.000000,-8.120000,10.000000,10.000000,30.000000,-4.320000,1.000000
2236.998047,167.000000,167.000000,-8.190000,10.000000,10.000000,30.000000,-4.320000,1.000000
2237.002930,216.000000,216.000000,-8.120000,14.000000,14.000000,30.000000,-5.270000,1.000000
2237.008057,230.000000,230.000000,-8.140000,14.000000,14.000000,30.000000,-5.270000,1.000000
2237.012939,162.000000,162.000000,-7.920000,14.000000,12.000000,30.000000,-3.430000,1.000000
2237.018066,125.000000,125.000000,-8.010000,14.000000,12.000000,30.000000,-3.430000,1.000000
2237.022949,259.000000,259.000000,-7.810000,16.000000,16.000000,30.000000,-3.920000,1.000000
2237.028076,246.000000,246.000000,-7.760000,16.000000,16.000000,30.000000,-3.920000,1.000000
2237.032959,208.000000,208.000000,-7.510000,14.000000,12.000000,30.000000,-2.540000,1.000000
2237.038086,184.000000,184.000000,-7.640000,14.000000,12.000000,30.000000,-2.540000,1.000000
2237.042969,304.000000,304.000000,-7.750000,14.000000,14.000000,30.000000,-3.950000,1.000000
2237.048096,324.000000,324.000000,-7.930000,14.000000,14.000000,30.000000,-3.950000,1.000000
2237.052979,214.000000,214.000000,-7.840000,14.000000,12.000000,30.000000,-3.510000,1.000000
2237.058105,164.000000,164.000000,-8.070000,14.000000,12.000000,30.000000,-3.510000,1.000000
2237.062988,182.000000,182.000000,-8.130000,18.000000,18.000000,30.000000,-3.990000,1.000000
2237.068115,133.000000,133.000000,-8.050000,18.000000,18.000000,30.000000,-3.990000,1.000000
2237.072998,24.000000,24.000000,-7.830000,14.000000,16.000000,30.000000,-1.690000,1.000000
2237.077881,-58.000000,-58.000000,-7.760000,14.000000,16.000000,30.000000,-1.690000,1.000000
2237.083008,51.000000,51.000000,-7.220000,14.000000,14.000000,30.000000,-3.100000,1.000000
2237.087891,-44.000000,-44.000000,-6.710000,14.000000,14.000000,30.000000,-3.100000,1.000000
2237.093018,-218.000000,-218.000000,-6.240000,12.000000,12.000000,30.000000,-3.580000,1.000000
2237.097900,-252.000000,-252.000000,-5.630000,12.000000,12.000000,30.000000,-3.580000,1.000000
2237.103027,-309.000000,-309.000000,-5.290000,10.000000,10.000000,30.000000,-4.530000,1.000000
2237.107910,-308.000000,-308.000000,-4.910000,10.000000,10.000000,30.000000,-4.530000,1.000000
2237.113037,-364.000000,-364.000000,-4.470000,8.000000,8.000000,30.000000,-5.480000,1.000000
2237.117920,-362.000000,-362.000000,-3.850000,8.000000,8.000000,30.000000,-5.480000,1.000000
2237.123047,-437.000000,-437.000000,-3.660000,2.000000,2.000000,30.000000,-6.430000,1.000000
2237.127930,-387.000000,-387.000000,-3.360000,2.000000,2.000000,30.000000,-6.430000,1.000000
2237.133057,-412.000000,-412.000000,-3.250000,0.000000,0.000000,30.000000,-9.250000,1.000000
2237.137939,-366.000000,-366.000000,-2.940000,0.000000,0.000000,30.000000,-9.250000,1.000000
2237.143066,-540.000000,-540.000000,-2.840000,-4.000000,-4.000000,30.000000,-10.210000,1.000000
2237.147949,-485.000000,-485.000000,-2.940000,-4.000000,-4.000000,30.000000,-10.210000,1.000000
2237.153076,-469.000000,-469.000000,-3.250000,-6.000000,-4.000000,30.000000,-12.110000,1.000000
2237.157959,-382.000000,-382.000000,-3.180000,-6.000000,-4.000000,30.000000,-12.110000,1.000000
2237.163086,-487.000000,-487.000000,-3.190000,-12.000000,-14.000000,30.000000,-12.620000,1.000000
2237.167969,-459.000000,-459.000000,-3.340000,-12.000000,-14.000000,30.000000,-12.620000,1.000000
2237.173096,-422.000000,-422.000000,-3.870000,-12.000000,-12.000000,30.000000,-15.000000,1.000000
2237.177979,-287.000000,-287.000000,-4.220000,-12.000000,-12.000000,30.000000,-15.000000,1.000000
2237.183105,-369.000000,-369.000000,-4.690000,-18.000000,-18.000000,30.000000,-15.000000,1.000000
2237.187988,-311.000000,-311.000000,-5.080000,-18.000000,-18.000000,30.000000,-15.000000,1.000000
2237.193115,-261.000000,-261.000000,-5.540000,-16.000000,-16.000000,30.000000,-15.000000,1.000000
2237.197998,-214.000000,-214.000000,-5.870000,-16.000000,-16.000000,30.000000,-15.000000,1.000000
2237.202881,-173.000000,-173.000000,-6.430000,-18.000000,-22.000000,30.000000,-15.000000,1.000000
2237.208008,-123.000000,-123.000000,-6.880000,-18.000000,-22.000000,30.000000,-15.000000,1.000000
2237.212891,-76.000000,-76.000000,-7.570000,-16.000000,-18.000000,30.000000,-15.000000,1.000000
2237.218018,-20.000000,-20.000000,-7.730000,-16.000000,-18.000000,30.000000,-15.000000,1.000000
2237.222900,-25.000000,-25.000000,-8.320000,-16.000000,-18.000000,30.000000,-15.000000,1.000000
2237.228027,9.000000,9.000000,-8.890000,-16.000000,-18.000000,30.000000,-15.000000,1.000000
2237.232910,39.000000,39.000000,-9.300000,-14.000000,-14.000000,30.000000,-15.000000,1.000000
2237.238037,52.000000,52.000000,-9.790000,-14.000000,-14.000000,30.000000,-15.000000,1.000000
2237.242920,64.000000,64.000000,-10.300000,-10.000000,-12.000000,30.000000,-15.000000,1.000000
2237.248047,66.000000,66.000000,-10.770000,-10.000000,-12.000000,30.000000,-15.000000,1.000000
2237.252930,56.000000,56.000000,-11.110000,-10.000000,-10.000000,30.000000,-15.000000,1.000000
2237.258057,11.000000,11.000000,-11.380000,-10.000000,-10.000000,30.000000,-15.000000,1.000000
2237.262939,-48.000000,-48.000000,-11.320000,-6.000000,-8.000000,30.000000,-15.000000,1.000000
2237.268066,-121.000000,-121.000000,-11.350000,-6.000000,-8.000000,30.000000,-15.000000,1.000000
2237.272949,-163.000000,-163.000000,-11.410000,-4.000000,-6.000000,30.000000,-14.130000,1.000000
2237.278076,-180.000000,-180.000000,-11.060000,-4.000000,-6.000000,30.000000,-14.130000,1.000000
2237.282959,-154.000000,-154.000000,-11.200000,-6.000000,-6.000000,30.000000,-13.240000,1.000000
2237.288086,-131.000000,-131.000000,-11.240000,-6.000000,-6.000000,30.000000,-13.240000,1.000000
2237.292969,-44.000000,-44.000000,-11.210000,-6.000000,-6.000000,30.000000,-13.750000,1.000000
2237.298096,-34.000000,-34.000000,-11.100000,-6.000000,-6.000000,30.000000,-13.750000,1.000000
2237.302979,-63.000000,-63.000000,-11.280000,-8.000000,-8.000000,30.000000,-13.790000,1.000000
2237.308105,-13.000000,-13.000000,-11.420000,-8.000000,-8.000000,30.000000,-13.790000,1.000000
2237.312988,22.000000,22.000000,-11.530000,-6.000000,-6.000000,30.000000,-14.760000,1.000000
2237.318115,47.000000,47.000000,-11.700000,-6.000000,-6.000000,30.000000,-14.760000,1.000000
2237.322998,6.000000,6.000000,-11.890000,-6.000000,-6.000000,30.000000,-13.880000,1.000000
2237.327881,37.000000,37.000000,-12.130000,-6.000000,-6.000000,30.000000,-13.880000,1.000000
2237.333008,126.000000,126.000000,-12.310000,-4.000000,-4.000000,30.000000,-13.920000,1.000000
2237.337891,134.000000,134.000000,-12.610000,-4.000000,-4.000000,30.000000,-13.920000,1.000000
2237.343018,144.000000,144.000000,-12.840000,-2.000000,-4.000000,30.000000,-13.040000,1.000000
2237.347900,143.000000,143.000000,-12.890000,-2.000000,-4.000000,30.000000,-13.040000,1.000000
2237.353027,176.000000,176.000000,-12.990000,-2.000000,-2.000000,30.000000,-12.610000,1.000000
2237.357910,163.000000,163.000000,-13.350000,-2.000000,-2.000000,30.000000,-12.610000,1.000000
2237.363037,218.000000,218.000000,-13.460000,2.000000,0.000000,30.000000,-12.190000,1.000000
2237.367920,204.000000,204.000000,-13.480000,2.000000,0.000000,30.000000,-12.190000,1.000000
2237.373047,195.000000,195.000000,-13.450000,0.000000,0.000000,30.000000,-10.830000,1.000000
2237.377930,165.000000,165.000000,-13.700000,0.000000,0.000000,30.000000,-10.830000,1.000000
2237.383057,286.000000,286.000000,-13.950000,4.000000,4.000000,30.000000,-11.330000,1.000000
2237.387939,304.000000,304.000000,-14.140000,4.000000,4.000000,30.000000,-11.330000,1.000000
2237.393066,235.000000,235.000000,-13.990000,4.000000,4.000000,30.000000,-9.510000,1.000000
2237.397949,162.000000,162.000000,-14.130000,4.000000,4.000000,30.000000,-9.510000,1.000000
2237.403076,271.000000,271.000000,-14.230000,10.000000,8.000000,30.000000,-9.540000,1.000000
2237.407959,262.000000,262.000000,-14.250000,10.000000,8.000000,30.000000,-9.540000,1.000000
2237.413086,214.000000,214.000000,-13.890000,8.000000,8.000000,30.000000,-7.240000,1.000000
2237.417969,116.000000,116.000000,-13.770000,8.000000,8.000000,30.000000,-7.240000,1.000000
2237.423096,224.000000,224.000000,-13.480000,12.000000,12.000000,30.000000,-7.730000,1.000000
2237.427979,190.000000,190.000000,-13.340000,12.000000,12.000000,30.000000,-7.730000,1.000000
2237.433105,121.000000,121.000000,-12.910000,10.000000,8.000000,30.000000,-5.900000,1.000000
2237.437988,51.000000,51.000000,-12.700000,10.000000,8.000000,30.000000,-5.900000,1.000000
2237.443115,146.000000,146.000000,-12.370000,12.000000,12.000000,30.000000,-7.320000,1.000000
2237.447998,121.000000,121.000000,-12.110000,12.000000,12.000000,30.000000,-7.320000,1.000000
2237.452881,-11.000000,-11.000000,-11.550000,10.000000,8.000000,30.000000,-5.950000,1.000000
2237.458008,-69.000000,-69.000000,-11.130000,10.000000,8.000000,30.000000,-5.950000,1.000000
2237.462891,3.000000,3.000000,-10.800000,10.000000,10.000000,30.000000,-7.360000,1.000000
2237.468018,13.000000,13.000000,-10.470000,10.000000,10.000000,30.000000,-7.360000,1.000000
2237.472900,-66.000000,-66.000000,-10.290000,6.000000,6.000000,30.000000,-6.920000,1.000000
2237.478027,-48.000000,-48.000000,-10.050000,6.000000,6.000000,30.000000,-6.920000,1.000000
2237.482910,-17.000000,-17.000000,-9.710000,6.000000,6.000000,30.000000,-8.810000,1.000000
2237.488037,-24.000000,-24.000000,-9.510000,6.000000,6.000000,30.000000,-8.810000,1.000000
2237.492920,-143.000000,-143.000000,-9.390000,4.000000,4.000000,30.000000,-8.840000,1.000000
2237.498047,-122.000000,-122.000000,-9.150000,4.000000,4.000000,30.000000,-8.840000,1.000000
2237.502930,-120.000000,-120.000000,-9.010000,4.000000,4.000000,30.000000,-9.790000,1.000000
2237.508057,-110.000000,-110.000000,-8.950000,4.000000,4.000000,30.000000,-9.790000,1.000000
2237.512939,-153.000000,-153.000000,-8.880000,2.000000,4.000000,30.000000,-9.830000,1.000000
2237.518066,-133.000000,-133.000000,-8.590000,2.000000,4.000000,30.000000,-9.830000,1.000000
2237.522949,-143.000000,-143.000000,-8.630000,0.000000,0.000000,30.000000,-10.320000,1.000000
2237.528076,-111.000000,-111.000000,-8.760000,0.000000,0.000000,30.000000,-10.320000,1.000000
2237.532959,-96.000000,-96.000000,-8.900000,-2.000000,0.000000,30.000000,-11.750000,1.000000
2237.538086,-68.000000,-68.000000,-8.810000,-2.000000,0.000000,30.000000,-11.750000,1.000000
2237.542969,-186.000000,-186.000000,-8.930000,-2.000000,-2.000000,30.000000,-12.250000,1.000000
2237.548096,-184.000000,-184.000000,-8.930000,-2.000000,-2.000000,30.000000,-12.250000,1.000000
2237.552979,-223.000000,-223.000000,-8.890000,-2.000000,-2.000000,30.000000,-12.750000,1.000000
2237.558105,-234.000000,-234.000000,-8.630000,-2.000000,-2.000000,30.000000,-12.750000,1.000000
2237.562988,-288.000000,-288.000000,-8.820000,-6.000000,-4.000000,30.000000,-12.790000,1.000000
2237.568115,-243.000000,-243.000000,-8.810000,-6.000000,-4.000000,30.000000,-12.790000,1.000000
2237.572998,-223.000000,-223.000000,-8.920000,-4.000000,-6.000000,30.000000,-14.220000,1.000000
2237.577881,-204.000000,-204.000000,-8.730000,-4.000000,-6.000000,30.000000,-14.220000,1.000000
2237.583008,-310.000000,-310.000000,-8.910000,-8.000000,-8.000000,30.000000,-14.270000,1.000000
2237.587891,-267.000000,-267.000000,-9.050000,-8.000000,-8.000000,30.000000,-14.270000,1.000000
2237.593018,-218.000000,-218.000000,-9.390000,-6.000000,-6.000000,30.000000,-15.000000,1.000000
2237.597900,-150.000000,-150.000000,-9.320000,-6.000000,-6.000000,30.000000,-15.000000,1.000000
2237.603027,-187.000000,-187.000000,-9.660000,-10.000000,-10.000000,30.000000,-14.820000,1.000000
2237.607910,-134.000000,-134.000000,-9.880000,-10.000000,-10.000000,30.000000,-14.820000,1.000000
2237.613037,-72.000000,-72.000000,-10.290000,-8.000000,-8.000000,30.000000,-15.000000,1.000000
2237.617920,-20.000000,-20.000000,-10.360000,-8.000000,-8.000000,30.000000,-15.000000,1.000000
2237.623047,-20.000000,-20.000000,-10.790000,-10.000000,-10.000000,30.000000,-15.000000,1.000000
2237.627930,24.000000,24.000000,-11.190000,-10.000000,-10.000000,30.000000,-15.000000,1.000000
2237.633057,60.000000,60.000000,-11.440000,-8.000000,-8.000000,30.000000,-15.000000,1.000000
2237.637939,73.000000,73.000000,-11.830000,-8.000000,-8.000000,30.000000,-15.000000,1.000000
2237.643066,92.000000,92.000000,-12.110000,-6.000000,-6.000000,30.000000,-15.000000,1.000000
2237.647949,103.000000,103.000000,-12.390000,-6.000000,-6.000000,30.000000,-15.000000,1.000000
2237.653076,112.000000,112.000000,-12.890000,-6.000000,-6.000000,30.000000,-15.000000,1.000000
2237.657959,130.000000,130.000000,-13.390000,-6.000000,-6.000000,30.000000,-15.000000,1.000000
2237.663086,115.000000,115.000000,-13.310000,-4.000000,-4.000000,30.000000,-15.000000,1.000000
2237.667969,5.000000,5.000000,-13.180000,-4.000000,-4.000000,30.000000,-15.000000,1.000000
2237.673096,-88.000000,-88.000000,-13.090000,-2.000000,-2.000000,30.000000,-14.210000,1.000000
2237.677979,-122.000000,-122.000000,-12.960000,-2.000000,-2.000000,30.000000,-14.210000,1.000000
2237.683105,-77.000000,-77.000000,-12.950000,-2.000000,-2.000000,30.000000,-13.320000,1.000000
2237.687988,-70.000000,-70.000000,-12.960000,-2.000000,-2.000000,30.000000,-13.320000,1.000000
2237.693115,8.000000,8.000000,-12.950000,-2.000000,0.000000,30.000000,-13.350000,1.000000
2237.697998,20.000000,20.000000,-12.870000,-2.000000,0.000000,30.000000,-13.350000,1.000000
2237.702881,24.000000,24.000000,-12.960000,-4.000000,-4.000000,30.000000,-12.930000,1.000000
2237.708008,52.000000,52.000000,-13.100000,-4.000000,-4.000000,30.000000,-12.930000,1.000000
2237.712891,109.000000,109.000000,-13.180000,-2.000000,-2.000000,30.000000,-14.360000,1.000000
2237.718018,124.000000,124.000000,-13.430000,-2.000000,-2.000000,30.000000,-14.360000,1.000000
2237.722900,44.000000,44.000000,-13.590000,0.000000,0.000000,30.000000,-13.470000,1.000000
2237.728027,46.000000,46.000000,-13.650000,0.000000,0.000000,30.000000,-13.470000,1.000000
2237.732910,93.000000,93.000000,-13.820000,0.000000,0.000000,30.000000,-12.580000,1.000000
2237.738037,77.000000,77.000000,-13.900000,0.000000,0.000000,30.000000,-12.580000,1.000000
2237.742920,120.000000,120.000000,-13.870000,2.000000,2.000000,30.000000,-12.620000,1.000000
2237.748047,93.000000,93.000000,-13.820000,2.000000,2.000000,30.000000,-12.620000,1.000000
2237.752930,69.000000,69.000000,-13.740000,0.000000,0.000000,30.000000,-11.720000,1.000000
2237.758057,58.000000,58.000000,-13.920000,0.000000,0.000000,30.000000,-11.720000,1.000000
2237.762939,138.000000,138.000000,-13.890000,2.000000,2.000000,30.000000,-12.690000,1.000000
2237.768066,122.000000,122.000000,-13.690000,2.000000,2.000000,30.000000,-12.690000,1.000000
2237.772949,4.000000,4.000000,-13.480000,2.000000,2.000000,30.000000,-11.790000,1.000000
2237.778076,-24.000000,-24.000000,-13.580000,2.000000,2.000000,30.000000,-11.790000,1.000000
2237.782959,74.000000,74.000000,-13.580000,4.000000,4.000000,30.000000,-11.820000,1.000000
2237.788086,84.000000,84.000000,-13.520000,4.000000,4.000000,30.000000,-11.820000,1.000000
2237.792969,46.000000,46.000000,-13.210000,2.000000,4.000000,30.000000,-10.930000,1.000000
2237.798096,-6.000000,-6.000000,-13.110000,2.000000,4.000000,30.000000,-10.930000,1.000000
2237.802979,66.000000,66.000000,-13.160000,4.000000,4.000000,30.000000,-11.420000,1.000000
2237.808105,102.000000,102.000000,-13.110000,4.000000,4.000000,30.000000,-11.420000,1.000000
2237.812988,67.000000,67.000000,-12.930000,4.000000,4.000000,30.000000,-10.990000,1.000000
2237.818115,30.000000,30.000000,-12.940000,4.000000,4.000000,30.000000,-10.990000,1.000000
2237.822998,63.000000,63.000000,-12.930000,4.000000,6.000000,30.000000,-11.020000,1.000000
2237.827881,71.000000,71.000000,-12.850000,4.000000,6.000000,30.000000,-11.020000,1.000000
2237.833008,47.000000,47.000000,-12.670000,4.000000,2.000000,30.000000,-10.590000,1.000000
2237.837891,15.000000,15.000000,-12.590000,4.000000,2.000000,30.000000,-10.590000,1.000000
2237.843018,40.000000,40.000000,-12.600000,4.000000,4.000000,30.000000,-11.550000,1.000000
2237.847900,54.000000,54.000000,-12.490000,4.000000,4.000000,30.000000,-11.550000,1.000000
2237.853027,-31.000000,-31.000000,-12.320000,4.000000,4.000000,30.000000,-11.120000,1.000000
2237.857910,-58.000000,-58.000000,-12.280000,4.000000,4.000000,30.000000,-11.120000,1.000000
2237.863037,-25.000000,-25.000000,-12.240000,4.000000,4.000000,30.000000,-11.150000,1.000000
2237.867920,-15.000000,-15.000000,-12.150000,4.000000,4.000000,30.000000,-11.150000,1.000000
2237.873047,-28.000000,-28.000000,-12.010000,4.000000,4.000000,30.000000,-11.180000,1.000000
2237.877930,-49.000000,-49.000000,-11.770000,4.000000,4.000000,30.000000,-11.180000,1.000000
2237.883057,-63.000000,-63.000000,-11.680000,2.000000,2.000000,30.000000,-11.210000,1.000000
2237.887939,-44.000000,-44.000000,-11.740000,2.000000,2.000000,30.000000,-11.210000,1.000000
2237.893066,-12.000000,-12.000000,-11.700000,2.000000,2.000000,30.000000,-12.170000,1.000000
2237.897949,-4.000000,-4.000000,-11.520000,2.000000,2.000000,30.000000,-12.170000,1.000000
2237.903076,-87.000000,-87.000000,-11.480000,0.000000,0.000000,30.000000,-12.210000,1.000000
2237.907959,-77.000000,-77.000000,-11.570000,0.000000,0.000000,30.000000,-12.210000,1.000000
2237.913086,-43.000000,-43.000000,-11.690000,0.000000,0.000000,30.000000,-13.170000,1.000000
2237.917969,-22.000000,-22.000000,-11.520000,0.000000,0.000000,30.000000,-13.170000,1.000000
2237.923096,-120.000000,-120.000000,-11.510000,0.000000,-2.000000,30.000000,-13.200000,1.000000
2237.927979,-123.000000,-123.000000,-11.540000,0.000000,-2.000000,30.000000,-13.200000,1.000000
2237.933105,-108.000000,-108.000000,-11.530000,0.000000,0.000000,30.000000,-13.710000,1.000000
2237.937988,-97.000000,-97.000000,-11.370000,0.000000,0.000000,30.000000,-13.710000,1.000000
2237.943115,-133.000000,-133.000000,-11.600000,-4.000000,-4.000000,30.000000,-13.280000,1.000000
2237.947998,-95.000000,-95.000000,-11.760000,-4.000000,-4.000000,30.000000,-13.280000,1.000000
2237.952881,-40.000000,-40.000000,-11.800000,-4.000000,-4.000000,30.000000,-15.000000,1.000000
2237.958008,-42.000000,-42.000000,-11.730000,-4.000000,-4.000000,30.000000,-15.000000,1.000000
2237.962891,-173.000000,-173.000000,-11.830000,-4.000000,-4.000000,30.000000,-15.000000,1.000000
2237.968018,-156.000000,-156.000000,-11.950000,-4.000000,-4.000000,30.000000,-15.000000,1.000000
2237.972900,-139.000000,-139.000000,-12.020000,-4.000000,-4.000000,30.000000,-15.000000,1.000000
2237.978027,-135.000000,-135.000000,-11.780000,-4.000000,-4.000000,30.000000,-15.000000,1.000000
2237.982910,-157.000000,-157.000000,-12.050000,-6.000000,-6.000000,30.000000,-15.000000,1.000000
2237.988037,-120.000000,-120.000000,-12.100000,-6.000000,-6.000000,30.000000,-15.000000,1.000000
2237.992920,-102.000000,-102.000000,-12.160000,-6.000000,-6.000000,30.000000,-15.000000,1.000000
2237.998047,-97.000000,-97.000000,-12.000000,-6.000000,-6.000000,30.000000,-15.000000,1.000000
2238.002930,-103.000000,-103.000000,-12.200000,-8.000000,-6.000000,30.000000,-15.000000,1.000000
2238.008057,-58.000000,-58.000000,-12.390000,-8.000000,-6.000000,30.000000,-15.000000,1.000000
2238.012939,-18.000000,-18.000000,-12.550000,-4.000000,-6.000000,30.000000,-15.000000,1.000000
2238.018066,7.000000,7.000000,-12.640000,-4.000000,-6.000000,30.000000,-15.000000,1.000000
2238.022949,20.000000,20.000000,-12.850000,-6.000000,-6.000000,30.000000,-15.000000,1.000000
2238.028076,47.000000,47.000000,-13.100000,-6.000000,-6.000000,30.000000,-15.000000,1.000000
2238.032959,73.000000,73.000000,-13.280000,-4.000000,-4.000000,30.000000,-15.000000,1.000000
2238.038086,89.000000,89.000000,-13.540000,-4.000000,-4.000000,30.000000,-15.000000,1.000000
2238.042969,107.000000,107.000000,-13.780000,-2.000000,-2.000000,30.000000,-15.000000,1.000000
2238.048096,118.000000,118.000000,-14.080000,-2.000000,-2.000000,30.000000,-15.000000,1.000000
2238.052979,128.000000,128.000000,-14.410000,-2.000000,-2.000000,30.000000,-14.660000,1.000000
2238.058105,119.000000,119.000000,-14.640000,-2.000000,-2.000000,30.000000,-14.660000,1.000000
2238.062988,94.000000,94.000000,-14.430000,2.000000,0.000000,30.000000,-14.700000,1.000000
2238.068115,5.000000,5.000000,-14.250000,2.000000,0.000000,30.000000,-14.700000,1.000000
2238.072998,-45.000000,-45.000000,-14.240000,0.000000,0.000000,30.000000,-13.350000,1.000000
2238.077881,-43.000000,-43.000000,-14.180000,0.000000,0.000000,30.000000,-13.350000,1.000000
2238.083008,64.000000,64.000000,-14.210000,0.000000,0.000000,30.000000,-13.850000,1.000000
2238.087891,72.000000,72.000000,-14.240000,0.000000,0.000000,30.000000,-13.850000,1.000000
2238.093018,42.000000,42.000000,-14.250000,0.000000,0.000000,30.000000,-13.880000,1.000000
2238.097900,46.000000,46.000000,-14.500000,0.000000,0.000000,30.000000,-13.880000,1.000000
2238.103027,66.000000,66.000000,-14.540000,2.000000,2.000000,30.000000,-13.920000,1.000000
2238.107910,51.000000,51.000000,-14.370000,2.000000,2.000000,30.000000,-13.920000,1.000000
2238.113037,-1.000000,-1.000000,-14.250000,0.000000,2.000000,30.000000,-13.020000,1.000000
2238.117920,-24.000000,-24.000000,-14.300000,0.000000,2.000000,30.000000,-13.020000,1.000000
2238.123047,62.000000,62.000000,-14.360000,2.000000,2.000000,30.000000,-13.520000,1.000000
2238.127930,76.000000,76.000000,-14.290000,2.000000,2.000000,30.000000,-13.520000,1.000000
2238.133057,18.000000,18.000000,-14.110000,0.000000,2.000000,30.000000,-13.090000,1.000000
2238.137939,46.000000,46.000000,-14.210000,0.000000,2.000000,30.000000,-13.090000,1.000000
2238.143066,64.000000,64.000000,-14.310000,4.000000,2.000000,30.000000,-13.590000,1.000000
2238.147949,-3.000000,-3.000000,-14.170000,4.000000,2.000000,30.000000,-13.590000,1.000000
2238.153076,-35.000000,-35.000000,-13.980000,2.000000,2.000000,30.000000,-12.700000,1.000000
2238.157959,46.000000,46.000000,-14.010000,2.000000,2.000000,30.000000,-12.700000,1.000000
2238.163086,67.000000,67.000000,-14.090000,2.000000,2.000000,30.000000,-13.190000,1.000000
2238.167969,7.000000,7.000000,-13.990000,2.000000,2.000000,30.000000,-13.190000,1.000000
2238.173096,-24.000000,-24.000000,-13.810000,4.000000,2.000000,30.000000,-13.230000,1.000000
2238.177979,-8.000000,-8.000000,-13.850000,4.000000,2.000000,30.000000,-13.230000,1.000000
2238.183105,13.000000,13.000000,-13.930000,2.000000,2.000000,30.000000,-12.800000,1.000000
2238.187988,21.000000,21.000000,-13.840000,2.000000,2.000000,30.000000,-12.800000,1.000000
2238.193115,-6.000000,-6.000000,-13.700000,2.000000,2.000000,30.000000,-13.290000,1.000000
2238.197998,-41.000000,-41.000000,-13.570000,2.000000,2.000000,30.000000,-13.290000,1.000000
2238.202881,-14.000000,-14.000000,-13.600000,2.000000,2.000000,30.000000,-13.330000,1.000000
2238.208008,-1.000000,-1.000000,-13.650000,2.000000,2.000000,30.000000,-13.330000,1.000000
2238.212891,-12.000000,-12.000000,-13.580000,0.000000,2.000000,30.000000,-13.360000,1.000000
2238.218018,-23.000000,-23.000000,-13.460000,0.000000,2.000000,30.000000,-13.360000,1.000000
2238.222900,-3.000000,-3.000000,-13.490000,0.000000,2.000000,30.000000,-13.860000,1.000000
2238.228027,-12.000000,-12.000000,-13.600000,0.000000,2.000000,30.000000,-13.860000,1.000000
2238.232910,-11.000000,-11.000000,-13.640000,0.000000,0.000000,30.000000,-13.890000,1.000000
2238.238037,-25.000000,-25.000000,-13.620000,0.000000,0.000000,30.000000,-13.890000,1.000000
2238.242920,-28.000000,-28.000000,-13.620000,0.000000,0.000000,30.000000,-14.390000,1.000000
2238.248047,-60.000000,-60.000000,-13.630000,0.000000,0.000000,30.000000,-14.390000,1.000000
2238.252930,-63.000000,-63.000000,-13.610000,0.000000,0.000000,30.000000,-14.430000,1.000000
2238.258057,-76.000000,-76.000000,-13.520000,0.000000,0.000000,30.000000,-14.430000,1.000000
2238.262939,-72.000000,-72.000000,-13.480000,-2.000000,0.000000,30.000000,-14.460000,1.000000
2238.268066,-52.000000,-52.000000,-13.570000,-2.000000,0.000000,30.000000,-14.460000,1.000000
2238.272949,-41.000000,-41.000000,-13.630000,0.000000,0.000000,30.000000,-14.970000,1.000000
2238.278076,-99.000000,-99.000000,-13.430000,0.000000,0.000000,30.000000,-14.970000,1.000000
2238.282959,-87.000000,-87.000000,-13.480000,-2.000000,-2.000000,30.000000,-14.540000,1.000000
2238.288086,-32.000000,-32.000000,-13.570000,-2.000000,-2.000000,30.000000,-14.540000,1.000000
2238.292969,-22.000000,-22.000000,-13.610000,-2.000000,0.000000,30.000000,-15.000000,1.000000
2238.298096,-59.000000,-59.000000,-13.550000,-2.000000,0.000000,30.000000,-15.000000,1.000000
2238.302979,-39.000000,-39.000000,-13.700000,-2.000000,-2.000000,30.000000,-15.000000,1.000000
2238.308105,-27.000000,-27.000000,-13.810000,-2.000000,-2.000000,30.000000,-15.000000,1.000000
2238.312988,-31.000000,-31.000000,-13.830000,-4.000000,-2.000000,30.000000,-15.000000,1.000000
2238.318115,-35.000000,-35.000000,-13.860000,-4.000000,-2.000000,30.000000,-15.000000,1.000000
2238.322998,-31.000000,-31.000000,-13.920000,-2.000000,-4.000000,30.000000,-15.000000,1.000000
2238.327881,-28.000000,-28.000000,-13.970000,-2.000000,-4.000000,30.000000,-15.000000,1.000000
2238.333008,-28.000000,-28.000000,-13.990000,-2.000000,-2.000000,30.000000,-15.000000,1.000000
2238.337891,-32.000000,-32.000000,-13.960000,-2.000000,-2.000000,30.000000,-15.000000,1.000000
2238.343018,-28.000000,-28.000000,-14.000000,-2.000000,-4.000000,30.000000,-15.000000,1.000000
2238.347900,-20.000000,-20.000000,-14.070000,-2.000000,-4.000000,30.000000,-15.000000,1.000000
2238.353027,-17.000000,-17.000000,-14.090000,-2.000000,0.000000,30.000000,-15.000000,1.000000
2238.357910,-18.000000,-18.000000,-14.080000,-2.000000,0.000000,30.000000,-15.000000,1.000000
2238.363037,-7.000000,-7.000000,-14.170000,-2.000000,-2.000000,30.000000,-15.000000,1.000000
2238.367920,1.000000,1.000000,-14.250000,-2.000000,-2.000000,30.000000,-15.000000,1.000000
2238.373047,3.000000,3.000000,-14.270000,-2.000000,0.000000,30.000000,-15.000000,1.000000
2238.377930,7.000000,7.000000,-14.330000,-2.000000,0.000000,30.000000,-15.000000,1.000000
2238.383057,13.000000,13.000000,-14.400000,-2.000000,-2.000000,30.000000,-15.000000,1.000000
2238.387939,14.000000,14.000000,-14.450000,-2.000000,-2.000000,30.000000,-15.000000,1.000000
2238.393066,14.000000,14.000000,-14.500000,0.000000,-2.000000,30.000000,-15.000000,1.000000
2238.397949,14.000000,14.000000,-14.550000,0.000000,-2.000000,30.000000,-15.000000,1.000000
2238.403076,13.000000,13.000000,-14.600000,-2.000000,0.000000,30.000000,-15.000000,1.000000
2238.407959,9.000000,9.000000,-14.630000,-2.000000,0.000000,30.000000,-15.000000,1.000000
2238.413086,5.000000,5.000000,-14.690000,0.000000,0.000000,30.000000,-15.000000,1.000000
2238.417969,2.000000,2.000000,-14.740000,0.000000,0.000000,30.000000,-15.000000,1.000000
2238.423096,-13.000000,-13.000000,-14.690000,0.000000,0.000000,30.000000,-15.000000,1.000000
2238.427979,-21.000000,-21.000000,-14.660000,0.000000,0.000000,30.000000,-15.000000,1.000000
2238.433105,-24.000000,-24.000000,-14.650000,0.000000,0.000000,30.000000,-15.000000,1.000000
2238.437988,-30.000000,-30.000000,-14.600000,0.000000,0.000000,30.000000,-15.000000,1.000000
2238.443115,-28.000000,-28.000000,-14.580000,0.000000,0.000000,30.000000,-15.000000,1.000000
2238.447998,-18.000000,-18.000000,-14.640000,0.000000,0.000000,30.000000,-15.000000,1.000000
2238.452881,-18.000000,-18.000000,-14.650000,0.000000,0.000000,30.000000,-15.000000,1.000000
2238.458008,-26.000000,-26.000000,-14.610000,0.000000,0.000000,30.000000,-15.000000,1.000000
2238.462891,-23.000000,-23.000000,-14.640000,0.000000,0.000000,30.000000,-15.000000,1.000000
2238.468018,-22.000000,-22.000000,-14.670000,0.000000,0.000000,30.000000,-15.000000,1.000000
2238.472900,-27.000000,-27.000000,-14.650000,0.000000,0.000000,30.000000,-15.000000,1.000000
2238.478027,-31.000000,-31.000000,-14.620000,0.000000,0.000000,30.000000,-15.000000,1.000000
2238.482910,-27.000000,-27.000000,-14.650000,0.000000,0.000000,30.000000,-15.000000,1.000000
2238.488037,-27.000000,-27.000000,-14.660000,0.000000,0.000000,30.000000,-15.000000,1.000000
2238.492920,-30.000000,-30.000000,-14.630000,0.000000,0.000000,30.000000,-15.000000,1.000000
2238.498047,-31.000000,-31.000000,-14.610000,0.000000,0.000000,30.000000,-15.000000,1.000000
2238.502930,-26.000000,-26.000000,-14.620000,-2.000000,0.000000,30.000000,-15.000000,1.000000
2238.508057,-22.000000,-22.000000,-14.660000,-2.000000,0.000000,30.000000,-15.000000,1.000000
2238.512939,-24.000000,-24.000000,-14.640000,0.000000,0.000000,30.000000,-15.000000,1.000000
2238.518066,-27.000000,-27.000000,-14.620000,0.000000,0.000000,30.000000,-15.000000,1.000000
2238.522949,-23.000000,-23.000000,-14.640000,0.000000,0.000000,30.000000,-15.000000,1.000000
2238.528076,-19.000000,-19.000000,-14.680000,0.000000,0.000000,30.000000,-15.000000,1.000000
2238.532959,-20.000000,-20.000000,-14.660000,-2.000000,0.000000,30.000000,-15.000000,1.000000
2238.538086,-22.000000,-22.000000,-14.660000,-2.000000,0.000000,30.000000,-15.000000,1.000000
2238.542969,-15.000000,-15.000000,-14.700000,-2.000000,0.000000,30.000000,-15.000000,1.000000
2238.548096,-13.000000,-13.000000,-14.720000,-2.000000,0.000000,30.000000,-15.000000,1.000000
2238.552979,-15.000000,-15.000000,-14.710000,0.000000,0.000000,30.000000,-15.000000,1.000000
2238.558105,-15.000000,-15.000000,-14.720000,0.000000,0.000000,30.000000,-15.000000,1.000000
2238.562988,-12.000000,-12.000000,-14.740000,-2.000000,-2.000000,30.000000,-15.000000,1.000000
2238.568115,-12.000000,-12.000000,-14.760000,-2.000000,-2.000000,30.000000,-15.000000,1.000000
2238.572998,-14.000000,-14.000000,-14.750000,0.000000,0.000000,30.000000,-15.000000,1.000000
2238.577881,-17.000000,-17.000000,-14.730000,0.000000,0.000000,30.000000,-15.000000,1.000000
2238.583008,-16.000000,-16.000000,-14.750000,0.000000,0.000000,30.000000,-15.000000,1.000000
2238.587891,-15.000000,-15.000000,-14.760000,0.000000,0.000000,30.000000,-15.000000,1.000000
2238.593018,-17.000000,-17.000000,-14.750000,0.000000,0.000000,30.000000,-15.000000,1.000000
2238.597900,-15.000000,-15.000000,-14.770000,0.000000,0.000000,30.000000,-15.000000,1.000000
2238.603027,-13.000000,-13.000000,-14.770000,0.000000,0.000000,30.000000,-15.000000,1.000000
2238.607910,-11.000000,-11.000000,-14.800000,0.000000,0.000000,30.000000,-15.000000,1.000000
2238.613037,-10.000000,-10.000000,-14.810000,0.000000,0.000000,30.000000,-15.000000,1.000000
2238.617920,-12.000000,-12.000000,-14.810000,0.000000,0.000000,0.000000,-15.000000,1.000000
2238.623047,-14.000000,-14.000000,-14.810000,0.000000,0.000000,0.000000,-15.000000,1.000000
2238.627930,-12.000000,-12.000000,-14.830000,0.000000,0.000000,0.000000,-15.000000,1.000000
2238.633057,-15.000000,-15.000000,-14.810000,0.000000,0.000000,0.000000,-1.880000,1.000000
2238.637939,800.000000,800.000000,-14.790000,0.000000,0.000000,0.000000,-1.880000,1.000000
2238.643066,800.000000,800.000000,-14.790000,0.000000,0.000000,0.000000,-1.880000,1.000000
2238.647949,800.000000,800.000000,-14.800000,0.000000,0.000000,0.000000,-1.880000,1.000000
2238.653076,800.000000,800.000000,-14.810000,0.000000,0.000000,0.000000,-1.880000,1.000000
2238.657959,800.000000,800.000000,-15.030000,0.000000,0.000000,0.000000,-1.880000,1.000000
2238.663086,800.000000,800.000000,-14.950000,6.000000,8.000000,0.000000,-1.880000,1.000000
2238.667969,800.000000,800.000000,-15.210000,6.000000,8.000000,0.000000,-1.880000,1.000000
2238.673096,800.000000,800.000000,-15.680000,14.000000,12.000000,0.000000,1.370000,1.000000
2238.677979,800.000000,800.000000,-15.840000,14.000000,12.000000,0.000000,1.370000,1.000000
2238.683105,588.000000,588.000000,-15.020000,18.000000,20.000000,0.000000,4.170000,1.000000
2238.687988,552.000000,552.000000,-14.130000,18.000000,20.000000,0.000000,4.170000,1.000000
2238.693115,432.000000,432.000000,-13.310000,24.000000,24.000000,0.000000,6.980000,1.000000
2238.697998,549.000000,549.000000,-12.760000,24.000000,24.000000,0.000000,6.980000,1.000000
2238.702881,435.000000,435.000000,-12.110000,28.000000,28.000000,0.000000,9.320000,1.000000
2238.708008,433.000000,433.000000,-11.200000,28.000000,28.000000,0.000000,9.320000,1.000000
2238.712891,242.000000,242.000000,-9.790000,28.000000,28.000000,0.000000,11.210000,1.000000
2238.718018,271.000000,271.000000,-8.740000,28.000000,28.000000,0.000000,11.210000,1.000000
2238.722900,198.000000,198.000000,-7.680000,30.000000,30.000000,0.000000,11.250000,1.000000
2238.728027,111.000000,111.000000,-6.370000,30.000000,30.000000,0.000000,11.250000,1.000000
2238.732910,39.000000,39.000000,-5.150000,28.000000,28.000000,0.000000,12.210000,1.000000
2238.738037,55.000000,55.000000,-4.220000,28.000000,28.000000,0.000000,12.210000,1.000000
2238.742920,-36.000000,-36.000000,-2.830000,30.000000,28.000000,0.000000,11.320000,1.000000
2238.748047,-153.000000,-153.000000,-1.730000,30.000000,28.000000,0.000000,11.320000,1.000000
2238.752930,-186.000000,-186.000000,-0.570000,24.000000,22.000000,0.000000,11.810000,1.000000
2238.758057,-187.000000,-187.000000,0.600000,24.000000,22.000000,0.000000,11.810000,1.000000
2238.762939,-195.000000,-195.000000,1.570000,20.000000,20.000000,0.000000,9.060000,1.000000
2238.768066,-385.000000,-385.000000,2.540000,20.000000,20.000000,0.000000,9.060000,1.000000
2238.772949,-357.000000,-357.000000,3.330000,18.000000,16.000000,0.000000,7.690000,1.000000
2238.778076,-422.000000,-422.000000,4.160000,18.000000,16.000000,0.000000,7.690000,1.000000
2238.782959,-373.000000,-373.000000,4.730000,12.000000,10.000000,0.000000,6.320000,1.000000
2238.788086,-415.000000,-415.000000,5.320000,12.000000,10.000000,0.000000,6.320000,1.000000
2238.792969,-345.000000,-345.000000,5.690000,10.000000,10.000000,0.000000,3.550000,1.000000
2238.798096,-493.000000,-493.000000,6.220000,10.000000,10.000000,0.000000,3.550000,1.000000
2238.802979,-432.000000,-432.000000,6.610000,2.000000,2.000000,0.000000,3.100000,1.000000
2238.808105,-355.000000,-355.000000,6.750000,2.000000,2.000000,0.000000,3.100000,1.000000
2238.812988,-200.000000,-200.000000,6.530000,2.000000,0.000000,0.000000,-0.610000,1.000000
2238.818115,-387.000000,-387.000000,6.590000,2.000000,0.000000,0.000000,-0.610000,1.000000
2238.822998,-326.000000,-326.000000,6.450000,-6.000000,-6.000000,0.000000,-1.070000,1.000000
2238.827881,-304.000000,-304.000000,6.410000,-6.000000,-6.000000,0.000000,-1.070000,1.000000
2238.833008,-212.000000,-212.000000,6.160000,-4.000000,-6.000000,0.000000,-4.320000,1.000000
2238.837891,-334.000000,-334.000000,5.890000,-4.000000,-6.000000,0.000000,-4.320000,1.000000
2238.843018,-238.000000,-238.000000,5.400000,-12.000000,-12.000000,0.000000,-3.870000,1.000000
2238.847900,-132.000000,-132.000000,5.050000,-12.000000,-12.000000,0.000000,-3.870000,1.000000
2238.853027,-28.000000,-28.000000,4.310000,-8.000000,-12.000000,0.000000,-7.130000,1.000000
2238.857910,-212.000000,-212.000000,4.030000,-8.000000,-12.000000,0.000000,-7.130000,1.000000
2238.863037,-122.000000,-122.000000,3.170000,-12.000000,-14.000000,0.000000,-6.210000,1.000000
2238.867920,-4.000000,-4.000000,2.590000,-12.000000,-14.000000,0.000000,-6.210000,1.000000
2238.873047,37.000000,37.000000,1.970000,-10.000000,-12.000000,0.000000,-7.620000,1.000000
2238.877930,-40.000000,-40.000000,1.580000,-10.000000,-12.000000,0.000000,-7.620000,1.000000
2238.883057,21.000000,21.000000,0.830000,-10.000000,-12.000000,0.000000,-6.710000,1.000000
2238.887939,141.000000,141.000000,-0.020000,-10.000000,-12.000000,0.000000,-6.710000,1.000000
2238.893066,166.000000,166.000000,-0.800000,-10.000000,-10.000000,0.000000,-6.720000,1.000000
2238.897949,169.000000,169.000000,-1.640000,-10.000000,-10.000000,0.000000,-6.720000,1.000000
2238.903076,142.000000,142.000000,-2.310000,-6.000000,-8.000000,0.000000,-6.270000,1.000000
2238.907959,120.000000,120.000000,-2.810000,-6.000000,-8.000000,0.000000,-6.270000,1.000000
2238.913086,69.000000,69.000000,-3.240000,-6.000000,-6.000000,0.000000,-4.880000,1.000000
2238.917969,140.000000,140.000000,-3.790000,-6.000000,-6.000000,0.000000,-4.880000,1.000000
2238.923096,65.000000,65.000000,-3.830000,-2.000000,-2.000000,0.000000,-4.430000,1.000000
2238.927979,36.000000,36.000000,-3.990000,-2.000000,-2.000000,0.000000,-4.430000,1.000000
2238.933105,-14.000000,-14.000000,-4.030000,-2.000000,-2.000000,0.000000,-2.570000,1.000000
2238.937988,72.000000,72.000000,-4.000000,-2.000000,-2.000000,0.000000,-2.570000,1.000000
2238.943115,31.000000,31.000000,-3.980000,2.000000,0.000000,0.000000,-2.580000,1.000000
2238.947998,-17.000000,-17.000000,-3.780000,2.000000,0.000000,0.000000,-2.580000,1.000000
2238.952881,-56.000000,-56.000000,-3.570000,0.000000,0.000000,0.000000,-1.180000,1.000000
2238.958008,29.000000,29.000000,-3.470000,0.000000,0.000000,0.000000,-1.180000,1.000000
2238.962891,10.000000,10.000000,-3.280000,0.000000,2.000000,0.000000,-1.650000,1.000000
2238.968018,-45.000000,-45.000000,-3.040000,0.000000,2.000000,0.000000,-1.650000,1.000000
2238.972900,-55.000000,-55.000000,-2.890000,0.000000,0.000000,0.000000,-1.180000,1.000000
2238.978027,-25.000000,-25.000000,-2.740000,0.000000,0.000000,0.000000,-1.180000,1.000000
2238.982910,-30.000000,-30.000000,-2.580000,0.000000,2.000000,0.000000,-1.650000,1.000000
2238.988037,-68.000000,-68.000000,-2.440000,0.000000,2.000000,0.000000,-1.650000,1.000000
2238.992920,-73.000000,-73.000000,-2.270000,0.000000,0.000000,0.000000,-1.180000,1.000000
2238.998047,-44.000000,-44.000000,-2.090000,0.000000,0.000000,0.000000,-1.180000,1.000000
2239.002930,-39.000000,-39.000000,-2.020000,-2.000000,-2.000000,0.000000,-1.650000,1.000000
2239.008057,-70.000000,-70.000000,-1.940000,-2.000000,-2.000000,0.000000,-1.650000,1.000000
2239.012939,-80.000000,-80.000000,-1.790000,0.000000,0.000000,0.000000,-2.580000,1.000000
2239.018066,-155.000000,-155.000000,-1.620000,0.000000,0.000000,0.000000,-2.580000,1.000000
2239.022949,-149.000000,-149.000000,-1.570000,0.000000,-2.000000,0.000000,-1.650000,1.000000
2239.028076,-81.000000,-81.000000,-1.510000,0.000000,-2.000000,0.000000,-1.650000,1.000000
2239.032959,-87.000000,-87.000000,-1.380000,0.000000,0.000000,0.000000,-2.110000,1.000000
2239.038086,-141.000000,-141.000000,-1.020000,0.000000,0.000000,0.000000,-2.110000,1.000000
2239.042969,-107.000000,-107.000000,-1.070000,-2.000000,-4.000000,0.000000,-1.650000,1.000000
2239.048096,-42.000000,-42.000000,-1.060000,-2.000000,-4.000000,0.000000,-1.650000,1.000000
2239.052979,-16.000000,-16.000000,-1.080000,-4.000000,-4.000000,0.000000,-3.040000,1.000000
2239.058105,-104.000000,-104.000000,-0.930000,-4.000000,-4.000000,0.000000,-3.040000,1.000000
2239.062988,-68.000000,-68.000000,-0.960000,-4.000000,-4.000000,0.000000,-3.510000,1.000000
2239.068115,-38.000000,-38.000000,-1.190000,-4.000000,-4.000000,0.000000,-3.510000,1.000000
2239.072998,4.000000,4.000000,-1.330000,-4.000000,-4.000000,0.000000,-3.520000,1.000000
2239.077881,17.000000,17.000000,-1.410000,-4.000000,-4.000000,0.000000,-3.520000,1.000000
2239.083008,38.000000,38.000000,-1.580000,-4.000000,-6.000000,0.000000,-3.520000,1.000000
2239.087891,60.000000,60.000000,-1.810000,-4.000000,-6.000000,0.000000,-3.520000,1.000000
2239.093018,72.000000,72.000000,-1.970000,-2.000000,-4.000000,0.000000,-3.990000,1.000000
2239.097900,50.000000,50.000000,-2.200000,-2.000000,-4.000000,0.000000,-3.990000,1.000000
2239.103027,52.000000,52.000000,-2.350000,-2.000000,-2.000000,0.000000,-3.070000,1.000000
2239.107910,113.000000,113.000000,-2.440000,-2.000000,-2.000000,0.000000,-3.070000,1.000000
2239.113037,118.000000,118.000000,-2.650000,-2.000000,0.000000,0.000000,-2.610000,1.000000
2239.117920,159.000000,159.000000,-2.900000,-2.000000,0.000000,0.000000,-2.610000,1.000000
2239.123047,146.000000,146.000000,-2.980000,0.000000,0.000000,0.000000,-2.140000,1.000000
2239.127930,167.000000,167.000000,-3.080000,0.000000,0.000000,0.000000,-2.140000,1.000000
2239.133057,157.000000,157.000000,-3.190000,0.000000,0.000000,0.000000,-1.680000,1.000000
2239.137939,190.000000,190.000000,-3.460000,0.000000,0.000000,0.000000,-1.680000,1.000000
2239.143066,149.000000,149.000000,-3.400000,4.000000,4.000000,0.000000,-1.680000,1.000000
2239.147949,97.000000,97.000000,-3.350000,4.000000,4.000000,0.000000,-1.680000,1.000000
2239.153076,61.000000,61.000000,-3.180000,2.000000,2.000000,0.000000,0.180000,1.000000
2239.157959,211.000000,211.000000,-3.320000,2.000000,2.000000,0.000000,0.180000,1.000000
2239.163086,209.000000,209.000000,-3.350000,4.000000,4.000000,0.000000,-0.750000,1.000000
2239.167969,92.000000,92.000000,-3.210000,4.000000,4.000000,0.000000,-0.750000,1.000000
2239.173096,35.000000,35.000000,-2.930000,4.000000,4.000000,0.000000,0.190000,1.000000
2239.177979,108.000000,108.000000,-2.980000,4.000000,4.000000,0.000000,0.190000,1.000000
2239.183105,105.000000,105.000000,-2.930000,8.000000,8.000000,0.000000,0.190000,1.000000
2239.187988,90.000000,90.000000,-2.930000,8.000000,8.000000,0.000000,0.190000,1.000000
2239.193115,32.000000,32.000000,-2.640000,6.000000,6.000000,0.000000,2.060000,1.000000
2239.197998,147.000000,147.000000,-2.540000,6.000000,6.000000,0.000000,2.060000,1.000000
2239.202881,136.000000,136.000000,-2.310000,8.000000,6.000000,0.000000,1.140000,1.000000
2239.208008,71.000000,71.000000,-2.110000,8.000000,6.000000,0.000000,1.140000,1.000000
2239.212891,64.000000,64.000000,-1.970000,6.000000,6.000000,0.000000,1.610000,1.000000
2239.218018,108.000000,108.000000,-2.010000,6.000000,6.000000,0.000000,1.610000,1.000000
2239.222900,87.000000,87.000000,-1.820000,8.000000,8.000000,0.000000,1.150000,1.000000
2239.228027,14.000000,14.000000,-1.620000,8.000000,8.000000,0.000000,1.150000,1.000000
2239.232910,-23.000000,-23.000000,-1.310000,6.000000,8.000000,0.000000,2.090000,1.000000
2239.238037,52.000000,52.000000,-1.190000,6.000000,8.000000,0.000000,2.090000,1.000000
2239.242920,58.000000,58.000000,-1.030000,6.000000,8.000000,0.000000,1.630000,1.000000
2239.248047,40.000000,40.000000,-0.940000,6.000000,8.000000,0.000000,1.630000,1.000000
2239.252930,35.000000,35.000000,-0.840000,4.000000,6.000000,0.000000,1.640000,1.000000
2239.258057,39.000000,39.000000,-0.800000,4.000000,6.000000,0.000000,1.640000,1.000000
2239.262939,31.000000,31.000000,-0.580000,6.000000,6.000000,0.000000,0.720000,1.000000
2239.268066,-35.000000,-35.000000,-0.450000,6.000000,6.000000,0.000000,0.720000,1.000000
2239.272949,-25.000000,-25.000000,-0.370000,6.000000,6.000000,0.000000,1.190000,1.000000
2239.278076,20.000000,20.000000,-0.340000,6.000000,6.000000,0.000000,1.190000,1.000000
2239.282959,22.000000,22.000000,-0.320000,4.000000,4.000000,0.000000,1.200000,1.000000
2239.288086,9.000000,9.000000,-0.220000,4.000000,4.000000,0.000000,1.200000,1.000000
2239.292969,9.000000,9.000000,-0.140000,4.000000,4.000000,0.000000,0.280000,1.000000
2239.298096,4.000000,4.000000,-0.140000,4.000000,4.000000,0.000000,0.280000,1.000000
2239.302979,-50.000000,-50.000000,-0.130000,4.000000,4.000000,0.000000,0.280000,1.000000
2239.308105,-46.000000,-46.000000,-0.030000,4.000000,4.000000,0.000000,0.280000,1.000000
2239.312988,-63.000000,-63.000000,0.070000,4.000000,2.000000,0.000000,0.290000,1.000000
2239.318115,-76.000000,-76.000000,0.270000,4.000000,2.000000,0.000000,0.290000,1.000000
2239.322998,-85.000000,-85.000000,0.350000,2.000000,2.000000,0.000000,-0.170000,1.000000
2239.327881,-69.000000,-69.000000,0.290000,2.000000,2.000000,0.000000,-0.170000,1.000000
2239.333008,-69.000000,-69.000000,0.280000,0.000000,0.000000,0.000000,-0.640000,1.000000
2239.337891,-50.000000,-50.000000,0.390000,0.000000,0.000000,0.000000,-0.640000,1.000000
2239.343018,-86.000000,-86.000000,0.300000,-2.000000,0.000000,0.000000,-1.560000,1.000000
2239.347900,-74.000000,-74.000000,0.260000,-2.000000,0.000000,0.000000,-1.560000,1.000000
2239.353027,-133.000000,-133.000000,0.320000,-2.000000,0.000000,0.000000,-2.030000,1.000000
2239.357910,-144.000000,-144.000000,0.450000,-2.000000,0.000000,0.000000,-2.030000,1.000000
2239.363037,-192.000000,-192.000000,0.470000,-2.000000,-2.000000,0.000000,-2.030000,1.000000
2239.367920,-188.000000,-188.000000,0.410000,-2.000000,-2.000000,0.000000,-2.030000,1.000000
2239.373047,-168.000000,-168.000000,0.400000,-2.000000,-2.000000,0.000000,-2.500000,1.000000
2239.377930,-155.000000,-155.000000,0.630000,-2.000000,-2.000000,0.000000,-2.500000,1.000000
2239.383057,-207.000000,-207.000000,0.530000,-6.000000,-4.000000,0.000000,-2.500000,1.000000
2239.387939,-177.000000,-177.000000,0.570000,-6.000000,-4.000000,0.000000,-2.500000,1.000000
2239.393066,-142.000000,-142.000000,0.320000,-4.000000,-4.000000,0.000000,-3.900000,1.000000
2239.397949,-88.000000,-88.000000,0.370000,-4.000000,-4.000000,0.000000,-3.900000,1.000000
2239.403076,-166.000000,-166.000000,0.090000,-8.000000,-6.000000,0.000000,-3.440000,1.000000
2239.407959,-118.000000,-118.000000,-0.110000,-8.000000,-6.000000,0.000000,-3.440000,1.000000
2239.413086,-59.000000,-59.000000,-0.290000,-6.000000,-6.000000,0.000000,-4.840000,1.000000
2239.417969,-38.000000,-38.000000,-0.340000,-6.000000,-6.000000,0.000000,-4.840000,1.000000
2239.423096,-128.000000,-128.000000,-0.570000,-6.000000,-6.000000,0.000000,-4.380000,1.000000
2239.427979,-106.000000,-106.000000,-0.820000,-6.000000,-6.000000,0.000000,-4.380000,1.000000
2239.433105,-52.000000,-52.000000,-1.030000,-6.000000,-6.000000,0.000000,-4.390000,1.000000
2239.437988,-43.000000,-43.000000,-1.060000,-6.000000,-6.000000,0.000000,-4.390000,1.000000
2239.443115,-59.000000,-59.000000,-1.250000,-6.000000,-8.000000,0.000000,-4.390000,1.000000
2239.447998,-53.000000,-53.000000,-1.500000,-6.000000,-8.000000,0.000000,-4.390000,1.000000
2239.452881,-32.000000,-32.000000,-1.670000,-4.000000,-6.000000,0.000000,-4.870000,1.000000
2239.458008,-22.000000,-22.000000,-1.750000,-4.000000,-6.000000,0.000000,-4.870000,1.000000
2239.462891,-62.000000,-62.000000,-1.930000,-6.000000,-6.000000,0.000000,-3.950000,1.000000
2239.468018,-56.000000,-56.000000,-2.120000,-6.000000,-6.000000,0.000000,-3.950000,1.000000
2239.472900,14.000000,14.000000,-2.230000,-4.000000,-6.000000,0.000000,-4.420000,1.000000
2239.478027,10.000000,10.000000,-2.210000,-4.000000,-6.000000,0.000000,-4.420000,1.000000
2239.482910,-38.000000,-38.000000,-2.340000,-4.000000,-6.000000,0.000000,-3.960000,1.000000
2239.488037,-32.000000,-32.000000,-2.480000,-4.000000,-6.000000,0.000000,-3.960000,1.000000
2239.492920,9.000000,9.000000,-2.530000,-4.000000,-4.000000,0.000000,-3.960000,1.000000
2239.498047,7.000000,7.000000,-2.560000,-4.000000,-4.000000,0.000000,-3.960000,1.000000
2239.502930,3.000000,3.000000,-2.660000,-4.000000,-4.000000,0.000000,-3.510000,1.000000
2239.508057,11.000000,11.000000,-2.770000,-4.000000,-4.000000,0.000000,-3.510000,1.000000
2239.512939,53.000000,53.000000,-2.850000,-4.000000,-4.000000,0.000000,-3.510000,1.000000
2239.518066,56.000000,56.000000,-2.950000,-4.000000,-4.000000,0.000000,-3.510000,1.000000
2239.522949,57.000000,57.000000,-3.040000,-2.000000,-2.000000,0.000000,-3.510000,1.000000
2239.528076,56.000000,56.000000,-3.080000,-2.000000,-2.000000,0.000000,-3.510000,1.000000
2239.532959,50.000000,50.000000,-3.160000,-2.000000,-2.000000,0.000000,-2.590000,1.000000
2239.538086,46.000000,46.000000,-3.300000,-2.000000,-2.000000,0.000000,-2.590000,1.000000
2239.542969,113.000000,113.000000,-3.320000,0.000000,-2.000000,0.000000,-2.590000,1.000000
2239.548096,98.000000,98.000000,-3.270000,0.000000,-2.000000,0.000000,-2.590000,1.000000
2239.552979,78.000000,78.000000,-3.280000,0.000000,0.000000,0.000000,-2.130000,1.000000
2239.558105,71.000000,71.000000,-3.480000,0.000000,0.000000,0.000000,-2.130000,1.000000
2239.562988,118.000000,118.000000,-3.360000,4.000000,2.000000,0.000000,-1.670000,1.000000
2239.568115,96.000000,96.000000,-3.350000,4.000000,2.000000,0.000000,-1.670000,1.000000
2239.572998,120.000000,120.000000,-3.430000,2.000000,2.000000,0.000000,-0.270000,1.000000
2239.577881,127.000000,127.000000,-3.590000,2.000000,2.000000,0.000000,-0.270000,1.000000
2239.583008,229.000000,229.000000,-3.570000,2.000000,4.000000,0.000000,-0.730000,1.000000
2239.587891,199.000000,199.000000,-3.350000,2.000000,4.000000,0.000000,-0.730000,1.000000
2239.593018,110.000000,110.000000,-3.130000,2.000000,2.000000,0.000000,-0.260000,1.000000
2239.597900,75.000000,75.000000,-3.290000,2.000000,2.000000,0.000000,-0.260000,1.000000
2239.603027,138.000000,138.000000,-3.310000,6.000000,6.000000,0.000000,-0.730000,1.000000
2239.607910,132.000000,132.000000,-3.260000,6.000000,6.000000,0.000000,-0.730000,1.000000
2239.613037,37.000000,37.000000,-2.820000,4.000000,4.000000,0.000000,1.140000,1.000000
2239.617920,-54.000000,-54.000000,-2.760000,4.000000,4.000000,0.000000,1.140000,1.000000
2239.623047,69.000000,69.000000,-2.390000,6.000000,6.000000,0.000000,0.210000,1.000000
2239.627930,52.000000,52.000000,-2.150000,6.000000,6.000000,0.000000,0.210000,1.000000
2239.633057,-6.000000,-6.000000,-2.120000,6.000000,4.000000,0.000000,1.150000,1.000000
2239.637939,15.000000,15.000000,-2.090000,6.000000,4.000000,0.000000,1.150000,1.000000
2239.643066,90.000000,90.000000,-1.850000,4.000000,6.000000,0.000000,0.690000,1.000000
2239.647949,63.000000,63.000000,-1.570000,4.000000,6.000000,0.000000,0.690000,1.000000
2239.653076,2.000000,2.000000,-1.360000,4.000000,6.000000,0.000000,0.700000,1.000000
2239.657959,-2.000000,-2.000000,-1.310000,4.000000,6.000000,0.000000,0.700000,1.000000
2239.663086,22.000000,22.000000,-1.360000,4.000000,4.000000,0.000000,0.700000,1.000000
2239.667969,48.000000,48.000000,-1.270000,4.000000,4.000000,0.000000,0.700000,1.000000
2239.673096,41.000000,41.000000,-1.100000,4.000000,4.000000,0.000000,0.240000,1.000000
2239.677979,20.000000,20.000000,-1.070000,4.000000,4.000000,0.000000,0.240000,1.000000
2239.683105,-6.000000,-6.000000,-1.030000,4.000000,6.000000,0.000000,0.250000,1.000000
2239.687988,6.000000,6.000000,-0.960000,4.000000,6.000000,0.000000,0.250000,1.000000
2239.693115,2.000000,2.000000,-0.880000,4.000000,4.000000,0.000000,0.720000,1.000000
2239.697998,-8.000000,-8.000000,-0.710000,4.000000,4.000000,0.000000,0.720000,1.000000
2239.702881,17.000000,17.000000,-0.660000,2.000000,2.000000,0.000000,0.260000,1.000000
2239.708008,30.000000,30.000000,-0.690000,2.000000,2.000000,0.000000,0.260000,1.000000
2239.712891,18.000000,18.000000,-0.670000,2.000000,2.000000,0.000000,-0.670000,1.000000
2239.718018,22.000000,22.000000,-0.710000,2.000000,2.000000,0.000000,-0.670000,1.000000
2239.722900,-40.000000,-40.000000,-0.710000,2.000000,2.000000,0.000000,-0.660000,1.000000
2239.728027,-41.000000,-41.000000,-0.620000,2.000000,2.000000,0.000000,-0.660000,1.000000
2239.732910,-57.000000,-57.000000,-0.570000,2.000000,2.000000,0.000000,-0.660000,1.000000
2239.738037,-69.000000,-69.000000,-0.340000,2.000000,2.000000,0.000000,-0.660000,1.000000
2239.742920,-83.000000,-83.000000,-0.300000,0.000000,0.000000,0.000000,-0.660000,1.000000
2239.748047,-65.000000,-65.000000,-0.430000,0.000000,0.000000,0.000000,-0.660000,1.000000
2239.752930,-26.000000,-26.000000,-0.480000,0.000000,0.000000,0.000000,-1.590000,1.000000
2239.758057,-10.000000,-10.000000,-0.370000,0.000000,0.000000,0.000000,-1.590000,1.000000
2239.762939,-92.000000,-92.000000,-0.410000,-2.000000,0.000000,0.000000,-1.590000,1.000000
2239.768066,-90.000000,-90.000000,-0.460000,-2.000000,0.000000,0.000000,-1.590000,1.000000
2239.772949,-85.000000,-85.000000,-0.400000,-2.000000,-2.000000,0.000000,-2.050000,1.000000
2239.778076,-92.000000,-92.000000,-0.240000,-2.000000,-2.000000,0.000000,-2.050000,1.000000
2239.782959,-139.000000,-139.000000,-0.250000,-2.000000,-2.000000,0.000000,-2.520000,1.000000
2239.788086,-122.000000,-122.000000,-0.340000,-2.000000,-2.000000,0.000000,-2.520000,1.000000
2239.792969,-128.000000,-128.000000,-0.380000,-4.000000,0.000000,0.000000,-2.520000,1.000000
2239.798096,-112.000000,-112.000000,-0.190000,-4.000000,0.000000,0.000000,-2.520000,1.000000
2239.802979,-128.000000,-128.000000,-0.180000,-4.000000,-2.000000,0.000000,-2.520000,1.000000
2239.808105,-115.000000,-115.000000,-0.290000,-4.000000,-2.000000,0.000000,-2.520000,1.000000
2239.812988,-72.000000,-72.000000,-0.490000,-4.000000,-4.000000,0.000000,-2.990000,1.000000
2239.818115,-31.000000,-31.000000,-0.460000,-4.000000,-4.000000,0.000000,-2.990000,1.000000
2239.822998,-69.000000,-69.000000,-0.590000,-4.000000,-6.000000,0.000000,-3.460000,1.000000
2239.827881,-60.000000,-60.000000,-0.780000,-4.000000,-6.000000,0.000000,-3.460000,1.000000
2239.833008,-65.000000,-65.000000,-0.960000,-4.000000,-4.000000,0.000000,-3.930000,1.000000
2239.837891,-42.000000,-42.000000,-1.000000,-4.000000,-4.000000,0.000000,-3.930000,1.000000
2239.843018,-83.000000,-83.000000,-1.170000,-4.000000,-4.000000,0.000000,-3.470000,1.000000
2239.847900,-78.000000,-78.000000,-1.320000,-4.000000,-4.000000,0.000000,-3.470000,1.000000
2239.853027,-43.000000,-43.000000,-1.410000,-4.000000,-4.000000,0.000000,-3.470000,1.000000
2239.857910,-44.000000,-44.000000,-1.350000,-4.000000,-4.000000,0.000000,-3.470000,1.000000
2239.863037,-58.000000,-58.000000,-1.430000,-4.000000,-4.000000,0.000000,-3.480000,1.000000
2239.867920,-50.000000,-50.000000,-1.610000,-4.000000,-4.000000,0.000000,-3.480000,1.000000
2239.873047,-26.000000,-26.000000,-1.710000,-4.000000,-4.000000,0.000000,-3.480000,1.000000
2239.877930,-16.000000,-16.000000,-1.780000,-4.000000,-4.000000,0.000000,-3.480000,1.000000
2239.883057,-19.000000,-19.000000,-1.890000,-4.000000,-4.000000,0.000000,-3.490000,1.000000
2239.887939,-13.000000,-13.000000,-2.040000,-4.000000,-4.000000,0.000000,-3.490000,1.000000
2239.893066,-4.000000,-4.000000,-2.110000,-2.000000,-2.000000,0.000000,-3.490000,1.000000
2239.897949,-3.000000,-3.000000,-2.190000,-2.000000,-2.000000,0.000000,-3.490000,1.000000
2239.903076,-7.000000,-7.000000,-2.280000,-4.000000,-2.000000,0.000000,-2.570000,1.000000
2239.907959,-6.000000,-6.000000,-2.360000,-4.000000,-2.000000,0.000000,-2.570000,1.000000
2239.913086,59.000000,59.000000,-2.440000,-2.000000,-2.000000,0.000000,-3.040000,1.000000
2239.917969,58.000000,58.000000,-2.490000,-2.000000,-2.000000,0.000000,-3.040000,1.000000
2239.923096,22.000000,22.000000,-2.530000,-2.000000,-2.000000,0.000000,-2.570000,1.000000
2239.927979,18.000000,18.000000,-2.570000,-2.000000,-2.000000,0.000000,-2.570000,1.000000
2239.933105,46.000000,46.000000,-2.600000,-2.000000,-2.000000,0.000000,-2.580000,1.000000
2239.937988,42.000000,42.000000,-2.660000,-2.000000,-2.000000,0.000000,-2.580000,1.000000
2239.943115,40.000000,40.000000,-2.690000,0.000000,0.000000,0.000000,-2.580000,1.000000
2239.947998,36.000000,36.000000,-2.670000,0.000000,0.000000,0.000000,-2.580000,1.000000
2239.952881,26.000000,26.000000,-2.680000,0.000000,0.000000,0.000000,-1.650000,1.000000
2239.958008,19.000000,19.000000,-2.730000,0.000000,0.000000,0.000000,-1.650000,1.000000
2239.962891,84.000000,84.000000,-2.680000,2.000000,2.000000,0.000000,-1.650000,1.000000
2239.968018,78.000000,78.000000,-2.650000,2.000000,2.000000,0.000000,-1.650000,1.000000
2239.972900,75.000000,75.000000,-2.680000,0.000000,0.000000,0.000000,-0.720000,1.000000
2239.978027,82.000000,82.000000,-2.820000,0.000000,0.000000,0.000000,-0.720000,1.000000
2239.982910,160.000000,160.000000,-2.770000,2.000000,2.000000,0.000000,-1.650000,1.000000
2239.988037,150.000000,150.000000,-2.710000,2.000000,2.000000,0.000000,-1.650000,1.000000
2239.992920,84.000000,84.000000,-2.830000,0.000000,0.000000,0.000000,-0.720000,1.000000
2239.998047,99.000000,99.000000,-3.080000,0.000000,0.000000,0.000000,-0.720000,1.000000
2240.002930,180.000000,180.000000,-3.020000,4.000000,4.000000,0.000000,-1.650000,1.000000
2240.008057,143.000000,143.000000,-2.910000,4.000000,4.000000,0.000000,-1.650000,1.000000
2240.012939,30.000000,30.000000,-2.810000,4.000000,4.000000,0.000000,0.210000,1.000000
2240.018066,-9.000000,-9.000000,-2.850000,4.000000,4.000000,0.000000,0.210000,1.000000
2240.022949,102.000000,102.000000,-2.620000,6.000000,6.000000,0.000000,0.220000,1.000000
2240.028076,50.000000,50.000000,-2.380000,6.000000,6.000000,0.000000,0.220000,1.000000
2240.032959,4.000000,4.000000,-2.040000,6.000000,4.000000,0.000000,1.150000,1.000000
2240.038086,-38.000000,-38.000000,-1.830000,6.000000,4.000000,0.000000,1.150000,1.000000
2240.042969,28.000000,28.000000,-1.700000,6.000000,4.000000,0.000000,0.700000,1.000000
2240.048096,43.000000,43.000000,-1.590000,6.000000,4.000000,0.000000,0.700000,1.000000
2240.052979,23.000000,23.000000,-1.410000,4.000000,4.000000,0.000000,0.700000,1.000000
2240.058105,12.000000,12.000000,-1.330000,4.000000,4.000000,0.000000,0.700000,1.000000
2240.062988,15.000000,15.000000,-1.190000,4.000000,4.000000,0.000000,0.240000,1.000000
2240.068115,19.000000,19.000000,-1.050000,4.000000,4.000000,0.000000,0.240000,1.000000
2240.072998,-14.000000,-14.000000,-0.950000,2.000000,2.000000,0.000000,0.250000,1.000000
2240.077881,-12.000000,-12.000000,-0.850000,2.000000,2.000000,0.000000,0.250000,1.000000
2240.083008,-4.000000,-4.000000,-0.780000,4.000000,2.000000,0.000000,-0.680000,1.000000
2240.087891,8.000000,8.000000,-0.720000,4.000000,2.000000,0.000000,-0.680000,1.000000
2240.093018,-50.000000,-50.000000,-0.660000,2.000000,4.000000,0.000000,-0.210000,1.000000
2240.097900,-46.000000,-46.000000,-0.650000,2.000000,4.000000,0.000000,-0.210000,1.000000
2240.103027,0.000000,0.000000,-0.700000,2.000000,2.000000,0.000000,-0.210000,1.000000
2240.107910,14.000000,14.000000,-0.710000,2.000000,2.000000,0.000000,-0.210000,1.000000
2240.113037,17.000000,17.000000,-0.700000,2.000000,2.000000,0.000000,-0.670000,1.000000
2240.117920,13.000000,13.000000,-0.730000,2.000000,2.000000,0.000000,-0.670000,1.000000
2240.123047,-18.000000,-18.000000,-0.730000,0.000000,0.000000,0.000000,-0.670000,1.000000
2240.127930,-22.000000,-22.000000,-0.690000,0.000000,0.000000,0.000000,-0.670000,1.000000
2240.133057,-33.000000,-33.000000,-0.660000,0.000000,2.000000,0.000000,-1.590000,1.000000
2240.137939,-38.000000,-38.000000,-0.570000,0.000000,2.000000,0.000000,-1.590000,1.000000
2240.143066,-106.000000,-106.000000,-0.540000,0.000000,0.000000,0.000000,-1.130000,1.000000
2240.147949,-98.000000,-98.000000,-0.610000,0.000000,0.000000,0.000000,-1.130000,1.000000
2240.153076,-47.000000,-47.000000,-0.620000,0.000000,0.000000,0.000000,-1.590000,1.000000
2240.157959,-44.000000,-44.000000,-0.350000,0.000000,0.000000,0.000000,-1.590000,1.000000
2240.163086,-103.000000,-103.000000,-0.460000,-2.000000,-2.000000,0.000000,-1.590000,1.000000
2240.167969,-86.000000,-86.000000,-0.510000,-2.000000,-2.000000,0.000000,-1.590000,1.000000
2240.173096,-77.000000,-77.000000,-0.420000,-2.000000,-2.000000,0.000000,-2.520000,1.000000
2240.177979,-88.000000,-88.000000,-0.240000,-2.000000,-2.000000,0.000000,-2.520000,1.000000
2240.183105,-164.000000,-164.000000,-0.290000,-4.000000,-2.000000,0.000000,-2.520000,1.000000
2240.187988,-133.000000,-133.000000,-0.430000,-4.000000,-2.000000,0.000000,-2.520000,1.000000
2240.193115,-96.000000,-96.000000,-0.440000,-2.000000,-4.000000,0.000000,-2.990000,1.000000
2240.197998,-91.000000,-91.000000,-0.290000,-2.000000,-4.000000,0.000000,-2.990000,1.000000
2240.202881,-133.000000,-133.000000,-0.520000,-4.000000,-4.000000,0.000000,-3.000000,1.000000
2240.208008,-91.000000,-91.000000,-0.580000,-4.000000,-4.000000,0.000000,-3.000000,1.000000
2240.212891,-59.000000,-59.000000,-0.730000,-4.000000,-4.000000,0.000000,-3.460000,1.000000
2240.218018,-30.000000,-30.000000,-0.840000,-4.000000,-4.000000,0.000000,-3.460000,1.000000
2240.222900,-54.000000,-54.000000,-0.960000,-4.000000,-6.000000,0.000000,-3.470000,1.000000
2240.228027,-45.000000,-45.000000,-1.210000,-4.000000,-6.000000,0.000000,-3.470000,1.000000
2240.232910,-21.000000,-21.000000,-1.410000,-4.000000,-4.000000,0.000000,-3.940000,1.000000
2240.238037,-5.000000,-5.000000,-1.510000,-4.000000,-4.000000,0.000000,-3.940000,1.000000
2240.242920,-47.000000,-47.000000,-1.630000,-4.000000,-6.000000,0.000000,-3.480000,1.000000
2240.248047,-52.000000,-52.000000,-1.770000,-4.000000,-6.000000,0.000000,-3.480000,1.000000
2240.252930,-21.000000,-21.000000,-1.830000,-4.000000,-4.000000,0.000000,-3.950000,1.000000
2240.258057,-25.000000,-25.000000,-1.800000,-4.000000,-4.000000,0.000000,-3.950000,1.000000
2240.262939,-71.000000,-71.000000,-1.860000,-2.000000,-4.000000,0.000000,-3.490000,1.000000
2240.268066,-68.000000,-68.000000,-1.990000,-2.000000,-4.000000,0.000000,-3.490000,1.000000
2240.272949,-21.000000,-21.000000,-2.050000,-2.000000,-4.000000,0.000000,-3.030000,1.000000
2240.278076,-16.000000,-16.000000,-2.020000,-2.000000,-4.000000,0.000000,-3.030000,1.000000
2240.282959,7.000000,7.000000,-2.110000,-4.000000,-4.000000,0.000000,-3.030000,1.000000
2240.288086,14.000000,14.000000,-2.200000,-4.000000,-4.000000,0.000000,-3.030000,1.000000
2240.292969,29.000000,29.000000,-2.260000,-2.000000,-2.000000,0.000000,-3.500000,1.000000
2240.298096,40.000000,40.000000,-2.440000,-2.000000,-2.000000,0.000000,-3.500000,1.000000
2240.302979,19.000000,19.000000,-2.540000,-2.000000,-4.000000,0.000000,-2.580000,1.000000
2240.308105,21.000000,21.000000,-2.570000,-2.000000,-4.000000,0.000000,-2.580000,1.000000
2240.312988,75.000000,75.000000,-2.670000,-2.000000,-2.000000,0.000000,-3.050000,1.000000
2240.318115,71.000000,71.000000,-2.760000,-2.000000,-2.000000,0.000000,-3.050000,1.000000
2240.322998,36.000000,36.000000,-2.780000,-2.000000,0.000000,0.000000,-2.580000,1.000000
2240.327881,25.000000,25.000000,-2.800000,-2.000000,0.000000,0.000000,-2.580000,1.000000
2240.333008,48.000000,48.000000,-2.840000,0.000000,0.000000,0.000000,-2.120000,1.000000
2240.337891,42.000000,42.000000,-2.850000,0.000000,0.000000,0.000000,-2.120000,1.000000
2240.343018,67.000000,67.000000,-2.830000,0.000000,0.000000,0.000000,-1.660000,1.000000
2240.347900,56.000000,56.000000,-2.770000,0.000000,0.000000,0.000000,-1.660000,1.000000
2240.353027,78.000000,78.000000,-2.760000,2.000000,0.000000,0.000000,-1.660000,1.000000
2240.357910,79.000000,79.000000,-2.820000,2.000000,0.000000,0.000000,-1.660000,1.000000
2240.363037,89.000000,89.000000,-2.790000,2.000000,0.000000,0.000000,-1.190000,1.000000
2240.367920,88.000000,88.000000,-2.750000,2.000000,0.000000,0.000000,-1.190000,1.000000
2240.373047,120.000000,120.000000,-2.850000,2.000000,0.000000,0.000000,-1.190000,1.000000
2240.377930,129.000000,129.000000,-3.040000,2.000000,0.000000,0.000000,-1.190000,1.000000
2240.383057,141.000000,141.000000,-2.980000,2.000000,4.000000,0.000000,-1.190000,1.000000
2240.387939,117.000000,117.000000,-2.880000,2.000000,4.000000,0.000000,-1.190000,1.000000
2240.393066,87.000000,87.000000,-2.820000,2.000000,2.000000,0.000000,-0.260000,1.000000
2240.397949,72.000000,72.000000,-3.040000,2.000000,2.000000,0.000000,-0.260000,1.000000
2240.403076,162.000000,162.000000,-3.090000,4.000000,4.000000,0.000000,-0.720000,1.000000
2240.407959,145.000000,145.000000,-2.900000,4.000000,4.000000,0.000000,-0.720000,1.000000
2240.413086,45.000000,45.000000,-2.600000,2.000000,4.000000,0.000000,0.210000,1.000000
2240.417969,-14.000000,-14.000000,-2.630000,2.000000,4.000000,0.000000,0.210000,1.000000
2240.423096,66.000000,66.000000,-2.440000,4.000000,4.000000,0.000000,-0.250000,1.000000
2240.427979,62.000000,62.000000,-2.380000,4.000000,4.000000,0.000000,-0.250000,1.000000
2240.433105,20.000000,20.000000,-2.190000,4.000000,4.000000,0.000000,0.220000,1.000000
2240.437988,-18.000000,-18.000000,-2.030000,4.000000,4.000000,0.000000,0.220000,1.000000
2240.443115,2.000000,2.000000,-1.890000,4.000000,4.000000,0.000000,0.230000,1.000000
2240.447998,3.000000,3.000000,-1.740000,4.000000,4.000000,0.000000,0.230000,1.000000
2240.452881,10.000000,10.000000,-1.540000,4.000000,4.000000,0.000000,0.230000,1.000000
2240.458008,2.000000,2.000000,-1.340000,4.000000,4.000000,0.000000,0.230000,1.000000
2240.462891,1.000000,1.000000,-1.240000,4.000000,4.000000,0.000000,0.240000,1.000000
2240.468018,18.000000,18.000000,-1.200000,4.000000,4.000000,0.000000,0.240000,1.000000
2240.472900,40.000000,40.000000,-1.160000,2.000000,2.000000,0.000000,0.240000,1.000000
2240.478027,50.000000,50.000000,-1.160000,2.000000,2.000000,0.000000,0.240000,1.000000
2240.482910,61.000000,61.000000,-1.160000,2.000000,2.000000,0.000000,-0.690000,1.000000
2240.488037,67.000000,67.000000,-1.100000,2.000000,2.000000,0.000000,-0.690000,1.000000
2240.492920,-3.000000,-3.000000,-1.080000,0.000000,2.000000,0.000000,-0.680000,1.000000
2240.498047,-1.000000,-1.000000,-1.290000,0.000000,2.000000,0.000000,-0.680000,1.000000
2240.502930,21.000000,21.000000,-1.310000,2.000000,2.000000,0.000000,-1.150000,1.000000
2240.508057,8.000000,8.000000,-1.120000,2.000000,2.000000,0.000000,-1.150000,1.000000
2240.512939,-72.000000,-72.000000,-0.990000,2.000000,2.000000,0.000000,-0.680000,1.000000
2240.518066,-92.000000,-92.000000,-0.880000,2.000000,2.000000,0.000000,-0.680000,1.000000
2240.522949,-50.000000,-50.000000,-0.890000,0.000000,2.000000,0.000000,-0.680000,1.000000
2240.528076,-33.000000,-33.000000,-0.880000,0.000000,2.000000,0.000000,-0.680000,1.000000
2240.532959,-30.000000,-30.000000,-0.760000,2.000000,2.000000,0.000000,-1.140000,1.000000
2240.538086,-41.000000,-41.000000,-0.590000,2.000000,2.000000,0.000000,-1.140000,1.000000
2240.542969,-79.000000,-79.000000,-0.620000,0.000000,0.000000,0.000000,-0.670000,1.000000
2240.548096,-51.000000,-51.000000,-0.750000,0.000000,0.000000,0.000000,-0.670000,1.000000
2240.552979,16.000000,16.000000,-0.770000,0.000000,0.000000,0.000000,-1.600000,1.000000
2240.558105,18.000000,18.000000,-0.720000,0.000000,0.000000,0.000000,-1.600000,1.000000
2240.562988,-65.000000,-65.000000,-0.750000,0.000000,0.000000,0.000000,-1.600000,1.000000
2240.568115,-63.000000,-63.000000,-0.820000,0.000000,0.000000,0.000000,-1.600000,1.000000
2240.572998,-56.000000,-56.000000,-0.800000,0.000000,-2.000000,0.000000,-1.600000,1.000000
2240.577881,-62.000000,-62.000000,-0.720000,0.000000,-2.000000,0.000000,-1.600000,1.000000
2240.583008,-74.000000,-74.000000,-0.720000,-2.000000,-2.000000,0.000000,-2.070000,1.000000
2240.587891,-70.000000,-70.000000,-0.720000,-2.000000,-2.000000,0.000000,-2.070000,1.000000
2240.593018,-100.000000,-100.000000,-0.650000,0.000000,-2.000000,0.000000,-2.530000,1.000000
2240.597900,-99.000000,-99.000000,-0.560000,0.000000,-2.000000,0.000000,-2.530000,1.000000
2240.603027,-129.000000,-129.000000,-0.580000,-2.000000,-4.000000,0.000000,-2.070000,1.000000
2240.607910,-109.000000,-109.000000,-0.680000,-2.000000,-4.000000,0.000000,-2.070000,1.000000
2240.613037,-46.000000,-46.000000,-0.780000,-2.000000,-2.000000,0.000000,-3.000000,1.000000
2240.617920,-22.000000,-22.000000,-0.640000,-2.000000,-2.000000,0.000000,-3.000000,1.000000
2240.623047,-99.000000,-99.000000,-0.750000,-4.000000,-4.000000,0.000000,-2.540000,1.000000
2240.627930,-81.000000,-81.000000,-0.950000,-4.000000,-4.000000,0.000000,-2.540000,1.000000
2240.633057,-7.000000,-7.000000,-1.120000,-4.000000,-2.000000,0.000000,-3.470000,1.000000
2240.637939,18.000000,18.000000,-1.160000,-4.000000,-2.000000,0.000000,-3.470000,1.000000
2240.643066,-54.000000,-54.000000,-1.270000,-4.000000,-4.000000,0.000000,-3.010000,1.000000
2240.647949,-50.000000,-50.000000,-1.390000,-4.000000,-4.000000,0.000000,-3.010000,1.000000
2240.653076,-9.000000,-9.000000,-1.530000,-4.000000,-4.000000,0.000000,-3.480000,1.000000
2240.657959,3.000000,3.000000,-1.560000,-4.000000,-4.000000,0.000000,-3.480000,1.000000
2240.663086,-32.000000,-32.000000,-1.680000,-4.000000,-4.000000,0.000000,-3.480000,1.000000
2240.667969,-27.000000,-27.000000,-1.850000,-4.000000,-4.000000,0.000000,-3.480000,1.000000
2240.673096,-19.000000,-19.000000,-1.940000,-2.000000,-4.000000,0.000000,-3.490000,1.000000
2240.677979,-20.000000,-20.000000,-1.970000,-2.000000,-4.000000,0.000000,-3.490000,1.000000
2240.683105,-31.000000,-31.000000,-2.030000,-2.000000,-4.000000,0.000000,-3.030000,1.000000
2240.687988,-34.000000,-34.000000,-2.130000,-2.000000,-4.000000,0.000000,-3.030000,1.000000
2240.693115,6.000000,6.000000,-2.200000,-2.000000,-4.000000,0.000000,-3.030000,1.000000
2240.697998,8.000000,8.000000,-2.200000,-2.000000,-4.000000,0.000000,-3.030000,1.000000
2240.702881,0.000000,0.000000,-2.240000,-2.000000,-2.000000,0.000000,-3.040000,1.000000
2240.708008,-1.000000,-1.000000,-2.300000,-2.000000,-2.000000,0.000000,-3.040000,1.000000
2240.712891,5.000000,5.000000,-2.340000,-4.000000,-4.000000,0.000000,-2.580000,1.000000
2240.718018,12.000000,12.000000,-2.410000,-4.000000,-4.000000,0.000000,-2.580000,1.000000
2240.722900,50.000000,50.000000,-2.490000,-2.000000,-2.000000,0.000000,-3.510000,1.000000
2240.728027,54.000000,54.000000,-2.540000,-2.000000,-2.000000,0.000000,-3.510000,1.000000
2240.732910,-14.000000,-14.000000,-2.590000,0.000000,-2.000000,0.000000,-2.580000,1.000000
2240.738037,-19.000000,-19.000000,-2.760000,0.000000,-2.000000,0.000000,-2.580000,1.000000
2240.742920,50.000000,50.000000,-2.730000,0.000000,0.000000,0.000000,-2.120000,1.000000
2240.748047,31.000000,31.000000,-2.660000,0.000000,0.000000,0.000000,-2.120000,1.000000
2240.752930,43.000000,43.000000,-2.670000,0.000000,0.000000,0.000000,-1.660000,1.000000
2240.758057,37.000000,37.000000,-2.660000,0.000000,0.000000,0.000000,-1.660000,1.000000
2240.762939,71.000000,71.000000,-2.620000,2.000000,0.000000,0.000000,-1.660000,1.000000
2240.768066,69.000000,69.000000,-2.650000,2.000000,0.000000,0.000000,-1.660000,1.000000
2240.772949,78.000000,78.000000,-2.680000,2.000000,2.000000,0.000000,-1.190000,1.000000
2240.778076,84.000000,84.000000,-2.810000,2.000000,2.000000,0.000000,-1.190000,1.000000
2240.782959,125.000000,125.000000,-2.710000,2.000000,2.000000,0.000000,-0.720000,1.000000
2240.788086,112.000000,112.000000,-2.700000,2.000000,2.000000,0.000000,-0.720000,1.000000
2240.792969,147.000000,147.000000,-2.790000,2.000000,0.000000,0.000000,-0.720000,1.000000
2240.798096,153.000000,153.000000,-2.970000,2.000000,0.000000,0.000000,-0.720000,1.000000
2240.802979,156.000000,156.000000,-2.830000,2.000000,4.000000,0.000000,-1.190000,1.000000
2240.808105,113.000000,113.000000,-2.680000,2.000000,4.000000,0.000000,-1.190000,1.000000
2240.812988,36.000000,36.000000,-2.630000,2.000000,4.000000,0.000000,-0.250000,1.000000
2240.818115,23.000000,23.000000,-2.710000,2.000000,4.000000,0.000000,-0.250000,1.000000
2240.822998,91.000000,91.000000,-2.620000,4.000000,4.000000,0.000000,-0.250000,1.000000
2240.827881,61.000000,61.000000,-2.320000,4.000000,4.000000,0.000000,-0.250000,1.000000
2240.833008,6.000000,6.000000,-2.070000,4.000000,2.000000,0.000000,0.220000,1.000000
2240.837891,-26.000000,-26.000000,-1.970000,4.000000,2.000000,0.000000,0.220000,1.000000
2240.843018,23.000000,23.000000,-1.910000,4.000000,4.000000,0.000000,-0.240000,1.000000
2240.847900,42.000000,42.000000,-1.790000,4.000000,4.000000,0.000000,-0.240000,1.000000
2240.853027,9.000000,9.000000,-1.640000,2.000000,4.000000,0.000000,0.230000,1.000000
2240.857910,-10.000000,-10.000000,-1.520000,2.000000,4.000000,0.000000,0.230000,1.000000
2240.863037,24.000000,24.000000,-1.440000,4.000000,2.000000,0.000000,-0.230000,1.000000
2240.867920,38.000000,38.000000,-1.370000,4.000000,2.000000,0.000000,-0.230000,1.000000
2240.873047,11.000000,11.000000,-1.250000,2.000000,2.000000,0.000000,-0.230000,1.000000
2240.877930,1.000000,1.000000,-1.250000,2.000000,2.000000,0.000000,-0.230000,1.000000
2240.883057,10.000000,10.000000,-1.240000,2.000000,4.000000,0.000000,-0.690000,1.000000
2240.887939,18.000000,18.000000,-1.150000,2.000000,4.000000,0.000000,-0.690000,1.000000
2240.893066,-26.000000,-26.000000,-1.060000,4.000000,2.000000,0.000000,-0.220000,1.000000
2240.897949,-34.000000,-34.000000,-1.040000,4.000000,2.000000,0.000000,-0.220000,1.000000
2240.903076,10.000000,10.000000,-1.050000,2.000000,2.000000,0.000000,-0.220000,1.000000
2240.907959,22.000000,22.000000,-1.010000,2.000000,2.000000,0.000000,-0.220000,1.000000
2240.913086,19.000000,19.000000,-0.960000,2.000000,2.000000,0.000000,-0.680000,1.000000
2240.917969,15.000000,15.000000,-0.980000,2.000000,2.000000,0.000000,-0.680000,1.000000
2240.923096,-10.000000,-10.000000,-1.010000,2.000000,0.000000,0.000000,-0.680000,1.000000
2240.927979,-5.000000,-5.000000,-0.930000,2.000000,0.000000,0.000000,-0.680000,1.000000
2240.933105,-17.000000,-17.000000,-0.870000,2.000000,2.000000,0.000000,-1.140000,1.000000
2240.937988,-25.000000,-25.000000,-0.840000,2.000000,2.000000,0.000000,-1.140000,1.000000
2240.943115,-51.000000,-51.000000,-0.830000,0.000000,0.000000,0.000000,-0.680000,1.000000
2240.947998,-42.000000,-42.000000,-0.850000,0.000000,0.000000,0.000000,-0.680000,1.000000
2240.952881,-3.000000,-3.000000,-0.820000,0.000000,0.000000,0.000000,-1.600000,1.000000
2240.958008,-4.000000,-4.000000,-0.750000,0.000000,0.000000,0.000000,-1.600000,1.000000
2240.962891,-71.000000,-71.000000,-0.790000,0.000000,0.000000,0.000000,-1.600000,1.000000
2240.968018,-59.000000,-59.000000,-0.870000,0.000000,0.000000,0.000000,-1.600000,1.000000
2240.972900,-50.000000,-50.000000,-0.840000,0.000000,0.000000,0.000000,-1.600000,1.000000
2240.978027,-58.000000,-58.000000,-0.720000,0.000000,0.000000,0.000000,-1.600000,1.000000
2240.982910,-73.000000,-73.000000,-0.770000,0.000000,-2.000000,0.000000,-1.600000,1.000000
2240.988037,-65.000000,-65.000000,-0.790000,0.000000,-2.000000,0.000000,-1.600000,1.000000
2240.992920,-62.000000,-62.000000,-0.720000,-2.000000,-2.000000,0.000000,-2.070000,1.000000
2240.998047,-69.000000,-69.000000,-0.580000,-2.000000,-2.000000,0.000000,-2.070000,1.000000
2241.002930,-111.000000,-111.000000,-0.620000,-4.000000,-4.000000,0.000000,-2.530000,1.000000
2241.008057,-92.000000,-92.000000,-0.670000,-4.000000,-4.000000,0.000000,-2.530000,1.000000
2241.012939,-102.000000,-102.000000,-0.700000,-2.000000,-2.000000,0.000000,-3.470000,1.000000
2241.018066,-89.000000,-89.000000,-0.640000,-2.000000,-2.000000,0.000000,-3.470000,1.000000
2241.022949,-154.000000,-154.000000,-0.740000,-2.000000,-4.000000,0.000000,-2.540000,1.000000
2241.028076,-131.000000,-131.000000,-0.920000,-2.000000,-4.000000,0.000000,-2.540000,1.000000
2241.032959,-37.000000,-37.000000,-1.070000,-2.000000,-4.000000,0.000000,-3.010000,1.000000
2241.038086,-20.000000,-20.000000,-0.860000,-2.000000,-4.000000,0.000000,-3.010000,1.000000
2241.042969,-79.000000,-79.000000,-0.910000,-4.000000,-6.000000,0.000000,-3.010000,1.000000
2241.048096,-69.000000,-69.000000,-1.120000,-4.000000,-6.000000,0.000000,-3.010000,1.000000
2241.052979,-19.000000,-19.000000,-1.280000,-4.000000,-4.000000,0.000000,-3.950000,1.000000
2241.058105,17.000000,17.000000,-1.450000,-4.000000,-4.000000,0.000000,-3.950000,1.000000
2241.062988,-40.000000,-40.000000,-1.590000,-6.000000,-6.000000,0.000000,-3.490000,1.000000
2241.068115,-36.000000,-36.000000,-1.780000,-6.000000,-6.000000,0.000000,-3.490000,1.000000
2241.072998,-3.000000,-3.000000,-1.870000,-2.000000,-4.000000,0.000000,-4.420000,1.000000
2241.077881,-14.000000,-14.000000,-1.870000,-2.000000,-4.000000,0.000000,-4.420000,1.000000
2241.083008,-95.000000,-95.000000,-1.920000,-4.000000,-4.000000,0.000000,-3.030000,1.000000
2241.087891,-96.000000,-96.000000,-2.030000,-4.000000,-4.000000,0.000000,-3.030000,1.000000
2241.093018,13.000000,13.000000,-2.110000,-4.000000,-4.000000,0.000000,-3.500000,1.000000
2241.097900,21.000000,21.000000,-1.990000,-4.000000,-4.000000,0.000000,-3.500000,1.000000
2241.103027,-27.000000,-27.000000,-2.070000,-4.000000,-4.000000,0.000000,-3.510000,1.000000
2241.107910,-17.000000,-17.000000,-2.170000,-4.000000,-4.000000,0.000000,-3.510000,1.000000
2241.113037,7.000000,7.000000,-2.280000,-4.000000,-4.000000,0.000000,-3.510000,1.000000
2241.117920,32.000000,32.000000,-2.460000,-4.000000,-4.000000,0.000000,-3.510000,1.000000
2241.123047,44.000000,44.000000,-2.610000,-4.000000,-2.000000,0.000000,-3.520000,1.000000
2241.127930,51.000000,51.000000,-2.710000,-4.000000,-2.000000,0.000000,-3.520000,1.000000
2241.133057,47.000000,47.000000,-2.810000,-2.000000,-2.000000,0.000000,-3.060000,1.000000
2241.137939,42.000000,42.000000,-2.920000,-2.000000,-2.000000,0.000000,-3.060000,1.000000
2241.143066,68.000000,68.000000,-2.980000,0.000000,0.000000,0.000000,-2.600000,1.000000
2241.147949,51.000000,51.000000,-2.970000,0.000000,0.000000,0.000000,-2.600000,1.000000
2241.153076,64.000000,64.000000,-3.030000,-2.000000,0.000000,0.000000,-1.670000,1.000000
2241.157959,56.000000,56.000000,-3.090000,-2.000000,0.000000,0.000000,-1.670000,1.000000
2241.163086,116.000000,116.000000,-3.040000,0.000000,2.000000,0.000000,-2.130000,1.000000
2241.167969,96.000000,96.000000,-2.940000,0.000000,2.000000,0.000000,-2.130000,1.000000
2241.173096,48.000000,48.000000,-2.940000,0.000000,0.000000,0.000000,-1.200000,1.000000
2241.177979,51.000000,51.000000,-3.070000,0.000000,0.000000,0.000000,-1.200000,1.000000
2241.183105,133.000000,133.000000,-2.990000,2.000000,4.000000,0.000000,-1.670000,1.000000
2241.187988,123.000000,123.000000,-2.980000,2.000000,4.000000,0.000000,-1.670000,1.000000
2241.193115,87.000000,87.000000,-3.030000,2.000000,2.000000,0.000000,-0.270000,1.000000
2241.197998,79.000000,79.000000,-3.160000,2.000000,2.000000,0.000000,-0.270000,1.000000
2241.202881,177.000000,177.000000,-3.160000,4.000000,2.000000,0.000000,-0.730000,1.000000
2241.208008,159.000000,159.000000,-3.180000,4.000000,2.000000,0.000000,-0.730000,1.000000
2241.212891,97.000000,97.000000,-2.920000,2.000000,4.000000,0.000000,-0.270000,1.000000
2241.218018,39.000000,39.000000,-2.990000,2.000000,4.000000,0.000000,-0.270000,1.000000
2241.222900,71.000000,71.000000,-2.950000,6.000000,4.000000,0.000000,-0.260000,1.000000
2241.228027,67.000000,67.000000,-2.880000,6.000000,4.000000,0.000000,-0.260000,1.000000
2241.232910,38.000000,38.000000,-2.600000,4.000000,4.000000,0.000000,0.670000,1.000000
2241.238037,-13.000000,-13.000000,-2.480000,4.000000,4.000000,0.000000,0.670000,1.000000
2241.242920,48.000000,48.000000,-2.310000,6.000000,6.000000,0.000000,0.210000,1.000000
2241.248047,53.000000,53.000000,-2.160000,6.000000,6.000000,0.000000,0.210000,1.000000
2241.252930,33.000000,33.000000,-2.020000,4.000000,4.000000,0.000000,1.150000,1.000000
2241.258057,34.000000,34.000000,-1.940000,4.000000,4.000000,0.000000,1.150000,1.000000
2241.262939,98.000000,98.000000,-1.820000,6.000000,4.000000,0.000000,0.220000,1.000000
2241.268066,94.000000,94.000000,-1.600000,6.000000,4.000000,0.000000,0.220000,1.000000
2241.272949,17.000000,17.000000,-1.470000,2.000000,4.000000,0.000000,0.690000,1.000000
2241.278076,19.000000,19.000000,-1.610000,2.000000,4.000000,0.000000,0.690000,1.000000
2241.282959,83.000000,83.000000,-1.580000,4.000000,6.000000,0.000000,-0.230000,1.000000
2241.288086,76.000000,76.000000,-1.330000,4.000000,6.000000,0.000000,-0.230000,1.000000
2241.292969,-43.000000,-43.000000,-1.120000,4.000000,4.000000,0.000000,0.700000,1.000000
2241.298096,-73.000000,-73.000000,-1.020000,4.000000,4.000000,0.000000,0.700000,1.000000
2241.302979,5.000000,5.000000,-1.030000,4.000000,4.000000,0.000000,0.240000,1.000000
2241.308105,24.000000,24.000000,-1.010000,4.000000,4.000000,0.000000,0.240000,1.000000
2241.312988,-4.000000,-4.000000,-0.870000,2.000000,4.000000,0.000000,0.250000,1.000000
2241.318115,-28.000000,-28.000000,-0.730000,2.000000,4.000000,0.000000,0.250000,1.000000
2241.322998,-38.000000,-38.000000,-0.650000,4.000000,2.000000,0.000000,-0.210000,1.000000
2241.327881,-28.000000,-28.000000,-0.600000,4.000000,2.000000,0.000000,-0.210000,1.000000
2241.333008,-52.000000,-52.000000,-0.530000,4.000000,2.000000,0.000000,-0.210000,1.000000
2241.337891,-54.000000,-54.000000,-0.350000,4.000000,2.000000,0.000000,-0.210000,1.000000
2241.343018,-64.000000,-64.000000,-0.280000,2.000000,2.000000,0.000000,-0.200000,1.000000
2241.347900,-51.000000,-51.000000,-0.350000,2.000000,2.000000,0.000000,-0.200000,1.000000
2241.353027,-18.000000,-18.000000,-0.410000,0.000000,0.000000,0.000000,-0.670000,1.000000
2241.357910,1.000000,1.000000,-0.290000,0.000000,0.000000,0.000000,-0.670000,1.000000
2241.363037,-47.000000,-47.000000,-0.290000,0.000000,0.000000,0.000000,-1.590000,1.000000
2241.367920,-41.000000,-41.000000,-0.420000,0.000000,0.000000,0.000000,-1.590000,1.000000
2241.373047,-79.000000,-79.000000,-0.450000,-2.000000,0.000000,0.000000,-1.590000,1.000000
2241.377930,-74.000000,-74.000000,-0.450000,-2.000000,0.000000,0.000000,-1.590000,1.000000
2241.383057,-84.000000,-84.000000,-0.460000,0.000000,0.000000,0.000000,-2.060000,1.000000
2241.387939,-89.000000,-89.000000,-0.460000,0.000000,0.000000,0.000000,-2.060000,1.000000
2241.393066,-129.000000,-129.000000,-0.420000,0.000000,0.000000,0.000000,-1.590000,1.000000
2241.397949,-136.000000,-136.000000,-0.240000,0.000000,0.000000,0.000000,-1.590000,1.000000
2241.403076,-120.000000,-120.000000,-0.240000,-2.000000,-2.000000,0.000000,-1.590000,1.000000
2241.407959,-112.000000,-112.000000,-0.240000,-2.000000,-2.000000,0.000000,-1.590000,1.000000
2241.413086,-102.000000,-102.000000,-0.200000,-2.000000,-2.000000,0.000000,-2.520000,1.000000
2241.417969,-94.000000,-94.000000,0.000000,-2.000000,-2.000000,0.000000,-2.520000,1.000000
2241.423096,-165.000000,-165.000000,0.040000,-4.000000,-4.000000,0.000000,-2.530000,1.000000
2241.427979,-148.000000,-148.000000,-0.050000,-4.000000,-4.000000,0.000000,-2.530000,1.000000
2241.433105,-110.000000,-110.000000,-0.200000,-4.000000,-2.000000,0.000000,-3.460000,1.000000
2241.437988,-73.000000,-73.000000,-0.020000,-4.000000,-2.000000,0.000000,-3.460000,1.000000
2241.443115,-146.000000,-146.000000,-0.190000,-6.000000,-6.000000,0.000000,-3.000000,1.000000
2241.447998,-116.000000,-116.000000,-0.380000,-6.000000,-6.000000,0.000000,-3.000000,1.000000
2241.452881,-29.000000,-29.000000,-0.640000,-6.000000,-6.000000,0.000000,-4.400000,1.000000
2241.458008,14.000000,14.000000,-0.710000,-6.000000,-6.000000,0.000000,-4.400000,1.000000
2241.462891,-85.000000,-85.000000,-1.010000,-6.000000,-6.000000,0.000000,-4.410000,1.000000
2241.468018,-66.000000,-66.000000,-1.200000,-6.000000,-6.000000,0.000000,-4.410000,1.000000
2241.472900,-65.000000,-65.000000,-1.350000,-6.000000,-4.000000,0.000000,-4.410000,1.000000
2241.478027,-61.000000,-61.000000,-1.460000,-6.000000,-4.000000,0.000000,-4.410000,1.000000
2241.482910,-60.000000,-60.000000,-1.640000,-4.000000,-6.000000,0.000000,-3.950000,1.000000
2241.488037,-46.000000,-46.000000,-1.860000,-4.000000,-6.000000,0.000000,-3.950000,1.000000
2241.492920,1.000000,1.000000,-1.980000,-6.000000,-6.000000,0.000000,-3.960000,1.000000
2241.498047,-2.000000,-2.000000,-2.040000,-6.000000,-6.000000,0.000000,-3.960000,1.000000
2241.502930,-15.000000,-15.000000,-2.150000,-4.000000,-6.000000,0.000000,-4.430000,1.000000
2241.508057,-15.000000,-15.000000,-2.310000,-4.000000,-6.000000,0.000000,-4.430000,1.000000
2241.512939,-39.000000,-39.000000,-2.370000,-4.000000,-4.000000,0.000000,-3.970000,1.000000
2241.518066,-43.000000,-43.000000,-2.450000,-4.000000,-4.000000,0.000000,-3.970000,1.000000
2241.522949,-16.000000,-16.000000,-2.520000,-4.000000,-2.000000,0.000000,-3.510000,1.000000
2241.528076,-20.000000,-20.000000,-2.590000,-4.000000,-2.000000,0.000000,-3.510000,1.000000
2241.532959,10.000000,10.000000,-2.670000,-2.000000,-2.000000,0.000000,-3.050000,1.000000
2241.538086,9.000000,9.000000,-2.700000,-2.000000,-2.000000,0.000000,-3.050000,1.000000
2241.542969,35.000000,35.000000,-2.740000,-2.000000,-2.000000,0.000000,-2.590000,1.000000
2241.548096,34.000000,34.000000,-2.810000,-2.000000,-2.000000,0.000000,-2.590000,1.000000
2241.552979,69.000000,69.000000,-2.830000,-2.000000,-2.000000,0.000000,-2.600000,1.000000
2241.558105,67.000000,67.000000,-2.920000,-2.000000,-2.000000,0.000000,-2.600000,1.000000
2241.562988,68.000000,68.000000,-2.950000,-2.000000,0.000000,0.000000,-2.600000,1.000000
2241.568115,62.000000,62.000000,-2.920000,-2.000000,0.000000,0.000000,-2.600000,1.000000
2241.572998,50.000000,50.000000,-2.950000,0.000000,0.000000,0.000000,-2.140000,1.000000
2241.577881,46.000000,46.000000,-3.090000,0.000000,0.000000,0.000000,-2.140000,1.000000
2241.583008,88.000000,88.000000,-3.010000,2.000000,2.000000,0.000000,-1.670000,1.000000
2241.587891,73.000000,73.000000,-2.950000,2.000000,2.000000,0.000000,-1.670000,1.000000
2241.593018,95.000000,95.000000,-2.990000,0.000000,0.000000,0.000000,-0.740000,1.000000
2241.597900,103.000000,103.000000,-3.050000,0.000000,0.000000,0.000000,-0.740000,1.000000
2241.603027,180.000000,180.000000,-3.050000,2.000000,2.000000,0.000000,-1.670000,1.000000
2241.607910,177.000000,177.000000,-3.020000,2.000000,2.000000,0.000000,-1.670000,1.000000
2241.613037,107.000000,107.000000,-3.080000,2.000000,2.000000,0.000000,-0.740000,1.000000
2241.617920,104.000000,104.000000,-3.350000,2.000000,2.000000,0.000000,-0.740000,1.000000
2241.623047,177.000000,177.000000,-3.250000,6.000000,6.000000,0.000000,-0.740000,1.000000
2241.627930,135.000000,135.000000,-3.230000,6.000000,6.000000,0.000000,-0.740000,1.000000
2241.633057,91.000000,91.000000,-3.110000,4.000000,4.000000,0.000000,1.130000,1.000000
2241.637939,53.000000,53.000000,-3.090000,4.000000,4.000000,0.000000,1.130000,1.000000
2241.643066,161.000000,161.000000,-2.950000,6.000000,6.000000,0.000000,0.200000,1.000000
2241.647949,127.000000,127.000000,-2.610000,6.000000,6.000000,0.000000,0.200000,1.000000
2241.653076,16.000000,16.000000,-2.350000,6.000000,6.000000,0.000000,1.140000,1.000000
2241.657959,-15.000000,-15.000000,-2.320000,6.000000,6.000000,0.000000,1.140000,1.000000
2241.663086,68.000000,68.000000,-2.140000,6.000000,6.000000,0.000000,1.140000,1.000000
2241.667969,62.000000,62.000000,-1.960000,6.000000,6.000000,0.000000,1.140000,1.000000
2241.673096,28.000000,28.000000,-1.600000,6.000000,6.000000,0.000000,1.150000,1.000000
2241.677979,-16.000000,-16.000000,-1.410000,6.000000,6.000000,0.000000,1.150000,1.000000
2241.683105,-14.000000,-14.000000,-1.240000,6.000000,6.000000,0.000000,1.160000,1.000000
2241.687988,-1.000000,-1.000000,-1.070000,6.000000,6.000000,0.000000,1.160000,1.000000
2241.693115,12.000000,12.000000,-1.040000,6.000000,4.000000,0.000000,1.170000,1.000000
2241.697998,24.000000,24.000000,-0.800000,6.000000,4.000000,0.000000,1.170000,1.000000
2241.702881,12.000000,12.000000,-0.610000,4.000000,4.000000,0.000000,0.710000,1.000000
2241.708008,15.000000,15.000000,-0.530000,4.000000,4.000000,0.000000,0.710000,1.000000
2241.712891,10.000000,10.000000,-0.570000,2.000000,2.000000,0.000000,0.250000,1.000000
2241.718018,49.000000,49.000000,-0.680000,2.000000,2.000000,0.000000,0.250000,1.000000
2241.722900,44.000000,44.000000,-0.700000,2.000000,4.000000,0.000000,-0.680000,1.000000
2241.728027,39.000000,39.000000,-0.600000,2.000000,4.000000,0.000000,-0.680000,1.000000
2241.732910,-47.000000,-47.000000,-0.560000,2.000000,2.000000,0.000000,-0.210000,1.000000
2241.738037,-47.000000,-47.000000,-0.710000,2.000000,2.000000,0.000000,-0.210000,1.000000
2241.742920,9.000000,9.000000,-0.780000,2.000000,2.000000,0.000000,-0.670000,1.000000
2241.748047,10.000000,10.000000,-0.640000,2.000000,2.000000,0.000000,-0.670000,1.000000
2241.752930,-61.000000,-61.000000,-0.530000,2.000000,2.000000,0.000000,-0.670000,1.000000
2241.758057,-83.000000,-83.000000,-0.480000,2.000000,2.000000,0.000000,-0.670000,1.000000
2241.762939,-76.000000,-76.000000,-0.450000,2.000000,0.000000,0.000000,-0.660000,1.000000
2241.768066,-70.000000,-70.000000,-0.410000,2.000000,0.000000,0.000000,-0.660000,1.000000
2241.772949,-74.000000,-74.000000,-0.300000,0.000000,2.000000,0.000000,-1.130000,1.000000
2241.778076,-83.000000,-83.000000,-0.050000,0.000000,2.000000,0.000000,-1.130000,1.000000
2241.782959,-125.000000,-125.000000,-0.120000,-2.000000,0.000000,0.000000,-1.130000,1.000000
2241.788086,-92.000000,-92.000000,-0.200000,-2.000000,0.000000,0.000000,-1.130000,1.000000
2241.792969,-63.000000,-63.000000,-0.190000,-2.000000,-2.000000,0.000000,-2.060000,1.000000
2241.798096,-62.000000,-62.000000,-0.030000,-2.000000,-2.000000,0.000000,-2.060000,1.000000
2241.802979,-145.000000,-145.000000,-0.110000,-2.000000,-2.000000,0.000000,-2.520000,1.000000
2241.808105,-134.000000,-134.000000,-0.110000,-2.000000,-2.000000,0.000000,-2.520000,1.000000
2241.812988,-163.000000,-163.000000,-0.060000,-2.000000,-2.000000,0.000000,-2.520000,1.000000
2241.818115,-159.000000,-159.000000,0.120000,-2.000000,-2.000000,0.000000,-2.520000,1.000000
2241.822998,-158.000000,-158.000000,0.000000,-4.000000,-4.000000,0.000000,-2.530000,1.000000
2241.827881,-124.000000,-124.000000,-0.190000,-4.000000,-4.000000,0.000000,-2.530000,1.000000
2241.833008,-83.000000,-83.000000,-0.260000,-4.000000,-2.000000,0.000000,-3.460000,1.000000
2241.837891,-58.000000,-58.000000,-0.210000,-4.000000,-2.000000,0.000000,-3.460000,1.000000
2241.843018,-122.000000,-122.000000,-0.360000,-4.000000,-6.000000,0.000000,-3.000000,1.000000
2241.847900,-90.000000,-90.000000,-0.640000,-4.000000,-6.000000,0.000000,-3.000000,1.000000
2241.853027,-7.000000,-7.000000,-0.860000,-4.000000,-4.000000,0.000000,-3.930000,1.000000
2241.857910,23.000000,23.000000,-0.940000,-4.000000,-4.000000,0.000000,-3.930000,1.000000
2241.863037,-48.000000,-48.000000,-1.140000,-6.000000,-4.000000,0.000000,-3.470000,1.000000
2241.867920,-43.000000,-43.000000,-1.280000,-6.000000,-4.000000,0.000000,-3.470000,1.000000
2241.873047,-17.000000,-17.000000,-1.390000,-6.000000,-4.000000,0.000000,-3.940000,1.000000
2241.877930,-17.000000,-17.000000,-1.500000,-6.000000,-4.000000,0.000000,-3.940000,1.000000
2241.883057,-47.000000,-47.000000,-1.650000,-4.000000,-4.000000,0.000000,-3.950000,1.000000
2241.887939,-41.000000,-41.000000,-1.790000,-4.000000,-4.000000,0.000000,-3.950000,1.000000
2241.893066,-38.000000,-38.000000,-1.880000,-4.000000,-4.000000,0.000000,-3.490000,1.000000
2241.897949,-42.000000,-42.000000,-1.940000,-4.000000,-4.000000,0.000000,-3.490000,1.000000
2241.903076,-21.000000,-21.000000,-2.010000,-4.000000,-4.000000,0.000000,-3.490000,1.000000
2241.907959,-25.000000,-25.000000,-2.100000,-4.000000,-4.000000,0.000000,-3.490000,1.000000
2241.913086,-19.000000,-19.000000,-2.150000,-2.000000,-2.000000,0.000000,-3.500000,1.000000
2241.917969,-15.000000,-15.000000,-2.170000,-2.000000,-2.000000,0.000000,-3.500000,1.000000
2241.923096,-18.000000,-18.000000,-2.250000,-2.000000,-4.000000,0.000000,-2.570000,1.000000
2241.927979,-15.000000,-15.000000,-2.310000,-2.000000,-4.000000,0.000000,-2.570000,1.000000
2241.933105,52.000000,52.000000,-2.370000,-4.000000,-4.000000,0.000000,-3.040000,1.000000
2241.937988,53.000000,53.000000,-2.430000,-4.000000,-4.000000,0.000000,-3.040000,1.000000
2241.943115,18.000000,18.000000,-2.460000,-2.000000,-2.000000,0.000000,-3.510000,1.000000
2241.947998,15.000000,15.000000,-2.490000,-2.000000,-2.000000,0.000000,-3.510000,1.000000
2241.952881,-21.000000,-21.000000,-2.510000,-2.000000,-2.000000,0.000000,-2.580000,1.000000
2241.958008,-21.000000,-21.000000,-2.580000,-2.000000,-2.000000,0.000000,-2.580000,1.000000
2241.962891,48.000000,48.000000,-2.630000,0.000000,0.000000,0.000000,-2.590000,1.000000
2241.968018,48.000000,48.000000,-2.640000,0.000000,0.000000,0.000000,-2.590000,1.000000
2241.972900,40.000000,40.000000,-2.690000,0.000000,0.000000,0.000000,-1.660000,1.000000
2241.978027,34.000000,34.000000,-2.750000,0.000000,0.000000,0.000000,-1.660000,1.000000
2241.982910,96.000000,96.000000,-2.710000,2.000000,0.000000,0.000000,-1.660000,1.000000
2241.988037,85.000000,85.000000,-2.640000,2.000000,0.000000,0.000000,-1.660000,1.000000
2241.992920,76.000000,76.000000,-2.710000,0.000000,2.000000,0.000000,-1.190000,1.000000
2241.998047,84.000000,84.000000,-2.850000,0.000000,2.000000,0.000000,-1.190000,1.000000
2242.002930,131.000000,131.000000,-2.740000,4.000000,2.000000,0.000000,-1.190000,1.000000
2242.008057,115.000000,115.000000,-2.730000,4.000000,2.000000,0.000000,-1.190000,1.000000
2242.012939,116.000000,116.000000,-2.890000,2.000000,2.000000,0.000000,-0.260000,1.000000
2242.018066,132.000000,132.000000,-3.120000,2.000000,2.000000,0.000000,-0.260000,1.000000
2242.022949,204.000000,204.000000,-2.970000,4.000000,4.000000,0.000000,-0.720000,1.000000
2242.028076,155.000000,155.000000,-2.900000,4.000000,4.000000,0.000000,-0.720000,1.000000
2242.032959,81.000000,81.000000,-2.870000,4.000000,2.000000,0.000000,0.210000,1.000000
2242.038086,68.000000,68.000000,-2.970000,4.000000,2.000000,0.000000,0.210000,1.000000
2242.042969,132.000000,132.000000,-2.830000,6.000000,6.000000,0.000000,-0.250000,1.000000
2242.048096,94.000000,94.000000,-2.600000,6.000000,6.000000,0.000000,-0.250000,1.000000
2242.052979,2.000000,2.000000,-2.300000,4.000000,4.000000,0.000000,1.150000,1.000000
2242.058105,-43.000000,-43.000000,-2.190000,4.000000,4.000000,0.000000,1.150000,1.000000
2242.062988,60.000000,60.000000,-2.040000,6.000000,4.000000,0.000000,0.220000,1.000000
2242.068115,63.000000,63.000000,-1.840000,6.000000,4.000000,0.000000,0.220000,1.000000
2242.072998,-11.000000,-11.000000,-1.640000,6.000000,4.000000,0.000000,0.690000,1.000000
2242.077881,-29.000000,-29.000000,-1.470000,6.000000,4.000000,0.000000,0.690000,1.000000
2242.083008,0.000000,0.000000,-1.330000,6.000000,4.000000,0.000000,0.700000,1.000000
2242.087891,1.000000,1.000000,-1.190000,6.000000,4.000000,0.000000,0.700000,1.000000
2242.093018,-1.000000,-1.000000,-1.000000,4.000000,4.000000,0.000000,0.710000,1.000000
2242.097900,-18.000000,-18.000000,-0.800000,4.000000,4.000000,0.000000,0.710000,1.000000
2242.103027,-23.000000,-23.000000,-0.620000,4.000000,4.000000,0.000000,0.250000,1.000000
2242.107910,-15.000000,-15.000000,-0.590000,4.000000,4.000000,0.000000,0.250000,1.000000
2242.113037,-20.000000,-20.000000,-0.580000,4.000000,4.000000,0.000000,0.250000,1.000000
2242.117920,6.000000,6.000000,-0.500000,4.000000,4.000000,0.000000,0.250000,1.000000
2242.123047,12.000000,12.000000,-0.490000,2.000000,2.000000,0.000000,0.260000,1.000000
2242.127930,23.000000,23.000000,-0.530000,2.000000,2.000000,0.000000,0.260000,1.000000
2242.133057,43.000000,43.000000,-0.600000,2.000000,2.000000,0.000000,-0.670000,1.000000
2242.137939,57.000000,57.000000,-0.740000,2.000000,2.000000,0.000000,-0.670000,1.000000
2242.143066,0.000000,0.000000,-0.770000,2.000000,0.000000,0.000000,-0.670000,1.000000
2242.147949,-13.000000,-13.000000,-0.690000,2.000000,0.000000,0.000000,-0.670000,1.000000
2242.153076,-35.000000,-35.000000,-0.680000,2.000000,2.000000,0.000000,-1.130000,1.000000
2242.157959,-43.000000,-43.000000,-0.610000,2.000000,2.000000,0.000000,-1.130000,1.000000
2242.163086,-78.000000,-78.000000,-0.540000,0.000000,0.000000,0.000000,-0.660000,1.000000
2242.167969,-81.000000,-81.000000,-0.530000,0.000000,0.000000,0.000000,-0.660000,1.000000
2242.173096,-43.000000,-43.000000,-0.500000,0.000000,0.000000,0.000000,-1.590000,1.000000
2242.177979,-39.000000,-39.000000,-0.360000,0.000000,0.000000,0.000000,-1.590000,1.000000
2242.183105,-112.000000,-112.000000,-0.390000,0.000000,0.000000,0.000000,-1.590000,1.000000
2242.187988,-98.000000,-98.000000,-0.450000,0.000000,0.000000,0.000000,-1.590000,1.000000
2242.193115,-88.000000,-88.000000,-0.380000,-2.000000,-2.000000,0.000000,-1.590000,1.000000
2242.197998,-95.000000,-95.000000,-0.210000,-2.000000,-2.000000,0.000000,-1.590000,1.000000
2242.202881,-110.000000,-110.000000,-0.160000,-2.000000,-4.000000,0.000000,-2.520000,1.000000
2242.208008,-98.000000,-98.000000,-0.270000,-2.000000,-4.000000,0.000000,-2.520000,1.000000
2242.212891,-125.000000,-125.000000,-0.290000,-4.000000,-2.000000,0.000000,-2.990000,1.000000
2242.218018,-101.000000,-101.000000,-0.200000,-4.000000,-2.000000,0.000000,-2.990000,1.000000
2242.222900,-135.000000,-135.000000,-0.390000,-4.000000,-4.000000,0.000000,-2.990000,1.000000
2242.228027,-98.000000,-98.000000,-0.510000,-4.000000,-4.000000,0.000000,-2.990000,1.000000
2242.232910,-74.000000,-74.000000,-0.610000,-2.000000,-2.000000,0.000000,-3.460000,1.000000
2242.238037,-57.000000,-57.000000,-0.610000,-2.000000,-2.000000,0.000000,-3.460000,1.000000
2242.242920,-83.000000,-83.000000,-0.740000,-6.000000,-4.000000,0.000000,-2.530000,1.000000
2242.248047,-62.000000,-62.000000,-0.980000,-6.000000,-4.000000,0.000000,-2.530000,1.000000
2242.252930,37.000000,37.000000,-1.160000,-4.000000,-4.000000,0.000000,-3.930000,1.000000
2242.258057,49.000000,49.000000,-1.240000,-4.000000,-4.000000,0.000000,-3.930000,1.000000
2242.262939,-61.000000,-61.000000,-1.390000,-4.000000,-4.000000,0.000000,-3.470000,1.000000
2242.268066,-63.000000,-63.000000,-1.540000,-4.000000,-4.000000,0.000000,-3.470000,1.000000
2242.272949,-22.000000,-22.000000,-1.640000,-4.000000,-4.000000,0.000000,-3.480000,1.000000
2242.278076,-17.000000,-17.000000,-1.630000,-4.000000,-4.000000,0.000000,-3.480000,1.000000
2242.282959,-27.000000,-27.000000,-1.780000,-4.000000,-4.000000,0.000000,-3.480000,1.000000
2242.288086,-22.000000,-22.000000,-1.930000,-4.000000,-4.000000,0.000000,-3.480000,1.000000
2242.292969,-13.000000,-13.000000,-2.000000,-2.000000,-4.000000,0.000000,-3.490000,1.000000
2242.298096,-11.000000,-11.000000,-2.100000,-2.000000,-4.000000,0.000000,-3.490000,1.000000
2242.302979,-11.000000,-11.000000,-2.180000,-2.000000,-4.000000,0.000000,-3.030000,1.000000
2242.308105,-11.000000,-11.000000,-2.250000,-2.000000,-4.000000,0.000000,-3.030000,1.000000
2242.312988,19.000000,19.000000,-2.310000,-2.000000,-4.000000,0.000000,-3.030000,1.000000
2242.318115,15.000000,15.000000,-2.350000,-2.000000,-4.000000,0.000000,-3.030000,1.000000
2242.322998,9.000000,9.000000,-2.380000,-2.000000,-2.000000,0.000000,-3.030000,1.000000
2242.327881,5.000000,5.000000,-2.450000,-2.000000,-2.000000,0.000000,-3.030000,1.000000
2242.333008,7.000000,7.000000,-2.480000,-2.000000,-2.000000,0.000000,-2.570000,1.000000
2242.337891,6.000000,6.000000,-2.520000,-2.000000,-2.000000,0.000000,-2.570000,1.000000
2242.343018,34.000000,34.000000,-2.550000,-2.000000,0.000000,0.000000,-2.580000,1.000000
2242.347900,30.000000,30.000000,-2.550000,-2.000000,0.000000,0.000000,-2.580000,1.000000
2242.353027,24.000000,24.000000,-2.560000,0.000000,0.000000,0.000000,-2.110000,1.000000
2242.357910,20.000000,20.000000,-2.630000,0.000000,0.000000,0.000000,-2.110000,1.000000
2242.363037,56.000000,56.000000,-2.620000,0.000000,0.000000,0.000000,-1.650000,1.000000
2242.367920,49.000000,49.000000,-2.570000,0.000000,0.000000,0.000000,-1.650000,1.000000
2242.373047,69.000000,69.000000,-2.560000,0.000000,0.000000,0.000000,-1.650000,1.000000
2242.377930,67.000000,67.000000,-2.620000,0.000000,0.000000,0.000000,-1.650000,1.000000
2242.383057,76.000000,76.000000,-2.580000,0.000000,2.000000,0.000000,-1.650000,1.000000
2242.387939,76.000000,76.000000,-2.580000,0.000000,2.000000,0.000000,-1.650000,1.000000
2242.393066,79.000000,79.000000,-2.640000,0.000000,0.000000,0.000000,-1.180000,1.000000
2242.397949,86.000000,86.000000,-2.780000,0.000000,0.000000,0.000000,-1.180000,1.000000
2242.403076,127.000000,127.000000,-2.770000,4.000000,2.000000,0.000000,-1.650000,1.000000
2242.407959,119.000000,119.000000,-2.780000,4.000000,2.000000,0.000000,-1.650000,1.000000
2242.413086,84.000000,84.000000,-2.830000,0.000000,2.000000,0.000000,-0.250000,1.000000
2242.417969,79.000000,79.000000,-2.980000,0.000000,2.000000,0.000000,-0.250000,1.000000
2242.423096,173.000000,173.000000,-2.830000,4.000000,4.000000,0.000000,-1.180000,1.000000
2242.427979,135.000000,135.000000,-2.670000,4.000000,4.000000,0.000000,-1.180000,1.000000
2242.433105,28.000000,28.000000,-2.620000,2.000000,4.000000,0.000000,0.220000,1.000000
2242.437988,13.000000,13.000000,-2.730000,2.000000,4.000000,0.000000,0.220000,1.000000
2242.443115,113.000000,113.000000,-2.610000,4.000000,6.000000,0.000000,-0.240000,1.000000
2242.447998,75.000000,75.000000,-2.280000,4.000000,6.000000,0.000000,-0.240000,1.000000
2242.452881,-28.000000,-28.000000,-1.980000,4.000000,4.000000,0.000000,0.690000,1.000000
2242.458008,-72.000000,-72.000000,-1.810000,4.000000,4.000000,0.000000,0.690000,1.000000
2242.462891,-1.000000,-1.000000,-1.680000,4.000000,4.000000,0.000000,0.230000,1.000000
2242.468018,11.000000,11.000000,-1.460000,4.000000,4.000000,0.000000,0.230000,1.000000
2242.472900,-22.000000,-22.000000,-1.330000,4.000000,4.000000,0.000000,0.240000,1.000000
2242.478027,-20.000000,-20.000000,-1.180000,4.000000,4.000000,0.000000,0.240000,1.000000
2242.482910,-11.000000,-11.000000,-0.990000,4.000000,4.000000,0.000000,0.240000,1.000000
2242.488037,-16.000000,-16.000000,-0.860000,4.000000,4.000000,0.000000,0.240000,1.000000
2242.492920,-8.000000,-8.000000,-0.790000,2.000000,2.000000,0.000000,0.250000,1.000000
2242.498047,9.000000,9.000000,-0.690000,2.000000,2.000000,0.000000,0.250000,1.000000
2242.502930,18.000000,18.000000,-0.690000,2.000000,2.000000,0.000000,-0.680000,1.000000
2242.508057,40.000000,40.000000,-0.730000,2.000000,2.000000,0.000000,-0.680000,1.000000
2242.512939,-3.000000,-3.000000,-0.790000,2.000000,0.000000,0.000000,-0.680000,1.000000
2242.518066,10.000000,10.000000,-0.940000,2.000000,0.000000,0.000000,-0.680000,1.000000
2242.522949,23.000000,23.000000,-1.000000,2.000000,2.000000,0.000000,-1.140000,1.000000
2242.528076,12.000000,12.000000,-0.840000,2.000000,2.000000,0.000000,-1.140000,1.000000
2242.532959,-58.000000,-58.000000,-0.790000,0.000000,0.000000,0.000000,-0.670000,1.000000
2242.538086,-70.000000,-70.000000,-0.810000,0.000000,0.000000,0.000000,-0.670000,1.000000
2242.542969,-25.000000,-25.000000,-0.840000,0.000000,2.000000,0.000000,-1.600000,1.000000
2242.548096,-17.000000,-17.000000,-0.810000,0.000000,2.000000,0.000000,-1.600000,1.000000
2242.552979,-93.000000,-93.000000,-0.700000,0.000000,2.000000,0.000000,-1.140000,1.000000
2242.558105,-110.000000,-110.000000,-0.590000,0.000000,2.000000,0.000000,-1.140000,1.000000
2242.562988,-79.000000,-79.000000,-0.590000,0.000000,0.000000,0.000000,-1.130000,1.000000
2242.568115,-62.000000,-62.000000,-0.660000,0.000000,0.000000,0.000000,-1.130000,1.000000
2242.572998,-41.000000,-41.000000,-0.640000,0.000000,0.000000,0.000000,-1.600000,1.000000
2242.577881,-43.000000,-43.000000,-0.520000,0.000000,0.000000,0.000000,-1.600000,1.000000
2242.583008,-88.000000,-88.000000,-0.560000,-2.000000,-2.000000,0.000000,-1.600000,1.000000
2242.587891,-79.000000,-79.000000,-0.620000,-2.000000,-2.000000,0.000000,-1.600000,1.000000
2242.593018,-69.000000,-69.000000,-0.580000,-2.000000,-2.000000,0.000000,-2.530000,1.000000
2242.597900,-75.000000,-75.000000,-0.420000,-2.000000,-2.000000,0.000000,-2.530000,1.000000
2242.603027,-153.000000,-153.000000,-0.500000,-2.000000,-2.000000,0.000000,-2.530000,1.000000
2242.607910,-138.000000,-138.000000,-0.510000,-2.000000,-2.000000,0.000000,-2.530000,1.000000
2242.613037,-132.000000,-132.000000,-0.430000,-2.000000,-2.000000,0.000000,-2.530000,1.000000
2242.617920,-136.000000,-136.000000,-0.240000,-2.000000,-2.000000,0.000000,-2.530000,1.000000
2242.623047,-141.000000,-141.000000,-0.320000,-4.000000,-4.000000,0.000000,-2.540000,1.000000
2242.627930,-100.000000,-100.000000,-0.480000,-4.000000,-4.000000,0.000000,-2.540000,1.000000
2242.633057,-42.000000,-42.000000,-0.670000,-4.000000,-4.000000,0.000000,-3.470000,1.000000
2242.637939,-9.000000,-9.000000,-0.720000,-4.000000,-4.000000,0.000000,-3.470000,1.000000
2242.643066,-75.000000,-75.000000,-0.810000,-4.000000,-6.000000,0.000000,-3.470000,1.000000
2242.647949,-68.000000,-68.000000,-1.060000,-4.000000,-6.000000,0.000000,-3.470000,1.000000
2242.653076,-38.000000,-38.000000,-1.260000,-4.000000,-4.000000,0.000000,-3.940000,1.000000
2242.657959,-14.000000,-14.000000,-1.340000,-4.000000,-4.000000,0.000000,-3.940000,1.000000
2242.663086,-55.000000,-55.000000,-1.530000,-4.000000,-6.000000,0.000000,-3.480000,1.000000
2242.667969,-53.000000,-53.000000,-1.630000,-4.000000,-6.000000,0.000000,-3.480000,1.000000
2242.673096,-28.000000,-28.000000,-1.680000,-2.000000,-2.000000,0.000000,-3.950000,1.000000
2242.677979,-32.000000,-32.000000,-1.710000,-2.000000,-2.000000,0.000000,-3.950000,1.000000
2242.683105,-66.000000,-66.000000,-1.790000,-2.000000,-4.000000,0.000000,-2.560000,1.000000
2242.687988,-59.000000,-59.000000,-1.940000,-2.000000,-4.000000,0.000000,-2.560000,1.000000
2242.693115,52.000000,52.000000,-2.040000,-2.000000,-2.000000,0.000000,-3.030000,1.000000
2242.697998,56.000000,56.000000,-2.040000,-2.000000,-2.000000,0.000000,-3.030000,1.000000
2242.702881,13.000000,13.000000,-2.090000,-4.000000,-2.000000,0.000000,-2.570000,1.000000
2242.708008,14.000000,14.000000,-2.230000,-4.000000,-2.000000,0.000000,-2.570000,1.000000
2242.712891,66.000000,66.000000,-2.320000,-4.000000,-4.000000,0.000000,-3.040000,1.000000
2242.718018,79.000000,79.000000,-2.480000,-4.000000,-4.000000,0.000000,-3.040000,1.000000
2242.722900,51.000000,51.000000,-2.590000,-2.000000,-2.000000,0.000000,-3.510000,1.000000
2242.728027,48.000000,48.000000,-2.600000,-2.000000,-2.000000,0.000000,-3.510000,1.000000
2242.732910,3.000000,3.000000,-2.680000,-2.000000,-2.000000,0.000000,-2.580000,1.000000
2242.738037,-5.000000,-5.000000,-2.810000,-2.000000,-2.000000,0.000000,-2.580000,1.000000
2242.742920,60.000000,60.000000,-2.820000,0.000000,-2.000000,0.000000,-2.580000,1.000000
2242.748047,45.000000,45.000000,-2.780000,0.000000,-2.000000,0.000000,-2.580000,1.000000
2242.752930,28.000000,28.000000,-2.820000,0.000000,0.000000,0.000000,-2.120000,1.000000
2242.758057,23.000000,23.000000,-2.790000,0.000000,0.000000,0.000000,-2.120000,1.000000
2242.762939,48.000000,48.000000,-2.710000,2.000000,0.000000,0.000000,-1.660000,1.000000
2242.768066,36.000000,36.000000,-2.650000,2.000000,0.000000,0.000000,-1.660000,1.000000
2242.772949,68.000000,68.000000,-2.700000,2.000000,2.000000,0.000000,-1.190000,1.000000
2242.778076,79.000000,79.000000,-2.730000,2.000000,2.000000,0.000000,-1.190000,1.000000
2242.782959,116.000000,116.000000,-2.710000,2.000000,0.000000,0.000000,-0.730000,1.000000
2242.788086,108.000000,108.000000,-2.650000,2.000000,0.000000,0.000000,-0.730000,1.000000
2242.792969,131.000000,131.000000,-2.650000,0.000000,0.000000,0.000000,-1.190000,1.000000
2242.798096,132.000000,132.000000,-2.890000,0.000000,0.000000,0.000000,-1.190000,1.000000
2242.802979,124.000000,124.000000,-2.900000,4.000000,4.000000,0.000000,-1.650000,1.000000
2242.808105,110.000000,110.000000,-2.730000,4.000000,4.000000,0.000000,-1.650000,1.000000
2242.812988,29.000000,29.000000,-2.670000,2.000000,2.000000,0.000000,0.210000,1.000000
2242.818115,10.000000,10.000000,-2.800000,2.000000,2.000000,0.000000,0.210000,1.000000
2242.822998,153.000000,153.000000,-2.730000,4.000000,4.000000,0.000000,-0.720000,1.000000
2242.827881,128.000000,128.000000,-2.540000,4.000000,4.000000,0.000000,-0.720000,1.000000
2242.833008,11.000000,11.000000,-2.300000,2.000000,4.000000,0.000000,0.210000,1.000000
2242.837891,-29.000000,-29.000000,-2.300000,2.000000,4.000000,0.000000,0.210000,1.000000
2242.843018,48.000000,48.000000,-2.230000,4.000000,4.000000,0.000000,-0.250000,1.000000
2242.847900,53.000000,53.000000,-2.170000,4.000000,4.000000,0.000000,-0.250000,1.000000
2242.853027,4.000000,4.000000,-1.930000,6.000000,4.000000,0.000000,0.220000,1.000000
2242.857910,-39.000000,-39.000000,-1.670000,6.000000,4.000000,0.000000,0.220000,1.000000
2242.863037,-22.000000,-22.000000,-1.530000,4.000000,6.000000,0.000000,0.690000,1.000000
2242.867920,-12.000000,-12.000000,-1.420000,4.000000,6.000000,0.000000,0.690000,1.000000
2242.873047,35.000000,35.000000,-1.320000,4.000000,4.000000,0.000000,0.700000,1.000000
2242.877930,38.000000,38.000000,-1.150000,4.000000,4.000000,0.000000,0.700000,1.000000
2242.883057,32.000000,32.000000,-1.000000,2.000000,4.000000,0.000000,0.240000,1.000000
2242.887939,38.000000,38.000000,-0.990000,2.000000,4.000000,0.000000,0.240000,1.000000
2242.893066,38.000000,38.000000,-1.050000,2.000000,2.000000,0.000000,-0.220000,1.000000
2242.897949,73.000000,73.000000,-1.180000,2.000000,2.000000,0.000000,-0.220000,1.000000
2242.903076,56.000000,56.000000,-1.180000,4.000000,2.000000,0.000000,-0.680000,1.000000
2242.907959,40.000000,40.000000,-1.040000,4.000000,2.000000,0.000000,-0.680000,1.000000
2242.913086,-23.000000,-23.000000,-1.000000,2.000000,2.000000,0.000000,-0.210000,1.000000
2242.917969,-26.000000,-26.000000,-1.100000,2.000000,2.000000,0.000000,-0.210000,1.000000
2242.923096,27.000000,27.000000,-1.110000,2.000000,2.000000,0.000000,-0.680000,1.000000
2242.927979,23.000000,23.000000,-0.980000,2.000000,2.000000,0.000000,-0.680000,1.000000
2242.933105,-44.000000,-44.000000,-0.840000,2.000000,2.000000,0.000000,-0.670000,1.000000
2242.937988,-66.000000,-66.000000,-0.780000,2.000000,2.000000,0.000000,-0.670000,1.000000
2242.943115,-56.000000,-56.000000,-0.790000,0.000000,0.000000,0.000000,-0.670000,1.000000
2242.947998,-42.000000,-42.000000,-0.730000,0.000000,0.000000,0.000000,-0.670000,1.000000
2242.952881,-51.000000,-51.000000,-0.570000,2.000000,2.000000,0.000000,-1.600000,1.000000
2242.958008,-73.000000,-73.000000,-0.350000,2.000000,2.000000,0.000000,-1.600000,1.000000
2242.962891,-144.000000,-144.000000,-0.370000,0.000000,0.000000,0.000000,-0.670000,1.000000
2242.968018,-110.000000,-110.000000,-0.480000,0.000000,0.000000,0.000000,-0.670000,1.000000
2242.972900,-7.000000,-7.000000,-0.520000,-2.000000,0.000000,0.000000,-1.600000,1.000000
2242.978027,2.000000,2.000000,-0.370000,-2.000000,0.000000,0.000000,-1.600000,1.000000
2242.982910,-83.000000,-83.000000,-0.470000,-2.000000,-2.000000,0.000000,-2.060000,1.000000
2242.988037,-72.000000,-72.000000,-0.550000,-2.000000,-2.000000,0.000000,-2.060000,1.000000
2242.992920,-100.000000,-100.000000,-0.450000,-2.000000,0.000000,0.000000,-2.530000,1.000000
2242.998047,-117.000000,-117.000000,-0.320000,-2.000000,0.000000,0.000000,-2.530000,1.000000
2243.002930,-160.000000,-160.000000,-0.420000,-2.000000,-4.000000,0.000000,-2.060000,1.000000
2243.008057,-125.000000,-125.000000,-0.520000,-2.000000,-4.000000,0.000000,-2.060000,1.000000
2243.012939,-57.000000,-57.000000,-0.530000,-2.000000,-2.000000,0.000000,-3.000000,1.000000
2243.018066,-49.000000,-49.000000,-0.410000,-2.000000,-2.000000,0.000000,-3.000000,1.000000
2243.022949,-113.000000,-113.000000,-0.650000,-4.000000,-4.000000,0.000000,-2.530000,1.000000
2243.028076,-77.000000,-77.000000,-0.840000,-4.000000,-4.000000,0.000000,-2.530000,1.000000
2243.032959,-18.000000,-18.000000,-0.850000,-4.000000,-4.000000,0.000000,-3.470000,1.000000
2243.038086,-21.000000,-21.000000,-0.860000,-4.000000,-4.000000,0.000000,-3.470000,1.000000
2243.042969,-85.000000,-85.000000,-1.020000,-4.000000,-4.000000,0.000000,-3.470000,1.000000
2243.048096,-57.000000,-57.000000,-1.250000,-4.000000,-4.000000,0.000000,-3.470000,1.000000
2243.052979,-28.000000,-28.000000,-1.400000,-2.000000,-4.000000,0.000000,-3.480000,1.000000
2243.058105,-23.000000,-23.000000,-1.420000,-2.000000,-4.000000,0.000000,-3.480000,1.000000
2243.062988,-41.000000,-41.000000,-1.540000,-4.000000,-4.000000,0.000000,-3.020000,1.000000
2243.068115,-44.000000,-44.000000,-1.610000,-4.000000,-4.000000,0.000000,-3.020000,1.000000
2243.072998,-15.000000,-15.000000,-1.670000,-4.000000,-2.000000,0.000000,-3.480000,1.000000
2243.077881,-7.000000,-7.000000,-1.710000,-4.000000,-2.000000,0.000000,-3.480000,1.000000
2243.083008,-37.000000,-37.000000,-1.820000,-4.000000,-4.000000,0.000000,-3.020000,1.000000
2243.087891,-30.000000,-30.000000,-1.960000,-4.000000,-4.000000,0.000000,-3.020000,1.000000
2243.093018,12.000000,12.000000,-2.050000,-4.000000,-2.000000,0.000000,-3.490000,1.000000
2243.097900,17.000000,17.000000,-2.120000,-4.000000,-2.000000,0.000000,-3.490000,1.000000
2243.103027,-19.000000,-19.000000,-2.150000,-2.000000,-4.000000,0.000000,-3.030000,1.000000
2243.107910,-22.000000,-22.000000,-2.250000,-2.000000,-4.000000,0.000000,-3.030000,1.000000
2243.113037,17.000000,17.000000,-2.340000,-2.000000,-2.000000,0.000000,-3.040000,1.000000
2243.117920,23.000000,23.000000,-2.400000,-2.000000,-2.000000,0.000000,-3.040000,1.000000
2243.123047,20.000000,20.000000,-2.420000,-2.000000,-2.000000,0.000000,-2.580000,1.000000
2243.127930,15.000000,15.000000,-2.510000,-2.000000,-2.000000,0.000000,-2.580000,1.000000
2243.133057,55.000000,55.000000,-2.590000,-2.000000,-2.000000,0.000000,-2.580000,1.000000
2243.137939,62.000000,62.000000,-2.680000,-2.000000,-2.000000,0.000000,-2.580000,1.000000
2243.143066,62.000000,62.000000,-2.750000,-2.000000,0.000000,0.000000,-2.580000,1.000000
2243.147949,54.000000,54.000000,-2.730000,-2.000000,0.000000,0.000000,-2.580000,1.000000
2243.153076,39.000000,39.000000,-2.740000,0.000000,0.000000,0.000000,-2.120000,1.000000
2243.157959,28.000000,28.000000,-2.850000,0.000000,0.000000,0.000000,-2.120000,1.000000
2243.163086,66.000000,66.000000,-2.810000,2.000000,0.000000,0.000000,-1.650000,1.000000
2243.167969,57.000000,57.000000,-2.740000,2.000000,0.000000,0.000000,-1.650000,1.000000
2243.173096,77.000000,77.000000,-2.770000,0.000000,0.000000,0.000000,-1.190000,1.000000
2243.177979,80.000000,80.000000,-2.840000,0.000000,0.000000,0.000000,-1.190000,1.000000
2243.183105,123.000000,123.000000,-2.780000,2.000000,2.000000,0.000000,-1.650000,1.000000
2243.187988,117.000000,117.000000,-2.790000,2.000000,2.000000,0.000000,-1.650000,1.000000
2243.193115,88.000000,88.000000,-2.860000,0.000000,0.000000,0.000000,-0.720000,1.000000
2243.197998,97.000000,97.000000,-3.090000,0.000000,0.000000,0.000000,-0.720000,1.000000
2243.202881,175.000000,175.000000,-2.990000,2.000000,4.000000,0.000000,-1.650000,1.000000
2243.208008,141.000000,141.000000,-2.870000,2.000000,4.000000,0.000000,-1.650000,1.000000
2243.212891,36.000000,36.000000,-2.830000,2.000000,4.000000,0.000000,-0.260000,1.000000
2243.218018,22.000000,22.000000,-3.010000,2.000000,4.000000,0.000000,-0.260000,1.000000
2243.222900,140.000000,140.000000,-3.100000,6.000000,4.000000,0.000000,-0.250000,1.000000
2243.228027,125.000000,125.000000,-2.840000,6.000000,4.000000,0.000000,-0.250000,1.000000
2243.232910,48.000000,48.000000,-2.510000,4.000000,4.000000,0.000000,0.680000,1.000000
2243.238037,-29.000000,-29.000000,-2.410000,4.000000,4.000000,0.000000,0.680000,1.000000
2243.242920,34.000000,34.000000,-2.130000,6.000000,6.000000,0.000000,0.220000,1.000000
2243.248047,2.000000,2.000000,-2.000000,6.000000,6.000000,0.000000,0.220000,1.000000
2243.252930,24.000000,24.000000,-2.090000,6.000000,4.000000,0.000000,1.160000,1.000000
2243.258057,61.000000,61.000000,-1.830000,6.000000,4.000000,0.000000,1.160000,1.000000
2243.262939,31.000000,31.000000,-1.510000,4.000000,4.000000,0.000000,0.700000,1.000000
2243.268066,7.000000,7.000000,-1.320000,4.000000,4.000000,0.000000,0.700000,1.000000
2243.272949,33.000000,33.000000,-1.170000,4.000000,2.000000,0.000000,0.240000,1.000000
2243.278076,44.000000,44.000000,-1.260000,4.000000,2.000000,0.000000,0.240000,1.000000
2243.282959,63.000000,63.000000,-1.330000,2.000000,2.000000,0.000000,-0.220000,1.000000
2243.288086,5.000000,5.000000,-1.160000,2.000000,2.000000,0.000000,-0.220000,1.000000
2243.292969,-5.000000,-5.000000,-1.070000,2.000000,2.000000,0.000000,-0.680000,1.000000
2243.298096,-9.000000,-9.000000,-1.180000,2.000000,2.000000,0.000000,-0.680000,1.000000
2243.302979,4.000000,4.000000,-1.260000,4.000000,2.000000,0.000000,-0.680000,1.000000
2243.308105,-20.000000,-20.000000,-1.230000,4.000000,2.000000,0.000000,-0.680000,1.000000
2243.312988,-57.000000,-57.000000,-1.090000,2.000000,2.000000,0.000000,-0.210000,1.000000
2243.318115,-32.000000,-32.000000,-0.930000,2.000000,2.000000,0.000000,-0.210000,1.000000
2243.322998,-18.000000,-18.000000,-0.850000,2.000000,2.000000,0.000000,-0.670000,1.000000
2243.327881,-16.000000,-16.000000,-0.940000,2.000000,2.000000,0.000000,-0.670000,1.000000
2243.333008,-9.000000,-9.000000,-0.960000,2.000000,2.000000,0.000000,-0.670000,1.000000
2243.337891,-31.000000,-31.000000,-0.820000,2.000000,2.000000,0.000000,-0.670000,1.000000
2243.343018,-29.000000,-29.000000,-0.750000,0.000000,0.000000,0.000000,-0.670000,1.000000
2243.347900,0.000000,0.000000,-0.820000,0.000000,0.000000,0.000000,-0.670000,1.000000
2243.353027,21.000000,21.000000,-0.900000,0.000000,0.000000,0.000000,-1.590000,1.000000
2243.357910,-50.000000,-50.000000,-0.900000,0.000000,0.000000,0.000000,-1.590000,1.000000
2243.363037,-59.000000,-59.000000,-0.860000,0.000000,0.000000,0.000000,-1.590000,1.000000
2243.367920,-53.000000,-53.000000,-0.910000,0.000000,0.000000,0.000000,-1.590000,1.000000
2243.373047,-51.000000,-51.000000,-0.930000,0.000000,-2.000000,0.000000,-1.590000,1.000000
2243.377930,-63.000000,-63.000000,-0.830000,0.000000,-2.000000,0.000000,-1.590000,1.000000
2243.383057,-61.000000,-61.000000,-0.870000,0.000000,-2.000000,0.000000,-2.060000,1.000000
2243.387939,-93.000000,-93.000000,-0.910000,0.000000,-2.000000,0.000000,-2.060000,1.000000
2243.393066,-108.000000,-108.000000,-0.790000,-2.000000,-2.000000,0.000000,-2.060000,1.000000
2243.397949,-116.000000,-116.000000,-0.690000,-2.000000,-2.000000,0.000000,-2.060000,1.000000
2243.403076,-108.000000,-108.000000,-0.660000,-2.000000,-2.000000,0.000000,-2.530000,1.000000
2243.407959,-118.000000,-118.000000,-0.700000,-2.000000,-2.000000,0.000000,-2.530000,1.000000
2243.413086,-104.000000,-104.000000,-0.720000,0.000000,-2.000000,0.000000,-2.530000,1.000000
2243.417969,-118.000000,-118.000000,-0.520000,0.000000,-2.000000,0.000000,-2.530000,1.000000
2243.423096,-102.000000,-102.000000,-0.590000,-4.000000,-2.000000,0.000000,-2.070000,1.000000
2243.427979,-43.000000,-43.000000,-0.650000,-4.000000,-2.000000,0.000000,-2.070000,1.000000
2243.433105,-1.000000,-1.000000,-0.810000,-4.000000,-2.000000,0.000000,-3.000000,1.000000
2243.437988,-56.000000,-56.000000,-0.810000,-4.000000,-2.000000,0.000000,-3.000000,1.000000
2243.443115,-38.000000,-38.000000,-0.930000,-4.000000,-4.000000,0.000000,-3.000000,1.000000
2243.447998,-6.000000,-6.000000,-1.160000,-4.000000,-4.000000,0.000000,-3.000000,1.000000
2243.452881,18.000000,18.000000,-1.350000,-4.000000,-4.000000,0.000000,-3.470000,1.000000
2243.458008,-14.000000,-14.000000,-1.520000,-4.000000,-4.000000,0.000000,-3.470000,1.000000
2243.462891,-23.000000,-23.000000,-1.620000,-4.000000,-4.000000,0.000000,-3.480000,1.000000
2243.468018,-30.000000,-30.000000,-1.730000,-4.000000,-4.000000,0.000000,-3.480000,1.000000
2243.472900,-29.000000,-29.000000,-1.850000,-2.000000,-2.000000,0.000000,-3.480000,1.000000
2243.478027,-37.000000,-37.000000,-1.900000,-2.000000,-2.000000,0.000000,-3.480000,1.000000
2243.482910,-43.000000,-43.000000,-1.950000,-2.000000,-2.000000,0.000000,-2.550000,1.000000
2243.488037,26.000000,26.000000,-2.060000,-2.000000,-2.000000,0.000000,-2.550000,1.000000
2243.492920,22.000000,22.000000,-2.100000,-2.000000,-2.000000,0.000000,-2.560000,1.000000
2243.498047,8.000000,8.000000,-2.040000,-2.000000,-2.000000,0.000000,-2.560000,1.000000
2243.502930,12.000000,12.000000,-2.060000,-4.000000,-2.000000,0.000000,-2.560000,1.000000
2243.508057,35.000000,35.000000,-2.180000,-4.000000,-2.000000,0.000000,-2.560000,1.000000
2243.512939,46.000000,46.000000,-2.240000,-2.000000,-2.000000,0.000000,-3.030000,1.000000
2243.518066,16.000000,16.000000,-2.350000,-2.000000,-2.000000,0.000000,-3.030000,1.000000
2243.522949,13.000000,13.000000,-2.430000,-2.000000,0.000000,0.000000,-2.570000,1.000000
2243.528076,34.000000,34.000000,-2.430000,-2.000000,0.000000,0.000000,-2.570000,1.000000
2243.532959,26.000000,26.000000,-2.480000,0.000000,0.000000,0.000000,-2.100000,1.000000
2243.538086,52.000000,52.000000,-2.520000,0.000000,0.000000,0.000000,-2.100000,1.000000
2243.542969,38.000000,38.000000,-2.500000,0.000000,-2.000000,0.000000,-1.640000,1.000000
2243.548096,58.000000,58.000000,-2.470000,0.000000,-2.000000,0.000000,-1.640000,1.000000
2243.552979,49.000000,49.000000,-2.430000,0.000000,0.000000,0.000000,-2.100000,1.000000
2243.558105,16.000000,16.000000,-2.370000,0.000000,0.000000,0.000000,-2.100000,1.000000
2243.562988,23.000000,23.000000,-2.370000,0.000000,0.000000,0.000000,-1.640000,1.000000
2243.568115,60.000000,60.000000,-2.360000,0.000000,0.000000,0.000000,-1.640000,1.000000
2243.572998,63.000000,63.000000,-2.380000,2.000000,0.000000,0.000000,-1.640000,1.000000
2243.577881,61.000000,61.000000,-2.380000,2.000000,0.000000,0.000000,-1.640000,1.000000
2243.583008,59.000000,59.000000,-2.350000,2.000000,2.000000,0.000000,-1.180000,1.000000
2243.587891,98.000000,98.000000,-2.370000,2.000000,2.000000,0.000000,-1.180000,1.000000
2243.593018,106.000000,106.000000,-2.430000,0.000000,0.000000,0.000000,-0.710000,1.000000
2243.597900,141.000000,141.000000,-2.520000,0.000000,0.000000,0.000000,-0.710000,1.000000
2243.603027,126.000000,126.000000,-2.490000,2.000000,2.000000,0.000000,-1.640000,1.000000
2243.607910,48.000000,48.000000,-2.440000,2.000000,2.000000,0.000000,-1.640000,1.000000
2243.613037,44.000000,44.000000,-2.470000,2.000000,0.000000,0.000000,-0.710000,1.000000
2243.617920,123.000000,123.000000,-2.700000,2.000000,0.000000,0.000000,-0.710000,1.000000
2243.623047,80.000000,80.000000,-2.510000,2.000000,4.000000,0.000000,-1.170000,1.000000
2243.627930,10.000000,10.000000,-2.440000,2.000000,4.000000,0.000000,-1.170000,1.000000
2243.633057,-20.000000,-20.000000,-2.360000,2.000000,4.000000,0.000000,-0.240000,1.000000
2243.637939,22.000000,22.000000,-2.230000,2.000000,4.000000,0.000000,-0.240000,1.000000
2243.643066,4.000000,4.000000,-2.090000,4.000000,4.000000,0.000000,-0.230000,1.000000
2243.647949,-9.000000,-9.000000,-1.910000,4.000000,4.000000,0.000000,-0.230000,1.000000
2243.653076,-27.000000,-27.000000,-1.720000,4.000000,2.000000,0.000000,0.230000,1.000000
2243.657959,6.000000,6.000000,-1.540000,4.000000,2.000000,0.000000,0.230000,1.000000
2243.663086,18.000000,18.000000,-1.410000,2.000000,2.000000,0.000000,-0.230000,1.000000
2243.667969,7.000000,7.000000,-1.350000,2.000000,2.000000,0.000000,-0.230000,1.000000
2243.673096,21.000000,21.000000,-1.260000,2.000000,2.000000,0.000000,-0.690000,1.000000
2243.677979,0.000000,0.000000,-1.210000,2.000000,2.000000,0.000000,-0.690000,1.000000
2243.683105,7.000000,7.000000,-1.200000,2.000000,2.000000,0.000000,-0.690000,1.000000
2243.687988,7.000000,7.000000,-1.150000,2.000000,2.000000,0.000000,-0.690000,1.000000
2243.693115,16.000000,16.000000,-1.160000,0.000000,2.000000,0.000000,-0.680000,1.000000
2243.697998,27.000000,27.000000,-1.200000,0.000000,2.000000,0.000000,-0.680000,1.000000
2243.702881,27.000000,27.000000,-1.200000,0.000000,2.000000,0.000000,-1.150000,1.000000
2243.708008,-10.000000,-10.000000,-1.180000,0.000000,2.000000,0.000000,-1.150000,1.000000
2243.712891,-8.000000,-8.000000,-1.190000,0.000000,2.000000,0.000000,-1.140000,1.000000
2243.718018,2.000000,2.000000,-1.280000,0.000000,2.000000,0.000000,-1.140000,1.000000
2243.722900,-2.000000,-2.000000,-1.330000,2.000000,2.000000,0.000000,-1.140000,1.000000
2243.728027,-27.000000,-27.000000,-1.220000,2.000000,2.000000,0.000000,-1.140000,1.000000
2243.732910,-39.000000,-39.000000,-1.130000,0.000000,0.000000,0.000000,-0.680000,1.000000
2243.738037,2.000000,2.000000,-1.110000,0.000000,0.000000,0.000000,-0.680000,1.000000
2243.742920,12.000000,12.000000,-1.110000,0.000000,0.000000,0.000000,-1.600000,1.000000
2243.748047,-54.000000,-54.000000,-1.090000,0.000000,0.000000,0.000000,-1.600000,1.000000
2243.752930,-57.000000,-57.000000,-1.040000,0.000000,2.000000,0.000000,-1.600000,1.000000
2243.758057,-50.000000,-50.000000,-1.040000,0.000000,2.000000,0.000000,-1.600000,1.000000
2243.762939,-45.000000,-45.000000,-1.060000,0.000000,0.000000,0.000000,-1.140000,1.000000
2243.768066,-19.000000,-19.000000,-1.010000,0.000000,0.000000,0.000000,-1.140000,1.000000
2243.772949,-21.000000,-21.000000,-0.970000,0.000000,0.000000,0.000000,-1.600000,1.000000
2243.778076,-52.000000,-52.000000,-0.890000,0.000000,0.000000,0.000000,-1.600000,1.000000
2243.782959,-41.000000,-41.000000,-0.930000,0.000000,0.000000,0.000000,-1.600000,1.000000
2243.788086,-35.000000,-35.000000,-1.000000,0.000000,0.000000,0.000000,-1.600000,1.000000
2243.792969,-43.000000,-43.000000,-0.970000,0.000000,0.000000,0.000000,-1.600000,1.000000
2243.798096,-49.000000,-49.000000,-0.930000,0.000000,0.000000,0.000000,-1.600000,1.000000
2243.802979,-39.000000,-39.000000,-0.990000,-2.000000,0.000000,0.000000,-1.600000,1.000000
2243.808105,-36.000000,-36.000000,-1.040000,-2.000000,0.000000,0.000000,-1.600000,1.000000
2243.812988,-43.000000,-43.000000,-1.000000,-2.000000,-2.000000,0.000000,-2.070000,1.000000
2243.818115,-79.000000,-79.000000,-0.990000,-2.000000,-2.000000,0.000000,-2.070000,1.000000
2243.822998,-69.000000,-69.000000,-1.030000,-2.000000,-2.000000,0.000000,-2.530000,1.000000
2243.827881,-98.000000,-98.000000,-1.040000,-2.000000,-2.000000,0.000000,-2.530000,1.000000
2243.833008,-96.000000,-96.000000,-1.030000,0.000000,-2.000000,0.000000,-2.540000,1.000000
2243.837891,-94.000000,-94.000000,-0.950000,0.000000,-2.000000,0.000000,-2.540000,1.000000
2243.843018,-70.000000,-70.000000,-1.020000,-2.000000,-2.000000,0.000000,-2.070000,1.000000
2243.847900,1.000000,1.000000,-1.200000,-2.000000,-2.000000,0.000000,-2.070000,1.000000
2243.853027,18.000000,18.000000,-1.320000,-2.000000,-2.000000,0.000000,-2.540000,1.000000
2243.857910,-29.000000,-29.000000,-1.260000,-2.000000,-2.000000,0.000000,-2.540000,1.000000
2243.863037,-24.000000,-24.000000,-1.310000,-4.000000,-4.000000,0.000000,-2.540000,1.000000
2243.867920,6.000000,6.000000,-1.480000,-4.000000,-4.000000,0.000000,-2.540000,1.000000
2243.873047,22.000000,22.000000,-1.590000,-2.000000,-2.000000,0.000000,-3.480000,1.000000
2243.877930,-45.000000,-45.000000,-1.710000,-2.000000,-2.000000,0.000000,-3.480000,1.000000
2243.883057,-51.000000,-51.000000,-1.790000,-4.000000,-2.000000,0.000000,-2.550000,1.000000
2243.887939,5.000000,5.000000,-1.840000,-4.000000,-2.000000,0.000000,-2.550000,1.000000
2243.893066,2.000000,2.000000,-1.890000,-2.000000,0.000000,0.000000,-3.020000,1.000000
2243.897949,-43.000000,-43.000000,-1.780000,-2.000000,0.000000,0.000000,-3.020000,1.000000
2243.903076,-36.000000,-36.000000,-1.780000,-4.000000,-2.000000,0.000000,-2.090000,1.000000
2243.907959,58.000000,58.000000,-1.970000,-4.000000,-2.000000,0.000000,-2.090000,1.000000
2243.913086,66.000000,66.000000,-2.050000,0.000000,-2.000000,0.000000,-3.020000,1.000000
2243.917969,-9.000000,-9.000000,-2.070000,0.000000,-2.000000,0.000000,-3.020000,1.000000
2243.923096,-13.000000,-13.000000,-2.090000,-2.000000,-4.000000,0.000000,-2.100000,1.000000
2243.927979,65.000000,65.000000,-2.170000,-2.000000,-4.000000,0.000000,-2.100000,1.000000
2243.933105,77.000000,77.000000,-2.270000,-2.000000,-2.000000,0.000000,-3.030000,1.000000
2243.937988,14.000000,14.000000,-2.360000,-2.000000,-2.000000,0.000000,-3.030000,1.000000
2243.943115,7.000000,7.000000,-2.410000,-2.000000,-2.000000,0.000000,-2.570000,1.000000
2243.947998,33.000000,33.000000,-2.450000,-2.000000,-2.000000,0.000000,-2.570000,1.000000
2243.952881,28.000000,28.000000,-2.480000,0.000000,-2.000000,0.000000,-2.570000,1.000000
2243.958008,28.000000,28.000000,-2.520000,0.000000,-2.000000,0.000000,-2.570000,1.000000
2243.962891,24.000000,24.000000,-2.560000,0.000000,0.000000,0.000000,-2.110000,1.000000
2243.968018,46.000000,46.000000,-2.550000,0.000000,0.000000,0.000000,-2.110000,1.000000
2243.972900,37.000000,37.000000,-2.540000,0.000000,0.000000,0.000000,-1.640000,1.000000
2243.978027,65.000000,65.000000,-2.550000,0.000000,0.000000,0.000000,-1.640000,1.000000
2243.982910,60.000000,60.000000,-2.520000,0.000000,0.000000,0.000000,-1.640000,1.000000
2243.988037,57.000000,57.000000,-2.460000,0.000000,0.000000,0.000000,-1.640000,1.000000
2243.992920,64.000000,64.000000,-2.480000,2.000000,2.000000,0.000000,-1.640000,1.000000
2243.998047,75.000000,75.000000,-2.580000,2.000000,2.000000,0.000000,-1.640000,1.000000
2244.002930,67.000000,67.000000,-2.510000,2.000000,2.000000,0.000000,-0.710000,1.000000
2244.008057,131.000000,131.000000,-2.470000,2.000000,2.000000,0.000000,-0.710000,1.000000
2244.012939,141.000000,141.000000,-2.560000,2.000000,0.000000,0.000000,-0.710000,1.000000
2244.018066,152.000000,152.000000,-2.710000,2.000000,0.000000,0.000000,-0.710000,1.000000
2244.022949,136.000000,136.000000,-2.700000,2.000000,2.000000,0.000000,-1.170000,1.000000
2244.028076,82.000000,82.000000,-2.610000,2.000000,2.000000,0.000000,-1.170000,1.000000
2244.032959,71.000000,71.000000,-2.600000,2.000000,2.000000,0.000000,-0.710000,1.000000
2244.038086,111.000000,111.000000,-2.730000,2.000000,2.000000,0.000000,-0.710000,1.000000
2244.042969,99.000000,99.000000,-2.800000,4.000000,6.000000,0.000000,-0.700000,1.000000
2244.048096,52.000000,52.000000,-2.710000,4.000000,6.000000,0.000000,-0.700000,1.000000
2244.052979,-13.000000,-13.000000,-2.470000,4.000000,4.000000,0.000000,0.690000,1.000000
2244.058105,64.000000,64.000000,-2.320000,4.000000,4.000000,0.000000,0.690000,1.000000
2244.062988,61.000000,61.000000,-2.210000,4.000000,4.000000,0.000000,0.240000,1.000000
2244.068115,33.000000,33.000000,-2.130000,4.000000,4.000000,0.000000,0.240000,1.000000
2244.072998,9.000000,9.000000,-1.920000,4.000000,4.000000,0.000000,0.240000,1.000000
2244.077881,8.000000,8.000000,-1.840000,4.000000,4.000000,0.000000,0.240000,1.000000
2244.083008,10.000000,10.000000,-1.710000,4.000000,4.000000,0.000000,0.240000,1.000000
2244.087891,-2.000000,-2.000000,-1.490000,4.000000,4.000000,0.000000,0.240000,1.000000
2244.093018,-7.000000,-7.000000,-1.320000,2.000000,4.000000,0.000000,0.250000,1.000000
2244.097900,7.000000,7.000000,-1.200000,2.000000,4.000000,0.000000,0.250000,1.000000
2244.103027,28.000000,28.000000,-1.170000,2.000000,4.000000,0.000000,-0.210000,1.000000
2244.107910,4.000000,4.000000,-1.120000,2.000000,4.000000,0.000000,-0.210000,1.000000
2244.113037,3.000000,3.000000,-1.010000,2.000000,2.000000,0.000000,-0.210000,1.000000
2244.117920,19.000000,19.000000,-1.030000,2.000000,2.000000,0.000000,-0.210000,1.000000
2244.123047,30.000000,30.000000,-1.050000,2.000000,2.000000,0.000000,-0.670000,1.000000
2244.127930,-13.000000,-13.000000,-0.970000,2.000000,2.000000,0.000000,-0.670000,1.000000
2244.133057,-17.000000,-17.000000,-0.930000,2.000000,2.000000,0.000000,-0.670000,1.000000
2244.137939,-1.000000,-1.000000,-1.010000,2.000000,2.000000,0.000000,-0.670000,1.000000
2244.143066,2.000000,2.000000,-1.050000,2.000000,2.000000,0.000000,-0.660000,1.000000
2244.147949,-23.000000,-23.000000,-0.930000,2.000000,2.000000,0.000000,-0.660000,1.000000
2244.153076,-39.000000,-39.000000,-0.830000,0.000000,0.000000,0.000000,-0.660000,1.000000
2244.157959,-30.000000,-30.000000,-0.800000,0.000000,0.000000,0.000000,-0.660000,1.000000
2244.163086,-16.000000,-16.000000,-0.820000,0.000000,2.000000,0.000000,-1.590000,1.000000
2244.167969,-80.000000,-80.000000,-0.800000,0.000000,2.000000,0.000000,-1.590000,1.000000
2244.173096,-87.000000,-87.000000,-0.730000,0.000000,0.000000,0.000000,-1.120000,1.000000
2244.177979,-53.000000,-53.000000,-0.680000,0.000000,0.000000,0.000000,-1.120000,1.000000
2244.183105,-38.000000,-38.000000,-0.700000,0.000000,0.000000,0.000000,-1.590000,1.000000
2244.187988,-57.000000,-57.000000,-0.770000,0.000000,0.000000,0.000000,-1.590000,1.000000
2244.193115,-62.000000,-62.000000,-0.760000,0.000000,0.000000,0.000000,-1.590000,1.000000
2244.197998,-73.000000,-73.000000,-0.690000,0.000000,0.000000,0.000000,-1.590000,1.000000
2244.202881,-71.000000,-71.000000,-0.690000,0.000000,-2.000000,0.000000,-1.590000,1.000000
2244.208008,-67.000000,-67.000000,-0.720000,0.000000,-2.000000,0.000000,-1.590000,1.000000
2244.212891,-72.000000,-72.000000,-0.680000,-2.000000,-2.000000,0.000000,-2.050000,1.000000
2244.218018,-118.000000,-118.000000,-0.530000,-2.000000,-2.000000,0.000000,-2.050000,1.000000
2244.222900,-108.000000,-108.000000,-0.580000,-2.000000,-2.000000,0.000000,-2.520000,1.000000
2244.228027,-136.000000,-136.000000,-0.600000,-2.000000,-2.000000,0.000000,-2.520000,1.000000
2244.232910,-141.000000,-141.000000,-0.500000,0.000000,0.000000,0.000000,-2.520000,1.000000
2244.238037,-148.000000,-148.000000,-0.310000,0.000000,0.000000,0.000000,-2.520000,1.000000
2244.242920,-111.000000,-111.000000,-0.410000,-2.000000,-4.000000,0.000000,-1.590000,1.000000
2244.248047,-5.000000,-5.000000,-0.530000,-2.000000,-4.000000,0.000000,-1.590000,1.000000
2244.252930,20.000000,20.000000,-0.640000,-2.000000,-4.000000,0.000000,-2.990000,1.000000
2244.258057,-82.000000,-82.000000,-0.590000,-2.000000,-4.000000,0.000000,-2.990000,1.000000
2244.262939,-65.000000,-65.000000,-0.700000,-4.000000,-4.000000,0.000000,-2.990000,1.000000
2244.268066,-34.000000,-34.000000,-0.900000,-4.000000,-4.000000,0.000000,-2.990000,1.000000
2244.272949,-11.000000,-11.000000,-1.050000,-2.000000,-4.000000,0.000000,-3.460000,1.000000
2244.278076,-38.000000,-38.000000,-1.210000,-2.000000,-4.000000,0.000000,-3.460000,1.000000
2244.282959,-42.000000,-42.000000,-1.300000,-4.000000,-6.000000,0.000000,-3.000000,1.000000
2244.288086,-7.000000,-7.000000,-1.460000,-4.000000,-6.000000,0.000000,-3.000000,1.000000
2244.292969,0.000000,0.000000,-1.590000,-4.000000,-4.000000,0.000000,-3.930000,1.000000
2244.298096,-74.000000,-74.000000,-1.620000,-4.000000,-4.000000,0.000000,-3.930000,1.000000
2244.302979,-78.000000,-78.000000,-1.680000,-2.000000,-4.000000,0.000000,-3.480000,1.000000
2244.308105,-37.000000,-37.000000,-1.790000,-2.000000,-4.000000,0.000000,-3.480000,1.000000
2244.312988,-31.000000,-31.000000,-1.860000,-2.000000,-2.000000,0.000000,-3.020000,1.000000
2244.318115,-9.000000,-9.000000,-1.790000,-2.000000,-2.000000,0.000000,-3.020000,1.000000
2244.322998,0.000000,0.000000,-1.830000,-2.000000,-4.000000,0.000000,-2.550000,1.000000
2244.327881,66.000000,66.000000,-2.020000,-2.000000,-4.000000,0.000000,-2.550000,1.000000
2244.333008,82.000000,82.000000,-2.080000,-4.000000,-4.000000,0.000000,-3.020000,1.000000
2244.337891,58.000000,58.000000,-2.260000,-4.000000,-4.000000,0.000000,-3.020000,1.000000
2244.343018,60.000000,60.000000,-2.390000,-4.000000,-4.000000,0.000000,-3.490000,1.000000
2244.347900,17.000000,17.000000,-2.460000,-4.000000,-4.000000,0.000000,-3.490000,1.000000
2244.353027,10.000000,10.000000,-2.570000,-2.000000,-2.000000,0.000000,-3.490000,1.000000
2244.357910,10.000000,10.000000,-2.750000,-2.000000,-2.000000,0.000000,-3.490000,1.000000
2244.363037,-12.000000,-12.000000,-2.740000,0.000000,0.000000,0.000000,-2.570000,1.000000
2244.367920,30.000000,30.000000,-2.690000,0.000000,0.000000,0.000000,-2.570000,1.000000
2244.373047,20.000000,20.000000,-2.730000,0.000000,0.000000,0.000000,-1.640000,1.000000
2244.377930,75.000000,75.000000,-2.720000,0.000000,0.000000,0.000000,-1.640000,1.000000
2244.383057,60.000000,60.000000,-2.630000,0.000000,-2.000000,0.000000,-1.640000,1.000000
2244.387939,58.000000,58.000000,-2.610000,0.000000,-2.000000,0.000000,-1.640000,1.000000
2244.393066,61.000000,61.000000,-2.570000,0.000000,0.000000,0.000000,-2.110000,1.000000
2244.397949,36.000000,36.000000,-2.570000,0.000000,0.000000,0.000000,-2.110000,1.000000
2244.403076,40.000000,40.000000,-2.580000,2.000000,0.000000,0.000000,-1.640000,1.000000
2244.407959,40.000000,40.000000,-2.510000,2.000000,0.000000,0.000000,-1.640000,1.000000
2244.413086,77.000000,77.000000,-2.560000,0.000000,0.000000,0.000000,-1.180000,1.000000
2244.417969,77.000000,77.000000,-2.620000,0.000000,0.000000,0.000000,-1.180000,1.000000
2244.423096,113.000000,113.000000,-2.590000,2.000000,2.000000,0.000000,-1.640000,1.000000
2244.427979,103.000000,103.000000,-2.530000,2.000000,2.000000,0.000000,-1.640000,1.000000
2244.433105,53.000000,53.000000,-2.520000,2.000000,2.000000,0.000000,-0.710000,1.000000
2244.437988,48.000000,48.000000,-2.700000,2.000000,2.000000,0.000000,-0.710000,1.000000
2244.443115,131.000000,131.000000,-2.710000,4.000000,4.000000,0.000000,-0.710000,1.000000
2244.447998,120.000000,120.000000,-2.520000,4.000000,4.000000,0.000000,-0.710000,1.000000
2244.452881,73.000000,73.000000,-2.460000,2.000000,4.000000,0.000000,0.220000,1.000000
2244.458008,54.000000,54.000000,-2.600000,2.000000,4.000000,0.000000,0.220000,1.000000
2244.462891,133.000000,133.000000,-2.470000,4.000000,4.000000,0.000000,-0.240000,1.000000
2244.468018,101.000000,101.000000,-2.290000,4.000000,4.000000,0.000000,-0.240000,1.000000
2244.472900,16.000000,16.000000,-1.990000,4.000000,4.000000,0.000000,0.230000,1.000000
2244.478027,-34.000000,-34.000000,-1.910000,4.000000,4.000000,0.000000,0.230000,1.000000
2244.482910,1.000000,1.000000,-1.710000,4.000000,6.000000,0.000000,0.240000,1.000000
2244.488037,2.000000,2.000000,-1.560000,4.000000,6.000000,0.000000,0.240000,1.000000
2244.492920,0.000000,0.000000,-1.400000,4.000000,4.000000,0.000000,0.710000,1.000000
2244.498047,-21.000000,-21.000000,-1.160000,4.000000,4.000000,0.000000,0.710000,1.000000
2244.502930,-5.000000,-5.000000,-0.970000,2.000000,4.000000,0.000000,0.250000,1.000000
2244.508057,4.000000,4.000000,-0.930000,2.000000,4.000000,0.000000,0.250000,1.000000
2244.512939,1.000000,1.000000,-0.900000,2.000000,2.000000,0.000000,-0.210000,1.000000
2244.518066,24.000000,24.000000,-0.850000,2.000000,2.000000,0.000000,-0.210000,1.000000
2244.522949,-3.000000,-3.000000,-0.800000,2.000000,2.000000,0.000000,-0.670000,1.000000
2244.528076,-1.000000,-1.000000,-0.760000,2.000000,2.000000,0.000000,-0.670000,1.000000
2244.532959,-26.000000,-26.000000,-0.790000,0.000000,2.000000,0.000000,-0.670000,1.000000
2244.538086,-11.000000,-11.000000,-0.830000,0.000000,2.000000,0.000000,-0.670000,1.000000
2244.542969,-1.000000,-1.000000,-0.830000,0.000000,0.000000,0.000000,-1.130000,1.000000
2244.548096,-2.000000,-2.000000,-0.840000,0.000000,0.000000,0.000000,-1.130000,1.000000
2244.552979,-33.000000,-33.000000,-0.870000,0.000000,0.000000,0.000000,-1.600000,1.000000
2244.558105,-31.000000,-31.000000,-0.880000,0.000000,0.000000,0.000000,-1.600000,1.000000
2244.562988,-63.000000,-63.000000,-0.890000,0.000000,0.000000,0.000000,-1.600000,1.000000
2244.568115,-63.000000,-63.000000,-0.900000,0.000000,0.000000,0.000000,-1.600000,1.000000
2244.572998,-63.000000,-63.000000,-0.900000,0.000000,0.000000,0.000000,-1.600000,1.000000
2244.577881,-64.000000,-64.000000,-0.780000,0.000000,0.000000,0.000000,-1.600000,1.000000
2244.583008,-74.000000,-74.000000,-0.810000,0.000000,-2.000000,0.000000,-1.600000,1.000000
2244.587891,-69.000000,-69.000000,-0.860000,0.000000,-2.000000,0.000000,-1.600000,1.000000
2244.593018,-65.000000,-65.000000,-0.790000,-2.000000,-2.000000,0.000000,-2.060000,1.000000
2244.597900,-73.000000,-73.000000,-0.640000,-2.000000,-2.000000,0.000000,-2.060000,1.000000
2244.603027,-121.000000,-121.000000,-0.660000,-2.000000,-2.000000,0.000000,-2.530000,1.000000
2244.607910,-112.000000,-112.000000,-0.620000,-2.000000,-2.000000,0.000000,-2.530000,1.000000
2244.613037,-137.000000,-137.000000,-0.600000,-2.000000,-2.000000,0.000000,-2.530000,1.000000
2244.617920,-125.000000,-125.000000,-0.460000,-2.000000,-2.000000,0.000000,-2.530000,1.000000
2244.623047,-123.000000,-123.000000,-0.470000,-4.000000,-4.000000,0.000000,-2.530000,1.000000
2244.627930,-99.000000,-99.000000,-0.660000,-4.000000,-4.000000,0.000000,-2.530000,1.000000
2244.633057,-45.000000,-45.000000,-0.810000,-4.000000,-4.000000,0.000000,-3.470000,1.000000
2244.637939,-7.000000,-7.000000,-0.840000,-4.000000,-4.000000,0.000000,-3.470000,1.000000
2244.643066,-67.000000,-67.000000,-0.940000,-6.000000,-4.000000,0.000000,-3.470000,1.000000
2244.647949,-52.000000,-52.000000,-1.190000,-6.000000,-4.000000,0.000000,-3.470000,1.000000
2244.653076,-17.000000,-17.000000,-1.420000,-4.000000,-4.000000,0.000000,-3.940000,1.000000
2244.657959,12.000000,12.000000,-1.550000,-4.000000,-4.000000,0.000000,-3.940000,1.000000
2244.663086,-25.000000,-25.000000,-1.750000,-4.000000,-4.000000,0.000000,-3.480000,1.000000
2244.667969,-25.000000,-25.000000,-1.880000,-4.000000,-4.000000,0.000000,-3.480000,1.000000
2244.673096,-3.000000,-3.000000,-1.970000,-2.000000,-4.000000,0.000000,-3.490000,1.000000
2244.677979,-7.000000,-7.000000,-2.030000,-2.000000,-4.000000,0.000000,-3.490000,1.000000
2244.683105,-11.000000,-11.000000,-2.130000,-4.000000,-4.000000,0.000000,-3.030000,1.000000
2244.687988,-9.000000,-9.000000,-2.240000,-4.000000,-4.000000,0.000000,-3.030000,1.000000
2244.693115,25.000000,25.000000,-2.330000,-2.000000,-2.000000,0.000000,-3.500000,1.000000
2244.697998,22.000000,22.000000,-2.380000,-2.000000,-2.000000,0.000000,-3.500000,1.000000
2244.702881,-20.000000,-20.000000,-2.430000,-2.000000,-2.000000,0.000000,-2.570000,1.000000
2244.708008,-27.000000,-27.000000,-2.460000,-2.000000,-2.000000,0.000000,-2.570000,1.000000
2244.712891,33.000000,33.000000,-2.490000,0.000000,-2.000000,0.000000,-2.570000,1.000000
2244.718018,31.000000,31.000000,-2.440000,0.000000,-2.000000,0.000000,-2.570000,1.000000
2244.722900,22.000000,22.000000,-2.450000,-2.000000,-2.000000,0.000000,-2.110000,1.000000
2244.728027,24.000000,24.000000,-2.530000,-2.000000,-2.000000,0.000000,-2.110000,1.000000
2244.732910,69.000000,69.000000,-2.580000,-2.000000,-2.000000,0.000000,-2.580000,1.000000
2244.738037,76.000000,76.000000,-2.620000,-2.000000,-2.000000,0.000000,-2.580000,1.000000
2244.742920,42.000000,42.000000,-2.680000,0.000000,0.000000,0.000000,-2.580000,1.000000
2244.748047,36.000000,36.000000,-2.650000,0.000000,0.000000,0.000000,-2.580000,1.000000
2244.752930,21.000000,21.000000,-2.630000,0.000000,0.000000,0.000000,-1.650000,1.000000
2244.758057,8.000000,8.000000,-2.610000,0.000000,0.000000,0.000000,-1.650000,1.000000
2244.762939,69.000000,69.000000,-2.570000,2.000000,0.000000,0.000000,-1.650000,1.000000
2244.768066,69.000000,69.000000,-2.560000,2.000000,0.000000,0.000000,-1.650000,1.000000
2244.772949,76.000000,76.000000,-2.630000,0.000000,0.000000,0.000000,-1.190000,1.000000
2244.778076,84.000000,84.000000,-2.690000,0.000000,0.000000,0.000000,-1.190000,1.000000
2244.782959,120.000000,120.000000,-2.630000,2.000000,2.000000,0.000000,-1.650000,1.000000
2244.788086,109.000000,109.000000,-2.610000,2.000000,2.000000,0.000000,-1.650000,1.000000
2244.792969,78.000000,78.000000,-2.760000,2.000000,2.000000,0.000000,-0.720000,1.000000
2244.798096,92.000000,92.000000,-2.990000,2.000000,2.000000,0.000000,-0.720000,1.000000
2244.802979,166.000000,166.000000,-2.910000,2.000000,4.000000,0.000000,-0.720000,1.000000
2244.808105,123.000000,123.000000,-2.660000,2.000000,4.000000,0.000000,-0.720000,1.000000
2244.812988,71.000000,71.000000,-2.620000,4.000000,2.000000,0.000000,-0.250000,1.000000
2244.818115,63.000000,63.000000,-2.830000,4.000000,2.000000,0.000000,-0.250000,1.000000
2244.822998,119.000000,119.000000,-2.750000,6.000000,4.000000,0.000000,-0.250000,1.000000
2244.827881,84.000000,84.000000,-2.510000,6.000000,4.000000,0.000000,-0.250000,1.000000
2244.833008,12.000000,12.000000,-2.210000,4.000000,4.000000,0.000000,0.690000,1.000000
2244.837891,-32.000000,-32.000000,-2.110000,4.000000,4.000000,0.000000,0.690000,1.000000
2244.843018,42.000000,42.000000,-2.000000,4.000000,4.000000,0.000000,0.230000,1.000000
2244.847900,54.000000,54.000000,-1.890000,4.000000,4.000000,0.000000,0.230000,1.000000
2244.853027,39.000000,39.000000,-1.770000,6.000000,2.000000,0.000000,0.230000,1.000000
2244.857910,27.000000,27.000000,-1.620000,6.000000,2.000000,0.000000,0.230000,1.000000
2244.863037,9.000000,9.000000,-1.450000,4.000000,4.000000,0.000000,0.240000,1.000000
2244.867920,2.000000,2.000000,-1.290000,4.000000,4.000000,0.000000,0.240000,1.000000
2244.873047,4.000000,4.000000,-1.200000,2.000000,2.000000,0.000000,0.240000,1.000000
2244.877930,11.000000,11.000000,-1.070000,2.000000,2.000000,0.000000,0.240000,1.000000
2244.883057,18.000000,18.000000,-1.020000,2.000000,2.000000,0.000000,-0.680000,1.000000
2244.887939,33.000000,33.000000,-1.020000,2.000000,2.000000,0.000000,-0.680000,1.000000
2244.893066,-15.000000,-15.000000,-1.000000,2.000000,2.000000,0.000000,-0.680000,1.000000
2244.897949,-6.000000,-6.000000,-1.090000,2.000000,2.000000,0.000000,-0.680000,1.000000
2244.903076,4.000000,4.000000,-1.130000,2.000000,2.000000,0.000000,-0.680000,1.000000
2244.907959,-2.000000,-2.000000,-1.000000,2.000000,2.000000,0.000000,-0.680000,1.000000
2244.913086,-27.000000,-27.000000,-0.920000,2.000000,2.000000,0.000000,-0.680000,1.000000
2244.917969,-37.000000,-37.000000,-0.880000,2.000000,2.000000,0.000000,-0.680000,1.000000
2244.923096,-30.000000,-30.000000,-0.850000,0.000000,0.000000,0.000000,-0.670000,1.000000
2244.927979,-22.000000,-22.000000,-0.850000,0.000000,0.000000,0.000000,-0.670000,1.000000
2244.933105,-21.000000,-21.000000,-0.790000,0.000000,2.000000,0.000000,-1.600000,1.000000
2244.937988,-24.000000,-24.000000,-0.690000,0.000000,2.000000,0.000000,-1.600000,1.000000
2244.943115,-90.000000,-90.000000,-0.710000,0.000000,0.000000,0.000000,-1.140000,1.000000
2244.947998,-76.000000,-76.000000,-0.790000,0.000000,0.000000,0.000000,-1.140000,1.000000
2244.952881,-26.000000,-26.000000,-0.770000,0.000000,0.000000,0.000000,-1.600000,1.000000
2244.958008,-30.000000,-30.000000,-0.710000,0.000000,0.000000,0.000000,-1.600000,1.000000
2244.962891,-73.000000,-73.000000,-0.720000,0.000000,-2.000000,0.000000,-1.600000,1.000000
2244.968018,-65.000000,-65.000000,-0.790000,0.000000,-2.000000,0.000000,-1.600000,1.000000
2244.972900,-57.000000,-57.000000,-0.730000,0.000000,-2.000000,0.000000,-2.060000,1.000000
2244.978027,-65.000000,-65.000000,-0.670000,0.000000,-2.000000,0.000000,-2.060000,1.000000
2244.982910,-106.000000,-106.000000,-0.690000,-2.000000,-2.000000,0.000000,-2.070000,1.000000
2244.988037,-96.000000,-96.000000,-0.680000,-2.000000,-2.000000,0.000000,-2.070000,1.000000
2244.992920,-88.000000,-88.000000,-0.680000,0.000000,-2.000000,0.000000,-2.530000,1.000000
2244.998047,-78.000000,-78.000000,-0.590000,0.000000,-2.000000,0.000000,-2.530000,1.000000
2245.002930,-108.000000,-108.000000,-0.640000,-4.000000,-4.000000,0.000000,-2.070000,1.000000
2245.008057,-91.000000,-91.000000,-0.830000,-4.000000,-4.000000,0.000000,-2.070000,1.000000
2245.012939,-13.000000,-13.000000,-1.000000,-2.000000,-4.000000,0.000000,-3.470000,1.000000
2245.018066,17.000000,17.000000,-0.960000,-2.000000,-4.000000,0.000000,-3.470000,1.000000
2245.022949,-92.000000,-92.000000,-1.020000,-4.000000,-4.000000,0.000000,-3.010000,1.000000
2245.028076,-87.000000,-87.000000,-1.220000,-4.000000,-4.000000,0.000000,-3.010000,1.000000
2245.032959,-21.000000,-21.000000,-1.360000,-2.000000,-4.000000,0.000000,-3.470000,1.000000
2245.038086,-1.000000,-1.000000,-1.330000,-2.000000,-4.000000,0.000000,-3.470000,1.000000
2245.042969,-50.000000,-50.000000,-1.420000,-4.000000,-6.000000,0.000000,-3.010000,1.000000
2245.048096,-49.000000,-49.000000,-1.590000,-4.000000,-6.000000,0.000000,-3.010000,1.000000
2245.052979,8.000000,8.000000,-1.740000,-4.000000,-2.000000,0.000000,-3.950000,1.000000
2245.058105,29.000000,29.000000,-1.830000,-4.000000,-2.000000,0.000000,-3.950000,1.000000
2245.062988,-39.000000,-39.000000,-1.970000,-2.000000,-2.000000,0.000000,-3.020000,1.000000
2245.068115,-37.000000,-37.000000,-2.050000,-2.000000,-2.000000,0.000000,-3.020000,1.000000
2245.072998,22.000000,22.000000,-2.100000,-4.000000,-4.000000,0.000000,-2.560000,1.000000
2245.077881,18.000000,18.000000,-2.130000,-4.000000,-4.000000,0.000000,-2.560000,1.000000
2245.083008,48.000000,48.000000,-2.190000,-4.000000,-2.000000,0.000000,-3.490000,1.000000
2245.087891,54.000000,54.000000,-2.330000,-4.000000,-2.000000,0.000000,-3.490000,1.000000
2245.093018,2.000000,2.000000,-2.410000,-2.000000,-2.000000,0.000000,-3.030000,1.000000
2245.097900,4.000000,4.000000,-2.540000,-2.000000,-2.000000,0.000000,-3.030000,1.000000
2245.103027,34.000000,34.000000,-2.630000,-2.000000,0.000000,0.000000,-2.570000,1.000000
2245.107910,24.000000,24.000000,-2.560000,-2.000000,0.000000,0.000000,-2.570000,1.000000
2245.113037,33.000000,33.000000,-2.620000,0.000000,-2.000000,0.000000,-2.110000,1.000000
2245.117920,24.000000,24.000000,-2.640000,0.000000,-2.000000,0.000000,-2.110000,1.000000
2245.123047,49.000000,49.000000,-2.560000,0.000000,0.000000,0.000000,-2.110000,1.000000
2245.127930,31.000000,31.000000,-2.510000,0.000000,0.000000,0.000000,-2.110000,1.000000
2245.133057,21.000000,21.000000,-2.490000,0.000000,0.000000,0.000000,-1.650000,1.000000
2245.137939,20.000000,20.000000,-2.470000,0.000000,0.000000,0.000000,-1.650000,1.000000
2245.143066,56.000000,56.000000,-2.440000,0.000000,2.000000,0.000000,-1.650000,1.000000
2245.147949,59.000000,59.000000,-2.410000,0.000000,2.000000,0.000000,-1.650000,1.000000
2245.153076,63.000000,63.000000,-2.450000,2.000000,2.000000,0.000000,-1.180000,1.000000
2245.157959,71.000000,71.000000,-2.560000,2.000000,2.000000,0.000000,-1.180000,1.000000
2245.163086,113.000000,113.000000,-2.540000,2.000000,2.000000,0.000000,-0.720000,1.000000
2245.167969,107.000000,107.000000,-2.520000,2.000000,2.000000,0.000000,-0.720000,1.000000
2245.173096,131.000000,131.000000,-2.570000,0.000000,2.000000,0.000000,-0.710000,1.000000
2245.177979,129.000000,129.000000,-2.770000,0.000000,2.000000,0.000000,-0.710000,1.000000
2245.183105,139.000000,139.000000,-2.660000,2.000000,4.000000,0.000000,-1.180000,1.000000
2245.187988,106.000000,106.000000,-2.490000,2.000000,4.000000,0.000000,-1.180000,1.000000
2245.193115,33.000000,33.000000,-2.470000,2.000000,4.000000,0.000000,-0.250000,1.000000
2245.197998,25.000000,25.000000,-2.580000,2.000000,4.000000,0.000000,-0.250000,1.000000
2245.202881,98.000000,98.000000,-2.540000,4.000000,4.000000,0.000000,-0.240000,1.000000
2245.208008,75.000000,75.000000,-2.250000,4.000000,4.000000,0.000000,-0.240000,1.000000
2245.212891,18.000000,18.000000,-2.010000,2.000000,4.000000,0.000000,0.230000,1.000000
2245.218018,-16.000000,-16.000000,-1.900000,2.000000,4.000000,0.000000,0.230000,1.000000
2245.222900,28.000000,28.000000,-1.870000,4.000000,4.000000,0.000000,-0.230000,1.000000
2245.228027,46.000000,46.000000,-1.730000,4.000000,4.000000,0.000000,-0.230000,1.000000
2245.232910,3.000000,3.000000,-1.540000,2.000000,4.000000,0.000000,0.240000,1.000000
2245.238037,-25.000000,-25.000000,-1.370000,2.000000,4.000000,0.000000,0.240000,1.000000
2245.242920,3.000000,3.000000,-1.290000,4.000000,2.000000,0.000000,-0.230000,1.000000
2245.248047,18.000000,18.000000,-1.230000,4.000000,2.000000,0.000000,-0.230000,1.000000
2245.252930,-4.000000,-4.000000,-1.120000,4.000000,2.000000,0.000000,-0.220000,1.000000
2245.258057,-11.000000,-11.000000,-1.040000,4.000000,2.000000,0.000000,-0.220000,1.000000
2245.262939,-11.000000,-11.000000,-1.010000,2.000000,2.000000,0.000000,-0.220000,1.000000
2245.268066,2.000000,2.000000,-1.000000,2.000000,2.000000,0.000000,-0.220000,1.000000
2245.272949,14.000000,14.000000,-0.990000,2.000000,2.000000,0.000000,-0.680000,1.000000
2245.278076,18.000000,18.000000,-0.950000,2.000000,2.000000,0.000000,-0.680000,1.000000
2245.282959,-14.000000,-14.000000,-0.940000,2.000000,2.000000,0.000000,-0.680000,1.000000
2245.288086,-8.000000,-8.000000,-0.970000,2.000000,2.000000,0.000000,-0.680000,1.000000
2245.292969,-2.000000,-2.000000,-0.970000,2.000000,2.000000,0.000000,-0.670000,1.000000
2245.298096,-2.000000,-2.000000,-0.940000,2.000000,2.000000,0.000000,-0.670000,1.000000
2245.302979,-4.000000,-4.000000,-0.940000,0.000000,0.000000,0.000000,-0.670000,1.000000
2245.308105,1.000000,1.000000,-0.970000,0.000000,0.000000,0.000000,-0.670000,1.000000
2245.312988,9.000000,9.000000,-0.980000,0.000000,0.000000,0.000000,-1.600000,1.000000
2245.318115,10.000000,10.000000,-0.970000,0.000000,0.000000,0.000000,-1.600000,1.000000
2245.322998,-58.000000,-58.000000,-0.980000,0.000000,0.000000,0.000000,-1.600000,1.000000
2245.327881,-59.000000,-59.000000,-0.970000,0.000000,0.000000,0.000000,-1.600000,1.000000
2245.333008,-62.000000,-62.000000,-0.930000,0.000000,0.000000,0.000000,-1.600000,1.000000
2245.337891,-69.000000,-69.000000,-0.840000,0.000000,0.000000,0.000000,-1.600000,1.000000
2245.343018,-75.000000,-75.000000,-0.820000,0.000000,0.000000,0.000000,-1.600000,1.000000
2245.347900,-69.000000,-69.000000,-0.880000,0.000000,0.000000,0.000000,-1.600000,1.000000
2245.353027,-62.000000,-62.000000,-0.800000,0.000000,0.000000,0.000000,-1.600000,1.000000
2245.357910,-68.000000,-68.000000,-0.700000,0.000000,0.000000,0.000000,-1.600000,1.000000
2245.363037,-78.000000,-78.000000,-0.720000,-2.000000,-4.000000,0.000000,-1.600000,1.000000
2245.367920,-68.000000,-68.000000,-0.740000,-2.000000,-4.000000,0.000000,-1.600000,1.000000
2245.373047,-58.000000,-58.000000,-0.690000,-2.000000,-2.000000,0.000000,-2.990000,1.000000
2245.377930,-50.000000,-50.000000,-0.640000,-2.000000,-2.000000,0.000000,-2.990000,1.000000
2245.383057,-139.000000,-139.000000,-0.740000,-2.000000,-4.000000,0.000000,-2.530000,1.000000
2245.387939,-115.000000,-115.000000,-0.890000,-2.000000,-4.000000,0.000000,-2.530000,1.000000
2245.393066,-45.000000,-45.000000,-1.050000,-2.000000,-2.000000,0.000000,-3.000000,1.000000
2245.397949,-20.000000,-20.000000,-0.910000,-2.000000,-2.000000,0.000000,-3.000000,1.000000
2245.403076,-68.000000,-68.000000,-1.040000,-4.000000,-4.000000,0.000000,-2.540000,1.000000
2245.407959,-49.000000,-49.000000,-1.230000,-4.000000,-4.000000,0.000000,-2.540000,1.000000
2245.413086,23.000000,23.000000,-1.380000,-2.000000,-2.000000,0.000000,-3.470000,1.000000
2245.417969,43.000000,43.000000,-1.540000,-2.000000,-2.000000,0.000000,-3.470000,1.000000
2245.423096,-22.000000,-22.000000,-1.660000,-4.000000,-4.000000,0.000000,-2.550000,1.000000
2245.427979,-21.000000,-21.000000,-1.830000,-4.000000,-4.000000,0.000000,-2.550000,1.000000
2245.433105,47.000000,47.000000,-1.940000,-4.000000,-2.000000,0.000000,-3.480000,1.000000
2245.437988,40.000000,40.000000,-1.990000,-4.000000,-2.000000,0.000000,-3.480000,1.000000
2245.443115,-39.000000,-39.000000,-2.010000,-2.000000,-2.000000,0.000000,-3.020000,1.000000
2245.447998,-43.000000,-43.000000,-2.110000,-2.000000,-2.000000,0.000000,-3.020000,1.000000
2245.452881,-5.000000,-5.000000,-2.180000,-2.000000,-2.000000,0.000000,-2.560000,1.000000
2245.458008,-3.000000,-3.000000,-2.180000,-2.000000,-2.000000,0.000000,-2.560000,1.000000
2245.462891,21.000000,21.000000,-2.150000,-4.000000,-4.000000,0.000000,-2.560000,1.000000
2245.468018,14.000000,14.000000,-2.240000,-4.000000,-4.000000,0.000000,-2.560000,1.000000
2245.472900,28.000000,28.000000,-2.300000,-4.000000,-2.000000,0.000000,-3.490000,1.000000
2245.478027,43.000000,43.000000,-2.390000,-4.000000,-2.000000,0.000000,-3.490000,1.000000
2245.482910,-20.000000,-20.000000,-2.470000,-2.000000,0.000000,0.000000,-3.030000,1.000000
2245.488037,-23.000000,-23.000000,-2.470000,-2.000000,0.000000,0.000000,-3.030000,1.000000
2245.492920,-3.000000,-3.000000,-2.510000,0.000000,0.000000,0.000000,-2.110000,1.000000
2245.498047,-13.000000,-13.000000,-2.450000,0.000000,0.000000,0.000000,-2.110000,1.000000
