time,pwma,pwmb,pitch,motor_a_speed,motor_b_speed,target_speed,target_angle,running_success_flag,angle_error
0,0,0,-3.13,0,0,0,0,1,3.13
0.005005,0,0,-3.09,0,0,0,0,1,3.09
0.01001,0,0,-3.04,0,0,0,0,1,3.04
0.015015,0,0,-2.98,0,0,0,0,1,2.98
0.019897,0,0,-2.93,0,0,0,0,1,2.93
0.024902,190,190,-2.88,0,0,0,0,1,2.88
0.029907,186,186,-2.81,0,0,0,0,1,2.81
0.034912,183,183,-2.95,0,0,0,0,1,2.95
0.039917,194,194,-2.78,2,2,0,0,1,2.78
0.044922,172,172,-2.65,2,2,0,0,1,2.65
0.049927,144,144,-2.33,4,4,0,0.58,1,2.91
0.054932,149,149,-2.33,4,4,0,0.58,1,2.91
0.059936,157,157,-2.42,4,4,0,1.17,1,3.59
0.064941,215,215,-2.29,4,4,0,1.17,1,3.46
0.069946,174,174,-1.89,6,4,0,1.18,1,3.07
0.074951,108,108,-1.62,6,4,0,1.18,1,2.8
0.079956,74,74,-1.37,6,6,0,1.48,1,2.85
0.084961,84,84,-1.24,6,6,0,1.48,1,2.72
0.089966,78,78,-0.99,8,8,0,1.79,1,2.78
0.094971,79,79,-0.84,8,8,0,1.79,1,2.63
0.099976,58,58,-0.43,10,8,0,2.39,1,2.82
0.10498,61,61,-0.12,10,8,0,2.39,1,2.51
0.109985,39,39,0.13,8,6,0,2.7,1,2.57
0.11499,56,56,0.24,8,6,0,2.7,1,2.46
0.119995,64,64,0.54,8,8,0,2.15,1,1.61
0.125,6,6,0.68,8,8,0,2.15,1,1.47
0.130005,6,6,0.83,6,6,0,2.46,1,1.63
0.13501,28,28,0.99,6,6,0,2.46,1,1.47
0.140015,25,25,1.09,6,6,0,1.9,1,0.81
0.144897,-16,-16,1.4,6,6,0,1.9,1,0.5
0.149902,-46,-46,1.53,6,4,0,1.92,1,0.39
0.154907,-38,-38,1.68,6,4,0,1.92,1,0.24
0.159912,-38,-38,1.62,2,4,0,1.64,1,0.0199999999999998
0.164917,-44,-44,1.7,2,4,0,1.64,1,-0.0600000000000001
0.169922,-45,-45,1.78,2,2,0,1.08,1,-0.7
0.174927,-94,-94,1.91,2,2,0,1.08,1,-0.83
0.179932,-100,-100,1.88,2,2,0,0.79,1,-1.09
0.184936,-101,-101,1.85,2,2,0,0.79,1,-1.06
0.189941,-82,-82,1.79,0,2,0,0.8,1,-0.99
0.194946,-67,-67,1.88,0,2,0,0.8,1,-1.08
0.199951,-68,-68,1.67,-2,-2,0,0.51,1,-1.16
0.204956,-64,-64,1.68,-2,-2,0,0.51,1,-1.17
0.209961,-65,-65,1.57,-2,-2,0,-0.36,1,-1.93
0.214966,-123,-123,1.57,-2,-2,0,-0.36,1,-1.93
0.219971,-122,-122,1.46,-2,-2,0,-0.36,1,-1.82
0.224976,-114,-114,1.42,-2,-2,0,-0.36,1,-1.78
0.22998,-114,-114,1.42,-2,-2,0,-0.37,1,-1.79
0.234985,-117,-117,1.53,-2,-2,0,-0.37,1,-1.9
0.23999,-123,-123,1.4,-4,-4,0,-0.37,1,-1.77
0.244995,-95,-95,1.31,-4,-4,0,-0.37,1,-1.68
0.25,-66,-66,1.09,-2,-4,0,-0.96,1,-2.05
0.255005,-83,-83,1.07,-2,-4,0,-0.96,1,-2.03
0.26001,-80,-80,0.85,-4,-2,0,-0.68,1,-1.53
0.265015,-39,-39,0.75,-4,-2,0,-0.68,1,-1.43
0.269897,-31,-31,0.57,-4,-4,0,-0.69,1,-1.26
0.274902,-19,-19,0.48,-4,-4,0,-0.69,1,-1.17
0.279907,-14,-14,0.36,-4,-4,0,-0.99,1,-1.35
0.284912,-32,-32,0.25,-4,-4,0,-0.99,1,-1.24
0.289917,-23,-23,0.07,-4,-4,0,-1,1,-1.07
0.294922,-6,-6,-0.02,-4,-4,0,-1,1,-0.98
0.299927,-3,-3,-0.14,-4,-2,0,-1.01,1,-0.87
0.304932,1,1,-0.25,-4,-2,0,-1.01,1,-0.76
0.309936,6,6,-0.38,-4,-2,0,-0.73,1,-0.35
0.314941,34,34,-0.51,-4,-2,0,-0.73,1,-0.22
0.319946,38,38,-0.59,-2,-2,0,-0.74,1,-0.15
0.324951,34,34,-0.64,-2,-2,0,-0.74,1,-0.1
0.329956,30,30,-0.69,-2,-2,0,-0.46,1,0.23
0.334961,49,49,-0.78,-2,-2,0,-0.46,1,0.32
0.339966,52,52,-0.78,-2,0,0,-0.47,1,0.31
0.344971,43,43,-0.82,-2,0,0,-0.47,1,0.35
0.349976,38,38,-0.82,0,0,0,-0.18,1,0.64
0.35498,51,51,-0.84,0,0,0,-0.18,1,0.66
0.359985,46,46,-0.75,0,0,0,0.11,1,0.86
0.36499,57,57,-0.77,0,0,0,0.11,1,0.88
0.369995,61,61,-0.81,0,2,0,0.11,1,0.92
0.375,68,68,-0.93,0,2,0,0.11,1,1.04
0.380005,77,77,-0.84,0,2,0,0.4,1,1.24
0.38501,83,83,-0.86,0,2,0,0.4,1,1.26
0.390015,79,79,-0.89,2,2,0,0.4,1,1.29
0.394897,81,81,-1.03,2,2,0,0.4,1,1.43
0.399902,90,90,-1,2,2,0,0.7,1,1.7
0.404907,97,97,-1.05,2,2,0,0.7,1,1.75
0.409912,76,76,-0.77,4,2,0,0.7,1,1.47
0.414917,23,23,-0.66,4,2,0,0.7,1,1.36
0.419922,1,1,-0.38,4,4,0,1,1,1.38
0.424927,-4,-4,-0.33,4,4,0,1,1,1.33
0.429932,-9,-9,-0.02,2,4,0,1.3,1,1.32
0.434936,-17,-17,0.26,2,4,0,1.3,1,1.04
0.439941,-43,-43,0.47,2,4,0,1.02,1,0.55
0.444946,-69,-69,0.68,2,4,0,1.02,1,0.34
0.449951,-71,-71,0.8,2,2,0,1.03,1,0.23
0.454956,-67,-67,1.04,2,2,0,1.03,1,-0.01
0.459961,-77,-77,1.16,0,0,0,0.74,1,-0.42
0.464966,-93,-93,1.29,0,0,0,0.74,1,-0.55
0.469971,-86,-86,1.26,0,0,0,0.17,1,-1.09
0.474976,-112,-112,1.37,0,0,0,0.17,1,-1.2
0.47998,-112,-112,1.32,-2,0,0,0.17,1,-1.15
0.484985,-96,-96,1.38,-2,0,0,0.17,1,-1.21
0.48999,-94,-94,1.31,-2,-2,0,-0.12,1,-1.43
0.494995,-108,-108,1.42,-2,-2,0,-0.12,1,-1.54
0.5,-117,-117,1.35,-2,-2,0,-0.42,1,-1.77
0.505005,-126,-126,1.38,-2,-2,0,-0.42,1,-1.8
0.51001,-124,-124,1.45,-4,-4,0,-0.42,1,-1.87
0.515015,-129,-129,1.64,-4,-4,0,-0.42,1,-2.06
0.519897,-140,-140,1.59,-4,-4,0,-1.01,1,-2.6
0.524902,-156,-156,1.51,-4,-4,0,-1.01,1,-2.52
0.529907,-115,-115,1.2,-6,-4,0,-1.02,1,-2.22
0.534912,-59,-59,1.18,-6,-4,0,-1.02,1,-2.2
0.539917,-44,-44,0.89,-4,-6,0,-1.32,1,-2.21
0.544922,-29,-29,0.73,-4,-6,0,-1.32,1,-2.05
0.549927,-5,-5,0.36,-6,-6,0,-1.34,1,-1.7
0.554932,29,29,0.25,-6,-6,0,-1.34,1,-1.59
0.559936,31,31,-0.06,-6,-6,0,-1.64,1,-1.58
0.564941,28,28,-0.29,-6,-6,0,-1.64,1,-1.35
0.569946,45,45,-0.48,-4,-6,0,-1.66,1,-1.18
0.574951,55,55,-0.81,-4,-6,0,-1.66,1,-0.85
0.579956,76,76,-0.92,-4,-4,0,-1.39,1,-0.47
0.584961,98,98,-1.15,-4,-4,0,-1.39,1,-0.24
0.589966,109,109,-1.35,-2,-2,0,-1.11,1,0.24
0.594971,143,143,-1.63,-2,-2,0,-1.11,1,0.52
0.599976,160,160,-1.67,-2,0,0,-0.54,1,1.13
0.60498,194,194,-1.89,-2,0,0,-0.54,1,1.35
0.609985,204,204,-2.08,0,0,0,-0.26,1,1.82
0.61499,237,237,-2.37,0,0,0,-0.26,1,2.11
0.619995,243,243,-2.48,2,2,0,0.03,1,2.51
0.625,243,243,-2.57,2,2,0,0.03,1,2.6
0.630005,217,217,-2.36,4,4,0,0.61,1,2.97
0.63501,216,216,-2.38,4,4,0,0.61,1,2.99
0.640015,210,210,-2.5,4,4,0,1.2,1,3.7
0.644897,263,263,-2.71,4,4,0,1.2,1,3.91
0.649902,268,268,-2.47,8,6,0,1.21,1,3.68
0.654907,213,213,-2.29,8,6,0,1.21,1,3.5
0.659912,174,174,-2.11,8,8,0,2.1,1,4.21
0.664917,226,226,-2.19,8,8,0,2.1,1,4.29
0.669922,228,228,-1.84,8,10,0,2.41,1,4.25
0.674927,198,198,-1.66,8,10,0,2.41,1,4.07
0.679932,164,164,-1.31,8,10,0,2.72,1,4.03
0.684936,157,157,-1.32,8,10,0,2.72,1,4.04
0.689941,153,153,-0.9,12,12,0,2.75,1,3.65
0.694946,105,105,-0.68,12,12,0,2.75,1,3.43
0.699951,80,80,-0.2,10,10,0,3.65,1,3.85
0.704956,110,110,-0.09,10,10,0,3.65,1,3.74
0.709961,108,108,0.3,10,10,0,3.1,1,2.8
0.714966,34,34,0.55,10,10,0,3.1,1,2.55
0.719971,11,11,1.02,10,10,0,3.13,1,2.11
0.724976,-19,-19,1.26,10,10,0,3.13,1,1.87
0.72998,-24,-24,1.54,10,10,0,3.16,1,1.62
0.734985,-28,-28,1.83,10,10,0,3.16,1,1.33
0.73999,-39,-39,2.04,8,8,0,3.19,1,1.15
0.744995,-39,-39,2.3,8,8,0,3.19,1,0.89
0.75,-40,-40,2.44,6,8,0,2.64,1,0.2
0.755005,-71,-71,2.64,6,8,0,2.64,1,0
0.76001,-66,-66,2.69,4,6,0,2.37,1,-0.32
0.765015,-67,-67,2.75,4,6,0,2.37,1,-0.38
0.769897,-49,-49,2.78,4,4,0,1.81,1,-0.97
0.774902,-76,-76,2.85,4,4,0,1.81,1,-1.04
0.779907,-68,-68,2.81,2,2,0,1.53,1,-1.28
0.784912,-69,-69,2.8,2,2,0,1.53,1,-1.27
0.789917,-48,-48,2.65,0,2,0,0.96,1,-1.69
0.794922,-61,-61,2.58,0,2,0,0.96,1,-1.62
0.799927,-40,-40,2.33,0,-2,0,0.67,1,-1.66
0.804932,-28,-28,2.18,0,-2,0,0.67,1,-1.51
0.809936,-10,-10,1.98,-2,-2,0,0.09,1,-1.89
0.814941,-38,-38,1.85,-2,-2,0,0.09,1,-1.76
0.819946,-28,-28,1.65,-2,-2,0,-0.2,1,-1.85
0.824951,-34,-34,1.47,-2,-2,0,-0.2,1,-1.67
0.829956,-21,-21,1.31,0,-2,0,-0.21,1,-1.52
0.834961,-12,-12,1.25,0,-2,0,-0.21,1,-1.46
0.839966,-10,-10,1.09,0,-2,0,0.08,1,-1.01
0.844971,28,28,0.95,0,-2,0,0.08,1,-0.87
0.849976,43,43,0.74,-2,-2,0,0.08,1,-0.66
0.85498,67,67,0.42,-2,-2,0,0.08,1,-0.34
0.859985,97,97,0.29,0,-2,0,-0.22,1,-0.51
0.86499,83,83,0.08,0,-2,0,-0.22,1,-0.3
0.869995,97,97,-0.14,0,0,0,0.07,1,0.21
0.875,135,135,-0.44,0,0,0,0.07,1,0.51
0.880005,157,157,-0.48,0,2,0,0.36,1,0.84
0.88501,173,173,-0.71,0,2,0,0.36,1,1.07
0.890015,188,188,-0.91,2,2,0,0.65,1,1.56
0.894897,226,226,-1.19,2,2,0,0.65,1,1.84
0.899902,238,238,-1.39,2,4,0,0.94,1,2.33
0.904907,255,255,-1.57,2,4,0,0.94,1,2.51
0.909912,238,238,-1.38,4,4,0,1.24,1,2.62
0.914917,210,210,-1.47,4,4,0,1.24,1,2.71
0.919922,203,203,-1.59,4,6,0,1.54,1,3.13
0.924927,232,232,-1.8,4,6,0,1.54,1,3.34
0.929932,238,238,-1.65,8,8,0,1.84,1,3.49
0.934936,218,218,-1.51,8,8,0,1.84,1,3.35
0.939941,176,176,-1.34,8,8,0,2.73,1,4.07
0.944946,221,221,-1.33,8,8,0,2.73,1,4.06
0.949951,215,215,-1.06,8,10,0,2.75,1,3.81
0.954956,182,182,-0.92,8,10,0,2.75,1,3.67
0.959961,158,158,-0.78,8,10,0,3.07,1,3.85
0.964966,167,167,-0.73,8,10,0,3.07,1,3.8
0.969971,156,156,-0.3,12,10,0,3.09,1,3.39
0.974976,107,107,-0.17,12,10,0,3.09,1,3.26
0.97998,88,88,0.37,10,12,0,3.7,1,3.33
0.984985,92,92,0.54,10,12,0,3.7,1,3.16
0.98999,88,88,0.85,10,10,0,3.73,1,2.88
0.994995,72,72,1.01,10,10,0,3.73,1,2.72
1,60,60,1.38,10,10,0,3.47,1,2.09
1.005005,16,16,1.58,10,10,0,3.47,1,1.89
1.01001,10,10,1.84,8,10,0,3.5,1,1.66
1.015015,4,4,2.08,8,10,0,3.5,1,1.42
1.019897,-1,-1,2.26,8,8,0,3.24,1,0.98
1.024902,-18,-18,2.43,8,8,0,3.24,1,0.81
1.029907,-12,-12,2.51,8,6,0,2.97,1,0.46
1.034912,-20,-20,2.63,8,6,0,2.97,1,0.34
1.039917,-12,-12,2.67,4,6,0,2.71,1,0.04
1.044922,-17,-17,2.7,4,6,0,2.71,1,0.00999999999999979
1.049927,-1,-1,2.7,4,4,0,2.15,1,-0.55
1.054932,-26,-26,2.67,4,4,0,2.15,1,-0.52
1.059936,-8,-8,2.58,4,2,0,1.87,1,-0.71
1.064941,-6,-6,2.51,4,2,0,1.87,1,-0.64
1.069946,13,13,2.37,2,2,0,1.59,1,-0.78
1.074951,17,17,2.22,2,2,0,1.59,1,-0.63
1.079956,37,37,2.1,2,2,0,1.31,1,-0.79
1.084961,27,27,1.98,2,2,0,1.31,1,-0.67
1.089966,40,40,1.84,2,2,0,1.31,1,-0.53
1.094971,59,59,1.59,2,2,0,1.31,1,-0.28
1.099976,88,88,1.41,2,2,0,1.32,1,-0.0899999999999999
1.10498,104,104,1.22,2,2,0,1.32,1,0.1
1.109985,114,114,1.1,2,2,0,1.32,1,0.22
1.11499,122,122,0.85,2,2,0,1.32,1,0.47
1.119995,145,145,0.6,2,2,0,1.33,1,0.73
1.125,161,161,0.31,2,2,0,1.33,1,1.02
1.130005,165,165,0.37,4,4,0,1.34,1,0.97
1.13501,138,138,0.17,4,4,0,1.34,1,1.17
1.140015,145,145,-0.02,2,2,0,1.92,1,1.94
1.144897,205,205,-0.35,2,2,0,1.92,1,2.27
1.149902,222,222,-0.27,4,4,0,1.35,1,1.62
1.154907,145,145,-0.39,4,4,0,1.35,1,1.74
1.159912,135,135,-0.31,6,4,0,1.94,1,2.25
1.164917,166,166,-0.47,6,4,0,1.94,1,2.41
1.169922,169,169,-0.23,8,8,0,2.24,1,2.47
1.174927,150,150,-0.23,8,8,0,2.24,1,2.47
1.179932,133,133,0.06,6,8,0,3.13,1,3.07
1.184936,172,172,0.01,6,8,0,3.13,1,3.12
1.189941,175,175,0.26,8,10,0,2.86,1,2.6
1.194946,128,128,0.32,8,10,0,2.86,1,2.54
1.199951,117,117,0.52,8,8,0,3.47,1,2.95
1.204956,145,145,0.59,8,8,0,3.47,1,2.88
1.209961,134,134,0.95,10,8,0,3.2,1,2.25
1.214966,77,77,0.99,10,8,0,3.2,1,2.21
1.219971,77,77,1.31,8,10,0,3.52,1,2.21
1.224976,81,81,1.35,8,10,0,3.52,1,2.17
1.22998,88,88,1.53,8,10,0,3.54,1,2.01
1.234985,83,83,1.55,8,10,0,3.54,1,1.99
1.23999,84,84,1.78,8,8,0,3.57,1,1.79
1.244995,70,70,1.91,8,8,0,3.57,1,1.66
1.25,63,63,2.06,8,8,0,3.3,1,1.24
1.255005,37,37,2.1,8,8,0,3.3,1,1.2
1.26001,45,45,2.23,6,8,0,3.33,1,1.1
1.265015,43,43,2.18,6,8,0,3.33,1,1.15
1.269897,55,55,2.29,6,6,0,3.06,1,0.77
1.274902,32,32,2.31,6,6,0,3.06,1,0.75
1.279907,38,38,2.39,8,6,0,2.79,1,0.4
1.284912,22,22,2.35,8,6,0,2.79,1,0.44
1.289917,38,38,2.33,6,6,0,3.1,1,0.77
1.294922,70,70,2.28,6,6,0,3.1,1,0.82
1.299927,80,80,2.27,4,6,0,2.82,1,0.55
1.304932,68,68,2.22,4,6,0,2.82,1,0.6
1.309936,82,82,2.15,4,4,0,2.55,1,0.4
1.314941,75,75,1.94,4,4,0,2.55,1,0.61
1.319946,100,100,1.88,4,4,0,2.27,1,0.39
1.324951,86,86,1.74,4,4,0,2.27,1,0.53
1.329956,93,93,1.73,4,4,0,2.29,1,0.56
1.334961,92,92,1.56,4,4,0,2.29,1,0.73
1.339966,109,109,1.46,4,4,0,2.3,1,0.84
1.344971,120,120,1.29,4,4,0,2.3,1,1.01
1.349976,130,130,1.31,6,4,0,2.31,1,1
1.35498,122,122,1.15,6,4,0,2.31,1,1.16
1.359985,135,135,1.06,6,6,0,2.61,1,1.55
1.36499,166,166,0.82,6,6,0,2.61,1,1.79
1.369995,178,178,0.91,6,4,0,2.92,1,2.01
1.375,180,180,0.8,6,4,0,2.92,1,2.12
1.380005,182,182,0.83,6,4,0,2.64,1,1.81
1.38501,158,158,0.67,6,4,0,2.64,1,1.97
1.390015,165,165,0.81,8,6,0,2.66,1,1.85
1.394897,143,143,0.76,8,6,0,2.66,1,1.9
1.399902,140,140,0.81,6,8,0,3.26,1,2.45
1.404907,179,179,0.7,6,8,0,3.26,1,2.56
1.409912,179,179,0.95,8,8,0,3.28,1,2.33
1.414917,149,149,0.91,8,8,0,3.28,1,2.37
1.419922,149,149,1.04,8,8,0,3.59,1,2.55
1.424927,164,164,0.94,8,8,0,3.59,1,2.65
1.429932,167,167,1.11,8,8,0,3.61,1,2.5
1.434936,147,147,1.1,8,8,0,3.61,1,2.51
1.439941,144,144,1.32,10,8,0,3.63,1,2.31
1.444946,129,129,1.28,10,8,0,3.63,1,2.35
1.449951,132,132,1.45,8,10,0,3.95,1,2.5
1.454956,139,139,1.39,8,10,0,3.95,1,2.56
1.459961,144,144,1.62,10,10,0,3.97,1,2.35
1.464966,130,130,1.62,10,10,0,3.97,1,2.35
1.469971,134,134,1.79,8,10,0,4.29,1,2.5
1.474976,146,146,1.75,8,10,0,4.29,1,2.54
1.47998,149,149,1.9,10,8,0,4.03,1,2.13
1.484985,118,118,1.88,10,8,0,4.03,1,2.15
1.48999,122,122,2.06,8,8,0,4.05,1,1.99
1.494995,110,110,2.01,8,8,0,4.05,1,2.04
1.5,118,118,2.16,8,10,0,3.79,1,1.63
1.505005,90,90,2.08,8,10,0,3.79,1,1.71
1.51001,102,102,2.19,8,8,0,4.1,1,1.91
1.515015,120,120,2.12,8,8,0,4.1,1,1.98
1.519897,129,129,2.29,8,8,0,3.84,1,1.55
1.524902,97,97,2.34,8,8,0,3.84,1,1.5
1.529907,97,97,2.45,6,8,0,3.86,1,1.41
1.534912,99,99,2.37,6,8,0,3.86,1,1.49
1.539917,115,115,2.4,8,8,0,3.59,1,1.19
1.544922,98,98,2.27,8,8,0,3.59,1,1.32
1.549927,108,108,2.36,6,6,0,3.91,1,1.55
1.554932,121,121,2.28,6,6,0,3.91,1,1.63
1.559936,131,131,2.32,8,6,0,3.35,1,1.03
1.564941,89,89,2.18,8,6,0,3.35,1,1.17
1.569946,103,103,2.21,8,8,0,3.66,1,1.45
1.574951,125,125,2.13,8,8,0,3.66,1,1.53
1.579956,134,134,2.16,6,6,0,3.97,1,1.81
1.584961,157,157,2.06,6,6,0,3.97,1,1.91
1.589966,164,164,2.13,6,6,0,3.41,1,1.28
1.594971,117,117,2.01,6,6,0,3.41,1,1.4
1.599976,131,131,1.97,6,6,0,3.43,1,1.46
1.60498,140,140,1.8,6,6,0,3.43,1,1.63
1.609985,149,149,1.91,6,8,0,3.44,1,1.53
1.61499,129,129,1.76,6,8,0,3.44,1,1.68
1.619995,134,134,1.81,8,8,0,3.75,1,1.94
1.625,153,153,1.67,8,8,0,3.75,1,2.08
1.630005,163,163,1.76,8,8,0,4.06,1,2.3
1.63501,174,174,1.67,8,8,0,4.06,1,2.39
1.640015,179,179,1.75,8,8,0,4.09,1,2.34
1.644897,175,175,1.68,8,8,0,4.09,1,2.41
1.649902,178,178,1.85,8,8,0,4.11,1,2.26
1.654907,162,162,1.73,8,8,0,4.11,1,2.38
1.659912,173,173,1.71,8,8,0,4.13,1,2.42
1.664917,180,180,1.55,8,8,0,4.13,1,2.58
1.669922,184,184,1.72,8,8,0,4.16,1,2.44
1.674927,158,158,1.66,8,8,0,4.16,1,2.5
1.679932,158,158,1.84,8,10,0,4.18,1,2.34
1.684936,148,148,1.74,8,10,0,4.18,1,2.44
1.689941,155,155,1.92,10,10,0,4.49,1,2.57
1.694946,162,162,1.88,10,10,0,4.49,1,2.61
1.699951,159,159,2.07,10,10,0,4.81,1,2.74
1.704956,166,166,2.06,10,10,0,4.81,1,2.75
1.709961,166,166,2.26,10,10,0,4.84,1,2.58
1.714966,151,151,2.27,10,10,0,4.84,1,2.57
1.719971,155,155,2.38,10,10,0,4.87,1,2.49
1.724976,153,153,2.33,10,10,0,4.87,1,2.54
1.72998,153,153,2.57,10,10,0,4.9,1,2.33
1.734985,126,126,2.57,10,10,0,4.9,1,2.33
1.73999,123,123,2.81,10,8,0,4.93,1,2.12
1.744995,108,108,2.74,10,8,0,4.93,1,2.19
1.75,119,119,2.95,10,10,0,4.66,1,1.71
1.755005,82,82,2.95,10,10,0,4.66,1,1.71
1.76001,82,82,3.13,10,10,0,4.98,1,1.85
1.765015,95,95,3.15,10,10,0,4.98,1,1.83
1.769897,97,97,3.24,8,8,0,5.01,1,1.77
1.774902,98,98,3.2,8,8,0,5.01,1,1.81
1.779907,108,108,3.33,10,8,0,4.46,1,1.13
1.784912,58,58,3.36,10,8,0,4.46,1,1.1
1.789917,57,57,3.49,8,8,0,4.77,1,1.28
1.794922,75,75,3.42,8,8,0,4.77,1,1.35
1.799927,91,91,3.49,8,8,0,4.51,1,1.02
1.804932,76,76,3.45,8,8,0,4.51,1,1.06
1.809936,91,91,3.42,6,6,0,4.53,1,1.11
1.814941,104,104,3.3,6,6,0,4.53,1,1.23
1.819946,123,123,3.3,6,8,0,3.97,1,0.67
1.824951,84,84,3.17,6,8,0,3.97,1,0.8
1.829956,95,95,3.17,6,6,0,4.28,1,1.11
1.834961,119,119,3.02,6,6,0,4.28,1,1.26
1.839966,136,136,2.95,6,6,0,4.01,1,1.06
1.844971,125,125,2.78,6,6,0,4.01,1,1.23
1.849976,137,137,2.79,6,6,0,4.03,1,1.24
1.85498,135,135,2.63,6,6,0,4.03,1,1.4
1.859985,149,149,2.58,6,6,0,4.04,1,1.46
1.86499,155,155,2.4,6,6,0,4.04,1,1.64
1.869995,164,164,2.52,4,6,0,4.06,1,1.54
1.875,147,147,2.39,4,6,0,4.06,1,1.67
1.880005,158,158,2.31,8,6,0,3.79,1,1.48
1.88501,145,145,2.15,8,6,0,3.79,1,1.64
1.890015,150,150,2.3,6,8,0,4.38,1,2.08
1.894897,170,170,2.21,6,8,0,4.38,1,2.17
1.899902,174,174,2.31,8,8,0,4.4,1,2.09
1.904907,167,167,2.12,8,8,0,4.4,1,2.28
1.909912,181,181,2.24,8,8,0,4.71,1,2.47
1.914917,188,188,2.12,8,8,0,4.71,1,2.59
1.919922,196,196,2.16,8,6,0,4.74,1,2.58
1.924927,194,194,2.05,8,6,0,4.74,1,2.69
1.929932,199,199,2.21,10,8,0,4.47,1,2.26
1.934936,157,157,2.11,10,8,0,4.47,1,2.36
1.939941,164,164,2.14,8,8,0,5.07,1,2.93
1.944946,208,208,2.02,8,8,0,5.07,1,3.05
1.949951,212,212,2.27,8,10,0,4.81,1,2.54
1.954956,157,157,2.21,8,10,0,4.81,1,2.6
1.959961,153,153,2.42,8,10,0,5.12,1,2.7
1.964966,157,157,2.29,8,10,0,5.12,1,2.83
1.969971,162,162,2.53,12,10,0,5.15,1,2.62
1.974976,134,134,2.51,12,10,0,5.15,1,2.64
1.97998,130,130,2.77,12,10,0,5.76,1,2.99
1.984985,157,157,2.76,12,10,0,5.76,1,3
1.98999,160,160,2.98,12,10,0,5.79,1,2.81
1.994995,146,146,3,12,10,0,5.79,1,2.79
2,146,146,3.21,10,12,0,5.82,1,2.61
2.005005,132,132,3.19,10,12,0,5.82,1,2.63
2.01001,131,131,3.45,12,10,0,5.85,1,2.4
2.015015,107,107,3.51,12,10,0,5.85,1,2.34
2.019897,102,102,3.8,10,10,0,5.88,1,2.08
2.024902,84,84,3.78,10,10,0,5.88,1,2.1
2.029907,90,90,3.93,10,10,0,5.62,1,1.69
2.034912,64,64,3.97,10,10,0,5.62,1,1.65
2.039917,66,66,4.16,8,10,0,5.65,1,1.49
2.044922,57,57,4.21,8,10,0,5.65,1,1.44
2.049927,63,63,4.3,8,10,0,5.39,1,1.09
2.054932,49,49,4.26,8,10,0,5.39,1,1.13
2.059936,65,65,4.37,8,6,0,5.42,1,1.05
2.064941,63,63,4.34,8,6,0,5.42,1,1.08
2.069946,71,71,4.35,6,8,0,4.86,1,0.510000000000001
2.074951,37,37,4.26,6,8,0,4.86,1,0.600000000000001
2.079956,54,54,4.26,6,6,0,4.88,1,0.62
2.084961,61,61,4.17,6,6,0,4.88,1,0.71
2.089966,71,71,4.2,6,6,0,4.61,1,0.41
2.094971,49,49,4.08,6,6,0,4.61,1,0.53
2.099976,61,61,4.03,6,6,0,4.63,1,0.6
2.10498,72,72,3.91,6,6,0,4.63,1,0.72
2.109985,85,85,3.89,4,6,0,4.65,1,0.76
2.11499,85,85,3.77,4,6,0,4.65,1,0.88
2.119995,96,96,3.76,6,6,0,4.37,1,0.61
2.125,79,79,3.6,6,6,0,4.37,1,0.77
2.130005,92,92,3.62,4,4,0,4.68,1,1.06
2.13501,110,110,3.5,4,4,0,4.68,1,1.18
2.140015,83,83,3.47,6,6,0,4.11,1,0.64
2.144897,94,94,3.32,6,6,0,4.11,1,0.79
2.149902,129,129,3.36,6,4,0,4.71,1,1.35
2.154907,139,139,3.24,6,4,0,4.71,1,1.47
2.159912,120,120,3.23,6,4,0,4.43,1,1.2
2.164917,130,130,3.09,6,4,0,4.43,1,1.34
2.169922,122,122,3.14,4,6,0,4.45,1,1.31
2.174927,132,132,3.05,4,6,0,4.45,1,1.4
2.179932,139,139,2.97,4,6,0,4.46,1,1.49
2.184936,140,140,2.8,4,6,0,4.46,1,1.66
2.189941,114,114,2.96,6,6,0,4.48,1,1.52
2.194946,116,116,2.9,6,6,0,4.48,1,1.58
2.199951,130,130,3.01,6,8,0,4.78,1,1.77
2.204956,141,141,2.86,6,8,0,4.78,1,1.92
2.209961,148,148,2.96,6,6,0,5.09,1,2.13
2.214966,146,146,2.93,6,6,0,5.09,1,2.16
2.219971,114,114,3.03,6,6,0,4.82,1,1.79
2.224976,123,123,2.9,6,6,0,4.82,1,1.92
2.22998,107,107,3.01,8,6,0,4.84,1,1.83
2.234985,107,107,2.96,8,6,0,4.84,1,1.88
2.23999,121,121,3.07,8,8,0,5.15,1,2.08
2.244995,124,124,3.02,8,8,0,5.15,1,2.13
2.25,132,132,3.16,6,6,0,5.46,1,2.3
2.255005,134,134,3.13,6,6,0,5.46,1,2.33
2.26001,77,77,3.29,8,8,0,4.9,1,1.61
2.265015,77,77,3.24,8,8,0,4.9,1,1.66
2.269897,106,106,3.39,8,8,0,5.5,1,2.11
2.274902,108,108,3.38,8,8,0,5.5,1,2.12
2.279907,102,102,3.51,6,8,0,5.52,1,2.01
2.284912,101,101,3.57,6,8,0,5.52,1,1.95
2.289917,77,77,3.66,6,8,0,5.25,1,1.59
2.294922,89,89,3.59,6,8,0,5.25,1,1.66
2.299927,83,83,3.69,6,6,0,5.27,1,1.58
2.304932,79,79,3.66,6,6,0,5.27,1,1.61
2.309936,35,35,3.85,6,6,0,5,1,1.15
2.314941,38,38,3.83,6,6,0,5,1,1.17
2.319946,26,26,4.03,6,8,0,5.02,1,0.989999999999999
2.324951,40,40,3.96,6,8,0,5.02,1,1.06
2.329956,63,63,4.01,6,6,0,5.33,1,1.32
2.334961,55,55,4.1,6,6,0,5.33,1,1.23
2.339966,31,31,4.22,6,6,0,5.06,1,0.84
2.344971,38,38,4.26,6,6,0,5.06,1,0.8
2.349976,47,47,4.29,4,4,0,5.08,1,0.79
2.35498,60,60,4.24,4,4,0,5.08,1,0.84
2.359985,18,18,4.29,4,4,0,4.51,1,0.22
2.36499,21,21,4.29,4,4,0,4.51,1,0.22
2.369995,25,25,4.3,4,4,0,4.52,1,0.22
2.375,34,34,4.28,4,4,0,4.52,1,0.239999999999999
2.380005,45,45,4.25,2,4,0,4.53,1,0.28
2.38501,53,53,4.2,2,4,0,4.53,1,0.33
2.390015,38,38,4.17,2,2,0,4.25,1,0.0800000000000001
2.394897,58,58,3.98,2,2,0,4.25,1,0.27
2.399902,42,42,3.93,2,2,0,3.97,1,0.04
2.404907,40,40,3.89,2,2,0,3.97,1,0.0800000000000001
2.409912,38,38,3.89,2,2,0,3.98,1,0.0899999999999999
2.414917,51,51,3.78,2,2,0,3.98,1,0.2
2.419922,67,67,3.65,2,4,0,3.98,1,0.33
2.424927,73,73,3.55,2,4,0,3.98,1,0.43
2.429932,88,88,3.56,2,2,0,4.28,1,0.72
2.434936,101,101,3.41,2,2,0,4.28,1,0.87
2.439941,88,88,3.33,2,2,0,4,1,0.67
2.444946,93,93,3.21,2,2,0,4,1,0.79
2.449951,81,81,3.25,2,2,0,4,1,0.75
2.454956,89,89,3.13,2,2,0,4,1,0.87
2.459961,93,93,3.07,4,4,0,4.01,1,0.94
2.464966,94,94,2.94,4,4,0,4.01,1,1.07
2.469971,113,113,3.07,4,4,0,4.6,1,1.53
2.474976,120,120,2.97,4,4,0,4.6,1,1.63
2.47998,114,114,3.03,4,4,0,4.61,1,1.58
2.484985,119,119,2.95,4,4,0,4.61,1,1.66
2.48999,99,99,3.07,4,4,0,4.62,1,1.55
2.494995,95,95,3.05,4,4,0,4.62,1,1.57
2.5,81,81,3.18,4,6,0,4.63,1,1.45
2.505005,88,88,3.03,4,6,0,4.63,1,1.6
2.51001,86,86,3.22,6,4,0,4.94,1,1.72
2.515015,81,81,3.23,6,4,0,4.94,1,1.71
2.519897,70,70,3.41,4,4,0,4.95,1,1.54
2.524902,75,75,3.4,4,4,0,4.95,1,1.55
2.529907,46,46,3.5,6,4,0,4.67,1,1.17
2.534912,42,42,3.56,6,4,0,4.67,1,1.11
2.539917,55,55,3.68,4,4,0,4.98,1,1.3
2.544922,49,49,3.72,4,4,0,4.98,1,1.26
2.549927,16,16,3.84,4,4,0,4.7,1,0.86
2.554932,19,19,3.85,4,4,0,4.7,1,0.85
2.559936,20,20,3.9,4,6,0,4.71,1,0.81
2.564941,19,19,3.93,4,6,0,4.71,1,0.78
2.569946,31,31,4.03,4,4,0,5.01,1,0.98
2.574951,28,28,4.1,4,4,0,5.01,1,0.91
2.579956,12,12,4.15,4,4,0,4.74,1,0.59
2.584961,20,20,4.16,4,4,0,4.74,1,0.58
2.589966,22,22,4.2,2,2,0,4.75,1,0.55
2.594971,23,23,4.22,2,2,0,4.75,1,0.53
2.599976,-18,-18,4.26,2,4,0,4.18,1,-0.0800000000000001
2.60498,-14,-14,4.26,2,4,0,4.18,1,-0.0800000000000001
2.609985,13,13,4.26,2,2,0,4.47,1,0.21
2.61499,12,12,4.32,2,2,0,4.47,1,0.149999999999999
2.619995,-1,-1,4.3,2,2,0,4.19,1,-0.109999999999999
2.625,11,11,4.27,2,2,0,4.19,1,-0.0799999999999992
2.630005,23,23,4.22,0,0,0,4.2,1,-0.0199999999999996
2.63501,32,32,4.14,0,0,0,4.2,1,0.0600000000000005
2.640015,-8,-8,4.11,0,0,0,3.62,1,-0.49
2.644897,-2,-2,4.07,0,0,0,3.62,1,-0.45
2.649902,10,10,3.97,0,0,0,3.62,1,-0.35
2.654907,17,17,3.9,0,0,0,3.62,1,-0.28
2.659912,22,22,3.82,0,0,0,3.62,1,-0.2
2.664917,27,27,3.75,0,0,0,3.62,1,-0.13
2.669922,30,30,3.68,-2,0,0,3.62,1,-0.0600000000000001
2.674927,36,36,3.56,-2,0,0,3.62,1,0.0600000000000001
2.679932,11,11,3.55,0,0,0,3.33,1,-0.22
2.684936,12,12,3.48,0,0,0,3.33,1,-0.15
2.689941,32,32,3.45,0,0,0,3.62,1,0.17
2.694946,30,30,3.45,0,0,0,3.62,1,0.17
2.699951,36,36,3.4,0,0,0,3.62,1,0.22
2.704956,40,40,3.35,0,0,0,3.62,1,0.27
2.709961,38,38,3.34,0,2,0,3.62,1,0.28
2.714966,48,48,3.21,0,2,0,3.62,1,0.41
2.719971,71,71,3.16,0,0,0,3.91,1,0.75
2.724976,61,61,3.16,0,0,0,3.91,1,0.75
2.72998,28,28,3.21,0,2,0,3.62,1,0.41
2.734985,40,40,3.08,0,2,0,3.62,1,0.54
2.73999,63,63,3.03,2,0,0,3.91,1,0.88
2.744995,48,48,3.01,2,0,0,3.91,1,0.9
2.75,18,18,3.17,2,2,0,3.92,1,0.75
2.755005,16,16,3.19,2,2,0,3.92,1,0.73
2.76001,38,38,3.21,4,2,0,4.21,1,1
2.765015,43,43,3.13,4,2,0,4.21,1,1.08
2.769897,39,39,3.29,2,2,0,4.51,1,1.22
2.774902,29,29,3.36,2,2,0,4.51,1,1.15
2.779907,1,1,3.49,2,2,0,4.22,1,0.73
2.784912,3,3,3.52,2,2,0,4.22,1,0.7
2.789917,-8,-8,3.62,2,2,0,4.23,1,0.61
2.794922,-25,-25,3.8,2,2,0,4.23,1,0.430000000000001
2.799927,-28,-28,3.92,2,2,0,4.24,1,0.32
2.804932,-17,-17,3.93,2,2,0,4.24,1,0.31
2.809936,-10,-10,3.94,0,0,0,4.24,1,0.3
2.814941,-19,-19,4.06,0,0,0,4.24,1,0.180000000000001
2.819946,-63,-63,4.11,0,0,0,3.67,1,-0.44
2.824951,-56,-56,4.16,0,0,0,3.67,1,-0.49
2.829956,-47,-47,4.15,0,0,0,3.67,1,-0.48
2.834961,-48,-48,4.2,0,0,0,3.67,1,-0.53
2.839966,-35,-35,4.06,-2,-2,0,3.67,1,-0.39
2.844971,-43,-43,4.12,-2,-2,0,3.67,1,-0.45
2.849976,-96,-96,4.14,0,-2,0,3.08,1,-1.06
2.85498,-105,-105,4.22,0,-2,0,3.08,1,-1.14
2.859985,-78,-78,4.21,-2,0,0,3.37,1,-0.84
2.86499,-72,-72,4.2,-2,0,0,3.37,1,-0.83
2.869995,-71,-71,4.22,-2,-2,0,3.37,1,-0.85
2.875,-81,-81,4.4,-2,-2,0,3.37,1,-1.03
2.880005,-85,-85,4.3,-2,-4,0,3.07,1,-1.23
2.88501,-74,-74,4.28,-2,-4,0,3.07,1,-1.21
2.890015,-87,-87,4.22,-2,-2,0,2.78,1,-1.44
2.894897,-94,-94,4.29,-2,-2,0,2.78,1,-1.51
2.899902,-65,-65,4.25,-4,-4,0,3.06,1,-1.19
2.904907,-55,-55,4.23,-4,-4,0,3.06,1,-1.17
2.909912,-80,-80,4.08,-2,-2,0,2.47,1,-1.61
2.914917,-80,-80,4.09,-2,-2,0,2.47,1,-1.62
2.919922,-27,-27,3.97,-4,-2,0,3.04,1,-0.93
2.924927,-23,-23,3.91,-4,-2,0,3.04,1,-0.87
2.929932,-38,-38,3.82,-2,-4,0,2.74,1,-1.08
2.934936,-35,-35,3.76,-2,-4,0,2.74,1,-1.02
2.939941,-32,-32,3.67,-2,-2,0,2.73,1,-0.94
2.944946,-30,-30,3.59,-2,-2,0,2.73,1,-0.86
2.949951,-8,-8,3.51,-2,-2,0,3.02,1,-0.49
2.954956,-16,-16,3.53,-2,-2,0,3.02,1,-0.51
2.959961,-15,-15,3.47,-2,-4,0,3.01,1,-0.46
2.964966,-11,-11,3.43,-2,-4,0,3.01,1,-0.42
2.969971,-30,-30,3.37,-2,-2,0,2.71,1,-0.66
2.974976,-33,-33,3.33,-2,-2,0,2.71,1,-0.62
2.97998,-17,-17,3.32,-2,-2,0,3,1,-0.32
2.984985,-23,-23,3.32,-2,-2,0,3,1,-0.32
2.98999,-23,-23,3.28,-2,-2,0,2.99,1,-0.29
2.994995,-30,-30,3.32,-2,-2,0,2.99,1,-0.33
3,-37,-37,3.33,0,-2,0,2.99,1,-0.34
3.005005,-38,-38,3.35,0,-2,0,2.99,1,-0.36
3.01001,-17,-17,3.34,-2,-2,0,3.27,1,-0.0699999999999998
3.015015,-27,-27,3.41,-2,-2,0,3.27,1,-0.14
3.019897,-52,-52,3.42,-2,0,0,2.98,1,-0.44
3.024902,-49,-49,3.44,-2,0,0,2.98,1,-0.46
3.029907,-24,-24,3.44,-2,-2,0,3.26,1,-0.18
3.034912,-34,-34,3.54,-2,-2,0,3.26,1,-0.28
3.039917,-58,-58,3.59,0,-2,0,2.97,1,-0.62
3.044922,-52,-52,3.6,0,-2,0,2.97,1,-0.63
3.049927,-20,-20,3.54,-2,-2,0,3.25,1,-0.29
3.054932,-27,-27,3.62,-2,-2,0,3.25,1,-0.37
3.059936,-50,-50,3.63,-2,-2,0,2.96,1,-0.67
3.064941,-50,-50,3.67,-2,-2,0,2.96,1,-0.71
3.069946,-36,-36,3.59,-2,-2,0,2.95,1,-0.64
3.074951,-36,-36,3.62,-2,-2,0,2.95,1,-0.67
3.079956,-31,-31,3.55,-2,-4,0,2.95,1,-0.6
3.084961,-35,-35,3.58,-2,-4,0,2.95,1,-0.63
3.089966,-53,-53,3.54,-2,-2,0,2.65,1,-0.89
3.094971,-52,-52,3.53,-2,-2,0,2.65,1,-0.88
3.099976,-29,-29,3.5,-2,-2,0,2.93,1,-0.57
3.10498,-31,-31,3.51,-2,-2,0,2.93,1,-0.58
3.109985,-26,-26,3.46,-2,-2,0,2.93,1,-0.53
3.11499,-28,-28,3.45,-2,-2,0,2.93,1,-0.52
3.119995,-29,-29,3.44,-2,-2,0,2.92,1,-0.52
3.125,-32,-32,3.45,-2,-2,0,2.92,1,-0.53
3.130005,-29,-29,3.42,-2,-2,0,2.92,1,-0.5
3.13501,-31,-31,3.43,-2,-2,0,2.92,1,-0.51
3.140015,-33,-33,3.41,0,-2,0,2.91,1,-0.5
3.144897,-34,-34,3.44,0,-2,0,2.91,1,-0.53
3.149902,-5,-5,3.37,-2,-2,0,3.19,1,-0.18
3.154907,-8,-8,3.38,-2,-2,0,3.19,1,-0.19
3.159912,-32,-32,3.36,-2,-2,0,2.9,1,-0.46
3.164917,-32,-32,3.39,-2,-2,0,2.9,1,-0.49
3.169922,-25,-25,3.34,0,-2,0,2.9,1,-0.44
3.174927,-26,-26,3.34,0,-2,0,2.9,1,-0.44
3.179932,-6,-6,3.34,-2,-2,0,3.18,1,-0.16
3.184936,-5,-5,3.36,-2,-2,0,3.18,1,-0.18
3.189941,-18,-18,3.3,-2,0,0,2.89,1,-0.41
3.194946,-16,-16,3.25,-2,0,0,2.89,1,-0.36
3.199951,-1,-1,3.26,0,-2,0,3.17,1,-0.0899999999999999
3.204956,-8,-8,3.28,0,-2,0,3.17,1,-0.11
3.209961,-7,-7,3.27,-2,0,0,3.17,1,-0.1
3.214966,-8,-8,3.27,-2,0,0,3.17,1,-0.1
3.219971,-13,-13,3.28,0,0,0,3.17,1,-0.11
3.224976,-19,-19,3.3,0,0,0,3.17,1,-0.13
3.22998,-1,-1,3.33,0,-2,0,3.45,1,0.12
3.234985,-6,-6,3.38,0,-2,0,3.45,1,0.0700000000000003
3.23999,-28,-28,3.39,0,0,0,3.16,1,-0.23
3.244995,-28,-28,3.41,0,0,0,3.16,1,-0.25
3.25,-6,-6,3.42,0,0,0,3.45,1,0.0300000000000002
3.255005,-14,-14,3.5,0,0,0,3.45,1,-0.0499999999999998
3.26001,-13,-13,3.53,0,0,0,3.45,1,-0.0799999999999996
3.265015,-7,-7,3.53,0,0,0,3.45,1,-0.0799999999999996
3.269897,2,2,3.48,-2,0,0,3.45,1,-0.0299999999999998
3.274902,0,0,3.48,-2,0,0,3.45,1,-0.0299999999999998
3.279907,-30,-30,3.53,0,0,0,3.16,1,-0.37
3.284912,-28,-28,3.54,0,0,0,3.16,1,-0.38
3.289917,2,2,3.49,0,0,0,3.45,1,-0.04
3.294922,-2,-2,3.52,0,0,0,3.45,1,-0.0699999999999998
3.299927,-2,-2,3.55,-2,-2,0,3.45,1,-0.0999999999999996
3.304932,-6,-6,3.56,-2,-2,0,3.45,1,-0.11
3.309936,-1,-1,3.48,0,0,0,2.87,1,-0.61
3.314941,-31,-31,3.41,0,0,0,2.87,1,-0.54
3.319946,-28,-28,3.45,0,0,0,3.44,1,-0.0100000000000002
3.324951,5,5,3.48,0,0,0,3.44,1,-0.04
3.329956,-1,-1,3.45,0,0,0,3.44,1,-0.0100000000000002
3.334961,6,6,3.41,0,0,0,3.44,1,0.0299999999999998
3.339966,10,10,3.43,0,0,0,3.44,1,0.00999999999999979
3.344971,4,4,3.46,0,0,0,3.44,1,-0.02
3.349976,-1,-1,3.45,0,0,0,3.44,1,-0.0100000000000002
3.35498,4,4,3.41,0,0,0,3.44,1,0.0299999999999998
3.359985,11,11,3.39,0,2,0,3.44,1,0.0499999999999998
3.36499,13,13,3.4,0,2,0,3.44,1,0.04
3.369995,10,10,3.41,0,0,0,3.73,1,0.32
3.375,32,32,3.35,0,0,0,3.73,1,0.38
3.380005,39,39,3.34,0,0,0,3.45,1,0.11
3.38501,19,19,3.34,0,0,0,3.45,1,0.11
3.390015,20,20,3.31,0,0,0,3.45,1,0.14
3.394897,22,22,3.26,0,0,0,3.45,1,0.19
3.399902,27,27,3.27,0,0,0,3.45,1,0.18
3.404907,26,26,3.25,0,0,0,3.45,1,0.2
3.409912,29,29,3.21,0,0,0,3.45,1,0.24
3.414917,34,34,3.14,0,0,0,3.45,1,0.31
3.419922,39,39,3.18,0,2,0,3.45,1,0.27
3.424927,34,34,3.15,0,2,0,3.45,1,0.3
3.429932,37,37,3.1,2,0,0,3.74,1,0.64
3.434936,67,67,3,2,0,0,3.74,1,0.74
3.439941,75,75,3.06,0,0,0,3.74,1,0.68
3.444946,66,66,3.04,0,0,0,3.74,1,0.7
3.449951,68,68,2.97,0,2,0,3.45,1,0.48
3.454956,57,57,2.8,0,2,0,3.45,1,0.65
3.459961,72,72,2.83,2,2,0,3.74,1,0.91
3.464966,80,80,2.78,2,2,0,3.74,1,0.96
3.469971,70,70,2.88,2,2,0,4.04,1,1.16
3.474976,74,74,2.83,2,2,0,4.04,1,1.21
3.47998,77,77,2.9,2,4,0,4.04,1,1.14
3.484985,69,69,2.89,2,4,0,4.04,1,1.15
3.48999,64,64,3.01,4,2,0,4.34,1,1.33
3.494995,70,70,2.99,4,2,0,4.34,1,1.35
3.5,70,70,3.08,2,4,0,4.35,1,1.27
3.505005,61,61,3.13,2,4,0,4.35,1,1.22
3.51001,51,51,3.24,2,2,0,4.36,1,1.12
3.515015,36,36,3.24,2,2,0,4.36,1,1.12
3.519897,38,38,3.32,4,4,0,4.07,1,0.75
3.524902,10,10,3.39,4,4,0,4.07,1,0.68
3.529907,-1,-1,3.54,2,2,0,4.66,1,1.12
3.534912,27,27,3.67,2,2,0,4.66,1,0.99
3.539917,20,20,3.72,2,2,0,4.09,1,0.37
3.544922,-18,-18,3.75,2,2,0,4.09,1,0.34
3.549927,-12,-12,3.83,2,0,0,4.1,1,0.27
3.554932,-15,-15,3.95,2,0,0,4.1,1,0.149999999999999
3.559936,-21,-21,4.01,0,2,0,3.81,1,-0.2
3.564941,-39,-39,4.02,0,2,0,3.81,1,-0.21
3.569946,-27,-27,3.99,0,0,0,3.81,1,-0.18
3.574951,-15,-15,4.07,0,0,0,3.81,1,-0.26
3.579956,-19,-19,4.02,0,0,0,3.53,1,-0.49
3.584961,-32,-32,3.99,0,0,0,3.53,1,-0.46
3.589966,-23,-23,3.97,0,0,0,3.53,1,-0.44
3.594971,-20,-20,3.98,0,0,0,3.53,1,-0.45
3.599976,-23,-23,3.89,-2,-2,0,3.53,1,-0.36
3.60498,-15,-15,3.88,-2,-2,0,3.53,1,-0.35
3.609985,-15,-15,3.87,-2,0,0,2.94,1,-0.93
3.61499,-61,-61,3.87,-2,0,0,2.94,1,-0.93
3.619995,-62,-62,3.82,-2,0,0,3.23,1,-0.59
3.625,-35,-35,3.79,-2,0,0,3.23,1,-0.56
3.630005,-35,-35,3.79,0,-2,0,3.23,1,-0.56
3.63501,-38,-38,3.86,0,-2,0,3.23,1,-0.63
3.640015,-45,-45,3.78,0,0,0,3.22,1,-0.56
3.644897,-35,-35,3.78,0,0,0,3.22,1,-0.56
3.649902,-30,-30,3.77,0,0,0,3.51,1,-0.26
3.654907,-7,-7,3.77,0,0,0,3.51,1,-0.26
3.659912,-9,-9,3.73,0,-2,0,3.51,1,-0.22
3.664917,-2,-2,3.68,0,-2,0,3.51,1,-0.17
3.669922,7,7,3.59,0,0,0,3.22,1,-0.37
3.674927,-5,-5,3.51,0,0,0,3.22,1,-0.29
3.679932,-3,-3,3.51,0,0,0,3.51,1,0
3.684936,11,11,3.52,0,0,0,3.51,1,-0.0100000000000002
3.689941,3,3,3.49,0,0,0,3.51,1,0.0199999999999996
3.694946,3,3,3.45,0,0,0,3.51,1,0.0599999999999996
3.699951,5,5,3.47,0,-2,0,3.51,1,0.0399999999999996
3.704956,-2,-2,3.52,0,-2,0,3.51,1,-0.0100000000000002
3.709961,-10,-10,3.53,0,0,0,3.22,1,-0.31
3.714966,-33,-33,3.54,0,0,0,3.22,1,-0.32
3.719971,-31,-31,3.53,0,0,0,3.51,1,-0.02
3.724976,-9,-9,3.54,0,0,0,3.51,1,-0.0300000000000002
3.72998,-12,-12,3.58,0,0,0,3.51,1,-0.0700000000000003
3.734985,-17,-17,3.61,0,0,0,3.51,1,-0.1
3.73999,-18,-18,3.59,0,2,0,3.51,1,-0.0800000000000001
3.744995,-15,-15,3.6,0,2,0,3.51,1,-0.0900000000000003
3.75,-16,-16,3.64,0,0,0,3.8,1,0.16
3.755005,0,0,3.69,0,0,0,3.8,1,0.11
3.76001,-4,-4,3.68,-2,0,0,3.51,1,-0.17
3.765015,-23,-23,3.68,-2,0,0,3.51,1,-0.17
3.769897,-21,-21,3.68,0,0,0,3.22,1,-0.46
3.774902,-44,-44,3.75,0,0,0,3.22,1,-0.53
3.779907,-52,-52,3.76,0,0,0,3.51,1,-0.25
3.784912,-30,-30,3.78,0,0,0,3.51,1,-0.27
3.789917,-26,-26,3.75,0,-2,0,3.51,1,-0.24
3.794922,-22,-22,3.79,0,-2,0,3.51,1,-0.28
3.799927,-26,-26,3.8,0,0,0,3.22,1,-0.58
3.804932,-49,-49,3.82,0,0,0,3.22,1,-0.6
3.809936,-45,-45,3.75,-2,0,0,3.5,1,-0.25
3.814941,-12,-12,3.78,-2,0,0,3.5,1,-0.28
3.819946,-17,-17,3.82,0,-2,0,3.21,1,-0.61
3.824951,-42,-42,3.8,0,-2,0,3.21,1,-0.59
3.829956,-35,-35,3.72,0,-2,0,3.21,1,-0.51
3.834961,-20,-20,3.74,0,-2,0,3.21,1,-0.53
3.839966,-21,-21,3.72,0,-2,0,3.21,1,-0.51
3.844971,-21,-21,3.73,0,-2,0,3.21,1,-0.52
3.849976,-21,-21,3.65,-2,-2,0,3.2,1,-0.45
3.85498,-9,-9,3.6,-2,-2,0,3.2,1,-0.4
3.859985,-3,-3,3.55,-2,0,0,2.91,1,-0.64
3.86499,-25,-25,3.55,-2,0,0,2.91,1,-0.64
3.869995,-32,-32,3.53,-2,-2,0,3.19,1,-0.34
3.875,-9,-9,3.53,-2,-2,0,3.19,1,-0.34
3.880005,-8,-8,3.49,0,-2,0,2.9,1,-0.59
3.88501,-29,-29,3.49,0,-2,0,2.9,1,-0.59
3.890015,-30,-30,3.44,0,-2,0,3.19,1,-0.25
3.894897,-5,-5,3.45,0,-2,0,3.19,1,-0.26
3.899902,-7,-7,3.45,0,0,0,3.18,1,-0.27
3.904907,-9,-9,3.44,0,0,0,3.18,1,-0.26
3.909912,-5,-5,3.37,-2,0,0,3.47,1,0.1
3.914917,27,27,3.31,-2,0,0,3.47,1,0.16
3.919922,30,30,3.32,0,0,0,3.18,1,-0.14
3.924927,2,2,3.33,0,0,0,3.18,1,-0.15
3.929932,-2,-2,3.28,-2,-2,0,3.47,1,0.19
3.934936,26,26,3.22,-2,-2,0,3.47,1,0.25
3.939941,30,30,3.21,0,0,0,2.89,1,-0.32
3.944946,-18,-18,3.24,0,0,0,2.89,1,-0.35
3.949951,-25,-25,3.25,0,0,0,3.46,1,0.21
3.954956,16,16,3.28,0,0,0,3.46,1,0.18
3.959961,17,17,3.25,0,0,0,3.46,1,0.21
3.964966,22,22,3.24,0,0,0,3.46,1,0.22
3.969971,25,25,3.22,0,0,0,3.46,1,0.24
3.974976,28,28,3.12,0,0,0,3.46,1,0.34
3.97998,34,34,3.17,0,0,0,3.46,1,0.29
3.984985,25,25,3.22,0,0,0,3.46,1,0.24
3.98999,21,21,3.15,0,0,0,3.46,1,0.31
3.994995,30,30,3.07,0,0,0,3.46,1,0.39
4,40,40,3.11,2,2,0,3.46,1,0.35
4.005005,32,32,3.12,2,2,0,3.46,1,0.34
4.01001,31,31,3.09,0,0,0,4.04,1,0.95
4.015015,81,81,2.99,0,0,0,4.04,1,1.05
4.019897,91,91,3.03,0,2,0,3.47,1,0.44
4.024902,41,41,3.03,0,2,0,3.47,1,0.44
4.029907,40,40,2.99,0,2,0,3.76,1,0.77
4.034912,69,69,2.89,0,2,0,3.76,1,0.87
4.039917,79,79,2.9,2,2,0,3.76,1,0.86
4.044922,74,74,2.86,2,2,0,3.76,1,0.9
4.049927,73,73,2.84,0,0,0,4.06,1,1.22
4.054932,95,95,2.71,0,0,0,4.06,1,1.35
4.059936,100,100,2.83,2,2,0,3.48,1,0.65
4.064941,34,34,2.85,2,2,0,3.48,1,0.63
4.069946,21,21,2.95,2,2,0,4.06,1,1.11
4.074951,53,53,2.99,2,2,0,4.06,1,1.07
4.079956,52,52,3.01,2,2,0,4.07,1,1.06
4.084961,52,52,3.05,2,2,0,4.07,1,1.02
4.089966,46,46,3.16,2,2,0,4.07,1,0.91
4.094971,36,36,3.12,2,2,0,4.07,1,0.95
4.099976,43,43,3.2,2,2,0,4.08,1,0.88
4.10498,38,38,3.22,2,2,0,4.08,1,0.86
4.109985,30,30,3.35,2,2,0,4.09,1,0.74
4.11499,15,15,3.41,2,2,0,4.09,1,0.68
4.119995,12,12,3.43,2,2,0,4.09,1,0.66
4.125,16,16,3.42,2,2,0,4.09,1,0.67
4.130005,16,16,3.55,2,4,0,4.1,1,0.55
4.13501,0,0,3.62,2,4,0,4.1,1,0.48
4.140015,-4,-4,3.61,2,2,0,4.39,1,0.78
4.144897,26,26,3.62,2,2,0,4.39,1,0.77
4.149902,30,30,3.67,0,2,0,4.11,1,0.44
4.154907,2,2,3.69,0,2,0,4.11,1,0.42
4.159912,0,0,3.74,2,0,0,3.83,1,0.0899999999999999
4.164917,-24,-24,3.77,2,0,0,3.83,1,0.0600000000000001
4.169922,-28,-28,3.84,2,2,0,3.83,1,-0.00999999999999979
4.174927,-35,-35,4.02,2,2,0,3.83,1,-0.19
4.179932,-47,-47,4.05,0,0,0,4.12,1,0.0700000000000003
4.184936,-19,-19,4.03,0,0,0,4.12,1,0.0899999999999999
4.189941,-5,-5,4.03,0,0,0,3.55,1,-0.48
4.194946,-41,-41,4.05,0,0,0,3.55,1,-0.5
4.199951,-44,-44,4.04,0,0,0,3.55,1,-0.49
4.204956,-43,-43,4.05,0,0,0,3.55,1,-0.5
4.209961,-44,-44,4.05,-2,0,0,3.55,1,-0.5
4.214966,-45,-45,4.14,-2,0,0,3.55,1,-0.59
4.219971,-54,-54,4.06,0,-2,0,3.26,1,-0.8
4.224976,-67,-67,4.07,0,-2,0,3.26,1,-0.81
4.22998,-70,-70,4.13,-2,0,0,3.25,1,-0.88
4.234985,-80,-80,4.24,-2,0,0,3.25,1,-0.99
4.23999,-89,-89,4.11,-2,0,0,3.25,1,-0.86
4.244995,-71,-71,4.26,-2,0,0,3.25,1,-1.01
4.25,-83,-83,4.27,-2,-4,0,3.25,1,-1.02
4.255005,-79,-79,4.33,-2,-4,0,3.25,1,-1.08
4.26001,-71,-71,4.22,-2,-4,0,2.66,1,-1.56
4.265015,-92,-92,4.16,-2,-4,0,2.66,1,-1.5
4.269897,-77,-77,4.03,-2,-2,0,2.65,1,-1.38
4.274902,-65,-65,4.05,-2,-2,0,2.65,1,-1.4
4.279907,-72,-72,4.02,-4,-2,0,2.94,1,-1.08
4.284912,-45,-45,3.98,-4,-2,0,2.94,1,-1.04
4.289917,-27,-27,3.8,-4,-4,0,2.64,1,-1.16
4.294922,-21,-21,3.71,-4,-4,0,2.64,1,-1.07
4.299927,-11,-11,3.58,-2,-4,0,2.34,1,-1.24
4.304932,-26,-26,3.44,-2,-4,0,2.34,1,-1.1
4.309936,-22,-22,3.33,-4,-2,0,2.62,1,-0.71
4.314941,0,0,3.37,-4,-2,0,2.62,1,-0.75
4.319946,-12,-12,3.31,-2,-2,0,2.61,1,-0.7
4.324951,-9,-9,3.19,-2,-2,0,2.61,1,-0.58
4.329956,7,7,3.1,-4,-4,0,2.89,1,-0.21
4.334961,36,36,2.99,-4,-4,0,2.89,1,-0.1
4.339966,40,40,2.91,-2,-2,0,2.3,1,-0.61
4.344971,-4,-4,2.88,-2,-2,0,2.3,1,-0.58
4.349976,-10,-10,2.85,0,-2,0,2.87,1,0.02
4.35498,31,31,2.81,0,-2,0,2.87,1,0.0600000000000001
4.359985,32,32,2.74,-2,-2,0,3.16,1,0.42
4.36499,59,59,2.68,-2,-2,0,3.16,1,0.48
4.369995,61,61,2.67,-2,-2,0,2.87,1,0.2
4.375,34,34,2.52,-2,-2,0,2.87,1,0.35
4.380005,40,40,2.62,0,0,0,2.86,1,0.24
4.38501,23,23,2.63,0,0,0,2.86,1,0.23
4.390015,15,15,2.64,0,0,0,3.44,1,0.8
4.394897,58,58,2.65,0,0,0,3.44,1,0.79
4.399902,60,60,2.66,2,0,0,3.44,1,0.78
4.404907,59,59,2.67,2,0,0,3.44,1,0.77
4.409912,59,59,2.69,0,0,0,3.73,1,1.04
4.414917,81,81,2.56,0,0,0,3.73,1,1.17
4.419922,93,93,2.7,2,2,0,3.44,1,0.74
4.424927,57,57,2.58,2,2,0,3.44,1,0.86
4.429932,68,68,2.57,2,2,0,4.02,1,1.45
4.434936,107,107,2.56,2,2,0,4.02,1,1.46
4.439941,99,99,2.66,2,2,0,4.03,1,1.37
4.444946,82,82,2.7,2,2,0,4.03,1,1.33
4.449951,75,75,2.77,2,4,0,4.03,1,1.26
4.454956,66,66,2.68,2,4,0,4.03,1,1.35
4.459961,74,74,2.75,2,4,0,4.33,1,1.58
4.464966,87,87,2.83,2,4,0,4.33,1,1.5
4.469971,69,69,2.98,2,4,0,4.34,1,1.36
4.474976,49,49,2.97,2,4,0,4.34,1,1.37
4.47998,52,52,3.04,2,2,0,4.35,1,1.31
4.484985,47,47,3.07,2,2,0,4.35,1,1.28
4.48999,40,40,3.25,4,4,0,4.06,1,0.81
4.494995,-6,-6,3.33,4,4,0,4.06,1,0.73
4.5,-13,-13,3.48,4,4,0,4.65,1,1.17
4.505005,23,23,3.52,4,4,0,4.65,1,1.13
4.51001,26,26,3.59,2,2,0,4.66,1,1.07
4.515015,23,23,3.68,2,2,0,4.66,1,0.98
4.519897,14,14,3.81,2,2,0,4.09,1,0.28
4.524902,-36,-36,3.89,2,2,0,4.09,1,0.2
4.529907,-37,-37,3.97,2,2,0,4.1,1,0.129999999999999
4.534912,-40,-40,4.17,2,2,0,4.1,1,-0.0700000000000003
4.539917,-52,-52,4.22,2,2,0,4.11,1,-0.109999999999999
4.544922,-47,-47,4.32,2,2,0,4.11,1,-0.21
4.549927,-40,-40,4.33,2,2,0,4.11,1,-0.22
4.554932,-26,-26,4.33,2,2,0,4.11,1,-0.22
4.559936,-16,-16,4.22,0,-2,0,4.12,1,-0.0999999999999996
4.564941,-1,-1,4.21,0,-2,0,4.12,1,-0.0899999999999999
4.569946,-1,-1,4.21,0,0,0,3.25,1,-0.96
4.574951,-71,-71,4.19,0,0,0,3.25,1,-0.94
4.579956,-71,-71,4.19,0,0,0,3.54,1,-0.65
4.584961,-49,-49,4.15,0,0,0,3.54,1,-0.61
4.589966,-46,-46,4.14,-2,-2,0,3.54,1,-0.6
4.594971,-48,-48,4.27,-2,-2,0,3.54,1,-0.73
4.599976,-61,-61,4.2,0,0,0,2.96,1,-1.24
4.60498,-97,-97,4.17,0,0,0,2.96,1,-1.21
4.609985,-94,-94,4.23,0,0,0,3.53,1,-0.700000000000001
4.61499,-60,-60,4.43,0,0,0,3.53,1,-0.9
4.619995,-77,-77,4.36,-2,-2,0,3.53,1,-0.830000000000001
4.625,-58,-58,4.4,-2,-2,0,3.53,1,-0.870000000000001
4.630005,-44,-44,4.22,-2,-2,0,2.95,1,-1.27
4.63501,-58,-58,4.18,-2,-2,0,2.95,1,-1.23
4.640015,-51,-51,4.1,-2,-4,0,2.94,1,-1.16
4.644897,-44,-44,4.02,-2,-4,0,2.94,1,-1.08
4.649902,-39,-39,3.93,-2,-2,0,2.65,1,-1.28
4.654907,-51,-51,3.93,-2,-2,0,2.65,1,-1.28
4.659912,-53,-53,3.82,-4,-4,0,2.93,1,-0.89
4.664917,-24,-24,3.78,-4,-4,0,2.93,1,-0.85
4.669922,-19,-19,3.68,-2,-2,0,2.34,1,-1.34
4.674927,-53,-53,3.59,-2,-2,0,2.34,1,-1.25
4.679932,-49,-49,3.52,-2,-4,0,2.91,1,-0.61
4.684936,-6,-6,3.48,-2,-4,0,2.91,1,-0.57
4.689941,-7,-7,3.4,0,-2,0,2.62,1,-0.78
4.694946,-24,-24,3.34,0,-2,0,2.62,1,-0.72
4.699951,-24,-24,3.29,-2,-2,0,3.19,1,-0.1
4.704956,17,17,3.26,-2,-2,0,3.19,1,-0.0699999999999998
4.709961,13,13,3.24,-2,0,0,2.9,1,-0.34
4.714966,-10,-10,3.16,-2,0,0,2.9,1,-0.26
4.719971,-7,-7,3.15,-2,0,0,3.18,1,0.0300000000000002
4.724976,8,8,3.17,-2,0,0,3.18,1,0.0100000000000002
4.72998,-3,-3,3.21,0,0,0,3.18,1,-0.0299999999999998
4.734985,-12,-12,3.24,0,0,0,3.18,1,-0.0600000000000001
4.73999,-13,-13,3.25,2,0,0,3.47,1,0.22
4.744995,11,11,3.24,2,0,0,3.47,1,0.23
4.75,12,12,3.27,0,0,0,3.76,1,0.49
4.755005,30,30,3.28,0,0,0,3.76,1,0.48
4.76001,29,29,3.29,0,0,0,3.47,1,0.18
4.765015,8,8,3.3,0,0,0,3.47,1,0.17
4.769897,10,10,3.29,2,0,0,3.47,1,0.18
4.774902,12,12,3.29,2,0,0,3.47,1,0.18
4.779907,11,11,3.32,0,0,0,3.76,1,0.44
4.784912,30,30,3.32,0,0,0,3.76,1,0.44
4.789917,32,32,3.3,0,0,0,3.47,1,0.17
4.794922,15,15,3.23,0,0,0,3.47,1,0.24
4.799927,20,20,3.31,0,0,0,3.47,1,0.16
4.804932,10,10,3.31,0,0,0,3.47,1,0.16
4.809936,12,12,3.26,0,0,0,3.47,1,0.21
4.814941,20,20,3.24,0,0,0,3.47,1,0.23
4.819946,23,23,3.26,2,0,0,3.47,1,0.21
4.824951,18,18,3.27,2,0,0,3.47,1,0.2
4.829956,17,17,3.26,0,2,0,3.76,1,0.5
4.834961,43,43,3.19,0,2,0,3.76,1,0.57
4.839966,52,52,3.22,0,0,0,3.77,1,0.55
4.844971,47,47,3.24,0,0,0,3.77,1,0.53
4.849976,44,44,3.2,0,2,0,3.48,1,0.28
4.85498,28,28,3.09,0,2,0,3.48,1,0.39
4.859985,39,39,3.15,2,0,0,3.77,1,0.62
4.86499,51,51,3.13,2,0,0,3.77,1,0.64
4.869995,48,48,3.13,2,2,0,3.77,1,0.64
4.875,46,46,3.08,2,2,0,3.77,1,0.69
4.880005,49,49,3.1,2,2,0,4.06,1,0.96
4.88501,65,65,3.09,2,2,0,4.06,1,0.97
4.890015,57,57,3.21,0,2,0,4.07,1,0.86
4.894897,39,39,3.19,0,2,0,4.07,1,0.88
4.899902,41,41,3.24,2,2,0,3.79,1,0.55
4.904907,15,15,3.23,2,2,0,3.79,1,0.56
4.909912,7,7,3.36,2,2,0,4.08,1,0.72
4.914917,11,11,3.46,2,2,0,4.08,1,0.62
4.919922,4,4,3.52,2,2,0,4.09,1,0.57
4.924927,8,8,3.52,2,2,0,4.09,1,0.57
4.929932,18,18,3.56,0,2,0,4.09,1,0.53
4.934936,15,15,3.61,0,2,0,4.09,1,0.48
4.939941,10,10,3.67,0,0,0,3.81,1,0.14
4.944946,-12,-12,3.67,0,0,0,3.81,1,0.14
4.949951,-5,-5,3.67,0,0,0,3.52,1,-0.15
4.954956,-24,-24,3.76,0,0,0,3.52,1,-0.24
4.959961,-30,-30,3.79,0,0,0,3.52,1,-0.27
4.964966,-27,-27,3.75,0,0,0,3.52,1,-0.23
4.969971,-15,-15,3.71,0,0,0,3.52,1,-0.19
4.974976,-8,-8,3.76,0,0,0,3.52,1,-0.24
4.97998,-15,-15,3.73,0,0,0,3.52,1,-0.21
4.984985,-13,-13,3.74,0,0,0,3.52,1,-0.22
4.98999,-14,-14,3.73,-2,-2,0,3.52,1,-0.21
4.994995,-14,-14,3.73,-2,-2,0,3.52,1,-0.21
5,-14,-14,3.71,0,0,0,2.94,1,-0.77
5.005005,-56,-56,3.71,0,0,0,2.94,1,-0.77
5.01001,-58,-58,3.71,-2,0,0,3.51,1,-0.2
5.015015,-17,-17,3.81,-2,0,0,3.51,1,-0.3
5.019897,-24,-24,3.67,0,-2,0,3.22,1,-0.45
5.024902,-31,-31,3.67,0,-2,0,3.22,1,-0.45
5.029907,-31,-31,3.71,-2,-2,0,3.22,1,-0.49
5.034912,-40,-40,3.75,-2,-2,0,3.22,1,-0.53
5.039917,-44,-44,3.7,-2,-2,0,2.92,1,-0.78
5.044922,-56,-56,3.72,-2,-2,0,2.92,1,-0.8
5.049927,-56,-56,3.73,0,0,0,2.92,1,-0.81
5.054932,-56,-56,3.79,0,0,0,2.92,1,-0.87
5.059936,-56,-56,3.7,-2,-2,0,3.49,1,-0.21
5.064941,5,5,3.61,-2,-2,0,3.49,1,-0.12
5.069946,22,22,3.54,-2,-2,0,2.91,1,-0.63
5.074951,-11,-11,3.4,-2,-2,0,2.91,1,-0.49
5.079956,-2,-2,3.36,0,-2,0,2.91,1,-0.45
5.084961,-7,-7,3.35,0,-2,0,2.91,1,-0.44
5.089966,-16,-16,3.29,0,0,0,3.19,1,-0.1
5.094971,6,6,3.3,0,0,0,3.19,1,-0.11
5.099976,2,2,3.28,0,-2,0,3.48,1,0.2
5.10498,20,20,3.26,0,-2,0,3.48,1,0.22
5.109985,18,18,3.28,0,0,0,3.19,1,-0.0899999999999999
5.11499,-9,-9,3.24,0,0,0,3.19,1,-0.0500000000000003
5.119995,-9,-9,3.3,0,0,0,3.48,1,0.18
5.125,5,5,3.33,0,0,0,3.48,1,0.15
5.130005,2,2,3.3,2,0,0,3.48,1,0.18
5.13501,7,7,3.3,2,0,0,3.48,1,0.18
5.140015,7,7,3.34,0,0,0,3.77,1,0.43
5.144897,24,24,3.36,0,0,0,3.77,1,0.41
5.149902,22,22,3.37,0,0,0,3.48,1,0.11
5.154907,2,2,3.32,0,0,0,3.48,1,0.16
5.159912,8,8,3.37,0,0,0,3.48,1,0.11
5.164917,0,0,3.4,0,0,0,3.48,1,0.0800000000000001
5.169922,-2,-2,3.38,0,0,0,3.48,1,0.1
5.174927,2,2,3.4,0,0,0,3.48,1,0.0800000000000001
5.179932,2,2,3.41,0,0,0,3.48,1,0.0699999999999998
5.184936,0,0,3.43,0,0,0,3.48,1,0.0499999999999998
5.189941,-2,-2,3.45,0,0,0,3.48,1,0.0299999999999998
5.194946,-2,-2,3.44,0,0,0,3.48,1,0.04
5.199951,0,0,3.44,0,0,0,3.48,1,0.04
5.204956,0,0,3.47,0,0,0,3.48,1,0.00999999999999979
5.209961,-3,-3,3.48,0,0,0,3.48,1,0
5.214966,-3,-3,3.48,0,0,0,3.48,1,0
5.219971,-2,-2,3.48,0,0,0,3.48,1,0
5.224976,-2,-2,3.49,0,0,0,3.48,1,-0.0100000000000002
5.22998,-3,-3,3.5,0,0,0,3.48,1,-0.02
5.234985,-4,-4,3.5,0,0,0,3.48,1,-0.02
5.23999,-4,-4,3.5,0,0,0,3.48,1,-0.02
5.244995,-3,-3,3.5,0,0,0,3.48,1,-0.02
5.25,-3,-3,3.51,0,0,0,3.48,1,-0.0299999999999998
5.255005,-4,-4,3.52,0,0,0,3.48,1,-0.04
5.26001,-4,-4,3.51,0,0,0,3.48,1,-0.0299999999999998
5.265015,-3,-3,3.51,0,0,0,3.48,1,-0.0299999999999998
5.269897,-3,-3,3.52,0,0,0,3.48,1,-0.04
5.274902,-4,-4,3.52,0,0,0,3.48,1,-0.04
5.279907,-3,-3,3.52,0,0,0,3.48,1,-0.04
5.284912,-3,-3,3.52,0,0,0,3.48,1,-0.04
5.289917,-3,-3,3.52,0,0,0,3.48,1,-0.04
5.294922,-3,-3,3.52,0,0,0,3.48,1,-0.04
5.299927,-3,-3,3.52,0,0,0,3.48,1,-0.04
5.304932,-2,-2,3.52,0,0,0,3.48,1,-0.04
5.309936,-3,-3,3.52,0,0,0,3.48,1,-0.04
5.314941,-3,-3,3.53,0,0,0,3.48,1,-0.0499999999999998
5.319946,-3,-3,3.53,0,0,0,3.48,1,-0.0499999999999998
5.324951,-3,-3,3.53,0,0,0,3.48,1,-0.0499999999999998
5.329956,-3,-3,3.53,0,0,0,3.48,1,-0.0499999999999998
5.334961,-3,-3,3.53,0,0,0,3.48,1,-0.0499999999999998
5.339966,-3,-3,3.53,0,0,0,3.48,1,-0.0499999999999998
5.344971,-2,-2,3.52,0,0,0,3.48,1,-0.04
5.349976,-2,-2,3.52,0,0,0,3.48,1,-0.04
5.35498,-2,-2,3.52,0,0,0,3.48,1,-0.04
5.359985,-2,-2,3.52,0,0,0,3.48,1,-0.04
5.36499,-1,-1,3.51,0,0,0,3.48,1,-0.0299999999999998
5.369995,-1,-1,3.51,0,0,0,3.48,1,-0.0299999999999998
5.375,0,0,3.5,0,0,0,3.48,1,-0.02
5.380005,0,0,3.51,0,0,0,3.48,1,-0.0299999999999998
5.38501,0,0,3.51,0,0,0,3.48,1,-0.0299999999999998
5.390015,0,0,3.5,0,0,0,3.48,1,-0.02
5.394897,1,1,3.49,0,0,0,3.48,1,-0.0100000000000002
5.399902,1,1,3.49,0,0,0,3.48,1,-0.0100000000000002
5.404907,2,2,3.49,0,0,0,3.48,1,-0.0100000000000002
5.409912,2,2,3.48,0,0,0,3.48,1,0
5.414917,2,2,3.48,0,0,0,3.48,1,0
5.419922,3,3,3.47,0,0,0,3.48,1,0.00999999999999979
5.424927,3,3,3.46,0,0,0,3.48,1,0.02
5.429932,4,4,3.46,0,0,0,3.48,1,0.02
5.434936,4,4,3.45,0,0,0,3.48,1,0.0299999999999998
5.439941,4,4,3.44,0,0,0,3.48,1,0.04
5.444946,5,5,3.44,0,0,0,3.48,1,0.04
5.449951,6,6,3.43,0,0,0,3.48,1,0.0499999999999998
5.454956,6,6,3.42,0,0,0,3.48,1,0.0600000000000001
5.459961,6,6,3.42,0,0,0,3.48,1,0.0600000000000001
5.464966,7,7,3.42,0,0,0,3.48,1,0.0600000000000001
5.469971,7,7,3.41,0,0,0,3.48,1,0.0699999999999998
5.474976,8,8,3.4,0,0,0,3.48,1,0.0800000000000001
5.47998,8,8,3.41,0,0,0,3.48,1,0.0699999999999998
5.484985,7,7,3.39,0,0,0,3.48,1,0.0899999999999999
5.48999,9,9,3.39,0,0,0,3.48,1,0.0899999999999999
5.494995,10,10,3.38,0,0,0,3.48,1,0.1
5.5,10,10,3.39,0,0,0,3.48,1,0.0899999999999999
5.505005,9,9,3.37,0,0,0,3.48,1,0.11
5.51001,11,11,3.36,0,0,0,3.48,1,0.12
5.515015,12,12,3.35,0,0,0,3.48,1,0.13
5.519897,12,12,3.36,0,0,0,3.48,1,0.12
5.524902,10,10,3.36,0,0,0,3.48,1,0.12
5.529907,11,11,3.34,0,0,0,3.48,1,0.14
5.534912,13,13,3.33,0,0,0,3.48,1,0.15
5.539917,13,13,3.34,0,0,0,3.48,1,0.14
5.544922,11,11,3.34,0,0,0,3.48,1,0.14
5.549927,12,12,3.32,0,0,0,3.48,1,0.16
5.554932,15,15,3.3,0,0,0,3.48,1,0.18
5.559936,16,16,3.33,0,0,0,3.48,1,0.15
5.564941,12,12,3.32,0,0,0,3.48,1,0.16
5.569946,13,13,3.29,0,0,0,3.48,1,0.19
5.574951,17,17,3.27,0,0,0,3.48,1,0.21
5.579956,18,18,3.3,0,0,0,3.48,1,0.18
5.584961,14,14,3.3,0,0,0,3.48,1,0.18
5.589966,15,15,3.27,0,0,0,3.48,1,0.21
5.594971,19,19,3.23,0,0,0,3.48,1,0.25
5.599976,21,21,3.26,2,0,0,3.48,1,0.22
5.60498,17,17,3.26,2,0,0,3.48,1,0.22
5.609985,17,17,3.23,0,0,0,3.77,1,0.54
5.61499,43,43,3.19,0,0,0,3.77,1,0.58
5.619995,45,45,3.23,0,0,0,3.48,1,0.25
5.625,18,18,3.24,0,0,0,3.48,1,0.24
5.630005,18,18,3.21,0,0,0,3.48,1,0.27
5.63501,23,23,3.16,0,0,0,3.48,1,0.32
5.640015,27,27,3.21,0,0,0,3.48,1,0.27
5.644897,20,20,3.23,0,0,0,3.48,1,0.25
5.649902,18,18,3.2,0,0,0,3.48,1,0.28
5.654907,23,23,3.16,0,0,0,3.48,1,0.32
5.659912,27,27,3.21,0,0,0,3.48,1,0.27
5.664917,19,19,3.23,0,0,0,3.48,1,0.25
5.669922,18,18,3.21,0,0,0,3.48,1,0.27
5.674927,22,22,3.16,0,0,0,3.48,1,0.32
5.679932,27,27,3.21,0,0,0,3.48,1,0.27
5.684936,20,20,3.23,0,0,0,3.48,1,0.25
5.689941,17,17,3.2,0,0,0,3.48,1,0.28
5.694946,22,22,3.14,0,0,0,3.48,1,0.34
5.699951,28,28,3.17,0,2,0,3.48,1,0.31
5.704956,22,22,3.19,0,2,0,3.48,1,0.29
5.709961,19,19,3.17,0,0,0,3.77,1,0.6
5.714966,45,45,3.12,0,0,0,3.77,1,0.65
5.719971,51,51,3.14,2,0,0,3.49,1,0.35
5.724976,25,25,3.15,2,0,0,3.49,1,0.34
5.72998,23,23,3.15,0,2,0,3.78,1,0.63
5.734985,44,44,3.1,0,2,0,3.78,1,0.68
5.73999,48,48,3.11,0,0,0,3.78,1,0.67
5.744995,45,45,3.14,0,0,0,3.78,1,0.64
5.75,39,39,3.19,2,0,0,3.49,1,0.3
5.755005,11,11,3.12,2,0,0,3.49,1,0.37
5.76001,19,19,3.13,0,0,0,3.78,1,0.65
5.765015,39,39,3.15,0,0,0,3.78,1,0.63
5.769897,27,27,3.26,2,0,0,3.49,1,0.23
5.774902,-10,-10,3.28,2,0,0,3.49,1,0.21
5.779907,-8,-8,3.26,2,0,0,3.79,1,0.53
5.784912,19,19,3.26,2,0,0,3.79,1,0.53
5.789917,15,15,3.38,2,0,0,3.79,1,0.41
5.794922,-2,-2,3.44,2,0,0,3.79,1,0.35
5.799927,-5,-5,3.43,2,2,0,3.79,1,0.36
5.804932,2,2,3.43,2,2,0,3.79,1,0.36
5.809936,2,2,3.52,2,2,0,4.09,1,0.57
5.814941,12,12,3.62,2,2,0,4.09,1,0.47
5.819946,6,6,3.65,0,0,0,4.09,1,0.44
5.824951,12,12,3.64,0,0,0,4.09,1,0.45
5.829956,18,18,3.68,0,0,0,3.51,1,-0.17
5.834961,-28,-28,3.7,0,0,0,3.51,1,-0.19
5.839966,-29,-29,3.71,0,0,0,3.51,1,-0.2
5.844971,-27,-27,3.73,0,0,0,3.51,1,-0.22
5.849976,-28,-28,3.75,0,0,0,3.51,1,-0.24
5.85498,-31,-31,3.86,0,0,0,3.51,1,-0.35
5.859985,-39,-39,3.81,0,0,0,3.51,1,-0.3
5.86499,-32,-32,3.78,0,0,0,3.51,1,-0.27
5.869995,-28,-28,3.86,0,0,0,3.51,1,-0.35
5.875,-39,-39,3.97,0,0,0,3.51,1,-0.46
5.880005,-51,-51,3.93,-2,-2,0,3.51,1,-0.42
5.88501,-44,-44,3.94,-2,-2,0,3.51,1,-0.43
5.890015,-43,-43,3.99,-2,0,0,2.93,1,-1.06
5.894897,-94,-94,4.12,-2,0,0,2.93,1,-1.19
5.899902,-107,-107,4.07,0,0,0,3.22,1,-0.85
5.904907,-77,-77,4.07,0,0,0,3.22,1,-0.85
5.909912,-76,-76,4.13,0,-2,0,3.51,1,-0.62
5.914917,-62,-62,4.35,0,-2,0,3.51,1,-0.84
5.919922,-81,-81,4.31,-2,-2,0,3.22,1,-1.09
5.924927,-87,-87,4.38,-2,-2,0,3.22,1,-1.16
5.929932,-75,-75,4.24,-2,-4,0,2.92,1,-1.32
5.934936,-69,-69,4.23,-2,-4,0,2.92,1,-1.31
5.939941,-62,-62,4.17,-2,-2,0,2.62,1,-1.55
5.944946,-76,-76,4.14,-2,-2,0,2.62,1,-1.52
5.949951,-69,-69,3.98,-2,-2,0,2.91,1,-1.07
5.954956,-28,-28,4,-2,-2,0,2.91,1,-1.09
5.959961,-30,-30,3.88,-2,-2,0,2.9,1,-0.98
5.964966,-21,-21,3.87,-2,-2,0,2.9,1,-0.97
5.969971,-13,-13,3.67,-2,-4,0,2.9,1,-0.77
5.974976,12,12,3.53,-2,-4,0,2.9,1,-0.63
5.97998,23,23,3.39,-2,-4,0,2.6,1,-0.79
5.984985,6,6,3.28,-2,-4,0,2.6,1,-0.68
5.98999,6,6,3.23,-2,-2,0,2.59,1,-0.64
5.994995,2,2,3.14,-2,-2,0,2.59,1,-0.55
6,6,6,3.03,-2,-4,0,2.87,1,-0.16
6.005005,34,34,2.94,-2,-4,0,2.87,1,-0.0699999999999998
6.01001,36,36,2.89,-2,-2,0,2.58,1,-0.31
6.015015,10,10,2.76,-2,-2,0,2.58,1,-0.18
6.019897,12,12,2.77,0,-2,0,2.86,1,0.0899999999999999
6.024902,23,23,2.78,0,-2,0,2.86,1,0.0800000000000001
6.029907,14,14,2.77,0,0,0,3.14,1,0.37
6.034912,34,34,2.75,0,0,0,3.14,1,0.39
6.039917,38,38,2.76,0,0,0,3.43,1,0.67
6.044922,58,58,2.75,0,0,0,3.43,1,0.68
6.049927,61,61,2.73,2,0,0,3.43,1,0.7
6.054932,64,64,2.61,2,0,0,3.43,1,0.82
6.059936,75,75,2.73,0,2,0,3.72,1,0.99
6.064941,84,84,2.7,0,2,0,3.72,1,1.02
6.069946,88,88,2.63,2,2,0,3.72,1,1.09
6.074951,100,100,2.49,2,2,0,3.72,1,1.23
6.079956,112,112,2.57,2,2,0,4.02,1,1.45
6.084961,119,119,2.42,2,2,0,4.02,1,1.6
6.089966,123,123,2.47,2,2,0,4.02,1,1.55
6.094971,107,107,2.4,2,2,0,4.02,1,1.62
6.099976,99,99,2.53,4,4,0,4.03,1,1.5
6.10498,73,73,2.52,4,4,0,4.03,1,1.51
6.109985,61,61,2.72,4,4,0,4.62,1,1.9
6.11499,77,77,2.76,4,4,0,4.62,1,1.86
6.119995,72,72,2.97,4,6,0,4.63,1,1.66
6.125,57,57,3.03,4,6,0,4.63,1,1.6
6.130005,55,55,3.15,4,4,0,4.93,1,1.78
6.13501,66,66,3.24,4,4,0,4.93,1,1.69
6.140015,60,60,3.41,4,4,0,4.66,1,1.25
6.144897,27,27,3.46,4,4,0,4.66,1,1.2
6.149902,24,24,3.6,2,4,0,4.67,1,1.07
6.154907,12,12,3.72,2,4,0,4.67,1,0.95
6.159912,6,6,3.78,2,4,0,4.39,1,0.61
6.164917,-13,-13,3.85,2,4,0,4.39,1,0.54
6.169922,-15,-15,3.98,2,2,0,4.4,1,0.42
6.174927,-25,-25,4.15,2,2,0,4.4,1,0.25
6.179932,-35,-35,4.22,2,2,0,4.11,1,-0.109999999999999
6.184936,-50,-50,4.22,2,2,0,4.11,1,-0.109999999999999
6.189941,-36,-36,4.23,0,2,0,4.12,1,-0.11
6.194946,-28,-28,4.4,0,2,0,4.12,1,-0.28
6.199951,-40,-40,4.4,0,2,0,3.83,1,-0.57
6.204956,-55,-55,4.4,0,2,0,3.83,1,-0.57
6.209961,-42,-42,4.36,-2,0,0,3.84,1,-0.52
6.214966,-31,-31,4.41,-2,0,0,3.84,1,-0.57
6.219971,-35,-35,4.29,0,0,0,3.26,1,-1.03
6.224976,-67,-67,4.27,0,0,0,3.26,1,-1.01
6.22998,-69,-69,4.27,-2,-2,0,3.55,1,-0.72
6.234985,-53,-53,4.38,-2,-2,0,3.55,1,-0.83
6.23999,-64,-64,4.26,-2,-4,0,2.96,1,-1.3
6.244995,-92,-92,4.35,-2,-4,0,2.96,1,-1.39
6.25,-97,-97,4.39,-2,-2,0,2.67,1,-1.72
6.255005,-118,-118,4.45,-2,-2,0,2.67,1,-1.78
6.26001,-109,-109,4.32,-4,-2,0,2.95,1,-1.37
6.265015,-58,-58,4.22,-4,-2,0,2.95,1,-1.27
6.269897,-36,-36,4.02,-2,-4,0,2.65,1,-1.37
6.274902,-37,-37,3.97,-2,-4,0,2.65,1,-1.32
6.279907,-37,-37,3.86,-4,-4,0,2.64,1,-1.22
6.284912,-31,-31,3.79,-4,-4,0,2.64,1,-1.15
6.289917,-26,-26,3.65,-4,-2,0,2.35,1,-1.3
6.294922,-33,-33,3.56,-4,-2,0,2.35,1,-1.21
6.299927,-27,-27,3.38,-2,-2,0,2.62,1,-0.76
6.304932,5,5,3.29,-2,-2,0,2.62,1,-0.67
6.309936,6,6,3.22,-2,-2,0,2.91,1,-0.31
6.314941,25,25,3.1,-2,-2,0,2.91,1,-0.19
6.319946,29,29,3.01,-2,0,0,2.9,1,-0.11
6.324951,31,31,2.95,-2,0,0,2.9,1,-0.0500000000000003
6.329956,26,26,2.91,-2,-2,0,3.19,1,0.28
6.334961,42,42,2.81,-2,-2,0,3.19,1,0.38
6.339966,43,43,2.81,0,0,0,2.89,1,0.0800000000000001
6.344971,13,13,2.81,0,0,0,2.89,1,0.0800000000000001
6.349976,4,4,2.83,0,0,0,3.47,1,0.64
6.35498,39,39,2.88,0,0,0,3.47,1,0.59
6.359985,34,34,2.89,2,0,0,3.47,1,0.58
6.36499,35,35,2.9,2,0,0,3.47,1,0.57
6.369995,37,37,2.91,0,0,0,3.76,1,0.85
6.375,58,58,2.86,0,0,0,3.76,1,0.9
6.380005,60,60,2.95,2,2,0,3.47,1,0.52
6.38501,30,30,2.96,2,2,0,3.47,1,0.51
6.390015,32,32,2.91,2,0,0,4.05,1,1.14
6.394897,84,84,2.87,2,0,0,4.05,1,1.18
6.399902,86,86,2.97,0,2,0,3.77,1,0.8
6.404907,52,52,2.97,0,2,0,3.77,1,0.8
6.409912,54,54,2.94,2,0,0,3.77,1,0.83
6.414917,62,62,2.84,2,0,0,3.77,1,0.93
6.419922,71,71,2.94,2,2,0,3.77,1,0.83
6.424927,55,55,2.93,2,2,0,3.77,1,0.84
6.429932,52,52,2.93,2,2,0,4.07,1,1.14
6.434936,71,71,2.9,2,2,0,4.07,1,1.17
6.439941,66,66,3.01,2,2,0,4.07,1,1.06
6.444946,47,47,3.1,2,2,0,4.07,1,0.97
6.449951,29,29,3.24,2,2,0,4.08,1,0.84
6.454956,16,16,3.25,2,2,0,4.08,1,0.83
6.459961,21,21,3.28,2,4,0,4.09,1,0.81
6.464966,23,23,3.33,2,4,0,4.09,1,0.76
6.469971,10,10,3.5,2,2,0,4.38,1,0.88
6.474976,12,12,3.6,2,2,0,4.38,1,0.78
6.47998,8,8,3.66,2,2,0,4.1,1,0.44
6.484985,-10,-10,3.67,2,2,0,4.1,1,0.43
6.48999,-3,-3,3.75,2,2,0,4.11,1,0.36
6.494995,-11,-11,3.91,2,2,0,4.11,1,0.2
6.5,-25,-25,3.98,2,2,0,4.11,1,0.13
6.505005,-23,-23,3.96,2,2,0,4.11,1,0.15
6.51001,-9,-9,3.95,0,0,0,4.12,1,0.17
6.515015,1,1,4.04,0,0,0,4.12,1,0.0800000000000001
6.519897,-6,-6,4.05,0,0,0,3.54,1,-0.51
6.524902,-47,-47,4.03,0,0,0,3.54,1,-0.49
6.529907,-39,-39,4.01,0,0,0,3.54,1,-0.47
6.534912,-36,-36,4.11,0,0,0,3.54,1,-0.57
6.539917,-46,-46,4.04,-2,-2,0,3.54,1,-0.5
6.544922,-40,-40,4.06,-2,-2,0,3.54,1,-0.52
6.549927,-43,-43,4.11,-2,-2,0,2.96,1,-1.15
6.554932,-93,-93,4.16,-2,-2,0,2.96,1,-1.2
6.559936,-97,-97,4.1,-2,-2,0,2.95,1,-1.15
6.564941,-88,-88,4.12,-2,-2,0,2.95,1,-1.17
6.569946,-91,-91,4.13,0,0,0,2.95,1,-1.18
6.574951,-94,-94,4.31,0,0,0,2.95,1,-1.36
6.579956,-109,-109,4.31,-2,-2,0,3.52,1,-0.79
6.584961,-56,-56,4.34,-2,-2,0,3.52,1,-0.82
6.589966,-37,-37,4.14,-2,-2,0,2.94,1,-1.2
6.594971,-45,-45,4.11,-2,-2,0,2.94,1,-1.17
6.599976,-38,-38,3.99,-4,-2,0,2.94,1,-1.05
6.60498,-28,-28,3.89,-4,-2,0,2.94,1,-0.95
6.609985,-23,-23,3.83,-2,-4,0,2.64,1,-1.19
6.61499,-44,-44,3.8,-2,-4,0,2.64,1,-1.16
6.619995,-44,-44,3.67,-2,-2,0,2.63,1,-1.04
6.625,-32,-32,3.58,-2,-2,0,2.63,1,-0.95
6.630005,-25,-25,3.49,-2,-2,0,2.91,1,-0.58
6.63501,0,0,3.47,-2,-2,0,2.91,1,-0.56
6.640015,-4,-4,3.44,-2,-2,0,2.91,1,-0.53
6.644897,-5,-5,3.36,-2,-2,0,2.91,1,-0.45
6.649902,6,6,3.26,-2,0,0,2.9,1,-0.36
6.654907,18,18,3.16,-2,0,0,2.9,1,-0.26
6.659912,24,24,3.1,0,0,0,3.19,1,0.0899999999999999
6.664917,43,43,3.1,0,0,0,3.19,1,0.0899999999999999
6.669922,36,36,3.04,0,-2,0,3.47,1,0.43
6.674927,59,59,2.84,0,-2,0,3.47,1,0.63
6.679932,75,75,2.86,0,0,0,3.18,1,0.32
6.684936,44,44,2.87,0,0,0,3.18,1,0.31
6.689941,32,32,2.87,0,0,0,3.47,1,0.6
6.694946,49,49,2.82,0,0,0,3.47,1,0.65
6.699951,54,54,2.87,0,0,0,3.47,1,0.6
6.704956,49,49,2.85,0,0,0,3.47,1,0.62
6.709961,53,53,2.82,0,0,0,3.47,1,0.65
6.714966,58,58,2.73,0,0,0,3.47,1,0.74
6.719971,65,65,2.82,0,0,0,3.47,1,0.65
6.724976,54,54,2.79,0,0,0,3.47,1,0.68
6.72998,58,58,2.72,2,2,0,3.47,1,0.75
6.734985,69,69,2.57,2,2,0,3.47,1,0.9
6.73999,78,78,2.64,2,2,0,4.05,1,1.41
6.744995,103,103,2.7,2,2,0,4.05,1,1.35
6.75,84,84,2.78,2,2,0,4.06,1,1.28
6.755005,73,73,2.71,2,2,0,4.06,1,1.35
6.76001,81,81,2.75,2,2,0,4.06,1,1.31
6.765015,74,74,2.76,2,2,0,4.06,1,1.3
6.769897,58,58,2.96,2,2,0,4.07,1,1.11
6.774902,30,30,2.96,2,2,0,4.07,1,1.11
6.779907,30,30,3.11,2,4,0,4.08,1,0.97
6.784912,20,20,3.05,2,4,0,4.08,1,1.03
6.789917,28,28,3.17,4,2,0,4.37,1,1.2
6.794922,34,34,3.33,4,2,0,4.37,1,1.04
6.799927,17,17,3.47,2,2,0,4.38,1,0.91
6.804932,11,11,3.52,2,2,0,4.38,1,0.86
6.809936,18,18,3.54,2,4,0,4.1,1,0.56
6.814941,4,4,3.57,2,4,0,4.1,1,0.53
6.819946,3,3,3.68,2,2,0,4.4,1,0.72
6.824951,16,16,3.78,2,2,0,4.4,1,0.620000000000001
6.829956,10,10,3.82,2,0,0,4.11,1,0.29
6.834961,-7,-7,3.77,2,0,0,4.11,1,0.34
6.839966,3,3,3.8,2,2,0,3.83,1,0.0300000000000002
6.844971,-20,-20,3.86,2,2,0,3.83,1,-0.0299999999999998
6.849976,-29,-29,3.94,0,2,0,4.12,1,0.18
6.85498,-12,-12,4.04,0,2,0,4.12,1,0.0800000000000001
6.859985,-14,-14,4.03,2,0,0,3.84,1,-0.19
6.86499,-25,-25,3.99,2,0,0,3.84,1,-0.15
6.869995,-14,-14,3.98,0,0,0,3.84,1,-0.14
6.875,-10,-10,4.02,0,0,0,3.84,1,-0.18
6.880005,-16,-16,3.99,-2,-2,0,3.55,1,-0.44
6.88501,-35,-35,3.99,-2,-2,0,3.55,1,-0.44
6.890015,-35,-35,3.99,0,0,0,2.97,1,-1.02
6.894897,-81,-81,4.06,0,0,0,2.97,1,-1.09
6.899902,-88,-88,4,-2,-2,0,3.55,1,-0.45
6.904907,-39,-39,4,-2,-2,0,3.55,1,-0.45
6.909912,-41,-41,4.03,-2,-2,0,2.96,1,-1.07
6.914917,-91,-91,4.11,-2,-2,0,2.96,1,-1.15
6.919922,-99,-99,4.02,0,0,0,2.96,1,-1.06
6.924927,-89,-89,4.05,0,0,0,2.96,1,-1.09
6.929932,-93,-93,4.07,-2,0,0,3.54,1,-0.53
6.934936,-54,-54,4.2,-2,0,0,3.54,1,-0.66
6.939941,-65,-65,4.23,-2,-2,0,3.24,1,-0.99
6.944946,-83,-83,4.33,-2,-2,0,3.24,1,-1.09
6.949951,-77,-77,4.17,-4,-2,0,2.95,1,-1.22
6.954956,-67,-67,4.17,-4,-2,0,2.95,1,-1.22
6.959961,-60,-60,4.01,-2,-4,0,2.65,1,-1.36
6.964966,-64,-64,3.97,-2,-4,0,2.65,1,-1.32
6.969971,-57,-57,3.88,-2,-4,0,2.64,1,-1.24
6.974976,-48,-48,3.91,-2,-4,0,2.64,1,-1.27
6.97998,-47,-47,3.8,-4,-4,0,2.64,1,-1.16
6.984985,-34,-34,3.69,-4,-4,0,2.64,1,-1.05
6.98999,-20,-20,3.56,-4,-4,0,2.34,1,-1.22
6.994995,-31,-31,3.5,-4,-4,0,2.34,1,-1.16
7,-31,-31,3.42,-2,-2,0,2.32,1,-1.1
7.005005,-31,-31,3.34,-2,-2,0,2.32,1,-1.02
7.01001,-27,-27,3.23,-2,-2,0,2.9,1,-0.33
7.015015,24,24,3.22,-2,-2,0,2.9,1,-0.32
7.019897,21,21,3.16,-4,-4,0,2.89,1,-0.27
7.024902,22,22,3.11,-4,-4,0,2.89,1,-0.22
7.029907,25,25,3.03,-2,-2,0,2.3,1,-0.73
7.034912,-11,-11,2.85,-2,-2,0,2.3,1,-0.55
7.039917,0,0,2.83,-2,-2,0,2.87,1,0.04
7.044922,34,34,2.81,-2,-2,0,2.87,1,0.0600000000000001
7.049927,23,23,2.8,0,0,0,2.87,1,0.0700000000000003
7.054932,14,14,2.76,0,0,0,2.87,1,0.11
7.059936,15,15,2.78,0,0,0,3.44,1,0.66
7.064941,53,53,2.77,0,0,0,3.44,1,0.67
7.069946,48,48,2.82,0,0,0,3.44,1,0.62
7.074951,42,42,2.77,0,0,0,3.44,1,0.67
7.079956,48,48,2.88,0,0,0,3.44,1,0.56
7.084961,39,39,2.85,0,0,0,3.44,1,0.59
7.089966,44,44,2.83,2,2,0,3.44,1,0.61
7.094971,49,49,2.8,2,2,0,3.44,1,0.64
7.099976,52,52,2.88,2,2,0,4.02,1,1.14
7.10498,85,85,2.86,2,2,0,4.02,1,1.16
7.109985,90,90,2.81,2,0,0,4.03,1,1.22
7.11499,99,99,2.62,2,0,0,4.03,1,1.41
7.119995,111,111,2.68,2,2,0,3.74,1,1.06
7.125,71,71,2.72,2,2,0,3.74,1,1.02
7.130005,51,51,2.83,2,4,0,4.04,1,1.21
7.13501,51,51,2.85,2,4,0,4.04,1,1.19
7.140015,48,48,2.92,4,2,0,4.34,1,1.42
7.144897,63,63,2.99,4,2,0,4.34,1,1.35
7.149902,55,55,3.12,4,2,0,4.34,1,1.22
7.154907,38,38,3.13,4,2,0,4.34,1,1.21
7.159912,38,38,3.22,4,4,0,4.35,1,1.13
7.164917,33,33,3.24,4,4,0,4.35,1,1.11
7.169922,29,29,3.37,4,2,0,4.65,1,1.28
7.174927,35,35,3.46,4,2,0,4.65,1,1.19
7.179932,29,29,3.58,2,4,0,4.37,1,0.79
7.184936,4,4,3.63,2,4,0,4.37,1,0.74
7.189941,7,7,3.71,2,2,0,4.38,1,0.67
7.194946,2,2,3.82,2,2,0,4.38,1,0.56
7.199951,-5,-5,3.89,2,2,0,4.1,1,0.21
7.204956,-25,-25,3.93,2,2,0,4.1,1,0.169999999999999
7.209961,-20,-20,3.99,2,2,0,4.11,1,0.12
7.214966,-21,-21,4.11,2,2,0,4.11,1,0
7.219971,-27,-27,4.14,2,0,0,4.11,1,-0.0299999999999994
7.224976,-20,-20,4.14,2,0,0,4.11,1,-0.0299999999999994
7.22998,-6,-6,4.09,0,0,0,3.83,1,-0.26
7.234985,-15,-15,4.08,0,0,0,3.83,1,-0.25
7.23999,-16,-16,4.07,0,0,0,3.54,1,-0.53
7.244995,-39,-39,4.07,0,0,0,3.54,1,-0.53
7.25,-39,-39,4.05,0,0,0,3.54,1,-0.51
7.255005,-40,-40,4.09,0,0,0,3.54,1,-0.55
7.26001,-33,-33,3.99,-2,-2,0,3.54,1,-0.45
7.265015,-37,-37,4.02,-2,-2,0,3.54,1,-0.48
7.269897,-89,-89,4.08,-2,0,0,2.96,1,-1.12
7.274902,-93,-93,4.13,-2,0,0,2.96,1,-1.17
7.279907,-65,-65,4.09,-2,-2,0,3.24,1,-0.85
7.284912,-65,-65,4.07,-2,-2,0,3.24,1,-0.83
7.289917,-89,-89,4.08,-2,0,0,2.95,1,-1.13
7.294922,-104,-104,4.25,-2,0,0,2.95,1,-1.3
7.299927,-75,-75,4.21,-2,-2,0,3.23,1,-0.98
7.304932,-78,-78,4.29,-2,-2,0,3.23,1,-1.06
7.309936,-86,-86,4.26,-2,-2,0,2.94,1,-1.32
7.314941,-76,-76,4.3,-2,-2,0,2.94,1,-1.36
7.319946,-55,-55,4.14,-2,-2,0,2.93,1,-1.21
7.324951,-47,-47,4.11,-2,-2,0,2.93,1,-1.18
7.329956,-36,-36,4.01,-4,-2,0,2.93,1,-1.08
7.334961,-35,-35,4,-4,-2,0,2.93,1,-1.07
7.339966,-49,-49,3.92,-2,-4,0,2.63,1,-1.29
7.344971,-40,-40,3.84,-2,-4,0,2.63,1,-1.21
7.349976,-27,-27,3.71,-2,-4,0,2.62,1,-1.09
7.35498,-30,-30,3.71,-2,-4,0,2.62,1,-1.09
7.359985,-24,-24,3.6,-4,-2,0,2.61,1,-0.99
7.36499,-18,-18,3.54,-4,-2,0,2.61,1,-0.93
7.369995,-6,-6,3.42,-2,-2,0,2.6,1,-0.82
7.375,0,0,3.32,-2,-2,0,2.6,1,-0.72
7.380005,23,23,3.24,-4,-2,0,2.89,1,-0.35
7.38501,20,20,3.21,-4,-2,0,2.89,1,-0.32
7.390015,4,4,3.14,-2,-2,0,2.59,1,-0.55
7.394897,16,16,2.98,-2,-2,0,2.59,1,-0.39
7.399902,34,34,2.92,0,0,0,2.87,1,-0.0499999999999998
7.404907,30,30,2.83,0,0,0,2.87,1,0.04
7.409912,66,66,2.8,0,0,0,3.45,1,0.65
7.414917,60,60,2.78,0,0,0,3.45,1,0.67
7.419922,52,52,2.83,0,0,0,3.45,1,0.62
7.424927,51,51,2.81,0,0,0,3.45,1,0.64
7.429932,51,51,2.81,0,0,0,3.45,1,0.64
7.434936,58,58,2.72,0,0,0,3.45,1,0.73
7.439941,49,49,2.8,2,2,0,3.45,1,0.65
7.444946,52,52,2.8,2,2,0,3.45,1,0.65
7.449951,107,107,2.73,0,2,0,4.03,1,1.3
7.454956,115,115,2.62,0,2,0,4.03,1,1.41
7.459961,80,80,2.72,0,2,0,3.74,1,1.02
7.464966,88,88,2.63,0,2,0,3.74,1,1.11
7.469971,90,90,2.6,2,2,0,3.75,1,1.15
7.474976,96,96,2.45,2,2,0,3.75,1,1.3
7.47998,98,98,2.52,2,2,0,4.04,1,1.52
7.484985,78,78,2.57,2,2,0,4.04,1,1.47
7.48999,55,55,2.72,2,4,0,4.05,1,1.33
7.494995,59,59,2.69,2,4,0,4.05,1,1.36
7.5,76,76,2.73,4,2,0,4.34,1,1.61
7.505005,63,63,2.76,4,2,0,4.34,1,1.58
7.51001,30,30,2.98,2,2,0,4.35,1,1.37
7.515015,26,26,3.01,2,2,0,4.35,1,1.34
7.519897,-16,-16,3.26,4,4,0,4.07,1,0.81
7.524902,-10,-10,3.27,4,4,0,4.07,1,0.8
7.529907,28,28,3.36,2,4,0,4.66,1,1.3
7.534912,-1,-1,3.66,2,4,0,4.66,1,1
7.539917,-25,-25,3.77,2,2,0,4.38,1,0.61
7.544922,-21,-21,3.9,2,2,0,4.38,1,0.48
7.549927,-37,-37,4.03,2,2,0,4.1,1,0.0699999999999994
7.554932,-23,-23,4.04,2,2,0,4.1,1,0.0599999999999996
7.559936,-11,-11,4.01,0,0,0,4.1,1,0.0899999999999999
7.564941,-14,-14,4.09,0,0,0,4.1,1,0.00999999999999979
7.569946,-56,-56,4.13,0,0,0,3.53,1,-0.6
7.574951,-47,-47,4.12,0,0,0,3.53,1,-0.59
7.579956,-38,-38,4.07,0,0,0,3.53,1,-0.54
7.584961,-34,-34,4.03,0,0,0,3.53,1,-0.5
7.589966,-37,-37,4.03,0,0,0,3.53,1,-0.5
7.594971,-48,-48,4.14,0,0,0,3.53,1,-0.61
7.599976,-40,-40,4.08,-2,0,0,3.53,1,-0.55
7.60498,-37,-37,4.04,-2,0,0,3.53,1,-0.51
7.609985,-65,-65,4.08,-2,0,0,3.24,1,-0.84
7.61499,-75,-75,4.16,-2,0,0,3.24,1,-0.92
7.619995,-67,-67,4.09,0,-2,0,3.23,1,-0.86
7.625,-67,-67,4.08,0,-2,0,3.23,1,-0.85
7.630005,-75,-75,4.12,-2,0,0,3.23,1,-0.89
7.63501,-89,-89,4.28,-2,0,0,3.23,1,-1.05
7.640015,-76,-76,4.21,-2,0,0,3.23,1,-0.98
7.644897,-71,-71,4.23,-2,0,0,3.23,1,-1
7.649902,-64,-64,4.22,-2,-2,0,3.22,1,-1
7.654907,-59,-59,4.28,-2,-2,0,3.22,1,-1.06
7.659912,-59,-59,4.15,-2,-4,0,2.93,1,-1.22
7.664917,-49,-49,4.11,-2,-4,0,2.93,1,-1.18
7.669922,-61,-61,4,-2,-2,0,2.63,1,-1.37
7.674927,-65,-65,4.02,-2,-2,0,2.63,1,-1.39
7.679932,-35,-35,3.94,-4,-4,0,2.92,1,-1.02
7.684936,-20,-20,3.86,-4,-4,0,2.92,1,-0.94
7.689941,-48,-48,3.72,-4,-4,0,2.33,1,-1.39
7.694946,-44,-44,3.64,-4,-4,0,2.33,1,-1.31
7.699951,-40,-40,3.52,-2,-2,0,2.32,1,-1.2
7.704956,-40,-40,3.45,-2,-2,0,2.32,1,-1.13
7.709961,1,1,3.4,-2,-2,0,2.89,1,-0.51
7.714966,0,0,3.41,-2,-2,0,2.89,1,-0.52
7.719971,11,11,3.3,-2,-2,0,2.88,1,-0.42
7.724976,19,19,3.23,-2,-2,0,2.88,1,-0.35
7.72998,26,26,3.14,-2,-4,0,2.87,1,-0.27
7.734985,34,34,2.99,-2,-4,0,2.87,1,-0.12
7.73999,7,7,2.96,-2,-4,0,2.58,1,-0.38
7.744995,0,0,2.94,-2,-4,0,2.58,1,-0.36
7.75,-1,-1,2.88,-2,-2,0,2.57,1,-0.31
7.755005,-2,-2,2.86,-2,-2,0,2.57,1,-0.29
7.76001,18,18,2.84,0,-2,0,2.85,1,0.0100000000000002
7.765015,18,18,2.8,0,-2,0,2.85,1,0.0500000000000003
7.769897,37,37,2.79,0,0,0,3.14,1,0.35
7.774902,40,40,2.73,0,0,0,3.14,1,0.41
7.779907,56,56,2.74,0,0,0,3.42,1,0.68
7.784912,50,50,2.79,0,0,0,3.42,1,0.63
7.789917,52,52,2.77,0,0,0,3.42,1,0.65
7.794922,65,65,2.65,0,0,0,3.42,1,0.77
7.799927,54,54,2.75,2,0,0,3.42,1,0.67
7.804932,57,57,2.73,2,0,0,3.42,1,0.69
7.809936,88,88,2.67,2,0,0,3.72,1,1.05
7.814941,96,96,2.58,2,0,0,3.72,1,1.14
7.819946,83,83,2.67,2,0,0,3.72,1,1.05
7.824951,85,85,2.67,2,0,0,3.72,1,1.05
7.829956,95,95,2.61,2,0,0,3.72,1,1.11
7.834961,110,110,2.42,2,0,0,3.72,1,1.3
7.839966,88,88,2.49,2,2,0,3.72,1,1.23
7.844971,72,72,2.48,2,2,0,3.72,1,1.24
7.849976,70,70,2.61,2,2,0,4.02,1,1.41
7.85498,68,68,2.59,2,2,0,4.02,1,1.43
7.859985,57,57,2.69,4,4,0,4.02,1,1.33
7.86499,45,45,2.71,4,4,0,4.02,1,1.31
7.869995,60,60,2.93,4,2,0,4.61,1,1.68
7.875,56,56,2.99,4,2,0,4.61,1,1.62
7.880005,23,23,3.17,2,4,0,4.33,1,1.16
7.88501,28,28,3.18,2,4,0,4.33,1,1.15
7.890015,17,17,3.3,4,2,0,4.34,1,1.04
7.894897,4,4,3.44,4,2,0,4.34,1,0.9
7.899902,-1,-1,3.58,2,2,0,4.35,1,0.77
7.904907,2,2,3.64,2,2,0,4.35,1,0.71
7.909912,-24,-24,3.73,2,2,0,4.07,1,0.34
7.914917,-29,-29,3.85,2,2,0,4.07,1,0.22
7.919922,-27,-27,3.92,2,2,0,4.07,1,0.15
7.924927,-21,-21,3.94,2,2,0,4.07,1,0.13
7.929932,-21,-21,3.99,0,0,0,4.08,1,0.0899999999999999
7.934936,-29,-29,4.13,0,0,0,4.08,1,-0.0499999999999998
7.939941,-67,-67,4.17,0,0,0,3.5,1,-0.67
7.944946,-50,-50,4.13,0,0,0,3.5,1,-0.63
7.949951,-37,-37,4.07,0,0,0,3.5,1,-0.57
7.954956,-47,-47,4.19,0,0,0,3.5,1,-0.69
7.959961,-35,-35,4.06,-2,0,0,3.5,1,-0.56
7.964966,-35,-35,4.05,-2,0,0,3.5,1,-0.55
7.969971,-62,-62,4.08,-2,-2,0,3.21,1,-0.87
7.974976,-66,-66,4.09,-2,-2,0,3.21,1,-0.88
7.97998,-83,-83,4.06,0,-2,0,2.92,1,-1.14
7.984985,-86,-86,4.06,0,-2,0,2.92,1,-1.14
7.98999,-66,-66,4.08,-2,-2,0,3.2,1,-0.88
7.994995,-76,-76,4.24,-2,-2,0,3.2,1,-1.04
8,-82,-82,4.17,-4,-2,0,2.91,1,-1.26
8.005005,-63,-63,4.16,-4,-2,0,2.91,1,-1.25
8.01001,-57,-57,4.01,-2,-2,0,2.61,1,-1.4
8.015015,-53,-53,4.01,-2,-2,0,2.61,1,-1.4
8.019897,-15,-15,3.85,-4,-4,0,2.9,1,-0.95
8.024902,-8,-8,3.78,-4,-4,0,2.9,1,-0.88
8.029907,-47,-47,3.67,-4,-2,0,2.31,1,-1.36
8.034912,-43,-43,3.59,-4,-2,0,2.31,1,-1.28
8.039917,-10,-10,3.46,-2,-2,0,2.59,1,-0.87
8.044922,-1,-1,3.31,-2,-2,0,2.59,1,-0.72
8.049927,21,21,3.22,-2,-2,0,2.87,1,-0.35
8.054932,15,15,3.17,-2,-2,0,2.87,1,-0.3
8.059936,9,9,3.13,-2,-2,0,2.86,1,-0.27
8.064941,5,5,3.12,-2,-2,0,2.86,1,-0.26
8.069946,8,8,3.07,-2,-2,0,2.86,1,-0.21
8.074951,11,11,2.98,-2,-2,0,2.86,1,-0.12
8.079956,7,7,2.94,-2,-2,0,2.85,1,-0.0899999999999999
8.084961,-4,-4,2.96,-2,-2,0,2.85,1,-0.11
8.089966,-11,-11,2.97,0,0,0,2.85,1,-0.12
8.094971,-11,-11,2.95,0,0,0,2.85,1,-0.1
8.099976,30,30,2.97,0,0,0,3.42,1,0.45
8.10498,27,27,2.99,0,0,0,3.42,1,0.43
8.109985,25,25,3,0,0,0,3.42,1,0.42
8.11499,31,31,2.94,0,0,0,3.42,1,0.48
8.119995,26,26,2.99,0,2,0,3.42,1,0.43
8.125,26,26,3.01,0,2,0,3.42,1,0.41
8.130005,52,52,2.98,2,0,0,3.71,1,0.73
8.13501,55,55,2.95,2,0,0,3.71,1,0.76
8.140015,48,48,3.01,0,2,0,3.72,1,0.71
8.144897,50,50,3.01,0,2,0,3.72,1,0.71
8.149902,56,56,2.98,0,0,0,3.72,1,0.74
8.154907,64,64,2.89,0,0,0,3.72,1,0.83
8.159912,27,27,3.01,2,0,0,3.43,1,0.42
8.164917,31,31,2.98,2,0,0,3.43,1,0.45
8.169922,58,58,2.94,2,2,0,3.72,1,0.78
8.174927,60,60,2.9,2,2,0,3.72,1,0.82
8.179932,76,76,2.92,2,2,0,4.02,1,1.1
8.184936,67,67,2.95,2,2,0,4.02,1,1.07
8.189941,59,59,3.01,2,0,0,4.02,1,1.01
8.194946,68,68,2.9,2,0,0,4.02,1,1.12
8.199951,37,37,2.95,2,2,0,3.74,1,0.79
8.204956,20,20,2.98,2,2,0,3.74,1,0.76
8.209961,18,18,3.14,2,2,0,4.03,1,0.89
8.214966,15,15,3.21,2,2,0,4.03,1,0.82
8.219971,16,16,3.28,2,2,0,4.04,1,0.76
8.224976,20,20,3.28,2,2,0,4.04,1,0.76
8.22998,9,9,3.38,2,2,0,4.04,1,0.66
8.234985,1,1,3.46,2,2,0,4.04,1,0.58
8.23999,4,4,3.5,2,2,0,4.05,1,0.55
8.244995,8,8,3.53,2,2,0,4.05,1,0.52
8.25,6,6,3.58,0,2,0,4.05,1,0.47
8.255005,1,1,3.65,0,2,0,4.05,1,0.4
8.26001,-18,-18,3.69,0,0,0,3.77,1,0.0800000000000001
8.265015,-13,-13,3.7,0,0,0,3.77,1,0.0699999999999998
8.269897,-35,-35,3.74,0,0,0,3.48,1,-0.26
8.274902,-41,-41,3.83,0,0,0,3.48,1,-0.35
8.279907,-33,-33,3.83,0,0,0,3.48,1,-0.35
8.284912,-21,-21,3.77,0,0,0,3.48,1,-0.29
8.289917,-20,-20,3.76,0,0,0,3.48,1,-0.28
8.294922,-30,-30,3.83,0,0,0,3.48,1,-0.35
8.299927,-26,-26,3.79,0,0,0,3.48,1,-0.31
8.304932,-27,-27,3.79,0,0,0,3.48,1,-0.31
8.309936,-31,-31,3.82,0,0,0,3.48,1,-0.34
8.314941,-35,-35,3.86,0,0,0,3.48,1,-0.38
8.319946,-30,-30,3.82,-2,-2,0,3.48,1,-0.34
8.324951,-32,-32,3.82,-2,-2,0,3.48,1,-0.34
8.329956,-81,-81,3.86,-2,0,0,2.9,1,-0.96
8.334961,-87,-87,3.93,-2,0,0,2.9,1,-1.03
8.339966,-58,-58,3.87,0,0,0,3.18,1,-0.69
8.344971,-60,-60,3.89,0,0,0,3.18,1,-0.71
8.349976,-43,-43,3.91,0,0,0,3.47,1,-0.44
8.35498,-52,-52,4.02,0,0,0,3.47,1,-0.549999999999999
8.359985,-45,-45,4,0,-2,0,3.47,1,-0.53
8.36499,-44,-44,4.08,0,-2,0,3.47,1,-0.61
8.369995,-56,-56,4.06,-2,-2,0,3.18,1,-0.879999999999999
8.375,-46,-46,4.04,-2,-2,0,3.18,1,-0.86
8.380005,-56,-56,3.97,-2,-2,0,2.89,1,-1.08
8.38501,-48,-48,3.9,-2,-2,0,2.89,1,-1.01
8.390015,-45,-45,3.86,-2,0,0,2.88,1,-0.98
8.394897,-56,-56,3.96,-2,0,0,2.88,1,-1.08
8.399902,-27,-27,3.91,-2,-2,0,3.17,1,-0.74
8.404907,-12,-12,3.82,-2,-2,0,3.17,1,-0.65
8.409912,-12,-12,3.73,-2,-2,0,2.87,1,-0.86
8.414917,-22,-22,3.67,-2,-2,0,2.87,1,-0.8
8.419922,-21,-21,3.62,-2,-2,0,2.87,1,-0.75
8.424927,-23,-23,3.61,-2,-2,0,2.87,1,-0.74
8.429932,-25,-25,3.54,0,-2,0,2.86,1,-0.68
8.434936,-19,-19,3.52,0,-2,0,2.86,1,-0.66
8.439941,-18,-18,3.47,-2,0,0,3.15,1,-0.32
8.444946,4,4,3.44,-2,0,0,3.15,1,-0.29
8.449951,6,6,3.38,0,-2,0,3.14,1,-0.24
8.454956,10,10,3.29,0,-2,0,3.14,1,-0.15
8.459961,14,14,3.26,0,-2,0,3.14,1,-0.12
8.464966,10,10,3.27,0,-2,0,3.14,1,-0.13
8.469971,4,4,3.23,0,-2,0,3.14,1,-0.0899999999999999
8.474976,4,4,3.18,0,-2,0,3.14,1,-0.04
8.47998,7,7,3.18,0,0,0,3.13,1,-0.0500000000000003
8.484985,3,3,3.21,0,0,0,3.13,1,-0.0800000000000001
8.48999,-4,-4,3.22,0,0,0,3.42,1,0.2
8.494995,17,17,3.21,0,0,0,3.42,1,0.21
8.5,21,21,3.18,0,0,0,3.42,1,0.24
8.505005,25,25,3.17,0,0,0,3.42,1,0.25
8.51001,25,25,3.19,0,0,0,3.42,1,0.23
8.515015,24,24,3.12,0,0,0,3.42,1,0.3
8.519897,32,32,3.15,0,0,0,3.42,1,0.27
8.524902,31,31,3.12,0,0,0,3.42,1,0.3
8.529907,33,33,3.08,0,0,0,3.42,1,0.34
8.534912,38,38,3.02,0,0,0,3.42,1,0.4
8.539917,43,43,3.09,0,0,0,3.42,1,0.33
8.544922,36,36,3.07,0,0,0,3.42,1,0.35
8.549927,40,40,2.98,2,0,0,3.42,1,0.44
8.554932,50,50,2.89,2,0,0,3.42,1,0.53
8.559936,57,57,2.93,0,2,0,3.71,1,0.78
8.564941,72,72,2.92,0,2,0,3.71,1,0.79
8.569946,74,74,2.85,2,0,0,3.72,1,0.87
8.574951,84,84,2.67,2,0,0,3.72,1,1.05
8.579956,99,99,2.72,2,2,0,3.72,1,1
8.584961,85,85,2.67,2,2,0,3.72,1,1.05
8.589966,81,81,2.67,2,2,0,4.01,1,1.34
8.594971,95,95,2.55,2,2,0,4.01,1,1.46
8.599976,99,99,2.59,2,2,0,4.02,1,1.43
8.60498,85,85,2.66,2,2,0,4.02,1,1.36
8.609985,64,64,2.81,2,2,0,4.02,1,1.21
8.61499,42,42,2.78,2,2,0,4.02,1,1.24
8.619995,47,47,2.84,4,4,0,4.03,1,1.19
8.625,42,42,2.85,4,4,0,4.03,1,1.18
8.630005,34,34,3.05,2,4,0,4.62,1,1.57
8.63501,49,49,3.13,2,4,0,4.62,1,1.49
8.640015,42,42,3.29,2,4,0,4.34,1,1.05
8.644897,12,12,3.35,2,4,0,4.34,1,0.99
8.649902,16,16,3.37,2,4,0,4.35,1,0.98
8.654907,20,20,3.47,2,4,0,4.35,1,0.879999999999999
8.659912,10,10,3.62,2,2,0,4.36,1,0.74
8.664917,-1,-1,3.7,2,2,0,4.36,1,0.66
8.669922,-2,-2,3.77,2,4,0,4.07,1,0.3
8.674927,-20,-20,3.83,2,4,0,4.07,1,0.24
8.679932,-19,-19,3.88,2,2,0,4.37,1,0.49
8.684936,3,3,3.93,2,2,0,4.37,1,0.44
8.689941,3,3,3.98,2,0,0,4.09,1,0.11
8.694946,-17,-17,3.98,2,0,0,4.09,1,0.11
8.699951,-12,-12,3.99,0,0,0,3.8,1,-0.19
8.704956,-32,-32,4.03,0,0,0,3.8,1,-0.23
8.709961,-35,-35,4.07,2,0,0,3.51,1,-0.56
8.714966,-58,-58,4.16,2,0,0,3.51,1,-0.65
8.719971,-62,-62,4.11,0,0,0,3.81,1,-0.3
8.724976,-31,-31,4.06,0,0,0,3.81,1,-0.25
8.72998,-24,-24,4.09,0,-2,0,3.52,1,-0.57
8.734985,-53,-53,4.18,0,-2,0,3.52,1,-0.66
8.73999,-65,-65,4.15,0,0,0,3.23,1,-0.92
8.744995,-84,-84,4.17,0,0,0,3.23,1,-0.94
8.75,-86,-86,4.2,0,0,0,3.51,1,-0.69
8.755005,-70,-70,4.41,0,0,0,3.51,1,-0.9
8.76001,-89,-89,4.29,-2,-2,0,3.51,1,-0.78
8.765015,-74,-74,4.38,-2,-2,0,3.51,1,-0.87
8.769897,-78,-78,4.39,-2,-2,0,2.93,1,-1.46
8.774902,-117,-117,4.45,-2,-2,0,2.93,1,-1.52
8.779907,-113,-113,4.4,-2,-4,0,2.93,1,-1.47
8.784912,-100,-100,4.4,-2,-4,0,2.93,1,-1.47
8.789917,-89,-89,4.25,-4,-4,0,2.63,1,-1.62
8.794922,-86,-86,4.32,-4,-4,0,2.63,1,-1.69
8.799927,-89,-89,4.17,-4,-4,0,2.33,1,-1.84
8.804932,-95,-95,4.17,-4,-4,0,2.33,1,-1.84
8.809936,-93,-93,4.08,-4,-4,0,2.32,1,-1.76
8.814941,-86,-86,4.13,-4,-4,0,2.32,1,-1.81
8.819946,-86,-86,4.02,-4,-4,0,2.31,1,-1.71
8.824951,-68,-68,3.91,-4,-4,0,2.31,1,-1.6
8.829956,-47,-47,3.73,-4,-4,0,2.3,1,-1.43
8.834961,-27,-27,3.67,-4,-4,0,2.3,1,-1.37
8.839966,-25,-25,3.46,-4,-6,0,2.28,1,-1.18
8.844971,-9,-9,3.4,-4,-6,0,2.28,1,-1.12
8.849976,-7,-7,3.29,-4,-4,0,1.98,1,-1.31
8.85498,-23,-23,3.12,-4,-4,0,1.98,1,-1.14
8.859985,-11,-11,2.99,-4,-4,0,2.26,1,-0.73
8.86499,17,17,2.89,-4,-4,0,2.26,1,-0.63
8.869995,16,16,2.8,-2,-4,0,2.25,1,-0.55
8.875,13,13,2.68,-2,-4,0,2.25,1,-0.43
8.880005,16,16,2.6,-2,-2,0,2.53,1,-0.0700000000000003
8.88501,37,37,2.54,-2,-2,0,2.53,1,-0.0100000000000002
8.890015,34,34,2.5,0,0,0,2.81,1,0.31
8.894897,49,49,2.38,0,0,0,2.81,1,0.43
8.899902,53,53,2.38,0,0,0,3.38,1,1
8.904907,88,88,2.41,0,0,0,3.38,1,0.97
8.909912,76,76,2.43,0,0,0,3.38,1,0.95
8.914917,69,69,2.31,0,0,0,3.38,1,1.07
8.919922,80,80,2.5,2,2,0,3.38,1,0.88
8.924927,61,61,2.47,2,2,0,3.38,1,0.91
8.929932,65,65,2.44,2,2,0,3.97,1,1.53
8.934936,119,119,2.36,2,2,0,3.97,1,1.61
8.939941,126,126,2.35,2,4,0,3.97,1,1.62
8.944946,123,123,2.35,2,4,0,3.97,1,1.62
8.949951,117,117,2.43,2,2,0,4.27,1,1.84
8.954956,122,122,2.31,2,2,0,4.27,1,1.96
8.959961,124,124,2.43,4,2,0,3.99,1,1.56
8.964966,80,80,2.45,4,2,0,3.99,1,1.54
8.969971,57,57,2.68,4,4,0,4.28,1,1.6
8.974976,47,47,2.73,4,4,0,4.28,1,1.55
8.97998,42,42,2.96,4,4,0,4.58,1,1.62
8.984985,46,46,3.01,4,4,0,4.58,1,1.57
8.98999,49,49,3.12,4,4,0,4.59,1,1.47
8.994995,42,42,3.23,4,4,0,4.59,1,1.36
9,30,30,3.4,4,4,0,4.61,1,1.21
9.005005,16,16,3.5,4,4,0,4.61,1,1.11
9.01001,12,12,3.63,4,4,0,4.62,1,0.99
9.015015,6,6,3.75,4,4,0,4.62,1,0.87
9.019897,3,3,3.83,2,4,0,4.63,1,0.8
9.024902,6,6,3.9,2,4,0,4.63,1,0.73
9.029907,7,7,4,2,4,0,4.35,1,0.35
9.034912,-19,-19,4.07,2,4,0,4.35,1,0.279999999999999
9.039917,-20,-20,4.11,2,2,0,4.36,1,0.25
9.044922,-16,-16,4.16,2,2,0,4.36,1,0.2
9.049927,-14,-14,4.2,2,0,0,4.08,1,-0.12
9.054932,-35,-35,4.3,2,0,0,4.08,1,-0.22
9.059936,-38,-38,4.33,2,2,0,3.79,1,-0.54
9.064941,-54,-54,4.3,2,2,0,3.79,1,-0.51
9.069946,-43,-43,4.3,0,0,0,4.09,1,-0.21
9.074951,-15,-15,4.43,0,0,0,4.09,1,-0.34
9.079956,-24,-24,4.32,0,0,0,3.51,1,-0.81
9.084961,-52,-52,4.28,0,0,0,3.51,1,-0.77
9.089966,-46,-46,4.29,-2,-2,0,3.51,1,-0.78
9.094971,-52,-52,4.38,-2,-2,0,3.51,1,-0.87
9.099976,-62,-62,4.28,-2,-2,0,2.93,1,-1.35
9.10498,-93,-93,4.28,-2,-2,0,2.93,1,-1.35
9.109985,-94,-94,4.28,-2,0,0,2.92,1,-1.36
9.11499,-98,-98,4.39,-2,0,0,2.92,1,-1.47
9.119995,-106,-106,4.35,-2,-2,0,3.21,1,-1.14
9.125,-75,-75,4.38,-2,-2,0,3.21,1,-1.17
9.130005,-61,-61,4.21,-2,-2,0,2.91,1,-1.3
9.13501,-52,-52,4.19,-2,-2,0,2.91,1,-1.28
9.140015,-44,-44,3.99,-2,-4,0,2.91,1,-1.08
9.144897,-24,-24,3.92,-2,-4,0,2.91,1,-1.01
9.149902,-16,-16,3.82,-2,-2,0,2.61,1,-1.21
9.154907,-28,-28,3.7,-2,-2,0,2.61,1,-1.09
9.159912,-18,-18,3.55,-2,-2,0,2.89,1,-0.66
9.164917,13,13,3.45,-2,-2,0,2.89,1,-0.56
9.169922,16,16,3.36,-4,-2,0,2.89,1,-0.47
9.174927,16,16,3.23,-4,-2,0,2.89,1,-0.34
9.179932,20,20,3.15,0,-2,0,2.59,1,-0.56
9.184936,-3,-3,3.1,0,-2,0,2.59,1,-0.51
9.189941,-9,-9,3.05,0,-2,0,3.16,1,0.11
9.194946,29,29,3.05,0,-2,0,3.16,1,0.11
9.199951,23,23,3.03,0,-2,0,3.16,1,0.13
9.204956,22,22,2.98,0,-2,0,3.16,1,0.18
9.209961,23,23,2.97,0,0,0,3.16,1,0.19
9.214966,19,19,2.93,0,0,0,3.16,1,0.23
9.219971,18,18,2.98,0,0,0,3.45,1,0.47
9.224976,31,31,3.01,0,0,0,3.45,1,0.44
9.22998,28,28,2.97,0,0,0,3.45,1,0.48
9.234985,34,34,2.9,0,0,0,3.45,1,0.55
9.23999,40,40,2.98,0,0,0,3.45,1,0.47
9.244995,30,30,2.99,0,0,0,3.45,1,0.46
9.25,29,29,2.95,0,0,0,3.45,1,0.5
9.255005,37,37,2.9,0,0,0,3.45,1,0.55
9.26001,42,42,2.96,2,2,0,3.45,1,0.49
9.265015,33,33,2.98,2,2,0,3.45,1,0.47
9.269897,32,32,2.95,2,2,0,4.03,1,1.08
9.274902,82,82,2.86,2,2,0,4.03,1,1.17
9.279907,91,91,2.92,2,2,0,4.03,1,1.11
9.284912,82,82,2.93,2,2,0,4.03,1,1.1
9.289917,78,78,2.92,0,2,0,4.04,1,1.12
9.294922,81,81,2.77,0,2,0,4.04,1,1.27
9.299927,92,92,2.83,0,2,0,3.75,1,0.92
9.304932,54,54,2.83,0,2,0,3.75,1,0.92
9.309936,36,36,2.99,0,2,0,3.76,1,0.77
9.314941,10,10,3.05,0,2,0,3.76,1,0.71
9.319946,4,4,3.13,2,2,0,3.76,1,0.63
9.324951,0,0,3.12,2,2,0,3.76,1,0.64
9.329956,2,2,3.25,2,4,0,4.05,1,0.8
9.334961,7,7,3.41,2,4,0,4.05,1,0.64
9.339966,-7,-7,3.5,2,2,0,4.35,1,0.85
9.344971,15,15,3.52,2,2,0,4.35,1,0.83
9.349976,25,25,3.55,0,2,0,4.07,1,0.52
9.35498,9,9,3.55,0,2,0,4.07,1,0.52
9.359985,9,9,3.63,0,0,0,3.78,1,0.15
9.36499,-20,-20,3.7,0,0,0,3.78,1,0.0799999999999996
9.369995,-26,-26,3.72,0,2,0,3.49,1,-0.23
9.375,-45,-45,3.85,0,2,0,3.49,1,-0.36
9.380005,-50,-50,3.89,0,0,0,3.79,1,-0.1
9.38501,-25,-25,3.85,0,0,0,3.79,1,-0.0600000000000001
9.390015,-12,-12,3.83,0,0,0,3.5,1,-0.33
9.394897,-27,-27,3.89,0,0,0,3.5,1,-0.39
9.399902,-35,-35,3.88,-2,0,0,3.5,1,-0.38
9.404907,-36,-36,3.91,-2,0,0,3.5,1,-0.41
9.409912,-39,-39,3.92,0,-2,0,3.21,1,-0.71
9.414917,-62,-62,3.98,0,-2,0,3.21,1,-0.77
9.419922,-67,-67,3.93,-2,0,0,3.2,1,-0.73
9.424927,-61,-61,3.95,-2,0,0,3.2,1,-0.75
9.429932,-65,-65,4,-2,0,0,3.2,1,-0.8
9.434936,-73,-73,4.11,-2,0,0,3.2,1,-0.91
9.439941,-82,-82,4.01,-2,0,0,3.2,1,-0.81
9.444946,-67,-67,4.04,-2,0,0,3.2,1,-0.84
9.449951,-69,-69,4.09,0,-2,0,3.19,1,-0.9
9.454956,-74,-74,4.21,0,-2,0,3.19,1,-1.02
9.459961,-84,-84,4.19,-2,-4,0,3.19,1,-1
9.464966,-73,-73,4.21,-2,-4,0,3.19,1,-1.02
9.469971,-60,-60,4.07,-2,-2,0,2.61,1,-1.46
9.474976,-77,-77,4.11,-2,-2,0,2.61,1,-1.5
9.47998,-76,-76,3.96,-4,-2,0,2.89,1,-1.07
9.484985,-38,-38,3.91,-4,-2,0,2.89,1,-1.02
9.48999,-31,-31,3.82,-4,-2,0,2.59,1,-1.23
9.494995,-45,-45,3.77,-4,-2,0,2.59,1,-1.18
9.5,-39,-39,3.66,-2,-2,0,2.58,1,-1.08
9.505005,-31,-31,3.58,-2,-2,0,2.58,1,-1
9.51001,-27,-27,3.48,-2,-2,0,2.87,1,-0.61
9.515015,-1,-1,3.5,-2,-2,0,2.87,1,-0.63
9.519897,-6,-6,3.44,-2,-4,0,2.86,1,-0.58
9.524902,-4,-4,3.35,-2,-4,0,2.86,1,-0.49
9.529907,6,6,3.26,-2,-2,0,2.56,1,-0.7
9.534912,-9,-9,3.18,-2,-2,0,2.56,1,-0.62
9.539917,-9,-9,3.16,-2,0,0,2.85,1,-0.31
9.544922,7,7,3.14,-2,0,0,2.85,1,-0.29
9.549927,5,5,3.05,-2,-2,0,3.13,1,0.0800000000000001
9.554932,33,33,2.97,-2,-2,0,3.13,1,0.16
9.559936,36,36,2.96,0,-2,0,2.84,1,-0.12
9.564941,8,8,2.96,0,-2,0,2.84,1,-0.12
9.569946,1,1,2.95,0,0,0,3.12,1,0.17
9.574951,21,21,2.92,0,0,0,3.12,1,0.2
9.579956,22,22,2.94,0,0,0,3.41,1,0.47
9.584961,40,40,2.96,0,0,0,3.41,1,0.45
9.589966,38,38,2.94,0,0,0,3.41,1,0.47
9.594971,41,41,2.84,0,0,0,3.41,1,0.57
9.599976,52,52,2.91,2,2,0,3.41,1,0.5
9.60498,45,45,2.9,2,2,0,3.41,1,0.51
9.609985,45,45,2.85,0,2,0,3.99,1,1.14
9.61499,98,98,2.76,0,2,0,3.99,1,1.23
9.619995,106,106,2.84,0,0,0,3.71,1,0.87
9.625,74,74,2.81,0,0,0,3.71,1,0.9
9.630005,78,78,2.76,2,2,0,3.42,1,0.66
9.63501,65,65,2.61,2,2,0,3.42,1,0.81
9.640015,79,79,2.65,0,2,0,4,1,1.35
9.644897,110,110,2.61,0,2,0,4,1,1.39
9.649902,103,103,2.67,2,2,0,3.72,1,1.05
9.654907,69,69,2.51,2,2,0,3.72,1,1.21
9.659912,75,75,2.57,2,4,0,4.01,1,1.44
9.664917,80,80,2.63,2,4,0,4.01,1,1.38
9.669922,58,58,2.82,4,2,0,4.31,1,1.49
9.674927,51,51,2.83,4,2,0,4.31,1,1.48
9.679932,51,51,2.97,4,4,0,4.32,1,1.35
9.684936,40,40,3.04,4,4,0,4.32,1,1.28
9.689941,36,36,3.17,4,4,0,4.61,1,1.44
9.694946,41,41,3.25,4,4,0,4.61,1,1.36
9.699951,33,33,3.41,4,4,0,4.63,1,1.22
9.704956,24,24,3.43,4,4,0,4.63,1,1.2
9.709961,29,29,3.52,2,4,0,4.64,1,1.12
9.714966,25,25,3.6,2,4,0,4.64,1,1.04
9.719971,19,19,3.7,2,4,0,4.36,1,0.66
9.724976,-7,-7,3.77,2,4,0,4.36,1,0.59
9.72998,-8,-8,3.86,4,2,0,4.37,1,0.51
9.734985,-12,-12,3.99,4,2,0,4.37,1,0.38
9.73999,-19,-19,4.06,0,2,0,4.38,1,0.32
9.744995,-16,-16,4.09,0,2,0,4.38,1,0.29
9.75,-9,-9,4.13,2,0,0,3.8,1,-0.33
9.755005,-49,-49,4.21,2,0,0,3.8,1,-0.41
9.76001,-55,-55,4.26,0,0,0,3.81,1,-0.45
9.765015,-53,-53,4.26,0,0,0,3.81,1,-0.45
9.769897,-43,-43,4.2,0,0,0,3.52,1,-0.68
9.774902,-54,-54,4.3,0,0,0,3.52,1,-0.78
9.779907,-63,-63,4.2,0,0,0,3.52,1,-0.68
9.784912,-55,-55,4.22,0,0,0,3.52,1,-0.7
9.789917,-56,-56,4.24,0,0,0,3.52,1,-0.72
9.794922,-63,-63,4.32,0,0,0,3.52,1,-0.8
9.799927,-71,-71,4.21,-2,-2,0,3.52,1,-0.69
9.804932,-58,-58,4.26,-2,-2,0,3.52,1,-0.74
9.809936,-64,-64,4.35,-2,-2,0,2.94,1,-1.41
9.814941,-118,-118,4.49,-2,-2,0,2.94,1,-1.55
9.819946,-127,-127,4.47,-2,-2,0,2.93,1,-1.54
9.824951,-116,-116,4.46,-2,-2,0,2.93,1,-1.53
9.829956,-105,-105,4.36,-4,-2,0,2.92,1,-1.44
9.834961,-85,-85,4.49,-4,-2,0,2.92,1,-1.57
9.839966,-92,-92,4.35,-4,-2,0,2.63,1,-1.72
9.844971,-97,-97,4.37,-4,-2,0,2.63,1,-1.74
9.849976,-92,-92,4.23,-2,-4,0,2.62,1,-1.61
9.85498,-71,-71,4.28,-2,-4,0,2.62,1,-1.66
9.859985,-71,-71,4.15,-2,-4,0,2.61,1,-1.54
9.86499,-57,-57,4.06,-2,-4,0,2.61,1,-1.45
9.869995,-44,-44,3.9,-4,-4,0,2.6,1,-1.3
9.875,-22,-22,3.87,-4,-4,0,2.6,1,-1.27
9.880005,-21,-21,3.71,-4,-4,0,2.3,1,-1.41
9.88501,-30,-30,3.57,-4,-4,0,2.3,1,-1.27
9.890015,-22,-22,3.45,-4,-4,0,2.29,1,-1.16
9.894897,-20,-20,3.41,-4,-4,0,2.29,1,-1.12
9.899902,-24,-24,3.34,-4,-4,0,2.28,1,-1.06
9.904907,-23,-23,3.21,-4,-4,0,2.28,1,-0.93
9.909912,-9,-9,3.06,-2,-2,0,2.27,1,-0.79
9.914917,2,2,3.01,-2,-2,0,2.27,1,-0.74
9.919922,0,0,2.93,-2,-4,0,2.84,1,-0.0900000000000003
9.924927,43,43,2.85,-2,-4,0,2.84,1,-0.0100000000000002
9.929932,47,47,2.8,-2,-2,0,2.54,1,-0.26
9.934936,27,27,2.61,-2,-2,0,2.54,1,-0.0699999999999998
9.939941,42,42,2.59,-2,-2,0,2.82,1,0.23
9.944946,59,59,2.48,-2,-2,0,2.82,1,0.34
9.949951,57,57,2.42,0,-2,0,2.82,1,0.4
9.954956,51,51,2.34,0,-2,0,2.82,1,0.48
9.959961,46,46,2.5,0,0,0,3.1,1,0.6
9.964966,42,42,2.53,0,0,0,3.1,1,0.57
9.969971,39,39,2.53,2,2,0,3.39,1,0.86
9.974976,66,66,2.43,2,2,0,3.39,1,0.96
9.97998,80,80,2.47,2,2,0,3.97,1,1.5
9.984985,118,118,2.49,2,2,0,3.97,1,1.48
9.98999,117,117,2.47,0,0,0,3.98,1,1.51
9.994995,122,122,2.18,0,0,0,3.98,1,1.8
10,144,144,2.3,2,2,0,3.4,1,1.1
10.005005,74,74,2.34,2,2,0,3.4,1,1.06
10.01001,47,47,2.47,2,2,0,3.98,1,1.51
10.015015,69,69,2.49,2,2,0,3.98,1,1.49
10.019897,65,65,2.63,4,2,0,3.99,1,1.36
10.024902,52,52,2.66,4,2,0,3.99,1,1.33
10.029907,50,50,2.75,2,4,0,4.29,1,1.54
10.034912,63,63,2.79,2,4,0,4.29,1,1.5
10.039917,58,58,2.9,4,4,0,4.3,1,1.4
10.044922,52,52,2.96,4,4,0,4.3,1,1.34
10.049927,49,49,3.08,4,2,0,4.59,1,1.51
10.054932,62,62,3.09,4,2,0,4.59,1,1.5
10.059936,65,65,3.14,4,4,0,4.32,1,1.18
10.064941,43,43,3.2,4,4,0,4.32,1,1.12
10.069946,35,35,3.34,2,2,0,4.61,1,1.27
10.074951,43,43,3.38,2,2,0,4.61,1,1.23
10.079956,45,45,3.43,4,2,0,4.04,1,0.61
10.084961,4,4,3.45,4,2,0,4.04,1,0.59
10.089966,3,3,3.57,4,2,0,4.34,1,0.77
10.094971,11,11,3.69,4,2,0,4.34,1,0.65
10.099976,5,5,3.75,2,2,0,4.35,1,0.6
10.10498,9,9,3.74,2,2,0,4.35,1,0.609999999999999
10.109985,22,22,3.76,2,2,0,4.07,1,0.31
10.11499,2,2,3.8,2,2,0,4.07,1,0.27
10.119995,-3,-3,3.85,0,2,0,4.07,1,0.22
10.125,-4,-4,3.86,0,2,0,4.07,1,0.21
10.130005,0,0,3.86,0,2,0,3.79,1,-0.0699999999999998
10.13501,-19,-19,3.9,0,2,0,3.79,1,-0.11
10.140015,-22,-22,3.94,0,0,0,3.79,1,-0.15
10.144897,-22,-22,3.92,0,0,0,3.79,1,-0.13
10.149902,-16,-16,3.92,0,0,0,3.5,1,-0.42
10.154907,-34,-34,3.98,0,0,0,3.5,1,-0.48
10.159912,-38,-38,3.93,0,0,0,3.5,1,-0.43
10.164917,-31,-31,3.88,0,0,0,3.5,1,-0.38
10.169922,-25,-25,3.9,0,-2,0,3.5,1,-0.4
10.174927,-30,-30,3.97,0,-2,0,3.5,1,-0.47
10.179932,-39,-39,3.92,0,0,0,3.21,1,-0.71
10.184936,-58,-58,3.91,0,0,0,3.21,1,-0.7
10.189941,-57,-57,3.94,-2,-2,0,3.5,1,-0.44
10.194946,-41,-41,4.08,-2,-2,0,3.5,1,-0.58
10.199951,-54,-54,3.98,-2,-2,0,2.92,1,-1.06
10.204956,-86,-86,3.98,-2,-2,0,2.92,1,-1.06
10.209961,-88,-88,4.04,-2,0,0,2.91,1,-1.13
10.214966,-98,-98,4.25,-2,0,0,2.91,1,-1.34
10.219971,-114,-114,4.17,-2,-2,0,3.2,1,-0.97
10.224976,-74,-74,4.25,-2,-2,0,3.2,1,-1.05
10.22998,-66,-66,4.11,-2,-4,0,2.9,1,-1.21
10.234985,-60,-60,4.09,-2,-4,0,2.9,1,-1.19
10.23999,-50,-50,3.95,-4,-2,0,2.61,1,-1.34
10.244995,-57,-57,3.87,-4,-2,0,2.61,1,-1.26
10.25,-49,-49,3.77,-4,-4,0,2.6,1,-1.17
10.255005,-45,-45,3.83,-4,-4,0,2.6,1,-1.23
10.26001,-54,-54,3.72,-2,-4,0,2.3,1,-1.42
10.265015,-64,-64,3.63,-2,-4,0,2.3,1,-1.33
10.269897,-48,-48,3.52,-2,-4,0,2.58,1,-0.94
10.274902,-17,-17,3.51,-2,-4,0,2.58,1,-0.93
10.279907,-21,-21,3.38,-4,-4,0,2.57,1,-0.81
10.284912,-11,-11,3.38,-4,-4,0,2.57,1,-0.81
10.289917,-9,-9,3.24,-2,-2,0,2.27,1,-0.97
10.294922,-16,-16,3.1,-2,-2,0,2.27,1,-0.83
10.299927,-6,-6,3.02,-2,-2,0,2.84,1,-0.18
10.304932,38,38,2.94,-2,-2,0,2.84,1,-0.1
10.309936,37,37,2.85,-2,-2,0,2.83,1,-0.02
10.314941,37,37,2.68,-2,-2,0,2.83,1,0.15
10.319946,44,44,2.67,0,0,0,2.83,1,0.16
10.324951,31,31,2.67,0,0,0,2.83,1,0.16
10.329956,18,18,2.68,0,0,0,3.4,1,0.72
10.334961,51,51,2.68,0,0,0,3.4,1,0.72
10.339966,46,46,2.75,0,0,0,3.4,1,0.65
10.344971,39,39,2.77,0,0,0,3.4,1,0.63
10.349976,40,40,2.76,2,0,0,3.4,1,0.64
10.35498,43,43,2.69,2,0,0,3.4,1,0.71
10.359985,50,50,2.76,2,0,0,3.7,1,0.94
10.36499,62,62,2.79,2,0,0,3.7,1,0.91
10.369995,64,64,2.73,2,2,0,3.7,1,0.97
10.375,73,73,2.62,2,2,0,3.7,1,1.08
10.380005,83,83,2.71,2,2,0,3.99,1,1.28
10.38501,91,91,2.71,2,2,0,3.99,1,1.28
10.390015,89,89,2.66,2,0,0,4,1,1.34
10.394897,93,93,2.52,2,0,0,4,1,1.48
10.399902,98,98,2.6,2,2,0,3.71,1,1.11
10.404907,56,56,2.66,2,2,0,3.71,1,1.05
10.409912,32,32,2.83,2,2,0,4.01,1,1.18
10.414917,31,31,2.88,2,2,0,4.01,1,1.13
10.419922,28,28,2.96,2,2,0,4.01,1,1.05
10.424927,24,24,3.02,2,2,0,4.01,1,0.99
10.429932,17,17,3.16,2,2,0,4.02,1,0.859999999999999
10.434936,2,2,3.26,2,2,0,4.02,1,0.76
10.439941,-5,-5,3.4,4,2,0,4.02,1,0.62
10.444946,-9,-9,3.44,4,2,0,4.02,1,0.58
10.449951,-4,-4,3.51,2,2,0,4.32,1,0.81
10.454956,16,16,3.67,2,2,0,4.32,1,0.65
10.459961,5,5,3.76,2,2,0,4.04,1,0.28
10.464966,-17,-17,3.8,2,2,0,4.04,1,0.24
10.469971,-7,-7,3.78,2,0,0,4.04,1,0.26
10.474976,5,5,3.84,2,0,0,4.04,1,0.2
10.47998,5,5,3.87,0,0,0,3.76,1,-0.11
10.484985,-17,-17,3.86,0,0,0,3.76,1,-0.1
10.48999,-8,-8,3.81,0,0,0,3.47,1,-0.34
10.494995,-19,-19,3.81,0,0,0,3.47,1,-0.34
10.5,-18,-18,3.8,0,0,0,3.47,1,-0.33
10.505005,-21,-21,3.81,0,0,0,3.47,1,-0.34
10.51001,-24,-24,3.82,0,0,0,3.47,1,-0.35
10.515015,-24,-24,3.83,0,0,0,3.47,1,-0.36
10.519897,-25,-25,3.79,0,-2,0,3.47,1,-0.32
10.524902,-21,-21,3.78,0,-2,0,3.47,1,-0.31
10.529907,-23,-23,3.82,0,0,0,3.18,1,-0.64
10.534912,-51,-51,3.86,0,0,0,3.18,1,-0.68
10.539917,-53,-53,3.8,0,0,0,3.47,1,-0.33
10.544922,-24,-24,3.79,0,0,0,3.47,1,-0.32
10.549927,-26,-26,3.84,0,0,0,3.47,1,-0.37
10.554932,-33,-33,3.9,0,0,0,3.47,1,-0.43
10.559936,-39,-39,3.85,-2,-2,0,3.47,1,-0.38
10.564941,-31,-31,3.85,-2,-2,0,3.47,1,-0.38
10.569946,-32,-32,3.91,0,0,0,2.89,1,-1.02
10.574951,-83,-83,3.99,0,0,0,2.89,1,-1.1
10.579956,-91,-91,3.96,0,0,0,3.46,1,-0.5
10.584961,-38,-38,3.92,0,0,0,3.46,1,-0.46
10.589966,-30,-30,3.89,-2,-2,0,3.46,1,-0.43
10.594971,-28,-28,3.96,-2,-2,0,3.46,1,-0.5
10.599976,-37,-37,3.9,0,-2,0,2.88,1,-1.02
10.60498,-76,-76,3.92,0,-2,0,2.88,1,-1.04
10.609985,-76,-76,3.94,-2,-2,0,3.17,1,-0.77
10.61499,-56,-56,4.04,-2,-2,0,3.17,1,-0.87
10.619995,-62,-62,3.99,-2,-2,0,2.87,1,-1.12
10.625,-68,-68,3.96,-2,-2,0,2.87,1,-1.09
10.630005,-49,-49,3.88,-2,-4,0,2.87,1,-1.01
10.63501,-35,-35,3.89,-2,-4,0,2.87,1,-1.02
10.640015,-36,-36,3.8,-2,-4,0,2.57,1,-1.23
10.644897,-49,-49,3.74,-2,-4,0,2.57,1,-1.17
10.649902,-44,-44,3.66,-2,-2,0,2.56,1,-1.1
10.654907,-33,-33,3.65,-2,-2,0,2.56,1,-1.09
10.659912,-30,-30,3.56,-2,-2,0,2.84,1,-0.72
10.664917,0,0,3.47,-2,-2,0,2.84,1,-0.63
10.669922,8,8,3.38,-4,-4,0,2.84,1,-0.54
10.674927,17,17,3.22,-4,-4,0,2.84,1,-0.38
10.679932,27,27,3.14,-4,-2,0,2.25,1,-0.89
10.684936,-18,-18,3.1,-4,-2,0,2.25,1,-0.85
10.689941,-22,-22,3,-2,-2,0,2.53,1,-0.47
10.694946,3,3,3,-2,-2,0,2.53,1,-0.47
10.699951,1,1,2.95,0,0,0,2.81,1,-0.14
10.704956,24,24,2.88,0,0,0,2.81,1,-0.0699999999999998
10.709961,30,30,2.82,0,-2,0,3.39,1,0.57
10.714966,78,78,2.66,0,-2,0,3.39,1,0.73
10.719971,87,87,2.63,0,0,0,3.1,1,0.47
10.724976,60,60,2.66,0,0,0,3.1,1,0.44
10.72998,48,48,2.64,0,0,0,3.38,1,0.74
10.734985,68,68,2.52,0,0,0,3.38,1,0.86
10.73999,81,81,2.6,2,0,0,3.38,1,0.78
10.744995,72,72,2.55,2,0,0,3.38,1,0.83
10.75,77,77,2.51,0,0,0,3.68,1,1.17
10.755005,105,105,2.39,0,0,0,3.68,1,1.29
10.76001,116,116,2.49,2,2,0,3.39,1,0.9
10.765015,81,81,2.4,2,2,0,3.39,1,0.99
10.769897,89,89,2.37,2,0,0,3.97,1,1.6
10.774902,136,136,2.17,2,0,0,3.97,1,1.8
10.779907,144,144,2.25,2,2,0,3.68,1,1.43
10.784912,96,96,2.32,2,2,0,3.68,1,1.36
10.789917,73,73,2.43,2,2,0,3.98,1,1.55
10.794922,81,81,2.35,2,2,0,3.98,1,1.63
10.799927,90,90,2.41,4,4,0,3.98,1,1.57
10.804932,83,83,2.47,4,4,0,3.98,1,1.51
10.809936,67,67,2.64,4,4,0,4.57,1,1.93
10.814941,83,83,2.63,4,4,0,4.57,1,1.94
10.819946,83,83,2.79,4,4,0,4.58,1,1.79
10.824951,72,72,2.79,4,4,0,4.58,1,1.79
10.829956,75,75,2.92,4,4,0,4.59,1,1.67
10.834961,58,58,2.94,4,4,0,4.59,1,1.65
10.839966,52,52,3.09,4,4,0,4.61,1,1.52
10.844971,41,41,3.17,4,4,0,4.61,1,1.44
10.849976,33,33,3.34,4,4,0,4.62,1,1.28
10.85498,16,16,3.41,4,4,0,4.62,1,1.21
10.859985,14,14,3.48,2,4,0,4.63,1,1.15
10.86499,15,15,3.56,2,4,0,4.63,1,1.07
10.869995,10,10,3.7,4,4,0,4.35,1,0.649999999999999
10.875,-25,-25,3.81,4,4,0,4.35,1,0.54
10.880005,-31,-31,3.91,4,4,0,4.65,1,0.74
10.88501,-7,-7,3.95,4,4,0,4.65,1,0.7
10.890015,-3,-3,4.04,2,4,0,4.66,1,0.62
10.894897,-8,-8,4.19,2,4,0,4.66,1,0.47
10.899902,-18,-18,4.27,2,2,0,4.38,1,0.11
10.904907,-40,-40,4.31,2,2,0,4.38,1,0.0700000000000003
10.909912,-34,-34,4.37,2,2,0,4.1,1,-0.27
10.914917,-54,-54,4.53,2,2,0,4.1,1,-0.430000000000001
10.919922,-65,-65,4.55,0,0,0,4.11,1,-0.44
10.924927,-59,-59,4.55,0,0,0,4.11,1,-0.44
10.929932,-47,-47,4.53,0,0,0,3.53,1,-1
10.934936,-83,-83,4.62,0,0,0,3.53,1,-1.09
10.939941,-92,-92,4.49,-2,-2,0,3.53,1,-0.96
10.944946,-80,-80,4.51,-2,-2,0,3.53,1,-0.98
10.949951,-85,-85,4.55,0,-2,0,2.95,1,-1.6
10.954956,-139,-139,4.68,0,-2,0,2.95,1,-1.73
10.959961,-153,-153,4.61,-2,-2,0,3.23,1,-1.38
10.964966,-121,-121,4.69,-2,-2,0,3.23,1,-1.46
10.969971,-124,-124,4.74,-2,-2,0,2.94,1,-1.8
10.974976,-146,-146,4.96,-2,-2,0,2.94,1,-2.02
10.97998,-158,-158,4.95,-4,-4,0,2.93,1,-2.02
10.984985,-143,-143,4.93,-4,-4,0,2.93,1,-2
10.98999,-116,-116,4.73,-4,-4,0,2.35,1,-2.38
10.994995,-123,-123,4.8,-4,-4,0,2.35,1,-2.45
11,-124,-124,4.6,-6,-4,0,2.33,1,-2.27
11.005005,-102,-102,4.54,-6,-4,0,2.33,1,-2.21
11.01001,-93,-93,4.41,-4,-6,0,2.03,1,-2.38
11.015015,-103,-103,4.4,-4,-6,0,2.03,1,-2.37
11.019897,-99,-99,4.15,-4,-6,0,2.02,1,-2.13
11.024902,-71,-71,4,-4,-6,0,2.02,1,-1.98
11.029907,-56,-56,3.82,-6,-6,0,2,1,-1.82
11.034912,-45,-45,3.82,-6,-6,0,2,1,-1.82
11.039917,-49,-49,3.67,-6,-6,0,1.7,1,-1.97
11.044922,-61,-61,3.55,-6,-6,0,1.7,1,-1.85
11.049927,-49,-49,3.36,-6,-6,0,1.68,1,-1.68
11.054932,-32,-32,3.3,-6,-6,0,1.68,1,-1.62
11.059936,-32,-32,3.13,-6,-4,0,1.66,1,-1.47
11.064941,-21,-21,2.99,-6,-4,0,1.66,1,-1.33
11.069946,-10,-10,2.83,-4,-6,0,1.94,1,-0.89
11.074951,22,22,2.69,-4,-6,0,1.94,1,-0.75
11.079956,28,28,2.56,-4,-4,0,1.92,1,-0.64
11.084961,31,31,2.45,-4,-4,0,1.92,1,-0.53
11.089966,33,33,2.36,-4,-4,0,2.2,1,-0.16
11.094971,55,55,2.17,-4,-4,0,2.2,1,0.0300000000000002
11.099976,67,67,2.13,-2,-2,0,2.19,1,0.0600000000000001
11.10498,61,61,2.04,-2,-2,0,2.19,1,0.15
11.109985,56,56,1.94,0,-2,0,2.76,1,0.82
11.11499,97,97,1.81,0,-2,0,2.76,1,0.95
11.119995,96,96,1.92,0,0,0,3.04,1,1.12
11.125,93,93,1.97,0,0,0,3.04,1,1.07
11.130005,82,82,1.95,2,0,0,3.33,1,1.38
11.13501,108,108,1.78,2,0,0,3.33,1,1.55
11.140015,126,126,1.93,2,2,0,3.62,1,1.69
11.144897,131,131,1.94,2,2,0,3.62,1,1.68
11.149902,132,132,1.88,2,2,0,3.91,1,2.03
11.154907,166,166,1.61,2,2,0,3.91,1,2.3
11.159912,192,192,1.68,2,4,0,3.92,1,2.24
11.164917,172,172,1.63,2,4,0,3.92,1,2.29
11.169922,151,151,1.85,4,2,0,4.22,1,2.37
11.174927,130,130,1.75,4,2,0,4.22,1,2.47
11.179932,128,128,2.01,6,4,0,4.23,1,2.22
11.184936,96,96,2.03,6,4,0,4.23,1,2.2
11.189941,87,87,2.27,6,4,0,4.82,1,2.55
11.194946,101,101,2.34,6,4,0,4.82,1,2.48
11.199951,87,87,2.62,6,4,0,4.83,1,2.21
11.204956,62,62,2.81,6,4,0,4.83,1,2.02
11.209961,50,50,2.99,4,6,0,4.85,1,1.86
11.214966,43,43,3.03,4,6,0,4.85,1,1.82
11.219971,47,47,3.2,6,6,0,4.86,1,1.66
11.224976,36,36,3.38,6,6,0,4.86,1,1.48
11.22998,16,16,3.57,4,4,0,5.17,1,1.6
11.234985,25,25,3.68,4,4,0,5.17,1,1.49
11.23999,25,25,3.84,6,6,0,4.6,1,0.76
11.244995,-19,-19,3.92,6,6,0,4.6,1,0.68
11.25,-17,-17,4,4,4,0,5.19,1,1.19
11.255005,24,24,4.22,4,4,0,5.19,1,0.970000000000001
11.26001,10,10,4.29,2,2,0,4.63,1,0.34
11.265015,-28,-28,4.37,2,2,0,4.63,1,0.26
11.269897,-19,-19,4.41,2,2,0,4.06,1,-0.350000000000001
11.274902,-50,-50,4.41,2,2,0,4.06,1,-0.350000000000001
11.279907,-40,-40,4.43,2,2,0,4.06,1,-0.37
11.284912,-36,-36,4.45,2,2,0,4.06,1,-0.390000000000001
11.289917,-31,-31,4.43,0,0,0,4.07,1,-0.359999999999999
11.294922,-18,-18,4.42,0,0,0,4.07,1,-0.35
11.299927,-9,-9,4.33,0,0,0,3.49,1,-0.84
11.304932,-43,-43,4.27,0,0,0,3.49,1,-0.779999999999999
11.309936,-38,-38,4.24,0,0,0,3.49,1,-0.75
11.314941,-39,-39,4.31,0,0,0,3.49,1,-0.819999999999999
11.319946,-48,-48,4.21,-2,-2,0,3.49,1,-0.72
11.324951,-38,-38,4.16,-2,-2,0,3.49,1,-0.67
11.329956,-35,-35,4.18,-2,-2,0,2.91,1,-1.27
11.334961,-84,-84,4.25,-2,-2,0,2.91,1,-1.34
11.339966,-92,-92,4.16,-2,-2,0,2.91,1,-1.25
11.344971,-81,-81,4.11,-2,-2,0,2.91,1,-1.2
11.349976,-77,-77,4.1,-2,-2,0,2.9,1,-1.2
11.35498,-81,-81,4.32,-2,-2,0,2.9,1,-1.42
11.359985,-101,-101,4.26,-2,-2,0,2.9,1,-1.36
11.36499,-83,-83,4.2,-2,-2,0,2.9,1,-1.3
11.369995,-54,-54,4.05,-2,-2,0,2.89,1,-1.16
11.375,-30,-30,4.03,-2,-2,0,2.89,1,-1.14
11.380005,-27,-27,3.84,-4,-4,0,2.88,1,-0.96
11.38501,-8,-8,3.74,-4,-4,0,2.88,1,-0.86
11.390015,0,0,3.63,-4,-4,0,2.3,1,-1.33
11.394897,-38,-38,3.5,-4,-4,0,2.3,1,-1.2
11.399902,-34,-34,3.43,-2,-4,0,2.28,1,-1.15
11.404907,-32,-32,3.3,-2,-4,0,2.28,1,-1.02
11.409912,-24,-24,3.19,-2,-2,0,2.56,1,-0.63
11.414917,2,2,3.2,-2,-2,0,2.56,1,-0.64
11.419922,-5,-5,3.09,-2,-2,0,2.85,1,-0.24
11.424927,21,21,3.03,-2,-2,0,2.85,1,-0.18
11.429932,24,24,3,-2,-2,0,2.84,1,-0.16
11.434936,22,22,2.84,-2,-2,0,2.84,1,0
11.439941,32,32,2.79,-2,-2,0,2.83,1,0.04
11.444946,30,30,2.77,-2,-2,0,2.83,1,0.0600000000000001
11.449951,22,22,2.7,0,0,0,2.83,1,0.13
11.454956,17,17,2.65,0,0,0,2.83,1,0.18
11.459961,14,14,2.73,0,0,0,3.4,1,0.67
11.464966,42,42,2.76,0,0,0,3.4,1,0.64
11.469971,39,39,2.72,0,0,0,3.4,1,0.68
11.474976,46,46,2.63,0,0,0,3.4,1,0.77
11.47998,53,53,2.72,0,2,0,3.4,1,0.68
11.484985,41,41,2.76,0,2,0,3.4,1,0.64
11.48999,38,38,2.72,0,0,0,3.7,1,0.98
11.494995,67,67,2.63,0,0,0,3.7,1,1.07
11.5,76,76,2.7,2,0,0,3.41,1,0.71
11.505005,43,43,2.74,2,0,0,3.41,1,0.67
11.51001,39,39,2.71,2,2,0,3.7,1,0.99
11.515015,66,66,2.61,2,2,0,3.7,1,1.09
11.519897,72,72,2.63,2,0,0,3.99,1,1.36
11.524902,81,81,2.75,2,0,0,3.99,1,1.24
11.529907,55,55,2.88,2,2,0,3.71,1,0.83
11.534912,17,17,2.8,2,2,0,3.71,1,0.91
11.539917,29,29,2.82,4,2,0,4,1,1.18
11.544922,49,49,2.86,4,2,0,4,1,1.14
11.549927,30,30,3.06,2,2,0,4.3,1,1.24
11.554932,21,21,3.16,2,2,0,4.3,1,1.14
11.559936,14,14,3.34,2,4,0,4.02,1,0.68
11.564941,-18,-18,3.36,2,4,0,4.02,1,0.66
11.569946,-11,-11,3.39,2,2,0,4.31,1,0.919999999999999
11.574951,10,10,3.63,2,2,0,4.31,1,0.68
11.579956,-15,-15,3.74,2,2,0,4.03,1,0.29
11.584961,-40,-40,3.85,2,2,0,4.03,1,0.18
11.589966,-37,-37,3.96,2,0,0,4.04,1,0.0800000000000001
11.594971,-32,-32,4.02,2,0,0,4.04,1,0.0200000000000005
11.599976,-24,-24,3.98,0,0,0,3.75,1,-0.23
11.60498,-33,-33,3.98,0,0,0,3.75,1,-0.23
11.609985,-29,-29,4.02,0,0,0,3.46,1,-0.56
11.61499,-54,-54,4.09,0,0,0,3.46,1,-0.63
11.619995,-62,-62,4.08,0,-2,0,3.46,1,-0.62
11.625,-59,-59,4.09,0,-2,0,3.46,1,-0.63
11.630005,-61,-61,4.14,-2,-2,0,3.17,1,-0.97
11.63501,-90,-90,4.31,-2,-2,0,3.17,1,-1.14
11.640015,-105,-105,4.23,0,-2,0,2.88,1,-1.35
11.644897,-115,-115,4.23,0,-2,0,2.88,1,-1.35
11.649902,-116,-116,4.3,0,0,0,3.16,1,-1.14
11.654907,-105,-105,4.54,0,0,0,3.16,1,-1.38
11.659912,-125,-125,4.52,-2,-2,0,3.45,1,-1.07
11.664917,-89,-89,4.6,-2,-2,0,3.45,1,-1.15
11.669922,-72,-72,4.4,-2,-4,0,2.87,1,-1.53
11.674927,-73,-73,4.43,-2,-4,0,2.87,1,-1.56
11.679932,-63,-63,4.25,-4,-4,0,2.57,1,-1.68
11.684936,-66,-66,4.12,-4,-4,0,2.57,1,-1.55
11.689941,-54,-54,4.02,-4,-4,0,2.27,1,-1.75
11.694946,-69,-69,4.08,-4,-4,0,2.27,1,-1.81
11.699951,-77,-77,3.94,-4,-4,0,2.26,1,-1.68
11.704956,-63,-63,3.8,-4,-4,0,2.26,1,-1.54
11.709961,-44,-44,3.66,-4,-4,0,2.25,1,-1.41
11.714966,-31,-31,3.64,-4,-4,0,2.25,1,-1.39
11.719971,-35,-35,3.51,-4,-4,0,2.24,1,-1.27
11.724976,-26,-26,3.42,-4,-4,0,2.24,1,-1.18
11.72998,-14,-14,3.24,-4,-4,0,2.23,1,-1.01
11.734985,5,5,3.13,-4,-4,0,2.23,1,-0.9
11.73999,11,11,3,-4,-4,0,2.21,1,-0.79
11.744995,17,17,2.87,-4,-4,0,2.21,1,-0.66
11.75,21,21,2.75,-2,-2,0,2.2,1,-0.55
11.755005,25,25,2.58,-2,-2,0,2.2,1,-0.38
11.76001,33,33,2.49,-2,-4,0,2.77,1,0.28
11.765015,72,72,2.45,-2,-4,0,2.77,1,0.32
11.769897,66,66,2.38,0,-2,0,2.48,1,0.1
11.774902,43,43,2.15,0,-2,0,2.48,1,0.33
11.779907,59,59,2.22,0,0,0,3.05,1,0.83
11.784912,86,86,2.22,0,0,0,3.05,1,0.83
11.789917,74,74,2.2,0,0,0,3.34,1,1.14
11.794922,96,96,2.06,0,0,0,3.34,1,1.28
11.799927,108,108,2.18,2,2,0,3.34,1,1.16
11.804932,94,94,2.17,2,2,0,3.34,1,1.17
11.809936,96,96,2.04,2,2,0,3.92,1,1.88
11.814941,156,156,1.81,2,2,0,3.92,1,2.11
11.819946,173,173,1.84,4,2,0,3.93,1,2.09
11.824951,153,153,1.88,4,2,0,3.93,1,2.05
11.829956,125,125,2.03,2,4,0,4.22,1,2.19
11.834961,118,118,1.97,2,4,0,4.22,1,2.25
11.839966,119,119,2.15,4,4,0,4.23,1,2.08
11.844971,98,98,2.11,4,4,0,4.23,1,2.12
11.849976,93,93,2.31,6,6,0,4.53,1,2.22
11.85498,86,86,2.35,6,6,0,4.53,1,2.18
11.859985,72,72,2.65,4,6,0,5.12,1,2.47
11.86499,88,88,2.74,4,6,0,5.12,1,2.38
11.869995,81,81,2.89,6,4,0,4.85,1,1.96
11.875,52,52,2.95,6,4,0,4.85,1,1.9
11.880005,49,49,3.18,6,6,0,4.87,1,1.69
11.88501,28,28,3.36,6,6,0,4.87,1,1.51
11.890015,7,7,3.6,6,4,0,5.17,1,1.57
11.894897,8,8,3.75,6,4,0,5.17,1,1.42
11.899902,4,4,3.93,4,4,0,4.9,1,0.97
11.904907,-22,-22,4.05,4,4,0,4.9,1,0.850000000000001
11.909912,-20,-20,4.13,4,4,0,4.62,1,0.49
11.914917,-40,-40,4.33,4,4,0,4.62,1,0.29
11.919922,-52,-52,4.47,2,4,0,4.63,1,0.16
11.924927,-56,-56,4.56,2,4,0,4.63,1,0.0700000000000003
11.929932,-50,-50,4.64,2,2,0,4.35,1,-0.29
11.934936,-64,-64,4.8,2,2,0,4.35,1,-0.45
11.939941,-62,-62,4.78,0,0,0,4.07,1,-0.71
11.944946,-71,-71,4.79,0,0,0,4.07,1,-0.72
11.949951,-60,-60,4.76,0,0,0,3.49,1,-1.27
11.954956,-92,-92,4.86,0,0,0,3.49,1,-1.37
11.959961,-97,-97,4.71,-2,-2,0,3.49,1,-1.22
11.964966,-82,-82,4.69,-2,-2,0,3.49,1,-1.2
11.969971,-82,-82,4.71,-2,-2,0,2.91,1,-1.8
11.974976,-135,-135,4.86,-2,-2,0,2.91,1,-1.95
11.97998,-151,-151,4.76,-2,-2,0,2.91,1,-1.85
11.984985,-137,-137,4.82,-2,-2,0,2.91,1,-1.91
11.98999,-139,-139,4.83,-2,-4,0,2.9,1,-1.93
11.994995,-137,-137,5.01,-2,-4,0,2.9,1,-2.11
12,-143,-143,4.96,-4,-4,0,2.6,1,-2.36
12.005005,-140,-140,4.87,-4,-4,0,2.6,1,-2.27
12.01001,-103,-103,4.58,-6,-4,0,2.3,1,-2.28
12.015015,-85,-85,4.57,-6,-4,0,2.3,1,-2.27
12.019897,-80,-80,4.31,-6,-6,0,2,1,-2.31
12.024902,-74,-74,4.22,-6,-6,0,2,1,-2.22
12.029907,-61,-61,3.97,-6,-6,0,1.7,1,-2.27
12.034912,-63,-63,3.89,-6,-6,0,1.7,1,-2.19
12.039917,-60,-60,3.66,-4,-6,0,1.68,1,-1.98
12.044922,-44,-44,3.5,-4,-6,0,1.68,1,-1.82
12.049927,-32,-32,3.3,-6,-4,0,1.95,1,-1.35
12.054932,6,6,3.19,-6,-4,0,1.95,1,-1.24
12.059936,10,10,2.96,-4,-6,0,1.94,1,-1.02
12.064941,25,25,2.8,-4,-6,0,1.94,1,-0.86
12.069946,35,35,2.63,-6,-4,0,1.92,1,-0.71
12.074951,40,40,2.38,-6,-4,0,1.92,1,-0.46
12.079956,52,52,2.27,-4,-4,0,1.91,1,-0.36
12.084961,47,47,2.21,-4,-4,0,1.91,1,-0.3
12.089966,39,39,2.06,-2,-2,0,2.19,1,0.13
12.094971,61,61,1.89,-2,-2,0,2.19,1,0.3
12.099976,64,64,1.89,0,-2,0,2.76,1,0.87
12.10498,91,91,1.88,0,-2,0,2.76,1,0.88
12.109985,80,80,1.86,0,0,0,3.04,1,1.18
12.11499,96,96,1.74,0,0,0,3.04,1,1.3
12.119995,102,102,1.88,0,0,0,3.33,1,1.45
12.125,106,106,1.88,0,0,0,3.33,1,1.45
12.130005,108,108,1.83,2,2,0,3.33,1,1.5
12.13501,118,118,1.64,2,2,0,3.33,1,1.69
12.140015,134,134,1.81,2,4,0,3.91,1,2.1
12.144897,154,154,1.73,2,4,0,3.91,1,2.18
12.149902,153,153,1.76,4,4,0,4.21,1,2.45
12.154907,158,158,1.71,4,4,0,4.21,1,2.5
12.159912,145,145,1.81,4,4,0,4.51,1,2.7
12.164917,142,142,1.86,4,4,0,4.51,1,2.65
12.169922,116,116,2.19,4,4,0,4.52,1,2.33
12.174927,71,71,2.2,4,4,0,4.52,1,2.32
12.179932,67,67,2.52,6,6,0,4.53,1,2.01
12.184936,37,37,2.54,6,6,0,4.53,1,1.99
12.189941,31,31,2.81,6,6,0,5.12,1,2.31
12.194946,45,45,3.06,6,6,0,5.12,1,2.06
12.199951,21,21,3.33,6,6,0,5.14,1,1.81
12.204956,3,3,3.6,6,6,0,5.14,1,1.54
12.209961,-7,-7,3.8,6,4,0,5.16,1,1.36
12.214966,-10,-10,3.96,6,4,0,5.16,1,1.2
12.219971,-7,-7,4.07,4,2,0,4.89,1,0.819999999999999
12.224976,-24,-24,4.18,4,2,0,4.89,1,0.71
12.22998,-24,-24,4.31,2,4,0,4.32,1,0.0100000000000007
12.234985,-76,-76,4.52,2,4,0,4.32,1,-0.199999999999999
12.23999,-88,-88,4.64,2,2,0,4.33,1,-0.31
12.244995,-85,-85,4.69,2,2,0,4.33,1,-0.36
12.25,-75,-75,4.76,2,2,0,4.04,1,-0.72
12.255005,-89,-89,5,2,2,0,4.04,1,-0.96
12.26001,-99,-99,4.91,0,0,0,4.05,1,-0.86
12.265015,-79,-79,4.92,0,0,0,4.05,1,-0.87
12.269897,-69,-69,4.91,-2,-2,0,3.47,1,-1.44
12.274902,-110,-110,5.03,-2,-2,0,3.47,1,-1.56
12.279907,-122,-122,4.92,-2,-2,0,2.89,1,-2.03
12.284912,-152,-152,4.9,-2,-2,0,2.89,1,-2.01
12.289917,-152,-152,4.98,-2,-2,0,2.89,1,-2.09
12.294922,-162,-162,5.21,-2,-2,0,2.89,1,-2.32
12.299927,-180,-180,5.24,-4,-4,0,2.88,1,-2.36
12.304932,-162,-162,5.24,-4,-4,0,2.88,1,-2.36
12.309936,-128,-128,4.91,-4,-6,0,2.29,1,-2.62
12.314941,-114,-114,4.92,-4,-6,0,2.29,1,-2.63
12.319946,-106,-106,4.69,-6,-6,0,1.99,1,-2.7
12.324951,-99,-99,4.6,-6,-6,0,1.99,1,-2.61
12.329956,-81,-81,4.26,-6,-6,0,1.68,1,-2.58
12.334961,-69,-69,4.2,-6,-6,0,1.68,1,-2.52
12.339966,-66,-66,3.93,-6,-6,0,1.67,1,-2.26
12.344971,-43,-43,3.69,-6,-6,0,1.67,1,-2.02
12.349976,-22,-22,3.47,-6,-6,0,1.65,1,-1.82
12.35498,-7,-7,3.32,-6,-6,0,1.65,1,-1.67
12.359985,-1,-1,3.1,-6,-4,0,1.63,1,-1.47
12.36499,15,15,2.85,-6,-4,0,1.63,1,-1.22
12.369995,68,68,2.62,-4,-6,0,1.91,1,-0.71
12.375,81,81,2.34,-4,-6,0,1.91,1,-0.43
12.380005,80,80,2.2,-4,-4,0,1.89,1,-0.31
12.38501,79,79,2.05,-4,-4,0,1.89,1,-0.16
12.390015,103,103,1.87,-4,-2,0,2.17,1,0.3
12.394897,112,112,1.62,-4,-2,0,2.17,1,0.55
12.399902,111,111,1.66,0,-2,0,2.45,1,0.79
12.404907,98,98,1.62,0,-2,0,2.45,1,0.83
12.409912,139,139,1.53,0,-2,0,3.02,1,1.49
12.414917,144,144,1.35,0,-2,0,3.02,1,1.67
12.419922,113,113,1.53,0,2,0,3.02,1,1.49
12.424927,108,108,1.52,0,2,0,3.02,1,1.5
12.429932,151,151,1.54,2,2,0,3.6,1,2.06
12.434936,163,163,1.37,2,2,0,3.6,1,2.23
12.439941,175,175,1.39,2,2,0,3.89,1,2.5
12.444946,158,158,1.4,2,2,0,3.89,1,2.49
12.449951,139,139,1.5,4,4,0,3.9,1,2.4
12.454956,142,142,1.39,4,4,0,3.9,1,2.51
12.459961,168,168,1.44,4,6,0,4.48,1,3.04
12.464966,137,137,1.53,4,6,0,4.48,1,2.95
12.469971,108,108,1.87,6,6,0,4.79,1,2.92
12.474976,102,102,1.88,6,6,0,4.79,1,2.91
12.47998,91,91,2.26,6,6,0,5.09,1,2.83
12.484985,89,89,2.31,6,6,0,5.09,1,2.78
12.48999,68,68,2.55,8,8,0,5.11,1,2.56
12.494995,58,58,2.6,8,8,0,5.11,1,2.51
12.5,66,66,2.96,6,6,0,5.71,1,2.75
12.505005,41,41,3.25,6,6,0,5.71,1,2.46
12.51001,-12,-12,3.47,6,6,0,5.15,1,1.68
12.515015,-12,-12,3.59,6,6,0,5.15,1,1.56
12.519897,-30,-30,3.87,6,6,0,5.17,1,1.3
12.524902,-47,-47,4.07,6,6,0,5.17,1,1.1
12.529907,-63,-63,4.3,6,6,0,5.19,1,0.890000000000001
12.534912,-84,-84,4.65,6,6,0,5.19,1,0.54
12.539917,-80,-80,4.79,4,4,0,5.2,1,0.41
12.544922,-76,-76,4.97,4,4,0,5.2,1,0.23
12.549927,-116,-116,5.14,4,2,0,4.64,1,-0.5
12.554932,-116,-116,5.35,4,2,0,4.64,1,-0.71
12.559936,-112,-112,5.32,2,2,0,4.36,1,-0.96
12.564941,-101,-101,5.41,2,2,0,4.36,1,-1.05
12.569946,-112,-112,5.43,0,0,0,4.08,1,-1.35
12.574951,-117,-117,5.6,0,0,0,4.08,1,-1.52
12.579956,-133,-133,5.4,-2,0,0,3.5,1,-1.9
12.584961,-124,-124,5.33,-2,0,0,3.5,1,-1.83
12.589966,-152,-152,5.33,-2,-4,0,3.21,1,-2.12
12.594971,-171,-171,5.53,-2,-4,0,3.21,1,-2.32
12.599976,-212,-212,5.58,-4,-4,0,2.62,1,-2.96
12.60498,-194,-194,5.62,-4,-4,0,2.62,1,-3
12.609985,-164,-164,5.36,-4,-4,0,2.32,1,-3.04
12.61499,-149,-149,5.39,-4,-4,0,2.32,1,-3.07
12.619995,-116,-116,5.12,-6,-6,0,2.31,1,-2.81
12.625,-92,-92,5.06,-6,-6,0,2.31,1,-2.75
12.630005,-89,-89,4.65,-6,-8,0,1.72,1,-2.93
12.63501,-79,-79,4.62,-6,-8,0,1.72,1,-2.9
12.640015,-67,-67,4.28,-8,-6,0,1.41,1,-2.87
12.644897,-32,-32,3.94,-8,-6,0,1.41,1,-2.53
12.649902,-21,-21,3.73,-8,-8,0,1.39,1,-2.34
12.654907,-18,-18,3.59,-8,-8,0,1.39,1,-2.2
12.659912,-22,-22,3.31,-8,-6,0,1.08,1,-2.23
12.664917,-10,-10,3.11,-8,-6,0,1.08,1,-2.03
12.669922,26,26,2.86,-6,-6,0,1.35,1,-1.51
12.674927,35,35,2.65,-6,-6,0,1.35,1,-1.3
12.679932,66,66,2.42,-4,-6,0,1.62,1,-0.8
12.684936,75,75,2.19,-4,-6,0,1.62,1,-0.57
12.689941,100,100,2,-4,-6,0,1.89,1,-0.11
12.694946,112,112,1.69,-4,-6,0,1.89,1,0.2
12.699951,95,95,1.67,-2,-2,0,1.88,1,0.21
12.704956,90,90,1.54,-2,-2,0,1.88,1,0.34
12.709961,156,156,1.4,-2,-2,0,2.74,1,1.34
12.714966,162,162,1.18,-2,-2,0,2.74,1,1.56
12.719971,135,135,1.26,2,0,0,2.73,1,1.47
12.724976,121,121,1.22,2,0,0,2.73,1,1.51
12.72998,180,180,1.21,2,2,0,3.6,1,2.39
12.734985,195,195,1.01,2,2,0,3.6,1,2.59
12.73999,205,205,1.01,2,2,0,3.89,1,2.88
12.744995,186,186,1.04,2,2,0,3.89,1,2.85
12.75,163,163,1.16,4,4,0,3.9,1,2.74
12.755005,167,167,1.03,4,4,0,3.9,1,2.87
12.76001,193,193,1.06,4,6,0,4.48,1,3.42
12.765015,159,159,1.11,4,6,0,4.48,1,3.37
12.769897,112,112,1.55,6,6,0,4.79,1,3.24
12.774902,98,98,1.6,6,6,0,4.79,1,3.19
12.779907,84,84,2.01,6,6,0,5.09,1,3.08
12.784912,75,75,2.12,6,6,0,5.09,1,2.97
12.789917,55,55,2.37,8,8,0,5.11,1,2.74
12.794922,31,31,2.53,8,8,0,5.11,1,2.58
12.799927,35,35,2.93,8,8,0,5.71,1,2.78
12.804932,8,8,3.26,8,8,0,5.71,1,2.45
12.809936,-6,-6,3.56,6,6,0,5.73,1,2.17
12.814941,-12,-12,3.79,6,6,0,5.73,1,1.94
12.819946,-62,-62,4.02,6,6,0,5.17,1,1.15
12.824951,-74,-74,4.24,6,6,0,5.17,1,0.93
12.829956,-91,-91,4.53,4,6,0,5.19,1,0.66
12.834961,-112,-112,4.93,4,6,0,5.19,1,0.260000000000001
12.839966,-121,-121,5.02,2,2,0,4.92,1,-0.0999999999999996
12.844971,-117,-117,5.24,2,2,0,4.92,1,-0.32
12.849976,-179,-179,5.41,2,2,0,4.06,1,-1.35
12.85498,-180,-180,5.63,2,2,0,4.06,1,-1.57
12.859985,-150,-150,5.58,2,0,0,4.06,1,-1.52
12.86499,-136,-136,5.64,2,0,0,4.06,1,-1.58
12.869995,-144,-144,5.56,0,-2,0,3.78,1,-1.78
12.875,-150,-150,5.67,0,-2,0,3.78,1,-1.89
12.880005,-174,-174,5.54,-2,-2,0,3.2,1,-2.34
12.88501,-170,-170,5.56,-2,-2,0,3.2,1,-2.36
12.890015,-199,-199,5.63,-2,-4,0,2.91,1,-2.72
12.894897,-198,-198,5.82,-2,-4,0,2.91,1,-2.91
12.899902,-180,-180,5.66,-4,-4,0,2.61,1,-3.05
12.904907,-141,-141,5.55,-4,-4,0,2.61,1,-2.94
12.909912,-125,-125,5.28,-4,-4,0,2.31,1,-2.97
12.914917,-121,-121,5.27,-4,-4,0,2.31,1,-2.96
12.919922,-88,-88,4.93,-6,-6,0,2.3,1,-2.63
12.924927,-79,-79,4.87,-6,-6,0,2.3,1,-2.57
12.929932,-89,-89,4.56,-8,-8,0,1.71,1,-2.85
12.934936,-68,-68,4.44,-8,-8,0,1.71,1,-2.73
12.939941,-85,-85,4.14,-6,-8,0,1.11,1,-3.03
12.944946,-67,-67,3.89,-6,-8,0,1.11,1,-2.78
12.949951,-37,-37,3.67,-6,-6,0,1.37,1,-2.3
12.954956,-41,-41,3.59,-6,-6,0,1.37,1,-2.22
12.959961,-1,-1,3.31,-6,-8,0,1.64,1,-1.67
12.964966,6,6,3.17,-6,-8,0,1.64,1,-1.53
12.969971,-5,-5,2.98,-6,-6,0,1.34,1,-1.64
12.974976,15,15,2.7,-6,-6,0,1.34,1,-1.36
12.97998,41,41,2.53,-4,-4,0,1.61,1,-0.92
12.984985,44,44,2.35,-4,-4,0,1.61,1,-0.74
12.98999,90,90,2.17,-4,-4,0,2.17,1,0
12.994995,96,96,1.95,-4,-4,0,2.17,1,0.22
13,82,82,1.9,-2,-2,0,2.16,1,0.26
13.005005,75,75,1.81,-2,-2,0,2.16,1,0.35
13.01001,113,113,1.74,0,-2,0,2.73,1,0.99
13.015015,118,118,1.56,0,-2,0,2.73,1,1.17
13.019897,120,120,1.65,0,0,0,3.02,1,1.37
13.024902,111,111,1.61,0,0,0,3.02,1,1.41
13.029907,124,124,1.65,2,0,0,3.3,1,1.65
13.034912,131,131,1.55,2,0,0,3.3,1,1.75
13.039917,135,135,1.7,2,2,0,3.59,1,1.89
13.044922,135,135,1.67,2,2,0,3.59,1,1.92
13.049927,156,156,1.67,4,4,0,3.89,1,2.22
13.054932,164,164,1.46,4,4,0,3.89,1,2.43
13.059936,173,173,1.65,2,2,0,4.48,1,2.83
13.064941,147,147,1.73,2,2,0,4.48,1,2.75
13.069946,78,78,1.92,4,4,0,3.91,1,1.99
13.074951,81,81,1.85,4,4,0,3.91,1,2.06
13.079956,108,108,1.96,4,4,0,4.49,1,2.53
13.084961,75,75,2.09,4,4,0,4.49,1,2.4
13.089966,27,27,2.43,6,6,0,4.5,1,2.07
13.094971,17,17,2.49,6,6,0,4.5,1,2.01
13.099976,29,29,2.86,6,6,0,5.1,1,2.24
13.10498,17,17,3.11,6,6,0,5.1,1,1.99
13.109985,19,19,3.28,6,6,0,5.12,1,1.84
13.11499,22,22,3.38,6,6,0,5.12,1,1.74
13.119995,6,6,3.56,6,4,0,5.13,1,1.57
13.125,-17,-17,3.82,6,4,0,5.13,1,1.31
13.130005,-49,-49,4.05,4,4,0,4.86,1,0.81
13.13501,-48,-48,4.2,4,4,0,4.86,1,0.66
13.140015,-67,-67,4.36,4,4,0,4.58,1,0.22
13.144897,-61,-61,4.48,4,4,0,4.58,1,0.0999999999999996
13.149902,-49,-49,4.48,4,4,0,4.59,1,0.109999999999999
13.154907,-66,-66,4.75,4,4,0,4.59,1,-0.16
13.159912,-62,-62,4.77,2,2,0,4.61,1,-0.159999999999999
13.164917,-57,-57,4.9,2,2,0,4.61,1,-0.29
13.169922,-94,-94,4.98,0,2,0,4.04,1,-0.94
13.174927,-87,-87,5.08,0,2,0,4.04,1,-1.04
13.179932,-78,-78,4.92,0,0,0,3.75,1,-1.17
13.184936,-71,-71,4.89,0,0,0,3.75,1,-1.14
13.189941,-92,-92,4.83,0,-2,0,3.46,1,-1.37
13.194946,-106,-106,4.93,0,-2,0,3.46,1,-1.47
13.199951,-116,-116,4.81,-2,-2,0,3.17,1,-1.64
13.204956,-118,-118,4.83,-2,-2,0,3.17,1,-1.66
13.209961,-144,-144,4.89,-2,-2,0,2.88,1,-2.01
13.214966,-157,-157,5.12,-2,-2,0,2.88,1,-2.24
13.219971,-126,-126,5.02,-4,-4,0,2.87,1,-2.15
13.224976,-89,-89,4.9,-4,-4,0,2.87,1,-2.03
13.22998,-100,-100,4.7,-4,-4,0,2.28,1,-2.42
13.234985,-97,-97,4.73,-4,-4,0,2.28,1,-2.45
13.23999,-71,-71,4.49,-6,-4,0,2.27,1,-2.22
13.244995,-56,-56,4.38,-6,-4,0,2.27,1,-2.11
13.25,-59,-59,4.15,-6,-4,0,1.97,1,-2.18
13.255005,-60,-60,4.1,-6,-4,0,1.97,1,-2.13
13.26001,-49,-49,3.95,-6,-6,0,1.96,1,-1.99
13.265015,-25,-25,3.72,-6,-6,0,1.96,1,-1.76
13.269897,-32,-32,3.55,-4,-4,0,1.65,1,-1.9
13.274902,-29,-29,3.46,-4,-4,0,1.65,1,-1.81
13.279907,34,34,3.21,-4,-4,0,2.21,1,-1
13.284912,50,50,3.01,-4,-4,0,2.21,1,-0.8
13.289917,56,56,2.85,-4,-4,0,2.2,1,-0.65
13.294922,71,71,2.54,-4,-4,0,2.2,1,-0.34
13.299927,63,63,2.45,-4,-2,0,2.19,1,-0.26
13.304932,57,57,2.35,-4,-2,0,2.19,1,-0.16
13.309936,80,80,2.19,-2,-2,0,2.47,1,0.28
13.314941,85,85,1.98,-2,-2,0,2.47,1,0.49
13.319946,84,84,2.04,0,0,0,2.75,1,0.71
13.324951,74,74,1.99,0,0,0,2.75,1,0.76
13.329956,111,111,1.99,0,0,0,3.33,1,1.34
13.334961,118,118,1.87,0,0,0,3.33,1,1.46
13.339966,103,103,2,2,0,0,3.33,1,1.33
13.344971,105,105,1.98,2,0,0,3.33,1,1.35
13.349976,134,134,1.93,2,2,0,3.62,1,1.69
13.35498,147,147,1.73,2,2,0,3.62,1,1.89
13.359985,149,149,1.77,4,2,0,3.91,1,2.14
13.36499,127,127,1.8,4,2,0,3.91,1,2.11
13.369995,131,131,1.93,4,4,0,4.21,1,2.28
13.375,141,141,1.77,4,4,0,4.21,1,2.44
13.380005,148,148,1.82,4,4,0,4.51,1,2.69
13.38501,122,122,1.89,4,4,0,4.51,1,2.62
13.390015,76,76,2.19,4,4,0,4.52,1,2.33
13.394897,73,73,2.18,4,4,0,4.52,1,2.34
13.399902,44,44,2.52,6,6,0,4.53,1,2.01
13.404907,46,46,2.51,6,6,0,4.53,1,2.02
13.409912,75,75,2.68,6,6,0,5.13,1,2.45
13.414917,51,51,2.87,6,6,0,5.13,1,2.26
13.419922,29,29,3.14,6,6,0,5.14,1,2
13.424927,17,17,3.38,6,6,0,5.14,1,1.76
13.429932,18,18,3.53,4,6,0,5.16,1,1.63
13.434936,24,24,3.58,4,6,0,5.16,1,1.58
13.439941,-7,-7,3.74,4,6,0,4.89,1,1.15
13.444946,-23,-23,3.94,4,6,0,4.89,1,0.95
13.449951,-29,-29,4.09,4,4,0,4.9,1,0.81
13.454956,-33,-33,4.27,4,4,0,4.9,1,0.630000000000001
13.459961,-47,-47,4.36,2,4,0,4.63,1,0.27
13.464966,-41,-41,4.4,2,4,0,4.63,1,0.23
13.469971,-68,-68,4.52,2,2,0,4.35,1,-0.17
13.474976,-84,-84,4.76,2,2,0,4.35,1,-0.41
13.47998,-96,-96,4.78,0,0,0,4.06,1,-0.720000000000001
13.484985,-86,-86,4.86,0,0,0,4.06,1,-0.800000000000001
13.48999,-116,-116,4.87,0,0,0,3.49,1,-1.38
13.494995,-117,-117,4.99,0,0,0,3.49,1,-1.5
13.5,-93,-93,4.81,-2,-2,0,3.49,1,-1.32
13.505005,-92,-92,4.81,-2,-2,0,3.49,1,-1.32
13.51001,-141,-141,4.78,-2,-2,0,2.91,1,-1.87
13.515015,-159,-159,4.92,-2,-2,0,2.91,1,-2.01
13.519897,-143,-143,4.79,-2,-4,0,2.9,1,-1.89
13.524902,-143,-143,4.91,-2,-4,0,2.9,1,-2.01
13.529907,-149,-149,4.85,-2,-4,0,2.6,1,-2.25
13.534912,-149,-149,4.93,-2,-4,0,2.6,1,-2.33
13.539917,-136,-136,4.7,-2,-4,0,2.6,1,-2.1
13.544922,-105,-105,4.65,-2,-4,0,2.6,1,-2.05
13.549927,-88,-88,4.47,-4,-4,0,2.59,1,-1.88
13.554932,-70,-70,4.53,-4,-4,0,2.59,1,-1.94
13.559936,-74,-74,4.35,-4,-6,0,2.29,1,-2.06
13.564941,-76,-76,4.2,-4,-6,0,2.29,1,-1.91
13.569946,-54,-54,4.04,-6,-4,0,1.98,1,-2.06
13.574951,-59,-59,4,-6,-4,0,1.98,1,-2.02
13.579956,-56,-56,3.78,-4,-6,0,1.97,1,-1.81
13.584961,-38,-38,3.59,-4,-6,0,1.97,1,-1.62
13.589966,-22,-22,3.46,-6,-6,0,1.96,1,-1.5
13.594971,-18,-18,3.35,-6,-6,0,1.96,1,-1.39
13.599976,-18,-18,3.17,-4,-4,0,1.65,1,-1.52
13.60498,-33,-33,3.07,-4,-4,0,1.65,1,-1.42
13.609985,-35,-35,3.02,-4,-4,0,2.21,1,-0.81
13.61499,4,4,2.99,-4,-4,0,2.21,1,-0.78
13.619995,7,7,2.85,-4,-4,0,2.2,1,-0.65
13.625,21,21,2.71,-4,-4,0,2.2,1,-0.51
13.630005,33,33,2.59,-4,-2,0,2.19,1,-0.4
13.63501,36,36,2.39,-4,-2,0,2.19,1,-0.2
13.640015,44,44,2.33,-2,-2,0,2.47,1,0.14
13.644897,57,57,2.32,-2,-2,0,2.47,1,0.15
13.649902,45,45,2.24,0,-2,0,2.75,1,0.51
13.654907,64,64,2.11,0,-2,0,2.75,1,0.64
13.659912,69,69,2.2,0,0,0,3.04,1,0.84
13.664917,71,71,2.21,0,0,0,3.04,1,0.83
13.669922,61,61,2.23,0,0,0,3.33,1,1.1
13.674927,80,80,2.13,0,0,0,3.33,1,1.2
13.679932,90,90,2.26,2,2,0,3.33,1,1.07
13.684936,76,76,2.29,2,2,0,3.33,1,1.04
13.689941,74,74,2.28,2,2,0,3.91,1,1.63
13.694946,125,125,2.14,2,2,0,3.91,1,1.77
13.699951,141,141,2.23,2,4,0,3.91,1,1.68
13.704956,127,127,2.24,2,4,0,3.91,1,1.67
13.709961,118,118,2.21,2,2,0,4.21,1,2
13.714966,138,138,2.04,2,2,0,4.21,1,2.17
13.719971,142,142,2.15,4,4,0,3.93,1,1.78
13.724976,93,93,2.28,4,4,0,3.93,1,1.65
13.72998,61,61,2.47,4,4,0,4.52,1,2.05
13.734985,79,79,2.5,4,4,0,4.52,1,2.02
13.73999,79,79,2.7,6,4,0,4.53,1,1.83
13.744995,65,65,2.74,6,4,0,4.53,1,1.79
13.75,63,63,2.89,4,4,0,4.83,1,1.94
13.755005,71,71,2.92,4,4,0,4.83,1,1.91
13.76001,67,67,3.12,4,4,0,4.55,1,1.43
13.765015,30,30,3.24,4,4,0,4.55,1,1.31
13.769897,23,23,3.36,4,4,0,4.57,1,1.21
13.774902,18,18,3.43,4,4,0,4.57,1,1.14
13.779907,17,17,3.54,4,2,0,4.58,1,1.04
13.784912,13,13,3.64,4,2,0,4.58,1,0.94
13.789917,9,9,3.75,2,4,0,4.3,1,0.55
13.794922,-18,-18,3.81,2,4,0,4.3,1,0.49
13.799927,-17,-17,3.88,2,2,0,4.31,1,0.43
13.804932,-15,-15,3.94,2,2,0,4.31,1,0.37
13.809936,-14,-14,4,2,2,0,4.02,1,0.0199999999999996
13.814941,-38,-38,4.13,2,2,0,4.02,1,-0.11
13.819946,-43,-43,4.17,2,2,0,4.03,1,-0.14
13.824951,-37,-37,4.17,2,2,0,4.03,1,-0.14
13.829956,-25,-25,4.16,0,2,0,4.04,1,-0.12
13.834961,-17,-17,4.25,0,2,0,4.04,1,-0.21
13.839966,-22,-22,4.23,0,0,0,3.75,1,-0.48
13.844971,-37,-37,4.19,0,0,0,3.75,1,-0.44
13.849976,-26,-26,4.17,0,0,0,3.46,1,-0.71
13.85498,-44,-44,4.19,0,0,0,3.46,1,-0.73
13.859985,-50,-50,4.15,-2,0,0,3.46,1,-0.69
13.86499,-48,-48,4.13,-2,0,0,3.46,1,-0.67
13.869995,-48,-48,4.16,-2,-2,0,3.17,1,-0.99
13.875,-75,-75,4.25,-2,-2,0,3.17,1,-1.08
13.880005,-83,-83,4.19,-2,-2,0,2.88,1,-1.31
13.88501,-97,-97,4.17,-2,-2,0,2.88,1,-1.29
13.890015,-97,-97,4.2,0,-2,0,2.87,1,-1.33
13.894897,-102,-102,4.44,0,-2,0,2.87,1,-1.57
13.899902,-123,-123,4.4,-2,-2,0,3.16,1,-1.24
13.904907,-90,-90,4.39,-2,-2,0,3.16,1,-1.23
13.909912,-69,-69,4.24,-2,-2,0,2.86,1,-1.38
13.914917,-58,-58,4.29,-2,-2,0,2.86,1,-1.43
13.919922,-57,-57,4.12,-4,-4,0,2.86,1,-1.26
13.924927,-37,-37,4.01,-4,-4,0,2.86,1,-1.15
13.929932,-25,-25,3.88,-4,-4,0,2.27,1,-1.61
13.934936,-59,-59,3.85,-4,-4,0,2.27,1,-1.58
13.939941,-62,-62,3.76,-4,-4,0,2.26,1,-1.5
13.944946,-54,-54,3.61,-4,-4,0,2.26,1,-1.35
13.949951,-40,-40,3.49,-2,-4,0,2.25,1,-1.24
13.954956,-32,-32,3.53,-2,-4,0,2.25,1,-1.28
13.959961,-42,-42,3.38,-4,-4,0,2.53,1,-0.85
13.964966,-10,-10,3.31,-4,-4,0,2.53,1,-0.78
13.969971,-3,-3,3.22,-4,-4,0,2.23,1,-0.99
13.974976,-18,-18,3.08,-4,-4,0,2.23,1,-0.85
13.97998,-8,-8,2.98,-2,-2,0,2.21,1,-0.77
13.984985,-5,-5,2.92,-2,-2,0,2.21,1,-0.71
13.98999,-8,-8,2.85,0,0,0,2.78,1,-0.0700000000000003
13.994995,34,34,2.82,0,0,0,2.78,1,-0.04
14,35,35,2.76,-2,-2,0,3.36,1,0.6
14.005005,79,79,2.7,-2,-2,0,3.36,1,0.66
14.01001,81,81,2.67,-2,-2,0,2.78,1,0.11
14.015015,36,36,2.46,-2,-2,0,2.78,1,0.32
14.019897,49,49,2.52,0,0,0,2.77,1,0.25
14.024902,33,33,2.58,0,0,0,2.77,1,0.19
14.029907,16,16,2.55,2,2,0,3.35,1,0.8
14.034912,60,60,2.53,2,2,0,3.35,1,0.82
14.039917,66,66,2.53,2,2,0,3.93,1,1.4
14.044922,110,110,2.52,2,2,0,3.93,1,1.41
14.049927,112,112,2.52,2,2,0,3.94,1,1.42
14.054932,113,113,2.29,2,2,0,3.94,1,1.65
14.059936,132,132,2.35,2,2,0,3.94,1,1.59
14.064941,120,120,2.29,2,2,0,3.94,1,1.65
14.069946,118,118,2.25,2,4,0,3.95,1,1.7
14.074951,113,113,2.13,2,4,0,3.95,1,1.82
14.079956,107,107,2.27,4,2,0,4.25,1,1.98
14.084961,97,97,2.38,4,2,0,4.25,1,1.87
14.089966,66,66,2.62,4,4,0,4.25,1,1.63
14.094971,36,36,2.63,4,4,0,4.25,1,1.62
14.099976,38,38,2.82,4,6,0,4.55,1,1.73
14.10498,45,45,2.92,4,6,0,4.55,1,1.63
14.109985,32,32,3.1,4,6,0,4.86,1,1.76
14.11499,35,35,3.23,4,6,0,4.86,1,1.63
14.119995,23,23,3.44,6,6,0,4.87,1,1.43
14.125,8,8,3.64,6,6,0,4.87,1,1.23
14.130005,-2,-2,3.81,4,4,0,5.18,1,1.37
14.13501,17,17,3.87,4,4,0,5.18,1,1.31
14.140015,25,25,3.93,4,4,0,4.61,1,0.68
14.144897,-15,-15,4.06,4,4,0,4.61,1,0.550000000000001
14.149902,-27,-27,4.19,2,2,0,4.62,1,0.43
14.154907,-35,-35,4.35,2,2,0,4.62,1,0.27
14.159912,-39,-39,4.41,0,2,0,4.05,1,-0.36
14.164917,-75,-75,4.46,0,2,0,4.05,1,-0.41
14.169922,-68,-68,4.48,2,2,0,3.77,1,-0.71
14.174927,-83,-83,4.67,2,2,0,3.77,1,-0.9
14.179932,-96,-96,4.62,0,0,0,4.06,1,-0.56
14.184936,-62,-62,4.64,0,0,0,4.06,1,-0.58
14.189941,-53,-53,4.66,0,-2,0,3.49,1,-1.17
14.194946,-94,-94,4.75,0,-2,0,3.49,1,-1.26
14.199951,-102,-102,4.7,0,-2,0,3.19,1,-1.51
14.204956,-118,-118,4.68,0,-2,0,3.19,1,-1.49
14.209961,-118,-118,4.74,-2,-2,0,3.19,1,-1.55
14.214966,-127,-127,4.98,-2,-2,0,3.19,1,-1.79
14.219971,-145,-145,4.91,-2,-2,0,2.9,1,-2.01
14.224976,-148,-148,4.95,-2,-2,0,2.9,1,-2.05
14.22998,-133,-133,4.81,-2,-4,0,2.89,1,-1.92
14.234985,-102,-102,4.89,-2,-4,0,2.89,1,-2
14.23999,-100,-100,4.71,-4,-4,0,2.6,1,-2.11
14.244995,-98,-98,4.67,-4,-4,0,2.6,1,-2.07
14.25,-80,-80,4.37,-6,-6,0,2.3,1,-2.07
14.255005,-64,-64,4.36,-6,-6,0,2.3,1,-2.06
14.26001,-60,-60,4.1,-4,-6,0,1.7,1,-2.4
14.265015,-82,-82,3.93,-4,-6,0,1.7,1,-2.23
14.269897,-69,-69,3.8,-6,-6,0,1.98,1,-1.82
14.274902,-41,-41,3.81,-6,-6,0,1.98,1,-1.83
14.279907,-45,-45,3.59,-4,-6,0,1.67,1,-1.92
14.284912,-48,-48,3.45,-4,-6,0,1.67,1,-1.78
14.289917,-31,-31,3.24,-4,-6,0,1.94,1,-1.3
14.294922,9,9,3.13,-4,-6,0,1.94,1,-1.19
14.299927,13,13,2.97,-6,-4,0,1.93,1,-1.04
14.304932,21,21,2.81,-6,-4,0,1.93,1,-0.88
14.309936,32,32,2.65,-4,-4,0,1.91,1,-0.74
14.314941,42,42,2.39,-4,-4,0,1.91,1,-0.48
14.319946,57,57,2.26,-2,-4,0,2.19,1,-0.0699999999999998
14.324951,77,77,2.15,-2,-4,0,2.19,1,0.04
14.329956,74,74,2.04,0,-2,0,2.47,1,0.43
14.334961,93,93,1.82,0,-2,0,2.47,1,0.65
14.339966,103,103,1.87,0,-2,0,3.04,1,1.17
14.344971,129,129,1.84,0,-2,0,3.04,1,1.2
14.349976,118,118,1.76,0,0,0,3.04,1,1.28
14.35498,117,117,1.57,0,0,0,3.04,1,1.47
14.359985,125,125,1.79,2,4,0,3.33,1,1.54
14.36499,115,115,1.76,2,4,0,3.33,1,1.57
14.369995,116,116,1.74,2,2,0,4.2,1,2.46
14.375,190,190,1.39,2,2,0,4.2,1,2.81
14.380005,217,217,1.49,4,4,0,3.92,1,2.43
14.38501,163,163,1.64,4,4,0,3.92,1,2.28
14.390015,120,120,1.81,4,4,0,4.51,1,2.7
14.394897,137,137,1.74,4,4,0,4.51,1,2.77
14.399902,139,139,2.01,4,6,0,4.52,1,2.51
14.404907,109,109,2.01,4,6,0,4.52,1,2.51
14.409912,100,100,2.25,4,6,0,4.82,1,2.57
14.414917,92,92,2.36,4,6,0,4.82,1,2.46
14.419922,70,70,2.68,6,8,0,4.84,1,2.16
14.424927,39,39,2.86,6,8,0,4.84,1,1.98
14.429932,29,29,3.04,6,6,0,5.43,1,2.39
14.434936,69,69,3.14,6,6,0,5.43,1,2.29
14.439941,70,70,3.29,4,6,0,5.16,1,1.87
14.444946,43,43,3.5,4,6,0,5.16,1,1.66
14.449951,24,24,3.72,4,6,0,4.89,1,1.17
14.454956,-12,-12,3.79,4,6,0,4.89,1,1.1
14.459961,-7,-7,3.96,6,4,0,4.9,1,0.94
14.464966,-10,-10,4.05,6,4,0,4.9,1,0.850000000000001
14.469971,-13,-13,4.16,4,4,0,4.92,1,0.76
14.474976,-21,-21,4.37,4,4,0,4.92,1,0.55
14.47998,-35,-35,4.48,4,4,0,4.64,1,0.159999999999999
14.484985,-55,-55,4.58,4,4,0,4.64,1,0.0599999999999996
14.48999,-49,-49,4.65,2,4,0,4.65,1,0
14.494995,-39,-39,4.83,2,4,0,4.65,1,-0.18
14.5,-44,-44,4.83,0,2,0,4.37,1,-0.46
14.505005,-57,-57,4.85,0,2,0,4.37,1,-0.48
14.51001,-45,-45,4.86,0,0,0,3.8,1,-1.06
14.515015,-77,-77,4.9,0,0,0,3.8,1,-1.1
14.519897,-74,-74,4.8,0,-2,0,3.51,1,-1.29
14.524902,-81,-81,4.72,0,-2,0,3.51,1,-1.21
14.529907,-76,-76,4.72,-2,-2,0,3.22,1,-1.5
14.534912,-105,-105,4.89,-2,-2,0,3.22,1,-1.67
14.539917,-124,-124,4.77,-2,-4,0,2.93,1,-1.84
14.544922,-132,-132,4.71,-2,-4,0,2.93,1,-1.78
14.549927,-125,-125,4.79,-4,-2,0,2.63,1,-2.16
14.554932,-156,-156,5,-4,-2,0,2.63,1,-2.37
14.559936,-168,-168,4.95,-4,-4,0,2.62,1,-2.33
14.564941,-141,-141,4.86,-4,-4,0,2.62,1,-2.24
14.569946,-100,-100,4.58,-4,-4,0,2.32,1,-2.26
14.574951,-80,-80,4.57,-4,-4,0,2.32,1,-2.25
14.579956,-74,-74,4.32,-6,-6,0,2.31,1,-2.01
14.584961,-46,-46,4.19,-6,-6,0,2.31,1,-1.88
14.589966,-27,-27,3.91,-6,-6,0,1.72,1,-2.19
14.594971,-46,-46,3.77,-6,-6,0,1.72,1,-2.05
14.599976,-37,-37,3.54,-4,-4,0,1.7,1,-1.84
14.60498,-25,-25,3.29,-4,-4,0,1.7,1,-1.59
14.609985,-13,-13,3.15,-4,-4,0,2.26,1,-0.89
14.61499,30,30,3.08,-4,-4,0,2.26,1,-0.82
14.619995,26,26,2.88,-4,-4,0,2.25,1,-0.63
14.625,38,38,2.73,-4,-4,0,2.25,1,-0.48
14.630005,46,46,2.64,-4,-2,0,2.24,1,-0.4
14.63501,44,44,2.41,-4,-2,0,2.24,1,-0.17
14.640015,57,57,2.37,-2,-2,0,2.52,1,0.15
14.644897,74,74,2.28,-2,-2,0,2.52,1,0.24
14.649902,70,70,2.14,0,0,0,2.8,1,0.66
14.654907,93,93,1.96,0,0,0,2.8,1,0.84
14.659912,98,98,2.05,0,0,0,3.38,1,1.33
14.664917,116,116,2.06,0,0,0,3.38,1,1.32
14.669922,102,102,2.05,0,2,0,3.38,1,1.33
14.674927,99,99,1.89,0,2,0,3.38,1,1.49
14.679932,111,111,2.03,4,2,0,3.67,1,1.64
14.684936,114,114,1.91,4,2,0,3.67,1,1.76
14.689941,122,122,1.87,2,2,0,4.25,1,2.38
14.694946,163,163,1.72,2,2,0,4.25,1,2.53
14.699951,159,159,1.83,2,4,0,3.97,1,2.14
14.704956,107,107,1.99,2,4,0,3.97,1,1.98
14.709961,69,69,2.25,4,4,0,4.27,1,2.02
14.714966,55,55,2.22,4,4,0,4.27,1,2.05
14.719971,61,61,2.43,6,6,0,4.57,1,2.14
14.724976,65,65,2.61,6,6,0,4.57,1,1.96
14.72998,42,42,2.8,6,6,0,5.16,1,2.36
14.734985,66,66,2.91,6,6,0,5.16,1,2.25
14.73999,58,58,3.16,4,4,0,5.18,1,2.02
14.744995,36,36,3.42,4,4,0,5.18,1,1.76
14.75,17,17,3.62,4,4,0,4.61,1,0.99
14.755005,-31,-31,3.65,4,4,0,4.61,1,0.96
14.76001,-20,-20,3.71,4,4,0,4.63,1,0.92
14.765015,-16,-16,3.87,4,4,0,4.63,1,0.76
14.769897,-34,-34,4.05,2,4,0,4.64,1,0.59
14.774902,-53,-53,4.31,2,4,0,4.64,1,0.33
14.779907,-69,-69,4.44,2,4,0,4.36,1,-0.0800000000000001
14.784912,-89,-89,4.55,2,4,0,4.36,1,-0.19
14.789917,-83,-83,4.64,2,2,0,4.37,1,-0.27
14.794922,-76,-76,4.89,2,2,0,4.37,1,-0.52
14.799927,-85,-85,4.79,0,0,0,4.09,1,-0.7
14.804932,-82,-82,4.84,0,0,0,4.09,1,-0.75
14.809936,-70,-70,4.8,0,0,0,3.51,1,-1.29
14.814941,-106,-106,4.9,0,0,0,3.51,1,-1.39
14.819946,-114,-114,4.82,-2,-2,0,3.51,1,-1.31
14.824951,-104,-104,4.79,-2,-2,0,3.51,1,-1.28
14.829956,-102,-102,4.87,-2,-2,0,2.93,1,-1.94
14.834961,-155,-155,5.16,-2,-2,0,2.93,1,-2.23
14.839966,-179,-179,5.1,-4,-4,0,2.92,1,-2.18
14.844971,-151,-151,5.02,-4,-4,0,2.92,1,-2.1
14.849976,-113,-113,4.85,-4,-2,0,2.33,1,-2.52
14.85498,-129,-129,4.97,-4,-2,0,2.33,1,-2.64
14.859985,-137,-137,4.77,-4,-4,0,2.61,1,-2.16
14.86499,-92,-92,4.69,-4,-4,0,2.61,1,-2.08
14.869995,-72,-72,4.4,-4,-6,0,2.31,1,-2.09
14.875,-63,-63,4.43,-4,-6,0,2.31,1,-2.12
14.880005,-67,-67,4.25,-6,-6,0,2.01,1,-2.24
14.88501,-70,-70,3.98,-6,-6,0,2.01,1,-1.97
14.890015,-38,-38,3.84,-4,-6,0,1.71,1,-2.13
14.894897,-50,-50,3.84,-4,-6,0,1.71,1,-2.13
14.899902,-55,-55,3.58,-6,-6,0,1.98,1,-1.6
14.904907,-12,-12,3.4,-6,-6,0,1.98,1,-1.42
14.909912,6,6,3.21,-6,-6,0,1.67,1,-1.54
14.914917,-6,-6,3.01,-6,-6,0,1.67,1,-1.34
14.919922,1,1,2.87,-4,-6,0,1.66,1,-1.21
14.924927,2,2,2.72,-4,-6,0,1.66,1,-1.06
14.929932,2,2,2.58,-4,-4,0,1.93,1,-0.65
14.934936,23,23,2.5,-4,-4,0,1.93,1,-0.57
14.939941,22,22,2.39,-4,-2,0,2.21,1,-0.18
14.944946,44,44,2.29,-4,-2,0,2.21,1,-0.0800000000000001
14.949951,44,44,2.24,-2,-2,0,2.49,1,0.25
14.954956,60,60,2.1,-2,-2,0,2.49,1,0.39
14.959961,62,62,2.07,0,-2,0,2.77,1,0.7
14.964966,81,81,2.02,0,-2,0,2.77,1,0.75
14.969971,76,76,1.99,0,0,0,3.05,1,1.06
14.974976,94,94,1.89,0,0,0,3.05,1,1.16
14.97998,98,98,2.06,2,0,0,3.34,1,1.28
14.984985,100,100,2.04,2,0,0,3.34,1,1.3
14.98999,104,104,2.01,2,2,0,3.63,1,1.62
14.994995,136,136,1.82,2,2,0,3.63,1,1.81
15,153,153,1.87,2,2,0,3.93,1,2.06
15.005005,163,163,1.88,2,2,0,3.93,1,2.05
15.01001,156,156,1.85,4,2,0,3.93,1,2.08
15.015015,149,149,1.67,4,2,0,3.93,1,2.26
15.019897,148,148,1.78,4,4,0,4.23,1,2.45
15.024902,138,138,1.87,4,4,0,4.23,1,2.36
15.029907,103,103,2.16,4,4,0,4.53,1,2.37
15.034912,82,82,2.13,4,4,0,4.53,1,2.4
15.039917,81,81,2.41,6,8,0,4.54,1,2.13
15.044922,55,55,2.58,6,8,0,4.54,1,1.96
15.049927,37,37,2.81,6,6,0,5.42,1,2.61
15.054932,82,82,2.89,6,6,0,5.42,1,2.53
15.059936,78,78,3.13,6,6,0,5.15,1,2.02
15.064941,36,36,3.41,6,6,0,5.15,1,1.74
15.069946,16,16,3.62,4,4,0,5.17,1,1.55
15.074951,9,9,3.66,4,4,0,5.17,1,1.51
15.079956,22,22,3.75,4,4,0,4.61,1,0.86
15.084961,-17,-17,3.89,4,4,0,4.61,1,0.72
15.089966,-28,-28,4.03,2,4,0,4.62,1,0.59
15.094971,-42,-42,4.31,2,4,0,4.62,1,0.31
15.099976,-61,-61,4.43,4,2,0,4.34,1,-0.0899999999999999
15.10498,-80,-80,4.52,4,2,0,4.34,1,-0.18
15.109985,-72,-72,4.6,2,2,0,4.35,1,-0.25
15.11499,-63,-63,4.78,2,2,0,4.35,1,-0.430000000000001
15.119995,-65,-65,4.69,0,0,0,4.06,1,-0.630000000000001
15.125,-61,-61,4.73,0,0,0,4.06,1,-0.670000000000001
15.130005,-47,-47,4.65,0,0,0,3.49,1,-1.16
15.13501,-74,-74,4.69,0,0,0,3.49,1,-1.2
15.140015,-73,-73,4.57,-2,-2,0,3.49,1,-1.08
15.144897,-60,-60,4.49,-2,-2,0,3.49,1,-1
15.149902,-56,-56,4.48,0,0,0,2.91,1,-1.57
15.154907,-104,-104,4.58,0,0,0,2.91,1,-1.67
15.159912,-116,-116,4.42,-2,-2,0,3.48,1,-0.94
15.164917,-58,-58,4.51,-2,-2,0,3.48,1,-1.03
15.169922,-64,-64,4.52,-2,-2,0,2.9,1,-1.62
15.174927,-100,-100,4.51,-2,-2,0,2.9,1,-1.61
15.179932,-86,-86,4.35,-2,-2,0,2.9,1,-1.45
15.184936,-64,-64,4.22,-2,-2,0,2.9,1,-1.32
15.189941,-52,-52,4.17,-2,-2,0,2.89,1,-1.28
15.194946,-52,-52,4.26,-2,-2,0,2.89,1,-1.37
15.199951,-64,-64,4.16,-2,-2,0,2.88,1,-1.28
15.204956,-51,-51,4.01,-2,-2,0,2.88,1,-1.13
15.209961,-28,-28,3.91,-4,-4,0,2.88,1,-1.03
15.214966,-18,-18,3.88,-4,-4,0,2.88,1,-1
15.219971,-19,-19,3.75,-4,-2,0,2.29,1,-1.46
15.224976,-54,-54,3.63,-4,-2,0,2.29,1,-1.34
15.22998,-45,-45,3.54,-2,-2,0,2.57,1,-0.97
15.234985,-21,-21,3.61,-2,-2,0,2.57,1,-1.04
15.23999,-33,-33,3.55,-4,-2,0,2.85,1,-0.7
15.244995,-5,-5,3.41,-4,-2,0,2.85,1,-0.56
15.25,15,15,3.32,-2,-2,0,2.55,1,-0.77
15.255005,4,4,3.15,-2,-2,0,2.55,1,-0.6
15.26001,13,13,3.03,-2,-2,0,2.84,1,-0.19
15.265015,37,37,2.96,-2,-2,0,2.84,1,-0.12
15.269897,34,34,2.89,-2,-2,0,2.83,1,-0.0600000000000001
15.274902,31,31,2.74,-2,-2,0,2.83,1,0.0899999999999999
15.279907,36,36,2.74,0,0,0,2.83,1,0.0899999999999999
15.284912,27,27,2.7,0,0,0,2.83,1,0.13
15.289917,18,18,2.67,0,0,0,3.4,1,0.73
15.294922,55,55,2.69,0,0,0,3.4,1,0.71
15.299927,46,46,2.75,0,0,0,3.4,1,0.65
15.304932,37,37,2.76,0,0,0,3.4,1,0.64
15.309936,38,38,2.75,2,0,0,3.4,1,0.65
15.314941,43,43,2.69,2,0,0,3.4,1,0.71
15.319946,47,47,2.79,0,0,0,3.69,1,0.9
15.324951,56,56,2.85,0,0,0,3.69,1,0.84
15.329956,54,54,2.79,0,0,0,3.4,1,0.61
15.334961,42,42,2.67,0,0,0,3.4,1,0.73
15.339966,52,52,2.78,0,2,0,3.4,1,0.62
15.344971,36,36,2.77,0,2,0,3.4,1,0.63
15.349976,34,34,2.75,2,2,0,3.7,1,0.95
15.35498,54,54,2.74,2,2,0,3.7,1,0.96
15.359985,49,49,2.8,2,2,0,3.99,1,1.19
15.36499,60,60,2.87,2,2,0,3.99,1,1.12
15.369995,52,52,2.93,2,0,0,4,1,1.07
15.375,46,46,2.82,2,0,0,4,1,1.18
15.380005,56,56,2.88,2,2,0,3.71,1,0.83
15.38501,25,25,3.02,2,2,0,3.71,1,0.69
15.390015,0,0,3.15,2,2,0,4,1,0.85
15.394897,8,8,3.28,2,2,0,4,1,0.72
15.399902,4,4,3.28,0,2,0,4.01,1,0.73
15.404907,13,13,3.3,0,2,0,4.01,1,0.71
15.409912,16,16,3.43,2,2,0,3.72,1,0.29
15.414917,-19,-19,3.49,2,2,0,3.72,1,0.23
15.419922,-23,-23,3.53,2,0,0,4.02,1,0.49
15.424927,4,4,3.55,2,0,0,4.02,1,0.47
15.429932,8,8,3.6,0,0,0,3.73,1,0.13
15.434936,-17,-17,3.67,0,0,0,3.73,1,0.0600000000000001
15.439941,-21,-21,3.69,0,0,0,3.45,1,-0.24
15.444946,-39,-39,3.68,0,0,0,3.45,1,-0.23
15.449951,-33,-33,3.72,0,2,0,3.45,1,-0.27
15.454956,-34,-34,3.87,0,2,0,3.45,1,-0.42
15.459961,-46,-46,3.81,-2,-2,0,3.74,1,-0.0699999999999998
15.464966,-12,-12,3.78,-2,-2,0,3.74,1,-0.0399999999999996
15.469971,-5,-5,3.81,0,0,0,2.87,1,-0.94
15.474976,-75,-75,3.83,0,0,0,2.87,1,-0.96
15.47998,-82,-82,3.86,0,0,0,3.44,1,-0.42
15.484985,-41,-41,3.87,0,0,0,3.44,1,-0.43
15.48999,-41,-41,3.86,0,-2,0,3.44,1,-0.42
15.494995,-41,-41,3.97,0,-2,0,3.44,1,-0.53
15.5,-51,-51,3.96,0,0,0,3.15,1,-0.81
15.505005,-71,-71,3.95,0,0,0,3.15,1,-0.8
15.51001,-70,-70,4.01,-2,-2,0,3.44,1,-0.57
15.515015,-56,-56,4.23,-2,-2,0,3.44,1,-0.79
15.519897,-73,-73,4.15,-2,-2,0,2.86,1,-1.29
15.524902,-101,-101,4.22,-2,-2,0,2.86,1,-1.36
15.529907,-97,-97,4.2,-2,-2,0,2.85,1,-1.35
15.534912,-85,-85,4.29,-2,-2,0,2.85,1,-1.44
15.539917,-82,-82,4.22,-2,-2,0,2.85,1,-1.37
15.544922,-66,-66,4.14,-2,-2,0,2.85,1,-1.29
15.549927,-47,-47,3.98,-2,-4,0,2.84,1,-1.14
15.554932,-26,-26,3.99,-2,-4,0,2.84,1,-1.15
15.559936,-27,-27,3.91,-4,-4,0,2.54,1,-1.37
15.564941,-42,-42,3.81,-4,-4,0,2.54,1,-1.27
15.569946,-29,-29,3.66,-4,-2,0,2.24,1,-1.42
15.574951,-32,-32,3.61,-4,-2,0,2.24,1,-1.37
15.579956,-29,-29,3.47,-2,-4,0,2.52,1,-0.95
15.584961,1,1,3.37,-2,-4,0,2.52,1,-0.85
15.589966,6,6,3.25,-2,-4,0,2.51,1,-0.74
15.594971,11,11,3.13,-2,-4,0,2.51,1,-0.62
15.599976,15,15,3.04,-2,-2,0,2.51,1,-0.53
15.60498,15,15,2.96,-2,-2,0,2.51,1,-0.45
15.609985,17,17,2.87,0,-2,0,2.79,1,-0.0800000000000001
15.61499,42,42,2.74,0,-2,0,2.79,1,0.0499999999999998
15.619995,48,48,2.69,-2,0,0,3.07,1,0.38
15.625,65,65,2.65,-2,0,0,3.07,1,0.42
15.630005,60,60,2.64,0,0,0,3.07,1,0.43
15.63501,54,54,2.5,0,0,0,3.07,1,0.57
15.640015,63,63,2.57,2,0,0,3.36,1,0.79
15.644897,75,75,2.58,2,0,0,3.36,1,0.78
15.649902,70,70,2.52,2,0,0,3.65,1,1.13
15.654907,99,99,2.37,2,0,0,3.65,1,1.28
15.659912,113,113,2.43,2,2,0,3.65,1,1.22
15.664917,103,103,2.39,2,2,0,3.65,1,1.26
15.669922,109,109,2.32,2,2,0,3.95,1,1.63
15.674927,140,140,2.08,2,2,0,3.95,1,1.87
15.679932,156,156,2.03,4,2,0,3.95,1,1.92
15.684936,146,146,2.08,4,2,0,3.95,1,1.87
15.689941,117,117,2.23,4,2,0,4.25,1,2.02
15.694946,106,106,2.15,4,2,0,4.25,1,2.1
15.699951,109,109,2.32,4,4,0,4.26,1,1.94
15.704956,89,89,2.24,4,4,0,4.26,1,2.02
15.709961,92,92,2.4,4,6,0,4.56,1,2.16
15.714966,91,91,2.45,4,6,0,4.56,1,2.11
15.719971,77,77,2.68,4,4,0,4.86,1,2.18
15.724976,77,77,2.79,4,4,0,4.86,1,2.07
15.72998,72,72,2.91,4,4,0,4.58,1,1.67
15.734985,43,43,2.94,4,4,0,4.58,1,1.64
15.73999,42,42,3.13,6,4,0,4.59,1,1.46
15.744995,26,26,3.27,6,4,0,4.59,1,1.32
15.75,9,9,3.46,6,4,0,4.9,1,1.44
15.755005,13,13,3.6,6,4,0,4.9,1,1.3
15.76001,8,8,3.71,4,4,0,4.91,1,1.2
15.765015,10,10,3.79,4,4,0,4.91,1,1.12
15.769897,12,12,3.9,2,4,0,4.64,1,0.74
15.774902,-15,-15,4.02,2,4,0,4.64,1,0.62
15.779907,-22,-22,4.16,2,4,0,4.36,1,0.2
15.784912,-48,-48,4.23,2,4,0,4.36,1,0.13
15.789917,-44,-44,4.27,2,2,0,4.36,1,0.0900000000000007
15.794922,-41,-41,4.51,2,2,0,4.36,1,-0.149999999999999
15.799927,-57,-57,4.56,0,0,0,4.08,1,-0.48
15.804932,-73,-73,4.58,0,0,0,4.08,1,-0.5
15.809936,-59,-59,4.62,2,2,0,3.51,1,-1.11
15.814941,-93,-93,4.72,2,2,0,3.51,1,-1.21
15.819946,-90,-90,4.55,-2,-2,0,4.09,1,-0.46
15.824951,-24,-24,4.47,-2,-2,0,4.09,1,-0.38
15.829956,-17,-17,4.49,-2,0,0,2.93,1,-1.56
15.834961,-112,-112,4.5,-2,0,0,2.93,1,-1.57
15.839966,-120,-120,4.5,0,-2,0,3.22,1,-1.28
15.844971,-101,-101,4.48,0,-2,0,3.22,1,-1.26
15.849976,-103,-103,4.46,-2,-2,0,3.21,1,-1.25
15.85498,-102,-102,4.76,-2,-2,0,3.21,1,-1.55
15.859985,-127,-127,4.68,-2,-2,0,2.92,1,-1.76
15.86499,-134,-134,4.76,-2,-2,0,2.92,1,-1.84
15.869995,-126,-126,4.65,-2,-4,0,2.91,1,-1.74
15.875,-98,-98,4.68,-2,-4,0,2.91,1,-1.77
15.880005,-86,-86,4.5,-4,-4,0,2.62,1,-1.88
15.88501,-83,-83,4.48,-4,-4,0,2.62,1,-1.86
15.890015,-71,-71,4.25,-4,-4,0,2.32,1,-1.93
15.894897,-69,-69,4.29,-4,-4,0,2.32,1,-1.97
15.899902,-71,-71,4.15,-6,-4,0,2.3,1,-1.85
15.904907,-58,-58,3.96,-6,-4,0,2.3,1,-1.66
15.909912,-36,-36,3.81,-4,-4,0,2,1,-1.81
15.914917,-41,-41,3.74,-4,-4,0,2,1,-1.74
15.919922,-41,-41,3.5,-4,-6,0,2.28,1,-1.22
15.924927,-2,-2,3.37,-4,-6,0,2.28,1,-1.09
15.929932,4,4,3.23,-4,-4,0,1.98,1,-1.25
15.934936,-14,-14,3.05,-4,-4,0,1.98,1,-1.07
15.939941,-8,-8,2.96,-4,-4,0,2.25,1,-0.71
15.944946,12,12,2.85,-4,-4,0,2.25,1,-0.6
15.949951,10,10,2.76,-4,-4,0,2.24,1,-0.52
15.954956,8,8,2.67,-4,-4,0,2.24,1,-0.43
15.959961,6,6,2.63,-2,-2,0,2.23,1,-0.4
15.964966,0,0,2.6,-2,-2,0,2.23,1,-0.37
15.969971,-6,-6,2.58,-2,0,0,2.8,1,0.22
15.974976,34,34,2.56,-2,0,0,2.8,1,0.24
15.97998,32,32,2.54,-2,0,0,3.08,1,0.54
15.984985,53,53,2.52,-2,0,0,3.08,1,0.56
15.98999,52,52,2.51,-2,0,0,3.08,1,0.57
15.994995,50,50,2.36,-2,0,0,3.08,1,0.72
16,59,59,2.42,0,0,0,3.08,1,0.66
16.005005,46,46,2.49,0,0,0,3.08,1,0.59
16.01001,35,35,2.46,0,2,0,3.37,1,0.91
16.015015,62,62,2.38,0,2,0,3.37,1,0.99
16.019897,73,73,2.44,0,0,0,3.66,1,1.22
16.024902,87,87,2.46,0,0,0,3.66,1,1.2
16.029907,87,87,2.43,2,2,0,3.37,1,0.94
16.034912,71,71,2.24,2,2,0,3.37,1,1.13
16.039917,88,88,2.36,4,4,0,3.95,1,1.59
16.044922,113,113,2.31,4,4,0,3.95,1,1.64
16.049927,104,104,2.34,2,2,0,4.54,1,2.2
16.054932,136,136,2.27,2,2,0,4.54,1,2.27
16.059936,132,132,2.4,4,4,0,3.97,1,1.57
16.064941,67,67,2.49,4,4,0,3.97,1,1.48
16.069946,43,43,2.71,4,4,0,4.56,1,1.85
16.074951,58,58,2.76,4,4,0,4.56,1,1.8
16.079956,56,56,2.92,4,4,0,4.57,1,1.65
16.084961,47,47,3.02,4,4,0,4.57,1,1.55
16.089966,40,40,3.16,4,4,0,4.58,1,1.42
16.094971,25,25,3.24,4,4,0,4.58,1,1.34
16.099976,21,21,3.42,2,4,0,4.59,1,1.17
16.10498,10,10,3.51,2,4,0,4.59,1,1.08
16.109985,5,5,3.66,4,4,0,4.31,1,0.649999999999999
16.11499,-26,-26,3.81,4,4,0,4.31,1,0.5
16.119995,-34,-34,3.91,4,2,0,4.61,1,0.7
16.125,-11,-11,3.97,4,2,0,4.61,1,0.64
16.130005,-7,-7,4.06,2,2,0,4.33,1,0.27
16.13501,-30,-30,4.18,2,2,0,4.33,1,0.15
16.140015,-36,-36,4.26,2,2,0,4.05,1,-0.21
16.144897,-57,-57,4.3,2,2,0,4.05,1,-0.25
16.149902,-50,-50,4.32,2,2,0,4.06,1,-0.260000000000001
16.154907,-45,-45,4.51,2,2,0,4.06,1,-0.45
16.159912,-56,-56,4.51,0,0,0,4.06,1,-0.45
16.164917,-49,-49,4.48,0,0,0,4.06,1,-0.420000000000001
16.169922,-35,-35,4.48,0,-2,0,3.49,1,-0.99
16.174927,-75,-75,4.56,0,-2,0,3.49,1,-1.07
16.179932,-85,-85,4.49,0,-2,0,3.19,1,-1.3
16.184936,-102,-102,4.51,0,-2,0,3.19,1,-1.32
16.189941,-106,-106,4.56,0,0,0,3.19,1,-1.37
16.194946,-114,-114,4.76,0,0,0,3.19,1,-1.57
16.199951,-128,-128,4.69,-2,-2,0,3.48,1,-1.21
16.204956,-92,-92,4.69,-2,-2,0,3.48,1,-1.21
16.209961,-81,-81,4.67,-2,-4,0,2.9,1,-1.77
16.214966,-118,-118,4.82,-2,-4,0,2.9,1,-1.92
16.219971,-123,-123,4.73,-4,-4,0,2.6,1,-2.13
16.224976,-120,-120,4.57,-4,-4,0,2.6,1,-1.97
16.22998,-85,-85,4.42,-2,-2,0,2.3,1,-2.12
16.234985,-87,-87,4.44,-2,-2,0,2.3,1,-2.14
16.23999,-90,-90,4.27,-4,-4,0,2.87,1,-1.4
16.244995,-30,-30,4.2,-4,-4,0,2.87,1,-1.33
16.25,-18,-18,3.97,-4,-4,0,2.28,1,-1.69
16.255005,-41,-41,3.85,-4,-4,0,2.28,1,-1.57
16.26001,-36,-36,3.69,-4,-4,0,2.27,1,-1.42
16.265015,-30,-30,3.55,-4,-4,0,2.27,1,-1.28
16.269897,-28,-28,3.46,-2,-4,0,2.26,1,-1.2
16.274902,-27,-27,3.49,-2,-4,0,2.26,1,-1.23
16.279907,-33,-33,3.36,-2,-2,0,2.54,1,-0.82
16.284912,-2,-2,3.21,-2,-2,0,2.54,1,-0.67
16.289917,14,14,3.12,-2,-2,0,2.82,1,-0.3
16.294922,39,39,2.98,-2,-2,0,2.82,1,-0.16
16.299927,42,42,2.92,-2,-2,0,2.82,1,-0.1
16.304932,37,37,2.93,-2,-2,0,2.82,1,-0.11
16.309936,28,28,2.86,-2,0,0,2.81,1,-0.0499999999999998
16.314941,31,31,2.66,-2,0,0,2.81,1,0.15
16.319946,48,48,2.64,0,0,0,3.1,1,0.46
16.324951,62,62,2.62,0,0,0,3.1,1,0.48
16.329956,53,53,2.6,0,-2,0,3.38,1,0.78
16.334961,68,68,2.52,0,-2,0,3.38,1,0.86
16.339966,70,70,2.62,2,2,0,3.09,1,0.47
16.344971,37,37,2.63,2,2,0,3.09,1,0.46
16.349976,39,39,2.57,2,2,0,3.96,1,1.39
16.35498,114,114,2.5,2,2,0,3.96,1,1.46
16.359985,123,123,2.53,2,2,0,3.97,1,1.44
16.36499,118,118,2.53,2,2,0,3.97,1,1.44
16.369995,120,120,2.47,2,2,0,3.98,1,1.51
16.375,130,130,2.17,2,2,0,3.98,1,1.81
16.380005,154,154,2.27,4,4,0,3.98,1,1.71
16.38501,129,129,2.28,4,4,0,3.98,1,1.7
16.390015,103,103,2.43,4,4,0,4.57,1,2.14
16.394897,118,118,2.36,4,4,0,4.57,1,2.21
16.399902,119,119,2.55,4,4,0,4.58,1,2.03
16.404907,95,95,2.52,4,4,0,4.58,1,2.06
16.409912,88,88,2.71,4,4,0,4.59,1,1.88
16.414917,59,59,2.74,4,4,0,4.59,1,1.85
16.419922,49,49,3.07,6,6,0,4.6,1,1.53
16.424927,19,19,3.17,6,6,0,4.6,1,1.43
16.429932,14,14,3.31,6,4,0,5.2,1,1.89
16.434936,52,52,3.49,6,4,0,5.2,1,1.71
16.439941,40,40,3.66,4,6,0,4.92,1,1.26
16.444946,9,9,3.81,4,6,0,4.92,1,1.11
16.449951,7,7,3.93,4,4,0,4.94,1,1.01
16.454956,8,8,3.98,4,4,0,4.94,1,0.96
16.459961,12,12,4.08,2,4,0,4.66,1,0.58
16.464966,-12,-12,4.19,2,4,0,4.66,1,0.47
16.469971,-16,-16,4.26,2,2,0,4.38,1,0.12
16.474976,-36,-36,4.36,2,2,0,4.38,1,0.0199999999999996
16.47998,-37,-37,4.42,0,2,0,4.1,1,-0.32
16.484985,-53,-53,4.4,0,2,0,4.1,1,-0.300000000000001
16.48999,-42,-42,4.43,0,0,0,3.81,1,-0.62
16.494995,-61,-61,4.63,0,0,0,3.81,1,-0.82
16.5,-75,-75,4.59,-2,0,0,3.53,1,-1.06
16.505005,-86,-86,4.55,-2,0,0,3.53,1,-1.02
16.51001,-70,-70,4.51,-2,0,0,3.24,1,-1.27
16.515015,-86,-86,4.63,-2,0,0,3.24,1,-1.39
16.519897,-97,-97,4.46,-2,-2,0,3.23,1,-1.23
16.524902,-81,-81,4.46,-2,-2,0,3.23,1,-1.23
16.529907,-83,-83,4.47,-2,-2,0,2.94,1,-1.53
16.534912,-111,-111,4.59,-2,-2,0,2.94,1,-1.65
16.539917,-122,-122,4.66,-2,-4,0,2.93,1,-1.73
16.544922,-122,-122,4.61,-2,-4,0,2.93,1,-1.68
16.549927,-96,-96,4.46,-2,-4,0,2.64,1,-1.82
16.554932,-87,-87,4.52,-2,-4,0,2.64,1,-1.88
16.559936,-85,-85,4.29,-4,-4,0,2.63,1,-1.66
16.564941,-56,-56,4.21,-4,-4,0,2.63,1,-1.58
16.569946,-40,-40,3.99,-4,-6,0,2.33,1,-1.66
16.574951,-42,-42,3.9,-4,-6,0,2.33,1,-1.57
16.579956,-38,-38,3.78,-4,-6,0,2.02,1,-1.76
16.584961,-51,-51,3.62,-4,-6,0,2.02,1,-1.6
16.589966,-35,-35,3.46,-4,-4,0,2.01,1,-1.45
16.594971,-22,-22,3.43,-4,-4,0,2.01,1,-1.42
16.599976,-24,-24,3.25,-4,-4,0,2.29,1,-0.96
16.60498,10,10,3.06,-4,-4,0,2.29,1,-0.77
16.609985,27,27,2.95,-4,-2,0,2.28,1,-0.67
16.61499,32,32,2.73,-4,-2,0,2.28,1,-0.45
16.619995,41,41,2.6,-2,-2,0,2.55,1,-0.0500000000000003
16.625,64,64,2.54,-2,-2,0,2.55,1,0.00999999999999979
16.630005,56,56,2.41,-2,-2,0,2.84,1,0.43
16.63501,78,78,2.2,-2,-2,0,2.84,1,0.64
16.640015,86,86,2.24,0,-2,0,2.83,1,0.59
16.644897,69,69,2.21,0,-2,0,2.83,1,0.62
16.649902,58,58,2.19,0,0,0,3.12,1,0.93
16.654907,74,74,2.11,0,0,0,3.12,1,1.01
16.659912,76,76,2.2,2,2,0,3.4,1,1.2
16.664917,84,84,2.22,2,2,0,3.4,1,1.18
16.669922,84,84,2.17,0,0,0,3.99,1,1.82
16.674927,137,137,1.98,0,0,0,3.99,1,2.01
16.679932,153,153,2.03,2,2,0,3.41,1,1.38
16.684936,94,94,2.06,2,2,0,3.41,1,1.35
16.689941,78,78,2.12,2,2,0,3.99,1,1.87
16.694946,105,105,2.05,2,2,0,3.99,1,1.94
16.699951,110,110,2.13,2,2,0,4,1,1.87
16.704956,97,97,2.13,2,2,0,4,1,1.87
16.709961,87,87,2.31,4,2,0,4,1,1.69
16.714966,58,58,2.29,4,2,0,4,1,1.71
16.719971,56,56,2.57,4,4,0,4.3,1,1.73
16.724976,54,54,2.61,4,4,0,4.3,1,1.69
16.72998,49,49,2.78,4,4,0,4.6,1,1.82
16.734985,51,51,2.89,4,4,0,4.6,1,1.71
16.73999,42,42,3.08,2,4,0,4.61,1,1.53
16.744995,30,30,3.19,2,4,0,4.61,1,1.42
16.75,24,24,3.35,4,2,0,4.33,1,0.98
16.755005,-11,-11,3.46,4,2,0,4.33,1,0.87
16.76001,-14,-14,3.55,2,4,0,4.34,1,0.79
16.765015,-14,-14,3.66,2,4,0,4.34,1,0.68
16.769897,-20,-20,3.8,2,4,0,4.35,1,0.55
16.774902,-29,-29,3.98,2,4,0,4.35,1,0.37
16.779907,-39,-39,4.08,2,2,0,4.36,1,0.28
16.784912,-35,-35,4.1,2,2,0,4.36,1,0.260000000000001
16.789917,-23,-23,4.14,0,0,0,4.08,1,-0.0599999999999996
16.794922,-39,-39,4.31,0,0,0,4.08,1,-0.23
16.799927,-50,-50,4.34,0,0,0,3.5,1,-0.84
16.804932,-91,-91,4.36,0,0,0,3.5,1,-0.86
16.809936,-80,-80,4.36,0,0,0,3.5,1,-0.86
16.814941,-73,-73,4.52,0,0,0,3.5,1,-1.02
16.819946,-83,-83,4.35,-2,0,0,3.5,1,-0.85
16.824951,-64,-64,4.34,-2,0,0,3.5,1,-0.84
16.829956,-64,-64,4.39,-4,0,0,3.21,1,-1.18
16.834961,-98,-98,4.53,-4,0,0,3.21,1,-1.32
16.839966,-114,-114,4.48,-4,-2,0,2.92,1,-1.56
16.844971,-126,-126,4.56,-4,-2,0,2.92,1,-1.64
16.849976,-131,-131,4.59,-2,-4,0,2.62,1,-1.97
16.85498,-143,-143,4.69,-2,-4,0,2.62,1,-2.07
16.859985,-135,-135,4.52,-4,-2,0,2.61,1,-1.91
16.86499,-104,-104,4.49,-4,-2,0,2.61,1,-1.88
16.869995,-85,-85,4.27,-4,-4,0,2.6,1,-1.67
16.875,-57,-57,4.3,-4,-4,0,2.6,1,-1.7
16.880005,-57,-57,4.17,-6,-6,0,2.3,1,-1.87
16.88501,-65,-65,4.01,-6,-6,0,2.3,1,-1.71
16.890015,-44,-44,3.8,-4,-4,0,1.71,1,-2.09
16.894897,-63,-63,3.75,-4,-4,0,1.71,1,-2.04
16.899902,-60,-60,3.54,-4,-6,0,2.27,1,-1.27
16.904907,0,0,3.4,-4,-6,0,2.27,1,-1.13
16.909912,10,10,3.26,-4,-6,0,1.97,1,-1.29
16.914917,-6,-6,3.05,-4,-6,0,1.97,1,-1.08
16.919922,4,4,2.92,-4,-2,0,1.96,1,-0.96
16.924927,5,5,2.83,-4,-2,0,1.96,1,-0.87
16.929932,2,2,2.68,-4,-4,0,2.52,1,-0.16
16.934936,49,49,2.57,-4,-4,0,2.52,1,-0.0499999999999998
16.939941,52,52,2.49,-2,-2,0,2.22,1,-0.27
16.944946,26,26,2.46,-2,-2,0,2.22,1,-0.24
16.949951,17,17,2.46,-2,-2,0,2.79,1,0.33
16.954956,55,55,2.31,-2,-2,0,2.79,1,0.48
16.959961,68,68,2.26,0,0,0,2.79,1,0.53
16.964966,70,70,2.23,0,0,0,2.79,1,0.56
16.969971,64,64,2.19,0,0,0,3.36,1,1.17
16.974976,102,102,2.06,0,0,0,3.36,1,1.3
16.97998,106,106,2.19,0,0,0,3.36,1,1.17
16.984985,88,88,2.22,0,0,0,3.36,1,1.14
16.98999,86,86,2.15,2,2,0,3.36,1,1.21
16.994995,98,98,1.99,2,2,0,3.36,1,1.37
17,114,114,2.12,2,2,0,3.95,1,1.83
17.005005,140,140,2,2,2,0,3.95,1,1.95
17.01001,146,146,1.99,2,2,0,3.95,1,1.96
17.015015,140,140,1.85,2,2,0,3.95,1,2.1
17.019897,138,138,1.99,2,4,0,3.96,1,1.97
17.024902,107,107,2.05,2,4,0,3.96,1,1.91
17.029907,81,81,2.28,4,4,0,4.25,1,1.97
17.034912,72,72,2.3,4,4,0,4.25,1,1.95
17.039917,69,69,2.49,6,4,0,4.55,1,2.06
17.044922,76,76,2.58,6,4,0,4.55,1,1.97
17.049927,67,67,2.76,6,6,0,4.86,1,2.1
17.054932,69,69,2.81,6,6,0,4.86,1,2.05
17.059936,67,67,3.04,6,4,0,5.16,1,2.12
17.064941,72,72,3.15,6,4,0,5.16,1,2.01
17.069946,66,66,3.29,4,6,0,4.89,1,1.6
17.074951,36,36,3.33,4,6,0,4.89,1,1.56
17.079956,35,35,3.44,4,4,0,4.9,1,1.46
17.084961,24,24,3.6,4,4,0,4.9,1,1.3
17.089966,7,7,3.78,4,4,0,4.63,1,0.85
17.094971,-31,-31,3.95,4,4,0,4.63,1,0.68
17.099976,-39,-39,4.07,4,2,0,4.64,1,0.569999999999999
17.10498,-40,-40,4.13,4,2,0,4.64,1,0.51
17.109985,-34,-34,4.23,4,4,0,4.36,1,0.13
17.11499,-61,-61,4.5,4,4,0,4.36,1,-0.14
