time,pwma,pwmb,pitch,motor_a_speed,motor_b_speed,target_speed,target_angle,running_success_flag,angle_error,e,ec
0,0,0,-0.36,0,0,0,0,1,0,0.04,0.18
0.005,0,0,-0.46,0,0,0,0,1,0,0.05,0.19
0.01,33,33,-0.54,0,0,0,0,1,0,0.05,0.16
0.015,39,39,-0.63,0,0,0,0,1,0,0.06,0.17
0.02,45,45,-0.71,0,0,0,0,1,0,0.07,0.16
0.025,51,51,-0.78,0,0,0,0,1,0,0.08,0.14
0.03,57,57,-0.81,0,0,0,0,1,0,0.08,0.06
0.035,60,60,-0.89,0,0,0,0,1,0,0.09,0.15
0.04,64,64,-0.89,2,0,0,0,1,0,0.09,0.01
0.045,66,66,-0.95,2,0,0,0,1,0,0.1,0.12
0.05,69,69,-0.99,2,2,0,0,1,0,0.1,0.09
0.055,73,73,-1.04,2,2,0,0,1,0,0.1,0.09
0.06,76,76,-1.05,2,0,0,0,1,0,0.1,0.02
0.065,78,78,-1.12,2,0,0,0,1,0,0.11,0.14
0.07,81,81,-1.18,2,2,0,0,1,0,0.12,0.13
0.075,86,86,-1.23,2,2,0,0,1,0,0.12,0.09
0.08,90,90,-1.02,2,2,0,0,1,0,0.1,-0.41
0.085,75,75,-0.94,2,2,0,0,1,0,0.09,-0.17
0.09,70,70,-0.93,4,4,0,0,1,0,0.09,-0.02
0.095,69,69,-0.79,4,4,0,0,1,0,0.08,-0.27
0.1,58,58,-0.66,4,2,0,0,1,0,0.07,-0.26
0.105,49,49,-0.62,4,2,0,0,1,0,0.06,-0.08
0.11,46,46,-0.59,4,4,0,0,1,0,0.06,-0.05
0.115,44,44,-0.49,4,4,0,0,1,0,0.05,-0.21
0.12,36,36,-0.23,2,2,0,0,1,0,0.02,-0.51
0.125,17,17,-0.08,2,2,0,0,1,0,0.01,-0.31
0.13,5,5,0.09,2,2,0,0,1,0,-0.01,-0.34
0.135,-8,-8,0.2,2,2,0,0,1,0,-0.02,-0.21
0.14,-16,-16,0.35,2,2,0,0,1,0,-0.04,-0.31
0.145,-28,-28,0.77,2,2,0,0,1,0,-0.08,-0.83
0.15,-69,-69,0.94,2,2,0,0,1,0,-0.09,-0.34
0.155,-75,-75,1.07,2,2,0,0,1,0,-0.11,-0.26
0.16,-86,-86,1.14,2,0,0,0,1,0,-0.11,-0.14
0.165,-90,-90,1.23,2,0,0,0,1,0,-0.12,-0.17
0.17,-97,-97,1.44,0,-2,0,0,1,0,-0.14,-0.42
0.175,-118,-118,1.44,0,-2,0,0,1,0,-0.14,-0.01
0.18,-112,-112,1.55,-2,-2,0,0,1,0,-0.15,-0.21
0.185,-124,-124,1.58,-2,-2,0,0,1,0,-0.16,-0.06
0.19,-124,-124,1.76,-4,-2,0,0,1,0,-0.18,-0.37
0.195,-145,-145,1.72,-4,-2,0,0,1,0,-0.17,0.08
0.2,-131,-131,1.83,-2,-2,0,0,1,0,-0.18,-0.22
0.205,-147,-147,1.8,-2,-2,0,0,1,0,-0.18,0.07
0.21,-137,-137,1.98,-6,-4,0,0,1,0,-0.2,-0.36
0.215,-163,-163,1.91,-6,-4,0,0,1,0,-0.19,0.14
0.22,-142,-142,1.75,-4,-6,0,0,1,0,-0.18,0.31
0.225,-124,-124,1.53,-4,-6,0,0,1,0,-0.15,0.45
0.23,-102,-102,1.49,-6,-8,0,0,1,0,-0.15,0.07
0.235,-113,-113,1.35,-6,-8,0,0,1,0,-0.14,0.28
0.24,-97,-97,1.12,-6,-4,0,0,1,0,-0.11,0.46
0.245,-75,-75,0.79,-6,-4,0,0,1,0,-0.08,0.68
0.25,-46,-46,0.71,-4,-44,0,0,1,0,-0.07,0.15
0.255,-53,-53,0.62,-4,-44,0,0,1,0,-0.06,0.19
0.26,-45,-45,0.45,-6,-6,0,0,1,0,-0.05,0.33
0.265,-32,-32,0.16,-6,-6,0,0,1,0,-0.02,0.59
0.27,-9,-9,-0.02,-6,-6,0,0,1,0,0,0.36
0.275,2,2,-0.13,-6,-6,0,0,1,0,0.01,0.21
0.28,9,9,-0.24,-4,-6,0,0,1,0,0.02,0.23
0.285,17,17,-0.41,-4,-6,0,0,1,0,0.04,0.33
0.29,29,29,-0.57,-4,-2,0,0,1,0,0.06,0.32
0.295,40,40,-0.68,-4,-2,0,0,1,0,0.07,0.22
0.3,49,49,-0.73,-2,-2,0,0,1,0,0.07,0.1
0.305,53,53,-0.77,-2,-2,0,0,1,0,0.08,0.09
0.31,57,57,-0.85,-2,-2,0,0,1,0,0.08,0.15
0.315,61,61,-0.86,-2,-2,0,0,1,0,0.09,0.04
0.32,64,64,-0.86,0,-2,0,0,1,0,0.09,0
0.325,65,65,-0.81,0,-2,0,0,1,0,0.08,-0.11
0.33,60,60,-0.77,0,2,0,0,1,0,0.08,-0.08
0.335,57,57,-0.71,0,2,0,0,1,0,0.07,-0.11
0.34,53,53,-0.69,0,0,0,0,1,0,0.07,-0.05
0.345,51,51,-0.68,0,0,0,0,1,0,0.07,-0.01
0.35,51,51,-0.68,0,2,0,0,1,0,0.07,-0.01
0.355,51,51,-0.66,0,2,0,0,1,0,0.07,-0.04
0.36,49,49,-0.66,2,2,0,0,1,0,0.07,0
0.365,49,49,-0.76,2,2,0,0,1,0,0.08,0.2
0.37,55,55,-0.82,2,2,0,0,1,0,0.08,0.13
0.375,60,60,-0.77,2,2,0,0,1,0,0.08,-0.12
0.38,57,57,-0.66,2,0,0,0,1,0,0.07,-0.22
0.385,49,49,-0.59,2,0,0,0,1,0,0.06,-0.12
0.39,44,44,-0.67,2,4,0,0,1,0,0.07,0.16
0.395,49,49,-0.68,2,4,0,0,1,0,0.07,0.03
0.4,51,51,-0.6,2,2,0,0,1,0,0.06,-0.17
0.405,45,45,-0.53,2,2,0,0,1,0,0.05,-0.14
0.41,39,39,-0.57,2,2,0,0,1,0,0.06,0.08
0.415,42,42,-0.63,2,2,0,0,1,0,0.06,0.12
0.42,46,46,-0.53,2,2,0,0,1,0,0.05,-0.2
0.425,40,40,-0.43,2,2,0,0,1,0,0.04,-0.2
0.43,32,32,-0.4,2,4,0,0,1,0,0.04,-0.05
0.435,30,30,-0.45,2,4,0,0,1,0,0.05,0.1
0.44,33,33,-0.39,2,2,0,0,1,0,0.04,-0.13
0.445,29,29,-0.26,2,2,0,0,1,0,0.03,-0.27
0.45,19,19,-0.19,42,2,0,0,1,0,0.02,-0.13
0.455,14,14,-0.22,42,2,0,0,1,0,0.02,0.06
0.46,16,16,-0.18,2,2,0,0,1,0,0.02,-0.09
0.465,13,13,-0.08,2,2,0,0,1,0,0.01,-0.2
0.47,5,5,-0.02,0,2,0,0,1,0,0,-0.12
0.475,1,1,-0.06,0,2,0,0,1,0,0.01,0.07
0.48,4,4,-0.06,2,2,0,0,1,0,0.01,0
0.485,4,4,0,2,2,0,0,1,0,0,-0.12
0.49,-1,-1,0.06,2,2,0,0,1,0,-0.01,-0.1
0.495,-5,-5,0.04,2,2,0,0,1,0,0,0.03
0.5,-4,-4,0.05,0,2,0,0,1,0,0,-0.01
0.505,-4,-4,0.06,0,2,0,0,1,0,-0.01,-0.03
0.51,-5,-5,0.08,0,0,0,0,1,0,-0.01,-0.04
0.515,-7,-7,0.05,0,0,0,0,1,0,0,0.07
0.52,-4,-4,0,0,0,0,0,1,0,0,0.1
0.525,0,0,-0.03,0,0,0,0,1,0,0,0.05
0.53,2,2,-0.03,0,0,0,0,1,0,0,0
0.535,2,2,-0.04,0,0,0,0,1,0,0,0.02
0.54,2,2,-0.07,0,0,0,0,1,0,0.01,0.06
0.545,5,5,-0.09,0,0,0,0,1,0,0.01,0.05
0.55,7,7,-0.1,0,0,0,0,1,0,0.01,0.01
0.555,7,7,-0.1,0,0,0,0,1,0,0.01,0.01
0.56,7,7,-0.12,0,0,0,0,1,0,0.01,0.04
0.565,9,9,-0.14,0,0,0,0,1,0,0.01,0.05
0.57,11,11,-0.16,0,0,0,0,1,0,0.02,0.03
0.575,12,12,-0.16,0,0,0,0,1,0,0.02,0.01
0.58,12,12,-0.18,0,0,0,0,1,0,0.02,0.03
0.585,13,13,-0.21,0,0,0,0,1,0,0.02,0.07
0.59,15,15,-0.24,0,0,0,0,1,0,0.02,0.05
0.595,17,17,-0.24,0,0,0,0,1,0,0.02,0.01
0.6,18,18,-0.25,0,0,0,0,1,0,0.02,0.01
0.605,18,18,-0.28,0,0,0,0,1,0,0.03,0.06
0.61,20,20,-0.33,0,0,0,0,1,0,0.03,0.11
0.615,24,24,-0.36,0,0,0,0,1,0,0.04,0.05
0.62,27,27,-0.34,0,0,0,0,1,0,0.03,-0.04
0.625,25,25,-0.35,0,0,0,0,1,0,0.03,0.03
0.63,26,26,-0.45,2,2,0,0,1,0,0.04,0.2
0.635,32,32,-0.5,2,2,0,0,1,0,0.05,0.11
0.64,37,37,-0.47,0,0,0,0,1,0,0.05,-0.07
0.645,35,35,-0.44,0,0,0,0,1,0,0.04,-0.06
0.65,33,33,-0.55,0,0,0,0,1,0,0.05,0.22
0.655,39,39,-0.64,0,0,0,0,1,0,0.06,0.19
0.66,46,46,-0.6,0,2,0,0,1,0,0.06,-0.09
0.665,45,45,-0.52,0,2,0,0,1,0,0.05,-0.14
0.67,39,39,-0.6,2,2,0,0,1,0,0.06,0.16
0.675,44,44,-0.72,2,2,0,0,1,0,0.07,0.22
0.68,51,51,-0.65,2,0,0,0,1,0,0.07,-0.13
0.685,49,49,-0.57,2,0,0,0,1,0,0.06,-0.16
0.69,43,43,-0.58,2,2,0,0,1,0,0.06,0.02
0.695,43,43,-0.67,2,2,0,0,1,0,0.07,0.17
0.7,48,48,-0.6,2,0,0,0,1,0,0.06,-0.13
0.705,45,45,-0.48,2,0,0,0,1,0,0.05,-0.24
0.71,36,36,-0.48,2,2,0,0,1,0,0.05,-0.01
0.715,36,36,-0.55,2,2,0,0,1,0,0.06,0.15
0.72,40,40,-0.48,2,2,0,0,1,0,0.05,-0.15
0.725,36,36,-0.34,2,2,0,0,1,0,0.03,-0.28
0.73,25,25,-0.36,2,2,0,0,1,0,0.04,0.04
0.735,27,27,-0.46,2,2,0,0,1,0,0.05,0.21
0.74,33,33,-0.42,2,2,0,0,1,0,0.04,-0.09
0.745,31,31,-0.31,2,2,0,0,1,0,0.03,-0.23
0.75,23,23,-0.31,2,2,0,0,1,0,0.03,0.01
0.755,23,23,-0.39,2,2,0,0,1,0,0.04,0.16
0.76,28,28,-0.34,2,2,0,0,1,0,0.03,-0.1
0.765,26,26,-0.28,2,2,0,0,1,0,0.03,-0.13
0.77,20,20,-0.29,2,2,0,0,1,0,0.03,0.04
0.775,22,22,-0.37,2,2,0,0,1,0,0.04,0.15
0.78,27,27,-0.36,0,0,0,0,1,0,0.04,-0.02
0.785,27,27,-0.33,0,0,0,0,1,0,0.03,-0.05
0.79,25,25,-0.39,2,2,0,0,1,0,0.04,0.11
0.795,28,28,-0.5,2,2,0,0,1,0,0.05,0.22
0.8,36,36,-0.52,2,2,0,0,1,0,0.05,0.05
0.805,39,39,-0.52,2,2,0,0,1,0,0.05,-0.01
0.81,39,39,-0.63,0,0,0,0,1,0,0.06,0.22
0.815,45,45,-0.76,0,0,0,0,1,0,0.08,0.27
0.82,54,54,-0.79,0,2,0,0,1,0,0.08,0.06
0.825,59,59,-0.77,0,2,0,0,1,0,0.08,-0.04
0.83,58,58,-0.96,2,2,0,0,1,0,0.1,0.38
0.835,67,67,-1.13,2,2,0,0,1,0,0.11,0.33
0.84,79,79,-1.12,0,2,0,0,1,0,0.11,-0.02
0.845,83,83,-1.06,0,2,0,0,1,0,0.11,-0.12
0.85,78,78,-1.26,2,4,0,0,1,0,0.13,0.4
0.855,87,87,-1.44,2,4,0,0,1,0,0.14,0.37
0.86,100,100,-1.36,2,2,0,0,1,0,0.14,-0.17
0.865,100,100,-1.26,2,2,0,0,1,0,0.13,-0.2
0.87,93,93,-1.39,4,4,0,0,1,0,0.14,0.27
0.875,98,98,-1.53,4,4,0,0,1,0,0.15,0.28
0.88,108,108,-1.47,4,4,0,0,1,0,0.15,-0.13
0.885,108,108,-1.31,4,4,0,0,1,0,0.13,-0.33
0.89,95,95,-1.43,6,6,0,0,1,0,0.14,0.24
0.895,101,101,-1.48,6,6,0,0,1,0,0.15,0.1
0.9,107,107,-1.46,4,6,0,0,1,0,0.15,-0.04
0.905,107,107,-1.3,4,6,0,0,1,0,0.13,-0.33
0.91,95,95,-1.38,6,6,0,0,1,0,0.14,0.16
0.915,99,99,-1.43,6,6,0,0,1,0,0.14,0.11
0.92,104,104,-1.39,4,6,0,0,1,0,0.14,-0.08
0.925,102,102,-1.18,4,6,0,0,1,0,0.12,-0.42
0.93,87,87,-1.25,6,6,0,0,1,0,0.13,0.15
0.935,90,90,-1.27,6,6,0,0,1,0,0.13,0.03
0.94,93,93,-1.2,4,6,0,0,1,0,0.12,-0.13
0.945,89,89,-1.03,4,6,0,0,1,0,0.1,-0.34
0.95,76,76,-1.04,6,6,0,0,1,0,0.1,0.03
0.955,77,77,-1.05,6,6,0,0,1,0,0.11,0.01
0.96,78,78,-0.98,6,4,0,0,1,0,0.1,-0.15
0.965,72,72,-0.77,6,4,0,0,1,0,0.08,-0.42
0.97,57,57,-0.7,6,6,0,0,1,0,0.07,-0.14
0.975,52,52,-0.67,6,6,0,0,1,0,0.07,-0.05
0.98,50,50,-0.6,4,6,0,0,1,0,0.06,-0.15
0.985,45,45,-0.44,4,6,0,0,1,0,0.04,-0.31
0.99,33,33,-0.35,6,4,0,0,1,0,0.04,-0.18
0.995,26,26,-0.3,6,4,0,0,1,0,0.03,-0.11
1,22,22,-0.23,4,4,0,0,1,0,0.02,-0.13
1.005,17,17,-0.12,4,4,0,0,1,0,0.01,-0.22
1.01,9,9,-0.06,4,4,0,0,1,0,0.01,-0.12
1.015,4,4,-0.05,4,4,0,0,1,0,0,-0.04
1.02,3,3,-0.03,2,2,0,0,1,0,0,-0.03
1.025,2,2,0.04,2,2,0,0,1,0,0,-0.14
1.03,-4,-4,0.07,4,2,0,0,1,0,-0.01,-0.06
1.035,-6,-6,0.03,4,2,0,0,1,0,0,0.07
1.04,-3,-3,0.01,2,2,0,0,1,0,0,0.05
1.045,-1,-1,-0.01,2,2,0,0,1,0,0,0.04
1.05,0,0,-0.03,2,2,0,0,1,0,0,0.03
1.055,2,2,-0.06,2,2,0,0,1,0,0.01,0.06
1.06,4,4,-0.09,2,2,0,0,1,0,0.01,0.07
1.065,7,7,-0.14,2,2,0,0,1,0,0.01,0.1
1.07,10,10,-0.19,2,2,0,0,1,0,0.02,0.09
1.075,14,14,-0.22,2,2,0,0,1,0,0.02,0.06
1.08,16,16,-0.23,0,2,0,0,1,0,0.02,0.03
1.085,17,17,-0.25,0,2,0,0,1,0,0.03,0.04
1.09,19,19,-0.31,0,0,0,0,1,0,0.03,0.11
1.095,23,23,-0.34,0,0,0,0,1,0,0.03,0.07
1.1,25,25,-0.33,0,2,0,0,1,0,0.03,-0.03
1.105,24,24,-0.3,0,2,0,0,1,0,0.03,-0.05
1.11,22,22,-0.34,0,0,0,0,1,0,0.03,0.08
1.115,25,25,-0.38,0,0,0,0,1,0,0.04,0.08
1.12,28,28,-0.34,0,2,0,0,1,0,0.03,-0.09
1.125,25,25,-0.24,0,2,0,0,1,0,0.02,-0.19
1.13,18,18,-0.23,2,0,0,0,1,0,0.02,-0.02
1.135,17,17,-0.26,2,0,0,0,1,0,0.03,0.04
1.14,19,19,-0.18,0,0,0,0,1,0,0.02,-0.16
1.145,13,13,-0.07,0,0,0,0,1,0,0.01,-0.21
1.15,5,5,-0.03,2,2,0,0,1,0,0,-0.09
1.155,2,2,-0.06,2,2,0,0,1,0,0.01,0.05
1.16,4,4,-0.01,0,0,0,0,1,0,0,-0.1
1.165,0,0,0.09,0,0,0,0,1,0,-0.01,-0.19
1.17,-8,-8,0.17,2,2,0,0,1,0,-0.02,-0.16
1.175,-14,-14,0.17,2,2,0,0,1,0,-0.02,0
1.18,-14,-14,0.19,0,0,0,0,1,0,-0.02,-0.03
1.185,-15,-15,0.23,0,0,0,0,1,0,-0.02,-0.09
1.19,-19,-19,0.3,0,0,0,0,1,0,-0.03,-0.13
1.195,-24,-24,0.3,0,0,0,0,1,0,-0.03,-0.01
1.2,-24,-24,0.33,0,0,0,0,1,0,-0.03,-0.06
1.205,-26,-26,0.35,0,0,0,0,1,0,-0.03,-0.03
1.21,-27,-27,0.41,-2,0,0,0,1,0,-0.04,-0.13
1.215,-33,-33,0.44,-2,0,0,0,1,0,-0.04,-0.06
1.22,-35,-35,0.48,0,0,0,0,1,0,-0.05,-0.09
1.225,-38,-38,0.54,0,0,0,0,1,0,-0.05,-0.11
1.23,-43,-43,0.57,0,0,0,0,1,0,-0.06,-0.06
1.235,-45,-45,0.58,0,0,0,0,1,0,-0.06,-0.02
1.24,-46,-46,0.62,0,0,0,0,1,0,-0.06,-0.08
1.245,-49,-49,0.68,0,0,0,0,1,0,-0.07,-0.12
1.25,-54,-54,0.72,0,0,0,0,1,0,-0.07,-0.08
1.255,-57,-57,0.8,0,0,0,0,1,0,-0.08,-0.15
1.26,-63,-63,0.89,-2,-2,0,0,1,0,-0.09,-0.19
1.265,-71,-71,0.89,-2,-2,0,0,1,0,-0.09,0
1.27,-69,-69,0.91,-2,-2,0,0,1,0,-0.09,-0.03
1.275,-71,-71,0.9,-2,-2,0,0,1,0,-0.09,0.01
1.28,-70,-70,0.91,-2,-2,0,0,1,0,-0.09,0
1.285,-70,-70,0.85,-2,-2,0,0,1,0,-0.09,0.1
1.29,-65,-65,0.93,-4,-2,0,0,1,0,-0.09,-0.16
1.295,-74,-74,0.91,-4,-2,0,0,1,0,-0.09,0.04
1.3,-70,-70,0.88,-2,-2,0,0,1,0,-0.09,0.07
1.305,-67,-67,0.76,-2,-2,0,0,1,0,-0.08,0.24
1.31,-55,-55,0.82,-2,-4,0,0,1,0,-0.08,-0.13
1.315,-65,-65,0.81,-2,-4,0,0,1,0,-0.08,0.03
1.32,-62,-62,0.78,-4,-2,0,0,1,0,-0.08,0.06
1.325,-59,-59,0.69,-4,-2,0,0,1,0,-0.07,0.17
1.33,-51,-51,0.67,-4,-4,0,0,1,0,-0.07,0.05
1.335,-51,-51,0.6,-4,-4,0,0,1,0,-0.06,0.13
1.34,-45,-45,0.57,-4,-2,0,0,1,0,-0.06,0.07
1.345,-43,-43,0.5,-4,-2,0,0,1,0,-0.05,0.14
1.35,-37,-37,0.49,-4,-2,0,0,1,0,-0.05,0.02
1.355,-38,-38,0.46,-4,-2,0,0,1,0,-0.05,0.07
1.36,-35,-35,0.44,-4,-4,0,0,1,0,-0.04,0.03
1.365,-34,-34,0.39,-4,-4,0,0,1,0,-0.04,0.1
1.370001,-30,-30,0.39,-4,-4,0,0,1,0,-0.04,0.01
1.375,-30,-30,0.34,-4,-4,0,0,1,0,-0.03,0.1
1.379999,-26,-26,0.31,-2,-2,0,0,1,0,-0.03,0.05
1.385,-24,-24,0.26,-2,-2,0,0,1,0,-0.03,0.1
1.389999,-20,-20,0.27,-2,-2,0,0,1,0,-0.03,-0.02
1.395,-21,-21,0.26,-2,-2,0,0,1,0,-0.03,0.03
1.4,-20,-20,0.26,-2,-2,0,0,1,0,-0.03,-0.01
1.405001,-21,-21,0.27,-2,-2,0,0,1,0,-0.03,-0.03
1.41,-22,-22,0.27,-2,-2,0,0,1,0,-0.03,0
1.415001,-22,-22,0.29,-2,-2,0,0,1,0,-0.03,-0.02
1.42,-23,-23,0.31,0,-2,0,0,1,0,-0.03,-0.04
1.424999,-24,-24,0.31,0,-2,0,0,1,0,-0.03,-0.01
1.43,-24,-24,0.32,-2,-2,0,0,1,0,-0.03,-0.03
1.434999,-26,-26,0.34,-2,-2,0,0,1,0,-0.03,-0.03
1.440001,-27,-27,0.37,0,0,0,0,1,0,-0.04,-0.07
1.445,-29,-29,0.4,0,0,0,0,1,0,-0.04,-0.06
1.450001,-31,-31,0.44,-2,-2,0,0,1,0,-0.04,-0.09
1.455,-35,-35,0.47,-2,-2,0,0,1,0,-0.05,-0.05
1.459999,-37,-37,0.5,0,0,0,0,1,0,-0.05,-0.05
1.465,-39,-39,0.51,0,0,0,0,1,0,-0.05,-0.02
1.469999,-40,-40,0.58,-2,-2,0,0,1,0,-0.06,-0.14
1.475,-46,-46,0.62,-2,-2,0,0,1,0,-0.06,-0.09
1.48,-49,-49,0.68,-2,-2,0,0,1,0,-0.07,-0.11
1.485001,-53,-53,0.67,-2,-2,0,0,1,0,-0.07,0.01
1.49,-52,-52,0.77,-2,-2,0,0,1,0,-0.08,-0.19
1.495001,-61,-61,0.81,-2,-2,0,0,1,0,-0.08,-0.08
1.5,-63,-63,0.81,-2,-2,0,0,1,0,-0.08,0
1.504999,-63,-63,0.81,-2,-2,0,0,1,0,-0.08,0
1.51,-63,-63,0.8,-2,-2,0,0,1,0,-0.08,0.01
1.514999,-62,-62,0.76,-2,-2,0,0,1,0,-0.08,0.09
1.52,-57,-57,0.71,-2,-2,0,0,1,0,-0.07,0.1
1.525,-54,-54,0.63,-2,-2,0,0,1,0,-0.06,0.16
1.530001,-47,-47,0.57,-2,-4,0,0,1,0,-0.06,0.12
1.535,-43,-43,0.45,-2,-4,0,0,1,0,-0.05,0.23
1.540001,-33,-33,0.33,-2,-4,0,0,1,0,-0.03,0.24
1.545,-24,-24,0.17,-2,-4,0,0,1,0,-0.02,0.32
1.549999,-12,-12,0.04,-4,-2,0,0,1,0,0,0.27
1.555,-3,-3,-0.13,-4,-2,0,0,1,0,0.01,0.34
1.559999,9,9,-0.27,-2,-2,0,0,1,0,0.03,0.28
1.565001,19,19,-0.41,-2,-2,0,0,1,0,0.04,0.28
1.57,29,29,-0.56,-2,0,0,0,1,0,0.06,0.29
1.575001,40,40,-0.7,-2,0,0,0,1,0,0.07,0.28
1.58,49,49,-0.83,0,-2,0,0,1,0,0.08,0.27
1.584999,59,59,-0.96,0,-2,0,0,1,0,0.1,0.25
1.59,68,68,-1.08,0,0,0,0,1,0,0.11,0.24
1.594999,77,77,-1.15,0,0,0,0,1,0,0.11,0.14
1.6,83,83,-1.24,0,0,0,0,1,0,0.12,0.18
1.605,89,89,-1.34,0,0,0,0,1,0,0.13,0.21
1.610001,96,96,-1.49,2,2,0,0,1,0,0.15,0.3
1.615,105,105,-1.49,2,2,0,0,1,0,0.15,-0.01
1.620001,109,109,-1.47,2,2,0,0,1,0,0.15,-0.04
1.625,108,108,-1.48,2,2,0,0,1,0,0.15,0.02
1.629999,109,109,-1.74,4,4,0,0,1,0,0.17,0.51
1.635,112,112,-1.95,4,4,0,0,1,0,0.19,0.42
1.639999,132,132,-1.84,2,2,0,0,1,0,0.18,-0.22
1.645,133,133,-1.6,2,2,0,0,1,0,0.16,-0.48
1.65,118,118,-1.66,4,6,0,0,1,0,0.17,0.12
1.655001,119,119,-1.64,4,6,0,0,1,0,0.16,-0.03
1.66,120,120,-1.64,6,4,0,0,1,0,0.16,0
1.665001,120,120,-1.47,6,4,0,0,1,0,0.15,-0.35
1.67,107,107,-1.54,6,6,0,0,1,0,0.15,0.14
1.674999,110,110,-1.42,6,6,0,0,1,0,0.14,-0.23
1.68,104,104,-1.27,6,6,0,0,1,0,0.13,-0.29
1.684999,93,93,-1.02,6,6,0,0,1,0,0.1,-0.52
1.690001,77,77,-1,6,6,0,0,1,0,0.1,-0.03
1.695,74,74,-1,6,6,0,0,1,0,0.1,0.01
1.700001,75,75,-0.9,4,6,0,0,1,0,0.09,-0.22
1.705,66,66,-0.64,4,6,0,0,1,0,0.06,-0.51
1.709999,49,49,-0.48,4,4,0,0,1,0,0.05,-0.33
1.715,35,35,-0.34,4,4,0,0,1,0,0.03,-0.28
1.719999,25,25,-0.25,6,4,0,0,1,0,0.03,-0.17
1.725,19,19,-0.07,6,4,0,0,1,0,0.01,-0.36
1.73,4,4,0.06,4,4,0,0,1,0,-0.01,-0.26
1.735001,-5,-5,0.19,4,4,0,0,1,0,-0.02,-0.26
1.74,-16,-16,0.24,4,4,0,0,1,0,-0.02,-0.1
1.745001,-19,-19,0.33,4,4,0,0,1,0,-0.03,-0.17
1.75,-26,-26,0.44,2,4,0,0,1,0,-0.04,-0.22
1.754999,-35,-35,0.49,2,4,0,0,1,0,-0.05,-0.11
1.76,-39,-39,0.47,2,2,0,0,1,0,-0.05,0.05
1.764999,-36,-36,0.4,2,2,0,0,1,0,-0.04,0.14
1.77,-30,-30,0.43,0,2,0,0,1,0,-0.04,-0.06
1.775,-34,-34,0.44,0,2,0,0,1,0,-0.04,-0.01
1.780001,-34,-34,0.36,0,0,0,0,1,0,-0.04,0.15
1.785,-27,-27,0.19,0,0,0,0,1,0,-0.02,0.35
1.790001,-13,-13,0.05,0,-2,0,0,1,0,0,0.28
1.795,-4,-4,-0.08,0,-2,0,0,1,0,0.01,0.24
1.799999,5,5,-0.22,-2,0,0,0,1,0,0.02,0.28
1.805,15,15,-0.34,-2,0,0,0,1,0,0.03,0.25
1.809999,24,24,-0.46,0,0,0,0,1,0,0.05,0.23
1.815001,33,33,-0.56,0,0,0,0,1,0,0.06,0.2
1.82,40,40,-0.68,0,0,0,0,1,0,0.07,0.25
1.825001,49,49,-0.79,0,0,0,0,1,0,0.08,0.23
1.83,57,57,-0.91,2,0,0,0,1,0,0.09,0.23
1.834999,65,65,-1.01,2,0,0,0,1,0,0.1,0.2
1.84,72,72,-1.12,2,0,0,0,1,0,0.11,0.23
1.844999,80,80,-1.18,2,0,0,0,1,0,0.12,0.11
1.85,86,86,-1.37,2,2,0,0,1,0,0.14,0.39
1.855,95,95,-1.53,2,2,0,0,1,0,0.15,0.31
1.860001,107,107,-1.56,0,2,0,0,1,0,0.16,0.06
1.865,113,113,-1.45,0,2,0,0,1,0,0.14,-0.22
1.870001,106,106,-1.56,4,4,0,0,1,0,0.16,0.22
1.875,111,111,-1.72,4,4,0,0,1,0,0.17,0.31
1.879999,120,120,-1.69,2,2,0,0,1,0,0.17,-0.04
1.885,124,124,-1.47,2,2,0,0,1,0,0.15,-0.45
1.889999,108,108,-1.51,6,4,0,0,1,0,0.15,0.09
1.895,109,109,-1.49,6,4,0,0,1,0,0.15,-0.03
1.9,110,110,-1.48,6,4,0,0,1,0,0.15,-0.03
1.905001,109,109,-1.17,6,4,0,0,1,0,0.12,-0.61
1.91,91,91,-1.14,6,6,0,0,1,0,0.11,-0.07
1.915001,85,85,-1.04,6,6,0,0,1,0,0.1,-0.19
1.92,77,77,-0.99,6,6,0,0,1,0,0.1,-0.12
1.924999,73,73,-0.7,6,6,0,0,1,0,0.07,-0.57
1.93,54,54,-0.59,6,6,0,0,1,0,0.06,-0.21
1.934999,44,44,-0.47,6,6,0,0,1,0,0.05,-0.25
1.940001,35,35,-0.32,4,4,0,0,1,0,0.03,-0.31
1.945,23,23,-0.06,4,4,0,0,1,0,0.01,-0.5
1.950001,4,4,0.05,6,4,0,0,1,0,-0.01,-0.24
1.955,-5,-5,0.12,6,4,0,0,1,0,-0.01,-0.13
1.959999,-10,-10,0.2,2,4,0,0,1,0,-0.02,-0.16
1.965,-16,-16,0.34,2,4,0,0,1,0,-0.03,-0.27
1.969999,-27,-27,0.43,2,2,0,0,1,0,-0.04,-0.19
1.975,-34,-34,0.49,2,2,0,0,1,0,-0.05,-0.11
1.98,-39,-39,0.47,2,0,0,0,1,0,-0.05,0.04
1.985001,-36,-36,0.43,2,0,0,0,1,0,-0.04,0.07
1.99,-33,-33,0.46,0,0,0,0,1,0,-0.05,-0.06
1.995001,-36,-36,0.46,0,0,0,0,1,0,-0.05,0
2,-36,-36,0.41,0,0,0,0,1,0,-0.04,0.1
2.004999,-31,-31,0.28,0,0,0,0,1,0,-0.03,0.26
2.01,-20,-20,0.17,0,0,0,0,1,0,-0.02,0.21
2.014999,-13,-13,0.05,0,0,0,0,1,0,0,0.25
2.02,-4,-4,0,0,0,0,0,1,0,0,0.1
2.025,0,0,-0.04,0,0,0,0,1,0,0,0.08
2.030001,3,3,-0.11,0,0,0,0,1,0,0.01,0.13
2.035,8,8,-0.18,0,0,0,0,1,0,0.02,0.14
2.040001,13,13,-0.24,0,0,0,0,1,0,0.02,0.12
2.045,18,18,-0.25,0,0,0,0,1,0,0.03,0.02
2.049999,19,19,-0.25,0,0,0,0,1,0,0.03,0
2.055,19,19,-0.25,0,0,0,0,1,0,0.02,-0.02
2.059999,18,18,-0.27,0,0,0,0,1,0,0.03,0.04
2.065001,20,20,-0.27,0,0,0,0,1,0,0.03,0
2.07,20,20,-0.22,0,0,0,0,1,0,0.02,-0.09
2.075001,16,16,-0.17,0,0,0,0,1,0,0.02,-0.1
2.08,12,12,-0.15,0,0,0,0,1,0,0.01,-0.04
2.084999,11,11,-0.13,0,0,0,0,1,0,0.01,-0.05
2.09,9,9,-0.07,0,0,0,0,1,0,0.01,-0.12
2.094999,4,4,0,0,0,0,0,1,0,0,-0.14
2.1,-1,-1,0.06,0,0,0,0,1,0,-0.01,-0.12
2.105,-6,-6,0.1,0,0,0,0,1,0,-0.01,-0.07
2.110001,-8,-8,0.15,0,0,0,0,1,0,-0.02,-0.12
2.115,-13,-13,0.22,0,0,0,0,1,0,-0.02,-0.13
2.120001,-18,-18,0.3,0,0,0,0,1,0,-0.03,-0.16
2.125,-24,-24,0.36,0,0,0,0,1,0,-0.04,-0.11
2.129999,-28,-28,0.42,0,0,0,0,1,0,-0.04,-0.12
2.135,-33,-33,0.45,0,0,0,0,1,0,-0.05,-0.07
2.139999,-36,-36,0.52,0,0,0,0,1,0,-0.05,-0.14
2.145,-41,-41,0.6,0,0,0,0,1,0,-0.06,-0.15
2.15,-47,-47,0.63,0,0,0,0,1,0,-0.06,-0.06
2.155001,-49,-49,0.66,0,0,0,0,1,0,-0.07,-0.06
2.16,-52,-52,0.71,0,-2,0,0,1,0,-0.07,-0.1
2.165001,-56,-56,0.75,0,-2,0,0,1,0,-0.08,-0.09
2.17,-59,-59,0.81,0,-2,0,0,1,0,-0.08,-0.1
2.174999,-63,-63,0.8,0,-2,0,0,1,0,-0.08,0.01
2.18,-62,-62,0.85,-2,-2,0,0,1,0,-0.09,-0.1
2.184999,-67,-67,0.85,-2,-2,0,0,1,0,-0.08,0.01
2.190001,-66,-66,0.87,-2,-4,0,0,1,0,-0.09,-0.04
2.195,-68,-68,0.83,-2,-4,0,0,1,0,-0.08,0.08
2.200001,-63,-63,0.78,-2,-2,0,0,1,0,-0.08,0.11
2.205,-59,-59,0.68,-2,-2,0,0,1,0,-0.07,0.2
2.209999,-50,-50,0.68,-2,-2,0,0,1,0,-0.07,0
2.215,-53,-53,0.62,-2,-2,0,0,1,0,-0.06,0.11
2.219999,-47,-47,0.54,-2,-2,0,0,1,0,-0.05,0.16
2.225,-41,-41,0.4,-2,-2,0,0,1,0,-0.04,0.29
2.23,-29,-29,0.3,-2,-4,0,0,1,0,-0.03,0.21
2.235001,-22,-22,0.21,-2,-4,0,0,1,0,-0.02,0.18
2.24,-15,-15,0.11,-4,-2,0,0,1,0,-0.01,0.2
2.245001,-8,-8,0.01,-4,-2,0,0,1,0,0,0.2
2.25,-1,-1,-0.09,-2,-2,0,0,1,0,0.01,0.21
2.254999,7,7,-0.2,-2,-2,0,0,1,0,0.02,0.22
2.26,14,14,-0.3,-2,0,0,0,1,0,0.03,0.2
2.264999,22,22,-0.4,-2,0,0,0,1,0,0.04,0.18
2.27,29,29,-0.49,-2,-2,0,0,1,0,0.05,0.19
2.275,36,36,-0.55,-2,-2,0,0,1,0,0.06,0.12
2.280001,41,41,-0.62,0,0,0,0,1,0,0.06,0.14
2.285,46,46,-0.69,0,0,0,0,1,0,0.07,0.13
2.290001,50,50,-0.77,0,0,0,0,1,0,0.08,0.16
2.295,56,56,-0.77,0,0,0,0,1,0,0.08,0.01
2.299999,58,58,-0.8,0,0,0,0,1,0,0.08,0.06
2.305,59,59,-0.82,0,0,0,0,1,0,0.08,0.04
2.309999,61,61,-0.91,2,2,0,0,1,0,0.09,0.17
2.315001,66,66,-0.9,2,2,0,0,1,0,0.09,0
2.32,67,67,-0.99,0,0,0,0,1,0,0.1,0.17
2.325001,71,71,-1,0,0,0,0,1,0,0.1,0.03
2.33,74,74,-1.02,2,2,0,0,1,0,0.1,0.03
2.334999,76,76,-1.09,2,2,0,0,1,0,0.11,0.15
2.34,79,79,-1.07,2,0,0,0,1,0,0.11,-0.05
2.344999,79,79,-0.95,2,0,0,0,1,0,0.09,-0.24
2.35,70,70,-0.95,4,4,0,0,1,0,0.1,0.02
2.355,71,71,-1.03,4,4,0,0,1,0,0.1,0.16
2.360001,75,75,-1.03,4,2,0,0,1,0,0.1,0
2.365,77,77,-0.93,4,2,0,0,1,0,0.09,-0.2
2.370001,69,69,-0.89,4,4,0,0,1,0,0.09,-0.07
2.375,67,67,-0.91,4,4,0,0,1,0,0.09,0.03
2.379999,67,67,-0.93,4,4,0,0,1,0,0.09,0.04
2.385,69,69,-0.76,4,4,0,0,1,0,0.08,-0.33
2.389999,56,56,-0.75,4,4,0,0,1,0,0.07,-0.03
2.395,56,56,-0.75,4,4,0,0,1,0,0.08,0.01
2.4,56,56,-0.72,4,4,0,0,1,0,0.07,-0.07
2.405001,54,54,-0.55,4,4,0,0,1,0,0.06,-0.34
2.41,41,41,-0.55,4,4,0,0,1,0,0.06,0
2.415001,41,41,-0.61,4,4,0,0,1,0,0.06,0.12
2.42,45,45,-0.54,4,2,0,0,1,0,0.05,-0.14
2.424999,40,40,-0.42,4,2,0,0,1,0,0.04,-0.23
2.43,31,31,-0.36,4,4,0,0,1,0,0.04,-0.12
2.434999,27,27,-0.39,4,4,0,0,1,0,0.04,0.06
2.440001,29,29,-0.36,4,4,0,0,1,0,0.04,-0.06
2.445,27,27,-0.28,4,4,0,0,1,0,0.03,-0.16
2.450001,20,20,-0.24,2,2,0,0,1,0,0.02,-0.07
2.455,18,18,-0.27,2,2,0,0,1,0,0.03,0.06
2.459999,20,20,-0.27,2,2,0,0,1,0,0.03,0.01
2.465,20,20,-0.23,2,2,0,0,1,0,0.02,-0.09
2.469999,17,17,-0.24,2,2,0,0,1,0,0.02,0.03
2.475,18,18,-0.29,2,2,0,0,1,0,0.03,0.1
2.48,22,22,-0.32,2,2,0,0,1,0,0.03,0.06
2.485001,24,24,-0.33,2,2,0,0,1,0,0.03,0.02
2.49,25,25,-0.4,2,2,0,0,1,0,0.04,0.13
2.495001,29,29,-0.47,2,2,0,0,1,0,0.05,0.14
2.5,34,34,-0.5,0,0,0,0,1,0,0.05,0.07
2.504999,37,37,-0.5,0,0,0,0,1,0,0.05,0.01
2.51,38,38,-0.58,2,2,0,0,1,0,0.06,0.16
2.514999,42,42,-0.68,2,2,0,0,1,0,0.07,0.2
2.52,49,49,-0.71,2,0,0,0,1,0,0.07,0.06
2.525,53,53,-0.69,2,0,0,0,1,0,0.07,-0.04
2.530001,52,52,-0.78,2,2,0,0,1,0,0.08,0.17
2.535,56,56,-0.86,2,2,0,0,1,0,0.09,0.17
2.540001,62,62,-0.83,0,2,0,0,1,0,0.08,-0.06
2.545,62,62,-0.75,0,2,0,0,1,0,0.07,-0.17
2.549999,56,56,-0.82,2,2,0,0,1,0,0.08,0.14
2.555,59,59,-0.92,2,2,0,0,1,0,0.09,0.21
2.559999,66,66,-0.85,2,2,0,0,1,0,0.09,-0.14
2.565001,63,63,-0.67,2,2,0,0,1,0,0.07,-0.36
2.57,50,50,-0.67,2,4,0,0,1,0,0.07,0
2.575001,50,50,-0.65,2,4,0,0,1,0,0.06,-0.04
2.58,49,49,-0.64,2,2,0,0,1,0,0.06,-0.02
2.584999,48,48,-0.43,2,2,0,0,1,0,0.04,-0.41
2.59,32,32,-0.33,2,2,0,0,1,0,0.03,-0.21
2.594999,24,24,-0.21,2,2,0,0,1,0,0.02,-0.24
2.6,15,15,-0.04,2,2,0,0,1,0,0,-0.33
2.605,2,2,0.11,2,2,0,0,1,0,-0.01,-0.3
2.610001,-9,-9,0.27,2,2,0,0,1,0,-0.03,-0.32
2.615,-22,-22,0.41,2,2,0,0,1,0,-0.04,-0.28
2.620001,-33,-33,0.59,0,2,0,0,1,0,-0.06,-0.37
2.625,-48,-48,0.77,0,2,0,0,1,0,-0.08,-0.36
2.629999,-62,-62,0.98,0,0,0,0,1,0,-0.1,-0.42
2.635,-80,-80,1.13,0,0,0,0,1,0,-0.11,-0.31
2.639999,-91,-91,1.31,0,0,0,0,1,0,-0.13,-0.36
2.645,-107,-107,1.45,0,0,0,0,1,0,-0.14,-0.27
2.65,-116,-116,1.67,-2,-2,0,0,1,0,-0.17,-0.44
2.655001,-138,-138,1.68,-2,-2,0,0,1,0,-0.17,-0.02
2.66,-131,-131,1.84,-2,-2,0,0,1,0,-0.18,-0.32
2.665001,-150,-150,2.03,-2,-2,0,0,1,0,-0.2,-0.38
2.67,-168,-168,2.5,-4,-4,0,0,1,0,-0.25,-0.95
2.674999,-238,-238,2.64,-4,-4,0,0,1,0,-0.26,-0.26
2.68,-216,-216,2.61,-2,-2,0,0,1,0,-0.26,0.05
2.684999,-199,-199,2.53,-2,-2,0,0,1,0,-0.25,0.17
2.690001,-186,-186,2.8,-6,-6,0,0,1,0,-0.28,-0.55
2.695,-247,-247,2.85,-6,-6,0,0,1,0,-0.29,-0.09
2.700001,-226,-226,2.92,-8,-6,0,0,1,0,-0.29,-0.14
2.705,-234,-234,2.75,-8,-6,0,0,1,0,-0.27,0.35
2.709999,-191,-191,2.91,-10,-8,0,0,1,0,-0.29,-0.33
2.715,-244,-244,2.81,-10,-8,0,0,1,0,-0.28,0.21
2.719999,-204,-204,2.77,-6,-8,0,0,1,0,-0.28,0.07
2.725,-210,-210,2.47,-6,-8,0,0,1,0,-0.25,0.61
2.73,-151,-151,2.52,-10,-10,0,0,1,0,-0.25,-0.11
2.735001,-200,-200,2.24,-10,-10,0,0,1,0,-0.22,0.56
2.74,-141,-141,2.08,-8,-12,0,0,1,0,-0.21,0.32
2.745001,-147,-147,1.76,-8,-12,0,0,1,0,-0.18,0.64
2.75,-106,-106,1.81,-10,-12,0,0,1,0,-0.18,-0.09
2.754999,-142,-142,1.53,-10,-12,0,0,1,0,-0.15,0.57
2.76,-95,-95,1.27,-8,-10,0,0,1,0,-0.13,0.5
2.764999,-83,-83,0.91,-8,-10,0,0,1,0,-0.09,0.72
2.77,-51,-51,0.78,-10,-10,0,0,1,0,-0.08,0.27
2.775,-56,-56,0.4,-10,-10,0,0,1,0,-0.04,0.76
2.780001,-21,-21,0.12,-8,-8,0,0,1,0,-0.01,0.55
2.785,-7,-7,-0.2,-8,-8,0,0,1,0,0.02,0.64
2.790001,12,12,-0.47,-6,-6,0,0,1,0,0.05,0.54
2.795,30,30,-0.72,-6,-6,0,0,1,0,0.07,0.5
2.799999,47,47,-0.91,-6,-6,0,0,1,0,0.09,0.37
2.805,63,63,-1.06,-6,-6,0,0,1,0,0.11,0.3
2.809999,74,74,-1.23,-4,-4,0,0,1,0,0.12,0.34
2.815001,86,86,-1.34,-4,-4,0,0,1,0,0.13,0.22
2.82,95,95,-1.44,-2,-4,0,0,1,0,0.14,0.21
2.825001,102,102,-1.54,-2,-4,0,0,1,0,0.15,0.2
2.83,110,110,-1.87,0,0,0,0,1,0,0.19,0.65
2.834999,112,112,-1.96,0,0,0,0,1,0,0.2,0.18
2.84,139,139,-1.88,0,0,0,0,1,0,0.19,-0.15
2.844999,136,136,-1.69,0,0,0,0,1,0,0.17,-0.38
2.85,122,122,-1.86,2,2,0,0,1,0,0.19,0.33
2.855,129,129,-1.84,2,2,0,0,1,0,0.18,-0.04
2.860001,134,134,-1.7,2,2,0,0,1,0,0.17,-0.28
2.865,123,123,-1.33,2,2,0,0,1,0,0.13,-0.74
2.870001,106,106,-1.29,6,6,0,0,1,0,0.13,-0.06
2.875,96,96,-1.11,6,6,0,0,1,0,0.11,-0.37
2.879999,81,81,-0.96,4,6,0,0,1,0,0.1,-0.3
2.885,71,71,-0.57,4,6,0,0,1,0,0.06,-0.77
2.889999,46,46,-0.35,6,4,0,0,1,0,0.04,-0.44
2.895,26,26,-0.12,6,4,0,0,1,0,0.01,-0.47
2.9,8,8,0.03,6,4,0,0,1,0,0,-0.3
2.905001,-4,-4,0.32,6,4,0,0,1,0,-0.03,-0.57
2.91,-27,-27,0.63,2,4,0,0,1,0,-0.06,-0.62
2.915001,-54,-54,0.9,2,4,0,0,1,0,-0.09,-0.54
2.92,-75,-75,1.11,4,4,0,0,1,0,-0.11,-0.42
2.924999,-90,-90,1.24,4,4,0,0,1,0,-0.12,-0.27
2.93,-99,-99,1.51,0,0,0,0,1,0,-0.15,-0.53
2.934999,-128,-128,1.62,0,0,0,0,1,0,-0.16,-0.23
2.940001,-130,-130,1.71,0,0,0,0,1,0,-0.17,-0.17
2.945,-136,-136,1.72,0,0,0,0,1,0,-0.17,-0.03
2.950001,-134,-134,1.92,-2,-2,0,0,1,0,-0.19,-0.4
2.955,-159,-159,1.84,-2,-2,0,0,1,0,-0.18,0.16
2.959999,-137,-137,1.86,-4,-4,0,0,1,0,-0.19,-0.04
2.965,-145,-145,1.89,-4,-4,0,0,1,0,-0.19,-0.05
2.969999,-148,-148,2.13,-4,-4,0,0,1,0,-0.21,-0.49
2.975,-182,-182,2.04,-4,-4,0,0,1,0,-0.2,0.19
2.98,-149,-149,1.87,-4,-4,0,0,1,0,-0.19,0.33
2.985001,-131,-131,1.65,-4,-4,0,0,1,0,-0.17,0.45
2.99,-111,-111,1.63,-6,-6,0,0,1,0,-0.16,0.04
2.995001,-125,-125,1.34,-6,-6,0,0,1,0,-0.13,0.58
3,-83,-83,1.22,-6,-6,0,0,1,0,-0.12,0.25
3.004999,-88,-88,0.98,-6,-6,0,0,1,0,-0.1,0.48
3.01,-65,-65,0.84,-6,-6,0,0,1,0,-0.08,0.27
3.014999,-60,-60,0.53,-6,-6,0,0,1,0,-0.05,0.62
3.02,-32,-32,0.28,-6,-4,0,0,1,0,-0.03,0.5
3.025,-18,-18,0.01,-6,-4,0,0,1,0,0,0.54
3.030001,-1,-1,-0.22,-4,-4,0,0,1,0,0.02,0.45
3.035,15,15,-0.49,-4,-4,0,0,1,0,0.05,0.56
3.040001,31,31,-0.76,-4,-4,0,0,1,0,0.08,0.54
3.045,49,49,-1.11,-4,-4,0,0,1,0,0.11,0.69
3.049999,65,65,-1.46,-2,-2,0,0,1,0,0.15,0.7
3.055,85,85,-1.64,-2,-2,0,0,1,0,0.16,0.36
3.059999,113,113,-1.77,-2,-2,0,0,1,0,0.18,0.26
3.065001,124,124,-1.94,-2,-2,0,0,1,0,0.19,0.33
3.07,134,134,-2.15,0,0,0,0,1,0,0.22,0.44
3.075001,145,145,-2.28,0,0,0,0,1,0,0.23,0.25
3.08,159,159,-2.41,0,0,0,0,1,0,0.24,0.27
3.084999,168,168,-2.42,0,0,0,0,1,0,0.24,0.01
3.09,173,173,-2.65,4,2,0,0,1,0,0.26,0.46
3.094999,176,176,-2.71,4,2,0,0,1,0,0.27,0.13
3.1,190,190,-2.64,2,2,0,0,1,0,0.26,-0.16
3.105,186,186,-2.39,2,2,0,0,1,0,0.24,-0.5
3.110001,173,173,-2.53,6,6,0,0,1,0,0.25,0.28
3.115,175,175,-2.45,6,6,0,0,1,0,0.25,-0.16
3.120001,174,174,-2.44,6,4,0,0,1,0,0.24,-0.03
3.125,174,174,-2.09,6,4,0,0,1,0,0.21,-0.69
3.129999,161,161,-2.13,8,8,0,0,1,0,0.21,0.09
3.135,152,152,-2.04,8,8,0,0,1,0,0.2,-0.19
3.139999,147,147,-2.04,6,6,0,0,1,0,0.2,-0.01
3.145,147,147,-1.65,6,6,0,0,1,0,0.16,-0.77
3.15,132,132,-1.59,8,8,0,0,1,0,0.16,-0.12
3.155001,116,116,-1.36,8,8,0,0,1,0,0.14,-0.46
3.16,101,101,-1.24,8,8,0,0,1,0,0.12,-0.25
3.165001,91,91,-0.93,8,8,0,0,1,0,0.09,-0.61
3.17,72,72,-0.85,10,8,0,0,1,0,0.09,-0.16
3.174999,63,63,-0.7,10,8,0,0,1,0,0.07,-0.3
3.18,52,52,-0.57,6,6,0,0,1,0,0.06,-0.27
3.184999,42,42,-0.32,6,6,0,0,1,0,0.03,-0.49
3.190001,24,24,-0.19,8,6,0,0,1,0,0.02,-0.27
3.195,14,14,-0.07,8,6,0,0,1,0,0.01,-0.23
3.200001,5,5,-0.04,6,6,0,0,1,0,0,-0.06
3.205,3,3,0.02,6,6,0,0,1,0,0,-0.12
3.209999,-2,-2,0.11,6,4,0,0,1,0,-0.01,-0.18
3.215,-9,-9,0.17,6,4,0,0,1,0,-0.02,-0.12
3.219999,-14,-14,0.15,4,4,0,0,1,0,-0.02,0.03
3.225,-12,-12,0.11,4,4,0,0,1,0,-0.01,0.08
3.23,-9,-9,0.09,2,2,0,0,1,0,-0.01,0.05
3.235001,-7,-7,0.06,2,2,0,0,1,0,-0.01,0.05
3.24,-5,-5,0,2,2,0,0,1,0,0,0.13
3.245001,0,0,-0.1,2,2,0,0,1,0,0.01,0.2
3.25,7,7,-0.21,2,2,0,0,1,0,0.02,0.22
3.254999,15,15,-0.32,2,2,0,0,1,0,0.03,0.22
3.26,23,23,-0.45,2,0,0,0,1,0,0.04,0.25
3.264999,32,32,-0.58,2,0,0,0,1,0,0.06,0.27
3.27,41,41,-0.76,0,0,0,0,1,0,0.08,0.36
3.275,53,53,-0.92,0,0,0,0,1,0,0.09,0.31
3.280001,64,64,-1.05,0,0,0,0,1,0,0.1,0.26
3.285,74,74,-1.16,0,0,0,0,1,0,0.12,0.23
3.290001,83,83,-1.45,2,2,0,0,1,0,0.15,0.58
3.295,91,91,-1.7,2,2,0,0,1,0,0.17,0.49
3.299999,111,111,-1.8,2,2,0,0,1,0,0.18,0.19
3.305,127,127,-1.81,2,2,0,0,1,0,0.18,0.02
3.309999,131,131,-2.22,4,2,0,0,1,0,0.22,0.82
3.315001,120,120,-2.57,4,2,0,0,1,0,0.26,0.69
3.32,150,150,-2.64,2,4,0,0,1,0,0.26,0.14
3.325001,185,185,-2.52,2,4,0,0,1,0,0.25,-0.24
3.33,178,178,-2.8,6,6,0,0,1,0,0.28,0.55
3.334999,177,177,-3,6,6,0,0,1,0,0.3,0.41
3.34,204,204,-3.06,4,6,0,0,1,0,0.31,0.13
3.344999,213,213,-2.87,4,6,0,0,1,0,0.29,-0.38
3.35,199,199,-3.06,8,8,0,0,1,0,0.31,0.38
3.355,209,209,-3.07,8,8,0,0,1,0,0.31,0.02
3.360001,215,215,-3.19,6,6,0,0,1,0,0.32,0.24
3.365,220,220,-3.01,6,6,0,0,1,0,0.3,-0.36
3.370001,208,208,-3.22,8,10,0,0,1,0,0.32,0.41
3.375,218,218,-3.2,8,10,0,0,1,0,0.32,-0.04
3.379999,223,223,-3.2,8,8,0,0,1,0,0.32,0.01
3.385,224,224,-2.85,8,8,0,0,1,0,0.28,-0.71
3.389999,216,216,-3.01,10,10,0,0,1,0,0.3,0.32
3.395,206,206,-2.82,10,10,0,0,1,0,0.28,-0.38
3.4,196,196,-2.79,10,10,0,0,1,0,0.28,-0.06
3.405001,197,197,-2.48,10,10,0,0,1,0,0.25,-0.62
3.41,186,186,-2.58,12,12,0,0,1,0,0.26,0.21
3.415001,180,180,-2.35,12,12,0,0,1,0,0.23,-0.48
3.42,169,169,-2.26,10,10,0,0,1,0,0.23,-0.17
3.424999,162,162,-1.93,10,10,0,0,1,0,0.19,-0.67
3.43,149,149,-2,12,12,0,0,1,0,0.2,0.15
3.434999,142,142,-1.93,12,12,0,0,1,0,0.19,-0.13
3.440001,140,140,-1.77,10,10,0,0,1,0,0.18,-0.33
3.445,128,128,-1.47,10,10,0,0,1,0,0.15,-0.6
3.450001,113,113,-1.44,12,10,0,0,1,0,0.14,-0.05
3.455,106,106,-1.29,12,10,0,0,1,0,0.13,-0.3
3.459999,95,95,-1.24,10,10,0,0,1,0,0.12,-0.11
3.465,91,91,-1.04,10,10,0,0,1,0,0.1,-0.41
3.469999,76,76,-1,10,10,0,0,1,0,0.1,-0.07
3.475,75,75,-0.87,10,10,0,0,1,0,0.09,-0.27
3.48,64,64,-0.72,8,8,0,0,1,0,0.07,-0.3
3.485001,54,54,-0.63,8,8,0,0,1,0,0.06,-0.19
3.49,47,47,-0.66,10,10,0,0,1,0,0.07,0.06
3.495001,49,49,-0.66,10,10,0,0,1,0,0.07,0.01
3.5,50,50,-0.58,8,6,0,0,1,0,0.06,-0.17
3.504999,43,43,-0.6,8,6,0,0,1,0,0.06,0.04
3.51,45,45,-0.62,6,6,0,0,1,0,0.06,0.05
3.514999,46,46,-0.64,6,6,0,0,1,0,0.06,0.03
3.52,48,48,-0.58,8,6,0,0,1,0,0.06,-0.11
3.525,44,44,-0.57,8,6,0,0,1,0,0.06,-0.04
3.530001,42,42,-0.55,6,4,0,0,1,0,0.05,-0.04
3.535,41,41,-0.54,6,4,0,0,1,0,0.05,-0.02
3.540001,40,40,-0.43,4,4,0,0,1,0,0.04,-0.22
3.545,32,32,-0.36,4,4,0,0,1,0,0.04,-0.14
3.549999,27,27,-0.31,4,6,0,0,1,0,0.03,-0.1
3.555,23,23,-0.3,4,6,0,0,1,0,0.03,-0.02
3.559999,23,23,-0.23,4,4,0,0,1,0,0.02,-0.14
3.565001,17,17,-0.2,4,4,0,0,1,0,0.02,-0.07
3.57,15,15,-0.18,4,4,0,0,1,0,0.02,-0.04
3.575001,13,13,-0.17,4,4,0,0,1,0,0.02,-0.03
3.58,12,12,-0.1,2,4,0,0,1,0,0.01,-0.13
3.584999,7,7,-0.1,2,4,0,0,1,0,0.01,0
3.59,7,7,-0.08,2,2,0,0,1,0,0.01,-0.03
3.594999,6,6,-0.07,2,2,0,0,1,0,0.01,-0.03
3.6,4,4,-0.04,2,2,0,0,1,0,0,-0.05
3.605,2,2,-0.01,2,2,0,0,1,0,0,-0.07
3.610001,0,0,0.02,2,2,0,0,1,0,0,-0.06
3.615,-2,-2,0.02,2,2,0,0,1,0,0,0.01
3.620001,-2,-2,0.03,2,2,0,0,1,0,0,-0.03
3.625,-3,-3,0.05,2,2,0,0,1,0,0,-0.03
3.629999,-4,-4,0.07,0,0,0,0,1,0,-0.01,-0.05
3.635,-6,-6,0.09,0,0,0,0,1,0,-0.01,-0.04
3.639999,-8,-8,0.13,0,0,0,0,1,0,-0.01,-0.07
3.645,-11,-11,0.2,0,0,0,0,1,0,-0.02,-0.14
3.65,-16,-16,0.28,0,0,0,0,1,0,-0.03,-0.16
3.655001,-22,-22,0.35,0,0,0,0,1,0,-0.04,-0.15
3.66,-28,-28,0.41,0,0,0,0,1,0,-0.04,-0.11
3.665001,-32,-32,0.49,0,0,0,0,1,0,-0.05,-0.16
3.67,-39,-39,0.59,0,0,0,0,1,0,-0.06,-0.21
3.674999,-47,-47,0.72,0,0,0,0,1,0,-0.07,-0.25
3.68,-57,-57,0.78,-2,0,0,0,1,0,-0.08,-0.12
3.684999,-61,-61,0.9,-2,0,0,0,1,0,-0.09,-0.24
3.690001,-71,-71,1.18,0,-2,0,0,1,0,-0.12,-0.57
3.695,-100,-100,1.37,0,-2,0,0,1,0,-0.14,-0.37
3.700001,-111,-111,1.39,-2,0,0,0,1,0,-0.14,-0.05
3.705,-109,-109,1.49,-2,0,0,0,1,0,-0.15,-0.2
3.709999,-119,-119,1.8,-2,-2,0,0,1,0,-0.18,-0.62
3.715,-156,-156,1.99,-2,-2,0,0,1,0,-0.2,-0.38
3.719999,-165,-165,1.93,-2,-2,0,0,1,0,-0.19,0.12
3.725,-144,-144,1.92,-2,-2,0,0,1,0,-0.19,0.02
3.73,-148,-148,2.14,-4,-6,0,0,1,0,-0.21,-0.45
3.735001,-181,-181,2.3,-4,-6,0,0,1,0,-0.23,-0.32
3.74,-190,-190,2.37,-4,-6,0,0,1,0,-0.24,-0.12
3.745001,-188,-188,2.16,-4,-6,0,0,1,0,-0.22,0.42
3.75,-146,-146,2.38,-6,-6,0,0,1,0,-0.24,-0.45
3.754999,-203,-203,2.41,-6,-6,0,0,1,0,-0.24,-0.06
3.76,-189,-189,2.6,-6,-8,0,0,1,0,-0.26,-0.38
3.764999,-219,-219,2.41,-6,-8,0,0,1,0,-0.24,0.39
3.77,-165,-165,2.66,-8,-10,0,0,1,0,-0.27,-0.51
3.775,-231,-231,2.51,-8,-10,0,0,1,0,-0.25,0.31
3.780001,-177,-177,2.6,-8,-8,0,0,1,0,-0.26,-0.19
3.785,-211,-211,2.41,-8,-8,0,0,1,0,-0.24,0.38
3.790001,-166,-166,2.62,-10,-10,0,0,1,0,-0.26,-0.42
3.795,-223,-223,2.47,-10,-10,0,0,1,0,-0.25,0.31
3.799999,-174,-174,2.45,-10,-10,0,0,1,0,-0.25,0.04
3.805,-188,-188,2.16,-10,-10,0,0,1,0,-0.22,0.58
3.809999,-134,-134,2.24,-10,-10,0,0,1,0,-0.22,-0.15
3.815001,-179,-179,2,-10,-10,0,0,1,0,-0.2,0.47
3.82,-132,-132,1.92,-10,-10,0,0,1,0,-0.19,0.16
3.825001,-142,-142,1.65,-10,-10,0,0,1,0,-0.16,0.56
3.83,-104,-104,1.64,-10,-12,0,0,1,0,-0.16,0
3.834999,-128,-128,1.39,-10,-12,0,0,1,0,-0.14,0.51
3.84,-90,-90,1.25,-8,-8,0,0,1,0,-0.13,0.28
3.844999,-90,-90,0.99,-8,-8,0,0,1,0,-0.1,0.53
3.85,-63,-63,0.92,-10,-10,0,0,1,0,-0.09,0.15
3.855,-68,-68,0.66,-10,-10,0,0,1,0,-0.07,0.51
3.860001,-43,-43,0.48,-8,-8,0,0,1,0,-0.05,0.37
3.865,-33,-33,0.31,-8,-8,0,0,1,0,-0.03,0.33
3.870001,-22,-22,0.23,-8,-8,0,0,1,0,-0.02,0.17
3.875,-17,-17,0.11,-8,-8,0,0,1,0,-0.01,0.25
3.879999,-8,-8,0,-6,-6,0,0,1,0,0,0.21
3.885,0,0,-0.07,-6,-6,0,0,1,0,0.01,0.14
3.889999,5,5,-0.09,-6,-6,0,0,1,0,0.01,0.04
3.895,7,7,-0.15,-6,-6,0,0,1,0,0.01,0.11
3.9,11,11,-0.2,-6,-4,0,0,1,0,0.02,0.11
3.905001,15,15,-0.22,-6,-4,0,0,1,0,0.02,0.04
3.91,16,16,-0.21,-4,-4,0,0,1,0,0.02,-0.02
3.915001,16,16,-0.18,-4,-4,0,0,1,0,0.02,-0.05
3.92,14,14,-0.17,-2,-4,0,0,1,0,0.02,-0.04
3.924999,12,12,-0.15,-2,-4,0,0,1,0,0.02,-0.03
3.93,11,11,-0.13,0,-2,0,0,1,0,0.01,-0.06
3.934999,9,9,-0.06,0,-2,0,0,1,0,0.01,-0.13
3.940001,4,4,0.01,-2,-2,0,0,1,0,0,-0.14
3.945,-2,-2,0.1,-2,-2,0,0,1,0,-0.01,-0.17
3.950001,-8,-8,0.17,-2,0,0,0,1,0,-0.02,-0.15
3.955,-14,-14,0.28,-2,0,0,0,1,0,-0.03,-0.22
3.959999,-23,-23,0.4,0,0,0,0,1,0,-0.04,-0.24
3.965,-32,-32,0.53,0,0,0,0,1,0,-0.05,-0.26
3.969999,-42,-42,0.7,-2,-2,0,0,1,0,-0.07,-0.33
3.975,-56,-56,0.83,-2,-2,0,0,1,0,-0.08,-0.26
3.98,-66,-66,0.94,0,0,0,0,1,0,-0.09,-0.22
3.985001,-75,-75,1.05,0,0,0,0,1,0,-0.1,-0.21
3.99,-83,-83,1.19,-2,-4,0,0,1,0,-0.12,-0.29
3.995001,-95,-95,1.31,-2,-4,0,0,1,0,-0.13,-0.25
4,-105,-105,1.48,-2,-2,0,0,1,0,-0.15,-0.33
4.004999,-120,-120,1.47,-2,-2,0,0,1,0,-0.15,0.02
4.01,-113,-113,1.57,-4,-4,0,0,1,0,-0.16,-0.22
4.014999,-126,-126,1.61,-4,-4,0,0,1,0,-0.16,-0.07
4.02,-126,-126,1.62,-2,-2,0,0,1,0,-0.16,-0.02
4.025,-126,-126,1.51,-2,-2,0,0,1,0,-0.15,0.22
4.030001,-110,-110,1.61,-6,-4,0,0,1,0,-0.16,-0.21
4.035,-129,-129,1.61,-6,-4,0,0,1,0,-0.16,0.01
4.040001,-125,-125,1.59,-4,-4,0,0,1,0,-0.16,0.04
4.045,-122,-122,1.38,-4,-4,0,0,1,0,-0.14,0.43
4.049999,-93,-93,1.43,-4,-6,0,0,1,0,-0.14,-0.11
4.055,-113,-113,1.19,-4,-6,0,0,1,0,-0.12,0.47
4.059999,-79,-79,1.14,-6,-6,0,0,1,0,-0.11,0.11
4.065001,-86,-86,0.94,-6,-6,0,0,1,0,-0.09,0.39
4.07,-65,-65,0.9,-6,-6,0,0,1,0,-0.09,0.07
4.075001,-69,-69,0.64,-6,-6,0,0,1,0,-0.06,0.53
4.08,-41,-41,0.56,-4,-4,0,0,1,0,-0.06,0.15
4.084999,-42,-42,0.41,-4,-4,0,0,1,0,-0.04,0.3
4.09,-30,-30,0.24,-6,-6,0,0,1,0,-0.02,0.34
4.094999,-17,-17,0.11,-6,-6,0,0,1,0,-0.01,0.27
4.1,-8,-8,-0.07,-4,-4,0,0,1,0,0.01,0.36
4.105,5,5,-0.21,-4,-4,0,0,1,0,0.02,0.28
4.110001,15,15,-0.39,-4,-4,0,0,1,0,0.04,0.35
4.115,27,27,-0.52,-4,-4,0,0,1,0,0.05,0.25
4.120001,37,37,-0.73,-4,-2,0,0,1,0,0.07,0.43
4.125,50,50,-0.87,-4,-2,0,0,1,0,0.09,0.27
4.129999,62,62,-1.04,0,-2,0,0,1,0,0.1,0.35
4.135,73,73,-1.16,0,-2,0,0,1,0,0.12,0.24
4.139999,83,83,-1.21,0,0,0,0,1,0,0.12,0.08
4.145,88,88,-1.31,0,0,0,0,1,0,0.13,0.2
4.15,93,93,-1.41,0,2,0,0,1,0,0.14,0.21
4.155001,101,101,-1.43,0,2,0,0,1,0,0.14,0.04
4.16,105,105,-1.44,2,2,0,0,1,0,0.14,0.01
4.165001,106,106,-1.45,2,2,0,0,1,0,0.14,0.01
4.17,106,106,-1.74,4,2,0,0,1,0,0.17,0.59
4.174999,108,108,-1.8,4,2,0,0,1,0,0.18,0.12
4.18,129,129,-1.63,2,4,0,0,1,0,0.16,-0.35
4.184999,118,118,-1.52,2,4,0,0,1,0,0.15,-0.22
4.190001,111,111,-1.65,6,4,0,0,1,0,0.17,0.27
4.195,116,116,-1.64,6,4,0,0,1,0,0.16,-0.03
4.200001,120,120,-1.41,4,2,0,0,1,0,0.14,-0.45
4.205,104,104,-1.19,4,2,0,0,1,0,0.12,-0.44
4.209999,88,88,-1.24,6,6,0,0,1,0,0.12,0.1
4.215,90,90,-1.17,6,6,0,0,1,0,0.12,-0.13
4.219999,87,87,-0.9,6,4,0,0,1,0,0.09,-0.56
4.225,69,69,-0.64,6,4,0,0,1,0,0.06,-0.5
4.23,49,49,-0.54,6,6,0,0,1,0,0.05,-0.21
4.235001,40,40,-0.39,6,6,0,0,1,0,0.04,-0.29
4.24,29,29,-0.25,4,6,0,0,1,0,0.02,-0.29
4.245001,18,18,-0.03,4,6,0,0,1,0,0,-0.43
4.25,1,1,0.19,4,4,0,0,1,0,-0.02,-0.44
4.254999,-16,-16,0.32,4,4,0,0,1,0,-0.03,-0.26
4.26,-26,-26,0.44,4,4,0,0,1,0,-0.04,-0.24
4.264999,-35,-35,0.51,4,4,0,0,1,0,-0.05,-0.15
4.27,-41,-41,0.66,2,2,0,0,1,0,-0.07,-0.3
4.275,-53,-53,0.71,2,2,0,0,1,0,-0.07,-0.09
4.280001,-55,-55,0.72,2,2,0,0,1,0,-0.07,-0.04
4.285,-57,-57,0.66,2,2,0,0,1,0,-0.07,0.12
4.290001,-50,-50,0.65,0,2,0,0,1,0,-0.07,0.02
4.295,-51,-51,0.59,0,2,0,0,1,0,-0.06,0.12
4.299999,-45,-45,0.48,0,0,0,0,1,0,-0.05,0.24
4.305,-35,-35,0.31,0,0,0,0,1,0,-0.03,0.33
4.309999,-22,-22,0.18,0,0,0,0,1,0,-0.02,0.26
4.315001,-13,-13,0.03,0,0,0,0,1,0,0,0.29
4.32,-2,-2,-0.06,-2,-2,0,0,1,0,0.01,0.19
4.325001,4,4,-0.11,-2,-2,0,0,1,0,0.01,0.09
4.33,8,8,-0.23,0,-2,0,0,1,0,0.02,0.23
4.334999,16,16,-0.33,0,-2,0,0,1,0,0.03,0.2
4.34,23,23,-0.45,0,0,0,0,1,0,0.04,0.24
4.344999,32,32,-0.51,0,0,0,0,1,0,0.05,0.13
4.35,37,37,-0.57,0,0,0,0,1,0,0.06,0.12
4.355,42,42,-0.62,0,0,0,0,1,0,0.06,0.11
4.360001,46,46,-0.68,0,0,0,0,1,0,0.07,0.11
4.365,50,50,-0.76,0,0,0,0,1,0,0.08,0.16
4.370001,55,55,-0.75,0,2,0,0,1,0,0.08,-0.02
4.375,56,56,-0.78,0,2,0,0,1,0,0.08,0.06
4.379999,58,58,-0.82,0,0,0,0,1,0,0.08,0.07
4.385,60,60,-0.82,0,0,0,0,1,0,0.08,0
4.389999,61,61,-0.82,2,2,0,0,1,0,0.08,0
4.395,61,61,-0.8,2,2,0,0,1,0,0.08,-0.04
4.4,60,60,-0.64,2,0,0,0,1,0,0.06,-0.31
4.405001,48,48,-0.48,2,0,0,0,1,0,0.05,-0.32
4.41,36,36,-0.42,4,4,0,0,1,0,0.04,-0.12
4.415001,31,31,-0.34,4,4,0,0,1,0,0.03,-0.15
4.42,26,26,-0.15,2,2,0,0,1,0,0.01,-0.4
4.424999,10,10,0.02,2,2,0,0,1,0,0,-0.33
4.43,-2,-2,0.19,2,2,0,0,1,0,-0.02,-0.35
4.434999,-16,-16,0.32,2,2,0,0,1,0,-0.03,-0.25
4.440001,-25,-25,0.45,2,2,0,0,1,0,-0.04,-0.26
4.445,-36,-36,0.59,2,2,0,0,1,0,-0.06,-0.28
4.450001,-47,-47,0.79,0,0,0,0,1,0,-0.08,-0.4
4.455,-64,-64,0.88,0,0,0,0,1,0,-0.09,-0.17
4.459999,-69,-69,0.94,0,0,0,0,1,0,-0.09,-0.12
4.465,-74,-74,0.99,0,0,0,0,1,0,-0.1,-0.1
4.469999,-78,-78,1.05,-2,0,0,0,1,0,-0.1,-0.12
4.475,-83,-83,1.11,-2,0,0,0,1,0,-0.11,-0.11
4.48,-87,-87,1.16,0,0,0,0,1,0,-0.12,-0.11
4.485001,-91,-91,1.31,0,0,0,0,1,0,-0.13,-0.29
4.49,-105,-105,1.42,-2,-4,0,0,1,0,-0.14,-0.23
4.495001,-114,-114,1.54,-2,-4,0,0,1,0,-0.15,-0.24
4.5,-124,-124,1.53,-2,-2,0,0,1,0,-0.15,0.02
4.504999,-118,-118,1.59,-2,-2,0,0,1,0,-0.16,-0.11
4.51,-125,-125,1.83,-4,-4,0,0,1,0,-0.18,-0.48
4.514999,-154,-154,1.94,-4,-4,0,0,1,0,-0.19,-0.23
4.52,-157,-157,1.94,-4,-4,0,0,1,0,-0.19,0
4.525,-151,-151,1.8,-4,-4,0,0,1,0,-0.18,0.3
4.530001,-127,-127,2.02,-8,-6,0,0,1,0,-0.2,-0.45
4.535,-170,-170,2.05,-8,-6,0,0,1,0,-0.21,-0.06
4.540001,-161,-161,2.16,-6,-4,0,0,1,0,-0.22,-0.21
4.545,-174,-174,1.9,-6,-4,0,0,1,0,-0.19,0.51
4.549999,-123,-123,2.11,-8,-6,0,0,1,0,-0.21,-0.42
4.555,-177,-177,2.1,-8,-6,0,0,1,0,-0.21,0.02
4.559999,-162,-162,2.18,-6,-6,0,0,1,0,-0.22,-0.15
4.565001,-174,-174,2.01,-6,-6,0,0,1,0,-0.2,0.33
4.57,-141,-141,2.16,-8,-10,0,0,1,0,-0.22,-0.29
4.575001,-176,-176,2.09,-8,-10,0,0,1,0,-0.21,0.13
4.58,-156,-156,2.05,-6,-8,0,0,1,0,-0.21,0.08
4.584999,-155,-155,1.84,-6,-8,0,0,1,0,-0.18,0.42
4.59,-125,-125,1.93,-8,-10,0,0,1,0,-0.19,-0.18
4.594999,-155,-155,1.71,-8,-10,0,0,1,0,-0.17,0.44
4.6,-115,-115,1.73,-6,-8,0,0,1,0,-0.17,-0.03
4.605,-135,-135,1.54,-6,-8,0,0,1,0,-0.15,0.37
4.610001,-107,-107,1.59,-8,-10,0,0,1,0,-0.16,-0.1
4.615,-125,-125,1.45,-8,-10,0,0,1,0,-0.15,0.28
4.620001,-104,-104,1.38,-6,-8,0,0,1,0,-0.14,0.14
4.625,-103,-103,1.18,-6,-8,0,0,1,0,-0.12,0.41
4.629999,-81,-81,1.22,-8,-10,0,0,1,0,-0.12,-0.08
4.635,-96,-96,1.04,-8,-10,0,0,1,0,-0.1,0.36
4.639999,-73,-73,0.99,-6,-8,0,0,1,0,-0.1,0.1
4.645,-75,-75,0.8,-6,-8,0,0,1,0,-0.08,0.37
4.65,-56,-56,0.69,-6,-8,0,0,1,0,-0.07,0.24
4.655001,-50,-50,0.51,-6,-8,0,0,1,0,-0.05,0.36
4.66,-36,-36,0.35,-6,-6,0,0,1,0,-0.03,0.33
4.665001,-25,-25,0.22,-6,-6,0,0,1,0,-0.02,0.25
4.67,-16,-16,0.14,-6,-6,0,0,1,0,-0.01,0.16
4.674999,-11,-11,0.05,-6,-6,0,0,1,0,0,0.18
4.68,-4,-4,-0.08,-6,-4,0,0,1,0,0.01,0.25
4.684999,5,5,-0.17,-6,-4,0,0,1,0,0.02,0.19
4.690001,12,12,-0.28,-4,-4,0,0,1,0,0.03,0.21
4.695,20,20,-0.36,-4,-4,0,0,1,0,0.04,0.18
4.700001,26,26,-0.42,-2,-2,0,0,1,0,0.04,0.11
4.705,31,31,-0.48,-2,-2,0,0,1,0,0.05,0.13
4.709999,35,35,-0.54,-2,-2,0,0,1,0,0.05,0.1
4.715,39,39,-0.57,-2,-2,0,0,1,0,0.06,0.06
4.719999,42,42,-0.6,-2,-2,0,0,1,0,0.06,0.06
4.725,44,44,-0.57,-2,-2,0,0,1,0,0.06,-0.04
4.73,43,43,-0.54,0,-2,0,0,1,0,0.05,-0.07
4.735001,40,40,-0.45,0,-2,0,0,1,0,0.05,-0.17
4.74,34,34,-0.37,0,0,0,0,1,0,0.04,-0.17
4.745001,28,28,-0.29,0,0,0,0,1,0,0.03,-0.16
4.75,21,21,-0.19,0,0,0,0,1,0,0.02,-0.21
4.754999,13,13,-0.04,0,0,0,0,1,0,0,-0.29
4.76,2,2,0.09,2,0,0,0,1,0,-0.01,-0.26
4.764999,-8,-8,0.17,2,0,0,0,1,0,-0.02,-0.17
4.77,-14,-14,0.26,0,0,0,0,1,0,-0.03,-0.17
4.775,-21,-21,0.33,0,0,0,0,1,0,-0.03,-0.15
4.780001,-27,-27,0.43,0,0,0,0,1,0,-0.04,-0.19
4.785,-34,-34,0.51,0,0,0,0,1,0,-0.05,-0.16
4.790001,-40,-40,0.57,-2,0,0,0,1,0,-0.06,-0.14
4.795,-45,-45,0.58,-2,0,0,0,1,0,-0.06,-0.02
4.799999,-46,-46,0.64,0,-2,0,0,1,0,-0.06,-0.1
4.805,-50,-50,0.7,0,-2,0,0,1,0,-0.07,-0.12
4.809999,-55,-55,0.78,-2,-2,0,0,1,0,-0.08,-0.17
4.815001,-62,-62,0.78,-2,-2,0,0,1,0,-0.08,0
4.82,-61,-61,0.82,0,-2,0,0,1,0,-0.08,-0.09
4.825001,-65,-65,0.86,0,-2,0,0,1,0,-0.09,-0.08
4.83,-68,-68,1.02,-2,-2,0,0,1,0,-0.1,-0.31
4.834999,-82,-82,1.09,-2,-2,0,0,1,0,-0.11,-0.15
4.84,-86,-86,1.03,-2,-2,0,0,1,0,-0.1,0.12
4.844999,-78,-78,0.93,-2,-2,0,0,1,0,-0.09,0.2
4.85,-69,-69,0.89,-2,-4,0,0,1,0,-0.09,0.08
4.855,-68,-68,0.83,-2,-4,0,0,1,0,-0.08,0.13
4.860001,-62,-62,0.8,-2,-4,0,0,1,0,-0.08,0.05
4.865,-61,-61,0.66,-2,-4,0,0,1,0,-0.07,0.29
4.870001,-47,-47,0.58,-4,-4,0,0,1,0,-0.06,0.17
4.875,-43,-43,0.42,-4,-4,0,0,1,0,-0.04,0.32
4.879999,-30,-30,0.31,-2,-2,0,0,1,0,-0.03,0.22
4.885,-22,-22,0.13,-2,-2,0,0,1,0,-0.01,0.34
4.889999,-9,-9,0,-2,-4,0,0,1,0,0,0.28
4.895,0,0,-0.15,-2,-4,0,0,1,0,0.02,0.29
4.9,11,11,-0.26,-2,-2,0,0,1,0,0.03,0.22
4.905001,19,19,-0.42,-2,-2,0,0,1,0,0.04,0.32
4.91,30,30,-0.64,-2,-2,0,0,1,0,0.06,0.45
4.915001,43,43,-0.81,-2,-2,0,0,1,0,0.08,0.34
4.92,57,57,-1.02,0,-2,0,0,1,0,0.1,0.4
4.924999,70,70,-1.16,0,-2,0,0,1,0,0.12,0.28
4.93,82,82,-1.3,0,0,0,0,1,0,0.13,0.29
4.934999,91,91,-1.37,0,0,0,0,1,0,0.14,0.13
4.940001,99,99,-1.35,0,0,0,0,1,0,0.13,-0.03
4.945,100,100,-1.38,0,0,0,0,1,0,0.14,0.06
4.950001,101,101,-1.59,2,4,0,0,1,0,0.16,0.41
4.955,108,108,-1.62,2,4,0,0,1,0,0.16,0.08
4.959999,118,118,-1.72,2,2,0,0,1,0,0.17,0.19
4.965,122,122,-1.76,2,2,0,0,1,0,0.18,0.08
4.969999,127,127,-1.93,4,4,0,0,1,0,0.19,0.35
4.975,134,134,-1.96,4,4,0,0,1,0,0.2,0.06
4.98,141,141,-1.88,4,4,0,0,1,0,0.19,-0.16
4.985001,136,136,-1.73,4,4,0,0,1,0,0.17,-0.3
4.99,125,125,-1.9,6,6,0,0,1,0,0.19,0.34
4.995001,132,132,-1.93,6,6,0,0,1,0,0.19,0.05
5,139,139,-1.85,6,6,0,0,1,0,0.18,-0.16
5.004999,134,134,-1.57,6,6,0,0,1,0,0.16,-0.57
5.01,119,119,-1.65,8,8,0,0,1,0,0.17,0.18
5.014999,118,118,-1.63,8,8,0,0,1,0,0.16,-0.04
5.02,120,120,-1.46,6,6,0,0,1,0,0.15,-0.34
5.025,107,107,-1.22,6,6,0,0,1,0,0.12,-0.49
5.030001,91,91,-1.13,6,8,0,0,1,0,0.11,-0.17
5.035,84,84,-1.04,6,8,0,0,1,0,0.1,-0.18
5.040001,77,77,-0.92,6,6,0,0,1,0,0.09,-0.25
5.045,68,68,-0.69,6,6,0,0,1,0,0.07,-0.45
5.049999,52,52,-0.52,6,6,0,0,1,0,0.05,-0.34
5.055,39,39,-0.37,6,6,0,0,1,0,0.04,-0.31
5.059999,27,27,-0.25,6,6,0,0,1,0,0.02,-0.24
5.065001,18,18,-0.1,6,6,0,0,1,0,0.01,-0.28
5.07,7,7,0.03,6,6,0,0,1,0,0,-0.27
5.075001,-3,-3,0.09,6,6,0,0,1,0,-0.01,-0.12
5.08,-8,-8,0.15,4,4,0,0,1,0,-0.02,-0.12
5.084999,-12,-12,0.19,4,4,0,0,1,0,-0.02,-0.09
5.09,-16,-16,0.26,4,4,0,0,1,0,-0.03,-0.12
5.094999,-20,-20,0.26,4,4,0,0,1,0,-0.03,0
5.1,-20,-20,0.2,4,2,0,0,1,0,-0.02,0.11
5.105,-16,-16,0.14,4,2,0,0,1,0,-0.01,0.13
5.110001,-11,-11,0.13,0,2,0,0,1,0,-0.01,0.01
5.115,-11,-11,0.08,0,2,0,0,1,0,-0.01,0.11
5.120001,-6,-6,-0.04,0,2,0,0,1,0,0,0.23
5.125,2,2,-0.25,0,2,0,0,1,0,0.02,0.42
5.129999,17,17,-0.41,0,0,0,0,1,0,0.04,0.33
5.135,29,29,-0.54,0,0,0,0,1,0,0.05,0.26
5.139999,39,39,-0.68,0,0,0,0,1,0,0.07,0.27
5.145,48,48,-0.87,0,0,0,0,1,0,0.09,0.38
5.15,60,60,-1.15,0,0,0,0,1,0,0.12,0.58
5.155001,72,72,-1.36,0,0,0,0,1,0,0.14,0.41
5.16,93,93,-1.46,0,0,0,0,1,0,0.15,0.21
5.165001,104,104,-1.56,0,0,0,0,1,0,0.16,0.2
5.17,111,111,-2,2,4,0,0,1,0,0.2,0.87
5.174999,107,107,-2.31,2,4,0,0,1,0,0.23,0.63
5.18,140,140,-2.35,2,2,0,0,1,0,0.24,0.08
5.184999,167,167,-2.34,2,2,0,0,1,0,0.23,-0.03
5.190001,168,168,-2.65,4,4,0,0,1,0,0.26,0.61
5.195,162,162,-2.92,4,4,0,0,1,0,0.29,0.56
5.200001,184,184,-3.02,4,4,0,0,1,0,0.3,0.19
5.205,209,209,-2.92,4,4,0,0,1,0,0.29,-0.2
5.209999,204,204,-3.1,6,6,0,0,1,0,0.31,0.36
5.215,212,212,-3.27,6,6,0,0,1,0,0.33,0.34
5.219999,223,223,-3.31,6,4,0,0,1,0,0.33,0.07
5.225,229,229,-3.15,6,4,0,0,1,0,0.31,-0.32
5.23,217,217,-3.37,8,8,0,0,1,0,0.34,0.44
5.235001,225,225,-3.48,8,8,0,0,1,0,0.35,0.23
5.24,239,239,-3.6,8,8,0,0,1,0,0.36,0.23
5.245001,245,245,-3.31,8,8,0,0,1,0,0.33,-0.58
5.25,239,239,-3.45,10,10,0,0,1,0,0.35,0.29
5.254999,236,236,-3.37,10,10,0,0,1,0,0.34,-0.16
5.26,232,232,-3.4,10,10,0,0,1,0,0.34,0.05
5.264999,235,235,-3.05,10,10,0,0,1,0,0.31,-0.69
5.27,229,229,-3.15,12,12,0,0,1,0,0.32,0.2
5.275,218,218,-2.97,12,12,0,0,1,0,0.3,-0.36
5.280001,205,205,-2.98,12,12,0,0,1,0,0.3,0.03
5.285,210,210,-2.67,12,12,0,0,1,0,0.27,-0.63
5.290001,199,199,-2.7,12,12,0,0,1,0,0.27,0.07
5.295,191,191,-2.5,12,12,0,0,1,0,0.25,-0.41
5.299999,176,176,-2.31,12,12,0,0,1,0,0.23,-0.37
5.305,164,164,-1.93,12,12,0,0,1,0,0.19,-0.77
5.309999,153,153,-1.92,12,14,0,0,1,0,0.19,-0.03
5.315001,139,139,-1.63,12,14,0,0,1,0,0.16,-0.57
5.32,124,124,-1.57,10,12,0,0,1,0,0.16,-0.11
5.325001,115,115,-1.27,10,12,0,0,1,0,0.13,-0.6
5.33,98,98,-1.24,12,12,0,0,1,0,0.12,-0.06
5.334999,92,92,-1.04,12,12,0,0,1,0,0.1,-0.41
5.34,76,76,-0.87,10,10,0,0,1,0,0.09,-0.33
5.344999,65,65,-0.65,10,10,0,0,1,0,0.07,-0.44
5.35,49,49,-0.57,10,12,0,0,1,0,0.06,-0.16
5.355,43,43,-0.47,10,12,0,0,1,0,0.05,-0.2
5.360001,35,35,-0.39,8,10,0,0,1,0,0.04,-0.16
5.365,29,29,-0.29,8,10,0,0,1,0,0.03,-0.22
5.370001,21,21,-0.19,8,8,0,0,1,0,0.02,-0.2
5.375,14,14,-0.16,8,8,0,0,1,0,0.02,-0.05
5.379999,12,12,-0.16,6,6,0,0,1,0,0.02,0
5.385,12,12,-0.2,6,6,0,0,1,0,0.02,0.09
5.389999,15,15,-0.21,6,6,0,0,1,0,0.02,0.02
5.395,16,16,-0.29,6,6,0,0,1,0,0.03,0.16
5.4,21,21,-0.37,4,6,0,0,1,0,0.04,0.16
5.405001,27,27,-0.51,4,6,0,0,1,0,0.05,0.29
5.41,36,36,-0.71,4,4,0,0,1,0,0.07,0.39
5.415001,49,49,-0.91,4,4,0,0,1,0,0.09,0.41
5.42,63,63,-1.07,4,2,0,0,1,0,0.11,0.32
5.424999,75,75,-1.27,4,2,0,0,1,0,0.13,0.39
5.43,87,87,-1.53,6,4,0,0,1,0,0.15,0.52
5.434999,99,99,-1.82,6,4,0,0,1,0,0.18,0.57
5.440001,113,113,-1.96,2,4,0,0,1,0,0.2,0.29
5.445,137,137,-2.18,2,4,0,0,1,0,0.22,0.44
5.450001,146,146,-2.53,4,6,0,0,1,0,0.25,0.71
5.455,146,146,-2.67,4,6,0,0,1,0,0.27,0.28
5.459999,185,185,-2.79,4,4,0,0,1,0,0.28,0.23
5.465,193,193,-2.95,4,4,0,0,1,0,0.3,0.34
5.469999,203,203,-3.29,8,6,0,0,1,0,0.33,0.68
5.475,194,194,-3.33,8,6,0,0,1,0,0.33,0.08
5.48,231,231,-3.2,8,4,0,0,1,0,0.32,-0.27
5.485001,221,221,-3.11,8,4,0,0,1,0,0.31,-0.19
5.49,216,216,-3.24,10,10,0,0,1,0,0.32,0.27
5.495001,222,222,-3.06,10,10,0,0,1,0,0.31,-0.36
5.5,211,211,-2.9,8,10,0,0,1,0,0.29,-0.33
5.504999,201,201,-2.61,8,10,0,0,1,0,0.26,-0.57
5.51,192,192,-2.58,10,10,0,0,1,0,0.26,-0.07
5.514999,183,183,-2.28,10,10,0,0,1,0,0.23,-0.6
5.52,171,171,-1.89,10,10,0,0,1,0,0.19,-0.77
5.525,150,150,-1.6,10,10,0,0,1,0,0.16,-0.58
5.530001,122,122,-1.53,12,12,0,0,1,0,0.15,-0.15
5.535,112,112,-1.23,12,12,0,0,1,0,0.12,-0.6
5.540001,95,95,-0.95,12,10,0,0,1,0,0.09,-0.56
5.545,73,73,-0.75,12,10,0,0,1,0,0.07,-0.4
5.549999,55,55,-0.67,10,10,0,0,1,0,0.07,-0.15
5.555,50,50,-0.47,10,10,0,0,1,0,0.05,-0.4
5.559999,35,35,-0.21,8,8,0,0,1,0,0.02,-0.52
5.565001,15,15,-0.02,8,8,0,0,1,0,0,-0.38
5.57,1,1,0.28,8,8,0,0,1,0,-0.03,-0.61
5.575001,-24,-24,0.57,8,8,0,0,1,0,-0.06,-0.58
5.58,-48,-48,0.84,6,8,0,0,1,0,-0.08,-0.54
5.584999,-70,-70,1.04,6,8,0,0,1,0,-0.1,-0.41
5.59,-85,-85,1.25,6,4,0,0,1,0,-0.13,-0.42
5.594999,-102,-102,1.37,6,4,0,0,1,0,-0.14,-0.23
5.6,-109,-109,1.36,4,4,0,0,1,0,-0.14,0.01
5.605,-106,-106,1.42,4,4,0,0,1,0,-0.14,-0.11
5.610001,-112,-112,1.7,0,0,0,0,1,0,-0.17,-0.56
5.615,-145,-145,1.85,0,0,0,0,1,0,-0.19,-0.3
5.620001,-151,-151,1.76,2,2,0,0,1,0,-0.18,0.18
5.625,-129,-129,1.73,2,2,0,0,1,0,-0.17,0.06
5.629999,-132,-132,1.99,-4,-2,0,0,1,0,-0.2,-0.53
5.635,-170,-170,2.11,-4,-2,0,0,1,0,-0.21,-0.23
5.639999,-170,-170,2.04,-2,0,0,0,1,0,-0.2,0.13
5.645,-152,-152,1.88,-2,0,0,0,1,0,-0.19,0.32
5.65,-133,-133,2.14,-6,-4,0,0,1,0,-0.21,-0.51
5.655001,-183,-183,2.21,-6,-4,0,0,1,0,-0.22,-0.14
5.66,-176,-176,2.11,-4,-6,0,0,1,0,-0.21,0.19
5.665001,-155,-155,1.99,-4,-6,0,0,1,0,-0.2,0.25
5.67,-143,-143,2.12,-8,-6,0,0,1,0,-0.21,-0.27
5.674999,-173,-173,2.25,-8,-6,0,0,1,0,-0.22,-0.25
5.68,-183,-183,2.15,-8,-6,0,0,1,0,-0.21,0.21
5.684999,-156,-156,2.03,-8,-6,0,0,1,0,-0.2,0.23
5.690001,-147,-147,2.22,-8,-8,0,0,1,0,-0.22,-0.37
5.695,-184,-184,2.29,-8,-8,0,0,1,0,-0.23,-0.15
5.700001,-183,-183,2.37,-8,-8,0,0,1,0,-0.24,-0.16
5.705,-190,-190,2.22,-8,-8,0,0,1,0,-0.22,0.31
5.709999,-156,-156,2.35,-10,-10,0,0,1,0,-0.23,-0.27
5.715,-192,-192,2.24,-10,-10,0,0,1,0,-0.22,0.21
5.719999,-163,-163,2.31,-8,-10,0,0,1,0,-0.23,-0.14
5.725,-184,-184,2.19,-8,-10,0,0,1,0,-0.22,0.25
5.73,-157,-157,2.34,-10,-10,0,0,1,0,-0.23,-0.31
5.735001,-193,-193,2.34,-10,-10,0,0,1,0,-0.23,0
5.74,-182,-182,2.39,-10,-10,0,0,1,0,-0.24,-0.08
5.745001,-188,-188,2.24,-10,-10,0,0,1,0,-0.22,0.3
5.75,-159,-159,2.51,-10,-12,0,0,1,0,-0.25,-0.55
5.754999,-219,-219,2.48,-10,-12,0,0,1,0,-0.25,0.06
5.76,-189,-189,2.55,-8,-10,0,0,1,0,-0.25,-0.13
5.764999,-203,-203,2.48,-8,-10,0,0,1,0,-0.25,0.13
5.77,-185,-185,2.72,-10,-12,0,0,1,0,-0.27,-0.46
5.775,-234,-234,2.71,-10,-12,0,0,1,0,-0.27,0.01
5.780001,-209,-209,2.88,-10,-10,0,0,1,0,-0.29,-0.34
5.785,-242,-242,2.65,-10,-10,0,0,1,0,-0.26,0.46
5.790001,-175,-175,2.84,-12,-12,0,0,1,0,-0.28,-0.39
5.795,-241,-241,2.6,-12,-12,0,0,1,0,-0.26,0.49
5.799999,-169,-169,2.62,-12,-12,0,0,1,0,-0.26,-0.04
5.805,-204,-204,2.37,-12,-12,0,0,1,0,-0.24,0.48
5.809999,-155,-155,2.56,-12,-12,0,0,1,0,-0.26,-0.37
5.815001,-214,-214,2.33,-12,-12,0,0,1,0,-0.23,0.45
5.82,-156,-156,2.36,-12,-10,0,0,1,0,-0.24,-0.06
5.825001,-185,-185,2.06,-12,-10,0,0,1,0,-0.21,0.61
5.83,-126,-126,2.22,-12,-12,0,0,1,0,-0.22,-0.33
5.834999,-184,-184,1.85,-12,-12,0,0,1,0,-0.18,0.76
5.84,-103,-103,1.72,-12,-12,0,0,1,0,-0.17,0.25
5.844999,-124,-124,1.61,-12,-12,0,0,1,0,-0.16,0.23
5.85,-116,-116,1.56,-10,-12,0,0,1,0,-0.16,0.1
5.855,-117,-117,1.51,-10,-12,0,0,1,0,-0.15,0.09
5.860001,-114,-114,1.37,-8,-8,0,0,1,0,-0.14,0.28
5.865,-98,-98,1.31,-8,-8,0,0,1,0,-0.13,0.12
5.870001,-99,-99,1.31,-10,-10,0,0,1,0,-0.13,0.01
5.875,-102,-102,1.19,-10,-10,0,0,1,0,-0.12,0.23
5.879999,-87,-87,1.14,-10,-10,0,0,1,0,-0.11,0.11
5.885,-86,-86,1.06,-10,-10,0,0,1,0,-0.11,0.16
5.889999,-79,-79,1.06,-8,-10,0,0,1,0,-0.11,0
5.895,-82,-82,0.98,-8,-10,0,0,1,0,-0.1,0.16
5.9,-73,-73,0.99,-8,-8,0,0,1,0,-0.1,-0.02
5.905001,-77,-77,0.94,-8,-8,0,0,1,0,-0.09,0.09
5.91,-71,-71,1,-8,-8,0,0,1,0,-0.1,-0.12
5.915001,-79,-79,0.99,-8,-8,0,0,1,0,-0.1,0.03
5.92,-76,-76,1,-6,-6,0,0,1,0,-0.1,-0.03
5.924999,-78,-78,0.95,-6,-6,0,0,1,0,-0.1,0.09
5.93,-72,-72,1.02,-6,-6,0,0,1,0,-0.1,-0.14
5.934999,-81,-81,1.04,-6,-6,0,0,1,0,-0.1,-0.04
5.940001,-81,-81,1.06,-6,-6,0,0,1,0,-0.11,-0.03
5.945,-82,-82,1.11,-6,-6,0,0,1,0,-0.11,-0.11
5.950001,-87,-87,1.16,-6,-8,0,0,1,0,-0.12,-0.11
5.955,-92,-92,1.17,-6,-8,0,0,1,0,-0.12,-0.01
5.959999,-91,-91,1.17,-6,-6,0,0,1,0,-0.12,0
5.965,-91,-91,1.16,-6,-6,0,0,1,0,-0.12,0.01
5.969999,-90,-90,1.26,-8,-8,0,0,1,0,-0.13,-0.18
5.975,-100,-100,1.28,-8,-8,0,0,1,0,-0.13,-0.04
5.98,-100,-100,1.31,-6,-6,0,0,1,0,-0.13,-0.07
5.985001,-102,-102,1.28,-6,-6,0,0,1,0,-0.13,0.06
5.99,-97,-97,1.37,-6,-6,0,0,1,0,-0.14,-0.17
5.995001,-108,-108,1.33,-6,-6,0,0,1,0,-0.13,0.07
6,-101,-101,1.35,-6,-6,0,0,1,0,-0.14,-0.05
6.004999,-106,-106,1.28,-6,-6,0,0,1,0,-0.13,0.14
6.01,-96,-96,1.43,-8,-8,0,0,1,0,-0.14,-0.3
6.014999,-116,-116,1.37,-8,-8,0,0,1,0,-0.14,0.13
6.02,-102,-102,1.47,-6,-6,0,0,1,0,-0.15,-0.22
6.025,-118,-118,1.39,-6,-6,0,0,1,0,-0.14,0.17
6.030001,-103,-103,1.39,-6,-8,0,0,1,0,-0.14,0
6.035,-108,-108,1.38,-6,-8,0,0,1,0,-0.14,0.02
6.040001,-107,-107,1.32,-6,-6,0,0,1,0,-0.13,0.13
6.045,-99,-99,1.25,-6,-6,0,0,1,0,-0.13,0.14
6.049999,-93,-93,1.27,-8,-8,0,0,1,0,-0.13,-0.05
6.055,-99,-99,1.23,-8,-8,0,0,1,0,-0.12,0.09
6.059999,-93,-93,1.15,-6,-6,0,0,1,0,-0.11,0.16
6.065001,-85,-85,1.04,-6,-6,0,0,1,0,-0.1,0.21
6.07,-76,-76,1.05,-6,-6,0,0,1,0,-0.11,-0.02
6.075001,-82,-82,0.94,-6,-6,0,0,1,0,-0.09,0.23
6.08,-68,-68,0.92,-6,-6,0,0,1,0,-0.09,0.04
6.084999,-70,-70,0.79,-6,-6,0,0,1,0,-0.08,0.24
6.09,-58,-58,0.79,-6,-6,0,0,1,0,-0.08,0
6.094999,-62,-62,0.71,-6,-6,0,0,1,0,-0.07,0.17
6.1,-53,-53,0.63,-4,-6,0,0,1,0,-0.06,0.16
6.105,-47,-47,0.55,-4,-6,0,0,1,0,-0.05,0.16
6.110001,-41,-41,0.54,-6,-4,0,0,1,0,-0.05,0.02
6.115,-42,-42,0.5,-6,-4,0,0,1,0,-0.05,0.09
6.120001,-38,-38,0.39,-4,-4,0,0,1,0,-0.04,0.21
6.125,-29,-29,0.35,-4,-4,0,0,1,0,-0.03,0.09
6.129999,-27,-27,0.3,-4,-4,0,0,1,0,-0.03,0.11
6.135,-23,-23,0.26,-4,-4,0,0,1,0,-0.03,0.07
6.139999,-21,-21,0.21,-4,-4,0,0,1,0,-0.02,0.11
6.145,-16,-16,0.19,-4,-4,0,0,1,0,-0.02,0.04
6.15,-15,-15,0.15,-4,-4,0,0,1,0,-0.02,0.07
6.155001,-12,-12,0.14,-4,-4,0,0,1,0,-0.01,0.02
6.16,-11,-11,0.1,-2,-2,0,0,1,0,-0.01,0.08
6.165001,-8,-8,0.09,-2,-2,0,0,1,0,-0.01,0.03
6.17,-7,-7,0.09,-2,-4,0,0,1,0,-0.01,0
6.174999,-7,-7,0.11,-2,-4,0,0,1,0,-0.01,-0.04
6.18,-9,-9,0.12,-4,-2,0,0,1,0,-0.01,-0.03
6.184999,-10,-10,0.15,-4,-2,0,0,1,0,-0.01,-0.05
6.190001,-12,-12,0.18,-2,-2,0,0,1,0,-0.02,-0.06
6.195,-14,-14,0.2,-2,-2,0,0,1,0,-0.02,-0.05
6.200001,-16,-16,0.23,0,-2,0,0,1,0,-0.02,-0.05
6.205,-18,-18,0.25,0,-2,0,0,1,0,-0.03,-0.05
6.209999,-20,-20,0.3,-2,0,0,0,1,0,-0.03,-0.08
6.215,-23,-23,0.34,-2,0,0,0,1,0,-0.03,-0.08
6.219999,-27,-27,0.34,-2,0,0,0,1,0,-0.03,-0.01
6.225,-27,-27,0.35,-2,0,0,0,1,0,-0.04,-0.03
6.23,-28,-28,0.38,-2,0,0,0,1,0,-0.04,-0.04
6.235001,-30,-30,0.4,-2,0,0,0,1,0,-0.04,-0.05
6.24,-32,-32,0.37,-2,-2,0,0,1,0,-0.04,0.06
6.245001,-29,-29,0.35,-2,-2,0,0,1,0,-0.04,0.05
6.25,-27,-27,0.35,-2,-2,0,0,1,0,-0.03,0.01
6.254999,-27,-27,0.33,-2,-2,0,0,1,0,-0.03,0.03
6.26,-26,-26,0.26,0,-2,0,0,1,0,-0.03,0.15
6.264999,-19,-19,0.2,0,-2,0,0,1,0,-0.02,0.1
6.27,-16,-16,0.17,0,-2,0,0,1,0,-0.02,0.06
6.275,-14,-14,0.18,0,-2,0,0,1,0,-0.02,-0.02
6.280001,-15,-15,0.14,-2,0,0,0,1,0,-0.01,0.07
6.285,-11,-11,0.04,-2,0,0,0,1,0,0,0.2
6.290001,-3,-3,-0.05,-2,-2,0,0,1,0,0.01,0.19
6.295,4,4,-0.13,-2,-2,0,0,1,0,0.01,0.16
6.299999,9,9,-0.24,-2,-2,0,0,1,0,0.02,0.22
6.305,17,17,-0.34,-2,-2,0,0,1,0,0.03,0.2
6.309999,25,25,-0.44,0,0,0,0,1,0,0.04,0.19
6.315001,32,32,-0.51,0,0,0,0,1,0,0.05,0.14
6.32,37,37,-0.54,0,0,0,0,1,0,0.05,0.05
6.325001,40,40,-0.57,0,0,0,0,1,0,0.06,0.07
6.33,42,42,-0.59,0,2,0,0,1,0,0.06,0.04
6.334999,44,44,-0.62,0,2,0,0,1,0,0.06,0.06
6.34,46,46,-0.63,2,2,0,0,1,0,0.06,0.03
6.344999,47,47,-0.69,2,2,0,0,1,0,0.07,0.12
6.35,51,51,-0.71,2,2,0,0,1,0,0.07,0.04
6.355,53,53,-0.73,2,2,0,0,1,0,0.07,0.03
6.360001,54,54,-0.82,0,2,0,0,1,0,0.08,0.18
6.365,59,59,-0.82,0,2,0,0,1,0,0.08,0
6.370001,61,61,-0.87,2,4,0,0,1,0,0.09,0.09
6.375,64,64,-0.85,2,4,0,0,1,0,0.08,-0.04
6.379999,63,63,-0.79,0,0,0,0,1,0,0.08,-0.12
6.385,59,59,-0.72,0,0,0,0,1,0,0.07,-0.14
6.389999,53,53,-0.82,2,4,0,0,1,0,0.08,0.22
6.395,59,59,-0.83,2,4,0,0,1,0,0.08,0.02
6.4,62,62,-0.75,2,2,0,0,1,0,0.07,-0.17
6.405001,56,56,-0.71,2,2,0,0,1,0,0.07,-0.08
6.41,53,53,-0.72,2,2,0,0,1,0,0.07,0.03
6.415001,54,54,-0.7,2,2,0,0,1,0,0.07,-0.03
6.42,53,53,-0.62,4,2,0,0,1,0,0.06,-0.17
6.424999,46,46,-0.56,4,2,0,0,1,0,0.06,-0.12
6.43,42,42,-0.57,2,4,0,0,1,0,0.06,0.02
6.434999,42,42,-0.58,2,4,0,0,1,0,0.06,0.04
6.440001,43,43,-0.5,2,4,0,0,1,0,0.05,-0.16
6.445,38,38,-0.43,2,4,0,0,1,0,0.04,-0.15
6.450001,32,32,-0.45,2,2,0,0,1,0,0.05,0.05
6.455,34,34,-0.49,2,2,0,0,1,0,0.05,0.08
6.459999,36,36,-0.47,2,2,0,0,1,0,0.05,-0.05
6.465,35,35,-0.42,2,2,0,0,1,0,0.04,-0.1
6.469999,31,31,-0.46,4,2,0,0,1,0,0.05,0.08
6.475,34,34,-0.51,4,2,0,0,1,0,0.05,0.1
6.48,38,38,-0.51,2,2,0,0,1,0,0.05,0.01
6.485001,38,38,-0.5,2,2,0,0,1,0,0.05,-0.02
6.49,38,38,-0.49,2,4,0,0,1,0,0.05,-0.02
6.495001,37,37,-0.56,2,4,0,0,1,0,0.06,0.13
6.5,41,41,-0.54,2,2,0,0,1,0,0.05,-0.03
6.504999,41,41,-0.56,2,2,0,0,1,0,0.06,0.03
6.51,42,42,-0.62,2,4,0,0,1,0,0.06,0.12
6.514999,45,45,-0.76,2,4,0,0,1,0,0.08,0.28
6.52,54,54,-0.78,2,2,0,0,1,0,0.08,0.05
6.525,58,58,-0.82,2,2,0,0,1,0,0.08,0.07
6.530001,61,61,-0.97,2,4,0,0,1,0,0.1,0.3
6.535,68,68,-1.16,2,4,0,0,1,0,0.12,0.37
6.540001,80,80,-1.18,2,2,0,0,1,0,0.12,0.05
6.545,87,87,-1.23,2,2,0,0,1,0,0.12,0.08
6.549999,89,89,-1.44,4,4,0,0,1,0,0.14,0.44
6.555,97,97,-1.67,4,4,0,0,1,0,0.17,0.46
6.559999,112,112,-1.66,4,4,0,0,1,0,0.17,-0.02
6.565001,122,122,-1.69,4,4,0,0,1,0,0.17,0.05
6.57,122,122,-1.9,4,4,0,0,1,0,0.19,0.43
6.575001,129,129,-2.07,4,4,0,0,1,0,0.21,0.34
6.58,143,143,-2.01,4,4,0,0,1,0,0.2,-0.12
6.584999,145,145,-1.98,4,4,0,0,1,0,0.2,-0.08
6.59,143,143,-2.1,6,6,0,0,1,0,0.21,0.25
6.594999,147,147,-2.19,6,6,0,0,1,0,0.22,0.19
6.6,155,155,-2.16,4,6,0,0,1,0,0.22,-0.07
6.605,156,156,-2.08,4,6,0,0,1,0,0.21,-0.16
6.610001,150,150,-2.21,6,6,0,0,1,0,0.22,0.25
6.615,154,154,-2.32,6,6,0,0,1,0,0.23,0.23
6.620001,162,162,-2.17,8,6,0,0,1,0,0.22,-0.31
6.625,154,154,-2.04,8,6,0,0,1,0,0.2,-0.25
6.629999,146,146,-2.14,8,8,0,0,1,0,0.21,0.2
6.635,151,151,-2.13,8,8,0,0,1,0,0.21,-0.02
6.639999,154,154,-2.04,8,6,0,0,1,0,0.2,-0.18
6.645,147,147,-1.84,8,6,0,0,1,0,0.18,-0.4
6.65,132,132,-1.86,10,10,0,0,1,0,0.19,0.05
6.655001,135,135,-1.8,10,10,0,0,1,0,0.18,-0.13
6.66,131,131,-1.62,8,8,0,0,1,0,0.16,-0.35
6.665001,117,117,-1.44,8,8,0,0,1,0,0.14,-0.37
6.67,105,105,-1.35,10,8,0,0,1,0,0.13,-0.18
6.674999,99,99,-1.22,10,8,0,0,1,0,0.12,-0.26
6.68,89,89,-0.97,10,8,0,0,1,0,0.1,-0.5
6.684999,73,73,-0.74,10,8,0,0,1,0,0.07,-0.45
6.690001,56,56,-0.56,10,8,0,0,1,0,0.06,-0.37
6.695,41,41,-0.47,10,8,0,0,1,0,0.05,-0.18
6.700001,35,35,-0.25,6,8,0,0,1,0,0.02,-0.43
6.705,18,18,-0.09,6,8,0,0,1,0,0.01,-0.31
6.709999,6,6,0.06,6,6,0,0,1,0,-0.01,-0.31
6.715,-6,-6,0.14,6,6,0,0,1,0,-0.01,-0.17
6.719999,-12,-12,0.26,6,4,0,0,1,0,-0.03,-0.24
6.725,-21,-21,0.32,6,4,0,0,1,0,-0.03,-0.11
6.73,-25,-25,0.36,6,4,0,0,1,0,-0.04,-0.09
6.735001,-29,-29,0.39,6,4,0,0,1,0,-0.04,-0.06
6.74,-31,-31,0.35,2,4,0,0,1,0,-0.04,0.08
6.745001,-27,-27,0.34,2,4,0,0,1,0,-0.03,0.02
6.75,-27,-27,0.34,2,2,0,0,1,0,-0.03,0
6.754999,-27,-27,0.29,2,2,0,0,1,0,-0.03,0.11
6.76,-22,-22,0.19,2,2,0,0,1,0,-0.02,0.21
6.764999,-14,-14,0.15,2,2,0,0,1,0,-0.01,0.08
6.77,-12,-12,0.07,0,0,0,0,1,0,-0.01,0.15
6.775,-6,-6,0,0,0,0,0,1,0,0,0.14
6.780001,0,0,-0.12,0,0,0,0,1,0,0.01,0.25
6.785,9,9,-0.24,0,0,0,0,1,0,0.02,0.23
6.790001,17,17,-0.32,0,0,0,0,1,0,0.03,0.17
6.795,24,24,-0.39,0,0,0,0,1,0,0.04,0.13
6.799999,28,28,-0.43,0,0,0,0,1,0,0.04,0.09
6.805,32,32,-0.5,0,0,0,0,1,0,0.05,0.13
6.809999,36,36,-0.54,0,0,0,0,1,0,0.05,0.08
6.815001,40,40,-0.54,0,0,0,0,1,0,0.05,0
6.82,41,41,-0.49,2,2,0,0,1,0,0.05,-0.1
6.825001,37,37,-0.49,2,2,0,0,1,0,0.05,0.01
6.83,37,37,-0.47,0,0,0,0,1,0,0.05,-0.05
6.834999,35,35,-0.38,0,0,0,0,1,0,0.04,-0.17
6.84,28,28,-0.3,2,0,0,0,1,0,0.03,-0.15
6.844999,23,23,-0.31,2,0,0,0,1,0,0.03,0.01
6.85,23,23,-0.27,2,2,0,0,1,0,0.03,-0.07
6.855,20,20,-0.13,2,2,0,0,1,0,0.01,-0.29
6.860001,9,9,0.11,2,2,0,0,1,0,-0.01,-0.47
6.865,-10,-10,0.31,2,2,0,0,1,0,-0.03,-0.4
6.870001,-25,-25,0.42,2,0,0,0,1,0,-0.04,-0.22
6.875,-33,-33,0.5,2,0,0,0,1,0,-0.05,-0.16
6.879999,-39,-39,0.64,0,0,0,0,1,0,-0.06,-0.28
6.885,-51,-51,0.81,0,0,0,0,1,0,-0.08,-0.34
6.889999,-65,-65,0.95,0,0,0,0,1,0,-0.1,-0.28
6.895,-76,-76,1.01,0,0,0,0,1,0,-0.1,-0.11
6.9,-79,-79,1.05,0,-2,0,0,1,0,-0.11,-0.09
6.905001,-83,-83,1.17,0,-2,0,0,1,0,-0.12,-0.24
6.91,-94,-94,1.3,-2,-2,0,0,1,0,-0.13,-0.26
6.915001,-105,-105,1.33,-2,-2,0,0,1,0,-0.13,-0.05
6.92,-104,-104,1.41,-2,-2,0,0,1,0,-0.14,-0.17
6.924999,-112,-112,1.51,-2,-2,0,0,1,0,-0.15,-0.18
6.93,-120,-120,1.69,-2,-4,0,0,1,0,-0.17,-0.37
6.934999,-139,-139,1.68,-2,-4,0,0,1,0,-0.17,0.04
6.940001,-129,-129,1.57,-2,-4,0,0,1,0,-0.16,0.21
6.945,-115,-115,1.42,-2,-4,0,0,1,0,-0.14,0.3
6.950001,-101,-101,1.52,-4,-4,0,0,1,0,-0.15,-0.2
6.955,-122,-122,1.44,-4,-4,0,0,1,0,-0.14,0.17
6.959999,-106,-106,1.27,-4,-4,0,0,1,0,-0.13,0.33
6.965,-90,-90,1.05,-4,-4,0,0,1,0,-0.1,0.45
6.969999,-70,-70,0.91,-6,-6,0,0,1,0,-0.09,0.28
6.975,-65,-65,0.78,-6,-6,0,0,1,0,-0.08,0.26
6.98,-56,-56,0.63,-4,-4,0,0,1,0,-0.06,0.29
6.985001,-45,-45,0.39,-4,-4,0,0,1,0,-0.04,0.48
6.99,-26,-26,0.2,-4,-6,0,0,1,0,-0.02,0.39
6.995001,-14,-14,0.1,-4,-6,0,0,1,0,-0.01,0.19
7,-8,-8,-0.08,-4,-4,0,0,1,0,0.01,0.37
7.004999,6,6,-0.19,-4,-4,0,0,1,0,0.02,0.21
7.01,13,13,-0.32,-2,-4,0,0,1,0,0.03,0.26
7.014999,23,23,-0.42,-2,-4,0,0,1,0,0.04,0.2
7.02,30,30,-0.56,-2,-4,0,0,1,0,0.06,0.29
7.025,40,40,-0.64,-2,-4,0,0,1,0,0.06,0.17
7.030001,47,47,-0.78,-2,-2,0,0,1,0,0.08,0.26
7.035,55,55,-0.84,-2,-2,0,0,1,0,0.08,0.13
7.040001,61,61,-0.92,0,0,0,0,1,0,0.09,0.17
7.045,67,67,-0.99,0,0,0,0,1,0,0.1,0.12
7.049999,72,72,-1.06,0,0,0,0,1,0,0.11,0.16
7.055,77,77,-1.07,0,0,0,0,1,0,0.11,0.01
7.059999,79,79,-1.07,2,2,0,0,1,0,0.11,0
7.065001,80,80,-1.1,2,2,0,0,1,0,0.11,0.06
7.07,81,81,-1.14,2,2,0,0,1,0,0.11,0.09
7.075001,83,83,-1.1,2,2,0,0,1,0,0.11,-0.07
7.08,82,82,-1.01,2,2,0,0,1,0,0.1,-0.18
7.084999,75,75,-0.96,2,2,0,0,1,0,0.1,-0.11
7.09,71,71,-1.02,4,2,0,0,1,0,0.1,0.12
7.094999,74,74,-1.04,4,2,0,0,1,0,0.1,0.03
7.1,77,77,-0.89,2,2,0,0,1,0,0.09,-0.3
7.105,66,66,-0.73,2,2,0,0,1,0,0.07,-0.32
7.110001,54,54,-0.69,4,4,0,0,1,0,0.07,-0.07
7.115,52,52,-0.67,4,4,0,0,1,0,0.07,-0.03
7.120001,50,50,-0.58,4,2,0,0,1,0,0.06,-0.19
7.125,43,43,-0.42,4,2,0,0,1,0,0.04,-0.31
7.129999,31,31,-0.36,4,4,0,0,1,0,0.04,-0.13
7.135,27,27,-0.36,4,4,0,0,1,0,0.04,0
7.139999,27,27,-0.25,2,2,0,0,1,0,0.03,-0.2
7.145,19,19,-0.16,2,2,0,0,1,0,0.02,-0.19
7.15,11,11,-0.08,4,2,0,0,1,0,0.01,-0.16
7.155001,5,5,-0.09,4,2,0,0,1,0,0.01,0.03
7.16,7,7,-0.07,2,2,0,0,1,0,0.01,-0.05
7.165001,5,5,-0.03,2,2,0,0,1,0,0,-0.07
7.17,2,2,0,2,2,0,0,1,0,0,-0.07
7.174999,-1,-1,-0.02,2,2,0,0,1,0,0,0.05
7.18,1,1,-0.06,2,0,0,0,1,0,0.01,0.07
7.184999,4,4,-0.09,2,0,0,0,1,0,0.01,0.07
7.190001,7,7,-0.11,2,0,0,0,1,0,0.01,0.04
7.195,8,8,-0.18,2,0,0,0,1,0,0.02,0.14
7.200001,13,13,-0.25,0,0,0,0,1,0,0.03,0.14
7.205,18,18,-0.34,0,0,0,0,1,0,0.03,0.17
7.209999,25,25,-0.44,2,0,0,0,1,0,0.04,0.19
7.215,31,31,-0.55,2,0,0,0,1,0,0.05,0.22
7.219999,39,39,-0.64,0,0,0,0,1,0,0.06,0.18
7.225,46,46,-0.75,0,0,0,0,1,0,0.07,0.23
7.23,54,54,-0.92,0,2,0,0,1,0,0.09,0.33
7.235001,64,64,-1.07,0,2,0,0,1,0,0.11,0.31
7.24,75,75,-1.12,2,0,0,0,1,0,0.11,0.11
7.245001,82,82,-1.19,2,0,0,0,1,0,0.12,0.13
7.25,86,86,-1.46,2,0,0,0,1,0,0.15,0.54
7.254999,93,93,-1.7,2,0,0,0,1,0,0.17,0.47
7.26,112,112,-1.7,0,2,0,0,1,0,0.17,0.01
7.264999,124,124,-1.7,0,2,0,0,1,0,0.17,0
7.27,124,124,-1.97,4,4,0,0,1,0,0.2,0.54
7.275,126,126,-2.27,4,4,0,0,1,0,0.23,0.6
7.280001,140,140,-2.25,4,4,0,0,1,0,0.22,-0.04
7.285,162,162,-2.14,4,4,0,0,1,0,0.21,-0.22
7.290001,153,153,-2.31,6,4,0,0,1,0,0.23,0.35
7.295,159,159,-2.45,6,4,0,0,1,0,0.24,0.27
7.299999,170,170,-2.54,4,4,0,0,1,0,0.25,0.19
7.305,178,178,-2.4,4,4,0,0,1,0,0.24,-0.28
7.309999,170,170,-2.6,6,8,0,0,1,0,0.26,0.4
7.315001,178,178,-2.69,6,8,0,0,1,0,0.27,0.17
7.32,188,188,-2.6,6,6,0,0,1,0,0.26,-0.17
7.325001,184,184,-2.42,6,6,0,0,1,0,0.24,-0.37
7.33,171,171,-2.53,8,8,0,0,1,0,0.25,0.21
7.334999,176,176,-2.62,8,8,0,0,1,0,0.26,0.19
7.34,183,183,-2.66,6,8,0,0,1,0,0.27,0.07
7.344999,188,188,-2.42,6,8,0,0,1,0,0.24,-0.48
7.35,174,174,-2.48,10,10,0,0,1,0,0.25,0.13
7.355,175,175,-2.51,10,10,0,0,1,0,0.25,0.05
7.360001,178,178,-2.47,8,10,0,0,1,0,0.25,-0.08
7.365,176,176,-2.21,8,10,0,0,1,0,0.22,-0.51
7.370001,162,162,-2.28,10,10,0,0,1,0,0.23,0.13
7.375,161,161,-2.19,10,10,0,0,1,0,0.22,-0.18
7.379999,157,157,-2.15,10,10,0,0,1,0,0.22,-0.07
7.385,155,155,-1.9,10,10,0,0,1,0,0.19,-0.5
7.389999,140,140,-1.96,10,10,0,0,1,0,0.2,0.11
7.395,140,140,-1.86,10,10,0,0,1,0,0.19,-0.2
7.4,134,134,-1.83,8,10,0,0,1,0,0.18,-0.06
7.405001,133,133,-1.55,8,10,0,0,1,0,0.15,-0.56
7.41,117,117,-1.64,10,10,0,0,1,0,0.16,0.19
7.415001,117,117,-1.53,10,10,0,0,1,0,0.15,-0.22
7.42,112,112,-1.35,8,10,0,0,1,0,0.13,-0.37
7.424999,98,98,-1.2,8,10,0,0,1,0,0.12,-0.3
7.43,88,88,-1.1,10,10,0,0,1,0,0.11,-0.19
7.434999,81,81,-0.93,10,10,0,0,1,0,0.09,-0.33
7.440001,69,69,-0.8,8,10,0,0,1,0,0.08,-0.27
7.445,59,59,-0.73,8,10,0,0,1,0,0.07,-0.14
7.450001,54,54,-0.68,8,10,0,0,1,0,0.07,-0.09
7.455,51,51,-0.66,8,10,0,0,1,0,0.07,-0.04
7.459999,50,50,-0.54,6,8,0,0,1,0,0.05,-0.24
7.465,41,41,-0.52,6,8,0,0,1,0,0.05,-0.06
7.469999,39,39,-0.44,8,6,0,0,1,0,0.04,-0.14
7.475,33,33,-0.48,8,6,0,0,1,0,0.05,0.07
7.48,36,36,-0.43,6,4,0,0,1,0,0.04,-0.1
7.485001,32,32,-0.44,6,4,0,0,1,0,0.04,0.01
7.49,33,33,-0.47,6,6,0,0,1,0,0.05,0.06
7.495001,35,35,-0.55,6,6,0,0,1,0,0.06,0.18
7.5,40,40,-0.63,6,4,0,0,1,0,0.06,0.15
7.504999,46,46,-0.73,6,4,0,0,1,0,0.07,0.2
7.51,53,53,-0.86,4,6,0,0,1,0,0.09,0.27
7.514999,61,61,-1.03,4,6,0,0,1,0,0.1,0.33
7.52,72,72,-1.1,2,2,0,0,1,0,0.11,0.14
7.525,80,80,-1.2,2,2,0,0,1,0,0.12,0.21
7.530001,86,86,-1.45,4,4,0,0,1,0,0.15,0.5
7.535,95,95,-1.7,4,4,0,0,1,0,0.17,0.49
7.540001,111,111,-1.77,4,4,0,0,1,0,0.18,0.13
7.545,126,126,-1.86,4,4,0,0,1,0,0.19,0.18
7.549999,132,132,-2.15,4,6,0,0,1,0,0.22,0.59
7.555,133,133,-2.43,4,6,0,0,1,0,0.24,0.55
7.559999,154,154,-2.51,4,6,0,0,1,0,0.25,0.17
7.565001,176,176,-2.53,4,6,0,0,1,0,0.25,0.04
7.57,180,180,-2.86,6,6,0,0,1,0,0.29,0.67
7.575001,169,169,-3.29,6,6,0,0,1,0,0.33,0.84
7.58,178,178,-3.33,6,6,0,0,1,0,0.33,0.09
7.584999,231,231,-3.26,6,6,0,0,1,0,0.33,-0.14
7.59,226,226,-3.54,8,8,0,0,1,0,0.35,0.55
7.594999,223,223,-3.66,8,8,0,0,1,0,0.37,0.23
7.6,248,248,-3.72,8,6,0,0,1,0,0.37,0.13
7.605,253,253,-3.79,8,6,0,0,1,0,0.38,0.14
7.610001,256,256,-4.25,10,10,0,0,1,0,0.42,0.91
7.615,224,224,-4.42,10,10,0,0,1,0,0.44,0.35
7.620001,286,286,-4.42,10,10,0,0,1,0,0.44,-0.01
7.625,287,287,-4.36,10,10,0,0,1,0,0.44,-0.11
7.629999,284,284,-4.58,12,12,0,0,1,0,0.46,0.45
7.635,288,288,-4.41,12,12,0,0,1,0,0.44,-0.34
7.639999,285,285,-4.36,12,14,0,0,1,0,0.44,-0.1
7.645,284,284,-4.17,12,14,0,0,1,0,0.42,-0.4
7.65,272,272,-4.37,14,14,0,0,1,0,0.44,0.41
7.655001,282,282,-4.12,14,14,0,0,1,0,0.41,-0.51
7.66,279,279,-3.76,14,14,0,0,1,0,0.38,-0.71
7.665001,276,276,-3.32,14,14,0,0,1,0,0.33,-0.88
7.67,260,260,-3.21,16,16,0,0,1,0,0.32,-0.23
7.674999,221,221,-2.69,16,16,0,0,1,0,0.27,-1.05
7.68,223,223,-2.2,16,16,0,0,1,0,0.22,-0.98
7.684999,182,182,-1.66,16,16,0,0,1,0,0.17,-1.07
7.690001,142,142,-1.5,16,18,0,0,1,0,0.15,-0.32
7.695,109,109,-0.98,16,18,0,0,1,0,0.1,-1.04
7.700001,84,84,-0.32,16,16,0,0,1,0,0.03,-1.32
7.705,29,29,0.29,16,16,0,0,1,0,-0.03,-1.22
7.709999,-29,-29,1.01,14,16,0,0,1,0,-0.1,-1.45
7.715,-105,-105,1.72,14,16,0,0,1,0,-0.17,-1.41
7.719999,-178,-178,2.41,12,12,0,0,1,0,-0.24,-1.39
7.725,-252,-252,2.99,12,12,0,0,1,0,-0.3,-1.16
7.73,-301,-301,3.84,6,8,0,0,1,0,-0.38,-1.71
7.735001,-449,-449,4.4,6,8,0,0,1,0,-0.44,-1.12
7.74,-460,-460,4.85,6,6,0,0,1,0,-0.49,-0.9
7.745001,-494,-494,5.03,6,6,0,0,1,0,-0.5,-0.36
7.75,-448,-448,5.56,2,2,0,0,1,0,-0.56,-1.06
7.754999,-601,-601,6.04,2,2,0,0,1,0,-0.6,-0.95
7.76,-652,-652,6.35,-4,-6,0,0,1,0,-0.63,-0.61
7.764999,-634,-634,6.32,-4,-6,0,0,1,0,-0.63,0.06
7.77,-521,-521,6.48,-8,-8,0,0,1,0,-0.65,-0.32
7.775,-590,-590,6.59,-8,-8,0,0,1,0,-0.66,-0.22
7.780001,-588,-588,6.74,-14,-16,0,0,1,0,-0.67,-0.3
7.785,-614,-614,6.37,-14,-16,0,0,1,0,-0.64,0.74
7.790001,-403,-403,6.18,-16,-18,0,0,1,0,-0.62,0.39
7.795,-464,-464,5.78,-16,-18,0,0,1,0,-0.58,0.8
7.799999,-345,-345,5.32,-20,-22,0,0,1,0,-0.53,0.91
7.805,-300,-300,4.63,-20,-22,0,0,1,0,-0.46,1.38
7.809999,-204,-204,4.12,-22,-22,0,0,1,0,-0.41,1.02
7.815001,-211,-211,3.4,-22,-22,0,0,1,0,-0.34,1.44
7.82,-136,-136,2.7,-22,-24,0,0,1,0,-0.27,1.4
7.825001,-111,-111,1.83,-22,-24,0,0,1,0,-0.18,1.74
7.83,-63,-63,1.32,-20,-22,0,0,1,0,-0.13,1.03
7.834999,-65,-65,0.46,-20,-22,0,0,1,0,-0.05,1.71
7.84,-15,-15,-0.21,-18,-20,0,0,1,0,0.02,1.34
7.844999,10,10,-1.03,-18,-20,0,0,1,0,0.1,1.65
7.85,39,39,-1.81,-16,-18,0,0,1,0,0.18,1.55
7.855,70,70,-2.39,-16,-18,0,0,1,0,0.24,1.17
7.860001,113,113,-2.99,-12,-14,0,0,1,0,0.3,1.2
7.865,139,139,-3.39,-12,-14,0,0,1,0,0.34,0.8
7.870001,187,187,-4.09,-8,-10,0,0,1,0,0.41,1.41
7.875,169,169,-4.53,-8,-10,0,0,1,0,0.45,0.88
7.879999,242,242,-4.65,-8,-8,0,0,1,0,0.46,0.23
7.885,297,297,-4.78,-8,-8,0,0,1,0,0.48,0.27
7.889999,303,303,-5.04,-2,-4,0,0,1,0,0.5,0.51
7.895,304,304,-5.23,-2,-4,0,0,1,0,0.52,0.38
7.9,322,322,-5.2,0,-2,0,0,1,0,0.52,-0.04
7.905001,320,320,-4.97,0,-2,0,0,1,0,0.5,-0.47
7.91,316,316,-5.12,6,2,0,0,1,0,0.51,0.3
7.915001,317,317,-5.09,6,2,0,0,1,0,0.51,-0.06
7.92,316,316,-5.04,6,6,0,0,1,0,0.5,-0.1
7.924999,314,314,-4.46,6,6,0,0,1,0,0.45,-1.17
7.93,355,355,-4.24,10,8,0,0,1,0,0.42,-0.43
7.934999,278,278,-3.68,10,8,0,0,1,0,0.37,-1.12
7.940001,301,301,-3.41,10,10,0,0,1,0,0.34,-0.55
7.945,243,243,-2.8,10,10,0,0,1,0,0.28,-1.22
7.950001,241,241,-2.49,12,12,0,0,1,0,0.25,-0.63
7.955,187,187,-1.89,12,12,0,0,1,0,0.19,-1.2
7.959999,165,165,-1.49,14,12,0,0,1,0,0.15,-0.79
7.965,120,120,-0.59,14,12,0,0,1,0,0.06,-1.8
7.969999,61,61,-0.13,14,12,0,0,1,0,0.01,-0.92
7.975,10,10,0.7,14,12,0,0,1,0,-0.07,-1.66
7.98,-77,-77,1.32,12,12,0,0,1,0,-0.13,-1.24
7.985001,-131,-131,2,12,12,0,0,1,0,-0.2,-1.36
7.99,-206,-206,2.63,8,8,0,0,1,0,-0.26,-1.26
7.995001,-268,-268,3.16,8,8,0,0,1,0,-0.32,-1.07
8,-314,-314,3.74,8,6,0,0,1,0,-0.37,-1.15
8.004999,-383,-383,4.22,8,6,0,0,1,0,-0.42,-0.96
8.01,-424,-424,4.88,2,2,0,0,1,0,-0.49,-1.32
8.014999,-541,-541,5.3,2,2,0,0,1,0,-0.53,-0.84
8.02,-543,-543,5.59,0,-2,0,0,1,0,-0.56,-0.59
8.025,-540,-540,5.49,0,-2,0,0,1,0,-0.55,0.21
8.030001,-424,-424,5.72,-4,-6,0,0,1,0,-0.57,-0.47
8.035,-536,-536,5.95,-4,-6,0,0,1,0,-0.59,-0.45
8.040001,-556,-556,6.06,-10,-12,0,0,1,0,-0.61,-0.22
8.045,-533,-533,5.77,-10,-12,0,0,1,0,-0.58,0.59
8.049999,-387,-387,5.58,-12,-12,0,0,1,0,-0.56,0.38
8.055,-411,-411,5.3,-12,-12,0,0,1,0,-0.53,0.56
8.059999,-355,-355,4.89,-16,-18,0,0,1,0,-0.49,0.81
8.065001,-281,-281,4.37,-16,-18,0,0,1,0,-0.44,1.03
8.07,-225,-225,3.95,-18,-20,0,0,1,0,-0.39,0.85
8.075001,-216,-216,3.3,-18,-20,0,0,1,0,-0.33,1.3
8.08,-143,-143,2.55,-18,-18,0,0,1,0,-0.25,1.5
8.084999,-98,-98,1.68,-18,-18,0,0,1,0,-0.17,1.74
8.09,-58,-58,1.12,-20,-20,0,0,1,0,-0.11,1.11
8.094999,-53,-53,0.19,-20,-20,0,0,1,0,-0.02,1.86
8.1,-5,-5,-0.57,-16,-18,0,0,1,0,0.06,1.52
8.105,24,24,-1.36,-16,-18,0,0,1,0,0.14,1.58
8.110001,52,52,-2.13,-14,-16,0,0,1,0,0.21,1.55
8.115,82,82,-2.76,-14,-16,0,0,1,0,0.28,1.25
8.120001,125,125,-3.35,-12,-12,0,0,1,0,0.34,1.19
8.125,156,156,-3.82,-12,-12,0,0,1,0,0.38,0.93
8.129999,200,200,-4.63,-6,-6,0,0,1,0,0.46,1.63
8.135,169,169,-5.13,-6,-6,0,0,1,0,0.51,1
8.139999,260,260,-5.37,-6,-6,0,0,1,0,0.54,0.47
8.145,322,322,-5.49,-6,-6,0,0,1,0,0.55,0.24
8.15,332,332,-5.88,0,0,0,0,1,0,0.59,0.79
8.155001,325,325,-6.2,0,0,0,0,1,0,0.62,0.63
8.16,349,349,-6.31,0,0,0,0,1,0,0.63,0.23
8.165001,360,360,-6.13,0,0,0,0,1,0,0.61,-0.37
8.17,355,355,-6.26,4,4,0,0,1,0,0.63,0.28
8.174999,360,360,-6.45,4,4,0,0,1,0,0.65,0.37
8.18,368,368,-6.48,6,6,0,0,1,0,0.65,0.07
8.184999,363,363,-6.07,6,6,0,0,1,0,0.61,-0.83
8.190001,403,403,-5.97,10,8,0,0,1,0,0.6,-0.21
8.195,348,348,-5.7,10,8,0,0,1,0,0.57,-0.53
8.200001,355,355,-5.63,12,12,0,0,1,0,0.56,-0.15
8.205,336,336,-5.12,12,12,0,0,1,0,0.51,-1.01
8.209999,378,378,-4.86,12,12,0,0,1,0,0.49,-0.53
8.215,318,318,-4.48,12,12,0,0,1,0,0.45,-0.75
8.219999,320,320,-4.09,16,14,0,0,1,0,0.41,-0.77
8.225,301,301,-3.37,16,14,0,0,1,0,0.34,-1.45
8.23,303,303,-3.06,16,16,0,0,1,0,0.31,-0.62
8.235001,225,225,-2.4,16,16,0,0,1,0,0.24,-1.32
8.24,214,214,-1.98,16,16,0,0,1,0,0.2,-0.85
8.245001,159,159,-1.24,16,16,0,0,1,0,0.12,-1.48
8.25,117,117,-0.92,18,18,0,0,1,0,0.09,-0.63
8.254999,72,72,-0.11,18,18,0,0,1,0,0.01,-1.62
8.26,9,9,0.44,16,14,0,0,1,0,-0.04,-1.1
8.264999,-43,-43,1.08,16,14,0,0,1,0,-0.11,-1.28
8.27,-108,-108,1.63,14,12,0,0,1,0,-0.16,-1.1
8.275,-157,-157,2.19,14,12,0,0,1,0,-0.22,-1.11
8.280001,-214,-214,2.7,12,10,0,0,1,0,-0.27,-1.01
8.285,-261,-261,3.13,12,10,0,0,1,0,-0.31,-0.88
8.290001,-298,-298,3.77,6,6,0,0,1,0,-0.38,-1.28
8.295,-398,-398,4.07,6,6,0,0,1,0,-0.41,-0.6
8.299999,-375,-375,4.36,4,4,0,0,1,0,-0.44,-0.58
8.305,-405,-405,4.49,4,4,0,0,1,0,-0.45,-0.26
8.309999,-385,-385,4.79,0,0,0,0,1,0,-0.48,-0.59
8.315001,-451,-451,4.8,0,0,0,0,1,0,-0.48,-0.02
8.32,-388,-388,4.63,-2,-6,0,0,1,0,-0.46,0.34
8.325001,-335,-335,4.4,-2,-6,0,0,1,0,-0.44,0.46
8.33,-301,-301,4.36,-6,-8,0,0,1,0,-0.44,0.09
8.334999,-336,-336,4.17,-6,-8,0,0,1,0,-0.42,0.37
8.34,-293,-293,3.74,-10,-10,0,0,1,0,-0.37,0.86
8.344999,-202,-202,3.09,-10,-10,0,0,1,0,-0.31,1.3
8.35,-134,-134,2.75,-12,-14,0,0,1,0,-0.28,0.67
8.355,-162,-162,2.03,-12,-14,0,0,1,0,-0.2,1.44
8.360001,-81,-81,1.51,-10,-14,0,0,1,0,-0.15,1.05
8.365,-73,-73,0.74,-10,-14,0,0,1,0,-0.07,1.53
8.370001,-27,-27,0.22,-10,-12,0,0,1,0,-0.02,1.05
8.375,-10,-10,-0.42,-10,-12,0,0,1,0,0.04,1.27
8.379999,20,20,-0.98,-10,-10,0,0,1,0,0.1,1.12
8.385,48,48,-1.52,-10,-10,0,0,1,0,0.15,1.07
8.389999,75,75,-2.08,-8,-8,0,0,1,0,0.21,1.12
8.395,100,100,-2.49,-8,-8,0,0,1,0,0.25,0.82
8.4,135,135,-2.99,-6,-8,0,0,1,0,0.3,1.01
8.405001,151,151,-3.4,-6,-8,0,0,1,0,0.34,0.82
8.41,186,186,-3.95,-2,-2,0,0,1,0,0.39,1.1
8.415001,192,192,-4.22,-2,-2,0,0,1,0,0.42,0.54
8.42,261,261,-4.32,-2,-2,0,0,1,0,0.43,0.2
8.424999,282,282,-4.47,-2,-2,0,0,1,0,0.45,0.32
8.43,288,288,-4.8,2,2,0,0,1,0,0.48,0.64
8.434999,280,280,-4.86,2,2,0,0,1,0,0.49,0.12
8.440001,306,306,-4.8,4,4,0,0,1,0,0.48,-0.12
8.445,303,303,-4.56,4,4,0,0,1,0,0.46,-0.48
8.450001,298,298,-4.73,8,8,0,0,1,0,0.47,0.34
8.455,300,300,-4.68,8,8,0,0,1,0,0.47,-0.08
8.459999,299,299,-4.51,8,8,0,0,1,0,0.45,-0.35
8.465,289,289,-4.01,8,8,0,0,1,0,0.4,-1.01
8.469999,314,314,-3.93,12,10,0,0,1,0,0.39,-0.15
8.475,263,263,-3.51,12,10,0,0,1,0,0.35,-0.83
8.48,271,271,-3.31,12,10,0,0,1,0,0.33,-0.41
8.485001,226,226,-2.75,12,10,0,0,1,0,0.27,-1.11
8.49,231,231,-2.59,14,12,0,0,1,0,0.26,-0.31
8.495001,182,182,-2.07,14,12,0,0,1,0,0.21,-1.05
8.5,174,174,-1.73,12,12,0,0,1,0,0.17,-0.67
8.504999,134,134,-1.02,12,12,0,0,1,0,0.1,-1.43
8.51,95,95,-0.78,14,14,0,0,1,0,0.08,-0.46
8.514999,59,59,-0.08,14,14,0,0,1,0,0.01,-1.42
8.52,5,5,0.41,14,12,0,0,1,0,-0.04,-0.97
8.525,-38,-38,0.97,14,12,0,0,1,0,-0.1,-1.12
8.530001,-93,-93,1.49,12,10,0,0,1,0,-0.15,-1.04
8.535,-141,-141,1.97,12,10,0,0,1,0,-0.2,-0.97
8.540001,-186,-186,2.44,8,10,0,0,1,0,-0.24,-0.94
8.545,-231,-231,2.87,8,10,0,0,1,0,-0.29,-0.86
8.549999,-270,-270,3.46,4,4,0,0,1,0,-0.35,-1.18
8.555,-353,-353,3.81,4,4,0,0,1,0,-0.38,-0.69
8.559999,-355,-355,4.15,2,2,0,0,1,0,-0.41,-0.68
8.565001,-391,-391,4.31,2,2,0,0,1,0,-0.43,-0.32
8.57,-373,-373,4.64,-2,-2,0,0,1,0,-0.46,-0.68
8.575001,-446,-446,4.71,-2,-2,0,0,1,0,-0.47,-0.13
8.58,-392,-392,4.76,-4,-6,0,0,1,0,-0.48,-0.1
8.584999,-393,-393,4.47,-4,-6,0,0,1,0,-0.45,0.58
8.59,-288,-288,4.46,-6,-10,0,0,1,0,-0.45,0.03
8.594999,-352,-352,4.39,-6,-10,0,0,1,0,-0.44,0.14
8.6,-334,-334,4.25,-8,-10,0,0,1,0,-0.43,0.27
8.605,-310,-310,3.7,-8,-10,0,0,1,0,-0.37,1.11
8.610001,-179,-179,3.49,-12,-14,0,0,1,0,-0.35,0.41
8.615,-236,-236,2.95,-12,-14,0,0,1,0,-0.3,1.08
8.620001,-143,-143,2.63,-12,-14,0,0,1,0,-0.26,0.65
8.625,-157,-157,1.92,-12,-14,0,0,1,0,-0.19,1.42
8.629999,-77,-77,1.49,-14,-14,0,0,1,0,-0.15,0.85
8.635,-79,-79,0.8,-14,-14,0,0,1,0,-0.08,1.38
8.639999,-33,-33,0.29,-12,-12,0,0,1,0,-0.03,1.02
8.645,-14,-14,-0.31,-12,-12,0,0,1,0,0.03,1.21
8.65,15,15,-0.75,-10,-12,0,0,1,0,0.08,0.88
8.655001,40,40,-1.2,-10,-12,0,0,1,0,0.12,0.9
8.66,63,63,-1.68,-10,-10,0,0,1,0,0.17,0.96
8.665001,87,87,-2.03,-10,-10,0,0,1,0,0.2,0.7
8.67,118,118,-2.5,-6,-6,0,0,1,0,0.25,0.93
8.674999,130,130,-2.76,-6,-6,0,0,1,0,0.28,0.52
8.68,177,177,-3.03,-4,-6,0,0,1,0,0.3,0.55
8.684999,192,192,-3.25,-4,-6,0,0,1,0,0.32,0.42
8.690001,219,219,-3.63,0,-2,0,0,1,0,0.36,0.78
8.695,203,203,-3.68,0,-2,0,0,1,0,0.37,0.09
8.700001,251,251,-3.7,0,0,0,0,1,0,0.37,0.03
8.705,252,252,-3.59,0,0,0,0,1,0,0.36,-0.22
8.709999,244,244,-3.72,4,4,0,0,1,0,0.37,0.27
8.715,251,251,-3.52,4,4,0,0,1,0,0.35,-0.41
8.719999,239,239,-3.23,4,4,0,0,1,0,0.32,-0.58
8.725,233,233,-2.87,4,4,0,0,1,0,0.29,-0.71
8.73,218,218,-2.86,8,8,0,0,1,0,0.29,-0.01
8.735001,202,202,-2.47,8,8,0,0,1,0,0.25,-0.79
8.74,194,194,-2,8,8,0,0,1,0,0.2,-0.94
8.745001,165,165,-1.4,8,8,0,0,1,0,0.14,-1.2
8.75,124,124,-1.14,10,10,0,0,1,0,0.11,-0.54
8.754999,86,86,-0.44,10,10,0,0,1,0,0.04,-1.39
8.76,40,40,0.16,10,8,0,0,1,0,-0.02,-1.21
8.764999,-17,-17,0.83,10,8,0,0,1,0,-0.08,-1.34
8.77,-84,-84,1.46,8,8,0,0,1,0,-0.15,-1.25
8.775,-145,-145,2.24,8,8,0,0,1,0,-0.22,-1.57
8.780001,-243,-243,2.98,6,6,0,0,1,0,-0.3,-1.48
8.785,-321,-321,3.55,6,6,0,0,1,0,-0.35,-1.14
8.790001,-361,-361,4.4,2,2,0,0,1,0,-0.44,-1.71
8.795,-522,-522,5.06,2,2,0,0,1,0,-0.51,-1.31
8.799999,-562,-562,5.6,0,0,0,0,1,0,-0.56,-1.09
8.805,-609,-609,5.66,0,0,0,0,1,0,-0.57,-0.11
8.809999,-479,-479,6.19,-4,-4,0,0,1,0,-0.62,-1.07
8.815001,-686,-686,6.72,-4,-4,0,0,1,0,-0.67,-1.05
8.82,-756,-756,7.14,-10,-10,0,0,1,0,-0.71,-0.84
8.825001,-787,-787,7.08,-10,-10,0,0,1,0,-0.71,0.13
8.83,-586,-586,7.14,-12,-12,0,0,1,0,-0.71,-0.13
8.834999,-630,-630,7.1,-12,-12,0,0,1,0,-0.71,0.08
8.84,-594,-594,7.23,-20,-20,0,0,1,0,-0.72,-0.27
8.844999,-663,-663,6.98,-20,-20,0,0,1,0,-0.7,0.52
8.85,-506,-506,6.74,-22,-22,0,0,1,0,-0.67,0.46
8.855,-499,-499,6.23,-22,-22,0,0,1,0,-0.62,1.02
8.860001,-349,-349,5.66,-26,-28,0,0,1,0,-0.57,1.15
8.865,-294,-294,4.77,-26,-28,0,0,1,0,-0.48,1.77
8.870001,-177,-177,4.32,-26,-28,0,0,1,0,-0.43,0.9
8.875,-235,-235,3.56,-26,-28,0,0,1,0,-0.36,1.53
8.879999,-134,-134,2.9,-26,-28,0,0,1,0,-0.29,1.31
8.885,-125,-125,2.03,-26,-28,0,0,1,0,-0.2,1.74
8.889999,-70,-70,1.41,-24,-26,0,0,1,0,-0.14,1.25
8.895,-63,-63,0.45,-24,-26,0,0,1,0,-0.05,1.9
8.9,-13,-13,-0.4,-22,-22,0,0,1,0,0.04,1.7
8.905001,16,16,-1.34,-22,-22,0,0,1,0,0.13,1.89
8.91,47,47,-2.15,-18,-20,0,0,1,0,0.21,1.62
8.915001,80,80,-2.74,-18,-20,0,0,1,0,0.27,1.18
8.92,129,129,-3.3,-16,-18,0,0,1,0,0.33,1.12
8.924999,159,159,-3.78,-16,-18,0,0,1,0,0.38,0.97
8.93,195,195,-4.54,-12,-12,0,0,1,0,0.45,1.51
8.934999,176,176,-4.83,-12,-12,0,0,1,0,0.48,0.59
8.940001,287,287,-5.07,-10,-10,0,0,1,0,0.51,0.47
8.945,309,309,-5.14,-10,-10,0,0,1,0,0.51,0.15
8.950001,318,318,-5.54,-2,-4,0,0,1,0,0.55,0.8
8.955,305,305,-5.72,-2,-4,0,0,1,0,0.57,0.35
8.959999,341,341,-5.79,0,-2,0,0,1,0,0.58,0.14
8.965,342,342,-5.47,0,-2,0,0,1,0,0.55,-0.64
8.969999,357,357,-5.38,4,4,0,0,1,0,0.54,-0.17
8.975,327,327,-5.34,4,4,0,0,1,0,0.53,-0.09
8.98,325,325,-5.23,6,6,0,0,1,0,0.52,-0.22
8.985001,321,321,-4.65,6,6,0,0,1,0,0.46,-1.16
8.99,365,365,-4.36,10,10,0,0,1,0,0.44,-0.57
8.995001,297,297,-3.85,10,10,0,0,1,0,0.38,-1.03
9,306,306,-3.47,10,10,0,0,1,0,0.35,-0.75
9.004999,262,262,-2.61,10,10,0,0,1,0,0.26,-1.71
9.01,259,259,-2.1,12,12,0,0,1,0,0.21,-1.02
9.014999,176,176,-1.24,12,12,0,0,1,0,0.12,-1.73
9.02,126,126,-0.67,14,12,0,0,1,0,0.07,-1.13
9.025,59,59,0.09,14,12,0,0,1,0,-0.01,-1.53
9.030001,-12,-12,0.66,12,12,0,0,1,0,-0.07,-1.14
9.035,-64,-64,1.5,12,12,0,0,1,0,-0.15,-1.67
9.040001,-165,-165,2.15,10,12,0,0,1,0,-0.22,-1.31
9.045,-220,-220,2.85,10,12,0,0,1,0,-0.29,-1.41
9.049999,-302,-302,3.58,6,8,0,0,1,0,-0.36,-1.46
9.055,-390,-390,4.18,6,8,0,0,1,0,-0.42,-1.2
9.059999,-441,-441,4.77,6,4,0,0,1,0,-0.48,-1.17
9.065001,-510,-510,5.18,6,4,0,0,1,0,-0.52,-0.82
9.07,-527,-527,5.73,0,0,0,0,1,0,-0.57,-1.09
9.075001,-626,-626,6.16,0,0,0,0,1,0,-0.62,-0.87
9.08,-658,-658,6.28,-6,-4,0,0,1,0,-0.63,-0.23
9.084999,-556,-556,6.08,-6,-4,0,0,1,0,-0.61,0.39
9.09,-455,-455,6.01,-10,-10,0,0,1,0,-0.6,0.14
9.094999,-481,-481,5.95,-10,-10,0,0,1,0,-0.59,0.14
9.1,-475,-475,5.89,-14,-16,0,0,1,0,-0.59,0.11
9.105,-473,-473,5.45,-14,-16,0,0,1,0,-0.55,0.87
9.110001,-313,-313,5.01,-16,-18,0,0,1,0,-0.5,0.89
9.115,-281,-281,4.34,-16,-18,0,0,1,0,-0.43,1.33
9.120001,-193,-193,3.52,-20,-22,0,0,1,0,-0.35,1.64
9.125,-125,-125,2.71,-20,-22,0,0,1,0,-0.27,1.63
9.129999,-97,-97,2.12,-20,-20,0,0,1,0,-0.21,1.18
9.135,-98,-98,1.22,-20,-20,0,0,1,0,-0.12,1.81
9.139999,-40,-40,0.36,-18,-18,0,0,1,0,-0.04,1.71
9.145,-11,-11,-0.53,-18,-18,0,0,1,0,0.05,1.78
9.15,20,20,-1.4,-16,-16,0,0,1,0,0.14,1.73
9.155001,51,51,-2.34,-16,-16,0,0,1,0,0.23,1.88
9.16,80,80,-3.28,-12,-14,0,0,1,0,0.33,1.88
9.165001,112,112,-4,-12,-14,0,0,1,0,0.4,1.45
9.17,162,162,-4.85,-10,-10,0,0,1,0,0.49,1.71
9.174999,172,172,-5.5,-10,-10,0,0,1,0,0.55,1.28
9.18,243,243,-5.99,-8,-8,0,0,1,0,0.6,0.98
9.184999,306,306,-6.45,-8,-8,0,0,1,0,0.64,0.92
9.190001,338,338,-7.14,-2,-4,0,0,1,0,0.71,1.39
9.195,298,298,-7.6,-2,-4,0,0,1,0,0.76,0.91
9.200001,392,392,-7.89,-2,-2,0,0,1,0,0.79,0.57
9.205,416,416,-7.87,-2,-2,0,0,1,0,0.79,-0.04
9.209999,407,407,-8.12,4,2,0,0,1,0,0.81,0.51
9.215,424,424,-8.45,4,2,0,0,1,0,0.85,0.66
9.219999,434,434,-8.56,8,4,0,0,1,0,0.86,0.21
9.225,434,434,-8.34,8,4,0,0,1,0,0.83,-0.43
9.23,434,434,-8.21,10,8,0,0,1,0,0.82,-0.27
9.235001,423,423,-8.12,10,8,0,0,1,0,0.81,-0.19
9.24,419,419,-8.1,12,10,0,0,1,0,0.81,-0.04
9.245001,415,415,-7.55,12,10,0,0,1,0,0.76,-1.09
9.25,503,503,-7.24,14,12,0,0,1,0,0.72,-0.63
9.254999,423,423,-6.94,14,12,0,0,1,0,0.69,-0.6
9.26,407,407,-6.59,18,14,0,0,1,0,0.66,-0.68
9.264999,406,406,-5.86,18,14,0,0,1,0,0.59,-1.47
9.27,474,474,-5.42,18,16,0,0,1,0,0.54,-0.88
9.275,380,380,-4.82,18,16,0,0,1,0,0.48,-1.21
9.280001,380,380,-4.35,20,20,0,0,1,0,0.44,-0.93
9.285,328,328,-3.53,20,20,0,0,1,0,0.35,-1.65
9.290001,334,334,-3,22,20,0,0,1,0,0.3,-1.07
9.295,247,247,-2.25,22,20,0,0,1,0,0.23,-1.48
9.299999,210,210,-1.56,22,20,0,0,1,0,0.16,-1.4
9.305,144,144,-0.65,22,20,0,0,1,0,0.07,-1.81
9.309999,68,68,-0.16,22,20,0,0,1,0,0.02,-0.99
9.315001,12,12,0.72,22,20,0,0,1,0,-0.07,-1.77
9.32,-83,-83,1.39,20,20,0,0,1,0,-0.14,-1.33
9.325001,-141,-141,2.22,20,20,0,0,1,0,-0.22,-1.66
9.33,-247,-247,2.86,14,14,0,0,1,0,-0.29,-1.29
9.334999,-296,-296,3.53,14,14,0,0,1,0,-0.35,-1.34
9.34,-374,-374,4.18,14,10,0,0,1,0,-0.42,-1.3
9.344999,-450,-450,4.78,14,10,0,0,1,0,-0.48,-1.2
9.35,-515,-515,5.41,8,6,0,0,1,0,-0.54,-1.24
9.355,-600,-600,5.78,8,6,0,0,1,0,-0.58,-0.74
9.360001,-590,-590,5.86,2,2,0,0,1,0,-0.59,-0.16
9.365,-504,-504,5.73,2,2,0,0,1,0,-0.57,0.25
9.370001,-440,-440,5.74,0,-2,0,0,1,0,-0.57,-0.03
9.375,-476,-476,5.65,0,-2,0,0,1,0,-0.57,0.18
9.379999,-443,-443,5.56,-8,-10,0,0,1,0,-0.56,0.18
9.385,-435,-435,5.27,-8,-10,0,0,1,0,-0.53,0.59
9.389999,-347,-347,5.01,-10,-14,0,0,1,0,-0.5,0.51
9.395,-341,-341,4.53,-10,-14,0,0,1,0,-0.45,0.96
9.4,-243,-243,3.78,-14,-16,0,0,1,0,-0.38,1.51
9.405001,-147,-147,2.84,-14,-16,0,0,1,0,-0.28,1.89
9.41,-93,-93,2.28,-16,-16,0,0,1,0,-0.23,1.11
9.415001,-109,-109,1.39,-16,-16,0,0,1,0,-0.14,1.77
9.42,-47,-47,0.55,-14,-14,0,0,1,0,-0.05,1.7
9.424999,-18,-18,-0.37,-14,-14,0,0,1,0,0.04,1.84
9.43,15,15,-1.17,-14,-14,0,0,1,0,0.12,1.59
9.434999,45,45,-2.07,-14,-14,0,0,1,0,0.21,1.8
9.440001,73,73,-2.93,-10,-12,0,0,1,0,0.29,1.73
9.445,105,105,-3.73,-10,-12,0,0,1,0,0.37,1.59
9.450001,137,137,-4.57,-8,-8,0,0,1,0,0.46,1.68
9.455,164,164,-5.47,-8,-8,0,0,1,0,0.55,1.81
9.459999,188,188,-6.07,-8,-6,0,0,1,0,0.61,1.19
9.465,282,282,-6.57,-8,-6,0,0,1,0,0.66,1.01
9.469999,331,331,-7.34,-2,-4,0,0,1,0,0.73,1.53
9.475,281,281,-7.79,-2,-4,0,0,1,0,0.78,0.9
9.48,401,401,-8.14,-2,-2,0,0,1,0,0.81,0.71
9.485001,425,425,-8.31,-2,-2,0,0,1,0,0.83,0.34
9.49,428,428,-8.75,4,4,0,0,1,0,0.88,0.88
9.495001,435,435,-9.19,4,4,0,0,1,0,0.92,0.86
9.5,450,450,-9.28,8,6,0,0,1,0,0.93,0.19
9.504999,455,455,-9.09,8,6,0,0,1,0,0.91,-0.38
9.51,450,450,-9.08,10,8,0,0,1,0,0.91,-0.01
9.514999,448,448,-9.16,10,8,0,0,1,0,0.92,0.16
9.52,452,452,-9.1,14,12,0,0,1,0,0.91,-0.12
9.525,449,449,-8.64,14,12,0,0,1,0,0.86,-0.93
9.530001,526,526,-8.38,16,14,0,0,1,0,0.84,-0.51
9.535,447,447,-8.19,16,14,0,0,1,0,0.82,-0.38
9.540001,424,424,-7.91,18,18,0,0,1,0,0.79,-0.56
9.545,439,439,-7.22,18,18,0,0,1,0,0.72,-1.39
9.549999,533,533,-6.78,20,18,0,0,1,0,0.68,-0.87
9.555,436,436,-6.29,20,18,0,0,1,0,0.63,-0.98
9.559999,431,431,-5.88,20,20,0,0,1,0,0.59,-0.82
9.565001,395,395,-5.08,20,20,0,0,1,0,0.51,-1.6
9.57,442,442,-4.53,22,20,0,0,1,0,0.45,-1.1
9.575001,353,353,-3.94,22,20,0,0,1,0,0.39,-1.19
9.58,323,323,-3.33,24,22,0,0,1,0,0.33,-1.22
9.584999,282,282,-2.36,24,22,0,0,1,0,0.24,-1.94
9.59,254,254,-1.75,24,22,0,0,1,0,0.18,-1.22
9.594999,154,154,-0.79,24,22,0,0,1,0,0.08,-1.92
9.6,86,86,-0.05,24,22,0,0,1,0,0.01,-1.48
9.605,3,3,0.78,24,22,0,0,1,0,-0.08,-1.66
9.610001,-85,-85,1.51,22,22,0,0,1,0,-0.15,-1.46
9.615,-158,-158,2.36,22,22,0,0,1,0,-0.24,-1.7
9.620001,-266,-266,3.07,20,18,0,0,1,0,-0.31,-1.42
9.625,-328,-328,3.77,20,18,0,0,1,0,-0.38,-1.41
9.629999,-409,-409,4.57,14,12,0,0,1,0,-0.46,-1.6
9.635,-531,-531,5.14,14,12,0,0,1,0,-0.51,-1.14
9.639999,-555,-555,5.61,8,8,0,0,1,0,-0.56,-0.92
9.645,-592,-592,5.79,8,8,0,0,1,0,-0.58,-0.37
9.65,-526,-526,6.16,4,2,0,0,1,0,-0.62,-0.73
9.655001,-635,-635,6.24,4,2,0,0,1,0,-0.62,-0.16
9.66,-543,-543,6.19,-4,-4,0,0,1,0,-0.62,0.1
9.665001,-503,-503,5.87,-4,-4,0,0,1,0,-0.59,0.63
9.67,-388,-388,5.63,-6,-8,0,0,1,0,-0.56,0.5
9.674999,-394,-394,5.36,-6,-8,0,0,1,0,-0.54,0.54
9.68,-364,-364,4.87,-12,-12,0,0,1,0,-0.49,0.98
9.684999,-263,-263,4.12,-12,-12,0,0,1,0,-0.41,1.51
9.690001,-164,-164,3.52,-14,-14,0,0,1,0,-0.35,1.2
9.695,-162,-162,2.84,-14,-14,0,0,1,0,-0.28,1.36
9.700001,-119,-119,2.12,-14,-16,0,0,1,0,-0.21,1.44
9.705,-85,-85,1.16,-14,-16,0,0,1,0,-0.12,1.92
9.709999,-37,-37,0.37,-14,-16,0,0,1,0,-0.04,1.57
9.715,-13,-13,-0.6,-14,-16,0,0,1,0,0.06,1.94
9.719999,22,22,-1.42,-14,-14,0,0,1,0,0.14,1.64
9.725,53,53,-2.21,-14,-14,0,0,1,0,0.22,1.58
9.73,84,84,-3.01,-10,-12,0,0,1,0,0.3,1.62
9.735001,111,111,-3.7,-10,-12,0,0,1,0,0.37,1.37
9.74,156,156,-4.32,-8,-10,0,0,1,0,0.43,1.24
9.745001,196,196,-4.81,-8,-10,0,0,1,0,0.48,0.99
9.75,245,245,-5.44,-4,-4,0,0,1,0,0.54,1.25
9.754999,245,245,-5.86,-4,-4,0,0,1,0,0.59,0.83
9.76,319,319,-6.18,-4,-4,0,0,1,0,0.62,0.65
9.764999,348,348,-6.52,-4,-4,0,0,1,0,0.65,0.68
9.77,363,363,-6.98,0,2,0,0,1,0,0.7,0.92
9.775,366,366,-7.19,0,2,0,0,1,0,0.72,0.42
9.780001,392,392,-7.18,2,4,0,0,1,0,0.72,-0.02
9.785,381,381,-6.91,2,4,0,0,1,0,0.69,-0.54
9.790001,399,399,-7.01,8,8,0,0,1,0,0.7,0.2
9.795,380,380,-7.12,8,8,0,0,1,0,0.71,0.22
9.799999,385,385,-6.93,8,10,0,0,1,0,0.69,-0.38
9.805,381,381,-6.34,8,10,0,0,1,0,0.63,-1.19
9.809999,459,459,-6.04,12,12,0,0,1,0,0.6,-0.59
9.815001,375,375,-5.52,12,12,0,0,1,0,0.55,-1.04
9.82,402,402,-5.06,12,14,0,0,1,0,0.51,-0.92
9.825001,367,367,-4.35,12,14,0,0,1,0,0.43,-1.43
9.83,373,373,-4.2,16,16,0,0,1,0,0.42,-0.29
9.834999,275,275,-3.66,16,16,0,0,1,0,0.37,-1.09
9.84,297,297,-3.15,18,18,0,0,1,0,0.31,-1.03
9.844999,256,256,-2.15,18,18,0,0,1,0,0.22,-1.99
9.85,236,236,-1.6,20,18,0,0,1,0,0.16,-1.1
9.855,138,138,-0.51,20,18,0,0,1,0,0.05,-2.18
9.860001,58,58,0.43,18,16,0,0,1,0,-0.04,-1.88
9.865,-52,-52,1.41,18,16,0,0,1,0,-0.14,-1.95
9.870001,-169,-169,2.18,16,16,0,0,1,0,-0.22,-1.55
9.875,-236,-236,3.21,16,16,0,0,1,0,-0.32,-2.05
9.879999,-406,-406,4.13,14,14,0,0,1,0,-0.41,-1.84
9.885,-503,-503,5.05,14,14,0,0,1,0,-0.51,-1.85
9.889999,-629,-629,6.08,8,8,0,0,1,0,-0.61,-2.05
9.895,-796,-796,6.89,8,8,0,0,1,0,-0.69,-1.61
9.9,-800,-800,7.39,2,2,0,0,1,0,-0.74,-1
9.905001,-800,-800,7.62,2,2,0,0,1,0,-0.76,-0.47
9.91,-748,-748,8.02,0,0,0,0,1,0,-0.8,-0.79
9.915001,-800,-800,8.36,0,0,0,0,1,0,-0.84,-0.69
9.92,-800,-800,8.78,-8,-12,0,0,1,0,-0.88,-0.84
9.924999,-800,-800,8.89,-8,-12,0,0,1,0,-0.89,-0.21
9.93,-800,-800,8.9,-14,-16,0,0,1,0,-0.89,-0.03
9.934999,-800,-800,8.63,-14,-16,0,0,1,0,-0.86,0.54
9.940001,-652,-652,8.38,-22,-22,0,0,1,0,-0.84,0.51
9.945,-636,-636,7.76,-22,-22,0,0,1,0,-0.78,1.23
9.950001,-426,-426,7.29,-24,-26,0,0,1,0,-0.73,0.94
9.955,-437,-437,6.64,-24,-26,0,0,1,0,-0.66,1.29
9.959999,-338,-338,6.04,-28,-30,0,0,1,0,-0.6,1.21
9.965,-311,-311,5.04,-28,-30,0,0,1,0,-0.5,1.99
9.969999,-178,-178,4.41,-30,-32,0,0,1,0,-0.44,1.27
9.975,-203,-203,3.28,-30,-32,0,0,1,0,-0.33,2.25
9.98,-104,-104,2.28,-26,-30,0,0,1,0,-0.23,2.01
9.985001,-72,-72,1.16,-26,-30,0,0,1,0,-0.12,2.23
9.99,-35,-35,0.21,-26,-28,0,0,1,0,-0.02,1.91
9.995001,-5,-5,-0.97,-26,-28,0,0,1,0,0.1,2.35
10,34,34,-2.02,-24,-24,0,0,1,0,0.2,2.1
10.004999,67,67,-2.91,-24,-24,0,0,1,0,0.29,1.8
10.01,102,102,-3.9,-18,-20,0,0,1,0,0.39,1.96
10.014999,129,129,-4.71,-18,-20,0,0,1,0,0.47,1.62
10.02,172,172,-5.33,-16,-18,0,0,1,0,0.53,1.26
10.025,240,240,-5.86,-16,-18,0,0,1,0,0.59,1.06
10.030001,290,290,-6.59,-10,-12,0,0,1,0,0.66,1.46
10.035,264,264,-7.2,-10,-12,0,0,1,0,0.72,1.21
10.040001,331,331,-7.55,-8,-10,0,0,1,0,0.76,0.71
10.045,405,405,-7.71,-8,-10,0,0,1,0,0.77,0.32
10.049999,408,408,-8.17,-2,-4,0,0,1,0,0.82,0.91
10.055,412,412,-8.7,-2,-4,0,0,1,0,0.87,1.07
10.059999,415,415,-8.89,0,0,0,0,1,0,0.89,0.37
10.065001,446,446,-8.56,0,0,0,0,1,0,0.86,-0.66
10.07,478,478,-8.64,4,4,0,0,1,0,0.86,0.17
10.075001,436,436,-8.81,4,4,0,0,1,0,0.88,0.33
10.08,443,443,-8.8,10,8,0,0,1,0,0.88,-0.01
10.084999,439,439,-8.32,10,8,0,0,1,0,0.83,-0.96
10.09,518,518,-8.03,12,12,0,0,1,0,0.8,-0.58
10.094999,446,446,-7.75,12,12,0,0,1,0,0.78,-0.55
10.1,432,432,-7.43,14,14,0,0,1,0,0.74,-0.66
10.105,434,434,-6.83,14,14,0,0,1,0,0.68,-1.2
10.110001,483,483,-6.38,16,16,0,0,1,0,0.64,-0.89
10.115,424,424,-5.99,16,16,0,0,1,0,0.6,-0.78
10.120001,394,394,-5.5,18,18,0,0,1,0,0.55,-0.98
10.125,395,395,-4.62,18,18,0,0,1,0,0.46,-1.77
10.129999,438,438,-4.03,20,20,0,0,1,0,0.4,-1.17
10.135,328,328,-3.27,20,20,0,0,1,0,0.33,-1.52
10.139999,301,301,-2.6,20,18,0,0,1,0,0.26,-1.34
10.145,232,232,-1.68,20,18,0,0,1,0,0.17,-1.84
10.15,177,177,-1.13,22,20,0,0,1,0,0.11,-1.1
10.155001,98,98,-0.26,22,20,0,0,1,0,0.03,-1.76
10.16,25,25,0.45,20,20,0,0,1,0,-0.05,-1.41
10.165001,-47,-47,1.41,20,20,0,0,1,0,-0.14,-1.92
10.17,-168,-168,2.22,18,18,0,0,1,0,-0.22,-1.63
10.174999,-245,-245,3.04,18,18,0,0,1,0,-0.3,-1.64
10.18,-342,-342,3.8,14,16,0,0,1,0,-0.38,-1.52
10.184999,-422,-422,4.52,14,16,0,0,1,0,-0.45,-1.44
10.190001,-507,-507,5.4,10,8,0,0,1,0,-0.54,-1.74
10.195,-662,-662,5.99,10,8,0,0,1,0,-0.6,-1.18
10.200001,-671,-671,6.35,6,4,0,0,1,0,-0.64,-0.73
10.205,-660,-660,6.43,6,4,0,0,1,0,-0.64,-0.16
10.209999,-561,-561,6.68,0,0,0,0,1,0,-0.67,-0.51
10.215,-650,-650,6.8,0,0,0,0,1,0,-0.68,-0.24
10.219999,-613,-613,6.88,-6,-10,0,0,1,0,-0.69,-0.16
10.225,-609,-609,6.78,-6,-10,0,0,1,0,-0.68,0.22
10.23,-544,-544,6.79,-10,-12,0,0,1,0,-0.68,-0.03
10.235001,-580,-580,6.56,-10,-12,0,0,1,0,-0.66,0.47
10.24,-482,-482,6.08,-16,-20,0,0,1,0,-0.61,0.95
10.245001,-348,-348,5.19,-16,-20,0,0,1,0,-0.52,1.78
10.25,-198,-198,4.63,-18,-20,0,0,1,0,-0.46,1.12
10.254999,-232,-232,3.94,-18,-20,0,0,1,0,-0.39,1.39
10.26,-166,-166,3.16,-20,-22,0,0,1,0,-0.32,1.55
10.264999,-118,-118,2.12,-20,-22,0,0,1,0,-0.21,2.09
10.27,-66,-66,1.27,-20,-22,0,0,1,0,-0.13,1.71
10.275,-44,-44,0.15,-20,-22,0,0,1,0,-0.02,2.23
10.280001,-3,-3,-0.8,-16,-20,0,0,1,0,0.08,1.89
10.285,29,29,-1.91,-16,-20,0,0,1,0,0.19,2.22
10.290001,64,64,-2.93,-14,-18,0,0,1,0,0.29,2.06
10.295,97,97,-3.86,-14,-18,0,0,1,0,0.39,1.86
10.299999,132,132,-4.68,-12,-14,0,0,1,0,0.47,1.64
10.305,170,170,-5.4,-12,-14,0,0,1,0,0.54,1.42
10.309999,221,221,-6.29,-8,-10,0,0,1,0,0.63,1.79
10.315001,217,217,-6.94,-8,-10,0,0,1,0,0.69,1.31
10.32,303,303,-7.4,-6,-8,0,0,1,0,0.74,0.92
10.325001,383,383,-7.79,-6,-8,0,0,1,0,0.78,0.77
10.33,414,414,-8.36,-2,-2,0,0,1,0,0.84,1.14
10.334999,393,393,-8.85,-2,-2,0,0,1,0,0.89,0.98
10.34,429,429,-9.1,0,0,0,0,1,0,0.91,0.49
10.344999,452,452,-8.99,0,0,0,0,1,0,0.9,-0.23
10.35,446,446,-9.24,6,4,0,0,1,0,0.92,0.52
10.355,456,456,-9.58,6,4,0,0,1,0,0.96,0.67
10.360001,464,464,-9.68,8,8,0,0,1,0,0.97,0.2
10.365,466,466,-9.31,8,8,0,0,1,0,0.93,-0.74
10.370001,517,517,-9.12,12,12,0,0,1,0,0.91,-0.38
10.375,451,451,-8.84,12,12,0,0,1,0,0.88,-0.56
10.379999,470,470,-8.69,14,14,0,0,1,0,0.87,-0.29
10.385,438,438,-8.17,14,14,0,0,1,0,0.82,-1.04
10.389999,525,525,-7.8,18,16,0,0,1,0,0.78,-0.74
10.395,460,460,-7.44,18,16,0,0,1,0,0.74,-0.72
10.4,443,443,-6.97,18,18,0,0,1,0,0.7,-0.95
10.405001,454,454,-6.24,18,18,0,0,1,0,0.62,-1.46
10.41,493,493,-5.64,22,20,0,0,1,0,0.56,-1.2
10.415001,426,426,-4.98,22,20,0,0,1,0,0.5,-1.3
10.42,401,401,-4.35,22,22,0,0,1,0,0.44,-1.27
10.424999,357,357,-3.41,22,22,0,0,1,0,0.34,-1.88
10.43,352,352,-2.84,24,22,0,0,1,0,0.28,-1.14
10.434999,239,239,-2.05,24,22,0,0,1,0,0.21,-1.57
10.440001,197,197,-1.32,22,22,0,0,1,0,0.13,-1.47
10.445,125,125,-0.37,22,22,0,0,1,0,0.04,-1.9
10.450001,39,39,0.19,24,24,0,0,1,0,-0.02,-1.13
10.455,-20,-20,1.25,24,24,0,0,1,0,-0.13,-2.11
10.459999,-156,-156,2.09,20,20,0,0,1,0,-0.21,-1.68
10.465,-234,-234,3,20,20,0,0,1,0,-0.3,-1.82
10.469999,-357,-357,3.88,16,14,0,0,1,0,-0.39,-1.75
10.475,-459,-459,4.7,16,14,0,0,1,0,-0.47,-1.65
10.48,-555,-555,5.5,12,12,0,0,1,0,-0.55,-1.59
10.485001,-657,-657,6,12,12,0,0,1,0,-0.6,-1
10.49,-651,-651,6.59,6,6,0,0,1,0,-0.66,-1.18
10.495001,-753,-753,7.04,6,6,0,0,1,0,-0.7,-0.9
10.5,-782,-782,7.28,0,0,0,0,1,0,-0.73,-0.48
10.504999,-711,-711,7.17,0,0,0,0,1,0,-0.72,0.21
10.51,-584,-584,7.15,-4,-6,0,0,1,0,-0.72,0.05
10.514999,-605,-605,7.12,-4,-6,0,0,1,0,-0.71,0.06
10.52,-599,-599,7.1,-14,-16,0,0,1,0,-0.71,0.03
10.525,-602,-602,6.62,-14,-16,0,0,1,0,-0.66,0.96
10.530001,-384,-384,6.18,-16,-18,0,0,1,0,-0.62,0.89
10.535,-362,-362,5.59,-16,-18,0,0,1,0,-0.56,1.17
10.540001,-287,-287,4.86,-22,-24,0,0,1,0,-0.49,1.46
10.545,-207,-207,3.75,-22,-24,0,0,1,0,-0.38,2.22
10.549999,-121,-121,3,-22,-22,0,0,1,0,-0.3,1.51
10.555,-115,-115,1.86,-22,-22,0,0,1,0,-0.19,2.28
10.559999,-58,-58,0.93,-20,-24,0,0,1,0,-0.09,1.86
10.565001,-30,-30,-0.14,-20,-24,0,0,1,0,0.01,2.15
10.57,7,7,-0.98,-20,-20,0,0,1,0,0.1,1.67
10.575001,37,37,-1.9,-20,-20,0,0,1,0,0.19,1.85
10.58,67,67,-2.72,-18,-16,0,0,1,0,0.27,1.63
10.584999,100,100,-3.45,-18,-16,0,0,1,0,0.34,1.46
10.59,139,139,-4.21,-12,-12,0,0,1,0,0.42,1.51
10.594999,163,163,-4.81,-12,-12,0,0,1,0,0.48,1.22
10.6,221,221,-5.35,-10,-12,0,0,1,0,0.54,1.08
10.605,262,262,-5.91,-10,-12,0,0,1,0,0.59,1.12
10.610001,284,284,-6.65,-6,-6,0,0,1,0,0.67,1.48
10.615,263,263,-6.98,-6,-6,0,0,1,0,0.7,0.66
10.620001,385,385,-7.13,-4,-2,0,0,1,0,0.71,0.3
10.625,387,387,-7.25,-4,-2,0,0,1,0,0.73,0.24
10.629999,390,390,-7.51,2,2,0,0,1,0,0.75,0.51
10.635,404,404,-7.74,2,2,0,0,1,0,0.77,0.48
10.639999,412,412,-7.63,4,6,0,0,1,0,0.76,-0.24
10.645,403,403,-7.08,4,6,0,0,1,0,0.71,-1.09
10.65,479,479,-6.87,8,10,0,0,1,0,0.69,-0.41
10.655001,382,382,-6.57,8,10,0,0,1,0,0.66,-0.6
10.66,395,395,-6.32,10,10,0,0,1,0,0.63,-0.5
10.665001,375,375,-5.66,10,10,0,0,1,0,0.57,-1.33
10.67,444,444,-5.15,14,12,0,0,1,0,0.52,-1
10.674999,379,379,-4.46,14,12,0,0,1,0,0.45,-1.4
10.68,378,378,-3.88,16,14,0,0,1,0,0.39,-1.15
10.684999,316,316,-2.95,16,14,0,0,1,0,0.29,-1.87
10.690001,306,306,-2.46,16,16,0,0,1,0,0.25,-0.97
10.695,202,202,-1.54,16,16,0,0,1,0,0.15,-1.84
10.700001,163,163,-0.84,18,16,0,0,1,0,0.08,-1.42
10.705,78,78,0.22,18,16,0,0,1,0,-0.02,-2.11
10.709999,-29,-29,0.91,20,18,0,0,1,0,-0.09,-1.39
10.715,-94,-94,1.96,20,18,0,0,1,0,-0.2,-2.09
10.719999,-244,-244,2.79,16,16,0,0,1,0,-0.28,-1.65
10.725,-312,-312,3.73,16,16,0,0,1,0,-0.37,-1.89
10.73,-456,-456,4.76,10,10,0,0,1,0,-0.48,-2.07
10.735001,-616,-616,5.62,10,10,0,0,1,0,-0.56,-1.71
10.74,-690,-690,6.32,8,8,0,0,1,0,-0.63,-1.41
10.745001,-750,-750,6.73,8,8,0,0,1,0,-0.67,-0.81
10.75,-728,-728,7.32,2,0,0,0,1,0,-0.73,-1.18
10.754999,-800,-800,7.74,2,0,0,0,1,0,-0.77,-0.84
10.76,-800,-800,8.16,-6,-8,0,0,1,0,-0.82,-0.85
10.764999,-800,-800,8.16,-6,-8,0,0,1,0,-0.82,0.02
10.77,-713,-713,8.18,-10,-12,0,0,1,0,-0.82,-0.05
10.775,-728,-728,7.99,-10,-12,0,0,1,0,-0.8,0.37
10.780001,-637,-637,7.93,-18,-20,0,0,1,0,-0.79,0.13
10.785,-670,-670,7.42,-18,-20,0,0,1,0,-0.74,1.01
10.790001,-438,-438,6.99,-20,-22,0,0,1,0,-0.7,0.88
10.795,-423,-423,6.34,-20,-22,0,0,1,0,-0.63,1.29
10.799999,-318,-318,5.65,-26,-28,0,0,1,0,-0.56,1.38
10.805,-263,-263,4.52,-26,-28,0,0,1,0,-0.45,2.26
10.809999,-154,-154,3.77,-26,-30,0,0,1,0,-0.38,1.5
10.815001,-147,-147,2.64,-26,-30,0,0,1,0,-0.26,2.26
10.82,-83,-83,1.76,-24,-26,0,0,1,0,-0.18,1.75
10.825001,-60,-60,0.65,-24,-26,0,0,1,0,-0.07,2.23
10.83,-19,-19,-0.28,-22,-24,0,0,1,0,0.03,1.87
10.834999,11,11,-1.34,-22,-24,0,0,1,0,0.13,2.11
10.84,45,45,-2.24,-20,-22,0,0,1,0,0.22,1.81
10.844999,79,79,-3.18,-20,-22,0,0,1,0,0.32,1.88
10.85,109,109,-4.17,-16,-18,0,0,1,0,0.42,1.98
10.855,137,137,-4.93,-16,-18,0,0,1,0,0.49,1.52
10.860001,191,191,-5.62,-14,-14,0,0,1,0,0.56,1.38
10.865,235,235,-6.24,-14,-14,0,0,1,0,0.62,1.24
10.870001,283,283,-7,-6,-10,0,0,1,0,0.7,1.52
10.875,270,270,-7.48,-6,-10,0,0,1,0,0.75,0.96
10.879999,380,380,-7.62,-6,-6,0,0,1,0,0.76,0.27
10.885,404,404,-7.77,-6,-6,0,0,1,0,0.78,0.3
10.889999,410,410,-8.07,0,-2,0,0,1,0,0.81,0.62
10.895,423,423,-8.37,0,-2,0,0,1,0,0.84,0.59
10.9,432,432,-8.5,2,2,0,0,1,0,0.85,0.26
10.905001,433,433,-8.22,2,2,0,0,1,0,0.82,-0.55
10.91,449,449,-8.19,6,6,0,0,1,0,0.82,-0.06
10.915001,419,419,-8.06,6,6,0,0,1,0,0.81,-0.27
10.92,418,418,-7.88,10,10,0,0,1,0,0.79,-0.36
10.924999,414,414,-7.35,10,10,0,0,1,0,0.73,-1.06
10.93,488,488,-7.06,14,12,0,0,1,0,0.71,-0.58
10.934999,409,409,-6.58,14,12,0,0,1,0,0.66,-0.95
10.940001,439,439,-6.08,14,14,0,0,1,0,0.61,-1
10.945,424,424,-5.46,14,14,0,0,1,0,0.55,-1.24
10.950001,421,421,-5.12,16,16,0,0,1,0,0.51,-0.68
10.955,346,346,-4.84,16,16,0,0,1,0,0.48,-0.56
10.959999,320,320,-4.18,20,18,0,0,1,0,0.42,-1.34
10.965,353,353,-3.29,20,18,0,0,1,0,0.33,-1.77
10.969999,328,328,-2.79,20,20,0,0,1,0,0.28,-1
10.975,228,228,-1.84,20,20,0,0,1,0,0.18,-1.9
10.98,197,197,-1.06,20,20,0,0,1,0,0.11,-1.57
10.985001,103,103,-0.15,20,20,0,0,1,0,0.02,-1.81
10.99,14,14,0.22,20,18,0,0,1,0,-0.02,-0.75
10.995001,-20,-20,1.04,20,18,0,0,1,0,-0.1,-1.64
11,-114,-114,1.65,18,16,0,0,1,0,-0.17,-1.22
11.004999,-163,-163,2.47,18,16,0,0,1,0,-0.25,-1.64
11.01,-274,-274,3.22,14,12,0,0,1,0,-0.32,-1.51
11.014999,-352,-352,3.88,14,12,0,0,1,0,-0.39,-1.32
11.02,-415,-415,4.64,10,10,0,0,1,0,-0.46,-1.51
11.025,-529,-529,5.21,10,10,0,0,1,0,-0.52,-1.14
11.030001,-563,-563,5.87,6,6,0,0,1,0,-0.59,-1.32
11.035,-673,-673,6.35,6,6,0,0,1,0,-0.63,-0.96
11.040001,-693,-693,6.52,0,-2,0,0,1,0,-0.65,-0.36
11.045,-600,-600,6.32,0,-2,0,0,1,0,-0.63,0.4
11.049999,-475,-475,6.38,-4,-6,0,0,1,0,-0.64,-0.12
11.055,-552,-552,6.4,-4,-6,0,0,1,0,-0.64,-0.04
11.059999,-542,-542,6.47,-12,-14,0,0,1,0,-0.65,-0.13
11.065001,-563,-563,6.05,-12,-14,0,0,1,0,-0.6,0.84
11.07,-359,-359,5.68,-14,-16,0,0,1,0,-0.57,0.73
11.075001,-352,-352,5.09,-14,-16,0,0,1,0,-0.51,1.18
11.08,-254,-254,4.3,-18,-20,0,0,1,0,-0.43,1.58
11.084999,-165,-165,3.44,-18,-20,0,0,1,0,-0.34,1.73
11.09,-119,-119,2.77,-20,-22,0,0,1,0,-0.28,1.33
11.094999,-118,-118,1.85,-20,-22,0,0,1,0,-0.19,1.84
11.1,-61,-61,0.94,-18,-20,0,0,1,0,-0.09,1.81
11.105,-31,-31,-0.03,-18,-20,0,0,1,0,0,1.94
11.110001,3,3,-0.8,-18,-18,0,0,1,0,0.08,1.54
11.115,32,32,-1.74,-18,-18,0,0,1,0,0.17,1.88
11.120001,60,60,-2.56,-14,-16,0,0,1,0,0.26,1.65
11.125,94,94,-3.29,-14,-16,0,0,1,0,0.33,1.45
11.129999,133,133,-3.98,-10,-12,0,0,1,0,0.4,1.39
11.135,166,166,-4.5,-10,-12,0,0,1,0,0.45,1.04
11.139999,224,224,-4.97,-8,-10,0,0,1,0,0.5,0.93
11.145,260,260,-5.5,-8,-10,0,0,1,0,0.55,1.07
11.15,270,270,-6.22,-4,-6,0,0,1,0,0.62,1.42
11.155001,254,254,-6.6,-4,-6,0,0,1,0,0.66,0.76
11.16,365,365,-6.79,-2,-4,0,0,1,0,0.68,0.38
11.165001,378,378,-6.84,-2,-4,0,0,1,0,0.68,0.11
11.17,373,373,-7.05,2,0,0,0,1,0,0.7,0.41
11.174999,387,387,-7.28,2,0,0,0,1,0,0.73,0.46
11.18,395,395,-7.31,4,4,0,0,1,0,0.73,0.06
11.184999,387,387,-7.11,4,4,0,0,1,0,0.71,-0.4
11.190001,388,388,-7.14,8,6,0,0,1,0,0.71,0.07
11.195,381,381,-7.1,8,6,0,0,1,0,0.71,-0.08
11.200001,380,380,-6.94,12,10,0,0,1,0,0.69,-0.33
11.205,380,380,-6.31,12,10,0,0,1,0,0.63,-1.24
11.209999,466,466,-6.03,14,12,0,0,1,0,0.6,-0.56
11.215,371,371,-5.43,14,12,0,0,1,0,0.54,-1.21
11.219999,416,416,-4.98,16,12,0,0,1,0,0.5,-0.89
11.225,360,360,-4.36,16,12,0,0,1,0,0.44,-1.25
11.23,356,356,-4.18,18,14,0,0,1,0,0.42,-0.36
11.235001,273,273,-3.82,18,14,0,0,1,0,0.38,-0.71
11.24,280,280,-3.18,18,16,0,0,1,0,0.32,-1.27
11.245001,275,275,-2.25,18,16,0,0,1,0,0.23,-1.86
11.25,236,236,-1.76,20,18,0,0,1,0,0.18,-0.99
11.254999,147,147,-0.76,20,18,0,0,1,0,0.08,-2.01
11.26,84,84,0.09,18,18,0,0,1,0,-0.01,-1.68
11.264999,-12,-12,0.93,18,18,0,0,1,0,-0.09,-1.69
11.27,-103,-103,1.58,18,16,0,0,1,0,-0.16,-1.3
11.275,-160,-160,2.39,18,16,0,0,1,0,-0.24,-1.62
11.280001,-263,-263,3.1,14,14,0,0,1,0,-0.31,-1.41
11.285,-330,-330,3.79,14,14,0,0,1,0,-0.38,-1.38
11.290001,-409,-409,4.63,10,8,0,0,1,0,-0.46,-1.68
11.295,-548,-548,5.22,10,8,0,0,1,0,-0.52,-1.19
11.299999,-570,-570,5.88,6,6,0,0,1,0,-0.59,-1.31
11.305,-673,-673,6.2,6,6,0,0,1,0,-0.62,-0.64
11.309999,-623,-623,6.69,2,0,0,0,1,0,-0.67,-0.98
11.315001,-743,-743,6.98,2,0,0,0,1,0,-0.7,-0.58
11.32,-703,-703,7.15,-6,-8,0,0,1,0,-0.72,-0.34
11.325001,-665,-665,6.95,-6,-8,0,0,1,0,-0.69,0.41
11.33,-531,-531,6.74,-10,-10,0,0,1,0,-0.67,0.4
11.334999,-514,-514,6.59,-10,-10,0,0,1,0,-0.66,0.32
11.34,-511,-511,6.5,-18,-18,0,0,1,0,-0.65,0.17
11.344999,-524,-524,5.97,-18,-18,0,0,1,0,-0.6,1.06
11.35,-325,-325,5.52,-20,-20,0,0,1,0,-0.55,0.91
11.355,-314,-314,4.9,-20,-20,0,0,1,0,-0.49,1.23
11.360001,-238,-238,4.08,-22,-22,0,0,1,0,-0.41,1.64
11.365,-151,-151,3.02,-22,-22,0,0,1,0,-0.3,2.13
11.370001,-95,-95,2.33,-22,-24,0,0,1,0,-0.23,1.37
11.375,-97,-97,1.3,-22,-24,0,0,1,0,-0.13,2.07
11.379999,-40,-40,0.43,-20,-22,0,0,1,0,-0.04,1.74
11.385,-13,-13,-0.5,-20,-22,0,0,1,0,0.05,1.86
11.389999,19,19,-1.29,-20,-18,0,0,1,0,0.13,1.57
11.395,50,50,-2.11,-20,-18,0,0,1,0,0.21,1.63
11.4,78,78,-2.93,-14,-16,0,0,1,0,0.29,1.64
11.405001,107,107,-3.55,-14,-16,0,0,1,0,0.35,1.24
11.41,161,161,-4.22,-12,-14,0,0,1,0,0.42,1.35
11.415001,180,180,-4.85,-12,-14,0,0,1,0,0.48,1.24
11.42,220,220,-5.3,-10,-10,0,0,1,0,0.53,0.9
11.424999,280,280,-5.79,-10,-10,0,0,1,0,0.58,1
11.43,294,294,-6.34,-4,-6,0,0,1,0,0.63,1.09
11.434999,309,309,-6.59,-4,-6,0,0,1,0,0.66,0.5
11.440001,370,370,-6.73,-2,-2,0,0,1,0,0.67,0.29
11.445,374,374,-6.76,-2,-2,0,0,1,0,0.68,0.06
11.450001,369,369,-7,2,2,0,0,1,0,0.7,0.47
11.455,385,385,-7.08,2,2,0,0,1,0,0.71,0.17
11.459999,382,382,-7.14,6,4,0,0,1,0,0.71,0.1
11.465,382,382,-6.86,6,4,0,0,1,0,0.69,-0.55
11.469999,399,399,-6.82,10,8,0,0,1,0,0.68,-0.07
11.475,371,371,-6.59,10,8,0,0,1,0,0.66,-0.46
11.48,379,379,-6.45,10,8,0,0,1,0,0.64,-0.3
11.485001,365,365,-5.85,10,8,0,0,1,0,0.59,-1.19
11.49,436,436,-5.61,14,12,0,0,1,0,0.56,-0.48
11.495001,345,345,-5.22,14,12,0,0,1,0,0.52,-0.77
11.5,359,359,-4.83,14,14,0,0,1,0,0.48,-0.79
11.504999,342,342,-4.17,14,14,0,0,1,0,0.42,-1.32
11.51,351,351,-3.85,16,14,0,0,1,0,0.39,-0.63
11.514999,275,275,-3.12,16,14,0,0,1,0,0.31,-1.46
11.52,283,283,-2.61,18,16,0,0,1,0,0.26,-1.03
11.525,216,216,-1.75,18,16,0,0,1,0,0.17,-1.72
11.530001,177,177,-1.44,20,16,0,0,1,0,0.14,-0.61
11.535,111,111,-0.57,20,16,0,0,1,0,0.06,-1.75
11.540001,58,58,0.1,18,16,0,0,1,0,-0.01,-1.35
11.545,-12,-12,0.98,18,16,0,0,1,0,-0.1,-1.76
11.549999,-111,-111,1.67,16,16,0,0,1,0,-0.17,-1.38
11.555,-172,-172,2.43,16,16,0,0,1,0,-0.24,-1.52
11.559999,-262,-262,3.12,14,12,0,0,1,0,-0.31,-1.37
11.565001,-329,-329,3.8,14,12,0,0,1,0,-0.38,-1.38
11.57,-410,-410,4.66,8,6,0,0,1,0,-0.47,-1.71
11.575001,-557,-557,5.32,8,6,0,0,1,0,-0.53,-1.32
11.58,-599,-599,5.8,4,6,0,0,1,0,-0.58,-0.96
11.584999,-621,-621,5.94,4,6,0,0,1,0,-0.59,-0.27
11.59,-528,-528,6.3,0,0,0,0,1,0,-0.63,-0.72
11.594999,-651,-651,6.52,0,0,0,0,1,0,-0.65,-0.44
11.6,-616,-616,6.64,-8,-6,0,0,1,0,-0.66,-0.24
11.605,-595,-595,6.37,-8,-6,0,0,1,0,-0.64,0.54
11.610001,-447,-447,6.13,-10,-10,0,0,1,0,-0.61,0.47
11.615,-443,-443,5.89,-10,-10,0,0,1,0,-0.59,0.48
11.620001,-420,-420,5.58,-18,-16,0,0,1,0,-0.56,0.62
11.625,-366,-366,5.08,-18,-16,0,0,1,0,-0.51,1
11.629999,-274,-274,4.64,-20,-20,0,0,1,0,-0.46,0.89
11.635,-256,-256,4.05,-20,-20,0,0,1,0,-0.41,1.17
11.639999,-194,-194,3.28,-18,-20,0,0,1,0,-0.33,1.55
11.645,-122,-122,2.3,-18,-20,0,0,1,0,-0.23,1.96
11.65,-73,-73,1.74,-20,-22,0,0,1,0,-0.17,1.12
11.655001,-83,-83,0.68,-20,-22,0,0,1,0,-0.07,2.13
11.66,-20,-20,-0.04,-18,-18,0,0,1,0,0,1.43
11.665001,3,3,-0.87,-18,-18,0,0,1,0,0.09,1.66
11.67,33,33,-1.57,-16,-14,0,0,1,0,0.16,1.4
11.674999,67,67,-2.15,-16,-14,0,0,1,0,0.21,1.16
11.68,102,102,-2.92,-12,-14,0,0,1,0,0.29,1.54
11.684999,112,112,-3.45,-12,-14,0,0,1,0,0.35,1.07
11.690001,170,170,-4.04,-8,-8,0,0,1,0,0.4,1.17
11.695,190,190,-4.57,-8,-8,0,0,1,0,0.46,1.07
11.700001,225,225,-4.89,-6,-6,0,0,1,0,0.49,0.63
11.705,285,285,-5.31,-6,-6,0,0,1,0,0.53,0.84
11.709999,288,288,-5.79,-2,-4,0,0,1,0,0.58,0.96
11.715,299,299,-5.97,-2,-4,0,0,1,0,0.6,0.37
11.719999,351,351,-6.04,0,-2,0,0,1,0,0.6,0.13
11.725,350,350,-5.97,0,-2,0,0,1,0,0.6,-0.14
11.73,348,348,-6.19,4,2,0,0,1,0,0.62,0.45
11.735001,357,357,-6.3,4,2,0,0,1,0,0.63,0.22
11.74,360,360,-6.21,6,6,0,0,1,0,0.62,-0.19
11.745001,356,356,-5.89,6,6,0,0,1,0,0.59,-0.64
11.75,374,374,-5.95,10,8,0,0,1,0,0.6,0.13
11.754999,347,347,-5.64,10,8,0,0,1,0,0.56,-0.62
11.76,362,362,-5.41,10,10,0,0,1,0,0.54,-0.46
11.764999,335,335,-4.78,10,10,0,0,1,0,0.48,-1.26
11.77,384,384,-4.58,14,14,0,0,1,0,0.46,-0.4
11.775,292,292,-4.06,14,14,0,0,1,0,0.41,-1.04
11.780001,319,319,-3.59,14,14,0,0,1,0,0.36,-0.95
11.785,283,283,-2.92,14,14,0,0,1,0,0.29,-1.32
11.790001,258,258,-2.65,18,18,0,0,1,0,0.27,-0.54
11.795,193,193,-1.94,18,18,0,0,1,0,0.19,-1.44
11.799999,180,180,-1.31,16,16,0,0,1,0,0.13,-1.26
11.805,117,117,-0.53,16,16,0,0,1,0,0.05,-1.56
11.809999,51,51,-0.14,16,16,0,0,1,0,0.01,-0.77
11.815001,11,11,0.64,16,16,0,0,1,0,-0.06,-1.58
11.82,-69,-69,1.34,14,14,0,0,1,0,-0.13,-1.4
11.825001,-138,-138,2.09,14,14,0,0,1,0,-0.21,-1.49
11.83,-222,-222,2.79,12,10,0,0,1,0,-0.28,-1.41
11.834999,-295,-295,3.48,12,10,0,0,1,0,-0.35,-1.39
11.84,-372,-372,4.13,8,8,0,0,1,0,-0.41,-1.3
11.844999,-444,-444,4.62,8,8,0,0,1,0,-0.46,-0.97
11.85,-473,-473,5.22,4,4,0,0,1,0,-0.52,-1.21
11.855,-572,-572,5.62,4,4,0,0,1,0,-0.56,-0.81
11.860001,-581,-581,5.85,0,0,0,0,1,0,-0.58,-0.44
11.865,-543,-543,5.67,0,0,0,0,1,0,-0.57,0.35
11.870001,-423,-423,5.81,-4,-6,0,0,1,0,-0.58,-0.27
11.875,-514,-514,5.91,-4,-6,0,0,1,0,-0.59,-0.22
11.879999,-518,-518,5.89,-10,-10,0,0,1,0,-0.59,0.05
11.885,-481,-481,5.46,-10,-10,0,0,1,0,-0.55,0.85
11.889999,-316,-316,5.17,-12,-14,0,0,1,0,-0.52,0.58
11.895,-342,-342,4.74,-12,-14,0,0,1,0,-0.47,0.86
11.9,-266,-266,4.18,-16,-18,0,0,1,0,-0.42,1.11
11.905001,-206,-206,3.54,-16,-18,0,0,1,0,-0.35,1.28
11.91,-155,-155,3.01,-20,-20,0,0,1,0,-0.3,1.06
11.915001,-148,-148,2.25,-20,-20,0,0,1,0,-0.22,1.54
11.92,-85,-85,1.53,-18,-18,0,0,1,0,-0.15,1.44
11.924999,-61,-61,0.64,-18,-18,0,0,1,0,-0.06,1.77
11.93,-21,-21,-0.06,-16,-16,0,0,1,0,0.01,1.39
11.934999,4,4,-0.82,-16,-16,0,0,1,0,0.08,1.53
11.940001,33,33,-1.55,-12,-14,0,0,1,0,0.16,1.47
11.945,63,63,-2.13,-12,-14,0,0,1,0,0.21,1.16
11.950001,101,101,-2.78,-12,-12,0,0,1,0,0.28,1.29
11.955,123,123,-3.34,-12,-12,0,0,1,0,0.33,1.11
11.959999,161,161,-3.8,-8,-10,0,0,1,0,0.38,0.92
11.965,199,199,-4.27,-8,-10,0,0,1,0,0.43,0.95
11.969999,222,222,-4.9,-4,-4,0,0,1,0,0.49,1.25
11.975,221,221,-5.3,-4,-4,0,0,1,0,0.53,0.8
11.98,292,292,-5.43,-2,-4,0,0,1,0,0.54,0.26
11.985001,330,330,-5.54,-2,-4,0,0,1,0,0.55,0.22
11.99,334,334,-5.85,2,0,0,0,1,0,0.58,0.61
11.995001,334,334,-5.89,2,0,0,0,1,0,0.59,0.08
12,345,345,-5.78,2,4,0,0,1,0,0.58,-0.21
12.004999,342,342,-5.51,2,4,0,0,1,0,0.55,-0.55
12.01,348,348,-5.65,8,8,0,0,1,0,0.56,0.28
12.014999,338,338,-5.54,8,8,0,0,1,0,0.55,-0.22
12.02,333,333,-5.45,10,8,0,0,1,0,0.54,-0.18
12.025,329,329,-4.98,10,8,0,0,1,0,0.5,-0.93
12.030001,363,363,-4.79,12,10,0,0,1,0,0.48,-0.38
12.035,302,302,-4.24,12,10,0,0,1,0,0.42,-1.1
12.040001,336,336,-3.91,12,12,0,0,1,0,0.39,-0.67
12.045,281,281,-3.32,12,12,0,0,1,0,0.33,-1.17
12.049999,278,278,-3.04,14,14,0,0,1,0,0.3,-0.57
12.055,220,220,-2.55,14,14,0,0,1,0,0.26,-0.96
12.059999,208,208,-2.09,16,14,0,0,1,0,0.21,-0.93
12.065001,171,171,-1.27,16,14,0,0,1,0,0.13,-1.63
12.07,126,126,-0.87,16,16,0,0,1,0,0.09,-0.8
12.075001,71,71,-0.07,16,16,0,0,1,0,0.01,-1.6
12.08,5,5,0.57,14,14,0,0,1,0,-0.06,-1.29
12.084999,-57,-57,1.28,14,14,0,0,1,0,-0.13,-1.41
12.09,-132,-132,1.91,12,12,0,0,1,0,-0.19,-1.25
12.094999,-191,-191,2.53,12,12,0,0,1,0,-0.25,-1.24
12.1,-256,-256,3.15,10,10,0,0,1,0,-0.32,-1.25
12.105,-325,-325,3.75,10,10,0,0,1,0,-0.37,-1.19
12.110001,-388,-388,4.44,4,4,0,0,1,0,-0.44,-1.39
12.115,-491,-491,4.91,4,4,0,0,1,0,-0.49,-0.93
12.120001,-504,-504,5.21,4,4,0,0,1,0,-0.52,-0.61
12.125,-500,-500,5.26,4,4,0,0,1,0,-0.53,-0.11
12.129999,-441,-441,5.5,0,-2,0,0,1,0,-0.55,-0.48
12.135,-512,-512,5.71,0,-2,0,0,1,0,-0.57,-0.42
12.139999,-525,-525,5.82,-6,-8,0,0,1,0,-0.58,-0.21
12.145,-507,-507,5.6,-6,-8,0,0,1,0,-0.56,0.44
12.15,-403,-403,5.38,-8,-10,0,0,1,0,-0.54,0.43
12.155001,-387,-387,5.26,-8,-10,0,0,1,0,-0.53,0.25
12.16,-398,-398,4.96,-12,-14,0,0,1,0,-0.5,0.59
12.165001,-323,-323,4.36,-12,-14,0,0,1,0,-0.44,1.21
12.17,-207,-207,3.91,-14,-18,0,0,1,0,-0.39,0.89
12.174999,-210,-210,3.36,-14,-18,0,0,1,0,-0.34,1.1
12.18,-162,-162,2.84,-16,-18,0,0,1,0,-0.28,1.04
12.184999,-140,-140,2.02,-16,-18,0,0,1,0,-0.2,1.64
12.190001,-72,-72,1.5,-18,-20,0,0,1,0,-0.15,1.05
12.195,-73,-73,0.59,-18,-20,0,0,1,0,-0.06,1.81
12.200001,-19,-19,-0.03,-14,-16,0,0,1,0,0,1.25
12.205,3,3,-0.77,-14,-16,0,0,1,0,0.08,1.48
12.209999,32,32,-1.41,-12,-14,0,0,1,0,0.14,1.27
12.215,64,64,-1.89,-12,-14,0,0,1,0,0.19,0.96
12.219999,97,97,-2.5,-10,-12,0,0,1,0,0.25,1.21
12.225,116,116,-2.99,-10,-12,0,0,1,0,0.3,0.98
12.23,153,153,-3.43,-6,-8,0,0,1,0,0.34,0.89
12.235001,183,183,-3.79,-6,-8,0,0,1,0,0.38,0.72
12.24,218,218,-3.99,-6,-8,0,0,1,0,0.4,0.4
12.245001,264,264,-4.33,-6,-8,0,0,1,0,0.43,0.66
12.25,253,253,-4.76,-2,-2,0,0,1,0,0.48,0.86
12.254999,256,256,-4.87,-2,-2,0,0,1,0,0.49,0.22
12.26,306,306,-4.88,0,0,0,0,1,0,0.49,0.02
12.264999,307,307,-4.83,0,0,0,0,1,0,0.48,-0.09
12.27,305,305,-5.11,4,4,0,0,1,0,0.51,0.56
12.275,303,303,-5.13,4,4,0,0,1,0,0.51,0.04
12.280001,317,317,-4.99,6,6,0,0,1,0,0.5,-0.28
12.285,311,311,-4.65,6,6,0,0,1,0,0.46,-0.7
12.290001,324,324,-4.62,8,8,0,0,1,0,0.46,-0.05
12.295,296,296,-4.25,8,8,0,0,1,0,0.43,-0.73
12.299999,306,306,-3.88,10,8,0,0,1,0,0.39,-0.75
12.305,286,286,-3.4,10,8,0,0,1,0,0.34,-0.95
12.309999,271,271,-3.24,12,12,0,0,1,0,0.32,-0.33
12.315001,222,222,-2.67,12,12,0,0,1,0,0.27,-1.14
12.32,226,226,-2.06,12,10,0,0,1,0,0.21,-1.21
12.325001,180,180,-1.39,12,10,0,0,1,0,0.14,-1.34
12.33,127,127,-1.18,14,14,0,0,1,0,0.12,-0.42
12.334999,87,87,-0.53,14,14,0,0,1,0,0.05,-1.3
12.34,48,48,0.02,12,12,0,0,1,0,0,-1.11
12.344999,-4,-4,0.72,12,12,0,0,1,0,-0.07,-1.39
12.35,-74,-74,1.3,12,12,0,0,1,0,-0.13,-1.15
12.355,-126,-126,1.93,12,12,0,0,1,0,-0.19,-1.27
12.360001,-194,-194,2.54,10,10,0,0,1,0,-0.25,-1.22
12.365,-256,-256,3.08,10,10,0,0,1,0,-0.31,-1.09
12.370001,-306,-306,3.86,4,4,0,0,1,0,-0.39,-1.56
12.375,-434,-434,4.31,4,4,0,0,1,0,-0.43,-0.89
12.379999,-429,-429,4.76,4,4,0,0,1,0,-0.48,-0.89
12.385,-482,-482,4.86,4,4,0,0,1,0,-0.49,-0.21
12.389999,-414,-414,5.23,-2,-2,0,0,1,0,-0.52,-0.74
12.395,-522,-522,5.43,-2,-2,0,0,1,0,-0.54,-0.41
12.4,-493,-493,5.51,-4,-6,0,0,1,0,-0.55,-0.15
12.405001,-470,-470,5.24,-4,-6,0,0,1,0,-0.52,0.54
12.41,-354,-354,5.15,-10,-10,0,0,1,0,-0.51,0.18
12.415001,-397,-397,5.01,-10,-10,0,0,1,0,-0.5,0.27
12.42,-375,-375,4.78,-12,-12,0,0,1,0,-0.48,0.46
12.424999,-331,-331,4.22,-12,-12,0,0,1,0,-0.42,1.13
12.43,-207,-207,3.78,-16,-14,0,0,1,0,-0.38,0.87
12.434999,-203,-203,3.11,-16,-14,0,0,1,0,-0.31,1.33
12.440001,-132,-132,2.53,-16,-18,0,0,1,0,-0.25,1.16
12.445,-118,-118,1.68,-16,-18,0,0,1,0,-0.17,1.7
12.450001,-58,-58,1.12,-16,-16,0,0,1,0,-0.11,1.13
12.455,-53,-53,0.29,-16,-16,0,0,1,0,-0.03,1.65
12.459999,-9,-9,-0.33,-12,-14,0,0,1,0,0.03,1.25
12.465,16,16,-1.02,-12,-14,0,0,1,0,0.1,1.39
12.469999,44,44,-1.63,-10,-12,0,0,1,0,0.16,1.21
12.475,76,76,-2.19,-10,-12,0,0,1,0,0.22,1.13
12.48,105,105,-2.86,-10,-8,0,0,1,0,0.29,1.33
12.485001,124,124,-3.35,-10,-8,0,0,1,0,0.34,0.98
12.49,171,171,-3.9,-6,-6,0,0,1,0,0.39,1.09
12.495001,190,190,-4.45,-6,-6,0,0,1,0,0.45,1.11
12.5,215,215,-4.68,-6,-6,0,0,1,0,0.47,0.45
12.504999,292,292,-4.98,-6,-6,0,0,1,0,0.5,0.61
12.51,292,292,-5.44,-2,0,0,0,1,0,0.54,0.93
12.514999,285,285,-5.67,-2,0,0,0,1,0,0.57,0.45
12.52,336,336,-5.7,0,0,0,0,1,0,0.57,0.06
12.525,338,338,-5.65,0,0,0,0,1,0,0.56,-0.11
12.530001,336,336,-5.89,6,4,0,0,1,0,0.59,0.49
12.535,343,343,-6.02,6,4,0,0,1,0,0.6,0.26
12.540001,351,351,-5.95,8,4,0,0,1,0,0.6,-0.13
12.545,347,347,-5.63,8,4,0,0,1,0,0.56,-0.65
12.549999,365,365,-5.67,10,8,0,0,1,0,0.57,0.09
12.555,338,338,-5.42,10,8,0,0,1,0,0.54,-0.52
12.559999,341,341,-5.41,12,10,0,0,1,0,0.54,-0.02
12.565001,328,328,-4.87,12,10,0,0,1,0,0.49,-1.07
12.57,370,370,-4.71,14,12,0,0,1,0,0.47,-0.33
12.575001,298,298,-4.26,14,12,0,0,1,0,0.43,-0.88
12.58,320,320,-3.83,14,12,0,0,1,0,0.38,-0.86
12.584999,292,292,-3.25,14,12,0,0,1,0,0.32,-1.17
12.59,273,273,-3.06,16,14,0,0,1,0,0.31,-0.39
12.594999,210,210,-2.58,16,14,0,0,1,0,0.26,-0.96
12.6,210,210,-2.1,16,16,0,0,1,0,0.21,-0.95
12.605,173,173,-1.37,16,16,0,0,1,0,0.14,-1.45
12.610001,129,129,-1.02,16,18,0,0,1,0,0.1,-0.71
12.615,81,81,-0.26,16,18,0,0,1,0,0.03,-1.51
12.620001,24,24,0.32,16,14,0,0,1,0,-0.03,-1.16
12.625,-32,-32,1,16,14,0,0,1,0,-0.1,-1.36
12.629999,-101,-101,1.67,14,12,0,0,1,0,-0.17,-1.35
12.635,-171,-171,2.34,14,12,0,0,1,0,-0.23,-1.34
12.639999,-242,-242,3,10,10,0,0,1,0,-0.3,-1.31
12.645,-312,-312,3.59,10,10,0,0,1,0,-0.36,-1.18
12.65,-367,-367,4.37,6,6,0,0,1,0,-0.44,-1.57
12.655001,-500,-500,4.8,6,6,0,0,1,0,-0.48,-0.86
12.66,-484,-484,5.08,4,4,0,0,1,0,-0.51,-0.56
12.665001,-480,-480,5.16,4,4,0,0,1,0,-0.52,-0.15
12.67,-436,-436,5.55,-2,0,0,0,1,0,-0.55,-0.79
12.674999,-569,-569,5.97,-2,0,0,0,1,0,-0.6,-0.85
12.68,-631,-631,6.21,-8,-6,0,0,1,0,-0.62,-0.48
12.684999,-591,-591,6.07,-8,-6,0,0,1,0,-0.61,0.28
12.690001,-469,-469,6.06,-10,-10,0,0,1,0,-0.61,0.02
12.695,-501,-501,6.13,-10,-10,0,0,1,0,-0.61,-0.14
12.700001,-529,-529,6.14,-16,-16,0,0,1,0,-0.61,-0.01
12.705,-512,-512,5.76,-16,-16,0,0,1,0,-0.58,0.76
12.709999,-352,-352,5.51,-16,-18,0,0,1,0,-0.55,0.49
12.715,-385,-385,5.22,-16,-18,0,0,1,0,-0.52,0.58
12.719999,-346,-346,4.69,-20,-22,0,0,1,0,-0.47,1.06
12.725,-242,-242,3.97,-20,-22,0,0,1,0,-0.4,1.43
12.73,-164,-164,3.45,-22,-22,0,0,1,0,-0.34,1.05
12.735001,-170,-170,2.85,-22,-22,0,0,1,0,-0.29,1.19
12.74,-132,-132,2.23,-22,-22,0,0,1,0,-0.22,1.26
12.745001,-99,-99,1.52,-22,-22,0,0,1,0,-0.15,1.4
12.75,-62,-62,1.14,-20,-22,0,0,1,0,-0.11,0.77
12.754999,-62,-62,0.5,-20,-22,0,0,1,0,-0.05,1.27
12.76,-21,-21,0.01,-18,-18,0,0,1,0,0,0.98
12.764999,0,0,-0.39,-18,-18,0,0,1,0,0.04,0.8
12.77,21,21,-0.75,-16,-16,0,0,1,0,0.08,0.74
12.775,43,43,-1.06,-16,-16,0,0,1,0,0.11,0.62
12.780001,65,65,-1.5,-14,-16,0,0,1,0,0.15,0.88
12.785,80,80,-1.8,-14,-16,0,0,1,0,0.18,0.6
12.790001,111,111,-2.07,-10,-12,0,0,1,0,0.21,0.53
12.795,132,132,-2.36,-10,-12,0,0,1,0,0.24,0.58
12.799999,147,147,-2.52,-8,-10,0,0,1,0,0.25,0.33
12.805,174,174,-2.71,-8,-10,0,0,1,0,0.27,0.38
12.809999,186,186,-2.91,-4,-6,0,0,1,0,0.29,0.4
12.815001,199,199,-2.98,-4,-6,0,0,1,0,0.3,0.13
12.82,208,208,-3.01,-2,-4,0,0,1,0,0.3,0.06
12.825001,211,211,-2.95,-2,-4,0,0,1,0,0.3,-0.11
12.83,207,207,-3.1,2,0,0,0,1,0,0.31,0.31
12.834999,213,213,-2.92,2,0,0,0,1,0,0.29,-0.36
12.84,203,203,-2.72,2,0,0,0,1,0,0.27,-0.4
12.844999,190,190,-2.36,2,0,0,0,1,0,0.24,-0.72
12.85,183,183,-2.43,4,4,0,0,1,0,0.24,0.14
12.855,172,172,-2.37,4,4,0,0,1,0,0.24,-0.13
12.860001,169,169,-2.02,6,2,0,0,1,0,0.2,-0.7
12.865,156,156,-1.58,6,2,0,0,1,0,0.16,-0.88
12.870001,129,129,-1.37,8,6,0,0,1,0,0.14,-0.41
12.875,100,100,-1.05,8,6,0,0,1,0,0.11,-0.64
12.879999,82,82,-0.75,6,6,0,0,1,0,0.07,-0.61
12.885,58,58,-0.37,6,6,0,0,1,0,0.04,-0.74
12.889999,30,30,0,6,6,0,0,1,0,0,-0.75
12.895,-1,-1,0.36,6,6,0,0,1,0,-0.04,-0.71
12.9,-31,-31,0.72,6,4,0,0,1,0,-0.07,-0.72
12.905001,-62,-62,1.03,6,4,0,0,1,0,-0.1,-0.62
12.91,-88,-88,1.38,6,2,0,0,1,0,-0.14,-0.71
12.915001,-121,-121,1.64,6,2,0,0,1,0,-0.16,-0.52
12.92,-138,-138,1.94,2,2,0,0,1,0,-0.19,-0.61
12.924999,-169,-169,2.19,2,2,0,0,1,0,-0.22,-0.5
12.93,-187,-187,2.54,0,-2,0,0,1,0,-0.25,-0.69
12.934999,-228,-228,2.6,0,-2,0,0,1,0,-0.26,-0.12
12.940001,-207,-207,2.56,0,0,0,0,1,0,-0.26,0.08
12.945,-194,-194,2.5,0,0,0,0,1,0,-0.25,0.13
12.950001,-186,-186,2.65,-4,-4,0,0,1,0,-0.27,-0.32
12.955,-221,-221,2.84,-4,-4,0,0,1,0,-0.28,-0.37
12.959999,-240,-240,2.75,-2,-6,0,0,1,0,-0.27,0.18
12.965,-201,-201,2.46,-2,-6,0,0,1,0,-0.25,0.56
12.969999,-155,-155,2.48,-6,-6,0,0,1,0,-0.25,-0.03
12.975,-193,-193,2.23,-6,-6,0,0,1,0,-0.22,0.49
12.98,-146,-146,2.1,-4,-8,0,0,1,0,-0.21,0.27
12.985001,-150,-150,1.55,-4,-8,0,0,1,0,-0.15,1.1
12.99,-74,-74,1.32,-8,-8,0,0,1,0,-0.13,0.46
12.995001,-88,-88,0.89,-8,-8,0,0,1,0,-0.09,0.85
13,-47,-47,0.66,-8,-6,0,0,1,0,-0.07,0.47
13.004999,-43,-43,0.21,-8,-6,0,0,1,0,-0.02,0.89
13.01,-10,-10,-0.2,-6,-8,0,0,1,0,0.02,0.81
13.014999,11,11,-0.48,-6,-8,0,0,1,0,0.05,0.56
13.02,30,30,-0.86,-6,-8,0,0,1,0,0.09,0.76
13.025,48,48,-1.15,-6,-8,0,0,1,0,0.12,0.58
13.030001,72,72,-1.55,-2,-6,0,0,1,0,0.16,0.81
13.035,84,84,-1.83,-2,-6,0,0,1,0,0.18,0.56
13.040001,116,116,-1.97,-2,-4,0,0,1,0,0.2,0.27
13.045,138,138,-2.18,-2,-4,0,0,1,0,0.22,0.43
13.049999,147,147,-2.5,0,0,0,0,1,0,0.25,0.63
13.055,151,151,-2.69,0,0,0,0,1,0,0.27,0.37
13.059999,184,184,-2.75,0,0,0,0,1,0,0.28,0.13
13.065001,193,193,-2.86,0,0,0,0,1,0,0.29,0.22
13.07,198,198,-3.07,4,2,0,0,1,0,0.31,0.41
13.075001,208,208,-3,4,2,0,0,1,0,0.3,-0.12
13.08,210,210,-3,4,4,0,0,1,0,0.3,0
13.084999,211,211,-3.13,4,4,0,0,1,0,0.31,0.25
13.09,215,215,-3.57,6,6,0,0,1,0,0.36,0.88
13.094999,191,191,-3.63,6,6,0,0,1,0,0.36,0.11
13.1,248,248,-3.38,6,6,0,0,1,0,0.34,-0.5
13.105,237,237,-3.12,6,6,0,0,1,0,0.31,-0.51
13.110001,222,222,-3.15,10,8,0,0,1,0,0.32,0.06
13.115,220,220,-2.82,10,8,0,0,1,0,0.28,-0.66
13.120001,212,212,-2.59,10,10,0,0,1,0,0.26,-0.46
13.125,185,185,-2.36,10,10,0,0,1,0,0.24,-0.48
13.129999,170,170,-2.37,12,12,0,0,1,0,0.24,0.03
13.135,170,170,-2.11,12,12,0,0,1,0,0.21,-0.52
13.139999,156,156,-1.64,10,10,0,0,1,0,0.16,-0.94
13.145,136,136,-1.27,10,10,0,0,1,0,0.13,-0.73
13.15,101,101,-1.01,12,12,0,0,1,0,0.1,-0.51
13.155001,77,77,-0.62,12,12,0,0,1,0,0.06,-0.78
13.16,50,50,-0.36,10,8,0,0,1,0,0.04,-0.53
13.165001,27,27,-0.06,10,8,0,0,1,0,0.01,-0.59
13.17,4,4,0.33,10,8,0,0,1,0,-0.03,-0.79
13.174999,-30,-30,0.65,10,8,0,0,1,0,-0.07,-0.63
13.18,-56,-56,1,8,8,0,0,1,0,-0.1,-0.7
13.184999,-87,-87,1.24,8,8,0,0,1,0,-0.12,-0.48
13.190001,-103,-103,1.5,6,6,0,0,1,0,-0.15,-0.53
13.195,-127,-127,1.63,6,6,0,0,1,0,-0.16,-0.26
13.200001,-131,-131,1.78,4,4,0,0,1,0,-0.18,-0.3
13.205,-145,-145,1.87,4,4,0,0,1,0,-0.19,-0.17
13.209999,-149,-149,2.06,0,0,0,0,1,0,-0.21,-0.38
13.215,-171,-171,1.99,0,0,0,0,1,0,-0.2,0.14
13.219999,-148,-148,1.94,0,0,0,0,1,0,-0.19,0.09
13.225,-147,-147,1.86,0,0,0,0,1,0,-0.19,0.17
13.23,-137,-137,1.77,-2,-4,0,0,1,0,-0.18,0.17
13.235001,-131,-131,1.49,-2,-4,0,0,1,0,-0.15,0.57
13.24,-93,-93,1.32,-2,-4,0,0,1,0,-0.13,0.33
13.245001,-93,-93,1.13,-2,-4,0,0,1,0,-0.11,0.4
13.25,-78,-78,0.98,-4,-4,0,0,1,0,-0.1,0.29
13.254999,-70,-70,0.79,-4,-4,0,0,1,0,-0.08,0.37
13.26,-55,-55,0.54,-4,-4,0,0,1,0,-0.05,0.5
13.264999,-35,-35,0.21,-4,-4,0,0,1,0,-0.02,0.67
13.27,-12,-12,-0.08,-4,-4,0,0,1,0,0.01,0.58
13.275,5,5,-0.38,-4,-4,0,0,1,0,0.04,0.59
13.280001,24,24,-0.7,-2,-4,0,0,1,0,0.07,0.65
13.285,42,42,-0.96,-2,-4,0,0,1,0,0.1,0.5
13.290001,62,62,-1.31,-2,0,0,0,1,0,0.13,0.7
13.295,76,76,-1.57,-2,0,0,0,1,0,0.16,0.53
13.299999,101,101,-1.83,0,-2,0,0,1,0,0.18,0.5
13.305,119,119,-2.11,0,-2,0,0,1,0,0.21,0.56
13.309999,132,132,-2.34,2,2,0,0,1,0,0.23,0.47
13.315001,155,155,-2.46,2,2,0,0,1,0,0.25,0.23
13.32,171,171,-2.47,2,2,0,0,1,0,0.25,0.02
13.325001,176,176,-2.57,2,2,0,0,1,0,0.26,0.2
13.33,179,179,-2.8,4,4,0,0,1,0,0.28,0.47
13.334999,185,185,-2.96,4,4,0,0,1,0,0.3,0.31
13.34,203,203,-2.91,2,4,0,0,1,0,0.29,-0.1
13.344999,204,204,-2.87,2,4,0,0,1,0,0.29,-0.08
13.35,202,202,-2.92,6,6,0,0,1,0,0.29,0.1
13.355,204,204,-2.85,6,6,0,0,1,0,0.28,-0.14
13.360001,200,200,-2.77,4,6,0,0,1,0,0.28,-0.15
13.365,195,195,-2.52,4,6,0,0,1,0,0.25,-0.5
13.370001,182,182,-2.57,8,10,0,0,1,0,0.26,0.08
13.375,181,181,-2.51,8,10,0,0,1,0,0.25,-0.12
13.379999,178,178,-2.31,6,6,0,0,1,0,0.23,-0.39
13.385,163,163,-1.89,6,6,0,0,1,0,0.19,-0.83
13.389999,152,152,-1.83,10,10,0,0,1,0,0.18,-0.12
13.395,133,133,-1.56,10,10,0,0,1,0,0.16,-0.54
13.4,118,118,-1.28,8,10,0,0,1,0,0.13,-0.57
13.405001,98,98,-0.92,8,10,0,0,1,0,0.09,-0.73
13.41,73,73,-0.56,8,10,0,0,1,0,0.06,-0.72
13.415001,44,44,-0.16,8,10,0,0,1,0,0.02,-0.79
13.42,12,12,0.19,8,8,0,0,1,0,-0.02,-0.72
13.424999,-18,-18,0.51,8,8,0,0,1,0,-0.05,-0.62
13.43,-43,-43,0.84,8,6,0,0,1,0,-0.08,-0.67
13.434999,-73,-73,1.07,8,6,0,0,1,0,-0.11,-0.46
13.440001,-88,-88,1.34,6,6,0,0,1,0,-0.13,-0.53
13.445,-113,-113,1.5,6,6,0,0,1,0,-0.15,-0.33
13.450001,-122,-122,1.69,4,2,0,0,1,0,-0.17,-0.37
13.455,-138,-138,1.73,4,2,0,0,1,0,-0.17,-0.08
13.459999,-136,-136,1.8,2,2,0,0,1,0,-0.18,-0.14
13.465,-143,-143,1.85,2,2,0,0,1,0,-0.19,-0.11
13.469999,-146,-146,2.11,0,-2,0,0,1,0,-0.21,-0.52
13.475,-181,-181,2.1,0,-2,0,0,1,0,-0.21,0.03
13.48,-161,-161,1.99,-2,0,0,0,1,0,-0.2,0.21
13.485001,-145,-145,1.8,-2,0,0,0,1,0,-0.18,0.38
13.49,-125,-125,1.79,-4,-4,0,0,1,0,-0.18,0.02
13.495001,-138,-138,1.76,-4,-4,0,0,1,0,-0.18,0.06
13.5,-134,-134,1.55,-4,-4,0,0,1,0,-0.15,0.43
13.504999,-105,-105,1.37,-4,-4,0,0,1,0,-0.14,0.36
13.51,-95,-95,1.34,-6,-6,0,0,1,0,-0.13,0.05
13.514999,-103,-103,1.38,-6,-6,0,0,1,0,-0.14,-0.07
13.52,-108,-108,1.21,-4,-4,0,0,1,0,-0.12,0.34
13.525,-85,-85,1.03,-4,-4,0,0,1,0,-0.1,0.34
13.530001,-73,-73,0.98,-4,-6,0,0,1,0,-0.1,0.1
13.535,-74,-74,1.08,-4,-6,0,0,1,0,-0.11,-0.19
13.540001,-86,-86,1.05,-4,-4,0,0,1,0,-0.1,0.07
13.545,-80,-80,0.95,-4,-4,0,0,1,0,-0.1,0.19
13.549999,-70,-70,0.99,-4,-6,0,0,1,0,-0.1,-0.09
13.555,-78,-78,1.15,-4,-6,0,0,1,0,-0.11,-0.31
13.559999,-92,-92,1.2,-2,-4,0,0,1,0,-0.12,-0.1
13.565001,-94,-94,1.19,-2,-4,0,0,1,0,-0.12,0.01
13.57,-92,-92,1.34,-4,-6,0,0,1,0,-0.13,-0.29
13.575001,-108,-108,1.59,-4,-6,0,0,1,0,-0.16,-0.51
13.58,-134,-134,1.69,-4,-4,0,0,1,0,-0.17,-0.2
13.584999,-135,-135,1.74,-4,-4,0,0,1,0,-0.17,-0.09
13.59,-137,-137,2,-6,-6,0,0,1,0,-0.2,-0.52
13.594999,-171,-171,2.3,-6,-6,0,0,1,0,-0.23,-0.6
13.6,-202,-202,2.43,-4,-6,0,0,1,0,-0.24,-0.25
13.605,-198,-198,2.46,-4,-6,0,0,1,0,-0.25,-0.05
13.610001,-192,-192,2.85,-8,-8,0,0,1,0,-0.28,-0.79
13.615,-263,-263,3.16,-8,-8,0,0,1,0,-0.32,-0.62
13.620001,-284,-284,3.29,-8,-6,0,0,1,0,-0.33,-0.27
13.625,-275,-275,3.16,-8,-6,0,0,1,0,-0.32,0.26
13.629999,-226,-226,3.45,-12,-12,0,0,1,0,-0.34,-0.57
13.635,-310,-310,3.57,-12,-12,0,0,1,0,-0.36,-0.25
13.639999,-298,-298,3.75,-10,-10,0,0,1,0,-0.37,-0.35
13.645,-323,-323,3.48,-10,-10,0,0,1,0,-0.35,0.54
13.65,-220,-220,3.63,-14,-12,0,0,1,0,-0.36,-0.3
13.655001,-307,-307,3.43,-14,-12,0,0,1,0,-0.34,0.39
13.66,-234,-234,3.45,-12,-14,0,0,1,0,-0.34,-0.03
13.665001,-269,-269,3.1,-12,-14,0,0,1,0,-0.31,0.68
13.67,-182,-182,3.15,-14,-14,0,0,1,0,-0.31,-0.09
13.674999,-250,-250,2.93,-14,-14,0,0,1,0,-0.29,0.43
13.68,-197,-197,2.83,-12,-14,0,0,1,0,-0.28,0.21
13.684999,-206,-206,2.42,-12,-14,0,0,1,0,-0.24,0.82
13.690001,-131,-131,2.39,-14,-16,0,0,1,0,-0.24,0.07
13.695,-181,-181,1.97,-14,-16,0,0,1,0,-0.2,0.83
13.700001,-105,-105,1.74,-12,-14,0,0,1,0,-0.17,0.47
13.705,-115,-115,1.35,-12,-14,0,0,1,0,-0.13,0.78
13.709999,-73,-73,1.15,-12,-14,0,0,1,0,-0.11,0.4
13.715,-79,-79,0.78,-12,-14,0,0,1,0,-0.08,0.73
13.719999,-44,-44,0.51,-10,-12,0,0,1,0,-0.05,0.55
13.725,-32,-32,0.24,-10,-12,0,0,1,0,-0.02,0.54
13.73,-15,-15,-0.03,-10,-10,0,0,1,0,0,0.54
13.735001,2,2,-0.25,-10,-10,0,0,1,0,0.03,0.44
13.74,17,17,-0.58,-10,-10,0,0,1,0,0.06,0.65
13.745001,35,35,-0.82,-10,-10,0,0,1,0,0.08,0.49
13.75,54,54,-1.14,-6,-6,0,0,1,0,0.11,0.63
13.754999,69,69,-1.37,-6,-6,0,0,1,0,0.14,0.46
13.76,91,91,-1.54,-6,-6,0,0,1,0,0.15,0.34
13.764999,107,107,-1.67,-6,-6,0,0,1,0,0.17,0.28
13.77,117,117,-1.8,-2,-2,0,0,1,0,0.18,0.25
13.775,126,126,-1.91,-2,-2,0,0,1,0,0.19,0.22
13.780001,134,134,-1.96,-2,-2,0,0,1,0,0.2,0.11
13.785,140,140,-2.01,-2,-2,0,0,1,0,0.2,0.1
13.790001,144,144,-2.15,2,0,0,0,1,0,0.21,0.27
13.795,150,150,-2.09,2,0,0,0,1,0,0.21,-0.11
13.799999,151,151,-2,2,0,0,0,1,0,0.2,-0.18
13.805,144,144,-2,2,0,0,0,1,0,0.2,0
13.809999,145,145,-2.25,6,4,0,0,1,0,0.22,0.48
13.815001,147,147,-2.35,6,4,0,0,1,0,0.23,0.2
13.82,164,164,-2.23,4,2,0,0,1,0,0.22,-0.23
13.825001,159,159,-2.09,4,2,0,0,1,0,0.21,-0.28
13.83,150,150,-2.2,8,6,0,0,1,0,0.22,0.22
13.834999,154,154,-2.08,8,6,0,0,1,0,0.21,-0.25
13.84,149,149,-1.95,6,6,0,0,1,0,0.2,-0.26
13.844999,140,140,-1.78,6,6,0,0,1,0,0.18,-0.33
13.85,129,129,-1.74,8,6,0,0,1,0,0.17,-0.09
13.855,126,126,-1.65,8,6,0,0,1,0,0.16,-0.18
13.860001,120,120,-1.44,6,6,0,0,1,0,0.14,-0.41
13.865,105,105,-1.33,6,6,0,0,1,0,0.13,-0.22
13.870001,98,98,-1.26,8,8,0,0,1,0,0.13,-0.15
13.875,93,93,-1.17,8,8,0,0,1,0,0.12,-0.16
13.879999,87,87,-1.06,8,6,0,0,1,0,0.11,-0.23
13.885,78,78,-0.96,8,6,0,0,1,0,0.1,-0.19
13.889999,71,71,-0.89,8,6,0,0,1,0,0.09,-0.15
13.895,66,66,-0.88,8,6,0,0,1,0,0.09,-0.01
13.9,66,66,-0.79,8,6,0,0,1,0,0.08,-0.19
13.905001,59,59,-0.77,8,6,0,0,1,0,0.08,-0.04
13.91,58,58,-0.73,6,6,0,0,1,0,0.07,-0.08
13.915001,55,55,-0.73,6,6,0,0,1,0,0.07,-0.01
13.92,54,54,-0.67,6,4,0,0,1,0,0.07,-0.12
13.924999,50,50,-0.69,6,4,0,0,1,0,0.07,0.05
13.93,51,51,-0.68,6,6,0,0,1,0,0.07,-0.04
13.934999,51,51,-0.82,6,6,0,0,1,0,0.08,0.3
13.940001,58,58,-0.84,4,6,0,0,1,0,0.08,0.03
13.945,62,62,-0.94,4,6,0,0,1,0,0.09,0.2
13.950001,67,67,-0.98,4,6,0,0,1,0,0.1,0.08
13.955,72,72,-1.11,4,6,0,0,1,0,0.11,0.26
13.959999,78,78,-1.21,6,4,0,0,1,0,0.12,0.21
13.965,87,87,-1.39,6,4,0,0,1,0,0.14,0.35
13.969999,97,97,-1.63,4,6,0,0,1,0,0.16,0.48
13.975,107,107,-1.83,4,6,0,0,1,0,0.18,0.41
13.98,125,125,-1.87,4,4,0,0,1,0,0.19,0.07
13.985001,135,135,-1.98,4,4,0,0,1,0,0.2,0.23
13.99,139,139,-2.27,6,4,0,0,1,0,0.23,0.57
13.995001,142,142,-2.54,6,4,0,0,1,0,0.25,0.55
14,161,161,-2.55,6,4,0,0,1,0,0.25,0
14.004999,182,182,-2.63,6,4,0,0,1,0,0.26,0.17
14.01,184,184,-2.94,8,8,0,0,1,0,0.29,0.61
14.014999,180,180,-3.27,8,8,0,0,1,0,0.33,0.66
14.02,195,195,-3.37,8,8,0,0,1,0,0.34,0.2
14.025,232,232,-3.41,8,8,0,0,1,0,0.34,0.08
14.030001,236,236,-3.73,8,10,0,0,1,0,0.37,0.64
14.035,224,224,-3.99,8,10,0,0,1,0,0.4,0.52
14.040001,250,250,-3.98,8,8,0,0,1,0,0.4,-0.02
14.045,267,267,-4.01,8,8,0,0,1,0,0.4,0.07
14.049999,268,268,-4.27,10,12,0,0,1,0,0.43,0.52
14.055,265,265,-4.43,10,12,0,0,1,0,0.44,0.31
14.059999,286,286,-4.52,10,10,0,0,1,0,0.45,0.18
14.065001,291,291,-4.39,10,10,0,0,1,0,0.44,-0.26
14.07,284,284,-4.53,14,12,0,0,1,0,0.45,0.29
14.075001,291,291,-4.42,14,12,0,0,1,0,0.44,-0.23
14.08,286,286,-4.29,12,12,0,0,1,0,0.43,-0.26
14.084999,279,279,-4.04,12,12,0,0,1,0,0.4,-0.5
14.09,274,274,-4.11,14,14,0,0,1,0,0.41,0.15
14.094999,272,272,-3.83,14,14,0,0,1,0,0.38,-0.55
14.1,267,267,-3.68,14,14,0,0,1,0,0.37,-0.32
14.105,247,247,-3.3,14,14,0,0,1,0,0.33,-0.74
14.110001,250,250,-3.22,18,16,0,0,1,0,0.32,-0.17
14.115,223,223,-2.92,18,16,0,0,1,0,0.29,-0.6
14.120001,214,214,-2.53,14,14,0,0,1,0,0.25,-0.79
14.125,198,198,-2.15,14,14,0,0,1,0,0.22,-0.74
14.129999,169,169,-1.85,16,18,0,0,1,0,0.19,-0.61
14.135,141,141,-1.33,16,18,0,0,1,0,0.13,-1.03
14.139999,114,114,-0.88,16,14,0,0,1,0,0.09,-0.91
14.145,73,73,-0.48,16,14,0,0,1,0,0.05,-0.8
14.15,39,39,-0.04,14,14,0,0,1,0,0,-0.88
14.155001,2,2,0.44,14,14,0,0,1,0,-0.04,-0.96
14.16,-41,-41,1.04,14,14,0,0,1,0,-0.1,-1.19
14.165001,-101,-101,1.53,14,14,0,0,1,0,-0.15,-1
14.17,-144,-144,2.1,10,10,0,0,1,0,-0.21,-1.14
14.174999,-206,-206,2.58,10,10,0,0,1,0,-0.26,-0.96
14.18,-246,-246,3.14,8,8,0,0,1,0,-0.31,-1.12
14.184999,-314,-314,3.62,8,8,0,0,1,0,-0.36,-0.96
14.190001,-355,-355,4.32,4,2,0,0,1,0,-0.43,-1.41
14.195,-478,-478,4.79,4,2,0,0,1,0,-0.48,-0.94
14.200001,-491,-491,5.06,2,2,0,0,1,0,-0.51,-0.54
14.205,-474,-474,5.18,2,2,0,0,1,0,-0.52,-0.23
14.209999,-446,-446,5.61,-2,-4,0,0,1,0,-0.56,-0.87
14.215,-587,-587,6.14,-2,-4,0,0,1,0,-0.61,-1.06
14.219999,-678,-678,6.35,-8,-8,0,0,1,0,-0.64,-0.42
14.225,-592,-592,6.18,-8,-8,0,0,1,0,-0.62,0.35
14.23,-470,-470,6.27,-12,-12,0,0,1,0,-0.63,-0.19
14.235001,-551,-551,6.45,-12,-12,0,0,1,0,-0.64,-0.34
14.24,-590,-590,6.68,-18,-18,0,0,1,0,-0.67,-0.46
14.245001,-638,-638,6.5,-18,-18,0,0,1,0,-0.65,0.36
14.25,-497,-497,6.43,-20,-20,0,0,1,0,-0.64,0.14
14.254999,-521,-521,6.2,-20,-20,0,0,1,0,-0.62,0.46
14.26,-450,-450,5.85,-24,-26,0,0,1,0,-0.59,0.69
14.264999,-374,-374,5.28,-24,-26,0,0,1,0,-0.53,1.16
14.27,-269,-269,4.94,-24,-26,0,0,1,0,-0.49,0.67
14.275,-308,-308,4.6,-24,-26,0,0,1,0,-0.46,0.68
14.280001,-283,-283,4.14,-26,-26,0,0,1,0,-0.41,0.93
14.285,-220,-220,3.44,-26,-26,0,0,1,0,-0.34,1.4
14.290001,-140,-140,3.09,-24,-28,0,0,1,0,-0.31,0.7
14.295,-179,-179,2.22,-24,-28,0,0,1,0,-0.22,1.73
14.299999,-77,-77,1.7,-24,-26,0,0,1,0,-0.17,1.05
14.305,-83,-83,1.02,-24,-26,0,0,1,0,-0.1,1.35
14.309999,-43,-43,0.53,-22,-22,0,0,1,0,-0.05,0.99
14.315001,-26,-26,-0.12,-22,-22,0,0,1,0,0.01,1.29
14.32,6,6,-0.72,-18,-58,0,0,1,0,0.07,1.19
14.325001,34,34,-1.18,-18,-58,0,0,1,0,0.12,0.93
14.33,62,62,-1.77,-16,-16,0,0,1,0,0.18,1.18
14.334999,84,84,-2.1,-16,-16,0,0,1,0,0.21,0.66
14.34,125,125,-2.37,-12,-12,0,0,1,0,0.24,0.54
14.344999,151,151,-2.53,-12,-12,0,0,1,0,0.25,0.33
14.35,174,174,-2.91,-8,-10,0,0,1,0,0.29,0.76
14.355,164,164,-3.16,-8,-10,0,0,1,0,0.32,0.5
14.360001,205,205,-3.19,-6,-8,0,0,1,0,0.32,0.05
14.365,222,222,-3.24,-6,-8,0,0,1,0,0.32,0.1
14.370001,225,225,-3.45,-2,-4,0,0,1,0,0.35,0.43
14.375,232,232,-3.42,-2,-4,0,0,1,0,0.34,-0.06
14.379999,237,237,-3.25,0,-2,0,0,1,0,0.33,-0.35
14.385,223,223,-2.99,0,-2,0,0,1,0,0.3,-0.53
14.389999,214,214,-2.98,4,4,0,0,1,0,0.3,-0.02
14.395,209,209,-2.82,4,4,0,0,1,0,0.28,-0.31
14.4,197,197,-2.55,4,4,0,0,1,0,0.25,-0.55
14.405001,186,186,-2.06,4,4,0,0,1,0,0.21,-0.97
14.41,171,171,-1.91,8,6,0,0,1,0,0.19,-0.31
14.415001,137,137,-1.57,8,6,0,0,1,0,0.16,-0.67
14.42,123,123,-1.34,6,6,0,0,1,0,0.13,-0.48
14.424999,100,100,-0.9,6,6,0,0,1,0,0.09,-0.87
14.43,75,75,-0.61,8,6,0,0,1,0,0.06,-0.58
14.434999,47,47,-0.19,8,6,0,0,1,0,0.02,-0.84
14.440001,15,15,0.17,8,8,0,0,1,0,-0.02,-0.72
14.445,-15,-15,0.47,8,8,0,0,1,0,-0.05,-0.61
14.450001,-40,-40,0.81,6,6,0,0,1,0,-0.08,-0.68
14.455,-70,-70,1.05,6,6,0,0,1,0,-0.1,-0.47
14.459999,-86,-86,1.32,6,4,0,0,1,0,-0.13,-0.55
14.465,-112,-112,1.49,6,4,0,0,1,0,-0.15,-0.33
14.469999,-121,-121,1.71,2,2,0,0,1,0,-0.17,-0.44
14.475,-142,-142,1.8,2,2,0,0,1,0,-0.18,-0.17
14.48,-143,-143,1.9,2,2,0,0,1,0,-0.19,-0.21
14.485001,-153,-153,1.96,2,2,0,0,1,0,-0.2,-0.12
14.49,-156,-156,2.11,-2,-2,0,0,1,0,-0.21,-0.28
14.495001,-172,-172,2.01,-2,-2,0,0,1,0,-0.2,0.2
14.5,-146,-146,1.91,-2,-2,0,0,1,0,-0.19,0.2
14.504999,-139,-139,1.73,-2,-2,0,0,1,0,-0.17,0.36
14.51,-120,-120,1.67,-2,-6,0,0,1,0,-0.17,0.12
14.514999,-125,-125,1.47,-2,-6,0,0,1,0,-0.15,0.38
14.52,-102,-102,1.19,-2,-4,0,0,1,0,-0.12,0.56
14.525,-75,-75,0.85,-2,-4,0,0,1,0,-0.09,0.68
14.530001,-50,-50,0.54,-4,-4,0,0,1,0,-0.05,0.62
14.535,-33,-33,0.36,-4,-4,0,0,1,0,-0.04,0.37
14.540001,-25,-25,0.04,-4,-4,0,0,1,0,0,0.64
14.545,-2,-2,-0.27,-4,-4,0,0,1,0,0.03,0.61
14.549999,17,17,-0.68,-4,-4,0,0,1,0,0.07,0.82
14.555,37,37,-0.9,-4,-4,0,0,1,0,0.09,0.45
14.559999,61,61,-1.16,-4,-4,0,0,1,0,0.12,0.52
14.565001,75,75,-1.45,-4,-4,0,0,1,0,0.15,0.58
14.57,91,91,-1.72,0,0,0,0,1,0,0.17,0.54
14.575001,110,110,-2.04,0,0,0,0,1,0,0.2,0.63
14.58,124,124,-2.1,0,0,0,0,1,0,0.21,0.13
14.584999,149,149,-2.14,0,0,0,0,1,0,0.21,0.07
14.59,153,153,-2.31,2,2,0,0,1,0,0.23,0.35
14.594999,159,159,-2.33,2,2,0,0,1,0,0.23,0.04
14.6,167,167,-2.27,2,2,0,0,1,0,0.23,-0.11
14.605,163,163,-2.32,2,2,0,0,1,0,0.23,0.09
14.610001,165,165,-2.49,6,4,0,0,1,0,0.25,0.35
14.615,171,171,-2.4,6,4,0,0,1,0,0.24,-0.19
14.620001,170,170,-2.05,6,6,0,0,1,0,0.21,-0.69
14.625,159,159,-1.87,6,6,0,0,1,0,0.19,-0.37
14.629999,134,134,-1.81,8,6,0,0,1,0,0.18,-0.13
14.635,131,131,-1.48,8,6,0,0,1,0,0.15,-0.65
14.639999,115,115,-1.13,6,6,0,0,1,0,0.11,-0.71
14.645,89,89,-0.82,6,6,0,0,1,0,0.08,-0.61
14.65,64,64,-0.4,8,8,0,0,1,0,0.04,-0.84
14.655001,33,33,0.02,8,8,0,0,1,0,0,-0.84
14.66,-3,-3,0.57,8,6,0,0,1,0,-0.06,-1.11
14.665001,-55,-55,1,8,6,0,0,1,0,-0.1,-0.87
14.67,-91,-91,1.42,4,6,0,0,1,0,-0.14,-0.83
14.674999,-128,-128,1.81,4,6,0,0,1,0,-0.18,-0.78
14.68,-163,-163,2.27,4,4,0,0,1,0,-0.23,-0.92
14.684999,-213,-213,2.66,4,4,0,0,1,0,-0.27,-0.78
14.690001,-244,-244,3.14,2,0,0,0,1,0,-0.31,-0.97
14.695,-305,-305,3.37,2,0,0,0,1,0,-0.34,-0.45
14.700001,-295,-295,3.45,0,0,0,0,1,0,-0.35,-0.16
14.705,-280,-280,3.36,0,0,0,0,1,0,-0.34,0.18
14.709999,-247,-247,3.76,-6,-4,0,0,1,0,-0.38,-0.8
14.715,-359,-359,4.04,-6,-4,0,0,1,0,-0.4,-0.56
14.719999,-370,-370,4.06,-6,-6,0,0,1,0,-0.41,-0.03
14.725,-322,-322,3.7,-6,-6,0,0,1,0,-0.37,0.72
14.73,-214,-214,3.7,-8,-10,0,0,1,0,-0.37,-0.01
14.735001,-289,-289,3.84,-8,-10,0,0,1,0,-0.38,-0.27
14.74,-324,-324,3.71,-10,-10,0,0,1,0,-0.37,0.25
14.745001,-268,-268,3.28,-10,-10,0,0,1,0,-0.33,0.86
14.75,-175,-175,3.18,-12,-12,0,0,1,0,-0.32,0.21
14.754999,-230,-230,2.89,-12,-12,0,0,1,0,-0.29,0.58
14.76,-179,-179,2.71,-12,-12,0,0,1,0,-0.27,0.34
14.764999,-189,-189,2.13,-12,-12,0,0,1,0,-0.21,1.17
14.77,-99,-99,1.86,-12,-16,0,0,1,0,-0.19,0.54
14.775,-118,-118,1.46,-12,-16,0,0,1,0,-0.15,0.8
14.780001,-78,-78,1.14,-10,-14,0,0,1,0,-0.11,0.64
14.785,-68,-68,0.77,-10,-14,0,0,1,0,-0.08,0.73
14.790001,-43,-43,0.47,-10,-12,0,0,1,0,-0.05,0.62
14.795,-28,-28,0.24,-10,-12,0,0,1,0,-0.02,0.45
14.799999,-16,-16,-0.14,-10,-10,0,0,1,0,0.01,0.76
14.805,8,8,-0.4,-10,-10,0,0,1,0,0.04,0.53
14.809999,26,26,-0.75,-8,-8,0,0,1,0,0.07,0.69
14.815001,44,44,-0.99,-8,-8,0,0,1,0,0.1,0.49
14.82,65,65,-1.32,-6,-6,0,0,1,0,0.13,0.65
14.825001,79,79,-1.57,-6,-6,0,0,1,0,0.16,0.52
14.83,102,102,-1.88,-4,-4,0,0,1,0,0.19,0.62
14.834999,115,115,-2.14,-4,-4,0,0,1,0,0.21,0.51
14.84,138,138,-2.3,-2,-6,0,0,1,0,0.23,0.32
14.844999,159,159,-2.55,-2,-6,0,0,1,0,0.26,0.51
14.85,165,165,-2.81,0,-2,0,0,1,0,0.28,0.52
14.855,181,181,-2.97,0,-2,0,0,1,0,0.3,0.32
14.860001,204,204,-2.99,2,0,0,0,1,0,0.3,0.04
14.865,210,210,-3.09,2,0,0,0,1,0,0.31,0.19
14.870001,214,214,-3.4,4,4,0,0,1,0,0.34,0.63
14.875,206,206,-3.62,4,4,0,0,1,0,0.36,0.44
14.879999,240,240,-3.8,4,2,0,0,1,0,0.38,0.36
14.885,254,254,-3.82,4,2,0,0,1,0,0.38,0.03
14.889999,259,259,-4.08,6,6,0,0,1,0,0.41,0.53
14.895,255,255,-4.2,6,6,0,0,1,0,0.42,0.24
14.9,276,276,-4.21,8,6,0,0,1,0,0.42,0.02
14.905001,278,278,-4.1,8,6,0,0,1,0,0.41,-0.22
14.91,270,270,-4.34,10,10,0,0,1,0,0.43,0.48
14.915001,273,273,-4.52,10,10,0,0,1,0,0.45,0.35
14.92,290,290,-4.53,10,10,0,0,1,0,0.45,0.02
14.924999,292,292,-4.33,10,10,0,0,1,0,0.43,-0.4
14.93,280,280,-4.42,12,14,0,0,1,0,0.44,0.18
14.934999,286,286,-4.3,12,14,0,0,1,0,0.43,-0.22
14.940001,280,280,-4.13,12,12,0,0,1,0,0.41,-0.35
14.945,270,270,-3.91,12,12,0,0,1,0,0.39,-0.43
14.950001,262,262,-4.04,14,14,0,0,1,0,0.4,0.26
14.955,268,268,-3.9,14,14,0,0,1,0,0.39,-0.28
14.959999,260,260,-3.8,14,14,0,0,1,0,0.38,-0.2
14.965,255,255,-3.56,14,14,0,0,1,0,0.36,-0.49
14.969999,247,247,-3.58,16,16,0,0,1,0,0.36,0.04
14.975,246,246,-3.25,16,16,0,0,1,0,0.32,-0.65
14.98,240,240,-2.89,14,14,0,0,1,0,0.29,-0.71
14.985001,220,220,-2.59,14,14,0,0,1,0,0.26,-0.62
14.99,193,193,-2.46,16,18,0,0,1,0,0.25,-0.25
14.995001,174,174,-1.97,16,18,0,0,1,0,0.2,-0.98
15,164,164,-1.55,16,12,0,0,1,0,0.16,-0.83
15.004999,126,126,-1.14,16,12,0,0,1,0,0.11,-0.82
15.01,93,93,-0.78,16,16,0,0,1,0,0.08,-0.73
15.014999,62,62,-0.28,16,16,0,0,1,0,0.03,-0.99
15.02,23,23,0.45,14,14,0,0,1,0,-0.05,-1.47
15.025,-48,-48,1.07,14,14,0,0,1,0,-0.11,-1.23
15.030001,-105,-105,1.83,12,12,0,0,1,0,-0.18,-1.52
15.035,-195,-195,2.55,12,12,0,0,1,0,-0.25,-1.44
15.040001,-271,-271,3.27,10,12,0,0,1,0,-0.33,-1.44
15.045,-352,-352,3.88,10,12,0,0,1,0,-0.39,-1.22
15.049999,-406,-406,4.78,6,6,0,0,1,0,-0.48,-1.8
15.055,-585,-585,5.46,6,6,0,0,1,0,-0.55,-1.36
15.059999,-622,-622,5.99,2,4,0,0,1,0,-0.6,-1.06
15.065001,-657,-657,6.19,2,4,0,0,1,0,-0.62,-0.4
15.07,-570,-570,6.77,0,-2,0,0,1,0,-0.68,-1.17
15.075001,-779,-779,7.47,0,-2,0,0,1,0,-0.75,-1.39
15.08,-800,-800,7.94,-8,-10,0,0,1,0,-0.79,-0.94
15.084999,-800,-800,8.02,-8,-10,0,0,1,0,-0.8,-0.15
15.09,-728,-728,8.08,-10,-12,0,0,1,0,-0.81,-0.13
15.094999,-731,-731,8.3,-10,-12,0,0,1,0,-0.83,-0.44
15.1,-800,-800,8.45,-20,-20,0,0,1,0,-0.85,-0.31
15.105,-800,-800,8.22,-20,-20,0,0,1,0,-0.82,0.47
15.110001,-633,-633,8.07,-22,-24,0,0,1,0,-0.81,0.29
15.115,-658,-658,7.81,-22,-24,0,0,1,0,-0.78,0.52
15.120001,-582,-582,7.63,-28,-30,0,0,1,0,-0.76,0.37
15.125,-602,-602,6.93,-28,-30,0,0,1,0,-0.69,1.39
15.129999,-342,-342,6.35,-30,-32,0,0,1,0,-0.63,1.17
15.135,-337,-337,5.67,-30,-32,0,0,1,0,-0.57,1.35
15.139999,-268,-268,4.94,-34,-34,0,0,1,0,-0.49,1.46
15.145,-212,-212,3.93,-34,-34,0,0,1,0,-0.39,2.04
15.15,-128,-128,3.23,-32,-36,0,0,1,0,-0.32,1.4
15.155001,-132,-132,2.23,-32,-36,0,0,1,0,-0.22,2
15.16,-70,-70,1.35,-28,-32,0,0,1,0,-0.13,1.76
15.165001,-46,-46,0.23,-28,-32,0,0,1,0,-0.02,2.24
15.17,-5,-5,-0.65,-26,-28,0,0,1,0,0.06,1.75
15.174999,25,25,-1.53,-26,-28,0,0,1,0,0.15,1.75
15.18,55,55,-2.57,-24,-24,0,0,1,0,0.26,2.08
15.184999,85,85,-3.23,-24,-24,0,0,1,0,0.32,1.32
15.190001,141,141,-3.84,-18,-20,0,0,1,0,0.38,1.22
15.195,176,176,-4.4,-18,-20,0,0,1,0,0.44,1.12
15.200001,212,212,-4.96,-16,-18,0,0,1,0,0.5,1.13
15.205,238,238,-5.57,-16,-18,0,0,1,0,0.56,1.22
15.209999,255,255,-6.3,-10,-12,0,0,1,0,0.63,1.44
15.215,254,254,-6.78,-10,-12,0,0,1,0,0.68,0.97
15.219999,348,348,-7.11,-8,-10,0,0,1,0,0.71,0.65
15.225,390,390,-7.42,-8,-10,0,0,1,0,0.74,0.63
15.23,401,401,-8,-2,-4,0,0,1,0,0.8,1.16
15.235001,375,375,-8.47,-2,-4,0,0,1,0,0.85,0.94
15.24,420,420,-8.7,0,0,0,0,1,0,0.87,0.45
15.245001,441,441,-8.72,0,0,0,0,1,0,0.87,0.03
15.25,436,436,-9.05,4,2,0,0,1,0,0.91,0.68
15.254999,451,451,-9.32,4,2,0,0,1,0,0.93,0.54
15.26,458,458,-9.57,8,6,0,0,1,0,0.96,0.5
15.264999,464,464,-9.43,8,6,0,0,1,0,0.94,-0.3
15.27,459,459,-9.52,12,10,0,0,1,0,0.95,0.19
15.275,462,462,-9.36,12,10,0,0,1,0,0.94,-0.33
15.280001,457,457,-9.21,16,12,0,0,1,0,0.92,-0.3
15.285,453,453,-8.92,16,12,0,0,1,0,0.89,-0.58
15.290001,477,477,-8.89,16,16,0,0,1,0,0.89,-0.06
15.295,442,442,-8.77,16,16,0,0,1,0,0.88,-0.22
15.299999,440,440,-8.44,20,18,0,0,1,0,0.84,-0.66
15.305,473,473,-7.93,20,18,0,0,1,0,0.79,-1.04
15.309999,512,512,-7.78,22,20,0,0,1,0,0.78,-0.3
15.315001,409,409,-7.37,22,20,0,0,1,0,0.74,-0.82
15.32,453,453,-6.72,24,20,0,0,1,0,0.67,-1.29
15.325001,493,493,-6.13,24,20,0,0,1,0,0.61,-1.18
15.33,448,448,-5.89,24,22,0,0,1,0,0.59,-0.48
15.334999,356,356,-5.32,24,22,0,0,1,0,0.53,-1.15
15.34,404,404,-4.52,26,24,0,0,1,0,0.45,-1.6
15.344999,403,403,-3.67,26,24,0,0,1,0,0.37,-1.69
15.35,352,352,-3.13,26,24,0,0,1,0,0.31,-1.08
15.355,258,258,-2.26,26,24,0,0,1,0,0.23,-1.74
15.360001,228,228,-1.4,28,24,0,0,1,0,0.14,-1.72
15.365,142,142,-0.41,28,24,0,0,1,0,0.04,-1.97
15.370001,45,45,0.33,28,26,0,0,1,0,-0.03,-1.5
15.375,-36,-36,1.47,28,26,0,0,1,0,-0.15,-2.27
15.379999,-188,-188,2.59,26,24,0,0,1,0,-0.26,-2.24
15.385,-334,-334,3.79,26,24,0,0,1,0,-0.38,-2.4
15.389999,-510,-510,5.05,18,18,0,0,1,0,-0.5,-2.52
15.395,-705,-705,6.03,18,18,0,0,1,0,-0.6,-1.95
15.4,-776,-776,6.86,16,12,0,0,1,0,-0.69,-1.67
15.405001,-800,-800,7.52,16,12,0,0,1,0,-0.75,-1.32
15.41,-800,-800,8.38,8,8,0,0,1,0,-0.84,-1.72
15.415001,-800,-800,9.18,8,8,0,0,1,0,-0.92,-1.6
15.42,-800,-800,9.8,-2,-4,0,0,1,0,-0.98,-1.25
15.424999,-800,-800,9.96,-2,-4,0,0,1,0,-1,-0.31
15.43,-800,-800,10.05,-8,-8,0,0,1,0,-1.01,-0.19
15.434999,-800,-800,10,-8,-8,0,0,1,0,-1,0.1
15.440001,-800,-800,9.99,-16,-18,0,0,1,0,-1,0.01
15.445,-800,-800,9.61,-16,-18,0,0,1,0,-0.96,0.76
15.450001,-669,-669,9.27,-20,-20,0,0,1,0,-0.93,0.67
15.455,-668,-668,8.74,-20,-20,0,0,1,0,-0.87,1.06
15.459999,-533,-533,8.32,-26,-28,0,0,1,0,-0.83,0.86
15.465,-533,-533,7.47,-26,-28,0,0,1,0,-0.75,1.69
15.469999,-333,-333,6.75,-28,-28,0,0,1,0,-0.67,1.45
15.475,-321,-321,5.8,-28,-28,0,0,1,0,-0.58,1.89
15.48,-221,-221,4.8,-30,-32,0,0,1,0,-0.48,2
15.485001,-166,-166,3.56,-30,-32,0,0,1,0,-0.36,2.48
15.49,-113,-113,2.69,-28,-32,0,0,1,0,-0.27,1.74
15.495001,-93,-93,1.36,-28,-32,0,0,1,0,-0.14,2.66
15.5,-41,-41,0.16,-26,-26,0,0,1,0,-0.02,2.4
15.504999,-3,-3,-1.12,-26,-26,0,0,1,0,0.11,2.57
15.51,39,39,-2.28,-24,-24,0,0,1,0,0.23,2.32
15.514999,76,76,-3.35,-24,-24,0,0,1,0,0.34,2.14
15.52,111,111,-4.74,-20,-20,0,0,1,0,0.47,2.77
15.525,156,156,-5.74,-20,-20,0,0,1,0,0.57,2
15.530001,185,185,-6.79,-14,-16,0,0,1,0,0.68,2.09
15.535,217,217,-7.73,-14,-16,0,0,1,0,0.77,1.89
15.540001,256,256,-8.39,-12,-12,0,0,1,0,0.84,1.32
15.545,365,365,-9.09,-12,-12,0,0,1,0,0.91,1.4
15.549999,378,378,-9.93,-6,-8,0,0,1,0,0.99,1.68
15.555,358,358,-10.49,-6,-8,0,0,1,0,1.05,1.11
15.559999,484,484,-10.94,-4,-6,0,0,1,0,1.09,0.91
15.565001,492,492,-11.29,-4,-6,0,0,1,0,1.13,0.69
15.57,496,496,-11.78,0,0,0,0,1,0,1.18,1
15.575001,504,504,-12.16,0,0,0,0,1,0,1.22,0.75
15.58,505,505,-12.45,6,4,0,0,1,0,1.24,0.58
15.584999,506,506,-12.51,6,4,0,0,1,0,1.25,0.13
15.59,513,513,-12.67,10,8,0,0,1,0,1.27,0.32
15.594999,509,509,-12.81,10,8,0,0,1,0,1.28,0.27
15.6,511,511,-12.72,12,10,0,0,1,0,1.27,-0.19
15.605,512,512,-12.26,12,10,0,0,1,0,1.23,-0.9
15.610001,629,629,-12.06,16,14,0,0,1,0,1.21,-0.42
15.615,506,506,-11.66,16,14,0,0,1,0,1.17,-0.78
15.620001,589,589,-10.97,20,18,0,0,1,0,1.1,-1.38
15.625,714,714,-10.4,20,18,0,0,1,0,1.04,-1.14
15.629999,636,636,-10.14,22,18,0,0,1,0,1.01,-0.51
15.635,498,498,-9.71,22,18,0,0,1,0,0.97,-0.86
15.639999,553,553,-8.9,26,24,0,0,1,0,0.89,-1.63
15.645,678,678,-7.92,26,24,0,0,1,0,0.79,-1.95
15.65,708,708,-7.1,26,24,0,0,1,0,0.71,-1.65
15.655001,574,574,-6.31,26,24,0,0,1,0,0.63,-1.58
15.66,515,515,-4.97,28,28,0,0,1,0,0.5,-2.67
15.665001,576,576,-3.81,28,28,0,0,1,0,0.38,-2.33
15.67,427,427,-2.84,30,28,0,0,1,0,0.28,-1.94
15.674999,303,303,-1.89,30,28,0,0,1,0,0.19,-1.91
15.68,203,203,-0.48,32,30,0,0,1,0,0.05,-2.81
15.684999,61,61,0.91,32,30,0,0,1,0,-0.09,-2.79
15.690001,-128,-128,1.9,32,28,0,0,1,0,-0.19,-1.98
15.695,-232,-232,3.43,32,28,0,0,1,0,-0.34,-3.05
15.700001,-501,-501,4.85,28,28,0,0,1,0,-0.48,-2.84
15.705,-713,-713,6.44,28,28,0,0,1,0,-0.64,-3.18
15.709999,-800,-800,8.04,20,16,0,0,1,0,-0.8,-3.21
15.715,-800,-800,9.37,20,16,0,0,1,0,-0.94,-2.65
15.719999,-800,-800,10.37,12,12,0,0,1,0,-1.04,-2.01
15.725,-800,-800,11.11,12,12,0,0,1,0,-1.11,-1.47
15.73,-800,-800,11.85,8,6,0,0,1,0,-1.18,-1.47
15.735001,-800,-800,12.49,8,6,0,0,1,0,-1.25,-1.28
15.74,-800,-800,13.08,0,-6,0,0,1,0,-1.31,-1.2
15.745001,-800,-800,13.26,0,-6,0,0,1,0,-1.33,-0.35
15.75,-800,-800,13.37,-8,-10,0,0,1,0,-1.34,-0.22
15.754999,-800,-800,13.26,-8,-10,0,0,1,0,-1.33,0.22
15.76,-800,-800,13.12,-16,-56,0,0,1,0,-1.31,0.27
15.764999,-800,-800,12.57,-16,-56,0,0,1,0,-1.26,1.1
15.77,-800,-800,12.07,-20,-22,0,0,1,0,-1.21,1
15.775,-800,-800,11.4,-20,-22,0,0,1,0,-1.14,1.34
15.780001,-698,-698,10.88,-26,-30,0,0,1,0,-1.09,1.04
15.785,-723,-723,9.93,-26,-30,0,0,1,0,-0.99,1.9
15.790001,-477,-477,9.16,-28,-32,0,0,1,0,-0.92,1.54
15.795,-466,-466,8.1,-28,-32,0,0,1,0,-0.81,2.11
15.799999,-343,-343,7.19,-34,-38,0,0,1,0,-0.72,1.83
15.805,-303,-303,5.83,-34,-38,0,0,1,0,-0.58,2.71
15.809999,-214,-214,4.87,-32,-36,0,0,1,0,-0.49,1.93
15.815001,-173,-173,3.47,-32,-36,0,0,1,0,-0.35,2.81
15.82,-108,-108,2.31,-32,-32,0,0,1,0,-0.23,2.31
15.825001,-72,-72,0.75,-32,-32,0,0,1,0,-0.08,3.11
15.83,-20,-20,-0.67,-30,-32,0,0,1,0,0.07,2.85
15.834999,25,25,-2.19,-30,-32,0,0,1,0,0.22,3.03
15.84,75,75,-3.75,-26,-28,0,0,1,0,0.37,3.12
15.844999,125,125,-5.04,-26,-28,0,0,1,0,0.5,2.59
15.85,165,165,-6.47,-20,-22,0,0,1,0,0.65,2.86
15.855,209,209,-7.63,-20,-22,0,0,1,0,0.76,2.31
15.860001,239,239,-8.58,-16,-20,0,0,1,0,0.86,1.9
15.865,282,282,-9.51,-16,-20,0,0,1,0,0.95,1.86
15.870001,318,318,-10.42,-10,-12,0,0,1,0,1.04,1.84
15.875,351,351,-11.08,-10,-12,0,0,1,0,1.11,1.31
15.879999,472,472,-11.66,-8,-10,0,0,1,0,1.17,1.15
15.885,503,503,-12.1,-8,-10,0,0,1,0,1.21,0.89
15.889999,506,506,-12.63,-2,-4,0,0,1,0,1.26,1.05
15.895,512,512,-13.05,-2,-4,0,0,1,0,1.3,0.84
15.9,511,511,-13.08,4,0,0,0,1,0,1.31,0.06
15.905001,518,518,-12.86,4,0,0,0,1,0,1.29,-0.44
15.91,517,517,-12.87,6,4,0,0,1,0,1.29,0.02
15.915001,518,518,-12.87,6,4,0,0,1,0,1.29,0.02
15.92,518,518,-12.67,12,10,0,0,1,0,1.27,-0.4
15.924999,506,506,-12.08,12,10,0,0,1,0,1.21,-1.18
15.93,694,694,-11.67,16,14,0,0,1,0,1.17,-0.82
15.934999,597,597,-11.11,16,14,0,0,1,0,1.11,-1.13
15.940001,655,655,-10.53,18,16,0,0,1,0,1.05,-1.15
15.945,643,643,-9.75,18,16,0,0,1,0,0.97,-1.57
15.950001,706,706,-9.12,20,20,0,0,1,0,0.91,-1.26
15.955,607,607,-8.39,20,20,0,0,1,0,0.84,-1.45
15.959999,611,611,-7.99,26,24,0,0,1,0,0.8,-0.81
15.965,479,479,-6.96,26,24,0,0,1,0,0.7,-2.05
15.969999,656,656,-5.99,28,26,0,0,1,0,0.6,-1.94
15.975,571,571,-5.03,28,26,0,0,1,0,0.5,-1.92
15.98,495,495,-4.03,30,30,0,0,1,0,0.4,-2.02
15.985001,424,424,-2.64,30,30,0,0,1,0,0.26,-2.77
15.99,332,332,-1.52,32,30,0,0,1,0,0.15,-2.24
15.995001,175,175,-0.38,32,30,0,0,1,0,0.04,-2.28
16,43,43,1.1,32,32,0,0,1,0,-0.11,-2.95
16.004999,-156,-156,2.5,32,32,0,0,1,0,-0.25,-2.81
16.01,-357,-357,4,28,28,0,0,1,0,-0.4,-2.99
16.014999,-586,-586,5.33,28,28,0,0,1,0,-0.53,-2.67
16.02,-770,-770,6.75,24,22,0,0,1,0,-0.68,-2.84
16.025,-800,-800,8.06,24,22,0,0,1,0,-0.81,-2.62
16.030001,-800,-800,9.34,18,16,0,0,1,0,-0.93,-2.56
16.035,-800,-800,10.3,18,16,0,0,1,0,-1.03,-1.92
16.040001,-800,-800,11,6,6,0,0,1,0,-1.1,-1.4
16.045,-800,-800,11.26,6,6,0,0,1,0,-1.13,-0.52
16.049999,-800,-800,11.53,2,-2,0,0,1,0,-1.15,-0.55
16.055,-800,-800,11.6,2,-2,0,0,1,0,-1.16,-0.14
16.059999,-800,-800,11.62,-8,-12,0,0,1,0,-1.16,-0.03
16.065001,-800,-800,11.18,-8,-12,0,0,1,0,-1.12,0.88
16.07,-788,-788,10.81,-14,-14,0,0,1,0,-1.08,0.74
16.075001,-792,-792,10.28,-14,-14,0,0,1,0,-1.03,1.05
16.08,-666,-666,9.85,-20,-22,0,0,1,0,-0.98,0.87
16.084999,-665,-665,8.9,-20,-22,0,0,1,0,-0.89,1.89
16.09,-405,-405,8.17,-24,-26,0,0,1,0,-0.82,1.47
16.094999,-411,-411,7.21,-24,-26,0,0,1,0,-0.72,1.92
16.1,-295,-295,6.31,-28,-30,0,0,1,0,-0.63,1.78
16.105,-257,-257,4.85,-28,-30,0,0,1,0,-0.49,2.92
16.110001,-167,-167,3.87,-28,-32,0,0,1,0,-0.39,1.97
16.115,-127,-127,2.35,-28,-32,0,0,1,0,-0.23,3.04
16.120001,-72,-72,0.96,-26,-28,0,0,1,0,-0.1,2.77
16.125,-28,-28,-0.53,-26,-28,0,0,1,0,0.05,2.99
16.129999,21,21,-1.78,-24,-24,0,0,1,0,0.18,2.5
16.135,60,60,-3.03,-24,-24,0,0,1,0,0.3,2.49
16.139999,101,101,-4.39,-20,-22,0,0,1,0,0.44,2.73
16.145,145,145,-5.39,-20,-22,0,0,1,0,0.54,2
16.15,175,175,-6.49,-14,-18,0,0,1,0,0.65,2.2
16.155001,208,208,-7.34,-14,-18,0,0,1,0,0.73,1.71
16.16,260,260,-7.94,-12,-14,0,0,1,0,0.79,1.2
16.165001,367,367,-8.66,-12,-14,0,0,1,0,0.87,1.44
16.17,353,353,-9.37,-8,-8,0,0,1,0,0.94,1.42
16.174999,386,386,-9.79,-8,-8,0,0,1,0,0.98,0.84
16.18,468,468,-10.12,-6,-6,0,0,1,0,1.01,0.66
16.184999,477,477,-10.28,-6,-6,0,0,1,0,1.03,0.31
16.190001,480,480,-10.58,0,0,0,0,1,0,1.06,0.59
16.195,485,485,-10.84,0,0,0,0,1,0,1.08,0.54
16.200001,489,489,-10.71,6,2,0,0,1,0,1.07,-0.27
16.205,488,488,-10.42,6,2,0,0,1,0,1.04,-0.58
16.209999,517,517,-10.37,10,8,0,0,1,0,1.04,-0.1
16.215,484,484,-10.34,10,8,0,0,1,0,1.03,-0.07
16.219999,484,484,-9.99,12,12,0,0,1,0,1,-0.7
16.225,531,531,-9.22,12,12,0,0,1,0,0.92,-1.54
16.23,673,673,-8.66,16,14,0,0,1,0,0.87,-1.11
16.235001,559,559,-8.03,16,14,0,0,1,0,0.8,-1.26
16.24,554,554,-7.35,18,16,0,0,1,0,0.73,-1.36
16.245001,537,537,-6.54,18,16,0,0,1,0,0.65,-1.61
16.25,534,534,-6.04,22,18,0,0,1,0,0.6,-1.01
16.254999,424,424,-5.48,22,18,0,0,1,0,0.55,-1.12
16.26,408,408,-4.5,22,22,0,0,1,0,0.45,-1.96
16.264999,458,458,-3.42,22,22,0,0,1,0,0.34,-2.15
16.27,377,377,-2.48,24,24,0,0,1,0,0.25,-1.88
16.275,261,261,-1.36,24,24,0,0,1,0,0.14,-2.23
16.280001,157,157,-0.22,26,22,0,0,1,0,0.02,-2.28
16.285,24,24,0.99,26,22,0,0,1,0,-0.1,-2.42
16.290001,-129,-129,1.96,24,24,0,0,1,0,-0.2,-1.94
16.295,-236,-236,3.16,24,24,0,0,1,0,-0.32,-2.41
16.299999,-423,-423,4.23,20,20,0,0,1,0,-0.42,-2.13
16.305,-549,-549,5.33,20,20,0,0,1,0,-0.53,-2.21
16.309999,-709,-709,6.49,14,12,0,0,1,0,-0.65,-2.31
16.315001,-800,-800,7.51,14,12,0,0,1,0,-0.75,-2.05
16.32,-800,-800,8.2,10,8,0,0,1,0,-0.82,-1.38
16.325001,-800,-800,8.56,10,8,0,0,1,0,-0.86,-0.72
16.33,-800,-800,8.95,2,2,0,0,1,0,-0.9,-0.8
16.334999,-800,-800,9.09,2,2,0,0,1,0,-0.91,-0.28
16.34,-800,-800,9.24,-8,-8,0,0,1,0,-0.92,-0.3
16.344999,-800,-800,9.15,-8,-8,0,0,1,0,-0.91,0.19
16.35,-789,-789,9,-12,-14,0,0,1,0,-0.9,0.3
16.355,-750,-750,8.49,-12,-14,0,0,1,0,-0.85,1.02
16.360001,-519,-519,7.95,-20,-20,0,0,1,0,-0.8,1.07
16.365,-468,-468,7.03,-20,-20,0,0,1,0,-0.7,1.84
16.370001,-292,-292,6.41,-24,-24,0,0,1,0,-0.64,1.24
16.375,-331,-331,5.58,-24,-24,0,0,1,0,-0.56,1.66
16.379999,-226,-226,4.48,-26,-28,0,0,1,0,-0.45,2.2
16.385,-152,-152,3.13,-26,-28,0,0,1,0,-0.31,2.69
16.389999,-98,-98,2.1,-24,-28,0,0,1,0,-0.21,2.07
16.395,-66,-66,0.64,-24,-28,0,0,1,0,-0.06,2.92
16.4,-17,-17,-0.63,-22,-24,0,0,1,0,0.06,2.54
16.405001,23,23,-1.82,-22,-24,0,0,1,0,0.18,2.37
16.41,61,61,-2.91,-18,-20,0,0,1,0,0.29,2.19
16.415001,97,97,-3.8,-18,-20,0,0,1,0,0.38,1.77
16.42,133,133,-4.74,-16,-16,0,0,1,0,0.47,1.89
16.424999,160,160,-5.5,-16,-16,0,0,1,0,0.55,1.53
16.43,211,211,-6.42,-10,-14,0,0,1,0,0.64,1.82
16.434999,219,219,-7.23,-10,-14,0,0,1,0,0.72,1.62
16.440001,263,263,-7.61,-10,-10,0,0,1,0,0.76,0.77
16.445,408,408,-8.06,-10,-10,0,0,1,0,0.81,0.9
16.450001,410,410,-8.63,-4,-4,0,0,1,0,0.86,1.14
16.455,405,405,-8.89,-4,-4,0,0,1,0,0.89,0.51
16.459999,446,446,-9.02,-2,-4,0,0,1,0,0.9,0.27
16.465,449,449,-9.06,-2,-4,0,0,1,0,0.91,0.08
16.469999,448,448,-9.17,4,2,0,0,1,0,0.92,0.21
16.475,452,452,-9.31,4,2,0,0,1,0,0.93,0.28
16.48,457,457,-9.04,8,6,0,0,1,0,0.9,-0.54
16.485001,474,474,-8.62,8,6,0,0,1,0,0.86,-0.83
16.49,507,507,-8.61,10,8,0,0,1,0,0.86,-0.02
16.495001,433,433,-8.43,10,8,0,0,1,0,0.84,-0.36
16.5,431,431,-8.14,14,12,0,0,1,0,0.81,-0.58
16.504999,451,451,-7.42,14,12,0,0,1,0,0.74,-1.44
16.51,554,554,-6.95,16,14,0,0,1,0,0.7,-0.94
16.514999,452,452,-6.34,16,14,0,0,1,0,0.63,-1.23
16.52,465,465,-5.7,18,16,0,0,1,0,0.57,-1.27
16.525,439,439,-4.86,18,16,0,0,1,0,0.49,-1.69
16.530001,442,442,-4.41,20,16,0,0,1,0,0.44,-0.89
16.535,329,329,-3.89,20,16,0,0,1,0,0.39,-1.05
16.540001,309,309,-3.14,22,20,0,0,1,0,0.31,-1.51
16.545,288,288,-2.07,22,20,0,0,1,0,0.21,-2.13
16.549999,233,233,-1.35,22,22,0,0,1,0,0.13,-1.45
16.555,127,127,-0.15,22,22,0,0,1,0,0.01,-2.4
16.559999,15,15,0.87,20,20,0,0,1,0,-0.09,-2.04
16.565001,-107,-107,1.9,20,20,0,0,1,0,-0.19,-2.05
16.57,-235,-235,2.83,18,18,0,0,1,0,-0.28,-1.87
16.575001,-339,-339,3.75,18,18,0,0,1,0,-0.38,-1.84
16.58,-454,-454,4.69,16,16,0,0,1,0,-0.47,-1.88
16.584999,-584,-584,5.54,16,16,0,0,1,0,-0.55,-1.68
16.59,-674,-674,6.4,10,10,0,0,1,0,-0.64,-1.72
16.594999,-800,-800,7.09,10,10,0,0,1,0,-0.71,-1.38
16.6,-800,-800,7.45,4,2,0,0,1,0,-0.74,-0.72
16.605,-796,-796,7.51,4,2,0,0,1,0,-0.75,-0.13
16.610001,-671,-671,7.7,-2,-2,0,0,1,0,-0.77,-0.37
16.615,-731,-731,7.77,-2,-2,0,0,1,0,-0.78,-0.15
16.620001,-701,-701,7.89,-10,-10,0,0,1,0,-0.79,-0.23
16.625,-729,-729,7.58,-10,-10,0,0,1,0,-0.76,0.61
16.629999,-534,-534,7.22,-16,-16,0,0,1,0,-0.72,0.74
16.635,-470,-470,6.6,-16,-16,0,0,1,0,-0.66,1.23
16.639999,-345,-345,6.02,-22,-22,0,0,1,0,-0.6,1.17
16.645,-315,-315,5.06,-22,-22,0,0,1,0,-0.51,1.92
16.65,-183,-183,4.37,-24,-26,0,0,1,0,-0.44,1.37
16.655001,-191,-191,3.32,-24,-26,0,0,1,0,-0.33,2.1
16.66,-105,-105,2.25,-22,-22,0,0,1,0,-0.22,2.15
16.665001,-70,-70,0.93,-22,-22,0,0,1,0,-0.09,2.63
16.67,-27,-27,-0.09,-22,-22,0,0,1,0,0.01,2.04
16.674999,5,5,-1.22,-22,-22,0,0,1,0,0.12,2.27
16.68,42,42,-2.27,-18,-18,0,0,1,0,0.23,2.1
16.684999,76,76,-3.03,-18,-18,0,0,1,0,0.3,1.51
16.690001,118,118,-3.96,-14,-14,0,0,1,0,0.4,1.86
16.695,135,135,-4.71,-14,-14,0,0,1,0,0.47,1.51
16.700001,183,183,-5.32,-12,-14,0,0,1,0,0.53,1.22
16.705,244,244,-5.94,-12,-14,0,0,1,0,0.59,1.24
16.709999,269,269,-6.61,-6,-6,0,0,1,0,0.66,1.33
16.715,284,284,-7.07,-6,-6,0,0,1,0,0.71,0.92
16.719999,370,370,-7.32,-6,-6,0,0,1,0,0.73,0.5
16.725,397,397,-7.6,-6,-6,0,0,1,0,0.76,0.56
16.73,407,407,-7.99,0,0,0,0,1,0,0.8,0.77
16.735001,420,420,-8.11,0,0,0,0,1,0,0.81,0.25
16.74,420,420,-8.08,2,4,0,0,1,0,0.81,-0.06
16.745001,415,415,-7.76,2,4,0,0,1,0,0.78,-0.64
16.75,445,445,-7.8,6,6,0,0,1,0,0.78,0.08
16.754999,406,406,-7.93,6,6,0,0,1,0,0.79,0.25
16.76,414,414,-7.68,8,10,0,0,1,0,0.77,-0.5
16.764999,422,422,-7.16,8,10,0,0,1,0,0.72,-1.04
16.77,476,476,-6.8,12,12,0,0,1,0,0.68,-0.7
16.775,416,416,-6.27,12,12,0,0,1,0,0.63,-1.07
16.780001,441,441,-5.8,14,14,0,0,1,0,0.58,-0.95
16.785,405,405,-5.05,14,14,0,0,1,0,0.51,-1.49
16.790001,427,427,-4.69,18,18,0,0,1,0,0.47,-0.72
16.795,328,328,-4.26,18,18,0,0,1,0,0.43,-0.86
16.799999,318,318,-3.49,20,20,0,0,1,0,0.35,-1.54
16.805,321,321,-2.51,20,20,0,0,1,0,0.25,-1.97
16.809999,271,271,-1.96,20,20,0,0,1,0,0.2,-1.11
16.815001,167,167,-0.9,20,20,0,0,1,0,0.09,-2.11
16.82,102,102,-0.05,20,18,0,0,1,0,0,-1.71
16.825001,3,3,0.87,20,18,0,0,1,0,-0.09,-1.84
16.83,-101,-101,1.59,18,18,0,0,1,0,-0.16,-1.44
16.834999,-166,-166,2.47,18,18,0,0,1,0,-0.25,-1.76
16.84,-285,-285,3.27,16,16,0,0,1,0,-0.33,-1.6
16.844999,-364,-364,4.01,16,16,0,0,1,0,-0.4,-1.49
16.85,-447,-447,4.89,10,10,0,0,1,0,-0.49,-1.75
16.855,-593,-593,5.62,10,10,0,0,1,0,-0.56,-1.47
16.860001,-658,-658,6.28,8,6,0,0,1,0,-0.63,-1.32
16.865,-730,-730,6.51,8,6,0,0,1,0,-0.65,-0.47
16.870001,-621,-621,6.87,2,0,0,0,1,0,-0.69,-0.7
16.875,-721,-721,7.05,2,0,0,0,1,0,-0.71,-0.37
16.879999,-659,-659,7.25,-6,-6,0,0,1,0,-0.72,-0.38
16.885,-682,-682,7.17,-6,-6,0,0,1,0,-0.72,0.15
16.889999,-591,-591,7.04,-8,-10,0,0,1,0,-0.7,0.25
16.895,-565,-565,6.86,-8,-10,0,0,1,0,-0.69,0.38
16.9,-528,-528,6.49,-14,-18,0,0,1,0,-0.65,0.73
16.905001,-414,-414,5.77,-14,-18,0,0,1,0,-0.58,1.44
16.91,-261,-261,5.21,-18,-18,0,0,1,0,-0.52,1.11
16.915001,-270,-270,4.61,-18,-18,0,0,1,0,-0.46,1.21
16.92,-223,-223,3.81,-20,-22,0,0,1,0,-0.38,1.6
16.924999,-140,-140,2.74,-20,-22,0,0,1,0,-0.27,2.15
16.93,-86,-86,1.9,-22,-24,0,0,1,0,-0.19,1.66
16.934999,-67,-67,0.79,-22,-24,0,0,1,0,-0.08,2.22
16.940001,-23,-23,-0.12,-20,-20,0,0,1,0,0.01,1.83
16.945,6,6,-1.15,-20,-20,0,0,1,0,0.12,2.06
16.950001,39,39,-2.17,-16,-18,0,0,1,0,0.22,2.04
16.955,72,72,-2.94,-16,-18,0,0,1,0,0.29,1.53
16.959999,113,113,-3.77,-14,-16,0,0,1,0,0.38,1.67
16.965,136,136,-4.4,-14,-16,0,0,1,0,0.44,1.25
16.969999,199,199,-5.12,-10,-10,0,0,1,0,0.51,1.46
16.975,205,205,-5.73,-10,-10,0,0,1,0,0.57,1.22
16.98,263,263,-5.98,-8,-8,0,0,1,0,0.6,0.49
16.985001,347,347,-6.37,-8,-8,0,0,1,0,0.64,0.79
16.99,352,352,-6.87,-2,-4,0,0,1,0,0.69,1
16.995001,348,348,-7.1,-2,-4,0,0,1,0,0.71,0.45
17,389,389,-7.18,0,-4,0,0,1,0,0.72,0.16
17.004999,385,385,-7.07,0,-4,0,0,1,0,0.71,-0.21
17.01,382,382,-7.19,4,2,0,0,1,0,0.72,0.24
17.014999,388,388,-7.2,4,2,0,0,1,0,0.72,0.03
17.02,382,382,-7.13,8,6,0,0,1,0,0.71,-0.14
17.025,382,382,-6.81,8,6,0,0,1,0,0.68,-0.65
17.030001,409,409,-6.69,12,8,0,0,1,0,0.67,-0.24
17.035,371,371,-6.49,12,8,0,0,1,0,0.65,-0.39
17.040001,368,368,-6.1,12,10,0,0,1,0,0.61,-0.8
17.045,401,401,-5.29,12,10,0,0,1,0,0.53,-1.62
17.049999,459,459,-4.89,14,14,0,0,1,0,0.49,-0.79
17.055,345,345,-4.26,14,14,0,0,1,0,0.43,-1.25
17.059999,350,350,-3.65,14,14,0,0,1,0,0.36,-1.23
17.065001,306,306,-2.83,14,14,0,0,1,0,0.28,-1.64
17.07,272,272,-2.55,18,16,0,0,1,0,0.25,-0.57
17.075001,188,188,-1.9,18,16,0,0,1,0,0.19,-1.3
17.08,170,170,-1.29,18,16,0,0,1,0,0.13,-1.22
17.084999,115,115,-0.34,18,16,0,0,1,0,0.03,-1.9
17.09,35,35,0.25,18,18,0,0,1,0,-0.03,-1.18
17.094999,-25,-25,1.2,18,18,0,0,1,0,-0.12,-1.9
17.1,-142,-142,1.95,18,16,0,0,1,0,-0.19,-1.49
17.105,-207,-207,2.73,18,16,0,0,1,0,-0.27,-1.57
17.110001,-299,-299,3.6,10,10,0,0,1,0,-0.36,-1.74
17.115,-421,-421,4.27,10,10,0,0,1,0,-0.43,-1.34
17.120001,-466,-466,4.89,10,8,0,0,1,0,-0.49,-1.23
17.125,-532,-532,5.26,10,8,0,0,1,0,-0.53,-0.73
17.129999,-525,-525,5.77,2,2,0,0,1,0,-0.58,-1.02
17.135,-623,-623,6.18,2,2,0,0,1,0,-0.62,-0.84
17.139999,-658,-658,6.34,-2,-2,0,0,1,0,-0.63,-0.31
17.145,-574,-574,6.16,-2,-2,0,0,1,0,-0.62,0.37
17.15,-465,-465,6.14,-6,-6,0,0,1,0,-0.61,0.02
17.155001,-509,-509,6.12,-6,-6,0,0,1,0,-0.61,0.04
17.16,-505,-505,6.05,-14,-12,0,0,1,0,-0.6,0.15
17.165001,-483,-483,5.6,-14,-12,0,0,1,0,-0.56,0.89
17.17,-321,-321,5.09,-16,-16,0,0,1,0,-0.51,1.03
17.174999,-271,-271,4.55,-16,-16,0,0,1,0,-0.45,1.09
17.18,-231,-231,3.72,-18,-18,0,0,1,0,-0.37,1.66
17.184999,-133,-133,2.7,-18,-18,0,0,1,0,-0.27,2.04
17.190001,-85,-85,2,-20,-22,0,0,1,0,-0.2,1.39
17.195,-82,-82,1.12,-20,-22,0,0,1,0,-0.11,1.77
17.200001,-38,-38,0.29,-18,-18,0,0,1,0,-0.03,1.67
17.205,-9,-9,-0.62,-18,-18,0,0,1,0,0.06,1.82
17.209999,23,23,-1.48,-16,-16,0,0,1,0,0.15,1.71
17.215,54,54,-2.22,-16,-16,0,0,1,0,0.22,1.49
17.219999,89,89,-3.05,-12,-14,0,0,1,0,0.3,1.64
17.225,111,111,-3.61,-12,-14,0,0,1,0,0.36,1.12
17.23,173,173,-4.22,-8,-10,0,0,1,0,0.42,1.22
17.235001,193,193,-4.77,-8,-10,0,0,1,0,0.48,1.11
17.24,231,231,-5.02,-6,-8,0,0,1,0,0.5,0.5
17.245001,304,304,-5.38,-6,-8,0,0,1,0,0.54,0.72
17.25,303,303,-5.9,-4,-2,0,0,1,0,0.59,1.04
17.254999,294,294,-6.14,-4,-2,0,0,1,0,0.61,0.49
17.26,353,353,-6.18,0,-2,0,0,1,0,0.62,0.07
17.264999,354,354,-6.26,0,-2,0,0,1,0,0.63,0.16
17.27,358,358,-6.34,4,4,0,0,1,0,0.63,0.16
17.275,360,360,-6.31,4,4,0,0,1,0,0.63,-0.06
17.280001,357,357,-6.11,6,4,0,0,1,0,0.61,-0.4
17.285,355,355,-5.68,6,4,0,0,1,0,0.57,-0.85
17.290001,389,389,-5.65,10,8,0,0,1,0,0.57,-0.07
17.295,336,336,-5.35,10,8,0,0,1,0,0.53,-0.6
17.299999,348,348,-5.14,10,10,0,0,1,0,0.51,-0.43
17.305,320,320,-4.49,10,10,0,0,1,0,0.45,-1.29
17.309999,369,369,-4.18,12,14,0,0,1,0,0.42,-0.62
17.315001,292,292,-3.61,12,14,0,0,1,0,0.36,-1.15
17.32,298,298,-3.04,14,12,0,0,1,0,0.3,-1.13
17.325001,255,255,-2.34,14,12,0,0,1,0,0.23,-1.41
17.33,213,213,-2.1,16,16,0,0,1,0,0.21,-0.47
17.334999,153,153,-1.45,16,16,0,0,1,0,0.14,-1.31
17.34,131,131,-0.8,14,14,0,0,1,0,0.08,-1.29
17.344999,73,73,-0.03,14,14,0,0,1,0,0,-1.55
17.35,0,0,0.7,14,16,0,0,1,0,-0.07,-1.45
17.355,-73,-73,1.41,14,16,0,0,1,0,-0.14,-1.43
17.360001,-146,-146,2.18,14,14,0,0,1,0,-0.22,-1.55
17.365,-235,-235,2.85,14,14,0,0,1,0,-0.29,-1.34
17.369999,-298,-298,3.58,8,8,0,0,1,0,-0.36,-1.45
17.375,-388,-388,4.2,8,8,0,0,1,0,-0.42,-1.25
17.380001,-448,-448,4.79,6,8,0,0,1,0,-0.48,-1.17
17.384998,-513,-513,5.15,6,8,0,0,1,0,-0.51,-0.71
17.389999,-509,-509,5.57,2,2,0,0,1,0,-0.56,-0.85
17.395,-579,-579,5.91,2,2,0,0,1,0,-0.59,-0.68
17.400001,-596,-596,6.02,0,-2,0,0,1,0,-0.6,-0.21
17.404999,-528,-528,5.89,0,-2,0,0,1,0,-0.59,0.26
17.41,-455,-455,5.88,-4,-8,0,0,1,0,-0.59,0.02
17.415001,-484,-484,5.92,-4,-8,0,0,1,0,-0.59,-0.07
17.419998,-499,-499,5.78,-10,-12,0,0,1,0,-0.58,0.28
17.424999,-442,-442,5.29,-10,-12,0,0,1,0,-0.53,0.98
17.43,-290,-290,4.94,-14,-16,0,0,1,0,-0.49,0.69
17.435001,-305,-305,4.49,-14,-16,0,0,1,0,-0.45,0.91
17.439999,-245,-245,3.78,-18,-18,0,0,1,0,-0.38,1.42
17.445,-155,-155,2.97,-18,-18,0,0,1,0,-0.3,1.62
17.450001,-106,-106,2.31,-18,-20,0,0,1,0,-0.23,1.33
17.455002,-98,-98,1.37,-18,-20,0,0,1,0,-0.14,1.87
17.459999,-45,-45,0.56,-16,-18,0,0,1,0,-0.06,1.62
17.465,-19,-19,-0.33,-16,-18,0,0,1,0,0.03,1.79
17.470001,13,13,-1.2,-16,-16,0,0,1,0,0.12,1.73
17.474998,44,44,-1.99,-16,-16,0,0,1,0,0.2,1.58
17.48,76,76,-2.81,-14,-14,0,0,1,0,0.28,1.64
17.485001,103,103,-3.4,-14,-14,0,0,1,0,0.34,1.19
17.490002,159,159,-3.98,-10,-10,0,0,1,0,0.4,1.17
17.494999,187,187,-4.55,-10,-10,0,0,1,0,0.46,1.14
17.5,217,217,-4.82,-8,-8,0,0,1,0,0.48,0.54
17.505001,291,291,-5.18,-8,-8,0,0,1,0,0.52,0.73
17.509998,292,292,-5.74,-2,-2,0,0,1,0,0.57,1.1
17.514999,278,278,-5.93,-2,-2,0,0,1,0,0.59,0.39
17.52,350,350,-6.02,-2,-2,0,0,1,0,0.6,0.18
17.525001,350,350,-6.05,-2,-2,0,0,1,0,0.6,0.05
17.529999,349,349,-6.14,4,4,0,0,1,0,0.61,0.18
17.535,354,354,-6.1,4,4,0,0,1,0,0.61,-0.08
17.540001,351,351,-5.93,4,4,0,0,1,0,0.59,-0.33
17.544998,348,348,-5.52,4,4,0,0,1,0,0.55,-0.83
17.549999,379,379,-5.43,10,10,0,0,1,0,0.54,-0.17
17.555,329,329,-5.22,10,10,0,0,1,0,0.52,-0.43
17.560001,324,324,-4.93,10,10,0,0,1,0,0.49,-0.58
17.564999,326,326,-4.29,10,10,0,0,1,0,0.43,-1.26
17.57,353,353,-3.97,14,12,0,0,1,0,0.4,-0.64
17.575001,283,283,-3.37,14,12,0,0,1,0,0.34,-1.2
17.580002,284,284,-2.85,12,12,0,0,1,0,0.29,-1.04
17.584999,235,235,-2.16,12,12,0,0,1,0,0.22,-1.39
17.59,197,197,-1.96,14,16,0,0,1,0,0.2,-0.39
17.595001,140,140,-1.32,14,16,0,0,1,0,0.13,-1.29
17.599998,119,119,-0.77,14,14,0,0,1,0,0.08,-1.11
17.605,67,67,0.06,14,14,0,0,1,0,-0.01,-1.64
17.610001,-8,-8,0.49,16,14,0,0,1,0,-0.05,-0.86
17.615002,-44,-44,1.26,16,14,0,0,1,0,-0.13,-1.54
17.619999,-134,-134,1.89,12,12,0,0,1,0,-0.19,-1.26
17.625,-190,-190,2.52,12,12,0,0,1,0,-0.25,-1.25
17.630001,-256,-256,3.23,8,8,0,0,1,0,-0.32,-1.43
17.634998,-347,-347,3.8,8,8,0,0,1,0,-0.38,-1.14
17.639999,-390,-390,4.28,8,6,0,0,1,0,-0.43,-0.94
17.645,-429,-429,4.49,8,6,0,0,1,0,-0.45,-0.42
17.650001,-401,-401,4.89,0,0,0,0,1,0,-0.49,-0.81
17.654999,-491,-491,5.15,0,0,0,0,1,0,-0.52,-0.52
17.66,-481,-481,5.22,-4,-2,0,0,1,0,-0.52,-0.13
17.665001,-439,-439,5.01,-4,-2,0,0,1,0,-0.5,0.42
17.669998,-357,-357,5.02,-8,-6,0,0,1,0,-0.5,-0.01
17.674999,-407,-407,4.98,-8,-6,0,0,1,0,-0.5,0.07
17.68,-394,-394,4.81,-10,-10,0,0,1,0,-0.48,0.34
17.685001,-349,-349,4.32,-10,-10,0,0,1,0,-0.43,0.98
17.689999,-227,-227,3.98,-14,-14,0,0,1,0,-0.4,0.69
17.695,-237,-237,3.46,-14,-14,0,0,1,0,-0.35,1.02
17.700001,-172,-172,2.97,-16,-14,0,0,1,0,-0.3,0.99
17.705002,-150,-150,2.16,-16,-14,0,0,1,0,-0.22,1.63
17.709999,-77,-77,1.71,-14,-16,0,0,1,0,-0.17,0.89
17.715,-89,-89,0.86,-14,-16,0,0,1,0,-0.09,1.69
17.720001,-30,-30,0.24,-12,-12,0,0,1,0,-0.02,1.24
17.724998,-10,-10,-0.36,-12,-12,0,0,1,0,0.04,1.21
17.73,18,18,-1.11,-12,-12,0,0,1,0,0.11,1.49
17.735001,45,45,-1.57,-12,-12,0,0,1,0,0.16,0.93
17.740002,82,82,-2.25,-10,-10,0,0,1,0,0.22,1.35
17.744999,97,97,-2.81,-10,-10,0,0,1,0,0.28,1.12
17.75,135,135,-3.31,-6,-8,0,0,1,0,0.33,1.01
17.755001,167,167,-3.72,-6,-8,0,0,1,0,0.37,0.83
17.759998,203,203,-3.86,-6,-6,0,0,1,0,0.39,0.28
17.764999,258,258,-4.12,-6,-6,0,0,1,0,0.41,0.52
17.77,257,257,-4.54,0,-2,0,0,1,0,0.45,0.84
17.775001,246,246,-4.7,0,-2,0,0,1,0,0.47,0.32
17.779999,299,299,-4.72,0,2,0,0,1,0,0.47,0.02
17.785,300,300,-4.65,0,2,0,0,1,0,0.47,-0.12
17.790001,297,297,-4.77,4,4,0,0,1,0,0.48,0.23
17.794998,302,302,-4.81,4,4,0,0,1,0,0.48,0.08
17.799999,304,304,-4.66,4,6,0,0,1,0,0.47,-0.32
17.805,296,296,-4.29,4,6,0,0,1,0,0.43,-0.73
17.810001,308,308,-4.28,10,8,0,0,1,0,0.43,-0.03
17.814999,281,281,-4.1,10,8,0,0,1,0,0.41,-0.34
17.82,269,269,-3.78,10,10,0,0,1,0,0.38,-0.65
17.825001,272,272,-3.18,10,10,0,0,1,0,0.32,-1.21
17.830002,270,270,-2.9,12,12,0,0,1,0,0.29,-0.56
17.834999,211,211,-2.36,12,12,0,0,1,0,0.24,-1.07
17.84,198,198,-1.83,10,12,0,0,1,0,0.18,-1.06
17.845001,156,156,-1.23,10,12,0,0,1,0,0.12,-1.21
17.849998,109,109,-1,14,14,0,0,1,0,0.1,-0.45
17.855,75,75,-0.43,14,14,0,0,1,0,0.04,-1.14
17.860001,37,37,0.05,12,12,0,0,1,0,0,-0.96
17.865002,-6,-6,0.67,12,12,0,0,1,0,-0.07,-1.23
17.869999,-66,-66,1.25,10,10,0,0,1,0,-0.12,-1.16
17.875,-121,-121,1.79,10,10,0,0,1,0,-0.18,-1.08
17.880001,-172,-172,2.3,8,10,0,0,1,0,-0.23,-1.04
17.884998,-222,-222,2.73,8,10,0,0,1,0,-0.27,-0.86
17.889999,-256,-256,3.37,4,4,0,0,1,0,-0.34,-1.27
17.895,-350,-350,3.67,4,4,0,0,1,0,-0.37,-0.61
17.900001,-335,-335,4.03,2,2,0,0,1,0,-0.4,-0.72
17.904999,-382,-382,4.14,2,2,0,0,1,0,-0.41,-0.23
17.91,-348,-348,4.4,-2,-2,0,0,1,0,-0.44,-0.5
17.915001,-400,-400,4.45,-2,-2,0,0,1,0,-0.44,-0.1
17.919998,-363,-363,4.4,-4,-4,0,0,1,0,-0.44,0.09
17.924999,-340,-340,4.05,-4,-4,0,0,1,0,-0.4,0.7
17.93,-240,-240,4.03,-8,-8,0,0,1,0,-0.4,0.03
17.935001,-315,-315,3.82,-8,-8,0,0,1,0,-0.38,0.43
17.939999,-259,-259,3.66,-8,-8,0,0,1,0,-0.37,0.31
17.945,-258,-258,3.08,-8,-8,0,0,1,0,-0.31,1.18
17.950001,-143,-143,2.77,-12,-12,0,0,1,0,-0.28,0.61
17.955002,-169,-169,2.16,-12,-12,0,0,1,0,-0.22,1.22
17.959999,-98,-98,1.75,-10,-12,0,0,1,0,-0.18,0.82
17.965,-94,-94,1,-10,-12,0,0,1,0,-0.1,1.52
17.970001,-37,-37,0.44,-10,-12,0,0,1,0,-0.04,1.12
17.974998,-20,-20,-0.07,-10,-12,0,0,1,0,0.01,1.02
17.98,4,4,-0.53,-10,-10,0,0,1,0,0.05,0.91
17.985001,28,28,-0.93,-10,-10,0,0,1,0,0.09,0.8
17.990002,51,51,-1.52,-8,-8,0,0,1,0,0.15,1.18
17.994999,72,72,-1.86,-8,-8,0,0,1,0,0.19,0.67
18,110,110,-2.24,-6,-8,0,0,1,0,0.22,0.77
18.005001,125,125,-2.7,-6,-8,0,0,1,0,0.27,0.91
18.009998,142,142,-3.07,-4,-2,0,0,1,0,0.31,0.75
18.014999,174,174,-3.39,-4,-2,0,0,1,0,0.34,0.64
18.02,204,204,-3.41,-2,-2,0,0,1,0,0.34,0.03
18.025001,236,236,-3.51,-2,-2,0,0,1,0,0.35,0.22
18.029999,241,241,-3.72,2,0,0,0,1,0,0.37,0.42
18.035,248,248,-3.78,2,0,0,0,1,0,0.38,0.11
18.040001,256,256,-3.68,2,0,0,0,1,0,0.37,-0.19
18.044998,250,250,-3.56,2,0,0,0,1,0,0.36,-0.24
18.049999,242,242,-3.79,6,6,0,0,1,0,0.38,0.45
18.055,248,248,-3.7,6,6,0,0,1,0,0.37,-0.18
18.060001,251,251,-3.43,6,6,0,0,1,0,0.34,-0.53
18.064999,243,243,-3.1,6,6,0,0,1,0,0.31,-0.67
18.07,231,231,-3.03,8,10,0,0,1,0,0.3,-0.13
18.075001,212,212,-2.63,8,10,0,0,1,0,0.26,-0.8
18.080002,206,206,-2.36,8,8,0,0,1,0,0.24,-0.55
18.084999,174,174,-1.85,8,8,0,0,1,0,0.19,-1.01
18.09,155,155,-1.48,10,10,0,0,1,0,0.15,-0.75
18.095001,118,118,-0.95,10,10,0,0,1,0,0.09,-1.06
18.099998,82,82,-0.37,8,12,0,0,1,0,0.04,-1.16
18.105,32,32,0.13,8,12,0,0,1,0,-0.01,-1.01
18.110001,-14,-14,0.72,10,10,0,0,1,0,-0.07,-1.17
18.115002,-70,-70,1.22,10,10,0,0,1,0,-0.12,-0.99
18.119999,-114,-114,1.71,8,10,0,0,1,0,-0.17,-0.99
18.125,-161,-161,2.09,8,10,0,0,1,0,-0.21,-0.76
18.130001,-188,-188,2.52,4,6,0,0,1,0,-0.25,-0.85
18.134998,-234,-234,2.75,4,6,0,0,1,0,-0.28,-0.48
18.139999,-238,-238,3.1,2,4,0,0,1,0,-0.31,-0.68
18.145,-282,-282,3.41,2,4,0,0,1,0,-0.34,-0.62
18.150001,-309,-309,3.93,-2,0,0,0,1,0,-0.39,-1.05
18.154999,-398,-398,4.08,-2,0,0,0,1,0,-0.41,-0.31
18.16,-350,-350,4,-2,-2,0,0,1,0,-0.4,0.17
18.165001,-298,-298,3.65,-2,-2,0,0,1,0,-0.37,0.68
18.169998,-216,-216,3.7,-6,-6,0,0,1,0,-0.37,-0.1
18.174999,-297,-297,3.61,-6,-6,0,0,1,0,-0.36,0.18
18.18,-266,-266,3.55,-6,-8,0,0,1,0,-0.36,0.13
18.185001,-265,-265,3.21,-6,-8,0,0,1,0,-0.32,0.68
18.189999,-189,-189,3.02,-10,-12,0,0,1,0,-0.3,0.39
18.195,-207,-207,2.51,-10,-12,0,0,1,0,-0.25,1.01
18.200001,-125,-125,2.14,-10,-10,0,0,1,0,-0.21,0.74
18.205002,-121,-121,1.49,-10,-10,0,0,1,0,-0.15,1.3
18.209999,-65,-65,0.97,-12,-12,0,0,1,0,-0.1,1.04
18.215,-47,-47,0.49,-12,-12,0,0,1,0,-0.05,0.97
18.220001,-24,-24,0.08,-10,-8,0,0,1,0,-0.01,0.82
18.224998,-3,-3,-0.28,-10,-8,0,0,1,0,0.03,0.7
18.23,16,16,-0.8,-8,-8,0,0,1,0,0.08,1.04
18.235001,40,40,-1.06,-8,-8,0,0,1,0,0.11,0.53
18.240002,68,68,-1.42,-6,-6,0,0,1,0,0.14,0.72
18.244999,81,81,-1.75,-6,-6,0,0,1,0,0.18,0.67
18.25,104,104,-2.13,-4,-4,0,0,1,0,0.21,0.75
18.255001,120,120,-2.5,-4,-4,0,0,1,0,0.25,0.74
18.259998,142,142,-2.54,-2,-2,0,0,1,0,0.25,0.09
18.264999,180,180,-2.71,-2,-2,0,0,1,0,0.27,0.34
18.27,186,186,-2.96,0,0,0,0,1,0,0.3,0.49
18.275001,193,193,-2.99,0,0,0,0,1,0,0.3,0.08
18.279999,209,209,-2.85,2,0,0,0,1,0,0.28,-0.29
18.285,199,199,-2.77,2,0,0,0,1,0,0.28,-0.15
18.290001,195,195,-2.88,4,4,0,0,1,0,0.29,0.22
18.294998,200,200,-2.8,4,4,0,0,1,0,0.28,-0.17
18.299999,196,196,-2.48,2,4,0,0,1,0,0.25,-0.62
18.305,186,186,-2.27,2,4,0,0,1,0,0.23,-0.42
18.310001,162,162,-2.11,6,6,0,0,1,0,0.21,-0.33
18.314999,150,150,-1.88,6,6,0,0,1,0,0.19,-0.45
18.32,137,137,-1.62,6,6,0,0,1,0,0.16,-0.52
18.325001,121,121,-1.27,6,6,0,0,1,0,0.13,-0.7
18.330002,101,101,-1,8,8,0,0,1,0,0.1,-0.55
18.334999,76,76,-0.68,8,8,0,0,1,0,0.07,-0.63
18.34,54,54,-0.25,6,6,0,0,1,0,0.03,-0.86
18.345001,20,20,0.13,6,6,0,0,1,0,-0.01,-0.76
18.349998,-12,-12,0.56,6,6,0,0,1,0,-0.06,-0.86
18.355,-51,-51,0.92,6,6,0,0,1,0,-0.09,-0.73
18.360001,-81,-81,1.29,6,6,0,0,1,0,-0.13,-0.73
18.365002,-113,-113,1.58,6,6,0,0,1,0,-0.16,-0.58
18.369999,-135,-135,1.88,2,4,0,0,1,0,-0.19,-0.6
18.375,-162,-162,2.09,2,4,0,0,1,0,-0.21,-0.43
18.380001,-175,-175,2.34,2,2,0,0,1,0,-0.23,-0.49
18.384998,-200,-200,2.62,2,2,0,0,1,0,-0.26,-0.56
18.389999,-229,-229,2.94,-2,-2,0,0,1,0,-0.29,-0.65
18.395,-265,-265,2.91,-2,-2,0,0,1,0,-0.29,0.07
18.400001,-221,-221,2.85,-2,0,0,0,1,0,-0.28,0.12
18.404999,-212,-212,2.73,-2,0,0,0,1,0,-0.27,0.23
18.41,-197,-197,2.87,-6,-6,0,0,1,0,-0.29,-0.27
18.415001,-237,-237,2.84,-6,-6,0,0,1,0,-0.28,0.06
18.419998,-216,-216,2.69,-4,-4,0,0,1,0,-0.27,0.29
18.424999,-190,-190,2.33,-4,-4,0,0,1,0,-0.23,0.72
18.43,-133,-133,2.26,-8,-8,0,0,1,0,-0.23,0.13
18.435001,-168,-168,1.91,-8,-8,0,0,1,0,-0.19,0.71
18.439999,-109,-109,1.73,-8,-8,0,0,1,0,-0.17,0.35
18.445,-121,-121,1.25,-8,-8,0,0,1,0,-0.13,0.96
18.450001,-63,-63,0.91,-8,-8,0,0,1,0,-0.09,0.69
18.455002,-52,-52,0.63,-8,-8,0,0,1,0,-0.06,0.56
18.459999,-39,-39,0.22,-8,-6,0,0,1,0,-0.02,0.81
18.465,-11,-11,0.01,-8,-6,0,0,1,0,0,0.43
18.470001,0,0,-0.4,-8,-6,0,0,1,0,0.04,0.81
18.474998,22,22,-0.61,-8,-6,0,0,1,0,0.06,0.43
18.48,42,42,-0.97,-6,-6,0,0,1,0,0.1,0.72
18.485001,56,56,-1.29,-6,-6,0,0,1,0,0.13,0.63
18.490002,78,78,-1.54,-4,-4,0,0,1,0,0.15,0.51
18.494999,100,100,-1.85,-4,-4,0,0,1,0,0.19,0.62
18.5,113,113,-1.94,-4,-2,0,0,1,0,0.19,0.19
18.505001,138,138,-2.1,-4,-2,0,0,1,0,0.21,0.32
18.509998,146,146,-2.37,0,0,0,0,1,0,0.24,0.54
18.514999,151,151,-2.46,0,0,0,0,1,0,0.25,0.18
18.52,173,173,-2.33,0,0,0,0,1,0,0.23,-0.27
18.525001,165,165,-2.28,0,0,0,0,1,0,0.23,-0.09
18.529999,163,163,-2.43,4,4,0,0,1,0,0.24,0.29
18.535,168,168,-2.41,4,4,0,0,1,0,0.24,-0.02
18.540001,173,173,-2.26,2,2,0,0,1,0,0.23,-0.3
18.544998,161,161,-2.13,2,2,0,0,1,0,0.21,-0.26
18.549999,152,152,-2.06,6,6,0,0,1,0,0.21,-0.14
18.555,148,148,-1.81,6,6,0,0,1,0,0.18,-0.5
18.560001,134,134,-1.44,6,6,0,0,1,0,0.14,-0.73
18.564999,115,115,-1.13,6,6,0,0,1,0,0.11,-0.63
18.57,88,88,-0.85,8,8,0,0,1,0,0.08,-0.56
18.575001,65,65,-0.55,8,8,0,0,1,0,0.06,-0.6
18.580002,43,43,-0.13,6,6,0,0,1,0,0.01,-0.84
18.584999,10,10,0.15,6,6,0,0,1,0,-0.01,-0.56
18.59,-13,-13,0.57,6,6,0,0,1,0,-0.06,-0.85
18.595001,-51,-51,0.82,6,6,0,0,1,0,-0.08,-0.5
18.599998,-68,-68,1.14,4,6,0,0,1,0,-0.11,-0.65
18.605,-98,-98,1.36,4,6,0,0,1,0,-0.14,-0.44
18.610001,-112,-112,1.65,4,2,0,0,1,0,-0.16,-0.57
18.615002,-141,-141,1.79,4,2,0,0,1,0,-0.18,-0.29
18.619999,-145,-145,1.98,2,2,0,0,1,0,-0.2,-0.37
18.625,-163,-163,2.16,2,2,0,0,1,0,-0.22,-0.37
18.630001,-180,-180,2.41,-2,0,0,0,1,0,-0.24,-0.49
18.634998,-207,-207,2.31,-2,0,0,0,1,0,-0.23,0.19
18.639999,-169,-169,2.13,-2,0,0,0,1,0,-0.21,0.37
18.645,-147,-147,2.08,-2,0,0,0,1,0,-0.21,0.1
18.650001,-156,-156,2.12,-4,-4,0,0,1,0,-0.21,-0.08
18.654999,-166,-166,2.17,-4,-4,0,0,1,0,-0.22,-0.11
18.66,-172,-172,2,-4,-4,0,0,1,0,-0.2,0.35
18.665001,-139,-139,1.7,-4,-4,0,0,1,0,-0.17,0.6
18.669998,-104,-104,1.5,-6,-6,0,0,1,0,-0.15,0.39
18.674999,-104,-104,1.31,-6,-6,0,0,1,0,-0.13,0.39
18.68,-90,-90,1.1,-4,-4,0,0,1,0,-0.11,0.42
18.685001,-75,-75,0.82,-4,-4,0,0,1,0,-0.08,0.55
18.689999,-52,-52,0.46,-6,-8,0,0,1,0,-0.05,0.74
18.695,-25,-25,0.25,-6,-8,0,0,1,0,-0.02,0.41
18.700001,-17,-17,-0.05,-6,-6,0,0,1,0,0.01,0.61
18.705002,4,4,-0.21,-6,-6,0,0,1,0,0.02,0.31
18.709999,15,15,-0.59,-6,-4,0,0,1,0,0.06,0.75
18.715,33,33,-0.77,-6,-4,0,0,1,0,0.08,0.37
18.720001,54,54,-0.96,-4,-2,0,0,1,0,0.1,0.37
18.724998,66,66,-1.15,-4,-2,0,0,1,0,0.12,0.39
18.73,80,80,-1.32,0,-2,0,0,1,0,0.13,0.35
18.735001,92,92,-1.56,0,-2,0,0,1,0,0.16,0.46
18.740002,104,104,-1.61,-2,-2,0,0,1,0,0.16,0.11
18.744999,116,116,-1.67,-2,-2,0,0,1,0,0.17,0.11
18.75,120,120,-1.75,2,2,0,0,1,0,0.18,0.17
18.755001,125,125,-1.74,2,2,0,0,1,0,0.17,-0.03
18.759998,127,127,-1.6,0,2,0,0,1,0,0.16,-0.28
18.764999,116,116,-1.56,0,2,0,0,1,0,0.16,-0.08
18.77,114,114,-1.55,4,4,0,0,1,0,0.15,-0.02
18.775001,114,114,-1.59,4,4,0,0,1,0,0.16,0.09
18.779999,115,115,-1.35,4,2,0,0,1,0,0.13,-0.48
18.785,101,101,-1.16,4,2,0,0,1,0,0.12,-0.38
18.790001,85,85,-0.99,6,4,0,0,1,0,0.1,-0.33
18.794998,73,73,-0.79,6,4,0,0,1,0,0.08,-0.41
18.799999,58,58,-0.56,4,4,0,0,1,0,0.06,-0.45
18.805,42,42,-0.34,4,4,0,0,1,0,0.03,-0.44
18.810001,25,25,-0.07,4,4,0,0,1,0,0.01,-0.55
18.814999,4,4,0.14,4,4,0,0,1,0,-0.01,-0.42
18.82,-12,-12,0.39,4,4,0,0,1,0,-0.04,-0.51
18.825001,-33,-33,0.6,4,4,0,0,1,0,-0.06,-0.42
18.830002,-49,-49,0.8,2,2,0,0,1,0,-0.08,-0.4
18.834999,-64,-64,0.91,2,2,0,0,1,0,-0.09,-0.22
18.84,-72,-72,1,2,2,0,0,1,0,-0.1,-0.18
18.845001,-79,-79,1.11,2,2,0,0,1,0,-0.11,-0.23
18.849998,-89,-89,1.21,0,0,0,0,1,0,-0.12,-0.19
18.855,-96,-96,1.25,0,0,0,0,1,0,-0.12,-0.07
18.860001,-98,-98,1.26,0,0,0,0,1,0,-0.13,-0.01
18.865002,-98,-98,1.33,0,0,0,0,1,0,-0.13,-0.16
18.869999,-106,-106,1.36,-2,-2,0,0,1,0,-0.14,-0.05
18.875,-106,-106,1.28,-2,-2,0,0,1,0,-0.13,0.17
18.880001,-94,-94,1.05,-2,-2,0,0,1,0,-0.11,0.44
18.884998,-71,-71,1,-2,-2,0,0,1,0,-0.1,0.11
18.889999,-75,-75,0.93,-4,-4,0,0,1,0,-0.09,0.14
18.895,-70,-70,0.94,-4,-4,0,0,1,0,-0.09,-0.02
18.900001,-73,-73,0.76,-4,-4,0,0,1,0,-0.08,0.35
18.904999,-54,-54,0.55,-4,-4,0,0,1,0,-0.06,0.42
18.91,-38,-38,0.33,-4,-4,0,0,1,0,-0.03,0.44
18.915001,-22,-22,0.25,-4,-4,0,0,1,0,-0.03,0.16
18.919998,-19,-19,0,-4,-4,0,0,1,0,0,0.5
18.924999,0,0,-0.16,-4,-4,0,0,1,0,0.02,0.31
18.93,11,11,-0.35,-2,-2,0,0,1,0,0.03,0.39
18.935001,24,24,-0.45,-2,-2,0,0,1,0,0.05,0.2
18.939999,32,32,-0.56,-2,-2,0,0,1,0,0.06,0.22
18.945,40,40,-0.73,-2,-2,0,0,1,0,0.07,0.34
18.950001,51,51,-0.84,-2,0,0,0,1,0,0.08,0.22
18.955002,60,60,-1,-2,0,0,0,1,0,0.1,0.32
18.959999,70,70,-0.99,0,-2,0,0,1,0,0.1,-0.03
18.965,73,73,-0.96,0,-2,0,0,1,0,0.1,-0.05
18.970001,71,71,-0.96,2,2,0,0,1,0,0.1,0.01
18.974998,72,72,-0.92,2,2,0,0,1,0,0.09,-0.09
18.98,68,68,-0.83,0,2,0,0,1,0,0.08,-0.18
18.985001,62,62,-0.83,0,2,0,0,1,0,0.08,0.01
18.990002,62,62,-0.76,2,2,0,0,1,0,0.08,-0.14
18.994999,57,57,-0.71,2,2,0,0,1,0,0.07,-0.11
19,53,53,-0.67,2,2,0,0,1,0,0.07,-0.08
19.005001,50,50,-0.71,2,2,0,0,1,0,0.07,0.08
19.009998,53,53,-0.6,2,2,0,0,1,0,0.06,-0.23
19.014999,45,45,-0.48,2,2,0,0,1,0,0.05,-0.24
19.02,36,36,-0.28,2,2,0,0,1,0,0.03,-0.39
19.025001,21,21,-0.18,2,2,0,0,1,0,0.02,-0.21
19.029999,13,13,-0.06,2,2,0,0,1,0,0.01,-0.24
19.035,4,4,-0.06,2,2,0,0,1,0,0.01,0.01
19.040001,4,4,0.05,2,2,0,0,1,0,-0.01,-0.23
19.044998,-5,-5,0.2,2,2,0,0,1,0,-0.02,-0.29
19.049999,-16,-16,0.33,2,2,0,0,1,0,-0.03,-0.25
19.055,-26,-26,0.39,2,2,0,0,1,0,-0.04,-0.14
19.060001,-31,-31,0.4,2,0,0,0,1,0,-0.04,-0.02
19.064999,-32,-32,0.44,2,0,0,0,1,0,-0.04,-0.07
19.07,-34,-34,0.47,0,0,0,0,1,0,-0.05,-0.07
19.075001,-37,-37,0.49,0,0,0,0,1,0,-0.05,-0.02
19.080002,-38,-38,0.44,0,0,0,0,1,0,-0.04,0.1
19.084999,-33,-33,0.38,0,0,0,0,1,0,-0.04,0.12
19.09,-29,-29,0.31,0,0,0,0,1,0,-0.03,0.14
19.095001,-23,-23,0.29,0,0,0,0,1,0,-0.03,0.03
19.099998,-23,-23,0.23,-2,0,0,0,1,0,-0.02,0.12
19.105,-18,-18,0.24,-2,0,0,0,1,0,-0.02,-0.01
19.110001,-19,-19,0.17,-2,-2,0,0,1,0,-0.02,0.14
19.115002,-13,-13,0.12,-2,-2,0,0,1,0,-0.01,0.09
19.119999,-9,-9,0.08,0,0,0,0,1,0,-0.01,0.09
19.125,-6,-6,0.07,0,0,0,0,1,0,-0.01,0.01
19.130001,-6,-6,0.06,0,-2,0,0,1,0,-0.01,0.02
19.134998,-5,-5,0.01,0,-2,0,0,1,0,0,0.1
19.139999,-1,-1,-0.08,-2,0,0,0,1,0,0.01,0.18
19.145,6,6,-0.14,-2,0,0,0,1,0,0.01,0.11
19.150001,10,10,-0.18,0,-2,0,0,1,0,0.02,0.07
19.154999,13,13,-0.18,0,-2,0,0,1,0,0.02,0.01
19.16,13,13,-0.19,0,0,0,0,1,0,0.02,0.02
19.165001,14,14,-0.22,0,0,0,0,1,0,0.02,0.06
19.169998,16,16,-0.21,0,0,0,0,1,0,0.02,-0.01
19.174999,16,16,-0.23,0,0,0,0,1,0,0.02,0.02
19.18,17,17,-0.19,0,0,0,0,1,0,0.02,-0.06
19.185001,14,14,-0.18,0,0,0,0,1,0,0.02,-0.03
19.189999,13,13,-0.16,0,0,0,0,1,0,0.02,-0.04
19.195,12,12,-0.17,0,0,0,0,1,0,0.02,0.02
19.200001,12,12,-0.15,0,0,0,0,1,0,0.01,-0.04
19.205002,11,11,-0.15,0,0,0,0,1,0,0.01,-0.01
19.209999,11,11,-0.11,0,0,0,0,1,0,0.01,-0.08
19.215,8,8,-0.09,0,0,0,0,1,0,0.01,-0.03
19.220001,7,7,-0.08,0,0,0,0,1,0,0.01,-0.02
19.224998,6,6,-0.08,0,0,0,0,1,0,0.01,-0.01
19.23,6,6,-0.05,0,0,0,0,1,0,0,-0.06
19.235001,3,3,-0.02,0,0,0,0,1,0,0,-0.04
19.240002,1,1,-0.01,0,0,0,0,1,0,0,-0.04
19.244999,0,0,0,0,0,0,0,1,0,0,-0.01
19.25,-1,-1,0.02,0,0,0,0,1,0,0,-0.03
19.255001,-2,-2,0.04,0,0,0,0,1,0,0,-0.04
19.259998,-3,-3,0.05,0,0,0,0,1,0,-0.01,-0.03
19.264999,-5,-5,0.07,0,0,0,0,1,0,-0.01,-0.04
19.27,-6,-6,0.07,0,0,0,0,1,0,-0.01,0
19.275001,-6,-6,0.08,0,0,0,0,1,0,-0.01,-0.02
19.279999,-7,-7,0.1,0,0,0,0,1,0,-0.01,-0.03
