I0,I1,I2,I3,I4,I5,I6,I7,I8
1583.491943,-24.000000,-24.000000,1.990000,0.000000,0.000000,0.000000,1.660000,1.000000
1583.496948,-16.000000,-16.000000,2.020000,0.000000,0.000000,0.000000,1.660000,1.000000
1583.501953,-20.000000,-20.000000,2.050000,0.000000,-2.000000,0.000000,1.840000,1.000000
1583.506958,-26.000000,-26.000000,2.040000,0.000000,-2.000000,0.000000,1.840000,1.000000
1583.511963,-8.000000,-8.000000,1.990000,-2.000000,0.000000,0.000000,1.740000,1.000000
1583.516968,0.000000,0.000000,2.040000,-2.000000,0.000000,0.000000,1.740000,1.000000
1583.521973,-13.000000,-13.000000,2.070000,0.000000,-2.000000,0.000000,1.740000,1.000000
1583.526978,-17.000000,-17.000000,2.020000,0.000000,-2.000000,0.000000,1.740000,1.000000
1583.531982,-7.000000,-7.000000,1.950000,0.000000,0.000000,0.000000,1.740000,1.000000
1583.536987,4.000000,4.000000,1.940000,0.000000,0.000000,0.000000,1.740000,1.000000
1583.541992,1.000000,1.000000,1.970000,0.000000,0.000000,0.000000,1.830000,1.000000
1583.546997,-5.000000,-5.000000,1.960000,0.000000,0.000000,0.000000,1.830000,1.000000
1583.552002,6.000000,6.000000,1.870000,0.000000,0.000000,0.000000,1.830000,1.000000
1583.557007,17.000000,17.000000,1.830000,0.000000,0.000000,0.000000,1.830000,1.000000
1583.562012,18.000000,18.000000,1.850000,-2.000000,0.000000,0.000000,1.830000,1.000000
1583.567017,11.000000,11.000000,1.850000,-2.000000,0.000000,0.000000,1.830000,1.000000
1583.572021,9.000000,9.000000,1.810000,0.000000,0.000000,0.000000,1.730000,1.000000
1583.577026,15.000000,15.000000,1.760000,0.000000,0.000000,0.000000,1.730000,1.000000
1583.582031,11.000000,11.000000,1.770000,2.000000,0.000000,0.000000,1.820000,1.000000
1583.587036,8.000000,8.000000,1.800000,2.000000,0.000000,0.000000,1.820000,1.000000
1583.592041,12.000000,12.000000,1.760000,0.000000,0.000000,0.000000,1.920000,1.000000
1583.597046,19.000000,19.000000,1.710000,0.000000,0.000000,0.000000,1.920000,1.000000
1583.602051,33.000000,33.000000,1.700000,0.000000,0.000000,0.000000,1.830000,1.000000
1583.607056,33.000000,33.000000,1.690000,0.000000,0.000000,0.000000,1.830000,1.000000
1583.612061,26.000000,26.000000,1.660000,0.000000,0.000000,0.000000,1.830000,1.000000
1583.616943,30.000000,30.000000,1.560000,0.000000,0.000000,0.000000,1.830000,1.000000
1583.621948,40.000000,40.000000,1.560000,2.000000,2.000000,0.000000,1.830000,1.000000
1583.626953,40.000000,40.000000,1.560000,2.000000,2.000000,0.000000,1.830000,1.000000
1583.631958,40.000000,40.000000,1.500000,0.000000,0.000000,0.000000,2.020000,1.000000
1583.636963,47.000000,47.000000,1.380000,0.000000,0.000000,0.000000,2.020000,1.000000
1583.641968,71.000000,71.000000,1.400000,0.000000,0.000000,0.000000,1.830000,1.000000
1583.646973,67.000000,67.000000,1.380000,0.000000,0.000000,0.000000,1.830000,1.000000
1583.651978,55.000000,55.000000,1.300000,0.000000,0.000000,0.000000,1.830000,1.000000
1583.656982,66.000000,66.000000,1.090000,0.000000,0.000000,0.000000,1.830000,1.000000
1583.661987,82.000000,82.000000,1.090000,2.000000,2.000000,0.000000,1.830000,1.000000
1583.666992,72.000000,72.000000,1.140000,2.000000,2.000000,0.000000,1.830000,1.000000
1583.671997,54.000000,54.000000,1.210000,0.000000,2.000000,0.000000,2.020000,1.000000
1583.677002,43.000000,43.000000,1.090000,0.000000,2.000000,0.000000,2.020000,1.000000
1583.682007,74.000000,74.000000,0.970000,2.000000,4.000000,0.000000,1.940000,1.000000
1583.687012,85.000000,85.000000,0.970000,2.000000,4.000000,0.000000,1.940000,1.000000
1583.692017,67.000000,67.000000,1.090000,2.000000,2.000000,0.000000,2.130000,1.000000
1583.697021,41.000000,41.000000,1.000000,2.000000,2.000000,0.000000,2.130000,1.000000
1583.702026,60.000000,60.000000,0.980000,4.000000,4.000000,0.000000,2.050000,1.000000
1583.707031,61.000000,61.000000,1.050000,4.000000,4.000000,0.000000,2.050000,1.000000
1583.712036,41.000000,41.000000,1.190000,2.000000,2.000000,0.000000,2.250000,1.000000
1583.717041,19.000000,19.000000,1.210000,2.000000,2.000000,0.000000,2.250000,1.000000
1583.722046,33.000000,33.000000,1.210000,2.000000,4.000000,0.000000,2.070000,1.000000
1583.727051,37.000000,37.000000,1.280000,2.000000,4.000000,0.000000,2.070000,1.000000
1583.732056,16.000000,16.000000,1.440000,2.000000,4.000000,0.000000,2.180000,1.000000
1583.737061,-2.000000,-2.000000,1.480000,2.000000,4.000000,0.000000,2.180000,1.000000
1583.741943,5.000000,5.000000,1.500000,2.000000,4.000000,0.000000,2.190000,1.000000
1583.746948,10.000000,10.000000,1.550000,2.000000,4.000000,0.000000,2.190000,1.000000
1583.751953,8.000000,8.000000,1.680000,2.000000,2.000000,0.000000,2.200000,1.000000
1583.756958,-2.000000,-2.000000,1.770000,2.000000,2.000000,0.000000,2.200000,1.000000
1583.761963,-4.000000,-4.000000,1.780000,2.000000,2.000000,0.000000,2.120000,1.000000
1583.766968,5.000000,5.000000,1.770000,2.000000,2.000000,0.000000,2.120000,1.000000
1583.771973,6.000000,6.000000,1.830000,2.000000,2.000000,0.000000,2.120000,1.000000
1583.776978,2.000000,2.000000,1.900000,2.000000,2.000000,0.000000,2.120000,1.000000
1583.781982,-1.000000,-1.000000,1.930000,2.000000,0.000000,0.000000,2.130000,1.000000
1583.786987,2.000000,2.000000,1.910000,2.000000,0.000000,0.000000,2.130000,1.000000
1583.791992,12.000000,12.000000,1.900000,2.000000,0.000000,0.000000,2.050000,1.000000
1583.796997,16.000000,16.000000,1.920000,2.000000,0.000000,0.000000,2.050000,1.000000
1583.802002,9.000000,9.000000,1.930000,0.000000,2.000000,0.000000,2.050000,1.000000
1583.807007,12.000000,12.000000,1.900000,0.000000,2.000000,0.000000,2.050000,1.000000
1583.812012,19.000000,19.000000,1.870000,0.000000,0.000000,0.000000,2.050000,1.000000
1583.817017,24.000000,24.000000,1.820000,0.000000,0.000000,0.000000,2.050000,1.000000
1583.822021,29.000000,29.000000,1.790000,0.000000,0.000000,0.000000,1.960000,1.000000
1583.827026,32.000000,32.000000,1.790000,0.000000,0.000000,0.000000,1.960000,1.000000
1583.832031,23.000000,23.000000,1.760000,0.000000,0.000000,0.000000,1.960000,1.000000
1583.837036,25.000000,25.000000,1.640000,0.000000,0.000000,0.000000,1.960000,1.000000
1583.842041,36.000000,36.000000,1.600000,0.000000,0.000000,0.000000,1.960000,1.000000
1583.847046,34.000000,34.000000,1.670000,0.000000,0.000000,0.000000,1.960000,1.000000
1583.852051,18.000000,18.000000,1.720000,0.000000,0.000000,0.000000,1.960000,1.000000
1583.857056,10.000000,10.000000,1.620000,0.000000,0.000000,0.000000,1.960000,1.000000
1583.862061,23.000000,23.000000,1.550000,0.000000,0.000000,0.000000,1.960000,1.000000
1583.866943,30.000000,30.000000,1.590000,0.000000,0.000000,0.000000,1.960000,1.000000
1583.871948,17.000000,17.000000,1.690000,2.000000,2.000000,0.000000,1.960000,1.000000
1583.876953,2.000000,2.000000,1.660000,2.000000,2.000000,0.000000,1.960000,1.000000
1583.881958,9.000000,9.000000,1.590000,0.000000,0.000000,0.000000,2.150000,1.000000
1583.886963,20.000000,20.000000,1.590000,0.000000,0.000000,0.000000,2.150000,1.000000
1583.891968,29.000000,29.000000,1.690000,0.000000,0.000000,0.000000,1.970000,1.000000
1583.896973,12.000000,12.000000,1.730000,0.000000,0.000000,0.000000,1.970000,1.000000
1583.901978,-2.000000,-2.000000,1.680000,2.000000,0.000000,0.000000,1.970000,1.000000
1583.906982,8.000000,8.000000,1.670000,2.000000,0.000000,0.000000,1.970000,1.000000
1583.911987,8.000000,8.000000,1.750000,0.000000,0.000000,0.000000,2.070000,1.000000
1583.916992,-5.000000,-5.000000,1.830000,0.000000,0.000000,0.000000,2.070000,1.000000
1583.921997,-5.000000,-5.000000,1.820000,0.000000,0.000000,0.000000,1.970000,1.000000
1583.927002,1.000000,1.000000,1.810000,0.000000,0.000000,0.000000,1.970000,1.000000
1583.932007,-1.000000,-1.000000,1.850000,2.000000,0.000000,0.000000,1.970000,1.000000
1583.937012,-7.000000,-7.000000,1.910000,2.000000,0.000000,0.000000,1.970000,1.000000
1583.942017,-13.000000,-13.000000,1.910000,0.000000,0.000000,0.000000,2.070000,1.000000
1583.947021,-10.000000,-10.000000,1.890000,0.000000,0.000000,0.000000,2.070000,1.000000
1583.952026,0.000000,0.000000,1.920000,-2.000000,0.000000,0.000000,1.980000,1.000000
1583.957031,-5.000000,-5.000000,2.000000,-2.000000,0.000000,0.000000,1.980000,1.000000
1583.962036,-21.000000,-21.000000,2.020000,0.000000,0.000000,0.000000,1.880000,1.000000
1583.967041,-21.000000,-21.000000,2.000000,0.000000,0.000000,0.000000,1.880000,1.000000
1583.972046,-26.000000,-26.000000,2.030000,0.000000,0.000000,0.000000,1.970000,1.000000
1583.977051,-30.000000,-30.000000,2.130000,0.000000,0.000000,0.000000,1.970000,1.000000
1583.982056,-35.000000,-35.000000,2.150000,0.000000,0.000000,0.000000,1.970000,1.000000
1583.987061,-36.000000,-36.000000,2.160000,0.000000,0.000000,0.000000,1.970000,1.000000
1583.991943,-37.000000,-37.000000,2.210000,0.000000,0.000000,0.000000,1.970000,1.000000
1583.996948,-42.000000,-42.000000,2.330000,0.000000,0.000000,0.000000,1.970000,1.000000
1584.001953,-53.000000,-53.000000,2.320000,-2.000000,-2.000000,0.000000,1.970000,1.000000
1584.006958,-51.000000,-51.000000,2.340000,-2.000000,-2.000000,0.000000,1.970000,1.000000
1584.011963,-53.000000,-53.000000,2.420000,0.000000,0.000000,0.000000,1.780000,1.000000
1584.016968,-61.000000,-61.000000,2.540000,0.000000,0.000000,0.000000,1.780000,1.000000
1584.021973,-85.000000,-85.000000,2.520000,0.000000,-2.000000,0.000000,1.970000,1.000000
1584.026978,-80.000000,-80.000000,2.540000,0.000000,-2.000000,0.000000,1.970000,1.000000
1584.031982,-69.000000,-69.000000,2.660000,0.000000,0.000000,0.000000,1.870000,1.000000
1584.036987,-82.000000,-82.000000,2.930000,0.000000,0.000000,0.000000,1.870000,1.000000
1584.041992,-107.000000,-107.000000,2.900000,-2.000000,-2.000000,0.000000,1.960000,1.000000
1584.046997,-87.000000,-87.000000,2.800000,-2.000000,-2.000000,0.000000,1.960000,1.000000
1584.052002,-53.000000,-53.000000,2.740000,-2.000000,-2.000000,0.000000,1.770000,1.000000
1584.057007,-40.000000,-40.000000,2.850000,-2.000000,-2.000000,0.000000,1.770000,1.000000
1584.062012,-65.000000,-65.000000,2.810000,-4.000000,-4.000000,0.000000,1.760000,1.000000
1584.067017,-59.000000,-59.000000,2.780000,-4.000000,-4.000000,0.000000,1.760000,1.000000
1584.072021,-49.000000,-49.000000,2.660000,-2.000000,-4.000000,0.000000,1.570000,1.000000
1584.077026,-30.000000,-30.000000,2.700000,-2.000000,-4.000000,0.000000,1.570000,1.000000
1584.082031,-46.000000,-46.000000,2.650000,-2.000000,-4.000000,0.000000,1.650000,1.000000
1584.087036,-42.000000,-42.000000,2.580000,-2.000000,-4.000000,0.000000,1.650000,1.000000
1584.092041,-30.000000,-30.000000,2.480000,-2.000000,-2.000000,0.000000,1.630000,1.000000
1584.097046,-20.000000,-20.000000,2.500000,-2.000000,-2.000000,0.000000,1.630000,1.000000
1584.102051,-25.000000,-25.000000,2.460000,-2.000000,-4.000000,0.000000,1.720000,1.000000
1584.107056,-26.000000,-26.000000,2.410000,-2.000000,-4.000000,0.000000,1.720000,1.000000
1584.112061,-15.000000,-15.000000,2.300000,-4.000000,-4.000000,0.000000,1.610000,1.000000
1584.116943,-4.000000,-4.000000,2.260000,-4.000000,-4.000000,0.000000,1.610000,1.000000
1584.121948,-12.000000,-12.000000,2.220000,-2.000000,-2.000000,0.000000,1.510000,1.000000
1584.126953,-14.000000,-14.000000,2.170000,-2.000000,-2.000000,0.000000,1.510000,1.000000
1584.131958,-21.000000,-21.000000,2.090000,-2.000000,-2.000000,0.000000,1.680000,1.000000
1584.136963,-16.000000,-16.000000,2.050000,-2.000000,-2.000000,0.000000,1.680000,1.000000
1584.141968,-5.000000,-5.000000,2.040000,-2.000000,-2.000000,0.000000,1.670000,1.000000
1584.146973,-9.000000,-9.000000,2.010000,-2.000000,-2.000000,0.000000,1.670000,1.000000
1584.151978,-9.000000,-9.000000,1.960000,-2.000000,0.000000,0.000000,1.660000,1.000000
1584.156982,-8.000000,-8.000000,1.960000,-2.000000,0.000000,0.000000,1.660000,1.000000
1584.161987,-13.000000,-13.000000,1.970000,-2.000000,0.000000,0.000000,1.750000,1.000000
1584.166992,-17.000000,-17.000000,1.960000,-2.000000,0.000000,0.000000,1.750000,1.000000
1584.171997,-11.000000,-11.000000,1.930000,-2.000000,0.000000,0.000000,1.750000,1.000000
1584.177002,-9.000000,-9.000000,1.970000,-2.000000,0.000000,0.000000,1.750000,1.000000
1584.182007,-15.000000,-15.000000,1.990000,-2.000000,-2.000000,0.000000,1.740000,1.000000
1584.187012,-19.000000,-19.000000,1.980000,-2.000000,-2.000000,0.000000,1.740000,1.000000
1584.192017,-16.000000,-16.000000,1.960000,0.000000,0.000000,0.000000,1.640000,1.000000
1584.197021,-12.000000,-12.000000,1.990000,0.000000,0.000000,0.000000,1.640000,1.000000
1584.202026,-25.000000,-25.000000,2.030000,-2.000000,-2.000000,0.000000,1.830000,1.000000
1584.207031,-30.000000,-30.000000,2.030000,-2.000000,-2.000000,0.000000,1.830000,1.000000
1584.212036,-13.000000,-13.000000,1.990000,0.000000,0.000000,0.000000,1.640000,1.000000
1584.217041,-6.000000,-6.000000,2.050000,0.000000,0.000000,0.000000,1.640000,1.000000
1584.222046,-26.000000,-26.000000,2.090000,0.000000,-2.000000,0.000000,1.820000,1.000000
1584.227051,-29.000000,-29.000000,2.030000,0.000000,-2.000000,0.000000,1.820000,1.000000
1584.232056,-4.000000,-4.000000,1.960000,0.000000,0.000000,0.000000,1.720000,1.000000
1584.237061,8.000000,8.000000,1.990000,0.000000,0.000000,0.000000,1.720000,1.000000
1584.241943,-4.000000,-4.000000,2.040000,0.000000,0.000000,0.000000,1.810000,1.000000
1584.246948,-11.000000,-11.000000,1.990000,0.000000,0.000000,0.000000,1.810000,1.000000
1584.251953,7.000000,7.000000,1.880000,0.000000,-2.000000,0.000000,1.810000,1.000000
1584.256958,23.000000,23.000000,1.820000,0.000000,-2.000000,0.000000,1.810000,1.000000
1584.261963,25.000000,25.000000,1.830000,-2.000000,0.000000,0.000000,1.720000,1.000000
1584.266968,18.000000,18.000000,1.830000,-2.000000,0.000000,0.000000,1.720000,1.000000
1584.271973,8.000000,8.000000,1.770000,0.000000,0.000000,0.000000,1.720000,1.000000
1584.276978,16.000000,16.000000,1.640000,0.000000,0.000000,0.000000,1.720000,1.000000
1584.281982,26.000000,26.000000,1.650000,0.000000,2.000000,0.000000,1.810000,1.000000
1584.286987,19.000000,19.000000,1.720000,0.000000,2.000000,0.000000,1.810000,1.000000
1584.291992,15.000000,15.000000,1.700000,0.000000,0.000000,0.000000,1.900000,1.000000
1584.296997,19.000000,19.000000,1.610000,0.000000,0.000000,0.000000,1.900000,1.000000
1584.302002,39.000000,39.000000,1.590000,2.000000,0.000000,0.000000,1.810000,1.000000
1584.307007,41.000000,41.000000,1.590000,2.000000,0.000000,0.000000,1.810000,1.000000
1584.312012,32.000000,32.000000,1.580000,0.000000,2.000000,0.000000,1.910000,1.000000
1584.317017,34.000000,34.000000,1.460000,0.000000,2.000000,0.000000,1.910000,1.000000
1584.322021,53.000000,53.000000,1.470000,2.000000,0.000000,0.000000,1.910000,1.000000
1584.327026,52.000000,52.000000,1.450000,2.000000,0.000000,0.000000,1.910000,1.000000
1584.332031,55.000000,55.000000,1.380000,2.000000,0.000000,0.000000,1.910000,1.000000
1584.337036,62.000000,62.000000,1.290000,2.000000,0.000000,0.000000,1.910000,1.000000
1584.342041,69.000000,69.000000,1.260000,0.000000,2.000000,0.000000,1.920000,1.000000
1584.347046,69.000000,69.000000,1.260000,0.000000,2.000000,0.000000,1.920000,1.000000
1584.352051,65.000000,65.000000,1.290000,2.000000,0.000000,0.000000,1.920000,1.000000
1584.357056,55.000000,55.000000,1.170000,2.000000,0.000000,0.000000,1.920000,1.000000
1584.362061,62.000000,62.000000,1.170000,2.000000,2.000000,0.000000,1.930000,1.000000
1584.366943,61.000000,61.000000,1.160000,2.000000,2.000000,0.000000,1.930000,1.000000
1584.371948,58.000000,58.000000,1.140000,2.000000,0.000000,0.000000,2.020000,1.000000
1584.376953,54.000000,54.000000,1.070000,2.000000,0.000000,0.000000,2.020000,1.000000
1584.381958,63.000000,63.000000,1.080000,2.000000,2.000000,0.000000,1.940000,1.000000
1584.386963,56.000000,56.000000,1.160000,2.000000,2.000000,0.000000,1.940000,1.000000
1584.391968,36.000000,36.000000,1.270000,2.000000,2.000000,0.000000,2.040000,1.000000
1584.396973,24.000000,24.000000,1.160000,2.000000,2.000000,0.000000,2.040000,1.000000
1584.401978,46.000000,46.000000,1.140000,2.000000,2.000000,0.000000,2.040000,1.000000
1584.406982,50.000000,50.000000,1.210000,2.000000,2.000000,0.000000,2.040000,1.000000
1584.411987,36.000000,36.000000,1.330000,2.000000,2.000000,0.000000,2.050000,1.000000
1584.416992,21.000000,21.000000,1.310000,2.000000,2.000000,0.000000,2.050000,1.000000
1584.421997,29.000000,29.000000,1.280000,2.000000,2.000000,0.000000,2.060000,1.000000
1584.427002,35.000000,35.000000,1.340000,2.000000,2.000000,0.000000,2.060000,1.000000
1584.432007,27.000000,27.000000,1.470000,2.000000,4.000000,0.000000,2.070000,1.000000
1584.437012,11.000000,11.000000,1.480000,2.000000,4.000000,0.000000,2.070000,1.000000
1584.442017,16.000000,16.000000,1.420000,2.000000,2.000000,0.000000,2.170000,1.000000
1584.447021,28.000000,28.000000,1.450000,2.000000,2.000000,0.000000,2.170000,1.000000
1584.452026,35.000000,35.000000,1.560000,2.000000,2.000000,0.000000,2.090000,1.000000
1584.457031,22.000000,22.000000,1.590000,2.000000,2.000000,0.000000,2.090000,1.000000
1584.462036,17.000000,17.000000,1.570000,2.000000,2.000000,0.000000,2.100000,1.000000
1584.467041,26.000000,26.000000,1.580000,2.000000,2.000000,0.000000,2.100000,1.000000
1584.472046,28.000000,28.000000,1.630000,2.000000,2.000000,0.000000,2.100000,1.000000
1584.477051,22.000000,22.000000,1.620000,2.000000,2.000000,0.000000,2.100000,1.000000
1584.482056,26.000000,26.000000,1.600000,0.000000,0.000000,0.000000,2.110000,1.000000
1584.487061,32.000000,32.000000,1.610000,0.000000,0.000000,0.000000,2.110000,1.000000
1584.491943,30.000000,30.000000,1.670000,2.000000,2.000000,0.000000,1.930000,1.000000
1584.496948,22.000000,22.000000,1.630000,2.000000,2.000000,0.000000,1.930000,1.000000
1584.501953,15.000000,15.000000,1.590000,2.000000,0.000000,0.000000,2.120000,1.000000
1584.506958,21.000000,21.000000,1.600000,2.000000,0.000000,0.000000,2.120000,1.000000
1584.511963,31.000000,31.000000,1.670000,0.000000,2.000000,0.000000,2.030000,1.000000
1584.516968,20.000000,20.000000,1.670000,0.000000,2.000000,0.000000,2.030000,1.000000
1584.521973,18.000000,18.000000,1.630000,0.000000,2.000000,0.000000,2.040000,1.000000
1584.526978,25.000000,25.000000,1.630000,0.000000,2.000000,0.000000,2.040000,1.000000
1584.531982,24.000000,24.000000,1.690000,0.000000,2.000000,0.000000,2.040000,1.000000
1584.536987,16.000000,16.000000,1.660000,0.000000,2.000000,0.000000,2.040000,1.000000
1584.541992,22.000000,22.000000,1.620000,2.000000,2.000000,0.000000,2.050000,1.000000
1584.546997,30.000000,30.000000,1.620000,2.000000,2.000000,0.000000,2.050000,1.000000
1584.552002,27.000000,27.000000,1.660000,0.000000,0.000000,0.000000,2.140000,1.000000
1584.557007,19.000000,19.000000,1.620000,0.000000,0.000000,0.000000,2.140000,1.000000
1584.562012,32.000000,32.000000,1.580000,0.000000,0.000000,0.000000,1.960000,1.000000
1584.567017,36.000000,36.000000,1.620000,0.000000,0.000000,0.000000,1.960000,1.000000
1584.572021,13.000000,13.000000,1.700000,0.000000,0.000000,0.000000,1.960000,1.000000
1584.577026,1.000000,1.000000,1.650000,0.000000,0.000000,0.000000,1.960000,1.000000
1584.582031,6.000000,6.000000,1.610000,0.000000,0.000000,0.000000,1.960000,1.000000
1584.587036,11.000000,11.000000,1.660000,0.000000,0.000000,0.000000,1.960000,1.000000
1584.592041,1.000000,1.000000,1.770000,0.000000,0.000000,0.000000,1.960000,1.000000
1584.597046,-15.000000,-15.000000,1.830000,0.000000,0.000000,0.000000,1.960000,1.000000
1584.602051,-16.000000,-16.000000,1.800000,2.000000,2.000000,0.000000,1.960000,1.000000
1584.607056,-6.000000,-6.000000,1.790000,2.000000,2.000000,0.000000,1.960000,1.000000
1584.612061,-3.000000,-3.000000,1.870000,0.000000,0.000000,0.000000,2.150000,1.000000
1584.616943,-13.000000,-13.000000,1.960000,0.000000,0.000000,0.000000,2.150000,1.000000
1584.621948,-6.000000,-6.000000,1.950000,0.000000,0.000000,0.000000,1.970000,1.000000
1584.626953,2.000000,2.000000,1.890000,0.000000,0.000000,0.000000,1.970000,1.000000
1584.631958,-3.000000,-3.000000,1.910000,0.000000,0.000000,0.000000,1.970000,1.000000
1584.636963,-7.000000,-7.000000,1.970000,0.000000,0.000000,0.000000,1.970000,1.000000
1584.641968,-18.000000,-18.000000,2.010000,0.000000,0.000000,0.000000,1.970000,1.000000
1584.646973,-21.000000,-21.000000,2.000000,0.000000,0.000000,0.000000,1.970000,1.000000
1584.651978,-18.000000,-18.000000,2.000000,0.000000,0.000000,0.000000,1.970000,1.000000
1584.656982,-20.000000,-20.000000,2.120000,0.000000,0.000000,0.000000,1.970000,1.000000
1584.661987,-33.000000,-33.000000,2.140000,0.000000,0.000000,0.000000,1.970000,1.000000
1584.666992,-36.000000,-36.000000,2.130000,0.000000,0.000000,0.000000,1.970000,1.000000
1584.671997,-33.000000,-33.000000,2.160000,0.000000,-2.000000,0.000000,1.970000,1.000000
1584.677002,-37.000000,-37.000000,2.270000,0.000000,-2.000000,0.000000,1.970000,1.000000
1584.682007,-49.000000,-49.000000,2.280000,-2.000000,-2.000000,0.000000,1.880000,1.000000
1584.687012,-50.000000,-50.000000,2.300000,-2.000000,-2.000000,0.000000,1.880000,1.000000
1584.692017,-59.000000,-59.000000,2.380000,0.000000,0.000000,0.000000,1.780000,1.000000
1584.697021,-67.000000,-67.000000,2.520000,0.000000,0.000000,0.000000,1.780000,1.000000
1584.702026,-85.000000,-85.000000,2.520000,-2.000000,-2.000000,0.000000,1.960000,1.000000
1584.707031,-82.000000,-82.000000,2.570000,-2.000000,-2.000000,0.000000,1.960000,1.000000
1584.712036,-72.000000,-72.000000,2.660000,0.000000,-2.000000,0.000000,1.770000,1.000000
1584.717041,-77.000000,-77.000000,2.890000,0.000000,-2.000000,0.000000,1.770000,1.000000
1584.722046,-103.000000,-103.000000,2.870000,-4.000000,-2.000000,0.000000,1.860000,1.000000
1584.727051,-90.000000,-90.000000,2.850000,-4.000000,-2.000000,0.000000,1.860000,1.000000
1584.732056,-70.000000,-70.000000,2.790000,0.000000,-2.000000,0.000000,1.660000,1.000000
1584.737061,-58.000000,-58.000000,2.950000,0.000000,-2.000000,0.000000,1.660000,1.000000
1584.741943,-86.000000,-86.000000,2.940000,-4.000000,-4.000000,0.000000,1.840000,1.000000
1584.746948,-80.000000,-80.000000,2.870000,-4.000000,-4.000000,0.000000,1.840000,1.000000
1584.751953,-47.000000,-47.000000,2.730000,-4.000000,-2.000000,0.000000,1.550000,1.000000
1584.756958,-25.000000,-25.000000,2.820000,-4.000000,-2.000000,0.000000,1.550000,1.000000
1584.761963,-54.000000,-54.000000,2.730000,-2.000000,-4.000000,0.000000,1.630000,1.000000
1584.766968,-45.000000,-45.000000,2.680000,-2.000000,-4.000000,0.000000,1.630000,1.000000
1584.771973,-30.000000,-30.000000,2.540000,-4.000000,-4.000000,0.000000,1.620000,1.000000
1584.776978,-13.000000,-13.000000,2.460000,-4.000000,-4.000000,0.000000,1.620000,1.000000
1584.781982,-8.000000,-8.000000,2.370000,-4.000000,-2.000000,0.000000,1.510000,1.000000
1584.786987,-3.000000,-3.000000,2.290000,-4.000000,-2.000000,0.000000,1.510000,1.000000
1584.791992,-9.000000,-9.000000,2.200000,-4.000000,-2.000000,0.000000,1.590000,1.000000
1584.796997,-5.000000,-5.000000,2.080000,-4.000000,-2.000000,0.000000,1.590000,1.000000
1584.802002,7.000000,7.000000,2.010000,-2.000000,-2.000000,0.000000,1.580000,1.000000
1584.807007,5.000000,5.000000,1.990000,-2.000000,-2.000000,0.000000,1.580000,1.000000
1584.812012,-3.000000,-3.000000,1.930000,-2.000000,-2.000000,0.000000,1.660000,1.000000
1584.817017,-6.000000,-6.000000,1.870000,-2.000000,-2.000000,0.000000,1.660000,1.000000
1584.822021,-2.000000,-2.000000,1.860000,-2.000000,-2.000000,0.000000,1.650000,1.000000
1584.827026,-8.000000,-8.000000,1.880000,-2.000000,-2.000000,0.000000,1.650000,1.000000
1584.832031,-18.000000,-18.000000,1.890000,-2.000000,-2.000000,0.000000,1.640000,1.000000
1584.837036,-25.000000,-25.000000,1.930000,-2.000000,-2.000000,0.000000,1.640000,1.000000
1584.842041,-33.000000,-33.000000,1.990000,0.000000,0.000000,0.000000,1.640000,1.000000
1584.847046,-41.000000,-41.000000,2.000000,0.000000,0.000000,0.000000,1.640000,1.000000
1584.852051,-41.000000,-41.000000,2.010000,-2.000000,0.000000,0.000000,1.820000,1.000000
1584.857056,-38.000000,-38.000000,2.150000,-2.000000,0.000000,0.000000,1.820000,1.000000
1584.862061,-37.000000,-37.000000,2.180000,-2.000000,-2.000000,0.000000,1.720000,1.000000
1584.866943,-38.000000,-38.000000,2.170000,-2.000000,-2.000000,0.000000,1.720000,1.000000
1584.871948,-36.000000,-36.000000,2.120000,-2.000000,0.000000,0.000000,1.620000,1.000000
1584.876953,-24.000000,-24.000000,2.200000,-2.000000,0.000000,0.000000,1.620000,1.000000
1584.881958,-40.000000,-40.000000,2.260000,-2.000000,-2.000000,0.000000,1.710000,1.000000
1584.886963,-46.000000,-46.000000,2.230000,-2.000000,-2.000000,0.000000,1.710000,1.000000
1584.891968,-30.000000,-30.000000,2.150000,0.000000,-2.000000,0.000000,1.610000,1.000000
1584.896973,-16.000000,-16.000000,2.190000,0.000000,-2.000000,0.000000,1.610000,1.000000
1584.901978,-27.000000,-27.000000,2.230000,-2.000000,0.000000,0.000000,1.700000,1.000000
1584.906982,-31.000000,-31.000000,2.190000,-2.000000,0.000000,0.000000,1.700000,1.000000
1584.911987,-13.000000,-13.000000,2.060000,0.000000,-2.000000,0.000000,1.700000,1.000000
1584.916992,6.000000,6.000000,2.030000,0.000000,-2.000000,0.000000,1.700000,1.000000
1584.921997,8.000000,8.000000,2.040000,-2.000000,-2.000000,0.000000,1.690000,1.000000
1584.927002,2.000000,2.000000,2.010000,-2.000000,-2.000000,0.000000,1.690000,1.000000
1584.932007,5.000000,5.000000,1.890000,0.000000,-2.000000,0.000000,1.590000,1.000000
1584.937012,23.000000,23.000000,1.770000,0.000000,-2.000000,0.000000,1.590000,1.000000
1584.942017,23.000000,23.000000,1.720000,0.000000,-2.000000,0.000000,1.680000,1.000000
1584.947021,20.000000,20.000000,1.750000,0.000000,-2.000000,0.000000,1.680000,1.000000
1584.952026,15.000000,15.000000,1.750000,0.000000,0.000000,0.000000,1.680000,1.000000
1584.957031,12.000000,12.000000,1.620000,0.000000,0.000000,0.000000,1.680000,1.000000
1584.962036,24.000000,24.000000,1.600000,0.000000,0.000000,0.000000,1.770000,1.000000
1584.967041,22.000000,22.000000,1.640000,0.000000,0.000000,0.000000,1.770000,1.000000
1584.972046,19.000000,19.000000,1.650000,0.000000,0.000000,0.000000,1.770000,1.000000
1584.977051,17.000000,17.000000,1.590000,0.000000,0.000000,0.000000,1.770000,1.000000
1584.982056,27.000000,27.000000,1.570000,2.000000,0.000000,0.000000,1.770000,1.000000
1584.987061,32.000000,32.000000,1.550000,2.000000,0.000000,0.000000,1.770000,1.000000
1584.991943,34.000000,34.000000,1.540000,0.000000,0.000000,0.000000,1.860000,1.000000
1584.996948,35.000000,35.000000,1.480000,0.000000,0.000000,0.000000,1.860000,1.000000
1585.001953,47.000000,47.000000,1.470000,0.000000,0.000000,0.000000,1.770000,1.000000
1585.006958,49.000000,49.000000,1.460000,0.000000,0.000000,0.000000,1.770000,1.000000
1585.011963,47.000000,47.000000,1.390000,0.000000,0.000000,0.000000,1.770000,1.000000
1585.016968,55.000000,55.000000,1.250000,0.000000,0.000000,0.000000,1.770000,1.000000
1585.021973,64.000000,64.000000,1.240000,0.000000,2.000000,0.000000,1.770000,1.000000
1585.026978,61.000000,61.000000,1.250000,0.000000,2.000000,0.000000,1.770000,1.000000
1585.031982,55.000000,55.000000,1.200000,2.000000,2.000000,0.000000,1.870000,1.000000
1585.036987,57.000000,57.000000,1.060000,2.000000,2.000000,0.000000,1.870000,1.000000
1585.041992,74.000000,74.000000,1.090000,2.000000,2.000000,0.000000,1.960000,1.000000
1585.046997,67.000000,67.000000,1.110000,2.000000,2.000000,0.000000,1.960000,1.000000
1585.052002,68.000000,68.000000,1.110000,2.000000,2.000000,0.000000,1.970000,1.000000
1585.057007,69.000000,69.000000,0.910000,2.000000,2.000000,0.000000,1.970000,1.000000
1585.062012,88.000000,88.000000,0.870000,4.000000,2.000000,0.000000,1.980000,1.000000
1585.067017,85.000000,85.000000,0.950000,4.000000,2.000000,0.000000,1.980000,1.000000
1585.072021,61.000000,61.000000,1.090000,0.000000,2.000000,0.000000,2.080000,1.000000
1585.077026,41.000000,41.000000,1.010000,0.000000,2.000000,0.000000,2.080000,1.000000
1585.082031,61.000000,61.000000,0.970000,4.000000,4.000000,0.000000,1.910000,1.000000
1585.087036,69.000000,69.000000,0.950000,4.000000,4.000000,0.000000,1.910000,1.000000
1585.092041,47.000000,47.000000,1.120000,4.000000,2.000000,0.000000,2.190000,1.000000
1585.097046,20.000000,20.000000,1.130000,4.000000,2.000000,0.000000,2.190000,1.000000
1585.102051,42.000000,42.000000,1.110000,4.000000,4.000000,0.000000,2.120000,1.000000
1585.107056,48.000000,48.000000,1.150000,4.000000,4.000000,0.000000,2.120000,1.000000
1585.112061,40.000000,40.000000,1.280000,2.000000,4.000000,0.000000,2.220000,1.000000
1585.116943,24.000000,24.000000,1.310000,2.000000,4.000000,0.000000,2.220000,1.000000
1585.121948,30.000000,30.000000,1.340000,2.000000,4.000000,0.000000,2.140000,1.000000
1585.126953,32.000000,32.000000,1.400000,2.000000,4.000000,0.000000,2.140000,1.000000
1585.131958,21.000000,21.000000,1.510000,2.000000,4.000000,0.000000,2.160000,1.000000
1585.136963,11.000000,11.000000,1.560000,2.000000,4.000000,0.000000,2.160000,1.000000
1585.141968,11.000000,11.000000,1.570000,2.000000,2.000000,0.000000,2.170000,1.000000
1585.146973,17.000000,17.000000,1.600000,2.000000,2.000000,0.000000,2.170000,1.000000
1585.151978,17.000000,17.000000,1.680000,2.000000,2.000000,0.000000,2.080000,1.000000
1585.156982,10.000000,10.000000,1.730000,2.000000,2.000000,0.000000,2.080000,1.000000
1585.161987,2.000000,2.000000,1.750000,2.000000,2.000000,0.000000,2.090000,1.000000
1585.166992,6.000000,6.000000,1.770000,2.000000,2.000000,0.000000,2.090000,1.000000
1585.171997,9.000000,9.000000,1.810000,2.000000,2.000000,0.000000,2.100000,1.000000
1585.177002,7.000000,7.000000,1.840000,2.000000,2.000000,0.000000,2.100000,1.000000
1585.182007,10.000000,10.000000,1.840000,0.000000,0.000000,0.000000,2.110000,1.000000
1585.187012,15.000000,15.000000,1.830000,0.000000,0.000000,0.000000,2.110000,1.000000
1585.192017,20.000000,20.000000,1.840000,2.000000,0.000000,0.000000,1.930000,1.000000
1585.197021,22.000000,22.000000,1.800000,2.000000,0.000000,0.000000,1.930000,1.000000
1585.202026,15.000000,15.000000,1.770000,0.000000,0.000000,0.000000,2.020000,1.000000
1585.207031,19.000000,19.000000,1.780000,0.000000,0.000000,0.000000,2.020000,1.000000
1585.212036,24.000000,24.000000,1.780000,2.000000,0.000000,0.000000,1.930000,1.000000
1585.217041,23.000000,23.000000,1.720000,2.000000,0.000000,0.000000,1.930000,1.000000
1585.222046,24.000000,24.000000,1.680000,0.000000,0.000000,0.000000,2.030000,1.000000
1585.227051,30.000000,30.000000,1.680000,0.000000,0.000000,0.000000,2.030000,1.000000
1585.232056,34.000000,34.000000,1.700000,0.000000,0.000000,0.000000,1.930000,1.000000
1585.237061,29.000000,29.000000,1.610000,0.000000,0.000000,0.000000,1.930000,1.000000
1585.241943,32.000000,32.000000,1.540000,0.000000,2.000000,0.000000,1.930000,1.000000
1585.246948,37.000000,37.000000,1.570000,0.000000,2.000000,0.000000,1.930000,1.000000
1585.251953,26.000000,26.000000,1.630000,0.000000,0.000000,0.000000,2.030000,1.000000
1585.256958,16.000000,16.000000,1.530000,0.000000,0.000000,0.000000,2.030000,1.000000
1585.261963,33.000000,33.000000,1.470000,0.000000,2.000000,0.000000,1.940000,1.000000
1585.266968,39.000000,39.000000,1.500000,0.000000,2.000000,0.000000,1.940000,1.000000
1585.271973,21.000000,21.000000,1.600000,0.000000,0.000000,0.000000,2.030000,1.000000
1585.276978,5.000000,5.000000,1.550000,0.000000,0.000000,0.000000,2.030000,1.000000
1585.281982,18.000000,18.000000,1.480000,0.000000,2.000000,0.000000,1.940000,1.000000
1585.286987,26.000000,26.000000,1.520000,0.000000,2.000000,0.000000,1.940000,1.000000
1585.291992,9.000000,9.000000,1.640000,0.000000,0.000000,0.000000,2.040000,1.000000
1585.296997,-11.000000,-11.000000,1.680000,0.000000,0.000000,0.000000,2.040000,1.000000
1585.302002,-5.000000,-5.000000,1.650000,0.000000,0.000000,0.000000,1.950000,1.000000
1585.307007,4.000000,4.000000,1.680000,0.000000,0.000000,0.000000,1.950000,1.000000
1585.312012,-8.000000,-8.000000,1.800000,0.000000,0.000000,0.000000,1.950000,1.000000
1585.317017,-25.000000,-25.000000,1.910000,0.000000,0.000000,0.000000,1.950000,1.000000
1585.322021,-33.000000,-33.000000,1.920000,2.000000,0.000000,0.000000,1.950000,1.000000
1585.327026,-25.000000,-25.000000,1.900000,2.000000,0.000000,0.000000,1.950000,1.000000
1585.332031,-19.000000,-19.000000,1.960000,0.000000,0.000000,0.000000,2.040000,1.000000
1585.337036,-26.000000,-26.000000,2.100000,0.000000,0.000000,0.000000,2.040000,1.000000
1585.342041,-32.000000,-32.000000,2.110000,0.000000,0.000000,0.000000,1.950000,1.000000
1585.347046,-26.000000,-26.000000,2.060000,0.000000,0.000000,0.000000,1.950000,1.000000
1585.352051,-25.000000,-25.000000,2.090000,0.000000,0.000000,0.000000,1.950000,1.000000
1585.357056,-29.000000,-29.000000,2.180000,0.000000,0.000000,0.000000,1.950000,1.000000
1585.362061,-41.000000,-41.000000,2.220000,-2.000000,-2.000000,0.000000,1.950000,1.000000
1585.366943,-46.000000,-46.000000,2.240000,-2.000000,-2.000000,0.000000,1.950000,1.000000
1585.371948,-48.000000,-48.000000,2.280000,0.000000,-2.000000,0.000000,1.760000,1.000000
1585.376953,-52.000000,-52.000000,2.420000,0.000000,-2.000000,0.000000,1.760000,1.000000
1585.381958,-78.000000,-78.000000,2.410000,0.000000,-2.000000,0.000000,1.850000,1.000000
1585.386963,-77.000000,-77.000000,2.450000,0.000000,-2.000000,0.000000,1.850000,1.000000
1585.391968,-85.000000,-85.000000,2.550000,-2.000000,0.000000,0.000000,1.840000,1.000000
1585.396973,-104.000000,-104.000000,2.800000,-2.000000,0.000000,0.000000,1.840000,1.000000
1585.401978,-92.000000,-92.000000,2.820000,-2.000000,-4.000000,0.000000,1.840000,1.000000
1585.406982,-75.000000,-75.000000,2.830000,-2.000000,-4.000000,0.000000,1.840000,1.000000
1585.411987,-63.000000,-63.000000,2.790000,-2.000000,-2.000000,0.000000,1.650000,1.000000
1585.416992,-84.000000,-84.000000,2.890000,-2.000000,-2.000000,0.000000,1.650000,1.000000
1585.421997,-77.000000,-77.000000,2.880000,-2.000000,-4.000000,0.000000,1.730000,1.000000
1585.427002,-62.000000,-62.000000,2.850000,-2.000000,-4.000000,0.000000,1.730000,1.000000
1585.432007,-47.000000,-47.000000,2.760000,-2.000000,-2.000000,0.000000,1.630000,1.000000
1585.437012,-60.000000,-60.000000,2.830000,-2.000000,-2.000000,0.000000,1.630000,1.000000
1585.442017,-56.000000,-56.000000,2.800000,-4.000000,-4.000000,0.000000,1.710000,1.000000
1585.447021,-35.000000,-35.000000,2.710000,-4.000000,-4.000000,0.000000,1.710000,1.000000
1585.452026,-18.000000,-18.000000,2.580000,-4.000000,-2.000000,0.000000,1.510000,1.000000
1585.457031,-35.000000,-35.000000,2.580000,-4.000000,-2.000000,0.000000,1.510000,1.000000
1585.462036,-32.000000,-32.000000,2.520000,-2.000000,-4.000000,0.000000,1.590000,1.000000
1585.467041,-24.000000,-24.000000,2.470000,-2.000000,-4.000000,0.000000,1.590000,1.000000
1585.472046,-14.000000,-14.000000,2.360000,-2.000000,-2.000000,0.000000,1.580000,1.000000
1585.477051,-15.000000,-15.000000,2.320000,-2.000000,-2.000000,0.000000,1.580000,1.000000
1585.482056,-16.000000,-16.000000,2.280000,-2.000000,-2.000000,0.000000,1.660000,1.000000
1585.487061,-9.000000,-9.000000,2.240000,-2.000000,-2.000000,0.000000,1.660000,1.000000
1585.491943,-4.000000,-4.000000,2.160000,-4.000000,-2.000000,0.000000,1.650000,1.000000
1585.496948,-5.000000,-5.000000,2.120000,-4.000000,-2.000000,0.000000,1.650000,1.000000
1585.501953,-7.000000,-7.000000,2.080000,-2.000000,-2.000000,0.000000,1.550000,1.000000
1585.506958,-18.000000,-18.000000,2.070000,-2.000000,-2.000000,0.000000,1.550000,1.000000
1585.511963,-17.000000,-17.000000,2.020000,-2.000000,-2.000000,0.000000,1.630000,1.000000
1585.516968,-11.000000,-11.000000,1.980000,-2.000000,-2.000000,0.000000,1.630000,1.000000
1585.521973,-14.000000,-14.000000,1.950000,-2.000000,0.000000,0.000000,1.620000,1.000000
1585.526978,-20.000000,-20.000000,1.950000,-2.000000,0.000000,0.000000,1.620000,1.000000
1585.531982,-24.000000,-24.000000,1.950000,-2.000000,0.000000,0.000000,1.710000,1.000000
1585.536987,-24.000000,-24.000000,1.990000,-2.000000,0.000000,0.000000,1.710000,1.000000
1585.541992,-29.000000,-29.000000,2.020000,0.000000,0.000000,0.000000,1.710000,1.000000
1585.546997,-27.000000,-27.000000,2.010000,0.000000,0.000000,0.000000,1.710000,1.000000
1585.552002,-27.000000,-27.000000,2.010000,0.000000,-2.000000,0.000000,1.800000,1.000000
1585.557007,-30.000000,-30.000000,2.110000,0.000000,-2.000000,0.000000,1.800000,1.000000
1585.562012,-31.000000,-31.000000,2.150000,-2.000000,-2.000000,0.000000,1.700000,1.000000
1585.567017,-26.000000,-26.000000,2.100000,-2.000000,-2.000000,0.000000,1.700000,1.000000
1585.572021,-19.000000,-19.000000,2.060000,-2.000000,0.000000,0.000000,1.600000,1.000000
1585.577026,-34.000000,-34.000000,2.110000,-2.000000,0.000000,0.000000,1.600000,1.000000
1585.582031,-40.000000,-40.000000,2.170000,-2.000000,-2.000000,0.000000,1.690000,1.000000
1585.587036,-25.000000,-25.000000,2.150000,-2.000000,-2.000000,0.000000,1.690000,1.000000
1585.592041,-11.000000,-11.000000,2.070000,-2.000000,0.000000,0.000000,1.590000,1.000000
1585.597046,-26.000000,-26.000000,2.150000,-2.000000,0.000000,0.000000,1.590000,1.000000
1585.602051,-29.000000,-29.000000,2.170000,0.000000,-2.000000,0.000000,1.680000,1.000000
1585.607056,-9.000000,-9.000000,2.110000,0.000000,-2.000000,0.000000,1.680000,1.000000
1585.612061,8.000000,8.000000,2.010000,-2.000000,-2.000000,0.000000,1.680000,1.000000
1585.616943,5.000000,5.000000,2.000000,-2.000000,-2.000000,0.000000,1.680000,1.000000
1585.621948,0.000000,0.000000,2.010000,0.000000,0.000000,0.000000,1.580000,1.000000
1585.626953,-4.000000,-4.000000,2.000000,0.000000,0.000000,0.000000,1.580000,1.000000
1585.631958,12.000000,12.000000,1.890000,0.000000,0.000000,0.000000,1.760000,1.000000
1585.636963,34.000000,34.000000,1.770000,0.000000,0.000000,0.000000,1.760000,1.000000
1585.641968,29.000000,29.000000,1.750000,0.000000,0.000000,0.000000,1.760000,1.000000
1585.646973,23.000000,23.000000,1.770000,0.000000,0.000000,0.000000,1.760000,1.000000
1585.651978,28.000000,28.000000,1.720000,0.000000,0.000000,0.000000,1.760000,1.000000
1585.656982,42.000000,42.000000,1.570000,0.000000,0.000000,0.000000,1.760000,1.000000
1585.661987,36.000000,36.000000,1.560000,0.000000,0.000000,0.000000,1.760000,1.000000
1585.666992,24.000000,24.000000,1.620000,0.000000,0.000000,0.000000,1.760000,1.000000
1585.671997,25.000000,25.000000,1.610000,0.000000,0.000000,0.000000,1.760000,1.000000
1585.677002,40.000000,40.000000,1.500000,0.000000,0.000000,0.000000,1.760000,1.000000
1585.682007,43.000000,43.000000,1.480000,2.000000,2.000000,0.000000,1.760000,1.000000
1585.687012,43.000000,43.000000,1.470000,2.000000,2.000000,0.000000,1.760000,1.000000
1585.692017,47.000000,47.000000,1.440000,0.000000,0.000000,0.000000,1.950000,1.000000
1585.697021,71.000000,71.000000,1.330000,0.000000,0.000000,0.000000,1.950000,1.000000
1585.702026,71.000000,71.000000,1.340000,2.000000,0.000000,0.000000,1.770000,1.000000
1585.707031,62.000000,62.000000,1.300000,2.000000,0.000000,0.000000,1.770000,1.000000
1585.712036,74.000000,74.000000,1.180000,2.000000,0.000000,0.000000,1.860000,1.000000
1585.717041,90.000000,90.000000,1.000000,2.000000,0.000000,0.000000,1.860000,1.000000
1585.722046,77.000000,77.000000,1.000000,2.000000,2.000000,0.000000,1.870000,1.000000
1585.727051,59.000000,59.000000,1.050000,2.000000,2.000000,0.000000,1.870000,1.000000
1585.732056,51.000000,51.000000,1.120000,0.000000,2.000000,0.000000,1.960000,1.000000
1585.737061,76.000000,76.000000,0.990000,0.000000,2.000000,0.000000,1.960000,1.000000
1585.741943,83.000000,83.000000,0.920000,2.000000,2.000000,0.000000,1.880000,1.000000
1585.746948,67.000000,67.000000,0.930000,2.000000,2.000000,0.000000,1.880000,1.000000
1585.751953,53.000000,53.000000,0.970000,4.000000,2.000000,0.000000,1.980000,1.000000
1585.756958,65.000000,65.000000,0.880000,4.000000,2.000000,0.000000,1.980000,1.000000
1585.761963,62.000000,62.000000,0.870000,4.000000,4.000000,0.000000,2.080000,1.000000
1585.766968,54.000000,54.000000,0.960000,4.000000,4.000000,0.000000,2.080000,1.000000
1585.771973,35.000000,35.000000,1.090000,2.000000,2.000000,0.000000,2.190000,1.000000
1585.776978,50.000000,50.000000,1.060000,2.000000,2.000000,0.000000,2.190000,1.000000
1585.781982,52.000000,52.000000,1.080000,4.000000,2.000000,0.000000,2.010000,1.000000
1585.786987,32.000000,32.000000,1.150000,4.000000,2.000000,0.000000,2.010000,1.000000
1585.791992,17.000000,17.000000,1.270000,2.000000,2.000000,0.000000,2.120000,1.000000
1585.796997,28.000000,28.000000,1.270000,2.000000,2.000000,0.000000,2.120000,1.000000
1585.802002,32.000000,32.000000,1.270000,4.000000,4.000000,0.000000,2.030000,1.000000
1585.807007,18.000000,18.000000,1.330000,4.000000,4.000000,0.000000,2.030000,1.000000
1585.812012,4.000000,4.000000,1.460000,2.000000,4.000000,0.000000,2.230000,1.000000
1585.817017,25.000000,25.000000,1.480000,2.000000,4.000000,0.000000,2.230000,1.000000
1585.822021,35.000000,35.000000,1.450000,2.000000,4.000000,0.000000,2.150000,1.000000
1585.827026,28.000000,28.000000,1.470000,2.000000,4.000000,0.000000,2.150000,1.000000
1585.832031,17.000000,17.000000,1.570000,2.000000,2.000000,0.000000,2.160000,1.000000
1585.837036,21.000000,21.000000,1.570000,2.000000,2.000000,0.000000,2.160000,1.000000
1585.842041,30.000000,30.000000,1.550000,2.000000,2.000000,0.000000,2.080000,1.000000
1585.847046,21.000000,21.000000,1.570000,2.000000,2.000000,0.000000,2.080000,1.000000
1585.852051,12.000000,12.000000,1.640000,2.000000,2.000000,0.000000,2.090000,1.000000
1585.857056,15.000000,15.000000,1.650000,2.000000,2.000000,0.000000,2.090000,1.000000
1585.862061,22.000000,22.000000,1.630000,2.000000,2.000000,0.000000,2.100000,1.000000
1585.866943,22.000000,22.000000,1.630000,2.000000,2.000000,0.000000,2.100000,1.000000
1585.871948,13.000000,13.000000,1.700000,2.000000,2.000000,0.000000,2.100000,1.000000
1585.876953,14.000000,14.000000,1.710000,2.000000,2.000000,0.000000,2.100000,1.000000
1585.881958,20.000000,20.000000,1.700000,0.000000,0.000000,0.000000,2.110000,1.000000
1585.886963,22.000000,22.000000,1.710000,0.000000,0.000000,0.000000,2.110000,1.000000
1585.891968,18.000000,18.000000,1.740000,0.000000,2.000000,0.000000,1.930000,1.000000
1585.896973,8.000000,8.000000,1.720000,0.000000,2.000000,0.000000,1.930000,1.000000
1585.901978,11.000000,11.000000,1.700000,0.000000,2.000000,0.000000,2.030000,1.000000
1585.906982,16.000000,16.000000,1.710000,0.000000,2.000000,0.000000,2.030000,1.000000
1585.911987,10.000000,10.000000,1.750000,0.000000,2.000000,0.000000,2.030000,1.000000
1585.916992,11.000000,11.000000,1.770000,0.000000,2.000000,0.000000,2.030000,1.000000
1585.921997,18.000000,18.000000,1.750000,0.000000,0.000000,0.000000,2.030000,1.000000
1585.927002,20.000000,20.000000,1.740000,0.000000,0.000000,0.000000,2.030000,1.000000
1585.932007,17.000000,17.000000,1.770000,0.000000,2.000000,0.000000,1.940000,1.000000
1585.937012,14.000000,14.000000,1.740000,0.000000,2.000000,0.000000,1.940000,1.000000
1585.942017,18.000000,18.000000,1.720000,2.000000,0.000000,0.000000,2.040000,1.000000
1585.947021,24.000000,24.000000,1.710000,2.000000,0.000000,0.000000,2.040000,1.000000
1585.952026,20.000000,20.000000,1.730000,0.000000,0.000000,0.000000,2.040000,1.000000
1585.957031,24.000000,24.000000,1.710000,0.000000,0.000000,0.000000,2.040000,1.000000
1585.962036,29.000000,29.000000,1.670000,0.000000,0.000000,0.000000,1.950000,1.000000
1585.967041,17.000000,17.000000,1.690000,0.000000,0.000000,0.000000,1.950000,1.000000
1585.972046,11.000000,11.000000,1.720000,0.000000,0.000000,0.000000,1.950000,1.000000
1585.977051,18.000000,18.000000,1.660000,0.000000,0.000000,0.000000,1.950000,1.000000
1585.982056,19.000000,19.000000,1.620000,0.000000,2.000000,0.000000,1.950000,1.000000
1585.987061,6.000000,6.000000,1.690000,0.000000,2.000000,0.000000,1.950000,1.000000
1585.991943,-4.000000,-4.000000,1.760000,0.000000,0.000000,0.000000,2.050000,1.000000
1585.996948,8.000000,8.000000,1.760000,0.000000,0.000000,0.000000,2.050000,1.000000
1586.001953,16.000000,16.000000,1.710000,0.000000,0.000000,0.000000,1.950000,1.000000
1586.006958,3.000000,3.000000,1.730000,0.000000,0.000000,0.000000,1.950000,1.000000
1586.011963,-8.000000,-8.000000,1.800000,0.000000,0.000000,0.000000,1.950000,1.000000
1586.016968,-8.000000,-8.000000,1.820000,0.000000,0.000000,0.000000,1.950000,1.000000
1586.021973,-2.000000,-2.000000,1.800000,0.000000,0.000000,0.000000,1.950000,1.000000
1586.026978,-7.000000,-7.000000,1.820000,0.000000,0.000000,0.000000,1.950000,1.000000
1586.031982,-17.000000,-17.000000,1.880000,0.000000,0.000000,0.000000,1.950000,1.000000
1586.036987,-21.000000,-21.000000,1.940000,0.000000,0.000000,0.000000,1.950000,1.000000
1586.041992,-17.000000,-17.000000,1.930000,0.000000,0.000000,0.000000,1.950000,1.000000
1586.046997,-16.000000,-16.000000,1.910000,0.000000,0.000000,0.000000,1.950000,1.000000
1586.052002,-25.000000,-25.000000,1.980000,0.000000,0.000000,0.000000,1.950000,1.000000
1586.057007,-35.000000,-35.000000,2.070000,0.000000,0.000000,0.000000,1.950000,1.000000
1586.062012,-34.000000,-34.000000,2.080000,0.000000,0.000000,0.000000,1.950000,1.000000
1586.067017,-32.000000,-32.000000,2.070000,0.000000,0.000000,0.000000,1.950000,1.000000
1586.072021,-39.000000,-39.000000,2.120000,0.000000,0.000000,0.000000,1.950000,1.000000
1586.077026,-52.000000,-52.000000,2.230000,0.000000,0.000000,0.000000,1.950000,1.000000
1586.082031,-53.000000,-53.000000,2.260000,-2.000000,-2.000000,0.000000,1.950000,1.000000
1586.087036,-54.000000,-54.000000,2.270000,-2.000000,-2.000000,0.000000,1.950000,1.000000
1586.092041,-61.000000,-61.000000,2.350000,-2.000000,-2.000000,0.000000,1.760000,1.000000
1586.097046,-89.000000,-89.000000,2.500000,-2.000000,-2.000000,0.000000,1.760000,1.000000
1586.102051,-86.000000,-86.000000,2.490000,-2.000000,-2.000000,0.000000,1.760000,1.000000
1586.107056,-91.000000,-91.000000,2.550000,-2.000000,-2.000000,0.000000,1.760000,1.000000
1586.112061,-98.000000,-98.000000,2.640000,0.000000,0.000000,0.000000,1.750000,1.000000
1586.116943,-113.000000,-113.000000,2.880000,0.000000,0.000000,0.000000,1.750000,1.000000
1586.121948,-104.000000,-104.000000,2.920000,-4.000000,-2.000000,0.000000,1.930000,1.000000
1586.126953,-73.000000,-73.000000,2.920000,-4.000000,-2.000000,0.000000,1.930000,1.000000
1586.131958,-60.000000,-60.000000,2.870000,-2.000000,-2.000000,0.000000,1.650000,1.000000
1586.136963,-91.000000,-91.000000,3.020000,-2.000000,-2.000000,0.000000,1.650000,1.000000
1586.141968,-81.000000,-81.000000,2.980000,-2.000000,-4.000000,0.000000,1.730000,1.000000
1586.146973,-59.000000,-59.000000,2.930000,-2.000000,-4.000000,0.000000,1.730000,1.000000
1586.151978,-39.000000,-39.000000,2.800000,-2.000000,-4.000000,0.000000,1.630000,1.000000
1586.156982,-53.000000,-53.000000,2.870000,-2.000000,-4.000000,0.000000,1.630000,1.000000
1586.161987,-45.000000,-45.000000,2.780000,-4.000000,-4.000000,0.000000,1.610000,1.000000
1586.166992,-34.000000,-34.000000,2.690000,-4.000000,-4.000000,0.000000,1.610000,1.000000
1586.171997,-19.000000,-19.000000,2.580000,-2.000000,-4.000000,0.000000,1.510000,1.000000
1586.177002,-22.000000,-22.000000,2.510000,-2.000000,-4.000000,0.000000,1.510000,1.000000
1586.182007,-18.000000,-18.000000,2.420000,-2.000000,-4.000000,0.000000,1.590000,1.000000
1586.187012,-12.000000,-12.000000,2.350000,-2.000000,-4.000000,0.000000,1.590000,1.000000
1586.192017,-9.000000,-9.000000,2.260000,-2.000000,-2.000000,0.000000,1.570000,1.000000
1586.197021,-9.000000,-9.000000,2.210000,-2.000000,-2.000000,0.000000,1.570000,1.000000
1586.202026,-7.000000,-7.000000,2.150000,-2.000000,-4.000000,0.000000,1.660000,1.000000
1586.207031,-1.000000,-1.000000,2.090000,-2.000000,-4.000000,0.000000,1.660000,1.000000
1586.212036,-4.000000,-4.000000,2.050000,-2.000000,-2.000000,0.000000,1.550000,1.000000
1586.217041,-15.000000,-15.000000,2.030000,-2.000000,-2.000000,0.000000,1.550000,1.000000
1586.222046,-16.000000,-16.000000,2.000000,-2.000000,-2.000000,0.000000,1.640000,1.000000
1586.227051,-10.000000,-10.000000,1.970000,-2.000000,-2.000000,0.000000,1.640000,1.000000
1586.232056,-13.000000,-13.000000,1.930000,-2.000000,-2.000000,0.000000,1.630000,1.000000
1586.237061,-24.000000,-24.000000,1.980000,-2.000000,-2.000000,0.000000,1.630000,1.000000
1586.241943,-29.000000,-29.000000,2.010000,-2.000000,0.000000,0.000000,1.620000,1.000000
1586.246948,-24.000000,-24.000000,1.980000,-2.000000,0.000000,0.000000,1.620000,1.000000
1586.251953,-22.000000,-22.000000,1.950000,0.000000,-2.000000,0.000000,1.710000,1.000000
1586.256958,-26.000000,-26.000000,2.020000,0.000000,-2.000000,0.000000,1.710000,1.000000
1586.261963,-31.000000,-31.000000,2.050000,-2.000000,-2.000000,0.000000,1.700000,1.000000
1586.266968,-27.000000,-27.000000,2.050000,-2.000000,-2.000000,0.000000,1.700000,1.000000
1586.271973,-21.000000,-21.000000,2.020000,0.000000,0.000000,0.000000,1.600000,1.000000
1586.276978,-37.000000,-37.000000,2.100000,0.000000,0.000000,0.000000,1.600000,1.000000
1586.281982,-42.000000,-42.000000,2.160000,0.000000,-2.000000,0.000000,1.790000,1.000000
1586.286987,-15.000000,-15.000000,2.100000,0.000000,-2.000000,0.000000,1.790000,1.000000
1586.291992,-3.000000,-3.000000,2.030000,0.000000,0.000000,0.000000,1.690000,1.000000
1586.296997,-19.000000,-19.000000,2.100000,0.000000,0.000000,0.000000,1.690000,1.000000
1586.302002,-24.000000,-24.000000,2.150000,-2.000000,-2.000000,0.000000,1.780000,1.000000
1586.307007,-6.000000,-6.000000,2.100000,-2.000000,-2.000000,0.000000,1.780000,1.000000
1586.312012,11.000000,11.000000,2.010000,0.000000,-2.000000,0.000000,1.590000,1.000000
1586.317017,-4.000000,-4.000000,1.980000,0.000000,-2.000000,0.000000,1.590000,1.000000
1586.322021,-8.000000,-8.000000,2.000000,-2.000000,0.000000,0.000000,1.680000,1.000000
1586.327026,1.000000,1.000000,1.980000,-2.000000,0.000000,0.000000,1.680000,1.000000
1586.332031,14.000000,14.000000,1.880000,0.000000,-2.000000,0.000000,1.680000,1.000000
1586.337036,19.000000,19.000000,1.800000,0.000000,-2.000000,0.000000,1.680000,1.000000
1586.342041,13.000000,13.000000,1.790000,0.000000,0.000000,0.000000,1.670000,1.000000
1586.347046,9.000000,9.000000,1.800000,0.000000,0.000000,0.000000,1.670000,1.000000
1586.352051,14.000000,14.000000,1.740000,0.000000,0.000000,0.000000,1.760000,1.000000
1586.357056,29.000000,29.000000,1.630000,0.000000,0.000000,0.000000,1.760000,1.000000
1586.362061,23.000000,23.000000,1.620000,0.000000,0.000000,0.000000,1.760000,1.000000
1586.366943,12.000000,12.000000,1.680000,0.000000,0.000000,0.000000,1.760000,1.000000
1586.371948,11.000000,11.000000,1.690000,0.000000,0.000000,0.000000,1.760000,1.000000
1586.376953,21.000000,21.000000,1.640000,0.000000,0.000000,0.000000,1.760000,1.000000
1586.381958,25.000000,25.000000,1.610000,0.000000,0.000000,0.000000,1.760000,1.000000
1586.386963,24.000000,24.000000,1.620000,0.000000,0.000000,0.000000,1.760000,1.000000
1586.391968,25.000000,25.000000,1.600000,0.000000,0.000000,0.000000,1.760000,1.000000
1586.396973,30.000000,30.000000,1.560000,0.000000,0.000000,0.000000,1.760000,1.000000
1586.401978,32.000000,32.000000,1.560000,0.000000,0.000000,0.000000,1.760000,1.000000
1586.406982,36.000000,36.000000,1.540000,0.000000,0.000000,0.000000,1.760000,1.000000
1586.411987,41.000000,41.000000,1.490000,0.000000,0.000000,0.000000,1.760000,1.000000
1586.416992,46.000000,46.000000,1.420000,0.000000,0.000000,0.000000,1.760000,1.000000
1586.421997,45.000000,45.000000,1.430000,0.000000,0.000000,0.000000,1.760000,1.000000
1586.427002,52.000000,52.000000,1.370000,0.000000,0.000000,0.000000,1.760000,1.000000
1586.432007,59.000000,59.000000,1.290000,0.000000,0.000000,0.000000,1.760000,1.000000
1586.437012,66.000000,66.000000,1.150000,0.000000,0.000000,0.000000,1.760000,1.000000
1586.442017,57.000000,57.000000,1.150000,0.000000,2.000000,0.000000,1.760000,1.000000
1586.447021,46.000000,46.000000,1.200000,0.000000,2.000000,0.000000,1.760000,1.000000
1586.452026,45.000000,45.000000,1.210000,0.000000,2.000000,0.000000,1.860000,1.000000
1586.457031,69.000000,69.000000,1.060000,0.000000,2.000000,0.000000,1.860000,1.000000
1586.462036,68.000000,68.000000,1.070000,2.000000,2.000000,0.000000,1.860000,1.000000
1586.467041,60.000000,60.000000,1.110000,2.000000,2.000000,0.000000,1.860000,1.000000
1586.472046,61.000000,61.000000,1.100000,0.000000,2.000000,0.000000,1.960000,1.000000
1586.477051,88.000000,88.000000,0.920000,0.000000,2.000000,0.000000,1.960000,1.000000
1586.482056,85.000000,85.000000,0.860000,4.000000,2.000000,0.000000,1.870000,1.000000
1586.487061,53.000000,53.000000,0.970000,4.000000,2.000000,0.000000,1.870000,1.000000
1586.491943,32.000000,32.000000,1.100000,0.000000,2.000000,0.000000,2.070000,1.000000
1586.496948,61.000000,61.000000,1.010000,0.000000,2.000000,0.000000,2.070000,1.000000
1586.501953,72.000000,72.000000,0.920000,4.000000,2.000000,0.000000,1.890000,1.000000
1586.506958,44.000000,44.000000,0.980000,4.000000,2.000000,0.000000,1.890000,1.000000
1586.511963,16.000000,16.000000,1.140000,2.000000,2.000000,0.000000,2.080000,1.000000
1586.516968,34.000000,34.000000,1.120000,2.000000,2.000000,0.000000,2.080000,1.000000
1586.521973,39.000000,39.000000,1.100000,4.000000,4.000000,0.000000,2.000000,1.000000
1586.526978,31.000000,31.000000,1.120000,4.000000,4.000000,0.000000,2.000000,1.000000
1586.531982,11.000000,11.000000,1.250000,2.000000,4.000000,0.000000,2.200000,1.000000
1586.536987,20.000000,20.000000,1.310000,2.000000,4.000000,0.000000,2.200000,1.000000
1586.541992,22.000000,22.000000,1.360000,4.000000,2.000000,0.000000,2.120000,1.000000
1586.546997,19.000000,19.000000,1.400000,4.000000,2.000000,0.000000,2.120000,1.000000
1586.552002,15.000000,15.000000,1.470000,4.000000,2.000000,0.000000,2.130000,1.000000
1586.557007,17.000000,17.000000,1.500000,4.000000,2.000000,0.000000,2.130000,1.000000
1586.562012,18.000000,18.000000,1.530000,2.000000,4.000000,0.000000,2.140000,1.000000
1586.567017,17.000000,17.000000,1.590000,2.000000,4.000000,0.000000,2.140000,1.000000
1586.572021,16.000000,16.000000,1.650000,2.000000,0.000000,0.000000,2.160000,1.000000
1586.577026,25.000000,25.000000,1.630000,2.000000,0.000000,0.000000,2.160000,1.000000
1586.582031,31.000000,31.000000,1.610000,2.000000,2.000000,0.000000,1.980000,1.000000
1586.587036,14.000000,14.000000,1.640000,2.000000,2.000000,0.000000,1.980000,1.000000
1586.592041,10.000000,10.000000,1.690000,2.000000,2.000000,0.000000,2.080000,1.000000
1586.597046,28.000000,28.000000,1.640000,2.000000,2.000000,0.000000,2.080000,1.000000
1586.602051,35.000000,35.000000,1.590000,0.000000,2.000000,0.000000,2.080000,1.000000
1586.607056,26.000000,26.000000,1.630000,0.000000,2.000000,0.000000,2.080000,1.000000
1586.612061,16.000000,16.000000,1.700000,0.000000,0.000000,0.000000,2.000000,1.000000
1586.616943,17.000000,17.000000,1.650000,0.000000,0.000000,0.000000,2.000000,1.000000
1586.621948,24.000000,24.000000,1.600000,2.000000,2.000000,0.000000,1.910000,1.000000
1586.626953,9.000000,9.000000,1.630000,2.000000,2.000000,0.000000,1.910000,1.000000
1586.631958,-4.000000,-4.000000,1.710000,2.000000,0.000000,0.000000,2.100000,1.000000
1586.636963,13.000000,13.000000,1.720000,2.000000,0.000000,0.000000,2.100000,1.000000
1586.641968,21.000000,21.000000,1.670000,2.000000,2.000000,0.000000,2.010000,1.000000
1586.646973,12.000000,12.000000,1.680000,2.000000,2.000000,0.000000,2.010000,1.000000
1586.651978,1.000000,1.000000,1.760000,0.000000,2.000000,0.000000,2.110000,1.000000
1586.656982,10.000000,10.000000,1.760000,0.000000,2.000000,0.000000,2.110000,1.000000
1586.661987,17.000000,17.000000,1.720000,0.000000,2.000000,0.000000,2.020000,1.000000
1586.666992,8.000000,8.000000,1.740000,0.000000,2.000000,0.000000,2.020000,1.000000
1586.671997,-2.000000,-2.000000,1.810000,2.000000,2.000000,0.000000,2.030000,1.000000
1586.677002,-2.000000,-2.000000,1.830000,2.000000,2.000000,0.000000,2.030000,1.000000
1586.682007,4.000000,4.000000,1.810000,0.000000,0.000000,0.000000,2.120000,1.000000
1586.687012,11.000000,11.000000,1.820000,0.000000,0.000000,0.000000,2.120000,1.000000
1586.692017,4.000000,4.000000,1.880000,0.000000,0.000000,0.000000,1.940000,1.000000
1586.697021,-12.000000,-12.000000,1.930000,0.000000,0.000000,0.000000,1.940000,1.000000
1586.702026,-5.000000,-5.000000,1.910000,0.000000,0.000000,0.000000,1.940000,1.000000
1586.707031,0.000000,0.000000,1.870000,0.000000,0.000000,0.000000,1.940000,1.000000
1586.712036,-3.000000,-3.000000,1.880000,0.000000,2.000000,0.000000,1.940000,1.000000
1586.717041,-10.000000,-10.000000,1.930000,0.000000,2.000000,0.000000,1.940000,1.000000
1586.722046,-11.000000,-11.000000,1.940000,0.000000,0.000000,0.000000,2.040000,1.000000
1586.727051,-1.000000,-1.000000,1.920000,0.000000,0.000000,0.000000,2.040000,1.000000
1586.732056,-4.000000,-4.000000,1.930000,0.000000,0.000000,0.000000,1.950000,1.000000
1586.737061,-18.000000,-18.000000,1.980000,0.000000,0.000000,0.000000,1.950000,1.000000
1586.741943,-22.000000,-22.000000,2.010000,0.000000,0.000000,0.000000,1.950000,1.000000
1586.746948,-23.000000,-23.000000,2.020000,0.000000,0.000000,0.000000,1.950000,1.000000
1586.751953,-26.000000,-26.000000,2.040000,0.000000,0.000000,0.000000,1.950000,1.000000
1586.756958,-34.000000,-34.000000,2.120000,0.000000,0.000000,0.000000,1.950000,1.000000
1586.761963,-35.000000,-35.000000,2.130000,-2.000000,0.000000,0.000000,1.950000,1.000000
1586.766968,-38.000000,-38.000000,2.150000,-2.000000,0.000000,0.000000,1.950000,1.000000
1586.771973,-45.000000,-45.000000,2.210000,0.000000,-2.000000,0.000000,1.850000,1.000000
1586.776978,-61.000000,-61.000000,2.320000,0.000000,-2.000000,0.000000,1.850000,1.000000
1586.781982,-59.000000,-59.000000,2.310000,-2.000000,-2.000000,0.000000,1.850000,1.000000
1586.786987,-63.000000,-63.000000,2.340000,-2.000000,-2.000000,0.000000,1.850000,1.000000
1586.791992,-72.000000,-72.000000,2.420000,-2.000000,-2.000000,0.000000,1.750000,1.000000
1586.796997,-94.000000,-94.000000,2.600000,-2.000000,-2.000000,0.000000,1.750000,1.000000
1586.802002,-88.000000,-88.000000,2.610000,0.000000,0.000000,0.000000,1.740000,1.000000
1586.807007,-82.000000,-82.000000,2.610000,0.000000,0.000000,0.000000,1.740000,1.000000
1586.812012,-82.000000,-82.000000,2.660000,-2.000000,-2.000000,0.000000,1.920000,1.000000
1586.817017,-83.000000,-83.000000,2.870000,-2.000000,-2.000000,0.000000,1.920000,1.000000
1586.822021,-75.000000,-75.000000,2.890000,-2.000000,-4.000000,0.000000,1.730000,1.000000
1586.827026,-69.000000,-69.000000,2.840000,-2.000000,-4.000000,0.000000,1.730000,1.000000
1586.832031,-53.000000,-53.000000,2.770000,-2.000000,-2.000000,0.000000,1.630000,1.000000
1586.837036,-66.000000,-66.000000,2.850000,-2.000000,-2.000000,0.000000,1.630000,1.000000
1586.842041,-61.000000,-61.000000,2.820000,-2.000000,-2.000000,0.000000,1.710000,1.000000
1586.847046,-45.000000,-45.000000,2.750000,-2.000000,-2.000000,0.000000,1.710000,1.000000
1586.852051,-31.000000,-31.000000,2.650000,-2.000000,-2.000000,0.000000,1.700000,1.000000
1586.857056,-36.000000,-36.000000,2.690000,-2.000000,-2.000000,0.000000,1.700000,1.000000
1586.862061,-34.000000,-34.000000,2.660000,-4.000000,-4.000000,0.000000,1.700000,1.000000
1586.866943,-23.000000,-23.000000,2.560000,-4.000000,-4.000000,0.000000,1.700000,1.000000
1586.871948,-10.000000,-10.000000,2.440000,-2.000000,-4.000000,0.000000,1.500000,1.000000
1586.876953,-26.000000,-26.000000,2.410000,-2.000000,-4.000000,0.000000,1.500000,1.000000
1586.881958,-27.000000,-27.000000,2.350000,-2.000000,-4.000000,0.000000,1.580000,1.000000
1586.886963,-24.000000,-24.000000,2.330000,-2.000000,-4.000000,0.000000,1.580000,1.000000
1586.891968,-21.000000,-21.000000,2.270000,-2.000000,-2.000000,0.000000,1.570000,1.000000
1586.896973,-21.000000,-21.000000,2.250000,-2.000000,-2.000000,0.000000,1.570000,1.000000
1586.901978,-22.000000,-22.000000,2.220000,-2.000000,-2.000000,0.000000,1.650000,1.000000
1586.906982,-14.000000,-14.000000,2.170000,-2.000000,-2.000000,0.000000,1.650000,1.000000
1586.911987,-9.000000,-9.000000,2.110000,-2.000000,-2.000000,0.000000,1.640000,1.000000
1586.916992,-12.000000,-12.000000,2.080000,-2.000000,-2.000000,0.000000,1.640000,1.000000
1586.921997,-17.000000,-17.000000,2.090000,-2.000000,-2.000000,0.000000,1.630000,1.000000
1586.927002,-15.000000,-15.000000,2.060000,-2.000000,-2.000000,0.000000,1.630000,1.000000
1586.932007,-9.000000,-9.000000,2.000000,-2.000000,-2.000000,0.000000,1.620000,1.000000
1586.937012,-12.000000,-12.000000,1.970000,-2.000000,-2.000000,0.000000,1.620000,1.000000
1586.942017,-18.000000,-18.000000,1.980000,-2.000000,-2.000000,0.000000,1.620000,1.000000
1586.947021,-19.000000,-19.000000,1.970000,-2.000000,-2.000000,0.000000,1.620000,1.000000
1586.952026,-17.000000,-17.000000,1.940000,-2.000000,-2.000000,0.000000,1.610000,1.000000
1586.957031,-23.000000,-23.000000,1.960000,-2.000000,-2.000000,0.000000,1.610000,1.000000
1586.962036,-26.000000,-26.000000,1.970000,0.000000,-2.000000,0.000000,1.600000,1.000000
1586.967041,-27.000000,-27.000000,1.970000,0.000000,-2.000000,0.000000,1.600000,1.000000
1586.972046,-25.000000,-25.000000,1.960000,0.000000,-2.000000,0.000000,1.690000,1.000000
1586.977051,-25.000000,-25.000000,2.030000,0.000000,-2.000000,0.000000,1.690000,1.000000
1586.982056,-27.000000,-27.000000,2.060000,0.000000,0.000000,0.000000,1.680000,1.000000
1586.987061,-18.000000,-18.000000,2.030000,0.000000,0.000000,0.000000,1.680000,1.000000
1586.991943,-9.000000,-9.000000,1.970000,0.000000,0.000000,0.000000,1.770000,1.000000
1586.996948,-8.000000,-8.000000,2.010000,0.000000,0.000000,0.000000,1.770000,1.000000
1587.001953,-13.000000,-13.000000,2.050000,0.000000,0.000000,0.000000,1.770000,1.000000
1587.006958,-5.000000,-5.000000,2.020000,0.000000,0.000000,0.000000,1.770000,1.000000
1587.011963,9.000000,9.000000,1.930000,0.000000,0.000000,0.000000,1.770000,1.000000
1587.016968,10.000000,10.000000,1.890000,0.000000,0.000000,0.000000,1.770000,1.000000
1587.021973,2.000000,2.000000,1.920000,0.000000,-2.000000,0.000000,1.770000,1.000000
1587.026978,1.000000,1.000000,1.910000,0.000000,-2.000000,0.000000,1.770000,1.000000
1587.031982,10.000000,10.000000,1.850000,-2.000000,0.000000,0.000000,1.680000,1.000000
1587.036987,9.000000,9.000000,1.770000,-2.000000,0.000000,0.000000,1.680000,1.000000
1587.041992,3.000000,3.000000,1.770000,0.000000,0.000000,0.000000,1.680000,1.000000
1587.046997,-5.000000,-5.000000,1.810000,0.000000,0.000000,0.000000,1.680000,1.000000
1587.052002,-5.000000,-5.000000,1.800000,0.000000,0.000000,0.000000,1.770000,1.000000
1587.057007,8.000000,8.000000,1.770000,0.000000,0.000000,0.000000,1.770000,1.000000
1587.062012,7.000000,7.000000,1.760000,0.000000,0.000000,0.000000,1.770000,1.000000
1587.067017,5.000000,5.000000,1.780000,0.000000,0.000000,0.000000,1.770000,1.000000
1587.072021,6.000000,6.000000,1.780000,0.000000,0.000000,0.000000,1.770000,1.000000
1587.077026,11.000000,11.000000,1.750000,0.000000,0.000000,0.000000,1.770000,1.000000
1587.082031,14.000000,14.000000,1.730000,0.000000,0.000000,0.000000,1.770000,1.000000
1587.087036,15.000000,15.000000,1.730000,0.000000,0.000000,0.000000,1.770000,1.000000
1587.092041,17.000000,17.000000,1.710000,0.000000,0.000000,0.000000,1.770000,1.000000
1587.097046,22.000000,22.000000,1.670000,0.000000,0.000000,0.000000,1.770000,1.000000
1587.102051,24.000000,24.000000,1.650000,0.000000,0.000000,0.000000,1.770000,1.000000
1587.107056,27.000000,27.000000,1.630000,0.000000,0.000000,0.000000,1.770000,1.000000
1587.112061,31.000000,31.000000,1.590000,0.000000,0.000000,0.000000,1.770000,1.000000
1587.116943,37.000000,37.000000,1.520000,0.000000,0.000000,0.000000,1.770000,1.000000
1587.121948,37.000000,37.000000,1.520000,2.000000,0.000000,0.000000,1.770000,1.000000
1587.126953,40.000000,40.000000,1.500000,2.000000,0.000000,0.000000,1.770000,1.000000
1587.131958,47.000000,47.000000,1.440000,0.000000,0.000000,0.000000,1.860000,1.000000
1587.136963,60.000000,60.000000,1.370000,0.000000,0.000000,0.000000,1.860000,1.000000
1587.141968,56.000000,56.000000,1.390000,0.000000,0.000000,0.000000,1.770000,1.000000
1587.146973,52.000000,52.000000,1.380000,0.000000,0.000000,0.000000,1.770000,1.000000
1587.151978,62.000000,62.000000,1.290000,0.000000,0.000000,0.000000,1.770000,1.000000
1587.156982,73.000000,73.000000,1.160000,0.000000,0.000000,0.000000,1.770000,1.000000
1587.161987,69.000000,69.000000,1.150000,0.000000,2.000000,0.000000,1.770000,1.000000
1587.166992,67.000000,67.000000,1.130000,0.000000,2.000000,0.000000,1.770000,1.000000
1587.171997,74.000000,74.000000,1.050000,2.000000,0.000000,0.000000,1.870000,1.000000
1587.177002,92.000000,92.000000,0.870000,2.000000,0.000000,0.000000,1.870000,1.000000
1587.182007,84.000000,84.000000,0.870000,2.000000,2.000000,0.000000,1.870000,1.000000
1587.187012,76.000000,76.000000,0.870000,2.000000,2.000000,0.000000,1.870000,1.000000
1587.192017,73.000000,73.000000,0.850000,0.000000,0.000000,0.000000,1.970000,1.000000
1587.197021,85.000000,85.000000,0.710000,0.000000,0.000000,0.000000,1.970000,1.000000
1587.202026,71.000000,71.000000,0.760000,2.000000,4.000000,0.000000,1.790000,1.000000
1587.207031,36.000000,36.000000,0.860000,2.000000,4.000000,0.000000,1.790000,1.000000
1587.212036,19.000000,19.000000,0.990000,2.000000,2.000000,0.000000,2.070000,1.000000
1587.217041,49.000000,49.000000,0.950000,2.000000,2.000000,0.000000,2.070000,1.000000
1587.222046,52.000000,52.000000,0.950000,4.000000,4.000000,0.000000,1.990000,1.000000
1587.227051,38.000000,38.000000,0.990000,4.000000,4.000000,0.000000,1.990000,1.000000
1587.232056,17.000000,17.000000,1.150000,4.000000,2.000000,0.000000,2.190000,1.000000
1587.237061,30.000000,30.000000,1.210000,4.000000,2.000000,0.000000,2.190000,1.000000
1587.241943,34.000000,34.000000,1.220000,4.000000,4.000000,0.000000,2.110000,1.000000
1587.246948,18.000000,18.000000,1.320000,4.000000,4.000000,0.000000,2.110000,1.000000
1587.251953,3.000000,3.000000,1.470000,4.000000,4.000000,0.000000,2.210000,1.000000
1587.256958,11.000000,11.000000,1.520000,4.000000,4.000000,0.000000,2.210000,1.000000
1587.261963,18.000000,18.000000,1.530000,2.000000,4.000000,0.000000,2.230000,1.000000
1587.266968,18.000000,18.000000,1.560000,2.000000,4.000000,0.000000,2.230000,1.000000
1587.271973,7.000000,7.000000,1.670000,4.000000,2.000000,0.000000,2.150000,1.000000
1587.276978,-2.000000,-2.000000,1.740000,4.000000,2.000000,0.000000,2.150000,1.000000
1587.281982,3.000000,3.000000,1.760000,2.000000,2.000000,0.000000,2.160000,1.000000
1587.286987,8.000000,8.000000,1.770000,2.000000,2.000000,0.000000,2.160000,1.000000
1587.291992,4.000000,4.000000,1.830000,2.000000,2.000000,0.000000,2.080000,1.000000
1587.296997,-6.000000,-6.000000,1.900000,2.000000,2.000000,0.000000,2.080000,1.000000
1587.302002,-1.000000,-1.000000,1.920000,0.000000,2.000000,0.000000,2.090000,1.000000
1587.307007,9.000000,9.000000,1.900000,0.000000,2.000000,0.000000,2.090000,1.000000
1587.312012,12.000000,12.000000,1.900000,0.000000,0.000000,0.000000,2.000000,1.000000
1587.317017,5.000000,5.000000,1.930000,0.000000,0.000000,0.000000,2.000000,1.000000
1587.322021,9.000000,9.000000,1.930000,0.000000,0.000000,0.000000,1.910000,1.000000
1587.327026,8.000000,8.000000,1.900000,0.000000,0.000000,0.000000,1.910000,1.000000
1587.332031,14.000000,14.000000,1.870000,0.000000,0.000000,0.000000,1.910000,1.000000
1587.337036,19.000000,19.000000,1.830000,0.000000,0.000000,0.000000,1.910000,1.000000
1587.342041,20.000000,20.000000,1.800000,0.000000,0.000000,0.000000,1.910000,1.000000
1587.347046,18.000000,18.000000,1.800000,0.000000,0.000000,0.000000,1.910000,1.000000
1587.352051,21.000000,21.000000,1.770000,0.000000,0.000000,0.000000,1.910000,1.000000
1587.357056,26.000000,26.000000,1.690000,0.000000,0.000000,0.000000,1.910000,1.000000
1587.362061,24.000000,24.000000,1.670000,2.000000,0.000000,0.000000,1.910000,1.000000
1587.366943,14.000000,14.000000,1.720000,2.000000,0.000000,0.000000,1.910000,1.000000
1587.371948,9.000000,9.000000,1.740000,0.000000,0.000000,0.000000,2.010000,1.000000
1587.376953,27.000000,27.000000,1.660000,0.000000,0.000000,0.000000,2.010000,1.000000
1587.381958,31.000000,31.000000,1.610000,0.000000,0.000000,0.000000,1.910000,1.000000
1587.386963,10.000000,10.000000,1.670000,0.000000,0.000000,0.000000,1.910000,1.000000
1587.391968,0.000000,0.000000,1.740000,2.000000,0.000000,0.000000,1.910000,1.000000
1587.396973,10.000000,10.000000,1.670000,2.000000,0.000000,0.000000,1.910000,1.000000
1587.401978,17.000000,17.000000,1.620000,0.000000,2.000000,0.000000,2.010000,1.000000
1587.406982,10.000000,10.000000,1.670000,0.000000,2.000000,0.000000,2.010000,1.000000
1587.411987,-6.000000,-6.000000,1.780000,2.000000,0.000000,0.000000,2.010000,1.000000
1587.416992,-3.000000,-3.000000,1.800000,2.000000,0.000000,0.000000,2.010000,1.000000
1587.421997,8.000000,8.000000,1.750000,0.000000,0.000000,0.000000,2.020000,1.000000
1587.427002,7.000000,7.000000,1.740000,0.000000,0.000000,0.000000,2.020000,1.000000
1587.432007,-6.000000,-6.000000,1.830000,2.000000,0.000000,0.000000,1.930000,1.000000
1587.437012,-16.000000,-16.000000,1.890000,2.000000,0.000000,0.000000,1.930000,1.000000
1587.442017,-7.000000,-7.000000,1.860000,0.000000,0.000000,0.000000,2.020000,1.000000
1587.447021,2.000000,2.000000,1.840000,0.000000,0.000000,0.000000,2.020000,1.000000
1587.452026,-7.000000,-7.000000,1.900000,0.000000,0.000000,0.000000,1.930000,1.000000
1587.457031,-22.000000,-22.000000,1.970000,0.000000,0.000000,0.000000,1.930000,1.000000
1587.462036,-19.000000,-19.000000,1.970000,0.000000,0.000000,0.000000,1.930000,1.000000
1587.467041,-16.000000,-16.000000,1.950000,0.000000,0.000000,0.000000,1.930000,1.000000
1587.472046,-21.000000,-21.000000,1.980000,0.000000,0.000000,0.000000,1.930000,1.000000
1587.477051,-32.000000,-32.000000,2.060000,0.000000,0.000000,0.000000,1.930000,1.000000
1587.482056,-34.000000,-34.000000,2.090000,0.000000,0.000000,0.000000,1.930000,1.000000
1587.487061,-33.000000,-33.000000,2.090000,0.000000,0.000000,0.000000,1.930000,1.000000
1587.491943,-38.000000,-38.000000,2.130000,0.000000,0.000000,0.000000,1.930000,1.000000
1587.496948,-48.000000,-48.000000,2.240000,0.000000,0.000000,0.000000,1.930000,1.000000
1587.501953,-47.000000,-47.000000,2.240000,0.000000,0.000000,0.000000,1.930000,1.000000
1587.506958,-49.000000,-49.000000,2.260000,0.000000,0.000000,0.000000,1.930000,1.000000
1587.511963,-56.000000,-56.000000,2.330000,0.000000,0.000000,0.000000,1.930000,1.000000
1587.516968,-66.000000,-66.000000,2.460000,0.000000,0.000000,0.000000,1.930000,1.000000
1587.521973,-62.000000,-62.000000,2.450000,-2.000000,-2.000000,0.000000,1.930000,1.000000
1587.526978,-64.000000,-64.000000,2.480000,-2.000000,-2.000000,0.000000,1.930000,1.000000
1587.531982,-69.000000,-69.000000,2.540000,0.000000,-2.000000,0.000000,1.740000,1.000000
1587.536987,-91.000000,-91.000000,2.710000,0.000000,-2.000000,0.000000,1.740000,1.000000
1587.541992,-84.000000,-84.000000,2.720000,-2.000000,-2.000000,0.000000,1.830000,1.000000
1587.546997,-65.000000,-65.000000,2.690000,-2.000000,-2.000000,0.000000,1.830000,1.000000
1587.552002,-57.000000,-57.000000,2.660000,-2.000000,0.000000,0.000000,1.730000,1.000000
1587.557007,-77.000000,-77.000000,2.820000,-2.000000,0.000000,0.000000,1.730000,1.000000
1587.562012,-73.000000,-73.000000,2.830000,-4.000000,-2.000000,0.000000,1.820000,1.000000
1587.567017,-73.000000,-73.000000,2.760000,-4.000000,-2.000000,0.000000,1.820000,1.000000
1587.572021,-34.000000,-34.000000,2.690000,-2.000000,-2.000000,0.000000,1.620000,1.000000
1587.577026,-34.000000,-34.000000,2.760000,-2.000000,-2.000000,0.000000,1.620000,1.000000
1587.582031,-43.000000,-43.000000,2.700000,-4.000000,-4.000000,0.000000,1.700000,1.000000
1587.587036,-43.000000,-43.000000,2.600000,-4.000000,-4.000000,0.000000,1.700000,1.000000
1587.592041,-9.000000,-9.000000,2.490000,-2.000000,-2.000000,0.000000,1.510000,1.000000
1587.597046,-9.000000,-9.000000,2.450000,-2.000000,-2.000000,0.000000,1.510000,1.000000
1587.602051,-22.000000,-22.000000,2.360000,-4.000000,-2.000000,0.000000,1.680000,1.000000
1587.607056,-17.000000,-17.000000,2.290000,-4.000000,-2.000000,0.000000,1.680000,1.000000
1587.612061,-2.000000,-2.000000,2.210000,-2.000000,-4.000000,0.000000,1.580000,1.000000
1587.616943,2.000000,2.000000,2.130000,-2.000000,-4.000000,0.000000,1.580000,1.000000
1587.621948,-1.000000,-1.000000,2.060000,-4.000000,-2.000000,0.000000,1.570000,1.000000
1587.626953,0.000000,0.000000,2.010000,-4.000000,-2.000000,0.000000,1.570000,1.000000
1587.631958,-2.000000,-2.000000,1.940000,-2.000000,-2.000000,0.000000,1.550000,1.000000
1587.636963,0.000000,0.000000,1.870000,-2.000000,-2.000000,0.000000,1.550000,1.000000
1587.641968,0.000000,0.000000,1.850000,-2.000000,0.000000,0.000000,1.640000,1.000000
1587.646973,-4.000000,-4.000000,1.850000,-2.000000,0.000000,0.000000,1.640000,1.000000
1587.651978,-3.000000,-3.000000,1.820000,0.000000,0.000000,0.000000,1.720000,1.000000
1587.656982,-3.000000,-3.000000,1.800000,0.000000,0.000000,0.000000,1.720000,1.000000
1587.661987,3.000000,3.000000,1.790000,-2.000000,-2.000000,0.000000,1.810000,1.000000
1587.666992,0.000000,0.000000,1.790000,-2.000000,-2.000000,0.000000,1.810000,1.000000
1587.671997,4.000000,4.000000,1.800000,0.000000,0.000000,0.000000,1.620000,1.000000
1587.677002,1.000000,1.000000,1.790000,0.000000,0.000000,0.000000,1.620000,1.000000
1587.682007,-15.000000,-15.000000,1.800000,0.000000,0.000000,0.000000,1.810000,1.000000
1587.687012,-18.000000,-18.000000,1.820000,0.000000,0.000000,0.000000,1.810000,1.000000
1587.692017,-9.000000,-9.000000,1.850000,0.000000,0.000000,0.000000,1.810000,1.000000
1587.697021,-13.000000,-13.000000,1.920000,0.000000,0.000000,0.000000,1.810000,1.000000
1587.702026,-20.000000,-20.000000,1.950000,0.000000,0.000000,0.000000,1.810000,1.000000
1587.707031,-20.000000,-20.000000,1.910000,0.000000,0.000000,0.000000,1.810000,1.000000
1587.712036,-13.000000,-13.000000,1.910000,0.000000,0.000000,0.000000,1.810000,1.000000
1587.717041,-10.000000,-10.000000,1.980000,0.000000,0.000000,0.000000,1.810000,1.000000
1587.722046,-19.000000,-19.000000,2.030000,0.000000,-2.000000,0.000000,1.810000,1.000000
1587.727051,-22.000000,-22.000000,2.000000,0.000000,-2.000000,0.000000,1.810000,1.000000
1587.732056,-13.000000,-13.000000,1.940000,0.000000,0.000000,0.000000,1.710000,1.000000
1587.737061,-5.000000,-5.000000,2.000000,0.000000,0.000000,0.000000,1.710000,1.000000
1587.741943,-20.000000,-20.000000,2.060000,0.000000,0.000000,0.000000,1.800000,1.000000
1587.746948,-27.000000,-27.000000,2.040000,0.000000,0.000000,0.000000,1.800000,1.000000
1587.751953,-11.000000,-11.000000,1.960000,0.000000,0.000000,0.000000,1.800000,1.000000
1587.756958,1.000000,1.000000,2.000000,0.000000,0.000000,0.000000,1.800000,1.000000
1587.761963,-5.000000,-5.000000,2.050000,-2.000000,0.000000,0.000000,1.800000,1.000000
1587.766968,-11.000000,-11.000000,2.020000,-2.000000,0.000000,0.000000,1.800000,1.000000
1587.771973,-2.000000,-2.000000,1.930000,0.000000,-2.000000,0.000000,1.710000,1.000000
1587.776978,12.000000,12.000000,1.880000,0.000000,-2.000000,0.000000,1.710000,1.000000
1587.781982,6.000000,6.000000,1.910000,0.000000,0.000000,0.000000,1.700000,1.000000
1587.786987,-2.000000,-2.000000,1.900000,0.000000,0.000000,0.000000,1.700000,1.000000
1587.791992,-2.000000,-2.000000,1.830000,0.000000,0.000000,0.000000,1.790000,1.000000
1587.796997,8.000000,8.000000,1.770000,0.000000,0.000000,0.000000,1.790000,1.000000
1587.802002,19.000000,19.000000,1.790000,0.000000,0.000000,0.000000,1.790000,1.000000
1587.807007,11.000000,11.000000,1.810000,0.000000,0.000000,0.000000,1.790000,1.000000
1587.812012,8.000000,8.000000,1.780000,0.000000,0.000000,0.000000,1.790000,1.000000
1587.817017,14.000000,14.000000,1.710000,0.000000,0.000000,0.000000,1.790000,1.000000
1587.822021,22.000000,22.000000,1.700000,0.000000,0.000000,0.000000,1.790000,1.000000
1587.827026,20.000000,20.000000,1.730000,0.000000,0.000000,0.000000,1.790000,1.000000
1587.832031,17.000000,17.000000,1.700000,0.000000,0.000000,0.000000,1.790000,1.000000
1587.837036,22.000000,22.000000,1.620000,0.000000,0.000000,0.000000,1.790000,1.000000
1587.842041,31.000000,31.000000,1.610000,0.000000,2.000000,0.000000,1.790000,1.000000
1587.847046,32.000000,32.000000,1.610000,0.000000,2.000000,0.000000,1.790000,1.000000
1587.852051,31.000000,31.000000,1.570000,0.000000,0.000000,0.000000,1.890000,1.000000
1587.857056,36.000000,36.000000,1.470000,0.000000,0.000000,0.000000,1.890000,1.000000
1587.862061,52.000000,52.000000,1.470000,0.000000,2.000000,0.000000,1.800000,1.000000
1587.866943,51.000000,51.000000,1.460000,0.000000,2.000000,0.000000,1.800000,1.000000
1587.871948,46.000000,46.000000,1.390000,0.000000,0.000000,0.000000,1.890000,1.000000
1587.876953,53.000000,53.000000,1.300000,0.000000,0.000000,0.000000,1.890000,1.000000
1587.881958,67.000000,67.000000,1.330000,0.000000,0.000000,0.000000,1.800000,1.000000
1587.886963,62.000000,62.000000,1.320000,0.000000,0.000000,0.000000,1.800000,1.000000
1587.891968,57.000000,57.000000,1.200000,0.000000,2.000000,0.000000,1.800000,1.000000
1587.896973,71.000000,71.000000,1.040000,0.000000,2.000000,0.000000,1.800000,1.000000
1587.901978,82.000000,82.000000,1.020000,2.000000,2.000000,0.000000,1.900000,1.000000
1587.906982,73.000000,73.000000,1.050000,2.000000,2.000000,0.000000,1.900000,1.000000
1587.911987,70.000000,70.000000,1.040000,0.000000,2.000000,0.000000,2.000000,1.000000
1587.916992,67.000000,67.000000,0.840000,0.000000,2.000000,0.000000,2.000000,1.000000
1587.921997,90.000000,90.000000,0.810000,2.000000,2.000000,0.000000,1.910000,1.000000
1587.927002,83.000000,83.000000,0.930000,2.000000,2.000000,0.000000,1.910000,1.000000
1587.932007,49.000000,49.000000,1.080000,2.000000,2.000000,0.000000,2.010000,1.000000
1587.937012,27.000000,27.000000,1.010000,2.000000,2.000000,0.000000,2.010000,1.000000
1587.942017,45.000000,45.000000,0.970000,2.000000,4.000000,0.000000,2.020000,1.000000
1587.947021,53.000000,53.000000,1.020000,2.000000,4.000000,0.000000,2.020000,1.000000
1587.952026,43.000000,43.000000,1.180000,4.000000,2.000000,0.000000,2.120000,1.000000
1587.957031,18.000000,18.000000,1.200000,4.000000,2.000000,0.000000,2.120000,1.000000
1587.962036,25.000000,25.000000,1.220000,2.000000,2.000000,0.000000,2.130000,1.000000
1587.967041,30.000000,30.000000,1.240000,2.000000,2.000000,0.000000,2.130000,1.000000
1587.972046,31.000000,31.000000,1.350000,2.000000,2.000000,0.000000,2.050000,1.000000
1587.977051,17.000000,17.000000,1.430000,2.000000,2.000000,0.000000,2.050000,1.000000
1587.982056,5.000000,5.000000,1.470000,4.000000,2.000000,0.000000,2.060000,1.000000
1587.987061,8.000000,8.000000,1.500000,4.000000,2.000000,0.000000,2.060000,1.000000
1587.991943,12.000000,12.000000,1.570000,2.000000,2.000000,0.000000,2.160000,1.000000
1587.996948,7.000000,7.000000,1.650000,2.000000,2.000000,0.000000,2.160000,1.000000
1588.001953,12.000000,12.000000,1.680000,2.000000,2.000000,0.000000,2.080000,1.000000
1588.006958,16.000000,16.000000,1.680000,2.000000,2.000000,0.000000,2.080000,1.000000
1588.011963,15.000000,15.000000,1.730000,2.000000,0.000000,0.000000,2.080000,1.000000
1588.016968,14.000000,14.000000,1.720000,2.000000,0.000000,0.000000,2.080000,1.000000
1588.021973,19.000000,19.000000,1.710000,0.000000,0.000000,0.000000,2.000000,1.000000
1588.026978,24.000000,24.000000,1.730000,0.000000,0.000000,0.000000,2.000000,1.000000
1588.031982,16.000000,16.000000,1.750000,0.000000,0.000000,0.000000,1.910000,1.000000
1588.036987,14.000000,14.000000,1.700000,0.000000,0.000000,0.000000,1.910000,1.000000
1588.041992,13.000000,13.000000,1.670000,0.000000,0.000000,0.000000,1.910000,1.000000
1588.046997,17.000000,17.000000,1.700000,0.000000,0.000000,0.000000,1.910000,1.000000
1588.052002,10.000000,10.000000,1.750000,2.000000,0.000000,0.000000,1.910000,1.000000
1588.057007,3.000000,3.000000,1.730000,2.000000,0.000000,0.000000,1.910000,1.000000
1588.062012,9.000000,9.000000,1.680000,0.000000,0.000000,0.000000,2.000000,1.000000
1588.067017,17.000000,17.000000,1.680000,0.000000,0.000000,0.000000,2.000000,1.000000
1588.072021,22.000000,22.000000,1.730000,0.000000,0.000000,0.000000,1.910000,1.000000
1588.077026,15.000000,15.000000,1.710000,0.000000,0.000000,0.000000,1.910000,1.000000
1588.082031,12.000000,12.000000,1.660000,0.000000,0.000000,0.000000,1.910000,1.000000
1588.087036,20.000000,20.000000,1.650000,0.000000,0.000000,0.000000,1.910000,1.000000
1588.092041,18.000000,18.000000,1.700000,2.000000,0.000000,0.000000,1.910000,1.000000
1588.097046,10.000000,10.000000,1.680000,2.000000,0.000000,0.000000,1.910000,1.000000
1588.102051,13.000000,13.000000,1.640000,0.000000,0.000000,0.000000,2.010000,1.000000
1588.107056,18.000000,18.000000,1.670000,0.000000,0.000000,0.000000,2.010000,1.000000
1588.112061,19.000000,19.000000,1.720000,0.000000,0.000000,0.000000,1.910000,1.000000
1588.116943,11.000000,11.000000,1.710000,0.000000,0.000000,0.000000,1.910000,1.000000
1588.121948,7.000000,7.000000,1.670000,0.000000,0.000000,0.000000,1.910000,1.000000
1588.126953,12.000000,12.000000,1.700000,0.000000,0.000000,0.000000,1.910000,1.000000
1588.131958,5.000000,5.000000,1.770000,0.000000,0.000000,0.000000,1.910000,1.000000
1588.136963,-4.000000,-4.000000,1.780000,0.000000,0.000000,0.000000,1.910000,1.000000
1588.141968,-2.000000,-2.000000,1.750000,0.000000,0.000000,0.000000,1.910000,1.000000
1588.146973,3.000000,3.000000,1.760000,0.000000,0.000000,0.000000,1.910000,1.000000
1588.151978,-1.000000,-1.000000,1.820000,0.000000,0.000000,0.000000,1.910000,1.000000
1588.156982,-9.000000,-9.000000,1.850000,0.000000,0.000000,0.000000,1.910000,1.000000
1588.161987,-10.000000,-10.000000,1.830000,0.000000,0.000000,0.000000,1.910000,1.000000
1588.166992,-6.000000,-6.000000,1.830000,0.000000,0.000000,0.000000,1.910000,1.000000
1588.171997,-8.000000,-8.000000,1.890000,0.000000,0.000000,0.000000,1.910000,1.000000
1588.177002,-17.000000,-17.000000,1.950000,0.000000,0.000000,0.000000,1.910000,1.000000
1588.182007,-22.000000,-22.000000,1.960000,0.000000,0.000000,0.000000,1.910000,1.000000
1588.187012,-21.000000,-21.000000,1.960000,0.000000,0.000000,0.000000,1.910000,1.000000
1588.192017,-22.000000,-22.000000,2.000000,0.000000,0.000000,0.000000,1.910000,1.000000
1588.197021,-28.000000,-28.000000,2.070000,0.000000,0.000000,0.000000,1.910000,1.000000
1588.202026,-35.000000,-35.000000,2.090000,0.000000,-2.000000,0.000000,1.910000,1.000000
1588.207031,-36.000000,-36.000000,2.090000,0.000000,-2.000000,0.000000,1.910000,1.000000
1588.212036,-36.000000,-36.000000,2.150000,0.000000,0.000000,0.000000,1.820000,1.000000
1588.217041,-43.000000,-43.000000,2.250000,0.000000,0.000000,0.000000,1.820000,1.000000
1588.222046,-59.000000,-59.000000,2.250000,0.000000,-2.000000,0.000000,1.910000,1.000000
1588.227051,-57.000000,-57.000000,2.270000,0.000000,-2.000000,0.000000,1.910000,1.000000
1588.232056,-53.000000,-53.000000,2.360000,0.000000,-2.000000,0.000000,1.820000,1.000000
1588.237061,-62.000000,-62.000000,2.490000,0.000000,-2.000000,0.000000,1.820000,1.000000
1588.241943,-80.000000,-80.000000,2.470000,0.000000,-2.000000,0.000000,1.810000,1.000000
1588.246948,-74.000000,-74.000000,2.530000,0.000000,-2.000000,0.000000,1.810000,1.000000
1588.251953,-79.000000,-79.000000,2.620000,-2.000000,-2.000000,0.000000,1.810000,1.000000
1588.256958,-86.000000,-86.000000,2.850000,-2.000000,-2.000000,0.000000,1.810000,1.000000
1588.261963,-99.000000,-99.000000,2.840000,-2.000000,-2.000000,0.000000,1.710000,1.000000
1588.266968,-85.000000,-85.000000,2.770000,-2.000000,-2.000000,0.000000,1.710000,1.000000
1588.271973,-71.000000,-71.000000,2.720000,-2.000000,-4.000000,0.000000,1.700000,1.000000
1588.276978,-62.000000,-62.000000,2.850000,-2.000000,-4.000000,0.000000,1.700000,1.000000
1588.281982,-74.000000,-74.000000,2.840000,-4.000000,-4.000000,0.000000,1.600000,1.000000
1588.286987,-67.000000,-67.000000,2.760000,-4.000000,-4.000000,0.000000,1.600000,1.000000
1588.291992,-55.000000,-55.000000,2.620000,-2.000000,-4.000000,0.000000,1.490000,1.000000
1588.296997,-34.000000,-34.000000,2.670000,-2.000000,-4.000000,0.000000,1.490000,1.000000
1588.302002,-46.000000,-46.000000,2.630000,-4.000000,-2.000000,0.000000,1.570000,1.000000
1588.307007,-43.000000,-43.000000,2.580000,-4.000000,-2.000000,0.000000,1.570000,1.000000
1588.312012,-34.000000,-34.000000,2.460000,-2.000000,-2.000000,0.000000,1.560000,1.000000
1588.317017,-21.000000,-21.000000,2.430000,-2.000000,-2.000000,0.000000,1.560000,1.000000
1588.322021,-20.000000,-20.000000,2.390000,-4.000000,-4.000000,0.000000,1.640000,1.000000
1588.327026,-19.000000,-19.000000,2.300000,-4.000000,-4.000000,0.000000,1.640000,1.000000
1588.332031,-7.000000,-7.000000,2.200000,-2.000000,-2.000000,0.000000,1.440000,1.000000
1588.337036,1.000000,1.000000,2.130000,-2.000000,-2.000000,0.000000,1.440000,1.000000
1588.342041,-12.000000,-12.000000,2.080000,-2.000000,-2.000000,0.000000,1.620000,1.000000
1588.347046,-13.000000,-13.000000,2.050000,-2.000000,-2.000000,0.000000,1.620000,1.000000
1588.352051,-2.000000,-2.000000,1.980000,0.000000,-2.000000,0.000000,1.610000,1.000000
1588.357056,0.000000,0.000000,1.930000,0.000000,-2.000000,0.000000,1.610000,1.000000
1588.362061,0.000000,0.000000,1.910000,-2.000000,-2.000000,0.000000,1.700000,1.000000
1588.366943,-3.000000,-3.000000,1.890000,-2.000000,-2.000000,0.000000,1.700000,1.000000
1588.371948,1.000000,1.000000,1.890000,0.000000,0.000000,0.000000,1.600000,1.000000
1588.376953,-1.000000,-1.000000,1.850000,0.000000,0.000000,0.000000,1.600000,1.000000
1588.381958,-6.000000,-6.000000,1.820000,0.000000,0.000000,0.000000,1.780000,1.000000
1588.386963,-5.000000,-5.000000,1.810000,0.000000,0.000000,0.000000,1.780000,1.000000
1588.391968,7.000000,7.000000,1.800000,0.000000,0.000000,0.000000,1.780000,1.000000
1588.396973,4.000000,4.000000,1.810000,0.000000,0.000000,0.000000,1.780000,1.000000
1588.401978,-1.000000,-1.000000,1.820000,0.000000,-2.000000,0.000000,1.780000,1.000000
1588.406982,-4.000000,-4.000000,1.810000,0.000000,-2.000000,0.000000,1.780000,1.000000
1588.411987,-3.000000,-3.000000,1.810000,0.000000,0.000000,0.000000,1.680000,1.000000
1588.416992,-3.000000,-3.000000,1.830000,0.000000,0.000000,0.000000,1.680000,1.000000
1588.421997,-16.000000,-16.000000,1.860000,0.000000,0.000000,0.000000,1.770000,1.000000
1588.427002,-20.000000,-20.000000,1.870000,0.000000,0.000000,0.000000,1.770000,1.000000
1588.432007,-13.000000,-13.000000,1.880000,0.000000,0.000000,0.000000,1.770000,1.000000
1588.437012,-13.000000,-13.000000,1.950000,0.000000,0.000000,0.000000,1.770000,1.000000
1588.442017,-19.000000,-19.000000,1.980000,0.000000,-2.000000,0.000000,1.770000,1.000000
1588.447021,-18.000000,-18.000000,1.930000,0.000000,-2.000000,0.000000,1.770000,1.000000
1588.452026,-8.000000,-8.000000,1.900000,0.000000,0.000000,0.000000,1.680000,1.000000
1588.457031,-2.000000,-2.000000,1.950000,0.000000,0.000000,0.000000,1.680000,1.000000
1588.462036,-16.000000,-16.000000,1.990000,-2.000000,0.000000,0.000000,1.770000,1.000000
1588.467041,-19.000000,-19.000000,1.950000,-2.000000,0.000000,0.000000,1.770000,1.000000
1588.472046,-2.000000,-2.000000,1.880000,0.000000,0.000000,0.000000,1.680000,1.000000
1588.477051,8.000000,8.000000,1.910000,0.000000,0.000000,0.000000,1.680000,1.000000
1588.482056,-5.000000,-5.000000,1.950000,-2.000000,-2.000000,0.000000,1.770000,1.000000
1588.487061,-9.000000,-9.000000,1.910000,-2.000000,-2.000000,0.000000,1.770000,1.000000
1588.491943,7.000000,7.000000,1.820000,0.000000,0.000000,0.000000,1.580000,1.000000
1588.496948,20.000000,20.000000,1.780000,0.000000,0.000000,0.000000,1.580000,1.000000
1588.501953,4.000000,4.000000,1.810000,0.000000,0.000000,0.000000,1.760000,1.000000
1588.506958,-3.000000,-3.000000,1.800000,0.000000,0.000000,0.000000,1.760000,1.000000
1588.511963,13.000000,13.000000,1.730000,0.000000,0.000000,0.000000,1.760000,1.000000
1588.516968,22.000000,22.000000,1.690000,0.000000,0.000000,0.000000,1.760000,1.000000
1588.521973,24.000000,24.000000,1.700000,0.000000,0.000000,0.000000,1.760000,1.000000
1588.526978,20.000000,20.000000,1.700000,0.000000,0.000000,0.000000,1.760000,1.000000
1588.531982,21.000000,21.000000,1.650000,0.000000,0.000000,0.000000,1.760000,1.000000
1588.536987,29.000000,29.000000,1.570000,0.000000,0.000000,0.000000,1.760000,1.000000
1588.541992,36.000000,36.000000,1.560000,0.000000,0.000000,0.000000,1.760000,1.000000
1588.546997,35.000000,35.000000,1.580000,0.000000,0.000000,0.000000,1.760000,1.000000
1588.552002,34.000000,34.000000,1.520000,0.000000,0.000000,0.000000,1.760000,1.000000
1588.557007,42.000000,42.000000,1.400000,0.000000,0.000000,0.000000,1.760000,1.000000
1588.562012,53.000000,53.000000,1.410000,2.000000,0.000000,0.000000,1.760000,1.000000
1588.567017,51.000000,51.000000,1.410000,2.000000,0.000000,0.000000,1.760000,1.000000
1588.572021,51.000000,51.000000,1.330000,0.000000,0.000000,0.000000,1.850000,1.000000
1588.577026,60.000000,60.000000,1.190000,0.000000,0.000000,0.000000,1.850000,1.000000
1588.582031,79.000000,79.000000,1.200000,0.000000,0.000000,0.000000,1.760000,1.000000
1588.587036,75.000000,75.000000,1.190000,0.000000,0.000000,0.000000,1.760000,1.000000
1588.592041,70.000000,70.000000,1.090000,0.000000,2.000000,0.000000,1.760000,1.000000
1588.597046,82.000000,82.000000,0.840000,0.000000,2.000000,0.000000,1.760000,1.000000
1588.602051,100.000000,100.000000,0.890000,2.000000,2.000000,0.000000,1.860000,1.000000
1588.607056,82.000000,82.000000,0.930000,2.000000,2.000000,0.000000,1.860000,1.000000
1588.612061,72.000000,72.000000,0.940000,2.000000,2.000000,0.000000,1.960000,1.000000
1588.616943,70.000000,70.000000,0.750000,2.000000,2.000000,0.000000,1.960000,1.000000
1588.621948,95.000000,95.000000,0.690000,2.000000,4.000000,0.000000,1.960000,1.000000
1588.626953,91.000000,91.000000,0.800000,2.000000,4.000000,0.000000,1.960000,1.000000
1588.631958,63.000000,63.000000,0.960000,2.000000,2.000000,0.000000,2.070000,1.000000
1588.636963,37.000000,37.000000,0.890000,2.000000,2.000000,0.000000,2.070000,1.000000
1588.641968,56.000000,56.000000,0.830000,4.000000,4.000000,0.000000,1.980000,1.000000
1588.646973,66.000000,66.000000,0.860000,4.000000,4.000000,0.000000,1.980000,1.000000
1588.651978,53.000000,53.000000,1.010000,2.000000,2.000000,0.000000,2.180000,1.000000
1588.656982,26.000000,26.000000,1.030000,2.000000,2.000000,0.000000,2.180000,1.000000
1588.661987,37.000000,37.000000,1.040000,4.000000,4.000000,0.000000,2.010000,1.000000
1588.666992,41.000000,41.000000,1.100000,4.000000,4.000000,0.000000,2.010000,1.000000
1588.671997,23.000000,23.000000,1.230000,2.000000,4.000000,0.000000,2.210000,1.000000
1588.677002,9.000000,9.000000,1.260000,2.000000,4.000000,0.000000,2.210000,1.000000
1588.682007,25.000000,25.000000,1.280000,4.000000,4.000000,0.000000,2.130000,1.000000
1588.687012,29.000000,29.000000,1.330000,4.000000,4.000000,0.000000,2.130000,1.000000
1588.692017,21.000000,21.000000,1.460000,2.000000,4.000000,0.000000,2.230000,1.000000
1588.697021,8.000000,8.000000,1.500000,2.000000,4.000000,0.000000,2.230000,1.000000
1588.702026,16.000000,16.000000,1.510000,2.000000,4.000000,0.000000,2.160000,1.000000
1588.707031,22.000000,22.000000,1.560000,2.000000,4.000000,0.000000,2.160000,1.000000
1588.712036,13.000000,13.000000,1.660000,2.000000,2.000000,0.000000,2.170000,1.000000
1588.717041,3.000000,3.000000,1.680000,2.000000,2.000000,0.000000,2.170000,1.000000
1588.722046,8.000000,8.000000,1.670000,2.000000,2.000000,0.000000,2.080000,1.000000
1588.727051,14.000000,14.000000,1.700000,2.000000,2.000000,0.000000,2.080000,1.000000
1588.732056,5.000000,5.000000,1.780000,2.000000,2.000000,0.000000,2.090000,1.000000
1588.737061,-1.000000,-1.000000,1.800000,2.000000,2.000000,0.000000,2.090000,1.000000
1588.741943,4.000000,4.000000,1.770000,2.000000,0.000000,0.000000,2.100000,1.000000
1588.746948,11.000000,11.000000,1.800000,2.000000,0.000000,0.000000,2.100000,1.000000
1588.751953,9.000000,9.000000,1.860000,2.000000,0.000000,0.000000,2.010000,1.000000
1588.756958,3.000000,3.000000,1.880000,2.000000,0.000000,0.000000,2.010000,1.000000
1588.761963,-2.000000,-2.000000,1.860000,2.000000,0.000000,0.000000,2.020000,1.000000
1588.766968,5.000000,5.000000,1.860000,2.000000,0.000000,0.000000,2.020000,1.000000
1588.771973,6.000000,6.000000,1.890000,0.000000,0.000000,0.000000,2.020000,1.000000
1588.776978,3.000000,3.000000,1.910000,0.000000,0.000000,0.000000,2.020000,1.000000
1588.781982,3.000000,3.000000,1.900000,0.000000,0.000000,0.000000,1.930000,1.000000
1588.786987,7.000000,7.000000,1.880000,0.000000,0.000000,0.000000,1.930000,1.000000
1588.791992,4.000000,4.000000,1.870000,0.000000,0.000000,0.000000,1.930000,1.000000
1588.796997,4.000000,4.000000,1.870000,0.000000,0.000000,0.000000,1.930000,1.000000
1588.802002,5.000000,5.000000,1.850000,0.000000,0.000000,0.000000,1.930000,1.000000
1588.807007,5.000000,5.000000,1.850000,0.000000,0.000000,0.000000,1.930000,1.000000
1588.812012,4.000000,4.000000,1.850000,0.000000,0.000000,0.000000,1.930000,1.000000
1588.817017,2.000000,2.000000,1.850000,0.000000,0.000000,0.000000,1.930000,1.000000
1588.822021,0.000000,0.000000,1.850000,0.000000,0.000000,0.000000,1.930000,1.000000
1588.827026,-1.000000,-1.000000,1.870000,0.000000,0.000000,0.000000,1.930000,1.000000
1588.832031,-4.000000,-4.000000,1.880000,0.000000,0.000000,0.000000,1.930000,1.000000
1588.837036,-7.000000,-7.000000,1.890000,0.000000,0.000000,0.000000,1.930000,1.000000
1588.842041,-9.000000,-9.000000,1.910000,0.000000,0.000000,0.000000,1.930000,1.000000
1588.847046,-12.000000,-12.000000,1.920000,0.000000,0.000000,0.000000,1.930000,1.000000
1588.852051,-14.000000,-14.000000,1.950000,0.000000,0.000000,0.000000,1.930000,1.000000
1588.857056,-18.000000,-18.000000,1.990000,0.000000,0.000000,0.000000,1.930000,1.000000
1588.862061,-23.000000,-23.000000,2.010000,0.000000,-2.000000,0.000000,1.930000,1.000000
1588.866943,-24.000000,-24.000000,2.010000,0.000000,-2.000000,0.000000,1.930000,1.000000
1588.871948,-25.000000,-25.000000,2.050000,0.000000,0.000000,0.000000,1.840000,1.000000
1588.876953,-31.000000,-31.000000,2.120000,0.000000,0.000000,0.000000,1.840000,1.000000
1588.881958,-45.000000,-45.000000,2.140000,0.000000,0.000000,0.000000,1.930000,1.000000
1588.886963,-47.000000,-47.000000,2.150000,0.000000,0.000000,0.000000,1.930000,1.000000
1588.891968,-43.000000,-43.000000,2.210000,-2.000000,0.000000,0.000000,1.930000,1.000000
1588.896973,-50.000000,-50.000000,2.340000,-2.000000,0.000000,0.000000,1.930000,1.000000
1588.901978,-61.000000,-61.000000,2.330000,-2.000000,-2.000000,0.000000,1.830000,1.000000
1588.906982,-58.000000,-58.000000,2.360000,-2.000000,-2.000000,0.000000,1.830000,1.000000
1588.911987,-69.000000,-69.000000,2.450000,-2.000000,0.000000,0.000000,1.730000,1.000000
1588.916992,-79.000000,-79.000000,2.630000,-2.000000,0.000000,0.000000,1.730000,1.000000
1588.921997,-101.000000,-101.000000,2.640000,-2.000000,0.000000,0.000000,1.820000,1.000000
1588.927002,-98.000000,-98.000000,2.680000,-2.000000,0.000000,0.000000,1.820000,1.000000
1588.932007,-88.000000,-88.000000,2.690000,-2.000000,-2.000000,0.000000,1.820000,1.000000
1588.937012,-84.000000,-84.000000,2.950000,-2.000000,-2.000000,0.000000,1.820000,1.000000
1588.942017,-100.000000,-100.000000,2.940000,-4.000000,-2.000000,0.000000,1.720000,1.000000
1588.947021,-89.000000,-89.000000,2.840000,-4.000000,-2.000000,0.000000,1.720000,1.000000
1588.952026,-70.000000,-70.000000,2.770000,-2.000000,-2.000000,0.000000,1.610000,1.000000
1588.957031,-53.000000,-53.000000,2.850000,-2.000000,-2.000000,0.000000,1.610000,1.000000
1588.962036,-67.000000,-67.000000,2.820000,-4.000000,-4.000000,0.000000,1.700000,1.000000
1588.967041,-61.000000,-61.000000,2.730000,-4.000000,-4.000000,0.000000,1.700000,1.000000
1588.972046,-40.000000,-40.000000,2.600000,-2.000000,-2.000000,0.000000,1.500000,1.000000
1588.977051,-20.000000,-20.000000,2.600000,-2.000000,-2.000000,0.000000,1.500000,1.000000
1588.982056,-35.000000,-35.000000,2.560000,-4.000000,-4.000000,0.000000,1.670000,1.000000
1588.987061,-33.000000,-33.000000,2.460000,-4.000000,-4.000000,0.000000,1.670000,1.000000
1588.991943,-11.000000,-11.000000,2.340000,-4.000000,-4.000000,0.000000,1.470000,1.000000
1588.996948,0.000000,0.000000,2.300000,-4.000000,-4.000000,0.000000,1.470000,1.000000
1589.001953,-15.000000,-15.000000,2.270000,-4.000000,-4.000000,0.000000,1.460000,1.000000
1589.006958,-18.000000,-18.000000,2.220000,-4.000000,-4.000000,0.000000,1.460000,1.000000
1589.011963,-18.000000,-18.000000,2.130000,-2.000000,-2.000000,0.000000,1.440000,1.000000
1589.016968,-10.000000,-10.000000,2.070000,-2.000000,-2.000000,0.000000,1.440000,1.000000
1589.021973,-9.000000,-9.000000,2.000000,-2.000000,-4.000000,0.000000,1.620000,1.000000
1589.026978,-8.000000,-8.000000,1.940000,-2.000000,-4.000000,0.000000,1.620000,1.000000
1589.031982,5.000000,5.000000,1.890000,-2.000000,-2.000000,0.000000,1.510000,1.000000
1589.036987,4.000000,4.000000,1.860000,-2.000000,-2.000000,0.000000,1.510000,1.000000
1589.041992,-8.000000,-8.000000,1.840000,-2.000000,-2.000000,0.000000,1.600000,1.000000
1589.046997,-11.000000,-11.000000,1.830000,-2.000000,-2.000000,0.000000,1.600000,1.000000
1589.052002,-8.000000,-8.000000,1.820000,-2.000000,-2.000000,0.000000,1.590000,1.000000
1589.057007,-11.000000,-11.000000,1.830000,-2.000000,-2.000000,0.000000,1.590000,1.000000
1589.062012,-15.000000,-15.000000,1.850000,0.000000,0.000000,0.000000,1.580000,1.000000
1589.067017,-19.000000,-19.000000,1.830000,0.000000,0.000000,0.000000,1.580000,1.000000
1589.072021,-18.000000,-18.000000,1.820000,0.000000,-2.000000,0.000000,1.760000,1.000000
1589.077026,-19.000000,-19.000000,1.890000,0.000000,-2.000000,0.000000,1.760000,1.000000
1589.082031,-14.000000,-14.000000,1.940000,0.000000,-2.000000,0.000000,1.670000,1.000000
1589.087036,-18.000000,-18.000000,1.900000,0.000000,-2.000000,0.000000,1.670000,1.000000
1589.092041,-18.000000,-18.000000,1.870000,0.000000,0.000000,0.000000,1.660000,1.000000
1589.097046,-13.000000,-13.000000,1.930000,0.000000,0.000000,0.000000,1.660000,1.000000
1589.102051,-22.000000,-22.000000,1.980000,-2.000000,0.000000,0.000000,1.750000,1.000000
1589.107056,-27.000000,-27.000000,1.960000,-2.000000,0.000000,0.000000,1.750000,1.000000
1589.112061,-14.000000,-14.000000,1.910000,0.000000,-2.000000,0.000000,1.660000,1.000000
1589.116943,-7.000000,-7.000000,1.990000,0.000000,-2.000000,0.000000,1.660000,1.000000
1589.121948,-23.000000,-23.000000,2.050000,0.000000,0.000000,0.000000,1.660000,1.000000
1589.126953,-28.000000,-28.000000,2.000000,0.000000,0.000000,0.000000,1.660000,1.000000
1589.131958,-15.000000,-15.000000,1.920000,0.000000,0.000000,0.000000,1.750000,1.000000
1589.136963,-3.000000,-3.000000,1.970000,0.000000,0.000000,0.000000,1.750000,1.000000
1589.141968,-5.000000,-5.000000,2.020000,-2.000000,0.000000,0.000000,1.750000,1.000000
1589.146973,-12.000000,-12.000000,1.990000,-2.000000,0.000000,0.000000,1.750000,1.000000
1589.151978,-2.000000,-2.000000,1.890000,-2.000000,0.000000,0.000000,1.650000,1.000000
1589.156982,13.000000,13.000000,1.850000,-2.000000,0.000000,0.000000,1.650000,1.000000
1589.161987,6.000000,6.000000,1.890000,0.000000,0.000000,0.000000,1.650000,1.000000
1589.166992,-3.000000,-3.000000,1.890000,0.000000,0.000000,0.000000,1.650000,1.000000
1589.171997,-3.000000,-3.000000,1.810000,0.000000,0.000000,0.000000,1.740000,1.000000
1589.177002,9.000000,9.000000,1.740000,0.000000,0.000000,0.000000,1.740000,1.000000
1589.182007,20.000000,20.000000,1.750000,0.000000,0.000000,0.000000,1.740000,1.000000
1589.187012,14.000000,14.000000,1.770000,0.000000,0.000000,0.000000,1.740000,1.000000
1589.192017,11.000000,11.000000,1.740000,0.000000,0.000000,0.000000,1.740000,1.000000
1589.197021,16.000000,16.000000,1.670000,0.000000,0.000000,0.000000,1.740000,1.000000
1589.202026,24.000000,24.000000,1.670000,0.000000,2.000000,0.000000,1.740000,1.000000
1589.207031,22.000000,22.000000,1.700000,0.000000,2.000000,0.000000,1.740000,1.000000
1589.212036,20.000000,20.000000,1.660000,0.000000,0.000000,0.000000,1.830000,1.000000
1589.217041,27.000000,27.000000,1.570000,0.000000,0.000000,0.000000,1.830000,1.000000
1589.222046,45.000000,45.000000,1.550000,0.000000,0.000000,0.000000,1.740000,1.000000
1589.227051,45.000000,45.000000,1.540000,0.000000,0.000000,0.000000,1.740000,1.000000
1589.232056,39.000000,39.000000,1.490000,0.000000,2.000000,0.000000,1.740000,1.000000
1589.237061,45.000000,45.000000,1.350000,0.000000,2.000000,0.000000,1.740000,1.000000
1589.241943,58.000000,58.000000,1.360000,0.000000,2.000000,0.000000,1.840000,1.000000
1589.246948,56.000000,56.000000,1.340000,0.000000,2.000000,0.000000,1.840000,1.000000
1589.251953,66.000000,66.000000,1.250000,0.000000,2.000000,0.000000,1.840000,1.000000
1589.256958,77.000000,77.000000,1.090000,0.000000,2.000000,0.000000,1.840000,1.000000
1589.261963,89.000000,89.000000,0.990000,2.000000,2.000000,0.000000,1.850000,1.000000
1589.266968,92.000000,92.000000,0.960000,2.000000,2.000000,0.000000,1.850000,1.000000
1589.271973,83.000000,83.000000,1.010000,0.000000,0.000000,0.000000,1.940000,1.000000
1589.276978,69.000000,69.000000,0.860000,0.000000,0.000000,0.000000,1.940000,1.000000
1589.281982,88.000000,88.000000,0.820000,2.000000,2.000000,0.000000,1.760000,1.000000
1589.286987,91.000000,91.000000,0.810000,2.000000,2.000000,0.000000,1.760000,1.000000
1589.291992,70.000000,70.000000,0.800000,2.000000,2.000000,0.000000,1.950000,1.000000
1589.296997,61.000000,61.000000,0.740000,2.000000,2.000000,0.000000,1.950000,1.000000
1589.302002,73.000000,73.000000,0.790000,4.000000,2.000000,0.000000,1.960000,1.000000
1589.307007,60.000000,60.000000,0.900000,4.000000,2.000000,0.000000,1.960000,1.000000
1589.312012,45.000000,45.000000,1.050000,2.000000,4.000000,0.000000,2.060000,1.000000
1589.317017,27.000000,27.000000,1.020000,2.000000,4.000000,0.000000,2.060000,1.000000
1589.322021,43.000000,43.000000,1.020000,2.000000,2.000000,0.000000,2.080000,1.000000
1589.327026,46.000000,46.000000,1.150000,2.000000,2.000000,0.000000,2.080000,1.000000
1589.332031,33.000000,33.000000,1.290000,2.000000,2.000000,0.000000,1.990000,1.000000
1589.337036,17.000000,17.000000,1.330000,2.000000,2.000000,0.000000,1.990000,1.000000
1589.342041,15.000000,15.000000,1.330000,2.000000,4.000000,0.000000,2.000000,1.000000
1589.347046,22.000000,22.000000,1.370000,2.000000,4.000000,0.000000,2.000000,1.000000
1589.352051,18.000000,18.000000,1.500000,2.000000,2.000000,0.000000,2.100000,1.000000
1589.357056,2.000000,2.000000,1.580000,2.000000,2.000000,0.000000,2.100000,1.000000
1589.362061,8.000000,8.000000,1.580000,2.000000,2.000000,0.000000,2.020000,1.000000
1589.366943,19.000000,19.000000,1.570000,2.000000,2.000000,0.000000,2.020000,1.000000
1589.371948,20.000000,20.000000,1.620000,2.000000,2.000000,0.000000,2.030000,1.000000
1589.376953,17.000000,17.000000,1.620000,2.000000,2.000000,0.000000,2.030000,1.000000
1589.381958,19.000000,19.000000,1.630000,2.000000,2.000000,0.000000,2.040000,1.000000
1589.386963,22.000000,22.000000,1.650000,2.000000,2.000000,0.000000,2.040000,1.000000
1589.391968,22.000000,22.000000,1.680000,2.000000,2.000000,0.000000,2.040000,1.000000
1589.396973,21.000000,21.000000,1.640000,2.000000,2.000000,0.000000,2.040000,1.000000
1589.401978,29.000000,29.000000,1.610000,2.000000,2.000000,0.000000,2.050000,1.000000
1589.406982,35.000000,35.000000,1.630000,2.000000,2.000000,0.000000,2.050000,1.000000
1589.411987,30.000000,30.000000,1.670000,2.000000,2.000000,0.000000,2.060000,1.000000
1589.416992,25.000000,25.000000,1.590000,2.000000,2.000000,0.000000,2.060000,1.000000
1589.421997,36.000000,36.000000,1.530000,0.000000,2.000000,0.000000,2.070000,1.000000
1589.427002,42.000000,42.000000,1.580000,0.000000,2.000000,0.000000,2.070000,1.000000
1589.432007,32.000000,32.000000,1.640000,0.000000,0.000000,0.000000,1.980000,1.000000
1589.437012,22.000000,22.000000,1.540000,0.000000,0.000000,0.000000,1.980000,1.000000
1589.442017,28.000000,28.000000,1.460000,2.000000,2.000000,0.000000,1.890000,1.000000
1589.447021,37.000000,37.000000,1.490000,2.000000,2.000000,0.000000,1.890000,1.000000
1589.452026,17.000000,17.000000,1.600000,2.000000,2.000000,0.000000,2.080000,1.000000
1589.457031,-2.000000,-2.000000,1.590000,2.000000,2.000000,0.000000,2.080000,1.000000
1589.462036,18.000000,18.000000,1.520000,2.000000,2.000000,0.000000,2.090000,1.000000
1589.467041,30.000000,30.000000,1.520000,2.000000,2.000000,0.000000,2.090000,1.000000
1589.472046,25.000000,25.000000,1.630000,2.000000,2.000000,0.000000,2.100000,1.000000
1589.477051,8.000000,8.000000,1.630000,2.000000,2.000000,0.000000,2.100000,1.000000
1589.482056,9.000000,9.000000,1.600000,2.000000,0.000000,0.000000,2.100000,1.000000
1589.487061,17.000000,17.000000,1.650000,2.000000,0.000000,0.000000,2.100000,1.000000
1589.491943,9.000000,9.000000,1.760000,0.000000,0.000000,0.000000,2.020000,1.000000
1589.496948,-6.000000,-6.000000,1.830000,0.000000,0.000000,0.000000,2.020000,1.000000
1589.501953,-16.000000,-16.000000,1.820000,0.000000,0.000000,0.000000,1.930000,1.000000
1589.506958,-8.000000,-8.000000,1.820000,0.000000,0.000000,0.000000,1.930000,1.000000
1589.511963,-13.000000,-13.000000,1.890000,0.000000,2.000000,0.000000,1.930000,1.000000
1589.516968,-22.000000,-22.000000,2.000000,0.000000,2.000000,0.000000,1.930000,1.000000
1589.521973,-30.000000,-30.000000,2.020000,0.000000,0.000000,0.000000,2.020000,1.000000
1589.526978,-24.000000,-24.000000,1.960000,0.000000,0.000000,0.000000,2.020000,1.000000
1589.531982,-4.000000,-4.000000,1.950000,0.000000,0.000000,0.000000,1.930000,1.000000
1589.536987,-3.000000,-3.000000,2.040000,0.000000,0.000000,0.000000,1.930000,1.000000
1589.541992,-21.000000,-21.000000,2.050000,0.000000,-2.000000,0.000000,1.930000,1.000000
1589.546997,-23.000000,-23.000000,2.030000,0.000000,-2.000000,0.000000,1.930000,1.000000
1589.552002,-19.000000,-19.000000,2.050000,0.000000,0.000000,0.000000,1.840000,1.000000
1589.557007,-22.000000,-22.000000,2.100000,0.000000,0.000000,0.000000,1.840000,1.000000
1589.562012,-37.000000,-37.000000,2.120000,-2.000000,0.000000,0.000000,1.930000,1.000000
1589.567017,-40.000000,-40.000000,2.140000,-2.000000,0.000000,0.000000,1.930000,1.000000
1589.572021,-36.000000,-36.000000,2.170000,0.000000,0.000000,0.000000,1.830000,1.000000
1589.577026,-41.000000,-41.000000,2.290000,0.000000,0.000000,0.000000,1.830000,1.000000
1589.582031,-57.000000,-57.000000,2.290000,-2.000000,0.000000,0.000000,1.920000,1.000000
1589.587036,-57.000000,-57.000000,2.310000,-2.000000,0.000000,0.000000,1.920000,1.000000
1589.592041,-51.000000,-51.000000,2.360000,-2.000000,-2.000000,0.000000,1.830000,1.000000
1589.597046,-54.000000,-54.000000,2.480000,-2.000000,-2.000000,0.000000,1.830000,1.000000
1589.602051,-69.000000,-69.000000,2.500000,-2.000000,-2.000000,0.000000,1.730000,1.000000
1589.607056,-66.000000,-66.000000,2.470000,-2.000000,-2.000000,0.000000,1.730000,1.000000
1589.612061,-65.000000,-65.000000,2.480000,-2.000000,0.000000,0.000000,1.720000,1.000000
1589.616943,-61.000000,-61.000000,2.630000,-2.000000,0.000000,0.000000,1.720000,1.000000
1589.621948,-73.000000,-73.000000,2.640000,-2.000000,-2.000000,0.000000,1.810000,1.000000
1589.626953,-67.000000,-67.000000,2.560000,-2.000000,-2.000000,0.000000,1.810000,1.000000
1589.631958,-42.000000,-42.000000,2.500000,-2.000000,-2.000000,0.000000,1.710000,1.000000
1589.636963,-33.000000,-33.000000,2.590000,-2.000000,-2.000000,0.000000,1.710000,1.000000
1589.641968,-52.000000,-52.000000,2.590000,-2.000000,-2.000000,0.000000,1.700000,1.000000
1589.646973,-51.000000,-51.000000,2.520000,-2.000000,-2.000000,0.000000,1.700000,1.000000
1589.651978,-40.000000,-40.000000,2.430000,-4.000000,-2.000000,0.000000,1.690000,1.000000
1589.656982,-27.000000,-27.000000,2.460000,-4.000000,-2.000000,0.000000,1.690000,1.000000
1589.661987,-34.000000,-34.000000,2.450000,-2.000000,-2.000000,0.000000,1.590000,1.000000
1589.666992,-35.000000,-35.000000,2.400000,-2.000000,-2.000000,0.000000,1.590000,1.000000
1589.671997,-39.000000,-39.000000,2.340000,-2.000000,-2.000000,0.000000,1.670000,1.000000
1589.677002,-32.000000,-32.000000,2.360000,-2.000000,-2.000000,0.000000,1.670000,1.000000
1589.682007,-30.000000,-30.000000,2.350000,-2.000000,-2.000000,0.000000,1.660000,1.000000
1589.687012,-32.000000,-32.000000,2.310000,-2.000000,-2.000000,0.000000,1.660000,1.000000
1589.692017,-29.000000,-29.000000,2.240000,-2.000000,-2.000000,0.000000,1.660000,1.000000
1589.697021,-23.000000,-23.000000,2.240000,-2.000000,-2.000000,0.000000,1.660000,1.000000
1589.702026,-28.000000,-28.000000,2.260000,-2.000000,-2.000000,0.000000,1.650000,1.000000
1589.707031,-32.000000,-32.000000,2.200000,-2.000000,-2.000000,0.000000,1.650000,1.000000
1589.712036,-26.000000,-26.000000,2.140000,-2.000000,-2.000000,0.000000,1.640000,1.000000
1589.717041,-19.000000,-19.000000,2.140000,-2.000000,-2.000000,0.000000,1.640000,1.000000
1589.722046,-25.000000,-25.000000,2.180000,-2.000000,-2.000000,0.000000,1.630000,1.000000
1589.727051,-33.000000,-33.000000,2.150000,-2.000000,-2.000000,0.000000,1.630000,1.000000
1589.732056,-29.000000,-29.000000,2.080000,0.000000,-2.000000,0.000000,1.620000,1.000000
1589.737061,-21.000000,-21.000000,2.110000,0.000000,-2.000000,0.000000,1.620000,1.000000
1589.741943,-27.000000,-27.000000,2.140000,0.000000,-2.000000,0.000000,1.710000,1.000000
1589.746948,-32.000000,-32.000000,2.120000,0.000000,-2.000000,0.000000,1.710000,1.000000
1589.751953,-22.000000,-22.000000,2.060000,-2.000000,0.000000,0.000000,1.710000,1.000000
1589.756958,-14.000000,-14.000000,2.090000,-2.000000,0.000000,0.000000,1.710000,1.000000
1589.761963,-19.000000,-19.000000,2.110000,-4.000000,0.000000,0.000000,1.700000,1.000000
1589.766968,-24.000000,-24.000000,2.100000,-4.000000,0.000000,0.000000,1.700000,1.000000
1589.771973,-24.000000,-24.000000,2.060000,-2.000000,-2.000000,0.000000,1.600000,1.000000
1589.776978,-18.000000,-18.000000,2.090000,-2.000000,-2.000000,0.000000,1.600000,1.000000
1589.781982,-29.000000,-29.000000,2.100000,-2.000000,-2.000000,0.000000,1.600000,1.000000
1589.786987,-30.000000,-30.000000,2.080000,-2.000000,-2.000000,0.000000,1.600000,1.000000
1589.791992,-25.000000,-25.000000,2.030000,0.000000,0.000000,0.000000,1.590000,1.000000
1589.796997,-20.000000,-20.000000,2.080000,0.000000,0.000000,0.000000,1.590000,1.000000
1589.802002,-28.000000,-28.000000,2.120000,-2.000000,-2.000000,0.000000,1.770000,1.000000
1589.807007,-33.000000,-33.000000,2.060000,-2.000000,-2.000000,0.000000,1.770000,1.000000
1589.812012,-9.000000,-9.000000,2.000000,-2.000000,-2.000000,0.000000,1.580000,1.000000
1589.817017,1.000000,1.000000,2.040000,-2.000000,-2.000000,0.000000,1.580000,1.000000
1589.822021,-21.000000,-21.000000,2.100000,-2.000000,0.000000,0.000000,1.570000,1.000000
1589.827026,-27.000000,-27.000000,2.030000,-2.000000,0.000000,0.000000,1.570000,1.000000
1589.832031,-15.000000,-15.000000,1.940000,-2.000000,-2.000000,0.000000,1.660000,1.000000
1589.837036,-1.000000,-1.000000,1.930000,-2.000000,-2.000000,0.000000,1.660000,1.000000
1589.842041,2.000000,2.000000,1.960000,-2.000000,-2.000000,0.000000,1.560000,1.000000
1589.847046,-4.000000,-4.000000,1.920000,-2.000000,-2.000000,0.000000,1.560000,1.000000
1589.852051,-4.000000,-4.000000,1.810000,-2.000000,0.000000,0.000000,1.550000,1.000000
1589.857056,11.000000,11.000000,1.710000,-2.000000,0.000000,0.000000,1.550000,1.000000
1589.862061,15.000000,15.000000,1.720000,0.000000,-2.000000,0.000000,1.640000,1.000000
1589.866943,6.000000,6.000000,1.750000,0.000000,-2.000000,0.000000,1.640000,1.000000
1589.871948,6.000000,6.000000,1.700000,0.000000,0.000000,0.000000,1.640000,1.000000
1589.876953,11.000000,11.000000,1.620000,0.000000,0.000000,0.000000,1.640000,1.000000
1589.881958,18.000000,18.000000,1.610000,0.000000,0.000000,0.000000,1.730000,1.000000
1589.886963,12.000000,12.000000,1.660000,0.000000,0.000000,0.000000,1.730000,1.000000
1589.891968,10.000000,10.000000,1.680000,0.000000,0.000000,0.000000,1.730000,1.000000
1589.896973,10.000000,10.000000,1.610000,0.000000,0.000000,0.000000,1.730000,1.000000
1589.901978,20.000000,20.000000,1.590000,0.000000,0.000000,0.000000,1.730000,1.000000
1589.906982,24.000000,24.000000,1.600000,0.000000,0.000000,0.000000,1.730000,1.000000
1589.911987,21.000000,21.000000,1.600000,0.000000,0.000000,0.000000,1.730000,1.000000
1589.916992,22.000000,22.000000,1.560000,0.000000,0.000000,0.000000,1.730000,1.000000
1589.921997,28.000000,28.000000,1.540000,0.000000,2.000000,0.000000,1.730000,1.000000
1589.927002,31.000000,31.000000,1.530000,0.000000,2.000000,0.000000,1.730000,1.000000
1589.932007,33.000000,33.000000,1.490000,0.000000,0.000000,0.000000,1.820000,1.000000
1589.937012,37.000000,37.000000,1.440000,0.000000,0.000000,0.000000,1.820000,1.000000
1589.942017,49.000000,49.000000,1.440000,2.000000,0.000000,0.000000,1.730000,1.000000
1589.947021,49.000000,49.000000,1.420000,2.000000,0.000000,0.000000,1.730000,1.000000
1589.952026,46.000000,46.000000,1.350000,0.000000,0.000000,0.000000,1.830000,1.000000
1589.957031,54.000000,54.000000,1.240000,0.000000,0.000000,0.000000,1.830000,1.000000
1589.962036,70.000000,70.000000,1.250000,2.000000,2.000000,0.000000,1.730000,1.000000
1589.967041,65.000000,65.000000,1.200000,2.000000,2.000000,0.000000,1.730000,1.000000
1589.972046,62.000000,62.000000,1.150000,2.000000,2.000000,0.000000,1.920000,1.000000
1589.977051,61.000000,61.000000,1.040000,2.000000,2.000000,0.000000,1.920000,1.000000
1589.982056,77.000000,77.000000,1.090000,2.000000,2.000000,0.000000,1.930000,1.000000
1589.987061,66.000000,66.000000,1.120000,2.000000,2.000000,0.000000,1.930000,1.000000
1589.991943,63.000000,63.000000,1.070000,0.000000,0.000000,0.000000,1.940000,1.000000
1589.996948,69.000000,69.000000,0.860000,0.000000,0.000000,0.000000,1.940000,1.000000
1590.001953,87.000000,87.000000,0.860000,2.000000,2.000000,0.000000,1.760000,1.000000
1590.006958,75.000000,75.000000,0.990000,2.000000,2.000000,0.000000,1.760000,1.000000
1590.011963,33.000000,33.000000,1.130000,2.000000,4.000000,0.000000,1.950000,1.000000
1590.016968,17.000000,17.000000,1.030000,2.000000,4.000000,0.000000,1.950000,1.000000
1590.021973,46.000000,46.000000,0.940000,2.000000,4.000000,0.000000,2.050000,1.000000
1590.026978,59.000000,59.000000,1.020000,2.000000,4.000000,0.000000,2.050000,1.000000
1590.031982,50.000000,50.000000,1.170000,2.000000,4.000000,0.000000,2.060000,1.000000
1590.036987,26.000000,26.000000,1.210000,2.000000,4.000000,0.000000,2.060000,1.000000
1590.041992,26.000000,26.000000,1.210000,2.000000,4.000000,0.000000,2.080000,1.000000
1590.046997,32.000000,32.000000,1.260000,2.000000,4.000000,0.000000,2.080000,1.000000
1590.052002,30.000000,30.000000,1.390000,2.000000,2.000000,0.000000,2.090000,1.000000
1590.057007,14.000000,14.000000,1.460000,2.000000,2.000000,0.000000,2.090000,1.000000
1590.062012,11.000000,11.000000,1.460000,4.000000,2.000000,0.000000,2.000000,1.000000
1590.067017,19.000000,19.000000,1.480000,4.000000,2.000000,0.000000,2.000000,1.000000
1590.072021,14.000000,14.000000,1.580000,2.000000,2.000000,0.000000,2.110000,1.000000
1590.077026,4.000000,4.000000,1.630000,2.000000,2.000000,0.000000,2.110000,1.000000
1590.082031,12.000000,12.000000,1.630000,2.000000,2.000000,0.000000,2.020000,1.000000
1590.087036,20.000000,20.000000,1.640000,2.000000,2.000000,0.000000,2.020000,1.000000
1590.092041,18.000000,18.000000,1.680000,0.000000,2.000000,0.000000,2.030000,1.000000
1590.097046,16.000000,16.000000,1.660000,0.000000,2.000000,0.000000,2.030000,1.000000
1590.102051,21.000000,21.000000,1.630000,2.000000,2.000000,0.000000,1.950000,1.000000
1590.107056,27.000000,27.000000,1.640000,2.000000,2.000000,0.000000,1.950000,1.000000
1590.112061,19.000000,19.000000,1.680000,2.000000,2.000000,0.000000,2.040000,1.000000
1590.116943,14.000000,14.000000,1.620000,2.000000,2.000000,0.000000,2.040000,1.000000
1590.121948,30.000000,30.000000,1.580000,0.000000,0.000000,0.000000,2.050000,1.000000
1590.126953,35.000000,35.000000,1.630000,0.000000,0.000000,0.000000,2.050000,1.000000
1590.131958,28.000000,28.000000,1.670000,0.000000,2.000000,0.000000,1.870000,1.000000
1590.136963,21.000000,21.000000,1.590000,0.000000,2.000000,0.000000,1.870000,1.000000
1590.141968,18.000000,18.000000,1.530000,2.000000,2.000000,0.000000,1.970000,1.000000
1590.146973,24.000000,24.000000,1.600000,2.000000,2.000000,0.000000,1.970000,1.000000
1590.151978,17.000000,17.000000,1.690000,2.000000,2.000000,0.000000,2.060000,1.000000
1590.156982,4.000000,4.000000,1.670000,2.000000,2.000000,0.000000,2.060000,1.000000
1590.161987,19.000000,19.000000,1.610000,2.000000,0.000000,0.000000,2.070000,1.000000
1590.166992,31.000000,31.000000,1.610000,2.000000,0.000000,0.000000,2.070000,1.000000
1590.171997,28.000000,28.000000,1.680000,2.000000,0.000000,0.000000,1.990000,1.000000
1590.177002,15.000000,15.000000,1.660000,2.000000,0.000000,0.000000,1.990000,1.000000
1590.182007,12.000000,12.000000,1.610000,2.000000,0.000000,0.000000,1.990000,1.000000
1590.187012,19.000000,19.000000,1.650000,2.000000,0.000000,0.000000,1.990000,1.000000
1590.192017,12.000000,12.000000,1.730000,2.000000,0.000000,0.000000,1.990000,1.000000
1590.197021,-1.000000,-1.000000,1.750000,2.000000,0.000000,0.000000,1.990000,1.000000
1590.202026,1.000000,1.000000,1.720000,2.000000,0.000000,0.000000,2.000000,1.000000
1590.207031,10.000000,10.000000,1.710000,2.000000,0.000000,0.000000,2.000000,1.000000
1590.212036,10.000000,10.000000,1.770000,0.000000,0.000000,0.000000,2.000000,1.000000
1590.217041,2.000000,2.000000,1.800000,0.000000,0.000000,0.000000,2.000000,1.000000
1590.222046,1.000000,1.000000,1.780000,0.000000,2.000000,0.000000,1.910000,1.000000
1590.227051,7.000000,7.000000,1.770000,0.000000,2.000000,0.000000,1.910000,1.000000
1590.232056,1.000000,1.000000,1.810000,0.000000,0.000000,0.000000,2.010000,1.000000
1590.237061,-6.000000,-6.000000,1.850000,0.000000,0.000000,0.000000,2.010000,1.000000
1590.241943,-1.000000,-1.000000,1.830000,0.000000,0.000000,0.000000,1.910000,1.000000
1590.246948,3.000000,3.000000,1.830000,0.000000,0.000000,0.000000,1.910000,1.000000
1590.251953,-3.000000,-3.000000,1.850000,0.000000,0.000000,0.000000,1.910000,1.000000
1590.256958,-7.000000,-7.000000,1.880000,0.000000,0.000000,0.000000,1.910000,1.000000
1590.261963,-11.000000,-11.000000,1.880000,0.000000,0.000000,0.000000,1.910000,1.000000
1590.266968,-11.000000,-11.000000,1.890000,0.000000,0.000000,0.000000,1.910000,1.000000
1590.271973,-12.000000,-12.000000,1.910000,0.000000,0.000000,0.000000,1.910000,1.000000
1590.276978,-16.000000,-16.000000,1.960000,0.000000,0.000000,0.000000,1.910000,1.000000
1590.281982,-22.000000,-22.000000,1.980000,0.000000,0.000000,0.000000,1.910000,1.000000
1590.286987,-24.000000,-24.000000,1.970000,0.000000,0.000000,0.000000,1.910000,1.000000
1590.291992,-22.000000,-22.000000,2.000000,0.000000,0.000000,0.000000,1.910000,1.000000
1590.296997,-27.000000,-27.000000,2.080000,0.000000,0.000000,0.000000,1.910000,1.000000
1590.302002,-37.000000,-37.000000,2.100000,0.000000,-2.000000,0.000000,1.910000,1.000000
1590.307007,-39.000000,-39.000000,2.120000,0.000000,-2.000000,0.000000,1.910000,1.000000
1590.312012,-41.000000,-41.000000,2.180000,-2.000000,0.000000,0.000000,1.820000,1.000000
1590.317017,-47.000000,-47.000000,2.290000,-2.000000,0.000000,0.000000,1.820000,1.000000
1590.322021,-64.000000,-64.000000,2.290000,-2.000000,-2.000000,0.000000,1.820000,1.000000
1590.327026,-63.000000,-63.000000,2.320000,-2.000000,-2.000000,0.000000,1.820000,1.000000
1590.332031,-67.000000,-67.000000,2.400000,0.000000,-2.000000,0.000000,1.720000,1.000000
1590.337036,-76.000000,-76.000000,2.600000,0.000000,-2.000000,0.000000,1.720000,1.000000
1590.342041,-99.000000,-99.000000,2.600000,-2.000000,-2.000000,0.000000,1.800000,1.000000
1590.347046,-95.000000,-95.000000,2.610000,-2.000000,-2.000000,0.000000,1.800000,1.000000
1590.352051,-85.000000,-85.000000,2.640000,-2.000000,-2.000000,0.000000,1.700000,1.000000
1590.357056,-81.000000,-81.000000,2.840000,-2.000000,-2.000000,0.000000,1.700000,1.000000
1590.362061,-99.000000,-99.000000,2.840000,-4.000000,-2.000000,0.000000,1.700000,1.000000
1590.366943,-89.000000,-89.000000,2.770000,-4.000000,-2.000000,0.000000,1.700000,1.000000
1590.371948,-68.000000,-68.000000,2.680000,-2.000000,-2.000000,0.000000,1.590000,1.000000
1590.376953,-50.000000,-50.000000,2.770000,-2.000000,-2.000000,0.000000,1.590000,1.000000
1590.381958,-65.000000,-65.000000,2.760000,-4.000000,-4.000000,0.000000,1.680000,1.000000
1590.386963,-60.000000,-60.000000,2.670000,-4.000000,-4.000000,0.000000,1.680000,1.000000
1590.391968,-38.000000,-38.000000,2.560000,-2.000000,-2.000000,0.000000,1.480000,1.000000
1590.396973,-21.000000,-21.000000,2.570000,-2.000000,-2.000000,0.000000,1.480000,1.000000
1590.401978,-38.000000,-38.000000,2.540000,-4.000000,-4.000000,0.000000,1.650000,1.000000
1590.406982,-37.000000,-37.000000,2.470000,-4.000000,-4.000000,0.000000,1.650000,1.000000
1590.411987,-18.000000,-18.000000,2.350000,-4.000000,-4.000000,0.000000,1.450000,1.000000
1590.416992,-5.000000,-5.000000,2.320000,-4.000000,-4.000000,0.000000,1.450000,1.000000
1590.421997,-20.000000,-20.000000,2.270000,-4.000000,-4.000000,0.000000,1.440000,1.000000
1590.427002,-20.000000,-20.000000,2.210000,-4.000000,-4.000000,0.000000,1.440000,1.000000
1590.432007,-20.000000,-20.000000,2.110000,-2.000000,-4.000000,0.000000,1.420000,1.000000
1590.437012,-14.000000,-14.000000,2.060000,-2.000000,-4.000000,0.000000,1.420000,1.000000
1590.442017,-15.000000,-15.000000,2.020000,-2.000000,-2.000000,0.000000,1.500000,1.000000
1590.447021,-18.000000,-18.000000,1.980000,-2.000000,-2.000000,0.000000,1.500000,1.000000
1590.452026,-13.000000,-13.000000,1.910000,-2.000000,0.000000,0.000000,1.580000,1.000000
1590.457031,-10.000000,-10.000000,1.890000,-2.000000,0.000000,0.000000,1.580000,1.000000
1590.462036,-8.000000,-8.000000,1.910000,-2.000000,0.000000,0.000000,1.670000,1.000000
1590.467041,-15.000000,-15.000000,1.890000,-2.000000,0.000000,0.000000,1.670000,1.000000
1590.472046,-7.000000,-7.000000,1.830000,0.000000,-2.000000,0.000000,1.670000,1.000000
1590.477051,0.000000,0.000000,1.820000,0.000000,-2.000000,0.000000,1.670000,1.000000
1590.482056,-8.000000,-8.000000,1.840000,-2.000000,0.000000,0.000000,1.660000,1.000000
1590.487061,-10.000000,-10.000000,1.850000,-2.000000,0.000000,0.000000,1.660000,1.000000
1590.491943,-6.000000,-6.000000,1.830000,-2.000000,0.000000,0.000000,1.660000,1.000000
1590.496948,-5.000000,-5.000000,1.810000,-2.000000,0.000000,0.000000,1.660000,1.000000
1590.501953,-9.000000,-9.000000,1.820000,-2.000000,0.000000,0.000000,1.660000,1.000000
1590.506958,-11.000000,-11.000000,1.830000,-2.000000,0.000000,0.000000,1.660000,1.000000
1590.511963,-9.000000,-9.000000,1.810000,0.000000,0.000000,0.000000,1.650000,1.000000
1590.516968,-13.000000,-13.000000,1.820000,0.000000,0.000000,0.000000,1.650000,1.000000
1590.521973,-17.000000,-17.000000,1.840000,-2.000000,0.000000,0.000000,1.740000,1.000000
1590.526978,-11.000000,-11.000000,1.860000,-2.000000,0.000000,0.000000,1.740000,1.000000
1590.531982,-9.000000,-9.000000,1.850000,0.000000,-2.000000,0.000000,1.650000,1.000000
1590.536987,-20.000000,-20.000000,1.890000,0.000000,-2.000000,0.000000,1.650000,1.000000
1590.541992,-23.000000,-23.000000,1.920000,-2.000000,0.000000,0.000000,1.640000,1.000000
1590.546997,-18.000000,-18.000000,1.900000,-2.000000,0.000000,0.000000,1.640000,1.000000
1590.552002,-14.000000,-14.000000,1.880000,0.000000,-2.000000,0.000000,1.640000,1.000000
1590.557007,-21.000000,-21.000000,1.950000,0.000000,-2.000000,0.000000,1.640000,1.000000
1590.562012,-24.000000,-24.000000,1.990000,0.000000,0.000000,0.000000,1.640000,1.000000
1590.567017,-12.000000,-12.000000,1.930000,0.000000,0.000000,0.000000,1.640000,1.000000
1590.572021,-3.000000,-3.000000,1.870000,0.000000,0.000000,0.000000,1.730000,1.000000
1590.577026,-2.000000,-2.000000,1.900000,0.000000,0.000000,0.000000,1.730000,1.000000
1590.582031,-7.000000,-7.000000,1.950000,0.000000,-2.000000,0.000000,1.730000,1.000000
1590.587036,5.000000,5.000000,1.890000,0.000000,-2.000000,0.000000,1.730000,1.000000
1590.592041,19.000000,19.000000,1.790000,0.000000,0.000000,0.000000,1.630000,1.000000
1590.597046,10.000000,10.000000,1.750000,0.000000,0.000000,0.000000,1.630000,1.000000
1590.602051,2.000000,2.000000,1.780000,0.000000,-2.000000,0.000000,1.720000,1.000000
1590.607056,9.000000,9.000000,1.780000,0.000000,-2.000000,0.000000,1.720000,1.000000
1590.612061,17.000000,17.000000,1.730000,0.000000,0.000000,0.000000,1.630000,1.000000
1590.616943,13.000000,13.000000,1.680000,0.000000,0.000000,0.000000,1.630000,1.000000
1590.621948,9.000000,9.000000,1.690000,0.000000,0.000000,0.000000,1.720000,1.000000
1590.626953,15.000000,15.000000,1.710000,0.000000,0.000000,0.000000,1.720000,1.000000
1590.631958,23.000000,23.000000,1.660000,0.000000,0.000000,0.000000,1.720000,1.000000
1590.636963,31.000000,31.000000,1.590000,0.000000,0.000000,0.000000,1.720000,1.000000
1590.641968,32.000000,32.000000,1.570000,0.000000,2.000000,0.000000,1.720000,1.000000
1590.646973,31.000000,31.000000,1.570000,0.000000,2.000000,0.000000,1.720000,1.000000
1590.651978,36.000000,36.000000,1.540000,0.000000,0.000000,0.000000,1.810000,1.000000
1590.656982,55.000000,55.000000,1.420000,0.000000,0.000000,0.000000,1.810000,1.000000
1590.661987,56.000000,56.000000,1.400000,2.000000,0.000000,0.000000,1.720000,1.000000
1590.666992,50.000000,50.000000,1.390000,2.000000,0.000000,0.000000,1.720000,1.000000
1590.671997,56.000000,56.000000,1.330000,0.000000,0.000000,0.000000,1.820000,1.000000
1590.677002,72.000000,72.000000,1.230000,0.000000,0.000000,0.000000,1.820000,1.000000
1590.682007,69.000000,69.000000,1.230000,2.000000,2.000000,0.000000,1.730000,1.000000
1590.687012,64.000000,64.000000,1.220000,2.000000,2.000000,0.000000,1.730000,1.000000
1590.692017,77.000000,77.000000,1.110000,2.000000,2.000000,0.000000,1.920000,1.000000
1590.697021,108.000000,108.000000,0.870000,2.000000,2.000000,0.000000,1.920000,1.000000
1590.702026,92.000000,92.000000,0.880000,2.000000,2.000000,0.000000,1.920000,1.000000
1590.707031,67.000000,67.000000,1.000000,2.000000,2.000000,0.000000,1.920000,1.000000
1590.712036,64.000000,64.000000,1.030000,2.000000,2.000000,0.000000,1.930000,1.000000
1590.717041,90.000000,90.000000,0.820000,2.000000,2.000000,0.000000,1.930000,1.000000
1590.722046,98.000000,98.000000,0.670000,2.000000,4.000000,0.000000,1.940000,1.000000
1590.727051,70.000000,70.000000,0.750000,2.000000,4.000000,0.000000,1.940000,1.000000
1590.732056,37.000000,37.000000,0.910000,2.000000,2.000000,0.000000,2.040000,1.000000
1590.737061,53.000000,53.000000,0.830000,2.000000,2.000000,0.000000,2.040000,1.000000
1590.741943,49.000000,49.000000,0.880000,4.000000,4.000000,0.000000,1.960000,1.000000
1590.746948,40.000000,40.000000,0.880000,4.000000,4.000000,0.000000,1.960000,1.000000
1590.751953,15.000000,15.000000,1.020000,4.000000,4.000000,0.000000,2.160000,1.000000
1590.756958,21.000000,21.000000,1.090000,4.000000,4.000000,0.000000,2.160000,1.000000
1590.761963,19.000000,19.000000,1.180000,4.000000,4.000000,0.000000,2.170000,1.000000
1590.766968,20.000000,20.000000,1.240000,4.000000,4.000000,0.000000,2.170000,1.000000
1590.771973,11.000000,11.000000,1.350000,4.000000,4.000000,0.000000,2.190000,1.000000
1590.776978,7.000000,7.000000,1.440000,4.000000,4.000000,0.000000,2.190000,1.000000
1590.781982,9.000000,9.000000,1.500000,4.000000,4.000000,0.000000,2.210000,1.000000
1590.786987,15.000000,15.000000,1.540000,4.000000,4.000000,0.000000,2.210000,1.000000
1590.791992,16.000000,16.000000,1.600000,2.000000,2.000000,0.000000,2.220000,1.000000
1590.796997,18.000000,18.000000,1.650000,2.000000,2.000000,0.000000,2.220000,1.000000
1590.802002,18.000000,18.000000,1.690000,2.000000,2.000000,0.000000,2.050000,1.000000
1590.807007,5.000000,5.000000,1.730000,2.000000,2.000000,0.000000,2.050000,1.000000
1590.812012,7.000000,7.000000,1.770000,2.000000,0.000000,0.000000,2.060000,1.000000
1590.817017,17.000000,17.000000,1.730000,2.000000,0.000000,0.000000,2.060000,1.000000
1590.822021,20.000000,20.000000,1.720000,0.000000,2.000000,0.000000,1.970000,1.000000
1590.827026,6.000000,6.000000,1.770000,0.000000,2.000000,0.000000,1.970000,1.000000
1590.832031,2.000000,2.000000,1.820000,0.000000,2.000000,0.000000,1.970000,1.000000
1590.837036,11.000000,11.000000,1.780000,0.000000,2.000000,0.000000,1.970000,1.000000
1590.842041,18.000000,18.000000,1.740000,0.000000,2.000000,0.000000,1.980000,1.000000
1590.847046,13.000000,13.000000,1.760000,0.000000,2.000000,0.000000,1.980000,1.000000
1590.852051,7.000000,7.000000,1.810000,2.000000,2.000000,0.000000,1.980000,1.000000
1590.857056,15.000000,15.000000,1.780000,2.000000,2.000000,0.000000,1.980000,1.000000
1590.862061,23.000000,23.000000,1.720000,0.000000,0.000000,0.000000,2.080000,1.000000
1590.866943,29.000000,29.000000,1.720000,0.000000,0.000000,0.000000,2.080000,1.000000
1590.871948,21.000000,21.000000,1.750000,2.000000,0.000000,0.000000,1.900000,1.000000
1590.876953,12.000000,12.000000,1.710000,2.000000,0.000000,0.000000,1.900000,1.000000
1590.881958,17.000000,17.000000,1.670000,0.000000,0.000000,0.000000,1.990000,1.000000
1590.886963,17.000000,17.000000,1.700000,0.000000,0.000000,0.000000,1.990000,1.000000
1590.891968,8.000000,8.000000,1.760000,2.000000,0.000000,0.000000,1.900000,1.000000
1590.896973,4.000000,4.000000,1.760000,2.000000,0.000000,0.000000,1.900000,1.000000
1590.901978,10.000000,10.000000,1.720000,0.000000,2.000000,0.000000,2.000000,1.000000
1590.906982,14.000000,14.000000,1.730000,0.000000,2.000000,0.000000,2.000000,1.000000
1590.911987,5.000000,5.000000,1.790000,0.000000,0.000000,0.000000,2.000000,1.000000
1590.916992,8.000000,8.000000,1.800000,0.000000,0.000000,0.000000,2.000000,1.000000
1590.921997,15.000000,15.000000,1.770000,0.000000,0.000000,0.000000,1.910000,1.000000
1590.927002,9.000000,9.000000,1.750000,0.000000,0.000000,0.000000,1.910000,1.000000
1590.932007,4.000000,4.000000,1.780000,0.000000,0.000000,0.000000,1.910000,1.000000
1590.937012,5.000000,5.000000,1.770000,0.000000,0.000000,0.000000,1.910000,1.000000
1590.942017,6.000000,6.000000,1.750000,0.000000,0.000000,0.000000,1.910000,1.000000
1590.947021,0.000000,0.000000,1.780000,0.000000,0.000000,0.000000,1.910000,1.000000
1590.952026,-5.000000,-5.000000,1.820000,0.000000,0.000000,0.000000,1.910000,1.000000
1590.957031,-4.000000,-4.000000,1.820000,0.000000,0.000000,0.000000,1.910000,1.000000
1590.962036,-1.000000,-1.000000,1.800000,0.000000,0.000000,0.000000,1.910000,1.000000
1590.967041,-5.000000,-5.000000,1.810000,0.000000,0.000000,0.000000,1.910000,1.000000
1590.972046,-11.000000,-11.000000,1.860000,0.000000,0.000000,0.000000,1.910000,1.000000
1590.977051,-13.000000,-13.000000,1.880000,0.000000,0.000000,0.000000,1.910000,1.000000
1590.982056,-14.000000,-14.000000,1.890000,0.000000,0.000000,0.000000,1.910000,1.000000
1590.987061,-16.000000,-16.000000,1.900000,0.000000,0.000000,0.000000,1.910000,1.000000
1590.991943,-22.000000,-22.000000,1.940000,0.000000,0.000000,0.000000,1.910000,1.000000
1590.996948,-26.000000,-26.000000,1.980000,0.000000,0.000000,0.000000,1.910000,1.000000
1591.001953,-25.000000,-25.000000,2.000000,-2.000000,0.000000,0.000000,1.910000,1.000000
1591.006958,-26.000000,-26.000000,2.000000,-2.000000,0.000000,0.000000,1.910000,1.000000
1591.011963,-33.000000,-33.000000,2.050000,0.000000,0.000000,0.000000,1.820000,1.000000
1591.016968,-48.000000,-48.000000,2.120000,0.000000,0.000000,0.000000,1.820000,1.000000
1591.021973,-47.000000,-47.000000,2.130000,0.000000,0.000000,0.000000,1.910000,1.000000
1591.026978,-42.000000,-42.000000,2.150000,0.000000,0.000000,0.000000,1.910000,1.000000
1591.031982,-50.000000,-50.000000,2.210000,0.000000,0.000000,0.000000,1.910000,1.000000
1591.036987,-60.000000,-60.000000,2.330000,0.000000,0.000000,0.000000,1.910000,1.000000
1591.041992,-56.000000,-56.000000,2.310000,-2.000000,-2.000000,0.000000,1.910000,1.000000
1591.046997,-58.000000,-58.000000,2.330000,-2.000000,-2.000000,0.000000,1.910000,1.000000
1591.052002,-69.000000,-69.000000,2.430000,-2.000000,-2.000000,0.000000,1.720000,1.000000
1591.057007,-97.000000,-97.000000,2.610000,-2.000000,-2.000000,0.000000,1.720000,1.000000
1591.062012,-88.000000,-88.000000,2.620000,-2.000000,-2.000000,0.000000,1.710000,1.000000
1591.067017,-78.000000,-78.000000,2.600000,-2.000000,-2.000000,0.000000,1.710000,1.000000
1591.072021,-72.000000,-72.000000,2.600000,-2.000000,-2.000000,0.000000,1.700000,1.000000
1591.077026,-88.000000,-88.000000,2.820000,-2.000000,-2.000000,0.000000,1.700000,1.000000
1591.082031,-77.000000,-77.000000,2.770000,-2.000000,-2.000000,0.000000,1.690000,1.000000
1591.087036,-64.000000,-64.000000,2.750000,-2.000000,-2.000000,0.000000,1.690000,1.000000
1591.092041,-47.000000,-47.000000,2.670000,-2.000000,-2.000000,0.000000,1.680000,1.000000
1591.097046,-54.000000,-54.000000,2.760000,-2.000000,-2.000000,0.000000,1.680000,1.000000
1591.102051,-47.000000,-47.000000,2.720000,-4.000000,-2.000000,0.000000,1.680000,1.000000
1591.107056,-30.000000,-30.000000,2.610000,-4.000000,-2.000000,0.000000,1.680000,1.000000
1591.112061,-13.000000,-13.000000,2.490000,-2.000000,-2.000000,0.000000,1.570000,1.000000
1591.116943,-19.000000,-19.000000,2.420000,-2.000000,-2.000000,0.000000,1.570000,1.000000
1591.121948,-20.000000,-20.000000,2.400000,-2.000000,-4.000000,0.000000,1.660000,1.000000
1591.126953,-10.000000,-10.000000,2.330000,-2.000000,-4.000000,0.000000,1.660000,1.000000
1591.131958,0.000000,0.000000,2.220000,-2.000000,-2.000000,0.000000,1.550000,1.000000
1591.136963,-5.000000,-5.000000,2.150000,-2.000000,-2.000000,0.000000,1.550000,1.000000
1591.141968,-7.000000,-7.000000,2.100000,-2.000000,-2.000000,0.000000,1.640000,1.000000
1591.146973,-6.000000,-6.000000,2.090000,-2.000000,-2.000000,0.000000,1.640000,1.000000
1591.151978,-6.000000,-6.000000,2.060000,-2.000000,-2.000000,0.000000,1.630000,1.000000
1591.156982,-4.000000,-4.000000,1.990000,-2.000000,-2.000000,0.000000,1.630000,1.000000
1591.161987,-5.000000,-5.000000,1.950000,0.000000,-2.000000,0.000000,1.620000,1.000000
1591.166992,-11.000000,-11.000000,1.940000,0.000000,-2.000000,0.000000,1.620000,1.000000
1591.171997,-15.000000,-15.000000,1.920000,-2.000000,-2.000000,0.000000,1.710000,1.000000
1591.177002,-14.000000,-14.000000,1.920000,-2.000000,-2.000000,0.000000,1.710000,1.000000
1591.182007,-20.000000,-20.000000,1.940000,-2.000000,0.000000,0.000000,1.610000,1.000000
1591.187012,-30.000000,-30.000000,1.950000,-2.000000,0.000000,0.000000,1.610000,1.000000
1591.192017,-31.000000,-31.000000,1.950000,0.000000,-2.000000,0.000000,1.700000,1.000000
1591.197021,-33.000000,-33.000000,2.030000,0.000000,-2.000000,0.000000,1.700000,1.000000
1591.202026,-35.000000,-35.000000,2.060000,0.000000,-2.000000,0.000000,1.690000,1.000000
1591.207031,-29.000000,-29.000000,2.040000,0.000000,-2.000000,0.000000,1.690000,1.000000
1591.212036,-25.000000,-25.000000,2.020000,-2.000000,0.000000,0.000000,1.690000,1.000000
1591.217041,-37.000000,-37.000000,2.120000,-2.000000,0.000000,0.000000,1.690000,1.000000
1591.222046,-41.000000,-41.000000,2.180000,-2.000000,0.000000,0.000000,1.680000,1.000000
1591.227051,-26.000000,-26.000000,2.100000,-2.000000,0.000000,0.000000,1.680000,1.000000
1591.232056,-16.000000,-16.000000,2.050000,-2.000000,0.000000,0.000000,1.680000,1.000000
1591.237061,-24.000000,-24.000000,2.100000,-2.000000,0.000000,0.000000,1.680000,1.000000
1591.241943,-31.000000,-31.000000,2.180000,0.000000,-2.000000,0.000000,1.680000,1.000000
1591.246948,-19.000000,-19.000000,2.120000,0.000000,-2.000000,0.000000,1.680000,1.000000
1591.251953,-2.000000,-2.000000,2.030000,-2.000000,0.000000,0.000000,1.670000,1.000000
1591.256958,-3.000000,-3.000000,2.000000,-2.000000,0.000000,0.000000,1.670000,1.000000
1591.261963,-10.000000,-10.000000,2.040000,-2.000000,-2.000000,0.000000,1.670000,1.000000
1591.266968,-4.000000,-4.000000,2.000000,-2.000000,-2.000000,0.000000,1.670000,1.000000
1591.271973,11.000000,11.000000,1.900000,0.000000,-2.000000,0.000000,1.570000,1.000000
1591.276978,7.000000,7.000000,1.830000,0.000000,-2.000000,0.000000,1.570000,1.000000
1591.281982,0.000000,0.000000,1.840000,0.000000,-2.000000,0.000000,1.660000,1.000000
1591.286987,3.000000,3.000000,1.850000,0.000000,-2.000000,0.000000,1.660000,1.000000
1591.291992,11.000000,11.000000,1.800000,0.000000,0.000000,0.000000,1.650000,1.000000
1591.296997,18.000000,18.000000,1.710000,0.000000,0.000000,0.000000,1.650000,1.000000
1591.302002,15.000000,15.000000,1.690000,0.000000,-2.000000,0.000000,1.740000,1.000000
1591.307007,16.000000,16.000000,1.710000,0.000000,-2.000000,0.000000,1.740000,1.000000
1591.312012,17.000000,17.000000,1.690000,0.000000,0.000000,0.000000,1.650000,1.000000
1591.317017,12.000000,12.000000,1.650000,0.000000,0.000000,0.000000,1.650000,1.000000
1591.322021,11.000000,11.000000,1.650000,0.000000,2.000000,0.000000,1.740000,1.000000
1591.327026,15.000000,15.000000,1.680000,0.000000,2.000000,0.000000,1.740000,1.000000
1591.332031,20.000000,20.000000,1.650000,0.000000,0.000000,0.000000,1.830000,1.000000
1591.337036,33.000000,33.000000,1.620000,0.000000,0.000000,0.000000,1.830000,1.000000
1591.342041,33.000000,33.000000,1.610000,0.000000,0.000000,0.000000,1.740000,1.000000
1591.347046,28.000000,28.000000,1.600000,0.000000,0.000000,0.000000,1.740000,1.000000
1591.352051,32.000000,32.000000,1.570000,0.000000,0.000000,0.000000,1.740000,1.000000
1591.357056,41.000000,41.000000,1.500000,0.000000,0.000000,0.000000,1.740000,1.000000
1591.362061,41.000000,41.000000,1.490000,0.000000,2.000000,0.000000,1.740000,1.000000
1591.366943,42.000000,42.000000,1.490000,0.000000,2.000000,0.000000,1.740000,1.000000
1591.371948,50.000000,50.000000,1.410000,0.000000,0.000000,0.000000,1.840000,1.000000
1591.376953,66.000000,66.000000,1.310000,0.000000,0.000000,0.000000,1.840000,1.000000
1591.381958,63.000000,63.000000,1.330000,2.000000,0.000000,0.000000,1.750000,1.000000
1591.386963,60.000000,60.000000,1.290000,2.000000,0.000000,0.000000,1.750000,1.000000
1591.391968,70.000000,70.000000,1.200000,2.000000,0.000000,0.000000,1.840000,1.000000
1591.396973,91.000000,91.000000,1.000000,2.000000,0.000000,0.000000,1.840000,1.000000
1591.401978,80.000000,80.000000,0.990000,2.000000,2.000000,0.000000,1.850000,1.000000
1591.406982,59.000000,59.000000,1.080000,2.000000,2.000000,0.000000,1.850000,1.000000
1591.411987,54.000000,54.000000,1.130000,0.000000,0.000000,0.000000,1.940000,1.000000
1591.416992,87.000000,87.000000,0.930000,0.000000,0.000000,0.000000,1.940000,1.000000
1591.421997,96.000000,96.000000,0.810000,2.000000,2.000000,0.000000,1.760000,1.000000
1591.427002,59.000000,59.000000,0.870000,2.000000,2.000000,0.000000,1.760000,1.000000
1591.432007,28.000000,28.000000,1.010000,2.000000,4.000000,0.000000,1.950000,1.000000
1591.437012,45.000000,45.000000,0.960000,2.000000,4.000000,0.000000,1.950000,1.000000
1591.442017,47.000000,47.000000,0.940000,4.000000,4.000000,0.000000,2.060000,1.000000
1591.447021,45.000000,45.000000,1.000000,4.000000,4.000000,0.000000,2.060000,1.000000
1591.452026,21.000000,21.000000,1.130000,2.000000,4.000000,0.000000,2.160000,1.000000
1591.457031,22.000000,22.000000,1.210000,2.000000,4.000000,0.000000,2.160000,1.000000
1591.462036,23.000000,23.000000,1.260000,4.000000,2.000000,0.000000,2.080000,1.000000
1591.467041,18.000000,18.000000,1.300000,4.000000,2.000000,0.000000,2.080000,1.000000
1591.472046,9.000000,9.000000,1.420000,2.000000,2.000000,0.000000,2.100000,1.000000
1591.477051,7.000000,7.000000,1.480000,2.000000,2.000000,0.000000,2.100000,1.000000
1591.482056,11.000000,11.000000,1.510000,2.000000,2.000000,0.000000,2.010000,1.000000
1591.487061,2.000000,2.000000,1.580000,2.000000,2.000000,0.000000,2.010000,1.000000
1591.491943,-2.000000,-2.000000,1.670000,2.000000,2.000000,0.000000,2.020000,1.000000
1591.496948,2.000000,2.000000,1.710000,2.000000,2.000000,0.000000,2.020000,1.000000
1591.501953,9.000000,9.000000,1.710000,0.000000,2.000000,0.000000,2.030000,1.000000
1591.506958,13.000000,13.000000,1.720000,0.000000,2.000000,0.000000,2.030000,1.000000
1591.511963,12.000000,12.000000,1.760000,2.000000,2.000000,0.000000,1.940000,1.000000
1591.516968,11.000000,11.000000,1.760000,2.000000,2.000000,0.000000,1.940000,1.000000
1591.521973,16.000000,16.000000,1.750000,2.000000,2.000000,0.000000,2.040000,1.000000
1591.526978,27.000000,27.000000,1.730000,2.000000,2.000000,0.000000,2.040000,1.000000
1591.531982,28.000000,28.000000,1.730000,0.000000,0.000000,0.000000,2.050000,1.000000
1591.536987,35.000000,35.000000,1.700000,0.000000,0.000000,0.000000,2.050000,1.000000
1591.541992,40.000000,40.000000,1.650000,0.000000,0.000000,0.000000,1.870000,1.000000
1591.546997,22.000000,22.000000,1.670000,0.000000,0.000000,0.000000,1.870000,1.000000
1591.552002,20.000000,20.000000,1.680000,0.000000,2.000000,0.000000,1.870000,1.000000
1591.557007,33.000000,33.000000,1.550000,0.000000,2.000000,0.000000,1.870000,1.000000
1591.562012,37.000000,37.000000,1.490000,2.000000,2.000000,0.000000,1.960000,1.000000
1591.567017,27.000000,27.000000,1.570000,2.000000,2.000000,0.000000,1.960000,1.000000
1591.572021,16.000000,16.000000,1.630000,0.000000,2.000000,0.000000,2.060000,1.000000
1591.577026,36.000000,36.000000,1.540000,0.000000,2.000000,0.000000,2.060000,1.000000
1591.582031,46.000000,46.000000,1.460000,0.000000,2.000000,0.000000,1.970000,1.000000
1591.587036,25.000000,25.000000,1.510000,0.000000,2.000000,0.000000,1.970000,1.000000
1591.592041,8.000000,8.000000,1.620000,0.000000,2.000000,0.000000,1.980000,1.000000
1591.597046,20.000000,20.000000,1.530000,0.000000,2.000000,0.000000,1.980000,1.000000
1591.602051,30.000000,30.000000,1.460000,2.000000,0.000000,0.000000,1.980000,1.000000
1591.607056,17.000000,17.000000,1.500000,2.000000,0.000000,0.000000,1.980000,1.000000
1591.612061,-4.000000,-4.000000,1.630000,2.000000,2.000000,0.000000,1.990000,1.000000
1591.616943,-3.000000,-3.000000,1.660000,2.000000,2.000000,0.000000,1.990000,1.000000
1591.621948,10.000000,10.000000,1.600000,0.000000,2.000000,0.000000,2.080000,1.000000
1591.626953,15.000000,15.000000,1.600000,0.000000,2.000000,0.000000,2.080000,1.000000
1591.631958,-3.000000,-3.000000,1.720000,0.000000,2.000000,0.000000,2.000000,1.000000
1591.636963,-16.000000,-16.000000,1.820000,0.000000,2.000000,0.000000,2.000000,1.000000
1591.641968,-7.000000,-7.000000,1.820000,0.000000,2.000000,0.000000,2.000000,1.000000
1591.646973,2.000000,2.000000,1.790000,0.000000,2.000000,0.000000,2.000000,1.000000
1591.651978,-5.000000,-5.000000,1.830000,0.000000,0.000000,0.000000,2.010000,1.000000
1591.656982,-15.000000,-15.000000,1.940000,0.000000,0.000000,0.000000,2.010000,1.000000
1591.661987,-10.000000,-10.000000,1.960000,0.000000,0.000000,0.000000,1.910000,1.000000
1591.666992,-3.000000,-3.000000,1.880000,0.000000,0.000000,0.000000,1.910000,1.000000
1591.671997,-1.000000,-1.000000,1.860000,0.000000,0.000000,0.000000,1.910000,1.000000
1591.677002,-12.000000,-12.000000,1.920000,0.000000,0.000000,0.000000,1.910000,1.000000
1591.682007,-17.000000,-17.000000,1.960000,0.000000,0.000000,0.000000,1.910000,1.000000
1591.687012,-14.000000,-14.000000,1.940000,0.000000,0.000000,0.000000,1.910000,1.000000
1591.692017,-13.000000,-13.000000,1.930000,-2.000000,0.000000,0.000000,1.910000,1.000000
1591.697021,-19.000000,-19.000000,1.970000,-2.000000,0.000000,0.000000,1.910000,1.000000
1591.702026,-25.000000,-25.000000,2.000000,0.000000,0.000000,0.000000,1.820000,1.000000
1591.707031,-34.000000,-34.000000,2.020000,0.000000,0.000000,0.000000,1.820000,1.000000
1591.712036,-37.000000,-37.000000,2.050000,0.000000,0.000000,0.000000,1.910000,1.000000
1591.717041,-36.000000,-36.000000,2.110000,0.000000,0.000000,0.000000,1.910000,1.000000
1591.722046,-37.000000,-37.000000,2.110000,0.000000,0.000000,0.000000,1.910000,1.000000
1591.727051,-42.000000,-42.000000,2.140000,0.000000,0.000000,0.000000,1.910000,1.000000
1591.732056,-48.000000,-48.000000,2.210000,-2.000000,0.000000,0.000000,1.910000,1.000000
1591.737061,-56.000000,-56.000000,2.310000,-2.000000,0.000000,0.000000,1.910000,1.000000
1591.741943,-53.000000,-53.000000,2.290000,0.000000,0.000000,0.000000,1.820000,1.000000
1591.746948,-65.000000,-65.000000,2.330000,0.000000,0.000000,0.000000,1.820000,1.000000
1591.751953,-73.000000,-73.000000,2.410000,0.000000,0.000000,0.000000,1.910000,1.000000
1591.756958,-72.000000,-72.000000,2.510000,0.000000,0.000000,0.000000,1.910000,1.000000
1591.761963,-67.000000,-67.000000,2.530000,-2.000000,-2.000000,0.000000,1.910000,1.000000
1591.766968,-63.000000,-63.000000,2.520000,-2.000000,-2.000000,0.000000,1.910000,1.000000
1591.771973,-64.000000,-64.000000,2.560000,-2.000000,-2.000000,0.000000,1.720000,1.000000
1591.776978,-90.000000,-90.000000,2.710000,-2.000000,-2.000000,0.000000,1.720000,1.000000
1591.781982,-88.000000,-88.000000,2.770000,-2.000000,-4.000000,0.000000,1.710000,1.000000
1591.786987,-70.000000,-70.000000,2.700000,-2.000000,-4.000000,0.000000,1.710000,1.000000
1591.791992,-56.000000,-56.000000,2.640000,-2.000000,-2.000000,0.000000,1.610000,1.000000
1591.796997,-75.000000,-75.000000,2.760000,-2.000000,-2.000000,0.000000,1.610000,1.000000
1591.802002,-75.000000,-75.000000,2.780000,-4.000000,-4.000000,0.000000,1.690000,1.000000
1591.807007,-57.000000,-57.000000,2.730000,-4.000000,-4.000000,0.000000,1.690000,1.000000
1591.812012,-39.000000,-39.000000,2.620000,-2.000000,-2.000000,0.000000,1.490000,1.000000
1591.817017,-58.000000,-58.000000,2.680000,-2.000000,-2.000000,0.000000,1.490000,1.000000
1591.822021,-55.000000,-55.000000,2.650000,-4.000000,-4.000000,0.000000,1.660000,1.000000
1591.827026,-29.000000,-29.000000,2.580000,-4.000000,-4.000000,0.000000,1.660000,1.000000
1591.832031,-12.000000,-12.000000,2.450000,-2.000000,-4.000000,0.000000,1.470000,1.000000
1591.837036,-27.000000,-27.000000,2.440000,-2.000000,-4.000000,0.000000,1.470000,1.000000
1591.842041,-24.000000,-24.000000,2.370000,-4.000000,-4.000000,0.000000,1.550000,1.000000
1591.847046,-12.000000,-12.000000,2.300000,-4.000000,-4.000000,0.000000,1.550000,1.000000
1591.852051,-3.000000,-3.000000,2.200000,-4.000000,-4.000000,0.000000,1.440000,1.000000
1591.857056,-9.000000,-9.000000,2.130000,-4.000000,-4.000000,0.000000,1.440000,1.000000
1591.862061,-10.000000,-10.000000,2.070000,-4.000000,-2.000000,0.000000,1.420000,1.000000
1591.866943,-14.000000,-14.000000,2.040000,-4.000000,-2.000000,0.000000,1.420000,1.000000
1591.871948,-15.000000,-15.000000,1.990000,-2.000000,0.000000,0.000000,1.500000,1.000000
1591.876953,-9.000000,-9.000000,1.930000,-2.000000,0.000000,0.000000,1.500000,1.000000
1591.881958,-15.000000,-15.000000,1.920000,0.000000,0.000000,0.000000,1.680000,1.000000
1591.886963,-4.000000,-4.000000,1.920000,0.000000,0.000000,0.000000,1.680000,1.000000
1591.891968,-4.000000,-4.000000,1.890000,-2.000000,-2.000000,0.000000,1.770000,1.000000
1591.896973,1.000000,1.000000,1.890000,-2.000000,-2.000000,0.000000,1.770000,1.000000
1591.901978,-1.000000,-1.000000,1.890000,0.000000,-2.000000,0.000000,1.580000,1.000000
1591.906982,-12.000000,-12.000000,1.850000,0.000000,-2.000000,0.000000,1.580000,1.000000
1591.911987,-12.000000,-12.000000,1.830000,0.000000,0.000000,0.000000,1.670000,1.000000
1591.916992,-8.000000,-8.000000,1.820000,0.000000,0.000000,0.000000,1.670000,1.000000
1591.921997,-12.000000,-12.000000,1.830000,0.000000,-2.000000,0.000000,1.760000,1.000000
1591.927002,-10.000000,-10.000000,1.850000,0.000000,-2.000000,0.000000,1.760000,1.000000
1591.932007,-11.000000,-11.000000,1.860000,0.000000,0.000000,0.000000,1.660000,1.000000
1591.937012,-24.000000,-24.000000,1.900000,0.000000,0.000000,0.000000,1.660000,1.000000
1591.942017,-28.000000,-28.000000,1.940000,0.000000,-2.000000,0.000000,1.750000,1.000000
1591.947021,-17.000000,-17.000000,1.930000,0.000000,-2.000000,0.000000,1.750000,1.000000
1591.952026,-16.000000,-16.000000,1.920000,0.000000,0.000000,0.000000,1.660000,1.000000
1591.957031,-33.000000,-33.000000,2.030000,0.000000,0.000000,0.000000,1.660000,1.000000
1591.962036,-34.000000,-34.000000,2.070000,0.000000,0.000000,0.000000,1.750000,1.000000
1591.967041,-15.000000,-15.000000,2.020000,0.000000,0.000000,0.000000,1.750000,1.000000
1591.972046,-6.000000,-6.000000,1.970000,-2.000000,0.000000,0.000000,1.750000,1.000000
1591.977051,-17.000000,-17.000000,2.050000,-2.000000,0.000000,0.000000,1.750000,1.000000
1591.982056,-22.000000,-22.000000,2.120000,0.000000,0.000000,0.000000,1.660000,1.000000
1591.987061,-8.000000,-8.000000,2.010000,0.000000,0.000000,0.000000,1.660000,1.000000
1591.991943,5.000000,5.000000,1.930000,0.000000,0.000000,0.000000,1.750000,1.000000
1591.996948,13.000000,13.000000,1.860000,0.000000,0.000000,0.000000,1.750000,1.000000
1592.001953,3.000000,3.000000,1.920000,-2.000000,-2.000000,0.000000,1.750000,1.000000
1592.006958,4.000000,4.000000,1.930000,-2.000000,-2.000000,0.000000,1.750000,1.000000
1592.011963,21.000000,21.000000,1.820000,0.000000,0.000000,0.000000,1.560000,1.000000
1592.016968,15.000000,15.000000,1.720000,0.000000,0.000000,0.000000,1.560000,1.000000
1592.021973,9.000000,9.000000,1.700000,0.000000,0.000000,0.000000,1.740000,1.000000
1592.026978,14.000000,14.000000,1.750000,0.000000,0.000000,0.000000,1.740000,1.000000
1592.031982,16.000000,16.000000,1.730000,0.000000,0.000000,0.000000,1.740000,1.000000
1592.036987,26.000000,26.000000,1.650000,0.000000,0.000000,0.000000,1.740000,1.000000
1592.041992,27.000000,27.000000,1.630000,0.000000,0.000000,0.000000,1.740000,1.000000
1592.046997,23.000000,23.000000,1.650000,0.000000,0.000000,0.000000,1.740000,1.000000
1592.052002,27.000000,27.000000,1.620000,0.000000,0.000000,0.000000,1.740000,1.000000
1592.057007,38.000000,38.000000,1.530000,0.000000,0.000000,0.000000,1.740000,1.000000
1592.062012,41.000000,41.000000,1.500000,0.000000,0.000000,0.000000,1.740000,1.000000
1592.067017,42.000000,42.000000,1.490000,0.000000,0.000000,0.000000,1.740000,1.000000
1592.072021,47.000000,47.000000,1.440000,0.000000,0.000000,0.000000,1.740000,1.000000
1592.077026,56.000000,56.000000,1.330000,0.000000,0.000000,0.000000,1.740000,1.000000
1592.082031,57.000000,57.000000,1.310000,2.000000,0.000000,0.000000,1.740000,1.000000
1592.087036,61.000000,61.000000,1.290000,2.000000,0.000000,0.000000,1.740000,1.000000
1592.092041,69.000000,69.000000,1.210000,0.000000,0.000000,0.000000,1.830000,1.000000
1592.097046,85.000000,85.000000,1.080000,0.000000,0.000000,0.000000,1.830000,1.000000
1592.102051,83.000000,83.000000,1.040000,2.000000,2.000000,0.000000,1.740000,1.000000
1592.107056,63.000000,63.000000,1.090000,2.000000,2.000000,0.000000,1.740000,1.000000
1592.112061,54.000000,54.000000,1.120000,0.000000,0.000000,0.000000,1.930000,1.000000
1592.116943,83.000000,83.000000,0.960000,0.000000,0.000000,0.000000,1.930000,1.000000
1592.121948,87.000000,87.000000,0.900000,2.000000,2.000000,0.000000,1.750000,1.000000
1592.126953,65.000000,65.000000,0.890000,2.000000,2.000000,0.000000,1.750000,1.000000
1592.131958,54.000000,54.000000,0.880000,2.000000,2.000000,0.000000,1.940000,1.000000
1592.136963,70.000000,70.000000,0.770000,2.000000,2.000000,0.000000,1.940000,1.000000
1592.141968,58.000000,58.000000,0.810000,4.000000,4.000000,0.000000,1.950000,1.000000
1592.146973,40.000000,40.000000,0.910000,4.000000,4.000000,0.000000,1.950000,1.000000
1592.151978,20.000000,20.000000,1.060000,4.000000,4.000000,0.000000,2.150000,1.000000
1592.156982,42.000000,42.000000,1.030000,4.000000,4.000000,0.000000,2.150000,1.000000
1592.161987,43.000000,43.000000,1.060000,4.000000,2.000000,0.000000,2.160000,1.000000
1592.166992,33.000000,33.000000,1.160000,4.000000,2.000000,0.000000,2.160000,1.000000
1592.171997,18.000000,18.000000,1.300000,4.000000,4.000000,0.000000,2.080000,1.000000
1592.177002,14.000000,14.000000,1.340000,4.000000,4.000000,0.000000,2.080000,1.000000
1592.182007,21.000000,21.000000,1.330000,4.000000,4.000000,0.000000,2.190000,1.000000
1592.187012,23.000000,23.000000,1.390000,4.000000,4.000000,0.000000,2.190000,1.000000
1592.192017,9.000000,9.000000,1.540000,2.000000,2.000000,0.000000,2.210000,1.000000
1592.197021,9.000000,9.000000,1.630000,2.000000,2.000000,0.000000,2.210000,1.000000
1592.202026,19.000000,19.000000,1.620000,2.000000,2.000000,0.000000,2.030000,1.000000
1592.207031,8.000000,8.000000,1.650000,2.000000,2.000000,0.000000,2.030000,1.000000
1592.212036,3.000000,3.000000,1.700000,2.000000,2.000000,0.000000,2.040000,1.000000
1592.217041,4.000000,4.000000,1.740000,2.000000,2.000000,0.000000,2.040000,1.000000
1592.222046,6.000000,6.000000,1.760000,2.000000,0.000000,0.000000,2.050000,1.000000
1592.227051,6.000000,6.000000,1.790000,2.000000,0.000000,0.000000,2.050000,1.000000
1592.232056,5.000000,5.000000,1.820000,0.000000,2.000000,0.000000,1.960000,1.000000
1592.237061,2.000000,2.000000,1.850000,0.000000,2.000000,0.000000,1.960000,1.000000
1592.241943,7.000000,7.000000,1.840000,0.000000,2.000000,0.000000,1.970000,1.000000
1592.246948,9.000000,9.000000,1.840000,0.000000,2.000000,0.000000,1.970000,1.000000
1592.251953,10.000000,10.000000,1.860000,2.000000,0.000000,0.000000,1.970000,1.000000
1592.256958,15.000000,15.000000,1.840000,2.000000,0.000000,0.000000,1.970000,1.000000
1592.261963,23.000000,23.000000,1.810000,0.000000,0.000000,0.000000,1.970000,1.000000
1592.266968,26.000000,26.000000,1.790000,0.000000,0.000000,0.000000,1.970000,1.000000
1592.271973,27.000000,27.000000,1.780000,0.000000,0.000000,0.000000,1.880000,1.000000
1592.276978,30.000000,30.000000,1.690000,0.000000,0.000000,0.000000,1.880000,1.000000
1592.281982,35.000000,35.000000,1.630000,0.000000,0.000000,0.000000,1.880000,1.000000
1592.286987,27.000000,27.000000,1.650000,0.000000,0.000000,0.000000,1.880000,1.000000
1592.291992,24.000000,24.000000,1.670000,0.000000,0.000000,0.000000,1.880000,1.000000
1592.296997,38.000000,38.000000,1.540000,0.000000,0.000000,0.000000,1.880000,1.000000
1592.302002,44.000000,44.000000,1.450000,0.000000,2.000000,0.000000,1.880000,1.000000
1592.307007,27.000000,27.000000,1.520000,0.000000,2.000000,0.000000,1.880000,1.000000
1592.312012,15.000000,15.000000,1.590000,0.000000,0.000000,0.000000,1.980000,1.000000
1592.317017,36.000000,36.000000,1.490000,0.000000,0.000000,0.000000,1.980000,1.000000
1592.322021,45.000000,45.000000,1.390000,0.000000,0.000000,0.000000,1.890000,1.000000
1592.327026,21.000000,21.000000,1.450000,0.000000,0.000000,0.000000,1.890000,1.000000
1592.332031,1.000000,1.000000,1.560000,2.000000,0.000000,0.000000,1.890000,1.000000
1592.337036,7.000000,7.000000,1.520000,2.000000,0.000000,0.000000,1.890000,1.000000
1592.342041,16.000000,16.000000,1.440000,0.000000,0.000000,0.000000,1.980000,1.000000
1592.347046,8.000000,8.000000,1.510000,0.000000,0.000000,0.000000,1.980000,1.000000
1592.352051,-15.000000,-15.000000,1.660000,0.000000,2.000000,0.000000,1.890000,1.000000
1592.357056,-26.000000,-26.000000,1.760000,0.000000,2.000000,0.000000,1.890000,1.000000
1592.362061,-12.000000,-12.000000,1.720000,0.000000,2.000000,0.000000,1.990000,1.000000
1592.366943,0.000000,0.000000,1.690000,0.000000,2.000000,0.000000,1.990000,1.000000
1592.371948,-13.000000,-13.000000,1.790000,0.000000,0.000000,0.000000,1.990000,1.000000
1592.376953,-26.000000,-26.000000,1.930000,0.000000,0.000000,0.000000,1.990000,1.000000
1592.381958,-20.000000,-20.000000,1.960000,0.000000,0.000000,0.000000,1.900000,1.000000
1592.386963,-12.000000,-12.000000,1.890000,0.000000,0.000000,0.000000,1.900000,1.000000
1592.391968,-11.000000,-11.000000,1.880000,0.000000,0.000000,0.000000,1.900000,1.000000
1592.396973,-26.000000,-26.000000,2.000000,0.000000,0.000000,0.000000,1.900000,1.000000
1592.401978,-27.000000,-27.000000,2.010000,0.000000,0.000000,0.000000,1.900000,1.000000
1592.406982,-22.000000,-22.000000,1.980000,0.000000,0.000000,0.000000,1.900000,1.000000
1592.411987,-23.000000,-23.000000,1.990000,0.000000,0.000000,0.000000,1.900000,1.000000
1592.416992,-31.000000,-31.000000,2.040000,0.000000,0.000000,0.000000,1.900000,1.000000
1592.421997,-36.000000,-36.000000,2.080000,0.000000,-2.000000,0.000000,1.900000,1.000000
1592.427002,-38.000000,-38.000000,2.090000,0.000000,-2.000000,0.000000,1.900000,1.000000
1592.432007,-43.000000,-43.000000,2.140000,0.000000,0.000000,0.000000,1.800000,1.000000
1592.437012,-56.000000,-56.000000,2.200000,0.000000,0.000000,0.000000,1.800000,1.000000
1592.442017,-56.000000,-56.000000,2.210000,0.000000,0.000000,0.000000,1.890000,1.000000
1592.447021,-55.000000,-55.000000,2.250000,0.000000,0.000000,0.000000,1.890000,1.000000
1592.452026,-63.000000,-63.000000,2.350000,0.000000,0.000000,0.000000,1.890000,1.000000
1592.457031,-72.000000,-72.000000,2.490000,0.000000,0.000000,0.000000,1.890000,1.000000
1592.462036,-64.000000,-64.000000,2.490000,-2.000000,-2.000000,0.000000,1.890000,1.000000
1592.467041,-57.000000,-57.000000,2.480000,-2.000000,-2.000000,0.000000,1.890000,1.000000
1592.472046,-58.000000,-58.000000,2.520000,0.000000,-2.000000,0.000000,1.700000,1.000000
1592.477051,-85.000000,-85.000000,2.680000,0.000000,-2.000000,0.000000,1.700000,1.000000
1592.482056,-82.000000,-82.000000,2.710000,-2.000000,-2.000000,0.000000,1.790000,1.000000
1592.487061,-60.000000,-60.000000,2.670000,-2.000000,-2.000000,0.000000,1.790000,1.000000
1592.491943,-49.000000,-49.000000,2.610000,-2.000000,-2.000000,0.000000,1.690000,1.000000
1592.496948,-70.000000,-70.000000,2.760000,-2.000000,-2.000000,0.000000,1.690000,1.000000
1592.501953,-67.000000,-67.000000,2.750000,-2.000000,-2.000000,0.000000,1.680000,1.000000
1592.506958,-54.000000,-54.000000,2.710000,-2.000000,-2.000000,0.000000,1.680000,1.000000
1592.511963,-37.000000,-37.000000,2.610000,-2.000000,-2.000000,0.000000,1.680000,1.000000
1592.516968,-39.000000,-39.000000,2.600000,-2.000000,-2.000000,0.000000,1.680000,1.000000
1592.521973,-40.000000,-40.000000,2.610000,-2.000000,-4.000000,0.000000,1.670000,1.000000
1592.526978,-32.000000,-32.000000,2.550000,-2.000000,-4.000000,0.000000,1.670000,1.000000
1592.531982,-17.000000,-17.000000,2.440000,-2.000000,-4.000000,0.000000,1.570000,1.000000
1592.536987,-22.000000,-22.000000,2.370000,-2.000000,-4.000000,0.000000,1.570000,1.000000
1592.541992,-22.000000,-22.000000,2.340000,-2.000000,-4.000000,0.000000,1.550000,1.000000
1592.546997,-22.000000,-22.000000,2.290000,-2.000000,-4.000000,0.000000,1.550000,1.000000
1592.552002,-14.000000,-14.000000,2.200000,-4.000000,-2.000000,0.000000,1.540000,1.000000
1592.557007,-16.000000,-16.000000,2.150000,-4.000000,-2.000000,0.000000,1.540000,1.000000
1592.562012,-20.000000,-20.000000,2.140000,-2.000000,-2.000000,0.000000,1.530000,1.000000
1592.567017,-20.000000,-20.000000,2.090000,-2.000000,-2.000000,0.000000,1.530000,1.000000
1592.572021,-17.000000,-17.000000,2.020000,-2.000000,-2.000000,0.000000,1.610000,1.000000
1592.577026,-15.000000,-15.000000,2.010000,-2.000000,-2.000000,0.000000,1.610000,1.000000
1592.582031,-20.000000,-20.000000,2.020000,-2.000000,0.000000,0.000000,1.600000,1.000000
1592.587036,-18.000000,-18.000000,1.980000,-2.000000,0.000000,0.000000,1.600000,1.000000
1592.592041,-16.000000,-16.000000,1.950000,-2.000000,0.000000,0.000000,1.690000,1.000000
1592.597046,-18.000000,-18.000000,1.990000,-2.000000,0.000000,0.000000,1.690000,1.000000
1592.602051,-22.000000,-22.000000,2.020000,-2.000000,-2.000000,0.000000,1.690000,1.000000
1592.607056,-16.000000,-16.000000,2.000000,-2.000000,-2.000000,0.000000,1.690000,1.000000
1592.612061,-8.000000,-8.000000,1.940000,0.000000,-2.000000,0.000000,1.590000,1.000000
1592.616943,-20.000000,-20.000000,1.950000,0.000000,-2.000000,0.000000,1.590000,1.000000
1592.621948,-30.000000,-30.000000,2.010000,0.000000,0.000000,0.000000,1.680000,1.000000
1592.626953,-20.000000,-20.000000,2.000000,0.000000,0.000000,0.000000,1.680000,1.000000
1592.631958,-11.000000,-11.000000,1.940000,0.000000,-2.000000,0.000000,1.770000,1.000000
1592.636963,-9.000000,-9.000000,1.980000,0.000000,-2.000000,0.000000,1.770000,1.000000
1592.641968,-15.000000,-15.000000,2.030000,-2.000000,0.000000,0.000000,1.670000,1.000000
1592.646973,-11.000000,-11.000000,1.970000,-2.000000,0.000000,0.000000,1.670000,1.000000
1592.651978,0.000000,0.000000,1.910000,-2.000000,0.000000,0.000000,1.670000,1.000000
1592.656982,0.000000,0.000000,1.890000,-2.000000,0.000000,0.000000,1.670000,1.000000
1592.661987,-9.000000,-9.000000,1.930000,-2.000000,0.000000,0.000000,1.660000,1.000000
1592.666992,-9.000000,-9.000000,1.910000,-2.000000,0.000000,0.000000,1.660000,1.000000
1592.671997,4.000000,4.000000,1.840000,0.000000,-2.000000,0.000000,1.660000,1.000000
1592.677002,4.000000,4.000000,1.820000,0.000000,-2.000000,0.000000,1.660000,1.000000
1592.682007,-4.000000,-4.000000,1.840000,0.000000,0.000000,0.000000,1.660000,1.000000
1592.687012,-4.000000,-4.000000,1.840000,0.000000,0.000000,0.000000,1.660000,1.000000
1592.692017,-4.000000,-4.000000,1.800000,0.000000,0.000000,0.000000,1.750000,1.000000
1592.697021,2.000000,2.000000,1.770000,0.000000,0.000000,0.000000,1.750000,1.000000
1592.702026,10.000000,10.000000,1.780000,0.000000,0.000000,0.000000,1.750000,1.000000
1592.707031,6.000000,6.000000,1.790000,0.000000,0.000000,0.000000,1.750000,1.000000
1592.712036,5.000000,5.000000,1.770000,0.000000,0.000000,0.000000,1.750000,1.000000
1592.717041,8.000000,8.000000,1.740000,0.000000,0.000000,0.000000,1.750000,1.000000
1592.722046,11.000000,11.000000,1.750000,0.000000,0.000000,0.000000,1.750000,1.000000
1592.727051,9.000000,9.000000,1.770000,0.000000,0.000000,0.000000,1.750000,1.000000
1592.732056,8.000000,8.000000,1.740000,0.000000,0.000000,0.000000,1.750000,1.000000
1592.737061,13.000000,13.000000,1.720000,0.000000,0.000000,0.000000,1.750000,1.000000
1592.741943,18.000000,18.000000,1.700000,0.000000,0.000000,0.000000,1.750000,1.000000
1592.746948,20.000000,20.000000,1.690000,0.000000,0.000000,0.000000,1.750000,1.000000
1592.751953,22.000000,22.000000,1.660000,0.000000,0.000000,0.000000,1.750000,1.000000
1592.756958,26.000000,26.000000,1.620000,0.000000,0.000000,0.000000,1.750000,1.000000
1592.761963,31.000000,31.000000,1.590000,0.000000,0.000000,0.000000,1.750000,1.000000
1592.766968,34.000000,34.000000,1.570000,0.000000,0.000000,0.000000,1.750000,1.000000
1592.771973,37.000000,37.000000,1.520000,0.000000,0.000000,0.000000,1.750000,1.000000
1592.776978,43.000000,43.000000,1.440000,0.000000,0.000000,0.000000,1.750000,1.000000
1592.781982,49.000000,49.000000,1.440000,0.000000,0.000000,0.000000,1.750000,1.000000
1592.786987,49.000000,49.000000,1.420000,0.000000,0.000000,0.000000,1.750000,1.000000
1592.791992,52.000000,52.000000,1.330000,0.000000,0.000000,0.000000,1.750000,1.000000
1592.796997,61.000000,61.000000,1.220000,0.000000,0.000000,0.000000,1.750000,1.000000
1592.802002,70.000000,70.000000,1.210000,2.000000,2.000000,0.000000,1.750000,1.000000
1592.807007,68.000000,68.000000,1.150000,2.000000,2.000000,0.000000,1.750000,1.000000
1592.812012,72.000000,72.000000,1.090000,2.000000,0.000000,0.000000,1.940000,1.000000
1592.817017,73.000000,73.000000,0.930000,2.000000,0.000000,0.000000,1.940000,1.000000
1592.822021,96.000000,96.000000,0.930000,2.000000,2.000000,0.000000,1.850000,1.000000
1592.827026,88.000000,88.000000,0.990000,2.000000,2.000000,0.000000,1.850000,1.000000
1592.832031,67.000000,67.000000,1.040000,2.000000,2.000000,0.000000,1.950000,1.000000
1592.837036,63.000000,63.000000,0.830000,2.000000,2.000000,0.000000,1.950000,1.000000
1592.842041,94.000000,94.000000,0.730000,4.000000,4.000000,0.000000,1.960000,1.000000
1592.847046,98.000000,98.000000,0.820000,4.000000,4.000000,0.000000,1.960000,1.000000
1592.852051,72.000000,72.000000,0.950000,2.000000,2.000000,0.000000,2.150000,1.000000
1592.857056,45.000000,45.000000,0.900000,2.000000,2.000000,0.000000,2.150000,1.000000
1592.862061,67.000000,67.000000,0.830000,4.000000,4.000000,0.000000,1.980000,1.000000
1592.866943,74.000000,74.000000,0.900000,4.000000,4.000000,0.000000,1.980000,1.000000
1592.871948,46.000000,46.000000,1.070000,4.000000,2.000000,0.000000,2.180000,1.000000
1592.876953,16.000000,16.000000,1.080000,4.000000,2.000000,0.000000,2.180000,1.000000
1592.881958,30.000000,30.000000,1.100000,4.000000,4.000000,0.000000,2.100000,1.000000
1592.886963,33.000000,33.000000,1.180000,4.000000,4.000000,0.000000,2.100000,1.000000
1592.891968,19.000000,19.000000,1.330000,2.000000,4.000000,0.000000,2.210000,1.000000
1592.896973,0.000000,0.000000,1.440000,2.000000,4.000000,0.000000,2.210000,1.000000
1592.901978,2.000000,2.000000,1.490000,4.000000,4.000000,0.000000,2.130000,1.000000
1592.906982,7.000000,7.000000,1.480000,4.000000,4.000000,0.000000,2.130000,1.000000
1592.911987,7.000000,7.000000,1.580000,4.000000,4.000000,0.000000,2.230000,1.000000
1592.916992,-2.000000,-2.000000,1.730000,4.000000,4.000000,0.000000,2.230000,1.000000
1592.921997,-6.000000,-6.000000,1.790000,2.000000,2.000000,0.000000,2.250000,1.000000
1592.927002,-5.000000,-5.000000,1.810000,2.000000,2.000000,0.000000,2.250000,1.000000
1592.932007,5.000000,5.000000,1.850000,2.000000,2.000000,0.000000,2.080000,1.000000
1592.937012,8.000000,8.000000,1.930000,2.000000,2.000000,0.000000,2.080000,1.000000
1592.942017,-7.000000,-7.000000,1.960000,0.000000,0.000000,0.000000,2.080000,1.000000
1592.947021,-4.000000,-4.000000,1.950000,0.000000,0.000000,0.000000,2.080000,1.000000
1592.952026,6.000000,6.000000,1.940000,0.000000,0.000000,0.000000,1.900000,1.000000
1592.957031,13.000000,13.000000,1.940000,0.000000,0.000000,0.000000,1.900000,1.000000
1592.962036,2.000000,2.000000,1.950000,0.000000,0.000000,0.000000,1.900000,1.000000
1592.967041,5.000000,5.000000,1.920000,0.000000,0.000000,0.000000,1.900000,1.000000
1592.972046,13.000000,13.000000,1.840000,0.000000,0.000000,0.000000,1.900000,1.000000
1592.977051,24.000000,24.000000,1.790000,0.000000,0.000000,0.000000,1.900000,1.000000
1592.982056,29.000000,29.000000,1.760000,0.000000,0.000000,0.000000,1.900000,1.000000
1592.987061,29.000000,29.000000,1.740000,0.000000,0.000000,0.000000,1.900000,1.000000
1592.991943,29.000000,29.000000,1.690000,0.000000,0.000000,0.000000,1.900000,1.000000
1592.996948,32.000000,32.000000,1.570000,0.000000,0.000000,0.000000,1.900000,1.000000
1593.001953,41.000000,41.000000,1.540000,0.000000,0.000000,0.000000,1.900000,1.000000
1593.006958,37.000000,37.000000,1.610000,0.000000,0.000000,0.000000,1.900000,1.000000
1593.011963,22.000000,22.000000,1.650000,0.000000,0.000000,0.000000,1.900000,1.000000
1593.016968,16.000000,16.000000,1.510000,0.000000,0.000000,0.000000,1.900000,1.000000
1593.021973,32.000000,32.000000,1.450000,0.000000,0.000000,0.000000,1.900000,1.000000
1593.026978,36.000000,36.000000,1.520000,0.000000,0.000000,0.000000,1.900000,1.000000
1593.031982,17.000000,17.000000,1.620000,2.000000,0.000000,0.000000,1.900000,1.000000
1593.036987,2.000000,2.000000,1.550000,2.000000,0.000000,0.000000,1.900000,1.000000
1593.041992,13.000000,13.000000,1.470000,2.000000,2.000000,0.000000,2.000000,1.000000
1593.046997,23.000000,23.000000,1.510000,2.000000,2.000000,0.000000,2.000000,1.000000
1593.052002,16.000000,16.000000,1.650000,0.000000,2.000000,0.000000,2.100000,1.000000
1593.057007,-5.000000,-5.000000,1.690000,0.000000,2.000000,0.000000,2.100000,1.000000
1593.062012,4.000000,4.000000,1.640000,2.000000,0.000000,0.000000,2.010000,1.000000
1593.067017,16.000000,16.000000,1.650000,2.000000,0.000000,0.000000,2.010000,1.000000
1593.072021,8.000000,8.000000,1.750000,0.000000,0.000000,0.000000,2.010000,1.000000
1593.077026,-8.000000,-8.000000,1.830000,0.000000,0.000000,0.000000,2.010000,1.000000
1593.082031,-15.000000,-15.000000,1.820000,2.000000,2.000000,0.000000,1.920000,1.000000
1593.087036,-8.000000,-8.000000,1.830000,2.000000,2.000000,0.000000,1.920000,1.000000
1593.092041,-13.000000,-13.000000,1.890000,0.000000,0.000000,0.000000,2.110000,1.000000
1593.097046,-22.000000,-22.000000,1.990000,0.000000,0.000000,0.000000,2.110000,1.000000
1593.102051,-15.000000,-15.000000,2.010000,0.000000,0.000000,0.000000,1.930000,1.000000
1593.107056,-10.000000,-10.000000,1.940000,0.000000,0.000000,0.000000,1.930000,1.000000
1593.112061,-13.000000,-13.000000,1.950000,0.000000,0.000000,0.000000,1.930000,1.000000
1593.116943,-15.000000,-15.000000,2.030000,0.000000,0.000000,0.000000,1.930000,1.000000
1593.121948,-27.000000,-27.000000,2.070000,-2.000000,0.000000,0.000000,1.930000,1.000000
1593.126953,-32.000000,-32.000000,2.070000,-2.000000,0.000000,0.000000,1.930000,1.000000
1593.131958,-30.000000,-30.000000,2.080000,0.000000,0.000000,0.000000,1.840000,1.000000
1593.136963,-31.000000,-31.000000,2.160000,0.000000,0.000000,0.000000,1.840000,1.000000
1593.141968,-47.000000,-47.000000,2.190000,0.000000,0.000000,0.000000,1.930000,1.000000
1593.146973,-51.000000,-51.000000,2.210000,0.000000,0.000000,0.000000,1.930000,1.000000
1593.151978,-47.000000,-47.000000,2.280000,0.000000,0.000000,0.000000,1.930000,1.000000
1593.156982,-53.000000,-53.000000,2.410000,0.000000,0.000000,0.000000,1.930000,1.000000
1593.161987,-63.000000,-63.000000,2.390000,0.000000,-2.000000,0.000000,1.930000,1.000000
1593.166992,-60.000000,-60.000000,2.420000,0.000000,-2.000000,0.000000,1.930000,1.000000
1593.171997,-64.000000,-64.000000,2.510000,0.000000,-2.000000,0.000000,1.830000,1.000000
1593.177002,-73.000000,-73.000000,2.620000,0.000000,-2.000000,0.000000,1.830000,1.000000
1593.182007,-86.000000,-86.000000,2.670000,-2.000000,-2.000000,0.000000,1.830000,1.000000
1593.187012,-81.000000,-81.000000,2.640000,-2.000000,-2.000000,0.000000,1.830000,1.000000
1593.192017,-69.000000,-69.000000,2.660000,-2.000000,-2.000000,0.000000,1.730000,1.000000
1593.197021,-66.000000,-66.000000,2.830000,-2.000000,-2.000000,0.000000,1.730000,1.000000
1593.202026,-87.000000,-87.000000,2.850000,-2.000000,-4.000000,0.000000,1.720000,1.000000
1593.207031,-82.000000,-82.000000,2.750000,-2.000000,-4.000000,0.000000,1.720000,1.000000
1593.212036,-60.000000,-60.000000,2.680000,-2.000000,-2.000000,0.000000,1.620000,1.000000
1593.217041,-47.000000,-47.000000,2.800000,-2.000000,-2.000000,0.000000,1.620000,1.000000
1593.222046,-67.000000,-67.000000,2.780000,-4.000000,-4.000000,0.000000,1.700000,1.000000
1593.227051,-62.000000,-62.000000,2.670000,-4.000000,-4.000000,0.000000,1.700000,1.000000
1593.232056,-37.000000,-37.000000,2.540000,-2.000000,-4.000000,0.000000,1.500000,1.000000
1593.237061,-18.000000,-18.000000,2.520000,-2.000000,-4.000000,0.000000,1.500000,1.000000
1593.241943,-35.000000,-35.000000,2.480000,-4.000000,-4.000000,0.000000,1.580000,1.000000
1593.246948,-35.000000,-35.000000,2.370000,-4.000000,-4.000000,0.000000,1.580000,1.000000
1593.251953,-20.000000,-20.000000,2.190000,-2.000000,-4.000000,0.000000,1.470000,1.000000
1593.256958,-5.000000,-5.000000,2.100000,-2.000000,-4.000000,0.000000,1.470000,1.000000
1593.261963,-15.000000,-15.000000,2.040000,-2.000000,-2.000000,0.000000,1.550000,1.000000
1593.266968,-24.000000,-24.000000,1.980000,-2.000000,-2.000000,0.000000,1.550000,1.000000
1593.271973,-22.000000,-22.000000,1.860000,-2.000000,-2.000000,0.000000,1.640000,1.000000
1593.276978,-21.000000,-21.000000,1.840000,-2.000000,-2.000000,0.000000,1.640000,1.000000
1593.281982,-26.000000,-26.000000,1.840000,-4.000000,-2.000000,0.000000,1.630000,1.000000
1593.286987,-42.000000,-42.000000,1.840000,-4.000000,-2.000000,0.000000,1.630000,1.000000
1593.291992,-53.000000,-53.000000,1.830000,0.000000,-2.000000,0.000000,1.530000,1.000000
1593.296997,-61.000000,-61.000000,1.930000,0.000000,-2.000000,0.000000,1.530000,1.000000
1593.302002,-90.000000,-90.000000,2.050000,-4.000000,-2.000000,0.000000,1.700000,1.000000
1593.307007,-111.000000,-111.000000,2.100000,-4.000000,-2.000000,0.000000,1.700000,1.000000
1593.312012,-106.000000,-106.000000,2.170000,-2.000000,-2.000000,0.000000,1.510000,1.000000
1593.317017,-116.000000,-116.000000,2.570000,-2.000000,-2.000000,0.000000,1.510000,1.000000
1593.322021,-171.000000,-171.000000,2.720000,-2.000000,-4.000000,0.000000,1.590000,1.000000
1593.327026,-181.000000,-181.000000,2.700000,-2.000000,-4.000000,0.000000,1.590000,1.000000
1593.332031,-153.000000,-153.000000,2.680000,-4.000000,-4.000000,0.000000,1.490000,1.000000
1593.337036,-143.000000,-143.000000,2.960000,-4.000000,-4.000000,0.000000,1.490000,1.000000
1593.342041,-183.000000,-183.000000,3.070000,-8.000000,-8.000000,0.000000,1.380000,1.000000
1593.347046,-192.000000,-192.000000,3.240000,-8.000000,-8.000000,0.000000,1.380000,1.000000
1593.352051,-201.000000,-201.000000,3.020000,-4.000000,-6.000000,0.000000,0.990000,1.000000
1593.357056,-163.000000,-163.000000,3.210000,-4.000000,-6.000000,0.000000,0.990000,1.000000
1593.362061,-210.000000,-210.000000,3.170000,-8.000000,-8.000000,0.000000,1.240000,1.000000
1593.366943,-214.000000,-214.000000,3.230000,-8.000000,-8.000000,0.000000,1.240000,1.000000
1593.371948,-206.000000,-206.000000,3.130000,-6.000000,-8.000000,0.000000,0.930000,1.000000
1593.376953,-197.000000,-197.000000,3.340000,-6.000000,-8.000000,0.000000,0.930000,1.000000
1593.381958,-245.000000,-245.000000,3.350000,-8.000000,-10.000000,0.000000,1.000000,1.000000
1593.386963,-252.000000,-252.000000,3.470000,-8.000000,-10.000000,0.000000,1.000000,1.000000
1593.391968,-250.000000,-250.000000,3.260000,-8.000000,-8.000000,0.000000,0.780000,1.000000
1593.396973,-227.000000,-227.000000,3.470000,-8.000000,-8.000000,0.000000,0.780000,1.000000
1593.401978,-271.000000,-271.000000,3.620000,-12.000000,-12.000000,0.000000,0.840000,1.000000
1593.406982,-295.000000,-295.000000,3.820000,-12.000000,-12.000000,0.000000,0.840000,1.000000
1593.411987,-306.000000,-306.000000,3.640000,-8.000000,-10.000000,0.000000,0.430000,1.000000
1593.416992,-282.000000,-282.000000,3.960000,-8.000000,-10.000000,0.000000,0.430000,1.000000
1593.421997,-342.000000,-342.000000,3.890000,-12.000000,-14.000000,0.000000,0.660000,1.000000
1593.427002,-342.000000,-342.000000,4.090000,-12.000000,-14.000000,0.000000,0.660000,1.000000
1593.432007,-346.000000,-346.000000,4.080000,-12.000000,-12.000000,0.000000,0.250000,1.000000
1593.437012,-342.000000,-342.000000,4.360000,-12.000000,-12.000000,0.000000,0.250000,1.000000
1593.442017,-394.000000,-394.000000,4.650000,-16.000000,-16.000000,0.000000,0.290000,1.000000
1593.447021,-417.000000,-417.000000,4.710000,-16.000000,-16.000000,0.000000,0.290000,1.000000
1593.452026,-403.000000,-403.000000,4.440000,-14.000000,-16.000000,0.000000,-0.140000,1.000000
1593.457031,-362.000000,-362.000000,4.750000,-14.000000,-16.000000,0.000000,-0.140000,1.000000
1593.462036,-420.000000,-420.000000,4.850000,-20.000000,-18.000000,0.000000,-0.110000,1.000000
1593.467041,-429.000000,-429.000000,4.970000,-20.000000,-18.000000,0.000000,-0.110000,1.000000
1593.472046,-426.000000,-426.000000,4.900000,-16.000000,-18.000000,0.000000,-0.550000,1.000000
1593.477051,-399.000000,-399.000000,5.030000,-16.000000,-18.000000,0.000000,-0.550000,1.000000
1593.482056,-430.000000,-430.000000,5.030000,-20.000000,-22.000000,0.000000,-0.430000,1.000000
1593.487061,-425.000000,-425.000000,4.990000,-20.000000,-22.000000,0.000000,-0.430000,1.000000
1593.491943,-404.000000,-404.000000,4.780000,-18.000000,-20.000000,0.000000,-0.880000,1.000000
1593.496948,-374.000000,-374.000000,4.940000,-18.000000,-20.000000,0.000000,-0.880000,1.000000
1593.501953,-420.000000,-420.000000,4.950000,-24.000000,-24.000000,0.000000,-0.770000,1.000000
1593.506958,-423.000000,-423.000000,4.910000,-24.000000,-24.000000,0.000000,-0.770000,1.000000
1593.511963,-408.000000,-408.000000,4.700000,-22.000000,-22.000000,0.000000,-1.330000,1.000000
1593.516968,-380.000000,-380.000000,4.770000,-22.000000,-22.000000,0.000000,-1.330000,1.000000
1593.521973,-421.000000,-421.000000,4.810000,-24.000000,-26.000000,0.000000,-1.230000,1.000000
1593.526978,-427.000000,-427.000000,4.750000,-24.000000,-26.000000,0.000000,-1.230000,1.000000
1593.531982,-407.000000,-407.000000,4.480000,-24.000000,-24.000000,0.000000,-1.600000,1.000000
1593.536987,-370.000000,-370.000000,4.600000,-24.000000,-24.000000,0.000000,-1.600000,1.000000
1593.541992,-408.000000,-408.000000,4.570000,-28.000000,-28.000000,0.000000,-1.610000,1.000000
1593.546997,-412.000000,-412.000000,4.410000,-28.000000,-28.000000,0.000000,-1.610000,1.000000
1593.552002,-397.000000,-397.000000,4.250000,-24.000000,-24.000000,0.000000,-2.090000,1.000000
1593.557007,-387.000000,-387.000000,4.330000,-24.000000,-24.000000,0.000000,-2.090000,1.000000
1593.562012,-434.000000,-434.000000,4.390000,-28.000000,-28.000000,0.000000,-1.820000,1.000000
1593.567017,-438.000000,-438.000000,4.320000,-28.000000,-28.000000,0.000000,-1.820000,1.000000
1593.572021,-399.000000,-399.000000,4.050000,-24.000000,-26.000000,0.000000,-2.290000,1.000000
1593.577026,-362.000000,-362.000000,4.200000,-24.000000,-26.000000,0.000000,-2.290000,1.000000
1593.582031,-409.000000,-409.000000,4.100000,-28.000000,-30.000000,0.000000,-2.120000,1.000000
1593.587036,-403.000000,-403.000000,3.830000,-28.000000,-30.000000,0.000000,-2.120000,1.000000
1593.592041,-365.000000,-365.000000,3.640000,-26.000000,-28.000000,0.000000,-2.600000,1.000000
1593.597046,-360.000000,-360.000000,3.770000,-26.000000,-28.000000,0.000000,-2.600000,1.000000
1593.602051,-422.000000,-422.000000,3.800000,-28.000000,-30.000000,0.000000,-2.530000,1.000000
1593.607056,-426.000000,-426.000000,3.700000,-28.000000,-30.000000,0.000000,-2.530000,1.000000
1593.612061,-403.000000,-403.000000,3.400000,-26.000000,-28.000000,0.000000,-2.820000,1.000000
1593.616943,-371.000000,-371.000000,3.530000,-26.000000,-28.000000,0.000000,-2.820000,1.000000
1593.621948,-404.000000,-404.000000,3.490000,-28.000000,-30.000000,0.000000,-2.750000,1.000000
1593.626953,-394.000000,-394.000000,3.160000,-28.000000,-30.000000,0.000000,-2.750000,1.000000
1593.631958,-344.000000,-344.000000,2.920000,-26.000000,-28.000000,0.000000,-3.050000,1.000000
1593.636963,-318.000000,-318.000000,3.010000,-26.000000,-28.000000,0.000000,-3.050000,1.000000
1593.641968,-357.000000,-357.000000,2.850000,-28.000000,-32.000000,0.000000,-2.970000,1.000000
1593.646973,-345.000000,-345.000000,2.560000,-28.000000,-32.000000,0.000000,-2.970000,1.000000
1593.651978,-314.000000,-314.000000,2.300000,-24.000000,-28.000000,0.000000,-3.370000,1.000000
1593.656982,-302.000000,-302.000000,2.440000,-24.000000,-28.000000,0.000000,-3.370000,1.000000
1593.661987,-357.000000,-357.000000,2.300000,-28.000000,-28.000000,0.000000,-3.110000,1.000000
1593.666992,-350.000000,-350.000000,2.240000,-28.000000,-28.000000,0.000000,-3.110000,1.000000
1593.671997,-319.000000,-319.000000,1.870000,-26.000000,-26.000000,0.000000,-3.400000,1.000000
1593.677002,-285.000000,-285.000000,1.950000,-26.000000,-26.000000,0.000000,-3.400000,1.000000
1593.682007,-321.000000,-321.000000,1.860000,-28.000000,-30.000000,0.000000,-3.320000,1.000000
1593.687012,-315.000000,-315.000000,1.660000,-28.000000,-30.000000,0.000000,-3.320000,1.000000
1593.692017,-284.000000,-284.000000,1.380000,-24.000000,-26.000000,0.000000,-3.710000,1.000000
1593.697021,-262.000000,-262.000000,1.540000,-24.000000,-26.000000,0.000000,-3.710000,1.000000
1593.702026,-318.000000,-318.000000,1.340000,-26.000000,-28.000000,0.000000,-3.450000,1.000000
1593.707031,-305.000000,-305.000000,1.250000,-26.000000,-28.000000,0.000000,-3.450000,1.000000
1593.712036,-278.000000,-278.000000,0.990000,-22.000000,-24.000000,0.000000,-3.740000,1.000000
1593.717041,-269.000000,-269.000000,1.120000,-22.000000,-24.000000,0.000000,-3.740000,1.000000
1593.722046,-319.000000,-319.000000,0.920000,-24.000000,-28.000000,0.000000,-3.470000,1.000000
1593.727051,-308.000000,-308.000000,0.880000,-24.000000,-28.000000,0.000000,-3.470000,1.000000
1593.732056,-285.000000,-285.000000,0.710000,-22.000000,-24.000000,0.000000,-3.840000,1.000000
1593.737061,-278.000000,-278.000000,0.920000,-22.000000,-24.000000,0.000000,-3.840000,1.000000
1593.741943,-335.000000,-335.000000,0.780000,-24.000000,-26.000000,0.000000,-3.660000,1.000000
1593.746948,-323.000000,-323.000000,0.750000,-24.000000,-26.000000,0.000000,-3.660000,1.000000
1593.751953,-303.000000,-303.000000,0.530000,-20.000000,-24.000000,0.000000,-3.940000,1.000000
1593.756958,-284.000000,-284.000000,0.770000,-20.000000,-24.000000,0.000000,-3.940000,1.000000
1593.761963,-333.000000,-333.000000,0.710000,-24.000000,-26.000000,0.000000,-3.760000,1.000000
1593.766968,-325.000000,-325.000000,0.680000,-24.000000,-26.000000,0.000000,-3.760000,1.000000
1593.771973,-300.000000,-300.000000,0.530000,-20.000000,-22.000000,0.000000,-4.130000,1.000000
1593.776978,-287.000000,-287.000000,0.830000,-20.000000,-22.000000,0.000000,-4.130000,1.000000
1593.781982,-346.000000,-346.000000,0.720000,-24.000000,-26.000000,0.000000,-3.850000,1.000000
1593.786987,-335.000000,-335.000000,0.730000,-24.000000,-26.000000,0.000000,-3.850000,1.000000
1593.791992,-307.000000,-307.000000,0.580000,-22.000000,-22.000000,0.000000,-4.320000,1.000000
1593.796997,-296.000000,-296.000000,0.760000,-22.000000,-22.000000,0.000000,-4.320000,1.000000
1593.802002,-347.000000,-347.000000,0.710000,-24.000000,-26.000000,0.000000,-4.130000,1.000000
1593.807007,-336.000000,-336.000000,0.600000,-24.000000,-26.000000,0.000000,-4.130000,1.000000
1593.812012,-306.000000,-306.000000,0.360000,-22.000000,-22.000000,0.000000,-4.500000,1.000000
1593.817017,-286.000000,-286.000000,0.610000,-22.000000,-22.000000,0.000000,-4.500000,1.000000
1593.822021,-343.000000,-343.000000,0.620000,-22.000000,-24.000000,0.000000,-4.320000,1.000000
1593.827026,-341.000000,-341.000000,0.600000,-22.000000,-24.000000,0.000000,-4.320000,1.000000
1593.832031,-311.000000,-311.000000,0.340000,-22.000000,-24.000000,0.000000,-4.500000,1.000000
1593.837036,-279.000000,-279.000000,0.500000,-22.000000,-24.000000,0.000000,-4.500000,1.000000
1593.842041,-306.000000,-306.000000,0.330000,-24.000000,-26.000000,0.000000,-4.590000,1.000000
1593.847046,-285.000000,-285.000000,0.130000,-24.000000,-26.000000,0.000000,-4.590000,1.000000
1593.852051,-264.000000,-264.000000,-0.160000,-20.000000,-24.000000,0.000000,-4.880000,1.000000
1593.857056,-243.000000,-243.000000,-0.020000,-20.000000,-24.000000,0.000000,-4.880000,1.000000
1593.862061,-287.000000,-287.000000,-0.270000,-24.000000,-24.000000,0.000000,-4.690000,1.000000
1593.866943,-266.000000,-266.000000,-0.330000,-24.000000,-24.000000,0.000000,-4.690000,1.000000
1593.871948,-241.000000,-241.000000,-0.530000,-20.000000,-20.000000,0.000000,-4.970000,1.000000
1593.876953,-225.000000,-225.000000,-0.420000,-20.000000,-20.000000,0.000000,-4.970000,1.000000
1593.881958,-262.000000,-262.000000,-0.710000,-22.000000,-24.000000,0.000000,-4.690000,1.000000
1593.886963,-233.000000,-233.000000,-0.860000,-22.000000,-24.000000,0.000000,-4.690000,1.000000
1593.891968,-194.000000,-194.000000,-1.110000,-20.000000,-20.000000,0.000000,-5.050000,1.000000
1593.896973,-181.000000,-181.000000,-0.970000,-20.000000,-20.000000,0.000000,-5.050000,1.000000
1593.901978,-230.000000,-230.000000,-1.280000,-22.000000,-22.000000,0.000000,-4.860000,1.000000
1593.906982,-202.000000,-202.000000,-1.340000,-22.000000,-22.000000,0.000000,-4.860000,1.000000
1593.911987,-179.000000,-179.000000,-1.520000,-18.000000,-18.000000,0.000000,-5.130000,1.000000
1593.916992,-173.000000,-173.000000,-1.350000,-18.000000,-18.000000,0.000000,-5.130000,1.000000
1593.921997,-215.000000,-215.000000,-1.650000,-18.000000,-22.000000,0.000000,-4.840000,1.000000
1593.927002,-186.000000,-186.000000,-1.790000,-18.000000,-22.000000,0.000000,-4.840000,1.000000
1593.932007,-153.000000,-153.000000,-1.900000,-16.000000,-18.000000,0.000000,-5.100000,1.000000
1593.937012,-153.000000,-153.000000,-1.690000,-16.000000,-18.000000,0.000000,-5.100000,1.000000
1593.942017,-201.000000,-201.000000,-1.960000,-18.000000,-18.000000,0.000000,-4.890000,1.000000
1593.947021,-180.000000,-180.000000,-2.030000,-18.000000,-18.000000,0.000000,-4.890000,1.000000
1593.952026,-162.000000,-162.000000,-2.150000,-14.000000,-16.000000,0.000000,-5.060000,1.000000
1593.957031,-162.000000,-162.000000,-1.970000,-14.000000,-16.000000,0.000000,-5.060000,1.000000
1593.962036,-198.000000,-198.000000,-2.150000,-16.000000,-16.000000,0.000000,-4.840000,1.000000
1593.967041,-183.000000,-183.000000,-2.240000,-16.000000,-16.000000,0.000000,-4.840000,1.000000
1593.972046,-161.000000,-161.000000,-2.270000,-14.000000,-16.000000,0.000000,-5.000000,1.000000
1593.977051,-167.000000,-167.000000,-1.990000,-14.000000,-16.000000,0.000000,-5.000000,1.000000
1593.982056,-210.000000,-210.000000,-2.180000,-14.000000,-16.000000,0.000000,-4.970000,1.000000
1593.987061,-190.000000,-190.000000,-2.200000,-14.000000,-16.000000,0.000000,-4.970000,1.000000
1593.991943,-185.000000,-185.000000,-2.240000,-12.000000,-12.000000,0.000000,-5.030000,1.000000
1593.996948,-190.000000,-190.000000,-1.960000,-12.000000,-12.000000,0.000000,-5.030000,1.000000
1594.001953,-224.000000,-224.000000,-2.140000,-14.000000,-16.000000,0.000000,-4.800000,1.000000
1594.006958,-203.000000,-203.000000,-2.200000,-14.000000,-16.000000,0.000000,-4.800000,1.000000
1594.011963,-178.000000,-178.000000,-2.200000,-12.000000,-12.000000,0.000000,-5.130000,1.000000
1594.016968,-185.000000,-185.000000,-1.880000,-12.000000,-12.000000,0.000000,-5.130000,1.000000
1594.021973,-242.000000,-242.000000,-2.050000,-14.000000,-14.000000,0.000000,-4.910000,1.000000
1594.026978,-214.000000,-214.000000,-2.010000,-14.000000,-14.000000,0.000000,-4.910000,1.000000
1594.031982,-183.000000,-183.000000,-2.170000,-12.000000,-14.000000,0.000000,-5.150000,1.000000
1594.036987,-160.000000,-160.000000,-2.010000,-12.000000,-14.000000,0.000000,-5.150000,1.000000
1594.041992,-184.000000,-184.000000,-2.220000,-14.000000,-16.000000,0.000000,-5.110000,1.000000
1594.046997,-153.000000,-153.000000,-2.330000,-14.000000,-16.000000,0.000000,-5.110000,1.000000
1594.052002,-130.000000,-130.000000,-2.560000,-12.000000,-12.000000,0.000000,-5.350000,1.000000
1594.057007,-105.000000,-105.000000,-2.450000,-12.000000,-12.000000,0.000000,-5.350000,1.000000
1594.062012,-130.000000,-130.000000,-2.740000,-12.000000,-16.000000,0.000000,-5.130000,1.000000
1594.067017,-97.000000,-97.000000,-2.980000,-12.000000,-16.000000,0.000000,-5.130000,1.000000
1594.072021,-58.000000,-58.000000,-3.100000,-10.000000,-12.000000,0.000000,-5.360000,1.000000
1594.077026,-54.000000,-54.000000,-3.100000,-10.000000,-12.000000,0.000000,-5.360000,1.000000
1594.082031,-78.000000,-78.000000,-3.250000,-12.000000,-12.000000,0.000000,-5.130000,1.000000
1594.087036,-64.000000,-64.000000,-3.490000,-12.000000,-12.000000,0.000000,-5.130000,1.000000
1594.092041,-28.000000,-28.000000,-3.640000,-8.000000,-10.000000,0.000000,-5.270000,1.000000
1594.097046,-20.000000,-20.000000,-3.620000,-8.000000,-10.000000,0.000000,-5.270000,1.000000
1594.102051,-38.000000,-38.000000,-3.840000,-10.000000,-10.000000,0.000000,-5.040000,1.000000
1594.107056,-20.000000,-20.000000,-4.060000,-10.000000,-10.000000,0.000000,-5.040000,1.000000
1594.112061,11.000000,11.000000,-4.240000,-6.000000,-10.000000,0.000000,-5.170000,1.000000
1594.116943,13.000000,13.000000,-4.350000,-6.000000,-10.000000,0.000000,-5.170000,1.000000
1594.121948,-5.000000,-5.000000,-4.350000,-6.000000,-6.000000,0.000000,-5.020000,1.000000
1594.126953,-18.000000,-18.000000,-4.390000,-6.000000,-6.000000,0.000000,-5.020000,1.000000
1594.131958,-15.000000,-15.000000,-4.430000,-6.000000,-6.000000,0.000000,-4.860000,1.000000
1594.136963,-18.000000,-18.000000,-4.420000,-6.000000,-6.000000,0.000000,-4.860000,1.000000
1594.141968,-13.000000,-13.000000,-4.460000,-4.000000,-4.000000,0.000000,-4.880000,1.000000
1594.146973,-15.000000,-15.000000,-4.450000,-4.000000,-4.000000,0.000000,-4.880000,1.000000
1594.151978,-23.000000,-23.000000,-4.460000,-4.000000,-4.000000,0.000000,-4.720000,1.000000
1594.156982,-27.000000,-27.000000,-4.460000,-4.000000,-4.000000,0.000000,-4.720000,1.000000
1594.161987,-19.000000,-19.000000,-4.450000,-4.000000,-4.000000,0.000000,-4.730000,1.000000
1594.166992,-20.000000,-20.000000,-4.450000,-4.000000,-4.000000,0.000000,-4.730000,1.000000
1594.171997,-21.000000,-21.000000,-4.430000,-2.000000,-4.000000,0.000000,-4.750000,1.000000
1594.177002,-24.000000,-24.000000,-4.400000,-2.000000,-4.000000,0.000000,-4.750000,1.000000
1594.182007,-29.000000,-29.000000,-4.380000,-4.000000,-2.000000,0.000000,-4.670000,1.000000
1594.187012,-30.000000,-30.000000,-4.380000,-4.000000,-2.000000,0.000000,-4.670000,1.000000
1594.192017,-23.000000,-23.000000,-4.360000,-2.000000,-4.000000,0.000000,-4.680000,1.000000
1594.197021,-25.000000,-25.000000,-4.290000,-2.000000,-4.000000,0.000000,-4.680000,1.000000
1594.202026,-33.000000,-33.000000,-4.260000,-2.000000,-2.000000,0.000000,-4.690000,1.000000
1594.207031,-35.000000,-35.000000,-4.280000,-2.000000,-2.000000,0.000000,-4.690000,1.000000
1594.212036,-31.000000,-31.000000,-4.260000,-2.000000,-2.000000,0.000000,-4.610000,1.000000
1594.217041,-30.000000,-30.000000,-4.180000,-2.000000,-2.000000,0.000000,-4.610000,1.000000
1594.222046,-29.000000,-29.000000,-4.120000,-2.000000,-2.000000,0.000000,-4.620000,1.000000
1594.227051,-28.000000,-28.000000,-4.100000,-2.000000,-2.000000,0.000000,-4.620000,1.000000
1594.232056,-18.000000,-18.000000,-4.160000,-2.000000,-2.000000,0.000000,-4.630000,1.000000
1594.237061,1.000000,1.000000,-4.190000,-2.000000,-2.000000,0.000000,-4.630000,1.000000
1594.241943,12.000000,12.000000,-4.250000,-2.000000,-2.000000,0.000000,-4.640000,1.000000
1594.246948,23.000000,23.000000,-4.350000,-2.000000,-2.000000,0.000000,-4.640000,1.000000
1594.251953,37.000000,37.000000,-4.440000,0.000000,-2.000000,0.000000,-4.640000,1.000000
1594.256958,49.000000,49.000000,-4.640000,0.000000,-2.000000,0.000000,-4.640000,1.000000
1594.261963,66.000000,66.000000,-4.770000,0.000000,0.000000,0.000000,-4.560000,1.000000
1594.266968,73.000000,73.000000,-4.770000,0.000000,0.000000,0.000000,-4.560000,1.000000
1594.271973,73.000000,73.000000,-4.840000,0.000000,0.000000,0.000000,-4.470000,1.000000
1594.276978,75.000000,75.000000,-5.030000,0.000000,0.000000,0.000000,-4.470000,1.000000
1594.281982,98.000000,98.000000,-5.080000,2.000000,2.000000,0.000000,-4.470000,1.000000
1594.286987,100.000000,100.000000,-5.060000,2.000000,2.000000,0.000000,-4.470000,1.000000
1594.291992,96.000000,96.000000,-5.150000,0.000000,2.000000,0.000000,-4.280000,1.000000
1594.296997,106.000000,106.000000,-5.410000,0.000000,2.000000,0.000000,-4.280000,1.000000
1594.302002,149.000000,149.000000,-5.490000,4.000000,2.000000,0.000000,-4.360000,1.000000
1594.307007,156.000000,156.000000,-5.570000,4.000000,2.000000,0.000000,-4.360000,1.000000
1594.312012,152.000000,152.000000,-5.670000,2.000000,4.000000,0.000000,-4.170000,1.000000
1594.317017,157.000000,157.000000,-6.020000,2.000000,4.000000,0.000000,-4.170000,1.000000
1594.322021,199.000000,199.000000,-6.050000,4.000000,6.000000,0.000000,-4.160000,1.000000
1594.327026,186.000000,186.000000,-6.100000,4.000000,6.000000,0.000000,-4.160000,1.000000
1594.332031,165.000000,165.000000,-5.910000,4.000000,4.000000,0.000000,-3.950000,1.000000
1594.337036,136.000000,136.000000,-6.090000,4.000000,4.000000,0.000000,-3.950000,1.000000
1594.342041,170.000000,170.000000,-6.120000,6.000000,8.000000,0.000000,-4.030000,1.000000
1594.347046,176.000000,176.000000,-6.210000,6.000000,8.000000,0.000000,-4.030000,1.000000
1594.352051,170.000000,170.000000,-6.100000,6.000000,6.000000,0.000000,-3.730000,1.000000
1594.357056,148.000000,148.000000,-6.230000,6.000000,6.000000,0.000000,-3.730000,1.000000
1594.362061,178.000000,178.000000,-6.050000,10.000000,8.000000,0.000000,-3.800000,1.000000
1594.366943,163.000000,163.000000,-6.060000,10.000000,8.000000,0.000000,-3.800000,1.000000
1594.371948,155.000000,155.000000,-5.910000,8.000000,8.000000,0.000000,-3.490000,1.000000
1594.376953,137.000000,137.000000,-6.010000,8.000000,8.000000,0.000000,-3.490000,1.000000
1594.381958,172.000000,172.000000,-5.980000,10.000000,10.000000,0.000000,-3.550000,1.000000
1594.386963,174.000000,174.000000,-5.950000,10.000000,10.000000,0.000000,-3.550000,1.000000
1594.391968,168.000000,168.000000,-5.830000,8.000000,8.000000,0.000000,-3.320000,1.000000
1594.396973,156.000000,156.000000,-5.960000,8.000000,8.000000,0.000000,-3.320000,1.000000
1594.401978,190.000000,190.000000,-5.910000,10.000000,8.000000,0.000000,-3.470000,1.000000
1594.406982,191.000000,191.000000,-5.940000,10.000000,8.000000,0.000000,-3.470000,1.000000
1594.411987,185.000000,185.000000,-5.820000,10.000000,8.000000,0.000000,-3.350000,1.000000
1594.416992,175.000000,175.000000,-5.990000,10.000000,8.000000,0.000000,-3.350000,1.000000
1594.421997,207.000000,207.000000,-5.990000,12.000000,10.000000,0.000000,-3.310000,1.000000
1594.427002,211.000000,211.000000,-6.020000,12.000000,10.000000,0.000000,-3.310000,1.000000
1594.432007,211.000000,211.000000,-5.870000,8.000000,10.000000,0.000000,-3.080000,1.000000
1594.437012,194.000000,194.000000,-6.020000,8.000000,10.000000,0.000000,-3.080000,1.000000
1594.442017,229.000000,229.000000,-6.010000,12.000000,12.000000,0.000000,-3.230000,1.000000
1594.447021,235.000000,235.000000,-6.120000,12.000000,12.000000,0.000000,-3.230000,1.000000
1594.452026,229.000000,229.000000,-5.970000,10.000000,10.000000,0.000000,-2.910000,1.000000
1594.457031,208.000000,208.000000,-6.120000,10.000000,10.000000,0.000000,-2.910000,1.000000
1594.462036,246.000000,246.000000,-6.100000,12.000000,12.000000,0.000000,-3.050000,1.000000
1594.467041,250.000000,250.000000,-6.200000,12.000000,12.000000,0.000000,-3.050000,1.000000
1594.472046,246.000000,246.000000,-6.070000,10.000000,10.000000,0.000000,-2.820000,1.000000
1594.477051,229.000000,229.000000,-6.210000,10.000000,10.000000,0.000000,-2.820000,1.000000
1594.482056,264.000000,264.000000,-6.150000,14.000000,12.000000,0.000000,-2.960000,1.000000
1594.487061,268.000000,268.000000,-6.310000,14.000000,12.000000,0.000000,-2.960000,1.000000
1594.491943,269.000000,269.000000,-6.160000,12.000000,10.000000,0.000000,-2.640000,1.000000
1594.496948,250.000000,250.000000,-6.380000,12.000000,10.000000,0.000000,-2.640000,1.000000
1594.501953,290.000000,290.000000,-6.270000,14.000000,14.000000,0.000000,-2.780000,1.000000
1594.506958,283.000000,283.000000,-6.290000,14.000000,14.000000,0.000000,-2.780000,1.000000
1594.511963,269.000000,269.000000,-6.150000,12.000000,12.000000,0.000000,-2.450000,1.000000
1594.516968,254.000000,254.000000,-6.320000,12.000000,12.000000,0.000000,-2.450000,1.000000
1594.521973,299.000000,299.000000,-6.370000,18.000000,16.000000,0.000000,-2.580000,1.000000
1594.526978,309.000000,309.000000,-6.460000,18.000000,16.000000,0.000000,-2.580000,1.000000
1594.531982,299.000000,299.000000,-6.200000,14.000000,14.000000,0.000000,-2.060000,1.000000
1594.536987,263.000000,263.000000,-6.390000,14.000000,14.000000,0.000000,-2.060000,1.000000
1594.541992,316.000000,316.000000,-6.230000,18.000000,16.000000,0.000000,-2.280000,1.000000
1594.546997,311.000000,311.000000,-6.320000,18.000000,16.000000,0.000000,-2.280000,1.000000
1594.552002,310.000000,310.000000,-6.230000,16.000000,14.000000,0.000000,-1.930000,1.000000
1594.557007,298.000000,298.000000,-6.330000,16.000000,14.000000,0.000000,-1.930000,1.000000
1594.562012,327.000000,327.000000,-6.340000,20.000000,18.000000,0.000000,-2.060000,1.000000
1594.567017,328.000000,328.000000,-6.310000,20.000000,18.000000,0.000000,-2.060000,1.000000
1594.572021,308.000000,308.000000,-6.040000,16.000000,16.000000,0.000000,-1.620000,1.000000
1594.577026,279.000000,279.000000,-6.200000,16.000000,16.000000,0.000000,-1.620000,1.000000
1594.582031,334.000000,334.000000,-6.230000,20.000000,20.000000,0.000000,-1.830000,1.000000
1594.587036,345.000000,345.000000,-6.320000,20.000000,20.000000,0.000000,-1.830000,1.000000
1594.592041,332.000000,332.000000,-6.090000,18.000000,16.000000,0.000000,-1.380000,1.000000
1594.597046,303.000000,303.000000,-6.220000,18.000000,16.000000,0.000000,-1.380000,1.000000
1594.602051,348.000000,348.000000,-6.250000,20.000000,20.000000,0.000000,-1.590000,1.000000
1594.607056,358.000000,358.000000,-6.350000,20.000000,20.000000,0.000000,-1.590000,1.000000
1594.612061,345.000000,345.000000,-6.090000,20.000000,18.000000,0.000000,-1.230000,1.000000
1594.616943,308.000000,308.000000,-6.180000,20.000000,18.000000,0.000000,-1.230000,1.000000
1594.621948,341.000000,341.000000,-6.070000,22.000000,22.000000,0.000000,-1.250000,1.000000
1594.626953,342.000000,342.000000,-6.080000,22.000000,22.000000,0.000000,-1.250000,1.000000
1594.631958,347.000000,347.000000,-5.950000,20.000000,18.000000,0.000000,-0.890000,1.000000
1594.636963,334.000000,334.000000,-6.060000,20.000000,18.000000,0.000000,-0.890000,1.000000
1594.641968,371.000000,371.000000,-6.120000,24.000000,22.000000,0.000000,-1.080000,1.000000
1594.646973,380.000000,380.000000,-6.150000,24.000000,22.000000,0.000000,-1.080000,1.000000
1594.651978,360.000000,360.000000,-5.840000,20.000000,18.000000,0.000000,-0.630000,1.000000
1594.656982,322.000000,322.000000,-5.910000,20.000000,18.000000,0.000000,-0.630000,1.000000
1594.661987,363.000000,363.000000,-5.790000,24.000000,22.000000,0.000000,-0.920000,1.000000
1594.666992,363.000000,363.000000,-5.800000,24.000000,22.000000,0.000000,-0.920000,1.000000
1594.671997,348.000000,348.000000,-5.670000,22.000000,20.000000,0.000000,-0.460000,1.000000
1594.677002,332.000000,332.000000,-5.720000,22.000000,20.000000,0.000000,-0.460000,1.000000
1594.682007,369.000000,369.000000,-5.730000,26.000000,24.000000,0.000000,-0.560000,1.000000
1594.687012,377.000000,377.000000,-5.670000,26.000000,24.000000,0.000000,-0.560000,1.000000
1594.692017,362.000000,362.000000,-5.420000,22.000000,22.000000,0.000000,-0.090000,1.000000
1594.697021,334.000000,334.000000,-5.430000,22.000000,22.000000,0.000000,-0.090000,1.000000
1594.702026,373.000000,373.000000,-5.440000,26.000000,24.000000,0.000000,-0.280000,1.000000
1594.707031,382.000000,382.000000,-5.520000,26.000000,24.000000,0.000000,-0.280000,1.000000
1594.712036,377.000000,377.000000,-5.260000,22.000000,22.000000,0.000000,0.090000,1.000000
1594.717041,344.000000,344.000000,-5.370000,22.000000,22.000000,0.000000,0.090000,1.000000
1594.722046,385.000000,385.000000,-5.350000,26.000000,26.000000,0.000000,-0.090000,1.000000
1594.727051,396.000000,396.000000,-5.310000,26.000000,26.000000,0.000000,-0.090000,1.000000
1594.732056,378.000000,378.000000,-5.120000,22.000000,22.000000,0.000000,0.380000,1.000000
1594.737061,358.000000,358.000000,-5.230000,22.000000,22.000000,0.000000,0.380000,1.000000
1594.741943,407.000000,407.000000,-5.400000,26.000000,26.000000,0.000000,0.100000,1.000000
1594.746948,430.000000,430.000000,-5.410000,26.000000,26.000000,0.000000,0.100000,1.000000
1594.751953,402.000000,402.000000,-5.150000,24.000000,22.000000,0.000000,0.570000,1.000000
1594.756958,358.000000,358.000000,-5.220000,24.000000,22.000000,0.000000,0.570000,1.000000
1594.761963,396.000000,396.000000,-5.220000,28.000000,28.000000,0.000000,0.390000,1.000000
1594.766968,411.000000,411.000000,-5.230000,28.000000,28.000000,0.000000,0.390000,1.000000
1594.771973,398.000000,398.000000,-5.140000,26.000000,24.000000,0.000000,0.950000,1.000000
1594.776978,385.000000,385.000000,-5.180000,26.000000,24.000000,0.000000,0.950000,1.000000
1594.781982,432.000000,432.000000,-5.390000,28.000000,28.000000,0.000000,0.780000,1.000000
1594.786987,457.000000,457.000000,-5.350000,28.000000,28.000000,0.000000,0.780000,1.000000
1594.791992,429.000000,429.000000,-5.040000,26.000000,26.000000,0.000000,1.170000,1.000000
1594.796997,386.000000,386.000000,-5.020000,26.000000,26.000000,0.000000,1.170000,1.000000
1594.802002,416.000000,416.000000,-4.950000,30.000000,28.000000,0.000000,1.090000,1.000000
1594.807007,423.000000,423.000000,-4.900000,30.000000,28.000000,0.000000,1.090000,1.000000
1594.812012,416.000000,416.000000,-4.820000,26.000000,26.000000,0.000000,1.480000,1.000000
1594.817017,402.000000,402.000000,-4.760000,26.000000,26.000000,0.000000,1.480000,1.000000
1594.822021,422.000000,422.000000,-4.810000,30.000000,30.000000,0.000000,1.310000,1.000000
1594.827026,429.000000,429.000000,-4.700000,30.000000,30.000000,0.000000,1.310000,1.000000
1594.832031,402.000000,402.000000,-4.390000,28.000000,26.000000,0.000000,1.790000,1.000000
1594.837036,363.000000,363.000000,-4.380000,28.000000,26.000000,0.000000,1.790000,1.000000
1594.842041,404.000000,404.000000,-4.300000,30.000000,30.000000,0.000000,1.630000,1.000000
1594.847046,410.000000,410.000000,-4.200000,30.000000,30.000000,0.000000,1.630000,1.000000
1594.852051,391.000000,391.000000,-3.990000,28.000000,26.000000,0.000000,2.020000,1.000000
1594.857056,372.000000,372.000000,-4.060000,28.000000,26.000000,0.000000,2.020000,1.000000
1594.862061,412.000000,412.000000,-4.240000,32.000000,30.000000,0.000000,1.860000,1.000000
1594.866943,438.000000,438.000000,-4.200000,32.000000,30.000000,0.000000,1.860000,1.000000
1594.871948,414.000000,414.000000,-3.890000,28.000000,26.000000,0.000000,2.340000,1.000000
1594.876953,375.000000,375.000000,-3.930000,28.000000,26.000000,0.000000,2.340000,1.000000
1594.881958,418.000000,418.000000,-3.820000,30.000000,30.000000,0.000000,2.090000,1.000000
1594.886963,426.000000,426.000000,-3.880000,30.000000,30.000000,0.000000,2.090000,1.000000
1594.891968,418.000000,418.000000,-3.750000,28.000000,28.000000,0.000000,2.480000,1.000000
1594.896973,407.000000,407.000000,-3.790000,28.000000,28.000000,0.000000,2.480000,1.000000
1594.901978,443.000000,443.000000,-3.920000,32.000000,30.000000,0.000000,2.410000,1.000000
1594.906982,456.000000,456.000000,-3.830000,32.000000,30.000000,0.000000,2.410000,1.000000
1594.911987,434.000000,434.000000,-3.470000,28.000000,28.000000,0.000000,2.810000,1.000000
1594.916992,388.000000,388.000000,-3.620000,28.000000,28.000000,0.000000,2.810000,1.000000
1594.921997,439.000000,439.000000,-3.530000,34.000000,30.000000,0.000000,2.650000,1.000000
1594.927002,446.000000,446.000000,-3.440000,34.000000,30.000000,0.000000,2.650000,1.000000
1594.932007,430.000000,430.000000,-3.330000,30.000000,28.000000,0.000000,3.140000,1.000000
1594.937012,424.000000,424.000000,-3.390000,30.000000,28.000000,0.000000,3.140000,1.000000
1594.942017,472.000000,472.000000,-3.450000,34.000000,32.000000,0.000000,2.980000,1.000000
1594.947021,478.000000,478.000000,-3.340000,34.000000,32.000000,0.000000,2.980000,1.000000
1594.952026,446.000000,446.000000,-3.100000,30.000000,28.000000,0.000000,3.480000,1.000000
1594.957031,416.000000,416.000000,-3.220000,30.000000,28.000000,0.000000,3.480000,1.000000
1594.962036,470.000000,470.000000,-3.260000,32.000000,32.000000,0.000000,3.230000,1.000000
1594.967041,485.000000,485.000000,-3.070000,32.000000,32.000000,0.000000,3.230000,1.000000
1594.972046,449.000000,449.000000,-2.990000,30.000000,30.000000,0.000000,3.630000,1.000000
1594.977051,445.000000,445.000000,-3.130000,30.000000,30.000000,0.000000,3.630000,1.000000
1594.982056,499.000000,499.000000,-3.330000,34.000000,32.000000,0.000000,3.570000,1.000000
1594.987061,521.000000,521.000000,-3.290000,34.000000,32.000000,0.000000,3.570000,1.000000
1594.991943,495.000000,495.000000,-3.010000,32.000000,30.000000,0.000000,3.970000,1.000000
1594.996948,451.000000,451.000000,-3.020000,32.000000,30.000000,0.000000,3.970000,1.000000
1595.001953,482.000000,482.000000,-3.000000,34.000000,34.000000,0.000000,3.920000,1.000000
1595.006958,493.000000,493.000000,-2.850000,34.000000,34.000000,0.000000,3.920000,1.000000
1595.011963,477.000000,477.000000,-2.700000,32.000000,32.000000,0.000000,4.320000,1.000000
1595.016968,464.000000,464.000000,-2.710000,32.000000,32.000000,0.000000,4.320000,1.000000
1595.021973,494.000000,494.000000,-2.740000,36.000000,34.000000,0.000000,4.270000,1.000000
1595.026978,493.000000,493.000000,-2.600000,36.000000,34.000000,0.000000,4.270000,1.000000
1595.031982,473.000000,473.000000,-2.400000,34.000000,30.000000,0.000000,4.680000,1.000000
1595.036987,451.000000,451.000000,-2.490000,34.000000,30.000000,0.000000,4.680000,1.000000
1595.041992,497.000000,497.000000,-2.580000,36.000000,36.000000,0.000000,4.540000,1.000000
1595.046997,509.000000,509.000000,-2.370000,36.000000,36.000000,0.000000,4.540000,1.000000
1595.052002,473.000000,473.000000,-2.310000,34.000000,32.000000,0.000000,5.050000,1.000000
1595.057007,455.000000,455.000000,-2.480000,34.000000,32.000000,0.000000,5.050000,1.000000
1595.062012,503.000000,503.000000,-2.580000,38.000000,34.000000,0.000000,4.910000,1.000000
1595.067017,504.000000,504.000000,-2.500000,38.000000,34.000000,0.000000,4.910000,1.000000
1595.072021,468.000000,468.000000,-2.370000,32.000000,34.000000,0.000000,5.320000,1.000000
1595.077026,441.000000,441.000000,-2.500000,32.000000,34.000000,0.000000,5.320000,1.000000
1595.082031,469.000000,469.000000,-2.550000,38.000000,36.000000,0.000000,5.180000,1.000000
1595.087036,450.000000,450.000000,-2.330000,38.000000,36.000000,0.000000,5.180000,1.000000
1595.092041,380.000000,380.000000,-1.910000,34.000000,32.000000,0.000000,5.690000,1.000000
1595.097046,299.000000,299.000000,-1.680000,34.000000,32.000000,0.000000,5.690000,1.000000
1595.102051,300.000000,300.000000,-1.610000,38.000000,36.000000,0.000000,5.460000,1.000000
1595.107056,281.000000,281.000000,-1.400000,38.000000,36.000000,0.000000,5.460000,1.000000
1595.112061,222.000000,222.000000,-1.000000,32.000000,32.000000,0.000000,5.970000,1.000000
1595.116943,156.000000,156.000000,-0.740000,32.000000,32.000000,0.000000,5.970000,1.000000
1595.121948,146.000000,146.000000,-0.050000,34.000000,32.000000,0.000000,5.650000,1.000000
1595.126953,69.000000,69.000000,0.430000,34.000000,32.000000,0.000000,5.650000,1.000000
1595.131958,-3.000000,-3.000000,1.080000,30.000000,30.000000,0.000000,5.870000,1.000000
1595.136963,-53.000000,-53.000000,1.600000,30.000000,30.000000,0.000000,5.870000,1.000000
1595.141968,-72.000000,-72.000000,2.070000,26.000000,26.000000,0.000000,5.720000,1.000000
1595.146973,-103.000000,-103.000000,2.760000,26.000000,26.000000,0.000000,5.720000,1.000000
1595.151978,-167.000000,-167.000000,3.330000,22.000000,24.000000,0.000000,5.460000,1.000000
1595.156982,-208.000000,-208.000000,4.040000,22.000000,24.000000,0.000000,5.460000,1.000000
1595.161987,-266.000000,-266.000000,4.580000,18.000000,18.000000,0.000000,5.280000,1.000000
1595.166992,-286.000000,-286.000000,5.020000,18.000000,18.000000,0.000000,5.280000,1.000000
1595.171997,-307.000000,-307.000000,5.510000,14.000000,14.000000,0.000000,4.890000,1.000000
1595.177002,-315.000000,-315.000000,6.110000,14.000000,14.000000,0.000000,4.890000,1.000000
1595.182007,-364.000000,-364.000000,6.400000,8.000000,6.000000,0.000000,4.580000,1.000000
1595.187012,-352.000000,-352.000000,6.720000,8.000000,6.000000,0.000000,4.580000,1.000000
1595.192017,-355.000000,-355.000000,6.780000,6.000000,6.000000,0.000000,3.980000,1.000000
1595.197021,-322.000000,-322.000000,7.160000,6.000000,6.000000,0.000000,3.980000,1.000000
1595.202026,-375.000000,-375.000000,7.310000,0.000000,0.000000,0.000000,3.910000,1.000000
1595.207031,-359.000000,-359.000000,7.400000,0.000000,0.000000,0.000000,3.910000,1.000000
1595.212036,-342.000000,-342.000000,7.400000,0.000000,0.000000,0.000000,3.360000,1.000000
1595.217041,-317.000000,-317.000000,7.580000,0.000000,0.000000,0.000000,3.360000,1.000000
1595.222046,-354.000000,-354.000000,7.650000,-4.000000,-6.000000,0.000000,3.360000,1.000000
1595.227051,-340.000000,-340.000000,7.600000,-4.000000,-6.000000,0.000000,3.360000,1.000000
1595.232056,-314.000000,-314.000000,7.470000,-6.000000,-8.000000,0.000000,2.890000,1.000000
1595.237061,-283.000000,-283.000000,7.700000,-6.000000,-8.000000,0.000000,2.890000,1.000000
1595.241943,-322.000000,-322.000000,7.680000,-12.000000,-12.000000,0.000000,2.680000,1.000000
1595.246948,-303.000000,-303.000000,7.600000,-12.000000,-12.000000,0.000000,2.680000,1.000000
1595.251953,-279.000000,-279.000000,7.080000,-10.000000,-10.000000,0.000000,2.170000,1.000000
1595.256958,-200.000000,-200.000000,7.030000,-10.000000,-10.000000,0.000000,2.170000,1.000000
1595.261963,-221.000000,-221.000000,6.710000,-14.000000,-14.000000,0.000000,2.320000,1.000000
1595.266968,-193.000000,-193.000000,6.520000,-14.000000,-14.000000,0.000000,2.320000,1.000000
1595.271973,-158.000000,-158.000000,6.020000,-12.000000,-12.000000,0.000000,1.900000,1.000000
1595.276978,-103.000000,-103.000000,5.900000,-12.000000,-12.000000,0.000000,1.900000,1.000000
1595.281982,-119.000000,-119.000000,5.360000,-12.000000,-16.000000,0.000000,2.030000,1.000000
1595.286987,-79.000000,-79.000000,5.150000,-12.000000,-16.000000,0.000000,2.030000,1.000000
1595.291992,-62.000000,-62.000000,4.860000,-10.000000,-12.000000,0.000000,1.790000,1.000000
1595.296997,-56.000000,-56.000000,4.690000,-10.000000,-12.000000,0.000000,1.790000,1.000000
1595.302002,-75.000000,-75.000000,4.500000,-12.000000,-12.000000,0.000000,2.020000,1.000000
1595.307007,-72.000000,-72.000000,4.160000,-12.000000,-12.000000,0.000000,2.020000,1.000000
1595.312012,-39.000000,-39.000000,3.950000,-10.000000,-10.000000,0.000000,1.880000,1.000000
1595.317017,-36.000000,-36.000000,3.950000,-10.000000,-10.000000,0.000000,1.880000,1.000000
1595.322021,-69.000000,-69.000000,3.780000,-10.000000,-12.000000,0.000000,2.020000,1.000000
1595.327026,-73.000000,-73.000000,3.640000,-10.000000,-12.000000,0.000000,2.020000,1.000000
1595.332031,-63.000000,-63.000000,3.490000,-6.000000,-8.000000,0.000000,1.890000,1.000000
1595.337036,-63.000000,-63.000000,3.550000,-6.000000,-8.000000,0.000000,1.890000,1.000000
1595.342041,-95.000000,-95.000000,3.460000,-6.000000,-8.000000,0.000000,2.230000,1.000000
1595.347046,-100.000000,-100.000000,3.400000,-6.000000,-8.000000,0.000000,2.230000,1.000000
1595.352051,-81.000000,-81.000000,3.390000,-6.000000,-8.000000,0.000000,2.200000,1.000000
1595.357056,-92.000000,-92.000000,3.560000,-6.000000,-8.000000,0.000000,2.200000,1.000000
1595.362061,-121.000000,-121.000000,3.560000,-6.000000,-8.000000,0.000000,2.170000,1.000000
1595.366943,-126.000000,-126.000000,3.570000,-6.000000,-8.000000,0.000000,2.170000,1.000000
1595.371948,-130.000000,-130.000000,3.620000,-6.000000,-6.000000,0.000000,2.140000,1.000000
1595.376953,-140.000000,-140.000000,3.890000,-6.000000,-6.000000,0.000000,2.140000,1.000000
1595.381958,-172.000000,-172.000000,3.950000,-8.000000,-10.000000,0.000000,2.210000,1.000000
1595.386963,-176.000000,-176.000000,3.970000,-8.000000,-10.000000,0.000000,2.210000,1.000000
1595.391968,-164.000000,-164.000000,3.970000,-6.000000,-8.000000,0.000000,1.900000,1.000000
1595.396973,-158.000000,-158.000000,4.220000,-6.000000,-8.000000,0.000000,1.900000,1.000000
1595.401978,-205.000000,-205.000000,4.180000,-8.000000,-10.000000,0.000000,2.050000,1.000000
1595.406982,-197.000000,-197.000000,4.240000,-8.000000,-10.000000,0.000000,2.050000,1.000000
1595.411987,-180.000000,-180.000000,4.170000,-8.000000,-8.000000,0.000000,1.840000,1.000000
1595.416992,-169.000000,-169.000000,4.420000,-8.000000,-8.000000,0.000000,1.840000,1.000000
1595.421997,-209.000000,-209.000000,4.400000,-10.000000,-10.000000,0.000000,1.890000,1.000000
1595.427002,-205.000000,-205.000000,4.530000,-10.000000,-10.000000,0.000000,1.890000,1.000000
1595.432007,-199.000000,-199.000000,4.360000,-8.000000,-10.000000,0.000000,1.670000,1.000000
1595.437012,-171.000000,-171.000000,4.510000,-8.000000,-10.000000,0.000000,1.670000,1.000000
1595.442017,-196.000000,-196.000000,4.380000,-12.000000,-12.000000,0.000000,1.730000,1.000000
1595.447021,-182.000000,-182.000000,4.350000,-12.000000,-12.000000,0.000000,1.730000,1.000000
1595.452026,-167.000000,-167.000000,4.160000,-10.000000,-10.000000,0.000000,1.410000,1.000000
1595.457031,-150.000000,-150.000000,4.330000,-10.000000,-10.000000,0.000000,1.410000,1.000000
1595.462036,-195.000000,-195.000000,4.230000,-10.000000,-12.000000,0.000000,1.550000,1.000000
1595.467041,-186.000000,-186.000000,4.230000,-10.000000,-12.000000,0.000000,1.550000,1.000000
1595.472046,-172.000000,-172.000000,4.100000,-8.000000,-10.000000,0.000000,1.410000,1.000000
1595.477051,-156.000000,-156.000000,4.290000,-8.000000,-10.000000,0.000000,1.410000,1.000000
1595.482056,-184.000000,-184.000000,4.220000,-12.000000,-12.000000,0.000000,1.560000,1.000000
1595.487061,-176.000000,-176.000000,4.140000,-12.000000,-12.000000,0.000000,1.560000,1.000000
1595.491943,-152.000000,-152.000000,3.960000,-10.000000,-10.000000,0.000000,1.240000,1.000000
1595.496948,-132.000000,-132.000000,4.140000,-10.000000,-10.000000,0.000000,1.240000,1.000000
1595.501953,-179.000000,-179.000000,4.030000,-12.000000,-14.000000,0.000000,1.380000,1.000000
1595.506958,-170.000000,-170.000000,4.020000,-12.000000,-14.000000,0.000000,1.380000,1.000000
1595.511963,-156.000000,-156.000000,3.850000,-10.000000,-10.000000,0.000000,1.060000,1.000000
1595.516968,-136.000000,-136.000000,4.010000,-10.000000,-10.000000,0.000000,1.060000,1.000000
1595.521973,-177.000000,-177.000000,3.870000,-12.000000,-12.000000,0.000000,1.290000,1.000000
1595.526978,-166.000000,-166.000000,3.810000,-12.000000,-12.000000,0.000000,1.290000,1.000000
1595.531982,-143.000000,-143.000000,3.590000,-12.000000,-10.000000,0.000000,1.060000,1.000000
1595.536987,-126.000000,-126.000000,3.770000,-12.000000,-10.000000,0.000000,1.060000,1.000000
1595.541992,-165.000000,-165.000000,3.710000,-10.000000,-12.000000,0.000000,1.110000,1.000000
1595.546997,-160.000000,-160.000000,3.710000,-10.000000,-12.000000,0.000000,1.110000,1.000000
1595.552002,-148.000000,-148.000000,3.460000,-10.000000,-10.000000,0.000000,1.060000,1.000000
1595.557007,-121.000000,-121.000000,3.620000,-10.000000,-10.000000,0.000000,1.060000,1.000000
1595.562012,-141.000000,-141.000000,3.410000,-10.000000,-12.000000,0.000000,1.110000,1.000000
1595.567017,-124.000000,-124.000000,3.340000,-10.000000,-12.000000,0.000000,1.110000,1.000000
1595.572021,-102.000000,-102.000000,3.200000,-10.000000,-10.000000,0.000000,0.980000,1.000000
1595.577026,-122.000000,-122.000000,3.260000,-10.000000,-10.000000,0.000000,0.980000,1.000000
1595.582031,-119.000000,-119.000000,3.210000,-10.000000,-12.000000,0.000000,1.030000,1.000000
1595.587036,-108.000000,-108.000000,3.100000,-10.000000,-12.000000,0.000000,1.030000,1.000000
1595.592041,-102.000000,-102.000000,2.960000,-10.000000,-8.000000,0.000000,0.890000,1.000000
1595.597046,-133.000000,-133.000000,3.080000,-10.000000,-8.000000,0.000000,0.890000,1.000000
1595.602051,-134.000000,-134.000000,3.030000,-10.000000,-10.000000,0.000000,1.040000,1.000000
1595.607056,-122.000000,-122.000000,2.980000,-10.000000,-10.000000,0.000000,1.040000,1.000000
1595.612061,-122.000000,-122.000000,2.920000,-8.000000,-8.000000,0.000000,0.910000,1.000000
1595.616943,-153.000000,-153.000000,3.100000,-8.000000,-8.000000,0.000000,0.910000,1.000000
1595.621948,-151.000000,-151.000000,3.060000,-10.000000,-8.000000,0.000000,1.060000,1.000000
1595.626953,-128.000000,-128.000000,3.020000,-10.000000,-8.000000,0.000000,1.060000,1.000000
1595.631958,-113.000000,-113.000000,2.880000,-8.000000,-8.000000,0.000000,0.930000,1.000000
1595.636963,-144.000000,-144.000000,3.060000,-8.000000,-8.000000,0.000000,0.930000,1.000000
1595.641968,-139.000000,-139.000000,3.000000,-10.000000,-12.000000,0.000000,0.990000,1.000000
1595.646973,-133.000000,-133.000000,3.020000,-10.000000,-12.000000,0.000000,0.990000,1.000000
1595.651978,-120.000000,-120.000000,2.930000,-8.000000,-8.000000,0.000000,0.670000,1.000000
1595.656982,-157.000000,-157.000000,3.110000,-8.000000,-8.000000,0.000000,0.670000,1.000000
1595.661987,-145.000000,-145.000000,2.970000,-10.000000,-10.000000,0.000000,0.910000,1.000000
1595.666992,-118.000000,-118.000000,2.920000,-10.000000,-10.000000,0.000000,0.910000,1.000000
1595.671997,-114.000000,-114.000000,2.870000,-10.000000,-8.000000,0.000000,0.690000,1.000000
1595.677002,-151.000000,-151.000000,3.020000,-10.000000,-8.000000,0.000000,0.690000,1.000000
1595.682007,-146.000000,-146.000000,2.980000,-10.000000,-10.000000,0.000000,0.750000,1.000000
1595.687012,-130.000000,-130.000000,2.900000,-10.000000,-10.000000,0.000000,0.750000,1.000000
1595.692017,-117.000000,-117.000000,2.780000,-8.000000,-6.000000,0.000000,0.620000,1.000000
1595.697021,-144.000000,-144.000000,2.930000,-8.000000,-6.000000,0.000000,0.620000,1.000000
1595.702026,-132.000000,-132.000000,2.820000,-10.000000,-8.000000,0.000000,0.860000,1.000000
1595.707031,-99.000000,-99.000000,2.730000,-10.000000,-8.000000,0.000000,0.860000,1.000000
1595.712036,-85.000000,-85.000000,2.590000,-8.000000,-8.000000,0.000000,0.640000,1.000000
1595.717041,-114.000000,-114.000000,2.700000,-8.000000,-8.000000,0.000000,0.640000,1.000000
1595.722046,-107.000000,-107.000000,2.630000,-10.000000,-8.000000,0.000000,0.700000,1.000000
1595.727051,-93.000000,-93.000000,2.530000,-10.000000,-8.000000,0.000000,0.700000,1.000000
1595.732056,-83.000000,-83.000000,2.410000,-8.000000,-8.000000,0.000000,0.580000,1.000000
1595.737061,-111.000000,-111.000000,2.520000,-8.000000,-8.000000,0.000000,0.580000,1.000000
1595.741943,-114.000000,-114.000000,2.510000,-8.000000,-10.000000,0.000000,0.630000,1.000000
1595.746948,-100.000000,-100.000000,2.430000,-8.000000,-10.000000,0.000000,0.630000,1.000000
1595.751953,-88.000000,-88.000000,2.310000,-6.000000,-6.000000,0.000000,0.510000,1.000000
1595.756958,-118.000000,-118.000000,2.500000,-6.000000,-6.000000,0.000000,0.510000,1.000000
1595.761963,-115.000000,-115.000000,2.460000,-8.000000,-8.000000,0.000000,0.760000,1.000000
1595.766968,-84.000000,-84.000000,2.430000,-8.000000,-8.000000,0.000000,0.760000,1.000000
1595.771973,-67.000000,-67.000000,2.290000,-6.000000,-8.000000,0.000000,0.540000,1.000000
1595.776978,-96.000000,-96.000000,2.420000,-6.000000,-8.000000,0.000000,0.540000,1.000000
1595.781982,-90.000000,-90.000000,2.390000,-8.000000,-8.000000,0.000000,0.610000,1.000000
1595.786987,-72.000000,-72.000000,2.300000,-8.000000,-8.000000,0.000000,0.610000,1.000000
1595.791992,-55.000000,-55.000000,2.160000,-6.000000,-6.000000,0.000000,0.480000,1.000000
1595.796997,-67.000000,-67.000000,2.180000,-6.000000,-6.000000,0.000000,0.480000,1.000000
1595.802002,-60.000000,-60.000000,2.090000,-8.000000,-6.000000,0.000000,0.640000,1.000000
1595.807007,-33.000000,-33.000000,1.940000,-8.000000,-6.000000,0.000000,0.640000,1.000000
1595.812012,-17.000000,-17.000000,1.800000,-6.000000,-6.000000,0.000000,0.520000,1.000000
1595.817017,-23.000000,-23.000000,1.720000,-6.000000,-6.000000,0.000000,0.520000,1.000000
1595.822021,-21.000000,-21.000000,1.660000,-6.000000,-6.000000,0.000000,0.590000,1.000000
1595.827026,-7.000000,-7.000000,1.520000,-6.000000,-6.000000,0.000000,0.590000,1.000000
1595.832031,0.000000,0.000000,1.390000,-6.000000,-6.000000,0.000000,0.560000,1.000000
1595.837036,-4.000000,-4.000000,1.320000,-6.000000,-6.000000,0.000000,0.560000,1.000000
1595.842041,-10.000000,-10.000000,1.290000,-6.000000,-4.000000,0.000000,0.540000,1.000000
1595.847046,-14.000000,-14.000000,1.260000,-6.000000,-4.000000,0.000000,0.540000,1.000000
1595.852051,-13.000000,-13.000000,1.230000,-4.000000,-4.000000,0.000000,0.610000,1.000000
1595.857056,-3.000000,-3.000000,1.160000,-4.000000,-4.000000,0.000000,0.610000,1.000000
1595.862061,2.000000,2.000000,1.090000,-4.000000,-4.000000,0.000000,0.690000,1.000000
1595.866943,7.000000,7.000000,1.040000,-4.000000,-4.000000,0.000000,0.690000,1.000000
1595.871948,4.000000,4.000000,0.990000,-4.000000,-2.000000,0.000000,0.670000,1.000000
1595.876953,0.000000,0.000000,0.950000,-4.000000,-2.000000,0.000000,0.670000,1.000000
1595.881958,-5.000000,-5.000000,0.930000,-2.000000,-2.000000,0.000000,0.750000,1.000000
1595.886963,-5.000000,-5.000000,0.950000,-2.000000,-2.000000,0.000000,0.750000,1.000000
1595.891968,-8.000000,-8.000000,0.950000,-2.000000,-2.000000,0.000000,0.830000,1.000000
1595.896973,-5.000000,-5.000000,0.980000,-2.000000,-2.000000,0.000000,0.830000,1.000000
1595.901978,-4.000000,-4.000000,0.970000,-2.000000,-2.000000,0.000000,0.820000,1.000000
1595.906982,0.000000,0.000000,0.940000,-2.000000,-2.000000,0.000000,0.820000,1.000000
1595.911987,-1.000000,-1.000000,0.930000,-2.000000,0.000000,0.000000,0.820000,1.000000
1595.916992,-7.000000,-7.000000,0.960000,-2.000000,0.000000,0.000000,0.820000,1.000000
1595.921997,-11.000000,-11.000000,0.990000,0.000000,-2.000000,0.000000,0.900000,1.000000
1595.927002,-2.000000,-2.000000,0.990000,0.000000,-2.000000,0.000000,0.900000,1.000000
1595.932007,1.000000,1.000000,0.980000,0.000000,-2.000000,0.000000,0.900000,1.000000
1595.937012,-1.000000,-1.000000,1.010000,0.000000,-2.000000,0.000000,0.900000,1.000000
1595.942017,-1.000000,-1.000000,1.030000,-2.000000,0.000000,0.000000,0.900000,1.000000
1595.947021,6.000000,6.000000,1.000000,-2.000000,0.000000,0.000000,0.900000,1.000000
1595.952026,12.000000,12.000000,0.970000,0.000000,-2.000000,0.000000,0.890000,1.000000
1595.957031,13.000000,13.000000,0.950000,0.000000,-2.000000,0.000000,0.890000,1.000000
1595.962036,12.000000,12.000000,0.950000,0.000000,0.000000,0.000000,0.890000,1.000000
1595.967041,12.000000,12.000000,0.960000,0.000000,0.000000,0.000000,0.890000,1.000000
1595.972046,17.000000,17.000000,0.950000,0.000000,0.000000,0.000000,0.980000,1.000000
1595.977051,32.000000,32.000000,0.890000,0.000000,0.000000,0.000000,0.980000,1.000000
1595.982056,37.000000,37.000000,0.880000,0.000000,2.000000,0.000000,0.980000,1.000000
1595.987061,41.000000,41.000000,0.860000,0.000000,2.000000,0.000000,0.980000,1.000000
1595.991943,49.000000,49.000000,0.810000,0.000000,0.000000,0.000000,1.070000,1.000000
1595.996948,71.000000,71.000000,0.690000,0.000000,0.000000,0.000000,1.070000,1.000000
1596.001953,77.000000,77.000000,0.640000,0.000000,0.000000,0.000000,0.980000,1.000000
1596.006958,75.000000,75.000000,0.620000,0.000000,0.000000,0.000000,0.980000,1.000000
1596.011963,88.000000,88.000000,0.530000,2.000000,0.000000,0.000000,0.980000,1.000000
1596.016968,106.000000,106.000000,0.350000,2.000000,0.000000,0.000000,0.980000,1.000000
1596.021973,108.000000,108.000000,0.310000,2.000000,2.000000,0.000000,1.080000,1.000000
1596.026978,126.000000,126.000000,0.180000,2.000000,2.000000,0.000000,1.080000,1.000000
1596.031982,129.000000,129.000000,0.050000,0.000000,2.000000,0.000000,1.180000,1.000000
1596.036987,145.000000,145.000000,-0.180000,0.000000,2.000000,0.000000,1.180000,1.000000
1596.041992,128.000000,128.000000,-0.160000,4.000000,4.000000,0.000000,1.090000,1.000000
1596.046997,107.000000,107.000000,-0.120000,4.000000,4.000000,0.000000,1.090000,1.000000
1596.052002,104.000000,104.000000,-0.100000,4.000000,2.000000,0.000000,1.380000,1.000000
1596.057007,150.000000,150.000000,-0.350000,4.000000,2.000000,0.000000,1.380000,1.000000
1596.062012,143.000000,143.000000,-0.310000,4.000000,4.000000,0.000000,1.300000,1.000000
1596.067017,129.000000,129.000000,-0.320000,4.000000,4.000000,0.000000,1.300000,1.000000
1596.072021,123.000000,123.000000,-0.290000,4.000000,2.000000,0.000000,1.410000,1.000000
1596.077026,146.000000,146.000000,-0.500000,4.000000,2.000000,0.000000,1.410000,1.000000
1596.082031,131.000000,131.000000,-0.430000,6.000000,6.000000,0.000000,1.330000,1.000000
1596.087036,105.000000,105.000000,-0.340000,6.000000,6.000000,0.000000,1.330000,1.000000
1596.092041,80.000000,80.000000,-0.150000,6.000000,4.000000,0.000000,1.620000,1.000000
1596.097046,122.000000,122.000000,-0.290000,6.000000,4.000000,0.000000,1.620000,1.000000
1596.102051,118.000000,118.000000,-0.200000,6.000000,8.000000,0.000000,1.550000,1.000000
1596.107056,115.000000,115.000000,-0.230000,6.000000,8.000000,0.000000,1.550000,1.000000
1596.112061,99.000000,99.000000,-0.110000,6.000000,4.000000,0.000000,1.760000,1.000000
1596.116943,119.000000,119.000000,-0.150000,6.000000,4.000000,0.000000,1.760000,1.000000
1596.121948,116.000000,116.000000,-0.100000,8.000000,6.000000,0.000000,1.600000,1.000000
1596.126953,98.000000,98.000000,0.000000,8.000000,6.000000,0.000000,1.600000,1.000000
1596.131958,93.000000,93.000000,0.100000,6.000000,6.000000,0.000000,1.810000,1.000000
1596.136963,126.000000,126.000000,0.000000,6.000000,6.000000,0.000000,1.810000,1.000000
1596.141968,130.000000,130.000000,0.010000,6.000000,8.000000,0.000000,1.740000,1.000000
1596.146973,112.000000,112.000000,0.120000,6.000000,8.000000,0.000000,1.740000,1.000000
1596.151978,106.000000,106.000000,0.200000,6.000000,6.000000,0.000000,1.860000,1.000000
1596.156982,140.000000,140.000000,0.040000,6.000000,6.000000,0.000000,1.860000,1.000000
1596.161987,148.000000,148.000000,-0.010000,8.000000,8.000000,0.000000,1.800000,1.000000
1596.166992,131.000000,131.000000,0.020000,8.000000,8.000000,0.000000,1.800000,1.000000
1596.171997,114.000000,114.000000,0.110000,8.000000,6.000000,0.000000,2.010000,1.000000
1596.177002,150.000000,150.000000,-0.070000,8.000000,6.000000,0.000000,2.010000,1.000000
1596.182007,151.000000,151.000000,-0.080000,8.000000,8.000000,0.000000,1.950000,1.000000
1596.187012,137.000000,137.000000,-0.080000,8.000000,8.000000,0.000000,1.950000,1.000000
1596.192017,115.000000,115.000000,0.050000,6.000000,8.000000,0.000000,2.070000,1.000000
1596.197021,142.000000,142.000000,-0.120000,6.000000,8.000000,0.000000,2.070000,1.000000
1596.202026,137.000000,137.000000,-0.050000,10.000000,10.000000,0.000000,2.010000,1.000000
1596.207031,135.000000,135.000000,-0.090000,10.000000,10.000000,0.000000,2.010000,1.000000
1596.212036,123.000000,123.000000,0.000000,6.000000,8.000000,0.000000,2.320000,1.000000
1596.217041,159.000000,159.000000,-0.140000,6.000000,8.000000,0.000000,2.320000,1.000000
1596.222046,154.000000,154.000000,-0.080000,8.000000,8.000000,0.000000,2.080000,1.000000
1596.227051,125.000000,125.000000,0.020000,8.000000,8.000000,0.000000,2.080000,1.000000
1596.232056,112.000000,112.000000,0.170000,6.000000,8.000000,0.000000,2.200000,1.000000
1596.237061,145.000000,145.000000,0.000000,6.000000,8.000000,0.000000,2.200000,1.000000
1596.241943,146.000000,146.000000,0.010000,8.000000,8.000000,0.000000,2.140000,1.000000
1596.246948,119.000000,119.000000,0.140000,8.000000,8.000000,0.000000,2.140000,1.000000
1596.251953,97.000000,97.000000,0.320000,8.000000,6.000000,0.000000,2.260000,1.000000
1596.256958,125.000000,125.000000,0.190000,8.000000,6.000000,0.000000,2.260000,1.000000
1596.261963,129.000000,129.000000,0.190000,10.000000,8.000000,0.000000,2.200000,1.000000
1596.266968,123.000000,123.000000,0.200000,10.000000,8.000000,0.000000,2.200000,1.000000
1596.271973,106.000000,106.000000,0.330000,8.000000,8.000000,0.000000,2.410000,1.000000
1596.276978,132.000000,132.000000,0.240000,8.000000,8.000000,0.000000,2.410000,1.000000
1596.281982,132.000000,132.000000,0.270000,10.000000,10.000000,0.000000,2.350000,1.000000
1596.286987,124.000000,124.000000,0.330000,10.000000,10.000000,0.000000,2.350000,1.000000
1596.291992,118.000000,118.000000,0.440000,6.000000,8.000000,0.000000,2.580000,1.000000
1596.296997,158.000000,158.000000,0.260000,6.000000,8.000000,0.000000,2.580000,1.000000
1596.302002,164.000000,164.000000,0.230000,8.000000,8.000000,0.000000,2.330000,1.000000
1596.307007,138.000000,138.000000,0.230000,8.000000,8.000000,0.000000,2.330000,1.000000
1596.312012,121.000000,121.000000,0.370000,8.000000,8.000000,0.000000,2.450000,1.000000
1596.317017,151.000000,151.000000,0.210000,8.000000,8.000000,0.000000,2.450000,1.000000
1596.322021,150.000000,150.000000,0.250000,10.000000,10.000000,0.000000,2.490000,1.000000
1596.327026,153.000000,153.000000,0.160000,10.000000,10.000000,0.000000,2.490000,1.000000
1596.332031,130.000000,130.000000,0.300000,8.000000,8.000000,0.000000,2.710000,1.000000
1596.337036,149.000000,149.000000,0.230000,8.000000,8.000000,0.000000,2.710000,1.000000
1596.342041,137.000000,137.000000,0.360000,10.000000,10.000000,0.000000,2.560000,1.000000
1596.347046,117.000000,117.000000,0.470000,10.000000,10.000000,0.000000,2.560000,1.000000
1596.352051,111.000000,111.000000,0.580000,8.000000,8.000000,0.000000,2.780000,1.000000
1596.357056,146.000000,146.000000,0.450000,8.000000,8.000000,0.000000,2.780000,1.000000
1596.362061,142.000000,142.000000,0.500000,10.000000,8.000000,0.000000,2.630000,1.000000
1596.366943,116.000000,116.000000,0.630000,10.000000,8.000000,0.000000,2.630000,1.000000
1596.371948,100.000000,100.000000,0.780000,8.000000,8.000000,0.000000,2.760000,1.000000
1596.376953,126.000000,126.000000,0.670000,8.000000,8.000000,0.000000,2.760000,1.000000
1596.381958,122.000000,122.000000,0.740000,10.000000,10.000000,0.000000,2.700000,1.000000
1596.386963,118.000000,118.000000,0.760000,10.000000,10.000000,0.000000,2.700000,1.000000
1596.391968,112.000000,112.000000,0.850000,8.000000,8.000000,0.000000,2.920000,1.000000
1596.396973,144.000000,144.000000,0.720000,8.000000,8.000000,0.000000,2.920000,1.000000
1596.401978,145.000000,145.000000,0.730000,8.000000,8.000000,0.000000,2.770000,1.000000
1596.406982,126.000000,126.000000,0.800000,8.000000,8.000000,0.000000,2.770000,1.000000
1596.411987,125.000000,125.000000,0.850000,6.000000,8.000000,0.000000,2.800000,1.000000
1596.416992,153.000000,153.000000,0.650000,6.000000,8.000000,0.000000,2.800000,1.000000
1596.421997,149.000000,149.000000,0.690000,10.000000,8.000000,0.000000,2.740000,1.000000
1596.427002,131.000000,131.000000,0.710000,10.000000,8.000000,0.000000,2.740000,1.000000
1596.432007,106.000000,106.000000,0.890000,8.000000,6.000000,0.000000,2.960000,1.000000
1596.437012,136.000000,136.000000,0.770000,8.000000,6.000000,0.000000,2.960000,1.000000
1596.442017,130.000000,130.000000,0.850000,8.000000,10.000000,0.000000,2.800000,1.000000
1596.447021,116.000000,116.000000,0.900000,8.000000,10.000000,0.000000,2.800000,1.000000
1596.452026,106.000000,106.000000,0.990000,8.000000,8.000000,0.000000,3.020000,1.000000
1596.457031,132.000000,132.000000,0.890000,8.000000,8.000000,0.000000,3.020000,1.000000
1596.462036,129.000000,129.000000,0.920000,10.000000,8.000000,0.000000,2.960000,1.000000
1596.467041,110.000000,110.000000,1.040000,10.000000,8.000000,0.000000,2.960000,1.000000
1596.472046,97.000000,97.000000,1.180000,8.000000,8.000000,0.000000,3.090000,1.000000
1596.477051,125.000000,125.000000,1.070000,8.000000,8.000000,0.000000,3.090000,1.000000
1596.482056,126.000000,126.000000,1.110000,8.000000,8.000000,0.000000,3.030000,1.000000
1596.487061,107.000000,107.000000,1.200000,8.000000,8.000000,0.000000,3.030000,1.000000
1596.491943,83.000000,83.000000,1.400000,6.000000,8.000000,0.000000,3.060000,1.000000
1596.496948,98.000000,98.000000,1.310000,6.000000,8.000000,0.000000,3.060000,1.000000
1596.501953,94.000000,94.000000,1.400000,8.000000,10.000000,0.000000,3.000000,1.000000
1596.506958,84.000000,84.000000,1.470000,8.000000,10.000000,0.000000,3.000000,1.000000
1596.511963,77.000000,77.000000,1.580000,8.000000,6.000000,0.000000,3.220000,1.000000
1596.516968,108.000000,108.000000,1.500000,8.000000,6.000000,0.000000,3.220000,1.000000
1596.521973,114.000000,114.000000,1.480000,8.000000,8.000000,0.000000,3.060000,1.000000
1596.526978,89.000000,89.000000,1.590000,8.000000,8.000000,0.000000,3.060000,1.000000
1596.531982,79.000000,79.000000,1.690000,8.000000,6.000000,0.000000,3.190000,1.000000
1596.536987,107.000000,107.000000,1.560000,8.000000,6.000000,0.000000,3.190000,1.000000
1596.541992,104.000000,104.000000,1.620000,8.000000,8.000000,0.000000,3.120000,1.000000
1596.546997,90.000000,90.000000,1.670000,8.000000,8.000000,0.000000,3.120000,1.000000
1596.552002,76.000000,76.000000,1.790000,6.000000,6.000000,0.000000,3.250000,1.000000
1596.557007,97.000000,97.000000,1.720000,6.000000,6.000000,0.000000,3.250000,1.000000
1596.562012,104.000000,104.000000,1.680000,8.000000,6.000000,0.000000,3.090000,1.000000
1596.567017,81.000000,81.000000,1.760000,8.000000,6.000000,0.000000,3.090000,1.000000
1596.572021,65.000000,65.000000,1.870000,6.000000,4.000000,0.000000,3.210000,1.000000
1596.577026,85.000000,85.000000,1.780000,6.000000,4.000000,0.000000,3.210000,1.000000
1596.582031,87.000000,87.000000,1.780000,8.000000,8.000000,0.000000,3.050000,1.000000
1596.587036,60.000000,60.000000,1.850000,8.000000,8.000000,0.000000,3.050000,1.000000
1596.592041,42.000000,42.000000,1.970000,6.000000,6.000000,0.000000,3.350000,1.000000
1596.597046,69.000000,69.000000,1.930000,6.000000,6.000000,0.000000,3.350000,1.000000
1596.602051,69.000000,69.000000,1.940000,8.000000,8.000000,0.000000,3.190000,1.000000
1596.607056,43.000000,43.000000,2.060000,8.000000,8.000000,0.000000,3.190000,1.000000
1596.612061,31.000000,31.000000,2.160000,6.000000,4.000000,0.000000,3.410000,1.000000
1596.616943,52.000000,52.000000,2.160000,6.000000,4.000000,0.000000,3.410000,1.000000
1596.621948,54.000000,54.000000,2.200000,6.000000,6.000000,0.000000,3.150000,1.000000
1596.626953,30.000000,30.000000,2.270000,6.000000,6.000000,0.000000,3.150000,1.000000
1596.631958,20.000000,20.000000,2.370000,6.000000,4.000000,0.000000,3.270000,1.000000
1596.636963,35.000000,35.000000,2.350000,6.000000,4.000000,0.000000,3.270000,1.000000
1596.641968,35.000000,35.000000,2.390000,4.000000,4.000000,0.000000,3.200000,1.000000
1596.646973,22.000000,22.000000,2.480000,4.000000,4.000000,0.000000,3.200000,1.000000
1596.651978,14.000000,14.000000,2.560000,4.000000,4.000000,0.000000,3.120000,1.000000
1596.656982,13.000000,13.000000,2.580000,4.000000,4.000000,0.000000,3.120000,1.000000
1596.661987,18.000000,18.000000,2.590000,4.000000,4.000000,0.000000,3.140000,1.000000
1596.666992,16.000000,16.000000,2.640000,4.000000,4.000000,0.000000,3.140000,1.000000
1596.671997,12.000000,12.000000,2.700000,4.000000,4.000000,0.000000,3.150000,1.000000
1596.677002,16.000000,16.000000,2.740000,4.000000,4.000000,0.000000,3.150000,1.000000
1596.682007,21.000000,21.000000,2.730000,2.000000,4.000000,0.000000,3.170000,1.000000
1596.687012,21.000000,21.000000,2.750000,2.000000,4.000000,0.000000,3.170000,1.000000
1596.692017,20.000000,20.000000,2.780000,2.000000,2.000000,0.000000,3.090000,1.000000
1596.697021,20.000000,20.000000,2.750000,2.000000,2.000000,0.000000,3.090000,1.000000
1596.702026,21.000000,21.000000,2.730000,2.000000,4.000000,0.000000,3.010000,1.000000
1596.707031,9.000000,9.000000,2.760000,2.000000,4.000000,0.000000,3.010000,1.000000
1596.712036,7.000000,7.000000,2.780000,2.000000,0.000000,0.000000,3.110000,1.000000
1596.717041,19.000000,19.000000,2.750000,2.000000,0.000000,0.000000,3.110000,1.000000
1596.722046,18.000000,18.000000,2.740000,2.000000,2.000000,0.000000,2.930000,1.000000
1596.727051,-3.000000,-3.000000,2.790000,2.000000,2.000000,0.000000,2.930000,1.000000
1596.732056,-7.000000,-7.000000,2.840000,2.000000,0.000000,0.000000,3.030000,1.000000
1596.737061,6.000000,6.000000,2.810000,2.000000,0.000000,0.000000,3.030000,1.000000
1596.741943,7.000000,7.000000,2.800000,2.000000,2.000000,0.000000,2.950000,1.000000
1596.746948,-9.000000,-9.000000,2.860000,2.000000,2.000000,0.000000,2.950000,1.000000
1596.751953,-17.000000,-17.000000,2.920000,2.000000,0.000000,0.000000,3.040000,1.000000
1596.756958,-8.000000,-8.000000,2.960000,2.000000,0.000000,0.000000,3.040000,1.000000
1596.761963,-5.000000,-5.000000,2.960000,0.000000,0.000000,0.000000,2.960000,1.000000
1596.766968,-11.000000,-11.000000,2.970000,0.000000,0.000000,0.000000,2.960000,1.000000
1596.771973,-14.000000,-14.000000,3.000000,2.000000,0.000000,0.000000,2.870000,1.000000
1596.776978,-22.000000,-22.000000,3.030000,2.000000,0.000000,0.000000,2.870000,1.000000
1596.781982,-20.000000,-20.000000,3.040000,0.000000,0.000000,0.000000,2.960000,1.000000
1596.786987,-10.000000,-10.000000,3.010000,0.000000,0.000000,0.000000,2.960000,1.000000
1596.791992,-12.000000,-12.000000,3.020000,0.000000,0.000000,0.000000,2.870000,1.000000
1596.796997,-28.000000,-28.000000,3.070000,0.000000,0.000000,0.000000,2.870000,1.000000
1596.802002,-33.000000,-33.000000,3.110000,0.000000,-2.000000,0.000000,2.870000,1.000000
1596.807007,-34.000000,-34.000000,3.110000,0.000000,-2.000000,0.000000,2.870000,1.000000
1596.812012,-39.000000,-39.000000,3.150000,0.000000,0.000000,0.000000,2.780000,1.000000
1596.817017,-54.000000,-54.000000,3.220000,0.000000,0.000000,0.000000,2.780000,1.000000
1596.822021,-57.000000,-57.000000,3.260000,0.000000,-2.000000,0.000000,2.870000,1.000000
1596.827026,-52.000000,-52.000000,3.260000,0.000000,-2.000000,0.000000,2.870000,1.000000
1596.832031,-59.000000,-59.000000,3.310000,0.000000,-2.000000,0.000000,2.770000,1.000000
1596.837036,-82.000000,-82.000000,3.480000,0.000000,-2.000000,0.000000,2.770000,1.000000
1596.842041,-80.000000,-80.000000,3.510000,-2.000000,-2.000000,0.000000,2.770000,1.000000
1596.847046,-77.000000,-77.000000,3.520000,-2.000000,-2.000000,0.000000,2.770000,1.000000
1596.852051,-80.000000,-80.000000,3.580000,0.000000,-2.000000,0.000000,2.670000,1.000000
1596.857056,-103.000000,-103.000000,3.780000,0.000000,-2.000000,0.000000,2.670000,1.000000
1596.862061,-96.000000,-96.000000,3.780000,-2.000000,-4.000000,0.000000,2.760000,1.000000
1596.866943,-75.000000,-75.000000,3.760000,-2.000000,-4.000000,0.000000,2.760000,1.000000
1596.871948,-63.000000,-63.000000,3.720000,-2.000000,-2.000000,0.000000,2.560000,1.000000
1596.876953,-91.000000,-91.000000,3.890000,-2.000000,-2.000000,0.000000,2.560000,1.000000
1596.881958,-85.000000,-85.000000,3.900000,-4.000000,-4.000000,0.000000,2.640000,1.000000
1596.886963,-57.000000,-57.000000,3.790000,-4.000000,-4.000000,0.000000,2.640000,1.000000
1596.891968,-40.000000,-40.000000,3.690000,-2.000000,-2.000000,0.000000,2.450000,1.000000
1596.896973,-61.000000,-61.000000,3.730000,-2.000000,-2.000000,0.000000,2.450000,1.000000
1596.901978,-62.000000,-62.000000,3.750000,-4.000000,-4.000000,0.000000,2.620000,1.000000
1596.906982,-36.000000,-36.000000,3.670000,-4.000000,-4.000000,0.000000,2.620000,1.000000
1596.911987,-20.000000,-20.000000,3.560000,-4.000000,-4.000000,0.000000,2.420000,1.000000
1596.916992,-34.000000,-34.000000,3.520000,-4.000000,-4.000000,0.000000,2.420000,1.000000
1596.921997,-31.000000,-31.000000,3.470000,-4.000000,-4.000000,0.000000,2.410000,1.000000
1596.927002,-25.000000,-25.000000,3.350000,-4.000000,-4.000000,0.000000,2.410000,1.000000
1596.932007,-19.000000,-19.000000,3.250000,-2.000000,-4.000000,0.000000,2.390000,1.000000
1596.937012,-20.000000,-20.000000,3.190000,-2.000000,-4.000000,0.000000,2.390000,1.000000
1596.942017,-21.000000,-21.000000,3.150000,-4.000000,-2.000000,0.000000,2.470000,1.000000
1596.947021,-14.000000,-14.000000,3.080000,-4.000000,-2.000000,0.000000,2.470000,1.000000
1596.952026,-13.000000,-13.000000,3.010000,-4.000000,-2.000000,0.000000,2.460000,1.000000
1596.957031,-19.000000,-19.000000,3.000000,-4.000000,-2.000000,0.000000,2.460000,1.000000
1596.962036,-23.000000,-23.000000,2.990000,-2.000000,-2.000000,0.000000,2.450000,1.000000
1596.967041,-24.000000,-24.000000,2.940000,-2.000000,-2.000000,0.000000,2.450000,1.000000
1596.972046,-26.000000,-26.000000,2.910000,-2.000000,-2.000000,0.000000,2.530000,1.000000
1596.977051,-30.000000,-30.000000,2.940000,-2.000000,-2.000000,0.000000,2.530000,1.000000
1596.982056,-35.000000,-35.000000,2.950000,-2.000000,-4.000000,0.000000,2.520000,1.000000
1596.987061,-36.000000,-36.000000,2.930000,-2.000000,-4.000000,0.000000,2.520000,1.000000
1596.991943,-38.000000,-38.000000,2.930000,0.000000,-2.000000,0.000000,2.420000,1.000000
1596.996948,-55.000000,-55.000000,2.980000,0.000000,-2.000000,0.000000,2.420000,1.000000
1597.001953,-61.000000,-61.000000,3.030000,0.000000,-4.000000,0.000000,2.600000,1.000000
1597.006958,-45.000000,-45.000000,3.010000,0.000000,-4.000000,0.000000,2.600000,1.000000
1597.011963,-47.000000,-47.000000,3.020000,-2.000000,-2.000000,0.000000,2.500000,1.000000
1597.016968,-69.000000,-69.000000,3.150000,-2.000000,-2.000000,0.000000,2.500000,1.000000
1597.021973,-74.000000,-74.000000,3.190000,-2.000000,-2.000000,0.000000,2.490000,1.000000
1597.026978,-70.000000,-70.000000,3.180000,-2.000000,-2.000000,0.000000,2.490000,1.000000
1597.031982,-68.000000,-68.000000,3.190000,-2.000000,-2.000000,0.000000,2.480000,1.000000
1597.036987,-86.000000,-86.000000,3.350000,-2.000000,-2.000000,0.000000,2.480000,1.000000
1597.041992,-91.000000,-91.000000,3.400000,-2.000000,-4.000000,0.000000,2.470000,1.000000
1597.046997,-88.000000,-88.000000,3.430000,-2.000000,-4.000000,0.000000,2.470000,1.000000
1597.052002,-73.000000,-73.000000,3.400000,-2.000000,-2.000000,0.000000,2.370000,1.000000
1597.057007,-87.000000,-87.000000,3.540000,-2.000000,-2.000000,0.000000,2.370000,1.000000
1597.062012,-81.000000,-81.000000,3.530000,-4.000000,-4.000000,0.000000,2.450000,1.000000
1597.067017,-64.000000,-64.000000,3.480000,-4.000000,-4.000000,0.000000,2.450000,1.000000
1597.072021,-51.000000,-51.000000,3.400000,-4.000000,-4.000000,0.000000,2.250000,1.000000
1597.077026,-75.000000,-75.000000,3.490000,-4.000000,-4.000000,0.000000,2.250000,1.000000
1597.082031,-76.000000,-76.000000,3.500000,-4.000000,-4.000000,0.000000,2.240000,1.000000
1597.087036,-69.000000,-69.000000,3.460000,-4.000000,-4.000000,0.000000,2.240000,1.000000
1597.092041,-57.000000,-57.000000,3.360000,-2.000000,-4.000000,0.000000,2.220000,1.000000
1597.097046,-62.000000,-62.000000,3.370000,-2.000000,-4.000000,0.000000,2.220000,1.000000
1597.102051,-65.000000,-65.000000,3.400000,-4.000000,-4.000000,0.000000,2.300000,1.000000
1597.107056,-49.000000,-49.000000,3.330000,-4.000000,-4.000000,0.000000,2.300000,1.000000
1597.112061,-38.000000,-38.000000,3.260000,-2.000000,-4.000000,0.000000,2.190000,1.000000
1597.116943,-48.000000,-48.000000,3.250000,-2.000000,-4.000000,0.000000,2.190000,1.000000
1597.121948,-50.000000,-50.000000,3.250000,-4.000000,-6.000000,0.000000,2.270000,1.000000
1597.126953,-34.000000,-34.000000,3.170000,-4.000000,-6.000000,0.000000,2.270000,1.000000
1597.131958,-22.000000,-22.000000,3.070000,-2.000000,-4.000000,0.000000,2.070000,1.000000
1597.136963,-37.000000,-37.000000,3.030000,-2.000000,-4.000000,0.000000,2.070000,1.000000
1597.141968,-39.000000,-39.000000,2.990000,-2.000000,-4.000000,0.000000,2.240000,1.000000
1597.146973,-23.000000,-23.000000,2.910000,-2.000000,-4.000000,0.000000,2.240000,1.000000
1597.151978,-21.000000,-21.000000,2.850000,-4.000000,-4.000000,0.000000,2.230000,1.000000
1597.156982,-31.000000,-31.000000,2.900000,-4.000000,-4.000000,0.000000,2.230000,1.000000
1597.161987,-29.000000,-29.000000,2.880000,-2.000000,-2.000000,0.000000,2.120000,1.000000
1597.166992,-28.000000,-28.000000,2.810000,-2.000000,-2.000000,0.000000,2.120000,1.000000
1597.171997,-24.000000,-24.000000,2.750000,-2.000000,-4.000000,0.000000,2.300000,1.000000
1597.177002,-17.000000,-17.000000,2.750000,-2.000000,-4.000000,0.000000,2.300000,1.000000
1597.182007,-23.000000,-23.000000,2.750000,-2.000000,-2.000000,0.000000,2.190000,1.000000
1597.187012,-31.000000,-31.000000,2.720000,-2.000000,-2.000000,0.000000,2.190000,1.000000
1597.192017,-30.000000,-30.000000,2.690000,-2.000000,-2.000000,0.000000,2.280000,1.000000
1597.197021,-32.000000,-32.000000,2.720000,-2.000000,-2.000000,0.000000,2.280000,1.000000
1597.202026,-38.000000,-38.000000,2.740000,-2.000000,-4.000000,0.000000,2.270000,1.000000
1597.207031,-42.000000,-42.000000,2.730000,-2.000000,-4.000000,0.000000,2.270000,1.000000
1597.212036,-48.000000,-48.000000,2.760000,-2.000000,-2.000000,0.000000,2.170000,1.000000
1597.217041,-69.000000,-69.000000,2.870000,-2.000000,-2.000000,0.000000,2.170000,1.000000
1597.222046,-68.000000,-68.000000,2.910000,-2.000000,-4.000000,0.000000,2.250000,1.000000
1597.227051,-47.000000,-47.000000,2.850000,-2.000000,-4.000000,0.000000,2.250000,1.000000
1597.232056,-41.000000,-41.000000,2.810000,0.000000,-2.000000,0.000000,2.150000,1.000000
1597.237061,-63.000000,-63.000000,2.920000,0.000000,-2.000000,0.000000,2.150000,1.000000
1597.241943,-73.000000,-73.000000,3.030000,-2.000000,-2.000000,0.000000,2.320000,1.000000
1597.246948,-52.000000,-52.000000,3.030000,-2.000000,-2.000000,0.000000,2.320000,1.000000
1597.251953,-37.000000,-37.000000,2.980000,-2.000000,-2.000000,0.000000,2.220000,1.000000
1597.256958,-51.000000,-51.000000,3.080000,-2.000000,-2.000000,0.000000,2.220000,1.000000
1597.261963,-52.000000,-52.000000,3.100000,-2.000000,-4.000000,0.000000,2.220000,1.000000
1597.266968,-42.000000,-42.000000,3.060000,-2.000000,-4.000000,0.000000,2.220000,1.000000
1597.271973,-25.000000,-25.000000,2.960000,-2.000000,-4.000000,0.000000,2.110000,1.000000
1597.276978,-31.000000,-31.000000,2.950000,-2.000000,-4.000000,0.000000,2.110000,1.000000
1597.281982,-33.000000,-33.000000,2.960000,-4.000000,-4.000000,0.000000,2.100000,1.000000
1597.286987,-28.000000,-28.000000,2.900000,-4.000000,-4.000000,0.000000,2.100000,1.000000
1597.291992,-17.000000,-17.000000,2.820000,-2.000000,-2.000000,0.000000,1.990000,1.000000
1597.296997,-25.000000,-25.000000,2.790000,-2.000000,-2.000000,0.000000,1.990000,1.000000
1597.302002,-27.000000,-27.000000,2.760000,-4.000000,-2.000000,0.000000,2.170000,1.000000
1597.307007,-11.000000,-11.000000,2.710000,-4.000000,-2.000000,0.000000,2.170000,1.000000
1597.312012,-5.000000,-5.000000,2.640000,-2.000000,-2.000000,0.000000,2.070000,1.000000
1597.317017,-13.000000,-13.000000,2.600000,-2.000000,-2.000000,0.000000,2.070000,1.000000
1597.322021,-12.000000,-12.000000,2.580000,-2.000000,-2.000000,0.000000,2.150000,1.000000
1597.327026,3.000000,3.000000,2.500000,-2.000000,-2.000000,0.000000,2.150000,1.000000
1597.332031,9.000000,9.000000,2.440000,-2.000000,-2.000000,0.000000,2.140000,1.000000
1597.337036,8.000000,8.000000,2.390000,-2.000000,-2.000000,0.000000,2.140000,1.000000
1597.342041,5.000000,5.000000,2.360000,-2.000000,-2.000000,0.000000,2.130000,1.000000
1597.347046,3.000000,3.000000,2.340000,-2.000000,-2.000000,0.000000,2.130000,1.000000
1597.352051,1.000000,1.000000,2.320000,-2.000000,-2.000000,0.000000,2.120000,1.000000
1597.357056,1.000000,1.000000,2.270000,-2.000000,-2.000000,0.000000,2.120000,1.000000
1597.362061,-1.000000,-1.000000,2.250000,0.000000,0.000000,0.000000,2.120000,1.000000
1597.366943,-9.000000,-9.000000,2.280000,0.000000,0.000000,0.000000,2.120000,1.000000
1597.371948,-14.000000,-14.000000,2.300000,-2.000000,-2.000000,0.000000,2.300000,1.000000
1597.376953,0.000000,0.000000,2.300000,-2.000000,-2.000000,0.000000,2.300000,1.000000
1597.381958,0.000000,0.000000,2.300000,0.000000,0.000000,0.000000,2.110000,1.000000
1597.386963,-17.000000,-17.000000,2.310000,0.000000,0.000000,0.000000,2.110000,1.000000
1597.391968,-20.000000,-20.000000,2.330000,0.000000,0.000000,0.000000,2.290000,1.000000
1597.396973,-8.000000,-8.000000,2.360000,0.000000,0.000000,0.000000,2.290000,1.000000
1597.401978,-5.000000,-5.000000,2.360000,0.000000,0.000000,0.000000,2.290000,1.000000
1597.406982,-3.000000,-3.000000,2.360000,0.000000,0.000000,0.000000,2.290000,1.000000
1597.411987,-3.000000,-3.000000,2.360000,0.000000,0.000000,0.000000,2.290000,1.000000
1597.416992,-2.000000,-2.000000,2.370000,0.000000,0.000000,0.000000,2.290000,1.000000
1597.421997,0.000000,0.000000,2.370000,0.000000,0.000000,0.000000,2.290000,1.000000
1597.427002,4.000000,4.000000,2.350000,0.000000,0.000000,0.000000,2.290000,1.000000
1597.432007,7.000000,7.000000,2.340000,0.000000,0.000000,0.000000,2.290000,1.000000
1597.437012,8.000000,8.000000,2.330000,0.000000,0.000000,0.000000,2.290000,1.000000
1597.442017,9.000000,9.000000,2.330000,0.000000,0.000000,0.000000,2.290000,1.000000
1597.447021,13.000000,13.000000,2.310000,0.000000,0.000000,0.000000,2.290000,1.000000
1597.452026,16.000000,16.000000,2.290000,0.000000,0.000000,0.000000,2.290000,1.000000
1597.457031,20.000000,20.000000,2.260000,0.000000,0.000000,0.000000,2.290000,1.000000
1597.462036,23.000000,23.000000,2.240000,0.000000,0.000000,0.000000,2.290000,1.000000
1597.467041,24.000000,24.000000,2.240000,0.000000,0.000000,0.000000,2.290000,1.000000
1597.472046,30.000000,30.000000,2.200000,2.000000,0.000000,0.000000,2.290000,1.000000
1597.477051,36.000000,36.000000,2.150000,2.000000,0.000000,0.000000,2.290000,1.000000
1597.482056,38.000000,38.000000,2.130000,0.000000,0.000000,0.000000,2.390000,1.000000
1597.487061,49.000000,49.000000,2.110000,0.000000,0.000000,0.000000,2.390000,1.000000
1597.491943,56.000000,56.000000,2.050000,0.000000,2.000000,0.000000,2.290000,1.000000
1597.496948,57.000000,57.000000,1.960000,0.000000,2.000000,0.000000,2.290000,1.000000
1597.501953,57.000000,57.000000,1.950000,0.000000,0.000000,0.000000,2.390000,1.000000
1597.506958,67.000000,67.000000,1.930000,0.000000,0.000000,0.000000,2.390000,1.000000
1597.511963,77.000000,77.000000,1.840000,0.000000,0.000000,0.000000,2.300000,1.000000
1597.516968,86.000000,86.000000,1.660000,0.000000,0.000000,0.000000,2.300000,1.000000
1597.521973,83.000000,83.000000,1.630000,2.000000,2.000000,0.000000,2.300000,1.000000
1597.526978,78.000000,78.000000,1.590000,2.000000,2.000000,0.000000,2.300000,1.000000
1597.531982,71.000000,71.000000,1.580000,0.000000,2.000000,0.000000,2.490000,1.000000
1597.536987,97.000000,97.000000,1.420000,0.000000,2.000000,0.000000,2.490000,1.000000
1597.541992,96.000000,96.000000,1.380000,2.000000,2.000000,0.000000,2.400000,1.000000
1597.546997,80.000000,80.000000,1.400000,2.000000,2.000000,0.000000,2.400000,1.000000
1597.552002,69.000000,69.000000,1.430000,2.000000,2.000000,0.000000,2.500000,1.000000
1597.557007,82.000000,82.000000,1.320000,2.000000,2.000000,0.000000,2.500000,1.000000
1597.562012,75.000000,75.000000,1.320000,4.000000,4.000000,0.000000,2.510000,1.000000
1597.567017,52.000000,52.000000,1.440000,4.000000,4.000000,0.000000,2.510000,1.000000
1597.572021,35.000000,35.000000,1.560000,4.000000,4.000000,0.000000,2.710000,1.000000
1597.577026,56.000000,56.000000,1.550000,4.000000,4.000000,0.000000,2.710000,1.000000
1597.582031,61.000000,61.000000,1.530000,4.000000,4.000000,0.000000,2.720000,1.000000
1597.587036,48.000000,48.000000,1.640000,4.000000,4.000000,0.000000,2.720000,1.000000
1597.592041,28.000000,28.000000,1.800000,2.000000,2.000000,0.000000,2.740000,1.000000
1597.597046,33.000000,33.000000,1.810000,2.000000,2.000000,0.000000,2.740000,1.000000
1597.602051,42.000000,42.000000,1.790000,4.000000,2.000000,0.000000,2.560000,1.000000
1597.607056,24.000000,24.000000,1.840000,4.000000,2.000000,0.000000,2.560000,1.000000
1597.612061,10.000000,10.000000,1.950000,4.000000,4.000000,0.000000,2.670000,1.000000
1597.616943,19.000000,19.000000,1.990000,4.000000,4.000000,0.000000,2.670000,1.000000
1597.621948,27.000000,27.000000,1.990000,2.000000,2.000000,0.000000,2.770000,1.000000
1597.626953,34.000000,34.000000,2.020000,2.000000,2.000000,0.000000,2.770000,1.000000
1597.631958,25.000000,25.000000,2.110000,2.000000,2.000000,0.000000,2.600000,1.000000
1597.636963,13.000000,13.000000,2.150000,2.000000,2.000000,0.000000,2.600000,1.000000
1597.641968,20.000000,20.000000,2.150000,2.000000,2.000000,0.000000,2.610000,1.000000
1597.646973,24.000000,24.000000,2.160000,2.000000,2.000000,0.000000,2.610000,1.000000
1597.651978,23.000000,23.000000,2.190000,2.000000,2.000000,0.000000,2.620000,1.000000
1597.656982,26.000000,26.000000,2.210000,2.000000,2.000000,0.000000,2.620000,1.000000
1597.661987,33.000000,33.000000,2.190000,2.000000,2.000000,0.000000,2.620000,1.000000
1597.666992,35.000000,35.000000,2.190000,2.000000,2.000000,0.000000,2.620000,1.000000
1597.671997,34.000000,34.000000,2.210000,2.000000,0.000000,0.000000,2.630000,1.000000
1597.677002,43.000000,43.000000,2.160000,2.000000,0.000000,0.000000,2.630000,1.000000
1597.682007,49.000000,49.000000,2.110000,2.000000,2.000000,0.000000,2.550000,1.000000
1597.687012,36.000000,36.000000,2.140000,2.000000,2.000000,0.000000,2.550000,1.000000
1597.692017,32.000000,32.000000,2.160000,0.000000,2.000000,0.000000,2.640000,1.000000
1597.697021,51.000000,51.000000,2.060000,0.000000,2.000000,0.000000,2.640000,1.000000
1597.702026,55.000000,55.000000,2.000000,2.000000,2.000000,0.000000,2.560000,1.000000
1597.707031,35.000000,35.000000,2.060000,2.000000,2.000000,0.000000,2.560000,1.000000
1597.712036,25.000000,25.000000,2.120000,2.000000,0.000000,0.000000,2.660000,1.000000
1597.717041,47.000000,47.000000,2.010000,2.000000,0.000000,0.000000,2.660000,1.000000
1597.722046,53.000000,53.000000,1.950000,2.000000,2.000000,0.000000,2.570000,1.000000
1597.727051,32.000000,32.000000,2.010000,2.000000,2.000000,0.000000,2.570000,1.000000
1597.732056,18.000000,18.000000,2.100000,2.000000,2.000000,0.000000,2.670000,1.000000
1597.737061,37.000000,37.000000,2.010000,2.000000,2.000000,0.000000,2.670000,1.000000
1597.741943,43.000000,43.000000,1.960000,2.000000,2.000000,0.000000,2.680000,1.000000
1597.746948,43.000000,43.000000,2.000000,2.000000,2.000000,0.000000,2.680000,1.000000
1597.751953,16.000000,16.000000,2.110000,4.000000,2.000000,0.000000,2.680000,1.000000
1597.756958,16.000000,16.000000,2.140000,4.000000,2.000000,0.000000,2.680000,1.000000
1597.761963,29.000000,29.000000,2.080000,2.000000,2.000000,0.000000,2.790000,1.000000
1597.766968,29.000000,29.000000,2.120000,2.000000,2.000000,0.000000,2.790000,1.000000
1597.771973,15.000000,15.000000,2.220000,2.000000,2.000000,0.000000,2.700000,1.000000
1597.776978,15.000000,15.000000,2.270000,2.000000,2.000000,0.000000,2.700000,1.000000
1597.781982,9.000000,9.000000,2.250000,2.000000,2.000000,0.000000,2.710000,1.000000
1597.786987,16.000000,16.000000,2.280000,2.000000,2.000000,0.000000,2.710000,1.000000
1597.791992,13.000000,13.000000,2.350000,2.000000,0.000000,0.000000,2.720000,1.000000
1597.796997,5.000000,5.000000,2.400000,2.000000,0.000000,0.000000,2.720000,1.000000
1597.802002,4.000000,4.000000,2.400000,0.000000,2.000000,0.000000,2.630000,1.000000
1597.807007,9.000000,9.000000,2.410000,0.000000,2.000000,0.000000,2.630000,1.000000
1597.812012,4.000000,4.000000,2.440000,0.000000,2.000000,0.000000,2.640000,1.000000
1597.817017,1.000000,1.000000,2.480000,0.000000,2.000000,0.000000,2.640000,1.000000
1597.822021,1.000000,1.000000,2.480000,0.000000,2.000000,0.000000,2.640000,1.000000
1597.827026,6.000000,6.000000,2.480000,0.000000,2.000000,0.000000,2.640000,1.000000
1597.832031,9.000000,9.000000,2.480000,0.000000,0.000000,0.000000,2.650000,1.000000
1597.837036,10.000000,10.000000,2.480000,0.000000,0.000000,0.000000,2.650000,1.000000
1597.842041,13.000000,13.000000,2.470000,0.000000,0.000000,0.000000,2.550000,1.000000
1597.847046,16.000000,16.000000,2.460000,0.000000,0.000000,0.000000,2.550000,1.000000
1597.852051,10.000000,10.000000,2.460000,0.000000,0.000000,0.000000,2.550000,1.000000
1597.857056,11.000000,11.000000,2.400000,0.000000,0.000000,0.000000,2.550000,1.000000
1597.862061,16.000000,16.000000,2.380000,0.000000,0.000000,0.000000,2.550000,1.000000
1597.866943,17.000000,17.000000,2.410000,0.000000,0.000000,0.000000,2.550000,1.000000
1597.871948,10.000000,10.000000,2.430000,0.000000,0.000000,0.000000,2.550000,1.000000
1597.876953,7.000000,7.000000,2.400000,0.000000,0.000000,0.000000,2.550000,1.000000
1597.881958,11.000000,11.000000,2.360000,0.000000,0.000000,0.000000,2.550000,1.000000
1597.886963,14.000000,14.000000,2.400000,0.000000,0.000000,0.000000,2.550000,1.000000
1597.891968,6.000000,6.000000,2.440000,0.000000,2.000000,0.000000,2.550000,1.000000
1597.896973,0.000000,0.000000,2.440000,0.000000,2.000000,0.000000,2.550000,1.000000
1597.901978,2.000000,2.000000,2.400000,0.000000,0.000000,0.000000,2.650000,1.000000
1597.906982,7.000000,7.000000,2.420000,0.000000,0.000000,0.000000,2.650000,1.000000
1597.911987,9.000000,9.000000,2.470000,0.000000,0.000000,0.000000,2.560000,1.000000
1597.916992,2.000000,2.000000,2.500000,0.000000,0.000000,0.000000,2.560000,1.000000
1597.921997,-6.000000,-6.000000,2.480000,0.000000,0.000000,0.000000,2.560000,1.000000
1597.927002,-1.000000,-1.000000,2.470000,0.000000,0.000000,0.000000,2.560000,1.000000
1597.932007,-2.000000,-2.000000,2.500000,2.000000,0.000000,0.000000,2.560000,1.000000
1597.937012,-8.000000,-8.000000,2.540000,2.000000,0.000000,0.000000,2.560000,1.000000
1597.942017,-12.000000,-12.000000,2.550000,0.000000,0.000000,0.000000,2.650000,1.000000
1597.947021,-12.000000,-12.000000,2.540000,0.000000,0.000000,0.000000,2.650000,1.000000
1597.952026,-5.000000,-5.000000,2.570000,0.000000,0.000000,0.000000,2.560000,1.000000
1597.957031,-9.000000,-9.000000,2.640000,0.000000,0.000000,0.000000,2.560000,1.000000
1597.962036,-23.000000,-23.000000,2.660000,0.000000,0.000000,0.000000,2.560000,1.000000
1597.967041,-24.000000,-24.000000,2.640000,0.000000,0.000000,0.000000,2.560000,1.000000
1597.972046,-21.000000,-21.000000,2.660000,0.000000,0.000000,0.000000,2.560000,1.000000
1597.977051,-23.000000,-23.000000,2.690000,0.000000,0.000000,0.000000,2.560000,1.000000
1597.982056,-29.000000,-29.000000,2.730000,0.000000,-2.000000,0.000000,2.560000,1.000000
1597.987061,-33.000000,-33.000000,2.740000,0.000000,-2.000000,0.000000,2.560000,1.000000
1597.991943,-35.000000,-35.000000,2.780000,0.000000,0.000000,0.000000,2.470000,1.000000
1597.996948,-40.000000,-40.000000,2.840000,0.000000,0.000000,0.000000,2.470000,1.000000
1598.001953,-53.000000,-53.000000,2.870000,0.000000,-2.000000,0.000000,2.560000,1.000000
1598.006958,-55.000000,-55.000000,2.880000,0.000000,-2.000000,0.000000,2.560000,1.000000
1598.011963,-49.000000,-49.000000,2.940000,0.000000,0.000000,0.000000,2.460000,1.000000
1598.016968,-56.000000,-56.000000,3.060000,0.000000,0.000000,0.000000,2.460000,1.000000
1598.021973,-73.000000,-73.000000,3.060000,-2.000000,-2.000000,0.000000,2.550000,1.000000
1598.026978,-70.000000,-70.000000,3.080000,-2.000000,-2.000000,0.000000,2.550000,1.000000
1598.031982,-64.000000,-64.000000,3.130000,-2.000000,-2.000000,0.000000,2.360000,1.000000
1598.036987,-66.000000,-66.000000,3.300000,-2.000000,-2.000000,0.000000,2.360000,1.000000
1598.041992,-92.000000,-92.000000,3.280000,-2.000000,-4.000000,0.000000,2.360000,1.000000
1598.046997,-82.000000,-82.000000,3.250000,-2.000000,-4.000000,0.000000,2.360000,1.000000
1598.052002,-69.000000,-69.000000,3.220000,-2.000000,-2.000000,0.000000,2.250000,1.000000
1598.057007,-59.000000,-59.000000,3.360000,-2.000000,-2.000000,0.000000,2.250000,1.000000
1598.062012,-75.000000,-75.000000,3.340000,-4.000000,-4.000000,0.000000,2.340000,1.000000
1598.067017,-66.000000,-66.000000,3.250000,-4.000000,-4.000000,0.000000,2.340000,1.000000
1598.072021,-39.000000,-39.000000,3.140000,-2.000000,-2.000000,0.000000,2.140000,1.000000
1598.077026,-23.000000,-23.000000,3.180000,-2.000000,-2.000000,0.000000,2.140000,1.000000
1598.082031,-45.000000,-45.000000,3.210000,-4.000000,-4.000000,0.000000,2.310000,1.000000
1598.087036,-49.000000,-49.000000,3.140000,-4.000000,-4.000000,0.000000,2.310000,1.000000
1598.092041,-28.000000,-28.000000,3.030000,-4.000000,-4.000000,0.000000,2.110000,1.000000
1598.097046,-14.000000,-14.000000,2.970000,-4.000000,-4.000000,0.000000,2.110000,1.000000
1598.102051,-26.000000,-26.000000,2.950000,-4.000000,-4.000000,0.000000,2.100000,1.000000
1598.107056,-27.000000,-27.000000,2.860000,-4.000000,-4.000000,0.000000,2.100000,1.000000
1598.112061,-20.000000,-20.000000,2.760000,-2.000000,-4.000000,0.000000,2.080000,1.000000
1598.116943,-10.000000,-10.000000,2.670000,-2.000000,-4.000000,0.000000,2.080000,1.000000
1598.121948,-8.000000,-8.000000,2.630000,-2.000000,-2.000000,0.000000,2.160000,1.000000
1598.126953,-9.000000,-9.000000,2.600000,-2.000000,-2.000000,0.000000,2.160000,1.000000
1598.131958,-6.000000,-6.000000,2.550000,-4.000000,-2.000000,0.000000,2.240000,1.000000
1598.136963,-6.000000,-6.000000,2.510000,-4.000000,-2.000000,0.000000,2.240000,1.000000
1598.141968,0.000000,0.000000,2.470000,-2.000000,-2.000000,0.000000,2.140000,1.000000
1598.146973,-2.000000,-2.000000,2.460000,-2.000000,-2.000000,0.000000,2.140000,1.000000
1598.151978,-13.000000,-13.000000,2.440000,0.000000,-2.000000,0.000000,2.220000,1.000000
1598.156982,-16.000000,-16.000000,2.420000,0.000000,-2.000000,0.000000,2.220000,1.000000
1598.161987,-13.000000,-13.000000,2.420000,0.000000,-2.000000,0.000000,2.310000,1.000000
1598.166992,-17.000000,-17.000000,2.440000,0.000000,-2.000000,0.000000,2.310000,1.000000
1598.171997,-17.000000,-17.000000,2.460000,-2.000000,0.000000,0.000000,2.310000,1.000000
1598.177002,-22.000000,-22.000000,2.530000,-2.000000,0.000000,0.000000,2.310000,1.000000
1598.182007,-32.000000,-32.000000,2.580000,0.000000,-2.000000,0.000000,2.300000,1.000000
1598.187012,-34.000000,-34.000000,2.560000,0.000000,-2.000000,0.000000,2.300000,1.000000
1598.192017,-29.000000,-29.000000,2.560000,0.000000,-2.000000,0.000000,2.300000,1.000000
1598.197021,-28.000000,-28.000000,2.650000,0.000000,-2.000000,0.000000,2.300000,1.000000
1598.202026,-40.000000,-40.000000,2.720000,-2.000000,-2.000000,0.000000,2.300000,1.000000
1598.207031,-44.000000,-44.000000,2.660000,-2.000000,-2.000000,0.000000,2.300000,1.000000
1598.212036,-32.000000,-32.000000,2.640000,0.000000,-2.000000,0.000000,2.200000,1.000000
1598.217041,-25.000000,-25.000000,2.690000,0.000000,-2.000000,0.000000,2.200000,1.000000
1598.222046,-41.000000,-41.000000,2.780000,-2.000000,-2.000000,0.000000,2.280000,1.000000
1598.227051,-50.000000,-50.000000,2.750000,-2.000000,-2.000000,0.000000,2.280000,1.000000
1598.232056,-33.000000,-33.000000,2.670000,-2.000000,0.000000,0.000000,2.180000,1.000000
1598.237061,-18.000000,-18.000000,2.700000,-2.000000,0.000000,0.000000,2.180000,1.000000
1598.241943,-28.000000,-28.000000,2.750000,-2.000000,-2.000000,0.000000,2.270000,1.000000
1598.246948,-34.000000,-34.000000,2.710000,-2.000000,-2.000000,0.000000,2.270000,1.000000
1598.251953,-18.000000,-18.000000,2.630000,0.000000,-2.000000,0.000000,2.170000,1.000000
1598.256958,-3.000000,-3.000000,2.590000,0.000000,-2.000000,0.000000,2.170000,1.000000
1598.261963,-8.000000,-8.000000,2.620000,-2.000000,-2.000000,0.000000,2.260000,1.000000
1598.266968,-13.000000,-13.000000,2.610000,-2.000000,-2.000000,0.000000,2.260000,1.000000
1598.271973,-5.000000,-5.000000,2.530000,0.000000,0.000000,0.000000,2.160000,1.000000
1598.276978,7.000000,7.000000,2.460000,0.000000,0.000000,0.000000,2.160000,1.000000
1598.281982,5.000000,5.000000,2.430000,-2.000000,-2.000000,0.000000,2.340000,1.000000
1598.286987,3.000000,3.000000,2.430000,-2.000000,-2.000000,0.000000,2.340000,1.000000
1598.291992,11.000000,11.000000,2.410000,0.000000,-2.000000,0.000000,2.150000,1.000000
1598.296997,13.000000,13.000000,2.330000,0.000000,-2.000000,0.000000,2.150000,1.000000
1598.302002,5.000000,5.000000,2.280000,0.000000,0.000000,0.000000,2.240000,1.000000
1598.307007,6.000000,6.000000,2.300000,0.000000,0.000000,0.000000,2.240000,1.000000
1598.312012,3.000000,3.000000,2.330000,0.000000,0.000000,0.000000,2.330000,1.000000
1598.317017,-3.000000,-3.000000,2.310000,0.000000,0.000000,0.000000,2.330000,1.000000
1598.322021,5.000000,5.000000,2.300000,0.000000,0.000000,0.000000,2.330000,1.000000
1598.327026,6.000000,6.000000,2.320000,0.000000,0.000000,0.000000,2.330000,1.000000
1598.332031,3.000000,3.000000,2.340000,0.000000,0.000000,0.000000,2.330000,1.000000
1598.337036,1.000000,1.000000,2.340000,0.000000,0.000000,0.000000,2.330000,1.000000
1598.342041,3.000000,3.000000,2.330000,0.000000,0.000000,0.000000,2.330000,1.000000
1598.347046,6.000000,6.000000,2.320000,0.000000,0.000000,0.000000,2.330000,1.000000
1598.352051,8.000000,8.000000,2.320000,0.000000,0.000000,0.000000,2.330000,1.000000
1598.357056,9.000000,9.000000,2.320000,0.000000,0.000000,0.000000,2.330000,1.000000
1598.362061,10.000000,10.000000,2.300000,0.000000,0.000000,0.000000,2.330000,1.000000
1598.366943,14.000000,14.000000,2.280000,0.000000,0.000000,0.000000,2.330000,1.000000
1598.371948,17.000000,17.000000,2.260000,0.000000,0.000000,0.000000,2.330000,1.000000
1598.376953,19.000000,19.000000,2.230000,0.000000,0.000000,0.000000,2.330000,1.000000
1598.381958,22.000000,22.000000,2.220000,0.000000,0.000000,0.000000,2.330000,1.000000
1598.386963,24.000000,24.000000,2.200000,0.000000,0.000000,0.000000,2.330000,1.000000
1598.391968,27.000000,27.000000,2.160000,0.000000,0.000000,0.000000,2.330000,1.000000
1598.396973,32.000000,32.000000,2.100000,0.000000,0.000000,0.000000,2.330000,1.000000
1598.401978,37.000000,37.000000,2.090000,0.000000,0.000000,0.000000,2.330000,1.000000
1598.406982,37.000000,37.000000,2.080000,0.000000,0.000000,0.000000,2.330000,1.000000
1598.411987,40.000000,40.000000,2.020000,2.000000,0.000000,0.000000,2.330000,1.000000
1598.416992,46.000000,46.000000,1.980000,2.000000,0.000000,0.000000,2.330000,1.000000
1598.421997,51.000000,51.000000,1.970000,2.000000,0.000000,0.000000,2.430000,1.000000
1598.427002,50.000000,50.000000,1.970000,2.000000,0.000000,0.000000,2.430000,1.000000
1598.432007,58.000000,58.000000,1.890000,0.000000,0.000000,0.000000,2.430000,1.000000
1598.437012,66.000000,66.000000,1.760000,0.000000,0.000000,0.000000,2.430000,1.000000
1598.442017,76.000000,76.000000,1.760000,2.000000,2.000000,0.000000,2.340000,1.000000
1598.447021,69.000000,69.000000,1.780000,2.000000,2.000000,0.000000,2.340000,1.000000
1598.452026,55.000000,55.000000,1.750000,0.000000,2.000000,0.000000,2.530000,1.000000
1598.457031,56.000000,56.000000,1.630000,0.000000,2.000000,0.000000,2.530000,1.000000
1598.462036,80.000000,80.000000,1.600000,2.000000,2.000000,0.000000,2.440000,1.000000
1598.467041,80.000000,80.000000,1.600000,2.000000,2.000000,0.000000,2.440000,1.000000
1598.472046,66.000000,66.000000,1.630000,2.000000,2.000000,0.000000,2.540000,1.000000
1598.477051,56.000000,56.000000,1.490000,2.000000,2.000000,0.000000,2.540000,1.000000
1598.482056,70.000000,70.000000,1.510000,2.000000,4.000000,0.000000,2.550000,1.000000
1598.487061,62.000000,62.000000,1.630000,2.000000,4.000000,0.000000,2.550000,1.000000
1598.491943,38.000000,38.000000,1.750000,4.000000,2.000000,0.000000,2.650000,1.000000
1598.496948,22.000000,22.000000,1.700000,4.000000,2.000000,0.000000,2.650000,1.000000
1598.501953,41.000000,41.000000,1.670000,2.000000,2.000000,0.000000,2.660000,1.000000
1598.506958,45.000000,45.000000,1.780000,2.000000,2.000000,0.000000,2.660000,1.000000
1598.511963,29.000000,29.000000,1.930000,4.000000,2.000000,0.000000,2.580000,1.000000
1598.516968,12.000000,12.000000,1.980000,4.000000,2.000000,0.000000,2.580000,1.000000
1598.521973,9.000000,9.000000,1.950000,4.000000,2.000000,0.000000,2.680000,1.000000
1598.526978,19.000000,19.000000,2.020000,4.000000,2.000000,0.000000,2.680000,1.000000
1598.531982,18.000000,18.000000,2.140000,2.000000,2.000000,0.000000,2.700000,1.000000
1598.536987,3.000000,3.000000,2.250000,2.000000,2.000000,0.000000,2.700000,1.000000
1598.541992,-1.000000,-1.000000,2.250000,4.000000,2.000000,0.000000,2.610000,1.000000
1598.546997,9.000000,9.000000,2.230000,4.000000,2.000000,0.000000,2.610000,1.000000
1598.552002,11.000000,11.000000,2.290000,2.000000,0.000000,0.000000,2.720000,1.000000
1598.557007,5.000000,5.000000,2.380000,2.000000,0.000000,0.000000,2.720000,1.000000
1598.562012,6.000000,6.000000,2.400000,2.000000,2.000000,0.000000,2.540000,1.000000
1598.567017,11.000000,11.000000,2.390000,2.000000,2.000000,0.000000,2.540000,1.000000
1598.572021,4.000000,4.000000,2.390000,2.000000,2.000000,0.000000,2.640000,1.000000
1598.577026,8.000000,8.000000,2.380000,2.000000,2.000000,0.000000,2.640000,1.000000
1598.582031,18.000000,18.000000,2.390000,2.000000,0.000000,0.000000,2.640000,1.000000
1598.587036,19.000000,19.000000,2.400000,2.000000,0.000000,0.000000,2.640000,1.000000
1598.592041,19.000000,19.000000,2.390000,0.000000,0.000000,0.000000,2.560000,1.000000
1598.597046,23.000000,23.000000,2.330000,0.000000,0.000000,0.000000,2.560000,1.000000
1598.602051,25.000000,25.000000,2.300000,0.000000,0.000000,0.000000,2.470000,1.000000
1598.607056,28.000000,28.000000,2.320000,0.000000,0.000000,0.000000,2.470000,1.000000
1598.612061,17.000000,17.000000,2.330000,0.000000,0.000000,0.000000,2.470000,1.000000
1598.616943,15.000000,15.000000,2.260000,0.000000,0.000000,0.000000,2.470000,1.000000
1598.621948,24.000000,24.000000,2.190000,0.000000,2.000000,0.000000,2.470000,1.000000
1598.626953,29.000000,29.000000,2.240000,0.000000,2.000000,0.000000,2.470000,1.000000
1598.631958,17.000000,17.000000,2.290000,2.000000,0.000000,0.000000,2.560000,1.000000
1598.636963,9.000000,9.000000,2.240000,2.000000,0.000000,0.000000,2.560000,1.000000
1598.641968,25.000000,25.000000,2.160000,0.000000,2.000000,0.000000,2.570000,1.000000
1598.646973,33.000000,33.000000,2.210000,0.000000,2.000000,0.000000,2.570000,1.000000
1598.651978,22.000000,22.000000,2.280000,0.000000,0.000000,0.000000,2.570000,1.000000
1598.656982,11.000000,11.000000,2.240000,0.000000,0.000000,0.000000,2.570000,1.000000
1598.661987,19.000000,19.000000,2.160000,2.000000,0.000000,0.000000,2.480000,1.000000
1598.666992,28.000000,28.000000,2.190000,2.000000,0.000000,0.000000,2.480000,1.000000
1598.671997,11.000000,11.000000,2.290000,0.000000,0.000000,0.000000,2.570000,1.000000
1598.677002,-5.000000,-5.000000,2.300000,0.000000,0.000000,0.000000,2.570000,1.000000
1598.682007,5.000000,5.000000,2.240000,0.000000,0.000000,0.000000,2.480000,1.000000
1598.687012,14.000000,14.000000,2.260000,0.000000,0.000000,0.000000,2.480000,1.000000
1598.692017,2.000000,2.000000,2.360000,0.000000,2.000000,0.000000,2.480000,1.000000
1598.697021,-12.000000,-12.000000,2.410000,0.000000,2.000000,0.000000,2.480000,1.000000
1598.702026,-14.000000,-14.000000,2.380000,2.000000,0.000000,0.000000,2.580000,1.000000
1598.707031,-5.000000,-5.000000,2.360000,2.000000,0.000000,0.000000,2.580000,1.000000
1598.712036,5.000000,5.000000,2.420000,0.000000,0.000000,0.000000,2.580000,1.000000
1598.717041,-2.000000,-2.000000,2.490000,0.000000,0.000000,0.000000,2.580000,1.000000
1598.722046,-8.000000,-8.000000,2.490000,0.000000,0.000000,0.000000,2.490000,1.000000
1598.727051,-3.000000,-3.000000,2.430000,0.000000,0.000000,0.000000,2.490000,1.000000
1598.732056,0.000000,0.000000,2.440000,0.000000,0.000000,0.000000,2.490000,1.000000
1598.737061,-3.000000,-3.000000,2.490000,0.000000,0.000000,0.000000,2.490000,1.000000
1598.741943,-13.000000,-13.000000,2.520000,0.000000,0.000000,0.000000,2.490000,1.000000
1598.746948,-15.000000,-15.000000,2.510000,0.000000,0.000000,0.000000,2.490000,1.000000
1598.751953,-11.000000,-11.000000,2.500000,0.000000,0.000000,0.000000,2.490000,1.000000
1598.756958,-12.000000,-12.000000,2.550000,0.000000,0.000000,0.000000,2.490000,1.000000
1598.761963,-19.000000,-19.000000,2.590000,0.000000,0.000000,0.000000,2.490000,1.000000
1598.766968,-22.000000,-22.000000,2.580000,0.000000,0.000000,0.000000,2.490000,1.000000
1598.771973,-20.000000,-20.000000,2.600000,0.000000,0.000000,0.000000,2.490000,1.000000
1598.776978,-21.000000,-21.000000,2.630000,0.000000,0.000000,0.000000,2.490000,1.000000
1598.781982,-26.000000,-26.000000,2.650000,0.000000,0.000000,0.000000,2.490000,1.000000
1598.786987,-29.000000,-29.000000,2.670000,0.000000,0.000000,0.000000,2.490000,1.000000
1598.791992,-32.000000,-32.000000,2.710000,0.000000,0.000000,0.000000,2.490000,1.000000
1598.796997,-36.000000,-36.000000,2.760000,0.000000,0.000000,0.000000,2.490000,1.000000
1598.802002,-40.000000,-40.000000,2.770000,0.000000,0.000000,0.000000,2.490000,1.000000
1598.807007,-39.000000,-39.000000,2.780000,0.000000,0.000000,0.000000,2.490000,1.000000
1598.812012,-41.000000,-41.000000,2.840000,0.000000,0.000000,0.000000,2.490000,1.000000
1598.817017,-47.000000,-47.000000,2.930000,0.000000,0.000000,0.000000,2.490000,1.000000
1598.822021,-56.000000,-56.000000,2.940000,-2.000000,-2.000000,0.000000,2.490000,1.000000
1598.827026,-55.000000,-55.000000,2.960000,-2.000000,-2.000000,0.000000,2.490000,1.000000
1598.832031,-55.000000,-55.000000,3.020000,-2.000000,-2.000000,0.000000,2.300000,1.000000
1598.837036,-58.000000,-58.000000,3.080000,-2.000000,-2.000000,0.000000,2.300000,1.000000
1598.842041,-78.000000,-78.000000,3.080000,-2.000000,-2.000000,0.000000,2.290000,1.000000
1598.847046,-70.000000,-70.000000,3.040000,-2.000000,-2.000000,0.000000,2.290000,1.000000
1598.852051,-60.000000,-60.000000,3.050000,-2.000000,0.000000,0.000000,2.280000,1.000000
1598.857056,-55.000000,-55.000000,3.120000,-2.000000,0.000000,0.000000,2.280000,1.000000
1598.862061,-58.000000,-58.000000,3.120000,-4.000000,-2.000000,0.000000,2.370000,1.000000
1598.866943,-50.000000,-50.000000,3.010000,-4.000000,-2.000000,0.000000,2.370000,1.000000
1598.871948,-23.000000,-23.000000,2.930000,-2.000000,-2.000000,0.000000,2.180000,1.000000
1598.876953,-12.000000,-12.000000,2.930000,-2.000000,-2.000000,0.000000,2.180000,1.000000
1598.881958,-32.000000,-32.000000,2.960000,-2.000000,-2.000000,0.000000,2.260000,1.000000
1598.886963,-37.000000,-37.000000,2.890000,-2.000000,-2.000000,0.000000,2.260000,1.000000
1598.891968,-20.000000,-20.000000,2.800000,-2.000000,-4.000000,0.000000,2.250000,1.000000
1598.896973,-7.000000,-7.000000,2.760000,-2.000000,-4.000000,0.000000,2.250000,1.000000
1598.901978,-8.000000,-8.000000,2.750000,-2.000000,-2.000000,0.000000,2.150000,1.000000
1598.906982,-12.000000,-12.000000,2.710000,-2.000000,-2.000000,0.000000,2.150000,1.000000
1598.911987,-18.000000,-18.000000,2.640000,0.000000,-2.000000,0.000000,2.230000,1.000000
1598.916992,-10.000000,-10.000000,2.550000,0.000000,-2.000000,0.000000,2.230000,1.000000
1598.921997,2.000000,2.000000,2.520000,-2.000000,0.000000,0.000000,2.320000,1.000000
1598.927002,-2.000000,-2.000000,2.520000,-2.000000,0.000000,0.000000,2.320000,1.000000
1598.932007,-1.000000,-1.000000,2.490000,0.000000,-2.000000,0.000000,2.320000,1.000000
1598.937012,-2.000000,-2.000000,2.460000,0.000000,-2.000000,0.000000,2.320000,1.000000
1598.942017,-2.000000,-2.000000,2.440000,0.000000,-2.000000,0.000000,2.310000,1.000000
1598.947021,-6.000000,-6.000000,2.450000,0.000000,-2.000000,0.000000,2.310000,1.000000
1598.952026,-12.000000,-12.000000,2.470000,0.000000,0.000000,0.000000,2.310000,1.000000
1598.957031,-18.000000,-18.000000,2.490000,0.000000,0.000000,0.000000,2.310000,1.000000
1598.962036,-24.000000,-24.000000,2.520000,0.000000,0.000000,0.000000,2.400000,1.000000
1598.967041,-27.000000,-27.000000,2.520000,0.000000,0.000000,0.000000,2.400000,1.000000
1598.972046,-21.000000,-21.000000,2.550000,0.000000,0.000000,0.000000,2.400000,1.000000
1598.977051,-26.000000,-26.000000,2.650000,0.000000,0.000000,0.000000,2.400000,1.000000
1598.982056,-36.000000,-36.000000,2.710000,0.000000,0.000000,0.000000,2.400000,1.000000
1598.987061,-37.000000,-37.000000,2.670000,0.000000,0.000000,0.000000,2.400000,1.000000
1598.991943,-26.000000,-26.000000,2.640000,-2.000000,-2.000000,0.000000,2.400000,1.000000
1598.996948,-20.000000,-20.000000,2.750000,-2.000000,-2.000000,0.000000,2.400000,1.000000
1599.001953,-32.000000,-32.000000,2.810000,0.000000,-2.000000,0.000000,2.210000,1.000000
1599.006958,-36.000000,-36.000000,2.760000,0.000000,-2.000000,0.000000,2.210000,1.000000
1599.011963,-35.000000,-35.000000,2.680000,0.000000,0.000000,0.000000,2.300000,1.000000
1599.016968,-21.000000,-21.000000,2.700000,0.000000,0.000000,0.000000,2.300000,1.000000
1599.021973,-20.000000,-20.000000,2.750000,0.000000,-2.000000,0.000000,2.390000,1.000000
1599.026978,-27.000000,-27.000000,2.720000,0.000000,-2.000000,0.000000,2.390000,1.000000
1599.031982,-13.000000,-13.000000,2.640000,-2.000000,-2.000000,0.000000,2.290000,1.000000
1599.036987,1.000000,1.000000,2.620000,-2.000000,-2.000000,0.000000,2.290000,1.000000
1599.041992,-5.000000,-5.000000,2.630000,-2.000000,0.000000,0.000000,2.190000,1.000000
1599.046997,-10.000000,-10.000000,2.640000,-2.000000,0.000000,0.000000,2.190000,1.000000
1599.052002,-17.000000,-17.000000,2.570000,-2.000000,0.000000,0.000000,2.280000,1.000000
1599.057007,-7.000000,-7.000000,2.490000,-2.000000,0.000000,0.000000,2.280000,1.000000
1599.062012,7.000000,7.000000,2.470000,0.000000,0.000000,0.000000,2.280000,1.000000
1599.067017,5.000000,5.000000,2.470000,0.000000,0.000000,0.000000,2.280000,1.000000
1599.072021,2.000000,2.000000,2.430000,0.000000,-2.000000,0.000000,2.370000,1.000000
1599.077026,5.000000,5.000000,2.380000,0.000000,-2.000000,0.000000,2.370000,1.000000
1599.082031,15.000000,15.000000,2.340000,0.000000,0.000000,0.000000,2.270000,1.000000
1599.087036,13.000000,13.000000,2.380000,0.000000,0.000000,0.000000,2.270000,1.000000
1599.092041,-3.000000,-3.000000,2.400000,0.000000,0.000000,0.000000,2.360000,1.000000
1599.097046,-6.000000,-6.000000,2.390000,0.000000,0.000000,0.000000,2.360000,1.000000
1599.102051,4.000000,4.000000,2.370000,2.000000,0.000000,0.000000,2.360000,1.000000
1599.107056,7.000000,7.000000,2.370000,2.000000,0.000000,0.000000,2.360000,1.000000
1599.112061,8.000000,8.000000,2.360000,0.000000,0.000000,0.000000,2.460000,1.000000
1599.116943,8.000000,8.000000,2.360000,0.000000,0.000000,0.000000,2.460000,1.000000
1599.121948,16.000000,16.000000,2.360000,0.000000,0.000000,0.000000,2.370000,1.000000
1599.126953,17.000000,17.000000,2.340000,0.000000,0.000000,0.000000,2.370000,1.000000
1599.131958,14.000000,14.000000,2.320000,0.000000,0.000000,0.000000,2.370000,1.000000
1599.136963,17.000000,17.000000,2.290000,0.000000,0.000000,0.000000,2.370000,1.000000
1599.141968,19.000000,19.000000,2.280000,0.000000,0.000000,0.000000,2.370000,1.000000
1599.146973,19.000000,19.000000,2.280000,0.000000,0.000000,0.000000,2.370000,1.000000
1599.151978,21.000000,21.000000,2.240000,2.000000,0.000000,0.000000,2.370000,1.000000
1599.156982,25.000000,25.000000,2.190000,2.000000,0.000000,0.000000,2.370000,1.000000
1599.161987,30.000000,30.000000,2.170000,0.000000,2.000000,0.000000,2.460000,1.000000
1599.166992,31.000000,31.000000,2.160000,0.000000,2.000000,0.000000,2.460000,1.000000
1599.171997,39.000000,39.000000,2.110000,0.000000,0.000000,0.000000,2.470000,1.000000
1599.177002,45.000000,45.000000,2.090000,0.000000,0.000000,0.000000,2.470000,1.000000
1599.182007,48.000000,48.000000,2.070000,2.000000,0.000000,0.000000,2.370000,1.000000
1599.187012,48.000000,48.000000,2.070000,2.000000,0.000000,0.000000,2.370000,1.000000
1599.192017,42.000000,42.000000,2.010000,0.000000,2.000000,0.000000,2.470000,1.000000
1599.197021,49.000000,49.000000,1.940000,0.000000,2.000000,0.000000,2.470000,1.000000
1599.202026,62.000000,62.000000,1.950000,0.000000,2.000000,0.000000,2.470000,1.000000
1599.207031,59.000000,59.000000,1.910000,0.000000,2.000000,0.000000,2.470000,1.000000
1599.212036,62.000000,62.000000,1.850000,0.000000,2.000000,0.000000,2.480000,1.000000
1599.217041,66.000000,66.000000,1.720000,0.000000,2.000000,0.000000,2.480000,1.000000
1599.222046,72.000000,72.000000,1.760000,2.000000,2.000000,0.000000,2.480000,1.000000
1599.227051,58.000000,58.000000,1.830000,2.000000,2.000000,0.000000,2.480000,1.000000
1599.232056,46.000000,46.000000,1.820000,2.000000,2.000000,0.000000,2.580000,1.000000
1599.237061,47.000000,47.000000,1.690000,2.000000,2.000000,0.000000,2.580000,1.000000
1599.241943,69.000000,69.000000,1.640000,2.000000,2.000000,0.000000,2.590000,1.000000
1599.246948,67.000000,67.000000,1.730000,2.000000,2.000000,0.000000,2.590000,1.000000
1599.251953,47.000000,47.000000,1.850000,2.000000,2.000000,0.000000,2.600000,1.000000
1599.256958,30.000000,30.000000,1.730000,2.000000,2.000000,0.000000,2.600000,1.000000
1599.261963,46.000000,46.000000,1.670000,4.000000,2.000000,0.000000,2.600000,1.000000
1599.266968,52.000000,52.000000,1.750000,4.000000,2.000000,0.000000,2.600000,1.000000
1599.271973,32.000000,32.000000,1.890000,2.000000,2.000000,0.000000,2.710000,1.000000
1599.276978,11.000000,11.000000,1.990000,2.000000,2.000000,0.000000,2.710000,1.000000
1599.281982,17.000000,17.000000,1.950000,4.000000,2.000000,0.000000,2.620000,1.000000
1599.286987,30.000000,30.000000,1.970000,4.000000,2.000000,0.000000,2.620000,1.000000
1599.291992,22.000000,22.000000,2.100000,2.000000,2.000000,0.000000,2.730000,1.000000
1599.296997,4.000000,4.000000,2.200000,2.000000,2.000000,0.000000,2.730000,1.000000
1599.302002,3.000000,3.000000,2.200000,2.000000,4.000000,0.000000,2.640000,1.000000
1599.307007,10.000000,10.000000,2.230000,2.000000,4.000000,0.000000,2.640000,1.000000
1599.312012,4.000000,4.000000,2.300000,2.000000,2.000000,0.000000,2.750000,1.000000
1599.317017,-5.000000,-5.000000,2.410000,2.000000,2.000000,0.000000,2.750000,1.000000
1599.322021,-3.000000,-3.000000,2.440000,2.000000,2.000000,0.000000,2.660000,1.000000
1599.327026,1.000000,1.000000,2.430000,2.000000,2.000000,0.000000,2.660000,1.000000
1599.332031,2.000000,2.000000,2.450000,2.000000,2.000000,0.000000,2.670000,1.000000
1599.337036,2.000000,2.000000,2.500000,2.000000,2.000000,0.000000,2.670000,1.000000
1599.342041,1.000000,1.000000,2.520000,0.000000,0.000000,0.000000,2.680000,1.000000
1599.347046,3.000000,3.000000,2.510000,0.000000,0.000000,0.000000,2.680000,1.000000
1599.352051,10.000000,10.000000,2.510000,0.000000,0.000000,0.000000,2.500000,1.000000
1599.357056,14.000000,14.000000,2.510000,0.000000,0.000000,0.000000,2.500000,1.000000
1599.362061,2.000000,2.000000,2.510000,0.000000,0.000000,0.000000,2.500000,1.000000
1599.366943,4.000000,4.000000,2.490000,0.000000,0.000000,0.000000,2.500000,1.000000
1599.371948,8.000000,8.000000,2.440000,0.000000,0.000000,0.000000,2.500000,1.000000
1599.376953,13.000000,13.000000,2.420000,0.000000,0.000000,0.000000,2.500000,1.000000
1599.381958,13.000000,13.000000,2.410000,0.000000,0.000000,0.000000,2.500000,1.000000
1599.386963,12.000000,12.000000,2.410000,0.000000,0.000000,0.000000,2.500000,1.000000
1599.391968,11.000000,11.000000,2.390000,0.000000,0.000000,0.000000,2.500000,1.000000
1599.396973,13.000000,13.000000,2.370000,0.000000,0.000000,0.000000,2.500000,1.000000
1599.401978,14.000000,14.000000,2.370000,0.000000,0.000000,0.000000,2.500000,1.000000
1599.406982,11.000000,11.000000,2.400000,0.000000,0.000000,0.000000,2.500000,1.000000
1599.411987,6.000000,6.000000,2.390000,0.000000,0.000000,0.000000,2.500000,1.000000
1599.416992,8.000000,8.000000,2.360000,0.000000,0.000000,0.000000,2.500000,1.000000
1599.421997,12.000000,12.000000,2.350000,0.000000,0.000000,0.000000,2.500000,1.000000
1599.427002,10.000000,10.000000,2.380000,0.000000,0.000000,0.000000,2.500000,1.000000
1599.432007,4.000000,4.000000,2.400000,0.000000,0.000000,0.000000,2.500000,1.000000
1599.437012,3.000000,3.000000,2.380000,0.000000,0.000000,0.000000,2.500000,1.000000
1599.442017,7.000000,7.000000,2.360000,0.000000,0.000000,0.000000,2.500000,1.000000
1599.447021,7.000000,7.000000,2.400000,0.000000,0.000000,0.000000,2.500000,1.000000
1599.452026,1.000000,1.000000,2.410000,0.000000,0.000000,0.000000,2.500000,1.000000
1599.457031,-1.000000,-1.000000,2.410000,0.000000,0.000000,0.000000,2.500000,1.000000
1599.462036,1.000000,1.000000,2.400000,0.000000,0.000000,0.000000,2.500000,1.000000
1599.467041,2.000000,2.000000,2.420000,0.000000,0.000000,0.000000,2.500000,1.000000
1599.472046,-2.000000,-2.000000,2.440000,0.000000,0.000000,0.000000,2.500000,1.000000
1599.477051,-6.000000,-6.000000,2.450000,0.000000,0.000000,0.000000,2.500000,1.000000
1599.482056,-5.000000,-5.000000,2.450000,0.000000,0.000000,0.000000,2.500000,1.000000
1599.487061,-5.000000,-5.000000,2.460000,0.000000,0.000000,0.000000,2.500000,1.000000
1599.491943,-8.000000,-8.000000,2.490000,0.000000,0.000000,0.000000,2.500000,1.000000
1599.496948,-12.000000,-12.000000,2.500000,0.000000,0.000000,0.000000,2.500000,1.000000
1599.501953,-13.000000,-13.000000,2.510000,0.000000,0.000000,0.000000,2.500000,1.000000
1599.506958,-13.000000,-13.000000,2.520000,0.000000,0.000000,0.000000,2.500000,1.000000
1599.511963,-14.000000,-14.000000,2.540000,0.000000,0.000000,0.000000,2.500000,1.000000
1599.516968,-18.000000,-18.000000,2.580000,0.000000,0.000000,0.000000,2.500000,1.000000
1599.521973,-22.000000,-22.000000,2.590000,0.000000,0.000000,0.000000,2.500000,1.000000
1599.526978,-22.000000,-22.000000,2.580000,0.000000,0.000000,0.000000,2.500000,1.000000
1599.531982,-21.000000,-21.000000,2.610000,0.000000,0.000000,0.000000,2.500000,1.000000
1599.536987,-25.000000,-25.000000,2.650000,0.000000,0.000000,0.000000,2.500000,1.000000
1599.541992,-30.000000,-30.000000,2.680000,0.000000,-2.000000,0.000000,2.500000,1.000000
1599.546997,-33.000000,-33.000000,2.690000,0.000000,-2.000000,0.000000,2.500000,1.000000
1599.552002,-35.000000,-35.000000,2.730000,0.000000,0.000000,0.000000,2.400000,1.000000
1599.557007,-39.000000,-39.000000,2.800000,0.000000,0.000000,0.000000,2.400000,1.000000
1599.562012,-53.000000,-53.000000,2.810000,-2.000000,0.000000,0.000000,2.490000,1.000000
1599.567017,-52.000000,-52.000000,2.810000,-2.000000,0.000000,0.000000,2.490000,1.000000
1599.572021,-46.000000,-46.000000,2.880000,0.000000,-2.000000,0.000000,2.400000,1.000000
1599.577026,-54.000000,-54.000000,2.990000,0.000000,-2.000000,0.000000,2.400000,1.000000
1599.582031,-71.000000,-71.000000,2.990000,-2.000000,-2.000000,0.000000,2.400000,1.000000
1599.587036,-68.000000,-68.000000,3.020000,-2.000000,-2.000000,0.000000,2.400000,1.000000
1599.592041,-71.000000,-71.000000,3.080000,-2.000000,-2.000000,0.000000,2.300000,1.000000
1599.597046,-75.000000,-75.000000,3.220000,-2.000000,-2.000000,0.000000,2.300000,1.000000
1599.602051,-92.000000,-92.000000,3.220000,-2.000000,-2.000000,0.000000,2.290000,1.000000
1599.607056,-87.000000,-87.000000,3.200000,-2.000000,-2.000000,0.000000,2.290000,1.000000
1599.612061,-81.000000,-81.000000,3.200000,-2.000000,-2.000000,0.000000,2.280000,1.000000
1599.616943,-72.000000,-72.000000,3.320000,-2.000000,-2.000000,0.000000,2.280000,1.000000
1599.621948,-75.000000,-75.000000,3.280000,-2.000000,-4.000000,0.000000,2.270000,1.000000
1599.626953,-61.000000,-61.000000,3.160000,-2.000000,-4.000000,0.000000,2.270000,1.000000
1599.631958,-36.000000,-36.000000,3.080000,-2.000000,-2.000000,0.000000,2.170000,1.000000
1599.636963,-24.000000,-24.000000,3.060000,-2.000000,-2.000000,0.000000,2.170000,1.000000
1599.641968,-34.000000,-34.000000,3.080000,-2.000000,-4.000000,0.000000,2.250000,1.000000
1599.646973,-36.000000,-36.000000,2.980000,-2.000000,-4.000000,0.000000,2.250000,1.000000
1599.651978,-15.000000,-15.000000,2.850000,-2.000000,-2.000000,0.000000,2.150000,1.000000
1599.656982,0.000000,0.000000,2.770000,-2.000000,-2.000000,0.000000,2.150000,1.000000
1599.661987,-6.000000,-6.000000,2.780000,-2.000000,-4.000000,0.000000,2.230000,1.000000
1599.666992,-12.000000,-12.000000,2.750000,-2.000000,-4.000000,0.000000,2.230000,1.000000
1599.671997,-6.000000,-6.000000,2.680000,-2.000000,-2.000000,0.000000,2.130000,1.000000
1599.677002,2.000000,2.000000,2.580000,-2.000000,-2.000000,0.000000,2.130000,1.000000
1599.682007,2.000000,2.000000,2.520000,-2.000000,-2.000000,0.000000,2.210000,1.000000
1599.687012,2.000000,2.000000,2.500000,-2.000000,-2.000000,0.000000,2.210000,1.000000
1599.692017,3.000000,3.000000,2.480000,-2.000000,-2.000000,0.000000,2.200000,1.000000
1599.697021,0.000000,0.000000,2.420000,-2.000000,-2.000000,0.000000,2.200000,1.000000
1599.702026,2.000000,2.000000,2.390000,-2.000000,0.000000,0.000000,2.200000,1.000000
1599.707031,1.000000,1.000000,2.380000,-2.000000,0.000000,0.000000,2.200000,1.000000
1599.712036,-4.000000,-4.000000,2.380000,0.000000,0.000000,0.000000,2.280000,1.000000
1599.717041,-8.000000,-8.000000,2.370000,0.000000,0.000000,0.000000,2.280000,1.000000
1599.722046,-4.000000,-4.000000,2.360000,0.000000,-2.000000,0.000000,2.370000,1.000000
1599.727051,-7.000000,-7.000000,2.370000,0.000000,-2.000000,0.000000,2.370000,1.000000
1599.732056,-5.000000,-5.000000,2.400000,0.000000,0.000000,0.000000,2.280000,1.000000
1599.737061,-11.000000,-11.000000,2.440000,0.000000,0.000000,0.000000,2.280000,1.000000
1599.741943,-23.000000,-23.000000,2.470000,0.000000,0.000000,0.000000,2.370000,1.000000
1599.746948,-25.000000,-25.000000,2.470000,0.000000,0.000000,0.000000,2.370000,1.000000
1599.751953,-16.000000,-16.000000,2.490000,0.000000,0.000000,0.000000,2.370000,1.000000
1599.756958,-16.000000,-16.000000,2.570000,0.000000,0.000000,0.000000,2.370000,1.000000
1599.761963,-21.000000,-21.000000,2.600000,0.000000,0.000000,0.000000,2.370000,1.000000
1599.766968,-20.000000,-20.000000,2.530000,0.000000,0.000000,0.000000,2.370000,1.000000
1599.771973,-5.000000,-5.000000,2.490000,0.000000,0.000000,0.000000,2.370000,1.000000
1599.776978,0.000000,0.000000,2.550000,0.000000,0.000000,0.000000,2.370000,1.000000
1599.781982,-8.000000,-8.000000,2.590000,-2.000000,0.000000,0.000000,2.370000,1.000000
1599.786987,-12.000000,-12.000000,2.550000,-2.000000,0.000000,0.000000,2.370000,1.000000
1599.791992,-2.000000,-2.000000,2.480000,0.000000,0.000000,0.000000,2.280000,1.000000
1599.796997,9.000000,9.000000,2.460000,0.000000,0.000000,0.000000,2.280000,1.000000
1599.802002,1.000000,1.000000,2.490000,0.000000,-2.000000,0.000000,2.370000,1.000000
1599.807007,-5.000000,-5.000000,2.480000,0.000000,-2.000000,0.000000,2.370000,1.000000
1599.812012,5.000000,5.000000,2.410000,0.000000,0.000000,0.000000,2.270000,1.000000
1599.817017,14.000000,14.000000,2.360000,0.000000,0.000000,0.000000,2.270000,1.000000
1599.822021,9.000000,9.000000,2.380000,0.000000,0.000000,0.000000,2.360000,1.000000
1599.827026,4.000000,4.000000,2.390000,0.000000,0.000000,0.000000,2.360000,1.000000
1599.832031,9.000000,9.000000,2.370000,0.000000,0.000000,0.000000,2.360000,1.000000
1599.837036,14.000000,14.000000,2.320000,0.000000,0.000000,0.000000,2.360000,1.000000
1599.842041,21.000000,21.000000,2.300000,0.000000,0.000000,0.000000,2.360000,1.000000
1599.847046,23.000000,23.000000,2.300000,0.000000,0.000000,0.000000,2.360000,1.000000
1599.852051,21.000000,21.000000,2.290000,0.000000,0.000000,0.000000,2.360000,1.000000
1599.857056,24.000000,24.000000,2.230000,0.000000,0.000000,0.000000,2.360000,1.000000
1599.862061,31.000000,31.000000,2.200000,0.000000,2.000000,0.000000,2.360000,1.000000
1599.866943,34.000000,34.000000,2.210000,0.000000,2.000000,0.000000,2.360000,1.000000
1599.871948,33.000000,33.000000,2.170000,0.000000,0.000000,0.000000,2.460000,1.000000
1599.876953,37.000000,37.000000,2.100000,0.000000,0.000000,0.000000,2.460000,1.000000
1599.881958,52.000000,52.000000,2.080000,0.000000,2.000000,0.000000,2.370000,1.000000
1599.886963,53.000000,53.000000,2.070000,0.000000,2.000000,0.000000,2.370000,1.000000
1599.891968,48.000000,48.000000,2.000000,0.000000,0.000000,0.000000,2.460000,1.000000
1599.896973,55.000000,55.000000,1.890000,0.000000,0.000000,0.000000,2.460000,1.000000
1599.901978,70.000000,70.000000,1.900000,0.000000,2.000000,0.000000,2.370000,1.000000
1599.906982,66.000000,66.000000,1.850000,0.000000,2.000000,0.000000,2.370000,1.000000
1599.911987,64.000000,64.000000,1.740000,2.000000,0.000000,0.000000,2.470000,1.000000
1599.916992,72.000000,72.000000,1.570000,2.000000,0.000000,0.000000,2.470000,1.000000
1599.921997,87.000000,87.000000,1.610000,2.000000,2.000000,0.000000,2.470000,1.000000
1599.927002,72.000000,72.000000,1.650000,2.000000,2.000000,0.000000,2.470000,1.000000
1599.932007,62.000000,62.000000,1.640000,2.000000,0.000000,0.000000,2.570000,1.000000
1599.937012,62.000000,62.000000,1.500000,2.000000,0.000000,0.000000,2.570000,1.000000
1599.942017,82.000000,82.000000,1.430000,4.000000,2.000000,0.000000,2.480000,1.000000
1599.947021,78.000000,78.000000,1.580000,4.000000,2.000000,0.000000,2.480000,1.000000
1599.952026,38.000000,38.000000,1.730000,2.000000,2.000000,0.000000,2.680000,1.000000
1599.957031,14.000000,14.000000,1.720000,2.000000,2.000000,0.000000,2.680000,1.000000
1599.962036,37.000000,37.000000,1.660000,2.000000,2.000000,0.000000,2.590000,1.000000
1599.967041,47.000000,47.000000,1.740000,2.000000,2.000000,0.000000,2.590000,1.000000
1599.972046,26.000000,26.000000,1.910000,2.000000,2.000000,0.000000,2.600000,1.000000
1599.977051,0.000000,0.000000,2.020000,2.000000,2.000000,0.000000,2.600000,1.000000
1599.982056,-7.000000,-7.000000,2.000000,2.000000,2.000000,0.000000,2.610000,1.000000
1599.987061,3.000000,3.000000,2.010000,2.000000,2.000000,0.000000,2.610000,1.000000
1599.991943,7.000000,7.000000,2.120000,2.000000,2.000000,0.000000,2.620000,1.000000
1599.996948,-8.000000,-8.000000,2.280000,2.000000,2.000000,0.000000,2.620000,1.000000
1600.001953,-23.000000,-23.000000,2.370000,2.000000,2.000000,0.000000,2.620000,1.000000
1600.006958,-23.000000,-23.000000,2.370000,2.000000,2.000000,0.000000,2.620000,1.000000
1600.011963,-11.000000,-11.000000,2.400000,0.000000,2.000000,0.000000,2.630000,1.000000
1600.016968,-6.000000,-6.000000,2.530000,0.000000,2.000000,0.000000,2.630000,1.000000
1600.021973,-13.000000,-13.000000,2.590000,0.000000,0.000000,0.000000,2.550000,1.000000
1600.026978,-11.000000,-11.000000,2.540000,0.000000,0.000000,0.000000,2.550000,1.000000
1600.031982,1.000000,1.000000,2.480000,0.000000,0.000000,0.000000,2.450000,1.000000
1600.036987,15.000000,15.000000,2.470000,0.000000,0.000000,0.000000,2.450000,1.000000
1600.041992,10.000000,10.000000,2.480000,0.000000,0.000000,0.000000,2.450000,1.000000
1600.046997,9.000000,9.000000,2.440000,0.000000,0.000000,0.000000,2.450000,1.000000
1600.052002,15.000000,15.000000,2.370000,0.000000,0.000000,0.000000,2.450000,1.000000
1600.057007,23.000000,23.000000,2.310000,0.000000,0.000000,0.000000,2.450000,1.000000
1600.062012,25.000000,25.000000,2.310000,0.000000,0.000000,0.000000,2.450000,1.000000
1600.067017,20.000000,20.000000,2.350000,0.000000,0.000000,0.000000,2.450000,1.000000
1600.072021,13.000000,13.000000,2.320000,0.000000,0.000000,0.000000,2.450000,1.000000
1600.077026,17.000000,17.000000,2.230000,0.000000,0.000000,0.000000,2.450000,1.000000
1600.082031,26.000000,26.000000,2.200000,0.000000,0.000000,0.000000,2.450000,1.000000
1600.087036,24.000000,24.000000,2.260000,0.000000,0.000000,0.000000,2.450000,1.000000
1600.092041,11.000000,11.000000,2.300000,0.000000,0.000000,0.000000,2.450000,1.000000
1600.097046,6.000000,6.000000,2.230000,0.000000,0.000000,0.000000,2.450000,1.000000
1600.102051,17.000000,17.000000,2.160000,0.000000,0.000000,0.000000,2.450000,1.000000
1600.107056,23.000000,23.000000,2.220000,0.000000,0.000000,0.000000,2.450000,1.000000
1600.112061,10.000000,10.000000,2.300000,0.000000,0.000000,0.000000,2.450000,1.000000
1600.116943,-2.000000,-2.000000,2.270000,0.000000,0.000000,0.000000,2.450000,1.000000
1600.121948,6.000000,6.000000,2.210000,0.000000,2.000000,0.000000,2.450000,1.000000
1600.126953,14.000000,14.000000,2.230000,0.000000,2.000000,0.000000,2.450000,1.000000
1600.131958,7.000000,7.000000,2.320000,0.000000,0.000000,0.000000,2.550000,1.000000
1600.136963,-5.000000,-5.000000,2.340000,0.000000,0.000000,0.000000,2.550000,1.000000
1600.141968,4.000000,4.000000,2.290000,0.000000,0.000000,0.000000,2.460000,1.000000
1600.146973,13.000000,13.000000,2.290000,0.000000,0.000000,0.000000,2.460000,1.000000
1600.151978,5.000000,5.000000,2.340000,0.000000,0.000000,0.000000,2.460000,1.000000
1600.156982,-3.000000,-3.000000,2.370000,0.000000,0.000000,0.000000,2.460000,1.000000
1600.161987,-5.000000,-5.000000,2.350000,0.000000,0.000000,0.000000,2.460000,1.000000
1600.166992,-1.000000,-1.000000,2.370000,0.000000,0.000000,0.000000,2.460000,1.000000
1600.171997,-4.000000,-4.000000,2.400000,0.000000,0.000000,0.000000,2.460000,1.000000
1600.177002,-9.000000,-9.000000,2.420000,0.000000,0.000000,0.000000,2.460000,1.000000
1600.182007,-11.000000,-11.000000,2.430000,0.000000,0.000000,0.000000,2.460000,1.000000
1600.187012,-10.000000,-10.000000,2.430000,0.000000,0.000000,0.000000,2.460000,1.000000
1600.192017,-11.000000,-11.000000,2.470000,0.000000,0.000000,0.000000,2.460000,1.000000
1600.197021,-17.000000,-17.000000,2.520000,0.000000,0.000000,0.000000,2.460000,1.000000
1600.202026,-22.000000,-22.000000,2.530000,0.000000,0.000000,0.000000,2.460000,1.000000
1600.207031,-21.000000,-21.000000,2.510000,0.000000,0.000000,0.000000,2.460000,1.000000
1600.212036,-18.000000,-18.000000,2.530000,0.000000,0.000000,0.000000,2.460000,1.000000
1600.217041,-22.000000,-22.000000,2.590000,0.000000,0.000000,0.000000,2.460000,1.000000
1600.222046,-30.000000,-30.000000,2.620000,-2.000000,0.000000,0.000000,2.460000,1.000000
1600.227051,-34.000000,-34.000000,2.640000,-2.000000,0.000000,0.000000,2.460000,1.000000
1600.232056,-36.000000,-36.000000,2.680000,0.000000,0.000000,0.000000,2.360000,1.000000
1600.237061,-40.000000,-40.000000,2.760000,0.000000,0.000000,0.000000,2.360000,1.000000
1600.241943,-54.000000,-54.000000,2.770000,0.000000,0.000000,0.000000,2.450000,1.000000
1600.246948,-54.000000,-54.000000,2.780000,0.000000,0.000000,0.000000,2.450000,1.000000
1600.251953,-49.000000,-49.000000,2.840000,0.000000,0.000000,0.000000,2.450000,1.000000
1600.256958,-56.000000,-56.000000,2.990000,0.000000,0.000000,0.000000,2.450000,1.000000
1600.261963,-68.000000,-68.000000,3.040000,-2.000000,-2.000000,0.000000,2.450000,1.000000
1600.266968,-69.000000,-69.000000,3.040000,-2.000000,-2.000000,0.000000,2.450000,1.000000
1600.271973,-67.000000,-67.000000,3.110000,-2.000000,-2.000000,0.000000,2.260000,1.000000
1600.276978,-72.000000,-72.000000,3.180000,-2.000000,-2.000000,0.000000,2.260000,1.000000
1600.281982,-92.000000,-92.000000,3.290000,-2.000000,-2.000000,0.000000,2.260000,1.000000
1600.286987,-96.000000,-96.000000,3.280000,-2.000000,-2.000000,0.000000,2.260000,1.000000
1600.291992,-86.000000,-86.000000,3.240000,-2.000000,-2.000000,0.000000,2.250000,1.000000
1600.296997,-72.000000,-72.000000,3.400000,-2.000000,-2.000000,0.000000,2.250000,1.000000
1600.302002,-80.000000,-80.000000,3.380000,-4.000000,-4.000000,0.000000,2.240000,1.000000
1600.307007,-69.000000,-69.000000,3.290000,-4.000000,-4.000000,0.000000,2.240000,1.000000
1600.312012,-46.000000,-46.000000,3.180000,-4.000000,-2.000000,0.000000,2.040000,1.000000
1600.317017,-26.000000,-26.000000,3.130000,-4.000000,-2.000000,0.000000,2.040000,1.000000
1600.322021,-39.000000,-39.000000,3.110000,-4.000000,-2.000000,0.000000,2.120000,1.000000
1600.327026,-38.000000,-38.000000,3.020000,-4.000000,-2.000000,0.000000,2.120000,1.000000
1600.332031,-21.000000,-21.000000,2.850000,-4.000000,-4.000000,0.000000,2.110000,1.000000
1600.337036,-3.000000,-3.000000,2.790000,-4.000000,-4.000000,0.000000,2.110000,1.000000
1600.342041,-2.000000,-2.000000,2.750000,-4.000000,-4.000000,0.000000,2.000000,1.000000
1600.347046,-3.000000,-3.000000,2.660000,-4.000000,-4.000000,0.000000,2.000000,1.000000
1600.352051,-4.000000,-4.000000,2.550000,-2.000000,-2.000000,0.000000,1.990000,1.000000
1600.357056,4.000000,4.000000,2.430000,-2.000000,-2.000000,0.000000,1.990000,1.000000
1600.362061,8.000000,8.000000,2.370000,0.000000,-2.000000,0.000000,2.160000,1.000000
1600.366943,4.000000,4.000000,2.390000,0.000000,-2.000000,0.000000,2.160000,1.000000
1600.371948,7.000000,7.000000,2.370000,-2.000000,-2.000000,0.000000,2.250000,1.000000
1600.376953,4.000000,4.000000,2.290000,-2.000000,-2.000000,0.000000,2.250000,1.000000
1600.381958,16.000000,16.000000,2.230000,-2.000000,0.000000,0.000000,2.150000,1.000000
1600.386963,16.000000,16.000000,2.240000,-2.000000,0.000000,0.000000,2.150000,1.000000
1600.391968,-1.000000,-1.000000,2.280000,0.000000,-2.000000,0.000000,2.240000,1.000000
1600.396973,-12.000000,-12.000000,2.280000,0.000000,-2.000000,0.000000,2.240000,1.000000
1600.401978,-7.000000,-7.000000,2.260000,0.000000,0.000000,0.000000,2.230000,1.000000
1600.406982,-8.000000,-8.000000,2.320000,0.000000,0.000000,0.000000,2.230000,1.000000
1600.411987,-18.000000,-18.000000,2.390000,0.000000,0.000000,0.000000,2.320000,1.000000
1600.416992,-26.000000,-26.000000,2.420000,0.000000,0.000000,0.000000,2.320000,1.000000
1600.421997,-18.000000,-18.000000,2.420000,0.000000,0.000000,0.000000,2.320000,1.000000
1600.427002,-14.000000,-14.000000,2.400000,0.000000,0.000000,0.000000,2.320000,1.000000
1600.432007,-10.000000,-10.000000,2.430000,0.000000,0.000000,0.000000,2.320000,1.000000
1600.437012,-13.000000,-13.000000,2.490000,0.000000,0.000000,0.000000,2.320000,1.000000
1600.442017,-18.000000,-18.000000,2.500000,0.000000,0.000000,0.000000,2.320000,1.000000
1600.447021,-15.000000,-15.000000,2.460000,0.000000,0.000000,0.000000,2.320000,1.000000
1600.452026,-8.000000,-8.000000,2.450000,0.000000,0.000000,0.000000,2.320000,1.000000
1600.457031,-6.000000,-6.000000,2.490000,0.000000,0.000000,0.000000,2.320000,1.000000
1600.462036,-11.000000,-11.000000,2.520000,0.000000,0.000000,0.000000,2.320000,1.000000
1600.467041,-12.000000,-12.000000,2.480000,0.000000,0.000000,0.000000,2.320000,1.000000
1600.472046,-4.000000,-4.000000,2.440000,0.000000,0.000000,0.000000,2.320000,1.000000
1600.477051,2.000000,2.000000,2.440000,0.000000,0.000000,0.000000,2.320000,1.000000
1600.482056,0.000000,0.000000,2.470000,0.000000,0.000000,0.000000,2.320000,1.000000
1600.487061,-3.000000,-3.000000,2.440000,0.000000,0.000000,0.000000,2.320000,1.000000
1600.491943,2.000000,2.000000,2.400000,0.000000,0.000000,0.000000,2.320000,1.000000
1600.496948,8.000000,8.000000,2.380000,0.000000,0.000000,0.000000,2.320000,1.000000
1600.501953,9.000000,9.000000,2.390000,0.000000,0.000000,0.000000,2.320000,1.000000
1600.506958,6.000000,6.000000,2.390000,0.000000,0.000000,0.000000,2.320000,1.000000
1600.511963,8.000000,8.000000,2.350000,0.000000,0.000000,0.000000,2.320000,1.000000
1600.516968,14.000000,14.000000,2.310000,0.000000,0.000000,0.000000,2.320000,1.000000
1600.521973,18.000000,18.000000,2.300000,0.000000,0.000000,0.000000,2.320000,1.000000
1600.526978,18.000000,18.000000,2.300000,0.000000,0.000000,0.000000,2.320000,1.000000
1600.531982,18.000000,18.000000,2.270000,0.000000,0.000000,0.000000,2.320000,1.000000
1600.536987,22.000000,22.000000,2.220000,0.000000,0.000000,0.000000,2.320000,1.000000
1600.541992,28.000000,28.000000,2.200000,0.000000,0.000000,0.000000,2.320000,1.000000
1600.546997,30.000000,30.000000,2.190000,0.000000,0.000000,0.000000,2.320000,1.000000
1600.552002,30.000000,30.000000,2.150000,0.000000,0.000000,0.000000,2.320000,1.000000
1600.557007,35.000000,35.000000,2.080000,0.000000,0.000000,0.000000,2.320000,1.000000
1600.562012,42.000000,42.000000,2.070000,0.000000,0.000000,0.000000,2.320000,1.000000
1600.567017,42.000000,42.000000,2.060000,0.000000,0.000000,0.000000,2.320000,1.000000
1600.572021,43.000000,43.000000,1.990000,0.000000,0.000000,0.000000,2.320000,1.000000
1600.577026,51.000000,51.000000,1.880000,0.000000,0.000000,0.000000,2.320000,1.000000
1600.582031,59.000000,59.000000,1.890000,2.000000,0.000000,0.000000,2.320000,1.000000
1600.587036,57.000000,57.000000,1.880000,2.000000,0.000000,0.000000,2.320000,1.000000
1600.592041,58.000000,58.000000,1.790000,0.000000,0.000000,0.000000,2.420000,1.000000
1600.597046,68.000000,68.000000,1.690000,0.000000,0.000000,0.000000,2.420000,1.000000
1600.602051,84.000000,84.000000,1.650000,2.000000,2.000000,0.000000,2.330000,1.000000
1600.607056,81.000000,81.000000,1.690000,2.000000,2.000000,0.000000,2.330000,1.000000
1600.612061,63.000000,63.000000,1.650000,2.000000,2.000000,0.000000,2.520000,1.000000
1600.616943,65.000000,65.000000,1.410000,2.000000,2.000000,0.000000,2.520000,1.000000
1600.621948,102.000000,102.000000,1.310000,4.000000,4.000000,0.000000,2.520000,1.000000
1600.626953,97.000000,97.000000,1.450000,4.000000,4.000000,0.000000,2.520000,1.000000
1600.631958,59.000000,59.000000,1.600000,2.000000,2.000000,0.000000,2.720000,1.000000
1600.636963,32.000000,32.000000,1.550000,2.000000,2.000000,0.000000,2.720000,1.000000
1600.641968,57.000000,57.000000,1.450000,2.000000,4.000000,0.000000,2.550000,1.000000
1600.646973,70.000000,70.000000,1.470000,2.000000,4.000000,0.000000,2.550000,1.000000
1600.651978,45.000000,45.000000,1.650000,4.000000,4.000000,0.000000,2.650000,1.000000
1600.656982,13.000000,13.000000,1.710000,4.000000,4.000000,0.000000,2.650000,1.000000
1600.661987,14.000000,14.000000,1.770000,4.000000,4.000000,0.000000,2.760000,1.000000
1600.666992,14.000000,14.000000,1.790000,4.000000,4.000000,0.000000,2.760000,1.000000
1600.671997,19.000000,19.000000,1.850000,2.000000,4.000000,0.000000,2.770000,1.000000
1600.677002,7.000000,7.000000,1.990000,2.000000,4.000000,0.000000,2.770000,1.000000
1600.682007,4.000000,4.000000,2.080000,2.000000,4.000000,0.000000,2.700000,1.000000
1600.687012,3.000000,3.000000,2.130000,2.000000,4.000000,0.000000,2.700000,1.000000
1600.692017,6.000000,6.000000,2.180000,2.000000,2.000000,0.000000,2.710000,1.000000
1600.697021,3.000000,3.000000,2.260000,2.000000,2.000000,0.000000,2.710000,1.000000
1600.702026,1.000000,1.000000,2.330000,2.000000,2.000000,0.000000,2.620000,1.000000
1600.707031,-1.000000,-1.000000,2.360000,2.000000,2.000000,0.000000,2.620000,1.000000
1600.712036,6.000000,6.000000,2.370000,2.000000,2.000000,0.000000,2.630000,1.000000
1600.717041,9.000000,9.000000,2.390000,2.000000,2.000000,0.000000,2.630000,1.000000
1600.722046,8.000000,8.000000,2.420000,2.000000,2.000000,0.000000,2.640000,1.000000
1600.727051,11.000000,11.000000,2.430000,2.000000,2.000000,0.000000,2.640000,1.000000
1600.732056,17.000000,17.000000,2.420000,0.000000,0.000000,0.000000,2.650000,1.000000
1600.737061,24.000000,24.000000,2.390000,0.000000,0.000000,0.000000,2.650000,1.000000
1600.741943,26.000000,26.000000,2.370000,0.000000,0.000000,0.000000,2.470000,1.000000
1600.746948,11.000000,11.000000,2.380000,0.000000,0.000000,0.000000,2.470000,1.000000
1600.751953,13.000000,13.000000,2.360000,0.000000,0.000000,0.000000,2.470000,1.000000
1600.756958,21.000000,21.000000,2.270000,0.000000,0.000000,0.000000,2.470000,1.000000
1600.761963,19.000000,19.000000,2.230000,0.000000,2.000000,0.000000,2.470000,1.000000
1600.766968,3.000000,3.000000,2.310000,0.000000,2.000000,0.000000,2.470000,1.000000
1600.771973,-4.000000,-4.000000,2.360000,0.000000,0.000000,0.000000,2.560000,1.000000
1600.776978,13.000000,13.000000,2.320000,0.000000,0.000000,0.000000,2.560000,1.000000
1600.781982,19.000000,19.000000,2.260000,0.000000,0.000000,0.000000,2.470000,1.000000
1600.786987,3.000000,3.000000,2.290000,0.000000,0.000000,0.000000,2.470000,1.000000
1600.791992,-8.000000,-8.000000,2.370000,0.000000,0.000000,0.000000,2.470000,1.000000
1600.796997,-4.000000,-4.000000,2.360000,0.000000,0.000000,0.000000,2.470000,1.000000
1600.802002,4.000000,4.000000,2.300000,2.000000,2.000000,0.000000,2.470000,1.000000
1600.807007,-4.000000,-4.000000,2.330000,2.000000,2.000000,0.000000,2.470000,1.000000
1600.812012,-16.000000,-16.000000,2.420000,0.000000,0.000000,0.000000,2.660000,1.000000
1600.817017,-4.000000,-4.000000,2.470000,0.000000,0.000000,0.000000,2.660000,1.000000
1600.822021,2.000000,2.000000,2.450000,0.000000,0.000000,0.000000,2.480000,1.000000
1600.827026,-9.000000,-9.000000,2.430000,0.000000,0.000000,0.000000,2.480000,1.000000
1600.832031,-17.000000,-17.000000,2.480000,0.000000,0.000000,0.000000,2.480000,1.000000
1600.837036,-25.000000,-25.000000,2.540000,0.000000,0.000000,0.000000,2.480000,1.000000
1600.842041,-23.000000,-23.000000,2.550000,0.000000,0.000000,0.000000,2.480000,1.000000
1600.847046,-23.000000,-23.000000,2.550000,0.000000,0.000000,0.000000,2.480000,1.000000
1600.852051,-28.000000,-28.000000,2.580000,0.000000,0.000000,0.000000,2.480000,1.000000
1600.857056,-37.000000,-37.000000,2.660000,0.000000,0.000000,0.000000,2.480000,1.000000
1600.862061,-38.000000,-38.000000,2.690000,0.000000,0.000000,0.000000,2.480000,1.000000
1600.866943,-35.000000,-35.000000,2.670000,0.000000,0.000000,0.000000,2.480000,1.000000
1600.871948,-39.000000,-39.000000,2.700000,-2.000000,0.000000,0.000000,2.480000,1.000000
1600.876953,-50.000000,-50.000000,2.800000,-2.000000,0.000000,0.000000,2.480000,1.000000
1600.881958,-53.000000,-53.000000,2.820000,0.000000,0.000000,0.000000,2.380000,1.000000
1600.886963,-62.000000,-62.000000,2.840000,0.000000,0.000000,0.000000,2.380000,1.000000
1600.891968,-69.000000,-69.000000,2.910000,0.000000,0.000000,0.000000,2.470000,1.000000
1600.896973,-73.000000,-73.000000,3.030000,0.000000,0.000000,0.000000,2.470000,1.000000
1600.901978,-71.000000,-71.000000,3.040000,-2.000000,-2.000000,0.000000,2.470000,1.000000
1600.906982,-74.000000,-74.000000,3.080000,-2.000000,-2.000000,0.000000,2.470000,1.000000
1600.911987,-81.000000,-81.000000,3.190000,-2.000000,0.000000,0.000000,2.280000,1.000000
1600.916992,-101.000000,-101.000000,3.300000,-2.000000,0.000000,0.000000,2.280000,1.000000
1600.921997,-94.000000,-94.000000,3.340000,-2.000000,-2.000000,0.000000,2.370000,1.000000
1600.927002,-77.000000,-77.000000,3.340000,-2.000000,-2.000000,0.000000,2.370000,1.000000
1600.932007,-65.000000,-65.000000,3.310000,-2.000000,-2.000000,0.000000,2.270000,1.000000
1600.937012,-77.000000,-77.000000,3.430000,-2.000000,-2.000000,0.000000,2.270000,1.000000
1600.942017,-68.000000,-68.000000,3.430000,-4.000000,-4.000000,0.000000,2.260000,1.000000
1600.947021,-42.000000,-42.000000,3.310000,-4.000000,-4.000000,0.000000,2.260000,1.000000
1600.952026,-25.000000,-25.000000,3.190000,-4.000000,-2.000000,0.000000,2.070000,1.000000
