I0,I1,I2,I3,I4,I5,I6,I7,I8
590.463013,32.000000,32.000000,3.330000,0.000000,0.000000,0.000000,3.660000,1.000000
590.468018,9.000000,9.000000,3.390000,0.000000,0.000000,0.000000,3.660000,1.000000
590.473022,3.000000,3.000000,3.360000,0.000000,0.000000,0.000000,3.390000,1.000000
590.478027,-14.000000,-14.000000,3.420000,0.000000,0.000000,0.000000,3.390000,1.000000
590.482971,-20.000000,-20.000000,3.490000,0.000000,0.000000,0.000000,3.390000,1.000000
590.487976,-25.000000,-25.000000,3.500000,0.000000,0.000000,0.000000,3.390000,1.000000
590.492981,-20.000000,-20.000000,3.520000,0.000000,2.000000,0.000000,3.390000,1.000000
590.497986,-13.000000,-13.000000,3.450000,0.000000,2.000000,0.000000,3.390000,1.000000
590.502991,-3.000000,-3.000000,3.420000,0.000000,0.000000,0.000000,3.660000,1.000000
590.507996,19.000000,19.000000,3.440000,0.000000,0.000000,0.000000,3.660000,1.000000
590.513000,14.000000,14.000000,3.450000,-2.000000,-2.000000,0.000000,3.400000,1.000000
590.518005,-8.000000,-8.000000,3.420000,-2.000000,-2.000000,0.000000,3.400000,1.000000
590.523010,-5.000000,-5.000000,3.420000,0.000000,0.000000,0.000000,2.860000,1.000000
590.528015,-46.000000,-46.000000,3.420000,0.000000,0.000000,0.000000,2.860000,1.000000
590.533020,-47.000000,-47.000000,3.420000,0.000000,0.000000,0.000000,3.390000,1.000000
590.538025,-10.000000,-10.000000,3.430000,0.000000,0.000000,0.000000,3.390000,1.000000
590.543030,-12.000000,-12.000000,3.450000,0.000000,-2.000000,0.000000,3.390000,1.000000
590.547974,-15.000000,-15.000000,3.440000,0.000000,-2.000000,0.000000,3.390000,1.000000
590.552979,-13.000000,-13.000000,3.450000,0.000000,0.000000,0.000000,3.120000,1.000000
590.557983,-36.000000,-36.000000,3.480000,0.000000,0.000000,0.000000,3.120000,1.000000
590.562988,-40.000000,-40.000000,3.510000,0.000000,0.000000,0.000000,3.380000,1.000000
590.567993,-24.000000,-24.000000,3.470000,0.000000,0.000000,0.000000,3.380000,1.000000
590.572998,-19.000000,-19.000000,3.520000,-2.000000,-2.000000,0.000000,3.380000,1.000000
590.578003,-23.000000,-23.000000,3.520000,-2.000000,-2.000000,0.000000,3.380000,1.000000
590.583008,-27.000000,-27.000000,3.570000,0.000000,-2.000000,0.000000,2.840000,1.000000
590.588013,-73.000000,-73.000000,3.570000,0.000000,-2.000000,0.000000,2.840000,1.000000
590.593018,-71.000000,-71.000000,3.570000,0.000000,0.000000,0.000000,3.110000,1.000000
590.598022,-49.000000,-49.000000,3.580000,0.000000,0.000000,0.000000,3.110000,1.000000
590.603027,-54.000000,-54.000000,3.650000,-2.000000,0.000000,0.000000,3.370000,1.000000
590.607971,-42.000000,-42.000000,3.710000,-2.000000,0.000000,0.000000,3.370000,1.000000
590.612976,-45.000000,-45.000000,3.780000,-2.000000,-2.000000,0.000000,3.100000,1.000000
590.617981,-61.000000,-61.000000,3.700000,-2.000000,-2.000000,0.000000,3.100000,1.000000
590.622986,-49.000000,-49.000000,3.710000,-2.000000,-2.000000,0.000000,2.830000,1.000000
590.627991,-68.000000,-68.000000,3.770000,-2.000000,-2.000000,0.000000,2.830000,1.000000
590.632996,-75.000000,-75.000000,3.820000,-2.000000,-2.000000,0.000000,2.820000,1.000000
590.638000,-71.000000,-71.000000,3.680000,-2.000000,-2.000000,0.000000,2.820000,1.000000
590.643005,-45.000000,-45.000000,3.630000,-2.000000,-2.000000,0.000000,2.810000,1.000000
590.648010,-35.000000,-35.000000,3.560000,-2.000000,-2.000000,0.000000,2.810000,1.000000
590.653015,-32.000000,-32.000000,3.580000,-2.000000,-4.000000,0.000000,2.800000,1.000000
590.658020,-33.000000,-33.000000,3.490000,-2.000000,-4.000000,0.000000,2.800000,1.000000
590.663025,-23.000000,-23.000000,3.460000,-2.000000,-2.000000,0.000000,2.520000,1.000000
590.668030,-38.000000,-38.000000,3.360000,-2.000000,-2.000000,0.000000,2.520000,1.000000
590.672974,-29.000000,-29.000000,3.300000,-2.000000,-4.000000,0.000000,2.780000,1.000000
590.677979,-2.000000,-2.000000,3.200000,-2.000000,-4.000000,0.000000,2.780000,1.000000
590.682983,8.000000,8.000000,3.110000,-2.000000,-2.000000,0.000000,2.500000,1.000000
590.687988,-8.000000,-8.000000,3.040000,-2.000000,-2.000000,0.000000,2.500000,1.000000
590.692993,-8.000000,-8.000000,2.990000,-2.000000,-2.000000,0.000000,2.760000,1.000000
590.697998,7.000000,7.000000,2.990000,-2.000000,-2.000000,0.000000,2.760000,1.000000
590.703003,0.000000,0.000000,2.970000,0.000000,-2.000000,0.000000,2.750000,1.000000
590.708008,-3.000000,-3.000000,2.940000,0.000000,-2.000000,0.000000,2.750000,1.000000
590.713013,-2.000000,-2.000000,2.910000,-2.000000,0.000000,0.000000,3.010000,1.000000
590.718018,16.000000,16.000000,2.930000,-2.000000,0.000000,0.000000,3.010000,1.000000
590.723022,9.000000,9.000000,2.950000,0.000000,0.000000,0.000000,3.010000,1.000000
590.728027,3.000000,3.000000,3.000000,0.000000,0.000000,0.000000,3.010000,1.000000
590.732971,-4.000000,-4.000000,3.020000,0.000000,2.000000,0.000000,3.270000,1.000000
590.737976,14.000000,14.000000,3.050000,0.000000,2.000000,0.000000,3.270000,1.000000
590.742981,14.000000,14.000000,3.040000,0.000000,0.000000,0.000000,3.540000,1.000000
590.747986,38.000000,38.000000,3.060000,0.000000,0.000000,0.000000,3.540000,1.000000
590.752991,36.000000,36.000000,3.080000,0.000000,0.000000,0.000000,3.280000,1.000000
590.757996,15.000000,15.000000,3.100000,0.000000,0.000000,0.000000,3.280000,1.000000
590.763000,17.000000,17.000000,3.060000,0.000000,0.000000,0.000000,3.280000,1.000000
590.768005,22.000000,22.000000,3.080000,0.000000,0.000000,0.000000,3.280000,1.000000
590.773010,21.000000,21.000000,3.080000,0.000000,0.000000,0.000000,3.280000,1.000000
590.778015,21.000000,21.000000,3.080000,0.000000,0.000000,0.000000,3.280000,1.000000
590.783020,23.000000,23.000000,3.050000,0.000000,0.000000,0.000000,3.280000,1.000000
590.788025,28.000000,28.000000,3.070000,0.000000,0.000000,0.000000,3.280000,1.000000
590.793030,26.000000,26.000000,3.050000,0.000000,0.000000,0.000000,3.280000,1.000000
590.797974,28.000000,28.000000,3.050000,0.000000,0.000000,0.000000,3.280000,1.000000
590.802979,31.000000,31.000000,3.000000,0.000000,0.000000,0.000000,3.280000,1.000000
590.807983,37.000000,37.000000,3.030000,0.000000,0.000000,0.000000,3.280000,1.000000
590.812988,34.000000,34.000000,3.000000,2.000000,2.000000,0.000000,3.280000,1.000000
590.817993,35.000000,35.000000,2.990000,2.000000,2.000000,0.000000,3.280000,1.000000
590.822998,40.000000,40.000000,2.930000,0.000000,0.000000,0.000000,3.820000,1.000000
590.828003,88.000000,88.000000,2.920000,0.000000,0.000000,0.000000,3.820000,1.000000
590.833008,85.000000,85.000000,2.880000,2.000000,0.000000,0.000000,3.290000,1.000000
590.838013,46.000000,46.000000,2.900000,2.000000,0.000000,0.000000,3.290000,1.000000
590.843018,43.000000,43.000000,2.880000,0.000000,0.000000,0.000000,3.560000,1.000000
590.848022,65.000000,65.000000,2.850000,0.000000,0.000000,0.000000,3.560000,1.000000
590.853027,67.000000,67.000000,2.810000,0.000000,2.000000,0.000000,3.290000,1.000000
590.857971,47.000000,47.000000,2.820000,0.000000,2.000000,0.000000,3.290000,1.000000
590.862976,45.000000,45.000000,2.800000,2.000000,2.000000,0.000000,3.560000,1.000000
590.867981,63.000000,63.000000,2.810000,2.000000,2.000000,0.000000,3.560000,1.000000
590.872986,57.000000,57.000000,2.800000,2.000000,2.000000,0.000000,3.830000,1.000000
590.877991,69.000000,69.000000,2.910000,2.000000,2.000000,0.000000,3.830000,1.000000
590.882996,55.000000,55.000000,2.930000,2.000000,2.000000,0.000000,3.840000,1.000000
590.888000,56.000000,56.000000,2.830000,2.000000,2.000000,0.000000,3.840000,1.000000
590.893005,71.000000,71.000000,2.740000,4.000000,2.000000,0.000000,3.850000,1.000000
590.898010,70.000000,70.000000,2.950000,4.000000,2.000000,0.000000,3.850000,1.000000
590.903015,35.000000,35.000000,3.020000,2.000000,4.000000,0.000000,4.130000,1.000000
590.908020,43.000000,43.000000,3.150000,2.000000,4.000000,0.000000,4.130000,1.000000
590.913025,38.000000,38.000000,3.080000,2.000000,2.000000,0.000000,4.140000,1.000000
590.918030,51.000000,51.000000,3.160000,2.000000,2.000000,0.000000,4.140000,1.000000
590.922974,40.000000,40.000000,3.290000,2.000000,2.000000,0.000000,3.890000,1.000000
590.927979,0.000000,0.000000,3.430000,2.000000,2.000000,0.000000,3.890000,1.000000
590.932983,-13.000000,-13.000000,3.420000,4.000000,4.000000,0.000000,3.890000,1.000000
590.937988,-11.000000,-11.000000,3.510000,4.000000,4.000000,0.000000,3.890000,1.000000
590.942993,-19.000000,-19.000000,3.640000,2.000000,2.000000,0.000000,4.440000,1.000000
590.947998,6.000000,6.000000,3.740000,2.000000,2.000000,0.000000,4.440000,1.000000
590.953003,0.000000,0.000000,3.870000,2.000000,2.000000,0.000000,3.920000,1.000000
590.958008,-39.000000,-39.000000,3.900000,2.000000,2.000000,0.000000,3.920000,1.000000
590.963013,-29.000000,-29.000000,3.840000,0.000000,2.000000,0.000000,3.930000,1.000000
590.968018,-13.000000,-13.000000,3.880000,0.000000,2.000000,0.000000,3.930000,1.000000
590.973022,-11.000000,-11.000000,3.950000,0.000000,0.000000,0.000000,3.670000,1.000000
590.978027,-33.000000,-33.000000,3.880000,0.000000,0.000000,0.000000,3.670000,1.000000
590.982971,-18.000000,-18.000000,3.870000,0.000000,0.000000,0.000000,3.400000,1.000000
590.987976,-31.000000,-31.000000,3.810000,0.000000,0.000000,0.000000,3.400000,1.000000
590.992981,-26.000000,-26.000000,3.800000,-2.000000,0.000000,0.000000,3.400000,1.000000
590.997986,-26.000000,-26.000000,3.770000,-2.000000,0.000000,0.000000,3.400000,1.000000
591.002991,-28.000000,-28.000000,3.800000,0.000000,0.000000,0.000000,3.130000,1.000000
591.007996,-55.000000,-55.000000,3.770000,0.000000,0.000000,0.000000,3.130000,1.000000
591.013000,-53.000000,-53.000000,3.770000,0.000000,-2.000000,0.000000,3.400000,1.000000
591.018005,-33.000000,-33.000000,3.760000,0.000000,-2.000000,0.000000,3.400000,1.000000
591.023010,-35.000000,-35.000000,3.790000,0.000000,-2.000000,0.000000,3.130000,1.000000
591.028015,-61.000000,-61.000000,3.760000,0.000000,-2.000000,0.000000,3.130000,1.000000
591.033020,-59.000000,-59.000000,3.780000,0.000000,-2.000000,0.000000,3.120000,1.000000
591.038025,-61.000000,-61.000000,3.770000,0.000000,-2.000000,0.000000,3.120000,1.000000
591.043030,-64.000000,-64.000000,3.820000,0.000000,-2.000000,0.000000,3.120000,1.000000
591.047974,-70.000000,-70.000000,3.880000,0.000000,-2.000000,0.000000,3.120000,1.000000
591.052979,-73.000000,-73.000000,4.000000,-2.000000,-2.000000,0.000000,3.110000,1.000000
591.057983,-73.000000,-73.000000,3.880000,-2.000000,-2.000000,0.000000,3.110000,1.000000
591.062988,-48.000000,-48.000000,3.820000,0.000000,-2.000000,0.000000,2.840000,1.000000
591.067993,-52.000000,-52.000000,3.770000,0.000000,-2.000000,0.000000,2.840000,1.000000
591.072998,-46.000000,-46.000000,3.810000,-4.000000,-2.000000,0.000000,3.100000,1.000000
591.078003,-30.000000,-30.000000,3.710000,-4.000000,-2.000000,0.000000,3.100000,1.000000
591.083008,-21.000000,-21.000000,3.650000,-2.000000,-2.000000,0.000000,2.560000,1.000000
591.088013,-53.000000,-53.000000,3.580000,-2.000000,-2.000000,0.000000,2.560000,1.000000
591.093018,-49.000000,-49.000000,3.520000,-2.000000,-2.000000,0.000000,2.810000,1.000000
591.098022,-25.000000,-25.000000,3.430000,-2.000000,-2.000000,0.000000,2.810000,1.000000
591.103027,-18.000000,-18.000000,3.400000,0.000000,-2.000000,0.000000,2.810000,1.000000
591.107971,-19.000000,-19.000000,3.350000,0.000000,-2.000000,0.000000,2.810000,1.000000
591.112976,-21.000000,-21.000000,3.360000,-2.000000,-4.000000,0.000000,3.070000,1.000000
591.117981,-5.000000,-5.000000,3.290000,-2.000000,-4.000000,0.000000,3.070000,1.000000
591.122986,-1.000000,-1.000000,3.250000,-2.000000,0.000000,0.000000,2.520000,1.000000
591.127991,-41.000000,-41.000000,3.240000,-2.000000,0.000000,0.000000,2.520000,1.000000
591.132996,-46.000000,-46.000000,3.250000,0.000000,-2.000000,0.000000,3.050000,1.000000
591.138000,-13.000000,-13.000000,3.250000,0.000000,-2.000000,0.000000,3.050000,1.000000
591.143005,-16.000000,-16.000000,3.260000,0.000000,0.000000,0.000000,3.050000,1.000000
591.148010,-19.000000,-19.000000,3.260000,0.000000,0.000000,0.000000,3.050000,1.000000
591.153015,-20.000000,-20.000000,3.300000,-2.000000,0.000000,0.000000,3.310000,1.000000
591.158020,-5.000000,-5.000000,3.290000,-2.000000,0.000000,0.000000,3.310000,1.000000
591.163025,-5.000000,-5.000000,3.290000,0.000000,-2.000000,0.000000,3.040000,1.000000
591.168030,-25.000000,-25.000000,3.310000,0.000000,-2.000000,0.000000,3.040000,1.000000
591.172974,-30.000000,-30.000000,3.350000,0.000000,0.000000,0.000000,3.040000,1.000000
591.177979,-35.000000,-35.000000,3.360000,0.000000,0.000000,0.000000,3.040000,1.000000
591.182983,-37.000000,-37.000000,3.390000,0.000000,0.000000,0.000000,3.300000,1.000000
591.187988,-20.000000,-20.000000,3.440000,0.000000,0.000000,0.000000,3.300000,1.000000
591.192993,-23.000000,-23.000000,3.530000,0.000000,-2.000000,0.000000,3.300000,1.000000
591.197998,-23.000000,-23.000000,3.450000,0.000000,-2.000000,0.000000,3.300000,1.000000
591.203003,-7.000000,-7.000000,3.400000,-2.000000,0.000000,0.000000,3.030000,1.000000
591.208008,-21.000000,-21.000000,3.430000,-2.000000,0.000000,0.000000,3.030000,1.000000
591.213013,-27.000000,-27.000000,3.470000,0.000000,0.000000,0.000000,3.030000,1.000000
591.218018,-30.000000,-30.000000,3.410000,0.000000,0.000000,0.000000,3.030000,1.000000
591.223022,-18.000000,-18.000000,3.390000,0.000000,-2.000000,0.000000,3.290000,1.000000
591.228027,7.000000,7.000000,3.390000,0.000000,-2.000000,0.000000,3.290000,1.000000
591.232971,5.000000,5.000000,3.440000,-2.000000,-2.000000,0.000000,3.020000,1.000000
591.237976,-19.000000,-19.000000,3.370000,-2.000000,-2.000000,0.000000,3.020000,1.000000
591.242981,-8.000000,-8.000000,3.310000,0.000000,-2.000000,0.000000,2.750000,1.000000
591.247986,-20.000000,-20.000000,3.280000,0.000000,-2.000000,0.000000,2.750000,1.000000
591.252991,-21.000000,-21.000000,3.300000,0.000000,-2.000000,0.000000,3.010000,1.000000
591.257996,-5.000000,-5.000000,3.250000,0.000000,-2.000000,0.000000,3.010000,1.000000
591.263000,3.000000,3.000000,3.180000,0.000000,0.000000,0.000000,3.010000,1.000000
591.268005,11.000000,11.000000,3.130000,0.000000,0.000000,0.000000,3.010000,1.000000
591.273010,11.000000,11.000000,3.140000,0.000000,-2.000000,0.000000,3.270000,1.000000
591.278015,25.000000,25.000000,3.140000,0.000000,-2.000000,0.000000,3.270000,1.000000
591.283020,23.000000,23.000000,3.100000,0.000000,0.000000,0.000000,3.000000,1.000000
591.288025,7.000000,7.000000,3.130000,0.000000,0.000000,0.000000,3.000000,1.000000
591.293030,4.000000,4.000000,3.090000,0.000000,2.000000,0.000000,3.270000,1.000000
591.297974,25.000000,25.000000,3.110000,0.000000,2.000000,0.000000,3.270000,1.000000
591.302979,26.000000,26.000000,3.070000,0.000000,0.000000,0.000000,3.540000,1.000000
591.307983,52.000000,52.000000,3.060000,0.000000,0.000000,0.000000,3.540000,1.000000
591.312988,52.000000,52.000000,3.050000,0.000000,2.000000,0.000000,3.270000,1.000000
591.317993,32.000000,32.000000,3.050000,0.000000,2.000000,0.000000,3.270000,1.000000
591.322998,35.000000,35.000000,2.990000,0.000000,2.000000,0.000000,3.540000,1.000000
591.328003,62.000000,62.000000,3.020000,0.000000,2.000000,0.000000,3.540000,1.000000
591.333008,59.000000,59.000000,2.990000,2.000000,2.000000,0.000000,3.550000,1.000000
591.338013,60.000000,60.000000,2.970000,2.000000,2.000000,0.000000,3.550000,1.000000
591.343018,66.000000,66.000000,2.890000,2.000000,2.000000,0.000000,3.820000,1.000000
591.348022,96.000000,96.000000,2.880000,2.000000,2.000000,0.000000,3.820000,1.000000
591.353027,95.000000,95.000000,2.750000,2.000000,2.000000,0.000000,3.830000,1.000000
591.357971,98.000000,98.000000,2.800000,2.000000,2.000000,0.000000,3.830000,1.000000
591.362976,86.000000,86.000000,2.810000,2.000000,2.000000,0.000000,3.840000,1.000000
591.367981,73.000000,73.000000,2.790000,2.000000,2.000000,0.000000,3.840000,1.000000
591.372986,70.000000,70.000000,2.740000,2.000000,2.000000,0.000000,3.850000,1.000000
591.377991,65.000000,65.000000,2.920000,2.000000,2.000000,0.000000,3.850000,1.000000
591.382996,38.000000,38.000000,2.990000,4.000000,2.000000,0.000000,3.860000,1.000000
591.388000,27.000000,27.000000,3.060000,4.000000,2.000000,0.000000,3.860000,1.000000
591.393005,26.000000,26.000000,3.050000,4.000000,2.000000,0.000000,4.130000,1.000000
591.398010,45.000000,45.000000,3.210000,4.000000,2.000000,0.000000,4.130000,1.000000
591.403015,22.000000,22.000000,3.340000,2.000000,2.000000,0.000000,4.150000,1.000000
591.408020,8.000000,8.000000,3.460000,2.000000,2.000000,0.000000,4.150000,1.000000
591.413025,4.000000,4.000000,3.450000,2.000000,4.000000,0.000000,3.890000,1.000000
591.418030,-11.000000,-11.000000,3.560000,2.000000,4.000000,0.000000,3.890000,1.000000
591.422974,-23.000000,-23.000000,3.690000,2.000000,4.000000,0.000000,4.170000,1.000000
591.427979,-14.000000,-14.000000,3.760000,2.000000,4.000000,0.000000,4.170000,1.000000
591.432983,-11.000000,-11.000000,3.850000,0.000000,0.000000,0.000000,4.180000,1.000000
591.437988,-5.000000,-5.000000,3.820000,0.000000,0.000000,0.000000,4.180000,1.000000
591.442993,7.000000,7.000000,3.820000,2.000000,2.000000,0.000000,3.380000,1.000000
591.447998,-47.000000,-47.000000,3.870000,2.000000,2.000000,0.000000,3.380000,1.000000
591.453003,-50.000000,-50.000000,3.890000,0.000000,2.000000,0.000000,3.920000,1.000000
591.458008,-7.000000,-7.000000,3.860000,0.000000,2.000000,0.000000,3.920000,1.000000
591.463013,2.000000,2.000000,3.850000,0.000000,0.000000,0.000000,3.660000,1.000000
591.468018,-12.000000,-12.000000,3.830000,0.000000,0.000000,0.000000,3.660000,1.000000
591.473022,-9.000000,-9.000000,3.800000,-2.000000,0.000000,0.000000,3.400000,1.000000
591.478027,-26.000000,-26.000000,3.770000,-2.000000,0.000000,0.000000,3.400000,1.000000
591.482971,-24.000000,-24.000000,3.770000,0.000000,0.000000,0.000000,3.130000,1.000000
591.487976,-47.000000,-47.000000,3.720000,0.000000,0.000000,0.000000,3.130000,1.000000
591.492981,-43.000000,-43.000000,3.730000,0.000000,0.000000,0.000000,3.390000,1.000000
591.497986,-25.000000,-25.000000,3.700000,0.000000,0.000000,0.000000,3.390000,1.000000
591.502991,-25.000000,-25.000000,3.710000,-2.000000,-2.000000,0.000000,3.390000,1.000000
591.507996,-28.000000,-28.000000,3.680000,-2.000000,-2.000000,0.000000,3.390000,1.000000
591.513000,-26.000000,-26.000000,3.680000,0.000000,0.000000,0.000000,2.850000,1.000000
591.518005,-67.000000,-67.000000,3.670000,0.000000,0.000000,0.000000,2.850000,1.000000
591.523010,-70.000000,-70.000000,3.710000,0.000000,-2.000000,0.000000,3.380000,1.000000
591.528015,-35.000000,-35.000000,3.670000,0.000000,-2.000000,0.000000,3.380000,1.000000
591.533020,-31.000000,-31.000000,3.700000,-2.000000,-2.000000,0.000000,3.110000,1.000000
591.538025,-53.000000,-53.000000,3.650000,-2.000000,-2.000000,0.000000,3.110000,1.000000
591.543030,-52.000000,-52.000000,3.730000,0.000000,-2.000000,0.000000,2.840000,1.000000
591.547974,-82.000000,-82.000000,3.850000,0.000000,-2.000000,0.000000,2.840000,1.000000
591.552979,-89.000000,-89.000000,3.890000,-2.000000,-4.000000,0.000000,3.100000,1.000000
591.557983,-57.000000,-57.000000,3.760000,-2.000000,-4.000000,0.000000,3.100000,1.000000
591.562988,-27.000000,-27.000000,3.720000,-2.000000,-2.000000,0.000000,2.560000,1.000000
591.567993,-56.000000,-56.000000,3.550000,-2.000000,-2.000000,0.000000,2.560000,1.000000
591.572998,-42.000000,-42.000000,3.540000,-2.000000,-4.000000,0.000000,2.810000,1.000000
591.578003,-22.000000,-22.000000,3.480000,-2.000000,-4.000000,0.000000,2.810000,1.000000
591.583008,-23.000000,-23.000000,3.420000,-2.000000,-2.000000,0.000000,2.540000,1.000000
591.588013,-42.000000,-42.000000,3.340000,-2.000000,-2.000000,0.000000,2.540000,1.000000
591.593018,-37.000000,-37.000000,3.330000,-2.000000,-4.000000,0.000000,2.790000,1.000000
591.598022,-21.000000,-21.000000,3.300000,-2.000000,-4.000000,0.000000,2.790000,1.000000
591.603027,-20.000000,-20.000000,3.270000,-2.000000,-2.000000,0.000000,2.510000,1.000000
591.607971,-39.000000,-39.000000,3.220000,-2.000000,-2.000000,0.000000,2.510000,1.000000
591.612976,-38.000000,-38.000000,3.210000,-2.000000,-2.000000,0.000000,2.770000,1.000000
591.617981,-20.000000,-20.000000,3.170000,-2.000000,-2.000000,0.000000,2.770000,1.000000
591.622986,-21.000000,-21.000000,3.170000,0.000000,0.000000,0.000000,2.760000,1.000000
591.627991,-26.000000,-26.000000,3.190000,0.000000,0.000000,0.000000,2.760000,1.000000
591.632996,-28.000000,-28.000000,3.200000,-2.000000,0.000000,0.000000,3.290000,1.000000
591.638000,14.000000,14.000000,3.130000,-2.000000,0.000000,0.000000,3.290000,1.000000
591.643005,22.000000,22.000000,3.090000,0.000000,0.000000,0.000000,3.020000,1.000000
591.648010,3.000000,3.000000,3.090000,0.000000,0.000000,0.000000,3.020000,1.000000
591.653015,-6.000000,-6.000000,3.090000,0.000000,0.000000,0.000000,3.290000,1.000000
591.658020,5.000000,5.000000,3.170000,0.000000,0.000000,0.000000,3.290000,1.000000
591.663025,-6.000000,-6.000000,3.210000,0.000000,0.000000,0.000000,3.290000,1.000000
591.668030,-10.000000,-10.000000,3.230000,0.000000,0.000000,0.000000,3.290000,1.000000
591.672974,-11.000000,-11.000000,3.270000,0.000000,0.000000,0.000000,3.290000,1.000000
591.677979,-13.000000,-13.000000,3.320000,0.000000,0.000000,0.000000,3.290000,1.000000
591.682983,-17.000000,-17.000000,3.360000,0.000000,0.000000,0.000000,3.290000,1.000000
591.687988,-19.000000,-19.000000,3.350000,0.000000,0.000000,0.000000,3.290000,1.000000
591.692993,-15.000000,-15.000000,3.400000,0.000000,0.000000,0.000000,3.290000,1.000000
591.697998,-18.000000,-18.000000,3.410000,0.000000,0.000000,0.000000,3.290000,1.000000
591.703003,-17.000000,-17.000000,3.420000,0.000000,0.000000,0.000000,3.290000,1.000000
591.708008,-16.000000,-16.000000,3.440000,0.000000,0.000000,0.000000,3.290000,1.000000
591.713013,-17.000000,-17.000000,3.470000,0.000000,0.000000,0.000000,3.290000,1.000000
591.718018,-17.000000,-17.000000,3.430000,0.000000,0.000000,0.000000,3.290000,1.000000
591.723022,-10.000000,-10.000000,3.420000,0.000000,0.000000,0.000000,3.290000,1.000000
591.728027,-8.000000,-8.000000,3.450000,0.000000,0.000000,0.000000,3.290000,1.000000
591.732971,-13.000000,-13.000000,3.490000,-2.000000,0.000000,0.000000,3.290000,1.000000
591.737976,-15.000000,-15.000000,3.450000,-2.000000,0.000000,0.000000,3.290000,1.000000
591.742981,-7.000000,-7.000000,3.410000,0.000000,0.000000,0.000000,3.020000,1.000000
591.747986,-22.000000,-22.000000,3.420000,0.000000,0.000000,0.000000,3.020000,1.000000
591.752991,-26.000000,-26.000000,3.470000,0.000000,0.000000,0.000000,3.290000,1.000000
591.757996,-10.000000,-10.000000,3.420000,0.000000,0.000000,0.000000,3.290000,1.000000
591.763000,-2.000000,-2.000000,3.380000,0.000000,0.000000,0.000000,3.290000,1.000000
591.768005,2.000000,2.000000,3.390000,0.000000,0.000000,0.000000,3.290000,1.000000
591.773010,-1.000000,-1.000000,3.410000,0.000000,0.000000,0.000000,3.290000,1.000000
591.778015,-4.000000,-4.000000,3.390000,0.000000,0.000000,0.000000,3.290000,1.000000
591.783020,1.000000,1.000000,3.350000,0.000000,0.000000,0.000000,3.290000,1.000000
591.788025,5.000000,5.000000,3.340000,0.000000,0.000000,0.000000,3.290000,1.000000
591.793030,5.000000,5.000000,3.360000,0.000000,0.000000,0.000000,3.290000,1.000000
591.797974,2.000000,2.000000,3.340000,0.000000,0.000000,0.000000,3.290000,1.000000
591.802979,5.000000,5.000000,3.310000,0.000000,0.000000,0.000000,3.290000,1.000000
591.807983,10.000000,10.000000,3.300000,0.000000,0.000000,0.000000,3.290000,1.000000
591.812988,10.000000,10.000000,3.290000,0.000000,0.000000,0.000000,3.290000,1.000000
591.817993,10.000000,10.000000,3.280000,0.000000,0.000000,0.000000,3.290000,1.000000
591.822998,12.000000,12.000000,3.240000,0.000000,0.000000,0.000000,3.290000,1.000000
591.828003,17.000000,17.000000,3.240000,0.000000,0.000000,0.000000,3.290000,1.000000
591.833008,17.000000,17.000000,3.220000,0.000000,0.000000,0.000000,3.290000,1.000000
591.838013,18.000000,18.000000,3.200000,0.000000,0.000000,0.000000,3.290000,1.000000
591.843018,21.000000,21.000000,3.160000,0.000000,0.000000,0.000000,3.290000,1.000000
591.848022,25.000000,25.000000,3.170000,0.000000,0.000000,0.000000,3.290000,1.000000
591.853027,23.000000,23.000000,3.140000,0.000000,0.000000,0.000000,3.290000,1.000000
591.857971,26.000000,26.000000,3.120000,0.000000,0.000000,0.000000,3.290000,1.000000
591.862976,29.000000,29.000000,3.070000,0.000000,0.000000,0.000000,3.290000,1.000000
591.867981,33.000000,33.000000,3.090000,0.000000,0.000000,0.000000,3.290000,1.000000
591.872986,30.000000,30.000000,3.060000,0.000000,2.000000,0.000000,3.290000,1.000000
591.877991,32.000000,32.000000,3.040000,0.000000,2.000000,0.000000,3.290000,1.000000
591.882996,37.000000,37.000000,2.990000,0.000000,0.000000,0.000000,3.560000,1.000000
591.888000,62.000000,62.000000,3.000000,0.000000,0.000000,0.000000,3.560000,1.000000
591.893005,58.000000,58.000000,2.980000,0.000000,0.000000,0.000000,3.290000,1.000000
591.898010,38.000000,38.000000,2.970000,0.000000,0.000000,0.000000,3.290000,1.000000
591.903015,42.000000,42.000000,2.860000,0.000000,0.000000,0.000000,3.290000,1.000000
591.908020,52.000000,52.000000,2.900000,0.000000,0.000000,0.000000,3.290000,1.000000
591.913025,46.000000,46.000000,2.850000,2.000000,0.000000,0.000000,3.290000,1.000000
591.918030,47.000000,47.000000,2.820000,2.000000,0.000000,0.000000,3.290000,1.000000
591.922974,51.000000,51.000000,2.760000,2.000000,0.000000,0.000000,3.560000,1.000000
591.927979,73.000000,73.000000,2.790000,2.000000,0.000000,0.000000,3.560000,1.000000
591.932983,65.000000,65.000000,2.750000,2.000000,2.000000,0.000000,3.560000,1.000000
591.937988,63.000000,63.000000,2.740000,2.000000,2.000000,0.000000,3.560000,1.000000
591.942993,61.000000,61.000000,2.730000,2.000000,2.000000,0.000000,3.840000,1.000000
591.947998,76.000000,76.000000,2.740000,2.000000,2.000000,0.000000,3.840000,1.000000
591.953003,68.000000,68.000000,2.730000,4.000000,4.000000,0.000000,3.850000,1.000000
591.958008,36.000000,36.000000,2.900000,4.000000,4.000000,0.000000,3.850000,1.000000
591.963013,36.000000,36.000000,2.960000,2.000000,2.000000,0.000000,4.400000,1.000000
591.968018,77.000000,77.000000,2.970000,2.000000,2.000000,0.000000,4.400000,1.000000
591.973022,36.000000,36.000000,2.950000,2.000000,2.000000,0.000000,3.870000,1.000000
591.978027,15.000000,15.000000,3.090000,2.000000,2.000000,0.000000,3.870000,1.000000
591.982971,2.000000,2.000000,3.200000,4.000000,2.000000,0.000000,3.880000,1.000000
591.987976,-2.000000,-2.000000,3.320000,4.000000,2.000000,0.000000,3.880000,1.000000
591.992981,24.000000,24.000000,3.310000,2.000000,2.000000,0.000000,4.160000,1.000000
591.997986,20.000000,20.000000,3.370000,2.000000,2.000000,0.000000,4.160000,1.000000
592.002991,-11.000000,-11.000000,3.470000,2.000000,2.000000,0.000000,3.900000,1.000000
592.007996,-16.000000,-16.000000,3.540000,2.000000,2.000000,0.000000,3.900000,1.000000
592.013000,-16.000000,-16.000000,3.580000,2.000000,2.000000,0.000000,3.910000,1.000000
592.018005,-23.000000,-23.000000,3.680000,2.000000,2.000000,0.000000,3.910000,1.000000
592.023010,-29.000000,-29.000000,3.790000,2.000000,2.000000,0.000000,3.920000,1.000000
592.028015,-24.000000,-24.000000,3.820000,2.000000,2.000000,0.000000,3.920000,1.000000
592.033020,-17.000000,-17.000000,3.860000,2.000000,0.000000,0.000000,3.930000,1.000000
592.038025,-9.000000,-9.000000,3.840000,2.000000,0.000000,0.000000,3.930000,1.000000
592.043030,-28.000000,-28.000000,3.860000,0.000000,0.000000,0.000000,3.670000,1.000000
592.047974,-27.000000,-27.000000,3.870000,0.000000,0.000000,0.000000,3.670000,1.000000
592.052979,-45.000000,-45.000000,3.870000,0.000000,0.000000,0.000000,3.400000,1.000000
592.057983,-42.000000,-42.000000,3.840000,0.000000,0.000000,0.000000,3.400000,1.000000
592.062988,-47.000000,-47.000000,3.870000,0.000000,0.000000,0.000000,3.400000,1.000000
592.067993,-44.000000,-44.000000,3.820000,0.000000,0.000000,0.000000,3.400000,1.000000
592.072998,-48.000000,-48.000000,3.880000,-2.000000,-2.000000,0.000000,3.400000,1.000000
592.078003,-52.000000,-52.000000,3.870000,-2.000000,-2.000000,0.000000,3.400000,1.000000
592.083008,-98.000000,-98.000000,3.920000,0.000000,-2.000000,0.000000,2.860000,1.000000
592.088013,-92.000000,-92.000000,3.870000,0.000000,-2.000000,0.000000,2.860000,1.000000
592.093018,-92.000000,-92.000000,3.890000,0.000000,-2.000000,0.000000,3.120000,1.000000
592.098022,-73.000000,-73.000000,3.880000,0.000000,-2.000000,0.000000,3.120000,1.000000
592.103027,-77.000000,-77.000000,3.950000,-2.000000,0.000000,0.000000,3.120000,1.000000
592.107971,-86.000000,-86.000000,4.060000,-2.000000,0.000000,0.000000,3.120000,1.000000
592.112976,-93.000000,-93.000000,4.190000,-2.000000,-2.000000,0.000000,3.110000,1.000000
592.117981,-91.000000,-91.000000,4.060000,-2.000000,-2.000000,0.000000,3.110000,1.000000
592.122986,-57.000000,-57.000000,3.990000,-2.000000,-2.000000,0.000000,2.840000,1.000000
592.127991,-60.000000,-60.000000,3.950000,-2.000000,-2.000000,0.000000,2.840000,1.000000
592.132996,-54.000000,-54.000000,3.970000,-4.000000,-4.000000,0.000000,2.830000,1.000000
592.138000,-54.000000,-54.000000,3.870000,-4.000000,-4.000000,0.000000,2.830000,1.000000
592.143005,-45.000000,-45.000000,3.790000,-2.000000,-2.000000,0.000000,2.280000,1.000000
592.148010,-73.000000,-73.000000,3.670000,-2.000000,-2.000000,0.000000,2.280000,1.000000
592.153015,-62.000000,-62.000000,3.630000,-2.000000,-4.000000,0.000000,2.810000,1.000000
592.158020,-17.000000,-17.000000,3.470000,-2.000000,-4.000000,0.000000,2.810000,1.000000
592.163025,-3.000000,-3.000000,3.420000,-2.000000,-4.000000,0.000000,2.530000,1.000000
592.168030,-23.000000,-23.000000,3.330000,-2.000000,-4.000000,0.000000,2.530000,1.000000
592.172974,-21.000000,-21.000000,3.250000,-2.000000,-4.000000,0.000000,2.510000,1.000000
592.177979,-19.000000,-19.000000,3.200000,-2.000000,-4.000000,0.000000,2.510000,1.000000
592.182983,-21.000000,-21.000000,3.180000,-2.000000,-2.000000,0.000000,2.500000,1.000000
592.187988,-27.000000,-27.000000,3.160000,-2.000000,-2.000000,0.000000,2.500000,1.000000
592.192993,-27.000000,-27.000000,3.150000,-2.000000,-2.000000,0.000000,2.760000,1.000000
592.197998,-6.000000,-6.000000,3.050000,-2.000000,-2.000000,0.000000,2.760000,1.000000
592.203003,3.000000,3.000000,2.990000,0.000000,-2.000000,0.000000,2.750000,1.000000
592.208008,4.000000,4.000000,2.990000,0.000000,-2.000000,0.000000,2.750000,1.000000
592.213013,-3.000000,-3.000000,3.000000,-2.000000,-2.000000,0.000000,3.010000,1.000000
592.218018,11.000000,11.000000,2.980000,-2.000000,-2.000000,0.000000,3.010000,1.000000
592.223022,12.000000,12.000000,2.950000,0.000000,-2.000000,0.000000,2.740000,1.000000
592.228027,-7.000000,-7.000000,2.940000,0.000000,-2.000000,0.000000,2.740000,1.000000
592.232971,-12.000000,-12.000000,2.950000,0.000000,0.000000,0.000000,3.000000,1.000000
592.237976,1.000000,1.000000,3.020000,0.000000,0.000000,0.000000,3.000000,1.000000
592.242981,-9.000000,-9.000000,3.050000,0.000000,0.000000,0.000000,3.260000,1.000000
592.247986,9.000000,9.000000,3.050000,0.000000,0.000000,0.000000,3.260000,1.000000
592.252991,14.000000,14.000000,3.060000,0.000000,0.000000,0.000000,3.260000,1.000000
592.257996,15.000000,15.000000,3.080000,0.000000,0.000000,0.000000,3.260000,1.000000
592.263000,13.000000,13.000000,3.080000,0.000000,0.000000,0.000000,3.260000,1.000000
592.268005,14.000000,14.000000,3.120000,0.000000,0.000000,0.000000,3.260000,1.000000
592.273010,12.000000,12.000000,3.100000,0.000000,0.000000,0.000000,3.260000,1.000000
592.278015,16.000000,16.000000,3.100000,0.000000,0.000000,0.000000,3.260000,1.000000
592.283020,20.000000,20.000000,3.080000,0.000000,0.000000,0.000000,3.260000,1.000000
592.288025,21.000000,21.000000,3.110000,0.000000,0.000000,0.000000,3.260000,1.000000
592.293030,19.000000,19.000000,3.090000,0.000000,0.000000,0.000000,3.260000,1.000000
592.297974,22.000000,22.000000,3.080000,0.000000,0.000000,0.000000,3.260000,1.000000
592.302979,27.000000,27.000000,3.040000,2.000000,0.000000,0.000000,3.260000,1.000000
592.307983,33.000000,33.000000,3.060000,2.000000,0.000000,0.000000,3.260000,1.000000
592.312988,29.000000,29.000000,3.040000,0.000000,0.000000,0.000000,3.530000,1.000000
592.317993,51.000000,51.000000,3.030000,0.000000,0.000000,0.000000,3.530000,1.000000
592.322998,57.000000,57.000000,2.970000,0.000000,2.000000,0.000000,3.270000,1.000000
592.328003,44.000000,44.000000,3.010000,0.000000,2.000000,0.000000,3.270000,1.000000
592.333008,39.000000,39.000000,2.970000,2.000000,2.000000,0.000000,3.540000,1.000000
592.338013,61.000000,61.000000,2.970000,2.000000,2.000000,0.000000,3.540000,1.000000
592.343018,65.000000,65.000000,2.900000,0.000000,2.000000,0.000000,3.810000,1.000000
592.348022,93.000000,93.000000,2.870000,0.000000,2.000000,0.000000,3.810000,1.000000
592.353027,93.000000,93.000000,2.680000,2.000000,2.000000,0.000000,3.550000,1.000000
592.357971,81.000000,81.000000,2.740000,2.000000,2.000000,0.000000,3.550000,1.000000
592.362976,59.000000,59.000000,2.810000,2.000000,2.000000,0.000000,3.830000,1.000000
592.367981,59.000000,59.000000,2.940000,2.000000,2.000000,0.000000,3.830000,1.000000
592.372986,49.000000,49.000000,2.840000,2.000000,2.000000,0.000000,3.830000,1.000000
592.377991,57.000000,57.000000,2.940000,2.000000,2.000000,0.000000,3.830000,1.000000
592.382996,43.000000,43.000000,3.000000,4.000000,2.000000,0.000000,3.840000,1.000000
592.388000,30.000000,30.000000,3.100000,4.000000,2.000000,0.000000,3.840000,1.000000
592.393005,22.000000,22.000000,3.100000,2.000000,2.000000,0.000000,4.120000,1.000000
592.398010,44.000000,44.000000,3.230000,2.000000,2.000000,0.000000,4.120000,1.000000
592.403015,29.000000,29.000000,3.330000,2.000000,2.000000,0.000000,3.860000,1.000000
592.408020,-1.000000,-1.000000,3.380000,2.000000,2.000000,0.000000,3.860000,1.000000
592.413025,-1.000000,-1.000000,3.390000,4.000000,2.000000,0.000000,3.870000,1.000000
592.418030,-1.000000,-1.000000,3.530000,4.000000,2.000000,0.000000,3.870000,1.000000
592.422974,-16.000000,-16.000000,3.640000,2.000000,2.000000,0.000000,4.150000,1.000000
592.427979,-5.000000,-5.000000,3.700000,2.000000,2.000000,0.000000,4.150000,1.000000
592.432983,0.000000,0.000000,3.730000,2.000000,2.000000,0.000000,3.890000,1.000000
592.437988,-10.000000,-10.000000,3.700000,2.000000,2.000000,0.000000,3.890000,1.000000
592.442993,-1.000000,-1.000000,3.720000,2.000000,2.000000,0.000000,3.900000,1.000000
592.447998,0.000000,0.000000,3.770000,2.000000,2.000000,0.000000,3.900000,1.000000
592.453003,-4.000000,-4.000000,3.810000,0.000000,0.000000,0.000000,3.910000,1.000000
592.458008,-1.000000,-1.000000,3.770000,0.000000,0.000000,0.000000,3.910000,1.000000
592.463013,10.000000,10.000000,3.730000,0.000000,0.000000,0.000000,3.380000,1.000000
592.468018,-22.000000,-22.000000,3.730000,0.000000,0.000000,0.000000,3.380000,1.000000
592.473022,-22.000000,-22.000000,3.730000,0.000000,0.000000,0.000000,3.380000,1.000000
592.478027,-21.000000,-21.000000,3.690000,0.000000,0.000000,0.000000,3.380000,1.000000
592.482971,-15.000000,-15.000000,3.640000,0.000000,0.000000,0.000000,3.380000,1.000000
592.487976,-11.000000,-11.000000,3.560000,0.000000,0.000000,0.000000,3.380000,1.000000
592.492981,-6.000000,-6.000000,3.570000,0.000000,0.000000,0.000000,3.380000,1.000000
592.497986,-8.000000,-8.000000,3.560000,0.000000,0.000000,0.000000,3.380000,1.000000
592.502991,-11.000000,-11.000000,3.550000,0.000000,0.000000,0.000000,3.380000,1.000000
592.507996,-12.000000,-12.000000,3.530000,0.000000,0.000000,0.000000,3.380000,1.000000
592.513000,-11.000000,-11.000000,3.510000,0.000000,0.000000,0.000000,3.380000,1.000000
592.518005,-11.000000,-11.000000,3.500000,0.000000,0.000000,0.000000,3.380000,1.000000
592.523010,-12.000000,-12.000000,3.530000,0.000000,0.000000,0.000000,3.380000,1.000000
592.528015,-17.000000,-17.000000,3.500000,0.000000,0.000000,0.000000,3.380000,1.000000
592.533020,-15.000000,-15.000000,3.500000,0.000000,-2.000000,0.000000,3.380000,1.000000
592.538025,-16.000000,-16.000000,3.510000,0.000000,-2.000000,0.000000,3.380000,1.000000
592.543030,-20.000000,-20.000000,3.540000,0.000000,0.000000,0.000000,3.110000,1.000000
592.547974,-45.000000,-45.000000,3.520000,0.000000,0.000000,0.000000,3.110000,1.000000
592.552979,-42.000000,-42.000000,3.540000,0.000000,0.000000,0.000000,3.380000,1.000000
592.557983,-25.000000,-25.000000,3.550000,0.000000,0.000000,0.000000,3.380000,1.000000
592.562988,-29.000000,-29.000000,3.590000,0.000000,0.000000,0.000000,3.380000,1.000000
592.567993,-34.000000,-34.000000,3.570000,0.000000,0.000000,0.000000,3.380000,1.000000
592.572998,-31.000000,-31.000000,3.590000,0.000000,0.000000,0.000000,3.380000,1.000000
592.578003,-33.000000,-33.000000,3.610000,0.000000,0.000000,0.000000,3.380000,1.000000
592.583008,-38.000000,-38.000000,3.660000,0.000000,0.000000,0.000000,3.380000,1.000000
592.588013,-44.000000,-44.000000,3.650000,0.000000,0.000000,0.000000,3.380000,1.000000
592.593018,-42.000000,-42.000000,3.670000,-2.000000,0.000000,0.000000,3.380000,1.000000
592.598022,-43.000000,-43.000000,3.680000,-2.000000,0.000000,0.000000,3.380000,1.000000
592.603027,-47.000000,-47.000000,3.750000,0.000000,0.000000,0.000000,3.110000,1.000000
592.607971,-75.000000,-75.000000,3.750000,0.000000,0.000000,0.000000,3.110000,1.000000
592.612976,-73.000000,-73.000000,3.840000,0.000000,0.000000,0.000000,3.370000,1.000000
592.617981,-56.000000,-56.000000,3.830000,0.000000,0.000000,0.000000,3.370000,1.000000
592.622986,-53.000000,-53.000000,3.870000,0.000000,-2.000000,0.000000,3.370000,1.000000
592.627991,-54.000000,-54.000000,3.910000,0.000000,-2.000000,0.000000,3.370000,1.000000
592.632996,-55.000000,-55.000000,4.000000,-2.000000,-2.000000,0.000000,3.100000,1.000000
592.638000,-73.000000,-73.000000,3.880000,-2.000000,-2.000000,0.000000,3.100000,1.000000
592.643005,-52.000000,-52.000000,3.850000,0.000000,-2.000000,0.000000,2.830000,1.000000
592.648010,-64.000000,-64.000000,3.830000,0.000000,-2.000000,0.000000,2.830000,1.000000
592.653015,-64.000000,-64.000000,3.870000,-2.000000,-4.000000,0.000000,3.090000,1.000000
592.658020,-44.000000,-44.000000,3.750000,-2.000000,-4.000000,0.000000,3.090000,1.000000
592.663025,-29.000000,-29.000000,3.700000,-2.000000,-2.000000,0.000000,2.540000,1.000000
592.668030,-63.000000,-63.000000,3.610000,-2.000000,-2.000000,0.000000,2.540000,1.000000
592.672974,-56.000000,-56.000000,3.620000,-2.000000,-4.000000,0.000000,2.800000,1.000000
592.677979,-38.000000,-38.000000,3.560000,-2.000000,-4.000000,0.000000,2.800000,1.000000
592.682983,-34.000000,-34.000000,3.530000,-2.000000,-2.000000,0.000000,2.520000,1.000000
592.687988,-52.000000,-52.000000,3.470000,-2.000000,-2.000000,0.000000,2.520000,1.000000
592.692993,-47.000000,-47.000000,3.480000,-4.000000,-2.000000,0.000000,2.780000,1.000000
592.697998,-27.000000,-27.000000,3.410000,-4.000000,-2.000000,0.000000,2.780000,1.000000
592.703003,-20.000000,-20.000000,3.350000,-2.000000,-2.000000,0.000000,2.500000,1.000000
592.708008,-36.000000,-36.000000,3.330000,-2.000000,-2.000000,0.000000,2.500000,1.000000
592.713013,-37.000000,-37.000000,3.330000,-4.000000,-4.000000,0.000000,2.760000,1.000000
592.718018,-18.000000,-18.000000,3.260000,-4.000000,-4.000000,0.000000,2.760000,1.000000
592.723022,-11.000000,-11.000000,3.220000,-2.000000,-2.000000,0.000000,2.210000,1.000000
592.728027,-49.000000,-49.000000,3.210000,-2.000000,-2.000000,0.000000,2.210000,1.000000
592.732971,-52.000000,-52.000000,3.220000,-2.000000,-2.000000,0.000000,2.730000,1.000000
592.737976,-17.000000,-17.000000,3.150000,-2.000000,-2.000000,0.000000,2.730000,1.000000
592.742981,-10.000000,-10.000000,3.120000,-2.000000,0.000000,0.000000,2.720000,1.000000
592.747986,-9.000000,-9.000000,3.120000,-2.000000,0.000000,0.000000,2.720000,1.000000
592.752991,-12.000000,-12.000000,3.140000,-2.000000,-2.000000,0.000000,2.990000,1.000000
592.757996,5.000000,5.000000,3.070000,-2.000000,-2.000000,0.000000,2.990000,1.000000
592.763000,13.000000,13.000000,3.000000,-2.000000,0.000000,0.000000,2.710000,1.000000
592.768005,-1.000000,-1.000000,3.000000,-2.000000,0.000000,0.000000,2.710000,1.000000
592.773010,-6.000000,-6.000000,2.990000,0.000000,0.000000,0.000000,2.970000,1.000000
592.778015,8.000000,8.000000,3.010000,0.000000,0.000000,0.000000,2.970000,1.000000
592.783020,5.000000,5.000000,3.010000,0.000000,-2.000000,0.000000,3.240000,1.000000
592.788025,26.000000,26.000000,3.010000,0.000000,-2.000000,0.000000,3.240000,1.000000
592.793030,25.000000,25.000000,3.020000,0.000000,0.000000,0.000000,2.970000,1.000000
592.797974,5.000000,5.000000,3.020000,0.000000,0.000000,0.000000,2.970000,1.000000
592.802979,6.000000,6.000000,3.000000,0.000000,2.000000,0.000000,3.230000,1.000000
592.807983,31.000000,31.000000,3.000000,0.000000,2.000000,0.000000,3.230000,1.000000
592.812988,33.000000,33.000000,2.990000,0.000000,0.000000,0.000000,3.500000,1.000000
592.817993,55.000000,55.000000,2.970000,0.000000,0.000000,0.000000,3.500000,1.000000
592.822998,58.000000,58.000000,2.940000,0.000000,0.000000,0.000000,3.240000,1.000000
592.828003,43.000000,43.000000,2.960000,0.000000,0.000000,0.000000,3.240000,1.000000
592.833008,41.000000,41.000000,2.910000,0.000000,0.000000,0.000000,3.240000,1.000000
592.838013,44.000000,44.000000,2.920000,0.000000,0.000000,0.000000,3.240000,1.000000
592.843018,49.000000,49.000000,2.820000,0.000000,0.000000,0.000000,3.240000,1.000000
592.848022,58.000000,58.000000,2.850000,0.000000,0.000000,0.000000,3.240000,1.000000
592.853027,53.000000,53.000000,2.830000,2.000000,2.000000,0.000000,3.240000,1.000000
592.857971,53.000000,53.000000,2.820000,2.000000,2.000000,0.000000,3.240000,1.000000
592.862976,60.000000,60.000000,2.690000,0.000000,0.000000,0.000000,3.780000,1.000000
592.867981,114.000000,114.000000,2.550000,0.000000,0.000000,0.000000,3.780000,1.000000
592.872986,121.000000,121.000000,2.530000,2.000000,2.000000,0.000000,3.250000,1.000000
592.877991,62.000000,62.000000,2.690000,2.000000,2.000000,0.000000,3.250000,1.000000
592.882996,29.000000,29.000000,2.750000,2.000000,2.000000,0.000000,3.790000,1.000000
592.888000,63.000000,63.000000,2.810000,2.000000,2.000000,0.000000,3.790000,1.000000
592.893005,63.000000,63.000000,2.700000,2.000000,2.000000,0.000000,3.800000,1.000000
592.898010,77.000000,77.000000,2.750000,2.000000,2.000000,0.000000,3.800000,1.000000
592.903015,71.000000,71.000000,2.800000,4.000000,2.000000,0.000000,3.800000,1.000000
592.908020,60.000000,60.000000,2.830000,4.000000,2.000000,0.000000,3.800000,1.000000
592.913025,55.000000,55.000000,2.800000,2.000000,2.000000,0.000000,4.080000,1.000000
592.918030,73.000000,73.000000,2.960000,2.000000,2.000000,0.000000,4.080000,1.000000
592.922974,52.000000,52.000000,3.050000,2.000000,2.000000,0.000000,3.830000,1.000000
592.927979,23.000000,23.000000,3.060000,2.000000,2.000000,0.000000,3.830000,1.000000
592.932983,27.000000,27.000000,3.020000,2.000000,4.000000,0.000000,3.830000,1.000000
592.937988,29.000000,29.000000,3.180000,2.000000,4.000000,0.000000,3.830000,1.000000
592.942993,4.000000,4.000000,3.300000,2.000000,4.000000,0.000000,4.110000,1.000000
592.947998,8.000000,8.000000,3.450000,2.000000,4.000000,0.000000,4.110000,1.000000
592.953003,2.000000,2.000000,3.470000,2.000000,2.000000,0.000000,4.130000,1.000000
592.958008,11.000000,11.000000,3.480000,2.000000,2.000000,0.000000,4.130000,1.000000
592.963013,19.000000,19.000000,3.550000,2.000000,4.000000,0.000000,3.870000,1.000000
592.968018,-7.000000,-7.000000,3.640000,2.000000,4.000000,0.000000,3.870000,1.000000
592.973022,-15.000000,-15.000000,3.680000,2.000000,2.000000,0.000000,4.150000,1.000000
592.978027,7.000000,7.000000,3.720000,2.000000,2.000000,0.000000,4.150000,1.000000
592.982971,10.000000,10.000000,3.710000,2.000000,0.000000,0.000000,3.890000,1.000000
592.987976,-3.000000,-3.000000,3.710000,2.000000,0.000000,0.000000,3.890000,1.000000
592.992981,0.000000,0.000000,3.730000,2.000000,2.000000,0.000000,3.630000,1.000000
592.997986,-22.000000,-22.000000,3.770000,2.000000,2.000000,0.000000,3.630000,1.000000
593.002991,-24.000000,-24.000000,3.790000,2.000000,2.000000,0.000000,3.900000,1.000000
593.007996,-2.000000,-2.000000,3.780000,2.000000,2.000000,0.000000,3.900000,1.000000
593.013000,5.000000,5.000000,3.790000,0.000000,0.000000,0.000000,3.910000,1.000000
593.018005,12.000000,12.000000,3.710000,0.000000,0.000000,0.000000,3.910000,1.000000
593.023010,22.000000,22.000000,3.660000,0.000000,0.000000,0.000000,3.380000,1.000000
593.028015,-14.000000,-14.000000,3.690000,0.000000,0.000000,0.000000,3.380000,1.000000
593.033020,-22.000000,-22.000000,3.660000,0.000000,0.000000,0.000000,3.380000,1.000000
593.038025,-23.000000,-23.000000,3.660000,0.000000,0.000000,0.000000,3.380000,1.000000
593.043030,-23.000000,-23.000000,3.650000,0.000000,0.000000,0.000000,3.380000,1.000000
593.047974,-23.000000,-23.000000,3.590000,0.000000,0.000000,0.000000,3.380000,1.000000
593.052979,-16.000000,-16.000000,3.610000,0.000000,0.000000,0.000000,3.380000,1.000000
593.057983,-19.000000,-19.000000,3.590000,0.000000,0.000000,0.000000,3.380000,1.000000
593.062988,-22.000000,-22.000000,3.600000,-2.000000,0.000000,0.000000,3.380000,1.000000
593.067993,-25.000000,-25.000000,3.580000,-2.000000,0.000000,0.000000,3.380000,1.000000
593.072998,-24.000000,-24.000000,3.580000,0.000000,0.000000,0.000000,3.110000,1.000000
593.078003,-45.000000,-45.000000,3.570000,0.000000,0.000000,0.000000,3.110000,1.000000
593.083008,-47.000000,-47.000000,3.640000,0.000000,0.000000,0.000000,3.380000,1.000000
593.088013,-35.000000,-35.000000,3.580000,0.000000,0.000000,0.000000,3.380000,1.000000
593.093018,-30.000000,-30.000000,3.620000,0.000000,0.000000,0.000000,3.380000,1.000000
593.098022,-33.000000,-33.000000,3.610000,0.000000,0.000000,0.000000,3.380000,1.000000
593.103027,-36.000000,-36.000000,3.680000,0.000000,0.000000,0.000000,3.380000,1.000000
593.107971,-44.000000,-44.000000,3.660000,0.000000,0.000000,0.000000,3.380000,1.000000
593.112976,-41.000000,-41.000000,3.720000,-2.000000,-2.000000,0.000000,3.380000,1.000000
593.117981,-45.000000,-45.000000,3.780000,-2.000000,-2.000000,0.000000,3.380000,1.000000
593.122986,-52.000000,-52.000000,3.850000,0.000000,-2.000000,0.000000,2.840000,1.000000
593.127991,-98.000000,-98.000000,3.860000,0.000000,-2.000000,0.000000,2.840000,1.000000
593.132996,-91.000000,-91.000000,3.900000,-2.000000,-2.000000,0.000000,3.100000,1.000000
593.138000,-64.000000,-64.000000,3.810000,-2.000000,-2.000000,0.000000,3.100000,1.000000
593.143005,-52.000000,-52.000000,3.770000,-2.000000,-2.000000,0.000000,2.820000,1.000000
593.148010,-68.000000,-68.000000,3.810000,-2.000000,-2.000000,0.000000,2.820000,1.000000
593.153015,-74.000000,-74.000000,3.850000,-2.000000,-4.000000,0.000000,2.810000,1.000000
593.158020,-72.000000,-72.000000,3.720000,-2.000000,-4.000000,0.000000,2.810000,1.000000
593.163025,-54.000000,-54.000000,3.680000,-2.000000,-2.000000,0.000000,2.540000,1.000000
593.168030,-69.000000,-69.000000,3.660000,-2.000000,-2.000000,0.000000,2.540000,1.000000
593.172974,-69.000000,-69.000000,3.690000,-2.000000,-4.000000,0.000000,2.790000,1.000000
593.177979,-49.000000,-49.000000,3.540000,-2.000000,-4.000000,0.000000,2.790000,1.000000
593.182983,-28.000000,-28.000000,3.470000,-4.000000,-4.000000,0.000000,2.510000,1.000000
593.187988,-41.000000,-41.000000,3.360000,-4.000000,-4.000000,0.000000,2.510000,1.000000
593.192993,-36.000000,-36.000000,3.390000,-2.000000,-4.000000,0.000000,2.230000,1.000000
593.197998,-62.000000,-62.000000,3.350000,-2.000000,-4.000000,0.000000,2.230000,1.000000
593.203003,-59.000000,-59.000000,3.300000,-2.000000,-2.000000,0.000000,2.480000,1.000000
593.208008,-33.000000,-33.000000,3.230000,-2.000000,-2.000000,0.000000,2.480000,1.000000
593.213013,-27.000000,-27.000000,3.270000,-2.000000,-2.000000,0.000000,2.740000,1.000000
593.218018,-9.000000,-9.000000,3.130000,-2.000000,-2.000000,0.000000,2.740000,1.000000
593.223022,8.000000,8.000000,3.040000,-2.000000,-2.000000,0.000000,2.730000,1.000000
593.228027,18.000000,18.000000,2.960000,-2.000000,-2.000000,0.000000,2.730000,1.000000
593.232971,19.000000,19.000000,2.900000,-2.000000,-4.000000,0.000000,2.720000,1.000000
593.237976,16.000000,16.000000,2.900000,-2.000000,-4.000000,0.000000,2.720000,1.000000
593.242981,8.000000,8.000000,2.870000,-2.000000,-2.000000,0.000000,2.450000,1.000000
593.247986,-13.000000,-13.000000,2.810000,-2.000000,-2.000000,0.000000,2.450000,1.000000
593.252991,-13.000000,-13.000000,2.760000,0.000000,0.000000,0.000000,2.700000,1.000000
593.257996,3.000000,3.000000,2.810000,0.000000,0.000000,0.000000,2.700000,1.000000
593.263000,-11.000000,-11.000000,2.860000,0.000000,0.000000,0.000000,3.230000,1.000000
593.268005,18.000000,18.000000,2.890000,0.000000,0.000000,0.000000,3.230000,1.000000
593.273010,15.000000,15.000000,2.910000,0.000000,0.000000,0.000000,3.230000,1.000000
593.278015,13.000000,13.000000,2.950000,0.000000,0.000000,0.000000,3.230000,1.000000
593.283020,10.000000,10.000000,2.990000,0.000000,0.000000,0.000000,3.230000,1.000000
593.288025,7.000000,7.000000,3.050000,0.000000,0.000000,0.000000,3.230000,1.000000
593.293030,4.000000,4.000000,3.040000,0.000000,0.000000,0.000000,3.230000,1.000000
593.297974,7.000000,7.000000,3.070000,0.000000,0.000000,0.000000,3.230000,1.000000
593.302979,8.000000,8.000000,3.080000,0.000000,2.000000,0.000000,3.230000,1.000000
593.307983,8.000000,8.000000,3.110000,0.000000,2.000000,0.000000,3.230000,1.000000
593.312988,7.000000,7.000000,3.120000,2.000000,0.000000,0.000000,3.500000,1.000000
593.317993,28.000000,28.000000,3.130000,2.000000,0.000000,0.000000,3.500000,1.000000
593.322998,31.000000,31.000000,3.090000,0.000000,0.000000,0.000000,3.510000,1.000000
593.328003,36.000000,36.000000,3.150000,0.000000,0.000000,0.000000,3.510000,1.000000
593.333008,30.000000,30.000000,3.130000,0.000000,2.000000,0.000000,3.240000,1.000000
593.338013,13.000000,13.000000,3.130000,0.000000,2.000000,0.000000,3.240000,1.000000
593.343018,18.000000,18.000000,3.090000,0.000000,0.000000,0.000000,3.510000,1.000000
593.348022,43.000000,43.000000,3.110000,0.000000,0.000000,0.000000,3.510000,1.000000
593.353027,41.000000,41.000000,3.120000,0.000000,0.000000,0.000000,3.250000,1.000000
593.357971,21.000000,21.000000,3.100000,0.000000,0.000000,0.000000,3.250000,1.000000
593.362976,26.000000,26.000000,3.050000,0.000000,0.000000,0.000000,3.250000,1.000000
593.367981,33.000000,33.000000,3.070000,0.000000,0.000000,0.000000,3.250000,1.000000
593.372986,31.000000,31.000000,3.040000,0.000000,0.000000,0.000000,3.250000,1.000000
593.377991,32.000000,32.000000,3.030000,0.000000,0.000000,0.000000,3.250000,1.000000
593.382996,35.000000,35.000000,2.990000,0.000000,2.000000,0.000000,3.250000,1.000000
593.388000,42.000000,42.000000,2.970000,0.000000,2.000000,0.000000,3.250000,1.000000
593.393005,42.000000,42.000000,2.920000,0.000000,0.000000,0.000000,3.520000,1.000000
593.398010,64.000000,64.000000,2.910000,0.000000,0.000000,0.000000,3.520000,1.000000
593.403015,66.000000,66.000000,2.870000,0.000000,0.000000,0.000000,3.250000,1.000000
593.408020,48.000000,48.000000,2.830000,0.000000,0.000000,0.000000,3.250000,1.000000
593.413025,49.000000,49.000000,2.720000,2.000000,2.000000,0.000000,3.250000,1.000000
593.418030,52.000000,52.000000,2.800000,2.000000,2.000000,0.000000,3.250000,1.000000
593.422974,33.000000,33.000000,2.830000,2.000000,2.000000,0.000000,3.790000,1.000000
593.427979,62.000000,62.000000,2.860000,2.000000,2.000000,0.000000,3.790000,1.000000
593.432983,62.000000,62.000000,2.770000,4.000000,4.000000,0.000000,3.800000,1.000000
593.437988,70.000000,70.000000,2.830000,4.000000,4.000000,0.000000,3.800000,1.000000
593.442993,61.000000,61.000000,2.860000,2.000000,2.000000,0.000000,4.350000,1.000000
593.447998,96.000000,96.000000,2.900000,2.000000,2.000000,0.000000,4.350000,1.000000
593.453003,94.000000,94.000000,2.830000,4.000000,2.000000,0.000000,3.830000,1.000000
593.458008,57.000000,57.000000,2.980000,4.000000,2.000000,0.000000,3.830000,1.000000
593.463013,36.000000,36.000000,3.050000,2.000000,2.000000,0.000000,4.100000,1.000000
593.468018,46.000000,46.000000,3.100000,2.000000,2.000000,0.000000,4.100000,1.000000
593.473022,47.000000,47.000000,3.060000,4.000000,2.000000,0.000000,3.850000,1.000000
593.478027,31.000000,31.000000,3.180000,4.000000,2.000000,0.000000,3.850000,1.000000
593.482971,13.000000,13.000000,3.300000,2.000000,4.000000,0.000000,4.130000,1.000000
593.487976,18.000000,18.000000,3.440000,2.000000,4.000000,0.000000,4.130000,1.000000
593.492981,12.000000,12.000000,3.420000,4.000000,2.000000,0.000000,4.140000,1.000000
593.497986,23.000000,23.000000,3.440000,4.000000,2.000000,0.000000,4.140000,1.000000
593.502991,24.000000,24.000000,3.540000,2.000000,2.000000,0.000000,4.150000,1.000000
593.507996,15.000000,15.000000,3.600000,2.000000,2.000000,0.000000,4.150000,1.000000
593.513000,11.000000,11.000000,3.600000,4.000000,2.000000,0.000000,3.890000,1.000000
593.518005,-5.000000,-5.000000,3.670000,4.000000,2.000000,0.000000,3.890000,1.000000
593.523010,-10.000000,-10.000000,3.720000,2.000000,2.000000,0.000000,4.170000,1.000000
593.528015,7.000000,7.000000,3.750000,2.000000,2.000000,0.000000,4.170000,1.000000
593.533020,11.000000,11.000000,3.770000,2.000000,0.000000,0.000000,3.920000,1.000000
593.538025,-3.000000,-3.000000,3.750000,2.000000,0.000000,0.000000,3.920000,1.000000
593.543030,5.000000,5.000000,3.740000,0.000000,2.000000,0.000000,3.650000,1.000000
593.547974,-12.000000,-12.000000,3.780000,0.000000,2.000000,0.000000,3.650000,1.000000
593.552979,-14.000000,-14.000000,3.770000,0.000000,0.000000,0.000000,3.660000,1.000000
593.557983,-10.000000,-10.000000,3.720000,0.000000,0.000000,0.000000,3.660000,1.000000
593.562988,-3.000000,-3.000000,3.710000,0.000000,0.000000,0.000000,3.390000,1.000000
593.567993,-22.000000,-22.000000,3.690000,0.000000,0.000000,0.000000,3.390000,1.000000
593.572998,-22.000000,-22.000000,3.690000,0.000000,0.000000,0.000000,3.390000,1.000000
593.578003,-24.000000,-24.000000,3.670000,0.000000,0.000000,0.000000,3.390000,1.000000
593.583008,-24.000000,-24.000000,3.670000,0.000000,0.000000,0.000000,3.390000,1.000000
593.588013,-26.000000,-26.000000,3.630000,0.000000,0.000000,0.000000,3.390000,1.000000
593.593018,-23.000000,-23.000000,3.660000,0.000000,0.000000,0.000000,3.390000,1.000000
593.598022,-26.000000,-26.000000,3.650000,0.000000,0.000000,0.000000,3.390000,1.000000
593.603027,-30.000000,-30.000000,3.680000,0.000000,0.000000,0.000000,3.390000,1.000000
593.607971,-34.000000,-34.000000,3.650000,0.000000,0.000000,0.000000,3.390000,1.000000
593.612976,-30.000000,-30.000000,3.660000,0.000000,0.000000,0.000000,3.390000,1.000000
593.617981,-32.000000,-32.000000,3.660000,0.000000,0.000000,0.000000,3.390000,1.000000
593.622986,-36.000000,-36.000000,3.710000,0.000000,0.000000,0.000000,3.390000,1.000000
593.627991,-42.000000,-42.000000,3.680000,0.000000,0.000000,0.000000,3.390000,1.000000
593.632996,-38.000000,-38.000000,3.700000,0.000000,-2.000000,0.000000,3.390000,1.000000
593.638000,-39.000000,-39.000000,3.700000,0.000000,-2.000000,0.000000,3.390000,1.000000
593.643005,-44.000000,-44.000000,3.770000,0.000000,-2.000000,0.000000,3.120000,1.000000
593.648010,-72.000000,-72.000000,3.750000,0.000000,-2.000000,0.000000,3.120000,1.000000
593.653015,-69.000000,-69.000000,3.790000,0.000000,-2.000000,0.000000,3.120000,1.000000
593.658020,-71.000000,-71.000000,3.810000,0.000000,-2.000000,0.000000,3.120000,1.000000
593.663025,-73.000000,-73.000000,3.840000,0.000000,0.000000,0.000000,3.110000,1.000000
593.668030,-68.000000,-68.000000,3.820000,0.000000,0.000000,0.000000,3.110000,1.000000
593.672974,-59.000000,-59.000000,3.870000,-2.000000,-2.000000,0.000000,3.380000,1.000000
593.677979,-32.000000,-32.000000,3.730000,-2.000000,-2.000000,0.000000,3.380000,1.000000
593.682983,-12.000000,-12.000000,3.690000,-2.000000,-2.000000,0.000000,2.840000,1.000000
593.687988,-46.000000,-46.000000,3.640000,-2.000000,-2.000000,0.000000,2.840000,1.000000
593.692993,-44.000000,-44.000000,3.630000,-2.000000,-2.000000,0.000000,2.830000,1.000000
593.697998,-47.000000,-47.000000,3.570000,-2.000000,-2.000000,0.000000,2.830000,1.000000
593.703003,-45.000000,-45.000000,3.550000,0.000000,-2.000000,0.000000,2.820000,1.000000
593.708008,-45.000000,-45.000000,3.530000,0.000000,-2.000000,0.000000,2.820000,1.000000
593.713013,-46.000000,-46.000000,3.600000,-2.000000,-4.000000,0.000000,3.080000,1.000000
593.718018,-31.000000,-31.000000,3.500000,-2.000000,-4.000000,0.000000,3.080000,1.000000
593.723022,-21.000000,-21.000000,3.450000,-2.000000,0.000000,0.000000,2.540000,1.000000
593.728027,-57.000000,-57.000000,3.440000,-2.000000,0.000000,0.000000,2.540000,1.000000
593.732971,-60.000000,-60.000000,3.490000,-2.000000,-2.000000,0.000000,3.070000,1.000000
593.737976,-27.000000,-27.000000,3.450000,-2.000000,-2.000000,0.000000,3.070000,1.000000
593.742981,-21.000000,-21.000000,3.400000,-2.000000,-2.000000,0.000000,2.790000,1.000000
593.747986,-35.000000,-35.000000,3.370000,-2.000000,-2.000000,0.000000,2.790000,1.000000
593.752991,-35.000000,-35.000000,3.410000,-2.000000,-2.000000,0.000000,2.780000,1.000000
593.757996,-41.000000,-41.000000,3.380000,-2.000000,-2.000000,0.000000,2.780000,1.000000
593.763000,-38.000000,-38.000000,3.350000,-2.000000,0.000000,0.000000,2.780000,1.000000
593.768005,-36.000000,-36.000000,3.380000,-2.000000,0.000000,0.000000,2.780000,1.000000
593.773010,-39.000000,-39.000000,3.430000,-2.000000,-2.000000,0.000000,3.040000,1.000000
593.778015,-20.000000,-20.000000,3.320000,-2.000000,-2.000000,0.000000,3.040000,1.000000
593.783020,-3.000000,-3.000000,3.280000,-2.000000,-2.000000,0.000000,2.760000,1.000000
593.788025,-19.000000,-19.000000,3.280000,-2.000000,-2.000000,0.000000,2.760000,1.000000
593.793030,-24.000000,-24.000000,3.300000,-2.000000,-2.000000,0.000000,2.750000,1.000000
593.797974,-29.000000,-29.000000,3.270000,-2.000000,-2.000000,0.000000,2.750000,1.000000
593.802979,-25.000000,-25.000000,3.250000,-2.000000,0.000000,0.000000,2.750000,1.000000
593.807983,-22.000000,-22.000000,3.240000,-2.000000,0.000000,0.000000,2.750000,1.000000
593.812988,-22.000000,-22.000000,3.270000,-2.000000,-2.000000,0.000000,3.010000,1.000000
593.817993,-4.000000,-4.000000,3.190000,-2.000000,-2.000000,0.000000,3.010000,1.000000
593.822998,5.000000,5.000000,3.140000,-2.000000,-2.000000,0.000000,2.730000,1.000000
593.828003,-11.000000,-11.000000,3.150000,-2.000000,-2.000000,0.000000,2.730000,1.000000
593.833008,-16.000000,-16.000000,3.150000,0.000000,0.000000,0.000000,2.720000,1.000000
593.838013,-21.000000,-21.000000,3.130000,0.000000,0.000000,0.000000,2.720000,1.000000
593.843018,-21.000000,-21.000000,3.120000,0.000000,0.000000,0.000000,3.260000,1.000000
593.848022,19.000000,19.000000,3.130000,0.000000,0.000000,0.000000,3.260000,1.000000
593.853027,18.000000,18.000000,3.180000,0.000000,0.000000,0.000000,3.260000,1.000000
593.857971,17.000000,17.000000,3.110000,0.000000,0.000000,0.000000,3.260000,1.000000
593.862976,27.000000,27.000000,3.050000,-2.000000,-2.000000,0.000000,3.260000,1.000000
593.867981,33.000000,33.000000,3.080000,-2.000000,-2.000000,0.000000,3.260000,1.000000
593.872986,25.000000,25.000000,3.070000,2.000000,0.000000,0.000000,2.720000,1.000000
593.877991,-19.000000,-19.000000,3.100000,2.000000,0.000000,0.000000,2.720000,1.000000
593.882996,-19.000000,-19.000000,3.130000,0.000000,0.000000,0.000000,3.520000,1.000000
593.888000,43.000000,43.000000,3.040000,0.000000,0.000000,0.000000,3.520000,1.000000
593.893005,55.000000,55.000000,3.060000,0.000000,0.000000,0.000000,3.250000,1.000000
593.898010,34.000000,34.000000,3.040000,0.000000,0.000000,0.000000,3.250000,1.000000
593.903015,36.000000,36.000000,2.940000,0.000000,0.000000,0.000000,3.250000,1.000000
593.908020,48.000000,48.000000,2.990000,0.000000,0.000000,0.000000,3.250000,1.000000
593.913025,44.000000,44.000000,2.920000,2.000000,0.000000,0.000000,3.250000,1.000000
593.918030,46.000000,46.000000,2.910000,2.000000,0.000000,0.000000,3.250000,1.000000
593.922974,49.000000,49.000000,2.870000,2.000000,2.000000,0.000000,3.520000,1.000000
593.927979,74.000000,74.000000,2.880000,2.000000,2.000000,0.000000,3.520000,1.000000
593.932983,72.000000,72.000000,2.830000,2.000000,2.000000,0.000000,3.800000,1.000000
593.937988,97.000000,97.000000,2.820000,2.000000,2.000000,0.000000,3.800000,1.000000
593.942993,102.000000,102.000000,2.720000,0.000000,2.000000,0.000000,3.800000,1.000000
593.947998,112.000000,112.000000,2.730000,0.000000,2.000000,0.000000,3.800000,1.000000
593.953003,109.000000,109.000000,2.540000,4.000000,4.000000,0.000000,3.540000,1.000000
593.958008,100.000000,100.000000,2.510000,4.000000,4.000000,0.000000,3.540000,1.000000
593.963013,93.000000,93.000000,2.570000,2.000000,2.000000,0.000000,4.360000,1.000000
593.968018,122.000000,122.000000,2.630000,2.000000,2.000000,0.000000,4.360000,1.000000
593.973022,100.000000,100.000000,2.670000,4.000000,4.000000,0.000000,3.830000,1.000000
593.978027,49.000000,49.000000,2.870000,4.000000,4.000000,0.000000,3.830000,1.000000
593.982971,26.000000,26.000000,2.940000,4.000000,2.000000,0.000000,4.380000,1.000000
593.987976,59.000000,59.000000,3.040000,4.000000,2.000000,0.000000,4.380000,1.000000
593.992981,56.000000,56.000000,3.080000,2.000000,4.000000,0.000000,4.130000,1.000000
593.997986,37.000000,37.000000,3.190000,2.000000,4.000000,0.000000,4.130000,1.000000
594.002991,25.000000,25.000000,3.270000,2.000000,2.000000,0.000000,4.140000,1.000000
594.007996,20.000000,20.000000,3.330000,2.000000,2.000000,0.000000,4.140000,1.000000
594.013000,20.000000,20.000000,3.310000,2.000000,2.000000,0.000000,3.890000,1.000000
594.018005,6.000000,6.000000,3.430000,2.000000,2.000000,0.000000,3.890000,1.000000
594.023010,-4.000000,-4.000000,3.530000,2.000000,4.000000,0.000000,3.890000,1.000000
594.028015,-12.000000,-12.000000,3.590000,2.000000,4.000000,0.000000,3.890000,1.000000
594.033020,-10.000000,-10.000000,3.620000,2.000000,2.000000,0.000000,4.170000,1.000000
594.038025,19.000000,19.000000,3.620000,2.000000,2.000000,0.000000,4.170000,1.000000
594.043030,26.000000,26.000000,3.620000,0.000000,0.000000,0.000000,3.920000,1.000000
594.047974,10.000000,10.000000,3.650000,0.000000,0.000000,0.000000,3.920000,1.000000
594.052979,8.000000,8.000000,3.620000,2.000000,2.000000,0.000000,3.380000,1.000000
594.057983,-30.000000,-30.000000,3.670000,2.000000,2.000000,0.000000,3.380000,1.000000
594.062988,-35.000000,-35.000000,3.730000,2.000000,0.000000,0.000000,3.920000,1.000000
594.067993,1.000000,1.000000,3.730000,2.000000,0.000000,0.000000,3.920000,1.000000
594.072998,8.000000,8.000000,3.750000,0.000000,0.000000,0.000000,3.660000,1.000000
594.078003,-2.000000,-2.000000,3.660000,0.000000,0.000000,0.000000,3.660000,1.000000
594.083008,12.000000,12.000000,3.580000,0.000000,0.000000,0.000000,3.400000,1.000000
594.088013,0.000000,0.000000,3.580000,0.000000,0.000000,0.000000,3.400000,1.000000
594.093018,-4.000000,-4.000000,3.550000,0.000000,0.000000,0.000000,3.400000,1.000000
594.098022,-6.000000,-6.000000,3.550000,0.000000,0.000000,0.000000,3.400000,1.000000
594.103027,-7.000000,-7.000000,3.540000,0.000000,0.000000,0.000000,3.400000,1.000000
594.107971,-6.000000,-6.000000,3.490000,0.000000,0.000000,0.000000,3.400000,1.000000
594.112976,-3.000000,-3.000000,3.490000,0.000000,0.000000,0.000000,3.400000,1.000000
594.117981,-6.000000,-6.000000,3.500000,0.000000,0.000000,0.000000,3.400000,1.000000
594.122986,-10.000000,-10.000000,3.500000,0.000000,0.000000,0.000000,3.400000,1.000000
594.127991,-11.000000,-11.000000,3.470000,0.000000,0.000000,0.000000,3.400000,1.000000
594.132996,-9.000000,-9.000000,3.470000,0.000000,0.000000,0.000000,3.400000,1.000000
594.138000,-11.000000,-11.000000,3.490000,0.000000,0.000000,0.000000,3.400000,1.000000
594.143005,-15.000000,-15.000000,3.510000,0.000000,0.000000,0.000000,3.400000,1.000000
594.148010,-19.000000,-19.000000,3.500000,0.000000,0.000000,0.000000,3.400000,1.000000
594.153015,-17.000000,-17.000000,3.510000,0.000000,0.000000,0.000000,3.400000,1.000000
594.158020,-20.000000,-20.000000,3.520000,0.000000,0.000000,0.000000,3.400000,1.000000
594.163025,-24.000000,-24.000000,3.560000,0.000000,0.000000,0.000000,3.400000,1.000000
594.168030,-29.000000,-29.000000,3.540000,0.000000,0.000000,0.000000,3.400000,1.000000
594.172974,-26.000000,-26.000000,3.570000,0.000000,0.000000,0.000000,3.400000,1.000000
594.177979,-29.000000,-29.000000,3.590000,0.000000,0.000000,0.000000,3.400000,1.000000
594.182983,-34.000000,-34.000000,3.630000,0.000000,-2.000000,0.000000,3.400000,1.000000
594.187988,-40.000000,-40.000000,3.620000,0.000000,-2.000000,0.000000,3.400000,1.000000
594.192993,-36.000000,-36.000000,3.650000,0.000000,0.000000,0.000000,3.130000,1.000000
594.197998,-60.000000,-60.000000,3.670000,0.000000,0.000000,0.000000,3.130000,1.000000
594.203003,-65.000000,-65.000000,3.730000,0.000000,-2.000000,0.000000,3.390000,1.000000
594.208008,-52.000000,-52.000000,3.720000,0.000000,-2.000000,0.000000,3.390000,1.000000
594.213013,-50.000000,-50.000000,3.770000,-2.000000,-2.000000,0.000000,3.120000,1.000000
594.218018,-72.000000,-72.000000,3.760000,-2.000000,-2.000000,0.000000,3.120000,1.000000
594.223022,-75.000000,-75.000000,3.850000,-2.000000,0.000000,0.000000,2.850000,1.000000
594.228027,-105.000000,-105.000000,3.900000,-2.000000,0.000000,0.000000,2.850000,1.000000
594.232971,-107.000000,-107.000000,4.020000,-2.000000,-2.000000,0.000000,3.110000,1.000000
594.237976,-85.000000,-85.000000,3.910000,-2.000000,-2.000000,0.000000,3.110000,1.000000
594.242981,-57.000000,-57.000000,3.900000,-2.000000,-2.000000,0.000000,2.840000,1.000000
594.247986,-66.000000,-66.000000,3.810000,-2.000000,-2.000000,0.000000,2.840000,1.000000
594.252991,-54.000000,-54.000000,3.860000,-4.000000,-4.000000,0.000000,2.830000,1.000000
594.257996,-52.000000,-52.000000,3.710000,-4.000000,-4.000000,0.000000,2.830000,1.000000
594.263000,-32.000000,-32.000000,3.640000,-4.000000,-2.000000,0.000000,2.280000,1.000000
594.268005,-62.000000,-62.000000,3.490000,-4.000000,-2.000000,0.000000,2.280000,1.000000
594.273010,-52.000000,-52.000000,3.480000,-4.000000,-2.000000,0.000000,2.530000,1.000000
594.278015,-35.000000,-35.000000,3.410000,-4.000000,-2.000000,0.000000,2.530000,1.000000
594.283020,-33.000000,-33.000000,3.340000,-4.000000,-2.000000,0.000000,2.520000,1.000000
594.288025,-31.000000,-31.000000,3.280000,-4.000000,-2.000000,0.000000,2.520000,1.000000
594.293030,-30.000000,-30.000000,3.300000,-2.000000,-4.000000,0.000000,2.510000,1.000000
594.297974,-34.000000,-34.000000,3.200000,-2.000000,-4.000000,0.000000,2.510000,1.000000
594.302979,-22.000000,-22.000000,3.130000,-2.000000,-2.000000,0.000000,2.490000,1.000000
594.307983,-16.000000,-16.000000,3.080000,-2.000000,-2.000000,0.000000,2.490000,1.000000
594.312988,-15.000000,-15.000000,3.090000,-2.000000,-4.000000,0.000000,2.750000,1.000000
594.317993,1.000000,1.000000,3.020000,-2.000000,-4.000000,0.000000,2.750000,1.000000
594.322998,8.000000,8.000000,2.960000,-2.000000,-2.000000,0.000000,2.470000,1.000000
594.328003,-8.000000,-8.000000,2.910000,-2.000000,-2.000000,0.000000,2.470000,1.000000
594.333008,-9.000000,-9.000000,2.890000,0.000000,-2.000000,0.000000,2.730000,1.000000
594.338013,3.000000,3.000000,2.920000,0.000000,-2.000000,0.000000,2.730000,1.000000
594.343018,-5.000000,-5.000000,2.900000,0.000000,0.000000,0.000000,2.990000,1.000000
594.348022,15.000000,15.000000,2.870000,0.000000,0.000000,0.000000,2.990000,1.000000
594.353027,16.000000,16.000000,2.880000,0.000000,-2.000000,0.000000,3.260000,1.000000
594.357971,31.000000,31.000000,2.910000,0.000000,-2.000000,0.000000,3.260000,1.000000
594.362976,23.000000,23.000000,2.890000,0.000000,0.000000,0.000000,2.990000,1.000000
594.367981,3.000000,3.000000,2.980000,0.000000,0.000000,0.000000,2.990000,1.000000
594.372986,-6.000000,-6.000000,2.990000,0.000000,0.000000,0.000000,3.250000,1.000000
594.377991,11.000000,11.000000,3.030000,0.000000,0.000000,0.000000,3.250000,1.000000
594.382996,12.000000,12.000000,3.030000,0.000000,2.000000,0.000000,3.250000,1.000000
594.388000,14.000000,14.000000,3.050000,0.000000,2.000000,0.000000,3.250000,1.000000
594.393005,14.000000,14.000000,3.080000,2.000000,0.000000,0.000000,3.520000,1.000000
594.398010,32.000000,32.000000,3.100000,2.000000,0.000000,0.000000,3.520000,1.000000
594.403015,33.000000,33.000000,3.070000,0.000000,0.000000,0.000000,3.530000,1.000000
594.408020,40.000000,40.000000,3.130000,0.000000,0.000000,0.000000,3.530000,1.000000
594.413025,35.000000,35.000000,3.110000,2.000000,2.000000,0.000000,3.260000,1.000000
594.418030,17.000000,17.000000,3.120000,2.000000,2.000000,0.000000,3.260000,1.000000
594.422974,20.000000,20.000000,3.090000,0.000000,0.000000,0.000000,3.800000,1.000000
594.427979,65.000000,65.000000,3.100000,0.000000,0.000000,0.000000,3.800000,1.000000
594.432983,64.000000,64.000000,3.100000,0.000000,0.000000,0.000000,3.270000,1.000000
594.437988,25.000000,25.000000,3.090000,0.000000,0.000000,0.000000,3.270000,1.000000
594.442993,29.000000,29.000000,3.040000,2.000000,2.000000,0.000000,3.270000,1.000000
594.447998,36.000000,36.000000,3.060000,2.000000,2.000000,0.000000,3.270000,1.000000
594.453003,34.000000,34.000000,3.030000,0.000000,2.000000,0.000000,3.810000,1.000000
594.458008,77.000000,77.000000,2.970000,0.000000,2.000000,0.000000,3.810000,1.000000
594.463013,85.000000,85.000000,2.880000,0.000000,0.000000,0.000000,3.550000,1.000000
594.468018,74.000000,74.000000,2.810000,0.000000,0.000000,0.000000,3.550000,1.000000
594.473022,73.000000,73.000000,2.730000,2.000000,2.000000,0.000000,3.280000,1.000000
594.478027,45.000000,45.000000,2.900000,2.000000,2.000000,0.000000,3.280000,1.000000
594.482971,16.000000,16.000000,2.930000,2.000000,2.000000,0.000000,3.820000,1.000000
594.487976,48.000000,48.000000,2.980000,2.000000,2.000000,0.000000,3.820000,1.000000
594.492981,48.000000,48.000000,2.940000,2.000000,2.000000,0.000000,3.830000,1.000000
594.497986,56.000000,56.000000,2.970000,2.000000,2.000000,0.000000,3.830000,1.000000
594.502991,51.000000,51.000000,3.010000,2.000000,2.000000,0.000000,3.840000,1.000000
594.507996,46.000000,46.000000,3.080000,2.000000,2.000000,0.000000,3.840000,1.000000
594.513000,41.000000,41.000000,3.010000,2.000000,2.000000,0.000000,3.850000,1.000000
594.518005,46.000000,46.000000,3.120000,2.000000,2.000000,0.000000,3.850000,1.000000
594.523010,31.000000,31.000000,3.220000,2.000000,2.000000,0.000000,3.860000,1.000000
594.528015,20.000000,20.000000,3.240000,2.000000,2.000000,0.000000,3.860000,1.000000
594.533020,21.000000,21.000000,3.210000,4.000000,2.000000,0.000000,3.860000,1.000000
594.538025,24.000000,24.000000,3.340000,4.000000,2.000000,0.000000,3.860000,1.000000
594.543030,8.000000,8.000000,3.420000,2.000000,2.000000,0.000000,4.140000,1.000000
594.547974,20.000000,20.000000,3.500000,2.000000,2.000000,0.000000,4.140000,1.000000
594.552979,20.000000,20.000000,3.480000,2.000000,2.000000,0.000000,3.890000,1.000000
594.557983,10.000000,10.000000,3.500000,2.000000,2.000000,0.000000,3.890000,1.000000
594.562988,9.000000,9.000000,3.580000,2.000000,2.000000,0.000000,3.890000,1.000000
594.567993,2.000000,2.000000,3.640000,2.000000,2.000000,0.000000,3.890000,1.000000
594.572998,0.000000,0.000000,3.620000,0.000000,2.000000,0.000000,3.900000,1.000000
594.578003,9.000000,9.000000,3.630000,0.000000,2.000000,0.000000,3.900000,1.000000
594.583008,11.000000,11.000000,3.650000,0.000000,2.000000,0.000000,3.640000,1.000000
594.588013,-9.000000,-9.000000,3.660000,0.000000,2.000000,0.000000,3.640000,1.000000
594.593018,-8.000000,-8.000000,3.650000,0.000000,0.000000,0.000000,3.650000,1.000000
594.598022,-5.000000,-5.000000,3.660000,0.000000,0.000000,0.000000,3.650000,1.000000
594.603027,-4.000000,-4.000000,3.680000,0.000000,0.000000,0.000000,3.380000,1.000000
594.607971,-24.000000,-24.000000,3.660000,0.000000,0.000000,0.000000,3.380000,1.000000
594.612976,-19.000000,-19.000000,3.640000,0.000000,0.000000,0.000000,3.380000,1.000000
594.617981,-13.000000,-13.000000,3.590000,0.000000,0.000000,0.000000,3.380000,1.000000
594.622986,-8.000000,-8.000000,3.580000,0.000000,0.000000,0.000000,3.380000,1.000000
594.627991,-9.000000,-9.000000,3.560000,0.000000,0.000000,0.000000,3.380000,1.000000
594.632996,-9.000000,-9.000000,3.560000,-2.000000,0.000000,0.000000,3.380000,1.000000
594.638000,-10.000000,-10.000000,3.530000,-2.000000,0.000000,0.000000,3.380000,1.000000
594.643005,-9.000000,-9.000000,3.530000,0.000000,0.000000,0.000000,3.110000,1.000000
594.648010,-31.000000,-31.000000,3.510000,0.000000,0.000000,0.000000,3.110000,1.000000
594.653015,-30.000000,-30.000000,3.500000,0.000000,0.000000,0.000000,3.380000,1.000000
594.658020,-11.000000,-11.000000,3.500000,0.000000,0.000000,0.000000,3.380000,1.000000
594.663025,-13.000000,-13.000000,3.500000,0.000000,0.000000,0.000000,3.380000,1.000000
594.668030,-15.000000,-15.000000,3.490000,0.000000,0.000000,0.000000,3.380000,1.000000
594.672974,-14.000000,-14.000000,3.490000,0.000000,0.000000,0.000000,3.380000,1.000000
594.677979,-16.000000,-16.000000,3.490000,0.000000,0.000000,0.000000,3.380000,1.000000
594.682983,-18.000000,-18.000000,3.510000,0.000000,0.000000,0.000000,3.380000,1.000000
594.687988,-22.000000,-22.000000,3.500000,0.000000,0.000000,0.000000,3.380000,1.000000
594.692993,-19.000000,-19.000000,3.510000,0.000000,0.000000,0.000000,3.380000,1.000000
594.697998,-21.000000,-21.000000,3.530000,0.000000,0.000000,0.000000,3.380000,1.000000
594.703003,-26.000000,-26.000000,3.590000,0.000000,0.000000,0.000000,3.380000,1.000000
594.708008,-32.000000,-32.000000,3.560000,0.000000,0.000000,0.000000,3.380000,1.000000
594.713013,-29.000000,-29.000000,3.590000,-2.000000,0.000000,0.000000,3.380000,1.000000
594.718018,-31.000000,-31.000000,3.600000,-2.000000,0.000000,0.000000,3.380000,1.000000
594.723022,-35.000000,-35.000000,3.670000,0.000000,0.000000,0.000000,3.110000,1.000000
594.728027,-62.000000,-62.000000,3.630000,0.000000,0.000000,0.000000,3.110000,1.000000
594.732971,-58.000000,-58.000000,3.670000,-2.000000,0.000000,0.000000,3.370000,1.000000
594.737976,-41.000000,-41.000000,3.690000,-2.000000,0.000000,0.000000,3.370000,1.000000
594.742981,-46.000000,-46.000000,3.780000,-2.000000,0.000000,0.000000,3.100000,1.000000
594.747986,-75.000000,-75.000000,3.810000,-2.000000,0.000000,0.000000,3.100000,1.000000
594.752991,-72.000000,-72.000000,3.860000,-2.000000,0.000000,0.000000,3.100000,1.000000
594.757996,-67.000000,-67.000000,3.800000,-2.000000,0.000000,0.000000,3.100000,1.000000
594.763000,-57.000000,-57.000000,3.790000,-2.000000,0.000000,0.000000,3.090000,1.000000
594.768005,-55.000000,-55.000000,3.820000,-2.000000,0.000000,0.000000,3.090000,1.000000
594.773010,-57.000000,-57.000000,3.880000,-2.000000,-2.000000,0.000000,3.090000,1.000000
594.778015,-55.000000,-55.000000,3.750000,-2.000000,-2.000000,0.000000,3.090000,1.000000
594.783020,-34.000000,-34.000000,3.710000,-2.000000,-2.000000,0.000000,2.810000,1.000000
594.788025,-47.000000,-47.000000,3.640000,-2.000000,-2.000000,0.000000,2.810000,1.000000
594.793030,-44.000000,-44.000000,3.670000,-2.000000,-4.000000,0.000000,2.810000,1.000000
594.797974,-47.000000,-47.000000,3.630000,-2.000000,-4.000000,0.000000,2.810000,1.000000
594.802979,-42.000000,-42.000000,3.610000,0.000000,-2.000000,0.000000,2.530000,1.000000
594.807983,-58.000000,-58.000000,3.550000,0.000000,-2.000000,0.000000,2.530000,1.000000
594.812988,-53.000000,-53.000000,3.570000,-2.000000,-2.000000,0.000000,3.050000,1.000000
594.817993,-13.000000,-13.000000,3.440000,-2.000000,-2.000000,0.000000,3.050000,1.000000
594.822998,2.000000,2.000000,3.380000,-2.000000,-2.000000,0.000000,2.780000,1.000000
594.828003,-13.000000,-13.000000,3.350000,-2.000000,-2.000000,0.000000,2.780000,1.000000
594.833008,-15.000000,-15.000000,3.320000,-2.000000,-2.000000,0.000000,2.770000,1.000000
594.838013,-19.000000,-19.000000,3.300000,-2.000000,-2.000000,0.000000,2.770000,1.000000
594.843018,-21.000000,-21.000000,3.290000,-2.000000,-2.000000,0.000000,2.760000,1.000000
594.848022,-23.000000,-23.000000,3.260000,-2.000000,-2.000000,0.000000,2.760000,1.000000
594.853027,-22.000000,-22.000000,3.280000,-2.000000,-2.000000,0.000000,2.750000,1.000000
594.857971,-25.000000,-25.000000,3.220000,-2.000000,-2.000000,0.000000,2.750000,1.000000
594.862976,-20.000000,-20.000000,3.190000,-2.000000,-2.000000,0.000000,2.750000,1.000000
594.867981,-20.000000,-20.000000,3.210000,-2.000000,-2.000000,0.000000,2.750000,1.000000
594.872986,-24.000000,-24.000000,3.250000,-2.000000,-2.000000,0.000000,2.740000,1.000000
594.877991,-26.000000,-26.000000,3.160000,-2.000000,-2.000000,0.000000,2.740000,1.000000
594.882996,-12.000000,-12.000000,3.100000,0.000000,-2.000000,0.000000,2.730000,1.000000
594.888000,-8.000000,-8.000000,3.120000,0.000000,-2.000000,0.000000,2.730000,1.000000
594.893005,-13.000000,-13.000000,3.160000,-2.000000,-2.000000,0.000000,2.990000,1.000000
594.898010,4.000000,4.000000,3.080000,-2.000000,-2.000000,0.000000,2.990000,1.000000
594.903015,16.000000,16.000000,3.010000,0.000000,-2.000000,0.000000,2.720000,1.000000
594.908020,3.000000,3.000000,2.980000,0.000000,-2.000000,0.000000,2.720000,1.000000
594.913025,0.000000,0.000000,2.970000,0.000000,0.000000,0.000000,2.980000,1.000000
594.918030,13.000000,13.000000,2.980000,0.000000,0.000000,0.000000,2.980000,1.000000
594.922974,9.000000,9.000000,2.950000,0.000000,0.000000,0.000000,3.240000,1.000000
594.927979,33.000000,33.000000,2.960000,0.000000,0.000000,0.000000,3.240000,1.000000
594.932983,31.000000,31.000000,2.960000,0.000000,0.000000,0.000000,3.240000,1.000000
594.937988,31.000000,31.000000,2.960000,0.000000,0.000000,0.000000,3.240000,1.000000
594.942993,32.000000,32.000000,2.910000,0.000000,0.000000,0.000000,3.240000,1.000000
594.947998,39.000000,39.000000,2.950000,0.000000,0.000000,0.000000,3.240000,1.000000
594.953003,35.000000,35.000000,2.910000,2.000000,2.000000,0.000000,3.240000,1.000000
594.958008,39.000000,39.000000,2.900000,2.000000,2.000000,0.000000,3.240000,1.000000
594.963013,44.000000,44.000000,2.850000,2.000000,0.000000,0.000000,3.780000,1.000000
594.968018,91.000000,91.000000,2.880000,2.000000,0.000000,0.000000,3.780000,1.000000
594.973022,86.000000,86.000000,2.840000,0.000000,0.000000,0.000000,3.520000,1.000000
594.978027,69.000000,69.000000,2.830000,0.000000,0.000000,0.000000,3.520000,1.000000
594.982971,76.000000,76.000000,2.740000,2.000000,0.000000,0.000000,3.260000,1.000000
594.987976,65.000000,65.000000,2.780000,2.000000,0.000000,0.000000,3.260000,1.000000
594.992981,59.000000,59.000000,2.640000,2.000000,2.000000,0.000000,3.530000,1.000000
594.997986,87.000000,87.000000,2.570000,2.000000,2.000000,0.000000,3.530000,1.000000
595.002991,90.000000,90.000000,2.570000,2.000000,2.000000,0.000000,3.800000,1.000000
595.007996,95.000000,95.000000,2.560000,2.000000,2.000000,0.000000,3.800000,1.000000
595.013000,83.000000,83.000000,2.570000,4.000000,4.000000,0.000000,3.810000,1.000000
595.018005,72.000000,72.000000,2.740000,4.000000,4.000000,0.000000,3.810000,1.000000
595.023010,50.000000,50.000000,2.810000,2.000000,2.000000,0.000000,4.360000,1.000000
595.028015,84.000000,84.000000,2.810000,2.000000,2.000000,0.000000,4.360000,1.000000
595.033020,88.000000,88.000000,2.780000,4.000000,4.000000,0.000000,3.830000,1.000000
595.038025,46.000000,46.000000,2.970000,4.000000,4.000000,0.000000,3.830000,1.000000
595.043030,18.000000,18.000000,3.050000,2.000000,2.000000,0.000000,4.380000,1.000000
595.047974,48.000000,48.000000,3.160000,2.000000,2.000000,0.000000,4.380000,1.000000
595.052979,45.000000,45.000000,3.150000,2.000000,2.000000,0.000000,3.860000,1.000000
595.057983,11.000000,11.000000,3.230000,2.000000,2.000000,0.000000,3.860000,1.000000
595.062988,5.000000,5.000000,3.350000,2.000000,2.000000,0.000000,3.870000,1.000000
595.067993,-7.000000,-7.000000,3.450000,2.000000,2.000000,0.000000,3.870000,1.000000
595.072998,-11.000000,-11.000000,3.480000,2.000000,2.000000,0.000000,3.880000,1.000000
595.078003,-3.000000,-3.000000,3.500000,2.000000,2.000000,0.000000,3.880000,1.000000
595.083008,2.000000,2.000000,3.560000,2.000000,2.000000,0.000000,3.890000,1.000000
595.088013,2.000000,2.000000,3.610000,2.000000,2.000000,0.000000,3.890000,1.000000
595.093018,3.000000,3.000000,3.620000,0.000000,0.000000,0.000000,3.890000,1.000000
595.098022,10.000000,10.000000,3.600000,0.000000,0.000000,0.000000,3.890000,1.000000
595.103027,18.000000,18.000000,3.580000,2.000000,0.000000,0.000000,3.360000,1.000000
595.107971,-18.000000,-18.000000,3.590000,2.000000,0.000000,0.000000,3.360000,1.000000
595.112976,-19.000000,-19.000000,3.570000,0.000000,0.000000,0.000000,3.630000,1.000000
595.117981,2.000000,2.000000,3.590000,0.000000,0.000000,0.000000,3.630000,1.000000
595.122986,0.000000,0.000000,3.590000,2.000000,2.000000,0.000000,3.370000,1.000000
595.127991,-19.000000,-19.000000,3.560000,2.000000,2.000000,0.000000,3.370000,1.000000
595.132996,-15.000000,-15.000000,3.560000,0.000000,0.000000,0.000000,3.910000,1.000000
595.138000,27.000000,27.000000,3.550000,0.000000,0.000000,0.000000,3.910000,1.000000
595.143005,27.000000,27.000000,3.530000,0.000000,0.000000,0.000000,3.380000,1.000000
595.148010,-10.000000,-10.000000,3.500000,0.000000,0.000000,0.000000,3.380000,1.000000
595.153015,-11.000000,-11.000000,3.490000,0.000000,0.000000,0.000000,3.380000,1.000000
595.158020,-16.000000,-16.000000,3.570000,0.000000,0.000000,0.000000,3.380000,1.000000
595.163025,-28.000000,-28.000000,3.650000,0.000000,2.000000,0.000000,3.380000,1.000000
595.168030,-35.000000,-35.000000,3.570000,0.000000,2.000000,0.000000,3.380000,1.000000
595.172974,-22.000000,-22.000000,3.560000,0.000000,-2.000000,0.000000,3.650000,1.000000
595.177979,3.000000,3.000000,3.550000,0.000000,-2.000000,0.000000,3.650000,1.000000
595.182983,2.000000,2.000000,3.530000,0.000000,0.000000,0.000000,3.110000,1.000000
595.187988,-41.000000,-41.000000,3.590000,0.000000,0.000000,0.000000,3.110000,1.000000
595.192993,-49.000000,-49.000000,3.590000,0.000000,0.000000,0.000000,3.380000,1.000000
595.197998,-31.000000,-31.000000,3.580000,0.000000,0.000000,0.000000,3.380000,1.000000
595.203003,-29.000000,-29.000000,3.630000,0.000000,0.000000,0.000000,3.380000,1.000000
595.208008,-35.000000,-35.000000,3.590000,0.000000,0.000000,0.000000,3.380000,1.000000
595.213013,-32.000000,-32.000000,3.650000,0.000000,0.000000,0.000000,3.380000,1.000000
595.218018,-39.000000,-39.000000,3.670000,0.000000,0.000000,0.000000,3.380000,1.000000
595.223022,-44.000000,-44.000000,3.710000,-2.000000,-2.000000,0.000000,3.380000,1.000000
595.228027,-47.000000,-47.000000,3.670000,-2.000000,-2.000000,0.000000,3.380000,1.000000
595.232971,-41.000000,-41.000000,3.720000,0.000000,-2.000000,0.000000,2.840000,1.000000
595.237976,-86.000000,-86.000000,3.730000,0.000000,-2.000000,0.000000,2.840000,1.000000
595.242981,-92.000000,-92.000000,3.810000,0.000000,-2.000000,0.000000,3.100000,1.000000
595.247986,-81.000000,-81.000000,3.810000,0.000000,-2.000000,0.000000,3.100000,1.000000
595.252991,-78.000000,-78.000000,3.910000,-2.000000,-4.000000,0.000000,3.090000,1.000000
595.257996,-82.000000,-82.000000,3.960000,-2.000000,-4.000000,0.000000,3.090000,1.000000
595.263000,-84.000000,-84.000000,3.950000,-2.000000,-2.000000,0.000000,2.550000,1.000000
595.268005,-107.000000,-107.000000,3.880000,-2.000000,-2.000000,0.000000,2.550000,1.000000
595.273010,-90.000000,-90.000000,3.880000,-4.000000,-4.000000,0.000000,2.810000,1.000000
595.278015,-57.000000,-57.000000,3.740000,-4.000000,-4.000000,0.000000,2.810000,1.000000
595.283020,-37.000000,-37.000000,3.700000,-2.000000,-4.000000,0.000000,2.260000,1.000000
595.288025,-73.000000,-73.000000,3.590000,-2.000000,-4.000000,0.000000,2.260000,1.000000
595.293030,-66.000000,-66.000000,3.580000,-2.000000,-4.000000,0.000000,2.510000,1.000000
595.297974,-47.000000,-47.000000,3.490000,-2.000000,-4.000000,0.000000,2.510000,1.000000
595.302979,-40.000000,-40.000000,3.440000,-2.000000,-2.000000,0.000000,2.500000,1.000000
595.307983,-37.000000,-37.000000,3.400000,-2.000000,-2.000000,0.000000,2.500000,1.000000
595.312988,-34.000000,-34.000000,3.390000,-2.000000,-4.000000,0.000000,2.750000,1.000000
595.317993,-13.000000,-13.000000,3.240000,-2.000000,-4.000000,0.000000,2.750000,1.000000
595.322998,4.000000,4.000000,3.180000,-4.000000,-4.000000,0.000000,2.480000,1.000000
595.328003,-13.000000,-13.000000,3.110000,-4.000000,-4.000000,0.000000,2.480000,1.000000
595.333008,-14.000000,-14.000000,3.070000,-2.000000,-2.000000,0.000000,2.190000,1.000000
595.338013,-39.000000,-39.000000,3.050000,-2.000000,-2.000000,0.000000,2.190000,1.000000
595.343018,-42.000000,-42.000000,3.040000,-2.000000,-2.000000,0.000000,2.720000,1.000000
595.348022,-5.000000,-5.000000,3.020000,-2.000000,-2.000000,0.000000,2.720000,1.000000
595.353027,-3.000000,-3.000000,3.070000,-2.000000,-2.000000,0.000000,2.710000,1.000000
595.357971,-3.000000,-3.000000,2.950000,-2.000000,-2.000000,0.000000,2.710000,1.000000
595.362976,11.000000,11.000000,2.870000,-2.000000,-2.000000,0.000000,2.700000,1.000000
595.367981,18.000000,18.000000,2.840000,-2.000000,-2.000000,0.000000,2.700000,1.000000
595.372986,13.000000,13.000000,2.820000,-2.000000,-2.000000,0.000000,2.690000,1.000000
595.377991,6.000000,6.000000,2.830000,-2.000000,-2.000000,0.000000,2.690000,1.000000
595.382996,4.000000,4.000000,2.800000,-2.000000,-2.000000,0.000000,2.680000,1.000000
595.388000,5.000000,5.000000,2.780000,-2.000000,-2.000000,0.000000,2.680000,1.000000
595.393005,4.000000,4.000000,2.770000,0.000000,0.000000,0.000000,2.670000,1.000000
595.398010,-2.000000,-2.000000,2.820000,0.000000,0.000000,0.000000,2.670000,1.000000
595.403015,-11.000000,-11.000000,2.850000,0.000000,0.000000,0.000000,3.200000,1.000000
595.408020,26.000000,26.000000,2.840000,0.000000,0.000000,0.000000,3.200000,1.000000
595.413025,30.000000,30.000000,2.840000,0.000000,0.000000,0.000000,3.200000,1.000000
595.418030,32.000000,32.000000,2.850000,0.000000,0.000000,0.000000,3.200000,1.000000
595.422974,32.000000,32.000000,2.830000,0.000000,0.000000,0.000000,3.200000,1.000000
595.427979,35.000000,35.000000,2.910000,0.000000,0.000000,0.000000,3.200000,1.000000
595.432983,28.000000,28.000000,2.870000,0.000000,0.000000,0.000000,3.200000,1.000000
595.437988,33.000000,33.000000,2.870000,0.000000,0.000000,0.000000,3.200000,1.000000
595.442993,38.000000,38.000000,2.840000,0.000000,2.000000,0.000000,3.200000,1.000000
595.447998,42.000000,42.000000,2.870000,0.000000,2.000000,0.000000,3.200000,1.000000
595.453003,37.000000,37.000000,2.860000,0.000000,2.000000,0.000000,3.470000,1.000000
595.458008,59.000000,59.000000,2.860000,0.000000,2.000000,0.000000,3.470000,1.000000
595.463013,65.000000,65.000000,2.790000,0.000000,2.000000,0.000000,3.480000,1.000000
595.468018,74.000000,74.000000,2.830000,0.000000,2.000000,0.000000,3.480000,1.000000
595.473022,67.000000,67.000000,2.820000,2.000000,2.000000,0.000000,3.480000,1.000000
595.478027,67.000000,67.000000,2.760000,2.000000,2.000000,0.000000,3.480000,1.000000
595.482971,76.000000,76.000000,2.640000,0.000000,2.000000,0.000000,3.760000,1.000000
595.487976,107.000000,107.000000,2.610000,0.000000,2.000000,0.000000,3.760000,1.000000
595.492981,95.000000,95.000000,2.650000,2.000000,4.000000,0.000000,3.500000,1.000000
595.497986,53.000000,53.000000,2.790000,2.000000,4.000000,0.000000,3.500000,1.000000
595.502991,30.000000,30.000000,2.820000,2.000000,2.000000,0.000000,4.040000,1.000000
595.507996,68.000000,68.000000,2.830000,2.000000,2.000000,0.000000,4.040000,1.000000
595.513000,74.000000,74.000000,2.770000,2.000000,4.000000,0.000000,3.780000,1.000000
595.518005,59.000000,59.000000,2.880000,2.000000,4.000000,0.000000,3.780000,1.000000
595.523010,43.000000,43.000000,2.940000,2.000000,2.000000,0.000000,4.060000,1.000000
595.528015,56.000000,56.000000,3.030000,2.000000,2.000000,0.000000,4.060000,1.000000
595.533020,52.000000,52.000000,2.950000,4.000000,4.000000,0.000000,3.800000,1.000000
595.538025,41.000000,41.000000,3.060000,4.000000,4.000000,0.000000,3.800000,1.000000
595.543030,28.000000,28.000000,3.160000,2.000000,4.000000,0.000000,4.350000,1.000000
595.547974,55.000000,55.000000,3.240000,2.000000,4.000000,0.000000,4.350000,1.000000
595.552979,51.000000,51.000000,3.230000,2.000000,2.000000,0.000000,4.100000,1.000000
595.557983,36.000000,36.000000,3.310000,2.000000,2.000000,0.000000,4.100000,1.000000
595.562988,27.000000,27.000000,3.390000,2.000000,2.000000,0.000000,3.840000,1.000000
595.567993,0.000000,0.000000,3.420000,2.000000,2.000000,0.000000,3.840000,1.000000
595.572998,3.000000,3.000000,3.390000,2.000000,2.000000,0.000000,3.850000,1.000000
595.578003,7.000000,7.000000,3.490000,2.000000,2.000000,0.000000,3.850000,1.000000
595.583008,-4.000000,-4.000000,3.570000,2.000000,4.000000,0.000000,3.860000,1.000000
595.588013,-12.000000,-12.000000,3.620000,2.000000,4.000000,0.000000,3.860000,1.000000
595.593018,-11.000000,-11.000000,3.640000,0.000000,2.000000,0.000000,4.140000,1.000000
595.598022,16.000000,16.000000,3.650000,0.000000,2.000000,0.000000,4.140000,1.000000
595.603027,19.000000,19.000000,3.670000,0.000000,2.000000,0.000000,3.610000,1.000000
595.607971,-22.000000,-22.000000,3.700000,0.000000,2.000000,0.000000,3.610000,1.000000
595.612976,-24.000000,-24.000000,3.690000,2.000000,0.000000,0.000000,3.620000,1.000000
595.617981,-23.000000,-23.000000,3.740000,2.000000,0.000000,0.000000,3.620000,1.000000
595.622986,-27.000000,-27.000000,3.830000,0.000000,0.000000,0.000000,3.620000,1.000000
595.627991,-31.000000,-31.000000,3.800000,0.000000,0.000000,0.000000,3.620000,1.000000
595.632996,-20.000000,-20.000000,3.800000,0.000000,0.000000,0.000000,3.350000,1.000000
595.638000,-31.000000,-31.000000,3.740000,0.000000,0.000000,0.000000,3.350000,1.000000
595.643005,-24.000000,-24.000000,3.740000,-2.000000,0.000000,0.000000,3.350000,1.000000
595.648010,-24.000000,-24.000000,3.690000,-2.000000,0.000000,0.000000,3.350000,1.000000
595.653015,-21.000000,-21.000000,3.700000,0.000000,0.000000,0.000000,3.080000,1.000000
595.658020,-44.000000,-44.000000,3.670000,0.000000,0.000000,0.000000,3.080000,1.000000
595.663025,-46.000000,-46.000000,3.710000,-2.000000,0.000000,0.000000,3.350000,1.000000
595.668030,-30.000000,-30.000000,3.640000,-2.000000,0.000000,0.000000,3.350000,1.000000
595.672974,-23.000000,-23.000000,3.640000,-2.000000,-2.000000,0.000000,3.080000,1.000000
595.677979,-44.000000,-44.000000,3.620000,-2.000000,-2.000000,0.000000,3.080000,1.000000
595.682983,-47.000000,-47.000000,3.660000,-2.000000,0.000000,0.000000,2.810000,1.000000
595.687988,-74.000000,-74.000000,3.610000,-2.000000,0.000000,0.000000,2.810000,1.000000
595.692993,-68.000000,-68.000000,3.720000,-2.000000,-2.000000,0.000000,3.070000,1.000000
595.697998,-56.000000,-56.000000,3.760000,-2.000000,-2.000000,0.000000,3.070000,1.000000
595.703003,-57.000000,-57.000000,3.740000,0.000000,0.000000,0.000000,2.790000,1.000000
595.708008,-65.000000,-65.000000,3.670000,0.000000,0.000000,0.000000,2.790000,1.000000
595.713013,-51.000000,-51.000000,3.650000,-2.000000,-2.000000,0.000000,3.320000,1.000000
595.718018,-3.000000,-3.000000,3.530000,-2.000000,-2.000000,0.000000,3.320000,1.000000
595.723022,10.000000,10.000000,3.460000,-2.000000,0.000000,0.000000,2.780000,1.000000
595.728027,-24.000000,-24.000000,3.400000,-2.000000,0.000000,0.000000,2.780000,1.000000
595.732971,-25.000000,-25.000000,3.320000,0.000000,-2.000000,0.000000,3.050000,1.000000
595.737976,-6.000000,-6.000000,3.280000,0.000000,-2.000000,0.000000,3.050000,1.000000
595.742981,-10.000000,-10.000000,3.300000,0.000000,0.000000,0.000000,3.040000,1.000000
595.747986,-20.000000,-20.000000,3.290000,0.000000,0.000000,0.000000,3.040000,1.000000
595.752991,-24.000000,-24.000000,3.310000,0.000000,0.000000,0.000000,3.310000,1.000000
595.757996,-11.000000,-11.000000,3.330000,0.000000,0.000000,0.000000,3.310000,1.000000
595.763000,-17.000000,-17.000000,3.360000,0.000000,0.000000,0.000000,3.310000,1.000000
595.768005,-24.000000,-24.000000,3.390000,0.000000,0.000000,0.000000,3.310000,1.000000
595.773010,-29.000000,-29.000000,3.450000,0.000000,-2.000000,0.000000,3.310000,1.000000
595.778015,-35.000000,-35.000000,3.470000,0.000000,-2.000000,0.000000,3.310000,1.000000
595.783020,-37.000000,-37.000000,3.530000,0.000000,0.000000,0.000000,3.040000,1.000000
595.788025,-63.000000,-63.000000,3.590000,0.000000,0.000000,0.000000,3.040000,1.000000
595.793030,-67.000000,-67.000000,3.670000,0.000000,0.000000,0.000000,3.300000,1.000000
595.797974,-49.000000,-49.000000,3.620000,0.000000,0.000000,0.000000,3.300000,1.000000
595.802979,-38.000000,-38.000000,3.610000,0.000000,0.000000,0.000000,3.300000,1.000000
595.807983,-37.000000,-37.000000,3.680000,0.000000,0.000000,0.000000,3.300000,1.000000
595.812988,-44.000000,-44.000000,3.770000,-2.000000,-2.000000,0.000000,3.300000,1.000000
595.817993,-47.000000,-47.000000,3.690000,-2.000000,-2.000000,0.000000,3.300000,1.000000
595.822998,-31.000000,-31.000000,3.670000,-2.000000,-2.000000,0.000000,2.760000,1.000000
595.828003,-68.000000,-68.000000,3.700000,-2.000000,-2.000000,0.000000,2.760000,1.000000
595.833008,-73.000000,-73.000000,3.790000,0.000000,0.000000,0.000000,2.750000,1.000000
595.838013,-78.000000,-78.000000,3.710000,0.000000,0.000000,0.000000,2.750000,1.000000
595.843018,-63.000000,-63.000000,3.670000,-2.000000,-2.000000,0.000000,3.290000,1.000000
595.848022,-16.000000,-16.000000,3.690000,-2.000000,-2.000000,0.000000,3.290000,1.000000
595.853027,-19.000000,-19.000000,3.800000,-2.000000,-2.000000,0.000000,2.750000,1.000000
595.857971,-62.000000,-62.000000,3.610000,-2.000000,-2.000000,0.000000,2.750000,1.000000
595.862976,-32.000000,-32.000000,3.560000,-4.000000,-2.000000,0.000000,2.740000,1.000000
595.867981,-19.000000,-19.000000,3.410000,-4.000000,-2.000000,0.000000,2.740000,1.000000
595.872986,-6.000000,-6.000000,3.430000,-2.000000,-2.000000,0.000000,2.460000,1.000000
595.877991,-31.000000,-31.000000,3.370000,-2.000000,-2.000000,0.000000,2.460000,1.000000
595.882996,-25.000000,-25.000000,3.290000,-2.000000,-2.000000,0.000000,2.720000,1.000000
595.888000,7.000000,7.000000,3.150000,-2.000000,-2.000000,0.000000,2.720000,1.000000
595.893005,19.000000,19.000000,3.090000,-4.000000,-2.000000,0.000000,2.710000,1.000000
595.898010,20.000000,20.000000,2.990000,-4.000000,-2.000000,0.000000,2.710000,1.000000
595.903015,26.000000,26.000000,2.880000,-2.000000,-2.000000,0.000000,2.430000,1.000000
595.908020,12.000000,12.000000,2.820000,-2.000000,-2.000000,0.000000,2.430000,1.000000
595.913025,10.000000,10.000000,2.720000,0.000000,-2.000000,0.000000,2.690000,1.000000
595.918030,27.000000,27.000000,2.740000,0.000000,-2.000000,0.000000,2.690000,1.000000
595.922974,15.000000,15.000000,2.750000,-2.000000,0.000000,0.000000,2.950000,1.000000
595.927979,28.000000,28.000000,2.740000,-2.000000,0.000000,0.000000,2.950000,1.000000
595.932983,25.000000,25.000000,2.730000,0.000000,2.000000,0.000000,2.940000,1.000000
595.937988,23.000000,23.000000,2.780000,0.000000,2.000000,0.000000,2.940000,1.000000
595.942993,17.000000,17.000000,2.780000,2.000000,0.000000,0.000000,3.480000,1.000000
595.947998,59.000000,59.000000,2.810000,2.000000,0.000000,0.000000,3.480000,1.000000
595.953003,58.000000,58.000000,2.790000,0.000000,0.000000,0.000000,3.480000,1.000000
595.958008,62.000000,62.000000,2.790000,0.000000,0.000000,0.000000,3.480000,1.000000
595.963013,66.000000,66.000000,2.770000,2.000000,0.000000,0.000000,3.220000,1.000000
595.968018,49.000000,49.000000,2.880000,2.000000,0.000000,0.000000,3.220000,1.000000
595.973022,39.000000,39.000000,2.820000,2.000000,2.000000,0.000000,3.490000,1.000000
595.978027,64.000000,64.000000,2.820000,2.000000,2.000000,0.000000,3.490000,1.000000
595.982971,71.000000,71.000000,2.720000,0.000000,2.000000,0.000000,3.760000,1.000000
595.987976,101.000000,101.000000,2.680000,0.000000,2.000000,0.000000,3.760000,1.000000
595.992981,101.000000,101.000000,2.580000,4.000000,2.000000,0.000000,3.500000,1.000000
595.997986,79.000000,79.000000,2.660000,4.000000,2.000000,0.000000,3.500000,1.000000
596.002991,58.000000,58.000000,2.720000,2.000000,2.000000,0.000000,4.040000,1.000000
596.007996,82.000000,82.000000,2.840000,2.000000,2.000000,0.000000,4.040000,1.000000
596.013000,70.000000,70.000000,2.750000,4.000000,4.000000,0.000000,3.790000,1.000000
596.018005,56.000000,56.000000,2.880000,4.000000,4.000000,0.000000,3.790000,1.000000
596.023010,41.000000,41.000000,2.970000,2.000000,2.000000,0.000000,4.340000,1.000000
596.028015,69.000000,69.000000,3.020000,2.000000,2.000000,0.000000,4.340000,1.000000
596.033020,66.000000,66.000000,3.040000,2.000000,2.000000,0.000000,3.810000,1.000000
596.038025,24.000000,24.000000,3.190000,2.000000,2.000000,0.000000,3.810000,1.000000
596.043030,9.000000,9.000000,3.260000,2.000000,2.000000,0.000000,3.820000,1.000000
596.047974,4.000000,4.000000,3.320000,2.000000,2.000000,0.000000,3.820000,1.000000
596.052979,6.000000,6.000000,3.330000,2.000000,2.000000,0.000000,3.830000,1.000000
596.057983,10.000000,10.000000,3.400000,2.000000,2.000000,0.000000,3.830000,1.000000
596.062988,5.000000,5.000000,3.480000,2.000000,2.000000,0.000000,3.840000,1.000000
596.067993,1.000000,1.000000,3.530000,2.000000,2.000000,0.000000,3.840000,1.000000
596.072998,4.000000,4.000000,3.510000,2.000000,2.000000,0.000000,3.850000,1.000000
596.078003,13.000000,13.000000,3.520000,2.000000,2.000000,0.000000,3.850000,1.000000
596.083008,16.000000,16.000000,3.540000,2.000000,2.000000,0.000000,3.860000,1.000000
596.088013,16.000000,16.000000,3.550000,2.000000,2.000000,0.000000,3.860000,1.000000
596.093018,18.000000,18.000000,3.530000,2.000000,2.000000,0.000000,3.860000,1.000000
596.098022,23.000000,23.000000,3.550000,2.000000,2.000000,0.000000,3.860000,1.000000
596.103027,22.000000,22.000000,3.520000,2.000000,2.000000,0.000000,3.870000,1.000000
596.107971,26.000000,26.000000,3.510000,2.000000,2.000000,0.000000,3.870000,1.000000
596.112976,29.000000,29.000000,3.460000,2.000000,2.000000,0.000000,3.880000,1.000000
596.117981,31.000000,31.000000,3.510000,2.000000,2.000000,0.000000,3.880000,1.000000
596.122986,24.000000,24.000000,3.520000,0.000000,2.000000,0.000000,3.890000,1.000000
596.127991,24.000000,24.000000,3.470000,0.000000,2.000000,0.000000,3.890000,1.000000
596.132996,30.000000,30.000000,3.410000,0.000000,0.000000,0.000000,3.630000,1.000000
596.138000,13.000000,13.000000,3.490000,0.000000,0.000000,0.000000,3.630000,1.000000
596.143005,-1.000000,-1.000000,3.540000,0.000000,0.000000,0.000000,3.360000,1.000000
596.148010,-27.000000,-27.000000,3.520000,0.000000,0.000000,0.000000,3.360000,1.000000
596.153015,-21.000000,-21.000000,3.470000,2.000000,0.000000,0.000000,3.360000,1.000000
596.158020,-13.000000,-13.000000,3.500000,2.000000,0.000000,0.000000,3.360000,1.000000
596.163025,-19.000000,-19.000000,3.550000,0.000000,2.000000,0.000000,3.630000,1.000000
596.168030,-7.000000,-7.000000,3.570000,0.000000,2.000000,0.000000,3.630000,1.000000
596.172974,-3.000000,-3.000000,3.540000,0.000000,0.000000,0.000000,3.640000,1.000000
596.177979,7.000000,7.000000,3.470000,0.000000,0.000000,0.000000,3.640000,1.000000
596.182983,14.000000,14.000000,3.470000,0.000000,0.000000,0.000000,3.370000,1.000000
596.187988,-10.000000,-10.000000,3.520000,0.000000,0.000000,0.000000,3.370000,1.000000
596.192993,-18.000000,-18.000000,3.500000,0.000000,0.000000,0.000000,3.370000,1.000000
596.197998,-18.000000,-18.000000,3.480000,0.000000,0.000000,0.000000,3.370000,1.000000
596.203003,-15.000000,-15.000000,3.520000,0.000000,0.000000,0.000000,3.370000,1.000000
596.208008,-19.000000,-19.000000,3.480000,0.000000,0.000000,0.000000,3.370000,1.000000
596.213013,-16.000000,-16.000000,3.490000,0.000000,0.000000,0.000000,3.370000,1.000000
596.218018,-19.000000,-19.000000,3.510000,0.000000,0.000000,0.000000,3.370000,1.000000
596.223022,-23.000000,-23.000000,3.540000,0.000000,0.000000,0.000000,3.370000,1.000000
596.228027,-27.000000,-27.000000,3.530000,0.000000,0.000000,0.000000,3.370000,1.000000
596.232971,-25.000000,-25.000000,3.560000,0.000000,0.000000,0.000000,3.370000,1.000000
596.237976,-28.000000,-28.000000,3.570000,0.000000,0.000000,0.000000,3.370000,1.000000
596.242981,-33.000000,-33.000000,3.630000,0.000000,0.000000,0.000000,3.370000,1.000000
596.247986,-40.000000,-40.000000,3.610000,0.000000,0.000000,0.000000,3.370000,1.000000
596.252991,-37.000000,-37.000000,3.640000,0.000000,0.000000,0.000000,3.370000,1.000000
596.257996,-39.000000,-39.000000,3.660000,0.000000,0.000000,0.000000,3.370000,1.000000
596.263000,-44.000000,-44.000000,3.730000,0.000000,0.000000,0.000000,3.370000,1.000000
596.268005,-52.000000,-52.000000,3.710000,0.000000,0.000000,0.000000,3.370000,1.000000
596.273010,-47.000000,-47.000000,3.750000,0.000000,-2.000000,0.000000,3.370000,1.000000
596.278015,-49.000000,-49.000000,3.760000,0.000000,-2.000000,0.000000,3.370000,1.000000
596.283020,-54.000000,-54.000000,3.840000,0.000000,-2.000000,0.000000,3.100000,1.000000
596.288025,-83.000000,-83.000000,3.850000,0.000000,-2.000000,0.000000,3.100000,1.000000
596.293030,-81.000000,-81.000000,4.020000,-2.000000,-2.000000,0.000000,3.100000,1.000000
596.297974,-91.000000,-91.000000,3.990000,-2.000000,-2.000000,0.000000,3.100000,1.000000
596.302979,-81.000000,-81.000000,3.980000,0.000000,0.000000,0.000000,2.820000,1.000000
596.307983,-89.000000,-89.000000,4.030000,0.000000,0.000000,0.000000,2.820000,1.000000
596.312988,-87.000000,-87.000000,4.080000,-2.000000,-4.000000,0.000000,3.350000,1.000000
596.317993,-41.000000,-41.000000,3.910000,-2.000000,-4.000000,0.000000,3.350000,1.000000
596.322998,-18.000000,-18.000000,3.880000,-2.000000,-2.000000,0.000000,2.540000,1.000000
596.328003,-73.000000,-73.000000,3.780000,-2.000000,-2.000000,0.000000,2.540000,1.000000
596.333008,-67.000000,-67.000000,3.760000,-2.000000,-2.000000,0.000000,2.800000,1.000000
596.338013,-50.000000,-50.000000,3.730000,-2.000000,-2.000000,0.000000,2.800000,1.000000
596.343018,-52.000000,-52.000000,3.730000,-2.000000,-2.000000,0.000000,2.790000,1.000000
596.348022,-54.000000,-54.000000,3.690000,-2.000000,-2.000000,0.000000,2.790000,1.000000
596.353027,-49.000000,-49.000000,3.720000,-2.000000,-2.000000,0.000000,2.780000,1.000000
596.357971,-47.000000,-47.000000,3.580000,-2.000000,-2.000000,0.000000,2.780000,1.000000
596.362976,-30.000000,-30.000000,3.520000,-2.000000,-2.000000,0.000000,2.780000,1.000000
596.367981,-25.000000,-25.000000,3.490000,-2.000000,-2.000000,0.000000,2.780000,1.000000
596.372986,-26.000000,-26.000000,3.520000,-4.000000,-2.000000,0.000000,2.770000,1.000000
596.377991,-28.000000,-28.000000,3.410000,-4.000000,-2.000000,0.000000,2.770000,1.000000
596.382996,-15.000000,-15.000000,3.340000,-2.000000,-4.000000,0.000000,2.490000,1.000000
596.388000,-28.000000,-28.000000,3.250000,-2.000000,-4.000000,0.000000,2.490000,1.000000
596.393005,-24.000000,-24.000000,3.280000,-2.000000,-2.000000,0.000000,2.480000,1.000000
596.398010,-32.000000,-32.000000,3.250000,-2.000000,-2.000000,0.000000,2.480000,1.000000
596.403015,-31.000000,-31.000000,3.170000,-2.000000,-2.000000,0.000000,2.730000,1.000000
596.408020,-3.000000,-3.000000,3.120000,-2.000000,-2.000000,0.000000,2.730000,1.000000
596.413025,1.000000,1.000000,3.140000,-2.000000,-2.000000,0.000000,2.720000,1.000000
596.418030,-2.000000,-2.000000,3.060000,-2.000000,-2.000000,0.000000,2.720000,1.000000
596.422974,8.000000,8.000000,2.980000,0.000000,0.000000,0.000000,2.720000,1.000000
596.427979,15.000000,15.000000,2.950000,0.000000,0.000000,0.000000,2.720000,1.000000
596.432983,12.000000,12.000000,2.930000,0.000000,-2.000000,0.000000,3.250000,1.000000
596.437988,47.000000,47.000000,2.910000,0.000000,-2.000000,0.000000,3.250000,1.000000
596.442993,46.000000,46.000000,2.820000,0.000000,0.000000,0.000000,2.980000,1.000000
596.447998,32.000000,32.000000,2.850000,0.000000,0.000000,0.000000,2.980000,1.000000
596.453003,24.000000,24.000000,2.820000,0.000000,2.000000,0.000000,3.240000,1.000000
596.458008,39.000000,39.000000,2.880000,0.000000,2.000000,0.000000,3.240000,1.000000
596.463013,32.000000,32.000000,2.850000,0.000000,0.000000,0.000000,3.510000,1.000000
596.468018,57.000000,57.000000,2.880000,0.000000,0.000000,0.000000,3.510000,1.000000
596.473022,57.000000,57.000000,2.860000,2.000000,2.000000,0.000000,3.250000,1.000000
596.478027,40.000000,40.000000,2.870000,2.000000,2.000000,0.000000,3.250000,1.000000
596.482971,42.000000,42.000000,2.810000,0.000000,2.000000,0.000000,3.790000,1.000000
596.487976,89.000000,89.000000,2.870000,0.000000,2.000000,0.000000,3.790000,1.000000
596.492981,83.000000,83.000000,2.820000,2.000000,2.000000,0.000000,3.530000,1.000000
596.497986,69.000000,69.000000,2.820000,2.000000,2.000000,0.000000,3.530000,1.000000
596.502991,73.000000,73.000000,2.730000,2.000000,0.000000,0.000000,3.800000,1.000000
596.507996,103.000000,103.000000,2.620000,2.000000,0.000000,0.000000,3.800000,1.000000
596.513000,105.000000,105.000000,2.640000,2.000000,2.000000,0.000000,3.540000,1.000000
596.518005,63.000000,63.000000,2.810000,2.000000,2.000000,0.000000,3.540000,1.000000
596.523010,33.000000,33.000000,2.880000,2.000000,2.000000,0.000000,3.810000,1.000000
596.528015,48.000000,48.000000,2.970000,2.000000,2.000000,0.000000,3.810000,1.000000
596.533020,45.000000,45.000000,2.880000,4.000000,4.000000,0.000000,3.820000,1.000000
596.538025,57.000000,57.000000,2.940000,4.000000,4.000000,0.000000,3.820000,1.000000
596.543030,48.000000,48.000000,2.980000,2.000000,2.000000,0.000000,4.370000,1.000000
596.547974,79.000000,79.000000,3.060000,2.000000,2.000000,0.000000,4.370000,1.000000
596.552979,72.000000,72.000000,3.020000,4.000000,2.000000,0.000000,3.850000,1.000000
596.557983,35.000000,35.000000,3.140000,4.000000,2.000000,0.000000,3.850000,1.000000
596.562988,22.000000,22.000000,3.210000,2.000000,2.000000,0.000000,4.130000,1.000000
596.567993,37.000000,37.000000,3.290000,2.000000,2.000000,0.000000,4.130000,1.000000
596.572998,36.000000,36.000000,3.270000,2.000000,4.000000,0.000000,3.870000,1.000000
596.578003,23.000000,23.000000,3.340000,2.000000,4.000000,0.000000,3.870000,1.000000
596.583008,17.000000,17.000000,3.400000,2.000000,2.000000,0.000000,4.150000,1.000000
596.588013,32.000000,32.000000,3.440000,2.000000,2.000000,0.000000,4.150000,1.000000
596.593018,33.000000,33.000000,3.410000,2.000000,2.000000,0.000000,3.890000,1.000000
596.598022,21.000000,21.000000,3.450000,2.000000,2.000000,0.000000,3.890000,1.000000
596.603027,19.000000,19.000000,3.500000,2.000000,2.000000,0.000000,3.900000,1.000000
596.607971,17.000000,17.000000,3.500000,2.000000,2.000000,0.000000,3.900000,1.000000
596.612976,19.000000,19.000000,3.470000,2.000000,0.000000,0.000000,3.910000,1.000000
596.617981,23.000000,23.000000,3.530000,2.000000,0.000000,0.000000,3.910000,1.000000
596.622986,17.000000,17.000000,3.570000,2.000000,2.000000,0.000000,3.650000,1.000000
596.627991,-4.000000,-4.000000,3.550000,2.000000,2.000000,0.000000,3.650000,1.000000
596.632996,2.000000,2.000000,3.480000,2.000000,0.000000,0.000000,3.920000,1.000000
596.638000,30.000000,30.000000,3.530000,2.000000,0.000000,0.000000,3.920000,1.000000
596.643005,21.000000,21.000000,3.590000,0.000000,2.000000,0.000000,3.660000,1.000000
596.648010,-6.000000,-6.000000,3.580000,0.000000,2.000000,0.000000,3.660000,1.000000
596.653015,-2.000000,-2.000000,3.510000,2.000000,2.000000,0.000000,3.660000,1.000000
596.658020,3.000000,3.000000,3.580000,2.000000,2.000000,0.000000,3.660000,1.000000
596.663025,-9.000000,-9.000000,3.660000,2.000000,2.000000,0.000000,3.940000,1.000000
596.668030,2.000000,2.000000,3.650000,2.000000,2.000000,0.000000,3.940000,1.000000
596.672974,9.000000,9.000000,3.610000,0.000000,2.000000,0.000000,3.950000,1.000000
596.677979,19.000000,19.000000,3.610000,0.000000,2.000000,0.000000,3.950000,1.000000
596.682983,20.000000,20.000000,3.600000,0.000000,0.000000,0.000000,3.680000,1.000000
596.687988,-1.000000,-1.000000,3.630000,0.000000,0.000000,0.000000,3.680000,1.000000
596.692993,-3.000000,-3.000000,3.580000,0.000000,2.000000,0.000000,3.420000,1.000000
596.697998,-19.000000,-19.000000,3.620000,0.000000,2.000000,0.000000,3.420000,1.000000
596.703003,-24.000000,-24.000000,3.680000,0.000000,0.000000,0.000000,3.690000,1.000000
596.708008,-10.000000,-10.000000,3.620000,0.000000,0.000000,0.000000,3.690000,1.000000
596.713013,0.000000,0.000000,3.630000,0.000000,0.000000,0.000000,3.420000,1.000000
596.718018,-17.000000,-17.000000,3.600000,0.000000,0.000000,0.000000,3.420000,1.000000
596.723022,-17.000000,-17.000000,3.600000,-2.000000,0.000000,0.000000,3.420000,1.000000
596.728027,-20.000000,-20.000000,3.600000,-2.000000,0.000000,0.000000,3.420000,1.000000
596.732971,-21.000000,-21.000000,3.610000,0.000000,0.000000,0.000000,3.150000,1.000000
596.737976,-44.000000,-44.000000,3.600000,0.000000,0.000000,0.000000,3.150000,1.000000
596.742981,-46.000000,-46.000000,3.630000,0.000000,0.000000,0.000000,3.420000,1.000000
596.747986,-30.000000,-30.000000,3.580000,0.000000,0.000000,0.000000,3.420000,1.000000
596.752991,-25.000000,-25.000000,3.620000,0.000000,0.000000,0.000000,3.420000,1.000000
596.757996,-29.000000,-29.000000,3.620000,0.000000,0.000000,0.000000,3.420000,1.000000
596.763000,-33.000000,-33.000000,3.670000,0.000000,0.000000,0.000000,3.420000,1.000000
596.768005,-39.000000,-39.000000,3.650000,0.000000,0.000000,0.000000,3.420000,1.000000
596.773010,-36.000000,-36.000000,3.660000,0.000000,-2.000000,0.000000,3.420000,1.000000
596.778015,-36.000000,-36.000000,3.690000,0.000000,-2.000000,0.000000,3.420000,1.000000
596.783020,-41.000000,-41.000000,3.770000,0.000000,0.000000,0.000000,3.150000,1.000000
596.788025,-68.000000,-68.000000,3.810000,0.000000,0.000000,0.000000,3.150000,1.000000
596.793030,-65.000000,-65.000000,3.860000,0.000000,-2.000000,0.000000,3.410000,1.000000
596.797974,-40.000000,-40.000000,3.770000,0.000000,-2.000000,0.000000,3.410000,1.000000
596.802979,-27.000000,-27.000000,3.760000,-2.000000,0.000000,0.000000,3.140000,1.000000
596.807983,-44.000000,-44.000000,3.720000,-2.000000,0.000000,0.000000,3.140000,1.000000
596.812988,-43.000000,-43.000000,3.780000,-2.000000,-2.000000,0.000000,3.140000,1.000000
596.817993,-49.000000,-49.000000,3.730000,-2.000000,-2.000000,0.000000,3.140000,1.000000
596.822998,-45.000000,-45.000000,3.700000,0.000000,0.000000,0.000000,2.870000,1.000000
596.828003,-61.000000,-61.000000,3.710000,0.000000,0.000000,0.000000,2.870000,1.000000
596.833008,-62.000000,-62.000000,3.750000,-2.000000,-2.000000,0.000000,3.400000,1.000000
596.838013,-23.000000,-23.000000,3.650000,-2.000000,-2.000000,0.000000,3.400000,1.000000
596.843018,-11.000000,-11.000000,3.630000,-2.000000,-2.000000,0.000000,2.860000,1.000000
596.848022,-50.000000,-50.000000,3.620000,-2.000000,-2.000000,0.000000,2.860000,1.000000
596.853027,-53.000000,-53.000000,3.630000,-2.000000,0.000000,0.000000,2.850000,1.000000
596.857971,-58.000000,-58.000000,3.610000,-2.000000,0.000000,0.000000,2.850000,1.000000
596.862976,-58.000000,-58.000000,3.600000,-2.000000,-2.000000,0.000000,3.110000,1.000000
596.867981,-42.000000,-42.000000,3.650000,-2.000000,-2.000000,0.000000,3.110000,1.000000
596.872986,-48.000000,-48.000000,3.730000,-2.000000,-2.000000,0.000000,2.840000,1.000000
596.877991,-69.000000,-69.000000,3.610000,-2.000000,-2.000000,0.000000,2.840000,1.000000
596.882996,-51.000000,-51.000000,3.610000,-2.000000,-2.000000,0.000000,2.830000,1.000000
596.888000,-49.000000,-49.000000,3.590000,-2.000000,-2.000000,0.000000,2.830000,1.000000
596.893005,-48.000000,-48.000000,3.670000,-2.000000,-4.000000,0.000000,2.820000,1.000000
596.898010,-51.000000,-51.000000,3.540000,-2.000000,-4.000000,0.000000,2.820000,1.000000
596.903015,-31.000000,-31.000000,3.520000,-2.000000,-2.000000,0.000000,2.540000,1.000000
596.908020,-44.000000,-44.000000,3.440000,-2.000000,-2.000000,0.000000,2.540000,1.000000
596.913025,-37.000000,-37.000000,3.450000,-4.000000,-4.000000,0.000000,2.800000,1.000000
596.918030,-17.000000,-17.000000,3.330000,-4.000000,-4.000000,0.000000,2.800000,1.000000
596.922974,-3.000000,-3.000000,3.240000,-2.000000,-2.000000,0.000000,2.250000,1.000000
596.927979,-33.000000,-33.000000,3.170000,-2.000000,-2.000000,0.000000,2.250000,1.000000
596.932983,-31.000000,-31.000000,3.140000,-2.000000,-2.000000,0.000000,2.770000,1.000000
596.937988,5.000000,5.000000,3.080000,-2.000000,-2.000000,0.000000,2.770000,1.000000
596.942993,7.000000,7.000000,3.020000,-2.000000,0.000000,0.000000,2.760000,1.000000
596.947998,10.000000,10.000000,2.980000,-2.000000,0.000000,0.000000,2.760000,1.000000
596.953003,7.000000,7.000000,2.960000,0.000000,0.000000,0.000000,3.020000,1.000000
596.958008,22.000000,22.000000,2.960000,0.000000,0.000000,0.000000,3.020000,1.000000
596.963013,18.000000,18.000000,2.940000,-2.000000,0.000000,0.000000,3.290000,1.000000
596.968018,36.000000,36.000000,2.960000,-2.000000,0.000000,0.000000,3.290000,1.000000
596.973022,29.000000,29.000000,2.970000,0.000000,0.000000,0.000000,3.020000,1.000000
596.978027,4.000000,4.000000,3.030000,0.000000,0.000000,0.000000,3.020000,1.000000
596.982971,-1.000000,-1.000000,3.050000,0.000000,0.000000,0.000000,3.290000,1.000000
596.987976,19.000000,19.000000,3.030000,0.000000,0.000000,0.000000,3.290000,1.000000
596.992981,24.000000,24.000000,3.030000,2.000000,0.000000,0.000000,3.290000,1.000000
596.997986,26.000000,26.000000,3.040000,2.000000,0.000000,0.000000,3.290000,1.000000
597.002991,27.000000,27.000000,2.990000,0.000000,0.000000,0.000000,3.560000,1.000000
597.007996,53.000000,53.000000,3.060000,0.000000,0.000000,0.000000,3.560000,1.000000
597.013000,47.000000,47.000000,3.010000,0.000000,0.000000,0.000000,3.290000,1.000000
597.018005,33.000000,33.000000,2.990000,0.000000,0.000000,0.000000,3.290000,1.000000
597.023010,39.000000,39.000000,2.940000,2.000000,0.000000,0.000000,3.290000,1.000000
597.028015,44.000000,44.000000,2.980000,2.000000,0.000000,0.000000,3.290000,1.000000
597.033020,38.000000,38.000000,2.950000,2.000000,0.000000,0.000000,3.560000,1.000000
597.038025,62.000000,62.000000,2.940000,2.000000,0.000000,0.000000,3.560000,1.000000
597.043030,70.000000,70.000000,2.850000,2.000000,0.000000,0.000000,3.560000,1.000000
597.047974,72.000000,72.000000,2.900000,2.000000,0.000000,0.000000,3.560000,1.000000
597.052979,72.000000,72.000000,2.870000,2.000000,0.000000,0.000000,3.570000,1.000000
597.057983,81.000000,81.000000,2.810000,2.000000,0.000000,0.000000,3.570000,1.000000
597.062988,90.000000,90.000000,2.670000,2.000000,2.000000,0.000000,3.570000,1.000000
597.067993,74.000000,74.000000,2.670000,2.000000,2.000000,0.000000,3.570000,1.000000
597.072998,76.000000,76.000000,2.680000,2.000000,2.000000,0.000000,3.850000,1.000000
597.078003,54.000000,54.000000,2.830000,2.000000,2.000000,0.000000,3.850000,1.000000
597.083008,51.000000,51.000000,2.880000,2.000000,2.000000,0.000000,3.860000,1.000000
597.088013,58.000000,58.000000,2.840000,2.000000,2.000000,0.000000,3.860000,1.000000
597.093018,56.000000,56.000000,2.790000,2.000000,4.000000,0.000000,3.860000,1.000000
597.098022,28.000000,28.000000,2.970000,2.000000,4.000000,0.000000,3.860000,1.000000
597.103027,39.000000,39.000000,3.030000,2.000000,2.000000,0.000000,4.140000,1.000000
597.107971,31.000000,31.000000,3.190000,2.000000,2.000000,0.000000,4.140000,1.000000
597.112976,23.000000,23.000000,3.150000,4.000000,4.000000,0.000000,3.890000,1.000000
597.117981,26.000000,26.000000,3.180000,4.000000,4.000000,0.000000,3.890000,1.000000
597.122986,55.000000,55.000000,3.260000,2.000000,2.000000,0.000000,4.430000,1.000000
597.127991,43.000000,43.000000,3.370000,2.000000,2.000000,0.000000,4.430000,1.000000
597.132996,7.000000,7.000000,3.400000,2.000000,4.000000,0.000000,3.910000,1.000000
597.138000,11.000000,11.000000,3.440000,2.000000,4.000000,0.000000,3.910000,1.000000
597.143005,32.000000,32.000000,3.480000,2.000000,2.000000,0.000000,4.190000,1.000000
597.148010,30.000000,30.000000,3.530000,2.000000,2.000000,0.000000,4.190000,1.000000
597.153015,12.000000,12.000000,3.560000,2.000000,2.000000,0.000000,3.930000,1.000000
597.158020,16.000000,16.000000,3.570000,2.000000,2.000000,0.000000,3.930000,1.000000
597.163025,24.000000,24.000000,3.560000,2.000000,0.000000,0.000000,3.940000,1.000000
597.168030,27.000000,27.000000,3.550000,2.000000,0.000000,0.000000,3.940000,1.000000
597.172974,9.000000,9.000000,3.530000,2.000000,0.000000,0.000000,3.680000,1.000000
597.177979,6.000000,6.000000,3.560000,2.000000,0.000000,0.000000,3.680000,1.000000
597.182983,6.000000,6.000000,3.560000,0.000000,0.000000,0.000000,3.680000,1.000000
597.187988,8.000000,8.000000,3.540000,0.000000,0.000000,0.000000,3.680000,1.000000
597.192993,13.000000,13.000000,3.500000,0.000000,2.000000,0.000000,3.420000,1.000000
597.197998,-3.000000,-3.000000,3.520000,0.000000,2.000000,0.000000,3.420000,1.000000
597.203003,-5.000000,-5.000000,3.530000,0.000000,0.000000,0.000000,3.690000,1.000000
597.208008,14.000000,14.000000,3.500000,0.000000,0.000000,0.000000,3.690000,1.000000
597.213013,19.000000,19.000000,3.470000,0.000000,0.000000,0.000000,3.420000,1.000000
597.218018,5.000000,5.000000,3.430000,0.000000,0.000000,0.000000,3.420000,1.000000
597.223022,7.000000,7.000000,3.410000,0.000000,0.000000,0.000000,3.420000,1.000000
597.228027,6.000000,6.000000,3.420000,0.000000,0.000000,0.000000,3.420000,1.000000
597.232971,2.000000,2.000000,3.400000,0.000000,0.000000,0.000000,3.420000,1.000000
597.237976,3.000000,3.000000,3.380000,0.000000,0.000000,0.000000,3.420000,1.000000
597.242981,4.000000,4.000000,3.380000,0.000000,0.000000,0.000000,3.420000,1.000000
597.247986,3.000000,3.000000,3.380000,0.000000,0.000000,0.000000,3.420000,1.000000
597.252991,0.000000,0.000000,3.380000,0.000000,0.000000,0.000000,3.420000,1.000000
597.257996,-1.000000,-1.000000,3.380000,0.000000,0.000000,0.000000,3.420000,1.000000
597.263000,-2.000000,-2.000000,3.380000,0.000000,0.000000,0.000000,3.420000,1.000000
597.268005,-4.000000,-4.000000,3.380000,0.000000,0.000000,0.000000,3.420000,1.000000
597.273010,-5.000000,-5.000000,3.390000,0.000000,0.000000,0.000000,3.420000,1.000000
597.278015,-7.000000,-7.000000,3.400000,0.000000,0.000000,0.000000,3.420000,1.000000
597.283020,-11.000000,-11.000000,3.430000,0.000000,0.000000,0.000000,3.420000,1.000000
597.288025,-14.000000,-14.000000,3.430000,0.000000,0.000000,0.000000,3.420000,1.000000
597.293030,-14.000000,-14.000000,3.450000,0.000000,0.000000,0.000000,3.420000,1.000000
597.297974,-17.000000,-17.000000,3.460000,0.000000,0.000000,0.000000,3.420000,1.000000
597.302979,-20.000000,-20.000000,3.490000,0.000000,0.000000,0.000000,3.420000,1.000000
597.307983,-24.000000,-24.000000,3.490000,0.000000,0.000000,0.000000,3.420000,1.000000
597.312988,-23.000000,-23.000000,3.530000,0.000000,0.000000,0.000000,3.420000,1.000000
597.317993,-27.000000,-27.000000,3.550000,0.000000,0.000000,0.000000,3.420000,1.000000
597.322998,-31.000000,-31.000000,3.590000,0.000000,0.000000,0.000000,3.420000,1.000000
597.328003,-36.000000,-36.000000,3.590000,0.000000,0.000000,0.000000,3.420000,1.000000
597.333008,-34.000000,-34.000000,3.630000,-2.000000,0.000000,0.000000,3.420000,1.000000
597.338013,-37.000000,-37.000000,3.660000,-2.000000,0.000000,0.000000,3.420000,1.000000
597.343018,-44.000000,-44.000000,3.760000,0.000000,-2.000000,0.000000,3.150000,1.000000
597.348022,-73.000000,-73.000000,3.730000,0.000000,-2.000000,0.000000,3.150000,1.000000
597.353027,-67.000000,-67.000000,3.770000,-2.000000,-2.000000,0.000000,3.150000,1.000000
597.357971,-70.000000,-70.000000,3.800000,-2.000000,-2.000000,0.000000,3.150000,1.000000
597.362976,-77.000000,-77.000000,3.900000,0.000000,-2.000000,0.000000,2.870000,1.000000
597.367981,-108.000000,-108.000000,3.860000,0.000000,-2.000000,0.000000,2.870000,1.000000
597.372986,-101.000000,-101.000000,4.020000,-2.000000,-4.000000,0.000000,3.140000,1.000000
597.377991,-90.000000,-90.000000,4.030000,-2.000000,-4.000000,0.000000,3.140000,1.000000
597.382996,-83.000000,-83.000000,4.030000,-2.000000,-2.000000,0.000000,2.590000,1.000000
597.388000,-108.000000,-108.000000,3.990000,-2.000000,-2.000000,0.000000,2.590000,1.000000
597.393005,-96.000000,-96.000000,4.000000,-4.000000,-4.000000,0.000000,2.850000,1.000000
597.398010,-66.000000,-66.000000,3.840000,-4.000000,-4.000000,0.000000,2.850000,1.000000
597.403015,-46.000000,-46.000000,3.790000,-2.000000,-4.000000,0.000000,2.300000,1.000000
597.408020,-81.000000,-81.000000,3.720000,-2.000000,-4.000000,0.000000,2.300000,1.000000
597.413025,-77.000000,-77.000000,3.740000,-2.000000,-4.000000,0.000000,2.550000,1.000000
597.418030,-58.000000,-58.000000,3.590000,-2.000000,-4.000000,0.000000,2.550000,1.000000
597.422974,-41.000000,-41.000000,3.510000,-2.000000,-2.000000,0.000000,2.540000,1.000000
597.427979,-32.000000,-32.000000,3.440000,-2.000000,-2.000000,0.000000,2.540000,1.000000
597.432983,-29.000000,-29.000000,3.440000,-2.000000,-2.000000,0.000000,2.800000,1.000000
597.437988,-7.000000,-7.000000,3.290000,-2.000000,-2.000000,0.000000,2.800000,1.000000
597.442993,9.000000,9.000000,3.180000,-2.000000,-2.000000,0.000000,2.790000,1.000000
597.447998,19.000000,19.000000,3.110000,-2.000000,-2.000000,0.000000,2.790000,1.000000
597.453003,19.000000,19.000000,3.040000,-4.000000,-2.000000,0.000000,2.780000,1.000000
597.458008,14.000000,14.000000,3.060000,-4.000000,-2.000000,0.000000,2.780000,1.000000
597.463013,3.000000,3.000000,3.020000,-2.000000,0.000000,0.000000,2.500000,1.000000
597.468018,-19.000000,-19.000000,2.970000,-2.000000,0.000000,0.000000,2.500000,1.000000
597.473022,-16.000000,-16.000000,2.910000,-2.000000,-2.000000,0.000000,3.030000,1.000000
597.478027,22.000000,22.000000,2.940000,-2.000000,-2.000000,0.000000,3.030000,1.000000
597.482971,11.000000,11.000000,2.960000,0.000000,0.000000,0.000000,2.750000,1.000000
597.487976,-19.000000,-19.000000,3.000000,0.000000,0.000000,0.000000,2.750000,1.000000
597.492981,-25.000000,-25.000000,3.020000,0.000000,0.000000,0.000000,3.290000,1.000000
597.497986,12.000000,12.000000,3.070000,0.000000,0.000000,0.000000,3.290000,1.000000
597.502991,7.000000,7.000000,3.090000,0.000000,0.000000,0.000000,3.290000,1.000000
597.507996,6.000000,6.000000,3.130000,0.000000,0.000000,0.000000,3.290000,1.000000
597.513000,6.000000,6.000000,3.140000,0.000000,0.000000,0.000000,3.290000,1.000000
597.518005,7.000000,7.000000,3.160000,0.000000,0.000000,0.000000,3.290000,1.000000
597.523010,8.000000,8.000000,3.170000,0.000000,0.000000,0.000000,3.290000,1.000000
597.528015,8.000000,8.000000,3.200000,0.000000,0.000000,0.000000,3.290000,1.000000
597.533020,8.000000,8.000000,3.200000,0.000000,2.000000,0.000000,3.290000,1.000000
597.538025,11.000000,11.000000,3.190000,0.000000,2.000000,0.000000,3.290000,1.000000
597.543030,14.000000,14.000000,3.190000,0.000000,0.000000,0.000000,3.560000,1.000000
597.547974,37.000000,37.000000,3.210000,0.000000,0.000000,0.000000,3.560000,1.000000
597.552979,35.000000,35.000000,3.190000,0.000000,0.000000,0.000000,3.290000,1.000000
597.557983,19.000000,19.000000,3.170000,0.000000,0.000000,0.000000,3.290000,1.000000
597.562988,24.000000,24.000000,3.120000,0.000000,0.000000,0.000000,3.290000,1.000000
597.567993,29.000000,29.000000,3.150000,0.000000,0.000000,0.000000,3.290000,1.000000
597.572998,25.000000,25.000000,3.130000,0.000000,0.000000,0.000000,3.290000,1.000000
597.578003,29.000000,29.000000,3.100000,0.000000,0.000000,0.000000,3.290000,1.000000
597.583008,35.000000,35.000000,3.020000,0.000000,0.000000,0.000000,3.290000,1.000000
597.588013,43.000000,43.000000,3.060000,0.000000,0.000000,0.000000,3.290000,1.000000
597.593018,38.000000,38.000000,3.020000,2.000000,2.000000,0.000000,3.290000,1.000000
597.598022,41.000000,41.000000,3.000000,2.000000,2.000000,0.000000,3.290000,1.000000
597.603027,48.000000,48.000000,2.910000,0.000000,0.000000,0.000000,3.830000,1.000000
597.607971,98.000000,98.000000,2.940000,0.000000,0.000000,0.000000,3.830000,1.000000
597.612976,92.000000,92.000000,2.900000,2.000000,0.000000,0.000000,3.300000,1.000000
597.617981,55.000000,55.000000,2.870000,2.000000,0.000000,0.000000,3.300000,1.000000
597.622986,62.000000,62.000000,2.770000,2.000000,0.000000,0.000000,3.570000,1.000000
597.627991,93.000000,93.000000,2.770000,2.000000,0.000000,0.000000,3.570000,1.000000
597.632996,88.000000,88.000000,2.690000,2.000000,2.000000,0.000000,3.570000,1.000000
597.638000,90.000000,90.000000,2.690000,2.000000,2.000000,0.000000,3.570000,1.000000
597.643005,85.000000,85.000000,2.680000,2.000000,0.000000,0.000000,3.850000,1.000000
597.648010,100.000000,100.000000,2.660000,2.000000,0.000000,0.000000,3.850000,1.000000
597.653015,93.000000,93.000000,2.610000,4.000000,4.000000,0.000000,3.590000,1.000000
597.658020,64.000000,64.000000,2.780000,4.000000,4.000000,0.000000,3.590000,1.000000
597.663025,37.000000,37.000000,2.850000,2.000000,4.000000,0.000000,4.400000,1.000000
597.668030,88.000000,88.000000,2.910000,2.000000,4.000000,0.000000,4.400000,1.000000
597.672974,88.000000,88.000000,2.850000,2.000000,4.000000,0.000000,4.150000,1.000000
597.677979,73.000000,73.000000,3.000000,2.000000,4.000000,0.000000,4.150000,1.000000
597.682983,52.000000,52.000000,3.060000,2.000000,4.000000,0.000000,4.160000,1.000000
597.687988,42.000000,42.000000,3.110000,2.000000,4.000000,0.000000,4.160000,1.000000
597.692993,41.000000,41.000000,3.040000,2.000000,4.000000,0.000000,4.170000,1.000000
597.697998,45.000000,45.000000,3.190000,2.000000,4.000000,0.000000,4.170000,1.000000
597.703003,23.000000,23.000000,3.280000,2.000000,2.000000,0.000000,4.190000,1.000000
597.708008,11.000000,11.000000,3.440000,2.000000,2.000000,0.000000,4.190000,1.000000
597.713013,2.000000,2.000000,3.430000,4.000000,4.000000,0.000000,3.930000,1.000000
597.718018,-10.000000,-10.000000,3.510000,4.000000,4.000000,0.000000,3.930000,1.000000
597.723022,-15.000000,-15.000000,3.650000,2.000000,4.000000,0.000000,4.480000,1.000000
597.728027,13.000000,13.000000,3.740000,2.000000,4.000000,0.000000,4.480000,1.000000
597.732971,11.000000,11.000000,3.830000,0.000000,2.000000,0.000000,4.220000,1.000000
597.737976,-4.000000,-4.000000,3.810000,0.000000,2.000000,0.000000,4.220000,1.000000
597.742981,9.000000,9.000000,3.820000,2.000000,2.000000,0.000000,3.700000,1.000000
597.747986,-24.000000,-24.000000,3.880000,2.000000,2.000000,0.000000,3.700000,1.000000
597.752991,-27.000000,-27.000000,3.900000,0.000000,0.000000,0.000000,3.970000,1.000000
597.757996,-5.000000,-5.000000,3.860000,0.000000,0.000000,0.000000,3.970000,1.000000
597.763000,4.000000,4.000000,3.850000,0.000000,0.000000,0.000000,3.440000,1.000000
597.768005,-29.000000,-29.000000,3.840000,0.000000,0.000000,0.000000,3.440000,1.000000
597.773010,-28.000000,-28.000000,3.850000,0.000000,0.000000,0.000000,3.440000,1.000000
597.778015,-29.000000,-29.000000,3.800000,0.000000,0.000000,0.000000,3.440000,1.000000
597.783020,-24.000000,-24.000000,3.820000,0.000000,0.000000,0.000000,3.440000,1.000000
597.788025,-25.000000,-25.000000,3.740000,0.000000,0.000000,0.000000,3.440000,1.000000
597.793030,-20.000000,-20.000000,3.750000,-2.000000,0.000000,0.000000,3.440000,1.000000
597.797974,-22.000000,-22.000000,3.730000,-2.000000,0.000000,0.000000,3.440000,1.000000
597.802979,-24.000000,-24.000000,3.750000,0.000000,-2.000000,0.000000,3.170000,1.000000
597.807983,-48.000000,-48.000000,3.720000,0.000000,-2.000000,0.000000,3.170000,1.000000
597.812988,-45.000000,-45.000000,3.720000,-2.000000,0.000000,0.000000,3.170000,1.000000
597.817993,-47.000000,-47.000000,3.710000,-2.000000,0.000000,0.000000,3.170000,1.000000
597.822998,-50.000000,-50.000000,3.770000,-2.000000,-2.000000,0.000000,3.160000,1.000000
597.828003,-59.000000,-59.000000,3.710000,-2.000000,-2.000000,0.000000,3.160000,1.000000
597.833008,-51.000000,-51.000000,3.740000,-2.000000,-2.000000,0.000000,2.890000,1.000000
597.838013,-74.000000,-74.000000,3.710000,-2.000000,-2.000000,0.000000,2.890000,1.000000
597.843018,-77.000000,-77.000000,3.780000,0.000000,-2.000000,0.000000,2.880000,1.000000
597.848022,-85.000000,-85.000000,3.810000,0.000000,-2.000000,0.000000,2.880000,1.000000
597.853027,-83.000000,-83.000000,3.850000,-2.000000,-2.000000,0.000000,3.140000,1.000000
597.857971,-53.000000,-53.000000,3.690000,-2.000000,-2.000000,0.000000,3.140000,1.000000
597.862976,-26.000000,-26.000000,3.670000,-2.000000,-2.000000,0.000000,2.870000,1.000000
597.867981,-37.000000,-37.000000,3.550000,-2.000000,-2.000000,0.000000,2.870000,1.000000
597.872986,-26.000000,-26.000000,3.540000,-4.000000,-4.000000,0.000000,2.860000,1.000000
597.877991,-25.000000,-25.000000,3.490000,-4.000000,-4.000000,0.000000,2.860000,1.000000
597.882996,-23.000000,-23.000000,3.430000,-2.000000,-2.000000,0.000000,2.310000,1.000000
597.888000,-57.000000,-57.000000,3.350000,-2.000000,-2.000000,0.000000,2.310000,1.000000
597.893005,-51.000000,-51.000000,3.310000,-2.000000,-2.000000,0.000000,2.830000,1.000000
597.898010,-11.000000,-11.000000,3.240000,-2.000000,-2.000000,0.000000,2.830000,1.000000
597.903015,-11.000000,-11.000000,3.220000,-2.000000,-2.000000,0.000000,2.820000,1.000000
597.908020,-16.000000,-16.000000,3.210000,-2.000000,-2.000000,0.000000,2.820000,1.000000
597.913025,-22.000000,-22.000000,3.210000,0.000000,-2.000000,0.000000,2.810000,1.000000
597.918030,-27.000000,-27.000000,3.180000,0.000000,-2.000000,0.000000,2.810000,1.000000
597.922974,-29.000000,-29.000000,3.220000,-2.000000,-2.000000,0.000000,3.080000,1.000000
597.927979,-16.000000,-16.000000,3.240000,-2.000000,-2.000000,0.000000,3.080000,1.000000
597.932983,-20.000000,-20.000000,3.300000,-2.000000,-2.000000,0.000000,2.800000,1.000000
597.937988,-45.000000,-45.000000,3.260000,-2.000000,-2.000000,0.000000,2.800000,1.000000
597.942993,-39.000000,-39.000000,3.260000,-2.000000,-2.000000,0.000000,2.790000,1.000000
597.947998,-39.000000,-39.000000,3.300000,-2.000000,-2.000000,0.000000,2.790000,1.000000
597.953003,-43.000000,-43.000000,3.380000,-2.000000,-2.000000,0.000000,2.780000,1.000000
597.958008,-45.000000,-45.000000,3.270000,-2.000000,-2.000000,0.000000,2.780000,1.000000
597.963013,-28.000000,-28.000000,3.250000,-2.000000,-2.000000,0.000000,2.780000,1.000000
597.968018,-24.000000,-24.000000,3.230000,-2.000000,-2.000000,0.000000,2.780000,1.000000
597.973022,-24.000000,-24.000000,3.300000,-2.000000,-2.000000,0.000000,2.770000,1.000000
597.978027,-31.000000,-31.000000,3.240000,-2.000000,-2.000000,0.000000,2.770000,1.000000
597.982971,-21.000000,-21.000000,3.200000,-2.000000,-2.000000,0.000000,2.760000,1.000000
597.987976,-13.000000,-13.000000,3.130000,-2.000000,-2.000000,0.000000,2.760000,1.000000
597.992981,-8.000000,-8.000000,3.170000,-2.000000,-2.000000,0.000000,2.750000,1.000000
597.997986,-14.000000,-14.000000,3.110000,-2.000000,-2.000000,0.000000,2.750000,1.000000
598.002991,-9.000000,-9.000000,3.050000,-2.000000,0.000000,0.000000,2.740000,1.000000
598.007996,-2.000000,-2.000000,3.020000,-2.000000,0.000000,0.000000,2.740000,1.000000
598.013000,-1.000000,-1.000000,3.020000,0.000000,-2.000000,0.000000,3.000000,1.000000
598.018005,14.000000,14.000000,2.990000,0.000000,-2.000000,0.000000,3.000000,1.000000
598.023010,15.000000,15.000000,2.920000,0.000000,-2.000000,0.000000,3.000000,1.000000
598.028015,21.000000,21.000000,2.910000,0.000000,-2.000000,0.000000,3.000000,1.000000
598.033020,16.000000,16.000000,2.910000,0.000000,0.000000,0.000000,2.990000,1.000000
598.038025,8.000000,8.000000,2.980000,0.000000,0.000000,0.000000,2.990000,1.000000
598.043030,-4.000000,-4.000000,3.010000,0.000000,0.000000,0.000000,3.260000,1.000000
598.047974,14.000000,14.000000,3.010000,0.000000,0.000000,0.000000,3.260000,1.000000
598.052979,17.000000,17.000000,3.010000,0.000000,0.000000,0.000000,3.260000,1.000000
598.057983,20.000000,20.000000,3.040000,0.000000,0.000000,0.000000,3.260000,1.000000
598.062988,18.000000,18.000000,3.020000,0.000000,0.000000,0.000000,3.260000,1.000000
598.067993,20.000000,20.000000,3.070000,0.000000,0.000000,0.000000,3.260000,1.000000
598.072998,16.000000,16.000000,3.050000,0.000000,0.000000,0.000000,3.260000,1.000000
598.078003,21.000000,21.000000,3.040000,0.000000,0.000000,0.000000,3.260000,1.000000
598.083008,25.000000,25.000000,3.020000,2.000000,0.000000,0.000000,3.260000,1.000000
598.088013,27.000000,27.000000,3.060000,2.000000,0.000000,0.000000,3.260000,1.000000
598.093018,23.000000,23.000000,3.050000,0.000000,2.000000,0.000000,3.530000,1.000000
598.098022,46.000000,46.000000,3.040000,0.000000,2.000000,0.000000,3.530000,1.000000
598.103027,51.000000,51.000000,2.990000,0.000000,0.000000,0.000000,3.530000,1.000000
598.107971,57.000000,57.000000,3.050000,0.000000,0.000000,0.000000,3.530000,1.000000
598.112976,48.000000,48.000000,3.020000,0.000000,0.000000,0.000000,3.270000,1.000000
598.117981,31.000000,31.000000,3.020000,0.000000,0.000000,0.000000,3.270000,1.000000
598.122986,36.000000,36.000000,2.920000,0.000000,2.000000,0.000000,3.270000,1.000000
598.127991,46.000000,46.000000,2.940000,0.000000,2.000000,0.000000,3.270000,1.000000
598.132996,41.000000,41.000000,2.940000,2.000000,2.000000,0.000000,3.540000,1.000000
598.138000,58.000000,58.000000,2.960000,2.000000,2.000000,0.000000,3.540000,1.000000
598.143005,53.000000,53.000000,2.900000,2.000000,0.000000,0.000000,3.810000,1.000000
598.148010,78.000000,78.000000,2.910000,2.000000,0.000000,0.000000,3.810000,1.000000
598.153015,74.000000,74.000000,2.870000,2.000000,2.000000,0.000000,3.550000,1.000000
598.158020,47.000000,47.000000,3.000000,2.000000,2.000000,0.000000,3.550000,1.000000
598.163025,28.000000,28.000000,3.030000,2.000000,2.000000,0.000000,3.830000,1.000000
598.168030,46.000000,46.000000,3.010000,2.000000,2.000000,0.000000,3.830000,1.000000
598.172974,52.000000,52.000000,2.950000,2.000000,2.000000,0.000000,3.830000,1.000000
598.177979,57.000000,57.000000,3.060000,2.000000,2.000000,0.000000,3.830000,1.000000
598.182983,41.000000,41.000000,3.100000,0.000000,0.000000,0.000000,3.840000,1.000000
598.187988,37.000000,37.000000,3.100000,0.000000,0.000000,0.000000,3.840000,1.000000
598.192993,40.000000,40.000000,3.010000,4.000000,4.000000,0.000000,3.310000,1.000000
598.197998,5.000000,5.000000,3.150000,4.000000,4.000000,0.000000,3.310000,1.000000
598.203003,-15.000000,-15.000000,3.240000,2.000000,2.000000,0.000000,4.390000,1.000000
598.208008,54.000000,54.000000,3.310000,2.000000,2.000000,0.000000,4.390000,1.000000
598.213013,54.000000,54.000000,3.370000,2.000000,2.000000,0.000000,3.870000,1.000000
598.218018,22.000000,22.000000,3.310000,2.000000,2.000000,0.000000,3.870000,1.000000
598.223022,36.000000,36.000000,3.290000,2.000000,0.000000,0.000000,3.880000,1.000000
598.228027,40.000000,40.000000,3.350000,2.000000,0.000000,0.000000,3.880000,1.000000
598.232971,31.000000,31.000000,3.340000,2.000000,0.000000,0.000000,3.620000,1.000000
598.237976,11.000000,11.000000,3.360000,2.000000,0.000000,0.000000,3.620000,1.000000
598.242981,12.000000,12.000000,3.360000,0.000000,0.000000,0.000000,3.620000,1.000000
598.247986,16.000000,16.000000,3.340000,0.000000,0.000000,0.000000,3.620000,1.000000
598.252991,20.000000,20.000000,3.320000,0.000000,0.000000,0.000000,3.350000,1.000000
598.257996,2.000000,2.000000,3.360000,0.000000,0.000000,0.000000,3.350000,1.000000
598.263000,-2.000000,-2.000000,3.360000,2.000000,2.000000,0.000000,3.350000,1.000000
598.268005,0.000000,0.000000,3.340000,2.000000,2.000000,0.000000,3.350000,1.000000
598.273010,7.000000,7.000000,3.310000,0.000000,0.000000,0.000000,3.890000,1.000000
598.278015,52.000000,52.000000,3.290000,0.000000,0.000000,0.000000,3.890000,1.000000
598.283020,53.000000,53.000000,3.230000,0.000000,0.000000,0.000000,3.360000,1.000000
598.288025,17.000000,17.000000,3.190000,0.000000,0.000000,0.000000,3.360000,1.000000
598.293030,17.000000,17.000000,3.110000,0.000000,2.000000,0.000000,3.360000,1.000000
598.297974,11.000000,11.000000,3.250000,0.000000,2.000000,0.000000,3.360000,1.000000
598.302979,-13.000000,-13.000000,3.350000,0.000000,0.000000,0.000000,3.630000,1.000000
598.307983,-3.000000,-3.000000,3.350000,0.000000,0.000000,0.000000,3.630000,1.000000
598.312988,4.000000,4.000000,3.320000,0.000000,0.000000,0.000000,3.370000,1.000000
598.317993,-7.000000,-7.000000,3.340000,0.000000,0.000000,0.000000,3.370000,1.000000
598.322998,-12.000000,-12.000000,3.420000,2.000000,0.000000,0.000000,3.370000,1.000000
598.328003,-23.000000,-23.000000,3.470000,2.000000,0.000000,0.000000,3.370000,1.000000
598.333008,-22.000000,-22.000000,3.450000,0.000000,0.000000,0.000000,3.640000,1.000000
598.338013,9.000000,9.000000,3.370000,0.000000,0.000000,0.000000,3.640000,1.000000
598.343018,18.000000,18.000000,3.380000,0.000000,0.000000,0.000000,3.370000,1.000000
598.348022,-8.000000,-8.000000,3.450000,0.000000,0.000000,0.000000,3.370000,1.000000
598.353027,-19.000000,-19.000000,3.460000,0.000000,0.000000,0.000000,3.370000,1.000000
598.357971,-19.000000,-19.000000,3.440000,0.000000,0.000000,0.000000,3.370000,1.000000
598.362976,-15.000000,-15.000000,3.490000,0.000000,0.000000,0.000000,3.370000,1.000000
598.367981,-20.000000,-20.000000,3.450000,0.000000,0.000000,0.000000,3.370000,1.000000
598.372986,-19.000000,-19.000000,3.500000,-2.000000,0.000000,0.000000,3.370000,1.000000
598.377991,-23.000000,-23.000000,3.510000,-2.000000,0.000000,0.000000,3.370000,1.000000
598.382996,-26.000000,-26.000000,3.550000,0.000000,-2.000000,0.000000,3.100000,1.000000
598.388000,-50.000000,-50.000000,3.540000,0.000000,-2.000000,0.000000,3.100000,1.000000
598.393005,-48.000000,-48.000000,3.580000,0.000000,0.000000,0.000000,3.100000,1.000000
598.398010,-53.000000,-53.000000,3.590000,0.000000,0.000000,0.000000,3.100000,1.000000
598.403015,-57.000000,-57.000000,3.660000,0.000000,0.000000,0.000000,3.360000,1.000000
598.408020,-43.000000,-43.000000,3.600000,0.000000,0.000000,0.000000,3.360000,1.000000
598.413025,-36.000000,-36.000000,3.660000,-2.000000,-2.000000,0.000000,3.360000,1.000000
598.418030,-40.000000,-40.000000,3.680000,-2.000000,-2.000000,0.000000,3.360000,1.000000
598.422974,-46.000000,-46.000000,3.760000,0.000000,0.000000,0.000000,2.820000,1.000000
598.427979,-94.000000,-94.000000,3.790000,0.000000,0.000000,0.000000,2.820000,1.000000
598.432983,-93.000000,-93.000000,3.880000,-2.000000,-2.000000,0.000000,3.350000,1.000000
598.437988,-52.000000,-52.000000,3.810000,-2.000000,-2.000000,0.000000,3.350000,1.000000
598.442993,-33.000000,-33.000000,3.790000,-2.000000,-2.000000,0.000000,2.810000,1.000000
598.447998,-64.000000,-64.000000,3.720000,-2.000000,-2.000000,0.000000,2.810000,1.000000
598.453003,-56.000000,-56.000000,3.760000,-4.000000,-2.000000,0.000000,2.810000,1.000000
598.458008,-60.000000,-60.000000,3.680000,-4.000000,-2.000000,0.000000,2.810000,1.000000
598.463013,-54.000000,-54.000000,3.640000,-2.000000,-2.000000,0.000000,2.530000,1.000000
598.468018,-71.000000,-71.000000,3.640000,-2.000000,-2.000000,0.000000,2.530000,1.000000
598.473022,-71.000000,-71.000000,3.660000,-2.000000,-2.000000,0.000000,2.780000,1.000000
598.478027,-50.000000,-50.000000,3.550000,-2.000000,-2.000000,0.000000,2.780000,1.000000
598.482971,-38.000000,-38.000000,3.560000,-2.000000,-2.000000,0.000000,2.780000,1.000000
598.487976,-38.000000,-38.000000,3.530000,-2.000000,-2.000000,0.000000,2.780000,1.000000
598.492981,-37.000000,-37.000000,3.540000,-2.000000,-2.000000,0.000000,2.770000,1.000000
598.497986,-34.000000,-34.000000,3.420000,-2.000000,-2.000000,0.000000,2.770000,1.000000
598.502991,-22.000000,-22.000000,3.410000,-2.000000,-2.000000,0.000000,2.760000,1.000000
598.507996,-22.000000,-22.000000,3.390000,-2.000000,-2.000000,0.000000,2.760000,1.000000
598.513000,-22.000000,-22.000000,3.390000,-4.000000,-2.000000,0.000000,2.750000,1.000000
598.518005,-21.000000,-21.000000,3.270000,-4.000000,-2.000000,0.000000,2.750000,1.000000
598.523010,-8.000000,-8.000000,3.230000,-2.000000,-2.000000,0.000000,2.470000,1.000000
598.528015,-24.000000,-24.000000,3.190000,-2.000000,-2.000000,0.000000,2.470000,1.000000
598.533020,-25.000000,-25.000000,3.190000,-2.000000,-2.000000,0.000000,2.730000,1.000000
598.538025,-10.000000,-10.000000,3.150000,-2.000000,-2.000000,0.000000,2.730000,1.000000
598.543030,-6.000000,-6.000000,3.090000,-2.000000,-2.000000,0.000000,2.720000,1.000000
598.547974,-1.000000,-1.000000,3.060000,-2.000000,-2.000000,0.000000,2.720000,1.000000
598.552979,-2.000000,-2.000000,3.060000,-2.000000,-2.000000,0.000000,2.710000,1.000000
598.557983,-6.000000,-6.000000,3.020000,-2.000000,-2.000000,0.000000,2.710000,1.000000
598.562988,-5.000000,-5.000000,2.990000,-2.000000,-2.000000,0.000000,2.700000,1.000000
598.567993,-4.000000,-4.000000,2.970000,-2.000000,-2.000000,0.000000,2.700000,1.000000
598.572998,-5.000000,-5.000000,2.980000,0.000000,0.000000,0.000000,2.690000,1.000000
598.578003,-8.000000,-8.000000,2.950000,0.000000,0.000000,0.000000,2.690000,1.000000
598.583008,-6.000000,-6.000000,2.940000,-2.000000,-2.000000,0.000000,3.230000,1.000000
598.588013,34.000000,34.000000,2.930000,-2.000000,-2.000000,0.000000,3.230000,1.000000
598.593018,33.000000,33.000000,2.940000,0.000000,0.000000,0.000000,2.690000,1.000000
598.598022,-8.000000,-8.000000,2.920000,0.000000,0.000000,0.000000,2.690000,1.000000
598.603027,-5.000000,-5.000000,2.910000,0.000000,0.000000,0.000000,3.220000,1.000000
598.607971,36.000000,36.000000,2.920000,0.000000,0.000000,0.000000,3.220000,1.000000
598.612976,36.000000,36.000000,2.910000,0.000000,0.000000,0.000000,3.220000,1.000000
598.617981,39.000000,39.000000,2.870000,0.000000,0.000000,0.000000,3.220000,1.000000
598.622986,45.000000,45.000000,2.800000,0.000000,0.000000,0.000000,3.220000,1.000000
598.627991,51.000000,51.000000,2.890000,0.000000,0.000000,0.000000,3.220000,1.000000
598.632996,40.000000,40.000000,2.840000,2.000000,2.000000,0.000000,3.220000,1.000000
598.638000,44.000000,44.000000,2.820000,2.000000,2.000000,0.000000,3.220000,1.000000
598.643005,52.000000,52.000000,2.750000,2.000000,0.000000,0.000000,3.760000,1.000000
598.648010,101.000000,101.000000,2.770000,2.000000,0.000000,0.000000,3.760000,1.000000
598.653015,96.000000,96.000000,2.740000,2.000000,2.000000,0.000000,3.500000,1.000000
598.658020,78.000000,78.000000,2.730000,2.000000,2.000000,0.000000,3.500000,1.000000
598.663025,84.000000,84.000000,2.620000,0.000000,2.000000,0.000000,3.770000,1.000000
598.668030,117.000000,117.000000,2.660000,0.000000,2.000000,0.000000,3.770000,1.000000
598.672974,111.000000,111.000000,2.440000,4.000000,2.000000,0.000000,3.510000,1.000000
598.677979,103.000000,103.000000,2.490000,4.000000,2.000000,0.000000,3.510000,1.000000
598.682983,85.000000,85.000000,2.580000,2.000000,2.000000,0.000000,4.050000,1.000000
598.687988,102.000000,102.000000,2.580000,2.000000,2.000000,0.000000,4.050000,1.000000
598.692993,94.000000,94.000000,2.550000,4.000000,4.000000,0.000000,3.800000,1.000000
598.697998,68.000000,68.000000,2.740000,4.000000,4.000000,0.000000,3.800000,1.000000
598.703003,41.000000,41.000000,2.780000,4.000000,4.000000,0.000000,4.340000,1.000000
598.708008,73.000000,73.000000,2.910000,4.000000,4.000000,0.000000,4.340000,1.000000
598.713013,66.000000,66.000000,2.880000,4.000000,4.000000,0.000000,4.360000,1.000000
598.718018,71.000000,71.000000,3.020000,4.000000,4.000000,0.000000,4.360000,1.000000
598.723022,54.000000,54.000000,3.110000,4.000000,4.000000,0.000000,4.380000,1.000000
598.728027,44.000000,44.000000,3.180000,4.000000,4.000000,0.000000,4.380000,1.000000
598.732971,40.000000,40.000000,3.120000,4.000000,6.000000,0.000000,4.400000,1.000000
598.737976,44.000000,44.000000,3.310000,4.000000,6.000000,0.000000,4.400000,1.000000
598.742981,21.000000,21.000000,3.420000,4.000000,4.000000,0.000000,4.680000,1.000000
598.747986,29.000000,29.000000,3.580000,4.000000,4.000000,0.000000,4.680000,1.000000
598.752991,21.000000,21.000000,3.560000,4.000000,4.000000,0.000000,4.430000,1.000000
598.757996,11.000000,11.000000,3.650000,4.000000,4.000000,0.000000,4.430000,1.000000
598.763000,5.000000,5.000000,3.790000,2.000000,4.000000,0.000000,4.450000,1.000000
598.768005,-10.000000,-10.000000,3.920000,2.000000,4.000000,0.000000,4.450000,1.000000
598.773010,-16.000000,-16.000000,3.970000,4.000000,4.000000,0.000000,4.200000,1.000000
598.778015,-29.000000,-29.000000,4.010000,4.000000,4.000000,0.000000,4.200000,1.000000
598.783020,-24.000000,-24.000000,4.080000,2.000000,0.000000,0.000000,4.480000,1.000000
598.788025,-5.000000,-5.000000,4.140000,2.000000,0.000000,0.000000,4.480000,1.000000
598.793030,-5.000000,-5.000000,4.230000,0.000000,0.000000,0.000000,3.690000,1.000000
598.797974,-61.000000,-61.000000,4.180000,0.000000,0.000000,0.000000,3.690000,1.000000
598.802979,-46.000000,-46.000000,4.120000,0.000000,0.000000,0.000000,3.420000,1.000000
598.807983,-54.000000,-54.000000,4.090000,0.000000,0.000000,0.000000,3.420000,1.000000
598.812988,-50.000000,-50.000000,4.130000,-2.000000,-2.000000,0.000000,3.420000,1.000000
598.817993,-52.000000,-52.000000,4.070000,-2.000000,-2.000000,0.000000,3.420000,1.000000
598.822998,-49.000000,-49.000000,4.110000,0.000000,-2.000000,0.000000,2.880000,1.000000
598.828003,-93.000000,-93.000000,4.030000,0.000000,-2.000000,0.000000,2.880000,1.000000
598.833008,-86.000000,-86.000000,4.040000,-2.000000,-2.000000,0.000000,3.140000,1.000000
598.838013,-67.000000,-67.000000,3.980000,-2.000000,-2.000000,0.000000,3.140000,1.000000
598.843018,-67.000000,-67.000000,4.090000,-2.000000,-2.000000,0.000000,2.870000,1.000000
598.848022,-99.000000,-99.000000,4.110000,-2.000000,-2.000000,0.000000,2.870000,1.000000
598.853027,-94.000000,-94.000000,4.080000,-4.000000,-2.000000,0.000000,2.860000,1.000000
598.857971,-73.000000,-73.000000,3.910000,-4.000000,-2.000000,0.000000,2.860000,1.000000
598.862976,-47.000000,-47.000000,3.870000,-2.000000,-2.000000,0.000000,2.580000,1.000000
598.867981,-63.000000,-63.000000,3.760000,-2.000000,-2.000000,0.000000,2.580000,1.000000
598.872986,-54.000000,-54.000000,3.770000,-4.000000,-2.000000,0.000000,2.840000,1.000000
598.877991,-30.000000,-30.000000,3.630000,-4.000000,-2.000000,0.000000,2.840000,1.000000
598.882996,-16.000000,-16.000000,3.580000,-4.000000,-2.000000,0.000000,2.560000,1.000000
598.888000,-30.000000,-30.000000,3.460000,-4.000000,-2.000000,0.000000,2.560000,1.000000
598.893005,-19.000000,-19.000000,3.360000,-2.000000,-2.000000,0.000000,2.550000,1.000000
598.898010,-12.000000,-12.000000,3.260000,-2.000000,-2.000000,0.000000,2.550000,1.000000
598.903015,-10.000000,-10.000000,3.190000,0.000000,-2.000000,0.000000,2.810000,1.000000
598.908020,8.000000,8.000000,3.110000,0.000000,-2.000000,0.000000,2.810000,1.000000
598.913025,6.000000,6.000000,3.080000,-2.000000,-2.000000,0.000000,3.070000,1.000000
598.918030,19.000000,19.000000,3.050000,-2.000000,-2.000000,0.000000,3.070000,1.000000
598.922974,13.000000,13.000000,3.020000,-2.000000,0.000000,0.000000,2.790000,1.000000
598.927979,-12.000000,-12.000000,3.020000,-2.000000,0.000000,0.000000,2.790000,1.000000
598.932983,-20.000000,-20.000000,3.010000,0.000000,0.000000,0.000000,3.050000,1.000000
598.937988,-8.000000,-8.000000,3.050000,0.000000,0.000000,0.000000,3.050000,1.000000
598.942993,-19.000000,-19.000000,3.150000,0.000000,0.000000,0.000000,3.320000,1.000000
598.947998,-13.000000,-13.000000,3.160000,0.000000,0.000000,0.000000,3.320000,1.000000
598.953003,-14.000000,-14.000000,3.200000,0.000000,-2.000000,0.000000,3.320000,1.000000
598.958008,-16.000000,-16.000000,3.240000,0.000000,-2.000000,0.000000,3.320000,1.000000
598.963013,-19.000000,-19.000000,3.310000,0.000000,0.000000,0.000000,3.050000,1.000000
598.968018,-47.000000,-47.000000,3.350000,0.000000,0.000000,0.000000,3.050000,1.000000
598.973022,-50.000000,-50.000000,3.410000,0.000000,0.000000,0.000000,3.320000,1.000000
598.978027,-32.000000,-32.000000,3.420000,0.000000,0.000000,0.000000,3.320000,1.000000
598.982971,-32.000000,-32.000000,3.480000,0.000000,0.000000,0.000000,3.320000,1.000000
598.987976,-37.000000,-37.000000,3.540000,0.000000,0.000000,0.000000,3.320000,1.000000
598.992981,-40.000000,-40.000000,3.620000,-2.000000,-2.000000,0.000000,3.320000,1.000000
598.997986,-39.000000,-39.000000,3.550000,-2.000000,-2.000000,0.000000,3.320000,1.000000
599.002991,-28.000000,-28.000000,3.550000,0.000000,0.000000,0.000000,2.780000,1.000000
599.007996,-68.000000,-68.000000,3.620000,0.000000,0.000000,0.000000,2.780000,1.000000
599.013000,-75.000000,-75.000000,3.720000,0.000000,0.000000,0.000000,3.310000,1.000000
599.018005,-39.000000,-39.000000,3.630000,0.000000,0.000000,0.000000,3.310000,1.000000
599.023010,-22.000000,-22.000000,3.600000,0.000000,0.000000,0.000000,3.310000,1.000000
599.028015,-15.000000,-15.000000,3.570000,0.000000,0.000000,0.000000,3.310000,1.000000
599.033020,-13.000000,-13.000000,3.640000,0.000000,-2.000000,0.000000,3.310000,1.000000
599.038025,-19.000000,-19.000000,3.600000,0.000000,-2.000000,0.000000,3.310000,1.000000
599.043030,-11.000000,-11.000000,3.570000,0.000000,-2.000000,0.000000,3.040000,1.000000
599.047974,-23.000000,-23.000000,3.520000,0.000000,-2.000000,0.000000,3.040000,1.000000
599.052979,-21.000000,-21.000000,3.540000,-2.000000,0.000000,0.000000,3.030000,1.000000
599.057983,-29.000000,-29.000000,3.530000,-2.000000,0.000000,0.000000,3.030000,1.000000
599.062988,-28.000000,-28.000000,3.520000,0.000000,0.000000,0.000000,3.030000,1.000000
599.067993,-26.000000,-26.000000,3.490000,0.000000,0.000000,0.000000,3.030000,1.000000
599.072998,-22.000000,-22.000000,3.520000,-2.000000,0.000000,0.000000,3.290000,1.000000
599.078003,-4.000000,-4.000000,3.450000,-2.000000,0.000000,0.000000,3.290000,1.000000
599.083008,5.000000,5.000000,3.380000,0.000000,0.000000,0.000000,3.020000,1.000000
599.088013,-8.000000,-8.000000,3.380000,0.000000,0.000000,0.000000,3.020000,1.000000
599.093018,-14.000000,-14.000000,3.390000,0.000000,-2.000000,0.000000,3.290000,1.000000
599.098022,0.000000,0.000000,3.380000,0.000000,-2.000000,0.000000,3.290000,1.000000
599.103027,1.000000,1.000000,3.350000,0.000000,0.000000,0.000000,3.020000,1.000000
599.107971,-17.000000,-17.000000,3.340000,0.000000,0.000000,0.000000,3.020000,1.000000
599.112976,-18.000000,-18.000000,3.370000,0.000000,0.000000,0.000000,3.290000,1.000000
599.117981,-4.000000,-4.000000,3.400000,0.000000,0.000000,0.000000,3.290000,1.000000
599.122986,-6.000000,-6.000000,3.390000,0.000000,0.000000,0.000000,3.290000,1.000000
599.127991,-3.000000,-3.000000,3.360000,0.000000,0.000000,0.000000,3.290000,1.000000
599.132996,2.000000,2.000000,3.370000,0.000000,0.000000,0.000000,3.290000,1.000000
599.138000,1.000000,1.000000,3.370000,0.000000,0.000000,0.000000,3.290000,1.000000
599.143005,1.000000,1.000000,3.360000,0.000000,0.000000,0.000000,3.290000,1.000000
599.148010,4.000000,4.000000,3.350000,0.000000,0.000000,0.000000,3.290000,1.000000
599.153015,7.000000,7.000000,3.330000,0.000000,0.000000,0.000000,3.290000,1.000000
599.158020,9.000000,9.000000,3.320000,0.000000,0.000000,0.000000,3.290000,1.000000
599.163025,11.000000,11.000000,3.290000,0.000000,0.000000,0.000000,3.290000,1.000000
599.168030,14.000000,14.000000,3.290000,0.000000,0.000000,0.000000,3.290000,1.000000
599.172974,15.000000,15.000000,3.260000,0.000000,0.000000,0.000000,3.290000,1.000000
599.177979,18.000000,18.000000,3.240000,0.000000,0.000000,0.000000,3.290000,1.000000
599.182983,22.000000,22.000000,3.180000,0.000000,0.000000,0.000000,3.290000,1.000000
599.187988,27.000000,27.000000,3.190000,0.000000,0.000000,0.000000,3.290000,1.000000
599.192993,25.000000,25.000000,3.160000,0.000000,0.000000,0.000000,3.290000,1.000000
599.197998,29.000000,29.000000,3.130000,0.000000,0.000000,0.000000,3.290000,1.000000
599.203003,34.000000,34.000000,3.050000,0.000000,0.000000,0.000000,3.290000,1.000000
599.208008,41.000000,41.000000,3.080000,0.000000,0.000000,0.000000,3.290000,1.000000
599.213013,35.000000,35.000000,3.040000,0.000000,0.000000,0.000000,3.290000,1.000000
599.218018,39.000000,39.000000,3.000000,0.000000,0.000000,0.000000,3.290000,1.000000
599.223022,46.000000,46.000000,2.920000,0.000000,0.000000,0.000000,3.290000,1.000000
599.228027,54.000000,54.000000,2.950000,0.000000,0.000000,0.000000,3.290000,1.000000
599.232971,47.000000,47.000000,2.910000,2.000000,2.000000,0.000000,3.290000,1.000000
599.237976,50.000000,50.000000,2.880000,2.000000,2.000000,0.000000,3.290000,1.000000
599.242981,57.000000,57.000000,2.790000,2.000000,2.000000,0.000000,3.830000,1.000000
599.247986,106.000000,106.000000,2.810000,2.000000,2.000000,0.000000,3.830000,1.000000
599.252991,100.000000,100.000000,2.730000,2.000000,2.000000,0.000000,3.830000,1.000000
599.257996,103.000000,103.000000,2.730000,2.000000,2.000000,0.000000,3.830000,1.000000
599.263000,102.000000,102.000000,2.660000,2.000000,2.000000,0.000000,3.840000,1.000000
599.268005,104.000000,104.000000,2.630000,2.000000,2.000000,0.000000,3.840000,1.000000
599.273010,97.000000,97.000000,2.580000,2.000000,4.000000,0.000000,3.850000,1.000000
599.278015,80.000000,80.000000,2.810000,2.000000,4.000000,0.000000,3.850000,1.000000
599.283020,42.000000,42.000000,2.830000,2.000000,2.000000,0.000000,4.130000,1.000000
599.288025,56.000000,56.000000,2.850000,2.000000,2.000000,0.000000,4.130000,1.000000
599.293030,59.000000,59.000000,2.820000,4.000000,4.000000,0.000000,3.870000,1.000000
599.297974,38.000000,38.000000,2.990000,4.000000,4.000000,0.000000,3.870000,1.000000
599.302979,11.000000,11.000000,3.070000,4.000000,4.000000,0.000000,4.420000,1.000000
599.307983,39.000000,39.000000,3.270000,4.000000,4.000000,0.000000,4.420000,1.000000
599.312988,27.000000,27.000000,3.310000,4.000000,2.000000,0.000000,4.440000,1.000000
599.317993,34.000000,34.000000,3.370000,4.000000,2.000000,0.000000,4.440000,1.000000
599.322998,38.000000,38.000000,3.420000,4.000000,4.000000,0.000000,4.190000,1.000000
599.328003,15.000000,15.000000,3.500000,4.000000,4.000000,0.000000,4.190000,1.000000
599.333008,7.000000,7.000000,3.550000,2.000000,2.000000,0.000000,4.470000,1.000000
599.338013,23.000000,23.000000,3.680000,2.000000,2.000000,0.000000,4.470000,1.000000
599.343018,12.000000,12.000000,3.750000,2.000000,4.000000,0.000000,3.950000,1.000000
599.348022,-29.000000,-29.000000,3.760000,2.000000,4.000000,0.000000,3.950000,1.000000
599.353027,-25.000000,-25.000000,3.790000,2.000000,4.000000,0.000000,4.220000,1.000000
599.357971,-5.000000,-5.000000,3.910000,2.000000,4.000000,0.000000,4.220000,1.000000
599.362976,-18.000000,-18.000000,4.000000,2.000000,2.000000,0.000000,4.240000,1.000000
599.367981,-22.000000,-22.000000,4.030000,2.000000,2.000000,0.000000,4.240000,1.000000
599.372986,-16.000000,-16.000000,4.060000,2.000000,0.000000,0.000000,3.980000,1.000000
599.377991,-29.000000,-29.000000,4.060000,2.000000,0.000000,0.000000,3.980000,1.000000
599.382996,-25.000000,-25.000000,4.130000,0.000000,0.000000,0.000000,3.720000,1.000000
599.388000,-50.000000,-50.000000,4.120000,0.000000,0.000000,0.000000,3.720000,1.000000
599.393005,-45.000000,-45.000000,4.140000,0.000000,0.000000,0.000000,3.450000,1.000000
599.398010,-61.000000,-61.000000,4.100000,0.000000,0.000000,0.000000,3.450000,1.000000
599.403015,-55.000000,-55.000000,4.130000,0.000000,0.000000,0.000000,3.450000,1.000000
599.408020,-58.000000,-58.000000,4.050000,0.000000,0.000000,0.000000,3.450000,1.000000
599.413025,-52.000000,-52.000000,4.100000,-2.000000,-2.000000,0.000000,3.450000,1.000000
599.418030,-58.000000,-58.000000,4.090000,-2.000000,-2.000000,0.000000,3.450000,1.000000
599.422974,-63.000000,-63.000000,4.170000,-2.000000,0.000000,0.000000,2.910000,1.000000
599.427979,-112.000000,-112.000000,4.100000,-2.000000,0.000000,0.000000,2.910000,1.000000
599.432983,-104.000000,-104.000000,4.110000,-2.000000,-2.000000,0.000000,3.170000,1.000000
599.437988,-85.000000,-85.000000,4.210000,-2.000000,-2.000000,0.000000,3.170000,1.000000
599.442993,-97.000000,-97.000000,4.270000,-2.000000,-2.000000,0.000000,2.900000,1.000000
599.447998,-117.000000,-117.000000,4.230000,-2.000000,-2.000000,0.000000,2.900000,1.000000
599.453003,-98.000000,-98.000000,4.220000,-4.000000,-4.000000,0.000000,2.890000,1.000000
599.458008,-81.000000,-81.000000,4.030000,-4.000000,-4.000000,0.000000,2.890000,1.000000
599.463013,-59.000000,-59.000000,4.030000,-2.000000,-2.000000,0.000000,2.340000,1.000000
599.468018,-99.000000,-99.000000,3.980000,-2.000000,-2.000000,0.000000,2.340000,1.000000
599.473022,-96.000000,-96.000000,4.000000,-2.000000,-4.000000,0.000000,2.870000,1.000000
599.478027,-50.000000,-50.000000,3.780000,-2.000000,-4.000000,0.000000,2.870000,1.000000
599.482971,-20.000000,-20.000000,3.700000,-4.000000,-2.000000,0.000000,2.590000,1.000000
599.487976,-30.000000,-30.000000,3.530000,-4.000000,-2.000000,0.000000,2.590000,1.000000
599.492981,-17.000000,-17.000000,3.450000,-4.000000,-2.000000,0.000000,2.570000,1.000000
599.497986,-16.000000,-16.000000,3.380000,-4.000000,-2.000000,0.000000,2.570000,1.000000
599.502991,-19.000000,-19.000000,3.340000,-2.000000,-4.000000,0.000000,2.560000,1.000000
599.507996,-21.000000,-21.000000,3.250000,-2.000000,-4.000000,0.000000,2.560000,1.000000
599.513000,-17.000000,-17.000000,3.180000,-4.000000,-2.000000,0.000000,2.550000,1.000000
599.518005,-19.000000,-19.000000,3.140000,-4.000000,-2.000000,0.000000,2.550000,1.000000
599.523010,-23.000000,-23.000000,3.190000,-2.000000,-2.000000,0.000000,2.540000,1.000000
599.528015,-35.000000,-35.000000,3.180000,-2.000000,-2.000000,0.000000,2.540000,1.000000
599.533020,-35.000000,-35.000000,3.150000,-2.000000,0.000000,0.000000,2.790000,1.000000
599.538025,-11.000000,-11.000000,3.080000,-2.000000,0.000000,0.000000,2.790000,1.000000
599.543030,-5.000000,-5.000000,3.060000,0.000000,-2.000000,0.000000,3.050000,1.000000
599.547974,12.000000,12.000000,3.080000,0.000000,-2.000000,0.000000,3.050000,1.000000
599.552979,4.000000,4.000000,3.100000,0.000000,0.000000,0.000000,3.050000,1.000000
599.557983,0.000000,0.000000,3.060000,0.000000,0.000000,0.000000,3.050000,1.000000
599.562988,3.000000,3.000000,3.050000,0.000000,0.000000,0.000000,3.320000,1.000000
599.567993,23.000000,23.000000,3.070000,0.000000,0.000000,0.000000,3.320000,1.000000
599.572998,17.000000,17.000000,3.090000,0.000000,-2.000000,0.000000,3.320000,1.000000
599.578003,12.000000,12.000000,3.110000,0.000000,-2.000000,0.000000,3.320000,1.000000
599.583008,9.000000,9.000000,3.110000,-2.000000,0.000000,0.000000,3.050000,1.000000
599.588013,-13.000000,-13.000000,3.160000,-2.000000,0.000000,0.000000,3.050000,1.000000
599.593018,-19.000000,-19.000000,3.190000,0.000000,0.000000,0.000000,3.040000,1.000000
599.598022,-24.000000,-24.000000,3.250000,0.000000,0.000000,0.000000,3.040000,1.000000
599.603027,-28.000000,-28.000000,3.280000,0.000000,0.000000,0.000000,3.310000,1.000000
599.607971,-8.000000,-8.000000,3.230000,0.000000,0.000000,0.000000,3.310000,1.000000
599.612976,2.000000,2.000000,3.270000,0.000000,0.000000,0.000000,3.310000,1.000000
599.617981,2.000000,2.000000,3.290000,0.000000,0.000000,0.000000,3.310000,1.000000
599.622986,3.000000,3.000000,3.240000,0.000000,0.000000,0.000000,3.310000,1.000000
599.627991,10.000000,10.000000,3.250000,0.000000,0.000000,0.000000,3.310000,1.000000
599.632996,10.000000,10.000000,3.270000,0.000000,0.000000,0.000000,3.310000,1.000000
599.638000,5.000000,5.000000,3.280000,0.000000,0.000000,0.000000,3.310000,1.000000
599.643005,4.000000,4.000000,3.280000,0.000000,0.000000,0.000000,3.310000,1.000000
599.648010,8.000000,8.000000,3.270000,0.000000,0.000000,0.000000,3.310000,1.000000
599.653015,10.000000,10.000000,3.260000,0.000000,0.000000,0.000000,3.310000,1.000000
599.658020,11.000000,11.000000,3.280000,0.000000,0.000000,0.000000,3.310000,1.000000
599.663025,10.000000,10.000000,3.260000,0.000000,0.000000,0.000000,3.310000,1.000000
599.668030,14.000000,14.000000,3.260000,0.000000,0.000000,0.000000,3.310000,1.000000
599.672974,16.000000,16.000000,3.240000,0.000000,0.000000,0.000000,3.310000,1.000000
599.677979,19.000000,19.000000,3.230000,0.000000,0.000000,0.000000,3.310000,1.000000
599.682983,21.000000,21.000000,3.200000,0.000000,2.000000,0.000000,3.310000,1.000000
599.687988,24.000000,24.000000,3.220000,0.000000,2.000000,0.000000,3.310000,1.000000
599.692993,23.000000,23.000000,3.180000,0.000000,0.000000,0.000000,3.580000,1.000000
599.697998,48.000000,48.000000,3.160000,0.000000,0.000000,0.000000,3.580000,1.000000
599.703003,52.000000,52.000000,3.110000,0.000000,0.000000,0.000000,3.310000,1.000000
599.708008,37.000000,37.000000,3.160000,0.000000,0.000000,0.000000,3.310000,1.000000
599.713013,29.000000,29.000000,3.100000,2.000000,0.000000,0.000000,3.310000,1.000000
599.718018,34.000000,34.000000,3.090000,2.000000,0.000000,0.000000,3.310000,1.000000
599.723022,41.000000,41.000000,2.980000,2.000000,2.000000,0.000000,3.580000,1.000000
599.728027,71.000000,71.000000,3.010000,2.000000,2.000000,0.000000,3.580000,1.000000
599.732971,64.000000,64.000000,2.970000,2.000000,2.000000,0.000000,3.860000,1.000000
599.737976,87.000000,87.000000,2.920000,2.000000,2.000000,0.000000,3.860000,1.000000
599.742981,93.000000,93.000000,2.830000,2.000000,0.000000,0.000000,3.860000,1.000000
599.747986,98.000000,98.000000,2.890000,2.000000,0.000000,0.000000,3.860000,1.000000
599.752991,85.000000,85.000000,2.720000,4.000000,4.000000,0.000000,3.600000,1.000000
599.757996,71.000000,71.000000,2.820000,4.000000,4.000000,0.000000,3.600000,1.000000
599.763000,53.000000,53.000000,2.860000,2.000000,2.000000,0.000000,4.420000,1.000000
599.768005,98.000000,98.000000,2.950000,2.000000,2.000000,0.000000,4.420000,1.000000
599.773010,86.000000,86.000000,2.930000,2.000000,4.000000,0.000000,3.890000,1.000000
599.778015,44.000000,44.000000,3.070000,2.000000,4.000000,0.000000,3.890000,1.000000
599.783020,28.000000,28.000000,3.120000,2.000000,4.000000,0.000000,4.170000,1.000000
599.788025,42.000000,42.000000,3.180000,2.000000,4.000000,0.000000,4.170000,1.000000
599.793030,39.000000,39.000000,3.190000,4.000000,4.000000,0.000000,4.190000,1.000000
599.797974,39.000000,39.000000,3.320000,4.000000,4.000000,0.000000,4.190000,1.000000
599.802979,25.000000,25.000000,3.400000,2.000000,2.000000,0.000000,4.470000,1.000000
599.807983,40.000000,40.000000,3.450000,2.000000,2.000000,0.000000,4.470000,1.000000
599.812988,41.000000,41.000000,3.420000,4.000000,2.000000,0.000000,3.950000,1.000000
599.817993,6.000000,6.000000,3.520000,4.000000,2.000000,0.000000,3.950000,1.000000
599.822998,-4.000000,-4.000000,3.610000,2.000000,2.000000,0.000000,4.220000,1.000000
599.828003,9.000000,9.000000,3.660000,2.000000,2.000000,0.000000,4.220000,1.000000
599.833008,12.000000,12.000000,3.660000,0.000000,2.000000,0.000000,3.970000,1.000000
599.838013,1.000000,1.000000,3.670000,0.000000,2.000000,0.000000,3.970000,1.000000
599.843018,4.000000,4.000000,3.680000,2.000000,2.000000,0.000000,3.710000,1.000000
599.848022,-14.000000,-14.000000,3.720000,2.000000,2.000000,0.000000,3.710000,1.000000
599.853027,-15.000000,-15.000000,3.740000,0.000000,0.000000,0.000000,3.980000,1.000000
599.857971,8.000000,8.000000,3.720000,0.000000,0.000000,0.000000,3.980000,1.000000
599.862976,13.000000,13.000000,3.700000,2.000000,0.000000,0.000000,3.450000,1.000000
599.867981,-23.000000,-23.000000,3.700000,2.000000,0.000000,0.000000,3.450000,1.000000
599.872986,-22.000000,-22.000000,3.690000,0.000000,0.000000,0.000000,3.720000,1.000000
599.877991,-1.000000,-1.000000,3.710000,0.000000,0.000000,0.000000,3.720000,1.000000
599.882996,-2.000000,-2.000000,3.710000,0.000000,0.000000,0.000000,3.450000,1.000000
599.888000,-21.000000,-21.000000,3.670000,0.000000,0.000000,0.000000,3.450000,1.000000
599.893005,-17.000000,-17.000000,3.660000,0.000000,0.000000,0.000000,3.450000,1.000000
599.898010,-17.000000,-17.000000,3.660000,0.000000,0.000000,0.000000,3.450000,1.000000
599.903015,-20.000000,-20.000000,3.690000,0.000000,0.000000,0.000000,3.450000,1.000000
599.908020,-25.000000,-25.000000,3.650000,0.000000,0.000000,0.000000,3.450000,1.000000
599.913025,-20.000000,-20.000000,3.660000,0.000000,0.000000,0.000000,3.450000,1.000000
599.918030,-22.000000,-22.000000,3.660000,0.000000,0.000000,0.000000,3.450000,1.000000
599.922974,-25.000000,-25.000000,3.690000,0.000000,0.000000,0.000000,3.450000,1.000000
599.927979,-30.000000,-30.000000,3.670000,0.000000,0.000000,0.000000,3.450000,1.000000
599.932983,-29.000000,-29.000000,3.690000,0.000000,0.000000,0.000000,3.450000,1.000000
599.937988,-31.000000,-31.000000,3.690000,0.000000,0.000000,0.000000,3.450000,1.000000
599.942993,-34.000000,-34.000000,3.730000,0.000000,0.000000,0.000000,3.450000,1.000000
599.947998,-40.000000,-40.000000,3.680000,0.000000,0.000000,0.000000,3.450000,1.000000
599.953003,-34.000000,-34.000000,3.710000,-2.000000,0.000000,0.000000,3.450000,1.000000
599.958008,-37.000000,-37.000000,3.730000,-2.000000,0.000000,0.000000,3.450000,1.000000
599.963013,-43.000000,-43.000000,3.820000,0.000000,0.000000,0.000000,3.180000,1.000000
599.968018,-72.000000,-72.000000,3.780000,0.000000,0.000000,0.000000,3.180000,1.000000
599.973022,-67.000000,-67.000000,3.820000,-2.000000,-2.000000,0.000000,3.450000,1.000000
599.978027,-50.000000,-50.000000,3.890000,-2.000000,-2.000000,0.000000,3.450000,1.000000
599.982971,-59.000000,-59.000000,4.000000,-2.000000,0.000000,0.000000,2.910000,1.000000
599.987976,-106.000000,-106.000000,3.980000,-2.000000,0.000000,0.000000,2.910000,1.000000
599.992981,-94.000000,-94.000000,4.000000,-2.000000,-2.000000,0.000000,3.170000,1.000000
599.997986,-63.000000,-63.000000,3.900000,-2.000000,-2.000000,0.000000,3.170000,1.000000
600.002991,-52.000000,-52.000000,3.890000,-2.000000,-2.000000,0.000000,2.900000,1.000000
600.007996,-72.000000,-72.000000,3.910000,-2.000000,-2.000000,0.000000,2.900000,1.000000
600.013000,-75.000000,-75.000000,3.970000,-4.000000,-2.000000,0.000000,2.890000,1.000000
600.018005,-76.000000,-76.000000,3.860000,-4.000000,-2.000000,0.000000,2.890000,1.000000
600.023010,-62.000000,-62.000000,3.850000,-2.000000,-2.000000,0.000000,2.610000,1.000000
600.028015,-80.000000,-80.000000,3.800000,-2.000000,-2.000000,0.000000,2.610000,1.000000
600.033020,-76.000000,-76.000000,3.850000,-2.000000,-4.000000,0.000000,2.870000,1.000000
600.038025,-54.000000,-54.000000,3.680000,-2.000000,-4.000000,0.000000,2.870000,1.000000
600.043030,-32.000000,-32.000000,3.620000,-2.000000,-4.000000,0.000000,2.590000,1.000000
600.047974,-45.000000,-45.000000,3.550000,-2.000000,-4.000000,0.000000,2.590000,1.000000
600.052979,-41.000000,-41.000000,3.570000,-4.000000,-4.000000,0.000000,2.570000,1.000000
600.057983,-43.000000,-43.000000,3.460000,-4.000000,-4.000000,0.000000,2.570000,1.000000
600.062988,-31.000000,-31.000000,3.440000,-2.000000,-2.000000,0.000000,2.290000,1.000000
600.067993,-49.000000,-49.000000,3.370000,-2.000000,-2.000000,0.000000,2.290000,1.000000
600.072998,-44.000000,-44.000000,3.360000,-2.000000,-2.000000,0.000000,2.810000,1.000000
600.078003,-4.000000,-4.000000,3.230000,-2.000000,-2.000000,0.000000,2.810000,1.000000
600.083008,10.000000,10.000000,3.130000,-2.000000,-2.000000,0.000000,2.810000,1.000000
600.088013,18.000000,18.000000,3.070000,-2.000000,-2.000000,0.000000,2.810000,1.000000
600.093018,17.000000,17.000000,3.020000,-2.000000,-2.000000,0.000000,2.800000,1.000000
600.098022,10.000000,10.000000,3.030000,-2.000000,-2.000000,0.000000,2.800000,1.000000
600.103027,2.000000,2.000000,3.000000,-2.000000,0.000000,0.000000,2.790000,1.000000
600.107971,0.000000,0.000000,2.950000,-2.000000,0.000000,0.000000,2.790000,1.000000
600.112976,3.000000,3.000000,2.920000,0.000000,0.000000,0.000000,3.050000,1.000000
600.117981,20.000000,20.000000,2.970000,0.000000,0.000000,0.000000,3.050000,1.000000
600.122986,8.000000,8.000000,2.980000,0.000000,-2.000000,0.000000,3.320000,1.000000
600.127991,23.000000,23.000000,3.010000,0.000000,-2.000000,0.000000,3.320000,1.000000
600.132996,21.000000,21.000000,3.000000,0.000000,0.000000,0.000000,3.050000,1.000000
600.138000,0.000000,0.000000,3.050000,0.000000,0.000000,0.000000,3.050000,1.000000
600.143005,-4.000000,-4.000000,3.090000,0.000000,0.000000,0.000000,3.310000,1.000000
600.148010,14.000000,14.000000,3.080000,0.000000,0.000000,0.000000,3.310000,1.000000
600.153015,18.000000,18.000000,3.090000,0.000000,0.000000,0.000000,3.310000,1.000000
600.158020,21.000000,21.000000,3.100000,0.000000,0.000000,0.000000,3.310000,1.000000
600.163025,21.000000,21.000000,3.100000,0.000000,0.000000,0.000000,3.310000,1.000000
600.168030,23.000000,23.000000,3.150000,0.000000,0.000000,0.000000,3.310000,1.000000
600.172974,19.000000,19.000000,3.130000,2.000000,2.000000,0.000000,3.310000,1.000000
600.177979,24.000000,24.000000,3.100000,2.000000,2.000000,0.000000,3.310000,1.000000
600.182983,30.000000,30.000000,3.050000,0.000000,0.000000,0.000000,3.850000,1.000000
600.187988,75.000000,75.000000,3.100000,0.000000,0.000000,0.000000,3.850000,1.000000
600.192993,70.000000,70.000000,3.070000,2.000000,0.000000,0.000000,3.320000,1.000000
600.197998,35.000000,35.000000,3.050000,2.000000,0.000000,0.000000,3.320000,1.000000
600.203003,41.000000,41.000000,2.950000,0.000000,0.000000,0.000000,3.590000,1.000000
600.208008,70.000000,70.000000,3.000000,0.000000,0.000000,0.000000,3.590000,1.000000
600.213013,63.000000,63.000000,2.980000,2.000000,2.000000,0.000000,3.320000,1.000000
600.218018,46.000000,46.000000,2.940000,2.000000,2.000000,0.000000,3.320000,1.000000
600.223022,55.000000,55.000000,2.850000,2.000000,2.000000,0.000000,3.860000,1.000000
600.228027,105.000000,105.000000,2.870000,2.000000,2.000000,0.000000,3.860000,1.000000
600.232971,98.000000,98.000000,2.820000,2.000000,2.000000,0.000000,3.870000,1.000000
600.237976,101.000000,101.000000,2.810000,2.000000,2.000000,0.000000,3.870000,1.000000
600.242981,101.000000,101.000000,2.790000,2.000000,2.000000,0.000000,3.880000,1.000000
600.247986,97.000000,97.000000,2.700000,2.000000,2.000000,0.000000,3.880000,1.000000
600.252991,96.000000,96.000000,2.640000,4.000000,4.000000,0.000000,3.890000,1.000000
600.257996,85.000000,85.000000,2.840000,4.000000,4.000000,0.000000,3.890000,1.000000
600.263000,52.000000,52.000000,2.920000,2.000000,2.000000,0.000000,4.440000,1.000000
600.268005,80.000000,80.000000,3.010000,2.000000,2.000000,0.000000,4.440000,1.000000
600.273010,76.000000,76.000000,2.950000,4.000000,4.000000,0.000000,3.920000,1.000000
600.278015,38.000000,38.000000,3.110000,4.000000,4.000000,0.000000,3.920000,1.000000
600.283020,14.000000,14.000000,3.240000,4.000000,2.000000,0.000000,4.460000,1.000000
600.288025,38.000000,38.000000,3.400000,4.000000,2.000000,0.000000,4.460000,1.000000
600.293030,28.000000,28.000000,3.420000,4.000000,4.000000,0.000000,4.210000,1.000000
600.297974,15.000000,15.000000,3.460000,4.000000,4.000000,0.000000,4.210000,1.000000
600.302979,15.000000,15.000000,3.540000,4.000000,2.000000,0.000000,4.490000,1.000000
600.307983,30.000000,30.000000,3.630000,4.000000,2.000000,0.000000,4.490000,1.000000
600.312988,26.000000,26.000000,3.660000,2.000000,4.000000,0.000000,4.240000,1.000000
600.317993,11.000000,11.000000,3.710000,2.000000,4.000000,0.000000,4.240000,1.000000
600.322998,12.000000,12.000000,3.740000,2.000000,2.000000,0.000000,4.250000,1.000000
600.328003,16.000000,16.000000,3.760000,2.000000,2.000000,0.000000,4.250000,1.000000
600.333008,19.000000,19.000000,3.760000,0.000000,2.000000,0.000000,4.000000,1.000000
600.338013,3.000000,3.000000,3.780000,0.000000,2.000000,0.000000,4.000000,1.000000
600.343018,2.000000,2.000000,3.800000,2.000000,2.000000,0.000000,3.740000,1.000000
600.348022,-17.000000,-17.000000,3.790000,2.000000,2.000000,0.000000,3.740000,1.000000
600.353027,-13.000000,-13.000000,3.800000,2.000000,2.000000,0.000000,4.010000,1.000000
600.357971,9.000000,9.000000,3.820000,2.000000,2.000000,0.000000,4.010000,1.000000
600.362976,9.000000,9.000000,3.810000,0.000000,0.000000,0.000000,4.020000,1.000000
600.367981,13.000000,13.000000,3.800000,0.000000,0.000000,0.000000,4.020000,1.000000
600.372986,16.000000,16.000000,3.780000,0.000000,2.000000,0.000000,3.490000,1.000000
600.377991,-22.000000,-22.000000,3.790000,0.000000,2.000000,0.000000,3.490000,1.000000
600.382996,-23.000000,-23.000000,3.800000,0.000000,0.000000,0.000000,3.760000,1.000000
600.388000,-2.000000,-2.000000,3.720000,0.000000,0.000000,0.000000,3.760000,1.000000
600.393005,9.000000,9.000000,3.720000,0.000000,0.000000,0.000000,3.490000,1.000000
600.398010,-10.000000,-10.000000,3.700000,0.000000,0.000000,0.000000,3.490000,1.000000
600.403015,-13.000000,-13.000000,3.700000,0.000000,0.000000,0.000000,3.490000,1.000000
600.408020,-17.000000,-17.000000,3.690000,0.000000,0.000000,0.000000,3.490000,1.000000
600.413025,-18.000000,-18.000000,3.680000,-2.000000,0.000000,0.000000,3.490000,1.000000
600.418030,-19.000000,-19.000000,3.660000,-2.000000,0.000000,0.000000,3.490000,1.000000
600.422974,-19.000000,-19.000000,3.710000,0.000000,0.000000,0.000000,3.220000,1.000000
600.427979,-46.000000,-46.000000,3.680000,0.000000,0.000000,0.000000,3.220000,1.000000
600.432983,-44.000000,-44.000000,3.690000,0.000000,0.000000,0.000000,3.490000,1.000000
600.437988,-27.000000,-27.000000,3.710000,0.000000,0.000000,0.000000,3.490000,1.000000
600.442993,-31.000000,-31.000000,3.770000,0.000000,0.000000,0.000000,3.490000,1.000000
600.447998,-38.000000,-38.000000,3.730000,0.000000,0.000000,0.000000,3.490000,1.000000
600.453003,-33.000000,-33.000000,3.760000,0.000000,-2.000000,0.000000,3.490000,1.000000
600.458008,-36.000000,-36.000000,3.770000,0.000000,-2.000000,0.000000,3.490000,1.000000
600.463013,-42.000000,-42.000000,3.830000,0.000000,0.000000,0.000000,3.220000,1.000000
600.468018,-69.000000,-69.000000,3.810000,0.000000,0.000000,0.000000,3.220000,1.000000
600.473022,-65.000000,-65.000000,3.840000,-2.000000,-2.000000,0.000000,3.480000,1.000000
600.478027,-47.000000,-47.000000,3.860000,-2.000000,-2.000000,0.000000,3.480000,1.000000
600.482971,-54.000000,-54.000000,3.950000,-2.000000,0.000000,0.000000,2.940000,1.000000
600.487976,-104.000000,-104.000000,4.010000,-2.000000,0.000000,0.000000,2.940000,1.000000
600.492981,-103.000000,-103.000000,4.060000,-2.000000,-2.000000,0.000000,3.200000,1.000000
600.497986,-74.000000,-74.000000,3.960000,-2.000000,-2.000000,0.000000,3.200000,1.000000
600.502991,-55.000000,-55.000000,3.920000,0.000000,-2.000000,0.000000,2.930000,1.000000
600.507996,-70.000000,-70.000000,3.890000,0.000000,-2.000000,0.000000,2.930000,1.000000
600.513000,-67.000000,-67.000000,3.960000,-2.000000,-2.000000,0.000000,3.190000,1.000000
600.518005,-50.000000,-50.000000,3.850000,-2.000000,-2.000000,0.000000,3.190000,1.000000
600.523010,-34.000000,-34.000000,3.850000,-2.000000,-2.000000,0.000000,2.920000,1.000000
600.528015,-49.000000,-49.000000,3.750000,-2.000000,-2.000000,0.000000,2.920000,1.000000
600.533020,-41.000000,-41.000000,3.730000,-2.000000,-4.000000,0.000000,2.910000,1.000000
600.538025,-41.000000,-41.000000,3.640000,-2.000000,-4.000000,0.000000,2.910000,1.000000
600.543030,-35.000000,-35.000000,3.640000,-2.000000,-2.000000,0.000000,2.630000,1.000000
600.547974,-59.000000,-59.000000,3.620000,-2.000000,-2.000000,0.000000,2.630000,1.000000
600.552979,-61.000000,-61.000000,3.640000,-2.000000,-2.000000,0.000000,2.890000,1.000000
600.557983,-44.000000,-44.000000,3.560000,-2.000000,-2.000000,0.000000,2.890000,1.000000
600.562988,-37.000000,-37.000000,3.570000,-2.000000,-2.000000,0.000000,2.880000,1.000000
600.567993,-39.000000,-39.000000,3.550000,-2.000000,-2.000000,0.000000,2.880000,1.000000
600.572998,-38.000000,-38.000000,3.600000,-4.000000,-2.000000,0.000000,2.870000,1.000000
600.578003,-39.000000,-39.000000,3.500000,-4.000000,-2.000000,0.000000,2.870000,1.000000
600.583008,-25.000000,-25.000000,3.450000,-2.000000,-2.000000,0.000000,2.590000,1.000000
600.588013,-40.000000,-40.000000,3.430000,-2.000000,-2.000000,0.000000,2.590000,1.000000
600.593018,-40.000000,-40.000000,3.460000,-2.000000,-2.000000,0.000000,2.850000,1.000000
600.598022,-24.000000,-24.000000,3.360000,-2.000000,-2.000000,0.000000,2.850000,1.000000
600.603027,-11.000000,-11.000000,3.320000,-2.000000,-2.000000,0.000000,2.840000,1.000000
600.607971,-7.000000,-7.000000,3.270000,-2.000000,-2.000000,0.000000,2.840000,1.000000
600.612976,-7.000000,-7.000000,3.300000,-2.000000,-2.000000,0.000000,2.830000,1.000000
600.617981,-14.000000,-14.000000,3.250000,-2.000000,-2.000000,0.000000,2.830000,1.000000
600.622986,-9.000000,-9.000000,3.180000,-2.000000,-2.000000,0.000000,2.820000,1.000000
600.627991,-2.000000,-2.000000,3.150000,-2.000000,-2.000000,0.000000,2.820000,1.000000
600.632996,-1.000000,-1.000000,3.150000,0.000000,-2.000000,0.000000,2.810000,1.000000
600.638000,-7.000000,-7.000000,3.120000,0.000000,-2.000000,0.000000,2.810000,1.000000
600.643005,-5.000000,-5.000000,3.090000,0.000000,0.000000,0.000000,3.080000,1.000000
600.648010,17.000000,17.000000,3.080000,0.000000,0.000000,0.000000,3.080000,1.000000
600.653015,16.000000,16.000000,3.080000,0.000000,-2.000000,0.000000,3.340000,1.000000
600.658020,33.000000,33.000000,3.060000,0.000000,-2.000000,0.000000,3.340000,1.000000
600.663025,35.000000,35.000000,2.970000,0.000000,0.000000,0.000000,3.070000,1.000000
600.668030,21.000000,21.000000,3.050000,0.000000,0.000000,0.000000,3.070000,1.000000
600.672974,9.000000,9.000000,3.040000,2.000000,0.000000,0.000000,3.340000,1.000000
600.677979,25.000000,25.000000,3.080000,2.000000,0.000000,0.000000,3.340000,1.000000
600.682983,25.000000,25.000000,3.040000,0.000000,2.000000,0.000000,3.610000,1.000000
600.687988,51.000000,51.000000,3.050000,0.000000,2.000000,0.000000,3.610000,1.000000
600.692993,51.000000,51.000000,3.040000,2.000000,0.000000,0.000000,3.610000,1.000000
600.697998,53.000000,53.000000,3.060000,2.000000,0.000000,0.000000,3.610000,1.000000
600.703003,55.000000,55.000000,3.000000,2.000000,0.000000,0.000000,3.620000,1.000000
600.708008,63.000000,63.000000,3.070000,2.000000,0.000000,0.000000,3.620000,1.000000
600.713013,55.000000,55.000000,3.020000,2.000000,2.000000,0.000000,3.620000,1.000000
600.718018,60.000000,60.000000,3.020000,2.000000,2.000000,0.000000,3.620000,1.000000
600.723022,66.000000,66.000000,2.910000,0.000000,2.000000,0.000000,3.890000,1.000000
600.728027,97.000000,97.000000,2.840000,0.000000,2.000000,0.000000,3.890000,1.000000
600.732971,95.000000,95.000000,2.810000,4.000000,2.000000,0.000000,3.630000,1.000000
600.737976,62.000000,62.000000,2.920000,4.000000,2.000000,0.000000,3.630000,1.000000
600.742981,40.000000,40.000000,2.890000,0.000000,2.000000,0.000000,4.180000,1.000000
600.747986,80.000000,80.000000,2.940000,0.000000,2.000000,0.000000,4.180000,1.000000
600.752991,78.000000,78.000000,2.880000,4.000000,4.000000,0.000000,3.650000,1.000000
600.757996,41.000000,41.000000,2.990000,4.000000,4.000000,0.000000,3.650000,1.000000
600.763000,27.000000,27.000000,3.030000,2.000000,2.000000,0.000000,4.460000,1.000000
600.768005,83.000000,83.000000,3.080000,2.000000,2.000000,0.000000,4.460000,1.000000
600.773010,81.000000,81.000000,3.070000,2.000000,4.000000,0.000000,3.940000,1.000000
600.778015,45.000000,45.000000,3.160000,2.000000,4.000000,0.000000,3.940000,1.000000
600.783020,37.000000,37.000000,3.170000,2.000000,2.000000,0.000000,4.220000,1.000000
600.788025,58.000000,58.000000,3.170000,2.000000,2.000000,0.000000,4.220000,1.000000
600.793030,61.000000,61.000000,3.110000,2.000000,2.000000,0.000000,3.960000,1.000000
600.797974,45.000000,45.000000,3.240000,2.000000,2.000000,0.000000,3.960000,1.000000
600.802979,30.000000,30.000000,3.290000,2.000000,2.000000,0.000000,3.970000,1.000000
600.807983,25.000000,25.000000,3.320000,2.000000,2.000000,0.000000,3.970000,1.000000
600.812988,26.000000,26.000000,3.250000,2.000000,2.000000,0.000000,3.980000,1.000000
600.817993,33.000000,33.000000,3.350000,2.000000,2.000000,0.000000,3.980000,1.000000
600.822998,19.000000,19.000000,3.440000,2.000000,2.000000,0.000000,3.990000,1.000000
600.828003,9.000000,9.000000,3.530000,2.000000,2.000000,0.000000,3.990000,1.000000
600.833008,5.000000,5.000000,3.480000,2.000000,2.000000,0.000000,4.000000,1.000000
600.838013,13.000000,13.000000,3.560000,2.000000,2.000000,0.000000,4.000000,1.000000
600.843018,5.000000,5.000000,3.650000,2.000000,2.000000,0.000000,4.010000,1.000000
600.848022,-3.000000,-3.000000,3.700000,2.000000,2.000000,0.000000,4.010000,1.000000
600.853027,-2.000000,-2.000000,3.680000,0.000000,0.000000,0.000000,4.010000,1.000000
600.857971,8.000000,8.000000,3.690000,0.000000,0.000000,0.000000,4.010000,1.000000
600.862976,8.000000,8.000000,3.740000,2.000000,2.000000,0.000000,3.480000,1.000000
600.867981,-39.000000,-39.000000,3.800000,2.000000,2.000000,0.000000,3.480000,1.000000
600.872986,-42.000000,-42.000000,3.790000,2.000000,2.000000,0.000000,4.020000,1.000000
600.877991,4.000000,4.000000,3.800000,2.000000,2.000000,0.000000,4.020000,1.000000
600.882996,6.000000,6.000000,3.820000,0.000000,2.000000,0.000000,4.030000,1.000000
600.888000,6.000000,6.000000,3.840000,0.000000,2.000000,0.000000,4.030000,1.000000
600.893005,6.000000,6.000000,3.840000,0.000000,0.000000,0.000000,3.770000,1.000000
600.898010,-11.000000,-11.000000,3.830000,0.000000,0.000000,0.000000,3.770000,1.000000
600.903015,-7.000000,-7.000000,3.840000,0.000000,0.000000,0.000000,3.500000,1.000000
600.908020,-27.000000,-27.000000,3.790000,0.000000,0.000000,0.000000,3.500000,1.000000
600.913025,-23.000000,-23.000000,3.790000,-2.000000,0.000000,0.000000,3.500000,1.000000
600.918030,-24.000000,-24.000000,3.790000,-2.000000,0.000000,0.000000,3.500000,1.000000
600.922974,-28.000000,-28.000000,3.820000,0.000000,0.000000,0.000000,3.230000,1.000000
600.927979,-52.000000,-52.000000,3.780000,0.000000,0.000000,0.000000,3.230000,1.000000
600.932983,-48.000000,-48.000000,3.800000,0.000000,-2.000000,0.000000,3.500000,1.000000
600.937988,-32.000000,-32.000000,3.800000,0.000000,-2.000000,0.000000,3.500000,1.000000
600.942993,-36.000000,-36.000000,3.850000,-2.000000,0.000000,0.000000,3.230000,1.000000
600.947998,-62.000000,-62.000000,3.820000,-2.000000,0.000000,0.000000,3.230000,1.000000
600.953003,-57.000000,-57.000000,3.840000,-2.000000,0.000000,0.000000,3.230000,1.000000
600.958008,-60.000000,-60.000000,3.850000,-2.000000,0.000000,0.000000,3.230000,1.000000
600.963013,-65.000000,-65.000000,3.900000,0.000000,-2.000000,0.000000,3.220000,1.000000
600.968018,-73.000000,-73.000000,3.860000,0.000000,-2.000000,0.000000,3.220000,1.000000
600.973022,-66.000000,-66.000000,3.930000,0.000000,-2.000000,0.000000,3.220000,1.000000
600.978027,-71.000000,-71.000000,4.030000,0.000000,-2.000000,0.000000,3.220000,1.000000
600.982971,-82.000000,-82.000000,4.130000,-2.000000,-2.000000,0.000000,3.210000,1.000000
600.987976,-82.000000,-82.000000,4.090000,-2.000000,-2.000000,0.000000,3.210000,1.000000
600.992981,-63.000000,-63.000000,4.080000,-2.000000,-2.000000,0.000000,2.940000,1.000000
600.997986,-68.000000,-68.000000,3.940000,-2.000000,-2.000000,0.000000,2.940000,1.000000
601.002991,-50.000000,-50.000000,3.940000,-2.000000,-2.000000,0.000000,2.930000,1.000000
601.007996,-50.000000,-50.000000,3.880000,-2.000000,-2.000000,0.000000,2.930000,1.000000
601.013000,-47.000000,-47.000000,3.890000,-4.000000,-4.000000,0.000000,2.920000,1.000000
601.018005,-46.000000,-46.000000,3.750000,-4.000000,-4.000000,0.000000,2.920000,1.000000
601.023010,-33.000000,-33.000000,3.730000,-2.000000,-2.000000,0.000000,2.370000,1.000000
601.028015,-73.000000,-73.000000,3.630000,-2.000000,-2.000000,0.000000,2.370000,1.000000
601.033020,-67.000000,-67.000000,3.650000,-2.000000,-2.000000,0.000000,2.900000,1.000000
601.038025,-31.000000,-31.000000,3.590000,-2.000000,-2.000000,0.000000,2.900000,1.000000
601.043030,-27.000000,-27.000000,3.540000,-4.000000,-2.000000,0.000000,2.890000,1.000000
601.047974,-22.000000,-22.000000,3.480000,-4.000000,-2.000000,0.000000,2.890000,1.000000
601.052979,-18.000000,-18.000000,3.490000,-2.000000,-2.000000,0.000000,2.610000,1.000000
601.057983,-42.000000,-42.000000,3.410000,-2.000000,-2.000000,0.000000,2.610000,1.000000
601.062988,-36.000000,-36.000000,3.370000,-2.000000,-2.000000,0.000000,2.870000,1.000000
601.067993,-15.000000,-15.000000,3.370000,-2.000000,-2.000000,0.000000,2.870000,1.000000
601.072998,-17.000000,-17.000000,3.400000,-2.000000,-2.000000,0.000000,2.860000,1.000000
601.078003,-16.000000,-16.000000,3.270000,-2.000000,-2.000000,0.000000,2.860000,1.000000
601.083008,0.000000,0.000000,3.210000,-2.000000,-2.000000,0.000000,2.850000,1.000000
601.088013,5.000000,5.000000,3.140000,-2.000000,-2.000000,0.000000,2.850000,1.000000
601.093018,4.000000,4.000000,3.160000,-2.000000,-2.000000,0.000000,2.840000,1.000000
601.098022,-5.000000,-5.000000,3.150000,-2.000000,-2.000000,0.000000,2.840000,1.000000
601.103027,-4.000000,-4.000000,3.080000,-2.000000,0.000000,0.000000,2.830000,1.000000
601.107971,4.000000,4.000000,3.030000,-2.000000,0.000000,0.000000,2.830000,1.000000
601.112976,7.000000,7.000000,3.020000,0.000000,0.000000,0.000000,3.090000,1.000000
601.117981,21.000000,21.000000,3.020000,0.000000,0.000000,0.000000,3.090000,1.000000
601.122986,17.000000,17.000000,2.950000,0.000000,0.000000,0.000000,3.360000,1.000000
601.127991,41.000000,41.000000,2.970000,0.000000,0.000000,0.000000,3.360000,1.000000
601.132996,35.000000,35.000000,2.970000,0.000000,0.000000,0.000000,3.360000,1.000000
601.138000,29.000000,29.000000,3.030000,0.000000,0.000000,0.000000,3.360000,1.000000
601.143005,21.000000,21.000000,3.030000,0.000000,0.000000,0.000000,3.360000,1.000000
601.148010,22.000000,22.000000,3.080000,0.000000,0.000000,0.000000,3.360000,1.000000
601.153015,20.000000,20.000000,3.060000,2.000000,0.000000,0.000000,3.360000,1.000000
601.158020,25.000000,25.000000,3.080000,2.000000,0.000000,0.000000,3.360000,1.000000
601.163025,26.000000,26.000000,3.060000,0.000000,2.000000,0.000000,3.630000,1.000000
601.168030,48.000000,48.000000,3.110000,0.000000,2.000000,0.000000,3.630000,1.000000
601.172974,44.000000,44.000000,3.100000,0.000000,0.000000,0.000000,3.630000,1.000000
601.177979,48.000000,48.000000,3.090000,0.000000,0.000000,0.000000,3.630000,1.000000
601.182983,53.000000,53.000000,3.050000,0.000000,0.000000,0.000000,3.370000,1.000000
601.187988,38.000000,38.000000,3.110000,0.000000,0.000000,0.000000,3.370000,1.000000
601.192993,29.000000,29.000000,3.090000,2.000000,2.000000,0.000000,3.370000,1.000000
601.197998,33.000000,33.000000,3.080000,2.000000,2.000000,0.000000,3.370000,1.000000
601.203003,39.000000,39.000000,2.950000,2.000000,0.000000,0.000000,3.910000,1.000000
601.208008,92.000000,92.000000,2.900000,2.000000,0.000000,0.000000,3.910000,1.000000
601.213013,90.000000,90.000000,2.910000,0.000000,2.000000,0.000000,3.650000,1.000000
601.218018,58.000000,58.000000,3.000000,0.000000,2.000000,0.000000,3.650000,1.000000
601.223022,43.000000,43.000000,2.970000,2.000000,2.000000,0.000000,3.650000,1.000000
601.228027,47.000000,47.000000,2.960000,2.000000,2.000000,0.000000,3.650000,1.000000
601.232971,51.000000,51.000000,2.870000,2.000000,2.000000,0.000000,3.920000,1.000000
601.237976,75.000000,75.000000,2.990000,2.000000,2.000000,0.000000,3.920000,1.000000
601.242981,58.000000,58.000000,3.020000,2.000000,2.000000,0.000000,3.930000,1.000000
601.247986,52.000000,52.000000,2.990000,2.000000,2.000000,0.000000,3.930000,1.000000
601.252991,57.000000,57.000000,2.920000,4.000000,2.000000,0.000000,3.940000,1.000000
601.257996,57.000000,57.000000,3.090000,4.000000,2.000000,0.000000,3.940000,1.000000
601.263000,30.000000,30.000000,3.160000,2.000000,2.000000,0.000000,4.220000,1.000000
601.268005,42.000000,42.000000,3.260000,2.000000,2.000000,0.000000,4.220000,1.000000
601.273010,37.000000,37.000000,3.210000,4.000000,4.000000,0.000000,3.960000,1.000000
601.278015,26.000000,26.000000,3.280000,4.000000,4.000000,0.000000,3.960000,1.000000
601.283020,18.000000,18.000000,3.380000,4.000000,2.000000,0.000000,4.510000,1.000000
601.288025,46.000000,46.000000,3.490000,4.000000,2.000000,0.000000,4.510000,1.000000
601.293030,39.000000,39.000000,3.470000,2.000000,2.000000,0.000000,4.260000,1.000000
601.297974,29.000000,29.000000,3.500000,2.000000,2.000000,0.000000,4.260000,1.000000
601.302979,32.000000,32.000000,3.570000,2.000000,2.000000,0.000000,4.000000,1.000000
601.307983,6.000000,6.000000,3.630000,2.000000,2.000000,0.000000,4.000000,1.000000
601.312988,1.000000,1.000000,3.620000,2.000000,2.000000,0.000000,4.010000,1.000000
601.317993,3.000000,3.000000,3.700000,2.000000,2.000000,0.000000,4.010000,1.000000
601.322998,-2.000000,-2.000000,3.760000,0.000000,2.000000,0.000000,4.020000,1.000000
601.328003,-4.000000,-4.000000,3.770000,0.000000,2.000000,0.000000,4.020000,1.000000
601.333008,0.000000,0.000000,3.790000,0.000000,2.000000,0.000000,3.760000,1.000000
601.338013,-18.000000,-18.000000,3.820000,0.000000,2.000000,0.000000,3.760000,1.000000
601.343018,-17.000000,-17.000000,3.870000,0.000000,0.000000,0.000000,3.760000,1.000000
601.348022,-19.000000,-19.000000,3.870000,0.000000,0.000000,0.000000,3.760000,1.000000
601.353027,-13.000000,-13.000000,3.860000,0.000000,0.000000,0.000000,3.500000,1.000000
601.357971,-26.000000,-26.000000,3.790000,0.000000,0.000000,0.000000,3.500000,1.000000
601.362976,-17.000000,-17.000000,3.790000,0.000000,0.000000,0.000000,3.500000,1.000000
601.367981,-16.000000,-16.000000,3.750000,0.000000,0.000000,0.000000,3.500000,1.000000
601.372986,-15.000000,-15.000000,3.760000,-2.000000,0.000000,0.000000,3.500000,1.000000
601.377991,-18.000000,-18.000000,3.730000,-2.000000,0.000000,0.000000,3.500000,1.000000
601.382996,-17.000000,-17.000000,3.740000,0.000000,-2.000000,0.000000,3.230000,1.000000
601.388000,-39.000000,-39.000000,3.720000,0.000000,-2.000000,0.000000,3.230000,1.000000
601.393005,-37.000000,-37.000000,3.720000,-2.000000,0.000000,0.000000,3.220000,1.000000
601.398010,-40.000000,-40.000000,3.710000,-2.000000,0.000000,0.000000,3.220000,1.000000
601.403015,-43.000000,-43.000000,3.750000,0.000000,0.000000,0.000000,3.220000,1.000000
601.408020,-48.000000,-48.000000,3.680000,0.000000,0.000000,0.000000,3.220000,1.000000
601.413025,-40.000000,-40.000000,3.710000,-2.000000,-2.000000,0.000000,3.480000,1.000000
601.418030,-23.000000,-23.000000,3.710000,-2.000000,-2.000000,0.000000,3.480000,1.000000
601.422974,-28.000000,-28.000000,3.750000,0.000000,0.000000,0.000000,2.940000,1.000000
601.427979,-74.000000,-74.000000,3.740000,0.000000,0.000000,0.000000,2.940000,1.000000
601.432983,-72.000000,-72.000000,3.800000,0.000000,-2.000000,0.000000,3.470000,1.000000
601.437988,-37.000000,-37.000000,3.820000,0.000000,-2.000000,0.000000,3.470000,1.000000
601.442993,-39.000000,-39.000000,3.900000,0.000000,0.000000,0.000000,3.200000,1.000000
601.447998,-62.000000,-62.000000,3.870000,0.000000,0.000000,0.000000,3.200000,1.000000
601.453003,-55.000000,-55.000000,3.880000,0.000000,-2.000000,0.000000,3.470000,1.000000
601.458008,-28.000000,-28.000000,3.810000,0.000000,-2.000000,0.000000,3.470000,1.000000
601.463013,-18.000000,-18.000000,3.800000,0.000000,-2.000000,0.000000,3.200000,1.000000
601.468018,-38.000000,-38.000000,3.780000,0.000000,-2.000000,0.000000,3.200000,1.000000
601.473022,-39.000000,-39.000000,3.800000,0.000000,0.000000,0.000000,3.200000,1.000000
601.478027,-43.000000,-43.000000,3.760000,0.000000,0.000000,0.000000,3.200000,1.000000
601.482971,-41.000000,-41.000000,3.790000,0.000000,-2.000000,0.000000,3.460000,1.000000
601.487976,-27.000000,-27.000000,3.800000,0.000000,-2.000000,0.000000,3.460000,1.000000
601.492981,-28.000000,-28.000000,3.840000,-2.000000,-2.000000,0.000000,3.190000,1.000000
601.497986,-49.000000,-49.000000,3.760000,-2.000000,-2.000000,0.000000,3.190000,1.000000
601.502991,-38.000000,-38.000000,3.750000,-2.000000,0.000000,0.000000,2.920000,1.000000
601.507996,-59.000000,-59.000000,3.750000,-2.000000,0.000000,0.000000,2.920000,1.000000
601.513000,-61.000000,-61.000000,3.820000,-2.000000,-2.000000,0.000000,3.180000,1.000000
601.518005,-46.000000,-46.000000,3.740000,-2.000000,-2.000000,0.000000,3.180000,1.000000
601.523010,-35.000000,-35.000000,3.740000,-2.000000,-2.000000,0.000000,2.900000,1.000000
601.528015,-53.000000,-53.000000,3.690000,-2.000000,-2.000000,0.000000,2.900000,1.000000
601.533020,-50.000000,-50.000000,3.750000,-2.000000,-4.000000,0.000000,2.900000,1.000000
601.538025,-55.000000,-55.000000,3.690000,-2.000000,-4.000000,0.000000,2.900000,1.000000
601.543030,-47.000000,-47.000000,3.630000,0.000000,0.000000,0.000000,2.620000,1.000000
601.547974,-60.000000,-60.000000,3.620000,0.000000,0.000000,0.000000,2.620000,1.000000
601.552979,-58.000000,-58.000000,3.680000,-2.000000,-4.000000,0.000000,3.410000,1.000000
601.557983,2.000000,2.000000,3.540000,-2.000000,-4.000000,0.000000,3.410000,1.000000
601.562988,22.000000,22.000000,3.420000,0.000000,-2.000000,0.000000,2.600000,1.000000
601.567993,-26.000000,-26.000000,3.390000,0.000000,-2.000000,0.000000,2.600000,1.000000
601.572998,-31.000000,-31.000000,3.310000,-2.000000,-2.000000,0.000000,3.130000,1.000000
601.578003,6.000000,6.000000,3.320000,-2.000000,-2.000000,0.000000,3.130000,1.000000
601.583008,-6.000000,-6.000000,3.380000,-2.000000,0.000000,0.000000,2.860000,1.000000
601.588013,-39.000000,-39.000000,3.360000,-2.000000,0.000000,0.000000,2.860000,1.000000
601.593018,-38.000000,-38.000000,3.330000,-2.000000,0.000000,0.000000,3.120000,1.000000
601.598022,-16.000000,-16.000000,3.360000,-2.000000,0.000000,0.000000,3.120000,1.000000
601.603027,-23.000000,-23.000000,3.430000,0.000000,0.000000,0.000000,3.110000,1.000000
601.607971,-33.000000,-33.000000,3.450000,0.000000,0.000000,0.000000,3.110000,1.000000
601.612976,-34.000000,-34.000000,3.480000,0.000000,0.000000,0.000000,3.380000,1.000000
601.617981,-12.000000,-12.000000,3.450000,0.000000,0.000000,0.000000,3.380000,1.000000
601.622986,-7.000000,-7.000000,3.480000,0.000000,0.000000,0.000000,3.380000,1.000000
601.627991,-10.000000,-10.000000,3.520000,0.000000,0.000000,0.000000,3.380000,1.000000
601.632996,-15.000000,-15.000000,3.530000,0.000000,0.000000,0.000000,3.380000,1.000000
601.638000,-13.000000,-13.000000,3.500000,0.000000,0.000000,0.000000,3.380000,1.000000
601.643005,-7.000000,-7.000000,3.530000,0.000000,0.000000,0.000000,3.380000,1.000000
601.648010,-9.000000,-9.000000,3.550000,0.000000,0.000000,0.000000,3.380000,1.000000
601.653015,-10.000000,-10.000000,3.550000,0.000000,0.000000,0.000000,3.380000,1.000000
601.658020,-7.000000,-7.000000,3.510000,0.000000,0.000000,0.000000,3.380000,1.000000
601.663025,-1.000000,-1.000000,3.510000,0.000000,0.000000,0.000000,3.380000,1.000000
601.668030,-2.000000,-2.000000,3.520000,0.000000,0.000000,0.000000,3.380000,1.000000
601.672974,-4.000000,-4.000000,3.520000,0.000000,0.000000,0.000000,3.380000,1.000000
601.677979,-1.000000,-1.000000,3.490000,0.000000,0.000000,0.000000,3.380000,1.000000
601.682983,4.000000,4.000000,3.470000,0.000000,0.000000,0.000000,3.380000,1.000000
601.687988,5.000000,5.000000,3.480000,0.000000,0.000000,0.000000,3.380000,1.000000
601.692993,4.000000,4.000000,3.460000,0.000000,0.000000,0.000000,3.380000,1.000000
601.697998,8.000000,8.000000,3.430000,0.000000,0.000000,0.000000,3.380000,1.000000
601.703003,13.000000,13.000000,3.400000,0.000000,0.000000,0.000000,3.380000,1.000000
601.708008,16.000000,16.000000,3.400000,0.000000,0.000000,0.000000,3.380000,1.000000
601.713013,15.000000,15.000000,3.380000,0.000000,0.000000,0.000000,3.380000,1.000000
601.718018,18.000000,18.000000,3.350000,0.000000,0.000000,0.000000,3.380000,1.000000
601.723022,22.000000,22.000000,3.290000,0.000000,0.000000,0.000000,3.380000,1.000000
601.728027,28.000000,28.000000,3.310000,0.000000,0.000000,0.000000,3.380000,1.000000
601.732971,25.000000,25.000000,3.260000,0.000000,0.000000,0.000000,3.380000,1.000000
601.737976,30.000000,30.000000,3.230000,0.000000,0.000000,0.000000,3.380000,1.000000
601.742981,35.000000,35.000000,3.150000,0.000000,2.000000,0.000000,3.380000,1.000000
601.747986,42.000000,42.000000,3.180000,0.000000,2.000000,0.000000,3.380000,1.000000
601.752991,36.000000,36.000000,3.140000,2.000000,0.000000,0.000000,3.650000,1.000000
601.757996,60.000000,60.000000,3.110000,2.000000,0.000000,0.000000,3.650000,1.000000
601.763000,67.000000,67.000000,3.020000,0.000000,0.000000,0.000000,3.650000,1.000000
601.768005,74.000000,74.000000,3.080000,0.000000,0.000000,0.000000,3.650000,1.000000
601.773010,64.000000,64.000000,3.020000,2.000000,2.000000,0.000000,3.390000,1.000000
601.778015,48.000000,48.000000,3.010000,2.000000,2.000000,0.000000,3.390000,1.000000
601.783020,54.000000,54.000000,2.860000,2.000000,2.000000,0.000000,3.930000,1.000000
601.788025,108.000000,108.000000,2.850000,2.000000,2.000000,0.000000,3.930000,1.000000
601.793030,101.000000,101.000000,2.810000,2.000000,2.000000,0.000000,3.940000,1.000000
601.797974,92.000000,92.000000,2.880000,2.000000,2.000000,0.000000,3.940000,1.000000
601.802979,78.000000,78.000000,2.870000,2.000000,2.000000,0.000000,3.950000,1.000000
601.807983,73.000000,73.000000,2.900000,2.000000,2.000000,0.000000,3.950000,1.000000
601.812988,68.000000,68.000000,2.800000,2.000000,4.000000,0.000000,3.950000,1.000000
601.817993,66.000000,66.000000,2.980000,2.000000,4.000000,0.000000,3.950000,1.000000
601.822998,37.000000,37.000000,3.040000,2.000000,2.000000,0.000000,4.230000,1.000000
601.828003,45.000000,45.000000,3.160000,2.000000,2.000000,0.000000,4.230000,1.000000
601.833008,36.000000,36.000000,3.130000,4.000000,4.000000,0.000000,3.980000,1.000000
601.838013,19.000000,19.000000,3.270000,4.000000,4.000000,0.000000,3.980000,1.000000
601.843018,3.000000,3.000000,3.370000,2.000000,2.000000,0.000000,4.520000,1.000000
601.848022,32.000000,32.000000,3.490000,2.000000,2.000000,0.000000,4.520000,1.000000
601.853027,27.000000,27.000000,3.540000,4.000000,4.000000,0.000000,4.000000,1.000000
601.857971,-9.000000,-9.000000,3.560000,4.000000,4.000000,0.000000,4.000000,1.000000
601.862976,-5.000000,-5.000000,3.650000,0.000000,2.000000,0.000000,4.550000,1.000000
601.867981,33.000000,33.000000,3.720000,0.000000,2.000000,0.000000,4.550000,1.000000
601.872986,31.000000,31.000000,3.770000,2.000000,2.000000,0.000000,3.760000,1.000000
601.877991,-24.000000,-24.000000,3.760000,2.000000,2.000000,0.000000,3.760000,1.000000
601.882996,-15.000000,-15.000000,3.770000,2.000000,2.000000,0.000000,4.030000,1.000000
601.888000,10.000000,10.000000,3.790000,2.000000,2.000000,0.000000,4.030000,1.000000
601.893005,12.000000,12.000000,3.810000,0.000000,0.000000,0.000000,4.040000,1.000000
601.898010,18.000000,18.000000,3.720000,0.000000,0.000000,0.000000,4.040000,1.000000
601.903015,30.000000,30.000000,3.630000,0.000000,0.000000,0.000000,3.510000,1.000000
601.908020,-2.000000,-2.000000,3.670000,0.000000,0.000000,0.000000,3.510000,1.000000
601.913025,-11.000000,-11.000000,3.660000,0.000000,0.000000,0.000000,3.510000,1.000000
601.918030,-17.000000,-17.000000,3.680000,0.000000,0.000000,0.000000,3.510000,1.000000
601.922974,-19.000000,-19.000000,3.730000,0.000000,0.000000,0.000000,3.510000,1.000000
601.927979,-22.000000,-22.000000,3.650000,0.000000,0.000000,0.000000,3.510000,1.000000
601.932983,-12.000000,-12.000000,3.640000,0.000000,0.000000,0.000000,3.510000,1.000000
601.937988,-12.000000,-12.000000,3.650000,0.000000,0.000000,0.000000,3.510000,1.000000
601.942993,-17.000000,-17.000000,3.670000,0.000000,0.000000,0.000000,3.510000,1.000000
601.947998,-21.000000,-21.000000,3.670000,0.000000,0.000000,0.000000,3.510000,1.000000
601.953003,-22.000000,-22.000000,3.680000,0.000000,0.000000,0.000000,3.510000,1.000000
601.958008,-24.000000,-24.000000,3.680000,0.000000,0.000000,0.000000,3.510000,1.000000
601.963013,-27.000000,-27.000000,3.730000,0.000000,0.000000,0.000000,3.510000,1.000000
601.968018,-33.000000,-33.000000,3.710000,0.000000,0.000000,0.000000,3.510000,1.000000
601.973022,-30.000000,-30.000000,3.740000,0.000000,-2.000000,0.000000,3.510000,1.000000
601.978027,-34.000000,-34.000000,3.760000,0.000000,-2.000000,0.000000,3.510000,1.000000
601.982971,-39.000000,-39.000000,3.820000,0.000000,0.000000,0.000000,3.240000,1.000000
601.987976,-66.000000,-66.000000,3.790000,0.000000,0.000000,0.000000,3.240000,1.000000
601.992981,-60.000000,-60.000000,3.830000,0.000000,-2.000000,0.000000,3.500000,1.000000
601.997986,-44.000000,-44.000000,3.850000,0.000000,-2.000000,0.000000,3.500000,1.000000
602.002991,-51.000000,-51.000000,3.930000,-2.000000,0.000000,0.000000,3.230000,1.000000
602.007996,-79.000000,-79.000000,3.910000,-2.000000,0.000000,0.000000,3.230000,1.000000
602.013000,-73.000000,-73.000000,4.030000,-2.000000,-2.000000,0.000000,3.230000,1.000000
602.018005,-82.000000,-82.000000,4.050000,-2.000000,-2.000000,0.000000,3.230000,1.000000
602.023010,-84.000000,-84.000000,4.140000,-2.000000,-2.000000,0.000000,2.960000,1.000000
602.028015,-106.000000,-106.000000,4.120000,-2.000000,-2.000000,0.000000,2.960000,1.000000
602.033020,-95.000000,-95.000000,4.160000,-2.000000,-2.000000,0.000000,2.950000,1.000000
602.038025,-87.000000,-87.000000,4.060000,-2.000000,-2.000000,0.000000,2.950000,1.000000
602.043030,-70.000000,-70.000000,4.060000,-2.000000,-2.000000,0.000000,2.940000,1.000000
602.047974,-68.000000,-68.000000,4.050000,-2.000000,-2.000000,0.000000,2.940000,1.000000
602.052979,-67.000000,-67.000000,4.120000,-4.000000,-4.000000,0.000000,2.930000,1.000000
602.057983,-65.000000,-65.000000,3.940000,-4.000000,-4.000000,0.000000,2.930000,1.000000
602.062988,-38.000000,-38.000000,3.920000,-4.000000,-4.000000,0.000000,2.380000,1.000000
602.067993,-71.000000,-71.000000,3.770000,-4.000000,-4.000000,0.000000,2.380000,1.000000
602.072998,-59.000000,-59.000000,3.740000,-4.000000,-4.000000,0.000000,2.360000,1.000000
602.078003,-58.000000,-58.000000,3.610000,-4.000000,-4.000000,0.000000,2.360000,1.000000
602.083008,-48.000000,-48.000000,3.540000,-2.000000,-4.000000,0.000000,2.350000,1.000000
602.088013,-46.000000,-46.000000,3.460000,-2.000000,-4.000000,0.000000,2.350000,1.000000
602.093018,-42.000000,-42.000000,3.500000,-4.000000,-4.000000,0.000000,2.600000,1.000000
602.098022,-23.000000,-23.000000,3.330000,-4.000000,-4.000000,0.000000,2.600000,1.000000
602.103027,-2.000000,-2.000000,3.240000,-2.000000,-4.000000,0.000000,2.320000,1.000000
602.107971,-13.000000,-13.000000,3.110000,-2.000000,-4.000000,0.000000,2.320000,1.000000
602.112976,-7.000000,-7.000000,3.040000,-2.000000,-2.000000,0.000000,2.570000,1.000000
602.117981,11.000000,11.000000,2.960000,-2.000000,-2.000000,0.000000,2.570000,1.000000
602.122986,12.000000,12.000000,2.880000,-2.000000,-2.000000,0.000000,2.830000,1.000000
602.127991,32.000000,32.000000,2.850000,-2.000000,-2.000000,0.000000,2.830000,1.000000
602.132996,27.000000,27.000000,2.810000,-2.000000,-2.000000,0.000000,2.820000,1.000000
602.138000,22.000000,22.000000,2.790000,-2.000000,-2.000000,0.000000,2.820000,1.000000
602.143005,22.000000,22.000000,2.710000,-2.000000,0.000000,0.000000,2.810000,1.000000
602.148010,17.000000,17.000000,2.720000,-2.000000,0.000000,0.000000,2.810000,1.000000
602.153015,28.000000,28.000000,2.730000,0.000000,0.000000,0.000000,3.070000,1.000000
602.158020,18.000000,18.000000,2.810000,0.000000,0.000000,0.000000,3.070000,1.000000
602.163025,43.000000,43.000000,2.780000,0.000000,0.000000,0.000000,3.340000,1.000000
602.168030,42.000000,42.000000,2.820000,0.000000,0.000000,0.000000,3.340000,1.000000
602.172974,45.000000,45.000000,2.800000,0.000000,0.000000,0.000000,3.340000,1.000000
602.177979,45.000000,45.000000,2.830000,0.000000,0.000000,0.000000,3.340000,1.000000
602.182983,52.000000,52.000000,2.770000,0.000000,2.000000,0.000000,3.340000,1.000000
602.187988,45.000000,45.000000,2.850000,0.000000,2.000000,0.000000,3.340000,1.000000
602.192993,71.000000,71.000000,2.810000,2.000000,2.000000,0.000000,3.610000,1.000000
602.197998,77.000000,77.000000,2.810000,2.000000,2.000000,0.000000,3.610000,1.000000
602.203003,104.000000,104.000000,2.740000,0.000000,0.000000,0.000000,3.880000,1.000000
602.208008,93.000000,93.000000,2.840000,0.000000,0.000000,0.000000,3.880000,1.000000
602.213013,64.000000,64.000000,2.660000,2.000000,2.000000,0.000000,3.350000,1.000000
602.218018,57.000000,57.000000,2.680000,2.000000,2.000000,0.000000,3.350000,1.000000
602.223022,78.000000,78.000000,2.720000,2.000000,2.000000,0.000000,3.890000,1.000000
602.228027,60.000000,60.000000,2.820000,2.000000,2.000000,0.000000,3.890000,1.000000
602.232971,56.000000,56.000000,2.820000,4.000000,4.000000,0.000000,3.900000,1.000000
602.237976,45.000000,45.000000,2.940000,4.000000,4.000000,0.000000,3.900000,1.000000
602.242981,82.000000,82.000000,3.000000,2.000000,2.000000,0.000000,4.450000,1.000000
602.247986,82.000000,82.000000,3.030000,2.000000,2.000000,0.000000,4.450000,1.000000
602.252991,41.000000,41.000000,3.010000,4.000000,2.000000,0.000000,3.920000,1.000000
602.257996,23.000000,23.000000,3.170000,4.000000,2.000000,0.000000,3.920000,1.000000
602.263000,41.000000,41.000000,3.200000,2.000000,2.000000,0.000000,4.200000,1.000000
602.268005,42.000000,42.000000,3.260000,2.000000,2.000000,0.000000,4.200000,1.000000
602.273010,42.000000,42.000000,3.260000,2.000000,4.000000,0.000000,3.950000,1.000000
602.278015,26.000000,26.000000,3.360000,2.000000,4.000000,0.000000,3.950000,1.000000
602.283020,15.000000,15.000000,3.420000,2.000000,2.000000,0.000000,4.220000,1.000000
602.288025,32.000000,32.000000,3.470000,2.000000,2.000000,0.000000,4.220000,1.000000
602.293030,34.000000,34.000000,3.430000,2.000000,4.000000,0.000000,3.970000,1.000000
602.297974,24.000000,24.000000,3.470000,2.000000,4.000000,0.000000,3.970000,1.000000
602.302979,21.000000,21.000000,3.500000,2.000000,2.000000,0.000000,4.250000,1.000000
602.307983,40.000000,40.000000,3.530000,2.000000,2.000000,0.000000,4.250000,1.000000
602.312988,39.000000,39.000000,3.510000,2.000000,2.000000,0.000000,3.990000,1.000000
602.317993,23.000000,23.000000,3.560000,2.000000,2.000000,0.000000,3.990000,1.000000
602.322998,20.000000,20.000000,3.580000,0.000000,2.000000,0.000000,4.000000,1.000000
602.328003,21.000000,21.000000,3.560000,0.000000,2.000000,0.000000,4.000000,1.000000
602.333008,27.000000,27.000000,3.510000,0.000000,2.000000,0.000000,3.740000,1.000000
602.338013,11.000000,11.000000,3.570000,0.000000,2.000000,0.000000,3.740000,1.000000
602.343018,1.000000,1.000000,3.620000,0.000000,2.000000,0.000000,3.740000,1.000000
602.348022,-4.000000,-4.000000,3.610000,0.000000,2.000000,0.000000,3.740000,1.000000
602.353027,3.000000,3.000000,3.580000,0.000000,2.000000,0.000000,3.740000,1.000000
602.357971,10.000000,10.000000,3.600000,0.000000,2.000000,0.000000,3.740000,1.000000
602.362976,7.000000,7.000000,3.620000,0.000000,0.000000,0.000000,3.750000,1.000000
602.367981,5.000000,5.000000,3.620000,0.000000,0.000000,0.000000,3.750000,1.000000
602.372986,7.000000,7.000000,3.590000,0.000000,0.000000,0.000000,3.480000,1.000000
602.377991,-8.000000,-8.000000,3.600000,0.000000,0.000000,0.000000,3.480000,1.000000
602.382996,-9.000000,-9.000000,3.640000,0.000000,0.000000,0.000000,3.480000,1.000000
602.388000,-12.000000,-12.000000,3.590000,0.000000,0.000000,0.000000,3.480000,1.000000
602.393005,-4.000000,-4.000000,3.550000,0.000000,0.000000,0.000000,3.480000,1.000000
602.398010,1.000000,1.000000,3.520000,0.000000,0.000000,0.000000,3.480000,1.000000
602.403015,1.000000,1.000000,3.510000,0.000000,0.000000,0.000000,3.480000,1.000000
602.408020,-1.000000,-1.000000,3.530000,0.000000,0.000000,0.000000,3.480000,1.000000
602.413025,-4.000000,-4.000000,3.510000,0.000000,0.000000,0.000000,3.480000,1.000000
602.418030,-3.000000,-3.000000,3.490000,0.000000,0.000000,0.000000,3.480000,1.000000
602.422974,-3.000000,-3.000000,3.500000,0.000000,0.000000,0.000000,3.480000,1.000000
602.427979,-6.000000,-6.000000,3.500000,0.000000,0.000000,0.000000,3.480000,1.000000
602.432983,-8.000000,-8.000000,3.510000,0.000000,0.000000,0.000000,3.480000,1.000000
602.437988,-9.000000,-9.000000,3.510000,0.000000,0.000000,0.000000,3.480000,1.000000
602.442993,-10.000000,-10.000000,3.530000,0.000000,0.000000,0.000000,3.480000,1.000000
602.447998,-14.000000,-14.000000,3.520000,0.000000,0.000000,0.000000,3.480000,1.000000
602.453003,-14.000000,-14.000000,3.540000,0.000000,-2.000000,0.000000,3.480000,1.000000
602.458008,-17.000000,-17.000000,3.560000,0.000000,-2.000000,0.000000,3.480000,1.000000
602.463013,-20.000000,-20.000000,3.590000,0.000000,0.000000,0.000000,3.210000,1.000000
602.468018,-45.000000,-45.000000,3.580000,0.000000,0.000000,0.000000,3.210000,1.000000
602.473022,-43.000000,-43.000000,3.620000,0.000000,0.000000,0.000000,3.480000,1.000000
602.478027,-28.000000,-28.000000,3.640000,0.000000,0.000000,0.000000,3.480000,1.000000
602.482971,-33.000000,-33.000000,3.680000,0.000000,0.000000,0.000000,3.480000,1.000000
602.487976,-37.000000,-37.000000,3.660000,0.000000,0.000000,0.000000,3.480000,1.000000
602.492981,-33.000000,-33.000000,3.700000,-2.000000,-2.000000,0.000000,3.480000,1.000000
602.497986,-36.000000,-36.000000,3.740000,-2.000000,-2.000000,0.000000,3.480000,1.000000
602.502991,-44.000000,-44.000000,3.840000,0.000000,0.000000,0.000000,2.940000,1.000000
602.507996,-94.000000,-94.000000,3.800000,0.000000,0.000000,0.000000,2.940000,1.000000
602.513000,-87.000000,-87.000000,3.830000,0.000000,0.000000,0.000000,3.470000,1.000000
602.518005,-49.000000,-49.000000,3.870000,0.000000,0.000000,0.000000,3.470000,1.000000
602.523010,-57.000000,-57.000000,3.980000,0.000000,0.000000,0.000000,3.470000,1.000000
602.528015,-68.000000,-68.000000,3.950000,0.000000,0.000000,0.000000,3.470000,1.000000
602.533020,-61.000000,-61.000000,4.090000,-2.000000,-2.000000,0.000000,3.470000,1.000000
602.538025,-69.000000,-69.000000,4.060000,-2.000000,-2.000000,0.000000,3.470000,1.000000
602.543030,-59.000000,-59.000000,4.070000,-2.000000,0.000000,0.000000,2.930000,1.000000
602.547974,-88.000000,-88.000000,4.010000,-2.000000,0.000000,0.000000,2.930000,1.000000
602.552979,-77.000000,-77.000000,4.060000,-4.000000,-4.000000,0.000000,3.190000,1.000000
602.557983,-54.000000,-54.000000,3.920000,-4.000000,-4.000000,0.000000,3.190000,1.000000
602.562988,-37.000000,-37.000000,3.900000,-2.000000,-2.000000,0.000000,2.380000,1.000000
602.567993,-95.000000,-95.000000,3.900000,-2.000000,-2.000000,0.000000,2.380000,1.000000
602.572998,-97.000000,-97.000000,3.920000,-2.000000,-2.000000,0.000000,2.900000,1.000000
602.578003,-57.000000,-57.000000,3.790000,-2.000000,-2.000000,0.000000,2.900000,1.000000
602.583008,-44.000000,-44.000000,3.770000,-2.000000,-4.000000,0.000000,2.890000,1.000000
602.588013,-44.000000,-44.000000,3.720000,-2.000000,-4.000000,0.000000,2.890000,1.000000
602.593018,-41.000000,-41.000000,3.760000,-2.000000,-2.000000,0.000000,2.610000,1.000000
602.598022,-65.000000,-65.000000,3.670000,-2.000000,-2.000000,0.000000,2.610000,1.000000
602.603027,-54.000000,-54.000000,3.620000,-4.000000,-2.000000,0.000000,2.870000,1.000000
602.607971,-29.000000,-29.000000,3.580000,-4.000000,-2.000000,0.000000,2.870000,1.000000
602.612976,-25.000000,-25.000000,3.610000,-2.000000,-4.000000,0.000000,2.590000,1.000000
602.617981,-42.000000,-42.000000,3.460000,-2.000000,-4.000000,0.000000,2.590000,1.000000
602.622986,-21.000000,-21.000000,3.420000,-2.000000,-4.000000,0.000000,2.580000,1.000000
602.627991,-15.000000,-15.000000,3.320000,-2.000000,-4.000000,0.000000,2.580000,1.000000
602.632996,-9.000000,-9.000000,3.310000,-4.000000,-4.000000,0.000000,2.570000,1.000000
602.638000,-12.000000,-12.000000,3.210000,-4.000000,-4.000000,0.000000,2.570000,1.000000
602.643005,-2.000000,-2.000000,3.140000,-2.000000,-2.000000,0.000000,2.280000,1.000000
602.648010,-16.000000,-16.000000,3.060000,-2.000000,-2.000000,0.000000,2.280000,1.000000
602.653015,-13.000000,-13.000000,3.020000,-2.000000,-2.000000,0.000000,2.810000,1.000000
602.658020,24.000000,24.000000,2.950000,-2.000000,-2.000000,0.000000,2.810000,1.000000
602.663025,27.000000,27.000000,2.830000,-2.000000,-2.000000,0.000000,2.800000,1.000000
602.668030,34.000000,34.000000,2.800000,-2.000000,-2.000000,0.000000,2.800000,1.000000
602.672974,29.000000,29.000000,2.750000,0.000000,-2.000000,0.000000,2.790000,1.000000
602.677979,22.000000,22.000000,2.790000,0.000000,-2.000000,0.000000,2.790000,1.000000
602.682983,11.000000,11.000000,2.790000,0.000000,0.000000,0.000000,3.050000,1.000000
602.687988,27.000000,27.000000,2.810000,0.000000,0.000000,0.000000,3.050000,1.000000
602.692993,25.000000,25.000000,2.810000,0.000000,0.000000,0.000000,3.320000,1.000000
602.697998,46.000000,46.000000,2.830000,0.000000,0.000000,0.000000,3.320000,1.000000
602.703003,47.000000,47.000000,2.790000,2.000000,2.000000,0.000000,3.320000,1.000000
602.708008,51.000000,51.000000,2.870000,2.000000,2.000000,0.000000,3.320000,1.000000
602.713013,43.000000,43.000000,2.830000,2.000000,0.000000,0.000000,3.860000,1.000000
602.718018,90.000000,90.000000,2.830000,2.000000,0.000000,0.000000,3.860000,1.000000
602.723022,97.000000,97.000000,2.770000,2.000000,2.000000,0.000000,3.590000,1.000000
602.728027,84.000000,84.000000,2.810000,2.000000,2.000000,0.000000,3.590000,1.000000
602.732971,76.000000,76.000000,2.780000,2.000000,2.000000,0.000000,3.870000,1.000000
602.737976,98.000000,98.000000,2.670000,2.000000,2.000000,0.000000,3.870000,1.000000
602.742981,111.000000,111.000000,2.510000,2.000000,2.000000,0.000000,3.880000,1.000000
602.747986,116.000000,116.000000,2.590000,2.000000,2.000000,0.000000,3.880000,1.000000
602.752991,89.000000,89.000000,2.620000,2.000000,4.000000,0.000000,3.890000,1.000000
602.757996,63.000000,63.000000,2.850000,2.000000,4.000000,0.000000,3.890000,1.000000
602.763000,31.000000,31.000000,2.880000,4.000000,2.000000,0.000000,4.160000,1.000000
602.768005,47.000000,47.000000,3.030000,4.000000,2.000000,0.000000,4.160000,1.000000
602.773010,38.000000,38.000000,3.020000,4.000000,4.000000,0.000000,4.180000,1.000000
602.778015,43.000000,43.000000,3.150000,4.000000,4.000000,0.000000,4.180000,1.000000
602.783020,31.000000,31.000000,3.210000,4.000000,4.000000,0.000000,4.460000,1.000000
602.788025,44.000000,44.000000,3.360000,4.000000,4.000000,0.000000,4.460000,1.000000
602.793030,34.000000,34.000000,3.390000,4.000000,4.000000,0.000000,4.480000,1.000000
602.797974,38.000000,38.000000,3.490000,4.000000,4.000000,0.000000,4.480000,1.000000
602.802979,32.000000,32.000000,3.570000,4.000000,2.000000,0.000000,4.490000,1.000000
602.807983,29.000000,29.000000,3.610000,4.000000,2.000000,0.000000,4.490000,1.000000
602.812988,30.000000,30.000000,3.600000,4.000000,2.000000,0.000000,4.240000,1.000000
602.817993,13.000000,13.000000,3.750000,4.000000,2.000000,0.000000,4.240000,1.000000
602.822998,-2.000000,-2.000000,3.810000,2.000000,2.000000,0.000000,4.250000,1.000000
602.828003,-3.000000,-3.000000,3.830000,2.000000,2.000000,0.000000,4.250000,1.000000
602.833008,3.000000,3.000000,3.830000,2.000000,2.000000,0.000000,4.000000,1.000000
602.838013,-10.000000,-10.000000,3.890000,2.000000,2.000000,0.000000,4.000000,1.000000
602.843018,-15.000000,-15.000000,3.960000,2.000000,2.000000,0.000000,4.010000,1.000000
602.848022,-19.000000,-19.000000,3.970000,2.000000,2.000000,0.000000,4.010000,1.000000
602.853027,-12.000000,-12.000000,3.960000,2.000000,2.000000,0.000000,4.010000,1.000000
602.857971,1.000000,1.000000,3.930000,2.000000,2.000000,0.000000,4.010000,1.000000
602.862976,10.000000,10.000000,3.910000,0.000000,0.000000,0.000000,4.020000,1.000000
602.867981,13.000000,13.000000,3.930000,0.000000,0.000000,0.000000,4.020000,1.000000
602.872986,12.000000,12.000000,3.900000,0.000000,0.000000,0.000000,3.490000,1.000000
602.877991,-22.000000,-22.000000,3.840000,0.000000,0.000000,0.000000,3.490000,1.000000
602.882996,-13.000000,-13.000000,3.840000,0.000000,0.000000,0.000000,3.490000,1.000000
602.888000,-13.000000,-13.000000,3.760000,0.000000,0.000000,0.000000,3.490000,1.000000
602.893005,-8.000000,-8.000000,3.760000,0.000000,0.000000,0.000000,3.490000,1.000000
602.898010,-11.000000,-11.000000,3.750000,0.000000,0.000000,0.000000,3.490000,1.000000
602.903015,-13.000000,-13.000000,3.740000,0.000000,0.000000,0.000000,3.490000,1.000000
602.908020,-14.000000,-14.000000,3.700000,0.000000,0.000000,0.000000,3.490000,1.000000
602.913025,-11.000000,-11.000000,3.690000,0.000000,0.000000,0.000000,3.490000,1.000000
602.918030,-12.000000,-12.000000,3.670000,0.000000,0.000000,0.000000,3.490000,1.000000
602.922974,-14.000000,-14.000000,3.700000,0.000000,0.000000,0.000000,3.490000,1.000000
602.927979,-18.000000,-18.000000,3.660000,0.000000,0.000000,0.000000,3.490000,1.000000
602.932983,-15.000000,-15.000000,3.660000,0.000000,0.000000,0.000000,3.490000,1.000000
602.937988,-17.000000,-17.000000,3.660000,0.000000,0.000000,0.000000,3.490000,1.000000
602.942993,-20.000000,-20.000000,3.690000,0.000000,0.000000,0.000000,3.490000,1.000000
602.947998,-26.000000,-26.000000,3.670000,0.000000,0.000000,0.000000,3.490000,1.000000
602.953003,-23.000000,-23.000000,3.680000,0.000000,0.000000,0.000000,3.490000,1.000000
602.958008,-25.000000,-25.000000,3.700000,0.000000,0.000000,0.000000,3.490000,1.000000
602.963013,-30.000000,-30.000000,3.770000,0.000000,0.000000,0.000000,3.490000,1.000000
602.968018,-38.000000,-38.000000,3.730000,0.000000,0.000000,0.000000,3.490000,1.000000
602.973022,-33.000000,-33.000000,3.740000,-2.000000,0.000000,0.000000,3.490000,1.000000
602.978027,-35.000000,-35.000000,3.760000,-2.000000,0.000000,0.000000,3.490000,1.000000
602.982971,-40.000000,-40.000000,3.850000,0.000000,0.000000,0.000000,3.220000,1.000000
602.987976,-69.000000,-69.000000,3.820000,0.000000,0.000000,0.000000,3.220000,1.000000
602.992981,-65.000000,-65.000000,3.900000,-2.000000,-2.000000,0.000000,3.490000,1.000000
602.997986,-49.000000,-49.000000,3.890000,-2.000000,-2.000000,0.000000,3.490000,1.000000
603.002991,-45.000000,-45.000000,3.910000,0.000000,0.000000,0.000000,2.950000,1.000000
603.007996,-83.000000,-83.000000,3.890000,0.000000,0.000000,0.000000,2.950000,1.000000
603.013000,-78.000000,-78.000000,3.940000,0.000000,-2.000000,0.000000,3.480000,1.000000
603.018005,-36.000000,-36.000000,3.860000,0.000000,-2.000000,0.000000,3.480000,1.000000
603.023010,-26.000000,-26.000000,3.860000,-2.000000,-2.000000,0.000000,3.210000,1.000000
603.028015,-46.000000,-46.000000,3.860000,-2.000000,-2.000000,0.000000,3.210000,1.000000
603.033020,-47.000000,-47.000000,3.880000,-2.000000,-2.000000,0.000000,2.930000,1.000000
603.038025,-69.000000,-69.000000,3.810000,-2.000000,-2.000000,0.000000,2.930000,1.000000
603.043030,-62.000000,-62.000000,3.820000,0.000000,-2.000000,0.000000,2.930000,1.000000
603.047974,-65.000000,-65.000000,3.820000,0.000000,-2.000000,0.000000,2.930000,1.000000
603.052979,-65.000000,-65.000000,3.920000,-2.000000,-2.000000,0.000000,3.190000,1.000000
603.057983,-48.000000,-48.000000,3.780000,-2.000000,-2.000000,0.000000,3.190000,1.000000
603.062988,-28.000000,-28.000000,3.750000,0.000000,-2.000000,0.000000,2.910000,1.000000
603.067993,-41.000000,-41.000000,3.660000,0.000000,-2.000000,0.000000,2.910000,1.000000
603.072998,-35.000000,-35.000000,3.660000,-4.000000,-4.000000,0.000000,3.170000,1.000000
603.078003,-18.000000,-18.000000,3.610000,-4.000000,-4.000000,0.000000,3.170000,1.000000
603.083008,-14.000000,-14.000000,3.560000,-2.000000,-2.000000,0.000000,2.360000,1.000000
603.088013,-69.000000,-69.000000,3.490000,-2.000000,-2.000000,0.000000,2.360000,1.000000
603.093018,-65.000000,-65.000000,3.490000,-2.000000,-2.000000,0.000000,2.880000,1.000000
603.098022,-31.000000,-31.000000,3.460000,-2.000000,-2.000000,0.000000,2.880000,1.000000
603.103027,-32.000000,-32.000000,3.490000,0.000000,-2.000000,0.000000,2.870000,1.000000
603.107971,-37.000000,-37.000000,3.460000,0.000000,-2.000000,0.000000,2.870000,1.000000
603.112976,-36.000000,-36.000000,3.490000,-2.000000,0.000000,0.000000,3.140000,1.000000
603.117981,-16.000000,-16.000000,3.420000,-2.000000,0.000000,0.000000,3.140000,1.000000
603.122986,-7.000000,-7.000000,3.390000,-2.000000,-2.000000,0.000000,3.130000,1.000000
603.127991,-6.000000,-6.000000,3.400000,-2.000000,-2.000000,0.000000,3.130000,1.000000
603.132996,-11.000000,-11.000000,3.420000,0.000000,-2.000000,0.000000,2.860000,1.000000
603.138000,-34.000000,-34.000000,3.370000,0.000000,-2.000000,0.000000,2.860000,1.000000
603.143005,-27.000000,-27.000000,3.370000,0.000000,0.000000,0.000000,3.120000,1.000000
603.148010,-8.000000,-8.000000,3.380000,0.000000,0.000000,0.000000,3.120000,1.000000
603.153015,-10.000000,-10.000000,3.430000,0.000000,-2.000000,0.000000,3.380000,1.000000
603.158020,12.000000,12.000000,3.310000,0.000000,-2.000000,0.000000,3.380000,1.000000
603.163025,28.000000,28.000000,3.210000,0.000000,0.000000,0.000000,3.110000,1.000000
603.168030,16.000000,16.000000,3.220000,0.000000,0.000000,0.000000,3.110000,1.000000
603.172974,7.000000,7.000000,3.220000,0.000000,0.000000,0.000000,3.380000,1.000000
603.177979,17.000000,17.000000,3.260000,0.000000,0.000000,0.000000,3.380000,1.000000
603.182983,12.000000,12.000000,3.250000,0.000000,0.000000,0.000000,3.380000,1.000000
603.187988,14.000000,14.000000,3.250000,0.000000,0.000000,0.000000,3.380000,1.000000
603.192993,13.000000,13.000000,3.250000,0.000000,0.000000,0.000000,3.380000,1.000000
603.197998,11.000000,11.000000,3.300000,0.000000,0.000000,0.000000,3.380000,1.000000
603.203003,9.000000,9.000000,3.290000,0.000000,0.000000,0.000000,3.380000,1.000000
603.208008,12.000000,12.000000,3.290000,0.000000,0.000000,0.000000,3.380000,1.000000
603.213013,15.000000,15.000000,3.280000,0.000000,0.000000,0.000000,3.380000,1.000000
603.218018,18.000000,18.000000,3.280000,0.000000,0.000000,0.000000,3.380000,1.000000
603.223022,20.000000,20.000000,3.230000,0.000000,0.000000,0.000000,3.380000,1.000000
603.228027,25.000000,25.000000,3.260000,0.000000,0.000000,0.000000,3.380000,1.000000
603.232971,22.000000,22.000000,3.230000,2.000000,0.000000,0.000000,3.380000,1.000000
603.237976,27.000000,27.000000,3.200000,2.000000,0.000000,0.000000,3.380000,1.000000
603.242981,33.000000,33.000000,3.140000,0.000000,2.000000,0.000000,3.650000,1.000000
603.247986,59.000000,59.000000,3.180000,0.000000,2.000000,0.000000,3.650000,1.000000
603.252991,54.000000,54.000000,3.140000,0.000000,0.000000,0.000000,3.650000,1.000000
603.257996,59.000000,59.000000,3.110000,0.000000,0.000000,0.000000,3.650000,1.000000
603.263000,66.000000,66.000000,3.010000,0.000000,0.000000,0.000000,3.390000,1.000000
603.268005,55.000000,55.000000,3.080000,0.000000,0.000000,0.000000,3.390000,1.000000
603.273010,44.000000,44.000000,3.020000,2.000000,0.000000,0.000000,3.390000,1.000000
603.278015,48.000000,48.000000,2.950000,2.000000,0.000000,0.000000,3.390000,1.000000
603.283020,59.000000,59.000000,2.850000,0.000000,2.000000,0.000000,3.660000,1.000000
603.288025,85.000000,85.000000,2.880000,0.000000,2.000000,0.000000,3.660000,1.000000
603.293030,72.000000,72.000000,2.830000,2.000000,2.000000,0.000000,3.660000,1.000000
603.297974,70.000000,70.000000,2.870000,2.000000,2.000000,0.000000,3.660000,1.000000
603.302979,62.000000,62.000000,2.810000,2.000000,2.000000,0.000000,3.940000,1.000000
603.307983,81.000000,81.000000,2.880000,2.000000,2.000000,0.000000,3.940000,1.000000
603.312988,71.000000,71.000000,2.840000,2.000000,2.000000,0.000000,3.950000,1.000000
603.317993,68.000000,68.000000,2.960000,2.000000,2.000000,0.000000,3.950000,1.000000
603.322998,52.000000,52.000000,2.980000,2.000000,2.000000,0.000000,3.950000,1.000000
603.328003,48.000000,48.000000,2.990000,2.000000,2.000000,0.000000,3.950000,1.000000
603.333008,48.000000,48.000000,2.950000,2.000000,4.000000,0.000000,3.960000,1.000000
603.338013,46.000000,46.000000,3.130000,2.000000,4.000000,0.000000,3.960000,1.000000
603.343018,22.000000,22.000000,3.150000,2.000000,4.000000,0.000000,4.240000,1.000000
603.348022,38.000000,38.000000,3.260000,2.000000,4.000000,0.000000,4.240000,1.000000
603.353027,34.000000,34.000000,3.250000,4.000000,4.000000,0.000000,4.250000,1.000000
603.357971,40.000000,40.000000,3.320000,4.000000,4.000000,0.000000,4.250000,1.000000
603.362976,31.000000,31.000000,3.400000,2.000000,4.000000,0.000000,4.540000,1.000000
603.367981,43.000000,43.000000,3.490000,2.000000,4.000000,0.000000,4.540000,1.000000
603.372986,38.000000,38.000000,3.430000,2.000000,2.000000,0.000000,4.280000,1.000000
603.377991,26.000000,26.000000,3.530000,2.000000,2.000000,0.000000,4.280000,1.000000
603.382996,16.000000,16.000000,3.620000,2.000000,2.000000,0.000000,4.030000,1.000000
603.388000,-12.000000,-12.000000,3.690000,2.000000,2.000000,0.000000,4.030000,1.000000
603.393005,-15.000000,-15.000000,3.710000,2.000000,2.000000,0.000000,4.040000,1.000000
603.398010,-10.000000,-10.000000,3.770000,2.000000,2.000000,0.000000,4.040000,1.000000
603.403015,-15.000000,-15.000000,3.850000,2.000000,2.000000,0.000000,4.040000,1.000000
603.408020,-20.000000,-20.000000,3.900000,2.000000,2.000000,0.000000,4.040000,1.000000
603.413025,-18.000000,-18.000000,3.950000,0.000000,0.000000,0.000000,4.050000,1.000000
603.418030,-12.000000,-12.000000,3.950000,0.000000,0.000000,0.000000,4.050000,1.000000
603.422974,-4.000000,-4.000000,3.960000,0.000000,0.000000,0.000000,3.520000,1.000000
603.427979,-42.000000,-42.000000,3.970000,0.000000,0.000000,0.000000,3.520000,1.000000
603.432983,-40.000000,-40.000000,3.960000,0.000000,0.000000,0.000000,3.520000,1.000000
603.437988,-36.000000,-36.000000,3.910000,0.000000,0.000000,0.000000,3.520000,1.000000
603.442993,-29.000000,-29.000000,3.950000,0.000000,0.000000,0.000000,3.520000,1.000000
603.447998,-34.000000,-34.000000,3.870000,0.000000,0.000000,0.000000,3.520000,1.000000
603.453003,-28.000000,-28.000000,3.900000,0.000000,0.000000,0.000000,3.520000,1.000000
603.458008,-32.000000,-32.000000,3.900000,0.000000,0.000000,0.000000,3.520000,1.000000
603.463013,-37.000000,-37.000000,3.960000,0.000000,0.000000,0.000000,3.520000,1.000000
603.468018,-43.000000,-43.000000,3.900000,0.000000,0.000000,0.000000,3.520000,1.000000
603.473022,-37.000000,-37.000000,3.910000,0.000000,-2.000000,0.000000,3.520000,1.000000
603.478027,-39.000000,-39.000000,3.910000,0.000000,-2.000000,0.000000,3.520000,1.000000
603.482971,-44.000000,-44.000000,3.990000,0.000000,0.000000,0.000000,3.250000,1.000000
603.487976,-74.000000,-74.000000,3.960000,0.000000,0.000000,0.000000,3.250000,1.000000
603.492981,-69.000000,-69.000000,4.040000,-2.000000,-2.000000,0.000000,3.520000,1.000000
603.497986,-54.000000,-54.000000,4.060000,-2.000000,-2.000000,0.000000,3.520000,1.000000
603.502991,-51.000000,-51.000000,4.070000,-2.000000,-2.000000,0.000000,2.980000,1.000000
603.507996,-85.000000,-85.000000,4.000000,-2.000000,-2.000000,0.000000,2.980000,1.000000
603.513000,-71.000000,-71.000000,4.020000,-2.000000,-2.000000,0.000000,2.970000,1.000000
603.518005,-68.000000,-68.000000,3.920000,-2.000000,-2.000000,0.000000,2.970000,1.000000
603.523010,-60.000000,-60.000000,3.900000,0.000000,-2.000000,0.000000,2.960000,1.000000
603.528015,-62.000000,-62.000000,3.900000,0.000000,-2.000000,0.000000,2.960000,1.000000
603.533020,-62.000000,-62.000000,3.940000,-2.000000,-2.000000,0.000000,3.220000,1.000000
603.538025,-39.000000,-39.000000,3.830000,-2.000000,-2.000000,0.000000,3.220000,1.000000
603.543030,-24.000000,-24.000000,3.810000,-2.000000,-2.000000,0.000000,2.950000,1.000000
603.547974,-40.000000,-40.000000,3.720000,-2.000000,-2.000000,0.000000,2.950000,1.000000
603.552979,-34.000000,-34.000000,3.700000,-4.000000,-4.000000,0.000000,2.940000,1.000000
603.557983,-36.000000,-36.000000,3.650000,-4.000000,-4.000000,0.000000,2.940000,1.000000
603.562988,-36.000000,-36.000000,3.670000,-2.000000,-2.000000,0.000000,2.390000,1.000000
603.567993,-80.000000,-80.000000,3.590000,-2.000000,-2.000000,0.000000,2.390000,1.000000
603.572998,-74.000000,-74.000000,3.590000,-2.000000,-2.000000,0.000000,2.910000,1.000000
603.578003,-35.000000,-35.000000,3.550000,-2.000000,-2.000000,0.000000,2.910000,1.000000
603.583008,-34.000000,-34.000000,3.560000,-2.000000,-2.000000,0.000000,2.900000,1.000000
603.588013,-38.000000,-38.000000,3.560000,-2.000000,-2.000000,0.000000,2.900000,1.000000
603.593018,-38.000000,-38.000000,3.570000,-2.000000,-2.000000,0.000000,2.900000,1.000000
603.598022,-37.000000,-37.000000,3.470000,-2.000000,-2.000000,0.000000,2.900000,1.000000
603.603027,-26.000000,-26.000000,3.450000,-2.000000,-2.000000,0.000000,2.890000,1.000000
603.607971,-27.000000,-27.000000,3.450000,-2.000000,-2.000000,0.000000,2.890000,1.000000
603.612976,-30.000000,-30.000000,3.510000,-2.000000,-2.000000,0.000000,2.880000,1.000000
603.617981,-35.000000,-35.000000,3.420000,-2.000000,-2.000000,0.000000,2.880000,1.000000
603.622986,-23.000000,-23.000000,3.390000,-2.000000,-2.000000,0.000000,2.870000,1.000000
603.627991,-20.000000,-20.000000,3.380000,-2.000000,-2.000000,0.000000,2.870000,1.000000
603.632996,-20.000000,-20.000000,3.430000,-2.000000,-2.000000,0.000000,2.860000,1.000000
603.638000,-25.000000,-25.000000,3.340000,-2.000000,-2.000000,0.000000,2.860000,1.000000
603.643005,-12.000000,-12.000000,3.310000,-2.000000,-2.000000,0.000000,2.850000,1.000000
603.648010,-7.000000,-7.000000,3.260000,-2.000000,-2.000000,0.000000,2.850000,1.000000
603.653015,-6.000000,-6.000000,3.280000,0.000000,-2.000000,0.000000,2.840000,1.000000
603.658020,-11.000000,-11.000000,3.220000,0.000000,-2.000000,0.000000,2.840000,1.000000
603.663025,-4.000000,-4.000000,3.160000,-2.000000,0.000000,0.000000,3.110000,1.000000
603.668030,23.000000,23.000000,3.130000,-2.000000,0.000000,0.000000,3.110000,1.000000
603.672974,21.000000,21.000000,3.150000,-2.000000,-2.000000,0.000000,3.100000,1.000000
603.677979,15.000000,15.000000,3.120000,-2.000000,-2.000000,0.000000,3.100000,1.000000
603.682983,18.000000,18.000000,3.030000,-2.000000,-2.000000,0.000000,2.830000,1.000000
603.687988,6.000000,6.000000,3.030000,-2.000000,-2.000000,0.000000,2.830000,1.000000
603.692993,1.000000,1.000000,3.030000,0.000000,0.000000,0.000000,2.820000,1.000000
603.697998,-7.000000,-7.000000,3.080000,0.000000,0.000000,0.000000,2.820000,1.000000
603.703003,-15.000000,-15.000000,3.110000,0.000000,0.000000,0.000000,3.350000,1.000000
603.708008,26.000000,26.000000,3.040000,0.000000,0.000000,0.000000,3.350000,1.000000
603.713013,36.000000,36.000000,3.030000,0.000000,0.000000,0.000000,3.350000,1.000000
603.718018,39.000000,39.000000,3.040000,0.000000,0.000000,0.000000,3.350000,1.000000
603.723022,38.000000,38.000000,2.990000,0.000000,0.000000,0.000000,3.350000,1.000000
603.728027,42.000000,42.000000,3.080000,0.000000,0.000000,0.000000,3.350000,1.000000
603.732971,34.000000,34.000000,3.010000,2.000000,2.000000,0.000000,3.350000,1.000000
603.737976,42.000000,42.000000,3.000000,2.000000,2.000000,0.000000,3.350000,1.000000
603.742981,48.000000,48.000000,2.950000,2.000000,0.000000,0.000000,3.890000,1.000000
603.747986,94.000000,94.000000,2.990000,2.000000,0.000000,0.000000,3.890000,1.000000
603.752991,87.000000,87.000000,2.950000,2.000000,2.000000,0.000000,3.630000,1.000000
603.757996,72.000000,72.000000,2.920000,2.000000,2.000000,0.000000,3.630000,1.000000
603.763000,81.000000,81.000000,2.740000,0.000000,2.000000,0.000000,3.900000,1.000000
603.768005,118.000000,118.000000,2.820000,0.000000,2.000000,0.000000,3.900000,1.000000
603.773010,105.000000,105.000000,2.640000,2.000000,4.000000,0.000000,3.640000,1.000000
603.778015,97.000000,97.000000,2.680000,2.000000,4.000000,0.000000,3.640000,1.000000
603.783020,84.000000,84.000000,2.710000,0.000000,2.000000,0.000000,4.190000,1.000000
603.788025,105.000000,105.000000,2.800000,0.000000,2.000000,0.000000,4.190000,1.000000
603.793030,89.000000,89.000000,2.770000,2.000000,4.000000,0.000000,3.660000,1.000000
603.797974,43.000000,43.000000,2.910000,2.000000,4.000000,0.000000,3.660000,1.000000
603.802979,25.000000,25.000000,2.960000,2.000000,4.000000,0.000000,4.200000,1.000000
603.807983,60.000000,60.000000,3.020000,2.000000,4.000000,0.000000,4.200000,1.000000
603.812988,58.000000,58.000000,3.010000,2.000000,2.000000,0.000000,4.220000,1.000000
603.817993,61.000000,61.000000,3.130000,2.000000,2.000000,0.000000,4.220000,1.000000
603.822998,50.000000,50.000000,3.170000,2.000000,2.000000,0.000000,3.960000,1.000000
603.828003,29.000000,29.000000,3.190000,2.000000,2.000000,0.000000,3.960000,1.000000
603.833008,30.000000,30.000000,3.130000,4.000000,4.000000,0.000000,3.970000,1.000000
603.838013,33.000000,33.000000,3.280000,4.000000,4.000000,0.000000,3.970000,1.000000
603.843018,14.000000,14.000000,3.360000,4.000000,2.000000,0.000000,4.520000,1.000000
603.848022,46.000000,46.000000,3.440000,4.000000,2.000000,0.000000,4.520000,1.000000
603.853027,45.000000,45.000000,3.400000,2.000000,4.000000,0.000000,4.260000,1.000000
603.857971,35.000000,35.000000,3.460000,2.000000,4.000000,0.000000,4.260000,1.000000
603.862976,30.000000,30.000000,3.540000,2.000000,2.000000,0.000000,4.280000,1.000000
603.867981,24.000000,24.000000,3.600000,2.000000,2.000000,0.000000,4.280000,1.000000
603.872986,21.000000,21.000000,3.570000,2.000000,2.000000,0.000000,4.020000,1.000000
603.877991,6.000000,6.000000,3.650000,2.000000,2.000000,0.000000,4.020000,1.000000
603.882996,-4.000000,-4.000000,3.760000,2.000000,2.000000,0.000000,4.030000,1.000000
603.888000,-12.000000,-12.000000,3.780000,2.000000,2.000000,0.000000,4.030000,1.000000
603.893005,-7.000000,-7.000000,3.770000,0.000000,2.000000,0.000000,4.040000,1.000000
603.898010,3.000000,3.000000,3.780000,0.000000,2.000000,0.000000,4.040000,1.000000
603.903015,4.000000,4.000000,3.820000,2.000000,2.000000,0.000000,3.770000,1.000000
603.908020,-19.000000,-19.000000,3.860000,2.000000,2.000000,0.000000,3.770000,1.000000
603.913025,-20.000000,-20.000000,3.850000,0.000000,2.000000,0.000000,4.050000,1.000000
603.918030,7.000000,7.000000,3.830000,0.000000,2.000000,0.000000,4.050000,1.000000
603.922974,13.000000,13.000000,3.830000,0.000000,0.000000,0.000000,3.790000,1.000000
603.927979,-6.000000,-6.000000,3.840000,0.000000,0.000000,0.000000,3.790000,1.000000
603.932983,-6.000000,-6.000000,3.810000,0.000000,2.000000,0.000000,3.520000,1.000000
603.937988,-22.000000,-22.000000,3.800000,0.000000,2.000000,0.000000,3.520000,1.000000
603.942993,-22.000000,-22.000000,3.820000,0.000000,0.000000,0.000000,3.790000,1.000000
603.947998,-4.000000,-4.000000,3.760000,0.000000,0.000000,0.000000,3.790000,1.000000
603.953003,1.000000,1.000000,3.780000,0.000000,-2.000000,0.000000,3.530000,1.000000
603.958008,-21.000000,-21.000000,3.760000,0.000000,-2.000000,0.000000,3.530000,1.000000
603.963013,-23.000000,-23.000000,3.780000,0.000000,0.000000,0.000000,3.260000,1.000000
603.968018,-48.000000,-48.000000,3.760000,0.000000,0.000000,0.000000,3.260000,1.000000
603.973022,-46.000000,-46.000000,3.770000,-2.000000,-2.000000,0.000000,3.520000,1.000000
603.978027,-28.000000,-28.000000,3.770000,-2.000000,-2.000000,0.000000,3.520000,1.000000
603.982971,-32.000000,-32.000000,3.840000,0.000000,0.000000,0.000000,2.980000,1.000000
603.987976,-81.000000,-81.000000,3.790000,0.000000,0.000000,0.000000,2.980000,1.000000
603.992981,-76.000000,-76.000000,3.810000,0.000000,0.000000,0.000000,3.510000,1.000000
603.997986,-39.000000,-39.000000,3.830000,0.000000,0.000000,0.000000,3.510000,1.000000
604.002991,-45.000000,-45.000000,3.920000,-2.000000,0.000000,0.000000,3.510000,1.000000
604.007996,-55.000000,-55.000000,3.870000,-2.000000,0.000000,0.000000,3.510000,1.000000
604.013000,-48.000000,-48.000000,3.940000,-2.000000,-2.000000,0.000000,3.240000,1.000000
604.018005,-74.000000,-74.000000,4.010000,-2.000000,-2.000000,0.000000,3.240000,1.000000
604.023010,-82.000000,-82.000000,4.080000,0.000000,0.000000,0.000000,2.970000,1.000000
604.028015,-101.000000,-101.000000,4.040000,0.000000,0.000000,0.000000,2.970000,1.000000
604.033020,-85.000000,-85.000000,4.070000,-2.000000,-2.000000,0.000000,3.500000,1.000000
604.038025,-36.000000,-36.000000,3.950000,-2.000000,-2.000000,0.000000,3.500000,1.000000
604.043030,-20.000000,-20.000000,3.930000,-2.000000,-2.000000,0.000000,2.960000,1.000000
604.047974,-60.000000,-60.000000,3.900000,-2.000000,-2.000000,0.000000,2.960000,1.000000
604.052979,-60.000000,-60.000000,3.900000,-2.000000,-2.000000,0.000000,2.950000,1.000000
604.057983,-62.000000,-62.000000,3.840000,-2.000000,-2.000000,0.000000,2.950000,1.000000
604.062988,-59.000000,-59.000000,3.860000,-2.000000,-2.000000,0.000000,2.940000,1.000000
604.067993,-64.000000,-64.000000,3.860000,-2.000000,-2.000000,0.000000,2.940000,1.000000
604.072998,-64.000000,-64.000000,3.940000,-2.000000,-2.000000,0.000000,2.930000,1.000000
604.078003,-66.000000,-66.000000,3.810000,-2.000000,-2.000000,0.000000,2.930000,1.000000
604.083008,-48.000000,-48.000000,3.760000,-2.000000,-2.000000,0.000000,2.930000,1.000000
604.088013,-43.000000,-43.000000,3.730000,-2.000000,-2.000000,0.000000,2.930000,1.000000
604.093018,-41.000000,-41.000000,3.780000,-2.000000,-2.000000,0.000000,2.920000,1.000000
604.098022,-44.000000,-44.000000,3.680000,-2.000000,-2.000000,0.000000,2.920000,1.000000
604.103027,-33.000000,-33.000000,3.680000,-4.000000,-2.000000,0.000000,2.910000,1.000000
604.107971,-30.000000,-30.000000,3.580000,-4.000000,-2.000000,0.000000,2.910000,1.000000
604.112976,-22.000000,-22.000000,3.570000,-2.000000,-4.000000,0.000000,2.630000,1.000000
604.117981,-41.000000,-41.000000,3.480000,-2.000000,-4.000000,0.000000,2.630000,1.000000
604.122986,-33.000000,-33.000000,3.460000,-2.000000,-2.000000,0.000000,2.620000,1.000000
604.127991,-33.000000,-33.000000,3.400000,-2.000000,-2.000000,0.000000,2.620000,1.000000
604.132996,-30.000000,-30.000000,3.420000,-2.000000,-2.000000,0.000000,2.870000,1.000000
604.138000,-13.000000,-13.000000,3.310000,-2.000000,-2.000000,0.000000,2.870000,1.000000
604.143005,1.000000,1.000000,3.240000,-2.000000,-2.000000,0.000000,2.870000,1.000000
604.148010,8.000000,8.000000,3.170000,-2.000000,-2.000000,0.000000,2.870000,1.000000
604.153015,8.000000,8.000000,3.150000,-2.000000,-2.000000,0.000000,2.860000,1.000000
604.158020,2.000000,2.000000,3.150000,-2.000000,-2.000000,0.000000,2.860000,1.000000
604.163025,-2.000000,-2.000000,3.100000,-2.000000,-2.000000,0.000000,2.850000,1.000000
604.168030,1.000000,1.000000,3.060000,-2.000000,-2.000000,0.000000,2.850000,1.000000
604.172974,1.000000,1.000000,3.050000,0.000000,0.000000,0.000000,2.840000,1.000000
604.177979,-4.000000,-4.000000,3.060000,0.000000,0.000000,0.000000,2.840000,1.000000
604.182983,-9.000000,-9.000000,3.070000,-2.000000,-2.000000,0.000000,3.370000,1.000000
604.187988,28.000000,28.000000,3.070000,-2.000000,-2.000000,0.000000,3.370000,1.000000
604.192993,28.000000,28.000000,3.080000,0.000000,0.000000,0.000000,2.830000,1.000000
604.197998,-13.000000,-13.000000,3.080000,0.000000,0.000000,0.000000,2.830000,1.000000
604.203003,-13.000000,-13.000000,3.090000,0.000000,0.000000,0.000000,3.360000,1.000000
604.208008,25.000000,25.000000,3.110000,0.000000,0.000000,0.000000,3.360000,1.000000
604.213013,24.000000,24.000000,3.120000,0.000000,0.000000,0.000000,3.360000,1.000000
604.218018,27.000000,27.000000,3.070000,0.000000,0.000000,0.000000,3.360000,1.000000
604.223022,35.000000,35.000000,2.990000,0.000000,0.000000,0.000000,3.360000,1.000000
604.228027,41.000000,41.000000,3.090000,0.000000,0.000000,0.000000,3.360000,1.000000
604.232971,28.000000,28.000000,3.100000,0.000000,2.000000,0.000000,3.360000,1.000000
604.237976,28.000000,28.000000,3.080000,0.000000,2.000000,0.000000,3.360000,1.000000
604.242981,36.000000,36.000000,3.000000,2.000000,0.000000,0.000000,3.630000,1.000000
604.247986,67.000000,67.000000,3.040000,2.000000,0.000000,0.000000,3.630000,1.000000
604.252991,62.000000,62.000000,3.020000,0.000000,2.000000,0.000000,3.640000,1.000000
604.257996,64.000000,64.000000,3.000000,0.000000,2.000000,0.000000,3.640000,1.000000
604.263000,70.000000,70.000000,2.880000,0.000000,0.000000,0.000000,3.640000,1.000000
604.268005,84.000000,84.000000,2.970000,0.000000,0.000000,0.000000,3.640000,1.000000
604.273010,72.000000,72.000000,2.890000,2.000000,2.000000,0.000000,3.380000,1.000000
604.278015,58.000000,58.000000,2.910000,2.000000,2.000000,0.000000,3.380000,1.000000
604.283020,61.000000,61.000000,2.740000,2.000000,2.000000,0.000000,3.920000,1.000000
604.288025,116.000000,116.000000,2.610000,2.000000,2.000000,0.000000,3.920000,1.000000
604.293030,118.000000,118.000000,2.610000,2.000000,2.000000,0.000000,3.920000,1.000000
604.297974,97.000000,97.000000,2.750000,2.000000,2.000000,0.000000,3.920000,1.000000
604.302979,74.000000,74.000000,2.780000,2.000000,2.000000,0.000000,3.930000,1.000000
604.307983,72.000000,72.000000,2.760000,2.000000,2.000000,0.000000,3.930000,1.000000
604.312988,76.000000,76.000000,2.630000,4.000000,4.000000,0.000000,3.940000,1.000000
604.317993,82.000000,82.000000,2.800000,4.000000,4.000000,0.000000,3.940000,1.000000
604.322998,55.000000,55.000000,2.880000,4.000000,4.000000,0.000000,4.490000,1.000000
604.328003,81.000000,81.000000,3.010000,4.000000,4.000000,0.000000,4.490000,1.000000
604.333008,72.000000,72.000000,3.000000,4.000000,6.000000,0.000000,4.510000,1.000000
604.338013,73.000000,73.000000,3.120000,4.000000,6.000000,0.000000,4.510000,1.000000
604.343018,57.000000,57.000000,3.160000,4.000000,2.000000,0.000000,4.790000,1.000000
604.348022,71.000000,71.000000,3.280000,4.000000,2.000000,0.000000,4.790000,1.000000
604.353027,62.000000,62.000000,3.260000,4.000000,4.000000,0.000000,4.280000,1.000000
604.357971,25.000000,25.000000,3.450000,4.000000,4.000000,0.000000,4.280000,1.000000
604.362976,3.000000,3.000000,3.560000,4.000000,4.000000,0.000000,4.560000,1.000000
604.367981,13.000000,13.000000,3.700000,4.000000,4.000000,0.000000,4.560000,1.000000
604.372986,9.000000,9.000000,3.730000,4.000000,4.000000,0.000000,4.580000,1.000000
604.377991,18.000000,18.000000,3.780000,4.000000,4.000000,0.000000,4.580000,1.000000
604.382996,19.000000,19.000000,3.850000,4.000000,2.000000,0.000000,4.590000,1.000000
604.388000,14.000000,14.000000,3.950000,4.000000,2.000000,0.000000,4.590000,1.000000
604.393005,9.000000,9.000000,3.950000,2.000000,2.000000,0.000000,4.340000,1.000000
604.398010,-5.000000,-5.000000,4.020000,2.000000,2.000000,0.000000,4.340000,1.000000
604.403015,-7.000000,-7.000000,4.100000,0.000000,2.000000,0.000000,4.080000,1.000000
604.408020,-30.000000,-30.000000,4.130000,0.000000,2.000000,0.000000,4.080000,1.000000
604.413025,-25.000000,-25.000000,4.130000,0.000000,2.000000,0.000000,3.820000,1.000000
604.418030,-37.000000,-37.000000,4.120000,0.000000,2.000000,0.000000,3.820000,1.000000
604.422974,-34.000000,-34.000000,4.160000,0.000000,0.000000,0.000000,3.830000,1.000000
604.427979,-37.000000,-37.000000,4.160000,0.000000,0.000000,0.000000,3.830000,1.000000
604.432983,-32.000000,-32.000000,4.170000,0.000000,0.000000,0.000000,3.560000,1.000000
604.437988,-45.000000,-45.000000,4.090000,0.000000,0.000000,0.000000,3.560000,1.000000
604.442993,-35.000000,-35.000000,4.120000,0.000000,0.000000,0.000000,3.560000,1.000000
604.447998,-37.000000,-37.000000,4.010000,0.000000,0.000000,0.000000,3.560000,1.000000
604.453003,-28.000000,-28.000000,4.010000,-2.000000,-2.000000,0.000000,3.560000,1.000000
604.458008,-32.000000,-32.000000,4.000000,-2.000000,-2.000000,0.000000,3.560000,1.000000
604.463013,-37.000000,-37.000000,4.070000,0.000000,-2.000000,0.000000,3.020000,1.000000
604.468018,-85.000000,-85.000000,4.000000,0.000000,-2.000000,0.000000,3.020000,1.000000
604.473022,-79.000000,-79.000000,3.990000,0.000000,-2.000000,0.000000,3.280000,1.000000
604.478027,-60.000000,-60.000000,3.990000,0.000000,-2.000000,0.000000,3.280000,1.000000
604.482971,-65.000000,-65.000000,4.080000,0.000000,0.000000,0.000000,3.280000,1.000000
604.487976,-77.000000,-77.000000,4.050000,0.000000,0.000000,0.000000,3.280000,1.000000
604.492981,-70.000000,-70.000000,4.170000,-2.000000,-4.000000,0.000000,3.540000,1.000000
604.497986,-55.000000,-55.000000,4.120000,-2.000000,-4.000000,0.000000,3.540000,1.000000
604.502991,-38.000000,-38.000000,4.070000,-2.000000,-2.000000,0.000000,2.730000,1.000000
604.507996,-86.000000,-86.000000,3.950000,-2.000000,-2.000000,0.000000,2.730000,1.000000
604.513000,-72.000000,-72.000000,3.960000,-2.000000,-4.000000,0.000000,2.990000,1.000000
604.518005,-52.000000,-52.000000,3.860000,-2.000000,-4.000000,0.000000,2.990000,1.000000
604.523010,-45.000000,-45.000000,3.820000,-2.000000,-2.000000,0.000000,2.710000,1.000000
604.528015,-65.000000,-65.000000,3.790000,-2.000000,-2.000000,0.000000,2.710000,1.000000
604.533020,-64.000000,-64.000000,3.820000,-2.000000,-2.000000,0.000000,2.970000,1.000000
604.538025,-45.000000,-45.000000,3.720000,-2.000000,-2.000000,0.000000,2.970000,1.000000
604.543030,-34.000000,-34.000000,3.690000,-2.000000,-4.000000,0.000000,2.960000,1.000000
604.547974,-32.000000,-32.000000,3.610000,-2.000000,-4.000000,0.000000,2.960000,1.000000
604.552979,-26.000000,-26.000000,3.590000,-2.000000,-2.000000,0.000000,2.680000,1.000000
604.557983,-46.000000,-46.000000,3.500000,-2.000000,-2.000000,0.000000,2.680000,1.000000
604.562988,-38.000000,-38.000000,3.510000,-2.000000,-2.000000,0.000000,2.940000,1.000000
604.567993,-21.000000,-21.000000,3.450000,-2.000000,-2.000000,0.000000,2.940000,1.000000
604.572998,-18.000000,-18.000000,3.460000,-4.000000,-4.000000,0.000000,2.930000,1.000000
604.578003,-20.000000,-20.000000,3.390000,-4.000000,-4.000000,0.000000,2.930000,1.000000
604.583008,-14.000000,-14.000000,3.360000,-2.000000,-2.000000,0.000000,2.380000,1.000000
604.588013,-54.000000,-54.000000,3.320000,-2.000000,-2.000000,0.000000,2.380000,1.000000
604.593018,-53.000000,-53.000000,3.320000,-2.000000,-2.000000,0.000000,2.900000,1.000000
604.598022,-18.000000,-18.000000,3.280000,-2.000000,-2.000000,0.000000,2.900000,1.000000
604.603027,-17.000000,-17.000000,3.270000,0.000000,-2.000000,0.000000,2.900000,1.000000
604.607971,-18.000000,-18.000000,3.240000,0.000000,-2.000000,0.000000,2.900000,1.000000
604.612976,-18.000000,-18.000000,3.260000,-2.000000,-2.000000,0.000000,3.160000,1.000000
604.617981,-2.000000,-2.000000,3.230000,-2.000000,-2.000000,0.000000,3.160000,1.000000
604.622986,-2.000000,-2.000000,3.210000,-2.000000,0.000000,0.000000,2.880000,1.000000
604.627991,-23.000000,-23.000000,3.230000,-2.000000,0.000000,0.000000,2.880000,1.000000
604.632996,-28.000000,-28.000000,3.250000,-2.000000,0.000000,0.000000,3.140000,1.000000
604.638000,-14.000000,-14.000000,3.260000,-2.000000,0.000000,0.000000,3.140000,1.000000
604.643005,-17.000000,-17.000000,3.310000,0.000000,0.000000,0.000000,3.140000,1.000000
604.648010,-22.000000,-22.000000,3.330000,0.000000,0.000000,0.000000,3.140000,1.000000
604.653015,-24.000000,-24.000000,3.370000,0.000000,0.000000,0.000000,3.410000,1.000000
604.658020,-7.000000,-7.000000,3.360000,0.000000,0.000000,0.000000,3.410000,1.000000
604.663025,-5.000000,-5.000000,3.380000,0.000000,0.000000,0.000000,3.410000,1.000000
604.668030,-8.000000,-8.000000,3.440000,0.000000,0.000000,0.000000,3.410000,1.000000
604.672974,-15.000000,-15.000000,3.480000,0.000000,0.000000,0.000000,3.410000,1.000000
604.677979,-19.000000,-19.000000,3.490000,0.000000,0.000000,0.000000,3.410000,1.000000
604.682983,-17.000000,-17.000000,3.540000,0.000000,0.000000,0.000000,3.410000,1.000000
604.687988,-20.000000,-20.000000,3.560000,0.000000,0.000000,0.000000,3.410000,1.000000
604.692993,-19.000000,-19.000000,3.580000,0.000000,0.000000,0.000000,3.410000,1.000000
604.697998,-16.000000,-16.000000,3.540000,0.000000,0.000000,0.000000,3.410000,1.000000
604.703003,-9.000000,-9.000000,3.560000,0.000000,0.000000,0.000000,3.410000,1.000000
604.708008,-11.000000,-11.000000,3.600000,0.000000,0.000000,0.000000,3.410000,1.000000
604.713013,-16.000000,-16.000000,3.630000,-2.000000,-2.000000,0.000000,3.410000,1.000000
604.718018,-15.000000,-15.000000,3.580000,-2.000000,-2.000000,0.000000,3.410000,1.000000
604.723022,-6.000000,-6.000000,3.580000,0.000000,0.000000,0.000000,2.870000,1.000000
604.728027,-47.000000,-47.000000,3.610000,0.000000,0.000000,0.000000,2.870000,1.000000
604.732971,-52.000000,-52.000000,3.640000,0.000000,0.000000,0.000000,3.400000,1.000000
604.737976,-12.000000,-12.000000,3.590000,0.000000,0.000000,0.000000,3.400000,1.000000
604.742981,-3.000000,-3.000000,3.570000,0.000000,0.000000,0.000000,3.400000,1.000000
604.747986,-1.000000,-1.000000,3.580000,0.000000,0.000000,0.000000,3.400000,1.000000
604.752991,-4.000000,-4.000000,3.590000,0.000000,0.000000,0.000000,3.400000,1.000000
604.757996,-4.000000,-4.000000,3.550000,0.000000,0.000000,0.000000,3.400000,1.000000
604.763000,3.000000,3.000000,3.520000,0.000000,0.000000,0.000000,3.400000,1.000000
604.768005,6.000000,6.000000,3.530000,0.000000,0.000000,0.000000,3.400000,1.000000
604.773010,4.000000,4.000000,3.520000,0.000000,0.000000,0.000000,3.400000,1.000000
604.778015,4.000000,4.000000,3.490000,0.000000,0.000000,0.000000,3.400000,1.000000
604.783020,10.000000,10.000000,3.450000,0.000000,0.000000,0.000000,3.400000,1.000000
604.788025,15.000000,15.000000,3.440000,0.000000,0.000000,0.000000,3.400000,1.000000
604.793030,15.000000,15.000000,3.430000,0.000000,0.000000,0.000000,3.400000,1.000000
604.797974,16.000000,16.000000,3.390000,0.000000,0.000000,0.000000,3.400000,1.000000
604.802979,21.000000,21.000000,3.330000,0.000000,0.000000,0.000000,3.400000,1.000000
604.807983,27.000000,27.000000,3.340000,0.000000,0.000000,0.000000,3.400000,1.000000
604.812988,24.000000,24.000000,3.310000,0.000000,0.000000,0.000000,3.400000,1.000000
604.817993,28.000000,28.000000,3.270000,0.000000,0.000000,0.000000,3.400000,1.000000
604.822998,34.000000,34.000000,3.180000,0.000000,2.000000,0.000000,3.400000,1.000000
604.828003,41.000000,41.000000,3.210000,0.000000,2.000000,0.000000,3.400000,1.000000
604.833008,36.000000,36.000000,3.160000,2.000000,0.000000,0.000000,3.670000,1.000000
604.838013,61.000000,61.000000,3.120000,2.000000,0.000000,0.000000,3.670000,1.000000
604.843018,68.000000,68.000000,3.010000,0.000000,0.000000,0.000000,3.670000,1.000000
604.848022,78.000000,78.000000,3.090000,0.000000,0.000000,0.000000,3.670000,1.000000
604.853027,65.000000,65.000000,3.020000,2.000000,2.000000,0.000000,3.410000,1.000000
604.857971,50.000000,50.000000,3.020000,2.000000,2.000000,0.000000,3.410000,1.000000
604.862976,56.000000,56.000000,2.860000,2.000000,2.000000,0.000000,3.950000,1.000000
604.867981,110.000000,110.000000,2.830000,2.000000,2.000000,0.000000,3.950000,1.000000
604.872986,103.000000,103.000000,2.770000,2.000000,2.000000,0.000000,3.950000,1.000000
604.877991,97.000000,97.000000,2.800000,2.000000,2.000000,0.000000,3.950000,1.000000
604.882996,87.000000,87.000000,2.750000,0.000000,2.000000,0.000000,3.960000,1.000000
604.888000,82.000000,82.000000,2.840000,0.000000,2.000000,0.000000,3.960000,1.000000
604.893005,69.000000,69.000000,2.770000,2.000000,4.000000,0.000000,3.700000,1.000000
604.898010,43.000000,43.000000,2.950000,2.000000,4.000000,0.000000,3.700000,1.000000
604.903015,16.000000,16.000000,2.990000,2.000000,4.000000,0.000000,4.250000,1.000000
604.908020,49.000000,49.000000,3.080000,2.000000,4.000000,0.000000,4.250000,1.000000
604.913025,43.000000,43.000000,3.120000,2.000000,4.000000,0.000000,4.260000,1.000000
604.918030,43.000000,43.000000,3.220000,2.000000,4.000000,0.000000,4.260000,1.000000
604.922974,34.000000,34.000000,3.240000,2.000000,2.000000,0.000000,4.270000,1.000000
604.927979,33.000000,33.000000,3.320000,2.000000,2.000000,0.000000,4.270000,1.000000
604.932983,28.000000,28.000000,3.340000,4.000000,4.000000,0.000000,4.010000,1.000000
604.937988,7.000000,7.000000,3.470000,4.000000,4.000000,0.000000,4.010000,1.000000
604.942993,-6.000000,-6.000000,3.580000,2.000000,2.000000,0.000000,4.560000,1.000000
604.947998,28.000000,28.000000,3.600000,2.000000,2.000000,0.000000,4.560000,1.000000
604.953003,34.000000,34.000000,3.620000,2.000000,2.000000,0.000000,4.040000,1.000000
604.958008,0.000000,0.000000,3.670000,2.000000,2.000000,0.000000,4.040000,1.000000
604.963013,-2.000000,-2.000000,3.720000,0.000000,2.000000,0.000000,4.050000,1.000000
604.968018,-3.000000,-3.000000,3.760000,0.000000,2.000000,0.000000,4.050000,1.000000
604.973022,-3.000000,-3.000000,3.790000,0.000000,0.000000,0.000000,3.790000,1.000000
604.978027,-20.000000,-20.000000,3.800000,0.000000,0.000000,0.000000,3.790000,1.000000
604.982971,-19.000000,-19.000000,3.860000,0.000000,2.000000,0.000000,3.520000,1.000000
604.987976,-40.000000,-40.000000,3.850000,0.000000,2.000000,0.000000,3.520000,1.000000
604.992981,-34.000000,-34.000000,3.840000,0.000000,0.000000,0.000000,3.790000,1.000000
604.997986,-6.000000,-6.000000,3.810000,0.000000,0.000000,0.000000,3.790000,1.000000
605.002991,-2.000000,-2.000000,3.790000,0.000000,0.000000,0.000000,3.530000,1.000000
605.007996,-21.000000,-21.000000,3.790000,0.000000,0.000000,0.000000,3.530000,1.000000
605.013000,-25.000000,-25.000000,3.810000,0.000000,0.000000,0.000000,3.530000,1.000000
605.018005,-30.000000,-30.000000,3.810000,0.000000,0.000000,0.000000,3.530000,1.000000
605.023010,-31.000000,-31.000000,3.870000,0.000000,-2.000000,0.000000,3.530000,1.000000
605.028015,-37.000000,-37.000000,3.790000,0.000000,-2.000000,0.000000,3.530000,1.000000
605.033020,-30.000000,-30.000000,3.830000,0.000000,0.000000,0.000000,3.260000,1.000000
605.038025,-56.000000,-56.000000,3.860000,0.000000,0.000000,0.000000,3.260000,1.000000
605.043030,-63.000000,-63.000000,3.940000,0.000000,-2.000000,0.000000,3.520000,1.000000
605.047974,-51.000000,-51.000000,3.860000,0.000000,-2.000000,0.000000,3.520000,1.000000
605.052979,-39.000000,-39.000000,3.910000,-2.000000,-2.000000,0.000000,3.250000,1.000000
605.057983,-64.000000,-64.000000,3.900000,-2.000000,-2.000000,0.000000,3.250000,1.000000
605.062988,-69.000000,-69.000000,4.020000,-2.000000,-2.000000,0.000000,2.980000,1.000000
605.067993,-103.000000,-103.000000,4.070000,-2.000000,-2.000000,0.000000,2.980000,1.000000
605.072998,-99.000000,-99.000000,4.120000,-4.000000,-4.000000,0.000000,2.970000,1.000000
605.078003,-89.000000,-89.000000,4.020000,-4.000000,-4.000000,0.000000,2.970000,1.000000
605.083008,-71.000000,-71.000000,4.030000,-2.000000,-2.000000,0.000000,2.420000,1.000000
605.088013,-108.000000,-108.000000,3.970000,-2.000000,-2.000000,0.000000,2.420000,1.000000
605.093018,-96.000000,-96.000000,4.010000,-4.000000,-4.000000,0.000000,2.940000,1.000000
605.098022,-49.000000,-49.000000,3.820000,-4.000000,-4.000000,0.000000,2.940000,1.000000
605.103027,-24.000000,-24.000000,3.780000,-2.000000,-2.000000,0.000000,2.390000,1.000000
605.107971,-58.000000,-58.000000,3.610000,-2.000000,-2.000000,0.000000,2.390000,1.000000
605.112976,-45.000000,-45.000000,3.560000,-2.000000,-2.000000,0.000000,2.920000,1.000000
605.117981,-6.000000,-6.000000,3.470000,-2.000000,-2.000000,0.000000,2.920000,1.000000
605.122986,-5.000000,-5.000000,3.400000,-4.000000,-2.000000,0.000000,2.910000,1.000000
605.127991,-4.000000,-4.000000,3.340000,-4.000000,-2.000000,0.000000,2.910000,1.000000
605.132996,-7.000000,-7.000000,3.300000,-2.000000,-4.000000,0.000000,2.630000,1.000000
605.138000,-35.000000,-35.000000,3.330000,-2.000000,-4.000000,0.000000,2.630000,1.000000
605.143005,-47.000000,-47.000000,3.410000,0.000000,-2.000000,0.000000,2.620000,1.000000
605.148010,-58.000000,-58.000000,3.370000,0.000000,-2.000000,0.000000,2.620000,1.000000
605.153015,-49.000000,-49.000000,3.380000,-2.000000,-2.000000,0.000000,3.140000,1.000000
605.158020,-3.000000,-3.000000,3.300000,-2.000000,-2.000000,0.000000,3.140000,1.000000
605.163025,5.000000,5.000000,3.240000,0.000000,-2.000000,0.000000,2.870000,1.000000
605.168030,-15.000000,-15.000000,3.270000,0.000000,-2.000000,0.000000,2.870000,1.000000
605.172974,-25.000000,-25.000000,3.290000,-2.000000,0.000000,0.000000,3.130000,1.000000
605.177979,-12.000000,-12.000000,3.290000,-2.000000,0.000000,0.000000,3.130000,1.000000
605.182983,-12.000000,-12.000000,3.310000,0.000000,0.000000,0.000000,3.130000,1.000000
605.187988,-16.000000,-16.000000,3.300000,0.000000,0.000000,0.000000,3.130000,1.000000
605.192993,-17.000000,-17.000000,3.350000,-2.000000,0.000000,0.000000,3.390000,1.000000
605.197998,-2.000000,-2.000000,3.360000,-2.000000,0.000000,0.000000,3.390000,1.000000
605.203003,-3.000000,-3.000000,3.350000,0.000000,0.000000,0.000000,3.120000,1.000000
605.208008,-24.000000,-24.000000,3.390000,0.000000,0.000000,0.000000,3.120000,1.000000
605.213013,-29.000000,-29.000000,3.430000,0.000000,0.000000,0.000000,3.390000,1.000000
605.218018,-15.000000,-15.000000,3.460000,0.000000,0.000000,0.000000,3.390000,1.000000
605.223022,-17.000000,-17.000000,3.520000,0.000000,0.000000,0.000000,3.390000,1.000000
605.228027,-19.000000,-19.000000,3.530000,0.000000,0.000000,0.000000,3.390000,1.000000
605.232971,-17.000000,-17.000000,3.540000,0.000000,0.000000,0.000000,3.390000,1.000000
605.237976,-14.000000,-14.000000,3.530000,0.000000,0.000000,0.000000,3.390000,1.000000
605.242981,-10.000000,-10.000000,3.550000,0.000000,0.000000,0.000000,3.390000,1.000000
605.247986,-12.000000,-12.000000,3.580000,0.000000,0.000000,0.000000,3.390000,1.000000
605.252991,-15.000000,-15.000000,3.600000,-2.000000,0.000000,0.000000,3.390000,1.000000
605.257996,-13.000000,-13.000000,3.560000,-2.000000,0.000000,0.000000,3.390000,1.000000
605.263000,-6.000000,-6.000000,3.570000,0.000000,0.000000,0.000000,3.120000,1.000000
605.268005,-27.000000,-27.000000,3.590000,0.000000,0.000000,0.000000,3.120000,1.000000
605.273010,-30.000000,-30.000000,3.600000,0.000000,0.000000,0.000000,3.380000,1.000000
605.278015,-8.000000,-8.000000,3.550000,0.000000,0.000000,0.000000,3.380000,1.000000
605.283020,0.000000,0.000000,3.540000,0.000000,0.000000,0.000000,3.380000,1.000000
605.288025,1.000000,1.000000,3.540000,0.000000,0.000000,0.000000,3.380000,1.000000
605.293030,0.000000,0.000000,3.540000,0.000000,0.000000,0.000000,3.380000,1.000000
605.297974,2.000000,2.000000,3.500000,0.000000,0.000000,0.000000,3.380000,1.000000
605.302979,7.000000,7.000000,3.470000,0.000000,0.000000,0.000000,3.380000,1.000000
605.307983,10.000000,10.000000,3.480000,0.000000,0.000000,0.000000,3.380000,1.000000
605.312988,9.000000,9.000000,3.460000,0.000000,0.000000,0.000000,3.380000,1.000000
605.317993,11.000000,11.000000,3.420000,0.000000,0.000000,0.000000,3.380000,1.000000
605.322998,16.000000,16.000000,3.380000,0.000000,0.000000,0.000000,3.380000,1.000000
605.328003,21.000000,21.000000,3.390000,0.000000,0.000000,0.000000,3.380000,1.000000
605.333008,19.000000,19.000000,3.350000,0.000000,2.000000,0.000000,3.380000,1.000000
605.338013,23.000000,23.000000,3.310000,0.000000,2.000000,0.000000,3.380000,1.000000
605.343018,29.000000,29.000000,3.220000,0.000000,0.000000,0.000000,3.650000,1.000000
605.348022,57.000000,57.000000,3.250000,0.000000,0.000000,0.000000,3.650000,1.000000
605.353027,52.000000,52.000000,3.210000,0.000000,0.000000,0.000000,3.390000,1.000000
605.357971,37.000000,37.000000,3.160000,0.000000,0.000000,0.000000,3.390000,1.000000
605.362976,45.000000,45.000000,3.040000,2.000000,2.000000,0.000000,3.390000,1.000000
605.367981,54.000000,54.000000,3.100000,2.000000,2.000000,0.000000,3.390000,1.000000
605.372986,45.000000,45.000000,3.040000,0.000000,2.000000,0.000000,3.930000,1.000000
605.377991,90.000000,90.000000,3.000000,0.000000,2.000000,0.000000,3.930000,1.000000
605.382996,99.000000,99.000000,2.870000,0.000000,2.000000,0.000000,3.670000,1.000000
605.388000,90.000000,90.000000,2.950000,0.000000,2.000000,0.000000,3.670000,1.000000
605.393005,77.000000,77.000000,2.800000,4.000000,4.000000,0.000000,3.670000,1.000000
605.398010,86.000000,86.000000,2.800000,4.000000,4.000000,0.000000,3.670000,1.000000
605.403015,87.000000,87.000000,2.670000,2.000000,2.000000,0.000000,4.490000,1.000000
605.408020,150.000000,150.000000,2.640000,2.000000,2.000000,0.000000,4.490000,1.000000
605.413025,137.000000,137.000000,2.630000,4.000000,4.000000,0.000000,3.960000,1.000000
605.418030,76.000000,76.000000,2.820000,4.000000,4.000000,0.000000,3.960000,1.000000
605.422974,45.000000,45.000000,2.900000,4.000000,2.000000,0.000000,4.510000,1.000000
605.427979,77.000000,77.000000,2.990000,4.000000,2.000000,0.000000,4.510000,1.000000
605.432983,72.000000,72.000000,2.910000,4.000000,4.000000,0.000000,4.260000,1.000000
605.437988,60.000000,60.000000,3.050000,4.000000,4.000000,0.000000,4.260000,1.000000
605.442993,42.000000,42.000000,3.110000,2.000000,4.000000,0.000000,4.540000,1.000000
605.447998,52.000000,52.000000,3.250000,2.000000,4.000000,0.000000,4.540000,1.000000
605.453003,41.000000,41.000000,3.240000,4.000000,4.000000,0.000000,4.290000,1.000000
605.458008,25.000000,25.000000,3.380000,4.000000,4.000000,0.000000,4.290000,1.000000
605.463013,12.000000,12.000000,3.480000,2.000000,2.000000,0.000000,4.570000,1.000000
605.468018,23.000000,23.000000,3.580000,2.000000,2.000000,0.000000,4.570000,1.000000
605.473022,21.000000,21.000000,3.610000,4.000000,4.000000,0.000000,4.050000,1.000000
605.478027,-15.000000,-15.000000,3.720000,4.000000,4.000000,0.000000,4.050000,1.000000
605.482971,-23.000000,-23.000000,3.850000,2.000000,2.000000,0.000000,4.600000,1.000000
605.487976,8.000000,8.000000,3.920000,2.000000,2.000000,0.000000,4.600000,1.000000
605.492981,11.000000,11.000000,3.980000,0.000000,2.000000,0.000000,4.070000,1.000000
605.497986,-20.000000,-20.000000,3.950000,0.000000,2.000000,0.000000,4.070000,1.000000
605.502991,-8.000000,-8.000000,3.970000,0.000000,0.000000,0.000000,3.810000,1.000000
605.507996,-25.000000,-25.000000,4.010000,0.000000,0.000000,0.000000,3.810000,1.000000
605.513000,-27.000000,-27.000000,4.040000,0.000000,0.000000,0.000000,3.550000,1.000000
605.518005,-44.000000,-44.000000,3.970000,0.000000,0.000000,0.000000,3.550000,1.000000
605.523010,-32.000000,-32.000000,3.960000,0.000000,0.000000,0.000000,3.550000,1.000000
605.528015,-30.000000,-30.000000,3.900000,0.000000,0.000000,0.000000,3.550000,1.000000
605.533020,-25.000000,-25.000000,3.930000,-2.000000,0.000000,0.000000,3.550000,1.000000
605.538025,-30.000000,-30.000000,3.900000,-2.000000,0.000000,0.000000,3.550000,1.000000
605.543030,-33.000000,-33.000000,3.930000,-2.000000,-2.000000,0.000000,3.280000,1.000000
605.547974,-59.000000,-59.000000,3.890000,-2.000000,-2.000000,0.000000,3.280000,1.000000
605.552979,-55.000000,-55.000000,3.890000,-2.000000,0.000000,0.000000,3.000000,1.000000
605.557983,-76.000000,-76.000000,3.890000,-2.000000,0.000000,0.000000,3.000000,1.000000
605.562988,-81.000000,-81.000000,4.000000,0.000000,-2.000000,0.000000,3.260000,1.000000
605.567993,-73.000000,-73.000000,3.980000,0.000000,-2.000000,0.000000,3.260000,1.000000
605.572998,-67.000000,-67.000000,4.090000,-2.000000,-2.000000,0.000000,3.260000,1.000000
605.578003,-67.000000,-67.000000,4.020000,-2.000000,-2.000000,0.000000,3.260000,1.000000
605.583008,-53.000000,-53.000000,4.010000,-2.000000,-2.000000,0.000000,2.990000,1.000000
605.588013,-63.000000,-63.000000,3.910000,-2.000000,-2.000000,0.000000,2.990000,1.000000
605.593018,-49.000000,-49.000000,3.950000,-2.000000,-4.000000,0.000000,2.980000,1.000000
605.598022,-49.000000,-49.000000,3.870000,-2.000000,-4.000000,0.000000,2.980000,1.000000
605.603027,-40.000000,-40.000000,3.840000,-2.000000,-2.000000,0.000000,2.700000,1.000000
605.607971,-55.000000,-55.000000,3.740000,-2.000000,-2.000000,0.000000,2.700000,1.000000
605.612976,-45.000000,-45.000000,3.700000,-4.000000,-2.000000,0.000000,2.960000,1.000000
605.617981,-21.000000,-21.000000,3.570000,-4.000000,-2.000000,0.000000,2.960000,1.000000
605.622986,-11.000000,-11.000000,3.530000,-2.000000,-2.000000,0.000000,2.680000,1.000000
605.627991,-32.000000,-32.000000,3.450000,-2.000000,-2.000000,0.000000,2.680000,1.000000
605.632996,-32.000000,-32.000000,3.430000,-2.000000,-2.000000,0.000000,2.930000,1.000000
605.638000,-19.000000,-19.000000,3.410000,-2.000000,-2.000000,0.000000,2.930000,1.000000
605.643005,-23.000000,-23.000000,3.400000,-2.000000,-2.000000,0.000000,2.930000,1.000000
605.648010,-27.000000,-27.000000,3.390000,-2.000000,-2.000000,0.000000,2.930000,1.000000
605.653015,-27.000000,-27.000000,3.390000,-2.000000,-2.000000,0.000000,2.920000,1.000000
605.658020,-28.000000,-28.000000,3.360000,-2.000000,-2.000000,0.000000,2.920000,1.000000
605.663025,-26.000000,-26.000000,3.380000,-2.000000,0.000000,0.000000,2.910000,1.000000
605.668030,-31.000000,-31.000000,3.380000,-2.000000,0.000000,0.000000,2.910000,1.000000
605.672974,-33.000000,-33.000000,3.410000,0.000000,-2.000000,0.000000,3.170000,1.000000
605.677979,-15.000000,-15.000000,3.350000,0.000000,-2.000000,0.000000,3.170000,1.000000
605.682983,-7.000000,-7.000000,3.330000,0.000000,0.000000,0.000000,3.170000,1.000000
605.687988,-6.000000,-6.000000,3.350000,0.000000,0.000000,0.000000,3.170000,1.000000
605.692993,-12.000000,-12.000000,3.380000,0.000000,-2.000000,0.000000,3.430000,1.000000
605.697998,3.000000,3.000000,3.350000,0.000000,-2.000000,0.000000,3.430000,1.000000
605.703003,7.000000,7.000000,3.320000,0.000000,-2.000000,0.000000,3.160000,1.000000
605.708008,-10.000000,-10.000000,3.340000,0.000000,-2.000000,0.000000,3.160000,1.000000
605.713013,-16.000000,-16.000000,3.360000,0.000000,0.000000,0.000000,3.160000,1.000000
605.718018,-24.000000,-24.000000,3.410000,0.000000,0.000000,0.000000,3.160000,1.000000
605.723022,-31.000000,-31.000000,3.480000,0.000000,0.000000,0.000000,3.420000,1.000000
605.728027,-18.000000,-18.000000,3.490000,0.000000,0.000000,0.000000,3.420000,1.000000
605.732971,-16.000000,-16.000000,3.540000,0.000000,-2.000000,0.000000,3.420000,1.000000
605.737976,-15.000000,-15.000000,3.510000,0.000000,-2.000000,0.000000,3.420000,1.000000
605.742981,-9.000000,-9.000000,3.510000,0.000000,0.000000,0.000000,3.150000,1.000000
605.747986,-29.000000,-29.000000,3.560000,0.000000,0.000000,0.000000,3.150000,1.000000
605.752991,-36.000000,-36.000000,3.600000,-2.000000,0.000000,0.000000,3.420000,1.000000
605.757996,-18.000000,-18.000000,3.550000,-2.000000,0.000000,0.000000,3.420000,1.000000
605.763000,-9.000000,-9.000000,3.560000,0.000000,0.000000,0.000000,3.150000,1.000000
605.768005,-30.000000,-30.000000,3.600000,0.000000,0.000000,0.000000,3.150000,1.000000
605.773010,-35.000000,-35.000000,3.610000,0.000000,0.000000,0.000000,3.410000,1.000000
605.778015,-14.000000,-14.000000,3.570000,0.000000,0.000000,0.000000,3.410000,1.000000
605.783020,-5.000000,-5.000000,3.560000,0.000000,0.000000,0.000000,3.410000,1.000000
605.788025,-3.000000,-3.000000,3.580000,0.000000,0.000000,0.000000,3.410000,1.000000
605.793030,-7.000000,-7.000000,3.610000,0.000000,0.000000,0.000000,3.410000,1.000000
605.797974,-9.000000,-9.000000,3.570000,0.000000,0.000000,0.000000,3.410000,1.000000
605.802979,-1.000000,-1.000000,3.550000,0.000000,0.000000,0.000000,3.410000,1.000000
605.807983,1.000000,1.000000,3.560000,0.000000,0.000000,0.000000,3.410000,1.000000
605.812988,-1.000000,-1.000000,3.570000,0.000000,-2.000000,0.000000,3.410000,1.000000
605.817993,-1.000000,-1.000000,3.540000,0.000000,-2.000000,0.000000,3.410000,1.000000
605.822998,4.000000,4.000000,3.510000,0.000000,0.000000,0.000000,3.140000,1.000000
605.828003,-13.000000,-13.000000,3.520000,0.000000,0.000000,0.000000,3.140000,1.000000
605.833008,-14.000000,-14.000000,3.510000,0.000000,0.000000,0.000000,3.410000,1.000000
605.838013,7.000000,7.000000,3.480000,0.000000,0.000000,0.000000,3.410000,1.000000
605.843018,12.000000,12.000000,3.440000,0.000000,0.000000,0.000000,3.410000,1.000000
605.848022,16.000000,16.000000,3.440000,0.000000,0.000000,0.000000,3.410000,1.000000
605.853027,15.000000,15.000000,3.420000,0.000000,0.000000,0.000000,3.410000,1.000000
605.857971,17.000000,17.000000,3.390000,0.000000,0.000000,0.000000,3.410000,1.000000
605.862976,22.000000,22.000000,3.340000,0.000000,2.000000,0.000000,3.410000,1.000000
605.867981,27.000000,27.000000,3.350000,0.000000,2.000000,0.000000,3.410000,1.000000
605.872986,25.000000,25.000000,3.310000,2.000000,0.000000,0.000000,3.680000,1.000000
605.877991,49.000000,49.000000,3.270000,2.000000,0.000000,0.000000,3.680000,1.000000
605.882996,55.000000,55.000000,3.140000,0.000000,0.000000,0.000000,3.680000,1.000000
605.888000,66.000000,66.000000,3.230000,0.000000,0.000000,0.000000,3.680000,1.000000
605.893005,54.000000,54.000000,3.170000,2.000000,2.000000,0.000000,3.420000,1.000000
605.898010,39.000000,39.000000,3.120000,2.000000,2.000000,0.000000,3.420000,1.000000
605.903015,49.000000,49.000000,3.000000,0.000000,0.000000,0.000000,3.960000,1.000000
605.908020,99.000000,99.000000,3.040000,0.000000,0.000000,0.000000,3.960000,1.000000
605.913025,91.000000,91.000000,3.020000,2.000000,2.000000,0.000000,3.430000,1.000000
605.918030,52.000000,52.000000,2.930000,2.000000,2.000000,0.000000,3.430000,1.000000
605.922974,64.000000,64.000000,2.770000,2.000000,2.000000,0.000000,3.970000,1.000000
605.927979,115.000000,115.000000,2.840000,2.000000,2.000000,0.000000,3.970000,1.000000
605.932983,99.000000,99.000000,2.760000,2.000000,2.000000,0.000000,3.980000,1.000000
605.937988,98.000000,98.000000,2.810000,2.000000,2.000000,0.000000,3.980000,1.000000
605.942993,89.000000,89.000000,2.830000,0.000000,2.000000,0.000000,3.980000,1.000000
605.947998,81.000000,81.000000,2.840000,0.000000,2.000000,0.000000,3.980000,1.000000
605.953003,74.000000,74.000000,2.740000,4.000000,4.000000,0.000000,3.720000,1.000000
605.958008,51.000000,51.000000,2.960000,4.000000,4.000000,0.000000,3.720000,1.000000
605.963013,19.000000,19.000000,3.000000,2.000000,4.000000,0.000000,4.540000,1.000000
605.968018,70.000000,70.000000,3.130000,2.000000,4.000000,0.000000,4.540000,1.000000
605.973022,59.000000,59.000000,3.130000,4.000000,4.000000,0.000000,4.280000,1.000000
605.978027,42.000000,42.000000,3.230000,4.000000,4.000000,0.000000,4.280000,1.000000
605.982971,32.000000,32.000000,3.320000,4.000000,2.000000,0.000000,4.570000,1.000000
605.987976,45.000000,45.000000,3.390000,4.000000,2.000000,0.000000,4.570000,1.000000
605.992981,41.000000,41.000000,3.400000,4.000000,4.000000,0.000000,4.310000,1.000000
605.997986,22.000000,22.000000,3.520000,4.000000,4.000000,0.000000,4.310000,1.000000
606.002991,11.000000,11.000000,3.600000,2.000000,2.000000,0.000000,4.600000,1.000000
606.007996,28.000000,28.000000,3.660000,2.000000,2.000000,0.000000,4.600000,1.000000
606.013000,29.000000,29.000000,3.670000,2.000000,2.000000,0.000000,4.070000,1.000000
606.018005,-8.000000,-8.000000,3.770000,2.000000,2.000000,0.000000,4.070000,1.000000
606.023010,-17.000000,-17.000000,3.900000,2.000000,2.000000,0.000000,4.080000,1.000000
606.028015,-28.000000,-28.000000,3.950000,2.000000,2.000000,0.000000,4.080000,1.000000
606.033020,-23.000000,-23.000000,3.960000,0.000000,2.000000,0.000000,4.090000,1.000000
606.038025,-12.000000,-12.000000,3.940000,0.000000,2.000000,0.000000,4.090000,1.000000
606.043030,-4.000000,-4.000000,3.990000,2.000000,2.000000,0.000000,3.830000,1.000000
606.047974,-27.000000,-27.000000,4.030000,2.000000,2.000000,0.000000,3.830000,1.000000
606.052979,-29.000000,-29.000000,4.030000,0.000000,0.000000,0.000000,4.100000,1.000000
606.057983,-3.000000,-3.000000,3.970000,0.000000,0.000000,0.000000,4.100000,1.000000
606.062988,7.000000,7.000000,3.950000,0.000000,0.000000,0.000000,3.570000,1.000000
606.067993,-33.000000,-33.000000,3.980000,0.000000,0.000000,0.000000,3.570000,1.000000
606.072998,-40.000000,-40.000000,4.000000,0.000000,0.000000,0.000000,3.570000,1.000000
606.078003,-45.000000,-45.000000,4.000000,0.000000,0.000000,0.000000,3.570000,1.000000
606.083008,-45.000000,-45.000000,4.040000,0.000000,0.000000,0.000000,3.570000,1.000000
606.088013,-49.000000,-49.000000,3.970000,0.000000,0.000000,0.000000,3.570000,1.000000
606.093018,-41.000000,-41.000000,4.040000,0.000000,-2.000000,0.000000,3.570000,1.000000
606.098022,-49.000000,-49.000000,4.040000,0.000000,-2.000000,0.000000,3.570000,1.000000
606.103027,-56.000000,-56.000000,4.100000,0.000000,-2.000000,0.000000,3.300000,1.000000
606.107971,-82.000000,-82.000000,4.050000,0.000000,-2.000000,0.000000,3.300000,1.000000
606.112976,-74.000000,-74.000000,4.080000,0.000000,-2.000000,0.000000,3.300000,1.000000
606.117981,-77.000000,-77.000000,4.100000,0.000000,-2.000000,0.000000,3.300000,1.000000
606.122986,-85.000000,-85.000000,4.260000,-2.000000,0.000000,0.000000,3.290000,1.000000
606.127991,-101.000000,-101.000000,4.300000,-2.000000,0.000000,0.000000,3.290000,1.000000
606.132996,-97.000000,-97.000000,4.370000,-2.000000,-4.000000,0.000000,3.290000,1.000000
606.138000,-89.000000,-89.000000,4.300000,-2.000000,-4.000000,0.000000,3.290000,1.000000
606.143005,-72.000000,-72.000000,4.350000,-2.000000,-2.000000,0.000000,2.750000,1.000000
606.148010,-108.000000,-108.000000,4.230000,-2.000000,-2.000000,0.000000,2.750000,1.000000
606.153015,-89.000000,-89.000000,4.240000,-4.000000,-4.000000,0.000000,3.000000,1.000000
606.158020,-60.000000,-60.000000,4.060000,-4.000000,-4.000000,0.000000,3.000000,1.000000
606.163025,-38.000000,-38.000000,4.030000,-4.000000,-2.000000,0.000000,2.450000,1.000000
606.168030,-73.000000,-73.000000,3.870000,-4.000000,-2.000000,0.000000,2.450000,1.000000
606.172974,-61.000000,-61.000000,3.810000,-4.000000,-4.000000,0.000000,2.710000,1.000000
606.177979,-42.000000,-42.000000,3.730000,-4.000000,-4.000000,0.000000,2.710000,1.000000
606.182983,-42.000000,-42.000000,3.740000,-2.000000,-2.000000,0.000000,2.420000,1.000000
606.187988,-69.000000,-69.000000,3.680000,-2.000000,-2.000000,0.000000,2.420000,1.000000
606.192993,-62.000000,-62.000000,3.630000,-2.000000,-2.000000,0.000000,2.950000,1.000000
606.197998,-13.000000,-13.000000,3.500000,-2.000000,-2.000000,0.000000,2.950000,1.000000
606.203003,-1.000000,-1.000000,3.420000,-2.000000,-2.000000,0.000000,2.940000,1.000000
606.208008,1.000000,1.000000,3.370000,-2.000000,-2.000000,0.000000,2.940000,1.000000
606.213013,-2.000000,-2.000000,3.350000,-2.000000,-4.000000,0.000000,2.930000,1.000000
606.218018,-9.000000,-9.000000,3.340000,-2.000000,-4.000000,0.000000,2.930000,1.000000
606.223022,-13.000000,-13.000000,3.320000,-2.000000,-2.000000,0.000000,2.650000,1.000000
606.228027,-35.000000,-35.000000,3.290000,-2.000000,-2.000000,0.000000,2.650000,1.000000
606.232971,-34.000000,-34.000000,3.280000,0.000000,-2.000000,0.000000,2.910000,1.000000
606.237976,-17.000000,-17.000000,3.270000,0.000000,-2.000000,0.000000,2.910000,1.000000
606.242981,-18.000000,-18.000000,3.300000,0.000000,0.000000,0.000000,3.170000,1.000000
606.247986,-4.000000,-4.000000,3.300000,0.000000,0.000000,0.000000,3.170000,1.000000
606.252991,-5.000000,-5.000000,3.310000,0.000000,0.000000,0.000000,3.440000,1.000000
606.257996,16.000000,16.000000,3.260000,0.000000,0.000000,0.000000,3.440000,1.000000
606.263000,22.000000,22.000000,3.190000,0.000000,0.000000,0.000000,3.440000,1.000000
606.268005,26.000000,26.000000,3.250000,0.000000,0.000000,0.000000,3.440000,1.000000
606.273010,14.000000,14.000000,3.270000,0.000000,0.000000,0.000000,3.440000,1.000000
606.278015,5.000000,5.000000,3.330000,0.000000,0.000000,0.000000,3.440000,1.000000
606.283020,0.000000,0.000000,3.360000,0.000000,0.000000,0.000000,3.440000,1.000000
606.288025,0.000000,0.000000,3.360000,0.000000,0.000000,0.000000,3.440000,1.000000
606.293030,4.000000,4.000000,3.370000,0.000000,0.000000,0.000000,3.440000,1.000000
606.297974,4.000000,4.000000,3.410000,0.000000,0.000000,0.000000,3.440000,1.000000
606.302979,2.000000,2.000000,3.410000,0.000000,0.000000,0.000000,3.440000,1.000000
606.307983,3.000000,3.000000,3.420000,0.000000,0.000000,0.000000,3.440000,1.000000
606.312988,6.000000,6.000000,3.420000,0.000000,0.000000,0.000000,3.440000,1.000000
606.317993,9.000000,9.000000,3.420000,0.000000,0.000000,0.000000,3.440000,1.000000
606.322998,11.000000,11.000000,3.400000,0.000000,0.000000,0.000000,3.440000,1.000000
606.328003,13.000000,13.000000,3.420000,0.000000,0.000000,0.000000,3.440000,1.000000
606.333008,13.000000,13.000000,3.400000,0.000000,0.000000,0.000000,3.440000,1.000000
606.338013,17.000000,17.000000,3.370000,0.000000,0.000000,0.000000,3.440000,1.000000
606.343018,22.000000,22.000000,3.330000,0.000000,0.000000,0.000000,3.440000,1.000000
606.348022,26.000000,26.000000,3.360000,0.000000,0.000000,0.000000,3.440000,1.000000
606.353027,23.000000,23.000000,3.330000,0.000000,0.000000,0.000000,3.440000,1.000000
606.357971,28.000000,28.000000,3.290000,0.000000,0.000000,0.000000,3.440000,1.000000
606.362976,35.000000,35.000000,3.200000,0.000000,0.000000,0.000000,3.440000,1.000000
606.367981,43.000000,43.000000,3.250000,0.000000,0.000000,0.000000,3.440000,1.000000
606.372986,37.000000,37.000000,3.210000,2.000000,0.000000,0.000000,3.440000,1.000000
606.377991,42.000000,42.000000,3.160000,2.000000,0.000000,0.000000,3.440000,1.000000
606.382996,50.000000,50.000000,3.050000,2.000000,0.000000,0.000000,3.710000,1.000000
606.388000,81.000000,81.000000,3.090000,2.000000,0.000000,0.000000,3.710000,1.000000
606.393005,73.000000,73.000000,3.050000,0.000000,0.000000,0.000000,3.710000,1.000000
606.398010,77.000000,77.000000,3.000000,0.000000,0.000000,0.000000,3.710000,1.000000
606.403015,87.000000,87.000000,2.860000,2.000000,0.000000,0.000000,3.440000,1.000000
606.408020,80.000000,80.000000,2.900000,2.000000,0.000000,0.000000,3.440000,1.000000
606.413025,70.000000,70.000000,2.720000,4.000000,2.000000,0.000000,3.710000,1.000000
606.418030,99.000000,99.000000,2.780000,4.000000,2.000000,0.000000,3.710000,1.000000
606.422974,81.000000,81.000000,2.800000,2.000000,2.000000,0.000000,4.260000,1.000000
606.427979,108.000000,108.000000,2.810000,2.000000,2.000000,0.000000,4.260000,1.000000
606.432983,100.000000,100.000000,2.750000,2.000000,4.000000,0.000000,4.000000,1.000000
606.437988,75.000000,75.000000,2.910000,2.000000,4.000000,0.000000,4.000000,1.000000
606.442993,51.000000,51.000000,2.970000,2.000000,4.000000,0.000000,4.280000,1.000000
606.447998,62.000000,62.000000,3.070000,2.000000,4.000000,0.000000,4.280000,1.000000
606.453003,55.000000,55.000000,3.030000,4.000000,4.000000,0.000000,4.290000,1.000000
606.458008,57.000000,57.000000,3.190000,4.000000,4.000000,0.000000,4.290000,1.000000
606.463013,36.000000,36.000000,3.220000,2.000000,4.000000,0.000000,4.580000,1.000000
606.468018,50.000000,50.000000,3.330000,2.000000,4.000000,0.000000,4.580000,1.000000
606.473022,44.000000,44.000000,3.290000,4.000000,4.000000,0.000000,4.320000,1.000000
606.478027,29.000000,29.000000,3.410000,4.000000,4.000000,0.000000,4.320000,1.000000
606.482971,17.000000,17.000000,3.490000,4.000000,4.000000,0.000000,4.610000,1.000000
606.487976,29.000000,29.000000,3.630000,4.000000,4.000000,0.000000,4.610000,1.000000
606.492981,23.000000,23.000000,3.620000,4.000000,4.000000,0.000000,4.620000,1.000000
606.497986,33.000000,33.000000,3.670000,4.000000,4.000000,0.000000,4.620000,1.000000
606.502991,31.000000,31.000000,3.710000,2.000000,2.000000,0.000000,4.640000,1.000000
606.507996,27.000000,27.000000,3.800000,2.000000,2.000000,0.000000,4.640000,1.000000
606.513000,20.000000,20.000000,3.830000,2.000000,2.000000,0.000000,4.120000,1.000000
606.518005,-21.000000,-21.000000,3.930000,2.000000,2.000000,0.000000,4.120000,1.000000
606.523010,-28.000000,-28.000000,4.060000,2.000000,2.000000,0.000000,4.130000,1.000000
606.528015,-35.000000,-35.000000,4.070000,2.000000,2.000000,0.000000,4.130000,1.000000
606.533020,-26.000000,-26.000000,4.110000,2.000000,0.000000,0.000000,4.130000,1.000000
606.538025,-17.000000,-17.000000,4.080000,2.000000,0.000000,0.000000,4.130000,1.000000
606.543030,-8.000000,-8.000000,4.080000,0.000000,0.000000,0.000000,3.870000,1.000000
606.547974,-25.000000,-25.000000,4.120000,0.000000,0.000000,0.000000,3.870000,1.000000
606.552979,-27.000000,-27.000000,4.130000,0.000000,0.000000,0.000000,3.610000,1.000000
606.557983,-43.000000,-43.000000,4.050000,0.000000,0.000000,0.000000,3.610000,1.000000
606.562988,-32.000000,-32.000000,4.050000,0.000000,0.000000,0.000000,3.610000,1.000000
606.567993,-33.000000,-33.000000,3.980000,0.000000,0.000000,0.000000,3.610000,1.000000
606.572998,-29.000000,-29.000000,4.000000,0.000000,-2.000000,0.000000,3.610000,1.000000
606.578003,-34.000000,-34.000000,4.020000,0.000000,-2.000000,0.000000,3.610000,1.000000
606.583008,-40.000000,-40.000000,4.070000,-2.000000,-2.000000,0.000000,3.340000,1.000000
606.588013,-66.000000,-66.000000,4.010000,-2.000000,-2.000000,0.000000,3.340000,1.000000
606.593018,-60.000000,-60.000000,4.020000,-2.000000,-2.000000,0.000000,3.060000,1.000000
606.598022,-84.000000,-84.000000,4.020000,-2.000000,-2.000000,0.000000,3.060000,1.000000
606.603027,-89.000000,-89.000000,4.120000,-2.000000,-2.000000,0.000000,3.050000,1.000000
606.607971,-100.000000,-100.000000,4.120000,-2.000000,-2.000000,0.000000,3.050000,1.000000
606.612976,-94.000000,-94.000000,4.210000,-2.000000,-2.000000,0.000000,3.050000,1.000000
606.617981,-93.000000,-93.000000,4.120000,-2.000000,-2.000000,0.000000,3.050000,1.000000
606.622986,-71.000000,-71.000000,4.110000,-2.000000,-2.000000,0.000000,3.040000,1.000000
606.627991,-63.000000,-63.000000,3.990000,-2.000000,-2.000000,0.000000,3.040000,1.000000
606.632996,-49.000000,-49.000000,4.020000,-4.000000,-2.000000,0.000000,3.030000,1.000000
606.638000,-45.000000,-45.000000,3.870000,-4.000000,-2.000000,0.000000,3.030000,1.000000
606.643005,-26.000000,-26.000000,3.820000,-4.000000,-4.000000,0.000000,2.750000,1.000000
606.648010,-35.000000,-35.000000,3.670000,-4.000000,-4.000000,0.000000,2.750000,1.000000
606.653015,-21.000000,-21.000000,3.580000,-4.000000,-4.000000,0.000000,2.470000,1.000000
606.658020,-38.000000,-38.000000,3.480000,-4.000000,-4.000000,0.000000,2.470000,1.000000
606.663025,-35.000000,-35.000000,3.430000,-4.000000,-2.000000,0.000000,2.450000,1.000000
606.668030,-39.000000,-39.000000,3.350000,-4.000000,-2.000000,0.000000,2.450000,1.000000
606.672974,-37.000000,-37.000000,3.370000,-4.000000,-2.000000,0.000000,2.700000,1.000000
606.677979,-22.000000,-22.000000,3.270000,-4.000000,-2.000000,0.000000,2.700000,1.000000
606.682983,-15.000000,-15.000000,3.230000,-2.000000,-4.000000,0.000000,2.690000,1.000000
606.687988,-14.000000,-14.000000,3.180000,-2.000000,-4.000000,0.000000,2.690000,1.000000
606.692993,-14.000000,-14.000000,3.180000,-2.000000,-2.000000,0.000000,2.680000,1.000000
606.697998,-20.000000,-20.000000,3.130000,-2.000000,-2.000000,0.000000,2.680000,1.000000
606.703003,-19.000000,-19.000000,3.120000,-2.000000,-2.000000,0.000000,2.930000,1.000000
606.708008,0.000000,0.000000,3.090000,-2.000000,-2.000000,0.000000,2.930000,1.000000
606.713013,0.000000,0.000000,3.120000,-2.000000,-2.000000,0.000000,2.930000,1.000000
606.718018,-5.000000,-5.000000,3.090000,-2.000000,-2.000000,0.000000,2.930000,1.000000
606.723022,-2.000000,-2.000000,3.070000,0.000000,-2.000000,0.000000,2.920000,1.000000
606.728027,-1.000000,-1.000000,3.060000,0.000000,-2.000000,0.000000,2.920000,1.000000
606.732971,-3.000000,-3.000000,3.060000,0.000000,0.000000,0.000000,3.180000,1.000000
606.737976,13.000000,13.000000,3.060000,0.000000,0.000000,0.000000,3.180000,1.000000
606.742981,10.000000,10.000000,3.040000,0.000000,0.000000,0.000000,3.440000,1.000000
606.747986,30.000000,30.000000,3.050000,0.000000,0.000000,0.000000,3.440000,1.000000
606.752991,25.000000,25.000000,3.070000,-2.000000,-2.000000,0.000000,3.440000,1.000000
606.757996,18.000000,18.000000,3.130000,-2.000000,-2.000000,0.000000,3.440000,1.000000
606.763000,8.000000,8.000000,3.160000,0.000000,0.000000,0.000000,2.900000,1.000000
606.768005,-36.000000,-36.000000,3.240000,0.000000,0.000000,0.000000,2.900000,1.000000
606.773010,-41.000000,-41.000000,3.250000,2.000000,2.000000,0.000000,3.440000,1.000000
606.778015,-1.000000,-1.000000,3.290000,2.000000,2.000000,0.000000,3.440000,1.000000
606.783020,-1.000000,-1.000000,3.330000,0.000000,0.000000,0.000000,3.980000,1.000000
606.788025,37.000000,37.000000,3.340000,0.000000,0.000000,0.000000,3.980000,1.000000
606.793030,38.000000,38.000000,3.380000,0.000000,0.000000,0.000000,3.440000,1.000000
606.797974,-3.000000,-3.000000,3.410000,0.000000,0.000000,0.000000,3.440000,1.000000
606.802979,-2.000000,-2.000000,3.420000,0.000000,0.000000,0.000000,3.440000,1.000000
606.807983,-1.000000,-1.000000,3.430000,0.000000,0.000000,0.000000,3.440000,1.000000
606.812988,0.000000,0.000000,3.450000,0.000000,0.000000,0.000000,3.440000,1.000000
606.817993,-1.000000,-1.000000,3.460000,0.000000,0.000000,0.000000,3.440000,1.000000
606.822998,0.000000,0.000000,3.460000,0.000000,0.000000,0.000000,3.440000,1.000000
606.828003,2.000000,2.000000,3.470000,0.000000,0.000000,0.000000,3.440000,1.000000
606.833008,3.000000,3.000000,3.470000,0.000000,0.000000,0.000000,3.440000,1.000000
606.838013,4.000000,4.000000,3.470000,0.000000,0.000000,0.000000,3.440000,1.000000
606.843018,6.000000,6.000000,3.460000,0.000000,0.000000,0.000000,3.440000,1.000000
606.848022,9.000000,9.000000,3.460000,0.000000,0.000000,0.000000,3.440000,1.000000
606.853027,10.000000,10.000000,3.450000,0.000000,0.000000,0.000000,3.440000,1.000000
606.857971,12.000000,12.000000,3.440000,0.000000,0.000000,0.000000,3.440000,1.000000
606.862976,14.000000,14.000000,3.400000,0.000000,0.000000,0.000000,3.440000,1.000000
606.867981,18.000000,18.000000,3.410000,0.000000,0.000000,0.000000,3.440000,1.000000
606.872986,17.000000,17.000000,3.380000,0.000000,2.000000,0.000000,3.440000,1.000000
606.877991,21.000000,21.000000,3.360000,0.000000,2.000000,0.000000,3.440000,1.000000
606.882996,26.000000,26.000000,3.300000,0.000000,0.000000,0.000000,3.710000,1.000000
606.888000,50.000000,50.000000,3.330000,0.000000,0.000000,0.000000,3.710000,1.000000
606.893005,47.000000,47.000000,3.290000,0.000000,0.000000,0.000000,3.450000,1.000000
606.898010,32.000000,32.000000,3.250000,0.000000,0.000000,0.000000,3.450000,1.000000
606.903015,38.000000,38.000000,3.180000,0.000000,2.000000,0.000000,3.450000,1.000000
606.908020,44.000000,44.000000,3.220000,0.000000,2.000000,0.000000,3.450000,1.000000
606.913025,37.000000,37.000000,3.170000,0.000000,0.000000,0.000000,3.720000,1.000000
606.918030,62.000000,62.000000,3.120000,0.000000,0.000000,0.000000,3.720000,1.000000
606.922974,72.000000,72.000000,2.950000,2.000000,0.000000,0.000000,3.450000,1.000000
606.927979,65.000000,65.000000,3.060000,2.000000,0.000000,0.000000,3.450000,1.000000
606.932983,50.000000,50.000000,2.940000,2.000000,2.000000,0.000000,3.720000,1.000000
606.937988,78.000000,78.000000,2.900000,2.000000,2.000000,0.000000,3.720000,1.000000
606.942993,82.000000,82.000000,2.810000,0.000000,2.000000,0.000000,4.000000,1.000000
606.947998,105.000000,105.000000,2.780000,0.000000,2.000000,0.000000,4.000000,1.000000
606.953003,97.000000,97.000000,2.740000,4.000000,2.000000,0.000000,3.740000,1.000000
606.958008,68.000000,68.000000,2.890000,4.000000,2.000000,0.000000,3.740000,1.000000
606.963013,43.000000,43.000000,2.890000,2.000000,2.000000,0.000000,4.280000,1.000000
606.968018,79.000000,79.000000,2.920000,2.000000,2.000000,0.000000,4.280000,1.000000
606.973022,76.000000,76.000000,2.860000,4.000000,2.000000,0.000000,4.020000,1.000000
606.978027,57.000000,57.000000,3.030000,4.000000,2.000000,0.000000,4.020000,1.000000
606.982971,34.000000,34.000000,3.090000,4.000000,2.000000,0.000000,4.300000,1.000000
606.987976,46.000000,46.000000,3.170000,4.000000,2.000000,0.000000,4.300000,1.000000
606.992981,41.000000,41.000000,3.160000,4.000000,4.000000,0.000000,4.310000,1.000000
606.997986,42.000000,42.000000,3.320000,4.000000,4.000000,0.000000,4.310000,1.000000
607.002991,24.000000,24.000000,3.420000,4.000000,2.000000,0.000000,4.600000,1.000000
607.007996,35.000000,35.000000,3.510000,4.000000,2.000000,0.000000,4.600000,1.000000
607.013000,31.000000,31.000000,3.510000,4.000000,4.000000,0.000000,4.340000,1.000000
607.018005,15.000000,15.000000,3.640000,4.000000,4.000000,0.000000,4.340000,1.000000
607.023010,3.000000,3.000000,3.750000,2.000000,4.000000,0.000000,4.630000,1.000000
607.028015,15.000000,15.000000,3.830000,2.000000,4.000000,0.000000,4.630000,1.000000
607.033020,14.000000,14.000000,3.870000,2.000000,2.000000,0.000000,4.370000,1.000000
607.038025,-2.000000,-2.000000,3.930000,2.000000,2.000000,0.000000,4.370000,1.000000
607.043030,-6.000000,-6.000000,4.030000,2.000000,2.000000,0.000000,4.120000,1.000000
607.047974,-32.000000,-32.000000,4.100000,2.000000,2.000000,0.000000,4.120000,1.000000
607.052979,-31.000000,-31.000000,4.110000,2.000000,2.000000,0.000000,4.130000,1.000000
607.057983,-22.000000,-22.000000,4.100000,2.000000,2.000000,0.000000,4.130000,1.000000
607.062988,-16.000000,-16.000000,4.190000,2.000000,2.000000,0.000000,4.130000,1.000000
607.067993,-23.000000,-23.000000,4.190000,2.000000,2.000000,0.000000,4.130000,1.000000
607.072998,-19.000000,-19.000000,4.200000,0.000000,0.000000,0.000000,4.140000,1.000000
607.078003,-13.000000,-13.000000,4.170000,0.000000,0.000000,0.000000,4.140000,1.000000
607.083008,-7.000000,-7.000000,4.150000,-2.000000,0.000000,0.000000,3.610000,1.000000
607.088013,-46.000000,-46.000000,4.150000,-2.000000,0.000000,0.000000,3.610000,1.000000
607.093018,-49.000000,-49.000000,4.170000,0.000000,0.000000,0.000000,3.340000,1.000000
607.098022,-75.000000,-75.000000,4.170000,0.000000,0.000000,0.000000,3.340000,1.000000
607.103027,-78.000000,-78.000000,4.240000,0.000000,0.000000,0.000000,3.610000,1.000000
607.107971,-64.000000,-64.000000,4.130000,0.000000,0.000000,0.000000,3.610000,1.000000
607.112976,-50.000000,-50.000000,4.210000,-2.000000,-2.000000,0.000000,3.610000,1.000000
607.117981,-58.000000,-58.000000,4.190000,-2.000000,-2.000000,0.000000,3.610000,1.000000
607.122986,-63.000000,-63.000000,4.270000,-2.000000,-2.000000,0.000000,3.070000,1.000000
607.127991,-113.000000,-113.000000,4.290000,-2.000000,-2.000000,0.000000,3.070000,1.000000
607.132996,-110.000000,-110.000000,4.290000,-2.000000,-2.000000,0.000000,3.060000,1.000000
607.138000,-106.000000,-106.000000,4.290000,-2.000000,-2.000000,0.000000,3.060000,1.000000
607.143005,-102.000000,-102.000000,4.310000,-2.000000,-2.000000,0.000000,3.050000,1.000000
607.148010,-98.000000,-98.000000,4.330000,-2.000000,-2.000000,0.000000,3.050000,1.000000
607.153015,-90.000000,-90.000000,4.400000,-4.000000,-4.000000,0.000000,3.040000,1.000000
607.158020,-79.000000,-79.000000,4.170000,-4.000000,-4.000000,0.000000,3.040000,1.000000
607.163025,-39.000000,-39.000000,4.130000,-2.000000,-4.000000,0.000000,2.490000,1.000000
607.168030,-68.000000,-68.000000,3.900000,-2.000000,-4.000000,0.000000,2.490000,1.000000
607.172974,-47.000000,-47.000000,3.830000,-4.000000,-6.000000,0.000000,2.750000,1.000000
607.177979,-23.000000,-23.000000,3.690000,-4.000000,-6.000000,0.000000,2.750000,1.000000
607.182983,-17.000000,-17.000000,3.620000,-4.000000,-2.000000,0.000000,2.190000,1.000000
607.187988,-58.000000,-58.000000,3.550000,-4.000000,-2.000000,0.000000,2.190000,1.000000
607.192993,-59.000000,-59.000000,3.480000,-2.000000,-4.000000,0.000000,2.710000,1.000000
607.197998,-17.000000,-17.000000,3.360000,-2.000000,-4.000000,0.000000,2.710000,1.000000
607.203003,-8.000000,-8.000000,3.320000,-2.000000,-2.000000,0.000000,2.700000,1.000000
607.208008,-9.000000,-9.000000,3.240000,-2.000000,-2.000000,0.000000,2.700000,1.000000
607.213013,-10.000000,-10.000000,3.230000,-2.000000,-2.000000,0.000000,2.960000,1.000000
607.218018,5.000000,5.000000,3.190000,-2.000000,-2.000000,20.000000,2.960000,1.000000
607.223022,5.000000,5.000000,3.130000,-2.000000,-2.000000,20.000000,2.950000,1.000000
607.228027,3.000000,3.000000,3.110000,-2.000000,-2.000000,20.000000,2.950000,1.000000
607.232971,3.000000,3.000000,3.100000,-2.000000,0.000000,20.000000,-2.460000,1.000000
607.237976,-418.000000,-418.000000,3.130000,-2.000000,0.000000,20.000000,-2.460000,1.000000
607.242981,-410.000000,-410.000000,3.140000,-2.000000,0.000000,20.000000,-2.290000,1.000000
607.247986,-411.000000,-411.000000,3.130000,-2.000000,0.000000,20.000000,-2.290000,1.000000
607.252991,-422.000000,-422.000000,3.140000,0.000000,0.000000,20.000000,-2.380000,1.000000
607.257996,-431.000000,-431.000000,3.200000,0.000000,0.000000,20.000000,-2.380000,1.000000
607.263000,-432.000000,-432.000000,3.360000,0.000000,0.000000,20.000000,-2.200000,1.000000
607.268005,-451.000000,-451.000000,3.710000,0.000000,0.000000,20.000000,-2.200000,1.000000
607.273010,-421.000000,-421.000000,3.790000,-4.000000,-6.000000,20.000000,-2.280000,1.000000
607.278015,-309.000000,-309.000000,3.510000,-4.000000,-6.000000,20.000000,-2.280000,1.000000
607.283020,-297.000000,-297.000000,3.000000,-8.000000,-8.000000,20.000000,-3.720000,1.000000
607.288025,-248.000000,-248.000000,2.750000,-8.000000,-8.000000,20.000000,-3.720000,1.000000
607.293030,-250.000000,-250.000000,2.220000,-10.000000,-12.000000,20.000000,-4.640000,1.000000
607.297974,-192.000000,-192.000000,1.770000,-10.000000,-12.000000,20.000000,-4.640000,1.000000
607.302979,-198.000000,-198.000000,1.240000,-14.000000,-14.000000,20.000000,-5.570000,1.000000
607.307983,-154.000000,-154.000000,0.900000,-14.000000,-14.000000,20.000000,-5.570000,1.000000
607.312988,-168.000000,-168.000000,0.440000,-16.000000,-16.000000,20.000000,-6.510000,1.000000
607.317993,-62.000000,-62.000000,-0.430000,-16.000000,-16.000000,20.000000,-6.510000,1.000000
607.322998,-55.000000,-55.000000,-0.950000,-14.000000,-14.000000,20.000000,-7.200000,1.000000
607.328003,11.000000,11.000000,-1.710000,-14.000000,-14.000000,20.000000,-7.200000,1.000000
607.333008,97.000000,97.000000,-2.330000,-16.000000,-14.000000,20.000000,-6.810000,1.000000
607.338013,164.000000,164.000000,-3.220000,-16.000000,-14.000000,20.000000,-6.810000,1.000000
607.343018,187.000000,187.000000,-4.070000,-12.000000,-12.000000,20.000000,-7.230000,1.000000
607.348022,203.000000,203.000000,-4.660000,-12.000000,-12.000000,20.000000,-7.230000,1.000000
607.353027,274.000000,274.000000,-5.390000,-8.000000,-8.000000,20.000000,-6.570000,1.000000
607.357971,277.000000,277.000000,-5.840000,-8.000000,-8.000000,20.000000,-6.570000,1.000000
607.362976,277.000000,277.000000,-6.350000,-8.000000,-8.000000,20.000000,-5.630000,1.000000
607.367981,348.000000,348.000000,-7.070000,-8.000000,-8.000000,20.000000,-5.630000,1.000000
607.372986,371.000000,371.000000,-7.350000,-2.000000,-2.000000,20.000000,-5.750000,1.000000
607.377991,338.000000,338.000000,-7.520000,-2.000000,-2.000000,20.000000,-5.750000,1.000000
607.382996,295.000000,295.000000,-7.750000,0.000000,0.000000,20.000000,-4.250000,1.000000
607.388000,387.000000,387.000000,-8.060000,0.000000,0.000000,20.000000,-4.250000,1.000000
607.393005,399.000000,399.000000,-8.470000,6.000000,4.000000,20.000000,-3.800000,1.000000
607.398010,441.000000,441.000000,-8.420000,6.000000,4.000000,20.000000,-3.800000,1.000000
607.403015,386.000000,386.000000,-8.220000,6.000000,6.000000,20.000000,-2.540000,1.000000
607.408020,419.000000,419.000000,-8.280000,6.000000,6.000000,20.000000,-2.540000,1.000000
607.413025,413.000000,413.000000,-8.380000,10.000000,8.000000,20.000000,-2.330000,1.000000
607.418030,427.000000,427.000000,-8.440000,10.000000,8.000000,20.000000,-2.330000,1.000000
607.422974,409.000000,409.000000,-7.980000,12.000000,12.000000,20.000000,-1.580000,1.000000
607.427979,383.000000,383.000000,-7.850000,12.000000,12.000000,20.000000,-1.580000,1.000000
607.432983,349.000000,349.000000,-7.870000,16.000000,14.000000,20.000000,-0.820000,1.000000
607.437988,398.000000,398.000000,-7.540000,16.000000,14.000000,20.000000,-0.820000,1.000000
607.442993,345.000000,345.000000,-7.040000,18.000000,14.000000,20.000000,-0.040000,1.000000
607.447998,335.000000,335.000000,-6.820000,18.000000,14.000000,20.000000,-0.040000,1.000000
607.453003,315.000000,315.000000,-6.630000,20.000000,18.000000,20.000000,0.210000,1.000000
607.458008,317.000000,317.000000,-6.290000,20.000000,18.000000,20.000000,0.210000,1.000000
607.463013,271.000000,271.000000,-5.680000,20.000000,18.000000,20.000000,1.000000,1.000000
607.468018,254.000000,254.000000,-5.340000,20.000000,18.000000,20.000000,1.000000,1.000000
607.473022,224.000000,224.000000,-4.780000,22.000000,20.000000,20.000000,0.990000,1.000000
607.478027,180.000000,180.000000,-4.380000,22.000000,20.000000,20.000000,0.990000,1.000000
607.482971,155.000000,155.000000,-3.960000,20.000000,18.000000,20.000000,1.530000,1.000000
607.487976,169.000000,169.000000,-3.540000,20.000000,18.000000,20.000000,1.530000,1.000000
607.492981,143.000000,143.000000,-3.200000,20.000000,18.000000,20.000000,0.990000,1.000000
607.497986,81.000000,81.000000,-2.610000,20.000000,18.000000,20.000000,0.990000,1.000000
607.502991,45.000000,45.000000,-2.280000,16.000000,18.000000,20.000000,0.990000,1.000000
607.507996,36.000000,36.000000,-1.800000,16.000000,18.000000,20.000000,0.990000,1.000000
607.513000,20.000000,20.000000,-1.540000,18.000000,16.000000,20.000000,0.450000,1.000000
607.518005,-14.000000,-14.000000,-1.280000,18.000000,16.000000,20.000000,0.450000,1.000000
607.523010,-7.000000,-7.000000,-1.000000,14.000000,14.000000,20.000000,0.430000,1.000000
607.528015,-6.000000,-6.000000,-0.840000,14.000000,14.000000,20.000000,0.430000,1.000000
607.533020,10.000000,10.000000,-0.640000,12.000000,10.000000,20.000000,-0.390000,1.000000
607.538025,-37.000000,-37.000000,-0.530000,12.000000,10.000000,20.000000,-0.390000,1.000000
607.543030,-15.000000,-15.000000,-0.480000,8.000000,8.000000,20.000000,-1.230000,1.000000
607.547974,-51.000000,-51.000000,-0.520000,8.000000,8.000000,20.000000,-1.230000,1.000000
607.552979,-14.000000,-14.000000,-0.570000,8.000000,6.000000,20.000000,-2.070000,1.000000
607.557983,-42.000000,-42.000000,-0.690000,8.000000,6.000000,20.000000,-2.070000,1.000000
607.562988,-4.000000,-4.000000,-0.870000,4.000000,4.000000,20.000000,-2.400000,1.000000
607.567993,15.000000,15.000000,-1.160000,4.000000,4.000000,20.000000,-2.400000,1.000000
607.572998,64.000000,64.000000,-1.380000,4.000000,2.000000,20.000000,-3.260000,1.000000
607.578003,34.000000,34.000000,-1.710000,4.000000,2.000000,20.000000,-3.260000,1.000000
607.583008,73.000000,73.000000,-2.070000,2.000000,2.000000,20.000000,-3.600000,1.000000
607.588013,85.000000,85.000000,-2.360000,2.000000,2.000000,20.000000,-3.600000,1.000000
607.593018,110.000000,110.000000,-2.730000,4.000000,4.000000,20.000000,-3.940000,1.000000
607.598022,113.000000,113.000000,-2.970000,4.000000,4.000000,20.000000,-3.940000,1.000000
607.603027,133.000000,133.000000,-3.300000,2.000000,2.000000,20.000000,-3.480000,1.000000
607.607971,200.000000,200.000000,-3.710000,2.000000,2.000000,20.000000,-3.480000,1.000000
607.612976,237.000000,237.000000,-4.160000,4.000000,4.000000,20.000000,-4.090000,1.000000
607.617981,215.000000,215.000000,-4.250000,4.000000,4.000000,20.000000,-4.090000,1.000000
607.622986,204.000000,204.000000,-4.570000,4.000000,2.000000,20.000000,-3.630000,1.000000
607.627991,260.000000,260.000000,-5.170000,4.000000,2.000000,20.000000,-3.630000,1.000000
607.632996,315.000000,315.000000,-5.630000,8.000000,6.000000,20.000000,-3.970000,1.000000
607.638000,313.000000,313.000000,-5.670000,8.000000,6.000000,20.000000,-3.970000,1.000000
607.643005,281.000000,281.000000,-5.860000,6.000000,4.000000,20.000000,-2.960000,1.000000
607.648010,348.000000,348.000000,-6.190000,6.000000,4.000000,20.000000,-2.960000,1.000000
607.653015,377.000000,377.000000,-6.530000,10.000000,10.000000,20.000000,-3.560000,1.000000
607.658020,348.000000,348.000000,-6.700000,10.000000,10.000000,20.000000,-3.560000,1.000000
607.663025,327.000000,327.000000,-6.560000,10.000000,8.000000,20.000000,-2.270000,1.000000
607.668030,374.000000,374.000000,-6.730000,10.000000,8.000000,20.000000,-2.270000,1.000000
607.672974,378.000000,378.000000,-6.800000,14.000000,12.000000,20.000000,-2.580000,1.000000
607.677979,354.000000,354.000000,-6.860000,14.000000,12.000000,20.000000,-2.580000,1.000000
607.682983,345.000000,345.000000,-6.720000,12.000000,12.000000,20.000000,-1.550000,1.000000
607.687988,391.000000,391.000000,-6.870000,12.000000,12.000000,20.000000,-1.550000,1.000000
607.692993,395.000000,395.000000,-6.990000,16.000000,16.000000,20.000000,-1.850000,1.000000
607.697998,374.000000,374.000000,-6.790000,16.000000,16.000000,20.000000,-1.850000,1.000000
607.703003,334.000000,334.000000,-6.510000,16.000000,14.000000,20.000000,-0.800000,1.000000
607.708008,369.000000,369.000000,-6.570000,16.000000,14.000000,20.000000,-0.800000,1.000000
607.713013,377.000000,377.000000,-6.530000,18.000000,18.000000,20.000000,-1.090000,1.000000
607.718018,354.000000,354.000000,-6.480000,18.000000,18.000000,20.000000,-1.090000,1.000000
607.723022,338.000000,338.000000,-6.230000,18.000000,18.000000,20.000000,-0.300000,1.000000
607.728027,356.000000,356.000000,-6.170000,18.000000,18.000000,20.000000,-0.300000,1.000000
607.732971,347.000000,347.000000,-5.980000,20.000000,20.000000,20.000000,-0.310000,1.000000
607.737976,331.000000,331.000000,-5.680000,20.000000,20.000000,20.000000,-0.310000,1.000000
607.742981,299.000000,299.000000,-5.400000,18.000000,18.000000,20.000000,0.220000,1.000000
607.747986,309.000000,309.000000,-5.280000,18.000000,18.000000,20.000000,0.220000,1.000000
607.752991,308.000000,308.000000,-5.130000,22.000000,20.000000,20.000000,-0.320000,1.000000
607.757996,258.000000,258.000000,-4.840000,22.000000,20.000000,20.000000,-0.320000,1.000000
607.763000,232.000000,232.000000,-4.580000,20.000000,18.000000,20.000000,0.480000,1.000000
607.768005,270.000000,270.000000,-4.410000,20.000000,18.000000,20.000000,0.480000,1.000000
607.773010,266.000000,266.000000,-4.170000,22.000000,20.000000,20.000000,-0.060000,1.000000
607.778015,211.000000,211.000000,-3.850000,22.000000,20.000000,20.000000,-0.060000,1.000000
607.783020,193.000000,193.000000,-3.720000,18.000000,18.000000,20.000000,0.480000,1.000000
607.788025,238.000000,238.000000,-3.590000,18.000000,18.000000,20.000000,0.480000,1.000000
607.793030,249.000000,249.000000,-3.530000,20.000000,20.000000,20.000000,-0.330000,1.000000
607.797974,199.000000,199.000000,-3.320000,20.000000,20.000000,20.000000,-0.330000,1.000000
607.802979,198.000000,198.000000,-3.320000,18.000000,18.000000,20.000000,0.210000,1.000000
607.807983,253.000000,253.000000,-3.360000,18.000000,18.000000,20.000000,0.210000,1.000000
607.812988,275.000000,275.000000,-3.390000,18.000000,18.000000,20.000000,-0.330000,1.000000
607.817993,249.000000,249.000000,-3.260000,18.000000,18.000000,20.000000,-0.330000,1.000000
607.822998,244.000000,244.000000,-3.290000,16.000000,14.000000,20.000000,-0.340000,1.000000
607.828003,256.000000,256.000000,-3.540000,16.000000,14.000000,20.000000,-0.340000,1.000000
607.833008,295.000000,295.000000,-3.680000,18.000000,18.000000,20.000000,-1.160000,1.000000
607.838013,249.000000,249.000000,-3.590000,18.000000,18.000000,20.000000,-1.160000,1.000000
607.843018,238.000000,238.000000,-3.770000,16.000000,16.000000,20.000000,-0.370000,1.000000
607.848022,314.000000,314.000000,-4.040000,16.000000,16.000000,20.000000,-0.370000,1.000000
607.853027,348.000000,348.000000,-4.140000,18.000000,16.000000,20.000000,-0.920000,1.000000
607.857971,313.000000,313.000000,-4.030000,18.000000,16.000000,20.000000,-0.920000,1.000000
607.862976,297.000000,297.000000,-4.160000,16.000000,14.000000,20.000000,-0.670000,1.000000
607.867981,331.000000,331.000000,-4.430000,16.000000,14.000000,20.000000,-0.670000,1.000000
607.872986,370.000000,370.000000,-4.610000,20.000000,18.000000,20.000000,-1.220000,1.000000
607.877991,344.000000,344.000000,-4.600000,20.000000,18.000000,20.000000,-1.220000,1.000000
607.882996,328.000000,328.000000,-4.640000,16.000000,16.000000,20.000000,-0.160000,1.000000
607.888000,401.000000,401.000000,-4.820000,16.000000,16.000000,20.000000,-0.160000,1.000000
607.893005,424.000000,424.000000,-5.000000,18.000000,18.000000,20.000000,-0.980000,1.000000
607.898010,380.000000,380.000000,-5.120000,18.000000,18.000000,20.000000,-0.980000,1.000000
607.903015,379.000000,379.000000,-5.040000,18.000000,18.000000,20.000000,-0.450000,1.000000
607.908020,395.000000,395.000000,-5.200000,18.000000,18.000000,20.000000,-0.450000,1.000000
607.913025,407.000000,407.000000,-5.340000,22.000000,20.000000,20.000000,-0.460000,1.000000
607.918030,416.000000,416.000000,-5.320000,22.000000,20.000000,20.000000,-0.460000,1.000000
607.922974,403.000000,403.000000,-5.130000,20.000000,20.000000,20.000000,0.340000,1.000000
607.927979,434.000000,434.000000,-5.330000,20.000000,20.000000,20.000000,0.340000,1.000000
607.932983,453.000000,453.000000,-5.450000,24.000000,22.000000,20.000000,0.070000,1.000000
607.937988,444.000000,444.000000,-5.390000,24.000000,22.000000,20.000000,0.070000,1.000000
607.942993,423.000000,423.000000,-5.190000,22.000000,22.000000,20.000000,0.880000,1.000000
607.947998,449.000000,449.000000,-5.330000,22.000000,22.000000,20.000000,0.880000,1.000000
607.953003,457.000000,457.000000,-5.540000,24.000000,24.000000,20.000000,0.630000,1.000000
607.958008,454.000000,454.000000,-5.450000,24.000000,24.000000,20.000000,0.630000,1.000000
607.963013,428.000000,428.000000,-5.200000,24.000000,22.000000,20.000000,1.170000,1.000000
607.968018,420.000000,420.000000,-5.180000,24.000000,22.000000,20.000000,1.170000,1.000000
607.973022,420.000000,420.000000,-5.280000,26.000000,26.000000,20.000000,0.920000,1.000000
607.978027,411.000000,411.000000,-5.170000,26.000000,26.000000,20.000000,0.920000,1.000000
607.982971,399.000000,399.000000,-4.880000,26.000000,26.000000,20.000000,1.740000,1.000000
607.987976,425.000000,425.000000,-4.990000,26.000000,26.000000,20.000000,1.740000,1.000000
607.992981,433.000000,433.000000,-4.930000,28.000000,26.000000,20.000000,1.770000,1.000000
607.997986,431.000000,431.000000,-4.690000,28.000000,26.000000,20.000000,1.770000,1.000000
608.002991,400.000000,400.000000,-4.460000,26.000000,26.000000,20.000000,2.070000,1.000000
608.007996,397.000000,397.000000,-4.330000,26.000000,26.000000,20.000000,2.070000,1.000000
608.013000,398.000000,398.000000,-4.360000,28.000000,28.000000,20.000000,1.830000,1.000000
608.018005,387.000000,387.000000,-4.180000,28.000000,28.000000,20.000000,1.830000,1.000000
608.023010,373.000000,373.000000,-3.910000,28.000000,28.000000,20.000000,2.390000,1.000000
608.028015,390.000000,390.000000,-4.030000,28.000000,28.000000,20.000000,2.390000,1.000000
608.033020,404.000000,404.000000,-3.890000,30.000000,28.000000,20.000000,2.430000,1.000000
608.038025,398.000000,398.000000,-3.670000,30.000000,28.000000,20.000000,2.430000,1.000000
608.043030,374.000000,374.000000,-3.400000,28.000000,26.000000,20.000000,2.730000,1.000000
608.047974,377.000000,377.000000,-3.380000,28.000000,26.000000,20.000000,2.730000,1.000000
608.052979,389.000000,389.000000,-3.260000,28.000000,28.000000,20.000000,2.230000,1.000000
608.057983,347.000000,347.000000,-3.140000,28.000000,28.000000,20.000000,2.230000,1.000000
608.062988,345.000000,345.000000,-2.910000,28.000000,26.000000,20.000000,2.530000,1.000000
608.067993,353.000000,353.000000,-3.070000,28.000000,26.000000,20.000000,2.530000,1.000000
608.072998,375.000000,375.000000,-2.980000,28.000000,28.000000,20.000000,2.290000,1.000000
608.078003,354.000000,354.000000,-2.820000,28.000000,28.000000,20.000000,2.290000,1.000000
608.083008,340.000000,340.000000,-2.720000,26.000000,26.000000,20.000000,2.590000,1.000000
608.088013,365.000000,365.000000,-2.760000,26.000000,26.000000,20.000000,2.590000,1.000000
608.093018,383.000000,383.000000,-2.600000,28.000000,28.000000,20.000000,2.090000,1.000000
608.098022,340.000000,340.000000,-2.560000,28.000000,28.000000,20.000000,2.090000,1.000000
608.103027,348.000000,348.000000,-2.590000,26.000000,26.000000,20.000000,2.650000,1.000000
608.107971,407.000000,407.000000,-2.760000,26.000000,26.000000,20.000000,2.650000,1.000000
608.112976,434.000000,434.000000,-2.670000,28.000000,26.000000,20.000000,2.150000,1.000000
608.117981,386.000000,386.000000,-2.570000,28.000000,26.000000,20.000000,2.150000,1.000000
608.122986,371.000000,371.000000,-2.570000,26.000000,24.000000,20.000000,2.440000,1.000000
608.127991,400.000000,400.000000,-2.650000,26.000000,24.000000,20.000000,2.440000,1.000000
608.132996,421.000000,421.000000,-2.720000,28.000000,28.000000,20.000000,1.930000,1.000000
608.138000,395.000000,395.000000,-2.740000,28.000000,28.000000,20.000000,1.930000,1.000000
608.143005,403.000000,403.000000,-2.660000,26.000000,26.000000,20.000000,2.770000,1.000000
608.148010,461.000000,461.000000,-2.920000,26.000000,26.000000,20.000000,2.770000,1.000000
608.153015,491.000000,491.000000,-3.040000,28.000000,26.000000,20.000000,2.260000,1.000000
608.158020,464.000000,464.000000,-3.010000,28.000000,26.000000,20.000000,2.260000,1.000000
608.163025,446.000000,446.000000,-2.930000,26.000000,26.000000,20.000000,2.560000,1.000000
608.168030,455.000000,455.000000,-3.150000,26.000000,26.000000,20.000000,2.560000,1.000000
608.172974,483.000000,483.000000,-3.400000,28.000000,28.000000,20.000000,2.320000,1.000000
608.177979,490.000000,490.000000,-3.430000,28.000000,28.000000,20.000000,2.320000,1.000000
608.182983,486.000000,486.000000,-3.330000,26.000000,26.000000,20.000000,2.880000,1.000000
608.187988,504.000000,504.000000,-3.570000,26.000000,26.000000,20.000000,2.880000,1.000000
608.192993,525.000000,525.000000,-3.850000,28.000000,30.000000,20.000000,2.380000,1.000000
608.197998,506.000000,506.000000,-3.710000,28.000000,30.000000,20.000000,2.380000,1.000000
608.203003,475.000000,475.000000,-3.530000,28.000000,28.000000,20.000000,3.210000,1.000000
608.208008,501.000000,501.000000,-3.550000,28.000000,28.000000,20.000000,3.210000,1.000000
608.213013,506.000000,506.000000,-3.670000,32.000000,28.000000,20.000000,2.980000,1.000000
608.218018,502.000000,502.000000,-3.650000,32.000000,28.000000,20.000000,2.980000,1.000000
608.223022,500.000000,500.000000,-3.560000,30.000000,30.000000,20.000000,3.560000,1.000000
608.228027,530.000000,530.000000,-3.800000,30.000000,30.000000,20.000000,3.560000,1.000000
608.232971,551.000000,551.000000,-4.010000,32.000000,30.000000,20.000000,3.600000,1.000000
608.237976,566.000000,566.000000,-3.830000,32.000000,30.000000,20.000000,3.600000,1.000000
608.242981,531.000000,531.000000,-3.650000,32.000000,32.000000,20.000000,3.910000,1.000000
608.247986,527.000000,527.000000,-3.690000,32.000000,32.000000,20.000000,3.910000,1.000000
608.252991,538.000000,538.000000,-3.860000,32.000000,32.000000,20.000000,4.230000,1.000000
608.257996,581.000000,581.000000,-3.640000,32.000000,32.000000,20.000000,4.230000,1.000000
608.263000,554.000000,554.000000,-3.590000,34.000000,34.000000,20.000000,4.280000,1.000000
608.268005,539.000000,539.000000,-3.540000,34.000000,34.000000,20.000000,4.280000,1.000000
608.273010,533.000000,533.000000,-3.600000,34.000000,34.000000,20.000000,4.870000,1.000000
608.278015,576.000000,576.000000,-3.280000,34.000000,34.000000,20.000000,4.870000,1.000000
608.283020,529.000000,529.000000,-3.060000,36.000000,36.000000,20.000000,4.930000,1.000000
608.288025,503.000000,503.000000,-2.960000,36.000000,36.000000,20.000000,4.930000,1.000000
608.293030,500.000000,500.000000,-3.080000,38.000000,36.000000,20.000000,5.530000,1.000000
608.297974,556.000000,556.000000,-2.790000,38.000000,36.000000,20.000000,5.530000,1.000000
608.302979,518.000000,518.000000,-2.470000,36.000000,36.000000,20.000000,5.870000,1.000000
608.307983,498.000000,498.000000,-2.310000,36.000000,36.000000,20.000000,5.870000,1.000000
608.312988,489.000000,489.000000,-2.210000,38.000000,38.000000,20.000000,5.670000,1.000000
608.317993,469.000000,469.000000,-1.890000,38.000000,38.000000,20.000000,5.670000,1.000000
608.322998,444.000000,444.000000,-1.720000,40.000000,38.000000,20.000000,6.280000,1.000000
608.328003,479.000000,479.000000,-1.720000,40.000000,38.000000,20.000000,6.280000,1.000000
608.333008,487.000000,487.000000,-1.570000,40.000000,38.000000,20.000000,6.630000,1.000000
608.338013,500.000000,500.000000,-1.310000,40.000000,38.000000,20.000000,6.630000,1.000000
608.343018,471.000000,471.000000,-1.010000,38.000000,36.000000,20.000000,6.710000,1.000000
608.348022,462.000000,462.000000,-0.950000,38.000000,36.000000,20.000000,6.710000,1.000000
608.353027,475.000000,475.000000,-0.840000,38.000000,36.000000,20.000000,6.250000,1.000000
608.357971,442.000000,442.000000,-0.600000,38.000000,36.000000,20.000000,6.250000,1.000000
608.362976,434.000000,434.000000,-0.480000,36.000000,36.000000,20.000000,6.330000,1.000000
608.367981,446.000000,446.000000,-0.550000,36.000000,36.000000,20.000000,6.330000,1.000000
608.372986,464.000000,464.000000,-0.450000,38.000000,38.000000,20.000000,6.130000,1.000000
608.377991,443.000000,443.000000,-0.300000,38.000000,38.000000,20.000000,6.130000,1.000000
608.382996,425.000000,425.000000,-0.030000,36.000000,34.000000,20.000000,6.740000,1.000000
608.388000,451.000000,451.000000,-0.100000,36.000000,34.000000,20.000000,6.740000,1.000000
608.393005,467.000000,467.000000,0.000000,38.000000,36.000000,20.000000,6.010000,1.000000
608.398010,413.000000,413.000000,0.110000,38.000000,36.000000,20.000000,6.010000,1.000000
608.403015,418.000000,418.000000,0.190000,36.000000,32.000000,20.000000,6.610000,1.000000
608.408020,475.000000,475.000000,0.000000,36.000000,32.000000,20.000000,6.610000,1.000000
608.413025,506.000000,506.000000,-0.060000,36.000000,34.000000,20.000000,5.870000,1.000000
608.418030,459.000000,459.000000,0.050000,36.000000,34.000000,20.000000,5.870000,1.000000
608.422974,446.000000,446.000000,0.060000,32.000000,34.000000,20.000000,6.200000,1.000000
608.427979,479.000000,479.000000,-0.070000,32.000000,34.000000,20.000000,6.200000,1.000000
608.432983,507.000000,507.000000,-0.150000,36.000000,34.000000,20.000000,5.730000,1.000000
608.437988,485.000000,485.000000,-0.140000,36.000000,34.000000,20.000000,5.730000,1.000000
608.442993,490.000000,490.000000,-0.150000,34.000000,34.000000,20.000000,6.320000,1.000000
608.447998,544.000000,544.000000,-0.530000,34.000000,34.000000,20.000000,6.320000,1.000000
608.453003,589.000000,589.000000,-0.800000,34.000000,34.000000,20.000000,6.120000,1.000000
608.458008,594.000000,594.000000,-0.750000,34.000000,34.000000,20.000000,6.120000,1.000000
608.463013,572.000000,572.000000,-0.650000,34.000000,34.000000,20.000000,6.180000,1.000000
608.468018,558.000000,558.000000,-0.820000,34.000000,34.000000,20.000000,6.180000,1.000000
608.473022,579.000000,579.000000,-1.060000,36.000000,36.000000,20.000000,6.240000,1.000000
608.478027,607.000000,607.000000,-1.060000,36.000000,36.000000,20.000000,6.240000,1.000000
608.482971,602.000000,602.000000,-1.090000,36.000000,36.000000,20.000000,6.840000,1.000000
608.487976,630.000000,630.000000,-1.200000,36.000000,36.000000,20.000000,6.840000,1.000000
608.492981,628.000000,628.000000,-1.410000,36.000000,36.000000,20.000000,6.910000,1.000000
608.497986,642.000000,642.000000,-1.310000,36.000000,36.000000,20.000000,6.910000,1.000000
608.502991,621.000000,621.000000,-1.250000,38.000000,38.000000,20.000000,6.980000,1.000000
608.507996,605.000000,605.000000,-1.240000,38.000000,38.000000,20.000000,6.980000,1.000000
608.513000,601.000000,601.000000,-1.390000,38.000000,38.000000,20.000000,7.590000,1.000000
608.518005,657.000000,657.000000,-1.290000,38.000000,38.000000,20.000000,7.590000,1.000000
608.523010,638.000000,638.000000,-1.170000,40.000000,40.000000,20.000000,7.660000,1.000000
608.528015,616.000000,616.000000,-1.110000,40.000000,40.000000,20.000000,7.660000,1.000000
608.533020,601.000000,601.000000,-1.170000,40.000000,40.000000,20.000000,8.280000,1.000000
608.538025,646.000000,646.000000,-0.970000,40.000000,40.000000,20.000000,8.280000,1.000000
608.543030,616.000000,616.000000,-0.810000,42.000000,42.000000,20.000000,8.370000,1.000000
608.547974,590.000000,590.000000,-0.580000,42.000000,42.000000,20.000000,8.370000,1.000000
608.552979,565.000000,565.000000,-0.620000,42.000000,42.000000,20.000000,8.990000,1.000000
608.557983,612.000000,612.000000,-0.320000,42.000000,42.000000,20.000000,8.990000,1.000000
608.562988,581.000000,581.000000,-0.070000,44.000000,42.000000,20.000000,9.090000,1.000000
608.567993,549.000000,549.000000,0.190000,44.000000,42.000000,20.000000,9.090000,1.000000
608.572998,525.000000,525.000000,0.200000,42.000000,44.000000,20.000000,9.450000,1.000000
608.578003,550.000000,550.000000,0.540000,42.000000,44.000000,20.000000,9.450000,1.000000
608.583008,516.000000,516.000000,0.870000,44.000000,44.000000,20.000000,9.550000,1.000000
608.588013,488.000000,488.000000,1.110000,44.000000,44.000000,20.000000,9.550000,1.000000
608.593018,476.000000,476.000000,1.260000,42.000000,44.000000,20.000000,9.920000,1.000000
608.598022,496.000000,496.000000,1.720000,42.000000,44.000000,20.000000,9.920000,1.000000
608.603027,460.000000,460.000000,1.990000,42.000000,44.000000,20.000000,9.750000,1.000000
608.607971,438.000000,438.000000,2.040000,42.000000,44.000000,20.000000,9.750000,1.000000
608.612976,452.000000,452.000000,2.130000,42.000000,44.000000,20.000000,9.850000,1.000000
608.617981,458.000000,458.000000,2.460000,42.000000,44.000000,20.000000,9.850000,1.000000
608.622986,432.000000,432.000000,2.720000,40.000000,40.000000,20.000000,9.950000,1.000000
608.627991,427.000000,427.000000,2.800000,40.000000,40.000000,20.000000,9.950000,1.000000
608.632996,438.000000,438.000000,2.930000,40.000000,42.000000,20.000000,9.240000,1.000000
608.638000,381.000000,381.000000,3.070000,40.000000,42.000000,20.000000,9.240000,1.000000
608.643005,382.000000,382.000000,3.250000,38.000000,40.000000,20.000000,9.600000,1.000000
608.648010,406.000000,406.000000,3.290000,38.000000,40.000000,20.000000,9.600000,1.000000
608.653015,414.000000,414.000000,3.540000,40.000000,38.000000,20.000000,9.150000,1.000000
608.658020,366.000000,366.000000,3.720000,40.000000,38.000000,20.000000,9.150000,1.000000
608.663025,363.000000,363.000000,3.740000,36.000000,36.000000,20.000000,9.230000,1.000000
608.668030,387.000000,387.000000,3.730000,36.000000,36.000000,20.000000,9.230000,1.000000
608.672974,407.000000,407.000000,3.920000,36.000000,36.000000,20.000000,8.500000,1.000000
608.677979,344.000000,344.000000,3.970000,36.000000,36.000000,20.000000,8.500000,1.000000
608.682983,358.000000,358.000000,3.870000,34.000000,32.000000,20.000000,8.570000,1.000000
608.687988,399.000000,399.000000,3.660000,34.000000,32.000000,20.000000,8.570000,1.000000
608.692993,439.000000,439.000000,3.670000,36.000000,36.000000,20.000000,7.830000,1.000000
608.697998,392.000000,392.000000,3.520000,36.000000,36.000000,20.000000,7.830000,1.000000
608.703003,424.000000,424.000000,3.230000,32.000000,30.000000,20.000000,8.690000,1.000000
608.708008,538.000000,538.000000,2.810000,32.000000,30.000000,20.000000,8.690000,1.000000
608.713013,585.000000,585.000000,2.520000,32.000000,32.000000,20.000000,7.410000,1.000000
608.718018,511.000000,511.000000,2.400000,32.000000,32.000000,20.000000,7.410000,1.000000
608.723022,511.000000,511.000000,2.320000,30.000000,30.000000,20.000000,7.730000,1.000000
608.728027,540.000000,540.000000,1.930000,30.000000,30.000000,20.000000,7.730000,1.000000
608.732971,579.000000,579.000000,1.480000,32.000000,32.000000,20.000000,7.240000,1.000000
608.737976,579.000000,579.000000,1.420000,32.000000,32.000000,20.000000,7.240000,1.000000
608.742981,573.000000,573.000000,1.300000,32.000000,32.000000,20.000000,7.820000,1.000000
608.747986,608.000000,608.000000,0.940000,32.000000,32.000000,20.000000,7.820000,1.000000
608.752991,632.000000,632.000000,0.550000,32.000000,32.000000,20.000000,7.880000,1.000000
608.757996,660.000000,660.000000,0.510000,32.000000,32.000000,20.000000,7.880000,1.000000
608.763000,639.000000,639.000000,0.380000,34.000000,34.000000,20.000000,7.930000,1.000000
608.768005,626.000000,626.000000,0.260000,34.000000,34.000000,20.000000,7.930000,1.000000
608.773010,631.000000,631.000000,-0.020000,34.000000,36.000000,20.000000,8.520000,1.000000
608.778015,688.000000,688.000000,-0.100000,34.000000,36.000000,20.000000,8.520000,1.000000
608.783020,675.000000,675.000000,-0.080000,38.000000,38.000000,20.000000,8.850000,1.000000
608.788025,676.000000,676.000000,0.010000,38.000000,38.000000,20.000000,8.850000,1.000000
608.793030,654.000000,654.000000,-0.230000,38.000000,38.000000,20.000000,9.720000,1.000000
608.797974,729.000000,729.000000,-0.190000,38.000000,38.000000,20.000000,9.720000,1.000000
608.802979,708.000000,708.000000,-0.110000,40.000000,42.000000,20.000000,9.800000,1.000000
608.807983,678.000000,678.000000,0.010000,40.000000,42.000000,20.000000,9.800000,1.000000
608.812988,649.000000,649.000000,0.090000,40.000000,42.000000,20.000000,10.690000,1.000000
608.817993,700.000000,700.000000,0.230000,40.000000,42.000000,20.000000,10.690000,1.000000
608.822998,676.000000,676.000000,0.360000,44.000000,44.000000,20.000000,10.780000,1.000000
608.828003,657.000000,657.000000,0.540000,44.000000,44.000000,20.000000,10.780000,1.000000
608.833008,626.000000,626.000000,0.610000,42.000000,44.000000,20.000000,11.680000,1.000000
608.838013,673.000000,673.000000,0.990000,42.000000,44.000000,20.000000,11.680000,1.000000
608.843018,623.000000,623.000000,1.320000,44.000000,46.000000,20.000000,11.510000,1.000000
608.848022,566.000000,566.000000,1.600000,44.000000,46.000000,20.000000,11.510000,1.000000
608.853027,539.000000,539.000000,1.740000,44.000000,44.000000,20.000000,12.150000,1.000000
608.857971,573.000000,573.000000,2.190000,44.000000,44.000000,20.000000,12.150000,1.000000
608.862976,530.000000,530.000000,2.680000,44.000000,48.000000,20.000000,11.990000,1.000000
608.867981,467.000000,467.000000,2.990000,44.000000,48.000000,20.000000,11.990000,1.000000
608.872986,443.000000,443.000000,3.270000,44.000000,46.000000,20.000000,12.630000,1.000000
608.877991,468.000000,468.000000,3.880000,44.000000,46.000000,20.000000,12.630000,1.000000
608.882996,416.000000,416.000000,4.260000,44.000000,48.000000,20.000000,12.470000,1.000000
608.888000,382.000000,382.000000,4.490000,44.000000,48.000000,20.000000,12.470000,1.000000
608.893005,382.000000,382.000000,4.870000,44.000000,44.000000,20.000000,12.850000,1.000000
608.898010,387.000000,387.000000,5.270000,44.000000,44.000000,20.000000,12.850000,1.000000
608.903015,364.000000,364.000000,5.620000,44.000000,42.000000,20.000000,12.420000,1.000000
608.908020,323.000000,323.000000,5.840000,44.000000,42.000000,20.000000,12.420000,1.000000
608.913025,324.000000,324.000000,6.220000,42.000000,44.000000,20.000000,12.260000,1.000000
608.918030,291.000000,291.000000,6.540000,42.000000,44.000000,20.000000,12.260000,1.000000
608.922974,280.000000,280.000000,6.670000,40.000000,40.000000,20.000000,12.350000,1.000000
608.927979,300.000000,300.000000,6.740000,40.000000,40.000000,20.000000,12.350000,1.000000
608.932983,314.000000,314.000000,7.030000,40.000000,38.000000,20.000000,11.640000,1.000000
608.937988,246.000000,246.000000,7.270000,40.000000,38.000000,20.000000,11.640000,1.000000
608.942993,249.000000,249.000000,7.330000,36.000000,36.000000,20.000000,11.460000,1.000000
608.947998,261.000000,261.000000,7.250000,36.000000,36.000000,20.000000,11.460000,1.000000
608.953003,309.000000,309.000000,7.190000,34.000000,36.000000,20.000000,10.730000,1.000000
608.958008,294.000000,294.000000,7.220000,34.000000,36.000000,20.000000,10.730000,1.000000
608.963013,320.000000,320.000000,7.060000,30.000000,32.000000,20.000000,10.530000,1.000000
608.968018,347.000000,347.000000,6.700000,30.000000,32.000000,20.000000,10.530000,1.000000
608.973022,400.000000,400.000000,6.690000,32.000000,32.000000,20.000000,9.510000,1.000000
608.978027,336.000000,336.000000,6.490000,32.000000,32.000000,20.000000,9.510000,1.000000
608.982971,369.000000,369.000000,6.180000,28.000000,28.000000,20.000000,9.830000,1.000000
608.987976,441.000000,441.000000,5.780000,28.000000,28.000000,20.000000,9.830000,1.000000
608.992981,489.000000,489.000000,5.520000,30.000000,28.000000,20.000000,8.800000,1.000000
608.997986,431.000000,431.000000,5.290000,30.000000,28.000000,20.000000,8.800000,1.000000
609.002991,447.000000,447.000000,4.930000,28.000000,26.000000,20.000000,9.110000,1.000000
609.007996,497.000000,497.000000,4.550000,28.000000,26.000000,20.000000,9.110000,1.000000
609.013000,532.000000,532.000000,4.260000,28.000000,28.000000,20.000000,8.610000,1.000000
609.018005,509.000000,509.000000,4.060000,28.000000,28.000000,20.000000,8.610000,1.000000
609.023010,519.000000,519.000000,3.870000,28.000000,28.000000,20.000000,8.910000,1.000000
609.028015,557.000000,557.000000,3.320000,28.000000,28.000000,20.000000,8.910000,1.000000
609.033020,605.000000,605.000000,2.720000,30.000000,28.000000,20.000000,8.940000,1.000000
609.038025,646.000000,646.000000,2.650000,30.000000,28.000000,20.000000,8.940000,1.000000
609.043030,619.000000,619.000000,2.580000,30.000000,30.000000,20.000000,9.250000,1.000000
609.047974,618.000000,618.000000,2.260000,30.000000,30.000000,20.000000,9.250000,1.000000
609.052979,638.000000,638.000000,1.960000,32.000000,30.000000,20.000000,9.550000,1.000000
609.057983,676.000000,676.000000,1.830000,32.000000,30.000000,20.000000,9.550000,1.000000
609.062988,672.000000,672.000000,1.550000,34.000000,34.000000,20.000000,9.870000,1.000000
609.067993,693.000000,693.000000,1.570000,34.000000,34.000000,20.000000,9.870000,1.000000
609.072998,664.000000,664.000000,1.370000,36.000000,34.000000,20.000000,10.720000,1.000000
609.078003,719.000000,719.000000,1.370000,36.000000,34.000000,20.000000,10.720000,1.000000
609.083008,691.000000,691.000000,1.540000,38.000000,38.000000,20.000000,11.050000,1.000000
609.088013,671.000000,671.000000,1.570000,38.000000,38.000000,20.000000,11.050000,1.000000
609.093018,651.000000,651.000000,1.410000,38.000000,38.000000,20.000000,11.930000,1.000000
609.098022,717.000000,717.000000,1.580000,38.000000,38.000000,20.000000,11.930000,1.000000
609.103027,680.000000,680.000000,2.010000,40.000000,40.000000,20.000000,12.010000,1.000000
609.107971,615.000000,615.000000,2.240000,40.000000,40.000000,20.000000,12.010000,1.000000
609.112976,574.000000,574.000000,2.280000,40.000000,42.000000,20.000000,12.620000,1.000000
609.117981,606.000000,606.000000,2.580000,40.000000,42.000000,20.000000,12.620000,1.000000
609.122986,569.000000,569.000000,2.900000,44.000000,44.000000,20.000000,12.980000,1.000000
609.127991,549.000000,549.000000,3.330000,44.000000,44.000000,20.000000,12.980000,1.000000
609.132996,503.000000,503.000000,3.550000,44.000000,44.000000,20.000000,13.880000,1.000000
609.138000,546.000000,546.000000,4.100000,44.000000,44.000000,20.000000,13.880000,1.000000
609.143005,495.000000,495.000000,4.560000,44.000000,44.000000,20.000000,13.980000,1.000000
609.148010,461.000000,461.000000,4.890000,44.000000,44.000000,20.000000,13.980000,1.000000
609.153015,441.000000,441.000000,5.150000,44.000000,46.000000,20.000000,14.090000,1.000000
609.158020,429.000000,429.000000,5.790000,44.000000,46.000000,20.000000,14.090000,1.000000
609.163025,374.000000,374.000000,6.170000,42.000000,44.000000,20.000000,14.460000,1.000000
609.168030,381.000000,381.000000,6.460000,42.000000,44.000000,20.000000,14.460000,1.000000
609.172974,373.000000,373.000000,6.940000,42.000000,44.000000,20.000000,14.030000,1.000000
609.177979,306.000000,306.000000,7.340000,42.000000,44.000000,20.000000,14.030000,1.000000
609.182983,280.000000,280.000000,7.660000,40.000000,40.000000,20.000000,14.130000,1.000000
609.187988,279.000000,279.000000,7.830000,40.000000,40.000000,20.000000,14.130000,1.000000
609.192993,279.000000,279.000000,8.250000,40.000000,42.000000,20.000000,13.420000,1.000000
609.197998,193.000000,193.000000,8.670000,40.000000,42.000000,20.000000,13.420000,1.000000
609.203003,172.000000,172.000000,8.920000,36.000000,36.000000,20.000000,13.770000,1.000000
609.208008,202.000000,202.000000,9.170000,36.000000,36.000000,20.000000,13.770000,1.000000
609.213013,210.000000,210.000000,9.340000,34.000000,34.000000,20.000000,12.510000,1.000000
609.218018,131.000000,131.000000,9.580000,34.000000,34.000000,20.000000,12.510000,1.000000
609.223022,147.000000,147.000000,9.610000,30.000000,30.000000,20.000000,12.040000,1.000000
609.228027,144.000000,144.000000,9.660000,30.000000,30.000000,20.000000,12.040000,1.000000
609.232971,177.000000,177.000000,9.600000,30.000000,28.000000,20.000000,11.020000,1.000000
609.237976,142.000000,142.000000,9.550000,30.000000,28.000000,20.000000,11.020000,1.000000
609.242981,182.000000,182.000000,9.360000,26.000000,26.000000,20.000000,10.790000,1.000000
609.247986,214.000000,214.000000,9.230000,26.000000,26.000000,20.000000,10.790000,1.000000
609.252991,255.000000,255.000000,8.880000,24.000000,24.000000,20.000000,10.020000,1.000000
609.257996,248.000000,248.000000,8.710000,24.000000,24.000000,20.000000,10.020000,1.000000
609.263000,282.000000,282.000000,8.350000,20.000000,22.000000,20.000000,9.510000,1.000000
609.268005,290.000000,290.000000,7.860000,20.000000,22.000000,20.000000,9.510000,1.000000
609.273010,346.000000,346.000000,7.580000,22.000000,22.000000,20.000000,8.720000,1.000000
609.278015,313.000000,313.000000,7.330000,22.000000,22.000000,20.000000,8.720000,1.000000
609.283020,342.000000,342.000000,6.760000,20.000000,20.000000,20.000000,8.990000,1.000000
609.288025,424.000000,424.000000,6.200000,20.000000,20.000000,20.000000,8.990000,1.000000
609.293030,478.000000,478.000000,5.660000,20.000000,22.000000,20.000000,8.460000,1.000000
609.297974,470.000000,470.000000,5.270000,20.000000,22.000000,20.000000,8.460000,1.000000
609.302979,479.000000,479.000000,5.040000,20.000000,20.000000,20.000000,8.730000,1.000000
609.307983,494.000000,494.000000,4.560000,20.000000,20.000000,20.000000,8.730000,1.000000
609.312988,520.000000,520.000000,4.050000,22.000000,22.000000,20.000000,8.460000,1.000000
609.317993,524.000000,524.000000,3.900000,22.000000,22.000000,20.000000,8.460000,1.000000
609.322998,509.000000,509.000000,3.800000,22.000000,24.000000,20.000000,9.000000,1.000000
609.328003,529.000000,529.000000,3.360000,22.000000,24.000000,20.000000,9.000000,1.000000
609.333008,553.000000,553.000000,2.970000,26.000000,24.000000,20.000000,9.280000,1.000000
609.338013,592.000000,592.000000,2.970000,26.000000,24.000000,20.000000,9.280000,1.000000
609.343018,568.000000,568.000000,2.880000,26.000000,26.000000,20.000000,9.830000,1.000000
609.348022,586.000000,586.000000,2.620000,26.000000,26.000000,20.000000,9.830000,1.000000
609.353027,590.000000,590.000000,2.310000,28.000000,28.000000,20.000000,10.130000,1.000000
609.357971,617.000000,617.000000,2.500000,28.000000,28.000000,20.000000,10.130000,1.000000
609.362976,566.000000,566.000000,2.520000,30.000000,30.000000,20.000000,10.690000,1.000000
609.367981,573.000000,573.000000,2.540000,30.000000,30.000000,20.000000,10.690000,1.000000
609.372986,560.000000,560.000000,2.280000,32.000000,30.000000,20.000000,11.270000,1.000000
609.377991,609.000000,609.000000,2.510000,32.000000,30.000000,20.000000,11.270000,1.000000
609.382996,566.000000,566.000000,2.640000,34.000000,34.000000,20.000000,11.580000,1.000000
609.388000,538.000000,538.000000,2.870000,34.000000,34.000000,20.000000,11.580000,1.000000
609.393005,496.000000,496.000000,3.070000,34.000000,34.000000,20.000000,12.440000,1.000000
609.398010,527.000000,527.000000,3.530000,34.000000,34.000000,20.000000,12.440000,1.000000
609.403015,473.000000,473.000000,3.880000,36.000000,36.000000,20.000000,12.500000,1.000000
609.408020,433.000000,433.000000,4.200000,36.000000,36.000000,20.000000,12.500000,1.000000
609.413025,396.000000,396.000000,4.340000,36.000000,36.000000,20.000000,13.100000,1.000000
609.418030,414.000000,414.000000,4.870000,36.000000,36.000000,20.000000,13.100000,1.000000
609.422974,349.000000,349.000000,5.460000,38.000000,36.000000,20.000000,13.170000,1.000000
609.427979,290.000000,290.000000,5.820000,38.000000,36.000000,20.000000,13.170000,1.000000
609.432983,259.000000,259.000000,6.400000,38.000000,38.000000,20.000000,13.500000,1.000000
609.437988,234.000000,234.000000,6.940000,38.000000,38.000000,20.000000,13.500000,1.000000
609.442993,196.000000,196.000000,7.440000,36.000000,36.000000,20.000000,13.850000,1.000000
609.447998,199.000000,199.000000,7.810000,36.000000,36.000000,20.000000,13.850000,1.000000
609.453003,184.000000,184.000000,8.270000,34.000000,36.000000,20.000000,13.380000,1.000000
609.458008,123.000000,123.000000,8.790000,34.000000,36.000000,20.000000,13.380000,1.000000
609.463013,100.000000,100.000000,9.150000,30.000000,30.000000,20.000000,13.180000,1.000000
609.468018,79.000000,79.000000,9.720000,30.000000,30.000000,20.000000,13.180000,1.000000
609.473022,62.000000,62.000000,10.020000,30.000000,28.000000,20.000000,11.900000,1.000000
609.478027,-21.000000,-21.000000,10.330000,30.000000,28.000000,20.000000,11.900000,1.000000
609.482971,0.000000,0.000000,10.510000,26.000000,24.000000,20.000000,11.670000,1.000000
609.487976,11.000000,11.000000,10.500000,26.000000,24.000000,20.000000,11.670000,1.000000
609.492981,57.000000,57.000000,10.580000,22.000000,20.000000,20.000000,10.630000,1.000000
609.497986,11.000000,11.000000,10.520000,22.000000,20.000000,20.000000,10.630000,1.000000
609.502991,46.000000,46.000000,10.460000,18.000000,18.000000,20.000000,9.570000,1.000000
609.507996,-2.000000,-2.000000,10.450000,18.000000,18.000000,20.000000,9.570000,1.000000
609.513000,20.000000,20.000000,10.300000,16.000000,16.000000,20.000000,8.770000,1.000000
609.518005,-3.000000,-3.000000,10.100000,16.000000,16.000000,20.000000,8.770000,1.000000
609.523010,43.000000,43.000000,9.890000,14.000000,14.000000,20.000000,8.220000,1.000000
609.528015,47.000000,47.000000,9.560000,14.000000,14.000000,20.000000,8.220000,1.000000
609.533020,101.000000,101.000000,9.210000,12.000000,12.000000,20.000000,7.660000,1.000000
609.538025,112.000000,112.000000,8.820000,12.000000,12.000000,20.000000,7.660000,1.000000
609.543030,163.000000,163.000000,8.350000,10.000000,10.000000,20.000000,7.090000,1.000000
609.547974,174.000000,174.000000,8.010000,10.000000,10.000000,20.000000,7.090000,1.000000
609.552979,211.000000,211.000000,7.460000,10.000000,12.000000,20.000000,6.520000,1.000000
609.557983,219.000000,219.000000,7.060000,10.000000,12.000000,20.000000,6.520000,1.000000
609.562988,262.000000,262.000000,6.540000,8.000000,10.000000,20.000000,6.750000,1.000000
609.567993,330.000000,330.000000,5.870000,8.000000,10.000000,20.000000,6.750000,1.000000
609.572998,386.000000,386.000000,5.380000,12.000000,12.000000,20.000000,6.170000,1.000000
609.578003,380.000000,380.000000,4.850000,12.000000,12.000000,20.000000,6.170000,1.000000
609.583008,418.000000,418.000000,4.140000,10.000000,10.000000,20.000000,6.930000,1.000000
609.588013,512.000000,512.000000,3.390000,10.000000,10.000000,20.000000,6.930000,1.000000
609.593018,544.000000,544.000000,2.990000,14.000000,14.000000,20.000000,6.360000,1.000000
609.598022,488.000000,488.000000,2.770000,14.000000,14.000000,20.000000,6.360000,1.000000
609.603027,450.000000,450.000000,2.590000,14.000000,14.000000,20.000000,7.390000,1.000000
609.607971,508.000000,508.000000,2.320000,14.000000,14.000000,20.000000,7.390000,1.000000
609.612976,517.000000,517.000000,1.810000,18.000000,16.000000,20.000000,7.370000,1.000000
609.617981,540.000000,540.000000,1.650000,18.000000,16.000000,20.000000,7.370000,1.000000
609.622986,526.000000,526.000000,1.700000,20.000000,18.000000,20.000000,8.150000,1.000000
609.627991,533.000000,533.000000,1.500000,20.000000,18.000000,20.000000,8.150000,1.000000
609.632996,518.000000,518.000000,1.260000,22.000000,20.000000,20.000000,8.680000,1.000000
609.638000,554.000000,554.000000,1.370000,22.000000,20.000000,20.000000,8.680000,1.000000
609.643005,507.000000,507.000000,1.580000,24.000000,24.000000,20.000000,9.210000,1.000000
609.648010,489.000000,489.000000,1.730000,24.000000,24.000000,20.000000,9.210000,1.000000
609.653015,456.000000,456.000000,1.670000,26.000000,24.000000,20.000000,10.030000,1.000000
609.658020,505.000000,505.000000,2.120000,26.000000,24.000000,20.000000,10.030000,1.000000
609.663025,438.000000,438.000000,2.540000,28.000000,28.000000,20.000000,10.320000,1.000000
609.668030,388.000000,388.000000,2.750000,28.000000,28.000000,20.000000,10.320000,1.000000
609.672974,354.000000,354.000000,3.050000,30.000000,28.000000,20.000000,11.150000,1.000000
609.677979,379.000000,379.000000,3.590000,30.000000,28.000000,20.000000,11.150000,1.000000
609.682983,316.000000,316.000000,4.070000,30.000000,28.000000,20.000000,11.450000,1.000000
609.687988,288.000000,288.000000,4.320000,30.000000,28.000000,20.000000,11.450000,1.000000
609.692993,266.000000,266.000000,4.870000,32.000000,30.000000,20.000000,11.490000,1.000000
609.697998,216.000000,216.000000,5.500000,32.000000,30.000000,20.000000,11.490000,1.000000
609.703003,150.000000,150.000000,5.930000,30.000000,28.000000,20.000000,12.070000,1.000000
609.708008,162.000000,162.000000,6.530000,30.000000,28.000000,20.000000,12.070000,1.000000
609.713013,123.000000,123.000000,7.000000,28.000000,28.000000,20.000000,11.580000,1.000000
609.718018,57.000000,57.000000,7.660000,28.000000,28.000000,20.000000,11.580000,1.000000
609.723022,23.000000,23.000000,8.010000,24.000000,24.000000,20.000000,11.340000,1.000000
609.728027,6.000000,6.000000,8.450000,24.000000,24.000000,20.000000,11.340000,1.000000
609.732971,6.000000,6.000000,8.800000,24.000000,22.000000,20.000000,10.300000,1.000000
609.737976,-66.000000,-66.000000,9.050000,24.000000,22.000000,20.000000,10.300000,1.000000
609.742981,-50.000000,-50.000000,9.300000,18.000000,20.000000,20.000000,10.050000,1.000000
609.747986,-51.000000,-51.000000,9.390000,18.000000,20.000000,20.000000,10.050000,1.000000
609.752991,-12.000000,-12.000000,9.500000,16.000000,14.000000,20.000000,8.980000,1.000000
609.757996,-50.000000,-50.000000,9.470000,16.000000,14.000000,20.000000,8.980000,1.000000
609.763000,3.000000,3.000000,9.380000,12.000000,12.000000,20.000000,7.900000,1.000000
609.768005,-29.000000,-29.000000,9.130000,12.000000,12.000000,20.000000,7.900000,1.000000
609.773010,25.000000,25.000000,8.950000,10.000000,8.000000,20.000000,7.060000,1.000000
609.778015,1.000000,1.000000,8.680000,10.000000,8.000000,20.000000,7.060000,1.000000
609.783020,43.000000,43.000000,8.430000,8.000000,8.000000,20.000000,6.220000,1.000000
609.788025,19.000000,19.000000,8.160000,8.000000,8.000000,20.000000,6.220000,1.000000
609.793030,56.000000,56.000000,7.820000,6.000000,6.000000,20.000000,5.900000,1.000000
609.797974,76.000000,76.000000,7.470000,6.000000,6.000000,20.000000,5.900000,1.000000
609.802979,121.000000,121.000000,7.050000,6.000000,4.000000,20.000000,5.310000,1.000000
609.807983,124.000000,124.000000,6.800000,6.000000,4.000000,20.000000,5.310000,1.000000
609.812988,150.000000,150.000000,6.270000,6.000000,6.000000,20.000000,4.980000,1.000000
609.817993,174.000000,174.000000,5.750000,6.000000,6.000000,20.000000,4.980000,1.000000
609.822998,226.000000,226.000000,5.170000,4.000000,4.000000,20.000000,5.190000,1.000000
609.828003,282.000000,282.000000,4.630000,4.000000,4.000000,20.000000,5.190000,1.000000
609.833008,314.000000,314.000000,4.050000,8.000000,8.000000,20.000000,4.590000,1.000000
609.838013,288.000000,288.000000,3.890000,8.000000,8.000000,20.000000,4.590000,1.000000
609.843018,269.000000,269.000000,3.460000,8.000000,6.000000,20.000000,5.600000,1.000000
609.848022,355.000000,355.000000,2.890000,8.000000,6.000000,20.000000,5.600000,1.000000
609.853027,388.000000,388.000000,2.570000,10.000000,12.000000,20.000000,5.270000,1.000000
609.857971,362.000000,362.000000,2.460000,10.000000,12.000000,20.000000,5.270000,1.000000
609.862976,334.000000,334.000000,2.240000,10.000000,8.000000,20.000000,6.300000,1.000000
609.867981,407.000000,407.000000,1.980000,10.000000,8.000000,20.000000,6.300000,1.000000
609.872986,420.000000,420.000000,1.720000,12.000000,14.000000,20.000000,5.720000,1.000000
609.877991,379.000000,379.000000,1.630000,12.000000,14.000000,20.000000,5.720000,1.000000
609.882996,352.000000,352.000000,1.750000,12.000000,12.000000,20.000000,6.750000,1.000000
609.888000,386.000000,386.000000,1.680000,12.000000,12.000000,20.000000,6.750000,1.000000
609.893005,375.000000,375.000000,1.610000,16.000000,16.000000,20.000000,6.450000,1.000000
609.898010,341.000000,341.000000,1.720000,16.000000,16.000000,20.000000,6.450000,1.000000
609.903015,311.000000,311.000000,2.040000,16.000000,16.000000,20.000000,7.500000,1.000000
609.908020,336.000000,336.000000,1.990000,16.000000,16.000000,20.000000,7.500000,1.000000
609.913025,330.000000,330.000000,2.180000,18.000000,20.000000,20.000000,7.480000,1.000000
609.918030,300.000000,300.000000,2.500000,18.000000,20.000000,20.000000,7.480000,1.000000
609.922974,252.000000,252.000000,2.690000,18.000000,18.000000,20.000000,8.270000,1.000000
609.927979,280.000000,280.000000,2.870000,18.000000,18.000000,20.000000,8.270000,1.000000
609.932983,266.000000,266.000000,3.150000,20.000000,20.000000,20.000000,8.000000,1.000000
609.937988,217.000000,217.000000,3.510000,20.000000,20.000000,20.000000,8.000000,1.000000
609.942993,191.000000,191.000000,3.640000,18.000000,18.000000,20.000000,8.530000,1.000000
609.947998,222.000000,222.000000,3.880000,18.000000,18.000000,20.000000,8.530000,1.000000
609.953003,208.000000,208.000000,4.030000,20.000000,20.000000,20.000000,7.990000,1.000000
609.958008,153.000000,153.000000,4.490000,20.000000,20.000000,20.000000,7.990000,1.000000
609.963013,119.000000,119.000000,4.590000,18.000000,16.000000,20.000000,8.520000,1.000000
609.968018,158.000000,158.000000,4.940000,18.000000,16.000000,20.000000,8.520000,1.000000
609.973022,141.000000,141.000000,5.120000,18.000000,18.000000,20.000000,7.710000,1.000000
609.978027,75.000000,75.000000,5.370000,18.000000,18.000000,20.000000,7.710000,1.000000
609.982971,72.000000,72.000000,5.460000,16.000000,14.000000,20.000000,7.970000,1.000000
609.987976,101.000000,101.000000,5.690000,16.000000,14.000000,20.000000,7.970000,1.000000
609.992981,95.000000,95.000000,5.800000,14.000000,14.000000,20.000000,7.150000,1.000000
609.997986,34.000000,34.000000,5.920000,14.000000,14.000000,20.000000,7.150000,1.000000
610.002991,40.000000,40.000000,5.960000,12.000000,10.000000,20.000000,6.860000,1.000000
610.007996,32.000000,32.000000,6.120000,12.000000,10.000000,20.000000,6.860000,1.000000
610.013000,33.000000,33.000000,6.130000,12.000000,10.000000,20.000000,6.020000,1.000000
610.018005,-12.000000,-12.000000,6.120000,12.000000,10.000000,20.000000,6.020000,1.000000
610.023010,12.000000,12.000000,6.120000,8.000000,10.000000,20.000000,5.990000,1.000000
610.028015,30.000000,30.000000,6.040000,8.000000,10.000000,20.000000,5.990000,1.000000
610.033020,59.000000,59.000000,5.920000,8.000000,6.000000,20.000000,5.410000,1.000000
610.038025,47.000000,47.000000,5.780000,8.000000,6.000000,20.000000,5.410000,1.000000
610.043030,80.000000,80.000000,5.470000,6.000000,6.000000,20.000000,4.820000,1.000000
610.047974,78.000000,78.000000,5.360000,6.000000,6.000000,20.000000,4.820000,1.000000
610.052979,98.000000,98.000000,5.130000,6.000000,6.000000,20.000000,4.490000,1.000000
610.057983,104.000000,104.000000,4.790000,6.000000,6.000000,20.000000,4.490000,1.000000
610.062988,146.000000,146.000000,4.320000,4.000000,6.000000,20.000000,4.430000,1.000000
610.067993,185.000000,185.000000,4.080000,4.000000,6.000000,20.000000,4.430000,1.000000
610.072998,190.000000,190.000000,3.750000,6.000000,6.000000,20.000000,4.100000,1.000000
610.078003,168.000000,168.000000,3.730000,6.000000,6.000000,20.000000,4.100000,1.000000
610.083008,151.000000,151.000000,3.470000,6.000000,6.000000,20.000000,4.310000,1.000000
610.088013,182.000000,182.000000,3.240000,6.000000,6.000000,20.000000,4.310000,1.000000
610.093018,200.000000,200.000000,3.010000,6.000000,6.000000,20.000000,4.250000,1.000000
610.098022,204.000000,204.000000,3.030000,6.000000,6.000000,20.000000,4.250000,1.000000
610.103027,183.000000,183.000000,2.870000,6.000000,6.000000,20.000000,4.190000,1.000000
610.107971,180.000000,180.000000,2.690000,6.000000,6.000000,20.000000,4.190000,1.000000
610.112976,193.000000,193.000000,2.470000,10.000000,8.000000,20.000000,4.130000,1.000000
610.117981,195.000000,195.000000,2.530000,10.000000,8.000000,20.000000,4.130000,1.000000
610.122986,171.000000,171.000000,2.430000,8.000000,8.000000,20.000000,4.880000,1.000000
610.127991,224.000000,224.000000,2.360000,8.000000,8.000000,20.000000,4.880000,1.000000
610.132996,228.000000,228.000000,2.260000,10.000000,10.000000,20.000000,4.560000,1.000000
610.138000,208.000000,208.000000,2.360000,10.000000,10.000000,20.000000,4.560000,1.000000
610.143005,191.000000,191.000000,2.340000,8.000000,8.000000,20.000000,5.050000,1.000000
610.148010,222.000000,222.000000,2.200000,8.000000,8.000000,20.000000,5.050000,1.000000
610.153015,233.000000,233.000000,2.110000,10.000000,12.000000,20.000000,4.470000,1.000000
610.158020,187.000000,187.000000,2.320000,10.000000,12.000000,20.000000,4.470000,1.000000
610.163025,151.000000,151.000000,2.300000,10.000000,10.000000,20.000000,5.220000,1.000000
610.168030,200.000000,200.000000,2.490000,10.000000,10.000000,20.000000,5.220000,1.000000
610.172974,185.000000,185.000000,2.440000,12.000000,12.000000,20.000000,4.920000,1.000000
610.177979,166.000000,166.000000,2.560000,12.000000,12.000000,20.000000,4.920000,1.000000
610.182983,159.000000,159.000000,2.560000,10.000000,10.000000,20.000000,5.410000,1.000000
610.187988,191.000000,191.000000,2.590000,10.000000,10.000000,20.000000,5.410000,1.000000
610.192993,187.000000,187.000000,2.530000,12.000000,12.000000,20.000000,4.840000,1.000000
610.197998,142.000000,142.000000,2.770000,12.000000,12.000000,20.000000,4.840000,1.000000
610.203003,113.000000,113.000000,2.780000,10.000000,10.000000,20.000000,5.330000,1.000000
610.208008,149.000000,149.000000,2.970000,10.000000,10.000000,20.000000,5.330000,1.000000
610.213013,139.000000,139.000000,2.960000,12.000000,12.000000,20.000000,4.760000,1.000000
610.218018,103.000000,103.000000,3.110000,12.000000,12.000000,20.000000,4.760000,1.000000
610.223022,97.000000,97.000000,3.120000,10.000000,10.000000,20.000000,5.260000,1.000000
610.228027,136.000000,136.000000,3.230000,10.000000,10.000000,20.000000,5.260000,1.000000
610.232971,131.000000,131.000000,3.230000,10.000000,10.000000,20.000000,4.680000,1.000000
610.237976,90.000000,90.000000,3.410000,10.000000,10.000000,20.000000,4.680000,1.000000
610.242981,79.000000,79.000000,3.410000,10.000000,8.000000,20.000000,4.640000,1.000000
610.247986,83.000000,83.000000,3.520000,10.000000,8.000000,20.000000,4.640000,1.000000
610.252991,82.000000,82.000000,3.460000,10.000000,10.000000,20.000000,4.330000,1.000000
610.257996,75.000000,75.000000,3.520000,10.000000,10.000000,20.000000,4.330000,1.000000
610.263000,84.000000,84.000000,3.410000,8.000000,8.000000,20.000000,4.550000,1.000000
610.268005,121.000000,121.000000,3.330000,8.000000,8.000000,20.000000,4.550000,1.000000
610.273010,131.000000,131.000000,3.240000,8.000000,8.000000,20.000000,3.970000,1.000000
610.278015,92.000000,92.000000,3.270000,8.000000,8.000000,20.000000,3.970000,1.000000
610.283020,89.000000,89.000000,3.130000,6.000000,8.000000,20.000000,3.920000,1.000000
610.288025,103.000000,103.000000,3.150000,6.000000,8.000000,20.000000,3.920000,1.000000
610.293030,108.000000,108.000000,2.960000,8.000000,8.000000,20.000000,3.590000,1.000000
610.297974,106.000000,106.000000,2.920000,8.000000,8.000000,20.000000,3.590000,1.000000
610.302979,112.000000,112.000000,2.760000,6.000000,6.000000,20.000000,3.810000,1.000000
610.307983,142.000000,142.000000,2.730000,6.000000,6.000000,20.000000,3.810000,1.000000
610.312988,145.000000,145.000000,2.520000,8.000000,8.000000,20.000000,3.220000,1.000000
610.317993,114.000000,114.000000,2.540000,8.000000,8.000000,20.000000,3.220000,1.000000
610.322998,109.000000,109.000000,2.410000,6.000000,6.000000,20.000000,3.700000,1.000000
610.328003,155.000000,155.000000,2.380000,6.000000,6.000000,20.000000,3.700000,1.000000
610.333008,161.000000,161.000000,2.180000,6.000000,8.000000,20.000000,3.100000,1.000000
610.338013,131.000000,131.000000,2.240000,6.000000,8.000000,20.000000,3.100000,1.000000
610.343018,117.000000,117.000000,2.150000,6.000000,6.000000,20.000000,3.310000,1.000000
610.348022,136.000000,136.000000,2.170000,6.000000,6.000000,20.000000,3.310000,1.000000
610.353027,136.000000,136.000000,2.000000,8.000000,10.000000,20.000000,2.990000,1.000000
610.357971,125.000000,125.000000,2.070000,8.000000,10.000000,20.000000,2.990000,1.000000
610.362976,115.000000,115.000000,2.010000,6.000000,8.000000,20.000000,3.740000,1.000000
610.367981,171.000000,171.000000,2.000000,6.000000,8.000000,20.000000,3.740000,1.000000
610.372986,172.000000,172.000000,1.800000,10.000000,10.000000,20.000000,3.150000,1.000000
610.377991,143.000000,143.000000,1.810000,10.000000,10.000000,20.000000,3.150000,1.000000
610.382996,137.000000,137.000000,1.750000,8.000000,6.000000,20.000000,3.900000,1.000000
610.388000,194.000000,194.000000,1.780000,8.000000,6.000000,20.000000,3.900000,1.000000
610.393005,193.000000,193.000000,1.540000,8.000000,10.000000,20.000000,3.050000,1.000000
610.398010,145.000000,145.000000,1.580000,8.000000,10.000000,20.000000,3.050000,1.000000
610.403015,135.000000,135.000000,1.500000,8.000000,8.000000,20.000000,3.540000,1.000000
610.408020,174.000000,174.000000,1.590000,8.000000,8.000000,20.000000,3.540000,1.000000
610.413025,171.000000,171.000000,1.490000,8.000000,8.000000,20.000000,3.220000,1.000000
610.418030,158.000000,158.000000,1.570000,8.000000,8.000000,20.000000,3.220000,1.000000
610.422974,153.000000,153.000000,1.470000,8.000000,8.000000,20.000000,3.170000,1.000000
610.427979,157.000000,157.000000,1.480000,8.000000,8.000000,20.000000,3.170000,1.000000
610.432983,159.000000,159.000000,1.310000,10.000000,8.000000,20.000000,3.120000,1.000000
610.437988,163.000000,163.000000,1.450000,10.000000,8.000000,20.000000,3.120000,1.000000
610.442993,144.000000,144.000000,1.370000,8.000000,6.000000,20.000000,3.330000,1.000000
610.447998,165.000000,165.000000,1.290000,8.000000,6.000000,20.000000,3.330000,1.000000
610.453003,176.000000,176.000000,1.140000,10.000000,10.000000,20.000000,2.750000,1.000000
610.458008,141.000000,141.000000,1.330000,10.000000,10.000000,20.000000,2.750000,1.000000
610.463013,110.000000,110.000000,1.310000,10.000000,8.000000,20.000000,3.500000,1.000000
610.468018,161.000000,161.000000,1.460000,10.000000,8.000000,20.000000,3.500000,1.000000
610.473022,155.000000,155.000000,1.340000,10.000000,10.000000,20.000000,3.190000,1.000000
610.478027,151.000000,151.000000,1.370000,10.000000,10.000000,20.000000,3.190000,1.000000
610.482971,159.000000,159.000000,1.310000,10.000000,8.000000,20.000000,3.410000,1.000000
610.487976,181.000000,181.000000,1.140000,10.000000,8.000000,20.000000,3.410000,1.000000
610.492981,197.000000,197.000000,1.020000,10.000000,10.000000,20.000000,3.100000,1.000000
610.497986,175.000000,175.000000,1.230000,10.000000,10.000000,20.000000,3.100000,1.000000
610.502991,146.000000,146.000000,1.210000,10.000000,8.000000,20.000000,3.320000,1.000000
610.507996,162.000000,162.000000,1.290000,10.000000,8.000000,20.000000,3.320000,1.000000
610.513000,164.000000,164.000000,1.140000,10.000000,10.000000,20.000000,3.010000,1.000000
610.518005,156.000000,156.000000,1.240000,10.000000,10.000000,20.000000,3.010000,1.000000
610.523010,142.000000,142.000000,1.170000,10.000000,8.000000,20.000000,3.230000,1.000000
610.528015,162.000000,162.000000,1.210000,10.000000,8.000000,20.000000,3.230000,1.000000
610.533020,165.000000,165.000000,1.030000,12.000000,10.000000,20.000000,2.920000,1.000000
610.538025,155.000000,155.000000,1.150000,12.000000,10.000000,20.000000,2.920000,1.000000
610.543030,136.000000,136.000000,1.150000,10.000000,10.000000,20.000000,3.410000,1.000000
610.547974,167.000000,167.000000,1.250000,10.000000,10.000000,20.000000,3.410000,1.000000
610.552979,163.000000,163.000000,1.110000,10.000000,10.000000,20.000000,3.100000,1.000000
610.557983,157.000000,157.000000,1.260000,10.000000,10.000000,20.000000,3.100000,1.000000
610.562988,149.000000,149.000000,1.250000,8.000000,8.000000,20.000000,3.060000,1.000000
610.567993,148.000000,148.000000,1.200000,8.000000,8.000000,20.000000,3.060000,1.000000
610.572998,157.000000,157.000000,1.120000,10.000000,10.000000,20.000000,2.470000,1.000000
610.578003,117.000000,117.000000,1.320000,10.000000,10.000000,20.000000,2.470000,1.000000
610.583008,92.000000,92.000000,1.290000,10.000000,10.000000,20.000000,2.960000,1.000000
610.588013,132.000000,132.000000,1.410000,10.000000,10.000000,20.000000,2.960000,1.000000
610.593018,132.000000,132.000000,1.220000,10.000000,10.000000,20.000000,2.920000,1.000000
610.598022,154.000000,154.000000,1.190000,10.000000,10.000000,20.000000,2.920000,1.000000
610.603027,165.000000,165.000000,1.160000,8.000000,8.000000,20.000000,2.880000,1.000000
610.607971,167.000000,167.000000,0.920000,8.000000,8.000000,20.000000,2.880000,1.000000
610.612976,188.000000,188.000000,0.730000,10.000000,10.000000,20.000000,2.290000,1.000000
610.617981,158.000000,158.000000,0.860000,10.000000,10.000000,20.000000,2.290000,1.000000
610.622986,139.000000,139.000000,0.730000,8.000000,8.000000,20.000000,2.780000,1.000000
610.627991,187.000000,187.000000,0.660000,8.000000,8.000000,20.000000,2.780000,1.000000
610.632996,203.000000,203.000000,0.450000,10.000000,10.000000,20.000000,2.200000,1.000000
610.638000,175.000000,175.000000,0.570000,10.000000,10.000000,20.000000,2.200000,1.000000
610.643005,154.000000,154.000000,0.490000,8.000000,8.000000,20.000000,2.690000,1.000000
610.648010,192.000000,192.000000,0.490000,8.000000,8.000000,20.000000,2.690000,1.000000
610.653015,199.000000,199.000000,0.270000,12.000000,10.000000,20.000000,2.100000,1.000000
610.658020,175.000000,175.000000,0.340000,12.000000,10.000000,20.000000,2.100000,1.000000
610.663025,164.000000,164.000000,0.250000,8.000000,8.000000,20.000000,2.860000,1.000000
610.668030,222.000000,222.000000,0.260000,8.000000,8.000000,20.000000,2.860000,1.000000
610.672974,227.000000,227.000000,0.080000,10.000000,12.000000,20.000000,2.010000,1.000000
610.677979,177.000000,177.000000,0.190000,10.000000,12.000000,20.000000,2.010000,1.000000
610.682983,161.000000,161.000000,0.130000,8.000000,10.000000,20.000000,2.770000,1.000000
610.687988,217.000000,217.000000,0.110000,8.000000,10.000000,20.000000,2.770000,1.000000
610.692993,223.000000,223.000000,-0.060000,12.000000,10.000000,20.000000,2.190000,1.000000
610.697998,196.000000,196.000000,0.040000,12.000000,10.000000,20.000000,2.190000,1.000000
610.703003,181.000000,181.000000,0.000000,10.000000,10.000000,20.000000,2.690000,1.000000
610.708008,215.000000,215.000000,-0.090000,10.000000,10.000000,20.000000,2.690000,1.000000
610.713013,228.000000,228.000000,-0.240000,12.000000,12.000000,20.000000,2.380000,1.000000
610.718018,219.000000,219.000000,-0.160000,12.000000,12.000000,20.000000,2.380000,1.000000
610.723022,204.000000,204.000000,-0.150000,10.000000,10.000000,20.000000,2.880000,1.000000
610.728027,235.000000,235.000000,-0.330000,10.000000,10.000000,20.000000,2.880000,1.000000
610.732971,256.000000,256.000000,-0.410000,14.000000,14.000000,20.000000,2.300000,1.000000
610.737976,216.000000,216.000000,-0.210000,14.000000,14.000000,20.000000,2.300000,1.000000
610.742981,185.000000,185.000000,-0.290000,12.000000,10.000000,20.000000,3.340000,1.000000
610.747986,260.000000,260.000000,-0.220000,12.000000,10.000000,20.000000,3.340000,1.000000
610.752991,260.000000,260.000000,-0.320000,14.000000,14.000000,20.000000,2.500000,1.000000
610.757996,206.000000,206.000000,-0.210000,14.000000,14.000000,20.000000,2.500000,1.000000
610.763000,198.000000,198.000000,-0.290000,12.000000,12.000000,20.000000,3.270000,1.000000
610.768005,260.000000,260.000000,-0.290000,12.000000,12.000000,20.000000,3.270000,1.000000
610.773010,261.000000,261.000000,-0.350000,12.000000,12.000000,20.000000,2.710000,1.000000
610.778015,218.000000,218.000000,-0.130000,12.000000,12.000000,20.000000,2.710000,1.000000
610.783020,193.000000,193.000000,-0.140000,12.000000,12.000000,20.000000,2.670000,1.000000
610.788025,192.000000,192.000000,-0.170000,12.000000,12.000000,20.000000,2.670000,1.000000
610.793030,203.000000,203.000000,-0.310000,14.000000,14.000000,20.000000,2.640000,1.000000
610.797974,213.000000,213.000000,-0.120000,14.000000,14.000000,20.000000,2.640000,1.000000
610.802979,192.000000,192.000000,-0.130000,12.000000,12.000000,20.000000,3.140000,1.000000
610.807983,225.000000,225.000000,-0.120000,12.000000,12.000000,20.000000,3.140000,1.000000
610.812988,231.000000,231.000000,-0.140000,14.000000,14.000000,20.000000,2.580000,1.000000
610.817993,190.000000,190.000000,0.010000,14.000000,14.000000,20.000000,2.580000,1.000000
610.822998,175.000000,175.000000,0.050000,12.000000,12.000000,20.000000,3.080000,1.000000
610.828003,210.000000,210.000000,0.110000,12.000000,12.000000,20.000000,3.080000,1.000000
610.833008,210.000000,210.000000,0.010000,14.000000,12.000000,20.000000,2.520000,1.000000
610.838013,179.000000,179.000000,0.230000,14.000000,12.000000,20.000000,2.520000,1.000000
610.843018,157.000000,157.000000,0.240000,12.000000,12.000000,20.000000,2.750000,1.000000
610.848022,175.000000,175.000000,0.170000,12.000000,12.000000,20.000000,2.750000,1.000000
610.853027,192.000000,192.000000,0.100000,14.000000,14.000000,20.000000,2.450000,1.000000
610.857971,178.000000,178.000000,0.230000,14.000000,14.000000,20.000000,2.450000,1.000000
610.862976,166.000000,166.000000,0.120000,12.000000,12.000000,20.000000,2.960000,1.000000
610.867981,214.000000,214.000000,0.170000,12.000000,12.000000,20.000000,2.960000,1.000000
610.872986,218.000000,218.000000,0.070000,14.000000,12.000000,20.000000,2.390000,1.000000
610.877991,184.000000,184.000000,0.290000,14.000000,12.000000,20.000000,2.390000,1.000000
610.882996,159.000000,159.000000,0.190000,10.000000,10.000000,20.000000,2.630000,1.000000
610.888000,187.000000,187.000000,0.170000,10.000000,10.000000,20.000000,2.630000,1.000000
610.893005,201.000000,201.000000,0.050000,14.000000,12.000000,20.000000,1.790000,1.000000
610.898010,153.000000,153.000000,0.100000,14.000000,12.000000,20.000000,1.790000,1.000000
610.903015,145.000000,145.000000,0.020000,12.000000,10.000000,20.000000,2.560000,1.000000
610.908020,206.000000,206.000000,0.070000,12.000000,10.000000,20.000000,2.560000,1.000000
610.913025,209.000000,209.000000,-0.080000,14.000000,12.000000,20.000000,1.990000,1.000000
610.918030,181.000000,181.000000,0.020000,14.000000,12.000000,20.000000,1.990000,1.000000
610.922974,174.000000,174.000000,-0.080000,12.000000,10.000000,20.000000,2.490000,1.000000
610.927979,222.000000,222.000000,-0.180000,12.000000,10.000000,20.000000,2.490000,1.000000
610.932983,240.000000,240.000000,-0.360000,14.000000,12.000000,20.000000,1.920000,1.000000
610.937988,217.000000,217.000000,-0.330000,14.000000,12.000000,20.000000,1.920000,1.000000
610.942993,210.000000,210.000000,-0.420000,10.000000,10.000000,20.000000,2.420000,1.000000
610.947998,252.000000,252.000000,-0.600000,10.000000,10.000000,20.000000,2.420000,1.000000
610.953003,271.000000,271.000000,-0.770000,12.000000,14.000000,20.000000,1.580000,1.000000
610.958008,216.000000,216.000000,-0.650000,12.000000,14.000000,20.000000,1.580000,1.000000
610.963013,193.000000,193.000000,-0.660000,10.000000,12.000000,20.000000,2.350000,1.000000
610.968018,245.000000,245.000000,-0.760000,10.000000,12.000000,20.000000,2.350000,1.000000
610.973022,260.000000,260.000000,-0.960000,14.000000,14.000000,20.000000,1.780000,1.000000
610.978027,234.000000,234.000000,-0.870000,14.000000,14.000000,20.000000,1.780000,1.000000
610.982971,218.000000,218.000000,-0.930000,12.000000,12.000000,20.000000,2.550000,1.000000
610.987976,271.000000,271.000000,-1.030000,12.000000,12.000000,20.000000,2.550000,1.000000
610.992981,281.000000,281.000000,-1.180000,16.000000,14.000000,20.000000,1.980000,1.000000
610.997986,244.000000,244.000000,-0.910000,16.000000,14.000000,20.000000,1.980000,1.000000
611.002991,206.000000,206.000000,-0.970000,14.000000,12.000000,20.000000,2.760000,1.000000
611.007996,265.000000,265.000000,-1.050000,14.000000,12.000000,20.000000,2.760000,1.000000
611.013000,281.000000,281.000000,-1.110000,16.000000,16.000000,20.000000,2.200000,1.000000
611.018005,244.000000,244.000000,-1.070000,16.000000,16.000000,20.000000,2.200000,1.000000
611.023010,233.000000,233.000000,-1.090000,14.000000,12.000000,20.000000,2.970000,1.000000
611.028015,287.000000,287.000000,-1.000000,14.000000,12.000000,20.000000,2.970000,1.000000
611.033020,282.000000,282.000000,-1.050000,16.000000,16.000000,20.000000,2.150000,1.000000
611.038025,224.000000,224.000000,-0.910000,16.000000,16.000000,20.000000,2.150000,1.000000
611.043030,211.000000,211.000000,-0.810000,14.000000,14.000000,20.000000,2.930000,1.000000
611.047974,257.000000,257.000000,-0.860000,14.000000,14.000000,20.000000,2.930000,1.000000
611.052979,264.000000,264.000000,-0.810000,16.000000,16.000000,20.000000,2.370000,1.000000
611.057983,217.000000,217.000000,-0.580000,16.000000,16.000000,20.000000,2.370000,1.000000
611.062988,195.000000,195.000000,-0.600000,14.000000,12.000000,20.000000,2.880000,1.000000
611.067993,239.000000,239.000000,-0.660000,14.000000,12.000000,20.000000,2.880000,1.000000
611.072998,253.000000,253.000000,-0.620000,16.000000,16.000000,20.000000,2.060000,1.000000
611.078003,186.000000,186.000000,-0.420000,16.000000,16.000000,20.000000,2.060000,1.000000
611.083008,162.000000,162.000000,-0.420000,14.000000,14.000000,20.000000,2.840000,1.000000
611.088013,225.000000,225.000000,-0.220000,14.000000,14.000000,20.000000,2.840000,1.000000
611.093018,220.000000,220.000000,-0.240000,14.000000,16.000000,20.000000,2.280000,1.000000
611.098022,190.000000,190.000000,-0.150000,14.000000,16.000000,20.000000,2.280000,1.000000
611.103027,194.000000,194.000000,-0.260000,14.000000,14.000000,20.000000,2.520000,1.000000
611.107971,232.000000,232.000000,-0.270000,14.000000,14.000000,20.000000,2.520000,1.000000
611.112976,241.000000,241.000000,-0.350000,16.000000,14.000000,20.000000,2.230000,1.000000
611.117981,225.000000,225.000000,-0.260000,16.000000,14.000000,20.000000,2.230000,1.000000
611.122986,217.000000,217.000000,-0.370000,12.000000,12.000000,20.000000,2.480000,1.000000
611.127991,250.000000,250.000000,-0.530000,12.000000,12.000000,20.000000,2.480000,1.000000
611.132996,274.000000,274.000000,-0.700000,16.000000,14.000000,20.000000,1.650000,1.000000
611.138000,220.000000,220.000000,-0.510000,16.000000,14.000000,20.000000,1.650000,1.000000
611.143005,189.000000,189.000000,-0.620000,14.000000,12.000000,20.000000,2.420000,1.000000
611.148010,251.000000,251.000000,-0.680000,14.000000,12.000000,20.000000,2.420000,1.000000
611.153015,266.000000,266.000000,-0.710000,16.000000,14.000000,20.000000,1.860000,1.000000
611.158020,227.000000,227.000000,-0.630000,16.000000,14.000000,20.000000,1.860000,1.000000
611.163025,221.000000,221.000000,-0.760000,12.000000,12.000000,20.000000,2.370000,1.000000
611.168030,273.000000,273.000000,-0.910000,12.000000,12.000000,20.000000,2.370000,1.000000
611.172974,292.000000,292.000000,-1.070000,14.000000,14.000000,20.000000,1.540000,1.000000
611.177979,237.000000,237.000000,-0.970000,14.000000,14.000000,20.000000,1.540000,1.000000
611.182983,219.000000,219.000000,-1.060000,12.000000,14.000000,20.000000,2.040000,1.000000
611.187988,267.000000,267.000000,-1.160000,12.000000,14.000000,20.000000,2.040000,1.000000
611.192993,286.000000,286.000000,-1.260000,16.000000,16.000000,20.000000,1.750000,1.000000
611.197998,273.000000,273.000000,-1.160000,16.000000,16.000000,20.000000,1.750000,1.000000
611.203003,258.000000,258.000000,-1.180000,14.000000,14.000000,20.000000,2.530000,1.000000
611.208008,312.000000,312.000000,-1.330000,14.000000,14.000000,20.000000,2.530000,1.000000
611.213013,331.000000,331.000000,-1.430000,16.000000,16.000000,20.000000,1.970000,1.000000
611.218018,290.000000,290.000000,-1.270000,16.000000,16.000000,20.000000,1.970000,1.000000
611.223022,261.000000,261.000000,-1.320000,14.000000,14.000000,20.000000,2.480000,1.000000
611.228027,296.000000,296.000000,-1.370000,14.000000,14.000000,20.000000,2.480000,1.000000
611.232971,306.000000,306.000000,-1.480000,16.000000,18.000000,20.000000,1.930000,1.000000
611.237976,270.000000,270.000000,-1.430000,16.000000,18.000000,20.000000,1.930000,1.000000
611.242981,257.000000,257.000000,-1.490000,16.000000,16.000000,20.000000,2.710000,1.000000
611.247986,315.000000,315.000000,-1.540000,16.000000,16.000000,20.000000,2.710000,1.000000
611.252991,324.000000,324.000000,-1.580000,20.000000,18.000000,20.000000,2.430000,1.000000
611.257996,303.000000,303.000000,-1.480000,20.000000,18.000000,20.000000,2.430000,1.000000
611.263000,293.000000,293.000000,-1.500000,16.000000,16.000000,20.000000,3.220000,1.000000
611.268005,353.000000,353.000000,-1.720000,16.000000,16.000000,20.000000,3.220000,1.000000
611.273010,378.000000,378.000000,-1.780000,18.000000,18.000000,20.000000,2.410000,1.000000
611.278015,311.000000,311.000000,-1.590000,18.000000,18.000000,20.000000,2.410000,1.000000
611.283020,276.000000,276.000000,-1.530000,18.000000,16.000000,20.000000,2.930000,1.000000
611.288025,303.000000,303.000000,-1.550000,18.000000,16.000000,20.000000,2.930000,1.000000
611.293030,313.000000,313.000000,-1.560000,20.000000,20.000000,20.000000,2.650000,1.000000
611.297974,294.000000,294.000000,-1.490000,20.000000,20.000000,20.000000,2.650000,1.000000
611.302979,282.000000,282.000000,-1.400000,18.000000,16.000000,20.000000,3.450000,1.000000
611.307983,329.000000,329.000000,-1.500000,18.000000,16.000000,20.000000,3.450000,1.000000
611.312988,341.000000,341.000000,-1.440000,20.000000,20.000000,20.000000,2.640000,1.000000
611.317993,272.000000,272.000000,-1.290000,20.000000,20.000000,20.000000,2.640000,1.000000
611.322998,252.000000,252.000000,-1.290000,18.000000,18.000000,20.000000,3.440000,1.000000
611.328003,310.000000,310.000000,-1.300000,18.000000,18.000000,20.000000,3.440000,1.000000
611.333008,321.000000,321.000000,-1.290000,20.000000,20.000000,20.000000,2.900000,1.000000
611.338013,279.000000,279.000000,-1.090000,20.000000,20.000000,20.000000,2.900000,1.000000
611.343018,258.000000,258.000000,-1.040000,18.000000,16.000000,20.000000,3.430000,1.000000
611.348022,292.000000,292.000000,-1.060000,18.000000,16.000000,20.000000,3.430000,1.000000
611.353027,303.000000,303.000000,-1.070000,20.000000,20.000000,20.000000,2.620000,1.000000
611.357971,244.000000,244.000000,-0.860000,20.000000,20.000000,20.000000,2.620000,1.000000
611.362976,221.000000,221.000000,-0.820000,18.000000,18.000000,20.000000,3.410000,1.000000
611.367981,278.000000,278.000000,-0.710000,18.000000,18.000000,20.000000,3.410000,1.000000
611.372986,279.000000,279.000000,-0.720000,20.000000,20.000000,20.000000,2.870000,1.000000
611.377991,244.000000,244.000000,-0.550000,20.000000,20.000000,20.000000,2.870000,1.000000
611.382996,234.000000,234.000000,-0.540000,18.000000,16.000000,20.000000,3.410000,1.000000
611.388000,277.000000,277.000000,-0.630000,18.000000,16.000000,20.000000,3.410000,1.000000
611.393005,297.000000,297.000000,-0.690000,18.000000,20.000000,20.000000,2.600000,1.000000
611.398010,243.000000,243.000000,-0.450000,18.000000,20.000000,20.000000,2.600000,1.000000
611.403015,215.000000,215.000000,-0.460000,18.000000,16.000000,20.000000,3.120000,1.000000
611.408020,254.000000,254.000000,-0.490000,18.000000,16.000000,20.000000,3.120000,1.000000
611.413025,268.000000,268.000000,-0.560000,20.000000,18.000000,20.000000,2.580000,1.000000
611.418030,241.000000,241.000000,-0.490000,20.000000,18.000000,20.000000,2.580000,1.000000
611.422974,241.000000,241.000000,-0.500000,16.000000,16.000000,20.000000,3.110000,1.000000
611.427979,284.000000,284.000000,-0.640000,16.000000,16.000000,20.000000,3.110000,1.000000
611.432983,303.000000,303.000000,-0.680000,18.000000,18.000000,20.000000,2.290000,1.000000
611.437988,244.000000,244.000000,-0.520000,18.000000,18.000000,20.000000,2.290000,1.000000
611.442993,224.000000,224.000000,-0.620000,16.000000,14.000000,20.000000,2.810000,1.000000
611.447998,276.000000,276.000000,-0.650000,16.000000,14.000000,20.000000,2.810000,1.000000
611.453003,293.000000,293.000000,-0.880000,18.000000,18.000000,20.000000,2.000000,1.000000
611.458008,256.000000,256.000000,-0.840000,18.000000,18.000000,20.000000,2.000000,1.000000
611.463013,256.000000,256.000000,-1.050000,16.000000,14.000000,20.000000,2.780000,1.000000
611.468018,334.000000,334.000000,-1.220000,16.000000,14.000000,20.000000,2.780000,1.000000
611.473022,355.000000,355.000000,-1.380000,18.000000,18.000000,20.000000,1.970000,1.000000
611.478027,302.000000,302.000000,-1.280000,18.000000,18.000000,20.000000,1.970000,1.000000
611.482971,286.000000,286.000000,-1.300000,18.000000,16.000000,20.000000,2.750000,1.000000
611.487976,346.000000,346.000000,-1.520000,18.000000,16.000000,20.000000,2.750000,1.000000
611.492981,371.000000,371.000000,-1.620000,20.000000,20.000000,20.000000,2.480000,1.000000
611.497986,356.000000,356.000000,-1.620000,20.000000,20.000000,20.000000,2.480000,1.000000
611.502991,350.000000,350.000000,-1.740000,18.000000,16.000000,20.000000,3.270000,1.000000
611.507996,421.000000,421.000000,-2.020000,18.000000,16.000000,20.000000,3.270000,1.000000
611.513000,450.000000,450.000000,-2.160000,20.000000,18.000000,20.000000,2.460000,1.000000
611.518005,391.000000,391.000000,-2.180000,20.000000,18.000000,20.000000,2.460000,1.000000
611.523010,374.000000,374.000000,-2.020000,18.000000,18.000000,20.000000,2.990000,1.000000
611.528015,385.000000,385.000000,-2.160000,18.000000,18.000000,20.000000,2.990000,1.000000
611.533020,395.000000,395.000000,-2.300000,22.000000,22.000000,20.000000,2.720000,1.000000
611.538025,380.000000,380.000000,-2.290000,22.000000,22.000000,20.000000,2.720000,1.000000
611.543030,360.000000,360.000000,-2.090000,20.000000,20.000000,20.000000,3.790000,1.000000
611.547974,407.000000,407.000000,-2.210000,20.000000,20.000000,20.000000,3.790000,1.000000
611.552979,413.000000,413.000000,-2.140000,24.000000,22.000000,20.000000,3.260000,1.000000
611.557983,364.000000,364.000000,-2.020000,24.000000,22.000000,20.000000,3.260000,1.000000
611.562988,349.000000,349.000000,-1.980000,22.000000,22.000000,20.000000,4.070000,1.000000
611.567993,399.000000,399.000000,-2.000000,22.000000,22.000000,20.000000,4.070000,1.000000
611.572998,400.000000,400.000000,-1.840000,24.000000,24.000000,20.000000,3.810000,1.000000
611.578003,364.000000,364.000000,-1.720000,24.000000,24.000000,20.000000,3.810000,1.000000
611.583008,347.000000,347.000000,-1.590000,22.000000,22.000000,20.000000,4.360000,1.000000
611.588013,376.000000,376.000000,-1.610000,22.000000,22.000000,20.000000,4.360000,1.000000
611.593018,382.000000,382.000000,-1.490000,26.000000,24.000000,20.000000,3.830000,1.000000
611.598022,330.000000,330.000000,-1.270000,26.000000,24.000000,20.000000,3.830000,1.000000
611.603027,303.000000,303.000000,-1.090000,22.000000,22.000000,20.000000,4.650000,1.000000
611.607971,344.000000,344.000000,-1.000000,22.000000,22.000000,20.000000,4.650000,1.000000
611.612976,345.000000,345.000000,-0.800000,24.000000,24.000000,20.000000,3.860000,1.000000
611.617981,270.000000,270.000000,-0.640000,24.000000,24.000000,20.000000,3.860000,1.000000
611.622986,264.000000,264.000000,-0.430000,24.000000,22.000000,20.000000,4.410000,1.000000
611.627991,297.000000,297.000000,-0.390000,24.000000,22.000000,20.000000,4.410000,1.000000
611.632996,303.000000,303.000000,-0.310000,24.000000,24.000000,20.000000,4.160000,1.000000
611.638000,281.000000,281.000000,0.000000,24.000000,24.000000,20.000000,4.160000,1.000000
611.643005,259.000000,259.000000,0.090000,22.000000,20.000000,20.000000,4.440000,1.000000
611.648010,281.000000,281.000000,0.060000,22.000000,20.000000,20.000000,4.440000,1.000000
611.653015,299.000000,299.000000,0.130000,22.000000,24.000000,20.000000,3.650000,1.000000
611.658020,240.000000,240.000000,0.230000,22.000000,24.000000,20.000000,3.650000,1.000000
611.663025,239.000000,239.000000,0.280000,22.000000,20.000000,20.000000,4.190000,1.000000
611.668030,284.000000,284.000000,0.230000,22.000000,20.000000,20.000000,4.190000,1.000000
611.672974,300.000000,300.000000,0.190000,22.000000,22.000000,20.000000,3.670000,1.000000
611.677979,269.000000,269.000000,0.350000,22.000000,22.000000,20.000000,3.670000,1.000000
611.682983,264.000000,264.000000,0.250000,20.000000,18.000000,20.000000,3.940000,1.000000
611.687988,302.000000,302.000000,0.110000,20.000000,18.000000,20.000000,3.940000,1.000000
611.692993,328.000000,328.000000,0.060000,22.000000,20.000000,20.000000,3.140000,1.000000
611.697998,277.000000,277.000000,0.140000,22.000000,20.000000,20.000000,3.140000,1.000000
611.703003,267.000000,267.000000,0.020000,20.000000,18.000000,20.000000,3.680000,1.000000
611.708008,319.000000,319.000000,-0.090000,20.000000,18.000000,20.000000,3.680000,1.000000
611.713013,337.000000,337.000000,-0.120000,20.000000,20.000000,20.000000,3.140000,1.000000
611.718018,299.000000,299.000000,-0.050000,20.000000,20.000000,20.000000,3.140000,1.000000
611.723022,297.000000,297.000000,-0.200000,20.000000,18.000000,20.000000,3.410000,1.000000
611.728027,335.000000,335.000000,-0.540000,20.000000,18.000000,20.000000,3.410000,1.000000
611.732971,370.000000,370.000000,-0.600000,20.000000,20.000000,20.000000,3.140000,1.000000
611.737976,348.000000,348.000000,-0.550000,20.000000,20.000000,20.000000,3.140000,1.000000
611.742981,331.000000,331.000000,-0.650000,20.000000,18.000000,20.000000,3.400000,1.000000
611.747986,356.000000,356.000000,-0.840000,20.000000,18.000000,20.000000,3.400000,1.000000
611.752991,379.000000,379.000000,-0.820000,22.000000,20.000000,20.000000,3.130000,1.000000
611.757996,353.000000,353.000000,-0.840000,22.000000,20.000000,20.000000,3.130000,1.000000
611.763000,350.000000,350.000000,-0.840000,20.000000,18.000000,20.000000,3.670000,1.000000
611.768005,388.000000,388.000000,-1.110000,20.000000,18.000000,20.000000,3.670000,1.000000
611.773010,413.000000,413.000000,-1.170000,22.000000,22.000000,20.000000,3.130000,1.000000
611.778015,369.000000,369.000000,-1.100000,22.000000,22.000000,20.000000,3.130000,1.000000
611.783020,348.000000,348.000000,-1.050000,20.000000,20.000000,20.000000,3.940000,1.000000
611.788025,401.000000,401.000000,-1.090000,20.000000,20.000000,20.000000,3.940000,1.000000
611.793030,413.000000,413.000000,-1.180000,22.000000,24.000000,20.000000,3.410000,1.000000
611.797974,380.000000,380.000000,-1.190000,22.000000,24.000000,20.000000,3.410000,1.000000
611.802979,376.000000,376.000000,-1.160000,22.000000,22.000000,20.000000,4.220000,1.000000
611.807983,426.000000,426.000000,-1.270000,22.000000,22.000000,20.000000,4.220000,1.000000
611.812988,437.000000,437.000000,-1.350000,24.000000,24.000000,20.000000,3.960000,1.000000
611.817993,418.000000,418.000000,-1.270000,24.000000,24.000000,20.000000,3.960000,1.000000
611.822998,395.000000,395.000000,-1.210000,22.000000,22.000000,20.000000,4.510000,1.000000
611.828003,426.000000,426.000000,-1.290000,22.000000,22.000000,20.000000,4.510000,1.000000
611.833008,438.000000,438.000000,-1.460000,26.000000,26.000000,20.000000,3.980000,1.000000
611.838013,415.000000,415.000000,-1.510000,26.000000,26.000000,20.000000,3.980000,1.000000
611.843018,411.000000,411.000000,-1.410000,24.000000,24.000000,20.000000,5.070000,1.000000
611.848022,468.000000,468.000000,-1.520000,24.000000,24.000000,20.000000,5.070000,1.000000
611.853027,472.000000,472.000000,-1.520000,26.000000,26.000000,20.000000,4.560000,1.000000
611.857971,431.000000,431.000000,-1.420000,26.000000,26.000000,20.000000,4.560000,1.000000
611.862976,417.000000,417.000000,-1.240000,24.000000,24.000000,20.000000,5.120000,1.000000
611.867981,439.000000,439.000000,-1.350000,24.000000,24.000000,20.000000,5.120000,1.000000
611.872986,452.000000,452.000000,-1.420000,28.000000,26.000000,20.000000,4.600000,1.000000
611.877991,418.000000,418.000000,-1.310000,28.000000,26.000000,20.000000,4.600000,1.000000
611.882996,397.000000,397.000000,-1.100000,28.000000,26.000000,20.000000,5.430000,1.000000
611.888000,432.000000,432.000000,-1.180000,28.000000,26.000000,20.000000,5.430000,1.000000
611.893005,443.000000,443.000000,-1.130000,28.000000,28.000000,20.000000,5.460000,1.000000
611.898010,442.000000,442.000000,-1.080000,28.000000,28.000000,20.000000,5.460000,1.000000
611.903015,433.000000,433.000000,-0.850000,26.000000,26.000000,20.000000,5.760000,1.000000
611.908020,433.000000,433.000000,-0.800000,26.000000,26.000000,20.000000,5.760000,1.000000
611.913025,434.000000,434.000000,-0.800000,28.000000,28.000000,20.000000,5.250000,1.000000
611.918030,398.000000,398.000000,-0.610000,28.000000,28.000000,20.000000,5.250000,1.000000
611.922974,376.000000,376.000000,-0.450000,28.000000,28.000000,20.000000,5.820000,1.000000
611.927979,398.000000,398.000000,-0.500000,28.000000,28.000000,20.000000,5.820000,1.000000
611.932983,406.000000,406.000000,-0.320000,30.000000,28.000000,20.000000,5.850000,1.000000
611.937988,393.000000,393.000000,-0.140000,30.000000,28.000000,20.000000,5.850000,1.000000
611.942993,374.000000,374.000000,-0.030000,28.000000,26.000000,20.000000,6.160000,1.000000
611.947998,389.000000,389.000000,0.050000,28.000000,26.000000,20.000000,6.160000,1.000000
611.953003,393.000000,393.000000,0.200000,28.000000,28.000000,20.000000,5.660000,1.000000
611.958008,346.000000,346.000000,0.330000,28.000000,28.000000,20.000000,5.660000,1.000000
611.963013,339.000000,339.000000,0.440000,28.000000,26.000000,20.000000,5.960000,1.000000
611.968018,356.000000,356.000000,0.300000,28.000000,26.000000,20.000000,5.960000,1.000000
611.973022,380.000000,380.000000,0.490000,30.000000,28.000000,20.000000,5.720000,1.000000
611.978027,346.000000,346.000000,0.670000,30.000000,28.000000,20.000000,5.720000,1.000000
611.982971,332.000000,332.000000,0.710000,26.000000,26.000000,20.000000,6.290000,1.000000
611.987976,379.000000,379.000000,0.600000,26.000000,26.000000,20.000000,6.290000,1.000000
611.992981,404.000000,404.000000,0.720000,28.000000,28.000000,20.000000,5.520000,1.000000
611.997986,340.000000,340.000000,0.810000,28.000000,28.000000,20.000000,5.520000,1.000000
612.002991,336.000000,336.000000,0.870000,26.000000,24.000000,20.000000,6.090000,1.000000
612.007996,383.000000,383.000000,0.740000,26.000000,24.000000,20.000000,6.090000,1.000000
612.013000,407.000000,407.000000,0.800000,28.000000,28.000000,20.000000,5.310000,1.000000
612.018005,346.000000,346.000000,0.840000,28.000000,28.000000,20.000000,5.310000,1.000000
612.023010,345.000000,345.000000,0.750000,24.000000,24.000000,20.000000,6.140000,1.000000
612.028015,422.000000,422.000000,0.530000,24.000000,24.000000,20.000000,6.140000,1.000000
612.033020,450.000000,450.000000,0.570000,28.000000,28.000000,20.000000,5.100000,1.000000
612.038025,365.000000,365.000000,0.700000,28.000000,28.000000,20.000000,5.100000,1.000000
612.043030,352.000000,352.000000,0.590000,24.000000,24.000000,20.000000,6.190000,1.000000
612.047974,451.000000,451.000000,0.450000,24.000000,24.000000,20.000000,6.190000,1.000000
612.052979,476.000000,476.000000,0.410000,28.000000,26.000000,20.000000,5.150000,1.000000
612.057983,399.000000,399.000000,0.370000,28.000000,26.000000,20.000000,5.150000,1.000000
612.062988,396.000000,396.000000,0.370000,26.000000,24.000000,20.000000,5.980000,1.000000
612.067993,454.000000,454.000000,0.190000,26.000000,24.000000,20.000000,5.980000,1.000000
612.072998,476.000000,476.000000,0.110000,26.000000,26.000000,20.000000,5.470000,1.000000
612.078003,444.000000,444.000000,0.120000,26.000000,26.000000,20.000000,5.470000,1.000000
612.083008,436.000000,436.000000,0.160000,26.000000,26.000000,20.000000,5.760000,1.000000
612.088013,450.000000,450.000000,-0.080000,26.000000,26.000000,20.000000,5.760000,1.000000
612.093018,474.000000,474.000000,-0.430000,28.000000,26.000000,20.000000,5.780000,1.000000
612.098022,500.000000,500.000000,-0.290000,28.000000,26.000000,20.000000,5.780000,1.000000
612.103027,470.000000,470.000000,-0.160000,26.000000,26.000000,20.000000,6.080000,1.000000
612.107971,468.000000,468.000000,-0.360000,26.000000,26.000000,20.000000,6.080000,1.000000
612.112976,486.000000,486.000000,-0.550000,30.000000,28.000000,20.000000,5.840000,1.000000
612.117981,482.000000,482.000000,-0.390000,30.000000,28.000000,20.000000,5.840000,1.000000
612.122986,451.000000,451.000000,-0.230000,30.000000,28.000000,20.000000,6.670000,1.000000
612.127991,482.000000,482.000000,-0.290000,30.000000,28.000000,20.000000,6.670000,1.000000
612.132996,480.000000,480.000000,-0.400000,32.000000,30.000000,20.000000,6.710000,1.000000
612.138000,487.000000,487.000000,-0.260000,32.000000,30.000000,20.000000,6.710000,1.000000
612.143005,460.000000,460.000000,-0.070000,30.000000,30.000000,20.000000,7.290000,1.000000
612.148010,472.000000,472.000000,-0.050000,30.000000,30.000000,20.000000,7.290000,1.000000
612.153015,473.000000,473.000000,-0.100000,32.000000,30.000000,20.000000,7.070000,1.000000
612.158020,463.000000,463.000000,0.040000,32.000000,30.000000,20.000000,7.070000,1.000000
612.163025,444.000000,444.000000,0.180000,32.000000,32.000000,20.000000,7.380000,1.000000
612.168030,446.000000,446.000000,0.190000,32.000000,32.000000,20.000000,7.380000,1.000000
612.172974,444.000000,444.000000,0.250000,32.000000,32.000000,20.000000,7.700000,1.000000
612.177979,459.000000,459.000000,0.550000,32.000000,32.000000,20.000000,7.700000,1.000000
612.182983,416.000000,416.000000,0.800000,32.000000,32.000000,20.000000,7.750000,1.000000
612.187988,392.000000,392.000000,0.880000,32.000000,32.000000,20.000000,7.750000,1.000000
612.192993,394.000000,394.000000,1.060000,34.000000,32.000000,20.000000,7.800000,1.000000
612.197998,386.000000,386.000000,1.310000,34.000000,32.000000,20.000000,7.800000,1.000000
612.203003,367.000000,367.000000,1.550000,32.000000,30.000000,20.000000,8.120000,1.000000
612.208008,374.000000,374.000000,1.490000,32.000000,30.000000,20.000000,8.120000,1.000000
612.213013,382.000000,382.000000,1.830000,34.000000,32.000000,20.000000,7.640000,1.000000
612.218018,311.000000,311.000000,2.130000,34.000000,32.000000,20.000000,7.640000,1.000000
612.223022,281.000000,281.000000,2.320000,30.000000,30.000000,20.000000,8.230000,1.000000
612.228027,322.000000,322.000000,2.410000,30.000000,30.000000,20.000000,8.230000,1.000000
612.232971,329.000000,329.000000,2.710000,32.000000,30.000000,20.000000,7.470000,1.000000
612.237976,254.000000,254.000000,2.950000,32.000000,30.000000,20.000000,7.470000,1.000000
612.242981,254.000000,254.000000,3.000000,30.000000,28.000000,20.000000,7.790000,1.000000
612.247986,298.000000,298.000000,2.940000,30.000000,28.000000,20.000000,7.790000,1.000000
612.252991,323.000000,323.000000,3.020000,30.000000,30.000000,20.000000,7.290000,1.000000
612.257996,289.000000,289.000000,3.210000,30.000000,30.000000,20.000000,7.290000,1.000000
612.263000,285.000000,285.000000,3.030000,24.000000,26.000000,20.000000,7.600000,1.000000
612.268005,342.000000,342.000000,2.970000,24.000000,26.000000,20.000000,7.600000,1.000000
612.273010,365.000000,365.000000,3.020000,26.000000,26.000000,20.000000,6.300000,1.000000
612.278015,268.000000,268.000000,3.070000,26.000000,26.000000,20.000000,6.300000,1.000000
612.283020,279.000000,279.000000,2.870000,24.000000,24.000000,20.000000,6.590000,1.000000
612.288025,336.000000,336.000000,2.690000,24.000000,24.000000,20.000000,6.590000,1.000000
612.293030,365.000000,365.000000,2.590000,26.000000,26.000000,20.000000,6.070000,1.000000
612.297974,335.000000,335.000000,2.600000,26.000000,26.000000,20.000000,6.070000,1.000000
612.302979,339.000000,339.000000,2.340000,22.000000,22.000000,20.000000,6.630000,1.000000
612.307983,416.000000,416.000000,2.060000,22.000000,22.000000,20.000000,6.630000,1.000000
612.312988,448.000000,448.000000,1.930000,24.000000,24.000000,20.000000,5.580000,1.000000
612.317993,380.000000,380.000000,1.790000,24.000000,24.000000,20.000000,5.580000,1.000000
612.322998,380.000000,380.000000,1.720000,22.000000,22.000000,20.000000,6.120000,1.000000
612.328003,445.000000,445.000000,1.490000,22.000000,22.000000,20.000000,6.120000,1.000000
612.333008,411.000000,411.000000,1.360000,26.000000,22.000000,20.000000,5.600000,1.000000
612.338013,402.000000,402.000000,1.280000,26.000000,22.000000,20.000000,5.600000,1.000000
612.343018,434.000000,434.000000,1.260000,24.000000,22.000000,20.000000,6.150000,1.000000
612.348022,449.000000,449.000000,1.020000,24.000000,22.000000,20.000000,6.150000,1.000000
612.353027,445.000000,445.000000,0.760000,28.000000,24.000000,20.000000,5.900000,1.000000
612.357971,426.000000,426.000000,0.740000,28.000000,24.000000,20.000000,5.900000,1.000000
612.362976,458.000000,458.000000,0.850000,24.000000,24.000000,20.000000,6.720000,1.000000
612.367981,464.000000,464.000000,0.720000,24.000000,24.000000,20.000000,6.720000,1.000000
612.372986,423.000000,423.000000,0.720000,28.000000,26.000000,20.000000,6.210000,1.000000
612.377991,416.000000,416.000000,0.730000,28.000000,26.000000,20.000000,6.210000,1.000000
612.382996,460.000000,460.000000,0.850000,26.000000,26.000000,20.000000,7.030000,1.000000
612.388000,465.000000,465.000000,0.770000,26.000000,26.000000,20.000000,7.030000,1.000000
612.393005,443.000000,443.000000,0.710000,30.000000,28.000000,20.000000,6.790000,1.000000
612.398010,413.000000,413.000000,0.840000,30.000000,28.000000,20.000000,6.790000,1.000000
612.403015,447.000000,447.000000,1.010000,28.000000,26.000000,20.000000,7.630000,1.000000
612.408020,444.000000,444.000000,1.050000,28.000000,26.000000,20.000000,7.630000,1.000000
612.413025,398.000000,398.000000,1.110000,30.000000,28.000000,20.000000,7.130000,1.000000
612.418030,397.000000,397.000000,1.150000,30.000000,28.000000,20.000000,7.130000,1.000000
612.422974,421.000000,421.000000,1.360000,30.000000,26.000000,20.000000,7.700000,1.000000
612.427979,426.000000,426.000000,1.260000,30.000000,26.000000,20.000000,7.700000,1.000000
612.432983,395.000000,395.000000,1.320000,30.000000,28.000000,20.000000,7.470000,1.000000
612.437988,359.000000,359.000000,1.560000,30.000000,28.000000,20.000000,7.470000,1.000000
612.442993,365.000000,365.000000,1.720000,28.000000,28.000000,20.000000,7.770000,1.000000
612.447998,366.000000,366.000000,1.780000,28.000000,28.000000,20.000000,7.770000,1.000000
612.453003,366.000000,366.000000,1.980000,30.000000,28.000000,20.000000,7.540000,1.000000
612.458008,332.000000,332.000000,2.160000,30.000000,28.000000,20.000000,7.540000,1.000000
612.463013,321.000000,321.000000,2.340000,28.000000,26.000000,20.000000,7.840000,1.000000
612.468018,339.000000,339.000000,2.310000,28.000000,26.000000,20.000000,7.840000,1.000000
612.473022,351.000000,351.000000,2.380000,30.000000,28.000000,20.000000,7.340000,1.000000
612.478027,308.000000,308.000000,2.600000,30.000000,28.000000,20.000000,7.340000,1.000000
612.482971,290.000000,290.000000,2.700000,28.000000,26.000000,20.000000,7.910000,1.000000
612.487976,330.000000,330.000000,2.730000,28.000000,26.000000,20.000000,7.910000,1.000000
612.492981,338.000000,338.000000,2.890000,28.000000,28.000000,20.000000,7.410000,1.000000
612.497986,289.000000,289.000000,3.060000,28.000000,28.000000,20.000000,7.410000,1.000000
612.502991,290.000000,290.000000,2.970000,26.000000,24.000000,20.000000,7.710000,1.000000
612.507996,338.000000,338.000000,2.900000,26.000000,24.000000,20.000000,7.710000,1.000000
612.513000,360.000000,360.000000,2.910000,26.000000,26.000000,20.000000,6.940000,1.000000
612.518005,303.000000,303.000000,3.010000,26.000000,26.000000,20.000000,6.940000,1.000000
612.523010,298.000000,298.000000,2.910000,24.000000,24.000000,20.000000,7.230000,1.000000
612.528015,335.000000,335.000000,2.870000,24.000000,24.000000,20.000000,7.230000,1.000000
612.533020,349.000000,349.000000,2.870000,24.000000,24.000000,20.000000,6.710000,1.000000
612.538025,311.000000,311.000000,2.870000,24.000000,24.000000,20.000000,6.710000,1.000000
612.543030,321.000000,321.000000,2.740000,22.000000,22.000000,20.000000,6.730000,1.000000
612.547974,346.000000,346.000000,2.460000,22.000000,22.000000,20.000000,6.730000,1.000000
612.552979,378.000000,378.000000,2.300000,24.000000,24.000000,20.000000,6.210000,1.000000
612.557983,342.000000,342.000000,2.390000,24.000000,24.000000,20.000000,6.210000,1.000000
612.562988,319.000000,319.000000,2.330000,24.000000,22.000000,20.000000,6.760000,1.000000
612.567993,363.000000,363.000000,2.240000,24.000000,22.000000,20.000000,6.760000,1.000000
612.572998,376.000000,376.000000,2.350000,24.000000,22.000000,20.000000,6.500000,1.000000
612.578003,347.000000,347.000000,2.370000,24.000000,22.000000,20.000000,6.500000,1.000000
612.583008,354.000000,354.000000,2.260000,22.000000,22.000000,20.000000,6.520000,1.000000
612.588013,378.000000,378.000000,1.880000,22.000000,22.000000,20.000000,6.520000,1.000000
612.593018,419.000000,419.000000,1.800000,24.000000,22.000000,20.000000,6.260000,1.000000
612.598022,390.000000,390.000000,1.930000,24.000000,22.000000,20.000000,6.260000,1.000000
612.603027,350.000000,350.000000,1.780000,24.000000,20.000000,20.000000,6.540000,1.000000
612.607971,375.000000,375.000000,1.700000,24.000000,20.000000,20.000000,6.540000,1.000000
612.612976,386.000000,386.000000,1.810000,24.000000,24.000000,20.000000,6.280000,1.000000
612.617981,354.000000,354.000000,1.800000,24.000000,24.000000,20.000000,6.280000,1.000000
612.622986,360.000000,360.000000,1.790000,24.000000,22.000000,20.000000,6.830000,1.000000
612.627991,410.000000,410.000000,1.390000,24.000000,22.000000,20.000000,6.830000,1.000000
612.632996,450.000000,450.000000,1.410000,26.000000,26.000000,20.000000,6.580000,1.000000
612.638000,415.000000,415.000000,1.630000,26.000000,26.000000,20.000000,6.580000,1.000000
612.643005,373.000000,373.000000,1.570000,24.000000,22.000000,20.000000,7.400000,1.000000
612.648010,437.000000,437.000000,1.540000,24.000000,22.000000,20.000000,7.400000,1.000000
612.653015,446.000000,446.000000,1.520000,26.000000,26.000000,20.000000,6.620000,1.000000
612.658020,386.000000,386.000000,1.460000,26.000000,26.000000,20.000000,6.620000,1.000000
612.663025,391.000000,391.000000,1.580000,24.000000,24.000000,20.000000,7.440000,1.000000
612.668030,438.000000,438.000000,1.440000,24.000000,24.000000,20.000000,7.440000,1.000000
612.672974,443.000000,443.000000,1.500000,28.000000,26.000000,20.000000,6.920000,1.000000
612.677979,392.000000,392.000000,1.700000,28.000000,26.000000,20.000000,6.920000,1.000000
612.682983,364.000000,364.000000,1.820000,26.000000,24.000000,20.000000,7.750000,1.000000
612.687988,411.000000,411.000000,1.800000,26.000000,24.000000,20.000000,7.750000,1.000000
612.692993,418.000000,418.000000,1.860000,28.000000,28.000000,20.000000,7.240000,1.000000
612.697998,372.000000,372.000000,1.880000,28.000000,28.000000,20.000000,7.240000,1.000000
612.703003,366.000000,366.000000,2.050000,26.000000,24.000000,20.000000,8.070000,1.000000
612.708008,411.000000,411.000000,1.980000,26.000000,24.000000,20.000000,8.070000,1.000000
612.713013,418.000000,418.000000,2.110000,28.000000,26.000000,20.000000,7.300000,1.000000
612.718018,347.000000,347.000000,2.300000,28.000000,26.000000,20.000000,7.300000,1.000000
612.723022,329.000000,329.000000,2.310000,26.000000,24.000000,20.000000,7.860000,1.000000
612.728027,374.000000,374.000000,2.190000,26.000000,24.000000,20.000000,7.860000,1.000000
612.732971,394.000000,394.000000,2.260000,28.000000,28.000000,20.000000,7.350000,1.000000
612.737976,345.000000,345.000000,2.460000,28.000000,28.000000,20.000000,7.350000,1.000000
612.742981,324.000000,324.000000,2.450000,24.000000,24.000000,20.000000,8.180000,1.000000
612.747986,390.000000,390.000000,2.400000,24.000000,24.000000,20.000000,8.180000,1.000000
612.752991,403.000000,403.000000,2.570000,28.000000,26.000000,20.000000,7.130000,1.000000
612.757996,307.000000,307.000000,2.710000,28.000000,26.000000,20.000000,7.130000,1.000000
612.763000,298.000000,298.000000,2.690000,24.000000,22.000000,20.000000,7.960000,1.000000
612.768005,375.000000,375.000000,2.540000,24.000000,22.000000,20.000000,7.960000,1.000000
612.773010,399.000000,399.000000,2.590000,26.000000,26.000000,20.000000,6.910000,1.000000
612.778015,314.000000,314.000000,2.680000,26.000000,26.000000,20.000000,6.910000,1.000000
612.783020,308.000000,308.000000,2.690000,24.000000,24.000000,20.000000,7.730000,1.000000
612.788025,372.000000,372.000000,2.650000,24.000000,24.000000,20.000000,7.730000,1.000000
612.793030,384.000000,384.000000,2.710000,26.000000,26.000000,20.000000,7.220000,1.000000
612.797974,340.000000,340.000000,2.850000,26.000000,26.000000,20.000000,7.220000,1.000000
612.802979,335.000000,335.000000,2.810000,24.000000,22.000000,20.000000,7.780000,1.000000
612.807983,389.000000,389.000000,2.630000,24.000000,22.000000,20.000000,7.780000,1.000000
612.812988,415.000000,415.000000,2.570000,26.000000,24.000000,20.000000,6.990000,1.000000
612.817993,360.000000,360.000000,2.570000,26.000000,24.000000,20.000000,6.990000,1.000000
612.822998,354.000000,354.000000,2.670000,24.000000,22.000000,20.000000,7.550000,1.000000
612.828003,382.000000,382.000000,2.460000,24.000000,22.000000,20.000000,7.550000,1.000000
612.833008,400.000000,400.000000,2.460000,26.000000,24.000000,20.000000,7.030000,1.000000
612.838013,356.000000,356.000000,2.530000,26.000000,24.000000,20.000000,7.030000,1.000000
612.843018,345.000000,345.000000,2.450000,22.000000,22.000000,20.000000,7.580000,1.000000
612.848022,394.000000,394.000000,2.400000,22.000000,22.000000,20.000000,7.580000,1.000000
612.853027,403.000000,403.000000,2.440000,24.000000,26.000000,20.000000,6.790000,1.000000
612.857971,336.000000,336.000000,2.510000,24.000000,26.000000,20.000000,6.790000,1.000000
612.862976,331.000000,331.000000,2.460000,24.000000,22.000000,20.000000,7.610000,1.000000
612.867981,395.000000,395.000000,2.260000,24.000000,22.000000,20.000000,7.610000,1.000000
612.872986,414.000000,414.000000,2.220000,26.000000,26.000000,20.000000,7.090000,1.000000
612.877991,372.000000,372.000000,2.370000,26.000000,26.000000,20.000000,7.090000,1.000000
612.882996,351.000000,351.000000,2.320000,24.000000,22.000000,20.000000,7.920000,1.000000
612.888000,417.000000,417.000000,2.210000,24.000000,22.000000,20.000000,7.920000,1.000000
612.893005,435.000000,435.000000,2.240000,26.000000,24.000000,20.000000,7.130000,1.000000
612.898010,373.000000,373.000000,2.290000,26.000000,24.000000,20.000000,7.130000,1.000000
612.903015,367.000000,367.000000,2.400000,24.000000,22.000000,20.000000,7.680000,1.000000
612.908020,398.000000,398.000000,2.270000,24.000000,22.000000,20.000000,7.680000,1.000000
612.913025,413.000000,413.000000,2.230000,26.000000,26.000000,20.000000,7.170000,1.000000
612.918030,372.000000,372.000000,2.330000,26.000000,26.000000,20.000000,7.170000,1.000000
612.922974,351.000000,351.000000,2.440000,24.000000,22.000000,20.000000,7.990000,1.000000
612.927979,394.000000,394.000000,2.290000,24.000000,22.000000,20.000000,7.990000,1.000000
612.932983,410.000000,410.000000,2.400000,26.000000,26.000000,20.000000,7.200000,1.000000
612.937988,340.000000,340.000000,2.490000,26.000000,26.000000,20.000000,7.200000,1.000000
612.942993,329.000000,329.000000,2.570000,24.000000,24.000000,20.000000,8.030000,1.000000
612.947998,390.000000,390.000000,2.450000,24.000000,24.000000,20.000000,8.030000,1.000000
612.953003,408.000000,408.000000,2.480000,26.000000,24.000000,20.000000,7.510000,1.000000
612.958008,364.000000,364.000000,2.540000,26.000000,24.000000,20.000000,7.510000,1.000000
612.963013,359.000000,359.000000,2.530000,24.000000,24.000000,20.000000,7.800000,1.000000
612.968018,381.000000,381.000000,2.470000,24.000000,24.000000,20.000000,7.800000,1.000000
612.973022,391.000000,391.000000,2.530000,28.000000,26.000000,20.000000,7.550000,1.000000
612.978027,361.000000,361.000000,2.690000,28.000000,26.000000,20.000000,7.550000,1.000000
612.982971,342.000000,342.000000,2.730000,24.000000,24.000000,20.000000,8.380000,1.000000
612.987976,402.000000,402.000000,2.680000,24.000000,24.000000,20.000000,8.380000,1.000000
612.992981,412.000000,412.000000,2.750000,26.000000,26.000000,20.000000,7.600000,1.000000
612.997986,345.000000,345.000000,2.770000,26.000000,26.000000,20.000000,7.600000,1.000000
613.002991,344.000000,344.000000,2.750000,26.000000,22.000000,20.000000,8.160000,1.000000
613.007996,392.000000,392.000000,2.610000,26.000000,22.000000,20.000000,8.160000,1.000000
613.013000,407.000000,407.000000,2.710000,26.000000,26.000000,20.000000,7.640000,1.000000
613.018005,352.000000,352.000000,2.850000,26.000000,26.000000,20.000000,7.640000,1.000000
613.023010,331.000000,331.000000,2.890000,24.000000,24.000000,20.000000,8.200000,1.000000
613.028015,370.000000,370.000000,2.830000,24.000000,24.000000,20.000000,8.200000,1.000000
613.033020,382.000000,382.000000,2.980000,26.000000,26.000000,20.000000,7.680000,1.000000
613.038025,328.000000,328.000000,3.020000,26.000000,26.000000,20.000000,7.680000,1.000000
613.043030,331.000000,331.000000,3.070000,24.000000,22.000000,20.000000,8.240000,1.000000
613.047974,373.000000,373.000000,2.860000,24.000000,22.000000,20.000000,8.240000,1.000000
613.052979,395.000000,395.000000,2.960000,26.000000,26.000000,20.000000,7.460000,1.000000
613.057983,317.000000,317.000000,3.150000,26.000000,26.000000,20.000000,7.460000,1.000000
613.062988,288.000000,288.000000,3.240000,22.000000,24.000000,20.000000,8.280000,1.000000
613.067993,346.000000,346.000000,3.160000,22.000000,24.000000,20.000000,8.280000,1.000000
613.072998,360.000000,360.000000,3.250000,24.000000,24.000000,20.000000,7.500000,1.000000
613.078003,292.000000,292.000000,3.400000,24.000000,24.000000,20.000000,7.500000,1.000000
613.083008,291.000000,291.000000,3.280000,22.000000,22.000000,20.000000,7.780000,1.000000
613.088013,337.000000,337.000000,3.090000,22.000000,22.000000,20.000000,7.780000,1.000000
613.093018,367.000000,367.000000,3.020000,26.000000,24.000000,20.000000,7.260000,1.000000
613.098022,329.000000,329.000000,3.180000,26.000000,24.000000,20.000000,7.260000,1.000000
613.103027,304.000000,304.000000,3.070000,22.000000,20.000000,20.000000,8.080000,1.000000
613.107971,370.000000,370.000000,3.040000,22.000000,20.000000,20.000000,8.080000,1.000000
613.112976,378.000000,378.000000,3.190000,26.000000,22.000000,20.000000,7.020000,1.000000
613.117981,280.000000,280.000000,3.280000,26.000000,22.000000,20.000000,7.020000,1.000000
613.122986,284.000000,284.000000,3.170000,22.000000,20.000000,20.000000,7.830000,1.000000
613.127991,368.000000,368.000000,2.990000,22.000000,20.000000,20.000000,7.830000,1.000000
613.132996,393.000000,393.000000,2.930000,24.000000,22.000000,20.000000,7.040000,1.000000
613.138000,334.000000,334.000000,3.080000,24.000000,22.000000,20.000000,7.040000,1.000000
613.143005,313.000000,313.000000,3.040000,20.000000,18.000000,20.000000,7.580000,1.000000
613.148010,356.000000,356.000000,2.940000,20.000000,18.000000,20.000000,7.580000,1.000000
613.153015,371.000000,371.000000,2.880000,24.000000,24.000000,20.000000,6.520000,1.000000
613.158020,292.000000,292.000000,2.860000,24.000000,24.000000,20.000000,6.520000,1.000000
613.163025,292.000000,292.000000,2.870000,20.000000,20.000000,20.000000,7.860000,1.000000
613.168030,391.000000,391.000000,2.660000,20.000000,20.000000,20.000000,7.860000,1.000000
613.172974,411.000000,411.000000,2.720000,24.000000,22.000000,20.000000,6.800000,1.000000
613.177979,322.000000,322.000000,2.800000,24.000000,22.000000,20.000000,6.800000,1.000000
613.182983,312.000000,312.000000,2.740000,20.000000,20.000000,20.000000,7.610000,1.000000
613.187988,382.000000,382.000000,2.540000,20.000000,20.000000,20.000000,7.610000,1.000000
613.192993,405.000000,405.000000,2.510000,22.000000,22.000000,20.000000,6.810000,1.000000
613.197998,339.000000,339.000000,2.600000,22.000000,22.000000,20.000000,6.810000,1.000000
613.203003,323.000000,323.000000,2.510000,20.000000,20.000000,20.000000,7.350000,1.000000
613.208008,371.000000,371.000000,2.400000,20.000000,20.000000,20.000000,7.350000,1.000000
613.213013,386.000000,386.000000,2.290000,24.000000,22.000000,20.000000,6.820000,1.000000
613.218018,350.000000,350.000000,2.320000,24.000000,22.000000,20.000000,6.820000,1.000000
613.223022,336.000000,336.000000,2.350000,20.000000,22.000000,20.000000,7.630000,1.000000
613.228027,386.000000,386.000000,2.300000,20.000000,22.000000,20.000000,7.630000,1.000000
613.232971,390.000000,390.000000,2.270000,24.000000,22.000000,20.000000,7.100000,1.000000
613.237976,347.000000,347.000000,2.320000,24.000000,22.000000,20.000000,7.100000,1.000000
613.242981,338.000000,338.000000,2.340000,22.000000,20.000000,20.000000,7.650000,1.000000
613.247986,369.000000,369.000000,2.270000,22.000000,20.000000,20.000000,7.650000,1.000000
613.252991,373.000000,373.000000,2.370000,24.000000,24.000000,20.000000,7.120000,1.000000
613.257996,317.000000,317.000000,2.500000,24.000000,24.000000,20.000000,7.120000,1.000000
613.263000,301.000000,301.000000,2.570000,22.000000,20.000000,20.000000,7.930000,1.000000
613.268005,356.000000,356.000000,2.470000,22.000000,20.000000,20.000000,7.930000,1.000000
613.273010,368.000000,368.000000,2.500000,24.000000,24.000000,20.000000,7.140000,1.000000
613.278015,302.000000,302.000000,2.700000,24.000000,24.000000,20.000000,7.140000,1.000000
613.283020,284.000000,284.000000,2.800000,22.000000,22.000000,20.000000,7.960000,1.000000
613.288025,333.000000,333.000000,2.750000,22.000000,22.000000,20.000000,7.960000,1.000000
613.293030,342.000000,342.000000,2.880000,24.000000,24.000000,20.000000,7.430000,1.000000
613.297974,290.000000,290.000000,3.050000,24.000000,24.000000,20.000000,7.430000,1.000000
613.302979,282.000000,282.000000,3.090000,22.000000,20.000000,20.000000,7.980000,1.000000
613.307983,326.000000,326.000000,3.180000,22.000000,20.000000,20.000000,7.980000,1.000000
613.312988,328.000000,328.000000,3.170000,24.000000,22.000000,20.000000,7.190000,1.000000
613.317993,269.000000,269.000000,3.360000,24.000000,22.000000,20.000000,7.190000,1.000000
613.322998,261.000000,261.000000,3.320000,22.000000,20.000000,20.000000,7.730000,1.000000
613.328003,309.000000,309.000000,3.260000,22.000000,20.000000,20.000000,7.730000,1.000000
613.333008,320.000000,320.000000,3.290000,22.000000,22.000000,20.000000,7.210000,1.000000
613.338013,274.000000,274.000000,3.460000,22.000000,22.000000,20.000000,7.210000,1.000000
613.343018,259.000000,259.000000,3.390000,20.000000,20.000000,20.000000,7.480000,1.000000
613.348022,289.000000,289.000000,3.400000,20.000000,20.000000,20.000000,7.480000,1.000000
613.353027,298.000000,298.000000,3.340000,24.000000,22.000000,20.000000,6.950000,1.000000
613.357971,262.000000,262.000000,3.440000,24.000000,22.000000,20.000000,6.950000,1.000000
613.362976,256.000000,256.000000,3.390000,20.000000,20.000000,20.000000,7.760000,1.000000
613.367981,324.000000,324.000000,3.270000,20.000000,20.000000,20.000000,7.760000,1.000000
613.372986,341.000000,341.000000,3.300000,22.000000,20.000000,20.000000,6.960000,1.000000
613.377991,276.000000,276.000000,3.410000,22.000000,20.000000,20.000000,6.960000,1.000000
613.382996,259.000000,259.000000,3.380000,18.000000,18.000000,20.000000,7.230000,1.000000
613.388000,281.000000,281.000000,3.350000,18.000000,18.000000,20.000000,7.230000,1.000000
613.393005,288.000000,288.000000,3.340000,22.000000,20.000000,20.000000,6.430000,1.000000
613.398010,227.000000,227.000000,3.420000,22.000000,20.000000,20.000000,6.430000,1.000000
613.403015,222.000000,222.000000,3.410000,18.000000,18.000000,20.000000,7.230000,1.000000
613.408020,283.000000,283.000000,3.270000,18.000000,18.000000,20.000000,7.230000,1.000000
613.413025,298.000000,298.000000,3.300000,22.000000,20.000000,20.000000,6.420000,1.000000
613.418030,233.000000,233.000000,3.520000,22.000000,20.000000,20.000000,6.420000,1.000000
613.422974,216.000000,216.000000,3.390000,18.000000,16.000000,20.000000,7.220000,1.000000
613.427979,297.000000,297.000000,3.310000,18.000000,16.000000,20.000000,7.220000,1.000000
613.432983,315.000000,315.000000,3.210000,20.000000,18.000000,20.000000,6.150000,1.000000
613.437988,240.000000,240.000000,3.310000,20.000000,18.000000,20.000000,6.150000,1.000000
613.442993,226.000000,226.000000,3.210000,18.000000,16.000000,20.000000,6.670000,1.000000
613.447998,274.000000,274.000000,3.230000,18.000000,16.000000,20.000000,6.670000,1.000000
613.453003,278.000000,278.000000,3.150000,18.000000,18.000000,20.000000,6.130000,1.000000
613.458008,245.000000,245.000000,3.260000,18.000000,18.000000,20.000000,6.130000,1.000000
613.463013,237.000000,237.000000,3.190000,16.000000,16.000000,20.000000,6.390000,1.000000
613.468018,263.000000,263.000000,3.100000,16.000000,16.000000,20.000000,6.390000,1.000000
613.473022,277.000000,277.000000,3.040000,20.000000,18.000000,20.000000,5.840000,1.000000
613.478027,239.000000,239.000000,3.190000,20.000000,18.000000,20.000000,5.840000,1.000000
613.482971,222.000000,222.000000,3.100000,16.000000,16.000000,20.000000,6.630000,1.000000
613.487976,286.000000,286.000000,3.030000,16.000000,16.000000,20.000000,6.630000,1.000000
613.492981,298.000000,298.000000,2.970000,20.000000,18.000000,20.000000,5.820000,1.000000
613.497986,240.000000,240.000000,3.100000,20.000000,18.000000,20.000000,5.820000,1.000000
613.502991,223.000000,223.000000,3.040000,16.000000,16.000000,20.000000,6.610000,1.000000
613.507996,288.000000,288.000000,2.900000,16.000000,16.000000,20.000000,6.610000,1.000000
613.513000,307.000000,307.000000,2.720000,18.000000,16.000000,20.000000,5.800000,1.000000
613.518005,258.000000,258.000000,2.810000,18.000000,16.000000,20.000000,5.800000,1.000000
613.523010,248.000000,248.000000,2.730000,16.000000,14.000000,20.000000,6.050000,1.000000
613.528015,273.000000,273.000000,2.530000,16.000000,14.000000,20.000000,6.050000,1.000000
613.533020,291.000000,291.000000,2.460000,18.000000,16.000000,20.000000,5.500000,1.000000
613.538025,249.000000,249.000000,2.630000,18.000000,16.000000,20.000000,5.500000,1.000000
613.543030,231.000000,231.000000,2.450000,14.000000,14.000000,20.000000,6.010000,1.000000
613.547974,286.000000,286.000000,2.370000,14.000000,14.000000,20.000000,6.010000,1.000000
613.552979,299.000000,299.000000,2.310000,20.000000,16.000000,20.000000,5.190000,1.000000
613.557983,238.000000,238.000000,2.430000,20.000000,16.000000,20.000000,5.190000,1.000000
613.562988,218.000000,218.000000,2.370000,16.000000,14.000000,20.000000,6.250000,1.000000
613.567993,299.000000,299.000000,2.370000,16.000000,14.000000,20.000000,6.250000,1.000000
613.572998,304.000000,304.000000,2.250000,18.000000,16.000000,20.000000,5.430000,1.000000
613.578003,250.000000,250.000000,2.470000,18.000000,16.000000,20.000000,5.430000,1.000000
613.583008,230.000000,230.000000,2.370000,14.000000,14.000000,20.000000,5.950000,1.000000
613.588013,277.000000,277.000000,2.260000,14.000000,14.000000,20.000000,5.950000,1.000000
613.593018,292.000000,292.000000,2.270000,18.000000,18.000000,20.000000,5.120000,1.000000
613.598022,223.000000,223.000000,2.340000,18.000000,18.000000,20.000000,5.120000,1.000000
613.603027,212.000000,212.000000,2.210000,16.000000,16.000000,20.000000,6.180000,1.000000
613.607971,305.000000,305.000000,2.160000,16.000000,16.000000,20.000000,6.180000,1.000000
613.612976,312.000000,312.000000,2.050000,18.000000,18.000000,20.000000,5.630000,1.000000
613.617981,276.000000,276.000000,2.200000,18.000000,18.000000,20.000000,5.630000,1.000000
613.622986,264.000000,264.000000,2.120000,16.000000,14.000000,20.000000,6.150000,1.000000
613.627991,314.000000,314.000000,1.860000,16.000000,14.000000,20.000000,6.150000,1.000000
613.632996,340.000000,340.000000,1.890000,56.000000,18.000000,20.000000,5.330000,1.000000
613.638000,266.000000,266.000000,1.980000,56.000000,18.000000,20.000000,5.330000,1.000000
613.643005,241.000000,241.000000,1.990000,16.000000,16.000000,20.000000,11.250000,1.000000
613.648010,678.000000,678.000000,1.960000,16.000000,16.000000,20.000000,11.250000,1.000000
613.653015,681.000000,681.000000,1.960000,18.000000,16.000000,20.000000,5.650000,1.000000
613.658020,256.000000,256.000000,2.200000,18.000000,16.000000,20.000000,5.650000,1.000000
613.663025,235.000000,235.000000,2.130000,16.000000,16.000000,20.000000,5.910000,1.000000
613.668030,262.000000,262.000000,2.050000,16.000000,16.000000,20.000000,5.910000,1.000000
613.672974,274.000000,274.000000,2.100000,18.000000,18.000000,20.000000,5.620000,1.000000
613.677979,237.000000,237.000000,2.290000,18.000000,18.000000,20.000000,5.620000,1.000000
613.682983,213.000000,213.000000,2.260000,16.000000,14.000000,20.000000,6.150000,1.000000
613.687988,256.000000,256.000000,2.370000,16.000000,14.000000,20.000000,6.150000,1.000000
613.692993,252.000000,252.000000,2.360000,18.000000,18.000000,20.000000,5.330000,1.000000
613.697998,194.000000,194.000000,2.600000,18.000000,18.000000,20.000000,5.330000,1.000000
613.703003,179.000000,179.000000,2.510000,16.000000,16.000000,20.000000,6.120000,1.000000
613.708008,253.000000,253.000000,2.550000,16.000000,16.000000,20.000000,6.120000,1.000000
613.713013,257.000000,257.000000,2.530000,18.000000,16.000000,20.000000,5.570000,1.000000
613.718018,216.000000,216.000000,2.710000,18.000000,16.000000,20.000000,5.570000,1.000000
613.723022,200.000000,200.000000,2.620000,14.000000,14.000000,20.000000,5.820000,1.000000
613.728027,234.000000,234.000000,2.610000,14.000000,14.000000,20.000000,5.820000,1.000000
613.732971,242.000000,242.000000,2.590000,16.000000,18.000000,20.000000,5.000000,1.000000
613.737976,184.000000,184.000000,2.760000,16.000000,18.000000,20.000000,5.000000,1.000000
613.742981,173.000000,173.000000,2.660000,14.000000,14.000000,20.000000,5.780000,1.000000
613.747986,248.000000,248.000000,2.620000,14.000000,14.000000,20.000000,5.780000,1.000000
613.752991,261.000000,261.000000,2.470000,16.000000,16.000000,20.000000,4.960000,1.000000
613.757996,212.000000,212.000000,2.590000,16.000000,16.000000,20.000000,4.960000,1.000000
613.763000,199.000000,199.000000,2.510000,14.000000,14.000000,20.000000,5.470000,1.000000
613.768005,249.000000,249.000000,2.500000,14.000000,14.000000,20.000000,5.470000,1.000000
613.773010,256.000000,256.000000,2.340000,16.000000,16.000000,20.000000,4.920000,1.000000
613.778015,228.000000,228.000000,2.500000,16.000000,16.000000,20.000000,4.920000,1.000000
613.783020,216.000000,216.000000,2.300000,14.000000,12.000000,20.000000,5.430000,1.000000
613.788025,277.000000,277.000000,2.200000,14.000000,12.000000,20.000000,5.430000,1.000000
613.793030,291.000000,291.000000,2.050000,16.000000,14.000000,20.000000,4.600000,1.000000
613.797974,233.000000,233.000000,2.160000,16.000000,14.000000,20.000000,4.600000,1.000000
613.802979,213.000000,213.000000,2.030000,12.000000,12.000000,20.000000,5.110000,1.000000
613.807983,261.000000,261.000000,2.020000,12.000000,12.000000,20.000000,5.110000,1.000000
613.812988,265.000000,265.000000,1.970000,16.000000,14.000000,20.000000,4.280000,1.000000
613.817993,206.000000,206.000000,2.080000,16.000000,14.000000,20.000000,4.280000,1.000000
613.822998,199.000000,199.000000,1.900000,14.000000,12.000000,20.000000,5.060000,1.000000
613.828003,280.000000,280.000000,1.710000,14.000000,12.000000,20.000000,5.060000,1.000000
613.833008,299.000000,299.000000,1.670000,16.000000,16.000000,20.000000,4.500000,1.000000
613.838013,248.000000,248.000000,1.870000,16.000000,16.000000,20.000000,4.500000,1.000000
613.843018,219.000000,219.000000,1.740000,14.000000,12.000000,20.000000,5.280000,1.000000
613.848022,288.000000,288.000000,1.640000,14.000000,12.000000,20.000000,5.280000,1.000000
613.853027,303.000000,303.000000,1.650000,16.000000,16.000000,20.000000,4.450000,1.000000
613.857971,242.000000,242.000000,1.680000,16.000000,16.000000,20.000000,4.450000,1.000000
613.862976,243.000000,243.000000,1.510000,16.000000,14.000000,20.000000,5.230000,1.000000
613.867981,322.000000,322.000000,1.280000,16.000000,14.000000,20.000000,5.230000,1.000000
613.872986,345.000000,345.000000,1.250000,16.000000,14.000000,20.000000,4.940000,1.000000
613.877991,309.000000,309.000000,1.420000,16.000000,14.000000,20.000000,4.940000,1.000000
613.882996,275.000000,275.000000,1.330000,14.000000,14.000000,20.000000,4.920000,1.000000
613.888000,278.000000,278.000000,1.210000,14.000000,14.000000,20.000000,4.920000,1.000000
613.893005,293.000000,293.000000,1.280000,18.000000,16.000000,20.000000,4.630000,1.000000
613.898010,261.000000,261.000000,1.410000,18.000000,16.000000,20.000000,4.630000,1.000000
613.903015,246.000000,246.000000,1.260000,16.000000,16.000000,20.000000,5.410000,1.000000
613.908020,318.000000,318.000000,1.220000,16.000000,16.000000,20.000000,5.410000,1.000000
613.913025,322.000000,322.000000,1.240000,18.000000,18.000000,20.000000,5.130000,1.000000
613.918030,285.000000,285.000000,1.490000,18.000000,18.000000,20.000000,5.130000,1.000000
613.922974,257.000000,257.000000,1.410000,16.000000,16.000000,20.000000,5.650000,1.000000
613.927979,306.000000,306.000000,1.290000,16.000000,16.000000,20.000000,5.650000,1.000000
613.932983,321.000000,321.000000,1.340000,18.000000,18.000000,20.000000,5.100000,1.000000
613.937988,266.000000,266.000000,1.510000,18.000000,18.000000,20.000000,5.100000,1.000000
613.942993,248.000000,248.000000,1.420000,18.000000,16.000000,20.000000,5.630000,1.000000
613.947998,299.000000,299.000000,1.320000,18.000000,16.000000,20.000000,5.630000,1.000000
613.953003,312.000000,312.000000,1.300000,18.000000,18.000000,20.000000,5.350000,1.000000
613.958008,283.000000,283.000000,1.520000,18.000000,18.000000,20.000000,5.350000,1.000000
613.963013,253.000000,253.000000,1.560000,16.000000,18.000000,20.000000,5.600000,1.000000
613.968018,270.000000,270.000000,1.490000,16.000000,18.000000,20.000000,5.600000,1.000000
613.973022,281.000000,281.000000,1.630000,18.000000,18.000000,20.000000,5.330000,1.000000
613.978027,247.000000,247.000000,1.800000,18.000000,18.000000,20.000000,5.330000,1.000000
613.982971,230.000000,230.000000,1.750000,16.000000,16.000000,20.000000,5.580000,1.000000
613.987976,260.000000,260.000000,1.700000,16.000000,16.000000,20.000000,5.580000,1.000000
613.992981,271.000000,271.000000,1.720000,18.000000,18.000000,20.000000,5.030000,1.000000
613.997986,220.000000,220.000000,1.930000,18.000000,18.000000,20.000000,5.030000,1.000000
614.002991,196.000000,196.000000,1.900000,16.000000,16.000000,20.000000,5.560000,1.000000
614.007996,238.000000,238.000000,2.000000,16.000000,16.000000,20.000000,5.560000,1.000000
614.013000,236.000000,236.000000,1.970000,20.000000,18.000000,20.000000,5.010000,1.000000
614.018005,199.000000,199.000000,2.180000,20.000000,18.000000,20.000000,5.010000,1.000000
614.023010,191.000000,191.000000,2.070000,16.000000,14.000000,20.000000,5.800000,1.000000
614.028015,271.000000,271.000000,2.110000,16.000000,14.000000,20.000000,5.800000,1.000000
614.033020,280.000000,280.000000,2.020000,18.000000,16.000000,20.000000,4.720000,1.000000
614.038025,208.000000,208.000000,2.180000,18.000000,16.000000,20.000000,4.720000,1.000000
614.043030,193.000000,193.000000,2.080000,16.000000,16.000000,20.000000,5.240000,1.000000
614.047974,244.000000,244.000000,2.190000,16.000000,16.000000,20.000000,5.240000,1.000000
614.052979,243.000000,243.000000,2.120000,18.000000,16.000000,20.000000,4.950000,1.000000
614.057983,232.000000,232.000000,2.200000,18.000000,16.000000,20.000000,4.950000,1.000000
614.062988,232.000000,232.000000,2.110000,16.000000,16.000000,20.000000,5.210000,1.000000
614.067993,265.000000,265.000000,1.970000,16.000000,16.000000,20.000000,5.210000,1.000000
614.072998,283.000000,283.000000,1.890000,16.000000,16.000000,20.000000,4.920000,1.000000
614.078003,264.000000,264.000000,1.990000,16.000000,16.000000,20.000000,4.920000,1.000000
614.083008,252.000000,252.000000,1.860000,14.000000,14.000000,20.000000,4.910000,1.000000
614.088013,264.000000,264.000000,1.670000,14.000000,14.000000,20.000000,4.910000,1.000000
614.093018,285.000000,285.000000,1.610000,18.000000,16.000000,20.000000,4.350000,1.000000
614.098022,244.000000,244.000000,1.690000,18.000000,16.000000,20.000000,4.350000,1.000000
614.103027,234.000000,234.000000,1.590000,14.000000,14.000000,20.000000,5.130000,1.000000
614.107971,299.000000,299.000000,1.450000,14.000000,14.000000,20.000000,5.130000,1.000000
614.112976,314.000000,314.000000,1.360000,16.000000,16.000000,20.000000,4.310000,1.000000
614.117981,254.000000,254.000000,1.520000,16.000000,16.000000,20.000000,4.310000,1.000000
614.122986,232.000000,232.000000,1.410000,16.000000,14.000000,20.000000,4.820000,1.000000
614.127991,281.000000,281.000000,1.390000,16.000000,14.000000,20.000000,4.820000,1.000000
614.132996,291.000000,291.000000,1.200000,18.000000,16.000000,20.000000,4.540000,1.000000
614.138000,289.000000,289.000000,1.240000,18.000000,16.000000,20.000000,4.540000,1.000000
614.143005,285.000000,285.000000,1.130000,16.000000,16.000000,20.000000,5.060000,1.000000
614.148010,326.000000,326.000000,0.950000,16.000000,16.000000,20.000000,5.060000,1.000000
614.153015,342.000000,342.000000,0.960000,20.000000,16.000000,20.000000,4.770000,1.000000
614.158020,311.000000,311.000000,1.140000,20.000000,16.000000,20.000000,4.770000,1.000000
614.163025,286.000000,286.000000,0.990000,16.000000,14.000000,20.000000,5.300000,1.000000
614.168030,335.000000,335.000000,0.900000,16.000000,14.000000,20.000000,5.300000,1.000000
614.172974,347.000000,347.000000,0.870000,20.000000,18.000000,20.000000,4.480000,1.000000
614.177979,280.000000,280.000000,0.970000,20.000000,18.000000,20.000000,4.480000,1.000000
614.182983,258.000000,258.000000,1.030000,18.000000,16.000000,20.000000,5.540000,1.000000
614.187988,326.000000,326.000000,1.060000,18.000000,16.000000,20.000000,5.540000,1.000000
614.192993,326.000000,326.000000,0.990000,20.000000,18.000000,20.000000,4.990000,1.000000
614.197998,291.000000,291.000000,1.110000,20.000000,18.000000,20.000000,4.990000,1.000000
614.203003,283.000000,283.000000,1.180000,18.000000,18.000000,20.000000,5.520000,1.000000
614.208008,314.000000,314.000000,1.070000,18.000000,18.000000,20.000000,5.520000,1.000000
614.213013,326.000000,326.000000,1.130000,20.000000,18.000000,20.000000,5.240000,1.000000
614.218018,300.000000,300.000000,1.230000,20.000000,18.000000,20.000000,5.240000,1.000000
614.223022,283.000000,283.000000,1.250000,18.000000,16.000000,20.000000,5.500000,1.000000
614.228027,301.000000,301.000000,1.170000,18.000000,16.000000,20.000000,5.500000,1.000000
614.232971,315.000000,315.000000,1.100000,20.000000,20.000000,20.000000,4.960000,1.000000
614.237976,278.000000,278.000000,1.220000,20.000000,20.000000,20.000000,4.960000,1.000000
614.242981,268.000000,268.000000,1.240000,18.000000,16.000000,20.000000,5.760000,1.000000
614.247986,321.000000,321.000000,1.190000,18.000000,16.000000,20.000000,5.760000,1.000000
614.252991,328.000000,328.000000,1.220000,22.000000,20.000000,20.000000,4.950000,1.000000
614.257996,259.000000,259.000000,1.410000,22.000000,20.000000,20.000000,4.950000,1.000000
614.263000,240.000000,240.000000,1.310000,20.000000,18.000000,20.000000,6.010000,1.000000
614.268005,332.000000,332.000000,1.340000,20.000000,18.000000,20.000000,6.010000,1.000000
614.273010,339.000000,339.000000,1.350000,20.000000,20.000000,20.000000,5.480000,1.000000
614.278015,299.000000,299.000000,1.530000,20.000000,20.000000,20.000000,5.480000,1.000000
614.283020,290.000000,290.000000,1.450000,18.000000,18.000000,20.000000,5.740000,1.000000
614.288025,324.000000,324.000000,1.240000,18.000000,18.000000,20.000000,5.740000,1.000000
614.293030,351.000000,351.000000,1.320000,20.000000,20.000000,20.000000,5.200000,1.000000
614.297974,299.000000,299.000000,1.470000,20.000000,20.000000,20.000000,5.200000,1.000000
614.302979,276.000000,276.000000,1.430000,18.000000,18.000000,20.000000,5.740000,1.000000
614.307983,319.000000,319.000000,1.410000,18.000000,18.000000,20.000000,5.740000,1.000000
614.312988,328.000000,328.000000,1.370000,20.000000,20.000000,20.000000,5.200000,1.000000
614.317993,287.000000,287.000000,1.470000,20.000000,20.000000,20.000000,5.200000,1.000000
614.322998,272.000000,272.000000,1.510000,18.000000,18.000000,20.000000,5.730000,1.000000
614.328003,306.000000,306.000000,1.420000,18.000000,18.000000,20.000000,5.730000,1.000000
614.333008,317.000000,317.000000,1.400000,20.000000,20.000000,20.000000,5.190000,1.000000
614.338013,278.000000,278.000000,1.510000,20.000000,20.000000,20.000000,5.190000,1.000000
614.343018,271.000000,271.000000,1.540000,18.000000,18.000000,20.000000,5.720000,1.000000
614.348022,309.000000,309.000000,1.410000,18.000000,18.000000,20.000000,5.720000,1.000000
614.353027,325.000000,325.000000,1.440000,20.000000,20.000000,20.000000,5.180000,1.000000
614.357971,279.000000,279.000000,1.600000,20.000000,20.000000,20.000000,5.180000,1.000000
614.362976,261.000000,261.000000,1.520000,18.000000,18.000000,20.000000,5.710000,1.000000
614.367981,309.000000,309.000000,1.520000,18.000000,18.000000,20.000000,5.710000,1.000000
614.372986,316.000000,316.000000,1.510000,22.000000,20.000000,20.000000,5.170000,1.000000
614.377991,275.000000,275.000000,1.630000,22.000000,20.000000,20.000000,5.170000,1.000000
614.382996,263.000000,263.000000,1.580000,18.000000,18.000000,20.000000,5.970000,1.000000
614.388000,327.000000,327.000000,1.580000,18.000000,18.000000,20.000000,5.970000,1.000000
614.393005,332.000000,332.000000,1.500000,22.000000,18.000000,20.000000,5.170000,1.000000
614.398010,279.000000,279.000000,1.610000,22.000000,18.000000,20.000000,5.170000,1.000000
614.403015,273.000000,273.000000,1.540000,18.000000,16.000000,20.000000,5.700000,1.000000
614.408020,322.000000,322.000000,1.360000,18.000000,16.000000,20.000000,5.700000,1.000000
614.413025,344.000000,344.000000,1.300000,22.000000,20.000000,20.000000,4.890000,1.000000
614.418030,287.000000,287.000000,1.390000,22.000000,20.000000,20.000000,4.890000,1.000000
614.422974,274.000000,274.000000,1.320000,18.000000,18.000000,20.000000,5.950000,1.000000
614.427979,355.000000,355.000000,1.240000,18.000000,18.000000,20.000000,5.950000,1.000000
614.432983,367.000000,367.000000,1.140000,20.000000,20.000000,20.000000,5.150000,1.000000
614.437988,311.000000,311.000000,1.200000,20.000000,20.000000,20.000000,5.150000,1.000000
614.442993,305.000000,305.000000,1.260000,18.000000,16.000000,20.000000,5.680000,1.000000
614.447998,337.000000,337.000000,1.070000,18.000000,16.000000,20.000000,5.680000,1.000000
614.453003,355.000000,355.000000,1.070000,22.000000,20.000000,20.000000,4.870000,1.000000
614.458008,290.000000,290.000000,1.150000,22.000000,20.000000,20.000000,4.870000,1.000000
614.463013,279.000000,279.000000,1.080000,18.000000,18.000000,20.000000,5.940000,1.000000
614.468018,367.000000,367.000000,1.080000,18.000000,18.000000,20.000000,5.940000,1.000000
614.473022,373.000000,373.000000,1.000000,20.000000,20.000000,20.000000,5.130000,1.000000
614.478027,318.000000,318.000000,1.190000,20.000000,20.000000,20.000000,5.130000,1.000000
614.482971,300.000000,300.000000,1.110000,20.000000,18.000000,20.000000,5.660000,1.000000
614.487976,348.000000,348.000000,0.970000,20.000000,18.000000,20.000000,5.660000,1.000000
614.492981,367.000000,367.000000,0.940000,20.000000,20.000000,20.000000,5.390000,1.000000
614.497986,345.000000,345.000000,0.960000,20.000000,20.000000,20.000000,5.390000,1.000000
614.502991,332.000000,332.000000,0.990000,20.000000,18.000000,20.000000,5.660000,1.000000
614.507996,342.000000,342.000000,1.010000,20.000000,18.000000,20.000000,5.660000,1.000000
614.513000,341.000000,341.000000,1.050000,22.000000,20.000000,20.000000,5.390000,1.000000
614.518005,310.000000,310.000000,1.160000,22.000000,20.000000,20.000000,5.390000,1.000000
614.523010,296.000000,296.000000,1.210000,20.000000,18.000000,20.000000,5.920000,1.000000
614.528015,331.000000,331.000000,1.150000,20.000000,18.000000,20.000000,5.920000,1.000000
614.533020,340.000000,340.000000,1.160000,22.000000,22.000000,20.000000,5.390000,1.000000
614.538025,295.000000,295.000000,1.330000,22.000000,22.000000,20.000000,5.390000,1.000000
614.543030,275.000000,275.000000,1.390000,22.000000,20.000000,20.000000,6.190000,1.000000
614.547974,328.000000,328.000000,1.320000,22.000000,20.000000,20.000000,6.190000,1.000000
614.552979,338.000000,338.000000,1.320000,24.000000,20.000000,20.000000,5.930000,1.000000
614.557983,317.000000,317.000000,1.510000,24.000000,20.000000,20.000000,5.930000,1.000000
614.562988,301.000000,301.000000,1.540000,20.000000,18.000000,20.000000,6.210000,1.000000
614.567993,321.000000,321.000000,1.480000,20.000000,18.000000,20.000000,6.210000,1.000000
614.572998,336.000000,336.000000,1.550000,24.000000,20.000000,20.000000,5.410000,1.000000
614.578003,269.000000,269.000000,1.630000,24.000000,20.000000,20.000000,5.410000,1.000000
614.583008,257.000000,257.000000,1.590000,20.000000,20.000000,20.000000,6.210000,1.000000
614.588013,318.000000,318.000000,1.710000,20.000000,20.000000,20.000000,6.210000,1.000000
614.593018,315.000000,315.000000,1.680000,22.000000,22.000000,20.000000,5.680000,1.000000
614.598022,279.000000,279.000000,1.860000,22.000000,22.000000,20.000000,5.680000,1.000000
614.603027,269.000000,269.000000,1.760000,18.000000,18.000000,20.000000,6.220000,1.000000
614.607971,324.000000,324.000000,1.670000,18.000000,18.000000,20.000000,6.220000,1.000000
614.612976,340.000000,340.000000,1.660000,22.000000,22.000000,20.000000,5.150000,1.000000
614.617981,257.000000,257.000000,1.850000,22.000000,22.000000,20.000000,5.150000,1.000000
614.622986,232.000000,232.000000,1.800000,20.000000,18.000000,20.000000,6.220000,1.000000
614.627991,317.000000,317.000000,1.840000,20.000000,18.000000,20.000000,6.220000,1.000000
614.632996,323.000000,323.000000,1.820000,20.000000,20.000000,20.000000,5.420000,1.000000
614.638000,267.000000,267.000000,1.980000,20.000000,20.000000,20.000000,5.420000,1.000000
614.643005,261.000000,261.000000,1.860000,18.000000,16.000000,20.000000,5.680000,1.000000
614.648010,301.000000,301.000000,1.620000,18.000000,16.000000,20.000000,5.680000,1.000000
614.653015,332.000000,332.000000,1.620000,22.000000,20.000000,20.000000,4.870000,1.000000
614.658020,262.000000,262.000000,1.750000,22.000000,20.000000,20.000000,4.870000,1.000000
614.663025,235.000000,235.000000,1.710000,16.000000,16.000000,20.000000,5.940000,1.000000
614.668030,315.000000,315.000000,1.710000,16.000000,16.000000,20.000000,5.940000,1.000000
614.672974,321.000000,321.000000,1.730000,22.000000,18.000000,20.000000,4.600000,1.000000
614.677979,221.000000,221.000000,1.820000,22.000000,18.000000,20.000000,4.600000,1.000000
614.682983,226.000000,226.000000,1.690000,16.000000,16.000000,20.000000,5.660000,1.000000
614.687988,327.000000,327.000000,1.440000,16.000000,16.000000,20.000000,5.660000,1.000000
614.692993,355.000000,355.000000,1.390000,20.000000,18.000000,20.000000,4.580000,1.000000
614.697998,275.000000,275.000000,1.560000,20.000000,18.000000,20.000000,4.580000,1.000000
614.703003,257.000000,257.000000,1.390000,18.000000,16.000000,20.000000,5.370000,1.000000
614.708008,336.000000,336.000000,1.290000,18.000000,16.000000,20.000000,5.370000,1.000000
614.713013,353.000000,353.000000,1.160000,20.000000,20.000000,20.000000,4.830000,1.000000
614.718018,322.000000,322.000000,1.170000,20.000000,20.000000,20.000000,4.830000,1.000000
614.723022,315.000000,315.000000,1.020000,18.000000,16.000000,20.000000,5.620000,1.000000
614.728027,385.000000,385.000000,0.850000,18.000000,16.000000,20.000000,5.620000,1.000000
614.732971,402.000000,402.000000,0.700000,20.000000,18.000000,20.000000,4.810000,1.000000
614.737976,346.000000,346.000000,0.730000,20.000000,18.000000,20.000000,4.810000,1.000000
614.742981,335.000000,335.000000,0.660000,18.000000,16.000000,20.000000,5.340000,1.000000
614.747986,372.000000,372.000000,0.520000,18.000000,16.000000,20.000000,5.340000,1.000000
614.752991,383.000000,383.000000,0.400000,20.000000,20.000000,20.000000,4.800000,1.000000
614.757996,344.000000,344.000000,0.460000,20.000000,20.000000,20.000000,4.800000,1.000000
614.763000,335.000000,335.000000,0.570000,20.000000,18.000000,20.000000,5.590000,1.000000
614.768005,378.000000,378.000000,0.460000,20.000000,18.000000,20.000000,5.590000,1.000000
614.773010,386.000000,386.000000,0.440000,22.000000,22.000000,20.000000,5.320000,1.000000
614.778015,358.000000,358.000000,0.550000,22.000000,22.000000,20.000000,5.320000,1.000000
614.783020,332.000000,332.000000,0.580000,20.000000,18.000000,20.000000,6.130000,1.000000
614.788025,380.000000,380.000000,0.520000,20.000000,18.000000,20.000000,6.130000,1.000000
614.793030,385.000000,385.000000,0.750000,22.000000,22.000000,20.000000,5.330000,1.000000
614.797974,303.000000,303.000000,0.800000,22.000000,22.000000,20.000000,5.330000,1.000000
614.802979,307.000000,307.000000,0.740000,20.000000,22.000000,20.000000,6.130000,1.000000
614.807983,381.000000,381.000000,0.480000,20.000000,22.000000,20.000000,6.130000,1.000000
614.812988,407.000000,407.000000,0.510000,24.000000,22.000000,20.000000,5.870000,1.000000
614.817993,372.000000,372.000000,0.760000,24.000000,22.000000,20.000000,5.870000,1.000000
614.822998,335.000000,335.000000,0.720000,20.000000,20.000000,20.000000,6.420000,1.000000
614.828003,377.000000,377.000000,0.820000,20.000000,20.000000,20.000000,6.420000,1.000000
614.833008,377.000000,377.000000,0.830000,24.000000,22.000000,20.000000,5.620000,1.000000
614.838013,313.000000,313.000000,0.890000,24.000000,22.000000,20.000000,5.620000,1.000000
614.843018,305.000000,305.000000,1.070000,22.000000,22.000000,20.000000,6.430000,1.000000
614.848022,342.000000,342.000000,1.100000,22.000000,22.000000,20.000000,6.430000,1.000000
614.853027,340.000000,340.000000,1.230000,24.000000,24.000000,20.000000,6.170000,1.000000
614.857971,307.000000,307.000000,1.510000,24.000000,24.000000,20.000000,6.170000,1.000000
614.862976,283.000000,283.000000,1.570000,20.000000,22.000000,20.000000,6.720000,1.000000
614.867981,321.000000,321.000000,1.530000,20.000000,22.000000,20.000000,6.720000,1.000000
614.872986,333.000000,333.000000,1.620000,24.000000,22.000000,20.000000,5.930000,1.000000
614.877991,263.000000,263.000000,1.880000,24.000000,22.000000,20.000000,5.930000,1.000000
614.882996,234.000000,234.000000,1.940000,22.000000,20.000000,20.000000,6.470000,1.000000
614.888000,269.000000,269.000000,2.060000,22.000000,20.000000,20.000000,6.470000,1.000000
614.893005,267.000000,267.000000,2.150000,24.000000,22.000000,20.000000,5.950000,1.000000
614.898010,225.000000,225.000000,2.410000,24.000000,22.000000,20.000000,5.950000,1.000000
614.903015,218.000000,218.000000,2.410000,20.000000,18.000000,20.000000,6.490000,1.000000
614.908020,273.000000,273.000000,2.380000,20.000000,18.000000,20.000000,6.490000,1.000000
614.913025,289.000000,289.000000,2.400000,22.000000,20.000000,20.000000,5.420000,1.000000
614.918030,212.000000,212.000000,2.600000,22.000000,20.000000,20.000000,5.420000,1.000000
614.922974,199.000000,199.000000,2.570000,18.000000,18.000000,20.000000,5.960000,1.000000
614.927979,248.000000,248.000000,2.570000,18.000000,18.000000,20.000000,5.960000,1.000000
614.932983,259.000000,259.000000,2.510000,20.000000,18.000000,20.000000,5.150000,1.000000
614.937988,212.000000,212.000000,2.630000,20.000000,18.000000,20.000000,5.150000,1.000000
614.942993,209.000000,209.000000,2.480000,16.000000,16.000000,20.000000,5.410000,1.000000
614.947998,249.000000,249.000000,2.480000,16.000000,16.000000,20.000000,5.410000,1.000000
614.953003,261.000000,261.000000,2.420000,18.000000,18.000000,20.000000,4.600000,1.000000
614.958008,207.000000,207.000000,2.550000,18.000000,18.000000,20.000000,4.600000,1.000000
614.963013,200.000000,200.000000,2.320000,16.000000,16.000000,20.000000,5.120000,1.000000
614.968018,266.000000,266.000000,2.230000,16.000000,16.000000,20.000000,5.120000,1.000000
614.973022,286.000000,286.000000,2.030000,18.000000,18.000000,20.000000,4.570000,1.000000
614.978027,263.000000,263.000000,2.070000,18.000000,18.000000,20.000000,4.570000,1.000000
614.982971,257.000000,257.000000,1.890000,16.000000,16.000000,20.000000,5.100000,1.000000
614.987976,313.000000,313.000000,1.670000,16.000000,16.000000,20.000000,5.100000,1.000000
614.992981,337.000000,337.000000,1.450000,16.000000,16.000000,20.000000,4.550000,1.000000
614.997986,307.000000,307.000000,1.500000,16.000000,16.000000,20.000000,4.550000,1.000000
615.002991,289.000000,289.000000,1.330000,16.000000,14.000000,20.000000,4.530000,1.000000
615.007996,294.000000,294.000000,1.180000,16.000000,14.000000,20.000000,4.530000,1.000000
615.013000,309.000000,309.000000,1.150000,18.000000,18.000000,20.000000,4.240000,1.000000
615.018005,284.000000,284.000000,1.120000,18.000000,18.000000,20.000000,4.240000,1.000000
615.023010,283.000000,283.000000,1.090000,16.000000,16.000000,20.000000,5.030000,1.000000
615.028015,341.000000,341.000000,0.870000,16.000000,16.000000,20.000000,5.030000,1.000000
615.033020,359.000000,359.000000,0.790000,20.000000,20.000000,20.000000,4.480000,1.000000
615.038025,315.000000,315.000000,0.900000,20.000000,20.000000,20.000000,4.480000,1.000000
615.043030,294.000000,294.000000,0.850000,18.000000,16.000000,20.000000,5.550000,1.000000
615.047974,372.000000,372.000000,0.740000,18.000000,16.000000,20.000000,5.550000,1.000000
615.052979,384.000000,384.000000,0.670000,20.000000,20.000000,20.000000,4.740000,1.000000
615.057983,325.000000,325.000000,0.730000,20.000000,20.000000,20.000000,4.740000,1.000000
615.062988,316.000000,316.000000,0.630000,18.000000,18.000000,20.000000,5.530000,1.000000
615.067993,379.000000,379.000000,0.510000,18.000000,18.000000,20.000000,5.530000,1.000000
615.072998,390.000000,390.000000,0.540000,20.000000,20.000000,20.000000,4.990000,1.000000
615.078003,337.000000,337.000000,0.690000,20.000000,20.000000,20.000000,4.990000,1.000000
615.083008,318.000000,318.000000,0.650000,20.000000,18.000000,20.000000,5.530000,1.000000
615.088013,359.000000,359.000000,0.540000,20.000000,18.000000,20.000000,5.530000,1.000000
615.093018,374.000000,374.000000,0.510000,22.000000,20.000000,20.000000,5.260000,1.000000
615.098022,349.000000,349.000000,0.640000,22.000000,20.000000,20.000000,5.260000,1.000000
615.103027,324.000000,324.000000,0.690000,20.000000,20.000000,20.000000,5.790000,1.000000
615.107971,356.000000,356.000000,0.650000,20.000000,20.000000,20.000000,5.790000,1.000000
615.112976,363.000000,363.000000,0.760000,22.000000,22.000000,20.000000,5.530000,1.000000
615.117981,328.000000,328.000000,0.910000,22.000000,22.000000,20.000000,5.530000,1.000000
615.122986,310.000000,310.000000,0.980000,20.000000,18.000000,20.000000,6.070000,1.000000
615.127991,345.000000,345.000000,0.880000,20.000000,18.000000,20.000000,6.070000,1.000000
615.132996,357.000000,357.000000,0.990000,24.000000,22.000000,20.000000,5.260000,1.000000
615.138000,277.000000,277.000000,1.240000,24.000000,22.000000,20.000000,5.260000,1.000000
615.143005,247.000000,247.000000,1.350000,22.000000,20.000000,20.000000,6.340000,1.000000
615.148010,323.000000,323.000000,1.310000,22.000000,20.000000,20.000000,6.340000,1.000000
615.153015,335.000000,335.000000,1.450000,22.000000,22.000000,20.000000,5.810000,1.000000
615.158020,286.000000,286.000000,1.660000,22.000000,22.000000,20.000000,5.810000,1.000000
615.163025,275.000000,275.000000,1.540000,20.000000,20.000000,20.000000,6.090000,1.000000
615.168030,315.000000,315.000000,1.510000,20.000000,20.000000,20.000000,6.090000,1.000000
615.172974,331.000000,331.000000,1.530000,22.000000,20.000000,20.000000,5.560000,1.000000
615.177979,285.000000,285.000000,1.690000,22.000000,20.000000,20.000000,5.560000,1.000000
615.182983,270.000000,270.000000,1.580000,18.000000,18.000000,20.000000,5.830000,1.000000
615.187988,304.000000,304.000000,1.560000,18.000000,18.000000,20.000000,5.830000,1.000000
615.192993,314.000000,314.000000,1.570000,22.000000,20.000000,20.000000,5.020000,1.000000
615.197998,249.000000,249.000000,1.750000,22.000000,20.000000,20.000000,5.020000,1.000000
615.203003,232.000000,232.000000,1.740000,18.000000,18.000000,20.000000,5.820000,1.000000
615.208008,296.000000,296.000000,1.740000,18.000000,18.000000,20.000000,5.820000,1.000000
615.213013,304.000000,304.000000,1.730000,20.000000,20.000000,20.000000,5.020000,1.000000
615.218018,244.000000,244.000000,1.910000,20.000000,20.000000,20.000000,5.020000,1.000000
615.223022,236.000000,236.000000,1.760000,20.000000,18.000000,20.000000,5.550000,1.000000
615.228027,301.000000,301.000000,1.650000,20.000000,18.000000,20.000000,5.550000,1.000000
615.232971,323.000000,323.000000,1.590000,20.000000,20.000000,20.000000,5.280000,1.000000
615.237976,310.000000,310.000000,1.680000,20.000000,20.000000,20.000000,5.280000,1.000000
615.242981,309.000000,309.000000,1.570000,18.000000,18.000000,20.000000,5.540000,1.000000
615.247986,345.000000,345.000000,1.300000,18.000000,18.000000,20.000000,5.540000,1.000000
615.252991,374.000000,374.000000,1.340000,20.000000,20.000000,20.000000,5.000000,1.000000
615.257996,321.000000,321.000000,1.340000,20.000000,20.000000,20.000000,5.000000,1.000000
615.263000,307.000000,307.000000,1.280000,18.000000,18.000000,20.000000,5.530000,1.000000
615.268005,351.000000,351.000000,1.120000,18.000000,18.000000,20.000000,5.530000,1.000000
615.273010,367.000000,367.000000,0.950000,22.000000,20.000000,20.000000,4.990000,1.000000
615.278015,336.000000,336.000000,0.990000,22.000000,20.000000,20.000000,4.990000,1.000000
615.283020,331.000000,331.000000,0.950000,20.000000,18.000000,20.000000,5.800000,1.000000
615.288025,392.000000,392.000000,0.770000,20.000000,18.000000,20.000000,5.800000,1.000000
615.293030,409.000000,409.000000,0.740000,22.000000,20.000000,20.000000,5.260000,1.000000
615.297974,360.000000,360.000000,0.850000,22.000000,20.000000,20.000000,5.260000,1.000000
615.302979,332.000000,332.000000,0.770000,20.000000,18.000000,20.000000,5.800000,1.000000
615.307983,370.000000,370.000000,0.800000,20.000000,18.000000,20.000000,5.800000,1.000000
615.312988,370.000000,370.000000,0.800000,24.000000,22.000000,20.000000,5.260000,1.000000
615.317993,326.000000,326.000000,0.850000,24.000000,22.000000,20.000000,5.260000,1.000000
615.322998,319.000000,319.000000,0.960000,22.000000,20.000000,20.000000,6.340000,1.000000
615.328003,385.000000,385.000000,0.880000,22.000000,20.000000,20.000000,6.340000,1.000000
615.333008,393.000000,393.000000,0.990000,22.000000,22.000000,20.000000,5.810000,1.000000
615.338013,338.000000,338.000000,1.160000,22.000000,22.000000,20.000000,5.810000,1.000000
615.343018,315.000000,315.000000,1.200000,22.000000,20.000000,20.000000,6.080000,1.000000
615.348022,331.000000,331.000000,1.160000,22.000000,20.000000,20.000000,6.080000,1.000000
615.353027,340.000000,340.000000,1.180000,24.000000,24.000000,20.000000,5.820000,1.000000
615.357971,316.000000,316.000000,1.280000,24.000000,24.000000,20.000000,5.820000,1.000000
615.362976,307.000000,307.000000,1.360000,20.000000,20.000000,20.000000,6.640000,1.000000
615.367981,360.000000,360.000000,1.220000,20.000000,20.000000,20.000000,6.640000,1.000000
615.372986,374.000000,374.000000,1.290000,22.000000,22.000000,20.000000,5.570000,1.000000
615.377991,286.000000,286.000000,1.390000,22.000000,22.000000,20.000000,5.570000,1.000000
615.382996,275.000000,275.000000,1.400000,22.000000,20.000000,20.000000,6.110000,1.000000
615.388000,318.000000,318.000000,1.330000,22.000000,20.000000,20.000000,6.110000,1.000000
615.393005,331.000000,331.000000,1.310000,24.000000,22.000000,20.000000,5.850000,1.000000
615.398010,314.000000,314.000000,1.450000,24.000000,22.000000,20.000000,5.850000,1.000000
615.403015,307.000000,307.000000,1.380000,22.000000,20.000000,20.000000,6.400000,1.000000
615.408020,359.000000,359.000000,1.320000,22.000000,20.000000,20.000000,6.400000,1.000000
615.413025,373.000000,373.000000,1.340000,22.000000,22.000000,20.000000,5.870000,1.000000
615.418030,332.000000,332.000000,1.380000,22.000000,22.000000,20.000000,5.870000,1.000000
615.422974,324.000000,324.000000,1.310000,20.000000,20.000000,20.000000,6.140000,1.000000
615.427979,345.000000,345.000000,1.370000,20.000000,20.000000,20.000000,6.140000,1.000000
615.432983,344.000000,344.000000,1.430000,24.000000,24.000000,20.000000,5.610000,1.000000
615.437988,294.000000,294.000000,1.540000,24.000000,24.000000,20.000000,5.610000,1.000000
615.442993,292.000000,292.000000,1.570000,22.000000,20.000000,20.000000,6.690000,1.000000
615.447998,377.000000,377.000000,1.330000,22.000000,20.000000,20.000000,6.690000,1.000000
615.453003,402.000000,402.000000,1.400000,24.000000,22.000000,20.000000,5.900000,1.000000
615.458008,330.000000,330.000000,1.690000,24.000000,22.000000,20.000000,5.900000,1.000000
615.463013,294.000000,294.000000,1.600000,20.000000,20.000000,20.000000,6.440000,1.000000
615.468018,344.000000,344.000000,1.570000,20.000000,20.000000,20.000000,6.440000,1.000000
615.473022,357.000000,357.000000,1.710000,24.000000,22.000000,20.000000,5.650000,1.000000
615.478027,282.000000,282.000000,1.800000,24.000000,22.000000,20.000000,5.650000,1.000000
615.482971,285.000000,285.000000,1.790000,22.000000,20.000000,20.000000,6.460000,1.000000
615.487976,358.000000,358.000000,1.600000,22.000000,20.000000,20.000000,6.460000,1.000000
615.492981,379.000000,379.000000,1.540000,22.000000,22.000000,20.000000,5.930000,1.000000
615.497986,342.000000,342.000000,1.670000,22.000000,22.000000,20.000000,5.930000,1.000000
615.502991,329.000000,329.000000,1.530000,20.000000,20.000000,20.000000,6.200000,1.000000
615.507996,363.000000,363.000000,1.410000,20.000000,20.000000,20.000000,6.200000,1.000000
615.513000,380.000000,380.000000,1.440000,22.000000,22.000000,20.000000,5.670000,1.000000
615.518005,333.000000,333.000000,1.480000,22.000000,22.000000,20.000000,5.670000,1.000000
615.523010,325.000000,325.000000,1.410000,22.000000,20.000000,20.000000,6.210000,1.000000
615.528015,369.000000,369.000000,1.240000,22.000000,20.000000,20.000000,6.210000,1.000000
615.533020,384.000000,384.000000,1.300000,24.000000,24.000000,20.000000,5.950000,1.000000
615.538025,347.000000,347.000000,1.460000,24.000000,24.000000,20.000000,5.950000,1.000000
615.543030,328.000000,328.000000,1.430000,22.000000,20.000000,20.000000,6.760000,1.000000
615.547974,397.000000,397.000000,1.270000,22.000000,20.000000,20.000000,6.760000,1.000000
615.552979,417.000000,417.000000,1.310000,24.000000,24.000000,20.000000,5.970000,1.000000
615.557983,349.000000,349.000000,1.460000,24.000000,24.000000,20.000000,5.970000,1.000000
615.562988,328.000000,328.000000,1.470000,22.000000,22.000000,20.000000,6.790000,1.000000
615.567993,389.000000,389.000000,1.240000,22.000000,22.000000,20.000000,6.790000,1.000000
615.572998,411.000000,411.000000,1.420000,24.000000,24.000000,20.000000,6.260000,1.000000
615.578003,344.000000,344.000000,1.580000,24.000000,24.000000,20.000000,6.260000,1.000000
615.583008,325.000000,325.000000,1.580000,22.000000,22.000000,20.000000,6.810000,1.000000
615.588013,372.000000,372.000000,1.500000,22.000000,22.000000,20.000000,6.810000,1.000000
615.593018,388.000000,388.000000,1.470000,24.000000,22.000000,20.000000,6.290000,1.000000
615.598022,348.000000,348.000000,1.510000,24.000000,22.000000,20.000000,6.290000,1.000000
615.603027,339.000000,339.000000,1.650000,22.000000,22.000000,20.000000,6.570000,1.000000
615.607971,344.000000,344.000000,1.490000,22.000000,22.000000,20.000000,6.570000,1.000000
615.612976,359.000000,359.000000,1.550000,24.000000,24.000000,20.000000,6.310000,1.000000
615.617981,328.000000,328.000000,1.670000,24.000000,24.000000,20.000000,6.310000,1.000000
615.622986,312.000000,312.000000,1.650000,22.000000,20.000000,20.000000,6.860000,1.000000
615.627991,356.000000,356.000000,1.690000,22.000000,20.000000,20.000000,6.860000,1.000000
615.632996,359.000000,359.000000,1.760000,26.000000,24.000000,20.000000,6.070000,1.000000
615.638000,292.000000,292.000000,1.960000,26.000000,24.000000,20.000000,6.070000,1.000000
615.643005,278.000000,278.000000,2.000000,22.000000,22.000000,20.000000,7.150000,1.000000
615.648010,359.000000,359.000000,2.010000,22.000000,22.000000,20.000000,7.150000,1.000000
615.653015,365.000000,365.000000,2.100000,24.000000,22.000000,20.000000,6.360000,1.000000
615.658020,297.000000,297.000000,2.280000,24.000000,22.000000,20.000000,6.360000,1.000000
615.663025,283.000000,283.000000,2.240000,22.000000,20.000000,20.000000,6.640000,1.000000
615.668030,311.000000,311.000000,2.190000,22.000000,20.000000,20.000000,6.640000,1.000000
615.672974,323.000000,323.000000,2.250000,24.000000,22.000000,20.000000,6.110000,1.000000
615.677979,275.000000,275.000000,2.380000,24.000000,22.000000,20.000000,6.110000,1.000000
615.682983,268.000000,268.000000,2.250000,20.000000,20.000000,20.000000,6.660000,1.000000
615.687988,331.000000,331.000000,2.120000,20.000000,20.000000,20.000000,6.660000,1.000000
615.692993,355.000000,355.000000,2.130000,22.000000,24.000000,20.000000,5.860000,1.000000
615.697998,292.000000,292.000000,2.290000,22.000000,24.000000,20.000000,5.860000,1.000000
615.703003,276.000000,276.000000,2.230000,20.000000,18.000000,20.000000,6.670000,1.000000
615.708008,346.000000,346.000000,2.010000,20.000000,18.000000,20.000000,6.670000,1.000000
615.713013,373.000000,373.000000,2.050000,22.000000,22.000000,20.000000,5.600000,1.000000
615.718018,285.000000,285.000000,2.090000,22.000000,22.000000,20.000000,5.600000,1.000000
615.723022,281.000000,281.000000,1.990000,20.000000,18.000000,20.000000,6.410000,1.000000
615.728027,359.000000,359.000000,1.840000,20.000000,18.000000,20.000000,6.410000,1.000000
615.732971,380.000000,380.000000,1.780000,22.000000,22.000000,20.000000,5.610000,1.000000
615.737976,325.000000,325.000000,1.850000,22.000000,22.000000,20.000000,5.610000,1.000000
615.742981,323.000000,323.000000,1.710000,20.000000,20.000000,20.000000,6.410000,1.000000
615.747986,398.000000,398.000000,1.490000,20.000000,20.000000,20.000000,6.410000,1.000000
615.752991,420.000000,420.000000,1.380000,22.000000,22.000000,20.000000,5.880000,1.000000
615.757996,378.000000,378.000000,1.460000,22.000000,22.000000,20.000000,5.880000,1.000000
615.763000,357.000000,357.000000,1.390000,20.000000,20.000000,20.000000,6.420000,1.000000
615.768005,400.000000,400.000000,1.320000,20.000000,20.000000,20.000000,6.420000,1.000000
615.773010,409.000000,409.000000,1.310000,24.000000,22.000000,20.000000,5.890000,1.000000
615.778015,365.000000,365.000000,1.360000,24.000000,22.000000,20.000000,5.890000,1.000000
615.783020,357.000000,357.000000,1.370000,20.000000,22.000000,20.000000,6.700000,1.000000
615.788025,413.000000,413.000000,1.160000,20.000000,22.000000,20.000000,6.700000,1.000000
615.793030,432.000000,432.000000,1.150000,24.000000,24.000000,20.000000,6.170000,1.000000
615.797974,384.000000,384.000000,1.210000,24.000000,24.000000,20.000000,6.170000,1.000000
615.802979,361.000000,361.000000,1.280000,22.000000,22.000000,20.000000,6.990000,1.000000
615.807983,410.000000,410.000000,1.180000,22.000000,22.000000,20.000000,6.990000,1.000000
615.812988,420.000000,420.000000,1.200000,24.000000,24.000000,20.000000,6.470000,1.000000
615.817993,369.000000,369.000000,1.330000,24.000000,24.000000,20.000000,6.470000,1.000000
615.822998,343.000000,343.000000,1.470000,22.000000,22.000000,20.000000,7.010000,1.000000
615.828003,363.000000,363.000000,1.440000,22.000000,22.000000,20.000000,7.010000,1.000000
615.833008,366.000000,366.000000,1.640000,24.000000,26.000000,20.000000,6.490000,1.000000
615.838013,302.000000,302.000000,1.840000,24.000000,26.000000,20.000000,6.490000,1.000000
615.843018,280.000000,280.000000,2.010000,24.000000,24.000000,20.000000,7.310000,1.000000
615.848022,333.000000,333.000000,2.010000,24.000000,24.000000,20.000000,7.310000,1.000000
615.853027,340.000000,340.000000,2.100000,26.000000,24.000000,20.000000,7.060000,1.000000
615.857971,311.000000,311.000000,2.360000,26.000000,24.000000,20.000000,7.060000,1.000000
615.862976,287.000000,287.000000,2.300000,22.000000,22.000000,20.000000,7.350000,1.000000
615.867981,315.000000,315.000000,2.360000,22.000000,22.000000,20.000000,7.350000,1.000000
615.872986,317.000000,317.000000,2.530000,24.000000,24.000000,20.000000,6.560000,1.000000
615.877991,240.000000,240.000000,2.750000,24.000000,24.000000,20.000000,6.560000,1.000000
615.882996,224.000000,224.000000,2.730000,22.000000,22.000000,20.000000,7.110000,1.000000
615.888000,278.000000,278.000000,2.890000,22.000000,22.000000,20.000000,7.110000,1.000000
615.893005,276.000000,276.000000,2.930000,24.000000,24.000000,20.000000,6.590000,1.000000
615.898010,239.000000,239.000000,3.130000,24.000000,24.000000,20.000000,6.590000,1.000000
615.903015,240.000000,240.000000,3.040000,20.000000,20.000000,20.000000,7.130000,1.000000
615.908020,307.000000,307.000000,2.940000,20.000000,20.000000,20.000000,7.130000,1.000000
615.913025,328.000000,328.000000,2.890000,22.000000,22.000000,20.000000,6.070000,1.000000
615.918030,249.000000,249.000000,3.090000,22.000000,22.000000,20.000000,6.070000,1.000000
615.922974,225.000000,225.000000,2.980000,20.000000,20.000000,20.000000,6.610000,1.000000
615.927979,280.000000,280.000000,2.940000,20.000000,20.000000,20.000000,6.610000,1.000000
615.932983,292.000000,292.000000,2.970000,22.000000,20.000000,20.000000,6.080000,1.000000
615.937988,253.000000,253.000000,3.080000,22.000000,20.000000,20.000000,6.080000,1.000000
615.942993,259.000000,259.000000,2.900000,18.000000,18.000000,20.000000,6.350000,1.000000
615.947998,312.000000,312.000000,2.570000,18.000000,18.000000,20.000000,6.350000,1.000000
615.953003,351.000000,351.000000,2.470000,22.000000,20.000000,20.000000,5.540000,1.000000
615.958008,289.000000,289.000000,2.590000,22.000000,20.000000,20.000000,5.540000,1.000000
615.963013,267.000000,267.000000,2.360000,18.000000,18.000000,20.000000,6.350000,1.000000
615.968018,345.000000,345.000000,2.280000,18.000000,18.000000,20.000000,6.350000,1.000000
615.973022,358.000000,358.000000,2.200000,20.000000,18.000000,20.000000,5.540000,1.000000
615.978027,301.000000,301.000000,2.240000,20.000000,18.000000,20.000000,5.540000,1.000000
615.982971,300.000000,300.000000,2.040000,18.000000,16.000000,20.000000,5.800000,1.000000
615.987976,344.000000,344.000000,1.860000,18.000000,16.000000,20.000000,5.800000,1.000000
615.992981,367.000000,367.000000,1.640000,22.000000,20.000000,20.000000,5.260000,1.000000
615.997986,340.000000,340.000000,1.640000,22.000000,20.000000,20.000000,5.260000,1.000000
616.002991,333.000000,333.000000,1.490000,18.000000,18.000000,20.000000,6.320000,1.000000
616.007996,420.000000,420.000000,1.300000,18.000000,18.000000,20.000000,6.320000,1.000000
616.013000,436.000000,436.000000,1.110000,22.000000,20.000000,20.000000,5.520000,1.000000
616.018005,381.000000,381.000000,1.140000,22.000000,20.000000,20.000000,5.520000,1.000000
616.023010,363.000000,363.000000,1.090000,20.000000,18.000000,20.000000,6.320000,1.000000
616.028015,416.000000,416.000000,1.000000,20.000000,18.000000,20.000000,6.320000,1.000000
616.033020,422.000000,422.000000,0.830000,24.000000,22.000000,20.000000,5.780000,1.000000
616.038025,386.000000,386.000000,0.790000,24.000000,22.000000,20.000000,5.780000,1.000000
616.043030,381.000000,381.000000,0.900000,22.000000,20.000000,20.000000,6.860000,1.000000
616.047974,441.000000,441.000000,0.770000,22.000000,20.000000,20.000000,6.860000,1.000000
616.052979,447.000000,447.000000,0.720000,24.000000,22.000000,20.000000,6.330000,1.000000
616.057983,406.000000,406.000000,0.810000,24.000000,22.000000,20.000000,6.330000,1.000000
616.062988,386.000000,386.000000,0.910000,22.000000,22.000000,20.000000,6.880000,1.000000
616.067993,405.000000,405.000000,0.820000,22.000000,22.000000,20.000000,6.880000,1.000000
616.072998,409.000000,409.000000,0.900000,24.000000,24.000000,20.000000,6.620000,1.000000
616.078003,376.000000,376.000000,1.040000,24.000000,24.000000,20.000000,6.620000,1.000000
616.083008,356.000000,356.000000,1.170000,24.000000,22.000000,20.000000,7.170000,1.000000
616.088013,377.000000,377.000000,1.230000,24.000000,22.000000,20.000000,7.170000,1.000000
616.093018,370.000000,370.000000,1.390000,26.000000,26.000000,20.000000,6.920000,1.000000
616.098022,329.000000,329.000000,1.660000,26.000000,26.000000,20.000000,6.920000,1.000000
616.103027,297.000000,297.000000,1.760000,24.000000,24.000000,20.000000,7.740000,1.000000
616.107971,349.000000,349.000000,1.840000,24.000000,24.000000,20.000000,7.740000,1.000000
616.112976,348.000000,348.000000,2.110000,26.000000,26.000000,20.000000,7.220000,1.000000
616.117981,284.000000,284.000000,2.380000,26.000000,26.000000,20.000000,7.220000,1.000000
616.122986,265.000000,265.000000,2.510000,22.000000,22.000000,20.000000,7.780000,1.000000
616.127991,305.000000,305.000000,2.650000,22.000000,22.000000,20.000000,7.780000,1.000000
616.132996,302.000000,302.000000,2.850000,26.000000,26.000000,20.000000,6.730000,1.000000
616.138000,204.000000,204.000000,3.180000,26.000000,26.000000,20.000000,6.730000,1.000000
616.143005,178.000000,178.000000,3.210000,22.000000,22.000000,20.000000,7.820000,1.000000
616.148010,264.000000,264.000000,3.420000,22.000000,22.000000,20.000000,7.820000,1.000000
616.153015,260.000000,260.000000,3.480000,24.000000,24.000000,20.000000,6.760000,1.000000
616.158020,185.000000,185.000000,3.750000,24.000000,24.000000,20.000000,6.760000,1.000000
616.163025,175.000000,175.000000,3.770000,20.000000,20.000000,20.000000,7.310000,1.000000
616.168030,234.000000,234.000000,3.840000,20.000000,20.000000,20.000000,7.310000,1.000000
616.172974,243.000000,243.000000,3.840000,20.000000,20.000000,20.000000,6.250000,1.000000
616.177979,178.000000,178.000000,3.970000,20.000000,20.000000,20.000000,6.250000,1.000000
616.182983,186.000000,186.000000,3.830000,18.000000,16.000000,20.000000,6.250000,1.000000
616.187988,215.000000,215.000000,3.830000,18.000000,16.000000,20.000000,6.250000,1.000000
616.192993,232.000000,232.000000,3.610000,18.000000,20.000000,20.000000,5.440000,1.000000
616.197998,195.000000,195.000000,3.650000,18.000000,20.000000,20.000000,5.440000,1.000000
616.203003,193.000000,193.000000,3.500000,16.000000,16.000000,20.000000,5.970000,1.000000
616.208008,248.000000,248.000000,3.510000,16.000000,16.000000,20.000000,5.970000,1.000000
616.213013,254.000000,254.000000,3.330000,16.000000,16.000000,20.000000,5.150000,1.000000
616.218018,215.000000,215.000000,3.260000,16.000000,16.000000,20.000000,5.150000,1.000000
616.223022,230.000000,230.000000,2.960000,14.000000,14.000000,20.000000,5.130000,1.000000
616.228027,264.000000,264.000000,2.780000,14.000000,14.000000,20.000000,5.130000,1.000000
616.232971,286.000000,286.000000,2.510000,18.000000,16.000000,20.000000,4.580000,1.000000
616.237976,265.000000,265.000000,2.540000,18.000000,16.000000,20.000000,4.580000,1.000000
616.242981,257.000000,257.000000,2.270000,14.000000,14.000000,20.000000,5.360000,1.000000
616.247986,337.000000,337.000000,2.060000,14.000000,14.000000,20.000000,5.360000,1.000000
616.252991,357.000000,357.000000,1.840000,18.000000,16.000000,20.000000,4.540000,1.000000
616.257996,309.000000,309.000000,1.720000,18.000000,16.000000,20.000000,4.540000,1.000000
616.263000,314.000000,314.000000,1.520000,16.000000,14.000000,20.000000,5.320000,1.000000
616.268005,388.000000,388.000000,1.180000,16.000000,14.000000,20.000000,5.320000,1.000000
616.273010,415.000000,415.000000,0.980000,18.000000,18.000000,20.000000,4.770000,1.000000
616.278015,381.000000,381.000000,0.950000,18.000000,18.000000,20.000000,4.770000,1.000000
616.283020,370.000000,370.000000,0.800000,16.000000,16.000000,20.000000,5.560000,1.000000
616.288025,432.000000,432.000000,0.640000,16.000000,16.000000,20.000000,5.560000,1.000000
616.293030,444.000000,444.000000,0.420000,18.000000,16.000000,20.000000,5.010000,1.000000
616.297974,410.000000,410.000000,0.300000,18.000000,16.000000,20.000000,5.010000,1.000000
616.302979,397.000000,397.000000,0.470000,18.000000,18.000000,20.000000,5.260000,1.000000
616.307983,379.000000,379.000000,0.540000,18.000000,18.000000,20.000000,5.260000,1.000000
616.312988,364.000000,364.000000,0.440000,22.000000,20.000000,20.000000,5.520000,1.000000
616.317993,383.000000,383.000000,0.410000,22.000000,20.000000,20.000000,5.520000,1.000000
616.322998,381.000000,381.000000,0.520000,22.000000,20.000000,20.000000,6.320000,1.000000
616.328003,417.000000,417.000000,0.390000,22.000000,20.000000,20.000000,6.320000,1.000000
616.333008,419.000000,419.000000,0.440000,24.000000,24.000000,20.000000,6.320000,1.000000
616.338013,404.000000,404.000000,0.580000,24.000000,24.000000,20.000000,6.320000,1.000000
616.343018,374.000000,374.000000,0.670000,22.000000,22.000000,20.000000,7.140000,1.000000
616.348022,417.000000,417.000000,0.780000,22.000000,22.000000,20.000000,7.140000,1.000000
616.353027,408.000000,408.000000,0.800000,24.000000,24.000000,20.000000,6.620000,1.000000
616.357971,361.000000,361.000000,0.910000,24.000000,24.000000,20.000000,6.620000,1.000000
616.362976,345.000000,345.000000,1.170000,24.000000,24.000000,20.000000,7.160000,1.000000
616.367981,356.000000,356.000000,1.230000,24.000000,24.000000,20.000000,7.160000,1.000000
616.372986,350.000000,350.000000,1.340000,26.000000,24.000000,20.000000,7.180000,1.000000
616.377991,338.000000,338.000000,1.620000,26.000000,24.000000,20.000000,7.180000,1.000000
616.382996,314.000000,314.000000,1.790000,24.000000,22.000000,20.000000,7.470000,1.000000
616.388000,322.000000,322.000000,1.860000,24.000000,22.000000,20.000000,7.470000,1.000000
616.393005,323.000000,323.000000,2.010000,26.000000,24.000000,20.000000,6.950000,1.000000
616.398010,269.000000,269.000000,2.260000,26.000000,24.000000,20.000000,6.950000,1.000000
616.403015,249.000000,249.000000,2.500000,22.000000,24.000000,20.000000,7.500000,1.000000
616.408020,276.000000,276.000000,2.610000,22.000000,24.000000,20.000000,7.500000,1.000000
616.413025,275.000000,275.000000,2.760000,24.000000,24.000000,20.000000,6.980000,1.000000
616.418030,228.000000,228.000000,3.020000,24.000000,24.000000,20.000000,6.980000,1.000000
616.422974,215.000000,215.000000,3.000000,22.000000,20.000000,20.000000,7.270000,1.000000
616.427979,251.000000,251.000000,3.250000,22.000000,20.000000,20.000000,7.270000,1.000000
616.432983,244.000000,244.000000,3.290000,24.000000,22.000000,20.000000,6.470000,1.000000
616.437988,191.000000,191.000000,3.480000,24.000000,22.000000,20.000000,6.470000,1.000000
616.442993,190.000000,190.000000,3.420000,20.000000,20.000000,20.000000,7.020000,1.000000
616.447998,249.000000,249.000000,3.580000,20.000000,20.000000,20.000000,7.020000,1.000000
616.453003,251.000000,251.000000,3.530000,20.000000,20.000000,20.000000,6.220000,1.000000
616.458008,207.000000,207.000000,3.590000,20.000000,20.000000,20.000000,6.220000,1.000000
616.463013,218.000000,218.000000,3.380000,18.000000,18.000000,20.000000,6.220000,1.000000
616.468018,250.000000,250.000000,3.260000,18.000000,18.000000,20.000000,6.220000,1.000000
616.473022,270.000000,270.000000,3.110000,20.000000,20.000000,20.000000,5.680000,1.000000
616.478027,244.000000,244.000000,3.240000,20.000000,20.000000,20.000000,5.680000,1.000000
616.482971,239.000000,239.000000,3.020000,16.000000,16.000000,20.000000,6.210000,1.000000
616.487976,306.000000,306.000000,2.790000,16.000000,16.000000,20.000000,6.210000,1.000000
616.492981,333.000000,333.000000,2.630000,20.000000,18.000000,20.000000,5.130000,1.000000
616.497986,265.000000,265.000000,2.630000,20.000000,18.000000,20.000000,5.130000,1.000000
616.502991,261.000000,261.000000,2.470000,16.000000,16.000000,20.000000,5.930000,1.000000
616.507996,337.000000,337.000000,2.280000,16.000000,16.000000,20.000000,5.930000,1.000000
616.513000,357.000000,357.000000,2.140000,18.000000,18.000000,20.000000,5.110000,1.000000
616.518005,302.000000,302.000000,2.150000,18.000000,18.000000,20.000000,5.110000,1.000000
616.523010,298.000000,298.000000,2.020000,16.000000,16.000000,20.000000,5.630000,1.000000
616.528015,347.000000,347.000000,1.670000,16.000000,16.000000,20.000000,5.630000,1.000000
616.533020,379.000000,379.000000,1.570000,18.000000,20.000000,20.000000,5.090000,1.000000
616.538025,336.000000,336.000000,1.620000,18.000000,20.000000,20.000000,5.090000,1.000000
616.543030,318.000000,318.000000,1.450000,18.000000,16.000000,20.000000,5.880000,1.000000
616.547974,385.000000,385.000000,1.310000,18.000000,16.000000,20.000000,5.880000,1.000000
616.552979,398.000000,398.000000,1.230000,20.000000,20.000000,20.000000,5.330000,1.000000
616.557983,355.000000,355.000000,1.250000,20.000000,20.000000,20.000000,5.330000,1.000000
616.562988,344.000000,344.000000,1.200000,20.000000,18.000000,20.000000,6.130000,1.000000
616.567993,397.000000,397.000000,1.110000,20.000000,18.000000,20.000000,6.130000,1.000000
616.572998,404.000000,404.000000,0.990000,22.000000,20.000000,20.000000,5.860000,1.000000
616.578003,385.000000,385.000000,0.980000,22.000000,20.000000,20.000000,5.860000,1.000000
616.583008,379.000000,379.000000,1.010000,18.000000,18.000000,20.000000,6.400000,1.000000
616.588013,408.000000,408.000000,0.880000,18.000000,18.000000,20.000000,6.400000,1.000000
616.593018,417.000000,417.000000,0.840000,24.000000,22.000000,20.000000,5.590000,1.000000
616.598022,350.000000,350.000000,0.940000,24.000000,22.000000,20.000000,5.590000,1.000000
616.603027,325.000000,325.000000,1.050000,22.000000,20.000000,20.000000,6.930000,1.000000
616.607971,408.000000,408.000000,1.030000,22.000000,20.000000,20.000000,6.930000,1.000000
616.612976,410.000000,410.000000,1.110000,24.000000,22.000000,20.000000,6.410000,1.000000
616.617981,359.000000,359.000000,1.240000,24.000000,22.000000,20.000000,6.410000,1.000000
616.622986,342.000000,342.000000,1.430000,22.000000,20.000000,20.000000,6.950000,1.000000
616.627991,367.000000,367.000000,1.380000,22.000000,20.000000,20.000000,6.950000,1.000000
616.632996,373.000000,373.000000,1.460000,24.000000,24.000000,20.000000,6.420000,1.000000
616.638000,323.000000,323.000000,1.580000,24.000000,24.000000,20.000000,6.420000,1.000000
616.643005,313.000000,313.000000,1.660000,22.000000,22.000000,20.000000,7.240000,1.000000
616.648010,365.000000,365.000000,1.680000,22.000000,22.000000,20.000000,7.240000,1.000000
616.653015,367.000000,367.000000,1.790000,24.000000,24.000000,20.000000,6.710000,1.000000
616.658020,314.000000,314.000000,2.040000,24.000000,24.000000,20.000000,6.710000,1.000000
616.663025,288.000000,288.000000,2.060000,22.000000,20.000000,20.000000,7.260000,1.000000
616.668030,328.000000,328.000000,2.160000,22.000000,20.000000,20.000000,7.260000,1.000000
616.672974,329.000000,329.000000,2.270000,24.000000,24.000000,20.000000,6.470000,1.000000
616.677979,262.000000,262.000000,2.460000,24.000000,24.000000,20.000000,6.470000,1.000000
616.682983,257.000000,257.000000,2.420000,22.000000,20.000000,20.000000,7.280000,1.000000
616.687988,334.000000,334.000000,2.340000,22.000000,20.000000,20.000000,7.280000,1.000000
616.692993,350.000000,350.000000,2.360000,24.000000,22.000000,20.000000,6.490000,1.000000
616.697998,287.000000,287.000000,2.580000,24.000000,22.000000,20.000000,6.490000,1.000000
616.703003,265.000000,265.000000,2.540000,20.000000,20.000000,20.000000,7.040000,1.000000
616.708008,315.000000,315.000000,2.570000,20.000000,20.000000,20.000000,7.040000,1.000000
616.713013,323.000000,323.000000,2.650000,24.000000,24.000000,20.000000,6.240000,1.000000
616.718018,260.000000,260.000000,2.720000,24.000000,24.000000,20.000000,6.240000,1.000000
616.723022,266.000000,266.000000,2.640000,18.000000,18.000000,20.000000,7.320000,1.000000
616.728027,363.000000,363.000000,2.360000,18.000000,18.000000,20.000000,7.320000,1.000000
616.732971,394.000000,394.000000,2.370000,22.000000,22.000000,20.000000,5.720000,1.000000
616.737976,266.000000,266.000000,2.570000,22.000000,22.000000,20.000000,5.720000,1.000000
616.742981,244.000000,244.000000,2.470000,18.000000,18.000000,20.000000,6.790000,1.000000
616.747986,340.000000,340.000000,2.410000,18.000000,18.000000,20.000000,6.790000,1.000000
616.752991,355.000000,355.000000,2.350000,20.000000,20.000000,20.000000,5.720000,1.000000
616.757996,282.000000,282.000000,2.400000,20.000000,20.000000,20.000000,5.720000,1.000000
616.763000,285.000000,285.000000,2.290000,18.000000,18.000000,20.000000,6.250000,1.000000
616.768005,339.000000,339.000000,2.130000,18.000000,18.000000,20.000000,6.250000,1.000000
616.773010,357.000000,357.000000,2.050000,22.000000,22.000000,20.000000,5.710000,1.000000
616.778015,317.000000,317.000000,2.170000,22.000000,22.000000,20.000000,5.710000,1.000000
616.783020,304.000000,304.000000,2.040000,18.000000,18.000000,20.000000,6.780000,1.000000
616.788025,397.000000,397.000000,1.950000,18.000000,18.000000,20.000000,6.780000,1.000000
616.793030,410.000000,410.000000,1.840000,22.000000,20.000000,20.000000,5.710000,1.000000
616.797974,336.000000,336.000000,1.820000,22.000000,20.000000,20.000000,5.710000,1.000000
616.802979,334.000000,334.000000,1.740000,20.000000,18.000000,20.000000,6.510000,1.000000
616.807983,397.000000,397.000000,1.500000,20.000000,18.000000,20.000000,6.510000,1.000000
616.812988,416.000000,416.000000,1.520000,22.000000,22.000000,20.000000,5.970000,1.000000
616.817993,364.000000,364.000000,1.640000,22.000000,22.000000,20.000000,5.970000,1.000000
616.822998,340.000000,340.000000,1.610000,20.000000,18.000000,20.000000,6.780000,1.000000
616.828003,399.000000,399.000000,1.500000,20.000000,18.000000,20.000000,6.780000,1.000000
616.833008,411.000000,411.000000,1.390000,24.000000,22.000000,20.000000,5.980000,1.000000
616.838013,353.000000,353.000000,1.370000,24.000000,22.000000,20.000000,5.980000,1.000000
616.843018,348.000000,348.000000,1.410000,22.000000,20.000000,20.000000,7.050000,1.000000
616.848022,419.000000,419.000000,1.210000,22.000000,20.000000,20.000000,7.050000,1.000000
616.853027,434.000000,434.000000,1.260000,24.000000,24.000000,20.000000,6.530000,1.000000
616.857971,379.000000,379.000000,1.350000,24.000000,24.000000,20.000000,6.530000,1.000000
616.862976,353.000000,353.000000,1.410000,22.000000,20.000000,20.000000,7.340000,1.000000
616.867981,409.000000,409.000000,1.340000,22.000000,20.000000,20.000000,7.340000,1.000000
616.872986,421.000000,421.000000,1.430000,24.000000,24.000000,20.000000,6.550000,1.000000
616.877991,350.000000,350.000000,1.590000,24.000000,24.000000,20.000000,6.550000,1.000000
616.882996,337.000000,337.000000,1.640000,22.000000,22.000000,20.000000,7.360000,1.000000
616.888000,393.000000,393.000000,1.540000,22.000000,22.000000,20.000000,7.360000,1.000000
616.893005,400.000000,400.000000,1.740000,26.000000,24.000000,20.000000,6.840000,1.000000
616.898010,334.000000,334.000000,1.970000,26.000000,24.000000,20.000000,6.840000,1.000000
616.903015,307.000000,307.000000,2.020000,22.000000,22.000000,20.000000,7.660000,1.000000
616.908020,362.000000,362.000000,2.120000,22.000000,22.000000,20.000000,7.660000,1.000000
616.913025,361.000000,361.000000,2.250000,24.000000,24.000000,20.000000,6.870000,1.000000
616.918030,289.000000,289.000000,2.490000,24.000000,24.000000,20.000000,6.870000,1.000000
616.922974,275.000000,275.000000,2.550000,24.000000,22.000000,20.000000,7.420000,1.000000
616.927979,317.000000,317.000000,2.430000,24.000000,22.000000,20.000000,7.420000,1.000000
616.932983,334.000000,334.000000,2.560000,24.000000,24.000000,20.000000,7.170000,1.000000
616.937988,301.000000,301.000000,2.830000,24.000000,24.000000,20.000000,7.170000,1.000000
616.942993,279.000000,279.000000,2.770000,22.000000,22.000000,20.000000,7.450000,1.000000
616.947998,316.000000,316.000000,2.780000,22.000000,22.000000,20.000000,7.450000,1.000000
616.953003,326.000000,326.000000,2.840000,24.000000,22.000000,20.000000,6.930000,1.000000
616.958008,283.000000,283.000000,3.000000,24.000000,22.000000,20.000000,6.930000,1.000000
616.963013,271.000000,271.000000,3.040000,22.000000,22.000000,20.000000,7.200000,1.000000
616.968018,291.000000,291.000000,2.990000,22.000000,22.000000,20.000000,7.200000,1.000000
616.973022,302.000000,302.000000,3.070000,22.000000,22.000000,20.000000,6.950000,1.000000
616.978027,277.000000,277.000000,3.230000,22.000000,22.000000,20.000000,6.950000,1.000000
616.982971,273.000000,273.000000,3.110000,22.000000,18.000000,20.000000,6.960000,1.000000
616.987976,296.000000,296.000000,2.990000,22.000000,18.000000,20.000000,6.960000,1.000000
616.992981,318.000000,318.000000,2.950000,22.000000,22.000000,20.000000,6.420000,1.000000
616.997986,275.000000,275.000000,3.130000,22.000000,22.000000,20.000000,6.420000,1.000000
617.002991,252.000000,252.000000,3.010000,20.000000,20.000000,20.000000,6.960000,1.000000
617.007996,306.000000,306.000000,3.000000,20.000000,20.000000,20.000000,6.960000,1.000000
617.013000,314.000000,314.000000,2.980000,22.000000,20.000000,20.000000,6.430000,1.000000
617.018005,272.000000,272.000000,3.200000,22.000000,20.000000,20.000000,6.430000,1.000000
617.023010,253.000000,253.000000,3.050000,20.000000,18.000000,20.000000,6.700000,1.000000
617.028015,296.000000,296.000000,2.920000,20.000000,18.000000,20.000000,6.700000,1.000000
617.033020,319.000000,319.000000,2.890000,20.000000,20.000000,20.000000,6.170000,1.000000
617.038025,278.000000,278.000000,2.980000,20.000000,20.000000,20.000000,6.170000,1.000000
617.043030,269.000000,269.000000,2.750000,18.000000,18.000000,20.000000,6.430000,1.000000
617.047974,312.000000,312.000000,2.590000,18.000000,18.000000,20.000000,6.430000,1.000000
617.052979,329.000000,329.000000,2.510000,20.000000,22.000000,20.000000,5.890000,1.000000
617.057983,287.000000,287.000000,2.600000,20.000000,22.000000,20.000000,5.890000,1.000000
617.062988,272.000000,272.000000,2.520000,20.000000,18.000000,20.000000,6.690000,1.000000
617.067993,339.000000,339.000000,2.330000,20.000000,18.000000,20.000000,6.690000,1.000000
617.072998,359.000000,359.000000,2.310000,22.000000,20.000000,20.000000,6.160000,1.000000
617.078003,315.000000,315.000000,2.410000,22.000000,20.000000,20.000000,6.160000,1.000000
617.083008,309.000000,309.000000,2.280000,18.000000,16.000000,20.000000,6.690000,1.000000
617.088013,367.000000,367.000000,2.040000,18.000000,16.000000,20.000000,6.690000,1.000000
617.093018,397.000000,397.000000,1.930000,22.000000,22.000000,20.000000,5.620000,1.000000
617.098022,319.000000,319.000000,1.910000,22.000000,22.000000,20.000000,5.620000,1.000000
617.103027,307.000000,307.000000,1.830000,20.000000,18.000000,20.000000,6.960000,1.000000
617.107971,400.000000,400.000000,1.760000,20.000000,18.000000,20.000000,6.960000,1.000000
617.112976,402.000000,402.000000,1.770000,22.000000,20.000000,20.000000,6.150000,1.000000
617.117981,332.000000,332.000000,1.870000,22.000000,20.000000,20.000000,6.150000,1.000000
617.122986,319.000000,319.000000,1.700000,20.000000,20.000000,20.000000,6.690000,1.000000
617.127991,375.000000,375.000000,1.550000,20.000000,20.000000,20.000000,6.690000,1.000000
617.132996,389.000000,389.000000,1.580000,22.000000,22.000000,20.000000,6.420000,1.000000
617.138000,356.000000,356.000000,1.760000,22.000000,22.000000,20.000000,6.420000,1.000000
617.143005,331.000000,331.000000,1.740000,20.000000,18.000000,20.000000,6.960000,1.000000
617.148010,374.000000,374.000000,1.710000,20.000000,18.000000,20.000000,6.960000,1.000000
617.153015,382.000000,382.000000,1.710000,24.000000,22.000000,20.000000,6.160000,1.000000
617.158020,317.000000,317.000000,1.780000,24.000000,22.000000,20.000000,6.160000,1.000000
617.163025,302.000000,302.000000,1.840000,22.000000,20.000000,20.000000,7.240000,1.000000
617.168030,370.000000,370.000000,1.820000,22.000000,20.000000,20.000000,7.240000,1.000000
617.172974,369.000000,369.000000,1.870000,24.000000,24.000000,20.000000,6.710000,1.000000
617.177979,320.000000,320.000000,2.080000,24.000000,24.000000,20.000000,6.710000,1.000000
617.182983,303.000000,303.000000,2.150000,20.000000,22.000000,20.000000,7.530000,1.000000
617.187988,362.000000,362.000000,2.110000,20.000000,22.000000,20.000000,7.530000,1.000000
617.192993,373.000000,373.000000,2.220000,22.000000,22.000000,20.000000,6.730000,1.000000
617.197998,302.000000,302.000000,2.370000,22.000000,22.000000,20.000000,6.730000,1.000000
617.203003,289.000000,289.000000,2.400000,20.000000,20.000000,20.000000,7.010000,1.000000
617.208008,313.000000,313.000000,2.310000,20.000000,20.000000,20.000000,7.010000,1.000000
617.213013,326.000000,326.000000,2.450000,22.000000,22.000000,20.000000,6.480000,1.000000
617.218018,268.000000,268.000000,2.700000,22.000000,22.000000,20.000000,6.480000,1.000000
617.223022,244.000000,244.000000,2.600000,20.000000,20.000000,20.000000,7.020000,1.000000
617.228027,294.000000,294.000000,2.680000,20.000000,20.000000,20.000000,7.020000,1.000000
617.232971,294.000000,294.000000,2.740000,22.000000,22.000000,20.000000,6.480000,1.000000
617.237976,248.000000,248.000000,2.940000,22.000000,22.000000,20.000000,6.480000,1.000000
617.242981,237.000000,237.000000,2.800000,20.000000,20.000000,20.000000,7.020000,1.000000
617.247986,303.000000,303.000000,2.830000,20.000000,20.000000,20.000000,7.020000,1.000000
617.252991,312.000000,312.000000,2.750000,22.000000,20.000000,20.000000,6.490000,1.000000
617.257996,284.000000,284.000000,2.870000,22.000000,20.000000,20.000000,6.490000,1.000000
617.263000,281.000000,281.000000,2.770000,20.000000,18.000000,20.000000,6.760000,1.000000
617.268005,316.000000,316.000000,2.630000,20.000000,18.000000,20.000000,6.760000,1.000000
617.273010,333.000000,333.000000,2.600000,22.000000,20.000000,20.000000,6.230000,1.000000
617.278015,289.000000,289.000000,2.720000,22.000000,20.000000,20.000000,6.230000,1.000000
617.283020,269.000000,269.000000,2.630000,18.000000,18.000000,20.000000,6.760000,1.000000
617.288025,316.000000,316.000000,2.610000,18.000000,18.000000,20.000000,6.760000,1.000000
617.293030,324.000000,324.000000,2.570000,22.000000,20.000000,20.000000,5.960000,1.000000
617.297974,266.000000,266.000000,2.650000,22.000000,20.000000,20.000000,5.960000,1.000000
617.302979,265.000000,265.000000,2.550000,20.000000,18.000000,20.000000,6.760000,1.000000
617.307983,339.000000,339.000000,2.290000,20.000000,18.000000,20.000000,6.760000,1.000000
617.312988,364.000000,364.000000,2.210000,20.000000,22.000000,20.000000,6.220000,1.000000
617.317993,323.000000,323.000000,2.340000,20.000000,22.000000,20.000000,6.220000,1.000000
617.322998,301.000000,301.000000,2.290000,18.000000,18.000000,20.000000,6.760000,1.000000
617.328003,343.000000,343.000000,2.230000,18.000000,18.000000,20.000000,6.760000,1.000000
617.333008,353.000000,353.000000,2.160000,20.000000,20.000000,20.000000,5.950000,1.000000
617.338013,294.000000,294.000000,2.260000,20.000000,20.000000,20.000000,5.950000,1.000000
617.343018,281.000000,281.000000,2.210000,18.000000,18.000000,20.000000,6.480000,1.000000
617.348022,313.000000,313.000000,2.270000,18.000000,18.000000,20.000000,6.480000,1.000000
617.353027,309.000000,309.000000,2.220000,22.000000,20.000000,20.000000,5.940000,1.000000
617.357971,268.000000,268.000000,2.370000,22.000000,20.000000,20.000000,5.940000,1.000000
617.362976,255.000000,255.000000,2.290000,18.000000,18.000000,20.000000,6.750000,1.000000
617.367981,323.000000,323.000000,2.270000,18.000000,18.000000,20.000000,6.750000,1.000000
617.372986,329.000000,329.000000,2.340000,22.000000,20.000000,20.000000,5.940000,1.000000
617.377991,259.000000,259.000000,2.600000,22.000000,20.000000,20.000000,5.940000,1.000000
617.382996,237.000000,237.000000,2.520000,18.000000,16.000000,20.000000,6.740000,1.000000
617.388000,308.000000,308.000000,2.470000,18.000000,16.000000,20.000000,6.740000,1.000000
617.393005,321.000000,321.000000,2.430000,20.000000,20.000000,20.000000,5.670000,1.000000
617.398010,239.000000,239.000000,2.630000,20.000000,20.000000,20.000000,5.670000,1.000000
617.403015,219.000000,219.000000,2.570000,16.000000,16.000000,20.000000,6.460000,1.000000
617.408020,303.000000,303.000000,2.480000,16.000000,16.000000,20.000000,6.460000,1.000000
617.413025,303.000000,303.000000,2.420000,20.000000,18.000000,20.000000,5.380000,1.000000
617.418030,208.000000,208.000000,2.650000,20.000000,18.000000,20.000000,5.380000,1.000000
617.422974,284.000000,284.000000,2.560000,18.000000,16.000000,20.000000,6.180000,1.000000
617.427979,309.000000,309.000000,2.380000,18.000000,16.000000,20.000000,6.180000,1.000000
617.432983,280.000000,280.000000,2.220000,20.000000,20.000000,20.000000,5.630000,1.000000
617.437988,277.000000,277.000000,2.160000,20.000000,20.000000,20.000000,5.630000,1.000000
617.442993,332.000000,332.000000,2.080000,18.000000,18.000000,20.000000,6.430000,1.000000
617.447998,327.000000,327.000000,2.140000,18.000000,18.000000,20.000000,6.430000,1.000000
617.453003,280.000000,280.000000,2.110000,20.000000,20.000000,20.000000,5.890000,1.000000
617.458008,263.000000,263.000000,2.290000,20.000000,20.000000,20.000000,5.890000,1.000000
617.463013,318.000000,318.000000,2.160000,18.000000,18.000000,20.000000,6.420000,1.000000
617.468018,330.000000,330.000000,2.070000,18.000000,18.000000,20.000000,6.420000,1.000000
617.473022,280.000000,280.000000,2.140000,20.000000,20.000000,20.000000,5.880000,1.000000
617.478027,266.000000,266.000000,2.330000,20.000000,20.000000,20.000000,5.880000,1.000000
617.482971,325.000000,325.000000,2.200000,18.000000,18.000000,20.000000,6.410000,1.000000
617.487976,341.000000,341.000000,2.100000,18.000000,18.000000,20.000000,6.410000,1.000000
617.492981,305.000000,305.000000,2.020000,20.000000,20.000000,20.000000,5.870000,1.000000
617.497986,290.000000,290.000000,2.120000,20.000000,20.000000,20.000000,5.870000,1.000000
617.502991,330.000000,330.000000,2.090000,18.000000,18.000000,20.000000,6.400000,1.000000
617.507996,339.000000,339.000000,2.020000,18.000000,18.000000,20.000000,6.400000,1.000000
617.513000,288.000000,288.000000,2.060000,20.000000,20.000000,20.000000,5.860000,1.000000
617.518005,277.000000,277.000000,2.160000,20.000000,20.000000,20.000000,5.860000,1.000000
617.523010,317.000000,317.000000,2.110000,18.000000,16.000000,20.000000,6.390000,1.000000
617.528015,325.000000,325.000000,2.030000,18.000000,16.000000,20.000000,6.390000,1.000000
617.533020,261.000000,261.000000,2.030000,20.000000,20.000000,20.000000,5.580000,1.000000
617.538025,255.000000,255.000000,2.140000,20.000000,20.000000,20.000000,5.580000,1.000000
617.543030,255.000000,255.000000,2.090000,18.000000,18.000000,20.000000,6.380000,1.000000
617.547974,323.000000,323.000000,1.760000,18.000000,18.000000,20.000000,6.380000,1.000000
617.552979,353.000000,353.000000,1.760000,22.000000,20.000000,20.000000,5.840000,1.000000
617.557983,309.000000,309.000000,2.100000,22.000000,20.000000,20.000000,5.840000,1.000000
617.562988,272.000000,272.000000,1.540000,18.000000,16.000000,20.000000,6.640000,1.000000
617.567993,430.000000,430.000000,0.530000,18.000000,16.000000,20.000000,6.640000,1.000000
617.572998,533.000000,533.000000,0.210000,22.000000,18.000000,20.000000,5.570000,1.000000
617.578003,407.000000,407.000000,0.310000,22.000000,18.000000,20.000000,5.570000,1.000000
617.583008,304.000000,304.000000,0.140000,20.000000,16.000000,20.000000,6.360000,1.000000
617.588013,310.000000,310.000000,0.350000,20.000000,16.000000,20.000000,6.360000,1.000000
617.593018,215.000000,215.000000,0.710000,24.000000,16.000000,20.000000,5.820000,1.000000
617.598022,85.000000,85.000000,1.160000,24.000000,16.000000,20.000000,5.820000,1.000000
617.603027,11.000000,11.000000,1.520000,22.000000,16.000000,20.000000,6.360000,1.000000
617.607971,2.000000,2.000000,1.730000,22.000000,16.000000,20.000000,6.360000,1.000000
617.612976,-49.000000,-49.000000,2.190000,20.000000,14.000000,20.000000,6.090000,1.000000
617.617981,-156.000000,-156.000000,3.100000,20.000000,14.000000,20.000000,6.090000,1.000000
617.622986,-277.000000,-277.000000,4.000000,18.000000,12.000000,20.000000,5.540000,1.000000
617.627991,-412.000000,-412.000000,4.930000,18.000000,12.000000,20.000000,5.540000,1.000000
617.632996,-469.000000,-469.000000,5.680000,12.000000,6.000000,20.000000,4.990000,1.000000
617.638000,-536.000000,-536.000000,6.340000,12.000000,6.000000,20.000000,4.990000,1.000000
617.643005,-562.000000,-562.000000,7.220000,10.000000,6.000000,20.000000,3.350000,1.000000
617.648010,-739.000000,-739.000000,8.060000,10.000000,6.000000,20.000000,3.350000,1.000000
617.653015,-782.000000,-782.000000,8.930000,4.000000,-2.000000,20.000000,3.030000,1.000000
617.658020,-800.000000,-800.000000,9.570000,4.000000,-2.000000,20.000000,3.030000,1.000000
617.663025,-800.000000,-800.000000,10.010000,-2.000000,-6.000000,20.000000,1.090000,1.000000
617.668030,-800.000000,-800.000000,10.440000,-2.000000,-6.000000,20.000000,1.090000,1.000000
617.672974,-800.000000,-800.000000,10.890000,-6.000000,-10.000000,20.000000,-0.340000,1.000000
617.677979,-800.000000,-800.000000,11.160000,-6.000000,-10.000000,20.000000,-0.340000,1.000000
617.682983,-800.000000,-800.000000,11.150000,-14.000000,-18.000000,20.000000,-1.530000,1.000000
617.687988,-800.000000,-800.000000,10.980000,-14.000000,-18.000000,20.000000,-1.530000,1.000000
617.692993,-800.000000,-800.000000,10.720000,-18.000000,-22.000000,20.000000,-3.810000,1.000000
617.697998,-800.000000,-800.000000,10.490000,-18.000000,-22.000000,20.000000,-3.810000,1.000000
617.703003,-800.000000,-800.000000,9.950000,-24.000000,-28.000000,20.000000,-5.040000,1.000000
617.708008,-800.000000,-800.000000,9.490000,-24.000000,-28.000000,20.000000,-5.040000,1.000000
617.713013,-712.000000,-712.000000,8.910000,-26.000000,-32.000000,20.000000,-6.830000,1.000000
617.718018,-772.000000,-772.000000,8.370000,-26.000000,-32.000000,20.000000,-6.830000,1.000000
617.723022,-683.000000,-683.000000,7.470000,-32.000000,-36.000000,20.000000,-7.840000,1.000000
617.728027,-628.000000,-628.000000,6.610000,-32.000000,-36.000000,20.000000,-7.840000,1.000000
617.732971,-507.000000,-507.000000,5.720000,-34.000000,-38.000000,20.000000,-9.400000,1.000000
617.737976,-530.000000,-530.000000,4.910000,-34.000000,-38.000000,20.000000,-9.400000,1.000000
617.742981,-433.000000,-433.000000,3.750000,-38.000000,-40.000000,20.000000,-10.180000,1.000000
617.747986,-374.000000,-374.000000,2.750000,-38.000000,-40.000000,20.000000,-10.180000,1.000000
617.752991,-265.000000,-265.000000,1.730000,-40.000000,-44.000000,20.000000,-11.230000,1.000000
617.757996,-248.000000,-248.000000,0.510000,-40.000000,-44.000000,20.000000,-11.230000,1.000000
617.763000,-127.000000,-127.000000,-0.640000,-38.000000,-40.000000,20.000000,-12.290000,1.000000
617.768005,-105.000000,-105.000000,-1.780000,-38.000000,-40.000000,20.000000,-12.290000,1.000000
617.773010,-12.000000,-12.000000,-3.210000,-38.000000,-40.000000,20.000000,-11.750000,1.000000
617.778015,134.000000,134.000000,-4.880000,-38.000000,-40.000000,20.000000,-11.750000,1.000000
617.783020,244.000000,244.000000,-6.450000,-32.000000,-34.000000,20.000000,-12.000000,1.000000
617.788025,299.000000,299.000000,-7.820000,-32.000000,-34.000000,20.000000,-12.000000,1.000000
617.793030,334.000000,334.000000,-8.990000,-26.000000,-28.000000,20.000000,-10.630000,1.000000
617.797974,443.000000,443.000000,-9.670000,-26.000000,-28.000000,20.000000,-10.630000,1.000000
617.802979,402.000000,402.000000,-10.460000,-22.000000,-26.000000,20.000000,-9.240000,1.000000
617.807983,494.000000,494.000000,-11.330000,-22.000000,-26.000000,20.000000,-9.240000,1.000000
617.812988,516.000000,516.000000,-12.000000,-14.000000,-16.000000,20.000000,-8.630000,1.000000
617.817993,553.000000,553.000000,-12.530000,-14.000000,-16.000000,20.000000,-8.630000,1.000000
617.822998,502.000000,502.000000,-12.560000,-10.000000,-12.000000,20.000000,-6.390000,1.000000
617.828003,578.000000,578.000000,-12.620000,-10.000000,-12.000000,20.000000,-6.390000,1.000000
617.833008,511.000000,511.000000,-13.010000,-2.000000,-6.000000,20.000000,-5.460000,1.000000
617.838013,557.000000,557.000000,-12.870000,-2.000000,-6.000000,20.000000,-5.460000,1.000000
617.843018,470.000000,470.000000,-12.550000,4.000000,2.000000,20.000000,-3.710000,1.000000
617.848022,489.000000,489.000000,-12.110000,4.000000,2.000000,20.000000,-3.710000,1.000000
617.853027,397.000000,397.000000,-11.960000,8.000000,6.000000,20.000000,-1.920000,1.000000
617.857971,486.000000,486.000000,-11.390000,8.000000,6.000000,20.000000,-1.920000,1.000000
617.862976,385.000000,385.000000,-10.560000,14.000000,10.000000,20.000000,-0.910000,1.000000
617.867981,328.000000,328.000000,-9.820000,14.000000,10.000000,20.000000,-0.910000,1.000000
617.872986,236.000000,236.000000,-9.370000,16.000000,14.000000,20.000000,0.380000,1.000000
617.877991,279.000000,279.000000,-8.600000,16.000000,14.000000,20.000000,0.380000,1.000000
617.882996,186.000000,186.000000,-7.560000,18.000000,16.000000,20.000000,1.160000,1.000000
617.888000,126.000000,126.000000,-6.780000,18.000000,16.000000,20.000000,1.160000,1.000000
617.893005,49.000000,49.000000,-5.780000,20.000000,18.000000,20.000000,1.680000,1.000000
617.898010,8.000000,8.000000,-4.660000,20.000000,18.000000,20.000000,1.680000,1.000000
617.903015,-70.000000,-70.000000,-3.760000,18.000000,16.000000,20.000000,2.200000,1.000000
617.908020,-81.000000,-81.000000,-2.780000,18.000000,16.000000,20.000000,2.200000,1.000000
617.913025,-130.000000,-130.000000,-1.970000,14.000000,14.000000,20.000000,1.660000,1.000000
617.918030,-203.000000,-203.000000,-1.170000,14.000000,14.000000,20.000000,1.660000,1.000000
617.922974,-237.000000,-237.000000,-0.240000,12.000000,12.000000,20.000000,0.840000,1.000000
617.927979,-344.000000,-344.000000,0.520000,12.000000,12.000000,20.000000,0.840000,1.000000
617.932983,-365.000000,-365.000000,1.220000,8.000000,6.000000,20.000000,0.270000,1.000000
617.937988,-415.000000,-415.000000,1.700000,8.000000,6.000000,20.000000,0.270000,1.000000
617.942993,-386.000000,-386.000000,2.310000,6.000000,2.000000,20.000000,-1.110000,1.000000
617.947998,-491.000000,-491.000000,2.780000,6.000000,2.000000,20.000000,-1.110000,1.000000
617.953003,-475.000000,-475.000000,3.050000,-2.000000,-2.000000,20.000000,-1.980000,1.000000
617.958008,-504.000000,-504.000000,3.200000,-2.000000,-2.000000,20.000000,-1.980000,1.000000
617.963013,-452.000000,-452.000000,3.140000,-4.000000,-2.000000,20.000000,-3.670000,1.000000
617.968018,-517.000000,-517.000000,3.210000,-4.000000,-2.000000,20.000000,-3.670000,1.000000
617.973022,-486.000000,-486.000000,3.330000,-10.000000,-8.000000,20.000000,-4.030000,1.000000
617.978027,-489.000000,-489.000000,3.170000,-10.000000,-8.000000,20.000000,-4.030000,1.000000
617.982971,-402.000000,-402.000000,2.840000,-10.000000,-12.000000,20.000000,-5.750000,1.000000
617.987976,-435.000000,-435.000000,2.620000,-10.000000,-12.000000,20.000000,-5.750000,1.000000
617.992981,-383.000000,-383.000000,2.290000,-16.000000,-14.000000,20.000000,-6.420000,1.000000
617.997986,-383.000000,-383.000000,1.870000,-16.000000,-14.000000,20.000000,-6.420000,1.000000
618.002991,-313.000000,-313.000000,1.300000,-16.000000,-18.000000,20.000000,-7.630000,1.000000
618.007996,-318.000000,-318.000000,0.840000,-16.000000,-18.000000,20.000000,-7.630000,1.000000
618.013000,-252.000000,-252.000000,0.100000,-20.000000,-22.000000,20.000000,-8.320000,1.000000
618.018005,-223.000000,-223.000000,-0.640000,-20.000000,-22.000000,20.000000,-8.320000,1.000000
618.023010,-145.000000,-145.000000,-1.290000,-20.000000,-20.000000,20.000000,-9.560000,1.000000
618.028015,-177.000000,-177.000000,-2.010000,-20.000000,-20.000000,20.000000,-9.560000,1.000000
618.033020,-115.000000,-115.000000,-2.700000,-20.000000,-22.000000,20.000000,-9.470000,1.000000
618.038025,-49.000000,-49.000000,-3.650000,-20.000000,-22.000000,20.000000,-9.470000,1.000000
618.043030,25.000000,25.000000,-4.210000,-18.000000,-18.000000,20.000000,-9.910000,1.000000
618.047974,28.000000,28.000000,-5.050000,-18.000000,-18.000000,20.000000,-9.910000,1.000000
618.052979,85.000000,85.000000,-5.830000,-16.000000,-16.000000,20.000000,-9.280000,1.000000
618.057983,186.000000,186.000000,-6.580000,-16.000000,-16.000000,20.000000,-9.280000,1.000000
618.062988,226.000000,226.000000,-7.480000,-14.000000,-14.000000,20.000000,-8.900000,1.000000
618.067993,295.000000,295.000000,-8.290000,-14.000000,-14.000000,20.000000,-8.900000,1.000000
618.072998,321.000000,321.000000,-9.080000,-8.000000,-8.000000,20.000000,-8.510000,1.000000
618.078003,352.000000,352.000000,-9.250000,-8.000000,-8.000000,20.000000,-8.510000,1.000000
618.083008,286.000000,286.000000,-9.490000,-6.000000,-8.000000,20.000000,-7.040000,1.000000
618.088013,357.000000,357.000000,-9.800000,-6.000000,-8.000000,20.000000,-7.040000,1.000000
618.093018,350.000000,350.000000,-10.150000,2.000000,0.000000,20.000000,-6.890000,1.000000
618.098022,353.000000,353.000000,-10.350000,2.000000,0.000000,20.000000,-6.890000,1.000000
618.103027,323.000000,323.000000,-10.240000,2.000000,2.000000,20.000000,-4.850000,1.000000
618.107971,415.000000,415.000000,-10.240000,2.000000,2.000000,20.000000,-4.850000,1.000000
618.112976,386.000000,386.000000,-10.290000,8.000000,6.000000,20.000000,-4.660000,1.000000
618.117981,380.000000,380.000000,-10.080000,8.000000,6.000000,20.000000,-4.660000,0.000000
618.122986,328.000000,328.000000,-9.770000,8.000000,6.000000,20.000000,-3.390000,0.000000
618.127991,364.000000,364.000000,-9.590000,8.000000,6.000000,20.000000,-3.390000,0.000000
618.132996,340.000000,340.000000,-9.570000,12.000000,10.000000,20.000000,-3.440000,0.000000
618.138000,0.000000,0.000000,-9.250000,12.000000,10.000000,20.000000,-3.440000,0.000000
618.143005,0.000000,0.000000,-8.640000,12.000000,12.000000,20.000000,-2.430000,0.000000
618.148010,0.000000,0.000000,-8.120000,12.000000,12.000000,20.000000,-2.430000,0.000000
618.153015,0.000000,0.000000,-7.710000,10.000000,10.000000,20.000000,-2.160000,0.000000
618.158020,0.000000,0.000000,-7.280000,10.000000,10.000000,20.000000,-2.160000,0.000000
618.163025,0.000000,0.000000,-6.930000,10.000000,10.000000,20.000000,-2.700000,0.000000
618.168030,0.000000,0.000000,-6.690000,10.000000,10.000000,20.000000,-2.700000,0.000000
618.172974,0.000000,0.000000,-6.620000,12.000000,10.000000,20.000000,-2.700000,0.000000
618.177979,0.000000,0.000000,-6.710000,12.000000,10.000000,20.000000,-2.700000,0.000000
618.182983,0.000000,0.000000,-6.660000,10.000000,10.000000,20.000000,-2.430000,0.000000
618.187988,0.000000,0.000000,-6.380000,10.000000,10.000000,20.000000,-2.430000,0.000000
618.192993,0.000000,0.000000,-6.110000,10.000000,10.000000,20.000000,-2.700000,0.000000
618.197998,0.000000,0.000000,-5.910000,10.000000,10.000000,20.000000,-2.700000,0.000000
618.203003,0.000000,0.000000,-5.800000,8.000000,10.000000,20.000000,-2.700000,0.000000
618.208008,0.000000,0.000000,-5.720000,8.000000,10.000000,20.000000,-2.700000,0.000000
618.213013,0.000000,0.000000,-5.600000,8.000000,8.000000,20.000000,-2.970000,0.000000
618.218018,0.000000,0.000000,-5.520000,8.000000,8.000000,20.000000,-2.970000,0.000000
618.223022,0.000000,0.000000,-5.450000,8.000000,8.000000,20.000000,-3.240000,0.000000
618.228027,0.000000,0.000000,-5.360000,8.000000,8.000000,20.000000,-3.240000,0.000000
618.232971,0.000000,0.000000,-5.290000,10.000000,6.000000,20.000000,-3.240000,0.000000
618.237976,0.000000,0.000000,-5.250000,10.000000,6.000000,20.000000,-3.240000,0.000000
618.242981,0.000000,0.000000,-5.230000,8.000000,8.000000,20.000000,-3.240000,0.000000
618.247986,0.000000,0.000000,-5.190000,8.000000,8.000000,20.000000,-3.240000,0.000000
618.252991,0.000000,0.000000,-5.170000,6.000000,8.000000,20.000000,-3.240000,0.000000
618.257996,0.000000,0.000000,-5.180000,6.000000,8.000000,20.000000,-3.240000,0.000000
618.263000,0.000000,0.000000,-5.190000,8.000000,6.000000,20.000000,-3.510000,0.000000
618.268005,0.000000,0.000000,-5.230000,8.000000,6.000000,20.000000,-3.510000,0.000000
618.273010,0.000000,0.000000,-5.280000,8.000000,6.000000,20.000000,-3.510000,0.000000
618.278015,0.000000,0.000000,-5.330000,8.000000,6.000000,20.000000,-3.510000,0.000000
618.283020,0.000000,0.000000,-5.400000,8.000000,6.000000,20.000000,-3.510000,0.000000
618.288025,0.000000,0.000000,-5.460000,8.000000,6.000000,20.000000,-3.510000,0.000000
618.293030,0.000000,0.000000,-5.530000,6.000000,4.000000,20.000000,-3.510000,0.000000
618.297974,0.000000,0.000000,-5.660000,6.000000,4.000000,20.000000,-3.510000,0.000000
618.302979,0.000000,0.000000,-5.770000,6.000000,6.000000,20.000000,-4.050000,0.000000
618.307983,0.000000,0.000000,-5.910000,6.000000,6.000000,20.000000,-4.050000,0.000000
618.312988,0.000000,0.000000,-6.080000,6.000000,4.000000,20.000000,-3.780000,0.000000
618.317993,0.000000,0.000000,-6.240000,6.000000,4.000000,20.000000,-3.780000,0.000000
618.322998,0.000000,0.000000,-6.400000,4.000000,6.000000,20.000000,-4.050000,0.000000
618.328003,0.000000,0.000000,-6.570000,4.000000,6.000000,20.000000,-4.050000,0.000000
618.333008,0.000000,0.000000,-6.770000,4.000000,4.000000,20.000000,-4.050000,0.000000
618.338013,0.000000,0.000000,-7.000000,4.000000,4.000000,20.000000,-4.050000,0.000000
618.343018,0.000000,0.000000,-7.260000,4.000000,4.000000,20.000000,-4.320000,0.000000
618.348022,0.000000,0.000000,-7.500000,4.000000,4.000000,20.000000,-4.320000,0.000000
618.353027,0.000000,0.000000,-7.760000,6.000000,4.000000,20.000000,-4.320000,0.000000
618.357971,0.000000,0.000000,-8.040000,6.000000,4.000000,20.000000,-4.320000,0.000000
618.362976,0.000000,0.000000,-8.330000,4.000000,4.000000,20.000000,-4.050000,0.000000
618.367981,0.000000,0.000000,-8.630000,4.000000,4.000000,20.000000,-4.050000,0.000000
618.372986,0.000000,0.000000,-8.950000,2.000000,2.000000,20.000000,-4.320000,0.000000
618.377991,0.000000,0.000000,-9.290000,2.000000,2.000000,20.000000,-4.320000,0.000000
618.382996,0.000000,0.000000,-9.640000,4.000000,4.000000,20.000000,-4.860000,0.000000
618.388000,0.000000,0.000000,-10.010000,4.000000,4.000000,20.000000,-4.860000,0.000000
618.393005,0.000000,0.000000,-10.390000,4.000000,2.000000,20.000000,-4.320000,0.000000
618.398010,0.000000,0.000000,-10.800000,4.000000,2.000000,20.000000,-4.320000,0.000000
618.403015,0.000000,0.000000,-11.220000,4.000000,2.000000,20.000000,-4.590000,0.000000
618.408020,0.000000,0.000000,-11.670000,4.000000,2.000000,20.000000,-4.590000,0.000000
618.413025,0.000000,0.000000,-12.130000,2.000000,2.000000,20.000000,-4.590000,0.000000
618.418030,0.000000,0.000000,-12.640000,2.000000,2.000000,20.000000,-4.590000,0.000000
618.422974,0.000000,0.000000,-13.160000,2.000000,2.000000,20.000000,-4.860000,0.000000
618.427979,0.000000,0.000000,-13.700000,2.000000,2.000000,20.000000,-4.860000,0.000000
618.432983,0.000000,0.000000,-14.260000,2.000000,2.000000,20.000000,-4.860000,0.000000
618.437988,0.000000,0.000000,-14.850000,2.000000,2.000000,20.000000,-4.860000,0.000000
618.442993,0.000000,0.000000,-15.470000,2.000000,0.000000,20.000000,-4.860000,0.000000
618.447998,0.000000,0.000000,-16.120001,2.000000,0.000000,20.000000,-4.860000,0.000000
618.453003,0.000000,0.000000,-16.780001,0.000000,0.000000,20.000000,-5.130000,0.000000
618.458008,0.000000,0.000000,-17.469999,0.000000,0.000000,20.000000,-5.130000,0.000000
618.463013,0.000000,0.000000,-18.180000,0.000000,0.000000,20.000000,-5.400000,0.000000
618.468018,0.000000,0.000000,-18.940001,0.000000,0.000000,20.000000,-5.400000,0.000000
618.473022,0.000000,0.000000,-19.730000,0.000000,0.000000,20.000000,-5.400000,0.000000
618.478027,0.000000,0.000000,-20.559999,0.000000,0.000000,20.000000,-5.400000,0.000000
618.482971,0.000000,0.000000,-21.440001,0.000000,-2.000000,20.000000,-5.400000,0.000000
618.487976,0.000000,0.000000,-22.410000,0.000000,-2.000000,20.000000,-5.400000,0.000000
618.492981,0.000000,0.000000,-23.469999,0.000000,0.000000,20.000000,-5.670000,0.000000
618.497986,0.000000,0.000000,-24.549999,0.000000,0.000000,20.000000,-5.670000,0.000000
618.502991,0.000000,0.000000,-25.420000,0.000000,0.000000,20.000000,-5.400000,0.000000
618.507996,0.000000,0.000000,-25.969999,0.000000,0.000000,20.000000,-5.400000,0.000000
618.513000,0.000000,0.000000,-26.190001,0.000000,0.000000,20.000000,-5.400000,0.000000
618.518005,0.000000,0.000000,-26.610001,0.000000,0.000000,20.000000,-5.400000,0.000000
618.523010,0.000000,0.000000,-26.920000,0.000000,0.000000,20.000000,-5.400000,0.000000
618.528015,0.000000,0.000000,-27.240000,0.000000,0.000000,20.000000,-5.400000,0.000000
618.533020,0.000000,0.000000,-27.580000,0.000000,0.000000,20.000000,-5.400000,0.000000
618.538025,0.000000,0.000000,-27.680000,0.000000,0.000000,20.000000,-5.400000,0.000000
618.543030,0.000000,0.000000,-27.840000,0.000000,0.000000,20.000000,-5.400000,0.000000
618.547974,0.000000,0.000000,-28.030001,0.000000,0.000000,20.000000,-5.400000,0.000000
618.552979,0.000000,0.000000,-27.920000,0.000000,0.000000,20.000000,-5.400000,0.000000
618.557983,0.000000,0.000000,-28.020000,0.000000,0.000000,20.000000,-5.400000,0.000000
618.562988,0.000000,0.000000,-27.959999,0.000000,0.000000,20.000000,-5.400000,0.000000
618.567993,0.000000,0.000000,-27.559999,0.000000,0.000000,20.000000,-5.400000,0.000000
618.572998,0.000000,0.000000,-27.180000,0.000000,0.000000,20.000000,-5.400000,0.000000
618.578003,0.000000,0.000000,-27.180000,0.000000,0.000000,20.000000,-5.400000,0.000000
618.583008,0.000000,0.000000,-27.000000,0.000000,0.000000,20.000000,-5.400000,0.000000
618.588013,0.000000,0.000000,-26.719999,0.000000,0.000000,20.000000,-5.400000,0.000000
618.593018,0.000000,0.000000,-26.500000,0.000000,0.000000,20.000000,-5.400000,0.000000
618.598022,0.000000,0.000000,-26.450001,0.000000,0.000000,20.000000,-5.400000,0.000000
618.603027,0.000000,0.000000,-26.490000,0.000000,0.000000,20.000000,-5.400000,0.000000
618.607971,0.000000,0.000000,-26.590000,0.000000,0.000000,20.000000,-5.400000,0.000000
618.612976,0.000000,0.000000,-26.530001,0.000000,0.000000,20.000000,-5.400000,0.000000
618.617981,0.000000,0.000000,-26.500000,0.000000,0.000000,20.000000,-5.400000,0.000000
618.622986,0.000000,0.000000,-26.639999,0.000000,0.000000,20.000000,-5.400000,0.000000
618.627991,0.000000,0.000000,-26.799999,0.000000,0.000000,20.000000,-5.400000,0.000000
618.632996,0.000000,0.000000,-26.990000,0.000000,0.000000,20.000000,-5.400000,0.000000
618.638000,0.000000,0.000000,-27.299999,0.000000,0.000000,20.000000,-5.400000,0.000000
618.643005,0.000000,0.000000,-27.639999,0.000000,0.000000,20.000000,-5.400000,0.000000
618.648010,0.000000,0.000000,-27.950001,0.000000,0.000000,20.000000,-5.400000,0.000000
618.653015,0.000000,0.000000,-28.059999,0.000000,0.000000,20.000000,-5.400000,0.000000
618.658020,0.000000,0.000000,-28.030001,0.000000,0.000000,20.000000,-5.400000,0.000000
618.663025,0.000000,0.000000,-27.969999,0.000000,0.000000,20.000000,-5.400000,0.000000
618.668030,0.000000,0.000000,-27.930000,0.000000,0.000000,20.000000,-5.400000,0.000000
618.672974,0.000000,0.000000,-27.940001,0.000000,0.000000,20.000000,-5.400000,0.000000
618.677979,0.000000,0.000000,-27.990000,0.000000,0.000000,20.000000,-5.400000,0.000000
618.682983,0.000000,0.000000,-28.049999,0.000000,0.000000,20.000000,-5.400000,0.000000
618.687988,0.000000,0.000000,-27.900000,0.000000,0.000000,20.000000,-5.400000,0.000000
618.692993,0.000000,0.000000,-27.719999,0.000000,0.000000,20.000000,-5.400000,0.000000
618.697998,0.000000,0.000000,-27.639999,0.000000,0.000000,20.000000,-5.400000,0.000000
618.703003,0.000000,0.000000,-27.650000,0.000000,0.000000,20.000000,-5.400000,0.000000
618.708008,0.000000,0.000000,-27.700001,0.000000,0.000000,20.000000,-5.400000,0.000000
618.713013,0.000000,0.000000,-27.670000,0.000000,0.000000,20.000000,-5.400000,0.000000
618.718018,0.000000,0.000000,-27.670000,0.000000,0.000000,20.000000,-5.400000,0.000000
618.723022,0.000000,0.000000,-27.770000,0.000000,0.000000,20.000000,-5.400000,0.000000
618.728027,0.000000,0.000000,-27.900000,0.000000,0.000000,20.000000,-5.400000,0.000000
618.732971,0.000000,0.000000,-27.990000,0.000000,0.000000,20.000000,-5.400000,0.000000
618.737976,0.000000,0.000000,-28.020000,0.000000,0.000000,20.000000,-5.400000,0.000000
618.742981,0.000000,0.000000,-28.040001,0.000000,0.000000,20.000000,-5.400000,0.000000
618.747986,0.000000,0.000000,-28.080000,0.000000,0.000000,20.000000,-5.400000,0.000000
618.752991,0.000000,0.000000,-28.100000,0.000000,0.000000,20.000000,-5.400000,0.000000
618.757996,0.000000,0.000000,-28.070000,0.000000,0.000000,20.000000,-5.400000,0.000000
618.763000,0.000000,0.000000,-28.040001,0.000000,0.000000,20.000000,-5.400000,0.000000
618.768005,0.000000,0.000000,-28.030001,0.000000,0.000000,20.000000,-5.400000,0.000000
618.773010,0.000000,0.000000,-28.020000,0.000000,0.000000,20.000000,-5.400000,0.000000
618.778015,0.000000,0.000000,-28.010000,0.000000,0.000000,20.000000,-5.400000,0.000000
618.783020,0.000000,0.000000,-28.020000,0.000000,0.000000,20.000000,-5.400000,0.000000
618.788025,0.000000,0.000000,-28.059999,0.000000,0.000000,20.000000,-5.400000,0.000000
618.793030,0.000000,0.000000,-28.110001,0.000000,0.000000,20.000000,-5.400000,0.000000
618.797974,0.000000,0.000000,-28.150000,0.000000,0.000000,20.000000,-5.400000,0.000000
618.802979,0.000000,0.000000,-28.180000,0.000000,0.000000,20.000000,-5.400000,0.000000
618.807983,0.000000,0.000000,-28.209999,0.000000,0.000000,20.000000,-5.400000,0.000000
618.812988,0.000000,0.000000,-28.230000,0.000000,0.000000,20.000000,-5.400000,0.000000
618.817993,0.000000,0.000000,-28.230000,0.000000,0.000000,20.000000,-5.400000,0.000000
618.822998,0.000000,0.000000,-28.230000,0.000000,0.000000,20.000000,-5.400000,0.000000
618.828003,0.000000,0.000000,-28.219999,0.000000,0.000000,20.000000,-5.400000,0.000000
618.833008,0.000000,0.000000,-28.219999,0.000000,0.000000,20.000000,-5.400000,0.000000
618.838013,0.000000,0.000000,-28.219999,0.000000,0.000000,20.000000,-5.400000,0.000000
618.843018,0.000000,0.000000,-28.230000,0.000000,0.000000,20.000000,-5.400000,0.000000
618.848022,0.000000,0.000000,-28.250000,0.000000,0.000000,20.000000,-5.400000,0.000000
618.853027,0.000000,0.000000,-28.270000,0.000000,0.000000,20.000000,-5.400000,0.000000
618.857971,0.000000,0.000000,-28.290001,0.000000,0.000000,20.000000,-5.400000,0.000000
618.862976,0.000000,0.000000,-28.320000,0.000000,0.000000,20.000000,-5.400000,0.000000
618.867981,0.000000,0.000000,-28.340000,0.000000,0.000000,20.000000,-5.400000,0.000000
618.872986,0.000000,0.000000,-28.360001,0.000000,0.000000,20.000000,-5.400000,0.000000
618.877991,0.000000,0.000000,-28.370001,0.000000,0.000000,20.000000,-5.400000,0.000000
618.882996,0.000000,0.000000,-28.379999,0.000000,0.000000,20.000000,-5.400000,0.000000
618.888000,0.000000,0.000000,-28.379999,0.000000,0.000000,20.000000,-5.400000,0.000000
618.893005,0.000000,0.000000,-28.389999,0.000000,0.000000,20.000000,-5.400000,0.000000
618.898010,0.000000,0.000000,-28.389999,0.000000,0.000000,20.000000,-5.400000,0.000000
618.903015,0.000000,0.000000,-28.400000,0.000000,0.000000,20.000000,-5.400000,0.000000
618.908020,0.000000,0.000000,-28.410000,0.000000,0.000000,20.000000,-5.400000,0.000000
618.913025,0.000000,0.000000,-28.430000,0.000000,0.000000,20.000000,-5.400000,0.000000
618.918030,0.000000,0.000000,-28.440001,0.000000,0.000000,20.000000,-5.400000,0.000000
618.922974,0.000000,0.000000,-28.459999,0.000000,0.000000,20.000000,-5.400000,0.000000
618.927979,0.000000,0.000000,-28.480000,0.000000,0.000000,20.000000,-5.400000,0.000000
618.932983,0.000000,0.000000,-28.490000,0.000000,0.000000,20.000000,-5.400000,0.000000
618.937988,0.000000,0.000000,-28.500000,0.000000,0.000000,20.000000,-5.400000,0.000000
618.942993,0.000000,0.000000,-28.510000,0.000000,0.000000,20.000000,-5.400000,0.000000
618.947998,0.000000,0.000000,-28.520000,0.000000,0.000000,20.000000,-5.400000,0.000000
618.953003,0.000000,0.000000,-28.530001,0.000000,0.000000,20.000000,-5.400000,0.000000
618.958008,0.000000,0.000000,-28.530001,0.000000,0.000000,20.000000,-5.400000,0.000000
618.963013,0.000000,0.000000,-28.540001,0.000000,0.000000,20.000000,-5.400000,0.000000
618.968018,0.000000,0.000000,-28.549999,0.000000,0.000000,20.000000,-5.400000,0.000000
618.973022,0.000000,0.000000,-28.559999,0.000000,0.000000,20.000000,-5.400000,0.000000
618.978027,0.000000,0.000000,-28.570000,0.000000,0.000000,20.000000,-5.400000,0.000000
618.982971,0.000000,0.000000,-28.590000,0.000000,0.000000,20.000000,-5.400000,0.000000
618.987976,0.000000,0.000000,-28.600000,0.000000,0.000000,20.000000,-5.400000,0.000000
618.992981,0.000000,0.000000,-28.620001,0.000000,0.000000,20.000000,-5.400000,0.000000
618.997986,0.000000,0.000000,-28.629999,0.000000,0.000000,20.000000,-5.400000,0.000000
619.002991,0.000000,0.000000,-28.639999,0.000000,0.000000,20.000000,-5.400000,0.000000
619.007996,0.000000,0.000000,-28.639999,0.000000,0.000000,20.000000,-5.400000,0.000000
619.013000,0.000000,0.000000,-28.650000,0.000000,0.000000,20.000000,-5.400000,0.000000
619.018005,0.000000,0.000000,-28.650000,0.000000,0.000000,20.000000,-5.400000,0.000000
619.023010,0.000000,0.000000,-28.660000,0.000000,0.000000,20.000000,-5.400000,0.000000
619.028015,0.000000,0.000000,-28.670000,0.000000,0.000000,20.000000,-5.400000,0.000000
619.033020,0.000000,0.000000,-28.680000,0.000000,0.000000,20.000000,-5.400000,0.000000
619.038025,0.000000,0.000000,-28.690001,0.000000,0.000000,20.000000,-5.400000,0.000000
619.043030,0.000000,0.000000,-28.700001,0.000000,0.000000,20.000000,-5.400000,0.000000
619.047974,0.000000,0.000000,-28.709999,0.000000,0.000000,20.000000,-5.400000,0.000000
619.052979,0.000000,0.000000,-28.719999,0.000000,0.000000,20.000000,-5.400000,0.000000
619.057983,0.000000,0.000000,-28.730000,0.000000,0.000000,20.000000,-5.400000,0.000000
619.062988,0.000000,0.000000,-28.740000,0.000000,0.000000,20.000000,-5.400000,0.000000
619.067993,0.000000,0.000000,-28.740000,0.000000,0.000000,20.000000,-5.400000,0.000000
619.072998,0.000000,0.000000,-28.750000,0.000000,0.000000,20.000000,-5.400000,0.000000
619.078003,0.000000,0.000000,-28.760000,0.000000,0.000000,20.000000,-5.400000,0.000000
619.083008,0.000000,0.000000,-28.770000,0.000000,0.000000,20.000000,-5.400000,0.000000
619.088013,0.000000,0.000000,-28.780001,0.000000,0.000000,20.000000,-5.400000,0.000000
619.093018,0.000000,0.000000,-28.790001,0.000000,0.000000,20.000000,-5.400000,0.000000
619.098022,0.000000,0.000000,-28.799999,0.000000,0.000000,20.000000,-5.400000,0.000000
619.103027,0.000000,0.000000,-28.809999,0.000000,0.000000,20.000000,-5.400000,0.000000
619.107971,0.000000,0.000000,-28.820000,0.000000,0.000000,20.000000,-5.400000,0.000000
619.112976,0.000000,0.000000,-28.820000,0.000000,0.000000,20.000000,-5.400000,0.000000
619.117981,0.000000,0.000000,-28.830000,0.000000,0.000000,20.000000,-5.400000,0.000000
619.122986,0.000000,0.000000,-28.840000,0.000000,0.000000,20.000000,-5.400000,0.000000
619.127991,0.000000,0.000000,-28.840000,0.000000,0.000000,20.000000,-5.400000,0.000000
619.132996,0.000000,0.000000,-28.850000,0.000000,0.000000,20.000000,-5.400000,0.000000
619.138000,0.000000,0.000000,-28.860001,0.000000,0.000000,20.000000,-5.400000,0.000000
619.143005,0.000000,0.000000,-28.860001,0.000000,0.000000,20.000000,-5.400000,0.000000
619.148010,0.000000,0.000000,-28.870001,0.000000,0.000000,20.000000,-5.400000,0.000000
619.153015,0.000000,0.000000,-28.879999,0.000000,0.000000,20.000000,-5.400000,0.000000
619.158020,0.000000,0.000000,-28.889999,0.000000,0.000000,20.000000,-5.400000,0.000000
619.163025,0.000000,0.000000,-28.889999,0.000000,0.000000,20.000000,-5.400000,0.000000
619.168030,0.000000,0.000000,-28.900000,0.000000,0.000000,20.000000,-5.400000,0.000000
619.172974,0.000000,0.000000,-28.910000,0.000000,0.000000,20.000000,-5.400000,0.000000
619.177979,0.000000,0.000000,-28.910000,0.000000,0.000000,20.000000,-5.400000,0.000000
619.182983,0.000000,0.000000,-28.920000,0.000000,0.000000,20.000000,-5.400000,0.000000
619.187988,0.000000,0.000000,-28.920000,0.000000,0.000000,20.000000,-5.400000,0.000000
619.192993,0.000000,0.000000,-28.930000,0.000000,0.000000,20.000000,-5.400000,0.000000
619.197998,0.000000,0.000000,-28.930000,0.000000,0.000000,20.000000,-5.400000,0.000000
619.203003,0.000000,0.000000,-28.940001,0.000000,0.000000,20.000000,-5.400000,0.000000
619.208008,0.000000,0.000000,-28.950001,0.000000,0.000000,20.000000,-5.400000,0.000000
619.213013,0.000000,0.000000,-28.959999,0.000000,0.000000,20.000000,-5.400000,0.000000
619.218018,0.000000,0.000000,-28.959999,0.000000,0.000000,20.000000,-5.400000,0.000000
619.223022,0.000000,0.000000,-28.969999,0.000000,0.000000,20.000000,-5.400000,0.000000
619.228027,0.000000,0.000000,-28.980000,0.000000,0.000000,20.000000,-5.400000,0.000000
619.232971,0.000000,0.000000,-28.980000,0.000000,0.000000,20.000000,-5.400000,0.000000
619.237976,0.000000,0.000000,-28.990000,0.000000,0.000000,20.000000,-5.400000,0.000000
619.242981,0.000000,0.000000,-29.000000,0.000000,0.000000,20.000000,-5.400000,0.000000
619.247986,0.000000,0.000000,-29.010000,0.000000,0.000000,20.000000,-5.400000,0.000000
619.252991,0.000000,0.000000,-29.010000,0.000000,0.000000,20.000000,-5.400000,0.000000
619.257996,0.000000,0.000000,-29.020000,0.000000,0.000000,20.000000,-5.400000,0.000000
619.263000,0.000000,0.000000,-29.030001,0.000000,0.000000,20.000000,-5.400000,0.000000
619.268005,0.000000,0.000000,-29.030001,0.000000,0.000000,20.000000,-5.400000,0.000000
619.273010,0.000000,0.000000,-29.040001,0.000000,0.000000,20.000000,-5.400000,0.000000
619.278015,0.000000,0.000000,-29.049999,0.000000,0.000000,20.000000,-5.400000,0.000000
619.283020,0.000000,0.000000,-29.049999,0.000000,0.000000,20.000000,-5.400000,0.000000
619.288025,0.000000,0.000000,-29.059999,0.000000,0.000000,20.000000,-5.400000,0.000000
619.293030,0.000000,0.000000,-29.070000,0.000000,0.000000,20.000000,-5.400000,0.000000
619.297974,0.000000,0.000000,-29.070000,0.000000,0.000000,20.000000,-5.400000,0.000000
619.302979,0.000000,0.000000,-29.080000,0.000000,0.000000,20.000000,-5.400000,0.000000
619.307983,0.000000,0.000000,-29.080000,0.000000,0.000000,20.000000,-5.400000,0.000000
619.312988,0.000000,0.000000,-29.090000,0.000000,0.000000,20.000000,-5.400000,0.000000
619.317993,0.000000,0.000000,-29.090000,0.000000,0.000000,20.000000,-5.400000,0.000000
619.322998,0.000000,0.000000,-29.090000,0.000000,0.000000,20.000000,-5.400000,0.000000
619.328003,0.000000,0.000000,-29.100000,0.000000,0.000000,20.000000,-5.400000,0.000000
619.333008,0.000000,0.000000,-29.110001,0.000000,0.000000,20.000000,-5.400000,0.000000
619.338013,0.000000,0.000000,-29.110001,0.000000,0.000000,20.000000,-5.400000,0.000000
619.343018,0.000000,0.000000,-29.120001,0.000000,0.000000,20.000000,-5.400000,0.000000
619.348022,0.000000,0.000000,-29.129999,0.000000,0.000000,20.000000,-5.400000,0.000000
619.353027,0.000000,0.000000,-29.129999,0.000000,0.000000,20.000000,-5.400000,0.000000
619.357971,0.000000,0.000000,-29.139999,0.000000,0.000000,20.000000,-5.400000,0.000000
619.362976,0.000000,0.000000,-29.150000,0.000000,0.000000,20.000000,-5.400000,0.000000
619.367981,0.000000,0.000000,-29.150000,0.000000,0.000000,20.000000,-5.400000,0.000000
619.372986,0.000000,0.000000,-29.160000,0.000000,0.000000,20.000000,-5.400000,0.000000
619.377991,0.000000,0.000000,-29.160000,0.000000,0.000000,20.000000,-5.400000,0.000000
619.382996,0.000000,0.000000,-29.170000,0.000000,0.000000,20.000000,-5.400000,0.000000
619.388000,0.000000,0.000000,-29.170000,0.000000,0.000000,20.000000,-5.400000,0.000000
619.393005,0.000000,0.000000,-29.180000,0.000000,0.000000,20.000000,-5.400000,0.000000
619.398010,0.000000,0.000000,-29.180000,0.000000,0.000000,20.000000,-5.400000,0.000000
619.403015,0.000000,0.000000,-29.180000,0.000000,0.000000,20.000000,-5.400000,0.000000
619.408020,0.000000,0.000000,-29.190001,0.000000,0.000000,20.000000,-5.400000,0.000000
619.413025,0.000000,0.000000,-29.190001,0.000000,0.000000,20.000000,-5.400000,0.000000
619.418030,0.000000,0.000000,-29.190001,0.000000,0.000000,20.000000,-5.400000,0.000000
619.422974,0.000000,0.000000,-29.200001,0.000000,0.000000,20.000000,-5.400000,0.000000
619.427979,0.000000,0.000000,-29.200001,0.000000,0.000000,20.000000,-5.400000,0.000000
619.432983,0.000000,0.000000,-29.209999,0.000000,0.000000,20.000000,-5.400000,0.000000
619.437988,0.000000,0.000000,-29.209999,0.000000,0.000000,20.000000,-5.400000,0.000000
619.442993,0.000000,0.000000,-29.219999,0.000000,0.000000,20.000000,-5.400000,0.000000
619.447998,0.000000,0.000000,-29.219999,0.000000,0.000000,20.000000,-5.400000,0.000000
619.453003,0.000000,0.000000,-29.219999,0.000000,0.000000,20.000000,-5.400000,0.000000
619.458008,0.000000,0.000000,-29.230000,0.000000,0.000000,20.000000,-5.400000,0.000000
619.463013,0.000000,0.000000,-29.240000,0.000000,0.000000,20.000000,-5.400000,0.000000
619.468018,0.000000,0.000000,-29.240000,0.000000,0.000000,20.000000,-5.400000,0.000000
619.473022,0.000000,0.000000,-29.240000,0.000000,0.000000,20.000000,-5.400000,0.000000
619.478027,0.000000,0.000000,-29.250000,0.000000,0.000000,20.000000,-5.400000,0.000000
619.482971,0.000000,0.000000,-29.250000,0.000000,0.000000,20.000000,-5.400000,0.000000
619.487976,0.000000,0.000000,-29.250000,0.000000,0.000000,20.000000,-5.400000,0.000000
619.492981,0.000000,0.000000,-29.260000,0.000000,0.000000,20.000000,-5.400000,0.000000
619.497986,0.000000,0.000000,-29.260000,0.000000,0.000000,20.000000,-5.400000,0.000000
619.502991,0.000000,0.000000,-29.260000,0.000000,0.000000,20.000000,-5.400000,0.000000
619.507996,0.000000,0.000000,-29.260000,0.000000,0.000000,20.000000,-5.400000,0.000000
619.513000,0.000000,0.000000,-29.260000,0.000000,0.000000,20.000000,-5.400000,0.000000
619.518005,0.000000,0.000000,-29.270000,0.000000,0.000000,20.000000,-5.400000,0.000000
619.523010,0.000000,0.000000,-29.270000,0.000000,0.000000,20.000000,-5.400000,0.000000
619.528015,0.000000,0.000000,-29.270000,0.000000,0.000000,20.000000,-5.400000,0.000000
619.533020,0.000000,0.000000,-29.270000,0.000000,0.000000,20.000000,-5.400000,0.000000
619.538025,0.000000,0.000000,-29.280001,0.000000,0.000000,20.000000,-5.400000,0.000000
619.543030,0.000000,0.000000,-29.280001,0.000000,0.000000,20.000000,-5.400000,0.000000
619.547974,0.000000,0.000000,-29.290001,0.000000,0.000000,20.000000,-5.400000,0.000000
619.552979,0.000000,0.000000,-29.290001,0.000000,0.000000,20.000000,-5.400000,0.000000
619.557983,0.000000,0.000000,-29.290001,0.000000,0.000000,20.000000,-5.400000,0.000000
619.562988,0.000000,0.000000,-29.299999,0.000000,0.000000,20.000000,-5.400000,0.000000
619.567993,0.000000,0.000000,-29.299999,0.000000,0.000000,20.000000,-5.400000,0.000000
619.572998,0.000000,0.000000,-29.309999,0.000000,0.000000,20.000000,-5.400000,0.000000
619.578003,0.000000,0.000000,-29.309999,0.000000,0.000000,20.000000,-5.400000,0.000000
619.583008,0.000000,0.000000,-29.309999,0.000000,0.000000,20.000000,-5.400000,0.000000
619.588013,0.000000,0.000000,-29.320000,0.000000,0.000000,20.000000,-5.400000,0.000000
619.593018,0.000000,0.000000,-29.320000,0.000000,0.000000,20.000000,-5.400000,0.000000
619.598022,0.000000,0.000000,-29.330000,0.000000,0.000000,20.000000,-5.400000,0.000000
619.603027,0.000000,0.000000,-29.330000,0.000000,0.000000,20.000000,-5.400000,0.000000
619.607971,0.000000,0.000000,-29.340000,0.000000,0.000000,20.000000,-5.400000,0.000000
619.612976,0.000000,0.000000,-29.340000,0.000000,0.000000,20.000000,-5.400000,0.000000
619.617981,0.000000,0.000000,-29.350000,0.000000,0.000000,20.000000,-5.400000,0.000000
619.622986,0.000000,0.000000,-29.350000,0.000000,0.000000,20.000000,-5.400000,0.000000
619.627991,0.000000,0.000000,-29.350000,0.000000,0.000000,20.000000,-5.400000,0.000000
619.632996,0.000000,0.000000,-29.350000,0.000000,0.000000,20.000000,-5.400000,0.000000
619.638000,0.000000,0.000000,-29.350000,0.000000,0.000000,20.000000,-5.400000,0.000000
619.643005,0.000000,0.000000,-29.360001,0.000000,0.000000,20.000000,-5.400000,0.000000
619.648010,0.000000,0.000000,-29.360001,0.000000,0.000000,20.000000,-5.400000,0.000000
619.653015,0.000000,0.000000,-29.370001,0.000000,0.000000,20.000000,-5.400000,0.000000
619.658020,0.000000,0.000000,-29.370001,0.000000,0.000000,20.000000,-5.400000,0.000000
619.663025,0.000000,0.000000,-29.370001,0.000000,0.000000,20.000000,-5.400000,0.000000
619.668030,0.000000,0.000000,-29.370001,0.000000,0.000000,20.000000,-5.400000,0.000000
619.672974,0.000000,0.000000,-29.370001,0.000000,0.000000,20.000000,-5.400000,0.000000
619.677979,0.000000,0.000000,-29.379999,0.000000,0.000000,20.000000,-5.400000,0.000000
619.682983,0.000000,0.000000,-29.370001,0.000000,0.000000,20.000000,-5.400000,0.000000
619.687988,0.000000,0.000000,-29.370001,0.000000,0.000000,20.000000,-5.400000,0.000000
619.692993,0.000000,0.000000,-29.379999,0.000000,0.000000,20.000000,-5.400000,0.000000
619.697998,0.000000,0.000000,-29.370001,0.000000,0.000000,20.000000,-5.400000,0.000000
619.703003,0.000000,0.000000,-29.379999,0.000000,0.000000,20.000000,-5.400000,0.000000
619.708008,0.000000,0.000000,-29.379999,0.000000,0.000000,20.000000,-5.400000,0.000000
619.713013,0.000000,0.000000,-29.379999,0.000000,0.000000,20.000000,-5.400000,0.000000
619.718018,0.000000,0.000000,-29.379999,0.000000,0.000000,20.000000,-5.400000,0.000000
619.723022,0.000000,0.000000,-29.379999,0.000000,0.000000,20.000000,-5.400000,0.000000
619.728027,0.000000,0.000000,-29.389999,0.000000,0.000000,20.000000,-5.400000,0.000000
619.732971,0.000000,0.000000,-29.389999,0.000000,0.000000,20.000000,-5.400000,0.000000
619.737976,0.000000,0.000000,-29.389999,0.000000,0.000000,20.000000,-5.400000,0.000000
619.742981,0.000000,0.000000,-29.389999,0.000000,0.000000,20.000000,-5.400000,0.000000
619.747986,0.000000,0.000000,-29.389999,0.000000,0.000000,20.000000,-5.400000,0.000000
619.752991,0.000000,0.000000,-29.389999,0.000000,0.000000,20.000000,-5.400000,0.000000
619.757996,0.000000,0.000000,-29.400000,0.000000,0.000000,20.000000,-5.400000,0.000000
619.763000,0.000000,0.000000,-29.400000,0.000000,0.000000,20.000000,-5.400000,0.000000
619.768005,0.000000,0.000000,-29.400000,0.000000,0.000000,20.000000,-5.400000,0.000000
619.773010,0.000000,0.000000,-29.400000,0.000000,0.000000,20.000000,-5.400000,0.000000
619.778015,0.000000,0.000000,-29.400000,0.000000,0.000000,20.000000,-5.400000,0.000000
619.783020,0.000000,0.000000,-29.400000,0.000000,0.000000,20.000000,-5.400000,0.000000
619.788025,0.000000,0.000000,-29.410000,0.000000,0.000000,20.000000,-5.400000,0.000000
619.793030,0.000000,0.000000,-29.410000,0.000000,0.000000,20.000000,-5.400000,0.000000
619.797974,0.000000,0.000000,-29.410000,0.000000,0.000000,20.000000,-5.400000,0.000000
619.802979,0.000000,0.000000,-29.410000,0.000000,0.000000,20.000000,-5.400000,0.000000
619.807983,0.000000,0.000000,-29.410000,0.000000,0.000000,20.000000,-5.400000,0.000000
619.812988,0.000000,0.000000,-29.410000,0.000000,0.000000,20.000000,-5.400000,0.000000
619.817993,0.000000,0.000000,-29.410000,0.000000,0.000000,20.000000,-5.400000,0.000000
619.822998,0.000000,0.000000,-29.410000,0.000000,0.000000,20.000000,-5.400000,0.000000
619.828003,0.000000,0.000000,-29.410000,0.000000,0.000000,20.000000,-5.400000,0.000000
619.833008,0.000000,0.000000,-29.420000,0.000000,0.000000,20.000000,-5.400000,0.000000
619.838013,0.000000,0.000000,-29.420000,0.000000,0.000000,20.000000,-5.400000,0.000000
619.843018,0.000000,0.000000,-29.430000,0.000000,0.000000,20.000000,-5.400000,0.000000
619.848022,0.000000,0.000000,-29.430000,0.000000,0.000000,20.000000,-5.400000,0.000000
619.853027,0.000000,0.000000,-29.430000,0.000000,0.000000,20.000000,-5.400000,0.000000
619.857971,0.000000,0.000000,-29.440001,0.000000,0.000000,20.000000,-5.400000,0.000000
619.862976,0.000000,0.000000,-29.440001,0.000000,0.000000,20.000000,-5.400000,0.000000
619.867981,0.000000,0.000000,-29.450001,0.000000,0.000000,20.000000,-5.400000,0.000000
619.872986,0.000000,0.000000,-29.450001,0.000000,0.000000,20.000000,-5.400000,0.000000
619.877991,0.000000,0.000000,-29.450001,0.000000,0.000000,20.000000,-5.400000,0.000000
619.882996,0.000000,0.000000,-29.450001,0.000000,0.000000,20.000000,-5.400000,0.000000
619.888000,0.000000,0.000000,-29.450001,0.000000,0.000000,20.000000,-5.400000,0.000000
619.893005,0.000000,0.000000,-29.450001,0.000000,0.000000,20.000000,-5.400000,0.000000
619.898010,0.000000,0.000000,-29.459999,0.000000,0.000000,20.000000,-5.400000,0.000000
619.903015,0.000000,0.000000,-29.459999,0.000000,0.000000,20.000000,-5.400000,0.000000
619.908020,0.000000,0.000000,-29.459999,0.000000,0.000000,20.000000,-5.400000,0.000000
619.913025,0.000000,0.000000,-29.459999,0.000000,0.000000,20.000000,-5.400000,0.000000
619.918030,0.000000,0.000000,-29.459999,0.000000,0.000000,20.000000,-5.400000,0.000000
619.922974,0.000000,0.000000,-29.459999,0.000000,0.000000,20.000000,-5.400000,0.000000
619.927979,0.000000,0.000000,-29.459999,0.000000,0.000000,20.000000,-5.400000,0.000000
619.932983,0.000000,0.000000,-29.469999,0.000000,0.000000,20.000000,-5.400000,0.000000
619.937988,0.000000,0.000000,-29.469999,0.000000,0.000000,20.000000,-5.400000,0.000000
619.942993,0.000000,0.000000,-29.469999,0.000000,0.000000,20.000000,-5.400000,0.000000
619.947998,0.000000,0.000000,-29.469999,0.000000,0.000000,20.000000,-5.400000,0.000000
619.953003,0.000000,0.000000,-29.469999,0.000000,0.000000,20.000000,-5.400000,0.000000
619.958008,0.000000,0.000000,-29.480000,0.000000,0.000000,20.000000,-5.400000,0.000000
619.963013,0.000000,0.000000,-29.480000,0.000000,0.000000,20.000000,-5.400000,0.000000
619.968018,0.000000,0.000000,-29.480000,0.000000,0.000000,20.000000,-5.400000,0.000000
619.973022,0.000000,0.000000,-29.480000,0.000000,0.000000,20.000000,-5.400000,0.000000
619.978027,0.000000,0.000000,-29.480000,0.000000,0.000000,20.000000,-5.400000,0.000000
619.982971,0.000000,0.000000,-29.480000,0.000000,0.000000,20.000000,-5.400000,0.000000
619.987976,0.000000,0.000000,-29.480000,0.000000,0.000000,20.000000,-5.400000,0.000000
619.992981,0.000000,0.000000,-29.490000,0.000000,0.000000,20.000000,-5.400000,0.000000
619.997986,0.000000,0.000000,-29.490000,0.000000,0.000000,20.000000,-5.400000,0.000000
620.002991,0.000000,0.000000,-29.480000,0.000000,0.000000,20.000000,-5.400000,0.000000
620.007996,0.000000,0.000000,-29.480000,0.000000,0.000000,20.000000,-5.400000,0.000000
620.013000,0.000000,0.000000,-29.480000,0.000000,0.000000,20.000000,-5.400000,0.000000
620.018005,0.000000,0.000000,-29.480000,0.000000,0.000000,20.000000,-5.400000,0.000000
620.023010,0.000000,0.000000,-29.480000,0.000000,0.000000,20.000000,-5.400000,0.000000
620.028015,0.000000,0.000000,-29.480000,0.000000,0.000000,20.000000,-5.400000,0.000000
620.033020,0.000000,0.000000,-29.480000,0.000000,0.000000,20.000000,-5.400000,0.000000
620.038025,0.000000,0.000000,-29.480000,0.000000,0.000000,20.000000,-5.400000,0.000000
620.043030,0.000000,0.000000,-29.480000,0.000000,0.000000,20.000000,-5.400000,0.000000
620.047974,0.000000,0.000000,-29.480000,0.000000,0.000000,20.000000,-5.400000,0.000000
620.052979,0.000000,0.000000,-29.480000,0.000000,0.000000,20.000000,-5.400000,0.000000
620.057983,0.000000,0.000000,-29.480000,0.000000,0.000000,20.000000,-5.400000,0.000000
620.062988,0.000000,0.000000,-29.480000,0.000000,0.000000,20.000000,-5.400000,0.000000
620.067993,0.000000,0.000000,-29.490000,0.000000,0.000000,20.000000,-5.400000,0.000000
620.072998,0.000000,0.000000,-29.490000,0.000000,0.000000,20.000000,-5.400000,0.000000
620.078003,0.000000,0.000000,-29.490000,0.000000,0.000000,20.000000,-5.400000,0.000000
620.083008,0.000000,0.000000,-29.490000,0.000000,0.000000,20.000000,-5.400000,0.000000
620.088013,0.000000,0.000000,-29.490000,0.000000,0.000000,20.000000,-5.400000,0.000000
620.093018,0.000000,0.000000,-29.500000,0.000000,0.000000,20.000000,-5.400000,0.000000
620.098022,0.000000,0.000000,-29.500000,0.000000,0.000000,20.000000,-5.400000,0.000000
620.103027,0.000000,0.000000,-29.500000,0.000000,0.000000,20.000000,-5.400000,0.000000
620.107971,0.000000,0.000000,-29.490000,0.000000,0.000000,20.000000,-5.400000,0.000000
620.112976,0.000000,0.000000,-29.500000,0.000000,0.000000,20.000000,-5.400000,0.000000
620.117981,0.000000,0.000000,-29.500000,0.000000,0.000000,20.000000,-5.400000,0.000000
620.122986,0.000000,0.000000,-29.500000,0.000000,0.000000,20.000000,-5.400000,0.000000
620.127991,0.000000,0.000000,-29.500000,0.000000,0.000000,20.000000,-5.400000,0.000000
620.132996,0.000000,0.000000,-29.500000,0.000000,0.000000,20.000000,-5.400000,0.000000
620.138000,0.000000,0.000000,-29.500000,0.000000,0.000000,20.000000,-5.400000,0.000000
620.143005,0.000000,0.000000,-29.500000,0.000000,0.000000,20.000000,-5.400000,0.000000
620.148010,0.000000,0.000000,-29.500000,0.000000,0.000000,20.000000,-5.400000,0.000000
620.153015,0.000000,0.000000,-29.510000,0.000000,0.000000,20.000000,-5.400000,0.000000
620.158020,0.000000,0.000000,-29.510000,0.000000,0.000000,20.000000,-5.400000,0.000000
620.163025,0.000000,0.000000,-29.510000,0.000000,0.000000,20.000000,-5.400000,0.000000
620.168030,0.000000,0.000000,-29.510000,0.000000,0.000000,20.000000,-5.400000,0.000000
620.172974,0.000000,0.000000,-29.520000,0.000000,0.000000,20.000000,-5.400000,0.000000
620.177979,0.000000,0.000000,-29.520000,0.000000,0.000000,20.000000,-5.400000,0.000000
620.182983,0.000000,0.000000,-29.520000,0.000000,0.000000,20.000000,-5.400000,0.000000
620.187988,0.000000,0.000000,-29.520000,0.000000,0.000000,20.000000,-5.400000,0.000000
620.192993,0.000000,0.000000,-29.520000,0.000000,0.000000,20.000000,-5.400000,0.000000
620.197998,0.000000,0.000000,-29.520000,0.000000,0.000000,20.000000,-5.400000,0.000000
620.203003,0.000000,0.000000,-29.520000,0.000000,0.000000,20.000000,-5.400000,0.000000
620.208008,0.000000,0.000000,-29.520000,0.000000,0.000000,20.000000,-5.400000,0.000000
620.213013,0.000000,0.000000,-29.520000,0.000000,0.000000,20.000000,-5.400000,0.000000
620.218018,0.000000,0.000000,-29.520000,0.000000,0.000000,20.000000,-5.400000,0.000000
620.223022,0.000000,0.000000,-29.520000,0.000000,0.000000,20.000000,-5.400000,0.000000
620.228027,0.000000,0.000000,-29.520000,0.000000,0.000000,20.000000,-5.400000,0.000000
620.232971,0.000000,0.000000,-29.520000,0.000000,0.000000,20.000000,-5.400000,0.000000
620.237976,0.000000,0.000000,-29.530001,0.000000,0.000000,20.000000,-5.400000,0.000000
620.242981,0.000000,0.000000,-29.530001,0.000000,0.000000,20.000000,-5.400000,0.000000
620.247986,0.000000,0.000000,-29.530001,0.000000,0.000000,20.000000,-5.400000,0.000000
620.252991,0.000000,0.000000,-29.530001,0.000000,0.000000,20.000000,-5.400000,0.000000
620.257996,0.000000,0.000000,-29.530001,0.000000,0.000000,20.000000,-5.400000,0.000000
620.263000,0.000000,0.000000,-29.530001,0.000000,0.000000,20.000000,-5.400000,0.000000
620.268005,0.000000,0.000000,-29.540001,0.000000,0.000000,20.000000,-5.400000,0.000000
620.273010,0.000000,0.000000,-29.540001,0.000000,0.000000,20.000000,-5.400000,0.000000
620.278015,0.000000,0.000000,-29.530001,0.000000,0.000000,20.000000,-5.400000,0.000000
620.283020,0.000000,0.000000,-29.530001,0.000000,0.000000,20.000000,-5.400000,0.000000
620.288025,0.000000,0.000000,-29.530001,0.000000,0.000000,20.000000,-5.400000,0.000000
620.293030,0.000000,0.000000,-29.530001,0.000000,0.000000,20.000000,-5.400000,0.000000
620.297974,0.000000,0.000000,-29.530001,0.000000,0.000000,20.000000,-5.400000,0.000000
620.302979,0.000000,0.000000,-29.530001,0.000000,0.000000,20.000000,-5.400000,0.000000
620.307983,0.000000,0.000000,-29.530001,0.000000,0.000000,20.000000,-5.400000,0.000000
620.312988,0.000000,0.000000,-29.530001,0.000000,0.000000,20.000000,-5.400000,0.000000
620.317993,0.000000,0.000000,-29.530001,0.000000,0.000000,20.000000,-5.400000,0.000000
620.322998,0.000000,0.000000,-29.520000,0.000000,0.000000,20.000000,-5.400000,0.000000
620.328003,0.000000,0.000000,-29.530001,0.000000,0.000000,20.000000,-5.400000,0.000000
620.333008,0.000000,0.000000,-29.530001,0.000000,0.000000,20.000000,-5.400000,0.000000
620.338013,0.000000,0.000000,-29.530001,0.000000,0.000000,20.000000,-5.400000,0.000000
620.343018,0.000000,0.000000,-29.530001,0.000000,0.000000,20.000000,-5.400000,0.000000
620.348022,0.000000,0.000000,-29.530001,0.000000,0.000000,20.000000,-5.400000,0.000000
620.353027,0.000000,0.000000,-29.530001,0.000000,0.000000,20.000000,-5.400000,0.000000
620.357971,0.000000,0.000000,-29.540001,0.000000,0.000000,20.000000,-5.400000,0.000000
620.362976,0.000000,0.000000,-29.540001,0.000000,0.000000,20.000000,-5.400000,0.000000
620.367981,0.000000,0.000000,-29.540001,0.000000,0.000000,20.000000,-5.400000,0.000000
620.372986,0.000000,0.000000,-29.540001,0.000000,0.000000,20.000000,-5.400000,0.000000
620.377991,0.000000,0.000000,-29.540001,0.000000,0.000000,20.000000,-5.400000,0.000000
620.382996,0.000000,0.000000,-29.540001,0.000000,0.000000,20.000000,-5.400000,0.000000
620.388000,0.000000,0.000000,-29.540001,0.000000,0.000000,20.000000,-5.400000,0.000000
620.393005,0.000000,0.000000,-29.540001,0.000000,0.000000,20.000000,-5.400000,0.000000
620.398010,0.000000,0.000000,-29.540001,0.000000,0.000000,20.000000,-5.400000,0.000000
620.403015,0.000000,0.000000,-29.540001,0.000000,0.000000,20.000000,-5.400000,0.000000
620.408020,0.000000,0.000000,-29.549999,0.000000,0.000000,20.000000,-5.400000,0.000000
620.413025,0.000000,0.000000,-29.549999,0.000000,0.000000,20.000000,-5.400000,0.000000
620.418030,0.000000,0.000000,-29.549999,0.000000,0.000000,20.000000,-5.400000,0.000000
620.422974,0.000000,0.000000,-29.540001,0.000000,0.000000,20.000000,-5.400000,0.000000
620.427979,0.000000,0.000000,-29.540001,0.000000,0.000000,20.000000,-5.400000,0.000000
620.432983,0.000000,0.000000,-29.540001,0.000000,0.000000,20.000000,-5.400000,0.000000
620.437988,0.000000,0.000000,-29.549999,0.000000,0.000000,20.000000,-5.400000,0.000000
620.442993,0.000000,0.000000,-29.549999,0.000000,0.000000,20.000000,-5.400000,0.000000
620.447998,0.000000,0.000000,-29.549999,0.000000,0.000000,20.000000,-5.400000,0.000000
620.453003,0.000000,0.000000,-29.549999,0.000000,0.000000,20.000000,-5.400000,0.000000
620.458008,0.000000,0.000000,-29.549999,0.000000,0.000000,20.000000,-5.400000,0.000000
620.463013,0.000000,0.000000,-29.549999,0.000000,0.000000,20.000000,-5.400000,0.000000
620.468018,0.000000,0.000000,-29.549999,0.000000,0.000000,20.000000,-5.400000,0.000000
620.473022,0.000000,0.000000,-29.549999,0.000000,0.000000,20.000000,-5.400000,0.000000
620.478027,0.000000,0.000000,-29.549999,0.000000,0.000000,20.000000,-5.400000,0.000000
620.482971,0.000000,0.000000,-29.549999,0.000000,0.000000,20.000000,-5.400000,0.000000
620.487976,0.000000,0.000000,-29.549999,0.000000,0.000000,20.000000,-5.400000,0.000000
620.492981,0.000000,0.000000,-29.540001,0.000000,0.000000,20.000000,-5.400000,0.000000
620.497986,0.000000,0.000000,-29.540001,0.000000,0.000000,20.000000,-5.400000,0.000000
620.502991,0.000000,0.000000,-29.540001,0.000000,0.000000,20.000000,-5.400000,0.000000
620.507996,0.000000,0.000000,-29.540001,0.000000,0.000000,20.000000,-5.400000,0.000000
620.513000,0.000000,0.000000,-29.549999,0.000000,0.000000,20.000000,-5.400000,0.000000
620.518005,0.000000,0.000000,-29.549999,0.000000,0.000000,20.000000,-5.400000,0.000000
620.523010,0.000000,0.000000,-29.549999,0.000000,0.000000,20.000000,-5.400000,0.000000
620.528015,0.000000,0.000000,-29.549999,0.000000,0.000000,20.000000,-5.400000,0.000000
620.533020,0.000000,0.000000,-29.549999,0.000000,0.000000,20.000000,-5.400000,0.000000
620.538025,0.000000,0.000000,-29.549999,0.000000,0.000000,20.000000,-5.400000,0.000000
620.543030,0.000000,0.000000,-29.540001,0.000000,0.000000,20.000000,-5.400000,0.000000
620.547974,0.000000,0.000000,-29.549999,0.000000,0.000000,20.000000,-5.400000,0.000000
620.552979,0.000000,0.000000,-29.549999,0.000000,0.000000,20.000000,-5.400000,0.000000
620.557983,0.000000,0.000000,-29.549999,0.000000,0.000000,20.000000,-5.400000,0.000000
620.562988,0.000000,0.000000,-29.549999,0.000000,0.000000,20.000000,-5.400000,0.000000
620.567993,0.000000,0.000000,-29.549999,0.000000,0.000000,20.000000,-5.400000,0.000000
620.572998,0.000000,0.000000,-29.549999,0.000000,0.000000,20.000000,-5.400000,0.000000
620.578003,0.000000,0.000000,-29.549999,0.000000,0.000000,20.000000,-5.400000,0.000000
620.583008,0.000000,0.000000,-29.549999,0.000000,0.000000,20.000000,-5.400000,0.000000
620.588013,0.000000,0.000000,-29.549999,0.000000,0.000000,20.000000,-5.400000,0.000000
620.593018,0.000000,0.000000,-29.549999,0.000000,0.000000,20.000000,-5.400000,0.000000
620.598022,0.000000,0.000000,-29.549999,0.000000,0.000000,20.000000,-5.400000,0.000000
620.603027,0.000000,0.000000,-29.549999,0.000000,0.000000,20.000000,-5.400000,0.000000
620.607971,0.000000,0.000000,-29.549999,0.000000,0.000000,20.000000,-5.400000,0.000000
620.612976,0.000000,0.000000,-29.549999,0.000000,0.000000,20.000000,-5.400000,0.000000
620.617981,0.000000,0.000000,-29.559999,0.000000,0.000000,20.000000,-5.400000,0.000000
620.622986,0.000000,0.000000,-29.559999,0.000000,0.000000,20.000000,-5.400000,0.000000
620.627991,0.000000,0.000000,-29.559999,0.000000,0.000000,20.000000,-5.400000,0.000000
620.632996,0.000000,0.000000,-29.559999,0.000000,0.000000,20.000000,-5.400000,0.000000
620.638000,0.000000,0.000000,-29.559999,0.000000,0.000000,20.000000,-5.400000,0.000000
620.643005,0.000000,0.000000,-29.559999,0.000000,0.000000,20.000000,-5.400000,0.000000
620.648010,0.000000,0.000000,-29.559999,0.000000,0.000000,20.000000,-5.400000,0.000000
620.653015,0.000000,0.000000,-29.559999,0.000000,0.000000,20.000000,-5.400000,0.000000
620.658020,0.000000,0.000000,-29.559999,0.000000,0.000000,20.000000,-5.400000,0.000000
620.663025,0.000000,0.000000,-29.559999,0.000000,0.000000,20.000000,-5.400000,0.000000
620.668030,0.000000,0.000000,-29.559999,0.000000,0.000000,20.000000,-5.400000,0.000000
620.672974,0.000000,0.000000,-29.559999,0.000000,0.000000,20.000000,-5.400000,0.000000
620.677979,0.000000,0.000000,-29.559999,0.000000,0.000000,20.000000,-5.400000,0.000000
620.682983,0.000000,0.000000,-29.559999,0.000000,0.000000,20.000000,-5.400000,0.000000
620.687988,0.000000,0.000000,-29.559999,0.000000,0.000000,20.000000,-5.400000,0.000000
620.692993,0.000000,0.000000,-29.570000,0.000000,0.000000,20.000000,-5.400000,0.000000
620.697998,0.000000,0.000000,-29.570000,0.000000,0.000000,20.000000,-5.400000,0.000000
620.703003,0.000000,0.000000,-29.559999,0.000000,0.000000,20.000000,-5.400000,0.000000
620.708008,0.000000,0.000000,-29.570000,0.000000,0.000000,20.000000,-5.400000,0.000000
620.713013,0.000000,0.000000,-29.570000,0.000000,0.000000,20.000000,-5.400000,0.000000
620.718018,0.000000,0.000000,-29.570000,0.000000,0.000000,20.000000,-5.400000,0.000000
620.723022,0.000000,0.000000,-29.570000,0.000000,0.000000,20.000000,-5.400000,0.000000
620.728027,0.000000,0.000000,-29.570000,0.000000,0.000000,20.000000,-5.400000,0.000000
620.732971,0.000000,0.000000,-29.570000,0.000000,0.000000,20.000000,-5.400000,0.000000
620.737976,0.000000,0.000000,-29.559999,0.000000,0.000000,20.000000,-5.400000,0.000000
620.742981,0.000000,0.000000,-29.559999,0.000000,0.000000,20.000000,-5.400000,0.000000
620.747986,0.000000,0.000000,-29.570000,0.000000,0.000000,20.000000,-5.400000,0.000000
620.752991,0.000000,0.000000,-29.559999,0.000000,0.000000,20.000000,-5.400000,0.000000
620.757996,0.000000,0.000000,-29.559999,0.000000,0.000000,20.000000,-5.400000,0.000000
620.763000,0.000000,0.000000,-29.559999,0.000000,0.000000,20.000000,-5.400000,0.000000
620.768005,0.000000,0.000000,-29.559999,0.000000,0.000000,20.000000,-5.400000,0.000000
620.773010,0.000000,0.000000,-29.559999,0.000000,0.000000,20.000000,-5.400000,0.000000
620.778015,0.000000,0.000000,-29.570000,0.000000,0.000000,20.000000,-5.400000,0.000000
620.783020,0.000000,0.000000,-29.570000,0.000000,0.000000,20.000000,-5.400000,0.000000
620.788025,0.000000,0.000000,-29.559999,0.000000,0.000000,20.000000,-5.400000,0.000000
620.793030,0.000000,0.000000,-29.559999,0.000000,0.000000,20.000000,-5.400000,0.000000
620.797974,0.000000,0.000000,-29.570000,0.000000,0.000000,20.000000,-5.400000,0.000000
620.802979,0.000000,0.000000,-29.559999,0.000000,0.000000,20.000000,-5.400000,0.000000
620.807983,0.000000,0.000000,-29.559999,0.000000,0.000000,20.000000,-5.400000,0.000000
620.812988,0.000000,0.000000,-29.559999,0.000000,0.000000,20.000000,-5.400000,0.000000
620.817993,0.000000,0.000000,-29.559999,0.000000,0.000000,20.000000,-5.400000,0.000000
620.822998,0.000000,0.000000,-29.559999,0.000000,0.000000,20.000000,-5.400000,0.000000
620.828003,0.000000,0.000000,-29.570000,0.000000,0.000000,20.000000,-5.400000,0.000000
620.833008,0.000000,0.000000,-29.570000,0.000000,0.000000,20.000000,-5.400000,0.000000
620.838013,0.000000,0.000000,-29.570000,0.000000,0.000000,20.000000,-5.400000,0.000000
620.843018,0.000000,0.000000,-29.570000,0.000000,0.000000,20.000000,-5.400000,0.000000
620.848022,0.000000,0.000000,-29.570000,0.000000,0.000000,20.000000,-5.400000,0.000000
620.853027,0.000000,0.000000,-29.570000,0.000000,0.000000,20.000000,-5.400000,0.000000
620.857971,0.000000,0.000000,-29.570000,0.000000,0.000000,20.000000,-5.400000,0.000000
620.862976,0.000000,0.000000,-29.570000,0.000000,0.000000,20.000000,-5.400000,0.000000
620.867981,0.000000,0.000000,-29.570000,0.000000,0.000000,20.000000,-5.400000,0.000000
620.872986,0.000000,0.000000,-29.570000,0.000000,0.000000,20.000000,-5.400000,0.000000
620.877991,0.000000,0.000000,-29.570000,0.000000,0.000000,20.000000,-5.400000,0.000000
620.882996,0.000000,0.000000,-29.570000,0.000000,0.000000,20.000000,-5.400000,0.000000
620.888000,0.000000,0.000000,-29.570000,0.000000,0.000000,20.000000,-5.400000,0.000000
620.893005,0.000000,0.000000,-29.570000,0.000000,0.000000,20.000000,-5.400000,0.000000
620.898010,0.000000,0.000000,-29.570000,0.000000,0.000000,20.000000,-5.400000,0.000000
620.903015,0.000000,0.000000,-29.570000,0.000000,0.000000,20.000000,-5.400000,0.000000
620.908020,0.000000,0.000000,-29.570000,0.000000,0.000000,20.000000,-5.400000,0.000000
620.913025,0.000000,0.000000,-29.570000,0.000000,0.000000,20.000000,-5.400000,0.000000
620.918030,0.000000,0.000000,-29.570000,0.000000,0.000000,20.000000,-5.400000,0.000000
620.922974,0.000000,0.000000,-29.570000,0.000000,0.000000,20.000000,-5.400000,0.000000
620.927979,0.000000,0.000000,-29.570000,0.000000,0.000000,20.000000,-5.400000,0.000000
620.932983,0.000000,0.000000,-29.580000,0.000000,0.000000,20.000000,-5.400000,0.000000
620.937988,0.000000,0.000000,-29.570000,0.000000,0.000000,20.000000,-5.400000,0.000000
620.942993,0.000000,0.000000,-29.570000,0.000000,0.000000,20.000000,-5.400000,0.000000
620.947998,0.000000,0.000000,-29.570000,0.000000,0.000000,20.000000,-5.400000,0.000000
620.953003,0.000000,0.000000,-29.570000,0.000000,0.000000,20.000000,-5.400000,0.000000
620.958008,0.000000,0.000000,-29.559999,0.000000,0.000000,20.000000,-5.400000,0.000000
620.963013,0.000000,0.000000,-29.559999,0.000000,0.000000,20.000000,-5.400000,0.000000
620.968018,0.000000,0.000000,-29.559999,0.000000,0.000000,20.000000,-5.400000,0.000000
620.973022,0.000000,0.000000,-29.559999,0.000000,0.000000,20.000000,-5.400000,0.000000
620.978027,0.000000,0.000000,-29.559999,0.000000,0.000000,20.000000,-5.400000,0.000000
620.982971,0.000000,0.000000,-29.559999,0.000000,0.000000,20.000000,-5.400000,0.000000
620.987976,0.000000,0.000000,-29.570000,0.000000,0.000000,20.000000,-5.400000,0.000000
620.992981,0.000000,0.000000,-29.570000,0.000000,0.000000,20.000000,-5.400000,0.000000
620.997986,0.000000,0.000000,-29.570000,0.000000,0.000000,20.000000,-5.400000,0.000000
621.002991,0.000000,0.000000,-29.570000,0.000000,0.000000,20.000000,-5.400000,0.000000
621.007996,0.000000,0.000000,-29.570000,0.000000,0.000000,20.000000,-5.400000,0.000000
621.013000,0.000000,0.000000,-29.580000,0.000000,0.000000,20.000000,-5.400000,0.000000
621.018005,0.000000,0.000000,-29.580000,0.000000,0.000000,20.000000,-5.400000,0.000000
621.023010,0.000000,0.000000,-29.580000,0.000000,0.000000,20.000000,-5.400000,0.000000
621.028015,0.000000,0.000000,-29.580000,0.000000,0.000000,20.000000,-5.400000,0.000000
621.033020,0.000000,0.000000,-29.580000,0.000000,0.000000,20.000000,-5.400000,0.000000
621.038025,0.000000,0.000000,-29.580000,0.000000,0.000000,20.000000,-5.400000,0.000000
621.043030,0.000000,0.000000,-29.580000,0.000000,0.000000,20.000000,-5.400000,0.000000
621.047974,0.000000,0.000000,-29.590000,0.000000,0.000000,20.000000,-5.400000,0.000000
621.052979,0.000000,0.000000,-29.590000,0.000000,0.000000,20.000000,-5.400000,0.000000
621.057983,0.000000,0.000000,-29.590000,0.000000,0.000000,20.000000,-5.400000,0.000000
621.062988,0.000000,0.000000,-29.590000,0.000000,0.000000,20.000000,-5.400000,0.000000
621.067993,0.000000,0.000000,-29.590000,0.000000,0.000000,20.000000,-5.400000,0.000000
621.072998,0.000000,0.000000,-29.590000,0.000000,0.000000,20.000000,-5.400000,0.000000
621.078003,0.000000,0.000000,-29.590000,0.000000,0.000000,20.000000,-5.400000,0.000000
621.083008,0.000000,0.000000,-29.590000,0.000000,0.000000,20.000000,-5.400000,0.000000
621.088013,0.000000,0.000000,-29.590000,0.000000,0.000000,20.000000,-5.400000,0.000000
621.093018,0.000000,0.000000,-29.590000,0.000000,0.000000,20.000000,-5.400000,0.000000
621.098022,0.000000,0.000000,-29.600000,0.000000,0.000000,20.000000,-5.400000,0.000000
621.103027,0.000000,0.000000,-29.590000,0.000000,0.000000,20.000000,-5.400000,0.000000
621.107971,0.000000,0.000000,-29.590000,0.000000,0.000000,20.000000,-5.400000,0.000000
621.112976,0.000000,0.000000,-29.590000,0.000000,0.000000,20.000000,-5.400000,0.000000
621.117981,0.000000,0.000000,-29.590000,0.000000,0.000000,20.000000,-5.400000,0.000000
621.122986,0.000000,0.000000,-29.580000,0.000000,0.000000,20.000000,-5.400000,0.000000
621.127991,0.000000,0.000000,-29.580000,0.000000,0.000000,20.000000,-5.400000,0.000000
621.132996,0.000000,0.000000,-29.580000,0.000000,0.000000,20.000000,-5.400000,0.000000
621.138000,0.000000,0.000000,-29.590000,0.000000,0.000000,20.000000,-5.400000,0.000000
621.143005,0.000000,0.000000,-29.590000,0.000000,0.000000,20.000000,-5.400000,0.000000
621.148010,0.000000,0.000000,-29.590000,0.000000,0.000000,20.000000,-5.400000,0.000000
621.153015,0.000000,0.000000,-29.590000,0.000000,0.000000,20.000000,-5.400000,0.000000
621.158020,0.000000,0.000000,-29.590000,0.000000,0.000000,20.000000,-5.400000,0.000000
621.163025,0.000000,0.000000,-29.580000,0.000000,0.000000,20.000000,-5.400000,0.000000
621.168030,0.000000,0.000000,-29.590000,0.000000,0.000000,20.000000,-5.400000,0.000000
621.172974,0.000000,0.000000,-29.590000,0.000000,0.000000,20.000000,-5.400000,0.000000
621.177979,0.000000,0.000000,-29.590000,0.000000,0.000000,20.000000,-5.400000,0.000000
621.182983,0.000000,0.000000,-29.590000,0.000000,0.000000,20.000000,-5.400000,0.000000
621.187988,0.000000,0.000000,-29.590000,0.000000,0.000000,20.000000,-5.400000,0.000000
621.192993,0.000000,0.000000,-29.590000,0.000000,0.000000,20.000000,-5.400000,0.000000
621.197998,0.000000,0.000000,-29.590000,0.000000,0.000000,20.000000,-5.400000,0.000000
621.203003,0.000000,0.000000,-29.580000,0.000000,0.000000,20.000000,-5.400000,0.000000
621.208008,0.000000,0.000000,-29.580000,0.000000,0.000000,20.000000,-5.400000,0.000000
621.213013,0.000000,0.000000,-29.580000,0.000000,0.000000,20.000000,-5.400000,0.000000
621.218018,0.000000,0.000000,-29.590000,0.000000,0.000000,20.000000,-5.400000,0.000000
621.223022,0.000000,0.000000,-29.590000,0.000000,0.000000,20.000000,-5.400000,0.000000
621.228027,0.000000,0.000000,-29.590000,0.000000,0.000000,20.000000,-5.400000,0.000000
621.232971,0.000000,0.000000,-29.590000,0.000000,0.000000,20.000000,-5.400000,0.000000
621.237976,0.000000,0.000000,-29.590000,0.000000,0.000000,20.000000,-5.400000,0.000000
621.242981,0.000000,0.000000,-29.590000,0.000000,0.000000,20.000000,-5.400000,0.000000
621.247986,0.000000,0.000000,-29.580000,0.000000,0.000000,20.000000,-5.400000,0.000000
621.252991,0.000000,0.000000,-29.580000,0.000000,0.000000,20.000000,-5.400000,0.000000
621.257996,0.000000,0.000000,-29.580000,0.000000,0.000000,20.000000,-5.400000,0.000000
621.263000,0.000000,0.000000,-29.580000,0.000000,0.000000,20.000000,-5.400000,0.000000
621.268005,0.000000,0.000000,-29.580000,0.000000,0.000000,20.000000,-5.400000,0.000000
621.273010,0.000000,0.000000,-29.580000,0.000000,0.000000,20.000000,-5.400000,0.000000
621.278015,0.000000,0.000000,-29.590000,0.000000,0.000000,20.000000,-5.400000,0.000000
621.283020,0.000000,0.000000,-29.590000,0.000000,0.000000,20.000000,-5.400000,0.000000
621.288025,0.000000,0.000000,-29.590000,0.000000,0.000000,20.000000,-5.400000,0.000000
621.293030,0.000000,0.000000,-29.590000,0.000000,0.000000,20.000000,-5.400000,0.000000
621.297974,0.000000,0.000000,-29.590000,0.000000,0.000000,20.000000,-5.400000,0.000000
621.302979,0.000000,0.000000,-29.590000,0.000000,0.000000,20.000000,-5.400000,0.000000
621.307983,0.000000,0.000000,-29.590000,0.000000,0.000000,20.000000,-5.400000,0.000000
621.312988,0.000000,0.000000,-29.600000,0.000000,0.000000,20.000000,-5.400000,0.000000
621.317993,0.000000,0.000000,-29.600000,0.000000,0.000000,20.000000,-5.400000,0.000000
621.322998,0.000000,0.000000,-29.600000,0.000000,0.000000,20.000000,-5.400000,0.000000
621.328003,0.000000,0.000000,-29.600000,0.000000,0.000000,20.000000,-5.400000,0.000000
621.333008,0.000000,0.000000,-29.600000,0.000000,0.000000,20.000000,-5.400000,0.000000
621.338013,0.000000,0.000000,-29.600000,0.000000,0.000000,20.000000,-5.400000,0.000000
621.343018,0.000000,0.000000,-29.600000,0.000000,0.000000,20.000000,-5.400000,0.000000
621.348022,0.000000,0.000000,-29.600000,0.000000,0.000000,20.000000,-5.400000,0.000000
621.353027,0.000000,0.000000,-29.600000,0.000000,0.000000,20.000000,-5.400000,0.000000
621.357971,0.000000,0.000000,-29.600000,0.000000,0.000000,20.000000,-5.400000,0.000000
621.362976,0.000000,0.000000,-29.600000,0.000000,0.000000,20.000000,-5.400000,0.000000
621.367981,0.000000,0.000000,-29.600000,0.000000,0.000000,20.000000,-5.400000,0.000000
621.372986,0.000000,0.000000,-29.600000,0.000000,0.000000,20.000000,-5.400000,0.000000
621.377991,0.000000,0.000000,-29.600000,0.000000,0.000000,20.000000,-5.400000,0.000000
621.382996,0.000000,0.000000,-29.600000,0.000000,0.000000,20.000000,-5.400000,0.000000
621.388000,0.000000,0.000000,-29.600000,0.000000,0.000000,20.000000,-5.400000,0.000000
621.393005,0.000000,0.000000,-29.600000,0.000000,0.000000,20.000000,-5.400000,0.000000
621.398010,0.000000,0.000000,-29.600000,0.000000,0.000000,20.000000,-5.400000,0.000000
621.403015,0.000000,0.000000,-29.600000,0.000000,0.000000,20.000000,-5.400000,0.000000
621.408020,0.000000,0.000000,-29.610001,0.000000,0.000000,20.000000,-5.400000,0.000000
621.413025,0.000000,0.000000,-29.600000,0.000000,0.000000,20.000000,-5.400000,0.000000
621.418030,0.000000,0.000000,-29.600000,0.000000,0.000000,20.000000,-5.400000,0.000000
621.422974,0.000000,0.000000,-29.600000,0.000000,0.000000,20.000000,-5.400000,0.000000
621.427979,0.000000,0.000000,-29.610001,0.000000,0.000000,20.000000,-5.400000,0.000000
621.432983,0.000000,0.000000,-29.610001,0.000000,0.000000,20.000000,-5.400000,0.000000
621.437988,0.000000,0.000000,-29.610001,0.000000,0.000000,20.000000,-5.400000,0.000000
621.442993,0.000000,0.000000,-29.610001,0.000000,0.000000,20.000000,-5.400000,0.000000
621.447998,0.000000,0.000000,-29.610001,0.000000,0.000000,20.000000,-5.400000,0.000000
621.453003,0.000000,0.000000,-29.610001,0.000000,0.000000,20.000000,-5.400000,0.000000
621.458008,0.000000,0.000000,-29.620001,0.000000,0.000000,20.000000,-5.400000,0.000000
621.463013,0.000000,0.000000,-29.620001,0.000000,0.000000,20.000000,-5.400000,0.000000
621.468018,0.000000,0.000000,-29.620001,0.000000,0.000000,20.000000,-5.400000,0.000000
621.473022,0.000000,0.000000,-29.620001,0.000000,0.000000,20.000000,-5.400000,0.000000
621.478027,0.000000,0.000000,-29.620001,0.000000,0.000000,20.000000,-5.400000,0.000000
621.482971,0.000000,0.000000,-29.610001,0.000000,0.000000,20.000000,-5.400000,0.000000
621.487976,0.000000,0.000000,-29.620001,0.000000,0.000000,20.000000,-5.400000,0.000000
621.492981,0.000000,0.000000,-29.620001,0.000000,0.000000,20.000000,-5.400000,0.000000
621.497986,0.000000,0.000000,-29.610001,0.000000,0.000000,20.000000,-5.400000,0.000000
621.502991,0.000000,0.000000,-29.610001,0.000000,0.000000,20.000000,-5.400000,0.000000
621.507996,0.000000,0.000000,-29.610001,0.000000,0.000000,20.000000,-5.400000,0.000000
621.513000,0.000000,0.000000,-29.620001,0.000000,0.000000,20.000000,-5.400000,0.000000
621.518005,0.000000,0.000000,-29.620001,0.000000,0.000000,20.000000,-5.400000,0.000000
621.523010,0.000000,0.000000,-29.610001,0.000000,0.000000,20.000000,-5.400000,0.000000
621.528015,0.000000,0.000000,-29.620001,0.000000,0.000000,20.000000,-5.400000,0.000000
621.533020,0.000000,0.000000,-29.610001,0.000000,0.000000,20.000000,-5.400000,0.000000
621.538025,0.000000,0.000000,-29.610001,0.000000,0.000000,20.000000,-5.400000,0.000000
621.543030,0.000000,0.000000,-29.620001,0.000000,0.000000,20.000000,-5.400000,0.000000
621.547974,0.000000,0.000000,-29.620001,0.000000,0.000000,20.000000,-5.400000,0.000000
621.552979,0.000000,0.000000,-29.620001,0.000000,0.000000,20.000000,-5.400000,0.000000
621.557983,0.000000,0.000000,-29.620001,0.000000,0.000000,20.000000,-5.400000,0.000000
621.562988,0.000000,0.000000,-29.620001,0.000000,0.000000,20.000000,-5.400000,0.000000
621.567993,0.000000,0.000000,-29.610001,0.000000,0.000000,20.000000,-5.400000,0.000000
621.572998,0.000000,0.000000,-29.620001,0.000000,0.000000,20.000000,-5.400000,0.000000
621.578003,0.000000,0.000000,-29.620001,0.000000,0.000000,20.000000,-5.400000,0.000000
621.583008,0.000000,0.000000,-29.620001,0.000000,0.000000,20.000000,-5.400000,0.000000
621.588013,0.000000,0.000000,-29.610001,0.000000,0.000000,20.000000,-5.400000,0.000000
621.593018,0.000000,0.000000,-29.610001,0.000000,0.000000,20.000000,-5.400000,0.000000
621.598022,0.000000,0.000000,-29.620001,0.000000,0.000000,20.000000,-5.400000,0.000000
621.603027,0.000000,0.000000,-29.620001,0.000000,0.000000,20.000000,-5.400000,0.000000
621.607971,0.000000,0.000000,-29.620001,0.000000,0.000000,20.000000,-5.400000,0.000000
621.612976,0.000000,0.000000,-29.629999,0.000000,0.000000,20.000000,-5.400000,0.000000
621.617981,0.000000,0.000000,-29.629999,0.000000,0.000000,20.000000,-5.400000,0.000000
621.622986,0.000000,0.000000,-29.629999,0.000000,0.000000,20.000000,-5.400000,0.000000
621.627991,0.000000,0.000000,-29.629999,0.000000,0.000000,20.000000,-5.400000,0.000000
621.632996,0.000000,0.000000,-29.629999,0.000000,0.000000,20.000000,-5.400000,0.000000
621.638000,0.000000,0.000000,-29.629999,0.000000,0.000000,20.000000,-5.400000,0.000000
621.643005,0.000000,0.000000,-29.629999,0.000000,0.000000,20.000000,-5.400000,0.000000
621.648010,0.000000,0.000000,-29.629999,0.000000,0.000000,20.000000,-5.400000,0.000000
621.653015,0.000000,0.000000,-29.629999,0.000000,0.000000,20.000000,-5.400000,0.000000
621.658020,0.000000,0.000000,-29.629999,0.000000,0.000000,20.000000,-5.400000,0.000000
621.663025,0.000000,0.000000,-29.639999,0.000000,0.000000,20.000000,-5.400000,0.000000
621.668030,0.000000,0.000000,-29.629999,0.000000,0.000000,20.000000,-5.400000,0.000000
621.672974,0.000000,0.000000,-29.639999,0.000000,0.000000,20.000000,-5.400000,0.000000
621.677979,0.000000,0.000000,-29.639999,0.000000,0.000000,20.000000,-5.400000,0.000000
621.682983,0.000000,0.000000,-29.639999,0.000000,0.000000,20.000000,-5.400000,0.000000
621.687988,0.000000,0.000000,-29.639999,0.000000,0.000000,20.000000,-5.400000,0.000000
621.692993,0.000000,0.000000,-29.639999,0.000000,0.000000,20.000000,-5.400000,0.000000
621.697998,0.000000,0.000000,-29.639999,0.000000,0.000000,20.000000,-5.400000,0.000000
621.703003,0.000000,0.000000,-29.639999,0.000000,0.000000,20.000000,-5.400000,0.000000
621.708008,0.000000,0.000000,-29.639999,0.000000,0.000000,20.000000,-5.400000,0.000000
621.713013,0.000000,0.000000,-29.639999,0.000000,0.000000,20.000000,-5.400000,0.000000
621.718018,0.000000,0.000000,-29.629999,0.000000,0.000000,20.000000,-5.400000,0.000000
621.723022,0.000000,0.000000,-29.639999,0.000000,0.000000,20.000000,-5.400000,0.000000
621.728027,0.000000,0.000000,-29.639999,0.000000,0.000000,20.000000,-5.400000,0.000000
621.732971,0.000000,0.000000,-29.639999,0.000000,0.000000,20.000000,-5.400000,0.000000
621.737976,0.000000,0.000000,-29.629999,0.000000,0.000000,20.000000,-5.400000,0.000000
621.742981,0.000000,0.000000,-29.639999,0.000000,0.000000,20.000000,-5.400000,0.000000
621.747986,0.000000,0.000000,-29.639999,0.000000,0.000000,20.000000,-5.400000,0.000000
621.752991,0.000000,0.000000,-29.639999,0.000000,0.000000,20.000000,-5.400000,0.000000
621.757996,0.000000,0.000000,-29.639999,0.000000,0.000000,20.000000,-5.400000,0.000000
621.763000,0.000000,0.000000,-29.639999,0.000000,0.000000,20.000000,-5.400000,0.000000
621.768005,0.000000,0.000000,-29.639999,0.000000,0.000000,20.000000,-5.400000,0.000000
621.773010,0.000000,0.000000,-29.639999,0.000000,0.000000,20.000000,-5.400000,0.000000
621.778015,0.000000,0.000000,-29.629999,0.000000,0.000000,20.000000,-5.400000,0.000000
621.783020,0.000000,0.000000,-29.639999,0.000000,0.000000,20.000000,-5.400000,0.000000
621.788025,0.000000,0.000000,-29.639999,0.000000,0.000000,20.000000,-5.400000,0.000000
621.793030,0.000000,0.000000,-29.639999,0.000000,0.000000,20.000000,-5.400000,0.000000
621.797974,0.000000,0.000000,-29.639999,0.000000,0.000000,20.000000,-5.400000,0.000000
621.802979,0.000000,0.000000,-29.639999,0.000000,0.000000,20.000000,-5.400000,0.000000
621.807983,0.000000,0.000000,-29.639999,0.000000,0.000000,20.000000,-5.400000,0.000000
621.812988,0.000000,0.000000,-29.639999,0.000000,0.000000,20.000000,-5.400000,0.000000
621.817993,0.000000,0.000000,-29.639999,0.000000,0.000000,20.000000,-5.400000,0.000000
621.822998,0.000000,0.000000,-29.639999,0.000000,0.000000,20.000000,-5.400000,0.000000
621.828003,0.000000,0.000000,-29.639999,0.000000,0.000000,20.000000,-5.400000,0.000000
621.833008,0.000000,0.000000,-29.639999,0.000000,0.000000,20.000000,-5.400000,0.000000
621.838013,0.000000,0.000000,-29.639999,0.000000,0.000000,20.000000,-5.400000,0.000000
621.843018,0.000000,0.000000,-29.639999,0.000000,0.000000,20.000000,-5.400000,0.000000
621.848022,0.000000,0.000000,-29.639999,0.000000,0.000000,20.000000,-5.400000,0.000000
621.853027,0.000000,0.000000,-29.639999,0.000000,0.000000,20.000000,-5.400000,0.000000
621.857971,0.000000,0.000000,-29.639999,0.000000,0.000000,20.000000,-5.400000,0.000000
621.862976,0.000000,0.000000,-29.639999,0.000000,0.000000,20.000000,-5.400000,0.000000
621.867981,0.000000,0.000000,-29.639999,0.000000,0.000000,20.000000,-5.400000,0.000000
621.872986,0.000000,0.000000,-29.639999,0.000000,0.000000,20.000000,-5.400000,0.000000
621.877991,0.000000,0.000000,-29.650000,0.000000,0.000000,20.000000,-5.400000,0.000000
621.882996,0.000000,0.000000,-29.639999,0.000000,0.000000,20.000000,-5.400000,0.000000
621.888000,0.000000,0.000000,-29.639999,0.000000,0.000000,20.000000,-5.400000,0.000000
621.893005,0.000000,0.000000,-29.639999,0.000000,0.000000,20.000000,-5.400000,0.000000
621.898010,0.000000,0.000000,-29.639999,0.000000,0.000000,20.000000,-5.400000,0.000000
621.903015,0.000000,0.000000,-29.650000,0.000000,0.000000,20.000000,-5.400000,0.000000
621.908020,0.000000,0.000000,-29.650000,0.000000,0.000000,20.000000,-5.400000,0.000000
621.913025,0.000000,0.000000,-29.639999,0.000000,0.000000,20.000000,-5.400000,0.000000
621.918030,0.000000,0.000000,-29.639999,0.000000,0.000000,20.000000,-5.400000,0.000000
621.922974,0.000000,0.000000,-29.639999,0.000000,0.000000,20.000000,-5.400000,0.000000
621.927979,0.000000,0.000000,-29.650000,0.000000,0.000000,20.000000,-5.400000,0.000000
621.932983,0.000000,0.000000,-29.650000,0.000000,0.000000,20.000000,-5.400000,0.000000
621.937988,0.000000,0.000000,-29.650000,0.000000,0.000000,20.000000,-5.400000,0.000000
621.942993,0.000000,0.000000,-29.650000,0.000000,0.000000,20.000000,-5.400000,0.000000
621.947998,0.000000,0.000000,-29.650000,0.000000,0.000000,20.000000,-5.400000,0.000000
621.953003,0.000000,0.000000,-29.650000,0.000000,0.000000,20.000000,-5.400000,0.000000
621.958008,0.000000,0.000000,-29.650000,0.000000,0.000000,20.000000,-5.400000,0.000000
621.963013,0.000000,0.000000,-29.660000,0.000000,0.000000,20.000000,-5.400000,0.000000
621.968018,0.000000,0.000000,-29.650000,0.000000,0.000000,20.000000,-5.400000,0.000000
621.973022,0.000000,0.000000,-29.660000,0.000000,0.000000,20.000000,-5.400000,0.000000
621.978027,0.000000,0.000000,-29.660000,0.000000,0.000000,20.000000,-5.400000,0.000000
621.982971,0.000000,0.000000,-29.660000,0.000000,0.000000,20.000000,-5.400000,0.000000
621.987976,0.000000,0.000000,-29.660000,0.000000,0.000000,20.000000,-5.400000,0.000000
621.992981,0.000000,0.000000,-29.660000,0.000000,0.000000,20.000000,-5.400000,0.000000
621.997986,0.000000,0.000000,-29.660000,0.000000,0.000000,20.000000,-5.400000,0.000000
622.002991,0.000000,0.000000,-29.660000,0.000000,0.000000,20.000000,-5.400000,0.000000
622.007996,0.000000,0.000000,-29.670000,0.000000,0.000000,20.000000,-5.400000,0.000000
622.013000,0.000000,0.000000,-29.670000,0.000000,0.000000,20.000000,-5.400000,0.000000
622.018005,0.000000,0.000000,-29.670000,0.000000,0.000000,20.000000,-5.400000,0.000000
622.023010,0.000000,0.000000,-29.660000,0.000000,0.000000,20.000000,-5.400000,0.000000
622.028015,0.000000,0.000000,-29.670000,0.000000,0.000000,20.000000,-5.400000,0.000000
622.033020,0.000000,0.000000,-29.660000,0.000000,0.000000,20.000000,-5.400000,0.000000
622.038025,0.000000,0.000000,-29.660000,0.000000,0.000000,20.000000,-5.400000,0.000000
622.043030,0.000000,0.000000,-29.660000,0.000000,0.000000,20.000000,-5.400000,0.000000
622.047974,0.000000,0.000000,-29.660000,0.000000,0.000000,20.000000,-5.400000,0.000000
622.052979,0.000000,0.000000,-29.660000,0.000000,0.000000,20.000000,-5.400000,0.000000
622.057983,0.000000,0.000000,-29.650000,0.000000,0.000000,20.000000,-5.400000,0.000000
622.062988,0.000000,0.000000,-29.650000,0.000000,0.000000,20.000000,-5.400000,0.000000
622.067993,0.000000,0.000000,-29.660000,0.000000,0.000000,20.000000,-5.400000,0.000000
622.072998,0.000000,0.000000,-29.650000,0.000000,0.000000,20.000000,-5.400000,0.000000
622.078003,0.000000,0.000000,-29.650000,0.000000,0.000000,20.000000,-5.400000,0.000000
622.083008,0.000000,0.000000,-29.650000,0.000000,0.000000,20.000000,-5.400000,0.000000
622.088013,0.000000,0.000000,-29.650000,0.000000,0.000000,20.000000,-5.400000,0.000000
622.093018,0.000000,0.000000,-29.650000,0.000000,0.000000,20.000000,-5.400000,0.000000
622.098022,0.000000,0.000000,-29.650000,0.000000,0.000000,20.000000,-5.400000,0.000000
622.103027,0.000000,0.000000,-29.650000,0.000000,0.000000,20.000000,-5.400000,0.000000
622.107971,0.000000,0.000000,-29.650000,0.000000,0.000000,20.000000,-5.400000,0.000000
622.112976,0.000000,0.000000,-29.650000,0.000000,0.000000,20.000000,-5.400000,0.000000
622.117981,0.000000,0.000000,-29.650000,0.000000,0.000000,20.000000,-5.400000,0.000000
622.122986,0.000000,0.000000,-29.660000,0.000000,0.000000,20.000000,-5.400000,0.000000
622.127991,0.000000,0.000000,-29.660000,0.000000,0.000000,20.000000,-5.400000,0.000000
622.132996,0.000000,0.000000,-29.660000,0.000000,0.000000,20.000000,-5.400000,0.000000
622.138000,0.000000,0.000000,-29.660000,0.000000,0.000000,20.000000,-5.400000,0.000000
622.143005,0.000000,0.000000,-29.660000,0.000000,0.000000,20.000000,-5.400000,0.000000
622.148010,0.000000,0.000000,-29.660000,0.000000,0.000000,20.000000,-5.400000,0.000000
622.153015,0.000000,0.000000,-29.660000,0.000000,0.000000,20.000000,-5.400000,0.000000
622.158020,0.000000,0.000000,-29.660000,0.000000,0.000000,20.000000,-5.400000,0.000000
622.163025,0.000000,0.000000,-29.650000,0.000000,0.000000,20.000000,-5.400000,0.000000
622.168030,0.000000,0.000000,-29.660000,0.000000,0.000000,20.000000,-5.400000,0.000000
622.172974,0.000000,0.000000,-29.660000,0.000000,0.000000,20.000000,-5.400000,0.000000
622.177979,0.000000,0.000000,-29.650000,0.000000,0.000000,20.000000,-5.400000,0.000000
622.182983,0.000000,0.000000,-29.650000,0.000000,0.000000,20.000000,-5.400000,0.000000
622.187988,0.000000,0.000000,-29.650000,0.000000,0.000000,20.000000,-5.400000,0.000000
622.192993,0.000000,0.000000,-29.650000,0.000000,0.000000,20.000000,-5.400000,0.000000
622.757996,0.000000,0.000000,-21.360001,0.000000,0.000000,20.000000,-5.400000,0.000000
622.763000,0.000000,0.000000,-20.570000,0.000000,0.000000,20.000000,-5.400000,0.000000
622.768005,0.000000,0.000000,-19.770000,0.000000,0.000000,20.000000,-5.400000,0.000000
622.773010,0.000000,0.000000,-18.940001,0.000000,0.000000,20.000000,-5.400000,0.000000
622.778015,0.000000,0.000000,-18.090000,0.000000,0.000000,20.000000,-5.400000,0.000000
622.783020,0.000000,0.000000,-17.240000,0.000000,0.000000,20.000000,-5.400000,0.000000
622.788025,0.000000,0.000000,-16.370001,0.000000,0.000000,20.000000,-5.400000,0.000000
622.793030,0.000000,0.000000,-15.480000,0.000000,0.000000,20.000000,-5.400000,0.000000
622.797974,0.000000,0.000000,-14.530000,0.000000,0.000000,20.000000,-5.400000,0.000000
622.802979,0.000000,0.000000,-13.580000,0.000000,0.000000,20.000000,-5.400000,0.000000
622.807983,0.000000,0.000000,-12.660000,0.000000,0.000000,20.000000,-5.400000,0.000000
622.812988,0.000000,0.000000,-11.810000,0.000000,0.000000,20.000000,-5.400000,0.000000
622.817993,0.000000,0.000000,-10.950000,0.000000,0.000000,20.000000,-5.400000,0.000000
622.822998,0.000000,0.000000,-10.060000,0.000000,0.000000,20.000000,-5.400000,0.000000
622.828003,0.000000,0.000000,-9.170000,0.000000,0.000000,20.000000,-5.400000,0.000000
622.833008,0.000000,0.000000,-8.330000,0.000000,0.000000,20.000000,-5.400000,0.000000
622.838013,0.000000,0.000000,-7.510000,0.000000,0.000000,20.000000,-5.400000,0.000000
622.843018,0.000000,0.000000,-6.670000,0.000000,0.000000,20.000000,-5.400000,0.000000
622.848022,0.000000,0.000000,-5.840000,0.000000,0.000000,20.000000,-5.400000,0.000000
622.853027,0.000000,0.000000,-5.020000,0.000000,0.000000,20.000000,-5.400000,0.000000
622.857971,0.000000,0.000000,-4.210000,0.000000,0.000000,20.000000,-5.400000,0.000000
622.862976,0.000000,0.000000,-3.400000,0.000000,0.000000,20.000000,-5.400000,0.000000
622.867981,0.000000,0.000000,-2.570000,0.000000,0.000000,20.000000,-5.400000,0.000000
622.872986,0.000000,0.000000,-1.740000,0.000000,0.000000,20.000000,-5.400000,0.000000
622.877991,0.000000,0.000000,-0.950000,0.000000,0.000000,20.000000,-5.400000,0.000000
622.882996,0.000000,0.000000,-0.170000,0.000000,0.000000,20.000000,-5.400000,0.000000
622.888000,0.000000,0.000000,0.580000,0.000000,0.000000,20.000000,-5.400000,0.000000
622.893005,0.000000,0.000000,1.280000,0.000000,0.000000,20.000000,-5.400000,0.000000
622.898010,0.000000,0.000000,1.940000,0.000000,0.000000,20.000000,-5.400000,0.000000
622.903015,0.000000,0.000000,2.590000,0.000000,0.000000,20.000000,-5.400000,0.000000
622.908020,0.000000,0.000000,3.240000,0.000000,0.000000,20.000000,-5.400000,0.000000
622.913025,0.000000,0.000000,3.910000,0.000000,0.000000,20.000000,-5.400000,0.000000
622.918030,0.000000,0.000000,4.570000,0.000000,0.000000,20.000000,-5.400000,0.000000
622.922974,0.000000,0.000000,5.210000,0.000000,0.000000,20.000000,-5.400000,0.000000
622.927979,0.000000,0.000000,5.860000,0.000000,0.000000,20.000000,-5.400000,0.000000
622.932983,0.000000,0.000000,6.510000,0.000000,0.000000,20.000000,-5.400000,0.000000
622.937988,0.000000,0.000000,7.140000,0.000000,0.000000,20.000000,-5.400000,0.000000
622.942993,0.000000,0.000000,7.750000,0.000000,0.000000,20.000000,-5.400000,0.000000
622.947998,0.000000,0.000000,8.340000,0.000000,0.000000,20.000000,-5.400000,0.000000
622.953003,0.000000,0.000000,8.920000,0.000000,0.000000,20.000000,-5.400000,0.000000
622.958008,0.000000,0.000000,9.490000,0.000000,0.000000,20.000000,-5.400000,0.000000
622.963013,0.000000,0.000000,10.050000,0.000000,0.000000,20.000000,-5.400000,0.000000
622.968018,0.000000,0.000000,10.590000,0.000000,0.000000,20.000000,-5.400000,0.000000
622.973022,0.000000,0.000000,11.130000,0.000000,0.000000,20.000000,-5.400000,0.000000
622.978027,0.000000,0.000000,11.640000,0.000000,0.000000,20.000000,-5.400000,0.000000
622.982971,0.000000,0.000000,12.150000,0.000000,0.000000,20.000000,-5.400000,0.000000
622.987976,0.000000,0.000000,12.640000,0.000000,0.000000,20.000000,-5.400000,0.000000
622.992981,0.000000,0.000000,13.100000,0.000000,0.000000,20.000000,-5.400000,0.000000
622.997986,0.000000,0.000000,13.560000,0.000000,0.000000,20.000000,-5.400000,0.000000
623.002991,0.000000,0.000000,14.010000,0.000000,0.000000,20.000000,-5.400000,0.000000
623.007996,0.000000,0.000000,14.430000,0.000000,0.000000,20.000000,-5.400000,0.000000
623.013000,0.000000,0.000000,14.840000,0.000000,0.000000,20.000000,-5.400000,0.000000
623.018005,0.000000,0.000000,15.230000,0.000000,0.000000,20.000000,-5.400000,0.000000
623.023010,0.000000,0.000000,15.600000,0.000000,0.000000,20.000000,-5.400000,0.000000
623.028015,0.000000,0.000000,15.940000,0.000000,0.000000,20.000000,-5.400000,0.000000
623.033020,0.000000,0.000000,16.260000,0.000000,0.000000,20.000000,-5.400000,0.000000
623.038025,0.000000,0.000000,16.549999,0.000000,0.000000,20.000000,-5.400000,0.000000
623.043030,0.000000,0.000000,16.820000,0.000000,0.000000,20.000000,-5.400000,0.000000
623.047974,0.000000,0.000000,17.070000,0.000000,0.000000,20.000000,-5.400000,0.000000
623.052979,0.000000,0.000000,17.290001,0.000000,0.000000,20.000000,-5.400000,0.000000
623.057983,0.000000,0.000000,17.490000,0.000000,0.000000,20.000000,-5.400000,0.000000
623.062988,0.000000,0.000000,17.680000,0.000000,0.000000,20.000000,-5.400000,0.000000
623.067993,0.000000,0.000000,17.840000,0.000000,0.000000,20.000000,-5.400000,0.000000
623.072998,0.000000,0.000000,17.980000,0.000000,0.000000,20.000000,-5.400000,0.000000
623.078003,0.000000,0.000000,18.110001,0.000000,0.000000,20.000000,-5.400000,0.000000
623.083008,0.000000,0.000000,18.250000,0.000000,0.000000,20.000000,-5.400000,0.000000
623.088013,0.000000,0.000000,18.340000,0.000000,0.000000,20.000000,-5.400000,0.000000
623.093018,0.000000,0.000000,18.020000,0.000000,0.000000,20.000000,-5.400000,0.000000
623.098022,0.000000,0.000000,17.440001,0.000000,0.000000,20.000000,-5.400000,0.000000
623.103027,0.000000,0.000000,17.440001,0.000000,0.000000,20.000000,-5.400000,0.000000
623.107971,0.000000,0.000000,17.360001,0.000000,0.000000,20.000000,-5.400000,0.000000
623.112976,0.000000,0.000000,17.540001,0.000000,0.000000,20.000000,-5.400000,0.000000
623.117981,0.000000,0.000000,17.690001,0.000000,0.000000,20.000000,-5.400000,0.000000
623.122986,0.000000,0.000000,17.830000,0.000000,0.000000,20.000000,-5.400000,0.000000
623.127991,0.000000,0.000000,17.950001,0.000000,0.000000,20.000000,-5.400000,0.000000
623.132996,0.000000,0.000000,17.980000,0.000000,0.000000,20.000000,-5.400000,0.000000
623.138000,0.000000,0.000000,18.049999,0.000000,0.000000,20.000000,-5.400000,0.000000
623.143005,0.000000,0.000000,18.100000,0.000000,0.000000,20.000000,-5.400000,0.000000
623.148010,0.000000,0.000000,18.090000,0.000000,0.000000,20.000000,-5.400000,0.000000
623.153015,0.000000,0.000000,18.049999,0.000000,0.000000,20.000000,-5.400000,0.000000
623.158020,0.000000,0.000000,17.940001,0.000000,0.000000,20.000000,-5.400000,0.000000
623.163025,0.000000,0.000000,17.780001,0.000000,0.000000,20.000000,-5.400000,0.000000
623.168030,0.000000,0.000000,17.540001,0.000000,0.000000,20.000000,-5.400000,0.000000
623.172974,0.000000,0.000000,17.240000,0.000000,0.000000,20.000000,-5.400000,0.000000
623.177979,0.000000,0.000000,16.870001,0.000000,0.000000,20.000000,-5.400000,0.000000
623.182983,0.000000,0.000000,16.459999,0.000000,0.000000,20.000000,-5.400000,0.000000
623.187988,0.000000,0.000000,16.030001,0.000000,0.000000,20.000000,-5.400000,0.000000
623.192993,0.000000,0.000000,15.570000,0.000000,0.000000,20.000000,-5.400000,0.000000
623.197998,0.000000,0.000000,15.080000,0.000000,0.000000,20.000000,-5.400000,0.000000
623.203003,0.000000,0.000000,14.530000,0.000000,0.000000,20.000000,-5.400000,0.000000
623.208008,0.000000,0.000000,13.900000,0.000000,0.000000,20.000000,-5.400000,0.000000
623.213013,0.000000,0.000000,13.200000,0.000000,0.000000,20.000000,-5.400000,0.000000
623.218018,0.000000,0.000000,12.410000,0.000000,0.000000,20.000000,-5.400000,0.000000
623.223022,0.000000,0.000000,11.590000,0.000000,0.000000,20.000000,-5.400000,0.000000
623.228027,0.000000,0.000000,10.590000,0.000000,0.000000,20.000000,-5.400000,0.000000
623.232971,0.000000,0.000000,9.310000,0.000000,0.000000,20.000000,-5.400000,0.000000
623.237976,0.000000,0.000000,7.990000,0.000000,0.000000,20.000000,-5.400000,0.000000
623.242981,0.000000,0.000000,6.660000,0.000000,0.000000,20.000000,-5.400000,0.000000
623.247986,0.000000,0.000000,5.430000,0.000000,0.000000,20.000000,-5.400000,0.000000
623.252991,0.000000,0.000000,4.380000,0.000000,0.000000,20.000000,-5.400000,0.000000
623.257996,0.000000,0.000000,3.490000,0.000000,0.000000,20.000000,-5.400000,0.000000
623.263000,0.000000,0.000000,2.800000,0.000000,0.000000,20.000000,-5.400000,0.000000
623.268005,0.000000,0.000000,2.290000,0.000000,0.000000,20.000000,-5.400000,0.000000
623.273010,0.000000,0.000000,1.940000,0.000000,0.000000,20.000000,-5.400000,0.000000
623.278015,0.000000,0.000000,1.800000,0.000000,0.000000,20.000000,-5.400000,0.000000
623.283020,0.000000,0.000000,1.780000,0.000000,0.000000,20.000000,-5.400000,0.000000
623.288025,0.000000,0.000000,1.840000,0.000000,0.000000,20.000000,-5.400000,0.000000
623.293030,0.000000,0.000000,1.910000,0.000000,0.000000,20.000000,-5.400000,0.000000
623.297974,0.000000,0.000000,1.970000,0.000000,0.000000,20.000000,-5.400000,0.000000
623.302979,0.000000,0.000000,1.990000,0.000000,0.000000,20.000000,-5.400000,0.000000
623.307983,0.000000,0.000000,1.910000,0.000000,0.000000,20.000000,-5.400000,0.000000
623.312988,0.000000,0.000000,1.790000,0.000000,0.000000,20.000000,-5.400000,0.000000
623.317993,0.000000,0.000000,1.630000,0.000000,0.000000,20.000000,-5.400000,0.000000
623.322998,0.000000,0.000000,1.440000,0.000000,0.000000,20.000000,-5.400000,0.000000
623.328003,0.000000,0.000000,1.260000,0.000000,0.000000,20.000000,-5.400000,0.000000
623.333008,0.000000,0.000000,1.070000,0.000000,0.000000,20.000000,-5.400000,0.000000
623.338013,0.000000,0.000000,0.890000,0.000000,0.000000,20.000000,-5.400000,0.000000
623.343018,0.000000,0.000000,0.700000,0.000000,0.000000,20.000000,-5.400000,0.000000
623.348022,0.000000,0.000000,0.500000,0.000000,0.000000,20.000000,-5.400000,0.000000
623.353027,0.000000,0.000000,0.310000,0.000000,0.000000,20.000000,-5.400000,0.000000
623.357971,0.000000,0.000000,0.080000,0.000000,0.000000,20.000000,-5.400000,0.000000
623.362976,0.000000,0.000000,-0.180000,0.000000,0.000000,20.000000,-5.400000,0.000000
623.367981,0.000000,0.000000,-0.480000,0.000000,0.000000,20.000000,-5.400000,0.000000
623.372986,0.000000,0.000000,-0.850000,0.000000,0.000000,20.000000,-5.400000,0.000000
623.377991,0.000000,0.000000,-1.270000,0.000000,0.000000,20.000000,-5.400000,0.000000
623.382996,0.000000,0.000000,-1.740000,0.000000,0.000000,20.000000,-5.400000,0.000000
623.388000,0.000000,0.000000,-2.210000,0.000000,0.000000,20.000000,-5.400000,0.000000
623.393005,0.000000,0.000000,-2.640000,0.000000,0.000000,20.000000,-5.400000,0.000000
623.398010,0.000000,0.000000,-3.040000,0.000000,0.000000,20.000000,-5.400000,0.000000
623.403015,0.000000,0.000000,-3.370000,0.000000,0.000000,20.000000,-5.400000,0.000000
623.408020,0.000000,0.000000,-3.640000,0.000000,0.000000,20.000000,-5.400000,0.000000
623.413025,0.000000,0.000000,-3.860000,0.000000,0.000000,20.000000,-5.400000,0.000000
623.418030,0.000000,0.000000,-4.010000,0.000000,0.000000,20.000000,-5.400000,0.000000
623.422974,0.000000,0.000000,-4.110000,0.000000,0.000000,20.000000,-5.400000,0.000000
623.427979,0.000000,0.000000,-4.180000,0.000000,0.000000,20.000000,-5.400000,0.000000
623.432983,0.000000,0.000000,-4.220000,0.000000,0.000000,20.000000,-5.400000,0.000000
623.437988,0.000000,0.000000,-4.250000,0.000000,0.000000,20.000000,-5.400000,0.000000
623.442993,0.000000,0.000000,-4.270000,0.000000,0.000000,20.000000,-5.400000,0.000000
623.447998,0.000000,0.000000,-4.280000,0.000000,0.000000,20.000000,-5.400000,0.000000
623.453003,0.000000,0.000000,-4.280000,0.000000,0.000000,20.000000,-5.400000,0.000000
623.458008,0.000000,0.000000,-4.250000,0.000000,0.000000,20.000000,-5.400000,0.000000
623.463013,0.000000,0.000000,-4.200000,0.000000,0.000000,20.000000,-5.400000,0.000000
623.468018,0.000000,0.000000,-4.110000,0.000000,0.000000,20.000000,-5.400000,0.000000
623.473022,0.000000,0.000000,-3.990000,0.000000,0.000000,20.000000,-5.400000,0.000000
623.478027,0.000000,0.000000,-3.830000,0.000000,0.000000,20.000000,-5.400000,0.000000
623.482971,0.000000,0.000000,-3.640000,0.000000,0.000000,20.000000,-5.400000,0.000000
623.487976,0.000000,0.000000,-3.430000,0.000000,0.000000,20.000000,-5.400000,0.000000
623.492981,0.000000,0.000000,-3.200000,0.000000,0.000000,20.000000,-5.400000,0.000000
623.497986,0.000000,0.000000,-2.970000,0.000000,0.000000,20.000000,-5.400000,0.000000
623.502991,0.000000,0.000000,-2.760000,0.000000,0.000000,20.000000,-5.400000,0.000000
623.507996,0.000000,0.000000,-2.550000,0.000000,0.000000,20.000000,-5.400000,0.000000
623.513000,0.000000,0.000000,-2.340000,0.000000,0.000000,20.000000,-5.400000,0.000000
623.518005,0.000000,0.000000,-2.130000,0.000000,0.000000,20.000000,-5.400000,0.000000
623.523010,0.000000,0.000000,-1.930000,0.000000,0.000000,20.000000,-5.400000,0.000000
623.528015,0.000000,0.000000,-1.740000,0.000000,0.000000,20.000000,-5.400000,0.000000
623.533020,0.000000,0.000000,-1.570000,0.000000,0.000000,20.000000,-5.400000,0.000000
623.538025,0.000000,0.000000,-1.420000,0.000000,0.000000,20.000000,-5.400000,0.000000
623.543030,0.000000,0.000000,-1.270000,0.000000,0.000000,20.000000,-5.400000,0.000000
623.547974,0.000000,0.000000,-1.120000,0.000000,0.000000,20.000000,-5.400000,0.000000
623.552979,0.000000,0.000000,-0.980000,0.000000,0.000000,20.000000,-5.400000,0.000000
623.557983,0.000000,0.000000,-0.830000,0.000000,0.000000,20.000000,-5.400000,0.000000
623.562988,0.000000,0.000000,-0.700000,0.000000,0.000000,20.000000,-5.400000,0.000000
623.567993,0.000000,0.000000,-0.580000,0.000000,0.000000,20.000000,-5.400000,0.000000
623.572998,0.000000,0.000000,-0.470000,0.000000,0.000000,20.000000,-5.400000,0.000000
623.578003,0.000000,0.000000,-0.390000,0.000000,0.000000,20.000000,-5.400000,0.000000
623.583008,0.000000,0.000000,-0.350000,0.000000,0.000000,20.000000,-5.400000,0.000000
623.588013,0.000000,0.000000,-0.330000,0.000000,0.000000,20.000000,-5.400000,0.000000
623.593018,0.000000,0.000000,-0.360000,0.000000,0.000000,20.000000,-5.400000,0.000000
623.598022,0.000000,0.000000,-0.430000,0.000000,0.000000,20.000000,-5.400000,0.000000
623.603027,0.000000,0.000000,-0.550000,0.000000,0.000000,20.000000,-5.400000,0.000000
623.607971,0.000000,0.000000,-0.700000,0.000000,0.000000,20.000000,-5.400000,0.000000
623.612976,0.000000,0.000000,-0.900000,0.000000,0.000000,20.000000,-5.400000,0.000000
623.617981,0.000000,0.000000,-1.140000,0.000000,0.000000,20.000000,-5.400000,0.000000
623.622986,0.000000,0.000000,-1.410000,0.000000,0.000000,20.000000,-5.400000,0.000000
623.627991,0.000000,0.000000,-1.700000,0.000000,0.000000,20.000000,-5.400000,0.000000
623.632996,0.000000,0.000000,-2.000000,0.000000,0.000000,20.000000,-5.400000,0.000000
623.638000,0.000000,0.000000,-2.310000,0.000000,0.000000,20.000000,-5.400000,0.000000
623.643005,0.000000,0.000000,-2.610000,0.000000,0.000000,20.000000,-5.400000,0.000000
623.648010,0.000000,0.000000,-2.900000,0.000000,0.000000,20.000000,-5.400000,0.000000
623.653015,0.000000,0.000000,-3.170000,0.000000,0.000000,20.000000,-5.400000,0.000000
623.658020,0.000000,0.000000,-3.410000,0.000000,0.000000,20.000000,-5.400000,0.000000
623.663025,0.000000,0.000000,-3.620000,0.000000,0.000000,20.000000,-5.400000,0.000000
623.668030,0.000000,0.000000,-3.780000,0.000000,0.000000,20.000000,-5.400000,0.000000
623.672974,0.000000,0.000000,-3.880000,0.000000,0.000000,20.000000,-5.400000,0.000000
623.677979,0.000000,0.000000,-3.940000,0.000000,0.000000,20.000000,-5.400000,0.000000
623.682983,0.000000,0.000000,-3.950000,0.000000,0.000000,20.000000,-5.400000,0.000000
623.687988,0.000000,0.000000,-3.920000,0.000000,0.000000,20.000000,-5.400000,0.000000
623.692993,0.000000,0.000000,-3.860000,0.000000,0.000000,20.000000,-5.400000,0.000000
623.697998,0.000000,0.000000,-3.770000,0.000000,0.000000,20.000000,-5.400000,0.000000
623.703003,0.000000,0.000000,-3.670000,0.000000,0.000000,20.000000,-5.400000,0.000000
623.708008,0.000000,0.000000,-3.550000,0.000000,0.000000,20.000000,-5.400000,0.000000
623.713013,0.000000,0.000000,-3.430000,0.000000,0.000000,20.000000,-5.400000,0.000000
623.718018,0.000000,0.000000,-3.300000,0.000000,0.000000,20.000000,-5.400000,0.000000
623.723022,0.000000,0.000000,-3.190000,0.000000,0.000000,20.000000,-5.400000,0.000000
623.728027,0.000000,0.000000,-3.070000,0.000000,0.000000,20.000000,-5.400000,0.000000
623.732971,0.000000,0.000000,-2.940000,0.000000,0.000000,20.000000,-5.400000,0.000000
623.737976,0.000000,0.000000,-2.820000,0.000000,0.000000,20.000000,-5.400000,0.000000
623.742981,0.000000,0.000000,-2.690000,0.000000,0.000000,20.000000,-5.400000,0.000000
623.747986,0.000000,0.000000,-2.570000,0.000000,0.000000,20.000000,-5.400000,0.000000
623.752991,0.000000,0.000000,-2.450000,0.000000,0.000000,20.000000,-5.400000,0.000000
623.757996,0.000000,0.000000,-2.320000,0.000000,0.000000,20.000000,-5.400000,0.000000
623.763000,0.000000,0.000000,-2.190000,0.000000,0.000000,20.000000,-5.400000,0.000000
623.768005,0.000000,0.000000,-2.060000,0.000000,0.000000,20.000000,-5.400000,0.000000
623.773010,0.000000,0.000000,-1.900000,0.000000,0.000000,20.000000,-5.400000,0.000000
623.778015,0.000000,0.000000,-1.740000,0.000000,0.000000,20.000000,-5.400000,0.000000
623.783020,0.000000,0.000000,-1.550000,0.000000,0.000000,20.000000,-5.400000,0.000000
623.788025,0.000000,0.000000,-1.370000,0.000000,0.000000,20.000000,-5.400000,0.000000
623.793030,0.000000,0.000000,-1.200000,0.000000,0.000000,20.000000,-5.400000,0.000000
623.797974,0.000000,0.000000,-0.990000,0.000000,0.000000,20.000000,-5.400000,0.000000
623.802979,0.000000,0.000000,-0.780000,0.000000,0.000000,20.000000,-5.400000,0.000000
623.807983,0.000000,0.000000,-0.530000,0.000000,0.000000,20.000000,-5.400000,0.000000
623.812988,0.000000,0.000000,-0.280000,0.000000,0.000000,20.000000,-5.400000,0.000000
623.817993,0.000000,0.000000,-0.010000,0.000000,0.000000,20.000000,-5.400000,0.000000
623.822998,0.000000,0.000000,0.260000,0.000000,0.000000,20.000000,-5.400000,0.000000
623.828003,0.000000,0.000000,0.550000,0.000000,0.000000,20.000000,-5.400000,0.000000
623.833008,0.000000,0.000000,0.830000,0.000000,0.000000,20.000000,-5.400000,0.000000
623.838013,0.000000,0.000000,1.120000,0.000000,0.000000,20.000000,-5.400000,0.000000
623.843018,0.000000,0.000000,1.410000,0.000000,0.000000,20.000000,-5.400000,0.000000
623.848022,0.000000,0.000000,1.700000,0.000000,0.000000,20.000000,-5.400000,0.000000
623.853027,0.000000,0.000000,2.010000,0.000000,0.000000,20.000000,-5.400000,0.000000
623.857971,0.000000,0.000000,2.340000,0.000000,0.000000,20.000000,-5.400000,0.000000
623.862976,0.000000,0.000000,2.620000,0.000000,0.000000,20.000000,-5.400000,0.000000
623.867981,0.000000,0.000000,2.930000,0.000000,0.000000,20.000000,-5.400000,0.000000
623.872986,0.000000,0.000000,3.210000,0.000000,0.000000,20.000000,-5.400000,0.000000
623.877991,0.000000,0.000000,3.460000,0.000000,0.000000,20.000000,-5.400000,0.000000
623.882996,0.000000,0.000000,3.700000,0.000000,0.000000,20.000000,-5.400000,0.000000
623.888000,0.000000,0.000000,3.890000,0.000000,0.000000,20.000000,-5.400000,0.000000
623.893005,0.000000,0.000000,4.060000,0.000000,0.000000,20.000000,-5.400000,0.000000
623.898010,0.000000,0.000000,4.240000,0.000000,0.000000,20.000000,-5.400000,0.000000
623.903015,0.000000,0.000000,4.360000,0.000000,0.000000,20.000000,-5.400000,0.000000
623.908020,0.000000,0.000000,4.430000,0.000000,0.000000,20.000000,-5.400000,0.000000
623.913025,0.000000,0.000000,4.510000,0.000000,0.000000,20.000000,-5.400000,0.000000
623.918030,0.000000,0.000000,4.570000,0.000000,0.000000,20.000000,-5.400000,0.000000
623.922974,0.000000,0.000000,4.650000,0.000000,0.000000,20.000000,-5.400000,0.000000
623.927979,0.000000,0.000000,4.770000,0.000000,0.000000,20.000000,-5.400000,0.000000
623.932983,0.000000,0.000000,4.930000,0.000000,0.000000,20.000000,-5.400000,0.000000
623.937988,0.000000,0.000000,5.130000,0.000000,0.000000,20.000000,-5.400000,0.000000
623.942993,0.000000,0.000000,5.320000,0.000000,0.000000,20.000000,-5.400000,0.000000
623.947998,0.000000,0.000000,5.560000,0.000000,0.000000,20.000000,-5.400000,0.000000
623.953003,0.000000,0.000000,5.840000,0.000000,0.000000,20.000000,-5.400000,0.000000
623.958008,0.000000,0.000000,6.120000,0.000000,0.000000,20.000000,-5.400000,0.000000
623.963013,0.000000,0.000000,6.430000,0.000000,0.000000,20.000000,-5.400000,0.000000
623.968018,0.000000,0.000000,6.770000,0.000000,0.000000,20.000000,-5.400000,0.000000
623.973022,0.000000,0.000000,7.110000,0.000000,0.000000,20.000000,-5.400000,0.000000
623.978027,0.000000,0.000000,7.500000,0.000000,0.000000,20.000000,-5.400000,0.000000
623.982971,0.000000,0.000000,7.910000,0.000000,0.000000,20.000000,-5.400000,0.000000
623.987976,0.000000,0.000000,8.340000,0.000000,0.000000,20.000000,-5.400000,0.000000
623.992981,0.000000,0.000000,8.760000,0.000000,0.000000,20.000000,-5.400000,0.000000
623.997986,0.000000,0.000000,9.180000,0.000000,0.000000,20.000000,-5.400000,0.000000
624.002991,0.000000,0.000000,9.680000,0.000000,0.000000,20.000000,-5.400000,0.000000
624.007996,0.000000,0.000000,10.170000,0.000000,0.000000,20.000000,-5.400000,0.000000
624.013000,0.000000,0.000000,10.700000,0.000000,0.000000,20.000000,-5.400000,0.000000
624.018005,0.000000,0.000000,11.280000,0.000000,0.000000,20.000000,-5.400000,0.000000
624.023010,0.000000,0.000000,11.890000,0.000000,0.000000,20.000000,-5.400000,0.000000
624.028015,0.000000,0.000000,12.550000,0.000000,0.000000,20.000000,-5.400000,0.000000
624.033020,0.000000,0.000000,13.260000,0.000000,0.000000,20.000000,-5.400000,0.000000
624.038025,0.000000,0.000000,14.020000,0.000000,0.000000,20.000000,-5.400000,0.000000
624.043030,0.000000,0.000000,14.800000,0.000000,0.000000,20.000000,-5.400000,0.000000
624.047974,0.000000,0.000000,15.590000,0.000000,0.000000,20.000000,-5.400000,0.000000
624.052979,0.000000,0.000000,16.370001,0.000000,0.000000,20.000000,-5.400000,0.000000
624.057983,0.000000,0.000000,17.120001,0.000000,0.000000,20.000000,-5.400000,0.000000
624.062988,0.000000,0.000000,17.840000,0.000000,0.000000,20.000000,-5.400000,0.000000
624.067993,0.000000,0.000000,18.490000,0.000000,0.000000,20.000000,-5.400000,0.000000
624.072998,0.000000,0.000000,19.080000,0.000000,0.000000,20.000000,-5.400000,0.000000
624.078003,0.000000,0.000000,19.620001,0.000000,0.000000,20.000000,-5.400000,0.000000
624.083008,0.000000,0.000000,20.120001,0.000000,0.000000,20.000000,-5.400000,0.000000
624.088013,0.000000,0.000000,20.530001,0.000000,0.000000,20.000000,-5.400000,0.000000
624.093018,0.000000,0.000000,20.940001,0.000000,0.000000,20.000000,-5.400000,0.000000
624.098022,0.000000,0.000000,21.299999,0.000000,0.000000,20.000000,-5.400000,0.000000
624.103027,0.000000,0.000000,21.620001,0.000000,0.000000,20.000000,-5.400000,0.000000
624.107971,0.000000,0.000000,21.920000,0.000000,0.000000,20.000000,-5.400000,0.000000
624.112976,0.000000,0.000000,22.150000,0.000000,0.000000,20.000000,-5.400000,0.000000
624.117981,0.000000,0.000000,22.340000,0.000000,0.000000,20.000000,-5.400000,0.000000
624.122986,0.000000,0.000000,22.570000,0.000000,0.000000,20.000000,-5.400000,0.000000
624.127991,0.000000,0.000000,22.760000,0.000000,0.000000,20.000000,-5.400000,0.000000
624.132996,0.000000,0.000000,22.930000,0.000000,0.000000,20.000000,-5.400000,0.000000
624.138000,0.000000,0.000000,23.120001,0.000000,0.000000,20.000000,-5.400000,0.000000
624.143005,0.000000,0.000000,23.250000,0.000000,0.000000,20.000000,-5.400000,0.000000
624.148010,0.000000,0.000000,23.340000,0.000000,0.000000,20.000000,-5.400000,0.000000
624.153015,0.000000,0.000000,23.360001,0.000000,0.000000,20.000000,-5.400000,0.000000
624.158020,0.000000,0.000000,23.430000,0.000000,0.000000,20.000000,-5.400000,0.000000
624.163025,0.000000,0.000000,23.469999,0.000000,0.000000,20.000000,-5.400000,0.000000
624.168030,0.000000,0.000000,23.389999,0.000000,0.000000,20.000000,-5.400000,0.000000
624.172974,0.000000,0.000000,23.250000,0.000000,0.000000,20.000000,-5.400000,0.000000
624.177979,0.000000,0.000000,23.150000,0.000000,0.000000,20.000000,-5.400000,0.000000
624.182983,0.000000,0.000000,23.010000,0.000000,0.000000,20.000000,-5.400000,0.000000
624.187988,0.000000,0.000000,22.740000,0.000000,0.000000,20.000000,-5.400000,0.000000
624.192993,0.000000,0.000000,22.469999,0.000000,0.000000,20.000000,-5.400000,0.000000
624.197998,0.000000,0.000000,22.180000,0.000000,0.000000,20.000000,-5.400000,0.000000
624.203003,0.000000,0.000000,21.920000,0.000000,0.000000,20.000000,-5.400000,0.000000
624.208008,0.000000,0.000000,21.650000,0.000000,0.000000,20.000000,-5.400000,0.000000
624.213013,0.000000,0.000000,21.389999,0.000000,0.000000,20.000000,-5.400000,0.000000
624.218018,0.000000,0.000000,21.160000,0.000000,0.000000,20.000000,-5.400000,0.000000
624.223022,0.000000,0.000000,20.930000,0.000000,0.000000,20.000000,-5.400000,0.000000
624.228027,0.000000,0.000000,20.730000,0.000000,0.000000,20.000000,-5.400000,0.000000
624.232971,0.000000,0.000000,20.530001,0.000000,0.000000,20.000000,-5.400000,0.000000
624.237976,0.000000,0.000000,20.370001,0.000000,0.000000,20.000000,-5.400000,0.000000
624.242981,0.000000,0.000000,20.160000,0.000000,0.000000,20.000000,-5.400000,0.000000
624.247986,0.000000,0.000000,19.910000,0.000000,0.000000,20.000000,-5.400000,0.000000
624.252991,0.000000,0.000000,19.629999,0.000000,0.000000,20.000000,-5.400000,0.000000
624.257996,0.000000,0.000000,19.299999,0.000000,0.000000,20.000000,-5.400000,0.000000
624.263000,0.000000,0.000000,18.930000,0.000000,0.000000,20.000000,-5.400000,0.000000
624.268005,0.000000,0.000000,18.530001,0.000000,0.000000,20.000000,-5.400000,0.000000
624.273010,0.000000,0.000000,18.100000,0.000000,0.000000,20.000000,-5.400000,0.000000
624.278015,0.000000,0.000000,17.620001,0.000000,0.000000,20.000000,-5.400000,0.000000
624.283020,0.000000,0.000000,17.110001,0.000000,0.000000,20.000000,-5.400000,0.000000
624.288025,0.000000,0.000000,16.559999,0.000000,0.000000,20.000000,-5.400000,0.000000
624.293030,0.000000,0.000000,15.990000,0.000000,0.000000,20.000000,-5.400000,0.000000
624.297974,0.000000,0.000000,15.380000,0.000000,0.000000,20.000000,-5.400000,0.000000
624.302979,0.000000,0.000000,14.740000,0.000000,0.000000,20.000000,-5.400000,0.000000
624.307983,0.000000,0.000000,14.070000,0.000000,0.000000,20.000000,-5.400000,0.000000
624.312988,0.000000,0.000000,13.360000,0.000000,0.000000,20.000000,-5.400000,0.000000
624.317993,0.000000,0.000000,12.610000,0.000000,0.000000,20.000000,-5.400000,0.000000
624.322998,0.000000,0.000000,11.840000,0.000000,0.000000,20.000000,-5.400000,0.000000
624.328003,0.000000,0.000000,11.040000,0.000000,0.000000,20.000000,-5.400000,0.000000
624.333008,0.000000,0.000000,10.240000,0.000000,0.000000,20.000000,-5.400000,0.000000
624.338013,0.000000,0.000000,9.440000,0.000000,0.000000,20.000000,-5.400000,0.000000
624.343018,0.000000,0.000000,8.640000,0.000000,0.000000,20.000000,-5.400000,0.000000
624.348022,0.000000,0.000000,7.890000,0.000000,0.000000,20.000000,-5.400000,0.000000
624.353027,0.000000,0.000000,7.160000,0.000000,0.000000,20.000000,-5.400000,0.000000
624.357971,0.000000,0.000000,6.500000,0.000000,0.000000,20.000000,-5.400000,0.000000
624.362976,0.000000,0.000000,5.920000,0.000000,0.000000,20.000000,-5.400000,0.000000
624.367981,0.000000,0.000000,5.440000,0.000000,0.000000,20.000000,-5.400000,0.000000
624.372986,0.000000,0.000000,5.060000,0.000000,0.000000,20.000000,-5.400000,0.000000
624.377991,0.000000,0.000000,4.800000,0.000000,0.000000,20.000000,-5.400000,0.000000
624.382996,0.000000,0.000000,4.650000,0.000000,0.000000,20.000000,-5.400000,0.000000
624.388000,0.000000,0.000000,4.610000,0.000000,0.000000,20.000000,-5.400000,0.000000
624.393005,0.000000,0.000000,4.680000,0.000000,0.000000,20.000000,-5.400000,0.000000
624.398010,0.000000,0.000000,4.820000,0.000000,0.000000,20.000000,-5.400000,0.000000
624.403015,0.000000,0.000000,5.020000,0.000000,0.000000,20.000000,-5.400000,0.000000
624.408020,0.000000,0.000000,5.260000,0.000000,0.000000,20.000000,-5.400000,0.000000
624.413025,0.000000,0.000000,5.530000,0.000000,0.000000,20.000000,-5.400000,0.000000
624.418030,0.000000,0.000000,5.840000,0.000000,0.000000,20.000000,-5.400000,0.000000
624.422974,0.000000,0.000000,6.150000,0.000000,0.000000,20.000000,-5.400000,0.000000
624.427979,0.000000,0.000000,6.450000,0.000000,0.000000,20.000000,-5.400000,0.000000
624.432983,0.000000,0.000000,6.750000,0.000000,0.000000,20.000000,-5.400000,0.000000
624.437988,0.000000,0.000000,7.050000,0.000000,0.000000,20.000000,-5.400000,0.000000
624.442993,0.000000,0.000000,7.300000,0.000000,0.000000,20.000000,-5.400000,0.000000
624.447998,0.000000,0.000000,7.600000,0.000000,0.000000,20.000000,-5.400000,0.000000
624.453003,0.000000,0.000000,7.900000,0.000000,0.000000,20.000000,-5.400000,0.000000
624.458008,0.000000,0.000000,8.190000,0.000000,0.000000,20.000000,-5.400000,0.000000
624.463013,0.000000,0.000000,8.470000,0.000000,0.000000,20.000000,-5.400000,0.000000
624.468018,0.000000,0.000000,8.770000,0.000000,0.000000,20.000000,-5.400000,0.000000
624.473022,0.000000,0.000000,9.050000,0.000000,0.000000,20.000000,-5.400000,0.000000
624.478027,0.000000,0.000000,9.340000,0.000000,0.000000,20.000000,-5.400000,0.000000
624.482971,0.000000,0.000000,9.610000,0.000000,0.000000,20.000000,-5.400000,0.000000
624.487976,0.000000,0.000000,9.870000,0.000000,0.000000,20.000000,-5.400000,0.000000
624.492981,0.000000,0.000000,10.090000,0.000000,0.000000,20.000000,-5.400000,0.000000
624.497986,0.000000,0.000000,10.280000,0.000000,0.000000,20.000000,-5.400000,0.000000
624.502991,0.000000,0.000000,10.450000,0.000000,0.000000,20.000000,-5.400000,0.000000
624.507996,0.000000,0.000000,10.590000,0.000000,0.000000,20.000000,-5.400000,0.000000
624.513000,0.000000,0.000000,10.710000,0.000000,0.000000,20.000000,-5.400000,0.000000
624.518005,0.000000,0.000000,10.760000,0.000000,0.000000,20.000000,-5.400000,0.000000
624.523010,0.000000,0.000000,10.770000,0.000000,0.000000,20.000000,-5.400000,0.000000
624.528015,0.000000,0.000000,10.740000,0.000000,0.000000,20.000000,-5.400000,0.000000
624.533020,0.000000,0.000000,10.670000,0.000000,0.000000,20.000000,-5.400000,0.000000
624.538025,0.000000,0.000000,10.560000,0.000000,0.000000,20.000000,-5.400000,0.000000
624.543030,0.000000,0.000000,10.410000,0.000000,0.000000,20.000000,-5.400000,0.000000
624.547974,0.000000,0.000000,10.210000,0.000000,0.000000,20.000000,-5.400000,0.000000
624.552979,0.000000,0.000000,9.950000,0.000000,0.000000,20.000000,-5.400000,0.000000
624.557983,0.000000,0.000000,9.660000,0.000000,0.000000,20.000000,-5.400000,0.000000
624.562988,0.000000,0.000000,9.330000,0.000000,0.000000,20.000000,-5.400000,0.000000
624.567993,0.000000,0.000000,8.930000,0.000000,0.000000,20.000000,-5.400000,0.000000
624.572998,0.000000,0.000000,8.500000,0.000000,0.000000,20.000000,-5.400000,0.000000
624.578003,0.000000,0.000000,8.050000,0.000000,0.000000,20.000000,-5.400000,0.000000
624.583008,0.000000,0.000000,7.610000,0.000000,0.000000,20.000000,-5.400000,0.000000
624.588013,0.000000,0.000000,7.200000,0.000000,0.000000,20.000000,-5.400000,0.000000
624.593018,0.000000,0.000000,6.860000,0.000000,0.000000,20.000000,-5.400000,0.000000
624.598022,0.000000,0.000000,6.640000,0.000000,0.000000,20.000000,-5.400000,0.000000
624.603027,0.000000,0.000000,6.590000,0.000000,0.000000,20.000000,-5.400000,0.000000
624.607971,0.000000,0.000000,6.660000,0.000000,0.000000,20.000000,-5.400000,0.000000
624.612976,0.000000,0.000000,6.700000,0.000000,0.000000,20.000000,-5.400000,0.000000
624.617981,0.000000,0.000000,6.610000,0.000000,0.000000,20.000000,-5.400000,0.000000
624.622986,0.000000,0.000000,6.800000,0.000000,0.000000,20.000000,-5.400000,0.000000
624.627991,0.000000,0.000000,6.780000,0.000000,0.000000,20.000000,-5.400000,0.000000
624.632996,0.000000,0.000000,6.660000,0.000000,0.000000,20.000000,-5.400000,0.000000
624.638000,0.000000,0.000000,6.490000,0.000000,0.000000,20.000000,-5.400000,0.000000
624.643005,0.000000,0.000000,6.270000,0.000000,0.000000,20.000000,-5.400000,0.000000
624.648010,0.000000,0.000000,5.970000,0.000000,0.000000,20.000000,-5.400000,0.000000
624.653015,0.000000,0.000000,5.640000,0.000000,0.000000,20.000000,-5.400000,0.000000
624.658020,0.000000,0.000000,5.360000,0.000000,0.000000,20.000000,-5.400000,0.000000
624.663025,0.000000,0.000000,5.100000,0.000000,0.000000,20.000000,-5.400000,0.000000
624.668030,0.000000,0.000000,4.890000,0.000000,0.000000,20.000000,-5.400000,0.000000
624.672974,0.000000,0.000000,4.880000,0.000000,0.000000,20.000000,-5.400000,0.000000
624.677979,0.000000,0.000000,4.930000,0.000000,0.000000,20.000000,-5.400000,0.000000
624.682983,0.000000,0.000000,5.020000,0.000000,0.000000,20.000000,-5.400000,0.000000
624.687988,0.000000,0.000000,5.170000,0.000000,0.000000,20.000000,-5.400000,0.000000
624.692993,0.000000,0.000000,5.300000,0.000000,0.000000,20.000000,-5.400000,0.000000
624.697998,0.000000,0.000000,5.400000,0.000000,0.000000,20.000000,-5.400000,0.000000
624.703003,0.000000,0.000000,5.460000,0.000000,0.000000,20.000000,-5.400000,0.000000
624.708008,0.000000,0.000000,5.450000,0.000000,0.000000,20.000000,-5.400000,0.000000
624.713013,0.000000,0.000000,5.380000,0.000000,0.000000,20.000000,-5.400000,0.000000
624.718018,0.000000,0.000000,5.240000,0.000000,0.000000,20.000000,-5.400000,0.000000
624.723022,0.000000,0.000000,5.020000,0.000000,0.000000,20.000000,-5.400000,0.000000
624.728027,0.000000,0.000000,4.740000,0.000000,0.000000,20.000000,-5.400000,0.000000
624.732971,0.000000,0.000000,4.410000,0.000000,0.000000,20.000000,-5.400000,0.000000
624.737976,0.000000,0.000000,4.030000,0.000000,0.000000,20.000000,-5.400000,0.000000
624.742981,0.000000,0.000000,3.600000,0.000000,0.000000,20.000000,-5.400000,0.000000
624.747986,0.000000,0.000000,3.160000,0.000000,0.000000,20.000000,-5.400000,0.000000
624.752991,0.000000,0.000000,2.690000,0.000000,0.000000,20.000000,-5.400000,0.000000
624.757996,0.000000,0.000000,2.200000,0.000000,0.000000,20.000000,-5.400000,0.000000
624.763000,0.000000,0.000000,1.700000,0.000000,0.000000,20.000000,-5.400000,0.000000
624.768005,0.000000,0.000000,1.180000,0.000000,0.000000,20.000000,-5.400000,0.000000
624.773010,0.000000,0.000000,0.650000,0.000000,0.000000,20.000000,-5.400000,0.000000
624.778015,0.000000,0.000000,0.110000,0.000000,0.000000,20.000000,-5.400000,0.000000
624.783020,0.000000,0.000000,-0.430000,0.000000,0.000000,20.000000,-5.400000,0.000000
624.788025,0.000000,0.000000,-0.970000,0.000000,0.000000,20.000000,-5.400000,0.000000
624.793030,0.000000,0.000000,-1.500000,0.000000,0.000000,20.000000,-5.400000,0.000000
624.797974,0.000000,0.000000,-2.050000,0.000000,0.000000,20.000000,-5.400000,0.000000
624.802979,0.000000,0.000000,-2.580000,0.000000,0.000000,20.000000,-5.400000,0.000000
624.807983,0.000000,0.000000,-3.110000,0.000000,0.000000,20.000000,-5.400000,0.000000
624.812988,0.000000,0.000000,-3.610000,0.000000,0.000000,20.000000,-5.400000,0.000000
624.817993,0.000000,0.000000,-4.090000,0.000000,0.000000,20.000000,-5.400000,0.000000
624.822998,0.000000,0.000000,-4.540000,0.000000,0.000000,20.000000,-5.400000,0.000000
624.828003,0.000000,0.000000,-4.950000,0.000000,0.000000,20.000000,-5.400000,0.000000
624.833008,0.000000,0.000000,-5.320000,0.000000,0.000000,20.000000,-5.400000,0.000000
624.838013,0.000000,0.000000,-5.640000,0.000000,0.000000,20.000000,-5.400000,0.000000
624.843018,0.000000,0.000000,-5.930000,0.000000,0.000000,20.000000,-5.400000,0.000000
624.848022,0.000000,0.000000,-6.190000,0.000000,0.000000,20.000000,-5.400000,0.000000
624.853027,0.000000,0.000000,-6.450000,0.000000,0.000000,20.000000,-5.400000,0.000000
624.857971,0.000000,0.000000,-6.690000,0.000000,0.000000,20.000000,-5.400000,0.000000
624.862976,0.000000,0.000000,-6.940000,0.000000,0.000000,20.000000,-5.400000,0.000000
624.867981,0.000000,0.000000,-7.190000,0.000000,0.000000,20.000000,-5.400000,0.000000
624.872986,0.000000,0.000000,-7.430000,0.000000,0.000000,20.000000,-5.400000,0.000000
624.877991,0.000000,0.000000,-7.670000,0.000000,0.000000,20.000000,-5.400000,0.000000
624.882996,0.000000,0.000000,-7.910000,0.000000,0.000000,20.000000,-5.400000,0.000000
624.888000,0.000000,0.000000,-8.160000,0.000000,0.000000,20.000000,-5.400000,0.000000
624.893005,0.000000,0.000000,-8.400000,0.000000,0.000000,20.000000,-5.400000,0.000000
624.898010,0.000000,0.000000,-8.670000,0.000000,0.000000,20.000000,-5.400000,0.000000
624.903015,0.000000,0.000000,-8.950000,0.000000,0.000000,20.000000,-5.400000,0.000000
624.908020,0.000000,0.000000,-9.230000,0.000000,0.000000,20.000000,-5.400000,0.000000
624.913025,0.000000,0.000000,-9.510000,0.000000,0.000000,20.000000,-5.400000,0.000000
624.918030,0.000000,0.000000,-9.810000,0.000000,0.000000,20.000000,-5.400000,0.000000
624.922974,0.000000,0.000000,-10.100000,0.000000,0.000000,20.000000,-5.400000,0.000000
624.927979,0.000000,0.000000,-10.410000,0.000000,0.000000,20.000000,-5.400000,0.000000
624.932983,0.000000,0.000000,-10.710000,0.000000,0.000000,20.000000,-5.400000,0.000000
624.937988,0.000000,0.000000,-11.000000,0.000000,0.000000,20.000000,-5.400000,0.000000
624.942993,0.000000,0.000000,-11.270000,0.000000,0.000000,20.000000,-5.400000,0.000000
624.947998,0.000000,0.000000,-11.520000,0.000000,0.000000,20.000000,-5.400000,0.000000
624.953003,0.000000,0.000000,-11.740000,0.000000,0.000000,20.000000,-5.400000,0.000000
624.958008,0.000000,0.000000,-11.930000,0.000000,0.000000,20.000000,-5.400000,0.000000
624.963013,0.000000,0.000000,-12.090000,0.000000,0.000000,20.000000,-5.400000,0.000000
624.968018,0.000000,0.000000,-12.220000,0.000000,0.000000,20.000000,-5.400000,0.000000
624.973022,0.000000,0.000000,-12.330000,0.000000,0.000000,20.000000,-5.400000,0.000000
624.978027,0.000000,0.000000,-12.430000,0.000000,0.000000,20.000000,-5.400000,0.000000
624.982971,0.000000,0.000000,-12.520000,0.000000,0.000000,20.000000,-5.400000,0.000000
624.987976,0.000000,0.000000,-12.620000,0.000000,0.000000,20.000000,-5.400000,0.000000
624.992981,0.000000,0.000000,-12.710000,0.000000,0.000000,20.000000,-5.400000,0.000000
624.997986,0.000000,0.000000,-12.800000,0.000000,0.000000,20.000000,-5.400000,0.000000
625.002991,0.000000,0.000000,-12.890000,0.000000,0.000000,20.000000,-5.400000,0.000000
625.007996,0.000000,0.000000,-12.950000,0.000000,0.000000,20.000000,-5.400000,0.000000
625.013000,0.000000,0.000000,-12.990000,0.000000,0.000000,20.000000,-5.400000,0.000000
625.018005,0.000000,0.000000,-13.000000,0.000000,0.000000,20.000000,-5.400000,0.000000
625.023010,0.000000,0.000000,-12.970000,0.000000,0.000000,20.000000,-5.400000,0.000000
625.028015,0.000000,0.000000,-12.900000,0.000000,0.000000,20.000000,-5.400000,0.000000
625.033020,0.000000,0.000000,-12.800000,0.000000,0.000000,20.000000,-5.400000,0.000000
625.038025,0.000000,0.000000,-12.660000,0.000000,0.000000,20.000000,-5.400000,0.000000
625.043030,0.000000,0.000000,-12.490000,0.000000,0.000000,20.000000,-5.400000,0.000000
625.047974,0.000000,0.000000,-12.310000,0.000000,0.000000,20.000000,-5.400000,0.000000
625.052979,0.000000,0.000000,-12.110000,0.000000,0.000000,20.000000,-5.400000,0.000000
625.057983,0.000000,0.000000,-11.910000,0.000000,0.000000,20.000000,-5.400000,0.000000
625.062988,0.000000,0.000000,-11.700000,0.000000,0.000000,20.000000,-5.400000,0.000000
625.067993,0.000000,0.000000,-11.500000,0.000000,0.000000,20.000000,-5.400000,0.000000
625.072998,0.000000,0.000000,-11.300000,0.000000,0.000000,20.000000,-5.400000,0.000000
625.078003,0.000000,0.000000,-11.100000,0.000000,0.000000,20.000000,-5.400000,0.000000
625.083008,0.000000,0.000000,-10.910000,0.000000,0.000000,20.000000,-5.400000,0.000000
625.088013,0.000000,0.000000,-10.740000,0.000000,0.000000,20.000000,-5.400000,0.000000
625.093018,0.000000,0.000000,-10.560000,0.000000,0.000000,20.000000,-5.400000,0.000000
625.098022,0.000000,0.000000,-10.390000,0.000000,0.000000,20.000000,-5.400000,0.000000
625.103027,0.000000,0.000000,-10.200000,0.000000,0.000000,20.000000,-5.400000,0.000000
625.107971,0.000000,0.000000,-10.020000,0.000000,0.000000,20.000000,-5.400000,0.000000
625.112976,0.000000,0.000000,-9.810000,0.000000,0.000000,20.000000,-5.400000,0.000000
625.117981,0.000000,0.000000,-9.610000,0.000000,0.000000,20.000000,-5.400000,0.000000
625.122986,0.000000,0.000000,-9.410000,0.000000,0.000000,20.000000,-5.400000,0.000000
625.127991,0.000000,0.000000,-9.220000,0.000000,0.000000,20.000000,-5.400000,0.000000
625.132996,0.000000,0.000000,-9.040000,0.000000,0.000000,20.000000,-5.400000,0.000000
625.138000,0.000000,0.000000,-8.870000,0.000000,0.000000,20.000000,-5.400000,0.000000
625.143005,0.000000,0.000000,-8.710000,0.000000,0.000000,20.000000,-5.400000,0.000000
625.148010,0.000000,0.000000,-8.570000,0.000000,0.000000,20.000000,-5.400000,0.000000
625.153015,0.000000,0.000000,-8.430000,0.000000,0.000000,20.000000,-5.400000,0.000000
625.158020,0.000000,0.000000,-8.300000,0.000000,0.000000,20.000000,-5.400000,0.000000
625.163025,0.000000,0.000000,-8.180000,0.000000,0.000000,20.000000,-5.400000,0.000000
625.168030,0.000000,0.000000,-8.070000,0.000000,0.000000,20.000000,-5.400000,0.000000
625.172974,0.000000,0.000000,-7.980000,0.000000,0.000000,20.000000,-5.400000,0.000000
625.177979,0.000000,0.000000,-7.910000,0.000000,0.000000,20.000000,-5.400000,0.000000
625.182983,0.000000,0.000000,-7.870000,0.000000,0.000000,20.000000,-5.400000,0.000000
625.187988,0.000000,0.000000,-7.850000,0.000000,0.000000,20.000000,-5.400000,0.000000
625.192993,0.000000,0.000000,-7.860000,0.000000,0.000000,20.000000,-5.400000,0.000000
625.197998,0.000000,0.000000,-7.880000,0.000000,0.000000,20.000000,-5.400000,0.000000
625.203003,0.000000,0.000000,-7.920000,0.000000,0.000000,20.000000,-5.400000,0.000000
625.208008,0.000000,0.000000,-7.950000,0.000000,0.000000,20.000000,-5.400000,0.000000
625.213013,0.000000,0.000000,-7.990000,0.000000,0.000000,20.000000,-5.400000,0.000000
625.218018,0.000000,0.000000,-8.010000,0.000000,0.000000,20.000000,-5.400000,0.000000
625.223022,0.000000,0.000000,-8.020000,0.000000,0.000000,20.000000,-5.400000,0.000000
625.228027,0.000000,0.000000,-8.000000,0.000000,0.000000,20.000000,-5.400000,0.000000
625.232971,0.000000,0.000000,-7.950000,0.000000,0.000000,20.000000,-5.400000,0.000000
625.237976,0.000000,0.000000,-7.870000,0.000000,0.000000,20.000000,-5.400000,0.000000
625.242981,0.000000,0.000000,-7.740000,0.000000,0.000000,20.000000,-5.400000,0.000000
625.247986,0.000000,0.000000,-7.570000,0.000000,0.000000,20.000000,-5.400000,0.000000
625.252991,0.000000,0.000000,-7.370000,0.000000,0.000000,20.000000,-5.400000,0.000000
625.257996,0.000000,0.000000,-7.150000,0.000000,0.000000,20.000000,-5.400000,0.000000
625.263000,0.000000,0.000000,-6.930000,0.000000,0.000000,20.000000,-5.400000,0.000000
625.268005,0.000000,0.000000,-6.710000,0.000000,0.000000,20.000000,-5.400000,0.000000
625.273010,0.000000,0.000000,-6.510000,0.000000,0.000000,20.000000,-5.400000,0.000000
625.278015,0.000000,0.000000,-6.320000,0.000000,0.000000,20.000000,-5.400000,0.000000
625.283020,0.000000,0.000000,-6.130000,0.000000,0.000000,20.000000,-5.400000,0.000000
625.288025,0.000000,0.000000,-5.970000,0.000000,0.000000,20.000000,-5.400000,0.000000
625.293030,0.000000,0.000000,-5.820000,0.000000,0.000000,20.000000,-5.400000,0.000000
625.297974,0.000000,0.000000,-5.690000,0.000000,0.000000,20.000000,-5.400000,0.000000
625.302979,0.000000,0.000000,-5.600000,0.000000,0.000000,20.000000,-5.400000,0.000000
625.307983,0.000000,0.000000,-5.540000,0.000000,0.000000,20.000000,-5.400000,0.000000
625.312988,0.000000,0.000000,-5.480000,0.000000,0.000000,20.000000,-5.400000,0.000000
625.317993,0.000000,0.000000,-5.480000,0.000000,0.000000,20.000000,-5.400000,0.000000
625.322998,0.000000,0.000000,-5.500000,0.000000,0.000000,20.000000,-5.400000,0.000000
625.328003,0.000000,0.000000,-5.540000,0.000000,0.000000,20.000000,-5.400000,0.000000
625.333008,0.000000,0.000000,-5.610000,0.000000,0.000000,20.000000,-5.400000,0.000000
625.338013,0.000000,0.000000,-5.690000,0.000000,0.000000,20.000000,-5.400000,0.000000
625.343018,0.000000,0.000000,-5.790000,0.000000,0.000000,20.000000,-5.400000,0.000000
625.348022,0.000000,0.000000,-5.890000,0.000000,0.000000,20.000000,-5.400000,0.000000
625.353027,0.000000,0.000000,-6.000000,0.000000,0.000000,20.000000,-5.400000,0.000000
625.357971,0.000000,0.000000,-6.110000,0.000000,0.000000,20.000000,-5.400000,0.000000
625.362976,0.000000,0.000000,-6.210000,0.000000,0.000000,20.000000,-5.400000,0.000000
625.367981,0.000000,0.000000,-6.300000,0.000000,0.000000,20.000000,-5.400000,0.000000
625.372986,0.000000,0.000000,-6.400000,0.000000,0.000000,20.000000,-5.400000,0.000000
625.377991,0.000000,0.000000,-6.480000,0.000000,0.000000,20.000000,-5.400000,0.000000
625.382996,0.000000,0.000000,-6.540000,0.000000,0.000000,20.000000,-5.400000,0.000000
625.388000,0.000000,0.000000,-6.610000,0.000000,0.000000,20.000000,-5.400000,0.000000
625.393005,0.000000,0.000000,-6.660000,0.000000,0.000000,20.000000,-5.400000,0.000000
625.398010,0.000000,0.000000,-6.700000,0.000000,0.000000,20.000000,-5.400000,0.000000
625.403015,0.000000,0.000000,-6.730000,0.000000,0.000000,20.000000,-5.400000,0.000000
625.408020,0.000000,0.000000,-6.750000,0.000000,0.000000,20.000000,-5.400000,0.000000
625.413025,0.000000,0.000000,-6.750000,0.000000,0.000000,20.000000,-5.400000,0.000000
625.418030,0.000000,0.000000,-6.740000,0.000000,0.000000,20.000000,-5.400000,0.000000
625.422974,0.000000,0.000000,-6.710000,0.000000,0.000000,20.000000,-5.400000,0.000000
625.427979,0.000000,0.000000,-6.680000,0.000000,0.000000,20.000000,-5.400000,0.000000
625.432983,0.000000,0.000000,-6.650000,0.000000,0.000000,20.000000,-5.400000,0.000000
625.437988,0.000000,0.000000,-6.610000,0.000000,0.000000,20.000000,-5.400000,0.000000
625.442993,0.000000,0.000000,-6.580000,0.000000,0.000000,20.000000,-5.400000,0.000000
625.447998,0.000000,0.000000,-6.560000,0.000000,0.000000,20.000000,-5.400000,0.000000
625.453003,0.000000,0.000000,-6.550000,0.000000,0.000000,20.000000,-5.400000,0.000000
625.458008,0.000000,0.000000,-6.550000,0.000000,0.000000,20.000000,-5.400000,0.000000
625.463013,0.000000,0.000000,-6.560000,0.000000,0.000000,20.000000,-5.400000,0.000000
625.468018,0.000000,0.000000,-6.580000,0.000000,0.000000,20.000000,-5.400000,0.000000
625.473022,0.000000,0.000000,-6.610000,0.000000,0.000000,20.000000,-5.400000,0.000000
625.478027,0.000000,0.000000,-6.640000,0.000000,0.000000,20.000000,-5.400000,0.000000
625.482971,0.000000,0.000000,-6.680000,0.000000,0.000000,20.000000,-5.400000,0.000000
625.487976,0.000000,0.000000,-6.740000,0.000000,0.000000,20.000000,-5.400000,0.000000
625.492981,0.000000,0.000000,-6.800000,0.000000,0.000000,20.000000,-5.400000,0.000000
625.497986,0.000000,0.000000,-6.880000,0.000000,0.000000,20.000000,-5.400000,0.000000
625.502991,0.000000,0.000000,-6.960000,0.000000,0.000000,20.000000,-5.400000,0.000000
625.507996,0.000000,0.000000,-7.060000,0.000000,0.000000,20.000000,-5.400000,0.000000
625.513000,0.000000,0.000000,-7.150000,0.000000,0.000000,20.000000,-5.400000,0.000000
625.518005,0.000000,0.000000,-7.240000,0.000000,0.000000,20.000000,-5.400000,0.000000
625.523010,0.000000,0.000000,-7.330000,0.000000,0.000000,20.000000,-5.400000,0.000000
625.528015,0.000000,0.000000,-7.410000,0.000000,0.000000,20.000000,-5.400000,0.000000
625.533020,0.000000,0.000000,-7.500000,0.000000,0.000000,20.000000,-5.400000,0.000000
625.538025,0.000000,0.000000,-7.580000,0.000000,0.000000,20.000000,-5.400000,0.000000
625.543030,0.000000,0.000000,-7.660000,0.000000,0.000000,20.000000,-5.400000,0.000000
625.547974,0.000000,0.000000,-7.740000,0.000000,0.000000,20.000000,-5.400000,0.000000
625.552979,0.000000,0.000000,-7.820000,0.000000,0.000000,20.000000,-5.400000,0.000000
625.557983,0.000000,0.000000,-7.890000,0.000000,0.000000,20.000000,-5.400000,0.000000
625.562988,0.000000,0.000000,-7.960000,0.000000,0.000000,20.000000,-5.400000,0.000000
625.567993,0.000000,0.000000,-8.020000,0.000000,0.000000,20.000000,-5.400000,0.000000
625.572998,0.000000,0.000000,-8.070000,0.000000,0.000000,20.000000,-5.400000,0.000000
625.578003,0.000000,0.000000,-8.090000,0.000000,0.000000,20.000000,-5.400000,0.000000
625.583008,0.000000,0.000000,-8.110000,0.000000,0.000000,20.000000,-5.400000,0.000000
625.588013,0.000000,0.000000,-8.110000,0.000000,0.000000,20.000000,-5.400000,0.000000
625.593018,0.000000,0.000000,-8.110000,0.000000,0.000000,20.000000,-5.400000,0.000000
625.598022,0.000000,0.000000,-8.100000,0.000000,0.000000,20.000000,-5.400000,0.000000
625.603027,0.000000,0.000000,-8.090000,0.000000,0.000000,20.000000,-5.400000,0.000000
625.607971,0.000000,0.000000,-8.090000,0.000000,0.000000,20.000000,-5.400000,0.000000
625.612976,0.000000,0.000000,-8.090000,0.000000,0.000000,20.000000,-5.400000,0.000000
625.617981,0.000000,0.000000,-8.090000,0.000000,0.000000,20.000000,-5.400000,0.000000
625.622986,0.000000,0.000000,-8.080000,0.000000,0.000000,20.000000,-5.400000,0.000000
625.627991,0.000000,0.000000,-8.070000,0.000000,0.000000,20.000000,-5.400000,0.000000
625.632996,0.000000,0.000000,-8.060000,0.000000,0.000000,20.000000,-5.400000,0.000000
625.638000,0.000000,0.000000,-8.040000,0.000000,0.000000,20.000000,-5.400000,0.000000
625.643005,0.000000,0.000000,-8.030000,0.000000,0.000000,20.000000,-5.400000,0.000000
625.648010,0.000000,0.000000,-8.020000,0.000000,0.000000,20.000000,-5.400000,0.000000
625.653015,0.000000,0.000000,-8.030000,0.000000,0.000000,20.000000,-5.400000,0.000000
625.658020,0.000000,0.000000,-8.050000,0.000000,0.000000,20.000000,-5.400000,0.000000
625.663025,0.000000,0.000000,-8.080000,0.000000,0.000000,20.000000,-5.400000,0.000000
625.668030,0.000000,0.000000,-8.130000,0.000000,0.000000,20.000000,-5.400000,0.000000
625.672974,0.000000,0.000000,-8.210000,0.000000,0.000000,20.000000,-5.400000,0.000000
625.677979,0.000000,0.000000,-8.310000,0.000000,0.000000,20.000000,-5.400000,0.000000
625.682983,0.000000,0.000000,-8.430000,0.000000,0.000000,20.000000,-5.400000,0.000000
625.687988,0.000000,0.000000,-8.570000,0.000000,0.000000,20.000000,-5.400000,0.000000
625.692993,0.000000,0.000000,-8.730000,0.000000,0.000000,20.000000,-5.400000,0.000000
625.697998,0.000000,0.000000,-8.910000,0.000000,0.000000,20.000000,-5.400000,0.000000
625.703003,0.000000,0.000000,-9.110000,0.000000,0.000000,20.000000,-5.400000,0.000000
625.708008,0.000000,0.000000,-9.310000,0.000000,0.000000,20.000000,-5.400000,0.000000
625.713013,0.000000,0.000000,-9.530000,0.000000,0.000000,20.000000,-5.400000,0.000000
625.718018,0.000000,0.000000,-9.760000,0.000000,0.000000,20.000000,-5.400000,0.000000
625.723022,0.000000,0.000000,-9.980000,0.000000,0.000000,20.000000,-5.400000,0.000000
625.728027,0.000000,0.000000,-10.200000,0.000000,0.000000,20.000000,-5.400000,0.000000
625.732971,0.000000,0.000000,-10.410000,0.000000,0.000000,20.000000,-5.400000,0.000000
625.737976,0.000000,0.000000,-10.590000,0.000000,0.000000,20.000000,-5.400000,0.000000
625.742981,0.000000,0.000000,-10.760000,0.000000,0.000000,20.000000,-5.400000,0.000000
625.747986,0.000000,0.000000,-10.910000,0.000000,0.000000,20.000000,-5.400000,0.000000
625.752991,0.000000,0.000000,-11.040000,0.000000,0.000000,20.000000,-5.400000,0.000000
625.757996,0.000000,0.000000,-11.150000,0.000000,0.000000,20.000000,-5.400000,0.000000
625.763000,0.000000,0.000000,-11.240000,0.000000,0.000000,20.000000,-5.400000,0.000000
625.768005,0.000000,0.000000,-11.310000,0.000000,0.000000,20.000000,-5.400000,0.000000
625.773010,0.000000,0.000000,-11.360000,0.000000,0.000000,20.000000,-5.400000,0.000000
625.778015,0.000000,0.000000,-11.390000,0.000000,0.000000,20.000000,-5.400000,0.000000
625.783020,0.000000,0.000000,-11.400000,0.000000,0.000000,20.000000,-5.400000,0.000000
625.788025,0.000000,0.000000,-11.400000,0.000000,0.000000,20.000000,-5.400000,0.000000
625.793030,0.000000,0.000000,-11.380000,0.000000,0.000000,20.000000,-5.400000,0.000000
625.797974,0.000000,0.000000,-11.370000,0.000000,0.000000,20.000000,-5.400000,0.000000
625.802979,0.000000,0.000000,-11.370000,0.000000,0.000000,20.000000,-5.400000,0.000000
625.807983,0.000000,0.000000,-11.370000,0.000000,0.000000,20.000000,-5.400000,0.000000
625.812988,0.000000,0.000000,-11.390000,0.000000,0.000000,20.000000,-5.400000,0.000000
625.817993,0.000000,0.000000,-11.420000,0.000000,0.000000,20.000000,-5.400000,0.000000
625.822998,0.000000,0.000000,-11.450000,0.000000,0.000000,20.000000,-5.400000,0.000000
625.828003,0.000000,0.000000,-11.480000,0.000000,0.000000,20.000000,-5.400000,0.000000
625.833008,0.000000,0.000000,-11.500000,0.000000,0.000000,20.000000,-5.400000,0.000000
625.838013,0.000000,0.000000,-11.490000,0.000000,0.000000,20.000000,-5.400000,0.000000
625.843018,0.000000,0.000000,-11.450000,0.000000,0.000000,20.000000,-5.400000,0.000000
625.848022,0.000000,0.000000,-11.380000,0.000000,0.000000,20.000000,-5.400000,0.000000
625.853027,0.000000,0.000000,-11.270000,0.000000,0.000000,20.000000,-5.400000,0.000000
625.857971,0.000000,0.000000,-11.120000,0.000000,0.000000,20.000000,-5.400000,0.000000
625.862976,0.000000,0.000000,-10.920000,0.000000,0.000000,20.000000,-5.400000,0.000000
625.867981,0.000000,0.000000,-10.700000,0.000000,0.000000,20.000000,-5.400000,0.000000
625.872986,0.000000,0.000000,-10.450000,0.000000,0.000000,20.000000,-5.400000,0.000000
625.877991,0.000000,0.000000,-10.190000,0.000000,0.000000,20.000000,-5.400000,0.000000
625.882996,0.000000,0.000000,-9.930000,0.000000,0.000000,20.000000,-5.400000,0.000000
625.888000,0.000000,0.000000,-9.670000,0.000000,0.000000,20.000000,-5.400000,0.000000
625.893005,0.000000,0.000000,-9.420000,0.000000,0.000000,20.000000,-5.400000,0.000000
625.898010,0.000000,0.000000,-9.210000,0.000000,0.000000,20.000000,-5.400000,0.000000
625.903015,0.000000,0.000000,-9.030000,0.000000,0.000000,20.000000,-5.400000,0.000000
625.908020,0.000000,0.000000,-8.900000,0.000000,0.000000,20.000000,-5.400000,0.000000
625.913025,0.000000,0.000000,-8.830000,0.000000,0.000000,20.000000,-5.400000,0.000000
625.918030,0.000000,0.000000,-8.820000,0.000000,0.000000,20.000000,-5.400000,0.000000
625.922974,0.000000,0.000000,-8.870000,0.000000,0.000000,20.000000,-5.400000,0.000000
625.927979,0.000000,0.000000,-8.980000,0.000000,0.000000,20.000000,-5.400000,0.000000
625.932983,0.000000,0.000000,-9.140000,0.000000,0.000000,20.000000,-5.400000,0.000000
625.937988,0.000000,0.000000,-9.350000,0.000000,0.000000,20.000000,-5.400000,0.000000
625.942993,0.000000,0.000000,-9.570000,0.000000,0.000000,20.000000,-5.400000,0.000000
625.947998,0.000000,0.000000,-9.810000,0.000000,0.000000,20.000000,-5.400000,0.000000
625.953003,0.000000,0.000000,-10.040000,0.000000,0.000000,20.000000,-5.400000,0.000000
625.958008,0.000000,0.000000,-10.240000,0.000000,0.000000,20.000000,-5.400000,0.000000
625.963013,0.000000,0.000000,-10.400000,0.000000,0.000000,20.000000,-5.400000,0.000000
625.968018,0.000000,0.000000,-10.500000,0.000000,0.000000,20.000000,-5.400000,0.000000
625.973022,0.000000,0.000000,-10.540000,0.000000,0.000000,20.000000,-5.400000,0.000000
625.978027,0.000000,0.000000,-10.510000,0.000000,0.000000,20.000000,-5.400000,0.000000
625.982971,0.000000,0.000000,-10.410000,0.000000,0.000000,20.000000,-5.400000,0.000000
625.987976,0.000000,0.000000,-10.250000,0.000000,0.000000,20.000000,-5.400000,0.000000
625.992981,0.000000,0.000000,-10.040000,0.000000,0.000000,20.000000,-5.400000,0.000000
625.997986,0.000000,0.000000,-9.790000,0.000000,0.000000,20.000000,-5.400000,0.000000
626.002991,0.000000,0.000000,-9.530000,0.000000,0.000000,20.000000,-5.400000,0.000000
626.007996,0.000000,0.000000,-9.250000,0.000000,0.000000,20.000000,-5.400000,0.000000
626.013000,0.000000,0.000000,-8.970000,0.000000,0.000000,20.000000,-5.400000,0.000000
626.018005,0.000000,0.000000,-8.700000,0.000000,0.000000,20.000000,-5.400000,0.000000
626.023010,0.000000,0.000000,-8.430000,0.000000,0.000000,20.000000,-5.400000,0.000000
626.028015,0.000000,0.000000,-8.200000,0.000000,0.000000,20.000000,-5.400000,0.000000
626.033020,0.000000,0.000000,-8.000000,0.000000,0.000000,20.000000,-5.400000,0.000000
626.038025,0.000000,0.000000,-7.810000,0.000000,0.000000,20.000000,-5.400000,0.000000
626.043030,0.000000,0.000000,-7.640000,0.000000,0.000000,20.000000,-5.400000,0.000000
626.047974,0.000000,0.000000,-7.470000,0.000000,0.000000,20.000000,-5.400000,0.000000
626.052979,0.000000,0.000000,-7.300000,0.000000,0.000000,20.000000,-5.400000,0.000000
626.057983,0.000000,0.000000,-7.150000,0.000000,0.000000,20.000000,-5.400000,0.000000
626.062988,0.000000,0.000000,-7.010000,0.000000,0.000000,20.000000,-5.400000,0.000000
626.067993,0.000000,0.000000,-6.890000,0.000000,0.000000,20.000000,-5.400000,0.000000
626.072998,0.000000,0.000000,-6.780000,0.000000,0.000000,20.000000,-5.400000,0.000000
626.078003,0.000000,0.000000,-6.680000,0.000000,0.000000,20.000000,-5.400000,0.000000
626.083008,0.000000,0.000000,-6.610000,0.000000,0.000000,20.000000,-5.400000,0.000000
626.088013,0.000000,0.000000,-6.560000,0.000000,0.000000,20.000000,-5.400000,0.000000
626.093018,0.000000,0.000000,-6.450000,0.000000,0.000000,20.000000,-5.400000,0.000000
626.098022,0.000000,0.000000,-6.420000,0.000000,0.000000,20.000000,-5.400000,0.000000
626.103027,0.000000,0.000000,-6.420000,0.000000,0.000000,20.000000,-5.400000,0.000000
626.107971,0.000000,0.000000,-6.400000,0.000000,0.000000,20.000000,-5.400000,0.000000
626.112976,0.000000,0.000000,-6.460000,0.000000,0.000000,20.000000,-5.400000,0.000000
626.117981,0.000000,0.000000,-6.510000,0.000000,0.000000,20.000000,-5.400000,0.000000
626.122986,0.000000,0.000000,-6.610000,0.000000,0.000000,20.000000,-5.400000,0.000000
626.127991,0.000000,0.000000,-6.740000,0.000000,0.000000,20.000000,-5.400000,0.000000
626.132996,0.000000,0.000000,-6.900000,0.000000,0.000000,20.000000,-5.400000,0.000000
626.138000,0.000000,0.000000,-7.090000,0.000000,0.000000,20.000000,-5.400000,0.000000
626.143005,0.000000,0.000000,-7.320000,0.000000,0.000000,20.000000,-5.400000,0.000000
626.148010,0.000000,0.000000,-7.570000,0.000000,0.000000,20.000000,-5.400000,0.000000
626.153015,0.000000,0.000000,-7.860000,0.000000,0.000000,20.000000,-5.400000,0.000000
626.158020,0.000000,0.000000,-8.160000,0.000000,0.000000,20.000000,-5.400000,0.000000
626.163025,0.000000,0.000000,-8.480000,0.000000,0.000000,20.000000,-5.400000,0.000000
626.168030,0.000000,0.000000,-8.820000,0.000000,0.000000,20.000000,-5.400000,0.000000
626.172974,0.000000,0.000000,-9.180000,0.000000,0.000000,20.000000,-5.400000,0.000000
626.177979,0.000000,0.000000,-9.540000,0.000000,0.000000,20.000000,-5.400000,0.000000
626.182983,0.000000,0.000000,-9.950000,0.000000,0.000000,20.000000,-5.400000,0.000000
626.187988,0.000000,0.000000,-10.400000,0.000000,0.000000,20.000000,-5.400000,0.000000
626.192993,0.000000,0.000000,-10.890000,0.000000,0.000000,20.000000,-5.400000,0.000000
626.197998,0.000000,0.000000,-11.400000,0.000000,0.000000,20.000000,-5.400000,0.000000
626.203003,0.000000,0.000000,-11.900000,0.000000,0.000000,20.000000,-5.400000,0.000000
626.208008,0.000000,0.000000,-12.390000,0.000000,0.000000,20.000000,-5.400000,0.000000
626.213013,0.000000,0.000000,-12.840000,0.000000,0.000000,20.000000,-5.400000,0.000000
626.218018,0.000000,0.000000,-13.230000,0.000000,0.000000,20.000000,-5.400000,0.000000
626.223022,0.000000,0.000000,-13.570000,0.000000,0.000000,20.000000,-5.400000,0.000000
626.228027,0.000000,0.000000,-13.830000,0.000000,0.000000,20.000000,-5.400000,0.000000
626.232971,0.000000,0.000000,-14.040000,0.000000,0.000000,20.000000,-5.400000,0.000000
626.237976,0.000000,0.000000,-14.190000,0.000000,0.000000,20.000000,-5.400000,0.000000
626.242981,0.000000,0.000000,-14.310000,0.000000,0.000000,20.000000,-5.400000,0.000000
626.247986,0.000000,0.000000,-14.390000,0.000000,0.000000,20.000000,-5.400000,0.000000
626.252991,0.000000,0.000000,-14.430000,0.000000,0.000000,20.000000,-5.400000,0.000000
626.257996,0.000000,0.000000,-14.440000,0.000000,0.000000,20.000000,-5.400000,0.000000
626.263000,0.000000,0.000000,-14.430000,0.000000,0.000000,20.000000,-5.400000,0.000000
626.268005,0.000000,0.000000,-14.390000,0.000000,0.000000,20.000000,-5.400000,0.000000
626.273010,0.000000,0.000000,-14.330000,0.000000,0.000000,20.000000,-5.400000,0.000000
626.278015,0.000000,0.000000,-14.250000,0.000000,0.000000,20.000000,-5.400000,0.000000
626.283020,0.000000,0.000000,-14.160000,0.000000,0.000000,20.000000,-5.400000,0.000000
626.288025,0.000000,0.000000,-14.050000,0.000000,0.000000,20.000000,-5.400000,0.000000
626.293030,0.000000,0.000000,-13.950000,0.000000,0.000000,20.000000,-5.400000,0.000000
626.297974,0.000000,0.000000,-13.870000,0.000000,0.000000,20.000000,-5.400000,0.000000
626.302979,0.000000,0.000000,-13.810000,0.000000,0.000000,20.000000,-5.400000,0.000000
626.307983,0.000000,0.000000,-13.770000,0.000000,0.000000,20.000000,-5.400000,0.000000
626.312988,0.000000,0.000000,-13.770000,0.000000,0.000000,20.000000,-5.400000,0.000000
626.317993,0.000000,0.000000,-13.800000,0.000000,0.000000,20.000000,-5.400000,0.000000
626.322998,0.000000,0.000000,-13.860000,0.000000,0.000000,20.000000,-5.400000,0.000000
626.328003,0.000000,0.000000,-13.960000,0.000000,0.000000,20.000000,-5.400000,0.000000
626.333008,0.000000,0.000000,-14.100000,0.000000,0.000000,20.000000,-5.400000,0.000000
626.338013,0.000000,0.000000,-14.280000,0.000000,0.000000,20.000000,-5.400000,0.000000
626.343018,0.000000,0.000000,-14.500000,0.000000,0.000000,20.000000,-5.400000,0.000000
626.348022,0.000000,0.000000,-14.770000,0.000000,0.000000,20.000000,-5.400000,0.000000
626.353027,0.000000,0.000000,-15.100000,0.000000,0.000000,20.000000,-5.400000,0.000000
626.357971,0.000000,0.000000,-15.510000,0.000000,0.000000,20.000000,-5.400000,0.000000
626.362976,0.000000,0.000000,-15.980000,0.000000,0.000000,20.000000,-5.400000,0.000000
626.367981,0.000000,0.000000,-16.540001,0.000000,0.000000,20.000000,-5.400000,0.000000
626.372986,0.000000,0.000000,-17.120001,0.000000,0.000000,20.000000,-5.400000,0.000000
626.377991,0.000000,0.000000,-17.709999,0.000000,0.000000,20.000000,-5.400000,0.000000
626.382996,0.000000,0.000000,-18.280001,0.000000,0.000000,20.000000,-5.400000,0.000000
626.388000,0.000000,0.000000,-18.830000,0.000000,0.000000,20.000000,-5.400000,0.000000
626.393005,0.000000,0.000000,-19.330000,0.000000,0.000000,20.000000,-5.400000,0.000000
626.398010,0.000000,0.000000,-19.780001,0.000000,0.000000,20.000000,-5.400000,0.000000
626.403015,0.000000,0.000000,-20.190001,0.000000,0.000000,20.000000,-5.400000,0.000000
626.408020,0.000000,0.000000,-20.580000,0.000000,0.000000,20.000000,-5.400000,0.000000
626.413025,0.000000,0.000000,-20.950001,0.000000,0.000000,20.000000,-5.400000,0.000000
626.418030,0.000000,0.000000,-21.320000,0.000000,0.000000,20.000000,-5.400000,0.000000
626.422974,0.000000,0.000000,-21.690001,0.000000,0.000000,20.000000,-5.400000,0.000000
626.427979,0.000000,0.000000,-22.070000,0.000000,0.000000,20.000000,-5.400000,0.000000
626.432983,0.000000,0.000000,-22.420000,0.000000,0.000000,20.000000,-5.400000,0.000000
626.437988,0.000000,0.000000,-22.750000,0.000000,0.000000,20.000000,-5.400000,0.000000
626.442993,0.000000,0.000000,-23.020000,0.000000,0.000000,20.000000,-5.400000,0.000000
626.447998,0.000000,0.000000,-23.209999,0.000000,0.000000,20.000000,-5.400000,0.000000
626.453003,0.000000,0.000000,-23.270000,0.000000,0.000000,20.000000,-5.400000,0.000000
626.458008,0.000000,0.000000,-23.219999,0.000000,0.000000,20.000000,-5.400000,0.000000
626.463013,0.000000,0.000000,-23.020000,0.000000,0.000000,20.000000,-5.400000,0.000000
626.468018,0.000000,0.000000,-22.700001,0.000000,0.000000,20.000000,-5.400000,0.000000
626.473022,0.000000,0.000000,-22.240000,0.000000,0.000000,20.000000,-5.400000,0.000000
626.478027,0.000000,0.000000,-21.690001,0.000000,0.000000,20.000000,-5.400000,0.000000
626.482971,0.000000,0.000000,-21.040001,0.000000,0.000000,20.000000,-5.400000,0.000000
626.487976,0.000000,0.000000,-20.340000,0.000000,0.000000,20.000000,-5.400000,0.000000
626.492981,0.000000,0.000000,-19.600000,0.000000,0.000000,20.000000,-5.400000,0.000000
626.497986,0.000000,0.000000,-18.850000,0.000000,0.000000,20.000000,-5.400000,0.000000
626.502991,0.000000,0.000000,-18.100000,0.000000,0.000000,20.000000,-5.400000,0.000000
626.507996,0.000000,0.000000,-17.360001,0.000000,0.000000,20.000000,-5.400000,0.000000
626.513000,0.000000,0.000000,-16.650000,0.000000,0.000000,20.000000,-5.400000,0.000000
626.518005,0.000000,0.000000,-15.990000,0.000000,0.000000,20.000000,-5.400000,0.000000
626.523010,0.000000,0.000000,-15.400000,0.000000,0.000000,20.000000,-5.400000,0.000000
626.528015,0.000000,0.000000,-14.800000,0.000000,0.000000,20.000000,-5.400000,0.000000
626.533020,0.000000,0.000000,-14.280000,0.000000,0.000000,20.000000,-5.400000,0.000000
626.538025,0.000000,0.000000,-13.770000,0.000000,0.000000,20.000000,-5.400000,0.000000
626.543030,0.000000,0.000000,-13.320000,0.000000,0.000000,20.000000,-5.400000,0.000000
626.547974,0.000000,0.000000,-12.910000,0.000000,0.000000,20.000000,-5.400000,0.000000
626.552979,0.000000,0.000000,-12.580000,0.000000,0.000000,20.000000,-5.400000,0.000000
626.557983,0.000000,0.000000,-12.250000,0.000000,0.000000,20.000000,-5.400000,0.000000
626.562988,0.000000,0.000000,-12.000000,0.000000,0.000000,20.000000,-5.400000,0.000000
626.567993,0.000000,0.000000,-11.780000,0.000000,0.000000,20.000000,-5.400000,0.000000
626.572998,0.000000,0.000000,-11.610000,0.000000,0.000000,20.000000,-5.400000,0.000000
626.578003,0.000000,0.000000,-11.490000,0.000000,0.000000,20.000000,-5.400000,0.000000
626.583008,0.000000,0.000000,-11.420000,0.000000,0.000000,20.000000,-5.400000,0.000000
626.588013,0.000000,0.000000,-11.400000,0.000000,0.000000,20.000000,-5.400000,0.000000
626.593018,0.000000,0.000000,-11.470000,0.000000,0.000000,20.000000,-5.400000,0.000000
626.598022,0.000000,0.000000,-11.650000,0.000000,0.000000,20.000000,-5.400000,0.000000
626.603027,0.000000,0.000000,-11.880000,0.000000,0.000000,20.000000,-5.400000,0.000000
626.607971,0.000000,0.000000,-12.160000,0.000000,0.000000,20.000000,-5.400000,0.000000
626.612976,0.000000,0.000000,-12.450000,0.000000,0.000000,20.000000,-5.400000,0.000000
626.617981,0.000000,0.000000,-12.720000,0.000000,0.000000,20.000000,-5.400000,0.000000
626.622986,0.000000,0.000000,-12.940000,0.000000,0.000000,20.000000,-5.400000,0.000000
626.627991,0.000000,0.000000,-13.120000,0.000000,0.000000,20.000000,-5.400000,0.000000
626.632996,0.000000,0.000000,-13.250000,0.000000,0.000000,20.000000,-5.400000,0.000000
626.638000,0.000000,0.000000,-13.360000,0.000000,0.000000,20.000000,-5.400000,0.000000
626.643005,0.000000,0.000000,-13.460000,0.000000,0.000000,20.000000,-5.400000,0.000000
626.648010,0.000000,0.000000,-13.540000,0.000000,0.000000,20.000000,-5.400000,0.000000
626.653015,0.000000,0.000000,-13.620000,0.000000,0.000000,20.000000,-5.400000,0.000000
626.658020,0.000000,0.000000,-13.710000,0.000000,0.000000,20.000000,-5.400000,0.000000
626.663025,0.000000,0.000000,-13.790000,0.000000,0.000000,20.000000,-5.400000,0.000000
626.668030,0.000000,0.000000,-13.880000,0.000000,0.000000,20.000000,-5.400000,0.000000
626.672974,0.000000,0.000000,-13.970000,0.000000,0.000000,20.000000,-5.400000,0.000000
626.677979,0.000000,0.000000,-14.040000,0.000000,0.000000,20.000000,-5.400000,0.000000
626.682983,0.000000,0.000000,-14.090000,0.000000,0.000000,20.000000,-5.400000,0.000000
626.687988,0.000000,0.000000,-14.130000,0.000000,0.000000,20.000000,-5.400000,0.000000
626.692993,0.000000,0.000000,-14.150000,0.000000,0.000000,20.000000,-5.400000,0.000000
626.697998,0.000000,0.000000,-14.150000,0.000000,0.000000,20.000000,-5.400000,0.000000
626.703003,0.000000,0.000000,-14.120000,0.000000,0.000000,20.000000,-5.400000,0.000000
626.708008,0.000000,0.000000,-14.080000,0.000000,0.000000,20.000000,-5.400000,0.000000
626.713013,0.000000,0.000000,-14.040000,0.000000,0.000000,20.000000,-5.400000,0.000000
626.718018,0.000000,0.000000,-13.990000,0.000000,0.000000,20.000000,-5.400000,0.000000
626.723022,0.000000,0.000000,-13.930000,0.000000,0.000000,20.000000,-5.400000,0.000000
626.728027,0.000000,0.000000,-13.890000,0.000000,0.000000,20.000000,-5.400000,0.000000
626.732971,0.000000,0.000000,-13.860000,0.000000,0.000000,20.000000,-5.400000,0.000000
626.737976,0.000000,0.000000,-13.840000,0.000000,0.000000,20.000000,-5.400000,0.000000
626.742981,0.000000,0.000000,-13.830000,0.000000,0.000000,20.000000,-5.400000,0.000000
626.747986,0.000000,0.000000,-13.830000,0.000000,0.000000,20.000000,-5.400000,0.000000
626.752991,0.000000,0.000000,-13.850000,0.000000,0.000000,20.000000,-5.400000,0.000000
626.757996,0.000000,0.000000,-13.870000,0.000000,0.000000,20.000000,-5.400000,0.000000
626.763000,0.000000,0.000000,-13.890000,0.000000,0.000000,20.000000,-5.400000,0.000000
626.768005,0.000000,0.000000,-13.920000,0.000000,0.000000,20.000000,-5.400000,0.000000
626.773010,0.000000,0.000000,-13.970000,0.000000,0.000000,20.000000,-5.400000,0.000000
626.778015,0.000000,0.000000,-14.020000,0.000000,0.000000,20.000000,-5.400000,0.000000
626.783020,0.000000,0.000000,-14.070000,0.000000,0.000000,20.000000,-5.400000,0.000000
626.788025,0.000000,0.000000,-14.120000,0.000000,0.000000,20.000000,-5.400000,0.000000
626.793030,0.000000,0.000000,-14.180000,0.000000,0.000000,20.000000,-5.400000,0.000000
626.797974,0.000000,0.000000,-14.240000,0.000000,0.000000,20.000000,-5.400000,0.000000
626.802979,0.000000,0.000000,-14.320000,0.000000,0.000000,20.000000,-5.400000,0.000000
626.807983,0.000000,0.000000,-14.400000,0.000000,0.000000,20.000000,-5.400000,0.000000
626.812988,0.000000,0.000000,-14.500000,0.000000,0.000000,20.000000,-5.400000,0.000000
626.817993,0.000000,0.000000,-14.630000,0.000000,0.000000,20.000000,-5.400000,0.000000
626.822998,0.000000,0.000000,-14.800000,0.000000,0.000000,20.000000,-5.400000,0.000000
626.828003,0.000000,0.000000,-14.990000,0.000000,0.000000,20.000000,-5.400000,0.000000
626.833008,0.000000,0.000000,-15.230000,0.000000,0.000000,20.000000,-5.400000,0.000000
626.838013,0.000000,0.000000,-15.500000,0.000000,0.000000,20.000000,-5.400000,0.000000
626.843018,0.000000,0.000000,-15.810000,0.000000,0.000000,20.000000,-5.400000,0.000000
626.848022,0.000000,0.000000,-16.160000,0.000000,0.000000,20.000000,-5.400000,0.000000
626.853027,0.000000,0.000000,-16.549999,0.000000,0.000000,20.000000,-5.400000,0.000000
626.857971,0.000000,0.000000,-16.969999,0.000000,0.000000,20.000000,-5.400000,0.000000
626.862976,0.000000,0.000000,-17.420000,0.000000,0.000000,20.000000,-5.400000,0.000000
626.867981,0.000000,0.000000,-17.900000,0.000000,0.000000,20.000000,-5.400000,0.000000
626.872986,0.000000,0.000000,-18.389999,0.000000,0.000000,20.000000,-5.400000,0.000000
626.877991,0.000000,0.000000,-18.889999,0.000000,0.000000,20.000000,-5.400000,0.000000
626.882996,0.000000,0.000000,-19.379999,0.000000,0.000000,20.000000,-5.400000,0.000000
626.888000,0.000000,0.000000,-19.870001,0.000000,0.000000,20.000000,-5.400000,0.000000
626.893005,0.000000,0.000000,-20.350000,0.000000,0.000000,20.000000,-5.400000,0.000000
626.898010,0.000000,0.000000,-20.820000,0.000000,0.000000,20.000000,-5.400000,0.000000
626.903015,0.000000,0.000000,-21.260000,0.000000,0.000000,20.000000,-5.400000,0.000000
626.908020,0.000000,0.000000,-21.690001,0.000000,0.000000,20.000000,-5.400000,0.000000
626.913025,0.000000,0.000000,-22.080000,0.000000,0.000000,20.000000,-5.400000,0.000000
626.918030,0.000000,0.000000,-22.450001,0.000000,0.000000,20.000000,-5.400000,0.000000
626.922974,0.000000,0.000000,-22.780001,0.000000,0.000000,20.000000,-5.400000,0.000000
626.927979,0.000000,0.000000,-23.090000,0.000000,0.000000,20.000000,-5.400000,0.000000
626.932983,0.000000,0.000000,-23.370001,0.000000,0.000000,20.000000,-5.400000,0.000000
626.937988,0.000000,0.000000,-23.620001,0.000000,0.000000,20.000000,-5.400000,0.000000
626.942993,0.000000,0.000000,-23.840000,0.000000,0.000000,20.000000,-5.400000,0.000000
626.947998,0.000000,0.000000,-24.049999,0.000000,0.000000,20.000000,-5.400000,0.000000
626.953003,0.000000,0.000000,-24.240000,0.000000,0.000000,20.000000,-5.400000,0.000000
626.958008,0.000000,0.000000,-24.420000,0.000000,0.000000,20.000000,-5.400000,0.000000
626.963013,0.000000,0.000000,-24.580000,0.000000,0.000000,20.000000,-5.400000,0.000000
626.968018,0.000000,0.000000,-24.730000,0.000000,0.000000,20.000000,-5.400000,0.000000
626.973022,0.000000,0.000000,-24.879999,0.000000,0.000000,20.000000,-5.400000,0.000000
626.978027,0.000000,0.000000,-25.010000,0.000000,0.000000,20.000000,-5.400000,0.000000
626.982971,0.000000,0.000000,-25.129999,0.000000,0.000000,20.000000,-5.400000,0.000000
626.987976,0.000000,0.000000,-25.230000,0.000000,0.000000,20.000000,-5.400000,0.000000
626.992981,0.000000,0.000000,-25.309999,0.000000,0.000000,20.000000,-5.400000,0.000000
626.997986,0.000000,0.000000,-25.379999,0.000000,0.000000,20.000000,-5.400000,0.000000
627.002991,0.000000,0.000000,-25.420000,0.000000,0.000000,20.000000,-5.400000,0.000000
627.007996,0.000000,0.000000,-25.459999,0.000000,0.000000,20.000000,-5.400000,0.000000
627.013000,0.000000,0.000000,-25.480000,0.000000,0.000000,20.000000,-5.400000,0.000000
627.018005,0.000000,0.000000,-25.480000,0.000000,0.000000,20.000000,-5.400000,0.000000
627.023010,0.000000,0.000000,-25.459999,0.000000,0.000000,20.000000,-5.400000,0.000000
627.028015,0.000000,0.000000,-25.430000,0.000000,0.000000,20.000000,-5.400000,0.000000
627.033020,0.000000,0.000000,-25.370001,0.000000,0.000000,20.000000,-5.400000,0.000000
627.038025,0.000000,0.000000,-25.290001,0.000000,0.000000,20.000000,-5.400000,0.000000
627.043030,0.000000,0.000000,-25.170000,0.000000,0.000000,20.000000,-5.400000,0.000000
627.047974,0.000000,0.000000,-25.030001,0.000000,0.000000,20.000000,-5.400000,0.000000
627.052979,0.000000,0.000000,-24.860001,0.000000,0.000000,20.000000,-5.400000,0.000000
627.057983,0.000000,0.000000,-24.650000,0.000000,0.000000,20.000000,-5.400000,0.000000
627.062988,0.000000,0.000000,-24.420000,0.000000,0.000000,20.000000,-5.400000,0.000000
627.067993,0.000000,0.000000,-24.160000,0.000000,0.000000,20.000000,-5.400000,0.000000
627.072998,0.000000,0.000000,-23.860001,0.000000,0.000000,20.000000,-5.400000,0.000000
627.078003,0.000000,0.000000,-23.540001,0.000000,0.000000,20.000000,-5.400000,0.000000
627.083008,0.000000,0.000000,-23.170000,0.000000,0.000000,20.000000,-5.400000,0.000000
627.088013,0.000000,0.000000,-22.799999,0.000000,0.000000,20.000000,-5.400000,0.000000
627.093018,0.000000,0.000000,-22.389999,0.000000,0.000000,20.000000,-5.400000,0.000000
627.098022,0.000000,0.000000,-21.959999,0.000000,0.000000,20.000000,-5.400000,0.000000
627.103027,0.000000,0.000000,-21.500000,0.000000,0.000000,20.000000,-5.400000,0.000000
627.107971,0.000000,0.000000,-21.010000,0.000000,0.000000,20.000000,-5.400000,0.000000
627.112976,0.000000,0.000000,-20.500000,0.000000,0.000000,20.000000,-5.400000,0.000000
627.117981,0.000000,0.000000,-19.980000,0.000000,0.000000,20.000000,-5.400000,0.000000
627.122986,0.000000,0.000000,-19.450001,0.000000,0.000000,20.000000,-5.400000,0.000000
627.127991,0.000000,0.000000,-18.910000,0.000000,0.000000,20.000000,-5.400000,0.000000
627.132996,0.000000,0.000000,-18.379999,0.000000,0.000000,20.000000,-5.400000,0.000000
627.138000,0.000000,0.000000,-17.860001,0.000000,0.000000,20.000000,-5.400000,0.000000
627.143005,0.000000,0.000000,-17.350000,0.000000,0.000000,20.000000,-5.400000,0.000000
627.148010,0.000000,0.000000,-16.850000,0.000000,0.000000,20.000000,-5.400000,0.000000
627.153015,0.000000,0.000000,-16.370001,0.000000,0.000000,20.000000,-5.400000,0.000000
627.158020,0.000000,0.000000,-15.900000,0.000000,0.000000,20.000000,-5.400000,0.000000
627.163025,0.000000,0.000000,-15.450000,0.000000,0.000000,20.000000,-5.400000,0.000000
627.168030,0.000000,0.000000,-15.000000,0.000000,0.000000,20.000000,-5.400000,0.000000
627.172974,0.000000,0.000000,-14.580000,0.000000,0.000000,20.000000,-5.400000,0.000000
627.177979,0.000000,0.000000,-14.160000,0.000000,0.000000,20.000000,-5.400000,0.000000
627.182983,0.000000,0.000000,-13.770000,0.000000,0.000000,20.000000,-5.400000,0.000000
627.187988,0.000000,0.000000,-13.390000,0.000000,0.000000,20.000000,-5.400000,0.000000
627.192993,0.000000,0.000000,-13.020000,0.000000,0.000000,20.000000,-5.400000,0.000000
627.197998,0.000000,0.000000,-12.650000,0.000000,0.000000,20.000000,-5.400000,0.000000
627.203003,0.000000,0.000000,-12.320000,0.000000,0.000000,20.000000,-5.400000,0.000000
627.208008,0.000000,0.000000,-12.000000,0.000000,0.000000,20.000000,-5.400000,0.000000
627.213013,0.000000,0.000000,-11.710000,0.000000,0.000000,20.000000,-5.400000,0.000000
627.218018,0.000000,0.000000,-11.480000,0.000000,0.000000,20.000000,-5.400000,0.000000
627.223022,0.000000,0.000000,-11.300000,0.000000,0.000000,20.000000,-5.400000,0.000000
627.228027,0.000000,0.000000,-11.180000,0.000000,0.000000,20.000000,-5.400000,0.000000
627.232971,0.000000,0.000000,-11.120000,0.000000,0.000000,20.000000,-5.400000,0.000000
627.237976,0.000000,0.000000,-11.110000,0.000000,0.000000,20.000000,-5.400000,0.000000
627.242981,0.000000,0.000000,-11.130000,0.000000,0.000000,20.000000,-5.400000,0.000000
627.247986,0.000000,0.000000,-11.170000,0.000000,0.000000,20.000000,-5.400000,0.000000
627.252991,0.000000,0.000000,-11.200000,0.000000,0.000000,20.000000,-5.400000,0.000000
627.257996,0.000000,0.000000,-11.210000,0.000000,0.000000,20.000000,-5.400000,0.000000
627.263000,0.000000,0.000000,-11.160000,0.000000,0.000000,20.000000,-5.400000,0.000000
627.268005,0.000000,0.000000,-11.030000,0.000000,0.000000,20.000000,-5.400000,0.000000
627.273010,0.000000,0.000000,-10.820000,0.000000,0.000000,20.000000,-5.400000,0.000000
627.278015,0.000000,0.000000,-10.520000,0.000000,0.000000,20.000000,-5.400000,0.000000
627.283020,0.000000,0.000000,-10.160000,0.000000,0.000000,20.000000,-5.400000,0.000000
627.288025,0.000000,0.000000,-9.750000,0.000000,0.000000,20.000000,-5.400000,0.000000
627.293030,0.000000,0.000000,-9.310000,0.000000,0.000000,20.000000,-5.400000,0.000000
627.297974,0.000000,0.000000,-8.870000,0.000000,0.000000,20.000000,-5.400000,0.000000
627.302979,0.000000,0.000000,-8.440000,0.000000,0.000000,20.000000,-5.400000,0.000000
627.307983,0.000000,0.000000,-8.050000,0.000000,0.000000,20.000000,-5.400000,0.000000
627.312988,0.000000,0.000000,-7.680000,0.000000,0.000000,20.000000,-5.400000,0.000000
627.317993,0.000000,0.000000,-7.360000,0.000000,0.000000,20.000000,-5.400000,0.000000
627.322998,0.000000,0.000000,-7.080000,0.000000,0.000000,20.000000,-5.400000,0.000000
627.328003,0.000000,0.000000,-6.860000,0.000000,0.000000,20.000000,-5.400000,0.000000
627.333008,0.000000,0.000000,-6.680000,0.000000,0.000000,20.000000,-5.400000,0.000000
627.338013,0.000000,0.000000,-6.550000,0.000000,0.000000,20.000000,-5.400000,0.000000
627.343018,0.000000,0.000000,-6.450000,0.000000,0.000000,20.000000,-5.400000,0.000000
627.348022,0.000000,0.000000,-6.400000,0.000000,0.000000,20.000000,-5.400000,0.000000
627.353027,0.000000,0.000000,-6.380000,0.000000,0.000000,20.000000,-5.400000,0.000000
627.357971,0.000000,0.000000,-6.400000,0.000000,0.000000,20.000000,-5.400000,0.000000
627.362976,0.000000,0.000000,-6.470000,0.000000,0.000000,20.000000,-5.400000,0.000000
627.367981,0.000000,0.000000,-6.570000,0.000000,0.000000,20.000000,-5.400000,0.000000
627.372986,0.000000,0.000000,-6.710000,0.000000,0.000000,20.000000,-5.400000,0.000000
627.377991,0.000000,0.000000,-6.880000,0.000000,0.000000,20.000000,-5.400000,0.000000
627.382996,0.000000,0.000000,-7.080000,0.000000,0.000000,20.000000,-5.400000,0.000000
627.388000,0.000000,0.000000,-7.280000,0.000000,0.000000,20.000000,-5.400000,0.000000
627.393005,0.000000,0.000000,-7.470000,0.000000,0.000000,20.000000,-5.400000,0.000000
627.398010,0.000000,0.000000,-7.620000,0.000000,0.000000,20.000000,-5.400000,0.000000
627.403015,0.000000,0.000000,-7.720000,0.000000,0.000000,20.000000,-5.400000,0.000000
627.408020,0.000000,0.000000,-7.770000,0.000000,0.000000,20.000000,-5.400000,0.000000
627.413025,0.000000,0.000000,-7.770000,0.000000,0.000000,20.000000,-5.400000,0.000000
627.418030,0.000000,0.000000,-7.720000,0.000000,0.000000,20.000000,-5.400000,0.000000
627.422974,0.000000,0.000000,-7.640000,0.000000,0.000000,20.000000,-5.400000,0.000000
627.427979,0.000000,0.000000,-7.540000,0.000000,0.000000,20.000000,-5.400000,0.000000
627.432983,0.000000,0.000000,-7.420000,0.000000,0.000000,20.000000,-5.400000,0.000000
627.437988,0.000000,0.000000,-7.290000,0.000000,0.000000,20.000000,-5.400000,0.000000
627.442993,0.000000,0.000000,-7.160000,0.000000,0.000000,20.000000,-5.400000,0.000000
627.447998,0.000000,0.000000,-7.020000,0.000000,0.000000,20.000000,-5.400000,0.000000
627.453003,0.000000,0.000000,-6.870000,0.000000,0.000000,20.000000,-5.400000,0.000000
627.458008,0.000000,0.000000,-6.730000,0.000000,0.000000,20.000000,-5.400000,0.000000
627.463013,0.000000,0.000000,-6.560000,0.000000,0.000000,20.000000,-5.400000,0.000000
627.468018,0.000000,0.000000,-6.380000,0.000000,0.000000,20.000000,-5.400000,0.000000
627.473022,0.000000,0.000000,-6.160000,0.000000,0.000000,20.000000,-5.400000,0.000000
627.478027,0.000000,0.000000,-5.910000,0.000000,0.000000,20.000000,-5.400000,0.000000
627.482971,0.000000,0.000000,-5.610000,0.000000,0.000000,20.000000,-5.400000,0.000000
627.487976,0.000000,0.000000,-5.260000,0.000000,0.000000,20.000000,-5.400000,0.000000
627.492981,0.000000,0.000000,-4.860000,0.000000,0.000000,20.000000,-5.400000,0.000000
627.497986,0.000000,0.000000,-4.390000,0.000000,0.000000,20.000000,-5.400000,0.000000
627.502991,0.000000,0.000000,-3.880000,0.000000,0.000000,20.000000,-5.400000,0.000000
627.507996,0.000000,0.000000,-3.340000,0.000000,0.000000,20.000000,-5.400000,0.000000
627.513000,0.000000,0.000000,-2.750000,0.000000,0.000000,20.000000,-5.400000,0.000000
627.518005,0.000000,0.000000,-2.150000,0.000000,0.000000,20.000000,-5.400000,0.000000
627.523010,0.000000,0.000000,-1.530000,0.000000,0.000000,20.000000,-5.400000,0.000000
627.528015,0.000000,0.000000,-0.920000,0.000000,0.000000,20.000000,-5.400000,0.000000
627.533020,0.000000,0.000000,-0.290000,0.000000,0.000000,20.000000,-5.400000,0.000000
627.538025,0.000000,0.000000,0.320000,0.000000,0.000000,20.000000,-5.400000,0.000000
627.543030,0.000000,0.000000,0.940000,0.000000,0.000000,20.000000,-5.400000,0.000000
627.547974,0.000000,0.000000,1.550000,0.000000,0.000000,20.000000,-5.400000,0.000000
627.552979,0.000000,0.000000,2.180000,0.000000,0.000000,20.000000,-5.400000,0.000000
627.557983,0.000000,0.000000,2.790000,0.000000,0.000000,20.000000,-5.400000,0.000000
627.562988,0.000000,0.000000,3.320000,0.000000,0.000000,20.000000,-5.400000,0.000000
627.567993,0.000000,0.000000,3.890000,0.000000,0.000000,20.000000,-5.400000,0.000000
627.572998,0.000000,0.000000,4.340000,0.000000,0.000000,20.000000,-5.400000,0.000000
627.578003,0.000000,0.000000,4.800000,0.000000,0.000000,20.000000,-5.400000,0.000000
627.583008,0.000000,0.000000,5.180000,0.000000,0.000000,20.000000,-5.400000,0.000000
627.588013,0.000000,0.000000,5.560000,0.000000,0.000000,20.000000,-5.400000,0.000000
627.593018,0.000000,0.000000,5.880000,0.000000,0.000000,20.000000,-5.400000,0.000000
627.598022,0.000000,0.000000,6.160000,0.000000,0.000000,20.000000,-5.400000,0.000000
627.603027,0.000000,0.000000,6.370000,0.000000,0.000000,20.000000,-5.400000,0.000000
627.607971,0.000000,0.000000,6.520000,0.000000,0.000000,20.000000,-5.400000,0.000000
627.612976,0.000000,0.000000,6.630000,0.000000,0.000000,20.000000,-5.400000,0.000000
627.617981,0.000000,0.000000,6.680000,0.000000,0.000000,20.000000,-5.400000,0.000000
627.622986,0.000000,0.000000,6.690000,0.000000,0.000000,20.000000,-5.400000,0.000000
627.627991,0.000000,0.000000,6.650000,0.000000,0.000000,20.000000,-5.400000,0.000000
627.632996,0.000000,0.000000,6.570000,0.000000,0.000000,20.000000,-5.400000,0.000000
627.638000,0.000000,0.000000,6.450000,0.000000,0.000000,20.000000,-5.400000,0.000000
627.643005,0.000000,0.000000,6.300000,0.000000,0.000000,20.000000,-5.400000,0.000000
627.648010,0.000000,0.000000,6.130000,0.000000,0.000000,20.000000,-5.400000,0.000000
627.653015,0.000000,0.000000,5.940000,0.000000,0.000000,20.000000,-5.400000,0.000000
627.658020,0.000000,0.000000,5.730000,0.000000,0.000000,20.000000,-5.400000,0.000000
627.663025,0.000000,0.000000,5.530000,0.000000,0.000000,20.000000,-5.400000,0.000000
627.668030,0.000000,0.000000,5.310000,0.000000,0.000000,20.000000,-5.400000,0.000000
627.672974,0.000000,0.000000,5.120000,0.000000,0.000000,20.000000,-5.400000,0.000000
627.677979,0.000000,0.000000,4.930000,0.000000,0.000000,20.000000,-5.400000,0.000000
627.682983,0.000000,0.000000,4.760000,0.000000,0.000000,20.000000,-5.400000,0.000000
627.687988,0.000000,0.000000,4.580000,0.000000,0.000000,20.000000,-5.400000,0.000000
627.692993,0.000000,0.000000,4.400000,0.000000,0.000000,20.000000,-5.400000,0.000000
627.697998,0.000000,0.000000,4.230000,0.000000,0.000000,20.000000,-5.400000,0.000000
627.703003,0.000000,0.000000,4.060000,0.000000,0.000000,20.000000,-5.400000,0.000000
627.708008,0.000000,0.000000,3.920000,0.000000,0.000000,20.000000,-5.400000,0.000000
627.713013,0.000000,0.000000,3.800000,0.000000,0.000000,20.000000,-5.400000,0.000000
627.718018,0.000000,0.000000,3.700000,0.000000,0.000000,20.000000,-5.400000,0.000000
627.723022,0.000000,0.000000,3.610000,0.000000,0.000000,20.000000,-5.400000,0.000000
627.728027,0.000000,0.000000,3.550000,0.000000,0.000000,20.000000,-5.400000,0.000000
627.732971,0.000000,0.000000,3.510000,0.000000,0.000000,20.000000,-5.400000,0.000000
627.737976,0.000000,0.000000,3.510000,0.000000,0.000000,20.000000,-5.400000,0.000000
627.742981,0.000000,0.000000,3.540000,0.000000,0.000000,20.000000,-5.400000,0.000000
627.747986,0.000000,0.000000,3.600000,0.000000,0.000000,20.000000,-5.400000,0.000000
627.752991,0.000000,0.000000,3.720000,0.000000,0.000000,20.000000,-5.400000,0.000000
627.757996,0.000000,0.000000,3.850000,0.000000,0.000000,20.000000,-5.400000,0.000000
627.763000,0.000000,0.000000,4.000000,0.000000,0.000000,20.000000,-5.400000,0.000000
627.768005,0.000000,0.000000,4.180000,0.000000,0.000000,20.000000,-5.400000,0.000000
627.773010,0.000000,0.000000,4.380000,0.000000,0.000000,20.000000,-5.400000,0.000000
627.778015,0.000000,0.000000,4.620000,0.000000,0.000000,20.000000,-5.400000,0.000000
627.783020,0.000000,0.000000,4.870000,0.000000,0.000000,20.000000,-5.400000,0.000000
627.788025,0.000000,0.000000,5.170000,0.000000,0.000000,20.000000,-5.400000,0.000000
627.793030,0.000000,0.000000,5.480000,0.000000,0.000000,20.000000,-5.400000,0.000000
627.797974,0.000000,0.000000,5.800000,0.000000,0.000000,20.000000,-5.400000,0.000000
627.802979,0.000000,0.000000,6.140000,0.000000,0.000000,20.000000,-5.400000,0.000000
627.807983,0.000000,0.000000,6.510000,0.000000,0.000000,20.000000,-5.400000,0.000000
627.812988,0.000000,0.000000,6.860000,0.000000,0.000000,20.000000,-5.400000,0.000000
627.817993,0.000000,0.000000,7.190000,0.000000,0.000000,20.000000,-5.400000,0.000000
627.822998,0.000000,0.000000,7.510000,0.000000,0.000000,20.000000,-5.400000,0.000000
627.828003,0.000000,0.000000,7.810000,0.000000,0.000000,20.000000,-5.400000,0.000000
627.833008,0.000000,0.000000,8.090000,0.000000,0.000000,20.000000,-5.400000,0.000000
627.838013,0.000000,0.000000,8.340000,0.000000,0.000000,20.000000,-5.400000,0.000000
627.843018,0.000000,0.000000,8.560000,0.000000,0.000000,20.000000,-5.400000,0.000000
627.848022,0.000000,0.000000,8.750000,0.000000,0.000000,20.000000,-5.400000,0.000000
627.853027,0.000000,0.000000,8.920000,0.000000,0.000000,20.000000,-5.400000,0.000000
627.857971,0.000000,0.000000,9.050000,0.000000,0.000000,20.000000,-5.400000,0.000000
627.862976,0.000000,0.000000,9.160000,0.000000,0.000000,20.000000,-5.400000,0.000000
627.867981,0.000000,0.000000,9.260000,0.000000,0.000000,20.000000,-5.400000,0.000000
627.872986,0.000000,0.000000,9.310000,0.000000,0.000000,20.000000,-5.400000,0.000000
627.877991,0.000000,0.000000,9.360000,0.000000,0.000000,20.000000,-5.400000,0.000000
627.882996,0.000000,0.000000,9.380000,0.000000,0.000000,20.000000,-5.400000,0.000000
627.888000,0.000000,0.000000,9.390000,0.000000,0.000000,20.000000,-5.400000,0.000000
627.893005,0.000000,0.000000,9.380000,0.000000,0.000000,20.000000,-5.400000,0.000000
627.898010,0.000000,0.000000,9.360000,0.000000,0.000000,20.000000,-5.400000,0.000000
627.903015,0.000000,0.000000,9.340000,0.000000,0.000000,20.000000,-5.400000,0.000000
627.908020,0.000000,0.000000,9.300000,0.000000,0.000000,20.000000,-5.400000,0.000000
627.913025,0.000000,0.000000,9.300000,0.000000,0.000000,20.000000,-5.400000,0.000000
627.918030,0.000000,0.000000,9.270000,0.000000,0.000000,20.000000,-5.400000,0.000000
627.922974,0.000000,0.000000,9.230000,0.000000,0.000000,20.000000,-5.400000,0.000000
627.927979,0.000000,0.000000,9.180000,0.000000,0.000000,20.000000,-5.400000,0.000000
627.932983,0.000000,0.000000,9.130000,0.000000,0.000000,20.000000,-5.400000,0.000000
627.937988,0.000000,0.000000,9.070000,0.000000,0.000000,20.000000,-5.400000,0.000000
627.942993,0.000000,0.000000,9.020000,0.000000,0.000000,20.000000,-5.400000,0.000000
627.947998,0.000000,0.000000,8.970000,0.000000,0.000000,20.000000,-5.400000,0.000000
627.953003,0.000000,0.000000,8.920000,0.000000,0.000000,20.000000,-5.400000,0.000000
627.958008,0.000000,0.000000,8.880000,0.000000,0.000000,20.000000,-5.400000,0.000000
627.963013,0.000000,0.000000,8.840000,0.000000,0.000000,20.000000,-5.400000,0.000000
627.968018,0.000000,0.000000,8.810000,0.000000,0.000000,20.000000,-5.400000,0.000000
627.973022,0.000000,0.000000,8.790000,0.000000,0.000000,20.000000,-5.400000,0.000000
627.978027,0.000000,0.000000,8.780000,0.000000,0.000000,20.000000,-5.400000,0.000000
627.982971,0.000000,0.000000,8.770000,0.000000,0.000000,20.000000,-5.400000,0.000000
627.987976,0.000000,0.000000,8.760000,0.000000,0.000000,20.000000,-5.400000,0.000000
627.992981,0.000000,0.000000,8.780000,0.000000,0.000000,20.000000,-5.400000,0.000000
627.997986,0.000000,0.000000,8.800000,0.000000,0.000000,20.000000,-5.400000,0.000000
628.002991,0.000000,0.000000,8.810000,0.000000,0.000000,20.000000,-5.400000,0.000000
628.007996,0.000000,0.000000,8.830000,0.000000,0.000000,20.000000,-5.400000,0.000000
628.013000,0.000000,0.000000,8.870000,0.000000,0.000000,20.000000,-5.400000,0.000000
628.018005,0.000000,0.000000,8.910000,0.000000,0.000000,20.000000,-5.400000,0.000000
628.023010,0.000000,0.000000,8.920000,0.000000,0.000000,20.000000,-5.400000,0.000000
628.028015,0.000000,0.000000,8.910000,0.000000,0.000000,20.000000,-5.400000,0.000000
628.033020,0.000000,0.000000,8.910000,0.000000,0.000000,20.000000,-5.400000,0.000000
628.038025,0.000000,0.000000,8.900000,0.000000,0.000000,20.000000,-5.400000,0.000000
628.043030,0.000000,0.000000,8.910000,0.000000,0.000000,20.000000,-5.400000,0.000000
628.047974,0.000000,0.000000,8.920000,0.000000,0.000000,20.000000,-5.400000,0.000000
628.052979,0.000000,0.000000,8.930000,0.000000,0.000000,20.000000,-5.400000,0.000000
628.057983,0.000000,0.000000,8.940000,0.000000,0.000000,20.000000,-5.400000,0.000000
628.062988,0.000000,0.000000,8.950000,0.000000,0.000000,20.000000,-5.400000,0.000000
628.067993,0.000000,0.000000,8.960000,0.000000,0.000000,20.000000,-5.400000,0.000000
628.072998,0.000000,0.000000,8.960000,0.000000,0.000000,20.000000,-5.400000,0.000000
628.078003,0.000000,0.000000,8.960000,0.000000,0.000000,20.000000,-5.400000,0.000000
628.083008,0.000000,0.000000,8.940000,0.000000,0.000000,20.000000,-5.400000,0.000000
628.088013,0.000000,0.000000,8.900000,0.000000,0.000000,20.000000,-5.400000,0.000000
628.093018,0.000000,0.000000,8.840000,0.000000,0.000000,20.000000,-5.400000,0.000000
628.098022,0.000000,0.000000,8.750000,0.000000,0.000000,20.000000,-5.400000,0.000000
628.103027,0.000000,0.000000,8.640000,0.000000,0.000000,20.000000,-5.400000,0.000000
628.107971,0.000000,0.000000,8.500000,0.000000,0.000000,20.000000,-5.400000,0.000000
628.112976,0.000000,0.000000,8.350000,0.000000,0.000000,20.000000,-5.400000,0.000000
628.117981,0.000000,0.000000,8.170000,0.000000,0.000000,20.000000,-5.400000,0.000000
628.122986,0.000000,0.000000,7.990000,0.000000,0.000000,20.000000,-5.400000,0.000000
628.127991,0.000000,0.000000,7.780000,0.000000,0.000000,20.000000,-5.400000,0.000000
628.132996,0.000000,0.000000,7.520000,0.000000,0.000000,20.000000,-5.400000,0.000000
628.138000,0.000000,0.000000,7.260000,0.000000,0.000000,20.000000,-5.400000,0.000000
628.143005,0.000000,0.000000,6.850000,0.000000,0.000000,20.000000,-5.400000,0.000000
628.148010,0.000000,0.000000,6.540000,0.000000,0.000000,20.000000,-5.400000,0.000000
628.153015,0.000000,0.000000,6.160000,0.000000,0.000000,20.000000,-5.400000,0.000000
628.158020,0.000000,0.000000,5.620000,0.000000,0.000000,20.000000,-5.400000,0.000000
628.163025,0.000000,0.000000,5.060000,0.000000,0.000000,20.000000,-5.400000,0.000000
628.168030,0.000000,0.000000,4.580000,0.000000,0.000000,20.000000,-5.400000,0.000000
628.172974,0.000000,0.000000,4.150000,0.000000,0.000000,20.000000,-5.400000,0.000000
628.177979,0.000000,0.000000,3.770000,0.000000,0.000000,20.000000,-5.400000,0.000000
628.182983,0.000000,0.000000,3.530000,0.000000,0.000000,20.000000,-5.400000,0.000000
628.187988,0.000000,0.000000,3.500000,0.000000,0.000000,20.000000,-5.400000,0.000000
628.192993,0.000000,0.000000,3.430000,0.000000,0.000000,20.000000,-5.400000,0.000000
628.197998,0.000000,0.000000,3.390000,0.000000,0.000000,20.000000,-5.400000,0.000000
628.203003,0.000000,0.000000,3.380000,0.000000,0.000000,20.000000,-5.400000,0.000000
628.208008,0.000000,0.000000,3.360000,0.000000,0.000000,20.000000,-5.400000,0.000000
628.213013,0.000000,0.000000,3.370000,0.000000,0.000000,20.000000,-5.400000,0.000000
628.218018,0.000000,0.000000,3.410000,0.000000,0.000000,20.000000,-5.400000,0.000000
628.223022,0.000000,0.000000,3.440000,0.000000,0.000000,20.000000,-5.400000,0.000000
628.228027,0.000000,0.000000,3.480000,0.000000,0.000000,20.000000,-5.400000,0.000000
628.232971,0.000000,0.000000,3.570000,0.000000,0.000000,20.000000,-5.400000,0.000000
628.237976,0.000000,0.000000,3.620000,0.000000,0.000000,20.000000,-5.400000,0.000000
628.242981,0.000000,0.000000,3.700000,0.000000,0.000000,20.000000,-5.400000,0.000000
628.247986,0.000000,0.000000,3.810000,0.000000,0.000000,20.000000,-5.400000,0.000000
628.252991,0.000000,0.000000,3.910000,0.000000,0.000000,20.000000,-5.400000,0.000000
628.257996,0.000000,0.000000,4.000000,0.000000,0.000000,20.000000,-5.400000,0.000000
628.263000,0.000000,0.000000,4.120000,0.000000,0.000000,20.000000,-5.400000,0.000000
628.268005,0.000000,0.000000,4.240000,0.000000,0.000000,20.000000,-5.400000,0.000000
628.273010,0.000000,0.000000,4.280000,0.000000,0.000000,20.000000,-5.400000,0.000000
628.278015,0.000000,0.000000,4.360000,0.000000,0.000000,20.000000,-5.400000,0.000000
628.283020,0.000000,0.000000,4.430000,0.000000,0.000000,20.000000,-5.400000,0.000000
628.288025,0.000000,0.000000,4.470000,0.000000,0.000000,20.000000,-5.400000,0.000000
628.293030,0.000000,0.000000,4.470000,0.000000,0.000000,20.000000,-5.400000,0.000000
628.297974,0.000000,0.000000,4.440000,0.000000,0.000000,20.000000,-5.400000,0.000000
628.302979,0.000000,0.000000,4.410000,0.000000,0.000000,20.000000,-5.400000,0.000000
628.307983,0.000000,0.000000,4.350000,0.000000,0.000000,20.000000,-5.400000,0.000000
628.312988,0.000000,0.000000,4.260000,0.000000,0.000000,20.000000,-5.400000,0.000000
628.317993,0.000000,0.000000,4.200000,0.000000,0.000000,20.000000,-5.400000,0.000000
628.322998,0.000000,0.000000,4.120000,0.000000,0.000000,20.000000,-5.400000,0.000000
628.328003,0.000000,0.000000,4.080000,0.000000,0.000000,20.000000,-5.400000,0.000000
628.333008,0.000000,0.000000,3.840000,0.000000,0.000000,20.000000,-5.400000,0.000000
628.338013,0.000000,0.000000,3.620000,0.000000,0.000000,20.000000,-5.400000,0.000000
628.343018,0.000000,0.000000,3.380000,0.000000,0.000000,20.000000,-5.400000,0.000000
628.348022,0.000000,0.000000,3.180000,0.000000,0.000000,20.000000,-5.400000,0.000000
628.353027,0.000000,0.000000,3.020000,0.000000,0.000000,20.000000,-5.400000,0.000000
628.357971,0.000000,0.000000,2.830000,0.000000,0.000000,20.000000,-5.400000,0.000000
628.362976,0.000000,0.000000,2.640000,0.000000,0.000000,20.000000,-5.400000,0.000000
628.367981,0.000000,0.000000,2.460000,0.000000,0.000000,20.000000,-5.400000,0.000000
628.372986,0.000000,0.000000,2.260000,0.000000,0.000000,20.000000,-5.400000,0.000000
628.377991,0.000000,0.000000,2.050000,0.000000,0.000000,20.000000,-5.400000,0.000000
628.382996,0.000000,0.000000,1.830000,0.000000,0.000000,20.000000,-5.400000,0.000000
628.388000,0.000000,0.000000,1.630000,0.000000,0.000000,20.000000,-5.400000,0.000000
628.393005,0.000000,0.000000,1.420000,0.000000,0.000000,20.000000,-5.400000,0.000000
628.398010,0.000000,0.000000,1.180000,0.000000,0.000000,20.000000,-5.400000,0.000000
628.403015,0.000000,0.000000,0.950000,0.000000,0.000000,20.000000,-5.400000,0.000000
628.408020,0.000000,0.000000,0.710000,0.000000,0.000000,20.000000,-5.400000,0.000000
628.413025,0.000000,0.000000,0.470000,0.000000,0.000000,20.000000,-5.400000,0.000000
628.418030,0.000000,0.000000,0.250000,0.000000,0.000000,20.000000,-5.400000,0.000000
628.422974,0.000000,0.000000,0.030000,0.000000,0.000000,20.000000,-5.400000,0.000000
628.427979,0.000000,0.000000,-0.150000,0.000000,0.000000,20.000000,-5.400000,0.000000
628.432983,0.000000,0.000000,-0.340000,0.000000,0.000000,20.000000,-5.400000,0.000000
628.437988,0.000000,0.000000,-0.520000,0.000000,0.000000,20.000000,-5.400000,0.000000
628.442993,0.000000,0.000000,-0.700000,0.000000,0.000000,20.000000,-5.400000,0.000000
628.447998,0.000000,0.000000,-0.880000,0.000000,0.000000,20.000000,-5.400000,0.000000
628.453003,0.000000,0.000000,-1.070000,0.000000,0.000000,20.000000,-5.400000,0.000000
628.458008,0.000000,0.000000,-1.250000,0.000000,0.000000,20.000000,-5.400000,0.000000
628.463013,0.000000,0.000000,-1.430000,0.000000,0.000000,20.000000,-5.400000,0.000000
628.468018,0.000000,0.000000,-1.620000,0.000000,0.000000,20.000000,-5.400000,0.000000
628.473022,0.000000,0.000000,-1.810000,0.000000,0.000000,20.000000,-5.400000,0.000000
628.478027,0.000000,0.000000,-2.010000,0.000000,0.000000,20.000000,-5.400000,0.000000
628.482971,0.000000,0.000000,-2.230000,0.000000,0.000000,20.000000,-5.400000,0.000000
628.487976,0.000000,0.000000,-2.460000,0.000000,0.000000,20.000000,-5.400000,0.000000
628.492981,0.000000,0.000000,-2.710000,0.000000,0.000000,20.000000,-5.400000,0.000000
628.497986,0.000000,0.000000,-2.980000,0.000000,0.000000,20.000000,-5.400000,0.000000
628.502991,0.000000,0.000000,-3.270000,0.000000,0.000000,20.000000,-5.400000,0.000000
628.507996,0.000000,0.000000,-3.600000,0.000000,0.000000,20.000000,-5.400000,0.000000
628.513000,0.000000,0.000000,-3.960000,0.000000,0.000000,20.000000,-5.400000,0.000000
628.518005,0.000000,0.000000,-4.340000,0.000000,0.000000,20.000000,-5.400000,0.000000
628.523010,0.000000,0.000000,-4.670000,0.000000,0.000000,20.000000,-5.400000,0.000000
628.528015,0.000000,0.000000,-4.950000,0.000000,0.000000,20.000000,-5.400000,0.000000
628.533020,0.000000,0.000000,-5.260000,0.000000,0.000000,20.000000,-5.400000,0.000000
628.538025,0.000000,0.000000,-5.550000,0.000000,0.000000,20.000000,-5.400000,0.000000
628.543030,0.000000,0.000000,-5.820000,0.000000,0.000000,20.000000,-5.400000,0.000000
628.547974,0.000000,0.000000,-6.030000,0.000000,0.000000,20.000000,-5.400000,0.000000
628.552979,0.000000,0.000000,-6.150000,0.000000,0.000000,20.000000,-5.400000,0.000000
628.557983,0.000000,0.000000,-6.140000,0.000000,0.000000,20.000000,-5.400000,0.000000
628.562988,0.000000,0.000000,-5.930000,0.000000,0.000000,20.000000,-5.400000,0.000000
628.567993,0.000000,0.000000,-5.710000,0.000000,0.000000,20.000000,-5.400000,0.000000
628.572998,0.000000,0.000000,-5.440000,0.000000,0.000000,20.000000,-5.400000,0.000000
628.578003,0.000000,0.000000,-5.140000,0.000000,0.000000,20.000000,-5.400000,0.000000
628.583008,0.000000,0.000000,-4.840000,0.000000,0.000000,20.000000,-5.400000,0.000000
628.588013,0.000000,0.000000,-4.490000,0.000000,0.000000,20.000000,-5.400000,0.000000
628.593018,0.000000,0.000000,-4.110000,0.000000,0.000000,20.000000,-5.400000,0.000000
628.598022,0.000000,0.000000,-3.680000,0.000000,0.000000,20.000000,-5.400000,0.000000
628.603027,0.000000,0.000000,-3.230000,0.000000,0.000000,20.000000,-5.400000,0.000000
628.607971,0.000000,0.000000,-2.740000,0.000000,0.000000,20.000000,-5.400000,0.000000
628.612976,0.000000,0.000000,-2.250000,0.000000,0.000000,20.000000,-5.400000,0.000000
628.617981,0.000000,0.000000,-1.790000,0.000000,0.000000,20.000000,-5.400000,0.000000
628.622986,0.000000,0.000000,-1.330000,0.000000,0.000000,20.000000,-5.400000,0.000000
628.627991,0.000000,0.000000,-0.910000,0.000000,0.000000,20.000000,-5.400000,0.000000
628.632996,0.000000,0.000000,-0.530000,0.000000,0.000000,20.000000,-5.400000,0.000000
628.638000,0.000000,0.000000,-0.220000,0.000000,0.000000,20.000000,-5.400000,0.000000
628.643005,0.000000,0.000000,-0.020000,0.000000,0.000000,20.000000,-5.400000,0.000000
628.648010,0.000000,0.000000,-0.010000,0.000000,0.000000,20.000000,-5.400000,0.000000
628.653015,0.000000,0.000000,-0.040000,0.000000,0.000000,20.000000,-5.400000,0.000000
628.658020,0.000000,0.000000,0.060000,0.000000,0.000000,20.000000,-5.400000,0.000000
628.663025,0.000000,0.000000,0.140000,0.000000,0.000000,20.000000,-5.400000,0.000000
628.668030,0.000000,0.000000,0.130000,0.000000,0.000000,20.000000,-5.400000,0.000000
628.672974,0.000000,0.000000,-0.020000,0.000000,0.000000,20.000000,-5.400000,0.000000
628.677979,0.000000,0.000000,-0.260000,0.000000,0.000000,20.000000,-5.400000,0.000000
628.682983,0.000000,0.000000,-0.540000,0.000000,0.000000,20.000000,-5.400000,0.000000
628.687988,0.000000,0.000000,-0.850000,0.000000,0.000000,20.000000,-5.400000,0.000000
628.692993,0.000000,0.000000,-1.180000,0.000000,0.000000,20.000000,-5.400000,0.000000
628.697998,0.000000,0.000000,-1.650000,0.000000,0.000000,20.000000,-5.400000,0.000000
628.703003,0.000000,0.000000,-2.360000,0.000000,0.000000,20.000000,-5.400000,0.000000
628.708008,0.000000,0.000000,-2.420000,0.000000,0.000000,20.000000,-5.400000,0.000000
628.713013,0.000000,0.000000,-2.510000,0.000000,0.000000,20.000000,-5.400000,0.000000
628.718018,0.000000,0.000000,-2.560000,0.000000,0.000000,20.000000,-5.400000,0.000000
628.723022,0.000000,0.000000,-2.900000,0.000000,0.000000,20.000000,-5.400000,0.000000
628.728027,0.000000,0.000000,-3.040000,0.000000,0.000000,20.000000,-5.400000,0.000000
628.732971,0.000000,0.000000,-3.040000,0.000000,0.000000,20.000000,-5.400000,0.000000
628.737976,0.000000,0.000000,-3.050000,0.000000,0.000000,20.000000,-5.400000,0.000000
628.742981,0.000000,0.000000,-3.210000,0.000000,0.000000,20.000000,-5.400000,0.000000
628.747986,0.000000,0.000000,-3.460000,0.000000,0.000000,20.000000,-5.400000,0.000000
628.752991,0.000000,0.000000,-3.740000,0.000000,0.000000,20.000000,-5.400000,0.000000
628.757996,0.000000,0.000000,-4.030000,0.000000,0.000000,20.000000,-5.400000,0.000000
628.763000,0.000000,0.000000,-4.340000,0.000000,0.000000,20.000000,-5.400000,0.000000
628.768005,0.000000,0.000000,-4.690000,0.000000,0.000000,20.000000,-5.400000,0.000000
628.773010,0.000000,0.000000,-5.060000,0.000000,0.000000,20.000000,-5.400000,0.000000
628.778015,0.000000,0.000000,-5.310000,0.000000,0.000000,20.000000,-5.400000,0.000000
628.783020,0.000000,0.000000,-5.600000,0.000000,0.000000,20.000000,-5.400000,0.000000
628.788025,0.000000,0.000000,-5.850000,0.000000,0.000000,20.000000,-5.400000,0.000000
628.793030,0.000000,0.000000,-6.040000,0.000000,0.000000,20.000000,-5.400000,0.000000
628.797974,0.000000,0.000000,-6.290000,0.000000,0.000000,20.000000,-5.400000,0.000000
628.802979,0.000000,0.000000,-6.600000,0.000000,0.000000,20.000000,-5.400000,0.000000
628.807983,0.000000,0.000000,-6.930000,0.000000,0.000000,20.000000,-5.400000,0.000000
628.812988,0.000000,0.000000,-7.190000,0.000000,0.000000,20.000000,-5.400000,0.000000
628.817993,0.000000,0.000000,-7.480000,0.000000,0.000000,20.000000,-5.400000,0.000000
628.822998,0.000000,0.000000,-7.820000,0.000000,0.000000,20.000000,-5.400000,0.000000
628.828003,0.000000,0.000000,-8.180000,0.000000,0.000000,20.000000,-5.400000,0.000000
628.833008,0.000000,0.000000,-8.530000,0.000000,0.000000,20.000000,-5.400000,0.000000
628.838013,0.000000,0.000000,-8.890000,0.000000,0.000000,20.000000,-5.400000,0.000000
628.843018,0.000000,0.000000,-9.310000,0.000000,0.000000,20.000000,-5.400000,0.000000
628.848022,0.000000,0.000000,-9.790000,0.000000,0.000000,20.000000,-5.400000,0.000000
628.853027,0.000000,0.000000,-10.290000,0.000000,0.000000,20.000000,-5.400000,0.000000
628.857971,0.000000,0.000000,-10.840000,0.000000,0.000000,20.000000,-5.400000,0.000000
628.862976,0.000000,0.000000,-11.420000,0.000000,0.000000,20.000000,-5.400000,0.000000
628.867981,0.000000,0.000000,-12.040000,0.000000,0.000000,20.000000,-5.400000,0.000000
628.872986,0.000000,0.000000,-12.700000,0.000000,0.000000,20.000000,-5.400000,0.000000
628.877991,0.000000,0.000000,-13.390000,0.000000,0.000000,20.000000,-5.400000,0.000000
628.882996,0.000000,0.000000,-14.100000,0.000000,0.000000,20.000000,-5.400000,0.000000
628.888000,0.000000,0.000000,-14.820000,0.000000,0.000000,20.000000,-5.400000,0.000000
628.893005,0.000000,0.000000,-15.550000,0.000000,0.000000,20.000000,-5.400000,0.000000
628.898010,0.000000,0.000000,-16.290001,0.000000,0.000000,20.000000,-5.400000,0.000000
628.903015,0.000000,0.000000,-17.040001,0.000000,0.000000,20.000000,-5.400000,0.000000
628.908020,0.000000,0.000000,-17.809999,0.000000,0.000000,20.000000,-5.400000,0.000000
628.913025,0.000000,0.000000,-18.600000,0.000000,0.000000,20.000000,-5.400000,0.000000
628.918030,0.000000,0.000000,-19.420000,0.000000,0.000000,20.000000,-5.400000,0.000000
628.922974,0.000000,0.000000,-20.270000,0.000000,0.000000,20.000000,-5.400000,0.000000
628.927979,0.000000,0.000000,-21.139999,0.000000,0.000000,20.000000,-5.400000,0.000000
628.932983,0.000000,0.000000,-22.040001,0.000000,0.000000,20.000000,-5.400000,0.000000
628.937988,0.000000,0.000000,-22.950001,0.000000,0.000000,20.000000,-5.400000,0.000000
628.942993,0.000000,0.000000,-23.900000,0.000000,0.000000,20.000000,-5.400000,0.000000
628.947998,0.000000,0.000000,-24.830000,0.000000,0.000000,20.000000,-5.400000,0.000000
628.953003,0.000000,0.000000,-25.740000,0.000000,0.000000,20.000000,-5.400000,0.000000
628.958008,0.000000,0.000000,-26.620001,0.000000,0.000000,20.000000,-5.400000,0.000000
628.963013,0.000000,0.000000,-27.500000,0.000000,0.000000,20.000000,-5.400000,0.000000
628.968018,0.000000,0.000000,-28.370001,0.000000,0.000000,20.000000,-5.400000,0.000000
628.973022,0.000000,0.000000,-29.219999,0.000000,0.000000,20.000000,-5.400000,0.000000
628.978027,0.000000,0.000000,-30.090000,0.000000,0.000000,20.000000,-5.400000,0.000000
628.982971,0.000000,0.000000,-30.950001,0.000000,0.000000,20.000000,-5.400000,0.000000
628.987976,0.000000,0.000000,-31.799999,0.000000,0.000000,20.000000,-5.400000,0.000000
628.992981,0.000000,0.000000,-32.630001,0.000000,0.000000,20.000000,-5.400000,0.000000
628.997986,0.000000,0.000000,-33.459999,0.000000,0.000000,20.000000,-5.400000,0.000000
629.002991,0.000000,0.000000,-34.299999,0.000000,0.000000,20.000000,-5.400000,0.000000
629.007996,0.000000,0.000000,-35.150002,0.000000,0.000000,20.000000,-5.400000,0.000000
629.013000,0.000000,0.000000,-36.000000,0.000000,0.000000,20.000000,-5.400000,0.000000
629.018005,0.000000,0.000000,-36.880001,0.000000,0.000000,20.000000,-5.400000,0.000000
629.023010,0.000000,0.000000,-37.759998,0.000000,0.000000,20.000000,-5.400000,0.000000
629.028015,0.000000,0.000000,-38.660000,0.000000,0.000000,20.000000,-5.400000,0.000000
629.033020,0.000000,0.000000,-39.570000,0.000000,0.000000,20.000000,-5.400000,0.000000
629.038025,0.000000,0.000000,-40.490002,0.000000,0.000000,20.000000,-5.400000,0.000000
629.043030,0.000000,0.000000,-41.430000,0.000000,0.000000,20.000000,-5.400000,0.000000
629.047974,0.000000,0.000000,-42.360001,0.000000,0.000000,20.000000,-5.400000,0.000000
629.052979,0.000000,0.000000,-43.279999,0.000000,0.000000,20.000000,-5.400000,0.000000
629.057983,0.000000,0.000000,-44.220001,0.000000,0.000000,20.000000,-5.400000,0.000000
629.062988,0.000000,0.000000,-45.160000,0.000000,0.000000,20.000000,-5.400000,0.000000
629.067993,0.000000,0.000000,-46.130001,0.000000,0.000000,20.000000,-5.400000,0.000000
629.072998,0.000000,0.000000,-47.099998,0.000000,0.000000,20.000000,-5.400000,0.000000
629.078003,0.000000,0.000000,-48.080002,0.000000,0.000000,20.000000,-5.400000,0.000000
629.083008,0.000000,0.000000,-49.080002,0.000000,0.000000,20.000000,-5.400000,0.000000
629.088013,0.000000,0.000000,-50.090000,0.000000,0.000000,20.000000,-5.400000,0.000000
629.093018,0.000000,0.000000,-51.090000,0.000000,0.000000,20.000000,-5.400000,0.000000
629.098022,0.000000,0.000000,-52.099998,0.000000,0.000000,20.000000,-5.400000,0.000000
629.103027,0.000000,0.000000,-53.099998,0.000000,0.000000,20.000000,-5.400000,0.000000
629.107971,0.000000,0.000000,-54.060001,0.000000,0.000000,20.000000,-5.400000,0.000000
629.112976,0.000000,0.000000,-55.029999,0.000000,0.000000,20.000000,-5.400000,0.000000
629.117981,0.000000,0.000000,-55.980000,0.000000,0.000000,20.000000,-5.400000,0.000000
629.122986,0.000000,0.000000,-56.910000,0.000000,0.000000,20.000000,-5.400000,0.000000
629.127991,0.000000,0.000000,-57.830002,0.000000,0.000000,20.000000,-5.400000,0.000000
629.132996,0.000000,0.000000,-58.799999,0.000000,0.000000,20.000000,-5.400000,0.000000
629.138000,0.000000,0.000000,-59.720001,0.000000,0.000000,20.000000,-5.400000,0.000000
629.143005,0.000000,0.000000,-60.320000,0.000000,0.000000,20.000000,-5.400000,0.000000
629.148010,0.000000,0.000000,-60.439999,0.000000,0.000000,20.000000,-5.400000,0.000000
629.153015,0.000000,0.000000,-60.060001,0.000000,0.000000,20.000000,-5.400000,0.000000
629.158020,0.000000,0.000000,-59.290001,0.000000,0.000000,20.000000,-5.400000,0.000000
629.163025,0.000000,0.000000,-59.389999,0.000000,0.000000,20.000000,-5.400000,0.000000
629.168030,0.000000,0.000000,-59.849998,0.000000,0.000000,20.000000,-5.400000,0.000000
629.172974,0.000000,0.000000,-59.990002,0.000000,0.000000,20.000000,-5.400000,0.000000
629.177979,0.000000,0.000000,-60.020000,0.000000,0.000000,20.000000,-5.400000,0.000000
629.182983,0.000000,0.000000,-59.939999,0.000000,2.000000,20.000000,-5.400000,0.000000
629.187988,0.000000,0.000000,-59.939999,0.000000,2.000000,20.000000,-5.400000,0.000000
629.192993,0.000000,0.000000,-59.779999,0.000000,0.000000,20.000000,-5.130000,0.000000
629.197998,0.000000,0.000000,-59.669998,0.000000,0.000000,20.000000,-5.130000,0.000000
629.203003,0.000000,0.000000,-59.500000,0.000000,0.000000,20.000000,-5.400000,0.000000
629.208008,0.000000,0.000000,-59.450001,0.000000,0.000000,20.000000,-5.400000,0.000000
629.213013,0.000000,0.000000,-59.509998,0.000000,0.000000,20.000000,-5.400000,0.000000
629.218018,0.000000,0.000000,-59.590000,0.000000,0.000000,20.000000,-5.400000,0.000000
629.223022,0.000000,0.000000,-59.689999,0.000000,0.000000,20.000000,-5.400000,0.000000
629.228027,0.000000,0.000000,-59.759998,0.000000,0.000000,20.000000,-5.400000,0.000000
629.232971,0.000000,0.000000,-59.820000,0.000000,0.000000,20.000000,-5.400000,0.000000
629.237976,0.000000,0.000000,-59.830002,0.000000,0.000000,20.000000,-5.400000,0.000000
629.242981,0.000000,0.000000,-59.770000,0.000000,0.000000,20.000000,-5.400000,0.000000
629.247986,0.000000,0.000000,-59.730000,0.000000,0.000000,20.000000,-5.400000,0.000000
629.252991,0.000000,0.000000,-59.680000,0.000000,0.000000,20.000000,-5.400000,0.000000
629.257996,0.000000,0.000000,-59.630001,0.000000,0.000000,20.000000,-5.400000,0.000000
629.263000,0.000000,0.000000,-59.669998,0.000000,0.000000,20.000000,-5.400000,0.000000
629.268005,0.000000,0.000000,-59.700001,0.000000,0.000000,20.000000,-5.400000,0.000000
629.273010,0.000000,0.000000,-59.689999,0.000000,0.000000,20.000000,-5.400000,0.000000
629.278015,0.000000,0.000000,-59.709999,0.000000,0.000000,20.000000,-5.400000,0.000000
629.283020,0.000000,0.000000,-59.709999,0.000000,0.000000,20.000000,-5.400000,0.000000
629.288025,0.000000,0.000000,-59.720001,0.000000,0.000000,20.000000,-5.400000,0.000000
629.293030,0.000000,0.000000,-59.730000,0.000000,0.000000,20.000000,-5.400000,0.000000
629.297974,0.000000,0.000000,-59.740002,0.000000,0.000000,20.000000,-5.400000,0.000000
629.302979,0.000000,0.000000,-59.750000,0.000000,0.000000,20.000000,-5.400000,0.000000
629.307983,0.000000,0.000000,-59.759998,0.000000,0.000000,20.000000,-5.400000,0.000000
629.312988,0.000000,0.000000,-59.770000,0.000000,0.000000,20.000000,-5.400000,0.000000
629.317993,0.000000,0.000000,-59.759998,0.000000,0.000000,20.000000,-5.400000,0.000000
629.322998,0.000000,0.000000,-59.750000,0.000000,0.000000,20.000000,-5.400000,0.000000
629.328003,0.000000,0.000000,-59.730000,0.000000,0.000000,20.000000,-5.400000,0.000000
629.333008,0.000000,0.000000,-59.709999,0.000000,0.000000,20.000000,-5.400000,0.000000
629.338013,0.000000,0.000000,-59.709999,0.000000,0.000000,20.000000,-5.400000,0.000000
629.343018,0.000000,0.000000,-59.720001,0.000000,0.000000,20.000000,-5.400000,0.000000
629.348022,0.000000,0.000000,-59.740002,0.000000,0.000000,20.000000,-5.400000,0.000000
629.353027,0.000000,0.000000,-59.770000,0.000000,0.000000,20.000000,-5.400000,0.000000
629.357971,0.000000,0.000000,-59.790001,0.000000,0.000000,20.000000,-5.400000,0.000000
629.362976,0.000000,0.000000,-59.820000,0.000000,0.000000,20.000000,-5.400000,0.000000
629.367981,0.000000,0.000000,-59.840000,0.000000,0.000000,20.000000,-5.400000,0.000000
629.372986,0.000000,0.000000,-59.840000,0.000000,0.000000,20.000000,-5.400000,0.000000
629.377991,0.000000,0.000000,-59.840000,0.000000,0.000000,20.000000,-5.400000,0.000000
629.382996,0.000000,0.000000,-59.830002,0.000000,0.000000,20.000000,-5.400000,0.000000
629.388000,0.000000,0.000000,-59.840000,0.000000,0.000000,20.000000,-5.400000,0.000000
629.393005,0.000000,0.000000,-59.849998,0.000000,0.000000,20.000000,-5.400000,0.000000
629.398010,0.000000,0.000000,-59.869999,0.000000,0.000000,20.000000,-5.400000,0.000000
629.403015,0.000000,0.000000,-59.889999,0.000000,0.000000,20.000000,-5.400000,0.000000
629.408020,0.000000,0.000000,-59.910000,0.000000,0.000000,20.000000,-5.400000,0.000000
629.413025,0.000000,0.000000,-59.919998,0.000000,0.000000,20.000000,-5.400000,0.000000
629.418030,0.000000,0.000000,-59.930000,0.000000,0.000000,20.000000,-5.400000,0.000000
629.422974,0.000000,0.000000,-59.930000,0.000000,0.000000,20.000000,-5.400000,0.000000
629.427979,0.000000,0.000000,-59.939999,0.000000,0.000000,20.000000,-5.400000,0.000000
629.432983,0.000000,0.000000,-59.939999,0.000000,0.000000,20.000000,-5.400000,0.000000
629.437988,0.000000,0.000000,-59.950001,0.000000,0.000000,20.000000,-5.400000,0.000000
629.442993,0.000000,0.000000,-59.959999,0.000000,0.000000,20.000000,-5.400000,0.000000
629.447998,0.000000,0.000000,-59.970001,0.000000,0.000000,20.000000,-5.400000,0.000000
629.453003,0.000000,0.000000,-59.980000,0.000000,0.000000,20.000000,-5.400000,0.000000
629.458008,0.000000,0.000000,-59.990002,0.000000,0.000000,20.000000,-5.400000,0.000000
629.463013,0.000000,0.000000,-60.000000,0.000000,0.000000,20.000000,-5.400000,0.000000
629.468018,0.000000,0.000000,-60.000000,0.000000,0.000000,20.000000,-5.400000,0.000000
629.473022,0.000000,0.000000,-60.009998,0.000000,0.000000,20.000000,-5.400000,0.000000
629.478027,0.000000,0.000000,-60.020000,0.000000,0.000000,20.000000,-5.400000,0.000000
629.482971,0.000000,0.000000,-60.020000,0.000000,0.000000,20.000000,-5.400000,0.000000
629.487976,0.000000,0.000000,-60.029999,0.000000,0.000000,20.000000,-5.400000,0.000000
629.492981,0.000000,0.000000,-60.040001,0.000000,0.000000,20.000000,-5.400000,0.000000
629.497986,0.000000,0.000000,-60.049999,0.000000,0.000000,20.000000,-5.400000,0.000000
629.502991,0.000000,0.000000,-60.060001,0.000000,0.000000,20.000000,-5.400000,0.000000
629.507996,0.000000,0.000000,-60.070000,0.000000,0.000000,20.000000,-5.400000,0.000000
629.513000,0.000000,0.000000,-60.080002,0.000000,0.000000,20.000000,-5.400000,0.000000
629.518005,0.000000,0.000000,-60.090000,0.000000,0.000000,20.000000,-5.400000,0.000000
629.523010,0.000000,0.000000,-60.099998,0.000000,0.000000,20.000000,-5.400000,0.000000
629.528015,0.000000,0.000000,-60.110001,0.000000,0.000000,20.000000,-5.400000,0.000000
629.533020,0.000000,0.000000,-60.110001,0.000000,0.000000,20.000000,-5.400000,0.000000
629.538025,0.000000,0.000000,-60.130001,0.000000,0.000000,20.000000,-5.400000,0.000000
629.543030,0.000000,0.000000,-60.130001,0.000000,0.000000,20.000000,-5.400000,0.000000
629.547974,0.000000,0.000000,-60.139999,0.000000,0.000000,20.000000,-5.400000,0.000000
629.552979,0.000000,0.000000,-60.150002,0.000000,0.000000,20.000000,-5.400000,0.000000
629.557983,0.000000,0.000000,-60.150002,0.000000,0.000000,20.000000,-5.400000,0.000000
629.562988,0.000000,0.000000,-60.160000,0.000000,0.000000,20.000000,-5.400000,0.000000
629.567993,0.000000,0.000000,-60.160000,0.000000,0.000000,20.000000,-5.400000,0.000000
629.572998,0.000000,0.000000,-60.169998,0.000000,0.000000,20.000000,-5.400000,0.000000
629.578003,0.000000,0.000000,-60.180000,0.000000,0.000000,20.000000,-5.400000,0.000000
629.583008,0.000000,0.000000,-60.180000,0.000000,0.000000,20.000000,-5.400000,0.000000
629.588013,0.000000,0.000000,-60.189999,0.000000,0.000000,20.000000,-5.400000,0.000000
629.593018,0.000000,0.000000,-60.189999,0.000000,0.000000,20.000000,-5.400000,0.000000
629.598022,0.000000,0.000000,-60.200001,0.000000,0.000000,20.000000,-5.400000,0.000000
629.603027,0.000000,0.000000,-60.209999,0.000000,0.000000,20.000000,-5.400000,0.000000
629.607971,0.000000,0.000000,-60.209999,0.000000,0.000000,20.000000,-5.400000,0.000000
629.612976,0.000000,0.000000,-60.209999,0.000000,0.000000,20.000000,-5.400000,0.000000
629.617981,0.000000,0.000000,-60.220001,0.000000,0.000000,20.000000,-5.400000,0.000000
629.622986,0.000000,0.000000,-60.220001,0.000000,0.000000,20.000000,-5.400000,0.000000
629.627991,0.000000,0.000000,-60.230000,0.000000,0.000000,20.000000,-5.400000,0.000000
629.632996,0.000000,0.000000,-60.230000,0.000000,0.000000,20.000000,-5.400000,0.000000
629.638000,0.000000,0.000000,-60.240002,0.000000,0.000000,20.000000,-5.400000,0.000000
629.643005,0.000000,0.000000,-60.240002,0.000000,0.000000,20.000000,-5.400000,0.000000
629.648010,0.000000,0.000000,-60.250000,0.000000,0.000000,20.000000,-5.400000,0.000000
629.653015,0.000000,0.000000,-60.250000,0.000000,0.000000,20.000000,-5.400000,0.000000
629.658020,0.000000,0.000000,-60.259998,0.000000,0.000000,20.000000,-5.400000,0.000000
629.663025,0.000000,0.000000,-60.270000,0.000000,0.000000,20.000000,-5.400000,0.000000
629.668030,0.000000,0.000000,-60.270000,0.000000,0.000000,20.000000,-5.400000,0.000000
629.672974,0.000000,0.000000,-60.279999,0.000000,0.000000,20.000000,-5.400000,0.000000
629.677979,0.000000,0.000000,-60.279999,0.000000,0.000000,20.000000,-5.400000,0.000000
629.682983,0.000000,0.000000,-60.290001,0.000000,0.000000,20.000000,-5.400000,0.000000
629.687988,0.000000,0.000000,-60.299999,0.000000,0.000000,20.000000,-5.400000,0.000000
629.692993,0.000000,0.000000,-60.299999,0.000000,0.000000,20.000000,-5.400000,0.000000
629.697998,0.000000,0.000000,-60.310001,0.000000,0.000000,20.000000,-5.400000,0.000000
629.703003,0.000000,0.000000,-60.310001,0.000000,0.000000,20.000000,-5.400000,0.000000
629.708008,0.000000,0.000000,-60.320000,0.000000,0.000000,20.000000,-5.400000,0.000000
629.713013,0.000000,0.000000,-60.330002,0.000000,0.000000,20.000000,-5.400000,0.000000
629.718018,0.000000,0.000000,-60.340000,0.000000,0.000000,20.000000,-5.400000,0.000000
629.723022,0.000000,0.000000,-60.349998,0.000000,0.000000,20.000000,-5.400000,0.000000
629.728027,0.000000,0.000000,-60.349998,0.000000,0.000000,20.000000,-5.400000,0.000000
629.732971,0.000000,0.000000,-60.360001,0.000000,0.000000,20.000000,-5.400000,0.000000
629.737976,0.000000,0.000000,-60.360001,0.000000,0.000000,20.000000,-5.400000,0.000000
629.742981,0.000000,0.000000,-60.360001,0.000000,0.000000,20.000000,-5.400000,0.000000
629.747986,0.000000,0.000000,-60.369999,0.000000,0.000000,20.000000,-5.400000,0.000000
629.752991,0.000000,0.000000,-60.380001,0.000000,0.000000,20.000000,-5.400000,0.000000
629.757996,0.000000,0.000000,-60.380001,0.000000,0.000000,20.000000,-5.400000,0.000000
629.763000,0.000000,0.000000,-60.389999,0.000000,0.000000,20.000000,-5.400000,0.000000
629.768005,0.000000,0.000000,-60.389999,0.000000,0.000000,20.000000,-5.400000,0.000000
629.773010,0.000000,0.000000,-60.400002,0.000000,0.000000,20.000000,-5.400000,0.000000
629.778015,0.000000,0.000000,-60.400002,0.000000,0.000000,20.000000,-5.400000,0.000000
629.783020,0.000000,0.000000,-60.410000,0.000000,0.000000,20.000000,-5.400000,0.000000
629.788025,0.000000,0.000000,-60.410000,0.000000,0.000000,20.000000,-5.400000,0.000000
629.793030,0.000000,0.000000,-60.410000,0.000000,0.000000,20.000000,-5.400000,0.000000
629.797974,0.000000,0.000000,-60.419998,0.000000,0.000000,20.000000,-5.400000,0.000000
629.802979,0.000000,0.000000,-60.419998,0.000000,0.000000,20.000000,-5.400000,0.000000
629.807983,0.000000,0.000000,-60.419998,0.000000,0.000000,20.000000,-5.400000,0.000000
629.812988,0.000000,0.000000,-60.430000,0.000000,0.000000,20.000000,-5.400000,0.000000
629.817993,0.000000,0.000000,-60.430000,0.000000,0.000000,20.000000,-5.400000,0.000000
629.822998,0.000000,0.000000,-60.430000,0.000000,0.000000,20.000000,-5.400000,0.000000
629.828003,0.000000,0.000000,-60.439999,0.000000,0.000000,20.000000,-5.400000,0.000000
629.833008,0.000000,0.000000,-60.439999,0.000000,0.000000,20.000000,-5.400000,0.000000
629.838013,0.000000,0.000000,-60.450001,0.000000,0.000000,20.000000,-5.400000,0.000000
629.843018,0.000000,0.000000,-60.450001,0.000000,0.000000,20.000000,-5.400000,0.000000
629.848022,0.000000,0.000000,-60.450001,0.000000,0.000000,20.000000,-5.400000,0.000000
629.853027,0.000000,0.000000,-60.450001,0.000000,0.000000,20.000000,-5.400000,0.000000
629.857971,0.000000,0.000000,-60.459999,0.000000,0.000000,20.000000,-5.400000,0.000000
629.862976,0.000000,0.000000,-60.459999,0.000000,0.000000,20.000000,-5.400000,0.000000
629.867981,0.000000,0.000000,-60.459999,0.000000,0.000000,20.000000,-5.400000,0.000000
629.872986,0.000000,0.000000,-60.459999,0.000000,0.000000,20.000000,-5.400000,0.000000
629.877991,0.000000,0.000000,-60.459999,0.000000,0.000000,20.000000,-5.400000,0.000000
629.882996,0.000000,0.000000,-60.470001,0.000000,0.000000,20.000000,-5.400000,0.000000
629.888000,0.000000,0.000000,-60.480000,0.000000,0.000000,20.000000,-5.400000,0.000000
629.893005,0.000000,0.000000,-60.480000,0.000000,0.000000,20.000000,-5.400000,0.000000
629.898010,0.000000,0.000000,-60.490002,0.000000,0.000000,20.000000,-5.400000,0.000000
629.903015,0.000000,0.000000,-60.490002,0.000000,0.000000,20.000000,-5.400000,0.000000
629.908020,0.000000,0.000000,-60.500000,0.000000,0.000000,20.000000,-5.400000,0.000000
629.913025,0.000000,0.000000,-60.500000,0.000000,0.000000,20.000000,-5.400000,0.000000
629.918030,0.000000,0.000000,-60.500000,0.000000,0.000000,20.000000,-5.400000,0.000000
629.922974,0.000000,0.000000,-60.500000,0.000000,0.000000,20.000000,-5.400000,0.000000
629.927979,0.000000,0.000000,-60.500000,0.000000,0.000000,20.000000,-5.400000,0.000000
629.932983,0.000000,0.000000,-60.509998,0.000000,0.000000,20.000000,-5.400000,0.000000
629.937988,0.000000,0.000000,-60.509998,0.000000,0.000000,20.000000,-5.400000,0.000000
629.942993,0.000000,0.000000,-60.520000,0.000000,0.000000,20.000000,-5.400000,0.000000
629.947998,0.000000,0.000000,-60.520000,0.000000,0.000000,20.000000,-5.400000,0.000000
629.953003,0.000000,0.000000,-60.520000,0.000000,0.000000,20.000000,-5.400000,0.000000
629.958008,0.000000,0.000000,-60.529999,0.000000,0.000000,20.000000,-5.400000,0.000000
629.963013,0.000000,0.000000,-60.529999,0.000000,0.000000,20.000000,-5.400000,0.000000
629.968018,0.000000,0.000000,-60.540001,0.000000,0.000000,20.000000,-5.400000,0.000000
629.973022,0.000000,0.000000,-60.540001,0.000000,0.000000,20.000000,-5.400000,0.000000
629.978027,0.000000,0.000000,-60.549999,0.000000,0.000000,20.000000,-5.400000,0.000000
629.982971,0.000000,0.000000,-60.549999,0.000000,0.000000,20.000000,-5.400000,0.000000
629.987976,0.000000,0.000000,-60.549999,0.000000,0.000000,20.000000,-5.400000,0.000000
629.992981,0.000000,0.000000,-60.549999,0.000000,0.000000,20.000000,-5.400000,0.000000
629.997986,0.000000,0.000000,-60.560001,0.000000,0.000000,20.000000,-5.400000,0.000000
630.002991,0.000000,0.000000,-60.570000,0.000000,0.000000,20.000000,-5.400000,0.000000
630.007996,0.000000,0.000000,-60.570000,0.000000,0.000000,20.000000,-5.400000,0.000000
630.013000,0.000000,0.000000,-60.570000,0.000000,0.000000,20.000000,-5.400000,0.000000
630.018005,0.000000,0.000000,-60.580002,0.000000,0.000000,20.000000,-5.400000,0.000000
630.023010,0.000000,0.000000,-60.580002,0.000000,0.000000,20.000000,-5.400000,0.000000
630.028015,0.000000,0.000000,-60.580002,0.000000,0.000000,20.000000,-5.400000,0.000000
630.033020,0.000000,0.000000,-60.580002,0.000000,0.000000,20.000000,-5.400000,0.000000
630.038025,0.000000,0.000000,-60.590000,0.000000,0.000000,20.000000,-5.400000,0.000000
630.043030,0.000000,0.000000,-60.590000,0.000000,0.000000,20.000000,-5.400000,0.000000
630.047974,0.000000,0.000000,-60.590000,0.000000,0.000000,20.000000,-5.400000,0.000000
630.052979,0.000000,0.000000,-60.599998,0.000000,0.000000,20.000000,-5.400000,0.000000
630.057983,0.000000,0.000000,-60.599998,0.000000,0.000000,20.000000,-5.400000,0.000000
630.062988,0.000000,0.000000,-60.610001,0.000000,0.000000,20.000000,-5.400000,0.000000
630.067993,0.000000,0.000000,-60.610001,0.000000,0.000000,20.000000,-5.400000,0.000000
630.072998,0.000000,0.000000,-60.610001,0.000000,0.000000,20.000000,-5.400000,0.000000
630.078003,0.000000,0.000000,-60.610001,0.000000,0.000000,20.000000,-5.400000,0.000000
630.083008,0.000000,0.000000,-60.610001,0.000000,0.000000,20.000000,-5.400000,0.000000
630.088013,0.000000,0.000000,-60.610001,0.000000,0.000000,20.000000,-5.400000,0.000000
630.093018,0.000000,0.000000,-60.610001,0.000000,0.000000,20.000000,-5.400000,0.000000
630.098022,0.000000,0.000000,-60.610001,0.000000,0.000000,20.000000,-5.400000,0.000000
630.103027,0.000000,0.000000,-60.610001,0.000000,0.000000,20.000000,-5.400000,0.000000
630.107971,0.000000,0.000000,-60.610001,0.000000,0.000000,20.000000,-5.400000,0.000000
630.112976,0.000000,0.000000,-60.619999,0.000000,0.000000,20.000000,-5.400000,0.000000
630.117981,0.000000,0.000000,-60.619999,0.000000,0.000000,20.000000,-5.400000,0.000000
630.122986,0.000000,0.000000,-60.619999,0.000000,0.000000,20.000000,-5.400000,0.000000
630.127991,0.000000,0.000000,-60.630001,0.000000,0.000000,20.000000,-5.400000,0.000000
630.132996,0.000000,0.000000,-60.639999,0.000000,0.000000,20.000000,-5.400000,0.000000
630.138000,0.000000,0.000000,-60.639999,0.000000,0.000000,20.000000,-5.400000,0.000000
630.143005,0.000000,0.000000,-60.639999,0.000000,0.000000,20.000000,-5.400000,0.000000
630.148010,0.000000,0.000000,-60.650002,0.000000,0.000000,20.000000,-5.400000,0.000000
630.153015,0.000000,0.000000,-60.639999,0.000000,0.000000,20.000000,-5.400000,0.000000
630.158020,0.000000,0.000000,-60.639999,0.000000,0.000000,20.000000,-5.400000,0.000000
630.163025,0.000000,0.000000,-60.650002,0.000000,0.000000,20.000000,-5.400000,0.000000
630.168030,0.000000,0.000000,-60.660000,0.000000,0.000000,20.000000,-5.400000,0.000000
630.172974,0.000000,0.000000,-60.669998,0.000000,0.000000,20.000000,-5.400000,0.000000
630.177979,0.000000,0.000000,-60.669998,0.000000,0.000000,20.000000,-5.400000,0.000000
630.182983,0.000000,0.000000,-60.669998,0.000000,0.000000,20.000000,-5.400000,0.000000
630.187988,0.000000,0.000000,-60.660000,0.000000,0.000000,20.000000,-5.400000,0.000000
630.192993,0.000000,0.000000,-60.650002,0.000000,0.000000,20.000000,-5.400000,0.000000
630.197998,0.000000,0.000000,-60.650002,0.000000,0.000000,20.000000,-5.400000,0.000000
630.203003,0.000000,0.000000,-60.660000,0.000000,0.000000,20.000000,-5.400000,0.000000
630.208008,0.000000,0.000000,-60.680000,0.000000,0.000000,20.000000,-5.400000,0.000000
630.213013,0.000000,0.000000,-60.689999,0.000000,0.000000,20.000000,-5.400000,0.000000
630.218018,0.000000,0.000000,-60.700001,0.000000,0.000000,20.000000,-5.400000,0.000000
630.223022,0.000000,0.000000,-60.700001,0.000000,0.000000,20.000000,-5.400000,0.000000
630.228027,0.000000,0.000000,-60.700001,0.000000,0.000000,20.000000,-5.400000,0.000000
630.232971,0.000000,0.000000,-60.689999,0.000000,0.000000,20.000000,-5.400000,0.000000
630.237976,0.000000,0.000000,-60.680000,0.000000,0.000000,20.000000,-5.400000,0.000000
630.242981,0.000000,0.000000,-60.669998,0.000000,0.000000,20.000000,-5.400000,0.000000
630.247986,0.000000,0.000000,-60.669998,0.000000,0.000000,20.000000,-5.400000,0.000000
630.252991,0.000000,0.000000,-60.680000,0.000000,0.000000,20.000000,-5.400000,0.000000
630.257996,0.000000,0.000000,-60.689999,0.000000,0.000000,20.000000,-5.400000,0.000000
630.263000,0.000000,0.000000,-60.700001,0.000000,0.000000,20.000000,-5.400000,0.000000
630.268005,0.000000,0.000000,-60.700001,0.000000,0.000000,20.000000,-5.400000,0.000000
630.273010,0.000000,0.000000,-60.700001,0.000000,0.000000,20.000000,-5.400000,0.000000
630.278015,0.000000,0.000000,-60.709999,0.000000,0.000000,20.000000,-5.400000,0.000000
630.283020,0.000000,0.000000,-60.689999,0.000000,0.000000,20.000000,-5.400000,0.000000
630.288025,0.000000,0.000000,-60.689999,0.000000,0.000000,20.000000,-5.400000,0.000000
630.293030,0.000000,0.000000,-60.689999,0.000000,0.000000,20.000000,-5.400000,0.000000
630.297974,0.000000,0.000000,-60.689999,0.000000,0.000000,20.000000,-5.400000,0.000000
630.302979,0.000000,0.000000,-60.689999,0.000000,0.000000,20.000000,-5.400000,0.000000
630.307983,0.000000,0.000000,-60.689999,0.000000,0.000000,20.000000,-5.400000,0.000000
630.312988,0.000000,0.000000,-60.689999,0.000000,0.000000,20.000000,-5.400000,0.000000
630.317993,0.000000,0.000000,-60.689999,0.000000,0.000000,20.000000,-5.400000,0.000000
630.322998,0.000000,0.000000,-60.689999,0.000000,0.000000,20.000000,-5.400000,0.000000
630.328003,0.000000,0.000000,-60.689999,0.000000,0.000000,20.000000,-5.400000,0.000000
630.333008,0.000000,0.000000,-60.689999,0.000000,0.000000,20.000000,-5.400000,0.000000
630.338013,0.000000,0.000000,-60.689999,0.000000,0.000000,20.000000,-5.400000,0.000000
630.343018,0.000000,0.000000,-60.689999,0.000000,0.000000,20.000000,-5.400000,0.000000
630.348022,0.000000,0.000000,-60.689999,0.000000,0.000000,20.000000,-5.400000,0.000000
630.353027,0.000000,0.000000,-60.689999,0.000000,0.000000,20.000000,-5.400000,0.000000
630.357971,0.000000,0.000000,-60.689999,0.000000,0.000000,20.000000,-5.400000,0.000000
630.362976,0.000000,0.000000,-60.689999,0.000000,0.000000,20.000000,-5.400000,0.000000
630.367981,0.000000,0.000000,-60.689999,0.000000,0.000000,20.000000,-5.400000,0.000000
630.372986,0.000000,0.000000,-60.689999,0.000000,0.000000,20.000000,-5.400000,0.000000
630.377991,0.000000,0.000000,-60.689999,0.000000,0.000000,20.000000,-5.400000,0.000000
630.382996,0.000000,0.000000,-60.700001,0.000000,0.000000,20.000000,-5.400000,0.000000
630.388000,0.000000,0.000000,-60.700001,0.000000,0.000000,20.000000,-5.400000,0.000000
630.393005,0.000000,0.000000,-60.700001,0.000000,0.000000,20.000000,-5.400000,0.000000
630.398010,0.000000,0.000000,-60.700001,0.000000,0.000000,20.000000,-5.400000,0.000000
630.403015,0.000000,0.000000,-60.700001,0.000000,0.000000,20.000000,-5.400000,0.000000
630.408020,0.000000,0.000000,-60.709999,0.000000,0.000000,20.000000,-5.400000,0.000000
630.413025,0.000000,0.000000,-60.709999,0.000000,0.000000,20.000000,-5.400000,0.000000
630.418030,0.000000,0.000000,-60.709999,0.000000,0.000000,20.000000,-5.400000,0.000000
630.422974,0.000000,0.000000,-60.709999,0.000000,0.000000,20.000000,-5.400000,0.000000
630.427979,0.000000,0.000000,-60.709999,0.000000,0.000000,20.000000,-5.400000,0.000000
630.432983,0.000000,0.000000,-60.709999,0.000000,0.000000,20.000000,-5.400000,0.000000
630.437988,0.000000,0.000000,-60.709999,0.000000,0.000000,20.000000,-5.400000,0.000000
630.442993,0.000000,0.000000,-60.709999,0.000000,0.000000,20.000000,-5.400000,0.000000
630.447998,0.000000,0.000000,-60.709999,0.000000,0.000000,20.000000,-5.400000,0.000000
630.453003,0.000000,0.000000,-60.709999,0.000000,0.000000,20.000000,-5.400000,0.000000
630.458008,0.000000,0.000000,-60.720001,0.000000,0.000000,20.000000,-5.400000,0.000000
630.463013,0.000000,0.000000,-60.720001,0.000000,0.000000,20.000000,-5.400000,0.000000
630.468018,0.000000,0.000000,-60.720001,0.000000,0.000000,20.000000,-5.400000,0.000000
630.473022,0.000000,0.000000,-60.720001,0.000000,0.000000,20.000000,-5.400000,0.000000
630.478027,0.000000,0.000000,-60.730000,0.000000,0.000000,20.000000,-5.400000,0.000000
630.482971,0.000000,0.000000,-60.730000,0.000000,0.000000,20.000000,-5.400000,0.000000
630.487976,0.000000,0.000000,-60.730000,0.000000,0.000000,20.000000,-5.400000,0.000000
630.492981,0.000000,0.000000,-60.740002,0.000000,0.000000,20.000000,-5.400000,0.000000
630.497986,0.000000,0.000000,-60.740002,0.000000,0.000000,20.000000,-5.400000,0.000000
630.502991,0.000000,0.000000,-60.730000,0.000000,0.000000,20.000000,-5.400000,0.000000
630.507996,0.000000,0.000000,-60.740002,0.000000,0.000000,20.000000,-5.400000,0.000000
630.513000,0.000000,0.000000,-60.740002,0.000000,0.000000,20.000000,-5.400000,0.000000
630.518005,0.000000,0.000000,-60.750000,0.000000,0.000000,20.000000,-5.400000,0.000000
630.523010,0.000000,0.000000,-60.750000,0.000000,0.000000,20.000000,-5.400000,0.000000
630.528015,0.000000,0.000000,-60.759998,0.000000,0.000000,20.000000,-5.400000,0.000000
630.533020,0.000000,0.000000,-60.750000,0.000000,0.000000,20.000000,-5.400000,0.000000
630.538025,0.000000,0.000000,-60.759998,0.000000,0.000000,20.000000,-5.400000,0.000000
630.543030,0.000000,0.000000,-60.759998,0.000000,0.000000,20.000000,-5.400000,0.000000
630.547974,0.000000,0.000000,-60.759998,0.000000,0.000000,20.000000,-5.400000,0.000000
630.552979,0.000000,0.000000,-60.770000,0.000000,0.000000,20.000000,-5.400000,0.000000
630.557983,0.000000,0.000000,-60.770000,0.000000,0.000000,20.000000,-5.400000,0.000000
630.562988,0.000000,0.000000,-60.770000,0.000000,0.000000,20.000000,-5.400000,0.000000
630.567993,0.000000,0.000000,-60.770000,0.000000,0.000000,20.000000,-5.400000,0.000000
630.572998,0.000000,0.000000,-60.770000,0.000000,0.000000,20.000000,-5.400000,0.000000
630.578003,0.000000,0.000000,-60.770000,0.000000,0.000000,20.000000,-5.400000,0.000000
630.583008,0.000000,0.000000,-60.770000,0.000000,0.000000,20.000000,-5.400000,0.000000
630.588013,0.000000,0.000000,-60.770000,0.000000,0.000000,20.000000,-5.400000,0.000000
630.593018,0.000000,0.000000,-60.770000,0.000000,0.000000,20.000000,-5.400000,0.000000
630.598022,0.000000,0.000000,-60.770000,0.000000,0.000000,20.000000,-5.400000,0.000000
630.603027,0.000000,0.000000,-60.770000,0.000000,0.000000,20.000000,-5.400000,0.000000
630.607971,0.000000,0.000000,-60.770000,0.000000,0.000000,20.000000,-5.400000,0.000000
630.612976,0.000000,0.000000,-60.770000,0.000000,0.000000,20.000000,-5.400000,0.000000
630.617981,0.000000,0.000000,-60.770000,0.000000,0.000000,20.000000,-5.400000,0.000000
630.622986,0.000000,0.000000,-60.770000,0.000000,0.000000,20.000000,-5.400000,0.000000
630.627991,0.000000,0.000000,-60.759998,0.000000,0.000000,20.000000,-5.400000,0.000000
630.632996,0.000000,0.000000,-60.770000,0.000000,0.000000,20.000000,-5.400000,0.000000
630.638000,0.000000,0.000000,-60.759998,0.000000,0.000000,20.000000,-5.400000,0.000000
630.643005,0.000000,0.000000,-60.759998,0.000000,0.000000,20.000000,-5.400000,0.000000
630.648010,0.000000,0.000000,-60.770000,0.000000,0.000000,20.000000,-5.400000,0.000000
630.653015,0.000000,0.000000,-60.759998,0.000000,0.000000,20.000000,-5.400000,0.000000
630.658020,0.000000,0.000000,-60.759998,0.000000,0.000000,20.000000,-5.400000,0.000000
630.663025,0.000000,0.000000,-60.770000,0.000000,0.000000,20.000000,-5.400000,0.000000
630.668030,0.000000,0.000000,-60.770000,0.000000,0.000000,20.000000,-5.400000,0.000000
630.672974,0.000000,0.000000,-60.770000,0.000000,0.000000,20.000000,-5.400000,0.000000
630.677979,0.000000,0.000000,-60.770000,0.000000,0.000000,20.000000,-5.400000,0.000000
630.682983,0.000000,0.000000,-60.759998,0.000000,0.000000,20.000000,-5.400000,0.000000
630.687988,0.000000,0.000000,-60.759998,0.000000,0.000000,20.000000,-5.400000,0.000000
630.692993,0.000000,0.000000,-60.759998,0.000000,0.000000,20.000000,-5.400000,0.000000
630.697998,0.000000,0.000000,-60.759998,0.000000,0.000000,20.000000,-5.400000,0.000000
630.703003,0.000000,0.000000,-60.759998,0.000000,0.000000,20.000000,-5.400000,0.000000
630.708008,0.000000,0.000000,-60.770000,0.000000,0.000000,20.000000,-5.400000,0.000000
630.713013,0.000000,0.000000,-60.770000,0.000000,0.000000,20.000000,-5.400000,0.000000
630.718018,0.000000,0.000000,-60.759998,0.000000,0.000000,20.000000,-5.400000,0.000000
630.723022,0.000000,0.000000,-60.770000,0.000000,0.000000,20.000000,-5.400000,0.000000
630.728027,0.000000,0.000000,-60.770000,0.000000,0.000000,20.000000,-5.400000,0.000000
630.732971,0.000000,0.000000,-60.770000,0.000000,0.000000,20.000000,-5.400000,0.000000
630.737976,0.000000,0.000000,-60.770000,0.000000,0.000000,20.000000,-5.400000,0.000000
630.742981,0.000000,0.000000,-60.770000,0.000000,0.000000,20.000000,-5.400000,0.000000
630.747986,0.000000,0.000000,-60.770000,0.000000,0.000000,20.000000,-5.400000,0.000000
630.752991,0.000000,0.000000,-60.770000,0.000000,0.000000,20.000000,-5.400000,0.000000
630.757996,0.000000,0.000000,-60.770000,0.000000,0.000000,20.000000,-5.400000,0.000000
630.763000,0.000000,0.000000,-60.770000,0.000000,0.000000,20.000000,-5.400000,0.000000
630.768005,0.000000,0.000000,-60.770000,0.000000,0.000000,20.000000,-5.400000,0.000000
630.773010,0.000000,0.000000,-60.770000,0.000000,0.000000,20.000000,-5.400000,0.000000
630.778015,0.000000,0.000000,-60.779999,0.000000,0.000000,20.000000,-5.400000,0.000000
630.783020,0.000000,0.000000,-60.779999,0.000000,0.000000,20.000000,-5.400000,0.000000
630.788025,0.000000,0.000000,-60.779999,0.000000,0.000000,20.000000,-5.400000,0.000000
630.793030,0.000000,0.000000,-60.770000,0.000000,0.000000,20.000000,-5.400000,0.000000
630.797974,0.000000,0.000000,-60.779999,0.000000,0.000000,20.000000,-5.400000,0.000000
630.802979,0.000000,0.000000,-60.770000,0.000000,0.000000,20.000000,-5.400000,0.000000
630.807983,0.000000,0.000000,-60.770000,0.000000,0.000000,20.000000,-5.400000,0.000000
630.812988,0.000000,0.000000,-60.779999,0.000000,0.000000,20.000000,-5.400000,0.000000
630.817993,0.000000,0.000000,-60.779999,0.000000,0.000000,20.000000,-5.400000,0.000000
630.822998,0.000000,0.000000,-60.770000,0.000000,0.000000,20.000000,-5.400000,0.000000
630.828003,0.000000,0.000000,-60.770000,0.000000,0.000000,20.000000,-5.400000,0.000000
630.833008,0.000000,0.000000,-60.770000,0.000000,0.000000,20.000000,-5.400000,0.000000
630.838013,0.000000,0.000000,-60.770000,0.000000,0.000000,20.000000,-5.400000,0.000000
630.843018,0.000000,0.000000,-60.759998,0.000000,0.000000,20.000000,-5.400000,0.000000
630.848022,0.000000,0.000000,-60.759998,0.000000,0.000000,20.000000,-5.400000,0.000000
630.853027,0.000000,0.000000,-60.759998,0.000000,0.000000,20.000000,-5.400000,0.000000
630.857971,0.000000,0.000000,-60.759998,0.000000,0.000000,20.000000,-5.400000,0.000000
630.862976,0.000000,0.000000,-60.759998,0.000000,0.000000,20.000000,-5.400000,0.000000
630.867981,0.000000,0.000000,-60.759998,0.000000,0.000000,20.000000,-5.400000,0.000000
630.872986,0.000000,0.000000,-60.759998,0.000000,0.000000,20.000000,-5.400000,0.000000
630.877991,0.000000,0.000000,-60.759998,0.000000,0.000000,20.000000,-5.400000,0.000000
630.882996,0.000000,0.000000,-60.759998,0.000000,0.000000,20.000000,-5.400000,0.000000
630.888000,0.000000,0.000000,-60.770000,0.000000,0.000000,20.000000,-5.400000,0.000000
630.893005,0.000000,0.000000,-60.770000,0.000000,0.000000,20.000000,-5.400000,0.000000
630.898010,0.000000,0.000000,-60.770000,0.000000,0.000000,20.000000,-5.400000,0.000000
630.903015,0.000000,0.000000,-60.770000,0.000000,0.000000,20.000000,-5.400000,0.000000
630.908020,0.000000,0.000000,-60.770000,0.000000,0.000000,20.000000,-5.400000,0.000000
630.913025,0.000000,0.000000,-60.770000,0.000000,0.000000,20.000000,-5.400000,0.000000
630.918030,0.000000,0.000000,-60.779999,0.000000,0.000000,20.000000,-5.400000,0.000000
630.922974,0.000000,0.000000,-60.779999,0.000000,0.000000,20.000000,-5.400000,0.000000
630.927979,0.000000,0.000000,-60.779999,0.000000,0.000000,20.000000,-5.400000,0.000000
630.932983,0.000000,0.000000,-60.779999,0.000000,0.000000,20.000000,-5.400000,0.000000
630.937988,0.000000,0.000000,-60.779999,0.000000,0.000000,20.000000,-5.400000,0.000000
630.942993,0.000000,0.000000,-60.779999,0.000000,0.000000,20.000000,-5.400000,0.000000
630.947998,0.000000,0.000000,-60.779999,0.000000,0.000000,20.000000,-5.400000,0.000000
630.953003,0.000000,0.000000,-60.779999,0.000000,0.000000,20.000000,-5.400000,0.000000
630.958008,0.000000,0.000000,-60.779999,0.000000,0.000000,20.000000,-5.400000,0.000000
630.963013,0.000000,0.000000,-60.779999,0.000000,0.000000,20.000000,-5.400000,0.000000
630.968018,0.000000,0.000000,-60.779999,0.000000,0.000000,20.000000,-5.400000,0.000000
630.973022,0.000000,0.000000,-60.779999,0.000000,0.000000,20.000000,-5.400000,0.000000
630.978027,0.000000,0.000000,-60.790001,0.000000,0.000000,20.000000,-5.400000,0.000000
630.982971,0.000000,0.000000,-60.790001,0.000000,0.000000,20.000000,-5.400000,0.000000
630.987976,0.000000,0.000000,-60.790001,0.000000,0.000000,20.000000,-5.400000,0.000000
630.992981,0.000000,0.000000,-60.790001,0.000000,0.000000,20.000000,-5.400000,0.000000
630.997986,0.000000,0.000000,-60.790001,0.000000,0.000000,20.000000,-5.400000,0.000000
631.002991,0.000000,0.000000,-60.790001,0.000000,0.000000,20.000000,-5.400000,0.000000
631.007996,0.000000,0.000000,-60.799999,0.000000,0.000000,20.000000,-5.400000,0.000000
631.013000,0.000000,0.000000,-60.799999,0.000000,0.000000,20.000000,-5.400000,0.000000
631.018005,0.000000,0.000000,-60.799999,0.000000,0.000000,20.000000,-5.400000,0.000000
631.023010,0.000000,0.000000,-60.799999,0.000000,0.000000,20.000000,-5.400000,0.000000
631.028015,0.000000,0.000000,-60.799999,0.000000,0.000000,20.000000,-5.400000,0.000000
631.033020,0.000000,0.000000,-60.799999,0.000000,0.000000,20.000000,-5.400000,0.000000
631.038025,0.000000,0.000000,-60.799999,0.000000,0.000000,20.000000,-5.400000,0.000000
631.043030,0.000000,0.000000,-60.799999,0.000000,0.000000,20.000000,-5.400000,0.000000
631.047974,0.000000,0.000000,-60.799999,0.000000,0.000000,20.000000,-5.400000,0.000000
631.052979,0.000000,0.000000,-60.799999,0.000000,0.000000,20.000000,-5.400000,0.000000
631.057983,0.000000,0.000000,-60.799999,0.000000,0.000000,20.000000,-5.400000,0.000000
631.062988,0.000000,0.000000,-60.810001,0.000000,0.000000,20.000000,-5.400000,0.000000
631.067993,0.000000,0.000000,-60.810001,0.000000,0.000000,20.000000,-5.400000,0.000000
631.072998,0.000000,0.000000,-60.810001,0.000000,0.000000,20.000000,-5.400000,0.000000
631.078003,0.000000,0.000000,-60.799999,0.000000,0.000000,20.000000,-5.400000,0.000000
631.083008,0.000000,0.000000,-60.810001,0.000000,0.000000,20.000000,-5.400000,0.000000
631.088013,0.000000,0.000000,-60.799999,0.000000,0.000000,20.000000,-5.400000,0.000000
631.093018,0.000000,0.000000,-60.799999,0.000000,0.000000,20.000000,-5.400000,0.000000
631.098022,0.000000,0.000000,-60.810001,0.000000,0.000000,20.000000,-5.400000,0.000000
631.103027,0.000000,0.000000,-60.810001,0.000000,0.000000,20.000000,-5.400000,0.000000
631.107971,0.000000,0.000000,-60.810001,0.000000,0.000000,20.000000,-5.400000,0.000000
631.112976,0.000000,0.000000,-60.810001,0.000000,0.000000,20.000000,-5.400000,0.000000
631.117981,0.000000,0.000000,-60.799999,0.000000,0.000000,20.000000,-5.400000,0.000000
631.122986,0.000000,0.000000,-60.810001,0.000000,0.000000,20.000000,-5.400000,0.000000
631.127991,0.000000,0.000000,-60.799999,0.000000,0.000000,20.000000,-5.400000,0.000000
631.132996,0.000000,0.000000,-60.810001,0.000000,0.000000,20.000000,-5.400000,0.000000
631.138000,0.000000,0.000000,-60.810001,0.000000,0.000000,20.000000,-5.400000,0.000000
631.143005,0.000000,0.000000,-60.810001,0.000000,0.000000,20.000000,-5.400000,0.000000
631.148010,0.000000,0.000000,-60.810001,0.000000,0.000000,20.000000,-5.400000,0.000000
631.153015,0.000000,0.000000,-60.810001,0.000000,0.000000,20.000000,-5.400000,0.000000
631.158020,0.000000,0.000000,-60.810001,0.000000,0.000000,20.000000,-5.400000,0.000000
631.163025,0.000000,0.000000,-60.810001,0.000000,0.000000,20.000000,-5.400000,0.000000
631.168030,0.000000,0.000000,-60.810001,0.000000,0.000000,20.000000,-5.400000,0.000000
631.172974,0.000000,0.000000,-60.810001,0.000000,0.000000,20.000000,-5.400000,0.000000
631.177979,0.000000,0.000000,-60.810001,0.000000,0.000000,20.000000,-5.400000,0.000000
631.182983,0.000000,0.000000,-60.810001,0.000000,0.000000,20.000000,-5.400000,0.000000
631.187988,0.000000,0.000000,-60.810001,0.000000,0.000000,20.000000,-5.400000,0.000000
631.192993,0.000000,0.000000,-60.810001,0.000000,0.000000,20.000000,-5.400000,0.000000
631.197998,0.000000,0.000000,-60.810001,0.000000,0.000000,20.000000,-5.400000,0.000000
631.203003,0.000000,0.000000,-60.810001,0.000000,0.000000,20.000000,-5.400000,0.000000
631.208008,0.000000,0.000000,-60.810001,0.000000,0.000000,20.000000,-5.400000,0.000000
631.213013,0.000000,0.000000,-60.810001,0.000000,0.000000,20.000000,-5.400000,0.000000
631.218018,0.000000,0.000000,-60.810001,0.000000,0.000000,20.000000,-5.400000,0.000000
631.223022,0.000000,0.000000,-60.810001,0.000000,0.000000,20.000000,-5.400000,0.000000
631.228027,0.000000,0.000000,-60.810001,0.000000,0.000000,20.000000,-5.400000,0.000000
631.232971,0.000000,0.000000,-60.810001,0.000000,0.000000,20.000000,-5.400000,0.000000
631.237976,0.000000,0.000000,-60.810001,0.000000,0.000000,20.000000,-5.400000,0.000000
631.242981,0.000000,0.000000,-60.810001,0.000000,0.000000,20.000000,-5.400000,0.000000
631.247986,0.000000,0.000000,-60.810001,0.000000,0.000000,20.000000,-5.400000,0.000000
631.252991,0.000000,0.000000,-60.810001,0.000000,0.000000,20.000000,-5.400000,0.000000
631.257996,0.000000,0.000000,-60.810001,0.000000,0.000000,20.000000,-5.400000,0.000000
631.263000,0.000000,0.000000,-60.810001,0.000000,0.000000,20.000000,-5.400000,0.000000
631.268005,0.000000,0.000000,-60.810001,0.000000,0.000000,20.000000,-5.400000,0.000000
631.273010,0.000000,0.000000,-60.810001,0.000000,0.000000,20.000000,-5.400000,0.000000
631.278015,0.000000,0.000000,-60.810001,0.000000,0.000000,20.000000,-5.400000,0.000000
631.283020,0.000000,0.000000,-60.810001,0.000000,0.000000,20.000000,-5.400000,0.000000
631.288025,0.000000,0.000000,-60.820000,0.000000,0.000000,20.000000,-5.400000,0.000000
631.293030,0.000000,0.000000,-60.810001,0.000000,0.000000,20.000000,-5.400000,0.000000
631.297974,0.000000,0.000000,-60.810001,0.000000,0.000000,20.000000,-5.400000,0.000000
631.302979,0.000000,0.000000,-60.810001,0.000000,0.000000,20.000000,-5.400000,0.000000
631.307983,0.000000,0.000000,-60.810001,0.000000,0.000000,20.000000,-5.400000,0.000000
631.312988,0.000000,0.000000,-60.810001,0.000000,0.000000,20.000000,-5.400000,0.000000
631.317993,0.000000,0.000000,-60.810001,0.000000,0.000000,20.000000,-5.400000,0.000000
631.322998,0.000000,0.000000,-60.810001,0.000000,0.000000,20.000000,-5.400000,0.000000
631.328003,0.000000,0.000000,-60.810001,0.000000,0.000000,20.000000,-5.400000,0.000000
631.333008,0.000000,0.000000,-60.810001,0.000000,0.000000,20.000000,-5.400000,0.000000
631.338013,0.000000,0.000000,-60.810001,0.000000,0.000000,20.000000,-5.400000,0.000000
631.343018,0.000000,0.000000,-60.810001,0.000000,0.000000,20.000000,-5.400000,0.000000
631.348022,0.000000,0.000000,-60.810001,0.000000,0.000000,20.000000,-5.400000,0.000000
631.353027,0.000000,0.000000,-60.820000,0.000000,0.000000,20.000000,-5.400000,0.000000
631.357971,0.000000,0.000000,-60.810001,0.000000,0.000000,20.000000,-5.400000,0.000000
631.362976,0.000000,0.000000,-60.810001,0.000000,0.000000,20.000000,-5.400000,0.000000
631.367981,0.000000,0.000000,-60.820000,0.000000,0.000000,20.000000,-5.400000,0.000000
631.372986,0.000000,0.000000,-60.820000,0.000000,0.000000,20.000000,-5.400000,0.000000
631.377991,0.000000,0.000000,-60.820000,0.000000,0.000000,20.000000,-5.400000,0.000000
631.382996,0.000000,0.000000,-60.820000,0.000000,0.000000,20.000000,-5.400000,0.000000
631.388000,0.000000,0.000000,-60.820000,0.000000,0.000000,20.000000,-5.400000,0.000000
631.393005,0.000000,0.000000,-60.820000,0.000000,0.000000,20.000000,-5.400000,0.000000
631.398010,0.000000,0.000000,-60.820000,0.000000,0.000000,20.000000,-5.400000,0.000000
631.403015,0.000000,0.000000,-60.820000,0.000000,0.000000,20.000000,-5.400000,0.000000
631.408020,0.000000,0.000000,-60.810001,0.000000,0.000000,20.000000,-5.400000,0.000000
631.413025,0.000000,0.000000,-60.820000,0.000000,0.000000,20.000000,-5.400000,0.000000
631.418030,0.000000,0.000000,-60.820000,0.000000,0.000000,20.000000,-5.400000,0.000000
631.422974,0.000000,0.000000,-60.810001,0.000000,0.000000,20.000000,-5.400000,0.000000
631.427979,0.000000,0.000000,-60.820000,0.000000,0.000000,20.000000,-5.400000,0.000000
631.432983,0.000000,0.000000,-60.820000,0.000000,0.000000,20.000000,-5.400000,0.000000
631.437988,0.000000,0.000000,-60.820000,0.000000,0.000000,20.000000,-5.400000,0.000000
631.442993,0.000000,0.000000,-60.820000,0.000000,0.000000,20.000000,-5.400000,0.000000
631.447998,0.000000,0.000000,-60.820000,0.000000,0.000000,20.000000,-5.400000,0.000000
631.453003,0.000000,0.000000,-60.820000,0.000000,0.000000,20.000000,-5.400000,0.000000
631.458008,0.000000,0.000000,-60.820000,0.000000,0.000000,20.000000,-5.400000,0.000000
631.463013,0.000000,0.000000,-60.830002,0.000000,0.000000,20.000000,-5.400000,0.000000
631.468018,0.000000,0.000000,-60.830002,0.000000,0.000000,20.000000,-5.400000,0.000000
631.473022,0.000000,0.000000,-60.830002,0.000000,0.000000,20.000000,-5.400000,0.000000
631.478027,0.000000,0.000000,-60.830002,0.000000,0.000000,20.000000,-5.400000,0.000000
631.482971,0.000000,0.000000,-60.830002,0.000000,0.000000,20.000000,-5.400000,0.000000
631.487976,0.000000,0.000000,-60.830002,0.000000,0.000000,20.000000,-5.400000,0.000000
631.492981,0.000000,0.000000,-60.830002,0.000000,0.000000,20.000000,-5.400000,0.000000
631.497986,0.000000,0.000000,-60.830002,0.000000,0.000000,20.000000,-5.400000,0.000000
631.502991,0.000000,0.000000,-60.830002,0.000000,0.000000,20.000000,-5.400000,0.000000
631.507996,0.000000,0.000000,-60.830002,0.000000,0.000000,20.000000,-5.400000,0.000000
631.513000,0.000000,0.000000,-60.830002,0.000000,0.000000,20.000000,-5.400000,0.000000
631.518005,0.000000,0.000000,-60.830002,0.000000,0.000000,20.000000,-5.400000,0.000000
631.523010,0.000000,0.000000,-60.840000,0.000000,0.000000,20.000000,-5.400000,0.000000
631.528015,0.000000,0.000000,-60.830002,0.000000,0.000000,20.000000,-5.400000,0.000000
631.533020,0.000000,0.000000,-60.840000,0.000000,0.000000,20.000000,-5.400000,0.000000
631.538025,0.000000,0.000000,-60.840000,0.000000,0.000000,20.000000,-5.400000,0.000000
631.543030,0.000000,0.000000,-60.840000,0.000000,0.000000,20.000000,-5.400000,0.000000
631.547974,0.000000,0.000000,-60.840000,0.000000,0.000000,20.000000,-5.400000,0.000000
631.552979,0.000000,0.000000,-60.830002,0.000000,0.000000,20.000000,-5.400000,0.000000
631.557983,0.000000,0.000000,-60.830002,0.000000,0.000000,20.000000,-5.400000,0.000000
631.562988,0.000000,0.000000,-60.830002,0.000000,0.000000,20.000000,-5.400000,0.000000
631.567993,0.000000,0.000000,-60.830002,0.000000,0.000000,20.000000,-5.400000,0.000000
631.572998,0.000000,0.000000,-60.830002,0.000000,0.000000,20.000000,-5.400000,0.000000
631.578003,0.000000,0.000000,-60.830002,0.000000,0.000000,20.000000,-5.400000,0.000000
631.583008,0.000000,0.000000,-60.830002,0.000000,0.000000,20.000000,-5.400000,0.000000
631.588013,0.000000,0.000000,-60.830002,0.000000,0.000000,20.000000,-5.400000,0.000000
631.593018,0.000000,0.000000,-60.830002,0.000000,0.000000,20.000000,-5.400000,0.000000
631.598022,0.000000,0.000000,-60.830002,0.000000,0.000000,20.000000,-5.400000,0.000000
631.603027,0.000000,0.000000,-60.830002,0.000000,0.000000,20.000000,-5.400000,0.000000
631.607971,0.000000,0.000000,-60.830002,0.000000,0.000000,20.000000,-5.400000,0.000000
631.612976,0.000000,0.000000,-60.830002,0.000000,0.000000,20.000000,-5.400000,0.000000
631.617981,0.000000,0.000000,-60.830002,0.000000,0.000000,20.000000,-5.400000,0.000000
631.622986,0.000000,0.000000,-60.830002,0.000000,0.000000,20.000000,-5.400000,0.000000
631.627991,0.000000,0.000000,-60.830002,0.000000,0.000000,20.000000,-5.400000,0.000000
631.632996,0.000000,0.000000,-60.830002,0.000000,0.000000,20.000000,-5.400000,0.000000
631.638000,0.000000,0.000000,-60.830002,0.000000,0.000000,20.000000,-5.400000,0.000000
631.643005,0.000000,0.000000,-60.830002,0.000000,0.000000,20.000000,-5.400000,0.000000
631.648010,0.000000,0.000000,-60.830002,0.000000,0.000000,20.000000,-5.400000,0.000000
631.653015,0.000000,0.000000,-60.830002,0.000000,0.000000,20.000000,-5.400000,0.000000
631.658020,0.000000,0.000000,-60.830002,0.000000,0.000000,20.000000,-5.400000,0.000000
631.663025,0.000000,0.000000,-60.830002,0.000000,0.000000,20.000000,-5.400000,0.000000
631.668030,0.000000,0.000000,-60.830002,0.000000,0.000000,20.000000,-5.400000,0.000000
631.672974,0.000000,0.000000,-60.830002,0.000000,0.000000,20.000000,-5.400000,0.000000
631.677979,0.000000,0.000000,-60.830002,0.000000,0.000000,20.000000,-5.400000,0.000000
631.682983,0.000000,0.000000,-60.830002,0.000000,0.000000,20.000000,-5.400000,0.000000
631.687988,0.000000,0.000000,-60.830002,0.000000,0.000000,20.000000,-5.400000,0.000000
631.692993,0.000000,0.000000,-60.830002,0.000000,0.000000,20.000000,-5.400000,0.000000
631.697998,0.000000,0.000000,-60.830002,0.000000,0.000000,20.000000,-5.400000,0.000000
631.703003,0.000000,0.000000,-60.820000,0.000000,0.000000,20.000000,-5.400000,0.000000
631.708008,0.000000,0.000000,-60.820000,0.000000,0.000000,20.000000,-5.400000,0.000000
631.713013,0.000000,0.000000,-60.820000,0.000000,0.000000,20.000000,-5.400000,0.000000
631.718018,0.000000,0.000000,-60.820000,0.000000,0.000000,20.000000,-5.400000,0.000000
631.723022,0.000000,0.000000,-60.820000,0.000000,0.000000,20.000000,-5.400000,0.000000
631.728027,0.000000,0.000000,-60.820000,0.000000,0.000000,20.000000,-5.400000,0.000000
631.732971,0.000000,0.000000,-60.820000,0.000000,0.000000,20.000000,-5.400000,0.000000
631.737976,0.000000,0.000000,-60.820000,0.000000,0.000000,20.000000,-5.400000,0.000000
631.742981,0.000000,0.000000,-60.830002,0.000000,0.000000,20.000000,-5.400000,0.000000
631.747986,0.000000,0.000000,-60.830002,0.000000,0.000000,20.000000,-5.400000,0.000000
631.752991,0.000000,0.000000,-60.820000,0.000000,0.000000,20.000000,-5.400000,0.000000
631.757996,0.000000,0.000000,-60.820000,0.000000,0.000000,20.000000,-5.400000,0.000000
631.763000,0.000000,0.000000,-60.820000,0.000000,0.000000,20.000000,-5.400000,0.000000
631.768005,0.000000,0.000000,-60.820000,0.000000,0.000000,20.000000,-5.400000,0.000000
631.773010,0.000000,0.000000,-60.820000,0.000000,0.000000,20.000000,-5.400000,0.000000
631.778015,0.000000,0.000000,-60.820000,0.000000,0.000000,20.000000,-5.400000,0.000000
631.783020,0.000000,0.000000,-60.820000,0.000000,0.000000,20.000000,-5.400000,0.000000
631.788025,0.000000,0.000000,-60.820000,0.000000,0.000000,20.000000,-5.400000,0.000000
631.793030,0.000000,0.000000,-60.820000,0.000000,0.000000,20.000000,-5.400000,0.000000
631.797974,0.000000,0.000000,-60.820000,0.000000,0.000000,20.000000,-5.400000,0.000000
631.802979,0.000000,0.000000,-60.830002,0.000000,0.000000,20.000000,-5.400000,0.000000
631.807983,0.000000,0.000000,-60.830002,0.000000,0.000000,20.000000,-5.400000,0.000000
631.812988,0.000000,0.000000,-60.830002,0.000000,0.000000,20.000000,-5.400000,0.000000
631.817993,0.000000,0.000000,-60.830002,0.000000,0.000000,20.000000,-5.400000,0.000000
631.822998,0.000000,0.000000,-60.830002,0.000000,0.000000,20.000000,-5.400000,0.000000
631.828003,0.000000,0.000000,-60.830002,0.000000,0.000000,20.000000,-5.400000,0.000000
631.833008,0.000000,0.000000,-60.830002,0.000000,0.000000,20.000000,-5.400000,0.000000
631.838013,0.000000,0.000000,-60.830002,0.000000,0.000000,20.000000,-5.400000,0.000000
631.843018,0.000000,0.000000,-60.830002,0.000000,0.000000,20.000000,-5.400000,0.000000
631.848022,0.000000,0.000000,-60.830002,0.000000,0.000000,20.000000,-5.400000,0.000000
631.853027,0.000000,0.000000,-60.830002,0.000000,0.000000,20.000000,-5.400000,0.000000
631.857971,0.000000,0.000000,-60.830002,0.000000,0.000000,20.000000,-5.400000,0.000000
631.862976,0.000000,0.000000,-60.830002,0.000000,0.000000,20.000000,-5.400000,0.000000
631.867981,0.000000,0.000000,-60.830002,0.000000,0.000000,20.000000,-5.400000,0.000000
631.872986,0.000000,0.000000,-60.830002,0.000000,0.000000,20.000000,-5.400000,0.000000
631.877991,0.000000,0.000000,-60.830002,0.000000,0.000000,20.000000,-5.400000,0.000000
631.882996,0.000000,0.000000,-60.830002,0.000000,0.000000,20.000000,-5.400000,0.000000
631.888000,0.000000,0.000000,-60.830002,0.000000,0.000000,20.000000,-5.400000,0.000000
631.893005,0.000000,0.000000,-60.830002,0.000000,0.000000,20.000000,-5.400000,0.000000
631.898010,0.000000,0.000000,-60.820000,0.000000,0.000000,20.000000,-5.400000,0.000000
631.903015,0.000000,0.000000,-60.820000,0.000000,0.000000,20.000000,-5.400000,0.000000
631.908020,0.000000,0.000000,-60.820000,0.000000,0.000000,20.000000,-5.400000,0.000000
631.913025,0.000000,0.000000,-60.820000,0.000000,0.000000,20.000000,-5.400000,0.000000
631.918030,0.000000,0.000000,-60.820000,0.000000,0.000000,20.000000,-5.400000,0.000000
631.922974,0.000000,0.000000,-60.820000,0.000000,0.000000,20.000000,-5.400000,0.000000
631.927979,0.000000,0.000000,-60.820000,0.000000,0.000000,20.000000,-5.400000,0.000000
631.932983,0.000000,0.000000,-60.820000,0.000000,0.000000,20.000000,-5.400000,0.000000
631.937988,0.000000,0.000000,-60.820000,0.000000,0.000000,20.000000,-5.400000,0.000000
631.942993,0.000000,0.000000,-60.820000,0.000000,0.000000,20.000000,-5.400000,0.000000
631.947998,0.000000,0.000000,-60.820000,0.000000,0.000000,20.000000,-5.400000,0.000000
631.953003,0.000000,0.000000,-60.820000,0.000000,0.000000,20.000000,-5.400000,0.000000
631.958008,0.000000,0.000000,-60.820000,0.000000,0.000000,20.000000,-5.400000,0.000000
631.963013,0.000000,0.000000,-60.820000,0.000000,0.000000,20.000000,-5.400000,0.000000
631.968018,0.000000,0.000000,-60.830002,0.000000,0.000000,20.000000,-5.400000,0.000000
631.973022,0.000000,0.000000,-60.820000,0.000000,0.000000,20.000000,-5.400000,0.000000
631.978027,0.000000,0.000000,-60.830002,0.000000,0.000000,20.000000,-5.400000,0.000000
631.982971,0.000000,0.000000,-60.830002,0.000000,0.000000,20.000000,-5.400000,0.000000
631.987976,0.000000,0.000000,-60.830002,0.000000,0.000000,20.000000,-5.400000,0.000000
631.992981,0.000000,0.000000,-60.830002,0.000000,0.000000,20.000000,-5.400000,0.000000
631.997986,0.000000,0.000000,-60.830002,0.000000,0.000000,20.000000,-5.400000,0.000000
632.002991,0.000000,0.000000,-60.830002,0.000000,0.000000,20.000000,-5.400000,0.000000
632.007996,0.000000,0.000000,-60.830002,0.000000,0.000000,20.000000,-5.400000,0.000000
632.013000,0.000000,0.000000,-60.830002,0.000000,0.000000,20.000000,-5.400000,0.000000
632.018005,0.000000,0.000000,-60.830002,0.000000,0.000000,20.000000,-5.400000,0.000000
632.023010,0.000000,0.000000,-60.830002,0.000000,0.000000,20.000000,-5.400000,0.000000
632.028015,0.000000,0.000000,-60.820000,0.000000,0.000000,20.000000,-5.400000,0.000000
632.033020,0.000000,0.000000,-60.830002,0.000000,0.000000,20.000000,-5.400000,0.000000
632.038025,0.000000,0.000000,-60.830002,0.000000,0.000000,20.000000,-5.400000,0.000000
632.043030,0.000000,0.000000,-60.830002,0.000000,0.000000,20.000000,-5.400000,0.000000
632.047974,0.000000,0.000000,-60.830002,0.000000,0.000000,20.000000,-5.400000,0.000000
632.052979,0.000000,0.000000,-60.830002,0.000000,0.000000,20.000000,-5.400000,0.000000
632.057983,0.000000,0.000000,-60.830002,0.000000,0.000000,20.000000,-5.400000,0.000000
632.062988,0.000000,0.000000,-60.820000,0.000000,0.000000,20.000000,-5.400000,0.000000
632.067993,0.000000,0.000000,-60.820000,0.000000,0.000000,20.000000,-5.400000,0.000000
632.072998,0.000000,0.000000,-60.820000,0.000000,0.000000,20.000000,-5.400000,0.000000
632.078003,0.000000,0.000000,-60.820000,0.000000,0.000000,20.000000,-5.400000,0.000000
632.083008,0.000000,0.000000,-60.820000,0.000000,0.000000,20.000000,-5.400000,0.000000
632.088013,0.000000,0.000000,-60.820000,0.000000,0.000000,20.000000,-5.400000,0.000000
632.093018,0.000000,0.000000,-60.820000,0.000000,0.000000,20.000000,-5.400000,0.000000
632.098022,0.000000,0.000000,-60.820000,0.000000,0.000000,20.000000,-5.400000,0.000000
632.103027,0.000000,0.000000,-60.820000,0.000000,0.000000,20.000000,-5.400000,0.000000
632.107971,0.000000,0.000000,-60.810001,0.000000,0.000000,20.000000,-5.400000,0.000000
632.112976,0.000000,0.000000,-60.810001,0.000000,0.000000,20.000000,-5.400000,0.000000
632.117981,0.000000,0.000000,-60.810001,0.000000,0.000000,20.000000,-5.400000,0.000000
632.122986,0.000000,0.000000,-60.820000,0.000000,0.000000,20.000000,-5.400000,0.000000
632.127991,0.000000,0.000000,-60.820000,0.000000,0.000000,20.000000,-5.400000,0.000000
632.132996,0.000000,0.000000,-60.820000,0.000000,0.000000,20.000000,-5.400000,0.000000
632.138000,0.000000,0.000000,-60.820000,0.000000,0.000000,20.000000,-5.400000,0.000000
632.143005,0.000000,0.000000,-60.810001,0.000000,0.000000,20.000000,-5.400000,0.000000
632.148010,0.000000,0.000000,-60.810001,0.000000,0.000000,20.000000,-5.400000,0.000000
632.153015,0.000000,0.000000,-60.810001,0.000000,0.000000,20.000000,-5.400000,0.000000
632.158020,0.000000,0.000000,-60.810001,0.000000,0.000000,20.000000,-5.400000,0.000000
632.163025,0.000000,0.000000,-60.810001,0.000000,0.000000,20.000000,-5.400000,0.000000
632.168030,0.000000,0.000000,-60.810001,0.000000,0.000000,20.000000,-5.400000,0.000000
632.172974,0.000000,0.000000,-60.820000,0.000000,0.000000,20.000000,-5.400000,0.000000
632.177979,0.000000,0.000000,-60.810001,0.000000,0.000000,20.000000,-5.400000,0.000000
632.182983,0.000000,0.000000,-60.820000,0.000000,0.000000,20.000000,-5.400000,0.000000
632.187988,0.000000,0.000000,-60.810001,0.000000,0.000000,20.000000,-5.400000,0.000000
632.192993,0.000000,0.000000,-60.820000,0.000000,0.000000,20.000000,-5.400000,0.000000
632.197998,0.000000,0.000000,-60.820000,0.000000,0.000000,20.000000,-5.400000,0.000000
632.203003,0.000000,0.000000,-60.820000,0.000000,0.000000,20.000000,-5.400000,0.000000
632.208008,0.000000,0.000000,-60.820000,0.000000,0.000000,20.000000,-5.400000,0.000000
632.213013,0.000000,0.000000,-60.810001,0.000000,0.000000,20.000000,-5.400000,0.000000
632.218018,0.000000,0.000000,-60.810001,0.000000,0.000000,20.000000,-5.400000,0.000000
632.223022,0.000000,0.000000,-60.810001,0.000000,0.000000,20.000000,-5.400000,0.000000
632.228027,0.000000,0.000000,-60.810001,0.000000,0.000000,20.000000,-5.400000,0.000000
632.232971,0.000000,0.000000,-60.799999,0.000000,0.000000,20.000000,-5.400000,0.000000
632.237976,0.000000,0.000000,-60.799999,0.000000,0.000000,20.000000,-5.400000,0.000000
632.242981,0.000000,0.000000,-60.799999,0.000000,0.000000,20.000000,-5.400000,0.000000
632.247986,0.000000,0.000000,-60.799999,0.000000,0.000000,20.000000,-5.400000,0.000000
632.252991,0.000000,0.000000,-60.799999,0.000000,0.000000,20.000000,-5.400000,0.000000
632.257996,0.000000,0.000000,-60.810001,0.000000,0.000000,20.000000,-5.400000,0.000000
632.263000,0.000000,0.000000,-60.810001,0.000000,0.000000,20.000000,-5.400000,0.000000
632.268005,0.000000,0.000000,-60.810001,0.000000,0.000000,20.000000,-5.400000,0.000000
632.273010,0.000000,0.000000,-60.810001,0.000000,0.000000,20.000000,-5.400000,0.000000
632.278015,0.000000,0.000000,-60.810001,0.000000,0.000000,20.000000,-5.400000,0.000000
632.283020,0.000000,0.000000,-60.810001,0.000000,0.000000,20.000000,-5.400000,0.000000
632.288025,0.000000,0.000000,-60.810001,0.000000,0.000000,20.000000,-5.400000,0.000000
632.293030,0.000000,0.000000,-60.810001,0.000000,0.000000,20.000000,-5.400000,0.000000
632.297974,0.000000,0.000000,-60.810001,0.000000,0.000000,20.000000,-5.400000,0.000000
632.302979,0.000000,0.000000,-60.810001,0.000000,0.000000,20.000000,-5.400000,0.000000
632.307983,0.000000,0.000000,-60.810001,0.000000,0.000000,20.000000,-5.400000,0.000000
632.312988,0.000000,0.000000,-60.810001,0.000000,0.000000,20.000000,-5.400000,0.000000
632.317993,0.000000,0.000000,-60.810001,0.000000,0.000000,20.000000,-5.400000,0.000000
632.322998,0.000000,0.000000,-60.810001,0.000000,0.000000,20.000000,-5.400000,0.000000
632.328003,0.000000,0.000000,-60.810001,0.000000,0.000000,20.000000,-5.400000,0.000000
632.333008,0.000000,0.000000,-60.799999,0.000000,0.000000,20.000000,-5.400000,0.000000
632.338013,0.000000,0.000000,-60.810001,0.000000,0.000000,20.000000,-5.400000,0.000000
632.343018,0.000000,0.000000,-60.810001,0.000000,0.000000,20.000000,-5.400000,0.000000
632.348022,0.000000,0.000000,-60.810001,0.000000,0.000000,20.000000,-5.400000,0.000000
632.353027,0.000000,0.000000,-60.810001,0.000000,0.000000,20.000000,-5.400000,0.000000
632.357971,0.000000,0.000000,-60.810001,0.000000,0.000000,20.000000,-5.400000,0.000000
632.362976,0.000000,0.000000,-60.810001,0.000000,0.000000,20.000000,-5.400000,0.000000
632.367981,0.000000,0.000000,-60.810001,0.000000,0.000000,20.000000,-5.400000,0.000000
632.372986,0.000000,0.000000,-60.810001,0.000000,0.000000,20.000000,-5.400000,0.000000
632.377991,0.000000,0.000000,-60.810001,0.000000,0.000000,20.000000,-5.400000,0.000000
632.382996,0.000000,0.000000,-60.810001,0.000000,0.000000,20.000000,-5.400000,0.000000
632.388000,0.000000,0.000000,-60.810001,0.000000,0.000000,20.000000,-5.400000,0.000000
632.393005,0.000000,0.000000,-60.810001,0.000000,0.000000,20.000000,-5.400000,0.000000
632.398010,0.000000,0.000000,-60.810001,0.000000,0.000000,20.000000,-5.400000,0.000000
632.403015,0.000000,0.000000,-60.810001,0.000000,0.000000,20.000000,-5.400000,0.000000
632.408020,0.000000,0.000000,-60.810001,0.000000,0.000000,20.000000,-5.400000,0.000000
632.413025,0.000000,0.000000,-60.810001,0.000000,0.000000,20.000000,-5.400000,0.000000
632.418030,0.000000,0.000000,-60.810001,0.000000,0.000000,20.000000,-5.400000,0.000000
632.422974,0.000000,0.000000,-60.799999,0.000000,0.000000,20.000000,-5.400000,0.000000
632.427979,0.000000,0.000000,-60.810001,0.000000,0.000000,20.000000,-5.400000,0.000000
632.432983,0.000000,0.000000,-60.810001,0.000000,0.000000,20.000000,-5.400000,0.000000
632.437988,0.000000,0.000000,-60.810001,0.000000,0.000000,20.000000,-5.400000,0.000000
632.442993,0.000000,0.000000,-60.810001,0.000000,0.000000,20.000000,-5.400000,0.000000
632.447998,0.000000,0.000000,-60.810001,0.000000,0.000000,20.000000,-5.400000,0.000000
632.453003,0.000000,0.000000,-60.810001,0.000000,0.000000,20.000000,-5.400000,0.000000
632.458008,0.000000,0.000000,-60.810001,0.000000,0.000000,20.000000,-5.400000,0.000000
632.463013,0.000000,0.000000,-60.799999,0.000000,0.000000,20.000000,-5.400000,0.000000
632.468018,0.000000,0.000000,-60.799999,0.000000,0.000000,20.000000,-5.400000,0.000000
632.473022,0.000000,0.000000,-60.799999,0.000000,0.000000,20.000000,-5.400000,0.000000
632.478027,0.000000,0.000000,-60.799999,0.000000,0.000000,20.000000,-5.400000,0.000000
632.482971,0.000000,0.000000,-60.790001,0.000000,0.000000,20.000000,-5.400000,0.000000
632.487976,0.000000,0.000000,-60.799999,0.000000,0.000000,20.000000,-5.400000,0.000000
632.492981,0.000000,0.000000,-60.799999,0.000000,0.000000,20.000000,-5.400000,0.000000
632.497986,0.000000,0.000000,-60.799999,0.000000,0.000000,20.000000,-5.400000,0.000000
632.502991,0.000000,0.000000,-60.799999,0.000000,0.000000,20.000000,-5.400000,0.000000
632.507996,0.000000,0.000000,-60.799999,0.000000,0.000000,20.000000,-5.400000,0.000000
632.513000,0.000000,0.000000,-60.799999,0.000000,0.000000,20.000000,-5.400000,0.000000
632.518005,0.000000,0.000000,-60.799999,0.000000,0.000000,20.000000,-5.400000,0.000000
632.523010,0.000000,0.000000,-60.799999,0.000000,0.000000,20.000000,-5.400000,0.000000
632.528015,0.000000,0.000000,-60.799999,0.000000,0.000000,20.000000,-5.400000,0.000000
632.533020,0.000000,0.000000,-60.810001,0.000000,0.000000,20.000000,-5.400000,0.000000
632.538025,0.000000,0.000000,-60.799999,0.000000,0.000000,20.000000,-5.400000,0.000000
632.543030,0.000000,0.000000,-60.799999,0.000000,0.000000,20.000000,-5.400000,0.000000
632.547974,0.000000,0.000000,-60.810001,0.000000,0.000000,20.000000,-5.400000,0.000000
632.552979,0.000000,0.000000,-60.810001,0.000000,0.000000,20.000000,-5.400000,0.000000
632.557983,0.000000,0.000000,-60.820000,0.000000,0.000000,20.000000,-5.400000,0.000000
632.562988,0.000000,0.000000,-60.810001,0.000000,0.000000,20.000000,-5.400000,0.000000
632.567993,0.000000,0.000000,-60.810001,0.000000,0.000000,20.000000,-5.400000,0.000000
632.572998,0.000000,0.000000,-60.810001,0.000000,0.000000,20.000000,-5.400000,0.000000
632.578003,0.000000,0.000000,-60.810001,0.000000,0.000000,20.000000,-5.400000,0.000000
632.583008,0.000000,0.000000,-60.810001,0.000000,0.000000,20.000000,-5.400000,0.000000
632.588013,0.000000,0.000000,-60.810001,0.000000,0.000000,20.000000,-5.400000,0.000000
632.593018,0.000000,0.000000,-60.810001,0.000000,0.000000,20.000000,-5.400000,0.000000
632.598022,0.000000,0.000000,-60.820000,0.000000,0.000000,20.000000,-5.400000,0.000000
632.603027,0.000000,0.000000,-60.820000,0.000000,0.000000,20.000000,-5.400000,0.000000
632.607971,0.000000,0.000000,-60.820000,0.000000,0.000000,20.000000,-5.400000,0.000000
632.612976,0.000000,0.000000,-60.820000,0.000000,0.000000,20.000000,-5.400000,0.000000
632.617981,0.000000,0.000000,-60.810001,0.000000,0.000000,20.000000,-5.400000,0.000000
632.622986,0.000000,0.000000,-60.810001,0.000000,0.000000,20.000000,-5.400000,0.000000
632.627991,0.000000,0.000000,-60.810001,0.000000,0.000000,20.000000,-5.400000,0.000000
632.632996,0.000000,0.000000,-60.810001,0.000000,0.000000,20.000000,-5.400000,0.000000
632.638000,0.000000,0.000000,-60.820000,0.000000,0.000000,20.000000,-5.400000,0.000000
632.643005,0.000000,0.000000,-60.820000,0.000000,0.000000,20.000000,-5.400000,0.000000
632.648010,0.000000,0.000000,-60.820000,0.000000,0.000000,20.000000,-5.400000,0.000000
632.653015,0.000000,0.000000,-60.820000,0.000000,0.000000,20.000000,-5.400000,0.000000
632.658020,0.000000,0.000000,-60.820000,0.000000,0.000000,20.000000,-5.400000,0.000000
632.663025,0.000000,0.000000,-60.820000,0.000000,0.000000,20.000000,-5.400000,0.000000
632.668030,0.000000,0.000000,-60.830002,0.000000,0.000000,20.000000,-5.400000,0.000000
632.672974,0.000000,0.000000,-60.830002,0.000000,0.000000,20.000000,-5.400000,0.000000
632.677979,0.000000,0.000000,-60.830002,0.000000,0.000000,20.000000,-5.400000,0.000000
632.682983,0.000000,0.000000,-60.830002,0.000000,0.000000,20.000000,-5.400000,0.000000
632.687988,0.000000,0.000000,-60.820000,0.000000,0.000000,20.000000,-5.400000,0.000000
632.692993,0.000000,0.000000,-60.820000,0.000000,0.000000,20.000000,-5.400000,0.000000
632.697998,0.000000,0.000000,-60.820000,0.000000,0.000000,20.000000,-5.400000,0.000000
632.703003,0.000000,0.000000,-60.820000,0.000000,0.000000,20.000000,-5.400000,0.000000
632.708008,0.000000,0.000000,-60.820000,0.000000,0.000000,20.000000,-5.400000,0.000000
632.713013,0.000000,0.000000,-60.820000,0.000000,0.000000,20.000000,-5.400000,0.000000
632.718018,0.000000,0.000000,-60.820000,0.000000,0.000000,20.000000,-5.400000,0.000000
632.723022,0.000000,0.000000,-60.820000,0.000000,0.000000,20.000000,-5.400000,0.000000
632.728027,0.000000,0.000000,-60.820000,0.000000,0.000000,20.000000,-5.400000,0.000000
632.732971,0.000000,0.000000,-60.820000,0.000000,0.000000,20.000000,-5.400000,0.000000
632.737976,0.000000,0.000000,-60.820000,0.000000,0.000000,20.000000,-5.400000,0.000000
632.742981,0.000000,0.000000,-60.820000,0.000000,0.000000,20.000000,-5.400000,0.000000
632.747986,0.000000,0.000000,-60.820000,0.000000,0.000000,20.000000,-5.400000,0.000000
632.752991,0.000000,0.000000,-60.820000,0.000000,0.000000,20.000000,-5.400000,0.000000
632.757996,0.000000,0.000000,-60.820000,0.000000,0.000000,20.000000,-5.400000,0.000000
632.763000,0.000000,0.000000,-60.820000,0.000000,0.000000,20.000000,-5.400000,0.000000
632.768005,0.000000,0.000000,-60.830002,0.000000,0.000000,20.000000,-5.400000,0.000000
632.773010,0.000000,0.000000,-60.830002,0.000000,0.000000,20.000000,-5.400000,0.000000
632.778015,0.000000,0.000000,-60.830002,0.000000,0.000000,20.000000,-5.400000,0.000000
632.783020,0.000000,0.000000,-60.820000,0.000000,0.000000,20.000000,-5.400000,0.000000
632.788025,0.000000,0.000000,-60.830002,0.000000,0.000000,20.000000,-5.400000,0.000000
632.793030,0.000000,0.000000,-60.830002,0.000000,0.000000,20.000000,-5.400000,0.000000
632.797974,0.000000,0.000000,-60.830002,0.000000,0.000000,20.000000,-5.400000,0.000000
632.802979,0.000000,0.000000,-60.830002,0.000000,0.000000,20.000000,-5.400000,0.000000
632.807983,0.000000,0.000000,-60.830002,0.000000,0.000000,20.000000,-5.400000,0.000000
632.812988,0.000000,0.000000,-60.840000,0.000000,0.000000,20.000000,-5.400000,0.000000
632.817993,0.000000,0.000000,-60.840000,0.000000,0.000000,20.000000,-5.400000,0.000000
632.822998,0.000000,0.000000,-60.840000,0.000000,0.000000,20.000000,-5.400000,0.000000
632.828003,0.000000,0.000000,-60.840000,0.000000,0.000000,20.000000,-5.400000,0.000000
632.833008,0.000000,0.000000,-60.840000,0.000000,0.000000,20.000000,-5.400000,0.000000
632.838013,0.000000,0.000000,-60.840000,0.000000,0.000000,20.000000,-5.400000,0.000000
632.843018,0.000000,0.000000,-60.840000,0.000000,0.000000,20.000000,-5.400000,0.000000
632.848022,0.000000,0.000000,-60.840000,0.000000,0.000000,20.000000,-5.400000,0.000000
632.853027,0.000000,0.000000,-60.840000,0.000000,0.000000,20.000000,-5.400000,0.000000
632.857971,0.000000,0.000000,-60.840000,0.000000,0.000000,20.000000,-5.400000,0.000000
632.862976,0.000000,0.000000,-60.840000,0.000000,0.000000,20.000000,-5.400000,0.000000
632.867981,0.000000,0.000000,-60.840000,0.000000,0.000000,20.000000,-5.400000,0.000000
632.872986,0.000000,0.000000,-60.840000,0.000000,0.000000,20.000000,-5.400000,0.000000
632.877991,0.000000,0.000000,-60.840000,0.000000,0.000000,20.000000,-5.400000,0.000000
632.882996,0.000000,0.000000,-60.840000,0.000000,0.000000,20.000000,-5.400000,0.000000
632.888000,0.000000,0.000000,-60.840000,0.000000,0.000000,20.000000,-5.400000,0.000000
632.893005,0.000000,0.000000,-60.840000,0.000000,0.000000,20.000000,-5.400000,0.000000
632.898010,0.000000,0.000000,-60.840000,0.000000,0.000000,20.000000,-5.400000,0.000000
632.903015,0.000000,0.000000,-60.840000,0.000000,0.000000,20.000000,-5.400000,0.000000
632.908020,0.000000,0.000000,-60.840000,0.000000,0.000000,20.000000,-5.400000,0.000000
632.913025,0.000000,0.000000,-60.840000,0.000000,0.000000,20.000000,-5.400000,0.000000
632.918030,0.000000,0.000000,-60.840000,0.000000,0.000000,20.000000,-5.400000,0.000000
632.922974,0.000000,0.000000,-60.840000,0.000000,0.000000,20.000000,-5.400000,0.000000
632.927979,0.000000,0.000000,-60.849998,0.000000,0.000000,20.000000,-5.400000,0.000000
632.932983,0.000000,0.000000,-60.840000,0.000000,0.000000,20.000000,-5.400000,0.000000
632.937988,0.000000,0.000000,-60.840000,0.000000,0.000000,20.000000,-5.400000,0.000000
632.942993,0.000000,0.000000,-60.840000,0.000000,0.000000,20.000000,-5.400000,0.000000
632.947998,0.000000,0.000000,-60.840000,0.000000,0.000000,20.000000,-5.400000,0.000000
632.953003,0.000000,0.000000,-60.840000,0.000000,0.000000,20.000000,-5.400000,0.000000
632.958008,0.000000,0.000000,-60.840000,0.000000,0.000000,20.000000,-5.400000,0.000000
632.963013,0.000000,0.000000,-60.840000,0.000000,0.000000,20.000000,-5.400000,0.000000
632.968018,0.000000,0.000000,-60.830002,0.000000,0.000000,20.000000,-5.400000,0.000000
632.973022,0.000000,0.000000,-60.830002,0.000000,0.000000,20.000000,-5.400000,0.000000
632.978027,0.000000,0.000000,-60.830002,0.000000,0.000000,20.000000,-5.400000,0.000000
632.982971,0.000000,0.000000,-60.840000,0.000000,0.000000,20.000000,-5.400000,0.000000
632.987976,0.000000,0.000000,-60.840000,0.000000,0.000000,20.000000,-5.400000,0.000000
632.992981,0.000000,0.000000,-60.840000,0.000000,0.000000,20.000000,-5.400000,0.000000
632.997986,0.000000,0.000000,-60.840000,0.000000,0.000000,20.000000,-5.400000,0.000000
633.002991,0.000000,0.000000,-60.840000,0.000000,0.000000,20.000000,-5.400000,0.000000
633.007996,0.000000,0.000000,-60.840000,0.000000,0.000000,20.000000,-5.400000,0.000000
633.013000,0.000000,0.000000,-60.840000,0.000000,0.000000,20.000000,-5.400000,0.000000
633.018005,0.000000,0.000000,-60.840000,0.000000,0.000000,20.000000,-5.400000,0.000000
633.023010,0.000000,0.000000,-60.840000,0.000000,0.000000,20.000000,-5.400000,0.000000
633.028015,0.000000,0.000000,-60.840000,0.000000,0.000000,20.000000,-5.400000,0.000000
633.033020,0.000000,0.000000,-60.840000,0.000000,0.000000,20.000000,-5.400000,0.000000
633.038025,0.000000,0.000000,-60.840000,0.000000,0.000000,20.000000,-5.400000,0.000000
633.043030,0.000000,0.000000,-60.840000,0.000000,0.000000,20.000000,-5.400000,0.000000
633.047974,0.000000,0.000000,-60.840000,0.000000,0.000000,20.000000,-5.400000,0.000000
633.052979,0.000000,0.000000,-60.849998,0.000000,0.000000,20.000000,-5.400000,0.000000
633.057983,0.000000,0.000000,-60.849998,0.000000,0.000000,20.000000,-5.400000,0.000000
633.062988,0.000000,0.000000,-60.840000,0.000000,0.000000,20.000000,-5.400000,0.000000
633.067993,0.000000,0.000000,-60.840000,0.000000,0.000000,20.000000,-5.400000,0.000000
633.072998,0.000000,0.000000,-60.840000,0.000000,0.000000,20.000000,-5.400000,0.000000
633.078003,0.000000,0.000000,-60.840000,0.000000,0.000000,20.000000,-5.400000,0.000000
633.083008,0.000000,0.000000,-60.840000,0.000000,0.000000,20.000000,-5.400000,0.000000
633.088013,0.000000,0.000000,-60.840000,0.000000,0.000000,20.000000,-5.400000,0.000000
633.093018,0.000000,0.000000,-60.840000,0.000000,0.000000,20.000000,-5.400000,0.000000
633.098022,0.000000,0.000000,-60.840000,0.000000,0.000000,20.000000,-5.400000,0.000000
633.103027,0.000000,0.000000,-60.840000,0.000000,0.000000,20.000000,-5.400000,0.000000
633.107971,0.000000,0.000000,-60.840000,0.000000,0.000000,20.000000,-5.400000,0.000000
633.112976,0.000000,0.000000,-60.840000,0.000000,0.000000,20.000000,-5.400000,0.000000
633.117981,0.000000,0.000000,-60.840000,0.000000,0.000000,20.000000,-5.400000,0.000000
633.122986,0.000000,0.000000,-60.840000,0.000000,0.000000,20.000000,-5.400000,0.000000
633.127991,0.000000,0.000000,-60.840000,0.000000,0.000000,20.000000,-5.400000,0.000000
633.132996,0.000000,0.000000,-60.830002,0.000000,0.000000,20.000000,-5.400000,0.000000
633.138000,0.000000,0.000000,-60.840000,0.000000,0.000000,20.000000,-5.400000,0.000000
633.143005,0.000000,0.000000,-60.840000,0.000000,0.000000,20.000000,-5.400000,0.000000
633.148010,0.000000,0.000000,-60.840000,0.000000,0.000000,20.000000,-5.400000,0.000000
633.153015,0.000000,0.000000,-60.840000,0.000000,0.000000,20.000000,-5.400000,0.000000
633.158020,0.000000,0.000000,-60.840000,0.000000,0.000000,20.000000,-5.400000,0.000000
633.163025,0.000000,0.000000,-60.840000,0.000000,0.000000,20.000000,-5.400000,0.000000
633.168030,0.000000,0.000000,-60.840000,0.000000,0.000000,20.000000,-5.400000,0.000000
633.172974,0.000000,0.000000,-60.840000,0.000000,0.000000,20.000000,-5.400000,0.000000
633.177979,0.000000,0.000000,-60.840000,0.000000,0.000000,20.000000,-5.400000,0.000000
633.182983,0.000000,0.000000,-60.840000,0.000000,0.000000,20.000000,-5.400000,0.000000
633.187988,0.000000,0.000000,-60.840000,0.000000,0.000000,20.000000,-5.400000,0.000000
633.192993,0.000000,0.000000,-60.830002,0.000000,0.000000,20.000000,-5.400000,0.000000
633.197998,0.000000,0.000000,-60.830002,0.000000,0.000000,20.000000,-5.400000,0.000000
633.203003,0.000000,0.000000,-60.830002,0.000000,0.000000,20.000000,-5.400000,0.000000
633.208008,0.000000,0.000000,-60.830002,0.000000,0.000000,20.000000,-5.400000,0.000000
633.213013,0.000000,0.000000,-60.830002,0.000000,0.000000,20.000000,-5.400000,0.000000
633.218018,0.000000,0.000000,-60.830002,0.000000,0.000000,20.000000,-5.400000,0.000000
633.223022,0.000000,0.000000,-60.830002,0.000000,0.000000,20.000000,-5.400000,0.000000
633.228027,0.000000,0.000000,-60.830002,0.000000,0.000000,20.000000,-5.400000,0.000000
633.232971,0.000000,0.000000,-60.830002,0.000000,0.000000,20.000000,-5.400000,0.000000
633.237976,0.000000,0.000000,-60.840000,0.000000,0.000000,20.000000,-5.400000,0.000000
633.242981,0.000000,0.000000,-60.840000,0.000000,0.000000,20.000000,-5.400000,0.000000
633.247986,0.000000,0.000000,-60.840000,0.000000,0.000000,20.000000,-5.400000,0.000000
633.252991,0.000000,0.000000,-60.840000,0.000000,0.000000,20.000000,-5.400000,0.000000
633.257996,0.000000,0.000000,-60.840000,0.000000,0.000000,20.000000,-5.400000,0.000000
633.263000,0.000000,0.000000,-60.840000,0.000000,0.000000,20.000000,-5.400000,0.000000
633.268005,0.000000,0.000000,-60.849998,0.000000,0.000000,20.000000,-5.400000,0.000000
633.273010,0.000000,0.000000,-60.840000,0.000000,0.000000,20.000000,-5.400000,0.000000
633.278015,0.000000,0.000000,-60.840000,0.000000,0.000000,20.000000,-5.400000,0.000000
633.283020,0.000000,0.000000,-60.840000,0.000000,0.000000,20.000000,-5.400000,0.000000
633.288025,0.000000,0.000000,-60.840000,0.000000,0.000000,20.000000,-5.400000,0.000000
633.293030,0.000000,0.000000,-60.849998,0.000000,0.000000,20.000000,-5.400000,0.000000
633.297974,0.000000,0.000000,-60.840000,0.000000,0.000000,20.000000,-5.400000,0.000000
633.302979,0.000000,0.000000,-60.840000,0.000000,0.000000,20.000000,-5.400000,0.000000
633.307983,0.000000,0.000000,-60.840000,0.000000,0.000000,20.000000,-5.400000,0.000000
633.312988,0.000000,0.000000,-60.840000,0.000000,0.000000,20.000000,-5.400000,0.000000
633.317993,0.000000,0.000000,-60.840000,0.000000,0.000000,20.000000,-5.400000,0.000000
633.322998,0.000000,0.000000,-60.840000,0.000000,0.000000,20.000000,-5.400000,0.000000
633.328003,0.000000,0.000000,-60.840000,0.000000,0.000000,20.000000,-5.400000,0.000000
633.333008,0.000000,0.000000,-60.849998,0.000000,0.000000,20.000000,-5.400000,0.000000
633.338013,0.000000,0.000000,-60.849998,0.000000,0.000000,20.000000,-5.400000,0.000000
633.343018,0.000000,0.000000,-60.849998,0.000000,0.000000,20.000000,-5.400000,0.000000
633.348022,0.000000,0.000000,-60.849998,0.000000,0.000000,20.000000,-5.400000,0.000000
633.353027,0.000000,0.000000,-60.849998,0.000000,0.000000,20.000000,-5.400000,0.000000
633.357971,0.000000,0.000000,-60.849998,0.000000,0.000000,20.000000,-5.400000,0.000000
633.362976,0.000000,0.000000,-60.849998,0.000000,0.000000,20.000000,-5.400000,0.000000
633.367981,0.000000,0.000000,-60.849998,0.000000,0.000000,20.000000,-5.400000,0.000000
633.372986,0.000000,0.000000,-60.849998,0.000000,0.000000,20.000000,-5.400000,0.000000
633.377991,0.000000,0.000000,-60.860001,0.000000,0.000000,20.000000,-5.400000,0.000000
633.382996,0.000000,0.000000,-60.860001,0.000000,0.000000,20.000000,-5.400000,0.000000
633.388000,0.000000,0.000000,-60.849998,0.000000,0.000000,20.000000,-5.400000,0.000000
633.393005,0.000000,0.000000,-60.849998,0.000000,0.000000,20.000000,-5.400000,0.000000
633.398010,0.000000,0.000000,-60.849998,0.000000,0.000000,20.000000,-5.400000,0.000000
633.403015,0.000000,0.000000,-60.849998,0.000000,0.000000,20.000000,-5.400000,0.000000
633.408020,0.000000,0.000000,-60.849998,0.000000,0.000000,20.000000,-5.400000,0.000000
633.413025,0.000000,0.000000,-60.849998,0.000000,0.000000,20.000000,-5.400000,0.000000
633.418030,0.000000,0.000000,-60.849998,0.000000,0.000000,20.000000,-5.400000,0.000000
633.422974,0.000000,0.000000,-60.849998,0.000000,0.000000,20.000000,-5.400000,0.000000
633.427979,0.000000,0.000000,-60.849998,0.000000,0.000000,20.000000,-5.400000,0.000000
633.432983,0.000000,0.000000,-60.849998,0.000000,0.000000,20.000000,-5.400000,0.000000
633.437988,0.000000,0.000000,-60.849998,0.000000,0.000000,20.000000,-5.400000,0.000000
633.442993,0.000000,0.000000,-60.860001,0.000000,0.000000,20.000000,-5.400000,0.000000
633.447998,0.000000,0.000000,-60.860001,0.000000,0.000000,20.000000,-5.400000,0.000000
633.453003,0.000000,0.000000,-60.860001,0.000000,0.000000,20.000000,-5.400000,0.000000
633.458008,0.000000,0.000000,-60.860001,0.000000,0.000000,20.000000,-5.400000,0.000000
633.463013,0.000000,0.000000,-60.860001,0.000000,0.000000,20.000000,-5.400000,0.000000
633.468018,0.000000,0.000000,-60.860001,0.000000,0.000000,20.000000,-5.400000,0.000000
633.473022,0.000000,0.000000,-60.860001,0.000000,0.000000,20.000000,-5.400000,0.000000
633.478027,0.000000,0.000000,-60.860001,0.000000,0.000000,20.000000,-5.400000,0.000000
633.482971,0.000000,0.000000,-60.860001,0.000000,0.000000,20.000000,-5.400000,0.000000
633.487976,0.000000,0.000000,-60.860001,0.000000,0.000000,20.000000,-5.400000,0.000000
633.492981,0.000000,0.000000,-60.860001,0.000000,0.000000,20.000000,-5.400000,0.000000
633.497986,0.000000,0.000000,-60.849998,0.000000,0.000000,20.000000,-5.400000,0.000000
633.502991,0.000000,0.000000,-60.849998,0.000000,0.000000,20.000000,-5.400000,0.000000
633.507996,0.000000,0.000000,-60.849998,0.000000,0.000000,20.000000,-5.400000,0.000000
633.513000,0.000000,0.000000,-60.849998,0.000000,0.000000,20.000000,-5.400000,0.000000
633.518005,0.000000,0.000000,-60.849998,0.000000,0.000000,20.000000,-5.400000,0.000000
633.523010,0.000000,0.000000,-60.849998,0.000000,0.000000,20.000000,-5.400000,0.000000
633.528015,0.000000,0.000000,-60.849998,0.000000,0.000000,20.000000,-5.400000,0.000000
633.533020,0.000000,0.000000,-60.849998,0.000000,0.000000,20.000000,-5.400000,0.000000
633.538025,0.000000,0.000000,-60.849998,0.000000,0.000000,20.000000,-5.400000,0.000000
633.543030,0.000000,0.000000,-60.849998,0.000000,0.000000,20.000000,-5.400000,0.000000
633.547974,0.000000,0.000000,-60.849998,0.000000,0.000000,20.000000,-5.400000,0.000000
633.552979,0.000000,0.000000,-60.849998,0.000000,0.000000,20.000000,-5.400000,0.000000
633.557983,0.000000,0.000000,-60.849998,0.000000,0.000000,20.000000,-5.400000,0.000000
633.562988,0.000000,0.000000,-60.849998,0.000000,0.000000,20.000000,-5.400000,0.000000
633.567993,0.000000,0.000000,-60.849998,0.000000,0.000000,20.000000,-5.400000,0.000000
633.572998,0.000000,0.000000,-60.860001,0.000000,0.000000,20.000000,-5.400000,0.000000
633.578003,0.000000,0.000000,-60.860001,0.000000,0.000000,20.000000,-5.400000,0.000000
633.583008,0.000000,0.000000,-60.849998,0.000000,0.000000,20.000000,-5.400000,0.000000
633.588013,0.000000,0.000000,-60.849998,0.000000,0.000000,20.000000,-5.400000,0.000000
633.593018,0.000000,0.000000,-60.849998,0.000000,0.000000,20.000000,-5.400000,0.000000
633.598022,0.000000,0.000000,-60.849998,0.000000,0.000000,20.000000,-5.400000,0.000000
633.603027,0.000000,0.000000,-60.840000,0.000000,0.000000,20.000000,-5.400000,0.000000
633.607971,0.000000,0.000000,-60.849998,0.000000,0.000000,20.000000,-5.400000,0.000000
633.612976,0.000000,0.000000,-60.840000,0.000000,0.000000,20.000000,-5.400000,0.000000
633.617981,0.000000,0.000000,-60.840000,0.000000,0.000000,20.000000,-5.400000,0.000000
633.622986,0.000000,0.000000,-60.840000,0.000000,0.000000,20.000000,-5.400000,0.000000
633.627991,0.000000,0.000000,-60.840000,0.000000,0.000000,20.000000,-5.400000,0.000000
633.632996,0.000000,0.000000,-60.849998,0.000000,0.000000,20.000000,-5.400000,0.000000
633.638000,0.000000,0.000000,-60.849998,0.000000,0.000000,20.000000,-5.400000,0.000000
633.643005,0.000000,0.000000,-60.860001,0.000000,0.000000,20.000000,-5.400000,0.000000
633.648010,0.000000,0.000000,-60.849998,0.000000,0.000000,20.000000,-5.400000,0.000000
633.653015,0.000000,0.000000,-60.830002,0.000000,0.000000,20.000000,-5.400000,0.000000
633.658020,0.000000,0.000000,-60.820000,0.000000,0.000000,20.000000,-5.400000,0.000000
633.663025,0.000000,0.000000,-60.830002,0.000000,0.000000,20.000000,-5.400000,0.000000
633.668030,0.000000,0.000000,-60.849998,0.000000,0.000000,20.000000,-5.400000,0.000000
633.672974,0.000000,0.000000,-60.860001,0.000000,0.000000,20.000000,-5.400000,0.000000
633.677979,0.000000,0.000000,-60.860001,0.000000,0.000000,20.000000,-5.400000,0.000000
633.682983,0.000000,0.000000,-60.869999,0.000000,0.000000,20.000000,-5.400000,0.000000
633.687988,0.000000,0.000000,-60.860001,0.000000,0.000000,20.000000,-5.400000,0.000000
633.692993,0.000000,0.000000,-60.860001,0.000000,0.000000,20.000000,-5.400000,0.000000
633.697998,0.000000,0.000000,-60.840000,0.000000,0.000000,20.000000,-5.400000,0.000000
633.703003,0.000000,0.000000,-60.830002,0.000000,0.000000,20.000000,-5.400000,0.000000
633.708008,0.000000,0.000000,-60.840000,0.000000,0.000000,20.000000,-5.400000,0.000000
633.713013,0.000000,0.000000,-60.849998,0.000000,0.000000,20.000000,-5.400000,0.000000
633.718018,0.000000,0.000000,-60.849998,0.000000,0.000000,20.000000,-5.400000,0.000000
633.723022,0.000000,0.000000,-60.849998,0.000000,0.000000,20.000000,-5.400000,0.000000
633.728027,0.000000,0.000000,-60.849998,0.000000,0.000000,20.000000,-5.400000,0.000000
633.732971,0.000000,0.000000,-60.840000,0.000000,0.000000,20.000000,-5.400000,0.000000
633.737976,0.000000,0.000000,-60.840000,0.000000,0.000000,20.000000,-5.400000,0.000000
633.742981,0.000000,0.000000,-60.840000,0.000000,0.000000,20.000000,-5.400000,0.000000
633.747986,0.000000,0.000000,-60.840000,0.000000,0.000000,20.000000,-5.400000,0.000000
633.752991,0.000000,0.000000,-60.840000,0.000000,0.000000,20.000000,-5.400000,0.000000
633.757996,0.000000,0.000000,-60.849998,0.000000,0.000000,20.000000,-5.400000,0.000000
633.763000,0.000000,0.000000,-60.840000,0.000000,0.000000,20.000000,-5.400000,0.000000
633.768005,0.000000,0.000000,-60.840000,0.000000,0.000000,20.000000,-5.400000,0.000000
633.773010,0.000000,0.000000,-60.840000,0.000000,0.000000,20.000000,-5.400000,0.000000
633.778015,0.000000,0.000000,-60.840000,0.000000,0.000000,20.000000,-5.400000,0.000000
633.783020,0.000000,0.000000,-60.830002,0.000000,0.000000,20.000000,-5.400000,0.000000
633.788025,0.000000,0.000000,-60.830002,0.000000,0.000000,20.000000,-5.400000,0.000000
633.793030,0.000000,0.000000,-60.830002,0.000000,0.000000,20.000000,-5.400000,0.000000
633.797974,0.000000,0.000000,-60.840000,0.000000,0.000000,20.000000,-5.400000,0.000000
633.802979,0.000000,0.000000,-60.840000,0.000000,0.000000,20.000000,-5.400000,0.000000
633.807983,0.000000,0.000000,-60.830002,0.000000,0.000000,20.000000,-5.400000,0.000000
633.812988,0.000000,0.000000,-60.830002,0.000000,0.000000,20.000000,-5.400000,0.000000
633.817993,0.000000,0.000000,-60.820000,0.000000,0.000000,20.000000,-5.400000,0.000000
633.822998,0.000000,0.000000,-60.820000,0.000000,0.000000,20.000000,-5.400000,0.000000
633.828003,0.000000,0.000000,-60.820000,0.000000,0.000000,20.000000,-5.400000,0.000000
633.833008,0.000000,0.000000,-60.820000,0.000000,0.000000,20.000000,-5.400000,0.000000
633.838013,0.000000,0.000000,-60.830002,0.000000,0.000000,20.000000,-5.400000,0.000000
633.843018,0.000000,0.000000,-60.830002,0.000000,0.000000,20.000000,-5.400000,0.000000
633.848022,0.000000,0.000000,-60.830002,0.000000,0.000000,20.000000,-5.400000,0.000000
633.853027,0.000000,0.000000,-60.820000,0.000000,0.000000,20.000000,-5.400000,0.000000
633.857971,0.000000,0.000000,-60.820000,0.000000,0.000000,20.000000,-5.400000,0.000000
633.862976,0.000000,0.000000,-60.820000,0.000000,0.000000,20.000000,-5.400000,0.000000
633.867981,0.000000,0.000000,-60.820000,0.000000,0.000000,20.000000,-5.400000,0.000000
633.872986,0.000000,0.000000,-60.820000,0.000000,0.000000,20.000000,-5.400000,0.000000
633.877991,0.000000,0.000000,-60.830002,0.000000,0.000000,20.000000,-5.400000,0.000000
633.882996,0.000000,0.000000,-60.820000,0.000000,0.000000,20.000000,-5.400000,0.000000
633.888000,0.000000,0.000000,-60.820000,0.000000,0.000000,20.000000,-5.400000,0.000000
633.893005,0.000000,0.000000,-60.820000,0.000000,0.000000,20.000000,-5.400000,0.000000
633.898010,0.000000,0.000000,-60.810001,0.000000,0.000000,20.000000,-5.400000,0.000000
633.903015,0.000000,0.000000,-60.810001,0.000000,0.000000,20.000000,-5.400000,0.000000
633.908020,0.000000,0.000000,-60.820000,0.000000,0.000000,20.000000,-5.400000,0.000000
633.913025,0.000000,0.000000,-60.820000,0.000000,0.000000,20.000000,-5.400000,0.000000
633.918030,0.000000,0.000000,-60.820000,0.000000,0.000000,20.000000,-5.400000,0.000000
633.922974,0.000000,0.000000,-60.820000,0.000000,0.000000,20.000000,-5.400000,0.000000
633.927979,0.000000,0.000000,-60.820000,0.000000,0.000000,20.000000,-5.400000,0.000000
633.932983,0.000000,0.000000,-60.820000,0.000000,0.000000,20.000000,-5.400000,0.000000
633.937988,0.000000,0.000000,-60.810001,0.000000,0.000000,20.000000,-5.400000,0.000000
633.942993,0.000000,0.000000,-60.810001,0.000000,0.000000,20.000000,-5.400000,0.000000
633.947998,0.000000,0.000000,-60.810001,0.000000,0.000000,20.000000,-5.400000,0.000000
633.953003,0.000000,0.000000,-60.810001,0.000000,0.000000,20.000000,-5.400000,0.000000
633.958008,0.000000,0.000000,-60.810001,0.000000,0.000000,20.000000,-5.400000,0.000000
633.963013,0.000000,0.000000,-60.810001,0.000000,0.000000,20.000000,-5.400000,0.000000
633.968018,0.000000,0.000000,-60.810001,0.000000,0.000000,20.000000,-5.400000,0.000000
633.973022,0.000000,0.000000,-60.799999,0.000000,0.000000,20.000000,-5.400000,0.000000
633.978027,0.000000,0.000000,-60.799999,0.000000,0.000000,20.000000,-5.400000,0.000000
633.982971,0.000000,0.000000,-60.799999,0.000000,0.000000,20.000000,-5.400000,0.000000
633.987976,0.000000,0.000000,-60.799999,0.000000,0.000000,20.000000,-5.400000,0.000000
633.992981,0.000000,0.000000,-60.799999,0.000000,0.000000,20.000000,-5.400000,0.000000
633.997986,0.000000,0.000000,-60.810001,0.000000,0.000000,20.000000,-5.400000,0.000000
634.002991,0.000000,0.000000,-60.810001,0.000000,0.000000,20.000000,-5.400000,0.000000
634.007996,0.000000,0.000000,-60.799999,0.000000,0.000000,20.000000,-5.400000,0.000000
634.013000,0.000000,0.000000,-60.799999,0.000000,0.000000,20.000000,-5.400000,0.000000
634.018005,0.000000,0.000000,-60.799999,0.000000,0.000000,20.000000,-5.400000,0.000000
634.023010,0.000000,0.000000,-60.799999,0.000000,0.000000,20.000000,-5.400000,0.000000
634.028015,0.000000,0.000000,-60.799999,0.000000,0.000000,20.000000,-5.400000,0.000000
634.033020,0.000000,0.000000,-60.810001,0.000000,0.000000,20.000000,-5.400000,0.000000
634.038025,0.000000,0.000000,-60.799999,0.000000,0.000000,20.000000,-5.400000,0.000000
634.043030,0.000000,0.000000,-60.799999,0.000000,0.000000,20.000000,-5.400000,0.000000
634.047974,0.000000,0.000000,-60.790001,0.000000,0.000000,20.000000,-5.400000,0.000000
634.052979,0.000000,0.000000,-60.799999,0.000000,0.000000,20.000000,-5.400000,0.000000
634.057983,0.000000,0.000000,-60.799999,0.000000,0.000000,20.000000,-5.400000,0.000000
634.062988,0.000000,0.000000,-60.799999,0.000000,0.000000,20.000000,-5.400000,0.000000
634.067993,0.000000,0.000000,-60.799999,0.000000,0.000000,20.000000,-5.400000,0.000000
634.072998,0.000000,0.000000,-60.799999,0.000000,0.000000,20.000000,-5.400000,0.000000
634.078003,0.000000,0.000000,-60.799999,0.000000,0.000000,20.000000,-5.400000,0.000000
634.083008,0.000000,0.000000,-60.790001,0.000000,0.000000,20.000000,-5.400000,0.000000
634.088013,0.000000,0.000000,-60.790001,0.000000,0.000000,20.000000,-5.400000,0.000000
634.093018,0.000000,0.000000,-60.790001,0.000000,0.000000,20.000000,-5.400000,0.000000
634.098022,0.000000,0.000000,-60.790001,0.000000,0.000000,20.000000,-5.400000,0.000000
634.103027,0.000000,0.000000,-60.790001,0.000000,0.000000,20.000000,-5.400000,0.000000
634.107971,0.000000,0.000000,-60.779999,0.000000,0.000000,20.000000,-5.400000,0.000000
634.112976,0.000000,0.000000,-60.790001,0.000000,0.000000,20.000000,-5.400000,0.000000
634.117981,0.000000,0.000000,-60.790001,0.000000,0.000000,20.000000,-5.400000,0.000000
634.122986,0.000000,0.000000,-60.779999,0.000000,0.000000,20.000000,-5.400000,0.000000
634.127991,0.000000,0.000000,-60.779999,0.000000,0.000000,20.000000,-5.400000,0.000000
634.132996,0.000000,0.000000,-60.779999,0.000000,0.000000,20.000000,-5.400000,0.000000
634.138000,0.000000,0.000000,-60.779999,0.000000,0.000000,20.000000,-5.400000,0.000000
634.143005,0.000000,0.000000,-60.779999,0.000000,0.000000,20.000000,-5.400000,0.000000
634.148010,0.000000,0.000000,-60.779999,0.000000,0.000000,20.000000,-5.400000,0.000000
634.153015,0.000000,0.000000,-60.790001,0.000000,0.000000,20.000000,-5.400000,0.000000
634.158020,0.000000,0.000000,-60.790001,0.000000,0.000000,20.000000,-5.400000,0.000000
634.163025,0.000000,0.000000,-60.790001,0.000000,0.000000,20.000000,-5.400000,0.000000
634.168030,0.000000,0.000000,-60.790001,0.000000,0.000000,20.000000,-5.400000,0.000000
634.172974,0.000000,0.000000,-60.790001,0.000000,0.000000,20.000000,-5.400000,0.000000
634.177979,0.000000,0.000000,-60.790001,0.000000,0.000000,20.000000,-5.400000,0.000000
634.182983,0.000000,0.000000,-60.790001,0.000000,0.000000,20.000000,-5.400000,0.000000
634.187988,0.000000,0.000000,-60.790001,0.000000,0.000000,20.000000,-5.400000,0.000000
634.192993,0.000000,0.000000,-60.790001,0.000000,0.000000,20.000000,-5.400000,0.000000
634.197998,0.000000,0.000000,-60.779999,0.000000,0.000000,20.000000,-5.400000,0.000000
634.203003,0.000000,0.000000,-60.779999,0.000000,0.000000,20.000000,-5.400000,0.000000
634.208008,0.000000,0.000000,-60.790001,0.000000,0.000000,20.000000,-5.400000,0.000000
634.213013,0.000000,0.000000,-60.790001,0.000000,0.000000,20.000000,-5.400000,0.000000
634.218018,0.000000,0.000000,-60.779999,0.000000,0.000000,20.000000,-5.400000,0.000000
634.223022,0.000000,0.000000,-60.779999,0.000000,0.000000,20.000000,-5.400000,0.000000
634.228027,0.000000,0.000000,-60.779999,0.000000,0.000000,20.000000,-5.400000,0.000000
634.232971,0.000000,0.000000,-60.779999,0.000000,0.000000,20.000000,-5.400000,0.000000
634.237976,0.000000,0.000000,-60.779999,0.000000,0.000000,20.000000,-5.400000,0.000000
634.242981,0.000000,0.000000,-60.790001,0.000000,0.000000,20.000000,-5.400000,0.000000
634.247986,0.000000,0.000000,-60.779999,0.000000,0.000000,20.000000,-5.400000,0.000000
634.252991,0.000000,0.000000,-60.779999,0.000000,0.000000,20.000000,-5.400000,0.000000
634.257996,0.000000,0.000000,-60.779999,0.000000,0.000000,20.000000,-5.400000,0.000000
634.263000,0.000000,0.000000,-60.779999,0.000000,0.000000,20.000000,-5.400000,0.000000
634.268005,0.000000,0.000000,-60.779999,0.000000,0.000000,20.000000,-5.400000,0.000000
634.273010,0.000000,0.000000,-60.779999,0.000000,0.000000,20.000000,-5.400000,0.000000
634.278015,0.000000,0.000000,-60.779999,0.000000,0.000000,20.000000,-5.400000,0.000000
634.283020,0.000000,0.000000,-60.779999,0.000000,0.000000,20.000000,-5.400000,0.000000
634.288025,0.000000,0.000000,-60.779999,0.000000,0.000000,20.000000,-5.400000,0.000000
634.293030,0.000000,0.000000,-60.779999,0.000000,0.000000,20.000000,-5.400000,0.000000
634.297974,0.000000,0.000000,-60.779999,0.000000,0.000000,20.000000,-5.400000,0.000000
634.302979,0.000000,0.000000,-60.779999,0.000000,0.000000,20.000000,-5.400000,0.000000
634.307983,0.000000,0.000000,-60.770000,0.000000,0.000000,20.000000,-5.400000,0.000000
634.312988,0.000000,0.000000,-60.779999,0.000000,0.000000,20.000000,-5.400000,0.000000
634.317993,0.000000,0.000000,-60.779999,0.000000,0.000000,20.000000,-5.400000,0.000000
634.322998,0.000000,0.000000,-60.779999,0.000000,0.000000,20.000000,-5.400000,0.000000
634.328003,0.000000,0.000000,-60.779999,0.000000,0.000000,20.000000,-5.400000,0.000000
634.333008,0.000000,0.000000,-60.779999,0.000000,0.000000,20.000000,-5.400000,0.000000
634.338013,0.000000,0.000000,-60.779999,0.000000,0.000000,20.000000,-5.400000,0.000000
634.343018,0.000000,0.000000,-60.779999,0.000000,0.000000,20.000000,-5.400000,0.000000
634.348022,0.000000,0.000000,-60.779999,0.000000,0.000000,20.000000,-5.400000,0.000000
634.353027,0.000000,0.000000,-60.779999,0.000000,0.000000,20.000000,-5.400000,0.000000
634.357971,0.000000,0.000000,-60.790001,0.000000,0.000000,20.000000,-5.400000,0.000000
634.362976,0.000000,0.000000,-60.790001,0.000000,0.000000,20.000000,-5.400000,0.000000
634.367981,0.000000,0.000000,-60.779999,0.000000,0.000000,20.000000,-5.400000,0.000000
634.372986,0.000000,0.000000,-60.779999,0.000000,0.000000,20.000000,-5.400000,0.000000
634.377991,0.000000,0.000000,-60.779999,0.000000,0.000000,20.000000,-5.400000,0.000000
634.382996,0.000000,0.000000,-60.790001,0.000000,0.000000,20.000000,-5.400000,0.000000
634.388000,0.000000,0.000000,-60.790001,0.000000,0.000000,20.000000,-5.400000,0.000000
634.393005,0.000000,0.000000,-60.790001,0.000000,0.000000,20.000000,-5.400000,0.000000
634.398010,0.000000,0.000000,-60.799999,0.000000,0.000000,20.000000,-5.400000,0.000000
634.403015,0.000000,0.000000,-60.799999,0.000000,0.000000,20.000000,-5.400000,0.000000
634.408020,0.000000,0.000000,-60.799999,0.000000,0.000000,20.000000,-5.400000,0.000000
634.413025,0.000000,0.000000,-60.799999,0.000000,0.000000,20.000000,-5.400000,0.000000
634.418030,0.000000,0.000000,-60.790001,0.000000,0.000000,20.000000,-5.400000,0.000000
634.422974,0.000000,0.000000,-60.790001,0.000000,0.000000,20.000000,-5.400000,0.000000
634.427979,0.000000,0.000000,-60.790001,0.000000,0.000000,20.000000,-5.400000,0.000000
634.432983,0.000000,0.000000,-60.790001,0.000000,0.000000,20.000000,-5.400000,0.000000
634.437988,0.000000,0.000000,-60.790001,0.000000,0.000000,20.000000,-5.400000,0.000000
634.442993,0.000000,0.000000,-60.790001,0.000000,0.000000,20.000000,-5.400000,0.000000
634.447998,0.000000,0.000000,-60.790001,0.000000,0.000000,20.000000,-5.400000,0.000000
634.453003,0.000000,0.000000,-60.779999,0.000000,0.000000,20.000000,-5.400000,0.000000
634.458008,0.000000,0.000000,-60.790001,0.000000,0.000000,20.000000,-5.400000,0.000000
634.463013,0.000000,0.000000,-60.790001,0.000000,0.000000,20.000000,-5.400000,0.000000
634.468018,0.000000,0.000000,-60.790001,0.000000,0.000000,20.000000,-5.400000,0.000000
634.473022,0.000000,0.000000,-60.790001,0.000000,0.000000,20.000000,-5.400000,0.000000
634.478027,0.000000,0.000000,-60.790001,0.000000,0.000000,20.000000,-5.400000,0.000000
634.482971,0.000000,0.000000,-60.790001,0.000000,0.000000,20.000000,-5.400000,0.000000
634.487976,0.000000,0.000000,-60.779999,0.000000,0.000000,20.000000,-5.400000,0.000000
634.492981,0.000000,0.000000,-60.790001,0.000000,0.000000,20.000000,-5.400000,0.000000
634.497986,0.000000,0.000000,-60.779999,0.000000,0.000000,20.000000,-5.400000,0.000000
634.502991,0.000000,0.000000,-60.790001,0.000000,0.000000,20.000000,-5.400000,0.000000
634.507996,0.000000,0.000000,-60.790001,0.000000,0.000000,20.000000,-5.400000,0.000000
634.513000,0.000000,0.000000,-60.790001,0.000000,0.000000,20.000000,-5.400000,0.000000
634.518005,0.000000,0.000000,-60.790001,0.000000,0.000000,20.000000,-5.400000,0.000000
634.523010,0.000000,0.000000,-60.779999,0.000000,0.000000,20.000000,-5.400000,0.000000
634.528015,0.000000,0.000000,-60.779999,0.000000,0.000000,20.000000,-5.400000,0.000000
634.533020,0.000000,0.000000,-60.779999,0.000000,0.000000,20.000000,-5.400000,0.000000
634.538025,0.000000,0.000000,-60.779999,0.000000,0.000000,20.000000,-5.400000,0.000000
634.543030,0.000000,0.000000,-60.779999,0.000000,0.000000,20.000000,-5.400000,0.000000
634.547974,0.000000,0.000000,-60.779999,0.000000,0.000000,20.000000,-5.400000,0.000000
634.552979,0.000000,0.000000,-60.779999,0.000000,0.000000,20.000000,-5.400000,0.000000
634.557983,0.000000,0.000000,-60.779999,0.000000,0.000000,20.000000,-5.400000,0.000000
634.562988,0.000000,0.000000,-60.790001,0.000000,0.000000,20.000000,-5.400000,0.000000
634.567993,0.000000,0.000000,-60.779999,0.000000,0.000000,20.000000,-5.400000,0.000000
634.572998,0.000000,0.000000,-60.779999,0.000000,0.000000,20.000000,-5.400000,0.000000
634.578003,0.000000,0.000000,-60.779999,0.000000,0.000000,20.000000,-5.400000,0.000000
634.583008,0.000000,0.000000,-60.790001,0.000000,0.000000,20.000000,-5.400000,0.000000
634.588013,0.000000,0.000000,-60.779999,0.000000,0.000000,20.000000,-5.400000,0.000000
634.593018,0.000000,0.000000,-60.779999,0.000000,0.000000,20.000000,-5.400000,0.000000
634.598022,0.000000,0.000000,-60.779999,0.000000,0.000000,20.000000,-5.400000,0.000000
634.603027,0.000000,0.000000,-60.790001,0.000000,0.000000,20.000000,-5.400000,0.000000
634.607971,0.000000,0.000000,-60.779999,0.000000,0.000000,20.000000,-5.400000,0.000000
634.612976,0.000000,0.000000,-60.779999,0.000000,0.000000,20.000000,-5.400000,0.000000
634.617981,0.000000,0.000000,-60.779999,0.000000,0.000000,20.000000,-5.400000,0.000000
634.622986,0.000000,0.000000,-60.779999,0.000000,0.000000,20.000000,-5.400000,0.000000
634.627991,0.000000,0.000000,-60.779999,0.000000,0.000000,20.000000,-5.400000,0.000000
634.632996,0.000000,0.000000,-60.779999,0.000000,0.000000,20.000000,-5.400000,0.000000
634.638000,0.000000,0.000000,-60.779999,0.000000,0.000000,20.000000,-5.400000,0.000000
634.643005,0.000000,0.000000,-60.779999,0.000000,0.000000,20.000000,-5.400000,0.000000
634.648010,0.000000,0.000000,-60.779999,0.000000,0.000000,20.000000,-5.400000,0.000000
634.653015,0.000000,0.000000,-60.779999,0.000000,0.000000,20.000000,-5.400000,0.000000
634.658020,0.000000,0.000000,-60.779999,0.000000,0.000000,20.000000,-5.400000,0.000000
634.663025,0.000000,0.000000,-60.790001,0.000000,0.000000,20.000000,-5.400000,0.000000
634.668030,0.000000,0.000000,-60.790001,0.000000,0.000000,20.000000,-5.400000,0.000000
634.672974,0.000000,0.000000,-60.790001,0.000000,0.000000,20.000000,-5.400000,0.000000
634.677979,0.000000,0.000000,-60.779999,0.000000,0.000000,20.000000,-5.400000,0.000000
634.682983,0.000000,0.000000,-60.779999,0.000000,0.000000,20.000000,-5.400000,0.000000
634.687988,0.000000,0.000000,-60.790001,0.000000,0.000000,20.000000,-5.400000,0.000000
634.692993,0.000000,0.000000,-60.779999,0.000000,0.000000,20.000000,-5.400000,0.000000
634.697998,0.000000,0.000000,-60.779999,0.000000,0.000000,20.000000,-5.400000,0.000000
634.703003,0.000000,0.000000,-60.779999,0.000000,0.000000,20.000000,-5.400000,0.000000
634.708008,0.000000,0.000000,-60.779999,0.000000,0.000000,20.000000,-5.400000,0.000000
634.713013,0.000000,0.000000,-60.770000,0.000000,0.000000,20.000000,-5.400000,0.000000
634.718018,0.000000,0.000000,-60.770000,0.000000,0.000000,20.000000,-5.400000,0.000000
634.723022,0.000000,0.000000,-60.770000,0.000000,0.000000,20.000000,-5.400000,0.000000
634.728027,0.000000,0.000000,-60.770000,0.000000,0.000000,20.000000,-5.400000,0.000000
