I0,I1,I2,I3,I4,I5,I6,I7,I8
1401.082031,0.000000,0.000000,2.900000,0.000000,0.000000,3.030000,0.000000,0.000000
1405.927002,0.000000,0.000000,2.780000,0.000000,0.000000,0.000000,0.000000,0.000000
1405.932007,0.000000,0.000000,2.780000,0.000000,0.000000,0.000000,0.000000,0.000000
1405.937012,0.000000,0.000000,2.780000,0.000000,0.000000,0.000000,0.000000,0.000000
1405.942017,0.000000,0.000000,2.780000,0.000000,0.000000,0.000000,0.000000,0.000000
1405.947021,0.000000,0.000000,2.780000,0.000000,0.000000,0.000000,0.000000,0.000000
1405.952026,0.000000,0.000000,2.790000,0.000000,0.000000,0.000000,0.000000,0.000000
1405.957031,0.000000,0.000000,2.800000,0.000000,0.000000,0.000000,0.000000,0.000000
1405.962036,0.000000,0.000000,2.800000,0.000000,0.000000,0.000000,0.000000,0.000000
1405.967041,0.000000,0.000000,2.810000,0.000000,0.000000,0.000000,0.000000,0.000000
1405.972046,0.000000,0.000000,2.820000,0.000000,0.000000,0.000000,0.000000,0.000000
1405.977051,0.000000,0.000000,2.830000,0.000000,0.000000,0.000000,0.000000,0.000000
1405.982056,0.000000,0.000000,2.840000,0.000000,0.000000,0.000000,0.000000,0.000000
1405.987061,0.000000,0.000000,2.850000,0.000000,0.000000,0.000000,0.000000,0.000000
1405.991943,0.000000,0.000000,2.870000,0.000000,0.000000,0.000000,0.000000,0.000000
1405.996948,0.000000,0.000000,2.880000,0.000000,0.000000,0.000000,0.000000,0.000000
1406.001953,0.000000,0.000000,2.890000,0.000000,0.000000,0.000000,0.000000,0.000000
1406.006958,0.000000,0.000000,2.910000,0.000000,0.000000,0.000000,0.000000,0.000000
1406.011963,0.000000,0.000000,2.930000,0.000000,0.000000,0.000000,0.000000,0.000000
1406.016968,0.000000,0.000000,2.940000,0.000000,0.000000,0.000000,0.000000,0.000000
1406.021973,0.000000,0.000000,2.950000,0.000000,0.000000,0.000000,0.000000,0.000000
1406.026978,0.000000,0.000000,2.960000,0.000000,0.000000,0.000000,0.000000,0.000000
1406.031982,0.000000,0.000000,2.970000,0.000000,0.000000,0.000000,0.000000,0.000000
1406.036987,0.000000,0.000000,2.990000,0.000000,0.000000,0.000000,0.000000,0.000000
1406.041992,0.000000,0.000000,3.000000,0.000000,0.000000,0.000000,0.000000,0.000000
1406.046997,0.000000,0.000000,3.010000,0.000000,0.000000,0.000000,0.000000,0.000000
1406.052002,0.000000,0.000000,3.020000,0.000000,0.000000,0.000000,0.000000,0.000000
1406.057007,0.000000,0.000000,3.040000,0.000000,0.000000,0.000000,0.000000,0.000000
1406.062012,0.000000,0.000000,3.060000,0.000000,0.000000,0.000000,0.000000,0.000000
1406.067017,0.000000,0.000000,3.070000,0.000000,0.000000,0.000000,0.000000,0.000000
1406.072021,0.000000,0.000000,3.090000,0.000000,0.000000,0.000000,0.000000,0.000000
1406.077026,0.000000,0.000000,3.110000,0.000000,0.000000,0.000000,0.000000,0.000000
1406.082031,0.000000,0.000000,3.120000,0.000000,0.000000,0.000000,0.000000,0.000000
1406.087036,0.000000,0.000000,3.130000,0.000000,0.000000,0.000000,0.000000,0.000000
1406.092041,0.000000,0.000000,3.140000,0.000000,0.000000,0.000000,0.000000,0.000000
1406.097046,0.000000,0.000000,3.140000,0.000000,0.000000,0.000000,0.000000,0.000000
1406.102051,0.000000,0.000000,3.140000,0.000000,0.000000,0.000000,0.000000,0.000000
1406.107056,0.000000,0.000000,3.140000,0.000000,0.000000,0.000000,0.000000,0.000000
1406.112061,0.000000,0.000000,3.140000,0.000000,0.000000,0.000000,0.000000,0.000000
1406.116943,0.000000,0.000000,3.130000,0.000000,0.000000,0.000000,0.000000,0.000000
1406.121948,0.000000,0.000000,3.110000,0.000000,0.000000,0.000000,0.000000,0.000000
1406.126953,0.000000,0.000000,3.100000,0.000000,0.000000,0.000000,0.000000,0.000000
1406.131958,0.000000,0.000000,3.080000,0.000000,0.000000,0.000000,0.000000,0.000000
1406.136963,0.000000,0.000000,3.070000,0.000000,0.000000,0.000000,0.000000,0.000000
1406.141968,0.000000,0.000000,3.050000,0.000000,0.000000,0.000000,0.000000,0.000000
1406.146973,0.000000,0.000000,3.040000,0.000000,0.000000,0.000000,0.000000,0.000000
1406.151978,0.000000,0.000000,3.020000,0.000000,0.000000,0.000000,0.000000,0.000000
1406.156982,0.000000,0.000000,3.010000,0.000000,0.000000,0.000000,0.000000,0.000000
1406.161987,0.000000,0.000000,2.990000,0.000000,0.000000,0.000000,0.000000,0.000000
1406.166992,0.000000,0.000000,2.970000,0.000000,0.000000,0.000000,0.000000,0.000000
1406.171997,0.000000,0.000000,2.950000,0.000000,0.000000,0.000000,0.000000,0.000000
1406.177002,0.000000,0.000000,2.950000,0.000000,0.000000,0.000000,0.000000,0.000000
1406.182007,0.000000,0.000000,2.930000,0.000000,0.000000,0.000000,0.000000,0.000000
1406.187012,0.000000,0.000000,2.920000,0.000000,0.000000,0.000000,0.000000,0.000000
1406.192017,0.000000,0.000000,2.910000,0.000000,0.000000,0.000000,0.000000,0.000000
1406.197021,0.000000,0.000000,2.910000,0.000000,0.000000,0.000000,0.000000,0.000000
1406.202026,0.000000,0.000000,2.910000,0.000000,0.000000,0.000000,0.000000,0.000000
1406.207031,0.000000,0.000000,2.910000,0.000000,0.000000,0.000000,0.000000,0.000000
1406.212036,0.000000,0.000000,2.920000,0.000000,0.000000,0.000000,0.000000,0.000000
1406.217041,0.000000,0.000000,2.930000,0.000000,0.000000,0.000000,0.000000,0.000000
1406.222046,0.000000,0.000000,2.950000,0.000000,0.000000,0.000000,0.000000,0.000000
1406.227051,0.000000,0.000000,2.970000,0.000000,0.000000,0.000000,0.000000,0.000000
1406.232056,0.000000,0.000000,2.990000,0.000000,0.000000,0.000000,0.000000,0.000000
1406.237061,0.000000,0.000000,3.020000,0.000000,0.000000,0.000000,0.000000,0.000000
1406.241943,0.000000,0.000000,3.050000,0.000000,0.000000,0.000000,0.000000,0.000000
1406.246948,0.000000,0.000000,3.090000,0.000000,0.000000,0.000000,0.000000,0.000000
1406.251953,0.000000,0.000000,3.120000,0.000000,0.000000,0.000000,0.000000,0.000000
1406.256958,0.000000,0.000000,3.150000,0.000000,0.000000,0.000000,0.000000,0.000000
1406.261963,0.000000,0.000000,3.190000,0.000000,0.000000,0.000000,0.000000,0.000000
1406.266968,0.000000,0.000000,3.230000,0.000000,0.000000,0.000000,0.000000,0.000000
1406.271973,0.000000,0.000000,3.260000,0.000000,0.000000,0.000000,0.000000,0.000000
1406.276978,0.000000,0.000000,3.300000,0.000000,0.000000,0.000000,0.000000,0.000000
1406.281982,0.000000,0.000000,3.340000,0.000000,0.000000,0.000000,0.000000,0.000000
1406.286987,0.000000,0.000000,3.390000,0.000000,0.000000,0.000000,0.000000,0.000000
1406.291992,0.000000,0.000000,3.440000,0.000000,0.000000,0.000000,0.000000,0.000000
1406.296997,0.000000,0.000000,3.480000,0.000000,0.000000,0.000000,0.000000,0.000000
1406.302002,0.000000,0.000000,3.530000,0.000000,0.000000,0.000000,0.000000,0.000000
1406.307007,0.000000,0.000000,3.580000,0.000000,0.000000,0.000000,0.000000,0.000000
1406.312012,0.000000,0.000000,3.630000,0.000000,0.000000,0.000000,0.000000,0.000000
1406.317017,0.000000,0.000000,3.690000,0.000000,0.000000,0.000000,0.000000,0.000000
1406.322021,0.000000,0.000000,3.740000,0.000000,0.000000,0.000000,0.000000,0.000000
1406.327026,0.000000,0.000000,3.800000,0.000000,0.000000,0.000000,0.000000,0.000000
1406.332031,0.000000,0.000000,3.850000,0.000000,0.000000,0.000000,0.000000,0.000000
1406.337036,0.000000,0.000000,3.910000,0.000000,0.000000,0.000000,0.000000,0.000000
1406.342041,0.000000,0.000000,3.970000,0.000000,0.000000,0.000000,0.000000,0.000000
1406.347046,0.000000,0.000000,4.020000,0.000000,0.000000,0.000000,0.000000,0.000000
1406.352051,0.000000,0.000000,4.070000,0.000000,0.000000,0.000000,0.000000,0.000000
1406.357056,0.000000,0.000000,4.120000,0.000000,0.000000,0.000000,0.000000,0.000000
1406.362061,0.000000,0.000000,4.170000,0.000000,0.000000,0.000000,0.000000,0.000000
1406.366943,0.000000,0.000000,4.210000,0.000000,0.000000,0.000000,0.000000,0.000000
1406.371948,0.000000,0.000000,4.240000,0.000000,0.000000,0.000000,0.000000,0.000000
1406.376953,0.000000,0.000000,4.270000,0.000000,0.000000,0.000000,0.000000,0.000000
1406.381958,0.000000,0.000000,4.280000,0.000000,0.000000,0.000000,0.000000,0.000000
1406.386963,0.000000,0.000000,4.280000,0.000000,0.000000,0.000000,0.000000,0.000000
1406.391968,0.000000,0.000000,4.260000,0.000000,0.000000,0.000000,0.000000,0.000000
1406.396973,0.000000,0.000000,4.240000,0.000000,0.000000,0.000000,0.000000,0.000000
1406.401978,0.000000,0.000000,4.210000,0.000000,0.000000,0.000000,0.000000,0.000000
1406.406982,0.000000,0.000000,4.170000,0.000000,0.000000,0.000000,0.000000,0.000000
1406.411987,0.000000,0.000000,4.110000,0.000000,0.000000,0.000000,0.000000,0.000000
1406.416992,0.000000,0.000000,4.050000,0.000000,0.000000,0.000000,0.000000,0.000000
1406.421997,0.000000,0.000000,3.990000,0.000000,0.000000,0.000000,0.000000,0.000000
1406.427002,0.000000,0.000000,3.910000,0.000000,0.000000,0.000000,0.000000,0.000000
1406.432007,0.000000,0.000000,3.830000,0.000000,0.000000,0.000000,0.000000,0.000000
1406.437012,0.000000,0.000000,3.750000,0.000000,0.000000,0.000000,0.000000,0.000000
1406.442017,0.000000,0.000000,3.650000,0.000000,0.000000,0.000000,0.000000,0.000000
1406.447021,0.000000,0.000000,3.570000,0.000000,0.000000,0.000000,0.000000,0.000000
1406.452026,0.000000,0.000000,3.490000,0.000000,0.000000,0.000000,0.000000,0.000000
1406.457031,0.000000,0.000000,3.410000,0.000000,0.000000,0.000000,0.000000,0.000000
1406.462036,0.000000,0.000000,3.330000,0.000000,0.000000,0.000000,0.000000,0.000000
1406.467041,0.000000,0.000000,3.250000,0.000000,0.000000,0.000000,0.000000,0.000000
1406.472046,0.000000,0.000000,3.180000,0.000000,0.000000,0.000000,0.000000,0.000000
1406.477051,0.000000,0.000000,3.110000,0.000000,0.000000,0.000000,0.000000,0.000000
1406.482056,0.000000,0.000000,3.040000,0.000000,0.000000,0.000000,0.000000,0.000000
1406.487061,0.000000,0.000000,2.970000,0.000000,0.000000,0.000000,0.000000,0.000000
1406.491943,0.000000,0.000000,2.900000,0.000000,0.000000,0.000000,0.000000,0.000000
1406.496948,0.000000,0.000000,2.840000,0.000000,0.000000,0.000000,0.000000,0.000000
1406.501953,0.000000,0.000000,2.780000,0.000000,0.000000,0.000000,0.000000,0.000000
1406.506958,0.000000,0.000000,2.720000,0.000000,0.000000,0.000000,0.000000,0.000000
1406.511963,0.000000,0.000000,2.680000,0.000000,0.000000,0.000000,0.000000,0.000000
1406.516968,0.000000,0.000000,2.640000,0.000000,0.000000,0.000000,0.000000,0.000000
1406.521973,0.000000,0.000000,2.600000,0.000000,0.000000,0.000000,0.000000,0.000000
1406.526978,0.000000,0.000000,2.570000,0.000000,0.000000,0.000000,0.000000,0.000000
1406.531982,0.000000,0.000000,2.560000,0.000000,0.000000,0.000000,0.000000,0.000000
1406.536987,0.000000,0.000000,2.560000,0.000000,0.000000,0.000000,0.000000,0.000000
1406.541992,0.000000,0.000000,2.570000,0.000000,0.000000,0.000000,0.000000,0.000000
1406.546997,0.000000,0.000000,2.580000,0.000000,0.000000,0.000000,0.000000,0.000000
1406.552002,0.000000,0.000000,2.610000,0.000000,0.000000,0.000000,0.000000,0.000000
1406.557007,0.000000,0.000000,2.650000,0.000000,0.000000,0.000000,0.000000,0.000000
1406.562012,0.000000,0.000000,2.690000,0.000000,0.000000,0.000000,0.000000,0.000000
1406.567017,0.000000,0.000000,2.740000,0.000000,0.000000,0.000000,0.000000,0.000000
1406.572021,0.000000,0.000000,2.800000,0.000000,0.000000,0.000000,0.000000,0.000000
1406.577026,0.000000,0.000000,2.870000,0.000000,0.000000,0.000000,0.000000,0.000000
1406.582031,0.000000,0.000000,2.940000,0.000000,0.000000,0.000000,0.000000,0.000000
1406.587036,0.000000,0.000000,3.010000,0.000000,0.000000,0.000000,0.000000,0.000000
1406.592041,0.000000,0.000000,3.080000,0.000000,0.000000,0.000000,0.000000,0.000000
1406.597046,0.000000,0.000000,3.150000,0.000000,0.000000,0.000000,0.000000,0.000000
1406.602051,0.000000,0.000000,3.220000,0.000000,0.000000,0.000000,0.000000,0.000000
1406.607056,0.000000,0.000000,3.290000,0.000000,0.000000,0.000000,0.000000,0.000000
1406.612061,0.000000,0.000000,3.360000,0.000000,0.000000,0.000000,0.000000,0.000000
1406.616943,0.000000,0.000000,3.420000,0.000000,0.000000,0.000000,0.000000,0.000000
1406.621948,0.000000,0.000000,3.470000,0.000000,0.000000,0.000000,0.000000,0.000000
1406.626953,0.000000,0.000000,3.520000,0.000000,0.000000,0.000000,0.000000,0.000000
1406.631958,0.000000,0.000000,3.570000,0.000000,0.000000,0.000000,0.000000,0.000000
1406.636963,0.000000,0.000000,3.610000,0.000000,0.000000,0.000000,0.000000,0.000000
1406.641968,0.000000,0.000000,3.640000,0.000000,0.000000,0.000000,0.000000,0.000000
1406.646973,0.000000,0.000000,3.670000,0.000000,0.000000,0.000000,0.000000,0.000000
1406.651978,0.000000,0.000000,3.690000,0.000000,0.000000,0.000000,0.000000,0.000000
1406.656982,0.000000,0.000000,3.700000,0.000000,0.000000,0.000000,0.000000,0.000000
1406.661987,0.000000,0.000000,3.710000,0.000000,0.000000,0.000000,0.000000,0.000000
1406.666992,0.000000,0.000000,3.710000,0.000000,0.000000,0.000000,0.000000,0.000000
1406.671997,0.000000,0.000000,3.710000,0.000000,0.000000,0.000000,0.000000,0.000000
1406.677002,0.000000,0.000000,3.700000,0.000000,0.000000,0.000000,0.000000,0.000000
1406.682007,0.000000,0.000000,3.690000,0.000000,0.000000,0.000000,0.000000,0.000000
1406.687012,0.000000,0.000000,3.680000,0.000000,0.000000,0.000000,0.000000,0.000000
1406.692017,0.000000,0.000000,3.670000,0.000000,0.000000,0.000000,0.000000,0.000000
1406.697021,0.000000,0.000000,3.660000,0.000000,0.000000,0.000000,0.000000,0.000000
1406.702026,0.000000,0.000000,3.640000,0.000000,0.000000,0.000000,0.000000,0.000000
1406.707031,0.000000,0.000000,3.630000,0.000000,0.000000,0.000000,0.000000,0.000000
1406.712036,0.000000,0.000000,3.610000,0.000000,0.000000,0.000000,0.000000,0.000000
1406.717041,0.000000,0.000000,3.580000,0.000000,0.000000,0.000000,0.000000,0.000000
1406.722046,0.000000,0.000000,3.560000,0.000000,0.000000,0.000000,0.000000,0.000000
1406.727051,0.000000,0.000000,3.530000,0.000000,0.000000,0.000000,0.000000,0.000000
1406.732056,0.000000,0.000000,3.500000,0.000000,0.000000,0.000000,0.000000,0.000000
1406.737061,0.000000,0.000000,3.470000,0.000000,0.000000,0.000000,0.000000,0.000000
1406.741943,0.000000,0.000000,3.440000,0.000000,0.000000,0.000000,0.000000,0.000000
1406.746948,0.000000,0.000000,3.410000,0.000000,0.000000,0.000000,0.000000,0.000000
1406.751953,0.000000,0.000000,3.380000,0.000000,0.000000,0.000000,0.000000,0.000000
1406.756958,0.000000,0.000000,3.350000,0.000000,0.000000,0.000000,0.000000,0.000000
1406.761963,0.000000,0.000000,3.330000,0.000000,0.000000,0.000000,0.000000,0.000000
1406.766968,0.000000,0.000000,3.300000,0.000000,0.000000,0.000000,0.000000,0.000000
1406.771973,0.000000,0.000000,3.290000,0.000000,0.000000,0.000000,0.000000,0.000000
1406.776978,0.000000,0.000000,3.270000,0.000000,0.000000,0.000000,0.000000,0.000000
1406.781982,0.000000,0.000000,3.260000,0.000000,0.000000,0.000000,0.000000,0.000000
1406.786987,0.000000,0.000000,3.250000,0.000000,0.000000,0.000000,0.000000,0.000000
1406.791992,0.000000,0.000000,3.250000,0.000000,0.000000,0.000000,0.000000,0.000000
1406.796997,0.000000,0.000000,3.250000,0.000000,0.000000,0.000000,0.000000,0.000000
1406.802002,0.000000,0.000000,3.250000,0.000000,0.000000,0.000000,0.000000,0.000000
1406.807007,0.000000,0.000000,3.250000,0.000000,0.000000,0.000000,0.000000,0.000000
1406.812012,0.000000,0.000000,3.250000,0.000000,0.000000,0.000000,0.000000,0.000000
1406.817017,0.000000,0.000000,3.240000,0.000000,0.000000,0.000000,0.000000,0.000000
1406.822021,0.000000,0.000000,3.240000,0.000000,0.000000,0.000000,0.000000,0.000000
1406.827026,0.000000,0.000000,3.250000,0.000000,0.000000,0.000000,0.000000,0.000000
1406.832031,0.000000,0.000000,3.270000,0.000000,0.000000,0.000000,0.000000,0.000000
1406.837036,0.000000,0.000000,3.270000,0.000000,0.000000,0.000000,0.000000,0.000000
1406.842041,0.000000,0.000000,3.290000,0.000000,0.000000,0.000000,0.000000,0.000000
1406.847046,0.000000,0.000000,3.330000,0.000000,0.000000,0.000000,0.000000,0.000000
1406.852051,0.000000,0.000000,3.370000,0.000000,0.000000,0.000000,0.000000,0.000000
1406.857056,0.000000,0.000000,3.410000,0.000000,0.000000,0.000000,0.000000,0.000000
1406.862061,0.000000,0.000000,3.460000,0.000000,0.000000,0.000000,0.000000,0.000000
1406.866943,0.000000,0.000000,3.510000,0.000000,0.000000,0.000000,0.000000,0.000000
1406.871948,0.000000,0.000000,3.570000,0.000000,0.000000,0.000000,0.000000,0.000000
1406.876953,0.000000,0.000000,3.640000,0.000000,0.000000,0.000000,0.000000,0.000000
1406.881958,0.000000,0.000000,3.700000,0.000000,0.000000,0.000000,0.000000,0.000000
1406.886963,0.000000,0.000000,3.770000,0.000000,0.000000,0.000000,0.000000,0.000000
1406.891968,0.000000,0.000000,3.850000,0.000000,0.000000,0.000000,0.000000,0.000000
1406.896973,0.000000,0.000000,3.920000,0.000000,0.000000,0.000000,0.000000,0.000000
1406.901978,0.000000,0.000000,4.000000,0.000000,0.000000,0.000000,0.000000,0.000000
1406.906982,0.000000,0.000000,4.070000,0.000000,0.000000,0.000000,0.000000,0.000000
1406.911987,0.000000,0.000000,4.140000,0.000000,0.000000,0.000000,0.000000,0.000000
1406.916992,0.000000,0.000000,4.210000,0.000000,0.000000,0.000000,0.000000,0.000000
1406.921997,0.000000,0.000000,4.280000,0.000000,0.000000,0.000000,0.000000,0.000000
1406.927002,0.000000,0.000000,4.340000,0.000000,0.000000,0.000000,0.000000,0.000000
1406.932007,0.000000,0.000000,4.420000,0.000000,0.000000,0.000000,0.000000,0.000000
1406.937012,0.000000,0.000000,4.490000,0.000000,0.000000,0.000000,0.000000,0.000000
1406.942017,0.000000,0.000000,4.550000,0.000000,0.000000,0.000000,0.000000,0.000000
1406.947021,0.000000,0.000000,4.630000,0.000000,0.000000,0.000000,0.000000,0.000000
1406.952026,0.000000,0.000000,4.690000,0.000000,0.000000,0.000000,0.000000,0.000000
1406.957031,0.000000,0.000000,4.760000,0.000000,0.000000,0.000000,0.000000,0.000000
1406.962036,0.000000,0.000000,4.820000,0.000000,0.000000,0.000000,0.000000,0.000000
1406.967041,0.000000,0.000000,4.880000,0.000000,0.000000,0.000000,0.000000,0.000000
1406.972046,0.000000,0.000000,4.940000,0.000000,0.000000,0.000000,0.000000,0.000000
1406.977051,0.000000,0.000000,4.990000,0.000000,0.000000,0.000000,0.000000,0.000000
1406.982056,0.000000,0.000000,5.040000,0.000000,0.000000,0.000000,0.000000,0.000000
1406.987061,0.000000,0.000000,5.090000,0.000000,0.000000,0.000000,0.000000,0.000000
1406.991943,0.000000,0.000000,5.130000,0.000000,0.000000,0.000000,0.000000,0.000000
1406.996948,0.000000,0.000000,5.170000,0.000000,0.000000,0.000000,0.000000,0.000000
1407.001953,0.000000,0.000000,5.210000,0.000000,0.000000,0.000000,0.000000,0.000000
1407.006958,0.000000,0.000000,5.240000,0.000000,0.000000,0.000000,0.000000,0.000000
1407.011963,0.000000,0.000000,5.270000,0.000000,0.000000,0.000000,0.000000,0.000000
1407.016968,0.000000,0.000000,5.310000,0.000000,0.000000,0.000000,0.000000,0.000000
1407.021973,0.000000,0.000000,5.320000,0.000000,0.000000,0.000000,0.000000,0.000000
1407.026978,0.000000,0.000000,5.350000,0.000000,0.000000,0.000000,0.000000,0.000000
1407.031982,0.000000,0.000000,5.370000,0.000000,0.000000,0.000000,0.000000,0.000000
1407.036987,0.000000,0.000000,5.400000,0.000000,0.000000,0.000000,0.000000,0.000000
1407.041992,0.000000,0.000000,5.440000,0.000000,0.000000,0.000000,0.000000,0.000000
1407.046997,0.000000,0.000000,5.480000,0.000000,0.000000,0.000000,0.000000,0.000000
1407.052002,0.000000,0.000000,5.520000,0.000000,0.000000,0.000000,0.000000,0.000000
1407.057007,0.000000,0.000000,5.570000,0.000000,0.000000,0.000000,0.000000,0.000000
1407.062012,0.000000,0.000000,5.630000,0.000000,0.000000,0.000000,0.000000,0.000000
1407.067017,0.000000,0.000000,5.690000,0.000000,0.000000,0.000000,0.000000,0.000000
1407.072021,0.000000,0.000000,5.760000,0.000000,0.000000,0.000000,0.000000,0.000000
1407.077026,0.000000,0.000000,5.840000,0.000000,0.000000,0.000000,0.000000,0.000000
1407.082031,0.000000,0.000000,5.920000,0.000000,0.000000,0.000000,0.000000,0.000000
1407.087036,0.000000,0.000000,6.000000,0.000000,0.000000,0.000000,0.000000,0.000000
1407.092041,0.000000,0.000000,6.080000,0.000000,0.000000,0.000000,0.000000,0.000000
1407.097046,0.000000,0.000000,6.160000,0.000000,0.000000,0.000000,0.000000,0.000000
1407.102051,0.000000,0.000000,6.250000,0.000000,0.000000,0.000000,0.000000,0.000000
1407.107056,0.000000,0.000000,6.340000,0.000000,0.000000,0.000000,0.000000,0.000000
1407.112061,0.000000,0.000000,6.420000,0.000000,0.000000,0.000000,0.000000,0.000000
1407.116943,0.000000,0.000000,6.510000,0.000000,0.000000,0.000000,0.000000,0.000000
1407.121948,0.000000,0.000000,6.600000,0.000000,0.000000,0.000000,0.000000,0.000000
1407.126953,0.000000,0.000000,6.690000,0.000000,0.000000,0.000000,0.000000,0.000000
1407.131958,0.000000,0.000000,6.780000,0.000000,0.000000,0.000000,0.000000,0.000000
1407.136963,0.000000,0.000000,6.860000,0.000000,0.000000,0.000000,0.000000,0.000000
1407.141968,0.000000,0.000000,6.950000,0.000000,0.000000,0.000000,0.000000,0.000000
1407.146973,0.000000,0.000000,7.030000,0.000000,0.000000,0.000000,0.000000,0.000000
1407.151978,0.000000,0.000000,7.120000,0.000000,0.000000,0.000000,0.000000,0.000000
1407.156982,0.000000,0.000000,7.200000,0.000000,0.000000,0.000000,0.000000,0.000000
1407.161987,0.000000,0.000000,7.280000,0.000000,0.000000,0.000000,0.000000,0.000000
1407.166992,0.000000,0.000000,7.360000,0.000000,0.000000,0.000000,0.000000,0.000000
1407.171997,0.000000,0.000000,7.450000,0.000000,0.000000,0.000000,0.000000,0.000000
1407.177002,0.000000,0.000000,7.540000,0.000000,0.000000,0.000000,0.000000,0.000000
1407.182007,0.000000,0.000000,7.630000,0.000000,0.000000,0.000000,0.000000,0.000000
1407.187012,0.000000,0.000000,7.720000,0.000000,0.000000,0.000000,0.000000,0.000000
1407.192017,0.000000,0.000000,7.810000,0.000000,0.000000,0.000000,0.000000,0.000000
1407.197021,0.000000,0.000000,7.910000,0.000000,0.000000,0.000000,0.000000,0.000000
1407.202026,0.000000,0.000000,8.000000,0.000000,0.000000,0.000000,0.000000,0.000000
1407.207031,0.000000,0.000000,8.100000,0.000000,0.000000,0.000000,0.000000,0.000000
1407.212036,0.000000,0.000000,8.200000,0.000000,0.000000,0.000000,0.000000,0.000000
1407.217041,0.000000,0.000000,8.290000,0.000000,0.000000,0.000000,0.000000,0.000000
1407.222046,0.000000,0.000000,8.390000,0.000000,0.000000,0.000000,0.000000,0.000000
1407.227051,0.000000,0.000000,8.490000,0.000000,0.000000,0.000000,0.000000,0.000000
1407.232056,0.000000,0.000000,8.580000,0.000000,0.000000,0.000000,0.000000,0.000000
1407.237061,0.000000,0.000000,8.670000,0.000000,0.000000,0.000000,0.000000,0.000000
1407.241943,0.000000,0.000000,8.760000,0.000000,0.000000,0.000000,0.000000,0.000000
1407.246948,0.000000,0.000000,8.860000,0.000000,0.000000,0.000000,0.000000,0.000000
1407.251953,0.000000,0.000000,8.940000,0.000000,0.000000,0.000000,0.000000,0.000000
1407.256958,0.000000,0.000000,9.010000,0.000000,0.000000,0.000000,0.000000,0.000000
1407.261963,0.000000,0.000000,9.070000,0.000000,0.000000,0.000000,0.000000,0.000000
1407.266968,0.000000,0.000000,9.140000,0.000000,0.000000,0.000000,0.000000,0.000000
1407.271973,0.000000,0.000000,9.190000,0.000000,0.000000,0.000000,0.000000,0.000000
1407.276978,0.000000,0.000000,9.230000,0.000000,0.000000,0.000000,0.000000,0.000000
1407.281982,0.000000,0.000000,9.260000,0.000000,0.000000,0.000000,0.000000,0.000000
1407.286987,0.000000,0.000000,9.300000,0.000000,0.000000,0.000000,0.000000,0.000000
1407.291992,0.000000,0.000000,9.340000,0.000000,0.000000,0.000000,0.000000,0.000000
1407.296997,0.000000,0.000000,9.350000,0.000000,0.000000,0.000000,0.000000,0.000000
1407.302002,0.000000,0.000000,9.370000,0.000000,0.000000,0.000000,0.000000,0.000000
1407.307007,0.000000,0.000000,9.370000,0.000000,0.000000,0.000000,0.000000,0.000000
1407.312012,0.000000,0.000000,9.380000,0.000000,0.000000,0.000000,0.000000,0.000000
1407.317017,0.000000,0.000000,9.380000,0.000000,0.000000,0.000000,0.000000,0.000000
1407.322021,0.000000,0.000000,9.370000,0.000000,0.000000,0.000000,0.000000,0.000000
1407.327026,0.000000,0.000000,9.350000,0.000000,0.000000,0.000000,0.000000,0.000000
1407.332031,0.000000,0.000000,9.340000,0.000000,0.000000,0.000000,0.000000,0.000000
1407.337036,0.000000,0.000000,9.310000,0.000000,0.000000,0.000000,0.000000,0.000000
1407.342041,0.000000,0.000000,9.290000,0.000000,0.000000,0.000000,0.000000,0.000000
1407.347046,0.000000,0.000000,9.260000,0.000000,0.000000,0.000000,0.000000,0.000000
1407.352051,0.000000,0.000000,9.240000,0.000000,0.000000,0.000000,0.000000,0.000000
1407.357056,0.000000,0.000000,9.210000,0.000000,0.000000,0.000000,0.000000,0.000000
1407.362061,0.000000,0.000000,9.180000,0.000000,0.000000,0.000000,0.000000,0.000000
1407.366943,0.000000,0.000000,9.150000,0.000000,0.000000,0.000000,0.000000,0.000000
1407.371948,0.000000,0.000000,9.130000,0.000000,0.000000,0.000000,0.000000,0.000000
1407.376953,0.000000,0.000000,9.100000,0.000000,0.000000,0.000000,0.000000,0.000000
1407.381958,0.000000,0.000000,9.080000,0.000000,0.000000,0.000000,0.000000,0.000000
1407.386963,0.000000,0.000000,9.050000,0.000000,0.000000,0.000000,0.000000,0.000000
1407.391968,0.000000,0.000000,9.020000,0.000000,0.000000,0.000000,0.000000,0.000000
1407.396973,0.000000,0.000000,9.000000,0.000000,0.000000,0.000000,0.000000,0.000000
1407.401978,0.000000,0.000000,8.980000,0.000000,0.000000,0.000000,0.000000,0.000000
1407.406982,0.000000,0.000000,8.960000,0.000000,0.000000,0.000000,0.000000,0.000000
1407.411987,0.000000,0.000000,8.940000,0.000000,0.000000,0.000000,0.000000,0.000000
1407.416992,0.000000,0.000000,8.930000,0.000000,0.000000,0.000000,0.000000,0.000000
1407.421997,0.000000,0.000000,8.910000,0.000000,0.000000,0.000000,0.000000,0.000000
1407.427002,0.000000,0.000000,8.890000,0.000000,0.000000,0.000000,0.000000,0.000000
1407.432007,0.000000,0.000000,8.870000,0.000000,0.000000,0.000000,0.000000,0.000000
1407.437012,0.000000,0.000000,8.860000,0.000000,0.000000,0.000000,0.000000,0.000000
1407.442017,0.000000,0.000000,8.840000,0.000000,0.000000,0.000000,0.000000,0.000000
1407.447021,0.000000,0.000000,8.830000,0.000000,0.000000,0.000000,0.000000,0.000000
1407.452026,0.000000,0.000000,8.820000,0.000000,0.000000,0.000000,0.000000,0.000000
1407.457031,0.000000,0.000000,8.820000,0.000000,0.000000,0.000000,0.000000,0.000000
1407.462036,0.000000,0.000000,8.810000,0.000000,0.000000,0.000000,0.000000,0.000000
1407.467041,0.000000,0.000000,8.810000,0.000000,0.000000,0.000000,0.000000,0.000000
1407.472046,0.000000,0.000000,8.810000,0.000000,0.000000,0.000000,0.000000,0.000000
1407.477051,0.000000,0.000000,8.810000,0.000000,0.000000,0.000000,0.000000,0.000000
1407.482056,0.000000,0.000000,8.820000,0.000000,0.000000,0.000000,0.000000,0.000000
1407.487061,0.000000,0.000000,8.820000,0.000000,0.000000,0.000000,0.000000,0.000000
1407.491943,0.000000,0.000000,8.820000,0.000000,0.000000,0.000000,0.000000,0.000000
1407.496948,0.000000,0.000000,8.830000,0.000000,0.000000,0.000000,0.000000,0.000000
1407.501953,0.000000,0.000000,8.840000,0.000000,0.000000,0.000000,0.000000,0.000000
1407.506958,0.000000,0.000000,8.840000,0.000000,0.000000,0.000000,0.000000,0.000000
1407.511963,0.000000,0.000000,8.860000,0.000000,0.000000,0.000000,0.000000,0.000000
1407.516968,0.000000,0.000000,8.860000,0.000000,0.000000,0.000000,0.000000,0.000000
1407.521973,0.000000,0.000000,8.870000,0.000000,0.000000,0.000000,0.000000,0.000000
1407.526978,0.000000,0.000000,8.880000,0.000000,0.000000,0.000000,0.000000,0.000000
1407.531982,0.000000,0.000000,8.900000,0.000000,0.000000,0.000000,0.000000,0.000000
1407.536987,0.000000,0.000000,8.910000,0.000000,0.000000,0.000000,0.000000,0.000000
1407.541992,0.000000,0.000000,8.920000,0.000000,0.000000,0.000000,0.000000,0.000000
1407.546997,0.000000,0.000000,8.930000,0.000000,0.000000,0.000000,0.000000,0.000000
1407.552002,0.000000,0.000000,8.940000,0.000000,0.000000,0.000000,0.000000,0.000000
1407.557007,0.000000,0.000000,8.960000,0.000000,0.000000,0.000000,0.000000,0.000000
1407.562012,0.000000,0.000000,8.970000,0.000000,0.000000,0.000000,0.000000,0.000000
1407.567017,0.000000,0.000000,9.000000,0.000000,0.000000,0.000000,0.000000,0.000000
1407.572021,0.000000,0.000000,9.000000,0.000000,0.000000,0.000000,0.000000,0.000000
1407.577026,0.000000,0.000000,9.030000,0.000000,0.000000,0.000000,0.000000,0.000000
1407.582031,0.000000,0.000000,9.050000,0.000000,0.000000,0.000000,0.000000,0.000000
1407.587036,0.000000,0.000000,9.060000,0.000000,0.000000,0.000000,0.000000,0.000000
1407.592041,0.000000,0.000000,9.070000,0.000000,0.000000,0.000000,0.000000,0.000000
1407.597046,0.000000,0.000000,9.060000,0.000000,0.000000,0.000000,0.000000,0.000000
1407.602051,0.000000,0.000000,9.050000,0.000000,0.000000,0.000000,0.000000,0.000000
1407.607056,0.000000,0.000000,9.040000,0.000000,0.000000,0.000000,0.000000,0.000000
1407.612061,0.000000,0.000000,9.030000,0.000000,0.000000,0.000000,0.000000,0.000000
1407.616943,0.000000,0.000000,9.010000,0.000000,0.000000,0.000000,0.000000,0.000000
1407.621948,0.000000,0.000000,9.000000,0.000000,0.000000,0.000000,0.000000,0.000000
1407.626953,0.000000,0.000000,8.980000,0.000000,0.000000,0.000000,0.000000,0.000000
1407.631958,0.000000,0.000000,8.970000,0.000000,0.000000,0.000000,0.000000,0.000000
1407.636963,0.000000,0.000000,8.960000,0.000000,0.000000,0.000000,0.000000,0.000000
1407.641968,0.000000,0.000000,8.940000,0.000000,0.000000,0.000000,0.000000,0.000000
1407.646973,0.000000,0.000000,8.930000,0.000000,0.000000,0.000000,0.000000,0.000000
1407.651978,0.000000,0.000000,8.920000,0.000000,0.000000,0.000000,0.000000,0.000000
1407.656982,0.000000,0.000000,8.910000,0.000000,0.000000,0.000000,0.000000,0.000000
1407.661987,0.000000,0.000000,8.910000,0.000000,0.000000,0.000000,0.000000,0.000000
1407.666992,0.000000,0.000000,8.910000,0.000000,0.000000,0.000000,0.000000,0.000000
1407.671997,0.000000,0.000000,8.910000,0.000000,0.000000,0.000000,0.000000,0.000000
1407.677002,0.000000,0.000000,8.910000,0.000000,0.000000,0.000000,0.000000,0.000000
1407.682007,0.000000,0.000000,8.910000,0.000000,0.000000,0.000000,0.000000,0.000000
1407.687012,0.000000,0.000000,8.910000,0.000000,0.000000,0.000000,0.000000,0.000000
1407.692017,0.000000,0.000000,8.900000,0.000000,0.000000,0.000000,0.000000,0.000000
1407.697021,0.000000,0.000000,8.910000,0.000000,0.000000,0.000000,0.000000,0.000000
1407.702026,0.000000,0.000000,8.910000,0.000000,0.000000,0.000000,0.000000,0.000000
1407.707031,0.000000,0.000000,8.910000,0.000000,0.000000,0.000000,0.000000,0.000000
1407.712036,0.000000,0.000000,8.900000,0.000000,0.000000,0.000000,0.000000,0.000000
1407.717041,0.000000,0.000000,8.900000,0.000000,0.000000,0.000000,0.000000,0.000000
1407.722046,0.000000,0.000000,8.900000,0.000000,0.000000,0.000000,0.000000,0.000000
1407.727051,0.000000,0.000000,8.900000,0.000000,0.000000,0.000000,0.000000,0.000000
1407.732056,0.000000,0.000000,8.890000,0.000000,0.000000,0.000000,0.000000,0.000000
1407.737061,0.000000,0.000000,8.890000,0.000000,0.000000,0.000000,0.000000,0.000000
1407.741943,0.000000,0.000000,8.880000,0.000000,0.000000,0.000000,0.000000,0.000000
1407.746948,0.000000,0.000000,8.870000,0.000000,0.000000,0.000000,0.000000,0.000000
1407.751953,0.000000,0.000000,8.860000,0.000000,0.000000,0.000000,0.000000,0.000000
1407.756958,0.000000,0.000000,8.840000,0.000000,0.000000,0.000000,0.000000,0.000000
1407.761963,0.000000,0.000000,8.830000,0.000000,0.000000,0.000000,0.000000,0.000000
1407.766968,0.000000,0.000000,8.810000,0.000000,0.000000,0.000000,0.000000,0.000000
1407.771973,0.000000,0.000000,8.790000,0.000000,0.000000,0.000000,0.000000,0.000000
1407.776978,0.000000,0.000000,8.780000,0.000000,0.000000,0.000000,0.000000,0.000000
1407.781982,0.000000,0.000000,8.750000,0.000000,0.000000,0.000000,0.000000,0.000000
1407.786987,0.000000,0.000000,8.730000,0.000000,0.000000,0.000000,0.000000,0.000000
1407.791992,0.000000,0.000000,8.720000,0.000000,0.000000,0.000000,0.000000,0.000000
1407.796997,0.000000,0.000000,8.700000,0.000000,0.000000,0.000000,0.000000,0.000000
1407.802002,0.000000,0.000000,8.680000,0.000000,0.000000,0.000000,0.000000,0.000000
1407.807007,0.000000,0.000000,8.670000,0.000000,0.000000,0.000000,0.000000,0.000000
1407.812012,0.000000,0.000000,8.650000,0.000000,0.000000,0.000000,0.000000,0.000000
1407.817017,0.000000,0.000000,8.630000,0.000000,0.000000,0.000000,0.000000,0.000000
1407.822021,0.000000,0.000000,8.620000,0.000000,0.000000,0.000000,0.000000,0.000000
1407.827026,0.000000,0.000000,8.620000,0.000000,0.000000,0.000000,0.000000,0.000000
1407.832031,0.000000,0.000000,8.610000,0.000000,0.000000,0.000000,0.000000,0.000000
1407.837036,0.000000,0.000000,8.610000,0.000000,0.000000,0.000000,0.000000,0.000000
1407.842041,0.000000,0.000000,8.600000,0.000000,0.000000,0.000000,0.000000,0.000000
1407.847046,0.000000,0.000000,8.610000,0.000000,0.000000,0.000000,0.000000,0.000000
1407.852051,0.000000,0.000000,8.610000,0.000000,0.000000,0.000000,0.000000,0.000000
1407.857056,0.000000,0.000000,8.610000,0.000000,0.000000,0.000000,0.000000,0.000000
1407.862061,0.000000,0.000000,8.620000,0.000000,0.000000,0.000000,0.000000,0.000000
1407.866943,0.000000,0.000000,8.630000,0.000000,0.000000,0.000000,0.000000,0.000000
1407.871948,0.000000,0.000000,8.640000,0.000000,0.000000,0.000000,0.000000,0.000000
1407.876953,0.000000,0.000000,8.650000,0.000000,0.000000,0.000000,0.000000,0.000000
1407.881958,0.000000,0.000000,8.660000,0.000000,0.000000,0.000000,0.000000,0.000000
1407.886963,0.000000,0.000000,8.670000,0.000000,0.000000,0.000000,0.000000,0.000000
1407.891968,0.000000,0.000000,8.670000,0.000000,0.000000,0.000000,0.000000,0.000000
1407.896973,0.000000,0.000000,8.680000,0.000000,0.000000,0.000000,0.000000,0.000000
1407.901978,0.000000,0.000000,8.680000,0.000000,0.000000,0.000000,0.000000,0.000000
1407.906982,0.000000,0.000000,8.690000,0.000000,0.000000,0.000000,0.000000,0.000000
1407.911987,0.000000,0.000000,8.690000,0.000000,0.000000,0.000000,0.000000,0.000000
1407.916992,0.000000,0.000000,8.700000,0.000000,0.000000,0.000000,0.000000,0.000000
1407.921997,0.000000,0.000000,8.700000,0.000000,0.000000,0.000000,0.000000,0.000000
1407.927002,0.000000,0.000000,8.700000,0.000000,0.000000,0.000000,0.000000,0.000000
1407.932007,0.000000,0.000000,8.710000,0.000000,0.000000,0.000000,0.000000,0.000000
1407.937012,0.000000,0.000000,8.710000,0.000000,0.000000,0.000000,0.000000,0.000000
1407.942017,0.000000,0.000000,8.720000,0.000000,0.000000,0.000000,0.000000,0.000000
1407.947021,0.000000,0.000000,8.720000,0.000000,0.000000,0.000000,0.000000,0.000000
1407.952026,0.000000,0.000000,8.720000,0.000000,0.000000,0.000000,0.000000,0.000000
1407.957031,0.000000,0.000000,8.730000,0.000000,0.000000,0.000000,0.000000,0.000000
1407.962036,0.000000,0.000000,8.730000,0.000000,0.000000,0.000000,0.000000,0.000000
1407.967041,0.000000,0.000000,8.740000,0.000000,0.000000,0.000000,0.000000,0.000000
1407.972046,0.000000,0.000000,8.750000,0.000000,0.000000,0.000000,0.000000,0.000000
1407.977051,0.000000,0.000000,8.750000,0.000000,0.000000,0.000000,0.000000,0.000000
1407.982056,0.000000,0.000000,8.760000,0.000000,0.000000,0.000000,0.000000,0.000000
1407.987061,0.000000,0.000000,8.760000,0.000000,0.000000,0.000000,0.000000,0.000000
1407.991943,0.000000,0.000000,8.760000,0.000000,0.000000,0.000000,0.000000,0.000000
1407.996948,0.000000,0.000000,8.760000,0.000000,0.000000,0.000000,0.000000,0.000000
1408.001953,0.000000,0.000000,8.760000,0.000000,0.000000,0.000000,0.000000,0.000000
1408.006958,0.000000,0.000000,8.760000,0.000000,0.000000,0.000000,0.000000,0.000000
1408.011963,0.000000,0.000000,8.760000,0.000000,0.000000,0.000000,0.000000,0.000000
1408.016968,0.000000,0.000000,8.760000,0.000000,0.000000,0.000000,0.000000,0.000000
1408.021973,0.000000,0.000000,8.750000,0.000000,0.000000,0.000000,0.000000,0.000000
1408.026978,0.000000,0.000000,8.750000,0.000000,0.000000,0.000000,0.000000,0.000000
1408.031982,0.000000,0.000000,8.750000,0.000000,0.000000,0.000000,0.000000,0.000000
1408.036987,0.000000,0.000000,8.740000,0.000000,0.000000,0.000000,0.000000,0.000000
1408.041992,0.000000,0.000000,8.750000,0.000000,0.000000,0.000000,0.000000,0.000000
1408.046997,0.000000,0.000000,8.750000,0.000000,0.000000,0.000000,0.000000,0.000000
1408.052002,0.000000,0.000000,8.750000,0.000000,0.000000,0.000000,0.000000,0.000000
1408.057007,0.000000,0.000000,8.760000,0.000000,0.000000,0.000000,0.000000,0.000000
1408.062012,0.000000,0.000000,8.760000,0.000000,0.000000,0.000000,0.000000,0.000000
1408.067017,0.000000,0.000000,8.750000,0.000000,0.000000,0.000000,0.000000,0.000000
1408.072021,0.000000,0.000000,8.740000,0.000000,0.000000,0.000000,0.000000,0.000000
1408.077026,0.000000,0.000000,8.720000,0.000000,0.000000,0.000000,0.000000,0.000000
1408.082031,0.000000,0.000000,8.700000,0.000000,0.000000,0.000000,0.000000,0.000000
1408.087036,0.000000,0.000000,8.680000,0.000000,0.000000,0.000000,0.000000,0.000000
1408.092041,0.000000,0.000000,8.650000,0.000000,0.000000,0.000000,0.000000,0.000000
1408.097046,0.000000,0.000000,8.610000,0.000000,0.000000,0.000000,0.000000,0.000000
1408.102051,0.000000,0.000000,8.560000,0.000000,0.000000,0.000000,0.000000,0.000000
1408.107056,0.000000,0.000000,8.520000,0.000000,0.000000,0.000000,0.000000,0.000000
1408.112061,0.000000,0.000000,8.470000,0.000000,0.000000,0.000000,0.000000,0.000000
1408.116943,0.000000,0.000000,8.420000,0.000000,0.000000,0.000000,0.000000,0.000000
1408.121948,0.000000,0.000000,8.370000,0.000000,0.000000,0.000000,0.000000,0.000000
1408.126953,0.000000,0.000000,8.320000,0.000000,0.000000,0.000000,0.000000,0.000000
1408.131958,0.000000,0.000000,8.270000,0.000000,0.000000,0.000000,0.000000,0.000000
1408.136963,0.000000,0.000000,8.230000,0.000000,0.000000,0.000000,0.000000,0.000000
1408.141968,0.000000,0.000000,8.200000,0.000000,0.000000,0.000000,0.000000,0.000000
1408.146973,0.000000,0.000000,8.170000,0.000000,0.000000,0.000000,0.000000,0.000000
1408.151978,0.000000,0.000000,8.150000,0.000000,0.000000,0.000000,0.000000,0.000000
1408.156982,0.000000,0.000000,8.140000,0.000000,0.000000,0.000000,0.000000,0.000000
1408.161987,0.000000,0.000000,8.140000,0.000000,0.000000,0.000000,0.000000,0.000000
1408.166992,0.000000,0.000000,8.160000,0.000000,0.000000,0.000000,0.000000,0.000000
1408.171997,0.000000,0.000000,8.180000,0.000000,0.000000,0.000000,0.000000,0.000000
1408.177002,0.000000,0.000000,8.210000,0.000000,0.000000,0.000000,0.000000,0.000000
1408.182007,0.000000,0.000000,8.250000,0.000000,0.000000,0.000000,0.000000,0.000000
1408.187012,0.000000,0.000000,8.290000,0.000000,0.000000,0.000000,0.000000,0.000000
1408.192017,0.000000,0.000000,8.340000,0.000000,0.000000,0.000000,0.000000,0.000000
1408.197021,0.000000,0.000000,8.400000,0.000000,0.000000,0.000000,0.000000,0.000000
1408.202026,0.000000,0.000000,8.460000,0.000000,0.000000,0.000000,0.000000,0.000000
1408.207031,0.000000,0.000000,8.520000,0.000000,0.000000,0.000000,0.000000,0.000000
1408.212036,0.000000,0.000000,8.570000,0.000000,0.000000,0.000000,0.000000,0.000000
1408.217041,0.000000,0.000000,8.630000,0.000000,0.000000,0.000000,0.000000,0.000000
1408.222046,0.000000,0.000000,8.690000,0.000000,0.000000,0.000000,0.000000,0.000000
1408.227051,0.000000,0.000000,8.750000,0.000000,0.000000,0.000000,0.000000,0.000000
1408.232056,0.000000,0.000000,8.810000,0.000000,0.000000,0.000000,0.000000,0.000000
1408.237061,0.000000,0.000000,8.880000,0.000000,0.000000,0.000000,0.000000,0.000000
1408.241943,0.000000,0.000000,8.940000,0.000000,0.000000,0.000000,0.000000,0.000000
1408.246948,0.000000,0.000000,9.000000,0.000000,0.000000,0.000000,0.000000,0.000000
1408.251953,0.000000,0.000000,9.060000,0.000000,0.000000,0.000000,0.000000,0.000000
1408.256958,0.000000,0.000000,9.120000,0.000000,0.000000,0.000000,0.000000,0.000000
1408.261963,0.000000,0.000000,9.170000,0.000000,0.000000,0.000000,0.000000,0.000000
1408.266968,0.000000,0.000000,9.220000,0.000000,0.000000,0.000000,0.000000,0.000000
1408.271973,0.000000,0.000000,9.280000,0.000000,0.000000,0.000000,0.000000,0.000000
1408.276978,0.000000,0.000000,9.330000,0.000000,0.000000,0.000000,0.000000,0.000000
1408.281982,0.000000,0.000000,9.380000,0.000000,0.000000,0.000000,0.000000,0.000000
1408.286987,0.000000,0.000000,9.430000,0.000000,0.000000,0.000000,0.000000,0.000000
1408.291992,0.000000,0.000000,9.470000,0.000000,0.000000,0.000000,0.000000,0.000000
1408.296997,0.000000,0.000000,9.510000,0.000000,0.000000,0.000000,0.000000,0.000000
1408.302002,0.000000,0.000000,9.550000,0.000000,0.000000,0.000000,0.000000,0.000000
1408.307007,0.000000,0.000000,9.580000,0.000000,0.000000,0.000000,0.000000,0.000000
1408.312012,0.000000,0.000000,9.610000,0.000000,0.000000,0.000000,0.000000,0.000000
1408.317017,0.000000,0.000000,9.630000,0.000000,0.000000,0.000000,0.000000,0.000000
1408.322021,0.000000,0.000000,9.660000,0.000000,0.000000,0.000000,0.000000,0.000000
1408.327026,0.000000,0.000000,9.680000,0.000000,0.000000,0.000000,0.000000,0.000000
1408.332031,0.000000,0.000000,9.670000,0.000000,0.000000,0.000000,0.000000,0.000000
1408.337036,0.000000,0.000000,9.670000,0.000000,0.000000,0.000000,0.000000,0.000000
1408.342041,0.000000,0.000000,9.680000,0.000000,0.000000,0.000000,0.000000,0.000000
1408.347046,0.000000,0.000000,9.670000,0.000000,0.000000,0.000000,0.000000,0.000000
1408.352051,0.000000,0.000000,9.660000,0.000000,0.000000,0.000000,0.000000,0.000000
1408.357056,0.000000,0.000000,9.640000,0.000000,0.000000,0.000000,0.000000,0.000000
1408.362061,0.000000,0.000000,9.620000,0.000000,0.000000,0.000000,0.000000,0.000000
1408.366943,0.000000,0.000000,9.610000,0.000000,0.000000,0.000000,0.000000,0.000000
1408.371948,0.000000,0.000000,9.590000,0.000000,0.000000,0.000000,0.000000,0.000000
1408.376953,0.000000,0.000000,9.590000,0.000000,0.000000,0.000000,0.000000,0.000000
1408.381958,0.000000,0.000000,9.580000,0.000000,0.000000,0.000000,0.000000,0.000000
1408.386963,0.000000,0.000000,9.580000,0.000000,0.000000,0.000000,0.000000,0.000000
1408.391968,0.000000,0.000000,9.590000,0.000000,0.000000,0.000000,0.000000,0.000000
1408.396973,0.000000,0.000000,9.600000,0.000000,0.000000,0.000000,0.000000,0.000000
1408.401978,0.000000,0.000000,9.610000,0.000000,0.000000,0.000000,0.000000,0.000000
1408.406982,0.000000,0.000000,9.620000,0.000000,0.000000,0.000000,0.000000,0.000000
1408.411987,0.000000,0.000000,9.640000,0.000000,0.000000,0.000000,0.000000,0.000000
1408.416992,0.000000,0.000000,9.650000,0.000000,0.000000,0.000000,0.000000,0.000000
1408.421997,0.000000,0.000000,9.670000,0.000000,0.000000,0.000000,0.000000,0.000000
1408.427002,0.000000,0.000000,9.700000,0.000000,0.000000,0.000000,0.000000,0.000000
1408.432007,0.000000,0.000000,9.720000,0.000000,0.000000,0.000000,0.000000,0.000000
1408.437012,0.000000,0.000000,9.750000,0.000000,0.000000,0.000000,0.000000,0.000000
1408.442017,0.000000,0.000000,9.780000,0.000000,0.000000,0.000000,0.000000,0.000000
1408.447021,0.000000,0.000000,9.810000,0.000000,0.000000,0.000000,0.000000,0.000000
1408.452026,0.000000,0.000000,9.830000,0.000000,0.000000,0.000000,0.000000,0.000000
1408.457031,0.000000,0.000000,9.860000,0.000000,0.000000,0.000000,0.000000,0.000000
1408.462036,0.000000,0.000000,9.880000,0.000000,0.000000,0.000000,0.000000,0.000000
1408.467041,0.000000,0.000000,9.910000,0.000000,0.000000,0.000000,0.000000,0.000000
1408.472046,0.000000,0.000000,9.920000,0.000000,0.000000,0.000000,0.000000,0.000000
1408.477051,0.000000,0.000000,9.950000,0.000000,0.000000,0.000000,0.000000,0.000000
1408.482056,0.000000,0.000000,9.970000,0.000000,0.000000,0.000000,0.000000,0.000000
1408.487061,0.000000,0.000000,9.980000,0.000000,0.000000,0.000000,0.000000,0.000000
1408.491943,0.000000,0.000000,10.000000,0.000000,0.000000,0.000000,0.000000,0.000000
1408.496948,0.000000,0.000000,10.020000,0.000000,0.000000,0.000000,0.000000,0.000000
1408.501953,0.000000,0.000000,10.030000,0.000000,0.000000,0.000000,0.000000,0.000000
1408.506958,0.000000,0.000000,10.050000,0.000000,0.000000,0.000000,0.000000,0.000000
1408.511963,0.000000,0.000000,10.060000,0.000000,0.000000,0.000000,0.000000,0.000000
1408.516968,0.000000,0.000000,10.070000,0.000000,0.000000,0.000000,0.000000,0.000000
1408.521973,0.000000,0.000000,10.080000,0.000000,0.000000,0.000000,0.000000,0.000000
1408.526978,0.000000,0.000000,10.080000,0.000000,0.000000,0.000000,0.000000,0.000000
1408.531982,0.000000,0.000000,10.090000,0.000000,0.000000,0.000000,0.000000,0.000000
1408.536987,0.000000,0.000000,10.100000,0.000000,0.000000,0.000000,0.000000,0.000000
1408.541992,0.000000,0.000000,10.110000,0.000000,0.000000,0.000000,0.000000,0.000000
1408.546997,0.000000,0.000000,10.110000,0.000000,0.000000,0.000000,0.000000,0.000000
1408.552002,0.000000,0.000000,10.120000,0.000000,0.000000,0.000000,0.000000,0.000000
1408.557007,0.000000,0.000000,10.130000,0.000000,0.000000,0.000000,0.000000,0.000000
1408.562012,0.000000,0.000000,10.130000,0.000000,0.000000,0.000000,0.000000,0.000000
1408.567017,0.000000,0.000000,10.150000,0.000000,0.000000,0.000000,0.000000,0.000000
1408.572021,0.000000,0.000000,10.160000,0.000000,0.000000,0.000000,0.000000,0.000000
1408.577026,0.000000,0.000000,10.170000,0.000000,0.000000,0.000000,0.000000,0.000000
1408.582031,0.000000,0.000000,10.180000,0.000000,0.000000,0.000000,0.000000,0.000000
1408.587036,0.000000,0.000000,10.190000,0.000000,0.000000,0.000000,0.000000,0.000000
1408.592041,0.000000,0.000000,10.210000,0.000000,0.000000,0.000000,0.000000,0.000000
1408.597046,0.000000,0.000000,10.220000,0.000000,0.000000,0.000000,0.000000,0.000000
1408.602051,0.000000,0.000000,10.240000,0.000000,0.000000,0.000000,0.000000,0.000000
1408.607056,0.000000,0.000000,10.250000,0.000000,0.000000,0.000000,0.000000,0.000000
1408.612061,0.000000,0.000000,10.250000,0.000000,0.000000,0.000000,0.000000,0.000000
1408.616943,0.000000,0.000000,10.250000,0.000000,0.000000,0.000000,0.000000,0.000000
1408.621948,0.000000,0.000000,10.240000,0.000000,0.000000,0.000000,0.000000,0.000000
1408.626953,0.000000,0.000000,10.240000,0.000000,0.000000,0.000000,0.000000,0.000000
1408.631958,0.000000,0.000000,10.230000,0.000000,0.000000,0.000000,0.000000,0.000000
1408.636963,0.000000,0.000000,10.230000,0.000000,0.000000,0.000000,0.000000,0.000000
1408.641968,0.000000,0.000000,10.240000,0.000000,0.000000,0.000000,0.000000,0.000000
1408.646973,0.000000,0.000000,10.270000,0.000000,0.000000,0.000000,0.000000,0.000000
1408.651978,0.000000,0.000000,10.330000,0.000000,0.000000,0.000000,0.000000,0.000000
1408.656982,0.000000,0.000000,10.340000,0.000000,0.000000,0.000000,0.000000,0.000000
1408.661987,0.000000,0.000000,10.300000,0.000000,0.000000,0.000000,0.000000,0.000000
1408.666992,0.000000,0.000000,10.280000,0.000000,0.000000,0.000000,0.000000,0.000000
1408.671997,0.000000,0.000000,10.290000,0.000000,0.000000,0.000000,0.000000,0.000000
1408.677002,0.000000,0.000000,10.300000,0.000000,0.000000,0.000000,0.000000,0.000000
1408.682007,0.000000,0.000000,10.310000,0.000000,0.000000,0.000000,0.000000,0.000000
1408.687012,0.000000,0.000000,10.340000,0.000000,0.000000,0.000000,0.000000,0.000000
1408.692017,0.000000,0.000000,10.390000,0.000000,0.000000,0.000000,0.000000,0.000000
1408.697021,0.000000,0.000000,10.420000,0.000000,0.000000,0.000000,0.000000,0.000000
1408.702026,0.000000,0.000000,10.450000,0.000000,0.000000,0.000000,0.000000,0.000000
1408.707031,0.000000,0.000000,10.470000,0.000000,0.000000,0.000000,0.000000,0.000000
1408.712036,0.000000,0.000000,10.480000,0.000000,0.000000,0.000000,0.000000,0.000000
1408.717041,0.000000,0.000000,10.510000,0.000000,0.000000,0.000000,0.000000,0.000000
1408.722046,0.000000,0.000000,10.550000,0.000000,0.000000,0.000000,0.000000,0.000000
1408.727051,0.000000,0.000000,10.590000,0.000000,0.000000,0.000000,0.000000,0.000000
1408.732056,0.000000,0.000000,10.590000,0.000000,0.000000,0.000000,0.000000,0.000000
1408.737061,0.000000,0.000000,10.560000,0.000000,0.000000,0.000000,0.000000,0.000000
1408.741943,0.000000,0.000000,10.540000,0.000000,0.000000,0.000000,0.000000,0.000000
1408.746948,0.000000,0.000000,10.520000,0.000000,0.000000,0.000000,0.000000,0.000000
1408.751953,0.000000,0.000000,10.510000,0.000000,0.000000,0.000000,0.000000,0.000000
1408.756958,0.000000,0.000000,10.510000,0.000000,0.000000,0.000000,0.000000,0.000000
1408.761963,0.000000,0.000000,10.500000,0.000000,0.000000,0.000000,0.000000,0.000000
1408.766968,0.000000,0.000000,10.510000,0.000000,0.000000,0.000000,0.000000,0.000000
1408.771973,0.000000,0.000000,10.520000,0.000000,0.000000,0.000000,0.000000,0.000000
1408.776978,0.000000,0.000000,10.540000,0.000000,0.000000,0.000000,0.000000,0.000000
1408.781982,0.000000,0.000000,10.550000,0.000000,0.000000,0.000000,0.000000,0.000000
1408.786987,0.000000,0.000000,10.570000,0.000000,0.000000,0.000000,0.000000,0.000000
1408.791992,0.000000,0.000000,10.580000,0.000000,0.000000,0.000000,0.000000,0.000000
1408.796997,0.000000,0.000000,10.590000,0.000000,0.000000,0.000000,0.000000,0.000000
1408.802002,0.000000,0.000000,10.600000,0.000000,0.000000,0.000000,0.000000,0.000000
1408.807007,0.000000,0.000000,10.610000,0.000000,0.000000,0.000000,0.000000,0.000000
1408.812012,0.000000,0.000000,10.610000,0.000000,0.000000,0.000000,0.000000,0.000000
1408.817017,0.000000,0.000000,10.620000,0.000000,0.000000,0.000000,0.000000,0.000000
1408.822021,0.000000,0.000000,10.620000,0.000000,0.000000,0.000000,0.000000,0.000000
1408.827026,0.000000,0.000000,10.620000,0.000000,0.000000,0.000000,0.000000,0.000000
1408.832031,0.000000,0.000000,10.620000,0.000000,0.000000,0.000000,0.000000,0.000000
1408.837036,0.000000,0.000000,10.610000,0.000000,0.000000,0.000000,0.000000,0.000000
1408.842041,0.000000,0.000000,10.600000,0.000000,0.000000,0.000000,0.000000,0.000000
1408.847046,0.000000,0.000000,10.590000,0.000000,0.000000,0.000000,0.000000,0.000000
1408.852051,0.000000,0.000000,10.570000,0.000000,0.000000,0.000000,0.000000,0.000000
1408.857056,0.000000,0.000000,10.550000,0.000000,0.000000,0.000000,0.000000,0.000000
1408.862061,0.000000,0.000000,10.530000,0.000000,0.000000,0.000000,0.000000,0.000000
1408.866943,0.000000,0.000000,10.510000,0.000000,0.000000,0.000000,0.000000,0.000000
1408.871948,0.000000,0.000000,10.490000,0.000000,0.000000,0.000000,0.000000,0.000000
1408.876953,0.000000,0.000000,10.480000,0.000000,0.000000,0.000000,0.000000,0.000000
1408.881958,0.000000,0.000000,10.470000,0.000000,0.000000,0.000000,0.000000,0.000000
1408.886963,0.000000,0.000000,10.470000,0.000000,0.000000,0.000000,0.000000,0.000000
1408.891968,0.000000,0.000000,10.480000,0.000000,0.000000,0.000000,0.000000,0.000000
1408.896973,0.000000,0.000000,10.500000,0.000000,0.000000,0.000000,0.000000,0.000000
1408.901978,0.000000,0.000000,10.520000,0.000000,0.000000,0.000000,0.000000,0.000000
1408.906982,0.000000,0.000000,10.550000,0.000000,0.000000,0.000000,0.000000,0.000000
1408.911987,0.000000,0.000000,10.580000,0.000000,0.000000,0.000000,0.000000,0.000000
1408.916992,0.000000,0.000000,10.620000,0.000000,0.000000,0.000000,0.000000,0.000000
1408.921997,0.000000,0.000000,10.650000,0.000000,0.000000,0.000000,0.000000,0.000000
1408.927002,0.000000,0.000000,10.670000,0.000000,0.000000,0.000000,0.000000,0.000000
1408.932007,0.000000,0.000000,10.690000,0.000000,0.000000,0.000000,0.000000,0.000000
1408.937012,0.000000,0.000000,10.710000,0.000000,0.000000,0.000000,0.000000,0.000000
1408.942017,0.000000,0.000000,10.730000,0.000000,0.000000,0.000000,0.000000,0.000000
1408.947021,0.000000,0.000000,10.740000,0.000000,0.000000,0.000000,0.000000,0.000000
1408.952026,0.000000,0.000000,10.750000,0.000000,0.000000,0.000000,0.000000,0.000000
1408.957031,0.000000,0.000000,10.760000,0.000000,0.000000,0.000000,0.000000,0.000000
1408.962036,0.000000,0.000000,10.760000,0.000000,0.000000,0.000000,0.000000,0.000000
1408.967041,0.000000,0.000000,10.770000,0.000000,0.000000,0.000000,0.000000,0.000000
1408.972046,0.000000,0.000000,10.770000,0.000000,0.000000,0.000000,0.000000,0.000000
1408.977051,0.000000,0.000000,10.780000,0.000000,0.000000,0.000000,0.000000,0.000000
1408.982056,0.000000,0.000000,10.770000,0.000000,0.000000,0.000000,0.000000,0.000000
1408.987061,0.000000,0.000000,10.770000,0.000000,0.000000,0.000000,0.000000,0.000000
1408.991943,0.000000,0.000000,10.770000,0.000000,0.000000,0.000000,0.000000,0.000000
1408.996948,0.000000,0.000000,10.770000,0.000000,0.000000,0.000000,0.000000,0.000000
1409.001953,0.000000,0.000000,10.770000,0.000000,0.000000,0.000000,0.000000,0.000000
1409.006958,0.000000,0.000000,10.760000,0.000000,0.000000,0.000000,0.000000,0.000000
1409.011963,0.000000,0.000000,10.760000,0.000000,0.000000,0.000000,0.000000,0.000000
1409.016968,0.000000,0.000000,10.760000,0.000000,0.000000,0.000000,0.000000,0.000000
1409.021973,0.000000,0.000000,10.760000,0.000000,0.000000,0.000000,0.000000,0.000000
1409.026978,0.000000,0.000000,10.770000,0.000000,0.000000,0.000000,0.000000,0.000000
1409.031982,0.000000,0.000000,10.780000,0.000000,0.000000,0.000000,0.000000,0.000000
1409.036987,0.000000,0.000000,10.790000,0.000000,0.000000,0.000000,0.000000,0.000000
1409.041992,0.000000,0.000000,10.810000,0.000000,0.000000,0.000000,0.000000,0.000000
1409.046997,0.000000,0.000000,10.820000,0.000000,0.000000,0.000000,0.000000,0.000000
1409.052002,0.000000,0.000000,10.830000,0.000000,0.000000,0.000000,0.000000,0.000000
1409.057007,0.000000,0.000000,10.830000,0.000000,0.000000,0.000000,0.000000,0.000000
1409.062012,0.000000,0.000000,10.850000,0.000000,0.000000,0.000000,0.000000,0.000000
1409.067017,0.000000,0.000000,10.860000,0.000000,0.000000,0.000000,0.000000,0.000000
1409.072021,0.000000,0.000000,10.890000,0.000000,0.000000,0.000000,0.000000,0.000000
1409.077026,0.000000,0.000000,10.900000,0.000000,0.000000,0.000000,0.000000,0.000000
1409.082031,0.000000,0.000000,10.920000,0.000000,0.000000,0.000000,0.000000,0.000000
1409.087036,0.000000,0.000000,10.940000,0.000000,0.000000,0.000000,0.000000,0.000000
1409.092041,0.000000,0.000000,10.980000,0.000000,0.000000,0.000000,0.000000,0.000000
1409.097046,0.000000,0.000000,11.010000,0.000000,0.000000,0.000000,0.000000,0.000000
1409.102051,0.000000,0.000000,11.030000,0.000000,0.000000,0.000000,0.000000,0.000000
1409.107056,0.000000,0.000000,10.910000,0.000000,0.000000,0.000000,0.000000,0.000000
1409.112061,0.000000,0.000000,10.950000,0.000000,0.000000,0.000000,0.000000,0.000000
1409.116943,0.000000,0.000000,10.980000,0.000000,0.000000,0.000000,0.000000,0.000000
1409.121948,0.000000,0.000000,11.020000,0.000000,0.000000,0.000000,0.000000,0.000000
1409.126953,0.000000,0.000000,11.060000,0.000000,0.000000,0.000000,0.000000,0.000000
1409.131958,0.000000,0.000000,11.100000,0.000000,0.000000,0.000000,0.000000,0.000000
1409.136963,0.000000,0.000000,11.130000,0.000000,0.000000,0.000000,0.000000,0.000000
1409.141968,0.000000,0.000000,11.170000,0.000000,0.000000,0.000000,0.000000,0.000000
1409.146973,0.000000,0.000000,11.190000,0.000000,0.000000,0.000000,0.000000,0.000000
1409.151978,0.000000,0.000000,11.240000,0.000000,0.000000,0.000000,0.000000,0.000000
1409.156982,0.000000,0.000000,11.290000,0.000000,0.000000,0.000000,0.000000,0.000000
1409.161987,0.000000,0.000000,11.330000,0.000000,0.000000,0.000000,0.000000,0.000000
1409.166992,0.000000,0.000000,11.370000,0.000000,0.000000,0.000000,0.000000,0.000000
1409.171997,0.000000,0.000000,11.410000,0.000000,0.000000,0.000000,0.000000,0.000000
1409.177002,0.000000,0.000000,11.440000,0.000000,0.000000,0.000000,0.000000,0.000000
1409.182007,0.000000,0.000000,11.460000,0.000000,0.000000,0.000000,0.000000,0.000000
1409.187012,0.000000,0.000000,11.480000,0.000000,0.000000,0.000000,0.000000,0.000000
1409.192017,0.000000,0.000000,11.490000,0.000000,0.000000,0.000000,0.000000,0.000000
1409.197021,0.000000,0.000000,11.500000,0.000000,0.000000,0.000000,0.000000,0.000000
1409.202026,0.000000,0.000000,11.500000,0.000000,0.000000,0.000000,0.000000,0.000000
1409.207031,0.000000,0.000000,11.490000,0.000000,0.000000,0.000000,0.000000,0.000000
1409.212036,0.000000,0.000000,11.490000,0.000000,0.000000,0.000000,0.000000,0.000000
1409.217041,0.000000,0.000000,11.480000,0.000000,0.000000,0.000000,0.000000,0.000000
1409.222046,0.000000,0.000000,11.490000,0.000000,0.000000,0.000000,0.000000,0.000000
1409.227051,0.000000,0.000000,11.500000,0.000000,0.000000,0.000000,0.000000,0.000000
1409.232056,0.000000,0.000000,11.510000,0.000000,0.000000,0.000000,0.000000,0.000000
1409.237061,0.000000,0.000000,11.520000,0.000000,0.000000,0.000000,0.000000,0.000000
1409.241943,0.000000,0.000000,11.530000,0.000000,0.000000,0.000000,0.000000,0.000000
1409.246948,0.000000,0.000000,11.550000,0.000000,0.000000,0.000000,0.000000,0.000000
1409.251953,0.000000,0.000000,11.560000,0.000000,0.000000,0.000000,0.000000,0.000000
1409.256958,0.000000,0.000000,11.480000,0.000000,0.000000,0.000000,0.000000,0.000000
1409.261963,0.000000,0.000000,11.430000,0.000000,0.000000,0.000000,0.000000,0.000000
1409.266968,0.000000,0.000000,11.410000,0.000000,0.000000,0.000000,0.000000,0.000000
1409.271973,0.000000,0.000000,11.440000,0.000000,0.000000,0.000000,0.000000,0.000000
1409.276978,0.000000,0.000000,11.420000,0.000000,0.000000,0.000000,0.000000,0.000000
1409.281982,0.000000,0.000000,11.390000,0.000000,0.000000,0.000000,0.000000,0.000000
1409.286987,0.000000,0.000000,11.340000,0.000000,0.000000,0.000000,0.000000,0.000000
1409.291992,0.000000,0.000000,11.300000,0.000000,0.000000,0.000000,0.000000,0.000000
1409.296997,0.000000,0.000000,11.260000,0.000000,0.000000,0.000000,0.000000,0.000000
1409.302002,0.000000,0.000000,11.190000,0.000000,0.000000,0.000000,0.000000,0.000000
1409.307007,0.000000,0.000000,11.100000,0.000000,0.000000,0.000000,0.000000,0.000000
1409.312012,0.000000,0.000000,11.020000,0.000000,0.000000,0.000000,0.000000,0.000000
1409.317017,0.000000,0.000000,10.930000,0.000000,0.000000,0.000000,0.000000,0.000000
1409.322021,0.000000,0.000000,10.840000,0.000000,0.000000,0.000000,0.000000,0.000000
1409.327026,0.000000,0.000000,10.760000,0.000000,0.000000,0.000000,0.000000,0.000000
1409.332031,0.000000,0.000000,10.700000,0.000000,0.000000,0.000000,0.000000,0.000000
1409.337036,0.000000,0.000000,10.670000,0.000000,0.000000,0.000000,0.000000,0.000000
1409.342041,0.000000,0.000000,10.640000,0.000000,0.000000,0.000000,0.000000,0.000000
1409.347046,0.000000,0.000000,10.620000,0.000000,0.000000,0.000000,0.000000,0.000000
1409.352051,0.000000,0.000000,10.620000,0.000000,0.000000,0.000000,0.000000,0.000000
1409.357056,0.000000,0.000000,10.630000,0.000000,0.000000,0.000000,0.000000,0.000000
1409.362061,0.000000,0.000000,10.670000,0.000000,0.000000,0.000000,0.000000,0.000000
1409.366943,0.000000,0.000000,10.710000,0.000000,0.000000,0.000000,0.000000,0.000000
1409.371948,0.000000,0.000000,10.710000,0.000000,0.000000,0.000000,0.000000,0.000000
1409.376953,0.000000,0.000000,10.780000,0.000000,0.000000,0.000000,0.000000,0.000000
1409.381958,0.000000,0.000000,10.850000,0.000000,0.000000,0.000000,0.000000,0.000000
1409.386963,0.000000,0.000000,10.880000,0.000000,0.000000,0.000000,0.000000,0.000000
1409.391968,0.000000,0.000000,10.920000,0.000000,0.000000,0.000000,0.000000,0.000000
1409.396973,0.000000,0.000000,10.950000,0.000000,0.000000,0.000000,0.000000,0.000000
1409.401978,0.000000,0.000000,10.980000,0.000000,0.000000,0.000000,0.000000,1.000000
1409.406982,0.000000,0.000000,11.000000,0.000000,0.000000,0.000000,0.000000,1.000000
1409.411987,0.000000,0.000000,11.020000,0.000000,0.000000,0.000000,0.000000,1.000000
1409.416992,0.000000,0.000000,11.030000,0.000000,0.000000,0.000000,0.000000,1.000000
1409.421997,-800.000000,-800.000000,11.040000,0.000000,0.000000,0.000000,0.000000,1.000000
1409.427002,-800.000000,-800.000000,11.060000,0.000000,0.000000,0.000000,0.000000,1.000000
1409.432007,-800.000000,-800.000000,11.080000,0.000000,0.000000,0.000000,0.000000,1.000000
1409.437012,-800.000000,-800.000000,11.100000,0.000000,0.000000,0.000000,0.000000,1.000000
1409.442017,-800.000000,-800.000000,11.120000,0.000000,0.000000,0.000000,0.000000,1.000000
1409.447021,-800.000000,-800.000000,11.420000,0.000000,0.000000,0.000000,0.000000,1.000000
1409.452026,-800.000000,-800.000000,11.560000,-6.000000,-8.000000,0.000000,0.000000,1.000000
1409.457031,-800.000000,-800.000000,11.550000,-6.000000,-8.000000,0.000000,0.000000,1.000000
1409.462036,-798.000000,-798.000000,11.070000,-14.000000,-14.000000,0.000000,-2.530000,1.000000
1409.467041,-681.000000,-681.000000,10.690000,-14.000000,-14.000000,0.000000,-2.530000,1.000000
1409.472046,-774.000000,-774.000000,10.220000,-20.000000,-20.000000,0.000000,-5.050000,1.000000
1409.477051,-701.000000,-701.000000,9.810000,-20.000000,-20.000000,0.000000,-5.050000,1.000000
1409.482056,-800.000000,-800.000000,9.090000,-24.000000,-24.000000,0.000000,-7.220000,1.000000
1409.487061,-725.000000,-725.000000,8.220000,-24.000000,-24.000000,0.000000,-7.220000,1.000000
1409.491943,-775.000000,-775.000000,7.430000,-28.000000,-30.000000,0.000000,-8.660000,1.000000
1409.496948,-682.000000,-682.000000,6.810000,-28.000000,-30.000000,0.000000,-8.660000,1.000000
1409.501953,-718.000000,-718.000000,5.770000,-30.000000,-30.000000,0.000000,-10.470000,1.000000
1409.506958,-603.000000,-603.000000,5.040000,-30.000000,-30.000000,0.000000,-10.470000,1.000000
1409.511963,-653.000000,-653.000000,4.150000,-32.000000,-36.000000,0.000000,-10.830000,1.000000
1409.516968,-573.000000,-573.000000,3.370000,-32.000000,-36.000000,0.000000,-10.830000,1.000000
1409.521973,-526.000000,-526.000000,2.170000,-32.000000,-34.000000,0.000000,-12.270000,1.000000
1409.526978,-416.000000,-416.000000,1.270000,-32.000000,-34.000000,0.000000,-12.270000,1.000000
1409.531982,-445.000000,-445.000000,0.310000,-38.000000,-38.000000,0.000000,-11.910000,1.000000
1409.536987,-372.000000,-372.000000,-0.600000,-38.000000,-38.000000,0.000000,-11.910000,1.000000
1409.541992,-275.000000,-275.000000,-1.750000,-34.000000,-36.000000,0.000000,-13.720000,1.000000
1409.546997,-181.000000,-181.000000,-2.790000,-34.000000,-36.000000,0.000000,-13.720000,1.000000
1409.552002,-244.000000,-244.000000,-3.750000,-36.000000,-38.000000,0.000000,-12.640000,1.000000
1409.557007,-191.000000,-191.000000,-4.520000,-36.000000,-38.000000,0.000000,-12.640000,1.000000
1409.562012,-69.000000,-69.000000,-5.700000,-32.000000,-34.000000,0.000000,-13.360000,1.000000
1409.567017,9.000000,9.000000,-6.400000,-32.000000,-34.000000,0.000000,-13.360000,1.000000
1409.572021,-16.000000,-16.000000,-7.360000,-30.000000,-32.000000,0.000000,-11.910000,1.000000
1409.577026,35.000000,35.000000,-8.240000,-30.000000,-32.000000,0.000000,-11.910000,1.000000
1409.582031,182.000000,182.000000,-8.860000,-26.000000,-28.000000,0.000000,-11.190000,1.000000
1409.587036,196.000000,196.000000,-9.640000,-26.000000,-28.000000,0.000000,-11.190000,1.000000
1409.592041,278.000000,278.000000,-10.230000,-20.000000,-24.000000,0.000000,-9.750000,1.000000
1409.597046,289.000000,289.000000,-10.630000,-20.000000,-24.000000,0.000000,-9.750000,1.000000
1409.602051,381.000000,381.000000,-11.130000,-18.000000,-20.000000,0.000000,-7.940000,1.000000
1409.607056,373.000000,373.000000,-11.580000,-18.000000,-20.000000,0.000000,-7.940000,1.000000
1409.612061,498.000000,498.000000,-11.740000,-10.000000,-12.000000,0.000000,-6.860000,1.000000
1409.616943,463.000000,463.000000,-11.970000,-10.000000,-12.000000,0.000000,-6.860000,1.000000
1409.621948,512.000000,512.000000,-11.780000,-10.000000,-12.000000,0.000000,-3.970000,1.000000
1409.626953,455.000000,455.000000,-11.960000,-10.000000,-12.000000,0.000000,-3.970000,1.000000
1409.631958,663.000000,663.000000,-12.270000,0.000000,-2.000000,0.000000,-3.970000,1.000000
1409.636963,668.000000,668.000000,-12.100000,0.000000,-2.000000,0.000000,-3.970000,1.000000
1409.641968,609.000000,609.000000,-11.870000,2.000000,0.000000,0.000000,-0.360000,1.000000
1409.646973,533.000000,533.000000,-11.650000,2.000000,0.000000,0.000000,-0.360000,1.000000
1409.651978,752.000000,752.000000,-11.460000,8.000000,8.000000,0.000000,0.360000,1.000000
1409.656982,718.000000,718.000000,-11.430000,8.000000,8.000000,0.000000,0.360000,1.000000
1409.661987,744.000000,744.000000,-10.930000,12.000000,12.000000,0.000000,2.890000,1.000000
1409.666992,648.000000,648.000000,-10.410000,12.000000,12.000000,0.000000,2.890000,1.000000
1409.671997,748.000000,748.000000,-10.060000,18.000000,18.000000,0.000000,4.330000,1.000000
1409.677002,695.000000,695.000000,-9.780000,18.000000,18.000000,0.000000,4.330000,1.000000
1409.682007,761.000000,761.000000,-9.030000,22.000000,22.000000,0.000000,6.500000,1.000000
1409.687012,659.000000,659.000000,-8.410000,22.000000,22.000000,0.000000,6.500000,1.000000
1409.692017,729.000000,729.000000,-7.590000,26.000000,26.000000,0.000000,7.940000,1.000000
1409.697021,639.000000,639.000000,-7.130000,26.000000,26.000000,0.000000,7.940000,1.000000
1409.702026,694.000000,694.000000,-6.150000,28.000000,26.000000,0.000000,9.390000,1.000000
1409.707031,587.000000,587.000000,-5.310000,28.000000,26.000000,0.000000,9.390000,1.000000
1409.712036,598.000000,598.000000,-4.410000,32.000000,32.000000,0.000000,9.750000,1.000000
1409.717041,515.000000,515.000000,-3.700000,32.000000,32.000000,0.000000,9.750000,1.000000
1409.722046,479.000000,479.000000,-2.550000,32.000000,32.000000,0.000000,11.550000,1.000000
1409.727051,369.000000,369.000000,-1.630000,32.000000,32.000000,0.000000,11.550000,1.000000
1409.732056,416.000000,416.000000,-0.660000,36.000000,36.000000,0.000000,11.550000,1.000000
1409.737061,344.000000,344.000000,0.370000,36.000000,36.000000,0.000000,11.550000,1.000000
1409.741943,265.000000,265.000000,1.550000,32.000000,32.000000,0.000000,13.000000,1.000000
1409.746948,173.000000,173.000000,2.500000,32.000000,32.000000,0.000000,13.000000,1.000000
1409.751953,219.000000,219.000000,3.550000,36.000000,34.000000,0.000000,11.550000,1.000000
1409.756958,161.000000,161.000000,4.560000,36.000000,34.000000,0.000000,11.550000,1.000000
1409.761963,-4.000000,-4.000000,5.580000,32.000000,30.000000,0.000000,12.640000,1.000000
1409.766968,-63.000000,-63.000000,6.430000,32.000000,30.000000,0.000000,12.640000,1.000000
1409.771973,-19.000000,-19.000000,7.290000,28.000000,28.000000,0.000000,11.190000,1.000000
1409.776978,-50.000000,-50.000000,8.030000,28.000000,28.000000,0.000000,11.190000,1.000000
1409.781982,-178.000000,-178.000000,8.700000,24.000000,22.000000,0.000000,10.110000,1.000000
1409.786987,-184.000000,-184.000000,9.310000,24.000000,22.000000,0.000000,10.110000,1.000000
1409.791992,-265.000000,-265.000000,9.780000,18.000000,20.000000,0.000000,8.300000,1.000000
1409.796997,-251.000000,-251.000000,10.170000,18.000000,20.000000,0.000000,8.300000,1.000000
1409.802002,-366.000000,-366.000000,10.410000,16.000000,16.000000,0.000000,6.860000,1.000000
1409.807007,-332.000000,-332.000000,10.750000,16.000000,16.000000,0.000000,6.860000,1.000000
1409.812012,-420.000000,-420.000000,10.720000,10.000000,10.000000,0.000000,5.780000,1.000000
1409.817017,-362.000000,-362.000000,10.750000,10.000000,10.000000,0.000000,5.780000,1.000000
1409.822021,-394.000000,-394.000000,10.520000,8.000000,6.000000,0.000000,3.610000,1.000000
1409.827026,-328.000000,-328.000000,10.580000,8.000000,6.000000,0.000000,3.610000,1.000000
1409.832031,-460.000000,-460.000000,10.530000,0.000000,-2.000000,0.000000,2.530000,1.000000
1409.837036,-426.000000,-426.000000,10.270000,0.000000,-2.000000,0.000000,2.530000,1.000000
1409.842041,-434.000000,-434.000000,9.660000,0.000000,0.000000,0.000000,-0.360000,1.000000
1409.847046,-325.000000,-325.000000,9.400000,0.000000,0.000000,0.000000,-0.360000,1.000000
1409.852051,-497.000000,-497.000000,9.060000,-8.000000,-8.000000,0.000000,0.000000,1.000000
1409.857056,-455.000000,-455.000000,8.590000,-8.000000,-8.000000,0.000000,0.000000,1.000000
1409.862061,-368.000000,-368.000000,7.890000,-6.000000,-8.000000,0.000000,-2.890000,1.000000
1409.866943,-273.000000,-273.000000,7.400000,-6.000000,-8.000000,0.000000,-2.890000,1.000000
1409.871948,-426.000000,-426.000000,6.880000,-14.000000,-14.000000,0.000000,-2.530000,1.000000
1409.876953,-367.000000,-367.000000,6.280000,-14.000000,-14.000000,0.000000,-2.530000,1.000000
1409.881958,-277.000000,-277.000000,5.360000,-12.000000,-14.000000,0.000000,-5.050000,1.000000
1409.886963,-169.000000,-169.000000,4.730000,-12.000000,-14.000000,0.000000,-5.050000,1.000000
1409.891968,-290.000000,-290.000000,3.940000,-16.000000,-18.000000,0.000000,-4.690000,1.000000
1409.896973,-213.000000,-213.000000,3.140000,-16.000000,-18.000000,0.000000,-4.690000,1.000000
1409.901978,-119.000000,-119.000000,2.060000,-14.000000,-16.000000,0.000000,-6.140000,1.000000
1409.906982,-25.000000,-25.000000,1.400000,-14.000000,-16.000000,0.000000,-6.140000,1.000000
1409.911987,-86.000000,-86.000000,0.530000,-16.000000,-18.000000,0.000000,-5.420000,1.000000
1409.916992,-23.000000,-23.000000,-0.240000,-16.000000,-18.000000,0.000000,-5.420000,1.000000
1409.921997,80.000000,80.000000,-1.330000,-14.000000,-16.000000,0.000000,-6.140000,1.000000
1409.927002,155.000000,155.000000,-2.170000,-14.000000,-16.000000,0.000000,-6.140000,1.000000
1409.932007,141.000000,141.000000,-3.010000,-12.000000,-12.000000,0.000000,-5.420000,1.000000
1409.937012,166.000000,166.000000,-3.760000,-12.000000,-12.000000,0.000000,-5.420000,1.000000
1409.942017,241.000000,241.000000,-4.370000,-12.000000,-10.000000,0.000000,-4.330000,1.000000
1409.947021,248.000000,248.000000,-5.240000,-12.000000,-10.000000,0.000000,-4.330000,1.000000
1409.952026,356.000000,356.000000,-5.610000,-4.000000,-6.000000,0.000000,-3.970000,1.000000
1409.957031,334.000000,334.000000,-6.030000,-4.000000,-6.000000,0.000000,-3.970000,1.000000
1409.962036,336.000000,336.000000,-6.290000,-4.000000,-6.000000,0.000000,-1.810000,1.000000
1409.967041,314.000000,314.000000,-6.730000,-4.000000,-6.000000,0.000000,-1.810000,1.000000
1409.972046,472.000000,472.000000,-6.910000,4.000000,2.000000,0.000000,-1.810000,1.000000
1409.977051,438.000000,438.000000,-6.900000,4.000000,2.000000,0.000000,-1.810000,1.000000
1409.982056,382.000000,382.000000,-6.660000,4.000000,2.000000,0.000000,1.080000,1.000000
1409.987061,312.000000,312.000000,-6.840000,4.000000,2.000000,0.000000,1.080000,1.000000
1409.991943,509.000000,509.000000,-6.960000,10.000000,8.000000,0.000000,1.080000,1.000000
1409.996948,484.000000,484.000000,-6.690000,10.000000,8.000000,0.000000,1.080000,1.000000
1410.001953,400.000000,400.000000,-6.010000,10.000000,8.000000,0.000000,3.250000,1.000000
1410.006958,277.000000,277.000000,-5.570000,10.000000,8.000000,0.000000,3.250000,1.000000
1410.011963,371.000000,371.000000,-5.040000,16.000000,16.000000,0.000000,3.250000,1.000000
1410.016968,314.000000,314.000000,-4.590000,16.000000,16.000000,0.000000,3.250000,1.000000
1410.021973,262.000000,262.000000,-4.050000,16.000000,14.000000,0.000000,5.780000,1.000000
1410.026978,196.000000,196.000000,-3.450000,16.000000,14.000000,0.000000,5.780000,1.000000
1410.031982,301.000000,301.000000,-2.600000,20.000000,18.000000,0.000000,5.420000,1.000000
1410.036987,208.000000,208.000000,-1.820000,20.000000,18.000000,0.000000,5.420000,1.000000
1410.041992,103.000000,103.000000,-0.930000,16.000000,16.000000,0.000000,6.860000,1.000000
1410.046997,28.000000,28.000000,-0.470000,16.000000,16.000000,0.000000,6.860000,1.000000
1410.052002,113.000000,113.000000,0.460000,18.000000,16.000000,0.000000,5.780000,1.000000
1410.057007,46.000000,46.000000,1.190000,18.000000,16.000000,0.000000,5.780000,1.000000
1410.062012,-87.000000,-87.000000,2.070000,14.000000,14.000000,0.000000,6.140000,1.000000
1410.067017,-141.000000,-141.000000,2.660000,14.000000,14.000000,0.000000,6.140000,1.000000
1410.072021,-143.000000,-143.000000,3.410000,12.000000,14.000000,0.000000,5.050000,1.000000
1410.077026,-177.000000,-177.000000,4.070000,12.000000,14.000000,0.000000,5.050000,1.000000
1410.082031,-289.000000,-289.000000,4.670000,10.000000,10.000000,0.000000,4.690000,1.000000
1410.087036,-306.000000,-306.000000,5.470000,10.000000,10.000000,0.000000,4.690000,1.000000
1410.092041,-368.000000,-368.000000,5.810000,6.000000,6.000000,0.000000,3.610000,1.000000
1410.097046,-347.000000,-347.000000,6.340000,6.000000,6.000000,0.000000,3.610000,1.000000
1410.102051,-433.000000,-433.000000,6.650000,4.000000,4.000000,0.000000,2.170000,1.000000
1410.107056,-427.000000,-427.000000,7.150000,4.000000,4.000000,0.000000,2.170000,1.000000
1410.112061,-539.000000,-539.000000,7.380000,-2.000000,-2.000000,0.000000,1.440000,1.000000
1410.116943,-503.000000,-503.000000,7.410000,-2.000000,-2.000000,0.000000,1.440000,1.000000
1410.121948,-499.000000,-499.000000,7.240000,-2.000000,0.000000,0.000000,-0.720000,1.000000
1410.126953,-434.000000,-434.000000,7.430000,-2.000000,0.000000,0.000000,-0.720000,1.000000
1410.131958,-592.000000,-592.000000,7.580000,-8.000000,-10.000000,0.000000,-0.360000,1.000000
1410.136963,-577.000000,-577.000000,7.510000,-8.000000,-10.000000,0.000000,-0.360000,1.000000
1410.141968,-490.000000,-490.000000,7.040000,-8.000000,-10.000000,0.000000,-3.250000,1.000000
1410.146973,-370.000000,-370.000000,6.730000,-8.000000,-10.000000,0.000000,-3.250000,1.000000
1410.151978,-502.000000,-502.000000,6.330000,-16.000000,-18.000000,0.000000,-3.250000,1.000000
1410.156982,-431.000000,-431.000000,6.020000,-16.000000,-18.000000,0.000000,-3.250000,1.000000
1410.161987,-380.000000,-380.000000,5.420000,-16.000000,-18.000000,0.000000,-6.140000,1.000000
1410.166992,-302.000000,-302.000000,5.030000,-16.000000,-18.000000,0.000000,-6.140000,1.000000
1410.171997,-456.000000,-456.000000,4.540000,-20.000000,-24.000000,0.000000,-6.140000,1.000000
1410.177002,-390.000000,-390.000000,3.770000,-20.000000,-24.000000,0.000000,-6.140000,1.000000
1410.182007,-287.000000,-287.000000,2.780000,-18.000000,-22.000000,0.000000,-7.940000,1.000000
1410.187012,-165.000000,-165.000000,2.140000,-18.000000,-22.000000,0.000000,-7.940000,1.000000
1410.192017,-235.000000,-235.000000,1.280000,-22.000000,-24.000000,0.000000,-7.220000,1.000000
1410.197021,-153.000000,-153.000000,0.390000,-22.000000,-24.000000,0.000000,-7.220000,1.000000
1410.202026,-17.000000,-17.000000,-0.640000,-20.000000,-20.000000,0.000000,-8.300000,1.000000
1410.207031,71.000000,71.000000,-1.290000,-20.000000,-20.000000,0.000000,-8.300000,1.000000
1410.212036,34.000000,34.000000,-2.360000,-20.000000,-20.000000,0.000000,-7.220000,1.000000
1410.217041,112.000000,112.000000,-3.220000,-20.000000,-20.000000,0.000000,-7.220000,1.000000
1410.222046,251.000000,251.000000,-4.210000,-16.000000,-20.000000,0.000000,-7.220000,1.000000
1410.227051,307.000000,307.000000,-5.320000,-16.000000,-20.000000,0.000000,-7.220000,1.000000
1410.232056,371.000000,371.000000,-6.150000,-12.000000,-14.000000,0.000000,-6.500000,1.000000
1410.237061,401.000000,401.000000,-7.130000,-12.000000,-14.000000,0.000000,-6.500000,1.000000
1410.241943,484.000000,484.000000,-7.830000,-10.000000,-12.000000,0.000000,-4.690000,1.000000
1410.246948,481.000000,481.000000,-8.560000,-10.000000,-12.000000,0.000000,-4.690000,1.000000
1410.251953,619.000000,619.000000,-9.290000,-2.000000,-2.000000,0.000000,-3.970000,1.000000
1410.256958,621.000000,621.000000,-9.690000,-2.000000,-2.000000,0.000000,-3.970000,1.000000
1410.261963,633.000000,633.000000,-9.740000,0.000000,-2.000000,0.000000,-0.720000,1.000000
1410.266968,561.000000,561.000000,-9.950000,0.000000,-2.000000,0.000000,-0.720000,1.000000
1410.271973,771.000000,771.000000,-10.240000,8.000000,8.000000,0.000000,-0.360000,1.000000
1410.276978,769.000000,769.000000,-10.610000,8.000000,8.000000,0.000000,-0.360000,1.000000
1410.281982,784.000000,784.000000,-10.510000,12.000000,10.000000,0.000000,2.890000,1.000000
1410.286987,694.000000,694.000000,-10.210000,12.000000,10.000000,0.000000,2.890000,1.000000
1410.291992,800.000000,800.000000,-9.920000,16.000000,16.000000,0.000000,3.970000,1.000000
1410.296997,768.000000,768.000000,-9.940000,16.000000,16.000000,0.000000,3.970000,1.000000
1410.302002,800.000000,800.000000,-9.470000,20.000000,20.000000,0.000000,5.780000,1.000000
1410.307007,726.000000,726.000000,-8.980000,20.000000,20.000000,0.000000,5.780000,1.000000
1410.312012,750.000000,750.000000,-8.200000,26.000000,24.000000,0.000000,7.220000,1.000000
1410.317017,634.000000,634.000000,-7.720000,26.000000,24.000000,0.000000,7.220000,1.000000
1410.322021,664.000000,664.000000,-6.820000,30.000000,28.000000,0.000000,9.020000,1.000000
1410.327026,544.000000,544.000000,-5.910000,30.000000,28.000000,0.000000,9.020000,1.000000
1410.332031,554.000000,554.000000,-4.930000,34.000000,34.000000,0.000000,10.470000,1.000000
1410.337036,442.000000,442.000000,-4.010000,34.000000,34.000000,0.000000,10.470000,1.000000
1410.342041,451.000000,451.000000,-2.680000,32.000000,32.000000,0.000000,12.270000,1.000000
1410.347046,316.000000,316.000000,-1.640000,32.000000,32.000000,0.000000,12.270000,1.000000
1410.352051,347.000000,347.000000,-0.630000,36.000000,34.000000,0.000000,11.550000,1.000000
1410.357056,267.000000,267.000000,0.650000,36.000000,34.000000,0.000000,11.550000,1.000000
1410.362061,100.000000,100.000000,1.970000,32.000000,32.000000,0.000000,12.640000,1.000000
1410.366943,-3.000000,-3.000000,2.970000,32.000000,32.000000,0.000000,12.640000,1.000000
1410.371948,16.000000,16.000000,4.320000,34.000000,34.000000,0.000000,11.550000,1.000000
1410.376953,-82.000000,-82.000000,5.520000,34.000000,34.000000,0.000000,11.550000,1.000000
1410.381958,-241.000000,-241.000000,6.750000,30.000000,28.000000,0.000000,12.270000,1.000000
1410.386963,-321.000000,-321.000000,7.980000,30.000000,28.000000,0.000000,12.270000,1.000000
1410.391968,-336.000000,-336.000000,9.130000,24.000000,22.000000,0.000000,10.470000,1.000000
1410.396973,-396.000000,-396.000000,10.240000,24.000000,22.000000,0.000000,10.470000,1.000000
1410.401978,-571.000000,-571.000000,11.190000,20.000000,20.000000,0.000000,8.300000,1.000000
1410.406982,-583.000000,-583.000000,12.150000,20.000000,20.000000,0.000000,8.300000,1.000000
1410.411987,-748.000000,-748.000000,12.840000,12.000000,12.000000,0.000000,7.220000,1.000000
1410.416992,-712.000000,-712.000000,13.270000,12.000000,12.000000,0.000000,7.220000,1.000000
1410.421997,-724.000000,-724.000000,13.360000,10.000000,8.000000,0.000000,4.330000,1.000000
1410.427002,-634.000000,-634.000000,13.680000,10.000000,8.000000,0.000000,4.330000,1.000000
1410.432007,-800.000000,-800.000000,13.920000,-2.000000,0.000000,0.000000,3.250000,1.000000
1410.437012,-784.000000,-784.000000,14.070000,-2.000000,0.000000,0.000000,3.250000,1.000000
1410.442017,-800.000000,-800.000000,13.800000,-8.000000,-8.000000,0.000000,-0.360000,1.000000
1410.447021,-700.000000,-700.000000,13.670000,-8.000000,-8.000000,0.000000,-0.360000,1.000000
1410.452026,-800.000000,-800.000000,13.130000,-14.000000,-16.000000,0.000000,-2.890000,1.000000
1410.457031,-743.000000,-743.000000,12.670000,-14.000000,-16.000000,0.000000,-2.890000,1.000000
1410.462036,-800.000000,-800.000000,11.860000,-20.000000,-20.000000,0.000000,-5.420000,1.000000
1410.467041,-702.000000,-702.000000,11.250000,-20.000000,-20.000000,0.000000,-5.420000,1.000000
1410.472046,-791.000000,-791.000000,10.400000,-24.000000,-26.000000,0.000000,-7.220000,1.000000
1410.477051,-666.000000,-666.000000,9.690000,-24.000000,-26.000000,0.000000,-7.220000,1.000000
1410.482056,-713.000000,-713.000000,8.500000,-26.000000,-28.000000,0.000000,-9.020000,1.000000
1410.487061,-569.000000,-569.000000,7.560000,-26.000000,-28.000000,0.000000,-9.020000,1.000000
1410.491943,-592.000000,-592.000000,6.490000,-30.000000,-32.000000,0.000000,-9.750000,1.000000
1410.496948,-472.000000,-472.000000,5.560000,-30.000000,-32.000000,0.000000,-9.750000,1.000000
1410.501953,-439.000000,-439.000000,4.120000,-30.000000,-34.000000,0.000000,-11.190000,1.000000
1410.506958,-299.000000,-299.000000,2.950000,-30.000000,-34.000000,0.000000,-11.190000,1.000000
1410.511963,-302.000000,-302.000000,1.660000,-34.000000,-36.000000,0.000000,-11.550000,1.000000
1410.516968,-198.000000,-198.000000,0.210000,-34.000000,-36.000000,0.000000,-11.550000,1.000000
1410.521973,-112.000000,-112.000000,-1.440000,-30.000000,-32.000000,0.000000,-12.640000,1.000000
1410.526978,14.000000,14.000000,-2.680000,-30.000000,-32.000000,0.000000,-12.640000,1.000000
1410.531982,7.000000,7.000000,-4.140000,-32.000000,-32.000000,0.000000,-11.190000,1.000000
1410.536987,104.000000,104.000000,-5.460000,-32.000000,-32.000000,0.000000,-11.190000,1.000000
1410.541992,284.000000,284.000000,-6.740000,-26.000000,-28.000000,0.000000,-11.550000,1.000000
1410.546997,342.000000,342.000000,-8.040000,-26.000000,-28.000000,0.000000,-11.550000,1.000000
1410.552002,368.000000,368.000000,-9.090000,-20.000000,-22.000000,0.000000,-9.750000,1.000000
1410.557007,389.000000,389.000000,-10.110000,-20.000000,-22.000000,0.000000,-9.750000,1.000000
1410.562012,532.000000,532.000000,-10.900000,-16.000000,-20.000000,0.000000,-7.580000,1.000000
1410.567017,523.000000,523.000000,-11.750000,-16.000000,-20.000000,0.000000,-7.580000,1.000000
1410.572021,682.000000,682.000000,-12.450000,-10.000000,-12.000000,0.000000,-6.500000,1.000000
1410.577026,655.000000,655.000000,-12.770000,-10.000000,-12.000000,0.000000,-6.500000,1.000000
1410.582031,662.000000,662.000000,-12.730000,-6.000000,-8.000000,0.000000,-3.970000,1.000000
1410.587036,563.000000,563.000000,-12.850000,-6.000000,-8.000000,0.000000,-3.970000,1.000000
1410.592041,701.000000,701.000000,-12.920000,2.000000,0.000000,0.000000,-2.530000,1.000000
1410.597046,666.000000,666.000000,-13.260000,2.000000,0.000000,0.000000,-2.530000,1.000000
1410.602051,748.000000,748.000000,-13.040000,6.000000,4.000000,0.000000,0.360000,1.000000
1410.607056,645.000000,645.000000,-12.720000,6.000000,4.000000,0.000000,0.360000,1.000000
1410.612061,751.000000,751.000000,-12.340000,14.000000,10.000000,0.000000,1.810000,1.000000
1410.616943,656.000000,656.000000,-11.990000,14.000000,10.000000,0.000000,1.810000,1.000000
1410.621948,683.000000,683.000000,-11.190000,18.000000,14.000000,0.000000,4.330000,1.000000
1410.626953,556.000000,556.000000,-10.420000,18.000000,14.000000,0.000000,4.330000,1.000000
1410.631958,627.000000,627.000000,-9.720000,22.000000,22.000000,0.000000,5.780000,1.000000
1410.636963,539.000000,539.000000,-9.100000,22.000000,22.000000,0.000000,5.780000,1.000000
1410.641968,570.000000,570.000000,-8.110000,24.000000,22.000000,0.000000,7.940000,1.000000
1410.646973,441.000000,441.000000,-7.020000,24.000000,22.000000,0.000000,7.940000,1.000000
1410.651978,463.000000,463.000000,-5.870000,28.000000,26.000000,0.000000,8.300000,1.000000
1410.656982,351.000000,351.000000,-4.660000,28.000000,26.000000,0.000000,8.300000,1.000000
1410.661987,266.000000,266.000000,-3.270000,28.000000,26.000000,0.000000,9.750000,1.000000
1410.666992,136.000000,136.000000,-2.080000,28.000000,26.000000,0.000000,9.750000,1.000000
1410.671997,136.000000,136.000000,-0.790000,30.000000,28.000000,0.000000,9.750000,1.000000
1410.677002,38.000000,38.000000,0.620000,30.000000,28.000000,0.000000,9.750000,1.000000
1410.682007,-70.000000,-70.000000,2.060000,26.000000,24.000000,0.000000,10.470000,1.000000
1410.687012,-175.000000,-175.000000,3.360000,26.000000,24.000000,0.000000,10.470000,1.000000
1410.692017,-195.000000,-195.000000,4.670000,22.000000,22.000000,0.000000,9.020000,1.000000
1410.697021,-268.000000,-268.000000,5.920000,22.000000,22.000000,0.000000,9.020000,1.000000
1410.702026,-439.000000,-439.000000,7.170000,18.000000,18.000000,0.000000,7.940000,1.000000
1410.707031,-496.000000,-496.000000,8.390000,18.000000,18.000000,0.000000,7.940000,1.000000
1410.712036,-624.000000,-624.000000,9.260000,12.000000,12.000000,0.000000,6.500000,1.000000
1410.717041,-619.000000,-619.000000,10.140000,12.000000,12.000000,0.000000,6.500000,1.000000
1410.722046,-720.000000,-720.000000,10.690000,10.000000,8.000000,0.000000,4.330000,1.000000
1410.727051,-675.000000,-675.000000,11.370000,10.000000,8.000000,0.000000,4.330000,1.000000
1410.732056,-800.000000,-800.000000,11.900000,0.000000,0.000000,0.000000,3.250000,1.000000
1410.737061,-792.000000,-792.000000,12.240000,0.000000,0.000000,0.000000,3.250000,1.000000
1410.741943,-800.000000,-800.000000,12.200000,-4.000000,-4.000000,0.000000,0.000000,1.000000
1410.746948,-692.000000,-692.000000,12.120000,-4.000000,-4.000000,0.000000,0.000000,1.000000
1410.751953,-800.000000,-800.000000,11.930000,-12.000000,-12.000000,0.000000,-1.440000,1.000000
1410.756958,-756.000000,-756.000000,11.800000,-12.000000,-12.000000,0.000000,-1.440000,1.000000
1410.761963,-800.000000,-800.000000,11.330000,-16.000000,-18.000000,0.000000,-4.330000,1.000000
1410.766968,-699.000000,-699.000000,10.910000,-16.000000,-18.000000,0.000000,-4.330000,1.000000
1410.771973,-800.000000,-800.000000,10.240000,-22.000000,-22.000000,0.000000,-6.140000,1.000000
1410.776978,-678.000000,-678.000000,9.590000,-22.000000,-22.000000,0.000000,-6.140000,1.000000
1410.781982,-721.000000,-721.000000,8.620000,-26.000000,-26.000000,0.000000,-7.940000,1.000000
1410.786987,-592.000000,-592.000000,7.950000,-26.000000,-26.000000,0.000000,-7.940000,1.000000
1410.791992,-635.000000,-635.000000,7.080000,-28.000000,-30.000000,0.000000,-9.390000,1.000000
1410.796997,-521.000000,-521.000000,6.320000,-28.000000,-30.000000,0.000000,-9.390000,1.000000
1410.802002,-544.000000,-544.000000,5.050000,-30.000000,-32.000000,0.000000,-10.470000,1.000000
1410.807007,-399.000000,-399.000000,4.120000,-30.000000,-32.000000,0.000000,-10.470000,1.000000
1410.812012,-379.000000,-379.000000,3.040000,-34.000000,-36.000000,0.000000,-11.190000,1.000000
1410.817017,-276.000000,-276.000000,1.800000,-34.000000,-36.000000,0.000000,-11.190000,1.000000
1410.822021,-224.000000,-224.000000,0.480000,-32.000000,-34.000000,0.000000,-12.640000,1.000000
1410.827026,-116.000000,-116.000000,-0.530000,-32.000000,-34.000000,0.000000,-12.640000,1.000000
1410.832031,-148.000000,-148.000000,-1.870000,-32.000000,-32.000000,0.000000,-11.910000,1.000000
1410.837036,-42.000000,-42.000000,-3.090000,-32.000000,-32.000000,0.000000,-11.910000,1.000000
1410.842041,109.000000,109.000000,-4.460000,-28.000000,-30.000000,0.000000,-11.550000,1.000000
1410.847046,208.000000,208.000000,-5.700000,-28.000000,-30.000000,0.000000,-11.550000,1.000000
1410.852051,315.000000,315.000000,-7.170000,-24.000000,-28.000000,0.000000,-10.470000,1.000000
1410.857056,407.000000,407.000000,-8.650000,-24.000000,-28.000000,0.000000,-10.470000,1.000000
1410.862061,568.000000,568.000000,-9.840000,-22.000000,-22.000000,0.000000,-9.390000,1.000000
1410.866943,595.000000,595.000000,-11.000000,-22.000000,-22.000000,0.000000,-9.390000,1.000000
1410.871948,690.000000,690.000000,-11.910000,-12.000000,-14.000000,0.000000,-7.940000,1.000000
1410.876953,687.000000,687.000000,-12.600000,-12.000000,-14.000000,0.000000,-7.940000,1.000000
1410.881958,763.000000,763.000000,-13.020000,-8.000000,-10.000000,0.000000,-4.690000,1.000000
1410.886963,710.000000,710.000000,-13.550000,-8.000000,-10.000000,0.000000,-4.690000,1.000000
1410.891968,800.000000,800.000000,-14.140000,0.000000,0.000000,0.000000,-3.250000,1.000000
1410.896973,800.000000,800.000000,-14.780000,0.000000,0.000000,0.000000,-3.250000,1.000000
1410.901978,800.000000,800.000000,-14.830000,6.000000,4.000000,0.000000,0.000000,1.000000
1410.906982,800.000000,800.000000,-14.870000,6.000000,4.000000,0.000000,0.000000,1.000000
1410.911987,800.000000,800.000000,-14.780000,12.000000,12.000000,0.000000,1.810000,1.000000
1410.916992,800.000000,800.000000,-14.790000,12.000000,12.000000,0.000000,1.810000,1.000000
1410.921997,800.000000,800.000000,-14.380000,18.000000,16.000000,0.000000,4.330000,1.000000
1410.927002,800.000000,800.000000,-13.930000,18.000000,16.000000,0.000000,4.330000,1.000000
1410.932007,800.000000,800.000000,-13.210000,24.000000,24.000000,0.000000,6.140000,1.000000
1410.937012,800.000000,800.000000,-12.780000,24.000000,24.000000,0.000000,6.140000,1.000000
1410.942017,800.000000,800.000000,-12.010000,26.000000,26.000000,0.000000,8.660000,1.000000
1410.947021,800.000000,800.000000,-11.250000,26.000000,26.000000,0.000000,8.660000,1.000000
1410.952026,800.000000,800.000000,-10.330000,34.000000,32.000000,0.000000,9.390000,1.000000
1410.957031,800.000000,800.000000,-9.550000,34.000000,32.000000,0.000000,9.390000,1.000000
1410.962036,800.000000,800.000000,-8.360000,34.000000,34.000000,0.000000,11.910000,1.000000
1410.967041,679.000000,679.000000,-7.250000,34.000000,34.000000,0.000000,11.910000,1.000000
1410.972046,743.000000,743.000000,-6.020000,38.000000,38.000000,0.000000,12.270000,1.000000
1410.977051,621.000000,621.000000,-5.070000,38.000000,38.000000,0.000000,12.270000,1.000000
1410.982056,553.000000,553.000000,-3.630000,40.000000,38.000000,0.000000,13.720000,1.000000
1410.987061,430.000000,430.000000,-2.410000,40.000000,38.000000,0.000000,13.720000,1.000000
1410.991943,438.000000,438.000000,-0.960000,42.000000,42.000000,0.000000,14.080000,1.000000
1410.996948,325.000000,325.000000,0.260000,42.000000,42.000000,0.000000,14.080000,1.000000
1411.001953,259.000000,259.000000,1.840000,40.000000,40.000000,0.000000,15.000000,1.000000
1411.006958,140.000000,140.000000,3.050000,40.000000,40.000000,0.000000,15.000000,1.000000
1411.011963,118.000000,118.000000,4.600000,40.000000,42.000000,0.000000,14.440000,1.000000
1411.016968,1.000000,1.000000,6.020000,40.000000,42.000000,0.000000,14.440000,1.000000
1411.021973,-148.000000,-148.000000,7.530000,36.000000,36.000000,0.000000,14.800000,1.000000
1411.026978,-261.000000,-261.000000,8.980000,36.000000,36.000000,0.000000,14.800000,1.000000
1411.031982,-343.000000,-343.000000,10.450000,30.000000,32.000000,0.000000,13.000000,1.000000
1411.036987,-446.000000,-446.000000,11.840000,30.000000,32.000000,0.000000,13.000000,1.000000
1411.041992,-652.000000,-652.000000,13.080000,28.000000,26.000000,0.000000,11.190000,1.000000
1411.046997,-697.000000,-697.000000,14.270000,28.000000,26.000000,0.000000,11.190000,1.000000
1411.052002,-800.000000,-800.000000,15.210000,18.000000,18.000000,0.000000,9.750000,1.000000
1411.057007,-800.000000,-800.000000,15.840000,18.000000,18.000000,0.000000,9.750000,1.000000
1411.062012,-800.000000,-800.000000,16.190001,14.000000,14.000000,0.000000,6.500000,1.000000
1411.067017,-774.000000,-774.000000,16.629999,14.000000,14.000000,0.000000,6.500000,1.000000
1411.072021,-800.000000,-800.000000,16.950001,4.000000,6.000000,0.000000,5.050000,1.000000
1411.077026,-800.000000,-800.000000,17.219999,4.000000,6.000000,0.000000,5.050000,1.000000
1411.082031,-800.000000,-800.000000,17.170000,-2.000000,-4.000000,0.000000,1.810000,1.000000
1411.087036,-800.000000,-800.000000,17.100000,-2.000000,-4.000000,0.000000,1.810000,1.000000
1411.092041,-800.000000,-800.000000,16.750000,-8.000000,-10.000000,0.000000,-1.080000,1.000000
1411.097046,-800.000000,-800.000000,16.330000,-8.000000,-10.000000,0.000000,-1.080000,1.000000
1411.102051,-800.000000,-800.000000,15.580000,-16.000000,-16.000000,0.000000,-3.250000,1.000000
1411.107056,-800.000000,-800.000000,14.970000,-16.000000,-16.000000,0.000000,-3.250000,1.000000
1411.112061,-800.000000,-800.000000,14.280000,-22.000000,-22.000000,0.000000,-5.780000,1.000000
1411.116943,-800.000000,-800.000000,13.650000,-22.000000,-22.000000,0.000000,-5.780000,1.000000
1411.121948,-800.000000,-800.000000,12.630000,-24.000000,-26.000000,0.000000,-7.940000,1.000000
1411.126953,-800.000000,-800.000000,11.760000,-24.000000,-26.000000,0.000000,-7.940000,1.000000
1411.131958,-800.000000,-800.000000,10.740000,-30.000000,-30.000000,0.000000,-9.020000,1.000000
1411.136963,-745.000000,-745.000000,9.900000,-30.000000,-30.000000,0.000000,-9.020000,1.000000
1411.141968,-749.000000,-749.000000,8.610000,-32.000000,-34.000000,0.000000,-10.830000,1.000000
1411.146973,-614.000000,-614.000000,7.590000,-32.000000,-34.000000,0.000000,-10.830000,1.000000
1411.151978,-640.000000,-640.000000,6.400000,-36.000000,-38.000000,0.000000,-11.910000,1.000000
1411.156982,-534.000000,-534.000000,5.320000,-36.000000,-38.000000,0.000000,-11.910000,1.000000
1411.161987,-526.000000,-526.000000,3.940000,-38.000000,-38.000000,0.000000,-13.360000,1.000000
1411.166992,-418.000000,-418.000000,2.940000,-38.000000,-38.000000,0.000000,-13.360000,1.000000
1411.171997,-450.000000,-450.000000,1.870000,-40.000000,-42.000000,0.000000,-13.720000,1.000000
1411.177002,-368.000000,-368.000000,0.590000,-40.000000,-42.000000,0.000000,-13.720000,1.000000
1411.182007,-299.000000,-299.000000,-0.970000,-38.000000,-38.000000,0.000000,-14.800000,1.000000
1411.187012,-181.000000,-181.000000,-2.260000,-38.000000,-38.000000,0.000000,-14.800000,1.000000
1411.192017,-166.000000,-166.000000,-3.670000,-38.000000,-42.000000,0.000000,-13.720000,1.000000
1411.197021,-60.000000,-60.000000,-5.280000,-38.000000,-42.000000,0.000000,-13.720000,1.000000
1411.202026,142.000000,142.000000,-6.920000,-34.000000,-36.000000,0.000000,-14.440000,1.000000
1411.207031,265.000000,265.000000,-8.200000,-34.000000,-36.000000,0.000000,-14.440000,1.000000
1411.212036,292.000000,292.000000,-9.600000,-30.000000,-32.000000,0.000000,-12.640000,1.000000
1411.217041,383.000000,383.000000,-10.870000,-30.000000,-32.000000,0.000000,-12.640000,1.000000
1411.222046,595.000000,595.000000,-12.240000,-26.000000,-28.000000,0.000000,-11.190000,1.000000
1411.227051,671.000000,671.000000,-13.730000,-26.000000,-28.000000,0.000000,-11.190000,1.000000
1411.232056,800.000000,800.000000,-14.810000,-16.000000,-18.000000,0.000000,-9.750000,1.000000
1411.237061,800.000000,800.000000,-15.580000,-16.000000,-18.000000,0.000000,-9.750000,1.000000
1411.241943,800.000000,800.000000,-16.020000,-14.000000,-16.000000,0.000000,-6.140000,1.000000
1411.246948,800.000000,800.000000,-16.559999,-14.000000,-16.000000,0.000000,-6.140000,1.000000
1411.251953,800.000000,800.000000,-17.049999,-4.000000,-6.000000,0.000000,-5.420000,1.000000
1411.256958,800.000000,800.000000,-17.610001,-4.000000,-6.000000,0.000000,-5.420000,1.000000
1411.261963,800.000000,800.000000,-17.830000,4.000000,0.000000,0.000000,-1.810000,1.000000
1411.266968,800.000000,800.000000,-17.799999,4.000000,0.000000,0.000000,-1.810000,1.000000
1411.271973,800.000000,800.000000,-17.580000,12.000000,10.000000,0.000000,0.720000,1.000000
1411.276978,800.000000,800.000000,-17.350000,12.000000,10.000000,0.000000,0.720000,1.000000
1411.281982,800.000000,800.000000,-16.780001,18.000000,14.000000,0.000000,3.970000,1.000000
1411.286987,800.000000,800.000000,-16.360001,18.000000,14.000000,0.000000,3.970000,1.000000
1411.291992,800.000000,800.000000,-15.700000,22.000000,20.000000,0.000000,5.780000,1.000000
1411.296997,800.000000,800.000000,-15.120000,22.000000,20.000000,0.000000,5.780000,1.000000
1411.302002,800.000000,800.000000,-14.120000,28.000000,24.000000,0.000000,7.580000,1.000000
1411.307007,800.000000,800.000000,-13.160000,28.000000,24.000000,0.000000,7.580000,1.000000
1411.312012,800.000000,800.000000,-12.100000,30.000000,28.000000,0.000000,9.390000,1.000000
1411.317017,800.000000,800.000000,-11.300000,30.000000,28.000000,0.000000,9.390000,1.000000
1411.322021,800.000000,800.000000,-9.960000,34.000000,32.000000,0.000000,10.470000,1.000000
1411.327026,789.000000,789.000000,-8.860000,34.000000,32.000000,0.000000,10.470000,1.000000
1411.332031,749.000000,749.000000,-7.550000,36.000000,36.000000,0.000000,11.910000,1.000000
1411.337036,625.000000,625.000000,-6.480000,36.000000,36.000000,0.000000,11.910000,1.000000
1411.342041,635.000000,635.000000,-5.030000,40.000000,38.000000,0.000000,13.000000,1.000000
1411.347046,509.000000,509.000000,-3.720000,40.000000,38.000000,0.000000,13.000000,1.000000
1411.352051,483.000000,483.000000,-2.320000,42.000000,40.000000,0.000000,14.080000,1.000000
1411.357056,374.000000,374.000000,-0.940000,42.000000,40.000000,0.000000,14.080000,1.000000
1411.362061,349.000000,349.000000,0.730000,40.000000,40.000000,0.000000,14.800000,1.000000
1411.366943,223.000000,223.000000,2.060000,40.000000,40.000000,0.000000,14.800000,1.000000
1411.371948,177.000000,177.000000,3.540000,42.000000,42.000000,0.000000,14.440000,1.000000
1411.376953,65.000000,65.000000,5.130000,42.000000,42.000000,0.000000,14.440000,1.000000
1411.381958,-81.000000,-81.000000,6.650000,38.000000,36.000000,0.000000,15.000000,1.000000
1411.386963,-187.000000,-187.000000,7.950000,38.000000,36.000000,0.000000,15.000000,1.000000
1411.391968,-212.000000,-212.000000,9.200000,34.000000,32.000000,0.000000,13.360000,1.000000
1411.396973,-267.000000,-267.000000,10.400000,34.000000,32.000000,0.000000,13.360000,1.000000
1411.401978,-439.000000,-439.000000,11.520000,28.000000,28.000000,0.000000,11.910000,1.000000
1411.406982,-471.000000,-471.000000,12.640000,28.000000,28.000000,0.000000,11.910000,1.000000
1411.411987,-607.000000,-607.000000,13.410000,22.000000,20.000000,0.000000,10.110000,1.000000
1411.416992,-591.000000,-591.000000,14.190000,22.000000,20.000000,0.000000,10.110000,1.000000
1411.421997,-713.000000,-713.000000,14.720000,18.000000,16.000000,0.000000,7.580000,1.000000
1411.427002,-678.000000,-678.000000,15.240000,18.000000,16.000000,0.000000,7.580000,1.000000
1411.432007,-800.000000,-800.000000,15.580000,8.000000,6.000000,0.000000,6.140000,1.000000
1411.437012,-775.000000,-775.000000,15.770000,8.000000,6.000000,0.000000,6.140000,1.000000
1411.442017,-800.000000,-800.000000,15.540000,2.000000,2.000000,0.000000,2.530000,1.000000
1411.447021,-679.000000,-679.000000,15.340000,2.000000,2.000000,0.000000,2.530000,1.000000
1411.452026,-800.000000,-800.000000,15.040000,-4.000000,-6.000000,0.000000,0.720000,1.000000
1411.457031,-773.000000,-773.000000,14.830000,-4.000000,-6.000000,0.000000,0.720000,1.000000
1411.462036,-800.000000,-800.000000,14.200000,-8.000000,-12.000000,0.000000,-1.810000,1.000000
1411.467041,-739.000000,-739.000000,13.690000,-8.000000,-12.000000,0.000000,-1.810000,1.000000
1411.472046,-800.000000,-800.000000,12.930000,-16.000000,-18.000000,0.000000,-3.610000,1.000000
1411.477051,-704.000000,-704.000000,12.330000,-16.000000,-18.000000,0.000000,-3.610000,1.000000
1411.482056,-752.000000,-752.000000,11.240000,-20.000000,-20.000000,0.000000,-6.140000,1.000000
1411.487061,-617.000000,-617.000000,10.500000,-20.000000,-20.000000,0.000000,-6.140000,1.000000
1411.491943,-719.000000,-719.000000,9.570000,-26.000000,-26.000000,0.000000,-7.220000,1.000000
1411.496948,-617.000000,-617.000000,8.790000,-26.000000,-26.000000,0.000000,-7.220000,1.000000
1411.501953,-626.000000,-626.000000,7.510000,-26.000000,-30.000000,0.000000,-9.390000,1.000000
1411.506958,-493.000000,-493.000000,6.510000,-26.000000,-30.000000,0.000000,-9.390000,1.000000
1411.511963,-563.000000,-563.000000,5.440000,-30.000000,-34.000000,0.000000,-10.110000,1.000000
1411.516968,-470.000000,-470.000000,4.410000,-30.000000,-34.000000,0.000000,-10.110000,1.000000
1411.521973,-440.000000,-440.000000,3.090000,-30.000000,-34.000000,0.000000,-11.550000,1.000000
1411.526978,-319.000000,-319.000000,2.150000,-30.000000,-34.000000,0.000000,-11.550000,1.000000
1411.531982,-347.000000,-347.000000,1.150000,-34.000000,-38.000000,0.000000,-11.550000,1.000000
1411.536987,-275.000000,-275.000000,-0.040000,-34.000000,-38.000000,0.000000,-11.550000,1.000000
1411.541992,-177.000000,-177.000000,-1.400000,-30.000000,-32.000000,0.000000,-13.000000,1.000000
1411.546997,-65.000000,-65.000000,-2.310000,-30.000000,-32.000000,0.000000,-13.000000,1.000000
1411.552002,-114.000000,-114.000000,-3.590000,-32.000000,-34.000000,0.000000,-11.190000,1.000000
1411.557007,-25.000000,-25.000000,-4.800000,-32.000000,-34.000000,0.000000,-11.190000,1.000000
1411.562012,186.000000,186.000000,-6.120000,-28.000000,-30.000000,0.000000,-11.910000,1.000000
1411.567017,259.000000,259.000000,-7.220000,-28.000000,-30.000000,0.000000,-11.910000,1.000000
1411.572021,244.000000,244.000000,-8.390000,-22.000000,-26.000000,0.000000,-10.470000,1.000000
1411.577026,287.000000,287.000000,-9.370000,-22.000000,-26.000000,0.000000,-10.470000,1.000000
1411.582031,421.000000,421.000000,-10.210000,-20.000000,-20.000000,0.000000,-8.660000,1.000000
1411.587036,427.000000,427.000000,-11.220000,-20.000000,-20.000000,0.000000,-8.660000,1.000000
1411.592041,581.000000,581.000000,-11.810000,-12.000000,-14.000000,0.000000,-7.220000,1.000000
1411.597046,547.000000,547.000000,-12.240000,-12.000000,-14.000000,0.000000,-7.220000,1.000000
1411.602051,592.000000,592.000000,-12.300000,-10.000000,-12.000000,0.000000,-4.690000,1.000000
1411.607056,511.000000,511.000000,-12.540000,-10.000000,-12.000000,0.000000,-4.690000,1.000000
1411.612061,657.000000,657.000000,-12.920000,0.000000,-4.000000,0.000000,-3.970000,1.000000
1411.616943,638.000000,638.000000,-13.020000,0.000000,-4.000000,0.000000,-3.970000,1.000000
1411.621948,629.000000,629.000000,-12.780000,2.000000,0.000000,0.000000,-0.720000,1.000000
1411.626953,516.000000,516.000000,-12.420000,2.000000,0.000000,0.000000,-0.720000,1.000000
1411.631958,654.000000,654.000000,-11.970000,10.000000,10.000000,0.000000,0.360000,1.000000
1411.636963,561.000000,561.000000,-11.730000,10.000000,10.000000,0.000000,0.360000,1.000000
1411.641968,576.000000,576.000000,-11.040000,12.000000,10.000000,0.000000,3.610000,1.000000
1411.646973,459.000000,459.000000,-10.290000,12.000000,10.000000,0.000000,3.610000,1.000000
1411.651978,579.000000,579.000000,-9.570000,18.000000,18.000000,0.000000,3.970000,1.000000
1411.656982,485.000000,485.000000,-8.750000,18.000000,18.000000,0.000000,3.970000,1.000000
1411.661987,412.000000,412.000000,-7.620000,20.000000,18.000000,0.000000,6.500000,1.000000
1411.666992,282.000000,282.000000,-6.560000,20.000000,18.000000,0.000000,6.500000,1.000000
1411.671997,354.000000,354.000000,-5.700000,24.000000,24.000000,0.000000,6.860000,1.000000
1411.677002,277.000000,277.000000,-4.450000,24.000000,24.000000,0.000000,6.860000,1.000000
1411.682007,193.000000,193.000000,-3.160000,22.000000,22.000000,0.000000,8.660000,1.000000
1411.687012,66.000000,66.000000,-1.990000,22.000000,22.000000,0.000000,8.660000,1.000000
1411.692017,98.000000,98.000000,-0.640000,24.000000,24.000000,0.000000,7.940000,1.000000
1411.697021,-4.000000,-4.000000,0.530000,24.000000,24.000000,0.000000,7.940000,1.000000
1411.702026,-134.000000,-134.000000,1.910000,20.000000,20.000000,0.000000,8.660000,1.000000
1411.707031,-233.000000,-233.000000,3.050000,20.000000,20.000000,0.000000,8.660000,1.000000
1411.712036,-245.000000,-245.000000,4.150000,18.000000,18.000000,0.000000,7.220000,1.000000
1411.717041,-296.000000,-296.000000,5.210000,18.000000,18.000000,0.000000,7.220000,1.000000
1411.722046,-454.000000,-454.000000,6.310000,14.000000,16.000000,0.000000,6.500000,1.000000
1411.727051,-507.000000,-507.000000,7.450000,14.000000,16.000000,0.000000,6.500000,1.000000
1411.732056,-613.000000,-613.000000,8.260000,8.000000,6.000000,0.000000,5.420000,1.000000
1411.737061,-618.000000,-618.000000,9.070000,8.000000,6.000000,0.000000,5.420000,1.000000
1411.741943,-695.000000,-695.000000,9.590000,6.000000,6.000000,0.000000,2.530000,1.000000
1411.746948,-654.000000,-654.000000,10.230000,6.000000,6.000000,0.000000,2.530000,1.000000
1411.751953,-800.000000,-800.000000,10.650000,-2.000000,-2.000000,0.000000,2.170000,1.000000
1411.756958,-800.000000,-800.000000,11.050000,-2.000000,-2.000000,0.000000,2.170000,1.000000
1411.761963,-800.000000,-800.000000,11.120000,-6.000000,-6.000000,0.000000,-0.720000,1.000000
1411.766968,-748.000000,-748.000000,11.260000,-6.000000,-6.000000,0.000000,-0.720000,1.000000
1411.771973,-800.000000,-800.000000,11.180000,-14.000000,-14.000000,0.000000,-2.170000,1.000000
1411.776978,-800.000000,-800.000000,11.200000,-14.000000,-14.000000,0.000000,-2.170000,1.000000
1411.781982,-800.000000,-800.000000,10.840000,-18.000000,-18.000000,0.000000,-5.050000,1.000000
1411.786987,-799.000000,-799.000000,10.570000,-18.000000,-18.000000,0.000000,-5.050000,1.000000
1411.791992,-800.000000,-800.000000,10.020000,-22.000000,-24.000000,0.000000,-6.500000,1.000000
1411.796997,-797.000000,-797.000000,9.590000,-22.000000,-24.000000,0.000000,-6.500000,1.000000
1411.802002,-800.000000,-800.000000,8.790000,-28.000000,-30.000000,0.000000,-8.300000,1.000000
1411.807007,-710.000000,-710.000000,8.170000,-28.000000,-30.000000,0.000000,-8.300000,1.000000
1411.812012,-745.000000,-745.000000,7.310000,-30.000000,-32.000000,0.000000,-10.470000,1.000000
1411.817017,-617.000000,-617.000000,6.630000,-30.000000,-32.000000,0.000000,-10.470000,1.000000
1411.822021,-693.000000,-693.000000,5.540000,-34.000000,-36.000000,0.000000,-11.190000,1.000000
1411.827026,-555.000000,-555.000000,4.610000,-34.000000,-36.000000,0.000000,-11.190000,1.000000
1411.832031,-498.000000,-498.000000,3.470000,-38.000000,-40.000000,0.000000,-12.640000,1.000000
1411.837036,-368.000000,-368.000000,2.380000,-38.000000,-40.000000,0.000000,-12.640000,1.000000
1411.842041,-375.000000,-375.000000,0.920000,-36.000000,-38.000000,0.000000,-14.080000,1.000000
1411.847046,-254.000000,-254.000000,-0.030000,-36.000000,-38.000000,0.000000,-14.080000,1.000000
1411.852051,-284.000000,-284.000000,-1.270000,-38.000000,-40.000000,0.000000,-13.360000,1.000000
1411.857056,-189.000000,-189.000000,-2.550000,-38.000000,-40.000000,0.000000,-13.360000,1.000000
1411.862061,-37.000000,-37.000000,-3.980000,-32.000000,-36.000000,0.000000,-14.080000,1.000000
1411.866943,71.000000,71.000000,-4.930000,-32.000000,-36.000000,0.000000,-14.080000,1.000000
1411.871948,88.000000,88.000000,-6.390000,-32.000000,-36.000000,0.000000,-12.270000,1.000000
1411.876953,198.000000,198.000000,-7.690000,-32.000000,-36.000000,0.000000,-12.270000,1.000000
1411.881958,431.000000,431.000000,-9.230000,-28.000000,-28.000000,0.000000,-12.270000,1.000000
1411.886963,523.000000,523.000000,-10.710000,-28.000000,-28.000000,0.000000,-12.270000,1.000000
1411.891968,580.000000,580.000000,-11.570000,-22.000000,-24.000000,0.000000,-10.110000,1.000000
1411.896973,558.000000,558.000000,-12.420000,-22.000000,-24.000000,0.000000,-10.110000,1.000000
1411.901978,696.000000,696.000000,-13.000000,-18.000000,-20.000000,0.000000,-8.300000,1.000000
1411.906982,677.000000,677.000000,-13.800000,-18.000000,-20.000000,0.000000,-8.300000,1.000000
1411.911987,800.000000,800.000000,-14.830000,-8.000000,-10.000000,0.000000,-6.860000,1.000000
1411.916992,800.000000,800.000000,-15.480000,-8.000000,-10.000000,0.000000,-6.860000,1.000000
1411.921997,800.000000,800.000000,-15.900000,-4.000000,-6.000000,0.000000,-3.250000,1.000000
1411.927002,800.000000,800.000000,-16.129999,-4.000000,-6.000000,0.000000,-3.250000,1.000000
1411.932007,800.000000,800.000000,-16.250000,6.000000,0.000000,0.000000,-1.810000,1.000000
1411.937012,800.000000,800.000000,-16.580000,6.000000,0.000000,0.000000,-1.810000,1.000000
1411.942017,800.000000,800.000000,-16.510000,12.000000,8.000000,0.000000,1.080000,1.000000
1411.947021,800.000000,800.000000,-16.440001,12.000000,8.000000,0.000000,1.080000,1.000000
1411.952026,800.000000,800.000000,-16.080000,16.000000,16.000000,0.000000,3.610000,1.000000
1411.957031,800.000000,800.000000,-15.750000,16.000000,16.000000,0.000000,3.610000,1.000000
1411.962036,800.000000,800.000000,-15.130000,22.000000,18.000000,0.000000,5.780000,1.000000
1411.967041,800.000000,800.000000,-14.520000,22.000000,18.000000,0.000000,5.780000,1.000000
1411.972046,800.000000,800.000000,-13.720000,26.000000,24.000000,0.000000,7.220000,1.000000
1411.977051,800.000000,800.000000,-13.200000,26.000000,24.000000,0.000000,7.220000,1.000000
1411.982056,800.000000,800.000000,-12.270000,30.000000,28.000000,0.000000,9.020000,1.000000
1411.987061,800.000000,800.000000,-11.440000,30.000000,28.000000,0.000000,9.020000,1.000000
1411.991943,800.000000,800.000000,-10.400000,36.000000,30.000000,0.000000,10.470000,1.000000
1411.996948,800.000000,800.000000,-9.550000,36.000000,30.000000,0.000000,10.470000,1.000000
1412.001953,800.000000,800.000000,-8.370000,38.000000,36.000000,0.000000,11.910000,1.000000
1412.006958,713.000000,713.000000,-7.210000,38.000000,36.000000,0.000000,11.910000,1.000000
1412.011963,695.000000,695.000000,-5.990000,42.000000,40.000000,0.000000,13.360000,1.000000
1412.016968,583.000000,583.000000,-5.060000,42.000000,40.000000,0.000000,13.360000,1.000000
1412.021973,612.000000,612.000000,-3.600000,42.000000,40.000000,0.000000,14.800000,1.000000
1412.026978,497.000000,497.000000,-2.540000,42.000000,40.000000,0.000000,14.800000,1.000000
1412.031982,524.000000,524.000000,-1.360000,44.000000,44.000000,0.000000,14.800000,1.000000
1412.036987,434.000000,434.000000,-0.050000,44.000000,44.000000,0.000000,14.800000,1.000000
1412.041992,335.000000,335.000000,1.590000,42.000000,42.000000,0.000000,15.000000,1.000000
1412.046997,212.000000,212.000000,2.740000,42.000000,42.000000,0.000000,15.000000,1.000000
1412.052002,140.000000,140.000000,4.000000,42.000000,44.000000,0.000000,15.000000,1.000000
1412.057007,46.000000,46.000000,5.490000,42.000000,44.000000,0.000000,15.000000,1.000000
1412.062012,-66.000000,-66.000000,6.940000,38.000000,40.000000,0.000000,15.000000,1.000000
1412.067017,-175.000000,-175.000000,8.530000,38.000000,40.000000,0.000000,15.000000,1.000000
1412.072021,-294.000000,-294.000000,10.000000,36.000000,34.000000,0.000000,14.080000,1.000000
1412.077026,-404.000000,-404.000000,11.490000,36.000000,34.000000,0.000000,14.080000,1.000000
1412.082031,-585.000000,-585.000000,12.960000,30.000000,30.000000,0.000000,12.640000,1.000000
1412.087036,-695.000000,-695.000000,14.430000,30.000000,30.000000,0.000000,12.640000,1.000000
1412.092041,-800.000000,-800.000000,15.670000,22.000000,20.000000,0.000000,10.830000,1.000000
1412.097046,-800.000000,-800.000000,16.600000,22.000000,20.000000,0.000000,10.830000,1.000000
1412.102051,-800.000000,-800.000000,17.320000,18.000000,18.000000,0.000000,7.580000,1.000000
1412.107056,-800.000000,-800.000000,18.070000,18.000000,18.000000,0.000000,7.580000,1.000000
1412.112061,-800.000000,-800.000000,18.780001,6.000000,6.000000,0.000000,6.500000,1.000000
1412.116943,-800.000000,-800.000000,19.370001,6.000000,6.000000,0.000000,6.500000,1.000000
1412.121948,-800.000000,-800.000000,19.660000,0.000000,-2.000000,0.000000,2.170000,1.000000
1412.126953,-800.000000,-800.000000,19.860001,0.000000,-2.000000,0.000000,2.170000,1.000000
1412.131958,-800.000000,-800.000000,19.809999,-8.000000,-8.000000,0.000000,-0.360000,1.000000
1412.136963,-800.000000,-800.000000,19.770000,-8.000000,-8.000000,0.000000,-0.360000,1.000000
1412.141968,-800.000000,-800.000000,19.370001,-12.000000,-14.000000,0.000000,-2.890000,1.000000
1412.146973,-800.000000,-800.000000,19.170000,-12.000000,-14.000000,0.000000,-2.890000,1.000000
1412.151978,-800.000000,-800.000000,18.650000,-20.000000,-20.000000,0.000000,-4.690000,1.000000
1412.156982,-800.000000,-800.000000,18.230000,-20.000000,-20.000000,0.000000,-4.690000,1.000000
1412.161987,-800.000000,-800.000000,17.459999,-22.000000,-24.000000,0.000000,-7.220000,1.000000
1412.166992,-800.000000,-800.000000,16.870001,-22.000000,-24.000000,0.000000,-7.220000,1.000000
1412.171997,-800.000000,-800.000000,16.049999,-28.000000,-30.000000,0.000000,-8.300000,1.000000
1412.177002,-800.000000,-800.000000,15.350000,-28.000000,-30.000000,0.000000,-8.300000,1.000000
1412.182007,-800.000000,-800.000000,14.320000,-32.000000,-32.000000,0.000000,-10.470000,1.000000
1412.187012,-800.000000,-800.000000,13.470000,-32.000000,-32.000000,0.000000,-10.470000,1.000000
1412.192017,-800.000000,-800.000000,12.400000,-34.000000,-36.000000,0.000000,-11.550000,1.000000
1412.197021,-800.000000,-800.000000,11.450000,-34.000000,-36.000000,0.000000,-11.550000,1.000000
1412.202026,-800.000000,-800.000000,10.240000,-36.000000,-38.000000,0.000000,-12.640000,1.000000
1412.207031,-800.000000,-800.000000,9.290000,-36.000000,-38.000000,0.000000,-12.640000,1.000000
1412.212036,-800.000000,-800.000000,8.190000,-40.000000,-42.000000,0.000000,-13.360000,1.000000
1412.217041,-796.000000,-796.000000,7.210000,-40.000000,-42.000000,0.000000,-13.360000,1.000000
1412.222046,-772.000000,-772.000000,5.890000,-42.000000,-44.000000,0.000000,-14.800000,1.000000
1412.227051,-671.000000,-671.000000,4.900000,-42.000000,-44.000000,0.000000,-14.800000,1.000000
1412.232056,-704.000000,-704.000000,3.760000,-44.000000,-48.000000,0.000000,-15.000000,1.000000
1412.237061,-618.000000,-618.000000,2.820000,-44.000000,-48.000000,0.000000,-15.000000,1.000000
1412.241943,-562.000000,-562.000000,1.510000,-46.000000,-46.000000,0.000000,-15.000000,1.000000
1412.246948,-463.000000,-463.000000,0.630000,-46.000000,-46.000000,0.000000,-15.000000,1.000000
1412.251953,-397.000000,-397.000000,-0.410000,-48.000000,-50.000000,0.000000,-15.000000,1.000000
1412.256958,-319.000000,-319.000000,-1.440000,-48.000000,-50.000000,0.000000,-15.000000,1.000000
1412.261963,-242.000000,-242.000000,-2.880000,-46.000000,-48.000000,0.000000,-15.000000,1.000000
1412.266968,-134.000000,-134.000000,-3.670000,-46.000000,-48.000000,0.000000,-15.000000,1.000000
1412.271973,27.000000,27.000000,-5.020000,-46.000000,-46.000000,0.000000,-15.000000,1.000000
1412.276978,117.000000,117.000000,-6.230000,-46.000000,-46.000000,0.000000,-15.000000,1.000000
1412.281982,243.000000,243.000000,-7.910000,-38.000000,-42.000000,0.000000,-15.000000,1.000000
1412.286987,366.000000,366.000000,-9.550000,-38.000000,-42.000000,0.000000,-15.000000,1.000000
1412.291992,486.000000,486.000000,-11.150000,-36.000000,-38.000000,0.000000,-14.440000,1.000000
1412.296997,635.000000,635.000000,-12.570000,-36.000000,-38.000000,0.000000,-14.440000,1.000000
1412.302002,732.000000,732.000000,-13.880000,-30.000000,-32.000000,0.000000,-13.360000,1.000000
1412.307007,800.000000,800.000000,-15.290000,-30.000000,-32.000000,0.000000,-13.360000,1.000000
1412.312012,800.000000,800.000000,-16.660000,-20.000000,-20.000000,0.000000,-11.190000,1.000000
1412.317017,800.000000,800.000000,-17.700001,-20.000000,-20.000000,0.000000,-11.190000,1.000000
1412.322021,800.000000,800.000000,-18.629999,-14.000000,-18.000000,0.000000,-7.220000,1.000000
1412.327026,800.000000,800.000000,-19.530001,-14.000000,-18.000000,0.000000,-7.220000,1.000000
1412.332031,800.000000,800.000000,-20.330000,-6.000000,-6.000000,0.000000,-5.780000,1.000000
1412.337036,800.000000,800.000000,-21.180000,-6.000000,-6.000000,0.000000,-5.780000,1.000000
1412.342041,800.000000,800.000000,-21.580000,4.000000,2.000000,0.000000,-2.170000,1.000000
1412.347046,800.000000,800.000000,-21.959999,4.000000,2.000000,0.000000,-2.170000,1.000000
1412.352051,800.000000,800.000000,-22.070000,10.000000,8.000000,0.000000,1.080000,1.000000
1412.357056,800.000000,800.000000,-22.160000,10.000000,8.000000,0.000000,1.080000,1.000000
1412.362061,800.000000,800.000000,-21.959999,16.000000,14.000000,0.000000,3.250000,1.000000
1412.366943,800.000000,800.000000,-21.719999,16.000000,14.000000,0.000000,3.250000,1.000000
1412.371948,800.000000,800.000000,-21.389999,22.000000,20.000000,0.000000,5.420000,1.000000
1412.376953,800.000000,800.000000,-21.120001,22.000000,20.000000,0.000000,5.420000,1.000000
1412.381958,800.000000,800.000000,-20.600000,26.000000,24.000000,0.000000,7.580000,1.000000
1412.386963,800.000000,800.000000,-20.150000,26.000000,24.000000,0.000000,7.580000,1.000000
1412.391968,800.000000,800.000000,-19.530001,30.000000,28.000000,0.000000,9.020000,1.000000
1412.396973,800.000000,800.000000,-19.070000,30.000000,28.000000,0.000000,9.020000,1.000000
1412.401978,800.000000,800.000000,-18.260000,34.000000,32.000000,0.000000,10.470000,1.000000
1412.406982,800.000000,800.000000,-17.459999,34.000000,32.000000,0.000000,10.470000,1.000000
1412.411987,800.000000,800.000000,-16.580000,38.000000,36.000000,0.000000,11.910000,1.000000
1412.416992,800.000000,800.000000,-15.900000,38.000000,36.000000,0.000000,11.910000,1.000000
1412.421997,800.000000,800.000000,-14.790000,40.000000,38.000000,0.000000,13.360000,1.000000
1412.427002,800.000000,800.000000,-13.850000,40.000000,38.000000,0.000000,13.360000,1.000000
1412.432007,800.000000,800.000000,-12.740000,42.000000,42.000000,0.000000,14.080000,1.000000
1412.437012,800.000000,800.000000,-11.840000,42.000000,42.000000,0.000000,14.080000,1.000000
1412.442017,800.000000,800.000000,-10.660000,42.000000,44.000000,0.000000,15.000000,1.000000
1412.447021,800.000000,800.000000,-9.940000,42.000000,44.000000,0.000000,15.000000,1.000000
1412.452026,800.000000,800.000000,-9.060000,44.000000,44.000000,0.000000,15.000000,1.000000
1412.457031,800.000000,800.000000,-8.340000,44.000000,44.000000,0.000000,15.000000,1.000000
1412.462036,800.000000,800.000000,-7.440000,44.000000,46.000000,0.000000,15.000000,1.000000
1412.467041,800.000000,800.000000,-6.880000,44.000000,46.000000,0.000000,15.000000,1.000000
1412.472046,800.000000,800.000000,-6.210000,48.000000,48.000000,0.000000,15.000000,1.000000
1412.477051,800.000000,800.000000,-5.790000,48.000000,48.000000,0.000000,15.000000,1.000000
1412.482056,800.000000,800.000000,-5.060000,46.000000,48.000000,0.000000,15.000000,1.000000
1412.487061,800.000000,800.000000,-4.690000,46.000000,48.000000,0.000000,15.000000,1.000000
1412.491943,800.000000,800.000000,-4.180000,48.000000,50.000000,0.000000,15.000000,1.000000
1412.496948,800.000000,800.000000,-3.810000,48.000000,50.000000,0.000000,15.000000,1.000000
1412.501953,800.000000,800.000000,-3.160000,50.000000,50.000000,0.000000,15.000000,1.000000
1412.506958,800.000000,800.000000,-2.850000,50.000000,50.000000,0.000000,15.000000,1.000000
1412.511963,800.000000,800.000000,-2.300000,50.000000,50.000000,0.000000,15.000000,1.000000
1412.516968,800.000000,800.000000,-1.850000,50.000000,50.000000,0.000000,15.000000,1.000000
1412.521973,800.000000,800.000000,-1.220000,50.000000,50.000000,0.000000,15.000000,1.000000
1412.526978,800.000000,800.000000,-0.870000,50.000000,50.000000,0.000000,15.000000,1.000000
1412.531982,777.000000,777.000000,-0.400000,50.000000,52.000000,0.000000,15.000000,1.000000
1412.536987,736.000000,736.000000,0.080000,50.000000,52.000000,0.000000,15.000000,1.000000
1412.541992,669.000000,669.000000,0.780000,52.000000,52.000000,0.000000,15.000000,1.000000
1412.546997,614.000000,614.000000,1.370000,52.000000,52.000000,0.000000,15.000000,1.000000
1412.552002,568.000000,568.000000,1.950000,52.000000,54.000000,0.000000,15.000000,1.000000
1412.557007,530.000000,530.000000,2.440000,52.000000,54.000000,0.000000,15.000000,1.000000
1412.562012,454.000000,454.000000,3.260000,50.000000,54.000000,0.000000,15.000000,1.000000
1412.567017,412.000000,412.000000,3.750000,50.000000,54.000000,0.000000,15.000000,1.000000
1412.572021,361.000000,361.000000,4.360000,52.000000,52.000000,0.000000,15.000000,1.000000
1412.577026,274.000000,274.000000,5.340000,52.000000,52.000000,0.000000,15.000000,1.000000
1412.582031,211.000000,211.000000,6.230000,48.000000,48.000000,0.000000,15.000000,1.000000
1412.587036,201.000000,201.000000,6.790000,48.000000,48.000000,0.000000,15.000000,1.000000
1412.592041,181.000000,181.000000,7.460000,46.000000,48.000000,0.000000,15.000000,1.000000
1412.597046,158.000000,158.000000,8.000000,46.000000,48.000000,0.000000,15.000000,1.000000
1412.602051,126.000000,126.000000,8.690000,42.000000,42.000000,0.000000,15.000000,1.000000
1412.607056,141.000000,141.000000,9.000000,42.000000,42.000000,0.000000,15.000000,1.000000
1412.612061,142.000000,142.000000,9.540000,38.000000,40.000000,0.000000,15.000000,1.000000
1412.616943,140.000000,140.000000,9.970000,38.000000,40.000000,0.000000,15.000000,1.000000
1412.621948,148.000000,148.000000,10.270000,34.000000,34.000000,0.000000,14.080000,1.000000
1412.626953,111.000000,111.000000,10.400000,34.000000,34.000000,0.000000,14.080000,1.000000
1412.631958,124.000000,124.000000,10.700000,32.000000,32.000000,0.000000,12.270000,1.000000
1412.636963,11.000000,11.000000,10.890000,32.000000,32.000000,0.000000,12.270000,1.000000
1412.641968,42.000000,42.000000,10.950000,28.000000,30.000000,0.000000,11.550000,1.000000
1412.646973,44.000000,44.000000,10.790000,28.000000,30.000000,0.000000,11.550000,1.000000
1412.651978,91.000000,91.000000,10.640000,24.000000,26.000000,0.000000,10.470000,1.000000
1412.656982,27.000000,27.000000,10.630000,24.000000,26.000000,0.000000,10.470000,1.000000
1412.661987,57.000000,57.000000,10.480000,20.000000,22.000000,0.000000,9.020000,1.000000
1412.666992,0.000000,0.000000,10.180000,20.000000,22.000000,0.000000,9.020000,1.000000
1412.671997,56.000000,56.000000,9.760000,20.000000,20.000000,0.000000,7.580000,1.000000
1412.677002,-21.000000,-21.000000,9.460000,20.000000,20.000000,0.000000,7.580000,1.000000
1412.682007,9.000000,9.000000,9.160000,16.000000,18.000000,0.000000,7.220000,1.000000
1412.687012,22.000000,22.000000,8.750000,16.000000,18.000000,0.000000,7.220000,1.000000
1412.692017,47.000000,47.000000,8.430000,14.000000,18.000000,0.000000,6.140000,1.000000
1412.697021,-23.000000,-23.000000,8.220000,14.000000,18.000000,0.000000,6.140000,1.000000
1412.702026,-5.000000,-5.000000,7.990000,14.000000,14.000000,0.000000,5.780000,1.000000
1412.707031,12.000000,12.000000,7.590000,14.000000,14.000000,0.000000,5.780000,1.000000
1412.712036,53.000000,53.000000,7.170000,10.000000,12.000000,0.000000,5.050000,1.000000
1412.717041,16.000000,16.000000,6.850000,10.000000,12.000000,0.000000,5.050000,1.000000
1412.722046,35.000000,35.000000,6.520000,10.000000,8.000000,0.000000,3.970000,1.000000
1412.727051,-5.000000,-5.000000,6.040000,10.000000,8.000000,0.000000,3.970000,1.000000
1412.732056,28.000000,28.000000,5.560000,8.000000,10.000000,0.000000,3.250000,1.000000
1412.737061,-11.000000,-11.000000,5.170000,8.000000,10.000000,0.000000,3.250000,1.000000
1412.741943,2.000000,2.000000,4.820000,6.000000,8.000000,0.000000,3.250000,1.000000
1412.746948,27.000000,27.000000,4.410000,6.000000,8.000000,0.000000,3.250000,1.000000
1412.751953,45.000000,45.000000,4.010000,6.000000,6.000000,0.000000,2.530000,1.000000
1412.756958,-5.000000,-5.000000,3.720000,6.000000,6.000000,0.000000,2.530000,1.000000
1412.761963,-4.000000,-4.000000,3.440000,4.000000,4.000000,0.000000,2.170000,1.000000
1412.766968,-23.000000,-23.000000,3.130000,4.000000,4.000000,0.000000,2.170000,1.000000
1412.771973,-28.000000,-28.000000,2.910000,4.000000,4.000000,0.000000,1.440000,1.000000
1412.776978,-102.000000,-102.000000,2.810000,4.000000,4.000000,0.000000,1.440000,1.000000
1412.781982,-115.000000,-115.000000,2.700000,2.000000,4.000000,0.000000,1.440000,1.000000
1412.786987,-129.000000,-129.000000,2.680000,2.000000,4.000000,0.000000,1.440000,1.000000
1412.791992,-134.000000,-134.000000,2.640000,2.000000,2.000000,0.000000,1.080000,1.000000
1412.796997,-158.000000,-158.000000,2.510000,2.000000,2.000000,0.000000,1.080000,1.000000
1412.802002,-167.000000,-167.000000,2.490000,0.000000,2.000000,0.000000,0.720000,1.000000
1412.807007,-234.000000,-234.000000,2.820000,0.000000,2.000000,0.000000,0.720000,1.000000
1412.812012,-228.000000,-228.000000,2.760000,-4.000000,-2.000000,0.000000,0.360000,1.000000
1412.817017,-234.000000,-234.000000,2.650000,-4.000000,-2.000000,0.000000,0.360000,1.000000
1412.822021,-229.000000,-229.000000,2.540000,-2.000000,0.000000,0.000000,-1.080000,1.000000
1412.827026,-382.000000,-382.000000,2.820000,-2.000000,0.000000,0.000000,-1.080000,1.000000
1412.832031,-387.000000,-387.000000,2.810000,-8.000000,-6.000000,0.000000,-0.360000,1.000000
1412.837036,-336.000000,-336.000000,2.970000,-8.000000,-6.000000,0.000000,-0.360000,1.000000
1412.842041,-312.000000,-312.000000,2.780000,-6.000000,-4.000000,0.000000,-2.530000,1.000000
1412.847046,-490.000000,-490.000000,2.930000,-6.000000,-4.000000,0.000000,-2.530000,1.000000
1412.852051,-522.000000,-522.000000,3.170000,-12.000000,-12.000000,0.000000,-1.810000,1.000000
1412.857056,-462.000000,-462.000000,3.240000,-12.000000,-12.000000,0.000000,-1.810000,1.000000
1412.862061,-436.000000,-436.000000,3.120000,-10.000000,-10.000000,0.000000,-4.330000,1.000000
1412.866943,-625.000000,-625.000000,3.250000,-10.000000,-10.000000,0.000000,-4.330000,1.000000
1412.871948,-624.000000,-624.000000,3.320000,-16.000000,-18.000000,0.000000,-3.610000,1.000000
1412.876953,-537.000000,-537.000000,3.100000,-16.000000,-18.000000,0.000000,-3.610000,1.000000
1412.881958,-519.000000,-519.000000,3.070000,-18.000000,-18.000000,0.000000,-6.140000,1.000000
1412.886963,-702.000000,-702.000000,3.070000,-18.000000,-18.000000,0.000000,-6.140000,1.000000
1412.891968,-699.000000,-699.000000,3.100000,-22.000000,-24.000000,0.000000,-6.500000,1.000000
1412.896973,-719.000000,-719.000000,3.080000,-22.000000,-24.000000,0.000000,-6.500000,1.000000
1412.901978,-688.000000,-688.000000,2.830000,-24.000000,-24.000000,0.000000,-8.300000,1.000000
1412.906982,-800.000000,-800.000000,2.940000,-24.000000,-24.000000,0.000000,-8.300000,1.000000
1412.911987,-800.000000,-800.000000,2.870000,-26.000000,-28.000000,0.000000,-8.660000,1.000000
1412.916992,-800.000000,-800.000000,2.800000,-26.000000,-28.000000,0.000000,-8.660000,1.000000
1412.921997,-763.000000,-763.000000,2.460000,-28.000000,-30.000000,0.000000,-9.750000,1.000000
1412.927002,-800.000000,-800.000000,2.530000,-28.000000,-30.000000,0.000000,-9.750000,1.000000
1412.932007,-800.000000,-800.000000,2.410000,-32.000000,-34.000000,0.000000,-10.470000,1.000000
1412.937012,-800.000000,-800.000000,2.270000,-32.000000,-34.000000,0.000000,-10.470000,1.000000
1412.942017,-784.000000,-784.000000,1.850000,-36.000000,-36.000000,0.000000,-11.910000,1.000000
1412.947021,-800.000000,-800.000000,1.770000,-36.000000,-36.000000,0.000000,-11.910000,1.000000
1412.952026,-800.000000,-800.000000,1.580000,-40.000000,-42.000000,0.000000,-13.000000,1.000000
1412.957031,-800.000000,-800.000000,1.350000,-40.000000,-42.000000,0.000000,-13.000000,1.000000
1412.962036,-796.000000,-796.000000,0.770000,-40.000000,-42.000000,0.000000,-14.800000,1.000000
1412.967041,-800.000000,-800.000000,0.520000,-40.000000,-42.000000,0.000000,-14.800000,1.000000
1412.972046,-800.000000,-800.000000,0.090000,-44.000000,-46.000000,0.000000,-14.800000,1.000000
1412.977051,-800.000000,-800.000000,-0.240000,-44.000000,-46.000000,0.000000,-14.800000,1.000000
1412.982056,-720.000000,-720.000000,-1.060000,-44.000000,-48.000000,0.000000,-15.000000,1.000000
1412.987061,-693.000000,-693.000000,-1.480000,-44.000000,-48.000000,0.000000,-15.000000,1.000000
1412.991943,-640.000000,-640.000000,-2.050000,-48.000000,-50.000000,0.000000,-15.000000,1.000000
1412.996948,-614.000000,-614.000000,-2.410000,-48.000000,-50.000000,0.000000,-15.000000,1.000000
1413.001953,-544.000000,-544.000000,-3.090000,-48.000000,-50.000000,0.000000,-15.000000,1.000000
1413.006958,-505.000000,-505.000000,-3.480000,-48.000000,-50.000000,0.000000,-15.000000,1.000000
1413.011963,-445.000000,-445.000000,-4.050000,-50.000000,-52.000000,0.000000,-15.000000,1.000000
1413.016968,-413.000000,-413.000000,-4.450000,-50.000000,-52.000000,0.000000,-15.000000,1.000000
1413.021973,-320.000000,-320.000000,-5.350000,-48.000000,-50.000000,0.000000,-15.000000,1.000000
1413.026978,-285.000000,-285.000000,-5.680000,-48.000000,-50.000000,0.000000,-15.000000,1.000000
1413.031982,-223.000000,-223.000000,-6.340000,-48.000000,-52.000000,0.000000,-15.000000,1.000000
1413.036987,-151.000000,-151.000000,-7.050000,-48.000000,-52.000000,0.000000,-15.000000,1.000000
1413.041992,-95.000000,-95.000000,-7.850000,-44.000000,-44.000000,0.000000,-15.000000,1.000000
1413.046997,-66.000000,-66.000000,-8.460000,-44.000000,-44.000000,0.000000,-15.000000,1.000000
1413.052002,-19.000000,-19.000000,-9.370000,-42.000000,-44.000000,0.000000,-15.000000,1.000000
1413.057007,-15.000000,-15.000000,-10.070000,-42.000000,-44.000000,0.000000,-15.000000,1.000000
1413.062012,-33.000000,-33.000000,-10.680000,-36.000000,-38.000000,0.000000,-15.000000,1.000000
1413.067017,-64.000000,-64.000000,-11.100000,-36.000000,-38.000000,0.000000,-15.000000,1.000000
1413.072021,-106.000000,-106.000000,-11.290000,-32.000000,-34.000000,0.000000,-13.360000,1.000000
1413.077026,-3.000000,-3.000000,-11.610000,-32.000000,-34.000000,0.000000,-13.360000,1.000000
1413.082031,-24.000000,-24.000000,-11.910000,-28.000000,-30.000000,0.000000,-11.910000,1.000000
1413.087036,29.000000,29.000000,-11.830000,-28.000000,-30.000000,0.000000,-11.910000,1.000000
1413.092041,-2.000000,-2.000000,-11.940000,-26.000000,-28.000000,0.000000,-10.470000,1.000000
1413.097046,80.000000,80.000000,-11.890000,-26.000000,-28.000000,0.000000,-10.470000,1.000000
1413.102051,50.000000,50.000000,-11.800000,-22.000000,-24.000000,0.000000,-9.750000,1.000000
1413.107056,85.000000,85.000000,-11.880000,-22.000000,-24.000000,0.000000,-9.750000,1.000000
1413.112061,41.000000,41.000000,-11.750000,-20.000000,-20.000000,0.000000,-8.300000,1.000000
1413.116943,96.000000,96.000000,-11.580000,-20.000000,-20.000000,0.000000,-8.300000,1.000000
1413.121948,44.000000,44.000000,-11.420000,-16.000000,-18.000000,0.000000,-7.220000,1.000000
1413.126953,70.000000,70.000000,-11.160000,-16.000000,-18.000000,0.000000,-7.220000,1.000000
1413.131958,1.000000,1.000000,-10.710000,-14.000000,-14.000000,0.000000,-6.140000,1.000000
1413.136963,13.000000,13.000000,-10.190000,-14.000000,-14.000000,0.000000,-6.140000,1.000000
1413.141968,-50.000000,-50.000000,-9.650000,-10.000000,-12.000000,0.000000,-5.050000,1.000000
1413.146973,-30.000000,-30.000000,-9.060000,-10.000000,-12.000000,0.000000,-5.050000,1.000000
1413.151978,-86.000000,-86.000000,-8.560000,-8.000000,-10.000000,0.000000,-3.970000,1.000000
1413.156982,-67.000000,-67.000000,-7.970000,-8.000000,-10.000000,0.000000,-3.970000,1.000000
1413.161987,-136.000000,-136.000000,-7.330000,-8.000000,-10.000000,0.000000,-3.250000,1.000000
1413.166992,-165.000000,-165.000000,-6.490000,-8.000000,-10.000000,0.000000,-3.250000,1.000000
1413.171997,-225.000000,-225.000000,-5.810000,-8.000000,-8.000000,0.000000,-3.250000,1.000000
1413.177002,-275.000000,-275.000000,-5.170000,-8.000000,-8.000000,0.000000,-3.250000,1.000000
1413.182007,-335.000000,-335.000000,-4.440000,-8.000000,-8.000000,0.000000,-2.890000,1.000000
1413.187012,-388.000000,-388.000000,-3.460000,-8.000000,-8.000000,0.000000,-2.890000,1.000000
1413.192017,-418.000000,-418.000000,-2.860000,-10.000000,-12.000000,0.000000,-2.890000,1.000000
1413.197021,-469.000000,-469.000000,-2.040000,-10.000000,-12.000000,0.000000,-2.890000,1.000000
1413.202026,-505.000000,-505.000000,-1.380000,-10.000000,-8.000000,0.000000,-3.970000,1.000000
1413.207031,-636.000000,-636.000000,-0.470000,-10.000000,-8.000000,0.000000,-3.970000,1.000000
1413.212036,-661.000000,-661.000000,0.310000,-14.000000,-14.000000,0.000000,-3.250000,1.000000
1413.217041,-581.000000,-581.000000,0.740000,-14.000000,-14.000000,0.000000,-3.250000,1.000000
1413.222046,-540.000000,-540.000000,0.940000,-12.000000,-14.000000,0.000000,-5.050000,1.000000
1413.227051,-698.000000,-698.000000,1.540000,-12.000000,-14.000000,0.000000,-5.050000,1.000000
1413.232056,-701.000000,-701.000000,1.910000,-18.000000,-20.000000,0.000000,-4.690000,1.000000
1413.237061,-690.000000,-690.000000,2.470000,-18.000000,-20.000000,0.000000,-4.690000,1.000000
1413.241943,-664.000000,-664.000000,2.690000,-20.000000,-24.000000,0.000000,-6.860000,1.000000
1413.246948,-799.000000,-799.000000,3.040000,-20.000000,-24.000000,0.000000,-6.860000,1.000000
1413.251953,-747.000000,-747.000000,3.090000,-26.000000,-28.000000,0.000000,-7.940000,1.000000
1413.256958,-779.000000,-779.000000,3.200000,-26.000000,-28.000000,0.000000,-7.940000,1.000000
1413.261963,-695.000000,-695.000000,2.860000,-26.000000,-28.000000,0.000000,-9.750000,1.000000
1413.266968,-783.000000,-783.000000,2.790000,-26.000000,-28.000000,0.000000,-9.750000,1.000000
1413.271973,-737.000000,-737.000000,2.520000,-32.000000,-34.000000,0.000000,-9.750000,1.000000
1413.276978,-704.000000,-704.000000,2.420000,-32.000000,-34.000000,0.000000,-9.750000,1.000000
1413.281982,-621.000000,-621.000000,1.920000,-32.000000,-34.000000,0.000000,-11.910000,1.000000
1413.286987,-711.000000,-711.000000,1.630000,-32.000000,-34.000000,0.000000,-11.910000,1.000000
1413.291992,-628.000000,-628.000000,1.070000,-38.000000,-38.000000,0.000000,-11.910000,1.000000
1413.296997,-568.000000,-568.000000,0.700000,-38.000000,-38.000000,0.000000,-11.910000,1.000000
1413.302002,-449.000000,-449.000000,-0.220000,-38.000000,-40.000000,0.000000,-13.720000,1.000000
1413.307007,-512.000000,-512.000000,-0.700000,-38.000000,-40.000000,0.000000,-13.720000,1.000000
1413.312012,-425.000000,-425.000000,-1.520000,-40.000000,-44.000000,0.000000,-14.080000,1.000000
1413.317017,-374.000000,-374.000000,-2.200000,-40.000000,-44.000000,0.000000,-14.080000,1.000000
1413.322021,-271.000000,-271.000000,-3.320000,-38.000000,-40.000000,0.000000,-15.000000,1.000000
1413.327026,-279.000000,-279.000000,-3.930000,-38.000000,-40.000000,0.000000,-15.000000,1.000000
1413.332031,-206.000000,-206.000000,-4.790000,-40.000000,-44.000000,0.000000,-14.080000,1.000000
1413.337036,-31.000000,-31.000000,-5.860000,-40.000000,-44.000000,0.000000,-14.080000,1.000000
1413.342041,47.000000,47.000000,-6.880000,-38.000000,-38.000000,0.000000,-15.000000,1.000000
1413.347046,23.000000,23.000000,-7.590000,-38.000000,-38.000000,0.000000,-15.000000,1.000000
1413.352051,117.000000,117.000000,-8.790000,-36.000000,-38.000000,0.000000,-13.720000,1.000000
1413.357056,294.000000,294.000000,-9.980000,-36.000000,-38.000000,0.000000,-13.720000,1.000000
1413.362061,332.000000,332.000000,-11.030000,-30.000000,-34.000000,0.000000,-13.360000,1.000000
1413.366943,370.000000,370.000000,-12.060000,-30.000000,-34.000000,0.000000,-13.360000,1.000000
1413.371948,324.000000,324.000000,-12.560000,-24.000000,-28.000000,0.000000,-11.550000,1.000000
1413.376953,419.000000,419.000000,-13.050000,-24.000000,-28.000000,0.000000,-11.550000,1.000000
1413.381958,389.000000,389.000000,-13.330000,-20.000000,-24.000000,0.000000,-9.390000,1.000000
1413.386963,563.000000,563.000000,-13.870000,-20.000000,-24.000000,0.000000,-9.390000,1.000000
1413.391968,572.000000,572.000000,-14.480000,-12.000000,-16.000000,0.000000,-7.940000,1.000000
1413.396973,629.000000,629.000000,-14.780000,-12.000000,-16.000000,0.000000,-7.940000,1.000000
1413.401978,531.000000,531.000000,-14.660000,-10.000000,-12.000000,0.000000,-5.050000,1.000000
1413.406982,686.000000,686.000000,-14.710000,-10.000000,-12.000000,0.000000,-5.050000,1.000000
1413.411987,654.000000,654.000000,-14.800000,-2.000000,-2.000000,0.000000,-3.970000,1.000000
1413.416992,683.000000,683.000000,-14.820000,-2.000000,-2.000000,0.000000,-3.970000,1.000000
1413.421997,574.000000,574.000000,-14.470000,4.000000,0.000000,0.000000,-0.720000,1.000000
1413.427002,698.000000,698.000000,-13.930000,4.000000,0.000000,0.000000,-0.720000,1.000000
1413.432007,604.000000,604.000000,-13.480000,10.000000,8.000000,0.000000,0.720000,1.000000
1413.437012,632.000000,632.000000,-13.070000,10.000000,8.000000,0.000000,0.720000,1.000000
1413.442017,501.000000,501.000000,-12.230000,12.000000,10.000000,0.000000,3.250000,1.000000
1413.447021,563.000000,563.000000,-11.390000,12.000000,10.000000,0.000000,3.250000,1.000000
1413.452026,458.000000,458.000000,-10.530000,18.000000,16.000000,0.000000,3.970000,1.000000
1413.457031,429.000000,429.000000,-9.860000,18.000000,16.000000,0.000000,3.970000,1.000000
1413.462036,291.000000,291.000000,-8.740000,18.000000,16.000000,0.000000,6.140000,1.000000
1413.467041,313.000000,313.000000,-7.510000,18.000000,16.000000,0.000000,6.140000,1.000000
1413.472046,204.000000,204.000000,-6.370000,24.000000,24.000000,0.000000,6.140000,1.000000
1413.477051,92.000000,92.000000,-5.090000,24.000000,24.000000,0.000000,6.140000,1.000000
1413.482056,-26.000000,-26.000000,-3.710000,22.000000,22.000000,0.000000,8.660000,1.000000
1413.487061,68.000000,68.000000,-2.540000,22.000000,22.000000,0.000000,8.660000,1.000000
1413.491943,-51.000000,-51.000000,-1.000000,22.000000,22.000000,0.000000,7.940000,1.000000
1413.496948,-199.000000,-199.000000,0.350000,22.000000,22.000000,0.000000,7.940000,1.000000
1413.501953,-291.000000,-291.000000,1.800000,20.000000,18.000000,0.000000,7.940000,1.000000
1413.506958,-358.000000,-358.000000,3.070000,20.000000,18.000000,0.000000,7.940000,1.000000
1413.511963,-422.000000,-422.000000,4.360000,16.000000,14.000000,0.000000,6.860000,1.000000
1413.516968,-546.000000,-546.000000,5.540000,16.000000,14.000000,0.000000,6.860000,1.000000
1413.521973,-578.000000,-578.000000,6.540000,14.000000,12.000000,0.000000,5.420000,1.000000
1413.526978,-730.000000,-730.000000,7.650000,14.000000,12.000000,0.000000,5.420000,1.000000
1413.531982,-769.000000,-769.000000,8.750000,6.000000,4.000000,0.000000,4.690000,1.000000
1413.536987,-800.000000,-800.000000,9.600000,6.000000,4.000000,0.000000,4.690000,1.000000
1413.541992,-753.000000,-753.000000,10.050000,2.000000,2.000000,0.000000,1.810000,1.000000
1413.546997,-800.000000,-800.000000,10.480000,2.000000,2.000000,0.000000,1.810000,1.000000
1413.552002,-800.000000,-800.000000,10.860000,-4.000000,-6.000000,0.000000,0.720000,1.000000
1413.557007,-800.000000,-800.000000,11.380000,-4.000000,-6.000000,0.000000,0.720000,1.000000
1413.562012,-800.000000,-800.000000,11.500000,-10.000000,-12.000000,0.000000,-1.810000,1.000000
1413.567017,-800.000000,-800.000000,11.630000,-10.000000,-12.000000,0.000000,-1.810000,1.000000
1413.572021,-800.000000,-800.000000,11.450000,-16.000000,-18.000000,0.000000,-3.970000,1.000000
1413.577026,-800.000000,-800.000000,11.430000,-16.000000,-18.000000,0.000000,-3.970000,1.000000
1413.582031,-800.000000,-800.000000,11.070000,-20.000000,-24.000000,0.000000,-6.140000,1.000000
1413.587036,-800.000000,-800.000000,10.820000,-20.000000,-24.000000,0.000000,-6.140000,1.000000
1413.592041,-800.000000,-800.000000,10.320000,-26.000000,-28.000000,0.000000,-7.940000,1.000000
1413.597046,-800.000000,-800.000000,9.840000,-26.000000,-28.000000,0.000000,-7.940000,1.000000
1413.602051,-800.000000,-800.000000,9.020000,-30.000000,-32.000000,0.000000,-9.750000,1.000000
1413.607056,-800.000000,-800.000000,8.310000,-30.000000,-32.000000,0.000000,-9.750000,1.000000
1413.612061,-749.000000,-749.000000,7.430000,-34.000000,-36.000000,0.000000,-11.190000,1.000000
1413.616943,-777.000000,-777.000000,6.740000,-34.000000,-36.000000,0.000000,-11.190000,1.000000
1413.621948,-652.000000,-652.000000,5.670000,-36.000000,-40.000000,0.000000,-12.640000,1.000000
1413.626953,-662.000000,-662.000000,4.860000,-36.000000,-40.000000,0.000000,-12.640000,1.000000
1413.631958,-538.000000,-538.000000,3.850000,-40.000000,-42.000000,0.000000,-13.720000,1.000000
1413.636963,-524.000000,-524.000000,2.970000,-40.000000,-42.000000,0.000000,-13.720000,1.000000
1413.641968,-394.000000,-394.000000,1.550000,-40.000000,-42.000000,0.000000,-14.800000,1.000000
1413.646973,-392.000000,-392.000000,0.590000,-40.000000,-42.000000,0.000000,-14.800000,1.000000
1413.651978,-295.000000,-295.000000,-0.610000,-42.000000,-44.000000,0.000000,-14.800000,1.000000
1413.656982,-196.000000,-196.000000,-1.890000,-42.000000,-44.000000,0.000000,-14.800000,1.000000
1413.661987,-78.000000,-78.000000,-3.450000,-40.000000,-40.000000,0.000000,-15.000000,1.000000
1413.666992,-19.000000,-19.000000,-4.430000,-40.000000,-40.000000,0.000000,-15.000000,1.000000
1413.671997,91.000000,91.000000,-5.890000,-38.000000,-42.000000,0.000000,-14.440000,1.000000
1413.677002,227.000000,227.000000,-7.140000,-38.000000,-42.000000,0.000000,-14.440000,1.000000
1413.682007,338.000000,338.000000,-8.620000,-34.000000,-38.000000,0.000000,-14.440000,1.000000
1413.687012,465.000000,465.000000,-10.310000,-34.000000,-38.000000,0.000000,-14.440000,1.000000
1413.692017,551.000000,551.000000,-11.830000,-28.000000,-32.000000,0.000000,-13.000000,1.000000
1413.697021,671.000000,671.000000,-13.040000,-28.000000,-32.000000,0.000000,-13.000000,1.000000
1413.702026,666.000000,666.000000,-13.990000,-24.000000,-28.000000,0.000000,-10.830000,1.000000
1413.707031,800.000000,800.000000,-15.070000,-24.000000,-28.000000,0.000000,-10.830000,1.000000
1413.712036,800.000000,800.000000,-16.090000,-16.000000,-16.000000,0.000000,-9.390000,1.000000
1413.717041,800.000000,800.000000,-16.860001,-16.000000,-16.000000,0.000000,-9.390000,1.000000
1413.722046,800.000000,800.000000,-17.330000,-10.000000,-12.000000,0.000000,-5.780000,1.000000
1413.727051,800.000000,800.000000,-17.670000,-10.000000,-12.000000,0.000000,-5.780000,1.000000
1413.732056,800.000000,800.000000,-18.080000,-2.000000,-4.000000,0.000000,-3.970000,1.000000
1413.737061,800.000000,800.000000,-18.540001,-2.000000,-4.000000,0.000000,-3.970000,1.000000
1413.741943,800.000000,800.000000,-18.500000,6.000000,6.000000,0.000000,-1.080000,1.000000
1413.746948,800.000000,800.000000,-18.420000,6.000000,6.000000,0.000000,-1.080000,1.000000
1413.751953,800.000000,800.000000,-18.090000,14.000000,14.000000,0.000000,2.170000,1.000000
1413.756958,800.000000,800.000000,-17.840000,14.000000,14.000000,0.000000,2.170000,1.000000
1413.761963,800.000000,800.000000,-17.209999,18.000000,16.000000,0.000000,5.050000,1.000000
1413.766968,800.000000,800.000000,-16.600000,18.000000,16.000000,0.000000,5.050000,1.000000
1413.771973,800.000000,800.000000,-15.800000,24.000000,24.000000,0.000000,6.140000,1.000000
1413.776978,800.000000,800.000000,-15.200000,24.000000,24.000000,0.000000,6.140000,1.000000
1413.781982,800.000000,800.000000,-14.180000,26.000000,26.000000,0.000000,8.660000,1.000000
1413.786987,800.000000,800.000000,-13.250000,26.000000,26.000000,0.000000,8.660000,1.000000
1413.791992,800.000000,800.000000,-12.130000,32.000000,30.000000,0.000000,9.390000,1.000000
1413.796997,800.000000,800.000000,-11.280000,32.000000,30.000000,0.000000,9.390000,1.000000
1413.802002,714.000000,714.000000,-9.950000,36.000000,34.000000,0.000000,11.190000,1.000000
1413.807007,751.000000,751.000000,-8.930000,36.000000,34.000000,0.000000,11.190000,1.000000
1413.812012,648.000000,648.000000,-7.690000,38.000000,38.000000,0.000000,12.640000,1.000000
1413.817017,686.000000,686.000000,-6.830000,38.000000,38.000000,0.000000,12.640000,1.000000
1413.822021,584.000000,584.000000,-5.510000,40.000000,38.000000,0.000000,13.720000,1.000000
1413.827026,567.000000,567.000000,-4.220000,40.000000,38.000000,0.000000,13.720000,1.000000
1413.832031,468.000000,468.000000,-2.900000,44.000000,44.000000,0.000000,14.080000,1.000000
1413.837036,409.000000,409.000000,-1.760000,44.000000,44.000000,0.000000,14.080000,1.000000
1413.842041,291.000000,291.000000,-0.190000,40.000000,42.000000,0.000000,15.000000,1.000000
1413.847046,271.000000,271.000000,0.990000,40.000000,42.000000,0.000000,15.000000,1.000000
1413.852051,179.000000,179.000000,2.220000,42.000000,42.000000,0.000000,14.800000,1.000000
1413.857056,49.000000,49.000000,3.760000,42.000000,42.000000,0.000000,14.800000,1.000000
1413.862061,-67.000000,-67.000000,5.300000,38.000000,40.000000,0.000000,15.000000,1.000000
1413.866943,-139.000000,-139.000000,6.470000,38.000000,40.000000,0.000000,15.000000,1.000000
1413.871948,-248.000000,-248.000000,7.920000,36.000000,36.000000,0.000000,14.080000,1.000000
1413.876953,-426.000000,-426.000000,9.370000,36.000000,36.000000,0.000000,14.080000,1.000000
1413.881958,-544.000000,-544.000000,10.940000,34.000000,34.000000,0.000000,13.000000,1.000000
1413.886963,-734.000000,-734.000000,12.470000,34.000000,34.000000,0.000000,13.000000,1.000000
1413.891968,-751.000000,-751.000000,13.630000,24.000000,24.000000,0.000000,12.270000,1.000000
1413.896973,-800.000000,-800.000000,14.730000,24.000000,24.000000,0.000000,12.270000,1.000000
1413.901978,-773.000000,-773.000000,15.540000,20.000000,22.000000,0.000000,8.660000,1.000000
1413.906982,-800.000000,-800.000000,16.420000,20.000000,22.000000,0.000000,8.660000,1.000000
1413.911987,-800.000000,-800.000000,17.190001,12.000000,10.000000,0.000000,7.580000,1.000000
1413.916992,-800.000000,-800.000000,17.930000,12.000000,10.000000,0.000000,7.580000,1.000000
1413.921997,-800.000000,-800.000000,18.280001,4.000000,2.000000,0.000000,3.970000,1.000000
1413.927002,-800.000000,-800.000000,18.549999,4.000000,2.000000,0.000000,3.970000,1.000000
1413.932007,-800.000000,-800.000000,18.510000,-6.000000,-6.000000,0.000000,1.080000,1.000000
1413.937012,-800.000000,-800.000000,18.540001,-6.000000,-6.000000,0.000000,1.080000,1.000000
1413.942017,-800.000000,-800.000000,18.260000,-12.000000,-12.000000,0.000000,-2.170000,1.000000
1413.947021,-800.000000,-800.000000,17.990000,-12.000000,-12.000000,0.000000,-2.170000,1.000000
1413.952026,-800.000000,-800.000000,17.450001,-16.000000,-20.000000,0.000000,-4.330000,1.000000
1413.957031,-800.000000,-800.000000,16.990000,-16.000000,-20.000000,0.000000,-4.330000,1.000000
1413.962036,-800.000000,-800.000000,16.190001,-20.000000,-22.000000,0.000000,-6.500000,1.000000
1413.967041,-800.000000,-800.000000,15.620000,-20.000000,-22.000000,0.000000,-6.500000,1.000000
1413.972046,-800.000000,-800.000000,14.800000,-26.000000,-28.000000,0.000000,-7.580000,1.000000
1413.977051,-800.000000,-800.000000,14.060000,-26.000000,-28.000000,0.000000,-7.580000,1.000000
1413.982056,-800.000000,-800.000000,12.980000,-30.000000,-30.000000,0.000000,-9.750000,1.000000
1413.987061,-800.000000,-800.000000,12.040000,-30.000000,-30.000000,0.000000,-9.750000,1.000000
1413.991943,-800.000000,-800.000000,10.870000,-34.000000,-34.000000,0.000000,-10.830000,1.000000
1413.996948,-800.000000,-800.000000,9.880000,-34.000000,-34.000000,0.000000,-10.830000,1.000000
1414.001953,-700.000000,-700.000000,8.580000,-36.000000,-38.000000,0.000000,-12.270000,1.000000
1414.006958,-719.000000,-719.000000,7.510000,-36.000000,-38.000000,0.000000,-12.270000,1.000000
1414.011963,-630.000000,-630.000000,6.390000,-40.000000,-40.000000,0.000000,-13.360000,1.000000
1414.016968,-640.000000,-640.000000,5.480000,-40.000000,-40.000000,0.000000,-13.360000,1.000000
1414.021973,-553.000000,-553.000000,4.330000,-42.000000,-42.000000,0.000000,-14.440000,1.000000
1414.026978,-560.000000,-560.000000,3.350000,-42.000000,-42.000000,0.000000,-14.440000,1.000000
1414.031982,-472.000000,-472.000000,2.180000,-44.000000,-46.000000,0.000000,-15.000000,1.000000
1414.036987,-437.000000,-437.000000,1.150000,-44.000000,-46.000000,0.000000,-15.000000,1.000000
1414.041992,-329.000000,-329.000000,-0.290000,-40.000000,-44.000000,0.000000,-15.000000,1.000000
1414.046997,-257.000000,-257.000000,-1.240000,-40.000000,-44.000000,0.000000,-15.000000,1.000000
1414.052002,-170.000000,-170.000000,-2.400000,-44.000000,-46.000000,0.000000,-15.000000,1.000000
1414.057007,-63.000000,-63.000000,-3.830000,-44.000000,-46.000000,0.000000,-15.000000,1.000000
1414.062012,42.000000,42.000000,-5.230000,-40.000000,-42.000000,0.000000,-15.000000,1.000000
1414.067017,132.000000,132.000000,-6.430000,-40.000000,-42.000000,0.000000,-15.000000,1.000000
1414.072021,251.000000,251.000000,-8.020000,-38.000000,-40.000000,0.000000,-14.800000,1.000000
1414.077026,391.000000,391.000000,-9.690000,-38.000000,-40.000000,0.000000,-14.800000,1.000000
1414.082031,508.000000,508.000000,-11.250000,-32.000000,-34.000000,0.000000,-14.080000,1.000000
1414.087036,687.000000,687.000000,-12.900000,-32.000000,-34.000000,0.000000,-14.080000,1.000000
1414.092041,786.000000,786.000000,-14.260000,-24.000000,-28.000000,0.000000,-11.910000,1.000000
1414.097046,800.000000,800.000000,-15.540000,-24.000000,-28.000000,0.000000,-11.910000,1.000000
1414.102051,800.000000,800.000000,-16.639999,-20.000000,-24.000000,0.000000,-9.390000,1.000000
1414.107056,800.000000,800.000000,-17.879999,-20.000000,-24.000000,0.000000,-9.390000,1.000000
1414.112061,800.000000,800.000000,-19.180000,-10.000000,-12.000000,0.000000,-7.940000,1.000000
1414.116943,800.000000,800.000000,-20.270000,-10.000000,-12.000000,0.000000,-7.940000,1.000000
1414.121948,800.000000,800.000000,-20.940001,-4.000000,-6.000000,0.000000,-3.970000,1.000000
1414.126953,800.000000,800.000000,-21.540001,-4.000000,-6.000000,0.000000,-3.970000,1.000000
1414.131958,800.000000,800.000000,-21.860001,4.000000,4.000000,0.000000,-1.810000,1.000000
1414.136963,800.000000,800.000000,-22.250000,4.000000,4.000000,0.000000,-1.810000,1.000000
1414.141968,800.000000,800.000000,-22.360001,12.000000,10.000000,0.000000,1.440000,1.000000
1414.146973,800.000000,800.000000,-22.290001,12.000000,10.000000,0.000000,1.440000,1.000000
1414.151978,800.000000,800.000000,-22.180000,18.000000,16.000000,0.000000,3.970000,1.000000
1414.156982,800.000000,800.000000,-22.129999,18.000000,16.000000,0.000000,3.970000,1.000000
1414.161987,800.000000,800.000000,-21.629999,22.000000,22.000000,0.000000,6.140000,1.000000
1414.166992,800.000000,800.000000,-21.340000,22.000000,22.000000,0.000000,6.140000,1.000000
1414.171997,800.000000,800.000000,-20.830000,28.000000,26.000000,0.000000,7.940000,1.000000
1414.177002,800.000000,800.000000,-20.440001,28.000000,26.000000,0.000000,7.940000,1.000000
1414.182007,800.000000,800.000000,-19.790001,32.000000,30.000000,0.000000,9.750000,1.000000
1414.187012,800.000000,800.000000,-19.219999,32.000000,30.000000,0.000000,9.750000,1.000000
1414.192017,800.000000,800.000000,-18.430000,34.000000,32.000000,0.000000,11.190000,1.000000
1414.197021,800.000000,800.000000,-17.860001,34.000000,32.000000,0.000000,11.190000,1.000000
1414.202026,800.000000,800.000000,-17.010000,38.000000,36.000000,0.000000,11.910000,1.000000
1414.207031,800.000000,800.000000,-16.340000,38.000000,36.000000,0.000000,11.910000,1.000000
1414.212036,800.000000,800.000000,-15.470000,40.000000,40.000000,0.000000,13.360000,1.000000
1414.217041,800.000000,800.000000,-14.690000,40.000000,40.000000,0.000000,13.360000,1.000000
1414.222046,800.000000,800.000000,-13.620000,42.000000,40.000000,0.000000,14.440000,1.000000
1414.227051,800.000000,800.000000,-12.690000,42.000000,40.000000,0.000000,14.440000,1.000000
1414.232056,800.000000,800.000000,-11.690000,44.000000,44.000000,0.000000,14.800000,1.000000
1414.237061,800.000000,800.000000,-10.840000,44.000000,44.000000,0.000000,14.800000,1.000000
1414.241943,800.000000,800.000000,-9.600000,46.000000,44.000000,0.000000,15.000000,1.000000
1414.246948,800.000000,800.000000,-8.590000,46.000000,44.000000,0.000000,15.000000,1.000000
1414.251953,800.000000,800.000000,-7.600000,46.000000,48.000000,0.000000,15.000000,1.000000
1414.256958,800.000000,800.000000,-6.820000,46.000000,48.000000,0.000000,15.000000,1.000000
1414.261963,800.000000,800.000000,-5.400000,48.000000,48.000000,0.000000,15.000000,1.000000
1414.266968,728.000000,728.000000,-4.200000,48.000000,48.000000,0.000000,15.000000,1.000000
1414.271973,625.000000,625.000000,-2.950000,48.000000,50.000000,0.000000,15.000000,1.000000
1414.276978,546.000000,546.000000,-1.970000,48.000000,50.000000,0.000000,15.000000,1.000000
1414.281982,423.000000,423.000000,-0.550000,50.000000,50.000000,0.000000,15.000000,1.000000
1414.286987,313.000000,313.000000,0.670000,50.000000,50.000000,0.000000,15.000000,1.000000
1414.291992,207.000000,207.000000,1.960000,50.000000,52.000000,0.000000,15.000000,1.000000
1414.296997,118.000000,118.000000,3.100000,50.000000,52.000000,0.000000,15.000000,1.000000
1414.302002,9.000000,9.000000,4.520000,52.000000,50.000000,0.000000,15.000000,1.000000
1414.307007,-75.000000,-75.000000,5.620000,52.000000,50.000000,0.000000,15.000000,1.000000
1414.312012,-173.000000,-173.000000,6.990000,48.000000,48.000000,0.000000,15.000000,1.000000
1414.317017,-265.000000,-265.000000,8.310000,48.000000,48.000000,0.000000,15.000000,1.000000
1414.322021,-337.000000,-337.000000,9.660000,44.000000,42.000000,0.000000,15.000000,1.000000
1414.327026,-402.000000,-402.000000,11.090000,44.000000,42.000000,0.000000,15.000000,1.000000
1414.332031,-415.000000,-415.000000,12.180000,38.000000,34.000000,0.000000,15.000000,1.000000
1414.337036,-398.000000,-398.000000,13.120000,38.000000,34.000000,0.000000,15.000000,1.000000
1414.342041,-351.000000,-351.000000,13.800000,32.000000,28.000000,0.000000,13.000000,1.000000
1414.347046,-456.000000,-456.000000,14.470000,32.000000,28.000000,0.000000,13.000000,1.000000
1414.352051,-387.000000,-387.000000,14.890000,24.000000,18.000000,0.000000,10.830000,1.000000
1414.357056,-477.000000,-477.000000,15.100000,24.000000,18.000000,0.000000,10.830000,1.000000
1414.362061,-394.000000,-394.000000,15.080000,20.000000,16.000000,0.000000,7.580000,1.000000
1414.366943,-577.000000,-577.000000,15.120000,20.000000,16.000000,0.000000,7.580000,1.000000
1414.371948,-520.000000,-520.000000,15.130000,10.000000,8.000000,0.000000,6.500000,1.000000
1414.376953,-521.000000,-521.000000,15.030000,10.000000,8.000000,0.000000,6.500000,1.000000
1414.381958,-407.000000,-407.000000,14.620000,8.000000,6.000000,0.000000,3.250000,1.000000
1414.386963,-562.000000,-562.000000,14.250000,8.000000,6.000000,0.000000,3.250000,1.000000
1414.391968,-476.000000,-476.000000,13.820000,-2.000000,-2.000000,0.000000,2.530000,1.000000
1414.396973,-426.000000,-426.000000,13.250000,-2.000000,-2.000000,0.000000,2.530000,1.000000
1414.401978,-277.000000,-277.000000,12.320000,-4.000000,-2.000000,0.000000,-0.720000,1.000000
1414.406982,-394.000000,-394.000000,11.460000,-4.000000,-2.000000,0.000000,-0.720000,1.000000
1414.411987,-296.000000,-296.000000,10.620000,-12.000000,-10.000000,0.000000,-1.080000,1.000000
1414.416992,-211.000000,-211.000000,9.560000,-12.000000,-10.000000,0.000000,-1.080000,1.000000
1414.421997,-86.000000,-86.000000,8.350000,-10.000000,-12.000000,0.000000,-3.970000,1.000000
1414.427002,-194.000000,-194.000000,7.230000,-10.000000,-12.000000,0.000000,-3.970000,1.000000
1414.432007,-82.000000,-82.000000,5.890000,-14.000000,-16.000000,0.000000,-3.970000,1.000000
1414.437012,-82.000000,-82.000000,4.600000,-14.000000,-16.000000,0.000000,-3.970000,1.000000
1414.442017,111.000000,111.000000,3.160000,-12.000000,-14.000000,0.000000,-5.420000,1.000000
1414.447021,111.000000,111.000000,1.850000,-12.000000,-14.000000,0.000000,-5.420000,1.000000
1414.452026,134.000000,134.000000,0.510000,-10.000000,-12.000000,0.000000,-4.690000,1.000000
1414.457031,134.000000,134.000000,-0.560000,-10.000000,-12.000000,0.000000,-4.690000,1.000000
1414.462036,248.000000,248.000000,-1.580000,-10.000000,-10.000000,0.000000,-3.970000,1.000000
1414.467041,248.000000,248.000000,-2.610000,-10.000000,-10.000000,0.000000,-3.970000,1.000000
1414.472046,331.000000,331.000000,-3.360000,-6.000000,-6.000000,0.000000,-3.610000,1.000000
1414.477051,335.000000,335.000000,-4.110000,-6.000000,-6.000000,0.000000,-3.610000,1.000000
1414.482056,365.000000,365.000000,-4.750000,-4.000000,-4.000000,0.000000,-2.170000,1.000000
1414.487061,370.000000,370.000000,-5.610000,-4.000000,-4.000000,0.000000,-2.170000,1.000000
1414.491943,501.000000,501.000000,-6.160000,2.000000,4.000000,0.000000,-1.440000,1.000000
1414.496948,481.000000,481.000000,-6.370000,2.000000,4.000000,0.000000,-1.440000,1.000000
1414.501953,471.000000,471.000000,-6.420000,2.000000,2.000000,0.000000,1.080000,1.000000
1414.506958,402.000000,402.000000,-6.650000,2.000000,2.000000,0.000000,1.080000,1.000000
1414.511963,554.000000,554.000000,-6.810000,12.000000,10.000000,0.000000,0.720000,1.000000
1414.516968,520.000000,520.000000,-6.620000,12.000000,10.000000,0.000000,0.720000,1.000000
1414.521973,414.000000,414.000000,-6.150000,10.000000,10.000000,0.000000,3.970000,1.000000
1414.526978,304.000000,304.000000,-5.690000,10.000000,10.000000,0.000000,3.970000,1.000000
1414.531982,467.000000,467.000000,-5.340000,16.000000,16.000000,0.000000,3.610000,1.000000
1414.536987,423.000000,423.000000,-5.040000,16.000000,16.000000,0.000000,3.610000,1.000000
1414.541992,347.000000,347.000000,-4.410000,16.000000,16.000000,0.000000,5.780000,1.000000
1414.546997,249.000000,249.000000,-3.720000,16.000000,16.000000,0.000000,5.780000,1.000000
1414.552002,317.000000,317.000000,-3.140000,22.000000,20.000000,0.000000,5.780000,1.000000
1414.557007,259.000000,259.000000,-2.450000,22.000000,20.000000,0.000000,5.780000,1.000000
1414.562012,194.000000,194.000000,-1.630000,18.000000,18.000000,0.000000,7.580000,1.000000
1414.567017,112.000000,112.000000,-0.960000,18.000000,18.000000,0.000000,7.580000,1.000000
1414.572021,186.000000,186.000000,0.030000,20.000000,22.000000,0.000000,6.500000,1.000000
1414.577026,110.000000,110.000000,0.720000,20.000000,22.000000,0.000000,6.500000,1.000000
1414.582031,-11.000000,-11.000000,1.670000,18.000000,18.000000,0.000000,7.580000,1.000000
1414.587036,-75.000000,-75.000000,2.230000,18.000000,18.000000,0.000000,7.580000,1.000000
1414.592041,-20.000000,-20.000000,3.020000,18.000000,16.000000,0.000000,6.500000,1.000000
1414.597046,-61.000000,-61.000000,3.650000,18.000000,16.000000,0.000000,6.500000,1.000000
1414.602051,-179.000000,-179.000000,4.380000,14.000000,14.000000,0.000000,6.140000,1.000000
1414.607056,-209.000000,-209.000000,5.090000,14.000000,14.000000,0.000000,6.140000,1.000000
1414.612061,-265.000000,-265.000000,5.620000,10.000000,10.000000,0.000000,5.050000,1.000000
1414.616943,-258.000000,-258.000000,6.130000,10.000000,10.000000,0.000000,5.050000,1.000000
1414.621948,-330.000000,-330.000000,6.400000,8.000000,8.000000,0.000000,3.610000,1.000000
1414.626953,-306.000000,-306.000000,6.870000,8.000000,8.000000,0.000000,3.610000,1.000000
1414.631958,-415.000000,-415.000000,7.070000,4.000000,4.000000,0.000000,2.890000,1.000000
1414.636963,-392.000000,-392.000000,7.260000,4.000000,4.000000,0.000000,2.890000,1.000000
1414.641968,-413.000000,-413.000000,7.290000,2.000000,2.000000,0.000000,1.440000,1.000000
1414.646973,-372.000000,-372.000000,7.480000,2.000000,2.000000,0.000000,1.440000,1.000000
1414.651978,-459.000000,-459.000000,7.340000,-4.000000,-6.000000,0.000000,0.720000,1.000000
1414.656982,-402.000000,-402.000000,6.940000,-4.000000,-6.000000,0.000000,0.720000,1.000000
1414.661987,-392.000000,-392.000000,6.830000,-6.000000,-6.000000,0.000000,-1.810000,1.000000
1414.666992,-372.000000,-372.000000,6.820000,-6.000000,-6.000000,0.000000,-1.810000,1.000000
1414.671997,-555.000000,-555.000000,6.770000,-12.000000,-12.000000,0.000000,-2.170000,1.000000
1414.677002,-517.000000,-517.000000,6.470000,-12.000000,-12.000000,0.000000,-2.170000,1.000000
1414.682007,-476.000000,-476.000000,6.010000,-10.000000,-10.000000,0.000000,-4.330000,1.000000
1414.687012,-382.000000,-382.000000,5.690000,-10.000000,-10.000000,0.000000,-4.330000,1.000000
1414.692017,-491.000000,-491.000000,5.230000,-16.000000,-18.000000,0.000000,-3.610000,1.000000
1414.697021,-436.000000,-436.000000,4.720000,-16.000000,-18.000000,0.000000,-3.610000,1.000000
1414.702026,-325.000000,-325.000000,4.160000,-16.000000,-16.000000,0.000000,-6.140000,1.000000
1414.707031,-253.000000,-253.000000,3.700000,-16.000000,-16.000000,0.000000,-6.140000,1.000000
1414.712036,-375.000000,-375.000000,3.130000,-20.000000,-22.000000,0.000000,-5.780000,1.000000
1414.717041,-302.000000,-302.000000,2.350000,-20.000000,-22.000000,0.000000,-5.780000,1.000000
1414.722046,-194.000000,-194.000000,1.480000,-18.000000,-18.000000,0.000000,-7.580000,1.000000
1414.727051,-108.000000,-108.000000,0.920000,-18.000000,-18.000000,0.000000,-7.580000,1.000000
1414.732056,-198.000000,-198.000000,0.060000,-22.000000,-22.000000,0.000000,-6.500000,1.000000
1414.737061,-122.000000,-122.000000,-0.690000,-22.000000,-22.000000,0.000000,-6.500000,1.000000
1414.741943,22.000000,22.000000,-1.560000,-18.000000,-18.000000,0.000000,-7.940000,1.000000
1414.746948,94.000000,94.000000,-2.100000,-18.000000,-18.000000,0.000000,-7.940000,1.000000
1414.751953,20.000000,20.000000,-3.010000,-18.000000,-20.000000,0.000000,-6.500000,1.000000
1414.756958,87.000000,87.000000,-3.710000,-18.000000,-20.000000,0.000000,-6.500000,1.000000
1414.761963,248.000000,248.000000,-4.610000,-16.000000,-16.000000,0.000000,-6.860000,1.000000
1414.766968,304.000000,304.000000,-5.540000,-16.000000,-16.000000,0.000000,-6.860000,1.000000
1414.771973,329.000000,329.000000,-6.300000,-12.000000,-14.000000,0.000000,-5.780000,1.000000
1414.776978,352.000000,352.000000,-7.090000,-12.000000,-14.000000,0.000000,-5.780000,1.000000
1414.781982,438.000000,438.000000,-7.520000,-8.000000,-10.000000,0.000000,-4.690000,1.000000
1414.786987,409.000000,409.000000,-8.110000,-8.000000,-10.000000,0.000000,-4.690000,1.000000
1414.791992,485.000000,485.000000,-8.690000,-2.000000,-2.000000,0.000000,-3.250000,1.000000
1414.796997,487.000000,487.000000,-9.020000,-2.000000,-2.000000,0.000000,-3.250000,1.000000
1414.802002,564.000000,564.000000,-8.990000,-2.000000,0.000000,0.000000,-0.720000,1.000000
1414.807007,493.000000,493.000000,-9.090000,-2.000000,0.000000,0.000000,-0.720000,1.000000
1414.812012,640.000000,640.000000,-9.280000,8.000000,6.000000,0.000000,-0.360000,1.000000
1414.817017,625.000000,625.000000,-9.350000,8.000000,6.000000,0.000000,-0.360000,1.000000
1414.822021,612.000000,612.000000,-9.070000,8.000000,8.000000,0.000000,2.530000,1.000000
1414.827026,522.000000,522.000000,-8.700000,8.000000,8.000000,0.000000,2.530000,1.000000
1414.832031,655.000000,655.000000,-8.420000,14.000000,14.000000,0.000000,2.890000,1.000000
1414.837036,611.000000,611.000000,-8.430000,14.000000,14.000000,0.000000,2.890000,1.000000
1414.842041,617.000000,617.000000,-8.000000,16.000000,16.000000,0.000000,5.050000,1.000000
1414.847046,526.000000,526.000000,-7.410000,16.000000,16.000000,0.000000,5.050000,1.000000
1414.852051,578.000000,578.000000,-6.770000,22.000000,20.000000,0.000000,5.780000,1.000000
1414.857056,492.000000,492.000000,-6.220000,22.000000,20.000000,0.000000,5.780000,1.000000
1414.862061,481.000000,481.000000,-5.440000,22.000000,22.000000,0.000000,7.580000,1.000000
1414.866943,391.000000,391.000000,-4.650000,22.000000,22.000000,0.000000,7.580000,1.000000
1414.871948,428.000000,428.000000,-3.950000,26.000000,26.000000,0.000000,7.940000,1.000000
1414.876953,358.000000,358.000000,-2.990000,26.000000,26.000000,0.000000,7.940000,1.000000
1414.881958,292.000000,292.000000,-1.940000,26.000000,26.000000,0.000000,9.390000,1.000000
1414.886963,190.000000,190.000000,-1.050000,26.000000,26.000000,0.000000,9.390000,1.000000
1414.891968,224.000000,224.000000,-0.190000,28.000000,26.000000,0.000000,9.390000,1.000000
1414.896973,165.000000,165.000000,0.800000,28.000000,26.000000,0.000000,9.390000,1.000000
1414.901978,86.000000,86.000000,1.900000,24.000000,24.000000,0.000000,9.750000,1.000000
1414.906982,-2.000000,-2.000000,2.640000,24.000000,24.000000,0.000000,9.750000,1.000000
1414.911987,-13.000000,-13.000000,3.690000,26.000000,24.000000,0.000000,8.660000,1.000000
1414.916992,-79.000000,-79.000000,4.570000,26.000000,24.000000,0.000000,8.660000,1.000000
1414.921997,-203.000000,-203.000000,5.540000,20.000000,20.000000,0.000000,9.020000,1.000000
1414.927002,-247.000000,-247.000000,6.360000,20.000000,20.000000,0.000000,9.020000,1.000000
1414.932007,-251.000000,-251.000000,7.070000,16.000000,16.000000,0.000000,7.220000,1.000000
1414.937012,-268.000000,-268.000000,7.790000,16.000000,16.000000,0.000000,7.220000,1.000000
1414.942017,-420.000000,-420.000000,8.450000,14.000000,14.000000,0.000000,5.780000,1.000000
1414.947021,-439.000000,-439.000000,9.190000,14.000000,14.000000,0.000000,5.780000,1.000000
1414.952026,-563.000000,-563.000000,9.600000,8.000000,6.000000,0.000000,5.050000,1.000000
1414.957031,-533.000000,-533.000000,9.960000,8.000000,6.000000,0.000000,5.050000,1.000000
1414.962036,-550.000000,-550.000000,10.030000,6.000000,6.000000,0.000000,2.530000,1.000000
1414.967041,-491.000000,-491.000000,10.380000,6.000000,6.000000,0.000000,2.530000,1.000000
1414.972046,-669.000000,-669.000000,10.500000,-2.000000,-4.000000,0.000000,2.170000,1.000000
1414.977051,-630.000000,-630.000000,10.520000,-2.000000,-4.000000,0.000000,2.170000,1.000000
1414.982056,-596.000000,-596.000000,10.260000,-4.000000,-6.000000,0.000000,-1.080000,1.000000
1414.987061,-518.000000,-518.000000,10.060000,-4.000000,-6.000000,0.000000,-1.080000,1.000000
1414.991943,-693.000000,-693.000000,9.780000,-10.000000,-14.000000,0.000000,-1.810000,1.000000
1414.996948,-633.000000,-633.000000,9.540000,-10.000000,-14.000000,0.000000,-1.810000,1.000000
1415.001953,-633.000000,-633.000000,9.020000,-14.000000,-14.000000,0.000000,-4.330000,1.000000
1415.006958,-543.000000,-543.000000,8.590000,-14.000000,-14.000000,0.000000,-4.330000,1.000000
1415.011963,-646.000000,-646.000000,7.950000,-20.000000,-22.000000,0.000000,-5.050000,1.000000
1415.016968,-564.000000,-564.000000,7.330000,-20.000000,-22.000000,0.000000,-5.050000,1.000000
1415.021973,-541.000000,-541.000000,6.520000,-20.000000,-22.000000,0.000000,-7.580000,1.000000
1415.026978,-447.000000,-447.000000,5.890000,-20.000000,-22.000000,0.000000,-7.580000,1.000000
1415.031982,-552.000000,-552.000000,5.130000,-24.000000,-26.000000,0.000000,-7.580000,1.000000
1415.036987,-472.000000,-472.000000,4.210000,-24.000000,-26.000000,0.000000,-7.580000,1.000000
1415.041992,-375.000000,-375.000000,3.100000,-24.000000,-26.000000,0.000000,-9.020000,1.000000
1415.046997,-267.000000,-267.000000,2.320000,-24.000000,-26.000000,0.000000,-9.020000,1.000000
1415.052002,-300.000000,-300.000000,1.450000,-28.000000,-30.000000,0.000000,-9.020000,1.000000
1415.057007,-232.000000,-232.000000,0.350000,-28.000000,-30.000000,0.000000,-9.020000,1.000000
1415.062012,-135.000000,-135.000000,-0.810000,-26.000000,-28.000000,0.000000,-10.470000,1.000000
1415.067017,-40.000000,-40.000000,-1.550000,-26.000000,-28.000000,0.000000,-10.470000,1.000000
1415.072021,-95.000000,-95.000000,-2.660000,-26.000000,-28.000000,0.000000,-9.750000,1.000000
1415.077026,-8.000000,-8.000000,-3.620000,-26.000000,-28.000000,0.000000,-9.750000,1.000000
1415.082031,115.000000,115.000000,-4.670000,-22.000000,-26.000000,0.000000,-9.750000,1.000000
1415.087036,177.000000,177.000000,-5.580000,-22.000000,-26.000000,0.000000,-9.750000,1.000000
1415.092041,224.000000,224.000000,-6.590000,-20.000000,-22.000000,0.000000,-8.660000,1.000000
1415.097046,271.000000,271.000000,-7.640000,-20.000000,-22.000000,0.000000,-8.660000,1.000000
1415.102051,405.000000,405.000000,-8.530000,-16.000000,-18.000000,0.000000,-7.580000,1.000000
1415.107056,420.000000,420.000000,-9.430000,-16.000000,-18.000000,0.000000,-7.580000,1.000000
1415.112061,500.000000,500.000000,-9.840000,-8.000000,-12.000000,0.000000,-6.140000,1.000000
1415.116943,448.000000,448.000000,-10.130000,-8.000000,-12.000000,0.000000,-6.140000,1.000000
1415.121948,498.000000,498.000000,-10.230000,-6.000000,-10.000000,0.000000,-3.610000,1.000000
1415.126953,448.000000,448.000000,-10.630000,-6.000000,-10.000000,0.000000,-3.610000,1.000000
1415.131958,634.000000,634.000000,-11.170000,2.000000,0.000000,0.000000,-2.890000,1.000000
1415.136963,643.000000,643.000000,-11.260000,2.000000,0.000000,0.000000,-2.890000,1.000000
1415.141968,634.000000,634.000000,-10.960000,2.000000,0.000000,0.000000,0.360000,1.000000
1415.146973,520.000000,520.000000,-10.650000,2.000000,0.000000,0.000000,0.360000,1.000000
1415.151978,679.000000,679.000000,-10.360000,10.000000,8.000000,0.000000,0.360000,1.000000
1415.156982,628.000000,628.000000,-10.450000,10.000000,8.000000,0.000000,0.360000,1.000000
1415.161987,611.000000,611.000000,-10.030000,12.000000,10.000000,0.000000,3.250000,1.000000
1415.166992,514.000000,514.000000,-9.360000,12.000000,10.000000,0.000000,3.250000,1.000000
1415.171997,596.000000,596.000000,-8.660000,18.000000,18.000000,0.000000,3.970000,1.000000
1415.177002,496.000000,496.000000,-8.040000,18.000000,18.000000,0.000000,3.970000,1.000000
1415.182007,479.000000,479.000000,-7.250000,20.000000,18.000000,0.000000,6.500000,1.000000
1415.187012,386.000000,386.000000,-6.430000,20.000000,18.000000,0.000000,6.500000,1.000000
1415.192017,473.000000,473.000000,-5.610000,26.000000,24.000000,0.000000,6.860000,1.000000
1415.197021,386.000000,386.000000,-4.580000,26.000000,24.000000,0.000000,6.860000,1.000000
1415.202026,317.000000,317.000000,-3.580000,24.000000,20.000000,0.000000,9.020000,1.000000
1415.207031,229.000000,229.000000,-2.760000,24.000000,20.000000,0.000000,9.020000,1.000000
1415.212036,324.000000,324.000000,-1.910000,28.000000,26.000000,0.000000,7.940000,1.000000
1415.217041,263.000000,263.000000,-0.910000,28.000000,26.000000,0.000000,7.940000,1.000000
1415.222046,102.000000,102.000000,0.240000,24.000000,22.000000,0.000000,9.750000,1.000000
1415.227051,6.000000,6.000000,1.000000,24.000000,22.000000,0.000000,9.750000,1.000000
1415.232056,89.000000,89.000000,2.180000,24.000000,24.000000,0.000000,8.300000,1.000000
1415.237061,-2.000000,-2.000000,3.140000,24.000000,24.000000,0.000000,8.300000,1.000000
1415.241943,-171.000000,-171.000000,4.220000,22.000000,22.000000,0.000000,8.660000,1.000000
1415.246948,-241.000000,-241.000000,5.090000,22.000000,22.000000,0.000000,8.660000,1.000000
1415.251953,-254.000000,-254.000000,5.970000,18.000000,18.000000,0.000000,7.940000,1.000000
1415.256958,-299.000000,-299.000000,6.810000,18.000000,18.000000,0.000000,7.940000,1.000000
1415.261963,-393.000000,-393.000000,7.720000,16.000000,16.000000,0.000000,6.500000,1.000000
1415.266968,-440.000000,-440.000000,8.650000,16.000000,16.000000,0.000000,6.500000,1.000000
1415.271973,-587.000000,-587.000000,9.300000,8.000000,8.000000,0.000000,5.780000,1.000000
1415.276978,-576.000000,-576.000000,9.890000,8.000000,8.000000,0.000000,5.780000,1.000000
1415.281982,-602.000000,-602.000000,10.110000,6.000000,6.000000,0.000000,2.890000,1.000000
1415.286987,-533.000000,-533.000000,10.530000,6.000000,6.000000,0.000000,2.890000,1.000000
1415.291992,-723.000000,-723.000000,10.740000,-4.000000,-2.000000,0.000000,2.170000,1.000000
1415.296997,-684.000000,-684.000000,10.860000,-4.000000,-2.000000,0.000000,2.170000,1.000000
1415.302002,-686.000000,-686.000000,10.680000,-6.000000,-4.000000,0.000000,-1.080000,1.000000
1415.307007,-597.000000,-597.000000,10.580000,-6.000000,-4.000000,0.000000,-1.080000,1.000000
1415.312012,-765.000000,-765.000000,10.310000,-14.000000,-10.000000,0.000000,-1.810000,1.000000
1415.317017,-703.000000,-703.000000,10.070000,-14.000000,-10.000000,0.000000,-1.810000,1.000000
1415.322021,-703.000000,-703.000000,9.520000,-16.000000,-16.000000,0.000000,-4.330000,1.000000
1415.327026,-611.000000,-611.000000,9.050000,-16.000000,-16.000000,0.000000,-4.330000,1.000000
1415.332031,-713.000000,-713.000000,8.530000,-22.000000,-22.000000,0.000000,-5.780000,1.000000
1415.337036,-639.000000,-639.000000,7.990000,-22.000000,-22.000000,0.000000,-5.780000,1.000000
1415.342041,-665.000000,-665.000000,7.160000,-24.000000,-24.000000,0.000000,-7.940000,1.000000
1415.347046,-553.000000,-553.000000,6.400000,-24.000000,-24.000000,0.000000,-7.940000,1.000000
1415.352051,-618.000000,-618.000000,5.580000,-28.000000,-28.000000,0.000000,-8.660000,1.000000
1415.357056,-544.000000,-544.000000,4.880000,-28.000000,-28.000000,0.000000,-8.660000,1.000000
1415.362061,-538.000000,-538.000000,3.860000,-28.000000,-30.000000,0.000000,-10.110000,1.000000
1415.366943,-433.000000,-433.000000,3.040000,-28.000000,-30.000000,0.000000,-10.110000,1.000000
1415.371948,-456.000000,-456.000000,2.210000,-32.000000,-32.000000,0.000000,-10.470000,1.000000
1415.376953,-390.000000,-390.000000,1.300000,-32.000000,-32.000000,0.000000,-10.470000,1.000000
1415.381958,-343.000000,-343.000000,0.090000,-32.000000,-30.000000,0.000000,-11.550000,1.000000
1415.386963,-246.000000,-246.000000,-0.830000,-32.000000,-30.000000,0.000000,-11.550000,1.000000
1415.391968,-265.000000,-265.000000,-1.700000,-32.000000,-34.000000,0.000000,-11.190000,1.000000
1415.396973,-219.000000,-219.000000,-2.680000,-32.000000,-34.000000,0.000000,-11.190000,1.000000
1415.401978,-128.000000,-128.000000,-3.650000,-30.000000,-30.000000,0.000000,-11.910000,1.000000
1415.406982,-66.000000,-66.000000,-4.110000,-30.000000,-30.000000,0.000000,-11.910000,1.000000
1415.411987,-110.000000,-110.000000,-5.170000,-28.000000,-30.000000,0.000000,-10.830000,1.000000
1415.416992,-48.000000,-48.000000,-5.920000,-28.000000,-30.000000,0.000000,-10.830000,1.000000
1415.421997,66.000000,66.000000,-6.570000,-24.000000,-26.000000,0.000000,-10.470000,1.000000
1415.427002,82.000000,82.000000,-7.180000,-24.000000,-26.000000,0.000000,-10.470000,1.000000
1415.432007,126.000000,126.000000,-7.780000,-22.000000,-22.000000,0.000000,-9.020000,1.000000
1415.437012,150.000000,150.000000,-8.310000,-22.000000,-22.000000,0.000000,-9.020000,1.000000
1415.442017,273.000000,273.000000,-8.810000,-20.000000,-20.000000,0.000000,-7.940000,1.000000
1415.447021,290.000000,290.000000,-9.380000,-20.000000,-20.000000,0.000000,-7.940000,1.000000
1415.452026,388.000000,388.000000,-9.580000,-14.000000,-14.000000,0.000000,-7.220000,1.000000
1415.457031,359.000000,359.000000,-9.780000,-14.000000,-14.000000,0.000000,-7.220000,1.000000
1415.462036,384.000000,384.000000,-9.890000,-10.000000,-14.000000,0.000000,-5.050000,1.000000
1415.467041,354.000000,354.000000,-10.130000,-10.000000,-14.000000,0.000000,-5.050000,1.000000
1415.472046,511.000000,511.000000,-10.420000,-2.000000,-4.000000,0.000000,-4.330000,1.000000
1415.477051,507.000000,507.000000,-10.490000,-2.000000,-4.000000,0.000000,-4.330000,1.000000
1415.482056,523.000000,523.000000,-10.320000,-2.000000,-2.000000,0.000000,-1.080000,1.000000
1415.487061,457.000000,457.000000,-10.370000,-2.000000,-2.000000,0.000000,-1.080000,1.000000
1415.491943,668.000000,668.000000,-10.430000,6.000000,4.000000,0.000000,-0.720000,1.000000
1415.496948,652.000000,652.000000,-10.330000,6.000000,4.000000,0.000000,-0.720000,1.000000
1415.501953,639.000000,639.000000,-10.040000,6.000000,6.000000,0.000000,1.810000,1.000000
1415.506958,566.000000,566.000000,-9.630000,6.000000,6.000000,0.000000,1.810000,1.000000
1415.511963,684.000000,684.000000,-9.480000,14.000000,12.000000,0.000000,2.170000,1.000000
1415.516968,654.000000,654.000000,-9.420000,14.000000,12.000000,0.000000,2.170000,1.000000
1415.521973,648.000000,648.000000,-8.780000,16.000000,14.000000,0.000000,4.690000,1.000000
1415.526978,536.000000,536.000000,-8.170000,16.000000,14.000000,0.000000,4.690000,1.000000
1415.531982,625.000000,625.000000,-7.600000,24.000000,20.000000,0.000000,5.420000,1.000000
1415.536987,560.000000,560.000000,-7.140000,24.000000,20.000000,0.000000,5.420000,1.000000
1415.541992,558.000000,558.000000,-6.280000,22.000000,20.000000,0.000000,7.940000,1.000000
1415.546997,444.000000,444.000000,-5.370000,22.000000,20.000000,0.000000,7.940000,1.000000
1415.552002,528.000000,528.000000,-4.630000,28.000000,26.000000,0.000000,7.580000,1.000000
1415.557007,464.000000,464.000000,-3.710000,28.000000,26.000000,0.000000,7.580000,1.000000
1415.562012,363.000000,363.000000,-2.740000,26.000000,26.000000,0.000000,9.750000,1.000000
1415.567017,272.000000,272.000000,-1.850000,26.000000,26.000000,0.000000,9.750000,1.000000
1415.572021,359.000000,359.000000,-1.100000,30.000000,30.000000,0.000000,9.390000,1.000000
1415.577026,311.000000,311.000000,-0.180000,30.000000,30.000000,0.000000,9.390000,1.000000
1415.582031,217.000000,217.000000,0.890000,28.000000,26.000000,0.000000,10.830000,1.000000
1415.587036,126.000000,126.000000,1.730000,28.000000,26.000000,0.000000,10.830000,1.000000
1415.592041,173.000000,173.000000,2.790000,30.000000,28.000000,0.000000,9.750000,1.000000
1415.597046,114.000000,114.000000,3.530000,30.000000,28.000000,0.000000,9.750000,1.000000
1415.602051,-1.000000,-1.000000,4.410000,26.000000,24.000000,0.000000,10.470000,1.000000
1415.607056,-53.000000,-53.000000,4.990000,26.000000,24.000000,0.000000,10.470000,1.000000
1415.612061,-21.000000,-21.000000,5.690000,24.000000,24.000000,0.000000,9.020000,1.000000
1415.616943,-45.000000,-45.000000,6.410000,24.000000,24.000000,0.000000,9.020000,1.000000
1415.621948,-184.000000,-184.000000,7.020000,20.000000,20.000000,0.000000,8.660000,1.000000
1415.626953,-205.000000,-205.000000,7.690000,20.000000,20.000000,0.000000,8.660000,1.000000
1415.631958,-246.000000,-246.000000,8.130000,16.000000,16.000000,0.000000,7.220000,1.000000
1415.636963,-237.000000,-237.000000,8.460000,16.000000,16.000000,0.000000,7.220000,1.000000
1415.641968,-321.000000,-321.000000,8.770000,14.000000,14.000000,0.000000,5.780000,1.000000
1415.646973,-303.000000,-303.000000,9.190000,14.000000,14.000000,0.000000,5.780000,1.000000
1415.651978,-413.000000,-413.000000,9.120000,8.000000,8.000000,0.000000,5.050000,1.000000
1415.656982,-368.000000,-368.000000,9.160000,8.000000,8.000000,0.000000,5.050000,1.000000
1415.661987,-393.000000,-393.000000,9.230000,6.000000,4.000000,0.000000,2.890000,1.000000
1415.666992,-383.000000,-383.000000,9.440000,6.000000,4.000000,0.000000,2.890000,1.000000
1415.671997,-550.000000,-550.000000,9.580000,0.000000,-2.000000,0.000000,1.810000,1.000000
1415.677002,-537.000000,-537.000000,9.510000,0.000000,-2.000000,0.000000,1.810000,1.000000
1415.682007,-577.000000,-577.000000,9.220000,0.000000,-2.000000,0.000000,-0.360000,1.000000
1415.687012,-523.000000,-523.000000,9.190000,0.000000,-2.000000,0.000000,-0.360000,1.000000
1415.692017,-668.000000,-668.000000,9.200000,-6.000000,-10.000000,0.000000,-0.360000,1.000000
1415.697021,-655.000000,-655.000000,8.880000,-6.000000,-10.000000,0.000000,-0.360000,1.000000
1415.702026,-598.000000,-598.000000,8.410000,-8.000000,-10.000000,0.000000,-2.890000,1.000000
1415.707031,-519.000000,-519.000000,8.040000,-8.000000,-10.000000,0.000000,-2.890000,1.000000
1415.712036,-661.000000,-661.000000,7.910000,-14.000000,-16.000000,0.000000,-3.250000,1.000000
1415.717041,-650.000000,-650.000000,7.730000,-14.000000,-16.000000,0.000000,-3.250000,1.000000
1415.722046,-650.000000,-650.000000,7.030000,-16.000000,-20.000000,0.000000,-5.420000,1.000000
1415.727051,-551.000000,-551.000000,6.530000,-16.000000,-20.000000,0.000000,-5.420000,1.000000
1415.732056,-645.000000,-645.000000,6.060000,-22.000000,-24.000000,0.000000,-6.500000,1.000000
1415.737061,-605.000000,-605.000000,5.700000,-22.000000,-24.000000,0.000000,-6.500000,1.000000
1415.741943,-654.000000,-654.000000,4.940000,-24.000000,-24.000000,0.000000,-8.300000,1.000000
1415.746948,-573.000000,-573.000000,4.340000,-24.000000,-24.000000,0.000000,-8.300000,1.000000
1415.751953,-647.000000,-647.000000,3.940000,-26.000000,-30.000000,0.000000,-8.660000,1.000000
1415.756958,-623.000000,-623.000000,3.440000,-26.000000,-30.000000,0.000000,-8.660000,1.000000
1415.761963,-614.000000,-614.000000,2.850000,-28.000000,-30.000000,0.000000,-10.110000,1.000000
1415.766968,-555.000000,-555.000000,2.250000,-28.000000,-30.000000,0.000000,-10.110000,1.000000
1415.771973,-608.000000,-608.000000,1.780000,-30.000000,-32.000000,0.000000,-10.470000,1.000000
1415.776978,-577.000000,-577.000000,1.280000,-30.000000,-32.000000,0.000000,-10.470000,1.000000
1415.781982,-570.000000,-570.000000,0.620000,-30.000000,-32.000000,0.000000,-11.190000,1.000000
1415.786987,-507.000000,-507.000000,0.070000,-30.000000,-32.000000,0.000000,-11.190000,1.000000
1415.791992,-515.000000,-515.000000,-0.370000,-34.000000,-36.000000,0.000000,-11.190000,1.000000
1415.796997,-486.000000,-486.000000,-0.930000,-34.000000,-36.000000,0.000000,-11.190000,1.000000
1415.802002,-442.000000,-442.000000,-1.610000,-32.000000,-34.000000,0.000000,-12.640000,1.000000
1415.807007,-376.000000,-376.000000,-2.180000,-32.000000,-34.000000,0.000000,-12.640000,1.000000
1415.812012,-440.000000,-440.000000,-2.630000,-36.000000,-38.000000,0.000000,-11.910000,1.000000
1415.817017,-418.000000,-418.000000,-3.280000,-36.000000,-38.000000,0.000000,-11.910000,1.000000
1415.822021,-316.000000,-316.000000,-3.940000,-32.000000,-34.000000,0.000000,-13.360000,1.000000
1415.827026,-260.000000,-260.000000,-4.350000,-32.000000,-34.000000,0.000000,-13.360000,1.000000
1415.832031,-346.000000,-346.000000,-4.710000,-34.000000,-36.000000,0.000000,-11.910000,1.000000
1415.837036,-332.000000,-332.000000,-5.200000,-34.000000,-36.000000,0.000000,-11.910000,1.000000
1415.842041,-185.000000,-185.000000,-5.900000,-32.000000,-32.000000,0.000000,-12.640000,1.000000
1415.847046,-125.000000,-125.000000,-6.210000,-32.000000,-32.000000,0.000000,-12.640000,1.000000
1415.852051,-167.000000,-167.000000,-6.650000,-32.000000,-34.000000,0.000000,-11.550000,1.000000
1415.857056,-154.000000,-154.000000,-7.000000,-32.000000,-34.000000,0.000000,-11.550000,1.000000
1415.862061,-61.000000,-61.000000,-7.590000,-28.000000,-30.000000,0.000000,-11.910000,1.000000
1415.866943,-18.000000,-18.000000,-7.940000,-28.000000,-30.000000,0.000000,-11.910000,1.000000
1415.871948,-25.000000,-25.000000,-8.450000,-26.000000,-28.000000,0.000000,-10.470000,1.000000
1415.876953,-1.000000,-1.000000,-8.920000,-26.000000,-28.000000,0.000000,-10.470000,1.000000
1415.881958,125.000000,125.000000,-9.160000,-22.000000,-24.000000,0.000000,-9.750000,1.000000
1415.886963,119.000000,119.000000,-9.430000,-22.000000,-24.000000,0.000000,-9.750000,1.000000
1415.891968,165.000000,165.000000,-9.610000,-18.000000,-20.000000,0.000000,-8.300000,1.000000
1415.896973,155.000000,155.000000,-9.740000,-18.000000,-20.000000,0.000000,-8.300000,1.000000
1415.901978,251.000000,251.000000,-9.900000,-16.000000,-18.000000,0.000000,-6.860000,1.000000
1415.906982,246.000000,246.000000,-10.200000,-16.000000,-18.000000,0.000000,-6.860000,1.000000
1415.911987,359.000000,359.000000,-10.280000,-10.000000,-12.000000,0.000000,-6.140000,1.000000
1415.916992,339.000000,339.000000,-10.380000,-10.000000,-12.000000,0.000000,-6.140000,1.000000
1415.921997,370.000000,370.000000,-10.250000,-8.000000,-12.000000,0.000000,-3.970000,1.000000
1415.927002,325.000000,325.000000,-10.350000,-8.000000,-12.000000,0.000000,-3.970000,1.000000
1415.932007,470.000000,470.000000,-10.340000,-2.000000,-2.000000,0.000000,-3.610000,1.000000
1415.937012,443.000000,443.000000,-10.140000,-2.000000,-2.000000,0.000000,-3.610000,1.000000
1415.942017,415.000000,415.000000,-9.680000,0.000000,-2.000000,0.000000,-0.720000,1.000000
1415.947021,338.000000,338.000000,-9.530000,0.000000,-2.000000,0.000000,-0.720000,1.000000
1415.952026,529.000000,529.000000,-9.440000,8.000000,6.000000,0.000000,-0.360000,1.000000
1415.957031,513.000000,513.000000,-9.080000,8.000000,6.000000,0.000000,-0.360000,1.000000
1415.962036,483.000000,483.000000,-8.350000,6.000000,6.000000,0.000000,2.530000,1.000000
1415.967041,376.000000,376.000000,-7.940000,6.000000,6.000000,0.000000,2.530000,1.000000
1415.972046,541.000000,541.000000,-7.640000,14.000000,12.000000,0.000000,2.170000,1.000000
1415.977051,520.000000,520.000000,-7.090000,14.000000,12.000000,0.000000,2.170000,1.000000
1415.982056,441.000000,441.000000,-6.400000,14.000000,14.000000,0.000000,4.690000,1.000000
1415.987061,356.000000,356.000000,-5.840000,14.000000,14.000000,0.000000,4.690000,1.000000
1415.991943,487.000000,487.000000,-5.350000,18.000000,18.000000,0.000000,5.050000,1.000000
1415.996948,450.000000,450.000000,-4.800000,18.000000,18.000000,0.000000,5.050000,1.000000
1416.001953,429.000000,429.000000,-4.020000,18.000000,18.000000,0.000000,6.500000,1.000000
1416.006958,346.000000,346.000000,-3.320000,18.000000,18.000000,0.000000,6.500000,1.000000
1416.011963,392.000000,392.000000,-2.730000,24.000000,22.000000,0.000000,6.500000,1.000000
1416.016968,361.000000,361.000000,-2.110000,24.000000,22.000000,0.000000,6.500000,1.000000
1416.021973,323.000000,323.000000,-1.300000,22.000000,20.000000,0.000000,8.300000,1.000000
1416.026978,256.000000,256.000000,-0.810000,22.000000,20.000000,0.000000,8.300000,1.000000
1416.031982,367.000000,367.000000,-0.350000,26.000000,24.000000,0.000000,7.580000,1.000000
1416.036987,357.000000,357.000000,0.130000,26.000000,24.000000,0.000000,7.580000,1.000000
1416.041992,280.000000,280.000000,0.860000,22.000000,22.000000,0.000000,9.020000,1.000000
1416.046997,225.000000,225.000000,1.150000,22.000000,22.000000,0.000000,9.020000,1.000000
1416.052002,329.000000,329.000000,1.450000,24.000000,24.000000,0.000000,7.940000,1.000000
1416.057007,326.000000,326.000000,1.810000,24.000000,24.000000,0.000000,7.940000,1.000000
1416.062012,220.000000,220.000000,2.470000,22.000000,20.000000,0.000000,8.660000,1.000000
1416.067017,158.000000,158.000000,2.710000,22.000000,20.000000,0.000000,8.660000,1.000000
1416.072021,207.000000,207.000000,3.150000,24.000000,24.000000,0.000000,7.580000,1.000000
1416.077026,187.000000,187.000000,3.440000,24.000000,24.000000,0.000000,7.580000,1.000000
1416.082031,92.000000,92.000000,3.960000,20.000000,22.000000,0.000000,8.660000,1.000000
1416.087036,51.000000,51.000000,4.140000,20.000000,22.000000,0.000000,8.660000,1.000000
1416.092041,131.000000,131.000000,4.440000,22.000000,20.000000,0.000000,7.580000,1.000000
1416.097046,119.000000,119.000000,4.800000,22.000000,20.000000,0.000000,7.580000,1.000000
1416.102051,22.000000,22.000000,5.070000,18.000000,18.000000,0.000000,7.580000,1.000000
1416.107056,15.000000,15.000000,5.160000,18.000000,18.000000,0.000000,7.580000,1.000000
1416.112061,31.000000,31.000000,5.340000,18.000000,18.000000,0.000000,6.500000,1.000000
1416.116943,28.000000,28.000000,5.570000,18.000000,18.000000,0.000000,6.500000,1.000000
1416.121948,-62.000000,-62.000000,5.740000,16.000000,14.000000,0.000000,6.500000,1.000000
1416.126953,-68.000000,-68.000000,5.920000,16.000000,14.000000,0.000000,6.500000,1.000000
1416.131958,-71.000000,-71.000000,6.030000,14.000000,12.000000,0.000000,5.420000,1.000000
1416.136963,-70.000000,-70.000000,6.150000,14.000000,12.000000,0.000000,5.420000,1.000000
1416.141968,-152.000000,-152.000000,6.290000,12.000000,12.000000,0.000000,4.690000,1.000000
1416.146973,-156.000000,-156.000000,6.460000,12.000000,12.000000,0.000000,4.690000,1.000000
1416.151978,-213.000000,-213.000000,6.570000,10.000000,8.000000,0.000000,4.330000,1.000000
1416.156982,-205.000000,-205.000000,6.590000,10.000000,8.000000,0.000000,4.330000,1.000000
1416.161987,-215.000000,-215.000000,6.500000,8.000000,6.000000,0.000000,3.250000,1.000000
1416.166992,-183.000000,-183.000000,6.680000,8.000000,6.000000,0.000000,3.250000,1.000000
1416.171997,-261.000000,-261.000000,6.530000,2.000000,2.000000,0.000000,2.530000,1.000000
1416.177002,-222.000000,-222.000000,6.210000,2.000000,2.000000,0.000000,2.530000,1.000000
1416.182007,-216.000000,-216.000000,5.870000,2.000000,2.000000,0.000000,0.720000,1.000000
1416.187012,-166.000000,-166.000000,5.760000,2.000000,2.000000,0.000000,0.720000,1.000000
1416.192017,-293.000000,-293.000000,5.540000,-4.000000,-4.000000,0.000000,0.720000,1.000000
1416.197021,-275.000000,-275.000000,5.300000,-4.000000,-4.000000,0.000000,0.720000,1.000000
1416.202026,-247.000000,-247.000000,5.010000,-2.000000,-4.000000,0.000000,-1.440000,1.000000
1416.207031,-214.000000,-214.000000,5.020000,-2.000000,-4.000000,0.000000,-1.440000,1.000000
1416.212036,-378.000000,-378.000000,4.840000,-6.000000,-8.000000,0.000000,-1.080000,1.000000
1416.217041,-351.000000,-351.000000,4.580000,-6.000000,-8.000000,0.000000,-1.080000,1.000000
1416.222046,-274.000000,-274.000000,3.910000,-6.000000,-6.000000,0.000000,-2.530000,1.000000
1416.227051,-194.000000,-194.000000,3.770000,-6.000000,-6.000000,0.000000,-2.530000,1.000000
1416.232056,-298.000000,-298.000000,3.620000,-12.000000,-12.000000,0.000000,-2.170000,1.000000
1416.237061,-294.000000,-294.000000,3.360000,-12.000000,-12.000000,0.000000,-2.170000,1.000000
1416.241943,-229.000000,-229.000000,2.670000,-10.000000,-10.000000,0.000000,-4.330000,1.000000
1416.246948,-140.000000,-140.000000,2.400000,-10.000000,-10.000000,0.000000,-4.330000,1.000000
1416.251953,-270.000000,-270.000000,1.860000,-14.000000,-14.000000,0.000000,-3.610000,1.000000
1416.256958,-233.000000,-233.000000,1.580000,-14.000000,-14.000000,0.000000,-3.610000,1.000000
1416.261963,-160.000000,-160.000000,0.930000,-12.000000,-12.000000,0.000000,-5.050000,1.000000
1416.266968,-107.000000,-107.000000,0.760000,-12.000000,-12.000000,0.000000,-5.050000,1.000000
1416.271973,-210.000000,-210.000000,0.280000,-14.000000,-16.000000,0.000000,-4.330000,1.000000
1416.276978,-181.000000,-181.000000,-0.110000,-14.000000,-16.000000,0.000000,-4.330000,1.000000
1416.281982,-99.000000,-99.000000,-0.650000,-12.000000,-14.000000,0.000000,-5.420000,1.000000
1416.286987,-63.000000,-63.000000,-0.960000,-12.000000,-14.000000,0.000000,-5.420000,1.000000
1416.291992,-141.000000,-141.000000,-1.340000,-14.000000,-14.000000,0.000000,-4.690000,1.000000
1416.296997,-133.000000,-133.000000,-1.670000,-14.000000,-14.000000,0.000000,-4.690000,1.000000
1416.302002,-73.000000,-73.000000,-2.030000,-12.000000,-12.000000,0.000000,-5.050000,1.000000
1416.307007,-58.000000,-58.000000,-2.190000,-12.000000,-12.000000,0.000000,-5.050000,1.000000
1416.312012,-90.000000,-90.000000,-2.490000,-12.000000,-12.000000,0.000000,-4.330000,1.000000
1416.317017,-82.000000,-82.000000,-2.760000,-12.000000,-12.000000,0.000000,-4.330000,1.000000
1416.322021,-24.000000,-24.000000,-2.860000,-10.000000,-12.000000,0.000000,-4.330000,1.000000
1416.327026,-34.000000,-34.000000,-2.940000,-10.000000,-12.000000,0.000000,-4.330000,1.000000
1416.332031,-44.000000,-44.000000,-3.030000,-10.000000,-10.000000,0.000000,-3.970000,1.000000
1416.337036,-48.000000,-48.000000,-3.140000,-10.000000,-10.000000,0.000000,-3.970000,1.000000
1416.342041,-21.000000,-21.000000,-3.190000,-8.000000,-8.000000,0.000000,-3.610000,1.000000
1416.347046,-26.000000,-26.000000,-3.180000,-8.000000,-8.000000,0.000000,-3.610000,1.000000
1416.352051,-8.000000,-8.000000,-3.180000,-8.000000,-10.000000,0.000000,-2.890000,1.000000
1416.357056,-13.000000,-13.000000,-3.230000,-8.000000,-10.000000,0.000000,-2.890000,1.000000
1416.362061,36.000000,36.000000,-3.180000,-6.000000,-6.000000,0.000000,-3.250000,1.000000
1416.366943,22.000000,22.000000,-3.120000,-6.000000,-6.000000,0.000000,-3.250000,1.000000
1416.371948,-16.000000,-16.000000,-3.040000,-6.000000,-6.000000,0.000000,-2.170000,1.000000
1416.376953,-26.000000,-26.000000,-3.000000,-6.000000,-6.000000,0.000000,-2.170000,1.000000
1416.381958,50.000000,50.000000,-3.000000,-6.000000,-6.000000,0.000000,-2.170000,1.000000
1416.386963,45.000000,45.000000,-2.940000,-6.000000,-6.000000,0.000000,-2.170000,1.000000
1416.391968,32.000000,32.000000,-2.790000,-4.000000,-6.000000,0.000000,-2.170000,1.000000
1416.396973,10.000000,10.000000,-2.650000,-4.000000,-6.000000,0.000000,-2.170000,1.000000
1416.401978,-8.000000,-8.000000,-2.490000,-4.000000,-4.000000,0.000000,-1.810000,1.000000
1416.406982,-22.000000,-22.000000,-2.390000,-4.000000,-4.000000,0.000000,-1.810000,1.000000
1416.411987,-1.000000,-1.000000,-2.300000,-4.000000,-2.000000,0.000000,-1.440000,1.000000
1416.416992,-10.000000,-10.000000,-2.130000,-4.000000,-2.000000,0.000000,-1.440000,1.000000
1416.421997,0.000000,0.000000,-1.980000,-2.000000,-2.000000,0.000000,-1.080000,1.000000
1416.427002,-16.000000,-16.000000,-1.800000,-2.000000,-2.000000,0.000000,-1.080000,1.000000
1416.432007,-3.000000,-3.000000,-1.630000,-2.000000,-2.000000,0.000000,-0.720000,1.000000
1416.437012,-12.000000,-12.000000,-1.520000,-2.000000,-2.000000,0.000000,-0.720000,1.000000
1416.442017,13.000000,13.000000,-1.380000,-2.000000,-2.000000,0.000000,-0.720000,1.000000
1416.447021,10.000000,10.000000,-1.240000,-2.000000,-2.000000,0.000000,-0.720000,1.000000
1416.452026,8.000000,8.000000,-1.150000,0.000000,-2.000000,0.000000,-0.720000,1.000000
1416.457031,12.000000,12.000000,-1.100000,0.000000,-2.000000,0.000000,-0.720000,1.000000
1416.462036,19.000000,19.000000,-1.050000,0.000000,0.000000,0.000000,-0.360000,1.000000
1416.467041,23.000000,23.000000,-1.050000,0.000000,0.000000,0.000000,-0.360000,1.000000
1416.472046,55.000000,55.000000,-1.040000,0.000000,0.000000,0.000000,0.000000,1.000000
1416.477051,56.000000,56.000000,-0.990000,0.000000,0.000000,0.000000,0.000000,1.000000
1416.482056,78.000000,78.000000,-0.950000,0.000000,0.000000,0.000000,0.000000,1.000000
1416.487061,74.000000,74.000000,-1.000000,0.000000,0.000000,0.000000,0.000000,1.000000
1416.491943,81.000000,81.000000,-1.000000,2.000000,2.000000,0.000000,0.000000,1.000000
1416.496948,83.000000,83.000000,-0.960000,2.000000,2.000000,0.000000,0.000000,1.000000
1416.501953,80.000000,80.000000,-0.960000,2.000000,0.000000,0.000000,0.720000,1.000000
1416.506958,81.000000,81.000000,-1.040000,2.000000,0.000000,0.000000,0.720000,1.000000
1416.511963,144.000000,144.000000,-1.090000,2.000000,2.000000,0.000000,0.360000,1.000000
1416.516968,145.000000,145.000000,-1.030000,2.000000,2.000000,0.000000,0.360000,1.000000
1416.521973,102.000000,102.000000,-0.930000,2.000000,2.000000,0.000000,0.720000,1.000000
1416.526978,82.000000,82.000000,-1.090000,2.000000,2.000000,0.000000,0.720000,1.000000
1416.531982,121.000000,121.000000,-1.050000,4.000000,4.000000,0.000000,0.720000,1.000000
1416.536987,110.000000,110.000000,-0.910000,4.000000,4.000000,0.000000,0.720000,1.000000
1416.541992,79.000000,79.000000,-0.650000,4.000000,4.000000,0.000000,1.440000,1.000000
1416.546997,46.000000,46.000000,-0.640000,4.000000,4.000000,0.000000,1.440000,1.000000
1416.552002,110.000000,110.000000,-0.650000,4.000000,4.000000,0.000000,1.440000,1.000000
1416.557007,123.000000,123.000000,-0.530000,4.000000,4.000000,0.000000,1.440000,1.000000
1416.562012,109.000000,109.000000,-0.330000,4.000000,4.000000,0.000000,1.440000,1.000000
1416.567017,86.000000,86.000000,-0.390000,4.000000,4.000000,0.000000,1.440000,1.000000
1416.572021,99.000000,99.000000,-0.370000,6.000000,6.000000,0.000000,1.440000,1.000000
1416.577026,102.000000,102.000000,-0.250000,6.000000,6.000000,0.000000,1.440000,1.000000
1416.582031,85.000000,85.000000,-0.030000,4.000000,4.000000,0.000000,2.170000,1.000000
1416.587036,60.000000,60.000000,-0.060000,4.000000,4.000000,0.000000,2.170000,1.000000
1416.592041,127.000000,127.000000,-0.050000,6.000000,6.000000,0.000000,1.440000,1.000000
1416.597046,137.000000,137.000000,0.050000,6.000000,6.000000,0.000000,1.440000,1.000000
1416.602051,71.000000,71.000000,0.230000,4.000000,4.000000,0.000000,2.170000,1.000000
1416.607056,51.000000,51.000000,0.170000,4.000000,4.000000,0.000000,2.170000,1.000000
1416.612061,119.000000,119.000000,0.130000,6.000000,8.000000,0.000000,1.440000,1.000000
1416.616943,128.000000,128.000000,0.260000,6.000000,8.000000,0.000000,1.440000,1.000000
1416.621948,54.000000,54.000000,0.410000,6.000000,6.000000,0.000000,2.530000,1.000000
1416.626953,31.000000,31.000000,0.370000,6.000000,6.000000,0.000000,2.530000,1.000000
1416.631958,119.000000,119.000000,0.370000,8.000000,8.000000,0.000000,2.170000,1.000000
1416.636963,121.000000,121.000000,0.500000,8.000000,8.000000,0.000000,2.170000,1.000000
1416.641968,75.000000,75.000000,0.650000,6.000000,6.000000,0.000000,2.890000,1.000000
1416.646973,58.000000,58.000000,0.640000,6.000000,6.000000,0.000000,2.890000,1.000000
1416.651978,118.000000,118.000000,0.660000,8.000000,8.000000,0.000000,2.170000,1.000000
1416.656982,121.000000,121.000000,0.780000,8.000000,8.000000,0.000000,2.170000,1.000000
1416.661987,51.000000,51.000000,0.960000,6.000000,6.000000,0.000000,2.890000,1.000000
1416.666992,31.000000,31.000000,0.890000,6.000000,6.000000,0.000000,2.890000,1.000000
1416.671997,96.000000,96.000000,0.930000,8.000000,6.000000,0.000000,2.170000,1.000000
1416.677002,96.000000,96.000000,1.040000,8.000000,6.000000,0.000000,2.170000,1.000000
1416.682007,23.000000,23.000000,1.240000,6.000000,4.000000,0.000000,2.530000,1.000000
1416.687012,0.000000,0.000000,1.220000,6.000000,4.000000,0.000000,2.530000,1.000000
1416.692017,36.000000,36.000000,1.280000,6.000000,8.000000,0.000000,1.810000,1.000000
1416.697021,39.000000,39.000000,1.360000,6.000000,8.000000,0.000000,1.810000,1.000000
1416.702026,-28.000000,-28.000000,1.530000,6.000000,6.000000,0.000000,2.530000,1.000000
1416.707031,-48.000000,-48.000000,1.690000,6.000000,6.000000,0.000000,2.530000,1.000000
1416.712036,-4.000000,-4.000000,1.760000,6.000000,6.000000,0.000000,2.170000,1.000000
1416.717041,0.000000,0.000000,1.870000,6.000000,6.000000,0.000000,2.170000,1.000000
1416.722046,-27.000000,-27.000000,1.940000,4.000000,4.000000,0.000000,2.170000,1.000000
1416.727051,-25.000000,-25.000000,2.060000,4.000000,4.000000,0.000000,2.170000,1.000000
1416.732056,-27.000000,-27.000000,2.130000,4.000000,4.000000,0.000000,1.440000,1.000000
1416.737061,-21.000000,-21.000000,2.160000,4.000000,4.000000,0.000000,1.440000,1.000000
1416.741943,-65.000000,-65.000000,2.160000,4.000000,4.000000,0.000000,1.440000,1.000000
1416.746948,-54.000000,-54.000000,2.180000,4.000000,4.000000,0.000000,1.440000,1.000000
1416.751953,-46.000000,-46.000000,2.190000,2.000000,2.000000,0.000000,1.440000,1.000000
1416.756958,-35.000000,-35.000000,2.110000,2.000000,2.000000,0.000000,1.440000,1.000000
1416.761963,-17.000000,-17.000000,2.020000,2.000000,2.000000,0.000000,0.720000,1.000000
1416.766968,1.000000,1.000000,1.980000,2.000000,2.000000,0.000000,0.720000,1.000000
1416.771973,-43.000000,-43.000000,1.940000,0.000000,0.000000,0.000000,0.720000,1.000000
1416.776978,-31.000000,-31.000000,1.800000,0.000000,0.000000,0.000000,0.720000,1.000000
1416.781982,-6.000000,-6.000000,1.600000,0.000000,0.000000,0.000000,0.000000,1.000000
1416.786987,20.000000,20.000000,1.460000,0.000000,0.000000,0.000000,0.000000,1.000000
1416.791992,-21.000000,-21.000000,1.330000,-2.000000,-2.000000,0.000000,0.000000,1.000000
1416.796997,-10.000000,-10.000000,1.140000,-2.000000,-2.000000,0.000000,0.000000,1.000000
1416.802002,5.000000,5.000000,0.990000,0.000000,0.000000,0.000000,-0.720000,1.000000
1416.807007,18.000000,18.000000,0.830000,0.000000,0.000000,0.000000,-0.720000,1.000000
1416.812012,-23.000000,-23.000000,0.680000,0.000000,0.000000,0.000000,0.000000,1.000000
1416.817017,-11.000000,-11.000000,0.540000,0.000000,0.000000,0.000000,0.000000,1.000000
1416.822021,53.000000,53.000000,0.390000,0.000000,0.000000,0.000000,0.000000,1.000000
1416.827026,64.000000,64.000000,0.220000,0.000000,0.000000,0.000000,0.000000,1.000000
1416.832031,77.000000,77.000000,0.070000,-2.000000,-2.000000,0.000000,0.000000,1.000000
1416.837036,89.000000,89.000000,-0.120000,-2.000000,-2.000000,0.000000,0.000000,1.000000
1416.842041,103.000000,103.000000,-0.270000,0.000000,0.000000,0.000000,-0.720000,1.000000
1416.847046,112.000000,112.000000,-0.540000,0.000000,0.000000,0.000000,-0.720000,1.000000
1416.852051,74.000000,74.000000,-0.670000,2.000000,2.000000,0.000000,0.000000,1.000000
1416.857056,74.000000,74.000000,-0.790000,2.000000,2.000000,0.000000,0.000000,1.000000
1416.862061,124.000000,124.000000,-0.840000,2.000000,0.000000,0.000000,0.720000,1.000000
1416.866943,115.000000,115.000000,-0.950000,2.000000,0.000000,0.000000,0.720000,1.000000
1416.871948,171.000000,171.000000,-1.030000,2.000000,2.000000,0.000000,0.360000,1.000000
1416.876953,174.000000,174.000000,-1.000000,2.000000,2.000000,0.000000,0.360000,1.000000
1416.881958,136.000000,136.000000,-1.010000,4.000000,2.000000,0.000000,0.720000,1.000000
1416.886963,131.000000,131.000000,-1.360000,4.000000,2.000000,0.000000,0.720000,1.000000
1416.891968,189.000000,189.000000,-1.430000,4.000000,4.000000,0.000000,1.080000,1.000000
1416.896973,180.000000,180.000000,-1.440000,4.000000,4.000000,0.000000,1.080000,1.000000
1416.901978,175.000000,175.000000,-1.210000,6.000000,4.000000,0.000000,1.440000,1.000000
1416.906982,130.000000,130.000000,-1.360000,6.000000,4.000000,0.000000,1.440000,1.000000
1416.911987,165.000000,165.000000,-1.340000,8.000000,6.000000,0.000000,1.810000,1.000000
1416.916992,165.000000,165.000000,-1.300000,8.000000,6.000000,0.000000,1.810000,1.000000
1416.921997,180.000000,180.000000,-1.060000,6.000000,6.000000,0.000000,2.530000,1.000000
1416.927002,145.000000,145.000000,-1.060000,6.000000,6.000000,0.000000,2.530000,1.000000
1416.932007,188.000000,188.000000,-0.990000,8.000000,8.000000,0.000000,2.170000,1.000000
1416.937012,179.000000,179.000000,-0.860000,8.000000,8.000000,0.000000,2.170000,1.000000
1416.942017,129.000000,129.000000,-0.550000,8.000000,6.000000,0.000000,2.890000,1.000000
1416.947021,93.000000,93.000000,-0.610000,8.000000,6.000000,0.000000,2.890000,1.000000
1416.952026,152.000000,152.000000,-0.520000,10.000000,10.000000,0.000000,2.530000,1.000000
1416.957031,144.000000,144.000000,-0.340000,10.000000,10.000000,0.000000,2.530000,1.000000
1416.962036,87.000000,87.000000,0.060000,8.000000,8.000000,0.000000,3.610000,1.000000
1416.967041,40.000000,40.000000,0.190000,8.000000,8.000000,0.000000,3.610000,1.000000
1416.972046,108.000000,108.000000,0.490000,10.000000,10.000000,0.000000,2.890000,1.000000
1416.977051,91.000000,91.000000,0.630000,10.000000,10.000000,0.000000,2.890000,1.000000
1416.982056,30.000000,30.000000,0.920000,8.000000,8.000000,0.000000,3.610000,1.000000
1416.987061,13.000000,13.000000,1.060000,8.000000,8.000000,0.000000,3.610000,1.000000
1416.991943,58.000000,58.000000,1.240000,10.000000,8.000000,0.000000,2.890000,1.000000
1416.996948,48.000000,48.000000,1.490000,10.000000,8.000000,0.000000,2.890000,1.000000
1417.001953,-29.000000,-29.000000,1.780000,8.000000,6.000000,0.000000,3.250000,1.000000
1417.006958,-46.000000,-46.000000,1.980000,8.000000,6.000000,0.000000,3.250000,1.000000
1417.011963,-25.000000,-25.000000,2.140000,8.000000,6.000000,0.000000,2.530000,1.000000
1417.016968,-23.000000,-23.000000,2.290000,8.000000,6.000000,0.000000,2.530000,1.000000
1417.021973,-78.000000,-78.000000,2.460000,4.000000,6.000000,0.000000,2.530000,1.000000
1417.026978,-83.000000,-83.000000,2.680000,4.000000,6.000000,0.000000,2.530000,1.000000
1417.031982,-95.000000,-95.000000,2.820000,6.000000,4.000000,0.000000,1.810000,1.000000
1417.036987,-90.000000,-90.000000,2.920000,6.000000,4.000000,0.000000,1.810000,1.000000
1417.041992,-134.000000,-134.000000,2.980000,4.000000,4.000000,0.000000,1.810000,1.000000
1417.046997,-123.000000,-123.000000,3.090000,4.000000,4.000000,0.000000,1.810000,1.000000
1417.052002,-115.000000,-115.000000,3.110000,2.000000,0.000000,0.000000,1.440000,1.000000
1417.057007,-99.000000,-99.000000,3.070000,2.000000,0.000000,0.000000,1.440000,1.000000
1417.062012,-100.000000,-100.000000,3.010000,0.000000,0.000000,0.000000,0.360000,1.000000
1417.067017,-83.000000,-83.000000,2.970000,0.000000,0.000000,0.000000,0.360000,1.000000
1417.072021,-150.000000,-150.000000,2.770000,-2.000000,0.000000,0.000000,0.000000,1.000000
1417.077026,-123.000000,-123.000000,2.650000,-2.000000,0.000000,0.000000,0.000000,1.000000
1417.082031,-138.000000,-138.000000,2.560000,-2.000000,-2.000000,0.000000,-0.360000,1.000000
1417.087036,-136.000000,-136.000000,2.700000,-2.000000,-2.000000,0.000000,-0.360000,1.000000
1417.092041,-174.000000,-174.000000,2.610000,-4.000000,-4.000000,0.000000,-0.720000,1.000000
1417.097046,-152.000000,-152.000000,2.430000,-4.000000,-4.000000,0.000000,-0.720000,1.000000
1417.102051,-135.000000,-135.000000,2.130000,-2.000000,-4.000000,0.000000,-1.440000,1.000000
1417.107056,-95.000000,-95.000000,2.180000,-2.000000,-4.000000,0.000000,-1.440000,1.000000
1417.112061,-144.000000,-144.000000,1.910000,-6.000000,-6.000000,0.000000,-1.080000,1.000000
1417.116943,-106.000000,-106.000000,1.710000,-6.000000,-6.000000,0.000000,-1.080000,1.000000
1417.121948,-41.000000,-41.000000,1.370000,-6.000000,-6.000000,0.000000,-2.170000,1.000000
1417.126953,-9.000000,-9.000000,1.260000,-6.000000,-6.000000,0.000000,-2.170000,1.000000
1417.131958,-70.000000,-70.000000,0.870000,-8.000000,-6.000000,0.000000,-2.170000,1.000000
1417.136963,-34.000000,-34.000000,0.460000,-8.000000,-6.000000,0.000000,-2.170000,1.000000
1417.141968,9.000000,9.000000,0.120000,-6.000000,-4.000000,0.000000,-2.530000,1.000000
1417.146973,37.000000,37.000000,-0.270000,-6.000000,-4.000000,0.000000,-2.530000,1.000000
1417.151978,37.000000,37.000000,-0.560000,-6.000000,-4.000000,0.000000,-1.810000,1.000000
1417.156982,52.000000,52.000000,-0.950000,-6.000000,-4.000000,0.000000,-1.810000,1.000000
1417.161987,133.000000,133.000000,-1.240000,-2.000000,-4.000000,0.000000,-1.810000,1.000000
1417.166992,151.000000,151.000000,-1.610000,-2.000000,-4.000000,0.000000,-1.810000,1.000000
1417.171997,172.000000,172.000000,-1.860000,-2.000000,-2.000000,0.000000,-1.080000,1.000000
1417.177002,181.000000,181.000000,-2.090000,-2.000000,-2.000000,0.000000,-1.080000,1.000000
1417.182007,240.000000,240.000000,-2.410000,-2.000000,-2.000000,0.000000,-0.720000,1.000000
1417.187012,260.000000,260.000000,-2.970000,-2.000000,-2.000000,0.000000,-0.720000,1.000000
1417.192017,320.000000,320.000000,-3.220000,2.000000,2.000000,0.000000,-0.720000,1.000000
1417.197021,307.000000,307.000000,-3.360000,2.000000,2.000000,0.000000,-0.720000,1.000000
1417.202026,269.000000,269.000000,-3.210000,2.000000,2.000000,0.000000,0.720000,1.000000
1417.207031,216.000000,216.000000,-3.430000,2.000000,2.000000,0.000000,0.720000,1.000000
1417.212036,335.000000,335.000000,-3.580000,8.000000,6.000000,0.000000,0.720000,1.000000
1417.217041,342.000000,342.000000,-3.720000,8.000000,6.000000,0.000000,0.720000,1.000000
1417.222046,323.000000,323.000000,-3.460000,8.000000,4.000000,0.000000,2.530000,1.000000
1417.227051,261.000000,261.000000,-3.470000,8.000000,4.000000,0.000000,2.530000,1.000000
1417.232056,371.000000,371.000000,-3.270000,12.000000,12.000000,0.000000,2.170000,1.000000
1417.237061,343.000000,343.000000,-3.250000,12.000000,12.000000,0.000000,2.170000,1.000000
1417.241943,299.000000,299.000000,-2.890000,10.000000,10.000000,0.000000,4.330000,1.000000
1417.246948,241.000000,241.000000,-2.830000,10.000000,10.000000,0.000000,4.330000,1.000000
1417.251953,377.000000,377.000000,-2.580000,16.000000,14.000000,0.000000,3.610000,1.000000
1417.256958,344.000000,344.000000,-2.260000,16.000000,14.000000,0.000000,3.610000,1.000000
1417.261963,241.000000,241.000000,-1.760000,12.000000,12.000000,0.000000,5.420000,1.000000
1417.266968,181.000000,181.000000,-1.600000,12.000000,12.000000,0.000000,5.420000,1.000000
1417.271973,295.000000,295.000000,-1.280000,18.000000,18.000000,0.000000,4.330000,1.000000
1417.276978,260.000000,260.000000,-0.940000,18.000000,18.000000,0.000000,4.330000,1.000000
1417.281982,132.000000,132.000000,-0.300000,16.000000,14.000000,0.000000,6.500000,1.000000
1417.286987,52.000000,52.000000,-0.020000,16.000000,14.000000,0.000000,6.500000,1.000000
1417.291992,184.000000,184.000000,0.680000,18.000000,18.000000,0.000000,5.420000,1.000000
1417.296997,124.000000,124.000000,1.270000,18.000000,18.000000,0.000000,5.420000,1.000000
1417.302002,-8.000000,-8.000000,1.970000,16.000000,14.000000,0.000000,6.500000,1.000000
1417.307007,-56.000000,-56.000000,2.280000,16.000000,14.000000,0.000000,6.500000,1.000000
1417.312012,10.000000,10.000000,2.950000,16.000000,14.000000,0.000000,5.420000,1.000000
1417.317017,-32.000000,-32.000000,3.410000,16.000000,14.000000,0.000000,5.420000,1.000000
1417.322021,-141.000000,-141.000000,3.950000,14.000000,12.000000,0.000000,5.420000,1.000000
1417.327026,-159.000000,-159.000000,4.420000,14.000000,12.000000,0.000000,5.420000,1.000000
1417.332031,-180.000000,-180.000000,4.790000,12.000000,10.000000,0.000000,4.690000,1.000000
1417.337036,-183.000000,-183.000000,5.180000,12.000000,10.000000,0.000000,4.690000,1.000000
1417.342041,-247.000000,-247.000000,5.550000,8.000000,8.000000,0.000000,3.970000,1.000000
1417.347046,-257.000000,-257.000000,6.050000,8.000000,8.000000,0.000000,3.970000,1.000000
1417.352051,-325.000000,-325.000000,6.260000,4.000000,4.000000,0.000000,2.890000,1.000000
1417.357056,-297.000000,-297.000000,6.430000,4.000000,4.000000,0.000000,2.890000,1.000000
1417.362061,-299.000000,-299.000000,6.410000,2.000000,2.000000,0.000000,1.440000,1.000000
1417.366943,-397.000000,-397.000000,6.640000,2.000000,2.000000,0.000000,1.440000,1.000000
1417.371948,-357.000000,-357.000000,6.590000,-2.000000,-4.000000,0.000000,0.720000,1.000000
1417.376953,-373.000000,-373.000000,6.590000,-2.000000,-4.000000,0.000000,0.720000,1.000000
1417.381958,-312.000000,-312.000000,6.300000,-2.000000,-4.000000,0.000000,-1.080000,1.000000
1417.386963,-426.000000,-426.000000,6.330000,-2.000000,-4.000000,0.000000,-1.080000,1.000000
1417.391968,-384.000000,-384.000000,6.170000,-10.000000,-10.000000,0.000000,-1.080000,1.000000
1417.396973,-325.000000,-325.000000,5.950000,-10.000000,-10.000000,0.000000,-1.080000,1.000000
1417.401978,-223.000000,-223.000000,5.330000,-8.000000,-8.000000,0.000000,-3.610000,1.000000
1417.406982,-369.000000,-369.000000,5.080000,-8.000000,-8.000000,0.000000,-3.610000,1.000000
1417.411987,-306.000000,-306.000000,4.540000,-12.000000,-14.000000,0.000000,-2.890000,1.000000
1417.416992,-201.000000,-201.000000,4.100000,-12.000000,-14.000000,0.000000,-2.890000,1.000000
1417.421997,-120.000000,-120.000000,3.440000,-10.000000,-14.000000,0.000000,-4.690000,1.000000
1417.427002,-206.000000,-206.000000,3.070000,-10.000000,-14.000000,0.000000,-4.690000,1.000000
1417.432007,-128.000000,-128.000000,2.390000,-16.000000,-18.000000,0.000000,-4.330000,1.000000
1417.437012,-34.000000,-34.000000,1.780000,-16.000000,-18.000000,0.000000,-4.330000,1.000000
1417.442017,54.000000,54.000000,0.900000,-14.000000,-14.000000,0.000000,-6.140000,1.000000
1417.447021,-33.000000,-33.000000,0.280000,-14.000000,-14.000000,0.000000,-6.140000,1.000000
1417.452026,39.000000,39.000000,-0.650000,-14.000000,-16.000000,0.000000,-5.050000,1.000000
1417.457031,183.000000,183.000000,-1.430000,-14.000000,-16.000000,0.000000,-5.050000,1.000000
1417.462036,228.000000,228.000000,-2.200000,-12.000000,-12.000000,0.000000,-5.420000,1.000000
1417.467041,263.000000,263.000000,-3.090000,-12.000000,-12.000000,0.000000,-5.420000,1.000000
1417.472046,304.000000,304.000000,-3.870000,-10.000000,-8.000000,0.000000,-4.330000,1.000000
1417.477051,415.000000,415.000000,-4.670000,-10.000000,-8.000000,0.000000,-4.330000,1.000000
1417.482056,412.000000,412.000000,-5.200000,-6.000000,-8.000000,0.000000,-3.250000,1.000000
1417.487061,515.000000,515.000000,-5.970000,-6.000000,-8.000000,0.000000,-3.250000,1.000000
1417.491943,507.000000,507.000000,-6.460000,0.000000,0.000000,0.000000,-2.530000,1.000000
1417.496948,541.000000,541.000000,-6.950000,0.000000,0.000000,0.000000,-2.530000,1.000000
1417.501953,490.000000,490.000000,-7.060000,0.000000,0.000000,0.000000,0.000000,1.000000
1417.506958,665.000000,665.000000,-7.430000,0.000000,0.000000,0.000000,0.000000,1.000000
1417.511963,671.000000,671.000000,-7.860000,8.000000,6.000000,0.000000,0.000000,1.000000
1417.516968,641.000000,641.000000,-8.140000,8.000000,6.000000,0.000000,0.000000,1.000000
1417.521973,560.000000,560.000000,-8.070000,8.000000,6.000000,0.000000,2.530000,1.000000
1417.526978,674.000000,674.000000,-7.870000,8.000000,6.000000,0.000000,2.530000,1.000000
1417.531982,637.000000,637.000000,-7.760000,14.000000,14.000000,0.000000,2.530000,1.000000
1417.536987,617.000000,617.000000,-7.910000,14.000000,14.000000,0.000000,2.530000,1.000000
1417.541992,504.000000,504.000000,-7.340000,18.000000,16.000000,0.000000,5.050000,1.000000
1417.546997,587.000000,587.000000,-6.760000,18.000000,16.000000,0.000000,5.050000,1.000000
1417.552002,510.000000,510.000000,-6.120000,24.000000,24.000000,0.000000,6.140000,1.000000
1417.557007,540.000000,540.000000,-5.620000,24.000000,24.000000,0.000000,6.140000,1.000000
1417.562012,448.000000,448.000000,-4.790000,24.000000,24.000000,0.000000,8.660000,1.000000
1417.567017,553.000000,553.000000,-3.980000,24.000000,24.000000,0.000000,8.660000,1.000000
1417.572021,501.000000,501.000000,-3.340000,28.000000,28.000000,0.000000,8.660000,1.000000
1417.577026,427.000000,427.000000,-2.430000,28.000000,28.000000,0.000000,8.660000,1.000000
1417.582031,353.000000,353.000000,-1.560000,26.000000,24.000000,0.000000,10.110000,1.000000
1417.587036,418.000000,418.000000,-0.830000,26.000000,24.000000,0.000000,10.110000,1.000000
1417.592041,398.000000,398.000000,-0.240000,30.000000,28.000000,0.000000,9.020000,1.000000
1417.597046,257.000000,257.000000,0.570000,30.000000,28.000000,0.000000,9.020000,1.000000
1417.602051,181.000000,181.000000,1.470000,28.000000,26.000000,0.000000,10.470000,1.000000
1417.607056,245.000000,245.000000,2.160000,28.000000,26.000000,0.000000,10.470000,1.000000
1417.612061,218.000000,218.000000,2.870000,32.000000,30.000000,0.000000,9.750000,1.000000
1417.616943,135.000000,135.000000,3.560000,32.000000,30.000000,0.000000,9.750000,1.000000
1417.621948,105.000000,105.000000,4.300000,26.000000,26.000000,0.000000,11.190000,1.000000
1417.626953,227.000000,227.000000,4.570000,26.000000,26.000000,0.000000,11.190000,1.000000
1417.631958,197.000000,197.000000,5.260000,26.000000,26.000000,0.000000,9.390000,1.000000
1417.636963,56.000000,56.000000,5.680000,26.000000,26.000000,0.000000,9.390000,1.000000
1417.641968,54.000000,54.000000,6.200000,22.000000,22.000000,0.000000,9.390000,1.000000
1417.646973,99.000000,99.000000,6.170000,22.000000,22.000000,0.000000,9.390000,1.000000
1417.651978,119.000000,119.000000,6.360000,22.000000,24.000000,0.000000,7.940000,1.000000
1417.656982,11.000000,11.000000,6.440000,22.000000,24.000000,0.000000,7.940000,1.000000
1417.661987,-2.000000,-2.000000,6.670000,20.000000,20.000000,0.000000,8.300000,1.000000
1417.666992,33.000000,33.000000,6.700000,20.000000,20.000000,0.000000,8.300000,1.000000
1417.671997,33.000000,33.000000,6.840000,20.000000,20.000000,0.000000,7.220000,1.000000
1417.677002,-40.000000,-40.000000,6.830000,20.000000,20.000000,0.000000,7.220000,1.000000
1417.682007,-38.000000,-38.000000,6.910000,16.000000,16.000000,0.000000,7.220000,1.000000
1417.687012,-40.000000,-40.000000,7.020000,16.000000,16.000000,0.000000,7.220000,1.000000
1417.692017,-28.000000,-28.000000,7.020000,14.000000,14.000000,0.000000,5.780000,1.000000
1417.697021,-128.000000,-128.000000,7.020000,14.000000,14.000000,0.000000,5.780000,1.000000
1417.702026,-117.000000,-117.000000,6.970000,12.000000,12.000000,0.000000,5.050000,1.000000
1417.707031,-168.000000,-168.000000,6.950000,12.000000,12.000000,0.000000,5.050000,1.000000
1417.712036,-155.000000,-155.000000,6.860000,10.000000,10.000000,0.000000,4.330000,1.000000
1417.717041,-196.000000,-196.000000,6.770000,10.000000,10.000000,0.000000,4.330000,1.000000
1417.722046,-186.000000,-186.000000,6.680000,8.000000,8.000000,0.000000,3.610000,1.000000
1417.727051,-250.000000,-250.000000,6.820000,8.000000,8.000000,0.000000,3.610000,1.000000
1417.732056,-222.000000,-222.000000,6.620000,4.000000,2.000000,0.000000,2.890000,1.000000
1417.737061,-258.000000,-258.000000,6.530000,4.000000,2.000000,0.000000,2.890000,1.000000
1417.741943,-245.000000,-245.000000,6.380000,2.000000,2.000000,0.000000,1.080000,1.000000
1417.746948,-389.000000,-389.000000,6.520000,2.000000,2.000000,0.000000,1.080000,1.000000
1417.751953,-348.000000,-348.000000,6.240000,-2.000000,0.000000,0.000000,0.720000,1.000000
1417.756958,-349.000000,-349.000000,6.040000,-2.000000,0.000000,0.000000,0.720000,1.000000
1417.761963,-331.000000,-331.000000,5.770000,-2.000000,-2.000000,0.000000,-0.360000,1.000000
1417.766968,-430.000000,-430.000000,5.880000,-2.000000,-2.000000,0.000000,-0.360000,1.000000
1417.771973,-418.000000,-418.000000,5.830000,-6.000000,-10.000000,0.000000,-0.720000,1.000000
1417.776978,-403.000000,-403.000000,5.590000,-6.000000,-10.000000,0.000000,-0.720000,1.000000
1417.781982,-338.000000,-338.000000,5.100000,-6.000000,-6.000000,0.000000,-2.890000,1.000000
1417.786987,-499.000000,-499.000000,4.990000,-6.000000,-6.000000,0.000000,-2.890000,1.000000
1417.791992,-500.000000,-500.000000,4.930000,-14.000000,-14.000000,0.000000,-2.170000,1.000000
1417.796997,-427.000000,-427.000000,4.820000,-14.000000,-14.000000,0.000000,-2.170000,1.000000
1417.802002,-354.000000,-354.000000,4.280000,-10.000000,-12.000000,0.000000,-5.050000,1.000000
1417.807007,-554.000000,-554.000000,4.110000,-10.000000,-12.000000,0.000000,-5.050000,1.000000
1417.812012,-548.000000,-548.000000,3.950000,-18.000000,-18.000000,0.000000,-3.970000,1.000000
1417.817017,-443.000000,-443.000000,3.690000,-18.000000,-18.000000,0.000000,-3.970000,1.000000
1417.822021,-392.000000,-392.000000,3.260000,-16.000000,-18.000000,0.000000,-6.500000,1.000000
1417.827026,-549.000000,-549.000000,2.980000,-16.000000,-18.000000,0.000000,-6.500000,1.000000
1417.832031,-526.000000,-526.000000,2.740000,-22.000000,-24.000000,0.000000,-6.140000,1.000000
1417.837036,-467.000000,-467.000000,2.420000,-22.000000,-24.000000,0.000000,-6.140000,1.000000
1417.842041,-421.000000,-421.000000,2.020000,-22.000000,-22.000000,0.000000,-8.300000,1.000000
1417.847046,-549.000000,-549.000000,1.830000,-22.000000,-22.000000,0.000000,-8.300000,1.000000
1417.852051,-523.000000,-523.000000,1.590000,-26.000000,-28.000000,0.000000,-7.940000,1.000000
1417.857056,-441.000000,-441.000000,1.150000,-26.000000,-28.000000,0.000000,-7.940000,1.000000
1417.862061,-369.000000,-369.000000,0.550000,-24.000000,-26.000000,0.000000,-9.750000,1.000000
1417.866943,-472.000000,-472.000000,0.300000,-24.000000,-26.000000,0.000000,-9.750000,1.000000
1417.871948,-436.000000,-436.000000,-0.090000,-30.000000,-30.000000,0.000000,-9.020000,1.000000
1417.876953,-324.000000,-324.000000,-0.650000,-30.000000,-30.000000,0.000000,-9.020000,1.000000
1417.881958,-279.000000,-279.000000,-1.170000,-26.000000,-28.000000,0.000000,-10.830000,1.000000
1417.886963,-391.000000,-391.000000,-1.440000,-26.000000,-28.000000,0.000000,-10.830000,1.000000
1417.891968,-357.000000,-357.000000,-1.780000,-30.000000,-32.000000,0.000000,-9.750000,1.000000
1417.896973,-205.000000,-205.000000,-2.380000,-30.000000,-32.000000,0.000000,-9.750000,1.000000
1417.901978,-124.000000,-124.000000,-3.140000,-26.000000,-28.000000,0.000000,-11.190000,1.000000
1417.906982,-205.000000,-205.000000,-3.500000,-26.000000,-28.000000,0.000000,-11.190000,1.000000
1417.911987,-146.000000,-146.000000,-4.160000,-30.000000,-32.000000,0.000000,-9.750000,1.000000
1417.916992,23.000000,23.000000,-4.820000,-30.000000,-32.000000,0.000000,-9.750000,1.000000
1417.921997,82.000000,82.000000,-5.590000,-24.000000,-26.000000,0.000000,-11.190000,1.000000
1417.927002,14.000000,14.000000,-6.270000,-24.000000,-26.000000,0.000000,-11.190000,1.000000
1417.932007,49.000000,49.000000,-6.970000,-24.000000,-26.000000,0.000000,-9.020000,1.000000
1417.937012,255.000000,255.000000,-7.770000,-24.000000,-26.000000,0.000000,-9.020000,1.000000
1417.942017,274.000000,274.000000,-8.430000,-22.000000,-22.000000,0.000000,-9.020000,1.000000
1417.947021,275.000000,275.000000,-9.120000,-22.000000,-22.000000,0.000000,-9.020000,1.000000
1417.952026,239.000000,239.000000,-9.460000,-18.000000,-18.000000,0.000000,-7.940000,1.000000
1417.957031,276.000000,276.000000,-9.600000,-18.000000,-18.000000,0.000000,-7.940000,1.000000
1417.962036,242.000000,242.000000,-9.700000,-14.000000,-16.000000,0.000000,-6.500000,1.000000
1417.967041,356.000000,356.000000,-10.060000,-14.000000,-16.000000,0.000000,-6.500000,1.000000
1417.972046,327.000000,327.000000,-10.180000,-6.000000,-8.000000,0.000000,-5.420000,1.000000
1417.977051,363.000000,363.000000,-10.320000,-6.000000,-8.000000,0.000000,-5.420000,1.000000
1417.982056,282.000000,282.000000,-10.020000,-4.000000,-8.000000,0.000000,-2.530000,1.000000
1417.987061,460.000000,460.000000,-10.040000,-4.000000,-8.000000,0.000000,-2.530000,1.000000
1417.991943,426.000000,426.000000,-10.030000,2.000000,0.000000,0.000000,-2.170000,1.000000
1417.996948,389.000000,389.000000,-9.790000,2.000000,0.000000,0.000000,-2.170000,1.000000
1418.001953,291.000000,291.000000,-9.210000,2.000000,0.000000,0.000000,0.360000,1.000000
1418.006958,417.000000,417.000000,-8.870000,2.000000,0.000000,0.000000,0.360000,1.000000
1418.011963,379.000000,379.000000,-8.630000,8.000000,8.000000,0.000000,0.360000,1.000000
1418.016968,307.000000,307.000000,-8.160000,8.000000,8.000000,0.000000,0.360000,1.000000
1418.021973,187.000000,187.000000,-7.330000,8.000000,8.000000,0.000000,2.890000,1.000000
1418.026978,285.000000,285.000000,-6.630000,8.000000,8.000000,0.000000,2.890000,1.000000
1418.031982,209.000000,209.000000,-5.830000,14.000000,14.000000,0.000000,2.890000,1.000000
1418.036987,140.000000,140.000000,-5.110000,14.000000,14.000000,0.000000,2.890000,1.000000
1418.041992,55.000000,55.000000,-4.230000,12.000000,12.000000,0.000000,5.050000,1.000000
1418.046997,162.000000,162.000000,-3.670000,12.000000,12.000000,0.000000,5.050000,1.000000
1418.052002,65.000000,65.000000,-2.620000,14.000000,16.000000,0.000000,4.330000,1.000000
1418.057007,-63.000000,-63.000000,-1.750000,14.000000,16.000000,0.000000,4.330000,1.000000
1418.062012,-142.000000,-142.000000,-0.660000,12.000000,12.000000,0.000000,5.420000,1.000000
1418.067017,-110.000000,-110.000000,0.130000,12.000000,12.000000,0.000000,5.420000,1.000000
1418.072021,-168.000000,-168.000000,1.100000,10.000000,10.000000,0.000000,4.330000,1.000000
1418.077026,-301.000000,-301.000000,1.940000,10.000000,10.000000,0.000000,4.330000,1.000000
1418.082031,-344.000000,-344.000000,2.800000,8.000000,8.000000,0.000000,3.610000,1.000000
1418.087036,-461.000000,-461.000000,3.870000,8.000000,8.000000,0.000000,3.610000,1.000000
1418.092041,-463.000000,-463.000000,4.510000,4.000000,4.000000,0.000000,2.890000,1.000000
1418.097046,-519.000000,-519.000000,5.170000,4.000000,4.000000,0.000000,2.890000,1.000000
1418.102051,-511.000000,-511.000000,5.610000,4.000000,4.000000,0.000000,1.440000,1.000000
1418.107056,-644.000000,-644.000000,6.300000,4.000000,4.000000,0.000000,1.440000,1.000000
1418.112061,-654.000000,-654.000000,6.930000,-6.000000,-4.000000,0.000000,1.440000,1.000000
1418.116943,-607.000000,-607.000000,7.260000,-6.000000,-4.000000,0.000000,1.440000,1.000000
1418.121948,-528.000000,-528.000000,7.310000,-4.000000,-4.000000,0.000000,-1.810000,1.000000
1418.126953,-712.000000,-712.000000,7.410000,-4.000000,-4.000000,0.000000,-1.810000,1.000000
1418.131958,-681.000000,-681.000000,7.530000,-12.000000,-12.000000,0.000000,-1.440000,1.000000
1418.136963,-621.000000,-621.000000,7.640000,-12.000000,-12.000000,0.000000,-1.440000,1.000000
1418.141968,-521.000000,-521.000000,7.340000,-16.000000,-14.000000,0.000000,-4.330000,1.000000
1418.146973,-646.000000,-646.000000,7.120000,-16.000000,-14.000000,0.000000,-4.330000,1.000000
1418.151978,-567.000000,-567.000000,6.710000,-20.000000,-20.000000,0.000000,-5.420000,1.000000
1418.156982,-590.000000,-590.000000,6.470000,-20.000000,-20.000000,0.000000,-5.420000,1.000000
1418.161987,-480.000000,-480.000000,5.810000,-22.000000,-24.000000,0.000000,-7.220000,1.000000
1418.166992,-525.000000,-525.000000,5.350000,-22.000000,-24.000000,0.000000,-7.220000,1.000000
1418.171997,-439.000000,-439.000000,4.670000,-28.000000,-28.000000,0.000000,-8.300000,1.000000
1418.177002,-431.000000,-431.000000,3.970000,-28.000000,-28.000000,0.000000,-8.300000,1.000000
1418.182007,-310.000000,-310.000000,2.890000,-26.000000,-28.000000,0.000000,-10.110000,1.000000
1418.187012,-373.000000,-373.000000,2.260000,-26.000000,-28.000000,0.000000,-10.110000,1.000000
1418.192017,-295.000000,-295.000000,1.420000,-30.000000,-32.000000,0.000000,-9.750000,1.000000
1418.197021,-161.000000,-161.000000,0.300000,-30.000000,-32.000000,0.000000,-9.750000,1.000000
1418.202026,-68.000000,-68.000000,-0.870000,-28.000000,-28.000000,0.000000,-11.190000,1.000000
1418.207031,-126.000000,-126.000000,-1.640000,-28.000000,-28.000000,0.000000,-11.190000,1.000000
1418.212036,-32.000000,-32.000000,-2.760000,-28.000000,-30.000000,0.000000,-10.110000,1.000000
1418.217041,129.000000,129.000000,-3.720000,-28.000000,-30.000000,0.000000,-10.110000,1.000000
1418.222046,210.000000,210.000000,-4.840000,-24.000000,-26.000000,0.000000,-10.470000,1.000000
1418.227051,247.000000,247.000000,-5.830000,-24.000000,-26.000000,0.000000,-10.470000,1.000000
1418.232056,321.000000,321.000000,-6.990000,-22.000000,-22.000000,0.000000,-9.020000,1.000000
1418.237061,503.000000,503.000000,-8.300000,-22.000000,-22.000000,0.000000,-9.020000,1.000000
1418.241943,524.000000,524.000000,-9.250000,-18.000000,-20.000000,0.000000,-7.940000,1.000000
1418.246948,616.000000,616.000000,-10.270000,-18.000000,-20.000000,0.000000,-7.940000,1.000000
1418.251953,576.000000,576.000000,-10.800000,-12.000000,-12.000000,0.000000,-6.860000,1.000000
1418.256958,603.000000,603.000000,-11.210000,-12.000000,-12.000000,0.000000,-6.860000,1.000000
1418.261963,551.000000,551.000000,-11.360000,-8.000000,-8.000000,0.000000,-4.330000,1.000000
1418.266968,741.000000,741.000000,-11.780000,-8.000000,-8.000000,0.000000,-4.330000,1.000000
1418.271973,762.000000,762.000000,-12.460000,0.000000,0.000000,0.000000,-2.890000,1.000000
1418.276978,800.000000,800.000000,-12.780000,0.000000,0.000000,0.000000,-2.890000,1.000000
1418.281982,716.000000,716.000000,-12.730000,4.000000,2.000000,0.000000,0.000000,1.000000
1418.286987,800.000000,800.000000,-12.450000,4.000000,2.000000,0.000000,0.000000,1.000000
1418.291992,770.000000,770.000000,-12.210000,12.000000,10.000000,0.000000,1.080000,1.000000
1418.296997,800.000000,800.000000,-12.420000,12.000000,10.000000,0.000000,1.080000,1.000000
1418.302002,726.000000,726.000000,-12.030000,16.000000,16.000000,0.000000,3.970000,1.000000
1418.307007,800.000000,800.000000,-11.580000,16.000000,16.000000,0.000000,3.970000,1.000000
1418.312012,705.000000,705.000000,-10.870000,22.000000,22.000000,0.000000,5.780000,1.000000
1418.317017,749.000000,749.000000,-10.280000,22.000000,22.000000,0.000000,5.780000,1.000000
1418.322021,644.000000,644.000000,-9.540000,24.000000,24.000000,0.000000,7.940000,1.000000
1418.327026,689.000000,689.000000,-8.720000,24.000000,24.000000,0.000000,7.940000,1.000000
1418.332031,564.000000,564.000000,-7.730000,30.000000,28.000000,0.000000,8.660000,1.000000
1418.337036,516.000000,516.000000,-6.910000,30.000000,28.000000,0.000000,8.660000,1.000000
1418.342041,367.000000,367.000000,-5.590000,32.000000,30.000000,0.000000,10.470000,1.000000
1418.347046,377.000000,377.000000,-4.430000,32.000000,30.000000,0.000000,10.470000,1.000000
1418.352051,264.000000,264.000000,-3.180000,34.000000,34.000000,0.000000,11.190000,1.000000
1418.357056,219.000000,219.000000,-1.980000,34.000000,34.000000,0.000000,11.190000,1.000000
1418.362061,105.000000,105.000000,-0.530000,34.000000,32.000000,0.000000,12.270000,1.000000
1418.366943,102.000000,102.000000,0.560000,34.000000,32.000000,0.000000,12.270000,1.000000
1418.371948,-15.000000,-15.000000,2.110000,34.000000,32.000000,0.000000,11.910000,1.000000
1418.376953,-149.000000,-149.000000,3.510000,34.000000,32.000000,0.000000,11.910000,1.000000
1418.381958,-261.000000,-261.000000,5.000000,30.000000,28.000000,0.000000,11.910000,1.000000
1418.386963,-361.000000,-361.000000,6.470000,30.000000,28.000000,0.000000,11.910000,1.000000
1418.391968,-440.000000,-440.000000,7.880000,26.000000,24.000000,0.000000,10.470000,1.000000
1418.396973,-598.000000,-598.000000,9.180000,26.000000,24.000000,0.000000,10.470000,1.000000
1418.401978,-628.000000,-628.000000,10.350000,22.000000,20.000000,0.000000,9.020000,1.000000
1418.406982,-754.000000,-754.000000,11.480000,22.000000,20.000000,0.000000,9.020000,1.000000
1418.411987,-737.000000,-737.000000,12.410000,12.000000,12.000000,0.000000,7.580000,1.000000
1418.416992,-791.000000,-791.000000,13.030000,12.000000,12.000000,0.000000,7.580000,1.000000
1418.421997,-713.000000,-713.000000,13.340000,10.000000,10.000000,0.000000,4.330000,1.000000
1418.427002,-800.000000,-800.000000,13.750000,10.000000,10.000000,0.000000,4.330000,1.000000
1418.432007,-800.000000,-800.000000,14.060000,-2.000000,-2.000000,0.000000,3.610000,1.000000
1418.437012,-800.000000,-800.000000,14.410000,-2.000000,-2.000000,0.000000,3.610000,1.000000
1418.442017,-798.000000,-798.000000,14.320000,-8.000000,-6.000000,0.000000,-0.720000,1.000000
1418.447021,-800.000000,-800.000000,14.270000,-8.000000,-6.000000,0.000000,-0.720000,1.000000
1418.452026,-800.000000,-800.000000,13.790000,-12.000000,-14.000000,0.000000,-2.530000,1.000000
1418.457031,-800.000000,-800.000000,13.460000,-12.000000,-14.000000,0.000000,-2.530000,1.000000
1418.462036,-800.000000,-800.000000,12.790000,-18.000000,-20.000000,0.000000,-4.690000,1.000000
1418.467041,-800.000000,-800.000000,12.360000,-18.000000,-20.000000,0.000000,-4.690000,1.000000
1418.472046,-800.000000,-800.000000,11.720000,-24.000000,-24.000000,0.000000,-6.860000,1.000000
1418.477051,-800.000000,-800.000000,11.140000,-24.000000,-24.000000,0.000000,-6.860000,1.000000
1418.482056,-755.000000,-755.000000,10.190000,-28.000000,-28.000000,0.000000,-8.660000,1.000000
1418.487061,-784.000000,-784.000000,9.480000,-28.000000,-28.000000,0.000000,-8.660000,1.000000
1418.491943,-664.000000,-664.000000,8.550000,-32.000000,-32.000000,0.000000,-10.110000,1.000000
1418.496948,-683.000000,-683.000000,7.720000,-32.000000,-32.000000,0.000000,-10.110000,1.000000
1418.501953,-534.000000,-534.000000,6.450000,-34.000000,-34.000000,0.000000,-11.550000,1.000000
1418.506958,-529.000000,-529.000000,5.390000,-34.000000,-34.000000,0.000000,-11.550000,1.000000
1418.511963,-433.000000,-433.000000,4.330000,-36.000000,-40.000000,0.000000,-12.270000,1.000000
1418.516968,-414.000000,-414.000000,3.460000,-36.000000,-40.000000,0.000000,-12.270000,0.000000
1418.521973,-306.000000,-306.000000,2.090000,-36.000000,-40.000000,0.000000,-13.720000,0.000000
1418.526978,-346.000000,-346.000000,1.200000,-36.000000,-40.000000,0.000000,-13.720000,0.000000
1418.531982,-254.000000,-254.000000,-0.010000,-38.000000,-42.000000,0.000000,-13.720000,0.000000
1418.536987,0.000000,0.000000,-1.360000,-38.000000,-42.000000,0.000000,-13.720000,0.000000
1418.541992,0.000000,0.000000,-2.760000,-34.000000,-38.000000,0.000000,-14.440000,0.000000
1418.546997,0.000000,0.000000,-4.060000,-34.000000,-38.000000,0.000000,-14.440000,0.000000
1418.552002,0.000000,0.000000,-5.400000,-34.000000,-38.000000,0.000000,-13.000000,0.000000
1418.557007,0.000000,0.000000,-6.660000,-34.000000,-38.000000,0.000000,-13.000000,0.000000
1418.562012,0.000000,0.000000,-7.980000,-34.000000,-36.000000,0.000000,-13.000000,0.000000
1418.567017,0.000000,0.000000,-9.290000,-34.000000,-36.000000,0.000000,-13.000000,0.000000
1418.572021,0.000000,0.000000,-10.570000,-34.000000,-34.000000,0.000000,-12.640000,0.000000
1418.577026,0.000000,0.000000,-11.820000,-34.000000,-34.000000,0.000000,-12.640000,0.000000
1418.582031,0.000000,0.000000,-12.950000,-32.000000,-34.000000,0.000000,-12.270000,0.000000
1418.587036,0.000000,0.000000,-14.120000,-32.000000,-34.000000,0.000000,-12.270000,0.000000
1418.592041,0.000000,0.000000,-15.250000,-32.000000,-36.000000,0.000000,-11.910000,0.000000
1418.597046,0.000000,0.000000,-16.360001,-32.000000,-36.000000,0.000000,-11.910000,0.000000
1418.602051,0.000000,0.000000,-17.540001,-32.000000,-36.000000,0.000000,-12.270000,0.000000
1418.607056,0.000000,0.000000,-18.780001,-32.000000,-36.000000,0.000000,-12.270000,0.000000
1418.612061,0.000000,0.000000,-19.920000,-32.000000,-34.000000,0.000000,-12.270000,0.000000
1418.616943,0.000000,0.000000,-21.049999,-32.000000,-34.000000,0.000000,-12.270000,0.000000
1418.621948,0.000000,0.000000,-22.250000,-32.000000,-34.000000,0.000000,-11.910000,0.000000
1418.626953,0.000000,0.000000,-23.389999,-32.000000,-34.000000,0.000000,-11.910000,0.000000
1418.631958,0.000000,0.000000,-24.629999,-32.000000,-34.000000,0.000000,-11.910000,0.000000
1418.636963,0.000000,0.000000,-25.959999,-32.000000,-34.000000,0.000000,-11.910000,0.000000
1418.641968,0.000000,0.000000,-27.129999,-32.000000,-34.000000,0.000000,-11.910000,0.000000
1418.646973,0.000000,0.000000,-28.290001,-32.000000,-34.000000,0.000000,-11.910000,0.000000
1418.651978,0.000000,0.000000,-29.459999,-30.000000,-34.000000,0.000000,-11.910000,0.000000
1418.656982,0.000000,0.000000,-30.670000,-30.000000,-34.000000,0.000000,-11.910000,0.000000
1418.661987,0.000000,0.000000,-31.959999,-30.000000,-32.000000,0.000000,-11.550000,0.000000
1418.666992,0.000000,0.000000,-33.090000,-30.000000,-32.000000,0.000000,-11.550000,0.000000
1418.671997,0.000000,0.000000,-34.450001,-30.000000,-32.000000,0.000000,-11.190000,0.000000
1418.677002,0.000000,0.000000,-35.689999,-30.000000,-32.000000,0.000000,-11.190000,0.000000
1418.682007,0.000000,0.000000,-36.980000,-28.000000,-32.000000,0.000000,-11.190000,0.000000
1418.687012,0.000000,0.000000,-38.299999,-28.000000,-32.000000,0.000000,-11.190000,0.000000
1418.692017,0.000000,0.000000,-39.770000,-28.000000,-32.000000,0.000000,-10.830000,0.000000
1418.697021,0.000000,0.000000,-41.500000,-28.000000,-32.000000,0.000000,-10.830000,0.000000
1418.702026,0.000000,0.000000,-42.740002,-28.000000,-32.000000,0.000000,-10.830000,0.000000
1418.707031,0.000000,0.000000,-43.480000,-28.000000,-32.000000,0.000000,-10.830000,0.000000
1418.712036,0.000000,0.000000,-43.330002,-28.000000,-30.000000,0.000000,-10.830000,0.000000
1418.717041,0.000000,0.000000,-42.680000,-28.000000,-30.000000,0.000000,-10.830000,0.000000
1418.722046,0.000000,0.000000,-42.080002,-26.000000,-30.000000,0.000000,-10.470000,0.000000
1418.727051,0.000000,0.000000,-40.880001,-26.000000,-30.000000,0.000000,-10.470000,0.000000
1418.732056,0.000000,0.000000,-40.189999,-24.000000,-30.000000,0.000000,-10.110000,0.000000
1418.737061,0.000000,0.000000,-40.130001,-24.000000,-30.000000,0.000000,-10.110000,0.000000
1418.741943,0.000000,0.000000,-39.650002,-24.000000,-28.000000,0.000000,-9.750000,0.000000
1418.746948,0.000000,0.000000,-40.009998,-24.000000,-28.000000,0.000000,-9.750000,0.000000
1418.751953,0.000000,0.000000,-39.939999,-22.000000,-28.000000,0.000000,-9.390000,0.000000
1418.756958,0.000000,0.000000,-40.320000,-22.000000,-28.000000,0.000000,-9.390000,0.000000
1418.761963,0.000000,0.000000,-40.529999,-22.000000,-28.000000,0.000000,-9.020000,0.000000
1418.766968,0.000000,0.000000,-40.500000,-22.000000,-28.000000,0.000000,-9.020000,0.000000
1418.771973,0.000000,0.000000,-40.570000,-22.000000,-26.000000,0.000000,-9.020000,0.000000
1418.776978,0.000000,0.000000,-40.689999,-22.000000,-26.000000,0.000000,-9.020000,0.000000
1418.781982,0.000000,0.000000,-40.730000,-20.000000,-26.000000,0.000000,-8.660000,0.000000
1418.786987,0.000000,0.000000,-40.720001,-20.000000,-26.000000,0.000000,-8.660000,0.000000
1418.791992,0.000000,0.000000,-40.860001,-20.000000,-26.000000,0.000000,-8.300000,0.000000
1418.796997,0.000000,0.000000,-40.759998,-20.000000,-26.000000,0.000000,-8.300000,0.000000
1418.802002,0.000000,0.000000,-40.630001,-20.000000,-24.000000,0.000000,-8.300000,0.000000
1418.807007,0.000000,0.000000,-40.730000,-20.000000,-24.000000,0.000000,-8.300000,0.000000
1418.812012,0.000000,0.000000,-40.590000,-18.000000,-24.000000,0.000000,-7.940000,0.000000
1418.817017,0.000000,0.000000,-40.900002,-18.000000,-24.000000,0.000000,-7.940000,0.000000
1418.822021,0.000000,0.000000,-41.150002,-18.000000,-22.000000,0.000000,-7.580000,0.000000
1418.827026,0.000000,0.000000,-41.509998,-18.000000,-22.000000,0.000000,-7.580000,0.000000
1418.832031,0.000000,0.000000,-41.790001,-18.000000,-22.000000,0.000000,-7.220000,0.000000
1418.837036,0.000000,0.000000,-42.000000,-18.000000,-22.000000,0.000000,-7.220000,0.000000
1418.842041,0.000000,0.000000,-42.139999,-18.000000,-22.000000,0.000000,-7.220000,0.000000
1418.847046,0.000000,0.000000,-42.369999,-18.000000,-22.000000,0.000000,-7.220000,0.000000
1418.852051,0.000000,0.000000,-42.529999,-18.000000,-20.000000,0.000000,-7.220000,0.000000
1418.857056,0.000000,0.000000,-42.639999,-18.000000,-20.000000,0.000000,-7.220000,0.000000
1418.862061,0.000000,0.000000,-42.740002,-18.000000,-20.000000,0.000000,-6.860000,0.000000
1418.866943,0.000000,0.000000,-42.779999,-18.000000,-20.000000,0.000000,-6.860000,0.000000
1418.871948,0.000000,0.000000,-42.849998,-16.000000,-20.000000,0.000000,-6.860000,0.000000
1418.876953,0.000000,0.000000,-42.980000,-16.000000,-20.000000,0.000000,-6.860000,0.000000
1418.881958,0.000000,0.000000,-43.119999,-16.000000,-20.000000,0.000000,-6.500000,0.000000
1418.886963,0.000000,0.000000,-43.250000,-16.000000,-20.000000,0.000000,-6.500000,0.000000
1418.891968,0.000000,0.000000,-43.389999,-16.000000,-20.000000,0.000000,-6.500000,0.000000
1418.896973,0.000000,0.000000,-43.480000,-16.000000,-20.000000,0.000000,-6.500000,0.000000
1418.901978,0.000000,0.000000,-43.590000,-16.000000,-20.000000,0.000000,-6.500000,0.000000
1418.906982,0.000000,0.000000,-43.730000,-16.000000,-20.000000,0.000000,-6.500000,0.000000
1418.911987,0.000000,0.000000,-43.900002,-16.000000,-20.000000,0.000000,-6.500000,0.000000
1418.916992,0.000000,0.000000,-44.080002,-16.000000,-20.000000,0.000000,-6.500000,0.000000
1418.921997,0.000000,0.000000,-44.240002,-16.000000,-18.000000,0.000000,-6.500000,0.000000
1418.927002,0.000000,0.000000,-44.380001,-16.000000,-18.000000,0.000000,-6.500000,0.000000
1418.932007,0.000000,0.000000,-44.549999,-14.000000,-18.000000,0.000000,-6.140000,0.000000
1418.937012,0.000000,0.000000,-44.680000,-14.000000,-18.000000,0.000000,-6.140000,0.000000
1418.942017,0.000000,0.000000,-44.830002,-14.000000,-20.000000,0.000000,-5.780000,0.000000
1418.947021,0.000000,0.000000,-44.959999,-14.000000,-20.000000,0.000000,-5.780000,0.000000
1418.952026,0.000000,0.000000,-45.110001,-14.000000,-18.000000,0.000000,-6.140000,0.000000
1418.957031,0.000000,0.000000,-45.259998,-14.000000,-18.000000,0.000000,-6.140000,0.000000
1418.962036,0.000000,0.000000,-45.410000,-12.000000,-18.000000,0.000000,-5.780000,0.000000
1418.967041,0.000000,0.000000,-45.590000,-12.000000,-18.000000,0.000000,-5.780000,0.000000
1418.972046,0.000000,0.000000,-45.740002,-14.000000,-16.000000,0.000000,-5.420000,0.000000
1418.977051,0.000000,0.000000,-45.900002,-14.000000,-16.000000,0.000000,-5.420000,0.000000
1418.982056,0.000000,0.000000,-46.049999,-12.000000,-18.000000,0.000000,-5.420000,0.000000
1418.987061,0.000000,0.000000,-46.160000,-12.000000,-18.000000,0.000000,-5.420000,0.000000
1418.991943,0.000000,0.000000,-46.299999,-12.000000,-16.000000,0.000000,-5.420000,0.000000
1418.996948,0.000000,0.000000,-46.419998,-12.000000,-16.000000,0.000000,-5.420000,0.000000
1419.001953,0.000000,0.000000,-46.509998,-10.000000,-16.000000,0.000000,-5.050000,0.000000
1419.006958,0.000000,0.000000,-46.610001,-10.000000,-16.000000,0.000000,-5.050000,0.000000
1419.011963,0.000000,0.000000,-46.730000,-10.000000,-16.000000,0.000000,-4.690000,0.000000
1419.016968,0.000000,0.000000,-46.799999,-10.000000,-16.000000,0.000000,-4.690000,0.000000
1419.021973,0.000000,0.000000,-46.889999,-10.000000,-16.000000,0.000000,-4.690000,0.000000
1419.026978,0.000000,0.000000,-46.970001,-10.000000,-16.000000,0.000000,-4.690000,0.000000
1419.031982,0.000000,0.000000,-47.070000,-10.000000,-14.000000,0.000000,-4.690000,0.000000
1419.036987,0.000000,0.000000,-47.150002,-10.000000,-14.000000,0.000000,-4.690000,0.000000
1419.041992,0.000000,0.000000,-47.250000,-10.000000,-16.000000,0.000000,-4.330000,0.000000
1419.046997,0.000000,0.000000,-47.369999,-10.000000,-16.000000,0.000000,-4.330000,0.000000
1419.052002,0.000000,0.000000,-47.389999,-10.000000,-14.000000,0.000000,-4.690000,0.000000
1419.057007,0.000000,0.000000,-47.240002,-10.000000,-14.000000,0.000000,-4.690000,0.000000
1419.062012,0.000000,0.000000,-47.200001,-8.000000,-12.000000,0.000000,-4.330000,0.000000
1419.067017,0.000000,0.000000,-47.330002,-8.000000,-12.000000,0.000000,-4.330000,0.000000
1419.072021,0.000000,0.000000,-47.610001,-8.000000,-12.000000,0.000000,-3.610000,0.000000
1419.077026,0.000000,0.000000,-47.740002,-8.000000,-12.000000,0.000000,-3.610000,0.000000
1419.082031,0.000000,0.000000,-47.939999,-8.000000,-10.000000,0.000000,-3.610000,0.000000
1419.087036,0.000000,0.000000,-47.950001,-8.000000,-10.000000,0.000000,-3.610000,0.000000
1419.092041,0.000000,0.000000,-47.950001,-8.000000,-12.000000,0.000000,-3.250000,0.000000
1419.097046,0.000000,0.000000,-48.020000,-8.000000,-12.000000,0.000000,-3.250000,0.000000
1419.102051,0.000000,0.000000,-48.180000,-8.000000,-12.000000,0.000000,-3.610000,0.000000
1419.107056,0.000000,0.000000,-48.240002,-8.000000,-12.000000,0.000000,-3.610000,0.000000
1419.112061,0.000000,0.000000,-48.380001,-8.000000,-8.000000,0.000000,-3.610000,0.000000
1419.116943,0.000000,0.000000,-48.500000,-8.000000,-8.000000,0.000000,-3.610000,0.000000
1419.121948,0.000000,0.000000,-48.639999,-8.000000,-10.000000,0.000000,-2.890000,0.000000
1419.126953,0.000000,0.000000,-48.799999,-8.000000,-10.000000,0.000000,-2.890000,0.000000
1419.131958,0.000000,0.000000,-49.040001,-8.000000,-8.000000,0.000000,-3.250000,0.000000
1419.136963,0.000000,0.000000,-49.180000,-8.000000,-8.000000,0.000000,-3.250000,0.000000
1419.141968,0.000000,0.000000,-49.310001,-6.000000,-8.000000,0.000000,-2.890000,0.000000
1419.146973,0.000000,0.000000,-49.439999,-6.000000,-8.000000,0.000000,-2.890000,0.000000
1419.151978,0.000000,0.000000,-49.590000,-6.000000,-8.000000,0.000000,-2.530000,0.000000
1419.156982,0.000000,0.000000,-49.759998,-6.000000,-8.000000,0.000000,-2.530000,0.000000
1419.161987,0.000000,0.000000,-49.810001,-6.000000,-6.000000,0.000000,-2.530000,0.000000
1419.166992,0.000000,0.000000,-49.799999,-6.000000,-6.000000,0.000000,-2.530000,0.000000
1419.171997,0.000000,0.000000,-49.919998,-4.000000,-6.000000,0.000000,-2.170000,0.000000
1419.177002,0.000000,0.000000,-49.959999,-4.000000,-6.000000,0.000000,-2.170000,0.000000
1419.182007,0.000000,0.000000,-50.029999,-4.000000,-4.000000,0.000000,-1.810000,0.000000
1419.187012,0.000000,0.000000,-50.090000,-4.000000,-4.000000,0.000000,-1.810000,0.000000
1419.192017,0.000000,0.000000,-50.169998,-6.000000,-4.000000,0.000000,-1.440000,0.000000
1419.197021,0.000000,0.000000,-50.310001,-6.000000,-4.000000,0.000000,-1.440000,0.000000
1419.202026,0.000000,0.000000,-50.459999,-4.000000,-4.000000,0.000000,-1.810000,0.000000
1419.207031,0.000000,0.000000,-50.570000,-4.000000,-4.000000,0.000000,-1.810000,0.000000
1419.212036,0.000000,0.000000,-50.669998,-4.000000,-4.000000,0.000000,-1.440000,0.000000
1419.217041,0.000000,0.000000,-50.779999,-4.000000,-4.000000,0.000000,-1.440000,0.000000
1419.222046,0.000000,0.000000,-50.869999,-4.000000,-2.000000,0.000000,-1.440000,0.000000
1419.227051,0.000000,0.000000,-50.990002,-4.000000,-2.000000,0.000000,-1.440000,0.000000
1419.232056,0.000000,0.000000,-51.080002,-4.000000,-2.000000,0.000000,-1.080000,0.000000
1419.237061,0.000000,0.000000,-51.139999,-4.000000,-2.000000,0.000000,-1.080000,0.000000
1419.241943,0.000000,0.000000,-51.240002,-2.000000,-2.000000,0.000000,-1.080000,0.000000
1419.246948,0.000000,0.000000,-51.330002,-2.000000,-2.000000,0.000000,-1.080000,0.000000
1419.251953,0.000000,0.000000,-51.410000,-2.000000,-2.000000,0.000000,-0.720000,0.000000
1419.256958,0.000000,0.000000,-51.509998,-2.000000,-2.000000,0.000000,-0.720000,0.000000
1419.261963,0.000000,0.000000,-51.570000,-2.000000,0.000000,0.000000,-0.720000,0.000000
1419.266968,0.000000,0.000000,-51.650002,-2.000000,0.000000,0.000000,-0.720000,0.000000
1419.271973,0.000000,0.000000,-51.740002,0.000000,0.000000,0.000000,-0.360000,0.000000
1419.276978,0.000000,0.000000,-51.810001,0.000000,0.000000,0.000000,-0.360000,0.000000
1419.281982,0.000000,0.000000,-51.910000,0.000000,0.000000,0.000000,0.000000,0.000000
1419.286987,0.000000,0.000000,-52.000000,0.000000,0.000000,0.000000,0.000000,0.000000
1419.291992,0.000000,0.000000,-52.080002,0.000000,0.000000,0.000000,0.000000,0.000000
1419.296997,0.000000,0.000000,-52.169998,0.000000,0.000000,0.000000,0.000000,0.000000
1419.302002,0.000000,0.000000,-52.240002,0.000000,0.000000,0.000000,0.000000,0.000000
1419.307007,0.000000,0.000000,-52.310001,0.000000,0.000000,0.000000,0.000000,0.000000
1419.312012,0.000000,0.000000,-52.380001,0.000000,0.000000,0.000000,0.000000,0.000000
1419.317017,0.000000,0.000000,-52.459999,0.000000,0.000000,0.000000,0.000000,0.000000
1419.322021,0.000000,0.000000,-52.540001,0.000000,0.000000,0.000000,0.000000,0.000000
1419.327026,0.000000,0.000000,-52.630001,0.000000,0.000000,0.000000,0.000000,0.000000
1419.332031,0.000000,0.000000,-52.709999,0.000000,0.000000,0.000000,0.000000,0.000000
1419.337036,0.000000,0.000000,-52.790001,0.000000,0.000000,0.000000,0.000000,0.000000
1419.342041,0.000000,0.000000,-52.880001,0.000000,0.000000,0.000000,0.000000,0.000000
1419.347046,0.000000,0.000000,-52.970001,0.000000,0.000000,0.000000,0.000000,0.000000
1419.352051,0.000000,0.000000,-53.040001,0.000000,0.000000,0.000000,0.000000,0.000000
1419.357056,0.000000,0.000000,-53.119999,0.000000,0.000000,0.000000,0.000000,0.000000
1419.362061,0.000000,0.000000,-53.200001,0.000000,0.000000,0.000000,0.000000,0.000000
1419.366943,0.000000,0.000000,-53.270000,0.000000,0.000000,0.000000,0.000000,0.000000
1419.371948,0.000000,0.000000,-53.349998,0.000000,0.000000,0.000000,0.000000,0.000000
1419.376953,0.000000,0.000000,-53.430000,0.000000,0.000000,0.000000,0.000000,0.000000
1419.381958,0.000000,0.000000,-53.509998,0.000000,0.000000,0.000000,0.000000,0.000000
1419.386963,0.000000,0.000000,-53.590000,0.000000,0.000000,0.000000,0.000000,0.000000
1419.391968,0.000000,0.000000,-53.660000,0.000000,0.000000,0.000000,0.000000,0.000000
1419.396973,0.000000,0.000000,-53.740002,0.000000,0.000000,0.000000,0.000000,0.000000
1419.401978,0.000000,0.000000,-53.810001,0.000000,0.000000,0.000000,0.000000,0.000000
1419.406982,0.000000,0.000000,-53.880001,0.000000,0.000000,0.000000,0.000000,0.000000
1419.411987,0.000000,0.000000,-53.950001,0.000000,0.000000,0.000000,0.000000,0.000000
1419.416992,0.000000,0.000000,-54.020000,0.000000,0.000000,0.000000,0.000000,0.000000
1419.421997,0.000000,0.000000,-54.090000,0.000000,0.000000,0.000000,0.000000,0.000000
1419.427002,0.000000,0.000000,-54.160000,0.000000,0.000000,0.000000,0.000000,0.000000
1419.432007,0.000000,0.000000,-54.220001,0.000000,0.000000,0.000000,0.000000,0.000000
1419.437012,0.000000,0.000000,-54.290001,0.000000,0.000000,0.000000,0.000000,0.000000
1419.442017,0.000000,0.000000,-54.349998,0.000000,0.000000,0.000000,0.000000,0.000000
1419.447021,0.000000,0.000000,-54.410000,0.000000,0.000000,0.000000,0.000000,0.000000
1419.452026,0.000000,0.000000,-54.480000,0.000000,0.000000,0.000000,0.000000,0.000000
1419.457031,0.000000,0.000000,-54.540001,0.000000,0.000000,0.000000,0.000000,0.000000
1419.462036,0.000000,0.000000,-54.610001,0.000000,0.000000,0.000000,0.000000,0.000000
1419.467041,0.000000,0.000000,-54.669998,0.000000,0.000000,0.000000,0.000000,0.000000
1419.472046,0.000000,0.000000,-54.740002,0.000000,0.000000,0.000000,0.000000,0.000000
1419.477051,0.000000,0.000000,-54.810001,0.000000,0.000000,0.000000,0.000000,0.000000
1419.482056,0.000000,0.000000,-54.869999,0.000000,0.000000,0.000000,0.000000,0.000000
1419.487061,0.000000,0.000000,-54.919998,0.000000,0.000000,0.000000,0.000000,0.000000
1419.491943,0.000000,0.000000,-54.990002,0.000000,0.000000,0.000000,0.000000,0.000000
1419.496948,0.000000,0.000000,-55.049999,0.000000,0.000000,0.000000,0.000000,0.000000
1419.501953,0.000000,0.000000,-55.099998,0.000000,0.000000,0.000000,0.000000,0.000000
1419.506958,0.000000,0.000000,-55.160000,0.000000,0.000000,0.000000,0.000000,0.000000
1419.511963,0.000000,0.000000,-55.230000,0.000000,0.000000,0.000000,0.000000,0.000000
1419.516968,0.000000,0.000000,-55.279999,0.000000,0.000000,0.000000,0.000000,0.000000
1419.521973,0.000000,0.000000,-55.340000,0.000000,0.000000,0.000000,0.000000,0.000000
1419.526978,0.000000,0.000000,-55.389999,0.000000,0.000000,0.000000,0.000000,0.000000
1419.531982,0.000000,0.000000,-55.450001,0.000000,0.000000,0.000000,0.000000,0.000000
1419.536987,0.000000,0.000000,-55.500000,0.000000,0.000000,0.000000,0.000000,0.000000
1419.541992,0.000000,0.000000,-55.549999,0.000000,0.000000,0.000000,0.000000,0.000000
1419.546997,0.000000,0.000000,-55.599998,0.000000,0.000000,0.000000,0.000000,0.000000
1419.552002,0.000000,0.000000,-55.660000,0.000000,0.000000,0.000000,0.000000,0.000000
1419.557007,0.000000,0.000000,-55.709999,0.000000,0.000000,0.000000,0.000000,0.000000
1419.562012,0.000000,0.000000,-55.759998,0.000000,0.000000,0.000000,0.000000,0.000000
1419.567017,0.000000,0.000000,-55.820000,0.000000,0.000000,0.000000,0.000000,0.000000
1419.572021,0.000000,0.000000,-55.869999,0.000000,0.000000,0.000000,0.000000,0.000000
1419.577026,0.000000,0.000000,-55.930000,0.000000,0.000000,0.000000,0.000000,0.000000
1419.582031,0.000000,0.000000,-55.980000,0.000000,0.000000,0.000000,0.000000,0.000000
1419.587036,0.000000,0.000000,-56.020000,0.000000,0.000000,0.000000,0.000000,0.000000
1419.592041,0.000000,0.000000,-56.070000,0.000000,0.000000,0.000000,0.000000,0.000000
1419.597046,0.000000,0.000000,-56.119999,0.000000,0.000000,0.000000,0.000000,0.000000
1419.602051,0.000000,0.000000,-56.169998,0.000000,0.000000,0.000000,0.000000,0.000000
1419.607056,0.000000,0.000000,-56.209999,0.000000,0.000000,0.000000,0.000000,0.000000
1419.612061,0.000000,0.000000,-56.259998,0.000000,0.000000,0.000000,0.000000,0.000000
1419.616943,0.000000,0.000000,-56.310001,0.000000,0.000000,0.000000,0.000000,0.000000
1419.621948,0.000000,0.000000,-56.360001,0.000000,0.000000,0.000000,0.000000,0.000000
1419.626953,0.000000,0.000000,-56.410000,0.000000,0.000000,0.000000,0.000000,0.000000
1419.631958,0.000000,0.000000,-56.450001,0.000000,0.000000,0.000000,0.000000,0.000000
1419.636963,0.000000,0.000000,-56.490002,0.000000,0.000000,0.000000,0.000000,0.000000
1419.641968,0.000000,0.000000,-56.540001,0.000000,0.000000,0.000000,0.000000,0.000000
1419.646973,0.000000,0.000000,-56.590000,0.000000,0.000000,0.000000,0.000000,0.000000
1419.651978,0.000000,0.000000,-56.639999,0.000000,0.000000,0.000000,0.000000,0.000000
1419.656982,0.000000,0.000000,-56.680000,0.000000,0.000000,0.000000,0.000000,0.000000
1419.661987,0.000000,0.000000,-56.730000,0.000000,0.000000,0.000000,0.000000,0.000000
1419.666992,0.000000,0.000000,-56.770000,0.000000,0.000000,0.000000,0.000000,0.000000
1419.671997,0.000000,0.000000,-56.799999,0.000000,0.000000,0.000000,0.000000,0.000000
1419.677002,0.000000,0.000000,-56.860001,0.000000,0.000000,0.000000,0.000000,0.000000
1419.682007,0.000000,0.000000,-56.889999,0.000000,0.000000,0.000000,0.000000,0.000000
1419.687012,0.000000,0.000000,-56.930000,0.000000,0.000000,0.000000,0.000000,0.000000
1419.692017,0.000000,0.000000,-56.970001,0.000000,0.000000,0.000000,0.000000,0.000000
1419.697021,0.000000,0.000000,-57.009998,0.000000,0.000000,0.000000,0.000000,0.000000
1419.702026,0.000000,0.000000,-57.060001,0.000000,0.000000,0.000000,0.000000,0.000000
1419.707031,0.000000,0.000000,-57.090000,0.000000,0.000000,0.000000,0.000000,0.000000
1419.712036,0.000000,0.000000,-57.130001,0.000000,0.000000,0.000000,0.000000,0.000000
1419.717041,0.000000,0.000000,-57.169998,0.000000,0.000000,0.000000,0.000000,0.000000
1419.722046,0.000000,0.000000,-57.209999,0.000000,0.000000,0.000000,0.000000,0.000000
1419.727051,0.000000,0.000000,-57.250000,0.000000,0.000000,0.000000,0.000000,0.000000
1419.732056,0.000000,0.000000,-57.279999,0.000000,0.000000,0.000000,0.000000,0.000000
1419.737061,0.000000,0.000000,-57.320000,0.000000,0.000000,0.000000,0.000000,0.000000
1419.741943,0.000000,0.000000,-57.360001,0.000000,0.000000,0.000000,0.000000,0.000000
1419.746948,0.000000,0.000000,-57.389999,0.000000,0.000000,0.000000,0.000000,0.000000
1419.751953,0.000000,0.000000,-57.430000,0.000000,0.000000,0.000000,0.000000,0.000000
1419.756958,0.000000,0.000000,-57.459999,0.000000,0.000000,0.000000,0.000000,0.000000
1419.761963,0.000000,0.000000,-57.490002,0.000000,0.000000,0.000000,0.000000,0.000000
1419.766968,0.000000,0.000000,-57.529999,0.000000,0.000000,0.000000,0.000000,0.000000
1419.771973,0.000000,0.000000,-57.570000,0.000000,0.000000,0.000000,0.000000,0.000000
1419.776978,0.000000,0.000000,-57.599998,0.000000,0.000000,0.000000,0.000000,0.000000
1419.781982,0.000000,0.000000,-57.630001,0.000000,0.000000,0.000000,0.000000,0.000000
1419.786987,0.000000,0.000000,-57.669998,0.000000,0.000000,0.000000,0.000000,0.000000
1419.791992,0.000000,0.000000,-57.709999,0.000000,0.000000,0.000000,0.000000,0.000000
1419.796997,0.000000,0.000000,-57.740002,0.000000,0.000000,0.000000,0.000000,0.000000
1419.802002,0.000000,0.000000,-57.770000,0.000000,0.000000,0.000000,0.000000,0.000000
1419.807007,0.000000,0.000000,-57.799999,0.000000,0.000000,0.000000,0.000000,0.000000
1419.812012,0.000000,0.000000,-57.840000,0.000000,0.000000,0.000000,0.000000,0.000000
1419.817017,0.000000,0.000000,-57.869999,0.000000,0.000000,0.000000,0.000000,0.000000
1419.822021,0.000000,0.000000,-57.900002,0.000000,0.000000,0.000000,0.000000,0.000000
1419.827026,0.000000,0.000000,-57.930000,0.000000,0.000000,0.000000,0.000000,0.000000
1419.832031,0.000000,0.000000,-57.959999,0.000000,0.000000,0.000000,0.000000,0.000000
1419.837036,0.000000,0.000000,-57.990002,0.000000,0.000000,0.000000,0.000000,0.000000
1419.842041,0.000000,0.000000,-58.020000,0.000000,0.000000,0.000000,0.000000,0.000000
1419.847046,0.000000,0.000000,-58.049999,0.000000,0.000000,0.000000,0.000000,0.000000
1419.852051,0.000000,0.000000,-58.080002,0.000000,0.000000,0.000000,0.000000,0.000000
1419.857056,0.000000,0.000000,-58.099998,0.000000,0.000000,0.000000,0.000000,0.000000
1419.862061,0.000000,0.000000,-58.130001,0.000000,0.000000,0.000000,0.000000,0.000000
1419.866943,0.000000,0.000000,-58.160000,0.000000,0.000000,0.000000,0.000000,0.000000
1419.871948,0.000000,0.000000,-58.189999,0.000000,0.000000,0.000000,0.000000,0.000000
1419.876953,0.000000,0.000000,-58.220001,0.000000,0.000000,0.000000,0.000000,0.000000
1419.881958,0.000000,0.000000,-58.240002,0.000000,0.000000,0.000000,0.000000,0.000000
1419.886963,0.000000,0.000000,-58.270000,0.000000,0.000000,0.000000,0.000000,0.000000
1419.891968,0.000000,0.000000,-58.299999,0.000000,0.000000,0.000000,0.000000,0.000000
1419.896973,0.000000,0.000000,-58.330002,0.000000,0.000000,0.000000,0.000000,0.000000
1419.901978,0.000000,0.000000,-58.360001,0.000000,0.000000,0.000000,0.000000,0.000000
1419.906982,0.000000,0.000000,-58.389999,0.000000,0.000000,0.000000,0.000000,0.000000
1419.911987,0.000000,0.000000,-58.410000,0.000000,0.000000,0.000000,0.000000,0.000000
1419.916992,0.000000,0.000000,-58.439999,0.000000,0.000000,0.000000,0.000000,0.000000
1419.921997,0.000000,0.000000,-58.459999,0.000000,0.000000,0.000000,0.000000,0.000000
1419.927002,0.000000,0.000000,-58.490002,0.000000,0.000000,0.000000,0.000000,0.000000
1419.932007,0.000000,0.000000,-58.520000,0.000000,0.000000,0.000000,0.000000,0.000000
1419.937012,0.000000,0.000000,-58.540001,0.000000,0.000000,0.000000,0.000000,0.000000
1419.942017,0.000000,0.000000,-58.560001,0.000000,0.000000,0.000000,0.000000,0.000000
1419.947021,0.000000,0.000000,-58.580002,0.000000,0.000000,0.000000,0.000000,0.000000
1419.952026,0.000000,0.000000,-58.610001,0.000000,0.000000,0.000000,0.000000,0.000000
1419.957031,0.000000,0.000000,-58.619999,0.000000,0.000000,0.000000,0.000000,0.000000
1419.962036,0.000000,0.000000,-58.650002,0.000000,0.000000,0.000000,0.000000,0.000000
1419.967041,0.000000,0.000000,-58.669998,0.000000,0.000000,0.000000,0.000000,0.000000
1419.972046,0.000000,0.000000,-58.689999,0.000000,0.000000,0.000000,0.000000,0.000000
1419.977051,0.000000,0.000000,-58.709999,0.000000,0.000000,0.000000,0.000000,0.000000
1419.982056,0.000000,0.000000,-58.740002,0.000000,0.000000,0.000000,0.000000,0.000000
1419.987061,0.000000,0.000000,-58.759998,0.000000,0.000000,0.000000,0.000000,0.000000
1419.991943,0.000000,0.000000,-58.779999,0.000000,0.000000,0.000000,0.000000,0.000000
1419.996948,0.000000,0.000000,-58.799999,0.000000,0.000000,0.000000,0.000000,0.000000
1420.001953,0.000000,0.000000,-58.820000,0.000000,0.000000,0.000000,0.000000,0.000000
1420.006958,0.000000,0.000000,-58.849998,0.000000,0.000000,0.000000,0.000000,0.000000
1420.011963,0.000000,0.000000,-58.880001,0.000000,0.000000,0.000000,0.000000,0.000000
1420.016968,0.000000,0.000000,-58.900002,0.000000,0.000000,0.000000,0.000000,0.000000
1420.021973,0.000000,0.000000,-58.919998,0.000000,0.000000,0.000000,0.000000,0.000000
1420.026978,0.000000,0.000000,-58.950001,0.000000,0.000000,0.000000,0.000000,0.000000
1420.031982,0.000000,0.000000,-59.000000,0.000000,0.000000,0.000000,0.000000,0.000000
1420.036987,0.000000,0.000000,-58.990002,0.000000,0.000000,0.000000,0.000000,0.000000
1420.041992,0.000000,0.000000,-58.930000,0.000000,0.000000,0.000000,0.000000,0.000000
1420.046997,0.000000,0.000000,-58.910000,0.000000,0.000000,0.000000,0.000000,0.000000
1420.052002,0.000000,0.000000,-58.919998,0.000000,0.000000,0.000000,0.000000,0.000000
1420.057007,0.000000,0.000000,-58.959999,0.000000,0.000000,0.000000,0.000000,0.000000
1420.062012,0.000000,0.000000,-59.009998,0.000000,0.000000,0.000000,0.000000,0.000000
1420.067017,0.000000,0.000000,-59.070000,0.000000,0.000000,0.000000,0.000000,0.000000
1420.072021,0.000000,0.000000,-59.099998,0.000000,0.000000,0.000000,0.000000,0.000000
1420.077026,0.000000,0.000000,-59.119999,0.000000,0.000000,0.000000,0.000000,0.000000
1420.082031,0.000000,0.000000,-59.119999,0.000000,0.000000,0.000000,0.000000,0.000000
1420.087036,0.000000,0.000000,-59.119999,0.000000,0.000000,0.000000,0.000000,0.000000
1420.092041,0.000000,0.000000,-59.110001,0.000000,0.000000,0.000000,0.000000,0.000000
1420.097046,0.000000,0.000000,-59.130001,0.000000,0.000000,0.000000,0.000000,0.000000
1420.102051,0.000000,0.000000,-59.180000,0.000000,0.000000,0.000000,0.000000,0.000000
1420.107056,0.000000,0.000000,-59.230000,0.000000,0.000000,0.000000,0.000000,0.000000
1420.112061,0.000000,0.000000,-59.250000,0.000000,0.000000,0.000000,0.000000,0.000000
1420.116943,0.000000,0.000000,-59.259998,0.000000,0.000000,0.000000,0.000000,0.000000
1420.121948,0.000000,0.000000,-59.250000,0.000000,0.000000,0.000000,0.000000,0.000000
1420.126953,0.000000,0.000000,-59.259998,0.000000,0.000000,0.000000,0.000000,0.000000
1420.131958,0.000000,0.000000,-59.209999,0.000000,0.000000,0.000000,0.000000,0.000000
1420.136963,0.000000,0.000000,-59.189999,0.000000,0.000000,0.000000,0.000000,0.000000
1420.141968,0.000000,0.000000,-59.209999,0.000000,0.000000,0.000000,0.000000,0.000000
1420.146973,0.000000,0.000000,-59.250000,0.000000,0.000000,0.000000,0.000000,0.000000
1420.151978,0.000000,0.000000,-59.240002,0.000000,0.000000,0.000000,0.000000,0.000000
1420.156982,0.000000,0.000000,-59.330002,0.000000,0.000000,0.000000,0.000000,0.000000
1420.161987,0.000000,0.000000,-59.389999,0.000000,0.000000,0.000000,0.000000,0.000000
1420.166992,0.000000,0.000000,-59.389999,0.000000,0.000000,0.000000,0.000000,0.000000
1420.171997,0.000000,0.000000,-59.369999,0.000000,0.000000,0.000000,0.000000,0.000000
1420.177002,0.000000,0.000000,-59.369999,0.000000,0.000000,0.000000,0.000000,0.000000
1420.182007,0.000000,0.000000,-59.400002,0.000000,0.000000,0.000000,0.000000,0.000000
1420.187012,0.000000,0.000000,-59.430000,0.000000,0.000000,0.000000,0.000000,0.000000
1420.192017,0.000000,0.000000,-59.480000,0.000000,0.000000,0.000000,0.000000,0.000000
1420.197021,0.000000,0.000000,-59.509998,0.000000,0.000000,0.000000,0.000000,0.000000
1420.202026,0.000000,0.000000,-59.509998,0.000000,0.000000,0.000000,0.000000,0.000000
1420.207031,0.000000,0.000000,-59.490002,0.000000,0.000000,0.000000,0.000000,0.000000
1420.212036,0.000000,0.000000,-59.500000,0.000000,0.000000,0.000000,0.000000,0.000000
1420.217041,0.000000,0.000000,-59.480000,0.000000,0.000000,0.000000,0.000000,0.000000
1420.222046,0.000000,0.000000,-59.459999,0.000000,0.000000,0.000000,0.000000,0.000000
1420.227051,0.000000,0.000000,-59.450001,0.000000,0.000000,0.000000,0.000000,0.000000
1420.232056,0.000000,0.000000,-59.459999,0.000000,0.000000,0.000000,0.000000,0.000000
1420.237061,0.000000,0.000000,-59.459999,0.000000,0.000000,0.000000,0.000000,0.000000
1420.241943,0.000000,0.000000,-59.470001,0.000000,0.000000,0.000000,0.000000,0.000000
1420.246948,0.000000,0.000000,-59.459999,0.000000,0.000000,0.000000,0.000000,0.000000
1420.251953,0.000000,0.000000,-59.439999,0.000000,0.000000,0.000000,0.000000,0.000000
1420.256958,0.000000,0.000000,-59.410000,0.000000,0.000000,0.000000,0.000000,0.000000
1420.261963,0.000000,0.000000,-59.389999,0.000000,0.000000,0.000000,0.000000,0.000000
1420.266968,0.000000,0.000000,-59.380001,0.000000,0.000000,0.000000,0.000000,0.000000
1420.271973,0.000000,0.000000,-59.369999,0.000000,0.000000,0.000000,0.000000,0.000000
1420.276978,0.000000,0.000000,-59.360001,0.000000,0.000000,0.000000,0.000000,0.000000
1420.281982,0.000000,0.000000,-59.369999,0.000000,0.000000,0.000000,0.000000,0.000000
1420.286987,0.000000,0.000000,-59.380001,0.000000,0.000000,0.000000,0.000000,0.000000
1420.291992,0.000000,0.000000,-59.389999,0.000000,0.000000,0.000000,0.000000,0.000000
1420.296997,0.000000,0.000000,-59.400002,0.000000,0.000000,0.000000,0.000000,0.000000
1420.302002,0.000000,0.000000,-59.389999,0.000000,0.000000,0.000000,0.000000,0.000000
1420.307007,0.000000,0.000000,-59.380001,0.000000,0.000000,0.000000,0.000000,0.000000
1420.312012,0.000000,0.000000,-59.360001,0.000000,0.000000,0.000000,0.000000,0.000000
1420.317017,0.000000,0.000000,-59.310001,0.000000,0.000000,0.000000,0.000000,0.000000
1420.322021,0.000000,0.000000,-59.259998,0.000000,0.000000,0.000000,0.000000,0.000000
1420.327026,0.000000,0.000000,-59.189999,0.000000,0.000000,0.000000,0.000000,0.000000
1420.332031,0.000000,0.000000,-59.130001,0.000000,0.000000,0.000000,0.000000,0.000000
1420.337036,0.000000,0.000000,-59.029999,0.000000,0.000000,0.000000,0.000000,0.000000
1420.342041,0.000000,0.000000,-58.930000,0.000000,0.000000,0.000000,0.000000,0.000000
1420.347046,0.000000,0.000000,-58.820000,0.000000,0.000000,0.000000,0.000000,0.000000
1420.352051,0.000000,0.000000,-58.689999,0.000000,0.000000,0.000000,0.000000,0.000000
1420.357056,0.000000,0.000000,-58.529999,0.000000,0.000000,0.000000,0.000000,0.000000
1420.362061,0.000000,0.000000,-58.369999,0.000000,0.000000,0.000000,0.000000,0.000000
1420.366943,0.000000,0.000000,-58.189999,0.000000,0.000000,0.000000,0.000000,0.000000
1420.371948,0.000000,0.000000,-58.029999,0.000000,0.000000,0.000000,0.000000,0.000000
1420.376953,0.000000,0.000000,-57.820000,0.000000,0.000000,0.000000,0.000000,0.000000
1420.381958,0.000000,0.000000,-57.570000,0.000000,0.000000,0.000000,0.000000,0.000000
1420.386963,0.000000,0.000000,-57.290001,0.000000,0.000000,0.000000,0.000000,0.000000
1420.391968,0.000000,0.000000,-57.000000,0.000000,0.000000,0.000000,0.000000,0.000000
1420.396973,0.000000,0.000000,-56.689999,0.000000,0.000000,0.000000,0.000000,0.000000
1420.401978,0.000000,0.000000,-56.360001,0.000000,0.000000,0.000000,0.000000,0.000000
1420.406982,0.000000,0.000000,-56.020000,0.000000,0.000000,0.000000,0.000000,0.000000
1420.411987,0.000000,0.000000,-55.660000,0.000000,0.000000,0.000000,0.000000,0.000000
1420.416992,0.000000,0.000000,-55.279999,0.000000,0.000000,0.000000,0.000000,0.000000
1420.421997,0.000000,0.000000,-54.869999,2.000000,0.000000,0.000000,0.000000,0.000000
1420.427002,0.000000,0.000000,-54.450001,2.000000,0.000000,0.000000,0.000000,0.000000
1420.432007,0.000000,0.000000,-53.990002,0.000000,0.000000,0.000000,0.360000,0.000000
1420.437012,0.000000,0.000000,-53.529999,0.000000,0.000000,0.000000,0.360000,0.000000
1420.442017,0.000000,0.000000,-53.049999,0.000000,0.000000,0.000000,0.000000,0.000000
1420.447021,0.000000,0.000000,-52.540001,0.000000,0.000000,0.000000,0.000000,0.000000
1420.452026,0.000000,0.000000,-52.040001,0.000000,0.000000,0.000000,0.000000,0.000000
1420.457031,0.000000,0.000000,-51.520000,0.000000,0.000000,0.000000,0.000000,0.000000
1420.462036,0.000000,0.000000,-50.970001,0.000000,0.000000,0.000000,0.000000,0.000000
1420.467041,0.000000,0.000000,-50.380001,0.000000,0.000000,0.000000,0.000000,0.000000
1420.472046,0.000000,0.000000,-49.759998,0.000000,0.000000,0.000000,0.000000,0.000000
1420.477051,0.000000,0.000000,-49.139999,0.000000,0.000000,0.000000,0.000000,0.000000
1420.482056,0.000000,0.000000,-48.459999,0.000000,0.000000,0.000000,0.000000,0.000000
1420.487061,0.000000,0.000000,-47.720001,0.000000,0.000000,0.000000,0.000000,0.000000
1420.491943,0.000000,0.000000,-46.950001,0.000000,0.000000,0.000000,0.000000,0.000000
1420.496948,0.000000,0.000000,-46.169998,0.000000,0.000000,0.000000,0.000000,0.000000
1420.501953,0.000000,0.000000,-45.360001,0.000000,0.000000,0.000000,0.000000,0.000000
1420.506958,0.000000,0.000000,-44.540001,0.000000,0.000000,0.000000,0.000000,0.000000
1420.511963,0.000000,0.000000,-43.720001,0.000000,0.000000,0.000000,0.000000,0.000000
1420.516968,0.000000,0.000000,-42.900002,0.000000,0.000000,0.000000,0.000000,0.000000
1420.521973,0.000000,0.000000,-42.099998,0.000000,0.000000,0.000000,0.000000,0.000000
1420.526978,0.000000,0.000000,-41.320000,0.000000,0.000000,0.000000,0.000000,0.000000
1420.531982,0.000000,0.000000,-40.590000,0.000000,0.000000,0.000000,0.000000,0.000000
1420.536987,0.000000,0.000000,-39.919998,0.000000,0.000000,0.000000,0.000000,0.000000
1420.541992,0.000000,0.000000,-39.299999,0.000000,0.000000,0.000000,0.000000,0.000000
1420.546997,0.000000,0.000000,-38.750000,0.000000,0.000000,0.000000,0.000000,0.000000
1420.552002,0.000000,0.000000,-38.270000,0.000000,0.000000,0.000000,0.000000,0.000000
1420.557007,0.000000,0.000000,-37.830002,0.000000,0.000000,0.000000,0.000000,0.000000
1420.562012,0.000000,0.000000,-37.430000,0.000000,0.000000,0.000000,0.000000,0.000000
1420.567017,0.000000,0.000000,-37.080002,0.000000,0.000000,0.000000,0.000000,0.000000
1420.572021,0.000000,0.000000,-36.799999,0.000000,0.000000,0.000000,0.000000,0.000000
1420.577026,0.000000,0.000000,-36.560001,0.000000,0.000000,0.000000,0.000000,0.000000
1420.582031,0.000000,0.000000,-36.389999,0.000000,0.000000,0.000000,0.000000,0.000000
1420.587036,0.000000,0.000000,-36.270000,0.000000,0.000000,0.000000,0.000000,0.000000
1420.592041,0.000000,0.000000,-36.180000,0.000000,0.000000,0.000000,0.000000,0.000000
1420.597046,0.000000,0.000000,-36.130001,0.000000,0.000000,0.000000,0.000000,0.000000
1420.602051,0.000000,0.000000,-36.110001,0.000000,0.000000,0.000000,0.000000,0.000000
1420.607056,0.000000,0.000000,-36.099998,0.000000,0.000000,0.000000,0.000000,0.000000
1420.612061,0.000000,0.000000,-36.130001,0.000000,0.000000,0.000000,0.000000,0.000000
1420.616943,0.000000,0.000000,-36.169998,0.000000,0.000000,0.000000,0.000000,0.000000
1420.621948,0.000000,0.000000,-36.230000,0.000000,0.000000,0.000000,0.000000,0.000000
1420.626953,0.000000,0.000000,-36.279999,0.000000,0.000000,0.000000,0.000000,0.000000
1420.631958,0.000000,0.000000,-36.360001,0.000000,0.000000,0.000000,0.000000,0.000000
1420.636963,0.000000,0.000000,-36.439999,0.000000,0.000000,0.000000,0.000000,0.000000
1420.641968,0.000000,0.000000,-36.529999,0.000000,0.000000,0.000000,0.000000,0.000000
1420.646973,0.000000,0.000000,-36.599998,0.000000,0.000000,0.000000,0.000000,0.000000
1420.651978,0.000000,0.000000,-36.669998,0.000000,0.000000,0.000000,0.000000,0.000000
1420.656982,0.000000,0.000000,-36.730000,0.000000,0.000000,0.000000,0.000000,0.000000
1420.661987,0.000000,0.000000,-36.779999,0.000000,0.000000,0.000000,0.000000,0.000000
1420.666992,0.000000,0.000000,-36.820000,0.000000,0.000000,0.000000,0.000000,0.000000
1420.671997,0.000000,0.000000,-36.830002,0.000000,0.000000,0.000000,0.000000,0.000000
1420.677002,0.000000,0.000000,-36.830002,0.000000,0.000000,0.000000,0.000000,0.000000
1420.682007,0.000000,0.000000,-36.799999,0.000000,0.000000,0.000000,0.000000,0.000000
1420.687012,0.000000,0.000000,-36.730000,0.000000,0.000000,0.000000,0.000000,0.000000
1420.692017,0.000000,0.000000,-36.639999,0.000000,0.000000,0.000000,0.000000,0.000000
1420.697021,0.000000,0.000000,-36.520000,0.000000,0.000000,0.000000,0.000000,0.000000
1420.702026,0.000000,0.000000,-36.369999,0.000000,0.000000,0.000000,0.000000,0.000000
1420.707031,0.000000,0.000000,-36.200001,0.000000,0.000000,0.000000,0.000000,0.000000
1420.712036,0.000000,0.000000,-36.020000,0.000000,0.000000,0.000000,0.000000,0.000000
1420.717041,0.000000,0.000000,-35.820000,0.000000,0.000000,0.000000,0.000000,0.000000
1420.722046,0.000000,0.000000,-35.610001,0.000000,0.000000,0.000000,0.000000,0.000000
1420.727051,0.000000,0.000000,-35.380001,0.000000,0.000000,0.000000,0.000000,0.000000
1420.732056,0.000000,0.000000,-35.119999,0.000000,0.000000,0.000000,0.000000,0.000000
1420.737061,0.000000,0.000000,-34.820000,0.000000,0.000000,0.000000,0.000000,0.000000
1420.741943,0.000000,0.000000,-34.480000,0.000000,0.000000,0.000000,0.000000,0.000000
1420.746948,0.000000,0.000000,-34.130001,0.000000,0.000000,0.000000,0.000000,0.000000
1420.751953,0.000000,0.000000,-33.770000,0.000000,0.000000,0.000000,0.000000,0.000000
1420.756958,0.000000,0.000000,-33.400002,0.000000,0.000000,0.000000,0.000000,0.000000
1420.761963,0.000000,0.000000,-32.990002,0.000000,0.000000,0.000000,0.000000,0.000000
1420.766968,0.000000,0.000000,-32.549999,0.000000,0.000000,0.000000,0.000000,0.000000
1420.771973,0.000000,0.000000,-32.080002,0.000000,0.000000,0.000000,0.000000,0.000000
1420.776978,0.000000,0.000000,-31.530001,0.000000,0.000000,0.000000,0.000000,0.000000
1420.781982,0.000000,0.000000,-30.930000,0.000000,0.000000,0.000000,0.000000,0.000000
1420.786987,0.000000,0.000000,-30.340000,0.000000,0.000000,0.000000,0.000000,0.000000
1420.791992,0.000000,0.000000,-29.740000,0.000000,0.000000,0.000000,0.000000,0.000000
1420.796997,0.000000,0.000000,-29.139999,0.000000,0.000000,0.000000,0.000000,0.000000
1420.802002,0.000000,0.000000,-28.480000,0.000000,0.000000,0.000000,0.000000,0.000000
1420.807007,0.000000,0.000000,-27.820000,0.000000,0.000000,0.000000,0.000000,0.000000
1420.812012,0.000000,0.000000,-27.160000,0.000000,0.000000,0.000000,0.000000,0.000000
1420.817017,0.000000,0.000000,-26.440001,0.000000,0.000000,0.000000,0.000000,0.000000
1420.822021,0.000000,0.000000,-25.709999,0.000000,0.000000,0.000000,0.000000,0.000000
1420.827026,0.000000,0.000000,-25.000000,0.000000,0.000000,0.000000,0.000000,0.000000
1420.832031,0.000000,0.000000,-24.280001,0.000000,0.000000,0.000000,0.000000,0.000000
1420.837036,0.000000,0.000000,-23.629999,0.000000,0.000000,0.000000,0.000000,0.000000
1420.842041,0.000000,0.000000,-23.059999,0.000000,0.000000,0.000000,0.000000,0.000000
1420.847046,0.000000,0.000000,-22.530001,0.000000,0.000000,0.000000,0.000000,0.000000
1420.852051,0.000000,0.000000,-22.100000,0.000000,0.000000,0.000000,0.000000,0.000000
1420.857056,0.000000,0.000000,-21.809999,0.000000,0.000000,0.000000,0.000000,0.000000
1420.862061,0.000000,0.000000,-21.629999,0.000000,0.000000,0.000000,0.000000,0.000000
1420.866943,0.000000,0.000000,-21.530001,0.000000,0.000000,0.000000,0.000000,0.000000
1420.871948,0.000000,0.000000,-21.540001,0.000000,0.000000,0.000000,0.000000,0.000000
1420.876953,0.000000,0.000000,-21.670000,0.000000,0.000000,0.000000,0.000000,0.000000
1420.881958,0.000000,0.000000,-21.990000,0.000000,0.000000,0.000000,0.000000,0.000000
1420.886963,0.000000,0.000000,-22.430000,0.000000,0.000000,0.000000,0.000000,0.000000
1420.891968,0.000000,0.000000,-22.830000,0.000000,0.000000,0.000000,0.000000,0.000000
1420.896973,0.000000,0.000000,-23.209999,0.000000,0.000000,0.000000,0.000000,0.000000
1420.901978,0.000000,0.000000,-23.559999,0.000000,0.000000,0.000000,0.000000,0.000000
1420.906982,0.000000,0.000000,-23.930000,0.000000,0.000000,0.000000,0.000000,0.000000
1420.911987,0.000000,0.000000,-24.330000,0.000000,0.000000,0.000000,0.000000,0.000000
1420.916992,0.000000,0.000000,-24.770000,0.000000,0.000000,0.000000,0.000000,0.000000
1420.921997,0.000000,0.000000,-25.219999,0.000000,0.000000,0.000000,0.000000,0.000000
1420.927002,0.000000,0.000000,-25.670000,0.000000,0.000000,0.000000,0.000000,0.000000
1420.932007,0.000000,0.000000,-26.120001,0.000000,0.000000,0.000000,0.000000,0.000000
1420.937012,0.000000,0.000000,-26.570000,0.000000,0.000000,0.000000,0.000000,0.000000
1420.942017,0.000000,0.000000,-27.030001,0.000000,0.000000,0.000000,0.000000,0.000000
1420.947021,0.000000,0.000000,-27.510000,0.000000,0.000000,0.000000,0.000000,0.000000
1420.952026,0.000000,0.000000,-28.020000,0.000000,0.000000,0.000000,0.000000,0.000000
1420.957031,0.000000,0.000000,-28.549999,0.000000,0.000000,0.000000,0.000000,0.000000
1420.962036,0.000000,0.000000,-29.080000,0.000000,0.000000,0.000000,0.000000,0.000000
1420.967041,0.000000,0.000000,-29.650000,0.000000,0.000000,0.000000,0.000000,0.000000
1420.972046,0.000000,0.000000,-30.260000,0.000000,0.000000,0.000000,0.000000,0.000000
1420.977051,0.000000,0.000000,-30.900000,0.000000,0.000000,0.000000,0.000000,0.000000
1420.982056,0.000000,0.000000,-31.540001,0.000000,0.000000,0.000000,0.000000,0.000000
1420.987061,0.000000,0.000000,-32.209999,0.000000,0.000000,0.000000,0.000000,0.000000
1420.991943,0.000000,0.000000,-32.930000,0.000000,0.000000,0.000000,0.000000,0.000000
1420.996948,0.000000,0.000000,-33.660000,0.000000,0.000000,0.000000,0.000000,0.000000
1421.001953,0.000000,0.000000,-34.380001,0.000000,0.000000,0.000000,0.000000,0.000000
1421.006958,0.000000,0.000000,-35.110001,0.000000,0.000000,0.000000,0.000000,0.000000
1421.011963,0.000000,0.000000,-35.849998,0.000000,0.000000,0.000000,0.000000,0.000000
1421.016968,0.000000,0.000000,-36.580002,0.000000,0.000000,0.000000,0.000000,0.000000
1421.021973,0.000000,0.000000,-37.320000,0.000000,0.000000,0.000000,0.000000,0.000000
1421.026978,0.000000,0.000000,-38.070000,0.000000,0.000000,0.000000,0.000000,0.000000
1421.031982,0.000000,0.000000,-38.840000,0.000000,0.000000,0.000000,0.000000,0.000000
1421.036987,0.000000,0.000000,-39.590000,0.000000,0.000000,0.000000,0.000000,0.000000
1421.041992,0.000000,0.000000,-40.360001,0.000000,0.000000,0.000000,0.000000,0.000000
1421.046997,0.000000,0.000000,-41.160000,0.000000,0.000000,0.000000,0.000000,0.000000
1421.052002,0.000000,0.000000,-41.959999,0.000000,0.000000,0.000000,0.000000,0.000000
1421.057007,0.000000,0.000000,-42.779999,0.000000,0.000000,0.000000,0.000000,0.000000
1421.062012,0.000000,0.000000,-43.599998,0.000000,0.000000,0.000000,0.000000,0.000000
1421.067017,0.000000,0.000000,-44.439999,0.000000,0.000000,0.000000,0.000000,0.000000
1421.072021,0.000000,0.000000,-45.290001,0.000000,0.000000,0.000000,0.000000,0.000000
1421.077026,0.000000,0.000000,-46.160000,0.000000,0.000000,0.000000,0.000000,0.000000
1421.082031,0.000000,0.000000,-47.049999,0.000000,0.000000,0.000000,0.000000,0.000000
1421.087036,0.000000,0.000000,-47.950001,0.000000,0.000000,0.000000,0.000000,0.000000
1421.092041,0.000000,0.000000,-48.869999,0.000000,0.000000,0.000000,0.000000,0.000000
1421.097046,0.000000,0.000000,-49.889999,0.000000,0.000000,0.000000,0.000000,0.000000
1421.102051,0.000000,0.000000,-50.799999,0.000000,0.000000,0.000000,0.000000,0.000000
1421.107056,0.000000,0.000000,-51.799999,0.000000,0.000000,0.000000,0.000000,0.000000
1421.112061,0.000000,0.000000,-52.779999,0.000000,0.000000,0.000000,0.000000,0.000000
1421.116943,0.000000,0.000000,-53.770000,0.000000,0.000000,0.000000,0.000000,0.000000
1421.121948,0.000000,0.000000,-54.740002,0.000000,0.000000,0.000000,0.000000,0.000000
1421.126953,0.000000,0.000000,-55.680000,0.000000,0.000000,0.000000,0.000000,0.000000
1421.131958,0.000000,0.000000,-56.599998,0.000000,0.000000,0.000000,0.000000,0.000000
1421.136963,0.000000,0.000000,-57.580002,0.000000,0.000000,0.000000,0.000000,0.000000
1421.141968,0.000000,0.000000,-58.529999,0.000000,0.000000,0.000000,0.000000,0.000000
1421.146973,0.000000,0.000000,-59.330002,0.000000,0.000000,0.000000,0.000000,0.000000
1421.151978,0.000000,0.000000,-59.910000,0.000000,0.000000,0.000000,0.000000,0.000000
1421.156982,0.000000,0.000000,-60.220001,0.000000,0.000000,0.000000,0.000000,0.000000
1421.161987,0.000000,0.000000,-60.330002,0.000000,0.000000,0.000000,0.000000,0.000000
1421.166992,0.000000,0.000000,-60.310001,0.000000,0.000000,0.000000,0.000000,0.000000
1421.171997,0.000000,0.000000,-60.240002,0.000000,0.000000,0.000000,0.000000,0.000000
1421.177002,0.000000,0.000000,-60.049999,0.000000,0.000000,0.000000,0.000000,0.000000
1421.182007,0.000000,0.000000,-59.950001,0.000000,0.000000,0.000000,0.000000,0.000000
1421.187012,0.000000,0.000000,-59.919998,0.000000,0.000000,0.000000,0.000000,0.000000
1421.192017,0.000000,0.000000,-59.990002,0.000000,0.000000,0.000000,0.000000,0.000000
1421.197021,0.000000,0.000000,-60.040001,0.000000,0.000000,0.000000,0.000000,0.000000
1421.202026,0.000000,0.000000,-60.009998,0.000000,0.000000,0.000000,0.000000,0.000000
1421.207031,0.000000,0.000000,-59.930000,0.000000,0.000000,0.000000,0.000000,0.000000
1421.212036,0.000000,0.000000,-59.820000,0.000000,0.000000,0.000000,0.000000,0.000000
1421.217041,0.000000,0.000000,-59.750000,0.000000,0.000000,0.000000,0.000000,0.000000
1421.222046,0.000000,0.000000,-59.740002,0.000000,0.000000,0.000000,0.000000,0.000000
1421.227051,0.000000,0.000000,-59.759998,0.000000,0.000000,0.000000,0.000000,0.000000
1421.232056,0.000000,0.000000,-59.770000,0.000000,0.000000,0.000000,0.000000,0.000000
1421.237061,0.000000,0.000000,-59.779999,0.000000,0.000000,0.000000,0.000000,0.000000
1421.241943,0.000000,0.000000,-59.779999,0.000000,0.000000,0.000000,0.000000,0.000000
1421.246948,0.000000,0.000000,-59.779999,0.000000,0.000000,0.000000,0.000000,0.000000
1421.251953,0.000000,0.000000,-59.790001,0.000000,0.000000,0.000000,0.000000,0.000000
1421.256958,0.000000,0.000000,-59.810001,0.000000,0.000000,0.000000,0.000000,0.000000
1421.261963,0.000000,0.000000,-59.820000,0.000000,0.000000,0.000000,0.000000,0.000000
1421.266968,0.000000,0.000000,-59.810001,0.000000,0.000000,0.000000,0.000000,0.000000
1421.271973,0.000000,0.000000,-59.799999,0.000000,0.000000,0.000000,0.000000,0.000000
1421.276978,0.000000,0.000000,-59.799999,0.000000,0.000000,0.000000,0.000000,0.000000
1421.281982,0.000000,0.000000,-59.810001,0.000000,0.000000,0.000000,0.000000,0.000000
1421.286987,0.000000,0.000000,-59.820000,0.000000,0.000000,0.000000,0.000000,0.000000
1421.291992,0.000000,0.000000,-59.820000,0.000000,0.000000,0.000000,0.000000,0.000000
1421.296997,0.000000,0.000000,-59.840000,0.000000,0.000000,0.000000,0.000000,0.000000
1421.302002,0.000000,0.000000,-59.869999,0.000000,0.000000,0.000000,0.000000,0.000000
1421.307007,0.000000,0.000000,-59.869999,0.000000,0.000000,0.000000,0.000000,0.000000
1421.312012,0.000000,0.000000,-59.869999,0.000000,0.000000,0.000000,0.000000,0.000000
1421.317017,0.000000,0.000000,-59.869999,0.000000,0.000000,0.000000,0.000000,0.000000
1421.322021,0.000000,0.000000,-59.860001,0.000000,0.000000,0.000000,0.000000,0.000000
1421.327026,0.000000,0.000000,-59.849998,0.000000,0.000000,0.000000,0.000000,0.000000
1421.332031,0.000000,0.000000,-59.840000,0.000000,0.000000,0.000000,0.000000,0.000000
1421.337036,0.000000,0.000000,-59.830002,0.000000,0.000000,0.000000,0.000000,0.000000
1421.342041,0.000000,0.000000,-59.840000,0.000000,0.000000,0.000000,0.000000,0.000000
1421.347046,0.000000,0.000000,-59.869999,0.000000,0.000000,0.000000,0.000000,0.000000
1421.352051,0.000000,0.000000,-59.910000,0.000000,0.000000,0.000000,0.000000,0.000000
1421.357056,0.000000,0.000000,-59.930000,0.000000,0.000000,0.000000,0.000000,0.000000
1421.362061,0.000000,0.000000,-59.930000,0.000000,0.000000,0.000000,0.000000,0.000000
1421.366943,0.000000,0.000000,-59.930000,0.000000,0.000000,0.000000,0.000000,0.000000
1421.371948,0.000000,0.000000,-59.919998,0.000000,0.000000,0.000000,0.000000,0.000000
1421.376953,0.000000,0.000000,-59.930000,0.000000,0.000000,0.000000,0.000000,0.000000
1421.381958,0.000000,0.000000,-59.939999,0.000000,0.000000,0.000000,0.000000,0.000000
1421.386963,0.000000,0.000000,-59.959999,0.000000,0.000000,0.000000,0.000000,0.000000
1421.391968,0.000000,0.000000,-59.970001,0.000000,0.000000,0.000000,0.000000,0.000000
1421.396973,0.000000,0.000000,-59.980000,0.000000,0.000000,0.000000,0.000000,0.000000
1421.401978,0.000000,0.000000,-59.990002,0.000000,0.000000,0.000000,0.000000,0.000000
1421.406982,0.000000,0.000000,-60.009998,0.000000,0.000000,0.000000,0.000000,0.000000
1421.411987,0.000000,0.000000,-60.020000,0.000000,0.000000,0.000000,0.000000,0.000000
1421.416992,0.000000,0.000000,-60.020000,0.000000,0.000000,0.000000,0.000000,0.000000
1421.421997,0.000000,0.000000,-60.029999,0.000000,0.000000,0.000000,0.000000,0.000000
1421.427002,0.000000,0.000000,-60.049999,0.000000,0.000000,0.000000,0.000000,0.000000
1421.432007,0.000000,0.000000,-60.049999,0.000000,0.000000,0.000000,0.000000,0.000000
1421.437012,0.000000,0.000000,-60.060001,0.000000,0.000000,0.000000,0.000000,0.000000
1421.442017,0.000000,0.000000,-60.070000,0.000000,0.000000,0.000000,0.000000,0.000000
1421.447021,0.000000,0.000000,-60.080002,0.000000,0.000000,0.000000,0.000000,0.000000
1421.452026,0.000000,0.000000,-60.090000,0.000000,0.000000,0.000000,0.000000,0.000000
1421.457031,0.000000,0.000000,-60.099998,0.000000,0.000000,0.000000,0.000000,0.000000
1421.462036,0.000000,0.000000,-60.110001,0.000000,0.000000,0.000000,0.000000,0.000000
1421.467041,0.000000,0.000000,-60.119999,0.000000,0.000000,0.000000,0.000000,0.000000
1421.472046,0.000000,0.000000,-60.130001,0.000000,0.000000,0.000000,0.000000,0.000000
1421.477051,0.000000,0.000000,-60.139999,0.000000,0.000000,0.000000,0.000000,0.000000
1421.482056,0.000000,0.000000,-60.139999,0.000000,0.000000,0.000000,0.000000,0.000000
1421.487061,0.000000,0.000000,-60.150002,0.000000,0.000000,0.000000,0.000000,0.000000
1421.491943,0.000000,0.000000,-60.160000,0.000000,0.000000,0.000000,0.000000,0.000000
1421.496948,0.000000,0.000000,-60.169998,0.000000,0.000000,0.000000,0.000000,0.000000
1421.501953,0.000000,0.000000,-60.169998,0.000000,0.000000,0.000000,0.000000,0.000000
1421.506958,0.000000,0.000000,-60.180000,0.000000,0.000000,0.000000,0.000000,0.000000
1421.511963,0.000000,0.000000,-60.200001,0.000000,0.000000,0.000000,0.000000,0.000000
1421.516968,0.000000,0.000000,-60.209999,0.000000,0.000000,0.000000,0.000000,0.000000
1421.521973,0.000000,0.000000,-60.209999,0.000000,0.000000,0.000000,0.000000,0.000000
1421.526978,0.000000,0.000000,-60.220001,0.000000,0.000000,0.000000,0.000000,0.000000
1421.531982,0.000000,0.000000,-60.230000,0.000000,0.000000,0.000000,0.000000,0.000000
1421.536987,0.000000,0.000000,-60.240002,0.000000,0.000000,0.000000,0.000000,0.000000
1421.541992,0.000000,0.000000,-60.240002,0.000000,0.000000,0.000000,0.000000,0.000000
1421.546997,0.000000,0.000000,-60.250000,0.000000,0.000000,0.000000,0.000000,0.000000
1421.552002,0.000000,0.000000,-60.250000,0.000000,0.000000,0.000000,0.000000,0.000000
1421.557007,0.000000,0.000000,-60.270000,0.000000,0.000000,0.000000,0.000000,0.000000
1421.562012,0.000000,0.000000,-60.270000,0.000000,0.000000,0.000000,0.000000,0.000000
1421.567017,0.000000,0.000000,-60.279999,0.000000,0.000000,0.000000,0.000000,0.000000
1421.572021,0.000000,0.000000,-60.279999,0.000000,0.000000,0.000000,0.000000,0.000000
1421.577026,0.000000,0.000000,-60.290001,0.000000,0.000000,0.000000,0.000000,0.000000
1421.582031,0.000000,0.000000,-60.299999,0.000000,0.000000,0.000000,0.000000,0.000000
1421.587036,0.000000,0.000000,-60.299999,0.000000,0.000000,0.000000,0.000000,0.000000
1421.592041,0.000000,0.000000,-60.299999,0.000000,0.000000,0.000000,0.000000,0.000000
1421.597046,0.000000,0.000000,-60.310001,0.000000,0.000000,0.000000,0.000000,0.000000
1421.602051,0.000000,0.000000,-60.310001,0.000000,0.000000,0.000000,0.000000,0.000000
1421.607056,0.000000,0.000000,-60.320000,0.000000,0.000000,0.000000,0.000000,0.000000
1421.612061,0.000000,0.000000,-60.330002,0.000000,0.000000,0.000000,0.000000,0.000000
1421.616943,0.000000,0.000000,-60.340000,0.000000,0.000000,0.000000,0.000000,0.000000
1421.621948,0.000000,0.000000,-60.340000,0.000000,0.000000,0.000000,0.000000,0.000000
1421.626953,0.000000,0.000000,-60.340000,0.000000,0.000000,0.000000,0.000000,0.000000
1421.631958,0.000000,0.000000,-60.349998,0.000000,0.000000,0.000000,0.000000,0.000000
1421.636963,0.000000,0.000000,-60.360001,0.000000,0.000000,0.000000,0.000000,0.000000
1421.641968,0.000000,0.000000,-60.360001,0.000000,0.000000,0.000000,0.000000,0.000000
1421.646973,0.000000,0.000000,-60.369999,0.000000,0.000000,0.000000,0.000000,0.000000
1421.651978,0.000000,0.000000,-60.380001,0.000000,0.000000,0.000000,0.000000,0.000000
1421.656982,0.000000,0.000000,-60.380001,0.000000,0.000000,0.000000,0.000000,0.000000
1421.661987,0.000000,0.000000,-60.389999,0.000000,0.000000,0.000000,0.000000,0.000000
1421.666992,0.000000,0.000000,-60.389999,0.000000,0.000000,0.000000,0.000000,0.000000
1421.671997,0.000000,0.000000,-60.400002,0.000000,0.000000,0.000000,0.000000,0.000000
1421.677002,0.000000,0.000000,-60.410000,0.000000,0.000000,0.000000,0.000000,0.000000
1421.682007,0.000000,0.000000,-60.419998,0.000000,0.000000,0.000000,0.000000,0.000000
1421.687012,0.000000,0.000000,-60.419998,0.000000,0.000000,0.000000,0.000000,0.000000
1421.692017,0.000000,0.000000,-60.430000,0.000000,0.000000,0.000000,0.000000,0.000000
1421.697021,0.000000,0.000000,-60.439999,0.000000,0.000000,0.000000,0.000000,0.000000
1421.702026,0.000000,0.000000,-60.439999,0.000000,0.000000,0.000000,0.000000,0.000000
1421.707031,0.000000,0.000000,-60.450001,0.000000,0.000000,0.000000,0.000000,0.000000
1421.712036,0.000000,0.000000,-60.450001,0.000000,0.000000,0.000000,0.000000,0.000000
1421.717041,0.000000,0.000000,-60.459999,0.000000,0.000000,0.000000,0.000000,0.000000
1421.722046,0.000000,0.000000,-60.459999,0.000000,0.000000,0.000000,0.000000,0.000000
1421.727051,0.000000,0.000000,-60.470001,0.000000,0.000000,0.000000,0.000000,0.000000
1421.732056,0.000000,0.000000,-60.470001,0.000000,0.000000,0.000000,0.000000,0.000000
1421.737061,0.000000,0.000000,-60.470001,0.000000,0.000000,0.000000,0.000000,0.000000
1421.741943,0.000000,0.000000,-60.470001,0.000000,0.000000,0.000000,0.000000,0.000000
1421.746948,0.000000,0.000000,-60.480000,0.000000,0.000000,0.000000,0.000000,0.000000
1421.751953,0.000000,0.000000,-60.480000,0.000000,0.000000,0.000000,0.000000,0.000000
1421.756958,0.000000,0.000000,-60.490002,0.000000,0.000000,0.000000,0.000000,0.000000
1421.761963,0.000000,0.000000,-60.490002,0.000000,0.000000,0.000000,0.000000,0.000000
1421.766968,0.000000,0.000000,-60.500000,0.000000,0.000000,0.000000,0.000000,0.000000
1421.771973,0.000000,0.000000,-60.509998,0.000000,0.000000,0.000000,0.000000,0.000000
1421.776978,0.000000,0.000000,-60.509998,0.000000,0.000000,0.000000,0.000000,0.000000
1421.781982,0.000000,0.000000,-60.509998,0.000000,0.000000,0.000000,0.000000,0.000000
1421.786987,0.000000,0.000000,-60.520000,0.000000,0.000000,0.000000,0.000000,0.000000
1421.791992,0.000000,0.000000,-60.520000,0.000000,0.000000,0.000000,0.000000,0.000000
1421.796997,0.000000,0.000000,-60.520000,0.000000,0.000000,0.000000,0.000000,0.000000
1421.802002,0.000000,0.000000,-60.529999,0.000000,0.000000,0.000000,0.000000,0.000000
1421.807007,0.000000,0.000000,-60.529999,0.000000,0.000000,0.000000,0.000000,0.000000
1421.812012,0.000000,0.000000,-60.529999,0.000000,0.000000,0.000000,0.000000,0.000000
1421.817017,0.000000,0.000000,-60.540001,0.000000,0.000000,0.000000,0.000000,0.000000
1421.822021,0.000000,0.000000,-60.540001,0.000000,0.000000,0.000000,0.000000,0.000000
1421.827026,0.000000,0.000000,-60.549999,0.000000,0.000000,0.000000,0.000000,0.000000
1421.832031,0.000000,0.000000,-60.549999,0.000000,0.000000,0.000000,0.000000,0.000000
1421.837036,0.000000,0.000000,-60.549999,0.000000,0.000000,0.000000,0.000000,0.000000
1421.842041,0.000000,0.000000,-60.560001,0.000000,0.000000,0.000000,0.000000,0.000000
1421.847046,0.000000,0.000000,-60.560001,0.000000,0.000000,0.000000,0.000000,0.000000
1421.852051,0.000000,0.000000,-60.570000,0.000000,0.000000,0.000000,0.000000,0.000000
1421.857056,0.000000,0.000000,-60.570000,0.000000,0.000000,0.000000,0.000000,0.000000
1421.862061,0.000000,0.000000,-60.570000,0.000000,0.000000,0.000000,0.000000,0.000000
1421.866943,0.000000,0.000000,-60.580002,0.000000,0.000000,0.000000,0.000000,0.000000
1421.871948,0.000000,0.000000,-60.580002,0.000000,0.000000,0.000000,0.000000,0.000000
1421.876953,0.000000,0.000000,-60.590000,0.000000,0.000000,0.000000,0.000000,0.000000
1421.881958,0.000000,0.000000,-60.590000,0.000000,0.000000,0.000000,0.000000,0.000000
1421.886963,0.000000,0.000000,-60.590000,0.000000,0.000000,0.000000,0.000000,0.000000
1421.891968,0.000000,0.000000,-60.590000,0.000000,0.000000,0.000000,0.000000,0.000000
1421.896973,0.000000,0.000000,-60.599998,0.000000,0.000000,0.000000,0.000000,0.000000
1421.901978,0.000000,0.000000,-60.599998,0.000000,0.000000,0.000000,0.000000,0.000000
1421.906982,0.000000,0.000000,-60.610001,0.000000,0.000000,0.000000,0.000000,0.000000
1421.911987,0.000000,0.000000,-60.610001,0.000000,0.000000,0.000000,0.000000,0.000000
1421.916992,0.000000,0.000000,-60.610001,0.000000,0.000000,0.000000,0.000000,0.000000
1421.921997,0.000000,0.000000,-60.610001,0.000000,0.000000,0.000000,0.000000,0.000000
1421.927002,0.000000,0.000000,-60.610001,0.000000,0.000000,0.000000,0.000000,0.000000
1421.932007,0.000000,0.000000,-60.610001,0.000000,0.000000,0.000000,0.000000,0.000000
1421.937012,0.000000,0.000000,-60.610001,0.000000,0.000000,0.000000,0.000000,0.000000
1421.942017,0.000000,0.000000,-60.619999,0.000000,0.000000,0.000000,0.000000,0.000000
1421.947021,0.000000,0.000000,-60.619999,0.000000,0.000000,0.000000,0.000000,0.000000
1421.952026,0.000000,0.000000,-60.619999,0.000000,0.000000,0.000000,0.000000,0.000000
1421.957031,0.000000,0.000000,-60.630001,0.000000,0.000000,0.000000,0.000000,0.000000
1421.962036,0.000000,0.000000,-60.630001,0.000000,0.000000,0.000000,0.000000,0.000000
1421.967041,0.000000,0.000000,-60.639999,0.000000,0.000000,0.000000,0.000000,0.000000
1421.972046,0.000000,0.000000,-60.639999,0.000000,0.000000,0.000000,0.000000,0.000000
1421.977051,0.000000,0.000000,-60.650002,0.000000,0.000000,0.000000,0.000000,0.000000
1421.982056,0.000000,0.000000,-60.650002,0.000000,0.000000,0.000000,0.000000,0.000000
1421.987061,0.000000,0.000000,-60.650002,0.000000,0.000000,0.000000,0.000000,0.000000
1421.991943,0.000000,0.000000,-60.650002,0.000000,0.000000,0.000000,0.000000,0.000000
1421.996948,0.000000,0.000000,-60.660000,0.000000,0.000000,0.000000,0.000000,0.000000
1422.001953,0.000000,0.000000,-60.660000,0.000000,0.000000,0.000000,0.000000,0.000000
1422.006958,0.000000,0.000000,-60.660000,0.000000,0.000000,0.000000,0.000000,0.000000
1422.011963,0.000000,0.000000,-60.669998,0.000000,0.000000,0.000000,0.000000,0.000000
1422.016968,0.000000,0.000000,-60.669998,0.000000,0.000000,0.000000,0.000000,0.000000
1422.021973,0.000000,0.000000,-60.669998,0.000000,0.000000,0.000000,0.000000,0.000000
1422.026978,0.000000,0.000000,-60.669998,0.000000,0.000000,0.000000,0.000000,0.000000
1422.031982,0.000000,0.000000,-60.669998,0.000000,0.000000,0.000000,0.000000,0.000000
1422.036987,0.000000,0.000000,-60.669998,0.000000,0.000000,0.000000,0.000000,0.000000
1422.041992,0.000000,0.000000,-60.669998,0.000000,0.000000,0.000000,0.000000,0.000000
1422.046997,0.000000,0.000000,-60.669998,0.000000,0.000000,0.000000,0.000000,0.000000
1422.052002,0.000000,0.000000,-60.680000,0.000000,0.000000,0.000000,0.000000,0.000000
1422.057007,0.000000,0.000000,-60.689999,0.000000,0.000000,0.000000,0.000000,0.000000
1422.062012,0.000000,0.000000,-60.700001,0.000000,0.000000,0.000000,0.000000,0.000000
1422.067017,0.000000,0.000000,-60.709999,0.000000,0.000000,0.000000,0.000000,0.000000
1422.072021,0.000000,0.000000,-60.700001,0.000000,0.000000,0.000000,0.000000,0.000000
1422.077026,0.000000,0.000000,-60.700001,0.000000,0.000000,0.000000,0.000000,0.000000
1422.082031,0.000000,0.000000,-60.709999,0.000000,0.000000,0.000000,0.000000,0.000000
1422.087036,0.000000,0.000000,-60.709999,0.000000,0.000000,0.000000,0.000000,0.000000
1422.092041,0.000000,0.000000,-60.709999,0.000000,0.000000,0.000000,0.000000,0.000000
1422.097046,0.000000,0.000000,-60.709999,0.000000,0.000000,0.000000,0.000000,0.000000
1422.102051,0.000000,0.000000,-60.709999,0.000000,0.000000,0.000000,0.000000,0.000000
1422.107056,0.000000,0.000000,-60.709999,0.000000,0.000000,0.000000,0.000000,0.000000
1422.112061,0.000000,0.000000,-60.720001,0.000000,0.000000,0.000000,0.000000,0.000000
1422.116943,0.000000,0.000000,-60.720001,0.000000,0.000000,0.000000,0.000000,0.000000
1422.121948,0.000000,0.000000,-60.720001,0.000000,0.000000,0.000000,0.000000,0.000000
1422.126953,0.000000,0.000000,-60.730000,0.000000,0.000000,0.000000,0.000000,0.000000
1422.131958,0.000000,0.000000,-60.730000,0.000000,0.000000,0.000000,0.000000,0.000000
1422.136963,0.000000,0.000000,-60.730000,0.000000,0.000000,0.000000,0.000000,0.000000
1422.141968,0.000000,0.000000,-60.730000,0.000000,0.000000,0.000000,0.000000,0.000000
1422.146973,0.000000,0.000000,-60.730000,0.000000,0.000000,0.000000,0.000000,0.000000
1422.151978,0.000000,0.000000,-60.740002,0.000000,0.000000,0.000000,0.000000,0.000000
1422.156982,0.000000,0.000000,-60.740002,0.000000,0.000000,0.000000,0.000000,0.000000
1422.161987,0.000000,0.000000,-60.750000,0.000000,0.000000,0.000000,0.000000,0.000000
1422.166992,0.000000,0.000000,-60.750000,0.000000,0.000000,0.000000,0.000000,0.000000
1422.171997,0.000000,0.000000,-60.750000,0.000000,0.000000,0.000000,0.000000,0.000000
1422.177002,0.000000,0.000000,-60.759998,0.000000,0.000000,0.000000,0.000000,0.000000
1422.182007,0.000000,0.000000,-60.759998,0.000000,0.000000,0.000000,0.000000,0.000000
1422.187012,0.000000,0.000000,-60.759998,0.000000,0.000000,0.000000,0.000000,0.000000
1422.192017,0.000000,0.000000,-60.759998,0.000000,0.000000,0.000000,0.000000,0.000000
1422.197021,0.000000,0.000000,-60.759998,0.000000,0.000000,0.000000,0.000000,0.000000
1422.202026,0.000000,0.000000,-60.759998,0.000000,0.000000,0.000000,0.000000,0.000000
1422.207031,0.000000,0.000000,-60.770000,0.000000,0.000000,0.000000,0.000000,0.000000
1422.212036,0.000000,0.000000,-60.770000,0.000000,0.000000,0.000000,0.000000,0.000000
1422.217041,0.000000,0.000000,-60.770000,0.000000,0.000000,0.000000,0.000000,0.000000
1422.222046,0.000000,0.000000,-60.770000,0.000000,0.000000,0.000000,0.000000,0.000000
1422.227051,0.000000,0.000000,-60.779999,0.000000,0.000000,0.000000,0.000000,0.000000
1422.232056,0.000000,0.000000,-60.779999,0.000000,0.000000,0.000000,0.000000,0.000000
1422.237061,0.000000,0.000000,-60.779999,0.000000,0.000000,0.000000,0.000000,0.000000
1422.241943,0.000000,0.000000,-60.779999,0.000000,0.000000,0.000000,0.000000,0.000000
1422.246948,0.000000,0.000000,-60.790001,0.000000,0.000000,0.000000,0.000000,0.000000
1422.251953,0.000000,0.000000,-60.790001,0.000000,0.000000,0.000000,0.000000,0.000000
1422.256958,0.000000,0.000000,-60.790001,0.000000,0.000000,0.000000,0.000000,0.000000
1422.261963,0.000000,0.000000,-60.799999,0.000000,0.000000,0.000000,0.000000,0.000000
1422.266968,0.000000,0.000000,-60.799999,0.000000,0.000000,0.000000,0.000000,0.000000
1422.271973,0.000000,0.000000,-60.799999,0.000000,0.000000,0.000000,0.000000,0.000000
1422.276978,0.000000,0.000000,-60.799999,0.000000,0.000000,0.000000,0.000000,0.000000
1422.281982,0.000000,0.000000,-60.810001,0.000000,0.000000,0.000000,0.000000,0.000000
1422.286987,0.000000,0.000000,-60.810001,0.000000,0.000000,0.000000,0.000000,0.000000
1422.291992,0.000000,0.000000,-60.810001,0.000000,0.000000,0.000000,0.000000,0.000000
1422.296997,0.000000,0.000000,-60.810001,0.000000,0.000000,0.000000,0.000000,0.000000
1422.302002,0.000000,0.000000,-60.820000,0.000000,0.000000,0.000000,0.000000,0.000000
1422.307007,0.000000,0.000000,-60.820000,0.000000,0.000000,0.000000,0.000000,0.000000
1422.312012,0.000000,0.000000,-60.820000,0.000000,0.000000,0.000000,0.000000,0.000000
1422.317017,0.000000,0.000000,-60.820000,0.000000,0.000000,0.000000,0.000000,0.000000
1422.322021,0.000000,0.000000,-60.820000,0.000000,0.000000,0.000000,0.000000,0.000000
1422.327026,0.000000,0.000000,-60.820000,0.000000,0.000000,0.000000,0.000000,0.000000
1422.332031,0.000000,0.000000,-60.820000,0.000000,0.000000,0.000000,0.000000,0.000000
1422.337036,0.000000,0.000000,-60.820000,0.000000,0.000000,0.000000,0.000000,0.000000
1422.342041,0.000000,0.000000,-60.810001,0.000000,0.000000,0.000000,0.000000,0.000000
1422.347046,0.000000,0.000000,-60.810001,0.000000,0.000000,0.000000,0.000000,0.000000
1422.352051,0.000000,0.000000,-60.820000,0.000000,0.000000,0.000000,0.000000,0.000000
1422.357056,0.000000,0.000000,-60.810001,0.000000,0.000000,0.000000,0.000000,0.000000
1422.362061,0.000000,0.000000,-60.820000,0.000000,0.000000,0.000000,0.000000,0.000000
1422.366943,0.000000,0.000000,-60.830002,0.000000,0.000000,0.000000,0.000000,0.000000
1422.371948,0.000000,0.000000,-60.830002,0.000000,0.000000,0.000000,0.000000,0.000000
1422.376953,0.000000,0.000000,-60.830002,0.000000,0.000000,0.000000,0.000000,0.000000
1422.381958,0.000000,0.000000,-60.830002,0.000000,0.000000,0.000000,0.000000,0.000000
1422.386963,0.000000,0.000000,-60.830002,0.000000,0.000000,0.000000,0.000000,0.000000
1422.391968,0.000000,0.000000,-60.840000,0.000000,0.000000,0.000000,0.000000,0.000000
1422.396973,0.000000,0.000000,-60.840000,0.000000,0.000000,0.000000,0.000000,0.000000
1422.401978,0.000000,0.000000,-60.849998,0.000000,0.000000,0.000000,0.000000,0.000000
1422.406982,0.000000,0.000000,-60.849998,0.000000,0.000000,0.000000,0.000000,0.000000
1422.411987,0.000000,0.000000,-60.849998,0.000000,0.000000,0.000000,0.000000,0.000000
1422.416992,0.000000,0.000000,-60.849998,0.000000,0.000000,0.000000,0.000000,0.000000
1422.421997,0.000000,0.000000,-60.849998,0.000000,0.000000,0.000000,0.000000,0.000000
1422.427002,0.000000,0.000000,-60.849998,0.000000,0.000000,0.000000,0.000000,0.000000
1422.432007,0.000000,0.000000,-60.860001,0.000000,0.000000,0.000000,0.000000,0.000000
1422.437012,0.000000,0.000000,-60.860001,0.000000,0.000000,0.000000,0.000000,0.000000
1422.442017,0.000000,0.000000,-60.860001,0.000000,0.000000,0.000000,0.000000,0.000000
1422.447021,0.000000,0.000000,-60.860001,0.000000,0.000000,0.000000,0.000000,0.000000
1422.452026,0.000000,0.000000,-60.869999,0.000000,0.000000,0.000000,0.000000,0.000000
1422.457031,0.000000,0.000000,-60.869999,0.000000,0.000000,0.000000,0.000000,0.000000
1422.462036,0.000000,0.000000,-60.869999,0.000000,0.000000,0.000000,0.000000,0.000000
1422.467041,0.000000,0.000000,-60.869999,0.000000,0.000000,0.000000,0.000000,0.000000
1422.472046,0.000000,0.000000,-60.869999,0.000000,0.000000,0.000000,0.000000,0.000000
1422.477051,0.000000,0.000000,-60.869999,0.000000,0.000000,0.000000,0.000000,0.000000
1422.482056,0.000000,0.000000,-60.869999,0.000000,0.000000,0.000000,0.000000,0.000000
1422.487061,0.000000,0.000000,-60.880001,0.000000,0.000000,0.000000,0.000000,0.000000
1422.491943,0.000000,0.000000,-60.880001,0.000000,0.000000,0.000000,0.000000,0.000000
1422.496948,0.000000,0.000000,-60.880001,0.000000,0.000000,0.000000,0.000000,0.000000
1422.501953,0.000000,0.000000,-60.880001,0.000000,0.000000,0.000000,0.000000,0.000000
1422.506958,0.000000,0.000000,-60.880001,0.000000,0.000000,0.000000,0.000000,0.000000
1422.511963,0.000000,0.000000,-60.880001,0.000000,0.000000,0.000000,0.000000,0.000000
1422.516968,0.000000,0.000000,-60.889999,0.000000,0.000000,0.000000,0.000000,0.000000
1422.521973,0.000000,0.000000,-60.889999,0.000000,0.000000,0.000000,0.000000,0.000000
1422.526978,0.000000,0.000000,-60.889999,0.000000,0.000000,0.000000,0.000000,0.000000
1422.531982,0.000000,0.000000,-60.900002,0.000000,0.000000,0.000000,0.000000,0.000000
1422.536987,0.000000,0.000000,-60.900002,0.000000,0.000000,0.000000,0.000000,0.000000
1422.541992,0.000000,0.000000,-60.889999,0.000000,0.000000,0.000000,0.000000,0.000000
1422.546997,0.000000,0.000000,-60.889999,0.000000,0.000000,0.000000,0.000000,0.000000
1422.552002,0.000000,0.000000,-60.889999,0.000000,0.000000,0.000000,0.000000,0.000000
1422.557007,0.000000,0.000000,-60.900002,0.000000,0.000000,0.000000,0.000000,0.000000
1422.562012,0.000000,0.000000,-60.900002,0.000000,0.000000,0.000000,0.000000,0.000000
1422.567017,0.000000,0.000000,-60.900002,0.000000,0.000000,0.000000,0.000000,0.000000
1422.572021,0.000000,0.000000,-60.900002,0.000000,0.000000,0.000000,0.000000,0.000000
1422.577026,0.000000,0.000000,-60.900002,0.000000,0.000000,0.000000,0.000000,0.000000
1422.582031,0.000000,0.000000,-60.900002,0.000000,0.000000,0.000000,0.000000,0.000000
1422.587036,0.000000,0.000000,-60.900002,0.000000,0.000000,0.000000,0.000000,0.000000
1422.592041,0.000000,0.000000,-60.900002,0.000000,0.000000,0.000000,0.000000,0.000000
1422.597046,0.000000,0.000000,-60.900002,0.000000,0.000000,0.000000,0.000000,0.000000
1422.602051,0.000000,0.000000,-60.900002,0.000000,0.000000,0.000000,0.000000,0.000000
1422.607056,0.000000,0.000000,-60.910000,0.000000,0.000000,0.000000,0.000000,0.000000
1422.612061,0.000000,0.000000,-60.910000,0.000000,0.000000,0.000000,0.000000,0.000000
1422.616943,0.000000,0.000000,-60.910000,0.000000,0.000000,0.000000,0.000000,0.000000
1422.621948,0.000000,0.000000,-60.910000,0.000000,0.000000,0.000000,0.000000,0.000000
1422.626953,0.000000,0.000000,-60.910000,0.000000,0.000000,0.000000,0.000000,0.000000
1422.631958,0.000000,0.000000,-60.910000,0.000000,0.000000,0.000000,0.000000,0.000000
1422.636963,0.000000,0.000000,-60.910000,0.000000,0.000000,0.000000,0.000000,0.000000
1422.641968,0.000000,0.000000,-60.910000,0.000000,0.000000,0.000000,0.000000,0.000000
1422.646973,0.000000,0.000000,-60.919998,0.000000,0.000000,0.000000,0.000000,0.000000
1422.651978,0.000000,0.000000,-60.919998,0.000000,0.000000,0.000000,0.000000,0.000000
1422.656982,0.000000,0.000000,-60.930000,0.000000,0.000000,0.000000,0.000000,0.000000
1422.661987,0.000000,0.000000,-60.919998,0.000000,0.000000,0.000000,0.000000,0.000000
1422.666992,0.000000,0.000000,-60.919998,0.000000,0.000000,0.000000,0.000000,0.000000
1422.671997,0.000000,0.000000,-60.919998,0.000000,0.000000,0.000000,0.000000,0.000000
1422.677002,0.000000,0.000000,-60.919998,0.000000,0.000000,0.000000,0.000000,0.000000
1422.682007,0.000000,0.000000,-60.930000,0.000000,0.000000,0.000000,0.000000,0.000000
1422.687012,0.000000,0.000000,-60.930000,0.000000,0.000000,0.000000,0.000000,0.000000
1422.692017,0.000000,0.000000,-60.919998,0.000000,0.000000,0.000000,0.000000,0.000000
1422.697021,0.000000,0.000000,-60.919998,0.000000,0.000000,0.000000,0.000000,0.000000
1422.702026,0.000000,0.000000,-60.919998,0.000000,0.000000,0.000000,0.000000,0.000000
1422.707031,0.000000,0.000000,-60.930000,0.000000,0.000000,0.000000,0.000000,0.000000
1422.712036,0.000000,0.000000,-60.930000,0.000000,0.000000,0.000000,0.000000,0.000000
1422.717041,0.000000,0.000000,-60.930000,0.000000,0.000000,0.000000,0.000000,0.000000
1422.722046,0.000000,0.000000,-60.939999,0.000000,0.000000,0.000000,0.000000,0.000000
1422.727051,0.000000,0.000000,-60.939999,0.000000,0.000000,0.000000,0.000000,0.000000
1422.732056,0.000000,0.000000,-60.939999,0.000000,0.000000,0.000000,0.000000,0.000000
1422.737061,0.000000,0.000000,-60.939999,0.000000,0.000000,0.000000,0.000000,0.000000
1422.741943,0.000000,0.000000,-60.939999,0.000000,0.000000,0.000000,0.000000,0.000000
1422.746948,0.000000,0.000000,-60.939999,0.000000,0.000000,0.000000,0.000000,0.000000
1422.751953,0.000000,0.000000,-60.939999,0.000000,0.000000,0.000000,0.000000,0.000000
1422.756958,0.000000,0.000000,-60.939999,0.000000,0.000000,0.000000,0.000000,0.000000
1422.761963,0.000000,0.000000,-60.939999,0.000000,0.000000,0.000000,0.000000,0.000000
1422.766968,0.000000,0.000000,-60.950001,0.000000,0.000000,0.000000,0.000000,0.000000
1422.771973,0.000000,0.000000,-60.950001,0.000000,0.000000,0.000000,0.000000,0.000000
1422.776978,0.000000,0.000000,-60.950001,0.000000,0.000000,0.000000,0.000000,0.000000
1422.781982,0.000000,0.000000,-60.950001,0.000000,0.000000,0.000000,0.000000,0.000000
1422.786987,0.000000,0.000000,-60.950001,0.000000,0.000000,0.000000,0.000000,0.000000
1422.791992,0.000000,0.000000,-60.950001,0.000000,0.000000,0.000000,0.000000,0.000000
1422.796997,0.000000,0.000000,-60.950001,0.000000,0.000000,0.000000,0.000000,0.000000
1422.802002,0.000000,0.000000,-60.939999,0.000000,0.000000,0.000000,0.000000,0.000000
1422.807007,0.000000,0.000000,-60.950001,0.000000,0.000000,0.000000,0.000000,0.000000
1422.812012,0.000000,0.000000,-60.950001,0.000000,0.000000,0.000000,0.000000,0.000000
1422.817017,0.000000,0.000000,-60.950001,0.000000,0.000000,0.000000,0.000000,0.000000
1422.822021,0.000000,0.000000,-60.950001,0.000000,0.000000,0.000000,0.000000,0.000000
1422.827026,0.000000,0.000000,-60.950001,0.000000,0.000000,0.000000,0.000000,0.000000
1422.832031,0.000000,0.000000,-60.950001,0.000000,0.000000,0.000000,0.000000,0.000000
1422.837036,0.000000,0.000000,-60.939999,0.000000,0.000000,0.000000,0.000000,0.000000
1422.842041,0.000000,0.000000,-60.939999,0.000000,0.000000,0.000000,0.000000,0.000000
1422.847046,0.000000,0.000000,-60.939999,0.000000,0.000000,0.000000,0.000000,0.000000
1422.852051,0.000000,0.000000,-60.939999,0.000000,0.000000,0.000000,0.000000,0.000000
1422.857056,0.000000,0.000000,-60.950001,0.000000,0.000000,0.000000,0.000000,0.000000
1422.862061,0.000000,0.000000,-60.950001,0.000000,0.000000,0.000000,0.000000,0.000000
1422.866943,0.000000,0.000000,-60.950001,0.000000,0.000000,0.000000,0.000000,0.000000
1422.871948,0.000000,0.000000,-60.950001,0.000000,0.000000,0.000000,0.000000,0.000000
1422.876953,0.000000,0.000000,-60.959999,0.000000,0.000000,0.000000,0.000000,0.000000
1422.881958,0.000000,0.000000,-60.959999,0.000000,0.000000,0.000000,0.000000,0.000000
1422.886963,0.000000,0.000000,-60.959999,0.000000,0.000000,0.000000,0.000000,0.000000
1422.891968,0.000000,0.000000,-60.959999,0.000000,0.000000,0.000000,0.000000,0.000000
1422.896973,0.000000,0.000000,-60.959999,0.000000,0.000000,0.000000,0.000000,0.000000
1422.901978,0.000000,0.000000,-60.959999,0.000000,0.000000,0.000000,0.000000,0.000000
1422.906982,0.000000,0.000000,-60.959999,0.000000,0.000000,0.000000,0.000000,0.000000
1422.911987,0.000000,0.000000,-60.959999,0.000000,0.000000,0.000000,0.000000,0.000000
1422.916992,0.000000,0.000000,-60.959999,0.000000,0.000000,0.000000,0.000000,0.000000
1422.921997,0.000000,0.000000,-60.959999,0.000000,0.000000,0.000000,0.000000,0.000000
1422.927002,0.000000,0.000000,-60.970001,0.000000,0.000000,0.000000,0.000000,0.000000
1422.932007,0.000000,0.000000,-60.959999,0.000000,0.000000,0.000000,0.000000,0.000000
1422.937012,0.000000,0.000000,-60.970001,0.000000,0.000000,0.000000,0.000000,0.000000
1422.942017,0.000000,0.000000,-60.959999,0.000000,0.000000,0.000000,0.000000,0.000000
1422.947021,0.000000,0.000000,-60.970001,0.000000,0.000000,0.000000,0.000000,0.000000
1422.952026,0.000000,0.000000,-60.970001,0.000000,0.000000,0.000000,0.000000,0.000000
1422.957031,0.000000,0.000000,-60.970001,0.000000,0.000000,0.000000,0.000000,0.000000
1422.962036,0.000000,0.000000,-60.970001,0.000000,0.000000,0.000000,0.000000,0.000000
1422.967041,0.000000,0.000000,-60.970001,0.000000,0.000000,0.000000,0.000000,0.000000
1422.972046,0.000000,0.000000,-60.970001,0.000000,0.000000,0.000000,0.000000,0.000000
1422.977051,0.000000,0.000000,-60.970001,0.000000,0.000000,0.000000,0.000000,0.000000
1422.982056,0.000000,0.000000,-60.970001,0.000000,0.000000,0.000000,0.000000,0.000000
1422.987061,0.000000,0.000000,-60.970001,0.000000,0.000000,0.000000,0.000000,0.000000
1422.991943,0.000000,0.000000,-60.970001,0.000000,0.000000,0.000000,0.000000,0.000000
1422.996948,0.000000,0.000000,-60.970001,0.000000,0.000000,0.000000,0.000000,0.000000
1423.001953,0.000000,0.000000,-60.970001,0.000000,0.000000,0.000000,0.000000,0.000000
1423.006958,0.000000,0.000000,-60.970001,0.000000,0.000000,0.000000,0.000000,0.000000
1423.011963,0.000000,0.000000,-60.970001,0.000000,0.000000,0.000000,0.000000,0.000000
1423.016968,0.000000,0.000000,-60.970001,0.000000,0.000000,0.000000,0.000000,0.000000
1423.021973,0.000000,0.000000,-60.970001,0.000000,0.000000,0.000000,0.000000,0.000000
1423.026978,0.000000,0.000000,-60.970001,0.000000,0.000000,0.000000,0.000000,0.000000
1423.031982,0.000000,0.000000,-60.970001,0.000000,0.000000,0.000000,0.000000,0.000000
1423.036987,0.000000,0.000000,-60.970001,0.000000,0.000000,0.000000,0.000000,0.000000
1423.041992,0.000000,0.000000,-60.970001,0.000000,0.000000,0.000000,0.000000,0.000000
1423.046997,0.000000,0.000000,-60.970001,0.000000,0.000000,0.000000,0.000000,0.000000
1423.052002,0.000000,0.000000,-60.970001,0.000000,0.000000,0.000000,0.000000,0.000000
1423.057007,0.000000,0.000000,-60.970001,0.000000,0.000000,0.000000,0.000000,0.000000
1423.062012,0.000000,0.000000,-60.970001,0.000000,0.000000,0.000000,0.000000,0.000000
1423.067017,0.000000,0.000000,-60.970001,0.000000,0.000000,0.000000,0.000000,0.000000
1423.072021,0.000000,0.000000,-60.980000,0.000000,0.000000,0.000000,0.000000,0.000000
1423.077026,0.000000,0.000000,-60.970001,0.000000,0.000000,0.000000,0.000000,0.000000
1423.082031,0.000000,0.000000,-60.970001,0.000000,0.000000,0.000000,0.000000,0.000000
1423.087036,0.000000,0.000000,-60.980000,0.000000,0.000000,0.000000,0.000000,0.000000
1423.092041,0.000000,0.000000,-60.970001,0.000000,0.000000,0.000000,0.000000,0.000000
1423.097046,0.000000,0.000000,-60.970001,0.000000,0.000000,0.000000,0.000000,0.000000
1423.102051,0.000000,0.000000,-60.970001,0.000000,0.000000,0.000000,0.000000,0.000000
1423.107056,0.000000,0.000000,-60.970001,0.000000,0.000000,0.000000,0.000000,0.000000
1423.112061,0.000000,0.000000,-60.980000,0.000000,0.000000,0.000000,0.000000,0.000000
1423.116943,0.000000,0.000000,-60.980000,0.000000,0.000000,0.000000,0.000000,0.000000
1423.121948,0.000000,0.000000,-60.980000,0.000000,0.000000,0.000000,0.000000,0.000000
1423.126953,0.000000,0.000000,-60.980000,0.000000,0.000000,0.000000,0.000000,0.000000
1423.131958,0.000000,0.000000,-60.970001,0.000000,0.000000,0.000000,0.000000,0.000000
1423.136963,0.000000,0.000000,-60.970001,0.000000,0.000000,0.000000,0.000000,0.000000
1423.141968,0.000000,0.000000,-60.970001,0.000000,0.000000,0.000000,0.000000,0.000000
1423.146973,0.000000,0.000000,-60.970001,0.000000,0.000000,0.000000,0.000000,0.000000
1423.151978,0.000000,0.000000,-60.970001,0.000000,0.000000,0.000000,0.000000,0.000000
1423.156982,0.000000,0.000000,-60.970001,0.000000,0.000000,0.000000,0.000000,0.000000
1423.161987,0.000000,0.000000,-60.970001,0.000000,0.000000,0.000000,0.000000,0.000000
1423.166992,0.000000,0.000000,-60.970001,0.000000,0.000000,0.000000,0.000000,0.000000
1423.171997,0.000000,0.000000,-60.970001,0.000000,0.000000,0.000000,0.000000,0.000000
1423.177002,0.000000,0.000000,-60.970001,0.000000,0.000000,0.000000,0.000000,0.000000
1423.182007,0.000000,0.000000,-60.970001,0.000000,0.000000,0.000000,0.000000,0.000000
1423.187012,0.000000,0.000000,-60.970001,0.000000,0.000000,0.000000,0.000000,0.000000
1423.192017,0.000000,0.000000,-60.970001,0.000000,0.000000,0.000000,0.000000,0.000000
1423.197021,0.000000,0.000000,-60.970001,0.000000,0.000000,0.000000,0.000000,0.000000
1423.202026,0.000000,0.000000,-60.970001,0.000000,0.000000,0.000000,0.000000,0.000000
1423.207031,0.000000,0.000000,-60.970001,0.000000,0.000000,0.000000,0.000000,0.000000
1423.212036,0.000000,0.000000,-60.970001,0.000000,0.000000,0.000000,0.000000,0.000000
1423.217041,0.000000,0.000000,-60.970001,0.000000,0.000000,0.000000,0.000000,0.000000
1423.222046,0.000000,0.000000,-60.970001,0.000000,0.000000,0.000000,0.000000,0.000000
1423.227051,0.000000,0.000000,-60.970001,0.000000,0.000000,0.000000,0.000000,0.000000
1423.232056,0.000000,0.000000,-60.970001,0.000000,0.000000,0.000000,0.000000,0.000000
1423.237061,0.000000,0.000000,-60.970001,0.000000,0.000000,0.000000,0.000000,0.000000
1423.241943,0.000000,0.000000,-60.970001,0.000000,0.000000,0.000000,0.000000,0.000000
1423.246948,0.000000,0.000000,-60.980000,0.000000,0.000000,0.000000,0.000000,0.000000
1423.251953,0.000000,0.000000,-60.970001,0.000000,0.000000,0.000000,0.000000,0.000000
1423.256958,0.000000,0.000000,-60.970001,0.000000,0.000000,0.000000,0.000000,0.000000
1423.261963,0.000000,0.000000,-60.970001,0.000000,0.000000,0.000000,0.000000,0.000000
1423.266968,0.000000,0.000000,-60.970001,0.000000,0.000000,0.000000,0.000000,0.000000
1423.271973,0.000000,0.000000,-60.970001,0.000000,0.000000,0.000000,0.000000,0.000000
1423.276978,0.000000,0.000000,-60.970001,0.000000,0.000000,0.000000,0.000000,0.000000
1423.281982,0.000000,0.000000,-60.970001,0.000000,0.000000,0.000000,0.000000,0.000000
1423.286987,0.000000,0.000000,-60.970001,0.000000,0.000000,0.000000,0.000000,0.000000
1423.291992,0.000000,0.000000,-60.970001,0.000000,0.000000,0.000000,0.000000,0.000000
1423.296997,0.000000,0.000000,-60.970001,0.000000,0.000000,0.000000,0.000000,0.000000
1423.302002,0.000000,0.000000,-60.980000,0.000000,0.000000,0.000000,0.000000,0.000000
1423.307007,0.000000,0.000000,-60.970001,0.000000,0.000000,0.000000,0.000000,0.000000
1423.312012,0.000000,0.000000,-60.970001,0.000000,0.000000,0.000000,0.000000,0.000000
1423.317017,0.000000,0.000000,-60.980000,0.000000,0.000000,0.000000,0.000000,0.000000
1423.322021,0.000000,0.000000,-60.980000,0.000000,0.000000,0.000000,0.000000,0.000000
1423.327026,0.000000,0.000000,-60.980000,0.000000,0.000000,0.000000,0.000000,0.000000
1423.332031,0.000000,0.000000,-60.980000,0.000000,0.000000,0.000000,0.000000,0.000000
1423.337036,0.000000,0.000000,-60.980000,0.000000,0.000000,0.000000,0.000000,0.000000
1423.342041,0.000000,0.000000,-60.990002,0.000000,0.000000,0.000000,0.000000,0.000000
1423.347046,0.000000,0.000000,-60.990002,0.000000,0.000000,0.000000,0.000000,0.000000
1423.352051,0.000000,0.000000,-60.990002,0.000000,0.000000,0.000000,0.000000,0.000000
1423.357056,0.000000,0.000000,-60.980000,0.000000,0.000000,0.000000,0.000000,0.000000
1423.362061,0.000000,0.000000,-60.990002,0.000000,0.000000,0.000000,0.000000,0.000000
1423.366943,0.000000,0.000000,-60.990002,0.000000,0.000000,0.000000,0.000000,0.000000
1423.371948,0.000000,0.000000,-60.980000,0.000000,0.000000,0.000000,0.000000,0.000000
1423.376953,0.000000,0.000000,-60.980000,0.000000,0.000000,0.000000,0.000000,0.000000
1423.381958,0.000000,0.000000,-60.980000,0.000000,0.000000,0.000000,0.000000,0.000000
1423.386963,0.000000,0.000000,-60.980000,0.000000,0.000000,0.000000,0.000000,0.000000
1423.391968,0.000000,0.000000,-60.980000,0.000000,0.000000,0.000000,0.000000,0.000000
1423.396973,0.000000,0.000000,-60.980000,0.000000,0.000000,0.000000,0.000000,0.000000
1423.401978,0.000000,0.000000,-60.980000,0.000000,0.000000,0.000000,0.000000,0.000000
1423.406982,0.000000,0.000000,-60.980000,0.000000,0.000000,0.000000,0.000000,0.000000
1423.411987,0.000000,0.000000,-60.980000,0.000000,0.000000,0.000000,0.000000,0.000000
1423.416992,0.000000,0.000000,-60.980000,0.000000,0.000000,0.000000,0.000000,0.000000
1423.421997,0.000000,0.000000,-60.980000,0.000000,0.000000,0.000000,0.000000,0.000000
1423.427002,0.000000,0.000000,-60.980000,0.000000,0.000000,0.000000,0.000000,0.000000
1423.432007,0.000000,0.000000,-60.980000,0.000000,0.000000,0.000000,0.000000,0.000000
1423.437012,0.000000,0.000000,-60.980000,0.000000,0.000000,0.000000,0.000000,0.000000
1423.442017,0.000000,0.000000,-60.980000,0.000000,0.000000,0.000000,0.000000,0.000000
1423.447021,0.000000,0.000000,-60.980000,0.000000,0.000000,0.000000,0.000000,0.000000
