time,spd_kp_0.203_ki_0.004_pwma,spd_kp_0.27_ki_0.0043_tar40_pwma,spd_kp_0.291_ki_0.00290_pwma,spd_kp_0.203_ki_0.004_pwmb,spd_kp_0.27_ki_0.0043_tar40_pwmb,spd_kp_0.291_ki_0.00290_pwmb,spd_kp_0.203_ki_0.004_pitch,spd_kp_0.27_ki_0.0043_tar40_pitch,spd_kp_0.291_ki_0.00290_pitch,spd_kp_0.203_ki_0.004_motor_a_speed,spd_kp_0.27_ki_0.0043_tar40_motor_a_speed,spd_kp_0.291_ki_0.00290_motor_a_speed,spd_kp_0.203_ki_0.004_motor_b_speed,spd_kp_0.27_ki_0.0043_tar40_motor_b_speed,spd_kp_0.291_ki_0.00290_motor_b_speed,spd_kp_0.203_ki_0.004_target_angle,spd_kp_0.27_ki_0.0043_tar40_target_angle,spd_kp_0.291_ki_0.00290_target_angle,spd_kp_0.203_ki_0.004_angle_error,spd_kp_0.27_ki_0.0043_tar40_angle_error,spd_kp_0.291_ki_0.00290_angle_error
0,32,34,3,32,34,3,2.62,3.87,2.68,0,2,-2,-2,0,-2,3.14,4.18,2.22,0.52,0.31,-0.46
0.00500000480769231,56.9750489894691,36.9970058787363,-20.9760470298903,56.9750489894691,36.9970058787363,-20.9760470298903,2.59002994121264,3.7900798432337,2.62005988242527,0,2,-2,-0.00199608084247083,0,-2,2.93020958848846,4.18,2.22,0.340179647275822,0.389920156766301,-0.400059882425274
0.0100000096153846,52.0019915795632,43.9860274341027,-9.02395297010965,52.0019915795632,43.9860274341027,-9.02395297010965,2.59999601684087,3.8299201567663,2.55013972565897,0,0.00399216168494165,-0.00399216168494165,0,1.99600783831506,-0.00399216168494165,2.93,4.44946105817253,2.21001996080842,0.330003983159126,0.619540901406232,-0.340119764850548
0.0150000144230769,29.0321015522969,59.9520940597807,-2.02095884884347,29.0321015522969,59.9520940597807,-2.02095884884347,2.53009770037656,3.81005988242527,2.50014970606317,0,0,0,0,2,0,-4.97894590025256,4.45,2.21,-7.50904360062911,0.639940117574726,-0.290149706063168
0.0200000192307692,30.9984067363494,61.9920156766315,-1.00399216168459,30.9984067363494,61.9920156766315,-1.00399216168459,2.6998645725897,3.78011976485053,2.51992015676631,0,1.99201567663153,-1.99201567663083,0,0.0079843233684691,-1.99201567663083,-4.99,-6.30688465381027,-8.80584669176847,-7.6898645725897,-10.0870044186608,-11.3257668485348
0.0250000240384615,-581.880275280602,-737.987877507204,-796.012828517448,-581.880275280602,-737.987877507204,-796.012828517448,2.69000195309493,3.62079843233687,2.49014970606317,0,2,-2,1.99960938101338,0,-2,-5.14996875048107,-6.35,-8.85,-7.839970703576,-9.97079843233688,-11.3401497060632
0.0300000288461539,-578.004772150926,-727.089823637901,-800,-578.004772150926,-727.089823637901,-800,2.68001193037732,3.72934129332206,2.42041917697687,0,2,-2,2,0,-0.0119764850534085,-5.15,-6.50904188119573,-9.54580823023131,-7.83001193037732,-10.2383831745178,-11.9662274072082
0.0350000336538462,-581.997625498376,-753.811370360406,-800,-581.997625498376,-753.811370360406,-800,2.79992876495129,3.70020958848844,2.65832329209249,-1.99881274918811,2,-2,0.00118725081189353,0,0,-5.1000296812703,-6.51,-9.55,-7.89995844622158,-10.2102095884884,-12.2083232920925
0.0400000384615385,-588.998653307477,-752.015572157659,-800,-588.998653307477,-752.015572157659,-800,2.88998268538184,3.67023358236488,2.85844278423414,-2,2,-5.9688556846829,0,1.98442784234145,-3.9688556846829,-5.1,-6.67867636659902,-9.38132363340098,-7.98998268538184,-10.3489099489639,-12.2397664176351
0.0450000432692308,-580.010711403982,-757.947304618458,-800,-580.010711403982,-757.947304618458,-800,3.27953583916078,3.74929739491277,2.87982434872819,-11.98809844002,2,-6,-9.98809844002001,2,-4,-5.66932161108114,-6.68,-9.38,-8.94885745024192,-10.4292973949128,-12.2598243487282
0.0500000480769231,-583.997637043765,-761.960877583953,-780.195612080233,-583.997637043765,-761.960877583953,-780.195612080233,3.21004135173412,3.82921755167907,2.34528152616628,-12,0.0195612080232777,-13.9217551679069,-10,0.0195612080232777,-13.9021939598836,-5.67,-6.58097806040116,-10.6474808268651,-8.88004135173412,-10.4101956120802,-12.9927623530314
0.0550000528846154,-548.998531276408,-748.15090102205,-715.700611888114,-548.998531276408,-748.15090102205,-715.700611888114,2.87999619611156,3.85967664066703,1.94431145777301,-12,0,-14,-12,0,-14,-7.86,-6.58,-10.66,-10.7399961961116,-10.439676640667,-12.604311457773
0.0600000576923077,-410.137258894959,-725.270863751628,-591.472085606719,-410.137258894959,-725.270863751628,-591.472085606719,2.5203554906632,4.17623146084691,1.35694824406371,-12,-9.88223315146601,-17.952893260585,-12,-9.88223315146601,-17.952893260585,-7.86,-7.27175632060262,-13.3776141166522,-10.3803554906632,-11.4479877814495,-14.7345623607159
0.0650000625,-464.978674704825,-774.361263736268,-682.799175824151,-464.978674704825,-774.361263736268,-682.799175824151,2.01019774364616,4.17012774725275,0.866259615384745,-17.9976736041628,-10,-18,-17.9976736041628,-10,-18,-8.26984102961779,-7.28,-13.41,-10.280038773264,-11.4501277472527,-14.2762596153847
0.0700000673076923,-371.982513640223,-706.950320833015,-583.404822100979,-371.982513640223,-706.950320833015,-583.404822100979,1.18988484592342,3.82482046799355,0.0512936678706184,-18,-11.9724544686083,-23.9173634058247,-18,-13.9449089372165,-25.889817874433,-8.27030281257175,-10.1104721624528,-14.7118199492814,-9.46018765849517,-13.9352926304464,-14.7631136171521
0.0750000721153846,-290.064352954735,-747.379626143082,-545.546519826333,-290.064352954735,-747.379626143082,-545.546519826333,0.650423787750693,3.03181664489368,-0.698921895412172,-18,-12,-24,-18,-14,-26,-9.6888855951741,-10.15,-14.73,-10.3393093829248,-13.1818166448937,-14.0310781045878
0.0800000769230769,-213.029627235515,-559.027618535362,-416.065718896523,-213.029627235515,-559.027618535362,-416.065718896523,0.0702231661895917,2.07513809267681,-1.79265426880783,-18,-19.8738492276933,-25.9684623069233,-18,-21.8738492276933,-27.9684623069233,-9.69,-11.1637580880655,-14.9957424114346,-9.76022316618959,-13.2388961807423,-13.2030881426268
0.0850000817307692,-247.9586052312,-473.391913392378,-284.187292473737,-247.9586052312,-473.391913392378,-284.187292473737,-0.689101142163207,1.27325631802265,-2.79342960247169,-21.99526916928,-20,-26,-23.9929037539201,-22,-28,-9.9297161501568,-11.18,-15,-9.2406150079936,-12.4532563180226,-12.2065703975283
0.0900000865384616,-142.082998584057,-360.984859371431,-170.984859371431,-142.082998584057,-360.984859371431,-170.984859371431,-1.74917001415943,0.395457311919109,-4.21488186813145,-22,-21.9648697456384,-31.8946092369152,-24,-23.9648697456384,-33.8946092369152,-9.93,-13.5280193460379,-15,-8.18082998584057,-13.923476657957,-10.7851181318686
0.0950000913461539,-24.0214571050293,-436.533509759494,-44.357522285415,-24.0214571050293,-436.533509759494,-44.357522285415,-2.7098254337218,-0.316820151003045,-5.16255062245441,-20.0003636797463,-22,-32,-22.0003636797463,-24,-34,-11.1697745185573,-13.57,-15,-8.45994908483552,-13.253179848997,-9.83744937754559
0.100000096153846,85.8702451394656,-347.799631138076,36.4351033581662,85.8702451394656,-347.799631138076,36.4351033581662,-3.8586434719126,-1.45750461077405,-6.70948451548424,-20,-25.9217551679097,-32,-22,-27.9217551679097,-34,-11.17,-14.3543510335819,-15,-7.3113565280874,-12.8968464228079,-8.29051548451576
0.105000100961538,106.987816728499,-271.562502881729,157.491771689813,106.987816728499,-271.562502881729,157.491771689813,-4.81944305044567,-2.72388975447637,-7.97409534696036,-21.9988396884285,-26,-32,-20.0011603115715,-28,-34,-11.0200870233679,-14.37,-15,-6.2006439729222,-11.6461102455236,-7.02590465303964
0.110000105769231,199.002535925584,-133.99646315224,253.930500268956,199.002535925584,-133.99646315224,253.930500268956,-6.19002810650856,-3.69908942980091,-9.44809521247973,-21.9999154691472,-26,-26.1293437331903,-19.9999577345736,-28,-30.0862291554602,-11.0200050718512,-14.986418908015,-15,-4.82997696534261,-11.2873294782141,-5.55190478752027
0.115000110576923,318.882771075079,-85.0601004764549,366.451247790651,318.882771075079,-85.0601004764549,366.451247790651,-7.51870071274879,-5.14706921924204,-11.190528173749,-18.0039076308307,-26,-26,-18.0019538154154,-28,-30,-11.2597655421502,-15,-15,-3.74106482940137,-9.85293078075796,-3.80947182625098
0.120000115384615,411.94632468371,33.1735956350991,496.914508568317,411.94632468371,33.1735956350991,496.914508568317,-8.60937090220693,-6.46890955198609,-12.9094882041031,-18,-27.952893260585,-22.09421347883,-18,-28,-24.141320218245,-11.26,-15,-15,-2.65062909779307,-8.53109044801391,-2.09051179589691
0.125000120192308,443.000816491201,141.002497502498,629.001512910167,443.000816491201,141.002497502498,629.001512910167,-9.76001849112426,-7.86003866325983,-14.3800266560363,-14,-27.9998559133174,-21.9999039422116,-14,-27.9999519711058,-23.9999039422116,-10.9,-15,-15,-1.13998150887574,-7.13996133674017,-0.619973343963722
0.130000125,476.966883116879,244.898701298689,691.938636363629,476.966883116879,244.898701298689,691.938636363629,-10.5292499999999,-9.46843181818164,-15.4889188311687,-14,-22.0058441558448,-18.0038961038966,-14,-26.0019480519483,-20.0038961038966,-10.9,-15,-15,-0.370750000000089,-5.53156818181837,0.488918831168705
0.135000129807692,505.989146372439,366.759407899764,705.972391070465,505.989146372439,366.759407899764,705.972391070465,-11.3197043322147,-11.0169432970872,-16.5279500489767,-8.00224557811616,-22,-18,-10.0014970520774,-26,-20,-10.3202170725512,-15,-15,0.999487259663477,-3.98305670291283,1.52795004897674
0.140000134615385,513.989026358256,472.685168677439,722.949508184124,513.989026358256,472.685168677439,722.949508184124,-12.3286145777298,-12.3261091600702,-17.7563467715861,-8,-20.0059402136332,-12.0178206408976,-10,-20.0178206408997,-12.0237608545301,-10.32,-15,-15,2.00861457772983,-2.67389083992976,2.75634677158611
0.145000139423077,595.936648527576,518.817465227092,761.845242257738,595.936648527576,518.817465227092,761.845242257738,-13.1993278563292,-13.5252382233154,-18.6564286674863,-0.00618063145594672,-20,-12,-4.00463547359196,-20,-12,-9.52061806314559,-15,-15,3.67870979318357,-1.47476177668456,3.65642866748626
0.150000144230769,612.997088637799,546.860946745566,752.049661876587,612.997088637799,546.860946745566,752.049661876587,-13.669919509398,-14.604636517329,-19.2769219586854,0,-14.0297971259502,-2.04966187658724,-4,-18.0099323753167,-4.03972950126979,-9.52,-14.9701489856298,-14.5124334319528,4.14991950939799,-0.365512468300791,4.76448852673263
0.155000149038462,623.987140743871,575.827037385691,734.107356105433,623.987140743871,575.827037385691,734.107356105433,-13.8497895758088,-15.7630814954277,-19.6875556664874,0,-14,-2,-0.00467609313776407,-18,-4,-8.29143789863986,-14.97,-14.51,5.55835167716894,0.793081495427656,5.17755566648736
0.160000153846154,563.034743923273,609.763282870971,680.375962499045,563.034743923273,609.763282870971,680.375962499045,-14.2197892581703,-16.5544988148466,-20.1765884953969,0,-6.05569814800674,3.95822638899495,0,-8.06962268500842,-0.0278490740033677,-8.29,-14.1557090601707,-12.0671271805121,5.92978925817031,2.39878975467591,8.10946131488479
0.165000158653846,644.986196401635,654.650707318759,799.068552850024,644.986196401635,654.650707318759,799.068552850024,-14.9098838477699,-16.9668165555709,-20.7257308672293,9.99831663434575,-6,4,7.9986533074766,-8,0,-8.06003871741005,-14.15,-12.05,6.84984513035981,2.81681655557092,8.67573086722928
0.170000163461538,670.969680319677,604.446686006309,800,670.969680319677,604.446686006309,800,-14.9599416929225,-17.6539565923326,-20.7597372435257,10,-2.03503419657324,11.9299316068535,8,-6.01751709828662,9.91241450856691,-8.06,-11.9791812226238,-10.7316488703606,6.89994169292245,5.67477536970872,10.0280883731651
0.175000168269231,627.024934191286,772.341379774027,800,627.024934191286,772.341379774027,800,-14.8800453348932,-18.4819020306614,-20.9085365115653,11.9988666276688,-2,12,9.99886662766882,-6,10,-6.39094636589654,-11.96,-10.72,8.48909896899671,6.52190203066143,10.1885365115653
0.180000173076923,538.002247752252,799.720379620388,792.086037039883,538.002247752252,799.720379620388,792.086037039883,-14.690009336817,-18.9153755091064,-20.9297849074003,12.000276646431,7.89245370014926,13.9784907400292,10.000276646431,3.89245370014926,13.9569814800583,-6.38999031737491,-11.366452777991,-8.23699412126342,8.30001901944213,7.54892273111537,12.6927907861369
0.185000177884615,602.937375124872,800,799.905978636747,602.937375124872,800,799.905978636747,-14.9597398659033,-19.0089422596634,-20.8509402136325,19.9922923230611,8,14,17.9922923230611,4,14,-6.11026976869286,-11.36,-8.21,8.84947009721045,7.64894225966343,12.6409402136325
0.190000182692308,605.998908960761,722.007306155376,800,605.998908960761,722.007306155376,800,-14.8900254575822,-19.0001275071083,-20.494590255898,20,8,21.8979943133769,18,4,19.9234957350326,-6.11,-8.8721317912854,-7.43007306155404,8.78002545758224,10.1279957158229,13.064517194344
0.1950001875,578.977222777242,798.913848651347,800,578.977222777242,798.913848651347,800,-14.5099122127873,-19.4438140481893,-20.2631622127872,20,8,22,18,4,20,-4.6,-8.84,-7.42,9.90991221278729,10.6038140481893,12.8431622127872
0.200000192307692,483.073034657647,800,768.47189733344,483.073034657647,800,768.47189733344,-14.140281487743,-19.8342487659955,-19.9250139091678,20,15.8820256666399,25.94101283332,18,13.8525320832999,23.94101283332,-4.6,-8.9877879812495,-5.48890371167322,9.54028148774301,10.846460784746,14.4361101974946
0.205000197115385,527.983767545477,800,799.49616537308,527.983767545477,800,799.49616537308,-14.1100108216363,-19.7022052607479,-19.6542511046646,25.9978356727302,16,26,23.9978356727302,14,24,-4.67997114230307,-8.99,-5.46,9.43003967933328,10.7122052607479,14.1942511046646
0.210000201923077,512.018539014941,760.661855131287,788.198556539386,512.018539014941,760.661855131287,788.198556539386,-13.5606372786386,-19.3557912489451,-19.0009206096662,26,19.9338144868713,31.900721730307,24,17.9338144868713,29.900721730307,-4.68,-6.74772574248333,-4.3683664798932,8.88063727863861,12.6080655064618,14.632554129773
0.215000206730769,434.059198679478,799.298355490652,768.350822254674,434.059198679478,799.298355490652,768.350822254674,-13.080364299566,-19.2124547733238,-18.4299984342582,24.0015179148584,20,32,24,18,30,-3.550857621895,-6.71,-4.35,9.52950667767102,12.5024547733238,14.0799984342582
0.220000211538462,358.011991810469,777.426400522548,687.520210558677,358.011991810469,777.426400522548,687.520210558677,-12.5700804713597,-19.0824100713709,-17.8507527088297,24,25.8887650810745,33.9629216936908,24,23.8887650810745,31.9629216936908,-3.55,-5.74816837009116,-2.68151656036281,9.02008047135972,13.3342417012797,15.1692361484669
0.225000216346154,383.969955044953,799.550644547764,739.92545435333,383.969955044953,799.550644547764,739.92545435333,-12.2204044513179,-18.599573224852,-17.2125047843513,29.9930665488353,26,34,27.9953776992235,24,32,-3.80969955044953,-5.73,-2.65,8.41070490086842,12.869573224852,14.5625047843513
0.230000221153846,350.018907498345,711.848171059704,666.560677783777,350.018907498345,711.848171059704,666.560677783777,-11.6303281007066,-17.9631435292227,-16.4164282077329,30,27.9589295320066,35.9589295320059,28,25.9589295320066,35.9178590640118,-3.81,-4.23141890801496,-2.10149973103836,7.82032810070657,13.7317246212077,14.3149284766945
0.235000225961538,262.996207638535,724.677000883731,613.141263544151,262.996207638535,724.677000883731,613.141263544151,-10.8399756205334,-17.4999053277655,-15.6857192903251,26,28,36,26,26,36,-2.86,-4.2,-2.09,7.97997562053344,13.2999053277655,13.5957192903251
0.240000230769231,179.080043033889,665.37441020519,530.870099131652,179.080043033889,665.37441020519,530.870099131652,-10.3005145623607,-17.0794631522325,-14.9662225466842,26,33.864812110965,37.9549373703217,26,31.864812110965,37.9549373703217,-2.86,-3.74058971797441,-1.2591516176133,7.44051456236071,13.338873434258,13.7070709290709
0.245000235576923,205.985066141839,643.494116460469,519.235293552604,205.985066141839,643.494116460469,519.235293552604,-9.65035951880758,-16.396234278659,-14.1981176035505,31.9966813648531,34,38,27.9988937882844,32,38,-3.50964048119242,-3.73,-1.24,6.14071903761517,12.666234278659,12.9581176035505
0.250000240384615,164.995773457311,545.00091254899,437.996397832936,164.995773457311,545.00091254899,437.996397832936,-9.01997358410819,-15.5699740643971,-13.0199543725505,31.9998078844232,36,42,27.9999039422116,34,40,-3.50996397832936,-2.17,-0.67,5.51000960577884,13.3999740643971,12.3499543725505
0.255000245192308,77.0836010143798,563.981949780986,363.071250864528,77.0836010143798,563.981949780986,363.071250864528,-8.47052250633987,-15.0305130062246,-12.0709025109507,28.0038000461082,36,42,26.0019000230541,34,40,-2.76071250864528,-2.17,-0.67,5.70980999769459,12.8605130062246,11.4009025109507
0.26000025,44.0115569341606,505.114935064948,271.179220779242,44.0115569341606,505.114935064948,271.179220779242,-7.79023814288573,-14.0020064935067,-11.3514025974028,28,39.9922077922069,42,26,37.9922077922069,41.9961038961034,-2.76,-1.66099350649362,0.198305194804997,5.03023814288574,12.3410129870131,11.5497077922078
0.265000254807692,64.9716984938113,445.176765542171,291.938132060248,64.9716984938113,445.176765542171,291.938132060248,-7.28068732229315,-13.1425336394378,-10.2731817797587,26.0026953815418,40,42,26,38,42,-3.40912400099892,-1.66,0.2,3.87156332129423,11.4825336394378,10.4731817797587
0.270000259615385,49.0119764166195,358.343139552734,207.335251287184,49.0119764166195,358.343139552734,207.335251287184,-6.63048654192517,-12.2833919541994,-9.17433854606944,26,40,40.0078882655808,26,36.0078882655801,42,-3.41,-0.604180780757448,0.498816760162881,3.22048654192517,11.679211173442,9.67315530623232
0.275000264423077,-17.9901373516475,369.940693921465,154.261935180217,-17.9901373516475,369.940693921465,154.261935180217,-6.34004268907496,-11.4541020037654,-8.27444795589047,22.000588814827,40,40,22.000588814827,36,42,-3.65996319907331,-0.6,0.5,2.68007949000165,10.8541020037654,8.77444795589047
0.280000269230769,-22.9942749558132,306.380173672481,103.302950895258,-22.9942749558132,306.380173672481,103.302950895258,-5.91049235380006,-10.4559402136325,-7.17653423499577,22,41.988119572735,40,22,39.9762391454699,40.011880427265,-3.66,-0.868396142319221,0.21172266195343,2.25049235380006,9.58754407131329,7.3882568969492
0.285000274038462,-18.002727598097,203.714640167536,22.5619985783538,-18.002727598097,203.714640167536,22.5619985783538,-5.51021820784776,-9.47679948897268,-6.20673010643214,20.0010910392388,42,40,20.0010910392388,40,40,-4.52952539793113,-0.87,0.21,0.980692809916629,8.60679948897267,6.41673010643214
0.290000278846154,-61.9936513066757,134.533924783251,-31.5821458218032,-61.9936513066757,134.533924783251,-31.5821458218032,-5.27003462923631,-8.83495234581567,-5.26727375791676,20,38.0309521613479,36.0309521613479,20,36.0309521613479,36.0309521613479,-4.53,-0.0761904322695822,-0.0777559683022765,0.740034629236314,8.75876191354608,5.18951778961448
0.295000283653846,-43.0217004149723,162.74669849381,-79.5807423345821,-43.0217004149723,162.74669849381,-79.5807423345821,-4.96035405940218,-7.85855984400228,-4.49672559171608,16.0045685084152,38,36,18.0022842542076,36,36,-5.00945177899017,-0.07,-0.08,-0.0490977195879948,7.78855984400228,4.41672559171608
0.300000288461539,-42.0005426332723,106.554756781694,-95.8442787981209,-42.0005426332723,106.554756781694,-95.8442787981209,-4.85005968965995,-6.92905129485922,-3.76710477983573,16,38,34.0194651502349,18,37.9805348497651,32.0389303004698,-5.01,-1.13948881887316,-1.22871021286377,-0.159940310340046,5.78956247598606,2.53839456697197
0.305000293269231,-0.000703143011680891,-19.6372118266769,-187.012783370474,-0.000703143011680891,-19.6372118266769,-187.012783370474,-4.80999707023745,-6.26708220625506,-3.11697490009991,12,38,34,14,38,32,-5.7,-1.15,-1.24,-0.89000292976255,5.11708220625507,1.87697490009991
0.310000298076923,-11.9887266579568,-33.8475274725303,-192.941356720202,-11.9887266579568,-33.8475274725303,-192.941356720202,-4.76004697225851,-5.37055579036329,-2.50715448013533,12,34.0469146238368,26.0938292476765,14,34.0469146238368,26.0703719357574,-5.7,-0.893049450549394,-2.11956149619599,-0.939953027741487,4.47750633981389,0.387592983939341
0.315000302884615,41.9816601499391,-46.8345529470543,-249.274578306295,41.9816601499391,-46.8345529470543,-249.274578306295,-4.90994905597205,-4.74789055175587,-1.90763601782848,12,34,26,12.000679253706,34,26,-6.59969433583232,-0.89,-2.13,-1.68974527986027,3.85789055175587,-0.222363982171522
0.320000307692308,24.0154153538654,-54.8902021055866,-231.260769999232,24.0154153538654,-54.8902021055866,-231.260769999232,-5.03006793206788,-4.15809759471299,-1.53507815261662,12,30.0548989472067,22.0548989472067,11.9994774456317,28.0823484208101,22.0548989472067,-6.60008099592709,-1.96504003688617,-4.15186428955655,-1.57001306385921,2.19305755782682,-2.61678613693993
0.3250003125,82.9565309690334,-132.83690059939,-320.660227272715,82.9565309690334,-132.83690059939,-320.660227272715,-5.28980844155845,-3.48986426073935,-1.41176673326675,12,30,22,10.0014735264734,28,22,-6.90977160339662,-1.98,-4.18,-1.61996316183816,1.50986426073935,-2.76823326673325
0.330000317307692,124.985859728504,-137.937116729423,-221.603523399703,124.985859728504,-137.937116729423,-221.603523399703,-5.67986869747897,-3.17487345346969,-1.54779908552982,12,26.0628832705766,18.0628832705766,10,24.0628832705766,18.0628832705766,-6.91,-3.32846247982751,-5.37097781065058,-1.23013130252103,-0.153589026357826,-3.82317872512076
0.335000322115385,180.936458525489,-207.826912508442,-215.08261179518,180.936458525489,-207.826912508442,-215.08261179518,-6.10951209224929,-2.79627849643369,-1.54016522359036,10.0022693383754,26,18,10,24,18,-7.22963690585994,-3.35,-5.39,-1.12012481361065,-0.553721503566312,-3.84983477640964
0.340000326923077,193.99044617847,-177.560547145172,-152.121094290344,193.99044617847,-177.560547145172,-152.121094290344,-6.43975747991502,-2.56402893260592,-1.89369384461682,10,22.0700683931465,10.1401367862929,10,22.0350341965732,10.1401367862929,-7.23,-4.46020567893612,-6.58862914009033,-0.790242520084982,-1.8961767463302,-4.69493529547351
0.345000331730769,233.994650636537,-223.129788480764,-143.14812110966,233.994650636537,-223.129788480764,-143.14812110966,-6.79995185572883,-2.39314757358022,-2.22389000422652,8.00026746817315,22,10,8.00026746817315,22,10,-7.5499572050923,-4.48,-6.61,-0.750005349363463,-2.08685242641978,-4.38610999577348
0.350000336538462,258.971710981324,-179.878093060777,-54.7561861215862,258.971710981324,-179.878093060777,-54.7561861215862,-7.17957000691613,-2.39,-2.73004827864434,8,16.1170790747703,6.07805271651494,8,18.0780527165135,8.03902635825747,-7.55,-5.33302353415831,-8.95336350188232,-0.370429993083873,-2.94302353415831,-6.22331522323798
0.355000341346154,328.962756500056,-180.958977560901,-138.215523899153,328.962756500056,-180.958977560901,-138.215523899153,-7.74969673150045,-2.45856421463153,-3.19056483900702,8,16,6,8,18,8,-8.06972333400041,-5.35,-9,-0.32002660249996,-2.89143578536847,-5.80943516099298
0.360000346153846,350.002766464296,-110.548666717901,-53.8928148774348,350.002766464296,-110.548666717901,-53.8928148774348,-8.37004357181266,-2.75354722200875,-3.90451333282099,8.0001383232148,12.0860370398834,4.0430185199417,8.0001383232148,12.1290555598251,2.1290555598251,-8.07000899100896,-6.7492417582417,-9.93935111042799,0.300034580803698,-3.99569453623295,-6.034837777607
0.365000350961539,389.962844847461,-129.527346691766,-19.7427409129386,389.962844847461,-129.527346691766,-19.7427409129386,-8.99941480634751,-2.88707405094903,-4.61401981672162,9.99814224237304,12,4,9.99814224237304,12,2,-8.19987924575425,-6.78,-9.96,0.79953556059326,-3.89292594905097,-5.34598018327838
0.370000355769231,375.007935866656,-66.5278471528654,90.3674018289088,375.007935866656,-66.5278471528654,90.3674018289088,-9.14992064133344,-3.37824732959334,-5.43072562053308,10,10.0470106816266,4,10,8.09402136325326,2,-8.2,-8.19591725582069,-11.1903832705752,0.949920641333444,-4.81766992622735,-5.75965765004214
0.375000360576923,415.00727637747,-78.9936601859665,98.0074925074941,415.00727637747,-78.9936601859665,98.0074925074941,-9.68006123684009,-3.84003458080382,-6.32006844117423,8,9.99971182663484,3.99971182663484,10,7.99985591331742,1.99985591331742,-7.92,-8.2300670003074,-11.2200072043341,1.7600612368401,-4.39003241950358,-4.8999387631599
0.380000365384615,515.906474294925,8.91851225696466,201.903696303686,515.906474294925,8.91851225696466,201.903696303686,-10.529212902482,-4.31955552140163,-7.26912030277405,8,6.00370398831979,0.00370398831978802,10,6.00185199415989,0.00185199415989401,-7.92,-9.15913882271565,-11.319907400292,2.60921290248204,-4.83958330131402,-4.05078709751795
0.385000370192308,542.991193754714,19.978835587487,293.822988549891,542.991193754714,19.978835587487,293.822988549891,-11.0598271366666,-5.01865317374917,-8.20819140474889,13.9980430566032,6,0,13.9986953710688,6,0,-8.24989236811317,-9.16,-11.32,2.80993476855344,-4.14134682625083,-3.11180859525111
0.390000375,497.060889110895,114.72240259737,388.722402597404,497.060889110895,114.72240259737,388.722402597404,-11.3096690809191,-5.71795454545431,-9.45634740259742,14,6,1.99415584415587,14,4.00584415584484,0,-8.25,-10.0972532467529,-12.2971363636364,3.05966908091905,-4.37929870129862,-2.84078896103896
0.395000379807692,500.997102107418,132.929437869827,426.851035502955,500.997102107418,132.929437869827,426.851035502955,-11.6997174554733,-6.58658949704163,-10.9242374260353,14,6,2,12.0014489462909,4,0,-7.35065202583089,-10.1,-12.3,4.34906542964238,-3.51341050295837,-1.37576257396465
0.400000384615385,590.988916426787,223.552447552459,535.463920694665,590.988916426787,223.552447552459,535.463920694665,-12.0399581287234,-7.42586874663809,-11.8952293859984,14,6,5.98032736494185,12,4,3.98032736494185,-7.35,-10.517934373319,-12.13083608699,4.68995812872342,-3.09206562668096,-0.235606700991572
0.405000389423077,648.934982325365,269.727854837471,578.745603435027,648.934982325365,269.727854837471,578.745603435027,-12.8291144144317,-8.2550895546761,-12.6555036886191,17.995516022439,6,6,17.9932740336585,4,4,-7.65965249173902,-10.52,-12.13,5.16946192269268,-2.2649104453239,0.525503688619079
0.410000394230769,615.017729868688,331.571317144387,578.006914239607,615.017729868688,331.571317144387,578.006914239607,-13.1498331306476,-9.32260176362088,-13.2359897410281,18,6,6,18,5.98617152078669,5.98617152078669,-7.66,-10.668962864059,-11.087259951587,5.48983313064764,-1.34636110043812,2.14872978944115
0.415000399038462,566.00589177979,394.514016671277,662.344308207278,566.00589177979,394.514016671277,662.344308207278,-13.1699975951919,-10.2131345212292,-14.1628259603855,18,6,6,16.0002404808078,6,6,-6.75010941876753,-10.67,-11.08,6.41988817642439,-0.456865478770849,3.08282596038552
0.420000403846154,630.927322677314,440.599316068541,726.442526704057,630.927322677314,440.599316068541,726.442526704057,-13.4097316529624,-10.6462544762929,-15.4487634288786,18,6,9.96515791900356,16,6,7.98257895950178,-6.75,-10.5510452624299,-10.8916549988473,6.65973165296239,0.0952092138629888,4.55710843003132
0.425000408653846,662.983405427871,455.854371589945,799.291275071065,662.983405427871,455.854371589945,799.291275071065,-13.8797562672219,-11.4224273226771,-16.0541738733064,25.9958513569678,6,10,23.9958513569678,6,8,-7.04984442588629,-10.55,-10.89,6.82991184133557,0.872427322677129,5.16417387330635
0.430000413461539,606.995952124794,506.453963344365,800,606.995952124794,506.453963344365,800,-13.8999966956121,-12.3599357949746,-16.6041123479866,25.9996695612077,6,15.9357603934526,24,6,13.9357603934526,-7.04987278106497,-10.6983940098364,-10.1183511488512,6.8501239145471,1.6615417851382,6.48576119913546
0.435000418269231,558.044856105435,578.157265811128,800,558.044856105435,578.157265811128,800,-13.8600366172289,-13.3187635441484,-17.1239126098228,22.0036617228927,6,16,24,6,14,-5.51140976331368,-10.7,-10.11,8.34862685391525,2.61876354414837,7.0139126098228
0.440000423076923,652.970020473829,638.237839083999,800,652.970020473829,638.237839083999,800,-13.7900220901772,-13.8828864981173,-17.8704719885497,22,13.8983785445332,17.9745946361326,24,13.8983785445332,17.9491892722652,-5.51,-10.8382216245293,-8.48095942519061,8.28002209017718,3.04466487358799,9.38951256335912
0.445000427884615,677.981170752337,620.260313724737,800,677.981170752337,620.260313724737,800,-14.1299857354184,-14.1563008049643,-18.6591764156392,30,14,18,28,14,18,-5.98,-10.84,-8.46,8.14998573541844,3.31630080496426,10.1991764156392
0.450000432692308,612.047041420115,594.382167832171,800,612.047041420115,594.382167832171,800,-14.0800356374395,-14.6329445938676,-18.9557363734938,30,14,23.9118074233451,28,12.0293975255516,23.9118074233451,-5.98,-8.8595445131794,-7.67175901022065,8.10003563743948,5.77340008068821,11.2839773632731
0.4550004375,561.015943877554,769.205969030924,800,561.015943877554,769.205969030924,800,-13.9500406412565,-15.5061868131866,-19.3340351990883,30,14,24,26.0006252501001,12,24,-4.83035951880759,-8.83,-7.66,9.11968112244892,6.67618681318659,11.6740351990883
0.460000442307692,616.937803603273,799.538046485884,800,616.937803603273,799.538046485884,800,-13.8001665974912,-16.0314218468109,-19.6153814483605,30,19.9010099612607,25.9670033204203,26,19.868013281681,25.9670033204203,-4.83,-9.20373063087985,-6.00771721084699,8.97016659749123,6.82769121593108,13.6076642375135
0.465000447115385,621.996445693662,800,800,621.996445693662,800,800,-13.9498933708099,-16.4330037664642,-19.8558026598785,33.9971565549294,20,26,31.9957348323941,20,26,-5.07982228468309,-9.21,-5.98,8.87007108612677,7.22300376646419,13.8758026598785
0.470000451923077,565.006251828018,793.12943786982,800,565.006251828018,793.12943786982,800,-13.7500219362387,-16.6461168823965,-19.8207396634615,34,21.9630177514799,33.8520710059167,32,20,31.8890532544375,-5.08,-7.47272928994031,-5.44998520710062,8.67002193623866,9.1733875924562,14.3707544563609
0.475000456730769,519.050947129797,799.863575847231,800,519.050947129797,799.863575847231,800,-13.560210433797,-17.1108410731106,-19.8984408668255,34,22,34,32,20,32,-4.11107431991094,-7.44,-5.44,9.44913611388605,9.67084107311063,14.4584408668255
0.480000461538462,557.980188112869,800,800,557.980188112869,800,800,-13.3001320792475,-17.6489369297318,-19.9783610235918,34,27.8770767693849,35.9590255897943,32,25.8770767693849,33.9590255897943,-4.11,-7.25389256896948,-3.48097441020573,9.19013207924754,10.3950443607624,16.497386613386
0.485000466346154,558.994688964894,800,800,558.994688964894,800,800,-13.339959002536,-17.689356421149,-20.0387118637833,36,28,36,36,26,34,-4.14,-7.25,-3.44,9.19995900253602,10.439356421149,16.5987118637833
0.490000471153846,502.051577268884,800,800,502.051577268884,800,800,-12.9003981403212,-17.7193245463882,-19.7369698411262,36,29.95503342811,37.95503342811,36,27.95503342811,35.95503342811,-4.14,-5.75439942749582,-2.89259064012919,8.76039814032121,11.9649251188924,16.844379200997
0.495000475961539,448.027270523599,800,800,448.027270523599,800,800,-12.4702171541694,-17.9055385245091,-19.6421123428543,34.0010100193925,30,38,36,28,36,-3.56029290562384,-5.72,-2.88,8.90992424854556,12.1855385245091,16.7621123428543
0.500000480769231,468.999903942212,800,800,468.999903942212,800,800,-12.1499903942212,-18.0099971182663,-19.5099923153769,34.0003842311535,36,40,36.0001921155768,34,38,-3.56002113271345,-5.23,-2.31,8.58996926150772,12.7799971182663,17.1999923153769
0.505000485576923,468.000901982633,800,800,468.000901982633,800,800,-12.0500901982633,-17.980027059479,-19.4300721586106,37.9963920694686,36,40,37.9981960347343,34,38,-3.77980156382077,-5.23,-2.31,8.27028863444252,12.750027059479,17.1200721586106
0.510000490384615,406.01873046905,800,800,406.01873046905,800,800,-11.5501510521698,-17.9201140013832,-18.9409320093965,38,36,43.9923999077837,38,34,43.9885998616755,-3.78,-3.66298303619492,-1.74108301314083,7.77015105216976,14.2571309651883,17.1998489962556
0.515000495192308,366.051986475067,800,800,366.051986475067,800,800,-11.1605068681319,-17.8601748809105,-18.6508404413058,38,36,44,36.0025993237534,34,44,-3.19076680050725,-3.66,-1.74,7.96974006762466,14.2001748809105,16.9108404413058
0.5200005,404.972683610166,800,800,404.972683610166,800,800,-10.9401540924555,-17.7803126883117,-18.3611308662338,38,39.9844155844166,42.0077922077924,36,39.9766233766249,42.0077922077924,-3.19,-3.67992207792208,-0.295649350649496,7.75015409245548,14.1003906103896,18.0654815155843
0.525000504807692,387.001783762563,800,800,387.001783762563,800,800,-10.5600376572097,-17.3919077260719,-18.2903435901022,39.9998018041596,40,42,37.9998018041596,40,42,-3.39997918943676,-3.68,-0.29,7.16005846777291,13.7119077260719,18.0003435901022
0.530000509615385,356.034006378238,800,800,356.034006378238,800,800,-10.2403510335818,-17.0718854932241,-17.7730639419561,40,40,45.9764312610467,38,40,45.9764312610467,-3.4,-2.35783660570197,-0.856641454699155,6.84035103358181,14.7140488875221,16.916422487257
0.535000514423077,346.004974138328,800,800,346.004974138328,800,800,-9.91016414656483,-16.9011713382771,-17.4323426765542,38.0009948276656,40,46,34.0019896553313,40,46,-3.00019896553313,-2.35,-0.86,6.9099651810317,14.5511713382771,16.5723426765542
0.540000519230769,380.996633268691,800,800,380.996633268691,800,800,-9.68002212423431,-16.5824608005903,-17.0926146006272,38,43.9692399926212,46,34,43.9692399926212,46,-3,-2.35,0.301002697841706,6.68002212423431,14.2324608005903,17.3936172984689
0.545000524038462,383.996717705371,800,800,383.996717705371,800,800,-9.47022976062402,-16.1537351974949,-16.9611282544408,36.0021881964192,44,46,35.9978118035808,44,46,-3.61932165911004,-2.35,0.31,5.85090810151398,13.8037351974949,17.2711282544408
0.550000528846154,326.028682594174,800,800,326.028682594174,800,800,-9.15015824879544,-15.7142612003382,-16.5143580361159,36,44,49.961261815107,36,45.9806309075535,49.961261815107,-3.62,-1.28045930992112,0.329806309075535,5.53015824879544,14.4338018904171,16.8441643451915
0.555000533653846,330.002132482903,800,800,330.002132482903,800,800,-8.97999573503419,-15.4824569949281,-16.1934194170435,34,44,50,34,46,50,-3.63,-1.27,0.33,5.34999573503419,14.2124569949281,16.5234194170435
0.560000538461539,349.982171674478,800,800,349.982171674478,800,800,-8.94003565665104,-15.0649058633673,-15.7551394875894,34,47.9532774917399,48.0233612541308,34,47.9766387458699,50,-3.63,-0.983387381848857,1.49621686006285,5.31003565665104,14.0815184815185,17.2513563476522
0.565000543269231,357.997667831469,800,800,357.997667831469,800,800,-8.75005538900262,-14.5169732671174,-15.453803600246,34,48,48,34,48,50,-4.0498775611521,-0.98,1.51,4.70017782785052,13.5369732671174,16.963803600246
0.570000548076923,341.007114039802,746.738542227005,800,341.007114039802,746.738542227005,800,-8.65999690693922,-13.987248655191,-14.9962912856375,33.9993813878433,48,51.94529316837,33.9993813878433,48,51.972646584185,-4.05000927918235,-0.161351667563222,1.25355594405595,4.60998762775687,13.8258969876278,16.2498472296934
0.575000552884615,363.984159110122,758.809228271727,800,363.984159110122,758.809228271727,800,-8.65000688734342,-13.6351361619151,-14.6057231518482,32.0013774686851,48,52,32.0013774686851,48,52,-4.07997933796972,-0.15,1.25,4.5700275493737,13.4851361619151,15.8557231518482
0.580000557692308,405.98787976729,736.360474141249,800,405.98787976729,736.360474141249,800,-8.86993651306676,-13.2854854760625,-14.1373662107125,32,51.9373088450002,52,32,51.9373088450002,52,-4.08,-0.120470183662498,2.13589449012505,4.78993651306676,13.1650152924,16.2732607008375
0.5850005625,420.983700539569,711.411858013593,800,420.983700539569,711.411858013593,800,-8.92993480215828,-12.6997198491208,-13.8349422961631,33.9978267386092,52,52,32,52,52,-4.50953274880098,-0.12,2.15,4.4204020533573,12.5797198491208,15.9849422961631
0.590000567307692,389.02197802198,647.135489510507,800,389.02197802198,647.135489510507,800,-8.82007554945056,-12.0611802044111,-13.2896079881658,34,50.0349381387848,52,32,50.0349381387848,53.9650618612152,-4.51,0.980434642280496,2.17947592791823,4.31007554945055,13.0416148466916,15.4690839160841
0.595000572115385,428.996574867999,664.649124913554,800,428.996574867999,664.649124913554,800,-9.01998287434,-11.6377561861214,-12.8873868439253,32.0001712566,50,52,30.0001712566,50,54,-4.340014556811,1,2.18,4.67996831752899,12.6377561861214,15.0673868439253
0.600000576923077,490.932821025124,635.583954507025,800,490.932821025124,635.583954507025,800,-9.22977245831091,-11.0809004841311,-12.4387593176055,32,51.9610696995316,52,30,53.9221393990633,54,-4.34,0.519537923614747,2.5035765004226,4.88977245831091,11.6004384077459,14.9423358180281
0.605000581730769,526.982578008344,555.657518443089,800,526.982578008344,555.657518443089,800,-9.4199080505996,-10.609617699608,-12.1361389571967,32,52,52,31.9990321115747,54,54,-4.76979190398856,0.51,2.51,4.65011614661104,11.119617699608,14.6461389571967
0.610000586538462,517.001406286019,520.729681856606,800,517.001406286019,520.729681856606,800,-9.63001640667022,-10.012876738646,-11.6211598401599,31.9995312379936,52,52,31.9997656189968,52.0429224621533,55.9570775378467,-4.76998007761473,1.34175795358485,2.5393561630677,4.86003632905549,11.3546346922308,14.1605160032276
0.615000591346154,528.989429800968,544.438518212553,800,528.989429800968,544.438518212553,800,-9.7698766810113,-9.56010667217405,-11.2971869668793,28.0035233996772,52,52,30.0017616998386,52,56,-4.60014974448628,1.36,2.54,5.16972693652502,10.9201066721741,13.8371869668793
0.620000596153846,564.982685381842,523.516060862221,800,564.982685381842,523.516060862221,800,-9.93991823652537,-8.9933706677939,-11.0068026204565,28,52,52,30,53.9530853761618,54.0469146238382,-4.6,1.15492603550302,2.86225908706669,5.33991823652537,10.1482967032969,13.8690617075232
0.625000600961539,615.997118266349,477.997838699762,799.998919349881,615.997118266349,477.997838699762,799.998919349881,-10.4100336202259,-8.58994716821639,-10.699945967494,32,51.9997598555291,51.9997598555291,32,53.9997598555291,54.0004802889419,-5.25,1.15003842311535,2.86996998194113,5.16003362022593,9.73998559133174,13.5699159494352
0.630000605769231,592.021071236458,460.015803427344,791.007901713672,592.021071236458,460.015803427344,791.007901713672,-10.689754168908,-8.15038630600173,-10.2503950856836,32,50.0017559363715,50.0017559363715,32,52.0017559363715,57.996488127257,-5.25,1.46971905018056,2.62021949204644,5.43975416890799,9.62010535618229,12.87061457773
0.635000610576923,594.999165845661,470.979363905323,766.046900215175,594.999165845661,470.979363905323,766.046900215175,-10.8399582922831,-7.81063784292638,-9.99048776223782,32,50,50,30.0005561028925,52,58,-4.68015848932436,1.47,2.62,6.1597998029587,9.28063784292638,12.6104877622378
0.640000615384616,669.90432644278,463.022992392226,760.017244294167,669.90432644278,463.022992392226,760.017244294167,-11.209528010451,-7.33137954353355,-9.59114961961115,32,50,50,30,52,56.0057480980557,-4.68,0.981408284023831,2.9490515638208,6.52952801045105,8.31278782755738,12.540201183432
0.645000620192308,720.965505264698,403.232325366925,725.135523130718,720.965505264698,403.232325366925,725.135523130718,-11.7996009432583,-6.8518586029354,-9.24135523130718,33.9986472652823,50,50,33.9972945305645,52,56,-4.91983767183387,0.98,2.95,6.8797632714244,7.8318586029354,12.1913552313072
0.650000625,690.002326395834,381.10714285714,681.214285714295,690.002326395834,381.10714285714,681.214285714295,-11.8399969981989,-6.5713636363636,-8.79219155844165,34,48.00974025974,53.9805194805186,34,50.00974025974,56,-4.92,1.0297564935065,2.70121753246759,6.91999699819892,7.6011201298701,11.4934090909092
0.655000629807692,688.002145930992,388.95305463767,670.064549873203,688.002145930992,388.95305463767,670.064549873203,-12.0497746772458,-6.22205385960193,-8.56134967916698,34,48,54,34,50,56,-4.34062231998771,1.03,2.7,7.70915235725812,7.25205385960192,11.261349679167
0.660000634615385,764.963551207654,389.993133789288,716.677288096514,764.963551207654,389.993133789288,716.677288096514,-12.3598532581087,-5.94192253899949,-8.34151056635674,34,48,52.0137324214249,34,50,57.9862675785751,-4.34,0.543364443249106,3.31574294935827,8.01985325810874,6.4852869822486,11.657253515715
0.665000639423077,799.997474951519,355.268309390949,701.122655721577,799.997474951519,355.268309390949,701.122655721577,-12.9699559920122,-5.78122655721577,-8.14153319651971,37.9997114230307,48,52,35.9998557115154,50,58,-4.36999783567273,0.54,3.32,8.59995815633946,6.32122655721577,11.4615331965197
0.670000644230769,800,373.835412664256,682.164587335744,800,373.835412664256,682.164587335744,-13.2197324790594,-5.67095287404904,-7.74346499654197,38,44.0346499654197,52,36,44.0519749481296,56.0173249827099,-4.37,0.579653500345803,3.3596535003458,8.84973247905937,6.25060637439485,11.1031184968878
0.675000649038462,792.00376379674,397.768147237372,678.038642127105,792.00376379674,397.768147237372,678.038642127105,-13.349938838303,-5.40260834357956,-7.59144907976642,36.0009409491849,44,52,36,44,56,-3.78027758000955,0.58,3.36,9.56966125829342,5.98260834357956,10.9514490797664
0.680000653846154,800,401.957365711213,661.18119572735,800,401.957365711213,661.18119572735,-13.2900483362791,-5.27138561438557,-7.3228778144932,36.0007838315535,44,52,36.000522554369,45.9786828556066,56,-3.7800287404903,-0.716037270422324,3.12255805732729,9.51001959578884,4.55534834396325,10.4454358718205
0.685000658653846,800,321.944185622051,662.976686774763,800,321.944185622051,662.976686774763,-13.6596790613233,-5.21069939675708,-7.21128222738801,41.9947955890262,44,52,39.9965303926841,46,56,-3.99980917159763,-0.73,3.12,9.65986988972566,4.48069939675707,10.331282227388
0.690000663461539,800,349.633015061864,640.291057019909,800,349.633015061864,640.291057019909,-13.8999358076384,-5.27911417428726,-6.78544150080699,42,40.0506186121567,52,40,42.0506186121567,57.974690693921,-4,-0.453543302850966,3.15949381387842,9.89993580763844,4.82557087143629,9.94493531468541
0.695000668269231,800,407.208143779297,640.98634730654,800,407.208143779297,640.98634730654,-13.9099600015369,-5.28,-6.66163832321525,42,40,52,40,42,58,-3,-0.45,3.16,10.9099600015369,4.83,9.82163832321525
0.700000673076923,800,432.633731652959,672.531176515788,800,432.633731652959,672.531176515788,-13.7900797663875,-5.25043952201645,-6.4826371320987,42,41.9706985322367,52,40,42,56.0293014677633,-3,-1.49447022208547,3.48516525781906,10.7900797663875,3.75596929993098,9.96780238991776
0.705000677884616,800,378.860682586657,678.906107354183,800,378.860682586657,678.906107354183,-14.0299365130668,-5.48624429416731,-6.37172136517331,45.9989418844459,42,52,45.9984128266689,42,56,-2.99000264528889,-1.51,3.49,11.0399338677779,3.97624429416731,9.86172136517331
0.710000682692308,800,429.144584332526,660.312555724654,800,429.144584332526,660.312555724654,-14.0799468694275,-5.80473590358478,-6.21263204820761,46,38.0658012051903,50.0329006025951,46,38.0658012051903,56,-2.99,-1.23460608436332,3.24411257532439,11.0899468694275,4.57012981922146,9.456744623532
0.7150006875,800,504.674175824155,662.947664835164,800,504.674175824155,662.947664835164,-14.0100463935574,-6.02616208791203,-6.12157005494508,44.0013255302122,38,50,46,38,56,-1.97067602040822,-1.23,3.24,12.0393703731492,4.79616208791203,9.36157005494508
0.720000692307692,800,535.446707139024,671.834012141704,800,535.446707139024,671.834012141704,-13.8300110835732,-6.27538922615854,-6.26723353569507,44,39.9631138092683,50,46,39.9631138092683,56,-1.97,-2.28026588795853,2.99461077384155,11.8600110835732,3.9951233382,9.26184430953662
0.725000697115385,800,482.06926246829,676.902794321063,800,482.06926246829,676.902794321063,-13.9698516675632,-6.35844470913703,-6.2307776454315,47.995761930377,40,50,47.9978809651885,40,56,-2.14980928686697,-2.3,2.99,11.8200423806962,4.05844470913703,9.2207776454315
0.730000701923077,800,492.7547298855,666.224830938295,800,492.7547298855,666.224830938295,-13.9000321923924,-6.80080237070626,-6.09286148466921,48,38.0408783524166,51.9591216475827,48,38.0408783524166,56,-2.15,-1.78083276339041,3.02918243295165,11.7500321923924,5.01996960731585,9.12204391762087
0.735000706730769,800,585.963464420191,665.02143721663,800,585.963464420191,665.02143721663,-13.7899632867133,-7.46563706485819,-6.10957125566741,48,38,52,50,38,56,-1.52,-1.77,3.03,12.2699632867133,5.69563706485819,9.13957125566741
0.740000711538462,800,655.451967263495,711.923107661562,800,655.451967263495,711.923107661562,-13.5302227772228,-7.6070834165834,-6.19798082686543,48,39.9551294858984,50.0448705141016,50,39.9551294858984,54.0448705141016,-1.52,-2.29788496119257,3.35259636517324,12.0102227772228,5.30919845539082,9.55057719203867
0.745000716346154,800,625.749865519105,728.625067240447,800,625.749865519105,728.625067240447,-13.5899725851879,-7.88343867670783,-6.27812533620224,51.9981723458611,40,50,51.9990861729305,40,54,-1.29010509011299,-2.31,3.36,12.2998674950749,5.57343867670783,9.63812533620224
0.750000721153846,800,639.013255974797,697.001008606778,800,639.013255974797,697.001008606778,-13.5099683009298,-8.42008789287637,-6.2700057634673,51.9997118266348,38,52,51.9997118266348,38,54,-1.28990634365632,-1.78,2.82,12.2200619572735,6.64008789287637,9.0900057634673
0.755000725961539,800,730.921436256043,703.994022323829,800,730.921436256043,703.994022323829,-13.2901878698225,-9.02947908821941,-6.30996584185045,50.0017079074773,38,52,50.0017079074773,38,54,-0.640555069930135,-1.78,2.82,12.6496327998924,7.24947908821941,9.12996584185045
0.760000730769231,800,789.890732344566,744.924068239444,800,789.890732344566,744.924068239444,-12.9900761995659,-9.28951848151843,-6.36988888035041,50,41.9925920233604,52,50,41.9925920233604,54,-0.64,-2.31899992315366,3.13940736186883,12.3500761995659,6.97051855836477,9.50929624221924
0.765000735576923,800,762.079800968272,746.994299930838,800,762.079800968272,746.994299930838,-12.8901251632983,-9.69883148582173,-6.32014250172904,51.997496734035,42,52,53.9949934680699,42,54,-0.999549412126294,-2.32,3.14,11.890575751172,7.37883148582173,9.46014250172904
0.770000740384616,800,780.926886574969,740.026936525014,800,780.926886574969,740.026936525014,-12.7900652314466,-9.92911494274962,-6.23034632675018,52,40.0076961500033,52,54,40.0076961500033,54,-1,-1.25411744025178,3.17984607699992,11.7900652314466,8.67499750249784,9.4101924037501
0.775000745192308,792.000407937069,799.907923806965,742.98546165373,792.000407937069,799.907923806965,742.98546165373,-12.5900101984267,-10.5171407919005,-6.2598546165373,52,40,52,54,40,54,-0.350033144886856,-1.25,3.18,12.2399770535399,9.2671407919005,9.4398546165373
0.78000075,799.991608391608,800,750.953246753247,799.991608391608,800,750.953246753247,-12.4601363636364,-11.1264350649351,-6.24011688311688,52,43.9766233766235,50.0116883116883,54,43.9766233766235,54,-0.35,-1.77690259740261,3.21976623376624,12.1101363636364,9.34953246753247,9.45988311688312
0.785000754807692,800,800,765.89736705602,800,800,765.89736705602,-12.4400089861609,-11.3087684046722,-6.34924735841081,53.9991013839075,44,50,54,44,54,-0.300022465402313,-1.78,3.22,12.1399865207586,9.52876840467223,9.56924735841081
0.790000759615385,800,800,744.168123193753,800,800,744.168123193753,-12.2300101001939,-11.5283187680625,-6.29045851780114,54,44,51.9847160732952,54,44,54,-0.3,-0.708253320420594,2.96198691047162,11.9300101001939,10.8200654476419,9.25244542827277
0.795000764423077,800,800,747.965446092369,800,800,747.965446092369,-12.1101255283178,-11.9166309940059,-6.38913615230922,50.0041842772617,44,52,54,44,54,-0.0502615173288545,-0.7,2.96,12.059864010989,11.216630994006,9.34913615230922
0.800000769230769,800,800,792.566356720192,800,800,792.566356720192,-12.0000491063869,-12.2666272189348,-6.54845815722735,50,45.9807269653419,50.0192730346581,54,47.9614539306837,52.0192730346581,-0.05,-0.680192730346581,3.28681994928141,11.9500491063869,11.5864344885882,9.83527810650876
0.805000774038462,800,800,799.92555809575,800,800,799.92555809575,-11.9399829881657,-12.4678730884501,-6.72808577960501,52,46,50,56,48,52,-0.4,-0.68,3.29,11.5399829881657,11.7878730884501,10.018085779605
0.810000778846154,800,800,761.453671328676,800,800,761.453671328676,-11.830092772612,-12.5886040882195,-6.71023265196342,52,46,51.9767348036576,56,48,55.9534696073153,-0.4,0.130461269499918,2.75628160301244,11.430092772612,12.7190653577194,9.46651425497586
0.815000783653846,800,800,770.873693614076,800,800,770.873693614076,-11.8599926975416,-12.8960845020365,-6.79886324252668,50.0004868305597,46,52,56,48,56,0.0598880289712639,0.14,2.75,11.9198807265129,13.0360845020365,9.54886324252668
0.820000788461539,800,800,799.604768308614,800,800,799.604768308614,-11.59,-13.2649573887651,-6.83945485283947,50.0007146699451,49.9454852839468,52,56.0007146699451,49.9727426419734,54.0272573580266,0.0599463997541199,0.169591139629601,3.63773418888802,11.6499463997541,13.4345485283947,10.4771890417275
0.825000793269231,800,800,800,800,800,800,-11.59,-13.299561198417,-7.09619705294702,51.9987185891033,50,52,57.9987185891033,50,54,-0.0899038941827495,0.17,3.65,11.5000961058173,13.469561198417,10.746197052947
0.830000798076923,800,800,800,800,800,800,-11.5400120240404,-13.2901562475986,-7.1,52,51.9687504802884,52,58,50,55.9687504802884,-0.09,0.996875201721148,3.40390618996394,11.4500120240404,14.2870314493197,10.5039061899639
0.835000802884616,800,800,800,800,800,800,-11.4401038592203,-13.4572075320513,-7.13934294871794,50.0020771844062,52,52,56.0020771844062,50,56,0.369522247586568,1.01,3.4,11.8096261068069,14.4672075320513,10.5393429487179
0.840000807692308,800,800,800,800,800,800,-11.3700447101918,-13.7154705294705,-7.14,50,52,52,56,51.9651579190036,54.0348420809964,0.37,1.32442526704057,3.72425105663559,11.7400447101918,15.039895796511,10.8642510566356
0.8450008125,800,800,800,800,800,800,-11.5399936211727,-13.7985264735265,-7.33631618381618,51.9999249549731,52,52,57.9999249549731,52,54,0.0200131328797102,1.33,3.73,11.5600067540524,15.1285264735265,11.0663161838162
0.850000817307693,800,800,800,800,800,800,-11.6299068047337,-13.8294174863598,-7.37922331514639,52,52,52,58,52,55.9611657573193,0.02,1.6339806923846,3.48485428033508,11.6499068047337,15.4633981787444,10.8640775954815
0.855000822115385,800,800,800,800,800,800,-11.63,-13.9279584838239,-7.53673357411815,52,52,52,58,52,56,0.479799514323995,1.64,3.48,12.109799514324,15.5679584838239,11.0167335741181
0.860000826923077,800,800,800,800,800,800,-11.5700429570429,-14.0767880196726,-7.71614562360716,52,52,50.0428264043649,58,53.9571735956351,56,0.480009913163747,1.69871520786905,3.80293364327979,12.0500528702067,15.7755032275417,11.5190792668869
0.865000831730769,800,800,800,800,800,800,-11.8297834665335,-14.1582071005917,-8.03282840236681,52,52,50,58,54,56,0.539950030738494,1.7,3.81,12.369733497272,15.8582071005917,11.8428284023668
0.870000836538462,800,800,800,800,800,800,-11.9499480561455,-14.16,-8.21578632905551,52,50.0468185660499,51.9531814339501,58,54,57.9531814339501,0.54,2.01250902943202,3.56585232075623,12.4899480561455,16.172509029432,11.7816386498117
0.875000841346154,800,800,800,800,800,800,-12.0200235341582,-14.4600252151695,-8.52004370629371,50,50.0003362022593,51.9996637977407,58,54.0003362022593,58,0.6,2.01996301775147,3.56010422270039,12.6200235341582,16.4799882329209,12.0801479289941
0.880000846153846,800,800,800,800,800,800,-12.1598838084992,-14.6098755091063,-8.77978421578419,50,51.9983401214169,50.0016598785831,58,55.9983401214169,58,0.6,1.80018258664414,4.17948543763923,12.7598838084992,16.4100580957504,12.9592696534234
0.885000850961539,800,800,800,800,800,800,-12.3499563103247,-14.7397623626373,-8.95967096365169,51.9995401086806,52,50,59.9995401086806,56,58,0.460032192392357,1.8,4.18,12.809988502717,16.5397623626373,13.1396709636517
0.890000855769231,800,800,800,800,800,800,-12.3400122761854,-14.8098021785906,-9.00985869899332,52,50.0056520402681,51.9943479597326,60,56,58,0.46,2.39830438791958,3.93070650503342,12.8000122761854,17.2081065665102,12.9405652040267
0.895000860576923,800,800,800,800,800,800,-12.5598617824541,-15.0590439848614,-9.15942639091676,52,50,52,58.0012565231447,56,58,0.919710999676727,2.4,3.93,13.4795727821308,17.4590439848614,13.0894263909168
0.900000865384616,800,800,800,800,800,800,-12.8099932651899,-15.3386498117268,-9.40879447475596,52,51.9903557980484,50.0096442019523,58,57.9903557980484,56.0096442019523,0.92,2.19101264120492,4.25840870667787,13.7299932651899,17.5296624529317,13.6672031814338
0.905000870192308,800,800,800,800,800,800,-13.2695285291631,-15.4692433816184,-9.68837036040883,52,52,50,59.9979501267963,58,56,0.78014349112426,2.19,4.26,14.0496720202874,17.6592433816184,13.9483703604088
0.910000875,800,800,800,800,800,800,-13.5698724234541,-15.6189772727273,-9.71979545454545,52,50.0136363636365,51.9863636363635,60,56.0136363636365,57.9863636363635,0.78,2.77597727272722,3.72368181818187,14.3498724234541,18.3949545454545,13.4434772727273
0.915000879807693,800,800,800,800,800,800,-13.8199939879798,-16.0665719251522,-9.878781128943,52,50,52,58.0000480961615,56,58,1.039993747499,2.78,3.72,14.8599877354788,18.8465719251522,13.598781128943
0.920000884615385,800,800,800,800,800,800,-14.0597547068316,-16.347587950511,-10.157587950511,52,51.9827710750785,52,58,59.9655421501571,58,1.04,2.31404879735655,4.33465903327434,15.0997547068316,18.6616367478675,14.4922469837853
0.925000889423077,800,800,800,800,800,800,-14.5497930392851,-16.6372113837767,-10.5660588738184,50.0008447376118,52,52,59.9991552623882,60,58,0.900059131632827,2.31,4.34,15.4498521709179,18.9472113837767,14.9060588738184
0.930000894230769,800,800,800,800,800,800,-14.8800553869208,-16.9763924046666,-10.7085145239376,50.0003573349729,52,50.0212210866057,59.9996426650271,58.021221086605,59.9787789133943,0.900010720049187,3.16087493275984,4.38946947283486,15.78006610697,20.1372673374264,15.0979839967725
0.935000899038462,800,800,800,800,800,800,-15.1897459943902,-17.3457048240222,-11.0757048240221,51.9983612541304,52,50,58.0016387458696,58,60,0.959950837623913,3.17,4.39,16.1496968320141,20.5157048240222,15.4657048240221
0.940000903846154,800,800,800,800,800,800,-15.4999319976602,-17.6462180127565,-11.5243270191346,52,52,51.9747867517094,58,59.9747867517101,58.0252132482907,0.96,2.97252132482899,4.42949573503419,16.4599319976602,20.6187393375855,15.9538227541688
0.945000908653846,800,800,800,800,800,800,-15.8601639806318,-17.9261906939215,-11.9442860408822,52,52,52,60,60,58,1.02,2.97,4.43,16.8801639806318,20.8961906939215,16.3742860408822
0.950000913461539,800,800,800,800,800,800,-16.2897358222528,-18.3931367286559,-12.1569334319526,52,50.0292054099749,53.9707945900251,60,58.0292054099749,58,1.02,3.30503508030427,4.4694158918005,17.3097358222528,21.6981718089602,16.6263493237531
0.955000918269231,800,800,800,800,800,800,-16.5599405635966,-18.9512625981719,-12.504539739107,50.0004328654539,50,54,60,58,58,1.28994156316372,3.31,4.47,17.8498821267603,22.2612625981719,16.974539739107
0.960000923076923,800,800,800,800,800,800,-16.8896641909242,-19.3632760394453,-12.9231110496218,50,51.9671954743894,52.0328045256106,60,59.9671954743894,58,1.29,2.83787308614653,4.80442323064621,18.1796641909242,22.2011491255918,17.727534280268
0.965000927884616,800,800,800,800,800,800,-17.4696424920122,-19.7826942490585,-13.5686919330668,51.9987706621109,52,52,61.9987706621109,60,58,1.15008605365224,2.83,4.81,18.6197285456644,22.6126942490585,18.3786919330668
0.970000932692308,800,800,800,800,800,800,-17.9499945345554,-20.1531938438006,-13.8352172827173,52,50.0367901329433,52,62,60,59.963209867056,1.15,3.418962960117,4.564598766618,19.0999945345554,23.5721568039176,18.3998160493353
0.9750009375,800,800,800,800,800,800,-18.3096348661588,-20.6404973776225,-14.3106913086912,50.0020229770231,50,52,58.0040459540462,60,60,1.60953471528469,3.43,4.56,19.9191695814435,24.0704973776225,18.8706913086912
0.980000942307693,800,800,800,800,800,800,-18.779807459976,-21.1789897600592,-14.8391926919233,50,51.9592177053718,52,58,60,58.040782294629,1.61,3.23407822946282,4.89306700991308,20.389807459976,24.4130679895221,19.7322597018364
0.985000947115385,800,800,800,800,800,800,-19.5101400330437,-21.6205878001748,-15.5448136767079,52,52,52,60,60,58,1.07,3.23,4.9,20.5801400330437,24.8505878001748,20.4448136767079
0.990000951923077,800,800,800,800,800,800,-20.2494014831323,-22.1970144076692,-15.7750748098055,52,50.0447744563132,52,60,60,59.9552255436868,1.07,3.56238834242676,4.65559680703915,21.3194014831323,25.7594027500959,20.4306716168447
0.995000956730769,800,800,800,800,800,800,-20.7298037676609,-22.9815256144382,-16.2878386837248,50.0008176347464,50,52,58.0008176347464,60,60,1.53980785583461,3.57,4.65,22.2696116234955,26.5515256144382,20.9378386837248
1.00000096153846,800,800,800,800,800,800,-21.160149850342,-23.5601008214478,-16.8701297174364,50,52,50,58.0003842311535,60,58,1.53993275954813,3.37,4.99,22.7000826098901,26.9301008214478,21.8601297174364
1.00500096634615,800,800,800,800,800,800,-21.9393723778154,-24.0895728590265,-17.5394610303542,50,52,50,59.9983881503111,60,58,1.19028207369556,3.37,4.99,23.129654451511,27.4595728590265,22.5294610303542
1.01000097115385,800,800,800,800,800,800,-22.479888818112,-24.6789356604932,-17.7695850897928,50,50.0036079305314,53.9927841389371,60,58.0036079305314,59.9963920694686,1.19,3.69940469146231,4.45097414124349,23.669888818112,28.3783403519555,22.2205592310363
1.01500097596154,800,800,800,800,800,800,-23.0992537654652,-25.4079545358485,-18.3184588968724,51.9975927918234,50,54,60,58,60,1.44968706293704,3.7,4.45,24.5489408284023,29.1079545358485,22.7684588968724
1.02000098076923,800,800,800,800,800,800,-23.8095700124421,-26.1571499654194,-18.957566974291,52,51.9923999077851,52.0076000922156,60,59.9923999077851,58.0076000922156,1.45,3.23178602167051,5.35654195804189,25.2595700124421,29.3889359870899,24.3141089323329
1.02500098557692,800,800,800,800,800,800,-24.5299989218243,-26.8864964016321,-19.7263054685746,52,52,52,60,60,58,1.71999922068629,3.23,5.36,26.2499981425106,30.1164964016321,25.0863054685746
1.03000099038462,800,800,800,800,800,800,-25.2392893462711,-27.6853640868478,-20.1773917428725,52,50.0115922538998,52,60,60,59.9884077461002,1.72,3.82652232383005,4.83307194728346,26.959289346271,31.5118864106779,25.010463690156
1.03500099519231,800,800,800,800,800,800,-25.9697061227516,-28.6335445545857,-20.9249043744716,50.0008024045195,50,52,60,60,60,1.77997592786442,3.83,4.83,27.749682050616,32.4635445545857,25.7549043744716
1.040001,800,800,800,800,800,800,-26.74,-29.483545156275,-21.7239248601119,50,50,50.0151878497202,60,60,58.0151878497202,1.78,3.63151878497202,5.16741806554756,28.52,33.115063941247,26.8913429256595
1.04500100480769,800,800,800,800,800,800,-27.729011939983,-30.1740725908706,-22.6619249788672,50,50,50,60,60,58,1.64013972565897,3.63,5.17,29.369151665642,33.8040725908706,27.8319249788672
1.05000100961538,800,800,800,800,800,800,-28.709608650804,-30.9822333243678,-23.3731911827997,50,50,51.9808230231303,60,60,59.9808230231303,1.64,3.68942469069391,4.63517778375482,30.349608650804,34.6716580150617,28.0083689665546
1.05500101442308,800,800,800,800,800,800,-29.7001976012728,-32.167402030662,-24.2506838440204,50,50,52,58,60,60,1.7,3.69,4.63,31.4001976012728,35.857402030662,28.8806838440204
1.06000101923077,800,800,800,800,800,800,-30.6692285030623,-32.8817739673982,-25.1989936707714,50,50,52,58,61.9768308614467,58.023169138554,1.7,3.75918908015064,5.24281756704826,32.3692285030623,36.6409630475488,30.4418112378197
1.06500102403846,800,800,800,800,800,800,-31.8197753940827,-33.5318222785312,-26.0591789430769,51.9996093810134,50,52,59.9996093810134,62,58,1.56002734332906,3.76,5.25,33.3798027374118,37.2918222785312,31.3091789430769
1.07000102884615,800,800,800,800,800,800,-32.9603273451374,-34.5954697043726,-26.5928022554369,52,51.9728386997618,52,60,60.0271613002382,59.9728386997618,1.5601864673787,4.0855183854607,5.01325935602858,34.5205138125161,38.6809880898333,31.6060616114655
1.07500103365385,800,800,800,800,800,800,-33.7695199313985,-35.8023597990249,-27.3784818490518,52,52,52,60,60,60,2.0197273687851,4.09,5.01,35.7892473001836,39.8923597990249,32.3884818490518
1.08000103846154,800,800,800,800,800,800,-34.8797874528504,-37.040685838031,-28.4039559515329,52,52,52,60,60,58.0311534619231,2.02,4.15890962883269,5.33485967878269,36.8997874528504,41.1995954668637,33.7388156303156
1.08500104326923,800,800,800,800,800,800,-36.1387509043055,-38.0632961751915,-29.4036217564409,52,52,52,60,60,58,2.07994056677735,4.16,5.34,38.2186914710829,42.2232961751915,34.7436217564409
1.09000104807692,800,800,800,800,800,800,-37.1993749407032,-39.1117593551888,-30.0390540200625,52,50.0347460232081,52,60,60,59.9652539767919,2.08,4.22878388918772,5.10416952278497,39.2793749407032,43.3405432443765,35.1432235428474
1.09500105288462,800,800,800,800,800,800,-38.3100120946746,-40.4061176507391,-31.0905276481115,52,50,52,58,60,60,2.15,4.23,5.1,40.4600120946746,44.6361176507391,36.1905276481115
1.10000105769231,800,800,800,800,800,800,-39.3589641522324,-41.5479192346118,-32.0416003621762,52,51.9612618151085,50.0387381848922,58,60,58.0387381848923,2.15,4.03387381848915,5.42360819949278,41.5089641522324,45.581793053101,37.465208561669
1.1050010625,800,800,800,800,800,800,-40.5395434754854,-42.5202448607519,-33.3237244597025,52,52,50,59.999224534721,60,58,2.01005428256953,4.03,5.43,42.5495977580549,46.5502448607519,38.7537244597025
1.11000106730769,800,800,800,800,800,800,-41.3002229104912,-43.7535062278529,-34.3775684825866,51.99957350342,50.0427303465765,51.9572696534235,59.99957350342,58.0427303465765,59.9572696534235,2.01005544455539,4.35294949281487,4.91132354184278,43.3102783550466,48.1064557206678,39.2888920244294
1.11500107211538,800,800,800,800,800,800,-42.3491739690474,-45.050929755088,-35.475400509646,50.0015695842618,50,52,58.0015695842618,58,60,2.26979595404597,4.36,4.9,44.6189699230933,49.410929755088,40.375400509646
1.12000107692308,800,800,800,800,800,800,-43.7394671691445,-46.2910320916004,-36.8477624459384,50,51.9532774917386,52,58,59.9532774917386,58.0467225082614,2.27,3.90097978944144,5.50551602243896,46.0094671691445,50.1920118810419,42.3532784683773
1.12500108173077,800,800,800,800,800,800,-45.3202831305474,-47.8303261950359,-38.0301502912329,50,52,52,60,59.9995677399522,58.0004322600478,1.93,3.89012967801434,5.51994812879426,47.2502831305474,51.7204558730502,43.5500984200271
1.13000108653846,800,800,800,800,800,800,-46.6289766965976,-49.328829134404,-38.72945266194,50,52,52,60,58.0015638207947,59.9984361792053,1.93,4.48953085376161,5.28018765849536,48.5589766965976,53.8183599881656,44.0096403204353
1.13500109134615,800,800,800,800,800,800,-48.1697179671409,-50.4979174611021,-39.9278640590177,50,52,52,58.0003636797462,58,60,2.18995272163299,4.49,5.28,50.3596706887739,54.9879174611021,45.2078640590177
1.14000109615385,800,800,800,800,800,800,-49.6282787955851,-50.9587211268077,-41.1366376333782,50,52,52,58,61.9888880350407,58.0055559824789,2.19,4.29055559824796,5.60908326289098,51.8182787955851,55.2492767250556,46.7457208962692
1.14500110096154,800,800,800,800,800,800,-50.7193686301936,-50.810567397197,-42.2557688483161,51.9988396884285,52,52,59.9988396884285,62,58,2.05008122181,4.29,5.61,52.7694498520036,55.100567397197,47.8657688483161
1.15000110576923,800,800,800,800,800,800,-51.1899951960904,-50.5611945180204,-43.1656535944055,52,52,52,60,60.0095481441631,58,2.05000972104826,4.89708781603025,5.37114577729966,53.2400049171387,55.4582823340506,48.5367993717051
1.15500111057692,800,800,800,800,800,800,-51.0101738443643,-49.8043858170463,-44.4326684113493,52,52,52,60,60,58,2.5095506224545,4.9,5.37,53.5197244668188,54.7043858170463,49.8026684113493
1.16000111538462,800,800,800,800,800,800,-50.3202602323085,-49.1841974880428,-45.7808612800122,52,52,52,60,61.9864596941519,58,2.51,4.70135403058481,5.40972919388304,52.8302602323085,53.8855515186276,51.1905904738953
1.16500112019231,800,800,800,800,800,800,-49.589983189863,-48.5150698519011,-47.3481162481861,52,52,52,62,62,58,2.57,4.7,5.41,52.159983189863,53.2150698519011,52.7581162481861
1.170001125,800,800,800,800,800,800,-48.8906808191559,-48.1530858818182,-48.7678346814684,52,50.0171328671331,52,62,60.0171328671331,58,2.57,5.03708741258738,5.44965734265734,51.4606808191559,53.1901732944056,54.2174920241257
1.17500112980769,800,800,800,800,800,800,-48.0403191228179,-47.4170777298799,-49.1563654903202,50.0007485260387,50,52,60.0007485260387,60,58,2.83989894898478,5.04,5.45,50.8802180718027,52.4570777298799,54.6063654903202
1.18000113461538,800,800,800,800,800,800,-47.5297042949318,-46.5491903769727,-48.7048597460655,50.0004533927613,51.9788749711834,50.0211250288173,60.0004533927613,61.9788749711834,59.9788749711827,2.83992292323058,4.5749643817719,5.49947187427957,50.3696272181624,51.1241547587446,54.204331620345
1.18500113942308,800,800,800,800,800,800,-46.2310027464814,-46.8167630562083,-48.0476309661877,51.9984573119189,52,50,61.9984573119189,62,60,2.50026225697379,4.57,5.5,48.7312650034552,51.3867630562083,53.5476309661877
1.19000114423077,800,800,800,800,800,800,-45.590109604224,-47.4420890724334,-46.4897179945442,52,50.0251171905015,51.9748828094978,62,60.0251171905015,60,2.5,5.16246484284956,5.53949765618996,48.090109604224,52.604553915283,52.0292156507342
1.19500114903846,800,800,800,800,800,800,-46.7304809028528,-48.1207824877431,-45.9373205968195,52,50,52,62,60,60,2.97,5.17,5.54,49.7004809028528,53.2907824877431,51.4773205968195
1.20000115384615,800,800,800,800,800,800,-47.8493610995775,-48.3960722229002,-45.6245109641436,52,51.9708906478136,50.0291093521864,62,61.9708906478136,60,2.97,4.71669515100286,5.86519695688925,50.8193610995775,53.112767373903,51.4897079210328
1.20500115865385,800,800,800,800,800,800,-48.3999094142157,-48.4886022555137,-45.5215552560987,52,52,50,62,62,60,3.03998821644042,4.71,5.87,51.4398976306561,53.1986022555137,51.3915552560987
1.21000116346154,800,800,800,800,800,800,-48.7196917099379,-47.8506302785119,-44.4084792898279,52,50.0327084486259,51.9672915513741,62,60.0327084486259,60,3.04,5.30018746541222,5.63392501383511,51.7596917099379,53.1508177439241,50.042404303663
1.21500116826923,800,800,800,800,800,800,-48.5001246465788,-47.4960741143069,-43.5154405901207,52,50,52,62,60,60,3.09996600563302,5.31,5.63,51.6000906522119,52.8060741143069,49.1454405901207
1.22000117307692,800,800,800,800,800,800,-47.8199799432029,-47.4703679590986,-43.1956865999962,52,53.9266118496901,52,62,63.9266118496901,60,3.10000242065627,4.85843963728564,5.95394547759932,50.9199823638592,52.3288075963842,49.1496320775955
1.22500117788462,800,800,800,800,800,800,-47.2405608046511,-47.0973511489846,-44.151039842906,52,54,52,62,64,60,3.16993255782679,4.85,5.96,50.4104933624779,51.9473511489846,50.111039842906
1.23000118269231,800,800,800,800,800,800,-46.5202618501446,-46.854880389107,-45.1986406646294,52,50.0813724736796,52,62,62.0406862368398,61.9593137631595,3.17,5.9668088450013,6.00898284407899,49.6902618501446,52.8216892341083,51.2076235087084
1.2350011875,800,800,800,800,800,800,-46.2799040953797,-46.9087194877872,-45.6995418748502,50,50,52,60,62,62,3.24,5.99,6.01,49.5199040953797,52.8987194877872,51.7095418748502
1.24000119230769,800,800,800,800,800,800,-45.880305309552,-46.9686606257051,-45.9837469571889,50,51.9553216014753,52,60,62,60.0446783985247,3.24,5.27630761546152,6.3424046722508,49.120305309552,52.2449682411666,52.3261516294397
1.24500119711539,800,800,800,800,800,800,-46.3198412830276,-46.3156349972625,-45.8142017264803,51.9992785575769,52,52,61.9992785575769,62,60,2.90012264521193,5.26,6.35,49.2199639282396,51.5756349972625,52.1642017264803
1.25000120192308,800,800,800,800,800,800,-46.2998453077787,-45.7599715850688,-45.1399749860332,51.999519711058,52,52,61.999519711058,60,60,2.90011286790136,5.6,6.11,49.1999581756801,51.3599715850688,51.2499749860332
1.25500120673077,800,800,800,800,800,800,-45.6604850526503,-45.6500853655229,-45.0400767880792,50.0015157919005,52,52,60.0015157919005,60,60,3.36964378890339,5.6,6.11,49.0301288415536,51.2500853655229,51.1500767880792
1.26000121153846,800,800,800,800,800,800,-45.0800935161327,-45.2906331388497,-45.2496312551179,50,52,52,60,61.996488127257,60,3.37,5.4003511872743,6.14992976254514,48.4500935161327,50.690984326124,51.3995610176631
1.26500121634615,800,800,800,800,800,800,-44.9501512259308,-45.150387553997,-45.1403019402011,51.9976888496118,52,52,61.9976888496118,62,60,3.030392895566,5.4,6.15,47.9805441214968,50.550387553997,51.2903019402011
1.27000122115385,800,800,800,800,800,800,-44.510242686941,-44.9507514071947,-44.6817259241662,52,50.0075040344265,52,62,60.0075040344265,61.9924959655728,3.03,5.7387243141475,6.19981239913932,47.540242686941,50.6894757213422,50.8815383233056
1.27500122596154,800,800,800,800,800,800,-43.9999968396988,-44.7011885144086,-44.6003780141109,52,50,52,60,60,62,3.5,5.74,6.2,47.4999968396988,50.4411885144086,50.8003780141109
1.28000123076923,800,800,800,800,800,800,-43.9300667025282,-44.610518328825,-44.8286799144548,52,51.9885038038886,52,60,61.9885038038886,58.0229923922228,3.5,5.28264412510562,6.53804564666106,47.4300667025282,49.8931624539306,51.3667255611159
1.28500123557692,800,800,800,800,800,800,-43.9599884074589,-44.5305387045704,-44.849863104215,52,52,52,61.9992938070538,62,58,3.36004943350623,5.28,6.54,47.3200378409651,49.8105387045704,51.389863104215
1.29000124038462,800,800,800,800,800,800,-43.7599888746062,-44.6391689524995,-44.2049058035014,52,52,52,61.9999039422116,60.0150917727356,59.9849082272644,3.36001296780144,5.87547246817932,6.00407477863861,47.1200018424076,50.5146414206789,50.20898058214
1.29500124519231,800,800,800,800,800,800,-43.5701805002901,-44.7887196200472,-43.6150410272804,52,52,52,60.001900023054,60,60,3.62974349688771,5.88,6,47.1999239971778,50.6687196200472,49.6150410272805
1.30000125,800,800,800,800,800,800,-43.6299799870422,-44.9979965130369,-43.5109520745754,52,52,50.0190809190814,60,61.9809190809186,58.0190809190814,3.63,5.68190809190814,6.33675624375617,47.2599799870422,50.6799046049451,49.8477083183316
1.30500125480769,800,800,800,800,800,800,-44.0100406213421,-45.2077859255467,-43.292319438376,52,52,50,60,62,58,3.49,5.68,6.34,47.5000406213421,50.8877859255467,49.632319438376
1.31000125961538,800,800,800,800,800,800,-44.1798729524744,-45.6251556299663,-42.6969209473028,52,52,51.9769269192344,60,60.0230730807648,61.9538538384689,3.49,6.01607757626998,5.8062297318067,47.6698729524744,51.6412332062363,48.5031506791094
1.31500126442308,800,800,800,800,800,800,-44.4399607271835,-46.1336063888593,-42.5715041371619,52,52,52,58.0002944074134,60,62,3.55998969574053,6.02,5.8,47.999950422924,52.1536063888593,48.3715041371619
1.32000126923077,800,800,800,800,800,800,-44.9602075602167,-46.5839103069162,-42.7179710932837,52,52,50.0270652424498,58.0018135710439,61.9729347575502,60.0270652424498,3.55993652501347,5.83257119803273,6.70754998847311,48.5201440852301,52.4164815049489,49.4255210817568
1.32500127403846,800,800,800,800,800,800,-45.4197474626211,-47.00389515117,-42.5918890005447,52,52,50,61.9978214093604,62,60,3.42007625067239,5.83,6.72,48.8398237132935,52.83389515117,49.3118890005447
1.33000127884615,800,800,800,800,800,800,-45.7899476128278,-47.374255333649,-42.146986931459,52,50.0310574041346,51.9689425958654,62,60.0310574041346,60,3.42,6.15487552831778,6.18838549911635,49.2099476128278,53.5291308619668,48.3353724305754
1.33500128365385,800,800,800,800,800,800,-46.219595718456,-47.7537925710652,-42.2285302652138,52,50,52,60.001885030437,60,60,3.87956644299949,6.16,6.18,50.0991621614555,53.9137925710652,48.4085302652138
1.34000128846154,800,800,800,800,800,800,-46.4198894966871,-47.966362701656,-42.4363607709559,52,51.9653500345804,52,60,61.9653500345804,58.0346499654196,3.88,5.70796949204651,6.51410950587866,50.2998894966871,53.6743321937025,48.9504702768346
1.34500129326923,800,800,800,800,800,800,-46.6400007577989,-48.1368841227139,-42.6559689165882,52,52,52,62,62,58,3.75,5.7,6.52,50.3900007577989,53.8368841227139,49.1759689165882
1.35000129807692,800,800,800,800,800,800,-46.6699698175843,-48.2086465255514,-42.66,52,52,52,62,60.0386421271032,59.9613578728961,3.75,6.28840736186904,6.27483026588799,50.4199698175843,54.4970538874204,48.934830265888
1.35500130288462,800,800,800,800,800,800,-46.7599674335832,-48.3177648782439,-42.9734978867286,50.0006792537059,52,52,60.0006792537059,60,60,4.0199083007497,6.3,6.27,50.7798757343329,54.6177648782439,49.2434978867286
1.36000130769231,800,800,800,800,800,800,-46.9700375788058,-48.3689331640974,-43.5476370349343,50,50.0426342887881,50.0426342887881,60.0005225543684,61.9573657112119,58.0426342887881,4.01991116575737,6.10426342887881,6.60275217090602,50.9899487445632,54.4731965929763,50.1503892058403
1.3650013125,800,800,800,800,800,800,-47.1098978531469,-48.5264285704296,-44.1563858042082,50,50,50,61.9985264735266,62,58,3.68025049950047,6.1,6.61,50.7901483526473,54.6264285704296,50.7663858042082
1.37000131730769,800,800,800,800,800,800,-47.1999706994182,-48.6765029929013,-44.6778760995638,50,51.953373549527,51.953373549527,62,60.046626450473,59.953373549527,3.68,6.16836807423345,6.08258914162771,50.8799706994182,54.8448710671347,50.7604652411915
1.37500132211539,800,800,800,800,800,800,-47.2099937168216,-48.8199815088757,-45.140099380653,52,52,52,60,60.0005283178362,59.9994716821638,3.94,6.17001849112427,6.07016377852923,51.1499937168216,54.99,51.2102631591823
1.38000132692308,800,800,800,800,800,800,-47.1900136776301,-48.7500513717052,-45.5197211242949,52,52,52,60,61.9985322369937,58.0014677630063,3.94,6.23994862829478,6.68954499346805,51.1300136776301,54.99,52.209266117763
1.38500133173077,800,800,800,800,800,800,-47.319982614435,-48.5004329804811,-45.7895333793485,52,52,52,61.9997325318269,62,58,3.99999197595481,6.24,6.69,51.3199745903898,54.7404329804811,52.4795333793485
1.39000133653846,800,800,800,800,800,800,-47.32,-48.3005449951991,-45.7800263050834,52,50.0054599246913,50.0054599246906,62,60.0054599246913,59.9945400753094,4,6.57907181280248,6.45065519096287,51.32,54.8796168080016,52.2306814960462
1.39500134134615,800,800,800,800,800,800,-47.2300478844999,-48.1505611892309,-45.9095153559123,50.0010640999984,50,50,60.0010640999984,60,60,4.26985634650022,6.58,6.45,51.4999042310001,54.7305611892309,52.3595153559124
1.40000134615385,800,800,800,800,800,800,-47.3200200569354,-48.0803328230231,-46.1090557866364,50,51.9905479136252,51.9905479136245,60,61.9905479136252,60,4.26997648505336,6.11222124029807,6.48981095827249,51.5899965419888,54.1925540633212,52.5988667449089
1.40500135096154,800,800,800,800,800,800,-47.6097316242152,-48.0203434564647,-46.3386834664941,50,52,52,60,62,60,3.93031581879657,6.11,6.49,51.5400474430118,54.1303434564647,52.8286834664941
1.41000135576923,800,800,800,800,800,800,-47.8199309011773,-47.890872882846,-46.469127117154,50,50.0134442480597,52,60,60.0134442480597,60,3.93,6.7158995043418,6.82771447782986,51.7499309011773,54.6067723871878,53.2968415949839
1.41500136057692,800,800,800,800,800,800,-47.9200109678014,-47.949549672929,-46.688344204277,52,50,52,60,60,60,3.99,6.72,6.83,51.9100109678014,54.669549672929,53.518344204277
1.42000136538462,800,800,800,800,800,800,-48.0998313205256,-48.029317544663,-46.9477861977484,52,51.9829631906553,50.0170368093447,60,61.9829631906553,58.0170368093447,3.99,6.25400365019599,6.86965926381311,52.0898313205256,54.283321194859,53.8174454615615
1.42500137019231,800,800,800,800,800,800,-48.3099325060026,-48.1191425199416,-47.0589541910397,52,52,50,60,62,58,4.25991193754715,6.25,6.87,52.5698444435498,54.3691425199416,53.9289541910397
1.430001375,800,800,800,800,800,800,-48.3899632854395,-48.3475796788462,-47.0204205899351,52,50.0210289710282,53.9579420579421,59.9994505494503,60.0210289710282,59.9789710289711,4.26001648351649,6.85358616383639,6.34557267732267,52.649979768956,55.2011658426826,53.3659932672577
1.43500137980769,800,800,800,800,800,800,-48.2600920316924,-48.5971198685162,-47.0793112254188,52,50,54,58.0014466302928,60,60,4.31995660109122,6.86,6.34,52.5800486327836,55.4571198685162,53.4193112254188
1.44000138461538,800,800,800,800,800,800,-48.2999940738443,-48.8271245196957,-47.257746148098,52,51.9749788672869,52.0250211327138,58,61.9749788672869,60,4.32,6.39587996618758,7.2386153846152,52.6199940738443,55.2230044858833,54.4963615327132
1.44500138942308,800,800,800,800,800,800,-48.4900163212614,-49.0272973191703,-47.2895957012708,52,52,52,62,62,60,4.18,6.39,7.25,52.6700163212614,55.4172973191703,54.5395957012708
1.45000139423077,800,800,800,800,800,800,-48.5199843820449,-49.2763723382002,-47.2998539625413,52,50.029013294398,52,62,58.0580265887961,60,4.18,6.98129601168059,7.01348159532776,52.6999843820449,56.2576683498808,54.3133355578691
1.45500139903846,800,800,800,800,800,800,-48.5899915831717,-49.555659656457,-47.3590706877334,52,50,52,58.0004809616153,58,60,4.6499434870102,6.99,7.01,53.2399350701819,56.545659656457,54.3690706877334
1.46000140384615,800,800,800,800,800,800,-48.6899071513213,-49.7469018410003,-47.5567397628359,52,50,52,58,61.9347752567174,58.0326123716413,4.65,6.27190351564907,7.05918469070897,53.3399071513213,56.0188053566493,54.6159244535448
1.46500140865385,800,800,800,800,800,800,-48.9598590113122,-49.8875768817442,-47.7368878084117,50.0010369532428,50,52,61.9979260935143,62,58,4.31017628205128,6.26,7.06,53.2700352933635,56.1475768817442,54.7968878084117
1.47000141346154,800,800,800,800,800,800,-49.0100037830093,-50.0176211105722,-47.8087200876911,50,51.9634019826335,50.0365980173679,61.9998347806038,60.0365980173665,59.9634019826321,4.31002147852151,6.84902059479005,6.81457475217099,53.3200252615308,56.8666417053622,54.6232948398621
1.47500141826923,800,800,800,800,800,800,-49.0799379161877,-50.0984542746657,-47.9963335799672,50,52,50,60.0018308614463,60,60,4.56976198801198,6.86,6.81,53.6496999041996,56.9584542746657,54.8063335799672
1.48000142307692,800,800,800,800,800,800,-49.289934729784,-50.1097979882195,-48.2547213173135,50,52,51.9594098209485,60,61.9594098209485,60,4.57,6.9285793437332,6.85898524552371,53.859934729784,57.0383773319527,55.1137065628372
1.48500142788462,800,800,800,800,800,800,-49.6200104119506,-50.110001,-48.4165910992085,50,52,52,60,62,60,4.43,6.93,6.86,54.0500104119506,57.040001,55.2765910992085
1.49000143269231,800,800,800,800,800,800,-49.6599714893357,-50.227325081847,-48.4102228671213,50,50.0445823407364,52,60,60.0445823407364,60,4.43,7.2526439137785,7.1826439137785,54.0899714893357,57.4799689956255,55.5928667808998
1.4950014375,800,800,800,800,800,800,-49.6400052528136,-50.3276730323426,-48.4979039710289,50,50,52,60,60,60,4.489981242497,7.26,7.19,54.1299864953106,57.5876730323426,55.6879039710289
1.50000144230769,800,800,800,800,800,800,-49.8400806882541,-50.4099913550872,-48.6700152909783,50.0005763467304,52,52,60.0005763467304,60,60,4.49001729040191,6.8,7.24,54.330097978656,57.2099913550872,55.9100152909783
1.50500144711539,800,800,800,800,800,800,-50.1198002379342,-50.3800222953018,-48.7299574065569,51.998580265888,52,52,61.998580265888,60,60,4.54995740797664,6.8,7.24,54.6697576459108,57.1800222953018,55.9699574065569
1.51000145192308,800,800,800,800,800,800,-50.0800063869187,-50.380001,-48.7100331598575,52,50.0034158149546,52,62,60,60,4.55,7.12943639053249,7.27993168370091,54.6300063869187,57.5094373905325,55.9899648435584
1.51500145673077,800,800,800,800,800,800,-49.9301661341601,-50.5395680483362,-48.8595951024033,52,50,52,60.0022150925998,60,60,5.01947945323905,7.13,7.28,54.9496455873991,57.6695680483362,56.1395951024033
1.52000146153846,800,800,800,800,800,800,-50.0099573612475,-50.5698888840544,-49.059260202336,52,51.9925920233618,52,60,61.9925920233618,58.0074079766396,5.02,6.93074079766382,7.32981480058401,55.0299573612475,57.5006296817182,56.3890750029201
1.52500146634615,800,800,800,800,800,800,-50.1699961368516,-50.5500930452768,-49.1694807909447,52,52,52,62,62,58,4.88,6.93,7.33,55.0499961368516,57.4800930452768,56.4994807909446
1.53000147115385,800,800,800,800,800,800,-50.1500200936679,-50.6593729866922,-49.1103429870495,52,52,52,62,60.0114001383231,59.9885998616769,4.88,7.53652295781147,7.09136801659877,55.0300200936679,58.1958959445036,56.2017110036482
1.53500147596154,800,800,800,800,800,800,-50.000045749213,-50.7493971701376,-49.2689283091649,52,52,52,60.0006099813731,60,60,5.14991765251463,7.54,7.09,55.1499634017276,58.2893971701375,56.3589283091649
1.54000148076923,800,800,800,800,800,800,-50.0700163300161,-50.7897010785871,-49.4188733378144,52,52,50.014995695751,60,61.985004304249,58.014995695751,5.1499875124875,7.3414995695751,7.41752571020109,55.2200038425037,58.1312006481622,56.8363990480155
1.54500148557692,800,800,800,800,800,800,-50.2398486611485,-50.6214430633271,-49.4001718538269,52,52,50,60,62,58,5.02011725774226,7.34,7.42,55.2599659188907,57.9614430633271,56.8201718538269
1.55000149038462,800,800,800,800,800,800,-50.269990937474,-50.6695233879601,-49.3009482715419,52,52,51.9810151387071,60,58.0379697225859,59.9810151387071,5.02,7.6767725735802,6.88512591254909,55.289990937474,58.3462959615403,56.186074184091
1.55500149519231,800,800,800,800,800,800,-50.2200458103608,-50.8085323025792,-49.4484274083589,50,52,52,60,58,60,5.08,7.68,6.88,55.3000458103608,58.4885323025792,56.3284274083589
1.5600015,800,800,800,800,800,800,-50.3698941062937,-50.7408061843157,-49.627933067932,50,50.0229770229765,52,60,59.9770229770235,60,5.08,7.21539960039948,7.50276223776195,55.4498941062937,57.9562057847151,57.1306953056939
1.56500150480769,800,800,800,800,800,800,-50.5199851352129,-50.740002,-49.6793756848911,51.9998018041596,50,52,60,60,60,4.94001387370883,7.21,7.51,55.4599990089217,57.950002,57.1893756848911
1.57000150961538,800,800,800,800,800,800,-50.4499458431165,-50.9175708273188,-49.7095944757147,52,51.9730308153386,52,60,60,60,4.94013036963043,7.27905607853685,7.54946061630677,55.3900762127469,58.1966269058557,57.2590550920214
1.57500151442308,800,800,800,800,800,800,-50.3400546285608,-51.0973911261047,-49.8873921261047,52,52,52,60,60,60,5.19987087912091,7.28,7.55,55.5399255076818,58.3773911261047,57.4373921261046
1.58000151923077,800,800,800,800,800,800,-50.4899875709592,-51.1689143528779,-50.0672134633482,52,52,52,60,61.9690386536537,58.0309613463463,5.2,7.60489137785286,7.59922596634134,55.6899875709592,58.7738057307307,57.6664394296895
1.58500152403846,800,800,800,800,800,800,-50.7497674378401,-51.3273967882194,-50.1683698159069,50.0017889534524,52,52,60,62,58,5.26993738662917,7.61,7.6,56.0197048244693,58.9373967882194,57.7683698159069
1.59000152884615,800,800,800,800,800,800,-50.8199653900022,-51.4479277828191,-50.1503474699685,50,50.0345539076312,52,60,60.0345539076312,59.9654460923688,5.27,7.9441258357027,7.3543192384539,56.0899653900022,59.3920536185218,57.5046667084224
1.59500153365385,800,800,800,800,800,800,-50.740002,-51.5285370370111,-50.2874425190818,52,50,52,58,60,60,5.13,7.95,7.35,55.870002,59.4785370370111,57.6374425190818
1.60000153846154,800,800,800,800,800,800,-50.740002,-51.529999,-50.3978819469147,52,51.9614539306852,52,58,60,60,5.13,7.48905832628897,7.68344716821649,55.870002,59.019057326289,58.0813291151311
1.60500154326923,800,800,800,800,800,800,-50.829975763104,-51.4418233967571,-50.3216217265484,52,52,52,61.9988339157343,60,60,5.18998250873601,7.48,7.69,56.01995827184,58.9218233967571,58.0116217265484
1.61000154807692,800,800,800,800,800,800,-50.8099979063206,-51.4791492141109,-50.32,51.9993813878426,50.0425382309998,52,61.9993813878426,60,60,5.190145373857,7.81276850073004,7.73893654422501,56.0001432801776,59.2919177148409,58.058936544225
1.61500155288462,800,800,800,800,800,800,-50.8000058887209,-51.5191093137632,-50.5644332110197,50.001377468685,50,52,60.001377468685,60,60,5.65967629485902,7.82,7.74,56.4596821835799,59.3391093137632,58.3044332110197
1.62000155769231,800,800,800,800,800,800,-50.9199633710523,-51.4613949350457,-50.7458122646584,50,51.9534696073153,52,60,61.9534696073153,60,5.66,7.61488569123189,7.77906939214631,56.5799633710523,59.0762806262776,58.5248816568047
1.6250015625,800,800,800,800,800,800,-51.0600134865759,-51.3999988771853,-50.8599791468531,52,51.9993756243754,52,62,61.9993756243754,60,5.32,7.6101904345655,7.78001560939061,56.3800134865759,59.0101893117508,58.6399947562438
1.63000156730769,800,800,800,800,800,800,-51.0999705679532,-51.3900058605836,-50.7900490096826,52,50.0013717052179,52,62,60.0013717052179,60,5.32,8.21958162990855,7.82996570736955,56.4199705679532,59.6095874904922,58.6200147170522
1.63500157211539,800,800,800,800,800,800,-51.169992006019,-51.419947484893,-50.9197790989578,50.0001712565999,50,52,60.0001712565999,60,60,5.77996061098202,8.22,7.83,56.949952617001,59.639947484893,58.7497790989578
1.64000157692308,800,800,800,800,800,800,-51.319837468055,-51.439945358649,-51.1094914245984,50,51.9946361330971,50.0053638669029,60,61.9946361330971,58.0053638669029,5.78,7.75126050872217,7.87986590332743,57.099837468055,59.1912058673712,58.9893573279259
1.64500158173077,800,800,800,800,800,800,-51.5099060515675,-51.4499641929013,-51.2295584068153,51.9990321115748,52,50,60,62,58,5.45015970159016,7.75,7.88,56.9600657531577,59.1999641929013,59.1095584068153
1.65000158653846,800,800,800,800,800,800,-51.6400060316645,-51.5097173331765,-51.0607962577518,51.9997656189961,52,51.9906439714136,59.9997656189961,60.0093560285864,59.9906439714136,5.45003046953051,8.35714641128114,7.34252612771834,57.090036501195,59.8668637444576,58.4033223854702
1.65500159134615,800,800,800,800,800,800,-51.6999481472431,-51.6492073296358,-51.1594324002046,50.0017616998386,52,52,58.0017616998386,60,60,5.70977097902099,8.36,7.34,57.4097191262641,60.0092073296358,58.4994324002046
1.66000159615385,800,800,800,800,800,800,-51.7399907622073,-51.7294660857373,-51.2493993314378,50,52,52,58,61.9866518097287,58.0133481902713,5.71,8.16133481902713,7.95586206101589,57.4499907622073,59.8908009047645,59.2052613924537
1.66500160096154,800,800,800,800,800,800,-51.869999,-51.6803736914315,-51.2599232766614,52,52,52,60,62,58,5.37,8.16,7.96,57.239999,59.8403736914315,59.2199232766614
1.67000160576923,800,800,800,800,800,800,-51.869999,-51.8683896370725,-51.1211848441386,52,50.0169407515562,52,60,60.0169407515562,59.9830592484438,5.37,8.49712007223544,7.72203289018675,57.239999,60.365509709308,58.8432177343253
1.67500161057692,800,800,800,800,800,800,-51.8200139022943,-52.0284840534081,-51.2586724312005,52,50,52,58.0005561028924,60,60,5.82987209633475,8.5,7.72,57.649885998629,60.5284840534081,58.9786724312005
1.68000161538462,800,800,800,800,800,800,-51.8800074554061,-52.0893720021364,-51.5073813858449,52,51.9790670867602,52,58.0012910166762,61.9790670867602,58.0209329132412,5.82995481441633,8.03491923461135,8.0465460693152,57.7099622698225,60.1242912367477,59.55392745516
1.68500162019231,800,800,800,800,800,800,-51.8999884935997,-52.0109151826923,-51.6385086039201,52,52,52,61.9972988549913,62,58,5.69009454007531,8.03,8.05,57.590083033675,60.0409151826923,59.6885086039201
1.690001625,800,800,800,800,800,800,-51.7700097560036,-52.1285054581169,-51.4721196064435,52,50.0249250749247,52,62,60.0249250749247,59.9750749250753,5.69,8.63239785214797,7.81299100899097,57.4600097560036,60.7609033102649,59.2851106154345
1.69500162980769,800,800,800,800,800,800,-51.6600210179695,-52.2681155325569,-51.5587895479905,50,50,52,60,60,60,6.16,8.64,7.81,57.8200210179695,60.9081155325569,59.3687895479905
1.70000163461539,800,800,800,800,800,800,-51.6999820953546,-52.388263980262,-51.7571063197149,50,51.9710827633903,50.0289172366097,60,60,58.0289172366097,6.16,8.17679555060328,8.1352286559594,57.8599820953546,60.5650595308653,59.8923349756743
1.70500163942308,800,800,800,800,800,800,-51.74999639286,-52.478608885258,-51.8387634363886,51.9998557115154,52,50,60,60,58,5.82002452904238,8.17,8.14,57.5700209219024,60.648608885258,59.9787634363886
1.71000164423077,800,800,800,800,800,800,-51.5901392731968,-52.5193496741069,-51.830164548957,52,50.0325162946568,51.9674837053432,60,60,59.9674837053432,5.82,8.49463481138164,7.61861681808404,57.4101392731968,61.0139844854885,59.448781367041
1.71500164903846,800,800,800,800,800,800,-51.4200779656189,-52.52,-51.8103460760403,52,50,52,60,60,60,6.07987770108044,8.5,7.61,57.4999556666994,61.02,59.4203460760403
1.72000165384615,800,800,800,800,800,800,-51.4400133702451,-52.5985379581188,-51.9965323320909,51.9997387228155,51.9634980404218,50.0365019595796,60,61.9634980404218,60,6.08000783831554,8.30365019595782,8.21868439253034,57.5200212085607,60.9021881540766,60.2152167246213
1.72500165865385,800,800,800,800,800,800,-51.5499035857988,-52.5705774321083,-52.0392310199426,50.0017348036579,52,50,60,62,60,6.13994795589026,8.3,8.23,57.6898515416891,60.8705774321083,60.2692310199426
1.73000166346154,800,800,800,800,800,800,-51.5300043493635,-52.6483821946554,-51.8734410408015,50,52,51.959505878737,60,60.040494121263,61.959505878737,6.14,8.89764929301477,7.98506176515788,57.6700043493635,61.5460314876701,59.8585028059594
1.73500166826923,800,800,800,800,800,800,-51.6900656641052,-52.8261778818105,-51.9385118429263,50,52,52,60,60,62,6.01,8.91,7.98,57.7000656641052,61.7361778818105,59.9185118429263
1.74000167307692,800,800,800,800,800,800,-51.8898660560209,-52.9473318452663,-52.1844382146315,50,53.955513717052,52,60,60,58.0889725658961,6.01,8.7144486282948,8.59598682087137,57.8998660560209,61.6617804735611,60.7804250355029
1.74500167788462,800,800,800,800,800,800,-52.0599560295599,-52.989072329483,-52.2095341763621,51.999470942223,54,52,61.999470942223,60,58,6.06998412826669,8.71,8.61,58.1299401578266,61.699072329483,60.8195341763621
1.75000168269231,800,800,800,800,800,800,-52.150002,-53.0500595167429,-51.9300268955083,51.9993275954813,50,52,61.9993275954813,60,60,6.07015465303931,9.05,8.08,58.2201566530393,62.1000595167429,60.0100268955083
1.7550016875,800,800,800,800,800,800,-52.150002,-53.229880868469,-52.0099450542707,50.0013236763237,50,52,60.0013236763237,60,60,6.52969555444555,9.05,8.08,58.6796975544456,62.279880868469,60.0899450542707
1.76000169230769,800,800,800,800,800,800,-52.2999897638737,-53.2699336048567,-52.2396202212864,50,51.9966802428338,50.0033197571662,60,61.9966802428338,58.0033197571662,6.53,8.58078014293405,8.40945224006758,58.8299897638737,61.8507137477907,60.649072461354
1.76500169711539,800,800,800,800,800,800,-52.3499450251892,-53.2101584777982,-52.3098149483276,51.9978809651885,52,50,60,62,58,6.19036023591795,8.58,8.41,58.5403052611072,61.7901584777982,60.7198149483276
1.77000170192308,800,800,800,800,800,800,-52.1700807804375,-53.249853757967,-52.1605483975698,52,50.0073119188497,53.9853761622977,60,60.0073119188497,59.9926880811488,6.19,9.18776986475083,7.88193765849555,58.3600807804375,62.4376236227179,60.0424860560653
1.77500170673077,800,800,800,800,800,800,-52.0000211810248,-53.3196742200108,-52.2694880600169,50,50,54,58,60,60,6.46,9.19,7.88,58.4600211810248,62.5096742200108,60.1494880600169
1.78000171153846,800,800,800,800,800,800,-52.1498734729655,-53.2603371337201,-52.4290956735572,50,51.9886959194653,52.0113040805347,58,61.9886959194653,60,6.46,8.72265645892566,8.7848566433567,58.6098734729655,61.9829935926458,61.2139523169139
1.78500171634615,800,800,800,800,800,800,-52.2999604680356,-53.2202669832773,-52.3803334973843,50,52,52,59.9994862301999,62,60,6.11008990971501,8.72,8.79,58.4100503777507,61.9402669832773,61.1703334973843
1.79000172115385,800,800,800,800,800,800,-52.3200172902578,-53.1902225091811,-52.1715624823199,50,52,52,59.9997118266348,60.0148996187664,60,6.11003746253748,9.31553011437008,8.55178795425197,58.4300547527953,62.5057526235512,60.7233504365719
1.79500172596154,800,800,800,800,800,800,-52.4398965264053,-53.2197475922673,-52.2394107209214,50,52,52,58.0017079074772,60,60,6.36977797202796,9.32,8.55,58.8096744984333,62.5397475922673,60.7894107209214
1.80000173076923,800,800,800,800,800,800,-52.6799390400933,-53.2100934629063,-52.4282055825559,50,52,52,58,61.9811111964955,58.0188888035045,6.37,9.13179443633293,8.58962222392991,59.0499390400933,62.3418878992393,61.0178278064858
1.80500173557692,800,800,800,800,800,800,-52.7600118710914,-53.2594758883338,-52.4794778778913,52,52,52,62,62,58,6.23,9.13,8.59,58.9900118710914,62.3894758883338,61.0694778778913
1.81000174038462,800,800,800,800,800,800,-52.7999729484765,-53.3489683565665,-52.3514852856183,52,50.0228809651881,52,62,60.0228809651881,59.9771190348105,6.23,9.46611023591803,8.35274571582274,59.0299729484765,62.8150785924846,60.704231001441
1.81500174519231,800,800,800,800,800,800,-52.7900015098193,-53.4487571103829,-52.4290048932817,52,50,52,60.0001019842672,60,60,6.89996583527049,9.47,8.35,59.6899673450898,62.9187571103829,60.7790048932817
1.82000175,800,800,800,800,800,800,-52.889971528022,-53.4697322687313,-52.6766408591409,52.0010989010994,50,52,60,61.973126873127,60,6.89992307692304,9.00631518481515,8.67556593406596,59.789894604945,62.4760474535464,61.3522067932068
1.82500175480769,800,800,800,800,800,800,-52.840022429045,-53.6079801554599,-52.74898957773,53.9991028202569,50,52,60,62,60,6.76006280258202,9,8.68,59.600085231627,62.6079801554599,61.42898957773
1.83000175961539,800,800,800,800,800,800,-52.6400086192804,-53.6592283832187,-52.533394197174,54,51.969134711442,52,60,58.0617305771159,60,6.76,9.32490722738794,8.72922836778605,59.4000086192804,62.9841356106066,61.2626225649601
1.83500176442308,800,800,800,800,800,800,-52.5201015717416,-53.7485389284726,-52.6578895471152,52.0016928764678,52,52,58.0016928764678,58,60,7.02977146167684,9.33,8.73,59.5498730334185,63.0785389284726,61.3878895471152
1.84000176923077,800,800,800,800,800,800,-52.4800178532952,-53.8482751419657,-52.8074166440329,52,52,50.0344578498429,58,59.9655421501571,60,7.03,9.13344578498429,8.77913855375393,59.5100178532952,62.98172092695,61.5865551977868
1.84500177403846,800,800,800,800,800,800,-52.5999871744419,-53.9481782487849,-52.9179930884932,52,52,50,62,60,60,6.69,9.13,8.78,59.2899871744419,63.0781782487849,61.6979930884932
1.85000177884615,800,800,800,800,800,800,-52.5300580362733,-54.057886249366,-52.8121156929589,52,52,51.9615499884735,62,60,60,6.69,9.46346349804051,8.53480625144081,59.2200580362734,63.5213497474066,61.3469219443997
1.85500178365385,800,800,800,800,800,800,-52.4600160390696,-54.1677735255888,-52.8981819056204,52,52,52,60.0004868305597,60,60,7.15988559481848,9.47,8.53,59.6199016338881,63.6377735255888,61.4281819056204
1.86000178846154,800,800,800,800,800,800,-52.6600857611082,-54.169998,-52.939150220199,52,52,52,60,61.9575578267887,58.0424421732113,7.15994997310379,9.5385145239376,8.86278483055407,59.820035734212,63.7085125239376,61.8019350507531
1.86500179326923,800,800,800,800,800,800,-52.899848229411,-54.160222146832,-52.9008906984237,52,52,52,60,62,58,7.02008969876276,9.54,8.87,59.9199379281738,63.700222146832,61.7708906984237
1.87000179807692,800,800,800,800,800,800,-52.9699841665839,-54.16,-52.7241801133578,52,50.0464343348963,52,60,60.0464343348963,59.9535656651037,7.02,9.86233833474211,8.62580429186204,59.9899841665839,64.0223383347421,61.3499844052199
1.87500180288462,800,800,800,800,800,800,-52.8799901924182,-54.2399911924181,-52.9100756451481,52,50.0007204334129,52,60,60.0007204334129,59.9992795665871,7.08,9.86983430031503,8.62012247368019,59.9599901924182,64.1098254927332,61.5301981188283
1.88000180769231,800,800,800,800,800,800,-52.8500171366249,-54.2100181366249,-53.1198650576577,52,51.9987243525705,52,60,61.9987243525705,58.0012756474295,7.08,9.41029339890879,8.95978313993698,59.9300171366249,63.6203115355337,62.0796481975947
1.8850018125,800,800,800,800,800,800,-52.9999943715479,-54.0103251744631,-53.2198374103147,52,52,52,60,62,58,7.14999737342406,9.41,8.96,60.149991744972,63.4203251744631,62.1798374103147
1.89000181730769,800,800,800,800,800,800,-52.940061131213,-54.0997609485898,-53.1900780224045,52,50.0052678091144,52,60,60.0052678091144,59.9947321908856,7.15,10.0084196572657,8.71065847613931,60.090061131213,64.1081806058555,61.9007364985438
1.89500182211539,800,800,800,800,800,800,-52.9000194322295,-54.1597820760374,-53.2697094407698,52,50,52,58.0008716768521,60,60,7.20997384969444,10.01,8.71,60.109993281924,64.1697820760374,61.9797094407698
1.90000182692308,800,800,800,800,800,800,-53.0200396523246,-54.1002758083839,-53.3496276104281,52,50,50.009259970798,58.0003304387923,61.990740029202,58.009259970798,7.20997686928454,9.55212979328354,9.04842580496434,60.2300165216092,63.6524056016674,62.3980534153924
1.90500183173077,800,800,800,800,800,800,-53.2597981246196,-54.0204502308096,-53.4792683453873,52,50,50,59.9983343579499,62,58,7.07011659494351,9.55,9.05,60.3299147195631,63.5704502308096,62.5292683453873
1.91000183653846,800,800,800,800,800,800,-53.279994343127,-54.2087400540402,-53.5992028853032,52,51.9867478675171,51.9867478675171,60,60.0132521324829,59.9867478675171,7.07,9.87781339814032,8.51357807577038,60.349994343127,64.0865534521805,62.1127809610735
1.91500184134615,800,800,800,800,800,800,-53.2200178099449,-54.2894069219374,-53.6893306714619,50,52,52,60,60,60,7.34,9.88,8.51,60.5600178099449,64.1694069219375,62.1993306714619
1.92000184615385,800,800,800,800,800,800,-53.3199170069008,-54.2503369022977,-53.7197483127488,50,52,52,60,61.9831553062321,60,7.34,9.94941043571812,9.12477814493196,60.6599170069008,64.1997473380158,62.8445264576807
1.92500185096154,800,800,800,800,800,800,-53.4999586097813,-54.3094357673413,-53.6902816304599,51.9995401086807,52,52,60,62,60,7.20003219239235,9.95,9.13,60.6999908021736,64.2594357673413,62.8202816304599
1.93000185576923,800,800,800,800,800,800,-53.4499861683067,-54.4782288777051,-53.4623952383771,51.9992584338735,52,52,60,60.0208368554514,60,7.20009640359645,10.2864577345733,9.17947907861368,60.6500825719031,64.7646866122783,62.6418743169908
1.93500186057692,800,800,800,800,800,800,-53.4100250909216,-54.6480611775821,-53.440227329363,50.0012545147159,52,52,60,60,60,7.45983691308693,10.29,9.18,60.8698620040085,64.9380611775821,62.6202273293629
1.94000186538462,800,800,800,800,800,800,-53.4499999224034,-54.7981368609583,-53.5288816942289,50,52,52,60,60,60,7.46,10.0924829017136,9.22937927457159,60.9099999224034,64.8906197626719,62.7582609688005
1.94500187019231,800,800,800,800,800,800,-53.5700114692999,-54.9282563552188,-53.4806706140369,52,52,52,60,60,60,7.32,10.09,9.23,60.8900114692999,65.0182563552188,62.7106706140369
1.950001875,800,800,800,800,800,800,-53.5899915084915,-54.969424562013,-53.4110087412587,52,50.0288211788213,52,60,60,60,7.32,10.1589912587413,9.26942357642358,60.9099915084915,65.1284158207542,62.6804323176823
1.95500187980769,800,800,800,800,800,800,-53.5300004429089,-54.970001,-53.5576896901166,50.0000480961615,50,52,58.0000480961615,60,60,7.579993747499,10.16,9.27,61.1099941904079,65.130001,62.8276896901166
1.96000188461539,800,800,800,800,800,800,-53.5799608765834,-54.970001,-53.7665958933545,50,50,50.0324202176722,58,60,58.0324202176722,7.58,10.16,9.3191894945582,61.1599608765834,65.130001,63.0857853879127
1.96500188942308,800,800,800,800,800,800,-53.7399344345123,-54.970001,-53.8486216415719,50,50,50,59.9991554314034,60,58,7.24014357666143,10.16,9.32,60.9800780111737,65.130001,63.1686216415719
1.97000189423077,800,800,800,800,800,800,-53.8099867064224,-54.970001,-53.6929114539403,50.000357334973,50,51.9635940982089,59.999642665027,60,59.9635940982089,7.24004645354649,10.16,8.78982959348361,61.0500331599689,65.130001,62.4827410474239
1.97500189903846,800,800,800,800,800,800,-53.7300655506542,-54.970001,-53.8175038519279,51.9983612541305,50,52,58.0016387458695,60,60,7.49978696303697,10.16,8.78,61.2298525136911,65.130001,62.5975038519279
1.98000190384615,800,800,800,800,800,800,-53.7399998059374,-54.970001,-53.9375751363905,52,50,52,58,60,58.0403980634747,7.5,10.16,9.39727461000547,61.2399998059374,65.130001,63.334849746396
1.98500190865385,800,800,800,800,800,800,-53.9400333214478,-54.970001,-53.9497889868843,52,50,52,62,60,58,7.56,10.16,9.41,61.5000333214478,65.130001,63.3597889868843
1.99000191346154,800,800,800,800,800,800,-54.0299434978099,-54.970001,-53.8424414845789,52,50,52,62,60,59.9556097748404,7.56,10.16,9.16554877814495,61.5899434978099,65.130001,63.0079902627238
1.99500191826923,800,800,800,800,800,800,-54.0699913424745,-54.970001,-53.9474497299767,52,50,52,60.0004328654539,60,60,8.02989827661834,10.16,9.16,62.0998896190928,65.130001,63.1074497299767
2.00000192307692,800,800,800,800,800,800,-54.1400374242681,-54.970001,-54.0699923149927,52,50,52,60,60,58,8.0299462076385,10.16,9.5,62.1699836319065,65.130001,63.5699923149927
2.00500192788462,800,800,800,800,800,800,-54.2399406172318,-54.970001,-54.0500112767992,52,50,52,60,60,58,7.89008593329747,10.16,9.5,62.1300265505293,65.130001,63.5500112767992
2.01000193269231,800,800,800,800,800,800,-54.2300001347231,-54.970001,-53.8802750112234,52,50,52,60,60,59.9967763006222,7.89,10.16,9.25040296242223,62.1200001347231,65.130001,63.1306779736456
2.0150019375,800,800,800,800,800,800,-54.2000313436439,-54.970001,-53.989714909478,52,50,52,58.002022977023,60,60,7.95992919580419,10.16,9.25,62.1599605394481,65.130001,63.239714909478
2.02000194230769,800,800,800,800,800,800,-54.2499794111351,-54.970001,-54.1992433381963,52,50,52,58,60,60,7.96,10.16,9.58877330361934,62.2099794111351,65.130001,63.7880166418157
2.02500194711539,800,800,800,800,800,800,-54.400002,-54.970001,-54.2796305315358,52,50,52,62,60,60,7.82,10.16,9.59,62.220002,65.130001,63.8696305315358
2.03000195192308,800,800,800,800,800,800,-54.400002,-54.970001,-54.2501681147372,52,50,52,62,60,60,7.82,10.16,9.62977583954508,62.220002,65.130001,63.8799439542823
2.03500195673077,800,800,800,800,800,800,-54.4099979126264,-54.970001,-54.2798009450482,52,50,52,60.000417558227,60,60,8.27990396160779,10.16,9.63,62.6899018742342,65.130001,63.9098009450482
2.04000196153846,800,800,800,800,800,800,-54.480023053485,-54.970001,-54.4090377623824,52,50,52,60,60,58.0148035417819,8.27997502497502,10.16,9.67962991145545,62.75999807846,65.130001,64.0886676738379
2.04500196634615,800,800,800,800,800,800,-54.5999012906305,-54.970001,-54.4298320333513,52,50,52,60,60,58,8.15010477022978,10.16,9.68,62.7500060608603,65.130001,64.1098320333513
2.05000197115385,800,800,800,800,800,800,-54.5900020585159,-54.970001,-54.1328199024611,52,50,52,60,60,59.9812072542838,8.15,10.16,9.43234909321452,62.7400020585159,65.130001,63.5651689956756
2.05500197596154,800,800,800,800,800,800,-54.4200453768856,-54.970001,-54.159688177996,52,50,52,58,60,60,8.21,10.16,9.43,62.6300453768856,65.130001,63.589688177996
2.06000198076923,800,800,800,800,800,800,-54.539928609041,-54.970001,-54.3379493583339,52,50,52,58,60,58.0227849074011,8.21,10.16,9.76612656574182,62.749928609041,65.130001,64.1040759240757
2.06500198557692,800,800,800,800,800,800,-54.7699993361431,-54.970001,-54.2807424420377,52,50,52,61.9999884546119,60,58,8.07000040408858,10.16,9.77,62.8399997402317,65.130001,64.0507424420378
2.07000199038462,800,800,800,800,800,800,-54.7999691266253,-54.970001,-53.9248178858238,52,50,53.9732229309155,61.9988050411122,60,59.9732229309155,8.07028081533864,10.16,9.52334713363557,62.8702499419639,65.130001,63.4481650194593
2.07500199519231,800,800,800,800,800,800,-54.7500200276483,-54.970001,-53.9594235226149,52,50,54,60.0008011219546,60,60,8.53981173634067,10.16,9.52,63.289831763989,65.130001,63.4794235226149
2.080002,800,800,800,800,800,800,-54.869999,-54.970001,-54.1864605384615,52,50,52.0307692307696,60,60,60,8.54,10.16,10.1403076923076,63.409999,65.130001,64.3267682307691
2.08500200480769,800,800,800,800,800,800,-54.869999,-54.970001,-54.2883823586688,52,50,52,60,60,60,8.54,10.16,10.15,63.409999,65.130001,64.4383823586688
2.09000200961539,800,800,800,800,800,800,-54.869999,-54.970001,-54.2703436351014,52,50,50.0343617920545,60,60,60,8.54,10.16,9.91412341504654,63.409999,65.130001,64.184467050148
2.09500201442308,800,800,800,800,800,800,-54.869999,-54.970001,-54.4467287732603,52,50,50,60,60,60,8.54,10.16,9.91,63.409999,65.130001,64.3567287732603
2.10000201923077,800,800,800,800,800,800,-54.869999,-54.970001,-54.6167389522862,52,50,51.961646046262,60,60,60,8.54,10.16,9.66479424421725,63.409999,65.130001,64.2815331965035
2.10500202403846,800,800,800,800,800,800,-54.869999,-54.970001,-54.6885867487897,52,50,52,60,60,60,8.54,10.16,9.66,63.409999,65.130001,64.3485867487897
2.11000202884615,800,800,800,800,800,800,-54.869999,-54.970001,-54.6410576528856,52,50,52,60,60,60,8.54,10.16,9.99280116037811,63.409999,65.130001,64.6338588132637
2.11500203365385,800,800,800,800,800,800,-54.869999,-54.970001,-54.6888904450934,52,50,52,60,60,60,8.54,10.16,10,63.409999,65.130001,64.6888904450934
2.12000203846154,800,800,800,800,800,800,-54.869999,-54.970001,-54.7583761834704,52,50,52,60,60,58.046338277108,8.54,10.16,10.0390732344578,63.409999,65.130001,64.7974494179282
2.12500204326923,800,800,800,800,800,800,-54.869999,-54.970001,-54.7699959167275,52,50,52,60,60,58.0008164912013,8.54,10.16,10.0399020210558,63.409999,65.130001,64.8098979377834
2.13000204807692,800,800,800,800,800,800,-54.869999,-54.970001,-54.7600038991278,52,50,52,60,60,59.9988204103588,8.54,10.16,9.80014155075694,63.409999,65.130001,64.5601454498847
2.13500205288462,800,800,800,800,800,800,-54.869999,-54.970001,-54.839872970005,52,50,52,60,60,60,8.54,10.16,9.8,63.409999,65.130001,64.639872970005
2.14000205769231,800,800,800,800,800,800,-54.869999,-54.970001,-54.8998468422885,52,50,50.0051717513261,60,60,58.0051717513261,8.54,10.16,10.1291466610312,63.409999,65.130001,65.0289935033197
