I0,I1,I2,I3,I4,I5,I6,I7,I8,I9,I10,I11
32.692001,0.000000,0.000000,-1.560000,0.000000,0.000000,0.000000,0.000000,0.000000,0.000000,0.160000,0.000000
32.696999,0.000000,0.000000,-1.550000,0.000000,0.000000,0.000000,0.000000,0.000000,0.000000,0.150000,0.000000
32.702000,0.000000,0.000000,-1.540000,0.000000,0.000000,0.000000,0.000000,0.000000,0.000000,0.150000,0.000000
32.707001,0.000000,0.000000,-1.530000,0.000000,0.000000,0.000000,0.000000,0.000000,0.000000,0.150000,0.000000
32.712002,0.000000,0.000000,-1.520000,0.000000,0.000000,0.000000,0.000000,0.000000,0.000000,0.150000,0.000000
32.716999,0.000000,0.000000,-1.500000,0.000000,0.000000,0.000000,0.000000,0.000000,0.000000,0.150000,0.000000
32.722000,0.000000,0.000000,-1.490000,0.000000,0.000000,0.000000,0.000000,0.000000,0.000000,0.150000,0.000000
32.727001,0.000000,0.000000,-1.470000,0.000000,0.000000,0.000000,0.000000,0.000000,0.000000,0.150000,0.000000
32.731998,0.000000,0.000000,-1.450000,0.000000,0.000000,0.000000,0.000000,0.000000,0.000000,0.150000,0.000000
32.737000,0.000000,0.000000,-1.430000,0.000000,0.000000,0.000000,0.000000,0.000000,0.000000,0.140000,0.000000
32.742001,0.000000,0.000000,-1.410000,0.000000,0.000000,0.000000,0.000000,0.000000,0.000000,0.140000,0.000000
32.747002,0.000000,0.000000,-1.390000,0.000000,0.000000,0.000000,0.000000,0.000000,0.000000,0.140000,0.000000
32.751999,0.000000,0.000000,-1.370000,0.000000,0.000000,0.000000,0.000000,0.000000,0.000000,0.140000,0.000000
32.757000,0.000000,0.000000,-1.350000,0.000000,0.000000,0.000000,0.000000,0.000000,0.000000,0.130000,0.000000
32.762001,0.000000,0.000000,-1.330000,0.000000,0.000000,0.000000,0.000000,0.000000,0.000000,0.130000,0.000000
32.766998,0.000000,0.000000,-1.310000,0.000000,0.000000,0.000000,0.000000,0.000000,0.000000,0.130000,0.000000
32.771999,0.000000,0.000000,-1.280000,0.000000,0.000000,0.000000,0.000000,0.000000,0.000000,0.130000,0.000000
32.777000,0.000000,0.000000,-1.270000,0.000000,0.000000,0.000000,0.000000,0.000000,0.000000,0.130000,0.000000
32.782001,0.000000,0.000000,-1.250000,0.000000,0.000000,0.000000,0.000000,0.000000,0.000000,0.120000,0.000000
32.786999,0.000000,0.000000,-1.230000,0.000000,0.000000,0.000000,0.000000,0.000000,0.000000,0.120000,0.000000
32.792000,0.000000,0.000000,-1.220000,0.000000,0.000000,0.000000,0.000000,0.000000,0.000000,0.120000,0.000000
32.797001,0.000000,0.000000,-1.220000,0.000000,0.000000,0.000000,0.000000,0.000000,0.000000,0.120000,0.000000
32.801998,0.000000,0.000000,-1.220000,0.000000,0.000000,0.000000,0.000000,0.000000,0.000000,0.120000,0.000000
32.806999,0.000000,0.000000,-1.220000,0.000000,0.000000,0.000000,0.000000,0.000000,0.000000,0.120000,0.000000
32.812000,0.000000,0.000000,-1.230000,0.000000,0.000000,0.000000,0.000000,0.000000,0.000000,0.120000,0.000000
32.817001,0.000000,0.000000,-1.250000,0.000000,0.000000,0.000000,0.000000,0.000000,0.000000,0.120000,0.000000
32.821999,0.000000,0.000000,-1.270000,0.000000,0.000000,0.000000,0.000000,0.000000,0.000000,0.130000,0.000000
32.827000,0.000000,0.000000,-1.290000,0.000000,0.000000,0.000000,0.000000,0.000000,0.000000,0.130000,0.000000
32.832001,0.000000,0.000000,-1.320000,0.000000,0.000000,0.000000,0.000000,0.000000,0.000000,0.130000,0.010000
32.837002,0.000000,0.000000,-1.350000,0.000000,0.000000,0.000000,0.000000,0.000000,0.000000,0.140000,0.010000
32.841999,0.000000,0.000000,-1.390000,0.000000,0.000000,0.000000,0.000000,0.000000,0.000000,0.140000,0.010000
32.847000,0.000000,0.000000,-1.420000,0.000000,0.000000,0.000000,0.000000,0.000000,0.000000,0.140000,0.010000
32.852001,0.000000,0.000000,-1.450000,0.000000,0.000000,0.000000,0.000000,0.000000,0.000000,0.140000,0.010000
32.856998,0.000000,0.000000,-1.480000,0.000000,0.000000,0.000000,0.000000,0.000000,0.000000,0.150000,0.010000
32.862000,0.000000,0.000000,-1.510000,0.000000,0.000000,0.000000,0.000000,0.000000,0.000000,0.150000,0.010000
32.867001,0.000000,0.000000,-1.540000,0.000000,0.000000,0.000000,0.000000,0.000000,0.000000,0.150000,0.010000
32.872002,0.000000,0.000000,-1.570000,0.000000,0.000000,0.000000,0.000000,0.000000,0.000000,0.160000,0.010000
32.876999,0.000000,0.000000,-1.590000,0.000000,0.000000,0.000000,0.000000,0.000000,0.000000,0.160000,0.000000
32.882000,0.000000,0.000000,-1.600000,0.000000,0.000000,0.000000,0.000000,0.000000,0.000000,0.160000,0.000000
32.887001,0.000000,0.000000,-1.620000,0.000000,0.000000,0.000000,0.000000,0.000000,0.000000,0.160000,0.000000
32.891998,0.000000,0.000000,-1.630000,0.000000,0.000000,0.000000,0.000000,0.000000,0.000000,0.160000,0.000000
32.896999,0.000000,0.000000,-1.630000,0.000000,0.000000,0.000000,0.000000,0.000000,0.000000,0.160000,0.000000
32.902000,0.000000,0.000000,-1.630000,0.000000,0.000000,0.000000,0.000000,0.000000,0.000000,0.160000,0.000000
32.907001,0.000000,0.000000,-1.630000,0.000000,0.000000,0.000000,0.000000,0.000000,0.000000,0.160000,0.000000
32.911999,0.000000,0.000000,-1.630000,0.000000,0.000000,0.000000,0.000000,0.000000,0.000000,0.160000,0.000000
32.917000,0.000000,0.000000,-1.620000,0.000000,0.000000,0.000000,0.000000,0.000000,0.000000,0.160000,0.000000
32.922001,0.000000,0.000000,-1.620000,0.000000,0.000000,0.000000,0.000000,0.000000,0.000000,0.160000,0.000000
32.926998,0.000000,0.000000,-1.610000,0.000000,0.000000,0.000000,0.000000,0.000000,0.000000,0.160000,0.000000
32.931999,0.000000,0.000000,-1.600000,0.000000,0.000000,0.000000,0.000000,0.000000,0.000000,0.160000,0.000000
32.937000,0.000000,0.000000,-1.590000,0.000000,0.000000,0.000000,0.000000,0.000000,0.000000,0.160000,0.000000
32.942001,0.000000,0.000000,-1.570000,0.000000,0.000000,0.000000,0.000000,0.000000,0.000000,0.160000,0.000000
32.946999,0.000000,0.000000,-1.560000,0.000000,0.000000,0.000000,0.000000,0.000000,0.000000,0.160000,0.000000
32.952000,0.000000,0.000000,-1.560000,0.000000,0.000000,0.000000,0.000000,0.000000,0.000000,0.160000,0.000000
32.957001,0.000000,0.000000,-1.550000,0.000000,0.000000,0.000000,0.000000,0.000000,0.000000,0.150000,0.000000
32.962002,0.000000,0.000000,-1.540000,0.000000,0.000000,0.000000,0.000000,0.000000,0.000000,0.150000,0.000000
32.966999,0.000000,0.000000,-1.540000,0.000000,0.000000,0.000000,0.000000,0.000000,0.000000,0.150000,0.000000
32.972000,0.000000,0.000000,-1.540000,0.000000,0.000000,0.000000,0.000000,0.000000,0.000000,0.150000,0.000000
32.977001,0.000000,0.000000,-1.540000,0.000000,0.000000,0.000000,0.000000,0.000000,0.000000,0.150000,0.000000
32.981998,0.000000,0.000000,-1.540000,0.000000,0.000000,0.000000,0.000000,0.000000,0.000000,0.150000,0.000000
32.987000,0.000000,0.000000,-1.530000,0.000000,0.000000,0.000000,0.000000,0.000000,0.000000,0.150000,0.000000
32.992001,0.000000,0.000000,-1.530000,0.000000,0.000000,0.000000,0.000000,0.000000,0.000000,0.150000,0.000000
32.997002,0.000000,0.000000,-1.530000,0.000000,0.000000,0.000000,0.000000,0.000000,0.000000,0.150000,0.000000
33.001999,0.000000,0.000000,-1.530000,0.000000,0.000000,0.000000,0.000000,0.000000,0.000000,0.150000,0.000000
33.007000,0.000000,0.000000,-1.540000,0.000000,0.000000,0.000000,0.000000,0.000000,0.000000,0.150000,0.000000
33.012001,0.000000,0.000000,-1.530000,0.000000,0.000000,0.000000,0.000000,0.000000,0.000000,0.150000,0.000000
33.016998,0.000000,0.000000,-1.530000,0.000000,0.000000,0.000000,0.000000,0.000000,0.000000,0.150000,0.000000
33.021999,0.000000,0.000000,-1.520000,0.000000,0.000000,0.000000,0.000000,0.000000,0.000000,0.150000,0.000000
33.027000,0.000000,0.000000,-1.510000,0.000000,0.000000,0.000000,0.000000,0.000000,0.000000,0.150000,0.000000
33.032001,0.000000,0.000000,-1.510000,0.000000,0.000000,0.000000,0.000000,0.000000,0.000000,0.150000,0.000000
33.036999,0.000000,0.000000,-1.490000,0.000000,0.000000,0.000000,0.000000,0.000000,0.000000,0.150000,0.000000
33.042000,0.000000,0.000000,-1.480000,0.000000,0.000000,0.000000,0.000000,0.000000,0.000000,0.150000,0.000000
33.047001,0.000000,0.000000,-1.460000,0.000000,0.000000,0.000000,0.000000,0.000000,0.000000,0.150000,0.000000
33.051998,0.000000,0.000000,-1.440000,0.000000,0.000000,0.000000,0.000000,0.000000,0.000000,0.140000,0.000000
33.056999,0.000000,0.000000,-1.420000,0.000000,0.000000,0.000000,0.000000,0.000000,0.000000,0.140000,0.000000
33.062000,0.000000,0.000000,-1.390000,0.000000,0.000000,0.000000,0.000000,0.000000,0.000000,0.140000,-0.010000
33.067001,0.000000,0.000000,-1.370000,0.000000,0.000000,0.000000,0.000000,0.000000,0.000000,0.140000,-0.010000
33.071999,0.000000,0.000000,-1.340000,0.000000,0.000000,0.000000,0.000000,0.000000,0.000000,0.130000,-0.010000
33.077000,0.000000,0.000000,-1.310000,0.000000,0.000000,0.000000,0.000000,0.000000,0.000000,0.130000,-0.010000
33.082001,0.000000,0.000000,-1.280000,0.000000,0.000000,0.000000,0.000000,0.000000,0.000000,0.130000,-0.010000
33.087002,0.000000,0.000000,-1.250000,0.000000,0.000000,0.000000,0.000000,0.000000,0.000000,0.130000,-0.010000
33.091999,0.000000,0.000000,-1.230000,0.000000,0.000000,0.000000,0.000000,0.000000,0.000000,0.120000,-0.010000
33.097000,0.000000,0.000000,-1.200000,0.000000,0.000000,0.000000,0.000000,0.000000,0.000000,0.120000,-0.010000
33.102001,0.000000,0.000000,-1.170000,0.000000,0.000000,0.000000,0.000000,0.000000,0.000000,0.120000,-0.010000
33.106998,0.000000,0.000000,-1.140000,0.000000,0.000000,0.000000,0.000000,0.000000,0.000000,0.110000,-0.010000
33.112000,0.000000,0.000000,-1.120000,0.000000,0.000000,0.000000,0.000000,0.000000,0.000000,0.110000,0.000000
33.117001,0.000000,0.000000,-1.100000,0.000000,0.000000,0.000000,0.000000,0.000000,0.000000,0.110000,0.000000
33.122002,0.000000,0.000000,-1.090000,0.000000,0.000000,0.000000,0.000000,0.000000,0.000000,0.110000,0.000000
33.126999,0.000000,0.000000,-1.080000,0.000000,0.000000,0.000000,0.000000,0.000000,0.000000,0.110000,0.000000
33.132000,0.000000,0.000000,-1.070000,0.000000,0.000000,0.000000,0.000000,0.000000,0.000000,0.110000,0.000000
33.137001,0.000000,0.000000,-1.070000,0.000000,0.000000,0.000000,0.000000,0.000000,0.000000,0.110000,0.000000
33.141998,0.000000,0.000000,-1.080000,0.000000,0.000000,0.000000,0.000000,0.000000,0.000000,0.110000,0.000000
33.146999,0.000000,0.000000,-1.090000,0.000000,0.000000,0.000000,0.000000,0.000000,0.000000,0.110000,0.000000
33.152000,0.000000,0.000000,-1.110000,0.000000,0.000000,0.000000,0.000000,0.000000,0.000000,0.110000,0.000000
33.157001,0.000000,0.000000,-1.130000,0.000000,0.000000,0.000000,0.000000,0.000000,0.000000,0.110000,0.000000
33.161999,0.000000,0.000000,-1.150000,0.000000,0.000000,0.000000,0.000000,0.000000,0.000000,0.120000,0.000000
33.167000,0.000000,0.000000,-1.180000,0.000000,0.000000,0.000000,0.000000,0.000000,0.000000,0.120000,0.010000
33.172001,0.000000,0.000000,-1.210000,0.000000,0.000000,0.000000,0.000000,0.000000,0.000000,0.120000,0.010000
33.176998,0.000000,0.000000,-1.250000,0.000000,0.000000,0.000000,0.000000,0.000000,0.000000,0.120000,0.010000
33.181999,0.000000,0.000000,-1.290000,0.000000,0.000000,0.000000,0.000000,0.000000,0.000000,0.130000,0.010000
33.187000,0.000000,0.000000,-1.330000,0.000000,0.000000,0.000000,0.000000,0.000000,0.000000,0.130000,0.010000
33.192001,0.000000,0.000000,-1.360000,0.000000,0.000000,0.000000,0.000000,0.000000,0.000000,0.140000,0.010000
33.196999,0.000000,0.000000,-1.400000,0.000000,0.000000,0.000000,0.000000,0.000000,0.000000,0.140000,0.010000
33.202000,0.000000,0.000000,-1.430000,0.000000,0.000000,0.000000,0.000000,0.000000,0.000000,0.140000,0.010000
33.207001,0.000000,0.000000,-1.460000,0.000000,0.000000,0.000000,0.000000,0.000000,0.000000,0.150000,0.010000
33.212002,0.000000,0.000000,-1.480000,0.000000,0.000000,0.000000,0.000000,0.000000,0.000000,0.150000,0.000000
33.216999,0.000000,0.000000,-1.500000,0.000000,0.000000,0.000000,0.000000,0.000000,0.000000,0.150000,0.000000
33.222000,0.000000,0.000000,-1.520000,0.000000,0.000000,0.000000,0.000000,0.000000,0.000000,0.150000,0.000000
33.227001,0.000000,0.000000,-1.540000,0.000000,0.000000,0.000000,0.000000,0.000000,0.000000,0.150000,0.000000
33.231998,0.000000,0.000000,-1.540000,0.000000,0.000000,0.000000,0.000000,0.000000,0.000000,0.150000,0.000000
33.237000,0.000000,0.000000,-1.550000,0.000000,0.000000,0.000000,0.000000,0.000000,0.000000,0.160000,0.000000
33.242001,0.000000,0.000000,-1.560000,0.000000,0.000000,0.000000,0.000000,0.000000,0.000000,0.160000,0.000000
33.247002,0.000000,0.000000,-1.560000,0.000000,0.000000,0.000000,0.000000,0.000000,0.000000,0.160000,0.000000
33.251999,0.000000,0.000000,-1.560000,0.000000,0.000000,0.000000,0.000000,0.000000,0.000000,0.160000,0.000000
33.257000,0.000000,0.000000,-1.550000,0.000000,0.000000,0.000000,0.000000,0.000000,0.000000,0.150000,0.000000
33.262001,0.000000,0.000000,-1.540000,0.000000,0.000000,0.000000,0.000000,0.000000,0.000000,0.150000,0.000000
33.266998,0.000000,0.000000,-1.540000,0.000000,0.000000,0.000000,0.000000,0.000000,0.000000,0.150000,0.000000
33.271999,0.000000,0.000000,-1.530000,0.000000,0.000000,0.000000,0.000000,0.000000,0.000000,0.150000,0.000000
33.277000,0.000000,0.000000,-1.530000,0.000000,0.000000,0.000000,0.000000,0.000000,0.000000,0.150000,0.000000
33.282001,0.000000,0.000000,-1.520000,0.000000,0.000000,0.000000,0.000000,0.000000,0.000000,0.150000,0.000000
33.286999,0.000000,0.000000,-1.520000,0.000000,0.000000,0.000000,0.000000,0.000000,0.000000,0.150000,0.000000
33.292000,0.000000,0.000000,-1.510000,0.000000,0.000000,0.000000,0.000000,0.000000,0.000000,0.150000,0.000000
33.297001,0.000000,0.000000,-1.510000,0.000000,0.000000,0.000000,0.000000,0.000000,0.000000,0.150000,0.000000
33.301998,0.000000,0.000000,-1.520000,0.000000,0.000000,0.000000,0.000000,0.000000,0.000000,0.150000,0.000000
33.306999,0.000000,0.000000,-1.520000,0.000000,0.000000,0.000000,0.000000,0.000000,0.000000,0.150000,0.000000
33.312000,0.000000,0.000000,-1.510000,0.000000,0.000000,0.000000,0.000000,0.000000,0.000000,0.150000,0.000000
33.317001,0.000000,0.000000,-1.510000,0.000000,0.000000,0.000000,0.000000,0.000000,0.000000,0.150000,0.000000
33.321999,0.000000,0.000000,-1.520000,0.000000,0.000000,0.000000,0.000000,0.000000,0.000000,0.150000,0.000000
33.327000,0.000000,0.000000,-1.520000,0.000000,0.000000,0.000000,0.000000,0.000000,0.000000,0.150000,0.000000
33.332001,0.000000,0.000000,-1.520000,0.000000,0.000000,0.000000,0.000000,0.000000,0.000000,0.150000,0.000000
33.337002,0.000000,0.000000,-1.520000,0.000000,0.000000,0.000000,0.000000,0.000000,0.000000,0.150000,0.000000
33.341999,0.000000,0.000000,-1.520000,0.000000,0.000000,0.000000,0.000000,0.000000,0.000000,0.150000,0.000000
33.347000,0.000000,0.000000,-1.520000,0.000000,0.000000,0.000000,0.000000,0.000000,0.000000,0.150000,0.000000
33.352001,0.000000,0.000000,-1.510000,0.000000,0.000000,0.000000,0.000000,0.000000,0.000000,0.150000,0.000000
33.356998,0.000000,0.000000,-1.510000,0.000000,0.000000,0.000000,0.000000,0.000000,0.000000,0.150000,0.000000
33.362000,0.000000,0.000000,-1.500000,0.000000,0.000000,0.000000,0.000000,0.000000,0.000000,0.150000,0.000000
33.367001,0.000000,0.000000,-1.490000,0.000000,0.000000,0.000000,0.000000,0.000000,0.000000,0.150000,0.000000
33.372002,0.000000,0.000000,-1.470000,0.000000,0.000000,0.000000,0.000000,0.000000,0.000000,0.150000,0.000000
33.376999,0.000000,0.000000,-1.450000,0.000000,0.000000,0.000000,0.000000,0.000000,0.000000,0.140000,0.000000
33.382000,0.000000,0.000000,-1.430000,0.000000,0.000000,0.000000,0.000000,0.000000,0.000000,0.140000,0.000000
33.387001,0.000000,0.000000,-1.400000,0.000000,0.000000,0.000000,0.000000,0.000000,0.000000,0.140000,-0.010000
33.391998,0.000000,0.000000,-1.380000,0.000000,0.000000,0.000000,0.000000,0.000000,0.000000,0.140000,-0.010000
33.396999,0.000000,0.000000,-1.350000,0.000000,0.000000,0.000000,0.000000,0.000000,0.000000,0.130000,-0.010000
33.402000,0.000000,0.000000,-1.320000,0.000000,0.000000,0.000000,0.000000,0.000000,0.000000,0.130000,-0.010000
33.407001,0.000000,0.000000,-1.280000,0.000000,0.000000,0.000000,0.000000,0.000000,0.000000,0.130000,-0.010000
33.411999,0.000000,0.000000,-1.250000,0.000000,0.000000,0.000000,0.000000,0.000000,0.000000,0.120000,-0.010000
33.417000,0.000000,0.000000,-1.210000,0.000000,0.000000,0.000000,0.000000,0.000000,0.000000,0.120000,-0.010000
33.422001,0.000000,0.000000,-1.170000,0.000000,0.000000,0.000000,0.000000,0.000000,0.000000,0.120000,-0.010000
33.426998,0.000000,0.000000,-1.140000,0.000000,0.000000,0.000000,0.000000,0.000000,0.000000,0.110000,-0.010000
33.431999,0.000000,0.000000,-1.110000,0.000000,0.000000,0.000000,0.000000,0.000000,0.000000,0.110000,-0.010000
33.437000,0.000000,0.000000,-1.080000,0.000000,0.000000,0.000000,0.000000,0.000000,0.000000,0.110000,-0.010000
33.442001,0.000000,0.000000,-1.050000,0.000000,0.000000,0.000000,0.000000,0.000000,0.000000,0.110000,-0.010000
33.446999,0.000000,0.000000,-1.030000,0.000000,0.000000,0.000000,0.000000,0.000000,0.000000,0.100000,0.000000
33.452000,0.000000,0.000000,-1.010000,0.000000,0.000000,0.000000,0.000000,0.000000,0.000000,0.100000,0.000000
33.457001,0.000000,0.000000,-1.000000,0.000000,0.000000,0.000000,0.000000,0.000000,0.000000,0.100000,0.000000
33.462002,0.000000,0.000000,-1.000000,0.000000,0.000000,0.000000,0.000000,0.000000,0.000000,0.100000,0.000000
33.466999,0.000000,0.000000,-0.990000,0.000000,0.000000,0.000000,0.000000,0.000000,0.000000,0.100000,0.000000
33.472000,0.000000,0.000000,-1.000000,0.000000,0.000000,0.000000,0.000000,0.000000,0.000000,0.100000,0.000000
33.477001,0.000000,0.000000,-1.010000,0.000000,0.000000,0.000000,0.000000,0.000000,0.000000,0.100000,0.000000
33.481998,0.000000,0.000000,-1.020000,0.000000,0.000000,0.000000,0.000000,0.000000,0.000000,0.100000,0.000000
33.487000,0.000000,0.000000,-1.050000,0.000000,0.000000,0.000000,0.000000,0.000000,0.000000,0.100000,0.000000
33.492001,0.000000,0.000000,-1.070000,0.000000,0.000000,0.000000,0.000000,0.000000,0.000000,0.110000,0.010000
33.497002,0.000000,0.000000,-1.100000,0.000000,0.000000,0.000000,0.000000,0.000000,0.000000,0.110000,0.010000
33.501999,0.000000,0.000000,-1.130000,0.000000,0.000000,0.000000,0.000000,0.000000,0.000000,0.110000,0.010000
33.507000,0.000000,0.000000,-1.160000,0.000000,0.000000,0.000000,0.000000,0.000000,0.000000,0.120000,0.010000
33.512001,0.000000,0.000000,-1.200000,0.000000,0.000000,0.000000,0.000000,0.000000,0.000000,0.120000,0.010000
33.516998,0.000000,0.000000,-1.240000,0.000000,0.000000,0.000000,0.000000,0.000000,0.000000,0.120000,0.010000
33.521999,0.000000,0.000000,-1.280000,0.000000,0.000000,0.000000,0.000000,0.000000,0.000000,0.130000,0.010000
33.527000,0.000000,0.000000,-1.310000,0.000000,0.000000,0.000000,0.000000,0.000000,0.000000,0.130000,0.010000
33.532001,0.000000,0.000000,-1.350000,0.000000,0.000000,0.000000,0.000000,0.000000,0.000000,0.140000,0.010000
33.536999,0.000000,0.000000,-1.390000,0.000000,0.000000,0.000000,0.000000,0.000000,0.000000,0.140000,0.010000
33.542000,0.000000,0.000000,-1.420000,0.000000,0.000000,0.000000,0.000000,0.000000,0.000000,0.140000,0.010000
33.547001,0.000000,0.000000,-1.450000,0.000000,0.000000,0.000000,0.000000,0.000000,0.000000,0.140000,0.010000
33.551998,0.000000,0.000000,-1.470000,0.000000,0.000000,0.000000,0.000000,0.000000,0.000000,0.150000,0.000000
33.556999,0.000000,0.000000,-1.490000,0.000000,0.000000,0.000000,0.000000,0.000000,0.000000,0.150000,0.000000
33.562000,0.000000,0.000000,-1.500000,0.000000,0.000000,0.000000,0.000000,0.000000,0.000000,0.150000,0.000000
33.567001,0.000000,0.000000,-1.510000,0.000000,0.000000,0.000000,0.000000,0.000000,0.000000,0.150000,0.000000
33.571999,0.000000,0.000000,-1.510000,0.000000,0.000000,0.000000,0.000000,0.000000,0.000000,0.150000,0.000000
33.577000,0.000000,0.000000,-1.510000,0.000000,0.000000,0.000000,0.000000,0.000000,0.000000,0.150000,0.000000
33.582001,0.000000,0.000000,-1.510000,0.000000,0.000000,0.000000,0.000000,0.000000,0.000000,0.150000,0.000000
33.587002,0.000000,0.000000,-1.500000,0.000000,0.000000,0.000000,0.000000,0.000000,0.000000,0.150000,0.000000
33.591999,0.000000,0.000000,-1.500000,0.000000,0.000000,0.000000,0.000000,0.000000,0.000000,0.150000,0.000000
33.597000,0.000000,0.000000,-1.500000,0.000000,0.000000,0.000000,0.000000,0.000000,0.000000,0.150000,0.000000
33.602001,0.000000,0.000000,-1.490000,0.000000,0.000000,0.000000,0.000000,0.000000,0.000000,0.150000,0.000000
33.606998,0.000000,0.000000,-1.490000,0.000000,0.000000,0.000000,0.000000,0.000000,0.000000,0.150000,0.000000
33.612000,0.000000,0.000000,-1.490000,0.000000,0.000000,0.000000,0.000000,0.000000,0.000000,0.150000,0.000000
33.617001,0.000000,0.000000,-1.480000,0.000000,0.000000,0.000000,0.000000,0.000000,0.000000,0.150000,0.000000
33.622002,0.000000,0.000000,-1.470000,0.000000,0.000000,0.000000,0.000000,0.000000,0.000000,0.150000,0.000000
33.626999,0.000000,0.000000,-1.470000,0.000000,0.000000,0.000000,0.000000,0.000000,0.000000,0.150000,0.000000
33.632000,0.000000,0.000000,-1.470000,0.000000,0.000000,0.000000,0.000000,0.000000,0.000000,0.150000,0.000000
33.637001,0.000000,0.000000,-1.460000,0.000000,0.000000,0.000000,0.000000,0.000000,0.000000,0.150000,0.000000
33.641998,0.000000,0.000000,-1.470000,0.000000,0.000000,0.000000,0.000000,0.000000,0.000000,0.150000,0.000000
33.646999,0.000000,0.000000,-1.470000,0.000000,0.000000,0.000000,0.000000,0.000000,0.000000,0.150000,0.000000
33.652000,0.000000,0.000000,-1.460000,0.000000,0.000000,0.000000,0.000000,0.000000,0.000000,0.150000,0.000000
33.657001,0.000000,0.000000,-1.460000,0.000000,0.000000,0.000000,0.000000,0.000000,0.000000,0.150000,0.000000
33.661999,0.000000,0.000000,-1.460000,0.000000,0.000000,0.000000,0.000000,0.000000,0.000000,0.150000,0.000000
33.667000,0.000000,0.000000,-1.460000,0.000000,0.000000,0.000000,0.000000,0.000000,0.000000,0.150000,0.000000
33.672001,0.000000,0.000000,-1.460000,0.000000,0.000000,0.000000,0.000000,0.000000,0.000000,0.150000,0.000000
33.676998,0.000000,0.000000,-1.460000,0.000000,0.000000,0.000000,0.000000,0.000000,0.000000,0.150000,0.000000
33.681999,0.000000,0.000000,-1.450000,0.000000,0.000000,0.000000,0.000000,0.000000,0.000000,0.150000,0.000000
33.687000,0.000000,0.000000,-1.450000,0.000000,0.000000,0.000000,0.000000,0.000000,0.000000,0.140000,0.000000
33.692001,0.000000,0.000000,-1.440000,0.000000,0.000000,0.000000,0.000000,0.000000,0.000000,0.140000,0.000000
33.696999,0.000000,0.000000,-1.430000,0.000000,0.000000,0.000000,0.000000,0.000000,0.000000,0.140000,0.000000
33.702000,0.000000,0.000000,-1.420000,0.000000,0.000000,0.000000,0.000000,0.000000,0.000000,0.140000,0.000000
33.707001,0.000000,0.000000,-1.410000,0.000000,0.000000,0.000000,0.000000,0.000000,0.000000,0.140000,0.000000
33.712002,0.000000,0.000000,-1.400000,0.000000,0.000000,0.000000,0.000000,0.000000,0.000000,0.140000,0.000000
33.716999,0.000000,0.000000,-1.380000,0.000000,0.000000,0.000000,0.000000,0.000000,0.000000,0.140000,0.000000
33.722000,0.000000,0.000000,-1.370000,0.000000,0.000000,0.000000,0.000000,0.000000,0.000000,0.140000,0.000000
33.727001,0.000000,0.000000,-1.350000,0.000000,0.000000,0.000000,0.000000,0.000000,0.000000,0.130000,0.000000
33.731998,0.000000,0.000000,-1.330000,0.000000,0.000000,0.000000,0.000000,0.000000,0.000000,0.130000,0.000000
33.737000,0.000000,0.000000,-1.300000,0.000000,0.000000,0.000000,0.000000,0.000000,0.000000,0.130000,0.000000
33.742001,0.000000,0.000000,-1.280000,0.000000,0.000000,0.000000,0.000000,0.000000,0.000000,0.130000,0.000000
33.747002,0.000000,0.000000,-1.250000,0.000000,0.000000,0.000000,0.000000,0.000000,0.000000,0.130000,0.000000
33.751999,0.000000,0.000000,-1.230000,0.000000,0.000000,0.000000,0.000000,0.000000,0.000000,0.120000,-0.010000
33.757000,0.000000,0.000000,-1.200000,0.000000,0.000000,0.000000,0.000000,0.000000,0.000000,0.120000,-0.010000
33.762001,0.000000,0.000000,-1.170000,0.000000,0.000000,0.000000,0.000000,0.000000,0.000000,0.120000,-0.010000
33.766998,0.000000,0.000000,-1.140000,0.000000,0.000000,0.000000,0.000000,0.000000,0.000000,0.110000,0.000000
33.771999,0.000000,0.000000,-1.120000,0.000000,0.000000,0.000000,0.000000,0.000000,0.000000,0.110000,0.000000
33.777000,0.000000,0.000000,-1.100000,0.000000,0.000000,0.000000,0.000000,0.000000,0.000000,0.110000,0.000000
33.782001,0.000000,0.000000,-1.080000,0.000000,0.000000,0.000000,0.000000,0.000000,0.000000,0.110000,0.000000
33.786999,0.000000,0.000000,-1.070000,0.000000,0.000000,0.000000,0.000000,0.000000,0.000000,0.110000,0.000000
33.792000,0.000000,0.000000,-1.060000,0.000000,0.000000,0.000000,0.000000,0.000000,0.000000,0.110000,0.000000
33.797001,0.000000,0.000000,-1.060000,0.000000,0.000000,0.000000,0.000000,0.000000,0.000000,0.110000,0.000000
33.801998,0.000000,0.000000,-1.060000,0.000000,0.000000,0.000000,0.000000,0.000000,0.000000,0.110000,0.000000
33.806999,0.000000,0.000000,-1.080000,0.000000,0.000000,0.000000,0.000000,0.000000,0.000000,0.110000,0.000000
33.812000,0.000000,0.000000,-1.090000,0.000000,0.000000,0.000000,0.000000,0.000000,0.000000,0.110000,0.000000
33.817001,0.000000,0.000000,-1.110000,0.000000,0.000000,0.000000,0.000000,0.000000,0.000000,0.110000,0.000000
33.821999,0.000000,0.000000,-1.140000,0.000000,0.000000,0.000000,0.000000,0.000000,0.000000,0.110000,0.010000
33.827000,0.000000,0.000000,-1.170000,0.000000,0.000000,0.000000,0.000000,0.000000,0.000000,0.120000,0.010000
33.832001,0.000000,0.000000,-1.200000,0.000000,0.000000,0.000000,0.000000,0.000000,0.000000,0.120000,0.010000
33.837002,0.000000,0.000000,-1.230000,0.000000,0.000000,0.000000,0.000000,0.000000,0.000000,0.120000,0.010000
33.841999,0.000000,0.000000,-1.270000,0.000000,0.000000,0.000000,0.000000,0.000000,0.000000,0.130000,0.010000
33.847000,0.000000,0.000000,-1.310000,0.000000,0.000000,0.000000,0.000000,0.000000,0.000000,0.130000,0.010000
33.852001,0.000000,0.000000,-1.350000,0.000000,0.000000,0.000000,0.000000,0.000000,0.000000,0.130000,0.010000
33.856998,0.000000,0.000000,-1.380000,0.000000,0.000000,0.000000,0.000000,0.000000,0.000000,0.140000,0.010000
33.862000,0.000000,0.000000,-1.420000,0.000000,0.000000,0.000000,0.000000,0.000000,0.000000,0.140000,0.010000
33.867001,0.000000,0.000000,-1.440000,0.000000,0.000000,0.000000,0.000000,0.000000,0.000000,0.140000,0.010000
33.872002,0.000000,0.000000,-1.470000,0.000000,0.000000,0.000000,0.000000,0.000000,0.000000,0.150000,0.010000
33.876999,0.000000,0.000000,-1.490000,0.000000,0.000000,0.000000,0.000000,0.000000,0.000000,0.150000,0.000000
33.882000,0.000000,0.000000,-1.500000,0.000000,0.000000,0.000000,0.000000,0.000000,0.000000,0.150000,0.000000
33.887001,0.000000,0.000000,-1.510000,0.000000,0.000000,0.000000,0.000000,0.000000,0.000000,0.150000,0.000000
33.891998,0.000000,0.000000,-1.520000,0.000000,0.000000,0.000000,0.000000,0.000000,0.000000,0.150000,0.000000
33.896999,0.000000,0.000000,-1.520000,0.000000,0.000000,0.000000,0.000000,0.000000,0.000000,0.150000,0.000000
33.902000,0.000000,0.000000,-1.520000,0.000000,0.000000,0.000000,0.000000,0.000000,0.000000,0.150000,0.000000
33.907001,0.000000,0.000000,-1.510000,0.000000,0.000000,0.000000,0.000000,0.000000,0.000000,0.150000,0.000000
33.911999,0.000000,0.000000,-1.510000,0.000000,0.000000,0.000000,0.000000,0.000000,0.000000,0.150000,0.000000
33.917000,0.000000,0.000000,-1.500000,0.000000,0.000000,0.000000,0.000000,0.000000,0.000000,0.150000,0.000000
33.922001,0.000000,0.000000,-1.480000,0.000000,0.000000,0.000000,0.000000,0.000000,0.000000,0.150000,0.000000
33.926998,0.000000,0.000000,-1.470000,0.000000,0.000000,0.000000,0.000000,0.000000,0.000000,0.150000,0.000000
33.931999,0.000000,0.000000,-1.460000,0.000000,0.000000,0.000000,0.000000,0.000000,0.000000,0.150000,0.000000
33.937000,0.000000,0.000000,-1.450000,0.000000,0.000000,0.000000,0.000000,0.000000,0.000000,0.150000,0.000000
33.942001,0.000000,0.000000,-1.440000,0.000000,0.000000,0.000000,0.000000,0.000000,0.000000,0.140000,0.000000
33.946999,0.000000,0.000000,-1.420000,0.000000,0.000000,0.000000,0.000000,0.000000,0.000000,0.140000,0.000000
33.952000,0.000000,0.000000,-1.410000,0.000000,0.000000,0.000000,0.000000,0.000000,0.000000,0.140000,0.000000
33.957001,0.000000,0.000000,-1.400000,0.000000,0.000000,0.000000,0.000000,0.000000,0.000000,0.140000,0.000000
33.962002,0.000000,0.000000,-1.390000,0.000000,0.000000,0.000000,0.000000,0.000000,0.000000,0.140000,0.000000
33.966999,0.000000,0.000000,-1.380000,0.000000,0.000000,0.000000,0.000000,0.000000,0.000000,0.140000,0.000000
33.972000,0.000000,0.000000,-1.380000,0.000000,0.000000,0.000000,0.000000,0.000000,0.000000,0.140000,0.000000
33.977001,0.000000,0.000000,-1.370000,0.000000,0.000000,0.000000,0.000000,0.000000,0.000000,0.140000,0.000000
33.981998,0.000000,0.000000,-1.360000,0.000000,0.000000,0.000000,0.000000,0.000000,0.000000,0.140000,0.000000
33.987000,0.000000,0.000000,-1.350000,0.000000,0.000000,0.000000,0.000000,0.000000,0.000000,0.130000,0.000000
33.992001,0.000000,0.000000,-1.340000,0.000000,0.000000,0.000000,0.000000,0.000000,0.000000,0.130000,0.000000
33.997002,0.000000,0.000000,-1.330000,0.000000,0.000000,0.000000,0.000000,0.000000,0.000000,0.130000,0.000000
34.001999,0.000000,0.000000,-1.330000,0.000000,0.000000,0.000000,0.000000,0.000000,0.000000,0.130000,0.000000
34.007000,0.000000,0.000000,-1.320000,0.000000,0.000000,0.000000,0.000000,0.000000,0.000000,0.130000,0.000000
34.012001,0.000000,0.000000,-1.320000,0.000000,0.000000,0.000000,0.000000,0.000000,0.000000,0.130000,0.000000
34.016998,0.000000,0.000000,-1.310000,0.000000,0.000000,0.000000,0.000000,0.000000,0.000000,0.130000,0.000000
34.021999,0.000000,0.000000,-1.310000,0.000000,0.000000,0.000000,0.000000,0.000000,0.000000,0.130000,0.000000
34.027000,0.000000,0.000000,-1.310000,0.000000,0.000000,0.000000,0.000000,0.000000,0.000000,0.130000,0.000000
34.032001,0.000000,0.000000,-1.310000,0.000000,0.000000,0.000000,0.000000,0.000000,0.000000,0.130000,0.000000
34.036999,0.000000,0.000000,-1.300000,0.000000,0.000000,0.000000,0.000000,0.000000,0.000000,0.130000,0.000000
34.042000,0.000000,0.000000,-1.300000,0.000000,0.000000,0.000000,0.000000,0.000000,0.000000,0.130000,0.000000
34.047001,0.000000,0.000000,-1.280000,0.000000,0.000000,0.000000,0.000000,0.000000,0.000000,0.130000,0.000000
34.051998,0.000000,0.000000,-1.300000,0.000000,0.000000,0.000000,0.000000,0.000000,0.000000,0.130000,0.000000
34.056999,0.000000,0.000000,-1.300000,0.000000,0.000000,0.000000,0.000000,0.000000,0.000000,0.130000,0.000000
34.062000,0.000000,0.000000,-1.260000,0.000000,0.000000,0.000000,0.000000,0.000000,0.000000,0.130000,-0.010000
34.067001,0.000000,0.000000,-1.220000,0.000000,0.000000,0.000000,0.000000,0.000000,0.000000,0.120000,-0.010000
34.071999,0.000000,0.000000,-1.200000,0.000000,0.000000,0.000000,0.000000,0.000000,0.000000,0.120000,0.000000
34.077000,0.000000,0.000000,-1.170000,0.000000,0.000000,0.000000,0.000000,0.000000,0.000000,0.120000,-0.010000
34.082001,0.000000,0.000000,-1.110000,0.000000,0.000000,0.000000,0.000000,0.000000,0.000000,0.110000,-0.010000
34.087002,0.000000,0.000000,-1.030000,0.000000,0.000000,0.000000,0.000000,0.000000,0.000000,0.100000,-0.020000
34.091999,0.000000,0.000000,-0.960000,0.000000,0.000000,0.000000,0.000000,0.000000,0.000000,0.100000,-0.010000
34.097000,0.000000,0.000000,-0.900000,0.000000,0.000000,0.000000,0.000000,0.000000,0.000000,0.090000,-0.010000
34.102001,0.000000,0.000000,-0.830000,0.000000,0.000000,0.000000,0.000000,0.000000,0.000000,0.080000,-0.010000
34.106998,0.000000,0.000000,-0.760000,0.000000,0.000000,0.000000,0.000000,0.000000,0.000000,0.080000,-0.010000
34.112000,0.000000,0.000000,-0.690000,0.000000,0.000000,0.000000,0.000000,0.000000,0.000000,0.070000,-0.010000
34.117001,0.000000,0.000000,-0.640000,0.000000,0.000000,0.000000,0.000000,0.000000,0.000000,0.060000,-0.010000
34.122002,0.000000,0.000000,-0.570000,0.000000,0.000000,0.000000,0.000000,0.000000,0.000000,0.060000,-0.010000
34.126999,0.000000,0.000000,-0.510000,0.000000,0.000000,0.000000,0.000000,0.000000,0.000000,0.050000,-0.010000
34.132000,0.000000,0.000000,-0.440000,0.000000,0.000000,0.000000,0.000000,0.000000,0.000000,0.040000,-0.010000
34.137001,0.000000,0.000000,-0.390000,0.000000,0.000000,0.000000,0.000000,0.000000,0.000000,0.040000,-0.010000
34.141998,0.000000,0.000000,-0.360000,0.000000,0.000000,0.000000,0.000000,0.000000,0.000000,0.040000,-0.010000
34.146999,0.000000,0.000000,-0.320000,0.000000,0.000000,0.000000,0.000000,0.000000,0.000000,0.030000,-0.010000
34.152000,0.000000,0.000000,-0.280000,0.000000,0.000000,0.000000,0.000000,0.000000,0.000000,0.030000,-0.010000
34.157001,0.000000,0.000000,-0.250000,0.000000,0.000000,0.000000,0.000000,0.000000,0.000000,0.030000,-0.010000
34.161999,0.000000,0.000000,-0.230000,0.000000,0.000000,0.000000,0.000000,0.000000,0.000000,0.020000,0.000000
34.167000,0.000000,0.000000,-0.210000,0.000000,0.000000,0.000000,0.000000,0.000000,0.000000,0.020000,0.000000
34.172001,0.000000,0.000000,-0.190000,0.000000,0.000000,0.000000,0.000000,0.000000,0.000000,0.020000,0.000000
34.176998,0.000000,0.000000,-0.180000,0.000000,0.000000,0.000000,0.000000,0.000000,0.000000,0.020000,0.000000
34.181999,0.000000,0.000000,-0.180000,0.000000,0.000000,0.000000,0.000000,0.000000,0.000000,0.020000,0.000000
34.187000,0.000000,0.000000,-0.170000,0.000000,0.000000,0.000000,0.000000,0.000000,0.000000,0.020000,0.000000
34.192001,0.000000,0.000000,-0.170000,0.000000,0.000000,0.000000,0.000000,0.000000,0.000000,0.020000,0.000000
34.196999,0.000000,0.000000,-0.170000,0.000000,0.000000,0.000000,0.000000,0.000000,0.000000,0.020000,0.000000
34.202000,0.000000,0.000000,-0.170000,0.000000,0.000000,0.000000,0.000000,0.000000,0.000000,0.020000,0.000000
34.207001,0.000000,0.000000,-0.160000,0.000000,0.000000,0.000000,0.000000,0.000000,0.000000,0.020000,0.000000
34.212002,0.000000,0.000000,-0.150000,0.000000,0.000000,0.000000,0.000000,0.000000,0.000000,0.010000,0.000000
34.216999,0.000000,0.000000,-0.130000,0.000000,0.000000,0.000000,0.000000,0.000000,0.000000,0.010000,0.000000
34.222000,0.000000,0.000000,-0.110000,0.000000,0.000000,0.000000,0.000000,0.000000,0.000000,0.010000,0.000000
34.227001,0.000000,0.000000,-0.090000,0.000000,0.000000,0.000000,0.000000,0.000000,0.000000,0.010000,0.000000
34.231998,0.000000,0.000000,-0.060000,0.000000,0.000000,0.000000,0.000000,0.000000,0.000000,0.010000,-0.010000
34.237000,0.000000,0.000000,-0.030000,0.000000,0.000000,0.000000,0.000000,0.000000,0.000000,0.000000,-0.010000
34.242001,0.000000,0.000000,0.010000,0.000000,0.000000,0.000000,0.000000,0.000000,0.000000,0.000000,-0.010000
34.247002,0.000000,0.000000,0.050000,0.000000,0.000000,0.000000,0.000000,0.000000,0.000000,0.000000,-0.010000
34.251999,0.000000,0.000000,0.090000,0.000000,0.000000,0.000000,0.000000,0.000000,0.000000,-0.010000,-0.010000
34.257000,0.000000,0.000000,0.140000,0.000000,0.000000,0.000000,0.000000,0.000000,0.000000,-0.010000,-0.010000
34.262001,0.000000,0.000000,0.200000,0.000000,0.000000,0.000000,0.000000,0.000000,0.000000,-0.020000,-0.010000
34.266998,0.000000,0.000000,0.250000,0.000000,0.000000,0.000000,0.000000,0.000000,0.000000,-0.020000,-0.010000
34.271999,0.000000,0.000000,0.310000,0.000000,0.000000,0.000000,0.000000,0.000000,0.000000,-0.030000,-0.010000
34.277000,0.000000,0.000000,0.370000,0.000000,0.000000,0.000000,0.000000,0.000000,0.000000,-0.040000,-0.010000
34.282001,0.000000,0.000000,0.430000,0.000000,0.000000,0.000000,0.000000,0.000000,0.000000,-0.040000,-0.010000
34.286999,0.000000,0.000000,0.480000,0.000000,0.000000,0.000000,0.000000,0.000000,0.000000,-0.050000,-0.010000
34.292000,0.000000,0.000000,0.560000,0.000000,0.000000,0.000000,0.000000,0.000000,0.000000,-0.060000,-0.010000
34.297001,0.000000,0.000000,0.620000,0.000000,0.000000,0.000000,0.000000,0.000000,0.000000,-0.060000,-0.010000
34.301998,0.000000,0.000000,0.680000,0.000000,0.000000,0.000000,0.000000,0.000000,0.000000,-0.070000,-0.010000
34.306999,0.000000,0.000000,0.740000,0.000000,0.000000,0.000000,0.000000,0.000000,0.000000,-0.070000,-0.010000
34.312000,0.000000,0.000000,0.790000,0.000000,0.000000,0.000000,0.000000,0.000000,0.000000,-0.080000,-0.010000
34.317001,0.000000,0.000000,0.850000,0.000000,0.000000,0.000000,0.000000,0.000000,0.000000,-0.080000,-0.010000
34.321999,0.000000,0.000000,0.910000,0.000000,0.000000,0.000000,0.000000,0.000000,0.000000,-0.090000,-0.010000
34.327000,0.000000,0.000000,0.950000,0.000000,0.000000,0.000000,0.000000,0.000000,0.000000,-0.100000,-0.010000
34.332001,0.000000,0.000000,0.990000,0.000000,0.000000,0.000000,0.000000,0.000000,0.000000,-0.100000,-0.010000
34.337002,0.000000,0.000000,1.030000,0.000000,0.000000,0.000000,0.000000,0.000000,0.000000,-0.100000,-0.010000
34.341999,0.000000,0.000000,1.080000,0.000000,0.000000,0.000000,0.000000,0.000000,0.000000,-0.110000,-0.010000
34.347000,0.000000,0.000000,1.120000,0.000000,0.000000,0.000000,0.000000,0.000000,0.000000,-0.110000,-0.010000
34.352001,0.000000,0.000000,1.160000,0.000000,0.000000,0.000000,0.000000,0.000000,0.000000,-0.120000,-0.010000
34.356998,0.000000,0.000000,1.190000,0.000000,0.000000,0.000000,0.000000,0.000000,0.000000,-0.120000,-0.010000
34.362000,0.000000,0.000000,1.230000,0.000000,0.000000,0.000000,0.000000,0.000000,0.000000,-0.120000,-0.010000
34.367001,0.000000,0.000000,1.280000,0.000000,0.000000,0.000000,0.000000,0.000000,0.000000,-0.130000,-0.010000
34.372002,0.000000,0.000000,1.320000,0.000000,0.000000,0.000000,0.000000,0.000000,0.000000,-0.130000,-0.010000
34.376999,0.000000,0.000000,1.370000,0.000000,0.000000,0.000000,0.000000,0.000000,0.000000,-0.140000,-0.010000
34.382000,0.000000,0.000000,1.410000,0.000000,0.000000,0.000000,0.000000,0.000000,0.000000,-0.140000,-0.010000
34.387001,0.000000,0.000000,1.460000,0.000000,0.000000,0.000000,0.000000,0.000000,0.000000,-0.150000,-0.010000
34.391998,0.000000,0.000000,1.500000,0.000000,0.000000,0.000000,0.000000,0.000000,0.000000,-0.150000,-0.010000
34.396999,0.000000,0.000000,1.550000,0.000000,0.000000,0.000000,0.000000,0.000000,0.000000,-0.150000,-0.010000
34.402000,0.000000,0.000000,1.590000,0.000000,0.000000,0.000000,0.000000,0.000000,0.000000,-0.160000,-0.010000
34.407001,0.000000,0.000000,1.640000,0.000000,0.000000,0.000000,0.000000,0.000000,0.000000,-0.160000,-0.010000
34.411999,0.000000,0.000000,1.710000,0.000000,0.000000,0.000000,0.000000,0.000000,0.000000,-0.170000,-0.010000
34.417000,0.000000,0.000000,1.780000,0.000000,0.000000,0.000000,0.000000,0.000000,0.000000,-0.180000,-0.010000
34.422001,0.000000,0.000000,1.860000,0.000000,0.000000,0.000000,0.000000,0.000000,0.000000,-0.190000,-0.020000
34.426998,0.000000,0.000000,1.930000,0.000000,0.000000,0.000000,0.000000,0.000000,0.000000,-0.190000,-0.010000
34.431999,0.000000,0.000000,1.980000,0.000000,0.000000,0.000000,0.000000,0.000000,0.000000,-0.200000,-0.010000
34.437000,0.000000,0.000000,2.040000,0.000000,0.000000,0.000000,0.000000,0.000000,0.000000,-0.200000,-0.010000
34.442001,0.000000,0.000000,2.090000,0.000000,0.000000,0.000000,0.000000,0.000000,0.000000,-0.210000,-0.010000
34.446999,0.000000,0.000000,2.110000,0.000000,0.000000,0.000000,0.000000,0.000000,0.000000,-0.210000,0.000000
34.452000,0.000000,0.000000,2.110000,0.000000,0.000000,0.000000,0.000000,0.000000,0.000000,-0.210000,0.000000
34.457001,0.000000,0.000000,2.090000,0.000000,0.000000,0.000000,0.000000,0.000000,0.000000,-0.210000,0.000000
34.462002,0.000000,0.000000,2.050000,0.000000,0.000000,0.000000,0.000000,0.000000,0.000000,-0.210000,0.010000
34.466999,0.000000,0.000000,1.990000,0.000000,0.000000,0.000000,0.000000,0.000000,0.000000,-0.200000,0.010000
34.472000,0.000000,0.000000,1.920000,0.000000,0.000000,0.000000,0.000000,0.000000,0.000000,-0.190000,0.020000
34.477001,0.000000,0.000000,1.820000,0.000000,0.000000,0.000000,0.000000,0.000000,0.000000,-0.180000,0.020000
34.481998,0.000000,0.000000,1.720000,0.000000,0.000000,0.000000,0.000000,0.000000,0.000000,-0.170000,0.020000
34.487000,0.000000,0.000000,1.600000,0.000000,0.000000,0.000000,0.000000,0.000000,0.000000,-0.160000,0.020000
34.492001,0.000000,0.000000,1.490000,0.000000,0.000000,0.000000,0.000000,0.000000,0.000000,-0.150000,0.020000
34.497002,0.000000,0.000000,1.370000,0.000000,0.000000,0.000000,0.000000,0.000000,0.000000,-0.140000,0.020000
34.501999,0.000000,0.000000,1.260000,0.000000,0.000000,0.000000,0.000000,0.000000,0.000000,-0.130000,0.020000
34.507000,0.000000,0.000000,1.160000,0.000000,0.000000,0.000000,0.000000,0.000000,0.000000,-0.120000,0.020000
34.512001,0.000000,0.000000,1.080000,0.000000,0.000000,0.000000,0.000000,0.000000,0.000000,-0.110000,0.020000
34.516998,0.000000,0.000000,0.950000,0.000000,0.000000,0.000000,0.000000,0.000000,0.000000,-0.100000,0.020000
34.521999,0.000000,0.000000,0.890000,0.000000,0.000000,0.000000,0.000000,0.000000,0.000000,-0.090000,0.010000
34.527000,0.000000,0.000000,0.860000,0.000000,0.000000,0.000000,0.000000,0.000000,0.000000,-0.090000,0.010000
34.532001,0.000000,0.000000,0.860000,0.000000,0.000000,0.000000,0.000000,0.000000,0.000000,-0.090000,0.000000
34.536999,0.000000,0.000000,0.860000,0.000000,0.000000,0.000000,0.000000,0.000000,0.000000,-0.090000,0.000000
34.542000,0.000000,0.000000,0.850000,0.000000,0.000000,0.000000,0.000000,0.000000,0.000000,-0.090000,0.000000
34.547001,0.000000,0.000000,0.850000,0.000000,0.000000,0.000000,0.000000,0.000000,0.000000,-0.080000,0.000000
34.551998,0.000000,0.000000,0.850000,0.000000,0.000000,0.000000,0.000000,0.000000,0.000000,-0.080000,0.000000
34.556999,0.000000,0.000000,0.850000,0.000000,0.000000,0.000000,0.000000,0.000000,0.000000,-0.090000,0.000000
34.562000,0.000000,0.000000,0.850000,0.000000,0.000000,0.000000,0.000000,0.000000,0.000000,-0.080000,0.000000
34.567001,0.000000,0.000000,0.840000,0.000000,0.000000,0.000000,0.000000,0.000000,0.000000,-0.080000,0.000000
34.571999,0.000000,0.000000,0.820000,0.000000,0.000000,0.000000,0.000000,0.000000,0.000000,-0.080000,0.000000
34.577000,0.000000,0.000000,0.800000,0.000000,0.000000,0.000000,0.000000,0.000000,0.000000,-0.080000,0.000000
34.582001,0.000000,0.000000,0.780000,0.000000,0.000000,0.000000,0.000000,0.000000,0.000000,-0.080000,0.010000
34.587002,0.000000,0.000000,0.740000,0.000000,0.000000,0.000000,0.000000,0.000000,0.000000,-0.070000,0.010000
34.591999,0.000000,0.000000,0.690000,0.000000,0.000000,0.000000,0.000000,0.000000,0.000000,-0.070000,0.010000
34.597000,0.000000,0.000000,0.650000,0.000000,0.000000,0.000000,0.000000,0.000000,0.000000,-0.060000,0.010000
34.602001,0.000000,0.000000,0.620000,0.000000,0.000000,0.000000,0.000000,0.000000,0.000000,-0.060000,0.010000
34.606998,0.000000,0.000000,0.580000,0.000000,0.000000,0.000000,0.000000,0.000000,0.000000,-0.060000,0.010000
34.612000,0.000000,0.000000,0.540000,0.000000,0.000000,0.000000,0.000000,0.000000,0.000000,-0.050000,0.010000
34.617001,0.000000,0.000000,0.520000,0.000000,0.000000,0.000000,0.000000,0.000000,0.000000,-0.050000,0.010000
34.622002,0.000000,0.000000,0.490000,0.000000,0.000000,0.000000,0.000000,0.000000,0.000000,-0.050000,0.010000
34.626999,0.000000,0.000000,0.460000,0.000000,0.000000,0.000000,0.000000,0.000000,0.000000,-0.050000,0.010000
34.632000,0.000000,0.000000,0.440000,0.000000,0.000000,0.000000,0.000000,0.000000,0.000000,-0.040000,0.000000
34.637001,0.000000,0.000000,0.420000,0.000000,0.000000,0.000000,0.000000,0.000000,0.000000,-0.040000,0.000000
34.641998,0.000000,0.000000,0.410000,0.000000,0.000000,0.000000,0.000000,0.000000,0.000000,-0.040000,0.000000
34.646999,0.000000,0.000000,0.400000,0.000000,0.000000,0.000000,0.000000,0.000000,0.000000,-0.040000,0.000000
34.652000,0.000000,0.000000,0.400000,0.000000,0.000000,0.000000,0.000000,0.000000,0.000000,-0.040000,0.000000
34.657001,0.000000,0.000000,0.410000,0.000000,0.000000,0.000000,0.000000,0.000000,0.000000,-0.040000,0.000000
34.661999,0.000000,0.000000,0.420000,0.000000,0.000000,0.000000,0.000000,0.000000,0.000000,-0.040000,0.000000
34.667000,0.000000,0.000000,0.430000,0.000000,0.000000,0.000000,0.000000,0.000000,0.000000,-0.040000,0.000000
34.672001,0.000000,0.000000,0.450000,0.000000,0.000000,0.000000,0.000000,0.000000,0.000000,-0.050000,0.000000
34.676998,0.000000,0.000000,0.470000,0.000000,0.000000,0.000000,0.000000,0.000000,0.000000,-0.050000,0.000000
34.681999,0.000000,0.000000,0.490000,0.000000,0.000000,0.000000,0.000000,0.000000,0.000000,-0.050000,0.000000
34.687000,0.000000,0.000000,0.520000,0.000000,0.000000,0.000000,0.000000,0.000000,0.000000,-0.050000,-0.010000
34.692001,0.000000,0.000000,0.550000,0.000000,0.000000,0.000000,0.000000,0.000000,0.000000,-0.060000,-0.010000
34.696999,0.000000,0.000000,0.580000,0.000000,0.000000,0.000000,0.000000,0.000000,0.000000,-0.060000,-0.010000
34.702000,0.000000,0.000000,0.600000,0.000000,0.000000,0.000000,0.000000,0.000000,0.000000,-0.060000,0.000000
34.707001,0.000000,0.000000,0.620000,0.000000,0.000000,0.000000,0.000000,0.000000,0.000000,-0.060000,-0.010000
34.712002,0.000000,0.000000,0.640000,0.000000,0.000000,0.000000,0.000000,0.000000,0.000000,-0.060000,0.000000
34.716999,0.000000,0.000000,0.660000,0.000000,0.000000,0.000000,0.000000,0.000000,0.000000,-0.070000,0.000000
34.722000,0.000000,0.000000,0.670000,0.000000,0.000000,0.000000,0.000000,0.000000,0.000000,-0.070000,0.000000
34.727001,0.000000,0.000000,0.690000,0.000000,0.000000,0.000000,0.000000,0.000000,0.000000,-0.070000,0.000000
34.731998,0.000000,0.000000,0.700000,0.000000,0.000000,0.000000,0.000000,0.000000,0.000000,-0.070000,0.000000
34.737000,0.000000,0.000000,0.720000,0.000000,0.000000,0.000000,0.000000,0.000000,0.000000,-0.070000,0.000000
34.742001,0.000000,0.000000,0.740000,0.000000,0.000000,0.000000,0.000000,0.000000,0.000000,-0.070000,0.000000
34.747002,0.000000,0.000000,0.750000,0.000000,0.000000,0.000000,0.000000,0.000000,0.000000,-0.080000,0.000000
34.751999,0.000000,0.000000,0.770000,0.000000,0.000000,0.000000,0.000000,0.000000,0.000000,-0.080000,0.000000
34.757000,0.000000,0.000000,0.770000,0.000000,0.000000,0.000000,0.000000,0.000000,0.000000,-0.080000,0.000000
34.762001,0.000000,0.000000,0.790000,0.000000,0.000000,0.000000,0.000000,0.000000,0.000000,-0.080000,0.000000
34.766998,0.000000,0.000000,0.800000,0.000000,0.000000,0.000000,0.000000,0.000000,0.000000,-0.080000,0.000000
34.771999,0.000000,0.000000,0.810000,0.000000,0.000000,0.000000,0.000000,0.000000,0.000000,-0.080000,0.000000
34.777000,0.000000,0.000000,0.830000,0.000000,0.000000,0.000000,0.000000,0.000000,0.000000,-0.080000,0.000000
34.782001,0.000000,0.000000,0.840000,0.000000,0.000000,0.000000,0.000000,0.000000,0.000000,-0.080000,0.000000
34.786999,0.000000,0.000000,0.860000,0.000000,0.000000,0.000000,0.000000,0.000000,0.000000,-0.090000,0.000000
34.792000,0.000000,0.000000,0.880000,0.000000,0.000000,0.000000,0.000000,0.000000,0.000000,-0.090000,0.000000
34.797001,0.000000,0.000000,0.900000,0.000000,0.000000,0.000000,0.000000,0.000000,0.000000,-0.090000,0.000000
34.801998,0.000000,0.000000,0.920000,0.000000,0.000000,0.000000,0.000000,0.000000,0.000000,-0.090000,0.000000
34.806999,0.000000,0.000000,0.940000,0.000000,0.000000,0.000000,0.000000,0.000000,0.000000,-0.090000,0.000000
34.812000,0.000000,0.000000,0.960000,0.000000,0.000000,0.000000,0.000000,0.000000,0.000000,-0.100000,0.000000
34.817001,0.000000,0.000000,0.980000,0.000000,0.000000,0.000000,0.000000,0.000000,0.000000,-0.100000,0.000000
34.821999,0.000000,0.000000,0.990000,0.000000,0.000000,0.000000,0.000000,0.000000,0.000000,-0.100000,0.000000
34.827000,0.000000,0.000000,1.000000,0.000000,0.000000,0.000000,0.000000,0.000000,0.000000,-0.100000,0.000000
34.832001,0.000000,0.000000,1.010000,0.000000,0.000000,0.000000,0.000000,0.000000,0.000000,-0.100000,0.000000
34.837002,0.000000,0.000000,1.010000,0.000000,0.000000,0.000000,0.000000,0.000000,0.000000,-0.100000,0.000000
34.841999,0.000000,0.000000,1.010000,0.000000,0.000000,0.000000,0.000000,0.000000,0.000000,-0.100000,0.000000
34.847000,0.000000,0.000000,1.020000,0.000000,0.000000,0.000000,0.000000,0.000000,0.000000,-0.100000,0.000000
34.852001,0.000000,0.000000,1.010000,0.000000,0.000000,0.000000,0.000000,0.000000,0.000000,-0.100000,0.000000
34.856998,0.000000,0.000000,0.990000,0.000000,0.000000,0.000000,0.000000,0.000000,0.000000,-0.100000,0.000000
34.862000,0.000000,0.000000,0.980000,0.000000,0.000000,0.000000,0.000000,0.000000,0.000000,-0.100000,0.000000
34.867001,0.000000,0.000000,0.960000,0.000000,0.000000,0.000000,0.000000,0.000000,0.000000,-0.100000,0.000000
34.872002,0.000000,0.000000,0.940000,0.000000,0.000000,0.000000,0.000000,0.000000,0.000000,-0.090000,0.000000
34.876999,0.000000,0.000000,0.910000,0.000000,0.000000,0.000000,0.000000,0.000000,0.000000,-0.090000,0.000000
34.882000,0.000000,0.000000,0.890000,0.000000,0.000000,0.000000,0.000000,0.000000,0.000000,-0.090000,0.010000
34.887001,0.000000,0.000000,0.860000,0.000000,0.000000,0.000000,0.000000,0.000000,0.000000,-0.090000,0.000000
34.891998,0.000000,0.000000,0.830000,0.000000,0.000000,0.000000,0.000000,0.000000,0.000000,-0.080000,0.010000
34.896999,0.000000,0.000000,0.800000,0.000000,0.000000,0.000000,0.000000,0.000000,0.000000,-0.080000,0.010000
34.902000,0.000000,0.000000,0.780000,0.000000,0.000000,0.000000,0.000000,0.000000,0.000000,-0.080000,0.010000
34.907001,0.000000,0.000000,0.750000,0.000000,0.000000,0.000000,0.000000,0.000000,0.000000,-0.080000,0.010000
34.911999,0.000000,0.000000,0.720000,0.000000,0.000000,0.000000,0.000000,0.000000,0.000000,-0.070000,0.010000
34.917000,0.000000,0.000000,0.690000,0.000000,0.000000,0.000000,0.000000,0.000000,0.000000,-0.070000,0.010000
34.922001,0.000000,0.000000,0.670000,0.000000,0.000000,0.000000,0.000000,0.000000,0.000000,-0.070000,0.010000
34.926998,0.000000,0.000000,0.640000,0.000000,0.000000,0.000000,0.000000,0.000000,0.000000,-0.060000,0.010000
34.931999,0.000000,0.000000,0.620000,0.000000,0.000000,0.000000,0.000000,0.000000,0.000000,-0.060000,0.000000
34.937000,0.000000,0.000000,0.590000,0.000000,0.000000,0.000000,0.000000,0.000000,0.000000,-0.060000,0.010000
34.942001,0.000000,0.000000,0.560000,0.000000,0.000000,0.000000,0.000000,0.000000,0.000000,-0.060000,0.010000
34.946999,0.000000,0.000000,0.530000,0.000000,0.000000,0.000000,0.000000,0.000000,0.000000,-0.050000,0.010000
34.952000,0.000000,0.000000,0.490000,0.000000,0.000000,0.000000,0.000000,0.000000,0.000000,-0.050000,0.010000
34.957001,0.000000,0.000000,0.450000,0.000000,0.000000,0.000000,0.000000,0.000000,0.000000,-0.050000,0.010000
34.962002,0.000000,0.000000,0.410000,0.000000,0.000000,0.000000,0.000000,0.000000,0.000000,-0.040000,0.010000
34.966999,0.000000,0.000000,0.360000,0.000000,0.000000,0.000000,0.000000,0.000000,0.000000,-0.040000,0.010000
34.972000,0.000000,0.000000,0.300000,0.000000,0.000000,0.000000,0.000000,0.000000,0.000000,-0.030000,0.010000
34.977001,0.000000,0.000000,0.250000,0.000000,0.000000,0.000000,0.000000,0.000000,0.000000,-0.020000,0.010000
34.981998,0.000000,0.000000,0.190000,0.000000,0.000000,0.000000,0.000000,0.000000,0.000000,-0.020000,0.010000
34.987000,0.000000,0.000000,0.140000,0.000000,0.000000,0.000000,0.000000,0.000000,0.000000,-0.010000,0.010000
34.992001,0.000000,0.000000,0.090000,0.000000,0.000000,0.000000,0.000000,0.000000,0.000000,-0.010000,0.010000
34.997002,0.000000,0.000000,0.050000,0.000000,0.000000,0.000000,0.000000,0.000000,0.000000,0.000000,0.010000
35.001999,0.000000,0.000000,0.010000,0.000000,0.000000,0.000000,0.000000,0.000000,0.000000,0.000000,0.010000
35.007000,0.000000,0.000000,-0.030000,0.000000,0.000000,0.000000,0.000000,0.000000,0.000000,0.000000,0.010000
35.012001,0.000000,0.000000,-0.060000,0.000000,0.000000,0.000000,0.000000,0.000000,0.000000,0.010000,0.010000
35.016998,0.000000,0.000000,-0.100000,0.000000,0.000000,0.000000,0.000000,0.000000,0.000000,0.010000,0.010000
35.021999,0.000000,0.000000,-0.120000,0.000000,0.000000,0.000000,0.000000,0.000000,0.000000,0.010000,0.010000
35.027000,0.000000,0.000000,-0.150000,0.000000,0.000000,0.000000,0.000000,0.000000,0.000000,0.010000,0.000000
35.032001,0.000000,0.000000,-0.170000,0.000000,0.000000,0.000000,0.000000,0.000000,0.000000,0.020000,0.000000
35.036999,0.000000,0.000000,-0.180000,0.000000,0.000000,0.000000,0.000000,0.000000,0.000000,0.020000,0.000000
35.042000,0.000000,0.000000,-0.200000,0.000000,0.000000,0.000000,0.000000,0.000000,0.000000,0.020000,0.000000
35.047001,0.000000,0.000000,-0.210000,0.000000,0.000000,0.000000,0.000000,0.000000,0.000000,0.020000,0.000000
35.051998,0.000000,0.000000,-0.220000,0.000000,0.000000,0.000000,0.000000,0.000000,0.000000,0.020000,0.000000
35.056999,0.000000,0.000000,-0.220000,0.000000,0.000000,0.000000,0.000000,0.000000,0.000000,0.020000,0.000000
35.062000,0.000000,0.000000,-0.230000,0.000000,0.000000,0.000000,0.000000,0.000000,0.000000,0.020000,0.000000
35.067001,0.000000,0.000000,-0.230000,0.000000,0.000000,0.000000,0.000000,0.000000,0.000000,0.020000,0.000000
35.071999,0.000000,0.000000,-0.210000,0.000000,0.000000,0.000000,0.000000,0.000000,0.000000,0.020000,0.000000
35.077000,0.000000,0.000000,-0.190000,0.000000,0.000000,0.000000,0.000000,0.000000,0.000000,0.020000,0.000000
35.082001,0.000000,0.000000,-0.140000,0.000000,0.000000,0.000000,0.000000,0.000000,0.000000,0.010000,-0.010000
35.087002,0.000000,0.000000,-0.090000,0.000000,0.000000,0.000000,0.000000,0.000000,0.000000,0.010000,-0.010000
35.091999,0.000000,0.000000,-0.020000,0.000000,0.000000,0.000000,0.000000,0.000000,0.000000,0.000000,-0.010000
35.097000,0.000000,0.000000,0.030000,0.000000,0.000000,0.000000,0.000000,0.000000,0.000000,0.000000,-0.010000
35.102001,0.000000,0.000000,0.060000,0.000000,0.000000,0.000000,0.000000,0.000000,0.000000,-0.010000,-0.010000
35.106998,0.000000,0.000000,0.060000,0.000000,0.000000,0.000000,0.000000,0.000000,0.000000,-0.010000,0.000000
35.112000,0.000000,0.000000,0.030000,0.000000,0.000000,0.000000,0.000000,0.000000,0.000000,0.000000,0.010000
35.117001,0.000000,0.000000,-0.040000,0.000000,0.000000,0.000000,0.000000,0.000000,0.000000,0.000000,0.010000
35.122002,0.000000,0.000000,-0.130000,0.000000,0.000000,0.000000,0.000000,0.000000,0.000000,0.010000,0.020000
35.126999,0.000000,0.000000,-0.260000,0.000000,0.000000,0.000000,0.000000,0.000000,0.000000,0.030000,0.030000
35.132000,0.000000,0.000000,-0.400000,0.000000,0.000000,0.000000,0.000000,0.000000,0.000000,0.040000,0.030000
35.137001,0.000000,0.000000,-0.550000,0.000000,0.000000,0.000000,0.000000,0.000000,0.000000,0.050000,0.030000
35.141998,0.000000,0.000000,-0.720000,0.000000,0.000000,0.000000,0.000000,0.000000,0.000000,0.070000,0.030000
35.146999,0.000000,0.000000,-0.900000,0.000000,0.000000,0.000000,0.000000,0.000000,0.000000,0.090000,0.040000
35.152000,0.000000,0.000000,-1.080000,0.000000,0.000000,0.000000,0.000000,0.000000,0.000000,0.110000,0.040000
35.157001,0.000000,0.000000,-1.240000,0.000000,0.000000,0.000000,0.000000,0.000000,0.000000,0.120000,0.030000
35.161999,0.000000,0.000000,-1.380000,0.000000,0.000000,0.000000,0.000000,0.000000,0.000000,0.140000,0.030000
35.167000,0.000000,0.000000,-1.510000,0.000000,0.000000,0.000000,0.000000,0.000000,0.000000,0.150000,0.030000
35.172001,0.000000,0.000000,-1.610000,0.000000,0.000000,0.000000,0.000000,0.000000,0.000000,0.160000,0.020000
35.176998,0.000000,0.000000,-1.700000,0.000000,0.000000,0.000000,0.000000,0.000000,0.000000,0.170000,0.020000
35.181999,0.000000,0.000000,-1.770000,0.000000,0.000000,0.000000,0.000000,0.000000,0.000000,0.180000,0.010000
35.187000,0.000000,0.000000,-1.840000,0.000000,0.000000,0.000000,0.000000,0.000000,0.000000,0.180000,0.010000
35.192001,0.000000,0.000000,-1.880000,0.000000,0.000000,0.000000,0.000000,0.000000,0.000000,0.190000,0.010000
35.196999,0.000000,0.000000,-1.930000,0.000000,0.000000,0.000000,0.000000,0.000000,0.000000,0.190000,0.010000
35.202000,0.000000,0.000000,-1.970000,0.000000,0.000000,0.000000,0.000000,0.000000,0.000000,0.200000,0.010000
35.207001,0.000000,0.000000,-2.010000,0.000000,0.000000,0.000000,0.000000,0.000000,0.000000,0.200000,0.010000
35.212002,0.000000,0.000000,-2.050000,0.000000,0.000000,0.000000,0.000000,0.000000,0.000000,0.210000,0.010000
35.216999,0.000000,0.000000,-2.090000,0.000000,0.000000,0.000000,0.000000,0.000000,0.000000,0.210000,0.010000
35.222000,0.000000,0.000000,-2.140000,0.000000,0.000000,0.000000,0.000000,0.000000,0.000000,0.210000,0.010000
35.227001,0.000000,0.000000,-2.180000,0.000000,0.000000,0.000000,0.000000,0.000000,0.000000,0.220000,0.010000
35.231998,0.000000,0.000000,-2.220000,0.000000,0.000000,0.000000,0.000000,0.000000,0.000000,0.220000,0.010000
35.237000,0.000000,0.000000,-2.250000,0.000000,0.000000,0.000000,0.000000,0.000000,0.000000,0.220000,0.010000
35.242001,0.000000,0.000000,-2.280000,0.000000,0.000000,0.000000,0.000000,0.000000,0.000000,0.230000,0.010000
35.247002,0.000000,0.000000,-2.300000,0.000000,0.000000,0.000000,0.000000,0.000000,0.000000,0.230000,0.000000
35.251999,0.000000,0.000000,-2.300000,0.000000,0.000000,0.000000,0.000000,0.000000,0.000000,0.230000,0.000000
35.257000,0.000000,0.000000,-2.310000,0.000000,0.000000,0.000000,0.000000,0.000000,0.000000,0.230000,0.000000
35.262001,0.000000,0.000000,-2.320000,0.000000,0.000000,0.000000,0.000000,0.000000,0.000000,0.230000,0.000000
35.266998,0.000000,0.000000,-2.320000,0.000000,0.000000,0.000000,0.000000,0.000000,0.000000,0.230000,0.000000
35.271999,0.000000,0.000000,-2.320000,0.000000,0.000000,0.000000,0.000000,0.000000,0.000000,0.230000,0.000000
35.277000,0.000000,0.000000,-2.320000,0.000000,0.000000,0.000000,0.000000,0.000000,0.000000,0.230000,0.000000
35.282001,0.000000,0.000000,-2.320000,0.000000,0.000000,0.000000,0.000000,0.000000,0.000000,0.230000,0.000000
35.286999,0.000000,0.000000,-2.320000,0.000000,0.000000,0.000000,0.000000,0.000000,0.000000,0.230000,0.000000
35.292000,0.000000,0.000000,-2.310000,0.000000,0.000000,0.000000,0.000000,0.000000,0.000000,0.230000,0.000000
35.297001,0.000000,0.000000,-2.310000,0.000000,0.000000,0.000000,0.000000,0.000000,0.000000,0.230000,0.000000
35.301998,0.000000,0.000000,-2.300000,0.000000,0.000000,0.000000,0.000000,0.000000,0.000000,0.230000,0.000000
35.306999,0.000000,0.000000,-2.280000,0.000000,0.000000,0.000000,0.000000,0.000000,0.000000,0.230000,0.000000
35.312000,0.000000,0.000000,-2.260000,0.000000,0.000000,0.000000,0.000000,0.000000,0.000000,0.230000,0.000000
35.317001,0.000000,0.000000,-2.230000,0.000000,0.000000,0.000000,0.000000,0.000000,0.000000,0.220000,-0.010000
35.321999,0.000000,0.000000,-2.200000,0.000000,0.000000,0.000000,0.000000,0.000000,0.000000,0.220000,-0.010000
35.327000,0.000000,0.000000,-2.150000,0.000000,0.000000,0.000000,0.000000,0.000000,0.000000,0.220000,-0.010000
35.332001,0.000000,0.000000,-2.100000,0.000000,0.000000,0.000000,0.000000,0.000000,0.000000,0.210000,-0.010000
35.337002,0.000000,0.000000,-2.060000,0.000000,0.000000,0.000000,0.000000,0.000000,0.000000,0.210000,-0.010000
35.341999,0.000000,0.000000,-2.000000,0.000000,0.000000,0.000000,0.000000,0.000000,0.000000,0.200000,-0.010000
35.347000,0.000000,0.000000,-1.940000,0.000000,0.000000,0.000000,0.000000,0.000000,0.000000,0.190000,-0.010000
35.352001,0.000000,0.000000,-1.890000,0.000000,0.000000,0.000000,0.000000,0.000000,0.000000,0.190000,-0.010000
35.356998,0.000000,0.000000,-1.830000,0.000000,0.000000,0.000000,0.000000,0.000000,0.000000,0.180000,-0.010000
35.362000,0.000000,0.000000,-1.760000,0.000000,0.000000,0.000000,0.000000,0.000000,0.000000,0.180000,-0.010000
35.367001,0.000000,0.000000,-1.700000,0.000000,0.000000,0.000000,0.000000,0.000000,0.000000,0.170000,-0.010000
35.372002,0.000000,0.000000,-1.640000,0.000000,0.000000,0.000000,0.000000,0.000000,0.000000,0.160000,-0.010000
35.376999,0.000000,0.000000,-1.580000,0.000000,0.000000,0.000000,0.000000,0.000000,0.000000,0.160000,-0.010000
35.382000,0.000000,0.000000,-1.520000,0.000000,0.000000,0.000000,0.000000,0.000000,0.000000,0.150000,-0.010000
35.387001,0.000000,0.000000,-1.460000,0.000000,0.000000,0.000000,0.000000,0.000000,0.000000,0.150000,-0.010000
35.391998,0.000000,0.000000,-1.410000,0.000000,0.000000,0.000000,0.000000,0.000000,0.000000,0.140000,-0.010000
35.396999,0.000000,0.000000,-1.360000,0.000000,0.000000,0.000000,0.000000,0.000000,0.000000,0.140000,-0.010000
35.402000,0.000000,0.000000,-1.310000,0.000000,0.000000,0.000000,0.000000,0.000000,0.000000,0.130000,-0.010000
35.407001,0.000000,0.000000,-1.260000,0.000000,0.000000,0.000000,0.000000,0.000000,0.000000,0.130000,-0.010000
35.411999,0.000000,0.000000,-1.220000,0.000000,0.000000,0.000000,0.000000,0.000000,0.000000,0.120000,-0.010000
35.417000,0.000000,0.000000,-1.190000,0.000000,0.000000,0.000000,0.000000,0.000000,0.000000,0.120000,-0.010000
35.422001,0.000000,0.000000,-1.140000,0.000000,0.000000,0.000000,0.000000,0.000000,0.000000,0.110000,-0.010000
35.426998,0.000000,0.000000,-1.100000,0.000000,0.000000,0.000000,0.000000,0.000000,0.000000,0.110000,-0.010000
35.431999,0.000000,0.000000,-1.050000,0.000000,0.000000,0.000000,0.000000,0.000000,0.000000,0.110000,-0.010000
35.437000,0.000000,0.000000,-1.000000,0.000000,0.000000,0.000000,0.000000,0.000000,0.000000,0.100000,-0.010000
35.442001,0.000000,0.000000,-0.950000,0.000000,0.000000,0.000000,0.000000,0.000000,0.000000,0.090000,-0.010000
35.446999,0.000000,0.000000,-0.900000,0.000000,0.000000,0.000000,0.000000,0.000000,0.000000,0.090000,-0.010000
35.452000,0.000000,0.000000,-0.850000,0.000000,0.000000,0.000000,0.000000,0.000000,0.000000,0.080000,-0.010000
35.457001,0.000000,0.000000,-0.800000,0.000000,0.000000,0.000000,0.000000,0.000000,0.000000,0.080000,-0.010000
35.462002,0.000000,0.000000,-0.760000,0.000000,0.000000,0.000000,0.000000,0.000000,0.000000,0.080000,-0.010000
35.466999,0.000000,0.000000,-0.720000,0.000000,0.000000,0.000000,0.000000,0.000000,0.000000,0.070000,-0.010000
35.472000,0.000000,0.000000,-0.680000,0.000000,0.000000,0.000000,0.000000,0.000000,0.000000,0.070000,-0.010000
35.477001,0.000000,0.000000,-0.640000,0.000000,0.000000,0.000000,0.000000,0.000000,0.000000,0.060000,-0.010000
35.481998,0.000000,0.000000,-0.610000,0.000000,0.000000,0.000000,0.000000,0.000000,0.000000,0.060000,-0.010000
35.487000,0.000000,0.000000,-0.600000,0.000000,0.000000,0.000000,0.000000,0.000000,0.000000,0.060000,0.000000
35.492001,0.000000,0.000000,-0.590000,0.000000,0.000000,0.000000,0.000000,0.000000,0.000000,0.060000,0.000000
35.497002,0.000000,0.000000,-0.550000,0.000000,0.000000,0.000000,0.000000,0.000000,0.000000,0.060000,-0.010000
35.501999,0.000000,0.000000,-0.550000,0.000000,0.000000,0.000000,0.000000,0.000000,0.000000,0.060000,0.000000
35.507000,0.000000,0.000000,-0.560000,0.000000,0.000000,0.000000,0.000000,0.000000,0.000000,0.060000,0.000000
35.512001,0.000000,0.000000,-0.580000,0.000000,0.000000,0.000000,0.000000,0.000000,0.000000,0.060000,0.000000
35.516998,0.000000,0.000000,-0.610000,0.000000,0.000000,0.000000,0.000000,0.000000,0.000000,0.060000,0.010000
35.521999,0.000000,0.000000,-0.630000,0.000000,0.000000,0.000000,0.000000,0.000000,0.000000,0.060000,0.000000
35.527000,0.000000,0.000000,-0.660000,0.000000,0.000000,0.000000,0.000000,0.000000,0.000000,0.070000,0.010000
35.532001,0.000000,0.000000,-0.670000,0.000000,0.000000,0.000000,0.000000,0.000000,0.000000,0.070000,0.000000
35.536999,0.000000,0.000000,-0.680000,0.000000,0.000000,0.000000,0.000000,0.000000,0.000000,0.070000,0.000000
35.542000,0.000000,0.000000,-0.690000,0.000000,0.000000,0.000000,0.000000,0.000000,0.000000,0.070000,0.000000
35.547001,0.000000,0.000000,-0.690000,0.000000,0.000000,0.000000,0.000000,0.000000,0.000000,0.070000,0.000000
35.551998,0.000000,0.000000,-0.680000,0.000000,0.000000,0.000000,0.000000,0.000000,0.000000,0.070000,0.000000
35.556999,0.000000,0.000000,-0.680000,0.000000,0.000000,0.000000,0.000000,0.000000,0.000000,0.070000,0.000000
35.562000,0.000000,0.000000,-0.670000,0.000000,0.000000,0.000000,0.000000,0.000000,0.000000,0.070000,0.000000
35.567001,0.000000,0.000000,-0.660000,0.000000,0.000000,0.000000,0.000000,0.000000,0.000000,0.070000,0.000000
35.571999,0.000000,0.000000,-0.650000,0.000000,0.000000,0.000000,0.000000,0.000000,0.000000,0.070000,0.000000
35.577000,0.000000,0.000000,-0.630000,0.000000,0.000000,0.000000,0.000000,0.000000,0.000000,0.060000,0.000000
35.582001,0.000000,0.000000,-0.620000,0.000000,0.000000,0.000000,0.000000,0.000000,0.000000,0.060000,0.000000
35.587002,0.000000,0.000000,-0.610000,0.000000,0.000000,0.000000,0.000000,0.000000,0.000000,0.060000,0.000000
35.591999,0.000000,0.000000,-0.590000,0.000000,0.000000,0.000000,0.000000,0.000000,0.000000,0.060000,0.000000
35.597000,0.000000,0.000000,-0.570000,0.000000,0.000000,0.000000,0.000000,0.000000,0.000000,0.060000,0.000000
35.602001,0.000000,0.000000,-0.560000,0.000000,0.000000,0.000000,0.000000,0.000000,0.000000,0.060000,0.000000
35.606998,0.000000,0.000000,-0.560000,0.000000,0.000000,0.000000,0.000000,0.000000,0.000000,0.060000,0.000000
35.612000,0.000000,0.000000,-0.560000,0.000000,0.000000,0.000000,0.000000,0.000000,0.000000,0.060000,0.000000
35.617001,0.000000,0.000000,-0.560000,0.000000,0.000000,0.000000,0.000000,0.000000,0.000000,0.060000,0.000000
35.622002,0.000000,0.000000,-0.570000,0.000000,0.000000,0.000000,0.000000,0.000000,0.000000,0.060000,0.000000
35.626999,0.000000,0.000000,-0.580000,0.000000,0.000000,0.000000,0.000000,0.000000,0.000000,0.060000,0.000000
35.632000,0.000000,0.000000,-0.600000,0.000000,0.000000,0.000000,0.000000,0.000000,0.000000,0.060000,0.000000
35.637001,0.000000,0.000000,-0.630000,0.000000,0.000000,0.000000,0.000000,0.000000,0.000000,0.060000,0.010000
35.641998,0.000000,0.000000,-0.660000,0.000000,0.000000,0.000000,0.000000,0.000000,0.000000,0.070000,0.010000
35.646999,0.000000,0.000000,-0.690000,0.000000,0.000000,0.000000,0.000000,0.000000,0.000000,0.070000,0.010000
35.652000,0.000000,0.000000,-0.720000,0.000000,0.000000,0.000000,0.000000,0.000000,0.000000,0.070000,0.000000
35.657001,0.000000,0.000000,-0.730000,0.000000,0.000000,0.000000,0.000000,0.000000,0.000000,0.070000,0.000000
35.661999,0.000000,0.000000,-0.740000,0.000000,0.000000,0.000000,0.000000,0.000000,0.000000,0.070000,0.000000
35.667000,0.000000,0.000000,-0.740000,0.000000,0.000000,0.000000,0.000000,0.000000,0.000000,0.070000,0.000000
35.672001,0.000000,0.000000,-0.740000,0.000000,0.000000,0.000000,0.000000,0.000000,0.000000,0.070000,0.000000
35.676998,0.000000,0.000000,-0.730000,0.000000,0.000000,0.000000,0.000000,0.000000,0.000000,0.070000,0.000000
35.681999,0.000000,0.000000,-0.720000,0.000000,0.000000,0.000000,0.000000,0.000000,0.000000,0.070000,0.000000
35.687000,0.000000,0.000000,-0.700000,0.000000,0.000000,0.000000,0.000000,0.000000,0.000000,0.070000,0.000000
35.692001,0.000000,0.000000,-0.670000,0.000000,0.000000,0.000000,0.000000,0.000000,0.000000,0.070000,-0.010000
35.696999,0.000000,0.000000,-0.650000,0.000000,0.000000,0.000000,0.000000,0.000000,0.000000,0.060000,0.000000
35.702000,0.000000,0.000000,-0.630000,0.000000,0.000000,0.000000,0.000000,0.000000,0.000000,0.060000,0.000000
35.707001,0.000000,0.000000,-0.580000,0.000000,0.000000,0.000000,0.000000,0.000000,0.000000,0.060000,-0.010000
35.712002,0.000000,0.000000,-0.550000,0.000000,0.000000,0.000000,0.000000,0.000000,0.000000,0.060000,-0.010000
35.716999,0.000000,0.000000,-0.510000,0.000000,0.000000,0.000000,0.000000,0.000000,0.000000,0.050000,-0.010000
35.722000,0.000000,0.000000,-0.480000,0.000000,0.000000,0.000000,0.000000,0.000000,0.000000,0.050000,0.000000
35.727001,0.000000,0.000000,-0.470000,0.000000,0.000000,0.000000,0.000000,0.000000,0.000000,0.050000,0.000000
35.731998,0.000000,0.000000,-0.430000,0.000000,0.000000,0.000000,0.000000,0.000000,0.000000,0.040000,-0.010000
35.737000,0.000000,0.000000,-0.410000,0.000000,0.000000,0.000000,0.000000,0.000000,0.000000,0.040000,0.000000
35.742001,0.000000,0.000000,-0.390000,0.000000,0.000000,0.000000,0.000000,0.000000,0.000000,0.040000,0.000000
35.747002,0.000000,0.000000,-0.370000,0.000000,0.000000,0.000000,0.000000,0.000000,0.000000,0.040000,0.000000
35.751999,0.000000,0.000000,-0.360000,0.000000,0.000000,0.000000,0.000000,0.000000,0.000000,0.040000,0.000000
35.757000,0.000000,0.000000,-0.340000,0.000000,0.000000,0.000000,0.000000,0.000000,0.000000,0.030000,0.000000
35.762001,0.000000,0.000000,-0.330000,0.000000,0.000000,0.000000,0.000000,0.000000,0.000000,0.030000,0.000000
35.766998,0.000000,0.000000,-0.310000,0.000000,0.000000,0.000000,0.000000,0.000000,0.000000,0.030000,0.000000
35.771999,0.000000,0.000000,-0.300000,0.000000,0.000000,0.000000,0.000000,0.000000,0.000000,0.030000,0.000000
35.777000,0.000000,0.000000,-0.280000,0.000000,0.000000,0.000000,0.000000,0.000000,0.000000,0.030000,0.000000
35.782001,0.000000,0.000000,-0.260000,0.000000,0.000000,0.000000,0.000000,0.000000,0.000000,0.030000,0.000000
35.786999,0.000000,0.000000,-0.230000,0.000000,0.000000,0.000000,0.000000,0.000000,0.000000,0.020000,0.000000
35.792000,0.000000,0.000000,-0.210000,0.000000,0.000000,0.000000,0.000000,0.000000,0.000000,0.020000,-0.010000
35.797001,0.000000,0.000000,-0.180000,0.000000,0.000000,0.000000,0.000000,0.000000,0.000000,0.020000,-0.010000
35.801998,0.000000,0.000000,-0.150000,0.000000,0.000000,0.000000,0.000000,0.000000,0.000000,0.020000,-0.010000
35.806999,0.000000,0.000000,-0.120000,0.000000,0.000000,0.000000,0.000000,0.000000,0.000000,0.010000,-0.010000
35.812000,0.000000,0.000000,-0.090000,0.000000,0.000000,0.000000,0.000000,0.000000,0.000000,0.010000,-0.010000
35.817001,0.000000,0.000000,-0.060000,0.000000,0.000000,0.000000,0.000000,0.000000,0.000000,0.010000,-0.010000
35.821999,0.000000,0.000000,-0.030000,0.000000,0.000000,0.000000,0.000000,0.000000,0.000000,0.000000,-0.010000
35.827000,0.000000,0.000000,0.000000,0.000000,0.000000,0.000000,0.000000,0.000000,0.000000,0.000000,-0.010000
35.832001,0.000000,0.000000,0.040000,0.000000,0.000000,0.000000,0.000000,0.000000,0.000000,0.000000,-0.010000
35.837002,0.000000,0.000000,0.080000,0.000000,0.000000,0.000000,0.000000,0.000000,0.000000,-0.010000,-0.010000
35.841999,0.000000,0.000000,0.110000,0.000000,0.000000,0.000000,0.000000,0.000000,0.000000,-0.010000,-0.010000
35.847000,0.000000,0.000000,0.150000,0.000000,0.000000,0.000000,0.000000,0.000000,0.000000,-0.010000,-0.010000
35.852001,0.000000,0.000000,0.180000,0.000000,0.000000,0.000000,0.000000,0.000000,0.000000,-0.020000,-0.010000
35.856998,0.000000,0.000000,0.200000,0.000000,0.000000,0.000000,0.000000,0.000000,0.000000,-0.020000,-0.010000
35.862000,0.000000,0.000000,0.220000,0.000000,0.000000,0.000000,0.000000,0.000000,0.000000,-0.020000,0.000000
35.867001,0.000000,0.000000,0.230000,0.000000,0.000000,0.000000,0.000000,0.000000,0.000000,-0.020000,0.000000
35.872002,0.000000,0.000000,0.240000,0.000000,0.000000,0.000000,0.000000,0.000000,0.000000,-0.020000,0.000000
35.876999,0.000000,0.000000,0.240000,0.000000,0.000000,0.000000,0.000000,0.000000,0.000000,-0.020000,0.000000
35.882000,0.000000,0.000000,0.230000,0.000000,0.000000,0.000000,0.000000,0.000000,0.000000,-0.020000,0.000000
35.887001,0.000000,0.000000,0.190000,0.000000,0.000000,0.000000,0.000000,0.000000,0.000000,-0.020000,0.010000
35.891998,0.000000,0.000000,0.180000,0.000000,0.000000,0.000000,0.000000,0.000000,0.000000,-0.020000,0.000000
35.896999,0.000000,0.000000,0.110000,0.000000,0.000000,0.000000,0.000000,0.000000,0.000000,-0.010000,0.010000
35.902000,0.000000,0.000000,0.070000,0.000000,0.000000,0.000000,0.000000,0.000000,0.000000,-0.010000,0.010000
35.907001,0.000000,0.000000,-0.030000,0.000000,0.000000,0.000000,0.000000,0.000000,0.000000,0.000000,0.020000
35.911999,0.000000,0.000000,-0.120000,0.000000,0.000000,0.000000,0.000000,0.000000,0.000000,0.010000,0.020000
35.917000,0.000000,0.000000,-0.220000,0.000000,0.000000,0.000000,0.000000,0.000000,0.000000,0.020000,0.020000
35.922001,0.000000,0.000000,-0.310000,0.000000,0.000000,0.000000,0.000000,0.000000,0.000000,0.030000,0.020000
35.926998,0.000000,0.000000,-0.400000,0.000000,0.000000,0.000000,0.000000,0.000000,0.000000,0.040000,0.020000
35.931999,0.000000,0.000000,-0.490000,0.000000,0.000000,0.000000,0.000000,0.000000,0.000000,0.050000,0.020000
35.937000,0.000000,0.000000,-0.560000,0.000000,0.000000,0.000000,0.000000,0.000000,0.000000,0.060000,0.020000
35.942001,0.000000,0.000000,-0.630000,0.000000,0.000000,0.000000,0.000000,0.000000,0.000000,0.060000,0.010000
35.946999,0.000000,0.000000,-0.690000,0.000000,0.000000,0.000000,0.000000,0.000000,0.000000,0.070000,0.010000
35.952000,0.000000,0.000000,-0.720000,0.000000,0.000000,0.000000,0.000000,0.000000,0.000000,0.070000,0.010000
35.957001,0.000000,0.000000,-0.730000,0.000000,0.000000,0.000000,0.000000,0.000000,0.000000,0.070000,0.000000
35.962002,0.000000,0.000000,-0.730000,0.000000,0.000000,0.000000,0.000000,0.000000,0.000000,0.070000,0.000000
35.966999,0.000000,0.000000,-0.710000,0.000000,0.000000,0.000000,0.000000,0.000000,0.000000,0.070000,0.000000
35.972000,0.000000,0.000000,-0.670000,0.000000,0.000000,0.000000,0.000000,0.000000,0.000000,0.070000,-0.010000
35.977001,0.000000,0.000000,-0.610000,0.000000,0.000000,0.000000,0.000000,0.000000,0.000000,0.060000,-0.010000
35.981998,0.000000,0.000000,-0.560000,0.000000,0.000000,0.000000,0.000000,0.000000,0.000000,0.060000,-0.010000
35.987000,0.000000,0.000000,-0.510000,0.000000,0.000000,0.000000,0.000000,0.000000,0.000000,0.050000,-0.010000
35.992001,0.000000,0.000000,-0.450000,0.000000,0.000000,0.000000,0.000000,0.000000,0.000000,0.040000,-0.010000
35.997002,0.000000,0.000000,-0.390000,0.000000,0.000000,0.000000,0.000000,0.000000,0.000000,0.040000,-0.010000
36.001999,0.000000,0.000000,-0.340000,0.000000,0.000000,0.000000,0.000000,0.000000,0.000000,0.030000,-0.010000
36.007000,0.000000,0.000000,-0.300000,0.000000,0.000000,0.000000,0.000000,0.000000,0.000000,0.030000,-0.010000
36.012001,0.000000,0.000000,-0.260000,0.000000,0.000000,0.000000,0.000000,0.000000,0.000000,0.030000,-0.010000
36.016998,0.000000,0.000000,-0.210000,0.000000,0.000000,0.000000,0.000000,0.000000,0.000000,0.020000,-0.010000
36.021999,0.000000,0.000000,-0.150000,0.000000,0.000000,0.000000,0.000000,0.000000,0.000000,0.010000,-0.010000
36.027000,0.000000,0.000000,-0.140000,0.000000,0.000000,0.000000,0.000000,0.000000,0.000000,0.010000,0.000000
36.032001,0.000000,0.000000,-0.090000,0.000000,0.000000,0.000000,0.000000,0.000000,0.000000,0.010000,-0.010000
36.036999,0.000000,0.000000,-0.010000,0.000000,0.000000,0.000000,0.000000,0.000000,0.000000,0.000000,-0.020000
36.042000,0.000000,0.000000,0.060000,0.000000,0.000000,0.000000,0.000000,0.000000,0.000000,-0.010000,-0.020000
36.047001,0.000000,0.000000,0.150000,0.000000,0.000000,0.000000,0.000000,0.000000,0.000000,-0.010000,-0.020000
36.051998,0.000000,0.000000,0.240000,0.000000,0.000000,0.000000,0.000000,1.000000,0.000000,-0.020000,-0.020000
36.056999,0.000000,0.000000,0.320000,0.000000,0.000000,0.000000,0.000000,1.000000,0.000000,-0.030000,-0.020000
36.062000,-25.000000,-25.000000,0.410000,0.000000,0.000000,0.000000,0.000000,1.000000,0.000000,-0.040000,-0.020000
36.067001,-33.000000,-33.000000,0.510000,0.000000,0.000000,0.000000,0.000000,1.000000,0.000000,-0.050000,-0.020000
36.071999,-40.000000,-40.000000,0.600000,0.000000,0.000000,0.000000,0.000000,1.000000,0.000000,-0.060000,-0.020000
36.077000,-47.000000,-47.000000,0.720000,0.000000,0.000000,0.000000,0.000000,1.000000,0.000000,-0.070000,-0.020000
36.082001,-56.000000,-56.000000,0.760000,0.000000,0.000000,0.000000,0.000000,1.000000,0.000000,-0.080000,-0.010000
36.087002,-59.000000,-59.000000,0.810000,0.000000,0.000000,0.000000,0.000000,1.000000,0.000000,-0.080000,-0.010000
36.091999,-63.000000,-63.000000,0.760000,0.000000,0.000000,0.000000,0.000000,1.000000,0.000000,-0.080000,0.010000
36.097000,-59.000000,-59.000000,0.790000,0.000000,0.000000,0.000000,0.000000,1.000000,0.000000,-0.080000,-0.010000
36.102001,-62.000000,-62.000000,0.860000,-2.000000,0.000000,0.000000,0.000000,1.000000,0.000000,-0.090000,-0.010000
36.106998,-67.000000,-67.000000,0.920000,-2.000000,0.000000,0.000000,0.000000,1.000000,0.000000,-0.090000,-0.010000
36.112000,-72.000000,-72.000000,0.780000,0.000000,0.000000,0.000000,0.000000,1.000000,0.000000,-0.080000,0.030000
36.117001,-60.000000,-60.000000,0.740000,0.000000,0.000000,0.000000,0.000000,1.000000,0.000000,-0.070000,0.010000
36.122002,-57.000000,-57.000000,0.860000,-2.000000,-2.000000,0.000000,0.000000,1.000000,0.000000,-0.090000,-0.020000
36.126999,-67.000000,-67.000000,0.960000,-2.000000,-2.000000,0.000000,0.000000,1.000000,0.000000,-0.100000,-0.020000
36.132000,-75.000000,-75.000000,0.770000,0.000000,-2.000000,0.000000,0.000000,1.000000,0.000000,-0.080000,0.040000
36.137001,-59.000000,-59.000000,0.650000,0.000000,-2.000000,0.000000,0.000000,1.000000,0.000000,-0.070000,0.020000
36.141998,-50.000000,-50.000000,0.780000,-2.000000,-2.000000,0.000000,0.000000,1.000000,0.000000,-0.080000,-0.030000
36.146999,-61.000000,-61.000000,0.910000,-2.000000,-2.000000,0.000000,0.000000,1.000000,0.000000,-0.090000,-0.030000
36.152000,-71.000000,-71.000000,0.690000,-2.000000,-2.000000,0.000000,0.000000,1.000000,0.000000,-0.070000,0.040000
36.157001,-53.000000,-53.000000,0.500000,-2.000000,-2.000000,0.000000,0.000000,1.000000,0.000000,-0.050000,0.040000
36.161999,-38.000000,-38.000000,0.520000,-2.000000,-2.000000,0.000000,0.000000,1.000000,0.000000,-0.050000,0.000000
36.167000,-41.000000,-41.000000,0.560000,-2.000000,-2.000000,0.000000,0.000000,1.000000,0.000000,-0.060000,-0.010000
36.172001,-44.000000,-44.000000,0.300000,-2.000000,-2.000000,0.000000,0.000000,1.000000,0.000000,-0.030000,0.050000
36.176998,-23.000000,-23.000000,0.050000,-2.000000,-2.000000,0.000000,0.000000,1.000000,0.000000,-0.010000,0.050000
36.181999,-4.000000,-4.000000,0.060000,-2.000000,-4.000000,0.000000,0.000000,1.000000,0.000000,-0.010000,0.000000
36.187000,-5.000000,-5.000000,0.020000,-2.000000,-4.000000,0.000000,0.000000,1.000000,0.000000,0.000000,0.010000
36.192001,-2.000000,-2.000000,-0.170000,-2.000000,-2.000000,0.000000,0.000000,1.000000,0.000000,0.020000,0.040000
36.196999,13.000000,13.000000,-0.440000,-2.000000,-2.000000,0.000000,0.000000,1.000000,0.000000,0.040000,0.050000
36.202000,34.000000,34.000000,-0.600000,-2.000000,0.000000,0.000000,0.000000,1.000000,0.000000,0.060000,0.030000
36.207001,45.000000,45.000000,-0.640000,-2.000000,0.000000,0.000000,0.000000,1.000000,0.000000,0.060000,0.010000
36.212002,48.000000,48.000000,-0.700000,0.000000,0.000000,0.000000,0.000000,1.000000,0.000000,0.070000,0.010000
36.216999,53.000000,53.000000,-0.840000,0.000000,0.000000,0.000000,0.000000,1.000000,0.000000,0.080000,0.030000
36.222000,62.000000,62.000000,-0.920000,2.000000,2.000000,0.000000,0.000000,1.000000,0.000000,0.090000,0.020000
36.227001,69.000000,69.000000,-0.900000,2.000000,2.000000,0.000000,0.000000,1.000000,0.000000,0.090000,0.000000
36.231998,67.000000,67.000000,-0.840000,0.000000,0.000000,0.000000,0.000000,1.000000,0.000000,0.080000,-0.010000
36.237000,63.000000,63.000000,-0.710000,0.000000,0.000000,0.000000,0.000000,1.000000,0.000000,0.070000,-0.030000
36.242001,53.000000,53.000000,-0.630000,2.000000,2.000000,0.000000,0.000000,1.000000,0.000000,0.060000,-0.020000
36.247002,47.000000,47.000000,-0.520000,2.000000,2.000000,0.000000,0.000000,1.000000,0.000000,0.050000,-0.020000
36.251999,39.000000,39.000000,-0.430000,0.000000,2.000000,0.000000,0.000000,1.000000,0.000000,0.040000,-0.020000
36.257000,32.000000,32.000000,-0.330000,0.000000,2.000000,0.000000,0.000000,1.000000,0.000000,0.030000,-0.020000
36.262001,25.000000,25.000000,-0.230000,2.000000,2.000000,0.000000,0.000000,1.000000,0.000000,0.020000,-0.020000
36.266998,17.000000,17.000000,-0.150000,2.000000,2.000000,0.000000,0.000000,1.000000,0.000000,0.010000,-0.020000
36.271999,11.000000,11.000000,-0.070000,2.000000,2.000000,0.000000,0.000000,1.000000,0.000000,0.010000,-0.020000
36.277000,4.000000,4.000000,-0.040000,2.000000,2.000000,0.000000,0.000000,1.000000,0.000000,0.000000,-0.010000
36.282001,3.000000,3.000000,0.000000,2.000000,2.000000,0.000000,0.000000,1.000000,0.000000,0.000000,-0.010000
36.286999,-1.000000,-1.000000,0.030000,2.000000,2.000000,0.000000,0.000000,1.000000,0.000000,0.000000,-0.010000
36.292000,-3.000000,-3.000000,0.040000,2.000000,0.000000,0.000000,0.000000,1.000000,0.000000,0.000000,0.000000
36.297001,-4.000000,-4.000000,0.010000,2.000000,0.000000,0.000000,0.000000,1.000000,0.000000,0.000000,0.010000
36.301998,-1.000000,-1.000000,-0.040000,2.000000,0.000000,0.000000,0.000000,1.000000,0.000000,0.000000,0.010000
36.306999,3.000000,3.000000,-0.030000,2.000000,0.000000,0.000000,0.000000,1.000000,0.000000,0.000000,0.000000
36.312000,2.000000,2.000000,0.040000,0.000000,0.000000,0.000000,0.000000,1.000000,0.000000,0.000000,-0.010000
36.317001,-4.000000,-4.000000,0.080000,0.000000,0.000000,0.000000,0.000000,1.000000,0.000000,-0.010000,-0.010000
36.321999,-6.000000,-6.000000,0.050000,0.000000,0.000000,0.000000,0.000000,1.000000,0.000000,0.000000,0.010000
36.327000,-4.000000,-4.000000,0.000000,0.000000,0.000000,0.000000,0.000000,1.000000,0.000000,0.000000,0.010000
36.332001,0.000000,0.000000,-0.060000,0.000000,0.000000,0.000000,0.000000,1.000000,0.000000,0.010000,0.010000
36.337002,4.000000,4.000000,-0.110000,0.000000,0.000000,0.000000,0.000000,1.000000,0.000000,0.010000,0.010000
36.341999,8.000000,8.000000,-0.150000,0.000000,0.000000,0.000000,0.000000,1.000000,0.000000,0.010000,0.010000
36.347000,11.000000,11.000000,-0.200000,0.000000,0.000000,0.000000,0.000000,1.000000,0.000000,0.020000,0.010000
36.352001,15.000000,15.000000,-0.260000,0.000000,0.000000,0.000000,0.000000,1.000000,0.000000,0.030000,0.010000
36.356998,19.000000,19.000000,-0.330000,0.000000,0.000000,0.000000,0.000000,1.000000,0.000000,0.030000,0.020000
36.362000,25.000000,25.000000,-0.370000,0.000000,0.000000,0.000000,0.000000,1.000000,0.000000,0.040000,0.010000
36.367001,28.000000,28.000000,-0.430000,0.000000,0.000000,0.000000,0.000000,1.000000,0.000000,0.040000,0.010000
36.372002,32.000000,32.000000,-0.470000,0.000000,0.000000,0.000000,0.000000,1.000000,0.000000,0.050000,0.010000
36.376999,36.000000,36.000000,-0.570000,0.000000,0.000000,0.000000,0.000000,1.000000,0.000000,0.060000,0.020000
36.382000,43.000000,43.000000,-0.650000,0.000000,0.000000,0.000000,0.000000,1.000000,0.000000,0.060000,0.020000
36.387001,49.000000,49.000000,-0.700000,0.000000,0.000000,0.000000,0.000000,1.000000,0.000000,0.070000,0.010000
36.391998,53.000000,53.000000,-0.700000,0.000000,2.000000,0.000000,0.000000,1.000000,0.000000,0.070000,0.000000
36.396999,52.000000,52.000000,-0.720000,0.000000,2.000000,0.000000,0.000000,1.000000,0.000000,0.070000,0.000000
36.402000,54.000000,54.000000,-0.810000,0.000000,2.000000,0.000000,0.000000,1.000000,0.000000,0.080000,0.020000
36.407001,61.000000,61.000000,-0.850000,0.000000,2.000000,0.000000,0.000000,1.000000,0.000000,0.090000,0.010000
36.411999,64.000000,64.000000,-0.830000,0.000000,2.000000,0.000000,0.000000,1.000000,0.000000,0.080000,0.000000
36.417000,62.000000,62.000000,-0.820000,0.000000,2.000000,0.000000,0.000000,1.000000,0.000000,0.080000,0.000000
36.422001,61.000000,61.000000,-0.890000,2.000000,2.000000,0.000000,0.000000,1.000000,0.000000,0.090000,0.010000
36.426998,66.000000,66.000000,-0.930000,2.000000,2.000000,0.000000,0.000000,1.000000,0.000000,0.090000,0.010000
36.431999,70.000000,70.000000,-0.920000,2.000000,2.000000,0.000000,0.000000,1.000000,0.000000,0.090000,0.000000
36.437000,69.000000,69.000000,-0.890000,2.000000,2.000000,0.000000,0.000000,1.000000,0.000000,0.090000,-0.010000
36.442001,66.000000,66.000000,-0.960000,2.000000,2.000000,0.000000,0.000000,1.000000,0.000000,0.100000,0.010000
36.446999,71.000000,71.000000,-0.990000,2.000000,2.000000,0.000000,0.000000,1.000000,0.000000,0.100000,0.010000
36.452000,74.000000,74.000000,-0.910000,2.000000,4.000000,0.000000,0.000000,1.000000,0.000000,0.090000,-0.020000
36.457001,68.000000,68.000000,-0.870000,2.000000,4.000000,0.000000,0.000000,1.000000,0.000000,0.090000,-0.010000
36.462002,65.000000,65.000000,-0.920000,2.000000,4.000000,0.000000,0.000000,1.000000,0.000000,0.090000,0.010000
36.466999,69.000000,69.000000,-0.960000,2.000000,4.000000,0.000000,0.000000,1.000000,0.000000,0.100000,0.010000
36.472000,72.000000,72.000000,-0.890000,2.000000,2.000000,0.000000,0.000000,1.000000,0.000000,0.090000,-0.010000
36.477001,67.000000,67.000000,-0.820000,2.000000,2.000000,0.000000,0.000000,1.000000,0.000000,0.080000,-0.020000
36.481998,61.000000,61.000000,-0.880000,4.000000,4.000000,0.000000,0.000000,1.000000,0.000000,0.090000,0.010000
36.487000,65.000000,65.000000,-0.900000,4.000000,4.000000,0.000000,0.000000,1.000000,0.000000,0.090000,0.010000
36.492001,67.000000,67.000000,-0.820000,4.000000,4.000000,0.000000,0.000000,1.000000,0.000000,0.080000,-0.020000
36.497002,61.000000,61.000000,-0.710000,4.000000,4.000000,0.000000,0.000000,1.000000,0.000000,0.070000,-0.020000
36.501999,53.000000,53.000000,-0.710000,4.000000,4.000000,0.000000,0.000000,1.000000,0.000000,0.070000,0.000000
36.507000,53.000000,53.000000,-0.770000,4.000000,4.000000,0.000000,0.000000,1.000000,0.000000,0.080000,0.010000
36.512001,58.000000,58.000000,-0.680000,4.000000,2.000000,0.000000,0.000000,1.000000,0.000000,0.070000,-0.020000
36.516998,50.000000,50.000000,-0.560000,4.000000,2.000000,0.000000,0.000000,1.000000,0.000000,0.060000,-0.020000
36.521999,42.000000,42.000000,-0.510000,4.000000,2.000000,0.000000,0.000000,1.000000,0.000000,0.050000,-0.010000
36.527000,38.000000,38.000000,-0.530000,4.000000,2.000000,0.000000,0.000000,1.000000,0.000000,0.050000,0.000000
36.532001,40.000000,40.000000,-0.430000,4.000000,2.000000,0.000000,0.000000,1.000000,0.000000,0.040000,-0.020000
36.536999,32.000000,32.000000,-0.280000,4.000000,2.000000,0.000000,0.000000,1.000000,0.000000,0.030000,-0.030000
36.542000,21.000000,21.000000,-0.220000,4.000000,2.000000,0.000000,0.000000,1.000000,0.000000,0.020000,-0.010000
36.547001,17.000000,17.000000,-0.240000,4.000000,2.000000,0.000000,0.000000,1.000000,0.000000,0.020000,0.000000
36.551998,18.000000,18.000000,-0.160000,2.000000,4.000000,0.000000,0.000000,1.000000,0.000000,0.020000,-0.010000
36.556999,12.000000,12.000000,-0.110000,2.000000,4.000000,0.000000,0.000000,1.000000,0.000000,0.010000,-0.010000
36.562000,8.000000,8.000000,-0.070000,2.000000,2.000000,0.000000,0.000000,1.000000,0.000000,0.010000,-0.010000
36.567001,5.000000,5.000000,-0.070000,2.000000,2.000000,0.000000,0.000000,1.000000,0.000000,0.010000,0.000000
36.571999,5.000000,5.000000,-0.050000,2.000000,0.000000,0.000000,0.000000,1.000000,0.000000,0.010000,0.000000
36.577000,4.000000,4.000000,-0.020000,2.000000,0.000000,0.000000,0.000000,1.000000,0.000000,0.000000,-0.010000
36.582001,1.000000,1.000000,-0.010000,0.000000,0.000000,0.000000,0.000000,1.000000,0.000000,0.000000,0.000000
36.587002,0.000000,0.000000,-0.030000,0.000000,0.000000,0.000000,0.000000,1.000000,0.000000,0.000000,0.000000
36.591999,2.000000,2.000000,-0.060000,2.000000,0.000000,0.000000,0.000000,1.000000,0.000000,0.010000,0.010000
36.597000,4.000000,4.000000,-0.070000,2.000000,0.000000,0.000000,0.000000,1.000000,0.000000,0.010000,0.000000
36.602001,5.000000,5.000000,-0.080000,2.000000,2.000000,0.000000,0.000000,1.000000,0.000000,0.010000,0.000000
36.606998,6.000000,6.000000,-0.100000,2.000000,2.000000,0.000000,0.000000,1.000000,0.000000,0.010000,0.000000
36.612000,7.000000,7.000000,-0.130000,0.000000,0.000000,0.000000,0.000000,1.000000,0.000000,0.010000,0.010000
36.617001,10.000000,10.000000,-0.180000,0.000000,0.000000,0.000000,0.000000,1.000000,0.000000,0.020000,0.010000
36.622002,13.000000,13.000000,-0.220000,0.000000,0.000000,0.000000,0.000000,1.000000,0.000000,0.020000,0.010000
36.626999,16.000000,16.000000,-0.240000,0.000000,0.000000,0.000000,0.000000,1.000000,0.000000,0.020000,0.000000
36.632000,18.000000,18.000000,-0.240000,0.000000,0.000000,0.000000,0.000000,1.000000,0.000000,0.020000,0.000000
36.637001,18.000000,18.000000,-0.290000,0.000000,0.000000,0.000000,0.000000,1.000000,0.000000,0.030000,0.010000
36.641998,22.000000,22.000000,-0.320000,0.000000,0.000000,0.000000,0.000000,1.000000,0.000000,0.030000,0.010000
36.646999,24.000000,24.000000,-0.310000,0.000000,0.000000,0.000000,0.000000,1.000000,0.000000,0.030000,0.000000
36.652000,23.000000,23.000000,-0.240000,0.000000,0.000000,0.000000,0.000000,1.000000,0.000000,0.020000,-0.010000
36.657001,17.000000,17.000000,-0.220000,0.000000,0.000000,0.000000,0.000000,1.000000,0.000000,0.020000,0.000000
36.661999,17.000000,17.000000,-0.250000,2.000000,0.000000,0.000000,0.000000,1.000000,0.000000,0.020000,0.000000
36.667000,18.000000,18.000000,-0.250000,2.000000,0.000000,0.000000,0.000000,1.000000,0.000000,0.030000,0.000000
36.672001,19.000000,19.000000,-0.150000,0.000000,0.000000,0.000000,0.000000,1.000000,0.000000,0.010000,-0.020000
36.676998,11.000000,11.000000,-0.060000,0.000000,0.000000,0.000000,0.000000,1.000000,0.000000,0.010000,-0.020000
36.681999,4.000000,4.000000,-0.040000,0.000000,0.000000,0.000000,0.000000,1.000000,0.000000,0.000000,0.000000
36.687000,2.000000,2.000000,-0.040000,0.000000,0.000000,0.000000,0.000000,1.000000,0.000000,0.000000,0.000000
36.692001,3.000000,3.000000,0.040000,0.000000,0.000000,0.000000,0.000000,1.000000,0.000000,0.000000,-0.020000
36.696999,-4.000000,-4.000000,0.150000,0.000000,0.000000,0.000000,0.000000,1.000000,0.000000,-0.010000,-0.020000
36.702000,-12.000000,-12.000000,0.200000,0.000000,0.000000,0.000000,0.000000,1.000000,0.000000,-0.020000,-0.010000
36.707001,-16.000000,-16.000000,0.190000,0.000000,0.000000,0.000000,0.000000,1.000000,0.000000,-0.020000,0.000000
36.712002,-15.000000,-15.000000,0.190000,0.000000,0.000000,0.000000,0.000000,1.000000,0.000000,-0.020000,0.000000
36.716999,-15.000000,-15.000000,0.240000,0.000000,0.000000,0.000000,0.000000,1.000000,0.000000,-0.020000,-0.010000
36.722000,-19.000000,-19.000000,0.290000,0.000000,0.000000,0.000000,0.000000,1.000000,0.000000,-0.030000,-0.010000
36.727001,-23.000000,-23.000000,0.300000,0.000000,0.000000,0.000000,0.000000,1.000000,0.000000,-0.030000,0.000000
36.731998,-24.000000,-24.000000,0.300000,0.000000,0.000000,0.000000,0.000000,1.000000,0.000000,-0.030000,0.000000
36.737000,-24.000000,-24.000000,0.380000,0.000000,0.000000,0.000000,0.000000,1.000000,0.000000,-0.040000,-0.020000
36.742001,-30.000000,-30.000000,0.420000,0.000000,0.000000,0.000000,0.000000,1.000000,0.000000,-0.040000,-0.010000
36.747002,-33.000000,-33.000000,0.460000,0.000000,0.000000,0.000000,0.000000,1.000000,0.000000,-0.050000,-0.010000
36.751999,-36.000000,-36.000000,0.500000,-2.000000,0.000000,0.000000,0.000000,1.000000,0.000000,-0.050000,-0.010000
36.757000,-40.000000,-40.000000,0.600000,-2.000000,0.000000,0.000000,0.000000,1.000000,0.000000,-0.060000,-0.020000
36.762001,-47.000000,-47.000000,0.650000,0.000000,-2.000000,0.000000,0.000000,1.000000,0.000000,-0.060000,-0.010000
36.766998,-50.000000,-50.000000,0.700000,0.000000,-2.000000,0.000000,0.000000,1.000000,0.000000,-0.070000,-0.010000
36.771999,-55.000000,-55.000000,0.790000,-2.000000,-2.000000,0.000000,0.000000,1.000000,0.000000,-0.080000,-0.020000
36.777000,-62.000000,-62.000000,0.920000,-2.000000,-2.000000,0.000000,0.000000,1.000000,0.000000,-0.090000,-0.030000
36.782001,-72.000000,-72.000000,0.970000,-2.000000,-2.000000,0.000000,0.000000,1.000000,0.000000,-0.100000,-0.010000
36.786999,-75.000000,-75.000000,1.000000,-2.000000,-2.000000,0.000000,0.000000,1.000000,0.000000,-0.100000,-0.010000
36.792000,-78.000000,-78.000000,1.140000,-2.000000,-2.000000,0.000000,0.000000,1.000000,0.000000,-0.110000,-0.030000
36.797001,-89.000000,-89.000000,1.250000,-2.000000,-2.000000,0.000000,0.000000,1.000000,0.000000,-0.130000,-0.020000
36.801998,-98.000000,-98.000000,1.360000,-2.000000,-2.000000,0.000000,0.000000,1.000000,0.000000,-0.140000,-0.020000
36.806999,-106.000000,-106.000000,1.310000,-2.000000,-2.000000,0.000000,0.000000,1.000000,0.000000,-0.130000,0.010000
36.812000,-101.000000,-101.000000,1.310000,-2.000000,-2.000000,0.000000,0.000000,1.000000,0.000000,-0.130000,0.000000
36.817001,-102.000000,-102.000000,1.280000,-2.000000,-2.000000,0.000000,0.000000,1.000000,0.000000,-0.130000,0.010000
36.821999,-99.000000,-99.000000,1.400000,-4.000000,-4.000000,0.000000,0.000000,1.000000,0.000000,-0.140000,-0.020000
36.827000,-109.000000,-109.000000,1.370000,-4.000000,-4.000000,0.000000,0.000000,1.000000,0.000000,-0.140000,0.000000
36.832001,-106.000000,-106.000000,1.220000,-4.000000,-2.000000,0.000000,0.000000,1.000000,0.000000,-0.120000,0.030000
36.837002,-94.000000,-94.000000,1.130000,-4.000000,-2.000000,0.000000,0.000000,1.000000,0.000000,-0.110000,0.020000
36.841999,-88.000000,-88.000000,1.060000,-4.000000,-6.000000,0.000000,0.000000,1.000000,0.000000,-0.110000,0.010000
36.847000,-82.000000,-82.000000,1.070000,-4.000000,-6.000000,0.000000,0.000000,1.000000,0.000000,-0.110000,0.000000
36.852001,-83.000000,-83.000000,1.000000,-4.000000,-4.000000,0.000000,0.000000,1.000000,0.000000,-0.100000,0.010000
36.856998,-78.000000,-78.000000,0.880000,-4.000000,-4.000000,0.000000,0.000000,1.000000,0.000000,-0.090000,0.020000
36.862000,-68.000000,-68.000000,0.840000,-4.000000,-4.000000,0.000000,0.000000,1.000000,0.000000,-0.080000,0.010000
36.867001,-65.000000,-65.000000,0.870000,-4.000000,-4.000000,0.000000,0.000000,1.000000,0.000000,-0.090000,0.000000
36.872002,-68.000000,-68.000000,0.820000,-4.000000,-4.000000,0.000000,0.000000,1.000000,0.000000,-0.080000,0.010000
36.876999,-64.000000,-64.000000,0.750000,-4.000000,-4.000000,0.000000,0.000000,1.000000,0.000000,-0.070000,0.020000
36.882000,-58.000000,-58.000000,0.720000,-4.000000,-42.000000,0.000000,0.000000,1.000000,0.000000,-0.070000,0.010000
36.887001,-56.000000,-56.000000,0.700000,-4.000000,-42.000000,0.000000,0.000000,1.000000,0.000000,-0.070000,0.000000
36.891998,-54.000000,-54.000000,0.720000,-2.000000,-4.000000,0.000000,0.000000,1.000000,0.000000,-0.070000,0.000000
36.896999,-56.000000,-56.000000,0.690000,-2.000000,-4.000000,0.000000,0.000000,1.000000,0.000000,-0.070000,0.010000
36.902000,-54.000000,-54.000000,0.670000,-4.000000,-6.000000,0.000000,0.000000,1.000000,0.000000,-0.070000,0.000000
36.907001,-52.000000,-52.000000,0.640000,-4.000000,-6.000000,0.000000,0.000000,1.000000,0.000000,-0.060000,0.010000
36.911999,-50.000000,-50.000000,0.570000,-2.000000,-4.000000,0.000000,0.000000,1.000000,0.000000,-0.060000,0.010000
36.917000,-44.000000,-44.000000,0.510000,-2.000000,-4.000000,0.000000,0.000000,1.000000,0.000000,-0.050000,0.010000
36.922001,-40.000000,-40.000000,0.510000,-4.000000,-4.000000,0.000000,0.000000,1.000000,0.000000,-0.050000,0.000000
36.926998,-40.000000,-40.000000,0.550000,-4.000000,-4.000000,0.000000,0.000000,1.000000,0.000000,-0.050000,-0.010000
36.931999,-43.000000,-43.000000,0.450000,-2.000000,-4.000000,0.000000,0.000000,1.000000,0.000000,-0.050000,0.020000
36.937000,-35.000000,-35.000000,0.400000,-2.000000,-4.000000,0.000000,0.000000,1.000000,0.000000,-0.040000,0.010000
36.942001,-31.000000,-31.000000,0.320000,-4.000000,-4.000000,0.000000,0.000000,1.000000,0.000000,-0.030000,0.020000
36.946999,-25.000000,-25.000000,0.310000,-4.000000,-4.000000,0.000000,0.000000,1.000000,0.000000,-0.030000,0.000000
36.952000,-24.000000,-24.000000,0.240000,-2.000000,-2.000000,0.000000,0.000000,1.000000,0.000000,-0.020000,0.010000
36.957001,-19.000000,-19.000000,0.190000,-2.000000,-2.000000,0.000000,0.000000,1.000000,0.000000,-0.020000,0.010000
36.962002,-15.000000,-15.000000,0.100000,-2.000000,-2.000000,0.000000,0.000000,1.000000,0.000000,-0.010000,0.020000
36.966999,-8.000000,-8.000000,0.060000,-2.000000,-2.000000,0.000000,0.000000,1.000000,0.000000,-0.010000,0.010000
36.972000,-5.000000,-5.000000,0.000000,-2.000000,-2.000000,0.000000,0.000000,1.000000,0.000000,0.000000,0.010000
36.977001,-1.000000,-1.000000,-0.040000,-2.000000,-2.000000,0.000000,0.000000,1.000000,0.000000,0.000000,0.010000
36.981998,3.000000,3.000000,-0.120000,-2.000000,-2.000000,0.000000,0.000000,1.000000,0.000000,0.010000,0.010000
36.987000,9.000000,9.000000,-0.170000,-2.000000,-2.000000,0.000000,0.000000,1.000000,0.000000,0.020000,0.010000
36.992001,13.000000,13.000000,-0.210000,0.000000,0.000000,0.000000,0.000000,1.000000,0.000000,0.020000,0.010000
36.997002,16.000000,16.000000,-0.250000,0.000000,0.000000,0.000000,0.000000,1.000000,0.000000,0.020000,0.010000
37.001999,18.000000,18.000000,-0.290000,0.000000,0.000000,0.000000,0.000000,1.000000,0.000000,0.030000,0.010000
37.007000,22.000000,22.000000,-0.340000,0.000000,0.000000,0.000000,0.000000,1.000000,0.000000,0.030000,0.010000
37.012001,26.000000,26.000000,-0.370000,0.000000,0.000000,0.000000,0.000000,1.000000,0.000000,0.040000,0.010000
37.016998,28.000000,28.000000,-0.420000,0.000000,0.000000,0.000000,0.000000,1.000000,0.000000,0.040000,0.010000
37.021999,31.000000,31.000000,-0.400000,0.000000,0.000000,0.000000,0.000000,1.000000,0.000000,0.040000,0.000000
37.027000,30.000000,30.000000,-0.410000,0.000000,0.000000,0.000000,0.000000,1.000000,0.000000,0.040000,0.000000
37.032001,31.000000,31.000000,-0.400000,0.000000,0.000000,0.000000,0.000000,1.000000,0.000000,0.040000,0.000000
37.036999,30.000000,30.000000,-0.470000,0.000000,0.000000,0.000000,0.000000,1.000000,0.000000,0.050000,0.010000
37.042000,35.000000,35.000000,-0.450000,2.000000,2.000000,0.000000,0.000000,1.000000,0.000000,0.050000,0.000000
37.047001,34.000000,34.000000,-0.480000,2.000000,2.000000,0.000000,0.000000,1.000000,0.000000,0.050000,0.010000
37.051998,36.000000,36.000000,-0.510000,0.000000,0.000000,0.000000,0.000000,1.000000,0.000000,0.050000,0.010000
37.056999,38.000000,38.000000,-0.590000,0.000000,0.000000,0.000000,0.000000,1.000000,0.000000,0.060000,0.020000
37.062000,44.000000,44.000000,-0.590000,2.000000,0.000000,0.000000,0.000000,1.000000,0.000000,0.060000,0.000000
37.067001,44.000000,44.000000,-0.620000,2.000000,0.000000,0.000000,0.000000,1.000000,0.000000,0.060000,0.010000
37.071999,46.000000,46.000000,-0.670000,0.000000,2.000000,0.000000,0.000000,1.000000,0.000000,0.070000,0.010000
37.077000,50.000000,50.000000,-0.780000,0.000000,2.000000,0.000000,0.000000,1.000000,0.000000,0.080000,0.020000
37.082001,58.000000,58.000000,-0.800000,2.000000,0.000000,0.000000,0.000000,1.000000,0.000000,0.080000,0.010000
37.087002,60.000000,60.000000,-0.840000,2.000000,0.000000,0.000000,0.000000,1.000000,0.000000,0.080000,0.010000
37.091999,63.000000,63.000000,-0.950000,2.000000,2.000000,0.000000,0.000000,1.000000,0.000000,0.090000,0.020000
37.097000,71.000000,71.000000,-1.120000,2.000000,2.000000,0.000000,0.000000,1.000000,0.000000,0.110000,0.030000
37.102001,83.000000,83.000000,-1.280000,4.000000,2.000000,0.000000,0.000000,1.000000,0.000000,0.130000,0.030000
37.106998,95.000000,95.000000,-1.300000,4.000000,2.000000,0.000000,0.000000,1.000000,0.000000,0.130000,0.000000
37.112000,96.000000,96.000000,-1.300000,2.000000,2.000000,0.000000,0.000000,1.000000,0.000000,0.130000,0.000000
37.117001,96.000000,96.000000,-1.380000,2.000000,2.000000,0.000000,0.000000,1.000000,0.000000,0.140000,0.020000
37.122002,102.000000,102.000000,-1.540000,4.000000,4.000000,0.000000,0.000000,1.000000,0.000000,0.150000,0.030000
37.126999,113.000000,113.000000,-1.600000,4.000000,4.000000,0.000000,0.000000,1.000000,0.000000,0.160000,0.010000
37.132000,118.000000,118.000000,-1.550000,4.000000,4.000000,0.000000,0.000000,1.000000,0.000000,0.160000,-0.010000
37.137001,114.000000,114.000000,-1.480000,4.000000,4.000000,0.000000,0.000000,1.000000,0.000000,0.150000,-0.010000
37.141998,109.000000,109.000000,-1.560000,6.000000,6.000000,0.000000,0.000000,1.000000,0.000000,0.160000,0.020000
37.146999,114.000000,114.000000,-1.680000,6.000000,6.000000,0.000000,0.000000,1.000000,0.000000,0.170000,0.030000
37.152000,123.000000,123.000000,-1.670000,42.000000,4.000000,0.000000,0.000000,1.000000,0.000000,0.170000,0.000000
37.157001,122.000000,122.000000,-1.530000,42.000000,4.000000,0.000000,0.000000,1.000000,0.000000,0.150000,-0.030000
37.161999,112.000000,112.000000,-1.520000,6.000000,6.000000,0.000000,0.000000,1.000000,0.000000,0.150000,0.000000
37.167000,112.000000,112.000000,-1.520000,6.000000,6.000000,0.000000,0.000000,1.000000,0.000000,0.150000,0.000000
37.172001,112.000000,112.000000,-1.500000,4.000000,6.000000,0.000000,0.000000,1.000000,0.000000,0.150000,0.000000
37.176998,110.000000,110.000000,-1.350000,4.000000,6.000000,0.000000,0.000000,1.000000,0.000000,0.130000,-0.030000
37.181999,99.000000,99.000000,-1.320000,6.000000,4.000000,0.000000,0.000000,1.000000,0.000000,0.130000,0.000000
37.187000,98.000000,98.000000,-1.350000,6.000000,4.000000,0.000000,0.000000,1.000000,0.000000,0.130000,0.000000
37.192001,100.000000,100.000000,-1.320000,6.000000,4.000000,0.000000,0.000000,1.000000,0.000000,0.130000,-0.010000
37.196999,97.000000,97.000000,-1.180000,6.000000,4.000000,0.000000,0.000000,1.000000,0.000000,0.120000,-0.030000
37.202000,87.000000,87.000000,-1.160000,6.000000,6.000000,0.000000,0.000000,1.000000,0.000000,0.120000,0.000000
37.207001,86.000000,86.000000,-1.240000,6.000000,6.000000,0.000000,0.000000,1.000000,0.000000,0.120000,0.020000
37.212002,92.000000,92.000000,-1.160000,6.000000,6.000000,0.000000,0.000000,1.000000,0.000000,0.120000,-0.020000
37.216999,86.000000,86.000000,-1.030000,6.000000,6.000000,0.000000,0.000000,1.000000,0.000000,0.100000,-0.030000
37.222000,76.000000,76.000000,-0.990000,6.000000,6.000000,0.000000,0.000000,1.000000,0.000000,0.100000,-0.010000
37.227001,74.000000,74.000000,-1.010000,6.000000,6.000000,0.000000,0.000000,1.000000,0.000000,0.100000,0.000000
37.231998,75.000000,75.000000,-0.910000,6.000000,4.000000,0.000000,0.000000,1.000000,0.000000,0.090000,-0.020000
37.237000,67.000000,67.000000,-0.730000,6.000000,4.000000,0.000000,0.000000,1.000000,0.000000,0.070000,-0.030000
37.242001,54.000000,54.000000,-0.650000,4.000000,6.000000,0.000000,0.000000,1.000000,0.000000,0.060000,-0.020000
37.247002,48.000000,48.000000,-0.660000,4.000000,6.000000,0.000000,0.000000,1.000000,0.000000,0.070000,0.000000
37.251999,49.000000,49.000000,-0.580000,6.000000,4.000000,0.000000,0.000000,1.000000,0.000000,0.060000,-0.010000
37.257000,44.000000,44.000000,-0.450000,6.000000,4.000000,0.000000,0.000000,1.000000,0.000000,0.050000,-0.030000
37.262001,34.000000,34.000000,-0.390000,6.000000,4.000000,0.000000,0.000000,1.000000,0.000000,0.040000,-0.010000
37.266998,29.000000,29.000000,-0.420000,6.000000,4.000000,0.000000,0.000000,1.000000,0.000000,0.040000,0.010000
37.271999,32.000000,32.000000,-0.380000,6.000000,4.000000,0.000000,0.000000,1.000000,0.000000,0.040000,-0.010000
37.277000,29.000000,29.000000,-0.310000,6.000000,4.000000,0.000000,0.000000,1.000000,0.000000,0.030000,-0.010000
37.282001,23.000000,23.000000,-0.250000,4.000000,4.000000,0.000000,0.000000,1.000000,0.000000,0.030000,-0.010000
37.286999,19.000000,19.000000,-0.260000,4.000000,4.000000,0.000000,0.000000,1.000000,0.000000,0.030000,0.000000
37.292000,19.000000,19.000000,-0.210000,2.000000,4.000000,0.000000,0.000000,1.000000,0.000000,0.020000,-0.010000
37.297001,16.000000,16.000000,-0.240000,2.000000,4.000000,0.000000,0.000000,1.000000,0.000000,0.020000,0.000000
37.301998,18.000000,18.000000,-0.240000,4.000000,4.000000,0.000000,0.000000,1.000000,0.000000,0.020000,0.000000
37.306999,18.000000,18.000000,-0.270000,4.000000,4.000000,0.000000,0.000000,1.000000,0.000000,0.030000,0.010000
37.312000,20.000000,20.000000,-0.240000,2.000000,2.000000,0.000000,0.000000,1.000000,0.000000,0.020000,-0.010000
37.317001,18.000000,18.000000,-0.250000,2.000000,2.000000,0.000000,0.000000,1.000000,0.000000,0.020000,0.000000
37.321999,18.000000,18.000000,-0.270000,2.000000,2.000000,0.000000,0.000000,1.000000,0.000000,0.030000,0.000000
37.327000,20.000000,20.000000,-0.320000,2.000000,2.000000,0.000000,0.000000,1.000000,0.000000,0.030000,0.010000
37.332001,24.000000,24.000000,-0.300000,2.000000,0.000000,0.000000,0.000000,1.000000,0.000000,0.030000,0.000000
37.337002,22.000000,22.000000,-0.290000,2.000000,0.000000,0.000000,0.000000,1.000000,0.000000,0.030000,0.000000
37.341999,22.000000,22.000000,-0.300000,2.000000,2.000000,0.000000,0.000000,1.000000,0.000000,0.030000,0.000000
37.347000,22.000000,22.000000,-0.360000,2.000000,2.000000,0.000000,0.000000,1.000000,0.000000,0.040000,0.010000
37.352001,27.000000,27.000000,-0.340000,0.000000,2.000000,0.000000,0.000000,1.000000,0.000000,0.030000,0.000000
37.356998,25.000000,25.000000,-0.310000,0.000000,2.000000,0.000000,0.000000,1.000000,0.000000,0.030000,-0.010000
37.362000,23.000000,23.000000,-0.280000,2.000000,2.000000,0.000000,0.000000,1.000000,0.000000,0.030000,-0.010000
37.367001,21.000000,21.000000,-0.310000,2.000000,2.000000,0.000000,0.000000,1.000000,0.000000,0.030000,0.010000
37.372002,23.000000,23.000000,-0.260000,0.000000,0.000000,0.000000,0.000000,1.000000,0.000000,0.030000,-0.010000
37.376999,20.000000,20.000000,-0.200000,0.000000,0.000000,0.000000,0.000000,1.000000,0.000000,0.020000,-0.010000
37.382000,15.000000,15.000000,-0.140000,2.000000,2.000000,0.000000,0.000000,1.000000,0.000000,0.010000,-0.010000
37.387001,10.000000,10.000000,-0.150000,2.000000,2.000000,0.000000,0.000000,1.000000,0.000000,0.010000,0.000000
37.391998,11.000000,11.000000,-0.090000,0.000000,0.000000,0.000000,0.000000,1.000000,0.000000,0.010000,-0.010000
37.396999,6.000000,6.000000,-0.030000,0.000000,0.000000,0.000000,0.000000,1.000000,0.000000,0.000000,-0.010000
37.402000,2.000000,2.000000,0.010000,0.000000,0.000000,0.000000,0.000000,1.000000,0.000000,0.000000,-0.010000
37.407001,-2.000000,-2.000000,0.020000,0.000000,0.000000,0.000000,0.000000,1.000000,0.000000,0.000000,0.000000
37.411999,-2.000000,-2.000000,0.070000,0.000000,0.000000,0.000000,0.000000,1.000000,0.000000,-0.010000,-0.010000
37.417000,-6.000000,-6.000000,0.140000,0.000000,0.000000,0.000000,0.000000,1.000000,0.000000,-0.010000,-0.010000
37.422001,-11.000000,-11.000000,0.180000,0.000000,0.000000,0.000000,0.000000,1.000000,0.000000,-0.020000,-0.010000
37.426998,-14.000000,-14.000000,0.190000,0.000000,0.000000,0.000000,0.000000,1.000000,0.000000,-0.020000,0.000000
37.431999,-16.000000,-16.000000,0.200000,0.000000,0.000000,0.000000,0.000000,1.000000,0.000000,-0.020000,0.000000
37.437000,-16.000000,-16.000000,0.260000,0.000000,0.000000,0.000000,0.000000,1.000000,0.000000,-0.030000,-0.010000
37.442001,-20.000000,-20.000000,0.310000,0.000000,0.000000,0.000000,0.000000,1.000000,0.000000,-0.030000,-0.010000
37.446999,-24.000000,-24.000000,0.360000,0.000000,0.000000,0.000000,0.000000,1.000000,0.000000,-0.040000,-0.010000
37.452000,-29.000000,-29.000000,0.400000,0.000000,0.000000,0.000000,0.000000,1.000000,0.000000,-0.040000,-0.010000
37.457001,-31.000000,-31.000000,0.450000,0.000000,0.000000,0.000000,0.000000,1.000000,0.000000,-0.050000,-0.010000
37.462002,-36.000000,-36.000000,0.520000,-2.000000,-2.000000,0.000000,0.000000,1.000000,0.000000,-0.050000,-0.010000
37.466999,-41.000000,-41.000000,0.590000,-2.000000,-2.000000,0.000000,0.000000,1.000000,0.000000,-0.060000,-0.010000
37.472000,-46.000000,-46.000000,0.660000,0.000000,0.000000,0.000000,0.000000,1.000000,0.000000,-0.070000,-0.010000
37.477001,-52.000000,-52.000000,0.760000,0.000000,0.000000,0.000000,0.000000,1.000000,0.000000,-0.080000,-0.020000
37.481998,-60.000000,-60.000000,0.840000,-2.000000,0.000000,0.000000,0.000000,1.000000,0.000000,-0.080000,-0.020000
37.487000,-66.000000,-66.000000,0.930000,-2.000000,0.000000,0.000000,0.000000,1.000000,0.000000,-0.090000,-0.020000
37.492001,-73.000000,-73.000000,1.010000,-2.000000,-2.000000,0.000000,0.000000,1.000000,0.000000,-0.100000,-0.020000
37.497002,-79.000000,-79.000000,1.180000,-2.000000,-2.000000,0.000000,0.000000,1.000000,0.000000,-0.120000,-0.030000
37.501999,-92.000000,-92.000000,1.340000,-2.000000,-2.000000,0.000000,0.000000,1.000000,0.000000,-0.130000,-0.030000
37.507000,-105.000000,-105.000000,1.440000,-2.000000,-2.000000,0.000000,0.000000,1.000000,0.000000,-0.140000,-0.020000
37.512001,-112.000000,-112.000000,1.540000,-2.000000,-2.000000,0.000000,0.000000,1.000000,0.000000,-0.150000,-0.020000
37.516998,-120.000000,-120.000000,1.720000,-2.000000,-2.000000,0.000000,0.000000,1.000000,0.000000,-0.170000,-0.030000
37.521999,-134.000000,-134.000000,1.940000,-4.000000,-4.000000,0.000000,0.000000,1.000000,0.000000,-0.190000,-0.040000
37.527000,-152.000000,-152.000000,2.010000,-4.000000,-4.000000,0.000000,0.000000,1.000000,0.000000,-0.200000,-0.010000
37.532001,-156.000000,-156.000000,1.950000,-4.000000,-4.000000,0.000000,0.000000,1.000000,0.000000,-0.190000,0.010000
37.536999,-150.000000,-150.000000,1.900000,-4.000000,-4.000000,0.000000,0.000000,1.000000,0.000000,-0.190000,0.010000
37.542000,-147.000000,-147.000000,1.980000,-6.000000,-6.000000,0.000000,0.000000,1.000000,0.000000,-0.200000,-0.010000
37.547001,-154.000000,-154.000000,1.950000,-6.000000,-6.000000,0.000000,0.000000,1.000000,0.000000,-0.200000,0.010000
37.551998,-151.000000,-151.000000,1.960000,-6.000000,-6.000000,0.000000,0.000000,1.000000,0.000000,-0.200000,0.000000
37.556999,-152.000000,-152.000000,1.850000,-6.000000,-6.000000,0.000000,0.000000,1.000000,0.000000,-0.190000,0.020000
37.562000,-143.000000,-143.000000,1.900000,-6.000000,-8.000000,0.000000,0.000000,1.000000,0.000000,-0.190000,-0.010000
37.567001,-148.000000,-148.000000,1.860000,-6.000000,-8.000000,0.000000,0.000000,1.000000,0.000000,-0.190000,0.010000
37.571999,-144.000000,-144.000000,1.770000,-6.000000,-6.000000,0.000000,0.000000,1.000000,0.000000,-0.180000,0.020000
37.577000,-136.000000,-136.000000,1.600000,-6.000000,-6.000000,0.000000,0.000000,1.000000,0.000000,-0.160000,0.030000
37.582001,-123.000000,-123.000000,1.550000,-8.000000,-8.000000,0.000000,0.000000,1.000000,0.000000,-0.150000,0.010000
37.587002,-120.000000,-120.000000,1.490000,-8.000000,-8.000000,0.000000,0.000000,1.000000,0.000000,-0.150000,0.010000
37.591999,-115.000000,-115.000000,1.410000,-6.000000,-6.000000,0.000000,0.000000,1.000000,0.000000,-0.140000,0.020000
37.597000,-109.000000,-109.000000,1.340000,-6.000000,-6.000000,0.000000,0.000000,1.000000,0.000000,-0.130000,0.010000
37.602001,-104.000000,-104.000000,1.290000,-8.000000,-8.000000,0.000000,0.000000,1.000000,0.000000,-0.130000,0.010000
37.606998,-100.000000,-100.000000,1.260000,-8.000000,-8.000000,0.000000,0.000000,1.000000,0.000000,-0.130000,0.010000
37.612000,-98.000000,-98.000000,1.200000,-6.000000,-6.000000,0.000000,0.000000,1.000000,0.000000,-0.120000,0.010000
37.617001,-93.000000,-93.000000,1.140000,-6.000000,-6.000000,0.000000,0.000000,1.000000,0.000000,-0.110000,0.010000
37.622002,-88.000000,-88.000000,1.140000,-8.000000,-8.000000,0.000000,0.000000,1.000000,0.000000,-0.110000,0.000000
37.626999,-88.000000,-88.000000,1.140000,-8.000000,-8.000000,0.000000,0.000000,1.000000,0.000000,-0.110000,0.000000
37.632000,-89.000000,-89.000000,1.070000,-6.000000,-8.000000,0.000000,0.000000,1.000000,0.000000,-0.110000,0.010000
37.637001,-82.000000,-82.000000,1.020000,-6.000000,-8.000000,0.000000,0.000000,1.000000,0.000000,-0.100000,0.010000
37.641998,-79.000000,-79.000000,0.990000,-8.000000,-8.000000,0.000000,0.000000,1.000000,0.000000,-0.100000,0.010000
37.646999,-77.000000,-77.000000,0.970000,-8.000000,-8.000000,0.000000,0.000000,1.000000,0.000000,-0.100000,0.000000
37.652000,-75.000000,-75.000000,0.990000,-4.000000,-6.000000,0.000000,0.000000,1.000000,0.000000,-0.100000,0.000000
37.657001,-77.000000,-77.000000,0.970000,-4.000000,-6.000000,0.000000,0.000000,1.000000,0.000000,-0.100000,0.000000
37.661999,-75.000000,-75.000000,0.950000,-4.000000,-8.000000,0.000000,0.000000,1.000000,0.000000,-0.100000,0.000000
37.667000,-74.000000,-74.000000,0.940000,-4.000000,-8.000000,0.000000,0.000000,1.000000,0.000000,-0.090000,0.000000
37.672001,-73.000000,-73.000000,0.860000,-6.000000,-6.000000,0.000000,0.000000,1.000000,0.000000,-0.090000,0.010000
37.676998,-67.000000,-67.000000,0.920000,-6.000000,-6.000000,0.000000,0.000000,1.000000,0.000000,-0.090000,-0.010000
37.681999,-72.000000,-72.000000,0.880000,-6.000000,-6.000000,0.000000,0.000000,1.000000,0.000000,-0.090000,0.010000
37.687000,-68.000000,-68.000000,0.890000,-6.000000,-6.000000,0.000000,0.000000,1.000000,0.000000,-0.090000,0.000000
37.692001,-70.000000,-70.000000,0.880000,-4.000000,-4.000000,0.000000,0.000000,1.000000,0.000000,-0.090000,0.000000
37.696999,-69.000000,-69.000000,0.910000,-4.000000,-4.000000,0.000000,0.000000,1.000000,0.000000,-0.090000,-0.010000
37.702000,-71.000000,-71.000000,0.900000,-6.000000,-6.000000,0.000000,0.000000,1.000000,0.000000,-0.090000,0.000000
37.707001,-70.000000,-70.000000,0.890000,-6.000000,-6.000000,0.000000,0.000000,1.000000,0.000000,-0.090000,0.000000
37.712002,-69.000000,-69.000000,0.810000,-6.000000,-4.000000,0.000000,0.000000,1.000000,0.000000,-0.080000,0.020000
37.716999,-63.000000,-63.000000,0.840000,-6.000000,-4.000000,0.000000,0.000000,1.000000,0.000000,-0.080000,0.000000
37.722000,-65.000000,-65.000000,0.820000,-6.000000,-4.000000,0.000000,0.000000,1.000000,0.000000,-0.080000,0.000000
37.727001,-64.000000,-64.000000,0.820000,-6.000000,-4.000000,0.000000,0.000000,1.000000,0.000000,-0.080000,0.000000
37.731998,-64.000000,-64.000000,0.740000,-6.000000,-4.000000,0.000000,0.000000,1.000000,0.000000,-0.070000,0.020000
37.737000,-57.000000,-57.000000,0.700000,-6.000000,-4.000000,0.000000,0.000000,1.000000,0.000000,-0.070000,0.010000
37.742001,-55.000000,-55.000000,0.670000,-4.000000,-4.000000,0.000000,0.000000,1.000000,0.000000,-0.070000,0.010000
37.747002,-52.000000,-52.000000,0.710000,-4.000000,-4.000000,0.000000,0.000000,1.000000,0.000000,-0.070000,-0.010000
37.751999,-56.000000,-56.000000,0.680000,-4.000000,-4.000000,0.000000,0.000000,1.000000,0.000000,-0.070000,0.010000
37.757000,-53.000000,-53.000000,0.650000,-4.000000,-4.000000,0.000000,0.000000,1.000000,0.000000,-0.060000,0.010000
37.762001,-50.000000,-50.000000,0.600000,-4.000000,-4.000000,0.000000,0.000000,1.000000,0.000000,-0.060000,0.010000
37.766998,-46.000000,-46.000000,0.590000,-4.000000,-4.000000,0.000000,0.000000,1.000000,0.000000,-0.060000,0.000000
37.771999,-46.000000,-46.000000,0.520000,-4.000000,-2.000000,0.000000,0.000000,1.000000,0.000000,-0.050000,0.010000
37.777000,-41.000000,-41.000000,0.560000,-4.000000,-2.000000,0.000000,0.000000,1.000000,0.000000,-0.060000,-0.010000
37.782001,-44.000000,-44.000000,0.530000,-6.000000,-4.000000,0.000000,0.000000,1.000000,0.000000,-0.050000,0.010000
37.786999,-41.000000,-41.000000,0.580000,-6.000000,-4.000000,0.000000,0.000000,1.000000,0.000000,-0.060000,-0.010000
37.792000,-46.000000,-46.000000,0.550000,-2.000000,-4.000000,0.000000,0.000000,1.000000,0.000000,-0.050000,0.010000
37.797001,-43.000000,-43.000000,0.560000,-2.000000,-4.000000,0.000000,0.000000,1.000000,0.000000,-0.060000,0.000000
37.801998,-44.000000,-44.000000,0.520000,-4.000000,-4.000000,0.000000,0.000000,1.000000,0.000000,-0.050000,0.010000
37.806999,-40.000000,-40.000000,0.510000,-4.000000,-4.000000,0.000000,0.000000,1.000000,0.000000,-0.050000,0.000000
37.812000,-40.000000,-40.000000,0.450000,-4.000000,-4.000000,0.000000,0.000000,1.000000,0.000000,-0.050000,0.010000
37.817001,-35.000000,-35.000000,0.430000,-4.000000,-4.000000,0.000000,0.000000,1.000000,0.000000,-0.040000,0.000000
37.821999,-34.000000,-34.000000,0.370000,-4.000000,-4.000000,0.000000,0.000000,1.000000,0.000000,-0.040000,0.010000
37.827000,-29.000000,-29.000000,0.370000,-4.000000,-4.000000,0.000000,0.000000,1.000000,0.000000,-0.040000,0.000000
37.832001,-29.000000,-29.000000,0.300000,-4.000000,-4.000000,0.000000,0.000000,1.000000,0.000000,-0.030000,0.010000
37.837002,-24.000000,-24.000000,0.230000,-4.000000,-4.000000,0.000000,0.000000,1.000000,0.000000,-0.020000,0.020000
37.841999,-18.000000,-18.000000,0.120000,-4.000000,-2.000000,0.000000,0.000000,1.000000,0.000000,-0.010000,0.020000
37.847000,-10.000000,-10.000000,0.070000,-4.000000,-2.000000,0.000000,0.000000,1.000000,0.000000,-0.010000,0.010000
37.852001,-6.000000,-6.000000,-0.030000,-2.000000,-2.000000,0.000000,0.000000,1.000000,0.000000,0.000000,0.020000
37.856998,2.000000,2.000000,-0.130000,-2.000000,-2.000000,0.000000,0.000000,1.000000,0.000000,0.010000,0.020000
37.862000,10.000000,10.000000,-0.250000,-2.000000,-2.000000,0.000000,0.000000,1.000000,0.000000,0.020000,0.020000
37.867001,18.000000,18.000000,-0.330000,-2.000000,-2.000000,0.000000,0.000000,1.000000,0.000000,0.030000,0.020000
37.872002,25.000000,25.000000,-0.410000,-2.000000,-2.000000,0.000000,0.000000,1.000000,0.000000,0.040000,0.020000
37.876999,31.000000,31.000000,-0.540000,-2.000000,-2.000000,0.000000,0.000000,1.000000,0.000000,0.050000,0.030000
37.882000,41.000000,41.000000,-0.620000,0.000000,-2.000000,0.000000,0.000000,1.000000,0.000000,0.060000,0.020000
37.887001,47.000000,47.000000,-0.720000,0.000000,-2.000000,0.000000,0.000000,1.000000,0.000000,0.070000,0.020000
37.891998,54.000000,54.000000,-0.750000,0.000000,0.000000,0.000000,0.000000,1.000000,0.000000,0.070000,0.010000
37.896999,56.000000,56.000000,-0.800000,0.000000,0.000000,0.000000,0.000000,1.000000,0.000000,0.080000,0.010000
37.902000,60.000000,60.000000,-0.760000,2.000000,0.000000,0.000000,0.000000,1.000000,0.000000,0.080000,-0.010000
37.907001,57.000000,57.000000,-0.810000,2.000000,0.000000,0.000000,0.000000,1.000000,0.000000,0.080000,0.010000
37.911999,60.000000,60.000000,-0.870000,0.000000,0.000000,0.000000,0.000000,1.000000,0.000000,0.090000,0.010000
37.917000,65.000000,65.000000,-1.010000,0.000000,0.000000,0.000000,0.000000,1.000000,0.000000,0.100000,0.030000
37.922001,75.000000,75.000000,-1.020000,2.000000,2.000000,0.000000,0.000000,1.000000,0.000000,0.100000,0.000000
37.926998,76.000000,76.000000,-1.040000,2.000000,2.000000,0.000000,0.000000,1.000000,0.000000,0.100000,0.000000
37.931999,77.000000,77.000000,-1.110000,2.000000,2.000000,0.000000,0.000000,1.000000,0.000000,0.110000,0.010000
37.937000,82.000000,82.000000,-1.360000,2.000000,2.000000,0.000000,0.000000,1.000000,0.000000,0.140000,0.050000
37.942001,100.000000,100.000000,-1.500000,2.000000,2.000000,0.000000,0.000000,1.000000,0.000000,0.150000,0.030000
37.946999,110.000000,110.000000,-1.540000,2.000000,2.000000,0.000000,0.000000,1.000000,0.000000,0.150000,0.010000
37.952000,113.000000,113.000000,-1.430000,2.000000,2.000000,0.000000,0.000000,1.000000,0.000000,0.140000,-0.020000
37.957001,105.000000,105.000000,-1.440000,2.000000,2.000000,0.000000,0.000000,1.000000,0.000000,0.140000,0.000000
37.962002,106.000000,106.000000,-1.530000,4.000000,4.000000,0.000000,0.000000,1.000000,0.000000,0.150000,0.020000
37.966999,113.000000,113.000000,-1.620000,4.000000,4.000000,0.000000,0.000000,1.000000,0.000000,0.160000,0.020000
37.972000,118.000000,118.000000,-1.570000,4.000000,4.000000,0.000000,0.000000,1.000000,0.000000,0.160000,-0.010000
37.977001,115.000000,115.000000,-1.480000,4.000000,4.000000,0.000000,0.000000,1.000000,0.000000,0.150000,-0.020000
37.981998,109.000000,109.000000,-1.480000,6.000000,4.000000,0.000000,0.000000,1.000000,0.000000,0.150000,0.000000
37.987000,109.000000,109.000000,-1.520000,6.000000,4.000000,0.000000,0.000000,1.000000,0.000000,0.150000,0.010000
37.992001,112.000000,112.000000,-1.440000,4.000000,4.000000,0.000000,0.000000,1.000000,0.000000,0.140000,-0.020000
37.997002,106.000000,106.000000,-1.290000,4.000000,4.000000,0.000000,0.000000,1.000000,0.000000,0.130000,-0.030000
38.001999,95.000000,95.000000,-1.230000,6.000000,6.000000,0.000000,0.000000,1.000000,0.000000,0.120000,-0.010000
38.007000,91.000000,91.000000,-1.260000,6.000000,6.000000,0.000000,0.000000,1.000000,0.000000,0.130000,0.000000
38.012001,93.000000,93.000000,-1.180000,6.000000,4.000000,0.000000,0.000000,1.000000,0.000000,0.120000,-0.020000
38.016998,87.000000,87.000000,-1.030000,6.000000,4.000000,0.000000,0.000000,1.000000,0.000000,0.100000,-0.030000
38.021999,76.000000,76.000000,-0.990000,6.000000,6.000000,0.000000,0.000000,1.000000,0.000000,0.100000,-0.010000
38.027000,74.000000,74.000000,-1.010000,6.000000,6.000000,0.000000,0.000000,1.000000,0.000000,0.100000,0.000000
38.032001,75.000000,75.000000,-0.920000,6.000000,4.000000,0.000000,0.000000,1.000000,0.000000,0.090000,-0.020000
38.036999,68.000000,68.000000,-0.760000,6.000000,4.000000,0.000000,0.000000,1.000000,0.000000,0.080000,-0.030000
38.042000,57.000000,57.000000,-0.690000,6.000000,4.000000,0.000000,0.000000,1.000000,0.000000,0.070000,-0.020000
38.047001,51.000000,51.000000,-0.720000,6.000000,4.000000,0.000000,0.000000,1.000000,0.000000,0.070000,0.010000
38.051998,54.000000,54.000000,-0.620000,4.000000,4.000000,0.000000,0.000000,1.000000,0.000000,0.060000,-0.020000
38.056999,46.000000,46.000000,-0.560000,4.000000,4.000000,0.000000,0.000000,1.000000,0.000000,0.060000,-0.010000
38.062000,42.000000,42.000000,-0.520000,4.000000,4.000000,0.000000,0.000000,1.000000,0.000000,0.050000,-0.010000
38.067001,39.000000,39.000000,-0.600000,4.000000,4.000000,0.000000,0.000000,1.000000,0.000000,0.060000,0.010000
38.071999,45.000000,45.000000,-0.610000,4.000000,2.000000,0.000000,0.000000,1.000000,0.000000,0.060000,0.000000
38.077000,45.000000,45.000000,-0.620000,4.000000,2.000000,0.000000,0.000000,1.000000,0.000000,0.060000,0.000000
38.082001,46.000000,46.000000,-0.640000,4.000000,4.000000,0.000000,0.000000,1.000000,0.000000,0.060000,0.000000
38.087002,48.000000,48.000000,-0.730000,4.000000,4.000000,0.000000,0.000000,1.000000,0.000000,0.070000,0.020000
38.091999,55.000000,55.000000,-0.750000,4.000000,2.000000,0.000000,0.000000,1.000000,0.000000,0.070000,0.000000
38.097000,56.000000,56.000000,-0.780000,4.000000,2.000000,0.000000,0.000000,1.000000,0.000000,0.080000,0.010000
38.102001,58.000000,58.000000,-0.840000,4.000000,4.000000,0.000000,0.000000,1.000000,0.000000,0.080000,0.010000
38.106998,63.000000,63.000000,-0.990000,4.000000,4.000000,0.000000,0.000000,1.000000,0.000000,0.100000,0.030000
38.112000,74.000000,74.000000,-1.050000,2.000000,4.000000,0.000000,0.000000,1.000000,0.000000,0.110000,0.010000
38.117001,78.000000,78.000000,-1.090000,2.000000,4.000000,0.000000,0.000000,1.000000,0.000000,0.110000,0.010000
38.122002,81.000000,81.000000,-1.200000,42.000000,6.000000,0.000000,0.000000,1.000000,0.000000,0.120000,0.020000
38.126999,89.000000,89.000000,-1.320000,42.000000,6.000000,0.000000,0.000000,1.000000,0.000000,0.130000,0.020000
38.132000,97.000000,97.000000,-1.340000,4.000000,2.000000,0.000000,0.000000,1.000000,0.000000,0.130000,0.000000
38.137001,99.000000,99.000000,-1.420000,4.000000,2.000000,0.000000,0.000000,1.000000,0.000000,0.140000,0.020000
38.141998,105.000000,105.000000,-1.490000,4.000000,6.000000,0.000000,0.000000,1.000000,0.000000,0.150000,0.010000
38.146999,109.000000,109.000000,-1.630000,4.000000,6.000000,0.000000,0.000000,1.000000,0.000000,0.160000,0.030000
38.152000,120.000000,120.000000,-1.570000,4.000000,6.000000,0.000000,0.000000,1.000000,0.000000,0.160000,-0.010000
38.157001,115.000000,115.000000,-1.510000,4.000000,6.000000,0.000000,0.000000,1.000000,0.000000,0.150000,-0.010000
38.161999,111.000000,111.000000,-1.500000,6.000000,6.000000,0.000000,0.000000,1.000000,0.000000,0.150000,0.000000
38.167000,110.000000,110.000000,-1.550000,6.000000,6.000000,0.000000,0.000000,1.000000,0.000000,0.150000,0.010000
38.172001,114.000000,114.000000,-1.420000,6.000000,4.000000,0.000000,0.000000,1.000000,0.000000,0.140000,-0.030000
38.176998,104.000000,104.000000,-1.260000,6.000000,4.000000,0.000000,0.000000,1.000000,0.000000,0.130000,-0.030000
38.181999,93.000000,93.000000,-1.120000,6.000000,8.000000,0.000000,0.000000,1.000000,0.000000,0.110000,-0.030000
38.187000,83.000000,83.000000,-1.080000,6.000000,8.000000,0.000000,0.000000,1.000000,0.000000,0.110000,-0.010000
38.192001,80.000000,80.000000,-0.910000,4.000000,4.000000,0.000000,0.000000,1.000000,0.000000,0.090000,-0.030000
38.196999,68.000000,68.000000,-0.660000,4.000000,4.000000,0.000000,0.000000,1.000000,0.000000,0.070000,-0.050000
38.202000,49.000000,49.000000,-0.450000,6.000000,8.000000,0.000000,0.000000,1.000000,0.000000,0.040000,-0.040000
38.207001,33.000000,33.000000,-0.320000,6.000000,8.000000,0.000000,0.000000,1.000000,0.000000,0.030000,-0.020000
38.212002,24.000000,24.000000,-0.130000,6.000000,6.000000,0.000000,0.000000,1.000000,0.000000,0.010000,-0.040000
38.216999,9.000000,9.000000,0.110000,6.000000,6.000000,0.000000,0.000000,1.000000,0.000000,-0.010000,-0.050000
38.222000,-9.000000,-9.000000,0.360000,4.000000,6.000000,0.000000,0.000000,1.000000,0.000000,-0.040000,-0.050000
38.227001,-29.000000,-29.000000,0.520000,4.000000,6.000000,0.000000,0.000000,1.000000,0.000000,-0.050000,-0.030000
38.231998,-41.000000,-41.000000,0.690000,4.000000,4.000000,0.000000,0.000000,1.000000,0.000000,-0.070000,-0.030000
38.237000,-54.000000,-54.000000,0.880000,4.000000,4.000000,0.000000,0.000000,1.000000,0.000000,-0.090000,-0.040000
38.242001,-69.000000,-69.000000,1.030000,2.000000,2.000000,0.000000,0.000000,1.000000,0.000000,-0.100000,-0.030000
38.247002,-81.000000,-81.000000,1.150000,2.000000,2.000000,0.000000,0.000000,1.000000,0.000000,-0.120000,-0.020000
38.251999,-90.000000,-90.000000,1.210000,2.000000,2.000000,0.000000,0.000000,1.000000,0.000000,-0.120000,-0.010000
38.257000,-94.000000,-94.000000,1.270000,2.000000,2.000000,0.000000,0.000000,1.000000,0.000000,-0.130000,-0.010000
38.262001,-99.000000,-99.000000,1.270000,0.000000,0.000000,0.000000,0.000000,1.000000,0.000000,-0.130000,0.000000
38.266998,-99.000000,-99.000000,1.250000,0.000000,0.000000,0.000000,0.000000,1.000000,0.000000,-0.130000,0.000000
38.271999,-97.000000,-97.000000,1.240000,0.000000,0.000000,0.000000,0.000000,1.000000,0.000000,-0.120000,0.000000
38.277000,-97.000000,-97.000000,1.280000,0.000000,0.000000,0.000000,0.000000,1.000000,0.000000,-0.130000,-0.010000
38.282001,-99.000000,-99.000000,1.250000,-2.000000,-4.000000,0.000000,0.000000,1.000000,0.000000,-0.130000,0.000000
38.286999,-97.000000,-97.000000,1.210000,-2.000000,-4.000000,0.000000,0.000000,1.000000,0.000000,-0.120000,0.010000
38.292000,-93.000000,-93.000000,1.270000,-2.000000,-2.000000,0.000000,0.000000,1.000000,0.000000,-0.130000,-0.010000
38.297001,-99.000000,-99.000000,1.450000,-2.000000,-2.000000,0.000000,0.000000,1.000000,0.000000,-0.140000,-0.030000
38.301998,-113.000000,-113.000000,1.540000,-4.000000,-4.000000,0.000000,0.000000,1.000000,0.000000,-0.150000,-0.020000
38.306999,-120.000000,-120.000000,1.560000,-4.000000,-4.000000,0.000000,0.000000,1.000000,0.000000,-0.160000,0.000000
38.312000,-122.000000,-122.000000,1.500000,-2.000000,-2.000000,0.000000,0.000000,1.000000,0.000000,-0.150000,0.010000
38.317001,-115.000000,-115.000000,1.420000,-2.000000,-2.000000,0.000000,0.000000,1.000000,0.000000,-0.140000,0.020000
38.321999,-109.000000,-109.000000,1.430000,-6.000000,-6.000000,0.000000,0.000000,1.000000,0.000000,-0.140000,0.000000
38.327000,-111.000000,-111.000000,1.420000,-6.000000,-6.000000,0.000000,0.000000,1.000000,0.000000,-0.140000,0.000000
38.332001,-110.000000,-110.000000,1.380000,-4.000000,-4.000000,0.000000,0.000000,1.000000,0.000000,-0.140000,0.010000
38.337002,-107.000000,-107.000000,1.390000,-4.000000,-4.000000,0.000000,0.000000,1.000000,0.000000,-0.140000,0.000000
38.341999,-108.000000,-108.000000,1.450000,-8.000000,-44.000000,0.000000,0.000000,1.000000,0.000000,-0.150000,-0.010000
38.347000,-113.000000,-113.000000,1.510000,-8.000000,-44.000000,0.000000,0.000000,1.000000,0.000000,-0.150000,-0.010000
38.352001,-118.000000,-118.000000,1.420000,-6.000000,-6.000000,0.000000,0.000000,1.000000,0.000000,-0.140000,0.020000
38.356998,-110.000000,-110.000000,1.390000,-6.000000,-6.000000,0.000000,0.000000,1.000000,0.000000,-0.140000,0.010000
38.362000,-107.000000,-107.000000,1.390000,-6.000000,-6.000000,0.000000,0.000000,1.000000,0.000000,-0.140000,0.000000
38.367001,-108.000000,-108.000000,1.470000,-6.000000,-6.000000,0.000000,0.000000,1.000000,0.000000,-0.150000,-0.020000
38.372002,-115.000000,-115.000000,1.480000,-4.000000,-6.000000,0.000000,0.000000,1.000000,0.000000,-0.150000,0.000000
38.376999,-115.000000,-115.000000,1.440000,-4.000000,-6.000000,0.000000,0.000000,1.000000,0.000000,-0.140000,0.010000
38.382000,-112.000000,-112.000000,1.500000,-6.000000,-8.000000,0.000000,0.000000,1.000000,0.000000,-0.150000,-0.010000
38.387001,-117.000000,-117.000000,1.590000,-6.000000,-8.000000,0.000000,0.000000,1.000000,0.000000,-0.160000,-0.020000
38.391998,-124.000000,-124.000000,1.640000,-6.000000,-6.000000,0.000000,0.000000,1.000000,0.000000,-0.160000,-0.010000
38.396999,-127.000000,-127.000000,1.600000,-6.000000,-6.000000,0.000000,0.000000,1.000000,0.000000,-0.160000,0.010000
38.402000,-124.000000,-124.000000,1.670000,-6.000000,-8.000000,0.000000,0.000000,1.000000,0.000000,-0.170000,-0.010000
38.407001,-130.000000,-130.000000,1.680000,-6.000000,-8.000000,0.000000,0.000000,1.000000,0.000000,-0.170000,0.000000
38.411999,-130.000000,-130.000000,1.730000,-6.000000,-8.000000,0.000000,0.000000,1.000000,0.000000,-0.170000,-0.010000
38.417000,-134.000000,-134.000000,1.720000,-6.000000,-8.000000,0.000000,0.000000,1.000000,0.000000,-0.170000,0.000000
38.422001,-134.000000,-134.000000,1.710000,-8.000000,-8.000000,0.000000,0.000000,1.000000,0.000000,-0.170000,0.000000
38.426998,-132.000000,-132.000000,1.630000,-8.000000,-8.000000,0.000000,0.000000,1.000000,0.000000,-0.160000,0.020000
38.431999,-126.000000,-126.000000,1.550000,-6.000000,-8.000000,0.000000,0.000000,1.000000,0.000000,-0.160000,0.010000
38.437000,-120.000000,-120.000000,1.490000,-6.000000,-8.000000,0.000000,0.000000,1.000000,0.000000,-0.150000,0.010000
38.442001,-115.000000,-115.000000,1.520000,-6.000000,-8.000000,0.000000,0.000000,1.000000,0.000000,-0.150000,-0.010000
38.446999,-118.000000,-118.000000,1.460000,-6.000000,-8.000000,0.000000,0.000000,1.000000,0.000000,-0.150000,0.010000
38.452000,-113.000000,-113.000000,1.420000,-6.000000,-8.000000,0.000000,0.000000,1.000000,0.000000,-0.140000,0.010000
38.457001,-110.000000,-110.000000,1.320000,-6.000000,-8.000000,0.000000,0.000000,1.000000,0.000000,-0.130000,0.020000
38.462002,-102.000000,-102.000000,1.270000,-8.000000,-8.000000,0.000000,0.000000,1.000000,0.000000,-0.130000,0.010000
38.466999,-98.000000,-98.000000,1.100000,-8.000000,-8.000000,0.000000,0.000000,1.000000,0.000000,-0.110000,0.030000
38.472000,-85.000000,-85.000000,0.960000,-6.000000,-8.000000,0.000000,0.000000,1.000000,0.000000,-0.100000,0.030000
38.477001,-73.000000,-73.000000,0.820000,-6.000000,-8.000000,0.000000,0.000000,1.000000,0.000000,-0.080000,0.030000
38.481998,-63.000000,-63.000000,0.690000,-8.000000,-8.000000,0.000000,0.000000,1.000000,0.000000,-0.070000,0.020000
38.487000,-53.000000,-53.000000,0.510000,-8.000000,-8.000000,0.000000,0.000000,1.000000,0.000000,-0.050000,0.040000
38.492001,-39.000000,-39.000000,0.380000,-6.000000,-6.000000,0.000000,0.000000,1.000000,0.000000,-0.040000,0.030000
38.497002,-29.000000,-29.000000,0.270000,-6.000000,-6.000000,0.000000,0.000000,1.000000,0.000000,-0.030000,0.020000
38.501999,-21.000000,-21.000000,0.160000,-6.000000,-6.000000,0.000000,0.000000,1.000000,0.000000,-0.020000,0.020000
38.507000,-13.000000,-13.000000,0.150000,-6.000000,-6.000000,0.000000,0.000000,1.000000,0.000000,-0.010000,0.000000
38.512001,-12.000000,-12.000000,0.090000,-4.000000,-4.000000,0.000000,0.000000,1.000000,0.000000,-0.010000,0.010000
38.516998,-7.000000,-7.000000,0.040000,-4.000000,-4.000000,0.000000,0.000000,1.000000,0.000000,0.000000,0.010000
38.521999,-4.000000,-4.000000,-0.060000,-4.000000,-4.000000,0.000000,0.000000,1.000000,0.000000,0.010000,0.020000
38.527000,4.000000,4.000000,-0.110000,-4.000000,-4.000000,0.000000,0.000000,1.000000,0.000000,0.010000,0.010000
38.532001,8.000000,8.000000,-0.160000,-4.000000,-4.000000,0.000000,0.000000,1.000000,0.000000,0.020000,0.010000
38.536999,12.000000,12.000000,-0.210000,-4.000000,-4.000000,0.000000,0.000000,1.000000,0.000000,0.020000,0.010000
38.542000,15.000000,15.000000,-0.220000,-2.000000,-4.000000,0.000000,0.000000,1.000000,0.000000,0.020000,0.000000
38.547001,16.000000,16.000000,-0.220000,-2.000000,-4.000000,0.000000,0.000000,1.000000,0.000000,0.020000,0.000000
38.551998,17.000000,17.000000,-0.190000,-2.000000,-2.000000,0.000000,0.000000,1.000000,0.000000,0.020000,-0.010000
38.556999,14.000000,14.000000,-0.170000,-2.000000,-2.000000,0.000000,0.000000,1.000000,0.000000,0.020000,0.000000
38.562000,12.000000,12.000000,-0.130000,-2.000000,-2.000000,0.000000,0.000000,1.000000,0.000000,0.010000,-0.010000
38.567001,9.000000,9.000000,-0.100000,-2.000000,-2.000000,0.000000,0.000000,1.000000,0.000000,0.010000,0.000000
38.571999,7.000000,7.000000,0.000000,0.000000,-2.000000,0.000000,0.000000,1.000000,0.000000,0.000000,-0.020000
38.577000,0.000000,0.000000,0.080000,0.000000,-2.000000,0.000000,0.000000,1.000000,0.000000,-0.010000,-0.020000
38.582001,-7.000000,-7.000000,0.120000,0.000000,0.000000,0.000000,0.000000,1.000000,0.000000,-0.010000,-0.010000
38.587002,-10.000000,-10.000000,0.150000,0.000000,0.000000,0.000000,0.000000,1.000000,0.000000,-0.010000,0.000000
38.591999,-12.000000,-12.000000,0.210000,0.000000,-2.000000,0.000000,0.000000,1.000000,0.000000,-0.020000,-0.010000
38.597000,-16.000000,-16.000000,0.280000,0.000000,-2.000000,0.000000,0.000000,1.000000,0.000000,-0.030000,-0.020000
38.602001,-22.000000,-22.000000,0.360000,0.000000,0.000000,0.000000,0.000000,1.000000,0.000000,-0.040000,-0.020000
38.606998,-28.000000,-28.000000,0.410000,0.000000,0.000000,0.000000,0.000000,1.000000,0.000000,-0.040000,-0.010000
38.612000,-33.000000,-33.000000,0.410000,0.000000,0.000000,0.000000,0.000000,1.000000,0.000000,-0.040000,0.000000
38.617001,-32.000000,-32.000000,0.470000,0.000000,0.000000,0.000000,0.000000,1.000000,0.000000,-0.050000,-0.010000
38.622002,-37.000000,-37.000000,0.510000,0.000000,0.000000,0.000000,0.000000,1.000000,0.000000,-0.050000,-0.010000
38.626999,-40.000000,-40.000000,0.570000,0.000000,0.000000,0.000000,0.000000,1.000000,0.000000,-0.060000,-0.010000
38.632000,-45.000000,-45.000000,0.500000,0.000000,0.000000,0.000000,0.000000,1.000000,0.000000,-0.050000,0.010000
38.637001,-39.000000,-39.000000,0.460000,0.000000,0.000000,0.000000,0.000000,1.000000,0.000000,-0.050000,0.010000
38.641998,-36.000000,-36.000000,0.450000,-2.000000,-2.000000,0.000000,0.000000,1.000000,0.000000,-0.040000,0.000000
38.646999,-35.000000,-35.000000,0.480000,-2.000000,-2.000000,0.000000,0.000000,1.000000,0.000000,-0.050000,-0.010000
38.652000,-38.000000,-38.000000,0.400000,-2.000000,0.000000,0.000000,0.000000,1.000000,0.000000,-0.040000,0.020000
38.657001,-31.000000,-31.000000,0.290000,-2.000000,0.000000,0.000000,0.000000,1.000000,0.000000,-0.030000,0.020000
38.661999,-22.000000,-22.000000,0.160000,-2.000000,-2.000000,0.000000,0.000000,1.000000,0.000000,-0.020000,0.030000
38.667000,-13.000000,-13.000000,0.110000,-2.000000,-2.000000,0.000000,0.000000,1.000000,0.000000,-0.010000,0.010000
38.672001,-9.000000,-9.000000,0.010000,0.000000,-2.000000,0.000000,0.000000,1.000000,0.000000,0.000000,0.020000
38.676998,-1.000000,-1.000000,-0.120000,0.000000,-2.000000,0.000000,0.000000,1.000000,0.000000,0.010000,0.030000
38.681999,9.000000,9.000000,-0.270000,0.000000,0.000000,0.000000,0.000000,1.000000,0.000000,0.030000,0.030000
38.687000,20.000000,20.000000,-0.370000,0.000000,0.000000,0.000000,0.000000,1.000000,0.000000,0.040000,0.020000
38.692001,28.000000,28.000000,-0.450000,0.000000,-2.000000,0.000000,0.000000,1.000000,0.000000,0.050000,0.020000
38.696999,34.000000,34.000000,-0.600000,0.000000,-2.000000,0.000000,0.000000,1.000000,0.000000,0.060000,0.030000
38.702000,45.000000,45.000000,-0.710000,0.000000,0.000000,0.000000,0.000000,1.000000,0.000000,0.070000,0.020000
38.707001,53.000000,53.000000,-0.820000,0.000000,0.000000,0.000000,0.000000,1.000000,0.000000,0.080000,0.020000
38.712002,61.000000,61.000000,-0.870000,0.000000,0.000000,0.000000,0.000000,1.000000,0.000000,0.090000,0.010000
38.716999,65.000000,65.000000,-1.000000,0.000000,0.000000,0.000000,0.000000,1.000000,0.000000,0.100000,0.030000
38.722000,74.000000,74.000000,-1.020000,2.000000,2.000000,0.000000,0.000000,1.000000,0.000000,0.100000,0.000000
38.727001,76.000000,76.000000,-1.110000,2.000000,2.000000,0.000000,0.000000,1.000000,0.000000,0.110000,0.020000
38.731998,83.000000,83.000000,-1.230000,0.000000,0.000000,0.000000,0.000000,1.000000,0.000000,0.120000,0.020000
38.737000,91.000000,91.000000,-1.420000,0.000000,0.000000,0.000000,0.000000,1.000000,0.000000,0.140000,0.040000
38.742001,105.000000,105.000000,-1.470000,2.000000,2.000000,0.000000,0.000000,1.000000,0.000000,0.150000,0.010000
38.747002,108.000000,108.000000,-1.520000,2.000000,2.000000,0.000000,0.000000,1.000000,0.000000,0.150000,0.010000
38.751999,112.000000,112.000000,-1.750000,2.000000,2.000000,0.000000,0.000000,1.000000,0.000000,0.170000,0.050000
38.757000,127.000000,127.000000,-1.910000,2.000000,2.000000,0.000000,0.000000,1.000000,0.000000,0.190000,0.030000
38.762001,139.000000,139.000000,-2.110000,4.000000,4.000000,0.000000,0.000000,1.000000,0.000000,0.210000,0.040000
38.766998,152.000000,152.000000,-2.150000,4.000000,4.000000,0.000000,0.000000,1.000000,0.000000,0.210000,0.010000
38.771999,155.000000,155.000000,-2.150000,4.000000,4.000000,0.000000,0.000000,1.000000,0.000000,0.220000,0.000000
38.777000,155.000000,155.000000,-2.080000,4.000000,4.000000,0.000000,0.000000,1.000000,0.000000,0.210000,-0.020000
38.782001,150.000000,150.000000,-2.340000,8.000000,6.000000,0.000000,0.000000,1.000000,0.000000,0.230000,0.050000
38.786999,168.000000,168.000000,-2.470000,8.000000,6.000000,0.000000,0.000000,1.000000,0.000000,0.250000,0.030000
38.792000,176.000000,176.000000,-2.380000,4.000000,6.000000,0.000000,0.000000,1.000000,0.000000,0.240000,-0.020000
38.797001,171.000000,171.000000,-2.250000,4.000000,6.000000,0.000000,0.000000,1.000000,0.000000,0.230000,-0.030000
38.801998,162.000000,162.000000,-2.260000,8.000000,8.000000,0.000000,0.000000,1.000000,0.000000,0.230000,0.000000
38.806999,163.000000,163.000000,-2.240000,8.000000,8.000000,0.000000,0.000000,1.000000,0.000000,0.220000,0.000000
38.812000,161.000000,161.000000,-2.230000,6.000000,8.000000,0.000000,0.000000,1.000000,0.000000,0.220000,0.000000
38.817001,161.000000,161.000000,-2.080000,6.000000,8.000000,0.000000,0.000000,1.000000,0.000000,0.210000,-0.030000
38.821999,150.000000,150.000000,-2.130000,8.000000,8.000000,0.000000,0.000000,1.000000,0.000000,0.210000,0.010000
38.827000,154.000000,154.000000,-2.150000,8.000000,8.000000,0.000000,0.000000,1.000000,0.000000,0.220000,0.010000
38.832001,155.000000,155.000000,-2.110000,8.000000,6.000000,0.000000,0.000000,1.000000,0.000000,0.210000,-0.010000
38.837002,153.000000,153.000000,-1.940000,8.000000,6.000000,0.000000,0.000000,1.000000,0.000000,0.190000,-0.040000
38.841999,140.000000,140.000000,-1.930000,10.000000,10.000000,0.000000,0.000000,1.000000,0.000000,0.190000,0.000000
38.847000,140.000000,140.000000,-1.870000,10.000000,10.000000,0.000000,0.000000,1.000000,0.000000,0.190000,-0.010000
38.852001,136.000000,136.000000,-1.830000,8.000000,8.000000,0.000000,0.000000,1.000000,0.000000,0.180000,-0.010000
38.856998,134.000000,134.000000,-1.690000,8.000000,8.000000,0.000000,0.000000,1.000000,0.000000,0.170000,-0.030000
38.862000,123.000000,123.000000,-1.700000,8.000000,10.000000,0.000000,0.000000,1.000000,0.000000,0.170000,0.000000
38.867001,124.000000,124.000000,-1.670000,8.000000,10.000000,0.000000,0.000000,1.000000,0.000000,0.170000,-0.010000
38.872002,122.000000,122.000000,-1.640000,8.000000,6.000000,0.000000,0.000000,1.000000,0.000000,0.160000,-0.010000
38.876999,120.000000,120.000000,-1.560000,8.000000,6.000000,0.000000,0.000000,1.000000,0.000000,0.160000,-0.010000
38.882000,115.000000,115.000000,-1.450000,8.000000,8.000000,0.000000,0.000000,1.000000,0.000000,0.150000,-0.020000
38.887001,107.000000,107.000000,-1.410000,8.000000,8.000000,0.000000,0.000000,1.000000,0.000000,0.140000,-0.010000
38.891998,104.000000,104.000000,-1.270000,8.000000,8.000000,0.000000,0.000000,1.000000,0.000000,0.130000,-0.030000
38.896999,93.000000,93.000000,-1.200000,8.000000,8.000000,0.000000,0.000000,1.000000,0.000000,0.120000,-0.010000
38.902000,89.000000,89.000000,-1.100000,10.000000,8.000000,0.000000,0.000000,1.000000,0.000000,0.110000,-0.020000
38.907001,81.000000,81.000000,-1.070000,10.000000,8.000000,0.000000,0.000000,1.000000,0.000000,0.110000,-0.010000
38.911999,79.000000,79.000000,-0.960000,8.000000,6.000000,0.000000,0.000000,1.000000,0.000000,0.100000,-0.020000
38.917000,71.000000,71.000000,-0.870000,8.000000,6.000000,0.000000,0.000000,1.000000,0.000000,0.090000,-0.020000
38.922001,65.000000,65.000000,-0.840000,8.000000,6.000000,0.000000,0.000000,1.000000,0.000000,0.080000,-0.010000
38.926998,63.000000,63.000000,-0.870000,8.000000,6.000000,0.000000,0.000000,1.000000,0.000000,0.090000,0.010000
38.931999,65.000000,65.000000,-0.750000,6.000000,4.000000,0.000000,0.000000,1.000000,0.000000,0.070000,-0.020000
38.937000,56.000000,56.000000,-0.650000,6.000000,4.000000,0.000000,0.000000,1.000000,0.000000,0.070000,-0.020000
38.942001,49.000000,49.000000,-0.530000,6.000000,6.000000,0.000000,0.000000,1.000000,0.000000,0.050000,-0.020000
38.946999,39.000000,39.000000,-0.510000,6.000000,6.000000,0.000000,0.000000,1.000000,0.000000,0.050000,0.000000
38.952000,38.000000,38.000000,-0.450000,4.000000,6.000000,0.000000,0.000000,1.000000,0.000000,0.040000,-0.010000
38.957001,34.000000,34.000000,-0.360000,4.000000,6.000000,0.000000,0.000000,1.000000,0.000000,0.040000,-0.020000
38.962002,27.000000,27.000000,-0.280000,6.000000,6.000000,0.000000,0.000000,1.000000,0.000000,0.030000,-0.020000
38.966999,21.000000,21.000000,-0.250000,6.000000,6.000000,0.000000,0.000000,1.000000,0.000000,0.020000,-0.010000
38.972000,19.000000,19.000000,-0.150000,4.000000,4.000000,0.000000,0.000000,1.000000,0.000000,0.010000,-0.020000
38.977001,11.000000,11.000000,-0.080000,4.000000,4.000000,0.000000,0.000000,1.000000,0.000000,0.010000,-0.010000
38.981998,6.000000,6.000000,0.000000,4.000000,0.000000,0.000000,0.000000,1.000000,0.000000,0.000000,-0.020000
38.987000,-1.000000,-1.000000,0.020000,4.000000,0.000000,0.000000,0.000000,1.000000,0.000000,0.000000,0.000000
38.992001,-2.000000,-2.000000,0.080000,2.000000,2.000000,0.000000,0.000000,1.000000,0.000000,-0.010000,-0.010000
38.997002,-7.000000,-7.000000,0.150000,2.000000,2.000000,0.000000,0.000000,1.000000,0.000000,-0.010000,-0.010000
39.001999,-12.000000,-12.000000,0.210000,2.000000,2.000000,0.000000,0.000000,1.000000,0.000000,-0.020000,-0.010000
39.007000,-17.000000,-17.000000,0.250000,2.000000,2.000000,0.000000,0.000000,1.000000,0.000000,-0.030000,-0.010000
39.012001,-20.000000,-20.000000,0.270000,2.000000,2.000000,0.000000,0.000000,1.000000,0.000000,-0.030000,0.000000
39.016998,-21.000000,-21.000000,0.330000,2.000000,2.000000,0.000000,0.000000,1.000000,0.000000,-0.030000,-0.010000
39.021999,-26.000000,-26.000000,0.380000,0.000000,0.000000,0.000000,0.000000,1.000000,0.000000,-0.040000,-0.010000
39.027000,-30.000000,-30.000000,0.450000,0.000000,0.000000,0.000000,0.000000,1.000000,0.000000,-0.040000,-0.010000
39.032001,-35.000000,-35.000000,0.460000,2.000000,0.000000,0.000000,0.000000,1.000000,0.000000,-0.050000,0.000000
39.036999,-36.000000,-36.000000,0.480000,2.000000,0.000000,0.000000,0.000000,1.000000,0.000000,-0.050000,0.000000
39.042000,-37.000000,-37.000000,0.470000,0.000000,0.000000,0.000000,0.000000,1.000000,0.000000,-0.050000,0.000000
39.047001,-36.000000,-36.000000,0.470000,0.000000,0.000000,0.000000,0.000000,1.000000,0.000000,-0.050000,0.000000
39.051998,-37.000000,-37.000000,0.460000,0.000000,0.000000,0.000000,0.000000,1.000000,0.000000,-0.050000,0.000000
39.056999,-36.000000,-36.000000,0.580000,0.000000,0.000000,0.000000,0.000000,1.000000,0.000000,-0.060000,-0.020000
39.062000,-46.000000,-46.000000,0.590000,-2.000000,0.000000,0.000000,0.000000,1.000000,0.000000,-0.060000,0.000000
39.067001,-46.000000,-46.000000,0.660000,-2.000000,0.000000,0.000000,0.000000,1.000000,0.000000,-0.070000,-0.010000
39.071999,-52.000000,-52.000000,0.730000,-2.000000,-2.000000,0.000000,0.000000,1.000000,0.000000,-0.070000,-0.010000
39.077000,-57.000000,-57.000000,0.890000,-2.000000,-2.000000,0.000000,0.000000,1.000000,0.000000,-0.090000,-0.030000
39.082001,-70.000000,-70.000000,0.940000,-2.000000,-2.000000,0.000000,0.000000,1.000000,0.000000,-0.090000,-0.010000
39.087002,-73.000000,-73.000000,1.100000,-2.000000,-2.000000,0.000000,0.000000,1.000000,0.000000,-0.110000,-0.030000
39.091999,-86.000000,-86.000000,1.280000,-2.000000,-2.000000,0.000000,0.000000,1.000000,0.000000,-0.130000,-0.030000
39.097000,-100.000000,-100.000000,1.400000,-2.000000,-2.000000,0.000000,0.000000,1.000000,0.000000,-0.140000,-0.030000
39.102001,-109.000000,-109.000000,1.530000,-2.000000,-40.000000,0.000000,0.000000,1.000000,0.000000,-0.150000,-0.030000
39.106998,-120.000000,-120.000000,1.610000,-2.000000,-40.000000,0.000000,0.000000,1.000000,0.000000,-0.160000,-0.020000
39.112000,-125.000000,-125.000000,1.700000,-2.000000,-4.000000,0.000000,0.000000,1.000000,0.000000,-0.170000,-0.020000
39.117001,-132.000000,-132.000000,1.790000,-2.000000,-4.000000,0.000000,0.000000,1.000000,0.000000,-0.180000,-0.020000
39.122002,-139.000000,-139.000000,1.990000,-4.000000,-6.000000,0.000000,0.000000,1.000000,0.000000,-0.200000,-0.040000
39.126999,-156.000000,-156.000000,2.110000,-4.000000,-6.000000,0.000000,0.000000,1.000000,0.000000,-0.210000,-0.020000
39.132000,-164.000000,-164.000000,2.150000,-4.000000,-4.000000,0.000000,0.000000,1.000000,0.000000,-0.220000,-0.010000
39.137001,-167.000000,-167.000000,2.130000,-4.000000,-4.000000,0.000000,0.000000,1.000000,0.000000,-0.210000,0.000000
39.141998,-165.000000,-165.000000,2.300000,-8.000000,-8.000000,0.000000,0.000000,1.000000,0.000000,-0.230000,-0.030000
39.146999,-180.000000,-180.000000,2.370000,-8.000000,-8.000000,0.000000,0.000000,1.000000,0.000000,-0.240000,-0.010000
39.152000,-184.000000,-184.000000,2.320000,-6.000000,-6.000000,0.000000,0.000000,1.000000,0.000000,-0.230000,0.010000
39.157001,-179.000000,-179.000000,2.270000,-6.000000,-6.000000,0.000000,0.000000,1.000000,0.000000,-0.230000,0.010000
39.161999,-175.000000,-175.000000,2.350000,-8.000000,-8.000000,0.000000,0.000000,1.000000,0.000000,-0.230000,-0.020000
39.167000,-183.000000,-183.000000,2.330000,-8.000000,-8.000000,0.000000,0.000000,1.000000,0.000000,-0.230000,0.000000
39.172001,-180.000000,-180.000000,2.320000,-8.000000,-8.000000,0.000000,0.000000,1.000000,0.000000,-0.230000,0.000000
39.176998,-179.000000,-179.000000,2.200000,-8.000000,-8.000000,0.000000,0.000000,1.000000,0.000000,-0.220000,0.020000
39.181999,-169.000000,-169.000000,2.230000,-8.000000,-12.000000,0.000000,0.000000,1.000000,0.000000,-0.220000,-0.010000
39.187000,-173.000000,-173.000000,2.170000,-8.000000,-12.000000,0.000000,0.000000,1.000000,0.000000,-0.220000,0.010000
39.192001,-168.000000,-168.000000,2.120000,-6.000000,-10.000000,0.000000,0.000000,1.000000,0.000000,-0.210000,0.010000
39.196999,-164.000000,-164.000000,1.940000,-6.000000,-10.000000,0.000000,0.000000,1.000000,0.000000,-0.190000,0.040000
39.202000,-149.000000,-149.000000,1.890000,-10.000000,-10.000000,0.000000,0.000000,1.000000,0.000000,-0.190000,0.010000
39.207001,-146.000000,-146.000000,1.620000,-10.000000,-10.000000,0.000000,0.000000,1.000000,0.000000,-0.160000,0.050000
39.212002,-124.000000,-124.000000,1.540000,-6.000000,-10.000000,0.000000,0.000000,1.000000,0.000000,-0.150000,0.020000
39.216999,-119.000000,-119.000000,1.400000,-6.000000,-10.000000,0.000000,0.000000,1.000000,0.000000,-0.140000,0.030000
39.222000,-108.000000,-108.000000,1.340000,-8.000000,-12.000000,0.000000,0.000000,1.000000,0.000000,-0.130000,0.010000
39.227001,-104.000000,-104.000000,1.160000,-8.000000,-12.000000,0.000000,0.000000,1.000000,0.000000,-0.120000,0.040000
39.231998,-89.000000,-89.000000,0.960000,-8.000000,-10.000000,0.000000,0.000000,1.000000,0.000000,-0.100000,0.040000
39.237000,-73.000000,-73.000000,0.750000,-8.000000,-10.000000,0.000000,0.000000,1.000000,0.000000,-0.070000,0.040000
39.242001,-57.000000,-57.000000,0.510000,-8.000000,-10.000000,0.000000,0.000000,1.000000,0.000000,-0.050000,0.050000
39.247002,-39.000000,-39.000000,0.260000,-8.000000,-10.000000,0.000000,0.000000,1.000000,0.000000,-0.030000,0.050000
39.251999,-20.000000,-20.000000,0.040000,-6.000000,-8.000000,0.000000,0.000000,1.000000,0.000000,0.000000,0.040000
39.257000,-3.000000,-3.000000,-0.100000,-6.000000,-8.000000,0.000000,0.000000,1.000000,0.000000,0.010000,0.030000
39.262001,8.000000,8.000000,-0.280000,-6.000000,-8.000000,0.000000,0.000000,1.000000,0.000000,0.030000,0.040000
39.266998,21.000000,21.000000,-0.430000,-6.000000,-8.000000,0.000000,0.000000,1.000000,0.000000,0.040000,0.030000
39.271999,32.000000,32.000000,-0.570000,-4.000000,-6.000000,0.000000,0.000000,1.000000,0.000000,0.060000,0.030000
39.277000,43.000000,43.000000,-0.720000,-4.000000,-6.000000,0.000000,0.000000,1.000000,0.000000,0.070000,0.030000
39.282001,54.000000,54.000000,-0.870000,-2.000000,-4.000000,0.000000,0.000000,1.000000,0.000000,0.090000,0.030000
39.286999,65.000000,65.000000,-1.030000,-2.000000,-4.000000,0.000000,0.000000,1.000000,0.000000,0.100000,0.030000
39.292000,77.000000,77.000000,-1.050000,-2.000000,-4.000000,0.000000,0.000000,1.000000,0.000000,0.100000,0.000000
39.297001,78.000000,78.000000,-1.050000,-2.000000,-4.000000,0.000000,0.000000,1.000000,0.000000,0.110000,0.000000
39.301998,78.000000,78.000000,-1.000000,-2.000000,-2.000000,0.000000,0.000000,1.000000,0.000000,0.100000,-0.010000
39.306999,74.000000,74.000000,-0.910000,-2.000000,-2.000000,0.000000,0.000000,1.000000,0.000000,0.090000,-0.020000
39.312000,68.000000,68.000000,-0.840000,0.000000,0.000000,0.000000,0.000000,1.000000,0.000000,0.080000,-0.010000
39.317001,63.000000,63.000000,-0.770000,0.000000,0.000000,0.000000,0.000000,1.000000,0.000000,0.080000,-0.010000
39.321999,58.000000,58.000000,-0.630000,2.000000,0.000000,0.000000,0.000000,1.000000,0.000000,0.060000,-0.030000
39.327000,47.000000,47.000000,-0.450000,2.000000,0.000000,0.000000,0.000000,1.000000,0.000000,0.050000,-0.030000
39.332001,33.000000,33.000000,-0.290000,2.000000,0.000000,0.000000,0.000000,1.000000,0.000000,0.030000,-0.030000
39.337002,21.000000,21.000000,-0.230000,2.000000,0.000000,0.000000,0.000000,1.000000,0.000000,0.020000,-0.010000
39.341999,17.000000,17.000000,-0.110000,0.000000,0.000000,0.000000,0.000000,1.000000,0.000000,0.010000,-0.030000
39.347000,7.000000,7.000000,-0.010000,0.000000,0.000000,0.000000,0.000000,1.000000,0.000000,0.000000,-0.020000
39.352001,0.000000,0.000000,0.120000,2.000000,0.000000,0.000000,0.000000,1.000000,0.000000,-0.010000,-0.030000
39.356998,-10.000000,-10.000000,0.230000,2.000000,0.000000,0.000000,0.000000,1.000000,0.000000,-0.020000,-0.020000
39.362000,-18.000000,-18.000000,0.330000,0.000000,0.000000,0.000000,0.000000,1.000000,0.000000,-0.030000,-0.020000
39.367001,-26.000000,-26.000000,0.400000,0.000000,0.000000,0.000000,0.000000,1.000000,0.000000,-0.040000,-0.010000
39.372002,-32.000000,-32.000000,0.460000,0.000000,0.000000,0.000000,0.000000,1.000000,0.000000,-0.050000,-0.010000
39.376999,-36.000000,-36.000000,0.570000,0.000000,0.000000,0.000000,0.000000,1.000000,0.000000,-0.060000,-0.020000
39.382000,-45.000000,-45.000000,0.620000,0.000000,0.000000,0.000000,0.000000,1.000000,0.000000,-0.060000,-0.010000
39.387001,-48.000000,-48.000000,0.650000,0.000000,0.000000,0.000000,0.000000,1.000000,0.000000,-0.060000,-0.010000
39.391998,-50.000000,-50.000000,0.640000,0.000000,0.000000,0.000000,0.000000,1.000000,0.000000,-0.060000,0.000000
39.396999,-50.000000,-50.000000,0.680000,0.000000,0.000000,0.000000,0.000000,1.000000,0.000000,-0.070000,-0.010000
39.402000,-54.000000,-54.000000,0.660000,-2.000000,-2.000000,0.000000,0.000000,1.000000,0.000000,-0.070000,0.000000
39.407001,-51.000000,-51.000000,0.640000,-2.000000,-2.000000,0.000000,0.000000,1.000000,0.000000,-0.060000,0.000000
39.411999,-50.000000,-50.000000,0.660000,-2.000000,-2.000000,0.000000,0.000000,1.000000,0.000000,-0.070000,0.000000
39.417000,-51.000000,-51.000000,0.690000,-2.000000,-2.000000,0.000000,0.000000,1.000000,0.000000,-0.070000,-0.010000
39.422001,-54.000000,-54.000000,0.640000,-2.000000,0.000000,0.000000,0.000000,1.000000,0.000000,-0.060000,0.010000
39.426998,-50.000000,-50.000000,0.640000,-2.000000,0.000000,0.000000,0.000000,1.000000,0.000000,-0.060000,0.000000
39.431999,-50.000000,-50.000000,0.670000,-2.000000,-2.000000,0.000000,0.000000,1.000000,0.000000,-0.070000,-0.010000
39.437000,-52.000000,-52.000000,0.650000,-2.000000,-2.000000,0.000000,0.000000,1.000000,0.000000,-0.070000,0.000000
39.442001,-51.000000,-51.000000,0.540000,-2.000000,-2.000000,0.000000,0.000000,1.000000,0.000000,-0.050000,0.020000
39.446999,-42.000000,-42.000000,0.450000,-2.000000,-2.000000,0.000000,0.000000,1.000000,0.000000,-0.040000,0.020000
39.452000,-35.000000,-35.000000,0.350000,-2.000000,0.000000,0.000000,0.000000,1.000000,0.000000,-0.030000,0.020000
39.457001,-27.000000,-27.000000,0.260000,-2.000000,0.000000,0.000000,0.000000,1.000000,0.000000,-0.030000,0.020000
39.462002,-20.000000,-20.000000,0.130000,-2.000000,-2.000000,0.000000,0.000000,1.000000,0.000000,-0.010000,0.030000
39.466999,-10.000000,-10.000000,0.030000,-2.000000,-2.000000,0.000000,0.000000,1.000000,0.000000,0.000000,0.020000
39.472000,-3.000000,-3.000000,-0.140000,-2.000000,-2.000000,0.000000,0.000000,1.000000,0.000000,0.010000,0.030000
39.477001,11.000000,11.000000,-0.290000,-2.000000,-2.000000,0.000000,0.000000,1.000000,0.000000,0.030000,0.030000
39.481998,22.000000,22.000000,-0.430000,-2.000000,0.000000,0.000000,0.000000,1.000000,0.000000,0.040000,0.030000
39.487000,33.000000,33.000000,-0.540000,-2.000000,0.000000,0.000000,0.000000,1.000000,0.000000,0.050000,0.020000
39.492001,40.000000,40.000000,-0.640000,-2.000000,0.000000,0.000000,0.000000,1.000000,0.000000,0.060000,0.020000
39.497002,48.000000,48.000000,-0.740000,-2.000000,0.000000,0.000000,0.000000,1.000000,0.000000,0.070000,0.020000
39.501999,55.000000,55.000000,-0.840000,0.000000,0.000000,0.000000,0.000000,1.000000,0.000000,0.080000,0.020000
39.507000,63.000000,63.000000,-0.950000,0.000000,0.000000,0.000000,0.000000,1.000000,0.000000,0.100000,0.020000
39.512001,71.000000,71.000000,-1.020000,0.000000,0.000000,0.000000,0.000000,1.000000,0.000000,0.100000,0.010000
39.516998,76.000000,76.000000,-1.200000,0.000000,0.000000,0.000000,0.000000,1.000000,0.000000,0.120000,0.030000
39.521999,89.000000,89.000000,-1.210000,2.000000,2.000000,0.000000,0.000000,1.000000,0.000000,0.120000,0.000000
39.527000,90.000000,90.000000,-1.300000,2.000000,2.000000,0.000000,0.000000,1.000000,0.000000,0.130000,0.020000
39.532001,96.000000,96.000000,-1.380000,0.000000,2.000000,0.000000,0.000000,1.000000,0.000000,0.140000,0.020000
39.536999,102.000000,102.000000,-1.610000,0.000000,2.000000,0.000000,0.000000,1.000000,0.000000,0.160000,0.050000
39.542000,118.000000,118.000000,-1.670000,4.000000,4.000000,0.000000,0.000000,1.000000,0.000000,0.170000,0.010000
39.547001,122.000000,122.000000,-1.750000,4.000000,4.000000,0.000000,0.000000,1.000000,0.000000,0.180000,0.020000
39.551998,128.000000,128.000000,-1.770000,2.000000,2.000000,0.000000,0.000000,1.000000,0.000000,0.180000,0.000000
39.556999,129.000000,129.000000,-1.850000,2.000000,2.000000,0.000000,0.000000,1.000000,0.000000,0.190000,0.020000
39.562000,135.000000,135.000000,-1.950000,6.000000,4.000000,0.000000,0.000000,1.000000,0.000000,0.190000,0.020000
39.567001,141.000000,141.000000,-1.960000,6.000000,4.000000,0.000000,0.000000,1.000000,0.000000,0.200000,0.000000
39.571999,142.000000,142.000000,-1.870000,4.000000,6.000000,0.000000,0.000000,1.000000,0.000000,0.190000,-0.020000
39.577000,136.000000,136.000000,-1.710000,4.000000,6.000000,0.000000,0.000000,1.000000,0.000000,0.170000,-0.030000
39.582001,124.000000,124.000000,-1.770000,6.000000,6.000000,0.000000,0.000000,1.000000,0.000000,0.180000,0.010000
39.587002,129.000000,129.000000,-1.810000,6.000000,6.000000,0.000000,0.000000,1.000000,0.000000,0.180000,0.010000
39.591999,132.000000,132.000000,-1.750000,6.000000,6.000000,0.000000,0.000000,1.000000,0.000000,0.170000,-0.010000
39.597000,127.000000,127.000000,-1.530000,6.000000,6.000000,0.000000,0.000000,1.000000,0.000000,0.150000,-0.040000
39.602001,112.000000,112.000000,-1.480000,8.000000,8.000000,0.000000,0.000000,1.000000,0.000000,0.150000,-0.010000
39.606998,108.000000,108.000000,-1.390000,8.000000,8.000000,0.000000,0.000000,1.000000,0.000000,0.140000,-0.020000
39.612000,102.000000,102.000000,-1.310000,6.000000,6.000000,0.000000,0.000000,1.000000,0.000000,0.130000,-0.020000
39.617001,97.000000,97.000000,-1.220000,6.000000,6.000000,0.000000,0.000000,1.000000,0.000000,0.120000,-0.020000
39.622002,90.000000,90.000000,-1.160000,8.000000,6.000000,0.000000,0.000000,1.000000,0.000000,0.120000,-0.010000
39.626999,86.000000,86.000000,-1.130000,8.000000,6.000000,0.000000,0.000000,1.000000,0.000000,0.110000,-0.010000
39.632000,84.000000,84.000000,-1.020000,6.000000,6.000000,0.000000,0.000000,1.000000,0.000000,0.100000,-0.020000
39.637001,76.000000,76.000000,-0.900000,6.000000,6.000000,0.000000,0.000000,1.000000,0.000000,0.090000,-0.020000
39.641998,67.000000,67.000000,-0.840000,8.000000,8.000000,0.000000,0.000000,1.000000,0.000000,0.080000,-0.010000
39.646999,63.000000,63.000000,-0.830000,8.000000,8.000000,0.000000,0.000000,1.000000,0.000000,0.080000,0.000000
39.652000,62.000000,62.000000,-0.760000,6.000000,6.000000,0.000000,0.000000,1.000000,0.000000,0.080000,-0.010000
39.657001,57.000000,57.000000,-0.710000,6.000000,6.000000,0.000000,0.000000,1.000000,0.000000,0.070000,-0.010000
39.661999,53.000000,53.000000,-0.650000,44.000000,6.000000,0.000000,0.000000,1.000000,0.000000,0.060000,-0.010000
39.667000,48.000000,48.000000,-0.700000,44.000000,6.000000,0.000000,0.000000,1.000000,0.000000,0.070000,0.010000
39.672001,52.000000,52.000000,-0.730000,4.000000,4.000000,0.000000,0.000000,1.000000,0.000000,0.070000,0.010000
39.676998,54.000000,54.000000,-0.760000,4.000000,4.000000,0.000000,0.000000,1.000000,0.000000,0.080000,0.010000
39.681999,57.000000,57.000000,-0.800000,4.000000,4.000000,0.000000,0.000000,1.000000,0.000000,0.080000,0.010000
39.687000,60.000000,60.000000,-0.930000,4.000000,4.000000,0.000000,0.000000,1.000000,0.000000,0.090000,0.030000
39.692001,70.000000,70.000000,-0.960000,4.000000,4.000000,0.000000,0.000000,1.000000,0.000000,0.100000,0.010000
39.696999,72.000000,72.000000,-1.030000,4.000000,4.000000,0.000000,0.000000,1.000000,0.000000,0.100000,0.010000
39.702000,76.000000,76.000000,-1.120000,6.000000,4.000000,0.000000,0.000000,1.000000,0.000000,0.110000,0.020000
39.707001,83.000000,83.000000,-1.320000,6.000000,4.000000,0.000000,0.000000,1.000000,0.000000,0.130000,0.040000
39.712002,98.000000,98.000000,-1.340000,4.000000,4.000000,0.000000,0.000000,1.000000,0.000000,0.130000,0.000000
39.716999,99.000000,99.000000,-1.450000,4.000000,4.000000,0.000000,0.000000,1.000000,0.000000,0.140000,0.020000
39.722000,106.000000,106.000000,-1.550000,6.000000,6.000000,0.000000,0.000000,1.000000,0.000000,0.160000,0.020000
39.727001,114.000000,114.000000,-1.750000,6.000000,6.000000,0.000000,0.000000,1.000000,0.000000,0.170000,0.040000
39.731998,127.000000,127.000000,-1.700000,4.000000,4.000000,0.000000,0.000000,1.000000,0.000000,0.170000,-0.010000
39.737000,124.000000,124.000000,-1.690000,4.000000,4.000000,0.000000,0.000000,1.000000,0.000000,0.170000,0.000000
39.742001,124.000000,124.000000,-1.670000,6.000000,6.000000,0.000000,0.000000,1.000000,0.000000,0.170000,0.000000
39.747002,122.000000,122.000000,-1.760000,6.000000,6.000000,0.000000,0.000000,1.000000,0.000000,0.180000,0.020000
39.751999,129.000000,129.000000,-1.690000,6.000000,6.000000,0.000000,0.000000,1.000000,0.000000,0.170000,-0.010000
39.757000,123.000000,123.000000,-1.560000,6.000000,6.000000,0.000000,0.000000,1.000000,0.000000,0.160000,-0.030000
39.762001,114.000000,114.000000,-1.510000,6.000000,8.000000,0.000000,0.000000,1.000000,0.000000,0.150000,-0.010000
39.766998,111.000000,111.000000,-1.480000,6.000000,8.000000,0.000000,0.000000,1.000000,0.000000,0.150000,-0.010000
39.771999,109.000000,109.000000,-1.340000,8.000000,6.000000,0.000000,0.000000,1.000000,0.000000,0.130000,-0.030000
39.777000,99.000000,99.000000,-1.110000,8.000000,6.000000,0.000000,0.000000,1.000000,0.000000,0.110000,-0.050000
39.782001,82.000000,82.000000,-0.980000,8.000000,6.000000,0.000000,0.000000,1.000000,0.000000,0.100000,-0.030000
39.786999,72.000000,72.000000,-0.900000,8.000000,6.000000,0.000000,0.000000,1.000000,0.000000,0.090000,-0.010000
39.792000,67.000000,67.000000,-0.750000,6.000000,6.000000,0.000000,0.000000,1.000000,0.000000,0.080000,-0.030000
39.797001,56.000000,56.000000,-0.510000,6.000000,6.000000,0.000000,0.000000,1.000000,0.000000,0.050000,-0.050000
39.801998,38.000000,38.000000,-0.240000,6.000000,6.000000,0.000000,0.000000,1.000000,0.000000,0.020000,-0.050000
39.806999,17.000000,17.000000,-0.090000,6.000000,6.000000,0.000000,0.000000,1.000000,0.000000,0.010000,-0.030000
39.812000,6.000000,6.000000,0.120000,6.000000,4.000000,0.000000,0.000000,1.000000,0.000000,-0.010000,-0.040000
39.817001,-10.000000,-10.000000,0.270000,6.000000,4.000000,0.000000,0.000000,1.000000,0.000000,-0.030000,-0.030000
39.821999,-21.000000,-21.000000,0.440000,6.000000,6.000000,0.000000,0.000000,1.000000,0.000000,-0.040000,-0.040000
39.827000,-35.000000,-35.000000,0.580000,6.000000,6.000000,0.000000,0.000000,1.000000,0.000000,-0.060000,-0.030000
39.832001,-45.000000,-45.000000,0.700000,4.000000,4.000000,0.000000,0.000000,1.000000,0.000000,-0.070000,-0.020000
39.837002,-55.000000,-55.000000,0.850000,4.000000,4.000000,0.000000,0.000000,1.000000,0.000000,-0.080000,-0.030000
39.841999,-67.000000,-67.000000,0.960000,2.000000,2.000000,0.000000,0.000000,1.000000,0.000000,-0.100000,-0.020000
39.847000,-75.000000,-75.000000,1.050000,2.000000,2.000000,0.000000,0.000000,1.000000,0.000000,-0.110000,-0.020000
39.852001,-82.000000,-82.000000,1.050000,2.000000,0.000000,0.000000,0.000000,1.000000,0.000000,-0.110000,0.000000
39.856998,-82.000000,-82.000000,1.060000,2.000000,0.000000,0.000000,0.000000,1.000000,0.000000,-0.110000,0.000000
39.862000,-83.000000,-83.000000,1.060000,-2.000000,0.000000,0.000000,0.000000,1.000000,0.000000,-0.110000,0.000000
39.867001,-82.000000,-82.000000,1.030000,-2.000000,0.000000,0.000000,0.000000,1.000000,0.000000,-0.100000,0.010000
39.872002,-80.000000,-80.000000,0.990000,0.000000,-2.000000,0.000000,0.000000,1.000000,0.000000,-0.100000,0.010000
39.876999,-76.000000,-76.000000,1.010000,0.000000,-2.000000,0.000000,0.000000,1.000000,0.000000,-0.100000,0.000000
39.882000,-79.000000,-79.000000,0.940000,-2.000000,-4.000000,0.000000,0.000000,1.000000,0.000000,-0.090000,0.010000
39.887001,-73.000000,-73.000000,0.840000,-2.000000,-4.000000,0.000000,0.000000,1.000000,0.000000,-0.080000,0.020000
39.891998,-65.000000,-65.000000,0.760000,-2.000000,-2.000000,0.000000,0.000000,1.000000,0.000000,-0.080000,0.020000
39.896999,-59.000000,-59.000000,0.850000,-2.000000,-2.000000,0.000000,0.000000,1.000000,0.000000,-0.090000,-0.020000
39.902000,-67.000000,-67.000000,0.890000,-4.000000,-4.000000,0.000000,0.000000,1.000000,0.000000,-0.090000,-0.010000
39.907001,-69.000000,-69.000000,0.820000,-4.000000,-4.000000,0.000000,0.000000,1.000000,0.000000,-0.080000,0.010000
39.911999,-64.000000,-64.000000,0.640000,-2.000000,-42.000000,0.000000,0.000000,1.000000,0.000000,-0.060000,0.040000
39.917000,-49.000000,-49.000000,0.600000,-2.000000,-42.000000,0.000000,0.000000,1.000000,0.000000,-0.060000,0.010000
39.922001,-47.000000,-47.000000,0.570000,-2.000000,-4.000000,0.000000,0.000000,1.000000,0.000000,-0.060000,0.010000
39.926998,-45.000000,-45.000000,0.560000,-2.000000,-4.000000,0.000000,0.000000,1.000000,0.000000,-0.060000,0.000000
39.931999,-44.000000,-44.000000,0.480000,-2.000000,-4.000000,0.000000,0.000000,1.000000,0.000000,-0.050000,0.020000
39.937000,-38.000000,-38.000000,0.480000,-2.000000,-4.000000,0.000000,0.000000,1.000000,0.000000,-0.050000,0.000000
39.942001,-37.000000,-37.000000,0.500000,-4.000000,-4.000000,0.000000,0.000000,1.000000,0.000000,-0.050000,0.000000
39.946999,-39.000000,-39.000000,0.600000,-4.000000,-4.000000,0.000000,0.000000,1.000000,0.000000,-0.060000,-0.020000
39.952000,-47.000000,-47.000000,0.620000,-2.000000,-4.000000,0.000000,0.000000,1.000000,0.000000,-0.060000,0.000000
39.957001,-49.000000,-49.000000,0.670000,-2.000000,-4.000000,0.000000,0.000000,1.000000,0.000000,-0.070000,-0.010000
39.962002,-52.000000,-52.000000,0.760000,-4.000000,-4.000000,0.000000,0.000000,1.000000,0.000000,-0.080000,-0.020000
39.966999,-60.000000,-60.000000,0.910000,-4.000000,-4.000000,0.000000,0.000000,1.000000,0.000000,-0.090000,-0.030000
39.972000,-71.000000,-71.000000,0.980000,-2.000000,-2.000000,0.000000,0.000000,1.000000,0.000000,-0.100000,-0.010000
39.977001,-76.000000,-76.000000,1.100000,-2.000000,-2.000000,0.000000,0.000000,1.000000,0.000000,-0.110000,-0.020000
39.981998,-86.000000,-86.000000,1.280000,-4.000000,-4.000000,0.000000,0.000000,1.000000,0.000000,-0.130000,-0.040000
39.987000,-100.000000,-100.000000,1.460000,-4.000000,-4.000000,0.000000,0.000000,1.000000,0.000000,-0.150000,-0.040000
39.992001,-115.000000,-115.000000,1.540000,-2.000000,-4.000000,0.000000,0.000000,1.000000,0.000000,-0.150000,-0.010000
39.997002,-120.000000,-120.000000,1.720000,-2.000000,-4.000000,0.000000,0.000000,1.000000,0.000000,-0.170000,-0.040000
40.001999,-134.000000,-134.000000,1.890000,-4.000000,-4.000000,0.000000,0.000000,1.000000,0.000000,-0.190000,-0.030000
40.007000,-147.000000,-147.000000,2.070000,-4.000000,-4.000000,0.000000,0.000000,1.000000,0.000000,-0.210000,-0.040000
40.012001,-162.000000,-162.000000,2.170000,-4.000000,-6.000000,0.000000,0.000000,1.000000,0.000000,-0.220000,-0.020000
40.016998,-169.000000,-169.000000,2.290000,-4.000000,-6.000000,0.000000,0.000000,1.000000,0.000000,-0.230000,-0.020000
40.021999,-178.000000,-178.000000,2.540000,-6.000000,-6.000000,0.000000,0.000000,1.000000,0.000000,-0.250000,-0.050000
40.027000,-199.000000,-199.000000,2.710000,-6.000000,-6.000000,0.000000,0.000000,1.000000,0.000000,-0.270000,-0.030000
40.032001,-212.000000,-212.000000,2.780000,-6.000000,-4.000000,0.000000,0.000000,1.000000,0.000000,-0.280000,-0.010000
40.036999,-216.000000,-216.000000,2.790000,-6.000000,-4.000000,0.000000,0.000000,1.000000,0.000000,-0.280000,0.000000
40.042000,-216.000000,-216.000000,3.060000,-8.000000,-10.000000,0.000000,0.000000,1.000000,0.000000,-0.310000,-0.050000
40.047001,-240.000000,-240.000000,3.100000,-8.000000,-10.000000,0.000000,0.000000,1.000000,0.000000,-0.310000,-0.010000
40.051998,-241.000000,-241.000000,3.190000,-8.000000,-8.000000,0.000000,0.000000,1.000000,0.000000,-0.320000,-0.020000
40.056999,-248.000000,-248.000000,3.080000,-8.000000,-8.000000,0.000000,0.000000,1.000000,0.000000,-0.310000,0.020000
40.062000,-236.000000,-236.000000,3.260000,-10.000000,-10.000000,0.000000,0.000000,1.000000,0.000000,-0.330000,-0.040000
40.067001,-255.000000,-255.000000,3.210000,-10.000000,-10.000000,0.000000,0.000000,1.000000,0.000000,-0.320000,0.010000
40.071999,-248.000000,-248.000000,3.260000,-10.000000,-8.000000,0.000000,0.000000,1.000000,0.000000,-0.330000,-0.010000
40.077000,-253.000000,-253.000000,3.020000,-10.000000,-8.000000,0.000000,0.000000,1.000000,0.000000,-0.300000,0.050000
40.082001,-230.000000,-230.000000,3.050000,-14.000000,-14.000000,0.000000,0.000000,1.000000,0.000000,-0.310000,-0.010000
40.087002,-237.000000,-237.000000,2.910000,-14.000000,-14.000000,0.000000,0.000000,1.000000,0.000000,-0.290000,0.030000
40.091999,-223.000000,-223.000000,2.860000,-10.000000,-12.000000,0.000000,0.000000,1.000000,0.000000,-0.290000,0.010000
40.097000,-221.000000,-221.000000,2.570000,-10.000000,-12.000000,0.000000,0.000000,1.000000,0.000000,-0.260000,0.060000
40.102001,-195.000000,-195.000000,2.510000,-14.000000,-14.000000,0.000000,0.000000,1.000000,0.000000,-0.250000,0.010000
40.106998,-194.000000,-194.000000,2.150000,-14.000000,-14.000000,0.000000,0.000000,1.000000,0.000000,-0.220000,0.070000
40.112000,-162.000000,-162.000000,2.000000,-12.000000,-12.000000,0.000000,0.000000,1.000000,0.000000,-0.200000,0.030000
40.117001,-154.000000,-154.000000,1.730000,-12.000000,-12.000000,0.000000,0.000000,1.000000,0.000000,-0.170000,0.050000
40.122002,-131.000000,-131.000000,1.560000,-14.000000,-14.000000,0.000000,0.000000,1.000000,0.000000,-0.160000,0.030000
40.126999,-119.000000,-119.000000,1.250000,-14.000000,-14.000000,0.000000,0.000000,1.000000,0.000000,-0.130000,0.060000
40.132000,-95.000000,-95.000000,0.960000,-12.000000,-12.000000,0.000000,0.000000,1.000000,0.000000,-0.100000,0.060000
40.137001,-73.000000,-73.000000,0.670000,-12.000000,-12.000000,0.000000,0.000000,1.000000,0.000000,-0.070000,0.060000
40.141998,-51.000000,-51.000000,0.370000,-12.000000,-12.000000,0.000000,0.000000,1.000000,0.000000,-0.040000,0.060000
40.146999,-28.000000,-28.000000,0.010000,-12.000000,-12.000000,0.000000,0.000000,1.000000,0.000000,0.000000,0.070000
40.152000,-1.000000,-1.000000,-0.300000,-8.000000,-8.000000,0.000000,0.000000,1.000000,0.000000,0.030000,0.060000
40.157001,23.000000,23.000000,-0.550000,-8.000000,-8.000000,0.000000,0.000000,1.000000,0.000000,0.060000,0.050000
40.161999,42.000000,42.000000,-0.810000,-8.000000,-8.000000,0.000000,0.000000,1.000000,0.000000,0.080000,0.050000
40.167000,60.000000,60.000000,-1.120000,-8.000000,-8.000000,0.000000,0.000000,1.000000,0.000000,0.110000,0.060000
40.172001,83.000000,83.000000,-1.350000,-6.000000,-8.000000,0.000000,0.000000,1.000000,0.000000,0.140000,0.050000
40.176998,99.000000,99.000000,-1.630000,-6.000000,-8.000000,0.000000,0.000000,1.000000,0.000000,0.160000,0.060000
40.181999,119.000000,119.000000,-1.830000,-2.000000,-4.000000,0.000000,0.000000,1.000000,0.000000,0.180000,0.040000
40.187000,133.000000,133.000000,-1.890000,-2.000000,-4.000000,0.000000,0.000000,1.000000,0.000000,0.190000,0.010000
40.192001,137.000000,137.000000,-1.770000,-2.000000,-2.000000,0.000000,0.000000,1.000000,0.000000,0.180000,-0.020000
40.196999,129.000000,129.000000,-1.750000,-2.000000,-2.000000,0.000000,0.000000,1.000000,0.000000,0.170000,0.000000
40.202000,128.000000,128.000000,-1.680000,0.000000,0.000000,0.000000,0.000000,1.000000,0.000000,0.170000,-0.010000
40.207001,123.000000,123.000000,-1.460000,0.000000,0.000000,0.000000,0.000000,1.000000,0.000000,0.150000,-0.040000
40.212002,107.000000,107.000000,-1.310000,0.000000,2.000000,0.000000,0.000000,1.000000,0.000000,0.130000,-0.030000
40.216999,96.000000,96.000000,-1.110000,0.000000,2.000000,0.000000,0.000000,1.000000,0.000000,0.110000,-0.040000
40.222000,82.000000,82.000000,-0.990000,2.000000,4.000000,0.000000,0.000000,1.000000,0.000000,0.100000,-0.020000
40.227001,74.000000,74.000000,-0.770000,2.000000,4.000000,0.000000,0.000000,1.000000,0.000000,0.080000,-0.040000
40.231998,57.000000,57.000000,-0.520000,2.000000,2.000000,0.000000,0.000000,1.000000,0.000000,0.050000,-0.050000
40.237000,38.000000,38.000000,-0.210000,2.000000,2.000000,0.000000,0.000000,1.000000,0.000000,0.020000,-0.060000
40.242001,15.000000,15.000000,0.030000,4.000000,4.000000,0.000000,0.000000,1.000000,0.000000,0.000000,-0.050000
40.247002,-4.000000,-4.000000,0.250000,4.000000,4.000000,0.000000,0.000000,1.000000,0.000000,-0.030000,-0.040000
40.251999,-20.000000,-20.000000,0.480000,4.000000,4.000000,0.000000,0.000000,1.000000,0.000000,-0.050000,-0.050000
40.257000,-38.000000,-38.000000,0.720000,4.000000,4.000000,0.000000,0.000000,1.000000,0.000000,-0.070000,-0.050000
40.262001,-57.000000,-57.000000,0.930000,2.000000,0.000000,0.000000,0.000000,1.000000,0.000000,-0.090000,-0.040000
40.266998,-73.000000,-73.000000,1.100000,2.000000,0.000000,0.000000,0.000000,1.000000,0.000000,-0.110000,-0.040000
40.271999,-86.000000,-86.000000,1.220000,2.000000,2.000000,0.000000,0.000000,1.000000,0.000000,-0.120000,-0.020000
40.277000,-96.000000,-96.000000,1.370000,2.000000,2.000000,0.000000,0.000000,1.000000,0.000000,-0.140000,-0.030000
40.282001,-107.000000,-107.000000,1.400000,0.000000,-2.000000,0.000000,0.000000,1.000000,0.000000,-0.140000,-0.010000
40.286999,-109.000000,-109.000000,1.410000,0.000000,-2.000000,0.000000,0.000000,1.000000,0.000000,-0.140000,0.000000
40.292000,-109.000000,-109.000000,1.420000,-2.000000,-2.000000,0.000000,0.000000,1.000000,0.000000,-0.140000,0.000000
40.297001,-110.000000,-110.000000,1.490000,-2.000000,-2.000000,0.000000,0.000000,1.000000,0.000000,-0.150000,-0.020000
40.301998,-116.000000,-116.000000,1.480000,-2.000000,-2.000000,0.000000,0.000000,1.000000,0.000000,-0.150000,0.000000
40.306999,-115.000000,-115.000000,1.410000,-2.000000,-2.000000,0.000000,0.000000,1.000000,0.000000,-0.140000,0.010000
40.312000,-109.000000,-109.000000,1.530000,-2.000000,-2.000000,0.000000,0.000000,1.000000,0.000000,-0.150000,-0.020000
40.317001,-119.000000,-119.000000,1.590000,-2.000000,-2.000000,0.000000,0.000000,1.000000,0.000000,-0.160000,-0.010000
40.321999,-123.000000,-123.000000,1.570000,-4.000000,-6.000000,0.000000,0.000000,1.000000,0.000000,-0.160000,0.000000
40.327000,-122.000000,-122.000000,1.320000,-4.000000,-6.000000,0.000000,0.000000,1.000000,0.000000,-0.130000,0.050000
40.332001,-101.000000,-101.000000,1.080000,-4.000000,-2.000000,0.000000,0.000000,1.000000,0.000000,-0.110000,0.050000
40.337002,-82.000000,-82.000000,0.850000,-4.000000,-2.000000,0.000000,0.000000,1.000000,0.000000,-0.080000,0.050000
40.341999,-64.000000,-64.000000,0.640000,-6.000000,-6.000000,0.000000,0.000000,1.000000,0.000000,-0.060000,0.040000
40.347000,-49.000000,-49.000000,0.350000,-6.000000,-6.000000,0.000000,0.000000,1.000000,0.000000,-0.040000,0.060000
40.352001,-27.000000,-27.000000,0.170000,-4.000000,-6.000000,0.000000,0.000000,1.000000,0.000000,-0.020000,0.040000
40.356998,-13.000000,-13.000000,0.000000,-4.000000,-6.000000,0.000000,0.000000,1.000000,0.000000,0.000000,0.030000
40.362000,0.000000,0.000000,-0.290000,-6.000000,-4.000000,0.000000,0.000000,1.000000,0.000000,0.030000,0.060000
40.367001,22.000000,22.000000,-0.530000,-6.000000,-4.000000,0.000000,0.000000,1.000000,0.000000,0.050000,0.050000
40.372002,40.000000,40.000000,-0.800000,-2.000000,-2.000000,0.000000,0.000000,1.000000,0.000000,0.080000,0.050000
40.376999,60.000000,60.000000,-1.080000,-2.000000,-2.000000,0.000000,0.000000,1.000000,0.000000,0.110000,0.060000
40.382000,80.000000,80.000000,-1.290000,-2.000000,-2.000000,0.000000,0.000000,1.000000,0.000000,0.130000,0.040000
40.387001,95.000000,95.000000,-1.520000,-2.000000,-2.000000,0.000000,0.000000,1.000000,0.000000,0.150000,0.050000
40.391998,111.000000,111.000000,-1.710000,0.000000,-2.000000,0.000000,0.000000,1.000000,0.000000,0.170000,0.040000
40.396999,125.000000,125.000000,-1.970000,0.000000,-2.000000,0.000000,0.000000,1.000000,0.000000,0.200000,0.050000
40.402000,143.000000,143.000000,-2.160000,2.000000,0.000000,0.000000,0.000000,1.000000,0.000000,0.220000,0.040000
40.407001,156.000000,156.000000,-2.270000,2.000000,0.000000,0.000000,0.000000,1.000000,0.000000,0.230000,0.020000
40.411999,163.000000,163.000000,-2.470000,0.000000,2.000000,0.000000,0.000000,1.000000,0.000000,0.250000,0.040000
40.417000,176.000000,176.000000,-2.690000,0.000000,2.000000,0.000000,0.000000,1.000000,0.000000,0.270000,0.040000
40.422001,191.000000,191.000000,-2.950000,4.000000,4.000000,0.000000,0.000000,1.000000,0.000000,0.290000,0.050000
40.426998,207.000000,207.000000,-3.070000,4.000000,4.000000,0.000000,0.000000,1.000000,0.000000,0.310000,0.030000
40.431999,216.000000,216.000000,-3.230000,4.000000,4.000000,0.000000,0.000000,1.000000,0.000000,0.320000,0.030000
40.437000,225.000000,225.000000,-3.220000,4.000000,4.000000,0.000000,0.000000,1.000000,0.000000,0.320000,0.000000
40.442001,225.000000,225.000000,-3.460000,6.000000,6.000000,0.000000,0.000000,1.000000,0.000000,0.350000,0.050000
40.446999,240.000000,240.000000,-3.470000,6.000000,6.000000,0.000000,0.000000,1.000000,0.000000,0.350000,0.000000
40.452000,241.000000,241.000000,-3.410000,6.000000,6.000000,0.000000,0.000000,1.000000,0.000000,0.340000,-0.010000
40.457001,236.000000,236.000000,-3.230000,6.000000,6.000000,0.000000,0.000000,1.000000,0.000000,0.320000,-0.040000
40.462002,225.000000,225.000000,-3.280000,10.000000,8.000000,0.000000,0.000000,1.000000,0.000000,0.330000,0.010000
40.466999,229.000000,229.000000,-3.310000,10.000000,8.000000,0.000000,0.000000,1.000000,0.000000,0.330000,0.010000
40.472000,231.000000,231.000000,-3.300000,10.000000,8.000000,0.000000,0.000000,1.000000,0.000000,0.330000,0.000000
40.477001,230.000000,230.000000,-3.010000,10.000000,8.000000,0.000000,0.000000,1.000000,0.000000,0.300000,-0.060000
40.481998,210.000000,210.000000,-3.020000,10.000000,12.000000,0.000000,0.000000,1.000000,0.000000,0.300000,0.000000
40.487000,213.000000,213.000000,-2.900000,10.000000,12.000000,0.000000,0.000000,1.000000,0.000000,0.290000,-0.020000
40.492001,204.000000,204.000000,-2.800000,10.000000,10.000000,0.000000,0.000000,1.000000,0.000000,0.280000,-0.020000
40.497002,198.000000,198.000000,-2.510000,10.000000,10.000000,0.000000,0.000000,1.000000,0.000000,0.250000,-0.060000
40.501999,178.000000,178.000000,-2.540000,12.000000,12.000000,0.000000,0.000000,1.000000,0.000000,0.250000,0.010000
40.507000,181.000000,181.000000,-2.310000,12.000000,12.000000,0.000000,0.000000,1.000000,0.000000,0.230000,-0.050000
40.512001,165.000000,165.000000,-2.220000,12.000000,12.000000,0.000000,0.000000,1.000000,0.000000,0.220000,-0.020000
40.516998,160.000000,160.000000,-1.870000,12.000000,12.000000,0.000000,0.000000,1.000000,0.000000,0.190000,-0.070000
40.521999,135.000000,135.000000,-1.790000,14.000000,12.000000,0.000000,0.000000,1.000000,0.000000,0.180000,-0.020000
40.527000,130.000000,130.000000,-1.590000,14.000000,12.000000,0.000000,0.000000,1.000000,0.000000,0.160000,-0.040000
40.532001,116.000000,116.000000,-1.460000,10.000000,10.000000,0.000000,0.000000,1.000000,0.000000,0.150000,-0.030000
40.536999,107.000000,107.000000,-1.330000,10.000000,10.000000,0.000000,0.000000,1.000000,0.000000,0.130000,-0.030000
40.542000,98.000000,98.000000,-1.150000,12.000000,12.000000,0.000000,0.000000,1.000000,0.000000,0.110000,-0.040000
40.547001,85.000000,85.000000,-0.990000,12.000000,12.000000,0.000000,0.000000,1.000000,0.000000,0.100000,-0.030000
40.551998,73.000000,73.000000,-0.840000,48.000000,8.000000,0.000000,0.000000,1.000000,0.000000,0.080000,-0.030000
40.556999,62.000000,62.000000,-0.790000,48.000000,8.000000,0.000000,0.000000,1.000000,0.000000,0.080000,-0.010000
40.562000,59.000000,59.000000,-0.740000,10.000000,10.000000,0.000000,0.000000,1.000000,0.000000,0.070000,-0.010000
40.567001,55.000000,55.000000,-0.710000,10.000000,10.000000,0.000000,0.000000,1.000000,0.000000,0.070000,-0.010000
40.571999,53.000000,53.000000,-0.590000,8.000000,8.000000,0.000000,0.000000,1.000000,0.000000,0.060000,-0.020000
40.577000,44.000000,44.000000,-0.550000,8.000000,8.000000,0.000000,0.000000,1.000000,0.000000,0.050000,-0.010000
40.582001,41.000000,41.000000,-0.480000,8.000000,8.000000,0.000000,0.000000,1.000000,0.000000,0.050000,-0.010000
40.587002,36.000000,36.000000,-0.530000,8.000000,8.000000,0.000000,0.000000,1.000000,0.000000,0.050000,0.010000
40.591999,40.000000,40.000000,-0.580000,6.000000,6.000000,0.000000,0.000000,1.000000,0.000000,0.060000,0.010000
40.597000,43.000000,43.000000,-0.650000,6.000000,6.000000,0.000000,0.000000,1.000000,0.000000,0.070000,0.010000
40.602001,49.000000,49.000000,-0.770000,6.000000,6.000000,0.000000,0.000000,1.000000,0.000000,0.080000,0.020000
40.606998,58.000000,58.000000,-0.940000,6.000000,6.000000,0.000000,0.000000,1.000000,0.000000,0.090000,0.030000
40.612000,70.000000,70.000000,-0.980000,4.000000,6.000000,0.000000,0.000000,1.000000,0.000000,0.100000,0.010000
40.617001,73.000000,73.000000,-1.060000,4.000000,6.000000,0.000000,0.000000,1.000000,0.000000,0.110000,0.020000
40.622002,79.000000,79.000000,-1.180000,6.000000,4.000000,0.000000,0.000000,1.000000,0.000000,0.120000,0.020000
40.626999,87.000000,87.000000,-1.330000,6.000000,4.000000,0.000000,0.000000,1.000000,0.000000,0.130000,0.030000
40.632000,98.000000,98.000000,-1.400000,4.000000,4.000000,0.000000,0.000000,1.000000,0.000000,0.140000,0.020000
40.637001,104.000000,104.000000,-1.560000,4.000000,4.000000,0.000000,0.000000,1.000000,0.000000,0.160000,0.030000
40.641998,114.000000,114.000000,-1.740000,6.000000,6.000000,0.000000,0.000000,1.000000,0.000000,0.170000,0.040000
40.646999,127.000000,127.000000,-1.910000,6.000000,6.000000,0.000000,0.000000,1.000000,0.000000,0.190000,0.030000
40.652000,138.000000,138.000000,-1.920000,4.000000,4.000000,0.000000,0.000000,1.000000,0.000000,0.190000,0.000000
40.657001,140.000000,140.000000,-2.000000,4.000000,4.000000,0.000000,0.000000,1.000000,0.000000,0.200000,0.020000
40.661999,145.000000,145.000000,-2.090000,8.000000,6.000000,0.000000,0.000000,1.000000,0.000000,0.210000,0.020000
40.667000,151.000000,151.000000,-2.250000,8.000000,6.000000,0.000000,0.000000,1.000000,0.000000,0.220000,0.030000
40.672001,162.000000,162.000000,-2.270000,6.000000,4.000000,0.000000,0.000000,1.000000,0.000000,0.230000,0.000000
40.676998,163.000000,163.000000,-2.180000,6.000000,4.000000,0.000000,0.000000,1.000000,0.000000,0.220000,-0.020000
40.681999,157.000000,157.000000,-2.250000,10.000000,8.000000,0.000000,0.000000,1.000000,0.000000,0.230000,0.020000
40.687000,162.000000,162.000000,-2.360000,10.000000,8.000000,0.000000,0.000000,1.000000,0.000000,0.240000,0.020000
40.692001,169.000000,169.000000,-2.280000,6.000000,6.000000,0.000000,0.000000,1.000000,0.000000,0.230000,-0.020000
40.696999,164.000000,164.000000,-2.150000,6.000000,6.000000,0.000000,0.000000,1.000000,0.000000,0.220000,-0.030000
40.702000,155.000000,155.000000,-2.150000,10.000000,8.000000,0.000000,0.000000,1.000000,0.000000,0.210000,0.000000
40.707001,155.000000,155.000000,-2.040000,10.000000,8.000000,0.000000,0.000000,1.000000,0.000000,0.200000,-0.020000
40.712002,148.000000,148.000000,-1.890000,8.000000,6.000000,0.000000,0.000000,1.000000,0.000000,0.190000,-0.030000
40.716999,137.000000,137.000000,-1.660000,8.000000,6.000000,0.000000,0.000000,1.000000,0.000000,0.170000,-0.050000
40.722000,121.000000,121.000000,-1.680000,10.000000,10.000000,0.000000,0.000000,1.000000,0.000000,0.170000,0.010000
40.727001,123.000000,123.000000,-1.620000,10.000000,10.000000,0.000000,0.000000,1.000000,0.000000,0.160000,-0.010000
40.731998,118.000000,118.000000,-1.340000,8.000000,6.000000,0.000000,0.000000,1.000000,0.000000,0.130000,-0.050000
40.737000,99.000000,99.000000,-1.160000,8.000000,6.000000,0.000000,0.000000,1.000000,0.000000,0.120000,-0.040000
40.742001,85.000000,85.000000,-0.930000,10.000000,8.000000,0.000000,0.000000,1.000000,0.000000,0.090000,-0.050000
40.747002,69.000000,69.000000,-0.750000,10.000000,8.000000,0.000000,0.000000,1.000000,0.000000,0.080000,-0.040000
40.751999,56.000000,56.000000,-0.460000,8.000000,8.000000,0.000000,0.000000,1.000000,0.000000,0.050000,-0.060000
40.757000,33.000000,33.000000,-0.210000,8.000000,8.000000,0.000000,0.000000,1.000000,0.000000,0.020000,-0.050000
40.762001,15.000000,15.000000,0.060000,8.000000,8.000000,0.000000,0.000000,1.000000,0.000000,-0.010000,-0.050000
40.766998,-6.000000,-6.000000,0.190000,8.000000,8.000000,0.000000,0.000000,1.000000,0.000000,-0.020000,-0.030000
40.771999,-16.000000,-16.000000,0.370000,6.000000,6.000000,0.000000,0.000000,1.000000,0.000000,-0.040000,-0.040000
40.777000,-30.000000,-30.000000,0.590000,6.000000,6.000000,0.000000,0.000000,1.000000,0.000000,-0.060000,-0.040000
40.782001,-46.000000,-46.000000,0.790000,4.000000,4.000000,0.000000,0.000000,1.000000,0.000000,-0.080000,-0.040000
40.786999,-62.000000,-62.000000,0.950000,4.000000,4.000000,0.000000,0.000000,1.000000,0.000000,-0.090000,-0.030000
40.792000,-74.000000,-74.000000,1.000000,4.000000,4.000000,0.000000,0.000000,1.000000,0.000000,-0.100000,-0.010000
40.797001,-78.000000,-78.000000,1.110000,4.000000,4.000000,0.000000,0.000000,1.000000,0.000000,-0.110000,-0.020000
40.801998,-86.000000,-86.000000,1.230000,0.000000,2.000000,0.000000,0.000000,1.000000,0.000000,-0.120000,-0.030000
40.806999,-96.000000,-96.000000,1.280000,0.000000,2.000000,0.000000,0.000000,1.000000,0.000000,-0.130000,-0.010000
40.812000,-100.000000,-100.000000,1.280000,0.000000,0.000000,0.000000,0.000000,1.000000,0.000000,-0.130000,0.000000
40.817001,-99.000000,-99.000000,1.210000,0.000000,0.000000,0.000000,0.000000,1.000000,0.000000,-0.120000,0.010000
40.821999,-94.000000,-94.000000,1.190000,-2.000000,-2.000000,0.000000,0.000000,1.000000,0.000000,-0.120000,0.000000
40.827000,-92.000000,-92.000000,1.150000,-2.000000,-2.000000,0.000000,0.000000,1.000000,0.000000,-0.110000,0.010000
40.832001,-89.000000,-89.000000,1.060000,0.000000,0.000000,0.000000,0.000000,1.000000,0.000000,-0.110000,0.020000
40.837002,-82.000000,-82.000000,1.080000,0.000000,0.000000,0.000000,0.000000,1.000000,0.000000,-0.110000,0.000000
40.841999,-84.000000,-84.000000,1.090000,-2.000000,-2.000000,0.000000,0.000000,1.000000,0.000000,-0.110000,0.000000
40.847000,-85.000000,-85.000000,1.070000,-2.000000,-2.000000,0.000000,0.000000,1.000000,0.000000,-0.110000,0.000000
40.852001,-83.000000,-83.000000,1.020000,-2.000000,-2.000000,0.000000,0.000000,1.000000,0.000000,-0.100000,0.010000
40.856998,-79.000000,-79.000000,1.090000,-2.000000,-2.000000,0.000000,0.000000,1.000000,0.000000,-0.110000,-0.010000
40.862000,-85.000000,-85.000000,1.140000,-4.000000,-4.000000,0.000000,0.000000,1.000000,0.000000,-0.110000,-0.010000
40.867001,-89.000000,-89.000000,1.140000,-4.000000,-4.000000,0.000000,0.000000,1.000000,0.000000,-0.110000,0.000000
40.872002,-89.000000,-89.000000,1.070000,-2.000000,-2.000000,0.000000,0.000000,1.000000,0.000000,-0.110000,0.010000
40.876999,-83.000000,-83.000000,1.060000,-2.000000,-2.000000,0.000000,0.000000,1.000000,0.000000,-0.110000,0.000000
40.882000,-82.000000,-82.000000,1.120000,-4.000000,-6.000000,0.000000,0.000000,1.000000,0.000000,-0.110000,-0.010000
40.887001,-88.000000,-88.000000,1.210000,-4.000000,-6.000000,0.000000,0.000000,1.000000,0.000000,-0.120000,-0.020000
40.891998,-94.000000,-94.000000,1.200000,-2.000000,-4.000000,0.000000,0.000000,1.000000,0.000000,-0.120000,0.000000
40.896999,-94.000000,-94.000000,1.210000,-2.000000,-4.000000,0.000000,0.000000,1.000000,0.000000,-0.120000,0.000000
40.902000,-94.000000,-94.000000,1.260000,-6.000000,-6.000000,0.000000,0.000000,1.000000,0.000000,-0.130000,-0.010000
40.907001,-98.000000,-98.000000,1.340000,-6.000000,-6.000000,0.000000,0.000000,1.000000,0.000000,-0.130000,-0.020000
40.911999,-105.000000,-105.000000,1.360000,-4.000000,-6.000000,0.000000,0.000000,1.000000,0.000000,-0.140000,0.000000
40.917000,-106.000000,-106.000000,1.460000,-4.000000,-6.000000,0.000000,0.000000,1.000000,0.000000,-0.150000,-0.020000
40.922001,-114.000000,-114.000000,1.560000,-6.000000,-6.000000,0.000000,0.000000,1.000000,0.000000,-0.160000,-0.020000
40.926998,-121.000000,-121.000000,1.700000,-6.000000,-6.000000,0.000000,0.000000,1.000000,0.000000,-0.170000,-0.030000
40.931999,-133.000000,-133.000000,1.740000,-4.000000,-4.000000,0.000000,0.000000,1.000000,0.000000,-0.170000,-0.010000
40.937000,-136.000000,-136.000000,1.860000,-4.000000,-4.000000,0.000000,0.000000,1.000000,0.000000,-0.190000,-0.020000
40.942001,-145.000000,-145.000000,2.030000,-6.000000,-8.000000,0.000000,0.000000,1.000000,0.000000,-0.200000,-0.030000
40.946999,-159.000000,-159.000000,2.180000,-6.000000,-8.000000,0.000000,0.000000,1.000000,0.000000,-0.220000,-0.030000
40.952000,-171.000000,-171.000000,2.220000,-6.000000,-6.000000,0.000000,0.000000,1.000000,0.000000,-0.220000,-0.010000
40.957001,-172.000000,-172.000000,2.250000,-6.000000,-6.000000,0.000000,0.000000,1.000000,0.000000,-0.230000,-0.010000
40.962002,-175.000000,-175.000000,2.480000,-8.000000,-8.000000,0.000000,0.000000,1.000000,0.000000,-0.250000,-0.050000
40.966999,-195.000000,-195.000000,2.620000,-8.000000,-8.000000,0.000000,0.000000,1.000000,0.000000,-0.260000,-0.030000
40.972000,-205.000000,-205.000000,2.630000,-6.000000,-8.000000,0.000000,0.000000,1.000000,0.000000,-0.260000,0.000000
40.977001,-204.000000,-204.000000,2.550000,-6.000000,-8.000000,0.000000,0.000000,1.000000,0.000000,-0.260000,0.020000
40.981998,-196.000000,-196.000000,2.780000,-10.000000,-10.000000,0.000000,0.000000,1.000000,0.000000,-0.280000,-0.050000
40.987000,-218.000000,-218.000000,2.790000,-10.000000,-10.000000,0.000000,0.000000,1.000000,0.000000,-0.280000,0.000000
40.992001,-216.000000,-216.000000,2.960000,-10.000000,-8.000000,0.000000,0.000000,1.000000,0.000000,-0.300000,-0.030000
40.997002,-232.000000,-232.000000,2.840000,-10.000000,-8.000000,0.000000,0.000000,1.000000,0.000000,-0.280000,0.020000
41.001999,-218.000000,-218.000000,2.990000,-10.000000,-12.000000,0.000000,0.000000,1.000000,0.000000,-0.300000,-0.030000
41.007000,-233.000000,-233.000000,2.900000,-10.000000,-12.000000,0.000000,0.000000,1.000000,0.000000,-0.290000,0.020000
41.012001,-223.000000,-223.000000,2.900000,-10.000000,-10.000000,0.000000,0.000000,1.000000,0.000000,-0.290000,0.000000
41.016998,-225.000000,-225.000000,2.850000,-10.000000,-10.000000,0.000000,0.000000,1.000000,0.000000,-0.280000,0.010000
41.021999,-220.000000,-220.000000,2.910000,-12.000000,-12.000000,0.000000,0.000000,1.000000,0.000000,-0.290000,-0.010000
41.027000,-226.000000,-226.000000,2.780000,-12.000000,-12.000000,0.000000,0.000000,1.000000,0.000000,-0.280000,0.030000
41.032001,-214.000000,-214.000000,2.730000,-12.000000,-10.000000,0.000000,0.000000,1.000000,0.000000,-0.270000,0.010000
41.036999,-211.000000,-211.000000,2.580000,-12.000000,-10.000000,0.000000,0.000000,1.000000,0.000000,-0.260000,0.030000
41.042000,-198.000000,-198.000000,2.600000,-12.000000,-12.000000,0.000000,0.000000,1.000000,0.000000,-0.260000,0.000000
41.047001,-202.000000,-202.000000,2.450000,-12.000000,-12.000000,0.000000,0.000000,1.000000,0.000000,-0.240000,0.030000
41.051998,-187.000000,-187.000000,2.270000,-12.000000,-12.000000,0.000000,0.000000,1.000000,0.000000,-0.230000,0.030000
41.056999,-174.000000,-174.000000,2.070000,-12.000000,-12.000000,0.000000,0.000000,1.000000,0.000000,-0.210000,0.040000
41.062000,-158.000000,-158.000000,2.000000,-12.000000,-14.000000,0.000000,0.000000,1.000000,0.000000,-0.200000,0.020000
41.067001,-154.000000,-154.000000,1.770000,-12.000000,-14.000000,0.000000,0.000000,1.000000,0.000000,-0.180000,0.050000
41.071999,-135.000000,-135.000000,1.650000,-10.000000,-12.000000,0.000000,0.000000,1.000000,0.000000,-0.160000,0.020000
41.077000,-127.000000,-127.000000,1.450000,-10.000000,-12.000000,0.000000,0.000000,1.000000,0.000000,-0.140000,0.040000
41.082001,-111.000000,-111.000000,1.360000,-10.000000,-12.000000,0.000000,0.000000,1.000000,0.000000,-0.140000,0.020000
41.087002,-105.000000,-105.000000,1.200000,-10.000000,-12.000000,0.000000,0.000000,1.000000,0.000000,-0.120000,0.030000
41.091999,-92.000000,-92.000000,1.040000,-8.000000,-12.000000,0.000000,0.000000,1.000000,0.000000,-0.100000,0.030000
41.097000,-80.000000,-80.000000,0.870000,-8.000000,-12.000000,0.000000,0.000000,1.000000,0.000000,-0.090000,0.030000
41.102001,-67.000000,-67.000000,0.680000,-10.000000,-12.000000,0.000000,0.000000,1.000000,0.000000,-0.070000,0.040000
41.106998,-52.000000,-52.000000,0.460000,-10.000000,-12.000000,0.000000,0.000000,1.000000,0.000000,-0.050000,0.040000
41.112000,-35.000000,-35.000000,0.300000,-10.000000,-10.000000,0.000000,0.000000,1.000000,0.000000,-0.030000,0.030000
41.117001,-23.000000,-23.000000,0.230000,-10.000000,-10.000000,0.000000,0.000000,1.000000,0.000000,-0.020000,0.010000
41.122002,-18.000000,-18.000000,0.100000,-8.000000,-10.000000,0.000000,0.000000,1.000000,0.000000,-0.010000,0.030000
41.126999,-8.000000,-8.000000,0.000000,-8.000000,-10.000000,0.000000,0.000000,1.000000,0.000000,0.000000,0.020000
41.132000,0.000000,0.000000,-0.100000,-6.000000,-6.000000,0.000000,0.000000,1.000000,0.000000,0.010000,0.020000
41.137001,8.000000,8.000000,-0.130000,-6.000000,-6.000000,0.000000,0.000000,1.000000,0.000000,0.010000,0.000000
41.141998,9.000000,9.000000,-0.190000,-6.000000,-6.000000,0.000000,0.000000,1.000000,0.000000,0.020000,0.010000
41.146999,14.000000,14.000000,-0.230000,-6.000000,-6.000000,0.000000,0.000000,1.000000,0.000000,0.020000,0.010000
41.152000,17.000000,17.000000,-0.300000,-4.000000,-6.000000,0.000000,0.000000,1.000000,0.000000,0.030000,0.010000
41.157001,23.000000,23.000000,-0.400000,-4.000000,-6.000000,0.000000,0.000000,1.000000,0.000000,0.040000,0.020000
41.161999,30.000000,30.000000,-0.390000,-4.000000,-4.000000,0.000000,0.000000,1.000000,0.000000,0.040000,0.000000
41.167000,30.000000,30.000000,-0.310000,-4.000000,-4.000000,0.000000,0.000000,1.000000,0.000000,0.030000,-0.020000
41.172001,23.000000,23.000000,-0.190000,-4.000000,-4.000000,0.000000,0.000000,1.000000,0.000000,0.020000,-0.020000
41.176998,14.000000,14.000000,-0.080000,-4.000000,-4.000000,0.000000,0.000000,1.000000,0.000000,0.010000,-0.020000
41.181999,5.000000,5.000000,0.070000,0.000000,-2.000000,0.000000,0.000000,1.000000,0.000000,-0.010000,-0.030000
41.187000,-6.000000,-6.000000,0.220000,0.000000,-2.000000,0.000000,0.000000,1.000000,0.000000,-0.020000,-0.030000
41.192001,-18.000000,-18.000000,0.390000,0.000000,0.000000,0.000000,0.000000,1.000000,0.000000,-0.040000,-0.030000
41.196999,-31.000000,-31.000000,0.600000,0.000000,0.000000,0.000000,0.000000,1.000000,0.000000,-0.060000,-0.040000
41.202000,-47.000000,-47.000000,0.790000,-2.000000,-2.000000,0.000000,0.000000,1.000000,0.000000,-0.080000,-0.040000
41.207001,-62.000000,-62.000000,1.040000,-2.000000,-2.000000,0.000000,0.000000,1.000000,0.000000,-0.100000,-0.050000
41.212002,-82.000000,-82.000000,1.290000,0.000000,0.000000,0.000000,0.000000,1.000000,0.000000,-0.130000,-0.050000
41.216999,-101.000000,-101.000000,1.570000,0.000000,0.000000,0.000000,0.000000,1.000000,0.000000,-0.160000,-0.060000
41.222000,-123.000000,-123.000000,1.760000,-2.000000,-2.000000,0.000000,0.000000,1.000000,0.000000,-0.180000,-0.040000
41.227001,-138.000000,-138.000000,1.930000,-2.000000,-2.000000,0.000000,0.000000,1.000000,0.000000,-0.190000,-0.030000
41.231998,-151.000000,-151.000000,2.020000,-2.000000,-4.000000,0.000000,0.000000,1.000000,0.000000,-0.200000,-0.020000
41.237000,-157.000000,-157.000000,2.120000,-2.000000,-4.000000,0.000000,0.000000,1.000000,0.000000,-0.210000,-0.020000
41.242001,-165.000000,-165.000000,2.280000,-6.000000,-4.000000,0.000000,0.000000,1.000000,0.000000,-0.230000,-0.030000
41.247002,-178.000000,-178.000000,2.360000,-6.000000,-4.000000,0.000000,0.000000,1.000000,0.000000,-0.240000,-0.020000
41.251999,-184.000000,-184.000000,2.400000,-4.000000,-4.000000,0.000000,0.000000,1.000000,0.000000,-0.240000,-0.010000
41.257000,-186.000000,-186.000000,2.310000,-4.000000,-4.000000,0.000000,0.000000,1.000000,0.000000,-0.230000,0.020000
41.262001,-178.000000,-178.000000,2.370000,-6.000000,-8.000000,0.000000,0.000000,1.000000,0.000000,-0.240000,-0.010000
41.266998,-184.000000,-184.000000,2.300000,-6.000000,-8.000000,0.000000,0.000000,1.000000,0.000000,-0.230000,0.010000
41.271999,-177.000000,-177.000000,2.260000,-6.000000,-6.000000,0.000000,0.000000,1.000000,0.000000,-0.230000,0.010000
41.277000,-175.000000,-175.000000,2.040000,-6.000000,-6.000000,0.000000,0.000000,1.000000,0.000000,-0.200000,0.040000
41.282001,-156.000000,-156.000000,1.930000,-10.000000,-8.000000,0.000000,0.000000,1.000000,0.000000,-0.190000,0.020000
41.286999,-148.000000,-148.000000,1.720000,-10.000000,-8.000000,0.000000,0.000000,1.000000,0.000000,-0.170000,0.040000
41.292000,-131.000000,-131.000000,1.500000,-8.000000,-8.000000,0.000000,0.000000,1.000000,0.000000,-0.150000,0.040000
41.297001,-115.000000,-115.000000,1.230000,-8.000000,-8.000000,0.000000,0.000000,1.000000,0.000000,-0.120000,0.050000
41.301998,-93.000000,-93.000000,0.930000,-10.000000,-8.000000,0.000000,0.000000,1.000000,0.000000,-0.090000,0.060000
41.306999,-71.000000,-71.000000,0.580000,-10.000000,-8.000000,0.000000,0.000000,1.000000,0.000000,-0.060000,0.070000
41.312000,-43.000000,-43.000000,0.310000,-8.000000,-8.000000,0.000000,0.000000,1.000000,0.000000,-0.030000,0.050000
41.317001,-24.000000,-24.000000,0.060000,-8.000000,-8.000000,0.000000,0.000000,1.000000,0.000000,-0.010000,0.050000
41.321999,-4.000000,-4.000000,-0.250000,-8.000000,-8.000000,0.000000,0.000000,1.000000,0.000000,0.030000,0.060000
41.327000,20.000000,20.000000,-0.550000,-8.000000,-8.000000,0.000000,0.000000,1.000000,0.000000,0.050000,0.060000
41.332001,41.000000,41.000000,-0.860000,-6.000000,-6.000000,0.000000,0.000000,1.000000,0.000000,0.090000,0.060000
41.337002,64.000000,64.000000,-1.140000,-6.000000,-6.000000,0.000000,0.000000,1.000000,0.000000,0.110000,0.060000
41.341999,84.000000,84.000000,-1.350000,-4.000000,-4.000000,0.000000,0.000000,1.000000,0.000000,0.140000,0.040000
41.347000,100.000000,100.000000,-1.570000,-4.000000,-4.000000,0.000000,0.000000,1.000000,0.000000,0.160000,0.040000
41.352001,115.000000,115.000000,-1.830000,-2.000000,-4.000000,0.000000,0.000000,1.000000,0.000000,0.180000,0.050000
41.356998,133.000000,133.000000,-2.130000,-2.000000,-4.000000,0.000000,0.000000,1.000000,0.000000,0.210000,0.060000
41.362000,153.000000,153.000000,-2.340000,0.000000,0.000000,0.000000,0.000000,1.000000,0.000000,0.230000,0.040000
41.367001,168.000000,168.000000,-2.510000,0.000000,0.000000,0.000000,0.000000,1.000000,0.000000,0.250000,0.030000
41.372002,179.000000,179.000000,-2.670000,0.000000,0.000000,0.000000,0.000000,1.000000,0.000000,0.270000,0.030000
41.376999,190.000000,190.000000,-2.780000,0.000000,0.000000,0.000000,0.000000,1.000000,0.000000,0.280000,0.020000
41.382000,197.000000,197.000000,-2.910000,4.000000,4.000000,0.000000,0.000000,1.000000,0.000000,0.290000,0.030000
41.387001,205.000000,205.000000,-2.940000,4.000000,4.000000,0.000000,0.000000,1.000000,0.000000,0.290000,0.000000
41.391998,207.000000,207.000000,-2.870000,4.000000,2.000000,0.000000,0.000000,1.000000,0.000000,0.290000,-0.010000
41.396999,203.000000,203.000000,-2.770000,4.000000,2.000000,0.000000,0.000000,1.000000,0.000000,0.280000,-0.020000
41.402000,196.000000,196.000000,-2.930000,8.000000,6.000000,0.000000,0.000000,1.000000,0.000000,0.290000,0.030000
41.407001,207.000000,207.000000,-2.980000,8.000000,6.000000,0.000000,0.000000,1.000000,0.000000,0.300000,0.010000
41.411999,210.000000,210.000000,-2.870000,6.000000,6.000000,0.000000,0.000000,1.000000,0.000000,0.290000,-0.020000
41.417000,202.000000,202.000000,-2.660000,6.000000,6.000000,0.000000,0.000000,1.000000,0.000000,0.270000,-0.040000
41.422001,188.000000,188.000000,-2.690000,8.000000,10.000000,0.000000,0.000000,1.000000,0.000000,0.270000,0.010000
41.426998,191.000000,191.000000,-2.630000,8.000000,10.000000,0.000000,0.000000,1.000000,0.000000,0.260000,-0.010000
41.431999,187.000000,187.000000,-2.640000,8.000000,8.000000,0.000000,0.000000,1.000000,0.000000,0.260000,0.000000
41.437000,188.000000,188.000000,-2.400000,8.000000,8.000000,0.000000,0.000000,1.000000,0.000000,0.240000,-0.050000
41.442001,171.000000,171.000000,-2.370000,10.000000,12.000000,0.000000,0.000000,1.000000,0.000000,0.240000,-0.010000
41.446999,170.000000,170.000000,-2.270000,10.000000,12.000000,0.000000,0.000000,1.000000,0.000000,0.230000,-0.020000
41.452000,163.000000,163.000000,-2.200000,10.000000,8.000000,0.000000,0.000000,1.000000,0.000000,0.220000,-0.010000
41.457001,158.000000,158.000000,-1.990000,10.000000,8.000000,0.000000,0.000000,1.000000,0.000000,0.200000,-0.040000
41.462002,144.000000,144.000000,-2.080000,10.000000,10.000000,0.000000,0.000000,1.000000,0.000000,0.210000,0.020000
41.466999,150.000000,150.000000,-2.170000,10.000000,10.000000,0.000000,0.000000,1.000000,0.000000,0.220000,0.020000
41.472000,156.000000,156.000000,-2.030000,8.000000,10.000000,0.000000,0.000000,1.000000,0.000000,0.200000,-0.030000
41.477001,147.000000,147.000000,-1.900000,8.000000,10.000000,0.000000,0.000000,1.000000,0.000000,0.190000,-0.030000
41.481998,138.000000,138.000000,-1.800000,10.000000,10.000000,0.000000,0.000000,1.000000,0.000000,0.180000,-0.020000
41.487000,131.000000,131.000000,-1.800000,10.000000,10.000000,0.000000,0.000000,1.000000,0.000000,0.180000,0.000000
41.492001,131.000000,131.000000,-1.830000,10.000000,10.000000,0.000000,0.000000,1.000000,0.000000,0.180000,0.010000
41.497002,134.000000,134.000000,-1.880000,10.000000,10.000000,0.000000,0.000000,1.000000,0.000000,0.190000,0.010000
41.501999,137.000000,137.000000,-1.960000,12.000000,12.000000,0.000000,0.000000,1.000000,0.000000,0.200000,0.020000
41.507000,142.000000,142.000000,-2.050000,12.000000,12.000000,0.000000,0.000000,1.000000,0.000000,0.210000,0.020000
41.512001,148.000000,148.000000,-2.070000,10.000000,10.000000,0.000000,0.000000,1.000000,0.000000,0.210000,0.000000
41.516998,150.000000,150.000000,-2.140000,10.000000,10.000000,0.000000,0.000000,1.000000,0.000000,0.210000,0.010000
41.521999,154.000000,154.000000,-2.300000,12.000000,10.000000,0.000000,0.000000,1.000000,0.000000,0.230000,0.030000
41.527000,165.000000,165.000000,-2.500000,12.000000,10.000000,0.000000,0.000000,1.000000,0.000000,0.250000,0.040000
41.532001,178.000000,178.000000,-2.650000,10.000000,8.000000,0.000000,0.000000,1.000000,0.000000,0.260000,0.030000
41.536999,188.000000,188.000000,-2.730000,10.000000,8.000000,0.000000,0.000000,1.000000,0.000000,0.270000,0.020000
41.542000,194.000000,194.000000,-2.970000,50.000000,10.000000,0.000000,0.000000,1.000000,0.000000,0.300000,0.050000
41.547001,209.000000,209.000000,-3.130000,50.000000,10.000000,0.000000,0.000000,1.000000,0.000000,0.310000,0.030000
41.551998,219.000000,219.000000,-3.220000,10.000000,10.000000,0.000000,0.000000,1.000000,0.000000,0.320000,0.020000
41.556999,225.000000,225.000000,-3.240000,10.000000,10.000000,0.000000,0.000000,1.000000,0.000000,0.320000,0.000000
41.562000,226.000000,226.000000,-3.460000,12.000000,12.000000,0.000000,0.000000,1.000000,0.000000,0.350000,0.040000
41.567001,240.000000,240.000000,-3.610000,12.000000,12.000000,0.000000,0.000000,1.000000,0.000000,0.360000,0.030000
41.571999,248.000000,248.000000,-3.650000,12.000000,10.000000,0.000000,0.000000,1.000000,0.000000,0.360000,0.010000
41.577000,250.000000,250.000000,-3.620000,12.000000,10.000000,0.000000,0.000000,1.000000,0.000000,0.360000,-0.010000
41.582001,249.000000,249.000000,-3.810000,14.000000,14.000000,0.000000,0.000000,1.000000,0.000000,0.380000,0.040000
41.587002,259.000000,259.000000,-3.870000,14.000000,14.000000,0.000000,0.000000,1.000000,0.000000,0.390000,0.010000
41.591999,262.000000,262.000000,-3.890000,12.000000,12.000000,0.000000,0.000000,1.000000,0.000000,0.390000,0.000000
41.597000,262.000000,262.000000,-3.780000,12.000000,12.000000,0.000000,0.000000,1.000000,0.000000,0.380000,-0.020000
41.602001,256.000000,256.000000,-3.980000,14.000000,14.000000,0.000000,0.000000,1.000000,0.000000,0.400000,0.040000
41.606998,267.000000,267.000000,-3.930000,14.000000,14.000000,0.000000,0.000000,1.000000,0.000000,0.390000,-0.010000
41.612000,264.000000,264.000000,-4.000000,14.000000,14.000000,0.000000,0.000000,1.000000,0.000000,0.400000,0.010000
41.617001,268.000000,268.000000,-3.930000,14.000000,14.000000,0.000000,0.000000,1.000000,0.000000,0.390000,-0.010000
41.622002,264.000000,264.000000,-4.180000,14.000000,16.000000,0.000000,0.000000,1.000000,0.000000,0.420000,0.050000
41.626999,277.000000,277.000000,-4.190000,14.000000,16.000000,0.000000,0.000000,1.000000,0.000000,0.420000,0.000000
41.632000,277.000000,277.000000,-4.100000,14.000000,14.000000,0.000000,0.000000,1.000000,0.000000,0.410000,-0.020000
41.637001,272.000000,272.000000,-3.900000,14.000000,14.000000,0.000000,0.000000,1.000000,0.000000,0.390000,-0.040000
41.641998,262.000000,262.000000,-4.010000,18.000000,16.000000,0.000000,0.000000,1.000000,0.000000,0.400000,0.020000
41.646999,269.000000,269.000000,-3.940000,18.000000,16.000000,0.000000,0.000000,1.000000,0.000000,0.390000,-0.010000
41.652000,265.000000,265.000000,-4.020000,16.000000,16.000000,0.000000,0.000000,1.000000,0.000000,0.400000,0.020000
41.657001,269.000000,269.000000,-3.800000,16.000000,16.000000,0.000000,0.000000,1.000000,0.000000,0.380000,-0.040000
41.661999,257.000000,257.000000,-3.910000,18.000000,14.000000,0.000000,0.000000,1.000000,0.000000,0.390000,0.020000
41.667000,264.000000,264.000000,-3.810000,18.000000,14.000000,0.000000,0.000000,1.000000,0.000000,0.380000,-0.020000
41.672001,258.000000,258.000000,-3.640000,16.000000,14.000000,0.000000,0.000000,1.000000,0.000000,0.360000,-0.030000
41.676998,249.000000,249.000000,-3.420000,16.000000,14.000000,0.000000,0.000000,1.000000,0.000000,0.340000,-0.040000
41.681999,236.000000,236.000000,-3.490000,18.000000,16.000000,0.000000,0.000000,1.000000,0.000000,0.350000,0.010000
41.687000,242.000000,242.000000,-3.410000,18.000000,16.000000,0.000000,0.000000,1.000000,0.000000,0.340000,-0.020000
41.692001,236.000000,236.000000,-3.260000,16.000000,14.000000,0.000000,0.000000,1.000000,0.000000,0.330000,-0.030000
41.696999,227.000000,227.000000,-2.980000,16.000000,14.000000,0.000000,0.000000,1.000000,0.000000,0.300000,-0.060000
41.702000,208.000000,208.000000,-2.970000,18.000000,16.000000,0.000000,0.000000,1.000000,0.000000,0.300000,0.000000
41.707001,209.000000,209.000000,-2.800000,18.000000,16.000000,0.000000,0.000000,1.000000,0.000000,0.280000,-0.030000
41.712002,198.000000,198.000000,-2.730000,16.000000,16.000000,0.000000,0.000000,1.000000,0.000000,0.270000,-0.010000
41.716999,194.000000,194.000000,-2.510000,16.000000,16.000000,0.000000,0.000000,1.000000,0.000000,0.250000,-0.040000
41.722000,179.000000,179.000000,-2.440000,16.000000,16.000000,0.000000,0.000000,1.000000,0.000000,0.240000,-0.010000
41.727001,175.000000,175.000000,-2.160000,16.000000,16.000000,0.000000,0.000000,1.000000,0.000000,0.220000,-0.060000
41.731998,155.000000,155.000000,-1.870000,14.000000,14.000000,0.000000,0.000000,1.000000,0.000000,0.190000,-0.060000
41.737000,135.000000,135.000000,-1.520000,14.000000,14.000000,0.000000,0.000000,1.000000,0.000000,0.150000,-0.070000
41.742001,110.000000,110.000000,-1.340000,16.000000,16.000000,0.000000,0.000000,1.000000,0.000000,0.130000,-0.030000
41.747002,99.000000,99.000000,-1.100000,16.000000,16.000000,0.000000,0.000000,1.000000,0.000000,0.110000,-0.050000
41.751999,81.000000,81.000000,-0.710000,14.000000,12.000000,0.000000,0.000000,1.000000,0.000000,0.070000,-0.080000
41.757000,52.000000,52.000000,-0.390000,14.000000,12.000000,0.000000,0.000000,1.000000,0.000000,0.040000,-0.060000
41.762001,28.000000,28.000000,0.030000,14.000000,12.000000,0.000000,0.000000,1.000000,0.000000,0.000000,-0.080000
41.766998,-4.000000,-4.000000,0.370000,14.000000,12.000000,0.000000,0.000000,1.000000,0.000000,-0.040000,-0.070000
41.771999,-30.000000,-30.000000,0.650000,10.000000,10.000000,0.000000,0.000000,1.000000,0.000000,-0.060000,-0.060000
41.777000,-51.000000,-51.000000,0.910000,10.000000,10.000000,0.000000,0.000000,1.000000,0.000000,-0.090000,-0.050000
41.782001,-72.000000,-72.000000,1.190000,10.000000,8.000000,0.000000,0.000000,1.000000,0.000000,-0.120000,-0.050000
41.786999,-93.000000,-93.000000,1.370000,10.000000,8.000000,0.000000,0.000000,1.000000,0.000000,-0.140000,-0.040000
41.792000,-108.000000,-108.000000,1.490000,6.000000,8.000000,0.000000,0.000000,1.000000,0.000000,-0.150000,-0.020000
41.797001,-117.000000,-117.000000,1.680000,6.000000,8.000000,0.000000,0.000000,1.000000,0.000000,-0.170000,-0.040000
41.801998,-131.000000,-131.000000,1.890000,2.000000,4.000000,0.000000,0.000000,1.000000,0.000000,-0.190000,-0.040000
41.806999,-148.000000,-148.000000,2.020000,2.000000,4.000000,0.000000,0.000000,1.000000,0.000000,-0.200000,-0.030000
41.812000,-158.000000,-158.000000,2.060000,2.000000,2.000000,0.000000,0.000000,1.000000,0.000000,-0.210000,-0.010000
41.817001,-160.000000,-160.000000,2.110000,2.000000,2.000000,0.000000,0.000000,1.000000,0.000000,-0.210000,-0.010000
41.821999,-164.000000,-164.000000,2.260000,0.000000,-2.000000,0.000000,0.000000,1.000000,0.000000,-0.230000,-0.030000
41.827000,-177.000000,-177.000000,2.340000,0.000000,-2.000000,0.000000,0.000000,1.000000,0.000000,-0.230000,-0.020000
41.832001,-182.000000,-182.000000,2.390000,0.000000,-2.000000,0.000000,0.000000,1.000000,0.000000,-0.240000,-0.010000
41.837002,-185.000000,-185.000000,2.360000,0.000000,-2.000000,0.000000,0.000000,1.000000,0.000000,-0.240000,0.010000
41.841999,-182.000000,-182.000000,2.530000,-4.000000,-4.000000,0.000000,0.000000,1.000000,0.000000,-0.250000,-0.030000
41.847000,-198.000000,-198.000000,2.630000,-4.000000,-4.000000,0.000000,0.000000,1.000000,0.000000,-0.260000,-0.020000
41.852001,-205.000000,-205.000000,2.620000,-4.000000,-4.000000,0.000000,0.000000,1.000000,0.000000,-0.260000,0.000000
41.856998,-202.000000,-202.000000,2.630000,-4.000000,-4.000000,0.000000,0.000000,1.000000,0.000000,-0.260000,0.000000
41.862000,-204.000000,-204.000000,2.870000,-6.000000,-8.000000,0.000000,0.000000,1.000000,0.000000,-0.290000,-0.050000
41.867001,-226.000000,-226.000000,3.030000,-6.000000,-8.000000,0.000000,0.000000,1.000000,0.000000,-0.300000,-0.030000
41.872002,-237.000000,-237.000000,3.120000,-4.000000,-6.000000,0.000000,0.000000,1.000000,0.000000,-0.310000,-0.020000
41.876999,-243.000000,-243.000000,3.130000,-4.000000,-6.000000,0.000000,0.000000,1.000000,0.000000,-0.310000,0.000000
41.882000,-243.000000,-243.000000,3.410000,-8.000000,-10.000000,0.000000,0.000000,1.000000,0.000000,-0.340000,-0.060000
41.887001,-269.000000,-269.000000,3.470000,-8.000000,-10.000000,0.000000,0.000000,1.000000,0.000000,-0.350000,-0.010000
41.891998,-269.000000,-269.000000,3.610000,-8.000000,-10.000000,0.000000,0.000000,1.000000,0.000000,-0.360000,-0.030000
41.896999,-283.000000,-283.000000,3.580000,-8.000000,-10.000000,0.000000,0.000000,1.000000,0.000000,-0.360000,0.010000
41.902000,-277.000000,-277.000000,3.870000,-12.000000,-14.000000,0.000000,0.000000,1.000000,0.000000,-0.390000,-0.060000
41.907001,-308.000000,-308.000000,3.920000,-12.000000,-14.000000,0.000000,0.000000,1.000000,0.000000,-0.390000,-0.010000
41.911999,-309.000000,-309.000000,3.950000,-10.000000,-12.000000,0.000000,0.000000,1.000000,0.000000,-0.400000,-0.010000
41.917000,-311.000000,-311.000000,3.800000,-10.000000,-12.000000,0.000000,0.000000,1.000000,0.000000,-0.380000,0.030000
41.922001,-294.000000,-294.000000,4.040000,-14.000000,-16.000000,0.000000,0.000000,1.000000,0.000000,-0.400000,-0.050000
41.926998,-322.000000,-322.000000,3.960000,-14.000000,-16.000000,0.000000,0.000000,1.000000,0.000000,-0.400000,0.010000
41.931999,-309.000000,-309.000000,3.950000,-12.000000,-14.000000,0.000000,0.000000,1.000000,0.000000,-0.400000,0.000000
41.937000,-310.000000,-310.000000,3.900000,-12.000000,-14.000000,0.000000,0.000000,1.000000,0.000000,-0.390000,0.010000
41.942001,-305.000000,-305.000000,4.140000,-16.000000,-16.000000,0.000000,0.000000,1.000000,0.000000,-0.410000,-0.050000
41.946999,-331.000000,-331.000000,4.150000,-16.000000,-16.000000,0.000000,0.000000,1.000000,0.000000,-0.410000,0.000000
41.952000,-327.000000,-327.000000,4.040000,-14.000000,-16.000000,0.000000,0.000000,1.000000,0.000000,-0.400000,0.020000
41.957001,-315.000000,-315.000000,3.880000,-14.000000,-16.000000,0.000000,0.000000,1.000000,0.000000,-0.390000,0.030000
41.962002,-301.000000,-301.000000,4.050000,-16.000000,-20.000000,0.000000,0.000000,1.000000,0.000000,-0.410000,-0.030000
41.966999,-322.000000,-322.000000,4.030000,-16.000000,-20.000000,0.000000,0.000000,1.000000,0.000000,-0.400000,0.000000
41.972000,-316.000000,-316.000000,4.070000,-16.000000,-18.000000,0.000000,0.000000,1.000000,0.000000,-0.410000,-0.010000
41.977001,-321.000000,-321.000000,3.930000,-16.000000,-18.000000,0.000000,0.000000,1.000000,0.000000,-0.390000,0.030000
41.981998,-306.000000,-306.000000,4.090000,-20.000000,-20.000000,0.000000,0.000000,1.000000,0.000000,-0.410000,-0.030000
41.987000,-325.000000,-325.000000,4.010000,-20.000000,-20.000000,0.000000,0.000000,1.000000,0.000000,-0.400000,0.020000
41.992001,-313.000000,-313.000000,4.060000,-16.000000,-56.000000,0.000000,0.000000,1.000000,0.000000,-0.410000,-0.010000
41.997002,-321.000000,-321.000000,3.870000,-16.000000,-56.000000,0.000000,0.000000,1.000000,0.000000,-0.390000,0.040000
42.001999,-299.000000,-299.000000,4.020000,-18.000000,-22.000000,0.000000,0.000000,1.000000,0.000000,-0.400000,-0.030000
42.007000,-319.000000,-319.000000,3.830000,-18.000000,-22.000000,0.000000,0.000000,1.000000,0.000000,-0.380000,0.040000
42.012001,-296.000000,-296.000000,3.800000,-18.000000,-20.000000,0.000000,0.000000,1.000000,0.000000,-0.380000,0.010000
42.016998,-296.000000,-296.000000,3.580000,-18.000000,-20.000000,0.000000,0.000000,1.000000,0.000000,-0.360000,0.040000
42.021999,-274.000000,-274.000000,3.730000,-20.000000,-22.000000,0.000000,0.000000,1.000000,0.000000,-0.370000,-0.030000
42.027000,-293.000000,-293.000000,3.630000,-20.000000,-22.000000,0.000000,0.000000,1.000000,0.000000,-0.360000,0.020000
42.032001,-280.000000,-280.000000,3.500000,-16.000000,-18.000000,0.000000,0.000000,1.000000,0.000000,-0.350000,0.030000
42.036999,-269.000000,-269.000000,3.330000,-16.000000,-18.000000,0.000000,0.000000,1.000000,0.000000,-0.330000,0.030000
42.042000,-255.000000,-255.000000,3.430000,-20.000000,-22.000000,0.000000,0.000000,1.000000,0.000000,-0.340000,-0.020000
42.047001,-267.000000,-267.000000,3.140000,-20.000000,-22.000000,0.000000,0.000000,1.000000,0.000000,-0.310000,0.060000
42.051998,-239.000000,-239.000000,3.040000,-18.000000,-20.000000,0.000000,0.000000,1.000000,0.000000,-0.300000,0.020000
42.056999,-234.000000,-234.000000,2.920000,-18.000000,-20.000000,0.000000,0.000000,1.000000,0.000000,-0.290000,0.020000
42.062000,-224.000000,-224.000000,3.060000,-18.000000,-22.000000,0.000000,0.000000,1.000000,0.000000,-0.310000,-0.030000
42.067001,-239.000000,-239.000000,2.930000,-18.000000,-22.000000,0.000000,0.000000,1.000000,0.000000,-0.290000,0.030000
42.071999,-225.000000,-225.000000,2.880000,-16.000000,-18.000000,0.000000,0.000000,1.000000,0.000000,-0.290000,0.010000
42.077000,-222.000000,-222.000000,2.660000,-16.000000,-18.000000,0.000000,0.000000,1.000000,0.000000,-0.270000,0.040000
42.082001,-203.000000,-203.000000,2.760000,-18.000000,-20.000000,0.000000,0.000000,1.000000,0.000000,-0.280000,-0.020000
42.087002,-215.000000,-215.000000,2.630000,-18.000000,-20.000000,0.000000,0.000000,1.000000,0.000000,-0.260000,0.030000
42.091999,-202.000000,-202.000000,2.450000,-16.000000,-18.000000,0.000000,0.000000,1.000000,0.000000,-0.240000,0.040000
42.097000,-187.000000,-187.000000,2.340000,-16.000000,-18.000000,0.000000,0.000000,1.000000,0.000000,-0.230000,0.020000
42.102001,-180.000000,-180.000000,2.440000,-18.000000,-20.000000,0.000000,0.000000,1.000000,0.000000,-0.240000,-0.020000
42.106998,-190.000000,-190.000000,2.260000,-18.000000,-20.000000,0.000000,0.000000,1.000000,0.000000,-0.230000,0.040000
42.112000,-173.000000,-173.000000,2.230000,-16.000000,-16.000000,0.000000,0.000000,1.000000,0.000000,-0.220000,0.010000
42.117001,-173.000000,-173.000000,2.200000,-16.000000,-16.000000,0.000000,0.000000,1.000000,0.000000,-0.220000,0.010000
42.122002,-170.000000,-170.000000,2.310000,-16.000000,-16.000000,0.000000,0.000000,1.000000,0.000000,-0.230000,-0.020000
42.126999,-180.000000,-180.000000,2.230000,-16.000000,-16.000000,0.000000,0.000000,1.000000,0.000000,-0.220000,0.020000
42.132000,-172.000000,-172.000000,2.200000,-12.000000,-16.000000,0.000000,0.000000,1.000000,0.000000,-0.220000,0.010000
42.137001,-170.000000,-170.000000,2.240000,-12.000000,-16.000000,0.000000,0.000000,1.000000,0.000000,-0.220000,-0.010000
42.141998,-174.000000,-174.000000,2.340000,-14.000000,-16.000000,0.000000,0.000000,1.000000,0.000000,-0.230000,-0.020000
42.146999,-182.000000,-182.000000,2.320000,-14.000000,-16.000000,0.000000,0.000000,1.000000,0.000000,-0.230000,0.000000
42.152000,-180.000000,-180.000000,2.340000,-12.000000,-14.000000,0.000000,0.000000,1.000000,0.000000,-0.230000,0.000000
42.157001,-182.000000,-182.000000,2.390000,-12.000000,-14.000000,0.000000,0.000000,1.000000,0.000000,-0.240000,-0.010000
42.161999,-186.000000,-186.000000,2.620000,-14.000000,-16.000000,0.000000,0.000000,1.000000,0.000000,-0.260000,-0.040000
42.167000,-205.000000,-205.000000,2.610000,-14.000000,-16.000000,0.000000,0.000000,1.000000,0.000000,-0.260000,0.000000
42.172001,-202.000000,-202.000000,2.670000,-12.000000,-14.000000,0.000000,0.000000,1.000000,0.000000,-0.270000,-0.010000
42.176998,-208.000000,-208.000000,2.690000,-12.000000,-14.000000,0.000000,0.000000,1.000000,0.000000,-0.270000,0.000000
42.181999,-209.000000,-209.000000,2.970000,-16.000000,-14.000000,0.000000,0.000000,1.000000,0.000000,-0.300000,-0.060000
42.187000,-234.000000,-234.000000,3.050000,-16.000000,-14.000000,0.000000,0.000000,1.000000,0.000000,-0.300000,-0.020000
42.192001,-237.000000,-237.000000,3.480000,-12.000000,-12.000000,0.000000,0.000000,1.000000,0.000000,-0.350000,-0.090000
42.196999,-278.000000,-278.000000,3.320000,-12.000000,-12.000000,0.000000,0.000000,1.000000,0.000000,-0.330000,0.030000
42.202000,-254.000000,-254.000000,3.580000,-16.000000,-16.000000,0.000000,0.000000,1.000000,0.000000,-0.360000,-0.050000
42.207001,-283.000000,-283.000000,3.450000,-16.000000,-16.000000,0.000000,0.000000,1.000000,0.000000,-0.340000,0.030000
42.212002,-264.000000,-264.000000,3.530000,-12.000000,-14.000000,0.000000,0.000000,1.000000,0.000000,-0.350000,-0.020000
42.216999,-275.000000,-275.000000,3.430000,-12.000000,-14.000000,0.000000,0.000000,1.000000,0.000000,-0.340000,0.020000
42.222000,-264.000000,-264.000000,3.660000,-16.000000,-16.000000,0.000000,0.000000,1.000000,0.000000,-0.370000,-0.050000
42.227001,-289.000000,-289.000000,3.630000,-16.000000,-16.000000,0.000000,0.000000,1.000000,0.000000,-0.360000,0.010000
42.231998,-281.000000,-281.000000,3.630000,-14.000000,-14.000000,0.000000,0.000000,1.000000,0.000000,-0.360000,0.000000
42.237000,-282.000000,-282.000000,3.520000,-14.000000,-14.000000,0.000000,0.000000,1.000000,0.000000,-0.350000,0.020000
42.242001,-271.000000,-271.000000,3.630000,-16.000000,-18.000000,0.000000,0.000000,1.000000,0.000000,-0.360000,-0.020000
42.247002,-285.000000,-285.000000,3.460000,-16.000000,-18.000000,0.000000,0.000000,1.000000,0.000000,-0.350000,0.030000
42.251999,-265.000000,-265.000000,3.290000,-16.000000,-16.000000,0.000000,0.000000,1.000000,0.000000,-0.330000,0.030000
42.257000,-252.000000,-252.000000,2.950000,-16.000000,-16.000000,0.000000,0.000000,1.000000,0.000000,-0.300000,0.070000
42.262001,-223.000000,-223.000000,2.880000,-18.000000,-18.000000,0.000000,0.000000,1.000000,0.000000,-0.290000,0.020000
42.266998,-222.000000,-222.000000,2.500000,-18.000000,-18.000000,0.000000,0.000000,1.000000,0.000000,-0.250000,0.080000
42.271999,-188.000000,-188.000000,2.120000,-16.000000,-16.000000,0.000000,0.000000,1.000000,0.000000,-0.210000,0.080000
42.277000,-160.000000,-160.000000,1.630000,-16.000000,-16.000000,0.000000,0.000000,1.000000,0.000000,-0.160000,0.100000
42.282001,-122.000000,-122.000000,1.340000,-16.000000,-18.000000,0.000000,0.000000,1.000000,0.000000,-0.130000,0.060000
42.286999,-102.000000,-102.000000,0.880000,-16.000000,-18.000000,0.000000,0.000000,1.000000,0.000000,-0.090000,0.090000
42.292000,-65.000000,-65.000000,0.360000,-14.000000,-16.000000,0.000000,0.000000,1.000000,0.000000,-0.040000,0.100000
42.297001,-26.000000,-26.000000,-0.190000,-14.000000,-16.000000,0.000000,0.000000,1.000000,0.000000,0.020000,0.110000
42.301998,15.000000,15.000000,-0.700000,-14.000000,-16.000000,0.000000,0.000000,1.000000,0.000000,0.070000,0.100000
42.306999,52.000000,52.000000,-1.240000,-14.000000,-16.000000,0.000000,0.000000,1.000000,0.000000,0.120000,0.110000
42.312000,91.000000,91.000000,-1.740000,-12.000000,-12.000000,0.000000,0.000000,1.000000,0.000000,0.170000,0.100000
42.317001,126.000000,126.000000,-2.260000,-12.000000,-12.000000,0.000000,0.000000,1.000000,0.000000,0.230000,0.100000
42.321999,162.000000,162.000000,-2.770000,-8.000000,-6.000000,0.000000,0.000000,1.000000,0.000000,0.280000,0.100000
42.327000,195.000000,195.000000,-3.200000,-8.000000,-6.000000,0.000000,0.000000,1.000000,0.000000,0.320000,0.090000
42.332001,223.000000,223.000000,-3.540000,-6.000000,-6.000000,0.000000,0.000000,1.000000,0.000000,0.350000,0.070000
42.337002,244.000000,244.000000,-3.860000,-6.000000,-6.000000,0.000000,0.000000,1.000000,0.000000,0.390000,0.070000
42.341999,261.000000,261.000000,-4.460000,0.000000,-2.000000,0.000000,0.000000,1.000000,0.000000,0.450000,0.120000
42.347000,290.000000,290.000000,-4.610000,0.000000,-2.000000,0.000000,0.000000,1.000000,0.000000,0.460000,0.030000
42.352001,296.000000,296.000000,-4.700000,0.000000,2.000000,0.000000,0.000000,1.000000,0.000000,0.470000,0.020000
42.356998,300.000000,300.000000,-4.620000,0.000000,2.000000,0.000000,0.000000,1.000000,0.000000,0.460000,-0.020000
42.362000,296.000000,296.000000,-4.990000,4.000000,6.000000,0.000000,0.000000,1.000000,0.000000,0.500000,0.080000
42.367001,313.000000,313.000000,-4.980000,4.000000,6.000000,0.000000,0.000000,1.000000,0.000000,0.500000,0.000000
42.372002,311.000000,311.000000,-4.920000,4.000000,6.000000,0.000000,0.000000,1.000000,0.000000,0.490000,-0.010000
42.376999,309.000000,309.000000,-4.690000,4.000000,6.000000,0.000000,0.000000,1.000000,0.000000,0.470000,-0.050000
42.382000,298.000000,298.000000,-4.850000,8.000000,10.000000,0.000000,0.000000,1.000000,0.000000,0.490000,0.030000
42.387001,307.000000,307.000000,-4.670000,8.000000,10.000000,0.000000,0.000000,1.000000,0.000000,0.470000,-0.040000
42.391998,298.000000,298.000000,-4.470000,10.000000,10.000000,0.000000,0.000000,1.000000,0.000000,0.450000,-0.040000
42.396999,289.000000,289.000000,-4.110000,10.000000,10.000000,0.000000,0.000000,1.000000,0.000000,0.410000,-0.070000
42.402000,272.000000,272.000000,-4.150000,12.000000,14.000000,0.000000,0.000000,1.000000,0.000000,0.410000,0.010000
42.407001,275.000000,275.000000,-3.900000,12.000000,14.000000,0.000000,0.000000,1.000000,0.000000,0.390000,-0.050000
42.411999,262.000000,262.000000,-3.650000,12.000000,12.000000,0.000000,0.000000,1.000000,0.000000,0.370000,-0.050000
42.417000,249.000000,249.000000,-3.280000,12.000000,12.000000,0.000000,0.000000,1.000000,0.000000,0.330000,-0.070000
42.422001,227.000000,227.000000,-3.340000,14.000000,14.000000,0.000000,0.000000,1.000000,0.000000,0.330000,0.010000
42.426998,232.000000,232.000000,-3.160000,14.000000,14.000000,0.000000,0.000000,1.000000,0.000000,0.320000,-0.040000
42.431999,220.000000,220.000000,-3.090000,14.000000,14.000000,0.000000,0.000000,1.000000,0.000000,0.310000,-0.010000
42.437000,217.000000,217.000000,-2.840000,14.000000,14.000000,0.000000,0.000000,1.000000,0.000000,0.280000,-0.050000
42.442001,199.000000,199.000000,-2.780000,16.000000,14.000000,0.000000,0.000000,1.000000,0.000000,0.280000,-0.010000
42.446999,197.000000,197.000000,-2.630000,16.000000,14.000000,0.000000,0.000000,1.000000,0.000000,0.260000,-0.030000
42.452000,187.000000,187.000000,-2.630000,12.000000,12.000000,0.000000,0.000000,1.000000,0.000000,0.260000,0.000000
42.457001,187.000000,187.000000,-2.560000,12.000000,12.000000,0.000000,0.000000,1.000000,0.000000,0.260000,-0.010000
42.462002,183.000000,183.000000,-2.720000,14.000000,16.000000,0.000000,0.000000,1.000000,0.000000,0.270000,0.030000
42.466999,193.000000,193.000000,-2.750000,14.000000,16.000000,0.000000,0.000000,1.000000,0.000000,0.270000,0.010000
42.472000,195.000000,195.000000,-2.860000,12.000000,12.000000,0.000000,0.000000,1.000000,0.000000,0.290000,0.020000
42.477001,202.000000,202.000000,-2.750000,12.000000,12.000000,0.000000,0.000000,1.000000,0.000000,0.280000,-0.020000
42.481998,195.000000,195.000000,-2.950000,14.000000,16.000000,0.000000,0.000000,1.000000,0.000000,0.300000,0.040000
42.487000,208.000000,208.000000,-2.950000,14.000000,16.000000,0.000000,0.000000,1.000000,0.000000,0.300000,0.000000
42.492001,208.000000,208.000000,-2.950000,12.000000,12.000000,0.000000,0.000000,1.000000,0.000000,0.290000,0.000000
42.497002,208.000000,208.000000,-2.880000,12.000000,12.000000,0.000000,0.000000,1.000000,0.000000,0.290000,-0.010000
42.501999,203.000000,203.000000,-2.980000,14.000000,14.000000,0.000000,0.000000,1.000000,0.000000,0.300000,0.020000
42.507000,210.000000,210.000000,-2.940000,14.000000,14.000000,0.000000,0.000000,1.000000,0.000000,0.290000,-0.010000
42.512001,207.000000,207.000000,-2.960000,12.000000,14.000000,0.000000,0.000000,1.000000,0.000000,0.300000,0.000000
42.516998,208.000000,208.000000,-2.910000,12.000000,14.000000,0.000000,0.000000,1.000000,0.000000,0.290000,-0.010000
42.521999,205.000000,205.000000,-3.080000,16.000000,16.000000,0.000000,0.000000,1.000000,0.000000,0.310000,0.030000
42.527000,216.000000,216.000000,-3.060000,16.000000,16.000000,0.000000,0.000000,1.000000,0.000000,0.310000,0.000000
42.532001,215.000000,215.000000,-3.160000,12.000000,12.000000,0.000000,0.000000,1.000000,0.000000,0.320000,0.020000
42.536999,221.000000,221.000000,-3.110000,12.000000,12.000000,0.000000,0.000000,1.000000,0.000000,0.310000,-0.010000
42.542000,218.000000,218.000000,-3.320000,14.000000,16.000000,0.000000,0.000000,1.000000,0.000000,0.330000,0.040000
42.547001,231.000000,231.000000,-3.350000,14.000000,16.000000,0.000000,0.000000,1.000000,0.000000,0.330000,0.000000
42.551998,233.000000,233.000000,-3.430000,14.000000,12.000000,0.000000,0.000000,1.000000,0.000000,0.340000,0.020000
42.556999,238.000000,238.000000,-3.360000,14.000000,12.000000,0.000000,0.000000,1.000000,0.000000,0.340000,-0.010000
42.562000,234.000000,234.000000,-3.550000,16.000000,14.000000,0.000000,0.000000,1.000000,0.000000,0.360000,0.040000
42.567001,245.000000,245.000000,-3.610000,16.000000,14.000000,0.000000,0.000000,1.000000,0.000000,0.360000,0.010000
42.571999,248.000000,248.000000,-3.690000,14.000000,14.000000,0.000000,0.000000,1.000000,0.000000,0.370000,0.020000
42.577000,253.000000,253.000000,-3.630000,14.000000,14.000000,0.000000,0.000000,1.000000,0.000000,0.360000,-0.010000
42.582001,249.000000,249.000000,-3.790000,16.000000,16.000000,0.000000,0.000000,1.000000,0.000000,0.380000,0.030000
42.587002,258.000000,258.000000,-3.770000,16.000000,16.000000,0.000000,0.000000,1.000000,0.000000,0.380000,-0.010000
42.591999,256.000000,256.000000,-3.730000,14.000000,12.000000,0.000000,0.000000,1.000000,0.000000,0.370000,-0.010000
42.597000,254.000000,254.000000,-3.640000,14.000000,12.000000,0.000000,0.000000,1.000000,0.000000,0.360000,-0.020000
42.602001,249.000000,249.000000,-3.720000,18.000000,16.000000,0.000000,0.000000,1.000000,0.000000,0.370000,0.020000
42.606998,254.000000,254.000000,-3.710000,18.000000,16.000000,0.000000,0.000000,1.000000,0.000000,0.370000,0.000000
42.612000,254.000000,254.000000,-3.690000,14.000000,14.000000,0.000000,0.000000,1.000000,0.000000,0.370000,0.000000
42.617001,252.000000,252.000000,-3.550000,14.000000,14.000000,0.000000,0.000000,1.000000,0.000000,0.360000,-0.030000
42.622002,244.000000,244.000000,-3.640000,16.000000,16.000000,0.000000,0.000000,1.000000,0.000000,0.360000,0.020000
42.626999,250.000000,250.000000,-3.420000,16.000000,16.000000,0.000000,0.000000,1.000000,0.000000,0.340000,-0.040000
42.632000,236.000000,236.000000,-3.250000,14.000000,14.000000,0.000000,0.000000,1.000000,0.000000,0.330000,-0.030000
42.637001,226.000000,226.000000,-3.030000,14.000000,14.000000,0.000000,0.000000,1.000000,0.000000,0.300000,-0.040000
42.641998,212.000000,212.000000,-3.080000,16.000000,16.000000,0.000000,0.000000,1.000000,0.000000,0.310000,0.010000
42.646999,216.000000,216.000000,-2.930000,16.000000,16.000000,0.000000,0.000000,1.000000,0.000000,0.290000,-0.030000
42.652000,206.000000,206.000000,-2.720000,14.000000,14.000000,0.000000,0.000000,1.000000,0.000000,0.270000,-0.040000
42.657001,192.000000,192.000000,-2.370000,14.000000,14.000000,0.000000,0.000000,1.000000,0.000000,0.240000,-0.070000
42.661999,169.000000,169.000000,-2.220000,16.000000,16.000000,0.000000,0.000000,1.000000,0.000000,0.220000,-0.030000
42.667000,160.000000,160.000000,-1.860000,16.000000,16.000000,0.000000,0.000000,1.000000,0.000000,0.190000,-0.070000
42.672001,134.000000,134.000000,-1.660000,16.000000,14.000000,0.000000,0.000000,1.000000,0.000000,0.170000,-0.040000
42.676998,121.000000,121.000000,-1.300000,16.000000,14.000000,0.000000,0.000000,1.000000,0.000000,0.130000,-0.070000
42.681999,95.000000,95.000000,-0.990000,16.000000,16.000000,0.000000,0.000000,1.000000,0.000000,0.100000,-0.060000
42.687000,73.000000,73.000000,-0.750000,16.000000,16.000000,0.000000,0.000000,1.000000,0.000000,0.070000,-0.050000
42.692001,55.000000,55.000000,-0.540000,14.000000,12.000000,0.000000,0.000000,1.000000,0.000000,0.050000,-0.040000
42.696999,40.000000,40.000000,-0.390000,14.000000,12.000000,0.000000,0.000000,1.000000,0.000000,0.040000,-0.030000
42.702000,29.000000,29.000000,-0.100000,12.000000,12.000000,0.000000,0.000000,1.000000,0.000000,0.010000,-0.060000
42.707001,6.000000,6.000000,0.110000,12.000000,12.000000,0.000000,0.000000,1.000000,0.000000,-0.010000,-0.040000
42.712002,-10.000000,-10.000000,0.340000,10.000000,10.000000,0.000000,0.000000,1.000000,0.000000,-0.030000,-0.050000
42.716999,-27.000000,-27.000000,0.550000,10.000000,10.000000,0.000000,0.000000,1.000000,0.000000,-0.060000,-0.040000
42.722000,-44.000000,-44.000000,0.780000,8.000000,8.000000,0.000000,0.000000,1.000000,0.000000,-0.080000,-0.050000
42.727001,-61.000000,-61.000000,0.940000,8.000000,8.000000,0.000000,0.000000,1.000000,0.000000,-0.090000,-0.030000
42.731998,-74.000000,-74.000000,1.060000,6.000000,6.000000,0.000000,0.000000,1.000000,0.000000,-0.110000,-0.020000
42.737000,-83.000000,-83.000000,1.230000,6.000000,6.000000,0.000000,0.000000,1.000000,0.000000,-0.120000,-0.040000
42.742001,-96.000000,-96.000000,1.380000,4.000000,2.000000,0.000000,0.000000,1.000000,0.000000,-0.140000,-0.030000
42.747002,-108.000000,-108.000000,1.470000,4.000000,2.000000,0.000000,0.000000,1.000000,0.000000,-0.150000,-0.020000
42.751999,-114.000000,-114.000000,1.450000,2.000000,2.000000,0.000000,0.000000,1.000000,0.000000,-0.140000,0.000000
42.757000,-112.000000,-112.000000,1.480000,2.000000,2.000000,0.000000,0.000000,1.000000,0.000000,-0.150000,-0.010000
42.762001,-115.000000,-115.000000,1.600000,0.000000,0.000000,0.000000,0.000000,1.000000,0.000000,-0.160000,-0.020000
42.766998,-124.000000,-124.000000,1.680000,0.000000,0.000000,0.000000,0.000000,1.000000,0.000000,-0.170000,-0.020000
42.771999,-131.000000,-131.000000,1.560000,0.000000,0.000000,0.000000,0.000000,1.000000,0.000000,-0.160000,0.020000
42.777000,-120.000000,-120.000000,1.580000,0.000000,0.000000,0.000000,0.000000,1.000000,0.000000,-0.160000,0.000000
42.782001,-123.000000,-123.000000,1.620000,-2.000000,-2.000000,0.000000,0.000000,1.000000,0.000000,-0.160000,-0.010000
42.786999,-126.000000,-126.000000,1.710000,-2.000000,-2.000000,0.000000,0.000000,1.000000,0.000000,-0.170000,-0.020000
42.792000,-133.000000,-133.000000,1.650000,-2.000000,-4.000000,0.000000,0.000000,1.000000,0.000000,-0.170000,0.010000
42.797001,-127.000000,-127.000000,1.790000,-2.000000,-4.000000,0.000000,0.000000,1.000000,0.000000,-0.180000,-0.030000
42.801998,-140.000000,-140.000000,1.920000,-4.000000,-4.000000,0.000000,0.000000,1.000000,0.000000,-0.190000,-0.030000
42.806999,-150.000000,-150.000000,2.060000,-4.000000,-4.000000,0.000000,0.000000,1.000000,0.000000,-0.210000,-0.030000
42.812000,-161.000000,-161.000000,2.060000,-4.000000,-4.000000,0.000000,0.000000,1.000000,0.000000,-0.210000,0.000000
42.817001,-160.000000,-160.000000,2.080000,-4.000000,-4.000000,0.000000,0.000000,1.000000,0.000000,-0.210000,0.000000
42.821999,-161.000000,-161.000000,2.220000,-4.000000,-6.000000,0.000000,0.000000,1.000000,0.000000,-0.220000,-0.030000
42.827000,-173.000000,-173.000000,2.350000,-4.000000,-6.000000,0.000000,0.000000,1.000000,0.000000,-0.240000,-0.030000
42.832001,-184.000000,-184.000000,2.440000,-4.000000,-6.000000,0.000000,0.000000,1.000000,0.000000,-0.240000,-0.020000
42.837002,-190.000000,-190.000000,2.460000,-4.000000,-6.000000,0.000000,0.000000,1.000000,0.000000,-0.250000,0.000000
42.841999,-191.000000,-191.000000,2.750000,-8.000000,-10.000000,0.000000,0.000000,1.000000,0.000000,-0.270000,-0.060000
42.847000,-216.000000,-216.000000,2.910000,-8.000000,-10.000000,0.000000,0.000000,1.000000,0.000000,-0.290000,-0.030000
42.852001,-228.000000,-228.000000,2.990000,-6.000000,-8.000000,0.000000,0.000000,1.000000,0.000000,-0.300000,-0.010000
42.856998,-232.000000,-232.000000,2.860000,-6.000000,-8.000000,0.000000,0.000000,1.000000,0.000000,-0.290000,0.030000
42.862000,-219.000000,-219.000000,3.110000,-12.000000,-10.000000,0.000000,0.000000,1.000000,0.000000,-0.310000,-0.050000
42.867001,-244.000000,-244.000000,3.150000,-12.000000,-10.000000,0.000000,0.000000,1.000000,0.000000,-0.310000,-0.010000
42.872002,-244.000000,-244.000000,3.270000,-10.000000,-10.000000,0.000000,0.000000,1.000000,0.000000,-0.330000,-0.020000
42.876999,-255.000000,-255.000000,3.220000,-10.000000,-10.000000,0.000000,0.000000,1.000000,0.000000,-0.320000,0.010000
42.882000,-249.000000,-249.000000,3.330000,-12.000000,-12.000000,0.000000,0.000000,1.000000,0.000000,-0.330000,-0.020000
42.887001,-260.000000,-260.000000,3.330000,-12.000000,-12.000000,0.000000,0.000000,1.000000,0.000000,-0.330000,0.000000
42.891998,-258.000000,-258.000000,3.310000,-10.000000,-12.000000,0.000000,0.000000,1.000000,0.000000,-0.330000,0.000000
42.896999,-256.000000,-256.000000,3.220000,-10.000000,-12.000000,0.000000,0.000000,1.000000,0.000000,-0.320000,0.020000
42.902000,-248.000000,-248.000000,3.380000,-12.000000,-14.000000,0.000000,0.000000,1.000000,0.000000,-0.340000,-0.030000
42.907001,-264.000000,-264.000000,3.310000,-12.000000,-14.000000,0.000000,0.000000,1.000000,0.000000,-0.330000,0.010000
42.911999,-255.000000,-255.000000,3.290000,-12.000000,-12.000000,0.000000,0.000000,1.000000,0.000000,-0.330000,0.000000
42.917000,-254.000000,-254.000000,3.110000,-12.000000,-12.000000,0.000000,0.000000,1.000000,0.000000,-0.310000,0.040000
42.922001,-238.000000,-238.000000,3.260000,-14.000000,-14.000000,0.000000,0.000000,1.000000,0.000000,-0.330000,-0.030000
42.926998,-254.000000,-254.000000,3.150000,-14.000000,-14.000000,0.000000,0.000000,1.000000,0.000000,-0.320000,0.020000
42.931999,-242.000000,-242.000000,2.980000,-12.000000,-14.000000,0.000000,0.000000,1.000000,0.000000,-0.300000,0.040000
42.937000,-228.000000,-228.000000,2.720000,-12.000000,-14.000000,0.000000,0.000000,1.000000,0.000000,-0.270000,0.050000
42.942001,-207.000000,-207.000000,2.750000,-16.000000,-16.000000,0.000000,0.000000,1.000000,0.000000,-0.280000,-0.010000
42.946999,-214.000000,-214.000000,2.540000,-16.000000,-16.000000,0.000000,0.000000,1.000000,0.000000,-0.250000,0.040000
42.952000,-194.000000,-194.000000,2.430000,-14.000000,-16.000000,0.000000,0.000000,1.000000,0.000000,-0.240000,0.020000
42.957001,-186.000000,-186.000000,2.150000,-14.000000,-16.000000,0.000000,0.000000,1.000000,0.000000,-0.220000,0.050000
42.962002,-164.000000,-164.000000,2.040000,-16.000000,-16.000000,0.000000,0.000000,1.000000,0.000000,-0.200000,0.020000
42.966999,-157.000000,-157.000000,1.780000,-16.000000,-16.000000,0.000000,0.000000,1.000000,0.000000,-0.180000,0.050000
42.972000,-135.000000,-135.000000,1.560000,-10.000000,-14.000000,0.000000,0.000000,1.000000,0.000000,-0.160000,0.040000
42.977001,-119.000000,-119.000000,1.400000,-10.000000,-14.000000,0.000000,0.000000,1.000000,0.000000,-0.140000,0.030000
42.981998,-107.000000,-107.000000,1.240000,-12.000000,-16.000000,0.000000,0.000000,1.000000,0.000000,-0.120000,0.030000
42.987000,-95.000000,-95.000000,0.950000,-12.000000,-16.000000,0.000000,0.000000,1.000000,0.000000,-0.100000,0.060000
42.992001,-72.000000,-72.000000,0.740000,-12.000000,-12.000000,0.000000,0.000000,1.000000,0.000000,-0.070000,0.040000
42.997002,-57.000000,-57.000000,0.610000,-12.000000,-12.000000,0.000000,0.000000,1.000000,0.000000,-0.060000,0.030000
43.001999,-47.000000,-47.000000,0.460000,-10.000000,-12.000000,0.000000,0.000000,1.000000,0.000000,-0.050000,0.030000
43.007000,-36.000000,-36.000000,0.230000,-10.000000,-12.000000,0.000000,0.000000,1.000000,0.000000,-0.020000,0.050000
43.012001,-17.000000,-17.000000,0.040000,-10.000000,-10.000000,0.000000,0.000000,1.000000,0.000000,0.000000,0.040000
43.016998,-3.000000,-3.000000,-0.150000,-10.000000,-10.000000,0.000000,0.000000,1.000000,0.000000,0.020000,0.040000
43.021999,12.000000,12.000000,-0.260000,-8.000000,-10.000000,0.000000,0.000000,1.000000,0.000000,0.030000,0.020000
43.027000,19.000000,19.000000,-0.310000,-8.000000,-10.000000,0.000000,0.000000,1.000000,0.000000,0.030000,0.010000
43.032001,23.000000,23.000000,-0.280000,-6.000000,-8.000000,0.000000,0.000000,1.000000,0.000000,0.030000,-0.010000
43.036999,21.000000,21.000000,-0.240000,-6.000000,-8.000000,0.000000,0.000000,1.000000,0.000000,0.020000,-0.010000
43.042000,17.000000,17.000000,-0.160000,-4.000000,-6.000000,0.000000,0.000000,1.000000,0.000000,0.020000,-0.020000
43.047001,11.000000,11.000000,-0.050000,-4.000000,-6.000000,0.000000,0.000000,1.000000,0.000000,0.000000,-0.020000
43.051998,3.000000,3.000000,0.080000,-4.000000,-6.000000,0.000000,0.000000,1.000000,0.000000,-0.010000,-0.030000
43.056999,-7.000000,-7.000000,0.210000,-4.000000,-6.000000,0.000000,0.000000,1.000000,0.000000,-0.020000,-0.030000
43.062000,-17.000000,-17.000000,0.380000,-4.000000,-2.000000,0.000000,0.000000,1.000000,0.000000,-0.040000,-0.030000
43.067001,-30.000000,-30.000000,0.560000,-4.000000,-2.000000,0.000000,0.000000,1.000000,0.000000,-0.060000,-0.040000
43.071999,-44.000000,-44.000000,0.760000,-2.000000,-2.000000,0.000000,0.000000,1.000000,0.000000,-0.080000,-0.040000
43.077000,-60.000000,-60.000000,1.080000,-2.000000,-2.000000,0.000000,0.000000,1.000000,0.000000,-0.110000,-0.060000
43.082001,-85.000000,-85.000000,1.400000,-4.000000,-2.000000,0.000000,0.000000,1.000000,0.000000,-0.140000,-0.060000
43.087002,-110.000000,-110.000000,1.640000,-4.000000,-2.000000,0.000000,0.000000,1.000000,0.000000,-0.160000,-0.050000
43.091999,-129.000000,-129.000000,1.840000,-2.000000,-2.000000,0.000000,0.000000,1.000000,0.000000,-0.180000,-0.040000
43.097000,-144.000000,-144.000000,2.120000,-2.000000,-2.000000,0.000000,0.000000,1.000000,0.000000,-0.210000,-0.060000
43.102001,-167.000000,-167.000000,2.380000,-4.000000,-4.000000,0.000000,0.000000,1.000000,0.000000,-0.240000,-0.050000
43.106998,-187.000000,-187.000000,2.550000,-4.000000,-4.000000,0.000000,0.000000,1.000000,0.000000,-0.250000,-0.030000
43.112000,-199.000000,-199.000000,2.670000,-4.000000,-4.000000,0.000000,0.000000,1.000000,0.000000,-0.270000,-0.020000
43.117001,-208.000000,-208.000000,2.720000,-4.000000,-4.000000,0.000000,0.000000,1.000000,0.000000,-0.270000,-0.010000
43.122002,-211.000000,-211.000000,2.940000,-6.000000,-6.000000,0.000000,0.000000,1.000000,0.000000,-0.290000,-0.040000
43.126999,-231.000000,-231.000000,3.040000,-6.000000,-6.000000,0.000000,0.000000,1.000000,0.000000,-0.300000,-0.020000
43.132000,-236.000000,-236.000000,3.110000,-6.000000,-6.000000,0.000000,0.000000,1.000000,0.000000,-0.310000,-0.010000
43.137001,-242.000000,-242.000000,3.010000,-6.000000,-6.000000,0.000000,0.000000,1.000000,0.000000,-0.300000,0.020000
43.141998,-231.000000,-231.000000,3.190000,-10.000000,-8.000000,0.000000,0.000000,1.000000,0.000000,-0.320000,-0.040000
43.146999,-250.000000,-250.000000,3.180000,-10.000000,-8.000000,0.000000,0.000000,1.000000,0.000000,-0.320000,0.000000
43.152000,-246.000000,-246.000000,3.100000,-8.000000,-8.000000,0.000000,0.000000,1.000000,0.000000,-0.310000,0.020000
43.157001,-239.000000,-239.000000,2.950000,-8.000000,-8.000000,0.000000,0.000000,1.000000,0.000000,-0.300000,0.030000
43.161999,-226.000000,-226.000000,2.920000,-10.000000,-12.000000,0.000000,0.000000,1.000000,0.000000,-0.290000,0.010000
43.167000,-225.000000,-225.000000,2.760000,-10.000000,-12.000000,0.000000,0.000000,1.000000,0.000000,-0.280000,0.030000
43.172001,-211.000000,-211.000000,2.560000,-10.000000,-10.000000,0.000000,0.000000,1.000000,0.000000,-0.260000,0.040000
43.176998,-196.000000,-196.000000,2.280000,-10.000000,-10.000000,0.000000,0.000000,1.000000,0.000000,-0.230000,0.060000
43.181999,-173.000000,-173.000000,2.040000,-12.000000,-14.000000,0.000000,0.000000,1.000000,0.000000,-0.200000,0.050000
43.187000,-155.000000,-155.000000,1.680000,-12.000000,-14.000000,0.000000,0.000000,1.000000,0.000000,-0.170000,0.070000
43.192001,-127.000000,-127.000000,1.370000,-10.000000,-10.000000,0.000000,0.000000,1.000000,0.000000,-0.140000,0.060000
43.196999,-103.000000,-103.000000,1.010000,-10.000000,-10.000000,0.000000,0.000000,1.000000,0.000000,-0.100000,0.070000
43.202000,-76.000000,-76.000000,0.640000,-12.000000,-10.000000,0.000000,0.000000,1.000000,0.000000,-0.060000,0.070000
43.207001,-48.000000,-48.000000,0.260000,-12.000000,-10.000000,0.000000,0.000000,1.000000,0.000000,-0.030000,0.080000
43.212002,-19.000000,-19.000000,-0.160000,-10.000000,-10.000000,0.000000,0.000000,1.000000,0.000000,0.020000,0.080000
43.216999,13.000000,13.000000,-0.600000,-10.000000,-10.000000,0.000000,0.000000,1.000000,0.000000,0.060000,0.090000
43.222000,45.000000,45.000000,-1.070000,-10.000000,-8.000000,0.000000,0.000000,1.000000,0.000000,0.110000,0.090000
43.227001,79.000000,79.000000,-1.570000,-10.000000,-8.000000,0.000000,0.000000,1.000000,0.000000,0.160000,0.100000
43.231998,115.000000,115.000000,-1.950000,-6.000000,-8.000000,0.000000,0.000000,1.000000,0.000000,0.200000,0.080000
43.237000,141.000000,141.000000,-2.280000,-6.000000,-8.000000,0.000000,0.000000,1.000000,0.000000,0.230000,0.060000
43.242001,163.000000,163.000000,-2.700000,-4.000000,-4.000000,0.000000,0.000000,1.000000,0.000000,0.270000,0.080000
43.247002,191.000000,191.000000,-3.020000,-4.000000,-4.000000,0.000000,0.000000,1.000000,0.000000,0.300000,0.060000
43.251999,212.000000,212.000000,-3.150000,-2.000000,-4.000000,0.000000,0.000000,1.000000,0.000000,0.310000,0.030000
43.257000,220.000000,220.000000,-3.320000,-2.000000,-4.000000,0.000000,0.000000,1.000000,0.000000,0.330000,0.030000
43.262001,231.000000,231.000000,-3.680000,2.000000,2.000000,0.000000,0.000000,1.000000,0.000000,0.370000,0.070000
43.266998,252.000000,252.000000,-3.850000,2.000000,2.000000,0.000000,0.000000,1.000000,0.000000,0.390000,0.030000
43.271999,261.000000,261.000000,-3.940000,2.000000,4.000000,0.000000,0.000000,1.000000,0.000000,0.390000,0.020000
43.277000,265.000000,265.000000,-3.950000,2.000000,4.000000,0.000000,0.000000,1.000000,0.000000,0.400000,0.000000
43.282001,266.000000,266.000000,-4.400000,6.000000,8.000000,0.000000,0.000000,1.000000,0.000000,0.440000,0.090000
43.286999,287.000000,287.000000,-4.440000,6.000000,8.000000,0.000000,0.000000,1.000000,0.000000,0.440000,0.010000
43.292000,289.000000,289.000000,-4.450000,8.000000,6.000000,0.000000,0.000000,1.000000,0.000000,0.440000,0.000000
43.297001,289.000000,289.000000,-4.250000,8.000000,6.000000,0.000000,0.000000,1.000000,0.000000,0.430000,-0.040000
43.301998,279.000000,279.000000,-4.450000,10.000000,12.000000,0.000000,0.000000,1.000000,0.000000,0.450000,0.040000
43.306999,289.000000,289.000000,-4.390000,10.000000,12.000000,0.000000,0.000000,1.000000,0.000000,0.440000,-0.010000
43.312000,286.000000,286.000000,-4.340000,10.000000,10.000000,0.000000,0.000000,1.000000,0.000000,0.430000,-0.010000
43.317001,284.000000,284.000000,-4.030000,10.000000,10.000000,0.000000,0.000000,1.000000,0.000000,0.400000,-0.060000
43.321999,268.000000,268.000000,-3.980000,12.000000,14.000000,0.000000,0.000000,1.000000,0.000000,0.400000,-0.010000
43.327000,267.000000,267.000000,-3.770000,12.000000,14.000000,0.000000,0.000000,1.000000,0.000000,0.380000,-0.040000
43.332001,255.000000,255.000000,-3.640000,10.000000,12.000000,0.000000,0.000000,1.000000,0.000000,0.360000,-0.030000
43.337002,249.000000,249.000000,-3.390000,10.000000,12.000000,0.000000,0.000000,1.000000,0.000000,0.340000,-0.050000
43.341999,234.000000,234.000000,-3.360000,16.000000,14.000000,0.000000,0.000000,1.000000,0.000000,0.340000,-0.010000
43.347000,233.000000,233.000000,-3.100000,16.000000,14.000000,0.000000,0.000000,1.000000,0.000000,0.310000,-0.050000
43.352001,216.000000,216.000000,-2.840000,12.000000,12.000000,0.000000,0.000000,1.000000,0.000000,0.280000,-0.050000
43.356998,199.000000,199.000000,-2.490000,12.000000,12.000000,0.000000,0.000000,1.000000,0.000000,0.250000,-0.070000
43.362000,176.000000,176.000000,-2.330000,16.000000,16.000000,0.000000,0.000000,1.000000,0.000000,0.230000,-0.030000
43.367001,167.000000,167.000000,-2.030000,16.000000,16.000000,0.000000,0.000000,1.000000,0.000000,0.200000,-0.060000
43.372002,146.000000,146.000000,-1.860000,14.000000,12.000000,0.000000,0.000000,1.000000,0.000000,0.190000,-0.030000
43.376999,135.000000,135.000000,-1.670000,14.000000,12.000000,0.000000,0.000000,1.000000,0.000000,0.170000,-0.040000
43.382000,122.000000,122.000000,-1.530000,14.000000,14.000000,0.000000,0.000000,1.000000,0.000000,0.150000,-0.030000
43.387001,112.000000,112.000000,-1.270000,14.000000,14.000000,0.000000,0.000000,1.000000,0.000000,0.130000,-0.050000
43.391998,93.000000,93.000000,-1.030000,12.000000,12.000000,0.000000,0.000000,1.000000,0.000000,0.100000,-0.050000
43.396999,76.000000,76.000000,-0.800000,12.000000,12.000000,0.000000,0.000000,1.000000,0.000000,0.080000,-0.050000
43.402000,60.000000,60.000000,-0.620000,12.000000,10.000000,0.000000,0.000000,1.000000,0.000000,0.060000,-0.040000
43.407001,46.000000,46.000000,-0.470000,12.000000,10.000000,0.000000,0.000000,1.000000,0.000000,0.050000,-0.030000
43.411999,35.000000,35.000000,-0.370000,10.000000,10.000000,0.000000,0.000000,1.000000,0.000000,0.040000,-0.020000
43.417000,28.000000,28.000000,-0.350000,10.000000,10.000000,0.000000,0.000000,1.000000,0.000000,0.030000,0.000000
43.422001,26.000000,26.000000,-0.320000,10.000000,8.000000,0.000000,0.000000,1.000000,0.000000,0.030000,-0.010000
43.426998,24.000000,24.000000,-0.290000,10.000000,8.000000,0.000000,0.000000,1.000000,0.000000,0.030000,-0.010000
43.431999,22.000000,22.000000,-0.230000,8.000000,8.000000,0.000000,0.000000,1.000000,0.000000,0.020000,-0.010000
43.437000,17.000000,17.000000,-0.290000,8.000000,8.000000,0.000000,0.000000,1.000000,0.000000,0.030000,0.010000
43.442001,21.000000,21.000000,-0.320000,8.000000,6.000000,0.000000,0.000000,1.000000,0.000000,0.030000,0.010000
43.446999,24.000000,24.000000,-0.470000,8.000000,6.000000,0.000000,0.000000,1.000000,0.000000,0.050000,0.030000
43.452000,35.000000,35.000000,-0.600000,6.000000,6.000000,0.000000,0.000000,1.000000,0.000000,0.060000,0.030000
43.457001,45.000000,45.000000,-0.790000,6.000000,6.000000,0.000000,0.000000,1.000000,0.000000,0.080000,0.040000
43.462002,59.000000,59.000000,-0.930000,6.000000,6.000000,0.000000,0.000000,1.000000,0.000000,0.090000,0.030000
43.466999,69.000000,69.000000,-1.110000,6.000000,6.000000,0.000000,0.000000,1.000000,0.000000,0.110000,0.030000
43.472000,82.000000,82.000000,-1.260000,4.000000,4.000000,0.000000,0.000000,1.000000,0.000000,0.130000,0.030000
43.477001,93.000000,93.000000,-1.490000,4.000000,4.000000,0.000000,0.000000,1.000000,0.000000,0.150000,0.050000
43.481998,109.000000,109.000000,-1.810000,6.000000,6.000000,0.000000,0.000000,1.000000,0.000000,0.180000,0.060000
43.487000,132.000000,132.000000,-2.170000,6.000000,6.000000,0.000000,0.000000,1.000000,0.000000,0.220000,0.070000
43.492001,156.000000,156.000000,-2.390000,4.000000,4.000000,0.000000,0.000000,1.000000,0.000000,0.240000,0.040000
43.497002,171.000000,171.000000,-2.640000,4.000000,4.000000,0.000000,0.000000,1.000000,0.000000,0.260000,0.050000
43.501999,187.000000,187.000000,-3.050000,6.000000,6.000000,0.000000,0.000000,1.000000,0.000000,0.300000,0.080000
43.507000,214.000000,214.000000,-3.410000,6.000000,6.000000,0.000000,0.000000,1.000000,0.000000,0.340000,0.070000
43.512001,237.000000,237.000000,-3.640000,6.000000,6.000000,0.000000,0.000000,1.000000,0.000000,0.360000,0.050000
43.516998,250.000000,250.000000,-3.800000,6.000000,6.000000,0.000000,0.000000,1.000000,0.000000,0.380000,0.030000
43.521999,258.000000,258.000000,-4.140000,10.000000,8.000000,0.000000,0.000000,1.000000,0.000000,0.410000,0.070000
43.527000,275.000000,275.000000,-4.410000,10.000000,8.000000,0.000000,0.000000,1.000000,0.000000,0.440000,0.050000
43.532001,288.000000,288.000000,-4.500000,8.000000,8.000000,0.000000,0.000000,1.000000,0.000000,0.450000,0.020000
43.536999,291.000000,291.000000,-4.510000,8.000000,8.000000,0.000000,0.000000,1.000000,0.000000,0.450000,0.000000
43.542000,292.000000,292.000000,-4.610000,12.000000,10.000000,0.000000,0.000000,1.000000,0.000000,0.460000,0.020000
43.547001,296.000000,296.000000,-4.730000,12.000000,10.000000,0.000000,0.000000,1.000000,0.000000,0.470000,0.020000
43.551998,301.000000,301.000000,-4.690000,12.000000,10.000000,0.000000,0.000000,1.000000,0.000000,0.470000,-0.010000
43.556999,299.000000,299.000000,-4.440000,12.000000,10.000000,0.000000,0.000000,1.000000,0.000000,0.440000,-0.050000
43.562000,288.000000,288.000000,-4.340000,16.000000,12.000000,0.000000,0.000000,1.000000,0.000000,0.430000,-0.020000
43.567001,283.000000,283.000000,-3.960000,16.000000,12.000000,0.000000,0.000000,1.000000,0.000000,0.400000,-0.080000
43.571999,264.000000,264.000000,-3.640000,14.000000,12.000000,0.000000,0.000000,1.000000,0.000000,0.360000,-0.060000
43.577000,248.000000,248.000000,-3.150000,14.000000,12.000000,0.000000,0.000000,1.000000,0.000000,0.310000,-0.100000
43.582001,218.000000,218.000000,-2.880000,16.000000,16.000000,0.000000,0.000000,1.000000,0.000000,0.290000,-0.050000
43.587002,202.000000,202.000000,-2.510000,16.000000,16.000000,0.000000,0.000000,1.000000,0.000000,0.250000,-0.070000
43.591999,178.000000,178.000000,-2.000000,16.000000,14.000000,0.000000,0.000000,1.000000,0.000000,0.200000,-0.100000
43.597000,143.000000,143.000000,-1.320000,16.000000,14.000000,0.000000,0.000000,1.000000,0.000000,0.130000,-0.140000
43.602001,96.000000,96.000000,-0.800000,16.000000,14.000000,0.000000,0.000000,1.000000,0.000000,0.080000,-0.100000
43.606998,59.000000,59.000000,-0.070000,16.000000,14.000000,0.000000,0.000000,1.000000,0.000000,0.010000,-0.150000
43.612000,3.000000,3.000000,0.580000,14.000000,12.000000,0.000000,0.000000,1.000000,0.000000,-0.060000,-0.130000
43.617001,-47.000000,-47.000000,1.130000,14.000000,12.000000,0.000000,0.000000,1.000000,0.000000,-0.110000,-0.110000
43.622002,-90.000000,-90.000000,1.710000,12.000000,10.000000,0.000000,0.000000,1.000000,0.000000,-0.170000,-0.120000
43.626999,-136.000000,-136.000000,2.290000,12.000000,10.000000,0.000000,0.000000,1.000000,0.000000,-0.230000,-0.120000
43.632000,-183.000000,-183.000000,2.850000,10.000000,8.000000,0.000000,0.000000,1.000000,0.000000,-0.290000,-0.110000
43.637001,-228.000000,-228.000000,3.330000,10.000000,8.000000,0.000000,0.000000,1.000000,0.000000,-0.330000,-0.090000
43.641998,-265.000000,-265.000000,3.790000,4.000000,2.000000,0.000000,0.000000,1.000000,0.000000,-0.380000,-0.090000
43.646999,-305.000000,-305.000000,4.030000,4.000000,2.000000,0.000000,0.000000,1.000000,0.000000,-0.400000,-0.050000
43.652000,-321.000000,-321.000000,4.260000,2.000000,2.000000,0.000000,0.000000,1.000000,0.000000,-0.430000,-0.050000
43.657001,-341.000000,-341.000000,4.470000,2.000000,2.000000,0.000000,0.000000,1.000000,0.000000,-0.450000,-0.040000
43.661999,-361.000000,-361.000000,4.920000,-2.000000,-2.000000,0.000000,0.000000,1.000000,0.000000,-0.490000,-0.090000
43.667000,-407.000000,-407.000000,5.010000,-2.000000,-2.000000,0.000000,0.000000,1.000000,0.000000,-0.500000,-0.020000
43.672001,-406.000000,-406.000000,4.970000,-4.000000,-4.000000,0.000000,0.000000,1.000000,0.000000,-0.500000,0.010000
43.676998,-400.000000,-400.000000,4.680000,-4.000000,-4.000000,0.000000,0.000000,1.000000,0.000000,-0.470000,0.060000
43.681999,-368.000000,-368.000000,4.740000,-8.000000,-8.000000,0.000000,0.000000,1.000000,0.000000,-0.470000,-0.010000
43.687000,-382.000000,-382.000000,4.760000,-8.000000,-8.000000,0.000000,0.000000,1.000000,0.000000,-0.480000,0.000000
43.692001,-382.000000,-382.000000,4.710000,-10.000000,-10.000000,0.000000,0.000000,1.000000,0.000000,-0.470000,0.010000
43.696999,-376.000000,-376.000000,4.190000,-10.000000,-10.000000,0.000000,0.000000,1.000000,0.000000,-0.420000,0.100000
43.702000,-319.000000,-319.000000,4.000000,-14.000000,-14.000000,0.000000,0.000000,1.000000,0.000000,-0.400000,0.040000
43.707001,-310.000000,-310.000000,3.710000,-14.000000,-14.000000,0.000000,0.000000,1.000000,0.000000,-0.370000,0.060000
43.712002,-283.000000,-283.000000,3.520000,-12.000000,-14.000000,0.000000,0.000000,1.000000,0.000000,-0.350000,0.040000
43.716999,-269.000000,-269.000000,3.020000,-12.000000,-14.000000,0.000000,0.000000,1.000000,0.000000,-0.300000,0.100000
43.722000,-226.000000,-226.000000,2.840000,-16.000000,-16.000000,0.000000,0.000000,1.000000,0.000000,-0.280000,0.040000
43.727001,-217.000000,-217.000000,2.410000,-16.000000,-16.000000,0.000000,0.000000,1.000000,0.000000,-0.240000,0.090000
43.731998,-181.000000,-181.000000,2.010000,-14.000000,-16.000000,0.000000,0.000000,1.000000,0.000000,-0.200000,0.080000
43.737000,-151.000000,-151.000000,1.610000,-14.000000,-16.000000,0.000000,0.000000,1.000000,0.000000,-0.160000,0.080000
43.742001,-121.000000,-121.000000,1.280000,-16.000000,-16.000000,0.000000,0.000000,1.000000,0.000000,-0.130000,0.070000
43.747002,-97.000000,-97.000000,0.810000,-16.000000,-16.000000,0.000000,0.000000,1.000000,0.000000,-0.080000,0.090000
43.751999,-60.000000,-60.000000,0.410000,-14.000000,-14.000000,0.000000,0.000000,1.000000,0.000000,-0.040000,0.080000
43.757000,-30.000000,-30.000000,0.140000,-14.000000,-14.000000,0.000000,0.000000,1.000000,0.000000,-0.010000,0.050000
43.762001,-11.000000,-11.000000,-0.170000,-14.000000,-14.000000,0.000000,0.000000,1.000000,0.000000,0.020000,0.060000
43.766998,13.000000,13.000000,-0.460000,-14.000000,-14.000000,0.000000,0.000000,1.000000,0.000000,0.050000,0.060000
43.771999,35.000000,35.000000,-0.730000,-12.000000,-12.000000,0.000000,0.000000,1.000000,0.000000,0.070000,0.050000
43.777000,55.000000,55.000000,-0.940000,-12.000000,-12.000000,0.000000,0.000000,1.000000,0.000000,0.090000,0.040000
43.782001,70.000000,70.000000,-1.100000,-8.000000,-8.000000,0.000000,0.000000,1.000000,0.000000,0.110000,0.030000
43.786999,81.000000,81.000000,-1.290000,-8.000000,-8.000000,0.000000,0.000000,1.000000,0.000000,0.130000,0.040000
43.792000,95.000000,95.000000,-1.490000,-6.000000,-6.000000,0.000000,0.000000,1.000000,0.000000,0.150000,0.040000
43.797001,110.000000,110.000000,-1.750000,-6.000000,-6.000000,0.000000,0.000000,1.000000,0.000000,0.180000,0.050000
43.801998,128.000000,128.000000,-1.770000,-4.000000,-4.000000,0.000000,0.000000,1.000000,0.000000,0.180000,0.000000
43.806999,129.000000,129.000000,-1.680000,-4.000000,-4.000000,0.000000,0.000000,1.000000,0.000000,0.170000,-0.020000
43.812000,123.000000,123.000000,-1.460000,-2.000000,-4.000000,0.000000,0.000000,1.000000,0.000000,0.150000,-0.040000
43.817001,107.000000,107.000000,-1.380000,-2.000000,-4.000000,0.000000,0.000000,1.000000,0.000000,0.140000,-0.010000
43.821999,102.000000,102.000000,-1.120000,2.000000,-2.000000,0.000000,0.000000,1.000000,0.000000,0.110000,-0.050000
43.827000,82.000000,82.000000,-0.830000,2.000000,-2.000000,0.000000,0.000000,1.000000,0.000000,0.080000,-0.060000
43.832001,61.000000,61.000000,-0.530000,0.000000,0.000000,0.000000,0.000000,1.000000,0.000000,0.050000,-0.060000
43.837002,39.000000,39.000000,-0.280000,0.000000,0.000000,0.000000,0.000000,1.000000,0.000000,0.030000,-0.050000
43.841999,21.000000,21.000000,-0.020000,2.000000,2.000000,0.000000,0.000000,1.000000,0.000000,0.000000,-0.050000
43.847000,1.000000,1.000000,0.280000,2.000000,2.000000,0.000000,0.000000,1.000000,0.000000,-0.030000,-0.060000
43.852001,-23.000000,-23.000000,0.670000,2.000000,0.000000,0.000000,0.000000,1.000000,0.000000,-0.070000,-0.080000
43.856998,-54.000000,-54.000000,1.050000,2.000000,0.000000,0.000000,0.000000,1.000000,0.000000,-0.110000,-0.080000
43.862000,-83.000000,-83.000000,1.400000,2.000000,0.000000,0.000000,0.000000,1.000000,0.000000,-0.140000,-0.070000
43.867001,-110.000000,-110.000000,1.720000,2.000000,0.000000,0.000000,0.000000,1.000000,0.000000,-0.170000,-0.060000
43.872002,-136.000000,-136.000000,1.990000,0.000000,0.000000,0.000000,0.000000,1.000000,0.000000,-0.200000,-0.050000
43.876999,-156.000000,-156.000000,2.260000,0.000000,0.000000,0.000000,0.000000,1.000000,0.000000,-0.230000,-0.050000
43.882000,-178.000000,-178.000000,2.510000,-2.000000,-2.000000,0.000000,0.000000,1.000000,0.000000,-0.250000,-0.050000
43.887001,-197.000000,-197.000000,2.610000,-2.000000,-2.000000,0.000000,0.000000,1.000000,0.000000,-0.260000,-0.020000
43.891998,-203.000000,-203.000000,2.820000,-4.000000,-2.000000,0.000000,0.000000,1.000000,0.000000,-0.280000,-0.040000
43.896999,-221.000000,-221.000000,3.150000,-4.000000,-2.000000,0.000000,0.000000,1.000000,0.000000,-0.310000,-0.070000
43.902000,-249.000000,-249.000000,3.540000,-6.000000,-6.000000,0.000000,0.000000,1.000000,0.000000,-0.350000,-0.080000
43.907001,-281.000000,-281.000000,3.650000,-6.000000,-6.000000,0.000000,0.000000,1.000000,0.000000,-0.370000,-0.020000
43.911999,-286.000000,-286.000000,3.680000,-4.000000,-6.000000,0.000000,0.000000,1.000000,0.000000,-0.370000,-0.010000
43.917000,-287.000000,-287.000000,3.570000,-4.000000,-6.000000,0.000000,0.000000,1.000000,0.000000,-0.360000,0.020000
43.922001,-275.000000,-275.000000,3.660000,-10.000000,-8.000000,0.000000,0.000000,1.000000,0.000000,-0.370000,-0.020000
43.926998,-286.000000,-286.000000,3.510000,-10.000000,-8.000000,0.000000,0.000000,1.000000,0.000000,-0.350000,0.030000
43.931999,-270.000000,-270.000000,3.480000,-10.000000,-8.000000,0.000000,0.000000,1.000000,0.000000,-0.350000,0.010000
43.937000,-269.000000,-269.000000,3.260000,-10.000000,-8.000000,0.000000,0.000000,1.000000,0.000000,-0.330000,0.050000
43.942001,-248.000000,-248.000000,3.300000,-12.000000,-12.000000,0.000000,0.000000,1.000000,0.000000,-0.330000,-0.010000
43.946999,-256.000000,-256.000000,3.080000,-12.000000,-12.000000,0.000000,0.000000,1.000000,0.000000,-0.310000,0.040000
43.952000,-235.000000,-235.000000,2.850000,-10.000000,-12.000000,0.000000,0.000000,1.000000,0.000000,-0.290000,0.050000
43.957001,-217.000000,-217.000000,2.440000,-10.000000,-12.000000,0.000000,0.000000,1.000000,0.000000,-0.240000,0.080000
43.962002,-183.000000,-183.000000,2.270000,-14.000000,-14.000000,0.000000,0.000000,1.000000,0.000000,-0.230000,0.030000
43.966999,-174.000000,-174.000000,1.850000,-14.000000,-14.000000,0.000000,0.000000,1.000000,0.000000,-0.180000,0.080000
43.972000,-139.000000,-139.000000,1.550000,-12.000000,-12.000000,0.000000,0.000000,1.000000,0.000000,-0.150000,0.060000
43.977001,-117.000000,-117.000000,1.140000,-12.000000,-12.000000,0.000000,0.000000,1.000000,0.000000,-0.110000,0.080000
43.981998,-85.000000,-85.000000,0.800000,-14.000000,-14.000000,0.000000,0.000000,1.000000,0.000000,-0.080000,0.070000
43.987000,-60.000000,-60.000000,0.390000,-14.000000,-14.000000,0.000000,0.000000,1.000000,0.000000,-0.040000,0.080000
43.992001,-29.000000,-29.000000,0.010000,-12.000000,-12.000000,0.000000,0.000000,1.000000,0.000000,0.000000,0.080000
43.997002,0.000000,0.000000,-0.280000,-12.000000,-12.000000,0.000000,0.000000,1.000000,0.000000,0.030000,0.060000
44.001999,21.000000,21.000000,-0.610000,-10.000000,-10.000000,0.000000,0.000000,1.000000,0.000000,0.060000,0.070000
44.007000,46.000000,46.000000,-0.950000,-10.000000,-10.000000,0.000000,0.000000,1.000000,0.000000,0.090000,0.070000
44.012001,71.000000,71.000000,-1.310000,-10.000000,-8.000000,0.000000,0.000000,1.000000,0.000000,0.130000,0.070000
44.016998,97.000000,97.000000,-1.750000,-10.000000,-8.000000,0.000000,0.000000,1.000000,0.000000,0.170000,0.090000
44.021999,127.000000,127.000000,-2.140000,-6.000000,-6.000000,0.000000,0.000000,1.000000,0.000000,0.210000,0.080000
44.027000,154.000000,154.000000,-2.470000,-6.000000,-6.000000,0.000000,0.000000,1.000000,0.000000,0.250000,0.070000
44.032001,176.000000,176.000000,-2.680000,-4.000000,-4.000000,0.000000,0.000000,1.000000,0.000000,0.270000,0.040000
44.036999,190.000000,190.000000,-2.860000,-4.000000,-4.000000,0.000000,0.000000,1.000000,0.000000,0.290000,0.040000
44.042000,202.000000,202.000000,-3.140000,0.000000,0.000000,0.000000,0.000000,1.000000,0.000000,0.310000,0.060000
44.047001,220.000000,220.000000,-3.220000,0.000000,0.000000,0.000000,0.000000,1.000000,0.000000,0.320000,0.020000
44.051998,225.000000,225.000000,-3.190000,0.000000,0.000000,0.000000,0.000000,1.000000,0.000000,0.320000,-0.010000
44.056999,223.000000,223.000000,-3.010000,0.000000,0.000000,0.000000,0.000000,1.000000,0.000000,0.300000,-0.040000
44.062000,211.000000,211.000000,-3.140000,4.000000,4.000000,0.000000,0.000000,1.000000,0.000000,0.310000,0.030000
44.067001,220.000000,220.000000,-3.060000,4.000000,4.000000,0.000000,0.000000,1.000000,0.000000,0.310000,-0.020000
44.071999,214.000000,214.000000,-2.930000,4.000000,4.000000,0.000000,0.000000,1.000000,0.000000,0.290000,-0.030000
44.077000,206.000000,206.000000,-2.550000,4.000000,4.000000,0.000000,0.000000,1.000000,0.000000,0.260000,-0.070000
44.082001,181.000000,181.000000,-2.500000,8.000000,8.000000,0.000000,0.000000,1.000000,0.000000,0.250000,-0.010000
44.087002,178.000000,178.000000,-2.220000,8.000000,8.000000,0.000000,0.000000,1.000000,0.000000,0.220000,-0.060000
44.091999,159.000000,159.000000,-1.980000,6.000000,4.000000,0.000000,0.000000,1.000000,0.000000,0.200000,-0.050000
44.097000,143.000000,143.000000,-1.630000,6.000000,4.000000,0.000000,0.000000,1.000000,0.000000,0.160000,-0.070000
44.102001,119.000000,119.000000,-1.340000,8.000000,8.000000,0.000000,0.000000,1.000000,0.000000,0.130000,-0.060000
44.106998,98.000000,98.000000,-1.020000,8.000000,8.000000,0.000000,0.000000,1.000000,0.000000,0.100000,-0.060000
44.112000,75.000000,75.000000,-0.710000,8.000000,8.000000,0.000000,0.000000,1.000000,0.000000,0.070000,-0.060000
44.117001,52.000000,52.000000,-0.380000,8.000000,8.000000,0.000000,0.000000,1.000000,0.000000,0.040000,-0.070000
44.122002,28.000000,28.000000,-0.020000,8.000000,8.000000,0.000000,0.000000,1.000000,0.000000,0.000000,-0.070000
44.126999,0.000000,0.000000,0.260000,8.000000,8.000000,0.000000,0.000000,1.000000,0.000000,-0.030000,-0.060000
44.132000,-22.000000,-22.000000,0.490000,6.000000,8.000000,0.000000,0.000000,1.000000,0.000000,-0.050000,-0.050000
44.137001,-39.000000,-39.000000,0.730000,6.000000,8.000000,0.000000,0.000000,1.000000,0.000000,-0.070000,-0.050000
44.141998,-58.000000,-58.000000,1.000000,6.000000,4.000000,0.000000,0.000000,1.000000,0.000000,-0.100000,-0.050000
44.146999,-79.000000,-79.000000,1.210000,6.000000,4.000000,0.000000,0.000000,1.000000,0.000000,-0.120000,-0.040000
44.152000,-95.000000,-95.000000,1.390000,6.000000,6.000000,0.000000,0.000000,1.000000,0.000000,-0.140000,-0.040000
44.157001,-109.000000,-109.000000,1.520000,6.000000,6.000000,0.000000,0.000000,1.000000,0.000000,-0.150000,-0.030000
44.161999,-119.000000,-119.000000,1.640000,2.000000,2.000000,0.000000,0.000000,1.000000,0.000000,-0.160000,-0.020000
44.167000,-128.000000,-128.000000,1.640000,2.000000,2.000000,0.000000,0.000000,1.000000,0.000000,-0.160000,0.000000
44.172001,-127.000000,-127.000000,1.670000,0.000000,2.000000,0.000000,0.000000,1.000000,0.000000,-0.170000,-0.010000
44.176998,-130.000000,-130.000000,1.630000,0.000000,2.000000,0.000000,0.000000,1.000000,0.000000,-0.160000,0.010000
44.181999,-126.000000,-126.000000,1.480000,-2.000000,-2.000000,0.000000,0.000000,1.000000,0.000000,-0.150000,0.030000
44.187000,-114.000000,-114.000000,1.260000,-2.000000,-2.000000,0.000000,0.000000,1.000000,0.000000,-0.130000,0.040000
44.192001,-96.000000,-96.000000,1.080000,-2.000000,-2.000000,0.000000,0.000000,1.000000,0.000000,-0.110000,0.040000
44.196999,-82.000000,-82.000000,1.040000,-2.000000,-2.000000,0.000000,0.000000,1.000000,0.000000,-0.100000,0.010000
44.202000,-81.000000,-81.000000,0.940000,-4.000000,-4.000000,0.000000,0.000000,1.000000,0.000000,-0.090000,0.020000
44.207001,-73.000000,-73.000000,0.790000,-4.000000,-4.000000,0.000000,0.000000,1.000000,0.000000,-0.080000,0.030000
44.212002,-61.000000,-61.000000,0.560000,-2.000000,-2.000000,0.000000,0.000000,1.000000,0.000000,-0.060000,0.050000
44.216999,-42.000000,-42.000000,0.340000,-2.000000,-2.000000,0.000000,0.000000,1.000000,0.000000,-0.030000,0.040000
44.222000,-26.000000,-26.000000,0.050000,-4.000000,-4.000000,0.000000,0.000000,1.000000,0.000000,-0.010000,0.060000
44.227001,-4.000000,-4.000000,-0.260000,-4.000000,-4.000000,0.000000,0.000000,1.000000,0.000000,0.030000,0.060000
44.231998,20.000000,20.000000,-0.560000,-4.000000,-4.000000,0.000000,0.000000,1.000000,0.000000,0.060000,0.060000
44.237000,43.000000,43.000000,-0.870000,-4.000000,-4.000000,0.000000,0.000000,1.000000,0.000000,0.090000,0.060000
44.242001,65.000000,65.000000,-1.130000,-2.000000,-2.000000,0.000000,0.000000,1.000000,0.000000,0.110000,0.050000
44.247002,84.000000,84.000000,-1.410000,-2.000000,-2.000000,0.000000,0.000000,1.000000,0.000000,0.140000,0.050000
44.251999,103.000000,103.000000,-1.660000,0.000000,-2.000000,0.000000,0.000000,1.000000,0.000000,0.170000,0.050000
44.257000,121.000000,121.000000,-1.970000,0.000000,-2.000000,0.000000,0.000000,1.000000,0.000000,0.200000,0.060000
44.262001,142.000000,142.000000,-2.250000,2.000000,2.000000,0.000000,0.000000,1.000000,0.000000,0.220000,0.060000
44.266998,161.000000,161.000000,-2.550000,2.000000,2.000000,0.000000,0.000000,1.000000,0.000000,0.250000,0.060000
44.271999,181.000000,181.000000,-2.640000,0.000000,2.000000,0.000000,0.000000,1.000000,0.000000,0.260000,0.020000
44.277000,188.000000,188.000000,-2.890000,0.000000,2.000000,0.000000,0.000000,1.000000,0.000000,0.290000,0.050000
44.282001,204.000000,204.000000,-3.170000,4.000000,4.000000,0.000000,0.000000,1.000000,0.000000,0.320000,0.060000
44.286999,222.000000,222.000000,-3.260000,4.000000,4.000000,0.000000,0.000000,1.000000,0.000000,0.330000,0.020000
44.292000,228.000000,228.000000,-3.140000,4.000000,4.000000,0.000000,0.000000,1.000000,0.000000,0.310000,-0.020000
44.297001,220.000000,220.000000,-2.990000,4.000000,4.000000,0.000000,0.000000,1.000000,0.000000,0.300000,-0.030000
44.301998,210.000000,210.000000,-3.130000,8.000000,6.000000,0.000000,0.000000,1.000000,0.000000,0.310000,0.030000
44.306999,219.000000,219.000000,-3.040000,8.000000,6.000000,0.000000,0.000000,1.000000,0.000000,0.300000,-0.020000
44.312000,213.000000,213.000000,-2.980000,6.000000,4.000000,0.000000,0.000000,1.000000,0.000000,0.300000,-0.010000
44.317001,210.000000,210.000000,-2.720000,6.000000,4.000000,0.000000,0.000000,1.000000,0.000000,0.270000,-0.050000
44.321999,192.000000,192.000000,-2.680000,10.000000,8.000000,0.000000,0.000000,1.000000,0.000000,0.270000,-0.010000
44.327000,190.000000,190.000000,-2.460000,10.000000,8.000000,0.000000,0.000000,1.000000,0.000000,0.250000,-0.040000
44.332001,175.000000,175.000000,-2.260000,10.000000,8.000000,0.000000,0.000000,1.000000,0.000000,0.230000,-0.040000
44.337002,162.000000,162.000000,-1.860000,10.000000,8.000000,0.000000,0.000000,1.000000,0.000000,0.190000,-0.080000
44.341999,134.000000,134.000000,-1.590000,12.000000,10.000000,0.000000,0.000000,1.000000,0.000000,0.160000,-0.050000
44.347000,116.000000,116.000000,-1.300000,12.000000,10.000000,0.000000,0.000000,1.000000,0.000000,0.130000,-0.060000
44.352001,95.000000,95.000000,-1.080000,8.000000,10.000000,0.000000,0.000000,1.000000,0.000000,0.110000,-0.040000
44.356998,80.000000,80.000000,-0.760000,8.000000,10.000000,0.000000,0.000000,1.000000,0.000000,0.080000,-0.060000
44.362000,56.000000,56.000000,-0.480000,10.000000,8.000000,0.000000,0.000000,1.000000,0.000000,0.050000,-0.060000
44.367001,36.000000,36.000000,-0.210000,10.000000,8.000000,0.000000,0.000000,1.000000,0.000000,0.020000,-0.060000
44.372002,15.000000,15.000000,0.050000,8.000000,8.000000,0.000000,0.000000,1.000000,0.000000,-0.010000,-0.050000
44.376999,-5.000000,-5.000000,0.230000,8.000000,8.000000,0.000000,0.000000,1.000000,0.000000,-0.020000,-0.040000
44.382000,-18.000000,-18.000000,0.420000,8.000000,6.000000,0.000000,0.000000,1.000000,0.000000,-0.040000,-0.040000
44.387001,-34.000000,-34.000000,0.580000,8.000000,6.000000,0.000000,0.000000,1.000000,0.000000,-0.060000,-0.030000
44.391998,-46.000000,-46.000000,0.730000,6.000000,6.000000,0.000000,0.000000,1.000000,0.000000,-0.070000,-0.030000
44.396999,-58.000000,-58.000000,0.910000,6.000000,6.000000,0.000000,0.000000,1.000000,0.000000,-0.090000,-0.040000
44.402000,-72.000000,-72.000000,0.970000,4.000000,2.000000,0.000000,0.000000,1.000000,0.000000,-0.100000,-0.010000
44.407001,-76.000000,-76.000000,1.010000,4.000000,2.000000,0.000000,0.000000,1.000000,0.000000,-0.100000,-0.010000
44.411999,-79.000000,-79.000000,0.970000,2.000000,2.000000,0.000000,0.000000,1.000000,0.000000,-0.100000,0.010000
44.417000,-75.000000,-75.000000,0.980000,2.000000,2.000000,0.000000,0.000000,1.000000,0.000000,-0.100000,0.000000
44.422001,-76.000000,-76.000000,0.930000,0.000000,0.000000,0.000000,0.000000,1.000000,0.000000,-0.090000,0.010000
44.426998,-72.000000,-72.000000,0.880000,0.000000,0.000000,0.000000,0.000000,1.000000,0.000000,-0.090000,0.010000
44.431999,-68.000000,-68.000000,0.750000,0.000000,0.000000,0.000000,0.000000,1.000000,0.000000,-0.070000,0.030000
44.437000,-57.000000,-57.000000,0.630000,0.000000,0.000000,0.000000,0.000000,1.000000,0.000000,-0.060000,0.020000
44.442001,-49.000000,-49.000000,0.380000,-2.000000,-2.000000,0.000000,0.000000,1.000000,0.000000,-0.040000,0.050000
44.446999,-29.000000,-29.000000,0.170000,-2.000000,-2.000000,0.000000,0.000000,1.000000,0.000000,-0.020000,0.040000
44.452000,-13.000000,-13.000000,-0.070000,-2.000000,0.000000,0.000000,0.000000,1.000000,0.000000,0.010000,0.050000
44.457001,5.000000,5.000000,-0.280000,-2.000000,0.000000,0.000000,0.000000,1.000000,0.000000,0.030000,0.040000
44.462002,21.000000,21.000000,-0.530000,0.000000,-2.000000,0.000000,0.000000,1.000000,0.000000,0.050000,0.050000
44.466999,40.000000,40.000000,-0.730000,0.000000,-2.000000,0.000000,0.000000,1.000000,0.000000,0.070000,0.040000
44.472000,54.000000,54.000000,-0.930000,0.000000,-2.000000,0.000000,0.000000,1.000000,0.000000,0.090000,0.040000
44.477001,69.000000,69.000000,-1.220000,0.000000,-2.000000,0.000000,0.000000,1.000000,0.000000,0.120000,0.060000
44.481998,90.000000,90.000000,-1.360000,2.000000,2.000000,0.000000,0.000000,1.000000,0.000000,0.140000,0.030000
44.487000,100.000000,100.000000,-1.500000,2.000000,2.000000,0.000000,0.000000,1.000000,0.000000,0.150000,0.030000
44.492001,110.000000,110.000000,-1.530000,0.000000,0.000000,0.000000,0.000000,1.000000,0.000000,0.150000,0.010000
44.497002,112.000000,112.000000,-1.630000,0.000000,0.000000,0.000000,0.000000,1.000000,0.000000,0.160000,0.020000
44.501999,119.000000,119.000000,-1.680000,2.000000,2.000000,0.000000,0.000000,1.000000,0.000000,0.170000,0.010000
44.507000,123.000000,123.000000,-1.770000,2.000000,2.000000,0.000000,0.000000,1.000000,0.000000,0.180000,0.020000
44.512001,129.000000,129.000000,-1.820000,2.000000,4.000000,0.000000,0.000000,1.000000,0.000000,0.180000,0.010000
44.516998,133.000000,133.000000,-1.890000,2.000000,4.000000,0.000000,0.000000,1.000000,0.000000,0.190000,0.010000
44.521999,137.000000,137.000000,-1.810000,6.000000,4.000000,0.000000,0.000000,1.000000,0.000000,0.180000,-0.020000
44.527000,131.000000,131.000000,-1.630000,6.000000,4.000000,0.000000,0.000000,1.000000,0.000000,0.160000,-0.040000
44.532001,119.000000,119.000000,-1.450000,4.000000,4.000000,0.000000,0.000000,1.000000,0.000000,0.150000,-0.040000
44.536999,106.000000,106.000000,-1.240000,4.000000,4.000000,0.000000,0.000000,1.000000,0.000000,0.120000,-0.040000
44.542000,92.000000,92.000000,-1.040000,6.000000,4.000000,0.000000,0.000000,1.000000,0.000000,0.100000,-0.040000
44.547001,77.000000,77.000000,-0.920000,6.000000,4.000000,0.000000,0.000000,1.000000,0.000000,0.090000,-0.020000
44.551998,68.000000,68.000000,-0.810000,6.000000,2.000000,0.000000,0.000000,1.000000,0.000000,0.080000,-0.020000
44.556999,61.000000,61.000000,-0.540000,6.000000,2.000000,0.000000,0.000000,1.000000,0.000000,0.050000,-0.060000
44.562000,40.000000,40.000000,-0.250000,6.000000,4.000000,0.000000,0.000000,1.000000,0.000000,0.030000,-0.060000
44.567001,18.000000,18.000000,-0.070000,6.000000,4.000000,0.000000,0.000000,1.000000,0.000000,0.010000,-0.040000
44.571999,4.000000,4.000000,0.170000,4.000000,4.000000,0.000000,0.000000,1.000000,0.000000,-0.020000,-0.050000
44.577000,-14.000000,-14.000000,0.370000,4.000000,4.000000,0.000000,0.000000,1.000000,0.000000,-0.040000,-0.040000
44.582001,-30.000000,-30.000000,0.570000,4.000000,4.000000,0.000000,0.000000,1.000000,0.000000,-0.060000,-0.040000
44.587002,-45.000000,-45.000000,0.710000,4.000000,4.000000,0.000000,0.000000,1.000000,0.000000,-0.070000,-0.030000
44.591999,-56.000000,-56.000000,0.840000,4.000000,2.000000,0.000000,0.000000,1.000000,0.000000,-0.080000,-0.030000
44.597000,-66.000000,-66.000000,0.990000,4.000000,2.000000,0.000000,0.000000,1.000000,0.000000,-0.100000,-0.030000
44.602001,-78.000000,-78.000000,1.110000,0.000000,2.000000,0.000000,0.000000,1.000000,0.000000,-0.110000,-0.020000
44.606998,-87.000000,-87.000000,1.190000,0.000000,2.000000,0.000000,0.000000,1.000000,0.000000,-0.120000,-0.020000
44.612000,-93.000000,-93.000000,1.190000,0.000000,0.000000,0.000000,0.000000,1.000000,0.000000,-0.120000,0.000000
44.617001,-92.000000,-92.000000,1.210000,0.000000,0.000000,0.000000,0.000000,1.000000,0.000000,-0.120000,0.000000
44.622002,-94.000000,-94.000000,1.150000,-2.000000,-2.000000,0.000000,0.000000,1.000000,0.000000,-0.120000,0.010000
44.626999,-89.000000,-89.000000,1.010000,-2.000000,-2.000000,0.000000,0.000000,1.000000,0.000000,-0.100000,0.030000
44.632000,-78.000000,-78.000000,0.930000,-2.000000,-2.000000,0.000000,0.000000,1.000000,0.000000,-0.090000,0.020000
44.637001,-71.000000,-71.000000,0.870000,-2.000000,-2.000000,0.000000,0.000000,1.000000,0.000000,-0.090000,0.010000
44.641998,-67.000000,-67.000000,0.800000,-4.000000,-4.000000,0.000000,0.000000,1.000000,0.000000,-0.080000,0.010000
44.646999,-62.000000,-62.000000,0.790000,-4.000000,-4.000000,0.000000,0.000000,1.000000,0.000000,-0.080000,0.000000
44.652000,-62.000000,-62.000000,0.700000,-2.000000,-2.000000,0.000000,0.000000,1.000000,0.000000,-0.070000,0.020000
44.657001,-54.000000,-54.000000,0.700000,-2.000000,-2.000000,0.000000,0.000000,1.000000,0.000000,-0.070000,0.000000
44.661999,-54.000000,-54.000000,0.560000,-2.000000,-4.000000,0.000000,0.000000,1.000000,0.000000,-0.060000,0.030000
44.667000,-43.000000,-43.000000,0.350000,-2.000000,-4.000000,0.000000,0.000000,1.000000,0.000000,-0.040000,0.040000
44.672001,-27.000000,-27.000000,0.120000,-2.000000,-2.000000,0.000000,0.000000,1.000000,0.000000,-0.010000,0.050000
44.676998,-9.000000,-9.000000,0.010000,-2.000000,-2.000000,0.000000,0.000000,1.000000,0.000000,0.000000,0.020000
44.681999,-1.000000,-1.000000,-0.170000,-2.000000,-2.000000,0.000000,0.000000,1.000000,0.000000,0.020000,0.040000
44.687000,13.000000,13.000000,-0.310000,-2.000000,-2.000000,0.000000,0.000000,1.000000,0.000000,0.030000,0.030000
44.692001,24.000000,24.000000,-0.460000,-2.000000,-4.000000,0.000000,0.000000,1.000000,0.000000,0.050000,0.030000
44.696999,35.000000,35.000000,-0.640000,-2.000000,-4.000000,0.000000,0.000000,1.000000,0.000000,0.060000,0.040000
44.702000,48.000000,48.000000,-0.740000,0.000000,-2.000000,0.000000,0.000000,1.000000,0.000000,0.070000,0.020000
44.707001,55.000000,55.000000,-0.840000,0.000000,-2.000000,0.000000,0.000000,1.000000,0.000000,0.080000,0.020000
44.712002,63.000000,63.000000,-0.900000,-2.000000,0.000000,0.000000,0.000000,1.000000,0.000000,0.090000,0.010000
44.716999,67.000000,67.000000,-1.020000,-2.000000,0.000000,0.000000,0.000000,1.000000,0.000000,0.100000,0.020000
44.722000,76.000000,76.000000,-1.040000,2.000000,0.000000,0.000000,0.000000,1.000000,0.000000,0.100000,0.000000
44.727001,78.000000,78.000000,-1.070000,2.000000,0.000000,0.000000,0.000000,1.000000,0.000000,0.110000,0.000000
44.731998,79.000000,79.000000,-1.030000,2.000000,0.000000,0.000000,0.000000,1.000000,0.000000,0.100000,-0.010000
44.737000,77.000000,77.000000,-0.970000,2.000000,0.000000,0.000000,0.000000,1.000000,0.000000,0.100000,-0.010000
44.742001,72.000000,72.000000,-0.850000,2.000000,2.000000,0.000000,0.000000,1.000000,0.000000,0.090000,-0.020000
44.747002,63.000000,63.000000,-0.920000,2.000000,2.000000,0.000000,0.000000,1.000000,0.000000,0.090000,0.010000
44.751999,68.000000,68.000000,-0.750000,2.000000,2.000000,0.000000,0.000000,1.000000,0.000000,0.080000,-0.030000
44.757000,56.000000,56.000000,-0.640000,2.000000,2.000000,0.000000,0.000000,1.000000,0.000000,0.060000,-0.020000
44.762001,48.000000,48.000000,-0.460000,4.000000,4.000000,0.000000,0.000000,1.000000,0.000000,0.050000,-0.040000
44.766998,34.000000,34.000000,-0.390000,4.000000,4.000000,0.000000,0.000000,1.000000,0.000000,0.040000,-0.010000
44.771999,29.000000,29.000000,-0.260000,2.000000,2.000000,0.000000,0.000000,1.000000,0.000000,0.030000,-0.030000
44.777000,19.000000,19.000000,-0.150000,2.000000,2.000000,0.000000,0.000000,1.000000,0.000000,0.010000,-0.020000
44.782001,11.000000,11.000000,0.040000,2.000000,2.000000,0.000000,0.000000,1.000000,0.000000,0.000000,-0.040000
44.786999,-4.000000,-4.000000,0.140000,2.000000,2.000000,0.000000,0.000000,1.000000,0.000000,-0.010000,-0.020000
44.792000,-11.000000,-11.000000,0.250000,2.000000,2.000000,0.000000,0.000000,1.000000,0.000000,-0.020000,-0.020000
44.797001,-20.000000,-20.000000,0.360000,2.000000,2.000000,0.000000,0.000000,1.000000,0.000000,-0.040000,-0.020000
44.801998,-28.000000,-28.000000,0.470000,2.000000,2.000000,0.000000,0.000000,1.000000,0.000000,-0.050000,-0.020000
44.806999,-37.000000,-37.000000,0.540000,2.000000,2.000000,0.000000,0.000000,1.000000,0.000000,-0.050000,-0.010000
44.812000,-43.000000,-43.000000,0.550000,0.000000,0.000000,0.000000,0.000000,1.000000,0.000000,-0.050000,0.000000
44.817001,-43.000000,-43.000000,0.570000,0.000000,0.000000,0.000000,0.000000,1.000000,0.000000,-0.060000,0.000000
44.821999,-44.000000,-44.000000,0.560000,0.000000,0.000000,0.000000,0.000000,1.000000,0.000000,-0.060000,0.000000
44.827000,-44.000000,-44.000000,0.540000,0.000000,0.000000,0.000000,0.000000,1.000000,0.000000,-0.050000,0.000000
44.832001,-42.000000,-42.000000,0.480000,0.000000,0.000000,0.000000,0.000000,1.000000,0.000000,-0.050000,0.010000
44.837002,-37.000000,-37.000000,0.530000,0.000000,0.000000,0.000000,0.000000,1.000000,0.000000,-0.050000,-0.010000
44.841999,-42.000000,-42.000000,0.430000,0.000000,0.000000,0.000000,0.000000,1.000000,0.000000,-0.040000,0.020000
44.847000,-34.000000,-34.000000,0.370000,0.000000,0.000000,0.000000,0.000000,1.000000,0.000000,-0.040000,0.010000
44.852001,-29.000000,-29.000000,0.290000,0.000000,0.000000,0.000000,0.000000,1.000000,0.000000,-0.030000,0.020000
44.856998,-22.000000,-22.000000,0.300000,0.000000,0.000000,0.000000,0.000000,1.000000,0.000000,-0.030000,0.000000
44.862000,-24.000000,-24.000000,0.230000,0.000000,-2.000000,0.000000,0.000000,1.000000,0.000000,-0.020000,0.010000
44.867001,-18.000000,-18.000000,0.200000,0.000000,-2.000000,0.000000,0.000000,1.000000,0.000000,-0.020000,0.010000
44.872002,-16.000000,-16.000000,0.170000,0.000000,-2.000000,0.000000,0.000000,1.000000,0.000000,-0.020000,0.010000
44.876999,-13.000000,-13.000000,0.180000,0.000000,-2.000000,0.000000,0.000000,1.000000,0.000000,-0.020000,0.000000
44.882000,-15.000000,-15.000000,0.150000,0.000000,-2.000000,0.000000,0.000000,1.000000,0.000000,-0.010000,0.010000
44.887001,-12.000000,-12.000000,0.100000,0.000000,-2.000000,0.000000,0.000000,1.000000,0.000000,-0.010000,0.010000
44.891998,-8.000000,-8.000000,0.010000,0.000000,-2.000000,0.000000,0.000000,1.000000,0.000000,0.000000,0.020000
44.896999,-1.000000,-1.000000,-0.030000,0.000000,-2.000000,0.000000,0.000000,1.000000,0.000000,0.000000,0.010000
44.902000,2.000000,2.000000,-0.100000,-2.000000,0.000000,0.000000,0.000000,1.000000,0.000000,0.010000,0.010000
44.907001,7.000000,7.000000,-0.160000,-2.000000,0.000000,0.000000,0.000000,1.000000,0.000000,0.020000,0.010000
44.911999,12.000000,12.000000,-0.220000,0.000000,0.000000,0.000000,0.000000,1.000000,0.000000,0.020000,0.010000
44.917000,17.000000,17.000000,-0.290000,0.000000,0.000000,0.000000,0.000000,1.000000,0.000000,0.030000,0.010000
44.922001,22.000000,22.000000,-0.320000,0.000000,0.000000,0.000000,0.000000,1.000000,0.000000,0.030000,0.010000
44.926998,24.000000,24.000000,-0.360000,0.000000,0.000000,0.000000,0.000000,1.000000,0.000000,0.040000,0.010000
44.931999,27.000000,27.000000,-0.390000,0.000000,0.000000,0.000000,0.000000,1.000000,0.000000,0.040000,0.010000
44.937000,30.000000,30.000000,-0.490000,0.000000,0.000000,0.000000,0.000000,1.000000,0.000000,0.050000,0.020000
44.942001,37.000000,37.000000,-0.490000,0.000000,2.000000,0.000000,0.000000,1.000000,0.000000,0.050000,0.000000
44.946999,37.000000,37.000000,-0.530000,0.000000,2.000000,0.000000,0.000000,1.000000,0.000000,0.050000,0.010000
44.952000,40.000000,40.000000,-0.560000,0.000000,0.000000,0.000000,0.000000,1.000000,0.000000,0.060000,0.010000
44.957001,42.000000,42.000000,-0.700000,0.000000,0.000000,0.000000,0.000000,1.000000,0.000000,0.070000,0.030000
44.962002,52.000000,52.000000,-0.710000,0.000000,0.000000,0.000000,0.000000,1.000000,0.000000,0.070000,0.000000
44.966999,53.000000,53.000000,-0.750000,0.000000,0.000000,0.000000,0.000000,1.000000,0.000000,0.070000,0.010000
44.972000,56.000000,56.000000,-0.780000,0.000000,0.000000,0.000000,0.000000,1.000000,0.000000,0.080000,0.010000
44.977001,58.000000,58.000000,-0.910000,0.000000,0.000000,0.000000,0.000000,1.000000,0.000000,0.090000,0.030000
44.981998,68.000000,68.000000,-0.920000,2.000000,2.000000,0.000000,0.000000,1.000000,0.000000,0.090000,0.000000
44.987000,69.000000,69.000000,-1.070000,2.000000,2.000000,0.000000,0.000000,1.000000,0.000000,0.110000,0.030000
44.992001,80.000000,80.000000,-1.170000,0.000000,0.000000,0.000000,0.000000,1.000000,0.000000,0.120000,0.020000
44.997002,87.000000,87.000000,-1.100000,0.000000,0.000000,0.000000,0.000000,1.000000,0.000000,0.110000,-0.010000
45.001999,82.000000,82.000000,-0.990000,4.000000,4.000000,0.000000,0.000000,1.000000,0.000000,0.100000,-0.020000
45.007000,73.000000,73.000000,-1.000000,4.000000,4.000000,0.000000,0.000000,1.000000,0.000000,0.100000,0.000000
45.012001,74.000000,74.000000,-0.990000,2.000000,2.000000,0.000000,0.000000,1.000000,0.000000,0.100000,0.000000
45.016998,73.000000,73.000000,-0.930000,2.000000,2.000000,0.000000,0.000000,1.000000,0.000000,0.090000,-0.010000
45.021999,69.000000,69.000000,-0.920000,2.000000,4.000000,0.000000,0.000000,1.000000,0.000000,0.090000,0.000000
45.027000,68.000000,68.000000,-0.910000,2.000000,4.000000,0.000000,0.000000,1.000000,0.000000,0.090000,0.000000
45.032001,68.000000,68.000000,-0.760000,2.000000,2.000000,0.000000,0.000000,1.000000,0.000000,0.080000,-0.030000
45.036999,57.000000,57.000000,-0.750000,2.000000,2.000000,0.000000,0.000000,1.000000,0.000000,0.070000,0.000000
45.042000,56.000000,56.000000,-0.770000,2.000000,4.000000,0.000000,0.000000,1.000000,0.000000,0.080000,0.000000
45.047001,58.000000,58.000000,-0.880000,2.000000,4.000000,0.000000,0.000000,1.000000,0.000000,0.090000,0.020000
45.051998,65.000000,65.000000,-0.770000,4.000000,4.000000,0.000000,0.000000,1.000000,0.000000,0.080000,-0.020000
45.056999,58.000000,58.000000,-0.720000,4.000000,4.000000,0.000000,0.000000,1.000000,0.000000,0.070000,-0.010000
45.062000,54.000000,54.000000,-0.680000,4.000000,4.000000,0.000000,0.000000,1.000000,0.000000,0.070000,-0.010000
45.067001,51.000000,51.000000,-0.770000,4.000000,4.000000,0.000000,0.000000,1.000000,0.000000,0.080000,0.020000
45.071999,58.000000,58.000000,-0.700000,2.000000,2.000000,0.000000,0.000000,1.000000,0.000000,0.070000,-0.010000
45.077000,52.000000,52.000000,-0.640000,2.000000,2.000000,0.000000,0.000000,1.000000,0.000000,0.060000,-0.010000
45.082001,48.000000,48.000000,-0.590000,4.000000,4.000000,0.000000,0.000000,1.000000,0.000000,0.060000,-0.010000
45.087002,44.000000,44.000000,-0.660000,4.000000,4.000000,0.000000,0.000000,1.000000,0.000000,0.070000,0.010000
45.091999,50.000000,50.000000,-0.620000,4.000000,4.000000,0.000000,0.000000,1.000000,0.000000,0.060000,-0.010000
45.097000,46.000000,46.000000,-0.580000,4.000000,4.000000,0.000000,0.000000,1.000000,0.000000,0.060000,-0.010000
45.102001,44.000000,44.000000,-0.570000,4.000000,4.000000,0.000000,0.000000,1.000000,0.000000,0.060000,0.000000
45.106998,43.000000,43.000000,-0.630000,4.000000,4.000000,0.000000,0.000000,1.000000,0.000000,0.060000,0.010000
45.112000,47.000000,47.000000,-0.590000,2.000000,4.000000,0.000000,0.000000,1.000000,0.000000,0.060000,-0.010000
45.117001,44.000000,44.000000,-0.650000,2.000000,4.000000,0.000000,0.000000,1.000000,0.000000,0.070000,0.010000
45.122002,49.000000,49.000000,-0.680000,2.000000,4.000000,0.000000,0.000000,1.000000,0.000000,0.070000,0.000000
45.126999,51.000000,51.000000,-0.760000,2.000000,4.000000,0.000000,0.000000,1.000000,0.000000,0.080000,0.020000
45.132000,57.000000,57.000000,-0.740000,2.000000,4.000000,0.000000,0.000000,1.000000,0.000000,0.070000,0.000000
45.137001,56.000000,56.000000,-0.830000,2.000000,4.000000,0.000000,0.000000,1.000000,0.000000,0.080000,0.020000
45.141998,62.000000,62.000000,-0.920000,4.000000,4.000000,0.000000,0.000000,1.000000,0.000000,0.090000,0.020000
45.146999,69.000000,69.000000,-1.040000,4.000000,4.000000,0.000000,0.000000,1.000000,0.000000,0.100000,0.020000
45.152000,78.000000,78.000000,-1.020000,2.000000,2.000000,0.000000,0.000000,1.000000,0.000000,0.100000,0.000000
45.157001,76.000000,76.000000,-1.100000,2.000000,2.000000,0.000000,0.000000,1.000000,0.000000,0.110000,0.020000
45.161999,82.000000,82.000000,-1.240000,2.000000,4.000000,0.000000,0.000000,1.000000,0.000000,0.120000,0.030000
45.167000,91.000000,91.000000,-1.390000,2.000000,4.000000,0.000000,0.000000,1.000000,0.000000,0.140000,0.030000
45.172001,103.000000,103.000000,-1.370000,4.000000,2.000000,0.000000,0.000000,1.000000,0.000000,0.140000,-0.010000
45.176998,101.000000,101.000000,-1.370000,4.000000,2.000000,0.000000,0.000000,1.000000,0.000000,0.140000,0.000000
45.181999,101.000000,101.000000,-1.410000,4.000000,4.000000,0.000000,0.000000,1.000000,0.000000,0.140000,0.010000
45.187000,104.000000,104.000000,-1.570000,4.000000,4.000000,0.000000,0.000000,1.000000,0.000000,0.160000,0.030000
45.192001,115.000000,115.000000,-1.520000,6.000000,4.000000,0.000000,0.000000,1.000000,0.000000,0.150000,-0.010000
45.196999,112.000000,112.000000,-1.440000,6.000000,4.000000,0.000000,0.000000,1.000000,0.000000,0.140000,-0.020000
45.202000,106.000000,106.000000,-1.430000,6.000000,4.000000,0.000000,0.000000,1.000000,0.000000,0.140000,0.000000
45.207001,106.000000,106.000000,-1.500000,6.000000,4.000000,0.000000,0.000000,1.000000,0.000000,0.150000,0.010000
45.212002,111.000000,111.000000,-1.360000,4.000000,4.000000,0.000000,0.000000,1.000000,0.000000,0.140000,-0.030000
45.216999,100.000000,100.000000,-1.330000,4.000000,4.000000,0.000000,0.000000,1.000000,0.000000,0.130000,-0.010000
45.222000,98.000000,98.000000,-1.270000,6.000000,6.000000,0.000000,0.000000,1.000000,0.000000,0.130000,-0.010000
45.227001,93.000000,93.000000,-1.330000,6.000000,6.000000,0.000000,0.000000,1.000000,0.000000,0.130000,0.010000
45.231998,98.000000,98.000000,-1.180000,6.000000,6.000000,0.000000,0.000000,1.000000,0.000000,0.120000,-0.030000
45.237000,87.000000,87.000000,-1.070000,6.000000,6.000000,0.000000,0.000000,1.000000,0.000000,0.110000,-0.020000
45.242001,79.000000,79.000000,-1.000000,8.000000,6.000000,0.000000,0.000000,1.000000,0.000000,0.100000,-0.010000
45.247002,74.000000,74.000000,-1.040000,8.000000,6.000000,0.000000,0.000000,1.000000,0.000000,0.100000,0.010000
45.251999,78.000000,78.000000,-0.860000,4.000000,4.000000,0.000000,0.000000,1.000000,0.000000,0.090000,-0.040000
45.257000,64.000000,64.000000,-0.710000,4.000000,4.000000,0.000000,0.000000,1.000000,0.000000,0.070000,-0.030000
45.262001,53.000000,53.000000,-0.510000,8.000000,6.000000,0.000000,0.000000,1.000000,0.000000,0.050000,-0.040000
45.266998,37.000000,37.000000,-0.440000,8.000000,6.000000,0.000000,0.000000,1.000000,0.000000,0.040000,-0.010000
45.271999,33.000000,33.000000,-0.350000,6.000000,6.000000,0.000000,0.000000,1.000000,0.000000,0.030000,-0.020000
45.277000,26.000000,26.000000,-0.270000,6.000000,6.000000,0.000000,0.000000,1.000000,0.000000,0.030000,-0.010000
45.282001,20.000000,20.000000,-0.130000,6.000000,4.000000,0.000000,0.000000,1.000000,0.000000,0.010000,-0.030000
45.286999,9.000000,9.000000,-0.070000,6.000000,4.000000,0.000000,0.000000,1.000000,0.000000,0.010000,-0.010000
45.292000,5.000000,5.000000,0.050000,4.000000,4.000000,0.000000,0.000000,1.000000,0.000000,0.000000,-0.020000
45.297001,-4.000000,-4.000000,0.130000,4.000000,4.000000,0.000000,0.000000,1.000000,0.000000,-0.010000,-0.020000
45.301998,-11.000000,-11.000000,0.210000,4.000000,2.000000,0.000000,0.000000,1.000000,0.000000,-0.020000,-0.020000
45.306999,-17.000000,-17.000000,0.230000,4.000000,2.000000,0.000000,0.000000,1.000000,0.000000,-0.020000,0.000000
45.312000,-19.000000,-19.000000,0.240000,4.000000,2.000000,0.000000,0.000000,1.000000,0.000000,-0.020000,0.000000
45.317001,-19.000000,-19.000000,0.300000,4.000000,2.000000,0.000000,0.000000,1.000000,0.000000,-0.030000,-0.010000
45.321999,-24.000000,-24.000000,0.350000,0.000000,0.000000,0.000000,0.000000,1.000000,0.000000,-0.030000,-0.010000
45.327000,-28.000000,-28.000000,0.450000,0.000000,0.000000,0.000000,0.000000,1.000000,0.000000,-0.050000,-0.020000
45.332001,-36.000000,-36.000000,0.500000,2.000000,0.000000,0.000000,0.000000,1.000000,0.000000,-0.050000,-0.010000
45.337002,-40.000000,-40.000000,0.560000,2.000000,0.000000,0.000000,0.000000,1.000000,0.000000,-0.060000,-0.010000
45.341999,-44.000000,-44.000000,0.520000,0.000000,0.000000,0.000000,0.000000,1.000000,0.000000,-0.050000,0.010000
45.347000,-40.000000,-40.000000,0.490000,0.000000,0.000000,0.000000,0.000000,1.000000,0.000000,-0.050000,0.000000
45.352001,-38.000000,-38.000000,0.430000,0.000000,0.000000,0.000000,0.000000,1.000000,0.000000,-0.040000,0.010000
45.356998,-34.000000,-34.000000,0.480000,0.000000,0.000000,0.000000,0.000000,1.000000,0.000000,-0.050000,-0.010000
45.362000,-37.000000,-37.000000,0.460000,0.000000,0.000000,0.000000,0.000000,1.000000,0.000000,-0.050000,0.000000
45.367001,-36.000000,-36.000000,0.470000,0.000000,0.000000,0.000000,0.000000,1.000000,0.000000,-0.050000,0.000000
45.372002,-37.000000,-37.000000,0.490000,0.000000,0.000000,0.000000,0.000000,1.000000,0.000000,-0.050000,0.000000
45.376999,-38.000000,-38.000000,0.640000,0.000000,0.000000,0.000000,0.000000,1.000000,0.000000,-0.060000,-0.030000
45.382000,-50.000000,-50.000000,0.770000,-2.000000,0.000000,0.000000,0.000000,1.000000,0.000000,-0.080000,-0.030000
45.387001,-60.000000,-60.000000,0.940000,-2.000000,0.000000,0.000000,0.000000,1.000000,0.000000,-0.090000,-0.030000
45.391998,-73.000000,-73.000000,1.100000,0.000000,-2.000000,0.000000,0.000000,1.000000,0.000000,-0.110000,-0.030000
45.396999,-86.000000,-86.000000,1.290000,0.000000,-2.000000,0.000000,0.000000,1.000000,0.000000,-0.130000,-0.040000
45.402000,-101.000000,-101.000000,1.440000,-2.000000,-4.000000,0.000000,0.000000,1.000000,0.000000,-0.140000,-0.030000
45.407001,-112.000000,-112.000000,1.550000,-2.000000,-4.000000,0.000000,0.000000,1.000000,0.000000,-0.150000,-0.020000
45.411999,-120.000000,-120.000000,1.510000,-2.000000,-2.000000,0.000000,0.000000,1.000000,0.000000,-0.150000,0.010000
45.417000,-117.000000,-117.000000,1.610000,-2.000000,-2.000000,0.000000,0.000000,1.000000,0.000000,-0.160000,-0.020000
45.422001,-126.000000,-126.000000,1.680000,-4.000000,-4.000000,0.000000,0.000000,1.000000,0.000000,-0.170000,-0.010000
45.426998,-131.000000,-131.000000,1.750000,-4.000000,-4.000000,0.000000,0.000000,1.000000,0.000000,-0.170000,-0.010000
45.431999,-136.000000,-136.000000,1.610000,-2.000000,-4.000000,0.000000,0.000000,1.000000,0.000000,-0.160000,0.030000
45.437000,-124.000000,-124.000000,1.550000,-2.000000,-4.000000,0.000000,0.000000,1.000000,0.000000,-0.160000,0.010000
45.442001,-120.000000,-120.000000,1.600000,-6.000000,-6.000000,0.000000,0.000000,1.000000,0.000000,-0.160000,-0.010000
45.446999,-125.000000,-125.000000,1.700000,-6.000000,-6.000000,0.000000,0.000000,1.000000,0.000000,-0.170000,-0.020000
45.452000,-132.000000,-132.000000,1.540000,-4.000000,-4.000000,0.000000,0.000000,1.000000,0.000000,-0.150000,0.030000
45.457001,-118.000000,-118.000000,1.450000,-4.000000,-4.000000,0.000000,0.000000,1.000000,0.000000,-0.150000,0.020000
45.462002,-112.000000,-112.000000,1.490000,-6.000000,-8.000000,0.000000,0.000000,1.000000,0.000000,-0.150000,-0.010000
45.466999,-116.000000,-116.000000,1.640000,-6.000000,-8.000000,0.000000,0.000000,1.000000,0.000000,-0.160000,-0.030000
45.472000,-128.000000,-128.000000,1.570000,-4.000000,-6.000000,0.000000,0.000000,1.000000,0.000000,-0.160000,0.010000
45.477001,-121.000000,-121.000000,1.600000,-4.000000,-6.000000,0.000000,0.000000,1.000000,0.000000,-0.160000,-0.010000
45.481998,-124.000000,-124.000000,1.670000,-8.000000,-8.000000,0.000000,0.000000,1.000000,0.000000,-0.170000,-0.010000
45.487000,-130.000000,-130.000000,1.920000,-8.000000,-8.000000,0.000000,0.000000,1.000000,0.000000,-0.190000,-0.050000
45.492001,-151.000000,-151.000000,1.810000,-4.000000,-6.000000,0.000000,0.000000,1.000000,0.000000,-0.180000,0.020000
45.497002,-139.000000,-139.000000,1.790000,-4.000000,-6.000000,0.000000,0.000000,1.000000,0.000000,-0.180000,0.000000
45.501999,-138.000000,-138.000000,1.830000,-8.000000,-8.000000,0.000000,0.000000,1.000000,0.000000,-0.180000,-0.010000
45.507000,-142.000000,-142.000000,2.030000,-8.000000,-8.000000,0.000000,0.000000,1.000000,0.000000,-0.200000,-0.040000
45.512001,-159.000000,-159.000000,1.870000,-6.000000,-8.000000,0.000000,0.000000,1.000000,0.000000,-0.190000,0.030000
45.516998,-144.000000,-144.000000,1.830000,-6.000000,-8.000000,0.000000,0.000000,1.000000,0.000000,-0.180000,0.010000
45.521999,-142.000000,-142.000000,1.850000,-8.000000,-10.000000,0.000000,0.000000,1.000000,0.000000,-0.180000,0.000000
45.527000,-143.000000,-143.000000,1.960000,-8.000000,-10.000000,0.000000,0.000000,1.000000,0.000000,-0.200000,-0.020000
45.532001,-153.000000,-153.000000,1.690000,-6.000000,-8.000000,0.000000,0.000000,1.000000,0.000000,-0.170000,0.050000
45.536999,-129.000000,-129.000000,1.610000,-6.000000,-8.000000,0.000000,0.000000,1.000000,0.000000,-0.160000,0.020000
45.542000,-124.000000,-124.000000,1.610000,-8.000000,-8.000000,0.000000,0.000000,1.000000,0.000000,-0.160000,0.000000
45.547001,-125.000000,-125.000000,1.750000,-8.000000,-8.000000,0.000000,0.000000,1.000000,0.000000,-0.180000,-0.030000
45.551998,-137.000000,-137.000000,1.580000,-8.000000,-8.000000,0.000000,0.000000,1.000000,0.000000,-0.160000,0.040000
45.556999,-121.000000,-121.000000,1.440000,-8.000000,-8.000000,0.000000,0.000000,1.000000,0.000000,-0.140000,0.030000
45.562000,-111.000000,-111.000000,1.360000,-8.000000,-10.000000,0.000000,0.000000,1.000000,0.000000,-0.140000,0.020000
45.567001,-105.000000,-105.000000,1.510000,-8.000000,-10.000000,0.000000,0.000000,1.000000,0.000000,-0.150000,-0.030000
45.571999,-118.000000,-118.000000,1.420000,-8.000000,-8.000000,0.000000,0.000000,1.000000,0.000000,-0.140000,0.020000
45.577000,-109.000000,-109.000000,1.400000,-8.000000,-8.000000,0.000000,0.000000,1.000000,0.000000,-0.140000,0.000000
45.582001,-108.000000,-108.000000,1.410000,-10.000000,-10.000000,0.000000,0.000000,1.000000,0.000000,-0.140000,0.000000
45.587002,-110.000000,-110.000000,1.500000,-10.000000,-10.000000,0.000000,0.000000,1.000000,0.000000,-0.150000,-0.020000
45.591999,-116.000000,-116.000000,1.330000,-8.000000,-6.000000,0.000000,0.000000,1.000000,0.000000,-0.130000,0.030000
45.597000,-102.000000,-102.000000,1.330000,-8.000000,-6.000000,0.000000,0.000000,1.000000,0.000000,-0.130000,0.000000
45.602001,-103.000000,-103.000000,1.260000,-8.000000,-10.000000,0.000000,0.000000,1.000000,0.000000,-0.130000,0.010000
45.606998,-98.000000,-98.000000,1.360000,-8.000000,-10.000000,0.000000,0.000000,1.000000,0.000000,-0.140000,-0.020000
45.612000,-106.000000,-106.000000,1.230000,-6.000000,-8.000000,0.000000,0.000000,1.000000,0.000000,-0.120000,0.030000
45.617001,-94.000000,-94.000000,1.160000,-6.000000,-8.000000,0.000000,0.000000,1.000000,0.000000,-0.120000,0.010000
45.622002,-90.000000,-90.000000,1.100000,-8.000000,-8.000000,0.000000,0.000000,1.000000,0.000000,-0.110000,0.010000
45.626999,-85.000000,-85.000000,1.240000,-8.000000,-8.000000,0.000000,0.000000,1.000000,0.000000,-0.120000,-0.030000
45.632000,-97.000000,-97.000000,1.110000,-4.000000,-6.000000,0.000000,0.000000,1.000000,0.000000,-0.110000,0.030000
45.637001,-85.000000,-85.000000,1.040000,-4.000000,-6.000000,0.000000,0.000000,1.000000,0.000000,-0.100000,0.010000
45.641998,-81.000000,-81.000000,1.000000,-6.000000,-8.000000,0.000000,0.000000,1.000000,0.000000,-0.100000,0.010000
45.646999,-77.000000,-77.000000,1.080000,-6.000000,-8.000000,0.000000,0.000000,1.000000,0.000000,-0.110000,-0.020000
45.652000,-84.000000,-84.000000,0.910000,-6.000000,-6.000000,0.000000,0.000000,1.000000,0.000000,-0.090000,0.030000
45.657001,-70.000000,-70.000000,0.840000,-6.000000,-6.000000,0.000000,0.000000,1.000000,0.000000,-0.080000,0.020000
45.661999,-65.000000,-65.000000,0.810000,-6.000000,-6.000000,0.000000,0.000000,1.000000,0.000000,-0.080000,0.010000
45.667000,-63.000000,-63.000000,0.890000,-6.000000,-6.000000,0.000000,0.000000,1.000000,0.000000,-0.090000,-0.020000
45.672001,-70.000000,-70.000000,0.710000,-6.000000,-6.000000,0.000000,0.000000,1.000000,0.000000,-0.070000,0.040000
45.676998,-55.000000,-55.000000,0.640000,-6.000000,-6.000000,0.000000,0.000000,1.000000,0.000000,-0.060000,0.020000
45.681999,-49.000000,-49.000000,0.550000,-6.000000,-8.000000,0.000000,0.000000,1.000000,0.000000,-0.060000,0.020000
45.687000,-43.000000,-43.000000,0.610000,-6.000000,-8.000000,0.000000,0.000000,1.000000,0.000000,-0.060000,-0.010000
45.692001,-48.000000,-48.000000,0.520000,-6.000000,-4.000000,0.000000,0.000000,1.000000,0.000000,-0.050000,0.020000
45.696999,-40.000000,-40.000000,0.500000,-6.000000,-4.000000,0.000000,0.000000,1.000000,0.000000,-0.050000,0.000000
45.702000,-39.000000,-39.000000,0.440000,-6.000000,-4.000000,0.000000,0.000000,1.000000,0.000000,-0.040000,0.010000
45.707001,-34.000000,-34.000000,0.490000,-6.000000,-4.000000,0.000000,0.000000,1.000000,0.000000,-0.050000,-0.010000
45.712002,-38.000000,-38.000000,0.400000,-2.000000,-4.000000,0.000000,0.000000,1.000000,0.000000,-0.040000,0.020000
45.716999,-31.000000,-31.000000,0.390000,-2.000000,-4.000000,0.000000,0.000000,1.000000,0.000000,-0.040000,0.000000
45.722000,-31.000000,-31.000000,0.360000,-4.000000,-4.000000,0.000000,0.000000,1.000000,0.000000,-0.040000,0.010000
45.727001,-28.000000,-28.000000,0.450000,-4.000000,-4.000000,0.000000,0.000000,1.000000,0.000000,-0.050000,-0.020000
45.731998,-36.000000,-36.000000,0.440000,-2.000000,-4.000000,0.000000,0.000000,1.000000,0.000000,-0.040000,0.000000
45.737000,-34.000000,-34.000000,0.440000,-2.000000,-4.000000,0.000000,0.000000,1.000000,0.000000,-0.040000,0.000000
45.742001,-35.000000,-35.000000,0.420000,-4.000000,-2.000000,0.000000,0.000000,1.000000,0.000000,-0.040000,0.000000
45.747002,-33.000000,-33.000000,0.490000,-4.000000,-2.000000,0.000000,0.000000,1.000000,0.000000,-0.050000,-0.010000
45.751999,-38.000000,-38.000000,0.460000,-4.000000,-2.000000,0.000000,0.000000,1.000000,0.000000,-0.050000,0.010000
45.757000,-36.000000,-36.000000,0.470000,-4.000000,-2.000000,0.000000,0.000000,1.000000,0.000000,-0.050000,0.000000
45.762001,-37.000000,-37.000000,0.490000,-4.000000,-2.000000,0.000000,0.000000,1.000000,0.000000,-0.050000,0.000000
45.766998,-38.000000,-38.000000,0.550000,-4.000000,-2.000000,0.000000,0.000000,1.000000,0.000000,-0.050000,-0.010000
45.771999,-43.000000,-43.000000,0.490000,-2.000000,-2.000000,0.000000,0.000000,1.000000,0.000000,-0.050000,0.010000
45.777000,-38.000000,-38.000000,0.450000,-2.000000,-2.000000,0.000000,0.000000,1.000000,0.000000,-0.050000,0.010000
45.782001,-35.000000,-35.000000,0.440000,-2.000000,-4.000000,0.000000,0.000000,1.000000,0.000000,-0.040000,0.000000
45.786999,-35.000000,-35.000000,0.490000,-2.000000,-4.000000,0.000000,0.000000,1.000000,0.000000,-0.050000,-0.010000
45.792000,-39.000000,-39.000000,0.420000,-2.000000,-2.000000,0.000000,0.000000,1.000000,0.000000,-0.040000,0.020000
45.797001,-33.000000,-33.000000,0.410000,-2.000000,-2.000000,0.000000,0.000000,1.000000,0.000000,-0.040000,0.000000
45.801998,-32.000000,-32.000000,0.380000,-2.000000,-4.000000,0.000000,0.000000,1.000000,0.000000,-0.040000,0.010000
45.806999,-30.000000,-30.000000,0.400000,-2.000000,-4.000000,0.000000,0.000000,1.000000,0.000000,-0.040000,0.000000
45.812000,-31.000000,-31.000000,0.320000,-2.000000,-2.000000,0.000000,0.000000,1.000000,0.000000,-0.030000,0.020000
45.817001,-25.000000,-25.000000,0.280000,-2.000000,-2.000000,0.000000,0.000000,1.000000,0.000000,-0.030000,0.010000
45.821999,-22.000000,-22.000000,0.240000,-2.000000,-2.000000,0.000000,0.000000,1.000000,0.000000,-0.020000,0.010000
45.827000,-19.000000,-19.000000,0.250000,-2.000000,-2.000000,0.000000,0.000000,1.000000,0.000000,-0.020000,0.000000
45.832001,-20.000000,-20.000000,0.190000,-2.000000,-2.000000,0.000000,0.000000,1.000000,0.000000,-0.020000,0.010000
45.837002,-15.000000,-15.000000,0.140000,-2.000000,-2.000000,0.000000,0.000000,1.000000,0.000000,-0.010000,0.010000
45.841999,-11.000000,-11.000000,0.100000,-2.000000,-2.000000,0.000000,0.000000,1.000000,0.000000,-0.010000,0.010000
45.847000,-8.000000,-8.000000,0.100000,-2.000000,-2.000000,0.000000,0.000000,1.000000,0.000000,-0.010000,0.000000
45.852001,-8.000000,-8.000000,0.070000,-2.000000,0.000000,0.000000,0.000000,1.000000,0.000000,-0.010000,0.000000
45.856998,-6.000000,-6.000000,0.050000,-2.000000,0.000000,0.000000,0.000000,1.000000,0.000000,-0.010000,0.000000
45.862000,-4.000000,-4.000000,0.030000,-2.000000,-2.000000,0.000000,0.000000,1.000000,0.000000,0.000000,0.000000
45.867001,-3.000000,-3.000000,0.010000,-2.000000,-2.000000,0.000000,0.000000,1.000000,0.000000,0.000000,0.000000
45.872002,-2.000000,-2.000000,0.000000,-2.000000,0.000000,0.000000,0.000000,1.000000,0.000000,0.000000,0.000000
45.876999,0.000000,0.000000,-0.010000,-2.000000,0.000000,0.000000,0.000000,1.000000,0.000000,0.000000,0.000000
45.882000,1.000000,1.000000,-0.040000,0.000000,0.000000,0.000000,0.000000,1.000000,0.000000,0.000000,0.000000
45.887001,2.000000,2.000000,-0.040000,0.000000,0.000000,0.000000,0.000000,1.000000,0.000000,0.000000,0.000000
45.891998,3.000000,3.000000,-0.050000,-2.000000,0.000000,0.000000,0.000000,1.000000,0.000000,0.000000,0.000000
45.896999,3.000000,3.000000,-0.030000,-2.000000,0.000000,0.000000,0.000000,1.000000,0.000000,0.000000,0.000000
45.902000,2.000000,2.000000,-0.020000,0.000000,0.000000,0.000000,0.000000,1.000000,0.000000,0.000000,0.000000
45.907001,1.000000,1.000000,-0.010000,0.000000,0.000000,0.000000,0.000000,1.000000,0.000000,0.000000,0.000000
45.911999,0.000000,0.000000,0.010000,0.000000,0.000000,0.000000,0.000000,1.000000,0.000000,0.000000,0.000000
45.917000,-1.000000,-1.000000,0.010000,0.000000,0.000000,0.000000,0.000000,1.000000,0.000000,0.000000,0.000000
45.922001,-1.000000,-1.000000,0.000000,0.000000,0.000000,0.000000,0.000000,1.000000,0.000000,0.000000,0.000000
45.926998,0.000000,0.000000,-0.010000,0.000000,0.000000,0.000000,0.000000,1.000000,0.000000,0.000000,0.000000
45.931999,1.000000,1.000000,-0.040000,0.000000,0.000000,0.000000,0.000000,1.000000,0.000000,0.000000,0.010000
45.937000,3.000000,3.000000,-0.070000,0.000000,0.000000,0.000000,0.000000,1.000000,0.000000,0.010000,0.010000
45.942001,5.000000,5.000000,-0.100000,0.000000,0.000000,0.000000,0.000000,1.000000,0.000000,0.010000,0.010000
45.946999,8.000000,8.000000,-0.150000,0.000000,0.000000,0.000000,0.000000,1.000000,0.000000,0.010000,0.010000
45.952000,11.000000,11.000000,-0.200000,0.000000,0.000000,0.000000,0.000000,1.000000,0.000000,0.020000,0.010000
45.957001,15.000000,15.000000,-0.270000,0.000000,0.000000,0.000000,0.000000,1.000000,0.000000,0.030000,0.010000
45.962002,20.000000,20.000000,-0.310000,0.000000,2.000000,0.000000,0.000000,1.000000,0.000000,0.030000,0.010000
45.966999,24.000000,24.000000,-0.380000,0.000000,2.000000,0.000000,0.000000,1.000000,0.000000,0.040000,0.010000
45.972000,29.000000,29.000000,-0.450000,0.000000,0.000000,0.000000,0.000000,1.000000,0.000000,0.050000,0.010000
45.977001,34.000000,34.000000,-0.600000,0.000000,0.000000,0.000000,0.000000,1.000000,0.000000,0.060000,0.030000
45.981998,45.000000,45.000000,-0.650000,0.000000,0.000000,0.000000,0.000000,1.000000,0.000000,0.070000,0.010000
45.987000,49.000000,49.000000,-0.720000,0.000000,0.000000,0.000000,0.000000,1.000000,0.000000,0.070000,0.010000
45.992001,54.000000,54.000000,-0.800000,0.000000,0.000000,0.000000,0.000000,1.000000,0.000000,0.080000,0.020000
45.997002,60.000000,60.000000,-1.010000,0.000000,0.000000,0.000000,0.000000,1.000000,0.000000,0.100000,0.040000
46.001999,75.000000,75.000000,-1.070000,0.000000,0.000000,0.000000,0.000000,1.000000,0.000000,0.110000,0.010000
46.007000,80.000000,80.000000,-1.130000,0.000000,0.000000,0.000000,0.000000,1.000000,0.000000,0.110000,0.010000
46.012001,84.000000,84.000000,-1.270000,2.000000,2.000000,0.000000,0.000000,1.000000,0.000000,0.130000,0.030000
46.016998,94.000000,94.000000,-1.500000,2.000000,2.000000,0.000000,0.000000,1.000000,0.000000,0.150000,0.050000
46.021999,110.000000,110.000000,-1.750000,2.000000,2.000000,0.000000,0.000000,1.000000,0.000000,0.180000,0.050000
46.027000,128.000000,128.000000,-1.880000,2.000000,2.000000,0.000000,0.000000,1.000000,0.000000,0.190000,0.030000
46.032001,137.000000,137.000000,-1.850000,2.000000,2.000000,0.000000,0.000000,1.000000,0.000000,0.180000,-0.010000
46.036999,135.000000,135.000000,-1.850000,2.000000,2.000000,0.000000,0.000000,1.000000,0.000000,0.180000,0.000000
46.042000,134.000000,134.000000,-1.960000,6.000000,4.000000,0.000000,0.000000,1.000000,0.000000,0.200000,0.020000
46.047001,142.000000,142.000000,-1.990000,6.000000,4.000000,0.000000,0.000000,1.000000,0.000000,0.200000,0.010000
46.051998,144.000000,144.000000,-2.000000,4.000000,4.000000,0.000000,0.000000,1.000000,0.000000,0.200000,0.000000
46.056999,145.000000,145.000000,-1.920000,4.000000,4.000000,0.000000,0.000000,1.000000,0.000000,0.190000,-0.020000
46.062000,139.000000,139.000000,-2.040000,6.000000,6.000000,0.000000,0.000000,1.000000,0.000000,0.200000,0.020000
46.067001,147.000000,147.000000,-2.070000,6.000000,6.000000,0.000000,0.000000,1.000000,0.000000,0.210000,0.010000
46.071999,150.000000,150.000000,-2.020000,4.000000,6.000000,0.000000,0.000000,1.000000,0.000000,0.200000,-0.010000
46.077000,146.000000,146.000000,-1.960000,4.000000,6.000000,0.000000,0.000000,1.000000,0.000000,0.200000,-0.010000
46.082001,142.000000,142.000000,-2.000000,8.000000,8.000000,0.000000,0.000000,1.000000,0.000000,0.200000,0.010000
46.087002,145.000000,145.000000,-2.000000,8.000000,8.000000,0.000000,0.000000,1.000000,0.000000,0.200000,0.000000
46.091999,145.000000,145.000000,-1.900000,6.000000,6.000000,0.000000,0.000000,1.000000,0.000000,0.190000,-0.020000
46.097000,138.000000,138.000000,-1.790000,6.000000,6.000000,0.000000,0.000000,1.000000,0.000000,0.180000,-0.020000
46.102001,130.000000,130.000000,-1.750000,8.000000,8.000000,0.000000,0.000000,1.000000,0.000000,0.180000,-0.010000
46.106998,128.000000,128.000000,-1.700000,8.000000,8.000000,0.000000,0.000000,1.000000,0.000000,0.170000,-0.010000
46.112000,125.000000,125.000000,-1.630000,6.000000,8.000000,0.000000,0.000000,1.000000,0.000000,0.160000,-0.020000
46.117001,119.000000,119.000000,-1.470000,6.000000,8.000000,0.000000,0.000000,1.000000,0.000000,0.150000,-0.030000
46.122002,108.000000,108.000000,-1.420000,8.000000,10.000000,0.000000,0.000000,1.000000,0.000000,0.140000,-0.010000
46.126999,105.000000,105.000000,-1.390000,8.000000,10.000000,0.000000,0.000000,1.000000,0.000000,0.140000,-0.010000
46.132000,102.000000,102.000000,-1.310000,8.000000,8.000000,0.000000,0.000000,1.000000,0.000000,0.130000,-0.020000
46.137001,97.000000,97.000000,-1.210000,8.000000,8.000000,0.000000,0.000000,1.000000,0.000000,0.120000,-0.020000
46.141998,90.000000,90.000000,-1.190000,10.000000,8.000000,0.000000,0.000000,1.000000,0.000000,0.120000,-0.010000
46.146999,88.000000,88.000000,-1.170000,10.000000,8.000000,0.000000,0.000000,1.000000,0.000000,0.120000,0.000000
46.152000,87.000000,87.000000,-1.080000,8.000000,6.000000,0.000000,0.000000,1.000000,0.000000,0.110000,-0.020000
46.157001,80.000000,80.000000,-1.060000,8.000000,6.000000,0.000000,0.000000,1.000000,0.000000,0.110000,0.000000
46.161999,79.000000,79.000000,-1.060000,8.000000,8.000000,0.000000,0.000000,1.000000,0.000000,0.110000,0.000000
46.167000,79.000000,79.000000,-1.140000,8.000000,8.000000,0.000000,0.000000,1.000000,0.000000,0.110000,0.020000
46.172001,85.000000,85.000000,-1.070000,6.000000,6.000000,0.000000,0.000000,1.000000,0.000000,0.110000,-0.010000
46.176998,79.000000,79.000000,-1.080000,6.000000,6.000000,0.000000,0.000000,1.000000,0.000000,0.110000,0.000000
46.181999,81.000000,81.000000,-1.110000,8.000000,8.000000,0.000000,0.000000,1.000000,0.000000,0.110000,0.010000
46.187000,82.000000,82.000000,-1.230000,8.000000,8.000000,0.000000,0.000000,1.000000,0.000000,0.120000,0.020000
46.192001,91.000000,91.000000,-1.220000,6.000000,6.000000,0.000000,0.000000,1.000000,0.000000,0.120000,0.000000
46.196999,90.000000,90.000000,-1.240000,6.000000,6.000000,0.000000,0.000000,1.000000,0.000000,0.120000,0.000000
46.202000,92.000000,92.000000,-1.260000,8.000000,6.000000,0.000000,0.000000,1.000000,0.000000,0.130000,0.000000
46.207001,94.000000,94.000000,-1.430000,8.000000,6.000000,0.000000,0.000000,1.000000,0.000000,0.140000,0.030000
46.212002,105.000000,105.000000,-1.450000,6.000000,6.000000,0.000000,0.000000,1.000000,0.000000,0.140000,0.000000
46.216999,107.000000,107.000000,-1.450000,6.000000,6.000000,0.000000,0.000000,1.000000,0.000000,0.150000,0.000000
46.222000,107.000000,107.000000,-1.500000,6.000000,6.000000,0.000000,0.000000,1.000000,0.000000,0.150000,0.010000
46.227001,111.000000,111.000000,-1.640000,6.000000,6.000000,0.000000,0.000000,1.000000,0.000000,0.160000,0.030000
46.231998,120.000000,120.000000,-1.710000,6.000000,6.000000,0.000000,0.000000,1.000000,0.000000,0.170000,0.010000
46.237000,125.000000,125.000000,-1.740000,6.000000,6.000000,0.000000,0.000000,1.000000,0.000000,0.170000,0.010000
46.242001,127.000000,127.000000,-1.860000,6.000000,8.000000,0.000000,0.000000,1.000000,0.000000,0.190000,0.020000
46.247002,135.000000,135.000000,-2.080000,6.000000,8.000000,0.000000,0.000000,1.000000,0.000000,0.210000,0.040000
46.251999,150.000000,150.000000,-2.090000,6.000000,6.000000,0.000000,0.000000,1.000000,0.000000,0.210000,0.000000
46.257000,151.000000,151.000000,-2.180000,6.000000,6.000000,0.000000,0.000000,1.000000,0.000000,0.220000,0.020000
46.262001,157.000000,157.000000,-2.440000,8.000000,8.000000,0.000000,0.000000,1.000000,0.000000,0.240000,0.050000
46.266998,174.000000,174.000000,-2.650000,8.000000,8.000000,0.000000,0.000000,1.000000,0.000000,0.270000,0.040000
46.271999,188.000000,188.000000,-2.650000,6.000000,6.000000,0.000000,0.000000,1.000000,0.000000,0.270000,0.000000
46.277000,189.000000,189.000000,-2.650000,6.000000,6.000000,0.000000,0.000000,1.000000,0.000000,0.270000,0.000000
46.282001,189.000000,189.000000,-2.800000,8.000000,10.000000,0.000000,0.000000,1.000000,0.000000,0.280000,0.030000
46.286999,198.000000,198.000000,-2.910000,8.000000,10.000000,0.000000,0.000000,1.000000,0.000000,0.290000,0.020000
46.292000,205.000000,205.000000,-2.930000,8.000000,8.000000,0.000000,0.000000,1.000000,0.000000,0.290000,0.010000
46.297001,207.000000,207.000000,-2.800000,8.000000,8.000000,0.000000,0.000000,1.000000,0.000000,0.280000,-0.030000
46.301998,198.000000,198.000000,-2.920000,10.000000,12.000000,0.000000,0.000000,1.000000,0.000000,0.290000,0.020000
46.306999,206.000000,206.000000,-2.940000,10.000000,12.000000,0.000000,0.000000,1.000000,0.000000,0.290000,0.000000
46.312000,207.000000,207.000000,-2.960000,8.000000,10.000000,0.000000,0.000000,1.000000,0.000000,0.300000,0.010000
46.317001,209.000000,209.000000,-2.810000,8.000000,10.000000,0.000000,0.000000,1.000000,0.000000,0.280000,-0.030000
46.321999,198.000000,198.000000,-2.910000,12.000000,12.000000,0.000000,0.000000,1.000000,0.000000,0.290000,0.020000
46.327000,205.000000,205.000000,-2.910000,12.000000,12.000000,0.000000,0.000000,1.000000,0.000000,0.290000,0.000000
46.332001,205.000000,205.000000,-2.980000,10.000000,10.000000,0.000000,0.000000,1.000000,0.000000,0.300000,0.010000
46.337002,210.000000,210.000000,-2.870000,10.000000,10.000000,0.000000,0.000000,1.000000,0.000000,0.290000,-0.020000
46.341999,202.000000,202.000000,-3.020000,12.000000,12.000000,0.000000,0.000000,1.000000,0.000000,0.300000,0.030000
46.347000,212.000000,212.000000,-3.200000,12.000000,12.000000,0.000000,0.000000,1.000000,0.000000,0.320000,0.040000
46.352001,223.000000,223.000000,-3.190000,12.000000,12.000000,0.000000,0.000000,1.000000,0.000000,0.320000,0.000000
46.356998,223.000000,223.000000,-3.110000,12.000000,12.000000,0.000000,0.000000,1.000000,0.000000,0.310000,-0.020000
46.362000,218.000000,218.000000,-3.280000,14.000000,14.000000,0.000000,0.000000,1.000000,0.000000,0.330000,0.030000
46.367001,228.000000,228.000000,-3.380000,14.000000,14.000000,0.000000,0.000000,1.000000,0.000000,0.340000,0.020000
46.372002,235.000000,235.000000,-3.340000,12.000000,12.000000,0.000000,0.000000,1.000000,0.000000,0.330000,-0.010000
46.376999,232.000000,232.000000,-3.200000,12.000000,12.000000,0.000000,0.000000,1.000000,0.000000,0.320000,-0.030000
46.382000,223.000000,223.000000,-3.370000,14.000000,12.000000,0.000000,0.000000,1.000000,0.000000,0.340000,0.030000
46.387001,234.000000,234.000000,-3.430000,14.000000,12.000000,0.000000,0.000000,1.000000,0.000000,0.340000,0.010000
46.391998,238.000000,238.000000,-3.450000,12.000000,12.000000,0.000000,0.000000,1.000000,0.000000,0.350000,0.000000
46.396999,239.000000,239.000000,-3.300000,12.000000,12.000000,0.000000,0.000000,1.000000,0.000000,0.330000,-0.030000
46.402000,229.000000,229.000000,-3.450000,16.000000,16.000000,0.000000,0.000000,1.000000,0.000000,0.350000,0.030000
46.407001,240.000000,240.000000,-3.450000,16.000000,16.000000,0.000000,0.000000,1.000000,0.000000,0.350000,0.000000
46.411999,239.000000,239.000000,-3.440000,14.000000,12.000000,0.000000,0.000000,1.000000,0.000000,0.340000,0.000000
46.417000,238.000000,238.000000,-2.920000,14.000000,12.000000,0.000000,0.000000,1.000000,0.000000,0.290000,-0.100000
46.422001,203.000000,203.000000,-3.110000,16.000000,14.000000,0.000000,0.000000,1.000000,0.000000,0.310000,0.040000
46.426998,218.000000,218.000000,-3.040000,16.000000,14.000000,0.000000,0.000000,1.000000,0.000000,0.300000,-0.010000
46.431999,214.000000,214.000000,-3.230000,14.000000,14.000000,0.000000,0.000000,1.000000,0.000000,0.320000,0.040000
46.437000,225.000000,225.000000,-3.210000,14.000000,14.000000,0.000000,0.000000,1.000000,0.000000,0.320000,0.000000
46.442001,225.000000,225.000000,-3.510000,16.000000,14.000000,0.000000,0.000000,1.000000,0.000000,0.350000,0.060000
46.446999,243.000000,243.000000,-3.510000,16.000000,14.000000,0.000000,0.000000,1.000000,0.000000,0.350000,0.000000
46.452000,243.000000,243.000000,-3.580000,14.000000,12.000000,0.000000,0.000000,1.000000,0.000000,0.360000,0.010000
46.457001,247.000000,247.000000,-3.700000,14.000000,12.000000,0.000000,0.000000,1.000000,0.000000,0.370000,0.020000
46.462002,253.000000,253.000000,-3.970000,16.000000,16.000000,0.000000,0.000000,1.000000,0.000000,0.400000,0.050000
46.466999,267.000000,267.000000,-3.980000,16.000000,16.000000,0.000000,0.000000,1.000000,0.000000,0.400000,0.000000
46.472000,267.000000,267.000000,-4.060000,14.000000,14.000000,0.000000,0.000000,1.000000,0.000000,0.410000,0.020000
46.477001,271.000000,271.000000,-4.060000,14.000000,14.000000,0.000000,0.000000,1.000000,0.000000,0.410000,0.000000
46.481998,271.000000,271.000000,-4.370000,18.000000,16.000000,0.000000,0.000000,1.000000,0.000000,0.440000,0.060000
46.487000,286.000000,286.000000,-4.630000,18.000000,16.000000,0.000000,0.000000,1.000000,0.000000,0.460000,0.050000
46.492001,297.000000,297.000000,-4.870000,14.000000,16.000000,0.000000,0.000000,1.000000,0.000000,0.490000,0.050000
46.497002,308.000000,308.000000,-4.950000,14.000000,16.000000,0.000000,0.000000,1.000000,0.000000,0.500000,0.020000
46.501999,311.000000,311.000000,-5.330000,18.000000,18.000000,0.000000,0.000000,1.000000,0.000000,0.530000,0.080000
46.507000,326.000000,326.000000,-5.370000,18.000000,18.000000,0.000000,0.000000,1.000000,0.000000,0.540000,0.010000
46.512001,326.000000,326.000000,-5.470000,16.000000,16.000000,0.000000,0.000000,1.000000,0.000000,0.550000,0.020000
46.516998,330.000000,330.000000,-5.530000,16.000000,16.000000,0.000000,0.000000,1.000000,0.000000,0.550000,0.010000
46.521999,332.000000,332.000000,-5.970000,20.000000,18.000000,0.000000,0.000000,1.000000,0.000000,0.600000,0.090000
46.527000,349.000000,349.000000,-5.920000,20.000000,18.000000,0.000000,0.000000,1.000000,0.000000,0.590000,-0.010000
46.532001,345.000000,345.000000,-5.870000,18.000000,16.000000,0.000000,0.000000,1.000000,0.000000,0.590000,-0.010000
46.536999,343.000000,343.000000,-5.900000,18.000000,16.000000,0.000000,0.000000,1.000000,0.000000,0.590000,0.010000
46.542000,344.000000,344.000000,-6.150000,20.000000,20.000000,0.000000,0.000000,1.000000,0.000000,0.610000,0.050000
46.547001,353.000000,353.000000,-5.980000,20.000000,20.000000,0.000000,0.000000,1.000000,0.000000,0.600000,-0.030000
46.551998,347.000000,347.000000,-5.700000,20.000000,20.000000,0.000000,0.000000,1.000000,0.000000,0.570000,-0.060000
46.556999,337.000000,337.000000,-5.320000,20.000000,20.000000,0.000000,0.000000,1.000000,0.000000,0.530000,-0.080000
46.562000,324.000000,324.000000,-5.280000,22.000000,22.000000,0.000000,0.000000,1.000000,0.000000,0.530000,-0.010000
46.567001,323.000000,323.000000,-4.870000,22.000000,22.000000,0.000000,0.000000,1.000000,0.000000,0.490000,-0.080000
46.571999,305.000000,305.000000,-4.410000,22.000000,20.000000,0.000000,0.000000,1.000000,0.000000,0.440000,-0.090000
46.577000,285.000000,285.000000,-3.900000,22.000000,20.000000,0.000000,0.000000,1.000000,0.000000,0.390000,-0.100000
46.582001,261.000000,261.000000,-3.640000,22.000000,22.000000,0.000000,0.000000,1.000000,0.000000,0.360000,-0.050000
46.587002,248.000000,248.000000,-3.010000,22.000000,22.000000,0.000000,0.000000,1.000000,0.000000,0.300000,-0.130000
46.591999,209.000000,209.000000,-2.460000,22.000000,20.000000,0.000000,0.000000,1.000000,0.000000,0.250000,-0.110000
46.597000,174.000000,174.000000,-1.790000,22.000000,20.000000,0.000000,0.000000,1.000000,0.000000,0.180000,-0.130000
46.602001,128.000000,128.000000,-1.310000,22.000000,22.000000,0.000000,0.000000,1.000000,0.000000,0.130000,-0.100000
46.606998,95.000000,95.000000,-0.560000,22.000000,22.000000,0.000000,0.000000,1.000000,0.000000,0.060000,-0.150000
46.612000,40.000000,40.000000,0.050000,18.000000,18.000000,0.000000,0.000000,1.000000,0.000000,0.000000,-0.120000
46.617001,-6.000000,-6.000000,0.680000,18.000000,18.000000,0.000000,0.000000,1.000000,0.000000,-0.070000,-0.130000
46.622002,-55.000000,-55.000000,1.320000,18.000000,18.000000,0.000000,0.000000,1.000000,0.000000,-0.130000,-0.130000
46.626999,-105.000000,-105.000000,1.900000,18.000000,18.000000,0.000000,0.000000,1.000000,0.000000,-0.190000,-0.120000
46.632000,-151.000000,-151.000000,2.450000,14.000000,16.000000,0.000000,0.000000,1.000000,0.000000,-0.250000,-0.110000
46.637001,-196.000000,-196.000000,3.060000,14.000000,16.000000,0.000000,0.000000,1.000000,0.000000,-0.310000,-0.120000
46.641998,-246.000000,-246.000000,3.620000,10.000000,8.000000,0.000000,0.000000,1.000000,0.000000,-0.360000,-0.110000
46.646999,-291.000000,-291.000000,3.990000,10.000000,8.000000,0.000000,0.000000,1.000000,0.000000,-0.400000,-0.070000
46.652000,-321.000000,-321.000000,4.220000,8.000000,8.000000,0.000000,0.000000,1.000000,0.000000,-0.420000,-0.050000
46.657001,-338.000000,-338.000000,4.420000,8.000000,8.000000,0.000000,0.000000,1.000000,0.000000,-0.440000,-0.040000
46.661999,-355.000000,-355.000000,4.810000,2.000000,0.000000,0.000000,0.000000,1.000000,0.000000,-0.480000,-0.080000
46.667000,-396.000000,-396.000000,4.960000,2.000000,0.000000,0.000000,0.000000,1.000000,0.000000,-0.500000,-0.030000
46.672001,-404.000000,-404.000000,5.060000,0.000000,-2.000000,0.000000,0.000000,1.000000,0.000000,-0.510000,-0.020000
46.676998,-412.000000,-412.000000,4.880000,0.000000,-2.000000,0.000000,0.000000,1.000000,0.000000,-0.490000,0.040000
46.681999,-388.000000,-388.000000,5.000000,-6.000000,-6.000000,0.000000,0.000000,1.000000,0.000000,-0.500000,-0.020000
46.687000,-406.000000,-406.000000,4.990000,-6.000000,-6.000000,0.000000,0.000000,1.000000,0.000000,-0.500000,0.000000
46.692001,-403.000000,-403.000000,4.850000,-6.000000,-6.000000,0.000000,0.000000,1.000000,0.000000,-0.480000,0.030000
46.696999,-387.000000,-387.000000,4.480000,-6.000000,-6.000000,0.000000,0.000000,1.000000,0.000000,-0.450000,0.070000
46.702000,-349.000000,-349.000000,4.360000,-10.000000,-12.000000,0.000000,0.000000,1.000000,0.000000,-0.440000,0.020000
46.707001,-343.000000,-343.000000,3.970000,-10.000000,-12.000000,0.000000,0.000000,1.000000,0.000000,-0.400000,0.080000
46.712002,-303.000000,-303.000000,3.590000,-12.000000,-12.000000,0.000000,0.000000,1.000000,0.000000,-0.360000,0.070000
46.716999,-272.000000,-272.000000,3.120000,-12.000000,-12.000000,0.000000,0.000000,1.000000,0.000000,-0.310000,0.090000
46.722000,-234.000000,-234.000000,2.850000,-16.000000,-16.000000,0.000000,0.000000,1.000000,0.000000,-0.280000,0.050000
46.727001,-216.000000,-216.000000,2.360000,-16.000000,-16.000000,0.000000,0.000000,1.000000,0.000000,-0.240000,0.100000
46.731998,-177.000000,-177.000000,1.800000,-14.000000,-14.000000,0.000000,0.000000,1.000000,0.000000,-0.180000,0.110000
46.737000,-134.000000,-134.000000,1.210000,-14.000000,-14.000000,0.000000,0.000000,1.000000,0.000000,-0.120000,0.120000
46.742001,-89.000000,-89.000000,0.680000,-14.000000,-16.000000,0.000000,0.000000,1.000000,0.000000,-0.070000,0.110000
46.747002,-50.000000,-50.000000,0.160000,-14.000000,-16.000000,0.000000,0.000000,1.000000,0.000000,-0.020000,0.100000
46.751999,-11.000000,-11.000000,-0.330000,-12.000000,-14.000000,0.000000,0.000000,1.000000,0.000000,0.030000,0.100000
46.757000,25.000000,25.000000,-0.950000,-12.000000,-14.000000,0.000000,0.000000,1.000000,0.000000,0.090000,0.120000
46.762001,70.000000,70.000000,-1.560000,-12.000000,-12.000000,0.000000,0.000000,1.000000,0.000000,0.160000,0.120000
46.766998,114.000000,114.000000,-2.070000,-12.000000,-12.000000,0.000000,0.000000,1.000000,0.000000,0.210000,0.100000
46.771999,149.000000,149.000000,-2.470000,-8.000000,-10.000000,0.000000,0.000000,1.000000,0.000000,0.250000,0.080000
46.777000,176.000000,176.000000,-2.800000,-8.000000,-10.000000,0.000000,0.000000,1.000000,0.000000,0.280000,0.070000
46.782001,198.000000,198.000000,-3.180000,-4.000000,-4.000000,0.000000,0.000000,1.000000,0.000000,0.320000,0.080000
46.786999,222.000000,222.000000,-3.300000,-4.000000,-4.000000,0.000000,0.000000,1.000000,0.000000,0.330000,0.030000
46.792000,230.000000,230.000000,-3.340000,-4.000000,-4.000000,0.000000,0.000000,1.000000,0.000000,0.330000,0.010000
46.797001,233.000000,233.000000,-3.320000,-4.000000,-4.000000,0.000000,0.000000,1.000000,0.000000,0.330000,0.000000
46.801998,231.000000,231.000000,-3.530000,2.000000,2.000000,0.000000,0.000000,1.000000,0.000000,0.350000,0.040000
46.806999,244.000000,244.000000,-3.390000,2.000000,2.000000,0.000000,0.000000,1.000000,0.000000,0.340000,-0.030000
46.812000,235.000000,235.000000,-3.080000,2.000000,2.000000,0.000000,0.000000,1.000000,0.000000,0.310000,-0.060000
46.817001,214.000000,214.000000,-2.770000,2.000000,2.000000,0.000000,0.000000,1.000000,0.000000,0.280000,-0.060000
46.821999,195.000000,195.000000,-2.820000,6.000000,6.000000,0.000000,0.000000,1.000000,0.000000,0.280000,0.010000
46.827000,200.000000,200.000000,-2.550000,6.000000,6.000000,0.000000,0.000000,1.000000,0.000000,0.260000,-0.050000
46.832001,181.000000,181.000000,-2.100000,6.000000,4.000000,0.000000,0.000000,1.000000,0.000000,0.210000,-0.090000
46.837002,150.000000,150.000000,-1.570000,6.000000,4.000000,0.000000,0.000000,1.000000,0.000000,0.160000,-0.110000
46.841999,114.000000,114.000000,-1.260000,8.000000,8.000000,0.000000,0.000000,1.000000,0.000000,0.130000,-0.060000
46.847000,93.000000,93.000000,-0.650000,8.000000,8.000000,0.000000,0.000000,1.000000,0.000000,0.070000,-0.120000
46.852001,47.000000,47.000000,-0.150000,8.000000,6.000000,0.000000,0.000000,1.000000,0.000000,0.010000,-0.100000
46.856998,9.000000,9.000000,0.440000,8.000000,6.000000,0.000000,0.000000,1.000000,0.000000,-0.040000,-0.120000
46.862000,-36.000000,-36.000000,1.040000,6.000000,6.000000,0.000000,0.000000,1.000000,0.000000,-0.100000,-0.120000
46.867001,-83.000000,-83.000000,1.700000,6.000000,6.000000,0.000000,0.000000,1.000000,0.000000,-0.170000,-0.130000
46.872002,-136.000000,-136.000000,2.310000,6.000000,6.000000,0.000000,0.000000,1.000000,0.000000,-0.230000,-0.120000
46.876999,-184.000000,-184.000000,2.970000,6.000000,6.000000,0.000000,0.000000,1.000000,0.000000,-0.300000,-0.130000
46.882000,-239.000000,-239.000000,3.660000,2.000000,4.000000,0.000000,0.000000,1.000000,0.000000,-0.370000,-0.140000
46.887001,-297.000000,-297.000000,4.160000,2.000000,4.000000,0.000000,0.000000,1.000000,0.000000,-0.420000,-0.100000
46.891998,-339.000000,-339.000000,4.560000,0.000000,2.000000,0.000000,0.000000,1.000000,0.000000,-0.460000,-0.080000
46.896999,-373.000000,-373.000000,4.860000,0.000000,2.000000,0.000000,0.000000,1.000000,0.000000,-0.490000,-0.060000
46.902000,-398.000000,-398.000000,5.430000,-6.000000,-4.000000,0.000000,0.000000,1.000000,0.000000,-0.540000,-0.110000
46.907001,-458.000000,-458.000000,5.780000,-6.000000,-4.000000,0.000000,0.000000,1.000000,0.000000,-0.580000,-0.070000
46.911999,-486.000000,-486.000000,6.130000,-6.000000,-6.000000,0.000000,0.000000,1.000000,0.000000,-0.610000,-0.070000
46.917000,-520.000000,-520.000000,6.160000,-6.000000,-6.000000,0.000000,0.000000,1.000000,0.000000,-0.620000,-0.010000
46.922001,-515.000000,-515.000000,6.340000,-10.000000,-8.000000,0.000000,0.000000,1.000000,0.000000,-0.630000,-0.040000
46.926998,-537.000000,-537.000000,6.550000,-10.000000,-8.000000,0.000000,0.000000,1.000000,0.000000,-0.660000,-0.040000
46.931999,-558.000000,-558.000000,6.530000,-12.000000,-14.000000,0.000000,0.000000,1.000000,0.000000,-0.650000,0.000000
46.937000,-549.000000,-549.000000,6.300000,-12.000000,-14.000000,0.000000,0.000000,1.000000,0.000000,-0.630000,0.050000
46.942001,-521.000000,-521.000000,6.200000,-16.000000,-16.000000,0.000000,0.000000,1.000000,0.000000,-0.620000,0.020000
46.946999,-514.000000,-514.000000,6.200000,-16.000000,-16.000000,0.000000,0.000000,1.000000,0.000000,-0.620000,0.000000
46.952000,-517.000000,-517.000000,5.990000,-18.000000,-18.000000,0.000000,0.000000,1.000000,0.000000,-0.600000,0.040000
46.957001,-491.000000,-491.000000,5.500000,-18.000000,-18.000000,0.000000,0.000000,1.000000,0.000000,-0.550000,0.100000
46.962002,-437.000000,-437.000000,5.120000,-22.000000,-22.000000,0.000000,0.000000,1.000000,0.000000,-0.510000,0.080000
46.966999,-405.000000,-405.000000,4.840000,-22.000000,-22.000000,0.000000,0.000000,1.000000,0.000000,-0.480000,0.050000
46.972000,-383.000000,-383.000000,4.320000,-22.000000,-24.000000,0.000000,0.000000,1.000000,0.000000,-0.430000,0.110000
46.977001,-330.000000,-330.000000,3.500000,-22.000000,-24.000000,0.000000,0.000000,1.000000,0.000000,-0.350000,0.160000
46.981998,-256.000000,-256.000000,2.820000,-26.000000,-26.000000,0.000000,0.000000,1.000000,0.000000,-0.280000,0.140000
46.987000,-208.000000,-208.000000,1.930000,-26.000000,-26.000000,0.000000,0.000000,1.000000,0.000000,-0.190000,0.180000
46.992001,-140.000000,-140.000000,1.090000,-24.000000,-24.000000,0.000000,0.000000,1.000000,0.000000,-0.110000,0.170000
46.997002,-79.000000,-79.000000,0.300000,-24.000000,-24.000000,0.000000,0.000000,1.000000,0.000000,-0.030000,0.160000
47.001999,-21.000000,-21.000000,-0.390000,-22.000000,-24.000000,0.000000,0.000000,1.000000,0.000000,0.040000,0.140000
47.007000,30.000000,30.000000,-1.060000,-22.000000,-24.000000,0.000000,0.000000,1.000000,0.000000,0.110000,0.130000
47.012001,78.000000,78.000000,-1.640000,-20.000000,-20.000000,0.000000,0.000000,1.000000,0.000000,0.160000,0.120000
47.016998,120.000000,120.000000,-2.480000,-20.000000,-20.000000,0.000000,0.000000,1.000000,0.000000,0.250000,0.170000
47.021999,176.000000,176.000000,-2.880000,-14.000000,-16.000000,0.000000,0.000000,1.000000,0.000000,0.290000,0.080000
47.027000,203.000000,203.000000,-3.410000,-14.000000,-16.000000,0.000000,0.000000,1.000000,0.000000,0.340000,0.110000
47.032001,237.000000,237.000000,-3.730000,-12.000000,-14.000000,0.000000,0.000000,1.000000,0.000000,0.370000,0.060000
47.036999,254.000000,254.000000,-3.930000,-12.000000,-14.000000,0.000000,0.000000,1.000000,0.000000,0.390000,0.040000
47.042000,265.000000,265.000000,-4.080000,-6.000000,-8.000000,0.000000,0.000000,1.000000,0.000000,0.410000,0.030000
47.047001,272.000000,272.000000,-3.950000,-6.000000,-8.000000,0.000000,0.000000,1.000000,0.000000,0.400000,-0.030000
47.051998,265.000000,265.000000,-3.920000,-4.000000,-8.000000,0.000000,0.000000,1.000000,0.000000,0.390000,-0.010000
47.056999,264.000000,264.000000,-3.670000,-4.000000,-8.000000,0.000000,0.000000,1.000000,0.000000,0.370000,-0.050000
47.062000,250.000000,250.000000,-3.710000,0.000000,0.000000,0.000000,0.000000,1.000000,0.000000,0.370000,0.010000
47.067001,253.000000,253.000000,-3.260000,0.000000,0.000000,0.000000,0.000000,1.000000,0.000000,0.330000,-0.090000
47.071999,225.000000,225.000000,-2.690000,2.000000,0.000000,0.000000,0.000000,1.000000,0.000000,0.270000,-0.110000
47.077000,189.000000,189.000000,-1.920000,2.000000,0.000000,0.000000,0.000000,1.000000,0.000000,0.190000,-0.150000
47.082001,137.000000,137.000000,-1.540000,6.000000,6.000000,0.000000,0.000000,1.000000,0.000000,0.150000,-0.080000
47.087002,112.000000,112.000000,-0.920000,6.000000,6.000000,0.000000,0.000000,1.000000,0.000000,0.090000,-0.120000
47.091999,67.000000,67.000000,-0.170000,6.000000,4.000000,0.000000,0.000000,1.000000,0.000000,0.020000,-0.150000
47.097000,11.000000,11.000000,0.720000,6.000000,4.000000,0.000000,0.000000,1.000000,0.000000,-0.070000,-0.180000
47.102001,-59.000000,-59.000000,1.580000,6.000000,6.000000,0.000000,0.000000,1.000000,0.000000,-0.160000,-0.170000
47.106998,-128.000000,-128.000000,2.500000,6.000000,6.000000,0.000000,0.000000,1.000000,0.000000,-0.250000,-0.180000
47.112000,-204.000000,-204.000000,3.340000,4.000000,4.000000,0.000000,0.000000,1.000000,0.000000,-0.330000,-0.170000
47.117001,-273.000000,-273.000000,4.230000,4.000000,4.000000,0.000000,0.000000,1.000000,0.000000,-0.420000,-0.180000
47.122002,-353.000000,-353.000000,5.060000,0.000000,0.000000,0.000000,0.000000,1.000000,0.000000,-0.510000,-0.170000
47.126999,-429.000000,-429.000000,5.780000,0.000000,0.000000,0.000000,0.000000,1.000000,0.000000,-0.580000,-0.140000
47.132000,-496.000000,-496.000000,6.550000,0.000000,0.000000,0.000000,0.000000,1.000000,0.000000,-0.660000,-0.160000
47.137001,-575.000000,-575.000000,7.190000,0.000000,0.000000,0.000000,0.000000,1.000000,0.000000,-0.720000,-0.130000
47.141998,-637.000000,-637.000000,7.900000,-4.000000,-4.000000,0.000000,0.000000,1.000000,0.000000,-0.790000,-0.140000
47.146999,-715.000000,-715.000000,8.550000,-4.000000,-4.000000,0.000000,0.000000,1.000000,0.000000,-0.850000,-0.130000
47.152000,-784.000000,-784.000000,8.950000,-8.000000,-10.000000,0.000000,0.000000,1.000000,0.000000,-0.900000,-0.080000
47.157001,-800.000000,-800.000000,9.090000,-8.000000,-10.000000,0.000000,0.000000,1.000000,0.000000,-0.910000,-0.030000
47.161999,-800.000000,-800.000000,9.260000,-12.000000,-12.000000,0.000000,0.000000,1.000000,0.000000,-0.930000,-0.030000
47.167000,-800.000000,-800.000000,9.570000,-12.000000,-12.000000,0.000000,0.000000,1.000000,0.000000,-0.960000,-0.060000
47.172001,-800.000000,-800.000000,9.810000,-18.000000,-20.000000,0.000000,0.000000,1.000000,0.000000,-0.980000,-0.050000
47.176998,-800.000000,-800.000000,9.650000,-18.000000,-20.000000,0.000000,0.000000,1.000000,0.000000,-0.960000,0.030000
47.181999,-800.000000,-800.000000,9.520000,-22.000000,-24.000000,0.000000,0.000000,1.000000,0.000000,-0.950000,0.030000
47.187000,-800.000000,-800.000000,9.160000,-22.000000,-24.000000,0.000000,0.000000,1.000000,0.000000,-0.920000,0.070000
47.192001,-800.000000,-800.000000,8.930000,-28.000000,-30.000000,0.000000,0.000000,1.000000,0.000000,-0.890000,0.050000
47.196999,-791.000000,-791.000000,8.410000,-28.000000,-30.000000,0.000000,0.000000,1.000000,0.000000,-0.840000,0.100000
47.202000,-725.000000,-725.000000,7.970000,-32.000000,-32.000000,0.000000,0.000000,1.000000,0.000000,-0.800000,0.090000
47.207001,-681.000000,-681.000000,7.320000,-32.000000,-32.000000,0.000000,0.000000,1.000000,0.000000,-0.730000,0.130000
47.212002,-609.000000,-609.000000,6.760000,-36.000000,-38.000000,0.000000,0.000000,1.000000,0.000000,-0.680000,0.110000
47.216999,-556.000000,-556.000000,5.690000,-36.000000,-38.000000,0.000000,0.000000,1.000000,0.000000,-0.570000,0.220000
47.222000,-439.000000,-439.000000,4.880000,-38.000000,-38.000000,0.000000,0.000000,1.000000,0.000000,-0.490000,0.160000
47.227001,-374.000000,-374.000000,4.110000,-38.000000,-38.000000,0.000000,0.000000,1.000000,0.000000,-0.410000,0.150000
47.231998,-308.000000,-308.000000,3.150000,-40.000000,-40.000000,0.000000,0.000000,1.000000,0.000000,-0.320000,0.190000
47.237000,-228.000000,-228.000000,1.950000,-40.000000,-40.000000,0.000000,0.000000,1.000000,0.000000,-0.190000,0.240000
47.242001,-138.000000,-138.000000,1.020000,-38.000000,-40.000000,0.000000,0.000000,1.000000,0.000000,-0.100000,0.190000
47.247002,-73.000000,-73.000000,-0.180000,-38.000000,-40.000000,0.000000,0.000000,1.000000,0.000000,0.020000,0.240000
47.251999,15.000000,15.000000,-1.340000,-34.000000,-36.000000,0.000000,0.000000,1.000000,0.000000,0.130000,0.230000
47.257000,98.000000,98.000000,-2.530000,-34.000000,-36.000000,0.000000,0.000000,1.000000,0.000000,0.250000,0.240000
47.262001,179.000000,179.000000,-3.810000,-30.000000,-32.000000,0.000000,0.000000,1.000000,0.000000,0.380000,0.260000
47.266998,259.000000,259.000000,-5.030000,-30.000000,-32.000000,0.000000,0.000000,1.000000,0.000000,0.500000,0.240000
47.271999,317.000000,317.000000,-6.040000,-26.000000,-26.000000,0.000000,0.000000,1.000000,0.000000,0.600000,0.200000
47.277000,354.000000,354.000000,-6.900000,-26.000000,-26.000000,0.000000,0.000000,1.000000,0.000000,0.690000,0.170000
47.282001,379.000000,379.000000,-7.800000,-18.000000,-20.000000,0.000000,0.000000,1.000000,0.000000,0.780000,0.180000
47.286999,411.000000,411.000000,-8.410000,-18.000000,-20.000000,0.000000,0.000000,1.000000,0.000000,0.840000,0.120000
47.292000,430.000000,430.000000,-8.760000,-14.000000,-16.000000,0.000000,0.000000,1.000000,0.000000,0.880000,0.070000
47.297001,439.000000,439.000000,-8.800000,-14.000000,-16.000000,0.000000,0.000000,1.000000,0.000000,0.880000,0.010000
47.301998,439.000000,439.000000,-9.130000,-6.000000,-8.000000,0.000000,0.000000,1.000000,0.000000,0.910000,0.070000
47.306999,451.000000,451.000000,-9.450000,-6.000000,-8.000000,0.000000,0.000000,1.000000,0.000000,0.940000,0.060000
47.312000,460.000000,460.000000,-9.550000,-2.000000,-4.000000,0.000000,0.000000,1.000000,0.000000,0.960000,0.020000
47.317001,463.000000,463.000000,-9.290000,-2.000000,-4.000000,0.000000,0.000000,1.000000,0.000000,0.930000,-0.050000
47.321999,454.000000,454.000000,-9.100000,4.000000,2.000000,0.000000,0.000000,1.000000,0.000000,0.910000,-0.040000
47.327000,448.000000,448.000000,-9.000000,4.000000,2.000000,0.000000,0.000000,1.000000,0.000000,0.900000,-0.020000
47.332001,445.000000,445.000000,-8.710000,6.000000,4.000000,0.000000,0.000000,1.000000,0.000000,0.870000,-0.060000
47.337002,435.000000,435.000000,-8.120000,6.000000,4.000000,0.000000,0.000000,1.000000,0.000000,0.810000,-0.120000
47.341999,416.000000,416.000000,-7.750000,10.000000,8.000000,0.000000,0.000000,1.000000,0.000000,0.770000,-0.070000
47.347000,402.000000,402.000000,-7.530000,10.000000,8.000000,0.000000,0.000000,1.000000,0.000000,0.750000,-0.040000
47.352001,394.000000,394.000000,-7.260000,14.000000,10.000000,0.000000,0.000000,1.000000,0.000000,0.730000,-0.050000
47.356998,384.000000,384.000000,-6.560000,14.000000,10.000000,0.000000,0.000000,1.000000,0.000000,0.660000,-0.140000
47.362000,364.000000,364.000000,-6.060000,16.000000,14.000000,0.000000,0.000000,1.000000,0.000000,0.610000,-0.100000
47.367001,349.000000,349.000000,-5.570000,16.000000,14.000000,0.000000,0.000000,1.000000,0.000000,0.560000,-0.100000
47.372002,332.000000,332.000000,-4.990000,18.000000,14.000000,0.000000,0.000000,1.000000,0.000000,0.500000,-0.120000
47.376999,310.000000,310.000000,-4.340000,18.000000,14.000000,0.000000,0.000000,1.000000,0.000000,0.430000,-0.130000
47.382000,281.000000,281.000000,-3.910000,18.000000,18.000000,0.000000,0.000000,1.000000,0.000000,0.390000,-0.090000
47.387001,261.000000,261.000000,-3.270000,18.000000,18.000000,0.000000,0.000000,1.000000,0.000000,0.330000,-0.130000
47.391998,225.000000,225.000000,-2.820000,18.000000,16.000000,0.000000,0.000000,1.000000,0.000000,0.280000,-0.090000
47.396999,197.000000,197.000000,-2.130000,18.000000,16.000000,0.000000,0.000000,1.000000,0.000000,0.210000,-0.140000
47.402000,152.000000,152.000000,-1.630000,20.000000,18.000000,0.000000,0.000000,1.000000,0.000000,0.160000,-0.100000
47.407001,118.000000,118.000000,-1.120000,20.000000,18.000000,0.000000,0.000000,1.000000,0.000000,0.110000,-0.100000
47.411999,82.000000,82.000000,-0.650000,18.000000,16.000000,0.000000,0.000000,1.000000,0.000000,0.070000,-0.090000
47.417000,48.000000,48.000000,-0.190000,18.000000,16.000000,0.000000,0.000000,1.000000,0.000000,0.020000,-0.090000
47.422001,13.000000,13.000000,0.360000,16.000000,14.000000,0.000000,0.000000,1.000000,0.000000,-0.040000,-0.110000
47.426998,-30.000000,-30.000000,0.760000,16.000000,14.000000,0.000000,0.000000,1.000000,0.000000,-0.080000,-0.080000
47.431999,-60.000000,-60.000000,1.110000,12.000000,12.000000,0.000000,0.000000,1.000000,0.000000,-0.110000,-0.070000
47.437000,-87.000000,-87.000000,1.390000,12.000000,12.000000,0.000000,0.000000,1.000000,0.000000,-0.140000,-0.060000
47.442001,-110.000000,-110.000000,1.570000,10.000000,10.000000,0.000000,0.000000,1.000000,0.000000,-0.160000,-0.030000
47.446999,-122.000000,-122.000000,1.800000,10.000000,10.000000,0.000000,0.000000,1.000000,0.000000,-0.180000,-0.050000
47.452000,-141.000000,-141.000000,1.940000,8.000000,8.000000,0.000000,0.000000,1.000000,0.000000,-0.190000,-0.030000
47.457001,-151.000000,-151.000000,2.010000,8.000000,8.000000,0.000000,0.000000,1.000000,0.000000,-0.200000,-0.010000
47.462002,-156.000000,-156.000000,2.060000,4.000000,4.000000,0.000000,0.000000,1.000000,0.000000,-0.210000,-0.010000
47.466999,-160.000000,-160.000000,2.000000,4.000000,4.000000,0.000000,0.000000,1.000000,0.000000,-0.200000,0.010000
47.472000,-154.000000,-154.000000,1.830000,4.000000,2.000000,0.000000,0.000000,1.000000,0.000000,-0.180000,0.030000
47.477001,-140.000000,-140.000000,1.610000,4.000000,2.000000,0.000000,0.000000,1.000000,0.000000,-0.160000,0.050000
47.481998,-122.000000,-122.000000,1.400000,0.000000,0.000000,0.000000,0.000000,1.000000,0.000000,-0.140000,0.040000
47.487000,-107.000000,-107.000000,1.120000,0.000000,0.000000,0.000000,0.000000,1.000000,0.000000,-0.110000,0.050000
47.492001,-85.000000,-85.000000,0.820000,0.000000,-2.000000,0.000000,0.000000,1.000000,0.000000,-0.080000,0.060000
47.497002,-62.000000,-62.000000,0.500000,0.000000,-2.000000,0.000000,0.000000,1.000000,0.000000,-0.050000,0.060000
47.501999,-37.000000,-37.000000,0.190000,-2.000000,-4.000000,0.000000,0.000000,1.000000,0.000000,-0.020000,0.060000
47.507000,-14.000000,-14.000000,-0.170000,-2.000000,-4.000000,0.000000,0.000000,1.000000,0.000000,0.020000,0.070000
47.512001,13.000000,13.000000,-0.500000,0.000000,0.000000,0.000000,0.000000,1.000000,0.000000,0.050000,0.070000
47.516998,38.000000,38.000000,-0.880000,0.000000,0.000000,0.000000,0.000000,1.000000,0.000000,0.090000,0.080000
47.521999,66.000000,66.000000,-1.200000,0.000000,0.000000,0.000000,0.000000,1.000000,0.000000,0.120000,0.060000
47.527000,89.000000,89.000000,-1.470000,0.000000,0.000000,0.000000,0.000000,1.000000,0.000000,0.150000,0.050000
47.532001,108.000000,108.000000,-1.670000,0.000000,0.000000,0.000000,0.000000,1.000000,0.000000,0.170000,0.040000
47.536999,122.000000,122.000000,-1.900000,0.000000,0.000000,0.000000,0.000000,1.000000,0.000000,0.190000,0.050000
47.542000,138.000000,138.000000,-2.090000,2.000000,2.000000,0.000000,0.000000,1.000000,0.000000,0.210000,0.040000
47.547001,151.000000,151.000000,-2.270000,2.000000,2.000000,0.000000,0.000000,1.000000,0.000000,0.230000,0.040000
47.551998,163.000000,163.000000,-2.470000,0.000000,2.000000,0.000000,0.000000,1.000000,0.000000,0.250000,0.040000
47.556999,176.000000,176.000000,-2.690000,0.000000,2.000000,0.000000,0.000000,1.000000,0.000000,0.270000,0.040000
47.562000,191.000000,191.000000,-2.810000,4.000000,4.000000,0.000000,0.000000,1.000000,0.000000,0.280000,0.030000
47.567001,199.000000,199.000000,-2.800000,4.000000,4.000000,0.000000,0.000000,1.000000,0.000000,0.280000,0.000000
47.571999,198.000000,198.000000,-2.740000,4.000000,4.000000,0.000000,0.000000,1.000000,0.000000,0.270000,-0.010000
47.577000,194.000000,194.000000,-2.780000,4.000000,4.000000,0.000000,0.000000,1.000000,0.000000,0.280000,0.010000
47.582001,197.000000,197.000000,-3.010000,8.000000,6.000000,0.000000,0.000000,1.000000,0.000000,0.300000,0.050000
47.587002,212.000000,212.000000,-2.960000,8.000000,6.000000,0.000000,0.000000,1.000000,0.000000,0.300000,-0.010000
47.591999,208.000000,208.000000,-2.790000,6.000000,6.000000,0.000000,0.000000,1.000000,0.000000,0.280000,-0.030000
47.597000,197.000000,197.000000,-2.600000,6.000000,6.000000,0.000000,0.000000,1.000000,0.000000,0.260000,-0.040000
47.602001,184.000000,184.000000,-2.560000,10.000000,10.000000,0.000000,0.000000,1.000000,0.000000,0.260000,-0.010000
47.606998,183.000000,183.000000,-2.360000,10.000000,10.000000,0.000000,0.000000,1.000000,0.000000,0.240000,-0.040000
47.612000,169.000000,169.000000,-2.160000,8.000000,6.000000,0.000000,0.000000,1.000000,0.000000,0.220000,-0.040000
47.617001,155.000000,155.000000,-1.840000,8.000000,6.000000,0.000000,0.000000,1.000000,0.000000,0.180000,-0.060000
47.622002,133.000000,133.000000,-1.610000,10.000000,10.000000,0.000000,0.000000,1.000000,0.000000,0.160000,-0.050000
47.626999,118.000000,118.000000,-1.310000,10.000000,10.000000,0.000000,0.000000,1.000000,0.000000,0.130000,-0.060000
47.632000,96.000000,96.000000,-1.060000,8.000000,8.000000,0.000000,0.000000,1.000000,0.000000,0.110000,-0.050000
47.637001,78.000000,78.000000,-0.810000,8.000000,8.000000,0.000000,0.000000,1.000000,0.000000,0.080000,-0.050000
47.641998,60.000000,60.000000,-0.590000,10.000000,10.000000,0.000000,0.000000,1.000000,0.000000,0.060000,-0.040000
47.646999,44.000000,44.000000,-0.340000,10.000000,10.000000,0.000000,0.000000,1.000000,0.000000,0.030000,-0.050000
47.652000,25.000000,25.000000,-0.020000,8.000000,6.000000,0.000000,0.000000,1.000000,0.000000,0.000000,-0.060000
47.657001,0.000000,0.000000,0.180000,8.000000,6.000000,0.000000,0.000000,1.000000,0.000000,-0.020000,-0.040000
47.661999,-15.000000,-15.000000,0.390000,6.000000,8.000000,0.000000,0.000000,1.000000,0.000000,-0.040000,-0.040000
47.667000,-31.000000,-31.000000,0.550000,6.000000,8.000000,0.000000,0.000000,1.000000,0.000000,-0.060000,-0.030000
47.672001,-44.000000,-44.000000,0.700000,6.000000,6.000000,0.000000,0.000000,1.000000,0.000000,-0.070000,-0.030000
47.676998,-55.000000,-55.000000,0.930000,6.000000,6.000000,0.000000,0.000000,1.000000,0.000000,-0.090000,-0.050000
47.681999,-73.000000,-73.000000,1.070000,4.000000,4.000000,0.000000,0.000000,1.000000,0.000000,-0.110000,-0.030000
47.687000,-84.000000,-84.000000,1.190000,4.000000,4.000000,0.000000,0.000000,1.000000,0.000000,-0.120000,-0.020000
47.692001,-93.000000,-93.000000,1.260000,2.000000,4.000000,0.000000,0.000000,1.000000,0.000000,-0.130000,-0.010000
47.696999,-98.000000,-98.000000,1.360000,2.000000,4.000000,0.000000,0.000000,1.000000,0.000000,-0.140000,-0.020000
47.702000,-106.000000,-106.000000,1.400000,0.000000,2.000000,0.000000,0.000000,1.000000,0.000000,-0.140000,-0.010000
47.707001,-109.000000,-109.000000,1.390000,0.000000,2.000000,0.000000,0.000000,1.000000,0.000000,-0.140000,0.000000
47.712002,-108.000000,-108.000000,1.290000,0.000000,0.000000,0.000000,0.000000,1.000000,0.000000,-0.130000,0.020000
47.716999,-99.000000,-99.000000,1.090000,0.000000,0.000000,0.000000,0.000000,1.000000,0.000000,-0.110000,0.040000
47.722000,-83.000000,-83.000000,0.950000,-2.000000,-2.000000,0.000000,0.000000,1.000000,0.000000,-0.090000,0.030000
47.727001,-73.000000,-73.000000,0.760000,-2.000000,-2.000000,0.000000,0.000000,1.000000,0.000000,-0.080000,0.040000
47.731998,-58.000000,-58.000000,0.570000,-2.000000,-2.000000,0.000000,0.000000,1.000000,0.000000,-0.060000,0.040000
47.737000,-44.000000,-44.000000,0.310000,-2.000000,-2.000000,0.000000,0.000000,1.000000,0.000000,-0.030000,0.050000
47.742001,-24.000000,-24.000000,0.100000,-4.000000,-2.000000,0.000000,0.000000,1.000000,0.000000,-0.010000,0.040000
47.747002,-8.000000,-8.000000,-0.050000,-4.000000,-2.000000,0.000000,0.000000,1.000000,0.000000,0.010000,0.030000
47.751999,4.000000,4.000000,-0.270000,-2.000000,-4.000000,0.000000,0.000000,1.000000,0.000000,0.030000,0.040000
47.757000,20.000000,20.000000,-0.490000,-2.000000,-4.000000,0.000000,0.000000,1.000000,0.000000,0.050000,0.040000
47.762001,37.000000,37.000000,-0.650000,-2.000000,-2.000000,0.000000,0.000000,1.000000,0.000000,0.060000,0.030000
47.766998,49.000000,49.000000,-0.780000,-2.000000,-2.000000,0.000000,0.000000,1.000000,0.000000,0.080000,0.030000
47.771999,59.000000,59.000000,-0.880000,0.000000,0.000000,0.000000,0.000000,1.000000,0.000000,0.090000,0.020000
47.777000,66.000000,66.000000,-1.070000,0.000000,0.000000,0.000000,0.000000,1.000000,0.000000,0.110000,0.040000
47.782001,80.000000,80.000000,-1.140000,2.000000,0.000000,0.000000,0.000000,1.000000,0.000000,0.110000,0.010000
47.786999,84.000000,84.000000,-1.170000,2.000000,0.000000,0.000000,0.000000,1.000000,0.000000,0.120000,0.010000
47.792000,87.000000,87.000000,-1.140000,2.000000,2.000000,0.000000,0.000000,1.000000,0.000000,0.110000,-0.010000
47.797001,84.000000,84.000000,-1.210000,2.000000,2.000000,0.000000,0.000000,1.000000,0.000000,0.120000,0.020000
47.801998,90.000000,90.000000,-1.270000,2.000000,2.000000,0.000000,0.000000,1.000000,0.000000,0.130000,0.010000
47.806999,94.000000,94.000000,-1.180000,2.000000,2.000000,0.000000,0.000000,1.000000,0.000000,0.120000,-0.020000
47.812000,87.000000,87.000000,-0.980000,2.000000,2.000000,0.000000,0.000000,1.000000,0.000000,0.100000,-0.040000
47.817001,72.000000,72.000000,-0.850000,2.000000,2.000000,0.000000,0.000000,1.000000,0.000000,0.080000,-0.030000
47.821999,63.000000,63.000000,-0.690000,4.000000,4.000000,0.000000,0.000000,1.000000,0.000000,0.070000,-0.030000
47.827000,51.000000,51.000000,-0.550000,4.000000,4.000000,0.000000,0.000000,1.000000,0.000000,0.060000,-0.030000
47.832001,41.000000,41.000000,-0.360000,4.000000,2.000000,0.000000,0.000000,1.000000,0.000000,0.040000,-0.040000
47.837002,26.000000,26.000000,-0.210000,4.000000,2.000000,0.000000,0.000000,1.000000,0.000000,0.020000,-0.030000
47.841999,16.000000,16.000000,0.040000,4.000000,2.000000,0.000000,0.000000,1.000000,0.000000,0.000000,-0.050000
47.847000,-4.000000,-4.000000,0.240000,4.000000,2.000000,0.000000,0.000000,1.000000,0.000000,-0.020000,-0.040000
47.852001,-20.000000,-20.000000,0.460000,2.000000,2.000000,0.000000,0.000000,1.000000,0.000000,-0.050000,-0.040000
47.856998,-37.000000,-37.000000,0.720000,2.000000,2.000000,0.000000,0.000000,1.000000,0.000000,-0.070000,-0.050000
47.862000,-57.000000,-57.000000,0.960000,0.000000,2.000000,0.000000,0.000000,1.000000,0.000000,-0.100000,-0.050000
47.867001,-76.000000,-76.000000,1.190000,0.000000,2.000000,0.000000,0.000000,1.000000,0.000000,-0.120000,-0.050000
47.872002,-94.000000,-94.000000,1.410000,0.000000,0.000000,0.000000,0.000000,1.000000,0.000000,-0.140000,-0.040000
47.876999,-111.000000,-111.000000,1.690000,0.000000,0.000000,0.000000,0.000000,1.000000,0.000000,-0.170000,-0.060000
47.882000,-132.000000,-132.000000,1.820000,0.000000,-2.000000,0.000000,0.000000,1.000000,0.000000,-0.180000,-0.030000
47.887001,-142.000000,-142.000000,1.950000,0.000000,-2.000000,0.000000,0.000000,1.000000,0.000000,-0.200000,-0.030000
47.891998,-152.000000,-152.000000,2.120000,-2.000000,-2.000000,0.000000,0.000000,1.000000,0.000000,-0.210000,-0.030000
47.896999,-166.000000,-166.000000,2.310000,-2.000000,-2.000000,0.000000,0.000000,1.000000,0.000000,-0.230000,-0.040000
47.902000,-181.000000,-181.000000,2.500000,-4.000000,-4.000000,0.000000,0.000000,1.000000,0.000000,-0.250000,-0.040000
47.907001,-196.000000,-196.000000,2.660000,-4.000000,-4.000000,0.000000,0.000000,1.000000,0.000000,-0.270000,-0.030000
47.911999,-208.000000,-208.000000,2.780000,-2.000000,-2.000000,0.000000,0.000000,1.000000,0.000000,-0.280000,-0.020000
47.917000,-217.000000,-217.000000,2.710000,-2.000000,-2.000000,0.000000,0.000000,1.000000,0.000000,-0.270000,0.010000
47.922001,-209.000000,-209.000000,2.900000,-8.000000,-6.000000,0.000000,0.000000,1.000000,0.000000,-0.290000,-0.040000
47.926998,-227.000000,-227.000000,2.970000,-8.000000,-6.000000,0.000000,0.000000,1.000000,0.000000,-0.300000,-0.010000
47.931999,-231.000000,-231.000000,2.960000,-6.000000,-6.000000,0.000000,0.000000,1.000000,0.000000,-0.300000,0.000000
47.937000,-229.000000,-229.000000,2.780000,-6.000000,-6.000000,0.000000,0.000000,1.000000,0.000000,-0.280000,0.040000
47.942001,-213.000000,-213.000000,2.780000,-8.000000,-8.000000,0.000000,0.000000,1.000000,0.000000,-0.280000,0.000000
47.946999,-216.000000,-216.000000,2.730000,-8.000000,-8.000000,0.000000,0.000000,1.000000,0.000000,-0.270000,0.010000
47.952000,-211.000000,-211.000000,2.660000,-8.000000,-8.000000,0.000000,0.000000,1.000000,0.000000,-0.270000,0.010000
47.957001,-205.000000,-205.000000,2.380000,-8.000000,-8.000000,0.000000,0.000000,1.000000,0.000000,-0.240000,0.060000
47.962002,-181.000000,-181.000000,2.330000,-10.000000,-12.000000,0.000000,0.000000,1.000000,0.000000,-0.230000,0.010000
47.966999,-180.000000,-180.000000,2.240000,-10.000000,-12.000000,0.000000,0.000000,1.000000,0.000000,-0.220000,0.020000
47.972000,-172.000000,-172.000000,2.140000,-8.000000,-8.000000,0.000000,0.000000,1.000000,0.000000,-0.210000,0.020000
47.977001,-165.000000,-165.000000,1.880000,-8.000000,-8.000000,0.000000,0.000000,1.000000,0.000000,-0.190000,0.050000
47.981998,-143.000000,-143.000000,1.840000,-12.000000,-10.000000,0.000000,0.000000,1.000000,0.000000,-0.180000,0.010000
47.987000,-143.000000,-143.000000,1.760000,-12.000000,-10.000000,0.000000,0.000000,1.000000,0.000000,-0.180000,0.020000
47.992001,-135.000000,-135.000000,1.570000,-10.000000,-10.000000,0.000000,0.000000,1.000000,0.000000,-0.160000,0.040000
47.997002,-120.000000,-120.000000,1.210000,-10.000000,-10.000000,0.000000,0.000000,1.000000,0.000000,-0.120000,0.070000
48.001999,-92.000000,-92.000000,1.060000,-10.000000,-10.000000,0.000000,0.000000,1.000000,0.000000,-0.110000,0.030000
48.007000,-81.000000,-81.000000,0.930000,-10.000000,-10.000000,0.000000,0.000000,1.000000,0.000000,-0.090000,0.030000
48.012001,-72.000000,-72.000000,0.750000,-8.000000,-10.000000,0.000000,0.000000,1.000000,0.000000,-0.070000,0.040000
48.016998,-57.000000,-57.000000,0.530000,-8.000000,-10.000000,0.000000,0.000000,1.000000,0.000000,-0.050000,0.040000
48.021999,-40.000000,-40.000000,0.330000,-8.000000,-8.000000,0.000000,0.000000,1.000000,0.000000,-0.030000,0.040000
48.027000,-26.000000,-26.000000,0.250000,-8.000000,-8.000000,0.000000,0.000000,1.000000,0.000000,-0.030000,0.020000
48.032001,-20.000000,-20.000000,0.150000,-6.000000,-8.000000,0.000000,0.000000,1.000000,0.000000,-0.020000,0.020000
48.036999,-12.000000,-12.000000,0.050000,-6.000000,-8.000000,0.000000,0.000000,1.000000,0.000000,-0.010000,0.020000
48.042000,-4.000000,-4.000000,-0.060000,-6.000000,-6.000000,0.000000,0.000000,1.000000,0.000000,0.010000,0.020000
48.047001,5.000000,5.000000,-0.080000,-6.000000,-6.000000,0.000000,0.000000,1.000000,0.000000,0.010000,0.000000
48.051998,6.000000,6.000000,-0.040000,-4.000000,-6.000000,0.000000,0.000000,1.000000,0.000000,0.000000,-0.010000
48.056999,3.000000,3.000000,0.010000,-4.000000,-6.000000,0.000000,0.000000,1.000000,0.000000,0.000000,-0.010000
48.062000,-1.000000,-1.000000,0.060000,-2.000000,-4.000000,0.000000,0.000000,1.000000,0.000000,-0.010000,-0.010000
48.067001,-5.000000,-5.000000,0.150000,-2.000000,-4.000000,0.000000,0.000000,1.000000,0.000000,-0.020000,-0.020000
48.071999,-13.000000,-13.000000,0.330000,-2.000000,-4.000000,0.000000,0.000000,1.000000,0.000000,-0.030000,-0.040000
48.077000,-26.000000,-26.000000,0.570000,-2.000000,-4.000000,0.000000,0.000000,1.000000,0.000000,-0.060000,-0.050000
48.082001,-46.000000,-46.000000,0.800000,0.000000,-4.000000,0.000000,0.000000,1.000000,0.000000,-0.080000,-0.050000
48.087002,-63.000000,-63.000000,1.000000,0.000000,-4.000000,0.000000,0.000000,1.000000,0.000000,-0.100000,-0.040000
48.091999,-79.000000,-79.000000,1.180000,0.000000,-2.000000,0.000000,0.000000,1.000000,0.000000,-0.120000,-0.040000
48.097000,-93.000000,-93.000000,1.440000,0.000000,-2.000000,0.000000,0.000000,1.000000,0.000000,-0.140000,-0.050000
48.102001,-113.000000,-113.000000,1.790000,-2.000000,-4.000000,0.000000,0.000000,1.000000,0.000000,-0.180000,-0.070000
48.106998,-141.000000,-141.000000,2.050000,-2.000000,-4.000000,0.000000,0.000000,1.000000,0.000000,-0.210000,-0.050000
48.112000,-161.000000,-161.000000,2.050000,-2.000000,-2.000000,0.000000,0.000000,1.000000,0.000000,-0.200000,0.000000
48.117001,-159.000000,-159.000000,2.210000,-2.000000,-2.000000,0.000000,0.000000,1.000000,0.000000,-0.220000,-0.030000
48.122002,-173.000000,-173.000000,2.430000,-4.000000,-6.000000,0.000000,0.000000,1.000000,0.000000,-0.240000,-0.040000
48.126999,-190.000000,-190.000000,2.650000,-4.000000,-6.000000,0.000000,0.000000,1.000000,0.000000,-0.270000,-0.050000
48.132000,-208.000000,-208.000000,2.750000,-2.000000,-6.000000,0.000000,0.000000,1.000000,0.000000,-0.270000,-0.020000
48.137001,-214.000000,-214.000000,2.690000,-2.000000,-6.000000,0.000000,0.000000,1.000000,0.000000,-0.270000,0.010000
48.141998,-208.000000,-208.000000,2.790000,-6.000000,-8.000000,0.000000,0.000000,1.000000,0.000000,-0.280000,-0.020000
48.146999,-217.000000,-217.000000,2.800000,-6.000000,-8.000000,0.000000,0.000000,1.000000,0.000000,-0.280000,0.000000
48.152000,-217.000000,-217.000000,2.760000,-6.000000,-8.000000,0.000000,0.000000,1.000000,0.000000,-0.280000,0.010000
48.157001,-213.000000,-213.000000,2.470000,-6.000000,-8.000000,0.000000,0.000000,1.000000,0.000000,-0.250000,0.060000
48.161999,-188.000000,-188.000000,2.420000,-8.000000,-10.000000,0.000000,0.000000,1.000000,0.000000,-0.240000,0.010000
48.167000,-187.000000,-187.000000,2.270000,-8.000000,-10.000000,0.000000,0.000000,1.000000,0.000000,-0.230000,0.030000
48.172001,-174.000000,-174.000000,2.010000,-8.000000,-8.000000,0.000000,0.000000,1.000000,0.000000,-0.200000,0.050000
48.176998,-153.000000,-153.000000,1.540000,-8.000000,-8.000000,0.000000,0.000000,1.000000,0.000000,-0.150000,0.090000
48.181999,-115.000000,-115.000000,1.230000,-8.000000,-12.000000,0.000000,0.000000,1.000000,0.000000,-0.120000,0.060000
48.187000,-93.000000,-93.000000,0.850000,-8.000000,-12.000000,0.000000,0.000000,1.000000,0.000000,-0.080000,0.080000
48.192001,-64.000000,-64.000000,0.520000,-8.000000,-10.000000,0.000000,0.000000,1.000000,0.000000,-0.050000,0.070000
48.196999,-39.000000,-39.000000,0.090000,-8.000000,-10.000000,0.000000,0.000000,1.000000,0.000000,-0.010000,0.090000
48.202000,-6.000000,-6.000000,-0.360000,-8.000000,-10.000000,0.000000,0.000000,1.000000,0.000000,0.040000,0.090000
48.207001,28.000000,28.000000,-0.760000,-8.000000,-10.000000,0.000000,0.000000,1.000000,0.000000,0.080000,0.080000
48.212002,57.000000,57.000000,-1.150000,-6.000000,-8.000000,0.000000,0.000000,1.000000,0.000000,0.110000,0.080000
48.216999,85.000000,85.000000,-1.630000,-6.000000,-8.000000,0.000000,0.000000,1.000000,0.000000,0.160000,0.100000
48.222000,119.000000,119.000000,-2.000000,-2.000000,-6.000000,0.000000,0.000000,1.000000,0.000000,0.200000,0.070000
48.227001,144.000000,144.000000,-2.370000,-2.000000,-6.000000,0.000000,0.000000,1.000000,0.000000,0.240000,0.070000
48.231998,170.000000,170.000000,-2.720000,-2.000000,-4.000000,0.000000,0.000000,1.000000,0.000000,0.270000,0.070000
48.237000,192.000000,192.000000,-3.200000,-2.000000,-4.000000,0.000000,0.000000,1.000000,0.000000,0.320000,0.100000
48.242001,224.000000,224.000000,-3.660000,0.000000,0.000000,0.000000,0.000000,1.000000,0.000000,0.370000,0.090000
48.247002,251.000000,251.000000,-3.820000,0.000000,0.000000,0.000000,0.000000,1.000000,0.000000,0.380000,0.030000
48.251999,259.000000,259.000000,-3.920000,2.000000,0.000000,0.000000,0.000000,1.000000,0.000000,0.390000,0.020000
48.257000,264.000000,264.000000,-4.040000,2.000000,0.000000,0.000000,0.000000,1.000000,0.000000,0.400000,0.020000
48.262001,270.000000,270.000000,-4.420000,6.000000,4.000000,0.000000,0.000000,1.000000,0.000000,0.440000,0.070000
48.266998,288.000000,288.000000,-4.440000,6.000000,4.000000,0.000000,0.000000,1.000000,0.000000,0.440000,0.000000
48.271999,288.000000,288.000000,-4.590000,4.000000,4.000000,0.000000,0.000000,1.000000,0.000000,0.460000,0.030000
48.277000,295.000000,295.000000,-4.580000,4.000000,4.000000,0.000000,0.000000,1.000000,0.000000,0.460000,0.000000
48.282001,295.000000,295.000000,-4.990000,10.000000,8.000000,0.000000,0.000000,1.000000,0.000000,0.500000,0.080000
48.286999,313.000000,313.000000,-5.010000,10.000000,8.000000,0.000000,0.000000,1.000000,0.000000,0.500000,0.000000
48.292000,313.000000,313.000000,-4.950000,8.000000,8.000000,0.000000,0.000000,1.000000,0.000000,0.490000,-0.010000
48.297001,310.000000,310.000000,-4.700000,8.000000,8.000000,0.000000,0.000000,1.000000,0.000000,0.470000,-0.050000
48.301998,299.000000,299.000000,-4.830000,12.000000,10.000000,0.000000,0.000000,1.000000,0.000000,0.480000,0.030000
48.306999,306.000000,306.000000,-4.700000,12.000000,10.000000,0.000000,0.000000,1.000000,0.000000,0.470000,-0.030000
48.312000,300.000000,300.000000,-4.530000,14.000000,10.000000,0.000000,0.000000,1.000000,0.000000,0.450000,-0.040000
48.317001,292.000000,292.000000,-4.280000,14.000000,10.000000,0.000000,0.000000,1.000000,0.000000,0.430000,-0.050000
48.321999,280.000000,280.000000,-4.340000,16.000000,14.000000,0.000000,0.000000,1.000000,0.000000,0.430000,0.010000
48.327000,284.000000,284.000000,-4.080000,16.000000,14.000000,0.000000,0.000000,1.000000,0.000000,0.410000,-0.050000
48.332001,270.000000,270.000000,-3.900000,14.000000,12.000000,0.000000,0.000000,1.000000,0.000000,0.390000,-0.040000
48.337002,262.000000,262.000000,-3.560000,14.000000,12.000000,0.000000,0.000000,1.000000,0.000000,0.360000,-0.070000
48.341999,243.000000,243.000000,-3.440000,16.000000,14.000000,0.000000,0.000000,1.000000,0.000000,0.340000,-0.020000
48.347000,238.000000,238.000000,-3.010000,16.000000,14.000000,0.000000,0.000000,1.000000,0.000000,0.300000,-0.090000
48.352001,210.000000,210.000000,-2.640000,16.000000,14.000000,0.000000,0.000000,1.000000,0.000000,0.260000,-0.080000
48.356998,186.000000,186.000000,-2.210000,16.000000,14.000000,0.000000,0.000000,1.000000,0.000000,0.220000,-0.080000
48.362000,158.000000,158.000000,-2.070000,18.000000,16.000000,0.000000,0.000000,1.000000,0.000000,0.210000,-0.030000
48.367001,149.000000,149.000000,-1.510000,18.000000,16.000000,0.000000,0.000000,1.000000,0.000000,0.150000,-0.110000
48.372002,109.000000,109.000000,-1.100000,14.000000,14.000000,0.000000,0.000000,1.000000,0.000000,0.110000,-0.080000
48.376999,81.000000,81.000000,-0.710000,14.000000,14.000000,0.000000,0.000000,1.000000,0.000000,0.070000,-0.080000
48.382000,52.000000,52.000000,-0.280000,14.000000,16.000000,0.000000,0.000000,1.000000,0.000000,0.030000,-0.090000
48.387001,20.000000,20.000000,0.250000,14.000000,16.000000,0.000000,0.000000,1.000000,0.000000,-0.020000,-0.110000
48.391998,-21.000000,-21.000000,0.750000,14.000000,12.000000,0.000000,0.000000,1.000000,0.000000,-0.080000,-0.100000
48.396999,-60.000000,-60.000000,1.250000,14.000000,12.000000,0.000000,0.000000,1.000000,0.000000,-0.120000,-0.100000
48.402000,-99.000000,-99.000000,1.660000,10.000000,10.000000,0.000000,0.000000,1.000000,0.000000,-0.170000,-0.080000
48.407001,-132.000000,-132.000000,2.040000,10.000000,10.000000,0.000000,0.000000,1.000000,0.000000,-0.200000,-0.080000
48.411999,-161.000000,-161.000000,2.350000,8.000000,8.000000,0.000000,0.000000,1.000000,0.000000,-0.230000,-0.060000
48.417000,-185.000000,-185.000000,2.750000,8.000000,8.000000,0.000000,0.000000,1.000000,0.000000,-0.280000,-0.080000
48.422001,-218.000000,-218.000000,3.100000,4.000000,4.000000,0.000000,0.000000,1.000000,0.000000,-0.310000,-0.070000
48.426998,-245.000000,-245.000000,3.440000,4.000000,4.000000,0.000000,0.000000,1.000000,0.000000,-0.340000,-0.070000
48.431999,-272.000000,-272.000000,3.580000,4.000000,2.000000,0.000000,0.000000,1.000000,0.000000,-0.360000,-0.030000
48.437000,-281.000000,-281.000000,3.630000,4.000000,2.000000,0.000000,0.000000,1.000000,0.000000,-0.360000,-0.010000
48.442001,-283.000000,-283.000000,3.910000,-4.000000,-2.000000,0.000000,0.000000,1.000000,0.000000,-0.390000,-0.060000
48.446999,-312.000000,-312.000000,4.000000,-4.000000,-2.000000,0.000000,0.000000,1.000000,0.000000,-0.400000,-0.020000
48.452000,-316.000000,-316.000000,4.010000,-2.000000,-2.000000,0.000000,0.000000,1.000000,0.000000,-0.400000,0.000000
48.457001,-315.000000,-315.000000,3.810000,-2.000000,-2.000000,0.000000,0.000000,1.000000,0.000000,-0.380000,0.040000
48.462002,-293.000000,-293.000000,4.090000,-8.000000,-8.000000,0.000000,0.000000,1.000000,0.000000,-0.410000,-0.060000
48.466999,-328.000000,-328.000000,4.180000,-8.000000,-8.000000,0.000000,0.000000,1.000000,0.000000,-0.420000,-0.020000
48.472000,-332.000000,-332.000000,4.150000,-8.000000,-6.000000,0.000000,0.000000,1.000000,0.000000,-0.420000,0.010000
48.477001,-327.000000,-327.000000,3.780000,-8.000000,-6.000000,0.000000,0.000000,1.000000,0.000000,-0.380000,0.070000
48.481998,-288.000000,-288.000000,3.850000,-12.000000,-12.000000,0.000000,0.000000,1.000000,0.000000,-0.380000,-0.010000
48.487000,-302.000000,-302.000000,3.780000,-12.000000,-12.000000,0.000000,0.000000,1.000000,0.000000,-0.380000,0.010000
48.492001,-294.000000,-294.000000,3.570000,-10.000000,-10.000000,0.000000,0.000000,1.000000,0.000000,-0.360000,0.040000
48.497002,-273.000000,-273.000000,3.250000,-10.000000,-10.000000,0.000000,0.000000,1.000000,0.000000,-0.330000,0.060000
48.501999,-246.000000,-246.000000,3.230000,-14.000000,-14.000000,0.000000,0.000000,1.000000,0.000000,-0.320000,0.000000
48.507000,-250.000000,-250.000000,3.140000,-14.000000,-14.000000,0.000000,0.000000,1.000000,0.000000,-0.310000,0.020000
48.512001,-242.000000,-242.000000,3.050000,-12.000000,-12.000000,0.000000,0.000000,1.000000,0.000000,-0.300000,0.020000
48.516998,-234.000000,-234.000000,2.770000,-12.000000,-12.000000,0.000000,0.000000,1.000000,0.000000,-0.280000,0.060000
48.521999,-210.000000,-210.000000,2.670000,-16.000000,-14.000000,0.000000,0.000000,1.000000,0.000000,-0.270000,0.020000
48.527000,-206.000000,-206.000000,2.490000,-16.000000,-14.000000,0.000000,0.000000,1.000000,0.000000,-0.250000,0.040000
48.532001,-190.000000,-190.000000,2.310000,-12.000000,-14.000000,0.000000,0.000000,1.000000,0.000000,-0.230000,0.040000
48.536999,-177.000000,-177.000000,1.990000,-12.000000,-14.000000,0.000000,0.000000,1.000000,0.000000,-0.200000,0.060000
48.542000,-151.000000,-151.000000,1.800000,-16.000000,-14.000000,0.000000,0.000000,1.000000,0.000000,-0.180000,0.040000
48.547001,-138.000000,-138.000000,1.570000,-16.000000,-14.000000,0.000000,0.000000,1.000000,0.000000,-0.160000,0.050000
48.551998,-120.000000,-120.000000,1.340000,-12.000000,-14.000000,0.000000,0.000000,1.000000,0.000000,-0.130000,0.050000
48.556999,-102.000000,-102.000000,1.030000,-12.000000,-14.000000,0.000000,0.000000,1.000000,0.000000,-0.100000,0.060000
48.562000,-78.000000,-78.000000,0.680000,-12.000000,-14.000000,0.000000,0.000000,1.000000,0.000000,-0.070000,0.070000
48.567001,-51.000000,-51.000000,0.340000,-12.000000,-14.000000,0.000000,0.000000,1.000000,0.000000,-0.030000,0.070000
48.571999,-26.000000,-26.000000,0.070000,-10.000000,-10.000000,0.000000,0.000000,1.000000,0.000000,-0.010000,0.050000
48.577000,-5.000000,-5.000000,-0.230000,-10.000000,-10.000000,0.000000,0.000000,1.000000,0.000000,0.020000,0.060000
48.582001,18.000000,18.000000,-0.640000,-10.000000,-12.000000,0.000000,0.000000,1.000000,0.000000,0.060000,0.080000
48.587002,48.000000,48.000000,-0.970000,-10.000000,-12.000000,0.000000,0.000000,1.000000,0.000000,0.100000,0.070000
48.591999,72.000000,72.000000,-1.250000,-8.000000,-10.000000,0.000000,0.000000,1.000000,0.000000,0.130000,0.060000
48.597000,93.000000,93.000000,-1.610000,-8.000000,-10.000000,0.000000,0.000000,1.000000,0.000000,0.160000,0.070000
48.602001,117.000000,117.000000,-1.860000,-4.000000,-4.000000,0.000000,0.000000,1.000000,0.000000,0.190000,0.050000
48.606998,135.000000,135.000000,-2.100000,-4.000000,-4.000000,0.000000,0.000000,1.000000,0.000000,0.210000,0.050000
48.612000,151.000000,151.000000,-2.280000,-4.000000,-4.000000,0.000000,0.000000,1.000000,0.000000,0.230000,0.040000
48.617001,164.000000,164.000000,-2.510000,-4.000000,-4.000000,0.000000,0.000000,1.000000,0.000000,0.250000,0.050000
48.622002,179.000000,179.000000,-2.650000,0.000000,-2.000000,0.000000,0.000000,1.000000,0.000000,0.260000,0.030000
48.626999,188.000000,188.000000,-2.730000,0.000000,-2.000000,0.000000,0.000000,1.000000,0.000000,0.270000,0.020000
48.632000,194.000000,194.000000,-2.810000,0.000000,0.000000,0.000000,0.000000,1.000000,0.000000,0.280000,0.010000
48.637001,199.000000,199.000000,-2.900000,0.000000,0.000000,0.000000,0.000000,1.000000,0.000000,0.290000,0.020000
48.641998,204.000000,204.000000,-3.050000,4.000000,4.000000,0.000000,0.000000,1.000000,0.000000,0.300000,0.030000
48.646999,214.000000,214.000000,-3.000000,4.000000,4.000000,0.000000,0.000000,1.000000,0.000000,0.300000,-0.010000
48.652000,211.000000,211.000000,-3.020000,4.000000,4.000000,0.000000,0.000000,1.000000,0.000000,0.300000,0.000000
48.657001,212.000000,212.000000,-2.990000,4.000000,4.000000,0.000000,0.000000,1.000000,0.000000,0.300000,-0.010000
48.661999,210.000000,210.000000,-3.170000,8.000000,6.000000,0.000000,0.000000,1.000000,0.000000,0.320000,0.040000
48.667000,222.000000,222.000000,-3.090000,8.000000,6.000000,0.000000,0.000000,1.000000,0.000000,0.310000,-0.020000
48.672001,216.000000,216.000000,-3.110000,6.000000,8.000000,0.000000,0.000000,1.000000,0.000000,0.310000,0.000000
48.676998,218.000000,218.000000,-3.100000,6.000000,8.000000,0.000000,0.000000,1.000000,0.000000,0.310000,0.000000
48.681999,217.000000,217.000000,-3.220000,10.000000,10.000000,0.000000,0.000000,1.000000,0.000000,0.320000,0.020000
48.687000,225.000000,225.000000,-2.910000,10.000000,10.000000,0.000000,0.000000,1.000000,0.000000,0.290000,-0.060000
48.692001,204.000000,204.000000,-2.600000,8.000000,8.000000,0.000000,0.000000,1.000000,0.000000,0.260000,-0.060000
48.696999,184.000000,184.000000,-2.420000,8.000000,8.000000,0.000000,0.000000,1.000000,0.000000,0.240000,-0.040000
48.702000,173.000000,173.000000,-2.280000,12.000000,12.000000,0.000000,0.000000,1.000000,0.000000,0.230000,-0.030000
48.707001,163.000000,163.000000,-1.800000,12.000000,12.000000,0.000000,0.000000,1.000000,0.000000,0.180000,-0.100000
48.712002,129.000000,129.000000,-1.410000,10.000000,8.000000,0.000000,0.000000,1.000000,0.000000,0.140000,-0.080000
48.716999,103.000000,103.000000,-1.050000,10.000000,8.000000,0.000000,0.000000,1.000000,0.000000,0.110000,-0.070000
48.722000,77.000000,77.000000,-0.610000,10.000000,12.000000,0.000000,0.000000,1.000000,0.000000,0.060000,-0.090000
48.727001,45.000000,45.000000,-0.050000,10.000000,12.000000,0.000000,0.000000,1.000000,0.000000,0.000000,-0.110000
48.731998,2.000000,2.000000,0.430000,10.000000,8.000000,0.000000,0.000000,1.000000,0.000000,-0.040000,-0.100000
48.737000,-35.000000,-35.000000,0.950000,10.000000,8.000000,0.000000,0.000000,1.000000,0.000000,-0.090000,-0.100000
48.742001,-76.000000,-76.000000,1.420000,8.000000,8.000000,0.000000,0.000000,1.000000,0.000000,-0.140000,-0.090000
48.747002,-113.000000,-113.000000,1.760000,8.000000,8.000000,0.000000,0.000000,1.000000,0.000000,-0.180000,-0.070000
48.751999,-138.000000,-138.000000,2.040000,6.000000,8.000000,0.000000,0.000000,1.000000,0.000000,-0.200000,-0.060000
48.757000,-161.000000,-161.000000,2.350000,6.000000,8.000000,0.000000,0.000000,1.000000,0.000000,-0.240000,-0.060000
48.762001,-185.000000,-185.000000,2.700000,4.000000,2.000000,0.000000,0.000000,1.000000,0.000000,-0.270000,-0.070000
48.766998,-213.000000,-213.000000,3.000000,4.000000,2.000000,0.000000,0.000000,1.000000,0.000000,-0.300000,-0.060000
48.771999,-236.000000,-236.000000,3.040000,2.000000,2.000000,0.000000,0.000000,1.000000,0.000000,-0.300000,-0.010000
48.777000,-236.000000,-236.000000,3.180000,2.000000,2.000000,0.000000,0.000000,1.000000,0.000000,-0.320000,-0.030000
48.782001,-248.000000,-248.000000,3.310000,-2.000000,-4.000000,0.000000,0.000000,1.000000,0.000000,-0.330000,-0.030000
48.786999,-258.000000,-258.000000,3.400000,-2.000000,-4.000000,0.000000,0.000000,1.000000,0.000000,-0.340000,-0.020000
48.792000,-265.000000,-265.000000,3.350000,-2.000000,-4.000000,0.000000,0.000000,1.000000,0.000000,-0.330000,0.010000
48.797001,-258.000000,-258.000000,3.090000,-2.000000,-4.000000,0.000000,0.000000,1.000000,0.000000,-0.310000,0.050000
48.801998,-235.000000,-235.000000,3.050000,-6.000000,-8.000000,0.000000,0.000000,1.000000,0.000000,-0.300000,0.010000
48.806999,-235.000000,-235.000000,2.890000,-6.000000,-8.000000,0.000000,0.000000,1.000000,0.000000,-0.290000,0.030000
48.812000,-222.000000,-222.000000,2.730000,-6.000000,-8.000000,0.000000,0.000000,1.000000,0.000000,-0.270000,0.030000
48.817001,-209.000000,-209.000000,2.340000,-6.000000,-8.000000,0.000000,0.000000,1.000000,0.000000,-0.230000,0.080000
48.821999,-176.000000,-176.000000,2.160000,-10.000000,-12.000000,0.000000,0.000000,1.000000,0.000000,-0.220000,0.040000
48.827000,-165.000000,-165.000000,1.790000,-10.000000,-12.000000,0.000000,0.000000,1.000000,0.000000,-0.180000,0.070000
48.832001,-135.000000,-135.000000,1.410000,-8.000000,-8.000000,0.000000,0.000000,1.000000,0.000000,-0.140000,0.080000
48.837002,-107.000000,-107.000000,0.920000,-8.000000,-8.000000,0.000000,0.000000,1.000000,0.000000,-0.090000,0.100000
48.841999,-69.000000,-69.000000,0.500000,-10.000000,-10.000000,0.000000,0.000000,1.000000,0.000000,-0.050000,0.080000
48.847000,-37.000000,-37.000000,0.000000,-10.000000,-10.000000,0.000000,0.000000,1.000000,0.000000,0.000000,0.100000
48.852001,1.000000,1.000000,-0.360000,-8.000000,-8.000000,0.000000,0.000000,1.000000,0.000000,0.040000,0.070000
48.856998,28.000000,28.000000,-0.800000,-8.000000,-8.000000,0.000000,0.000000,1.000000,0.000000,0.080000,0.090000
48.862000,60.000000,60.000000,-1.280000,-6.000000,-8.000000,0.000000,0.000000,1.000000,0.000000,0.130000,0.100000
48.867001,94.000000,94.000000,-1.700000,-6.000000,-8.000000,0.000000,0.000000,1.000000,0.000000,0.170000,0.090000
48.872002,124.000000,124.000000,-2.110000,-4.000000,-6.000000,0.000000,0.000000,1.000000,0.000000,0.210000,0.080000
48.876999,152.000000,152.000000,-2.640000,-4.000000,-6.000000,0.000000,0.000000,1.000000,0.000000,0.260000,0.110000
48.882000,187.000000,187.000000,-2.960000,-2.000000,-4.000000,0.000000,0.000000,1.000000,0.000000,0.300000,0.060000
48.887001,209.000000,209.000000,-3.340000,-2.000000,-4.000000,0.000000,0.000000,1.000000,0.000000,0.330000,0.070000
48.891998,232.000000,232.000000,-3.640000,-2.000000,-2.000000,0.000000,0.000000,1.000000,0.000000,0.360000,0.060000
48.896999,250.000000,250.000000,-4.030000,-2.000000,-2.000000,0.000000,0.000000,1.000000,0.000000,0.400000,0.080000
48.902000,270.000000,270.000000,-4.520000,4.000000,4.000000,0.000000,0.000000,1.000000,0.000000,0.450000,0.100000
48.907001,293.000000,293.000000,-4.590000,4.000000,4.000000,0.000000,0.000000,1.000000,0.000000,0.460000,0.010000
48.911999,295.000000,295.000000,-4.570000,4.000000,2.000000,0.000000,0.000000,1.000000,0.000000,0.460000,0.000000
48.917000,294.000000,294.000000,-4.530000,4.000000,2.000000,0.000000,0.000000,1.000000,0.000000,0.450000,-0.010000
48.922001,292.000000,292.000000,-4.790000,8.000000,8.000000,0.000000,0.000000,1.000000,0.000000,0.480000,0.050000
48.926998,304.000000,304.000000,-4.770000,8.000000,8.000000,0.000000,0.000000,1.000000,0.000000,0.480000,0.000000
48.931999,303.000000,303.000000,-4.670000,8.000000,6.000000,0.000000,0.000000,1.000000,0.000000,0.470000,-0.020000
48.937000,298.000000,298.000000,-4.340000,8.000000,6.000000,0.000000,0.000000,1.000000,0.000000,0.430000,-0.070000
48.942001,283.000000,283.000000,-4.330000,12.000000,12.000000,0.000000,0.000000,1.000000,0.000000,0.430000,0.000000
48.946999,284.000000,284.000000,-4.110000,12.000000,12.000000,0.000000,0.000000,1.000000,0.000000,0.410000,-0.040000
48.952000,272.000000,272.000000,-3.870000,12.000000,10.000000,0.000000,0.000000,1.000000,0.000000,0.390000,-0.050000
48.957001,260.000000,260.000000,-3.560000,12.000000,10.000000,0.000000,0.000000,1.000000,0.000000,0.360000,-0.060000
48.962002,244.000000,244.000000,-3.460000,14.000000,14.000000,0.000000,0.000000,1.000000,0.000000,0.350000,-0.020000
48.966999,239.000000,239.000000,-3.220000,14.000000,14.000000,0.000000,0.000000,1.000000,0.000000,0.320000,-0.050000
48.972000,224.000000,224.000000,-2.830000,12.000000,12.000000,0.000000,0.000000,1.000000,0.000000,0.280000,-0.080000
48.977001,198.000000,198.000000,-2.380000,12.000000,12.000000,0.000000,0.000000,1.000000,0.000000,0.240000,-0.090000
48.981998,169.000000,169.000000,-2.080000,14.000000,14.000000,0.000000,0.000000,1.000000,0.000000,0.210000,-0.060000
48.987000,149.000000,149.000000,-1.600000,14.000000,14.000000,0.000000,0.000000,1.000000,0.000000,0.160000,-0.100000
48.992001,116.000000,116.000000,-1.210000,12.000000,12.000000,0.000000,0.000000,1.000000,0.000000,0.120000,-0.080000
48.997002,89.000000,89.000000,-0.780000,12.000000,12.000000,0.000000,0.000000,1.000000,0.000000,0.080000,-0.090000
49.001999,57.000000,57.000000,-0.340000,14.000000,14.000000,0.000000,0.000000,1.000000,0.000000,0.030000,-0.090000
49.007000,24.000000,24.000000,0.130000,14.000000,14.000000,0.000000,0.000000,1.000000,0.000000,-0.010000,-0.090000
49.012001,-11.000000,-11.000000,0.520000,12.000000,10.000000,0.000000,0.000000,1.000000,0.000000,-0.050000,-0.080000
49.016998,-42.000000,-42.000000,0.880000,12.000000,10.000000,0.000000,0.000000,1.000000,0.000000,-0.090000,-0.070000
49.021999,-70.000000,-70.000000,1.220000,10.000000,8.000000,0.000000,0.000000,1.000000,0.000000,-0.120000,-0.070000
49.027000,-96.000000,-96.000000,1.510000,10.000000,8.000000,0.000000,0.000000,1.000000,0.000000,-0.150000,-0.060000
49.032001,-119.000000,-119.000000,1.790000,6.000000,8.000000,0.000000,0.000000,1.000000,0.000000,-0.180000,-0.060000
49.036999,-141.000000,-141.000000,2.040000,6.000000,8.000000,0.000000,0.000000,1.000000,0.000000,-0.200000,-0.050000
49.042000,-160.000000,-160.000000,2.270000,4.000000,4.000000,0.000000,0.000000,1.000000,0.000000,-0.230000,-0.050000
49.047001,-178.000000,-178.000000,2.420000,4.000000,4.000000,0.000000,0.000000,1.000000,0.000000,-0.240000,-0.030000
49.051998,-189.000000,-189.000000,2.460000,2.000000,4.000000,0.000000,0.000000,1.000000,0.000000,-0.250000,-0.010000
49.056999,-191.000000,-191.000000,2.580000,2.000000,4.000000,0.000000,0.000000,1.000000,0.000000,-0.260000,-0.020000
49.062000,-201.000000,-201.000000,2.610000,-2.000000,0.000000,0.000000,0.000000,1.000000,0.000000,-0.260000,-0.010000
49.067001,-203.000000,-203.000000,2.490000,-2.000000,0.000000,0.000000,0.000000,1.000000,0.000000,-0.250000,0.020000
49.071999,-191.000000,-191.000000,2.310000,-2.000000,-2.000000,0.000000,0.000000,1.000000,0.000000,-0.230000,0.040000
49.077000,-176.000000,-176.000000,2.150000,-2.000000,-2.000000,0.000000,0.000000,1.000000,0.000000,-0.210000,0.030000
49.082001,-165.000000,-165.000000,2.050000,-4.000000,-6.000000,0.000000,0.000000,1.000000,0.000000,-0.210000,0.020000
49.087002,-158.000000,-158.000000,1.920000,-4.000000,-6.000000,0.000000,0.000000,1.000000,0.000000,-0.190000,0.030000
49.091999,-148.000000,-148.000000,1.760000,-4.000000,-4.000000,0.000000,0.000000,1.000000,0.000000,-0.180000,0.030000
49.097000,-135.000000,-135.000000,1.470000,-4.000000,-4.000000,0.000000,0.000000,1.000000,0.000000,-0.150000,0.060000
49.102001,-111.000000,-111.000000,1.210000,-8.000000,-8.000000,0.000000,0.000000,1.000000,0.000000,-0.120000,0.050000
49.106998,-92.000000,-92.000000,0.860000,-8.000000,-8.000000,0.000000,0.000000,1.000000,0.000000,-0.090000,0.070000
49.112000,-65.000000,-65.000000,0.570000,-6.000000,-6.000000,0.000000,0.000000,1.000000,0.000000,-0.060000,0.060000
49.117001,-43.000000,-43.000000,0.240000,-6.000000,-6.000000,0.000000,0.000000,1.000000,0.000000,-0.020000,0.070000
49.122002,-18.000000,-18.000000,-0.150000,-6.000000,-6.000000,0.000000,0.000000,1.000000,0.000000,0.020000,0.080000
49.126999,12.000000,12.000000,-0.540000,-6.000000,-6.000000,0.000000,0.000000,1.000000,0.000000,0.050000,0.080000
49.132000,41.000000,41.000000,-0.920000,-6.000000,-6.000000,0.000000,0.000000,1.000000,0.000000,0.090000,0.080000
49.137001,69.000000,69.000000,-1.370000,-6.000000,-6.000000,0.000000,0.000000,1.000000,0.000000,0.140000,0.090000
49.141998,101.000000,101.000000,-1.670000,-4.000000,-2.000000,0.000000,0.000000,1.000000,0.000000,0.170000,0.060000
49.146999,122.000000,122.000000,-1.960000,-4.000000,-2.000000,0.000000,0.000000,1.000000,0.000000,0.200000,0.060000
49.152000,142.000000,142.000000,-2.250000,-2.000000,-4.000000,0.000000,0.000000,1.000000,0.000000,0.220000,0.060000
49.157001,161.000000,161.000000,-2.660000,-2.000000,-4.000000,0.000000,0.000000,1.000000,0.000000,0.270000,0.080000
49.161999,188.000000,188.000000,-2.970000,2.000000,0.000000,0.000000,0.000000,1.000000,0.000000,0.300000,0.060000
49.167000,209.000000,209.000000,-3.050000,2.000000,0.000000,0.000000,0.000000,1.000000,0.000000,0.310000,0.020000
49.172001,214.000000,214.000000,-2.980000,2.000000,2.000000,0.000000,0.000000,1.000000,0.000000,0.300000,-0.020000
49.176998,209.000000,209.000000,-3.020000,2.000000,2.000000,0.000000,0.000000,1.000000,0.000000,0.300000,0.010000
49.181999,212.000000,212.000000,-3.090000,4.000000,6.000000,0.000000,0.000000,1.000000,0.000000,0.310000,0.010000
49.187000,217.000000,217.000000,-3.040000,4.000000,6.000000,0.000000,0.000000,1.000000,0.000000,0.300000,-0.010000
49.192001,213.000000,213.000000,-2.970000,6.000000,4.000000,0.000000,0.000000,1.000000,0.000000,0.300000,-0.010000
49.196999,209.000000,209.000000,-2.750000,6.000000,4.000000,0.000000,0.000000,1.000000,0.000000,0.280000,-0.040000
49.202000,194.000000,194.000000,-2.660000,8.000000,6.000000,0.000000,0.000000,1.000000,0.000000,0.270000,-0.020000
49.207001,189.000000,189.000000,-2.430000,8.000000,6.000000,0.000000,0.000000,1.000000,0.000000,0.240000,-0.050000
49.212002,173.000000,173.000000,-2.200000,8.000000,4.000000,0.000000,0.000000,1.000000,0.000000,0.220000,-0.040000
49.216999,158.000000,158.000000,-1.850000,8.000000,4.000000,0.000000,0.000000,1.000000,0.000000,0.180000,-0.070000
49.222000,133.000000,133.000000,-1.670000,10.000000,8.000000,0.000000,0.000000,1.000000,0.000000,0.170000,-0.040000
49.227001,122.000000,122.000000,-1.480000,10.000000,8.000000,0.000000,0.000000,1.000000,0.000000,0.150000,-0.040000
49.231998,108.000000,108.000000,-1.140000,6.000000,6.000000,0.000000,0.000000,1.000000,0.000000,0.110000,-0.070000
49.237000,84.000000,84.000000,-0.900000,6.000000,6.000000,0.000000,0.000000,1.000000,0.000000,0.090000,-0.050000
49.242001,66.000000,66.000000,-0.530000,10.000000,8.000000,0.000000,0.000000,1.000000,0.000000,0.050000,-0.070000
49.247002,39.000000,39.000000,-0.220000,10.000000,8.000000,0.000000,0.000000,1.000000,0.000000,0.020000,-0.060000
49.251999,16.000000,16.000000,0.060000,6.000000,6.000000,0.000000,0.000000,1.000000,0.000000,-0.010000,-0.060000
49.257000,-6.000000,-6.000000,0.280000,6.000000,6.000000,0.000000,0.000000,1.000000,0.000000,-0.030000,-0.040000
49.262001,-23.000000,-23.000000,0.550000,6.000000,6.000000,0.000000,0.000000,1.000000,0.000000,-0.060000,-0.050000
49.266998,-44.000000,-44.000000,0.770000,6.000000,6.000000,0.000000,0.000000,1.000000,0.000000,-0.080000,-0.040000
49.271999,-61.000000,-61.000000,0.980000,4.000000,4.000000,0.000000,0.000000,1.000000,0.000000,-0.100000,-0.040000
49.277000,-77.000000,-77.000000,1.170000,4.000000,4.000000,0.000000,0.000000,1.000000,0.000000,-0.120000,-0.040000
49.282001,-92.000000,-92.000000,1.280000,2.000000,4.000000,0.000000,0.000000,1.000000,0.000000,-0.130000,-0.020000
49.286999,-100.000000,-100.000000,1.380000,2.000000,4.000000,0.000000,0.000000,1.000000,0.000000,-0.140000,-0.020000
49.292000,-107.000000,-107.000000,1.440000,2.000000,2.000000,0.000000,0.000000,1.000000,0.000000,-0.140000,-0.010000
49.297001,-112.000000,-112.000000,1.540000,2.000000,2.000000,0.000000,0.000000,1.000000,0.000000,-0.150000,-0.020000
49.301998,-120.000000,-120.000000,1.500000,0.000000,0.000000,0.000000,0.000000,1.000000,0.000000,-0.150000,0.010000
49.306999,-116.000000,-116.000000,1.390000,0.000000,0.000000,0.000000,0.000000,1.000000,0.000000,-0.140000,0.020000
49.312000,-107.000000,-107.000000,1.330000,0.000000,0.000000,0.000000,0.000000,1.000000,0.000000,-0.130000,0.010000
49.317001,-103.000000,-103.000000,1.290000,0.000000,0.000000,0.000000,0.000000,1.000000,0.000000,-0.130000,0.010000
49.321999,-100.000000,-100.000000,1.130000,-2.000000,-4.000000,0.000000,0.000000,1.000000,0.000000,-0.110000,0.030000
49.327000,-87.000000,-87.000000,1.080000,-2.000000,-4.000000,0.000000,0.000000,1.000000,0.000000,-0.110000,0.010000
49.332001,-84.000000,-84.000000,1.070000,-2.000000,-2.000000,0.000000,0.000000,1.000000,0.000000,-0.110000,0.000000
49.337002,-83.000000,-83.000000,1.100000,-2.000000,-2.000000,0.000000,0.000000,1.000000,0.000000,-0.110000,-0.010000
49.341999,-86.000000,-86.000000,0.990000,-4.000000,-4.000000,0.000000,0.000000,1.000000,0.000000,-0.100000,0.020000
49.347000,-76.000000,-76.000000,0.840000,-4.000000,-4.000000,0.000000,0.000000,1.000000,0.000000,-0.080000,0.030000
49.352001,-64.000000,-64.000000,0.630000,-2.000000,-2.000000,0.000000,0.000000,1.000000,0.000000,-0.060000,0.040000
49.356998,-48.000000,-48.000000,0.520000,-2.000000,-2.000000,0.000000,0.000000,1.000000,0.000000,-0.050000,0.020000
49.362000,-40.000000,-40.000000,0.390000,-4.000000,-4.000000,0.000000,0.000000,1.000000,0.000000,-0.040000,0.030000
49.367001,-31.000000,-31.000000,0.280000,-4.000000,-4.000000,0.000000,0.000000,1.000000,0.000000,-0.030000,0.020000
49.372002,-22.000000,-22.000000,0.060000,-2.000000,-4.000000,0.000000,0.000000,1.000000,0.000000,-0.010000,0.040000
49.376999,-4.000000,-4.000000,-0.100000,-2.000000,-4.000000,0.000000,0.000000,1.000000,0.000000,0.010000,0.030000
49.382000,7.000000,7.000000,-0.270000,-2.000000,-4.000000,0.000000,0.000000,1.000000,0.000000,0.030000,0.030000
49.387001,20.000000,20.000000,-0.350000,-2.000000,-4.000000,0.000000,0.000000,1.000000,0.000000,0.030000,0.020000
49.391998,26.000000,26.000000,-0.420000,-2.000000,-2.000000,0.000000,0.000000,1.000000,0.000000,0.040000,0.020000
49.396999,32.000000,32.000000,-0.510000,-2.000000,-2.000000,0.000000,0.000000,1.000000,0.000000,0.050000,0.020000
49.402000,39.000000,39.000000,-0.580000,0.000000,-2.000000,0.000000,0.000000,1.000000,0.000000,0.060000,0.010000
49.407001,43.000000,43.000000,-0.610000,0.000000,-2.000000,0.000000,0.000000,1.000000,0.000000,0.060000,0.010000
49.411999,45.000000,45.000000,-0.550000,0.000000,0.000000,0.000000,0.000000,1.000000,0.000000,0.060000,-0.010000
49.417000,41.000000,41.000000,-0.570000,0.000000,0.000000,0.000000,0.000000,1.000000,0.000000,0.060000,0.000000
49.422001,43.000000,43.000000,-0.450000,0.000000,0.000000,0.000000,0.000000,1.000000,0.000000,0.050000,-0.020000
49.426998,34.000000,34.000000,-0.380000,0.000000,0.000000,0.000000,0.000000,1.000000,0.000000,0.040000,-0.010000
49.431999,28.000000,28.000000,-0.260000,0.000000,0.000000,0.000000,0.000000,1.000000,0.000000,0.030000,-0.020000
49.437000,19.000000,19.000000,-0.230000,0.000000,0.000000,0.000000,0.000000,1.000000,0.000000,0.020000,0.000000
49.442001,17.000000,17.000000,-0.080000,0.000000,0.000000,0.000000,0.000000,1.000000,0.000000,0.010000,-0.030000
49.446999,5.000000,5.000000,0.040000,0.000000,0.000000,0.000000,0.000000,1.000000,0.000000,0.000000,-0.020000
49.452000,-4.000000,-4.000000,0.160000,2.000000,0.000000,0.000000,0.000000,1.000000,0.000000,-0.020000,-0.030000
49.457001,-13.000000,-13.000000,0.240000,2.000000,0.000000,0.000000,0.000000,1.000000,0.000000,-0.020000,-0.020000
49.462002,-20.000000,-20.000000,0.330000,0.000000,0.000000,0.000000,0.000000,1.000000,0.000000,-0.030000,-0.020000
49.466999,-26.000000,-26.000000,0.430000,0.000000,0.000000,0.000000,0.000000,1.000000,0.000000,-0.040000,-0.020000
49.472000,-34.000000,-34.000000,0.530000,0.000000,0.000000,0.000000,0.000000,1.000000,0.000000,-0.050000,-0.020000
49.477001,-42.000000,-42.000000,0.680000,0.000000,0.000000,0.000000,0.000000,1.000000,0.000000,-0.070000,-0.030000
49.481998,-54.000000,-54.000000,0.730000,0.000000,0.000000,0.000000,0.000000,1.000000,0.000000,-0.070000,-0.010000
49.487000,-57.000000,-57.000000,0.810000,0.000000,0.000000,0.000000,0.000000,1.000000,0.000000,-0.080000,-0.020000
49.492001,-63.000000,-63.000000,0.890000,0.000000,0.000000,0.000000,0.000000,1.000000,0.000000,-0.090000,-0.020000
49.497002,-69.000000,-69.000000,1.040000,0.000000,0.000000,0.000000,0.000000,1.000000,0.000000,-0.100000,-0.030000
49.501999,-81.000000,-81.000000,1.150000,-2.000000,-2.000000,0.000000,0.000000,1.000000,0.000000,-0.120000,-0.020000
49.507000,-90.000000,-90.000000,1.320000,-2.000000,-2.000000,0.000000,0.000000,1.000000,0.000000,-0.130000,-0.030000
49.512001,-103.000000,-103.000000,1.340000,-2.000000,-2.000000,0.000000,0.000000,1.000000,0.000000,-0.130000,0.000000
49.516998,-104.000000,-104.000000,1.450000,-2.000000,-2.000000,0.000000,0.000000,1.000000,0.000000,-0.140000,-0.020000
49.521999,-113.000000,-113.000000,1.430000,-4.000000,-4.000000,0.000000,0.000000,1.000000,0.000000,-0.140000,0.000000
49.527000,-111.000000,-111.000000,1.480000,-4.000000,-4.000000,0.000000,0.000000,1.000000,0.000000,-0.150000,-0.010000
49.532001,-115.000000,-115.000000,1.450000,-4.000000,-4.000000,0.000000,0.000000,1.000000,0.000000,-0.140000,0.010000
49.536999,-112.000000,-112.000000,1.520000,-4.000000,-4.000000,0.000000,0.000000,1.000000,0.000000,-0.150000,-0.020000
49.542000,-119.000000,-119.000000,1.580000,-6.000000,-6.000000,0.000000,0.000000,1.000000,0.000000,-0.160000,-0.010000
49.547001,-123.000000,-123.000000,1.620000,-6.000000,-6.000000,0.000000,0.000000,1.000000,0.000000,-0.160000,-0.010000
49.551998,-126.000000,-126.000000,1.500000,-4.000000,-4.000000,0.000000,0.000000,1.000000,0.000000,-0.150000,0.020000
49.556999,-116.000000,-116.000000,1.470000,-4.000000,-4.000000,0.000000,0.000000,1.000000,0.000000,-0.150000,0.010000
49.562000,-114.000000,-114.000000,1.390000,-6.000000,-6.000000,0.000000,0.000000,1.000000,0.000000,-0.140000,0.020000
49.567001,-107.000000,-107.000000,1.360000,-6.000000,-6.000000,0.000000,0.000000,1.000000,0.000000,-0.140000,0.010000
49.571999,-105.000000,-105.000000,1.340000,-4.000000,-4.000000,0.000000,0.000000,1.000000,0.000000,-0.130000,0.000000
49.577000,-104.000000,-104.000000,1.290000,-4.000000,-4.000000,0.000000,0.000000,1.000000,0.000000,-0.130000,0.010000
49.582001,-100.000000,-100.000000,1.210000,-6.000000,-6.000000,0.000000,0.000000,1.000000,0.000000,-0.120000,0.020000
49.587002,-94.000000,-94.000000,1.160000,-6.000000,-6.000000,0.000000,0.000000,1.000000,0.000000,-0.120000,0.010000
49.591999,-90.000000,-90.000000,1.080000,-4.000000,-4.000000,0.000000,0.000000,1.000000,0.000000,-0.110000,0.020000
49.597000,-83.000000,-83.000000,1.020000,-4.000000,-4.000000,0.000000,0.000000,1.000000,0.000000,-0.100000,0.010000
49.602001,-79.000000,-79.000000,0.880000,-6.000000,-6.000000,0.000000,0.000000,1.000000,0.000000,-0.090000,0.030000
49.606998,-68.000000,-68.000000,0.810000,-6.000000,-6.000000,0.000000,0.000000,1.000000,0.000000,-0.080000,0.010000
49.612000,-63.000000,-63.000000,0.670000,-6.000000,-6.000000,0.000000,0.000000,1.000000,0.000000,-0.070000,0.030000
49.617001,-51.000000,-51.000000,0.700000,-6.000000,-6.000000,0.000000,0.000000,1.000000,0.000000,-0.070000,-0.010000
49.622002,-54.000000,-54.000000,0.560000,-6.000000,-6.000000,0.000000,0.000000,1.000000,0.000000,-0.060000,0.030000
49.626999,-43.000000,-43.000000,0.490000,-6.000000,-6.000000,0.000000,0.000000,1.000000,0.000000,-0.050000,0.010000
49.632000,-38.000000,-38.000000,0.410000,-4.000000,-6.000000,0.000000,0.000000,1.000000,0.000000,-0.040000,0.020000
49.637001,-32.000000,-32.000000,0.430000,-4.000000,-6.000000,0.000000,0.000000,1.000000,0.000000,-0.040000,0.000000
49.641998,-34.000000,-34.000000,0.350000,-4.000000,-4.000000,0.000000,0.000000,1.000000,0.000000,-0.030000,0.020000
49.646999,-27.000000,-27.000000,0.310000,-4.000000,-4.000000,0.000000,0.000000,1.000000,0.000000,-0.030000,0.010000
49.652000,-24.000000,-24.000000,0.210000,-4.000000,-4.000000,0.000000,0.000000,1.000000,0.000000,-0.020000,0.020000
49.657001,-16.000000,-16.000000,0.210000,-4.000000,-4.000000,0.000000,0.000000,1.000000,0.000000,-0.020000,0.000000
49.661999,-17.000000,-17.000000,0.130000,-4.000000,-2.000000,0.000000,0.000000,1.000000,0.000000,-0.010000,0.010000
49.667000,-11.000000,-11.000000,0.130000,-4.000000,-2.000000,0.000000,0.000000,1.000000,0.000000,-0.010000,0.000000
49.672001,-11.000000,-11.000000,0.100000,-4.000000,-2.000000,0.000000,0.000000,1.000000,0.000000,-0.010000,0.010000
49.676998,-8.000000,-8.000000,0.110000,-4.000000,-2.000000,0.000000,0.000000,1.000000,0.000000,-0.010000,0.000000
49.681999,-9.000000,-9.000000,0.070000,-4.000000,-2.000000,0.000000,0.000000,1.000000,0.000000,-0.010000,0.010000
49.687000,-6.000000,-6.000000,0.080000,-4.000000,-2.000000,0.000000,0.000000,1.000000,0.000000,-0.010000,0.000000
49.692001,-6.000000,-6.000000,0.080000,-2.000000,-2.000000,0.000000,0.000000,1.000000,0.000000,-0.010000,0.000000
49.696999,-7.000000,-7.000000,0.100000,-2.000000,-2.000000,0.000000,0.000000,1.000000,0.000000,-0.010000,0.000000
49.702000,-8.000000,-8.000000,0.100000,-2.000000,-2.000000,0.000000,0.000000,1.000000,0.000000,-0.010000,0.000000
49.707001,-8.000000,-8.000000,0.110000,-2.000000,-2.000000,0.000000,0.000000,1.000000,0.000000,-0.010000,0.000000
49.712002,-9.000000,-9.000000,0.140000,-2.000000,0.000000,0.000000,0.000000,1.000000,0.000000,-0.010000,-0.010000
49.716999,-11.000000,-11.000000,0.200000,-2.000000,0.000000,0.000000,0.000000,1.000000,0.000000,-0.020000,-0.010000
49.722000,-16.000000,-16.000000,0.240000,-2.000000,0.000000,0.000000,0.000000,1.000000,0.000000,-0.020000,-0.010000
49.727001,-19.000000,-19.000000,0.280000,-2.000000,0.000000,0.000000,0.000000,1.000000,0.000000,-0.030000,-0.010000
49.731998,-22.000000,-22.000000,0.310000,0.000000,0.000000,0.000000,0.000000,1.000000,0.000000,-0.030000,-0.010000
49.737000,-25.000000,-25.000000,0.410000,0.000000,0.000000,0.000000,0.000000,1.000000,0.000000,-0.040000,-0.020000
49.742001,-32.000000,-32.000000,0.470000,0.000000,0.000000,0.000000,0.000000,1.000000,0.000000,-0.050000,-0.010000
49.747002,-37.000000,-37.000000,0.550000,0.000000,0.000000,0.000000,0.000000,1.000000,0.000000,-0.060000,-0.020000
49.751999,-43.000000,-43.000000,0.590000,0.000000,0.000000,0.000000,0.000000,1.000000,0.000000,-0.060000,-0.010000
49.757000,-46.000000,-46.000000,0.680000,0.000000,0.000000,0.000000,0.000000,1.000000,0.000000,-0.070000,-0.020000
49.762001,-54.000000,-54.000000,0.730000,-2.000000,0.000000,0.000000,0.000000,1.000000,0.000000,-0.070000,-0.010000
49.766998,-57.000000,-57.000000,0.780000,-2.000000,0.000000,0.000000,0.000000,1.000000,0.000000,-0.080000,-0.010000
49.771999,-61.000000,-61.000000,0.760000,-2.000000,-2.000000,0.000000,0.000000,1.000000,0.000000,-0.080000,0.000000
49.777000,-59.000000,-59.000000,0.790000,-2.000000,-2.000000,0.000000,0.000000,1.000000,0.000000,-0.080000,-0.010000
49.782001,-62.000000,-62.000000,0.810000,-2.000000,-2.000000,0.000000,0.000000,1.000000,0.000000,-0.080000,0.000000
49.786999,-63.000000,-63.000000,0.910000,-2.000000,-2.000000,0.000000,0.000000,1.000000,0.000000,-0.090000,-0.020000
49.792000,-71.000000,-71.000000,0.790000,-2.000000,-2.000000,0.000000,0.000000,1.000000,0.000000,-0.080000,0.020000
49.797001,-61.000000,-61.000000,0.800000,-2.000000,-2.000000,0.000000,0.000000,1.000000,0.000000,-0.080000,0.000000
49.801998,-62.000000,-62.000000,0.620000,-2.000000,-2.000000,0.000000,0.000000,1.000000,0.000000,-0.060000,0.030000
49.806999,-48.000000,-48.000000,0.560000,-2.000000,-2.000000,0.000000,0.000000,1.000000,0.000000,-0.060000,0.010000
49.812000,-43.000000,-43.000000,0.410000,-2.000000,-2.000000,0.000000,0.000000,1.000000,0.000000,-0.040000,0.030000
49.817001,-32.000000,-32.000000,0.380000,-2.000000,-2.000000,0.000000,0.000000,1.000000,0.000000,-0.040000,0.010000
49.821999,-30.000000,-30.000000,0.210000,-2.000000,-4.000000,0.000000,0.000000,1.000000,0.000000,-0.020000,0.030000
49.827000,-16.000000,-16.000000,0.120000,-2.000000,-4.000000,0.000000,0.000000,1.000000,0.000000,-0.010000,0.020000
49.832001,-9.000000,-9.000000,-0.020000,-4.000000,-2.000000,0.000000,0.000000,1.000000,0.000000,0.000000,0.030000
49.837002,2.000000,2.000000,-0.130000,-4.000000,-2.000000,0.000000,0.000000,1.000000,0.000000,0.010000,0.020000
49.841999,10.000000,10.000000,-0.270000,-2.000000,-2.000000,0.000000,0.000000,1.000000,0.000000,0.030000,0.030000
49.847000,20.000000,20.000000,-0.340000,-2.000000,-2.000000,0.000000,0.000000,1.000000,0.000000,0.030000,0.010000
49.852001,25.000000,25.000000,-0.410000,-2.000000,-2.000000,0.000000,0.000000,1.000000,0.000000,0.040000,0.020000
49.856998,31.000000,31.000000,-0.580000,-2.000000,-2.000000,0.000000,0.000000,1.000000,0.000000,0.060000,0.030000
49.862000,44.000000,44.000000,-0.690000,-2.000000,0.000000,0.000000,0.000000,1.000000,0.000000,0.070000,0.020000
49.867001,52.000000,52.000000,-0.830000,-2.000000,0.000000,0.000000,0.000000,1.000000,0.000000,0.080000,0.030000
49.872002,62.000000,62.000000,-0.910000,0.000000,0.000000,0.000000,0.000000,1.000000,0.000000,0.090000,0.020000
49.876999,68.000000,68.000000,-1.050000,0.000000,0.000000,0.000000,0.000000,1.000000,0.000000,0.110000,0.030000
49.882000,78.000000,78.000000,-1.050000,2.000000,2.000000,0.000000,0.000000,1.000000,0.000000,0.100000,0.000000
49.887001,78.000000,78.000000,-1.100000,2.000000,2.000000,0.000000,0.000000,1.000000,0.000000,0.110000,0.010000
49.891998,82.000000,82.000000,-1.120000,0.000000,2.000000,0.000000,0.000000,1.000000,0.000000,0.110000,0.000000
49.896999,83.000000,83.000000,-1.360000,0.000000,2.000000,0.000000,0.000000,1.000000,0.000000,0.140000,0.050000
49.902000,100.000000,100.000000,-1.390000,2.000000,2.000000,0.000000,0.000000,1.000000,0.000000,0.140000,0.000000
49.907001,102.000000,102.000000,-1.570000,2.000000,2.000000,0.000000,0.000000,1.000000,0.000000,0.160000,0.040000
49.911999,115.000000,115.000000,-1.660000,2.000000,2.000000,0.000000,0.000000,1.000000,0.000000,0.170000,0.020000
49.917000,121.000000,121.000000,-1.890000,2.000000,2.000000,0.000000,0.000000,1.000000,0.000000,0.190000,0.050000
49.922001,137.000000,137.000000,-1.980000,4.000000,4.000000,0.000000,0.000000,1.000000,0.000000,0.200000,0.020000
49.926998,143.000000,143.000000,-1.930000,4.000000,4.000000,0.000000,0.000000,1.000000,0.000000,0.190000,-0.010000
49.931999,140.000000,140.000000,-1.790000,4.000000,4.000000,0.000000,0.000000,1.000000,0.000000,0.180000,-0.030000
49.937000,130.000000,130.000000,-1.780000,4.000000,4.000000,0.000000,0.000000,1.000000,0.000000,0.180000,0.000000
49.942001,130.000000,130.000000,-1.840000,6.000000,6.000000,0.000000,0.000000,1.000000,0.000000,0.180000,0.010000
49.946999,134.000000,134.000000,-1.940000,6.000000,6.000000,0.000000,0.000000,1.000000,0.000000,0.190000,0.020000
49.952000,141.000000,141.000000,-1.850000,4.000000,6.000000,0.000000,0.000000,1.000000,0.000000,0.180000,-0.020000
49.957001,134.000000,134.000000,-1.690000,4.000000,6.000000,0.000000,0.000000,1.000000,0.000000,0.170000,-0.030000
49.962002,123.000000,123.000000,-1.620000,6.000000,6.000000,0.000000,0.000000,1.000000,0.000000,0.160000,-0.010000
49.966999,118.000000,118.000000,-1.550000,6.000000,6.000000,0.000000,0.000000,1.000000,0.000000,0.160000,-0.010000
49.972000,114.000000,114.000000,-1.440000,6.000000,6.000000,0.000000,0.000000,1.000000,0.000000,0.140000,-0.020000
49.977001,106.000000,106.000000,-1.390000,6.000000,6.000000,0.000000,0.000000,1.000000,0.000000,0.140000,-0.010000
49.981998,102.000000,102.000000,-1.300000,6.000000,6.000000,0.000000,0.000000,1.000000,0.000000,0.130000,-0.020000
49.987000,96.000000,96.000000,-1.320000,6.000000,6.000000,0.000000,0.000000,1.000000,0.000000,0.130000,0.000000
49.992001,97.000000,97.000000,-1.120000,6.000000,6.000000,0.000000,0.000000,1.000000,0.000000,0.110000,-0.040000
49.997002,83.000000,83.000000,-1.040000,6.000000,6.000000,0.000000,0.000000,1.000000,0.000000,0.100000,-0.010000
50.001999,78.000000,78.000000,-0.830000,6.000000,6.000000,0.000000,0.000000,1.000000,0.000000,0.080000,-0.040000
50.007000,62.000000,62.000000,-0.810000,6.000000,6.000000,0.000000,0.000000,1.000000,0.000000,0.080000,-0.010000
50.012001,60.000000,60.000000,-0.660000,6.000000,4.000000,0.000000,0.000000,1.000000,0.000000,0.070000,-0.030000
50.016998,49.000000,49.000000,-0.560000,6.000000,4.000000,0.000000,0.000000,1.000000,0.000000,0.060000,-0.020000
50.021999,42.000000,42.000000,-0.360000,6.000000,6.000000,0.000000,0.000000,1.000000,0.000000,0.040000,-0.040000
50.027000,27.000000,27.000000,-0.320000,6.000000,6.000000,0.000000,0.000000,1.000000,0.000000,0.030000,-0.010000
50.032001,24.000000,24.000000,-0.260000,6.000000,4.000000,0.000000,0.000000,1.000000,0.000000,0.030000,-0.010000
50.036999,19.000000,19.000000,-0.250000,6.000000,4.000000,0.000000,0.000000,1.000000,0.000000,0.030000,0.000000
50.042000,19.000000,19.000000,-0.180000,4.000000,4.000000,0.000000,0.000000,1.000000,0.000000,0.020000,-0.020000
50.047001,13.000000,13.000000,-0.170000,4.000000,4.000000,0.000000,0.000000,1.000000,0.000000,0.020000,0.000000
50.051998,12.000000,12.000000,-0.150000,4.000000,4.000000,0.000000,0.000000,1.000000,0.000000,0.020000,0.000000
50.056999,11.000000,11.000000,-0.180000,4.000000,4.000000,0.000000,0.000000,1.000000,0.000000,0.020000,0.000000
50.062000,13.000000,13.000000,-0.210000,4.000000,4.000000,0.000000,0.000000,1.000000,0.000000,0.020000,0.010000
50.067001,15.000000,15.000000,-0.270000,4.000000,4.000000,0.000000,0.000000,1.000000,0.000000,0.030000,0.010000
50.071999,21.000000,21.000000,-0.340000,2.000000,2.000000,0.000000,0.000000,1.000000,0.000000,0.030000,0.010000
50.077000,26.000000,26.000000,-0.470000,2.000000,2.000000,0.000000,0.000000,1.000000,0.000000,0.050000,0.030000
50.082001,36.000000,36.000000,-0.560000,4.000000,2.000000,0.000000,0.000000,1.000000,0.000000,0.060000,0.020000
50.087002,42.000000,42.000000,-0.690000,4.000000,2.000000,0.000000,0.000000,1.000000,0.000000,0.070000,0.030000
50.091999,52.000000,52.000000,-0.780000,2.000000,2.000000,0.000000,0.000000,1.000000,0.000000,0.080000,0.020000
50.097000,59.000000,59.000000,-0.980000,2.000000,2.000000,0.000000,0.000000,1.000000,0.000000,0.100000,0.040000
50.102001,73.000000,73.000000,-1.130000,4.000000,2.000000,0.000000,0.000000,1.000000,0.000000,0.110000,0.030000
50.106998,84.000000,84.000000,-1.310000,4.000000,2.000000,0.000000,0.000000,1.000000,0.000000,0.130000,0.040000
50.112000,96.000000,96.000000,-1.370000,2.000000,2.000000,0.000000,0.000000,1.000000,0.000000,0.140000,0.010000
50.117001,101.000000,101.000000,-1.530000,2.000000,2.000000,0.000000,0.000000,1.000000,0.000000,0.150000,0.030000
50.122002,112.000000,112.000000,-1.710000,4.000000,4.000000,0.000000,0.000000,1.000000,0.000000,0.170000,0.040000
50.126999,125.000000,125.000000,-1.930000,4.000000,4.000000,0.000000,0.000000,1.000000,0.000000,0.190000,0.040000
50.132000,140.000000,140.000000,-1.980000,4.000000,4.000000,0.000000,0.000000,1.000000,0.000000,0.200000,0.010000
50.137001,143.000000,143.000000,-2.020000,4.000000,4.000000,0.000000,0.000000,1.000000,0.000000,0.200000,0.010000
50.141998,146.000000,146.000000,-2.210000,4.000000,6.000000,0.000000,0.000000,1.000000,0.000000,0.220000,0.040000
50.146999,159.000000,159.000000,-2.440000,4.000000,6.000000,0.000000,0.000000,1.000000,0.000000,0.240000,0.040000
50.152000,174.000000,174.000000,-2.470000,4.000000,6.000000,0.000000,0.000000,1.000000,0.000000,0.250000,0.010000
50.157001,177.000000,177.000000,-2.380000,4.000000,6.000000,0.000000,0.000000,1.000000,0.000000,0.240000,-0.020000
50.161999,171.000000,171.000000,-2.520000,6.000000,8.000000,0.000000,0.000000,1.000000,0.000000,0.250000,0.030000
50.167000,180.000000,180.000000,-2.680000,6.000000,8.000000,0.000000,0.000000,1.000000,0.000000,0.270000,0.030000
50.172001,190.000000,190.000000,-2.670000,6.000000,6.000000,0.000000,0.000000,1.000000,0.000000,0.270000,0.000000
50.176998,189.000000,189.000000,-2.690000,6.000000,6.000000,0.000000,0.000000,1.000000,0.000000,0.270000,0.010000
50.181999,191.000000,191.000000,-2.900000,10.000000,10.000000,0.000000,0.000000,1.000000,0.000000,0.290000,0.040000
50.187000,204.000000,204.000000,-3.000000,10.000000,10.000000,0.000000,0.000000,1.000000,0.000000,0.300000,0.020000
50.192001,211.000000,211.000000,-2.930000,8.000000,8.000000,0.000000,0.000000,1.000000,0.000000,0.290000,-0.010000
50.196999,207.000000,207.000000,-2.800000,8.000000,8.000000,0.000000,0.000000,1.000000,0.000000,0.280000,-0.030000
50.202000,198.000000,198.000000,-2.830000,10.000000,10.000000,0.000000,0.000000,1.000000,0.000000,0.280000,0.010000
50.207001,200.000000,200.000000,-2.770000,10.000000,10.000000,0.000000,0.000000,1.000000,0.000000,0.280000,-0.010000
50.212002,196.000000,196.000000,-2.740000,8.000000,8.000000,0.000000,0.000000,1.000000,0.000000,0.270000,-0.010000
50.216999,194.000000,194.000000,-2.590000,8.000000,8.000000,0.000000,0.000000,1.000000,0.000000,0.260000,-0.030000
50.222000,184.000000,184.000000,-2.670000,12.000000,10.000000,0.000000,0.000000,1.000000,0.000000,0.270000,0.020000
50.227001,190.000000,190.000000,-2.560000,12.000000,10.000000,0.000000,0.000000,1.000000,0.000000,0.260000,-0.020000
50.231998,182.000000,182.000000,-2.450000,10.000000,10.000000,0.000000,0.000000,1.000000,0.000000,0.240000,-0.020000
50.237000,175.000000,175.000000,-2.220000,10.000000,10.000000,0.000000,0.000000,1.000000,0.000000,0.220000,-0.050000
50.242001,159.000000,159.000000,-2.230000,12.000000,12.000000,0.000000,0.000000,1.000000,0.000000,0.220000,0.000000
50.247002,161.000000,161.000000,-2.070000,12.000000,12.000000,0.000000,0.000000,1.000000,0.000000,0.210000,-0.030000
50.251999,149.000000,149.000000,-1.940000,10.000000,10.000000,0.000000,0.000000,1.000000,0.000000,0.190000,-0.020000
50.257000,141.000000,141.000000,-1.810000,10.000000,10.000000,0.000000,0.000000,1.000000,0.000000,0.180000,-0.030000
50.262001,132.000000,132.000000,-1.580000,12.000000,12.000000,0.000000,0.000000,1.000000,0.000000,0.160000,-0.050000
50.266998,115.000000,115.000000,-1.380000,12.000000,12.000000,0.000000,0.000000,1.000000,0.000000,0.140000,-0.040000
50.271999,101.000000,101.000000,-1.220000,10.000000,10.000000,0.000000,0.000000,1.000000,0.000000,0.120000,-0.030000
50.277000,90.000000,90.000000,-1.170000,10.000000,10.000000,0.000000,0.000000,1.000000,0.000000,0.120000,-0.010000
50.282001,87.000000,87.000000,-0.970000,10.000000,10.000000,0.000000,0.000000,1.000000,0.000000,0.100000,-0.040000
50.286999,72.000000,72.000000,-0.760000,10.000000,10.000000,0.000000,0.000000,1.000000,0.000000,0.080000,-0.040000
50.292000,56.000000,56.000000,-0.530000,10.000000,8.000000,0.000000,0.000000,1.000000,0.000000,0.050000,-0.050000
50.297001,39.000000,39.000000,-0.490000,10.000000,8.000000,0.000000,0.000000,1.000000,0.000000,0.050000,-0.010000
50.301998,37.000000,37.000000,-0.330000,8.000000,8.000000,0.000000,0.000000,1.000000,0.000000,0.030000,-0.030000
50.306999,24.000000,24.000000,-0.220000,8.000000,8.000000,0.000000,0.000000,1.000000,0.000000,0.020000,-0.020000
50.312000,16.000000,16.000000,-0.100000,8.000000,6.000000,0.000000,0.000000,1.000000,0.000000,0.010000,-0.030000
50.317001,7.000000,7.000000,-0.010000,8.000000,6.000000,0.000000,0.000000,1.000000,0.000000,0.000000,-0.020000
50.321999,0.000000,0.000000,0.140000,6.000000,6.000000,0.000000,0.000000,1.000000,0.000000,-0.010000,-0.030000
50.327000,-12.000000,-12.000000,0.220000,6.000000,6.000000,0.000000,0.000000,1.000000,0.000000,-0.020000,-0.020000
50.332001,-18.000000,-18.000000,0.330000,6.000000,4.000000,0.000000,0.000000,1.000000,0.000000,-0.030000,-0.020000
50.337002,-27.000000,-27.000000,0.520000,6.000000,4.000000,0.000000,0.000000,1.000000,0.000000,-0.050000,-0.040000
50.341999,-42.000000,-42.000000,0.700000,4.000000,4.000000,0.000000,0.000000,1.000000,0.000000,-0.070000,-0.030000
50.347000,-55.000000,-55.000000,0.810000,4.000000,4.000000,0.000000,0.000000,1.000000,0.000000,-0.080000,-0.020000
50.352001,-63.000000,-63.000000,0.840000,4.000000,4.000000,0.000000,0.000000,1.000000,0.000000,-0.080000,-0.010000
50.356998,-66.000000,-66.000000,1.010000,4.000000,4.000000,0.000000,0.000000,1.000000,0.000000,-0.100000,-0.030000
50.362000,-79.000000,-79.000000,1.130000,0.000000,0.000000,0.000000,0.000000,1.000000,0.000000,-0.110000,-0.020000
50.367001,-88.000000,-88.000000,1.250000,0.000000,0.000000,0.000000,0.000000,1.000000,0.000000,-0.120000,-0.020000
50.372002,-97.000000,-97.000000,1.260000,0.000000,0.000000,0.000000,0.000000,1.000000,0.000000,-0.130000,0.000000
50.376999,-98.000000,-98.000000,1.400000,0.000000,0.000000,0.000000,0.000000,1.000000,0.000000,-0.140000,-0.030000
50.382000,-109.000000,-109.000000,1.420000,-2.000000,-2.000000,0.000000,0.000000,1.000000,0.000000,-0.140000,-0.010000
50.387001,-111.000000,-111.000000,1.470000,-2.000000,-2.000000,0.000000,0.000000,1.000000,0.000000,-0.150000,-0.010000
50.391998,-114.000000,-114.000000,1.500000,-2.000000,0.000000,0.000000,0.000000,1.000000,0.000000,-0.150000,-0.010000
50.396999,-117.000000,-117.000000,1.630000,-2.000000,0.000000,0.000000,0.000000,1.000000,0.000000,-0.160000,-0.030000
50.402000,-127.000000,-127.000000,1.810000,-2.000000,-4.000000,0.000000,0.000000,1.000000,0.000000,-0.180000,-0.040000
50.407001,-141.000000,-141.000000,1.880000,-2.000000,-4.000000,0.000000,0.000000,1.000000,0.000000,-0.190000,-0.010000
50.411999,-146.000000,-146.000000,1.890000,-2.000000,-4.000000,0.000000,0.000000,1.000000,0.000000,-0.190000,0.000000
50.417000,-147.000000,-147.000000,1.950000,-2.000000,-4.000000,0.000000,0.000000,1.000000,0.000000,-0.190000,-0.010000
50.422001,-151.000000,-151.000000,2.030000,-4.000000,-6.000000,0.000000,0.000000,1.000000,0.000000,-0.200000,-0.020000
50.426998,-158.000000,-158.000000,2.080000,-4.000000,-6.000000,0.000000,0.000000,1.000000,0.000000,-0.210000,-0.010000
50.431999,-162.000000,-162.000000,2.100000,-4.000000,-4.000000,0.000000,0.000000,1.000000,0.000000,-0.210000,0.000000
50.437000,-163.000000,-163.000000,2.120000,-4.000000,-4.000000,0.000000,0.000000,1.000000,0.000000,-0.210000,0.000000
50.442001,-165.000000,-165.000000,2.250000,-6.000000,-8.000000,0.000000,0.000000,1.000000,0.000000,-0.220000,-0.030000
50.446999,-175.000000,-175.000000,2.280000,-6.000000,-8.000000,0.000000,0.000000,1.000000,0.000000,-0.230000,-0.010000
50.452000,-177.000000,-177.000000,2.260000,-6.000000,-4.000000,0.000000,0.000000,1.000000,0.000000,-0.230000,0.000000
50.457001,-175.000000,-175.000000,2.300000,-6.000000,-4.000000,0.000000,0.000000,1.000000,0.000000,-0.230000,-0.010000
50.462002,-179.000000,-179.000000,2.350000,-10.000000,-8.000000,0.000000,0.000000,1.000000,0.000000,-0.230000,-0.010000
50.466999,-182.000000,-182.000000,2.270000,-10.000000,-8.000000,0.000000,0.000000,1.000000,0.000000,-0.230000,0.020000
50.472000,-175.000000,-175.000000,2.180000,-8.000000,-8.000000,0.000000,0.000000,1.000000,0.000000,-0.220000,0.020000
50.477001,-168.000000,-168.000000,2.130000,-8.000000,-8.000000,0.000000,0.000000,1.000000,0.000000,-0.210000,0.010000
50.481998,-165.000000,-165.000000,2.090000,-10.000000,-8.000000,0.000000,0.000000,1.000000,0.000000,-0.210000,0.010000
50.487000,-162.000000,-162.000000,1.970000,-10.000000,-8.000000,0.000000,0.000000,1.000000,0.000000,-0.200000,0.020000
50.492001,-151.000000,-151.000000,1.880000,-8.000000,-8.000000,0.000000,0.000000,1.000000,0.000000,-0.190000,0.020000
50.497002,-145.000000,-145.000000,1.740000,-8.000000,-8.000000,0.000000,0.000000,1.000000,0.000000,-0.170000,0.030000
50.501999,-133.000000,-133.000000,1.590000,-8.000000,-10.000000,0.000000,0.000000,1.000000,0.000000,-0.160000,0.030000
50.507000,-122.000000,-122.000000,1.390000,-8.000000,-10.000000,0.000000,0.000000,1.000000,0.000000,-0.140000,0.040000
50.512001,-106.000000,-106.000000,1.220000,-8.000000,-8.000000,0.000000,0.000000,1.000000,0.000000,-0.120000,0.030000
50.516998,-94.000000,-94.000000,1.090000,-8.000000,-8.000000,0.000000,0.000000,1.000000,0.000000,-0.110000,0.030000
50.521999,-84.000000,-84.000000,0.910000,-10.000000,-10.000000,0.000000,0.000000,1.000000,0.000000,-0.090000,0.040000
50.527000,-70.000000,-70.000000,0.710000,-10.000000,-10.000000,0.000000,0.000000,1.000000,0.000000,-0.070000,0.040000
50.532001,-54.000000,-54.000000,0.530000,-6.000000,-8.000000,0.000000,0.000000,1.000000,0.000000,-0.050000,0.040000
50.536999,-40.000000,-40.000000,0.410000,-6.000000,-8.000000,0.000000,0.000000,1.000000,0.000000,-0.040000,0.020000
50.542000,-31.000000,-31.000000,0.210000,-6.000000,-8.000000,0.000000,0.000000,1.000000,0.000000,-0.020000,0.040000
50.547001,-16.000000,-16.000000,0.070000,-6.000000,-8.000000,0.000000,0.000000,1.000000,0.000000,-0.010000,0.030000
50.551998,-5.000000,-5.000000,-0.110000,-6.000000,-6.000000,0.000000,0.000000,1.000000,0.000000,0.010000,0.040000
50.556999,8.000000,8.000000,-0.200000,-6.000000,-6.000000,0.000000,0.000000,1.000000,0.000000,0.020000,0.020000
50.562000,15.000000,15.000000,-0.330000,-4.000000,-6.000000,0.000000,0.000000,1.000000,0.000000,0.030000,0.030000
50.567001,25.000000,25.000000,-0.420000,-4.000000,-6.000000,0.000000,0.000000,1.000000,0.000000,0.040000,0.020000
50.571999,32.000000,32.000000,-0.510000,-4.000000,-4.000000,0.000000,0.000000,1.000000,0.000000,0.050000,0.020000
50.577000,38.000000,38.000000,-0.710000,-4.000000,-4.000000,0.000000,0.000000,1.000000,0.000000,0.070000,0.040000
50.582001,53.000000,53.000000,-0.800000,-2.000000,-2.000000,0.000000,0.000000,1.000000,0.000000,0.080000,0.020000
50.587002,60.000000,60.000000,-0.920000,-2.000000,-2.000000,0.000000,0.000000,1.000000,0.000000,0.090000,0.030000
50.591999,69.000000,69.000000,-0.930000,-2.000000,-4.000000,0.000000,0.000000,1.000000,0.000000,0.090000,0.000000
50.597000,69.000000,69.000000,-0.940000,-2.000000,-4.000000,0.000000,0.000000,1.000000,0.000000,0.090000,0.000000
50.602001,70.000000,70.000000,-0.850000,0.000000,0.000000,0.000000,0.000000,1.000000,0.000000,0.080000,-0.020000
50.606998,63.000000,63.000000,-0.770000,0.000000,0.000000,0.000000,0.000000,1.000000,0.000000,0.080000,-0.020000
50.612000,57.000000,57.000000,-0.620000,0.000000,0.000000,0.000000,0.000000,1.000000,0.000000,0.060000,-0.030000
50.617001,46.000000,46.000000,-0.500000,0.000000,0.000000,0.000000,0.000000,1.000000,0.000000,0.050000,-0.020000
50.622002,37.000000,37.000000,-0.320000,2.000000,2.000000,0.000000,0.000000,1.000000,0.000000,0.030000,-0.040000
50.626999,23.000000,23.000000,-0.170000,2.000000,2.000000,0.000000,0.000000,1.000000,0.000000,0.020000,-0.030000
50.632000,12.000000,12.000000,0.070000,0.000000,2.000000,0.000000,0.000000,1.000000,0.000000,-0.010000,-0.050000
50.637001,-7.000000,-7.000000,0.280000,0.000000,2.000000,0.000000,0.000000,1.000000,0.000000,-0.030000,-0.040000
50.641998,-22.000000,-22.000000,0.460000,0.000000,2.000000,0.000000,0.000000,1.000000,0.000000,-0.050000,-0.040000
50.646999,-37.000000,-37.000000,0.590000,0.000000,2.000000,0.000000,0.000000,1.000000,0.000000,-0.060000,-0.030000
50.652000,-47.000000,-47.000000,0.750000,2.000000,2.000000,0.000000,0.000000,1.000000,0.000000,-0.080000,-0.030000
50.657001,-59.000000,-59.000000,1.020000,2.000000,2.000000,0.000000,0.000000,1.000000,0.000000,-0.100000,-0.050000
50.661999,-81.000000,-81.000000,1.130000,0.000000,-2.000000,0.000000,0.000000,1.000000,0.000000,-0.110000,-0.020000
50.667000,-88.000000,-88.000000,1.230000,0.000000,-2.000000,0.000000,0.000000,1.000000,0.000000,-0.120000,-0.020000
50.672001,-96.000000,-96.000000,1.280000,0.000000,0.000000,0.000000,0.000000,1.000000,0.000000,-0.130000,-0.010000
50.676998,-100.000000,-100.000000,1.470000,0.000000,0.000000,0.000000,0.000000,1.000000,0.000000,-0.150000,-0.040000
50.681999,-115.000000,-115.000000,1.510000,-2.000000,-2.000000,0.000000,0.000000,1.000000,0.000000,-0.150000,-0.010000
50.687000,-117.000000,-117.000000,1.550000,-2.000000,-2.000000,0.000000,0.000000,1.000000,0.000000,-0.160000,-0.010000
50.692001,-121.000000,-121.000000,1.640000,-2.000000,-2.000000,0.000000,0.000000,1.000000,0.000000,-0.160000,-0.020000
50.696999,-128.000000,-128.000000,1.830000,-2.000000,-2.000000,0.000000,0.000000,1.000000,0.000000,-0.180000,-0.040000
50.702000,-144.000000,-144.000000,1.900000,-4.000000,-4.000000,0.000000,0.000000,1.000000,0.000000,-0.190000,-0.010000
50.707001,-148.000000,-148.000000,1.900000,-4.000000,-4.000000,0.000000,0.000000,1.000000,0.000000,-0.190000,0.000000
50.712002,-147.000000,-147.000000,1.830000,-4.000000,-4.000000,0.000000,0.000000,1.000000,0.000000,-0.180000,0.010000
50.716999,-141.000000,-141.000000,1.740000,-4.000000,-4.000000,0.000000,0.000000,1.000000,0.000000,-0.170000,0.020000
50.722000,-134.000000,-134.000000,1.700000,-6.000000,-6.000000,0.000000,0.000000,1.000000,0.000000,-0.170000,0.010000
50.727001,-132.000000,-132.000000,1.540000,-6.000000,-6.000000,0.000000,0.000000,1.000000,0.000000,-0.150000,0.030000
50.731998,-118.000000,-118.000000,1.360000,-4.000000,-6.000000,0.000000,0.000000,1.000000,0.000000,-0.140000,0.030000
50.737000,-104.000000,-104.000000,1.320000,-4.000000,-6.000000,0.000000,0.000000,1.000000,0.000000,-0.130000,0.010000
50.742001,-102.000000,-102.000000,1.150000,-8.000000,-8.000000,0.000000,0.000000,1.000000,0.000000,-0.120000,0.030000
50.747002,-88.000000,-88.000000,0.970000,-8.000000,-8.000000,0.000000,0.000000,1.000000,0.000000,-0.100000,0.040000
50.751999,-74.000000,-74.000000,0.720000,-4.000000,-6.000000,0.000000,0.000000,1.000000,0.000000,-0.070000,0.050000
50.757000,-55.000000,-55.000000,0.630000,-4.000000,-6.000000,0.000000,0.000000,1.000000,0.000000,-0.060000,0.020000
50.762001,-48.000000,-48.000000,0.410000,-8.000000,-6.000000,0.000000,0.000000,1.000000,0.000000,-0.040000,0.040000
50.766998,-31.000000,-31.000000,0.240000,-8.000000,-6.000000,0.000000,0.000000,1.000000,0.000000,-0.020000,0.030000
50.771999,-19.000000,-19.000000,0.010000,-6.000000,-6.000000,0.000000,0.000000,1.000000,0.000000,0.000000,0.050000
50.777000,-1.000000,-1.000000,-0.110000,-6.000000,-6.000000,0.000000,0.000000,1.000000,0.000000,0.010000,0.020000
50.782001,8.000000,8.000000,-0.310000,-6.000000,-6.000000,0.000000,0.000000,1.000000,0.000000,0.030000,0.040000
50.786999,23.000000,23.000000,-0.450000,-6.000000,-6.000000,0.000000,0.000000,1.000000,0.000000,0.050000,0.030000
50.792000,34.000000,34.000000,-0.590000,-2.000000,-4.000000,0.000000,0.000000,1.000000,0.000000,0.060000,0.030000
50.797001,45.000000,45.000000,-0.790000,-2.000000,-4.000000,0.000000,0.000000,1.000000,0.000000,0.080000,0.040000
50.801998,59.000000,59.000000,-0.890000,-2.000000,-2.000000,0.000000,0.000000,1.000000,0.000000,0.090000,0.020000
50.806999,67.000000,67.000000,-1.020000,-2.000000,-2.000000,0.000000,0.000000,1.000000,0.000000,0.100000,0.020000
50.812000,76.000000,76.000000,-1.090000,-2.000000,-2.000000,0.000000,0.000000,1.000000,0.000000,0.110000,0.010000
50.817001,81.000000,81.000000,-1.250000,-2.000000,-2.000000,0.000000,0.000000,1.000000,0.000000,0.120000,0.030000
50.821999,92.000000,92.000000,-1.270000,0.000000,0.000000,0.000000,0.000000,1.000000,0.000000,0.130000,0.000000
50.827000,94.000000,94.000000,-1.320000,0.000000,0.000000,0.000000,0.000000,1.000000,0.000000,0.130000,0.010000
50.832001,98.000000,98.000000,-1.320000,0.000000,0.000000,0.000000,0.000000,1.000000,0.000000,0.130000,0.000000
50.837002,98.000000,98.000000,-1.550000,0.000000,0.000000,0.000000,0.000000,1.000000,0.000000,0.150000,0.050000
50.841999,113.000000,113.000000,-1.490000,2.000000,4.000000,0.000000,0.000000,1.000000,0.000000,0.150000,-0.010000
50.847000,109.000000,109.000000,-1.530000,2.000000,4.000000,0.000000,0.000000,1.000000,0.000000,0.150000,0.010000
50.852001,112.000000,112.000000,-1.460000,2.000000,2.000000,0.000000,0.000000,1.000000,0.000000,0.150000,-0.010000
50.856998,107.000000,107.000000,-1.510000,2.000000,2.000000,0.000000,0.000000,1.000000,0.000000,0.150000,0.010000
50.862000,111.000000,111.000000,-1.440000,4.000000,4.000000,0.000000,0.000000,1.000000,0.000000,0.140000,-0.010000
50.867001,106.000000,106.000000,-1.380000,4.000000,4.000000,0.000000,0.000000,1.000000,0.000000,0.140000,-0.010000
50.872002,101.000000,101.000000,-1.200000,2.000000,4.000000,0.000000,0.000000,1.000000,0.000000,0.120000,-0.030000
50.876999,89.000000,89.000000,-1.140000,2.000000,4.000000,0.000000,0.000000,1.000000,0.000000,0.110000,-0.010000
50.882000,85.000000,85.000000,-1.060000,4.000000,4.000000,0.000000,0.000000,1.000000,0.000000,0.110000,-0.020000
50.887001,79.000000,79.000000,-1.040000,4.000000,4.000000,0.000000,0.000000,1.000000,0.000000,0.100000,0.000000
50.891998,77.000000,77.000000,-0.890000,4.000000,4.000000,0.000000,0.000000,1.000000,0.000000,0.090000,-0.030000
50.896999,66.000000,66.000000,-0.750000,4.000000,4.000000,0.000000,0.000000,1.000000,0.000000,0.080000,-0.030000
50.902000,56.000000,56.000000,-0.660000,6.000000,6.000000,0.000000,0.000000,1.000000,0.000000,0.070000,-0.020000
50.907001,49.000000,49.000000,-0.630000,6.000000,6.000000,0.000000,0.000000,1.000000,0.000000,0.060000,-0.010000
50.911999,47.000000,47.000000,-0.500000,4.000000,4.000000,0.000000,0.000000,1.000000,0.000000,0.050000,-0.030000
50.917000,37.000000,37.000000,-0.460000,4.000000,4.000000,0.000000,0.000000,1.000000,0.000000,0.050000,-0.010000
50.922001,35.000000,35.000000,-0.360000,4.000000,4.000000,0.000000,0.000000,1.000000,0.000000,0.040000,-0.020000
50.926998,27.000000,27.000000,-0.350000,4.000000,4.000000,0.000000,0.000000,1.000000,0.000000,0.040000,0.000000
50.931999,27.000000,27.000000,-0.250000,4.000000,4.000000,0.000000,0.000000,1.000000,0.000000,0.030000,-0.020000
50.937000,19.000000,19.000000,-0.210000,4.000000,4.000000,0.000000,0.000000,1.000000,0.000000,0.020000,-0.010000
50.942001,16.000000,16.000000,-0.130000,4.000000,2.000000,0.000000,0.000000,1.000000,0.000000,0.010000,-0.020000
50.946999,10.000000,10.000000,-0.150000,4.000000,2.000000,0.000000,0.000000,1.000000,0.000000,0.010000,0.000000
50.952000,11.000000,11.000000,-0.120000,4.000000,2.000000,0.000000,0.000000,1.000000,0.000000,0.010000,0.000000
50.957001,9.000000,9.000000,-0.110000,4.000000,2.000000,0.000000,0.000000,1.000000,0.000000,0.010000,0.000000
50.962002,8.000000,8.000000,-0.090000,2.000000,2.000000,0.000000,0.000000,1.000000,0.000000,0.010000,0.000000
50.966999,6.000000,6.000000,-0.130000,2.000000,2.000000,0.000000,0.000000,1.000000,0.000000,0.010000,0.010000
50.972000,10.000000,10.000000,-0.160000,2.000000,2.000000,0.000000,0.000000,1.000000,0.000000,0.020000,0.010000
50.977001,12.000000,12.000000,-0.220000,2.000000,2.000000,0.000000,0.000000,1.000000,0.000000,0.020000,0.010000
50.981998,16.000000,16.000000,-0.250000,2.000000,2.000000,0.000000,0.000000,1.000000,0.000000,0.030000,0.010000
50.987000,19.000000,19.000000,-0.320000,2.000000,2.000000,0.000000,0.000000,1.000000,0.000000,0.030000,0.010000
50.992001,24.000000,24.000000,-0.390000,2.000000,0.000000,0.000000,0.000000,1.000000,0.000000,0.040000,0.010000
50.997002,29.000000,29.000000,-0.500000,2.000000,0.000000,0.000000,0.000000,1.000000,0.000000,0.050000,0.020000
51.001999,38.000000,38.000000,-0.590000,2.000000,2.000000,0.000000,0.000000,1.000000,0.000000,0.060000,0.020000
51.007000,44.000000,44.000000,-0.700000,2.000000,2.000000,0.000000,0.000000,1.000000,0.000000,0.070000,0.020000
51.012001,53.000000,53.000000,-0.740000,0.000000,2.000000,0.000000,0.000000,1.000000,0.000000,0.070000,0.010000
51.016998,56.000000,56.000000,-0.930000,0.000000,2.000000,0.000000,0.000000,1.000000,0.000000,0.090000,0.040000
51.021999,69.000000,69.000000,-1.060000,2.000000,2.000000,0.000000,0.000000,1.000000,0.000000,0.110000,0.030000
51.027000,78.000000,78.000000,-1.200000,2.000000,2.000000,0.000000,0.000000,1.000000,0.000000,0.120000,0.030000
51.032001,89.000000,89.000000,-1.190000,2.000000,2.000000,0.000000,0.000000,1.000000,0.000000,0.120000,0.000000
51.036999,88.000000,88.000000,-1.300000,2.000000,2.000000,0.000000,0.000000,1.000000,0.000000,0.130000,0.020000
51.042000,96.000000,96.000000,-1.430000,2.000000,2.000000,0.000000,0.000000,1.000000,0.000000,0.140000,0.020000
51.047001,105.000000,105.000000,-1.600000,2.000000,2.000000,0.000000,0.000000,1.000000,0.000000,0.160000,0.030000
51.051998,117.000000,117.000000,-1.550000,2.000000,2.000000,0.000000,0.000000,1.000000,0.000000,0.160000,-0.010000
51.056999,114.000000,114.000000,-1.570000,2.000000,2.000000,0.000000,0.000000,1.000000,0.000000,0.160000,0.000000
51.062000,115.000000,115.000000,-1.620000,4.000000,6.000000,0.000000,0.000000,1.000000,0.000000,0.160000,0.010000
51.067001,119.000000,119.000000,-1.800000,4.000000,6.000000,0.000000,0.000000,1.000000,0.000000,0.180000,0.040000
51.071999,131.000000,131.000000,-1.770000,4.000000,2.000000,0.000000,0.000000,1.000000,0.000000,0.180000,-0.010000
51.077000,129.000000,129.000000,-1.690000,4.000000,2.000000,0.000000,0.000000,1.000000,0.000000,0.170000,-0.010000
51.082001,124.000000,124.000000,-1.640000,6.000000,6.000000,0.000000,0.000000,1.000000,0.000000,0.160000,-0.010000
51.087002,120.000000,120.000000,-1.690000,6.000000,6.000000,0.000000,0.000000,1.000000,0.000000,0.170000,0.010000
51.091999,124.000000,124.000000,-1.650000,4.000000,4.000000,0.000000,0.000000,1.000000,0.000000,0.160000,-0.010000
51.097000,121.000000,121.000000,-1.540000,4.000000,4.000000,0.000000,0.000000,1.000000,0.000000,0.150000,-0.020000
51.102001,113.000000,113.000000,-1.460000,6.000000,6.000000,0.000000,0.000000,1.000000,0.000000,0.150000,-0.020000
51.106998,108.000000,108.000000,-1.500000,6.000000,6.000000,0.000000,0.000000,1.000000,0.000000,0.150000,0.010000
51.112000,110.000000,110.000000,-1.390000,6.000000,4.000000,0.000000,0.000000,1.000000,0.000000,0.140000,-0.020000
51.117001,102.000000,102.000000,-1.370000,6.000000,4.000000,0.000000,0.000000,1.000000,0.000000,0.140000,0.000000
51.122002,101.000000,101.000000,-1.300000,8.000000,6.000000,0.000000,0.000000,1.000000,0.000000,0.130000,-0.010000
51.126999,96.000000,96.000000,-1.320000,8.000000,6.000000,0.000000,0.000000,1.000000,0.000000,0.130000,0.000000
51.132000,98.000000,98.000000,-1.150000,4.000000,6.000000,0.000000,0.000000,1.000000,0.000000,0.120000,-0.030000
51.137001,85.000000,85.000000,-1.100000,4.000000,6.000000,0.000000,0.000000,1.000000,0.000000,0.110000,-0.010000
51.141998,81.000000,81.000000,-0.900000,8.000000,6.000000,0.000000,0.000000,1.000000,0.000000,0.090000,-0.040000
51.146999,67.000000,67.000000,-0.860000,8.000000,6.000000,0.000000,0.000000,1.000000,0.000000,0.090000,-0.010000
51.152000,64.000000,64.000000,-0.800000,4.000000,6.000000,0.000000,0.000000,1.000000,0.000000,0.080000,-0.010000
51.157001,60.000000,60.000000,-0.810000,4.000000,6.000000,0.000000,0.000000,1.000000,0.000000,0.080000,0.000000
51.161999,61.000000,61.000000,-0.730000,6.000000,6.000000,0.000000,0.000000,1.000000,0.000000,0.070000,-0.020000
51.167000,55.000000,55.000000,-0.720000,6.000000,6.000000,0.000000,0.000000,1.000000,0.000000,0.070000,0.000000
51.172001,54.000000,54.000000,-0.660000,4.000000,4.000000,0.000000,0.000000,1.000000,0.000000,0.070000,-0.010000
51.176998,49.000000,49.000000,-0.700000,4.000000,4.000000,0.000000,0.000000,1.000000,0.000000,0.070000,0.010000
51.181999,52.000000,52.000000,-0.760000,4.000000,6.000000,0.000000,0.000000,1.000000,0.000000,0.080000,0.010000
51.187000,57.000000,57.000000,-0.870000,4.000000,6.000000,0.000000,0.000000,1.000000,0.000000,0.090000,0.020000
51.192001,65.000000,65.000000,-0.850000,4.000000,4.000000,0.000000,0.000000,1.000000,0.000000,0.080000,0.000000
51.196999,63.000000,63.000000,-0.980000,4.000000,4.000000,0.000000,0.000000,1.000000,0.000000,0.100000,0.030000
51.202000,73.000000,73.000000,-1.060000,4.000000,4.000000,0.000000,0.000000,1.000000,0.000000,0.110000,0.020000
51.207001,79.000000,79.000000,-1.210000,4.000000,4.000000,0.000000,0.000000,1.000000,0.000000,0.120000,0.030000
51.212002,89.000000,89.000000,-1.200000,4.000000,4.000000,0.000000,0.000000,1.000000,0.000000,0.120000,0.000000
51.216999,89.000000,89.000000,-1.350000,4.000000,4.000000,0.000000,0.000000,1.000000,0.000000,0.130000,0.030000
51.222000,99.000000,99.000000,-1.400000,6.000000,4.000000,0.000000,0.000000,1.000000,0.000000,0.140000,0.010000
51.227001,103.000000,103.000000,-1.540000,6.000000,4.000000,0.000000,0.000000,1.000000,0.000000,0.150000,0.030000
51.231998,113.000000,113.000000,-1.520000,4.000000,4.000000,0.000000,0.000000,1.000000,0.000000,0.150000,-0.010000
51.237000,111.000000,111.000000,-1.590000,4.000000,4.000000,0.000000,0.000000,1.000000,0.000000,0.160000,0.010000
51.242001,117.000000,117.000000,-1.660000,6.000000,6.000000,0.000000,0.000000,1.000000,0.000000,0.170000,0.010000
51.247002,122.000000,122.000000,-1.810000,6.000000,6.000000,0.000000,0.000000,1.000000,0.000000,0.180000,0.030000
51.251999,132.000000,132.000000,-1.780000,6.000000,4.000000,0.000000,0.000000,1.000000,0.000000,0.180000,-0.010000
51.257000,130.000000,130.000000,-1.770000,6.000000,4.000000,0.000000,0.000000,1.000000,0.000000,0.180000,0.000000
51.262001,129.000000,129.000000,-1.840000,8.000000,6.000000,0.000000,0.000000,1.000000,0.000000,0.180000,0.010000
51.266998,134.000000,134.000000,-1.980000,8.000000,6.000000,0.000000,0.000000,1.000000,0.000000,0.200000,0.030000
51.271999,143.000000,143.000000,-1.910000,4.000000,4.000000,0.000000,0.000000,1.000000,0.000000,0.190000,-0.010000
51.277000,139.000000,139.000000,-1.790000,4.000000,4.000000,0.000000,0.000000,1.000000,0.000000,0.180000,-0.020000
51.282001,131.000000,131.000000,-1.750000,6.000000,6.000000,0.000000,0.000000,1.000000,0.000000,0.170000,-0.010000
51.286999,127.000000,127.000000,-1.730000,6.000000,6.000000,0.000000,0.000000,1.000000,0.000000,0.170000,0.000000
51.292000,127.000000,127.000000,-1.610000,6.000000,6.000000,0.000000,0.000000,1.000000,0.000000,0.160000,-0.020000
51.297001,118.000000,118.000000,-1.570000,6.000000,6.000000,0.000000,0.000000,1.000000,0.000000,0.160000,-0.010000
51.301998,115.000000,115.000000,-1.390000,8.000000,8.000000,0.000000,0.000000,1.000000,0.000000,0.140000,-0.040000
51.306999,102.000000,102.000000,-1.350000,8.000000,8.000000,0.000000,0.000000,1.000000,0.000000,0.140000,-0.010000
51.312000,100.000000,100.000000,-1.250000,8.000000,6.000000,0.000000,0.000000,1.000000,0.000000,0.130000,-0.020000
51.317001,92.000000,92.000000,-1.250000,8.000000,6.000000,0.000000,0.000000,1.000000,0.000000,0.130000,0.000000
51.321999,93.000000,93.000000,-1.180000,8.000000,8.000000,0.000000,0.000000,1.000000,0.000000,0.120000,-0.020000
51.327000,87.000000,87.000000,-1.130000,8.000000,8.000000,0.000000,0.000000,1.000000,0.000000,0.110000,-0.010000
51.332001,84.000000,84.000000,-1.000000,8.000000,6.000000,0.000000,0.000000,1.000000,0.000000,0.100000,-0.030000
51.337002,74.000000,74.000000,-0.980000,8.000000,6.000000,0.000000,0.000000,1.000000,0.000000,0.100000,0.000000
51.341999,73.000000,73.000000,-0.940000,6.000000,8.000000,0.000000,0.000000,1.000000,0.000000,0.090000,-0.010000
51.347000,70.000000,70.000000,-0.990000,6.000000,8.000000,0.000000,0.000000,1.000000,0.000000,0.100000,0.010000
51.352001,74.000000,74.000000,-0.900000,4.000000,6.000000,0.000000,0.000000,1.000000,0.000000,0.090000,-0.020000
51.356998,67.000000,67.000000,-0.880000,4.000000,6.000000,0.000000,0.000000,1.000000,0.000000,0.090000,0.000000
51.362000,66.000000,66.000000,-0.890000,6.000000,6.000000,0.000000,0.000000,1.000000,0.000000,0.090000,0.000000
51.367001,66.000000,66.000000,-0.960000,6.000000,6.000000,0.000000,0.000000,1.000000,0.000000,0.100000,0.010000
51.372002,72.000000,72.000000,-0.890000,4.000000,6.000000,0.000000,0.000000,1.000000,0.000000,0.090000,-0.010000
51.376999,66.000000,66.000000,-0.850000,4.000000,6.000000,0.000000,0.000000,1.000000,0.000000,0.080000,-0.010000
51.382000,63.000000,63.000000,-0.790000,6.000000,4.000000,0.000000,0.000000,1.000000,0.000000,0.080000,-0.010000
51.387001,59.000000,59.000000,-0.850000,6.000000,4.000000,0.000000,0.000000,1.000000,0.000000,0.090000,0.010000
51.391998,64.000000,64.000000,-0.800000,4.000000,4.000000,0.000000,0.000000,1.000000,0.000000,0.080000,-0.010000
51.396999,60.000000,60.000000,-0.890000,4.000000,4.000000,0.000000,0.000000,1.000000,0.000000,0.090000,0.020000
51.402000,66.000000,66.000000,-0.860000,4.000000,6.000000,0.000000,0.000000,1.000000,0.000000,0.090000,-0.010000
51.407001,64.000000,64.000000,-0.900000,4.000000,6.000000,0.000000,0.000000,1.000000,0.000000,0.090000,0.010000
51.411999,67.000000,67.000000,-0.810000,4.000000,4.000000,0.000000,0.000000,1.000000,0.000000,0.080000,-0.020000
51.417000,61.000000,61.000000,-0.870000,4.000000,4.000000,0.000000,0.000000,1.000000,0.000000,0.090000,0.010000
51.422001,65.000000,65.000000,-0.830000,6.000000,6.000000,0.000000,0.000000,1.000000,0.000000,0.080000,-0.010000
51.426998,62.000000,62.000000,-0.860000,6.000000,6.000000,0.000000,0.000000,1.000000,0.000000,0.090000,0.010000
51.431999,65.000000,65.000000,-0.760000,4.000000,4.000000,0.000000,0.000000,1.000000,0.000000,0.080000,-0.020000
51.437000,57.000000,57.000000,-0.790000,4.000000,4.000000,0.000000,0.000000,1.000000,0.000000,0.080000,0.010000
51.442001,59.000000,59.000000,-0.730000,4.000000,6.000000,0.000000,0.000000,1.000000,0.000000,0.070000,-0.010000
51.446999,54.000000,54.000000,-0.670000,4.000000,6.000000,0.000000,0.000000,1.000000,0.000000,0.070000,-0.010000
51.452000,50.000000,50.000000,-0.540000,4.000000,4.000000,0.000000,0.000000,1.000000,0.000000,0.050000,-0.030000
51.457001,40.000000,40.000000,-0.540000,4.000000,4.000000,0.000000,0.000000,1.000000,0.000000,0.050000,0.000000
51.462002,40.000000,40.000000,-0.410000,6.000000,4.000000,0.000000,0.000000,1.000000,0.000000,0.040000,-0.030000
51.466999,30.000000,30.000000,-0.290000,6.000000,4.000000,0.000000,0.000000,1.000000,0.000000,0.030000,-0.020000
51.472000,22.000000,22.000000,-0.160000,2.000000,4.000000,0.000000,0.000000,1.000000,0.000000,0.020000,-0.030000
51.477001,12.000000,12.000000,-0.080000,2.000000,4.000000,0.000000,0.000000,1.000000,0.000000,0.010000,-0.020000
51.481998,6.000000,6.000000,0.080000,4.000000,4.000000,0.000000,0.000000,1.000000,0.000000,-0.010000,-0.030000
51.487000,-7.000000,-7.000000,0.250000,4.000000,4.000000,0.000000,0.000000,1.000000,0.000000,-0.020000,-0.030000
51.492001,-20.000000,-20.000000,0.460000,4.000000,2.000000,0.000000,0.000000,1.000000,0.000000,-0.050000,-0.040000
51.497002,-36.000000,-36.000000,0.730000,4.000000,2.000000,0.000000,0.000000,1.000000,0.000000,-0.070000,-0.050000
51.501999,-57.000000,-57.000000,0.990000,2.000000,0.000000,0.000000,0.000000,1.000000,0.000000,-0.100000,-0.050000
51.507000,-78.000000,-78.000000,1.320000,2.000000,0.000000,0.000000,0.000000,1.000000,0.000000,-0.130000,-0.070000
51.512001,-104.000000,-104.000000,1.570000,2.000000,2.000000,0.000000,0.000000,1.000000,0.000000,-0.160000,-0.050000
51.516998,-123.000000,-123.000000,1.840000,2.000000,2.000000,0.000000,0.000000,1.000000,0.000000,-0.180000,-0.050000
51.521999,-145.000000,-145.000000,2.060000,-2.000000,-2.000000,0.000000,0.000000,1.000000,0.000000,-0.210000,-0.040000
51.527000,-162.000000,-162.000000,2.240000,-2.000000,-2.000000,0.000000,0.000000,1.000000,0.000000,-0.220000,-0.030000
51.532001,-175.000000,-175.000000,2.310000,-2.000000,0.000000,0.000000,0.000000,1.000000,0.000000,-0.230000,-0.020000
51.536999,-180.000000,-180.000000,2.560000,-2.000000,0.000000,0.000000,0.000000,1.000000,0.000000,-0.260000,-0.050000
51.542000,-201.000000,-201.000000,2.950000,-4.000000,-4.000000,0.000000,0.000000,1.000000,0.000000,-0.290000,-0.080000
51.547001,-233.000000,-233.000000,3.230000,-4.000000,-4.000000,0.000000,0.000000,1.000000,0.000000,-0.320000,-0.060000
51.551998,-254.000000,-254.000000,3.360000,-4.000000,-4.000000,0.000000,0.000000,1.000000,0.000000,-0.340000,-0.030000
51.556999,-262.000000,-262.000000,3.400000,-4.000000,-4.000000,0.000000,0.000000,1.000000,0.000000,-0.340000,-0.010000
51.562000,-264.000000,-264.000000,3.770000,-6.000000,-6.000000,0.000000,0.000000,1.000000,0.000000,-0.380000,-0.070000
51.567001,-301.000000,-301.000000,3.970000,-6.000000,-6.000000,0.000000,0.000000,1.000000,0.000000,-0.400000,-0.040000
51.571999,-316.000000,-316.000000,4.100000,-6.000000,-8.000000,0.000000,0.000000,1.000000,0.000000,-0.410000,-0.030000
51.577000,-325.000000,-325.000000,4.150000,-6.000000,-8.000000,0.000000,0.000000,1.000000,0.000000,-0.410000,-0.010000
51.582001,-328.000000,-328.000000,4.420000,-10.000000,-10.000000,0.000000,0.000000,1.000000,0.000000,-0.440000,-0.060000
51.587002,-358.000000,-358.000000,4.480000,-10.000000,-10.000000,0.000000,0.000000,1.000000,0.000000,-0.450000,-0.010000
51.591999,-357.000000,-357.000000,4.470000,-10.000000,-12.000000,0.000000,0.000000,1.000000,0.000000,-0.450000,0.000000
51.597000,-356.000000,-356.000000,4.360000,-10.000000,-12.000000,0.000000,0.000000,1.000000,0.000000,-0.440000,0.020000
51.602001,-343.000000,-343.000000,4.490000,-14.000000,-54.000000,0.000000,0.000000,1.000000,0.000000,-0.450000,-0.030000
51.606998,-360.000000,-360.000000,4.400000,-14.000000,-54.000000,0.000000,0.000000,1.000000,0.000000,-0.440000,0.020000
51.612000,-348.000000,-348.000000,4.340000,-12.000000,-14.000000,0.000000,0.000000,1.000000,0.000000,-0.430000,0.010000
51.617001,-343.000000,-343.000000,4.070000,-12.000000,-14.000000,0.000000,0.000000,1.000000,0.000000,-0.410000,0.060000
51.622002,-314.000000,-314.000000,4.010000,-16.000000,-18.000000,0.000000,0.000000,1.000000,0.000000,-0.400000,0.010000
51.626999,-314.000000,-314.000000,3.670000,-16.000000,-18.000000,0.000000,0.000000,1.000000,0.000000,-0.370000,0.070000
51.632000,-279.000000,-279.000000,3.260000,-16.000000,-16.000000,0.000000,0.000000,1.000000,0.000000,-0.330000,0.080000
51.637001,-245.000000,-245.000000,2.940000,-16.000000,-16.000000,0.000000,0.000000,1.000000,0.000000,-0.290000,0.060000
51.641998,-222.000000,-222.000000,2.880000,-18.000000,-20.000000,0.000000,0.000000,1.000000,0.000000,-0.290000,0.010000
51.646999,-222.000000,-222.000000,2.510000,-18.000000,-20.000000,0.000000,0.000000,1.000000,0.000000,-0.250000,0.070000
51.652000,-190.000000,-190.000000,2.170000,-16.000000,-18.000000,0.000000,0.000000,1.000000,0.000000,-0.220000,0.070000
51.657001,-164.000000,-164.000000,1.720000,-16.000000,-18.000000,0.000000,0.000000,1.000000,0.000000,-0.170000,0.090000
51.661999,-129.000000,-129.000000,1.460000,-16.000000,-20.000000,0.000000,0.000000,1.000000,0.000000,-0.150000,0.050000
51.667000,-111.000000,-111.000000,1.000000,-16.000000,-20.000000,0.000000,0.000000,1.000000,0.000000,-0.100000,0.090000
51.672001,-75.000000,-75.000000,0.590000,-14.000000,-16.000000,0.000000,0.000000,1.000000,0.000000,-0.060000,0.080000
51.676998,-44.000000,-44.000000,0.340000,-14.000000,-16.000000,0.000000,0.000000,1.000000,0.000000,-0.030000,0.050000
51.681999,-26.000000,-26.000000,-0.060000,-14.000000,-16.000000,0.000000,0.000000,1.000000,0.000000,0.010000,0.080000
51.687000,5.000000,5.000000,-0.490000,-14.000000,-16.000000,0.000000,0.000000,1.000000,0.000000,0.050000,0.090000
51.692001,37.000000,37.000000,-0.790000,-12.000000,-12.000000,0.000000,0.000000,1.000000,0.000000,0.080000,0.060000
51.696999,59.000000,59.000000,-1.070000,-12.000000,-12.000000,0.000000,0.000000,1.000000,0.000000,0.110000,0.060000
51.702000,80.000000,80.000000,-1.250000,-10.000000,-10.000000,0.000000,0.000000,1.000000,0.000000,0.120000,0.040000
51.707001,92.000000,92.000000,-1.420000,-10.000000,-10.000000,0.000000,0.000000,1.000000,0.000000,0.140000,0.030000
51.712002,105.000000,105.000000,-1.480000,-8.000000,-10.000000,0.000000,0.000000,1.000000,0.000000,0.150000,0.010000
51.716999,109.000000,109.000000,-1.630000,-8.000000,-10.000000,0.000000,0.000000,1.000000,0.000000,0.160000,0.030000
51.722000,119.000000,119.000000,-1.690000,-4.000000,-4.000000,0.000000,0.000000,1.000000,0.000000,0.170000,0.010000
51.727001,124.000000,124.000000,-1.750000,-4.000000,-4.000000,0.000000,0.000000,1.000000,0.000000,0.180000,0.010000
51.731998,128.000000,128.000000,-1.570000,-2.000000,-4.000000,0.000000,0.000000,1.000000,0.000000,0.160000,-0.040000
51.737000,115.000000,115.000000,-1.460000,-2.000000,-4.000000,0.000000,0.000000,1.000000,0.000000,0.150000,-0.020000
51.742001,107.000000,107.000000,-1.220000,0.000000,-2.000000,0.000000,0.000000,1.000000,0.000000,0.120000,-0.050000
51.747002,90.000000,90.000000,-0.980000,0.000000,-2.000000,0.000000,0.000000,1.000000,0.000000,0.100000,-0.050000
51.751999,72.000000,72.000000,-0.710000,0.000000,0.000000,0.000000,0.000000,1.000000,0.000000,0.070000,-0.050000
51.757000,52.000000,52.000000,-0.490000,0.000000,0.000000,0.000000,0.000000,1.000000,0.000000,0.050000,-0.040000
51.762001,37.000000,37.000000,-0.100000,2.000000,2.000000,0.000000,0.000000,1.000000,0.000000,0.010000,-0.080000
51.766998,7.000000,7.000000,0.220000,2.000000,2.000000,0.000000,0.000000,1.000000,0.000000,-0.020000,-0.070000
51.771999,-18.000000,-18.000000,0.660000,2.000000,2.000000,0.000000,0.000000,1.000000,0.000000,-0.070000,-0.090000
51.777000,-53.000000,-53.000000,1.110000,2.000000,2.000000,0.000000,0.000000,1.000000,0.000000,-0.110000,-0.090000
51.782001,-88.000000,-88.000000,1.460000,0.000000,0.000000,0.000000,0.000000,1.000000,0.000000,-0.150000,-0.070000
51.786999,-115.000000,-115.000000,1.790000,0.000000,0.000000,0.000000,0.000000,1.000000,0.000000,-0.180000,-0.060000
51.792000,-141.000000,-141.000000,2.060000,0.000000,2.000000,0.000000,0.000000,1.000000,0.000000,-0.210000,-0.060000
51.797001,-162.000000,-162.000000,2.450000,0.000000,2.000000,0.000000,0.000000,1.000000,0.000000,-0.250000,-0.080000
51.801998,-194.000000,-194.000000,2.660000,-2.000000,-2.000000,0.000000,0.000000,1.000000,0.000000,-0.270000,-0.040000
51.806999,-209.000000,-209.000000,2.850000,-2.000000,-2.000000,0.000000,0.000000,1.000000,0.000000,-0.280000,-0.040000
51.812000,-223.000000,-223.000000,3.090000,-4.000000,-2.000000,0.000000,0.000000,1.000000,0.000000,-0.310000,-0.050000
51.817001,-243.000000,-243.000000,3.440000,-4.000000,-2.000000,0.000000,0.000000,1.000000,0.000000,-0.340000,-0.070000
51.821999,-273.000000,-273.000000,3.910000,-6.000000,-6.000000,0.000000,0.000000,1.000000,0.000000,-0.390000,-0.090000
51.827000,-316.000000,-316.000000,4.180000,-6.000000,-6.000000,0.000000,0.000000,1.000000,0.000000,-0.420000,-0.050000
51.832001,-335.000000,-335.000000,4.410000,-6.000000,-6.000000,0.000000,0.000000,1.000000,0.000000,-0.440000,-0.050000
51.837002,-356.000000,-356.000000,4.330000,-6.000000,-6.000000,0.000000,0.000000,1.000000,0.000000,-0.430000,0.020000
51.841999,-341.000000,-341.000000,4.500000,-10.000000,-10.000000,0.000000,0.000000,1.000000,0.000000,-0.450000,-0.030000
51.847000,-362.000000,-362.000000,4.470000,-10.000000,-10.000000,0.000000,0.000000,1.000000,0.000000,-0.450000,0.010000
51.852001,-355.000000,-355.000000,4.460000,-8.000000,-8.000000,0.000000,0.000000,1.000000,0.000000,-0.450000,0.000000
51.856998,-354.000000,-354.000000,4.260000,-8.000000,-8.000000,0.000000,0.000000,1.000000,0.000000,-0.430000,0.040000
51.862000,-333.000000,-333.000000,4.250000,-14.000000,-12.000000,0.000000,0.000000,1.000000,0.000000,-0.430000,0.000000
51.867001,-336.000000,-336.000000,4.060000,-14.000000,-12.000000,0.000000,0.000000,1.000000,0.000000,-0.410000,0.040000
51.872002,-315.000000,-315.000000,3.860000,-14.000000,-12.000000,0.000000,0.000000,1.000000,0.000000,-0.390000,0.040000
51.876999,-298.000000,-298.000000,3.510000,-14.000000,-12.000000,0.000000,0.000000,1.000000,0.000000,-0.350000,0.070000
51.882000,-265.000000,-265.000000,3.330000,-16.000000,-18.000000,0.000000,0.000000,1.000000,0.000000,-0.330000,0.040000
51.887001,-254.000000,-254.000000,2.860000,-16.000000,-18.000000,0.000000,0.000000,1.000000,0.000000,-0.290000,0.090000
51.891998,-214.000000,-214.000000,2.440000,-14.000000,-16.000000,0.000000,0.000000,1.000000,0.000000,-0.240000,0.080000
51.896999,-184.000000,-184.000000,2.030000,-14.000000,-16.000000,0.000000,0.000000,1.000000,0.000000,-0.200000,0.080000
51.902000,-153.000000,-153.000000,1.700000,-18.000000,-18.000000,0.000000,0.000000,1.000000,0.000000,-0.170000,0.070000
51.907001,-129.000000,-129.000000,1.190000,-18.000000,-18.000000,0.000000,0.000000,1.000000,0.000000,-0.120000,0.100000
51.911999,-88.000000,-88.000000,0.730000,-16.000000,-16.000000,0.000000,0.000000,1.000000,0.000000,-0.070000,0.090000
51.917000,-54.000000,-54.000000,0.330000,-16.000000,-16.000000,0.000000,0.000000,1.000000,0.000000,-0.030000,0.080000
51.922001,-24.000000,-24.000000,-0.150000,-14.000000,-14.000000,0.000000,0.000000,1.000000,0.000000,0.020000,0.100000
51.926998,12.000000,12.000000,-0.630000,-14.000000,-14.000000,0.000000,0.000000,1.000000,0.000000,0.060000,0.100000
51.931999,48.000000,48.000000,-1.100000,-12.000000,-12.000000,0.000000,0.000000,1.000000,0.000000,0.110000,0.090000
51.937000,81.000000,81.000000,-1.590000,-12.000000,-12.000000,0.000000,0.000000,1.000000,0.000000,0.160000,0.100000
51.942001,116.000000,116.000000,-2.160000,-8.000000,-10.000000,0.000000,0.000000,1.000000,0.000000,0.220000,0.110000
51.946999,155.000000,155.000000,-2.600000,-8.000000,-10.000000,0.000000,0.000000,1.000000,0.000000,0.260000,0.090000
51.952000,185.000000,185.000000,-2.830000,-8.000000,-6.000000,0.000000,0.000000,1.000000,0.000000,0.280000,0.050000
51.957001,200.000000,200.000000,-3.130000,-8.000000,-6.000000,0.000000,0.000000,1.000000,0.000000,0.310000,0.060000
51.962002,219.000000,219.000000,-3.380000,-2.000000,-2.000000,0.000000,0.000000,1.000000,0.000000,0.340000,0.050000
51.966999,235.000000,235.000000,-3.500000,-2.000000,-2.000000,0.000000,0.000000,1.000000,0.000000,0.350000,0.020000
51.972000,242.000000,242.000000,-3.400000,-2.000000,-4.000000,0.000000,0.000000,1.000000,0.000000,0.340000,-0.020000
51.977001,235.000000,235.000000,-3.400000,-2.000000,-4.000000,0.000000,0.000000,1.000000,0.000000,0.340000,0.000000
51.981998,236.000000,236.000000,-3.430000,2.000000,2.000000,0.000000,0.000000,1.000000,0.000000,0.340000,0.010000
51.987000,238.000000,238.000000,-3.300000,2.000000,2.000000,0.000000,0.000000,1.000000,0.000000,0.330000,-0.030000
51.992001,229.000000,229.000000,-3.090000,2.000000,2.000000,0.000000,0.000000,1.000000,0.000000,0.310000,-0.040000
51.997002,216.000000,216.000000,-2.730000,2.000000,2.000000,0.000000,0.000000,1.000000,0.000000,0.270000,-0.070000
52.001999,192.000000,192.000000,-2.570000,8.000000,6.000000,0.000000,0.000000,1.000000,0.000000,0.260000,-0.030000
52.007000,182.000000,182.000000,-2.300000,8.000000,6.000000,0.000000,0.000000,1.000000,0.000000,0.230000,-0.050000
52.012001,164.000000,164.000000,-1.990000,6.000000,6.000000,0.000000,0.000000,1.000000,0.000000,0.200000,-0.060000
52.016998,144.000000,144.000000,-1.520000,6.000000,6.000000,0.000000,0.000000,1.000000,0.000000,0.150000,-0.090000
52.021999,111.000000,111.000000,-1.150000,10.000000,8.000000,0.000000,0.000000,1.000000,0.000000,0.120000,-0.070000
52.027000,85.000000,85.000000,-0.720000,10.000000,8.000000,0.000000,0.000000,1.000000,0.000000,0.070000,-0.090000
52.032001,53.000000,53.000000,-0.480000,8.000000,6.000000,0.000000,0.000000,1.000000,0.000000,0.050000,-0.050000
52.036999,35.000000,35.000000,-0.100000,8.000000,6.000000,0.000000,0.000000,1.000000,0.000000,0.010000,-0.080000
52.042000,6.000000,6.000000,0.390000,8.000000,6.000000,0.000000,0.000000,1.000000,0.000000,-0.040000,-0.100000
52.047001,-32.000000,-32.000000,0.830000,8.000000,6.000000,0.000000,0.000000,1.000000,0.000000,-0.080000,-0.090000
52.051998,-66.000000,-66.000000,1.220000,6.000000,6.000000,0.000000,0.000000,1.000000,0.000000,-0.120000,-0.080000
52.056999,-97.000000,-97.000000,1.670000,6.000000,6.000000,0.000000,0.000000,1.000000,0.000000,-0.170000,-0.090000
52.062000,-132.000000,-132.000000,1.910000,4.000000,4.000000,0.000000,0.000000,1.000000,0.000000,-0.190000,-0.050000
52.067001,-150.000000,-150.000000,2.170000,4.000000,4.000000,0.000000,0.000000,1.000000,0.000000,-0.220000,-0.050000
52.071999,-170.000000,-170.000000,2.380000,2.000000,2.000000,0.000000,0.000000,1.000000,0.000000,-0.240000,-0.040000
52.077000,-187.000000,-187.000000,2.690000,2.000000,2.000000,0.000000,0.000000,1.000000,0.000000,-0.270000,-0.060000
52.082001,-212.000000,-212.000000,2.830000,-2.000000,0.000000,0.000000,0.000000,1.000000,0.000000,-0.280000,-0.030000
52.087002,-221.000000,-221.000000,2.890000,-2.000000,0.000000,0.000000,0.000000,1.000000,0.000000,-0.290000,-0.010000
52.091999,-225.000000,-225.000000,2.950000,0.000000,0.000000,0.000000,0.000000,1.000000,0.000000,-0.300000,-0.010000
52.097000,-229.000000,-229.000000,3.010000,0.000000,0.000000,0.000000,0.000000,1.000000,0.000000,-0.300000,-0.010000
52.102001,-234.000000,-234.000000,3.170000,-6.000000,-6.000000,0.000000,0.000000,1.000000,0.000000,-0.320000,-0.030000
52.106998,-248.000000,-248.000000,3.140000,-6.000000,-6.000000,0.000000,0.000000,1.000000,0.000000,-0.310000,0.010000
52.112000,-242.000000,-242.000000,3.140000,-6.000000,-4.000000,0.000000,0.000000,1.000000,0.000000,-0.310000,0.000000
52.117001,-243.000000,-243.000000,3.050000,-6.000000,-4.000000,0.000000,0.000000,1.000000,0.000000,-0.310000,0.020000
52.122002,-235.000000,-235.000000,3.150000,-8.000000,-8.000000,0.000000,0.000000,1.000000,0.000000,-0.320000,-0.020000
52.126999,-245.000000,-245.000000,2.960000,-8.000000,-8.000000,0.000000,0.000000,1.000000,0.000000,-0.300000,0.040000
52.132000,-226.000000,-226.000000,2.660000,-8.000000,-6.000000,0.000000,0.000000,1.000000,0.000000,-0.270000,0.060000
52.137001,-201.000000,-201.000000,2.400000,-8.000000,-6.000000,0.000000,0.000000,1.000000,0.000000,-0.240000,0.050000
52.141998,-183.000000,-183.000000,2.090000,-10.000000,-10.000000,0.000000,0.000000,1.000000,0.000000,-0.210000,0.060000
52.146999,-158.000000,-158.000000,1.660000,-10.000000,-10.000000,0.000000,0.000000,1.000000,0.000000,-0.170000,0.090000
52.152000,-125.000000,-125.000000,1.310000,-10.000000,-10.000000,0.000000,0.000000,1.000000,0.000000,-0.130000,0.070000
52.157001,-99.000000,-99.000000,0.980000,-10.000000,-10.000000,0.000000,0.000000,1.000000,0.000000,-0.100000,0.060000
52.161999,-74.000000,-74.000000,0.580000,-10.000000,-12.000000,0.000000,0.000000,1.000000,0.000000,-0.060000,0.080000
52.167000,-43.000000,-43.000000,0.140000,-10.000000,-12.000000,0.000000,0.000000,1.000000,0.000000,-0.010000,0.090000
52.172001,-10.000000,-10.000000,-0.330000,-8.000000,-8.000000,0.000000,0.000000,1.000000,0.000000,0.030000,0.090000
52.176998,25.000000,25.000000,-0.730000,-8.000000,-8.000000,0.000000,0.000000,1.000000,0.000000,0.070000,0.080000
52.181999,55.000000,55.000000,-1.180000,-6.000000,-8.000000,0.000000,0.000000,1.000000,0.000000,0.120000,0.090000
52.187000,87.000000,87.000000,-1.590000,-6.000000,-8.000000,0.000000,0.000000,1.000000,0.000000,0.160000,0.080000
52.192001,116.000000,116.000000,-2.010000,-6.000000,-8.000000,0.000000,0.000000,1.000000,0.000000,0.200000,0.080000
52.196999,145.000000,145.000000,-2.530000,-6.000000,-8.000000,0.000000,0.000000,1.000000,0.000000,0.250000,0.100000
52.202000,180.000000,180.000000,-3.030000,-4.000000,-2.000000,0.000000,0.000000,1.000000,0.000000,0.300000,0.100000
52.207001,213.000000,213.000000,-3.420000,-4.000000,-2.000000,0.000000,0.000000,1.000000,0.000000,0.340000,0.080000
52.212002,237.000000,237.000000,-3.600000,-2.000000,-2.000000,0.000000,0.000000,1.000000,0.000000,0.360000,0.040000
52.216999,248.000000,248.000000,-3.810000,-2.000000,-2.000000,0.000000,0.000000,1.000000,0.000000,0.380000,0.040000
52.222000,259.000000,259.000000,-4.080000,2.000000,4.000000,0.000000,0.000000,1.000000,0.000000,0.410000,0.050000
52.227001,272.000000,272.000000,-4.130000,2.000000,4.000000,0.000000,0.000000,1.000000,0.000000,0.410000,0.010000
52.231998,274.000000,274.000000,-4.080000,4.000000,4.000000,0.000000,0.000000,1.000000,0.000000,0.410000,-0.010000
52.237000,272.000000,272.000000,-4.060000,4.000000,4.000000,0.000000,0.000000,1.000000,0.000000,0.410000,-0.010000
52.242001,271.000000,271.000000,-4.340000,6.000000,8.000000,0.000000,0.000000,1.000000,0.000000,0.430000,0.060000
52.247002,285.000000,285.000000,-4.450000,6.000000,8.000000,0.000000,0.000000,1.000000,0.000000,0.440000,0.020000
52.251999,289.000000,289.000000,-4.270000,6.000000,6.000000,0.000000,0.000000,1.000000,0.000000,0.430000,-0.040000
52.257000,280.000000,280.000000,-4.000000,6.000000,6.000000,0.000000,0.000000,1.000000,0.000000,0.400000,-0.050000
52.262001,267.000000,267.000000,-3.990000,10.000000,10.000000,0.000000,0.000000,1.000000,0.000000,0.400000,0.000000
52.266998,268.000000,268.000000,-3.910000,10.000000,10.000000,0.000000,0.000000,1.000000,0.000000,0.390000,-0.020000
52.271999,263.000000,263.000000,-3.840000,10.000000,8.000000,0.000000,0.000000,1.000000,0.000000,0.380000,-0.010000
52.277000,260.000000,260.000000,-3.470000,10.000000,8.000000,0.000000,0.000000,1.000000,0.000000,0.350000,-0.070000
52.282001,239.000000,239.000000,-3.390000,12.000000,12.000000,0.000000,0.000000,1.000000,0.000000,0.340000,-0.020000
52.286999,235.000000,235.000000,-3.110000,12.000000,12.000000,0.000000,0.000000,1.000000,0.000000,0.310000,-0.060000
52.292000,217.000000,217.000000,-2.810000,12.000000,12.000000,0.000000,0.000000,1.000000,0.000000,0.280000,-0.060000
52.297001,198.000000,198.000000,-2.420000,12.000000,12.000000,0.000000,0.000000,1.000000,0.000000,0.240000,-0.080000
52.301998,172.000000,172.000000,-2.220000,14.000000,14.000000,0.000000,0.000000,1.000000,0.000000,0.220000,-0.040000
52.306999,159.000000,159.000000,-1.890000,14.000000,14.000000,0.000000,0.000000,1.000000,0.000000,0.190000,-0.070000
52.312000,136.000000,136.000000,-1.530000,12.000000,14.000000,0.000000,0.000000,1.000000,0.000000,0.150000,-0.070000
52.317001,111.000000,111.000000,-1.090000,12.000000,14.000000,0.000000,0.000000,1.000000,0.000000,0.110000,-0.090000
52.321999,80.000000,80.000000,-0.700000,14.000000,12.000000,0.000000,0.000000,1.000000,0.000000,0.070000,-0.080000
52.327000,52.000000,52.000000,-0.300000,14.000000,12.000000,0.000000,0.000000,1.000000,0.000000,0.030000,-0.080000
52.332001,22.000000,22.000000,0.030000,10.000000,10.000000,0.000000,0.000000,1.000000,0.000000,0.000000,-0.070000
52.337002,-4.000000,-4.000000,0.220000,10.000000,10.000000,0.000000,0.000000,1.000000,0.000000,-0.020000,-0.040000
52.341999,-18.000000,-18.000000,0.470000,10.000000,10.000000,0.000000,0.000000,1.000000,0.000000,-0.050000,-0.050000
52.347000,-37.000000,-37.000000,0.630000,10.000000,10.000000,0.000000,0.000000,1.000000,0.000000,-0.060000,-0.030000
52.352001,-49.000000,-49.000000,0.830000,8.000000,8.000000,0.000000,0.000000,1.000000,0.000000,-0.080000,-0.040000
52.356998,-66.000000,-66.000000,1.060000,8.000000,8.000000,0.000000,0.000000,1.000000,0.000000,-0.110000,-0.040000
52.362000,-83.000000,-83.000000,1.110000,6.000000,6.000000,0.000000,0.000000,1.000000,0.000000,-0.110000,-0.010000
52.367001,-86.000000,-86.000000,1.170000,6.000000,6.000000,0.000000,0.000000,1.000000,0.000000,-0.120000,-0.010000
52.372002,-91.000000,-91.000000,1.140000,4.000000,4.000000,0.000000,0.000000,1.000000,0.000000,-0.110000,0.010000
52.376999,-88.000000,-88.000000,1.200000,4.000000,4.000000,0.000000,0.000000,1.000000,0.000000,-0.120000,-0.010000
52.382000,-94.000000,-94.000000,1.080000,2.000000,0.000000,0.000000,0.000000,1.000000,0.000000,-0.110000,0.020000
52.387001,-83.000000,-83.000000,0.950000,2.000000,0.000000,0.000000,0.000000,1.000000,0.000000,-0.090000,0.030000
52.391998,-73.000000,-73.000000,0.770000,0.000000,0.000000,0.000000,0.000000,1.000000,0.000000,-0.080000,0.040000
52.396999,-59.000000,-59.000000,0.610000,0.000000,0.000000,0.000000,0.000000,1.000000,0.000000,-0.060000,0.030000
52.402000,-47.000000,-47.000000,0.230000,0.000000,0.000000,0.000000,0.000000,1.000000,0.000000,-0.020000,0.070000
52.407001,-17.000000,-17.000000,-0.110000,0.000000,0.000000,0.000000,0.000000,1.000000,0.000000,0.010000,0.070000
52.411999,8.000000,8.000000,-0.450000,-2.000000,0.000000,0.000000,0.000000,1.000000,0.000000,0.050000,0.070000
52.417000,34.000000,34.000000,-0.780000,-2.000000,0.000000,0.000000,0.000000,1.000000,0.000000,0.080000,0.070000
52.422001,59.000000,59.000000,-1.120000,0.000000,0.000000,0.000000,0.000000,1.000000,0.000000,0.110000,0.070000
52.426998,83.000000,83.000000,-1.450000,0.000000,0.000000,0.000000,0.000000,1.000000,0.000000,0.140000,0.060000
52.431999,106.000000,106.000000,-1.730000,0.000000,0.000000,0.000000,0.000000,1.000000,0.000000,0.170000,0.060000
52.437000,126.000000,126.000000,-2.160000,0.000000,0.000000,0.000000,0.000000,1.000000,0.000000,0.220000,0.090000
52.442001,155.000000,155.000000,-2.490000,2.000000,2.000000,0.000000,0.000000,1.000000,0.000000,0.250000,0.070000
52.446999,178.000000,178.000000,-2.850000,2.000000,2.000000,0.000000,0.000000,1.000000,0.000000,0.280000,0.070000
52.452000,201.000000,201.000000,-2.990000,2.000000,2.000000,0.000000,0.000000,1.000000,0.000000,0.300000,0.030000
52.457001,211.000000,211.000000,-3.230000,2.000000,2.000000,0.000000,0.000000,1.000000,0.000000,0.320000,0.050000
52.462002,226.000000,226.000000,-3.650000,6.000000,6.000000,0.000000,0.000000,1.000000,0.000000,0.360000,0.080000
52.466999,250.000000,250.000000,-4.030000,6.000000,6.000000,0.000000,0.000000,1.000000,0.000000,0.400000,0.080000
52.472000,270.000000,270.000000,-4.160000,4.000000,6.000000,0.000000,0.000000,1.000000,0.000000,0.420000,0.030000
52.477001,276.000000,276.000000,-4.130000,4.000000,6.000000,0.000000,0.000000,1.000000,0.000000,0.410000,-0.010000
52.481998,274.000000,274.000000,-4.430000,8.000000,8.000000,0.000000,0.000000,1.000000,0.000000,0.440000,0.060000
52.487000,289.000000,289.000000,-4.590000,8.000000,8.000000,0.000000,0.000000,1.000000,0.000000,0.460000,0.030000
52.492001,295.000000,295.000000,-4.720000,8.000000,8.000000,0.000000,0.000000,1.000000,0.000000,0.470000,0.030000
52.497002,301.000000,301.000000,-4.530000,8.000000,8.000000,0.000000,0.000000,1.000000,0.000000,0.450000,-0.040000
52.501999,292.000000,292.000000,-4.680000,12.000000,12.000000,0.000000,0.000000,1.000000,0.000000,0.470000,0.030000
52.507000,299.000000,299.000000,-4.640000,12.000000,12.000000,0.000000,0.000000,1.000000,0.000000,0.460000,-0.010000
52.512001,297.000000,297.000000,-4.590000,10.000000,10.000000,0.000000,0.000000,1.000000,0.000000,0.460000,-0.010000
52.516998,295.000000,295.000000,-4.360000,10.000000,10.000000,0.000000,0.000000,1.000000,0.000000,0.440000,-0.050000
52.521999,284.000000,284.000000,-4.360000,14.000000,14.000000,0.000000,0.000000,1.000000,0.000000,0.440000,0.000000
52.527000,285.000000,285.000000,-4.200000,14.000000,14.000000,0.000000,0.000000,1.000000,0.000000,0.420000,-0.030000
52.532001,277.000000,277.000000,-4.010000,12.000000,14.000000,0.000000,0.000000,1.000000,0.000000,0.400000,-0.040000
52.536999,268.000000,268.000000,-3.690000,12.000000,14.000000,0.000000,0.000000,1.000000,0.000000,0.370000,-0.060000
52.542000,251.000000,251.000000,-3.580000,16.000000,16.000000,0.000000,0.000000,1.000000,0.000000,0.360000,-0.020000
52.547001,246.000000,246.000000,-3.270000,16.000000,16.000000,0.000000,0.000000,1.000000,0.000000,0.330000,-0.060000
52.551998,226.000000,226.000000,-3.140000,14.000000,16.000000,0.000000,0.000000,1.000000,0.000000,0.310000,-0.030000
52.556999,219.000000,219.000000,-2.880000,14.000000,16.000000,0.000000,0.000000,1.000000,0.000000,0.290000,-0.050000
52.562000,202.000000,202.000000,-2.760000,16.000000,16.000000,0.000000,0.000000,1.000000,0.000000,0.280000,-0.020000
52.567001,195.000000,195.000000,-2.400000,16.000000,16.000000,0.000000,0.000000,1.000000,0.000000,0.240000,-0.070000
52.571999,171.000000,171.000000,-2.090000,14.000000,14.000000,0.000000,0.000000,1.000000,0.000000,0.210000,-0.060000
52.577000,150.000000,150.000000,-1.730000,14.000000,14.000000,0.000000,0.000000,1.000000,0.000000,0.170000,-0.070000
52.582001,125.000000,125.000000,-1.430000,16.000000,16.000000,0.000000,0.000000,1.000000,0.000000,0.140000,-0.060000
52.587002,104.000000,104.000000,-1.080000,16.000000,16.000000,0.000000,0.000000,1.000000,0.000000,0.110000,-0.070000
52.591999,79.000000,79.000000,-0.790000,12.000000,14.000000,0.000000,0.000000,1.000000,0.000000,0.080000,-0.060000
52.597000,58.000000,58.000000,-0.480000,12.000000,14.000000,0.000000,0.000000,1.000000,0.000000,0.050000,-0.060000
52.602001,35.000000,35.000000,-0.150000,12.000000,12.000000,0.000000,0.000000,1.000000,0.000000,0.010000,-0.070000
52.606998,10.000000,10.000000,0.130000,12.000000,12.000000,0.000000,0.000000,1.000000,0.000000,-0.010000,-0.060000
52.612000,-12.000000,-12.000000,0.360000,10.000000,12.000000,0.000000,0.000000,1.000000,0.000000,-0.040000,-0.040000
52.617001,-29.000000,-29.000000,0.540000,10.000000,12.000000,0.000000,0.000000,1.000000,0.000000,-0.050000,-0.040000
52.622002,-43.000000,-43.000000,0.680000,8.000000,8.000000,0.000000,0.000000,1.000000,0.000000,-0.070000,-0.030000
52.626999,-53.000000,-53.000000,0.750000,8.000000,8.000000,0.000000,0.000000,1.000000,0.000000,-0.070000,-0.010000
52.632000,-59.000000,-59.000000,0.770000,8.000000,6.000000,0.000000,0.000000,1.000000,0.000000,-0.080000,0.000000
52.637001,-60.000000,-60.000000,0.800000,8.000000,6.000000,0.000000,0.000000,1.000000,0.000000,-0.080000,-0.010000
52.641998,-63.000000,-63.000000,0.690000,4.000000,4.000000,0.000000,0.000000,1.000000,0.000000,-0.070000,0.020000
52.646999,-53.000000,-53.000000,0.560000,4.000000,4.000000,0.000000,0.000000,1.000000,0.000000,-0.060000,0.030000
52.652000,-43.000000,-43.000000,0.350000,2.000000,2.000000,0.000000,0.000000,1.000000,0.000000,-0.040000,0.040000
52.657001,-27.000000,-27.000000,0.220000,2.000000,2.000000,0.000000,0.000000,1.000000,0.000000,-0.020000,0.030000
52.661999,-17.000000,-17.000000,-0.050000,2.000000,2.000000,0.000000,0.000000,1.000000,0.000000,0.000000,0.050000
52.667000,4.000000,4.000000,-0.330000,2.000000,2.000000,0.000000,0.000000,1.000000,0.000000,0.030000,0.060000
52.672001,25.000000,25.000000,-0.690000,2.000000,2.000000,0.000000,0.000000,1.000000,0.000000,0.070000,0.070000
52.676998,52.000000,52.000000,-1.090000,2.000000,2.000000,0.000000,0.000000,1.000000,0.000000,0.110000,0.080000
52.681999,81.000000,81.000000,-1.450000,2.000000,0.000000,0.000000,0.000000,1.000000,0.000000,0.140000,0.070000
52.687000,106.000000,106.000000,-1.780000,2.000000,0.000000,0.000000,0.000000,1.000000,0.000000,0.180000,0.070000
52.692001,129.000000,129.000000,-2.040000,0.000000,0.000000,0.000000,0.000000,1.000000,0.000000,0.200000,0.050000
52.696999,147.000000,147.000000,-2.410000,0.000000,0.000000,0.000000,0.000000,1.000000,0.000000,0.240000,0.070000
52.702000,172.000000,172.000000,-2.930000,2.000000,2.000000,0.000000,0.000000,1.000000,0.000000,0.290000,0.100000
52.707001,206.000000,206.000000,-3.330000,2.000000,2.000000,0.000000,0.000000,1.000000,0.000000,0.330000,0.080000
52.712002,232.000000,232.000000,-3.400000,2.000000,4.000000,0.000000,0.000000,1.000000,0.000000,0.340000,0.010000
52.716999,236.000000,236.000000,-3.660000,2.000000,4.000000,0.000000,0.000000,1.000000,0.000000,0.370000,0.050000
52.722000,251.000000,251.000000,-4.150000,6.000000,8.000000,0.000000,0.000000,1.000000,0.000000,0.420000,0.100000
52.727001,276.000000,276.000000,-4.620000,6.000000,8.000000,0.000000,0.000000,1.000000,0.000000,0.460000,0.090000
52.731998,298.000000,298.000000,-4.610000,6.000000,6.000000,0.000000,0.000000,1.000000,0.000000,0.460000,0.000000
52.737000,296.000000,296.000000,-4.560000,6.000000,6.000000,0.000000,0.000000,1.000000,0.000000,0.460000,-0.010000
52.742001,294.000000,294.000000,-4.800000,10.000000,12.000000,0.000000,0.000000,1.000000,0.000000,0.480000,0.050000
52.747002,305.000000,305.000000,-4.790000,10.000000,12.000000,0.000000,0.000000,1.000000,0.000000,0.480000,0.000000
52.751999,303.000000,303.000000,-4.850000,10.000000,10.000000,0.000000,0.000000,1.000000,0.000000,0.480000,0.010000
52.757000,306.000000,306.000000,-4.620000,10.000000,10.000000,0.000000,0.000000,1.000000,0.000000,0.460000,-0.050000
52.762001,295.000000,295.000000,-4.720000,14.000000,12.000000,0.000000,0.000000,1.000000,0.000000,0.470000,0.020000
52.766998,301.000000,301.000000,-4.460000,14.000000,12.000000,0.000000,0.000000,1.000000,0.000000,0.450000,-0.050000
52.771999,288.000000,288.000000,-4.210000,12.000000,12.000000,0.000000,0.000000,1.000000,0.000000,0.420000,-0.050000
52.777000,277.000000,277.000000,-3.850000,12.000000,12.000000,0.000000,0.000000,1.000000,0.000000,0.380000,-0.070000
52.782001,259.000000,259.000000,-3.820000,16.000000,16.000000,0.000000,0.000000,1.000000,0.000000,0.380000,-0.010000
52.786999,259.000000,259.000000,-3.460000,16.000000,16.000000,0.000000,0.000000,1.000000,0.000000,0.350000,-0.070000
52.792000,238.000000,238.000000,-3.030000,14.000000,14.000000,0.000000,0.000000,1.000000,0.000000,0.300000,-0.090000
52.797001,211.000000,211.000000,-2.550000,14.000000,14.000000,0.000000,0.000000,1.000000,0.000000,0.250000,-0.100000
52.801998,180.000000,180.000000,-2.200000,16.000000,16.000000,0.000000,0.000000,1.000000,0.000000,0.220000,-0.070000
52.806999,157.000000,157.000000,-1.640000,16.000000,16.000000,0.000000,0.000000,1.000000,0.000000,0.160000,-0.110000
52.812000,118.000000,118.000000,-1.090000,14.000000,14.000000,0.000000,0.000000,1.000000,0.000000,0.110000,-0.110000
52.817001,79.000000,79.000000,-0.640000,14.000000,14.000000,0.000000,0.000000,1.000000,0.000000,0.060000,-0.090000
52.821999,47.000000,47.000000,-0.090000,14.000000,14.000000,0.000000,0.000000,1.000000,0.000000,0.010000,-0.110000
52.827000,5.000000,5.000000,0.620000,14.000000,14.000000,0.000000,0.000000,1.000000,0.000000,-0.060000,-0.140000
52.832001,-50.000000,-50.000000,1.310000,12.000000,12.000000,0.000000,0.000000,1.000000,0.000000,-0.130000,-0.140000
52.837002,-105.000000,-105.000000,2.100000,12.000000,12.000000,0.000000,0.000000,1.000000,0.000000,-0.210000,-0.160000
52.841999,-170.000000,-170.000000,2.810000,10.000000,10.000000,0.000000,0.000000,1.000000,0.000000,-0.280000,-0.140000
52.847000,-226.000000,-226.000000,3.540000,10.000000,10.000000,0.000000,0.000000,1.000000,0.000000,-0.350000,-0.150000
52.852001,-288.000000,-288.000000,4.160000,8.000000,8.000000,0.000000,0.000000,1.000000,0.000000,-0.420000,-0.120000
52.856998,-341.000000,-341.000000,4.840000,8.000000,8.000000,0.000000,0.000000,1.000000,0.000000,-0.480000,-0.140000
52.862000,-405.000000,-405.000000,5.600000,4.000000,2.000000,0.000000,0.000000,1.000000,0.000000,-0.560000,-0.150000
52.867001,-480.000000,-480.000000,6.150000,4.000000,2.000000,0.000000,0.000000,1.000000,0.000000,-0.620000,-0.110000
52.872002,-528.000000,-528.000000,6.610000,2.000000,0.000000,0.000000,0.000000,1.000000,0.000000,-0.660000,-0.090000
52.876999,-571.000000,-571.000000,6.870000,2.000000,0.000000,0.000000,0.000000,1.000000,0.000000,-0.690000,-0.050000
52.882000,-591.000000,-591.000000,7.410000,-6.000000,-6.000000,0.000000,0.000000,1.000000,0.000000,-0.740000,-0.110000
52.887001,-656.000000,-656.000000,7.950000,-6.000000,-6.000000,0.000000,0.000000,1.000000,0.000000,-0.800000,-0.110000
52.891998,-715.000000,-715.000000,8.240000,-8.000000,-8.000000,0.000000,0.000000,1.000000,0.000000,-0.820000,-0.060000
52.896999,-737.000000,-737.000000,8.190000,-8.000000,-8.000000,0.000000,0.000000,1.000000,0.000000,-0.820000,0.010000
52.902000,-719.000000,-719.000000,8.250000,-12.000000,-12.000000,0.000000,0.000000,1.000000,0.000000,-0.820000,-0.010000
52.907001,-729.000000,-729.000000,8.340000,-12.000000,-12.000000,0.000000,0.000000,1.000000,0.000000,-0.830000,-0.020000
52.911999,-739.000000,-739.000000,8.430000,-20.000000,-20.000000,0.000000,0.000000,1.000000,0.000000,-0.840000,-0.020000
52.917000,-749.000000,-749.000000,8.270000,-20.000000,-20.000000,0.000000,0.000000,1.000000,0.000000,-0.830000,0.030000
52.922001,-724.000000,-724.000000,8.060000,-22.000000,-24.000000,0.000000,0.000000,1.000000,0.000000,-0.810000,0.040000
52.926998,-699.000000,-699.000000,7.670000,-22.000000,-24.000000,0.000000,0.000000,1.000000,0.000000,-0.770000,0.080000
52.931999,-653.000000,-653.000000,7.290000,-28.000000,-30.000000,0.000000,0.000000,1.000000,0.000000,-0.730000,0.080000
52.937000,-613.000000,-613.000000,6.670000,-28.000000,-30.000000,0.000000,0.000000,1.000000,0.000000,-0.670000,0.120000
52.942001,-545.000000,-545.000000,6.130000,-30.000000,-32.000000,0.000000,0.000000,1.000000,0.000000,-0.610000,0.110000
52.946999,-496.000000,-496.000000,5.520000,-30.000000,-32.000000,0.000000,0.000000,1.000000,0.000000,-0.550000,0.120000
52.952000,-436.000000,-436.000000,4.760000,-32.000000,-72.000000,0.000000,0.000000,1.000000,0.000000,-0.480000,0.150000
52.957001,-365.000000,-365.000000,3.860000,-32.000000,-72.000000,0.000000,0.000000,1.000000,0.000000,-0.390000,0.180000
52.962002,-283.000000,-283.000000,3.090000,-34.000000,-36.000000,0.000000,0.000000,1.000000,0.000000,-0.310000,0.150000
52.966999,-227.000000,-227.000000,2.070000,-34.000000,-36.000000,0.000000,0.000000,1.000000,0.000000,-0.210000,0.210000
52.972000,-149.000000,-149.000000,1.010000,-32.000000,-32.000000,0.000000,0.000000,1.000000,0.000000,-0.100000,0.210000
52.977001,-72.000000,-72.000000,0.030000,-32.000000,-32.000000,0.000000,0.000000,1.000000,0.000000,0.000000,0.200000
52.981998,0.000000,0.000000,-0.890000,-30.000000,-34.000000,0.000000,0.000000,1.000000,0.000000,0.090000,0.180000
52.987000,66.000000,66.000000,-1.830000,-30.000000,-34.000000,0.000000,0.000000,1.000000,0.000000,0.180000,0.190000
52.992001,132.000000,132.000000,-2.830000,-28.000000,-30.000000,0.000000,0.000000,1.000000,0.000000,0.280000,0.200000
52.997002,199.000000,199.000000,-3.900000,-28.000000,-30.000000,0.000000,0.000000,1.000000,0.000000,0.390000,0.220000
53.001999,264.000000,264.000000,-4.860000,-22.000000,-24.000000,0.000000,0.000000,1.000000,0.000000,0.490000,0.190000
53.007000,309.000000,309.000000,-5.810000,-22.000000,-24.000000,0.000000,0.000000,1.000000,0.000000,0.580000,0.190000
53.012001,346.000000,346.000000,-6.500000,-20.000000,-22.000000,0.000000,0.000000,1.000000,0.000000,0.650000,0.140000
53.016998,367.000000,367.000000,-6.970000,-20.000000,-22.000000,0.000000,0.000000,1.000000,0.000000,0.700000,0.090000
53.021999,377.000000,377.000000,-7.500000,-12.000000,-12.000000,0.000000,0.000000,1.000000,0.000000,0.750000,0.110000
53.027000,397.000000,397.000000,-7.950000,-12.000000,-12.000000,0.000000,0.000000,1.000000,0.000000,0.800000,0.090000
53.032001,413.000000,413.000000,-8.150000,-8.000000,-8.000000,0.000000,0.000000,1.000000,0.000000,0.810000,0.040000
53.036999,418.000000,418.000000,-8.030000,-8.000000,-8.000000,0.000000,0.000000,1.000000,0.000000,0.800000,-0.020000
53.042000,413.000000,413.000000,-8.190000,0.000000,-2.000000,0.000000,0.000000,1.000000,0.000000,0.820000,0.030000
53.047001,419.000000,419.000000,-8.250000,0.000000,-2.000000,0.000000,0.000000,1.000000,0.000000,0.820000,0.010000
53.051998,420.000000,420.000000,-8.110000,2.000000,2.000000,0.000000,0.000000,1.000000,0.000000,0.810000,-0.030000
53.056999,415.000000,415.000000,-7.480000,2.000000,2.000000,0.000000,0.000000,1.000000,0.000000,0.750000,-0.130000
53.062000,393.000000,393.000000,-7.070000,6.000000,8.000000,0.000000,0.000000,1.000000,0.000000,0.710000,-0.080000
53.067001,377.000000,377.000000,-6.890000,6.000000,8.000000,0.000000,0.000000,1.000000,0.000000,0.690000,-0.040000
53.071999,371.000000,371.000000,-6.510000,8.000000,8.000000,0.000000,0.000000,1.000000,0.000000,0.650000,-0.080000
53.077000,362.000000,362.000000,-5.690000,8.000000,8.000000,0.000000,0.000000,1.000000,0.000000,0.570000,-0.170000
53.082001,336.000000,336.000000,-5.030000,12.000000,12.000000,0.000000,0.000000,1.000000,0.000000,0.500000,-0.130000
53.087002,311.000000,311.000000,-4.120000,12.000000,12.000000,0.000000,0.000000,1.000000,0.000000,0.410000,-0.180000
53.091999,270.000000,270.000000,-3.300000,12.000000,12.000000,0.000000,0.000000,1.000000,0.000000,0.330000,-0.170000
53.097000,226.000000,226.000000,-2.460000,12.000000,12.000000,0.000000,0.000000,1.000000,0.000000,0.250000,-0.170000
53.102001,173.000000,173.000000,-1.750000,16.000000,14.000000,0.000000,0.000000,1.000000,0.000000,0.170000,-0.140000
53.106998,125.000000,125.000000,-0.760000,16.000000,14.000000,0.000000,0.000000,1.000000,0.000000,0.080000,-0.200000
53.112000,54.000000,54.000000,0.220000,14.000000,14.000000,0.000000,0.000000,1.000000,0.000000,-0.020000,-0.200000
53.117001,-20.000000,-20.000000,1.120000,14.000000,14.000000,0.000000,0.000000,1.000000,0.000000,-0.110000,-0.180000
53.122002,-90.000000,-90.000000,2.130000,12.000000,14.000000,0.000000,0.000000,1.000000,0.000000,-0.210000,-0.200000
53.126999,-174.000000,-174.000000,3.060000,12.000000,14.000000,0.000000,0.000000,1.000000,0.000000,-0.310000,-0.190000
53.132000,-251.000000,-251.000000,4.050000,12.000000,12.000000,0.000000,0.000000,1.000000,0.000000,-0.400000,-0.200000
53.137001,-339.000000,-339.000000,5.060000,12.000000,12.000000,0.000000,0.000000,1.000000,0.000000,-0.510000,-0.200000
53.141998,-434.000000,-434.000000,6.050000,6.000000,4.000000,0.000000,0.000000,1.000000,0.000000,-0.610000,-0.200000
53.146999,-531.000000,-531.000000,6.790000,6.000000,4.000000,0.000000,0.000000,1.000000,0.000000,-0.680000,-0.150000
53.152000,-599.000000,-599.000000,7.460000,2.000000,4.000000,0.000000,0.000000,1.000000,0.000000,-0.750000,-0.130000
53.157001,-667.000000,-667.000000,7.890000,2.000000,4.000000,0.000000,0.000000,1.000000,0.000000,-0.790000,-0.090000
53.161999,-704.000000,-704.000000,8.410000,-2.000000,-4.000000,0.000000,0.000000,1.000000,0.000000,-0.840000,-0.100000
53.167000,-764.000000,-764.000000,8.890000,-2.000000,-4.000000,0.000000,0.000000,1.000000,0.000000,-0.890000,-0.100000
53.172001,-800.000000,-800.000000,9.080000,-10.000000,-8.000000,0.000000,0.000000,1.000000,0.000000,-0.910000,-0.040000
53.176998,-800.000000,-800.000000,8.990000,-10.000000,-8.000000,0.000000,0.000000,1.000000,0.000000,-0.900000,0.020000
53.181999,-800.000000,-800.000000,9.020000,-12.000000,-14.000000,0.000000,0.000000,1.000000,0.000000,-0.900000,0.000000
53.187000,-800.000000,-800.000000,9.010000,-12.000000,-14.000000,0.000000,0.000000,1.000000,0.000000,-0.900000,0.000000
53.192001,-800.000000,-800.000000,9.020000,-20.000000,-20.000000,0.000000,0.000000,1.000000,0.000000,-0.900000,0.000000
53.196999,-800.000000,-800.000000,8.670000,-20.000000,-20.000000,0.000000,0.000000,1.000000,0.000000,-0.870000,0.070000
53.202000,-759.000000,-759.000000,8.260000,-24.000000,-24.000000,0.000000,0.000000,1.000000,0.000000,-0.830000,0.080000
53.207001,-713.000000,-713.000000,7.660000,-24.000000,-24.000000,0.000000,0.000000,1.000000,0.000000,-0.770000,0.120000
53.212002,-644.000000,-644.000000,7.190000,-30.000000,-32.000000,0.000000,0.000000,1.000000,0.000000,-0.720000,0.090000
53.216999,-601.000000,-601.000000,6.390000,-30.000000,-32.000000,0.000000,0.000000,1.000000,0.000000,-0.640000,0.160000
53.222000,-512.000000,-512.000000,5.660000,-32.000000,-32.000000,0.000000,0.000000,1.000000,0.000000,-0.570000,0.150000
53.227001,-446.000000,-446.000000,4.820000,-32.000000,-32.000000,0.000000,0.000000,1.000000,0.000000,-0.480000,0.170000
53.231998,-367.000000,-367.000000,3.730000,-34.000000,-36.000000,0.000000,0.000000,1.000000,0.000000,-0.370000,0.220000
53.237000,-270.000000,-270.000000,2.510000,-34.000000,-36.000000,0.000000,0.000000,1.000000,0.000000,-0.250000,0.240000
53.242001,-178.000000,-178.000000,1.530000,-36.000000,-36.000000,0.000000,0.000000,1.000000,0.000000,-0.150000,0.190000
53.247002,-110.000000,-110.000000,0.330000,-36.000000,-36.000000,0.000000,0.000000,1.000000,0.000000,-0.030000,0.240000
53.251999,-22.000000,-22.000000,-0.890000,-32.000000,-32.000000,0.000000,0.000000,1.000000,0.000000,0.090000,0.240000
53.257000,66.000000,66.000000,-2.050000,-32.000000,-32.000000,0.000000,0.000000,1.000000,0.000000,0.210000,0.230000
53.262001,147.000000,147.000000,-3.090000,-28.000000,-30.000000,0.000000,0.000000,1.000000,0.000000,0.310000,0.210000
53.266998,216.000000,216.000000,-4.160000,-28.000000,-30.000000,0.000000,0.000000,1.000000,0.000000,0.420000,0.210000
53.271999,277.000000,277.000000,-5.310000,-26.000000,-24.000000,0.000000,0.000000,1.000000,0.000000,0.530000,0.230000
53.277000,328.000000,328.000000,-6.450000,-26.000000,-24.000000,0.000000,0.000000,1.000000,0.000000,0.650000,0.230000
53.282001,368.000000,368.000000,-7.520000,-16.000000,-18.000000,0.000000,0.000000,1.000000,0.000000,0.750000,0.210000
53.286999,402.000000,402.000000,-8.270000,-16.000000,-18.000000,0.000000,0.000000,1.000000,0.000000,0.830000,0.150000
53.292000,426.000000,426.000000,-8.500000,-12.000000,-14.000000,0.000000,0.000000,1.000000,0.000000,0.850000,0.050000
53.297001,430.000000,430.000000,-8.740000,-12.000000,-14.000000,0.000000,0.000000,1.000000,0.000000,0.870000,0.050000
53.301998,438.000000,438.000000,-9.060000,-6.000000,-8.000000,0.000000,0.000000,1.000000,0.000000,0.910000,0.070000
53.306999,449.000000,449.000000,-9.570000,-6.000000,-8.000000,0.000000,0.000000,1.000000,0.000000,0.960000,0.100000
53.312000,465.000000,465.000000,-9.840000,-2.000000,-4.000000,0.000000,0.000000,1.000000,0.000000,0.980000,0.050000
53.317001,471.000000,471.000000,-9.810000,-2.000000,-4.000000,0.000000,0.000000,1.000000,0.000000,0.980000,-0.010000
53.321999,470.000000,470.000000,-9.700000,4.000000,2.000000,0.000000,0.000000,1.000000,0.000000,0.970000,-0.020000
53.327000,466.000000,466.000000,-9.610000,4.000000,2.000000,0.000000,0.000000,1.000000,0.000000,0.960000,-0.020000
53.332001,464.000000,464.000000,-9.290000,6.000000,6.000000,0.000000,0.000000,1.000000,0.000000,0.930000,-0.060000
53.337002,453.000000,453.000000,-8.700000,6.000000,6.000000,0.000000,0.000000,1.000000,0.000000,0.870000,-0.120000
53.341999,435.000000,435.000000,-8.270000,12.000000,10.000000,0.000000,0.000000,1.000000,0.000000,0.830000,-0.090000
53.347000,421.000000,421.000000,-8.140000,12.000000,10.000000,0.000000,0.000000,1.000000,0.000000,0.810000,-0.030000
53.352001,416.000000,416.000000,-7.640000,12.000000,12.000000,0.000000,0.000000,1.000000,0.000000,0.760000,-0.100000
53.356998,399.000000,399.000000,-6.820000,12.000000,12.000000,0.000000,0.000000,1.000000,0.000000,0.680000,-0.160000
53.362000,371.000000,371.000000,-6.220000,18.000000,14.000000,0.000000,0.000000,1.000000,0.000000,0.620000,-0.120000
53.367001,354.000000,354.000000,-5.360000,18.000000,14.000000,0.000000,0.000000,1.000000,0.000000,0.540000,-0.170000
53.372002,324.000000,324.000000,-4.680000,16.000000,14.000000,0.000000,0.000000,1.000000,0.000000,0.470000,-0.140000
53.376999,296.000000,296.000000,-3.870000,16.000000,14.000000,0.000000,0.000000,1.000000,0.000000,0.390000,-0.160000
53.382000,258.000000,258.000000,-3.230000,20.000000,18.000000,0.000000,0.000000,1.000000,0.000000,0.320000,-0.130000
53.387001,223.000000,223.000000,-2.260000,20.000000,18.000000,0.000000,0.000000,1.000000,0.000000,0.230000,-0.190000
53.391998,159.000000,159.000000,-1.310000,18.000000,18.000000,0.000000,0.000000,1.000000,0.000000,0.130000,-0.190000
53.396999,94.000000,94.000000,-0.380000,18.000000,18.000000,0.000000,0.000000,1.000000,0.000000,0.040000,-0.190000
53.402000,26.000000,26.000000,0.640000,18.000000,16.000000,0.000000,0.000000,1.000000,0.000000,-0.060000,-0.200000
53.407001,-53.000000,-53.000000,1.600000,18.000000,16.000000,0.000000,0.000000,1.000000,0.000000,-0.160000,-0.190000
53.411999,-130.000000,-130.000000,2.490000,16.000000,16.000000,0.000000,0.000000,1.000000,0.000000,-0.250000,-0.180000
53.417000,-202.000000,-202.000000,3.350000,16.000000,16.000000,0.000000,0.000000,1.000000,0.000000,-0.340000,-0.170000
53.422001,-274.000000,-274.000000,4.070000,10.000000,10.000000,0.000000,0.000000,1.000000,0.000000,-0.410000,-0.140000
53.426998,-335.000000,-335.000000,4.700000,10.000000,10.000000,0.000000,0.000000,1.000000,0.000000,-0.470000,-0.130000
53.431999,-391.000000,-391.000000,5.390000,10.000000,8.000000,0.000000,0.000000,1.000000,0.000000,-0.540000,-0.140000
53.437000,-458.000000,-458.000000,6.000000,10.000000,8.000000,0.000000,0.000000,1.000000,0.000000,-0.600000,-0.120000
53.442001,-515.000000,-515.000000,6.640000,4.000000,2.000000,0.000000,0.000000,1.000000,0.000000,-0.660000,-0.130000
53.446999,-580.000000,-580.000000,7.010000,4.000000,2.000000,0.000000,0.000000,1.000000,0.000000,-0.700000,-0.080000
53.452000,-610.000000,-610.000000,7.240000,0.000000,-2.000000,0.000000,0.000000,1.000000,0.000000,-0.720000,-0.050000
53.457001,-628.000000,-628.000000,7.140000,0.000000,-2.000000,0.000000,0.000000,1.000000,0.000000,-0.710000,0.020000
53.462002,-607.000000,-607.000000,7.150000,-6.000000,-6.000000,0.000000,0.000000,1.000000,0.000000,-0.720000,0.000000
53.466999,-612.000000,-612.000000,7.200000,-6.000000,-6.000000,0.000000,0.000000,1.000000,0.000000,-0.720000,-0.010000
53.472000,-619.000000,-619.000000,7.000000,-10.000000,-14.000000,0.000000,0.000000,1.000000,0.000000,-0.700000,0.040000
53.477001,-590.000000,-590.000000,6.640000,-10.000000,-14.000000,0.000000,0.000000,1.000000,0.000000,-0.660000,0.070000
53.481998,-550.000000,-550.000000,6.250000,-14.000000,-14.000000,0.000000,0.000000,1.000000,0.000000,-0.630000,0.080000
53.487000,-512.000000,-512.000000,5.840000,-14.000000,-14.000000,0.000000,0.000000,1.000000,0.000000,-0.580000,0.080000
53.492001,-471.000000,-471.000000,5.180000,-18.000000,-22.000000,0.000000,0.000000,1.000000,0.000000,-0.520000,0.130000
53.497002,-404.000000,-404.000000,4.460000,-18.000000,-22.000000,0.000000,0.000000,1.000000,0.000000,-0.450000,0.140000
53.501999,-339.000000,-339.000000,3.770000,-22.000000,-22.000000,0.000000,0.000000,1.000000,0.000000,-0.380000,0.140000
53.507000,-280.000000,-280.000000,3.050000,-22.000000,-22.000000,0.000000,0.000000,1.000000,0.000000,-0.300000,0.140000
53.512001,-224.000000,-224.000000,2.130000,-22.000000,-24.000000,0.000000,0.000000,1.000000,0.000000,-0.210000,0.180000
53.516998,-154.000000,-154.000000,1.160000,-22.000000,-24.000000,0.000000,0.000000,1.000000,0.000000,-0.120000,0.190000
53.521999,-83.000000,-83.000000,0.200000,-22.000000,-24.000000,0.000000,0.000000,1.000000,0.000000,-0.020000,0.190000
53.527000,-13.000000,-13.000000,-0.940000,-22.000000,-24.000000,0.000000,0.000000,1.000000,0.000000,0.090000,0.230000
53.532001,70.000000,70.000000,-1.940000,-20.000000,-22.000000,0.000000,0.000000,1.000000,0.000000,0.190000,0.200000
53.536999,139.000000,139.000000,-3.130000,-20.000000,-22.000000,0.000000,0.000000,1.000000,0.000000,0.310000,0.240000
53.542000,219.000000,219.000000,-4.280000,-16.000000,-18.000000,0.000000,0.000000,1.000000,0.000000,0.430000,0.230000
53.547001,283.000000,283.000000,-5.290000,-16.000000,-18.000000,0.000000,0.000000,1.000000,0.000000,0.530000,0.200000
53.551998,327.000000,327.000000,-6.060000,-14.000000,-16.000000,0.000000,0.000000,1.000000,0.000000,0.610000,0.150000
53.556999,353.000000,353.000000,-6.740000,-14.000000,-16.000000,0.000000,0.000000,1.000000,0.000000,0.670000,0.140000
53.562000,373.000000,373.000000,-7.620000,-6.000000,-6.000000,0.000000,0.000000,1.000000,0.000000,0.760000,0.180000
53.567001,404.000000,404.000000,-8.180000,-6.000000,-6.000000,0.000000,0.000000,1.000000,0.000000,0.820000,0.110000
53.571999,422.000000,422.000000,-8.470000,-4.000000,-4.000000,0.000000,0.000000,1.000000,0.000000,0.850000,0.060000
53.577000,430.000000,430.000000,-8.740000,-4.000000,-4.000000,0.000000,0.000000,1.000000,0.000000,0.870000,0.050000
53.582001,438.000000,438.000000,-9.380000,2.000000,2.000000,0.000000,0.000000,1.000000,0.000000,0.940000,0.130000
53.587002,460.000000,460.000000,-9.740000,2.000000,2.000000,0.000000,0.000000,1.000000,0.000000,0.970000,0.070000
53.591999,469.000000,469.000000,-9.890000,4.000000,6.000000,0.000000,0.000000,1.000000,0.000000,0.990000,0.030000
53.597000,472.000000,472.000000,-9.910000,4.000000,6.000000,0.000000,0.000000,1.000000,0.000000,0.990000,0.000000
53.602001,473.000000,473.000000,-10.160000,10.000000,10.000000,0.000000,0.000000,1.000000,0.000000,1.020000,0.050000
53.606998,480.000000,480.000000,-10.430000,10.000000,10.000000,0.000000,0.000000,1.000000,0.000000,1.040000,0.050000
53.612000,487.000000,487.000000,-10.430000,12.000000,12.000000,0.000000,0.000000,1.000000,0.000000,1.040000,0.000000
53.617001,487.000000,487.000000,-10.150000,12.000000,12.000000,0.000000,0.000000,1.000000,0.000000,1.010000,-0.060000
53.622002,478.000000,478.000000,-9.930000,16.000000,18.000000,0.000000,0.000000,1.000000,0.000000,0.990000,-0.040000
53.626999,472.000000,472.000000,-9.900000,16.000000,18.000000,0.000000,0.000000,1.000000,0.000000,0.990000,-0.010000
53.632000,472.000000,472.000000,-9.700000,18.000000,18.000000,0.000000,0.000000,1.000000,0.000000,0.970000,-0.040000
53.637001,466.000000,466.000000,-9.240000,18.000000,18.000000,0.000000,0.000000,1.000000,0.000000,0.920000,-0.090000
53.641998,452.000000,452.000000,-8.890000,20.000000,20.000000,0.000000,0.000000,1.000000,0.000000,0.890000,-0.070000
53.646999,441.000000,441.000000,-8.600000,20.000000,20.000000,0.000000,0.000000,1.000000,0.000000,0.860000,-0.060000
53.652000,432.000000,432.000000,-8.100000,22.000000,22.000000,0.000000,0.000000,1.000000,0.000000,0.810000,-0.100000
53.657001,415.000000,415.000000,-7.510000,22.000000,22.000000,0.000000,0.000000,1.000000,0.000000,0.750000,-0.120000
53.661999,394.000000,394.000000,-7.060000,24.000000,22.000000,0.000000,0.000000,1.000000,0.000000,0.710000,-0.090000
53.667000,377.000000,377.000000,-6.450000,24.000000,22.000000,0.000000,0.000000,1.000000,0.000000,0.650000,-0.120000
53.672001,361.000000,361.000000,-5.810000,24.000000,22.000000,0.000000,0.000000,1.000000,0.000000,0.580000,-0.130000
53.676998,340.000000,340.000000,-5.130000,24.000000,22.000000,0.000000,0.000000,1.000000,0.000000,0.510000,-0.140000
53.681999,315.000000,315.000000,-4.640000,26.000000,24.000000,0.000000,0.000000,1.000000,0.000000,0.460000,-0.100000
53.687000,296.000000,296.000000,-3.880000,26.000000,24.000000,0.000000,0.000000,1.000000,0.000000,0.390000,-0.150000
53.692001,258.000000,258.000000,-3.170000,24.000000,24.000000,0.000000,0.000000,1.000000,0.000000,0.320000,-0.140000
53.696999,219.000000,219.000000,-2.430000,24.000000,24.000000,0.000000,0.000000,1.000000,0.000000,0.240000,-0.150000
53.702000,171.000000,171.000000,-1.870000,26.000000,26.000000,0.000000,0.000000,1.000000,0.000000,0.190000,-0.110000
53.707001,134.000000,134.000000,-1.140000,26.000000,26.000000,0.000000,0.000000,1.000000,0.000000,0.110000,-0.150000
53.712002,82.000000,82.000000,-0.490000,22.000000,22.000000,0.000000,0.000000,1.000000,0.000000,0.050000,-0.130000
53.716999,35.000000,35.000000,0.090000,22.000000,22.000000,0.000000,0.000000,1.000000,0.000000,-0.010000,-0.120000
53.722000,-9.000000,-9.000000,0.790000,22.000000,20.000000,0.000000,0.000000,1.000000,0.000000,-0.080000,-0.140000
53.727001,-64.000000,-64.000000,1.410000,22.000000,20.000000,0.000000,0.000000,1.000000,0.000000,-0.140000,-0.120000
53.731998,-113.000000,-113.000000,2.020000,18.000000,18.000000,0.000000,0.000000,1.000000,0.000000,-0.200000,-0.120000
53.737000,-161.000000,-161.000000,2.560000,18.000000,18.000000,0.000000,0.000000,1.000000,0.000000,-0.260000,-0.110000
53.742001,-204.000000,-204.000000,3.090000,14.000000,12.000000,0.000000,0.000000,1.000000,0.000000,-0.310000,-0.110000
53.747002,-247.000000,-247.000000,3.480000,14.000000,12.000000,0.000000,0.000000,1.000000,0.000000,-0.350000,-0.080000
53.751999,-276.000000,-276.000000,3.730000,10.000000,10.000000,0.000000,0.000000,1.000000,0.000000,-0.370000,-0.050000
53.757000,-296.000000,-296.000000,4.000000,10.000000,10.000000,0.000000,0.000000,1.000000,0.000000,-0.400000,-0.050000
53.762001,-319.000000,-319.000000,4.260000,4.000000,6.000000,0.000000,0.000000,1.000000,0.000000,-0.430000,-0.050000
53.766998,-343.000000,-343.000000,4.250000,4.000000,6.000000,0.000000,0.000000,1.000000,0.000000,-0.430000,0.000000
53.771999,-336.000000,-336.000000,4.110000,2.000000,2.000000,0.000000,0.000000,1.000000,0.000000,-0.410000,0.030000
53.777000,-320.000000,-320.000000,3.910000,2.000000,2.000000,0.000000,0.000000,1.000000,0.000000,-0.390000,0.040000
53.782001,-302.000000,-302.000000,3.760000,-2.000000,-2.000000,0.000000,0.000000,1.000000,0.000000,-0.380000,0.030000
53.786999,-290.000000,-290.000000,3.400000,-2.000000,-2.000000,0.000000,0.000000,1.000000,0.000000,-0.340000,0.070000
53.792000,-256.000000,-256.000000,3.090000,-4.000000,-4.000000,0.000000,0.000000,1.000000,0.000000,-0.310000,0.060000
53.797001,-234.000000,-234.000000,2.620000,-4.000000,-4.000000,0.000000,0.000000,1.000000,0.000000,-0.260000,0.090000
53.801998,-197.000000,-197.000000,2.280000,-8.000000,-8.000000,0.000000,0.000000,1.000000,0.000000,-0.230000,0.070000
53.806999,-172.000000,-172.000000,1.670000,-8.000000,-8.000000,0.000000,0.000000,1.000000,0.000000,-0.170000,0.120000
53.812000,-124.000000,-124.000000,1.070000,-8.000000,-6.000000,0.000000,0.000000,1.000000,0.000000,-0.110000,0.120000
53.817001,-79.000000,-79.000000,0.410000,-8.000000,-6.000000,0.000000,0.000000,1.000000,0.000000,-0.040000,0.130000
53.821999,-30.000000,-30.000000,-0.330000,-8.000000,-8.000000,0.000000,0.000000,1.000000,0.000000,0.030000,0.150000
53.827000,26.000000,26.000000,-1.060000,-8.000000,-8.000000,0.000000,0.000000,1.000000,0.000000,0.110000,0.150000
53.832001,79.000000,79.000000,-1.790000,-8.000000,-8.000000,0.000000,0.000000,1.000000,0.000000,0.180000,0.150000
53.837002,130.000000,130.000000,-2.550000,-8.000000,-8.000000,0.000000,0.000000,1.000000,0.000000,0.250000,0.150000
53.841999,181.000000,181.000000,-3.340000,-4.000000,-6.000000,0.000000,0.000000,1.000000,0.000000,0.330000,0.160000
53.847000,232.000000,232.000000,-4.100000,-4.000000,-6.000000,0.000000,0.000000,1.000000,0.000000,0.410000,0.150000
53.852001,273.000000,273.000000,-4.680000,-2.000000,-2.000000,0.000000,0.000000,1.000000,0.000000,0.470000,0.120000
53.856998,300.000000,300.000000,-5.380000,-2.000000,-2.000000,0.000000,0.000000,1.000000,0.000000,0.540000,0.140000
53.862000,329.000000,329.000000,-6.150000,2.000000,0.000000,0.000000,0.000000,1.000000,0.000000,0.610000,0.150000
53.867001,356.000000,356.000000,-6.630000,2.000000,0.000000,0.000000,0.000000,1.000000,0.000000,0.660000,0.100000
53.872002,368.000000,368.000000,-6.820000,2.000000,2.000000,0.000000,0.000000,1.000000,0.000000,0.680000,0.040000
53.876999,371.000000,371.000000,-7.010000,2.000000,2.000000,0.000000,0.000000,1.000000,0.000000,0.700000,0.040000
53.882000,375.000000,375.000000,-7.620000,8.000000,8.000000,0.000000,0.000000,1.000000,0.000000,0.760000,0.120000
53.887001,402.000000,402.000000,-8.060000,8.000000,8.000000,0.000000,0.000000,1.000000,0.000000,0.810000,0.090000
53.891998,417.000000,417.000000,-8.070000,8.000000,8.000000,0.000000,0.000000,1.000000,0.000000,0.810000,0.000000
53.896999,414.000000,414.000000,-7.780000,8.000000,8.000000,0.000000,0.000000,1.000000,0.000000,0.780000,-0.060000
53.902000,404.000000,404.000000,-7.800000,12.000000,12.000000,0.000000,0.000000,1.000000,0.000000,0.780000,0.000000
53.907001,404.000000,404.000000,-7.720000,12.000000,12.000000,0.000000,0.000000,1.000000,0.000000,0.770000,-0.020000
53.911999,401.000000,401.000000,-7.710000,14.000000,12.000000,0.000000,0.000000,1.000000,0.000000,0.770000,0.000000
53.917000,401.000000,401.000000,-7.440000,14.000000,12.000000,0.000000,0.000000,1.000000,0.000000,0.740000,-0.050000
53.922001,391.000000,391.000000,-7.280000,18.000000,16.000000,0.000000,0.000000,1.000000,0.000000,0.730000,-0.030000
53.926998,385.000000,385.000000,-6.950000,18.000000,16.000000,0.000000,0.000000,1.000000,0.000000,0.690000,-0.070000
53.931999,373.000000,373.000000,-6.510000,18.000000,16.000000,0.000000,0.000000,1.000000,0.000000,0.650000,-0.090000
53.937000,362.000000,362.000000,-5.910000,18.000000,16.000000,0.000000,0.000000,1.000000,0.000000,0.590000,-0.120000
53.942001,344.000000,344.000000,-5.650000,20.000000,20.000000,0.000000,0.000000,1.000000,0.000000,0.560000,-0.050000
53.946999,336.000000,336.000000,-5.150000,20.000000,20.000000,0.000000,0.000000,1.000000,0.000000,0.520000,-0.100000
53.952000,317.000000,317.000000,-4.680000,20.000000,18.000000,0.000000,0.000000,1.000000,0.000000,0.470000,-0.100000
53.957001,297.000000,297.000000,-4.120000,20.000000,18.000000,0.000000,0.000000,1.000000,0.000000,0.410000,-0.110000
53.962002,271.000000,271.000000,-3.760000,20.000000,20.000000,0.000000,0.000000,1.000000,0.000000,0.380000,-0.070000
53.966999,254.000000,254.000000,-3.140000,20.000000,20.000000,0.000000,0.000000,1.000000,0.000000,0.310000,-0.120000
53.972000,217.000000,217.000000,-2.560000,20.000000,18.000000,0.000000,0.000000,1.000000,0.000000,0.260000,-0.120000
53.977001,180.000000,180.000000,-1.920000,20.000000,18.000000,0.000000,0.000000,1.000000,0.000000,0.190000,-0.130000
53.981998,137.000000,137.000000,-1.430000,20.000000,20.000000,0.000000,0.000000,1.000000,0.000000,0.140000,-0.100000
53.987000,104.000000,104.000000,-0.760000,20.000000,20.000000,0.000000,0.000000,1.000000,0.000000,0.080000,-0.130000
53.992001,55.000000,55.000000,-0.250000,20.000000,18.000000,0.000000,0.000000,1.000000,0.000000,0.020000,-0.100000
53.997002,17.000000,17.000000,0.200000,20.000000,18.000000,0.000000,0.000000,1.000000,0.000000,-0.020000,-0.090000
54.001999,-17.000000,-17.000000,0.760000,18.000000,18.000000,0.000000,0.000000,1.000000,0.000000,-0.080000,-0.110000
54.007000,-61.000000,-61.000000,1.240000,18.000000,18.000000,0.000000,0.000000,1.000000,0.000000,-0.120000,-0.100000
54.012001,-98.000000,-98.000000,1.680000,14.000000,14.000000,0.000000,0.000000,1.000000,0.000000,-0.170000,-0.090000
54.016998,-133.000000,-133.000000,2.100000,14.000000,14.000000,0.000000,0.000000,1.000000,0.000000,-0.210000,-0.080000
54.021999,-166.000000,-166.000000,2.400000,12.000000,8.000000,0.000000,0.000000,1.000000,0.000000,-0.240000,-0.060000
54.027000,-189.000000,-189.000000,2.770000,12.000000,8.000000,0.000000,0.000000,1.000000,0.000000,-0.280000,-0.080000
54.032001,-219.000000,-219.000000,3.060000,8.000000,6.000000,0.000000,0.000000,1.000000,0.000000,-0.310000,-0.060000
54.036999,-241.000000,-241.000000,3.430000,8.000000,6.000000,0.000000,0.000000,1.000000,0.000000,-0.340000,-0.070000
54.042000,-272.000000,-272.000000,3.640000,4.000000,2.000000,0.000000,0.000000,1.000000,0.000000,-0.360000,-0.040000
54.047001,-287.000000,-287.000000,3.660000,4.000000,2.000000,0.000000,0.000000,1.000000,0.000000,-0.370000,0.000000
54.051998,-285.000000,-285.000000,3.460000,2.000000,0.000000,0.000000,0.000000,1.000000,0.000000,-0.350000,0.040000
54.056999,-264.000000,-264.000000,3.270000,2.000000,0.000000,0.000000,0.000000,1.000000,0.000000,-0.330000,0.040000
54.062000,-250.000000,-250.000000,3.160000,-4.000000,-6.000000,0.000000,0.000000,1.000000,0.000000,-0.320000,0.020000
54.067001,-243.000000,-243.000000,2.940000,-4.000000,-6.000000,0.000000,0.000000,1.000000,0.000000,-0.290000,0.040000
54.071999,-224.000000,-224.000000,2.710000,-4.000000,-4.000000,0.000000,0.000000,1.000000,0.000000,-0.270000,0.040000
54.077000,-207.000000,-207.000000,2.250000,-4.000000,-4.000000,0.000000,0.000000,1.000000,0.000000,-0.220000,0.090000
54.082001,-168.000000,-168.000000,1.950000,-6.000000,-8.000000,0.000000,0.000000,1.000000,0.000000,-0.190000,0.060000
54.087002,-148.000000,-148.000000,1.500000,-6.000000,-8.000000,0.000000,0.000000,1.000000,0.000000,-0.150000,0.090000
54.091999,-113.000000,-113.000000,0.940000,-6.000000,-8.000000,0.000000,0.000000,1.000000,0.000000,-0.090000,0.110000
54.097000,-70.000000,-70.000000,0.430000,-6.000000,-8.000000,0.000000,0.000000,1.000000,0.000000,-0.040000,0.100000
54.102001,-32.000000,-32.000000,-0.040000,-8.000000,-10.000000,0.000000,0.000000,1.000000,0.000000,0.000000,0.090000
54.106998,4.000000,4.000000,-0.390000,-8.000000,-10.000000,0.000000,0.000000,1.000000,0.000000,0.040000,0.070000
54.112000,30.000000,30.000000,-0.730000,-6.000000,-8.000000,0.000000,0.000000,1.000000,0.000000,0.070000,0.070000
54.117001,55.000000,55.000000,-1.220000,-6.000000,-8.000000,0.000000,0.000000,1.000000,0.000000,0.120000,0.100000
54.122002,90.000000,90.000000,-1.670000,-4.000000,-4.000000,0.000000,0.000000,1.000000,0.000000,0.170000,0.090000
54.126999,121.000000,121.000000,-1.950000,-4.000000,-4.000000,0.000000,0.000000,1.000000,0.000000,0.190000,0.060000
54.132000,141.000000,141.000000,-2.040000,-2.000000,-4.000000,0.000000,0.000000,1.000000,0.000000,0.200000,0.020000
54.137001,148.000000,148.000000,-2.170000,-2.000000,-4.000000,0.000000,0.000000,1.000000,0.000000,0.220000,0.030000
54.141998,157.000000,157.000000,-2.300000,0.000000,0.000000,0.000000,0.000000,1.000000,0.000000,0.230000,0.030000
54.146999,165.000000,165.000000,-2.350000,0.000000,0.000000,0.000000,0.000000,1.000000,0.000000,0.240000,0.010000
54.152000,169.000000,169.000000,-2.100000,0.000000,2.000000,0.000000,0.000000,1.000000,0.000000,0.210000,-0.050000
54.157001,151.000000,151.000000,-1.960000,0.000000,2.000000,0.000000,0.000000,1.000000,0.000000,0.200000,-0.030000
54.161999,142.000000,142.000000,-1.760000,2.000000,4.000000,0.000000,0.000000,1.000000,0.000000,0.180000,-0.040000
54.167000,128.000000,128.000000,-1.400000,2.000000,4.000000,0.000000,0.000000,1.000000,0.000000,0.140000,-0.070000
54.172001,102.000000,102.000000,-1.010000,4.000000,4.000000,0.000000,0.000000,1.000000,0.000000,0.100000,-0.080000
54.176998,74.000000,74.000000,-0.660000,4.000000,4.000000,0.000000,0.000000,1.000000,0.000000,0.070000,-0.070000
54.181999,48.000000,48.000000,-0.090000,4.000000,4.000000,0.000000,0.000000,1.000000,0.000000,0.010000,-0.110000
54.187000,5.000000,5.000000,0.520000,4.000000,4.000000,0.000000,0.000000,1.000000,0.000000,-0.050000,-0.120000
54.192001,-43.000000,-43.000000,1.210000,4.000000,4.000000,0.000000,0.000000,1.000000,0.000000,-0.120000,-0.140000
54.196999,-97.000000,-97.000000,1.970000,4.000000,4.000000,0.000000,0.000000,1.000000,0.000000,-0.200000,-0.150000
54.202000,-159.000000,-159.000000,2.730000,2.000000,2.000000,0.000000,0.000000,1.000000,0.000000,-0.270000,-0.150000
54.207001,-221.000000,-221.000000,3.410000,2.000000,2.000000,0.000000,0.000000,1.000000,0.000000,-0.340000,-0.140000
54.212002,-276.000000,-276.000000,3.920000,2.000000,2.000000,0.000000,0.000000,1.000000,0.000000,-0.390000,-0.100000
54.216999,-318.000000,-318.000000,4.560000,2.000000,2.000000,0.000000,0.000000,1.000000,0.000000,-0.460000,-0.130000
54.222000,-379.000000,-379.000000,5.410000,-4.000000,-2.000000,0.000000,0.000000,1.000000,0.000000,-0.540000,-0.170000
54.227001,-464.000000,-464.000000,6.090000,-4.000000,-2.000000,0.000000,0.000000,1.000000,0.000000,-0.610000,-0.140000
54.231998,-526.000000,-526.000000,6.540000,-4.000000,-4.000000,0.000000,0.000000,1.000000,0.000000,-0.650000,-0.090000
54.237000,-564.000000,-564.000000,6.890000,-4.000000,-4.000000,0.000000,0.000000,1.000000,0.000000,-0.690000,-0.070000
54.242001,-596.000000,-596.000000,7.470000,-10.000000,-8.000000,0.000000,0.000000,1.000000,0.000000,-0.750000,-0.120000
54.247002,-665.000000,-665.000000,8.100000,-10.000000,-8.000000,0.000000,0.000000,1.000000,0.000000,-0.810000,-0.130000
54.251999,-734.000000,-734.000000,8.490000,-12.000000,-12.000000,0.000000,0.000000,1.000000,0.000000,-0.850000,-0.080000
54.257000,-767.000000,-767.000000,8.640000,-12.000000,-12.000000,0.000000,0.000000,1.000000,0.000000,-0.860000,-0.030000
54.262001,-774.000000,-774.000000,8.850000,-16.000000,-16.000000,0.000000,0.000000,1.000000,0.000000,-0.880000,-0.040000
54.266998,-800.000000,-800.000000,9.060000,-16.000000,-16.000000,0.000000,0.000000,1.000000,0.000000,-0.910000,-0.040000
54.271999,-800.000000,-800.000000,9.260000,-20.000000,-22.000000,0.000000,0.000000,1.000000,0.000000,-0.930000,-0.040000
54.277000,-800.000000,-800.000000,9.200000,-20.000000,-22.000000,0.000000,0.000000,1.000000,0.000000,-0.920000,0.010000
54.282001,-800.000000,-800.000000,9.110000,-24.000000,-26.000000,0.000000,0.000000,1.000000,0.000000,-0.910000,0.020000
54.286999,-800.000000,-800.000000,8.880000,-24.000000,-26.000000,0.000000,0.000000,1.000000,0.000000,-0.890000,0.050000
54.292000,-786.000000,-786.000000,8.770000,-30.000000,-32.000000,0.000000,0.000000,1.000000,0.000000,-0.880000,0.020000
54.297001,-778.000000,-778.000000,8.320000,-30.000000,-32.000000,0.000000,0.000000,1.000000,0.000000,-0.830000,0.090000
54.301998,-718.000000,-718.000000,7.990000,-34.000000,-32.000000,0.000000,0.000000,1.000000,0.000000,-0.800000,0.070000
54.306999,-687.000000,-687.000000,7.540000,-34.000000,-32.000000,0.000000,0.000000,1.000000,0.000000,-0.750000,0.090000
54.312000,-638.000000,-638.000000,7.120000,-36.000000,-40.000000,0.000000,0.000000,1.000000,0.000000,-0.710000,0.090000
54.317001,-595.000000,-595.000000,6.310000,-36.000000,-40.000000,0.000000,0.000000,1.000000,0.000000,-0.630000,0.160000
54.321999,-505.000000,-505.000000,5.600000,-38.000000,-40.000000,0.000000,0.000000,1.000000,0.000000,-0.560000,0.140000
54.327000,-441.000000,-441.000000,4.850000,-38.000000,-40.000000,0.000000,0.000000,1.000000,0.000000,-0.490000,0.150000
54.332001,-373.000000,-373.000000,3.880000,-40.000000,-42.000000,0.000000,0.000000,1.000000,0.000000,-0.390000,0.190000
54.337002,-284.000000,-284.000000,2.940000,-40.000000,-42.000000,0.000000,0.000000,1.000000,0.000000,-0.290000,0.190000
54.341999,-213.000000,-213.000000,2.120000,-40.000000,-42.000000,0.000000,0.000000,1.000000,0.000000,-0.210000,0.160000
54.347000,-155.000000,-155.000000,1.070000,-40.000000,-42.000000,0.000000,0.000000,1.000000,0.000000,-0.110000,0.210000
54.352001,-76.000000,-76.000000,0.020000,-36.000000,-38.000000,0.000000,0.000000,1.000000,0.000000,0.000000,0.210000
54.356998,0.000000,0.000000,-0.930000,-36.000000,-38.000000,0.000000,0.000000,1.000000,0.000000,0.090000,0.190000
54.362000,69.000000,69.000000,-1.810000,-34.000000,-36.000000,0.000000,0.000000,1.000000,0.000000,0.180000,0.180000
54.367001,131.000000,131.000000,-2.770000,-34.000000,-36.000000,0.000000,0.000000,1.000000,0.000000,0.280000,0.190000
54.372002,195.000000,195.000000,-3.710000,-32.000000,-34.000000,0.000000,0.000000,1.000000,0.000000,0.370000,0.190000
54.376999,254.000000,254.000000,-4.690000,-32.000000,-34.000000,0.000000,0.000000,1.000000,0.000000,0.470000,0.200000
54.382000,302.000000,302.000000,-5.690000,-22.000000,-26.000000,0.000000,0.000000,1.000000,0.000000,0.570000,0.200000
54.387001,342.000000,342.000000,-6.300000,-22.000000,-26.000000,0.000000,0.000000,1.000000,0.000000,0.630000,0.120000
54.391998,360.000000,360.000000,-6.580000,-20.000000,-22.000000,0.000000,0.000000,1.000000,0.000000,0.660000,0.050000
54.396999,365.000000,365.000000,-6.890000,-20.000000,-22.000000,0.000000,0.000000,1.000000,0.000000,0.690000,0.060000
54.402000,374.000000,374.000000,-7.470000,-14.000000,-14.000000,0.000000,0.000000,1.000000,0.000000,0.750000,0.120000
54.407001,396.000000,396.000000,-7.540000,-14.000000,-14.000000,0.000000,0.000000,1.000000,0.000000,0.750000,0.010000
54.411999,395.000000,395.000000,-7.320000,-10.000000,-8.000000,0.000000,0.000000,1.000000,0.000000,0.730000,-0.050000
54.417000,386.000000,386.000000,-7.020000,-10.000000,-8.000000,0.000000,0.000000,1.000000,0.000000,0.700000,-0.060000
54.422001,375.000000,375.000000,-7.040000,-2.000000,-4.000000,0.000000,0.000000,1.000000,0.000000,0.700000,0.010000
54.426998,375.000000,375.000000,-6.670000,-2.000000,-4.000000,0.000000,0.000000,1.000000,0.000000,0.670000,-0.070000
54.431999,366.000000,366.000000,-6.200000,0.000000,-2.000000,0.000000,0.000000,1.000000,0.000000,0.620000,-0.090000
54.437000,353.000000,353.000000,-5.700000,0.000000,-2.000000,0.000000,0.000000,1.000000,0.000000,0.570000,-0.100000
54.442001,337.000000,337.000000,-5.580000,6.000000,4.000000,0.000000,0.000000,1.000000,0.000000,0.560000,-0.020000
54.446999,333.000000,333.000000,-4.990000,6.000000,4.000000,0.000000,0.000000,1.000000,0.000000,0.500000,-0.120000
54.452000,310.000000,310.000000,-4.230000,6.000000,4.000000,0.000000,0.000000,1.000000,0.000000,0.420000,-0.150000
54.457001,275.000000,275.000000,-3.500000,6.000000,4.000000,0.000000,0.000000,1.000000,0.000000,0.350000,-0.150000
54.462002,239.000000,239.000000,-3.330000,10.000000,10.000000,0.000000,0.000000,1.000000,0.000000,0.330000,-0.040000
54.466999,231.000000,231.000000,-2.650000,10.000000,10.000000,0.000000,0.000000,1.000000,0.000000,0.270000,-0.140000
54.472000,186.000000,186.000000,-1.730000,10.000000,8.000000,0.000000,0.000000,1.000000,0.000000,0.170000,-0.180000
54.477001,123.000000,123.000000,-0.840000,10.000000,8.000000,0.000000,0.000000,1.000000,0.000000,0.080000,-0.180000
54.481998,60.000000,60.000000,-0.180000,12.000000,10.000000,0.000000,0.000000,1.000000,0.000000,0.020000,-0.130000
54.487000,12.000000,12.000000,0.670000,12.000000,10.000000,0.000000,0.000000,1.000000,0.000000,-0.070000,-0.170000
54.492001,-55.000000,-55.000000,1.530000,10.000000,10.000000,0.000000,0.000000,1.000000,0.000000,-0.150000,-0.170000
54.497002,-123.000000,-123.000000,2.490000,10.000000,10.000000,0.000000,0.000000,1.000000,0.000000,-0.250000,-0.190000
54.501999,-203.000000,-203.000000,3.240000,8.000000,6.000000,0.000000,0.000000,1.000000,0.000000,-0.320000,-0.150000
54.507000,-263.000000,-263.000000,3.940000,8.000000,6.000000,0.000000,0.000000,1.000000,0.000000,-0.390000,-0.140000
54.512001,-323.000000,-323.000000,4.450000,6.000000,6.000000,0.000000,0.000000,1.000000,0.000000,-0.450000,-0.100000
54.516998,-365.000000,-365.000000,5.060000,6.000000,6.000000,0.000000,0.000000,1.000000,0.000000,-0.510000,-0.120000
54.521999,-424.000000,-424.000000,5.650000,0.000000,0.000000,0.000000,0.000000,1.000000,0.000000,-0.560000,-0.120000
54.527000,-480.000000,-480.000000,5.940000,0.000000,0.000000,0.000000,0.000000,1.000000,0.000000,-0.590000,-0.060000
54.532001,-500.000000,-500.000000,6.250000,-2.000000,-2.000000,0.000000,0.000000,1.000000,0.000000,-0.620000,-0.060000
54.536999,-531.000000,-531.000000,6.330000,-2.000000,-2.000000,0.000000,0.000000,1.000000,0.000000,-0.630000,-0.020000
54.542000,-533.000000,-533.000000,6.520000,-6.000000,-8.000000,0.000000,0.000000,1.000000,0.000000,-0.650000,-0.040000
54.547001,-554.000000,-554.000000,6.570000,-6.000000,-8.000000,0.000000,0.000000,1.000000,0.000000,-0.660000,-0.010000
54.551998,-555.000000,-555.000000,6.450000,-10.000000,-10.000000,0.000000,0.000000,1.000000,0.000000,-0.650000,0.020000
54.556999,-539.000000,-539.000000,6.200000,-10.000000,-10.000000,0.000000,0.000000,1.000000,0.000000,-0.620000,0.050000
54.562000,-510.000000,-510.000000,5.980000,-14.000000,-14.000000,0.000000,0.000000,1.000000,0.000000,-0.600000,0.040000
54.567001,-490.000000,-490.000000,5.590000,-14.000000,-14.000000,0.000000,0.000000,1.000000,0.000000,-0.560000,0.080000
54.571999,-448.000000,-448.000000,5.030000,-16.000000,-18.000000,0.000000,0.000000,1.000000,0.000000,-0.500000,0.110000
54.577000,-393.000000,-393.000000,4.320000,-16.000000,-18.000000,0.000000,0.000000,1.000000,0.000000,-0.430000,0.140000
54.582001,-327.000000,-327.000000,3.710000,-20.000000,-22.000000,0.000000,0.000000,1.000000,0.000000,-0.370000,0.120000
54.587002,-277.000000,-277.000000,2.990000,-20.000000,-22.000000,0.000000,0.000000,1.000000,0.000000,-0.300000,0.140000
54.591999,-220.000000,-220.000000,2.160000,-20.000000,-20.000000,0.000000,0.000000,1.000000,0.000000,-0.220000,0.170000
54.597000,-158.000000,-158.000000,1.180000,-20.000000,-20.000000,0.000000,0.000000,1.000000,0.000000,-0.120000,0.200000
54.602001,-84.000000,-84.000000,0.310000,-20.000000,-22.000000,0.000000,0.000000,1.000000,0.000000,-0.030000,0.170000
54.606998,-21.000000,-21.000000,-0.960000,-20.000000,-22.000000,0.000000,0.000000,1.000000,0.000000,0.100000,0.250000
54.612000,71.000000,71.000000,-2.080000,-20.000000,-18.000000,0.000000,0.000000,1.000000,0.000000,0.210000,0.220000
54.617001,149.000000,149.000000,-3.370000,-20.000000,-18.000000,0.000000,0.000000,1.000000,0.000000,0.340000,0.260000
54.622002,234.000000,234.000000,-4.540000,-14.000000,-16.000000,0.000000,0.000000,1.000000,0.000000,0.450000,0.230000
54.626999,295.000000,295.000000,-5.660000,-14.000000,-16.000000,0.000000,0.000000,1.000000,0.000000,0.570000,0.220000
54.632000,341.000000,341.000000,-6.510000,-12.000000,-12.000000,0.000000,0.000000,1.000000,0.000000,0.650000,0.170000
54.637001,368.000000,368.000000,-7.380000,-12.000000,-12.000000,0.000000,0.000000,1.000000,0.000000,0.740000,0.170000
54.641998,396.000000,396.000000,-8.380000,-6.000000,-6.000000,0.000000,0.000000,1.000000,0.000000,0.840000,0.200000
54.646999,431.000000,431.000000,-9.140000,-6.000000,-6.000000,0.000000,0.000000,1.000000,0.000000,0.910000,0.150000
54.652000,453.000000,453.000000,-9.600000,-2.000000,-4.000000,0.000000,0.000000,1.000000,0.000000,0.960000,0.090000
54.657001,465.000000,465.000000,-10.070000,-2.000000,-4.000000,0.000000,0.000000,1.000000,0.000000,1.010000,0.100000
54.661999,478.000000,478.000000,-10.680000,2.000000,2.000000,0.000000,0.000000,1.000000,0.000000,1.070000,0.120000
54.667000,492.000000,492.000000,-11.330000,2.000000,2.000000,0.000000,0.000000,1.000000,0.000000,1.130000,0.130000
54.672001,502.000000,502.000000,-11.600000,4.000000,6.000000,0.000000,0.000000,1.000000,0.000000,1.160000,0.050000
54.676998,506.000000,506.000000,-11.810000,4.000000,6.000000,0.000000,0.000000,1.000000,0.000000,1.180000,0.040000
54.681999,509.000000,509.000000,-12.340000,10.000000,10.000000,0.000000,0.000000,1.000000,0.000000,1.230000,0.110000
54.687000,514.000000,514.000000,-12.670000,10.000000,10.000000,0.000000,0.000000,1.000000,0.000000,1.270000,0.070000
54.692001,517.000000,517.000000,-12.720000,14.000000,12.000000,0.000000,0.000000,1.000000,0.000000,1.270000,0.010000
54.696999,518.000000,518.000000,-12.660000,14.000000,12.000000,0.000000,0.000000,1.000000,0.000000,1.270000,-0.010000
54.702000,517.000000,517.000000,-12.920000,16.000000,16.000000,0.000000,0.000000,1.000000,0.000000,1.290000,0.050000
54.707001,518.000000,518.000000,-13.100000,16.000000,16.000000,0.000000,0.000000,1.000000,0.000000,1.310000,0.040000
54.712002,520.000000,520.000000,-12.930000,18.000000,16.000000,0.000000,0.000000,1.000000,0.000000,1.290000,-0.040000
54.716999,517.000000,517.000000,-12.760000,18.000000,16.000000,0.000000,0.000000,1.000000,0.000000,1.280000,-0.030000
54.722000,516.000000,516.000000,-12.710000,22.000000,20.000000,0.000000,0.000000,1.000000,0.000000,1.270000,-0.010000
54.727001,517.000000,517.000000,-12.680000,22.000000,20.000000,0.000000,0.000000,1.000000,0.000000,1.270000,-0.010000
54.731998,517.000000,517.000000,-12.480000,22.000000,24.000000,0.000000,0.000000,1.000000,0.000000,1.250000,-0.040000
54.737000,514.000000,514.000000,-12.360000,22.000000,24.000000,0.000000,0.000000,1.000000,0.000000,1.240000,-0.030000
54.742001,514.000000,514.000000,-12.330000,26.000000,24.000000,0.000000,0.000000,1.000000,0.000000,1.230000,0.000000
54.747002,514.000000,514.000000,-12.360000,26.000000,24.000000,0.000000,0.000000,1.000000,0.000000,1.240000,0.000000
54.751999,515.000000,515.000000,-11.960000,26.000000,26.000000,0.000000,0.000000,1.000000,0.000000,1.200000,-0.080000
54.757000,507.000000,507.000000,-11.440000,26.000000,26.000000,0.000000,0.000000,1.000000,0.000000,1.140000,-0.100000
54.762001,500.000000,500.000000,-11.090000,28.000000,28.000000,0.000000,0.000000,1.000000,0.000000,1.110000,-0.070000
54.766998,496.000000,496.000000,-10.850000,28.000000,28.000000,0.000000,0.000000,1.000000,0.000000,1.090000,-0.050000
54.771999,494.000000,494.000000,-10.330000,28.000000,28.000000,0.000000,0.000000,1.000000,0.000000,1.030000,-0.110000
54.777000,481.000000,481.000000,-9.750000,28.000000,28.000000,0.000000,0.000000,1.000000,0.000000,0.970000,-0.120000
54.782001,466.000000,466.000000,-9.380000,30.000000,30.000000,0.000000,0.000000,1.000000,0.000000,0.940000,-0.070000
54.786999,456.000000,456.000000,-9.110000,30.000000,30.000000,0.000000,0.000000,1.000000,0.000000,0.910000,-0.050000
54.792000,448.000000,448.000000,-8.610000,32.000000,30.000000,0.000000,0.000000,1.000000,0.000000,0.860000,-0.100000
54.797001,432.000000,432.000000,-7.920000,32.000000,30.000000,0.000000,0.000000,1.000000,0.000000,0.790000,-0.140000
54.801998,409.000000,409.000000,-7.480000,32.000000,32.000000,0.000000,0.000000,1.000000,0.000000,0.750000,-0.090000
54.806999,393.000000,393.000000,-7.110000,32.000000,32.000000,0.000000,0.000000,1.000000,0.000000,0.710000,-0.070000
54.812000,379.000000,379.000000,-6.560000,32.000000,30.000000,0.000000,0.000000,1.000000,0.000000,0.660000,-0.110000
54.817001,364.000000,364.000000,-5.970000,32.000000,30.000000,0.000000,0.000000,1.000000,0.000000,0.600000,-0.120000
54.821999,346.000000,346.000000,-5.530000,34.000000,32.000000,0.000000,0.000000,1.000000,0.000000,0.550000,-0.090000
54.827000,331.000000,331.000000,-4.790000,34.000000,32.000000,0.000000,0.000000,1.000000,0.000000,0.480000,-0.150000
54.832001,301.000000,301.000000,-4.180000,30.000000,28.000000,0.000000,0.000000,1.000000,0.000000,0.420000,-0.120000
54.837002,274.000000,274.000000,-3.650000,30.000000,28.000000,0.000000,0.000000,1.000000,0.000000,0.370000,-0.110000
54.841999,248.000000,248.000000,-3.420000,32.000000,30.000000,0.000000,0.000000,1.000000,0.000000,0.340000,-0.050000
54.847000,236.000000,236.000000,-2.850000,32.000000,30.000000,0.000000,0.000000,1.000000,0.000000,0.280000,-0.110000
54.852001,199.000000,199.000000,-2.440000,28.000000,28.000000,0.000000,0.000000,1.000000,0.000000,0.240000,-0.080000
54.856998,173.000000,173.000000,-2.000000,28.000000,28.000000,0.000000,0.000000,1.000000,0.000000,0.200000,-0.090000
54.862000,144.000000,144.000000,-1.650000,28.000000,26.000000,0.000000,0.000000,1.000000,0.000000,0.170000,-0.070000
54.867001,120.000000,120.000000,-1.200000,28.000000,26.000000,0.000000,0.000000,1.000000,0.000000,0.120000,-0.090000
54.872002,88.000000,88.000000,-0.880000,24.000000,24.000000,0.000000,0.000000,1.000000,0.000000,0.090000,-0.060000
54.876999,65.000000,65.000000,-0.680000,24.000000,24.000000,0.000000,0.000000,1.000000,0.000000,0.070000,-0.040000
54.882000,51.000000,51.000000,-0.370000,22.000000,22.000000,0.000000,0.000000,1.000000,0.000000,0.040000,-0.060000
54.887001,27.000000,27.000000,-0.110000,22.000000,22.000000,0.000000,0.000000,1.000000,0.000000,0.010000,-0.050000
54.891998,7.000000,7.000000,0.120000,20.000000,18.000000,0.000000,0.000000,1.000000,0.000000,-0.010000,-0.050000
54.896999,-11.000000,-11.000000,0.220000,20.000000,18.000000,0.000000,0.000000,1.000000,0.000000,-0.020000,-0.020000
54.902000,-17.000000,-17.000000,0.320000,18.000000,16.000000,0.000000,0.000000,1.000000,0.000000,-0.030000,-0.020000
54.907001,-26.000000,-26.000000,0.300000,18.000000,16.000000,0.000000,0.000000,1.000000,0.000000,-0.030000,0.010000
54.911999,-23.000000,-23.000000,0.180000,14.000000,14.000000,0.000000,0.000000,1.000000,0.000000,-0.020000,0.020000
54.917000,-14.000000,-14.000000,0.060000,14.000000,14.000000,0.000000,0.000000,1.000000,0.000000,-0.010000,0.020000
54.922001,-5.000000,-5.000000,-0.190000,10.000000,10.000000,0.000000,0.000000,1.000000,0.000000,0.020000,0.050000
54.926998,14.000000,14.000000,-0.420000,10.000000,10.000000,0.000000,0.000000,1.000000,0.000000,0.040000,0.050000
54.931999,32.000000,32.000000,-0.760000,10.000000,8.000000,0.000000,0.000000,1.000000,0.000000,0.080000,0.070000
54.937000,57.000000,57.000000,-1.190000,10.000000,8.000000,0.000000,0.000000,1.000000,0.000000,0.120000,0.080000
54.942001,88.000000,88.000000,-1.560000,10.000000,8.000000,0.000000,0.000000,1.000000,0.000000,0.160000,0.080000
54.946999,114.000000,114.000000,-1.930000,10.000000,8.000000,0.000000,0.000000,1.000000,0.000000,0.190000,0.070000
54.952000,140.000000,140.000000,-2.270000,6.000000,6.000000,0.000000,0.000000,1.000000,0.000000,0.230000,0.070000
54.957001,163.000000,163.000000,-2.720000,6.000000,6.000000,0.000000,0.000000,1.000000,0.000000,0.270000,0.090000
54.962002,193.000000,193.000000,-3.270000,10.000000,8.000000,0.000000,0.000000,1.000000,0.000000,0.330000,0.110000
54.966999,228.000000,228.000000,-3.700000,10.000000,8.000000,0.000000,0.000000,1.000000,0.000000,0.370000,0.090000
54.972000,253.000000,253.000000,-4.060000,8.000000,8.000000,0.000000,0.000000,1.000000,0.000000,0.410000,0.070000
54.977001,271.000000,271.000000,-4.350000,8.000000,8.000000,0.000000,0.000000,1.000000,0.000000,0.430000,0.060000
54.981998,285.000000,285.000000,-4.830000,10.000000,12.000000,0.000000,0.000000,1.000000,0.000000,0.480000,0.100000
54.987000,306.000000,306.000000,-5.020000,10.000000,12.000000,0.000000,0.000000,1.000000,0.000000,0.500000,0.040000
54.992001,314.000000,314.000000,-5.110000,10.000000,10.000000,0.000000,0.000000,1.000000,0.000000,0.510000,0.020000
54.997002,317.000000,317.000000,-5.260000,10.000000,10.000000,0.000000,0.000000,1.000000,0.000000,0.530000,0.030000
55.001999,323.000000,323.000000,-5.480000,14.000000,14.000000,0.000000,0.000000,1.000000,0.000000,0.550000,0.040000
55.007000,331.000000,331.000000,-5.370000,14.000000,14.000000,0.000000,0.000000,1.000000,0.000000,0.540000,-0.020000
55.012001,326.000000,326.000000,-5.190000,12.000000,12.000000,0.000000,0.000000,1.000000,0.000000,0.520000,-0.040000
55.016998,319.000000,319.000000,-4.980000,12.000000,12.000000,0.000000,0.000000,1.000000,0.000000,0.500000,-0.040000
55.021999,311.000000,311.000000,-4.970000,18.000000,16.000000,0.000000,0.000000,1.000000,0.000000,0.500000,0.000000
55.027000,311.000000,311.000000,-4.600000,18.000000,16.000000,0.000000,0.000000,1.000000,0.000000,0.460000,-0.070000
55.032001,294.000000,294.000000,-4.160000,16.000000,14.000000,0.000000,0.000000,1.000000,0.000000,0.420000,-0.090000
55.036999,274.000000,274.000000,-3.820000,16.000000,14.000000,0.000000,0.000000,1.000000,0.000000,0.380000,-0.070000
55.042000,257.000000,257.000000,-3.770000,18.000000,18.000000,0.000000,0.000000,1.000000,0.000000,0.380000,-0.010000
55.047001,256.000000,256.000000,-3.150000,18.000000,18.000000,0.000000,0.000000,1.000000,0.000000,0.310000,-0.120000
55.051998,218.000000,218.000000,-2.510000,16.000000,16.000000,0.000000,0.000000,1.000000,0.000000,0.250000,-0.130000
55.056999,177.000000,177.000000,-1.830000,16.000000,16.000000,0.000000,0.000000,1.000000,0.000000,0.180000,-0.130000
55.062000,131.000000,131.000000,-1.370000,18.000000,18.000000,0.000000,0.000000,1.000000,0.000000,0.140000,-0.090000
55.067001,100.000000,100.000000,-0.570000,18.000000,18.000000,0.000000,0.000000,1.000000,0.000000,0.060000,-0.160000
55.071999,41.000000,41.000000,0.110000,16.000000,16.000000,0.000000,0.000000,1.000000,0.000000,-0.010000,-0.140000
55.077000,-11.000000,-11.000000,0.780000,16.000000,16.000000,0.000000,0.000000,1.000000,0.000000,-0.080000,-0.130000
55.082001,-63.000000,-63.000000,1.580000,16.000000,14.000000,0.000000,0.000000,1.000000,0.000000,-0.160000,-0.160000
55.087002,-127.000000,-127.000000,2.330000,16.000000,14.000000,0.000000,0.000000,1.000000,0.000000,-0.230000,-0.150000
55.091999,-188.000000,-188.000000,3.080000,12.000000,12.000000,0.000000,0.000000,1.000000,0.000000,-0.310000,-0.150000
55.097000,-249.000000,-249.000000,3.900000,12.000000,12.000000,0.000000,0.000000,1.000000,0.000000,-0.390000,-0.160000
55.102001,-321.000000,-321.000000,4.610000,8.000000,6.000000,0.000000,0.000000,1.000000,0.000000,-0.460000,-0.140000
55.106998,-385.000000,-385.000000,5.120000,8.000000,6.000000,0.000000,0.000000,1.000000,0.000000,-0.510000,-0.100000
55.112000,-428.000000,-428.000000,5.430000,6.000000,6.000000,0.000000,0.000000,1.000000,0.000000,-0.540000,-0.060000
55.117001,-452.000000,-452.000000,5.830000,6.000000,6.000000,0.000000,0.000000,1.000000,0.000000,-0.580000,-0.080000
55.122002,-493.000000,-493.000000,6.320000,0.000000,-2.000000,0.000000,0.000000,1.000000,0.000000,-0.630000,-0.100000
55.126999,-543.000000,-543.000000,6.720000,0.000000,-2.000000,0.000000,0.000000,1.000000,0.000000,-0.670000,-0.080000
55.132000,-581.000000,-581.000000,6.960000,-2.000000,-4.000000,0.000000,0.000000,1.000000,0.000000,-0.700000,-0.050000
55.137001,-600.000000,-600.000000,6.960000,-2.000000,-4.000000,0.000000,0.000000,1.000000,0.000000,-0.700000,0.000000
55.141998,-592.000000,-592.000000,7.040000,-8.000000,-10.000000,0.000000,0.000000,1.000000,0.000000,-0.700000,-0.020000
55.146999,-603.000000,-603.000000,7.230000,-8.000000,-10.000000,0.000000,0.000000,1.000000,0.000000,-0.720000,-0.040000
55.152000,-626.000000,-626.000000,7.200000,-12.000000,-14.000000,0.000000,0.000000,1.000000,0.000000,-0.720000,0.000000
55.157001,-616.000000,-616.000000,6.990000,-12.000000,-14.000000,0.000000,0.000000,1.000000,0.000000,-0.700000,0.040000
55.161999,-589.000000,-589.000000,6.660000,-16.000000,-18.000000,0.000000,0.000000,1.000000,0.000000,-0.670000,0.070000
55.167000,-552.000000,-552.000000,6.470000,-16.000000,-18.000000,0.000000,0.000000,1.000000,0.000000,-0.650000,0.040000
55.172001,-538.000000,-538.000000,6.100000,-20.000000,-22.000000,0.000000,0.000000,1.000000,0.000000,-0.610000,0.070000
55.176998,-498.000000,-498.000000,5.550000,-20.000000,-22.000000,0.000000,0.000000,1.000000,0.000000,-0.560000,0.110000
55.181999,-441.000000,-441.000000,5.020000,-22.000000,-24.000000,0.000000,0.000000,1.000000,0.000000,-0.500000,0.110000
55.187000,-393.000000,-393.000000,4.540000,-22.000000,-24.000000,0.000000,0.000000,1.000000,0.000000,-0.450000,0.100000
55.192001,-351.000000,-351.000000,3.880000,-24.000000,-28.000000,0.000000,0.000000,1.000000,0.000000,-0.390000,0.130000
55.196999,-290.000000,-290.000000,3.120000,-24.000000,-28.000000,0.000000,0.000000,1.000000,0.000000,-0.310000,0.150000
55.202000,-229.000000,-229.000000,2.510000,-26.000000,-26.000000,0.000000,0.000000,1.000000,0.000000,-0.250000,0.120000
55.207001,-186.000000,-186.000000,1.550000,-26.000000,-26.000000,0.000000,0.000000,1.000000,0.000000,-0.150000,0.190000
55.212002,-112.000000,-112.000000,0.760000,-24.000000,-26.000000,0.000000,0.000000,1.000000,0.000000,-0.080000,0.160000
55.216999,-55.000000,-55.000000,0.070000,-24.000000,-26.000000,0.000000,0.000000,1.000000,0.000000,-0.010000,0.140000
55.222000,-4.000000,-4.000000,-0.720000,-22.000000,-62.000000,0.000000,0.000000,1.000000,0.000000,0.070000,0.160000
55.227001,54.000000,54.000000,-1.510000,-22.000000,-62.000000,0.000000,0.000000,1.000000,0.000000,0.150000,0.160000
55.231998,110.000000,110.000000,-2.380000,-18.000000,-20.000000,0.000000,0.000000,1.000000,0.000000,0.240000,0.170000
55.237000,169.000000,169.000000,-3.250000,-18.000000,-20.000000,0.000000,0.000000,1.000000,0.000000,0.330000,0.180000
55.242001,227.000000,227.000000,-3.990000,-14.000000,-16.000000,0.000000,0.000000,1.000000,0.000000,0.400000,0.150000
55.247002,268.000000,268.000000,-4.700000,-14.000000,-16.000000,0.000000,0.000000,1.000000,0.000000,0.470000,0.140000
55.251999,302.000000,302.000000,-5.080000,-12.000000,-14.000000,0.000000,0.000000,1.000000,0.000000,0.510000,0.070000
55.257000,316.000000,316.000000,-5.330000,-12.000000,-14.000000,0.000000,0.000000,1.000000,0.000000,0.530000,0.050000
55.262001,326.000000,326.000000,-5.740000,-6.000000,-6.000000,0.000000,0.000000,1.000000,0.000000,0.570000,0.080000
55.266998,341.000000,341.000000,-6.060000,-6.000000,-6.000000,0.000000,0.000000,1.000000,0.000000,0.610000,0.070000
55.271999,351.000000,351.000000,-6.120000,-4.000000,-4.000000,0.000000,0.000000,1.000000,0.000000,0.610000,0.010000
55.277000,351.000000,351.000000,-6.050000,-4.000000,-4.000000,0.000000,0.000000,1.000000,0.000000,0.600000,-0.010000
55.282001,349.000000,349.000000,-6.000000,2.000000,0.000000,0.000000,0.000000,1.000000,0.000000,0.600000,-0.010000
55.286999,347.000000,347.000000,-5.910000,2.000000,0.000000,0.000000,0.000000,1.000000,0.000000,0.590000,-0.020000
55.292000,345.000000,345.000000,-5.590000,4.000000,2.000000,0.000000,0.000000,1.000000,0.000000,0.560000,-0.070000
55.297001,333.000000,333.000000,-5.190000,4.000000,2.000000,0.000000,0.000000,1.000000,0.000000,0.520000,-0.080000
55.301998,318.000000,318.000000,-5.050000,8.000000,8.000000,0.000000,0.000000,1.000000,0.000000,0.510000,-0.030000
55.306999,314.000000,314.000000,-4.760000,8.000000,8.000000,0.000000,0.000000,1.000000,0.000000,0.480000,-0.060000
55.312000,302.000000,302.000000,-4.190000,8.000000,6.000000,0.000000,0.000000,1.000000,0.000000,0.420000,-0.120000
55.317001,274.000000,274.000000,-3.480000,8.000000,6.000000,0.000000,0.000000,1.000000,0.000000,0.350000,-0.140000
55.321999,237.000000,237.000000,-3.130000,12.000000,10.000000,0.000000,0.000000,1.000000,0.000000,0.310000,-0.070000
55.327000,218.000000,218.000000,-2.420000,12.000000,10.000000,0.000000,0.000000,1.000000,0.000000,0.240000,-0.140000
55.332001,170.000000,170.000000,-1.860000,12.000000,10.000000,0.000000,0.000000,1.000000,0.000000,0.190000,-0.110000
55.337002,133.000000,133.000000,-1.100000,12.000000,10.000000,0.000000,0.000000,1.000000,0.000000,0.110000,-0.150000
55.341999,80.000000,80.000000,-0.490000,12.000000,12.000000,0.000000,0.000000,1.000000,0.000000,0.050000,-0.120000
55.347000,35.000000,35.000000,0.290000,12.000000,12.000000,0.000000,0.000000,1.000000,0.000000,-0.030000,-0.160000
55.352001,-25.000000,-25.000000,1.070000,12.000000,10.000000,0.000000,0.000000,1.000000,0.000000,-0.110000,-0.160000
55.356998,-87.000000,-87.000000,1.860000,12.000000,10.000000,0.000000,0.000000,1.000000,0.000000,-0.190000,-0.160000
55.362000,-149.000000,-149.000000,2.580000,8.000000,8.000000,0.000000,0.000000,1.000000,0.000000,-0.260000,-0.140000
55.367001,-208.000000,-208.000000,3.240000,8.000000,8.000000,0.000000,0.000000,1.000000,0.000000,-0.320000,-0.130000
55.372002,-261.000000,-261.000000,3.920000,8.000000,8.000000,0.000000,0.000000,1.000000,0.000000,-0.390000,-0.140000
55.376999,-321.000000,-321.000000,4.700000,8.000000,8.000000,0.000000,0.000000,1.000000,0.000000,-0.470000,-0.160000
55.382000,-395.000000,-395.000000,5.450000,0.000000,0.000000,0.000000,0.000000,1.000000,0.000000,-0.550000,-0.150000
55.387001,-465.000000,-465.000000,5.970000,0.000000,0.000000,0.000000,0.000000,1.000000,0.000000,-0.600000,-0.100000
55.391998,-509.000000,-509.000000,6.320000,0.000000,0.000000,0.000000,0.000000,1.000000,0.000000,-0.630000,-0.070000
55.396999,-539.000000,-539.000000,6.490000,0.000000,0.000000,0.000000,0.000000,1.000000,0.000000,-0.650000,-0.030000
55.402000,-551.000000,-551.000000,6.850000,-8.000000,-44.000000,0.000000,0.000000,1.000000,0.000000,-0.680000,-0.070000
55.407001,-592.000000,-592.000000,7.140000,-8.000000,-44.000000,0.000000,0.000000,1.000000,0.000000,-0.710000,-0.060000
55.411999,-621.000000,-621.000000,7.180000,-10.000000,-8.000000,0.000000,0.000000,1.000000,0.000000,-0.720000,-0.010000
55.417000,-617.000000,-617.000000,6.930000,-10.000000,-8.000000,0.000000,0.000000,1.000000,0.000000,-0.690000,0.050000
55.422001,-582.000000,-582.000000,6.760000,-14.000000,-14.000000,0.000000,0.000000,1.000000,0.000000,-0.680000,0.030000
55.426998,-568.000000,-568.000000,6.640000,-14.000000,-14.000000,0.000000,0.000000,1.000000,0.000000,-0.660000,0.030000
55.431999,-556.000000,-556.000000,6.380000,-18.000000,-18.000000,0.000000,0.000000,1.000000,0.000000,-0.640000,0.050000
55.437000,-528.000000,-528.000000,5.990000,-18.000000,-18.000000,0.000000,0.000000,1.000000,0.000000,-0.600000,0.080000
55.442001,-487.000000,-487.000000,5.590000,-20.000000,-22.000000,0.000000,0.000000,1.000000,0.000000,-0.560000,0.080000
55.446999,-448.000000,-448.000000,5.190000,-20.000000,-22.000000,0.000000,0.000000,1.000000,0.000000,-0.520000,0.080000
55.452000,-411.000000,-411.000000,4.520000,-22.000000,-24.000000,0.000000,0.000000,1.000000,0.000000,-0.450000,0.130000
55.457001,-345.000000,-345.000000,3.740000,-22.000000,-24.000000,0.000000,0.000000,1.000000,0.000000,-0.370000,0.150000
55.462002,-277.000000,-277.000000,3.150000,-24.000000,-26.000000,0.000000,0.000000,1.000000,0.000000,-0.320000,0.120000
55.466999,-234.000000,-234.000000,2.270000,-24.000000,-26.000000,0.000000,0.000000,1.000000,0.000000,-0.230000,0.180000
55.472000,-165.000000,-165.000000,1.530000,-24.000000,-24.000000,0.000000,0.000000,1.000000,0.000000,-0.150000,0.150000
55.477001,-112.000000,-112.000000,0.750000,-24.000000,-24.000000,0.000000,0.000000,1.000000,0.000000,-0.080000,0.150000
55.481998,-55.000000,-55.000000,-0.080000,-24.000000,-24.000000,0.000000,0.000000,1.000000,0.000000,0.010000,0.170000
55.487000,8.000000,8.000000,-0.980000,-24.000000,-24.000000,0.000000,0.000000,1.000000,0.000000,0.100000,0.180000
55.492001,73.000000,73.000000,-1.820000,-20.000000,-22.000000,0.000000,0.000000,1.000000,0.000000,0.180000,0.170000
55.497002,131.000000,131.000000,-2.700000,-20.000000,-22.000000,0.000000,0.000000,1.000000,0.000000,0.270000,0.180000
55.501999,190.000000,190.000000,-3.650000,-16.000000,-18.000000,0.000000,0.000000,1.000000,0.000000,0.360000,0.190000
55.507000,251.000000,251.000000,-4.570000,-16.000000,-18.000000,0.000000,0.000000,1.000000,0.000000,0.460000,0.180000
55.512001,296.000000,296.000000,-5.290000,-14.000000,-14.000000,0.000000,0.000000,1.000000,0.000000,0.530000,0.140000
55.516998,326.000000,326.000000,-5.930000,-14.000000,-14.000000,0.000000,0.000000,1.000000,0.000000,0.590000,0.130000
55.521999,349.000000,349.000000,-6.550000,-8.000000,-8.000000,0.000000,0.000000,1.000000,0.000000,0.650000,0.120000
55.527000,367.000000,367.000000,-6.810000,-8.000000,-8.000000,0.000000,0.000000,1.000000,0.000000,0.680000,0.050000
55.532001,371.000000,371.000000,-6.870000,-4.000000,-6.000000,0.000000,0.000000,1.000000,0.000000,0.690000,0.010000
55.536999,371.000000,371.000000,-6.940000,-4.000000,-6.000000,0.000000,0.000000,1.000000,0.000000,0.690000,0.010000
55.542000,373.000000,373.000000,-7.250000,2.000000,0.000000,0.000000,0.000000,1.000000,0.000000,0.720000,0.060000
55.547001,386.000000,386.000000,-7.450000,2.000000,0.000000,0.000000,0.000000,1.000000,0.000000,0.750000,0.040000
55.551998,393.000000,393.000000,-7.360000,4.000000,4.000000,0.000000,0.000000,1.000000,0.000000,0.740000,-0.020000
55.556999,388.000000,388.000000,-6.890000,4.000000,4.000000,0.000000,0.000000,1.000000,0.000000,0.690000,-0.090000
55.562000,372.000000,372.000000,-6.680000,8.000000,8.000000,0.000000,0.000000,1.000000,0.000000,0.670000,-0.040000
55.567001,366.000000,366.000000,-6.370000,8.000000,8.000000,0.000000,0.000000,1.000000,0.000000,0.640000,-0.060000
55.571999,358.000000,358.000000,-5.990000,8.000000,10.000000,0.000000,0.000000,1.000000,0.000000,0.600000,-0.080000
55.577000,347.000000,347.000000,-5.410000,8.000000,10.000000,0.000000,0.000000,1.000000,0.000000,0.540000,-0.110000
55.582001,326.000000,326.000000,-5.030000,14.000000,12.000000,0.000000,0.000000,1.000000,0.000000,0.500000,-0.080000
55.587002,312.000000,312.000000,-4.450000,14.000000,12.000000,0.000000,0.000000,1.000000,0.000000,0.440000,-0.120000
55.591999,286.000000,286.000000,-3.910000,12.000000,14.000000,0.000000,0.000000,1.000000,0.000000,0.390000,-0.110000
55.597000,261.000000,261.000000,-3.180000,12.000000,14.000000,0.000000,0.000000,1.000000,0.000000,0.320000,-0.150000
55.602001,219.000000,219.000000,-2.620000,16.000000,16.000000,0.000000,0.000000,1.000000,0.000000,0.260000,-0.110000
55.606998,184.000000,184.000000,-1.840000,16.000000,16.000000,0.000000,0.000000,1.000000,0.000000,0.180000,-0.160000
55.612000,132.000000,132.000000,-1.120000,16.000000,14.000000,0.000000,0.000000,1.000000,0.000000,0.110000,-0.140000
55.617001,81.000000,81.000000,-0.390000,16.000000,14.000000,0.000000,0.000000,1.000000,0.000000,0.040000,-0.150000
55.622002,27.000000,27.000000,0.400000,16.000000,14.000000,0.000000,0.000000,1.000000,0.000000,-0.040000,-0.160000
55.626999,-34.000000,-34.000000,1.190000,16.000000,14.000000,0.000000,0.000000,1.000000,0.000000,-0.120000,-0.160000
55.632000,-96.000000,-96.000000,1.930000,12.000000,14.000000,0.000000,0.000000,1.000000,0.000000,-0.190000,-0.150000
55.637001,-155.000000,-155.000000,2.640000,12.000000,14.000000,0.000000,0.000000,1.000000,0.000000,-0.260000,-0.140000
55.641998,-212.000000,-212.000000,3.270000,10.000000,8.000000,0.000000,0.000000,1.000000,0.000000,-0.330000,-0.130000
55.646999,-263.000000,-263.000000,3.840000,10.000000,8.000000,0.000000,0.000000,1.000000,0.000000,-0.380000,-0.110000
55.652000,-312.000000,-312.000000,4.440000,8.000000,8.000000,0.000000,0.000000,1.000000,0.000000,-0.440000,-0.120000
55.657001,-366.000000,-366.000000,5.060000,8.000000,8.000000,0.000000,0.000000,1.000000,0.000000,-0.510000,-0.120000
55.661999,-425.000000,-425.000000,5.680000,2.000000,0.000000,0.000000,0.000000,1.000000,0.000000,-0.570000,-0.120000
55.667000,-484.000000,-484.000000,5.980000,2.000000,0.000000,0.000000,0.000000,1.000000,0.000000,-0.600000,-0.060000
55.672001,-504.000000,-504.000000,6.050000,0.000000,0.000000,0.000000,0.000000,1.000000,0.000000,-0.610000,-0.020000
55.676998,-505.000000,-505.000000,6.050000,0.000000,0.000000,0.000000,0.000000,1.000000,0.000000,-0.610000,0.000000
55.681999,-503.000000,-503.000000,6.210000,-6.000000,-6.000000,0.000000,0.000000,1.000000,0.000000,-0.620000,-0.030000
55.687000,-522.000000,-522.000000,6.350000,-6.000000,-6.000000,0.000000,0.000000,1.000000,0.000000,-0.630000,-0.030000
55.692001,-535.000000,-535.000000,6.370000,-8.000000,-10.000000,0.000000,0.000000,1.000000,0.000000,-0.640000,0.000000
55.696999,-534.000000,-534.000000,6.110000,-8.000000,-10.000000,0.000000,0.000000,1.000000,0.000000,-0.610000,0.050000
55.702000,-501.000000,-501.000000,5.800000,-12.000000,-14.000000,0.000000,0.000000,1.000000,0.000000,-0.580000,0.060000
55.707001,-471.000000,-471.000000,5.590000,-12.000000,-14.000000,0.000000,0.000000,1.000000,0.000000,-0.560000,0.040000
55.712002,-454.000000,-454.000000,5.200000,-16.000000,-16.000000,0.000000,0.000000,1.000000,0.000000,-0.520000,0.080000
55.716999,-412.000000,-412.000000,4.670000,-16.000000,-16.000000,0.000000,0.000000,1.000000,0.000000,-0.470000,0.110000
55.722000,-361.000000,-361.000000,4.180000,-18.000000,-20.000000,0.000000,0.000000,1.000000,0.000000,-0.420000,0.100000
55.727001,-319.000000,-319.000000,3.670000,-18.000000,-20.000000,0.000000,0.000000,1.000000,0.000000,-0.370000,0.100000
55.731998,-275.000000,-275.000000,3.020000,-20.000000,-20.000000,0.000000,0.000000,1.000000,0.000000,-0.300000,0.130000
55.737000,-224.000000,-224.000000,2.180000,-20.000000,-20.000000,0.000000,0.000000,1.000000,0.000000,-0.220000,0.170000
55.742001,-159.000000,-159.000000,1.590000,-22.000000,-24.000000,0.000000,0.000000,1.000000,0.000000,-0.160000,0.120000
55.747002,-118.000000,-118.000000,0.600000,-22.000000,-24.000000,0.000000,0.000000,1.000000,0.000000,-0.060000,0.200000
55.751999,-42.000000,-42.000000,-0.210000,-20.000000,-22.000000,0.000000,0.000000,1.000000,0.000000,0.020000,0.160000
55.757000,17.000000,17.000000,-1.020000,-20.000000,-22.000000,0.000000,0.000000,1.000000,0.000000,0.100000,0.160000
55.762001,75.000000,75.000000,-1.860000,-18.000000,-18.000000,0.000000,0.000000,1.000000,0.000000,0.190000,0.170000
55.766998,134.000000,134.000000,-2.600000,-18.000000,-18.000000,0.000000,0.000000,1.000000,0.000000,0.260000,0.150000
55.771999,184.000000,184.000000,-3.410000,-14.000000,-14.000000,0.000000,0.000000,1.000000,0.000000,0.340000,0.160000
55.777000,237.000000,237.000000,-4.230000,-14.000000,-14.000000,0.000000,0.000000,1.000000,0.000000,0.420000,0.160000
55.782001,280.000000,280.000000,-4.910000,-8.000000,-8.000000,0.000000,0.000000,1.000000,0.000000,0.490000,0.140000
55.786999,310.000000,310.000000,-5.420000,-8.000000,-8.000000,0.000000,0.000000,1.000000,0.000000,0.540000,0.100000
55.792000,330.000000,330.000000,-5.700000,-6.000000,-8.000000,0.000000,0.000000,1.000000,0.000000,0.570000,0.060000
55.797001,339.000000,339.000000,-6.120000,-6.000000,-8.000000,0.000000,0.000000,1.000000,0.000000,0.610000,0.080000
55.801998,353.000000,353.000000,-6.550000,-2.000000,0.000000,0.000000,0.000000,1.000000,0.000000,0.660000,0.090000
55.806999,366.000000,366.000000,-6.710000,-2.000000,0.000000,0.000000,0.000000,1.000000,0.000000,0.670000,0.030000
55.812000,368.000000,368.000000,-6.650000,0.000000,0.000000,0.000000,0.000000,1.000000,0.000000,0.670000,-0.010000
55.817001,366.000000,366.000000,-6.500000,0.000000,0.000000,0.000000,0.000000,1.000000,0.000000,0.650000,-0.030000
55.821999,362.000000,362.000000,-6.530000,6.000000,6.000000,0.000000,0.000000,1.000000,0.000000,0.650000,0.000000
55.827000,362.000000,362.000000,-6.280000,6.000000,6.000000,0.000000,0.000000,1.000000,0.000000,0.630000,-0.050000
55.832001,356.000000,356.000000,-5.890000,6.000000,6.000000,0.000000,0.000000,1.000000,0.000000,0.590000,-0.080000
55.837002,343.000000,343.000000,-5.320000,6.000000,6.000000,0.000000,0.000000,1.000000,0.000000,0.530000,-0.110000
55.841999,323.000000,323.000000,-5.040000,12.000000,10.000000,0.000000,0.000000,1.000000,0.000000,0.500000,-0.060000
55.847000,313.000000,313.000000,-4.500000,12.000000,10.000000,0.000000,0.000000,1.000000,0.000000,0.450000,-0.110000
55.852001,289.000000,289.000000,-3.920000,12.000000,12.000000,0.000000,0.000000,1.000000,0.000000,0.390000,-0.120000
55.856998,261.000000,261.000000,-3.210000,12.000000,12.000000,0.000000,0.000000,1.000000,0.000000,0.320000,-0.140000
55.862000,221.000000,221.000000,-2.730000,16.000000,14.000000,0.000000,0.000000,1.000000,0.000000,0.270000,-0.100000
55.867001,192.000000,192.000000,-1.930000,16.000000,14.000000,0.000000,0.000000,1.000000,0.000000,0.190000,-0.160000
55.872002,137.000000,137.000000,-1.140000,14.000000,12.000000,0.000000,0.000000,1.000000,0.000000,0.110000,-0.160000
55.876999,83.000000,83.000000,-0.450000,14.000000,12.000000,0.000000,0.000000,1.000000,0.000000,0.040000,-0.140000
55.882000,32.000000,32.000000,0.390000,14.000000,14.000000,0.000000,0.000000,1.000000,0.000000,-0.040000,-0.170000
55.887001,-33.000000,-33.000000,1.140000,14.000000,14.000000,0.000000,0.000000,1.000000,0.000000,-0.110000,-0.150000
55.891998,-92.000000,-92.000000,1.950000,12.000000,12.000000,0.000000,0.000000,1.000000,0.000000,-0.200000,-0.160000
55.896999,-157.000000,-157.000000,2.720000,12.000000,12.000000,0.000000,0.000000,1.000000,0.000000,-0.270000,-0.150000
55.902000,-220.000000,-220.000000,3.400000,8.000000,8.000000,0.000000,0.000000,1.000000,0.000000,-0.340000,-0.140000
55.907001,-275.000000,-275.000000,3.970000,8.000000,8.000000,0.000000,0.000000,1.000000,0.000000,-0.400000,-0.110000
55.911999,-323.000000,-323.000000,4.610000,6.000000,6.000000,0.000000,0.000000,1.000000,0.000000,-0.460000,-0.130000
55.917000,-383.000000,-383.000000,5.220000,6.000000,6.000000,0.000000,0.000000,1.000000,0.000000,-0.520000,-0.120000
55.922001,-440.000000,-440.000000,5.880000,0.000000,0.000000,0.000000,0.000000,1.000000,0.000000,-0.590000,-0.130000
55.926998,-505.000000,-505.000000,6.220000,0.000000,0.000000,0.000000,0.000000,1.000000,0.000000,-0.620000,-0.070000
55.931999,-529.000000,-529.000000,6.360000,0.000000,-2.000000,0.000000,0.000000,1.000000,0.000000,-0.640000,-0.030000
55.937000,-537.000000,-537.000000,6.310000,0.000000,-2.000000,0.000000,0.000000,1.000000,0.000000,-0.630000,0.010000
55.942001,-526.000000,-526.000000,6.520000,-6.000000,-6.000000,0.000000,0.000000,1.000000,0.000000,-0.650000,-0.040000
55.946999,-555.000000,-555.000000,6.820000,-6.000000,-6.000000,0.000000,0.000000,1.000000,0.000000,-0.680000,-0.060000
55.952000,-587.000000,-587.000000,6.830000,-8.000000,-10.000000,0.000000,0.000000,1.000000,0.000000,-0.680000,0.000000
55.957001,-579.000000,-579.000000,6.660000,-8.000000,-10.000000,0.000000,0.000000,1.000000,0.000000,-0.670000,0.030000
55.962002,-557.000000,-557.000000,6.450000,-12.000000,-16.000000,0.000000,0.000000,1.000000,0.000000,-0.640000,0.040000
55.966999,-536.000000,-536.000000,6.180000,-12.000000,-16.000000,0.000000,0.000000,1.000000,0.000000,-0.620000,0.050000
55.972000,-507.000000,-507.000000,5.790000,-18.000000,-18.000000,0.000000,0.000000,1.000000,0.000000,-0.580000,0.080000
55.977001,-467.000000,-467.000000,5.310000,-18.000000,-18.000000,0.000000,0.000000,1.000000,0.000000,-0.530000,0.100000
55.981998,-420.000000,-420.000000,4.820000,-20.000000,-22.000000,0.000000,0.000000,1.000000,0.000000,-0.480000,0.100000
55.987000,-376.000000,-376.000000,4.390000,-20.000000,-22.000000,0.000000,0.000000,1.000000,0.000000,-0.440000,0.090000
55.992001,-339.000000,-339.000000,3.750000,-22.000000,-24.000000,0.000000,0.000000,1.000000,0.000000,-0.370000,0.130000
55.997002,-279.000000,-279.000000,3.010000,-22.000000,-24.000000,0.000000,0.000000,1.000000,0.000000,-0.300000,0.150000
56.001999,-221.000000,-221.000000,2.360000,-24.000000,-26.000000,0.000000,0.000000,1.000000,0.000000,-0.240000,0.130000
56.007000,-175.000000,-175.000000,1.450000,-24.000000,-26.000000,0.000000,0.000000,1.000000,0.000000,-0.140000,0.180000
56.012001,-105.000000,-105.000000,0.580000,-20.000000,-22.000000,0.000000,0.000000,1.000000,0.000000,-0.060000,0.170000
56.016998,-41.000000,-41.000000,-0.200000,-20.000000,-22.000000,0.000000,0.000000,1.000000,0.000000,0.020000,0.160000
56.021999,17.000000,17.000000,-1.060000,-20.000000,-22.000000,0.000000,0.000000,1.000000,0.000000,0.110000,0.170000
56.027000,78.000000,78.000000,-1.930000,-20.000000,-22.000000,0.000000,0.000000,1.000000,0.000000,0.190000,0.170000
56.032001,139.000000,139.000000,-2.820000,-18.000000,-20.000000,0.000000,0.000000,1.000000,0.000000,0.280000,0.180000
56.036999,199.000000,199.000000,-3.820000,-18.000000,-20.000000,0.000000,0.000000,1.000000,0.000000,0.380000,0.200000
56.042000,260.000000,260.000000,-4.760000,-12.000000,-14.000000,0.000000,0.000000,1.000000,0.000000,0.480000,0.190000
56.047001,304.000000,304.000000,-5.530000,-12.000000,-14.000000,0.000000,0.000000,1.000000,0.000000,0.550000,0.160000
56.051998,335.000000,335.000000,-6.070000,-10.000000,-12.000000,0.000000,0.000000,1.000000,0.000000,0.610000,0.110000
56.056999,353.000000,353.000000,-6.620000,-10.000000,-12.000000,0.000000,0.000000,1.000000,0.000000,0.660000,0.110000
56.062000,369.000000,369.000000,-7.190000,-4.000000,-4.000000,0.000000,0.000000,1.000000,0.000000,0.720000,0.120000
56.067001,386.000000,386.000000,-7.640000,-4.000000,-4.000000,0.000000,0.000000,1.000000,0.000000,0.760000,0.090000
56.071999,402.000000,402.000000,-7.740000,-2.000000,-2.000000,0.000000,0.000000,1.000000,0.000000,0.770000,0.020000
56.077000,403.000000,403.000000,-7.700000,-2.000000,-2.000000,0.000000,0.000000,1.000000,0.000000,0.770000,-0.010000
56.082001,400.000000,400.000000,-7.940000,4.000000,4.000000,0.000000,0.000000,1.000000,0.000000,0.790000,0.050000
56.087002,411.000000,411.000000,-8.080000,4.000000,4.000000,0.000000,0.000000,1.000000,0.000000,0.810000,0.030000
56.091999,415.000000,415.000000,-8.060000,6.000000,4.000000,0.000000,0.000000,1.000000,0.000000,0.810000,0.000000
56.097000,414.000000,414.000000,-7.710000,6.000000,4.000000,0.000000,0.000000,1.000000,0.000000,0.770000,-0.070000
56.102001,401.000000,401.000000,-7.510000,10.000000,10.000000,0.000000,0.000000,1.000000,0.000000,0.750000,-0.040000
56.106998,394.000000,394.000000,-7.390000,10.000000,10.000000,0.000000,0.000000,1.000000,0.000000,0.740000,-0.020000
56.112000,389.000000,389.000000,-7.170000,12.000000,10.000000,0.000000,0.000000,1.000000,0.000000,0.720000,-0.040000
56.117001,381.000000,381.000000,-6.630000,12.000000,10.000000,0.000000,0.000000,1.000000,0.000000,0.660000,-0.110000
56.122002,365.000000,365.000000,-6.270000,14.000000,14.000000,0.000000,0.000000,1.000000,0.000000,0.630000,-0.070000
56.126999,355.000000,355.000000,-5.620000,14.000000,14.000000,0.000000,0.000000,1.000000,0.000000,0.560000,-0.130000
56.132000,334.000000,334.000000,-5.110000,16.000000,14.000000,0.000000,0.000000,1.000000,0.000000,0.510000,-0.100000
56.137001,315.000000,315.000000,-4.510000,16.000000,14.000000,0.000000,0.000000,1.000000,0.000000,0.450000,-0.120000
56.141998,289.000000,289.000000,-4.100000,18.000000,16.000000,0.000000,0.000000,1.000000,0.000000,0.410000,-0.080000
56.146999,271.000000,271.000000,-3.380000,18.000000,16.000000,0.000000,0.000000,1.000000,0.000000,0.340000,-0.140000
56.152000,231.000000,231.000000,-2.660000,16.000000,16.000000,0.000000,0.000000,1.000000,0.000000,0.270000,-0.140000
56.157001,186.000000,186.000000,-2.000000,16.000000,16.000000,0.000000,0.000000,1.000000,0.000000,0.200000,-0.130000
56.161999,143.000000,143.000000,-1.410000,18.000000,18.000000,0.000000,0.000000,1.000000,0.000000,0.140000,-0.120000
56.167000,102.000000,102.000000,-0.650000,18.000000,18.000000,0.000000,0.000000,1.000000,0.000000,0.060000,-0.150000
56.172001,46.000000,46.000000,0.010000,18.000000,16.000000,0.000000,0.000000,1.000000,0.000000,0.000000,-0.130000
56.176998,-3.000000,-3.000000,0.570000,18.000000,16.000000,0.000000,0.000000,1.000000,0.000000,-0.060000,-0.110000
56.181999,-46.000000,-46.000000,1.200000,16.000000,14.000000,0.000000,0.000000,1.000000,0.000000,-0.120000,-0.130000
56.187000,-96.000000,-96.000000,1.760000,16.000000,14.000000,0.000000,0.000000,1.000000,0.000000,-0.180000,-0.110000
56.192001,-140.000000,-140.000000,2.330000,12.000000,12.000000,0.000000,0.000000,1.000000,0.000000,-0.230000,-0.110000
56.196999,-186.000000,-186.000000,2.860000,12.000000,12.000000,0.000000,0.000000,1.000000,0.000000,-0.290000,-0.110000
56.202000,-228.000000,-228.000000,3.310000,8.000000,6.000000,0.000000,0.000000,1.000000,0.000000,-0.330000,-0.090000
56.207001,-263.000000,-263.000000,3.630000,8.000000,6.000000,0.000000,0.000000,1.000000,0.000000,-0.360000,-0.070000
56.212002,-289.000000,-289.000000,3.980000,6.000000,6.000000,0.000000,0.000000,1.000000,0.000000,-0.400000,-0.070000
56.216999,-319.000000,-319.000000,4.320000,6.000000,6.000000,0.000000,0.000000,1.000000,0.000000,-0.430000,-0.070000
56.222000,-350.000000,-350.000000,4.710000,2.000000,0.000000,0.000000,0.000000,1.000000,0.000000,-0.470000,-0.080000
56.227001,-386.000000,-386.000000,4.760000,2.000000,0.000000,0.000000,0.000000,1.000000,0.000000,-0.480000,-0.010000
56.231998,-383.000000,-383.000000,4.620000,0.000000,0.000000,0.000000,0.000000,1.000000,0.000000,-0.460000,0.030000
56.237000,-365.000000,-365.000000,4.530000,0.000000,0.000000,0.000000,0.000000,1.000000,0.000000,-0.450000,0.020000
56.242001,-359.000000,-359.000000,4.510000,-6.000000,-6.000000,0.000000,0.000000,1.000000,0.000000,-0.450000,0.000000
56.247002,-359.000000,-359.000000,4.360000,-6.000000,-6.000000,0.000000,0.000000,1.000000,0.000000,-0.440000,0.030000
56.251999,-342.000000,-342.000000,4.190000,-6.000000,-8.000000,0.000000,0.000000,1.000000,0.000000,-0.420000,0.030000
56.257000,-328.000000,-328.000000,3.860000,-6.000000,-8.000000,0.000000,0.000000,1.000000,0.000000,-0.390000,0.070000
56.262001,-295.000000,-295.000000,3.630000,-10.000000,-12.000000,0.000000,0.000000,1.000000,0.000000,-0.360000,0.050000
56.266998,-278.000000,-278.000000,3.170000,-10.000000,-12.000000,0.000000,0.000000,1.000000,0.000000,-0.320000,0.090000
56.271999,-238.000000,-238.000000,2.610000,-10.000000,-12.000000,0.000000,0.000000,1.000000,0.000000,-0.260000,0.110000
56.277000,-194.000000,-194.000000,2.040000,-10.000000,-12.000000,0.000000,0.000000,1.000000,0.000000,-0.200000,0.110000
56.282001,-152.000000,-152.000000,1.560000,-14.000000,-14.000000,0.000000,0.000000,1.000000,0.000000,-0.160000,0.100000
56.286999,-116.000000,-116.000000,0.870000,-14.000000,-14.000000,0.000000,0.000000,1.000000,0.000000,-0.090000,0.140000
56.292000,-64.000000,-64.000000,0.250000,-12.000000,-12.000000,0.000000,0.000000,1.000000,0.000000,-0.020000,0.130000
56.297001,-17.000000,-17.000000,-0.320000,-12.000000,-12.000000,0.000000,0.000000,1.000000,0.000000,0.030000,0.110000
56.301998,25.000000,25.000000,-1.000000,-12.000000,-12.000000,0.000000,0.000000,1.000000,0.000000,0.100000,0.140000
56.306999,74.000000,74.000000,-1.610000,-12.000000,-12.000000,0.000000,0.000000,1.000000,0.000000,0.160000,0.120000
56.312000,117.000000,117.000000,-2.220000,-10.000000,-10.000000,0.000000,0.000000,1.000000,0.000000,0.220000,0.120000
56.317001,159.000000,159.000000,-2.850000,-10.000000,-10.000000,0.000000,0.000000,1.000000,0.000000,0.280000,0.130000
56.321999,201.000000,201.000000,-3.410000,-6.000000,-6.000000,0.000000,0.000000,1.000000,0.000000,0.340000,0.110000
56.327000,237.000000,237.000000,-4.030000,-6.000000,-6.000000,0.000000,0.000000,1.000000,0.000000,0.400000,0.120000
56.332001,270.000000,270.000000,-4.390000,-4.000000,-4.000000,0.000000,0.000000,1.000000,0.000000,0.440000,0.070000
56.337002,287.000000,287.000000,-4.880000,-4.000000,-4.000000,0.000000,0.000000,1.000000,0.000000,0.490000,0.100000
56.341999,309.000000,309.000000,-5.400000,0.000000,2.000000,0.000000,0.000000,1.000000,0.000000,0.540000,0.100000
56.347000,329.000000,329.000000,-5.680000,0.000000,2.000000,0.000000,0.000000,1.000000,0.000000,0.570000,0.060000
56.352001,338.000000,338.000000,-5.680000,2.000000,2.000000,0.000000,0.000000,1.000000,0.000000,0.570000,0.000000
56.356998,337.000000,337.000000,-5.640000,2.000000,2.000000,0.000000,0.000000,1.000000,0.000000,0.560000,-0.010000
56.362000,336.000000,336.000000,-5.920000,6.000000,6.000000,0.000000,0.000000,1.000000,0.000000,0.590000,0.060000
56.367001,346.000000,346.000000,-6.070000,6.000000,6.000000,0.000000,0.000000,1.000000,0.000000,0.610000,0.030000
56.372002,351.000000,351.000000,-5.910000,8.000000,6.000000,0.000000,0.000000,1.000000,0.000000,0.590000,-0.030000
56.376999,345.000000,345.000000,-5.560000,8.000000,6.000000,0.000000,0.000000,1.000000,0.000000,0.560000,-0.070000
56.382000,332.000000,332.000000,-5.520000,10.000000,10.000000,0.000000,0.000000,1.000000,0.000000,0.550000,-0.010000
56.387001,331.000000,331.000000,-5.350000,10.000000,10.000000,0.000000,0.000000,1.000000,0.000000,0.540000,-0.030000
56.391998,325.000000,325.000000,-5.170000,10.000000,10.000000,0.000000,0.000000,1.000000,0.000000,0.520000,-0.040000
56.396999,318.000000,318.000000,-4.650000,10.000000,10.000000,0.000000,0.000000,1.000000,0.000000,0.460000,-0.100000
56.402000,296.000000,296.000000,-4.380000,16.000000,16.000000,0.000000,0.000000,1.000000,0.000000,0.440000,-0.050000
56.407001,285.000000,285.000000,-3.890000,16.000000,16.000000,0.000000,0.000000,1.000000,0.000000,0.390000,-0.100000
56.411999,260.000000,260.000000,-3.440000,14.000000,12.000000,0.000000,0.000000,1.000000,0.000000,0.340000,-0.090000
56.417000,236.000000,236.000000,-2.840000,14.000000,12.000000,0.000000,0.000000,1.000000,0.000000,0.280000,-0.120000
56.422001,198.000000,198.000000,-2.430000,16.000000,16.000000,0.000000,0.000000,1.000000,0.000000,0.240000,-0.080000
56.426998,172.000000,172.000000,-1.820000,16.000000,16.000000,0.000000,0.000000,1.000000,0.000000,0.180000,-0.120000
56.431999,130.000000,130.000000,-1.180000,14.000000,12.000000,0.000000,0.000000,1.000000,0.000000,0.120000,-0.130000
56.437000,86.000000,86.000000,-0.620000,14.000000,12.000000,0.000000,0.000000,1.000000,0.000000,0.060000,-0.110000
56.442001,45.000000,45.000000,0.070000,14.000000,14.000000,0.000000,0.000000,1.000000,0.000000,-0.010000,-0.140000
56.446999,-8.000000,-8.000000,0.670000,14.000000,14.000000,0.000000,0.000000,1.000000,0.000000,-0.070000,-0.120000
56.452000,-54.000000,-54.000000,1.240000,12.000000,12.000000,0.000000,0.000000,1.000000,0.000000,-0.120000,-0.110000
56.457001,-99.000000,-99.000000,1.800000,12.000000,12.000000,0.000000,0.000000,1.000000,0.000000,-0.180000,-0.110000
56.462002,-143.000000,-143.000000,2.200000,8.000000,8.000000,0.000000,0.000000,1.000000,0.000000,-0.220000,-0.080000
56.466999,-174.000000,-174.000000,2.610000,8.000000,8.000000,0.000000,0.000000,1.000000,0.000000,-0.260000,-0.080000
56.472000,-207.000000,-207.000000,2.940000,6.000000,8.000000,0.000000,0.000000,1.000000,0.000000,-0.290000,-0.070000
56.477001,-232.000000,-232.000000,3.390000,6.000000,8.000000,0.000000,0.000000,1.000000,0.000000,-0.340000,-0.090000
56.481998,-270.000000,-270.000000,3.730000,4.000000,2.000000,0.000000,0.000000,1.000000,0.000000,-0.370000,-0.070000
56.487000,-297.000000,-297.000000,3.860000,4.000000,2.000000,0.000000,0.000000,1.000000,0.000000,-0.390000,-0.030000
56.492001,-305.000000,-305.000000,3.960000,2.000000,0.000000,0.000000,0.000000,1.000000,0.000000,-0.400000,-0.020000
56.497002,-312.000000,-312.000000,4.030000,2.000000,0.000000,0.000000,0.000000,1.000000,0.000000,-0.400000,-0.010000
56.501999,-318.000000,-318.000000,4.220000,-4.000000,-6.000000,0.000000,0.000000,1.000000,0.000000,-0.420000,-0.040000
56.507000,-338.000000,-338.000000,4.110000,-4.000000,-6.000000,0.000000,0.000000,1.000000,0.000000,-0.410000,0.020000
56.512001,-322.000000,-322.000000,3.940000,-4.000000,-4.000000,0.000000,0.000000,1.000000,0.000000,-0.390000,0.030000
56.516998,-306.000000,-306.000000,3.650000,-4.000000,-4.000000,0.000000,0.000000,1.000000,0.000000,-0.370000,0.060000
56.521999,-279.000000,-279.000000,3.490000,-10.000000,-10.000000,0.000000,0.000000,1.000000,0.000000,-0.350000,0.030000
56.527000,-267.000000,-267.000000,3.130000,-10.000000,-10.000000,0.000000,0.000000,1.000000,0.000000,-0.310000,0.070000
56.532001,-236.000000,-236.000000,2.760000,-8.000000,-10.000000,0.000000,0.000000,1.000000,0.000000,-0.280000,0.070000
56.536999,-209.000000,-209.000000,2.330000,-8.000000,-10.000000,0.000000,0.000000,1.000000,0.000000,-0.230000,0.090000
56.542000,-175.000000,-175.000000,1.930000,-10.000000,-12.000000,0.000000,0.000000,1.000000,0.000000,-0.190000,0.080000
56.547001,-145.000000,-145.000000,1.370000,-10.000000,-12.000000,0.000000,0.000000,1.000000,0.000000,-0.140000,0.110000
56.551998,-102.000000,-102.000000,0.860000,-10.000000,-10.000000,0.000000,0.000000,1.000000,0.000000,-0.090000,0.100000
56.556999,-64.000000,-64.000000,0.400000,-10.000000,-10.000000,0.000000,0.000000,1.000000,0.000000,-0.040000,0.090000
56.562000,-29.000000,-29.000000,-0.210000,-10.000000,-12.000000,0.000000,0.000000,1.000000,0.000000,0.020000,0.120000
56.567001,16.000000,16.000000,-0.770000,-10.000000,-12.000000,0.000000,0.000000,1.000000,0.000000,0.080000,0.110000
56.571999,57.000000,57.000000,-1.340000,-8.000000,-10.000000,0.000000,0.000000,1.000000,0.000000,0.130000,0.120000
56.577000,99.000000,99.000000,-1.930000,-8.000000,-10.000000,0.000000,0.000000,1.000000,0.000000,0.190000,0.120000
56.582001,140.000000,140.000000,-2.410000,-4.000000,-8.000000,0.000000,0.000000,1.000000,0.000000,0.240000,0.090000
56.587002,172.000000,172.000000,-2.890000,-4.000000,-8.000000,0.000000,0.000000,1.000000,0.000000,0.290000,0.100000
56.591999,204.000000,204.000000,-3.420000,-6.000000,-4.000000,0.000000,0.000000,1.000000,0.000000,0.340000,0.110000
56.597000,237.000000,237.000000,-4.100000,-6.000000,-4.000000,0.000000,0.000000,1.000000,0.000000,0.410000,0.140000
56.602001,273.000000,273.000000,-4.830000,0.000000,0.000000,0.000000,0.000000,1.000000,0.000000,0.480000,0.150000
56.606998,307.000000,307.000000,-5.200000,0.000000,0.000000,0.000000,0.000000,1.000000,0.000000,0.520000,0.070000
56.612000,321.000000,321.000000,-5.170000,0.000000,0.000000,0.000000,0.000000,1.000000,0.000000,0.520000,-0.010000
56.617001,319.000000,319.000000,-5.290000,0.000000,0.000000,0.000000,0.000000,1.000000,0.000000,0.530000,0.020000
56.622002,324.000000,324.000000,-5.500000,6.000000,6.000000,0.000000,0.000000,1.000000,0.000000,0.550000,0.040000
56.626999,332.000000,332.000000,-5.820000,6.000000,6.000000,0.000000,0.000000,1.000000,0.000000,0.580000,0.060000
56.632000,343.000000,343.000000,-5.690000,6.000000,6.000000,0.000000,0.000000,1.000000,0.000000,0.570000,-0.030000
56.637001,337.000000,337.000000,-5.400000,6.000000,6.000000,0.000000,0.000000,1.000000,0.000000,0.540000,-0.060000
56.641998,327.000000,327.000000,-5.350000,10.000000,10.000000,0.000000,0.000000,1.000000,0.000000,0.540000,-0.010000
56.646999,326.000000,326.000000,-5.060000,10.000000,10.000000,0.000000,0.000000,1.000000,0.000000,0.510000,-0.060000
56.652000,314.000000,314.000000,-4.800000,10.000000,10.000000,0.000000,0.000000,1.000000,0.000000,0.480000,-0.050000
56.657001,303.000000,303.000000,-4.470000,10.000000,10.000000,0.000000,0.000000,1.000000,0.000000,0.450000,-0.070000
56.661999,289.000000,289.000000,-4.400000,14.000000,14.000000,0.000000,0.000000,1.000000,0.000000,0.440000,-0.010000
56.667000,287.000000,287.000000,-4.020000,14.000000,14.000000,0.000000,0.000000,1.000000,0.000000,0.400000,-0.080000
56.672001,267.000000,267.000000,-3.470000,14.000000,14.000000,0.000000,0.000000,1.000000,0.000000,0.350000,-0.110000
56.676998,238.000000,238.000000,-2.890000,14.000000,14.000000,0.000000,0.000000,1.000000,0.000000,0.290000,-0.120000
56.681999,201.000000,201.000000,-2.560000,16.000000,16.000000,0.000000,0.000000,1.000000,0.000000,0.260000,-0.060000
56.687000,182.000000,182.000000,-1.970000,16.000000,16.000000,0.000000,0.000000,1.000000,0.000000,0.200000,-0.120000
56.692001,141.000000,141.000000,-1.510000,14.000000,14.000000,0.000000,0.000000,1.000000,0.000000,0.150000,-0.090000
56.696999,110.000000,110.000000,-0.990000,14.000000,14.000000,0.000000,0.000000,1.000000,0.000000,0.100000,-0.100000
56.702000,72.000000,72.000000,-0.430000,14.000000,14.000000,0.000000,0.000000,1.000000,0.000000,0.040000,-0.110000
56.707001,31.000000,31.000000,0.090000,14.000000,14.000000,0.000000,0.000000,1.000000,0.000000,-0.010000,-0.110000
56.712002,-9.000000,-9.000000,0.730000,12.000000,12.000000,0.000000,0.000000,1.000000,0.000000,-0.070000,-0.130000
56.716999,-59.000000,-59.000000,1.210000,12.000000,12.000000,0.000000,0.000000,1.000000,0.000000,-0.120000,-0.100000
56.722000,-96.000000,-96.000000,1.700000,10.000000,10.000000,0.000000,0.000000,1.000000,0.000000,-0.170000,-0.100000
56.727001,-135.000000,-135.000000,2.130000,10.000000,10.000000,0.000000,0.000000,1.000000,0.000000,-0.210000,-0.090000
56.731998,-169.000000,-169.000000,2.530000,8.000000,8.000000,0.000000,0.000000,1.000000,0.000000,-0.250000,-0.080000
56.737000,-201.000000,-201.000000,3.030000,8.000000,8.000000,0.000000,0.000000,1.000000,0.000000,-0.300000,-0.100000
56.742001,-242.000000,-242.000000,3.380000,2.000000,4.000000,0.000000,0.000000,1.000000,0.000000,-0.340000,-0.070000
56.747002,-268.000000,-268.000000,3.620000,2.000000,4.000000,0.000000,0.000000,1.000000,0.000000,-0.360000,-0.050000
56.751999,-285.000000,-285.000000,3.730000,2.000000,2.000000,0.000000,0.000000,1.000000,0.000000,-0.370000,-0.020000
56.757000,-293.000000,-293.000000,3.950000,2.000000,2.000000,0.000000,0.000000,1.000000,0.000000,-0.400000,-0.040000
56.762001,-314.000000,-314.000000,4.210000,-4.000000,-4.000000,0.000000,0.000000,1.000000,0.000000,-0.420000,-0.050000
56.766998,-338.000000,-338.000000,4.190000,-4.000000,-4.000000,0.000000,0.000000,1.000000,0.000000,-0.420000,0.000000
56.771999,-331.000000,-331.000000,4.030000,-4.000000,-2.000000,0.000000,0.000000,1.000000,0.000000,-0.400000,0.030000
56.777000,-313.000000,-313.000000,3.710000,-4.000000,-2.000000,0.000000,0.000000,1.000000,0.000000,-0.370000,0.060000
56.782001,-283.000000,-283.000000,3.660000,-8.000000,-10.000000,0.000000,0.000000,1.000000,0.000000,-0.370000,0.010000
56.786999,-284.000000,-284.000000,3.420000,-8.000000,-10.000000,0.000000,0.000000,1.000000,0.000000,-0.340000,0.050000
56.792000,-261.000000,-261.000000,3.250000,-8.000000,-8.000000,0.000000,0.000000,1.000000,0.000000,-0.330000,0.030000
56.797001,-249.000000,-249.000000,2.850000,-8.000000,-8.000000,0.000000,0.000000,1.000000,0.000000,-0.290000,0.080000
56.801998,-215.000000,-215.000000,2.480000,-12.000000,-12.000000,0.000000,0.000000,1.000000,0.000000,-0.250000,0.080000
56.806999,-187.000000,-187.000000,1.990000,-12.000000,-12.000000,0.000000,0.000000,1.000000,0.000000,-0.200000,0.100000
56.812000,-149.000000,-149.000000,1.530000,-10.000000,-10.000000,0.000000,0.000000,1.000000,0.000000,-0.150000,0.090000
56.817001,-114.000000,-114.000000,1.170000,-10.000000,-10.000000,0.000000,0.000000,1.000000,0.000000,-0.120000,0.070000
56.821999,-88.000000,-88.000000,0.640000,-12.000000,-12.000000,0.000000,0.000000,1.000000,0.000000,-0.060000,0.110000
56.827000,-47.000000,-47.000000,0.170000,-12.000000,-12.000000,0.000000,0.000000,1.000000,0.000000,-0.020000,0.090000
56.832001,-12.000000,-12.000000,-0.310000,-10.000000,-8.000000,0.000000,0.000000,1.000000,0.000000,0.030000,0.100000
56.837002,24.000000,24.000000,-0.700000,-10.000000,-8.000000,0.000000,0.000000,1.000000,0.000000,0.070000,0.080000
56.841999,53.000000,53.000000,-1.190000,-8.000000,-10.000000,0.000000,0.000000,1.000000,0.000000,0.120000,0.100000
56.847000,88.000000,88.000000,-1.600000,-8.000000,-10.000000,0.000000,0.000000,1.000000,0.000000,0.160000,0.080000
56.852001,117.000000,117.000000,-2.000000,-8.000000,-6.000000,0.000000,0.000000,1.000000,0.000000,0.200000,0.080000
56.856998,145.000000,145.000000,-2.520000,-8.000000,-6.000000,0.000000,0.000000,1.000000,0.000000,0.250000,0.100000
56.862000,179.000000,179.000000,-2.930000,-4.000000,-4.000000,0.000000,0.000000,1.000000,0.000000,0.290000,0.080000
56.867001,206.000000,206.000000,-3.300000,-4.000000,-4.000000,0.000000,0.000000,1.000000,0.000000,0.330000,0.080000
56.872002,230.000000,230.000000,-3.450000,-2.000000,-4.000000,0.000000,0.000000,1.000000,0.000000,0.340000,0.030000
56.876999,239.000000,239.000000,-3.690000,-2.000000,-4.000000,0.000000,0.000000,1.000000,0.000000,0.370000,0.050000
56.882000,253.000000,253.000000,-3.950000,2.000000,2.000000,0.000000,0.000000,1.000000,0.000000,0.400000,0.050000
56.887001,266.000000,266.000000,-4.000000,2.000000,2.000000,0.000000,0.000000,1.000000,0.000000,0.400000,0.010000
56.891998,268.000000,268.000000,-3.820000,2.000000,2.000000,0.000000,0.000000,1.000000,0.000000,0.380000,-0.040000
56.896999,258.000000,258.000000,-3.760000,2.000000,2.000000,0.000000,0.000000,1.000000,0.000000,0.380000,-0.010000
56.902000,256.000000,256.000000,-4.000000,8.000000,8.000000,0.000000,0.000000,1.000000,0.000000,0.400000,0.050000
56.907001,268.000000,268.000000,-3.920000,8.000000,8.000000,0.000000,0.000000,1.000000,0.000000,0.390000,-0.020000
56.911999,263.000000,263.000000,-3.490000,6.000000,6.000000,0.000000,0.000000,1.000000,0.000000,0.350000,-0.090000
56.917000,239.000000,239.000000,-3.120000,6.000000,6.000000,0.000000,0.000000,1.000000,0.000000,0.310000,-0.070000
56.922001,217.000000,217.000000,-2.890000,10.000000,10.000000,0.000000,0.000000,1.000000,0.000000,0.290000,-0.050000
56.926998,203.000000,203.000000,-2.520000,10.000000,10.000000,0.000000,0.000000,1.000000,0.000000,0.250000,-0.070000
56.931999,178.000000,178.000000,-2.140000,10.000000,10.000000,0.000000,0.000000,1.000000,0.000000,0.210000,-0.080000
56.937000,153.000000,153.000000,-1.650000,10.000000,10.000000,0.000000,0.000000,1.000000,0.000000,0.170000,-0.100000
56.942001,119.000000,119.000000,-1.160000,12.000000,10.000000,0.000000,0.000000,1.000000,0.000000,0.120000,-0.100000
56.946999,85.000000,85.000000,-0.660000,12.000000,10.000000,0.000000,0.000000,1.000000,0.000000,0.070000,-0.100000
56.952000,48.000000,48.000000,-0.130000,10.000000,10.000000,0.000000,0.000000,1.000000,0.000000,0.010000,-0.110000
56.957001,8.000000,8.000000,0.290000,10.000000,10.000000,0.000000,0.000000,1.000000,0.000000,-0.030000,-0.080000
56.962002,-24.000000,-24.000000,0.860000,10.000000,10.000000,0.000000,0.000000,1.000000,0.000000,-0.090000,-0.110000
56.966999,-69.000000,-69.000000,1.310000,10.000000,10.000000,0.000000,0.000000,1.000000,0.000000,-0.130000,-0.090000
56.972000,-104.000000,-104.000000,1.780000,8.000000,8.000000,0.000000,0.000000,1.000000,0.000000,-0.180000,-0.090000
56.977001,-141.000000,-141.000000,2.160000,8.000000,8.000000,0.000000,0.000000,1.000000,0.000000,-0.220000,-0.080000
56.981998,-171.000000,-171.000000,2.490000,2.000000,2.000000,0.000000,0.000000,1.000000,0.000000,-0.250000,-0.070000
56.987000,-196.000000,-196.000000,2.770000,2.000000,2.000000,0.000000,0.000000,1.000000,0.000000,-0.280000,-0.060000
56.992001,-218.000000,-218.000000,3.000000,2.000000,4.000000,0.000000,0.000000,1.000000,0.000000,-0.300000,-0.050000
56.997002,-235.000000,-235.000000,3.410000,2.000000,4.000000,0.000000,0.000000,1.000000,0.000000,-0.340000,-0.080000
57.001999,-271.000000,-271.000000,3.650000,-2.000000,-2.000000,0.000000,0.000000,1.000000,0.000000,-0.370000,-0.050000
57.007000,-289.000000,-289.000000,3.750000,-2.000000,-2.000000,0.000000,0.000000,1.000000,0.000000,-0.380000,-0.020000
57.012001,-295.000000,-295.000000,3.760000,-2.000000,0.000000,0.000000,0.000000,1.000000,0.000000,-0.380000,0.000000
57.016998,-294.000000,-294.000000,3.850000,-2.000000,0.000000,0.000000,0.000000,1.000000,0.000000,-0.380000,-0.020000
57.021999,-302.000000,-302.000000,4.060000,-8.000000,-6.000000,0.000000,0.000000,1.000000,0.000000,-0.410000,-0.040000
57.027000,-323.000000,-323.000000,4.040000,-8.000000,-6.000000,0.000000,0.000000,1.000000,0.000000,-0.400000,0.000000
57.032001,-317.000000,-317.000000,3.840000,-8.000000,-6.000000,0.000000,0.000000,1.000000,0.000000,-0.380000,0.040000
57.036999,-296.000000,-296.000000,3.570000,-8.000000,-6.000000,0.000000,0.000000,1.000000,0.000000,-0.360000,0.050000
57.042000,-272.000000,-272.000000,3.510000,-10.000000,-12.000000,0.000000,0.000000,1.000000,0.000000,-0.350000,0.010000
57.047001,-270.000000,-270.000000,3.120000,-10.000000,-12.000000,0.000000,0.000000,1.000000,0.000000,-0.310000,0.080000
57.051998,-235.000000,-235.000000,2.870000,-10.000000,-10.000000,0.000000,0.000000,1.000000,0.000000,-0.290000,0.050000
57.056999,-218.000000,-218.000000,2.450000,-10.000000,-10.000000,0.000000,0.000000,1.000000,0.000000,-0.250000,0.080000
57.062000,-185.000000,-185.000000,2.250000,-12.000000,-12.000000,0.000000,0.000000,1.000000,0.000000,-0.230000,0.040000
57.067001,-172.000000,-172.000000,1.930000,-12.000000,-12.000000,0.000000,0.000000,1.000000,0.000000,-0.190000,0.060000
57.071999,-146.000000,-146.000000,1.530000,-12.000000,-10.000000,0.000000,0.000000,1.000000,0.000000,-0.150000,0.080000
57.077000,-115.000000,-115.000000,1.090000,-12.000000,-10.000000,0.000000,0.000000,1.000000,0.000000,-0.110000,0.090000
57.082001,-82.000000,-82.000000,0.510000,-12.000000,-12.000000,0.000000,0.000000,1.000000,0.000000,-0.050000,0.120000
57.087002,-37.000000,-37.000000,0.070000,-12.000000,-12.000000,0.000000,0.000000,1.000000,0.000000,-0.010000,0.090000
57.091999,-4.000000,-4.000000,-0.420000,-10.000000,-10.000000,0.000000,0.000000,1.000000,0.000000,0.040000,0.100000
57.097000,32.000000,32.000000,-0.830000,-10.000000,-10.000000,0.000000,0.000000,1.000000,0.000000,0.080000,0.080000
57.102001,62.000000,62.000000,-1.250000,-8.000000,-10.000000,0.000000,0.000000,1.000000,0.000000,0.120000,0.080000
57.106998,92.000000,92.000000,-1.620000,-8.000000,-10.000000,0.000000,0.000000,1.000000,0.000000,0.160000,0.070000
57.112000,118.000000,118.000000,-1.980000,-6.000000,-6.000000,0.000000,0.000000,1.000000,0.000000,0.200000,0.070000
57.117001,143.000000,143.000000,-2.450000,-6.000000,-6.000000,0.000000,0.000000,1.000000,0.000000,0.250000,0.090000
57.122002,175.000000,175.000000,-2.730000,-2.000000,-4.000000,0.000000,0.000000,1.000000,0.000000,0.270000,0.060000
57.126999,194.000000,194.000000,-2.990000,-2.000000,-4.000000,0.000000,0.000000,1.000000,0.000000,0.300000,0.050000
57.132000,210.000000,210.000000,-3.140000,-2.000000,-4.000000,0.000000,0.000000,1.000000,0.000000,0.310000,0.030000
57.137001,220.000000,220.000000,-3.410000,-2.000000,-4.000000,0.000000,0.000000,1.000000,0.000000,0.340000,0.050000
57.141998,237.000000,237.000000,-3.580000,2.000000,0.000000,0.000000,0.000000,1.000000,0.000000,0.360000,0.040000
57.146999,247.000000,247.000000,-3.670000,2.000000,0.000000,0.000000,0.000000,1.000000,0.000000,0.370000,0.020000
57.152000,251.000000,251.000000,-3.540000,2.000000,2.000000,0.000000,0.000000,1.000000,0.000000,0.350000,-0.030000
57.157001,244.000000,244.000000,-3.370000,2.000000,2.000000,0.000000,0.000000,1.000000,0.000000,0.340000,-0.030000
57.161999,233.000000,233.000000,-3.490000,8.000000,6.000000,0.000000,0.000000,1.000000,0.000000,0.350000,0.020000
57.167000,241.000000,241.000000,-3.430000,8.000000,6.000000,0.000000,0.000000,1.000000,0.000000,0.340000,-0.010000
57.172001,238.000000,238.000000,-3.290000,6.000000,6.000000,0.000000,0.000000,1.000000,0.000000,0.330000,-0.030000
57.176998,229.000000,229.000000,-3.080000,6.000000,6.000000,0.000000,0.000000,1.000000,0.000000,0.310000,-0.040000
57.181999,215.000000,215.000000,-2.800000,10.000000,8.000000,0.000000,0.000000,1.000000,0.000000,0.280000,-0.050000
57.187000,197.000000,197.000000,-2.520000,10.000000,8.000000,0.000000,0.000000,1.000000,0.000000,0.250000,-0.060000
57.192001,179.000000,179.000000,-2.200000,10.000000,8.000000,0.000000,0.000000,1.000000,0.000000,0.220000,-0.060000
57.196999,158.000000,158.000000,-1.870000,10.000000,8.000000,0.000000,0.000000,1.000000,0.000000,0.190000,-0.070000
57.202000,135.000000,135.000000,-1.530000,10.000000,10.000000,0.000000,0.000000,1.000000,0.000000,0.150000,-0.070000
57.207001,111.000000,111.000000,-1.210000,10.000000,10.000000,0.000000,0.000000,1.000000,0.000000,0.120000,-0.060000
57.212002,89.000000,89.000000,-0.770000,10.000000,8.000000,0.000000,0.000000,1.000000,0.000000,0.080000,-0.090000
57.216999,56.000000,56.000000,-0.470000,10.000000,8.000000,0.000000,0.000000,1.000000,0.000000,0.050000,-0.060000
57.222000,35.000000,35.000000,0.050000,8.000000,10.000000,0.000000,0.000000,1.000000,0.000000,0.000000,-0.100000
57.227001,-5.000000,-5.000000,0.380000,8.000000,10.000000,0.000000,0.000000,1.000000,0.000000,-0.040000,-0.070000
57.231998,-31.000000,-31.000000,0.710000,8.000000,6.000000,0.000000,0.000000,1.000000,0.000000,-0.070000,-0.070000
57.237000,-56.000000,-56.000000,1.000000,8.000000,6.000000,0.000000,0.000000,1.000000,0.000000,-0.100000,-0.060000
57.242001,-79.000000,-79.000000,1.280000,6.000000,6.000000,0.000000,0.000000,1.000000,0.000000,-0.130000,-0.060000
57.247002,-100.000000,-100.000000,1.520000,6.000000,6.000000,0.000000,0.000000,1.000000,0.000000,-0.150000,-0.050000
57.251999,-119.000000,-119.000000,1.700000,6.000000,4.000000,0.000000,0.000000,1.000000,0.000000,-0.170000,-0.040000
57.257000,-133.000000,-133.000000,1.940000,6.000000,4.000000,0.000000,0.000000,1.000000,0.000000,-0.190000,-0.050000
57.262001,-152.000000,-152.000000,2.020000,2.000000,0.000000,0.000000,0.000000,1.000000,0.000000,-0.200000,-0.020000
57.266998,-157.000000,-157.000000,2.100000,2.000000,0.000000,0.000000,0.000000,1.000000,0.000000,-0.210000,-0.010000
57.271999,-163.000000,-163.000000,2.080000,0.000000,0.000000,0.000000,0.000000,1.000000,0.000000,-0.210000,0.000000
57.277000,-161.000000,-161.000000,2.210000,0.000000,0.000000,0.000000,0.000000,1.000000,0.000000,-0.220000,-0.030000
57.282001,-172.000000,-172.000000,2.030000,-4.000000,-4.000000,0.000000,0.000000,1.000000,0.000000,-0.200000,0.040000
57.286999,-155.000000,-155.000000,1.860000,-4.000000,-4.000000,0.000000,0.000000,1.000000,0.000000,-0.190000,0.040000
57.292000,-142.000000,-142.000000,1.770000,-2.000000,-4.000000,0.000000,0.000000,1.000000,0.000000,-0.180000,0.020000
57.297001,-137.000000,-137.000000,1.800000,-2.000000,-4.000000,0.000000,0.000000,1.000000,0.000000,-0.180000,0.000000
57.301998,-139.000000,-139.000000,1.580000,-6.000000,-4.000000,0.000000,0.000000,1.000000,0.000000,-0.160000,0.040000
57.306999,-121.000000,-121.000000,1.330000,-6.000000,-4.000000,0.000000,0.000000,1.000000,0.000000,-0.130000,0.050000
57.312000,-101.000000,-101.000000,1.070000,-4.000000,-4.000000,0.000000,0.000000,1.000000,0.000000,-0.110000,0.050000
57.317001,-81.000000,-81.000000,0.920000,-4.000000,-4.000000,0.000000,0.000000,1.000000,0.000000,-0.090000,0.030000
57.321999,-71.000000,-71.000000,0.620000,-6.000000,-6.000000,0.000000,0.000000,1.000000,0.000000,-0.060000,0.060000
57.327000,-46.000000,-46.000000,0.340000,-6.000000,-6.000000,0.000000,0.000000,1.000000,0.000000,-0.030000,0.060000
57.332001,-26.000000,-26.000000,-0.020000,-4.000000,-4.000000,0.000000,0.000000,1.000000,0.000000,0.000000,0.070000
57.337002,2.000000,2.000000,-0.300000,-4.000000,-4.000000,0.000000,0.000000,1.000000,0.000000,0.030000,0.060000
57.341999,23.000000,23.000000,-0.620000,-4.000000,-4.000000,0.000000,0.000000,1.000000,0.000000,0.060000,0.060000
57.347000,46.000000,46.000000,-0.930000,-4.000000,-4.000000,0.000000,0.000000,1.000000,0.000000,0.090000,0.060000
57.352001,69.000000,69.000000,-1.240000,-4.000000,-4.000000,0.000000,0.000000,1.000000,0.000000,0.120000,0.060000
57.356998,91.000000,91.000000,-1.580000,-4.000000,-4.000000,0.000000,0.000000,1.000000,0.000000,0.160000,0.070000
57.362000,115.000000,115.000000,-1.810000,-2.000000,0.000000,0.000000,0.000000,1.000000,0.000000,0.180000,0.050000
57.367001,131.000000,131.000000,-2.060000,-2.000000,0.000000,0.000000,0.000000,1.000000,0.000000,0.210000,0.050000
57.372002,149.000000,149.000000,-2.230000,-2.000000,-2.000000,0.000000,0.000000,1.000000,0.000000,0.220000,0.030000
57.376999,160.000000,160.000000,-2.540000,-2.000000,-2.000000,0.000000,0.000000,1.000000,0.000000,0.250000,0.060000
57.382000,181.000000,181.000000,-2.540000,4.000000,4.000000,0.000000,0.000000,1.000000,0.000000,0.250000,0.000000
57.387001,182.000000,182.000000,-2.560000,4.000000,4.000000,0.000000,0.000000,1.000000,0.000000,0.260000,0.000000
57.391998,182.000000,182.000000,-2.580000,2.000000,2.000000,0.000000,0.000000,1.000000,0.000000,0.260000,0.000000
57.396999,184.000000,184.000000,-2.800000,2.000000,2.000000,0.000000,0.000000,1.000000,0.000000,0.280000,0.040000
57.402000,198.000000,198.000000,-2.930000,6.000000,4.000000,0.000000,0.000000,1.000000,0.000000,0.290000,0.030000
57.407001,206.000000,206.000000,-3.060000,6.000000,4.000000,0.000000,0.000000,1.000000,0.000000,0.310000,0.030000
57.411999,215.000000,215.000000,-2.990000,6.000000,4.000000,0.000000,0.000000,1.000000,0.000000,0.300000,-0.010000
57.417000,210.000000,210.000000,-3.020000,6.000000,4.000000,0.000000,0.000000,1.000000,0.000000,0.300000,0.010000
57.422001,212.000000,212.000000,-3.000000,8.000000,8.000000,0.000000,0.000000,1.000000,0.000000,0.300000,0.000000
57.426998,211.000000,211.000000,-2.660000,8.000000,8.000000,0.000000,0.000000,1.000000,0.000000,0.270000,-0.070000
57.431999,188.000000,188.000000,-2.310000,6.000000,8.000000,0.000000,0.000000,1.000000,0.000000,0.230000,-0.070000
57.437000,165.000000,165.000000,-2.090000,6.000000,8.000000,0.000000,0.000000,1.000000,0.000000,0.210000,-0.040000
57.442001,150.000000,150.000000,-1.870000,10.000000,10.000000,0.000000,0.000000,1.000000,0.000000,0.190000,-0.040000
57.446999,135.000000,135.000000,-1.300000,10.000000,10.000000,0.000000,0.000000,1.000000,0.000000,0.130000,-0.120000
57.452000,94.000000,94.000000,-0.710000,10.000000,8.000000,0.000000,0.000000,1.000000,0.000000,0.070000,-0.120000
57.457001,52.000000,52.000000,-0.140000,10.000000,8.000000,0.000000,0.000000,1.000000,0.000000,0.010000,-0.110000
57.462002,9.000000,9.000000,0.570000,8.000000,8.000000,0.000000,0.000000,1.000000,0.000000,-0.060000,-0.140000
57.466999,-46.000000,-46.000000,1.220000,8.000000,8.000000,0.000000,0.000000,1.000000,0.000000,-0.120000,-0.130000
57.472000,-98.000000,-98.000000,1.930000,8.000000,6.000000,0.000000,0.000000,1.000000,0.000000,-0.190000,-0.140000
57.477001,-155.000000,-155.000000,2.730000,8.000000,6.000000,0.000000,0.000000,1.000000,0.000000,-0.270000,-0.160000
57.481998,-221.000000,-221.000000,3.400000,4.000000,6.000000,0.000000,0.000000,1.000000,0.000000,-0.340000,-0.140000
57.487000,-275.000000,-275.000000,4.040000,4.000000,6.000000,0.000000,0.000000,1.000000,0.000000,-0.400000,-0.130000
57.492001,-330.000000,-330.000000,4.500000,4.000000,2.000000,0.000000,0.000000,1.000000,0.000000,-0.450000,-0.090000
57.497002,-369.000000,-369.000000,5.190000,4.000000,2.000000,0.000000,0.000000,1.000000,0.000000,-0.520000,-0.140000
57.501999,-439.000000,-439.000000,6.040000,-4.000000,-2.000000,0.000000,0.000000,1.000000,0.000000,-0.600000,-0.170000
57.507000,-526.000000,-526.000000,6.620000,-4.000000,-2.000000,0.000000,0.000000,1.000000,0.000000,-0.660000,-0.120000
57.512001,-576.000000,-576.000000,6.970000,-4.000000,-2.000000,0.000000,0.000000,1.000000,0.000000,-0.700000,-0.070000
57.516998,-605.000000,-605.000000,7.180000,-4.000000,-2.000000,0.000000,0.000000,1.000000,0.000000,-0.720000,-0.040000
57.521999,-622.000000,-622.000000,7.780000,-10.000000,-8.000000,0.000000,0.000000,1.000000,0.000000,-0.780000,-0.120000
57.527000,-698.000000,-698.000000,8.370000,-10.000000,-8.000000,0.000000,0.000000,1.000000,0.000000,-0.840000,-0.120000
57.532001,-761.000000,-761.000000,8.650000,-12.000000,-14.000000,0.000000,0.000000,1.000000,0.000000,-0.870000,-0.060000
57.536999,-781.000000,-781.000000,8.660000,-12.000000,-14.000000,0.000000,0.000000,1.000000,0.000000,-0.870000,0.000000
57.542000,-771.000000,-771.000000,8.790000,-16.000000,-16.000000,0.000000,0.000000,1.000000,0.000000,-0.880000,-0.030000
57.547001,-790.000000,-790.000000,9.010000,-16.000000,-16.000000,0.000000,0.000000,1.000000,0.000000,-0.900000,-0.040000
57.551998,-800.000000,-800.000000,9.180000,-22.000000,-24.000000,0.000000,0.000000,1.000000,0.000000,-0.920000,-0.030000
57.556999,-800.000000,-800.000000,9.080000,-22.000000,-24.000000,0.000000,0.000000,1.000000,0.000000,-0.910000,0.020000
57.562000,-800.000000,-800.000000,8.880000,-26.000000,-26.000000,0.000000,0.000000,1.000000,0.000000,-0.890000,0.040000
57.567001,-787.000000,-787.000000,8.600000,-26.000000,-26.000000,0.000000,0.000000,1.000000,0.000000,-0.860000,0.060000
57.571999,-754.000000,-754.000000,8.360000,-30.000000,-32.000000,0.000000,0.000000,1.000000,0.000000,-0.840000,0.050000
57.577000,-729.000000,-729.000000,7.860000,-30.000000,-32.000000,0.000000,0.000000,1.000000,0.000000,-0.790000,0.100000
57.582001,-668.000000,-668.000000,7.360000,-34.000000,-34.000000,0.000000,0.000000,1.000000,0.000000,-0.740000,0.100000
57.587002,-618.000000,-618.000000,6.810000,-34.000000,-34.000000,0.000000,0.000000,1.000000,0.000000,-0.680000,0.110000
57.591999,-561.000000,-561.000000,6.130000,-38.000000,-38.000000,0.000000,0.000000,1.000000,0.000000,-0.610000,0.140000
57.597000,-492.000000,-492.000000,5.160000,-38.000000,-38.000000,0.000000,0.000000,1.000000,0.000000,-0.520000,0.190000
57.602001,-395.000000,-395.000000,4.360000,-38.000000,-40.000000,0.000000,0.000000,1.000000,0.000000,-0.440000,0.160000
57.606998,-328.000000,-328.000000,3.530000,-38.000000,-40.000000,0.000000,0.000000,1.000000,0.000000,-0.350000,0.170000
57.612000,-258.000000,-258.000000,2.480000,-36.000000,-38.000000,0.000000,0.000000,1.000000,0.000000,-0.250000,0.210000
57.617001,-178.000000,-178.000000,1.540000,-36.000000,-38.000000,0.000000,0.000000,1.000000,0.000000,-0.150000,0.190000
57.622002,-111.000000,-111.000000,0.740000,-38.000000,-40.000000,0.000000,0.000000,1.000000,0.000000,-0.070000,0.160000
57.626999,-53.000000,-53.000000,-0.280000,-38.000000,-40.000000,0.000000,0.000000,1.000000,0.000000,0.030000,0.200000
57.632000,22.000000,22.000000,-1.370000,-34.000000,-34.000000,0.000000,0.000000,1.000000,0.000000,0.140000,0.220000
57.637001,100.000000,100.000000,-2.550000,-34.000000,-34.000000,0.000000,0.000000,1.000000,0.000000,0.260000,0.240000
57.641998,181.000000,181.000000,-3.610000,-28.000000,-30.000000,0.000000,0.000000,1.000000,0.000000,0.360000,0.210000
57.646999,249.000000,249.000000,-4.640000,-28.000000,-30.000000,0.000000,0.000000,1.000000,0.000000,0.460000,0.200000
57.652000,299.000000,299.000000,-5.400000,-24.000000,-26.000000,0.000000,0.000000,1.000000,0.000000,0.540000,0.150000
57.657001,330.000000,330.000000,-6.140000,-24.000000,-26.000000,0.000000,0.000000,1.000000,0.000000,0.610000,0.150000
57.661999,356.000000,356.000000,-7.020000,-16.000000,-18.000000,0.000000,0.000000,1.000000,0.000000,0.700000,0.180000
57.667000,382.000000,382.000000,-7.630000,-16.000000,-18.000000,0.000000,0.000000,1.000000,0.000000,0.760000,0.120000
57.672001,403.000000,403.000000,-8.130000,-14.000000,-14.000000,0.000000,0.000000,1.000000,0.000000,0.810000,0.100000
57.676998,419.000000,419.000000,-8.570000,-14.000000,-14.000000,0.000000,0.000000,1.000000,0.000000,0.860000,0.090000
57.681999,434.000000,434.000000,-9.150000,-6.000000,-6.000000,0.000000,0.000000,1.000000,0.000000,0.910000,0.120000
57.687000,453.000000,453.000000,-9.490000,-6.000000,-6.000000,0.000000,0.000000,1.000000,0.000000,0.950000,0.070000
57.692001,462.000000,462.000000,-9.480000,-2.000000,-2.000000,0.000000,0.000000,1.000000,0.000000,0.950000,0.000000
57.696999,460.000000,460.000000,-9.540000,-2.000000,-2.000000,0.000000,0.000000,1.000000,0.000000,0.950000,0.010000
57.702000,462.000000,462.000000,-9.800000,4.000000,4.000000,0.000000,0.000000,1.000000,0.000000,0.980000,0.050000
57.707001,470.000000,470.000000,-9.910000,4.000000,4.000000,0.000000,0.000000,1.000000,0.000000,0.990000,0.020000
57.712002,473.000000,473.000000,-9.640000,6.000000,6.000000,0.000000,0.000000,1.000000,0.000000,0.960000,-0.050000
57.716999,464.000000,464.000000,-9.330000,6.000000,6.000000,0.000000,0.000000,1.000000,0.000000,0.930000,-0.060000
57.722000,455.000000,455.000000,-9.300000,12.000000,10.000000,0.000000,0.000000,1.000000,0.000000,0.930000,-0.010000
57.727001,455.000000,455.000000,-9.160000,12.000000,10.000000,0.000000,0.000000,1.000000,0.000000,0.920000,-0.030000
57.731998,450.000000,450.000000,-8.630000,12.000000,12.000000,0.000000,0.000000,1.000000,0.000000,0.860000,-0.110000
57.737000,433.000000,433.000000,-8.190000,12.000000,12.000000,0.000000,0.000000,1.000000,0.000000,0.820000,-0.090000
57.742001,418.000000,418.000000,-8.130000,18.000000,16.000000,0.000000,0.000000,1.000000,0.000000,0.810000,-0.010000
57.747002,416.000000,416.000000,-7.640000,18.000000,16.000000,0.000000,0.000000,1.000000,0.000000,0.760000,-0.100000
57.751999,399.000000,399.000000,-6.870000,18.000000,16.000000,0.000000,0.000000,1.000000,0.000000,0.690000,-0.150000
57.757000,372.000000,372.000000,-6.210000,18.000000,16.000000,0.000000,0.000000,1.000000,0.000000,0.620000,-0.130000
57.762001,353.000000,353.000000,-5.820000,20.000000,18.000000,0.000000,0.000000,1.000000,0.000000,0.580000,-0.080000
57.766998,341.000000,341.000000,-4.980000,20.000000,18.000000,0.000000,0.000000,1.000000,0.000000,0.500000,-0.170000
57.771999,309.000000,309.000000,-4.140000,20.000000,18.000000,0.000000,0.000000,1.000000,0.000000,0.410000,-0.170000
57.777000,271.000000,271.000000,-3.290000,20.000000,18.000000,0.000000,0.000000,1.000000,0.000000,0.330000,-0.170000
57.782001,225.000000,225.000000,-2.780000,24.000000,22.000000,0.000000,0.000000,1.000000,0.000000,0.280000,-0.100000
57.786999,195.000000,195.000000,-1.820000,24.000000,22.000000,0.000000,0.000000,1.000000,0.000000,0.180000,-0.190000
57.792000,130.000000,130.000000,-1.070000,20.000000,20.000000,0.000000,0.000000,1.000000,0.000000,0.110000,-0.150000
57.797001,77.000000,77.000000,-0.270000,20.000000,20.000000,0.000000,0.000000,1.000000,0.000000,0.030000,-0.160000
57.801998,18.000000,18.000000,0.460000,20.000000,18.000000,0.000000,0.000000,1.000000,0.000000,-0.050000,-0.150000
57.806999,-38.000000,-38.000000,0.990000,20.000000,18.000000,0.000000,0.000000,1.000000,0.000000,-0.100000,-0.110000
57.812000,-79.000000,-79.000000,1.510000,16.000000,18.000000,0.000000,0.000000,1.000000,0.000000,-0.150000,-0.100000
57.817001,-120.000000,-120.000000,2.000000,16.000000,18.000000,0.000000,0.000000,1.000000,0.000000,-0.200000,-0.100000
57.821999,-159.000000,-159.000000,2.310000,12.000000,12.000000,0.000000,0.000000,1.000000,0.000000,-0.230000,-0.060000
57.827000,-182.000000,-182.000000,2.560000,12.000000,12.000000,0.000000,0.000000,1.000000,0.000000,-0.260000,-0.050000
57.832001,-201.000000,-201.000000,2.700000,10.000000,12.000000,0.000000,0.000000,1.000000,0.000000,-0.270000,-0.030000
57.837002,-210.000000,-210.000000,2.990000,10.000000,12.000000,0.000000,0.000000,1.000000,0.000000,-0.300000,-0.060000
57.841999,-235.000000,-235.000000,3.070000,6.000000,4.000000,0.000000,0.000000,1.000000,0.000000,-0.310000,-0.020000
57.847000,-239.000000,-239.000000,3.060000,6.000000,4.000000,0.000000,0.000000,1.000000,0.000000,-0.310000,0.000000
57.852001,-237.000000,-237.000000,2.930000,4.000000,4.000000,0.000000,0.000000,1.000000,0.000000,-0.290000,0.030000
57.856998,-224.000000,-224.000000,2.780000,4.000000,4.000000,0.000000,0.000000,1.000000,0.000000,-0.280000,0.030000
57.862000,-213.000000,-213.000000,2.550000,0.000000,-2.000000,0.000000,0.000000,1.000000,0.000000,-0.260000,0.040000
57.867001,-195.000000,-195.000000,2.170000,0.000000,-2.000000,0.000000,0.000000,1.000000,0.000000,-0.220000,0.080000
57.872002,-164.000000,-164.000000,1.730000,-2.000000,-2.000000,0.000000,0.000000,1.000000,0.000000,-0.170000,0.090000
57.876999,-130.000000,-130.000000,1.250000,-2.000000,-2.000000,0.000000,0.000000,1.000000,0.000000,-0.120000,0.100000
57.882000,-93.000000,-93.000000,0.720000,-4.000000,-6.000000,0.000000,0.000000,1.000000,0.000000,-0.070000,0.110000
57.887001,-53.000000,-53.000000,0.210000,-4.000000,-6.000000,0.000000,0.000000,1.000000,0.000000,-0.020000,0.100000
57.891998,-15.000000,-15.000000,-0.320000,-2.000000,-2.000000,0.000000,0.000000,1.000000,0.000000,0.030000,0.110000
57.896999,25.000000,25.000000,-0.860000,-2.000000,-2.000000,0.000000,0.000000,1.000000,0.000000,0.090000,0.110000
57.902000,65.000000,65.000000,-1.460000,-2.000000,-4.000000,0.000000,0.000000,1.000000,0.000000,0.150000,0.120000
57.907001,107.000000,107.000000,-1.990000,-2.000000,-4.000000,0.000000,0.000000,1.000000,0.000000,0.200000,0.110000
57.911999,144.000000,144.000000,-2.540000,-2.000000,-4.000000,0.000000,0.000000,1.000000,0.000000,0.250000,0.110000
57.917000,181.000000,181.000000,-3.150000,-2.000000,-4.000000,0.000000,0.000000,1.000000,0.000000,0.320000,0.120000
57.922001,220.000000,220.000000,-3.650000,0.000000,0.000000,0.000000,0.000000,1.000000,0.000000,0.360000,0.100000
57.926998,250.000000,250.000000,-4.200000,0.000000,0.000000,0.000000,0.000000,1.000000,0.000000,0.420000,0.110000
57.931999,278.000000,278.000000,-4.610000,0.000000,2.000000,0.000000,0.000000,1.000000,0.000000,0.460000,0.080000
57.937000,297.000000,297.000000,-5.210000,0.000000,2.000000,0.000000,0.000000,1.000000,0.000000,0.520000,0.120000
57.942001,322.000000,322.000000,-5.750000,6.000000,6.000000,0.000000,0.000000,1.000000,0.000000,0.580000,0.110000
57.946999,342.000000,342.000000,-6.100000,6.000000,6.000000,0.000000,0.000000,1.000000,0.000000,0.610000,0.070000
57.952000,352.000000,352.000000,-6.170000,4.000000,4.000000,0.000000,0.000000,1.000000,0.000000,0.620000,0.020000
57.957001,353.000000,353.000000,-6.450000,4.000000,4.000000,0.000000,0.000000,1.000000,0.000000,0.650000,0.060000
57.962002,362.000000,362.000000,-6.850000,12.000000,10.000000,0.000000,0.000000,1.000000,0.000000,0.690000,0.080000
57.966999,374.000000,374.000000,-7.170000,12.000000,10.000000,0.000000,0.000000,1.000000,0.000000,0.720000,0.060000
57.972000,383.000000,383.000000,-7.130000,10.000000,10.000000,0.000000,0.000000,1.000000,0.000000,0.710000,-0.010000
57.977001,379.000000,379.000000,-6.980000,10.000000,10.000000,0.000000,0.000000,1.000000,0.000000,0.700000,-0.030000
57.981998,373.000000,373.000000,-7.010000,14.000000,14.000000,0.000000,0.000000,1.000000,0.000000,0.700000,0.000000
57.987000,374.000000,374.000000,-6.910000,14.000000,14.000000,0.000000,0.000000,1.000000,0.000000,0.690000,-0.020000
57.992001,372.000000,372.000000,-6.790000,12.000000,12.000000,0.000000,0.000000,1.000000,0.000000,0.680000,-0.020000
57.997002,369.000000,369.000000,-6.540000,12.000000,12.000000,0.000000,0.000000,1.000000,0.000000,0.650000,-0.050000
58.001999,363.000000,363.000000,-6.500000,16.000000,18.000000,0.000000,0.000000,1.000000,0.000000,0.650000,-0.010000
58.007000,362.000000,362.000000,-6.240000,16.000000,18.000000,0.000000,0.000000,1.000000,0.000000,0.620000,-0.050000
58.012001,354.000000,354.000000,-5.870000,16.000000,16.000000,0.000000,0.000000,1.000000,0.000000,0.590000,-0.070000
58.016998,343.000000,343.000000,-5.320000,16.000000,16.000000,0.000000,0.000000,1.000000,0.000000,0.530000,-0.110000
58.021999,323.000000,323.000000,-5.160000,18.000000,20.000000,0.000000,0.000000,1.000000,0.000000,0.520000,-0.030000
58.027000,318.000000,318.000000,-4.730000,18.000000,20.000000,0.000000,0.000000,1.000000,0.000000,0.470000,-0.080000
58.032001,300.000000,300.000000,-4.270000,18.000000,20.000000,0.000000,0.000000,1.000000,0.000000,0.430000,-0.090000
58.036999,279.000000,279.000000,-3.830000,18.000000,20.000000,0.000000,0.000000,1.000000,0.000000,0.380000,-0.090000
58.042000,257.000000,257.000000,-3.560000,22.000000,22.000000,0.000000,0.000000,1.000000,0.000000,0.360000,-0.050000
58.047001,244.000000,244.000000,-3.050000,22.000000,22.000000,0.000000,0.000000,1.000000,0.000000,0.310000,-0.100000
58.051998,212.000000,212.000000,-2.500000,20.000000,18.000000,0.000000,0.000000,1.000000,0.000000,0.250000,-0.110000
58.056999,176.000000,176.000000,-2.010000,20.000000,18.000000,0.000000,0.000000,1.000000,0.000000,0.200000,-0.100000
58.062000,144.000000,144.000000,-1.570000,20.000000,20.000000,0.000000,0.000000,1.000000,0.000000,0.160000,-0.090000
58.067001,114.000000,114.000000,-1.000000,20.000000,20.000000,0.000000,0.000000,1.000000,0.000000,0.100000,-0.110000
58.071999,73.000000,73.000000,-0.510000,18.000000,16.000000,0.000000,0.000000,1.000000,0.000000,0.050000,-0.100000
58.077000,37.000000,37.000000,-0.120000,18.000000,16.000000,0.000000,0.000000,1.000000,0.000000,0.010000,-0.080000
58.082001,8.000000,8.000000,0.430000,18.000000,16.000000,0.000000,0.000000,1.000000,0.000000,-0.040000,-0.110000
58.087002,-35.000000,-35.000000,0.880000,18.000000,16.000000,0.000000,0.000000,1.000000,0.000000,-0.090000,-0.090000
58.091999,-70.000000,-70.000000,1.320000,14.000000,14.000000,0.000000,0.000000,1.000000,0.000000,-0.130000,-0.090000
58.097000,-105.000000,-105.000000,1.730000,14.000000,14.000000,0.000000,0.000000,1.000000,0.000000,-0.170000,-0.080000
58.102001,-136.000000,-136.000000,1.980000,12.000000,10.000000,0.000000,0.000000,1.000000,0.000000,-0.200000,-0.050000
58.106998,-155.000000,-155.000000,2.240000,12.000000,10.000000,0.000000,0.000000,1.000000,0.000000,-0.220000,-0.050000
58.112000,-176.000000,-176.000000,2.440000,10.000000,8.000000,0.000000,0.000000,1.000000,0.000000,-0.240000,-0.040000
58.117001,-191.000000,-191.000000,2.660000,10.000000,8.000000,0.000000,0.000000,1.000000,0.000000,-0.270000,-0.040000
58.122002,-208.000000,-208.000000,2.740000,4.000000,4.000000,0.000000,0.000000,1.000000,0.000000,-0.270000,-0.020000
58.126999,-213.000000,-213.000000,2.770000,4.000000,4.000000,0.000000,0.000000,1.000000,0.000000,-0.280000,-0.010000
58.132000,-215.000000,-215.000000,2.630000,2.000000,2.000000,0.000000,0.000000,1.000000,0.000000,-0.260000,0.030000
58.137001,-201.000000,-201.000000,2.600000,2.000000,2.000000,0.000000,0.000000,1.000000,0.000000,-0.260000,0.010000
58.141998,-201.000000,-201.000000,2.320000,-2.000000,-2.000000,0.000000,0.000000,1.000000,0.000000,-0.230000,0.050000
58.146999,-176.000000,-176.000000,1.950000,-2.000000,-2.000000,0.000000,0.000000,1.000000,0.000000,-0.190000,0.080000
58.152000,-147.000000,-147.000000,1.610000,-2.000000,-2.000000,0.000000,0.000000,1.000000,0.000000,-0.160000,0.070000
58.157001,-122.000000,-122.000000,1.340000,-2.000000,-2.000000,0.000000,0.000000,1.000000,0.000000,-0.130000,0.050000
58.161999,-102.000000,-102.000000,1.000000,-4.000000,-4.000000,0.000000,0.000000,1.000000,0.000000,-0.100000,0.070000
58.167000,-76.000000,-76.000000,0.570000,-4.000000,-4.000000,0.000000,0.000000,1.000000,0.000000,-0.060000,0.090000
58.172001,-42.000000,-42.000000,0.030000,-4.000000,-4.000000,0.000000,0.000000,1.000000,0.000000,0.000000,0.110000
58.176998,-1.000000,-1.000000,-0.330000,-4.000000,-4.000000,0.000000,0.000000,1.000000,0.000000,0.030000,0.070000
58.181999,25.000000,25.000000,-0.840000,-4.000000,-4.000000,0.000000,0.000000,1.000000,0.000000,0.080000,0.100000
58.187000,63.000000,63.000000,-1.270000,-4.000000,-4.000000,0.000000,0.000000,1.000000,0.000000,0.130000,0.090000
58.192001,94.000000,94.000000,-1.730000,-2.000000,-4.000000,0.000000,0.000000,1.000000,0.000000,0.170000,0.090000
58.196999,126.000000,126.000000,-2.270000,-2.000000,-4.000000,0.000000,0.000000,1.000000,0.000000,0.230000,0.110000
58.202000,162.000000,162.000000,-2.710000,-2.000000,0.000000,0.000000,0.000000,1.000000,0.000000,0.270000,0.090000
58.207001,192.000000,192.000000,-3.140000,-2.000000,0.000000,0.000000,0.000000,1.000000,0.000000,0.310000,0.090000
58.212002,220.000000,220.000000,-3.330000,0.000000,-2.000000,0.000000,0.000000,1.000000,0.000000,0.330000,0.040000
58.216999,232.000000,232.000000,-3.680000,0.000000,-2.000000,0.000000,0.000000,1.000000,0.000000,0.370000,0.070000
58.222000,252.000000,252.000000,-3.970000,4.000000,4.000000,0.000000,0.000000,1.000000,0.000000,0.400000,0.060000
58.227001,267.000000,267.000000,-4.220000,4.000000,4.000000,0.000000,0.000000,1.000000,0.000000,0.420000,0.050000
58.231998,279.000000,279.000000,-4.050000,4.000000,4.000000,0.000000,0.000000,1.000000,0.000000,0.410000,-0.030000
58.237000,270.000000,270.000000,-4.020000,4.000000,4.000000,0.000000,0.000000,1.000000,0.000000,0.400000,-0.010000
58.242001,269.000000,269.000000,-4.080000,8.000000,8.000000,0.000000,0.000000,1.000000,0.000000,0.410000,0.010000
58.247002,272.000000,272.000000,-4.190000,8.000000,8.000000,0.000000,0.000000,1.000000,0.000000,0.420000,0.020000
58.251999,277.000000,277.000000,-3.910000,6.000000,6.000000,0.000000,0.000000,1.000000,0.000000,0.390000,-0.060000
58.257000,262.000000,262.000000,-3.640000,6.000000,6.000000,0.000000,0.000000,1.000000,0.000000,0.360000,-0.050000
58.262001,249.000000,249.000000,-3.480000,12.000000,12.000000,0.000000,0.000000,1.000000,0.000000,0.350000,-0.030000
58.266998,240.000000,240.000000,-3.250000,12.000000,12.000000,0.000000,0.000000,1.000000,0.000000,0.320000,-0.050000
58.271999,225.000000,225.000000,-2.890000,10.000000,10.000000,0.000000,0.000000,1.000000,0.000000,0.290000,-0.070000
58.277000,202.000000,202.000000,-2.470000,10.000000,10.000000,0.000000,0.000000,1.000000,0.000000,0.250000,-0.080000
58.282001,175.000000,175.000000,-2.290000,12.000000,14.000000,0.000000,0.000000,1.000000,0.000000,0.230000,-0.030000
58.286999,164.000000,164.000000,-2.050000,12.000000,14.000000,0.000000,0.000000,1.000000,0.000000,0.200000,-0.050000
58.292000,147.000000,147.000000,-1.480000,12.000000,10.000000,0.000000,0.000000,1.000000,0.000000,0.150000,-0.110000
58.297001,107.000000,107.000000,-0.950000,12.000000,10.000000,0.000000,0.000000,1.000000,0.000000,0.100000,-0.110000
58.301998,70.000000,70.000000,-0.460000,12.000000,12.000000,0.000000,0.000000,1.000000,0.000000,0.050000,-0.100000
58.306999,33.000000,33.000000,-0.170000,12.000000,12.000000,0.000000,0.000000,1.000000,0.000000,0.020000,-0.060000
58.312000,12.000000,12.000000,0.450000,10.000000,10.000000,0.000000,0.000000,1.000000,0.000000,-0.050000,-0.120000
58.317001,-37.000000,-37.000000,0.990000,10.000000,10.000000,0.000000,0.000000,1.000000,0.000000,-0.100000,-0.110000
58.321999,-79.000000,-79.000000,1.540000,10.000000,8.000000,0.000000,0.000000,1.000000,0.000000,-0.150000,-0.110000
58.327000,-122.000000,-122.000000,2.050000,10.000000,8.000000,0.000000,0.000000,1.000000,0.000000,-0.200000,-0.100000
58.332001,-163.000000,-163.000000,2.560000,6.000000,8.000000,0.000000,0.000000,1.000000,0.000000,-0.260000,-0.100000
58.337002,-204.000000,-204.000000,3.170000,6.000000,8.000000,0.000000,0.000000,1.000000,0.000000,-0.320000,-0.120000
58.341999,-255.000000,-255.000000,3.630000,4.000000,4.000000,0.000000,0.000000,1.000000,0.000000,-0.360000,-0.090000
58.347000,-290.000000,-290.000000,4.010000,4.000000,4.000000,0.000000,0.000000,1.000000,0.000000,-0.400000,-0.080000
58.352001,-322.000000,-322.000000,4.320000,2.000000,2.000000,0.000000,0.000000,1.000000,0.000000,-0.430000,-0.060000
58.356998,-349.000000,-349.000000,4.910000,2.000000,2.000000,0.000000,0.000000,1.000000,0.000000,-0.490000,-0.120000
58.362000,-410.000000,-410.000000,5.510000,-4.000000,-4.000000,0.000000,0.000000,1.000000,0.000000,-0.550000,-0.120000
58.367001,-467.000000,-467.000000,5.840000,-4.000000,-4.000000,0.000000,0.000000,1.000000,0.000000,-0.580000,-0.070000
58.372002,-492.000000,-492.000000,6.040000,-4.000000,-4.000000,0.000000,0.000000,1.000000,0.000000,-0.600000,-0.040000
58.376999,-507.000000,-507.000000,6.100000,-4.000000,-4.000000,0.000000,0.000000,1.000000,0.000000,-0.610000,-0.010000
58.382000,-509.000000,-509.000000,6.450000,-10.000000,-8.000000,0.000000,0.000000,1.000000,0.000000,-0.640000,-0.070000
58.387001,-552.000000,-552.000000,6.750000,-10.000000,-8.000000,0.000000,0.000000,1.000000,0.000000,-0.680000,-0.060000
58.391998,-581.000000,-581.000000,6.950000,-12.000000,-10.000000,0.000000,0.000000,1.000000,0.000000,-0.690000,-0.040000
58.396999,-598.000000,-598.000000,6.830000,-12.000000,-10.000000,0.000000,0.000000,1.000000,0.000000,-0.680000,0.020000
58.402000,-576.000000,-576.000000,6.840000,-14.000000,-16.000000,0.000000,0.000000,1.000000,0.000000,-0.680000,0.000000
58.407001,-580.000000,-580.000000,6.890000,-14.000000,-16.000000,0.000000,0.000000,1.000000,0.000000,-0.690000,-0.010000
58.411999,-587.000000,-587.000000,6.700000,-18.000000,-20.000000,0.000000,0.000000,1.000000,0.000000,-0.670000,0.040000
58.417000,-560.000000,-560.000000,6.440000,-18.000000,-20.000000,0.000000,0.000000,1.000000,0.000000,-0.640000,0.050000
58.422001,-533.000000,-533.000000,6.220000,-22.000000,-22.000000,0.000000,0.000000,1.000000,0.000000,-0.620000,0.040000
58.426998,-513.000000,-513.000000,6.150000,-22.000000,-22.000000,0.000000,0.000000,1.000000,0.000000,-0.610000,0.010000
58.431999,-510.000000,-510.000000,5.760000,-24.000000,-24.000000,0.000000,0.000000,1.000000,0.000000,-0.580000,0.080000
58.437000,-464.000000,-464.000000,5.310000,-24.000000,-24.000000,0.000000,0.000000,1.000000,0.000000,-0.530000,0.090000
58.442001,-421.000000,-421.000000,4.870000,-26.000000,-28.000000,0.000000,0.000000,1.000000,0.000000,-0.490000,0.090000
58.446999,-381.000000,-381.000000,4.470000,-26.000000,-28.000000,0.000000,0.000000,1.000000,0.000000,-0.450000,0.080000
58.452000,-347.000000,-347.000000,3.910000,-26.000000,-26.000000,0.000000,0.000000,1.000000,0.000000,-0.390000,0.110000
58.457001,-295.000000,-295.000000,3.260000,-26.000000,-26.000000,0.000000,0.000000,1.000000,0.000000,-0.330000,0.130000
58.462002,-241.000000,-241.000000,2.790000,-28.000000,-30.000000,0.000000,0.000000,1.000000,0.000000,-0.280000,0.100000
58.466999,-209.000000,-209.000000,1.980000,-28.000000,-30.000000,0.000000,0.000000,1.000000,0.000000,-0.200000,0.160000
58.472000,-145.000000,-145.000000,1.300000,-26.000000,-28.000000,0.000000,0.000000,1.000000,0.000000,-0.130000,0.140000
58.477001,-96.000000,-96.000000,0.610000,-26.000000,-28.000000,0.000000,0.000000,1.000000,0.000000,-0.060000,0.140000
58.481998,-44.000000,-44.000000,-0.070000,-24.000000,-26.000000,0.000000,0.000000,1.000000,0.000000,0.010000,0.140000
58.487000,6.000000,6.000000,-0.850000,-24.000000,-26.000000,0.000000,0.000000,1.000000,0.000000,0.080000,0.160000
58.492001,63.000000,63.000000,-1.520000,-20.000000,-22.000000,0.000000,0.000000,1.000000,0.000000,0.150000,0.130000
58.497002,111.000000,111.000000,-2.250000,-20.000000,-22.000000,0.000000,0.000000,1.000000,0.000000,0.230000,0.150000
58.501999,161.000000,161.000000,-2.850000,-16.000000,-18.000000,0.000000,0.000000,1.000000,0.000000,0.280000,0.120000
58.507000,201.000000,201.000000,-3.270000,-16.000000,-18.000000,0.000000,0.000000,1.000000,0.000000,0.330000,0.080000
58.512001,228.000000,228.000000,-3.490000,-16.000000,-16.000000,0.000000,0.000000,1.000000,0.000000,0.350000,0.040000
58.516998,242.000000,242.000000,-3.840000,-16.000000,-16.000000,0.000000,0.000000,1.000000,0.000000,0.380000,0.070000
58.521999,260.000000,260.000000,-4.130000,-10.000000,-8.000000,0.000000,0.000000,1.000000,0.000000,0.410000,0.060000
58.527000,274.000000,274.000000,-4.190000,-10.000000,-8.000000,0.000000,0.000000,1.000000,0.000000,0.420000,0.010000
58.532001,277.000000,277.000000,-4.010000,-8.000000,-8.000000,0.000000,0.000000,1.000000,0.000000,0.400000,-0.040000
58.536999,268.000000,268.000000,-3.890000,-8.000000,-8.000000,0.000000,0.000000,1.000000,0.000000,0.390000,-0.020000
58.542000,262.000000,262.000000,-4.020000,0.000000,-2.000000,0.000000,0.000000,1.000000,0.000000,0.400000,0.030000
58.547001,269.000000,269.000000,-3.820000,0.000000,-2.000000,0.000000,0.000000,1.000000,0.000000,0.380000,-0.040000
58.551998,258.000000,258.000000,-3.540000,0.000000,0.000000,0.000000,0.000000,1.000000,0.000000,0.350000,-0.060000
58.556999,243.000000,243.000000,-3.250000,0.000000,0.000000,0.000000,0.000000,1.000000,0.000000,0.330000,-0.060000
58.562000,226.000000,226.000000,-3.290000,4.000000,4.000000,0.000000,0.000000,1.000000,0.000000,0.330000,0.010000
58.567001,229.000000,229.000000,-2.860000,4.000000,4.000000,0.000000,0.000000,1.000000,0.000000,0.290000,-0.090000
58.571999,200.000000,200.000000,-2.440000,4.000000,4.000000,0.000000,0.000000,1.000000,0.000000,0.240000,-0.080000
58.577000,173.000000,173.000000,-2.020000,4.000000,4.000000,0.000000,0.000000,1.000000,0.000000,0.200000,-0.080000
58.582001,145.000000,145.000000,-1.840000,6.000000,8.000000,0.000000,0.000000,1.000000,0.000000,0.180000,-0.030000
58.587002,134.000000,134.000000,-1.430000,6.000000,8.000000,0.000000,0.000000,1.000000,0.000000,0.140000,-0.080000
58.591999,104.000000,104.000000,-0.910000,4.000000,6.000000,0.000000,0.000000,1.000000,0.000000,0.090000,-0.100000
58.597000,66.000000,66.000000,-0.570000,4.000000,6.000000,0.000000,0.000000,1.000000,0.000000,0.060000,-0.070000
58.602001,42.000000,42.000000,-0.180000,6.000000,8.000000,0.000000,0.000000,1.000000,0.000000,0.020000,-0.080000
58.606998,12.000000,12.000000,0.040000,6.000000,8.000000,0.000000,0.000000,1.000000,0.000000,0.000000,-0.040000
58.612000,-4.000000,-4.000000,0.380000,6.000000,6.000000,0.000000,0.000000,1.000000,0.000000,-0.040000,-0.070000
58.617001,-31.000000,-31.000000,0.670000,6.000000,6.000000,0.000000,0.000000,1.000000,0.000000,-0.070000,-0.060000
58.622002,-53.000000,-53.000000,0.900000,6.000000,4.000000,0.000000,0.000000,1.000000,0.000000,-0.090000,-0.050000
58.626999,-71.000000,-71.000000,0.960000,6.000000,4.000000,0.000000,0.000000,1.000000,0.000000,-0.100000,-0.010000
58.632000,-75.000000,-75.000000,0.930000,4.000000,6.000000,0.000000,0.000000,1.000000,0.000000,-0.090000,0.010000
58.637001,-72.000000,-72.000000,0.990000,4.000000,6.000000,0.000000,0.000000,1.000000,0.000000,-0.100000,-0.010000
58.641998,-77.000000,-77.000000,0.990000,2.000000,2.000000,0.000000,0.000000,1.000000,0.000000,-0.100000,0.000000
58.646999,-77.000000,-77.000000,0.960000,2.000000,2.000000,0.000000,0.000000,1.000000,0.000000,-0.100000,0.010000
58.652000,-74.000000,-74.000000,0.740000,0.000000,0.000000,0.000000,0.000000,1.000000,0.000000,-0.070000,0.040000
58.657001,-57.000000,-57.000000,0.560000,0.000000,0.000000,0.000000,0.000000,1.000000,0.000000,-0.060000,0.040000
58.661999,-43.000000,-43.000000,0.220000,0.000000,0.000000,0.000000,0.000000,1.000000,0.000000,-0.020000,0.070000
58.667000,-16.000000,-16.000000,-0.080000,0.000000,0.000000,0.000000,0.000000,1.000000,0.000000,0.010000,0.060000
58.672001,6.000000,6.000000,-0.370000,-2.000000,0.000000,0.000000,0.000000,1.000000,0.000000,0.040000,0.060000
58.676998,28.000000,28.000000,-0.620000,-2.000000,0.000000,0.000000,0.000000,1.000000,0.000000,0.060000,0.050000
58.681999,46.000000,46.000000,-0.900000,0.000000,0.000000,0.000000,0.000000,1.000000,0.000000,0.090000,0.060000
58.687000,67.000000,67.000000,-1.210000,0.000000,0.000000,0.000000,0.000000,1.000000,0.000000,0.120000,0.060000
58.692001,89.000000,89.000000,-1.500000,-2.000000,0.000000,0.000000,0.000000,1.000000,0.000000,0.150000,0.060000
58.696999,110.000000,110.000000,-1.950000,-2.000000,0.000000,0.000000,0.000000,1.000000,0.000000,0.190000,0.090000
58.702000,141.000000,141.000000,-2.110000,0.000000,2.000000,0.000000,0.000000,1.000000,0.000000,0.210000,0.030000
58.707001,152.000000,152.000000,-2.390000,0.000000,2.000000,0.000000,0.000000,1.000000,0.000000,0.240000,0.050000
58.712002,171.000000,171.000000,-2.640000,2.000000,2.000000,0.000000,0.000000,1.000000,0.000000,0.260000,0.050000
58.716999,187.000000,187.000000,-3.200000,2.000000,2.000000,0.000000,0.000000,1.000000,0.000000,0.320000,0.110000
58.722000,223.000000,223.000000,-3.580000,6.000000,6.000000,0.000000,0.000000,1.000000,0.000000,0.360000,0.080000
58.727001,247.000000,247.000000,-3.810000,6.000000,6.000000,0.000000,0.000000,1.000000,0.000000,0.380000,0.050000
58.731998,259.000000,259.000000,-3.790000,4.000000,4.000000,0.000000,0.000000,1.000000,0.000000,0.380000,0.000000
58.737000,257.000000,257.000000,-4.070000,4.000000,4.000000,0.000000,0.000000,1.000000,0.000000,0.410000,0.060000
58.742001,272.000000,272.000000,-4.310000,8.000000,8.000000,0.000000,0.000000,1.000000,0.000000,0.430000,0.050000
58.747002,283.000000,283.000000,-4.620000,8.000000,8.000000,0.000000,0.000000,1.000000,0.000000,0.460000,0.060000
58.751999,297.000000,297.000000,-4.540000,8.000000,8.000000,0.000000,0.000000,1.000000,0.000000,0.450000,-0.020000
58.757000,293.000000,293.000000,-4.500000,8.000000,8.000000,0.000000,0.000000,1.000000,0.000000,0.450000,-0.010000
58.762001,291.000000,291.000000,-4.660000,10.000000,10.000000,0.000000,0.000000,1.000000,0.000000,0.470000,0.030000
58.766998,299.000000,299.000000,-4.780000,10.000000,10.000000,0.000000,0.000000,1.000000,0.000000,0.480000,0.020000
58.771999,304.000000,304.000000,-4.810000,10.000000,10.000000,0.000000,0.000000,1.000000,0.000000,0.480000,0.010000
58.777000,305.000000,305.000000,-4.730000,10.000000,10.000000,0.000000,0.000000,1.000000,0.000000,0.470000,-0.020000
58.782001,301.000000,301.000000,-4.690000,14.000000,14.000000,0.000000,0.000000,1.000000,0.000000,0.470000,-0.010000
58.786999,300.000000,300.000000,-4.690000,14.000000,14.000000,0.000000,0.000000,1.000000,0.000000,0.470000,0.000000
58.792000,300.000000,300.000000,-4.390000,12.000000,12.000000,0.000000,0.000000,1.000000,0.000000,0.440000,-0.060000
58.797001,285.000000,285.000000,-4.230000,12.000000,12.000000,0.000000,0.000000,1.000000,0.000000,0.420000,-0.030000
58.801998,278.000000,278.000000,-4.260000,16.000000,16.000000,0.000000,0.000000,1.000000,0.000000,0.430000,0.010000
58.806999,280.000000,280.000000,-4.180000,16.000000,16.000000,0.000000,0.000000,1.000000,0.000000,0.420000,-0.020000
58.812000,276.000000,276.000000,-3.990000,16.000000,14.000000,0.000000,0.000000,1.000000,0.000000,0.400000,-0.040000
58.817001,267.000000,267.000000,-3.810000,16.000000,14.000000,0.000000,0.000000,1.000000,0.000000,0.380000,-0.040000
58.821999,257.000000,257.000000,-3.750000,18.000000,18.000000,0.000000,0.000000,1.000000,0.000000,0.370000,-0.010000
58.827000,255.000000,255.000000,-3.530000,18.000000,18.000000,0.000000,0.000000,1.000000,0.000000,0.350000,-0.040000
58.832001,243.000000,243.000000,-3.220000,16.000000,14.000000,0.000000,0.000000,1.000000,0.000000,0.320000,-0.060000
58.837002,224.000000,224.000000,-2.960000,16.000000,14.000000,0.000000,0.000000,1.000000,0.000000,0.300000,-0.050000
58.841999,207.000000,207.000000,-2.920000,18.000000,18.000000,0.000000,0.000000,1.000000,0.000000,0.290000,-0.010000
58.847000,206.000000,206.000000,-2.710000,18.000000,18.000000,0.000000,0.000000,1.000000,0.000000,0.270000,-0.040000
58.852001,192.000000,192.000000,-2.400000,16.000000,14.000000,0.000000,0.000000,1.000000,0.000000,0.240000,-0.060000
58.856998,171.000000,171.000000,-2.180000,16.000000,14.000000,0.000000,0.000000,1.000000,0.000000,0.220000,-0.040000
58.862000,156.000000,156.000000,-1.990000,16.000000,16.000000,0.000000,0.000000,1.000000,0.000000,0.200000,-0.040000
58.867001,144.000000,144.000000,-1.700000,16.000000,16.000000,0.000000,0.000000,1.000000,0.000000,0.170000,-0.060000
58.872002,123.000000,123.000000,-1.390000,14.000000,14.000000,0.000000,0.000000,1.000000,0.000000,0.140000,-0.060000
58.876999,102.000000,102.000000,-1.320000,14.000000,14.000000,0.000000,0.000000,1.000000,0.000000,0.130000,-0.010000
58.882000,97.000000,97.000000,-1.000000,14.000000,14.000000,0.000000,0.000000,1.000000,0.000000,0.100000,-0.060000
58.887001,73.000000,73.000000,-0.750000,14.000000,14.000000,0.000000,0.000000,1.000000,0.000000,0.080000,-0.050000
58.891998,56.000000,56.000000,-0.420000,12.000000,12.000000,0.000000,0.000000,1.000000,0.000000,0.040000,-0.070000
58.896999,31.000000,31.000000,-0.340000,12.000000,12.000000,0.000000,0.000000,1.000000,0.000000,0.030000,-0.020000
58.902000,25.000000,25.000000,-0.070000,12.000000,12.000000,0.000000,0.000000,1.000000,0.000000,0.010000,-0.050000
58.907001,4.000000,4.000000,0.080000,12.000000,12.000000,0.000000,0.000000,1.000000,0.000000,-0.010000,-0.030000
58.911999,-7.000000,-7.000000,0.180000,10.000000,10.000000,0.000000,0.000000,1.000000,0.000000,-0.020000,-0.020000
58.917000,-14.000000,-14.000000,0.200000,10.000000,10.000000,0.000000,0.000000,1.000000,0.000000,-0.020000,-0.010000
58.922001,-16.000000,-16.000000,0.320000,8.000000,8.000000,0.000000,0.000000,1.000000,0.000000,-0.030000,-0.020000
58.926998,-25.000000,-25.000000,0.510000,8.000000,8.000000,0.000000,0.000000,1.000000,0.000000,-0.050000,-0.040000
58.931999,-41.000000,-41.000000,0.620000,6.000000,6.000000,0.000000,0.000000,1.000000,0.000000,-0.060000,-0.020000
58.937000,-49.000000,-49.000000,0.770000,6.000000,6.000000,0.000000,0.000000,1.000000,0.000000,-0.080000,-0.030000
58.942001,-61.000000,-61.000000,0.800000,4.000000,4.000000,0.000000,0.000000,1.000000,0.000000,-0.080000,0.000000
58.946999,-62.000000,-62.000000,0.840000,4.000000,4.000000,0.000000,0.000000,1.000000,0.000000,-0.080000,-0.010000
58.952000,-66.000000,-66.000000,0.820000,4.000000,4.000000,0.000000,0.000000,1.000000,0.000000,-0.080000,0.000000
58.957001,-64.000000,-64.000000,0.920000,4.000000,4.000000,0.000000,0.000000,1.000000,0.000000,-0.090000,-0.020000
58.962002,-72.000000,-72.000000,0.890000,2.000000,0.000000,0.000000,0.000000,1.000000,0.000000,-0.090000,0.010000
58.966999,-69.000000,-69.000000,0.900000,2.000000,0.000000,0.000000,0.000000,1.000000,0.000000,-0.090000,0.000000
58.972000,-70.000000,-70.000000,0.840000,0.000000,0.000000,0.000000,0.000000,1.000000,0.000000,-0.080000,0.010000
58.977001,-65.000000,-65.000000,0.920000,0.000000,0.000000,0.000000,0.000000,1.000000,0.000000,-0.090000,-0.020000
58.981998,-72.000000,-72.000000,0.740000,0.000000,-2.000000,0.000000,0.000000,1.000000,0.000000,-0.070000,0.040000
58.987000,-57.000000,-57.000000,0.620000,0.000000,-2.000000,0.000000,0.000000,1.000000,0.000000,-0.060000,0.020000
58.992001,-48.000000,-48.000000,0.520000,-2.000000,-2.000000,0.000000,0.000000,1.000000,0.000000,-0.050000,0.020000
58.997002,-40.000000,-40.000000,0.620000,-2.000000,-2.000000,0.000000,0.000000,1.000000,0.000000,-0.060000,-0.020000
59.001999,-49.000000,-49.000000,0.550000,-2.000000,-2.000000,0.000000,0.000000,1.000000,0.000000,-0.060000,0.010000
59.007000,-43.000000,-43.000000,0.580000,-2.000000,-2.000000,0.000000,0.000000,1.000000,0.000000,-0.060000,0.000000
59.012001,-45.000000,-45.000000,0.620000,0.000000,-2.000000,0.000000,0.000000,1.000000,0.000000,-0.060000,-0.010000
59.016998,-48.000000,-48.000000,0.710000,0.000000,-2.000000,0.000000,0.000000,1.000000,0.000000,-0.070000,-0.020000
59.021999,-55.000000,-55.000000,0.650000,-2.000000,-2.000000,0.000000,0.000000,1.000000,0.000000,-0.070000,0.010000
59.027000,-51.000000,-51.000000,0.670000,-2.000000,-2.000000,0.000000,0.000000,1.000000,0.000000,-0.070000,0.000000
59.032001,-53.000000,-53.000000,0.680000,0.000000,0.000000,0.000000,0.000000,1.000000,0.000000,-0.070000,0.000000
59.036999,-53.000000,-53.000000,0.800000,0.000000,0.000000,0.000000,0.000000,1.000000,0.000000,-0.080000,-0.020000
59.042000,-63.000000,-63.000000,0.870000,-2.000000,-4.000000,0.000000,0.000000,1.000000,0.000000,-0.090000,-0.010000
59.047001,-68.000000,-68.000000,0.980000,-2.000000,-4.000000,0.000000,0.000000,1.000000,0.000000,-0.100000,-0.020000
59.051998,-77.000000,-77.000000,0.980000,-2.000000,-2.000000,0.000000,0.000000,1.000000,0.000000,-0.100000,0.000000
59.056999,-76.000000,-76.000000,1.110000,-2.000000,-2.000000,0.000000,0.000000,1.000000,0.000000,-0.110000,-0.030000
59.062000,-87.000000,-87.000000,1.340000,-4.000000,-4.000000,0.000000,0.000000,1.000000,0.000000,-0.130000,-0.040000
59.067001,-105.000000,-105.000000,1.580000,-4.000000,-4.000000,0.000000,0.000000,1.000000,0.000000,-0.160000,-0.050000
59.071999,-124.000000,-124.000000,1.620000,-2.000000,-2.000000,0.000000,0.000000,1.000000,0.000000,-0.160000,-0.010000
59.077000,-126.000000,-126.000000,1.900000,-2.000000,-2.000000,0.000000,0.000000,1.000000,0.000000,-0.190000,-0.060000
59.082001,-149.000000,-149.000000,2.190000,-4.000000,-4.000000,0.000000,0.000000,1.000000,0.000000,-0.220000,-0.060000
59.087002,-172.000000,-172.000000,2.540000,-4.000000,-4.000000,0.000000,0.000000,1.000000,0.000000,-0.250000,-0.070000
59.091999,-201.000000,-201.000000,2.660000,-4.000000,-2.000000,0.000000,0.000000,1.000000,0.000000,-0.270000,-0.020000
59.097000,-208.000000,-208.000000,2.980000,-4.000000,-2.000000,0.000000,0.000000,1.000000,0.000000,-0.300000,-0.060000
59.102001,-235.000000,-235.000000,3.400000,-8.000000,-6.000000,0.000000,0.000000,1.000000,0.000000,-0.340000,-0.080000
59.106998,-271.000000,-271.000000,3.770000,-8.000000,-6.000000,0.000000,0.000000,1.000000,0.000000,-0.380000,-0.070000
59.112000,-302.000000,-302.000000,3.980000,-6.000000,-6.000000,0.000000,0.000000,1.000000,0.000000,-0.400000,-0.040000
59.117001,-317.000000,-317.000000,4.200000,-6.000000,-6.000000,0.000000,0.000000,1.000000,0.000000,-0.420000,-0.040000
59.122002,-337.000000,-337.000000,4.630000,-10.000000,-10.000000,0.000000,0.000000,1.000000,0.000000,-0.460000,-0.090000
59.126999,-380.000000,-380.000000,4.860000,-10.000000,-10.000000,0.000000,0.000000,1.000000,0.000000,-0.490000,-0.050000
59.132000,-396.000000,-396.000000,5.080000,-8.000000,-10.000000,0.000000,0.000000,1.000000,0.000000,-0.510000,-0.040000
59.137001,-417.000000,-417.000000,5.140000,-8.000000,-10.000000,0.000000,0.000000,1.000000,0.000000,-0.510000,-0.010000
59.141998,-418.000000,-418.000000,5.450000,-14.000000,-14.000000,0.000000,0.000000,1.000000,0.000000,-0.550000,-0.060000
59.146999,-454.000000,-454.000000,5.600000,-14.000000,-14.000000,0.000000,0.000000,1.000000,0.000000,-0.560000,-0.030000
59.152000,-463.000000,-463.000000,5.770000,-14.000000,-14.000000,0.000000,0.000000,1.000000,0.000000,-0.580000,-0.030000
59.157001,-480.000000,-480.000000,5.730000,-14.000000,-14.000000,0.000000,0.000000,1.000000,0.000000,-0.570000,0.010000
59.161999,-471.000000,-471.000000,5.850000,-16.000000,-18.000000,0.000000,0.000000,1.000000,0.000000,-0.590000,-0.020000
59.167000,-487.000000,-487.000000,5.890000,-16.000000,-18.000000,0.000000,0.000000,1.000000,0.000000,-0.590000,-0.010000
59.172001,-488.000000,-488.000000,5.900000,-18.000000,-18.000000,0.000000,0.000000,1.000000,0.000000,-0.590000,0.000000
59.176998,-488.000000,-488.000000,5.640000,-18.000000,-18.000000,0.000000,0.000000,1.000000,0.000000,-0.560000,0.050000
59.181999,-457.000000,-457.000000,5.540000,-20.000000,-22.000000,0.000000,0.000000,1.000000,0.000000,-0.550000,0.020000
59.187000,-452.000000,-452.000000,5.400000,-20.000000,-22.000000,0.000000,0.000000,1.000000,0.000000,-0.540000,0.030000
59.192001,-437.000000,-437.000000,5.200000,-22.000000,-24.000000,0.000000,0.000000,1.000000,0.000000,-0.520000,0.040000
59.196999,-418.000000,-418.000000,4.860000,-22.000000,-24.000000,0.000000,0.000000,1.000000,0.000000,-0.490000,0.070000
59.202000,-383.000000,-383.000000,4.630000,-24.000000,-26.000000,0.000000,0.000000,1.000000,0.000000,-0.460000,0.050000
59.207001,-365.000000,-365.000000,4.220000,-24.000000,-26.000000,0.000000,0.000000,1.000000,0.000000,-0.420000,0.080000
59.212002,-324.000000,-324.000000,3.810000,-24.000000,-24.000000,0.000000,0.000000,1.000000,0.000000,-0.380000,0.080000
59.216999,-289.000000,-289.000000,3.330000,-24.000000,-24.000000,0.000000,0.000000,1.000000,0.000000,-0.330000,0.100000
59.222000,-249.000000,-249.000000,3.010000,-28.000000,-28.000000,0.000000,0.000000,1.000000,0.000000,-0.300000,0.060000
59.227001,-228.000000,-228.000000,2.520000,-28.000000,-28.000000,0.000000,0.000000,1.000000,0.000000,-0.250000,0.100000
59.231998,-189.000000,-189.000000,2.110000,-22.000000,-24.000000,0.000000,0.000000,1.000000,0.000000,-0.210000,0.080000
59.237000,-159.000000,-159.000000,1.640000,-22.000000,-24.000000,0.000000,0.000000,1.000000,0.000000,-0.160000,0.090000
59.242001,-123.000000,-123.000000,1.230000,-22.000000,-24.000000,0.000000,0.000000,1.000000,0.000000,-0.120000,0.080000
59.247002,-92.000000,-92.000000,0.700000,-22.000000,-24.000000,0.000000,0.000000,1.000000,0.000000,-0.070000,0.110000
59.251999,-52.000000,-52.000000,0.130000,-20.000000,-20.000000,0.000000,0.000000,1.000000,0.000000,-0.010000,0.110000
59.257000,-9.000000,-9.000000,-0.380000,-20.000000,-20.000000,0.000000,0.000000,1.000000,0.000000,0.040000,0.100000
59.262001,29.000000,29.000000,-1.060000,-18.000000,-18.000000,0.000000,0.000000,1.000000,0.000000,0.110000,0.140000
59.266998,78.000000,78.000000,-1.420000,-18.000000,-18.000000,0.000000,0.000000,1.000000,0.000000,0.140000,0.070000
59.271999,104.000000,104.000000,-1.770000,-16.000000,-16.000000,0.000000,0.000000,1.000000,0.000000,0.180000,0.070000
59.277000,129.000000,129.000000,-2.190000,-16.000000,-16.000000,0.000000,0.000000,1.000000,0.000000,0.220000,0.080000
59.282001,157.000000,157.000000,-2.350000,-10.000000,-12.000000,0.000000,0.000000,1.000000,0.000000,0.240000,0.030000
59.286999,168.000000,168.000000,-2.710000,-10.000000,-12.000000,0.000000,0.000000,1.000000,0.000000,0.270000,0.070000
59.292000,192.000000,192.000000,-2.800000,-10.000000,-10.000000,0.000000,0.000000,1.000000,0.000000,0.280000,0.020000
59.297001,198.000000,198.000000,-3.040000,-10.000000,-10.000000,0.000000,0.000000,1.000000,0.000000,0.300000,0.050000
59.301998,214.000000,214.000000,-3.090000,-4.000000,-4.000000,0.000000,0.000000,1.000000,0.000000,0.310000,0.010000
59.306999,217.000000,217.000000,-3.180000,-4.000000,-4.000000,0.000000,0.000000,1.000000,0.000000,0.320000,0.020000
59.312000,222.000000,222.000000,-3.020000,-4.000000,-4.000000,0.000000,0.000000,1.000000,0.000000,0.300000,-0.030000
59.317001,211.000000,211.000000,-3.050000,-4.000000,-4.000000,0.000000,0.000000,1.000000,0.000000,0.310000,0.010000
59.321999,214.000000,214.000000,-3.000000,2.000000,2.000000,0.000000,0.000000,1.000000,0.000000,0.300000,-0.010000
59.327000,211.000000,211.000000,-2.840000,2.000000,2.000000,0.000000,0.000000,1.000000,0.000000,0.280000,-0.030000
59.332001,200.000000,200.000000,-2.430000,2.000000,2.000000,0.000000,0.000000,1.000000,0.000000,0.240000,-0.080000
59.337002,172.000000,172.000000,-2.150000,2.000000,2.000000,0.000000,0.000000,1.000000,0.000000,0.220000,-0.060000
59.341999,154.000000,154.000000,-1.980000,6.000000,6.000000,0.000000,0.000000,1.000000,0.000000,0.200000,-0.030000
59.347000,143.000000,143.000000,-1.850000,6.000000,6.000000,0.000000,0.000000,1.000000,0.000000,0.180000,-0.030000
59.352001,134.000000,134.000000,-1.430000,6.000000,6.000000,0.000000,0.000000,1.000000,0.000000,0.140000,-0.080000
59.356998,104.000000,104.000000,-1.230000,6.000000,6.000000,0.000000,0.000000,1.000000,0.000000,0.120000,-0.040000
59.362000,91.000000,91.000000,-0.620000,6.000000,8.000000,0.000000,0.000000,1.000000,0.000000,0.060000,-0.120000
59.367001,45.000000,45.000000,-0.370000,6.000000,8.000000,0.000000,0.000000,1.000000,0.000000,0.040000,-0.050000
59.372002,27.000000,27.000000,0.050000,4.000000,6.000000,0.000000,0.000000,1.000000,0.000000,-0.010000,-0.080000
59.376999,-6.000000,-6.000000,0.310000,4.000000,6.000000,0.000000,0.000000,1.000000,0.000000,-0.030000,-0.050000
59.382000,-25.000000,-25.000000,0.620000,6.000000,4.000000,0.000000,0.000000,1.000000,0.000000,-0.060000,-0.060000
59.387001,-49.000000,-49.000000,0.710000,6.000000,4.000000,0.000000,0.000000,1.000000,0.000000,-0.070000,-0.020000
59.391998,-55.000000,-55.000000,0.820000,4.000000,4.000000,0.000000,0.000000,1.000000,0.000000,-0.080000,-0.020000
59.396999,-64.000000,-64.000000,1.040000,4.000000,4.000000,0.000000,0.000000,1.000000,0.000000,-0.100000,-0.040000
59.402000,-82.000000,-82.000000,1.200000,2.000000,4.000000,0.000000,0.000000,1.000000,0.000000,-0.120000,-0.030000
59.407001,-94.000000,-94.000000,1.250000,2.000000,4.000000,0.000000,0.000000,1.000000,0.000000,-0.120000,-0.010000
59.411999,-97.000000,-97.000000,1.140000,2.000000,2.000000,0.000000,0.000000,1.000000,0.000000,-0.110000,0.020000
59.417000,-88.000000,-88.000000,1.010000,2.000000,2.000000,0.000000,0.000000,1.000000,0.000000,-0.100000,0.030000
59.422001,-78.000000,-78.000000,0.880000,-2.000000,0.000000,0.000000,0.000000,1.000000,0.000000,-0.090000,0.030000
59.426998,-68.000000,-68.000000,0.720000,-2.000000,0.000000,0.000000,0.000000,1.000000,0.000000,-0.070000,0.030000
59.431999,-55.000000,-55.000000,0.490000,0.000000,0.000000,0.000000,0.000000,1.000000,0.000000,-0.050000,0.050000
59.437000,-37.000000,-37.000000,0.220000,0.000000,0.000000,0.000000,0.000000,1.000000,0.000000,-0.020000,0.050000
59.442001,-16.000000,-16.000000,-0.170000,-2.000000,0.000000,0.000000,0.000000,1.000000,0.000000,0.020000,0.080000
59.446999,13.000000,13.000000,-0.470000,-2.000000,0.000000,0.000000,0.000000,1.000000,0.000000,0.050000,0.060000
59.452000,35.000000,35.000000,-0.890000,-2.000000,0.000000,0.000000,0.000000,1.000000,0.000000,0.090000,0.080000
59.457001,66.000000,66.000000,-1.340000,-2.000000,0.000000,0.000000,0.000000,1.000000,0.000000,0.130000,0.090000
59.462002,98.000000,98.000000,-1.750000,0.000000,0.000000,0.000000,0.000000,1.000000,0.000000,0.170000,0.080000
59.466999,127.000000,127.000000,-2.130000,0.000000,0.000000,0.000000,0.000000,1.000000,0.000000,0.210000,0.080000
59.472000,153.000000,153.000000,-2.400000,0.000000,0.000000,0.000000,0.000000,1.000000,0.000000,0.240000,0.050000
59.477001,171.000000,171.000000,-2.830000,0.000000,0.000000,0.000000,0.000000,1.000000,0.000000,0.280000,0.090000
59.481998,199.000000,199.000000,-3.260000,2.000000,2.000000,0.000000,0.000000,1.000000,0.000000,0.330000,0.090000
59.487000,227.000000,227.000000,-3.710000,2.000000,2.000000,0.000000,0.000000,1.000000,0.000000,0.370000,0.090000
59.492001,254.000000,254.000000,-3.850000,2.000000,2.000000,0.000000,0.000000,1.000000,0.000000,0.390000,0.030000
59.497002,261.000000,261.000000,-4.140000,2.000000,2.000000,0.000000,0.000000,1.000000,0.000000,0.410000,0.060000
59.501999,275.000000,275.000000,-4.650000,6.000000,6.000000,0.000000,0.000000,1.000000,0.000000,0.460000,0.100000
59.507000,299.000000,299.000000,-5.120000,6.000000,6.000000,0.000000,0.000000,1.000000,0.000000,0.510000,0.090000
59.512001,318.000000,318.000000,-5.270000,6.000000,6.000000,0.000000,0.000000,1.000000,0.000000,0.530000,0.030000
59.516998,323.000000,323.000000,-5.520000,6.000000,6.000000,0.000000,0.000000,1.000000,0.000000,0.550000,0.050000
59.521999,333.000000,333.000000,-5.870000,10.000000,10.000000,0.000000,0.000000,1.000000,0.000000,0.590000,0.070000
59.527000,345.000000,345.000000,-6.130000,10.000000,10.000000,0.000000,0.000000,1.000000,0.000000,0.610000,0.050000
59.532001,353.000000,353.000000,-6.360000,10.000000,8.000000,0.000000,0.000000,1.000000,0.000000,0.640000,0.050000
59.536999,360.000000,360.000000,-6.610000,10.000000,8.000000,0.000000,0.000000,1.000000,0.000000,0.660000,0.050000
59.542000,366.000000,366.000000,-6.870000,14.000000,14.000000,0.000000,0.000000,1.000000,0.000000,0.690000,0.050000
59.547001,373.000000,373.000000,-7.140000,14.000000,14.000000,0.000000,0.000000,1.000000,0.000000,0.710000,0.050000
59.551998,381.000000,381.000000,-7.080000,12.000000,12.000000,0.000000,0.000000,1.000000,0.000000,0.710000,-0.010000
59.556999,377.000000,377.000000,-7.010000,12.000000,12.000000,0.000000,0.000000,1.000000,0.000000,0.700000,-0.010000
59.562000,374.000000,374.000000,-7.110000,16.000000,18.000000,0.000000,0.000000,1.000000,0.000000,0.710000,0.020000
59.567001,379.000000,379.000000,-7.250000,16.000000,18.000000,0.000000,0.000000,1.000000,0.000000,0.720000,0.030000
59.571999,384.000000,384.000000,-7.190000,16.000000,16.000000,0.000000,0.000000,1.000000,0.000000,0.720000,-0.010000
59.577000,381.000000,381.000000,-6.970000,16.000000,16.000000,0.000000,0.000000,1.000000,0.000000,0.700000,-0.040000
59.582001,373.000000,373.000000,-6.940000,20.000000,20.000000,0.000000,0.000000,1.000000,0.000000,0.690000,-0.010000
59.587002,372.000000,372.000000,-6.850000,20.000000,20.000000,0.000000,0.000000,1.000000,0.000000,0.690000,-0.020000
59.591999,370.000000,370.000000,-6.650000,18.000000,18.000000,0.000000,0.000000,1.000000,0.000000,0.670000,-0.040000
59.597000,366.000000,366.000000,-6.380000,18.000000,18.000000,0.000000,0.000000,1.000000,0.000000,0.640000,-0.050000
59.602001,358.000000,358.000000,-6.310000,22.000000,22.000000,0.000000,0.000000,1.000000,0.000000,0.630000,-0.010000
59.606998,356.000000,356.000000,-6.130000,22.000000,22.000000,0.000000,0.000000,1.000000,0.000000,0.610000,-0.040000
59.612000,351.000000,351.000000,-5.890000,20.000000,18.000000,0.000000,0.000000,1.000000,0.000000,0.590000,-0.050000
59.617001,344.000000,344.000000,-5.540000,20.000000,18.000000,0.000000,0.000000,1.000000,0.000000,0.550000,-0.070000
59.622002,332.000000,332.000000,-5.420000,24.000000,22.000000,0.000000,0.000000,1.000000,0.000000,0.540000,-0.020000
59.626999,328.000000,328.000000,-5.030000,24.000000,22.000000,0.000000,0.000000,1.000000,0.000000,0.500000,-0.080000
59.632000,312.000000,312.000000,-4.550000,22.000000,22.000000,0.000000,0.000000,1.000000,0.000000,0.450000,-0.100000
59.637001,291.000000,291.000000,-4.250000,22.000000,22.000000,0.000000,0.000000,1.000000,0.000000,0.420000,-0.060000
59.641998,278.000000,278.000000,-4.020000,24.000000,22.000000,0.000000,0.000000,1.000000,0.000000,0.400000,-0.050000
59.646999,268.000000,268.000000,-3.560000,24.000000,22.000000,0.000000,0.000000,1.000000,0.000000,0.360000,-0.090000
59.652000,243.000000,243.000000,-3.120000,22.000000,22.000000,0.000000,0.000000,1.000000,0.000000,0.310000,-0.090000
59.657001,216.000000,216.000000,-2.820000,22.000000,22.000000,0.000000,0.000000,1.000000,0.000000,0.280000,-0.060000
59.661999,198.000000,198.000000,-2.550000,24.000000,22.000000,0.000000,0.000000,1.000000,0.000000,0.260000,-0.050000
59.667000,181.000000,181.000000,-2.110000,24.000000,22.000000,0.000000,0.000000,1.000000,0.000000,0.210000,-0.090000
59.672001,151.000000,151.000000,-1.580000,20.000000,20.000000,0.000000,0.000000,1.000000,0.000000,0.160000,-0.100000
59.676998,115.000000,115.000000,-1.330000,20.000000,20.000000,0.000000,0.000000,1.000000,0.000000,0.130000,-0.050000
59.681999,98.000000,98.000000,-0.880000,20.000000,20.000000,0.000000,0.000000,1.000000,0.000000,0.090000,-0.090000
59.687000,65.000000,65.000000,-0.610000,20.000000,20.000000,0.000000,0.000000,1.000000,0.000000,0.060000,-0.060000
59.692001,45.000000,45.000000,-0.080000,16.000000,18.000000,0.000000,0.000000,1.000000,0.000000,0.010000,-0.110000
59.696999,4.000000,4.000000,0.220000,16.000000,18.000000,0.000000,0.000000,1.000000,0.000000,-0.020000,-0.060000
59.702000,-18.000000,-18.000000,0.700000,14.000000,14.000000,0.000000,0.000000,1.000000,0.000000,-0.070000,-0.100000
59.707001,-56.000000,-56.000000,1.020000,14.000000,14.000000,0.000000,0.000000,1.000000,0.000000,-0.100000,-0.070000
59.712002,-81.000000,-81.000000,1.340000,14.000000,12.000000,0.000000,0.000000,1.000000,0.000000,-0.130000,-0.060000
59.716999,-106.000000,-106.000000,1.700000,14.000000,12.000000,0.000000,0.000000,1.000000,0.000000,-0.170000,-0.070000
59.722000,-134.000000,-134.000000,2.010000,8.000000,8.000000,0.000000,0.000000,1.000000,0.000000,-0.200000,-0.060000
59.727001,-158.000000,-158.000000,2.280000,8.000000,8.000000,0.000000,0.000000,1.000000,0.000000,-0.230000,-0.050000
59.731998,-179.000000,-179.000000,2.380000,8.000000,8.000000,0.000000,0.000000,1.000000,0.000000,-0.240000,-0.020000
59.737000,-186.000000,-186.000000,2.710000,8.000000,8.000000,0.000000,0.000000,1.000000,0.000000,-0.270000,-0.070000
59.742001,-214.000000,-214.000000,2.910000,4.000000,2.000000,0.000000,0.000000,1.000000,0.000000,-0.290000,-0.040000
59.747002,-228.000000,-228.000000,3.140000,4.000000,2.000000,0.000000,0.000000,1.000000,0.000000,-0.310000,-0.050000
59.751999,-247.000000,-247.000000,3.200000,2.000000,2.000000,0.000000,0.000000,1.000000,0.000000,-0.320000,-0.010000
59.757000,-249.000000,-249.000000,3.400000,2.000000,2.000000,0.000000,0.000000,1.000000,0.000000,-0.340000,-0.040000
59.762001,-267.000000,-267.000000,3.660000,-4.000000,-2.000000,0.000000,0.000000,1.000000,0.000000,-0.370000,-0.050000
59.766998,-289.000000,-289.000000,3.800000,-4.000000,-2.000000,0.000000,0.000000,1.000000,0.000000,-0.380000,-0.030000
59.771999,-299.000000,-299.000000,3.710000,-2.000000,-2.000000,0.000000,0.000000,1.000000,0.000000,-0.370000,0.020000
59.777000,-287.000000,-287.000000,3.670000,-2.000000,-2.000000,0.000000,0.000000,1.000000,0.000000,-0.370000,0.010000
59.782001,-285.000000,-285.000000,3.890000,-8.000000,-8.000000,0.000000,0.000000,1.000000,0.000000,-0.390000,-0.040000
59.786999,-309.000000,-309.000000,3.910000,-8.000000,-8.000000,0.000000,0.000000,1.000000,0.000000,-0.390000,0.000000
59.792000,-307.000000,-307.000000,3.720000,-6.000000,-6.000000,0.000000,0.000000,1.000000,0.000000,-0.370000,0.040000
59.797001,-286.000000,-286.000000,3.430000,-6.000000,-6.000000,0.000000,0.000000,1.000000,0.000000,-0.340000,0.060000
59.801998,-260.000000,-260.000000,3.430000,-10.000000,-12.000000,0.000000,0.000000,1.000000,0.000000,-0.340000,0.000000
59.806999,-265.000000,-265.000000,3.320000,-10.000000,-12.000000,0.000000,0.000000,1.000000,0.000000,-0.330000,0.020000
59.812000,-255.000000,-255.000000,3.230000,-10.000000,-10.000000,0.000000,0.000000,1.000000,0.000000,-0.320000,0.020000
59.817001,-248.000000,-248.000000,2.960000,-10.000000,-10.000000,0.000000,0.000000,1.000000,0.000000,-0.300000,0.050000
59.821999,-225.000000,-225.000000,2.770000,-12.000000,-14.000000,0.000000,0.000000,1.000000,0.000000,-0.280000,0.040000
59.827000,-211.000000,-211.000000,2.620000,-12.000000,-14.000000,0.000000,0.000000,1.000000,0.000000,-0.260000,0.030000
59.832001,-201.000000,-201.000000,2.300000,-10.000000,-12.000000,0.000000,0.000000,1.000000,0.000000,-0.230000,0.060000
59.837002,-174.000000,-174.000000,2.160000,-10.000000,-12.000000,0.000000,0.000000,1.000000,0.000000,-0.220000,0.030000
59.841999,-166.000000,-166.000000,2.040000,-12.000000,-14.000000,0.000000,0.000000,1.000000,0.000000,-0.200000,0.020000
59.847000,-157.000000,-157.000000,1.960000,-12.000000,-14.000000,0.000000,0.000000,1.000000,0.000000,-0.200000,0.020000
59.852001,-151.000000,-151.000000,1.660000,-12.000000,-12.000000,0.000000,0.000000,1.000000,0.000000,-0.170000,0.060000
59.856998,-126.000000,-126.000000,1.530000,-12.000000,-12.000000,0.000000,0.000000,1.000000,0.000000,-0.150000,0.020000
59.862000,-118.000000,-118.000000,1.300000,-12.000000,-14.000000,0.000000,0.000000,1.000000,0.000000,-0.130000,0.050000
59.867001,-99.000000,-99.000000,1.280000,-12.000000,-14.000000,0.000000,0.000000,1.000000,0.000000,-0.130000,0.000000
59.872002,-100.000000,-100.000000,1.160000,-10.000000,-12.000000,0.000000,0.000000,1.000000,0.000000,-0.120000,0.030000
59.876999,-89.000000,-89.000000,1.170000,-10.000000,-12.000000,0.000000,0.000000,1.000000,0.000000,-0.120000,0.000000
59.882000,-91.000000,-91.000000,1.020000,-12.000000,-12.000000,0.000000,0.000000,1.000000,0.000000,-0.100000,0.030000
59.887001,-78.000000,-78.000000,0.980000,-12.000000,-12.000000,0.000000,0.000000,1.000000,0.000000,-0.100000,0.010000
59.891998,-76.000000,-76.000000,0.850000,-10.000000,-10.000000,0.000000,0.000000,1.000000,0.000000,-0.080000,0.030000
59.896999,-65.000000,-65.000000,0.900000,-10.000000,-10.000000,0.000000,0.000000,1.000000,0.000000,-0.090000,-0.010000
59.902000,-70.000000,-70.000000,0.820000,-10.000000,-10.000000,0.000000,0.000000,1.000000,0.000000,-0.080000,0.020000
59.907001,-64.000000,-64.000000,0.820000,-10.000000,-10.000000,0.000000,0.000000,1.000000,0.000000,-0.080000,0.000000
59.911999,-64.000000,-64.000000,0.710000,-6.000000,-8.000000,0.000000,0.000000,1.000000,0.000000,-0.070000,0.020000
59.917000,-55.000000,-55.000000,0.820000,-6.000000,-8.000000,0.000000,0.000000,1.000000,0.000000,-0.080000,-0.020000
59.922001,-64.000000,-64.000000,0.690000,-8.000000,-8.000000,0.000000,0.000000,1.000000,0.000000,-0.070000,0.030000
59.926998,-54.000000,-54.000000,0.680000,-8.000000,-8.000000,0.000000,0.000000,1.000000,0.000000,-0.070000,0.000000
59.931999,-53.000000,-53.000000,0.630000,-6.000000,-6.000000,0.000000,0.000000,1.000000,0.000000,-0.060000,0.010000
59.937000,-49.000000,-49.000000,0.750000,-6.000000,-6.000000,0.000000,0.000000,1.000000,0.000000,-0.080000,-0.020000
59.942001,-59.000000,-59.000000,0.730000,-6.000000,-6.000000,0.000000,0.000000,1.000000,0.000000,-0.070000,0.010000
59.946999,-57.000000,-57.000000,0.770000,-6.000000,-6.000000,0.000000,0.000000,1.000000,0.000000,-0.080000,-0.010000
59.952000,-61.000000,-61.000000,0.790000,-6.000000,-6.000000,0.000000,0.000000,1.000000,0.000000,-0.080000,0.000000
59.957001,-62.000000,-62.000000,0.980000,-6.000000,-6.000000,0.000000,0.000000,1.000000,0.000000,-0.100000,-0.040000
59.962002,-77.000000,-77.000000,1.050000,-6.000000,-8.000000,0.000000,0.000000,1.000000,0.000000,-0.100000,-0.010000
59.966999,-82.000000,-82.000000,1.210000,-6.000000,-8.000000,0.000000,0.000000,1.000000,0.000000,-0.120000,-0.030000
59.972000,-95.000000,-95.000000,1.290000,-4.000000,-4.000000,0.000000,0.000000,1.000000,0.000000,-0.130000,-0.010000
59.977001,-100.000000,-100.000000,1.420000,-4.000000,-4.000000,0.000000,0.000000,1.000000,0.000000,-0.140000,-0.030000
59.981998,-111.000000,-111.000000,1.390000,-6.000000,-6.000000,0.000000,0.000000,1.000000,0.000000,-0.140000,0.010000
59.987000,-108.000000,-108.000000,1.490000,-6.000000,-6.000000,0.000000,0.000000,1.000000,0.000000,-0.150000,-0.020000
59.992001,-116.000000,-116.000000,1.510000,-6.000000,-4.000000,0.000000,0.000000,1.000000,0.000000,-0.150000,0.000000
59.997002,-117.000000,-117.000000,1.630000,-6.000000,-4.000000,0.000000,0.000000,1.000000,0.000000,-0.160000,-0.020000
60.001999,-127.000000,-127.000000,1.700000,-6.000000,-8.000000,0.000000,0.000000,1.000000,0.000000,-0.170000,-0.010000
60.007000,-132.000000,-132.000000,1.760000,-6.000000,-8.000000,0.000000,0.000000,1.000000,0.000000,-0.180000,-0.010000
60.012001,-137.000000,-137.000000,1.660000,-6.000000,-6.000000,0.000000,0.000000,1.000000,0.000000,-0.170000,0.020000
60.016998,-128.000000,-128.000000,1.820000,-6.000000,-6.000000,0.000000,0.000000,1.000000,0.000000,-0.180000,-0.030000
60.021999,-142.000000,-142.000000,1.810000,-8.000000,-8.000000,0.000000,0.000000,1.000000,0.000000,-0.180000,0.000000
60.027000,-140.000000,-140.000000,1.890000,-8.000000,-8.000000,0.000000,0.000000,1.000000,0.000000,-0.190000,-0.020000
60.032001,-147.000000,-147.000000,1.820000,-6.000000,-6.000000,0.000000,0.000000,1.000000,0.000000,-0.180000,0.010000
60.036999,-140.000000,-140.000000,1.880000,-6.000000,-6.000000,0.000000,0.000000,1.000000,0.000000,-0.190000,-0.010000
60.042000,-146.000000,-146.000000,1.770000,-8.000000,-8.000000,0.000000,0.000000,1.000000,0.000000,-0.180000,0.020000
60.047001,-136.000000,-136.000000,1.760000,-8.000000,-8.000000,0.000000,0.000000,1.000000,0.000000,-0.180000,0.000000
60.051998,-137.000000,-137.000000,1.590000,-8.000000,-6.000000,0.000000,0.000000,1.000000,0.000000,-0.160000,0.030000
60.056999,-122.000000,-122.000000,1.560000,-8.000000,-6.000000,0.000000,0.000000,1.000000,0.000000,-0.160000,0.010000
60.062000,-121.000000,-121.000000,1.420000,-8.000000,-8.000000,0.000000,0.000000,1.000000,0.000000,-0.140000,0.030000
60.067001,-109.000000,-109.000000,1.350000,-8.000000,-8.000000,0.000000,0.000000,1.000000,0.000000,-0.140000,0.010000
60.071999,-104.000000,-104.000000,1.150000,-8.000000,-8.000000,0.000000,0.000000,1.000000,0.000000,-0.120000,0.040000
60.077000,-88.000000,-88.000000,1.110000,-8.000000,-8.000000,0.000000,0.000000,1.000000,0.000000,-0.110000,0.010000
60.082001,-86.000000,-86.000000,0.920000,-8.000000,-8.000000,0.000000,0.000000,1.000000,0.000000,-0.090000,0.040000
60.087002,-71.000000,-71.000000,0.850000,-8.000000,-8.000000,0.000000,0.000000,1.000000,0.000000,-0.090000,0.010000
60.091999,-66.000000,-66.000000,0.660000,-8.000000,-6.000000,0.000000,0.000000,1.000000,0.000000,-0.070000,0.040000
60.097000,-50.000000,-50.000000,0.560000,-8.000000,-6.000000,0.000000,0.000000,1.000000,0.000000,-0.060000,0.020000
60.102001,-43.000000,-43.000000,0.400000,-8.000000,-8.000000,0.000000,0.000000,1.000000,0.000000,-0.040000,0.030000
60.106998,-31.000000,-31.000000,0.310000,-8.000000,-8.000000,0.000000,0.000000,1.000000,0.000000,-0.030000,0.020000
60.112000,-24.000000,-24.000000,0.130000,-6.000000,-6.000000,0.000000,0.000000,1.000000,0.000000,-0.010000,0.040000
60.117001,-10.000000,-10.000000,0.020000,-6.000000,-6.000000,0.000000,0.000000,1.000000,0.000000,0.000000,0.020000
60.122002,-2.000000,-2.000000,-0.140000,-6.000000,-4.000000,0.000000,0.000000,1.000000,0.000000,0.010000,0.030000
60.126999,11.000000,11.000000,-0.270000,-6.000000,-4.000000,0.000000,0.000000,1.000000,0.000000,0.030000,0.030000
60.132000,21.000000,21.000000,-0.420000,-4.000000,-4.000000,0.000000,0.000000,1.000000,0.000000,0.040000,0.030000
60.137001,32.000000,32.000000,-0.630000,-4.000000,-4.000000,0.000000,0.000000,1.000000,0.000000,0.060000,0.040000
60.141998,47.000000,47.000000,-0.760000,-2.000000,-2.000000,0.000000,0.000000,1.000000,0.000000,0.080000,0.030000
60.146999,57.000000,57.000000,-0.920000,-2.000000,-2.000000,0.000000,0.000000,1.000000,0.000000,0.090000,0.030000
60.152000,69.000000,69.000000,-1.020000,-2.000000,-2.000000,0.000000,0.000000,1.000000,0.000000,0.100000,0.020000
60.157001,76.000000,76.000000,-1.280000,-2.000000,-2.000000,0.000000,0.000000,1.000000,0.000000,0.130000,0.050000
60.161999,95.000000,95.000000,-1.430000,0.000000,0.000000,0.000000,0.000000,1.000000,0.000000,0.140000,0.030000
60.167000,105.000000,105.000000,-1.620000,0.000000,0.000000,0.000000,0.000000,1.000000,0.000000,0.160000,0.040000
60.172001,118.000000,118.000000,-1.710000,0.000000,0.000000,0.000000,0.000000,1.000000,0.000000,0.170000,0.020000
60.176998,125.000000,125.000000,-1.940000,0.000000,0.000000,0.000000,0.000000,1.000000,0.000000,0.190000,0.050000
60.181999,140.000000,140.000000,-2.040000,2.000000,2.000000,0.000000,0.000000,1.000000,0.000000,0.200000,0.020000
60.187000,148.000000,148.000000,-2.120000,2.000000,2.000000,0.000000,0.000000,1.000000,0.000000,0.210000,0.020000
60.192001,153.000000,153.000000,-2.100000,2.000000,2.000000,0.000000,0.000000,1.000000,0.000000,0.210000,0.000000
60.196999,152.000000,152.000000,-2.360000,2.000000,2.000000,0.000000,0.000000,1.000000,0.000000,0.240000,0.050000
60.202000,169.000000,169.000000,-2.450000,6.000000,4.000000,0.000000,0.000000,1.000000,0.000000,0.240000,0.020000
60.207001,175.000000,175.000000,-2.680000,6.000000,4.000000,0.000000,0.000000,1.000000,0.000000,0.270000,0.050000
60.212002,190.000000,190.000000,-2.700000,4.000000,6.000000,0.000000,0.000000,1.000000,0.000000,0.270000,0.000000
60.216999,192.000000,192.000000,-2.860000,4.000000,6.000000,0.000000,0.000000,1.000000,0.000000,0.290000,0.030000
60.222000,202.000000,202.000000,-2.890000,8.000000,8.000000,0.000000,0.000000,1.000000,0.000000,0.290000,0.010000
60.227001,204.000000,204.000000,-3.010000,8.000000,8.000000,0.000000,0.000000,1.000000,0.000000,0.300000,0.020000
60.231998,211.000000,211.000000,-2.830000,8.000000,6.000000,0.000000,0.000000,1.000000,0.000000,0.280000,-0.040000
60.237000,199.000000,199.000000,-2.830000,8.000000,6.000000,0.000000,0.000000,1.000000,0.000000,0.280000,0.000000
60.242001,200.000000,200.000000,-2.850000,10.000000,8.000000,0.000000,0.000000,1.000000,0.000000,0.280000,0.000000
60.247002,201.000000,201.000000,-2.840000,10.000000,8.000000,0.000000,0.000000,1.000000,0.000000,0.280000,0.000000
60.251999,200.000000,200.000000,-2.560000,8.000000,8.000000,0.000000,0.000000,1.000000,0.000000,0.260000,-0.060000
60.257000,181.000000,181.000000,-2.410000,8.000000,8.000000,0.000000,0.000000,1.000000,0.000000,0.240000,-0.030000
60.262001,172.000000,172.000000,-2.240000,12.000000,10.000000,0.000000,0.000000,1.000000,0.000000,0.220000,-0.040000
60.266998,160.000000,160.000000,-2.060000,12.000000,10.000000,0.000000,0.000000,1.000000,0.000000,0.210000,-0.030000
60.271999,149.000000,149.000000,-1.740000,10.000000,10.000000,0.000000,0.000000,1.000000,0.000000,0.170000,-0.070000
60.277000,126.000000,126.000000,-1.540000,10.000000,10.000000,0.000000,0.000000,1.000000,0.000000,0.150000,-0.040000
60.282001,112.000000,112.000000,-1.220000,10.000000,10.000000,0.000000,0.000000,1.000000,0.000000,0.120000,-0.060000
60.286999,90.000000,90.000000,-0.950000,10.000000,10.000000,0.000000,0.000000,1.000000,0.000000,0.090000,-0.050000
60.292000,70.000000,70.000000,-0.550000,10.000000,10.000000,0.000000,0.000000,1.000000,0.000000,0.050000,-0.080000
60.297001,40.000000,40.000000,-0.410000,10.000000,10.000000,0.000000,0.000000,1.000000,0.000000,0.040000,-0.030000
60.301998,31.000000,31.000000,-0.060000,10.000000,10.000000,0.000000,0.000000,1.000000,0.000000,0.010000,-0.070000
60.306999,4.000000,4.000000,0.210000,10.000000,10.000000,0.000000,0.000000,1.000000,0.000000,-0.020000,-0.050000
60.312000,-17.000000,-17.000000,0.530000,8.000000,6.000000,0.000000,0.000000,1.000000,0.000000,-0.050000,-0.060000
60.317001,-42.000000,-42.000000,0.800000,8.000000,6.000000,0.000000,0.000000,1.000000,0.000000,-0.080000,-0.050000
60.321999,-63.000000,-63.000000,0.980000,6.000000,6.000000,0.000000,0.000000,1.000000,0.000000,-0.100000,-0.040000
60.327000,-77.000000,-77.000000,1.160000,6.000000,6.000000,0.000000,0.000000,1.000000,0.000000,-0.120000,-0.040000
60.332001,-91.000000,-91.000000,1.290000,4.000000,4.000000,0.000000,0.000000,1.000000,0.000000,-0.130000,-0.030000
60.337002,-101.000000,-101.000000,1.560000,4.000000,4.000000,0.000000,0.000000,1.000000,0.000000,-0.160000,-0.050000
60.341999,-122.000000,-122.000000,1.600000,2.000000,0.000000,0.000000,0.000000,1.000000,0.000000,-0.160000,-0.010000
60.347000,-124.000000,-124.000000,1.760000,2.000000,0.000000,0.000000,0.000000,1.000000,0.000000,-0.180000,-0.030000
60.352001,-137.000000,-137.000000,1.810000,2.000000,2.000000,0.000000,0.000000,1.000000,0.000000,-0.180000,-0.010000
60.356998,-141.000000,-141.000000,1.900000,2.000000,2.000000,0.000000,0.000000,1.000000,0.000000,-0.190000,-0.020000
60.362000,-148.000000,-148.000000,1.760000,-2.000000,-2.000000,0.000000,0.000000,1.000000,0.000000,-0.180000,0.030000
60.367001,-135.000000,-135.000000,1.620000,-2.000000,-2.000000,0.000000,0.000000,1.000000,0.000000,-0.160000,0.030000
60.372002,-124.000000,-124.000000,1.450000,-2.000000,0.000000,0.000000,0.000000,1.000000,0.000000,-0.140000,0.030000
60.376999,-111.000000,-111.000000,1.410000,-2.000000,0.000000,0.000000,0.000000,1.000000,0.000000,-0.140000,0.010000
60.382000,-109.000000,-109.000000,1.390000,-4.000000,-4.000000,0.000000,0.000000,1.000000,0.000000,-0.140000,0.000000
60.387001,-107.000000,-107.000000,1.290000,-4.000000,-4.000000,0.000000,0.000000,1.000000,0.000000,-0.130000,0.020000
60.391998,-99.000000,-99.000000,0.990000,-2.000000,-4.000000,0.000000,0.000000,1.000000,0.000000,-0.100000,0.060000
60.396999,-75.000000,-75.000000,0.950000,-2.000000,-4.000000,0.000000,0.000000,1.000000,0.000000,-0.090000,0.010000
60.402000,-74.000000,-74.000000,0.850000,-6.000000,-6.000000,0.000000,0.000000,1.000000,0.000000,-0.090000,0.020000
60.407001,-66.000000,-66.000000,0.930000,-6.000000,-6.000000,0.000000,0.000000,1.000000,0.000000,-0.090000,-0.010000
60.411999,-72.000000,-72.000000,0.820000,-4.000000,-2.000000,0.000000,0.000000,1.000000,0.000000,-0.080000,0.020000
60.417000,-63.000000,-63.000000,0.850000,-4.000000,-2.000000,0.000000,0.000000,1.000000,0.000000,-0.080000,-0.010000
60.422001,-66.000000,-66.000000,0.860000,-4.000000,-6.000000,0.000000,0.000000,1.000000,0.000000,-0.090000,0.000000
60.426998,-67.000000,-67.000000,1.000000,-4.000000,-6.000000,0.000000,0.000000,1.000000,0.000000,-0.100000,-0.030000
60.431999,-79.000000,-79.000000,1.070000,-4.000000,-2.000000,0.000000,0.000000,1.000000,0.000000,-0.110000,-0.010000
60.437000,-84.000000,-84.000000,1.300000,-4.000000,-2.000000,0.000000,0.000000,1.000000,0.000000,-0.130000,-0.050000
60.442001,-102.000000,-102.000000,1.510000,-6.000000,-6.000000,0.000000,0.000000,1.000000,0.000000,-0.150000,-0.040000
60.446999,-118.000000,-118.000000,1.780000,-6.000000,-6.000000,0.000000,0.000000,1.000000,0.000000,-0.180000,-0.050000
60.452000,-139.000000,-139.000000,1.940000,-4.000000,-4.000000,0.000000,0.000000,1.000000,0.000000,-0.190000,-0.030000
60.457001,-151.000000,-151.000000,2.260000,-4.000000,-4.000000,0.000000,0.000000,1.000000,0.000000,-0.230000,-0.060000
60.462002,-178.000000,-178.000000,2.670000,-4.000000,-6.000000,0.000000,0.000000,1.000000,0.000000,-0.270000,-0.080000
60.466999,-212.000000,-212.000000,3.070000,-4.000000,-6.000000,0.000000,0.000000,1.000000,0.000000,-0.310000,-0.080000
60.472000,-243.000000,-243.000000,3.270000,-4.000000,-6.000000,0.000000,0.000000,1.000000,0.000000,-0.330000,-0.040000
60.477001,-256.000000,-256.000000,3.580000,-4.000000,-6.000000,0.000000,0.000000,1.000000,0.000000,-0.360000,-0.060000
60.481998,-284.000000,-284.000000,4.170000,-8.000000,-8.000000,0.000000,0.000000,1.000000,0.000000,-0.420000,-0.120000
60.487000,-342.000000,-342.000000,4.660000,-8.000000,-8.000000,0.000000,0.000000,1.000000,0.000000,-0.470000,-0.100000
60.492001,-384.000000,-384.000000,5.040000,-8.000000,-8.000000,0.000000,0.000000,1.000000,0.000000,-0.500000,-0.080000
60.497002,-417.000000,-417.000000,5.400000,-8.000000,-8.000000,0.000000,0.000000,1.000000,0.000000,-0.540000,-0.070000
60.501999,-450.000000,-450.000000,5.710000,-12.000000,-12.000000,0.000000,0.000000,1.000000,0.000000,-0.570000,-0.060000
60.507000,-478.000000,-478.000000,5.830000,-12.000000,-12.000000,0.000000,0.000000,1.000000,0.000000,-0.580000,-0.030000
60.512001,-485.000000,-485.000000,5.880000,-12.000000,-12.000000,0.000000,0.000000,1.000000,0.000000,-0.590000,-0.010000
60.516998,-487.000000,-487.000000,5.850000,-12.000000,-12.000000,0.000000,0.000000,1.000000,0.000000,-0.590000,0.010000
60.521999,-483.000000,-483.000000,5.870000,-16.000000,-16.000000,0.000000,0.000000,1.000000,0.000000,-0.590000,0.000000
60.527000,-486.000000,-486.000000,5.730000,-16.000000,-16.000000,0.000000,0.000000,1.000000,0.000000,-0.570000,0.030000
60.532001,-468.000000,-468.000000,5.550000,-18.000000,-16.000000,0.000000,0.000000,1.000000,0.000000,-0.550000,0.040000
60.536999,-450.000000,-450.000000,5.370000,-18.000000,-16.000000,0.000000,0.000000,1.000000,0.000000,-0.540000,0.040000
60.542000,-434.000000,-434.000000,5.170000,-22.000000,-20.000000,0.000000,0.000000,1.000000,0.000000,-0.520000,0.040000
60.547001,-414.000000,-414.000000,4.800000,-22.000000,-20.000000,0.000000,0.000000,1.000000,0.000000,-0.480000,0.070000
60.551998,-377.000000,-377.000000,4.030000,-22.000000,-22.000000,0.000000,0.000000,1.000000,0.000000,-0.400000,0.160000
60.556999,-300.000000,-300.000000,3.370000,-22.000000,-22.000000,0.000000,0.000000,1.000000,0.000000,-0.340000,0.130000
60.562000,-249.000000,-249.000000,2.830000,-22.000000,-24.000000,0.000000,0.000000,1.000000,0.000000,-0.280000,0.110000
60.567001,-211.000000,-211.000000,1.970000,-22.000000,-24.000000,0.000000,0.000000,1.000000,0.000000,-0.200000,0.170000
60.571999,-143.000000,-143.000000,1.080000,-22.000000,-20.000000,0.000000,0.000000,1.000000,0.000000,-0.110000,0.180000
60.577000,-78.000000,-78.000000,0.350000,-22.000000,-20.000000,0.000000,0.000000,1.000000,0.000000,-0.030000,0.150000
60.582001,-25.000000,-25.000000,-0.570000,-22.000000,-22.000000,0.000000,0.000000,1.000000,0.000000,0.060000,0.180000
60.587002,44.000000,44.000000,-1.390000,-22.000000,-22.000000,0.000000,0.000000,1.000000,0.000000,0.140000,0.160000
60.591999,102.000000,102.000000,-2.420000,-18.000000,-18.000000,0.000000,0.000000,1.000000,0.000000,0.240000,0.200000
60.597000,172.000000,172.000000,-3.370000,-18.000000,-18.000000,0.000000,0.000000,1.000000,0.000000,0.340000,0.190000
60.602001,235.000000,235.000000,-4.150000,-14.000000,-14.000000,0.000000,0.000000,1.000000,0.000000,0.410000,0.150000
60.606998,276.000000,276.000000,-4.910000,-14.000000,-14.000000,0.000000,0.000000,1.000000,0.000000,0.490000,0.150000
60.612000,310.000000,310.000000,-5.440000,-12.000000,-10.000000,0.000000,0.000000,1.000000,0.000000,0.540000,0.110000
60.617001,331.000000,331.000000,-6.070000,-12.000000,-10.000000,0.000000,0.000000,1.000000,0.000000,0.610000,0.130000
60.622002,353.000000,353.000000,-6.740000,-4.000000,-4.000000,0.000000,0.000000,1.000000,0.000000,0.670000,0.130000
60.626999,373.000000,373.000000,-7.140000,-4.000000,-4.000000,0.000000,0.000000,1.000000,0.000000,0.710000,0.080000
60.632000,383.000000,383.000000,-7.310000,-2.000000,-4.000000,0.000000,0.000000,1.000000,0.000000,0.730000,0.030000
60.637001,387.000000,387.000000,-7.630000,-2.000000,-4.000000,0.000000,0.000000,1.000000,0.000000,0.760000,0.060000
60.641998,400.000000,400.000000,-7.890000,4.000000,4.000000,0.000000,0.000000,1.000000,0.000000,0.790000,0.050000
60.646999,409.000000,409.000000,-8.070000,4.000000,4.000000,0.000000,0.000000,1.000000,0.000000,0.810000,0.040000
60.652000,415.000000,415.000000,-7.980000,6.000000,4.000000,0.000000,0.000000,1.000000,0.000000,0.800000,-0.020000
60.657001,411.000000,411.000000,-7.800000,6.000000,4.000000,0.000000,0.000000,1.000000,0.000000,0.780000,-0.040000
60.661999,404.000000,404.000000,-7.840000,10.000000,10.000000,0.000000,0.000000,1.000000,0.000000,0.780000,0.010000
